2026-10-08T13:45:56.444329583Z DEBUG omega::metal::placements_execute_named: chunk_phase step=0 chunk=1 phase=scheduled start_raw_s=672583.9501755 end_raw_s=672583.9501755
2026-10-08T13:45:56.288844625Z DEBUG omega::metal::placements_execute_named: step_phase step=0 phase=prepare start_raw_s=672583.773960583 end_raw_s=672583.794696041
2026-10-08T13:45:56.342157125Z DEBUG omega::metal::placements_execute_named: step_phase step=0 phase=pre_encode start_raw_s=672583.795293875 end_raw_s=672583.848008875
2026-10-08T13:45:56.348349500Z DEBUG omega::metal::placements_execute_named: chunk_phase step=0 chunk=1 phase=encode start_raw_s=672583.848008875 end_raw_s=672583.854164125
2026-10-08T13:45:56.348349916Z DEBUG omega::metal::placements_execute_named: chunk_phase step=0 chunk=1 phase=commit start_raw_s=672583.854166416 end_raw_s=672583.854200541
2026-10-08T13:45:57.028372583Z DEBUG omega::metal::placements_execute_named: token_breakdown_gpu commit_call_ms=0.034125 commit_to_gpu_start_ms=96.05020901653916 gpu_busy_ms=583.824250032194 gpu_end_to_wait_return_ms=0.13666595126687753 sum_ms=680.04525 final_commit_to_wait_ms=680.04525 gpu_start_raw_s=672583.950216625 gpu_end_raw_s=672584.534040875 commit_call_start_raw_s=672583.854166416 wait_return_extra_ms=680.009084 chunks=1 first_commit_to_first_gpu_start_ms=96.05020901653916 encode_overlap_ms=0
2026-10-08T13:45:57.028375541Z DEBUG omega::metal::placements_execute_named: chunk_record step=0 plan_shape=prefill chunk=1 chunk_count=1 op_first=0 op_last=841 encode_start_ms=0 encode_end_ms=6.155208 commit_at_ms=6.157541 commit_ms=0.034125 gpu_start_ms=102.20774996560067 gpu_end_ms=686.0319999977946 commit_to_gpu_start_ms=96.05020896560067 gpu_idle_before_ms=102.20774996560067
2026-10-08T13:45:57.028402875Z DEBUG proxima_model_interop::generate::decode: token_breakdown_argmax_split step=0 scan_ms=0 debug_ms=0
2026-10-08T13:45:57.028403541Z DEBUG proxima_model_interop::generate::decode: token_breakdown_gaps step=0 root_select_ms=0.193833 post_evaluate_ms=0.001791 pre_logits_ms=0.002708 checksum_ms=0.000041 fetch_ms=0.001208 argmax_ms=0.000666 logits_hash_ms=0
2026-10-08T13:45:57.028406833Z INFO proxima_model_interop::generate::load_model: token_breakdown: per-decode-step wall-clock attribution step=0 new_count=971 cached_len_before=0 step_wall_ms=768.761041 apply_serving_config_ms=0.000083 build_position_inputs_ms=2.213375 named_blocks_weights_ms=5.941291 named_blocks_kv_ms=5.937541 kv_cache_upload_bytes=18874368 ssm_state_transfer_bytes=0 evaluate_ms=760.403708 layer_cache_append_ms=0.001 layer_cache_append_bytes=0 greedy_pick_ms=0.000916
2026-10-08T13:45:57.028459291Z INFO proxima_model_interop::generate::load_model: token_breakdown_metal: per-decode-step metal stage attribution step=0 prepare_calls=1 prepare_ms=20.735458 emit_calls=0 emit_ms=0 pipeline_hits=794 pipeline_misses=48 pipeline_compile_ms=42.475291 block_upload_calls=10 block_upload_ms=0 block_offered_bytes=333292132 block_copied_bytes=2990692 block_nocopy_bound_bytes=0 block_offset_bound_bytes=330301440 op_setup_calls=842 op_setup_ms=0.022541 pipeline_lookup_calls=0 pipeline_lookup_ms=0 encode_dispatch_calls=842 physical_dispatch_calls=842 encode_dispatch_ms=1.337833 gpu_exec_calls=1 gpu_exec_ms=680.045083 readback_calls=2 readback_ms=0.004291 readback_bytes=8 nocopy_uploads=0 copying_uploads=9 nocopy_reuses=0 resident_uploads=0 resident_reuses=0 mapping_offset_uploads=1 mapping_rebound_blocks=0 mapping_residency_rung=prefault expert_mapping_candidate_uploads=0 expert_mapping_missed_uploads=0 nocopy_cache_len=1 resident_cache_len=0 resident_cache_bytes=0 uniform_cache_len=0 phys_footprint_bytes=6022270976 device_allocated_bytes=3552755712 output_buffer_allocations=231 output_buffer_allocated_bytes=161141588 checkpoint_mapping_buffer_bytes=3349528576 expert_mapping_buffer_bytes=0 plan_uniform_writes=842 retire_scan_calls=1439 retire_scan_ms=0.103458 expert_buffers_lookup_calls=842 expert_buffers_lookup_ms=0.446958 placement_resolve_calls=842 placement_resolve_ms=2.243958 loop_head_calls=842 loop_head_ms=1.854 encoder_finish_ms=0.004375 pre_encode_calls=1 pre_encode_ms=52.715583 resolve_plan_ms=0 prepare_infer_ms=0.430291 prepare_validate_ms=0.115708 prepare_bind_ms=18.426208 prepare_optimize_ms=1.255041 prepare_retire_ms=0.503666 build_plan_uniforms_ms=2.213625 resolve_steps_ms=51.937875 uniform_buffer_allocations=842 barriers=0 barriers_raw=0 barriers_waw=0 barriers_war=0 barriers_waw_war_arena_recycled=0 barriers_waw_war_persistent=0 expert_source_cache_hits=0 expert_source_cache_misses=0 expert_source_cache_cold_misses=0 expert_source_cache_replacement_misses=0 expert_source_reuse_copy_bytes=0 expert_source_reuse_copy_ms=0 plan_cache_len=0 plan_hits=0 plan_misses=1 plan_refits=0 plan_arena_allocated_bytes=0 segment_arena_allocated_bytes=0 placed_arena_allocated_bytes=145170568 ablation=false kind_filter=
2026-10-08T13:45:57.028321583Z DEBUG omega::metal::placements_execute_named: chunk_phase step=0 chunk=1 phase=gpu start_raw_s=672583.950216625 end_raw_s=672584.534040875
2026-10-08T13:45:57.076975500Z DEBUG omega::metal::placements_execute_named: chunk_phase step=1 chunk=1 phase=scheduled start_raw_s=672584.582827041 end_raw_s=672584.582827041
2026-10-08T13:45:57.077083000Z DEBUG omega::metal::placements_execute_named: chunk_phase step=1 chunk=2 phase=scheduled start_raw_s=672584.5829345 end_raw_s=672584.5829345
2026-10-08T13:45:57.079124083Z DEBUG omega::metal::placements_execute_named: chunk_phase step=1 chunk=4 phase=gpu start_raw_s=672584.5841303751 end_raw_s=672584.5848480418
2026-10-08T13:45:57.079598166Z DEBUG omega::metal::placements_execute_named: chunk_phase step=1 chunk=8 phase=scheduled start_raw_s=672584.585449416 end_raw_s=672584.585449416
2026-10-08T13:45:57.077309625Z DEBUG omega::metal::placements_execute_named: chunk_phase step=1 chunk=3 phase=scheduled start_raw_s=672584.583159166 end_raw_s=672584.583159166
2026-10-08T13:45:57.077455583Z DEBUG omega::metal::placements_execute_named: chunk_phase step=1 chunk=1 phase=gpu start_raw_s=672584.5828956667 end_raw_s=672584.5832032501
2026-10-08T13:45:57.077581583Z DEBUG omega::metal::placements_execute_named: chunk_phase step=1 chunk=4 phase=scheduled start_raw_s=672584.583433416 end_raw_s=672584.583433416
2026-10-08T13:45:57.077833500Z DEBUG omega::metal::placements_execute_named: chunk_phase step=1 chunk=2 phase=gpu start_raw_s=672584.583227375 end_raw_s=672584.5835978751
2026-10-08T13:45:57.077945625Z DEBUG omega::metal::placements_execute_named: chunk_phase step=1 chunk=5 phase=scheduled start_raw_s=672584.583797666 end_raw_s=672584.583797666
2026-10-08T13:45:57.078334708Z DEBUG omega::metal::placements_execute_named: chunk_phase step=1 chunk=6 phase=scheduled start_raw_s=672584.584186625 end_raw_s=672584.584186625
2026-10-08T13:45:57.078352500Z DEBUG omega::metal::placements_execute_named: chunk_phase step=1 chunk=3 phase=gpu start_raw_s=672584.5836205 end_raw_s=672584.5841015
2026-10-08T13:45:57.078886541Z DEBUG omega::metal::placements_execute_named: chunk_phase step=1 chunk=7 phase=scheduled start_raw_s=672584.5847385 end_raw_s=672584.5847385
2026-10-08T13:45:57.080069416Z DEBUG omega::metal::placements_execute_named: chunk_phase step=1 chunk=5 phase=gpu start_raw_s=672584.584877875 end_raw_s=672584.585803125
2026-10-08T13:45:57.081493833Z DEBUG omega::metal::placements_execute_named: chunk_phase step=1 chunk=6 phase=gpu start_raw_s=672584.585832375 end_raw_s=672584.5872102501
2026-10-08T13:45:57.083751291Z DEBUG omega::metal::placements_execute_named: chunk_phase step=1 chunk=7 phase=gpu start_raw_s=672584.587247125 end_raw_s=672584.58943225
2026-10-08T13:45:57.088389750Z DEBUG omega::metal::placements_execute_named: chunk_phase step=2 chunk=2 phase=scheduled start_raw_s=672584.59424125 end_raw_s=672584.59424125
2026-10-08T13:45:57.088774833Z DEBUG omega::metal::placements_execute_named: chunk_phase step=2 chunk=4 phase=scheduled start_raw_s=672584.594626666 end_raw_s=672584.594626666
2026-10-08T13:45:57.089139708Z DEBUG omega::metal::placements_execute_named: chunk_phase step=2 chunk=2 phase=gpu start_raw_s=672584.5945273751 end_raw_s=672584.5948652917
2026-10-08T13:45:57.089424333Z DEBUG omega::metal::placements_execute_named: chunk_phase step=2 chunk=6 phase=scheduled start_raw_s=672584.595276083 end_raw_s=672584.595276083
2026-10-08T13:45:57.090323250Z DEBUG omega::metal::placements_execute_named: chunk_phase step=2 chunk=4 phase=gpu start_raw_s=672584.595363375 end_raw_s=672584.5960462501
2026-10-08T13:45:57.090513875Z DEBUG omega::metal::placements_execute_named: chunk_phase step=2 chunk=8 phase=scheduled start_raw_s=672584.596365625 end_raw_s=672584.596365625
2026-10-08T13:45:57.087695708Z DEBUG omega::metal::placements_execute_named: chunk_phase step=1 chunk=8 phase=gpu start_raw_s=672584.589471625 end_raw_s=672584.59340375
2026-10-08T13:45:57.088306916Z DEBUG omega::metal::placements_execute_named: chunk_phase step=2 chunk=1 phase=scheduled start_raw_s=672584.594158583 end_raw_s=672584.594158583
2026-10-08T13:45:57.088542416Z DEBUG omega::metal::placements_execute_named: chunk_phase step=2 chunk=3 phase=scheduled start_raw_s=672584.594394166 end_raw_s=672584.594394166
2026-10-08T13:45:57.088753541Z DEBUG omega::metal::placements_execute_named: chunk_phase step=2 chunk=1 phase=gpu start_raw_s=672584.594242 end_raw_s=672584.5945051251
2026-10-08T13:45:57.089047041Z DEBUG omega::metal::placements_execute_named: chunk_phase step=2 chunk=5 phase=scheduled start_raw_s=672584.594898791 end_raw_s=672584.594898791
2026-10-08T13:45:57.089602208Z DEBUG omega::metal::placements_execute_named: chunk_phase step=2 chunk=3 phase=gpu start_raw_s=672584.5948884167 end_raw_s=672584.595337125
2026-10-08T13:45:57.089900708Z DEBUG omega::metal::placements_execute_named: chunk_phase step=2 chunk=7 phase=scheduled start_raw_s=672584.595752458 end_raw_s=672584.595752458
2026-10-08T13:45:57.091218625Z DEBUG omega::metal::placements_execute_named: chunk_phase step=2 chunk=5 phase=gpu start_raw_s=672584.596078 end_raw_s=672584.59693825
2026-10-08T13:45:57.092541041Z DEBUG omega::metal::placements_execute_named: chunk_phase step=2 chunk=6 phase=gpu start_raw_s=672584.596967375 end_raw_s=672584.59829675
2026-10-08T13:45:57.094751916Z DEBUG omega::metal::placements_execute_named: chunk_phase step=2 chunk=7 phase=gpu start_raw_s=672584.5983261251 end_raw_s=672584.6004778751
2026-10-08T13:45:57.098823208Z DEBUG omega::metal::placements_execute_named: chunk_phase step=2 chunk=8 phase=gpu start_raw_s=672584.600518375 end_raw_s=672584.604545125
2026-10-08T13:45:57.099443416Z DEBUG omega::metal::placements_execute_named: chunk_phase step=3 chunk=2 phase=scheduled start_raw_s=672584.605295041 end_raw_s=672584.605295041
2026-10-08T13:45:57.099828458Z DEBUG omega::metal::placements_execute_named: chunk_phase step=3 chunk=1 phase=gpu start_raw_s=672584.605312 end_raw_s=672584.6055756251
2026-10-08T13:45:57.099835250Z DEBUG omega::metal::placements_execute_named: chunk_phase step=3 chunk=4 phase=scheduled start_raw_s=672584.605687208 end_raw_s=672584.605687208
2026-10-08T13:45:57.100210291Z DEBUG omega::metal::placements_execute_named: chunk_phase step=3 chunk=2 phase=gpu start_raw_s=672584.6056014167 end_raw_s=672584.6059402501
2026-10-08T13:45:57.100439750Z DEBUG omega::metal::placements_execute_named: chunk_phase step=3 chunk=6 phase=scheduled start_raw_s=672584.606291375 end_raw_s=672584.606291375
2026-10-08T13:45:57.101369041Z DEBUG omega::metal::placements_execute_named: chunk_phase step=3 chunk=4 phase=gpu start_raw_s=672584.60643875 end_raw_s=672584.6071250001
2026-10-08T13:45:57.101479833Z DEBUG omega::metal::placements_execute_named: chunk_phase step=3 chunk=8 phase=scheduled start_raw_s=672584.60733175 end_raw_s=672584.60733175
2026-10-08T13:45:57.099379666Z DEBUG omega::metal::placements_execute_named: chunk_phase step=3 chunk=1 phase=scheduled start_raw_s=672584.605231083 end_raw_s=672584.605231083
2026-10-08T13:45:57.099607791Z DEBUG omega::metal::placements_execute_named: chunk_phase step=3 chunk=3 phase=scheduled start_raw_s=672584.6054595 end_raw_s=672584.6054595
2026-10-08T13:45:57.100091166Z DEBUG omega::metal::placements_execute_named: chunk_phase step=3 chunk=5 phase=scheduled start_raw_s=672584.605942833 end_raw_s=672584.605942833
2026-10-08T13:45:57.100678333Z DEBUG omega::metal::placements_execute_named: chunk_phase step=3 chunk=3 phase=gpu start_raw_s=672584.6059641667 end_raw_s=672584.606412875
2026-10-08T13:45:57.100893833Z DEBUG omega::metal::placements_execute_named: chunk_phase step=3 chunk=7 phase=scheduled start_raw_s=672584.606745583 end_raw_s=672584.606745583
2026-10-08T13:45:57.102368041Z DEBUG omega::metal::placements_execute_named: chunk_phase step=3 chunk=5 phase=gpu start_raw_s=672584.607137875 end_raw_s=672584.608112
2026-10-08T13:45:57.103714875Z DEBUG omega::metal::placements_execute_named: chunk_phase step=3 chunk=6 phase=gpu start_raw_s=672584.608144 end_raw_s=672584.6094489167
2026-10-08T13:45:57.105982958Z DEBUG omega::metal::placements_execute_named: chunk_phase step=3 chunk=7 phase=gpu start_raw_s=672584.6094847501 end_raw_s=672584.6116972917
2026-10-08T13:45:57.110549875Z DEBUG omega::metal::placements_execute_named: chunk_phase step=4 chunk=2 phase=scheduled start_raw_s=672584.6164015 end_raw_s=672584.6164015
2026-10-08T13:45:57.110939125Z DEBUG omega::metal::placements_execute_named: chunk_phase step=4 chunk=4 phase=scheduled start_raw_s=672584.616791041 end_raw_s=672584.616791041
2026-10-08T13:45:57.111776625Z DEBUG omega::metal::placements_execute_named: chunk_phase step=4 chunk=3 phase=gpu start_raw_s=672584.6170525417 end_raw_s=672584.6175001251
2026-10-08T13:45:57.111930583Z DEBUG omega::metal::placements_execute_named: chunk_phase step=4 chunk=7 phase=scheduled start_raw_s=672584.61778225 end_raw_s=672584.61778225
2026-10-08T13:45:57.112468583Z DEBUG omega::metal::placements_execute_named: chunk_phase step=4 chunk=4 phase=gpu start_raw_s=672584.617527875 end_raw_s=672584.6182111667
2026-10-08T13:45:57.110002166Z DEBUG omega::metal::placements_execute_named: chunk_phase step=3 chunk=8 phase=gpu start_raw_s=672584.6117327918 end_raw_s=672584.6157410417
2026-10-08T13:45:57.110480708Z DEBUG omega::metal::placements_execute_named: chunk_phase step=4 chunk=1 phase=scheduled start_raw_s=672584.616332416 end_raw_s=672584.616332416
2026-10-08T13:45:57.110708791Z DEBUG omega::metal::placements_execute_named: chunk_phase step=4 chunk=3 phase=scheduled start_raw_s=672584.616560458 end_raw_s=672584.616560458
2026-10-08T13:45:57.110922083Z DEBUG omega::metal::placements_execute_named: chunk_phase step=4 chunk=1 phase=gpu start_raw_s=672584.6164179167 end_raw_s=672584.6166736668
2026-10-08T13:45:57.111179916Z DEBUG omega::metal::placements_execute_named: chunk_phase step=4 chunk=5 phase=scheduled start_raw_s=672584.617031416 end_raw_s=672584.617031416
2026-10-08T13:45:57.111303500Z DEBUG omega::metal::placements_execute_named: chunk_phase step=4 chunk=2 phase=gpu start_raw_s=672584.6166951667 end_raw_s=672584.6170310418
2026-10-08T13:45:57.111492458Z DEBUG omega::metal::placements_execute_named: chunk_phase step=4 chunk=6 phase=scheduled start_raw_s=672584.617344166 end_raw_s=672584.617344166
2026-10-08T13:45:57.112494166Z DEBUG omega::metal::placements_execute_named: chunk_phase step=4 chunk=8 phase=scheduled start_raw_s=672584.618346 end_raw_s=672584.618346
2026-10-08T13:45:57.113395083Z DEBUG omega::metal::placements_execute_named: chunk_phase step=4 chunk=5 phase=gpu start_raw_s=672584.6182388751 end_raw_s=672584.6191226251
2026-10-08T13:45:57.114736500Z DEBUG omega::metal::placements_execute_named: chunk_phase step=4 chunk=6 phase=gpu start_raw_s=672584.61915525 end_raw_s=672584.6204632501
2026-10-08T13:45:57.116948166Z DEBUG omega::metal::placements_execute_named: chunk_phase step=4 chunk=7 phase=gpu start_raw_s=672584.6204935 end_raw_s=672584.6226578751
2026-10-08T13:45:57.120967875Z DEBUG omega::metal::placements_execute_named: chunk_phase step=4 chunk=8 phase=gpu start_raw_s=672584.622699 end_raw_s=672584.6266909167
2026-10-08T13:45:57.121503000Z DEBUG omega::metal::placements_execute_named: chunk_phase step=5 chunk=1 phase=scheduled start_raw_s=672584.627354666 end_raw_s=672584.627354666
2026-10-08T13:45:57.121733541Z DEBUG omega::metal::placements_execute_named: chunk_phase step=5 chunk=3 phase=scheduled start_raw_s=672584.62758525 end_raw_s=672584.62758525
2026-10-08T13:45:57.121950958Z DEBUG omega::metal::placements_execute_named: chunk_phase step=5 chunk=1 phase=gpu start_raw_s=672584.627435875 end_raw_s=672584.6276931667
2026-10-08T13:45:57.121959250Z DEBUG omega::metal::placements_execute_named: chunk_phase step=5 chunk=4 phase=scheduled start_raw_s=672584.627811166 end_raw_s=672584.627811166
2026-10-08T13:45:57.122256375Z DEBUG omega::metal::placements_execute_named: chunk_phase step=5 chunk=5 phase=scheduled start_raw_s=672584.628108125 end_raw_s=672584.628108125
2026-10-08T13:45:57.122778166Z DEBUG omega::metal::placements_execute_named: chunk_phase step=5 chunk=3 phase=gpu start_raw_s=672584.6280705001 end_raw_s=672584.6285202501
2026-10-08T13:45:57.123119458Z DEBUG omega::metal::placements_execute_named: chunk_phase step=5 chunk=7 phase=scheduled start_raw_s=672584.628971208 end_raw_s=672584.628971208
2026-10-08T13:45:57.121577291Z DEBUG omega::metal::placements_execute_named: chunk_phase step=5 chunk=2 phase=scheduled start_raw_s=672584.627429041 end_raw_s=672584.627429041
2026-10-08T13:45:57.122302458Z DEBUG omega::metal::placements_execute_named: chunk_phase step=5 chunk=2 phase=gpu start_raw_s=672584.6277146251 end_raw_s=672584.628048375
2026-10-08T13:45:57.122629458Z DEBUG omega::metal::placements_execute_named: chunk_phase step=5 chunk=6 phase=scheduled start_raw_s=672584.628481208 end_raw_s=672584.628481208
2026-10-08T13:45:57.123494958Z DEBUG omega::metal::placements_execute_named: chunk_phase step=5 chunk=4 phase=gpu start_raw_s=672584.62854675 end_raw_s=672584.6292280001
2026-10-08T13:45:57.123761458Z DEBUG omega::metal::placements_execute_named: chunk_phase step=5 chunk=8 phase=scheduled start_raw_s=672584.629613333 end_raw_s=672584.629613333
2026-10-08T13:45:57.124436875Z DEBUG omega::metal::placements_execute_named: chunk_phase step=5 chunk=5 phase=gpu start_raw_s=672584.62925825 end_raw_s=672584.6301704167
2026-10-08T13:45:57.125795666Z DEBUG omega::metal::placements_execute_named: chunk_phase step=5 chunk=6 phase=gpu start_raw_s=672584.630200625 end_raw_s=672584.6315189167
2026-10-08T13:45:57.132668291Z DEBUG omega::metal::placements_execute_named: chunk_phase step=6 chunk=2 phase=scheduled start_raw_s=672584.638519958 end_raw_s=672584.638519958
2026-10-08T13:45:57.133027791Z DEBUG omega::metal::placements_execute_named: chunk_phase step=6 chunk=1 phase=gpu start_raw_s=672584.6385075 end_raw_s=672584.6387655
2026-10-08T13:45:57.133333250Z DEBUG omega::metal::placements_execute_named: chunk_phase step=6 chunk=5 phase=scheduled start_raw_s=672584.639185083 end_raw_s=672584.639185083
2026-10-08T13:45:57.128068000Z DEBUG omega::metal::placements_execute_named: chunk_phase step=5 chunk=7 phase=gpu start_raw_s=672584.631554375 end_raw_s=672584.6337749168
2026-10-08T13:45:57.132102541Z DEBUG omega::metal::placements_execute_named: chunk_phase step=5 chunk=8 phase=gpu start_raw_s=672584.6338195 end_raw_s=672584.6378215001
2026-10-08T13:45:57.132583416Z DEBUG omega::metal::placements_execute_named: chunk_phase step=6 chunk=1 phase=scheduled start_raw_s=672584.638434875 end_raw_s=672584.638434875
2026-10-08T13:45:57.132837166Z DEBUG omega::metal::placements_execute_named: chunk_phase step=6 chunk=3 phase=scheduled start_raw_s=672584.638688875 end_raw_s=672584.638688875
2026-10-08T13:45:57.133078125Z DEBUG omega::metal::placements_execute_named: chunk_phase step=6 chunk=4 phase=scheduled start_raw_s=672584.638929041 end_raw_s=672584.638929041
2026-10-08T13:45:57.133379041Z DEBUG omega::metal::placements_execute_named: chunk_phase step=6 chunk=2 phase=gpu start_raw_s=672584.6387870001 end_raw_s=672584.6391201251
2026-10-08T13:45:57.133710375Z DEBUG omega::metal::placements_execute_named: chunk_phase step=6 chunk=6 phase=scheduled start_raw_s=672584.639561916 end_raw_s=672584.639561916
2026-10-08T13:45:57.133847250Z DEBUG omega::metal::placements_execute_named: chunk_phase step=6 chunk=3 phase=gpu start_raw_s=672584.6391430417 end_raw_s=672584.6395969167
2026-10-08T13:45:57.134183416Z DEBUG omega::metal::placements_execute_named: chunk_phase step=6 chunk=7 phase=scheduled start_raw_s=672584.640035125 end_raw_s=672584.640035125
2026-10-08T13:45:57.134571833Z DEBUG omega::metal::placements_execute_named: chunk_phase step=6 chunk=4 phase=gpu start_raw_s=672584.639622875 end_raw_s=672584.6403159167
2026-10-08T13:45:57.134829583Z DEBUG omega::metal::placements_execute_named: chunk_phase step=6 chunk=8 phase=scheduled start_raw_s=672584.640681416 end_raw_s=672584.640681416
2026-10-08T13:45:57.135532333Z DEBUG omega::metal::placements_execute_named: chunk_phase step=6 chunk=5 phase=gpu start_raw_s=672584.640340875 end_raw_s=672584.6412545
2026-10-08T13:45:57.136876583Z DEBUG omega::metal::placements_execute_named: chunk_phase step=6 chunk=6 phase=gpu start_raw_s=672584.6412896251 end_raw_s=672584.6426094167
2026-10-08T13:45:57.139196625Z DEBUG omega::metal::placements_execute_named: chunk_phase step=6 chunk=7 phase=gpu start_raw_s=672584.6426387917 end_raw_s=672584.644918125
2026-10-08T13:45:57.143814375Z DEBUG omega::metal::placements_execute_named: chunk_phase step=7 chunk=2 phase=scheduled start_raw_s=672584.649666 end_raw_s=672584.649666
2026-10-08T13:45:57.144151916Z DEBUG omega::metal::placements_execute_named: chunk_phase step=7 chunk=1 phase=gpu start_raw_s=672584.64964025 end_raw_s=672584.6498975417
2026-10-08T13:45:57.144258000Z DEBUG omega::metal::placements_execute_named: chunk_phase step=7 chunk=4 phase=scheduled start_raw_s=672584.650109666 end_raw_s=672584.650109666
2026-10-08T13:45:57.145007250Z DEBUG omega::metal::placements_execute_named: chunk_phase step=7 chunk=6 phase=scheduled start_raw_s=672584.650858791 end_raw_s=672584.650858791
2026-10-08T13:45:57.145669416Z DEBUG omega::metal::placements_execute_named: chunk_phase step=7 chunk=4 phase=gpu start_raw_s=672584.650753 end_raw_s=672584.651435875
2026-10-08T13:45:57.146302916Z DEBUG omega::metal::placements_execute_named: chunk_phase step=7 chunk=8 phase=scheduled start_raw_s=672584.652154708 end_raw_s=672584.652154708
2026-10-08T13:45:57.143167083Z DEBUG omega::metal::placements_execute_named: chunk_phase step=6 chunk=8 phase=gpu start_raw_s=672584.6449508751 end_raw_s=672584.6489095
2026-10-08T13:45:57.143710500Z DEBUG omega::metal::placements_execute_named: chunk_phase step=7 chunk=1 phase=scheduled start_raw_s=672584.649562 end_raw_s=672584.649562
2026-10-08T13:45:57.143993333Z DEBUG omega::metal::placements_execute_named: chunk_phase step=7 chunk=3 phase=scheduled start_raw_s=672584.649844958 end_raw_s=672584.649844958
2026-10-08T13:45:57.144503875Z DEBUG omega::metal::placements_execute_named: chunk_phase step=7 chunk=2 phase=gpu start_raw_s=672584.6499188751 end_raw_s=672584.6502535001
2026-10-08T13:45:57.144581583Z DEBUG omega::metal::placements_execute_named: chunk_phase step=7 chunk=5 phase=scheduled start_raw_s=672584.650433208 end_raw_s=672584.650433208
2026-10-08T13:45:57.144990791Z DEBUG omega::metal::placements_execute_named: chunk_phase step=7 chunk=3 phase=gpu start_raw_s=672584.650275625 end_raw_s=672584.65072525
2026-10-08T13:45:57.145556708Z DEBUG omega::metal::placements_execute_named: chunk_phase step=7 chunk=7 phase=scheduled start_raw_s=672584.651408291 end_raw_s=672584.651408291
2026-10-08T13:45:57.146571625Z DEBUG omega::metal::placements_execute_named: chunk_phase step=7 chunk=5 phase=gpu start_raw_s=672584.6514532501 end_raw_s=672584.6523161667
2026-10-08T13:45:57.147945083Z DEBUG omega::metal::placements_execute_named: chunk_phase step=7 chunk=6 phase=gpu start_raw_s=672584.6523445001 end_raw_s=672584.65367875
2026-10-08T13:45:57.150215125Z DEBUG omega::metal::placements_execute_named: chunk_phase step=7 chunk=7 phase=gpu start_raw_s=672584.65370825 end_raw_s=672584.6559290417
2026-10-08T13:45:57.154802541Z DEBUG omega::metal::placements_execute_named: chunk_phase step=8 chunk=2 phase=scheduled start_raw_s=672584.660654166 end_raw_s=672584.660654166
2026-10-08T13:45:57.155150083Z DEBUG omega::metal::placements_execute_named: chunk_phase step=8 chunk=1 phase=gpu start_raw_s=672584.6606291251 end_raw_s=672584.6608917917
2026-10-08T13:45:57.155235958Z DEBUG omega::metal::placements_execute_named: chunk_phase step=8 chunk=4 phase=scheduled start_raw_s=672584.661087666 end_raw_s=672584.661087666
2026-10-08T13:45:57.155979916Z DEBUG omega::metal::placements_execute_named: chunk_phase step=8 chunk=3 phase=gpu start_raw_s=672584.6612697501 end_raw_s=672584.6617181667
2026-10-08T13:45:57.156046333Z DEBUG omega::metal::placements_execute_named: chunk_phase step=8 chunk=6 phase=scheduled start_raw_s=672584.661898 end_raw_s=672584.661898
2026-10-08T13:45:57.156762208Z DEBUG omega::metal::placements_execute_named: chunk_phase step=8 chunk=4 phase=gpu start_raw_s=672584.66174525 end_raw_s=672584.6624257917
2026-10-08T13:45:57.157390458Z DEBUG omega::metal::placements_execute_named: chunk_phase step=8 chunk=8 phase=scheduled start_raw_s=672584.663242291 end_raw_s=672584.663242291
2026-10-08T13:45:57.154163708Z DEBUG omega::metal::placements_execute_named: chunk_phase step=7 chunk=8 phase=gpu start_raw_s=672584.655973 end_raw_s=672584.65988
2026-10-08T13:45:57.154702375Z DEBUG omega::metal::placements_execute_named: chunk_phase step=8 chunk=1 phase=scheduled start_raw_s=672584.660553958 end_raw_s=672584.660553958
2026-10-08T13:45:57.154982583Z DEBUG omega::metal::placements_execute_named: chunk_phase step=8 chunk=3 phase=scheduled start_raw_s=672584.660834333 end_raw_s=672584.660834333
2026-10-08T13:45:57.155500458Z DEBUG omega::metal::placements_execute_named: chunk_phase step=8 chunk=2 phase=gpu start_raw_s=672584.660916 end_raw_s=672584.6612475417
2026-10-08T13:45:57.155627458Z DEBUG omega::metal::placements_execute_named: chunk_phase step=8 chunk=5 phase=scheduled start_raw_s=672584.661479041 end_raw_s=672584.661479041
2026-10-08T13:45:57.156613291Z DEBUG omega::metal::placements_execute_named: chunk_phase step=8 chunk=7 phase=scheduled start_raw_s=672584.662464958 end_raw_s=672584.662464958
2026-10-08T13:45:57.157589708Z DEBUG omega::metal::placements_execute_named: chunk_phase step=8 chunk=5 phase=gpu start_raw_s=672584.6624519167 end_raw_s=672584.6633157501
2026-10-08T13:45:57.158938875Z DEBUG omega::metal::placements_execute_named: chunk_phase step=8 chunk=6 phase=gpu start_raw_s=672584.6633530001 end_raw_s=672584.66467325
2026-10-08T13:45:57.165854916Z DEBUG omega::metal::placements_execute_named: chunk_phase step=9 chunk=2 phase=scheduled start_raw_s=672584.671706416 end_raw_s=672584.671706416
2026-10-08T13:45:57.161176916Z DEBUG omega::metal::placements_execute_named: chunk_phase step=8 chunk=7 phase=gpu start_raw_s=672584.6647033751 end_raw_s=672584.6668921667
2026-10-08T13:45:57.165207916Z DEBUG omega::metal::placements_execute_named: chunk_phase step=8 chunk=8 phase=gpu start_raw_s=672584.666931375 end_raw_s=672584.6709278751
2026-10-08T13:45:57.165755916Z DEBUG omega::metal::placements_execute_named: chunk_phase step=9 chunk=1 phase=scheduled start_raw_s=672584.671607166 end_raw_s=672584.671607166
2026-10-08T13:45:57.166039416Z DEBUG omega::metal::placements_execute_named: chunk_phase step=9 chunk=3 phase=scheduled start_raw_s=672584.671890916 end_raw_s=672584.671890916
2026-10-08T13:45:57.166197333Z DEBUG omega::metal::placements_execute_named: chunk_phase step=9 chunk=1 phase=gpu start_raw_s=672584.6716846251 end_raw_s=672584.6719504168
2026-10-08T13:45:57.166307625Z DEBUG omega::metal::placements_execute_named: chunk_phase step=9 chunk=4 phase=scheduled start_raw_s=672584.672159083 end_raw_s=672584.672159083
2026-10-08T13:45:57.167035000Z DEBUG omega::metal::placements_execute_named: chunk_phase step=9 chunk=3 phase=gpu start_raw_s=672584.672328375 end_raw_s=672584.67277675
2026-10-08T13:45:57.167082750Z DEBUG omega::metal::placements_execute_named: chunk_phase step=9 chunk=6 phase=scheduled start_raw_s=672584.672934583 end_raw_s=672584.672934583
2026-10-08T13:45:57.167756791Z DEBUG omega::metal::placements_execute_named: chunk_phase step=9 chunk=4 phase=gpu start_raw_s=672584.6728045001 end_raw_s=672584.67348825
2026-10-08T13:45:57.168417083Z DEBUG omega::metal::placements_execute_named: chunk_phase step=9 chunk=8 phase=scheduled start_raw_s=672584.674268958 end_raw_s=672584.674268958
2026-10-08T13:45:57.166563500Z DEBUG omega::metal::placements_execute_named: chunk_phase step=9 chunk=2 phase=gpu start_raw_s=672584.671971875 end_raw_s=672584.672306375
2026-10-08T13:45:57.166648541Z DEBUG omega::metal::placements_execute_named: chunk_phase step=9 chunk=5 phase=scheduled start_raw_s=672584.672500041 end_raw_s=672584.672500041
2026-10-08T13:45:57.167659125Z DEBUG omega::metal::placements_execute_named: chunk_phase step=9 chunk=7 phase=scheduled start_raw_s=672584.673510708 end_raw_s=672584.673510708
2026-10-08T13:45:57.168659208Z DEBUG omega::metal::placements_execute_named: chunk_phase step=9 chunk=5 phase=gpu start_raw_s=672584.6735195417 end_raw_s=672584.6743936667
2026-10-08T13:45:57.170003416Z DEBUG omega::metal::placements_execute_named: chunk_phase step=9 chunk=6 phase=gpu start_raw_s=672584.6744210417 end_raw_s=672584.6757398751
2026-10-08T13:45:57.172334541Z DEBUG omega::metal::placements_execute_named: chunk_phase step=9 chunk=7 phase=gpu start_raw_s=672584.6757685418 end_raw_s=672584.678059375
2026-10-08T13:45:57.176938041Z DEBUG omega::metal::placements_execute_named: chunk_phase step=10 chunk=2 phase=scheduled start_raw_s=672584.682789458 end_raw_s=672584.682789458
2026-10-08T13:45:57.177326041Z DEBUG omega::metal::placements_execute_named: chunk_phase step=10 chunk=1 phase=gpu start_raw_s=672584.68280125 end_raw_s=672584.6830635417
2026-10-08T13:45:57.177399291Z DEBUG omega::metal::placements_execute_named: chunk_phase step=10 chunk=4 phase=scheduled start_raw_s=672584.683250958 end_raw_s=672584.683250958
2026-10-08T13:45:57.178176083Z DEBUG omega::metal::placements_execute_named: chunk_phase step=10 chunk=6 phase=scheduled start_raw_s=672584.68402775 end_raw_s=672584.68402775
2026-10-08T13:45:57.178859000Z DEBUG omega::metal::placements_execute_named: chunk_phase step=10 chunk=4 phase=gpu start_raw_s=672584.6839189167 end_raw_s=672584.6846001667
2026-10-08T13:45:57.179479583Z DEBUG omega::metal::placements_execute_named: chunk_phase step=10 chunk=8 phase=scheduled start_raw_s=672584.685331208 end_raw_s=672584.685331208
2026-10-08T13:45:57.176298291Z DEBUG omega::metal::placements_execute_named: chunk_phase step=9 chunk=8 phase=gpu start_raw_s=672584.678091375 end_raw_s=672584.681991125
2026-10-08T13:45:57.176892416Z DEBUG omega::metal::placements_execute_named: chunk_phase step=10 chunk=1 phase=scheduled start_raw_s=672584.682743833 end_raw_s=672584.682743833
2026-10-08T13:45:57.177134708Z DEBUG omega::metal::placements_execute_named: chunk_phase step=10 chunk=3 phase=scheduled start_raw_s=672584.682986333 end_raw_s=672584.682986333
2026-10-08T13:45:57.177675750Z DEBUG omega::metal::placements_execute_named: chunk_phase step=10 chunk=2 phase=gpu start_raw_s=672584.6830862501 end_raw_s=672584.6834204167
2026-10-08T13:45:57.177739125Z DEBUG omega::metal::placements_execute_named: chunk_phase step=10 chunk=5 phase=scheduled start_raw_s=672584.68359075 end_raw_s=672584.68359075
2026-10-08T13:45:57.178159166Z DEBUG omega::metal::placements_execute_named: chunk_phase step=10 chunk=3 phase=gpu start_raw_s=672584.68344125 end_raw_s=672584.6838917917
2026-10-08T13:45:57.178739291Z DEBUG omega::metal::placements_execute_named: chunk_phase step=10 chunk=7 phase=scheduled start_raw_s=672584.684590916 end_raw_s=672584.684590916
2026-10-08T13:45:57.179739833Z DEBUG omega::metal::placements_execute_named: chunk_phase step=10 chunk=5 phase=gpu start_raw_s=672584.6846219167 end_raw_s=672584.68547975
2026-10-08T13:45:57.181063666Z DEBUG omega::metal::placements_execute_named: chunk_phase step=10 chunk=6 phase=gpu start_raw_s=672584.685506875 end_raw_s=672584.6867745417
2026-10-08T13:45:57.183338375Z DEBUG omega::metal::placements_execute_named: chunk_phase step=10 chunk=7 phase=gpu start_raw_s=672584.68680375 end_raw_s=672584.6890482916
2026-10-08T13:45:57.187922916Z DEBUG omega::metal::placements_execute_named: chunk_phase step=11 chunk=2 phase=scheduled start_raw_s=672584.693774333 end_raw_s=672584.693774333
2026-10-08T13:45:57.188267750Z DEBUG omega::metal::placements_execute_named: chunk_phase step=11 chunk=1 phase=gpu start_raw_s=672584.6937585 end_raw_s=672584.6940115417
2026-10-08T13:45:57.188370208Z DEBUG omega::metal::placements_execute_named: chunk_phase step=11 chunk=4 phase=scheduled start_raw_s=672584.694221875 end_raw_s=672584.694221875
2026-10-08T13:45:57.189101000Z DEBUG omega::metal::placements_execute_named: chunk_phase step=11 chunk=3 phase=gpu start_raw_s=672584.6943919167 end_raw_s=672584.69484
2026-10-08T13:45:57.189145750Z DEBUG omega::metal::placements_execute_named: chunk_phase step=11 chunk=6 phase=scheduled start_raw_s=672584.6949975 end_raw_s=672584.6949975
2026-10-08T13:45:57.189809750Z DEBUG omega::metal::placements_execute_named: chunk_phase step=11 chunk=4 phase=gpu start_raw_s=672584.6948669167 end_raw_s=672584.6955476667
2026-10-08T13:45:57.190438333Z DEBUG omega::metal::placements_execute_named: chunk_phase step=11 chunk=8 phase=scheduled start_raw_s=672584.696290291 end_raw_s=672584.696290291
2026-10-08T13:45:57.187304791Z DEBUG omega::metal::placements_execute_named: chunk_phase step=10 chunk=8 phase=gpu start_raw_s=672584.689088 end_raw_s=672584.6930211667
2026-10-08T13:45:57.187825500Z DEBUG omega::metal::placements_execute_named: chunk_phase step=11 chunk=1 phase=scheduled start_raw_s=672584.693677 end_raw_s=672584.693677
2026-10-08T13:45:57.188113625Z DEBUG omega::metal::placements_execute_named: chunk_phase step=11 chunk=3 phase=scheduled start_raw_s=672584.69396525 end_raw_s=672584.69396525
2026-10-08T13:45:57.188623500Z DEBUG omega::metal::placements_execute_named: chunk_phase step=11 chunk=2 phase=gpu start_raw_s=672584.6940340417 end_raw_s=672584.6943692501
2026-10-08T13:45:57.188701666Z DEBUG omega::metal::placements_execute_named: chunk_phase step=11 chunk=5 phase=scheduled start_raw_s=672584.694553291 end_raw_s=672584.694553291
2026-10-08T13:45:57.189694041Z DEBUG omega::metal::placements_execute_named: chunk_phase step=11 chunk=7 phase=scheduled start_raw_s=672584.695545625 end_raw_s=672584.695545625
2026-10-08T13:45:57.190712000Z DEBUG omega::metal::placements_execute_named: chunk_phase step=11 chunk=5 phase=gpu start_raw_s=672584.6955729167 end_raw_s=672584.696440125
2026-10-08T13:45:57.192053416Z DEBUG omega::metal::placements_execute_named: chunk_phase step=11 chunk=6 phase=gpu start_raw_s=672584.6964745417 end_raw_s=672584.697791375
2026-10-08T13:45:57.198938000Z DEBUG omega::metal::placements_execute_named: chunk_phase step=12 chunk=2 phase=scheduled start_raw_s=672584.704789541 end_raw_s=672584.704789541
2026-10-08T13:45:57.199290125Z DEBUG omega::metal::placements_execute_named: chunk_phase step=12 chunk=1 phase=gpu start_raw_s=672584.704771625 end_raw_s=672584.7050305001
2026-10-08T13:45:57.199377333Z DEBUG omega::metal::placements_execute_named: chunk_phase step=12 chunk=4 phase=scheduled start_raw_s=672584.705229 end_raw_s=672584.705229
2026-10-08T13:45:57.200165625Z DEBUG omega::metal::placements_execute_named: chunk_phase step=12 chunk=6 phase=scheduled start_raw_s=672584.706016333 end_raw_s=672584.706016333
2026-10-08T13:45:57.200705041Z DEBUG omega::metal::placements_execute_named: chunk_phase step=12 chunk=7 phase=scheduled start_raw_s=672584.706556458 end_raw_s=672584.706556458
2026-10-08T13:45:57.194266375Z DEBUG omega::metal::placements_execute_named: chunk_phase step=11 chunk=7 phase=gpu start_raw_s=672584.6978205 end_raw_s=672584.6999890417
2026-10-08T13:45:57.198316000Z DEBUG omega::metal::placements_execute_named: chunk_phase step=11 chunk=8 phase=gpu start_raw_s=672584.7000255 end_raw_s=672584.7040442917
2026-10-08T13:45:57.198838541Z DEBUG omega::metal::placements_execute_named: chunk_phase step=12 chunk=1 phase=scheduled start_raw_s=672584.704690083 end_raw_s=672584.704690083
2026-10-08T13:45:57.199114833Z DEBUG omega::metal::placements_execute_named: chunk_phase step=12 chunk=3 phase=scheduled start_raw_s=672584.704966375 end_raw_s=672584.704966375
2026-10-08T13:45:57.199642541Z DEBUG omega::metal::placements_execute_named: chunk_phase step=12 chunk=2 phase=gpu start_raw_s=672584.7050579167 end_raw_s=672584.705390875
2026-10-08T13:45:57.199703083Z DEBUG omega::metal::placements_execute_named: chunk_phase step=12 chunk=5 phase=scheduled start_raw_s=672584.70555475 end_raw_s=672584.70555475
2026-10-08T13:45:57.200124666Z DEBUG omega::metal::placements_execute_named: chunk_phase step=12 chunk=3 phase=gpu start_raw_s=672584.7054134167 end_raw_s=672584.7058626667
2026-10-08T13:45:57.200825375Z DEBUG omega::metal::placements_execute_named: chunk_phase step=12 chunk=4 phase=gpu start_raw_s=672584.7058890001 end_raw_s=672584.7065781667
2026-10-08T13:45:57.201732041Z DEBUG omega::metal::placements_execute_named: chunk_phase step=12 chunk=5 phase=gpu start_raw_s=672584.706598125 end_raw_s=672584.7074725
2026-10-08T13:45:57.203001583Z DEBUG omega::metal::placements_execute_named: chunk_phase step=12 chunk=6 phase=gpu start_raw_s=672584.707499125 end_raw_s=672584.70871225
2026-10-08T13:45:57.205245333Z DEBUG omega::metal::placements_execute_named: chunk_phase step=12 chunk=7 phase=gpu start_raw_s=672584.708745375 end_raw_s=672584.710963375
2026-10-08T13:45:57.201513208Z DEBUG omega::metal::placements_execute_named: chunk_phase step=12 chunk=8 phase=scheduled start_raw_s=672584.707364875 end_raw_s=672584.707364875
2026-10-08T13:45:57.209241041Z DEBUG omega::metal::placements_execute_named: chunk_phase step=12 chunk=8 phase=gpu start_raw_s=672584.711 end_raw_s=672584.714959625
2026-10-08T13:45:57.209868458Z DEBUG omega::metal::placements_execute_named: chunk_phase step=13 chunk=1 phase=scheduled start_raw_s=672584.715719791 end_raw_s=672584.715719791
2026-10-08T13:45:57.210662291Z DEBUG omega::metal::placements_execute_named: chunk_phase step=13 chunk=2 phase=gpu start_raw_s=672584.7160676667 end_raw_s=672584.7164065418
2026-10-08T13:45:57.210784916Z DEBUG omega::metal::placements_execute_named: chunk_phase step=13 chunk=5 phase=scheduled start_raw_s=672584.716636458 end_raw_s=672584.716636458
2026-10-08T13:45:57.211781666Z DEBUG omega::metal::placements_execute_named: chunk_phase step=13 chunk=7 phase=scheduled start_raw_s=672584.717633375 end_raw_s=672584.717633375
2026-10-08T13:45:57.212731583Z DEBUG omega::metal::placements_execute_named: chunk_phase step=13 chunk=5 phase=gpu start_raw_s=672584.71760975 end_raw_s=672584.7184701667
2026-10-08T13:45:57.213960125Z DEBUG omega::metal::placements_execute_named: chunk_phase step=13 chunk=6 phase=gpu start_raw_s=672584.7184981251 end_raw_s=672584.719693875
2026-10-08T13:45:57.209965250Z DEBUG omega::metal::placements_execute_named: chunk_phase step=13 chunk=2 phase=scheduled start_raw_s=672584.71581675 end_raw_s=672584.71581675
2026-10-08T13:45:57.210181041Z DEBUG omega::metal::placements_execute_named: chunk_phase step=13 chunk=3 phase=scheduled start_raw_s=672584.716032541 end_raw_s=672584.716032541
2026-10-08T13:45:57.210310875Z DEBUG omega::metal::placements_execute_named: chunk_phase step=13 chunk=1 phase=gpu start_raw_s=672584.7157916668 end_raw_s=672584.7160522917
2026-10-08T13:45:57.210449208Z DEBUG omega::metal::placements_execute_named: chunk_phase step=13 chunk=4 phase=scheduled start_raw_s=672584.716300791 end_raw_s=672584.716300791
2026-10-08T13:45:57.211146500Z DEBUG omega::metal::placements_execute_named: chunk_phase step=13 chunk=3 phase=gpu start_raw_s=672584.7164279167 end_raw_s=672584.7168765
2026-10-08T13:45:57.211224666Z DEBUG omega::metal::placements_execute_named: chunk_phase step=13 chunk=6 phase=scheduled start_raw_s=672584.717076291 end_raw_s=672584.717076291
2026-10-08T13:45:57.211853666Z DEBUG omega::metal::placements_execute_named: chunk_phase step=13 chunk=4 phase=gpu start_raw_s=672584.716902875 end_raw_s=672584.717584625
2026-10-08T13:45:57.212486541Z DEBUG omega::metal::placements_execute_named: chunk_phase step=13 chunk=8 phase=scheduled start_raw_s=672584.718338291 end_raw_s=672584.718338291
2026-10-08T13:45:57.216080333Z DEBUG omega::metal::placements_execute_named: chunk_phase step=13 chunk=7 phase=gpu start_raw_s=672584.7197225417 end_raw_s=672584.7218035001
2026-10-08T13:45:57.219887416Z DEBUG omega::metal::placements_execute_named: chunk_phase step=13 chunk=8 phase=gpu start_raw_s=672584.7218411667 end_raw_s=672584.7256226251
2026-10-08T13:45:57.220435000Z DEBUG omega::metal::placements_execute_named: chunk_phase step=14 chunk=1 phase=scheduled start_raw_s=672584.726286375 end_raw_s=672584.726286375
2026-10-08T13:45:57.220710708Z DEBUG omega::metal::placements_execute_named: chunk_phase step=14 chunk=3 phase=scheduled start_raw_s=672584.726562333 end_raw_s=672584.726562333
2026-10-08T13:45:57.221233375Z DEBUG omega::metal::placements_execute_named: chunk_phase step=14 chunk=2 phase=gpu start_raw_s=672584.7266495418 end_raw_s=672584.7269885
2026-10-08T13:45:57.221671125Z DEBUG omega::metal::placements_execute_named: chunk_phase step=14 chunk=6 phase=scheduled start_raw_s=672584.72752275 end_raw_s=672584.72752275
2026-10-08T13:45:57.220530958Z DEBUG omega::metal::placements_execute_named: chunk_phase step=14 chunk=2 phase=scheduled start_raw_s=672584.726382541 end_raw_s=672584.726382541
2026-10-08T13:45:57.220881541Z DEBUG omega::metal::placements_execute_named: chunk_phase step=14 chunk=1 phase=gpu start_raw_s=672584.7263639168 end_raw_s=672584.7266272501
2026-10-08T13:45:57.220953833Z DEBUG omega::metal::placements_execute_named: chunk_phase step=14 chunk=4 phase=scheduled start_raw_s=672584.7268055 end_raw_s=672584.7268055
2026-10-08T13:45:57.221276791Z DEBUG omega::metal::placements_execute_named: chunk_phase step=14 chunk=5 phase=scheduled start_raw_s=672584.727127666 end_raw_s=672584.727127666
2026-10-08T13:45:57.221733833Z DEBUG omega::metal::placements_execute_named: chunk_phase step=14 chunk=3 phase=gpu start_raw_s=672584.7270102501 end_raw_s=672584.72745875
2026-10-08T13:45:57.222224791Z DEBUG omega::metal::placements_execute_named: chunk_phase step=14 chunk=7 phase=scheduled start_raw_s=672584.72807625 end_raw_s=672584.72807625
2026-10-08T13:45:57.222430541Z DEBUG omega::metal::placements_execute_named: chunk_phase step=14 chunk=4 phase=gpu start_raw_s=672584.7274856667 end_raw_s=672584.728174
2026-10-08T13:45:57.222926125Z DEBUG omega::metal::placements_execute_named: chunk_phase step=14 chunk=8 phase=scheduled start_raw_s=672584.728778 end_raw_s=672584.728778
2026-10-08T13:45:57.223338875Z DEBUG omega::metal::placements_execute_named: chunk_phase step=14 chunk=5 phase=gpu start_raw_s=672584.72819725 end_raw_s=672584.7290727501
2026-10-08T13:45:57.224608833Z DEBUG omega::metal::placements_execute_named: chunk_phase step=14 chunk=6 phase=gpu start_raw_s=672584.7291003751 end_raw_s=672584.730346375
2026-10-08T13:45:57.226891916Z DEBUG omega::metal::placements_execute_named: chunk_phase step=14 chunk=7 phase=gpu start_raw_s=672584.7303754167 end_raw_s=672584.73261525
2026-10-08T13:45:57.231532416Z DEBUG omega::metal::placements_execute_named: chunk_phase step=15 chunk=2 phase=scheduled start_raw_s=672584.737383875 end_raw_s=672584.737383875
2026-10-08T13:45:57.232249291Z DEBUG omega::metal::placements_execute_named: chunk_phase step=15 chunk=2 phase=gpu start_raw_s=672584.7376629167 end_raw_s=672584.7379973751
2026-10-08T13:45:57.232289583Z DEBUG omega::metal::placements_execute_named: chunk_phase step=15 chunk=5 phase=scheduled start_raw_s=672584.738141416 end_raw_s=672584.738141416
2026-10-08T13:45:57.232726250Z DEBUG omega::metal::placements_execute_named: chunk_phase step=15 chunk=3 phase=gpu start_raw_s=672584.73801975 end_raw_s=672584.7384670001
2026-10-08T13:45:57.233192958Z DEBUG omega::metal::placements_execute_named: chunk_phase step=15 chunk=7 phase=scheduled start_raw_s=672584.739044666 end_raw_s=672584.739044666
2026-10-08T13:45:57.234359166Z DEBUG omega::metal::placements_execute_named: chunk_phase step=15 chunk=5 phase=gpu start_raw_s=672584.739201125 end_raw_s=672584.7400852917
2026-10-08T13:45:57.235717750Z DEBUG omega::metal::placements_execute_named: chunk_phase step=15 chunk=6 phase=gpu start_raw_s=672584.740113875 end_raw_s=672584.741455375
2026-10-08T13:45:57.230909875Z DEBUG omega::metal::placements_execute_named: chunk_phase step=14 chunk=8 phase=gpu start_raw_s=672584.7326473751 end_raw_s=672584.73662925
2026-10-08T13:45:57.231446625Z DEBUG omega::metal::placements_execute_named: chunk_phase step=15 chunk=1 phase=scheduled start_raw_s=672584.737298166 end_raw_s=672584.737298166
2026-10-08T13:45:57.231709333Z DEBUG omega::metal::placements_execute_named: chunk_phase step=15 chunk=3 phase=scheduled start_raw_s=672584.737560833 end_raw_s=672584.737560833
2026-10-08T13:45:57.231888458Z DEBUG omega::metal::placements_execute_named: chunk_phase step=15 chunk=1 phase=gpu start_raw_s=672584.7373742501 end_raw_s=672584.7376376251
2026-10-08T13:45:57.231960333Z DEBUG omega::metal::placements_execute_named: chunk_phase step=15 chunk=4 phase=scheduled start_raw_s=672584.737811916 end_raw_s=672584.737811916
2026-10-08T13:45:57.232668625Z DEBUG omega::metal::placements_execute_named: chunk_phase step=15 chunk=6 phase=scheduled start_raw_s=672584.738520333 end_raw_s=672584.738520333
2026-10-08T13:45:57.233429166Z DEBUG omega::metal::placements_execute_named: chunk_phase step=15 chunk=4 phase=gpu start_raw_s=672584.7384941251 end_raw_s=672584.739175625
2026-10-08T13:45:57.233882083Z DEBUG omega::metal::placements_execute_named: chunk_phase step=15 chunk=8 phase=scheduled start_raw_s=672584.739733916 end_raw_s=672584.739733916
2026-10-08T13:45:57.238001166Z DEBUG omega::metal::placements_execute_named: chunk_phase step=15 chunk=7 phase=gpu start_raw_s=672584.7414857917 end_raw_s=672584.74372
2026-10-08T13:45:57.242011625Z DEBUG omega::metal::placements_execute_named: chunk_phase step=15 chunk=8 phase=gpu start_raw_s=672584.7437549167 end_raw_s=672584.747731375
2026-10-08T13:45:57.242522791Z DEBUG omega::metal::placements_execute_named: chunk_phase step=16 chunk=1 phase=scheduled start_raw_s=672584.748374375 end_raw_s=672584.748374375
2026-10-08T13:45:57.242798000Z DEBUG omega::metal::placements_execute_named: chunk_phase step=16 chunk=3 phase=scheduled start_raw_s=672584.748649666 end_raw_s=672584.748649666
2026-10-08T13:45:57.243040250Z DEBUG omega::metal::placements_execute_named: chunk_phase step=16 chunk=1 phase=gpu start_raw_s=672584.7484562501 end_raw_s=672584.7487151667
2026-10-08T13:45:57.242605000Z DEBUG omega::metal::placements_execute_named: chunk_phase step=16 chunk=2 phase=scheduled start_raw_s=672584.748456666 end_raw_s=672584.748456666
2026-10-08T13:45:57.243110625Z DEBUG omega::metal::placements_execute_named: chunk_phase step=16 chunk=4 phase=scheduled start_raw_s=672584.748962291 end_raw_s=672584.748962291
2026-10-08T13:45:57.243870750Z DEBUG omega::metal::placements_execute_named: chunk_phase step=16 chunk=3 phase=gpu start_raw_s=672584.749143125 end_raw_s=672584.7495975418
2026-10-08T13:45:57.244304666Z DEBUG omega::metal::placements_execute_named: chunk_phase step=16 chunk=7 phase=scheduled start_raw_s=672584.750156375 end_raw_s=672584.750156375
2026-10-08T13:45:57.245503000Z DEBUG omega::metal::placements_execute_named: chunk_phase step=16 chunk=5 phase=gpu start_raw_s=672584.750336 end_raw_s=672584.751232375
2026-10-08T13:45:57.246885625Z DEBUG omega::metal::placements_execute_named: chunk_phase step=16 chunk=6 phase=gpu start_raw_s=672584.75126075 end_raw_s=672584.7526070001
2026-10-08T13:45:57.249204625Z DEBUG omega::metal::placements_execute_named: chunk_phase step=16 chunk=7 phase=gpu start_raw_s=672584.7526435 end_raw_s=672584.7549165001
2026-10-08T13:45:57.243376208Z DEBUG omega::metal::placements_execute_named: chunk_phase step=16 chunk=2 phase=gpu start_raw_s=672584.748736875 end_raw_s=672584.7491186251
2026-10-08T13:45:57.243380208Z DEBUG omega::metal::placements_execute_named: chunk_phase step=16 chunk=5 phase=scheduled start_raw_s=672584.749232083 end_raw_s=672584.749232083
2026-10-08T13:45:57.243768458Z DEBUG omega::metal::placements_execute_named: chunk_phase step=16 chunk=6 phase=scheduled start_raw_s=672584.749620166 end_raw_s=672584.749620166
2026-10-08T13:45:57.244565416Z DEBUG omega::metal::placements_execute_named: chunk_phase step=16 chunk=4 phase=gpu start_raw_s=672584.7496279167 end_raw_s=672584.750311375
2026-10-08T13:45:57.245006708Z DEBUG omega::metal::placements_execute_named: chunk_phase step=16 chunk=8 phase=scheduled start_raw_s=672584.750858541 end_raw_s=672584.750858541
2026-10-08T13:45:57.253151791Z DEBUG omega::metal::placements_execute_named: chunk_phase step=16 chunk=8 phase=gpu start_raw_s=672584.7549572501 end_raw_s=672584.758871125
2026-10-08T13:45:57.253672333Z DEBUG omega::metal::placements_execute_named: chunk_phase step=17 chunk=1 phase=scheduled start_raw_s=672584.759523916 end_raw_s=672584.759523916
2026-10-08T13:45:57.253960125Z DEBUG omega::metal::placements_execute_named: chunk_phase step=17 chunk=3 phase=scheduled start_raw_s=672584.759811791 end_raw_s=672584.759811791
2026-10-08T13:45:57.254947958Z DEBUG omega::metal::placements_execute_named: chunk_phase step=17 chunk=3 phase=gpu start_raw_s=672584.7602392917 end_raw_s=672584.7606865417
2026-10-08T13:45:57.254994458Z DEBUG omega::metal::placements_execute_named: chunk_phase step=17 chunk=6 phase=scheduled start_raw_s=672584.76084625 end_raw_s=672584.76084625
2026-10-08T13:45:57.255656041Z DEBUG omega::metal::placements_execute_named: chunk_phase step=17 chunk=4 phase=gpu start_raw_s=672584.7607135001 end_raw_s=672584.761394
2026-10-08T13:45:57.253778291Z DEBUG omega::metal::placements_execute_named: chunk_phase step=17 chunk=2 phase=scheduled start_raw_s=672584.75963 end_raw_s=672584.75963
2026-10-08T13:45:57.254122125Z DEBUG omega::metal::placements_execute_named: chunk_phase step=17 chunk=1 phase=gpu start_raw_s=672584.7596042501 end_raw_s=672584.759860625
2026-10-08T13:45:57.254231125Z DEBUG omega::metal::placements_execute_named: chunk_phase step=17 chunk=4 phase=scheduled start_raw_s=672584.760082 end_raw_s=672584.760082
2026-10-08T13:45:57.254470500Z DEBUG omega::metal::placements_execute_named: chunk_phase step=17 chunk=2 phase=gpu start_raw_s=672584.759885875 end_raw_s=672584.7602176667
2026-10-08T13:45:57.254559958Z DEBUG omega::metal::placements_execute_named: chunk_phase step=17 chunk=5 phase=scheduled start_raw_s=672584.760411583 end_raw_s=672584.760411583
2026-10-08T13:45:57.255535583Z DEBUG omega::metal::placements_execute_named: chunk_phase step=17 chunk=7 phase=scheduled start_raw_s=672584.761387291 end_raw_s=672584.761387291
2026-10-08T13:45:57.256230166Z DEBUG omega::metal::placements_execute_named: chunk_phase step=17 chunk=8 phase=scheduled start_raw_s=672584.762082125 end_raw_s=672584.762082125
2026-10-08T13:45:57.256577000Z DEBUG omega::metal::placements_execute_named: chunk_phase step=17 chunk=5 phase=gpu start_raw_s=672584.7614147917 end_raw_s=672584.7623014167
2026-10-08T13:45:57.257881458Z DEBUG omega::metal::placements_execute_named: chunk_phase step=17 chunk=6 phase=gpu start_raw_s=672584.762330875 end_raw_s=672584.7636105
2026-10-08T13:45:57.260038958Z DEBUG omega::metal::placements_execute_named: chunk_phase step=17 chunk=7 phase=gpu start_raw_s=672584.7636445 end_raw_s=672584.765766
2026-10-08T13:45:57.264532541Z DEBUG omega::metal::placements_execute_named: chunk_phase step=18 chunk=2 phase=scheduled start_raw_s=672584.770384166 end_raw_s=672584.770384166
2026-10-08T13:45:57.264885958Z DEBUG omega::metal::placements_execute_named: chunk_phase step=18 chunk=1 phase=gpu start_raw_s=672584.7703679167 end_raw_s=672584.7706322917
2026-10-08T13:45:57.264965333Z DEBUG omega::metal::placements_execute_named: chunk_phase step=18 chunk=4 phase=scheduled start_raw_s=672584.770817125 end_raw_s=672584.770817125
2026-10-08T13:45:57.265673541Z DEBUG omega::metal::placements_execute_named: chunk_phase step=18 chunk=6 phase=scheduled start_raw_s=672584.771525125 end_raw_s=672584.771525125
2026-10-08T13:45:57.266425208Z DEBUG omega::metal::placements_execute_named: chunk_phase step=18 chunk=4 phase=gpu start_raw_s=672584.7714890001 end_raw_s=672584.772172875
2026-10-08T13:45:57.266886333Z DEBUG omega::metal::placements_execute_named: chunk_phase step=18 chunk=8 phase=scheduled start_raw_s=672584.77273825 end_raw_s=672584.77273825
2026-10-08T13:45:57.263881833Z DEBUG omega::metal::placements_execute_named: chunk_phase step=17 chunk=8 phase=gpu start_raw_s=672584.7657943751 end_raw_s=672584.769602375
2026-10-08T13:45:57.264442166Z DEBUG omega::metal::placements_execute_named: chunk_phase step=18 chunk=1 phase=scheduled start_raw_s=672584.770293625 end_raw_s=672584.770293625
2026-10-08T13:45:57.264715750Z DEBUG omega::metal::placements_execute_named: chunk_phase step=18 chunk=3 phase=scheduled start_raw_s=672584.770567458 end_raw_s=672584.770567458
2026-10-08T13:45:57.265244583Z DEBUG omega::metal::placements_execute_named: chunk_phase step=18 chunk=2 phase=gpu start_raw_s=672584.770654 end_raw_s=672584.77098725
2026-10-08T13:45:57.265285250Z DEBUG omega::metal::placements_execute_named: chunk_phase step=18 chunk=5 phase=scheduled start_raw_s=672584.771137083 end_raw_s=672584.771137083
2026-10-08T13:45:57.265726625Z DEBUG omega::metal::placements_execute_named: chunk_phase step=18 chunk=3 phase=gpu start_raw_s=672584.7710139167 end_raw_s=672584.7714605001
2026-10-08T13:45:57.266207333Z DEBUG omega::metal::placements_execute_named: chunk_phase step=18 chunk=7 phase=scheduled start_raw_s=672584.772059 end_raw_s=672584.772059
2026-10-08T13:45:57.267335583Z DEBUG omega::metal::placements_execute_named: chunk_phase step=18 chunk=5 phase=gpu start_raw_s=672584.7721965417 end_raw_s=672584.773072875
2026-10-08T13:45:57.268641958Z DEBUG omega::metal::placements_execute_named: chunk_phase step=18 chunk=6 phase=gpu start_raw_s=672584.7731014166 end_raw_s=672584.77436
2026-10-08T13:45:57.275564416Z DEBUG omega::metal::placements_execute_named: chunk_phase step=19 chunk=2 phase=scheduled start_raw_s=672584.781416 end_raw_s=672584.781416
2026-10-08T13:45:57.275925208Z DEBUG omega::metal::placements_execute_named: chunk_phase step=19 chunk=1 phase=gpu start_raw_s=672584.781397375 end_raw_s=672584.7816623751
2026-10-08T13:45:57.276023500Z DEBUG omega::metal::placements_execute_named: chunk_phase step=19 chunk=4 phase=scheduled start_raw_s=672584.781875125 end_raw_s=672584.781875125
2026-10-08T13:45:57.270893500Z DEBUG omega::metal::placements_execute_named: chunk_phase step=18 chunk=7 phase=gpu start_raw_s=672584.7743832917 end_raw_s=672584.7766100001
2026-10-08T13:45:57.274916250Z DEBUG omega::metal::placements_execute_named: chunk_phase step=18 chunk=8 phase=gpu start_raw_s=672584.7766465 end_raw_s=672584.7806335001
2026-10-08T13:45:57.275464166Z DEBUG omega::metal::placements_execute_named: chunk_phase step=19 chunk=1 phase=scheduled start_raw_s=672584.781315708 end_raw_s=672584.781315708
2026-10-08T13:45:57.275764250Z DEBUG omega::metal::placements_execute_named: chunk_phase step=19 chunk=3 phase=scheduled start_raw_s=672584.781615875 end_raw_s=672584.781615875
2026-10-08T13:45:57.276745625Z DEBUG omega::metal::placements_execute_named: chunk_phase step=19 chunk=3 phase=gpu start_raw_s=672584.7820395001 end_raw_s=672584.78248775
2026-10-08T13:45:57.276838875Z DEBUG omega::metal::placements_execute_named: chunk_phase step=19 chunk=6 phase=scheduled start_raw_s=672584.782690375 end_raw_s=672584.782690375
2026-10-08T13:45:57.277437833Z DEBUG omega::metal::placements_execute_named: chunk_phase step=19 chunk=4 phase=gpu start_raw_s=672584.7825159167 end_raw_s=672584.783202375
2026-10-08T13:45:57.278002208Z DEBUG omega::metal::placements_execute_named: chunk_phase step=19 chunk=8 phase=scheduled start_raw_s=672584.783854125 end_raw_s=672584.783854125
2026-10-08T13:45:57.276263791Z DEBUG omega::metal::placements_execute_named: chunk_phase step=19 chunk=2 phase=gpu start_raw_s=672584.7816837917 end_raw_s=672584.7820172918
2026-10-08T13:45:57.276348500Z DEBUG omega::metal::placements_execute_named: chunk_phase step=19 chunk=5 phase=scheduled start_raw_s=672584.782200166 end_raw_s=672584.782200166
2026-10-08T13:45:57.277321291Z DEBUG omega::metal::placements_execute_named: chunk_phase step=19 chunk=7 phase=scheduled start_raw_s=672584.783173 end_raw_s=672584.783173
2026-10-08T13:45:57.278372000Z DEBUG omega::metal::placements_execute_named: chunk_phase step=19 chunk=5 phase=gpu start_raw_s=672584.783221125 end_raw_s=672584.7841014167
2026-10-08T13:45:57.279743000Z DEBUG omega::metal::placements_execute_named: chunk_phase step=19 chunk=6 phase=gpu start_raw_s=672584.78412975 end_raw_s=672584.785469
2026-10-08T13:45:57.282049625Z DEBUG omega::metal::placements_execute_named: chunk_phase step=19 chunk=7 phase=gpu start_raw_s=672584.7854977917 end_raw_s=672584.7877430418
2026-10-08T13:45:57.286566541Z DEBUG omega::metal::placements_execute_named: chunk_phase step=20 chunk=2 phase=scheduled start_raw_s=672584.792418166 end_raw_s=672584.792418166
2026-10-08T13:45:57.286919833Z DEBUG omega::metal::placements_execute_named: chunk_phase step=20 chunk=1 phase=gpu start_raw_s=672584.7923839167 end_raw_s=672584.7926397917
2026-10-08T13:45:57.287011166Z DEBUG omega::metal::placements_execute_named: chunk_phase step=20 chunk=4 phase=scheduled start_raw_s=672584.792862791 end_raw_s=672584.792862791
2026-10-08T13:45:57.288420250Z DEBUG omega::metal::placements_execute_named: chunk_phase step=20 chunk=4 phase=gpu start_raw_s=672584.7934910418 end_raw_s=672584.7941725417
2026-10-08T13:45:57.289029291Z DEBUG omega::metal::placements_execute_named: chunk_phase step=20 chunk=8 phase=scheduled start_raw_s=672584.794881166 end_raw_s=672584.794881166
2026-10-08T13:45:57.285952666Z DEBUG omega::metal::placements_execute_named: chunk_phase step=19 chunk=8 phase=gpu start_raw_s=672584.7877836667 end_raw_s=672584.79168625
2026-10-08T13:45:57.286464041Z DEBUG omega::metal::placements_execute_named: chunk_phase step=20 chunk=1 phase=scheduled start_raw_s=672584.792315625 end_raw_s=672584.792315625
2026-10-08T13:45:57.286748291Z DEBUG omega::metal::placements_execute_named: chunk_phase step=20 chunk=3 phase=scheduled start_raw_s=672584.792599875 end_raw_s=672584.792599875
2026-10-08T13:45:57.287255541Z DEBUG omega::metal::placements_execute_named: chunk_phase step=20 chunk=2 phase=gpu start_raw_s=672584.792662375 end_raw_s=672584.7929949167
2026-10-08T13:45:57.287322958Z DEBUG omega::metal::placements_execute_named: chunk_phase step=20 chunk=5 phase=scheduled start_raw_s=672584.793174583 end_raw_s=672584.793174583
2026-10-08T13:45:57.287742916Z DEBUG omega::metal::placements_execute_named: chunk_phase step=20 chunk=3 phase=gpu start_raw_s=672584.7930165001 end_raw_s=672584.7934645417
2026-10-08T13:45:57.287746958Z DEBUG omega::metal::placements_execute_named: chunk_phase step=20 chunk=6 phase=scheduled start_raw_s=672584.793598833 end_raw_s=672584.793598833
2026-10-08T13:45:57.288301625Z DEBUG omega::metal::placements_execute_named: chunk_phase step=20 chunk=7 phase=scheduled start_raw_s=672584.794153291 end_raw_s=672584.794153291
2026-10-08T13:45:57.289319041Z DEBUG omega::metal::placements_execute_named: chunk_phase step=20 chunk=5 phase=gpu start_raw_s=672584.794192875 end_raw_s=672584.795056125
2026-10-08T13:45:57.290647458Z DEBUG omega::metal::placements_execute_named: chunk_phase step=20 chunk=6 phase=gpu start_raw_s=672584.7950835001 end_raw_s=672584.7963475
2026-10-08T13:45:57.292927750Z DEBUG omega::metal::placements_execute_named: chunk_phase step=20 chunk=7 phase=gpu start_raw_s=672584.7963823751 end_raw_s=672584.7986251668
2026-10-08T13:45:57.049641375Z DEBUG omega::metal::placements_execute_named: span=f00cdae14440efdf step_phase step=1 phase=prepare start_raw_s=672584.534565416 end_raw_s=672584.555493083
2026-10-08T13:45:57.297604291Z DEBUG omega::metal::placements_execute_named: chunk_phase step=21 chunk=1 phase=scheduled start_raw_s=672584.803455583 end_raw_s=672584.803455583
2026-10-08T13:45:57.297826208Z DEBUG omega::metal::placements_execute_named: chunk_phase step=21 chunk=3 phase=scheduled start_raw_s=672584.80367775 end_raw_s=672584.80367775
2026-10-08T13:45:57.298100416Z DEBUG omega::metal::placements_execute_named: chunk_phase step=21 chunk=4 phase=scheduled start_raw_s=672584.803951708 end_raw_s=672584.803951708
2026-10-08T13:45:57.298427458Z DEBUG omega::metal::placements_execute_named: chunk_phase step=21 chunk=5 phase=scheduled start_raw_s=672584.804279041 end_raw_s=672584.804279041
2026-10-08T13:45:57.299577625Z DEBUG omega::metal::placements_execute_named: chunk_phase step=21 chunk=4 phase=gpu start_raw_s=672584.8046479167 end_raw_s=672584.8053327501
2026-10-08T13:45:57.300203500Z DEBUG omega::metal::placements_execute_named: chunk_phase step=21 chunk=8 phase=scheduled start_raw_s=672584.80605525 end_raw_s=672584.80605525
2026-10-08T13:45:57.296907250Z DEBUG omega::metal::placements_execute_named: chunk_phase step=20 chunk=8 phase=gpu start_raw_s=672584.7986597917 end_raw_s=672584.802629
2026-10-08T13:45:57.297632916Z DEBUG omega::metal::placements_execute_named: chunk_phase step=21 chunk=2 phase=scheduled start_raw_s=672584.803482208 end_raw_s=672584.803482208
2026-10-08T13:45:57.298052041Z DEBUG omega::metal::placements_execute_named: chunk_phase step=21 chunk=1 phase=gpu start_raw_s=672584.8035274167 end_raw_s=672584.8037860417
2026-10-08T13:45:57.298470166Z DEBUG omega::metal::placements_execute_named: chunk_phase step=21 chunk=2 phase=gpu start_raw_s=672584.80381275 end_raw_s=672584.8041517917
2026-10-08T13:45:57.298866458Z DEBUG omega::metal::placements_execute_named: chunk_phase step=21 chunk=3 phase=gpu start_raw_s=672584.8041712501 end_raw_s=672584.804619375
2026-10-08T13:45:57.298870458Z DEBUG omega::metal::placements_execute_named: chunk_phase step=21 chunk=6 phase=scheduled start_raw_s=672584.804722458 end_raw_s=672584.804722458
2026-10-08T13:45:57.299440250Z DEBUG omega::metal::placements_execute_named: chunk_phase step=21 chunk=7 phase=scheduled start_raw_s=672584.805291833 end_raw_s=672584.805291833
2026-10-08T13:45:57.300486416Z DEBUG omega::metal::placements_execute_named: chunk_phase step=21 chunk=5 phase=gpu start_raw_s=672584.80535725 end_raw_s=672584.8062289167
2026-10-08T13:45:57.301787416Z DEBUG omega::metal::placements_execute_named: chunk_phase step=21 chunk=6 phase=gpu start_raw_s=672584.8062562917 end_raw_s=672584.80752675
2026-10-08T13:45:57.303949833Z DEBUG omega::metal::placements_execute_named: chunk_phase step=21 chunk=7 phase=gpu start_raw_s=672584.8075585001 end_raw_s=672584.80966925
2026-10-08T13:45:57.307828125Z DEBUG omega::metal::placements_execute_named: chunk_phase step=21 chunk=8 phase=gpu start_raw_s=672584.8097005 end_raw_s=672584.8135296251
2026-10-08T13:45:57.072332041Z DEBUG omega::metal::placements_execute_named: step_phase step=1 phase=pre_encode start_raw_s=672584.556131083 end_raw_s=672584.578183958
2026-10-08T13:45:57.311350291Z DEBUG omega::metal::placements_execute_named: chunk_phase step=22 chunk=2 phase=scheduled start_raw_s=672584.817201666 end_raw_s=672584.817201666
2026-10-08T13:45:57.311709833Z DEBUG omega::metal::placements_execute_named: chunk_phase step=22 chunk=1 phase=gpu start_raw_s=672584.817181875 end_raw_s=672584.8174552501
2026-10-08T13:45:57.311811500Z DEBUG omega::metal::placements_execute_named: chunk_phase step=22 chunk=4 phase=scheduled start_raw_s=672584.817663125 end_raw_s=672584.817663125
2026-10-08T13:45:57.312580083Z DEBUG omega::metal::placements_execute_named: chunk_phase step=22 chunk=6 phase=scheduled start_raw_s=672584.818431541 end_raw_s=672584.818431541
2026-10-08T13:45:57.313249125Z DEBUG omega::metal::placements_execute_named: chunk_phase step=22 chunk=4 phase=gpu start_raw_s=672584.8183181251 end_raw_s=672584.8190001667
2026-10-08T13:45:57.313762500Z DEBUG omega::metal::placements_execute_named: chunk_phase step=22 chunk=8 phase=scheduled start_raw_s=672584.819614333 end_raw_s=672584.819614333
2026-10-08T13:45:57.311266666Z DEBUG omega::metal::placements_execute_named: chunk_phase step=22 chunk=1 phase=scheduled start_raw_s=672584.817118125 end_raw_s=672584.817118125
2026-10-08T13:45:57.311539125Z DEBUG omega::metal::placements_execute_named: chunk_phase step=22 chunk=3 phase=scheduled start_raw_s=672584.817390791 end_raw_s=672584.817390791
2026-10-08T13:45:57.312069250Z DEBUG omega::metal::placements_execute_named: chunk_phase step=22 chunk=2 phase=gpu start_raw_s=672584.8174790001 end_raw_s=672584.8178221667
2026-10-08T13:45:57.312136666Z DEBUG omega::metal::placements_execute_named: chunk_phase step=22 chunk=5 phase=scheduled start_raw_s=672584.817988333 end_raw_s=672584.817988333
2026-10-08T13:45:57.312546625Z DEBUG omega::metal::placements_execute_named: chunk_phase step=22 chunk=3 phase=gpu start_raw_s=672584.817843875 end_raw_s=672584.8182907917
2026-10-08T13:45:57.313064333Z DEBUG omega::metal::placements_execute_named: chunk_phase step=22 chunk=7 phase=scheduled start_raw_s=672584.818916041 end_raw_s=672584.818916041
2026-10-08T13:45:57.314180458Z DEBUG omega::metal::placements_execute_named: chunk_phase step=22 chunk=5 phase=gpu start_raw_s=672584.8190249167 end_raw_s=672584.8199201251
2026-10-08T13:45:57.315518583Z DEBUG omega::metal::placements_execute_named: chunk_phase step=22 chunk=6 phase=gpu start_raw_s=672584.8199477918 end_raw_s=672584.8212522917
2026-10-08T13:45:57.317767958Z DEBUG omega::metal::placements_execute_named: chunk_phase step=22 chunk=7 phase=gpu start_raw_s=672584.821287125 end_raw_s=672584.8235063751
2026-10-08T13:45:57.322530041Z DEBUG omega::metal::placements_execute_named: chunk_phase step=23 chunk=2 phase=scheduled start_raw_s=672584.828381541 end_raw_s=672584.828381541
2026-10-08T13:45:57.323093375Z DEBUG omega::metal::placements_execute_named: chunk_phase step=23 chunk=2 phase=gpu start_raw_s=672584.8284888751 end_raw_s=672584.828823125
2026-10-08T13:45:57.323595791Z DEBUG omega::metal::placements_execute_named: chunk_phase step=23 chunk=4 phase=scheduled start_raw_s=672584.829447333 end_raw_s=672584.829447333
2026-10-08T13:45:57.324483833Z DEBUG omega::metal::placements_execute_named: chunk_phase step=23 chunk=4 phase=gpu start_raw_s=672584.829514 end_raw_s=672584.8302000001
2026-10-08T13:45:57.321559708Z DEBUG omega::metal::placements_execute_named: chunk_phase step=22 chunk=8 phase=gpu start_raw_s=672584.823517375 end_raw_s=672584.8272844166
2026-10-08T13:45:57.322281250Z DEBUG omega::metal::placements_execute_named: chunk_phase step=23 chunk=1 phase=scheduled start_raw_s=672584.828132708 end_raw_s=672584.828132708
2026-10-08T13:45:57.322727541Z DEBUG omega::metal::placements_execute_named: chunk_phase step=23 chunk=1 phase=gpu start_raw_s=672584.8282057917 end_raw_s=672584.828467375
2026-10-08T13:45:57.322971708Z DEBUG omega::metal::placements_execute_named: chunk_phase step=23 chunk=3 phase=scheduled start_raw_s=672584.828823416 end_raw_s=672584.828823416
2026-10-08T13:45:57.323573458Z DEBUG omega::metal::placements_execute_named: chunk_phase step=23 chunk=3 phase=gpu start_raw_s=672584.8288666251 end_raw_s=672584.8293143751
2026-10-08T13:45:57.324361333Z DEBUG omega::metal::placements_execute_named: chunk_phase step=23 chunk=5 phase=scheduled start_raw_s=672584.830213 end_raw_s=672584.830213
2026-10-08T13:45:57.076788500Z DEBUG omega::metal::placements_execute_named: chunk_phase step=1 chunk=1 phase=encode start_raw_s=672584.578183958 end_raw_s=672584.582627125
2026-10-08T13:45:57.076788791Z DEBUG omega::metal::placements_execute_named: chunk_phase step=1 chunk=1 phase=commit start_raw_s=672584.582627833 end_raw_s=672584.582639666
2026-10-08T13:45:57.077011250Z DEBUG omega::metal::placements_execute_named: chunk_phase step=1 chunk=2 phase=encode start_raw_s=672584.582641166 end_raw_s=672584.582859208
2026-10-08T13:45:57.077011541Z DEBUG omega::metal::placements_execute_named: chunk_phase step=1 chunk=2 phase=commit start_raw_s=672584.5828595 end_raw_s=672584.582862875
2026-10-08T13:45:57.077233583Z DEBUG omega::metal::placements_execute_named: chunk_phase step=1 chunk=3 phase=encode start_raw_s=672584.582864 end_raw_s=672584.583081875
2026-10-08T13:45:57.077234083Z DEBUG omega::metal::placements_execute_named: chunk_phase step=1 chunk=3 phase=commit start_raw_s=672584.583082083 end_raw_s=672584.58308525
2026-10-08T13:45:57.325388666Z DEBUG omega::metal::placements_execute_named: chunk_phase step=23 chunk=6 phase=scheduled start_raw_s=672584.831240291 end_raw_s=672584.831240291
2026-10-08T13:45:57.326763375Z DEBUG omega::metal::placements_execute_named: chunk_phase step=23 chunk=6 phase=gpu start_raw_s=672584.8313020001 end_raw_s=672584.832517375
2026-10-08T13:45:57.328635625Z DEBUG omega::metal::placements_execute_named: chunk_phase step=23 chunk=8 phase=scheduled start_raw_s=672584.834487541 end_raw_s=672584.834487541
2026-10-08T13:45:57.325368458Z DEBUG omega::metal::placements_execute_named: chunk_phase step=23 chunk=5 phase=gpu start_raw_s=672584.8302545 end_raw_s=672584.831113375
2026-10-08T13:45:57.326804416Z DEBUG omega::metal::placements_execute_named: chunk_phase step=23 chunk=7 phase=scheduled start_raw_s=672584.832656291 end_raw_s=672584.832656291
2026-10-08T13:45:57.329244000Z DEBUG omega::metal::placements_execute_named: chunk_phase step=23 chunk=7 phase=gpu start_raw_s=672584.832723625 end_raw_s=672584.8349922501
2026-10-08T13:45:57.077481375Z DEBUG omega::metal::placements_execute_named: chunk_phase step=1 chunk=4 phase=encode start_raw_s=672584.583086416 end_raw_s=672584.583329291
2026-10-08T13:45:57.077481750Z DEBUG omega::metal::placements_execute_named: chunk_phase step=1 chunk=4 phase=commit start_raw_s=672584.583329375 end_raw_s=672584.583333041
2026-10-08T13:45:57.077824708Z DEBUG omega::metal::placements_execute_named: chunk_phase step=1 chunk=5 phase=encode start_raw_s=672584.583334083 end_raw_s=672584.58367175
2026-10-08T13:45:57.077824916Z DEBUG omega::metal::placements_execute_named: chunk_phase step=1 chunk=5 phase=commit start_raw_s=672584.583671916 end_raw_s=672584.583676166
2026-10-08T13:45:57.333070333Z DEBUG omega::metal::placements_execute_named: chunk_phase step=23 chunk=8 phase=gpu start_raw_s=672584.8350214167 end_raw_s=672584.8387930001
2026-10-08T13:45:57.078216083Z DEBUG omega::metal::placements_execute_named: chunk_phase step=1 chunk=6 phase=encode start_raw_s=672584.58367725 end_raw_s=672584.584064833
2026-10-08T13:45:57.078216375Z DEBUG omega::metal::placements_execute_named: chunk_phase step=1 chunk=6 phase=commit start_raw_s=672584.584064916 end_raw_s=672584.584067875
2026-10-08T13:45:57.078736791Z DEBUG omega::metal::placements_execute_named: chunk_phase step=1 chunk=7 phase=encode start_raw_s=672584.584068708 end_raw_s=672584.584585083
2026-10-08T13:45:57.078737250Z DEBUG omega::metal::placements_execute_named: chunk_phase step=1 chunk=7 phase=commit start_raw_s=672584.584585166 end_raw_s=672584.584588625
2026-10-08T13:45:57.079408250Z DEBUG omega::metal::placements_execute_named: chunk_phase step=1 chunk=8 phase=encode start_raw_s=672584.584589583 end_raw_s=672584.585256958
2026-10-08T13:45:57.079408541Z DEBUG omega::metal::placements_execute_named: chunk_phase step=1 chunk=8 phase=commit start_raw_s=672584.585257375 end_raw_s=672584.585260208
2026-10-08T13:45:57.087735375Z DEBUG omega::metal::placements_execute_named: token_breakdown_gpu commit_call_ms=0.002833 commit_to_gpu_start_ms=0 gpu_busy_ms=10.508083272725344 gpu_end_to_wait_return_ms=0 sum_ms=10.510916272725344 final_commit_to_wait_ms=8.326875 gpu_start_raw_s=672584.5828956667 gpu_end_raw_s=672584.59340375 commit_call_start_raw_s=672584.585257375 wait_return_extra_ms=8.323250000000002 chunks=8 first_commit_to_first_gpu_start_ms=0.2678337041288614 encode_overlap_ms=2.615792
2026-10-08T13:45:57.087737041Z DEBUG omega::metal::placements_execute_named: chunk_record step=1 plan_shape=decode chunk=1 chunk_count=8 op_first=0 op_last=23 encode_start_ms=0 encode_end_ms=4.443209 commit_at_ms=4.4439589999999995 commit_ms=0.011833 gpu_start_ms=4.711708752438426 gpu_end_ms=5.019292118959129 commit_to_gpu_start_ms=0.26774975243842647 gpu_idle_before_ms=4.711708752438426
2026-10-08T13:45:57.087737791Z DEBUG omega::metal::placements_execute_named: chunk_record step=1 plan_shape=decode chunk=2 chunk_count=8 op_first=24 op_last=62 encode_start_ms=4.457209 encode_end_ms=4.675292 commit_at_ms=4.675584 commit_ms=0.003416 gpu_start_ms=5.043417098931968 gpu_end_ms=5.413917126134038 commit_to_gpu_start_ms=0.36783309893196847 gpu_idle_before_ms=0.024124979972839355
2026-10-08T13:45:57.087738500Z DEBUG omega::metal::placements_execute_named: chunk_record step=1 plan_shape=decode chunk=3 chunk_count=8 op_first=63 op_last=116 encode_start_ms=4.680084 encode_end_ms=4.897959 commit_at_ms=4.898167 commit_ms=0.003167 gpu_start_ms=5.436542094685137 gpu_end_ms=5.91754203196615 commit_to_gpu_start_ms=0.5383750946851373 gpu_idle_before_ms=0.0226249685510993
2026-10-08T13:45:57.087738958Z DEBUG omega::metal::placements_execute_named: chunk_record step=1 plan_shape=decode chunk=4 chunk_count=8 op_first=117 op_last=189 encode_start_ms=4.9024589999999995 encode_end_ms=5.145375 commit_at_ms=5.145459 commit_ms=0.003666 gpu_start_ms=5.946417106315494 gpu_end_ms=6.664083804935217 commit_to_gpu_start_ms=0.8009581063154938 gpu_idle_before_ms=0.028875074349343777
2026-10-08T13:45:57.087739500Z DEBUG omega::metal::placements_execute_named: chunk_record step=1 plan_shape=decode chunk=5 chunk_count=8 op_first=190 op_last=287 encode_start_ms=5.150167 encode_end_ms=5.487792 commit_at_ms=5.4879999999999995 commit_ms=0.00425 gpu_start_ms=6.693917093798518 gpu_end_ms=7.619167095981538 commit_to_gpu_start_ms=1.2059170937985186 gpu_idle_before_ms=0.029833288863301277
2026-10-08T13:45:57.087740041Z DEBUG omega::metal::placements_execute_named: chunk_record step=1 plan_shape=decode chunk=6 chunk_count=8 op_first=288 op_last=420 encode_start_ms=5.493292 encode_end_ms=5.880875 commit_at_ms=5.881 commit_ms=0.002959 gpu_start_ms=7.648417027667165 gpu_end_ms=9.026292129419744 commit_to_gpu_start_ms=1.7674170276671646 gpu_idle_before_ms=0.029249931685626507
2026-10-08T13:45:57.087742916Z DEBUG omega::metal::placements_execute_named: chunk_record step=1 plan_shape=decode chunk=7 chunk_count=8 op_first=421 op_last=599 encode_start_ms=5.884792 encode_end_ms=6.401167 commit_at_ms=6.40125 commit_ms=0.0035 gpu_start_ms=9.063167031854391 gpu_end_ms=11.248292052187026 commit_to_gpu_start_ms=2.661917031854391 gpu_idle_before_ms=0.03687490243464708
2026-10-08T13:45:57.087743708Z DEBUG omega::metal::placements_execute_named: chunk_record step=1 plan_shape=decode chunk=8 chunk_count=8 op_first=600 op_last=841 encode_start_ms=6.405625 encode_end_ms=7.073042 commit_at_ms=7.073459 commit_ms=0.002833 gpu_start_ms=11.287667090073228 gpu_end_ms=15.21979202516377 commit_to_gpu_start_ms=4.214208090073228 gpu_idle_before_ms=0.039375037886202335
2026-10-08T13:45:57.087767583Z DEBUG proxima_model_interop::generate::decode: token_breakdown_argmax_split step=1 scan_ms=0 debug_ms=0
2026-10-08T13:45:57.087768125Z DEBUG proxima_model_interop::generate::decode: token_breakdown_gaps step=1 root_select_ms=0.010125 post_evaluate_ms=0.001833 pre_logits_ms=0.002583 checksum_ms=0.000041 fetch_ms=0.001125 argmax_ms=0.0005 logits_hash_ms=0
2026-10-08T13:45:57.087769625Z INFO proxima_model_interop::generate::load_model: token_breakdown: per-decode-step wall-clock attribution step=1 new_count=1 cached_len_before=971 step_wall_ms=59.296166 apply_serving_config_ms=0.0005 build_position_inputs_ms=0.00525 named_blocks_weights_ms=0.102458 named_blocks_kv_ms=0.100041 kv_cache_upload_bytes=0 ssm_state_transfer_bytes=0 evaluate_ms=59.170208 layer_cache_append_ms=0.000958 layer_cache_append_bytes=0 greedy_pick_ms=0.000125
2026-10-08T13:45:57.087782333Z INFO proxima_model_interop::generate::load_model: token_breakdown_metal: per-decode-step metal stage attribution step=1 prepare_calls=1 prepare_ms=20.927625 emit_calls=0 emit_ms=0 pipeline_hits=829 pipeline_misses=13 pipeline_compile_ms=11.584583 block_upload_calls=9 block_upload_ms=0 block_offered_bytes=3092 block_copied_bytes=3092 block_nocopy_bound_bytes=0 block_offset_bound_bytes=0 op_setup_calls=842 op_setup_ms=0.02325 pipeline_lookup_calls=0 pipeline_lookup_ms=0 encode_dispatch_calls=842 physical_dispatch_calls=877 encode_dispatch_ms=1.447583 gpu_exec_calls=8 gpu_exec_ms=8.326833 readback_calls=2 readback_ms=0.003875 readback_bytes=8 nocopy_uploads=0 copying_uploads=9 nocopy_reuses=0 resident_uploads=0 resident_reuses=0 mapping_offset_uploads=0 mapping_rebound_blocks=0 mapping_residency_rung=prefault expert_mapping_candidate_uploads=0 expert_mapping_missed_uploads=0 nocopy_cache_len=1 resident_cache_len=0 resident_cache_bytes=0 uniform_cache_len=2 phys_footprint_bytes=6038884416 device_allocated_bytes=3565666304 output_buffer_allocations=262 output_buffer_allocated_bytes=12138888 checkpoint_mapping_buffer_bytes=3349528576 expert_mapping_buffer_bytes=0 plan_uniform_writes=842 retire_scan_calls=1439 retire_scan_ms=0.106625 expert_buffers_lookup_calls=842 expert_buffers_lookup_ms=0.524958 placement_resolve_calls=842 placement_resolve_ms=2.445208 loop_head_calls=842 loop_head_ms=2.0205 encoder_finish_ms=0.00025 pre_encode_calls=1 pre_encode_ms=22.053416 resolve_plan_ms=21.569458 prepare_infer_ms=0.470708 prepare_validate_ms=0.116541 prepare_bind_ms=18.572166 prepare_optimize_ms=1.278666 prepare_retire_ms=0.486791 build_plan_uniforms_ms=2.261708 resolve_steps_ms=21.874583 uniform_buffer_allocations=842 barriers=0 barriers_raw=0 barriers_waw=0 barriers_war=0 barriers_waw_war_arena_recycled=0 barriers_waw_war_persistent=0 expert_source_cache_hits=0 expert_source_cache_misses=0 expert_source_cache_cold_misses=0 expert_source_cache_replacement_misses=0 expert_source_reuse_copy_bytes=0 expert_source_reuse_copy_ms=0 plan_cache_len=0 plan_hits=0 plan_misses=2 plan_refits=0 plan_arena_allocated_bytes=0 segment_arena_allocated_bytes=0 placed_arena_allocated_bytes=146227728 ablation=false kind_filter=
2026-10-08T13:45:57.088115166Z DEBUG omega::metal::placements_execute_named: step_phase step=2 phase=pre_encode start_raw_s=672584.593831041 end_raw_s=672584.593967083
2026-10-08T13:45:57.088204458Z DEBUG omega::metal::placements_execute_named: chunk_phase step=2 chunk=1 phase=encode start_raw_s=672584.593967083 end_raw_s=672584.594047791
2026-10-08T13:45:57.088204750Z DEBUG omega::metal::placements_execute_named: chunk_phase step=2 chunk=1 phase=commit start_raw_s=672584.594048291 end_raw_s=672584.594055833
2026-10-08T13:45:57.088317833Z DEBUG omega::metal::placements_execute_named: chunk_phase step=2 chunk=2 phase=encode start_raw_s=672584.594057083 end_raw_s=672584.594167041
2026-10-08T13:45:57.088318208Z DEBUG omega::metal::placements_execute_named: chunk_phase step=2 chunk=2 phase=commit start_raw_s=672584.594167125 end_raw_s=672584.594169583
2026-10-08T13:45:57.088478750Z DEBUG omega::metal::placements_execute_named: chunk_phase step=2 chunk=3 phase=encode start_raw_s=672584.594170541 end_raw_s=672584.594327791
2026-10-08T13:45:57.088479041Z DEBUG omega::metal::placements_execute_named: chunk_phase step=2 chunk=3 phase=commit start_raw_s=672584.594327916 end_raw_s=672584.594330583
2026-10-08T13:45:57.088696125Z DEBUG omega::metal::placements_execute_named: chunk_phase step=2 chunk=4 phase=encode start_raw_s=672584.594331416 end_raw_s=672584.594545208
2026-10-08T13:45:57.088696333Z DEBUG omega::metal::placements_execute_named: chunk_phase step=2 chunk=4 phase=commit start_raw_s=672584.594545291 end_raw_s=672584.594547791
2026-10-08T13:45:57.088980666Z DEBUG omega::metal::placements_execute_named: chunk_phase step=2 chunk=5 phase=encode start_raw_s=672584.59454875 end_raw_s=672584.594829958
2026-10-08T13:45:57.088980833Z DEBUG omega::metal::placements_execute_named: chunk_phase step=2 chunk=5 phase=commit start_raw_s=672584.594830208 end_raw_s=672584.594832416
2026-10-08T13:45:57.089344416Z DEBUG omega::metal::placements_execute_named: chunk_phase step=2 chunk=6 phase=encode start_raw_s=672584.594833166 end_raw_s=672584.595192875
2026-10-08T13:45:57.089344583Z DEBUG omega::metal::placements_execute_named: chunk_phase step=2 chunk=6 phase=commit start_raw_s=672584.595192958 end_raw_s=672584.595196375
2026-10-08T13:45:57.089822958Z DEBUG omega::metal::placements_execute_named: chunk_phase step=2 chunk=7 phase=encode start_raw_s=672584.595197 end_raw_s=672584.595672458
2026-10-08T13:45:57.089823125Z DEBUG omega::metal::placements_execute_named: chunk_phase step=2 chunk=7 phase=commit start_raw_s=672584.5956725 end_raw_s=672584.595674833
2026-10-08T13:45:57.090434041Z DEBUG omega::metal::placements_execute_named: chunk_phase step=2 chunk=8 phase=encode start_raw_s=672584.595675458 end_raw_s=672584.596282666
2026-10-08T13:45:57.090434208Z DEBUG omega::metal::placements_execute_named: chunk_phase step=2 chunk=8 phase=commit start_raw_s=672584.59628325 end_raw_s=672584.596286125
2026-10-08T13:45:57.098857541Z DEBUG omega::metal::placements_execute_named: token_breakdown_gpu commit_call_ms=0.002875 commit_to_gpu_start_ms=0 gpu_busy_ms=10.303125018253922 gpu_end_to_wait_return_ms=0 sum_ms=10.306000018253922 final_commit_to_wait_ms=8.423958 gpu_start_raw_s=672584.594242 gpu_end_raw_s=672584.604545125 commit_call_start_raw_s=672584.59628325 wait_return_extra_ms=8.420499999999999 chunks=8 first_commit_to_first_gpu_start_ms=0.19370904192328453 encode_overlap_ms=2.2259160000000002
2026-10-08T13:45:57.098859208Z DEBUG omega::metal::placements_execute_named: chunk_record step=2 plan_shape=decode chunk=1 chunk_count=8 op_first=0 op_last=23 encode_start_ms=0 encode_end_ms=0.080667 commit_at_ms=0.081208 commit_ms=0.007542 gpu_start_ms=0.2749169943854213 gpu_end_ms=0.5380420479923487 commit_to_gpu_start_ms=0.19370899438542127 gpu_idle_before_ms=0.2749169943854213
2026-10-08T13:45:57.098860041Z DEBUG omega::metal::placements_execute_named: chunk_record step=2 plan_shape=decode chunk=2 chunk_count=8 op_first=24 op_last=62 encode_start_ms=0.089958 encode_end_ms=0.199917 commit_at_ms=0.200042 commit_ms=0.002458 gpu_start_ms=0.5602920427918434 gpu_end_ms=0.8982087019830942 commit_to_gpu_start_ms=0.3602500427918434 gpu_idle_before_ms=0.022249994799494743
2026-10-08T13:45:57.098860541Z DEBUG omega::metal::placements_execute_named: chunk_record step=2 plan_shape=decode chunk=3 chunk_count=8 op_first=63 op_last=116 encode_start_ms=0.20341700000000001 encode_end_ms=0.36070800000000003 commit_at_ms=0.360833 commit_ms=0.002667 gpu_start_ms=0.9213336743414402 gpu_end_ms=1.370041980408132 commit_to_gpu_start_ms=0.5605006743414402 gpu_idle_before_ms=0.023124972358345985
2026-10-08T13:45:57.098861041Z DEBUG omega::metal::placements_execute_named: chunk_record step=2 plan_shape=decode chunk=4 chunk_count=8 op_first=117 op_last=189 encode_start_ms=0.364292 encode_end_ms=0.578125 commit_at_ms=0.57825 commit_ms=0.002458 gpu_start_ms=1.3962920056656003 gpu_end_ms=2.0791670540347695 commit_to_gpu_start_ms=0.8180420056656003 gpu_idle_before_ms=0.026250025257468224
2026-10-08T13:45:57.098861500Z DEBUG omega::metal::placements_execute_named: chunk_record step=2 plan_shape=decode chunk=5 chunk_count=8 op_first=190 op_last=287 encode_start_ms=0.581667 encode_end_ms=0.8628330000000001 commit_at_ms=0.8631249999999999 commit_ms=0.002208 gpu_start_ms=2.1109170047566295 gpu_end_ms=2.971166977658868 commit_to_gpu_start_ms=1.2477920047566295 gpu_idle_before_ms=0.03174995072185993
2026-10-08T13:45:57.098862000Z DEBUG omega::metal::placements_execute_named: chunk_record step=2 plan_shape=decode chunk=6 chunk_count=8 op_first=288 op_last=420 encode_start_ms=0.866042 encode_end_ms=1.225792 commit_at_ms=1.225875 commit_ms=0.003417 gpu_start_ms=3.000291995704174 gpu_end_ms=4.3296669609844685 commit_to_gpu_start_ms=1.774416995704174 gpu_idle_before_ms=0.029125018045306206
2026-10-08T13:45:57.098862458Z DEBUG omega::metal::placements_execute_named: chunk_record step=2 plan_shape=decode chunk=7 chunk_count=8 op_first=421 op_last=599 encode_start_ms=1.2299170000000001 encode_end_ms=1.705333 commit_at_ms=1.705458 commit_ms=0.002334 gpu_start_ms=4.359042039141059 gpu_end_ms=6.510792067274451 commit_to_gpu_start_ms=2.653584039141059 gpu_idle_before_ms=0.02937507815659046
2026-10-08T13:45:57.098862750Z DEBUG omega::metal::placements_execute_named: chunk_record step=2 plan_shape=decode chunk=8 chunk_count=8 op_first=600 op_last=841 encode_start_ms=1.708333 encode_end_ms=2.3155419999999998 commit_at_ms=2.316167 commit_ms=0.002875 gpu_start_ms=6.551292026415467 gpu_end_ms=10.578042012639344 commit_to_gpu_start_ms=4.235125026415467 gpu_idle_before_ms=0.040499959141016006
2026-10-08T13:45:57.098881916Z DEBUG proxima_model_interop::generate::decode: token_breakdown_argmax_split step=2 scan_ms=0 debug_ms=0
2026-10-08T13:45:57.098882541Z DEBUG proxima_model_interop::generate::decode: token_breakdown_gaps step=2 root_select_ms=0.009041 post_evaluate_ms=0.001791 pre_logits_ms=0.002291 checksum_ms=0 fetch_ms=0.001083 argmax_ms=0.000458 logits_hash_ms=0
2026-10-08T13:45:57.098883750Z INFO proxima_model_interop::generate::load_model: token_breakdown: per-decode-step wall-clock attribution step=2 new_count=1 cached_len_before=972 step_wall_ms=11.094208 apply_serving_config_ms=0.000333 build_position_inputs_ms=0.005083 named_blocks_weights_ms=0.032083 named_blocks_kv_ms=0.029958 kv_cache_upload_bytes=0 ssm_state_transfer_bytes=0 evaluate_ms=11.040875 layer_cache_append_ms=0.000708 layer_cache_append_bytes=0 greedy_pick_ms=0.000125
2026-10-08T13:45:57.098896458Z INFO proxima_model_interop::generate::load_model: token_breakdown_metal: per-decode-step metal stage attribution step=2 prepare_calls=0 prepare_ms=0 emit_calls=0 emit_ms=0 pipeline_hits=0 pipeline_misses=0 pipeline_compile_ms=0 block_upload_calls=9 block_upload_ms=0 block_offered_bytes=3092 block_copied_bytes=3092 block_nocopy_bound_bytes=0 block_offset_bound_bytes=0 op_setup_calls=618 op_setup_ms=0.016208 pipeline_lookup_calls=0 pipeline_lookup_ms=0 encode_dispatch_calls=618 physical_dispatch_calls=653 encode_dispatch_ms=1.325291 gpu_exec_calls=8 gpu_exec_ms=8.423833 readback_calls=2 readback_ms=0.00325 readback_bytes=8 nocopy_uploads=0 copying_uploads=9 nocopy_reuses=0 resident_uploads=0 resident_reuses=0 mapping_offset_uploads=0 mapping_rebound_blocks=6 mapping_residency_rung=prefault expert_mapping_candidate_uploads=0 expert_mapping_missed_uploads=0 nocopy_cache_len=1 resident_cache_len=0 resident_cache_bytes=0 uniform_cache_len=2 phys_footprint_bytes=6038933568 device_allocated_bytes=3565666304 output_buffer_allocations=0 output_buffer_allocated_bytes=0 checkpoint_mapping_buffer_bytes=3349528576 expert_mapping_buffer_bytes=0 plan_uniform_writes=0 retire_scan_calls=1439 retire_scan_ms=0.108708 expert_buffers_lookup_calls=618 expert_buffers_lookup_ms=0.441541 placement_resolve_calls=618 placement_resolve_ms=0.014208 loop_head_calls=842 loop_head_ms=0.214625 encoder_finish_ms=0.00025 pre_encode_calls=1 pre_encode_ms=0.136583 resolve_plan_ms=0.000166 prepare_infer_ms=0 prepare_validate_ms=0 prepare_bind_ms=0 prepare_optimize_ms=0 prepare_retire_ms=0 build_plan_uniforms_ms=0 resolve_steps_ms=0 uniform_buffer_allocations=0 barriers=0 barriers_raw=0 barriers_waw=0 barriers_war=0 barriers_waw_war_arena_recycled=0 barriers_waw_war_persistent=0 expert_source_cache_hits=0 expert_source_cache_misses=0 expert_source_cache_cold_misses=0 expert_source_cache_replacement_misses=0 expert_source_reuse_copy_bytes=0 expert_source_reuse_copy_ms=0 plan_cache_len=0 plan_hits=1 plan_misses=2 plan_refits=0 plan_arena_allocated_bytes=0 segment_arena_allocated_bytes=0 placed_arena_allocated_bytes=146227728 ablation=false kind_filter=
2026-10-08T13:45:57.099206916Z DEBUG omega::metal::placements_execute_named: step_phase step=3 phase=pre_encode start_raw_s=672584.604938625 end_raw_s=672584.605058875
2026-10-08T13:45:57.099283875Z DEBUG omega::metal::placements_execute_named: chunk_phase step=3 chunk=1 phase=encode start_raw_s=672584.605058875 end_raw_s=672584.605129291
2026-10-08T13:45:57.099284041Z DEBUG omega::metal::placements_execute_named: chunk_phase step=3 chunk=1 phase=commit start_raw_s=672584.605129916 end_raw_s=672584.605135375
2026-10-08T13:45:57.099395458Z DEBUG omega::metal::placements_execute_named: chunk_phase step=3 chunk=2 phase=encode start_raw_s=672584.605136375 end_raw_s=672584.605244916
2026-10-08T13:45:57.099395625Z DEBUG omega::metal::placements_execute_named: chunk_phase step=3 chunk=2 phase=commit start_raw_s=672584.605245041 end_raw_s=672584.605247375
2026-10-08T13:45:57.099546250Z DEBUG omega::metal::placements_execute_named: chunk_phase step=3 chunk=3 phase=encode start_raw_s=672584.605247958 end_raw_s=672584.605396166
2026-10-08T13:45:57.099546500Z DEBUG omega::metal::placements_execute_named: chunk_phase step=3 chunk=3 phase=commit start_raw_s=672584.60539625 end_raw_s=672584.605398208
2026-10-08T13:45:57.099752875Z DEBUG omega::metal::placements_execute_named: chunk_phase step=3 chunk=4 phase=encode start_raw_s=672584.605398833 end_raw_s=672584.605602875
2026-10-08T13:45:57.099753208Z DEBUG omega::metal::placements_execute_named: chunk_phase step=3 chunk=4 phase=commit start_raw_s=672584.605602958 end_raw_s=672584.605604791
2026-10-08T13:45:57.100022750Z DEBUG omega::metal::placements_execute_named: chunk_phase step=3 chunk=5 phase=encode start_raw_s=672584.605605541 end_raw_s=672584.605871666
2026-10-08T13:45:57.100023208Z DEBUG omega::metal::placements_execute_named: chunk_phase step=3 chunk=5 phase=commit start_raw_s=672584.605871875 end_raw_s=672584.605874458
2026-10-08T13:45:57.100368708Z DEBUG omega::metal::placements_execute_named: chunk_phase step=3 chunk=6 phase=encode start_raw_s=672584.605875708 end_raw_s=672584.606217916
2026-10-08T13:45:57.100369208Z DEBUG omega::metal::placements_execute_named: chunk_phase step=3 chunk=6 phase=commit start_raw_s=672584.606218 end_raw_s=672584.606220458
2026-10-08T13:45:57.100826541Z DEBUG omega::metal::placements_execute_named: chunk_phase step=3 chunk=7 phase=encode start_raw_s=672584.606221583 end_raw_s=672584.606675791
2026-10-08T13:45:57.100826875Z DEBUG omega::metal::placements_execute_named: chunk_phase step=3 chunk=7 phase=commit start_raw_s=672584.606675875 end_raw_s=672584.606678333
2026-10-08T13:45:57.101405333Z DEBUG omega::metal::placements_execute_named: chunk_phase step=3 chunk=8 phase=encode start_raw_s=672584.60667925 end_raw_s=672584.6072545
2026-10-08T13:45:57.101405458Z DEBUG omega::metal::placements_execute_named: chunk_phase step=3 chunk=8 phase=commit start_raw_s=672584.607254958 end_raw_s=672584.607257416
2026-10-08T13:45:57.110028250Z DEBUG omega::metal::placements_execute_named: token_breakdown_gpu commit_call_ms=0.002458 commit_to_gpu_start_ms=0 gpu_busy_ms=10.429041692987084 gpu_end_to_wait_return_ms=0 sum_ms=10.431499692987085 final_commit_to_wait_ms=8.624041 gpu_start_raw_s=672584.605312 gpu_end_raw_s=672584.6157410417 commit_call_start_raw_s=672584.607254958 wait_return_extra_ms=8.621167000000002 chunks=8 first_commit_to_first_gpu_start_ms=0.18208404071629047 encode_overlap_ms=2.118334
2026-10-08T13:45:57.110029375Z DEBUG omega::metal::placements_execute_named: chunk_record step=3 plan_shape=decode chunk=1 chunk_count=8 op_first=0 op_last=23 encode_start_ms=0 encode_end_ms=0.07037500000000001 commit_at_ms=0.07104099999999999 commit_ms=0.0054589999999999994 gpu_start_ms=0.2531249774619937 gpu_end_ms=0.5167500348761678 commit_to_gpu_start_ms=0.1820839774619937 gpu_idle_before_ms=0.2531249774619937
2026-10-08T13:45:57.110029958Z DEBUG omega::metal::placements_execute_named: chunk_record step=3 plan_shape=decode chunk=2 chunk_count=8 op_first=24 op_last=62 encode_start_ms=0.0775 encode_end_ms=0.18604099999999998 commit_at_ms=0.186166 commit_ms=0.002334 gpu_start_ms=0.5425416165962815 gpu_end_ms=0.8813750464469194 commit_to_gpu_start_ms=0.35637561659628153 gpu_idle_before_ms=0.025791581720113754
2026-10-08T13:45:57.110030500Z DEBUG omega::metal::placements_execute_named: chunk_record step=3 plan_shape=decode chunk=3 chunk_count=8 op_first=63 op_last=116 encode_start_ms=0.18904100000000001 encode_end_ms=0.33725 commit_at_ms=0.337375 commit_ms=0.001958 gpu_start_ms=0.9052916429936886 gpu_end_ms=1.3539999490603805 commit_to_gpu_start_ms=0.5679166429936886 gpu_idle_before_ms=0.023916596546769142
2026-10-08T13:45:57.110031166Z DEBUG omega::metal::placements_execute_named: chunk_record step=3 plan_shape=decode chunk=4 chunk_count=8 op_first=117 op_last=189 encode_start_ms=0.33995800000000004 encode_end_ms=0.544 commit_at_ms=0.544083 commit_ms=0.001833 gpu_start_ms=1.3798750005662441 gpu_end_ms=2.066125045530498 commit_to_gpu_start_ms=0.8357920005662441 gpu_idle_before_ms=0.025875051505863667
2026-10-08T13:45:57.110031666Z DEBUG omega::metal::placements_execute_named: chunk_record step=3 plan_shape=decode chunk=5 chunk_count=8 op_first=190 op_last=287 encode_start_ms=0.546625 encode_end_ms=0.812791 commit_at_ms=0.813041 commit_ms=0.002542 gpu_start_ms=2.078999998047948 gpu_end_ms=3.0531249940395355 commit_to_gpu_start_ms=1.2659589980479478 gpu_idle_before_ms=0.012874952517449856
2026-10-08T13:45:57.110032041Z DEBUG omega::metal::placements_execute_named: chunk_record step=3 plan_shape=decode chunk=6 chunk_count=8 op_first=288 op_last=420 encode_start_ms=0.816833 encode_end_ms=1.159 commit_at_ms=1.159125 commit_ms=0.0025 gpu_start_ms=3.0851250048726797 gpu_end_ms=4.390041693113744 commit_to_gpu_start_ms=1.9260000048726797 gpu_idle_before_ms=0.03200001083314419
2026-10-08T13:45:57.110032458Z DEBUG omega::metal::placements_execute_named: chunk_record step=3 plan_shape=decode chunk=7 chunk_count=8 op_first=421 op_last=599 encode_start_ms=1.162666 encode_end_ms=1.616875 commit_at_ms=1.617 commit_ms=0.002458 gpu_start_ms=4.425875027664006 gpu_end_ms=6.638416671194136 commit_to_gpu_start_ms=2.8088750276640058 gpu_idle_before_ms=0.0358333345502615
2026-10-08T13:45:57.110033083Z DEBUG omega::metal::placements_execute_named: chunk_record step=3 plan_shape=decode chunk=8 chunk_count=8 op_first=600 op_last=841 encode_start_ms=1.6203750000000001 encode_end_ms=2.195625 commit_at_ms=2.1960830000000002 commit_ms=0.002458 gpu_start_ms=6.673916708678007 gpu_end_ms=10.682166670449078 commit_to_gpu_start_ms=4.477833708678007 gpu_idle_before_ms=0.03550003748387098
2026-10-08T13:45:57.110050125Z DEBUG proxima_model_interop::generate::decode: token_breakdown_argmax_split step=3 scan_ms=0 debug_ms=0
2026-10-08T13:45:57.110050541Z DEBUG proxima_model_interop::generate::decode: token_breakdown_gaps step=3 root_select_ms=0.008416 post_evaluate_ms=0.0015 pre_logits_ms=0.001958 checksum_ms=0 fetch_ms=0.000875 argmax_ms=0.000458 logits_hash_ms=0
2026-10-08T13:45:57.110051541Z INFO proxima_model_interop::generate::load_model: token_breakdown: per-decode-step wall-clock attribution step=3 new_count=1 cached_len_before=973 step_wall_ms=11.147708 apply_serving_config_ms=0.000458 build_position_inputs_ms=0.004875 named_blocks_weights_ms=0.031333 named_blocks_kv_ms=0.029291 kv_cache_upload_bytes=0 ssm_state_transfer_bytes=0 evaluate_ms=11.09675 layer_cache_append_ms=0.000791 layer_cache_append_bytes=0 greedy_pick_ms=0.000041
2026-10-08T13:45:57.110062083Z INFO proxima_model_interop::generate::load_model: token_breakdown_metal: per-decode-step metal stage attribution step=3 prepare_calls=0 prepare_ms=0 emit_calls=0 emit_ms=0 pipeline_hits=0 pipeline_misses=0 pipeline_compile_ms=0 block_upload_calls=9 block_upload_ms=0 block_offered_bytes=3092 block_copied_bytes=3092 block_nocopy_bound_bytes=0 block_offset_bound_bytes=0 op_setup_calls=618 op_setup_ms=0.013916 pipeline_lookup_calls=0 pipeline_lookup_ms=0 encode_dispatch_calls=618 physical_dispatch_calls=653 encode_dispatch_ms=1.2855 gpu_exec_calls=8 gpu_exec_ms=8.624 readback_calls=2 readback_ms=0.00325 readback_bytes=8 nocopy_uploads=0 copying_uploads=9 nocopy_reuses=0 resident_uploads=0 resident_reuses=0 mapping_offset_uploads=0 mapping_rebound_blocks=6 mapping_residency_rung=prefault expert_mapping_candidate_uploads=0 expert_mapping_missed_uploads=0 nocopy_cache_len=1 resident_cache_len=0 resident_cache_bytes=0 uniform_cache_len=2 phys_footprint_bytes=6038966336 device_allocated_bytes=3565666304 output_buffer_allocations=0 output_buffer_allocated_bytes=0 checkpoint_mapping_buffer_bytes=3349528576 expert_mapping_buffer_bytes=0 plan_uniform_writes=0 retire_scan_calls=1439 retire_scan_ms=0.107 expert_buffers_lookup_calls=618 expert_buffers_lookup_ms=0.38925 placement_resolve_calls=618 placement_resolve_ms=0.014125 loop_head_calls=842 loop_head_ms=0.207833 encoder_finish_ms=0.000208 pre_encode_calls=1 pre_encode_ms=0.120625 resolve_plan_ms=0.000125 prepare_infer_ms=0 prepare_validate_ms=0 prepare_bind_ms=0 prepare_optimize_ms=0 prepare_retire_ms=0 build_plan_uniforms_ms=0 resolve_steps_ms=0 uniform_buffer_allocations=0 barriers=0 barriers_raw=0 barriers_waw=0 barriers_war=0 barriers_waw_war_arena_recycled=0 barriers_waw_war_persistent=0 expert_source_cache_hits=0 expert_source_cache_misses=0 expert_source_cache_cold_misses=0 expert_source_cache_replacement_misses=0 expert_source_reuse_copy_bytes=0 expert_source_reuse_copy_ms=0 plan_cache_len=0 plan_hits=2 plan_misses=2 plan_refits=0 plan_arena_allocated_bytes=0 segment_arena_allocated_bytes=0 placed_arena_allocated_bytes=146227728 ablation=false kind_filter=
2026-10-08T13:45:57.110341583Z DEBUG omega::metal::placements_execute_named: step_phase step=4 phase=pre_encode start_raw_s=672584.616084666 end_raw_s=672584.616193541
2026-10-08T13:45:57.110404208Z DEBUG omega::metal::placements_execute_named: chunk_phase step=4 chunk=1 phase=encode start_raw_s=672584.616193541 end_raw_s=672584.616251375
2026-10-08T13:45:57.110404500Z DEBUG omega::metal::placements_execute_named: chunk_phase step=4 chunk=1 phase=commit start_raw_s=672584.616251791 end_raw_s=672584.616255958
2026-10-08T13:45:57.110503583Z DEBUG omega::metal::placements_execute_named: chunk_phase step=4 chunk=2 phase=encode start_raw_s=672584.616256833 end_raw_s=672584.616353166
2026-10-08T13:45:57.110503916Z DEBUG omega::metal::placements_execute_named: chunk_phase step=4 chunk=2 phase=commit start_raw_s=672584.616353333 end_raw_s=672584.616355375
2026-10-08T13:45:57.110647833Z DEBUG omega::metal::placements_execute_named: chunk_phase step=4 chunk=3 phase=encode start_raw_s=672584.616356291 end_raw_s=672584.616496666
2026-10-08T13:45:57.110648166Z DEBUG omega::metal::placements_execute_named: chunk_phase step=4 chunk=3 phase=commit start_raw_s=672584.61649675 end_raw_s=672584.616499666
2026-10-08T13:45:57.110844541Z DEBUG omega::metal::placements_execute_named: chunk_phase step=4 chunk=4 phase=encode start_raw_s=672584.6165005 end_raw_s=672584.6166935
2026-10-08T13:45:57.110844791Z DEBUG omega::metal::placements_execute_named: chunk_phase step=4 chunk=4 phase=commit start_raw_s=672584.616693625 end_raw_s=672584.61669625
2026-10-08T13:45:57.111106583Z DEBUG omega::metal::placements_execute_named: chunk_phase step=4 chunk=5 phase=encode start_raw_s=672584.616697125 end_raw_s=672584.616954458
2026-10-08T13:45:57.111106958Z DEBUG omega::metal::placements_execute_named: chunk_phase step=4 chunk=5 phase=commit start_raw_s=672584.616954666 end_raw_s=672584.616958291
2026-10-08T13:45:57.111432000Z DEBUG omega::metal::placements_execute_named: chunk_phase step=4 chunk=6 phase=encode start_raw_s=672584.616959333 end_raw_s=672584.617281583
2026-10-08T13:45:57.111432250Z DEBUG omega::metal::placements_execute_named: chunk_phase step=4 chunk=6 phase=commit start_raw_s=672584.617281666 end_raw_s=672584.617283833
2026-10-08T13:45:57.111865750Z DEBUG omega::metal::placements_execute_named: chunk_phase step=4 chunk=7 phase=encode start_raw_s=672584.617284583 end_raw_s=672584.617714791
2026-10-08T13:45:57.111866125Z DEBUG omega::metal::placements_execute_named: chunk_phase step=4 chunk=7 phase=commit start_raw_s=672584.617714875 end_raw_s=672584.617717541
2026-10-08T13:45:57.112419083Z DEBUG omega::metal::placements_execute_named: chunk_phase step=4 chunk=8 phase=encode start_raw_s=672584.617718458 end_raw_s=672584.618268333
2026-10-08T13:45:57.112419333Z DEBUG omega::metal::placements_execute_named: chunk_phase step=4 chunk=8 phase=commit start_raw_s=672584.618268708 end_raw_s=672584.618270958
2026-10-08T13:45:57.120984666Z DEBUG omega::metal::placements_execute_named: token_breakdown_gpu commit_call_ms=0.0022500000000000003 commit_to_gpu_start_ms=0 gpu_busy_ms=10.272999992594123 gpu_end_to_wait_return_ms=0 sum_ms=10.275249992594123 final_commit_to_wait_ms=8.56625 gpu_start_raw_s=672584.6164179167 gpu_end_raw_s=672584.6266909167 commit_call_start_raw_s=672584.618268708 wait_return_extra_ms=8.563292 chunks=8 first_commit_to_first_gpu_start_ms=0.16612571198493242 encode_overlap_ms=2.011667
2026-10-08T13:45:57.120985958Z DEBUG omega::metal::placements_execute_named: chunk_record step=4 plan_shape=decode chunk=1 chunk_count=8 op_first=0 op_last=23 encode_start_ms=0 encode_end_ms=0.057874999999999996 commit_at_ms=0.058291 commit_ms=0.004167 gpu_start_ms=0.22437574807554483 gpu_end_ms=0.4801257746294141 commit_to_gpu_start_ms=0.16608474807554482 gpu_idle_before_ms=0.22437574807554483
2026-10-08T13:45:57.120986458Z DEBUG omega::metal::placements_execute_named: chunk_record step=4 plan_shape=decode chunk=2 chunk_count=8 op_first=24 op_last=62 encode_start_ms=0.063291 encode_end_ms=0.159666 commit_at_ms=0.159833 commit_ms=0.002042 gpu_start_ms=0.5016257055103779 gpu_end_ms=0.8375007892027497 commit_to_gpu_start_ms=0.3417927055103779 gpu_idle_before_ms=0.021499930880963802
2026-10-08T13:45:57.120986791Z DEBUG omega::metal::placements_execute_named: chunk_record step=4 plan_shape=decode chunk=3 chunk_count=8 op_first=63 op_last=116 encode_start_ms=0.162791 encode_end_ms=0.30312500000000003 commit_at_ms=0.30325 commit_ms=0.002916 gpu_start_ms=0.8590007200837135 gpu_end_ms=1.3065841048955917 commit_to_gpu_start_ms=0.5557507200837135 gpu_idle_before_ms=0.021499930880963802
2026-10-08T13:45:57.120987166Z DEBUG omega::metal::placements_execute_named: chunk_record step=4 plan_shape=decode chunk=4 chunk_count=8 op_first=117 op_last=189 encode_start_ms=0.306958 encode_end_ms=0.5 commit_at_ms=0.500125 commit_ms=0.0026249999999999997 gpu_start_ms=1.3343340251594782 gpu_end_ms=2.017625723965466 commit_to_gpu_start_ms=0.8342090251594781 gpu_idle_before_ms=0.02774992026388645
2026-10-08T13:45:57.120987583Z DEBUG omega::metal::placements_execute_named: chunk_record step=4 plan_shape=decode chunk=5 chunk_count=8 op_first=190 op_last=287 encode_start_ms=0.503625 encode_end_ms=0.760916 commit_at_ms=0.761166 commit_ms=0.003625 gpu_start_ms=2.0453340839594603 gpu_end_ms=2.929084119386971 commit_to_gpu_start_ms=1.2841680839594602 gpu_idle_before_ms=0.027708359993994236
2026-10-08T13:45:57.120987958Z DEBUG omega::metal::placements_execute_named: chunk_record step=4 plan_shape=decode chunk=6 chunk_count=8 op_first=288 op_last=420 encode_start_ms=0.765791 encode_end_ms=1.088041 commit_at_ms=1.088166 commit_ms=0.002167 gpu_start_ms=2.961709047667682 gpu_end_ms=4.269709112122655 commit_to_gpu_start_ms=1.8735430476676822 gpu_idle_before_ms=0.032624928280711174
2026-10-08T13:45:57.120988291Z DEBUG omega::metal::placements_execute_named: chunk_record step=4 plan_shape=decode chunk=7 chunk_count=8 op_first=421 op_last=599 encode_start_ms=1.0910410000000001 encode_end_ms=1.521291 commit_at_ms=1.521375 commit_ms=0.002666 gpu_start_ms=4.299959051422775 gpu_end_ms=6.4643340883776546 commit_to_gpu_start_ms=2.778584051422775 gpu_idle_before_ms=0.030249939300119877
2026-10-08T13:45:57.120988791Z DEBUG omega::metal::placements_execute_named: chunk_record step=4 plan_shape=decode chunk=8 chunk_count=8 op_first=600 op_last=841 encode_start_ms=1.5249160000000002 encode_end_ms=2.074833 commit_at_ms=2.075208 commit_ms=0.0022500000000000003 gpu_start_ms=6.505459081381559 gpu_end_ms=10.497375740669668 commit_to_gpu_start_ms=4.430251081381559 gpu_idle_before_ms=0.04112499300390482
2026-10-08T13:45:57.121008500Z DEBUG proxima_model_interop::generate::decode: token_breakdown_argmax_split step=4 scan_ms=0 debug_ms=0
2026-10-08T13:45:57.121009000Z DEBUG proxima_model_interop::generate::decode: token_breakdown_gaps step=4 root_select_ms=0.006333 post_evaluate_ms=0.0015 pre_logits_ms=0.002333 checksum_ms=0 fetch_ms=0.001083 argmax_ms=0.000458 logits_hash_ms=0
2026-10-08T13:45:57.121010208Z INFO proxima_model_interop::generate::load_model: token_breakdown: per-decode-step wall-clock attribution step=4 new_count=1 cached_len_before=974 step_wall_ms=10.942041 apply_serving_config_ms=0.000333 build_position_inputs_ms=0.004166 named_blocks_weights_ms=0.027 named_blocks_kv_ms=0.025333 kv_cache_upload_bytes=0 ssm_state_transfer_bytes=0 evaluate_ms=10.897375 layer_cache_append_ms=0.000791 layer_cache_append_bytes=0 greedy_pick_ms=0.000041
2026-10-08T13:45:57.121024000Z INFO proxima_model_interop::generate::load_model: token_breakdown_metal: per-decode-step metal stage attribution step=4 prepare_calls=0 prepare_ms=0 emit_calls=0 emit_ms=0 pipeline_hits=0 pipeline_misses=0 pipeline_compile_ms=0 block_upload_calls=9 block_upload_ms=0 block_offered_bytes=3092 block_copied_bytes=3092 block_nocopy_bound_bytes=0 block_offset_bound_bytes=0 op_setup_calls=618 op_setup_ms=0.01075 pipeline_lookup_calls=0 pipeline_lookup_ms=0 encode_dispatch_calls=618 physical_dispatch_calls=653 encode_dispatch_ms=1.229166 gpu_exec_calls=8 gpu_exec_ms=8.566166 readback_calls=2 readback_ms=0.003625 readback_bytes=8 nocopy_uploads=0 copying_uploads=9 nocopy_reuses=0 resident_uploads=0 resident_reuses=0 mapping_offset_uploads=0 mapping_rebound_blocks=6 mapping_residency_rung=prefault expert_mapping_candidate_uploads=0 expert_mapping_missed_uploads=0 nocopy_cache_len=1 resident_cache_len=0 resident_cache_bytes=0 uniform_cache_len=2 phys_footprint_bytes=6038999104 device_allocated_bytes=3565666304 output_buffer_allocations=0 output_buffer_allocated_bytes=0 checkpoint_mapping_buffer_bytes=3349528576 expert_mapping_buffer_bytes=0 plan_uniform_writes=0 retire_scan_calls=1439 retire_scan_ms=0.102666 expert_buffers_lookup_calls=618 expert_buffers_lookup_ms=0.388083 placement_resolve_calls=618 placement_resolve_ms=0.014708 loop_head_calls=842 loop_head_ms=0.163708 encoder_finish_ms=0.000166 pre_encode_calls=1 pre_encode_ms=0.10925 resolve_plan_ms=0.000208 prepare_infer_ms=0 prepare_validate_ms=0 prepare_bind_ms=0 prepare_optimize_ms=0 prepare_retire_ms=0 build_plan_uniforms_ms=0 resolve_steps_ms=0 uniform_buffer_allocations=0 barriers=0 barriers_raw=0 barriers_waw=0 barriers_war=0 barriers_waw_war_arena_recycled=0 barriers_waw_war_persistent=0 expert_source_cache_hits=0 expert_source_cache_misses=0 expert_source_cache_cold_misses=0 expert_source_cache_replacement_misses=0 expert_source_reuse_copy_bytes=0 expert_source_reuse_copy_ms=0 plan_cache_len=0 plan_hits=3 plan_misses=2 plan_refits=0 plan_arena_allocated_bytes=0 segment_arena_allocated_bytes=0 placed_arena_allocated_bytes=146227728 ablation=false kind_filter=
2026-10-08T13:45:57.121357333Z DEBUG omega::metal::placements_execute_named: step_phase step=5 phase=pre_encode start_raw_s=672584.627082791 end_raw_s=672584.62720925
2026-10-08T13:45:57.121437208Z DEBUG omega::metal::placements_execute_named: chunk_phase step=5 chunk=1 phase=encode start_raw_s=672584.62720925 end_raw_s=672584.627282375
2026-10-08T13:45:57.121437375Z DEBUG omega::metal::placements_execute_named: chunk_phase step=5 chunk=1 phase=commit start_raw_s=672584.62728275 end_raw_s=672584.62728875
2026-10-08T13:45:57.121544250Z DEBUG omega::metal::placements_execute_named: chunk_phase step=5 chunk=2 phase=encode start_raw_s=672584.627289708 end_raw_s=672584.627393583
2026-10-08T13:45:57.121544416Z DEBUG omega::metal::placements_execute_named: chunk_phase step=5 chunk=2 phase=commit start_raw_s=672584.627393708 end_raw_s=672584.627396083
2026-10-08T13:45:57.121700416Z DEBUG omega::metal::placements_execute_named: chunk_phase step=5 chunk=3 phase=encode start_raw_s=672584.62739675 end_raw_s=672584.62755
2026-10-08T13:45:57.121700875Z DEBUG omega::metal::placements_execute_named: chunk_phase step=5 chunk=3 phase=commit start_raw_s=672584.627550083 end_raw_s=672584.627552333
2026-10-08T13:45:57.121917125Z DEBUG omega::metal::placements_execute_named: chunk_phase step=5 chunk=4 phase=encode start_raw_s=672584.627553208 end_raw_s=672584.62776625
2026-10-08T13:45:57.121917291Z DEBUG omega::metal::placements_execute_named: chunk_phase step=5 chunk=4 phase=commit start_raw_s=672584.627766333 end_raw_s=672584.627769041
2026-10-08T13:45:57.122218083Z DEBUG omega::metal::placements_execute_named: chunk_phase step=5 chunk=5 phase=encode start_raw_s=672584.627769625 end_raw_s=672584.628066708
2026-10-08T13:45:57.122218250Z DEBUG omega::metal::placements_execute_named: chunk_phase step=5 chunk=5 phase=commit start_raw_s=672584.628066958 end_raw_s=672584.628069875
2026-10-08T13:45:57.122582041Z DEBUG omega::metal::placements_execute_named: chunk_phase step=5 chunk=6 phase=encode start_raw_s=672584.628070625 end_raw_s=672584.628431041
2026-10-08T13:45:57.122582333Z DEBUG omega::metal::placements_execute_named: chunk_phase step=5 chunk=6 phase=commit start_raw_s=672584.628431125 end_raw_s=672584.628433958
2026-10-08T13:45:57.123066416Z DEBUG omega::metal::placements_execute_named: chunk_phase step=5 chunk=7 phase=encode start_raw_s=672584.628434666 end_raw_s=672584.628915291
2026-10-08T13:45:57.123066583Z DEBUG omega::metal::placements_execute_named: chunk_phase step=5 chunk=7 phase=commit start_raw_s=672584.628915416 end_raw_s=672584.628918291
2026-10-08T13:45:57.123686250Z DEBUG omega::metal::placements_execute_named: chunk_phase step=5 chunk=8 phase=encode start_raw_s=672584.628918958 end_raw_s=672584.629534833
2026-10-08T13:45:57.123686583Z DEBUG omega::metal::placements_execute_named: chunk_phase step=5 chunk=8 phase=commit start_raw_s=672584.629535125 end_raw_s=672584.629538333
2026-10-08T13:45:57.132127291Z DEBUG omega::metal::placements_execute_named: token_breakdown_gpu commit_call_ms=0.003208 commit_to_gpu_start_ms=0 gpu_busy_ms=10.385625064373016 gpu_end_to_wait_return_ms=0 sum_ms=10.388833064373017 final_commit_to_wait_ms=8.442208 gpu_start_raw_s=672584.627435875 gpu_end_raw_s=672584.6378215001 commit_call_start_raw_s=672584.629535125 wait_return_extra_ms=8.438374999999999 chunks=8 first_commit_to_first_gpu_start_ms=0.15312503091990948 encode_overlap_ms=2.245291
2026-10-08T13:45:57.132128708Z DEBUG omega::metal::placements_execute_named: chunk_record step=5 plan_shape=decode chunk=1 chunk_count=8 op_first=0 op_last=23 encode_start_ms=0 encode_end_ms=0.073125 commit_at_ms=0.0735 commit_ms=0.006 gpu_start_ms=0.22662500850856304 gpu_end_ms=0.4839167231693864 commit_to_gpu_start_ms=0.15312500850856303 gpu_idle_before_ms=0.22662500850856304
2026-10-08T13:45:57.132129375Z DEBUG omega::metal::placements_execute_named: chunk_record step=5 plan_shape=decode chunk=2 chunk_count=8 op_first=24 op_last=62 encode_start_ms=0.08045799999999999 encode_end_ms=0.18433300000000002 commit_at_ms=0.184458 commit_ms=0.002375 gpu_start_ms=0.505375093780458 gpu_end_ms=0.8391250157728791 commit_to_gpu_start_ms=0.32091709378045796 gpu_idle_before_ms=0.021458370611071587
2026-10-08T13:45:57.132130125Z DEBUG omega::metal::placements_execute_named: chunk_record step=5 plan_shape=decode chunk=3 chunk_count=8 op_first=63 op_last=116 encode_start_ms=0.1875 encode_end_ms=0.340708 commit_at_ms=0.340833 commit_ms=0.0022500000000000003 gpu_start_ms=0.8612500969320536 gpu_end_ms=1.3110000872984529 commit_to_gpu_start_ms=0.5204170969320536 gpu_idle_before_ms=0.022125081159174442
2026-10-08T13:45:57.132130458Z DEBUG omega::metal::placements_execute_named: chunk_record step=5 plan_shape=decode chunk=4 chunk_count=8 op_first=117 op_last=189 encode_start_ms=0.343916 encode_end_ms=0.5569999999999999 commit_at_ms=0.557083 commit_ms=0.0027080000000000003 gpu_start_ms=1.3375000562518835 gpu_end_ms=2.0187500631436706 commit_to_gpu_start_ms=0.7804170562518835 gpu_idle_before_ms=0.026499968953430653
2026-10-08T13:45:57.132131166Z DEBUG omega::metal::placements_execute_named: chunk_record step=5 plan_shape=decode chunk=5 chunk_count=8 op_first=190 op_last=287 encode_start_ms=0.560375 encode_end_ms=0.8574579999999999 commit_at_ms=0.857708 commit_ms=0.0029170000000000003 gpu_start_ms=2.0490000024437904 gpu_end_ms=2.9611666686832905 commit_to_gpu_start_ms=1.1912920024437903 gpu_idle_before_ms=0.030249939300119877
2026-10-08T13:45:57.132131500Z DEBUG omega::metal::placements_execute_named: chunk_record step=5 plan_shape=decode chunk=6 chunk_count=8 op_first=288 op_last=420 encode_start_ms=0.861375 encode_end_ms=1.22175 commit_at_ms=1.221875 commit_ms=0.002833 gpu_start_ms=2.991375047713518 gpu_end_ms=4.309666692279279 commit_to_gpu_start_ms=1.769500047713518 gpu_idle_before_ms=0.03020837903022766
2026-10-08T13:45:57.132132000Z DEBUG omega::metal::placements_execute_named: chunk_record step=5 plan_shape=decode chunk=7 chunk_count=8 op_first=421 op_last=599 encode_start_ms=1.225416 encode_end_ms=1.706041 commit_at_ms=1.706166 commit_ms=0.002875 gpu_start_ms=4.345125053077936 gpu_end_ms=6.5656667575240135 commit_to_gpu_start_ms=2.638959053077936 gpu_idle_before_ms=0.03545836079865694
2026-10-08T13:45:57.132132458Z DEBUG omega::metal::placements_execute_named: chunk_record step=5 plan_shape=decode chunk=8 chunk_count=8 op_first=600 op_last=841 encode_start_ms=1.7096660000000001 encode_end_ms=2.325541 commit_at_ms=2.325875 commit_ms=0.003208 gpu_start_ms=6.610249984078109 gpu_end_ms=10.61225007288158 commit_to_gpu_start_ms=4.284374984078109 gpu_idle_before_ms=0.044583226554095745
2026-10-08T13:45:57.132148583Z DEBUG proxima_model_interop::generate::decode: token_breakdown_argmax_split step=5 scan_ms=0 debug_ms=0
2026-10-08T13:45:57.132149041Z DEBUG proxima_model_interop::generate::decode: token_breakdown_gaps step=5 root_select_ms=0.008166 post_evaluate_ms=0.001375 pre_logits_ms=0.00225 checksum_ms=0 fetch_ms=0.001208 argmax_ms=0.000375 logits_hash_ms=0.000041
2026-10-08T13:45:57.132150166Z INFO proxima_model_interop::generate::load_model: token_breakdown: per-decode-step wall-clock attribution step=5 new_count=1 cached_len_before=975 step_wall_ms=11.118833 apply_serving_config_ms=0.000666 build_position_inputs_ms=0.005083 named_blocks_weights_ms=0.032041 named_blocks_kv_ms=0.03 kv_cache_upload_bytes=0 ssm_state_transfer_bytes=0 evaluate_ms=11.067125 layer_cache_append_ms=0.000583 layer_cache_append_bytes=0 greedy_pick_ms=0
2026-10-08T13:45:57.132161083Z INFO proxima_model_interop::generate::load_model: token_breakdown_metal: per-decode-step metal stage attribution step=5 prepare_calls=0 prepare_ms=0 emit_calls=0 emit_ms=0 pipeline_hits=0 pipeline_misses=0 pipeline_compile_ms=0 block_upload_calls=9 block_upload_ms=0 block_offered_bytes=3092 block_copied_bytes=3092 block_nocopy_bound_bytes=0 block_offset_bound_bytes=0 op_setup_calls=618 op_setup_ms=0.010083 pipeline_lookup_calls=0 pipeline_lookup_ms=0 encode_dispatch_calls=618 physical_dispatch_calls=653 encode_dispatch_ms=1.373166 gpu_exec_calls=8 gpu_exec_ms=8.442125 readback_calls=2 readback_ms=0.003125 readback_bytes=8 nocopy_uploads=0 copying_uploads=9 nocopy_reuses=0 resident_uploads=0 resident_reuses=0 mapping_offset_uploads=0 mapping_rebound_blocks=6 mapping_residency_rung=prefault expert_mapping_candidate_uploads=0 expert_mapping_missed_uploads=0 nocopy_cache_len=1 resident_cache_len=0 resident_cache_bytes=0 uniform_cache_len=2 phys_footprint_bytes=6039130176 device_allocated_bytes=3565666304 output_buffer_allocations=0 output_buffer_allocated_bytes=0 checkpoint_mapping_buffer_bytes=3349528576 expert_mapping_buffer_bytes=0 plan_uniform_writes=0 retire_scan_calls=1439 retire_scan_ms=0.109458 expert_buffers_lookup_calls=618 expert_buffers_lookup_ms=0.423208 placement_resolve_calls=618 placement_resolve_ms=0.01525 loop_head_calls=842 loop_head_ms=0.20475 encoder_finish_ms=0.000291 pre_encode_calls=1 pre_encode_ms=0.127 resolve_plan_ms=0.00025 prepare_infer_ms=0 prepare_validate_ms=0 prepare_bind_ms=0 prepare_optimize_ms=0 prepare_retire_ms=0 build_plan_uniforms_ms=0 resolve_steps_ms=0 uniform_buffer_allocations=0 barriers=0 barriers_raw=0 barriers_waw=0 barriers_war=0 barriers_waw_war_arena_recycled=0 barriers_waw_war_persistent=0 expert_source_cache_hits=0 expert_source_cache_misses=0 expert_source_cache_cold_misses=0 expert_source_cache_replacement_misses=0 expert_source_reuse_copy_bytes=0 expert_source_reuse_copy_ms=0 plan_cache_len=0 plan_hits=4 plan_misses=2 plan_refits=0 plan_arena_allocated_bytes=0 segment_arena_allocated_bytes=0 placed_arena_allocated_bytes=146227728 ablation=false kind_filter=
2026-10-08T13:45:57.132462541Z DEBUG omega::metal::placements_execute_named: step_phase step=6 phase=pre_encode start_raw_s=672584.638199875 end_raw_s=672584.638314666
2026-10-08T13:45:57.132529416Z DEBUG omega::metal::placements_execute_named: chunk_phase step=6 chunk=1 phase=encode start_raw_s=672584.638314666 end_raw_s=672584.638376458
2026-10-08T13:45:57.132529583Z DEBUG omega::metal::placements_execute_named: chunk_phase step=6 chunk=1 phase=commit start_raw_s=672584.638376833 end_raw_s=672584.638381208
2026-10-08T13:45:57.132636791Z DEBUG omega::metal::placements_execute_named: chunk_phase step=6 chunk=2 phase=encode start_raw_s=672584.638381916 end_raw_s=672584.638486333
2026-10-08T13:45:57.132637083Z DEBUG omega::metal::placements_execute_named: chunk_phase step=6 chunk=2 phase=commit start_raw_s=672584.638486458 end_raw_s=672584.638488583
2026-10-08T13:45:57.132789375Z DEBUG omega::metal::placements_execute_named: chunk_phase step=6 chunk=3 phase=encode start_raw_s=672584.638489583 end_raw_s=672584.638639208
2026-10-08T13:45:57.132789791Z DEBUG omega::metal::placements_execute_named: chunk_phase step=6 chunk=3 phase=commit start_raw_s=672584.638639291 end_raw_s=672584.638641333
2026-10-08T13:45:57.133003125Z DEBUG omega::metal::placements_execute_named: chunk_phase step=6 chunk=4 phase=encode start_raw_s=672584.638642208 end_raw_s=672584.63885275
2026-10-08T13:45:57.133003291Z DEBUG omega::metal::placements_execute_named: chunk_phase step=6 chunk=4 phase=commit start_raw_s=672584.638852833 end_raw_s=672584.638855083
2026-10-08T13:45:57.133286750Z DEBUG omega::metal::placements_execute_named: chunk_phase step=6 chunk=5 phase=encode start_raw_s=672584.638855625 end_raw_s=672584.639135916
2026-10-08T13:45:57.133286958Z DEBUG omega::metal::placements_execute_named: chunk_phase step=6 chunk=5 phase=commit start_raw_s=672584.639136083 end_raw_s=672584.639138541
2026-10-08T13:45:57.133653791Z DEBUG omega::metal::placements_execute_named: chunk_phase step=6 chunk=6 phase=encode start_raw_s=672584.639139291 end_raw_s=672584.639501333
2026-10-08T13:45:57.133653958Z DEBUG omega::metal::placements_execute_named: chunk_phase step=6 chunk=6 phase=commit start_raw_s=672584.639501416 end_raw_s=672584.639505708
2026-10-08T13:45:57.134131083Z DEBUG omega::metal::placements_execute_named: chunk_phase step=6 chunk=7 phase=encode start_raw_s=672584.639506291 end_raw_s=672584.639980791
2026-10-08T13:45:57.134131250Z DEBUG omega::metal::placements_execute_named: chunk_phase step=6 chunk=7 phase=commit start_raw_s=672584.639980833 end_raw_s=672584.639983
2026-10-08T13:45:57.134757125Z DEBUG omega::metal::placements_execute_named: chunk_phase step=6 chunk=8 phase=encode start_raw_s=672584.639983583 end_raw_s=672584.640605958
2026-10-08T13:45:57.134757250Z DEBUG omega::metal::placements_execute_named: chunk_phase step=6 chunk=8 phase=commit start_raw_s=672584.640606416 end_raw_s=672584.640609083
2026-10-08T13:45:57.143182875Z DEBUG omega::metal::placements_execute_named: token_breakdown_gpu commit_call_ms=0.0027089999999999996 commit_to_gpu_start_ms=0 gpu_busy_ms=10.401999927125871 gpu_end_to_wait_return_ms=0 sum_ms=10.40470892712587 final_commit_to_wait_ms=8.426625 gpu_start_raw_s=672584.6385075 gpu_end_raw_s=672584.6489095 commit_call_start_raw_s=672584.640606416 wait_return_extra_ms=8.423375 chunks=8 first_commit_to_first_gpu_start_ms=0.13066700194031 encode_overlap_ms=2.224167
2026-10-08T13:45:57.143184000Z DEBUG omega::metal::placements_execute_named: chunk_record step=6 plan_shape=decode chunk=1 chunk_count=8 op_first=0 op_last=23 encode_start_ms=0 encode_end_ms=0.061833 commit_at_ms=0.062208 commit_ms=0.0043749999999999995 gpu_start_ms=0.1928340643644333 gpu_end_ms=0.4508340498432517 commit_to_gpu_start_ms=0.1306260643644333 gpu_idle_before_ms=0.1928340643644333
2026-10-08T13:45:57.143184791Z DEBUG omega::metal::placements_execute_named: chunk_record step=6 plan_shape=decode chunk=2 chunk_count=8 op_first=24 op_last=62 encode_start_ms=0.067291 encode_end_ms=0.171708 commit_at_ms=0.171833 commit_ms=0.002125 gpu_start_ms=0.47233409713953733 gpu_end_ms=0.8054591016843915 commit_to_gpu_start_ms=0.3005010971395373 gpu_idle_before_ms=0.02150004729628563
2026-10-08T13:45:57.143185250Z DEBUG omega::metal::placements_execute_named: chunk_record step=6 plan_shape=decode chunk=3 chunk_count=8 op_first=63 op_last=116 encode_start_ms=0.17491600000000002 encode_end_ms=0.324541 commit_at_ms=0.324666 commit_ms=0.002042 gpu_start_ms=0.8283756906166673 gpu_end_ms=1.2822507414966822 commit_to_gpu_start_ms=0.5037096906166673 gpu_idle_before_ms=0.022916588932275772
2026-10-08T13:45:57.143185958Z DEBUG omega::metal::placements_execute_named: chunk_record step=6 plan_shape=decode chunk=4 chunk_count=8 op_first=117 op_last=189 encode_start_ms=0.327583 encode_end_ms=0.538083 commit_at_ms=0.538208 commit_ms=0.0022500000000000003 gpu_start_ms=1.308209029957652 gpu_end_ms=2.0012507447972894 commit_to_gpu_start_ms=0.7700010299576521 gpu_idle_before_ms=0.025958288460969925
2026-10-08T13:45:57.143186625Z DEBUG omega::metal::placements_execute_named: chunk_record step=6 plan_shape=decode chunk=5 chunk_count=8 op_first=190 op_last=287 encode_start_ms=0.541 encode_end_ms=0.82125 commit_at_ms=0.8214579999999999 commit_ms=0.002458 gpu_start_ms=2.026209025643766 gpu_end_ms=2.939834026619792 commit_to_gpu_start_ms=1.2047510256437661 gpu_idle_before_ms=0.024958280846476555
2026-10-08T13:45:57.143187083Z DEBUG omega::metal::placements_execute_named: chunk_record step=6 plan_shape=decode chunk=6 chunk_count=8 op_first=288 op_last=420 encode_start_ms=0.824625 encode_end_ms=1.186666 commit_at_ms=1.186791 commit_ms=0.004292 gpu_start_ms=2.9749590903520584 gpu_end_ms=4.2947507463395596 commit_to_gpu_start_ms=1.7881680903520585 gpu_idle_before_ms=0.035125063732266426
2026-10-08T13:45:57.143187625Z DEBUG omega::metal::placements_execute_named: chunk_record step=6 plan_shape=decode chunk=7 chunk_count=8 op_first=421 op_last=599 encode_start_ms=1.191625 encode_end_ms=1.666125 commit_at_ms=1.66625 commit_ms=0.002166 gpu_start_ms=4.324125708080828 gpu_end_ms=6.603459012694657 commit_to_gpu_start_ms=2.6578757080808284 gpu_idle_before_ms=0.029374961741268635
2026-10-08T13:45:57.143188041Z DEBUG omega::metal::placements_execute_named: chunk_record step=6 plan_shape=decode chunk=8 chunk_count=8 op_first=600 op_last=841 encode_start_ms=1.668916 encode_end_ms=2.291333 commit_at_ms=2.291791 commit_ms=0.0027089999999999996 gpu_start_ms=6.636209087446332 gpu_end_ms=10.594833991490304 commit_to_gpu_start_ms=4.344418087446332 gpu_idle_before_ms=0.03275007475167513
2026-10-08T13:45:57.143207916Z DEBUG proxima_model_interop::generate::decode: token_breakdown_argmax_split step=6 scan_ms=0 debug_ms=0
2026-10-08T13:45:57.143208541Z DEBUG proxima_model_interop::generate::decode: token_breakdown_gaps step=6 root_select_ms=0.007333 post_evaluate_ms=0.001833 pre_logits_ms=0.002458 checksum_ms=0 fetch_ms=0.00125 argmax_ms=0.000583 logits_hash_ms=0
2026-10-08T13:45:57.143210000Z INFO proxima_model_interop::generate::load_model: token_breakdown: per-decode-step wall-clock attribution step=6 new_count=1 cached_len_before=976 step_wall_ms=11.042291 apply_serving_config_ms=0.000416 build_position_inputs_ms=0.004708 named_blocks_weights_ms=0.029916 named_blocks_kv_ms=0.028125 kv_cache_upload_bytes=0 ssm_state_transfer_bytes=0 evaluate_ms=10.99275 layer_cache_append_ms=0.000625 layer_cache_append_bytes=0 greedy_pick_ms=0
2026-10-08T13:45:57.143222583Z INFO proxima_model_interop::generate::load_model: token_breakdown_metal: per-decode-step metal stage attribution step=6 prepare_calls=0 prepare_ms=0 emit_calls=0 emit_ms=0 pipeline_hits=0 pipeline_misses=0 pipeline_compile_ms=0 block_upload_calls=9 block_upload_ms=0 block_offered_bytes=3092 block_copied_bytes=3092 block_nocopy_bound_bytes=0 block_offset_bound_bytes=0 op_setup_calls=618 op_setup_ms=0.012916 pipeline_lookup_calls=0 pipeline_lookup_ms=0 encode_dispatch_calls=618 physical_dispatch_calls=653 encode_dispatch_ms=1.346666 gpu_exec_calls=8 gpu_exec_ms=8.4265 readback_calls=2 readback_ms=0.003916 readback_bytes=8 nocopy_uploads=0 copying_uploads=9 nocopy_reuses=0 resident_uploads=0 resident_reuses=0 mapping_offset_uploads=0 mapping_rebound_blocks=6 mapping_residency_rung=prefault expert_mapping_candidate_uploads=0 expert_mapping_missed_uploads=0 nocopy_cache_len=1 resident_cache_len=0 resident_cache_bytes=0 uniform_cache_len=2 phys_footprint_bytes=6039179328 device_allocated_bytes=3565666304 output_buffer_allocations=0 output_buffer_allocated_bytes=0 checkpoint_mapping_buffer_bytes=3349528576 expert_mapping_buffer_bytes=0 plan_uniform_writes=0 retire_scan_calls=1439 retire_scan_ms=0.113166 expert_buffers_lookup_calls=618 expert_buffers_lookup_ms=0.426791 placement_resolve_calls=618 placement_resolve_ms=0.015833 loop_head_calls=842 loop_head_ms=0.198875 encoder_finish_ms=0.00025 pre_encode_calls=1 pre_encode_ms=0.115 resolve_plan_ms=0.000208 prepare_infer_ms=0 prepare_validate_ms=0 prepare_bind_ms=0 prepare_optimize_ms=0 prepare_retire_ms=0 build_plan_uniforms_ms=0 resolve_steps_ms=0 uniform_buffer_allocations=0 barriers=0 barriers_raw=0 barriers_waw=0 barriers_war=0 barriers_waw_war_arena_recycled=0 barriers_waw_war_persistent=0 expert_source_cache_hits=0 expert_source_cache_misses=0 expert_source_cache_cold_misses=0 expert_source_cache_replacement_misses=0 expert_source_reuse_copy_bytes=0 expert_source_reuse_copy_ms=0 plan_cache_len=0 plan_hits=5 plan_misses=2 plan_refits=0 plan_arena_allocated_bytes=0 segment_arena_allocated_bytes=0 placed_arena_allocated_bytes=146227728 ablation=false kind_filter=
2026-10-08T13:45:57.143573583Z DEBUG omega::metal::placements_execute_named: step_phase step=7 phase=pre_encode start_raw_s=672584.649293166 end_raw_s=672584.649425708
2026-10-08T13:45:57.143654625Z DEBUG omega::metal::placements_execute_named: chunk_phase step=7 chunk=1 phase=encode start_raw_s=672584.649425708 end_raw_s=672584.64950025
2026-10-08T13:45:57.143654833Z DEBUG omega::metal::placements_execute_named: chunk_phase step=7 chunk=1 phase=commit start_raw_s=672584.649500666 end_raw_s=672584.649506416
2026-10-08T13:45:57.143780375Z DEBUG omega::metal::placements_execute_named: chunk_phase step=7 chunk=2 phase=encode start_raw_s=672584.649507208 end_raw_s=672584.649629375
2026-10-08T13:45:57.143780583Z DEBUG omega::metal::placements_execute_named: chunk_phase step=7 chunk=2 phase=commit start_raw_s=672584.6496295 end_raw_s=672584.649632208
2026-10-08T13:45:57.143957875Z DEBUG omega::metal::placements_execute_named: chunk_phase step=7 chunk=3 phase=encode start_raw_s=672584.649632916 end_raw_s=672584.649807083
2026-10-08T13:45:57.143958041Z DEBUG omega::metal::placements_execute_named: chunk_phase step=7 chunk=3 phase=commit start_raw_s=672584.649807208 end_raw_s=672584.649809708
2026-10-08T13:45:57.144214000Z DEBUG omega::metal::placements_execute_named: chunk_phase step=7 chunk=4 phase=encode start_raw_s=672584.649810416 end_raw_s=672584.650062166
2026-10-08T13:45:57.144214166Z DEBUG omega::metal::placements_execute_named: chunk_phase step=7 chunk=4 phase=commit start_raw_s=672584.650062291 end_raw_s=672584.650065791
2026-10-08T13:45:57.144536208Z DEBUG omega::metal::placements_execute_named: chunk_phase step=7 chunk=5 phase=encode start_raw_s=672584.650066583 end_raw_s=672584.650384208
2026-10-08T13:45:57.144536416Z DEBUG omega::metal::placements_execute_named: chunk_phase step=7 chunk=5 phase=commit start_raw_s=672584.6503845 end_raw_s=672584.650387833
2026-10-08T13:45:57.144954083Z DEBUG omega::metal::placements_execute_named: chunk_phase step=7 chunk=6 phase=encode start_raw_s=672584.65038875 end_raw_s=672584.650802541
2026-10-08T13:45:57.144954291Z DEBUG omega::metal::placements_execute_named: chunk_phase step=7 chunk=6 phase=commit start_raw_s=672584.650802625 end_raw_s=672584.650805916
2026-10-08T13:45:57.145506500Z DEBUG omega::metal::placements_execute_named: chunk_phase step=7 chunk=7 phase=encode start_raw_s=672584.650806666 end_raw_s=672584.651355166
2026-10-08T13:45:57.145506750Z DEBUG omega::metal::placements_execute_named: chunk_phase step=7 chunk=7 phase=commit start_raw_s=672584.65135525 end_raw_s=672584.651358333
2026-10-08T13:45:57.146218916Z DEBUG omega::metal::placements_execute_named: chunk_phase step=7 chunk=8 phase=encode start_raw_s=672584.651359208 end_raw_s=672584.65206775
2026-10-08T13:45:57.146219250Z DEBUG omega::metal::placements_execute_named: chunk_phase step=7 chunk=8 phase=commit start_raw_s=672584.652068416 end_raw_s=672584.652070958
2026-10-08T13:45:57.154178791Z DEBUG omega::metal::placements_execute_named: token_breakdown_gpu commit_call_ms=0.0025 commit_to_gpu_start_ms=0 gpu_busy_ms=10.239750030450523 gpu_end_to_wait_return_ms=0 sum_ms=10.242250030450522 final_commit_to_wait_ms=7.960666 gpu_start_raw_s=672584.64964025 gpu_end_raw_s=672584.65988 commit_call_start_raw_s=672584.652068416 wait_return_extra_ms=7.957374999999999 chunks=8 first_commit_to_first_gpu_start_ms=0.13958406634628773 encode_overlap_ms=2.560958
2026-10-08T13:45:57.154179833Z DEBUG omega::metal::placements_execute_named: chunk_record step=7 plan_shape=decode chunk=1 chunk_count=8 op_first=0 op_last=23 encode_start_ms=0 encode_end_ms=0.07454200000000001 commit_at_ms=0.075 commit_ms=0.00575 gpu_start_ms=0.21454202942550182 gpu_end_ms=0.47183374408632517 commit_to_gpu_start_ms=0.1395420294255018 gpu_idle_before_ms=0.21454202942550182
2026-10-08T13:45:57.154180416Z DEBUG omega::metal::placements_execute_named: chunk_record step=7 plan_shape=decode chunk=2 chunk_count=8 op_first=24 op_last=62 encode_start_ms=0.0815 encode_end_ms=0.203667 commit_at_ms=0.203875 commit_ms=0.002667 gpu_start_ms=0.4931670846417546 gpu_end_ms=0.8277921006083488 commit_to_gpu_start_ms=0.2892920846417546 gpu_idle_before_ms=0.02133334055542946
2026-10-08T13:45:57.154180916Z DEBUG omega::metal::placements_execute_named: chunk_record step=7 plan_shape=decode chunk=3 chunk_count=8 op_first=63 op_last=116 encode_start_ms=0.20725 encode_end_ms=0.38137499999999996 commit_at_ms=0.381542 commit_ms=0.0025 gpu_start_ms=0.8499170653522015 gpu_end_ms=1.2995420256629586 commit_to_gpu_start_ms=0.46837506535220147 gpu_idle_before_ms=0.022124964743852615
2026-10-08T13:45:57.154181458Z DEBUG omega::metal::placements_execute_named: chunk_record step=7 plan_shape=decode chunk=4 chunk_count=8 op_first=117 op_last=189 encode_start_ms=0.384709 encode_end_ms=0.6365000000000001 commit_at_ms=0.636625 commit_ms=0.0035 gpu_start_ms=1.327292062342167 gpu_end_ms=2.0101669942960143 commit_to_gpu_start_ms=0.6906670623421669 gpu_idle_before_ms=0.02775003667920828
2026-10-08T13:45:57.154181958Z DEBUG omega::metal::placements_execute_named: chunk_record step=7 plan_shape=decode chunk=5 chunk_count=8 op_first=190 op_last=287 encode_start_ms=0.640875 encode_end_ms=0.958542 commit_at_ms=0.958834 commit_ms=0.003375 gpu_start_ms=2.027542097494006 gpu_end_ms=2.8904586797580123 commit_to_gpu_start_ms=1.0687080974940062 gpu_idle_before_ms=0.017375103197991848
2026-10-08T13:45:57.154182375Z DEBUG omega::metal::placements_execute_named: chunk_record step=7 plan_shape=decode chunk=6 chunk_count=8 op_first=288 op_last=420 encode_start_ms=0.963084 encode_end_ms=1.376834 commit_at_ms=1.376959 commit_ms=0.003291 gpu_start_ms=2.9187920736148953 gpu_end_ms=4.2530420469120145 commit_to_gpu_start_ms=1.5418330736148953 gpu_idle_before_ms=0.02833339385688305
2026-10-08T13:45:57.154182875Z DEBUG omega::metal::placements_execute_named: chunk_record step=7 plan_shape=decode chunk=7 chunk_count=8 op_first=421 op_last=599 encode_start_ms=1.380959 encode_end_ms=1.9294589999999998 commit_at_ms=1.929584 commit_ms=0.003083 gpu_start_ms=4.282542038708925 gpu_end_ms=6.503333686850965 commit_to_gpu_start_ms=2.352958038708925 gpu_idle_before_ms=0.029499991796910763
2026-10-08T13:45:57.154183500Z DEBUG omega::metal::placements_execute_named: chunk_record step=7 plan_shape=decode chunk=8 chunk_count=8 op_first=600 op_last=841 encode_start_ms=1.9335419999999999 encode_end_ms=2.642042 commit_at_ms=2.642792 commit_ms=0.0025 gpu_start_ms=6.547291995957494 gpu_end_ms=10.454292059876025 commit_to_gpu_start_ms=3.9044999959574938 gpu_idle_before_ms=0.04395830910652876
2026-10-08T13:45:57.154201500Z DEBUG proxima_model_interop::generate::decode: token_breakdown_argmax_split step=7 scan_ms=0 debug_ms=0
2026-10-08T13:45:57.154205333Z DEBUG proxima_model_interop::generate::decode: token_breakdown_gaps step=7 root_select_ms=0.007916 post_evaluate_ms=0.001583 pre_logits_ms=0.0025 checksum_ms=0 fetch_ms=0.00125 argmax_ms=0.000541 logits_hash_ms=0
2026-10-08T13:45:57.154206666Z INFO proxima_model_interop::generate::load_model: token_breakdown: per-decode-step wall-clock attribution step=7 new_count=1 cached_len_before=977 step_wall_ms=10.97675 apply_serving_config_ms=0.000416 build_position_inputs_ms=0.005875 named_blocks_weights_ms=0.034208 named_blocks_kv_ms=0.031791 kv_cache_upload_bytes=0 ssm_state_transfer_bytes=0 evaluate_ms=10.918291 layer_cache_append_ms=0.000625 layer_cache_append_bytes=0 greedy_pick_ms=0
2026-10-08T13:45:57.154216791Z INFO proxima_model_interop::generate::load_model: token_breakdown_metal: per-decode-step metal stage attribution step=7 prepare_calls=0 prepare_ms=0 emit_calls=0 emit_ms=0 pipeline_hits=0 pipeline_misses=0 pipeline_compile_ms=0 block_upload_calls=9 block_upload_ms=0 block_offered_bytes=3092 block_copied_bytes=3092 block_nocopy_bound_bytes=0 block_offset_bound_bytes=0 op_setup_calls=618 op_setup_ms=0.011083 pipeline_lookup_calls=0 pipeline_lookup_ms=0 encode_dispatch_calls=618 physical_dispatch_calls=653 encode_dispatch_ms=1.571208 gpu_exec_calls=8 gpu_exec_ms=7.960541 readback_calls=2 readback_ms=0.003416 readback_bytes=8 nocopy_uploads=0 copying_uploads=9 nocopy_reuses=0 resident_uploads=0 resident_reuses=0 mapping_offset_uploads=0 mapping_rebound_blocks=6 mapping_residency_rung=prefault expert_mapping_candidate_uploads=0 expert_mapping_missed_uploads=0 nocopy_cache_len=1 resident_cache_len=0 resident_cache_bytes=0 uniform_cache_len=2 phys_footprint_bytes=6039294016 device_allocated_bytes=3565666304 output_buffer_allocations=0 output_buffer_allocated_bytes=0 checkpoint_mapping_buffer_bytes=3349528576 expert_mapping_buffer_bytes=0 plan_uniform_writes=0 retire_scan_calls=1439 retire_scan_ms=0.131541 expert_buffers_lookup_calls=618 expert_buffers_lookup_ms=0.483166 placement_resolve_calls=618 placement_resolve_ms=0.019041 loop_head_calls=842 loop_head_ms=0.216416 encoder_finish_ms=0.000291 pre_encode_calls=1 pre_encode_ms=0.132791 resolve_plan_ms=0.000125 prepare_infer_ms=0 prepare_validate_ms=0 prepare_bind_ms=0 prepare_optimize_ms=0 prepare_retire_ms=0 build_plan_uniforms_ms=0 resolve_steps_ms=0 uniform_buffer_allocations=0 barriers=0 barriers_raw=0 barriers_waw=0 barriers_war=0 barriers_waw_war_arena_recycled=0 barriers_waw_war_persistent=0 expert_source_cache_hits=0 expert_source_cache_misses=0 expert_source_cache_cold_misses=0 expert_source_cache_replacement_misses=0 expert_source_reuse_copy_bytes=0 expert_source_reuse_copy_ms=0 plan_cache_len=0 plan_hits=6 plan_misses=2 plan_refits=0 plan_arena_allocated_bytes=0 segment_arena_allocated_bytes=0 placed_arena_allocated_bytes=146227728 ablation=false kind_filter=
2026-10-08T13:45:57.154564916Z DEBUG omega::metal::placements_execute_named: step_phase step=8 phase=pre_encode start_raw_s=672584.660287333 end_raw_s=672584.660416916
2026-10-08T13:45:57.154647000Z DEBUG omega::metal::placements_execute_named: chunk_phase step=8 chunk=1 phase=encode start_raw_s=672584.660416916 end_raw_s=672584.660493916
2026-10-08T13:45:57.154647166Z DEBUG omega::metal::placements_execute_named: chunk_phase step=8 chunk=1 phase=commit start_raw_s=672584.660494375 end_raw_s=672584.660498791
2026-10-08T13:45:57.154768375Z DEBUG omega::metal::placements_execute_named: chunk_phase step=8 chunk=2 phase=encode start_raw_s=672584.660499541 end_raw_s=672584.660617583
2026-10-08T13:45:57.154768583Z DEBUG omega::metal::placements_execute_named: chunk_phase step=8 chunk=2 phase=commit start_raw_s=672584.660617708 end_raw_s=672584.66062025
2026-10-08T13:45:57.154944333Z DEBUG omega::metal::placements_execute_named: chunk_phase step=8 chunk=3 phase=encode start_raw_s=672584.660620916 end_raw_s=672584.660793875
2026-10-08T13:45:57.154944541Z DEBUG omega::metal::placements_execute_named: chunk_phase step=8 chunk=3 phase=commit start_raw_s=672584.660793958 end_raw_s=672584.660796208
2026-10-08T13:45:57.155192875Z DEBUG omega::metal::placements_execute_named: chunk_phase step=8 chunk=4 phase=encode start_raw_s=672584.660796958 end_raw_s=672584.661041125
2026-10-08T13:45:57.155193041Z DEBUG omega::metal::placements_execute_named: chunk_phase step=8 chunk=4 phase=commit start_raw_s=672584.66104125 end_raw_s=672584.661044666
2026-10-08T13:45:57.155581250Z DEBUG omega::metal::placements_execute_named: chunk_phase step=8 chunk=5 phase=encode start_raw_s=672584.661045416 end_raw_s=672584.661429166
2026-10-08T13:45:57.155581458Z DEBUG omega::metal::placements_execute_named: chunk_phase step=8 chunk=5 phase=commit start_raw_s=672584.661429416 end_raw_s=672584.661432916
2026-10-08T13:45:57.155996708Z DEBUG omega::metal::placements_execute_named: chunk_phase step=8 chunk=6 phase=encode start_raw_s=672584.661433958 end_raw_s=672584.661845708
2026-10-08T13:45:57.155996916Z DEBUG omega::metal::placements_execute_named: chunk_phase step=8 chunk=6 phase=commit start_raw_s=672584.661845791 end_raw_s=672584.661848583
2026-10-08T13:45:57.156571833Z DEBUG omega::metal::placements_execute_named: chunk_phase step=8 chunk=7 phase=encode start_raw_s=672584.661849416 end_raw_s=672584.662420291
2026-10-08T13:45:57.156572041Z DEBUG omega::metal::placements_execute_named: chunk_phase step=8 chunk=7 phase=commit start_raw_s=672584.662420416 end_raw_s=672584.662423666
2026-10-08T13:45:57.157311666Z DEBUG omega::metal::placements_execute_named: chunk_phase step=8 chunk=8 phase=encode start_raw_s=672584.662424416 end_raw_s=672584.663160458
2026-10-08T13:45:57.157311833Z DEBUG omega::metal::placements_execute_named: chunk_phase step=8 chunk=8 phase=commit start_raw_s=672584.663160916 end_raw_s=672584.663163541
2026-10-08T13:45:57.165224208Z DEBUG omega::metal::placements_execute_named: token_breakdown_gpu commit_call_ms=0.002667 commit_to_gpu_start_ms=0 gpu_busy_ms=10.298750014044344 gpu_end_to_wait_return_ms=0 sum_ms=10.301417014044345 final_commit_to_wait_ms=7.91375 gpu_start_raw_s=672584.6606291251 gpu_end_raw_s=672584.6709278751 commit_call_start_raw_s=672584.663160916 wait_return_extra_ms=7.910375000000001 chunks=8 first_commit_to_first_gpu_start_ms=0.13475003652274609 encode_overlap_ms=2.6610840000000002
2026-10-08T13:45:57.165225458Z DEBUG omega::metal::placements_execute_named: chunk_record step=8 plan_shape=decode chunk=1 chunk_count=8 op_first=0 op_last=23 encode_start_ms=0 encode_end_ms=0.077 commit_at_ms=0.0775 commit_ms=0.004416 gpu_start_ms=0.21220906637609005 gpu_end_ms=0.474875676445663 commit_to_gpu_start_ms=0.13470906637609004 gpu_idle_before_ms=0.21220906637609005
2026-10-08T13:45:57.165226083Z DEBUG omega::metal::placements_execute_named: chunk_record step=8 plan_shape=decode chunk=2 chunk_count=8 op_first=24 op_last=62 encode_start_ms=0.082625 encode_end_ms=0.200666 commit_at_ms=0.200833 commit_ms=0.002542 gpu_start_ms=0.4990840097889304 gpu_end_ms=0.8306256495416164 commit_to_gpu_start_ms=0.2982510097889304 gpu_idle_before_ms=0.02420833334326744
2026-10-08T13:45:57.165226500Z DEBUG omega::metal::placements_execute_named: chunk_record step=8 plan_shape=decode chunk=3 chunk_count=8 op_first=63 op_last=116 encode_start_ms=0.204041 encode_end_ms=0.376958 commit_at_ms=0.377083 commit_ms=0.0022919999999999998 gpu_start_ms=0.852834084071219 gpu_end_ms=1.3012506533414125 commit_to_gpu_start_ms=0.47575108407121897 gpu_idle_before_ms=0.022208434529602528
2026-10-08T13:45:57.165226916Z DEBUG omega::metal::placements_execute_named: chunk_record step=8 plan_shape=decode chunk=4 chunk_count=8 op_first=117 op_last=189 encode_start_ms=0.380041 encode_end_ms=0.624208 commit_at_ms=0.624375 commit_ms=0.003416 gpu_start_ms=1.328333979472518 gpu_end_ms=2.00887571554631 commit_to_gpu_start_ms=0.703958979472518 gpu_idle_before_ms=0.027083326131105423
2026-10-08T13:45:57.165227541Z DEBUG omega::metal::placements_execute_named: chunk_record step=8 plan_shape=decode chunk=5 chunk_count=8 op_first=190 op_last=287 encode_start_ms=0.6285000000000001 encode_end_ms=1.0122499999999999 commit_at_ms=1.0125410000000001 commit_ms=0.0035 gpu_start_ms=2.035000710748136 gpu_end_ms=2.8988340636715293 commit_to_gpu_start_ms=1.022459710748136 gpu_idle_before_ms=0.026124995201826096
2026-10-08T13:45:57.165227958Z DEBUG omega::metal::placements_execute_named: chunk_record step=8 plan_shape=decode chunk=6 chunk_count=8 op_first=288 op_last=420 encode_start_ms=1.017041 encode_end_ms=1.428791 commit_at_ms=1.4289159999999999 commit_ms=0.002792 gpu_start_ms=2.9360840562731028 gpu_end_ms=4.2563340393826365 commit_to_gpu_start_ms=1.507168056273103 gpu_idle_before_ms=0.03724999260157347
2026-10-08T13:45:57.165228375Z DEBUG omega::metal::placements_execute_named: chunk_record step=8 plan_shape=decode chunk=7 chunk_count=8 op_first=421 op_last=599 encode_start_ms=1.432541 encode_end_ms=2.003416 commit_at_ms=2.0035410000000002 commit_ms=0.00325 gpu_start_ms=4.286459065042436 gpu_end_ms=6.475250702351332 commit_to_gpu_start_ms=2.282918065042436 gpu_idle_before_ms=0.030125025659799576
2026-10-08T13:45:57.165228750Z DEBUG omega::metal::placements_execute_named: chunk_record step=8 plan_shape=decode chunk=8 chunk_count=8 op_first=600 op_last=841 encode_start_ms=2.0075000000000003 encode_end_ms=2.743541 commit_at_ms=2.744041 commit_ms=0.002667 gpu_start_ms=6.514459033496678 gpu_end_ms=10.510959080420434 commit_to_gpu_start_ms=3.7704180334966777 gpu_idle_before_ms=0.039208331145346165
2026-10-08T13:45:57.165245958Z DEBUG proxima_model_interop::generate::decode: token_breakdown_argmax_split step=8 scan_ms=0 debug_ms=0
2026-10-08T13:45:57.165246625Z DEBUG proxima_model_interop::generate::decode: token_breakdown_gaps step=8 root_select_ms=0.007416 post_evaluate_ms=0.001583 pre_logits_ms=0.002208 checksum_ms=0 fetch_ms=0.001208 argmax_ms=0.000541 logits_hash_ms=0.000041
2026-10-08T13:45:57.165247958Z INFO proxima_model_interop::generate::load_model: token_breakdown: per-decode-step wall-clock attribution step=8 new_count=1 cached_len_before=978 step_wall_ms=11.02425 apply_serving_config_ms=0.0005 build_position_inputs_ms=0.005875 named_blocks_weights_ms=0.03375 named_blocks_kv_ms=0.031458 kv_cache_upload_bytes=0 ssm_state_transfer_bytes=0 evaluate_ms=10.970166 layer_cache_append_ms=0.000583 layer_cache_append_bytes=0 greedy_pick_ms=0.000041
2026-10-08T13:45:57.165262500Z INFO proxima_model_interop::generate::load_model: token_breakdown_metal: per-decode-step metal stage attribution step=8 prepare_calls=0 prepare_ms=0 emit_calls=0 emit_ms=0 pipeline_hits=0 pipeline_misses=0 pipeline_compile_ms=0 block_upload_calls=9 block_upload_ms=0 block_offered_bytes=3092 block_copied_bytes=3092 block_nocopy_bound_bytes=0 block_offset_bound_bytes=0 op_setup_calls=618 op_setup_ms=0.011666 pipeline_lookup_calls=0 pipeline_lookup_ms=0 encode_dispatch_calls=618 physical_dispatch_calls=653 encode_dispatch_ms=1.585875 gpu_exec_calls=8 gpu_exec_ms=7.913583 readback_calls=2 readback_ms=0.003541 readback_bytes=8 nocopy_uploads=0 copying_uploads=9 nocopy_reuses=0 resident_uploads=0 resident_reuses=0 mapping_offset_uploads=0 mapping_rebound_blocks=5 mapping_residency_rung=prefault expert_mapping_candidate_uploads=0 expert_mapping_missed_uploads=0 nocopy_cache_len=1 resident_cache_len=0 resident_cache_bytes=0 uniform_cache_len=2 phys_footprint_bytes=6039457856 device_allocated_bytes=3565666304 output_buffer_allocations=0 output_buffer_allocated_bytes=0 checkpoint_mapping_buffer_bytes=3349528576 expert_mapping_buffer_bytes=0 plan_uniform_writes=0 retire_scan_calls=1439 retire_scan_ms=0.133708 expert_buffers_lookup_calls=618 expert_buffers_lookup_ms=0.572208 placement_resolve_calls=618 placement_resolve_ms=0.017458 loop_head_calls=842 loop_head_ms=0.217375 encoder_finish_ms=0.000291 pre_encode_calls=1 pre_encode_ms=0.129958 resolve_plan_ms=0.000166 prepare_infer_ms=0 prepare_validate_ms=0 prepare_bind_ms=0 prepare_optimize_ms=0 prepare_retire_ms=0 build_plan_uniforms_ms=0 resolve_steps_ms=0 uniform_buffer_allocations=0 barriers=0 barriers_raw=0 barriers_waw=0 barriers_war=0 barriers_waw_war_arena_recycled=0 barriers_waw_war_persistent=0 expert_source_cache_hits=0 expert_source_cache_misses=0 expert_source_cache_cold_misses=0 expert_source_cache_replacement_misses=0 expert_source_reuse_copy_bytes=0 expert_source_reuse_copy_ms=0 plan_cache_len=0 plan_hits=7 plan_misses=2 plan_refits=0 plan_arena_allocated_bytes=0 segment_arena_allocated_bytes=0 placed_arena_allocated_bytes=146227728 ablation=false kind_filter=
2026-10-08T13:45:57.165607250Z DEBUG omega::metal::placements_execute_named: step_phase step=9 phase=pre_encode start_raw_s=672584.67132875 end_raw_s=672584.671459291
2026-10-08T13:45:57.165685500Z DEBUG omega::metal::placements_execute_named: chunk_phase step=9 chunk=1 phase=encode start_raw_s=672584.671459291 end_raw_s=672584.671532833
2026-10-08T13:45:57.165685750Z DEBUG omega::metal::placements_execute_named: chunk_phase step=9 chunk=1 phase=commit start_raw_s=672584.671533166 end_raw_s=672584.671537291
2026-10-08T13:45:57.165808208Z DEBUG omega::metal::placements_execute_named: chunk_phase step=9 chunk=2 phase=encode start_raw_s=672584.671538208 end_raw_s=672584.671657083
2026-10-08T13:45:57.165808375Z DEBUG omega::metal::placements_execute_named: chunk_phase step=9 chunk=2 phase=commit start_raw_s=672584.671657208 end_raw_s=672584.671660083
2026-10-08T13:45:57.165993125Z DEBUG omega::metal::placements_execute_named: chunk_phase step=9 chunk=3 phase=encode start_raw_s=672584.67166075 end_raw_s=672584.671842541
2026-10-08T13:45:57.165993333Z DEBUG omega::metal::placements_execute_named: chunk_phase step=9 chunk=3 phase=commit start_raw_s=672584.671842625 end_raw_s=672584.671844958
2026-10-08T13:45:57.166249875Z DEBUG omega::metal::placements_execute_named: chunk_phase step=9 chunk=4 phase=encode start_raw_s=672584.671845708 end_raw_s=672584.67209875
2026-10-08T13:45:57.166250083Z DEBUG omega::metal::placements_execute_named: chunk_phase step=9 chunk=4 phase=commit start_raw_s=672584.672098833 end_raw_s=672584.67210175
2026-10-08T13:45:57.166588750Z DEBUG omega::metal::placements_execute_named: chunk_phase step=9 chunk=5 phase=encode start_raw_s=672584.672102458 end_raw_s=672584.67243675
2026-10-08T13:45:57.166589083Z DEBUG omega::metal::placements_execute_named: chunk_phase step=9 chunk=5 phase=commit start_raw_s=672584.672437083 end_raw_s=672584.672440416
2026-10-08T13:45:57.167032583Z DEBUG omega::metal::placements_execute_named: chunk_phase step=9 chunk=6 phase=encode start_raw_s=672584.672441416 end_raw_s=672584.67287875
2026-10-08T13:45:57.167032791Z DEBUG omega::metal::placements_execute_named: chunk_phase step=9 chunk=6 phase=commit start_raw_s=672584.672878875 end_raw_s=672584.672884458
2026-10-08T13:45:57.167609416Z DEBUG omega::metal::placements_execute_named: chunk_phase step=9 chunk=7 phase=encode start_raw_s=672584.672885125 end_raw_s=672584.673458041
2026-10-08T13:45:57.167609625Z DEBUG omega::metal::placements_execute_named: chunk_phase step=9 chunk=7 phase=commit start_raw_s=672584.673458125 end_raw_s=672584.673461291
2026-10-08T13:45:57.168350333Z DEBUG omega::metal::placements_execute_named: chunk_phase step=9 chunk=8 phase=encode start_raw_s=672584.673461958 end_raw_s=672584.674198666
2026-10-08T13:45:57.168350583Z DEBUG omega::metal::placements_execute_named: chunk_phase step=9 chunk=8 phase=commit start_raw_s=672584.674199041 end_raw_s=672584.674202208
2026-10-08T13:45:57.176313416Z DEBUG omega::metal::placements_execute_named: token_breakdown_gpu commit_call_ms=0.003167 commit_to_gpu_start_ms=0 gpu_busy_ms=10.306499898433685 gpu_end_to_wait_return_ms=0 sum_ms=10.309666898433685 final_commit_to_wait_ms=7.964875 gpu_start_raw_s=672584.6716846251 gpu_end_raw_s=672584.681991125 commit_call_start_raw_s=672584.674199041 wait_return_extra_ms=7.960874999999999 chunks=8 first_commit_to_first_gpu_start_ms=0.15145912766456604 encode_overlap_ms=2.6606249999999996
2026-10-08T13:45:57.176314750Z DEBUG omega::metal::placements_execute_named: chunk_record step=9 plan_shape=decode chunk=1 chunk_count=8 op_first=0 op_last=23 encode_start_ms=0 encode_end_ms=0.07354100000000001 commit_at_ms=0.073916 commit_ms=0.004125 gpu_start_ms=0.22533407900482416 gpu_end_ms=0.4911257419735193 commit_to_gpu_start_ms=0.15141807900482418 gpu_idle_before_ms=0.22533407900482416
2026-10-08T13:45:57.176315333Z DEBUG omega::metal::placements_execute_named: chunk_record step=9 plan_shape=decode chunk=2 chunk_count=8 op_first=24 op_last=62 encode_start_ms=0.078916 encode_end_ms=0.19783299999999998 commit_at_ms=0.197958 commit_ms=0.002875 gpu_start_ms=0.5125839961692691 gpu_end_ms=0.8470839820802212 commit_to_gpu_start_ms=0.3146259961692691 gpu_idle_before_ms=0.02145825419574976
2026-10-08T13:45:57.176316041Z DEBUG omega::metal::placements_execute_named: chunk_record step=9 plan_shape=decode chunk=3 chunk_count=8 op_first=63 op_last=116 encode_start_ms=0.201458 encode_end_ms=0.38325000000000004 commit_at_ms=0.383416 commit_ms=0.0022919999999999998 gpu_start_ms=0.8690840331837535 gpu_end_ms=1.3174590421840549 commit_to_gpu_start_ms=0.4856680331837535 gpu_idle_before_ms=0.022000051103532314
2026-10-08T13:45:57.176316458Z DEBUG omega::metal::placements_execute_named: chunk_record step=9 plan_shape=decode chunk=4 chunk_count=8 op_first=117 op_last=189 encode_start_ms=0.386416 encode_end_ms=0.639458 commit_at_ms=0.639625 commit_ms=0.002875 gpu_start_ms=1.3452090788632631 gpu_end_ms=2.028958988375962 commit_to_gpu_start_ms=0.7055840788632631 gpu_idle_before_ms=0.02775003667920828
2026-10-08T13:45:57.176316833Z DEBUG omega::metal::placements_execute_named: chunk_record step=9 plan_shape=decode chunk=5 chunk_count=8 op_first=190 op_last=287 encode_start_ms=0.643166 encode_end_ms=0.977458 commit_at_ms=0.977833 commit_ms=0.003333 gpu_start_ms=2.060250728391111 gpu_end_ms=2.9343756614252925 commit_to_gpu_start_ms=1.082417728391111 gpu_idle_before_ms=0.031291740015149117
2026-10-08T13:45:57.176317333Z DEBUG omega::metal::placements_execute_named: chunk_record step=9 plan_shape=decode chunk=6 chunk_count=8 op_first=288 op_last=420 encode_start_ms=0.9821249999999999 encode_end_ms=1.4195 commit_at_ms=1.4196250000000001 commit_ms=0.005582999999999999 gpu_start_ms=2.961750724352896 gpu_end_ms=4.280584049411118 commit_to_gpu_start_ms=1.542125724352896 gpu_idle_before_ms=0.02737506292760372
2026-10-08T13:45:57.176317750Z DEBUG omega::metal::placements_execute_named: chunk_record step=9 plan_shape=decode chunk=7 chunk_count=8 op_first=421 op_last=599 encode_start_ms=1.425875 encode_end_ms=1.99875 commit_at_ms=1.998916 commit_ms=0.003125 gpu_start_ms=4.309250740334392 gpu_end_ms=6.600084016099572 commit_to_gpu_start_ms=2.3103347403343917 gpu_idle_before_ms=0.028666690923273563
2026-10-08T13:45:57.176318166Z DEBUG omega::metal::placements_execute_named: chunk_record step=9 plan_shape=decode chunk=8 chunk_count=8 op_first=600 op_last=841 encode_start_ms=2.002666 encode_end_ms=2.739375 commit_at_ms=2.7397910000000003 commit_ms=0.003167 gpu_start_ms=6.632084026932716 gpu_end_ms=10.53183397743851 commit_to_gpu_start_ms=3.892293026932716 gpu_idle_before_ms=0.03200001083314419
2026-10-08T13:45:57.176335375Z DEBUG proxima_model_interop::generate::decode: token_breakdown_argmax_split step=9 scan_ms=0 debug_ms=0
2026-10-08T13:45:57.176335958Z DEBUG proxima_model_interop::generate::decode: token_breakdown_gaps step=9 root_select_ms=0.007541 post_evaluate_ms=0.001916 pre_logits_ms=0.002375 checksum_ms=0 fetch_ms=0.001125 argmax_ms=0.000416 logits_hash_ms=0
2026-10-08T13:45:57.176337333Z INFO proxima_model_interop::generate::load_model: token_breakdown: per-decode-step wall-clock attribution step=9 new_count=1 cached_len_before=979 step_wall_ms=11.067666 apply_serving_config_ms=0.00025 build_position_inputs_ms=0.005666 named_blocks_weights_ms=0.032833 named_blocks_kv_ms=0.030708 kv_cache_upload_bytes=0 ssm_state_transfer_bytes=0 evaluate_ms=11.014916 layer_cache_append_ms=0.000625 layer_cache_append_bytes=0 greedy_pick_ms=0.000083
2026-10-08T13:45:57.176348166Z INFO proxima_model_interop::generate::load_model: token_breakdown_metal: per-decode-step metal stage attribution step=9 prepare_calls=0 prepare_ms=0 emit_calls=0 emit_ms=0 pipeline_hits=0 pipeline_misses=0 pipeline_compile_ms=0 block_upload_calls=9 block_upload_ms=0 block_offered_bytes=3092 block_copied_bytes=3092 block_nocopy_bound_bytes=0 block_offset_bound_bytes=0 op_setup_calls=618 op_setup_ms=0.014041 pipeline_lookup_calls=0 pipeline_lookup_ms=0 encode_dispatch_calls=618 physical_dispatch_calls=653 encode_dispatch_ms=1.591833 gpu_exec_calls=8 gpu_exec_ms=7.964791 readback_calls=2 readback_ms=0.003291 readback_bytes=8 nocopy_uploads=0 copying_uploads=9 nocopy_reuses=0 resident_uploads=0 resident_reuses=0 mapping_offset_uploads=0 mapping_rebound_blocks=6 mapping_residency_rung=prefault expert_mapping_candidate_uploads=0 expert_mapping_missed_uploads=0 nocopy_cache_len=1 resident_cache_len=0 resident_cache_bytes=0 uniform_cache_len=2 phys_footprint_bytes=6039605312 device_allocated_bytes=3565666304 output_buffer_allocations=0 output_buffer_allocated_bytes=0 checkpoint_mapping_buffer_bytes=3349528576 expert_mapping_buffer_bytes=0 plan_uniform_writes=0 retire_scan_calls=1439 retire_scan_ms=0.132166 expert_buffers_lookup_calls=618 expert_buffers_lookup_ms=0.547208 placement_resolve_calls=618 placement_resolve_ms=0.017541 loop_head_calls=842 loop_head_ms=0.229416 encoder_finish_ms=0.00025 pre_encode_calls=1 pre_encode_ms=0.130875 resolve_plan_ms=0.000166 prepare_infer_ms=0 prepare_validate_ms=0 prepare_bind_ms=0 prepare_optimize_ms=0 prepare_retire_ms=0 build_plan_uniforms_ms=0 resolve_steps_ms=0 uniform_buffer_allocations=0 barriers=0 barriers_raw=0 barriers_waw=0 barriers_war=0 barriers_waw_war_arena_recycled=0 barriers_waw_war_persistent=0 expert_source_cache_hits=0 expert_source_cache_misses=0 expert_source_cache_cold_misses=0 expert_source_cache_replacement_misses=0 expert_source_reuse_copy_bytes=0 expert_source_reuse_copy_ms=0 plan_cache_len=0 plan_hits=8 plan_misses=2 plan_refits=0 plan_arena_allocated_bytes=0 segment_arena_allocated_bytes=0 placed_arena_allocated_bytes=146227728 ablation=false kind_filter=
2026-10-08T13:45:57.176698125Z DEBUG omega::metal::placements_execute_named: step_phase step=10 phase=pre_encode start_raw_s=672584.682419833 end_raw_s=672584.68255025
2026-10-08T13:45:57.176779291Z DEBUG omega::metal::placements_execute_named: chunk_phase step=10 chunk=1 phase=encode start_raw_s=672584.68255025 end_raw_s=672584.682625958
2026-10-08T13:45:57.176779458Z DEBUG omega::metal::placements_execute_named: chunk_phase step=10 chunk=1 phase=commit start_raw_s=672584.68262625 end_raw_s=672584.682630875
2026-10-08T13:45:57.176901666Z DEBUG omega::metal::placements_execute_named: chunk_phase step=10 chunk=2 phase=encode start_raw_s=672584.682631833 end_raw_s=672584.68275125
2026-10-08T13:45:57.176901875Z DEBUG omega::metal::placements_execute_named: chunk_phase step=10 chunk=2 phase=commit start_raw_s=672584.682751375 end_raw_s=672584.6827535
2026-10-08T13:45:57.177084708Z DEBUG omega::metal::placements_execute_named: chunk_phase step=10 chunk=3 phase=encode start_raw_s=672584.682754208 end_raw_s=672584.682934083
2026-10-08T13:45:57.177084875Z DEBUG omega::metal::placements_execute_named: chunk_phase step=10 chunk=3 phase=commit start_raw_s=672584.682934208 end_raw_s=672584.682936583
2026-10-08T13:45:57.177346375Z DEBUG omega::metal::placements_execute_named: chunk_phase step=10 chunk=4 phase=encode start_raw_s=672584.68293725 end_raw_s=672584.683195416
2026-10-08T13:45:57.177346541Z DEBUG omega::metal::placements_execute_named: chunk_phase step=10 chunk=4 phase=commit start_raw_s=672584.683195541 end_raw_s=672584.683198208
2026-10-08T13:45:57.177690666Z DEBUG omega::metal::placements_execute_named: chunk_phase step=10 chunk=5 phase=encode start_raw_s=672584.683198916 end_raw_s=672584.683536458
2026-10-08T13:45:57.177691083Z DEBUG omega::metal::placements_execute_named: chunk_phase step=10 chunk=5 phase=commit start_raw_s=672584.683539041 end_raw_s=672584.683542375
2026-10-08T13:45:57.178122750Z DEBUG omega::metal::placements_execute_named: chunk_phase step=10 chunk=6 phase=encode start_raw_s=672584.683543625 end_raw_s=672584.683971166
2026-10-08T13:45:57.178123083Z DEBUG omega::metal::placements_execute_named: chunk_phase step=10 chunk=6 phase=commit start_raw_s=672584.68397125 end_raw_s=672584.683974583
2026-10-08T13:45:57.178688375Z DEBUG omega::metal::placements_execute_named: chunk_phase step=10 chunk=7 phase=encode start_raw_s=672584.683975583 end_raw_s=672584.684536875
2026-10-08T13:45:57.178690208Z DEBUG omega::metal::placements_execute_named: chunk_phase step=10 chunk=7 phase=commit start_raw_s=672584.684536958 end_raw_s=672584.684540208
2026-10-08T13:45:57.179405833Z DEBUG omega::metal::placements_execute_named: chunk_phase step=10 chunk=8 phase=encode start_raw_s=672584.684542583 end_raw_s=672584.685254208
2026-10-08T13:45:57.179406041Z DEBUG omega::metal::placements_execute_named: chunk_phase step=10 chunk=8 phase=commit start_raw_s=672584.685254625 end_raw_s=672584.685257916
2026-10-08T13:45:57.187319625Z DEBUG omega::metal::placements_execute_named: token_breakdown_gpu commit_call_ms=0.003291 commit_to_gpu_start_ms=0 gpu_busy_ms=10.219916701316833 gpu_end_to_wait_return_ms=0 sum_ms=10.223207701316834 final_commit_to_wait_ms=7.915291 gpu_start_raw_s=672584.68280125 gpu_end_raw_s=672584.6930211667 commit_call_start_raw_s=672584.685254625 wait_return_extra_ms=7.911415999999999 chunks=8 first_commit_to_first_gpu_start_ms=0.17500005196779966 encode_overlap_ms=2.6225419999999997
2026-10-08T13:45:57.187320791Z DEBUG omega::metal::placements_execute_named: chunk_record step=10 plan_shape=decode chunk=1 chunk_count=8 op_first=0 op_last=23 encode_start_ms=0 encode_end_ms=0.07575 commit_at_ms=0.076042 commit_ms=0.004625 gpu_start_ms=0.25100004859268665 gpu_end_ms=0.513291684910655 commit_to_gpu_start_ms=0.17495804859268665 gpu_idle_before_ms=0.25100004859268665
2026-10-08T13:45:57.187321416Z DEBUG omega::metal::placements_execute_named: chunk_record step=10 plan_shape=decode chunk=2 chunk_count=8 op_first=24 op_last=62 encode_start_ms=0.08158299999999999 encode_end_ms=0.201042 commit_at_ms=0.201167 commit_ms=0.002166 gpu_start_ms=0.5360001232475042 gpu_end_ms=0.870166695676744 commit_to_gpu_start_ms=0.33483312324750425 gpu_idle_before_ms=0.022708438336849213
2026-10-08T13:45:57.187321833Z DEBUG omega::metal::placements_execute_named: chunk_record step=10 plan_shape=decode chunk=3 chunk_count=8 op_first=63 op_last=116 encode_start_ms=0.203958 encode_end_ms=0.38387499999999997 commit_at_ms=0.384 commit_ms=0.002375 gpu_start_ms=0.8910000324249268 gpu_end_ms=1.341541763395071 commit_to_gpu_start_ms=0.5070000324249267 gpu_idle_before_ms=0.020833336748182774
2026-10-08T13:45:57.187322416Z DEBUG omega::metal::placements_execute_named: chunk_record step=10 plan_shape=decode chunk=4 chunk_count=8 op_first=117 op_last=189 encode_start_ms=0.38699999999999996 encode_end_ms=0.645208 commit_at_ms=0.645333 commit_ms=0.002667 gpu_start_ms=1.3686667662113905 gpu_end_ms=2.0499167731031775 commit_to_gpu_start_ms=0.7233337662113904 gpu_idle_before_ms=0.027125002816319466
2026-10-08T13:45:57.187322833Z DEBUG omega::metal::placements_execute_named: chunk_record step=10 plan_shape=decode chunk=5 chunk_count=8 op_first=190 op_last=287 encode_start_ms=0.648667 encode_end_ms=0.986208 commit_at_ms=0.988833 commit_ms=0.003334 gpu_start_ms=2.0716667640954256 gpu_end_ms=2.9295000713318586 commit_to_gpu_start_ms=1.0828337640954255 gpu_idle_before_ms=0.02174999099224806
2026-10-08T13:45:57.187323250Z DEBUG omega::metal::placements_execute_named: chunk_record step=10 plan_shape=decode chunk=6 chunk_count=8 op_first=288 op_last=420 encode_start_ms=0.9933749999999999 encode_end_ms=1.420917 commit_at_ms=1.421042 commit_ms=0.003375 gpu_start_ms=2.956625074148178 gpu_end_ms=4.224291769787669 commit_to_gpu_start_ms=1.5355830741481782 gpu_idle_before_ms=0.027125002816319466
2026-10-08T13:45:57.187323666Z DEBUG omega::metal::placements_execute_named: chunk_record step=10 plan_shape=decode chunk=7 chunk_count=8 op_first=421 op_last=599 encode_start_ms=1.425333 encode_end_ms=1.986625 commit_at_ms=1.9867499999999998 commit_ms=0.00325 gpu_start_ms=4.253500024788082 gpu_end_ms=6.498041679151356 commit_to_gpu_start_ms=2.266750024788082 gpu_idle_before_ms=0.029208255000412464
2026-10-08T13:45:57.187324208Z DEBUG omega::metal::placements_execute_named: chunk_record step=10 plan_shape=decode chunk=8 chunk_count=8 op_first=600 op_last=841 encode_start_ms=1.9923330000000001 encode_end_ms=2.7039579999999996 commit_at_ms=2.7044170000000003 commit_ms=0.003291 gpu_start_ms=6.537750014103949 gpu_end_ms=10.47091674990952 commit_to_gpu_start_ms=3.8333330141039488 gpu_idle_before_ms=0.03970833495259285
2026-10-08T13:45:57.187340875Z DEBUG proxima_model_interop::generate::decode: token_breakdown_argmax_split step=10 scan_ms=0 debug_ms=0
2026-10-08T13:45:57.187341458Z DEBUG proxima_model_interop::generate::decode: token_breakdown_gaps step=10 root_select_ms=0.007666 post_evaluate_ms=0.001666 pre_logits_ms=0.002291 checksum_ms=0.000041 fetch_ms=0.001125 argmax_ms=0.000416 logits_hash_ms=0.000041
2026-10-08T13:45:57.187342500Z INFO proxima_model_interop::generate::load_model: token_breakdown: per-decode-step wall-clock attribution step=10 new_count=1 cached_len_before=980 step_wall_ms=10.987416 apply_serving_config_ms=0.00025 build_position_inputs_ms=0.005416 named_blocks_weights_ms=0.033333 named_blocks_kv_ms=0.031125 kv_cache_upload_bytes=0 ssm_state_transfer_bytes=0 evaluate_ms=10.93475 layer_cache_append_ms=0.000625 layer_cache_append_bytes=0 greedy_pick_ms=0.000041
2026-10-08T13:45:57.187352875Z INFO proxima_model_interop::generate::load_model: token_breakdown_metal: per-decode-step metal stage attribution step=10 prepare_calls=0 prepare_ms=0 emit_calls=0 emit_ms=0 pipeline_hits=0 pipeline_misses=0 pipeline_compile_ms=0 block_upload_calls=9 block_upload_ms=0 block_offered_bytes=3092 block_copied_bytes=3092 block_nocopy_bound_bytes=0 block_offset_bound_bytes=0 op_setup_calls=618 op_setup_ms=0.014625 pipeline_lookup_calls=0 pipeline_lookup_ms=0 encode_dispatch_calls=618 physical_dispatch_calls=653 encode_dispatch_ms=1.588958 gpu_exec_calls=8 gpu_exec_ms=7.915208 readback_calls=2 readback_ms=0.003458 readback_bytes=8 nocopy_uploads=0 copying_uploads=9 nocopy_reuses=0 resident_uploads=0 resident_reuses=0 mapping_offset_uploads=0 mapping_rebound_blocks=6 mapping_residency_rung=prefault expert_mapping_candidate_uploads=0 expert_mapping_missed_uploads=0 nocopy_cache_len=1 resident_cache_len=0 resident_cache_bytes=0 uniform_cache_len=2 phys_footprint_bytes=6039801920 device_allocated_bytes=3565666304 output_buffer_allocations=0 output_buffer_allocated_bytes=0 checkpoint_mapping_buffer_bytes=3349528576 expert_mapping_buffer_bytes=0 plan_uniform_writes=0 retire_scan_calls=1439 retire_scan_ms=0.129375 expert_buffers_lookup_calls=618 expert_buffers_lookup_ms=0.526583 placement_resolve_calls=618 placement_resolve_ms=0.017125 loop_head_calls=842 loop_head_ms=0.220791 encoder_finish_ms=0.000208 pre_encode_calls=1 pre_encode_ms=0.130666 resolve_plan_ms=0.000125 prepare_infer_ms=0 prepare_validate_ms=0 prepare_bind_ms=0 prepare_optimize_ms=0 prepare_retire_ms=0 build_plan_uniforms_ms=0 resolve_steps_ms=0 uniform_buffer_allocations=0 barriers=0 barriers_raw=0 barriers_waw=0 barriers_war=0 barriers_waw_war_arena_recycled=0 barriers_waw_war_persistent=0 expert_source_cache_hits=0 expert_source_cache_misses=0 expert_source_cache_cold_misses=0 expert_source_cache_replacement_misses=0 expert_source_reuse_copy_bytes=0 expert_source_reuse_copy_ms=0 plan_cache_len=0 plan_hits=9 plan_misses=2 plan_refits=0 plan_arena_allocated_bytes=0 segment_arena_allocated_bytes=0 placed_arena_allocated_bytes=146227728 ablation=false kind_filter=
2026-10-08T13:45:57.187694875Z DEBUG omega::metal::placements_execute_named: step_phase step=11 phase=pre_encode start_raw_s=672584.693419291 end_raw_s=672584.693546875
2026-10-08T13:45:57.187770125Z DEBUG omega::metal::placements_execute_named: chunk_phase step=11 chunk=1 phase=encode start_raw_s=672584.693546875 end_raw_s=672584.693616916
2026-10-08T13:45:57.187770333Z DEBUG omega::metal::placements_execute_named: chunk_phase step=11 chunk=1 phase=commit start_raw_s=672584.693617333 end_raw_s=672584.693621916
2026-10-08T13:45:57.187890000Z DEBUG omega::metal::placements_execute_named: chunk_phase step=11 chunk=2 phase=encode start_raw_s=672584.693622666 end_raw_s=672584.693739375
2026-10-08T13:45:57.187892833Z DEBUG omega::metal::placements_execute_named: chunk_phase step=11 chunk=2 phase=commit start_raw_s=672584.6937395 end_raw_s=672584.693741875
2026-10-08T13:45:57.188078083Z DEBUG omega::metal::placements_execute_named: chunk_phase step=11 chunk=3 phase=encode start_raw_s=672584.693745208 end_raw_s=672584.693926541
2026-10-08T13:45:57.188078250Z DEBUG omega::metal::placements_execute_named: chunk_phase step=11 chunk=3 phase=commit start_raw_s=672584.693926708 end_raw_s=672584.693929958
2026-10-08T13:45:57.188327791Z DEBUG omega::metal::placements_execute_named: chunk_phase step=11 chunk=4 phase=encode start_raw_s=672584.693930791 end_raw_s=672584.694176208
2026-10-08T13:45:57.188328000Z DEBUG omega::metal::placements_execute_named: chunk_phase step=11 chunk=4 phase=commit start_raw_s=672584.694176333 end_raw_s=672584.694179666
2026-10-08T13:45:57.188656083Z DEBUG omega::metal::placements_execute_named: chunk_phase step=11 chunk=5 phase=encode start_raw_s=672584.694180333 end_raw_s=672584.694503666
2026-10-08T13:45:57.188656541Z DEBUG omega::metal::placements_execute_named: chunk_phase step=11 chunk=5 phase=commit start_raw_s=672584.694504125 end_raw_s=672584.694507791
2026-10-08T13:45:57.189084500Z DEBUG omega::metal::placements_execute_named: chunk_phase step=11 chunk=6 phase=encode start_raw_s=672584.694508875 end_raw_s=672584.694924833
2026-10-08T13:45:57.189084708Z DEBUG omega::metal::placements_execute_named: chunk_phase step=11 chunk=6 phase=commit start_raw_s=672584.694929041 end_raw_s=672584.694936333
2026-10-08T13:45:57.189645333Z DEBUG omega::metal::placements_execute_named: chunk_phase step=11 chunk=7 phase=encode start_raw_s=672584.694937041 end_raw_s=672584.695494375
2026-10-08T13:45:57.189645583Z DEBUG omega::metal::placements_execute_named: chunk_phase step=11 chunk=7 phase=commit start_raw_s=672584.6954945 end_raw_s=672584.695497208
2026-10-08T13:45:57.190359416Z DEBUG omega::metal::placements_execute_named: chunk_phase step=11 chunk=8 phase=encode start_raw_s=672584.695497916 end_raw_s=672584.696207916
2026-10-08T13:45:57.190359583Z DEBUG omega::metal::placements_execute_named: chunk_phase step=11 chunk=8 phase=commit start_raw_s=672584.69620825 end_raw_s=672584.696211458
2026-10-08T13:45:57.198330791Z DEBUG omega::metal::placements_execute_named: token_breakdown_gpu commit_call_ms=0.003208 commit_to_gpu_start_ms=0 gpu_busy_ms=10.285791708156466 gpu_end_to_wait_return_ms=0 sum_ms=10.288999708156467 final_commit_to_wait_ms=7.973 gpu_start_raw_s=672584.6937585 gpu_end_raw_s=672584.7040442917 commit_call_start_raw_s=672584.69620825 wait_return_extra_ms=7.969291999999999 chunks=8 first_commit_to_first_gpu_start_ms=0.1411670818924904 encode_overlap_ms=2.585417
2026-10-08T13:45:57.198331666Z DEBUG omega::metal::placements_execute_named: chunk_record step=11 plan_shape=decode chunk=1 chunk_count=8 op_first=0 op_last=23 encode_start_ms=0 encode_end_ms=0.06999999999999999 commit_at_ms=0.07050000000000001 commit_ms=0.004541 gpu_start_ms=0.21162501070648432 gpu_end_ms=0.4646666347980499 commit_to_gpu_start_ms=0.1411250107064843 gpu_idle_before_ms=0.21162501070648432
2026-10-08T13:45:57.198332250Z DEBUG omega::metal::placements_execute_named: chunk_record step=11 plan_shape=decode chunk=2 chunk_count=8 op_first=24 op_last=62 encode_start_ms=0.07579100000000001 encode_end_ms=0.19245800000000002 commit_at_ms=0.19262500000000002 commit_ms=0.002375 gpu_start_ms=0.4871666897088289 gpu_end_ms=0.8223750628530979 commit_to_gpu_start_ms=0.2945416897088289 gpu_idle_before_ms=0.022500054910779
2026-10-08T13:45:57.198332708Z DEBUG omega::metal::placements_execute_named: chunk_record step=11 plan_shape=decode chunk=3 chunk_count=8 op_first=63 op_last=116 encode_start_ms=0.198333 encode_end_ms=0.379666 commit_at_ms=0.379833 commit_ms=0.00325 gpu_start_ms=0.8450417080894113 gpu_end_ms=1.2931249802932143 commit_to_gpu_start_ms=0.4652087080894113 gpu_idle_before_ms=0.022666645236313343
2026-10-08T13:45:57.198333208Z DEBUG omega::metal::placements_execute_named: chunk_record step=11 plan_shape=decode chunk=4 chunk_count=8 op_first=117 op_last=189 encode_start_ms=0.38387499999999997 encode_end_ms=0.629333 commit_at_ms=0.629458 commit_ms=0.003333 gpu_start_ms=1.3200417160987854 gpu_end_ms=2.0007917191833258 commit_to_gpu_start_ms=0.6905837160987854 gpu_idle_before_ms=0.02691673580557108
2026-10-08T13:45:57.198333625Z DEBUG omega::metal::placements_execute_named: chunk_record step=11 plan_shape=decode chunk=5 chunk_count=8 op_first=190 op_last=287 encode_start_ms=0.6334580000000001 encode_end_ms=0.95675 commit_at_ms=0.957291 commit_ms=0.003625 gpu_start_ms=2.026041620410979 gpu_end_ms=2.8932499699294567 commit_to_gpu_start_ms=1.0687506204109787 gpu_idle_before_ms=0.025249901227653027
2026-10-08T13:45:57.198334000Z DEBUG omega::metal::placements_execute_named: chunk_record step=11 plan_shape=decode chunk=6 chunk_count=8 op_first=288 op_last=420 encode_start_ms=0.962 encode_end_ms=1.377958 commit_at_ms=1.382166 commit_ms=0.007292 gpu_start_ms=2.9276666464284062 gpu_end_ms=4.244499956257641 commit_to_gpu_start_ms=1.5455006464284062 gpu_idle_before_ms=0.03441667649894953
2026-10-08T13:45:57.198334416Z DEBUG omega::metal::placements_execute_named: chunk_record step=11 plan_shape=decode chunk=7 chunk_count=8 op_first=421 op_last=599 encode_start_ms=1.390125 encode_end_ms=1.947458 commit_at_ms=1.947625 commit_ms=0.00275 gpu_start_ms=4.2736249743029475 gpu_end_ms=6.442166632041335 commit_to_gpu_start_ms=2.3259999743029476 gpu_idle_before_ms=0.029125018045306206
2026-10-08T13:45:57.198334791Z DEBUG omega::metal::placements_execute_named: chunk_record step=11 plan_shape=decode chunk=8 chunk_count=8 op_first=600 op_last=841 encode_start_ms=1.951041 encode_end_ms=2.661041 commit_at_ms=2.661375 commit_ms=0.003208 gpu_start_ms=6.478625000454485 gpu_end_ms=10.49741671886295 commit_to_gpu_start_ms=3.8172500004544854 gpu_idle_before_ms=0.03645836841315031
2026-10-08T13:45:57.198350750Z DEBUG proxima_model_interop::generate::decode: token_breakdown_argmax_split step=11 scan_ms=0 debug_ms=0
2026-10-08T13:45:57.198351208Z DEBUG proxima_model_interop::generate::decode: token_breakdown_gaps step=11 root_select_ms=0.007 post_evaluate_ms=0.001458 pre_logits_ms=0.001791 checksum_ms=0 fetch_ms=0.001041 argmax_ms=0.000208 logits_hash_ms=0.000041
2026-10-08T13:45:57.198352458Z INFO proxima_model_interop::generate::load_model: token_breakdown: per-decode-step wall-clock attribution step=11 new_count=1 cached_len_before=981 step_wall_ms=10.992916 apply_serving_config_ms=0.000458 build_position_inputs_ms=0.005791 named_blocks_weights_ms=0.033041 named_blocks_kv_ms=0.031083 kv_cache_upload_bytes=0 ssm_state_transfer_bytes=0 evaluate_ms=10.941166 layer_cache_append_ms=0.000458 layer_cache_append_bytes=0 greedy_pick_ms=0.000041
2026-10-08T13:45:57.198361916Z INFO proxima_model_interop::generate::load_model: token_breakdown_metal: per-decode-step metal stage attribution step=11 prepare_calls=0 prepare_ms=0 emit_calls=0 emit_ms=0 pipeline_hits=0 pipeline_misses=0 pipeline_compile_ms=0 block_upload_calls=9 block_upload_ms=0 block_offered_bytes=3092 block_copied_bytes=3092 block_nocopy_bound_bytes=0 block_offset_bound_bytes=0 op_setup_calls=618 op_setup_ms=0.012041 pipeline_lookup_calls=0 pipeline_lookup_ms=0 encode_dispatch_calls=618 physical_dispatch_calls=653 encode_dispatch_ms=1.574041 gpu_exec_calls=8 gpu_exec_ms=7.972875 readback_calls=2 readback_ms=0.003416 readback_bytes=8 nocopy_uploads=0 copying_uploads=9 nocopy_reuses=0 resident_uploads=0 resident_reuses=0 mapping_offset_uploads=0 mapping_rebound_blocks=6 mapping_residency_rung=prefault expert_mapping_candidate_uploads=0 expert_mapping_missed_uploads=0 nocopy_cache_len=1 resident_cache_len=0 resident_cache_bytes=0 uniform_cache_len=2 phys_footprint_bytes=6039949376 device_allocated_bytes=3565666304 output_buffer_allocations=0 output_buffer_allocated_bytes=0 checkpoint_mapping_buffer_bytes=3349528576 expert_mapping_buffer_bytes=0 plan_uniform_writes=0 retire_scan_calls=1439 retire_scan_ms=0.129708 expert_buffers_lookup_calls=618 expert_buffers_lookup_ms=0.496166 placement_resolve_calls=618 placement_resolve_ms=0.017708 loop_head_calls=842 loop_head_ms=0.2115 encoder_finish_ms=0.000208 pre_encode_calls=1 pre_encode_ms=0.127916 resolve_plan_ms=0.000208 prepare_infer_ms=0 prepare_validate_ms=0 prepare_bind_ms=0 prepare_optimize_ms=0 prepare_retire_ms=0 build_plan_uniforms_ms=0 resolve_steps_ms=0 uniform_buffer_allocations=0 barriers=0 barriers_raw=0 barriers_waw=0 barriers_war=0 barriers_waw_war_arena_recycled=0 barriers_waw_war_persistent=0 expert_source_cache_hits=0 expert_source_cache_misses=0 expert_source_cache_cold_misses=0 expert_source_cache_replacement_misses=0 expert_source_reuse_copy_bytes=0 expert_source_reuse_copy_ms=0 plan_cache_len=0 plan_hits=10 plan_misses=2 plan_refits=0 plan_arena_allocated_bytes=0 segment_arena_allocated_bytes=0 placed_arena_allocated_bytes=146227728 ablation=false kind_filter=
2026-10-08T13:45:57.198703000Z DEBUG omega::metal::placements_execute_named: step_phase step=12 phase=pre_encode start_raw_s=672584.704424791 end_raw_s=672584.704555083
2026-10-08T13:45:57.198780083Z DEBUG omega::metal::placements_execute_named: chunk_phase step=12 chunk=1 phase=encode start_raw_s=672584.704555083 end_raw_s=672584.704626916
2026-10-08T13:45:57.198780250Z DEBUG omega::metal::placements_execute_named: chunk_phase step=12 chunk=1 phase=commit start_raw_s=672584.704627166 end_raw_s=672584.70463175
2026-10-08T13:45:57.198902791Z DEBUG omega::metal::placements_execute_named: chunk_phase step=12 chunk=2 phase=encode start_raw_s=672584.704632625 end_raw_s=672584.704752166
2026-10-08T13:45:57.198902958Z DEBUG omega::metal::placements_execute_named: chunk_phase step=12 chunk=2 phase=commit start_raw_s=672584.704752291 end_raw_s=672584.704754625
2026-10-08T13:45:57.199079666Z DEBUG omega::metal::placements_execute_named: chunk_phase step=12 chunk=3 phase=encode start_raw_s=672584.704755333 end_raw_s=672584.704928958
2026-10-08T13:45:57.199080000Z DEBUG omega::metal::placements_execute_named: chunk_phase step=12 chunk=3 phase=commit start_raw_s=672584.704929083 end_raw_s=672584.704931541
2026-10-08T13:45:57.199334375Z DEBUG omega::metal::placements_execute_named: chunk_phase step=12 chunk=4 phase=encode start_raw_s=672584.7049325 end_raw_s=672584.705181458
2026-10-08T13:45:57.199334625Z DEBUG omega::metal::placements_execute_named: chunk_phase step=12 chunk=4 phase=commit start_raw_s=672584.705181541 end_raw_s=672584.7051845
2026-10-08T13:45:57.199656333Z DEBUG omega::metal::placements_execute_named: chunk_phase step=12 chunk=5 phase=encode start_raw_s=672584.705187125 end_raw_s=672584.705504958
2026-10-08T13:45:57.199656541Z DEBUG omega::metal::placements_execute_named: chunk_phase step=12 chunk=5 phase=commit start_raw_s=672584.705505208 end_raw_s=672584.705508041
2026-10-08T13:45:57.200070666Z DEBUG omega::metal::placements_execute_named: chunk_phase step=12 chunk=6 phase=encode start_raw_s=672584.705508875 end_raw_s=672584.70591925
2026-10-08T13:45:57.200070875Z DEBUG omega::metal::placements_execute_named: chunk_phase step=12 chunk=6 phase=commit start_raw_s=672584.705919375 end_raw_s=672584.705922583
2026-10-08T13:45:57.200646708Z DEBUG omega::metal::placements_execute_named: chunk_phase step=12 chunk=7 phase=encode start_raw_s=672584.705923333 end_raw_s=672584.7064955
2026-10-08T13:45:57.200646875Z DEBUG omega::metal::placements_execute_named: chunk_phase step=12 chunk=7 phase=commit start_raw_s=672584.706495625 end_raw_s=672584.706498583
2026-10-08T13:45:57.201387666Z DEBUG omega::metal::placements_execute_named: chunk_phase step=12 chunk=8 phase=encode start_raw_s=672584.70649925 end_raw_s=672584.707234833
2026-10-08T13:45:57.201388083Z DEBUG omega::metal::placements_execute_named: chunk_phase step=12 chunk=8 phase=commit start_raw_s=672584.707235166 end_raw_s=672584.707239541
2026-10-08T13:45:57.209269083Z DEBUG omega::metal::placements_execute_named: token_breakdown_gpu commit_call_ms=0.004417 commit_to_gpu_start_ms=0 gpu_busy_ms=10.188000043854117 gpu_end_to_wait_return_ms=0 sum_ms=10.192417043854118 final_commit_to_wait_ms=7.883625 gpu_start_raw_s=672584.704771625 gpu_end_raw_s=672584.714959625 commit_call_start_raw_s=672584.707235166 wait_return_extra_ms=7.878292 chunks=8 first_commit_to_first_gpu_start_ms=0.14445895794779062 encode_overlap_ms=2.602375
2026-10-08T13:45:57.209270750Z DEBUG omega::metal::placements_execute_named: chunk_record step=12 plan_shape=decode chunk=1 chunk_count=8 op_first=0 op_last=23 encode_start_ms=0 encode_end_ms=0.07179200000000001 commit_at_ms=0.07212500000000001 commit_ms=0.004542 gpu_start_ms=0.21654204465448856 gpu_end_ms=0.47541712410748005 commit_to_gpu_start_ms=0.14441704465448857 gpu_idle_before_ms=0.21654204465448856
2026-10-08T13:45:57.209271333Z DEBUG omega::metal::placements_execute_named: chunk_record step=12 plan_shape=decode chunk=2 chunk_count=8 op_first=24 op_last=62 encode_start_ms=0.0775 encode_end_ms=0.197083 commit_at_ms=0.19720800000000002 commit_ms=0.002334 gpu_start_ms=0.502833747304976 gpu_end_ms=0.835792045108974 commit_to_gpu_start_ms=0.30562574730497594 gpu_idle_before_ms=0.027416623197495937
2026-10-08T13:45:57.209271750Z DEBUG omega::metal::placements_execute_named: chunk_record step=12 plan_shape=decode chunk=3 chunk_count=8 op_first=63 op_last=116 encode_start_ms=0.200208 encode_end_ms=0.373875 commit_at_ms=0.374 commit_ms=0.002458 gpu_start_ms=0.858333776704967 gpu_end_ms=1.3075837632641196 commit_to_gpu_start_ms=0.484333776704967 gpu_idle_before_ms=0.022541731595993042
2026-10-08T13:45:57.209272333Z DEBUG omega::metal::placements_execute_named: chunk_record step=12 plan_shape=decode chunk=4 chunk_count=8 op_first=117 op_last=189 encode_start_ms=0.377375 encode_end_ms=0.6263329999999999 commit_at_ms=0.626458 commit_ms=0.002959 gpu_start_ms=1.333917141892016 gpu_end_ms=2.023083739914 commit_to_gpu_start_ms=0.707459141892016 gpu_idle_before_ms=0.02633337862789631
2026-10-08T13:45:57.209272791Z DEBUG omega::metal::placements_execute_named: chunk_record step=12 plan_shape=decode chunk=5 chunk_count=8 op_first=190 op_last=287 encode_start_ms=0.632 encode_end_ms=0.9498329999999999 commit_at_ms=0.950125 commit_ms=0.002833 gpu_start_ms=2.0430420991033316 gpu_end_ms=2.9174170922487974 commit_to_gpu_start_ms=1.0929170991033317 gpu_idle_before_ms=0.01995835918933153
2026-10-08T13:45:57.209273416Z DEBUG omega::metal::placements_execute_named: chunk_record step=12 plan_shape=decode chunk=6 chunk_count=8 op_first=288 op_last=420 encode_start_ms=0.953792 encode_end_ms=1.364125 commit_at_ms=1.364292 commit_ms=0.003208 gpu_start_ms=2.94404209125787 gpu_end_ms=4.157167044468224 commit_to_gpu_start_ms=1.5797500912578701 gpu_idle_before_ms=0.02662499900907278
2026-10-08T13:45:57.209274125Z DEBUG omega::metal::placements_execute_named: chunk_record step=12 plan_shape=decode chunk=7 chunk_count=8 op_first=421 op_last=599 encode_start_ms=1.36825 encode_end_ms=1.940375 commit_at_ms=1.940542 commit_ms=0.0029579999999999997 gpu_start_ms=4.190292092971504 gpu_end_ms=6.408292101696134 commit_to_gpu_start_ms=2.249750092971504 gpu_idle_before_ms=0.033125048503279686
2026-10-08T13:45:57.209274875Z DEBUG omega::metal::placements_execute_named: chunk_record step=12 plan_shape=decode chunk=8 chunk_count=8 op_first=600 op_last=841 encode_start_ms=1.944125 encode_end_ms=2.6797079999999998 commit_at_ms=2.680083 commit_ms=0.004417 gpu_start_ms=6.444917060434818 gpu_end_ms=10.404542088508606 commit_to_gpu_start_ms=3.764834060434818 gpu_idle_before_ms=0.036624958738684654
2026-10-08T13:45:57.209296666Z DEBUG proxima_model_interop::generate::decode: token_breakdown_argmax_split step=12 scan_ms=0 debug_ms=0
2026-10-08T13:45:57.209297375Z DEBUG proxima_model_interop::generate::decode: token_breakdown_gaps step=12 root_select_ms=0.006916 post_evaluate_ms=0.001916 pre_logits_ms=0.003041 checksum_ms=0.000041 fetch_ms=0.001583 argmax_ms=0.000541 logits_hash_ms=0
2026-10-08T13:45:57.209299208Z INFO proxima_model_interop::generate::load_model: token_breakdown: per-decode-step wall-clock attribution step=12 new_count=1 cached_len_before=982 step_wall_ms=10.93025 apply_serving_config_ms=0.000166 build_position_inputs_ms=0.005 named_blocks_weights_ms=0.032208 named_blocks_kv_ms=0.030083 kv_cache_upload_bytes=0 ssm_state_transfer_bytes=0 evaluate_ms=10.87825 layer_cache_append_ms=0.00075 layer_cache_append_bytes=0 greedy_pick_ms=0
2026-10-08T13:45:57.209312458Z INFO proxima_model_interop::generate::load_model: token_breakdown_metal: per-decode-step metal stage attribution step=12 prepare_calls=0 prepare_ms=0 emit_calls=0 emit_ms=0 pipeline_hits=0 pipeline_misses=0 pipeline_compile_ms=0 block_upload_calls=9 block_upload_ms=0 block_offered_bytes=3092 block_copied_bytes=3092 block_nocopy_bound_bytes=0 block_offset_bound_bytes=0 op_setup_calls=618 op_setup_ms=0.015708 pipeline_lookup_calls=0 pipeline_lookup_ms=0 encode_dispatch_calls=618 physical_dispatch_calls=653 encode_dispatch_ms=1.583791 gpu_exec_calls=8 gpu_exec_ms=7.883458 readback_calls=2 readback_ms=0.003666 readback_bytes=8 nocopy_uploads=0 copying_uploads=9 nocopy_reuses=0 resident_uploads=0 resident_reuses=0 mapping_offset_uploads=0 mapping_rebound_blocks=6 mapping_residency_rung=prefault expert_mapping_candidate_uploads=0 expert_mapping_missed_uploads=0 nocopy_cache_len=1 resident_cache_len=0 resident_cache_bytes=0 uniform_cache_len=2 phys_footprint_bytes=6040096832 device_allocated_bytes=3565666304 output_buffer_allocations=0 output_buffer_allocated_bytes=0 checkpoint_mapping_buffer_bytes=3349528576 expert_mapping_buffer_bytes=0 plan_uniform_writes=0 retire_scan_calls=1439 retire_scan_ms=0.129666 expert_buffers_lookup_calls=618 expert_buffers_lookup_ms=0.505708 placement_resolve_calls=618 placement_resolve_ms=0.016375 loop_head_calls=842 loop_head_ms=0.222041 encoder_finish_ms=0.000333 pre_encode_calls=1 pre_encode_ms=0.130541 resolve_plan_ms=0.000166 prepare_infer_ms=0 prepare_validate_ms=0 prepare_bind_ms=0 prepare_optimize_ms=0 prepare_retire_ms=0 build_plan_uniforms_ms=0 resolve_steps_ms=0 uniform_buffer_allocations=0 barriers=0 barriers_raw=0 barriers_waw=0 barriers_war=0 barriers_waw_war_arena_recycled=0 barriers_waw_war_persistent=0 expert_source_cache_hits=0 expert_source_cache_misses=0 expert_source_cache_cold_misses=0 expert_source_cache_replacement_misses=0 expert_source_reuse_copy_bytes=0 expert_source_reuse_copy_ms=0 plan_cache_len=0 plan_hits=11 plan_misses=2 plan_refits=0 plan_arena_allocated_bytes=0 segment_arena_allocated_bytes=0 placed_arena_allocated_bytes=146227728 ablation=false kind_filter=
2026-10-08T13:45:57.209696833Z DEBUG omega::metal::placements_execute_named: step_phase step=13 phase=pre_encode start_raw_s=672584.71539975 end_raw_s=672584.715548791
2026-10-08T13:45:57.209788833Z DEBUG omega::metal::placements_execute_named: chunk_phase step=13 chunk=1 phase=encode start_raw_s=672584.715548791 end_raw_s=672584.715633708
2026-10-08T13:45:57.209789083Z DEBUG omega::metal::placements_execute_named: chunk_phase step=13 chunk=1 phase=commit start_raw_s=672584.715633958 end_raw_s=672584.715640458
2026-10-08T13:45:57.209919500Z DEBUG omega::metal::placements_execute_named: chunk_phase step=13 chunk=2 phase=encode start_raw_s=672584.715641416 end_raw_s=672584.715768375
2026-10-08T13:45:57.209919708Z DEBUG omega::metal::placements_execute_named: chunk_phase step=13 chunk=2 phase=commit start_raw_s=672584.7157685 end_raw_s=672584.715771291
2026-10-08T13:45:57.210117541Z DEBUG omega::metal::placements_execute_named: chunk_phase step=13 chunk=3 phase=encode start_raw_s=672584.715772041 end_raw_s=672584.715966333
2026-10-08T13:45:57.210117750Z DEBUG omega::metal::placements_execute_named: chunk_phase step=13 chunk=3 phase=commit start_raw_s=672584.715966458 end_raw_s=672584.715969375
2026-10-08T13:45:57.210390208Z DEBUG omega::metal::placements_execute_named: chunk_phase step=13 chunk=4 phase=encode start_raw_s=672584.715970125 end_raw_s=672584.71623875
2026-10-08T13:45:57.210390541Z DEBUG omega::metal::placements_execute_named: chunk_phase step=13 chunk=4 phase=commit start_raw_s=672584.716238875 end_raw_s=672584.716241958
2026-10-08T13:45:57.210726250Z DEBUG omega::metal::placements_execute_named: chunk_phase step=13 chunk=5 phase=encode start_raw_s=672584.716242958 end_raw_s=672584.716573833
2026-10-08T13:45:57.210726541Z DEBUG omega::metal::placements_execute_named: chunk_phase step=13 chunk=5 phase=commit start_raw_s=672584.716574125 end_raw_s=672584.716577875
2026-10-08T13:45:57.211165416Z DEBUG omega::metal::placements_execute_named: chunk_phase step=13 chunk=6 phase=encode start_raw_s=672584.716578875 end_raw_s=672584.717013625
2026-10-08T13:45:57.211165625Z DEBUG omega::metal::placements_execute_named: chunk_phase step=13 chunk=6 phase=commit start_raw_s=672584.71701375 end_raw_s=672584.717017291
2026-10-08T13:45:57.211727291Z DEBUG omega::metal::placements_execute_named: chunk_phase step=13 chunk=7 phase=encode start_raw_s=672584.717018 end_raw_s=672584.717576125
2026-10-08T13:45:57.211727458Z DEBUG omega::metal::placements_execute_named: chunk_phase step=13 chunk=7 phase=commit start_raw_s=672584.717576208 end_raw_s=672584.717579166
2026-10-08T13:45:57.212413750Z DEBUG omega::metal::placements_execute_named: chunk_phase step=13 chunk=8 phase=encode start_raw_s=672584.717579791 end_raw_s=672584.718262125
2026-10-08T13:45:57.212413916Z DEBUG omega::metal::placements_execute_named: chunk_phase step=13 chunk=8 phase=commit start_raw_s=672584.718262541 end_raw_s=672584.718265791
2026-10-08T13:45:57.219904541Z DEBUG omega::metal::placements_execute_named: token_breakdown_gpu commit_call_ms=0.003208 commit_to_gpu_start_ms=0 gpu_busy_ms=9.830958326347172 gpu_end_to_wait_return_ms=0 sum_ms=9.834166326347173 final_commit_to_wait_ms=7.491625 gpu_start_raw_s=672584.7157916668 gpu_end_raw_s=672584.7256226251 commit_call_start_raw_s=672584.718262541 wait_return_extra_ms=7.4877080000000005 chunks=8 first_commit_to_first_gpu_start_ms=0.1577087678015232 encode_overlap_ms=2.620792
2026-10-08T13:45:57.219906333Z DEBUG omega::metal::placements_execute_named: chunk_record step=13 plan_shape=decode chunk=1 chunk_count=8 op_first=0 op_last=23 encode_start_ms=0 encode_end_ms=0.084875 commit_at_ms=0.085167 commit_ms=0.006542 gpu_start_ms=0.24287577252835035 gpu_end_ms=0.5035006906837225 commit_to_gpu_start_ms=0.15770877252835036 gpu_idle_before_ms=0.24287577252835035
2026-10-08T13:45:57.219906916Z DEBUG omega::metal::placements_execute_named: chunk_record step=13 plan_shape=decode chunk=2 chunk_count=8 op_first=24 op_last=62 encode_start_ms=0.092625 encode_end_ms=0.219584 commit_at_ms=0.21970900000000002 commit_ms=0.002791 gpu_start_ms=0.5188756622374058 gpu_end_ms=0.8577507687732577 commit_to_gpu_start_ms=0.29916666223740573 gpu_idle_before_ms=0.015374971553683281
2026-10-08T13:45:57.219907583Z DEBUG omega::metal::placements_execute_named: chunk_record step=13 plan_shape=decode chunk=3 chunk_count=8 op_first=63 op_last=116 encode_start_ms=0.22325 encode_end_ms=0.41750000000000004 commit_at_ms=0.417667 commit_ms=0.0029170000000000003 gpu_start_ms=0.8791256695985794 gpu_end_ms=1.327709062024951 commit_to_gpu_start_ms=0.4614586695985794 gpu_idle_before_ms=0.021374900825321674
2026-10-08T13:45:57.219908208Z DEBUG omega::metal::placements_execute_named: chunk_record step=13 plan_shape=decode chunk=4 chunk_count=8 op_first=117 op_last=189 encode_start_ms=0.421292 encode_end_ms=0.689959 commit_at_ms=0.690125 commit_ms=0.003042 gpu_start_ms=1.3540840009227395 gpu_end_ms=2.0358340116217732 commit_to_gpu_start_ms=0.6639590009227395 gpu_idle_before_ms=0.026374938897788525
2026-10-08T13:45:57.219908750Z DEBUG omega::metal::placements_execute_named: chunk_record step=13 plan_shape=decode chunk=5 chunk_count=8 op_first=190 op_last=287 encode_start_ms=0.694125 encode_end_ms=1.0250000000000001 commit_at_ms=1.025334 commit_ms=0.0037500000000000003 gpu_start_ms=2.060958999209106 gpu_end_ms=2.9213756788522005 commit_to_gpu_start_ms=1.035624999209106 gpu_idle_before_ms=0.025124987587332726
2026-10-08T13:45:57.219909250Z DEBUG omega::metal::placements_execute_named: chunk_record step=13 plan_shape=decode chunk=6 chunk_count=8 op_first=288 op_last=420 encode_start_ms=1.030042 encode_end_ms=1.4647919999999999 commit_at_ms=1.4649590000000001 commit_ms=0.003541 gpu_start_ms=2.949334098957479 gpu_end_ms=4.145084065385163 commit_to_gpu_start_ms=1.4843750989574789 gpu_idle_before_ms=0.027958420105278492
2026-10-08T13:45:57.219909666Z DEBUG omega::metal::placements_execute_named: chunk_record step=13 plan_shape=decode chunk=7 chunk_count=8 op_first=421 op_last=599 encode_start_ms=1.469167 encode_end_ms=2.027292 commit_at_ms=2.0274170000000002 commit_ms=0.0029579999999999997 gpu_start_ms=4.173750756308436 gpu_end_ms=6.254709092900157 commit_to_gpu_start_ms=2.146333756308436 gpu_idle_before_ms=0.028666690923273563
2026-10-08T13:45:57.219910416Z DEBUG omega::metal::placements_execute_named: chunk_record step=13 plan_shape=decode chunk=8 chunk_count=8 op_first=600 op_last=841 encode_start_ms=2.0309999999999997 encode_end_ms=2.713292 commit_at_ms=2.713792 commit_ms=0.003208 gpu_start_ms=6.292375735938549 gpu_end_ms=10.073834098875523 commit_to_gpu_start_ms=3.578583735938549 gpu_idle_before_ms=0.03766664303839207
2026-10-08T13:45:57.219930000Z DEBUG proxima_model_interop::generate::decode: token_breakdown_argmax_split step=13 scan_ms=0 debug_ms=0
2026-10-08T13:45:57.219930583Z DEBUG proxima_model_interop::generate::decode: token_breakdown_gaps step=13 root_select_ms=0.009541 post_evaluate_ms=0.001625 pre_logits_ms=0.00225 checksum_ms=0.000041 fetch_ms=0.001208 argmax_ms=0.00025 logits_hash_ms=0
2026-10-08T13:45:57.219932125Z INFO proxima_model_interop::generate::load_model: token_breakdown: per-decode-step wall-clock attribution step=13 new_count=1 cached_len_before=983 step_wall_ms=10.610958 apply_serving_config_ms=0.000333 build_position_inputs_ms=0.005791 named_blocks_weights_ms=0.03725 named_blocks_kv_ms=0.034833 kv_cache_upload_bytes=0 ssm_state_transfer_bytes=0 evaluate_ms=10.551625 layer_cache_append_ms=0.000666 layer_cache_append_bytes=0 greedy_pick_ms=0
2026-10-08T13:45:57.219944458Z INFO proxima_model_interop::generate::load_model: token_breakdown_metal: per-decode-step metal stage attribution step=13 prepare_calls=0 prepare_ms=0 emit_calls=0 emit_ms=0 pipeline_hits=0 pipeline_misses=0 pipeline_compile_ms=0 block_upload_calls=9 block_upload_ms=0 block_offered_bytes=3092 block_copied_bytes=3092 block_nocopy_bound_bytes=0 block_offset_bound_bytes=0 op_setup_calls=618 op_setup_ms=0.018125 pipeline_lookup_calls=0 pipeline_lookup_ms=0 encode_dispatch_calls=618 physical_dispatch_calls=653 encode_dispatch_ms=1.581083 gpu_exec_calls=8 gpu_exec_ms=7.4915 readback_calls=2 readback_ms=0.0035 readback_bytes=8 nocopy_uploads=0 copying_uploads=9 nocopy_reuses=0 resident_uploads=0 resident_reuses=0 mapping_offset_uploads=0 mapping_rebound_blocks=6 mapping_residency_rung=prefault expert_mapping_candidate_uploads=0 expert_mapping_missed_uploads=0 nocopy_cache_len=1 resident_cache_len=0 resident_cache_bytes=0 uniform_cache_len=2 phys_footprint_bytes=6040211520 device_allocated_bytes=3565666304 output_buffer_allocations=0 output_buffer_allocated_bytes=0 checkpoint_mapping_buffer_bytes=3349528576 expert_mapping_buffer_bytes=0 plan_uniform_writes=0 retire_scan_calls=1439 retire_scan_ms=0.130833 expert_buffers_lookup_calls=618 expert_buffers_lookup_ms=0.506375 placement_resolve_calls=618 placement_resolve_ms=0.017625 loop_head_calls=842 loop_head_ms=0.247916 encoder_finish_ms=0.000416 pre_encode_calls=1 pre_encode_ms=0.149416 resolve_plan_ms=0.000208 prepare_infer_ms=0 prepare_validate_ms=0 prepare_bind_ms=0 prepare_optimize_ms=0 prepare_retire_ms=0 build_plan_uniforms_ms=0 resolve_steps_ms=0 uniform_buffer_allocations=0 barriers=0 barriers_raw=0 barriers_waw=0 barriers_war=0 barriers_waw_war_arena_recycled=0 barriers_waw_war_persistent=0 expert_source_cache_hits=0 expert_source_cache_misses=0 expert_source_cache_cold_misses=0 expert_source_cache_replacement_misses=0 expert_source_reuse_copy_bytes=0 expert_source_reuse_copy_ms=0 plan_cache_len=0 plan_hits=12 plan_misses=2 plan_refits=0 plan_arena_allocated_bytes=0 segment_arena_allocated_bytes=0 placed_arena_allocated_bytes=146227728 ablation=false kind_filter=
2026-10-08T13:45:57.220293541Z DEBUG omega::metal::placements_execute_named: step_phase step=14 phase=pre_encode start_raw_s=672584.726013416 end_raw_s=672584.726145541
2026-10-08T13:45:57.220372625Z DEBUG omega::metal::placements_execute_named: chunk_phase step=14 chunk=1 phase=encode start_raw_s=672584.726145541 end_raw_s=672584.726218875
2026-10-08T13:45:57.220372833Z DEBUG omega::metal::placements_execute_named: chunk_phase step=14 chunk=1 phase=commit start_raw_s=672584.726219208 end_raw_s=672584.726224208
2026-10-08T13:45:57.220488333Z DEBUG omega::metal::placements_execute_named: chunk_phase step=14 chunk=2 phase=encode start_raw_s=672584.726225166 end_raw_s=672584.726337583
2026-10-08T13:45:57.220488541Z DEBUG omega::metal::placements_execute_named: chunk_phase step=14 chunk=2 phase=commit start_raw_s=672584.726337708 end_raw_s=672584.72634025
2026-10-08T13:45:57.220666041Z DEBUG omega::metal::placements_execute_named: chunk_phase step=14 chunk=3 phase=encode start_raw_s=672584.726340875 end_raw_s=672584.726515041
2026-10-08T13:45:57.220666250Z DEBUG omega::metal::placements_execute_named: chunk_phase step=14 chunk=3 phase=commit start_raw_s=672584.726515166 end_raw_s=672584.726517916
2026-10-08T13:45:57.220903708Z DEBUG omega::metal::placements_execute_named: chunk_phase step=14 chunk=4 phase=encode start_raw_s=672584.726518625 end_raw_s=672584.726753041
2026-10-08T13:45:57.220903875Z DEBUG omega::metal::placements_execute_named: chunk_phase step=14 chunk=4 phase=commit start_raw_s=672584.726753125 end_raw_s=672584.726755541
2026-10-08T13:45:57.221212833Z DEBUG omega::metal::placements_execute_named: chunk_phase step=14 chunk=5 phase=encode start_raw_s=672584.726756333 end_raw_s=672584.727061875
2026-10-08T13:45:57.221213041Z DEBUG omega::metal::placements_execute_named: chunk_phase step=14 chunk=5 phase=commit start_raw_s=672584.727062125 end_raw_s=672584.7270645
2026-10-08T13:45:57.221622458Z DEBUG omega::metal::placements_execute_named: chunk_phase step=14 chunk=6 phase=encode start_raw_s=672584.7270655 end_raw_s=672584.727471708
2026-10-08T13:45:57.221622666Z DEBUG omega::metal::placements_execute_named: chunk_phase step=14 chunk=6 phase=commit start_raw_s=672584.727471833 end_raw_s=672584.727474333
2026-10-08T13:45:57.222161916Z DEBUG omega::metal::placements_execute_named: chunk_phase step=14 chunk=7 phase=encode start_raw_s=672584.727475 end_raw_s=672584.7280095
2026-10-08T13:45:57.222162125Z DEBUG omega::metal::placements_execute_named: chunk_phase step=14 chunk=7 phase=commit start_raw_s=672584.728009583 end_raw_s=672584.728013791
2026-10-08T13:45:57.222849791Z DEBUG omega::metal::placements_execute_named: chunk_phase step=14 chunk=8 phase=encode start_raw_s=672584.728014583 end_raw_s=672584.728698583
2026-10-08T13:45:57.222850041Z DEBUG omega::metal::placements_execute_named: chunk_phase step=14 chunk=8 phase=commit start_raw_s=672584.728698833 end_raw_s=672584.728701833
2026-10-08T13:45:57.230926208Z DEBUG omega::metal::placements_execute_named: token_breakdown_gpu commit_call_ms=0.003 commit_to_gpu_start_ms=0 gpu_busy_ms=10.265333228744566 gpu_end_to_wait_return_ms=0 sum_ms=10.268333228744567 final_commit_to_wait_ms=8.077333 gpu_start_raw_s=672584.7263639168 gpu_end_raw_s=672584.73662925 commit_call_start_raw_s=672584.728698833 wait_return_extra_ms=8.073584 chunks=8 first_commit_to_first_gpu_start_ms=0.14470878522843122 encode_overlap_ms=2.4735
2026-10-08T13:45:57.230927708Z DEBUG omega::metal::placements_execute_named: chunk_record step=14 plan_shape=decode chunk=1 chunk_count=8 op_first=0 op_last=23 encode_start_ms=0 encode_end_ms=0.073375 commit_at_ms=0.07370800000000001 commit_ms=0.005 gpu_start_ms=0.21837581880390644 gpu_end_ms=0.4817091394215822 commit_to_gpu_start_ms=0.14466781880390644 gpu_idle_before_ms=0.21837581880390644
2026-10-08T13:45:57.230928208Z DEBUG omega::metal::placements_execute_named: chunk_record step=14 plan_shape=decode chunk=2 chunk_count=8 op_first=24 op_last=62 encode_start_ms=0.079666 encode_end_ms=0.192083 commit_at_ms=0.192208 commit_ms=0.002542 gpu_start_ms=0.504000810906291 gpu_end_ms=0.8429590379819274 commit_to_gpu_start_ms=0.311792810906291 gpu_idle_before_ms=0.022291671484708786
2026-10-08T13:45:57.230928583Z DEBUG omega::metal::placements_execute_named: chunk_record step=14 plan_shape=decode chunk=3 chunk_count=8 op_first=63 op_last=116 encode_start_ms=0.195333 encode_end_ms=0.36954099999999995 commit_at_ms=0.369666 commit_ms=0.00275 gpu_start_ms=0.8647091453894973 gpu_end_ms=1.313209068030119 commit_to_gpu_start_ms=0.4950431453894973 gpu_idle_before_ms=0.021750107407569885
2026-10-08T13:45:57.230928958Z DEBUG omega::metal::placements_execute_named: chunk_record step=14 plan_shape=decode chunk=4 chunk_count=8 op_first=117 op_last=189 encode_start_ms=0.373125 encode_end_ms=0.6074999999999999 commit_at_ms=0.607625 commit_ms=0.002458 gpu_start_ms=1.34012580383569 gpu_end_ms=2.028459100984037 commit_to_gpu_start_ms=0.73250080383569 gpu_idle_before_ms=0.02691673580557108
2026-10-08T13:45:57.230929291Z DEBUG omega::metal::placements_execute_named: chunk_record step=14 plan_shape=decode chunk=5 chunk_count=8 op_first=190 op_last=287 encode_start_ms=0.610791 encode_end_ms=0.9163749999999999 commit_at_ms=0.916625 commit_ms=0.002375 gpu_start_ms=2.051709103398025 gpu_end_ms=2.9272091342136264 commit_to_gpu_start_ms=1.135084103398025 gpu_idle_before_ms=0.023250002413988113
2026-10-08T13:45:57.230929666Z DEBUG omega::metal::placements_execute_named: chunk_record step=14 plan_shape=decode chunk=6 chunk_count=8 op_first=288 op_last=420 encode_start_ms=0.919958 encode_end_ms=1.326166 commit_at_ms=1.326333 commit_ms=0.0025 gpu_start_ms=2.9548341408371925 gpu_end_ms=4.200834082439542 commit_to_gpu_start_ms=1.6285011408371926 gpu_idle_before_ms=0.02762500662356615
2026-10-08T13:45:57.230930041Z DEBUG omega::metal::placements_execute_named: chunk_record step=14 plan_shape=decode chunk=7 chunk_count=8 op_first=421 op_last=599 encode_start_ms=1.3295 encode_end_ms=1.863958 commit_at_ms=1.8640830000000002 commit_ms=0.004208 gpu_start_ms=4.22987574711442 gpu_end_ms=6.469709100201726 commit_to_gpu_start_ms=2.36579274711442 gpu_idle_before_ms=0.02904166467487812
2026-10-08T13:45:57.230930458Z DEBUG omega::metal::placements_execute_named: chunk_record step=14 plan_shape=decode chunk=8 chunk_count=8 op_first=600 op_last=841 encode_start_ms=1.8690410000000002 encode_end_ms=2.553083 commit_at_ms=2.5533330000000003 commit_ms=0.003 gpu_start_ms=6.501834141090512 gpu_end_ms=10.483709047548473 commit_to_gpu_start_ms=3.948501141090512 gpu_idle_before_ms=0.032125040888786316
2026-10-08T13:45:57.230948333Z DEBUG proxima_model_interop::generate::decode: token_breakdown_argmax_split step=14 scan_ms=0 debug_ms=0
2026-10-08T13:45:57.230948791Z DEBUG proxima_model_interop::generate::decode: token_breakdown_gaps step=14 root_select_ms=0.008333 post_evaluate_ms=0.001833 pre_logits_ms=0.002083 checksum_ms=0 fetch_ms=0.001 argmax_ms=0.0005 logits_hash_ms=0
2026-10-08T13:45:57.230950125Z INFO proxima_model_interop::generate::load_model: token_breakdown: per-decode-step wall-clock attribution step=14 new_count=1 cached_len_before=984 step_wall_ms=10.997875 apply_serving_config_ms=0.000083 build_position_inputs_ms=0.005583 named_blocks_weights_ms=0.032375 named_blocks_kv_ms=0.029958 kv_cache_upload_bytes=0 ssm_state_transfer_bytes=0 evaluate_ms=10.944708 layer_cache_append_ms=0.000708 layer_cache_append_bytes=0 greedy_pick_ms=0
2026-10-08T13:45:57.230966166Z INFO proxima_model_interop::generate::load_model: token_breakdown_metal: per-decode-step metal stage attribution step=14 prepare_calls=0 prepare_ms=0 emit_calls=0 emit_ms=0 pipeline_hits=0 pipeline_misses=0 pipeline_compile_ms=0 block_upload_calls=9 block_upload_ms=0 block_offered_bytes=3092 block_copied_bytes=3092 block_nocopy_bound_bytes=0 block_offset_bound_bytes=0 op_setup_calls=618 op_setup_ms=0.016416 pipeline_lookup_calls=0 pipeline_lookup_ms=0 encode_dispatch_calls=618 physical_dispatch_calls=653 encode_dispatch_ms=1.491166 gpu_exec_calls=8 gpu_exec_ms=8.077208 readback_calls=2 readback_ms=0.003083 readback_bytes=8 nocopy_uploads=0 copying_uploads=9 nocopy_reuses=0 resident_uploads=0 resident_reuses=0 mapping_offset_uploads=0 mapping_rebound_blocks=6 mapping_residency_rung=prefault expert_mapping_candidate_uploads=0 expert_mapping_missed_uploads=0 nocopy_cache_len=1 resident_cache_len=0 resident_cache_bytes=0 uniform_cache_len=2 phys_footprint_bytes=6040375360 device_allocated_bytes=3565666304 output_buffer_allocations=0 output_buffer_allocated_bytes=0 checkpoint_mapping_buffer_bytes=3349528576 expert_mapping_buffer_bytes=0 plan_uniform_writes=0 retire_scan_calls=1439 retire_scan_ms=0.120291 expert_buffers_lookup_calls=618 expert_buffers_lookup_ms=0.481166 placement_resolve_calls=618 placement_resolve_ms=0.01575 loop_head_calls=842 loop_head_ms=0.229833 encoder_finish_ms=0.000416 pre_encode_calls=1 pre_encode_ms=0.132458 resolve_plan_ms=0.000166 prepare_infer_ms=0 prepare_validate_ms=0 prepare_bind_ms=0 prepare_optimize_ms=0 prepare_retire_ms=0 build_plan_uniforms_ms=0 resolve_steps_ms=0 uniform_buffer_allocations=0 barriers=0 barriers_raw=0 barriers_waw=0 barriers_war=0 barriers_waw_war_arena_recycled=0 barriers_waw_war_persistent=0 expert_source_cache_hits=0 expert_source_cache_misses=0 expert_source_cache_cold_misses=0 expert_source_cache_replacement_misses=0 expert_source_reuse_copy_bytes=0 expert_source_reuse_copy_ms=0 plan_cache_len=0 plan_hits=13 plan_misses=2 plan_refits=0 plan_arena_allocated_bytes=0 segment_arena_allocated_bytes=0 placed_arena_allocated_bytes=146227728 ablation=false kind_filter=
2026-10-08T13:45:57.231303375Z DEBUG omega::metal::placements_execute_named: step_phase step=15 phase=pre_encode start_raw_s=672584.7370275 end_raw_s=672584.737155458
2026-10-08T13:45:57.231383875Z DEBUG omega::metal::placements_execute_named: chunk_phase step=15 chunk=1 phase=encode start_raw_s=672584.737155458 end_raw_s=672584.7372275
2026-10-08T13:45:57.231384125Z DEBUG omega::metal::placements_execute_named: chunk_phase step=15 chunk=1 phase=commit start_raw_s=672584.737227708 end_raw_s=672584.737232875
2026-10-08T13:45:57.231496916Z DEBUG omega::metal::placements_execute_named: chunk_phase step=15 chunk=2 phase=encode start_raw_s=672584.737236458 end_raw_s=672584.73734625
2026-10-08T13:45:57.231497125Z DEBUG omega::metal::placements_execute_named: chunk_phase step=15 chunk=2 phase=commit start_raw_s=672584.737346333 end_raw_s=672584.737348791
2026-10-08T13:45:57.231669500Z DEBUG omega::metal::placements_execute_named: chunk_phase step=15 chunk=3 phase=encode start_raw_s=672584.7373495 end_raw_s=672584.737518125
2026-10-08T13:45:57.231669833Z DEBUG omega::metal::placements_execute_named: chunk_phase step=15 chunk=3 phase=commit start_raw_s=672584.737518208 end_raw_s=672584.737521416
2026-10-08T13:45:57.231915166Z DEBUG omega::metal::placements_execute_named: chunk_phase step=15 chunk=4 phase=encode start_raw_s=672584.737522166 end_raw_s=672584.737764208
2026-10-08T13:45:57.231915375Z DEBUG omega::metal::placements_execute_named: chunk_phase step=15 chunk=4 phase=commit start_raw_s=672584.737764291 end_raw_s=672584.737767083
2026-10-08T13:45:57.232232458Z DEBUG omega::metal::placements_execute_named: chunk_phase step=15 chunk=5 phase=encode start_raw_s=672584.737767708 end_raw_s=672584.738077
2026-10-08T13:45:57.232232625Z DEBUG omega::metal::placements_execute_named: chunk_phase step=15 chunk=5 phase=commit start_raw_s=672584.73807725 end_raw_s=672584.738084208
2026-10-08T13:45:57.232626041Z DEBUG omega::metal::placements_execute_named: chunk_phase step=15 chunk=6 phase=encode start_raw_s=672584.738085166 end_raw_s=672584.738474875
2026-10-08T13:45:57.232626333Z DEBUG omega::metal::placements_execute_named: chunk_phase step=15 chunk=6 phase=commit start_raw_s=672584.738475 end_raw_s=672584.738477958
2026-10-08T13:45:57.233808291Z DEBUG omega::metal::placements_execute_named: chunk_phase step=15 chunk=8 phase=encode start_raw_s=672584.738991916 end_raw_s=672584.739656916
2026-10-08T13:45:57.233809833Z DEBUG omega::metal::placements_execute_named: chunk_phase step=15 chunk=8 phase=commit start_raw_s=672584.739657333 end_raw_s=672584.739660333
2026-10-08T13:45:57.242027416Z DEBUG omega::metal::placements_execute_named: token_breakdown_gpu commit_call_ms=0.0029579999999999997 commit_to_gpu_start_ms=0 gpu_busy_ms=10.357124963775277 gpu_end_to_wait_return_ms=0 sum_ms=10.360082963775277 final_commit_to_wait_ms=8.220125 gpu_start_raw_s=672584.7373742501 gpu_end_raw_s=672584.747731375 commit_call_start_raw_s=672584.739657333 wait_return_extra_ms=8.215250000000001 chunks=8 first_commit_to_first_gpu_start_ms=0.1465420937165618 encode_overlap_ms=2.42075
2026-10-08T13:45:57.242028625Z DEBUG omega::metal::placements_execute_named: chunk_record step=15 plan_shape=decode chunk=1 chunk_count=8 op_first=0 op_last=23 encode_start_ms=0 encode_end_ms=0.072084 commit_at_ms=0.072334 commit_ms=0.0051660000000000005 gpu_start_ms=0.21879211999475956 gpu_end_ms=0.4821671172976494 commit_to_gpu_start_ms=0.14645811999475955 gpu_idle_before_ms=0.21879211999475956
2026-10-08T13:45:57.242029250Z DEBUG omega::metal::placements_execute_named: chunk_record step=15 plan_shape=decode chunk=2 chunk_count=8 op_first=24 op_last=62 encode_start_ms=0.081 encode_end_ms=0.19079200000000002 commit_at_ms=0.190917 commit_ms=0.0025 gpu_start_ms=0.5074586952105165 gpu_end_ms=0.8419171208515763 commit_to_gpu_start_ms=0.31654169521051645 gpu_idle_before_ms=0.02529157791286707
2026-10-08T13:45:57.242029708Z DEBUG omega::metal::placements_execute_named: chunk_record step=15 plan_shape=decode chunk=3 chunk_count=8 op_first=63 op_last=116 encode_start_ms=0.194084 encode_end_ms=0.362667 commit_at_ms=0.362792 commit_ms=0.003208 gpu_start_ms=0.8642920292913914 gpu_end_ms=1.311542117036879 commit_to_gpu_start_ms=0.5015000292913914 gpu_idle_before_ms=0.022374908439815044
2026-10-08T13:45:57.242030208Z DEBUG omega::metal::placements_execute_named: chunk_record step=15 plan_shape=decode chunk=4 chunk_count=8 op_first=117 op_last=189 encode_start_ms=0.36675 encode_end_ms=0.60875 commit_at_ms=0.608875 commit_ms=0.002792 gpu_start_ms=1.3386671198531985 gpu_end_ms=2.020167070440948 commit_to_gpu_start_ms=0.7297921198531985 gpu_idle_before_ms=0.027125002816319466
2026-10-08T13:45:57.242030791Z DEBUG omega::metal::placements_execute_named: chunk_record step=15 plan_shape=decode chunk=5 chunk_count=8 op_first=190 op_last=287 encode_start_ms=0.61225 encode_end_ms=0.9215840000000001 commit_at_ms=0.9218339999999999 commit_ms=0.006958 gpu_start_ms=2.0456670317798853 gpu_end_ms=2.9298337176442146 commit_to_gpu_start_ms=1.1238330317798852 gpu_idle_before_ms=0.025499961338937283
2026-10-08T13:45:57.242031208Z DEBUG omega::metal::placements_execute_named: chunk_record step=15 plan_shape=decode chunk=6 chunk_count=8 op_first=288 op_last=420 encode_start_ms=0.9297500000000001 encode_end_ms=1.319459 commit_at_ms=1.3195839999999999 commit_ms=0.0029579999999999997 gpu_start_ms=2.95841705519706 gpu_end_ms=4.299917025491595 commit_to_gpu_start_ms=1.6388330551970602 gpu_idle_before_ms=0.028583337552845478
2026-10-08T13:45:57.242031541Z DEBUG omega::metal::placements_execute_named: chunk_record step=15 plan_shape=decode chunk=7 chunk_count=8 op_first=421 op_last=599 encode_start_ms=1.32325 encode_end_ms=1.832625 commit_at_ms=1.832792 commit_ms=0.002875 gpu_start_ms=4.330333787947893 gpu_end_ms=6.5645420690998435 commit_to_gpu_start_ms=2.497541787947893 gpu_idle_before_ms=0.030416762456297874
2026-10-08T13:45:57.242031916Z DEBUG omega::metal::placements_execute_named: chunk_record step=15 plan_shape=decode chunk=8 chunk_count=8 op_first=600 op_last=841 encode_start_ms=1.8364589999999998 encode_end_ms=2.501459 commit_at_ms=2.5019590000000003 commit_ms=0.0029579999999999997 gpu_start_ms=6.59945874940604 gpu_end_ms=10.575917083770037 commit_to_gpu_start_ms=4.0974997494060394 gpu_idle_before_ms=0.03491668030619621
2026-10-08T13:45:57.242047833Z DEBUG proxima_model_interop::generate::decode: token_breakdown_argmax_split step=15 scan_ms=0 debug_ms=0
2026-10-08T13:45:57.242048375Z DEBUG proxima_model_interop::generate::decode: token_breakdown_gaps step=15 root_select_ms=0.007833 post_evaluate_ms=0.001333 pre_logits_ms=0.002291 checksum_ms=0 fetch_ms=0.00125 argmax_ms=0.000333 logits_hash_ms=0
2026-10-08T13:45:57.242049500Z INFO proxima_model_interop::generate::load_model: token_breakdown: per-decode-step wall-clock attribution step=15 new_count=1 cached_len_before=985 step_wall_ms=11.075625 apply_serving_config_ms=0.000125 build_position_inputs_ms=0.005125 named_blocks_weights_ms=0.032125 named_blocks_kv_ms=0.029458 kv_cache_upload_bytes=0 ssm_state_transfer_bytes=0 evaluate_ms=11.024625 layer_cache_append_ms=0.000666 layer_cache_append_bytes=0 greedy_pick_ms=0
2026-10-08T13:45:57.242060041Z INFO proxima_model_interop::generate::load_model: token_breakdown_metal: per-decode-step metal stage attribution step=15 prepare_calls=0 prepare_ms=0 emit_calls=0 emit_ms=0 pipeline_hits=0 pipeline_misses=0 pipeline_compile_ms=0 block_upload_calls=9 block_upload_ms=0 block_offered_bytes=3092 block_copied_bytes=3092 block_nocopy_bound_bytes=0 block_offset_bound_bytes=0 op_setup_calls=618 op_setup_ms=0.012083 pipeline_lookup_calls=0 pipeline_lookup_ms=0 encode_dispatch_calls=618 physical_dispatch_calls=653 encode_dispatch_ms=1.469375 gpu_exec_calls=8 gpu_exec_ms=8.220041 readback_calls=2 readback_ms=0.003083 readback_bytes=8 nocopy_uploads=0 copying_uploads=9 nocopy_reuses=0 resident_uploads=0 resident_reuses=0 mapping_offset_uploads=0 mapping_rebound_blocks=6 mapping_residency_rung=prefault expert_mapping_candidate_uploads=0 expert_mapping_missed_uploads=0 nocopy_cache_len=1 resident_cache_len=0 resident_cache_bytes=0 uniform_cache_len=2 phys_footprint_bytes=6040522816 device_allocated_bytes=3565666304 output_buffer_allocations=0 output_buffer_allocated_bytes=0 checkpoint_mapping_buffer_bytes=3349528576 expert_mapping_buffer_bytes=0 plan_uniform_writes=0 retire_scan_calls=1439 retire_scan_ms=0.120958 expert_buffers_lookup_calls=618 expert_buffers_lookup_ms=0.469041 placement_resolve_calls=618 placement_resolve_ms=0.015291 loop_head_calls=842 loop_head_ms=0.218125 encoder_finish_ms=0.00025 pre_encode_calls=1 pre_encode_ms=0.128208 resolve_plan_ms=0.000125 prepare_infer_ms=0 prepare_validate_ms=0 prepare_bind_ms=0 prepare_optimize_ms=0 prepare_retire_ms=0 build_plan_uniforms_ms=0 resolve_steps_ms=0 uniform_buffer_allocations=0 barriers=0 barriers_raw=0 barriers_waw=0 barriers_war=0 barriers_waw_war_arena_recycled=0 barriers_waw_war_persistent=0 expert_source_cache_hits=0 expert_source_cache_misses=0 expert_source_cache_cold_misses=0 expert_source_cache_replacement_misses=0 expert_source_reuse_copy_bytes=0 expert_source_reuse_copy_ms=0 plan_cache_len=0 plan_hits=14 plan_misses=2 plan_refits=0 plan_arena_allocated_bytes=0 segment_arena_allocated_bytes=0 placed_arena_allocated_bytes=146227728 ablation=false kind_filter=
2026-10-08T13:45:57.242392708Z DEBUG omega::metal::placements_execute_named: step_phase step=16 phase=pre_encode start_raw_s=672584.748116416 end_raw_s=672584.74824475
2026-10-08T13:45:57.242465041Z DEBUG omega::metal::placements_execute_named: chunk_phase step=16 chunk=1 phase=encode start_raw_s=672584.74824475 end_raw_s=672584.74831175
2026-10-08T13:45:57.242465250Z DEBUG omega::metal::placements_execute_named: chunk_phase step=16 chunk=1 phase=commit start_raw_s=672584.748312166 end_raw_s=672584.74831675
2026-10-08T13:45:57.242576625Z DEBUG omega::metal::placements_execute_named: chunk_phase step=16 chunk=2 phase=encode start_raw_s=672584.748317583 end_raw_s=672584.748426208
2026-10-08T13:45:57.242576833Z DEBUG omega::metal::placements_execute_named: chunk_phase step=16 chunk=2 phase=commit start_raw_s=672584.748426291 end_raw_s=672584.748428541
2026-10-08T13:45:57.242750208Z DEBUG omega::metal::placements_execute_named: chunk_phase step=16 chunk=3 phase=encode start_raw_s=672584.74842925 end_raw_s=672584.748599958
2026-10-08T13:45:57.242750416Z DEBUG omega::metal::placements_execute_named: chunk_phase step=16 chunk=3 phase=commit start_raw_s=672584.748600083 end_raw_s=672584.748602083
2026-10-08T13:45:57.242984916Z DEBUG omega::metal::placements_execute_named: chunk_phase step=16 chunk=4 phase=encode start_raw_s=672584.74860275 end_raw_s=672584.748833958
2026-10-08T13:45:57.242985125Z DEBUG omega::metal::placements_execute_named: chunk_phase step=16 chunk=4 phase=commit start_raw_s=672584.748834083 end_raw_s=672584.748836791
2026-10-08T13:45:57.233139250Z DEBUG omega::metal::placements_execute_named: chunk_phase step=15 chunk=7 phase=encode start_raw_s=672584.738478708 end_raw_s=672584.738988041
2026-10-08T13:45:57.233139458Z DEBUG omega::metal::placements_execute_named: chunk_phase step=15 chunk=7 phase=commit start_raw_s=672584.738988166 end_raw_s=672584.738991083
2026-10-08T13:45:57.243325291Z DEBUG omega::metal::placements_execute_named: chunk_phase step=16 chunk=5 phase=encode start_raw_s=672584.748837458 end_raw_s=672584.749171916
2026-10-08T13:45:57.243325541Z DEBUG omega::metal::placements_execute_named: chunk_phase step=16 chunk=5 phase=commit start_raw_s=672584.749172166 end_raw_s=672584.749177083
2026-10-08T13:45:57.243722958Z DEBUG omega::metal::placements_execute_named: chunk_phase step=16 chunk=6 phase=encode start_raw_s=672584.749177916 end_raw_s=672584.749571625
2026-10-08T13:45:57.243723166Z DEBUG omega::metal::placements_execute_named: chunk_phase step=16 chunk=6 phase=commit start_raw_s=672584.749571708 end_raw_s=672584.749574833
2026-10-08T13:45:57.244252708Z DEBUG omega::metal::placements_execute_named: chunk_phase step=16 chunk=7 phase=encode start_raw_s=672584.7495755 end_raw_s=672584.750101541
2026-10-08T13:45:57.244252875Z DEBUG omega::metal::placements_execute_named: chunk_phase step=16 chunk=7 phase=commit start_raw_s=672584.750101625 end_raw_s=672584.750104583
2026-10-08T13:45:57.244939125Z DEBUG omega::metal::placements_execute_named: chunk_phase step=16 chunk=8 phase=encode start_raw_s=672584.75010525 end_raw_s=672584.750787791
2026-10-08T13:45:57.244939375Z DEBUG omega::metal::placements_execute_named: chunk_phase step=16 chunk=8 phase=commit start_raw_s=672584.750788166 end_raw_s=672584.750791125
2026-10-08T13:45:57.253166291Z DEBUG omega::metal::placements_execute_named: token_breakdown_gpu commit_call_ms=0.002959 commit_to_gpu_start_ms=0 gpu_busy_ms=10.414874996058643 gpu_end_to_wait_return_ms=0 sum_ms=10.417833996058643 final_commit_to_wait_ms=8.228833 gpu_start_raw_s=672584.7484562501 gpu_end_raw_s=672584.758871125 commit_call_start_raw_s=672584.750788166 wait_return_extra_ms=8.225208 chunks=8 first_commit_to_first_gpu_start_ms=0.1440841006115079 encode_overlap_ms=2.470291
2026-10-08T13:45:57.253167208Z DEBUG omega::metal::placements_execute_named: chunk_record step=16 plan_shape=decode chunk=1 chunk_count=8 op_first=0 op_last=23 encode_start_ms=0 encode_end_ms=0.067 commit_at_ms=0.067416 commit_ms=0.0045839999999999995 gpu_start_ms=0.21150009706616402 gpu_end_ms=0.4704167367890477 commit_to_gpu_start_ms=0.144084097066164 gpu_idle_before_ms=0.21150009706616402
2026-10-08T13:45:57.253167791Z DEBUG omega::metal::placements_execute_named: chunk_record step=16 plan_shape=decode chunk=2 chunk_count=8 op_first=24 op_last=62 encode_start_ms=0.072833 encode_end_ms=0.181416 commit_at_ms=0.181583 commit_ms=0.002208 gpu_start_ms=0.49212505109608173 gpu_end_ms=0.873875105753541 commit_to_gpu_start_ms=0.31054205109608174 gpu_idle_before_ms=0.021708314307034016
2026-10-08T13:45:57.253168166Z DEBUG omega::metal::placements_execute_named: chunk_record step=16 plan_shape=decode chunk=3 chunk_count=8 op_first=63 op_last=116 encode_start_ms=0.184458 encode_end_ms=0.35516600000000004 commit_at_ms=0.355333 commit_ms=0.002042 gpu_start_ms=0.8983750594779849 gpu_end_ms=1.3527917908504605 commit_to_gpu_start_ms=0.5430420594779849 gpu_idle_before_ms=0.024499953724443913
2026-10-08T13:45:57.253168541Z DEBUG omega::metal::placements_execute_named: chunk_record step=16 plan_shape=decode chunk=4 chunk_count=8 op_first=117 op_last=189 encode_start_ms=0.357958 encode_end_ms=0.5892080000000001 commit_at_ms=0.589333 commit_ms=0.00275 gpu_start_ms=1.3831667602062225 gpu_end_ms=2.0666250493377447 commit_to_gpu_start_ms=0.7938337602062225 gpu_idle_before_ms=0.030374969355762005
2026-10-08T13:45:57.253168916Z DEBUG omega::metal::placements_execute_named: chunk_record step=16 plan_shape=decode chunk=5 chunk_count=8 op_first=190 op_last=287 encode_start_ms=0.592666 encode_end_ms=0.927166 commit_at_ms=0.927458 commit_ms=0.004875 gpu_start_ms=2.0912500331178308 gpu_end_ms=2.987625077366829 commit_to_gpu_start_ms=1.1637920331178306 gpu_idle_before_ms=0.02462498378008604
2026-10-08T13:45:57.253171916Z DEBUG omega::metal::placements_execute_named: chunk_record step=16 plan_shape=decode chunk=6 chunk_count=8 op_first=288 op_last=420 encode_start_ms=0.933125 encode_end_ms=1.326833 commit_at_ms=1.326958 commit_ms=0.003125 gpu_start_ms=3.016000031493604 gpu_end_ms=4.362250096164644 commit_to_gpu_start_ms=1.689042031493604 gpu_idle_before_ms=0.028374954126775265
2026-10-08T13:45:57.253172458Z DEBUG omega::metal::placements_execute_named: chunk_record step=16 plan_shape=decode chunk=7 chunk_count=8 op_first=421 op_last=599 encode_start_ms=1.330708 encode_end_ms=1.85675 commit_at_ms=1.856875 commit_ms=0.003 gpu_start_ms=4.398750024847686 gpu_end_ms=6.671750103123486 commit_to_gpu_start_ms=2.5418750248476862 gpu_idle_before_ms=0.036499928683042526
2026-10-08T13:45:57.253172833Z DEBUG omega::metal::placements_execute_named: chunk_record step=16 plan_shape=decode chunk=8 chunk_count=8 op_first=600 op_last=841 encode_start_ms=1.860458 encode_end_ms=2.543 commit_at_ms=2.543416 commit_ms=0.002959 gpu_start_ms=6.712500122375786 gpu_end_ms=10.626375093124807 commit_to_gpu_start_ms=4.169084122375786 gpu_idle_before_ms=0.04075001925230026
2026-10-08T13:45:57.253186916Z DEBUG proxima_model_interop::generate::decode: token_breakdown_argmax_split step=16 scan_ms=0 debug_ms=0
2026-10-08T13:45:57.253187458Z DEBUG proxima_model_interop::generate::decode: token_breakdown_gaps step=16 root_select_ms=0.006916 post_evaluate_ms=0.001125 pre_logits_ms=0.001833 checksum_ms=0 fetch_ms=0.000833 argmax_ms=0.0005 logits_hash_ms=0
2026-10-08T13:45:57.253188541Z INFO proxima_model_interop::generate::load_model: token_breakdown: per-decode-step wall-clock attribution step=16 new_count=1 cached_len_before=986 step_wall_ms=11.122166 apply_serving_config_ms=0.00025 build_position_inputs_ms=0.005041 named_blocks_weights_ms=0.030625 named_blocks_kv_ms=0.0285 kv_cache_upload_bytes=0 ssm_state_transfer_bytes=0 evaluate_ms=11.074541 layer_cache_append_ms=0.000416 layer_cache_append_bytes=0 greedy_pick_ms=0
2026-10-08T13:45:57.253197708Z INFO proxima_model_interop::generate::load_model: token_breakdown_metal: per-decode-step metal stage attribution step=16 prepare_calls=0 prepare_ms=0 emit_calls=0 emit_ms=0 pipeline_hits=0 pipeline_misses=0 pipeline_compile_ms=0 block_upload_calls=9 block_upload_ms=0 block_offered_bytes=3092 block_copied_bytes=3092 block_nocopy_bound_bytes=0 block_offset_bound_bytes=0 op_setup_calls=618 op_setup_ms=0.012666 pipeline_lookup_calls=0 pipeline_lookup_ms=0 encode_dispatch_calls=618 physical_dispatch_calls=653 encode_dispatch_ms=1.477208 gpu_exec_calls=8 gpu_exec_ms=8.228791 readback_calls=2 readback_ms=0.003208 readback_bytes=8 nocopy_uploads=0 copying_uploads=9 nocopy_reuses=0 resident_uploads=0 resident_reuses=0 mapping_offset_uploads=0 mapping_rebound_blocks=6 mapping_residency_rung=prefault expert_mapping_candidate_uploads=0 expert_mapping_missed_uploads=0 nocopy_cache_len=1 resident_cache_len=0 resident_cache_bytes=0 uniform_cache_len=2 phys_footprint_bytes=6040670272 device_allocated_bytes=3565666304 output_buffer_allocations=0 output_buffer_allocated_bytes=0 checkpoint_mapping_buffer_bytes=3349528576 expert_mapping_buffer_bytes=0 plan_uniform_writes=0 retire_scan_calls=1439 retire_scan_ms=0.118833 expert_buffers_lookup_calls=618 expert_buffers_lookup_ms=0.5075 placement_resolve_calls=618 placement_resolve_ms=0.01525 loop_head_calls=842 loop_head_ms=0.2215 encoder_finish_ms=0.00025 pre_encode_calls=1 pre_encode_ms=0.128625 resolve_plan_ms=0.000125 prepare_infer_ms=0 prepare_validate_ms=0 prepare_bind_ms=0 prepare_optimize_ms=0 prepare_retire_ms=0 build_plan_uniforms_ms=0 resolve_steps_ms=0 uniform_buffer_allocations=0 barriers=0 barriers_raw=0 barriers_waw=0 barriers_war=0 barriers_waw_war_arena_recycled=0 barriers_waw_war_persistent=0 expert_source_cache_hits=0 expert_source_cache_misses=0 expert_source_cache_cold_misses=0 expert_source_cache_replacement_misses=0 expert_source_reuse_copy_bytes=0 expert_source_reuse_copy_ms=0 plan_cache_len=0 plan_hits=15 plan_misses=2 plan_refits=0 plan_arena_allocated_bytes=0 segment_arena_allocated_bytes=0 placed_arena_allocated_bytes=146227728 ablation=false kind_filter=
2026-10-08T13:45:57.253539625Z DEBUG omega::metal::placements_execute_named: step_phase step=17 phase=pre_encode start_raw_s=672584.75926375 end_raw_s=672584.759391625
2026-10-08T13:45:57.253618583Z DEBUG omega::metal::placements_execute_named: chunk_phase step=17 chunk=1 phase=encode start_raw_s=672584.759391625 end_raw_s=672584.759465833
2026-10-08T13:45:57.253618750Z DEBUG omega::metal::placements_execute_named: chunk_phase step=17 chunk=1 phase=commit start_raw_s=672584.759466208 end_raw_s=672584.759470375
2026-10-08T13:45:57.253744458Z DEBUG omega::metal::placements_execute_named: chunk_phase step=17 chunk=2 phase=encode start_raw_s=672584.759471125 end_raw_s=672584.75959375
2026-10-08T13:45:57.253744708Z DEBUG omega::metal::placements_execute_named: chunk_phase step=17 chunk=2 phase=commit start_raw_s=672584.759593875 end_raw_s=672584.759596291
2026-10-08T13:45:57.253924291Z DEBUG omega::metal::placements_execute_named: chunk_phase step=17 chunk=3 phase=encode start_raw_s=672584.759597208 end_raw_s=672584.759773583
2026-10-08T13:45:57.253924500Z DEBUG omega::metal::placements_execute_named: chunk_phase step=17 chunk=3 phase=commit start_raw_s=672584.759773666 end_raw_s=672584.759776166
2026-10-08T13:45:57.254179541Z DEBUG omega::metal::placements_execute_named: chunk_phase step=17 chunk=4 phase=encode start_raw_s=672584.759776833 end_raw_s=672584.760025291
2026-10-08T13:45:57.254179750Z DEBUG omega::metal::placements_execute_named: chunk_phase step=17 chunk=4 phase=commit start_raw_s=672584.760025375 end_raw_s=672584.760031375
2026-10-08T13:45:57.254512416Z DEBUG omega::metal::placements_execute_named: chunk_phase step=17 chunk=5 phase=encode start_raw_s=672584.760032208 end_raw_s=672584.760360583
2026-10-08T13:45:57.254512625Z DEBUG omega::metal::placements_execute_named: chunk_phase step=17 chunk=5 phase=commit start_raw_s=672584.760360833 end_raw_s=672584.760364083
2026-10-08T13:45:57.254932541Z DEBUG omega::metal::placements_execute_named: chunk_phase step=17 chunk=6 phase=encode start_raw_s=672584.760364958 end_raw_s=672584.760781916
2026-10-08T13:45:57.254932708Z DEBUG omega::metal::placements_execute_named: chunk_phase step=17 chunk=6 phase=commit start_raw_s=672584.760782 end_raw_s=672584.760784416
2026-10-08T13:45:57.255484833Z DEBUG omega::metal::placements_execute_named: chunk_phase step=17 chunk=7 phase=encode start_raw_s=672584.760785083 end_raw_s=672584.761334041
2026-10-08T13:45:57.255485041Z DEBUG omega::metal::placements_execute_named: chunk_phase step=17 chunk=7 phase=commit start_raw_s=672584.761334166 end_raw_s=672584.761336708
2026-10-08T13:45:57.256150333Z DEBUG omega::metal::placements_execute_named: chunk_phase step=17 chunk=8 phase=encode start_raw_s=672584.761337375 end_raw_s=672584.76199675
2026-10-08T13:45:57.256150500Z DEBUG omega::metal::placements_execute_named: chunk_phase step=17 chunk=8 phase=commit start_raw_s=672584.76199725 end_raw_s=672584.762002375
2026-10-08T13:45:57.263898666Z DEBUG omega::metal::placements_execute_named: token_breakdown_gpu commit_call_ms=0.0051660000000000005 commit_to_gpu_start_ms=0 gpu_busy_ms=9.99812490772456 gpu_end_to_wait_return_ms=0 sum_ms=10.003290907724558 final_commit_to_wait_ms=7.750916 gpu_start_raw_s=672584.7596042501 gpu_end_raw_s=672584.769602375 commit_call_start_raw_s=672584.76199725 wait_return_extra_ms=7.7451669999999995 chunks=8 first_commit_to_first_gpu_start_ms=0.13804202899336815 encode_overlap_ms=2.525916
2026-10-08T13:45:57.263900041Z DEBUG omega::metal::placements_execute_named: chunk_record step=17 plan_shape=decode chunk=1 chunk_count=8 op_first=0 op_last=23 encode_start_ms=0 encode_end_ms=0.07420800000000001 commit_at_ms=0.074625 commit_ms=0.004167 gpu_start_ms=0.21262513473629951 gpu_end_ms=0.46900007873773575 commit_to_gpu_start_ms=0.13800013473629952 gpu_idle_before_ms=0.21262513473629951
2026-10-08T13:45:57.263900708Z DEBUG omega::metal::placements_execute_named: chunk_record step=17 plan_shape=decode chunk=2 chunk_count=8 op_first=24 op_last=62 encode_start_ms=0.0795 encode_end_ms=0.202125 commit_at_ms=0.202292 commit_ms=0.0024159999999999997 gpu_start_ms=0.4942500963807106 gpu_end_ms=0.8260417962446809 commit_to_gpu_start_ms=0.2919580963807106 gpu_idle_before_ms=0.025250017642974854
2026-10-08T13:45:57.263901125Z DEBUG omega::metal::placements_execute_named: chunk_record step=17 plan_shape=decode chunk=3 chunk_count=8 op_first=63 op_last=116 encode_start_ms=0.205583 encode_end_ms=0.381958 commit_at_ms=0.382125 commit_ms=0.002458 gpu_start_ms=0.8476667571812868 gpu_end_ms=1.2949167285114527 commit_to_gpu_start_ms=0.4655417571812868 gpu_idle_before_ms=0.02162496093660593
2026-10-08T13:45:57.263901708Z DEBUG omega::metal::placements_execute_named: chunk_record step=17 plan_shape=decode chunk=4 chunk_count=8 op_first=117 op_last=189 encode_start_ms=0.38525000000000004 encode_end_ms=0.633667 commit_at_ms=0.633792 commit_ms=0.006 gpu_start_ms=1.3218751410022378 gpu_end_ms=2.002375083975494 commit_to_gpu_start_ms=0.6880831410022378 gpu_idle_before_ms=0.026958412490785122
2026-10-08T13:45:57.263902250Z DEBUG omega::metal::placements_execute_named: chunk_record step=17 plan_shape=decode chunk=5 chunk_count=8 op_first=190 op_last=287 encode_start_ms=0.640625 encode_end_ms=0.968958 commit_at_ms=0.9692919999999999 commit_ms=0.003208 gpu_start_ms=2.0231667440384626 gpu_end_ms=2.9097917722538114 commit_to_gpu_start_ms=1.0538747440384628 gpu_idle_before_ms=0.02079166006296873
2026-10-08T13:45:57.263902625Z DEBUG omega::metal::placements_execute_named: chunk_record step=17 plan_shape=decode chunk=6 chunk_count=8 op_first=288 op_last=420 encode_start_ms=0.973375 encode_end_ms=1.390292 commit_at_ms=1.390458 commit_ms=0.002375 gpu_start_ms=2.939250087365508 gpu_end_ms=4.218875081278384 commit_to_gpu_start_ms=1.548792087365508 gpu_idle_before_ms=0.02945831511169672
2026-10-08T13:45:57.263902958Z DEBUG omega::metal::placements_execute_named: chunk_record step=17 plan_shape=decode chunk=7 chunk_count=8 op_first=421 op_last=599 encode_start_ms=1.393458 encode_end_ms=1.942458 commit_at_ms=1.942583 commit_ms=0.0025840000000000004 gpu_start_ms=4.252875107340515 gpu_end_ms=6.374375079758465 commit_to_gpu_start_ms=2.3102921073405147 gpu_idle_before_ms=0.03400002606213093
2026-10-08T13:45:57.263903333Z DEBUG omega::metal::placements_execute_named: chunk_record step=17 plan_shape=decode chunk=8 chunk_count=8 op_first=600 op_last=841 encode_start_ms=1.945792 encode_end_ms=2.6051249999999997 commit_at_ms=2.605667 commit_ms=0.0051660000000000005 gpu_start_ms=6.402750150300562 gpu_end_ms=10.210750042460859 commit_to_gpu_start_ms=3.7970831503005624 gpu_idle_before_ms=0.02837507054209709
2026-10-08T13:45:57.263924958Z DEBUG proxima_model_interop::generate::decode: token_breakdown_argmax_split step=17 scan_ms=0 debug_ms=0
2026-10-08T13:45:57.263925416Z DEBUG proxima_model_interop::generate::decode: token_breakdown_gaps step=17 root_select_ms=0.006416 post_evaluate_ms=0.001708 pre_logits_ms=0.002125 checksum_ms=0 fetch_ms=0.001 argmax_ms=0.0005 logits_hash_ms=0
2026-10-08T13:45:57.263926833Z INFO proxima_model_interop::generate::load_model: token_breakdown: per-decode-step wall-clock attribution step=17 new_count=1 cached_len_before=987 step_wall_ms=10.723625 apply_serving_config_ms=0.00025 build_position_inputs_ms=0.005 named_blocks_weights_ms=0.032041 named_blocks_kv_ms=0.030125 kv_cache_upload_bytes=0 ssm_state_transfer_bytes=0 evaluate_ms=10.673708 layer_cache_append_ms=0.000708 layer_cache_append_bytes=0 greedy_pick_ms=0
2026-10-08T13:45:57.263944500Z INFO proxima_model_interop::generate::load_model: token_breakdown_metal: per-decode-step metal stage attribution step=17 prepare_calls=0 prepare_ms=0 emit_calls=0 emit_ms=0 pipeline_hits=0 pipeline_misses=0 pipeline_compile_ms=0 block_upload_calls=9 block_upload_ms=0 block_offered_bytes=3092 block_copied_bytes=3092 block_nocopy_bound_bytes=0 block_offset_bound_bytes=0 op_setup_calls=618 op_setup_ms=0.0145 pipeline_lookup_calls=0 pipeline_lookup_ms=0 encode_dispatch_calls=618 physical_dispatch_calls=653 encode_dispatch_ms=1.514708 gpu_exec_calls=8 gpu_exec_ms=7.750666 readback_calls=2 readback_ms=0.003583 readback_bytes=8 nocopy_uploads=0 copying_uploads=9 nocopy_reuses=0 resident_uploads=0 resident_reuses=0 mapping_offset_uploads=0 mapping_rebound_blocks=6 mapping_residency_rung=prefault expert_mapping_candidate_uploads=0 expert_mapping_missed_uploads=0 nocopy_cache_len=1 resident_cache_len=0 resident_cache_bytes=0 uniform_cache_len=2 phys_footprint_bytes=6040866880 device_allocated_bytes=3565666304 output_buffer_allocations=0 output_buffer_allocated_bytes=0 checkpoint_mapping_buffer_bytes=3349528576 expert_mapping_buffer_bytes=0 plan_uniform_writes=0 retire_scan_calls=1439 retire_scan_ms=0.124291 expert_buffers_lookup_calls=618 expert_buffers_lookup_ms=0.542166 placement_resolve_calls=618 placement_resolve_ms=0.017208 loop_head_calls=842 loop_head_ms=0.195958 encoder_finish_ms=0.000291 pre_encode_calls=1 pre_encode_ms=0.128208 resolve_plan_ms=0.000208 prepare_infer_ms=0 prepare_validate_ms=0 prepare_bind_ms=0 prepare_optimize_ms=0 prepare_retire_ms=0 build_plan_uniforms_ms=0 resolve_steps_ms=0 uniform_buffer_allocations=0 barriers=0 barriers_raw=0 barriers_waw=0 barriers_war=0 barriers_waw_war_arena_recycled=0 barriers_waw_war_persistent=0 expert_source_cache_hits=0 expert_source_cache_misses=0 expert_source_cache_cold_misses=0 expert_source_cache_replacement_misses=0 expert_source_reuse_copy_bytes=0 expert_source_reuse_copy_ms=0 plan_cache_len=0 plan_hits=16 plan_misses=2 plan_refits=0 plan_arena_allocated_bytes=0 segment_arena_allocated_bytes=0 placed_arena_allocated_bytes=146227728 ablation=false kind_filter=
2026-10-08T13:45:57.264293500Z DEBUG omega::metal::placements_execute_named: step_phase step=18 phase=pre_encode start_raw_s=672584.770009458 end_raw_s=672584.7701455
2026-10-08T13:45:57.264382041Z DEBUG omega::metal::placements_execute_named: chunk_phase step=18 chunk=1 phase=encode start_raw_s=672584.7701455 end_raw_s=672584.770227416
2026-10-08T13:45:57.264382250Z DEBUG omega::metal::placements_execute_named: chunk_phase step=18 chunk=1 phase=commit start_raw_s=672584.770227875 end_raw_s=672584.770233833
2026-10-08T13:45:57.264499958Z DEBUG omega::metal::placements_execute_named: chunk_phase step=18 chunk=2 phase=encode start_raw_s=672584.770234583 end_raw_s=672584.770349625
2026-10-08T13:45:57.264500166Z DEBUG omega::metal::placements_execute_named: chunk_phase step=18 chunk=2 phase=commit start_raw_s=672584.77034975 end_raw_s=672584.770351833
2026-10-08T13:45:57.264680208Z DEBUG omega::metal::placements_execute_named: chunk_phase step=18 chunk=3 phase=encode start_raw_s=672584.7703525 end_raw_s=672584.7705295
2026-10-08T13:45:57.264680416Z DEBUG omega::metal::placements_execute_named: chunk_phase step=18 chunk=3 phase=commit start_raw_s=672584.770529625 end_raw_s=672584.770532125
2026-10-08T13:45:57.264920708Z DEBUG omega::metal::placements_execute_named: chunk_phase step=18 chunk=4 phase=encode start_raw_s=672584.770532875 end_raw_s=672584.770769333
2026-10-08T13:45:57.264920916Z DEBUG omega::metal::placements_execute_named: chunk_phase step=18 chunk=4 phase=commit start_raw_s=672584.770769416 end_raw_s=672584.770772583
2026-10-08T13:45:57.265228250Z DEBUG omega::metal::placements_execute_named: chunk_phase step=18 chunk=5 phase=encode start_raw_s=672584.77077325 end_raw_s=672584.771072708
2026-10-08T13:45:57.265228583Z DEBUG omega::metal::placements_execute_named: chunk_phase step=18 chunk=5 phase=commit start_raw_s=672584.771072958 end_raw_s=672584.77108
2026-10-08T13:45:57.265629708Z DEBUG omega::metal::placements_execute_named: chunk_phase step=18 chunk=6 phase=encode start_raw_s=672584.771080916 end_raw_s=672584.771478375
2026-10-08T13:45:57.265629833Z DEBUG omega::metal::placements_execute_named: chunk_phase step=18 chunk=6 phase=commit start_raw_s=672584.7714785 end_raw_s=672584.771481583
2026-10-08T13:45:57.266156916Z DEBUG omega::metal::placements_execute_named: chunk_phase step=18 chunk=7 phase=encode start_raw_s=672584.771482208 end_raw_s=672584.772005666
2026-10-08T13:45:57.266157208Z DEBUG omega::metal::placements_execute_named: chunk_phase step=18 chunk=7 phase=commit start_raw_s=672584.772005791 end_raw_s=672584.772008791
2026-10-08T13:45:57.266816541Z DEBUG omega::metal::placements_execute_named: chunk_phase step=18 chunk=8 phase=encode start_raw_s=672584.772009583 end_raw_s=672584.772664958
2026-10-08T13:45:57.266816708Z DEBUG omega::metal::placements_execute_named: chunk_phase step=18 chunk=8 phase=commit start_raw_s=672584.772665333 end_raw_s=672584.772668333
2026-10-08T13:45:57.274933000Z DEBUG omega::metal::placements_execute_named: token_breakdown_gpu commit_call_ms=0.003 commit_to_gpu_start_ms=0 gpu_busy_ms=10.265583405271173 gpu_end_to_wait_return_ms=0 sum_ms=10.268583405271173 final_commit_to_wait_ms=8.117458 gpu_start_raw_s=672584.7703679167 gpu_end_raw_s=672584.7806335001 commit_call_start_raw_s=672584.772665333 wait_return_extra_ms=8.113624999999999 chunks=8 first_commit_to_first_gpu_start_ms=0.1400416949763894 encode_overlap_ms=2.430667
2026-10-08T13:45:57.274934083Z DEBUG omega::metal::placements_execute_named: chunk_record step=18 plan_shape=decode chunk=1 chunk_count=8 op_first=0 op_last=23 encode_start_ms=0 encode_end_ms=0.081916 commit_at_ms=0.08237499999999999 commit_ms=0.005958000000000001 gpu_start_ms=0.22241671103984118 gpu_end_ms=0.48679171595722437 commit_to_gpu_start_ms=0.1400417110398412 gpu_idle_before_ms=0.22241671103984118
2026-10-08T13:45:57.274934708Z DEBUG omega::metal::placements_execute_named: chunk_record step=18 plan_shape=decode chunk=2 chunk_count=8 op_first=24 op_last=62 encode_start_ms=0.089083 encode_end_ms=0.20408300000000001 commit_at_ms=0.20425000000000001 commit_ms=0.0020829999999999998 gpu_start_ms=0.5085000302642584 gpu_end_ms=0.8417500648647547 commit_to_gpu_start_ms=0.30425003026425834 gpu_idle_before_ms=0.021708314307034016
2026-10-08T13:45:57.274935083Z DEBUG omega::metal::placements_execute_named: chunk_record step=18 plan_shape=decode chunk=3 chunk_count=8 op_first=63 op_last=116 encode_start_ms=0.206958 encode_end_ms=0.384 commit_at_ms=0.38412500000000005 commit_ms=0.0025 gpu_start_ms=0.8684167405590415 gpu_end_ms=1.3150001177564263 commit_to_gpu_start_ms=0.48429174055904145 gpu_idle_before_ms=0.026666675694286823
2026-10-08T13:45:57.274935583Z DEBUG omega::metal::placements_execute_named: chunk_record step=18 plan_shape=decode chunk=4 chunk_count=8 op_first=117 op_last=189 encode_start_ms=0.387375 encode_end_ms=0.623791 commit_at_ms=0.6239159999999999 commit_ms=0.003167 gpu_start_ms=1.3435001019388437 gpu_end_ms=2.0273750415071845 commit_to_gpu_start_ms=0.7195841019388438 gpu_idle_before_ms=0.028499984182417393
2026-10-08T13:45:57.274936000Z DEBUG omega::metal::placements_execute_named: chunk_record step=18 plan_shape=decode chunk=5 chunk_count=8 op_first=190 op_last=287 encode_start_ms=0.627708 encode_end_ms=0.927166 commit_at_ms=0.927458 commit_ms=0.007042 gpu_start_ms=2.051041694357991 gpu_end_ms=2.9273750260472298 commit_to_gpu_start_ms=1.123583694357991 gpu_idle_before_ms=0.023666652850806713
2026-10-08T13:45:57.274936375Z DEBUG omega::metal::placements_execute_named: chunk_record step=18 plan_shape=decode chunk=6 chunk_count=8 op_first=288 op_last=420 encode_start_ms=0.935416 encode_end_ms=1.3328330000000002 commit_at_ms=1.333 commit_ms=0.003083 gpu_start_ms=2.955916686914861 gpu_end_ms=4.214500077068806 commit_to_gpu_start_ms=1.6229166869148612 gpu_idle_before_ms=0.028541660867631435
2026-10-08T13:45:57.274936750Z DEBUG omega::metal::placements_execute_named: chunk_record step=18 plan_shape=decode chunk=7 chunk_count=8 op_first=421 op_last=599 encode_start_ms=1.3366660000000001 encode_end_ms=1.860166 commit_at_ms=1.8602910000000001 commit_ms=0.003 gpu_start_ms=4.237791756168008 gpu_end_ms=6.46450009662658 commit_to_gpu_start_ms=2.3775007561680077 gpu_idle_before_ms=0.023291679099202156
2026-10-08T13:45:57.274937125Z DEBUG omega::metal::placements_execute_named: chunk_record step=18 plan_shape=decode chunk=8 chunk_count=8 op_first=600 op_last=841 encode_start_ms=1.864041 encode_end_ms=2.519458 commit_at_ms=2.519875 commit_ms=0.003 gpu_start_ms=6.501000025309622 gpu_end_ms=10.488000116311014 commit_to_gpu_start_ms=3.9811250253096224 gpu_idle_before_ms=0.036499928683042526
2026-10-08T13:45:57.274956458Z DEBUG proxima_model_interop::generate::decode: token_breakdown_argmax_split step=18 scan_ms=0 debug_ms=0
2026-10-08T13:45:57.274957083Z DEBUG proxima_model_interop::generate::decode: token_breakdown_gaps step=18 root_select_ms=0.008 post_evaluate_ms=0.002041 pre_logits_ms=0.002416 checksum_ms=0 fetch_ms=0.001291 argmax_ms=0.000458 logits_hash_ms=0.000041
2026-10-08T13:45:57.274958416Z INFO proxima_model_interop::generate::load_model: token_breakdown: per-decode-step wall-clock attribution step=18 new_count=1 cached_len_before=988 step_wall_ms=11.007 apply_serving_config_ms=0.000333 build_position_inputs_ms=0.005166 named_blocks_weights_ms=0.033125 named_blocks_kv_ms=0.030666 kv_cache_upload_bytes=0 ssm_state_transfer_bytes=0 evaluate_ms=10.95325 layer_cache_append_ms=0.000625 layer_cache_append_bytes=0 greedy_pick_ms=0.000083
2026-10-08T13:45:57.274970208Z INFO proxima_model_interop::generate::load_model: token_breakdown_metal: per-decode-step metal stage attribution step=18 prepare_calls=0 prepare_ms=0 emit_calls=0 emit_ms=0 pipeline_hits=0 pipeline_misses=0 pipeline_compile_ms=0 block_upload_calls=9 block_upload_ms=0 block_offered_bytes=3092 block_copied_bytes=3092 block_nocopy_bound_bytes=0 block_offset_bound_bytes=0 op_setup_calls=618 op_setup_ms=0.014541 pipeline_lookup_calls=0 pipeline_lookup_ms=0 encode_dispatch_calls=618 physical_dispatch_calls=653 encode_dispatch_ms=1.476791 gpu_exec_calls=8 gpu_exec_ms=8.117375 readback_calls=2 readback_ms=0.003708 readback_bytes=8 nocopy_uploads=0 copying_uploads=9 nocopy_reuses=0 resident_uploads=0 resident_reuses=0 mapping_offset_uploads=0 mapping_rebound_blocks=6 mapping_residency_rung=prefault expert_mapping_candidate_uploads=0 expert_mapping_missed_uploads=0 nocopy_cache_len=1 resident_cache_len=0 resident_cache_bytes=0 uniform_cache_len=2 phys_footprint_bytes=6041063488 device_allocated_bytes=3565666304 output_buffer_allocations=0 output_buffer_allocated_bytes=0 checkpoint_mapping_buffer_bytes=3349528576 expert_mapping_buffer_bytes=0 plan_uniform_writes=0 retire_scan_calls=1439 retire_scan_ms=0.120125 expert_buffers_lookup_calls=618 expert_buffers_lookup_ms=0.464375 placement_resolve_calls=618 placement_resolve_ms=0.016541 loop_head_calls=842 loop_head_ms=0.228 encoder_finish_ms=0.000291 pre_encode_calls=1 pre_encode_ms=0.136375 resolve_plan_ms=0.000125 prepare_infer_ms=0 prepare_validate_ms=0 prepare_bind_ms=0 prepare_optimize_ms=0 prepare_retire_ms=0 build_plan_uniforms_ms=0 resolve_steps_ms=0 uniform_buffer_allocations=0 barriers=0 barriers_raw=0 barriers_waw=0 barriers_war=0 barriers_waw_war_arena_recycled=0 barriers_waw_war_persistent=0 expert_source_cache_hits=0 expert_source_cache_misses=0 expert_source_cache_cold_misses=0 expert_source_cache_replacement_misses=0 expert_source_reuse_copy_bytes=0 expert_source_reuse_copy_ms=0 plan_cache_len=0 plan_hits=17 plan_misses=2 plan_refits=0 plan_arena_allocated_bytes=0 segment_arena_allocated_bytes=0 placed_arena_allocated_bytes=146227728 ablation=false kind_filter=
2026-10-08T13:45:57.275324791Z DEBUG omega::metal::placements_execute_named: step_phase step=19 phase=pre_encode start_raw_s=672584.781043958 end_raw_s=672584.781176833
2026-10-08T13:45:57.275405791Z DEBUG omega::metal::placements_execute_named: chunk_phase step=19 chunk=1 phase=encode start_raw_s=672584.781176833 end_raw_s=672584.781252291
2026-10-08T13:45:57.275406000Z DEBUG omega::metal::placements_execute_named: chunk_phase step=19 chunk=1 phase=commit start_raw_s=672584.78125275 end_raw_s=672584.7812575
2026-10-08T13:45:57.275530208Z DEBUG omega::metal::placements_execute_named: chunk_phase step=19 chunk=2 phase=encode start_raw_s=672584.781258333 end_raw_s=672584.781379083
2026-10-08T13:45:57.275530375Z DEBUG omega::metal::placements_execute_named: chunk_phase step=19 chunk=2 phase=commit start_raw_s=672584.781379208 end_raw_s=672584.781382041
2026-10-08T13:45:57.275719375Z DEBUG omega::metal::placements_execute_named: chunk_phase step=19 chunk=3 phase=encode start_raw_s=672584.78138275 end_raw_s=672584.781568416
2026-10-08T13:45:57.275719625Z DEBUG omega::metal::placements_execute_named: chunk_phase step=19 chunk=3 phase=commit start_raw_s=672584.781568625 end_raw_s=672584.78157125
2026-10-08T13:45:57.275969166Z DEBUG omega::metal::placements_execute_named: chunk_phase step=19 chunk=4 phase=encode start_raw_s=672584.781571958 end_raw_s=672584.781817833
2026-10-08T13:45:57.275969375Z DEBUG omega::metal::placements_execute_named: chunk_phase step=19 chunk=4 phase=commit start_raw_s=672584.781817958 end_raw_s=672584.781821041
2026-10-08T13:45:57.276300041Z DEBUG omega::metal::placements_execute_named: chunk_phase step=19 chunk=5 phase=encode start_raw_s=672584.781821875 end_raw_s=672584.782148541
2026-10-08T13:45:57.276300333Z DEBUG omega::metal::placements_execute_named: chunk_phase step=19 chunk=5 phase=commit start_raw_s=672584.782148833 end_raw_s=672584.782151666
2026-10-08T13:45:57.276729083Z DEBUG omega::metal::placements_execute_named: chunk_phase step=19 chunk=6 phase=encode start_raw_s=672584.782152833 end_raw_s=672584.782571583
2026-10-08T13:45:57.276729250Z DEBUG omega::metal::placements_execute_named: chunk_phase step=19 chunk=6 phase=commit start_raw_s=672584.782571666 end_raw_s=672584.782580958
2026-10-08T13:45:57.277269583Z DEBUG omega::metal::placements_execute_named: chunk_phase step=19 chunk=7 phase=encode start_raw_s=672584.782581625 end_raw_s=672584.783118166
2026-10-08T13:45:57.277269916Z DEBUG omega::metal::placements_execute_named: chunk_phase step=19 chunk=7 phase=commit start_raw_s=672584.783118291 end_raw_s=672584.7831215
2026-10-08T13:45:57.277937083Z DEBUG omega::metal::placements_execute_named: chunk_phase step=19 chunk=8 phase=encode start_raw_s=672584.783122291 end_raw_s=672584.78378575
2026-10-08T13:45:57.277937291Z DEBUG omega::metal::placements_execute_named: chunk_phase step=19 chunk=8 phase=commit start_raw_s=672584.783786125 end_raw_s=672584.783789166
2026-10-08T13:45:57.285967166Z DEBUG omega::metal::placements_execute_named: token_breakdown_gpu commit_call_ms=0.0030410000000000003 commit_to_gpu_start_ms=0 gpu_busy_ms=10.288874967955053 gpu_end_to_wait_return_ms=0 sum_ms=10.291915967955052 final_commit_to_wait_ms=8.031625 gpu_start_raw_s=672584.781397375 gpu_end_raw_s=672584.79168625 commit_call_start_raw_s=672584.783786125 wait_return_extra_ms=8.028 chunks=8 first_commit_to_first_gpu_start_ms=0.14462508261203766 encode_overlap_ms=2.5275
2026-10-08T13:45:57.285968166Z DEBUG omega::metal::placements_execute_named: chunk_record step=19 plan_shape=decode chunk=1 chunk_count=8 op_first=0 op_last=23 encode_start_ms=0 encode_end_ms=0.075459 commit_at_ms=0.075959 commit_ms=0.004791 gpu_start_ms=0.22054207511246204 gpu_end_ms=0.48554211389273405 commit_to_gpu_start_ms=0.14458307511246205 gpu_idle_before_ms=0.22054207511246204
2026-10-08T13:45:57.285968833Z DEBUG omega::metal::placements_execute_named: chunk_record step=19 plan_shape=decode chunk=2 chunk_count=8 op_first=24 op_last=62 encode_start_ms=0.0815 encode_end_ms=0.20225 commit_at_ms=0.202417 commit_ms=0.002833 gpu_start_ms=0.5069586914032698 gpu_end_ms=0.8404587861150503 commit_to_gpu_start_ms=0.30454169140326975 gpu_idle_before_ms=0.021416577510535717
2026-10-08T13:45:57.285969541Z DEBUG omega::metal::placements_execute_named: chunk_record step=19 plan_shape=decode chunk=3 chunk_count=8 op_first=63 op_last=116 encode_start_ms=0.205917 encode_end_ms=0.391584 commit_at_ms=0.39183399999999996 commit_ms=0.0026249999999999997 gpu_start_ms=0.862667104229331 gpu_end_ms=1.3109170831739902 commit_to_gpu_start_ms=0.47083310422933106 gpu_idle_before_ms=0.0222083181142807
2026-10-08T13:45:57.285969958Z DEBUG omega::metal::placements_execute_named: chunk_record step=19 plan_shape=decode chunk=4 chunk_count=8 op_first=117 op_last=189 encode_start_ms=0.395167 encode_end_ms=0.641042 commit_at_ms=0.641167 commit_ms=0.003083 gpu_start_ms=1.3390837702900171 gpu_end_ms=2.0255420822650194 commit_to_gpu_start_ms=0.6979167702900171 gpu_idle_before_ms=0.02816668711602688
2026-10-08T13:45:57.285970666Z DEBUG omega::metal::placements_execute_named: chunk_record step=19 plan_shape=decode chunk=5 chunk_count=8 op_first=190 op_last=287 encode_start_ms=0.645042 encode_end_ms=0.9717089999999999 commit_at_ms=0.972042 commit_ms=0.002833 gpu_start_ms=2.0442920504137874 gpu_end_ms=2.9245837358757854 commit_to_gpu_start_ms=1.0722500504137873 gpu_idle_before_ms=0.018749968148767948
2026-10-08T13:45:57.285971166Z DEBUG omega::metal::placements_execute_named: chunk_record step=19 plan_shape=decode chunk=6 chunk_count=8 op_first=288 op_last=420 encode_start_ms=0.976 encode_end_ms=1.39475 commit_at_ms=1.394875 commit_ms=0.009292 gpu_start_ms=2.9529170133173466 gpu_end_ms=4.292167024686933 commit_to_gpu_start_ms=1.5580420133173465 gpu_idle_before_ms=0.028333277441561222
2026-10-08T13:45:57.285971583Z DEBUG omega::metal::placements_execute_named: chunk_record step=19 plan_shape=decode chunk=7 chunk_count=8 op_first=421 op_last=599 encode_start_ms=1.404792 encode_end_ms=1.9413340000000001 commit_at_ms=1.9415 commit_ms=0.00325 gpu_start_ms=4.320958745665848 gpu_end_ms=6.56620878726244 commit_to_gpu_start_ms=2.3794587456658483 gpu_idle_before_ms=0.02879172097891569
2026-10-08T13:45:57.285971958Z DEBUG omega::metal::placements_execute_named: chunk_record step=19 plan_shape=decode chunk=8 chunk_count=8 op_first=600 op_last=841 encode_start_ms=1.945459 encode_end_ms=2.608917 commit_at_ms=2.609334 commit_ms=0.0030410000000000003 gpu_start_ms=6.606833776459098 gpu_end_ms=10.509417043067515 commit_to_gpu_start_ms=3.997499776459098 gpu_idle_before_ms=0.040624989196658134
2026-10-08T13:45:57.285986875Z DEBUG proxima_model_interop::generate::decode: token_breakdown_argmax_split step=19 scan_ms=0 debug_ms=0
2026-10-08T13:45:57.285987583Z DEBUG proxima_model_interop::generate::decode: token_breakdown_gaps step=19 root_select_ms=0.007583 post_evaluate_ms=0.001291 pre_logits_ms=0.002041 checksum_ms=0 fetch_ms=0.001041 argmax_ms=0.000291 logits_hash_ms=0.000125
2026-10-08T13:45:57.285991125Z INFO proxima_model_interop::generate::load_model: token_breakdown: per-decode-step wall-clock attribution step=19 new_count=1 cached_len_before=989 step_wall_ms=11.011791 apply_serving_config_ms=0.00025 build_position_inputs_ms=0.005416 named_blocks_weights_ms=0.0335 named_blocks_kv_ms=0.031166 kv_cache_upload_bytes=0 ssm_state_transfer_bytes=0 evaluate_ms=10.959666 layer_cache_append_ms=0.000375 layer_cache_append_bytes=0 greedy_pick_ms=0
2026-10-08T13:45:57.286002208Z INFO proxima_model_interop::generate::load_model: token_breakdown_metal: per-decode-step metal stage attribution step=19 prepare_calls=0 prepare_ms=0 emit_calls=0 emit_ms=0 pipeline_hits=0 pipeline_misses=0 pipeline_compile_ms=0 block_upload_calls=9 block_upload_ms=0 block_offered_bytes=3092 block_copied_bytes=3092 block_nocopy_bound_bytes=0 block_offset_bound_bytes=0 op_setup_calls=618 op_setup_ms=0.0135 pipeline_lookup_calls=0 pipeline_lookup_ms=0 encode_dispatch_calls=618 physical_dispatch_calls=653 encode_dispatch_ms=1.540166 gpu_exec_calls=8 gpu_exec_ms=8.031541 readback_calls=2 readback_ms=0.003083 readback_bytes=8 nocopy_uploads=0 copying_uploads=9 nocopy_reuses=0 resident_uploads=0 resident_reuses=0 mapping_offset_uploads=0 mapping_rebound_blocks=6 mapping_residency_rung=prefault expert_mapping_candidate_uploads=0 expert_mapping_missed_uploads=0 nocopy_cache_len=1 resident_cache_len=0 resident_cache_bytes=0 uniform_cache_len=2 phys_footprint_bytes=6041227328 device_allocated_bytes=3565666304 output_buffer_allocations=0 output_buffer_allocated_bytes=0 checkpoint_mapping_buffer_bytes=3349528576 expert_mapping_buffer_bytes=0 plan_uniform_writes=0 retire_scan_calls=1439 retire_scan_ms=0.125083 expert_buffers_lookup_calls=618 expert_buffers_lookup_ms=0.487375 placement_resolve_calls=618 placement_resolve_ms=0.016 loop_head_calls=842 loop_head_ms=0.221125 encoder_finish_ms=0.00025 pre_encode_calls=1 pre_encode_ms=0.133166 resolve_plan_ms=0.00025 prepare_infer_ms=0 prepare_validate_ms=0 prepare_bind_ms=0 prepare_optimize_ms=0 prepare_retire_ms=0 build_plan_uniforms_ms=0 resolve_steps_ms=0 uniform_buffer_allocations=0 barriers=0 barriers_raw=0 barriers_waw=0 barriers_war=0 barriers_waw_war_arena_recycled=0 barriers_waw_war_persistent=0 expert_source_cache_hits=0 expert_source_cache_misses=0 expert_source_cache_cold_misses=0 expert_source_cache_replacement_misses=0 expert_source_reuse_copy_bytes=0 expert_source_reuse_copy_ms=0 plan_cache_len=0 plan_hits=18 plan_misses=2 plan_refits=0 plan_arena_allocated_bytes=0 segment_arena_allocated_bytes=0 placed_arena_allocated_bytes=146227728 ablation=false kind_filter=
2026-10-08T13:45:57.286331875Z DEBUG omega::metal::placements_execute_named: step_phase step=20 phase=pre_encode start_raw_s=672584.792061333 end_raw_s=672584.792184
2026-10-08T13:45:57.286410416Z DEBUG omega::metal::placements_execute_named: chunk_phase step=20 chunk=1 phase=encode start_raw_s=672584.792184 end_raw_s=672584.792257833
2026-10-08T13:45:57.286410625Z DEBUG omega::metal::placements_execute_named: chunk_phase step=20 chunk=1 phase=commit start_raw_s=672584.792258166 end_raw_s=672584.792262208
2026-10-08T13:45:57.286531375Z DEBUG omega::metal::placements_execute_named: chunk_phase step=20 chunk=2 phase=encode start_raw_s=672584.792263 end_raw_s=672584.792380375
2026-10-08T13:45:57.286531583Z DEBUG omega::metal::placements_execute_named: chunk_phase step=20 chunk=2 phase=commit start_raw_s=672584.7923805 end_raw_s=672584.792383208
2026-10-08T13:45:57.286713750Z DEBUG omega::metal::placements_execute_named: chunk_phase step=20 chunk=3 phase=encode start_raw_s=672584.792383916 end_raw_s=672584.7925625
2026-10-08T13:45:57.286713958Z DEBUG omega::metal::placements_execute_named: chunk_phase step=20 chunk=3 phase=commit start_raw_s=672584.792562625 end_raw_s=672584.792565583
2026-10-08T13:45:57.286956916Z DEBUG omega::metal::placements_execute_named: chunk_phase step=20 chunk=4 phase=encode start_raw_s=672584.792566458 end_raw_s=672584.792805791
2026-10-08T13:45:57.286957083Z DEBUG omega::metal::placements_execute_named: chunk_phase step=20 chunk=4 phase=commit start_raw_s=672584.792805916 end_raw_s=672584.79280875
2026-10-08T13:45:57.287276916Z DEBUG omega::metal::placements_execute_named: chunk_phase step=20 chunk=5 phase=encode start_raw_s=672584.792809458 end_raw_s=672584.79312525
2026-10-08T13:45:57.287277250Z DEBUG omega::metal::placements_execute_named: chunk_phase step=20 chunk=5 phase=commit start_raw_s=672584.793125541 end_raw_s=672584.793128666
2026-10-08T13:45:57.287689875Z DEBUG omega::metal::placements_execute_named: chunk_phase step=20 chunk=6 phase=encode start_raw_s=672584.793129583 end_raw_s=672584.793538583
2026-10-08T13:45:57.287690083Z DEBUG omega::metal::placements_execute_named: chunk_phase step=20 chunk=6 phase=commit start_raw_s=672584.793538708 end_raw_s=672584.79354175
2026-10-08T13:45:57.288251916Z DEBUG omega::metal::placements_execute_named: chunk_phase step=20 chunk=7 phase=encode start_raw_s=672584.793542458 end_raw_s=672584.794100166
2026-10-08T13:45:57.288252083Z DEBUG omega::metal::placements_execute_named: chunk_phase step=20 chunk=7 phase=commit start_raw_s=672584.794100291 end_raw_s=672584.794103791
2026-10-08T13:45:57.288962000Z DEBUG omega::metal::placements_execute_named: chunk_phase step=20 chunk=8 phase=encode start_raw_s=672584.794104583 end_raw_s=672584.794811166
2026-10-08T13:45:57.288962208Z DEBUG omega::metal::placements_execute_named: chunk_phase step=20 chunk=8 phase=commit start_raw_s=672584.794811458 end_raw_s=672584.794814041
2026-10-08T13:45:57.296926458Z DEBUG omega::metal::placements_execute_named: token_breakdown_gpu commit_call_ms=0.0026249999999999997 commit_to_gpu_start_ms=0 gpu_busy_ms=10.24508336558938 gpu_end_to_wait_return_ms=0 sum_ms=10.24770836558938 final_commit_to_wait_ms=7.964958 gpu_start_raw_s=672584.7923839167 gpu_end_raw_s=672584.802629 commit_call_start_raw_s=672584.794811458 wait_return_extra_ms=7.961667 chunks=8 first_commit_to_first_gpu_start_ms=0.12575066648423672 encode_overlap_ms=2.548333
2026-10-08T13:45:57.296927458Z DEBUG omega::metal::placements_execute_named: chunk_record step=20 plan_shape=decode chunk=1 chunk_count=8 op_first=0 op_last=23 encode_start_ms=0 encode_end_ms=0.073791 commit_at_ms=0.074166 commit_ms=0.004084 gpu_start_ms=0.19991665612906218 gpu_end_ms=0.45579171273857355 commit_to_gpu_start_ms=0.12575065612906217 gpu_idle_before_ms=0.19991665612906218
2026-10-08T13:45:57.296928000Z DEBUG omega::metal::placements_execute_named: chunk_record step=20 plan_shape=decode chunk=2 chunk_count=8 op_first=24 op_last=62 encode_start_ms=0.078958 encode_end_ms=0.196375 commit_at_ms=0.196541 commit_ms=0.0027089999999999996 gpu_start_ms=0.4783750046044588 gpu_end_ms=0.8109166519716382 commit_to_gpu_start_ms=0.28183400460445884 gpu_idle_before_ms=0.022583291865885258
2026-10-08T13:45:57.296928375Z DEBUG omega::metal::placements_execute_named: chunk_record step=20 plan_shape=decode chunk=3 chunk_count=8 op_first=63 op_last=116 encode_start_ms=0.199875 encode_end_ms=0.37845799999999996 commit_at_ms=0.378625 commit_ms=0.003 gpu_start_ms=0.8325000526383519 gpu_end_ms=1.280541648156941 commit_to_gpu_start_ms=0.45387505263835193 gpu_idle_before_ms=0.021583400666713715
2026-10-08T13:45:57.296928791Z DEBUG omega::metal::placements_execute_named: chunk_record step=20 plan_shape=decode chunk=4 chunk_count=8 op_first=117 op_last=189 encode_start_ms=0.382416 encode_end_ms=0.62175 commit_at_ms=0.621916 commit_ms=0.0028339999999999997 gpu_start_ms=1.3070417335256934 gpu_end_ms=1.988541684113443 commit_to_gpu_start_ms=0.6851257335256934 gpu_idle_before_ms=0.02650008536875248
2026-10-08T13:45:57.296929208Z DEBUG omega::metal::placements_execute_named: chunk_record step=20 plan_shape=decode chunk=5 chunk_count=8 op_first=190 op_last=287 encode_start_ms=0.625416 encode_end_ms=0.94125 commit_at_ms=0.941541 commit_ms=0.003125 gpu_start_ms=2.008875017054379 gpu_end_ms=2.8721250128000975 commit_to_gpu_start_ms=1.067334017054379 gpu_idle_before_ms=0.02033333294093609
2026-10-08T13:45:57.296929625Z DEBUG omega::metal::placements_execute_named: chunk_record step=20 plan_shape=decode chunk=6 chunk_count=8 op_first=288 op_last=420 encode_start_ms=0.9455410000000001 encode_end_ms=1.3545829999999999 commit_at_ms=1.354708 commit_ms=0.003042 gpu_start_ms=2.899500075727701 gpu_end_ms=4.163500037975609 commit_to_gpu_start_ms=1.5447920757277012 gpu_idle_before_ms=0.02737506292760372
2026-10-08T13:45:57.296930041Z DEBUG omega::metal::placements_execute_named: chunk_record step=20 plan_shape=decode chunk=7 chunk_count=8 op_first=421 op_last=599 encode_start_ms=1.358416 encode_end_ms=1.916125 commit_at_ms=1.9162910000000002 commit_ms=0.0035 gpu_start_ms=4.1983750415965915 gpu_end_ms=6.441166740842164 commit_to_gpu_start_ms=2.2820840415965913 gpu_idle_before_ms=0.03487500362098217
2026-10-08T13:45:57.296930458Z DEBUG omega::metal::placements_execute_named: chunk_record step=20 plan_shape=decode chunk=8 chunk_count=8 op_first=600 op_last=841 encode_start_ms=1.920541 encode_end_ms=2.627166 commit_at_ms=2.627458 commit_ms=0.0026249999999999997 gpu_start_ms=6.4757916843518615 gpu_end_ms=10.445000021718442 commit_to_gpu_start_ms=3.8483336843518616 gpu_idle_before_ms=0.034624943509697914
2026-10-08T13:45:57.296957041Z DEBUG proxima_model_interop::generate::decode: token_breakdown_argmax_split step=20 scan_ms=0 debug_ms=0
2026-10-08T13:45:57.296957708Z DEBUG proxima_model_interop::generate::decode: token_breakdown_gaps step=20 root_select_ms=0.006333 post_evaluate_ms=0.001791 pre_logits_ms=0.003125 checksum_ms=0 fetch_ms=0.001416 argmax_ms=0.00075 logits_hash_ms=0
2026-10-08T13:45:57.296959375Z INFO proxima_model_interop::generate::load_model: token_breakdown: per-decode-step wall-clock attribution step=20 new_count=1 cached_len_before=990 step_wall_ms=10.950291 apply_serving_config_ms=0.000125 build_position_inputs_ms=0.005083 named_blocks_weights_ms=0.03175 named_blocks_kv_ms=0.029583 kv_cache_upload_bytes=0 ssm_state_transfer_bytes=0 evaluate_ms=10.899208 layer_cache_append_ms=0.000583 layer_cache_append_bytes=0 greedy_pick_ms=0.000041
2026-10-08T13:45:57.296972583Z INFO proxima_model_interop::generate::load_model: token_breakdown_metal: per-decode-step metal stage attribution step=20 prepare_calls=0 prepare_ms=0 emit_calls=0 emit_ms=0 pipeline_hits=0 pipeline_misses=0 pipeline_compile_ms=0 block_upload_calls=9 block_upload_ms=0 block_offered_bytes=3092 block_copied_bytes=3092 block_nocopy_bound_bytes=0 block_offset_bound_bytes=0 op_setup_calls=618 op_setup_ms=0.014666 pipeline_lookup_calls=0 pipeline_lookup_ms=0 encode_dispatch_calls=618 physical_dispatch_calls=653 encode_dispatch_ms=1.557458 gpu_exec_calls=8 gpu_exec_ms=7.964833 readback_calls=2 readback_ms=0.008583 readback_bytes=8 nocopy_uploads=0 copying_uploads=9 nocopy_reuses=0 resident_uploads=0 resident_reuses=0 mapping_offset_uploads=0 mapping_rebound_blocks=6 mapping_residency_rung=prefault expert_mapping_candidate_uploads=0 expert_mapping_missed_uploads=0 nocopy_cache_len=1 resident_cache_len=0 resident_cache_bytes=0 uniform_cache_len=2 phys_footprint_bytes=6041391168 device_allocated_bytes=3565666304 output_buffer_allocations=0 output_buffer_allocated_bytes=0 checkpoint_mapping_buffer_bytes=3349528576 expert_mapping_buffer_bytes=0 plan_uniform_writes=0 retire_scan_calls=1439 retire_scan_ms=0.128791 expert_buffers_lookup_calls=618 expert_buffers_lookup_ms=0.500666 placement_resolve_calls=618 placement_resolve_ms=0.017166 loop_head_calls=842 loop_head_ms=0.208 encoder_finish_ms=0.000208 pre_encode_calls=1 pre_encode_ms=0.123 resolve_plan_ms=0.000125 prepare_infer_ms=0 prepare_validate_ms=0 prepare_bind_ms=0 prepare_optimize_ms=0 prepare_retire_ms=0 build_plan_uniforms_ms=0 resolve_steps_ms=0 uniform_buffer_allocations=0 barriers=0 barriers_raw=0 barriers_waw=0 barriers_war=0 barriers_waw_war_arena_recycled=0 barriers_waw_war_persistent=0 expert_source_cache_hits=0 expert_source_cache_misses=0 expert_source_cache_cold_misses=0 expert_source_cache_replacement_misses=0 expert_source_reuse_copy_bytes=0 expert_source_reuse_copy_ms=0 plan_cache_len=0 plan_hits=19 plan_misses=2 plan_refits=0 plan_arena_allocated_bytes=0 segment_arena_allocated_bytes=0 placed_arena_allocated_bytes=146227728 ablation=false kind_filter=
2026-10-08T13:45:57.297362041Z DEBUG omega::metal::placements_execute_named: step_phase step=21 phase=pre_encode start_raw_s=672584.803055208 end_raw_s=672584.803214
2026-10-08T13:45:57.297455250Z DEBUG omega::metal::placements_execute_named: chunk_phase step=21 chunk=1 phase=encode start_raw_s=672584.803214 end_raw_s=672584.803297125
2026-10-08T13:45:57.297455458Z DEBUG omega::metal::placements_execute_named: chunk_phase step=21 chunk=1 phase=commit start_raw_s=672584.803297708 end_raw_s=672584.80330675
2026-10-08T13:45:57.297582333Z DEBUG omega::metal::placements_execute_named: chunk_phase step=21 chunk=2 phase=encode start_raw_s=672584.803307958 end_raw_s=672584.8034325
2026-10-08T13:45:57.297582500Z DEBUG omega::metal::placements_execute_named: chunk_phase step=21 chunk=2 phase=commit start_raw_s=672584.803432666 end_raw_s=672584.803434125
2026-10-08T13:45:57.297769375Z DEBUG omega::metal::placements_execute_named: chunk_phase step=21 chunk=3 phase=encode start_raw_s=672584.803435 end_raw_s=672584.803616916
2026-10-08T13:45:57.297769541Z DEBUG omega::metal::placements_execute_named: chunk_phase step=21 chunk=3 phase=commit start_raw_s=672584.803617041 end_raw_s=672584.803621125
2026-10-08T13:45:57.298027541Z DEBUG omega::metal::placements_execute_named: chunk_phase step=21 chunk=4 phase=encode start_raw_s=672584.803621958 end_raw_s=672584.80387675
2026-10-08T13:45:57.298027750Z DEBUG omega::metal::placements_execute_named: chunk_phase step=21 chunk=4 phase=commit start_raw_s=672584.803876791 end_raw_s=672584.803879375
2026-10-08T13:45:57.298371500Z DEBUG omega::metal::placements_execute_named: chunk_phase step=21 chunk=5 phase=encode start_raw_s=672584.803880125 end_raw_s=672584.804219541
2026-10-08T13:45:57.298371708Z DEBUG omega::metal::placements_execute_named: chunk_phase step=21 chunk=5 phase=commit start_raw_s=672584.804219875 end_raw_s=672584.804223083
2026-10-08T13:45:57.298807625Z DEBUG omega::metal::placements_execute_named: chunk_phase step=21 chunk=6 phase=encode start_raw_s=672584.804224041 end_raw_s=672584.804656208
2026-10-08T13:45:57.298807875Z DEBUG omega::metal::placements_execute_named: chunk_phase step=21 chunk=6 phase=commit start_raw_s=672584.804656291 end_raw_s=672584.8046595
2026-10-08T13:45:57.299383250Z DEBUG omega::metal::placements_execute_named: chunk_phase step=21 chunk=7 phase=encode start_raw_s=672584.804660208 end_raw_s=672584.805232166
2026-10-08T13:45:57.299383458Z DEBUG omega::metal::placements_execute_named: chunk_phase step=21 chunk=7 phase=commit start_raw_s=672584.805232291 end_raw_s=672584.805235125
2026-10-08T13:45:57.300127750Z DEBUG omega::metal::placements_execute_named: chunk_phase step=21 chunk=8 phase=encode start_raw_s=672584.805235833 end_raw_s=672584.805976125
2026-10-08T13:45:57.300127916Z DEBUG omega::metal::placements_execute_named: chunk_phase step=21 chunk=8 phase=commit start_raw_s=672584.805976708 end_raw_s=672584.80597975
2026-10-08T13:45:57.307847250Z DEBUG omega::metal::placements_execute_named: token_breakdown_gpu commit_call_ms=0.003083 commit_to_gpu_start_ms=0 gpu_busy_ms=10.002208407968283 gpu_end_to_wait_return_ms=0 sum_ms=10.005291407968283 final_commit_to_wait_ms=7.719875 gpu_start_raw_s=672584.8035274167 gpu_end_raw_s=672584.8135296251 commit_call_start_raw_s=672584.805976708 wait_return_extra_ms=7.716167 chunks=8 first_commit_to_first_gpu_start_ms=0.2297086175531149 encode_overlap_ms=2.6684579999999998
2026-10-08T13:45:57.307848875Z DEBUG omega::metal::placements_execute_named: chunk_record step=21 plan_shape=decode chunk=1 chunk_count=8 op_first=0 op_last=23 encode_start_ms=0 encode_end_ms=0.083167 commit_at_ms=0.08375 commit_ms=0.009082999999999999 gpu_start_ms=0.3134167054668069 gpu_end_ms=0.5720417248085141 commit_to_gpu_start_ms=0.2296667054668069 gpu_idle_before_ms=0.3134167054668069
2026-10-08T13:45:57.307849458Z DEBUG omega::metal::placements_execute_named: chunk_record step=21 plan_shape=decode chunk=2 chunk_count=8 op_first=24 op_last=62 encode_start_ms=0.093958 encode_end_ms=0.2185 commit_at_ms=0.21870799999999999 commit_ms=0.0015 gpu_start_ms=0.598750077188015 gpu_end_ms=0.9377917740494013 commit_to_gpu_start_ms=0.38004207718801497 gpu_idle_before_ms=0.026708352379500866
2026-10-08T13:45:57.307849875Z DEBUG omega::metal::placements_execute_named: chunk_record step=21 plan_shape=decode chunk=3 chunk_count=8 op_first=63 op_last=116 encode_start_ms=0.221 encode_end_ms=0.40287500000000004 commit_at_ms=0.40308299999999997 commit_ms=0.004084 gpu_start_ms=0.9572501294314861 gpu_end_ms=1.4053750783205032 commit_to_gpu_start_ms=0.5541671294314862 gpu_idle_before_ms=0.019458355382084846
2026-10-08T13:45:57.307850500Z DEBUG omega::metal::placements_execute_named: chunk_record step=21 plan_shape=decode chunk=4 chunk_count=8 op_first=117 op_last=189 encode_start_ms=0.407958 encode_end_ms=0.6627500000000001 commit_at_ms=0.6628750000000001 commit_ms=0.002542 gpu_start_ms=1.4339167391881347 gpu_end_ms=2.1187501261010766 commit_to_gpu_start_ms=0.7710417391881346 gpu_idle_before_ms=0.028541660867631435
2026-10-08T13:45:57.307851000Z DEBUG omega::metal::placements_execute_named: chunk_record step=21 plan_shape=decode chunk=5 chunk_count=8 op_first=190 op_last=287 encode_start_ms=0.6661250000000001 encode_end_ms=1.005583 commit_at_ms=1.005917 commit_ms=0.00325 gpu_start_ms=2.1432500798255205 gpu_end_ms=3.0149167869240046 commit_to_gpu_start_ms=1.1373330798255206 gpu_idle_before_ms=0.024499953724443913
2026-10-08T13:45:57.307851708Z DEBUG omega::metal::placements_execute_named: chunk_record step=21 plan_shape=decode chunk=6 chunk_count=8 op_first=288 op_last=420 encode_start_ms=1.0100829999999998 encode_end_ms=1.442208 commit_at_ms=1.442333 commit_ms=0.003209 gpu_start_ms=3.0422917334362864 gpu_end_ms=4.312750068493187 commit_to_gpu_start_ms=1.5999587334362864 gpu_idle_before_ms=0.027374946512281895
2026-10-08T13:45:57.307852291Z DEBUG omega::metal::placements_execute_named: chunk_record step=21 plan_shape=decode chunk=7 chunk_count=8 op_first=421 op_last=599 encode_start_ms=1.446208 encode_end_ms=2.018167 commit_at_ms=2.018333 commit_ms=0.0028339999999999997 gpu_start_ms=4.344500135630369 gpu_end_ms=6.455250084400177 commit_to_gpu_start_ms=2.326167135630369 gpu_idle_before_ms=0.03175006713718176
2026-10-08T13:45:57.307852666Z DEBUG omega::metal::placements_execute_named: chunk_record step=21 plan_shape=decode chunk=8 chunk_count=8 op_first=600 op_last=841 encode_start_ms=2.021833 encode_end_ms=2.7621249999999997 commit_at_ms=2.76275 commit_ms=0.003083 gpu_start_ms=6.48650003131479 gpu_end_ms=10.31562511343509 commit_to_gpu_start_ms=3.72375003131479 gpu_idle_before_ms=0.031249946914613247
2026-10-08T13:45:57.307875833Z DEBUG proxima_model_interop::generate::decode: token_breakdown_argmax_split step=21 scan_ms=0 debug_ms=0
2026-10-08T13:45:57.307876666Z DEBUG proxima_model_interop::generate::decode: token_breakdown_gaps step=21 root_select_ms=0.008958 post_evaluate_ms=0.001833 pre_logits_ms=0.003041 checksum_ms=0 fetch_ms=0.001416 argmax_ms=0.000583 logits_hash_ms=0.000125
2026-10-08T13:45:57.307877958Z INFO proxima_model_interop::generate::load_model: token_breakdown: per-decode-step wall-clock attribution step=21 new_count=1 cached_len_before=991 step_wall_ms=10.897541 apply_serving_config_ms=0.0005 build_position_inputs_ms=0.00575 named_blocks_weights_ms=0.036291 named_blocks_kv_ms=0.033708 kv_cache_upload_bytes=0 ssm_state_transfer_bytes=0 evaluate_ms=10.837875 layer_cache_append_ms=0.00075 layer_cache_append_bytes=0 greedy_pick_ms=0
2026-10-08T13:45:57.307893083Z INFO proxima_model_interop::generate::load_model: token_breakdown_metal: per-decode-step metal stage attribution step=21 prepare_calls=0 prepare_ms=0 emit_calls=0 emit_ms=0 pipeline_hits=0 pipeline_misses=0 pipeline_compile_ms=0 block_upload_calls=9 block_upload_ms=0 block_offered_bytes=3092 block_copied_bytes=3092 block_nocopy_bound_bytes=0 block_offset_bound_bytes=0 op_setup_calls=618 op_setup_ms=0.017666 pipeline_lookup_calls=0 pipeline_lookup_ms=0 encode_dispatch_calls=618 physical_dispatch_calls=653 encode_dispatch_ms=1.618791 gpu_exec_calls=8 gpu_exec_ms=7.719833 readback_calls=2 readback_ms=0.004375 readback_bytes=8 nocopy_uploads=0 copying_uploads=9 nocopy_reuses=0 resident_uploads=0 resident_reuses=0 mapping_offset_uploads=0 mapping_rebound_blocks=6 mapping_residency_rung=prefault expert_mapping_candidate_uploads=0 expert_mapping_missed_uploads=0 nocopy_cache_len=1 resident_cache_len=0 resident_cache_bytes=0 uniform_cache_len=2 phys_footprint_bytes=6041587776 device_allocated_bytes=3565666304 output_buffer_allocations=0 output_buffer_allocated_bytes=0 checkpoint_mapping_buffer_bytes=3349528576 expert_mapping_buffer_bytes=0 plan_uniform_writes=0 retire_scan_calls=1439 retire_scan_ms=0.129666 expert_buffers_lookup_calls=618 expert_buffers_lookup_ms=0.51525 placement_resolve_calls=618 placement_resolve_ms=0.018791 loop_head_calls=842 loop_head_ms=0.233666 encoder_finish_ms=0.000291 pre_encode_calls=1 pre_encode_ms=0.159166 resolve_plan_ms=0.000166 prepare_infer_ms=0 prepare_validate_ms=0 prepare_bind_ms=0 prepare_optimize_ms=0 prepare_retire_ms=0 build_plan_uniforms_ms=0 resolve_steps_ms=0 uniform_buffer_allocations=0 barriers=0 barriers_raw=0 barriers_waw=0 barriers_war=0 barriers_waw_war_arena_recycled=0 barriers_waw_war_persistent=0 expert_source_cache_hits=0 expert_source_cache_misses=0 expert_source_cache_cold_misses=0 expert_source_cache_replacement_misses=0 expert_source_reuse_copy_bytes=0 expert_source_reuse_copy_ms=0 plan_cache_len=0 plan_hits=20 plan_misses=2 plan_refits=0 plan_arena_allocated_bytes=0 segment_arena_allocated_bytes=0 placed_arena_allocated_bytes=146227728 ablation=false kind_filter=
2026-10-08T13:45:57.311089166Z DEBUG omega::metal::placements_execute_named: step_phase step=22 phase=pre_encode start_raw_s=672584.816809 end_raw_s=672584.816941208
2026-10-08T13:45:57.311183541Z DEBUG omega::metal::placements_execute_named: chunk_phase step=22 chunk=1 phase=encode start_raw_s=672584.816941208 end_raw_s=672584.81702675
2026-10-08T13:45:57.311183750Z DEBUG omega::metal::placements_execute_named: chunk_phase step=22 chunk=1 phase=commit start_raw_s=672584.81702725 end_raw_s=672584.817034958
2026-10-08T13:45:57.311312708Z DEBUG omega::metal::placements_execute_named: chunk_phase step=22 chunk=2 phase=encode start_raw_s=672584.817036083 end_raw_s=672584.817161583
2026-10-08T13:45:57.311312875Z DEBUG omega::metal::placements_execute_named: chunk_phase step=22 chunk=2 phase=commit start_raw_s=672584.81716175 end_raw_s=672584.817164541
2026-10-08T13:45:57.311500583Z DEBUG omega::metal::placements_execute_named: chunk_phase step=22 chunk=3 phase=encode start_raw_s=672584.817165333 end_raw_s=672584.817349458
2026-10-08T13:45:57.311500916Z DEBUG omega::metal::placements_execute_named: chunk_phase step=22 chunk=3 phase=commit start_raw_s=672584.817349583 end_raw_s=672584.817352375
2026-10-08T13:45:57.311765333Z DEBUG omega::metal::placements_execute_named: chunk_phase step=22 chunk=4 phase=encode start_raw_s=672584.817353291 end_raw_s=672584.817613708
2026-10-08T13:45:57.311765541Z DEBUG omega::metal::placements_execute_named: chunk_phase step=22 chunk=4 phase=commit start_raw_s=672584.817613833 end_raw_s=672584.817617166
2026-10-08T13:45:57.312088291Z DEBUG omega::metal::placements_execute_named: chunk_phase step=22 chunk=5 phase=encode start_raw_s=672584.817618041 end_raw_s=672584.817936375
2026-10-08T13:45:57.312088500Z DEBUG omega::metal::placements_execute_named: chunk_phase step=22 chunk=5 phase=commit start_raw_s=672584.817936625 end_raw_s=672584.817939958
2026-10-08T13:45:57.312501458Z DEBUG omega::metal::placements_execute_named: chunk_phase step=22 chunk=6 phase=encode start_raw_s=672584.817941 end_raw_s=672584.818350875
2026-10-08T13:45:57.312501625Z DEBUG omega::metal::placements_execute_named: chunk_phase step=22 chunk=6 phase=commit start_raw_s=672584.818350958 end_raw_s=672584.818353333
2026-10-08T13:45:57.313017458Z DEBUG omega::metal::placements_execute_named: chunk_phase step=22 chunk=7 phase=encode start_raw_s=672584.818353958 end_raw_s=672584.818867208
2026-10-08T13:45:57.313017750Z DEBUG omega::metal::placements_execute_named: chunk_phase step=22 chunk=7 phase=commit start_raw_s=672584.818867291 end_raw_s=672584.818869375
2026-10-08T13:45:57.313692541Z DEBUG omega::metal::placements_execute_named: chunk_phase step=22 chunk=8 phase=encode start_raw_s=672584.818870125 end_raw_s=672584.819541125
2026-10-08T13:45:57.313692708Z DEBUG omega::metal::placements_execute_named: chunk_phase step=22 chunk=8 phase=commit start_raw_s=672584.819541666 end_raw_s=672584.819544541
2026-10-08T13:45:57.321587208Z DEBUG omega::metal::placements_execute_named: token_breakdown_gpu commit_call_ms=0.002833 commit_to_gpu_start_ms=0 gpu_busy_ms=10.102541651576757 gpu_end_to_wait_return_ms=0 sum_ms=10.105374651576758 final_commit_to_wait_ms=7.895291 gpu_start_raw_s=672584.817181875 gpu_end_raw_s=672584.8272844166 commit_call_start_raw_s=672584.819541666 wait_return_extra_ms=7.891749999999999 chunks=8 first_commit_to_first_gpu_start_ms=0.15462504234164953 encode_overlap_ms=2.505291
2026-10-08T13:45:57.321591333Z DEBUG omega::metal::placements_execute_named: chunk_record step=22 plan_shape=decode chunk=1 chunk_count=8 op_first=0 op_last=23 encode_start_ms=0 encode_end_ms=0.085542 commit_at_ms=0.08612500000000001 commit_ms=0.007666999999999999 gpu_start_ms=0.24066702462732792 gpu_end_ms=0.5140420980751514 commit_to_gpu_start_ms=0.1545420246273279 gpu_idle_before_ms=0.24066702462732792
2026-10-08T13:45:57.321591750Z DEBUG omega::metal::placements_execute_named: chunk_record step=22 plan_shape=decode chunk=2 chunk_count=8 op_first=24 op_last=62 encode_start_ms=0.094917 encode_end_ms=0.22041699999999997 commit_at_ms=0.22058399999999997 commit_ms=0.002791 gpu_start_ms=0.5377921042963862 gpu_end_ms=0.8809587452560663 commit_to_gpu_start_ms=0.31720810429638624 gpu_idle_before_ms=0.0237500062212348
2026-10-08T13:45:57.321592333Z DEBUG omega::metal::placements_execute_named: chunk_record step=22 plan_shape=decode chunk=3 chunk_count=8 op_first=63 op_last=116 encode_start_ms=0.224167 encode_end_ms=0.40825 commit_at_ms=0.40841700000000003 commit_ms=0.002792 gpu_start_ms=0.9026670595631003 gpu_end_ms=1.3495837338268757 commit_to_gpu_start_ms=0.4942500595631003 gpu_idle_before_ms=0.021708314307034016
2026-10-08T13:45:57.321592833Z DEBUG omega::metal::placements_execute_named: chunk_record step=22 plan_shape=decode chunk=4 chunk_count=8 op_first=117 op_last=189 encode_start_ms=0.412084 encode_end_ms=0.6725420000000001 commit_at_ms=0.6726669999999999 commit_ms=0.003333 gpu_start_ms=1.3769171200692654 gpu_end_ms=2.0589587511494756 commit_to_gpu_start_ms=0.7042501200692655 gpu_idle_before_ms=0.02733338624238968
2026-10-08T13:45:57.321593375Z DEBUG omega::metal::placements_execute_named: chunk_record step=22 plan_shape=decode chunk=5 chunk_count=8 op_first=190 op_last=287 encode_start_ms=0.6768339999999999 encode_end_ms=0.9951669999999999 commit_at_ms=0.995459 commit_ms=0.003375 gpu_start_ms=2.0837087649852037 gpu_end_ms=2.9789170948788524 commit_to_gpu_start_ms=1.0882497649852039 gpu_idle_before_ms=0.02475001383572817
2026-10-08T13:45:57.321593750Z DEBUG omega::metal::placements_execute_named: chunk_record step=22 plan_shape=decode chunk=6 chunk_count=8 op_first=288 op_last=420 encode_start_ms=0.999834 encode_end_ms=1.409667 commit_at_ms=1.409792 commit_ms=0.002375 gpu_start_ms=3.0065837781876326 gpu_end_ms=4.311083699576557 commit_to_gpu_start_ms=1.5967917781876326 gpu_idle_before_ms=0.027666683308780193
2026-10-08T13:45:57.321594291Z DEBUG omega::metal::placements_execute_named: chunk_record step=22 plan_shape=decode chunk=7 chunk_count=8 op_first=421 op_last=599 encode_start_ms=1.412792 encode_end_ms=1.926 commit_at_ms=1.926125 commit_ms=0.002084 gpu_start_ms=4.345917026512325 gpu_end_ms=6.565167102962732 commit_to_gpu_start_ms=2.419792026512325 gpu_idle_before_ms=0.03483332693576813
2026-10-08T13:45:57.321594791Z DEBUG omega::metal::placements_execute_named: chunk_record step=22 plan_shape=decode chunk=8 chunk_count=8 op_first=600 op_last=841 encode_start_ms=1.928917 encode_end_ms=2.599917 commit_at_ms=2.600542 commit_ms=0.002833 gpu_start_ms=6.576167070306838 gpu_end_ms=10.343208676204085 commit_to_gpu_start_ms=3.9756250703068376 gpu_idle_before_ms=0.010999967344105244
2026-10-08T13:45:57.321616250Z DEBUG proxima_model_interop::generate::decode: token_breakdown_argmax_split step=22 scan_ms=0 debug_ms=0
2026-10-08T13:45:57.321616875Z DEBUG proxima_model_interop::generate::decode: token_breakdown_gaps step=22 root_select_ms=0.012 post_evaluate_ms=0.001833 pre_logits_ms=0.002458 checksum_ms=0 fetch_ms=0.001208 argmax_ms=0.0005 logits_hash_ms=0
2026-10-08T13:45:57.321618333Z INFO proxima_model_interop::generate::load_model: token_breakdown: per-decode-step wall-clock attribution step=22 new_count=1 cached_len_before=992 step_wall_ms=13.712875 apply_serving_config_ms=0.000416 build_position_inputs_ms=0.005833 named_blocks_weights_ms=0.036208 named_blocks_kv_ms=0.03375 kv_cache_upload_bytes=0 ssm_state_transfer_bytes=0 evaluate_ms=13.651208 layer_cache_append_ms=0.00075 layer_cache_append_bytes=0 greedy_pick_ms=0.000041
2026-10-08T13:45:57.321631250Z INFO proxima_model_interop::generate::load_model: token_breakdown_metal: per-decode-step metal stage attribution step=22 prepare_calls=0 prepare_ms=0 emit_calls=0 emit_ms=0 pipeline_hits=6 pipeline_misses=1 pipeline_compile_ms=0.937 block_upload_calls=9 block_upload_ms=0 block_offered_bytes=3092 block_copied_bytes=3092 block_nocopy_bound_bytes=0 block_offset_bound_bytes=0 op_setup_calls=618 op_setup_ms=0.021833 pipeline_lookup_calls=0 pipeline_lookup_ms=0 encode_dispatch_calls=618 physical_dispatch_calls=653 encode_dispatch_ms=1.541708 gpu_exec_calls=8 gpu_exec_ms=7.895125 readback_calls=2 readback_ms=0.003583 readback_bytes=8 nocopy_uploads=0 copying_uploads=9 nocopy_reuses=0 resident_uploads=0 resident_reuses=0 mapping_offset_uploads=0 mapping_rebound_blocks=6 mapping_residency_rung=prefault expert_mapping_candidate_uploads=0 expert_mapping_missed_uploads=0 nocopy_cache_len=1 resident_cache_len=0 resident_cache_bytes=0 uniform_cache_len=2 phys_footprint_bytes=6041948224 device_allocated_bytes=3565666304 output_buffer_allocations=0 output_buffer_allocated_bytes=0 checkpoint_mapping_buffer_bytes=3349528576 expert_mapping_buffer_bytes=0 plan_uniform_writes=0 retire_scan_calls=1439 retire_scan_ms=0.124208 expert_buffers_lookup_calls=618 expert_buffers_lookup_ms=0.484375 placement_resolve_calls=618 placement_resolve_ms=0.016625 loop_head_calls=842 loop_head_ms=0.198041 encoder_finish_ms=0.000291 pre_encode_calls=1 pre_encode_ms=0.132541 resolve_plan_ms=2.839833 prepare_infer_ms=0 prepare_validate_ms=0 prepare_bind_ms=0 prepare_optimize_ms=0 prepare_retire_ms=0 build_plan_uniforms_ms=0 resolve_steps_ms=0 uniform_buffer_allocations=0 barriers=0 barriers_raw=0 barriers_waw=0 barriers_war=0 barriers_waw_war_arena_recycled=0 barriers_waw_war_persistent=0 expert_source_cache_hits=0 expert_source_cache_misses=0 expert_source_cache_cold_misses=0 expert_source_cache_replacement_misses=0 expert_source_reuse_copy_bytes=0 expert_source_reuse_copy_ms=0 plan_cache_len=0 plan_hits=20 plan_misses=3 plan_refits=1 plan_arena_allocated_bytes=0 segment_arena_allocated_bytes=0 placed_arena_allocated_bytes=146227728 ablation=false kind_filter=
2026-10-08T13:45:57.321989125Z DEBUG omega::metal::placements_execute_named: step_phase step=23 phase=pre_encode start_raw_s=672584.827699 end_raw_s=672584.827841083
2026-10-08T13:45:57.322196166Z DEBUG omega::metal::placements_execute_named: chunk_phase step=23 chunk=1 phase=encode start_raw_s=672584.827841083 end_raw_s=672584.828038625
2026-10-08T13:45:57.322196500Z DEBUG omega::metal::placements_execute_named: chunk_phase step=23 chunk=1 phase=commit start_raw_s=672584.828039041 end_raw_s=672584.828047791
2026-10-08T13:45:57.322484333Z DEBUG omega::metal::placements_execute_named: chunk_phase step=23 chunk=2 phase=encode start_raw_s=672584.828048833 end_raw_s=672584.828332708
2026-10-08T13:45:57.322484500Z DEBUG omega::metal::placements_execute_named: chunk_phase step=23 chunk=2 phase=commit start_raw_s=672584.828332875 end_raw_s=672584.828336208
2026-10-08T13:45:57.322914750Z DEBUG omega::metal::placements_execute_named: chunk_phase step=23 chunk=3 phase=encode start_raw_s=672584.828336833 end_raw_s=672584.828763083
2026-10-08T13:45:57.322915083Z DEBUG omega::metal::placements_execute_named: chunk_phase step=23 chunk=3 phase=commit start_raw_s=672584.828763208 end_raw_s=672584.828766541
2026-10-08T13:45:57.323504583Z DEBUG omega::metal::placements_execute_named: chunk_phase step=23 chunk=4 phase=encode start_raw_s=672584.828767541 end_raw_s=672584.829352708
2026-10-08T13:45:57.323505083Z DEBUG omega::metal::placements_execute_named: chunk_phase step=23 chunk=4 phase=commit start_raw_s=672584.829352791 end_raw_s=672584.829356291
2026-10-08T13:45:57.324314208Z DEBUG omega::metal::placements_execute_named: chunk_phase step=23 chunk=5 phase=encode start_raw_s=672584.829357416 end_raw_s=672584.830161541
2026-10-08T13:45:57.324314583Z DEBUG omega::metal::placements_execute_named: chunk_phase step=23 chunk=5 phase=commit start_raw_s=672584.830161833 end_raw_s=672584.830165875
2026-10-08T13:45:57.325322958Z DEBUG omega::metal::placements_execute_named: chunk_phase step=23 chunk=6 phase=encode start_raw_s=672584.830166958 end_raw_s=672584.831168833
2026-10-08T13:45:57.325323333Z DEBUG omega::metal::placements_execute_named: chunk_phase step=23 chunk=6 phase=commit start_raw_s=672584.831168958 end_raw_s=672584.831174791
2026-10-08T13:45:57.326705416Z DEBUG omega::metal::placements_execute_named: chunk_phase step=23 chunk=7 phase=encode start_raw_s=672584.831175666 end_raw_s=672584.832553666
2026-10-08T13:45:57.326705791Z DEBUG omega::metal::placements_execute_named: chunk_phase step=23 chunk=7 phase=commit start_raw_s=672584.832553791 end_raw_s=672584.832557208
2026-10-08T13:45:57.328563083Z DEBUG omega::metal::placements_execute_named: chunk_phase step=23 chunk=8 phase=encode start_raw_s=672584.832558125 end_raw_s=672584.834407333
2026-10-08T13:45:57.328563375Z DEBUG omega::metal::placements_execute_named: chunk_phase step=23 chunk=8 phase=commit start_raw_s=672584.834408 end_raw_s=672584.834415083
2026-10-08T13:45:57.333087041Z DEBUG omega::metal::placements_execute_named: token_breakdown_gpu commit_call_ms=0.007083 commit_to_gpu_start_ms=0 gpu_busy_ms=10.587208438664675 gpu_end_to_wait_return_ms=0 sum_ms=10.594291438664674 final_commit_to_wait_ms=4.529083 gpu_start_raw_s=672584.8282057917 gpu_end_raw_s=672584.8387930001 commit_call_start_raw_s=672584.834408 wait_return_extra_ms=4.521083 chunks=8 first_commit_to_first_gpu_start_ms=0.1667506294324994 encode_overlap_ms=6.358875
2026-10-08T13:45:57.333088416Z DEBUG omega::metal::placements_execute_named: chunk_record step=23 plan_shape=decode chunk=1 chunk_count=8 op_first=0 op_last=23 encode_start_ms=0 encode_end_ms=0.19737500000000002 commit_at_ms=0.19799999999999998 commit_ms=0.008708 gpu_start_ms=0.3647085977718234 gpu_end_ms=0.6262919632717967 commit_to_gpu_start_ms=0.16670859777182342 gpu_idle_before_ms=0.3647085977718234
2026-10-08T13:45:57.333088916Z DEBUG omega::metal::placements_execute_named: chunk_record step=23 plan_shape=decode chunk=2 chunk_count=8 op_first=24 op_last=62 encode_start_ms=0.20775000000000002 encode_end_ms=0.491583 commit_at_ms=0.491792 commit_ms=0.003333 gpu_start_ms=0.6477920105680823 gpu_end_ms=0.9820419363677502 commit_to_gpu_start_ms=0.15600001056808233 gpu_idle_before_ms=0.02150004729628563
2026-10-08T13:45:57.333089500Z DEBUG omega::metal::placements_execute_named: chunk_record step=23 plan_shape=decode chunk=3 chunk_count=8 op_first=63 op_last=116 encode_start_ms=0.495708 encode_end_ms=0.9219579999999999 commit_at_ms=0.922125 commit_ms=0.003375 gpu_start_ms=1.0255420347675681 gpu_end_ms=1.4732920099049807 commit_to_gpu_start_ms=0.10341703476756814 gpu_idle_before_ms=0.043500098399817944
2026-10-08T13:45:57.333089833Z DEBUG omega::metal::placements_execute_named: chunk_record step=23 plan_shape=decode chunk=4 chunk_count=8 op_first=117 op_last=189 encode_start_ms=0.926458 encode_end_ms=1.511583 commit_at_ms=1.511708 commit_ms=0.0035 gpu_start_ms=1.6729169292375445 gpu_end_ms=2.358917030505836 commit_to_gpu_start_ms=0.16120892923754448 gpu_idle_before_ms=0.19962491933256388
2026-10-08T13:45:57.333090208Z DEBUG omega::metal::placements_execute_named: chunk_record step=23 plan_shape=decode chunk=5 chunk_count=8 op_first=190 op_last=287 encode_start_ms=1.516292 encode_end_ms=2.320417 commit_at_ms=2.32075 commit_ms=0.004042 gpu_start_ms=2.4134169798344374 gpu_end_ms=3.272291971370578 commit_to_gpu_start_ms=0.0926669798344375 gpu_idle_before_ms=0.05449994932860136
2026-10-08T13:45:57.333090541Z DEBUG omega::metal::placements_execute_named: chunk_record step=23 plan_shape=decode chunk=6 chunk_count=8 op_first=288 op_last=420 encode_start_ms=2.325833 encode_end_ms=3.32775 commit_at_ms=3.327875 commit_ms=0.005833 gpu_start_ms=3.4609170397743583 gpu_end_ms=4.676291951909661 commit_to_gpu_start_ms=0.13304203977435813 gpu_idle_before_ms=0.18862506840378046
2026-10-08T13:45:57.333090916Z DEBUG omega::metal::placements_execute_named: chunk_record step=23 plan_shape=decode chunk=7 chunk_count=8 op_first=421 op_last=599 encode_start_ms=3.334542 encode_end_ms=4.712542 commit_at_ms=4.712708 commit_ms=0.003417 gpu_start_ms=4.882541950792074 gpu_end_ms=7.151167024858296 commit_to_gpu_start_ms=0.16983395079207408 gpu_idle_before_ms=0.2062499988824129
2026-10-08T13:45:57.333091416Z DEBUG omega::metal::placements_execute_named: chunk_record step=23 plan_shape=decode chunk=8 chunk_count=8 op_first=600 op_last=841 encode_start_ms=4.717042 encode_end_ms=6.566208 commit_at_ms=6.566917 commit_ms=0.007083 gpu_start_ms=7.180333603173494 gpu_end_ms=10.951917036436498 commit_to_gpu_start_ms=0.6134166031734942 gpu_idle_before_ms=0.02916657831519842
2026-10-08T13:45:57.333114125Z DEBUG proxima_model_interop::generate::decode: token_breakdown_argmax_split step=23 scan_ms=0 debug_ms=0
2026-10-08T13:45:57.333114583Z DEBUG proxima_model_interop::generate::decode: token_breakdown_gaps step=23 root_select_ms=0.011375 post_evaluate_ms=0.001666 pre_logits_ms=0.002708 checksum_ms=0 fetch_ms=0.001291 argmax_ms=0.000583 logits_hash_ms=0
2026-10-08T13:45:57.333115875Z INFO proxima_model_interop::generate::load_model: token_breakdown: per-decode-step wall-clock attribution step=23 new_count=1 cached_len_before=993 step_wall_ms=11.479041 apply_serving_config_ms=0.000291 build_position_inputs_ms=0.005416 named_blocks_weights_ms=0.033125 named_blocks_kv_ms=0.03125 kv_cache_upload_bytes=0 ssm_state_transfer_bytes=0 evaluate_ms=11.421458 layer_cache_append_ms=0.000666 layer_cache_append_bytes=0 greedy_pick_ms=0.000041
2026-10-08T13:45:57.333129041Z INFO proxima_model_interop::generate::load_model: token_breakdown_metal: per-decode-step metal stage attribution step=23 prepare_calls=0 prepare_ms=0 emit_calls=0 emit_ms=0 pipeline_hits=0 pipeline_misses=0 pipeline_compile_ms=0 block_upload_calls=9 block_upload_ms=0 block_offered_bytes=3092 block_copied_bytes=3092 block_nocopy_bound_bytes=0 block_offset_bound_bytes=0 op_setup_calls=618 op_setup_ms=0.018791 pipeline_lookup_calls=0 pipeline_lookup_ms=0 encode_dispatch_calls=618 physical_dispatch_calls=653 encode_dispatch_ms=5.402416 gpu_exec_calls=8 gpu_exec_ms=4.529 readback_calls=2 readback_ms=0.003541 readback_bytes=8 nocopy_uploads=0 copying_uploads=9 nocopy_reuses=0 resident_uploads=0 resident_reuses=0 mapping_offset_uploads=0 mapping_rebound_blocks=6 mapping_residency_rung=prefault expert_mapping_candidate_uploads=0 expert_mapping_missed_uploads=0 nocopy_cache_len=1 resident_cache_len=0 resident_cache_bytes=0 uniform_cache_len=2 phys_footprint_bytes=6042357824 device_allocated_bytes=3565666304 output_buffer_allocations=0 output_buffer_allocated_bytes=0 checkpoint_mapping_buffer_bytes=3349528576 expert_mapping_buffer_bytes=0 plan_uniform_writes=0 retire_scan_calls=1439 retire_scan_ms=0.125125 expert_buffers_lookup_calls=618 expert_buffers_lookup_ms=0.512375 placement_resolve_calls=618 placement_resolve_ms=0.01775 loop_head_calls=842 loop_head_ms=0.249416 encoder_finish_ms=0.000875 pre_encode_calls=1 pre_encode_ms=0.142583 resolve_plan_ms=0.000208 prepare_infer_ms=0 prepare_validate_ms=0 prepare_bind_ms=0 prepare_optimize_ms=0 prepare_retire_ms=0 build_plan_uniforms_ms=0 resolve_steps_ms=0 uniform_buffer_allocations=0 barriers=0 barriers_raw=0 barriers_waw=0 barriers_war=0 barriers_waw_war_arena_recycled=0 barriers_waw_war_persistent=0 expert_source_cache_hits=0 expert_source_cache_misses=0 expert_source_cache_cold_misses=0 expert_source_cache_replacement_misses=0 expert_source_reuse_copy_bytes=0 expert_source_reuse_copy_ms=0 plan_cache_len=0 plan_hits=21 plan_misses=3 plan_refits=1 plan_arena_allocated_bytes=0 segment_arena_allocated_bytes=0 placed_arena_allocated_bytes=146227728 ablation=false kind_filter=
