raw arm=a00_0b_9f0647da process=0 run=0 ms_per_token=16.5290
raw arm=a00_0b_9f0647da process=0 run=1 ms_per_token=12.3680
raw arm=a00_0b_9f0647da process=0 run=2 ms_per_token=12.4210
raw arm=a00_0b_9f0647da process=0 run=3 ms_per_token=12.6090
raw arm=a00_0b_9f0647da process=0 run=4 ms_per_token=12.3570
raw arm=a00_0b_9f0647da process=0 run=5 ms_per_token=12.5410
raw arm=a00_0b_9f0647da process=0 run=6 ms_per_token=12.2610
raw arm=a00_0b_9f0647da process=0 run=7 ms_per_token=12.3110
raw arm=a01_0c_152467a9 process=0 run=0 ms_per_token=12.8150
raw arm=a01_0c_152467a9 process=0 run=1 ms_per_token=12.3220
raw arm=a01_0c_152467a9 process=0 run=2 ms_per_token=12.3950
raw arm=a01_0c_152467a9 process=0 run=3 ms_per_token=12.5490
raw arm=a01_0c_152467a9 process=0 run=4 ms_per_token=12.3700
raw arm=a01_0c_152467a9 process=0 run=5 ms_per_token=12.0590
raw arm=a01_0c_152467a9 process=0 run=6 ms_per_token=12.2430
raw arm=a01_0c_152467a9 process=0 run=7 ms_per_token=12.0150
raw arm=a02_slice5 process=0 run=0 ms_per_token=12.5740
raw arm=a02_slice5 process=0 run=1 ms_per_token=12.2120
raw arm=a02_slice5 process=0 run=2 ms_per_token=12.2160
raw arm=a02_slice5 process=0 run=3 ms_per_token=12.1730
raw arm=a02_slice5 process=0 run=4 ms_per_token=12.3220
raw arm=a02_slice5 process=0 run=5 ms_per_token=12.2970
raw arm=a02_slice5 process=0 run=6 ms_per_token=12.5100
raw arm=a02_slice5 process=0 run=7 ms_per_token=12.5150
raw arm=a03_slice6 process=0 run=0 ms_per_token=12.5260
raw arm=a03_slice6 process=0 run=1 ms_per_token=12.2960
raw arm=a03_slice6 process=0 run=2 ms_per_token=12.2170
raw arm=a03_slice6 process=0 run=3 ms_per_token=12.4630
raw arm=a03_slice6 process=0 run=4 ms_per_token=12.3590
raw arm=a03_slice6 process=0 run=5 ms_per_token=12.4650
raw arm=a03_slice6 process=0 run=6 ms_per_token=12.5140
raw arm=a03_slice6 process=0 run=7 ms_per_token=12.1070
raw arm=a04_slice7 process=0 run=0 ms_per_token=12.4700
raw arm=a04_slice7 process=0 run=1 ms_per_token=12.0480
raw arm=a04_slice7 process=0 run=2 ms_per_token=12.2320
raw arm=a04_slice7 process=0 run=3 ms_per_token=12.1050
raw arm=a04_slice7 process=0 run=4 ms_per_token=12.2530
raw arm=a04_slice7 process=0 run=5 ms_per_token=12.1560
raw arm=a04_slice7 process=0 run=6 ms_per_token=12.2770
raw arm=a04_slice7 process=0 run=7 ms_per_token=12.4760
raw arm=a05_slice8 process=0 run=0 ms_per_token=12.8740
raw arm=a05_slice8 process=0 run=1 ms_per_token=12.1420
raw arm=a05_slice8 process=0 run=2 ms_per_token=12.4440
raw arm=a05_slice8 process=0 run=3 ms_per_token=12.6660
raw arm=a05_slice8 process=0 run=4 ms_per_token=12.4080
raw arm=a05_slice8 process=0 run=5 ms_per_token=12.3840
raw arm=a05_slice8 process=0 run=6 ms_per_token=12.2950
raw arm=a05_slice8 process=0 run=7 ms_per_token=12.3600
raw arm=a06_slice9 process=0 run=0 ms_per_token=12.5990
raw arm=a06_slice9 process=0 run=1 ms_per_token=12.1660
raw arm=a06_slice9 process=0 run=2 ms_per_token=12.3850
raw arm=a06_slice9 process=0 run=3 ms_per_token=12.3870
raw arm=a06_slice9 process=0 run=4 ms_per_token=12.4810
raw arm=a06_slice9 process=0 run=5 ms_per_token=12.2540
raw arm=a06_slice9 process=0 run=6 ms_per_token=12.4170
raw arm=a06_slice9 process=0 run=7 ms_per_token=12.4140
raw arm=a07_slice10b process=0 run=0 ms_per_token=12.5040
raw arm=a07_slice10b process=0 run=1 ms_per_token=12.3740
raw arm=a07_slice10b process=0 run=2 ms_per_token=12.5670
raw arm=a07_slice10b process=0 run=3 ms_per_token=12.3770
raw arm=a07_slice10b process=0 run=4 ms_per_token=12.4650
raw arm=a07_slice10b process=0 run=5 ms_per_token=12.3930
raw arm=a07_slice10b process=0 run=6 ms_per_token=12.3500
raw arm=a07_slice10b process=0 run=7 ms_per_token=12.1740
raw arm=a08_slice10b_fix process=0 run=0 ms_per_token=13.0140
raw arm=a08_slice10b_fix process=0 run=1 ms_per_token=12.2890
raw arm=a08_slice10b_fix process=0 run=2 ms_per_token=12.5050
raw arm=a08_slice10b_fix process=0 run=3 ms_per_token=12.2980
raw arm=a08_slice10b_fix process=0 run=4 ms_per_token=12.6150
raw arm=a08_slice10b_fix process=0 run=5 ms_per_token=12.4830
raw arm=a08_slice10b_fix process=0 run=6 ms_per_token=12.4410
raw arm=a08_slice10b_fix process=0 run=7 ms_per_token=12.3830
raw arm=a09_slice10c process=0 run=0 ms_per_token=12.7230
raw arm=a09_slice10c process=0 run=1 ms_per_token=12.3490
raw arm=a09_slice10c process=0 run=2 ms_per_token=12.5290
raw arm=a09_slice10c process=0 run=3 ms_per_token=12.4410
raw arm=a09_slice10c process=0 run=4 ms_per_token=12.3990
raw arm=a09_slice10c process=0 run=5 ms_per_token=12.3740
raw arm=a09_slice10c process=0 run=6 ms_per_token=12.3460
raw arm=a09_slice10c process=0 run=7 ms_per_token=12.5130
raw arm=a10_slice11 process=0 run=0 ms_per_token=12.7980
raw arm=a10_slice11 process=0 run=1 ms_per_token=12.3420
raw arm=a10_slice11 process=0 run=2 ms_per_token=12.1780
raw arm=a10_slice11 process=0 run=3 ms_per_token=12.4200
raw arm=a10_slice11 process=0 run=4 ms_per_token=11.9860
raw arm=a10_slice11 process=0 run=5 ms_per_token=12.5080
raw arm=a10_slice11 process=0 run=6 ms_per_token=12.4930
raw arm=a10_slice11 process=0 run=7 ms_per_token=12.1570
raw arm=a11_slice12 process=0 run=0 ms_per_token=12.4860
raw arm=a11_slice12 process=0 run=1 ms_per_token=12.1830
raw arm=a11_slice12 process=0 run=2 ms_per_token=12.4070
raw arm=a11_slice12 process=0 run=3 ms_per_token=13.5510
raw arm=a11_slice12 process=0 run=4 ms_per_token=12.5640
raw arm=a11_slice12 process=0 run=5 ms_per_token=12.2290
raw arm=a11_slice12 process=0 run=6 ms_per_token=12.6000
raw arm=a11_slice12 process=0 run=7 ms_per_token=12.6010
raw arm=a12_eor process=0 run=0 ms_per_token=12.5160
raw arm=a12_eor process=0 run=1 ms_per_token=12.1190
raw arm=a12_eor process=0 run=2 ms_per_token=12.0870
raw arm=a12_eor process=0 run=3 ms_per_token=12.2490
raw arm=a12_eor process=0 run=4 ms_per_token=12.3050
raw arm=a12_eor process=0 run=5 ms_per_token=12.4500
raw arm=a12_eor process=0 run=6 ms_per_token=12.1670
raw arm=a12_eor process=0 run=7 ms_per_token=11.9230
raw arm=a13_f76b4a97 process=0 run=0 ms_per_token=12.4440
raw arm=a13_f76b4a97 process=0 run=1 ms_per_token=12.0200
raw arm=a13_f76b4a97 process=0 run=2 ms_per_token=12.1790
raw arm=a13_f76b4a97 process=0 run=3 ms_per_token=12.1100
raw arm=a13_f76b4a97 process=0 run=4 ms_per_token=11.9860
raw arm=a13_f76b4a97 process=0 run=5 ms_per_token=12.1180
raw arm=a13_f76b4a97 process=0 run=6 ms_per_token=12.1360
raw arm=a13_f76b4a97 process=0 run=7 ms_per_token=12.1110
raw arm=a14_tip_s1 process=0 run=0 ms_per_token=12.4990
raw arm=a14_tip_s1 process=0 run=1 ms_per_token=12.0480
raw arm=a14_tip_s1 process=0 run=2 ms_per_token=12.2860
raw arm=a14_tip_s1 process=0 run=3 ms_per_token=12.1910
raw arm=a14_tip_s1 process=0 run=4 ms_per_token=12.0450
raw arm=a14_tip_s1 process=0 run=5 ms_per_token=12.1490
raw arm=a14_tip_s1 process=0 run=6 ms_per_token=12.2750
raw arm=a14_tip_s1 process=0 run=7 ms_per_token=12.1580
raw arm=a15_s2_mml process=0 run=0 ms_per_token=12.8640
raw arm=a15_s2_mml process=0 run=1 ms_per_token=12.6060
raw arm=a15_s2_mml process=0 run=2 ms_per_token=12.6520
raw arm=a15_s2_mml process=0 run=3 ms_per_token=12.3230
raw arm=a15_s2_mml process=0 run=4 ms_per_token=12.2760
raw arm=a15_s2_mml process=0 run=5 ms_per_token=12.6090
raw arm=a15_s2_mml process=0 run=6 ms_per_token=12.4230
raw arm=a15_s2_mml process=0 run=7 ms_per_token=12.6410
raw arm=a16_s2fix_3a933038 process=0 run=0 ms_per_token=12.9790
raw arm=a16_s2fix_3a933038 process=0 run=1 ms_per_token=12.6420
raw arm=a16_s2fix_3a933038 process=0 run=2 ms_per_token=12.4550
raw arm=a16_s2fix_3a933038 process=0 run=3 ms_per_token=12.5570
raw arm=a16_s2fix_3a933038 process=0 run=4 ms_per_token=12.5460
raw arm=a16_s2fix_3a933038 process=0 run=5 ms_per_token=12.4620
raw arm=a16_s2fix_3a933038 process=0 run=6 ms_per_token=12.1470
raw arm=a16_s2fix_3a933038 process=0 run=7 ms_per_token=11.8280
raw arm=a17_head_8ef12e94 process=0 run=0 ms_per_token=12.9770
raw arm=a17_head_8ef12e94 process=0 run=1 ms_per_token=12.3950
raw arm=a17_head_8ef12e94 process=0 run=2 ms_per_token=12.4550
raw arm=a17_head_8ef12e94 process=0 run=3 ms_per_token=12.0810
raw arm=a17_head_8ef12e94 process=0 run=4 ms_per_token=12.1880
raw arm=a17_head_8ef12e94 process=0 run=5 ms_per_token=12.1550
raw arm=a17_head_8ef12e94 process=0 run=6 ms_per_token=12.1330
raw arm=a17_head_8ef12e94 process=0 run=7 ms_per_token=12.1120
raw arm=a18_head_copy process=0 run=0 ms_per_token=12.5880
raw arm=a18_head_copy process=0 run=1 ms_per_token=12.6960
raw arm=a18_head_copy process=0 run=2 ms_per_token=12.5590
raw arm=a18_head_copy process=0 run=3 ms_per_token=12.3600
raw arm=a18_head_copy process=0 run=4 ms_per_token=12.0950
raw arm=a18_head_copy process=0 run=5 ms_per_token=12.1620
raw arm=a18_head_copy process=0 run=6 ms_per_token=12.0730
raw arm=a18_head_copy process=0 run=7 ms_per_token=11.9620
raw arm=llama-server process=0 run=0 ms_per_token=9.0675
raw arm=llama-server process=0 run=1 ms_per_token=9.1165
raw arm=llama-server process=0 run=2 ms_per_token=9.1271
raw arm=llama-server process=0 run=3 ms_per_token=9.4406
raw arm=llama-server process=0 run=4 ms_per_token=9.4537
raw arm=llama-server process=0 run=5 ms_per_token=9.2495
raw arm=llama-server process=0 run=6 ms_per_token=9.1331
raw arm=llama-server process=0 run=7 ms_per_token=9.1541
raw arm=a01_0c_152467a9 process=1 run=0 ms_per_token=12.5480
raw arm=a01_0c_152467a9 process=1 run=1 ms_per_token=12.1340
raw arm=a01_0c_152467a9 process=1 run=2 ms_per_token=12.1030
raw arm=a01_0c_152467a9 process=1 run=3 ms_per_token=12.0350
raw arm=a01_0c_152467a9 process=1 run=4 ms_per_token=12.4780
raw arm=a01_0c_152467a9 process=1 run=5 ms_per_token=12.5090
raw arm=a01_0c_152467a9 process=1 run=6 ms_per_token=12.6510
raw arm=a01_0c_152467a9 process=1 run=7 ms_per_token=12.2440
raw arm=a02_slice5 process=1 run=0 ms_per_token=12.7070
raw arm=a02_slice5 process=1 run=1 ms_per_token=12.0740
raw arm=a02_slice5 process=1 run=2 ms_per_token=12.1060
raw arm=a02_slice5 process=1 run=3 ms_per_token=12.0870
raw arm=a02_slice5 process=1 run=4 ms_per_token=12.5650
raw arm=a02_slice5 process=1 run=5 ms_per_token=12.4790
raw arm=a02_slice5 process=1 run=6 ms_per_token=12.6030
raw arm=a02_slice5 process=1 run=7 ms_per_token=12.5170
raw arm=a03_slice6 process=1 run=0 ms_per_token=12.4950
raw arm=a03_slice6 process=1 run=1 ms_per_token=12.1760
raw arm=a03_slice6 process=1 run=2 ms_per_token=12.1040
raw arm=a03_slice6 process=1 run=3 ms_per_token=12.2020
raw arm=a03_slice6 process=1 run=4 ms_per_token=12.1550
raw arm=a03_slice6 process=1 run=5 ms_per_token=12.1900
raw arm=a03_slice6 process=1 run=6 ms_per_token=12.2180
raw arm=a03_slice6 process=1 run=7 ms_per_token=12.2830
raw arm=a04_slice7 process=1 run=0 ms_per_token=12.4950
raw arm=a04_slice7 process=1 run=1 ms_per_token=12.1170
raw arm=a04_slice7 process=1 run=2 ms_per_token=12.1360
raw arm=a04_slice7 process=1 run=3 ms_per_token=12.1100
raw arm=a04_slice7 process=1 run=4 ms_per_token=12.1050
raw arm=a04_slice7 process=1 run=5 ms_per_token=12.2190
raw arm=a04_slice7 process=1 run=6 ms_per_token=12.1870
raw arm=a04_slice7 process=1 run=7 ms_per_token=12.1440
raw arm=a05_slice8 process=1 run=0 ms_per_token=12.6430
raw arm=a05_slice8 process=1 run=1 ms_per_token=12.1660
raw arm=a05_slice8 process=1 run=2 ms_per_token=12.1390
raw arm=a05_slice8 process=1 run=3 ms_per_token=12.1660
raw arm=a05_slice8 process=1 run=4 ms_per_token=12.1500
raw arm=a05_slice8 process=1 run=5 ms_per_token=12.0710
raw arm=a05_slice8 process=1 run=6 ms_per_token=12.1440
raw arm=a05_slice8 process=1 run=7 ms_per_token=12.2120
raw arm=a06_slice9 process=1 run=0 ms_per_token=12.5620
raw arm=a06_slice9 process=1 run=1 ms_per_token=12.0690
raw arm=a06_slice9 process=1 run=2 ms_per_token=12.0640
raw arm=a06_slice9 process=1 run=3 ms_per_token=12.0750
raw arm=a06_slice9 process=1 run=4 ms_per_token=12.1630
raw arm=a06_slice9 process=1 run=5 ms_per_token=12.1570
raw arm=a06_slice9 process=1 run=6 ms_per_token=12.1810
raw arm=a06_slice9 process=1 run=7 ms_per_token=12.0110
raw arm=a07_slice10b process=1 run=0 ms_per_token=12.5170
raw arm=a07_slice10b process=1 run=1 ms_per_token=12.1280
raw arm=a07_slice10b process=1 run=2 ms_per_token=12.2560
raw arm=a07_slice10b process=1 run=3 ms_per_token=12.0260
raw arm=a07_slice10b process=1 run=4 ms_per_token=12.1570
raw arm=a07_slice10b process=1 run=5 ms_per_token=12.1800
raw arm=a07_slice10b process=1 run=6 ms_per_token=12.1600
raw arm=a07_slice10b process=1 run=7 ms_per_token=12.1660
raw arm=a08_slice10b_fix process=1 run=0 ms_per_token=12.4790
raw arm=a08_slice10b_fix process=1 run=1 ms_per_token=12.1240
raw arm=a08_slice10b_fix process=1 run=2 ms_per_token=12.2000
raw arm=a08_slice10b_fix process=1 run=3 ms_per_token=12.1170
raw arm=a08_slice10b_fix process=1 run=4 ms_per_token=12.0740
raw arm=a08_slice10b_fix process=1 run=5 ms_per_token=12.2000
raw arm=a08_slice10b_fix process=1 run=6 ms_per_token=12.3540
raw arm=a08_slice10b_fix process=1 run=7 ms_per_token=12.1380
raw arm=a09_slice10c process=1 run=0 ms_per_token=12.5570
raw arm=a09_slice10c process=1 run=1 ms_per_token=12.1230
raw arm=a09_slice10c process=1 run=2 ms_per_token=12.1640
raw arm=a09_slice10c process=1 run=3 ms_per_token=12.1410
raw arm=a09_slice10c process=1 run=4 ms_per_token=12.0810
raw arm=a09_slice10c process=1 run=5 ms_per_token=12.0970
raw arm=a09_slice10c process=1 run=6 ms_per_token=12.0720
raw arm=a09_slice10c process=1 run=7 ms_per_token=12.0200
raw arm=a10_slice11 process=1 run=0 ms_per_token=12.5810
raw arm=a10_slice11 process=1 run=1 ms_per_token=12.1200
raw arm=a10_slice11 process=1 run=2 ms_per_token=12.1540
raw arm=a10_slice11 process=1 run=3 ms_per_token=12.2040
raw arm=a10_slice11 process=1 run=4 ms_per_token=12.1110
raw arm=a10_slice11 process=1 run=5 ms_per_token=12.2240
raw arm=a10_slice11 process=1 run=6 ms_per_token=12.2370
raw arm=a10_slice11 process=1 run=7 ms_per_token=12.0870
raw arm=a11_slice12 process=1 run=0 ms_per_token=12.5500
raw arm=a11_slice12 process=1 run=1 ms_per_token=12.1210
raw arm=a11_slice12 process=1 run=2 ms_per_token=12.3960
raw arm=a11_slice12 process=1 run=3 ms_per_token=12.2300
raw arm=a11_slice12 process=1 run=4 ms_per_token=12.1580
raw arm=a11_slice12 process=1 run=5 ms_per_token=12.1550
raw arm=a11_slice12 process=1 run=6 ms_per_token=12.1600
raw arm=a11_slice12 process=1 run=7 ms_per_token=12.0330
raw arm=a12_eor process=1 run=0 ms_per_token=12.5740
raw arm=a12_eor process=1 run=1 ms_per_token=12.1090
raw arm=a12_eor process=1 run=2 ms_per_token=12.0490
raw arm=a12_eor process=1 run=3 ms_per_token=12.1060
raw arm=a12_eor process=1 run=4 ms_per_token=12.0240
raw arm=a12_eor process=1 run=5 ms_per_token=12.1150
raw arm=a12_eor process=1 run=6 ms_per_token=12.1360
raw arm=a12_eor process=1 run=7 ms_per_token=12.1460
raw arm=a13_f76b4a97 process=1 run=0 ms_per_token=12.4340
raw arm=a13_f76b4a97 process=1 run=1 ms_per_token=12.0400
raw arm=a13_f76b4a97 process=1 run=2 ms_per_token=12.0370
raw arm=a13_f76b4a97 process=1 run=3 ms_per_token=12.1480
raw arm=a13_f76b4a97 process=1 run=4 ms_per_token=12.1650
raw arm=a13_f76b4a97 process=1 run=5 ms_per_token=12.0140
raw arm=a13_f76b4a97 process=1 run=6 ms_per_token=12.0440
raw arm=a13_f76b4a97 process=1 run=7 ms_per_token=12.1200
raw arm=a14_tip_s1 process=1 run=0 ms_per_token=12.5300
raw arm=a14_tip_s1 process=1 run=1 ms_per_token=12.1300
raw arm=a14_tip_s1 process=1 run=2 ms_per_token=12.1190
raw arm=a14_tip_s1 process=1 run=3 ms_per_token=12.1460
raw arm=a14_tip_s1 process=1 run=4 ms_per_token=12.1990
raw arm=a14_tip_s1 process=1 run=5 ms_per_token=12.1560
raw arm=a14_tip_s1 process=1 run=6 ms_per_token=12.1760
raw arm=a14_tip_s1 process=1 run=7 ms_per_token=12.1780
raw arm=a15_s2_mml process=1 run=0 ms_per_token=12.5190
raw arm=a15_s2_mml process=1 run=1 ms_per_token=12.0380
raw arm=a15_s2_mml process=1 run=2 ms_per_token=12.2300
raw arm=a15_s2_mml process=1 run=3 ms_per_token=12.1810
raw arm=a15_s2_mml process=1 run=4 ms_per_token=11.9830
raw arm=a15_s2_mml process=1 run=5 ms_per_token=12.0710
raw arm=a15_s2_mml process=1 run=6 ms_per_token=12.1820
raw arm=a15_s2_mml process=1 run=7 ms_per_token=12.4720
raw arm=a16_s2fix_3a933038 process=1 run=0 ms_per_token=12.4850
raw arm=a16_s2fix_3a933038 process=1 run=1 ms_per_token=12.2530
raw arm=a16_s2fix_3a933038 process=1 run=2 ms_per_token=12.1260
raw arm=a16_s2fix_3a933038 process=1 run=3 ms_per_token=12.1800
raw arm=a16_s2fix_3a933038 process=1 run=4 ms_per_token=12.0690
raw arm=a16_s2fix_3a933038 process=1 run=5 ms_per_token=12.1240
raw arm=a16_s2fix_3a933038 process=1 run=6 ms_per_token=12.1290
raw arm=a16_s2fix_3a933038 process=1 run=7 ms_per_token=12.0720
raw arm=a17_head_8ef12e94 process=1 run=0 ms_per_token=12.4160
raw arm=a17_head_8ef12e94 process=1 run=1 ms_per_token=12.1180
raw arm=a17_head_8ef12e94 process=1 run=2 ms_per_token=12.1700
raw arm=a17_head_8ef12e94 process=1 run=3 ms_per_token=12.0630
raw arm=a17_head_8ef12e94 process=1 run=4 ms_per_token=12.1790
raw arm=a17_head_8ef12e94 process=1 run=5 ms_per_token=12.1680
raw arm=a17_head_8ef12e94 process=1 run=6 ms_per_token=12.2990
raw arm=a17_head_8ef12e94 process=1 run=7 ms_per_token=12.1770
raw arm=a18_head_copy process=1 run=0 ms_per_token=12.5980
raw arm=a18_head_copy process=1 run=1 ms_per_token=12.1220
raw arm=a18_head_copy process=1 run=2 ms_per_token=12.0530
raw arm=a18_head_copy process=1 run=3 ms_per_token=12.1560
raw arm=a18_head_copy process=1 run=4 ms_per_token=12.0870
raw arm=a18_head_copy process=1 run=5 ms_per_token=12.1060
raw arm=a18_head_copy process=1 run=6 ms_per_token=12.1420
raw arm=a18_head_copy process=1 run=7 ms_per_token=12.1170
raw arm=llama-server process=1 run=0 ms_per_token=9.0282
raw arm=llama-server process=1 run=1 ms_per_token=9.1592
raw arm=llama-server process=1 run=2 ms_per_token=9.0478
raw arm=llama-server process=1 run=3 ms_per_token=9.0869
raw arm=llama-server process=1 run=4 ms_per_token=9.0943
raw arm=llama-server process=1 run=5 ms_per_token=9.0786
raw arm=llama-server process=1 run=6 ms_per_token=9.1933
raw arm=llama-server process=1 run=7 ms_per_token=9.1133
raw arm=a00_0b_9f0647da process=1 run=0 ms_per_token=12.5270
raw arm=a00_0b_9f0647da process=1 run=1 ms_per_token=12.0310
raw arm=a00_0b_9f0647da process=1 run=2 ms_per_token=11.7970
raw arm=a00_0b_9f0647da process=1 run=3 ms_per_token=12.0640
raw arm=a00_0b_9f0647da process=1 run=4 ms_per_token=12.1940
raw arm=a00_0b_9f0647da process=1 run=5 ms_per_token=12.2940
raw arm=a00_0b_9f0647da process=1 run=6 ms_per_token=12.0320
raw arm=a00_0b_9f0647da process=1 run=7 ms_per_token=12.0810
raw arm=a02_slice5 process=2 run=0 ms_per_token=12.4680
raw arm=a02_slice5 process=2 run=1 ms_per_token=12.1830
raw arm=a02_slice5 process=2 run=2 ms_per_token=12.2770
raw arm=a02_slice5 process=2 run=3 ms_per_token=12.1900
raw arm=a02_slice5 process=2 run=4 ms_per_token=12.1930
raw arm=a02_slice5 process=2 run=5 ms_per_token=12.1630
raw arm=a02_slice5 process=2 run=6 ms_per_token=12.1940
raw arm=a02_slice5 process=2 run=7 ms_per_token=12.3020
raw arm=a03_slice6 process=2 run=0 ms_per_token=12.4140
raw arm=a03_slice6 process=2 run=1 ms_per_token=12.1330
raw arm=a03_slice6 process=2 run=2 ms_per_token=12.1810
raw arm=a03_slice6 process=2 run=3 ms_per_token=12.0630
raw arm=a03_slice6 process=2 run=4 ms_per_token=12.1800
raw arm=a03_slice6 process=2 run=5 ms_per_token=12.1590
raw arm=a03_slice6 process=2 run=6 ms_per_token=12.1070
raw arm=a03_slice6 process=2 run=7 ms_per_token=12.1640
raw arm=a04_slice7 process=2 run=0 ms_per_token=12.4940
raw arm=a04_slice7 process=2 run=1 ms_per_token=12.1850
raw arm=a04_slice7 process=2 run=2 ms_per_token=12.1500
raw arm=a04_slice7 process=2 run=3 ms_per_token=12.1050
raw arm=a04_slice7 process=2 run=4 ms_per_token=12.1430
raw arm=a04_slice7 process=2 run=5 ms_per_token=12.1750
raw arm=a04_slice7 process=2 run=6 ms_per_token=12.1280
raw arm=a04_slice7 process=2 run=7 ms_per_token=12.1470
raw arm=a05_slice8 process=2 run=0 ms_per_token=12.9470
raw arm=a05_slice8 process=2 run=1 ms_per_token=12.1810
raw arm=a05_slice8 process=2 run=2 ms_per_token=12.1530
raw arm=a05_slice8 process=2 run=3 ms_per_token=12.1890
raw arm=a05_slice8 process=2 run=4 ms_per_token=12.2780
raw arm=a05_slice8 process=2 run=5 ms_per_token=12.1920
raw arm=a05_slice8 process=2 run=6 ms_per_token=12.1660
raw arm=a05_slice8 process=2 run=7 ms_per_token=12.3640
raw arm=a06_slice9 process=2 run=0 ms_per_token=12.5780
raw arm=a06_slice9 process=2 run=1 ms_per_token=12.1170
raw arm=a06_slice9 process=2 run=2 ms_per_token=12.1140
raw arm=a06_slice9 process=2 run=3 ms_per_token=12.0430
raw arm=a06_slice9 process=2 run=4 ms_per_token=12.1790
raw arm=a06_slice9 process=2 run=5 ms_per_token=12.1880
raw arm=a06_slice9 process=2 run=6 ms_per_token=12.1720
raw arm=a06_slice9 process=2 run=7 ms_per_token=12.1570
raw arm=a07_slice10b process=2 run=0 ms_per_token=12.5450
raw arm=a07_slice10b process=2 run=1 ms_per_token=12.1030
raw arm=a07_slice10b process=2 run=2 ms_per_token=12.1530
raw arm=a07_slice10b process=2 run=3 ms_per_token=12.1410
raw arm=a07_slice10b process=2 run=4 ms_per_token=12.0570
raw arm=a07_slice10b process=2 run=5 ms_per_token=12.1860
raw arm=a07_slice10b process=2 run=6 ms_per_token=12.1380
raw arm=a07_slice10b process=2 run=7 ms_per_token=12.2670
raw arm=a08_slice10b_fix process=2 run=0 ms_per_token=12.5310
raw arm=a08_slice10b_fix process=2 run=1 ms_per_token=12.2190
raw arm=a08_slice10b_fix process=2 run=2 ms_per_token=12.0960
raw arm=a08_slice10b_fix process=2 run=3 ms_per_token=12.1380
raw arm=a08_slice10b_fix process=2 run=4 ms_per_token=12.0800
raw arm=a08_slice10b_fix process=2 run=5 ms_per_token=12.1240
raw arm=a08_slice10b_fix process=2 run=6 ms_per_token=12.0980
raw arm=a08_slice10b_fix process=2 run=7 ms_per_token=12.1350
raw arm=a09_slice10c process=2 run=0 ms_per_token=12.4120
raw arm=a09_slice10c process=2 run=1 ms_per_token=12.1100
raw arm=a09_slice10c process=2 run=2 ms_per_token=12.0290
raw arm=a09_slice10c process=2 run=3 ms_per_token=11.8600
raw arm=a09_slice10c process=2 run=4 ms_per_token=12.1120
raw arm=a09_slice10c process=2 run=5 ms_per_token=12.2550
raw arm=a09_slice10c process=2 run=6 ms_per_token=12.0100
raw arm=a09_slice10c process=2 run=7 ms_per_token=12.1480
raw arm=a10_slice11 process=2 run=0 ms_per_token=12.4800
raw arm=a10_slice11 process=2 run=1 ms_per_token=12.0660
raw arm=a10_slice11 process=2 run=2 ms_per_token=11.9890
raw arm=a10_slice11 process=2 run=3 ms_per_token=12.1900
raw arm=a10_slice11 process=2 run=4 ms_per_token=12.1540
raw arm=a10_slice11 process=2 run=5 ms_per_token=12.1060
raw arm=a10_slice11 process=2 run=6 ms_per_token=12.2030
raw arm=a10_slice11 process=2 run=7 ms_per_token=12.3410
raw arm=a11_slice12 process=2 run=0 ms_per_token=12.6130
raw arm=a11_slice12 process=2 run=1 ms_per_token=12.2510
raw arm=a11_slice12 process=2 run=2 ms_per_token=12.0810
raw arm=a11_slice12 process=2 run=3 ms_per_token=12.1200
raw arm=a11_slice12 process=2 run=4 ms_per_token=12.2700
raw arm=a11_slice12 process=2 run=5 ms_per_token=12.1220
raw arm=a11_slice12 process=2 run=6 ms_per_token=12.2270
raw arm=a11_slice12 process=2 run=7 ms_per_token=12.2240
raw arm=a12_eor process=2 run=0 ms_per_token=12.7360
raw arm=a12_eor process=2 run=1 ms_per_token=12.0300
raw arm=a12_eor process=2 run=2 ms_per_token=12.3450
raw arm=a12_eor process=2 run=3 ms_per_token=12.2360
raw arm=a12_eor process=2 run=4 ms_per_token=12.0940
raw arm=a12_eor process=2 run=5 ms_per_token=12.1350
raw arm=a12_eor process=2 run=6 ms_per_token=12.0850
raw arm=a12_eor process=2 run=7 ms_per_token=12.1970
raw arm=a13_f76b4a97 process=2 run=0 ms_per_token=12.7030
raw arm=a13_f76b4a97 process=2 run=1 ms_per_token=12.1480
raw arm=a13_f76b4a97 process=2 run=2 ms_per_token=12.0850
raw arm=a13_f76b4a97 process=2 run=3 ms_per_token=12.1850
raw arm=a13_f76b4a97 process=2 run=4 ms_per_token=12.2530
raw arm=a13_f76b4a97 process=2 run=5 ms_per_token=12.1490
raw arm=a13_f76b4a97 process=2 run=6 ms_per_token=12.1980
raw arm=a13_f76b4a97 process=2 run=7 ms_per_token=12.0280
raw arm=a14_tip_s1 process=2 run=0 ms_per_token=12.5380
raw arm=a14_tip_s1 process=2 run=1 ms_per_token=12.3000
raw arm=a14_tip_s1 process=2 run=2 ms_per_token=12.2010
raw arm=a14_tip_s1 process=2 run=3 ms_per_token=12.0990
raw arm=a14_tip_s1 process=2 run=4 ms_per_token=12.1540
raw arm=a14_tip_s1 process=2 run=5 ms_per_token=12.1360
raw arm=a14_tip_s1 process=2 run=6 ms_per_token=12.1460
raw arm=a14_tip_s1 process=2 run=7 ms_per_token=12.1670
raw arm=a15_s2_mml process=2 run=0 ms_per_token=12.4710
raw arm=a15_s2_mml process=2 run=1 ms_per_token=12.1460
raw arm=a15_s2_mml process=2 run=2 ms_per_token=12.1240
raw arm=a15_s2_mml process=2 run=3 ms_per_token=11.9590
raw arm=a15_s2_mml process=2 run=4 ms_per_token=12.0510
raw arm=a15_s2_mml process=2 run=5 ms_per_token=12.2330
raw arm=a15_s2_mml process=2 run=6 ms_per_token=12.1490
raw arm=a15_s2_mml process=2 run=7 ms_per_token=11.9950
raw arm=a16_s2fix_3a933038 process=2 run=0 ms_per_token=12.4450
raw arm=a16_s2fix_3a933038 process=2 run=1 ms_per_token=12.2040
raw arm=a16_s2fix_3a933038 process=2 run=2 ms_per_token=12.0810
raw arm=a16_s2fix_3a933038 process=2 run=3 ms_per_token=12.2140
raw arm=a16_s2fix_3a933038 process=2 run=4 ms_per_token=12.2020
raw arm=a16_s2fix_3a933038 process=2 run=5 ms_per_token=12.1510
raw arm=a16_s2fix_3a933038 process=2 run=6 ms_per_token=12.0560
raw arm=a16_s2fix_3a933038 process=2 run=7 ms_per_token=11.9940
raw arm=a17_head_8ef12e94 process=2 run=0 ms_per_token=12.6280
raw arm=a17_head_8ef12e94 process=2 run=1 ms_per_token=12.0460
raw arm=a17_head_8ef12e94 process=2 run=2 ms_per_token=12.1860
raw arm=a17_head_8ef12e94 process=2 run=3 ms_per_token=12.1530
raw arm=a17_head_8ef12e94 process=2 run=4 ms_per_token=12.1290
raw arm=a17_head_8ef12e94 process=2 run=5 ms_per_token=12.1150
raw arm=a17_head_8ef12e94 process=2 run=6 ms_per_token=12.1100
raw arm=a17_head_8ef12e94 process=2 run=7 ms_per_token=12.1310
raw arm=a18_head_copy process=2 run=0 ms_per_token=12.4660
raw arm=a18_head_copy process=2 run=1 ms_per_token=12.1400
raw arm=a18_head_copy process=2 run=2 ms_per_token=12.1560
raw arm=a18_head_copy process=2 run=3 ms_per_token=12.1040
raw arm=a18_head_copy process=2 run=4 ms_per_token=12.0960
raw arm=a18_head_copy process=2 run=5 ms_per_token=12.0530
raw arm=a18_head_copy process=2 run=6 ms_per_token=12.2080
raw arm=a18_head_copy process=2 run=7 ms_per_token=12.1840
raw arm=llama-server process=2 run=0 ms_per_token=9.1842
raw arm=llama-server process=2 run=1 ms_per_token=9.2998
raw arm=llama-server process=2 run=2 ms_per_token=9.3290
raw arm=llama-server process=2 run=3 ms_per_token=9.2100
raw arm=llama-server process=2 run=4 ms_per_token=9.1817
raw arm=llama-server process=2 run=5 ms_per_token=9.3198
raw arm=llama-server process=2 run=6 ms_per_token=9.0563
raw arm=llama-server process=2 run=7 ms_per_token=9.0086
raw arm=a00_0b_9f0647da process=2 run=0 ms_per_token=12.5300
raw arm=a00_0b_9f0647da process=2 run=1 ms_per_token=12.1700
raw arm=a00_0b_9f0647da process=2 run=2 ms_per_token=12.1930
raw arm=a00_0b_9f0647da process=2 run=3 ms_per_token=12.8640
raw arm=a00_0b_9f0647da process=2 run=4 ms_per_token=12.5070
raw arm=a00_0b_9f0647da process=2 run=5 ms_per_token=12.1480
raw arm=a00_0b_9f0647da process=2 run=6 ms_per_token=12.1960
raw arm=a00_0b_9f0647da process=2 run=7 ms_per_token=12.2450
raw arm=a01_0c_152467a9 process=2 run=0 ms_per_token=13.0340
raw arm=a01_0c_152467a9 process=2 run=1 ms_per_token=12.2750
raw arm=a01_0c_152467a9 process=2 run=2 ms_per_token=12.7900
raw arm=a01_0c_152467a9 process=2 run=3 ms_per_token=12.2880
raw arm=a01_0c_152467a9 process=2 run=4 ms_per_token=12.5680
raw arm=a01_0c_152467a9 process=2 run=5 ms_per_token=12.2120
raw arm=a01_0c_152467a9 process=2 run=6 ms_per_token=12.6870
raw arm=a01_0c_152467a9 process=2 run=7 ms_per_token=12.2070
arm=a00_0b_9f0647da metric=ms_per_token process=0 run=1 value=12.3680 outlier=false
arm=a00_0b_9f0647da metric=ms_per_token process=0 run=2 value=12.4210 outlier=false
arm=a00_0b_9f0647da metric=ms_per_token process=0 run=3 value=12.6090 outlier=false
arm=a00_0b_9f0647da metric=ms_per_token process=0 run=4 value=12.3570 outlier=false
arm=a00_0b_9f0647da metric=ms_per_token process=0 run=5 value=12.5410 outlier=false
arm=a00_0b_9f0647da metric=ms_per_token process=0 run=6 value=12.2610 outlier=false
arm=a00_0b_9f0647da metric=ms_per_token process=0 run=7 value=12.3110 outlier=false
arm=a00_0b_9f0647da metric=ms_per_token process=1 run=1 value=12.0310 outlier=false
arm=a00_0b_9f0647da metric=ms_per_token process=1 run=2 value=11.7970 outlier=false
arm=a00_0b_9f0647da metric=ms_per_token process=1 run=3 value=12.0640 outlier=false
arm=a00_0b_9f0647da metric=ms_per_token process=1 run=4 value=12.1940 outlier=false
arm=a00_0b_9f0647da metric=ms_per_token process=1 run=5 value=12.2940 outlier=false
arm=a00_0b_9f0647da metric=ms_per_token process=1 run=6 value=12.0320 outlier=false
arm=a00_0b_9f0647da metric=ms_per_token process=1 run=7 value=12.0810 outlier=false
arm=a00_0b_9f0647da metric=ms_per_token process=2 run=1 value=12.1700 outlier=false
arm=a00_0b_9f0647da metric=ms_per_token process=2 run=2 value=12.1930 outlier=false
arm=a00_0b_9f0647da metric=ms_per_token process=2 run=3 value=12.8640 outlier=true
arm=a00_0b_9f0647da metric=ms_per_token process=2 run=4 value=12.5070 outlier=false
arm=a00_0b_9f0647da metric=ms_per_token process=2 run=5 value=12.1480 outlier=false
arm=a00_0b_9f0647da metric=ms_per_token process=2 run=6 value=12.1960 outlier=false
arm=a00_0b_9f0647da metric=ms_per_token process=2 run=7 value=12.2450 outlier=false
summary arm=a00_0b_9f0647da metric=ms_per_token n_all=21 median_all=12.2450 cov_all_pct=1.86 min_all=11.7970 max_all=12.8640 | n_kept=20 median_kept=12.2205 mad_kept=0.1380 cov_kept_pct=1.56 min_kept=11.7970 max_kept=12.6090
arm=a00_0b_9f0647da metric=prefill_ms process=0 run=1 value=2526.9870 outlier=false
arm=a00_0b_9f0647da metric=prefill_ms process=0 run=2 value=2531.9630 outlier=false
arm=a00_0b_9f0647da metric=prefill_ms process=0 run=3 value=2530.9950 outlier=false
arm=a00_0b_9f0647da metric=prefill_ms process=0 run=4 value=2532.9670 outlier=false
arm=a00_0b_9f0647da metric=prefill_ms process=0 run=5 value=2533.0470 outlier=false
arm=a00_0b_9f0647da metric=prefill_ms process=0 run=6 value=2530.0430 outlier=false
arm=a00_0b_9f0647da metric=prefill_ms process=0 run=7 value=2531.9680 outlier=false
arm=a00_0b_9f0647da metric=prefill_ms process=1 run=1 value=2543.0410 outlier=false
arm=a00_0b_9f0647da metric=prefill_ms process=1 run=2 value=2546.0340 outlier=false
arm=a00_0b_9f0647da metric=prefill_ms process=1 run=3 value=2530.0020 outlier=false
arm=a00_0b_9f0647da metric=prefill_ms process=1 run=4 value=2548.0130 outlier=true
arm=a00_0b_9f0647da metric=prefill_ms process=1 run=5 value=2537.9760 outlier=false
arm=a00_0b_9f0647da metric=prefill_ms process=1 run=6 value=2542.9710 outlier=false
arm=a00_0b_9f0647da metric=prefill_ms process=1 run=7 value=2528.0190 outlier=false
arm=a00_0b_9f0647da metric=prefill_ms process=2 run=1 value=2531.9900 outlier=false
arm=a00_0b_9f0647da metric=prefill_ms process=2 run=2 value=2537.9600 outlier=false
arm=a00_0b_9f0647da metric=prefill_ms process=2 run=3 value=2536.0560 outlier=false
arm=a00_0b_9f0647da metric=prefill_ms process=2 run=4 value=2536.0170 outlier=false
arm=a00_0b_9f0647da metric=prefill_ms process=2 run=5 value=2531.0550 outlier=false
arm=a00_0b_9f0647da metric=prefill_ms process=2 run=6 value=2532.0190 outlier=false
arm=a00_0b_9f0647da metric=prefill_ms process=2 run=7 value=2537.9950 outlier=false
summary arm=a00_0b_9f0647da metric=prefill_ms n_all=21 median_all=2532.9670 cov_all_pct=0.23 min_all=2526.9870 max_all=2548.0130 | n_kept=20 median_kept=2532.4930 mad_kept=3.0075 cov_kept_pct=0.20 min_kept=2526.9870 max_kept=2546.0340
memory arm=a00_0b_9f0647da metric=peak_rss_bytes process=0 value=4002070528
memory arm=a00_0b_9f0647da metric=peak_rss_bytes process=1 value=3989274624
memory arm=a00_0b_9f0647da metric=peak_rss_bytes process=2 value=3951181824
summary arm=a00_0b_9f0647da metric=peak_rss_bytes n=3 median=3989274624 max=4002070528
memory arm=a00_0b_9f0647da metric=peak_footprint_bytes process=0 value=711388416
memory arm=a00_0b_9f0647da metric=peak_footprint_bytes process=1 value=729541760
memory arm=a00_0b_9f0647da metric=peak_footprint_bytes process=2 value=724806720
summary arm=a00_0b_9f0647da metric=peak_footprint_bytes n=3 median=724806720 max=729541760
extra arm=a00_0b_9f0647da process=0 peers_present_at_exit=[]
extra arm=a00_0b_9f0647da process=1 peers_present_at_exit=[]
extra arm=a00_0b_9f0647da process=2 peers_present_at_exit=[]
arm=a01_0c_152467a9 metric=ms_per_token process=0 run=1 value=12.3220 outlier=false
arm=a01_0c_152467a9 metric=ms_per_token process=0 run=2 value=12.3950 outlier=false
arm=a01_0c_152467a9 metric=ms_per_token process=0 run=3 value=12.5490 outlier=false
arm=a01_0c_152467a9 metric=ms_per_token process=0 run=4 value=12.3700 outlier=false
arm=a01_0c_152467a9 metric=ms_per_token process=0 run=5 value=12.0590 outlier=false
arm=a01_0c_152467a9 metric=ms_per_token process=0 run=6 value=12.2430 outlier=false
arm=a01_0c_152467a9 metric=ms_per_token process=0 run=7 value=12.0150 outlier=false
arm=a01_0c_152467a9 metric=ms_per_token process=1 run=1 value=12.1340 outlier=false
arm=a01_0c_152467a9 metric=ms_per_token process=1 run=2 value=12.1030 outlier=false
arm=a01_0c_152467a9 metric=ms_per_token process=1 run=3 value=12.0350 outlier=false
arm=a01_0c_152467a9 metric=ms_per_token process=1 run=4 value=12.4780 outlier=false
arm=a01_0c_152467a9 metric=ms_per_token process=1 run=5 value=12.5090 outlier=false
arm=a01_0c_152467a9 metric=ms_per_token process=1 run=6 value=12.6510 outlier=false
arm=a01_0c_152467a9 metric=ms_per_token process=1 run=7 value=12.2440 outlier=false
arm=a01_0c_152467a9 metric=ms_per_token process=2 run=1 value=12.2750 outlier=false
arm=a01_0c_152467a9 metric=ms_per_token process=2 run=2 value=12.7900 outlier=false
arm=a01_0c_152467a9 metric=ms_per_token process=2 run=3 value=12.2880 outlier=false
arm=a01_0c_152467a9 metric=ms_per_token process=2 run=4 value=12.5680 outlier=false
arm=a01_0c_152467a9 metric=ms_per_token process=2 run=5 value=12.2120 outlier=false
arm=a01_0c_152467a9 metric=ms_per_token process=2 run=6 value=12.6870 outlier=false
arm=a01_0c_152467a9 metric=ms_per_token process=2 run=7 value=12.2070 outlier=false
summary arm=a01_0c_152467a9 metric=ms_per_token n_all=21 median_all=12.2880 cov_all_pct=1.77 min_all=12.0150 max_all=12.7900 | n_kept=21 median_kept=12.2880 mad_kept=0.1850 cov_kept_pct=1.77 min_kept=12.0150 max_kept=12.7900
arm=a01_0c_152467a9 metric=prefill_ms process=0 run=1 value=2538.0380 outlier=false
arm=a01_0c_152467a9 metric=prefill_ms process=0 run=2 value=2536.9470 outlier=false
arm=a01_0c_152467a9 metric=prefill_ms process=0 run=3 value=2538.0350 outlier=false
arm=a01_0c_152467a9 metric=prefill_ms process=0 run=4 value=2537.9660 outlier=false
arm=a01_0c_152467a9 metric=prefill_ms process=0 run=5 value=2538.9610 outlier=false
arm=a01_0c_152467a9 metric=prefill_ms process=0 run=6 value=2536.9830 outlier=false
arm=a01_0c_152467a9 metric=prefill_ms process=0 run=7 value=2537.9860 outlier=false
arm=a01_0c_152467a9 metric=prefill_ms process=1 run=1 value=2544.9980 outlier=false
arm=a01_0c_152467a9 metric=prefill_ms process=1 run=2 value=2540.0280 outlier=false
arm=a01_0c_152467a9 metric=prefill_ms process=1 run=3 value=2550.9500 outlier=true
arm=a01_0c_152467a9 metric=prefill_ms process=1 run=4 value=2539.9850 outlier=false
arm=a01_0c_152467a9 metric=prefill_ms process=1 run=5 value=2541.9760 outlier=false
arm=a01_0c_152467a9 metric=prefill_ms process=1 run=6 value=2544.9430 outlier=false
arm=a01_0c_152467a9 metric=prefill_ms process=1 run=7 value=2533.0530 outlier=false
arm=a01_0c_152467a9 metric=prefill_ms process=2 run=1 value=2533.9950 outlier=false
arm=a01_0c_152467a9 metric=prefill_ms process=2 run=2 value=2536.0170 outlier=false
arm=a01_0c_152467a9 metric=prefill_ms process=2 run=3 value=2533.0170 outlier=false
arm=a01_0c_152467a9 metric=prefill_ms process=2 run=4 value=2541.0580 outlier=false
arm=a01_0c_152467a9 metric=prefill_ms process=2 run=5 value=2547.9440 outlier=true
arm=a01_0c_152467a9 metric=prefill_ms process=2 run=6 value=2537.9720 outlier=false
arm=a01_0c_152467a9 metric=prefill_ms process=2 run=7 value=2525.9950 outlier=true
summary arm=a01_0c_152467a9 metric=prefill_ms n_all=21 median_all=2538.0350 cov_all_pct=0.21 min_all=2525.9950 max_all=2550.9500 | n_kept=18 median_kept=2538.0105 mad_kept=1.9840 cov_kept_pct=0.13 min_kept=2533.0170 max_kept=2544.9980
arm=a01_0c_152467a9 metric=ttft_ms process=0 run=1 value=2538.0000 outlier=false
arm=a01_0c_152467a9 metric=ttft_ms process=0 run=2 value=2537.0000 outlier=false
arm=a01_0c_152467a9 metric=ttft_ms process=0 run=3 value=2538.0000 outlier=false
arm=a01_0c_152467a9 metric=ttft_ms process=0 run=4 value=2538.0000 outlier=false
arm=a01_0c_152467a9 metric=ttft_ms process=0 run=5 value=2539.0000 outlier=false
arm=a01_0c_152467a9 metric=ttft_ms process=0 run=6 value=2537.0000 outlier=false
arm=a01_0c_152467a9 metric=ttft_ms process=0 run=7 value=2538.0000 outlier=false
arm=a01_0c_152467a9 metric=ttft_ms process=1 run=1 value=2545.0000 outlier=false
arm=a01_0c_152467a9 metric=ttft_ms process=1 run=2 value=2540.0000 outlier=false
arm=a01_0c_152467a9 metric=ttft_ms process=1 run=3 value=2551.0000 outlier=true
arm=a01_0c_152467a9 metric=ttft_ms process=1 run=4 value=2540.0000 outlier=false
arm=a01_0c_152467a9 metric=ttft_ms process=1 run=5 value=2542.0000 outlier=false
arm=a01_0c_152467a9 metric=ttft_ms process=1 run=6 value=2545.0000 outlier=false
arm=a01_0c_152467a9 metric=ttft_ms process=1 run=7 value=2533.0000 outlier=false
arm=a01_0c_152467a9 metric=ttft_ms process=2 run=1 value=2534.0000 outlier=false
arm=a01_0c_152467a9 metric=ttft_ms process=2 run=2 value=2536.0000 outlier=false
arm=a01_0c_152467a9 metric=ttft_ms process=2 run=3 value=2533.0000 outlier=false
arm=a01_0c_152467a9 metric=ttft_ms process=2 run=4 value=2541.0000 outlier=false
arm=a01_0c_152467a9 metric=ttft_ms process=2 run=5 value=2548.0000 outlier=true
arm=a01_0c_152467a9 metric=ttft_ms process=2 run=6 value=2538.0000 outlier=false
arm=a01_0c_152467a9 metric=ttft_ms process=2 run=7 value=2526.0000 outlier=true
summary arm=a01_0c_152467a9 metric=ttft_ms n_all=21 median_all=2538.0000 cov_all_pct=0.21 min_all=2526.0000 max_all=2551.0000 | n_kept=18 median_kept=2538.0000 mad_kept=2.0000 cov_kept_pct=0.13 min_kept=2533.0000 max_kept=2545.0000
memory arm=a01_0c_152467a9 metric=peak_rss_bytes process=0 value=3972710400
memory arm=a01_0c_152467a9 metric=peak_rss_bytes process=1 value=3950526464
memory arm=a01_0c_152467a9 metric=peak_rss_bytes process=2 value=3974332416
summary arm=a01_0c_152467a9 metric=peak_rss_bytes n=3 median=3972710400 max=3974332416
memory arm=a01_0c_152467a9 metric=peak_footprint_bytes process=0 value=719137984
memory arm=a01_0c_152467a9 metric=peak_footprint_bytes process=1 value=710634560
memory arm=a01_0c_152467a9 metric=peak_footprint_bytes process=2 value=724348096
summary arm=a01_0c_152467a9 metric=peak_footprint_bytes n=3 median=719137984 max=724348096
memory arm=a01_0c_152467a9 metric=peak_gpu_bytes process=0 value=5609734144
memory arm=a01_0c_152467a9 metric=peak_gpu_bytes process=1 value=5609734144
memory arm=a01_0c_152467a9 metric=peak_gpu_bytes process=2 value=5609734144
summary arm=a01_0c_152467a9 metric=peak_gpu_bytes n=3 median=5609734144 max=5609734144
extra arm=a01_0c_152467a9 process=0 peers_present_at_exit=[]
extra arm=a01_0c_152467a9 process=1 peers_present_at_exit=[]
extra arm=a01_0c_152467a9 process=2 peers_present_at_exit=[]
arm=a02_slice5 metric=ms_per_token process=0 run=1 value=12.2120 outlier=false
arm=a02_slice5 metric=ms_per_token process=0 run=2 value=12.2160 outlier=false
arm=a02_slice5 metric=ms_per_token process=0 run=3 value=12.1730 outlier=false
arm=a02_slice5 metric=ms_per_token process=0 run=4 value=12.3220 outlier=false
arm=a02_slice5 metric=ms_per_token process=0 run=5 value=12.2970 outlier=false
arm=a02_slice5 metric=ms_per_token process=0 run=6 value=12.5100 outlier=false
arm=a02_slice5 metric=ms_per_token process=0 run=7 value=12.5150 outlier=false
arm=a02_slice5 metric=ms_per_token process=1 run=1 value=12.0740 outlier=false
arm=a02_slice5 metric=ms_per_token process=1 run=2 value=12.1060 outlier=false
arm=a02_slice5 metric=ms_per_token process=1 run=3 value=12.0870 outlier=false
arm=a02_slice5 metric=ms_per_token process=1 run=4 value=12.5650 outlier=false
arm=a02_slice5 metric=ms_per_token process=1 run=5 value=12.4790 outlier=false
arm=a02_slice5 metric=ms_per_token process=1 run=6 value=12.6030 outlier=true
arm=a02_slice5 metric=ms_per_token process=1 run=7 value=12.5170 outlier=false
arm=a02_slice5 metric=ms_per_token process=2 run=1 value=12.1830 outlier=false
arm=a02_slice5 metric=ms_per_token process=2 run=2 value=12.2770 outlier=false
arm=a02_slice5 metric=ms_per_token process=2 run=3 value=12.1900 outlier=false
arm=a02_slice5 metric=ms_per_token process=2 run=4 value=12.1930 outlier=false
arm=a02_slice5 metric=ms_per_token process=2 run=5 value=12.1630 outlier=false
arm=a02_slice5 metric=ms_per_token process=2 run=6 value=12.1940 outlier=false
arm=a02_slice5 metric=ms_per_token process=2 run=7 value=12.3020 outlier=false
summary arm=a02_slice5 metric=ms_per_token n_all=21 median_all=12.2160 cov_all_pct=1.33 min_all=12.0740 max_all=12.6030 | n_kept=20 median_kept=12.2140 mad_kept=0.0855 cov_kept_pct=1.24 min_kept=12.0740 max_kept=12.5650
arm=a02_slice5 metric=prefill_ms process=0 run=1 value=2535.9630 outlier=false
arm=a02_slice5 metric=prefill_ms process=0 run=2 value=2532.9800 outlier=false
arm=a02_slice5 metric=prefill_ms process=0 run=3 value=2537.0320 outlier=false
arm=a02_slice5 metric=prefill_ms process=0 run=4 value=2533.0070 outlier=false
arm=a02_slice5 metric=prefill_ms process=0 run=5 value=2534.0250 outlier=false
arm=a02_slice5 metric=prefill_ms process=0 run=6 value=2536.9580 outlier=false
arm=a02_slice5 metric=prefill_ms process=0 run=7 value=2532.9420 outlier=false
arm=a02_slice5 metric=prefill_ms process=1 run=1 value=2536.0590 outlier=false
arm=a02_slice5 metric=prefill_ms process=1 run=2 value=2537.9650 outlier=false
arm=a02_slice5 metric=prefill_ms process=1 run=3 value=2539.9730 outlier=false
arm=a02_slice5 metric=prefill_ms process=1 run=4 value=2543.0230 outlier=false
arm=a02_slice5 metric=prefill_ms process=1 run=5 value=2533.0060 outlier=false
arm=a02_slice5 metric=prefill_ms process=1 run=6 value=2540.9780 outlier=false
arm=a02_slice5 metric=prefill_ms process=1 run=7 value=2534.9910 outlier=false
arm=a02_slice5 metric=prefill_ms process=2 run=1 value=2535.0170 outlier=false
arm=a02_slice5 metric=prefill_ms process=2 run=2 value=2533.0110 outlier=false
arm=a02_slice5 metric=prefill_ms process=2 run=3 value=2537.0090 outlier=false
arm=a02_slice5 metric=prefill_ms process=2 run=4 value=2536.9720 outlier=false
arm=a02_slice5 metric=prefill_ms process=2 run=5 value=2547.9750 outlier=false
arm=a02_slice5 metric=prefill_ms process=2 run=6 value=2545.0480 outlier=false
arm=a02_slice5 metric=prefill_ms process=2 run=7 value=2538.0160 outlier=false
summary arm=a02_slice5 metric=prefill_ms n_all=21 median_all=2536.9580 cov_all_pct=0.16 min_all=2532.9420 max_all=2547.9750 | n_kept=21 median_kept=2536.9580 mad_kept=2.9330 cov_kept_pct=0.16 min_kept=2532.9420 max_kept=2547.9750
arm=a02_slice5 metric=ttft_ms process=0 run=1 value=2536.0000 outlier=false
arm=a02_slice5 metric=ttft_ms process=0 run=2 value=2533.0000 outlier=false
arm=a02_slice5 metric=ttft_ms process=0 run=3 value=2537.0000 outlier=false
arm=a02_slice5 metric=ttft_ms process=0 run=4 value=2533.0000 outlier=false
arm=a02_slice5 metric=ttft_ms process=0 run=5 value=2534.0000 outlier=false
arm=a02_slice5 metric=ttft_ms process=0 run=6 value=2537.0000 outlier=false
arm=a02_slice5 metric=ttft_ms process=0 run=7 value=2533.0000 outlier=false
arm=a02_slice5 metric=ttft_ms process=1 run=1 value=2536.0000 outlier=false
arm=a02_slice5 metric=ttft_ms process=1 run=2 value=2538.0000 outlier=false
arm=a02_slice5 metric=ttft_ms process=1 run=3 value=2540.0000 outlier=false
arm=a02_slice5 metric=ttft_ms process=1 run=4 value=2543.0000 outlier=false
arm=a02_slice5 metric=ttft_ms process=1 run=5 value=2533.0000 outlier=false
arm=a02_slice5 metric=ttft_ms process=1 run=6 value=2541.0000 outlier=false
arm=a02_slice5 metric=ttft_ms process=1 run=7 value=2535.0000 outlier=false
arm=a02_slice5 metric=ttft_ms process=2 run=1 value=2535.0000 outlier=false
arm=a02_slice5 metric=ttft_ms process=2 run=2 value=2533.0000 outlier=false
arm=a02_slice5 metric=ttft_ms process=2 run=3 value=2537.0000 outlier=false
arm=a02_slice5 metric=ttft_ms process=2 run=4 value=2537.0000 outlier=false
arm=a02_slice5 metric=ttft_ms process=2 run=5 value=2548.0000 outlier=false
arm=a02_slice5 metric=ttft_ms process=2 run=6 value=2545.0000 outlier=false
arm=a02_slice5 metric=ttft_ms process=2 run=7 value=2538.0000 outlier=false
summary arm=a02_slice5 metric=ttft_ms n_all=21 median_all=2537.0000 cov_all_pct=0.16 min_all=2533.0000 max_all=2548.0000 | n_kept=21 median_kept=2537.0000 mad_kept=3.0000 cov_kept_pct=0.16 min_kept=2533.0000 max_kept=2548.0000
memory arm=a02_slice5 metric=peak_rss_bytes process=0 value=3910680576
memory arm=a02_slice5 metric=peak_rss_bytes process=1 value=3987931136
memory arm=a02_slice5 metric=peak_rss_bytes process=2 value=3960963072
summary arm=a02_slice5 metric=peak_rss_bytes n=3 median=3960963072 max=3987931136
memory arm=a02_slice5 metric=peak_footprint_bytes process=0 value=731507776
memory arm=a02_slice5 metric=peak_footprint_bytes process=1 value=713026816
memory arm=a02_slice5 metric=peak_footprint_bytes process=2 value=707341120
summary arm=a02_slice5 metric=peak_footprint_bytes n=3 median=713026816 max=731507776
memory arm=a02_slice5 metric=peak_gpu_bytes process=0 value=5609734144
memory arm=a02_slice5 metric=peak_gpu_bytes process=1 value=5609734144
memory arm=a02_slice5 metric=peak_gpu_bytes process=2 value=5609734144
summary arm=a02_slice5 metric=peak_gpu_bytes n=3 median=5609734144 max=5609734144
extra arm=a02_slice5 process=0 peers_present_at_exit=[]
extra arm=a02_slice5 process=1 peers_present_at_exit=[]
extra arm=a02_slice5 process=2 peers_present_at_exit=[]
arm=a03_slice6 metric=ms_per_token process=0 run=1 value=12.2960 outlier=false
arm=a03_slice6 metric=ms_per_token process=0 run=2 value=12.2170 outlier=false
arm=a03_slice6 metric=ms_per_token process=0 run=3 value=12.4630 outlier=true
arm=a03_slice6 metric=ms_per_token process=0 run=4 value=12.3590 outlier=false
arm=a03_slice6 metric=ms_per_token process=0 run=5 value=12.4650 outlier=true
arm=a03_slice6 metric=ms_per_token process=0 run=6 value=12.5140 outlier=true
arm=a03_slice6 metric=ms_per_token process=0 run=7 value=12.1070 outlier=false
arm=a03_slice6 metric=ms_per_token process=1 run=1 value=12.1760 outlier=false
arm=a03_slice6 metric=ms_per_token process=1 run=2 value=12.1040 outlier=false
arm=a03_slice6 metric=ms_per_token process=1 run=3 value=12.2020 outlier=false
arm=a03_slice6 metric=ms_per_token process=1 run=4 value=12.1550 outlier=false
arm=a03_slice6 metric=ms_per_token process=1 run=5 value=12.1900 outlier=false
arm=a03_slice6 metric=ms_per_token process=1 run=6 value=12.2180 outlier=false
arm=a03_slice6 metric=ms_per_token process=1 run=7 value=12.2830 outlier=false
arm=a03_slice6 metric=ms_per_token process=2 run=1 value=12.1330 outlier=false
arm=a03_slice6 metric=ms_per_token process=2 run=2 value=12.1810 outlier=false
arm=a03_slice6 metric=ms_per_token process=2 run=3 value=12.0630 outlier=false
arm=a03_slice6 metric=ms_per_token process=2 run=4 value=12.1800 outlier=false
arm=a03_slice6 metric=ms_per_token process=2 run=5 value=12.1590 outlier=false
arm=a03_slice6 metric=ms_per_token process=2 run=6 value=12.1070 outlier=false
arm=a03_slice6 metric=ms_per_token process=2 run=7 value=12.1640 outlier=false
summary arm=a03_slice6 metric=ms_per_token n_all=21 median_all=12.1810 cov_all_pct=1.01 min_all=12.0630 max_all=12.5140 | n_kept=18 median_kept=12.1780 mad_kept=0.0395 cov_kept_pct=0.59 min_kept=12.0630 max_kept=12.3590
arm=a03_slice6 metric=prefill_ms process=0 run=1 value=2530.9940 outlier=false
arm=a03_slice6 metric=prefill_ms process=0 run=2 value=2539.0590 outlier=false
arm=a03_slice6 metric=prefill_ms process=0 run=3 value=2525.9690 outlier=false
arm=a03_slice6 metric=prefill_ms process=0 run=4 value=2540.9920 outlier=false
arm=a03_slice6 metric=prefill_ms process=0 run=5 value=2533.9440 outlier=false
arm=a03_slice6 metric=prefill_ms process=0 run=6 value=2540.9560 outlier=false
arm=a03_slice6 metric=prefill_ms process=0 run=7 value=2529.0600 outlier=false
arm=a03_slice6 metric=prefill_ms process=1 run=1 value=2545.9960 outlier=false
arm=a03_slice6 metric=prefill_ms process=1 run=2 value=2536.9580 outlier=false
arm=a03_slice6 metric=prefill_ms process=1 run=3 value=2545.9590 outlier=false
arm=a03_slice6 metric=prefill_ms process=1 run=4 value=2540.0080 outlier=false
arm=a03_slice6 metric=prefill_ms process=1 run=5 value=2544.0520 outlier=false
arm=a03_slice6 metric=prefill_ms process=1 run=6 value=2537.9700 outlier=false
arm=a03_slice6 metric=prefill_ms process=1 run=7 value=2546.0580 outlier=false
arm=a03_slice6 metric=prefill_ms process=2 run=1 value=2541.9990 outlier=false
arm=a03_slice6 metric=prefill_ms process=2 run=2 value=2536.9600 outlier=false
arm=a03_slice6 metric=prefill_ms process=2 run=3 value=2534.9610 outlier=false
arm=a03_slice6 metric=prefill_ms process=2 run=4 value=2542.9730 outlier=false
arm=a03_slice6 metric=prefill_ms process=2 run=5 value=2536.9630 outlier=false
arm=a03_slice6 metric=prefill_ms process=2 run=6 value=2543.9540 outlier=false
arm=a03_slice6 metric=prefill_ms process=2 run=7 value=2537.9980 outlier=false
summary arm=a03_slice6 metric=prefill_ms n_all=21 median_all=2539.0590 cov_all_pct=0.21 min_all=2525.9690 max_all=2546.0580 | n_kept=21 median_kept=2539.0590 mad_kept=3.9140 cov_kept_pct=0.21 min_kept=2525.9690 max_kept=2546.0580
arm=a03_slice6 metric=ttft_ms process=0 run=1 value=2531.0000 outlier=false
arm=a03_slice6 metric=ttft_ms process=0 run=2 value=2539.0000 outlier=false
arm=a03_slice6 metric=ttft_ms process=0 run=3 value=2526.0000 outlier=false
arm=a03_slice6 metric=ttft_ms process=0 run=4 value=2541.0000 outlier=false
arm=a03_slice6 metric=ttft_ms process=0 run=5 value=2534.0000 outlier=false
arm=a03_slice6 metric=ttft_ms process=0 run=6 value=2541.0000 outlier=false
arm=a03_slice6 metric=ttft_ms process=0 run=7 value=2529.0000 outlier=false
arm=a03_slice6 metric=ttft_ms process=1 run=1 value=2546.0000 outlier=false
arm=a03_slice6 metric=ttft_ms process=1 run=2 value=2537.0000 outlier=false
arm=a03_slice6 metric=ttft_ms process=1 run=3 value=2546.0000 outlier=false
arm=a03_slice6 metric=ttft_ms process=1 run=4 value=2540.0000 outlier=false
arm=a03_slice6 metric=ttft_ms process=1 run=5 value=2544.0000 outlier=false
arm=a03_slice6 metric=ttft_ms process=1 run=6 value=2538.0000 outlier=false
arm=a03_slice6 metric=ttft_ms process=1 run=7 value=2546.0000 outlier=false
arm=a03_slice6 metric=ttft_ms process=2 run=1 value=2542.0000 outlier=false
arm=a03_slice6 metric=ttft_ms process=2 run=2 value=2537.0000 outlier=false
arm=a03_slice6 metric=ttft_ms process=2 run=3 value=2535.0000 outlier=false
arm=a03_slice6 metric=ttft_ms process=2 run=4 value=2543.0000 outlier=false
arm=a03_slice6 metric=ttft_ms process=2 run=5 value=2537.0000 outlier=false
arm=a03_slice6 metric=ttft_ms process=2 run=6 value=2544.0000 outlier=false
arm=a03_slice6 metric=ttft_ms process=2 run=7 value=2538.0000 outlier=false
summary arm=a03_slice6 metric=ttft_ms n_all=21 median_all=2539.0000 cov_all_pct=0.21 min_all=2526.0000 max_all=2546.0000 | n_kept=21 median_kept=2539.0000 mad_kept=4.0000 cov_kept_pct=0.21 min_kept=2526.0000 max_kept=2546.0000
memory arm=a03_slice6 metric=peak_rss_bytes process=0 value=3999432704
memory arm=a03_slice6 metric=peak_rss_bytes process=1 value=3979116544
memory arm=a03_slice6 metric=peak_rss_bytes process=2 value=3996581888
summary arm=a03_slice6 metric=peak_rss_bytes n=3 median=3996581888 max=3999432704
memory arm=a03_slice6 metric=peak_footprint_bytes process=0 value=730328192
memory arm=a03_slice6 metric=peak_footprint_bytes process=1 value=727198528
memory arm=a03_slice6 metric=peak_footprint_bytes process=2 value=724822656
summary arm=a03_slice6 metric=peak_footprint_bytes n=3 median=727198528 max=730328192
memory arm=a03_slice6 metric=peak_gpu_bytes process=0 value=5609734144
memory arm=a03_slice6 metric=peak_gpu_bytes process=1 value=5609734144
memory arm=a03_slice6 metric=peak_gpu_bytes process=2 value=5609734144
summary arm=a03_slice6 metric=peak_gpu_bytes n=3 median=5609734144 max=5609734144
extra arm=a03_slice6 process=0 peers_present_at_exit=[]
extra arm=a03_slice6 process=1 peers_present_at_exit=[]
extra arm=a03_slice6 process=2 peers_present_at_exit=[]
arm=a04_slice7 metric=ms_per_token process=0 run=1 value=12.0480 outlier=false
arm=a04_slice7 metric=ms_per_token process=0 run=2 value=12.2320 outlier=false
arm=a04_slice7 metric=ms_per_token process=0 run=3 value=12.1050 outlier=false
arm=a04_slice7 metric=ms_per_token process=0 run=4 value=12.2530 outlier=false
arm=a04_slice7 metric=ms_per_token process=0 run=5 value=12.1560 outlier=false
arm=a04_slice7 metric=ms_per_token process=0 run=6 value=12.2770 outlier=false
arm=a04_slice7 metric=ms_per_token process=0 run=7 value=12.4760 outlier=true
arm=a04_slice7 metric=ms_per_token process=1 run=1 value=12.1170 outlier=false
arm=a04_slice7 metric=ms_per_token process=1 run=2 value=12.1360 outlier=false
arm=a04_slice7 metric=ms_per_token process=1 run=3 value=12.1100 outlier=false
arm=a04_slice7 metric=ms_per_token process=1 run=4 value=12.1050 outlier=false
arm=a04_slice7 metric=ms_per_token process=1 run=5 value=12.2190 outlier=false
arm=a04_slice7 metric=ms_per_token process=1 run=6 value=12.1870 outlier=false
arm=a04_slice7 metric=ms_per_token process=1 run=7 value=12.1440 outlier=false
arm=a04_slice7 metric=ms_per_token process=2 run=1 value=12.1850 outlier=false
arm=a04_slice7 metric=ms_per_token process=2 run=2 value=12.1500 outlier=false
arm=a04_slice7 metric=ms_per_token process=2 run=3 value=12.1050 outlier=false
arm=a04_slice7 metric=ms_per_token process=2 run=4 value=12.1430 outlier=false
arm=a04_slice7 metric=ms_per_token process=2 run=5 value=12.1750 outlier=false
arm=a04_slice7 metric=ms_per_token process=2 run=6 value=12.1280 outlier=false
arm=a04_slice7 metric=ms_per_token process=2 run=7 value=12.1470 outlier=false
summary arm=a04_slice7 metric=ms_per_token n_all=21 median_all=12.1470 cov_all_pct=0.71 min_all=12.0480 max_all=12.4760 | n_kept=20 median_kept=12.1455 mad_kept=0.0375 cov_kept_pct=0.45 min_kept=12.0480 max_kept=12.2770
arm=a04_slice7 metric=prefill_ms process=0 run=1 value=2532.0310 outlier=false
arm=a04_slice7 metric=prefill_ms process=0 run=2 value=2535.9890 outlier=false
arm=a04_slice7 metric=prefill_ms process=0 run=3 value=2533.9700 outlier=false
arm=a04_slice7 metric=prefill_ms process=0 run=4 value=2539.9630 outlier=false
arm=a04_slice7 metric=prefill_ms process=0 run=5 value=2530.9570 outlier=false
arm=a04_slice7 metric=prefill_ms process=0 run=6 value=2531.9650 outlier=false
arm=a04_slice7 metric=prefill_ms process=0 run=7 value=2534.0240 outlier=false
arm=a04_slice7 metric=prefill_ms process=1 run=1 value=2545.0540 outlier=false
arm=a04_slice7 metric=prefill_ms process=1 run=2 value=2536.9910 outlier=false
arm=a04_slice7 metric=prefill_ms process=1 run=3 value=2539.9520 outlier=false
arm=a04_slice7 metric=prefill_ms process=1 run=4 value=2532.0080 outlier=false
arm=a04_slice7 metric=prefill_ms process=1 run=5 value=2540.0220 outlier=false
arm=a04_slice7 metric=prefill_ms process=1 run=6 value=2542.0530 outlier=false
arm=a04_slice7 metric=prefill_ms process=1 run=7 value=2537.9440 outlier=false
arm=a04_slice7 metric=prefill_ms process=2 run=1 value=2545.9640 outlier=false
arm=a04_slice7 metric=prefill_ms process=2 run=2 value=2535.0100 outlier=false
arm=a04_slice7 metric=prefill_ms process=2 run=3 value=2537.0400 outlier=false
arm=a04_slice7 metric=prefill_ms process=2 run=4 value=2535.0420 outlier=false
arm=a04_slice7 metric=prefill_ms process=2 run=5 value=2543.0190 outlier=false
arm=a04_slice7 metric=prefill_ms process=2 run=6 value=2540.0050 outlier=false
arm=a04_slice7 metric=prefill_ms process=2 run=7 value=2536.0090 outlier=false
summary arm=a04_slice7 metric=prefill_ms n_all=21 median_all=2536.9910 cov_all_pct=0.17 min_all=2530.9570 max_all=2545.9640 | n_kept=21 median_kept=2536.9910 mad_kept=3.0140 cov_kept_pct=0.17 min_kept=2530.9570 max_kept=2545.9640
arm=a04_slice7 metric=ttft_ms process=0 run=1 value=2532.0000 outlier=false
arm=a04_slice7 metric=ttft_ms process=0 run=2 value=2536.0000 outlier=false
arm=a04_slice7 metric=ttft_ms process=0 run=3 value=2534.0000 outlier=false
arm=a04_slice7 metric=ttft_ms process=0 run=4 value=2540.0000 outlier=false
arm=a04_slice7 metric=ttft_ms process=0 run=5 value=2531.0000 outlier=false
arm=a04_slice7 metric=ttft_ms process=0 run=6 value=2532.0000 outlier=false
arm=a04_slice7 metric=ttft_ms process=0 run=7 value=2534.0000 outlier=false
arm=a04_slice7 metric=ttft_ms process=1 run=1 value=2545.0000 outlier=false
arm=a04_slice7 metric=ttft_ms process=1 run=2 value=2537.0000 outlier=false
arm=a04_slice7 metric=ttft_ms process=1 run=3 value=2540.0000 outlier=false
arm=a04_slice7 metric=ttft_ms process=1 run=4 value=2532.0000 outlier=false
arm=a04_slice7 metric=ttft_ms process=1 run=5 value=2540.0000 outlier=false
arm=a04_slice7 metric=ttft_ms process=1 run=6 value=2542.0000 outlier=false
arm=a04_slice7 metric=ttft_ms process=1 run=7 value=2538.0000 outlier=false
arm=a04_slice7 metric=ttft_ms process=2 run=1 value=2546.0000 outlier=false
arm=a04_slice7 metric=ttft_ms process=2 run=2 value=2535.0000 outlier=false
arm=a04_slice7 metric=ttft_ms process=2 run=3 value=2537.0000 outlier=false
arm=a04_slice7 metric=ttft_ms process=2 run=4 value=2535.0000 outlier=false
arm=a04_slice7 metric=ttft_ms process=2 run=5 value=2543.0000 outlier=false
arm=a04_slice7 metric=ttft_ms process=2 run=6 value=2540.0000 outlier=false
arm=a04_slice7 metric=ttft_ms process=2 run=7 value=2536.0000 outlier=false
summary arm=a04_slice7 metric=ttft_ms n_all=21 median_all=2537.0000 cov_all_pct=0.17 min_all=2531.0000 max_all=2546.0000 | n_kept=21 median_kept=2537.0000 mad_kept=3.0000 cov_kept_pct=0.17 min_kept=2531.0000 max_kept=2546.0000
memory arm=a04_slice7 metric=peak_rss_bytes process=0 value=3983409152
memory arm=a04_slice7 metric=peak_rss_bytes process=1 value=3963944960
memory arm=a04_slice7 metric=peak_rss_bytes process=2 value=3922001920
summary arm=a04_slice7 metric=peak_rss_bytes n=3 median=3963944960 max=3983409152
memory arm=a04_slice7 metric=peak_footprint_bytes process=0 value=733457216
memory arm=a04_slice7 metric=peak_footprint_bytes process=1 value=718678976
memory arm=a04_slice7 metric=peak_footprint_bytes process=2 value=717712256
summary arm=a04_slice7 metric=peak_footprint_bytes n=3 median=718678976 max=733457216
memory arm=a04_slice7 metric=peak_gpu_bytes process=0 value=5609734144
memory arm=a04_slice7 metric=peak_gpu_bytes process=1 value=5609734144
memory arm=a04_slice7 metric=peak_gpu_bytes process=2 value=5609734144
summary arm=a04_slice7 metric=peak_gpu_bytes n=3 median=5609734144 max=5609734144
extra arm=a04_slice7 process=0 peers_present_at_exit=[]
extra arm=a04_slice7 process=1 peers_present_at_exit=[]
extra arm=a04_slice7 process=2 peers_present_at_exit=[]
arm=a05_slice8 metric=ms_per_token process=0 run=1 value=12.1420 outlier=false
arm=a05_slice8 metric=ms_per_token process=0 run=2 value=12.4440 outlier=true
arm=a05_slice8 metric=ms_per_token process=0 run=3 value=12.6660 outlier=true
arm=a05_slice8 metric=ms_per_token process=0 run=4 value=12.4080 outlier=true
arm=a05_slice8 metric=ms_per_token process=0 run=5 value=12.3840 outlier=false
arm=a05_slice8 metric=ms_per_token process=0 run=6 value=12.2950 outlier=false
arm=a05_slice8 metric=ms_per_token process=0 run=7 value=12.3600 outlier=false
arm=a05_slice8 metric=ms_per_token process=1 run=1 value=12.1660 outlier=false
arm=a05_slice8 metric=ms_per_token process=1 run=2 value=12.1390 outlier=false
arm=a05_slice8 metric=ms_per_token process=1 run=3 value=12.1660 outlier=false
arm=a05_slice8 metric=ms_per_token process=1 run=4 value=12.1500 outlier=false
arm=a05_slice8 metric=ms_per_token process=1 run=5 value=12.0710 outlier=false
arm=a05_slice8 metric=ms_per_token process=1 run=6 value=12.1440 outlier=false
arm=a05_slice8 metric=ms_per_token process=1 run=7 value=12.2120 outlier=false
arm=a05_slice8 metric=ms_per_token process=2 run=1 value=12.1810 outlier=false
arm=a05_slice8 metric=ms_per_token process=2 run=2 value=12.1530 outlier=false
arm=a05_slice8 metric=ms_per_token process=2 run=3 value=12.1890 outlier=false
arm=a05_slice8 metric=ms_per_token process=2 run=4 value=12.2780 outlier=false
arm=a05_slice8 metric=ms_per_token process=2 run=5 value=12.1920 outlier=false
arm=a05_slice8 metric=ms_per_token process=2 run=6 value=12.1660 outlier=false
arm=a05_slice8 metric=ms_per_token process=2 run=7 value=12.3640 outlier=false
summary arm=a05_slice8 metric=ms_per_token n_all=21 median_all=12.1890 cov_all_pct=1.13 min_all=12.0710 max_all=12.6660 | n_kept=18 median_kept=12.1735 mad_kept=0.0305 cov_kept_pct=0.71 min_kept=12.0710 max_kept=12.3840
arm=a05_slice8 metric=prefill_ms process=0 run=1 value=2536.9680 outlier=false
arm=a05_slice8 metric=prefill_ms process=0 run=2 value=2533.0210 outlier=false
arm=a05_slice8 metric=prefill_ms process=0 run=3 value=2537.0130 outlier=false
arm=a05_slice8 metric=prefill_ms process=0 run=4 value=2548.0070 outlier=false
arm=a05_slice8 metric=prefill_ms process=0 run=5 value=2542.0380 outlier=false
arm=a05_slice8 metric=prefill_ms process=0 run=6 value=2534.9950 outlier=false
arm=a05_slice8 metric=prefill_ms process=0 run=7 value=2533.9790 outlier=false
arm=a05_slice8 metric=prefill_ms process=1 run=1 value=2541.0290 outlier=false
arm=a05_slice8 metric=prefill_ms process=1 run=2 value=2539.0440 outlier=false
arm=a05_slice8 metric=prefill_ms process=1 run=3 value=2542.9400 outlier=false
arm=a05_slice8 metric=prefill_ms process=1 run=4 value=2539.0510 outlier=false
arm=a05_slice8 metric=prefill_ms process=1 run=5 value=2544.0320 outlier=false
arm=a05_slice8 metric=prefill_ms process=1 run=6 value=2537.0010 outlier=false
arm=a05_slice8 metric=prefill_ms process=1 run=7 value=2544.0320 outlier=false
arm=a05_slice8 metric=prefill_ms process=2 run=1 value=2544.0270 outlier=false
arm=a05_slice8 metric=prefill_ms process=2 run=2 value=2535.0120 outlier=false
arm=a05_slice8 metric=prefill_ms process=2 run=3 value=2542.9670 outlier=false
arm=a05_slice8 metric=prefill_ms process=2 run=4 value=2543.0160 outlier=false
arm=a05_slice8 metric=prefill_ms process=2 run=5 value=2538.9470 outlier=false
arm=a05_slice8 metric=prefill_ms process=2 run=6 value=2544.9720 outlier=false
arm=a05_slice8 metric=prefill_ms process=2 run=7 value=2538.9800 outlier=false
summary arm=a05_slice8 metric=prefill_ms n_all=21 median_all=2539.0510 cov_all_pct=0.16 min_all=2533.0210 max_all=2548.0070 | n_kept=21 median_kept=2539.0510 mad_kept=3.9160 cov_kept_pct=0.16 min_kept=2533.0210 max_kept=2548.0070
arm=a05_slice8 metric=ttft_ms process=0 run=1 value=2537.0000 outlier=false
arm=a05_slice8 metric=ttft_ms process=0 run=2 value=2533.0000 outlier=false
arm=a05_slice8 metric=ttft_ms process=0 run=3 value=2537.0000 outlier=false
arm=a05_slice8 metric=ttft_ms process=0 run=4 value=2548.0000 outlier=false
arm=a05_slice8 metric=ttft_ms process=0 run=5 value=2542.0000 outlier=false
arm=a05_slice8 metric=ttft_ms process=0 run=6 value=2535.0000 outlier=false
arm=a05_slice8 metric=ttft_ms process=0 run=7 value=2534.0000 outlier=false
arm=a05_slice8 metric=ttft_ms process=1 run=1 value=2541.0000 outlier=false
arm=a05_slice8 metric=ttft_ms process=1 run=2 value=2539.0000 outlier=false
arm=a05_slice8 metric=ttft_ms process=1 run=3 value=2543.0000 outlier=false
arm=a05_slice8 metric=ttft_ms process=1 run=4 value=2539.0000 outlier=false
arm=a05_slice8 metric=ttft_ms process=1 run=5 value=2544.0000 outlier=false
arm=a05_slice8 metric=ttft_ms process=1 run=6 value=2537.0000 outlier=false
arm=a05_slice8 metric=ttft_ms process=1 run=7 value=2544.0000 outlier=false
arm=a05_slice8 metric=ttft_ms process=2 run=1 value=2544.0000 outlier=false
arm=a05_slice8 metric=ttft_ms process=2 run=2 value=2535.0000 outlier=false
arm=a05_slice8 metric=ttft_ms process=2 run=3 value=2543.0000 outlier=false
arm=a05_slice8 metric=ttft_ms process=2 run=4 value=2543.0000 outlier=false
arm=a05_slice8 metric=ttft_ms process=2 run=5 value=2539.0000 outlier=false
arm=a05_slice8 metric=ttft_ms process=2 run=6 value=2545.0000 outlier=false
arm=a05_slice8 metric=ttft_ms process=2 run=7 value=2539.0000 outlier=false
summary arm=a05_slice8 metric=ttft_ms n_all=21 median_all=2539.0000 cov_all_pct=0.16 min_all=2533.0000 max_all=2548.0000 | n_kept=21 median_kept=2539.0000 mad_kept=4.0000 cov_kept_pct=0.16 min_kept=2533.0000 max_kept=2548.0000
memory arm=a05_slice8 metric=peak_rss_bytes process=0 value=3928014848
memory arm=a05_slice8 metric=peak_rss_bytes process=1 value=3926786048
memory arm=a05_slice8 metric=peak_rss_bytes process=2 value=4009869312
summary arm=a05_slice8 metric=peak_rss_bytes n=3 median=3928014848 max=4009869312
memory arm=a05_slice8 metric=peak_footprint_bytes process=0 value=701279104
memory arm=a05_slice8 metric=peak_footprint_bytes process=1 value=718105600
memory arm=a05_slice8 metric=peak_footprint_bytes process=2 value=715172928
summary arm=a05_slice8 metric=peak_footprint_bytes n=3 median=715172928 max=718105600
memory arm=a05_slice8 metric=peak_gpu_bytes process=0 value=5608554496
memory arm=a05_slice8 metric=peak_gpu_bytes process=1 value=5608554496
memory arm=a05_slice8 metric=peak_gpu_bytes process=2 value=5608554496
summary arm=a05_slice8 metric=peak_gpu_bytes n=3 median=5608554496 max=5608554496
extra arm=a05_slice8 process=0 peers_present_at_exit=[]
extra arm=a05_slice8 process=1 peers_present_at_exit=[]
extra arm=a05_slice8 process=2 peers_present_at_exit=[]
arm=a06_slice9 metric=ms_per_token process=0 run=1 value=12.1660 outlier=false
arm=a06_slice9 metric=ms_per_token process=0 run=2 value=12.3850 outlier=false
arm=a06_slice9 metric=ms_per_token process=0 run=3 value=12.3870 outlier=false
arm=a06_slice9 metric=ms_per_token process=0 run=4 value=12.4810 outlier=false
arm=a06_slice9 metric=ms_per_token process=0 run=5 value=12.2540 outlier=false
arm=a06_slice9 metric=ms_per_token process=0 run=6 value=12.4170 outlier=false
arm=a06_slice9 metric=ms_per_token process=0 run=7 value=12.4140 outlier=false
arm=a06_slice9 metric=ms_per_token process=1 run=1 value=12.0690 outlier=false
arm=a06_slice9 metric=ms_per_token process=1 run=2 value=12.0640 outlier=false
arm=a06_slice9 metric=ms_per_token process=1 run=3 value=12.0750 outlier=false
arm=a06_slice9 metric=ms_per_token process=1 run=4 value=12.1630 outlier=false
arm=a06_slice9 metric=ms_per_token process=1 run=5 value=12.1570 outlier=false
arm=a06_slice9 metric=ms_per_token process=1 run=6 value=12.1810 outlier=false
arm=a06_slice9 metric=ms_per_token process=1 run=7 value=12.0110 outlier=false
arm=a06_slice9 metric=ms_per_token process=2 run=1 value=12.1170 outlier=false
arm=a06_slice9 metric=ms_per_token process=2 run=2 value=12.1140 outlier=false
arm=a06_slice9 metric=ms_per_token process=2 run=3 value=12.0430 outlier=false
arm=a06_slice9 metric=ms_per_token process=2 run=4 value=12.1790 outlier=false
arm=a06_slice9 metric=ms_per_token process=2 run=5 value=12.1880 outlier=false
arm=a06_slice9 metric=ms_per_token process=2 run=6 value=12.1720 outlier=false
arm=a06_slice9 metric=ms_per_token process=2 run=7 value=12.1570 outlier=false
summary arm=a06_slice9 metric=ms_per_token n_all=21 median_all=12.1660 cov_all_pct=1.10 min_all=12.0110 max_all=12.4810 | n_kept=21 median_kept=12.1660 mad_kept=0.0880 cov_kept_pct=1.10 min_kept=12.0110 max_kept=12.4810
arm=a06_slice9 metric=prefill_ms process=0 run=1 value=2534.9760 outlier=false
arm=a06_slice9 metric=prefill_ms process=0 run=2 value=2534.9940 outlier=false
arm=a06_slice9 metric=prefill_ms process=0 run=3 value=2537.9480 outlier=false
arm=a06_slice9 metric=prefill_ms process=0 run=4 value=2541.0080 outlier=false
arm=a06_slice9 metric=prefill_ms process=0 run=5 value=2538.0080 outlier=false
arm=a06_slice9 metric=prefill_ms process=0 run=6 value=2530.9740 outlier=false
arm=a06_slice9 metric=prefill_ms process=0 run=7 value=2542.9950 outlier=false
arm=a06_slice9 metric=prefill_ms process=1 run=1 value=2540.0410 outlier=false
arm=a06_slice9 metric=prefill_ms process=1 run=2 value=2542.0040 outlier=false
arm=a06_slice9 metric=prefill_ms process=1 run=3 value=2547.9440 outlier=false
arm=a06_slice9 metric=prefill_ms process=1 run=4 value=2536.9510 outlier=false
arm=a06_slice9 metric=prefill_ms process=1 run=5 value=2538.0280 outlier=false
arm=a06_slice9 metric=prefill_ms process=1 run=6 value=2538.0070 outlier=false
arm=a06_slice9 metric=prefill_ms process=1 run=7 value=2543.9930 outlier=false
arm=a06_slice9 metric=prefill_ms process=2 run=1 value=2545.9890 outlier=false
arm=a06_slice9 metric=prefill_ms process=2 run=2 value=2548.0090 outlier=false
arm=a06_slice9 metric=prefill_ms process=2 run=3 value=2544.0390 outlier=false
arm=a06_slice9 metric=prefill_ms process=2 run=4 value=2542.0320 outlier=false
arm=a06_slice9 metric=prefill_ms process=2 run=5 value=2539.9870 outlier=false
arm=a06_slice9 metric=prefill_ms process=2 run=6 value=2540.0220 outlier=false
arm=a06_slice9 metric=prefill_ms process=2 run=7 value=2542.9370 outlier=false
summary arm=a06_slice9 metric=prefill_ms n_all=21 median_all=2540.0410 cov_all_pct=0.17 min_all=2530.9740 max_all=2548.0090 | n_kept=21 median_kept=2540.0410 mad_kept=2.8960 cov_kept_pct=0.17 min_kept=2530.9740 max_kept=2548.0090
arm=a06_slice9 metric=ttft_ms process=0 run=1 value=2535.0000 outlier=false
arm=a06_slice9 metric=ttft_ms process=0 run=2 value=2535.0000 outlier=false
arm=a06_slice9 metric=ttft_ms process=0 run=3 value=2538.0000 outlier=false
arm=a06_slice9 metric=ttft_ms process=0 run=4 value=2541.0000 outlier=false
arm=a06_slice9 metric=ttft_ms process=0 run=5 value=2538.0000 outlier=false
arm=a06_slice9 metric=ttft_ms process=0 run=6 value=2531.0000 outlier=false
arm=a06_slice9 metric=ttft_ms process=0 run=7 value=2543.0000 outlier=false
arm=a06_slice9 metric=ttft_ms process=1 run=1 value=2540.0000 outlier=false
arm=a06_slice9 metric=ttft_ms process=1 run=2 value=2542.0000 outlier=false
arm=a06_slice9 metric=ttft_ms process=1 run=3 value=2548.0000 outlier=false
arm=a06_slice9 metric=ttft_ms process=1 run=4 value=2537.0000 outlier=false
arm=a06_slice9 metric=ttft_ms process=1 run=5 value=2538.0000 outlier=false
arm=a06_slice9 metric=ttft_ms process=1 run=6 value=2538.0000 outlier=false
arm=a06_slice9 metric=ttft_ms process=1 run=7 value=2544.0000 outlier=false
arm=a06_slice9 metric=ttft_ms process=2 run=1 value=2546.0000 outlier=false
arm=a06_slice9 metric=ttft_ms process=2 run=2 value=2548.0000 outlier=false
arm=a06_slice9 metric=ttft_ms process=2 run=3 value=2544.0000 outlier=false
arm=a06_slice9 metric=ttft_ms process=2 run=4 value=2542.0000 outlier=false
arm=a06_slice9 metric=ttft_ms process=2 run=5 value=2540.0000 outlier=false
arm=a06_slice9 metric=ttft_ms process=2 run=6 value=2540.0000 outlier=false
arm=a06_slice9 metric=ttft_ms process=2 run=7 value=2543.0000 outlier=false
summary arm=a06_slice9 metric=ttft_ms n_all=21 median_all=2540.0000 cov_all_pct=0.17 min_all=2531.0000 max_all=2548.0000 | n_kept=21 median_kept=2540.0000 mad_kept=3.0000 cov_kept_pct=0.17 min_kept=2531.0000 max_kept=2548.0000
memory arm=a06_slice9 metric=peak_rss_bytes process=0 value=3968892928
memory arm=a06_slice9 metric=peak_rss_bytes process=1 value=3979837440
memory arm=a06_slice9 metric=peak_rss_bytes process=2 value=4003938304
summary arm=a06_slice9 metric=peak_rss_bytes n=3 median=3979837440 max=4003938304
memory arm=a06_slice9 metric=peak_footprint_bytes process=0 value=730082368
memory arm=a06_slice9 metric=peak_footprint_bytes process=1 value=717122688
memory arm=a06_slice9 metric=peak_footprint_bytes process=2 value=717368384
summary arm=a06_slice9 metric=peak_footprint_bytes n=3 median=717368384 max=730082368
memory arm=a06_slice9 metric=peak_gpu_bytes process=0 value=5608554496
memory arm=a06_slice9 metric=peak_gpu_bytes process=1 value=5608554496
memory arm=a06_slice9 metric=peak_gpu_bytes process=2 value=5608554496
summary arm=a06_slice9 metric=peak_gpu_bytes n=3 median=5608554496 max=5608554496
extra arm=a06_slice9 process=0 peers_present_at_exit=[]
extra arm=a06_slice9 process=1 peers_present_at_exit=[]
extra arm=a06_slice9 process=2 peers_present_at_exit=[]
arm=a07_slice10b metric=ms_per_token process=0 run=1 value=12.3740 outlier=false
arm=a07_slice10b metric=ms_per_token process=0 run=2 value=12.5670 outlier=true
arm=a07_slice10b metric=ms_per_token process=0 run=3 value=12.3770 outlier=false
arm=a07_slice10b metric=ms_per_token process=0 run=4 value=12.4650 outlier=false
arm=a07_slice10b metric=ms_per_token process=0 run=5 value=12.3930 outlier=false
arm=a07_slice10b metric=ms_per_token process=0 run=6 value=12.3500 outlier=false
arm=a07_slice10b metric=ms_per_token process=0 run=7 value=12.1740 outlier=false
arm=a07_slice10b metric=ms_per_token process=1 run=1 value=12.1280 outlier=false
arm=a07_slice10b metric=ms_per_token process=1 run=2 value=12.2560 outlier=false
arm=a07_slice10b metric=ms_per_token process=1 run=3 value=12.0260 outlier=false
arm=a07_slice10b metric=ms_per_token process=1 run=4 value=12.1570 outlier=false
arm=a07_slice10b metric=ms_per_token process=1 run=5 value=12.1800 outlier=false
arm=a07_slice10b metric=ms_per_token process=1 run=6 value=12.1600 outlier=false
arm=a07_slice10b metric=ms_per_token process=1 run=7 value=12.1660 outlier=false
arm=a07_slice10b metric=ms_per_token process=2 run=1 value=12.1030 outlier=false
arm=a07_slice10b metric=ms_per_token process=2 run=2 value=12.1530 outlier=false
arm=a07_slice10b metric=ms_per_token process=2 run=3 value=12.1410 outlier=false
arm=a07_slice10b metric=ms_per_token process=2 run=4 value=12.0570 outlier=false
arm=a07_slice10b metric=ms_per_token process=2 run=5 value=12.1860 outlier=false
arm=a07_slice10b metric=ms_per_token process=2 run=6 value=12.1380 outlier=false
arm=a07_slice10b metric=ms_per_token process=2 run=7 value=12.2670 outlier=false
summary arm=a07_slice10b metric=ms_per_token n_all=21 median_all=12.1740 cov_all_pct=1.12 min_all=12.0260 max_all=12.5670 | n_kept=20 median_kept=12.1700 mad_kept=0.0545 cov_kept_pct=0.96 min_kept=12.0260 max_kept=12.4650
arm=a07_slice10b metric=prefill_ms process=0 run=1 value=2530.0540 outlier=false
arm=a07_slice10b metric=prefill_ms process=0 run=2 value=2541.9600 outlier=false
arm=a07_slice10b metric=prefill_ms process=0 run=3 value=2536.9980 outlier=false
arm=a07_slice10b metric=prefill_ms process=0 run=4 value=2539.9910 outlier=false
arm=a07_slice10b metric=prefill_ms process=0 run=5 value=2537.0330 outlier=false
arm=a07_slice10b metric=prefill_ms process=0 run=6 value=2527.0150 outlier=true
arm=a07_slice10b metric=prefill_ms process=0 run=7 value=2538.0390 outlier=false
arm=a07_slice10b metric=prefill_ms process=1 run=1 value=2548.0120 outlier=true
arm=a07_slice10b metric=prefill_ms process=1 run=2 value=2538.0090 outlier=false
arm=a07_slice10b metric=prefill_ms process=1 run=3 value=2540.9420 outlier=false
arm=a07_slice10b metric=prefill_ms process=1 run=4 value=2538.0170 outlier=false
arm=a07_slice10b metric=prefill_ms process=1 run=5 value=2538.0600 outlier=false
arm=a07_slice10b metric=prefill_ms process=1 run=6 value=2540.0000 outlier=false
arm=a07_slice10b metric=prefill_ms process=1 run=7 value=2541.0340 outlier=false
arm=a07_slice10b metric=prefill_ms process=2 run=1 value=2542.0010 outlier=false
arm=a07_slice10b metric=prefill_ms process=2 run=2 value=2542.0170 outlier=false
arm=a07_slice10b metric=prefill_ms process=2 run=3 value=2533.0330 outlier=false
arm=a07_slice10b metric=prefill_ms process=2 run=4 value=2539.9500 outlier=false
arm=a07_slice10b metric=prefill_ms process=2 run=5 value=2548.9590 outlier=true
arm=a07_slice10b metric=prefill_ms process=2 run=6 value=2535.9540 outlier=false
arm=a07_slice10b metric=prefill_ms process=2 run=7 value=2536.0520 outlier=false
summary arm=a07_slice10b metric=prefill_ms n_all=21 median_all=2538.0600 cov_all_pct=0.19 min_all=2527.0150 max_all=2548.9590 | n_kept=18 median_kept=2538.0495 mad_kept=1.9740 cov_kept_pct=0.12 min_kept=2530.0540 max_kept=2542.0170
arm=a07_slice10b metric=ttft_ms process=0 run=1 value=2530.0000 outlier=false
arm=a07_slice10b metric=ttft_ms process=0 run=2 value=2542.0000 outlier=false
arm=a07_slice10b metric=ttft_ms process=0 run=3 value=2537.0000 outlier=false
arm=a07_slice10b metric=ttft_ms process=0 run=4 value=2540.0000 outlier=false
arm=a07_slice10b metric=ttft_ms process=0 run=5 value=2537.0000 outlier=false
arm=a07_slice10b metric=ttft_ms process=0 run=6 value=2527.0000 outlier=true
arm=a07_slice10b metric=ttft_ms process=0 run=7 value=2538.0000 outlier=false
arm=a07_slice10b metric=ttft_ms process=1 run=1 value=2548.0000 outlier=true
arm=a07_slice10b metric=ttft_ms process=1 run=2 value=2538.0000 outlier=false
arm=a07_slice10b metric=ttft_ms process=1 run=3 value=2541.0000 outlier=false
arm=a07_slice10b metric=ttft_ms process=1 run=4 value=2538.0000 outlier=false
arm=a07_slice10b metric=ttft_ms process=1 run=5 value=2538.0000 outlier=false
arm=a07_slice10b metric=ttft_ms process=1 run=6 value=2540.0000 outlier=false
arm=a07_slice10b metric=ttft_ms process=1 run=7 value=2541.0000 outlier=false
arm=a07_slice10b metric=ttft_ms process=2 run=1 value=2542.0000 outlier=false
arm=a07_slice10b metric=ttft_ms process=2 run=2 value=2542.0000 outlier=false
arm=a07_slice10b metric=ttft_ms process=2 run=3 value=2533.0000 outlier=false
arm=a07_slice10b metric=ttft_ms process=2 run=4 value=2540.0000 outlier=false
arm=a07_slice10b metric=ttft_ms process=2 run=5 value=2549.0000 outlier=true
arm=a07_slice10b metric=ttft_ms process=2 run=6 value=2536.0000 outlier=false
arm=a07_slice10b metric=ttft_ms process=2 run=7 value=2536.0000 outlier=false
summary arm=a07_slice10b metric=ttft_ms n_all=21 median_all=2538.0000 cov_all_pct=0.19 min_all=2527.0000 max_all=2549.0000 | n_kept=18 median_kept=2538.0000 mad_kept=2.0000 cov_kept_pct=0.12 min_kept=2530.0000 max_kept=2542.0000
memory arm=a07_slice10b metric=peak_rss_bytes process=0 value=3979886592
memory arm=a07_slice10b metric=peak_rss_bytes process=1 value=3952230400
memory arm=a07_slice10b metric=peak_rss_bytes process=2 value=3991437312
summary arm=a07_slice10b metric=peak_rss_bytes n=3 median=3979886592 max=3991437312
memory arm=a07_slice10b metric=peak_footprint_bytes process=0 value=721235072
memory arm=a07_slice10b metric=peak_footprint_bytes process=1 value=710601856
memory arm=a07_slice10b metric=peak_footprint_bytes process=2 value=713370688
summary arm=a07_slice10b metric=peak_footprint_bytes n=3 median=713370688 max=721235072
memory arm=a07_slice10b metric=peak_gpu_bytes process=0 value=5608554496
memory arm=a07_slice10b metric=peak_gpu_bytes process=1 value=5608554496
memory arm=a07_slice10b metric=peak_gpu_bytes process=2 value=5608554496
summary arm=a07_slice10b metric=peak_gpu_bytes n=3 median=5608554496 max=5608554496
extra arm=a07_slice10b process=0 peers_present_at_exit=[]
extra arm=a07_slice10b process=1 peers_present_at_exit=[]
extra arm=a07_slice10b process=2 peers_present_at_exit=[]
arm=a08_slice10b_fix metric=ms_per_token process=0 run=1 value=12.2890 outlier=false
arm=a08_slice10b_fix metric=ms_per_token process=0 run=2 value=12.5050 outlier=false
arm=a08_slice10b_fix metric=ms_per_token process=0 run=3 value=12.2980 outlier=false
arm=a08_slice10b_fix metric=ms_per_token process=0 run=4 value=12.6150 outlier=false
arm=a08_slice10b_fix metric=ms_per_token process=0 run=5 value=12.4830 outlier=false
arm=a08_slice10b_fix metric=ms_per_token process=0 run=6 value=12.4410 outlier=false
arm=a08_slice10b_fix metric=ms_per_token process=0 run=7 value=12.3830 outlier=false
arm=a08_slice10b_fix metric=ms_per_token process=1 run=1 value=12.1240 outlier=false
arm=a08_slice10b_fix metric=ms_per_token process=1 run=2 value=12.2000 outlier=false
arm=a08_slice10b_fix metric=ms_per_token process=1 run=3 value=12.1170 outlier=false
arm=a08_slice10b_fix metric=ms_per_token process=1 run=4 value=12.0740 outlier=false
arm=a08_slice10b_fix metric=ms_per_token process=1 run=5 value=12.2000 outlier=false
arm=a08_slice10b_fix metric=ms_per_token process=1 run=6 value=12.3540 outlier=false
arm=a08_slice10b_fix metric=ms_per_token process=1 run=7 value=12.1380 outlier=false
arm=a08_slice10b_fix metric=ms_per_token process=2 run=1 value=12.2190 outlier=false
arm=a08_slice10b_fix metric=ms_per_token process=2 run=2 value=12.0960 outlier=false
arm=a08_slice10b_fix metric=ms_per_token process=2 run=3 value=12.1380 outlier=false
arm=a08_slice10b_fix metric=ms_per_token process=2 run=4 value=12.0800 outlier=false
arm=a08_slice10b_fix metric=ms_per_token process=2 run=5 value=12.1240 outlier=false
arm=a08_slice10b_fix metric=ms_per_token process=2 run=6 value=12.0980 outlier=false
arm=a08_slice10b_fix metric=ms_per_token process=2 run=7 value=12.1350 outlier=false
summary arm=a08_slice10b_fix metric=ms_per_token n_all=21 median_all=12.2000 cov_all_pct=1.29 min_all=12.0740 max_all=12.6150 | n_kept=21 median_kept=12.2000 mad_kept=0.0980 cov_kept_pct=1.29 min_kept=12.0740 max_kept=12.6150
arm=a08_slice10b_fix metric=prefill_ms process=0 run=1 value=2533.9820 outlier=false
arm=a08_slice10b_fix metric=prefill_ms process=0 run=2 value=2532.0520 outlier=false
arm=a08_slice10b_fix metric=prefill_ms process=0 run=3 value=2541.0380 outlier=false
arm=a08_slice10b_fix metric=prefill_ms process=0 run=4 value=2532.0630 outlier=false
arm=a08_slice10b_fix metric=prefill_ms process=0 run=5 value=2540.0070 outlier=false
arm=a08_slice10b_fix metric=prefill_ms process=0 run=6 value=2536.0570 outlier=false
arm=a08_slice10b_fix metric=prefill_ms process=0 run=7 value=2538.9450 outlier=false
arm=a08_slice10b_fix metric=prefill_ms process=1 run=1 value=2544.9670 outlier=false
arm=a08_slice10b_fix metric=prefill_ms process=1 run=2 value=2543.0170 outlier=false
arm=a08_slice10b_fix metric=prefill_ms process=1 run=3 value=2543.0340 outlier=false
arm=a08_slice10b_fix metric=prefill_ms process=1 run=4 value=2544.9450 outlier=false
arm=a08_slice10b_fix metric=prefill_ms process=1 run=5 value=2540.9960 outlier=false
arm=a08_slice10b_fix metric=prefill_ms process=1 run=6 value=2540.9780 outlier=false
arm=a08_slice10b_fix metric=prefill_ms process=1 run=7 value=2540.0390 outlier=false
arm=a08_slice10b_fix metric=prefill_ms process=2 run=1 value=2546.0200 outlier=false
arm=a08_slice10b_fix metric=prefill_ms process=2 run=2 value=2544.9390 outlier=false
arm=a08_slice10b_fix metric=prefill_ms process=2 run=3 value=2534.9930 outlier=false
arm=a08_slice10b_fix metric=prefill_ms process=2 run=4 value=2539.0430 outlier=false
arm=a08_slice10b_fix metric=prefill_ms process=2 run=5 value=2536.9920 outlier=false
arm=a08_slice10b_fix metric=prefill_ms process=2 run=6 value=2534.0130 outlier=false
arm=a08_slice10b_fix metric=prefill_ms process=2 run=7 value=2533.0060 outlier=false
summary arm=a08_slice10b_fix metric=prefill_ms n_all=21 median_all=2540.0070 cov_all_pct=0.17 min_all=2532.0520 max_all=2546.0200 | n_kept=21 median_kept=2540.0070 mad_kept=3.9500 cov_kept_pct=0.17 min_kept=2532.0520 max_kept=2546.0200
arm=a08_slice10b_fix metric=ttft_ms process=0 run=1 value=2534.0000 outlier=false
arm=a08_slice10b_fix metric=ttft_ms process=0 run=2 value=2532.0000 outlier=false
arm=a08_slice10b_fix metric=ttft_ms process=0 run=3 value=2541.0000 outlier=false
arm=a08_slice10b_fix metric=ttft_ms process=0 run=4 value=2532.0000 outlier=false
arm=a08_slice10b_fix metric=ttft_ms process=0 run=5 value=2540.0000 outlier=false
arm=a08_slice10b_fix metric=ttft_ms process=0 run=6 value=2536.0000 outlier=false
arm=a08_slice10b_fix metric=ttft_ms process=0 run=7 value=2539.0000 outlier=false
arm=a08_slice10b_fix metric=ttft_ms process=1 run=1 value=2545.0000 outlier=false
arm=a08_slice10b_fix metric=ttft_ms process=1 run=2 value=2543.0000 outlier=false
arm=a08_slice10b_fix metric=ttft_ms process=1 run=3 value=2543.0000 outlier=false
arm=a08_slice10b_fix metric=ttft_ms process=1 run=4 value=2545.0000 outlier=false
arm=a08_slice10b_fix metric=ttft_ms process=1 run=5 value=2541.0000 outlier=false
arm=a08_slice10b_fix metric=ttft_ms process=1 run=6 value=2541.0000 outlier=false
arm=a08_slice10b_fix metric=ttft_ms process=1 run=7 value=2540.0000 outlier=false
arm=a08_slice10b_fix metric=ttft_ms process=2 run=1 value=2546.0000 outlier=false
arm=a08_slice10b_fix metric=ttft_ms process=2 run=2 value=2545.0000 outlier=false
arm=a08_slice10b_fix metric=ttft_ms process=2 run=3 value=2535.0000 outlier=false
arm=a08_slice10b_fix metric=ttft_ms process=2 run=4 value=2539.0000 outlier=false
arm=a08_slice10b_fix metric=ttft_ms process=2 run=5 value=2537.0000 outlier=false
arm=a08_slice10b_fix metric=ttft_ms process=2 run=6 value=2534.0000 outlier=false
arm=a08_slice10b_fix metric=ttft_ms process=2 run=7 value=2533.0000 outlier=false
summary arm=a08_slice10b_fix metric=ttft_ms n_all=21 median_all=2540.0000 cov_all_pct=0.18 min_all=2532.0000 max_all=2546.0000 | n_kept=21 median_kept=2540.0000 mad_kept=4.0000 cov_kept_pct=0.18 min_kept=2532.0000 max_kept=2546.0000
memory arm=a08_slice10b_fix metric=peak_rss_bytes process=0 value=3916742656
memory arm=a08_slice10b_fix metric=peak_rss_bytes process=1 value=3995648000
memory arm=a08_slice10b_fix metric=peak_rss_bytes process=2 value=3946332160
summary arm=a08_slice10b_fix metric=peak_rss_bytes n=3 median=3946332160 max=3995648000
memory arm=a08_slice10b_fix metric=peak_footprint_bytes process=0 value=721267904
memory arm=a08_slice10b_fix metric=peak_footprint_bytes process=1 value=714025856
memory arm=a08_slice10b_fix metric=peak_footprint_bytes process=2 value=719989824
summary arm=a08_slice10b_fix metric=peak_footprint_bytes n=3 median=719989824 max=721267904
memory arm=a08_slice10b_fix metric=peak_gpu_bytes process=0 value=5608554496
memory arm=a08_slice10b_fix metric=peak_gpu_bytes process=1 value=5608554496
memory arm=a08_slice10b_fix metric=peak_gpu_bytes process=2 value=5608554496
summary arm=a08_slice10b_fix metric=peak_gpu_bytes n=3 median=5608554496 max=5608554496
extra arm=a08_slice10b_fix process=0 peers_present_at_exit=[]
extra arm=a08_slice10b_fix process=1 peers_present_at_exit=[]
extra arm=a08_slice10b_fix process=2 peers_present_at_exit=[]
arm=a09_slice10c metric=ms_per_token process=0 run=1 value=12.3490 outlier=false
arm=a09_slice10c metric=ms_per_token process=0 run=2 value=12.5290 outlier=false
arm=a09_slice10c metric=ms_per_token process=0 run=3 value=12.4410 outlier=false
arm=a09_slice10c metric=ms_per_token process=0 run=4 value=12.3990 outlier=false
arm=a09_slice10c metric=ms_per_token process=0 run=5 value=12.3740 outlier=false
arm=a09_slice10c metric=ms_per_token process=0 run=6 value=12.3460 outlier=false
arm=a09_slice10c metric=ms_per_token process=0 run=7 value=12.5130 outlier=false
arm=a09_slice10c metric=ms_per_token process=1 run=1 value=12.1230 outlier=false
arm=a09_slice10c metric=ms_per_token process=1 run=2 value=12.1640 outlier=false
arm=a09_slice10c metric=ms_per_token process=1 run=3 value=12.1410 outlier=false
arm=a09_slice10c metric=ms_per_token process=1 run=4 value=12.0810 outlier=false
arm=a09_slice10c metric=ms_per_token process=1 run=5 value=12.0970 outlier=false
arm=a09_slice10c metric=ms_per_token process=1 run=6 value=12.0720 outlier=false
arm=a09_slice10c metric=ms_per_token process=1 run=7 value=12.0200 outlier=false
arm=a09_slice10c metric=ms_per_token process=2 run=1 value=12.1100 outlier=false
arm=a09_slice10c metric=ms_per_token process=2 run=2 value=12.0290 outlier=false
arm=a09_slice10c metric=ms_per_token process=2 run=3 value=11.8600 outlier=false
arm=a09_slice10c metric=ms_per_token process=2 run=4 value=12.1120 outlier=false
arm=a09_slice10c metric=ms_per_token process=2 run=5 value=12.2550 outlier=false
arm=a09_slice10c metric=ms_per_token process=2 run=6 value=12.0100 outlier=false
arm=a09_slice10c metric=ms_per_token process=2 run=7 value=12.1480 outlier=false
summary arm=a09_slice10c metric=ms_per_token n_all=21 median_all=12.1410 cov_all_pct=1.46 min_all=11.8600 max_all=12.5290 | n_kept=21 median_kept=12.1410 mad_kept=0.1140 cov_kept_pct=1.46 min_kept=11.8600 max_kept=12.5290
arm=a09_slice10c metric=prefill_ms process=0 run=1 value=2536.0330 outlier=false
arm=a09_slice10c metric=prefill_ms process=0 run=2 value=2536.0380 outlier=false
arm=a09_slice10c metric=prefill_ms process=0 run=3 value=2532.0600 outlier=false
arm=a09_slice10c metric=prefill_ms process=0 run=4 value=2539.0370 outlier=false
arm=a09_slice10c metric=prefill_ms process=0 run=5 value=2543.0280 outlier=false
arm=a09_slice10c metric=prefill_ms process=0 run=6 value=2536.0030 outlier=false
arm=a09_slice10c metric=prefill_ms process=0 run=7 value=2534.9850 outlier=false
arm=a09_slice10c metric=prefill_ms process=1 run=1 value=2546.9450 outlier=false
arm=a09_slice10c metric=prefill_ms process=1 run=2 value=2542.0360 outlier=false
arm=a09_slice10c metric=prefill_ms process=1 run=3 value=2532.0220 outlier=false
arm=a09_slice10c metric=prefill_ms process=1 run=4 value=2540.0470 outlier=false
arm=a09_slice10c metric=prefill_ms process=1 run=5 value=2541.0410 outlier=false
arm=a09_slice10c metric=prefill_ms process=1 run=6 value=2542.9470 outlier=false
arm=a09_slice10c metric=prefill_ms process=1 run=7 value=2536.9700 outlier=false
arm=a09_slice10c metric=prefill_ms process=2 run=1 value=2540.9630 outlier=false
arm=a09_slice10c metric=prefill_ms process=2 run=2 value=2541.9710 outlier=false
arm=a09_slice10c metric=prefill_ms process=2 run=3 value=2541.9730 outlier=false
arm=a09_slice10c metric=prefill_ms process=2 run=4 value=2531.0570 outlier=false
arm=a09_slice10c metric=prefill_ms process=2 run=5 value=2543.9570 outlier=false
arm=a09_slice10c metric=prefill_ms process=2 run=6 value=2545.9970 outlier=false
arm=a09_slice10c metric=prefill_ms process=2 run=7 value=2545.9600 outlier=false
summary arm=a09_slice10c metric=prefill_ms n_all=21 median_all=2540.9630 cov_all_pct=0.18 min_all=2531.0570 max_all=2546.9450 | n_kept=21 median_kept=2540.9630 mad_kept=3.9930 cov_kept_pct=0.18 min_kept=2531.0570 max_kept=2546.9450
arm=a09_slice10c metric=ttft_ms process=0 run=1 value=2536.0000 outlier=false
arm=a09_slice10c metric=ttft_ms process=0 run=2 value=2536.0000 outlier=false
arm=a09_slice10c metric=ttft_ms process=0 run=3 value=2532.0000 outlier=false
arm=a09_slice10c metric=ttft_ms process=0 run=4 value=2539.0000 outlier=false
arm=a09_slice10c metric=ttft_ms process=0 run=5 value=2543.0000 outlier=false
arm=a09_slice10c metric=ttft_ms process=0 run=6 value=2536.0000 outlier=false
arm=a09_slice10c metric=ttft_ms process=0 run=7 value=2535.0000 outlier=false
arm=a09_slice10c metric=ttft_ms process=1 run=1 value=2547.0000 outlier=false
arm=a09_slice10c metric=ttft_ms process=1 run=2 value=2542.0000 outlier=false
arm=a09_slice10c metric=ttft_ms process=1 run=3 value=2532.0000 outlier=false
arm=a09_slice10c metric=ttft_ms process=1 run=4 value=2540.0000 outlier=false
arm=a09_slice10c metric=ttft_ms process=1 run=5 value=2541.0000 outlier=false
arm=a09_slice10c metric=ttft_ms process=1 run=6 value=2543.0000 outlier=false
arm=a09_slice10c metric=ttft_ms process=1 run=7 value=2537.0000 outlier=false
arm=a09_slice10c metric=ttft_ms process=2 run=1 value=2541.0000 outlier=false
arm=a09_slice10c metric=ttft_ms process=2 run=2 value=2542.0000 outlier=false
arm=a09_slice10c metric=ttft_ms process=2 run=3 value=2542.0000 outlier=false
arm=a09_slice10c metric=ttft_ms process=2 run=4 value=2531.0000 outlier=false
arm=a09_slice10c metric=ttft_ms process=2 run=5 value=2544.0000 outlier=false
arm=a09_slice10c metric=ttft_ms process=2 run=6 value=2546.0000 outlier=false
arm=a09_slice10c metric=ttft_ms process=2 run=7 value=2546.0000 outlier=false
summary arm=a09_slice10c metric=ttft_ms n_all=21 median_all=2541.0000 cov_all_pct=0.18 min_all=2531.0000 max_all=2547.0000 | n_kept=21 median_kept=2541.0000 mad_kept=4.0000 cov_kept_pct=0.18 min_kept=2531.0000 max_kept=2547.0000
memory arm=a09_slice10c metric=peak_rss_bytes process=0 value=4026679296
memory arm=a09_slice10c metric=peak_rss_bytes process=1 value=4022337536
memory arm=a09_slice10c metric=peak_rss_bytes process=2 value=3960422400
summary arm=a09_slice10c metric=peak_rss_bytes n=3 median=4022337536 max=4026679296
memory arm=a09_slice10c metric=peak_footprint_bytes process=0 value=716205504
memory arm=a09_slice10c metric=peak_footprint_bytes process=1 value=711404864
memory arm=a09_slice10c metric=peak_footprint_bytes process=2 value=713632576
summary arm=a09_slice10c metric=peak_footprint_bytes n=3 median=713632576 max=716205504
memory arm=a09_slice10c metric=peak_gpu_bytes process=0 value=5608554496
memory arm=a09_slice10c metric=peak_gpu_bytes process=1 value=5608554496
memory arm=a09_slice10c metric=peak_gpu_bytes process=2 value=5608554496
summary arm=a09_slice10c metric=peak_gpu_bytes n=3 median=5608554496 max=5608554496
extra arm=a09_slice10c process=0 peers_present_at_exit=[]
extra arm=a09_slice10c process=1 peers_present_at_exit=[]
extra arm=a09_slice10c process=2 peers_present_at_exit=[]
arm=a10_slice11 metric=ms_per_token process=0 run=1 value=12.3420 outlier=false
arm=a10_slice11 metric=ms_per_token process=0 run=2 value=12.1780 outlier=false
arm=a10_slice11 metric=ms_per_token process=0 run=3 value=12.4200 outlier=false
arm=a10_slice11 metric=ms_per_token process=0 run=4 value=11.9860 outlier=false
arm=a10_slice11 metric=ms_per_token process=0 run=5 value=12.5080 outlier=true
arm=a10_slice11 metric=ms_per_token process=0 run=6 value=12.4930 outlier=true
arm=a10_slice11 metric=ms_per_token process=0 run=7 value=12.1570 outlier=false
arm=a10_slice11 metric=ms_per_token process=1 run=1 value=12.1200 outlier=false
arm=a10_slice11 metric=ms_per_token process=1 run=2 value=12.1540 outlier=false
arm=a10_slice11 metric=ms_per_token process=1 run=3 value=12.2040 outlier=false
arm=a10_slice11 metric=ms_per_token process=1 run=4 value=12.1110 outlier=false
arm=a10_slice11 metric=ms_per_token process=1 run=5 value=12.2240 outlier=false
arm=a10_slice11 metric=ms_per_token process=1 run=6 value=12.2370 outlier=false
arm=a10_slice11 metric=ms_per_token process=1 run=7 value=12.0870 outlier=false
arm=a10_slice11 metric=ms_per_token process=2 run=1 value=12.0660 outlier=false
arm=a10_slice11 metric=ms_per_token process=2 run=2 value=11.9890 outlier=false
arm=a10_slice11 metric=ms_per_token process=2 run=3 value=12.1900 outlier=false
arm=a10_slice11 metric=ms_per_token process=2 run=4 value=12.1540 outlier=false
arm=a10_slice11 metric=ms_per_token process=2 run=5 value=12.1060 outlier=false
arm=a10_slice11 metric=ms_per_token process=2 run=6 value=12.2030 outlier=false
arm=a10_slice11 metric=ms_per_token process=2 run=7 value=12.3410 outlier=false
summary arm=a10_slice11 metric=ms_per_token n_all=21 median_all=12.1780 cov_all_pct=1.16 min_all=11.9860 max_all=12.5080 | n_kept=19 median_kept=12.1570 mad_kept=0.0510 cov_kept_pct=0.90 min_kept=11.9860 max_kept=12.4200
arm=a10_slice11 metric=prefill_ms process=0 run=1 value=2540.0050 outlier=false
arm=a10_slice11 metric=prefill_ms process=0 run=2 value=2538.0260 outlier=false
arm=a10_slice11 metric=prefill_ms process=0 run=3 value=2534.0430 outlier=false
arm=a10_slice11 metric=prefill_ms process=0 run=4 value=2533.0350 outlier=false
arm=a10_slice11 metric=prefill_ms process=0 run=5 value=2532.0390 outlier=false
arm=a10_slice11 metric=prefill_ms process=0 run=6 value=2552.0320 outlier=false
arm=a10_slice11 metric=prefill_ms process=0 run=7 value=2548.0120 outlier=false
arm=a10_slice11 metric=prefill_ms process=1 run=1 value=2542.0010 outlier=false
arm=a10_slice11 metric=prefill_ms process=1 run=2 value=2548.0590 outlier=false
arm=a10_slice11 metric=prefill_ms process=1 run=3 value=2535.9490 outlier=false
arm=a10_slice11 metric=prefill_ms process=1 run=4 value=2544.9900 outlier=false
arm=a10_slice11 metric=prefill_ms process=1 run=5 value=2549.9840 outlier=false
arm=a10_slice11 metric=prefill_ms process=1 run=6 value=2540.0460 outlier=false
arm=a10_slice11 metric=prefill_ms process=1 run=7 value=2536.9740 outlier=false
arm=a10_slice11 metric=prefill_ms process=2 run=1 value=2540.9690 outlier=false
arm=a10_slice11 metric=prefill_ms process=2 run=2 value=2531.0480 outlier=false
arm=a10_slice11 metric=prefill_ms process=2 run=3 value=2536.9600 outlier=false
arm=a10_slice11 metric=prefill_ms process=2 run=4 value=2543.9700 outlier=false
arm=a10_slice11 metric=prefill_ms process=2 run=5 value=2538.0620 outlier=false
arm=a10_slice11 metric=prefill_ms process=2 run=6 value=2548.9730 outlier=false
arm=a10_slice11 metric=prefill_ms process=2 run=7 value=2539.0020 outlier=false
summary arm=a10_slice11 metric=prefill_ms n_all=21 median_all=2540.0050 cov_all_pct=0.24 min_all=2531.0480 max_all=2552.0320 | n_kept=21 median_kept=2540.0050 mad_kept=4.0560 cov_kept_pct=0.24 min_kept=2531.0480 max_kept=2552.0320
arm=a10_slice11 metric=ttft_ms process=0 run=1 value=2540.0000 outlier=false
arm=a10_slice11 metric=ttft_ms process=0 run=2 value=2538.0000 outlier=false
arm=a10_slice11 metric=ttft_ms process=0 run=3 value=2534.0000 outlier=false
arm=a10_slice11 metric=ttft_ms process=0 run=4 value=2533.0000 outlier=false
arm=a10_slice11 metric=ttft_ms process=0 run=5 value=2532.0000 outlier=false
arm=a10_slice11 metric=ttft_ms process=0 run=6 value=2552.0000 outlier=false
arm=a10_slice11 metric=ttft_ms process=0 run=7 value=2548.0000 outlier=false
arm=a10_slice11 metric=ttft_ms process=1 run=1 value=2542.0000 outlier=false
arm=a10_slice11 metric=ttft_ms process=1 run=2 value=2548.0000 outlier=false
arm=a10_slice11 metric=ttft_ms process=1 run=3 value=2536.0000 outlier=false
arm=a10_slice11 metric=ttft_ms process=1 run=4 value=2545.0000 outlier=false
arm=a10_slice11 metric=ttft_ms process=1 run=5 value=2550.0000 outlier=false
arm=a10_slice11 metric=ttft_ms process=1 run=6 value=2540.0000 outlier=false
arm=a10_slice11 metric=ttft_ms process=1 run=7 value=2537.0000 outlier=false
arm=a10_slice11 metric=ttft_ms process=2 run=1 value=2541.0000 outlier=false
arm=a10_slice11 metric=ttft_ms process=2 run=2 value=2531.0000 outlier=false
arm=a10_slice11 metric=ttft_ms process=2 run=3 value=2537.0000 outlier=false
arm=a10_slice11 metric=ttft_ms process=2 run=4 value=2544.0000 outlier=false
arm=a10_slice11 metric=ttft_ms process=2 run=5 value=2538.0000 outlier=false
arm=a10_slice11 metric=ttft_ms process=2 run=6 value=2549.0000 outlier=false
arm=a10_slice11 metric=ttft_ms process=2 run=7 value=2539.0000 outlier=false
summary arm=a10_slice11 metric=ttft_ms n_all=21 median_all=2540.0000 cov_all_pct=0.24 min_all=2531.0000 max_all=2552.0000 | n_kept=21 median_kept=2540.0000 mad_kept=4.0000 cov_kept_pct=0.24 min_kept=2531.0000 max_kept=2552.0000
memory arm=a10_slice11 metric=peak_rss_bytes process=0 value=3965485056
memory arm=a10_slice11 metric=peak_rss_bytes process=1 value=3946217472
memory arm=a10_slice11 metric=peak_rss_bytes process=2 value=3990847488
summary arm=a10_slice11 metric=peak_rss_bytes n=3 median=3965485056 max=3990847488
memory arm=a10_slice11 metric=peak_footprint_bytes process=0 value=706702336
memory arm=a10_slice11 metric=peak_footprint_bytes process=1 value=712453248
memory arm=a10_slice11 metric=peak_footprint_bytes process=2 value=720940288
summary arm=a10_slice11 metric=peak_footprint_bytes n=3 median=712453248 max=720940288
memory arm=a10_slice11 metric=peak_gpu_bytes process=0 value=5608554496
memory arm=a10_slice11 metric=peak_gpu_bytes process=1 value=5608554496
memory arm=a10_slice11 metric=peak_gpu_bytes process=2 value=5608554496
summary arm=a10_slice11 metric=peak_gpu_bytes n=3 median=5608554496 max=5608554496
extra arm=a10_slice11 process=0 peers_present_at_exit=[]
extra arm=a10_slice11 process=1 peers_present_at_exit=[]
extra arm=a10_slice11 process=2 peers_present_at_exit=[]
arm=a11_slice12 metric=ms_per_token process=0 run=1 value=12.1830 outlier=false
arm=a11_slice12 metric=ms_per_token process=0 run=2 value=12.4070 outlier=false
arm=a11_slice12 metric=ms_per_token process=0 run=3 value=13.5510 outlier=true
arm=a11_slice12 metric=ms_per_token process=0 run=4 value=12.5640 outlier=false
arm=a11_slice12 metric=ms_per_token process=0 run=5 value=12.2290 outlier=false
arm=a11_slice12 metric=ms_per_token process=0 run=6 value=12.6000 outlier=false
arm=a11_slice12 metric=ms_per_token process=0 run=7 value=12.6010 outlier=false
arm=a11_slice12 metric=ms_per_token process=1 run=1 value=12.1210 outlier=false
arm=a11_slice12 metric=ms_per_token process=1 run=2 value=12.3960 outlier=false
arm=a11_slice12 metric=ms_per_token process=1 run=3 value=12.2300 outlier=false
arm=a11_slice12 metric=ms_per_token process=1 run=4 value=12.1580 outlier=false
arm=a11_slice12 metric=ms_per_token process=1 run=5 value=12.1550 outlier=false
arm=a11_slice12 metric=ms_per_token process=1 run=6 value=12.1600 outlier=false
arm=a11_slice12 metric=ms_per_token process=1 run=7 value=12.0330 outlier=false
arm=a11_slice12 metric=ms_per_token process=2 run=1 value=12.2510 outlier=false
arm=a11_slice12 metric=ms_per_token process=2 run=2 value=12.0810 outlier=false
arm=a11_slice12 metric=ms_per_token process=2 run=3 value=12.1200 outlier=false
arm=a11_slice12 metric=ms_per_token process=2 run=4 value=12.2700 outlier=false
arm=a11_slice12 metric=ms_per_token process=2 run=5 value=12.1220 outlier=false
arm=a11_slice12 metric=ms_per_token process=2 run=6 value=12.2270 outlier=false
arm=a11_slice12 metric=ms_per_token process=2 run=7 value=12.2240 outlier=false
summary arm=a11_slice12 metric=ms_per_token n_all=21 median_all=12.2270 cov_all_pct=2.59 min_all=12.0330 max_all=13.5510 | n_kept=20 median_kept=12.2255 mad_kept=0.0870 cov_kept_pct=1.35 min_kept=12.0330 max_kept=12.6010
arm=a11_slice12 metric=prefill_ms process=0 run=1 value=2534.0040 outlier=false
arm=a11_slice12 metric=prefill_ms process=0 run=2 value=2536.0110 outlier=false
arm=a11_slice12 metric=prefill_ms process=0 run=3 value=2542.0030 outlier=false
arm=a11_slice12 metric=prefill_ms process=0 run=4 value=2541.0180 outlier=false
arm=a11_slice12 metric=prefill_ms process=0 run=5 value=2538.0430 outlier=false
arm=a11_slice12 metric=prefill_ms process=0 run=6 value=2542.0340 outlier=false
arm=a11_slice12 metric=prefill_ms process=0 run=7 value=2533.0370 outlier=true
arm=a11_slice12 metric=prefill_ms process=1 run=1 value=2542.0030 outlier=false
arm=a11_slice12 metric=prefill_ms process=1 run=2 value=2541.0290 outlier=false
arm=a11_slice12 metric=prefill_ms process=1 run=3 value=2545.0630 outlier=false
arm=a11_slice12 metric=prefill_ms process=1 run=4 value=2542.0370 outlier=false
arm=a11_slice12 metric=prefill_ms process=1 run=5 value=2540.0320 outlier=false
arm=a11_slice12 metric=prefill_ms process=1 run=6 value=2557.9750 outlier=true
arm=a11_slice12 metric=prefill_ms process=1 run=7 value=2543.0260 outlier=false
arm=a11_slice12 metric=prefill_ms process=2 run=1 value=2541.9830 outlier=false
arm=a11_slice12 metric=prefill_ms process=2 run=2 value=2562.0290 outlier=true
arm=a11_slice12 metric=prefill_ms process=2 run=3 value=2537.0090 outlier=false
arm=a11_slice12 metric=prefill_ms process=2 run=4 value=2540.0260 outlier=false
arm=a11_slice12 metric=prefill_ms process=2 run=5 value=2543.0290 outlier=false
arm=a11_slice12 metric=prefill_ms process=2 run=6 value=2547.0170 outlier=false
arm=a11_slice12 metric=prefill_ms process=2 run=7 value=2549.9940 outlier=false
summary arm=a11_slice12 metric=prefill_ms n_all=21 median_all=2542.0030 cov_all_pct=0.27 min_all=2533.0370 max_all=2562.0290 | n_kept=18 median_kept=2541.9930 mad_kept=1.4985 cov_kept_pct=0.14 min_kept=2534.0040 max_kept=2549.9940
arm=a11_slice12 metric=ttft_ms process=0 run=1 value=2534.0000 outlier=false
arm=a11_slice12 metric=ttft_ms process=0 run=2 value=2536.0000 outlier=false
arm=a11_slice12 metric=ttft_ms process=0 run=3 value=2542.0000 outlier=false
arm=a11_slice12 metric=ttft_ms process=0 run=4 value=2541.0000 outlier=false
arm=a11_slice12 metric=ttft_ms process=0 run=5 value=2538.0000 outlier=false
arm=a11_slice12 metric=ttft_ms process=0 run=6 value=2542.0000 outlier=false
arm=a11_slice12 metric=ttft_ms process=0 run=7 value=2533.0000 outlier=true
arm=a11_slice12 metric=ttft_ms process=1 run=1 value=2542.0000 outlier=false
arm=a11_slice12 metric=ttft_ms process=1 run=2 value=2541.0000 outlier=false
arm=a11_slice12 metric=ttft_ms process=1 run=3 value=2545.0000 outlier=false
arm=a11_slice12 metric=ttft_ms process=1 run=4 value=2542.0000 outlier=false
arm=a11_slice12 metric=ttft_ms process=1 run=5 value=2540.0000 outlier=false
arm=a11_slice12 metric=ttft_ms process=1 run=6 value=2558.0000 outlier=true
arm=a11_slice12 metric=ttft_ms process=1 run=7 value=2543.0000 outlier=false
arm=a11_slice12 metric=ttft_ms process=2 run=1 value=2542.0000 outlier=false
arm=a11_slice12 metric=ttft_ms process=2 run=2 value=2562.0000 outlier=true
arm=a11_slice12 metric=ttft_ms process=2 run=3 value=2537.0000 outlier=false
arm=a11_slice12 metric=ttft_ms process=2 run=4 value=2540.0000 outlier=false
arm=a11_slice12 metric=ttft_ms process=2 run=5 value=2543.0000 outlier=false
arm=a11_slice12 metric=ttft_ms process=2 run=6 value=2547.0000 outlier=false
arm=a11_slice12 metric=ttft_ms process=2 run=7 value=2550.0000 outlier=false
summary arm=a11_slice12 metric=ttft_ms n_all=21 median_all=2542.0000 cov_all_pct=0.27 min_all=2533.0000 max_all=2562.0000 | n_kept=18 median_kept=2542.0000 mad_kept=1.5000 cov_kept_pct=0.14 min_kept=2534.0000 max_kept=2550.0000
memory arm=a11_slice12 metric=peak_rss_bytes process=0 value=3949428736
memory arm=a11_slice12 metric=peak_rss_bytes process=1 value=3951951872
memory arm=a11_slice12 metric=peak_rss_bytes process=2 value=4030152704
summary arm=a11_slice12 metric=peak_rss_bytes n=3 median=3951951872 max=4030152704
memory arm=a11_slice12 metric=peak_footprint_bytes process=0 value=714828800
memory arm=a11_slice12 metric=peak_footprint_bytes process=1 value=712043648
memory arm=a11_slice12 metric=peak_footprint_bytes process=2 value=737701312
summary arm=a11_slice12 metric=peak_footprint_bytes n=3 median=714828800 max=737701312
memory arm=a11_slice12 metric=peak_gpu_bytes process=0 value=5608554496
memory arm=a11_slice12 metric=peak_gpu_bytes process=1 value=5608554496
memory arm=a11_slice12 metric=peak_gpu_bytes process=2 value=5608554496
summary arm=a11_slice12 metric=peak_gpu_bytes n=3 median=5608554496 max=5608554496
extra arm=a11_slice12 process=0 peers_present_at_exit=[]
extra arm=a11_slice12 process=1 peers_present_at_exit=[]
extra arm=a11_slice12 process=2 peers_present_at_exit=[]
arm=a12_eor metric=ms_per_token process=0 run=1 value=12.1190 outlier=false
arm=a12_eor metric=ms_per_token process=0 run=2 value=12.0870 outlier=false
arm=a12_eor metric=ms_per_token process=0 run=3 value=12.2490 outlier=false
arm=a12_eor metric=ms_per_token process=0 run=4 value=12.3050 outlier=false
arm=a12_eor metric=ms_per_token process=0 run=5 value=12.4500 outlier=true
arm=a12_eor metric=ms_per_token process=0 run=6 value=12.1670 outlier=false
arm=a12_eor metric=ms_per_token process=0 run=7 value=11.9230 outlier=false
arm=a12_eor metric=ms_per_token process=1 run=1 value=12.1090 outlier=false
arm=a12_eor metric=ms_per_token process=1 run=2 value=12.0490 outlier=false
arm=a12_eor metric=ms_per_token process=1 run=3 value=12.1060 outlier=false
arm=a12_eor metric=ms_per_token process=1 run=4 value=12.0240 outlier=false
arm=a12_eor metric=ms_per_token process=1 run=5 value=12.1150 outlier=false
arm=a12_eor metric=ms_per_token process=1 run=6 value=12.1360 outlier=false
arm=a12_eor metric=ms_per_token process=1 run=7 value=12.1460 outlier=false
arm=a12_eor metric=ms_per_token process=2 run=1 value=12.0300 outlier=false
arm=a12_eor metric=ms_per_token process=2 run=2 value=12.3450 outlier=true
arm=a12_eor metric=ms_per_token process=2 run=3 value=12.2360 outlier=false
arm=a12_eor metric=ms_per_token process=2 run=4 value=12.0940 outlier=false
arm=a12_eor metric=ms_per_token process=2 run=5 value=12.1350 outlier=false
arm=a12_eor metric=ms_per_token process=2 run=6 value=12.0850 outlier=false
arm=a12_eor metric=ms_per_token process=2 run=7 value=12.1970 outlier=false
summary arm=a12_eor metric=ms_per_token n_all=21 median_all=12.1190 cov_all_pct=0.95 min_all=11.9230 max_all=12.4500 | n_kept=19 median_kept=12.1150 mad_kept=0.0310 cov_kept_pct=0.70 min_kept=11.9230 max_kept=12.3050
arm=a12_eor metric=prefill_ms process=0 run=1 value=2533.0230 outlier=false
arm=a12_eor metric=prefill_ms process=0 run=2 value=2531.0200 outlier=false
arm=a12_eor metric=prefill_ms process=0 run=3 value=2533.0600 outlier=false
arm=a12_eor metric=prefill_ms process=0 run=4 value=2536.0420 outlier=false
arm=a12_eor metric=prefill_ms process=0 run=5 value=2535.0570 outlier=false
arm=a12_eor metric=prefill_ms process=0 run=6 value=2543.0430 outlier=false
arm=a12_eor metric=prefill_ms process=0 run=7 value=2535.9640 outlier=false
arm=a12_eor metric=prefill_ms process=1 run=1 value=2550.0220 outlier=false
arm=a12_eor metric=prefill_ms process=1 run=2 value=2544.0170 outlier=false
arm=a12_eor metric=prefill_ms process=1 run=3 value=2542.9820 outlier=false
arm=a12_eor metric=prefill_ms process=1 run=4 value=2542.0370 outlier=false
arm=a12_eor metric=prefill_ms process=1 run=5 value=2537.0190 outlier=false
arm=a12_eor metric=prefill_ms process=1 run=6 value=2540.0390 outlier=false
arm=a12_eor metric=prefill_ms process=1 run=7 value=2538.9430 outlier=false
arm=a12_eor metric=prefill_ms process=2 run=1 value=2538.0570 outlier=false
arm=a12_eor metric=prefill_ms process=2 run=2 value=2542.9690 outlier=false
arm=a12_eor metric=prefill_ms process=2 run=3 value=2534.9530 outlier=false
arm=a12_eor metric=prefill_ms process=2 run=4 value=2546.0050 outlier=false
arm=a12_eor metric=prefill_ms process=2 run=5 value=2539.9600 outlier=false
arm=a12_eor metric=prefill_ms process=2 run=6 value=2547.0380 outlier=false
arm=a12_eor metric=prefill_ms process=2 run=7 value=2543.9680 outlier=false
summary arm=a12_eor metric=prefill_ms n_all=21 median_all=2539.9600 cov_all_pct=0.20 min_all=2531.0200 max_all=2550.0220 | n_kept=21 median_kept=2539.9600 mad_kept=3.9960 cov_kept_pct=0.20 min_kept=2531.0200 max_kept=2550.0220
arm=a12_eor metric=ttft_ms process=0 run=1 value=2533.0000 outlier=false
arm=a12_eor metric=ttft_ms process=0 run=2 value=2531.0000 outlier=false
arm=a12_eor metric=ttft_ms process=0 run=3 value=2533.0000 outlier=false
arm=a12_eor metric=ttft_ms process=0 run=4 value=2536.0000 outlier=false
arm=a12_eor metric=ttft_ms process=0 run=5 value=2535.0000 outlier=false
arm=a12_eor metric=ttft_ms process=0 run=6 value=2543.0000 outlier=false
arm=a12_eor metric=ttft_ms process=0 run=7 value=2536.0000 outlier=false
arm=a12_eor metric=ttft_ms process=1 run=1 value=2550.0000 outlier=false
arm=a12_eor metric=ttft_ms process=1 run=2 value=2544.0000 outlier=false
arm=a12_eor metric=ttft_ms process=1 run=3 value=2543.0000 outlier=false
arm=a12_eor metric=ttft_ms process=1 run=4 value=2542.0000 outlier=false
arm=a12_eor metric=ttft_ms process=1 run=5 value=2537.0000 outlier=false
arm=a12_eor metric=ttft_ms process=1 run=6 value=2540.0000 outlier=false
arm=a12_eor metric=ttft_ms process=1 run=7 value=2539.0000 outlier=false
arm=a12_eor metric=ttft_ms process=2 run=1 value=2538.0000 outlier=false
arm=a12_eor metric=ttft_ms process=2 run=2 value=2543.0000 outlier=false
arm=a12_eor metric=ttft_ms process=2 run=3 value=2535.0000 outlier=false
arm=a12_eor metric=ttft_ms process=2 run=4 value=2546.0000 outlier=false
arm=a12_eor metric=ttft_ms process=2 run=5 value=2540.0000 outlier=false
arm=a12_eor metric=ttft_ms process=2 run=6 value=2547.0000 outlier=false
arm=a12_eor metric=ttft_ms process=2 run=7 value=2544.0000 outlier=false
summary arm=a12_eor metric=ttft_ms n_all=21 median_all=2540.0000 cov_all_pct=0.20 min_all=2531.0000 max_all=2550.0000 | n_kept=21 median_kept=2540.0000 mad_kept=4.0000 cov_kept_pct=0.20 min_kept=2531.0000 max_kept=2550.0000
memory arm=a12_eor metric=peak_rss_bytes process=0 value=3958669312
memory arm=a12_eor metric=peak_rss_bytes process=1 value=4072898560
memory arm=a12_eor metric=peak_rss_bytes process=2 value=3957276672
summary arm=a12_eor metric=peak_rss_bytes n=3 median=3958669312 max=4072898560
memory arm=a12_eor metric=peak_footprint_bytes process=0 value=716155840
memory arm=a12_eor metric=peak_footprint_bytes process=1 value=723479744
memory arm=a12_eor metric=peak_footprint_bytes process=2 value=726559680
summary arm=a12_eor metric=peak_footprint_bytes n=3 median=723479744 max=726559680
memory arm=a12_eor metric=peak_gpu_bytes process=0 value=5608554496
memory arm=a12_eor metric=peak_gpu_bytes process=1 value=5608554496
memory arm=a12_eor metric=peak_gpu_bytes process=2 value=5608554496
summary arm=a12_eor metric=peak_gpu_bytes n=3 median=5608554496 max=5608554496
extra arm=a12_eor process=0 peers_present_at_exit=[]
extra arm=a12_eor process=1 peers_present_at_exit=[]
extra arm=a12_eor process=2 peers_present_at_exit=[]
arm=a13_f76b4a97 metric=ms_per_token process=0 run=1 value=12.0200 outlier=false
arm=a13_f76b4a97 metric=ms_per_token process=0 run=2 value=12.1790 outlier=false
arm=a13_f76b4a97 metric=ms_per_token process=0 run=3 value=12.1100 outlier=false
arm=a13_f76b4a97 metric=ms_per_token process=0 run=4 value=11.9860 outlier=false
arm=a13_f76b4a97 metric=ms_per_token process=0 run=5 value=12.1180 outlier=false
arm=a13_f76b4a97 metric=ms_per_token process=0 run=6 value=12.1360 outlier=false
arm=a13_f76b4a97 metric=ms_per_token process=0 run=7 value=12.1110 outlier=false
arm=a13_f76b4a97 metric=ms_per_token process=1 run=1 value=12.0400 outlier=false
arm=a13_f76b4a97 metric=ms_per_token process=1 run=2 value=12.0370 outlier=false
arm=a13_f76b4a97 metric=ms_per_token process=1 run=3 value=12.1480 outlier=false
arm=a13_f76b4a97 metric=ms_per_token process=1 run=4 value=12.1650 outlier=false
arm=a13_f76b4a97 metric=ms_per_token process=1 run=5 value=12.0140 outlier=false
arm=a13_f76b4a97 metric=ms_per_token process=1 run=6 value=12.0440 outlier=false
arm=a13_f76b4a97 metric=ms_per_token process=1 run=7 value=12.1200 outlier=false
arm=a13_f76b4a97 metric=ms_per_token process=2 run=1 value=12.1480 outlier=false
arm=a13_f76b4a97 metric=ms_per_token process=2 run=2 value=12.0850 outlier=false
arm=a13_f76b4a97 metric=ms_per_token process=2 run=3 value=12.1850 outlier=false
arm=a13_f76b4a97 metric=ms_per_token process=2 run=4 value=12.2530 outlier=false
arm=a13_f76b4a97 metric=ms_per_token process=2 run=5 value=12.1490 outlier=false
arm=a13_f76b4a97 metric=ms_per_token process=2 run=6 value=12.1980 outlier=false
arm=a13_f76b4a97 metric=ms_per_token process=2 run=7 value=12.0280 outlier=false
summary arm=a13_f76b4a97 metric=ms_per_token n_all=21 median_all=12.1180 cov_all_pct=0.57 min_all=11.9860 max_all=12.2530 | n_kept=21 median_kept=12.1180 mad_kept=0.0610 cov_kept_pct=0.57 min_kept=11.9860 max_kept=12.2530
arm=a13_f76b4a97 metric=prefill_ms process=0 run=1 value=2533.0580 outlier=false
arm=a13_f76b4a97 metric=prefill_ms process=0 run=2 value=2534.0020 outlier=false
arm=a13_f76b4a97 metric=prefill_ms process=0 run=3 value=2547.0090 outlier=false
arm=a13_f76b4a97 metric=prefill_ms process=0 run=4 value=2540.0560 outlier=false
arm=a13_f76b4a97 metric=prefill_ms process=0 run=5 value=2535.9460 outlier=false
arm=a13_f76b4a97 metric=prefill_ms process=0 run=6 value=2543.9850 outlier=false
arm=a13_f76b4a97 metric=prefill_ms process=0 run=7 value=2552.0090 outlier=false
arm=a13_f76b4a97 metric=prefill_ms process=1 run=1 value=2546.9590 outlier=false
arm=a13_f76b4a97 metric=prefill_ms process=1 run=2 value=2533.9830 outlier=false
arm=a13_f76b4a97 metric=prefill_ms process=1 run=3 value=2543.9810 outlier=false
arm=a13_f76b4a97 metric=prefill_ms process=1 run=4 value=2549.0280 outlier=false
arm=a13_f76b4a97 metric=prefill_ms process=1 run=5 value=2541.0520 outlier=false
arm=a13_f76b4a97 metric=prefill_ms process=1 run=6 value=2544.0530 outlier=false
arm=a13_f76b4a97 metric=prefill_ms process=1 run=7 value=2543.0350 outlier=false
arm=a13_f76b4a97 metric=prefill_ms process=2 run=1 value=2537.9450 outlier=false
arm=a13_f76b4a97 metric=prefill_ms process=2 run=2 value=2541.0450 outlier=false
arm=a13_f76b4a97 metric=prefill_ms process=2 run=3 value=2538.9380 outlier=false
arm=a13_f76b4a97 metric=prefill_ms process=2 run=4 value=2546.9500 outlier=false
arm=a13_f76b4a97 metric=prefill_ms process=2 run=5 value=2541.9980 outlier=false
arm=a13_f76b4a97 metric=prefill_ms process=2 run=6 value=2545.0570 outlier=false
arm=a13_f76b4a97 metric=prefill_ms process=2 run=7 value=2543.0100 outlier=false
summary arm=a13_f76b4a97 metric=prefill_ms n_all=21 median_all=2543.0100 cov_all_pct=0.20 min_all=2533.0580 max_all=2552.0090 | n_kept=21 median_kept=2543.0100 mad_kept=3.9400 cov_kept_pct=0.20 min_kept=2533.0580 max_kept=2552.0090
arm=a13_f76b4a97 metric=ttft_ms process=0 run=1 value=2533.0000 outlier=false
arm=a13_f76b4a97 metric=ttft_ms process=0 run=2 value=2534.0000 outlier=false
arm=a13_f76b4a97 metric=ttft_ms process=0 run=3 value=2547.0000 outlier=false
arm=a13_f76b4a97 metric=ttft_ms process=0 run=4 value=2540.0000 outlier=false
arm=a13_f76b4a97 metric=ttft_ms process=0 run=5 value=2536.0000 outlier=false
arm=a13_f76b4a97 metric=ttft_ms process=0 run=6 value=2544.0000 outlier=false
arm=a13_f76b4a97 metric=ttft_ms process=0 run=7 value=2552.0000 outlier=false
arm=a13_f76b4a97 metric=ttft_ms process=1 run=1 value=2547.0000 outlier=false
arm=a13_f76b4a97 metric=ttft_ms process=1 run=2 value=2534.0000 outlier=false
arm=a13_f76b4a97 metric=ttft_ms process=1 run=3 value=2544.0000 outlier=false
arm=a13_f76b4a97 metric=ttft_ms process=1 run=4 value=2549.0000 outlier=false
arm=a13_f76b4a97 metric=ttft_ms process=1 run=5 value=2541.0000 outlier=false
arm=a13_f76b4a97 metric=ttft_ms process=1 run=6 value=2544.0000 outlier=false
arm=a13_f76b4a97 metric=ttft_ms process=1 run=7 value=2543.0000 outlier=false
arm=a13_f76b4a97 metric=ttft_ms process=2 run=1 value=2538.0000 outlier=false
arm=a13_f76b4a97 metric=ttft_ms process=2 run=2 value=2541.0000 outlier=false
arm=a13_f76b4a97 metric=ttft_ms process=2 run=3 value=2539.0000 outlier=false
arm=a13_f76b4a97 metric=ttft_ms process=2 run=4 value=2547.0000 outlier=false
arm=a13_f76b4a97 metric=ttft_ms process=2 run=5 value=2542.0000 outlier=false
arm=a13_f76b4a97 metric=ttft_ms process=2 run=6 value=2545.0000 outlier=false
arm=a13_f76b4a97 metric=ttft_ms process=2 run=7 value=2543.0000 outlier=false
summary arm=a13_f76b4a97 metric=ttft_ms n_all=21 median_all=2543.0000 cov_all_pct=0.20 min_all=2533.0000 max_all=2552.0000 | n_kept=21 median_kept=2543.0000 mad_kept=4.0000 cov_kept_pct=0.20 min_kept=2533.0000 max_kept=2552.0000
memory arm=a13_f76b4a97 metric=peak_rss_bytes process=0 value=4001611776
memory arm=a13_f76b4a97 metric=peak_rss_bytes process=1 value=3934535680
memory arm=a13_f76b4a97 metric=peak_rss_bytes process=2 value=4003037184
summary arm=a13_f76b4a97 metric=peak_rss_bytes n=3 median=4001611776 max=4003037184
memory arm=a13_f76b4a97 metric=peak_footprint_bytes process=0 value=716303744
memory arm=a13_f76b4a97 metric=peak_footprint_bytes process=1 value=726215232
memory arm=a13_f76b4a97 metric=peak_footprint_bytes process=2 value=728804928
summary arm=a13_f76b4a97 metric=peak_footprint_bytes n=3 median=726215232 max=728804928
memory arm=a13_f76b4a97 metric=peak_gpu_bytes process=0 value=5608554496
memory arm=a13_f76b4a97 metric=peak_gpu_bytes process=1 value=5608554496
memory arm=a13_f76b4a97 metric=peak_gpu_bytes process=2 value=5608554496
summary arm=a13_f76b4a97 metric=peak_gpu_bytes n=3 median=5608554496 max=5608554496
extra arm=a13_f76b4a97 process=0 peers_present_at_exit=[]
extra arm=a13_f76b4a97 process=1 peers_present_at_exit=[]
extra arm=a13_f76b4a97 process=2 peers_present_at_exit=[]
arm=a14_tip_s1 metric=ms_per_token process=0 run=1 value=12.0480 outlier=false
arm=a14_tip_s1 metric=ms_per_token process=0 run=2 value=12.2860 outlier=true
arm=a14_tip_s1 metric=ms_per_token process=0 run=3 value=12.1910 outlier=false
arm=a14_tip_s1 metric=ms_per_token process=0 run=4 value=12.0450 outlier=false
arm=a14_tip_s1 metric=ms_per_token process=0 run=5 value=12.1490 outlier=false
arm=a14_tip_s1 metric=ms_per_token process=0 run=6 value=12.2750 outlier=true
arm=a14_tip_s1 metric=ms_per_token process=0 run=7 value=12.1580 outlier=false
arm=a14_tip_s1 metric=ms_per_token process=1 run=1 value=12.1300 outlier=false
arm=a14_tip_s1 metric=ms_per_token process=1 run=2 value=12.1190 outlier=false
arm=a14_tip_s1 metric=ms_per_token process=1 run=3 value=12.1460 outlier=false
arm=a14_tip_s1 metric=ms_per_token process=1 run=4 value=12.1990 outlier=false
arm=a14_tip_s1 metric=ms_per_token process=1 run=5 value=12.1560 outlier=false
arm=a14_tip_s1 metric=ms_per_token process=1 run=6 value=12.1760 outlier=false
arm=a14_tip_s1 metric=ms_per_token process=1 run=7 value=12.1780 outlier=false
arm=a14_tip_s1 metric=ms_per_token process=2 run=1 value=12.3000 outlier=true
arm=a14_tip_s1 metric=ms_per_token process=2 run=2 value=12.2010 outlier=false
arm=a14_tip_s1 metric=ms_per_token process=2 run=3 value=12.0990 outlier=false
arm=a14_tip_s1 metric=ms_per_token process=2 run=4 value=12.1540 outlier=false
arm=a14_tip_s1 metric=ms_per_token process=2 run=5 value=12.1360 outlier=false
arm=a14_tip_s1 metric=ms_per_token process=2 run=6 value=12.1460 outlier=false
arm=a14_tip_s1 metric=ms_per_token process=2 run=7 value=12.1670 outlier=false
summary arm=a14_tip_s1 metric=ms_per_token n_all=21 median_all=12.1560 cov_all_pct=0.53 min_all=12.0450 max_all=12.3000 | n_kept=18 median_kept=12.1515 mad_kept=0.0230 cov_kept_pct=0.36 min_kept=12.0450 max_kept=12.2010
arm=a14_tip_s1 metric=prefill_ms process=0 run=1 value=2539.0250 outlier=false
arm=a14_tip_s1 metric=prefill_ms process=0 run=2 value=2549.9760 outlier=false
arm=a14_tip_s1 metric=prefill_ms process=0 run=3 value=2543.0500 outlier=false
arm=a14_tip_s1 metric=prefill_ms process=0 run=4 value=2548.0340 outlier=false
arm=a14_tip_s1 metric=prefill_ms process=0 run=5 value=2535.0040 outlier=false
arm=a14_tip_s1 metric=prefill_ms process=0 run=6 value=2534.0620 outlier=false
arm=a14_tip_s1 metric=prefill_ms process=0 run=7 value=2542.0340 outlier=false
arm=a14_tip_s1 metric=prefill_ms process=1 run=1 value=2543.0460 outlier=false
arm=a14_tip_s1 metric=prefill_ms process=1 run=2 value=2537.9470 outlier=false
arm=a14_tip_s1 metric=prefill_ms process=1 run=3 value=2539.0120 outlier=false
arm=a14_tip_s1 metric=prefill_ms process=1 run=4 value=2546.9730 outlier=false
arm=a14_tip_s1 metric=prefill_ms process=1 run=5 value=2542.9960 outlier=false
arm=a14_tip_s1 metric=prefill_ms process=1 run=6 value=2534.0120 outlier=false
arm=a14_tip_s1 metric=prefill_ms process=1 run=7 value=2545.0250 outlier=false
arm=a14_tip_s1 metric=prefill_ms process=2 run=1 value=2533.0080 outlier=false
arm=a14_tip_s1 metric=prefill_ms process=2 run=2 value=2541.9720 outlier=false
arm=a14_tip_s1 metric=prefill_ms process=2 run=3 value=2543.9820 outlier=false
arm=a14_tip_s1 metric=prefill_ms process=2 run=4 value=2547.0200 outlier=false
arm=a14_tip_s1 metric=prefill_ms process=2 run=5 value=2549.0180 outlier=false
arm=a14_tip_s1 metric=prefill_ms process=2 run=6 value=2545.9510 outlier=false
arm=a14_tip_s1 metric=prefill_ms process=2 run=7 value=2542.9440 outlier=false
summary arm=a14_tip_s1 metric=prefill_ms n_all=21 median_all=2542.9960 cov_all_pct=0.20 min_all=2533.0080 max_all=2549.9760 | n_kept=21 median_kept=2542.9960 mad_kept=3.9770 cov_kept_pct=0.20 min_kept=2533.0080 max_kept=2549.9760
arm=a14_tip_s1 metric=ttft_ms process=0 run=1 value=2539.0000 outlier=false
arm=a14_tip_s1 metric=ttft_ms process=0 run=2 value=2550.0000 outlier=false
arm=a14_tip_s1 metric=ttft_ms process=0 run=3 value=2543.0000 outlier=false
arm=a14_tip_s1 metric=ttft_ms process=0 run=4 value=2548.0000 outlier=false
arm=a14_tip_s1 metric=ttft_ms process=0 run=5 value=2535.0000 outlier=false
arm=a14_tip_s1 metric=ttft_ms process=0 run=6 value=2534.0000 outlier=false
arm=a14_tip_s1 metric=ttft_ms process=0 run=7 value=2542.0000 outlier=false
arm=a14_tip_s1 metric=ttft_ms process=1 run=1 value=2543.0000 outlier=false
arm=a14_tip_s1 metric=ttft_ms process=1 run=2 value=2538.0000 outlier=false
arm=a14_tip_s1 metric=ttft_ms process=1 run=3 value=2539.0000 outlier=false
arm=a14_tip_s1 metric=ttft_ms process=1 run=4 value=2547.0000 outlier=false
arm=a14_tip_s1 metric=ttft_ms process=1 run=5 value=2543.0000 outlier=false
arm=a14_tip_s1 metric=ttft_ms process=1 run=6 value=2534.0000 outlier=false
arm=a14_tip_s1 metric=ttft_ms process=1 run=7 value=2545.0000 outlier=false
arm=a14_tip_s1 metric=ttft_ms process=2 run=1 value=2533.0000 outlier=false
arm=a14_tip_s1 metric=ttft_ms process=2 run=2 value=2542.0000 outlier=false
arm=a14_tip_s1 metric=ttft_ms process=2 run=3 value=2544.0000 outlier=false
arm=a14_tip_s1 metric=ttft_ms process=2 run=4 value=2547.0000 outlier=false
arm=a14_tip_s1 metric=ttft_ms process=2 run=5 value=2549.0000 outlier=false
arm=a14_tip_s1 metric=ttft_ms process=2 run=6 value=2546.0000 outlier=false
arm=a14_tip_s1 metric=ttft_ms process=2 run=7 value=2543.0000 outlier=false
summary arm=a14_tip_s1 metric=ttft_ms n_all=21 median_all=2543.0000 cov_all_pct=0.20 min_all=2533.0000 max_all=2550.0000 | n_kept=21 median_kept=2543.0000 mad_kept=4.0000 cov_kept_pct=0.20 min_kept=2533.0000 max_kept=2550.0000
memory arm=a14_tip_s1 metric=peak_rss_bytes process=0 value=3973840896
memory arm=a14_tip_s1 metric=peak_rss_bytes process=1 value=3950526464
memory arm=a14_tip_s1 metric=peak_rss_bytes process=2 value=3945103360
summary arm=a14_tip_s1 metric=peak_rss_bytes n=3 median=3950526464 max=3973840896
memory arm=a14_tip_s1 metric=peak_footprint_bytes process=0 value=710470848
memory arm=a14_tip_s1 metric=peak_footprint_bytes process=1 value=718122048
memory arm=a14_tip_s1 metric=peak_footprint_bytes process=2 value=721120704
summary arm=a14_tip_s1 metric=peak_footprint_bytes n=3 median=718122048 max=721120704
memory arm=a14_tip_s1 metric=peak_gpu_bytes process=0 value=5608554496
memory arm=a14_tip_s1 metric=peak_gpu_bytes process=1 value=5608554496
memory arm=a14_tip_s1 metric=peak_gpu_bytes process=2 value=5608554496
summary arm=a14_tip_s1 metric=peak_gpu_bytes n=3 median=5608554496 max=5608554496
extra arm=a14_tip_s1 process=0 peers_present_at_exit=[]
extra arm=a14_tip_s1 process=1 peers_present_at_exit=[]
extra arm=a14_tip_s1 process=2 peers_present_at_exit=[]
arm=a15_s2_mml metric=ms_per_token process=0 run=1 value=12.6060 outlier=false
arm=a15_s2_mml metric=ms_per_token process=0 run=2 value=12.6520 outlier=false
arm=a15_s2_mml metric=ms_per_token process=0 run=3 value=12.3230 outlier=false
arm=a15_s2_mml metric=ms_per_token process=0 run=4 value=12.2760 outlier=false
arm=a15_s2_mml metric=ms_per_token process=0 run=5 value=12.6090 outlier=false
arm=a15_s2_mml metric=ms_per_token process=0 run=6 value=12.4230 outlier=false
arm=a15_s2_mml metric=ms_per_token process=0 run=7 value=12.6410 outlier=false
arm=a15_s2_mml metric=ms_per_token process=1 run=1 value=12.0380 outlier=false
arm=a15_s2_mml metric=ms_per_token process=1 run=2 value=12.2300 outlier=false
arm=a15_s2_mml metric=ms_per_token process=1 run=3 value=12.1810 outlier=false
arm=a15_s2_mml metric=ms_per_token process=1 run=4 value=11.9830 outlier=false
arm=a15_s2_mml metric=ms_per_token process=1 run=5 value=12.0710 outlier=false
arm=a15_s2_mml metric=ms_per_token process=1 run=6 value=12.1820 outlier=false
arm=a15_s2_mml metric=ms_per_token process=1 run=7 value=12.4720 outlier=false
arm=a15_s2_mml metric=ms_per_token process=2 run=1 value=12.1460 outlier=false
arm=a15_s2_mml metric=ms_per_token process=2 run=2 value=12.1240 outlier=false
arm=a15_s2_mml metric=ms_per_token process=2 run=3 value=11.9590 outlier=false
arm=a15_s2_mml metric=ms_per_token process=2 run=4 value=12.0510 outlier=false
arm=a15_s2_mml metric=ms_per_token process=2 run=5 value=12.2330 outlier=false
arm=a15_s2_mml metric=ms_per_token process=2 run=6 value=12.1490 outlier=false
arm=a15_s2_mml metric=ms_per_token process=2 run=7 value=11.9950 outlier=false
summary arm=a15_s2_mml metric=ms_per_token n_all=21 median_all=12.1820 cov_all_pct=1.82 min_all=11.9590 max_all=12.6520 | n_kept=21 median_kept=12.1820 mad_kept=0.1410 cov_kept_pct=1.82 min_kept=11.9590 max_kept=12.6520
arm=a15_s2_mml metric=prefill_ms process=0 run=1 value=1620.9790 outlier=false
arm=a15_s2_mml metric=prefill_ms process=0 run=2 value=1616.0520 outlier=false
arm=a15_s2_mml metric=prefill_ms process=0 run=3 value=1615.0010 outlier=false
arm=a15_s2_mml metric=prefill_ms process=0 run=4 value=1609.9420 outlier=false
arm=a15_s2_mml metric=prefill_ms process=0 run=5 value=1613.9840 outlier=false
arm=a15_s2_mml metric=prefill_ms process=0 run=6 value=1618.9730 outlier=false
arm=a15_s2_mml metric=prefill_ms process=0 run=7 value=1614.0580 outlier=false
arm=a15_s2_mml metric=prefill_ms process=1 run=1 value=1621.9900 outlier=false
arm=a15_s2_mml metric=prefill_ms process=1 run=2 value=1610.0090 outlier=false
arm=a15_s2_mml metric=prefill_ms process=1 run=3 value=1624.0300 outlier=false
arm=a15_s2_mml metric=prefill_ms process=1 run=4 value=1612.0310 outlier=false
arm=a15_s2_mml metric=prefill_ms process=1 run=5 value=1614.0600 outlier=false
arm=a15_s2_mml metric=prefill_ms process=1 run=6 value=1619.0350 outlier=false
arm=a15_s2_mml metric=prefill_ms process=1 run=7 value=1620.0040 outlier=false
arm=a15_s2_mml metric=prefill_ms process=2 run=1 value=1614.0000 outlier=false
arm=a15_s2_mml metric=prefill_ms process=2 run=2 value=1621.9970 outlier=false
arm=a15_s2_mml metric=prefill_ms process=2 run=3 value=1621.9440 outlier=false
arm=a15_s2_mml metric=prefill_ms process=2 run=4 value=1628.0400 outlier=false
arm=a15_s2_mml metric=prefill_ms process=2 run=5 value=1619.0100 outlier=false
arm=a15_s2_mml metric=prefill_ms process=2 run=6 value=1619.0140 outlier=false
arm=a15_s2_mml metric=prefill_ms process=2 run=7 value=1617.0130 outlier=false
summary arm=a15_s2_mml metric=prefill_ms n_all=21 median_all=1618.9730 cov_all_pct=0.28 min_all=1609.9420 max_all=1628.0400 | n_kept=21 median_kept=1618.9730 mad_kept=3.0240 cov_kept_pct=0.28 min_kept=1609.9420 max_kept=1628.0400
arm=a15_s2_mml metric=ttft_ms process=0 run=1 value=1621.0000 outlier=false
arm=a15_s2_mml metric=ttft_ms process=0 run=2 value=1616.0000 outlier=false
arm=a15_s2_mml metric=ttft_ms process=0 run=3 value=1615.0000 outlier=false
arm=a15_s2_mml metric=ttft_ms process=0 run=4 value=1610.0000 outlier=false
arm=a15_s2_mml metric=ttft_ms process=0 run=5 value=1614.0000 outlier=false
arm=a15_s2_mml metric=ttft_ms process=0 run=6 value=1619.0000 outlier=false
arm=a15_s2_mml metric=ttft_ms process=0 run=7 value=1614.0000 outlier=false
arm=a15_s2_mml metric=ttft_ms process=1 run=1 value=1622.0000 outlier=false
arm=a15_s2_mml metric=ttft_ms process=1 run=2 value=1610.0000 outlier=false
arm=a15_s2_mml metric=ttft_ms process=1 run=3 value=1624.0000 outlier=false
arm=a15_s2_mml metric=ttft_ms process=1 run=4 value=1612.0000 outlier=false
arm=a15_s2_mml metric=ttft_ms process=1 run=5 value=1614.0000 outlier=false
arm=a15_s2_mml metric=ttft_ms process=1 run=6 value=1619.0000 outlier=false
arm=a15_s2_mml metric=ttft_ms process=1 run=7 value=1620.0000 outlier=false
arm=a15_s2_mml metric=ttft_ms process=2 run=1 value=1614.0000 outlier=false
arm=a15_s2_mml metric=ttft_ms process=2 run=2 value=1622.0000 outlier=false
arm=a15_s2_mml metric=ttft_ms process=2 run=3 value=1622.0000 outlier=false
arm=a15_s2_mml metric=ttft_ms process=2 run=4 value=1628.0000 outlier=false
arm=a15_s2_mml metric=ttft_ms process=2 run=5 value=1619.0000 outlier=false
arm=a15_s2_mml metric=ttft_ms process=2 run=6 value=1619.0000 outlier=false
arm=a15_s2_mml metric=ttft_ms process=2 run=7 value=1617.0000 outlier=false
summary arm=a15_s2_mml metric=ttft_ms n_all=21 median_all=1619.0000 cov_all_pct=0.28 min_all=1610.0000 max_all=1628.0000 | n_kept=21 median_kept=1619.0000 mad_kept=3.0000 cov_kept_pct=0.28 min_kept=1610.0000 max_kept=1628.0000
memory arm=a15_s2_mml metric=peak_rss_bytes process=0 value=3932569600
memory arm=a15_s2_mml metric=peak_rss_bytes process=1 value=3943497728
memory arm=a15_s2_mml metric=peak_rss_bytes process=2 value=3986751488
summary arm=a15_s2_mml metric=peak_rss_bytes n=3 median=3943497728 max=3986751488
memory arm=a15_s2_mml metric=peak_footprint_bytes process=0 value=727952384
memory arm=a15_s2_mml metric=peak_footprint_bytes process=1 value=719990016
memory arm=a15_s2_mml metric=peak_footprint_bytes process=2 value=715353088
summary arm=a15_s2_mml metric=peak_footprint_bytes n=3 median=719990016 max=727952384
memory arm=a15_s2_mml metric=peak_gpu_bytes process=0 value=5608554496
memory arm=a15_s2_mml metric=peak_gpu_bytes process=1 value=5608554496
memory arm=a15_s2_mml metric=peak_gpu_bytes process=2 value=5608554496
summary arm=a15_s2_mml metric=peak_gpu_bytes n=3 median=5608554496 max=5608554496
extra arm=a15_s2_mml process=0 peers_present_at_exit=[]
extra arm=a15_s2_mml process=1 peers_present_at_exit=[]
extra arm=a15_s2_mml process=2 peers_present_at_exit=[]
arm=a16_s2fix_3a933038 metric=ms_per_token process=0 run=1 value=12.6420 outlier=true
arm=a16_s2fix_3a933038 metric=ms_per_token process=0 run=2 value=12.4550 outlier=false
arm=a16_s2fix_3a933038 metric=ms_per_token process=0 run=3 value=12.5570 outlier=true
arm=a16_s2fix_3a933038 metric=ms_per_token process=0 run=4 value=12.5460 outlier=true
arm=a16_s2fix_3a933038 metric=ms_per_token process=0 run=5 value=12.4620 outlier=false
arm=a16_s2fix_3a933038 metric=ms_per_token process=0 run=6 value=12.1470 outlier=false
arm=a16_s2fix_3a933038 metric=ms_per_token process=0 run=7 value=11.8280 outlier=false
arm=a16_s2fix_3a933038 metric=ms_per_token process=1 run=1 value=12.2530 outlier=false
arm=a16_s2fix_3a933038 metric=ms_per_token process=1 run=2 value=12.1260 outlier=false
arm=a16_s2fix_3a933038 metric=ms_per_token process=1 run=3 value=12.1800 outlier=false
arm=a16_s2fix_3a933038 metric=ms_per_token process=1 run=4 value=12.0690 outlier=false
arm=a16_s2fix_3a933038 metric=ms_per_token process=1 run=5 value=12.1240 outlier=false
arm=a16_s2fix_3a933038 metric=ms_per_token process=1 run=6 value=12.1290 outlier=false
arm=a16_s2fix_3a933038 metric=ms_per_token process=1 run=7 value=12.0720 outlier=false
arm=a16_s2fix_3a933038 metric=ms_per_token process=2 run=1 value=12.2040 outlier=false
arm=a16_s2fix_3a933038 metric=ms_per_token process=2 run=2 value=12.0810 outlier=false
arm=a16_s2fix_3a933038 metric=ms_per_token process=2 run=3 value=12.2140 outlier=false
arm=a16_s2fix_3a933038 metric=ms_per_token process=2 run=4 value=12.2020 outlier=false
arm=a16_s2fix_3a933038 metric=ms_per_token process=2 run=5 value=12.1510 outlier=false
arm=a16_s2fix_3a933038 metric=ms_per_token process=2 run=6 value=12.0560 outlier=false
arm=a16_s2fix_3a933038 metric=ms_per_token process=2 run=7 value=11.9940 outlier=false
summary arm=a16_s2fix_3a933038 metric=ms_per_token n_all=21 median_all=12.1510 cov_all_pct=1.64 min_all=11.8280 max_all=12.6420 | n_kept=18 median_kept=12.1380 mad_kept=0.0660 cov_kept_pct=1.18 min_kept=11.8280 max_kept=12.4620
arm=a16_s2fix_3a933038 metric=prefill_ms process=0 run=1 value=1444.9370 outlier=false
arm=a16_s2fix_3a933038 metric=prefill_ms process=0 run=2 value=1434.9930 outlier=false
arm=a16_s2fix_3a933038 metric=prefill_ms process=0 run=3 value=1441.9880 outlier=false
arm=a16_s2fix_3a933038 metric=prefill_ms process=0 run=4 value=1433.0440 outlier=false
arm=a16_s2fix_3a933038 metric=prefill_ms process=0 run=5 value=1437.9370 outlier=false
arm=a16_s2fix_3a933038 metric=prefill_ms process=0 run=6 value=1436.0080 outlier=false
arm=a16_s2fix_3a933038 metric=prefill_ms process=0 run=7 value=1441.0040 outlier=false
arm=a16_s2fix_3a933038 metric=prefill_ms process=1 run=1 value=1442.9700 outlier=false
arm=a16_s2fix_3a933038 metric=prefill_ms process=1 run=2 value=1432.9650 outlier=false
arm=a16_s2fix_3a933038 metric=prefill_ms process=1 run=3 value=1437.0170 outlier=false
arm=a16_s2fix_3a933038 metric=prefill_ms process=1 run=4 value=1440.0380 outlier=false
arm=a16_s2fix_3a933038 metric=prefill_ms process=1 run=5 value=1439.0040 outlier=false
arm=a16_s2fix_3a933038 metric=prefill_ms process=1 run=6 value=1444.0090 outlier=false
arm=a16_s2fix_3a933038 metric=prefill_ms process=1 run=7 value=1435.9680 outlier=false
arm=a16_s2fix_3a933038 metric=prefill_ms process=2 run=1 value=1441.9620 outlier=false
arm=a16_s2fix_3a933038 metric=prefill_ms process=2 run=2 value=1431.0200 outlier=false
arm=a16_s2fix_3a933038 metric=prefill_ms process=2 run=3 value=1435.9490 outlier=false
arm=a16_s2fix_3a933038 metric=prefill_ms process=2 run=4 value=1440.9920 outlier=false
arm=a16_s2fix_3a933038 metric=prefill_ms process=2 run=5 value=1438.9850 outlier=false
arm=a16_s2fix_3a933038 metric=prefill_ms process=2 run=6 value=1438.0620 outlier=false
arm=a16_s2fix_3a933038 metric=prefill_ms process=2 run=7 value=1438.0030 outlier=false
summary arm=a16_s2fix_3a933038 metric=prefill_ms n_all=21 median_all=1438.0620 cov_all_pct=0.25 min_all=1431.0200 max_all=1444.9370 | n_kept=21 median_kept=1438.0620 mad_kept=2.9300 cov_kept_pct=0.25 min_kept=1431.0200 max_kept=1444.9370
arm=a16_s2fix_3a933038 metric=ttft_ms process=0 run=1 value=1445.0000 outlier=false
arm=a16_s2fix_3a933038 metric=ttft_ms process=0 run=2 value=1435.0000 outlier=false
arm=a16_s2fix_3a933038 metric=ttft_ms process=0 run=3 value=1442.0000 outlier=false
arm=a16_s2fix_3a933038 metric=ttft_ms process=0 run=4 value=1433.0000 outlier=false
arm=a16_s2fix_3a933038 metric=ttft_ms process=0 run=5 value=1438.0000 outlier=false
arm=a16_s2fix_3a933038 metric=ttft_ms process=0 run=6 value=1436.0000 outlier=false
arm=a16_s2fix_3a933038 metric=ttft_ms process=0 run=7 value=1441.0000 outlier=false
arm=a16_s2fix_3a933038 metric=ttft_ms process=1 run=1 value=1443.0000 outlier=false
arm=a16_s2fix_3a933038 metric=ttft_ms process=1 run=2 value=1433.0000 outlier=false
arm=a16_s2fix_3a933038 metric=ttft_ms process=1 run=3 value=1437.0000 outlier=false
arm=a16_s2fix_3a933038 metric=ttft_ms process=1 run=4 value=1440.0000 outlier=false
arm=a16_s2fix_3a933038 metric=ttft_ms process=1 run=5 value=1439.0000 outlier=false
arm=a16_s2fix_3a933038 metric=ttft_ms process=1 run=6 value=1444.0000 outlier=false
arm=a16_s2fix_3a933038 metric=ttft_ms process=1 run=7 value=1436.0000 outlier=false
arm=a16_s2fix_3a933038 metric=ttft_ms process=2 run=1 value=1442.0000 outlier=false
arm=a16_s2fix_3a933038 metric=ttft_ms process=2 run=2 value=1431.0000 outlier=false
arm=a16_s2fix_3a933038 metric=ttft_ms process=2 run=3 value=1436.0000 outlier=false
arm=a16_s2fix_3a933038 metric=ttft_ms process=2 run=4 value=1441.0000 outlier=false
arm=a16_s2fix_3a933038 metric=ttft_ms process=2 run=5 value=1439.0000 outlier=false
arm=a16_s2fix_3a933038 metric=ttft_ms process=2 run=6 value=1438.0000 outlier=false
arm=a16_s2fix_3a933038 metric=ttft_ms process=2 run=7 value=1438.0000 outlier=false
summary arm=a16_s2fix_3a933038 metric=ttft_ms n_all=21 median_all=1438.0000 cov_all_pct=0.26 min_all=1431.0000 max_all=1445.0000 | n_kept=21 median_kept=1438.0000 mad_kept=3.0000 cov_kept_pct=0.26 min_kept=1431.0000 max_kept=1445.0000
memory arm=a16_s2fix_3a933038 metric=peak_rss_bytes process=0 value=3976757248
memory arm=a16_s2fix_3a933038 metric=peak_rss_bytes process=1 value=3979624448
memory arm=a16_s2fix_3a933038 metric=peak_rss_bytes process=2 value=3994419200
summary arm=a16_s2fix_3a933038 metric=peak_rss_bytes n=3 median=3979624448 max=3994419200
memory arm=a16_s2fix_3a933038 metric=peak_footprint_bytes process=0 value=724905280
memory arm=a16_s2fix_3a933038 metric=peak_footprint_bytes process=1 value=732015936
memory arm=a16_s2fix_3a933038 metric=peak_footprint_bytes process=2 value=729934976
summary arm=a16_s2fix_3a933038 metric=peak_footprint_bytes n=3 median=729934976 max=732015936
memory arm=a16_s2fix_3a933038 metric=peak_gpu_bytes process=0 value=5608554496
memory arm=a16_s2fix_3a933038 metric=peak_gpu_bytes process=1 value=5608554496
memory arm=a16_s2fix_3a933038 metric=peak_gpu_bytes process=2 value=5608554496
summary arm=a16_s2fix_3a933038 metric=peak_gpu_bytes n=3 median=5608554496 max=5608554496
extra arm=a16_s2fix_3a933038 process=0 peers_present_at_exit=[]
extra arm=a16_s2fix_3a933038 process=1 peers_present_at_exit=[]
extra arm=a16_s2fix_3a933038 process=2 peers_present_at_exit=[]
arm=a17_head_8ef12e94 metric=ms_per_token process=0 run=1 value=12.3950 outlier=true
arm=a17_head_8ef12e94 metric=ms_per_token process=0 run=2 value=12.4550 outlier=true
arm=a17_head_8ef12e94 metric=ms_per_token process=0 run=3 value=12.0810 outlier=false
arm=a17_head_8ef12e94 metric=ms_per_token process=0 run=4 value=12.1880 outlier=false
arm=a17_head_8ef12e94 metric=ms_per_token process=0 run=5 value=12.1550 outlier=false
arm=a17_head_8ef12e94 metric=ms_per_token process=0 run=6 value=12.1330 outlier=false
arm=a17_head_8ef12e94 metric=ms_per_token process=0 run=7 value=12.1120 outlier=false
arm=a17_head_8ef12e94 metric=ms_per_token process=1 run=1 value=12.1180 outlier=false
arm=a17_head_8ef12e94 metric=ms_per_token process=1 run=2 value=12.1700 outlier=false
arm=a17_head_8ef12e94 metric=ms_per_token process=1 run=3 value=12.0630 outlier=false
arm=a17_head_8ef12e94 metric=ms_per_token process=1 run=4 value=12.1790 outlier=false
arm=a17_head_8ef12e94 metric=ms_per_token process=1 run=5 value=12.1680 outlier=false
arm=a17_head_8ef12e94 metric=ms_per_token process=1 run=6 value=12.2990 outlier=false
arm=a17_head_8ef12e94 metric=ms_per_token process=1 run=7 value=12.1770 outlier=false
arm=a17_head_8ef12e94 metric=ms_per_token process=2 run=1 value=12.0460 outlier=false
arm=a17_head_8ef12e94 metric=ms_per_token process=2 run=2 value=12.1860 outlier=false
arm=a17_head_8ef12e94 metric=ms_per_token process=2 run=3 value=12.1530 outlier=false
arm=a17_head_8ef12e94 metric=ms_per_token process=2 run=4 value=12.1290 outlier=false
arm=a17_head_8ef12e94 metric=ms_per_token process=2 run=5 value=12.1150 outlier=false
arm=a17_head_8ef12e94 metric=ms_per_token process=2 run=6 value=12.1100 outlier=false
arm=a17_head_8ef12e94 metric=ms_per_token process=2 run=7 value=12.1310 outlier=false
summary arm=a17_head_8ef12e94 metric=ms_per_token n_all=21 median_all=12.1530 cov_all_pct=0.81 min_all=12.0460 max_all=12.4550 | n_kept=19 median_kept=12.1330 mad_kept=0.0350 cov_kept_pct=0.45 min_kept=12.0460 max_kept=12.2990
arm=a17_head_8ef12e94 metric=prefill_ms process=0 run=1 value=1431.0630 outlier=false
arm=a17_head_8ef12e94 metric=prefill_ms process=0 run=2 value=1433.9530 outlier=false
arm=a17_head_8ef12e94 metric=prefill_ms process=0 run=3 value=1435.9610 outlier=false
arm=a17_head_8ef12e94 metric=prefill_ms process=0 run=4 value=1433.0430 outlier=false
arm=a17_head_8ef12e94 metric=prefill_ms process=0 run=5 value=1442.9600 outlier=false
arm=a17_head_8ef12e94 metric=prefill_ms process=0 run=6 value=1438.9860 outlier=false
arm=a17_head_8ef12e94 metric=prefill_ms process=0 run=7 value=1430.9910 outlier=false
arm=a17_head_8ef12e94 metric=prefill_ms process=1 run=1 value=1439.0240 outlier=false
arm=a17_head_8ef12e94 metric=prefill_ms process=1 run=2 value=1443.0210 outlier=false
arm=a17_head_8ef12e94 metric=prefill_ms process=1 run=3 value=1432.0190 outlier=false
arm=a17_head_8ef12e94 metric=prefill_ms process=1 run=4 value=1438.9440 outlier=false
arm=a17_head_8ef12e94 metric=prefill_ms process=1 run=5 value=1439.9660 outlier=false
arm=a17_head_8ef12e94 metric=prefill_ms process=1 run=6 value=1441.9620 outlier=false
arm=a17_head_8ef12e94 metric=prefill_ms process=1 run=7 value=1450.0010 outlier=false
arm=a17_head_8ef12e94 metric=prefill_ms process=2 run=1 value=1438.0250 outlier=false
arm=a17_head_8ef12e94 metric=prefill_ms process=2 run=2 value=1442.9900 outlier=false
arm=a17_head_8ef12e94 metric=prefill_ms process=2 run=3 value=1441.0060 outlier=false
arm=a17_head_8ef12e94 metric=prefill_ms process=2 run=4 value=1439.9370 outlier=false
arm=a17_head_8ef12e94 metric=prefill_ms process=2 run=5 value=1441.9840 outlier=false
arm=a17_head_8ef12e94 metric=prefill_ms process=2 run=6 value=1441.0090 outlier=false
arm=a17_head_8ef12e94 metric=prefill_ms process=2 run=7 value=1437.9850 outlier=false
summary arm=a17_head_8ef12e94 metric=prefill_ms n_all=21 median_all=1439.0240 cov_all_pct=0.32 min_all=1430.9910 max_all=1450.0010 | n_kept=21 median_kept=1439.0240 mad_kept=2.9600 cov_kept_pct=0.32 min_kept=1430.9910 max_kept=1450.0010
arm=a17_head_8ef12e94 metric=ttft_ms process=0 run=1 value=1431.0000 outlier=false
arm=a17_head_8ef12e94 metric=ttft_ms process=0 run=2 value=1434.0000 outlier=false
arm=a17_head_8ef12e94 metric=ttft_ms process=0 run=3 value=1436.0000 outlier=false
arm=a17_head_8ef12e94 metric=ttft_ms process=0 run=4 value=1433.0000 outlier=false
arm=a17_head_8ef12e94 metric=ttft_ms process=0 run=5 value=1443.0000 outlier=false
arm=a17_head_8ef12e94 metric=ttft_ms process=0 run=6 value=1439.0000 outlier=false
arm=a17_head_8ef12e94 metric=ttft_ms process=0 run=7 value=1431.0000 outlier=false
arm=a17_head_8ef12e94 metric=ttft_ms process=1 run=1 value=1439.0000 outlier=false
arm=a17_head_8ef12e94 metric=ttft_ms process=1 run=2 value=1443.0000 outlier=false
arm=a17_head_8ef12e94 metric=ttft_ms process=1 run=3 value=1432.0000 outlier=false
arm=a17_head_8ef12e94 metric=ttft_ms process=1 run=4 value=1439.0000 outlier=false
arm=a17_head_8ef12e94 metric=ttft_ms process=1 run=5 value=1440.0000 outlier=false
arm=a17_head_8ef12e94 metric=ttft_ms process=1 run=6 value=1442.0000 outlier=false
arm=a17_head_8ef12e94 metric=ttft_ms process=1 run=7 value=1450.0000 outlier=false
arm=a17_head_8ef12e94 metric=ttft_ms process=2 run=1 value=1438.0000 outlier=false
arm=a17_head_8ef12e94 metric=ttft_ms process=2 run=2 value=1443.0000 outlier=false
arm=a17_head_8ef12e94 metric=ttft_ms process=2 run=3 value=1441.0000 outlier=false
arm=a17_head_8ef12e94 metric=ttft_ms process=2 run=4 value=1440.0000 outlier=false
arm=a17_head_8ef12e94 metric=ttft_ms process=2 run=5 value=1442.0000 outlier=false
arm=a17_head_8ef12e94 metric=ttft_ms process=2 run=6 value=1441.0000 outlier=false
arm=a17_head_8ef12e94 metric=ttft_ms process=2 run=7 value=1438.0000 outlier=false
summary arm=a17_head_8ef12e94 metric=ttft_ms n_all=21 median_all=1439.0000 cov_all_pct=0.32 min_all=1431.0000 max_all=1450.0000 | n_kept=21 median_kept=1439.0000 mad_kept=3.0000 cov_kept_pct=0.32 min_kept=1431.0000 max_kept=1450.0000
memory arm=a17_head_8ef12e94 metric=peak_rss_bytes process=0 value=4022075392
memory arm=a17_head_8ef12e94 metric=peak_rss_bytes process=1 value=3969679360
memory arm=a17_head_8ef12e94 metric=peak_rss_bytes process=2 value=3972792320
summary arm=a17_head_8ef12e94 metric=peak_rss_bytes n=3 median=3972792320 max=4022075392
memory arm=a17_head_8ef12e94 metric=peak_footprint_bytes process=0 value=720465024
memory arm=a17_head_8ef12e94 metric=peak_footprint_bytes process=1 value=721497344
memory arm=a17_head_8ef12e94 metric=peak_footprint_bytes process=2 value=724511616
summary arm=a17_head_8ef12e94 metric=peak_footprint_bytes n=3 median=721497344 max=724511616
memory arm=a17_head_8ef12e94 metric=peak_gpu_bytes process=0 value=5608554496
memory arm=a17_head_8ef12e94 metric=peak_gpu_bytes process=1 value=5608554496
memory arm=a17_head_8ef12e94 metric=peak_gpu_bytes process=2 value=5608554496
summary arm=a17_head_8ef12e94 metric=peak_gpu_bytes n=3 median=5608554496 max=5608554496
extra arm=a17_head_8ef12e94 process=0 peers_present_at_exit=[]
extra arm=a17_head_8ef12e94 process=1 peers_present_at_exit=[]
extra arm=a17_head_8ef12e94 process=2 peers_present_at_exit=[]
arm=a18_head_copy metric=ms_per_token process=0 run=1 value=12.6960 outlier=true
arm=a18_head_copy metric=ms_per_token process=0 run=2 value=12.5590 outlier=true
arm=a18_head_copy metric=ms_per_token process=0 run=3 value=12.3600 outlier=true
arm=a18_head_copy metric=ms_per_token process=0 run=4 value=12.0950 outlier=false
arm=a18_head_copy metric=ms_per_token process=0 run=5 value=12.1620 outlier=false
arm=a18_head_copy metric=ms_per_token process=0 run=6 value=12.0730 outlier=false
arm=a18_head_copy metric=ms_per_token process=0 run=7 value=11.9620 outlier=true
arm=a18_head_copy metric=ms_per_token process=1 run=1 value=12.1220 outlier=false
arm=a18_head_copy metric=ms_per_token process=1 run=2 value=12.0530 outlier=false
arm=a18_head_copy metric=ms_per_token process=1 run=3 value=12.1560 outlier=false
arm=a18_head_copy metric=ms_per_token process=1 run=4 value=12.0870 outlier=false
arm=a18_head_copy metric=ms_per_token process=1 run=5 value=12.1060 outlier=false
arm=a18_head_copy metric=ms_per_token process=1 run=6 value=12.1420 outlier=false
arm=a18_head_copy metric=ms_per_token process=1 run=7 value=12.1170 outlier=false
arm=a18_head_copy metric=ms_per_token process=2 run=1 value=12.1400 outlier=false
arm=a18_head_copy metric=ms_per_token process=2 run=2 value=12.1560 outlier=false
arm=a18_head_copy metric=ms_per_token process=2 run=3 value=12.1040 outlier=false
arm=a18_head_copy metric=ms_per_token process=2 run=4 value=12.0960 outlier=false
arm=a18_head_copy metric=ms_per_token process=2 run=5 value=12.0530 outlier=false
arm=a18_head_copy metric=ms_per_token process=2 run=6 value=12.2080 outlier=false
arm=a18_head_copy metric=ms_per_token process=2 run=7 value=12.1840 outlier=false
summary arm=a18_head_copy metric=ms_per_token n_all=21 median_all=12.1220 cov_all_pct=1.36 min_all=11.9620 max_all=12.6960 | n_kept=17 median_kept=12.1170 mad_kept=0.0300 cov_kept_pct=0.35 min_kept=12.0530 max_kept=12.2080
arm=a18_head_copy metric=prefill_ms process=0 run=1 value=1441.9930 outlier=false
arm=a18_head_copy metric=prefill_ms process=0 run=2 value=1438.9600 outlier=false
arm=a18_head_copy metric=prefill_ms process=0 run=3 value=1440.0140 outlier=false
arm=a18_head_copy metric=prefill_ms process=0 run=4 value=1438.0620 outlier=false
arm=a18_head_copy metric=prefill_ms process=0 run=5 value=1437.9810 outlier=false
arm=a18_head_copy metric=prefill_ms process=0 run=6 value=1436.9700 outlier=false
arm=a18_head_copy metric=prefill_ms process=0 run=7 value=1437.9610 outlier=false
arm=a18_head_copy metric=prefill_ms process=1 run=1 value=1440.0090 outlier=false
arm=a18_head_copy metric=prefill_ms process=1 run=2 value=1437.9920 outlier=false
arm=a18_head_copy metric=prefill_ms process=1 run=3 value=1433.9750 outlier=false
arm=a18_head_copy metric=prefill_ms process=1 run=4 value=1446.0390 outlier=false
arm=a18_head_copy metric=prefill_ms process=1 run=5 value=1439.0090 outlier=false
arm=a18_head_copy metric=prefill_ms process=1 run=6 value=1444.0430 outlier=false
arm=a18_head_copy metric=prefill_ms process=1 run=7 value=1445.0530 outlier=false
arm=a18_head_copy metric=prefill_ms process=2 run=1 value=1442.0490 outlier=false
arm=a18_head_copy metric=prefill_ms process=2 run=2 value=1433.9690 outlier=false
arm=a18_head_copy metric=prefill_ms process=2 run=3 value=1432.0620 outlier=false
arm=a18_head_copy metric=prefill_ms process=2 run=4 value=1432.9510 outlier=false
arm=a18_head_copy metric=prefill_ms process=2 run=5 value=1441.9490 outlier=false
arm=a18_head_copy metric=prefill_ms process=2 run=6 value=1436.9510 outlier=false
arm=a18_head_copy metric=prefill_ms process=2 run=7 value=1437.0630 outlier=false
summary arm=a18_head_copy metric=prefill_ms n_all=21 median_all=1438.0620 cov_all_pct=0.26 min_all=1432.0620 max_all=1446.0390 | n_kept=21 median_kept=1438.0620 mad_kept=1.9520 cov_kept_pct=0.26 min_kept=1432.0620 max_kept=1446.0390
arm=a18_head_copy metric=ttft_ms process=0 run=1 value=1442.0000 outlier=false
arm=a18_head_copy metric=ttft_ms process=0 run=2 value=1439.0000 outlier=false
arm=a18_head_copy metric=ttft_ms process=0 run=3 value=1440.0000 outlier=false
arm=a18_head_copy metric=ttft_ms process=0 run=4 value=1438.0000 outlier=false
arm=a18_head_copy metric=ttft_ms process=0 run=5 value=1438.0000 outlier=false
arm=a18_head_copy metric=ttft_ms process=0 run=6 value=1437.0000 outlier=false
arm=a18_head_copy metric=ttft_ms process=0 run=7 value=1438.0000 outlier=false
arm=a18_head_copy metric=ttft_ms process=1 run=1 value=1440.0000 outlier=false
arm=a18_head_copy metric=ttft_ms process=1 run=2 value=1438.0000 outlier=false
arm=a18_head_copy metric=ttft_ms process=1 run=3 value=1434.0000 outlier=false
arm=a18_head_copy metric=ttft_ms process=1 run=4 value=1446.0000 outlier=false
arm=a18_head_copy metric=ttft_ms process=1 run=5 value=1439.0000 outlier=false
arm=a18_head_copy metric=ttft_ms process=1 run=6 value=1444.0000 outlier=false
arm=a18_head_copy metric=ttft_ms process=1 run=7 value=1445.0000 outlier=false
arm=a18_head_copy metric=ttft_ms process=2 run=1 value=1442.0000 outlier=false
arm=a18_head_copy metric=ttft_ms process=2 run=2 value=1434.0000 outlier=false
arm=a18_head_copy metric=ttft_ms process=2 run=3 value=1432.0000 outlier=false
arm=a18_head_copy metric=ttft_ms process=2 run=4 value=1433.0000 outlier=false
arm=a18_head_copy metric=ttft_ms process=2 run=5 value=1442.0000 outlier=false
arm=a18_head_copy metric=ttft_ms process=2 run=6 value=1437.0000 outlier=false
arm=a18_head_copy metric=ttft_ms process=2 run=7 value=1437.0000 outlier=false
summary arm=a18_head_copy metric=ttft_ms n_all=21 median_all=1438.0000 cov_all_pct=0.26 min_all=1432.0000 max_all=1446.0000 | n_kept=21 median_kept=1438.0000 mad_kept=2.0000 cov_kept_pct=0.26 min_kept=1432.0000 max_kept=1446.0000
memory arm=a18_head_copy metric=peak_rss_bytes process=0 value=4055187456
memory arm=a18_head_copy metric=peak_rss_bytes process=1 value=3987505152
memory arm=a18_head_copy metric=peak_rss_bytes process=2 value=3955539968
summary arm=a18_head_copy metric=peak_rss_bytes n=3 median=3987505152 max=4055187456
memory arm=a18_head_copy metric=peak_footprint_bytes process=0 value=713862208
memory arm=a18_head_copy metric=peak_footprint_bytes process=1 value=725183808
memory arm=a18_head_copy metric=peak_footprint_bytes process=2 value=708406464
summary arm=a18_head_copy metric=peak_footprint_bytes n=3 median=713862208 max=725183808
memory arm=a18_head_copy metric=peak_gpu_bytes process=0 value=5608554496
memory arm=a18_head_copy metric=peak_gpu_bytes process=1 value=5608554496
memory arm=a18_head_copy metric=peak_gpu_bytes process=2 value=5608554496
summary arm=a18_head_copy metric=peak_gpu_bytes n=3 median=5608554496 max=5608554496
extra arm=a18_head_copy process=0 peers_present_at_exit=[]
extra arm=a18_head_copy process=1 peers_present_at_exit=[]
extra arm=a18_head_copy process=2 peers_present_at_exit=[]
arm=llama-server metric=ms_per_token process=0 run=1 value=9.1165 outlier=false
arm=llama-server metric=ms_per_token process=0 run=2 value=9.1271 outlier=false
arm=llama-server metric=ms_per_token process=0 run=3 value=9.4406 outlier=false
arm=llama-server metric=ms_per_token process=0 run=4 value=9.4537 outlier=true
arm=llama-server metric=ms_per_token process=0 run=5 value=9.2495 outlier=false
arm=llama-server metric=ms_per_token process=0 run=6 value=9.1331 outlier=false
arm=llama-server metric=ms_per_token process=0 run=7 value=9.1541 outlier=false
arm=llama-server metric=ms_per_token process=1 run=1 value=9.1592 outlier=false
arm=llama-server metric=ms_per_token process=1 run=2 value=9.0478 outlier=false
arm=llama-server metric=ms_per_token process=1 run=3 value=9.0869 outlier=false
arm=llama-server metric=ms_per_token process=1 run=4 value=9.0943 outlier=false
arm=llama-server metric=ms_per_token process=1 run=5 value=9.0786 outlier=false
arm=llama-server metric=ms_per_token process=1 run=6 value=9.1933 outlier=false
arm=llama-server metric=ms_per_token process=1 run=7 value=9.1133 outlier=false
arm=llama-server metric=ms_per_token process=2 run=1 value=9.2998 outlier=false
arm=llama-server metric=ms_per_token process=2 run=2 value=9.3290 outlier=false
arm=llama-server metric=ms_per_token process=2 run=3 value=9.2100 outlier=false
arm=llama-server metric=ms_per_token process=2 run=4 value=9.1817 outlier=false
arm=llama-server metric=ms_per_token process=2 run=5 value=9.3198 outlier=false
arm=llama-server metric=ms_per_token process=2 run=6 value=9.0563 outlier=false
arm=llama-server metric=ms_per_token process=2 run=7 value=9.0086 outlier=false
summary arm=llama-server metric=ms_per_token n_all=21 median_all=9.1541 cov_all_pct=1.32 min_all=9.0086 max_all=9.4537 | n_kept=20 median_kept=9.1436 mad_kept=0.0608 cov_kept_pct=1.17 min_kept=9.0086 max_kept=9.4406
arm=llama-server metric=prefill_ms process=0 run=1 value=572.6900 outlier=false
arm=llama-server metric=prefill_ms process=0 run=2 value=573.6600 outlier=false
arm=llama-server metric=prefill_ms process=0 run=3 value=584.4370 outlier=true
arm=llama-server metric=prefill_ms process=0 run=4 value=619.9390 outlier=true
arm=llama-server metric=prefill_ms process=0 run=5 value=605.5880 outlier=true
arm=llama-server metric=prefill_ms process=0 run=6 value=583.3930 outlier=false
arm=llama-server metric=prefill_ms process=0 run=7 value=583.3960 outlier=false
arm=llama-server metric=prefill_ms process=1 run=1 value=568.7910 outlier=false
arm=llama-server metric=prefill_ms process=1 run=2 value=568.7370 outlier=false
arm=llama-server metric=prefill_ms process=1 run=3 value=568.6810 outlier=false
arm=llama-server metric=prefill_ms process=1 run=4 value=569.1810 outlier=false
arm=llama-server metric=prefill_ms process=1 run=5 value=571.5940 outlier=false
arm=llama-server metric=prefill_ms process=1 run=6 value=568.5810 outlier=false
arm=llama-server metric=prefill_ms process=1 run=7 value=571.6130 outlier=false
arm=llama-server metric=prefill_ms process=2 run=1 value=576.3680 outlier=false
arm=llama-server metric=prefill_ms process=2 run=2 value=568.9390 outlier=false
arm=llama-server metric=prefill_ms process=2 run=3 value=571.1110 outlier=false
arm=llama-server metric=prefill_ms process=2 run=4 value=573.4210 outlier=false
arm=llama-server metric=prefill_ms process=2 run=5 value=571.8490 outlier=false
arm=llama-server metric=prefill_ms process=2 run=6 value=568.4720 outlier=false
arm=llama-server metric=prefill_ms process=2 run=7 value=570.5100 outlier=false
summary arm=llama-server metric=prefill_ms n_all=21 median_all=571.6130 cov_all_pct=2.23 min_all=568.4720 max_all=619.9390 | n_kept=18 median_kept=571.3525 mad_kept=2.3605 cov_kept_pct=0.78 min_kept=568.4720 max_kept=583.3960
arm=llama-server metric=ttft_ms process=0 run=1 value=575.2334 outlier=false
arm=llama-server metric=ttft_ms process=0 run=2 value=576.2665 outlier=false
arm=llama-server metric=ttft_ms process=0 run=3 value=586.9401 outlier=true
arm=llama-server metric=ttft_ms process=0 run=4 value=622.4048 outlier=true
arm=llama-server metric=ttft_ms process=0 run=5 value=608.0736 outlier=true
arm=llama-server metric=ttft_ms process=0 run=6 value=585.9112 outlier=false
arm=llama-server metric=ttft_ms process=0 run=7 value=585.8774 outlier=false
arm=llama-server metric=ttft_ms process=1 run=1 value=571.3373 outlier=false
arm=llama-server metric=ttft_ms process=1 run=2 value=571.4467 outlier=false
arm=llama-server metric=ttft_ms process=1 run=3 value=571.1686 outlier=false
arm=llama-server metric=ttft_ms process=1 run=4 value=571.6682 outlier=false
arm=llama-server metric=ttft_ms process=1 run=5 value=574.2253 outlier=false
arm=llama-server metric=ttft_ms process=1 run=6 value=571.2009 outlier=false
arm=llama-server metric=ttft_ms process=1 run=7 value=574.2654 outlier=false
arm=llama-server metric=ttft_ms process=2 run=1 value=579.0225 outlier=false
arm=llama-server metric=ttft_ms process=2 run=2 value=571.5776 outlier=false
arm=llama-server metric=ttft_ms process=2 run=3 value=573.7024 outlier=false
arm=llama-server metric=ttft_ms process=2 run=4 value=576.0215 outlier=false
arm=llama-server metric=ttft_ms process=2 run=5 value=574.4094 outlier=false
arm=llama-server metric=ttft_ms process=2 run=6 value=571.1110 outlier=false
arm=llama-server metric=ttft_ms process=2 run=7 value=573.1095 outlier=false
summary arm=llama-server metric=ttft_ms n_all=21 median_all=574.2654 cov_all_pct=2.21 min_all=571.1110 max_all=622.4048 | n_kept=18 median_kept=573.9639 mad_kept=2.3445 cov_kept_pct=0.77 min_kept=571.1110 max_kept=585.9112
memory arm=llama-server metric=peak_rss_bytes process=0 value=3739729920
memory arm=llama-server metric=peak_rss_bytes process=1 value=3743236096
memory arm=llama-server metric=peak_rss_bytes process=2 value=3758669824
summary arm=llama-server metric=peak_rss_bytes n=3 median=3743236096 max=3758669824
memory arm=llama-server metric=peak_footprint_bytes process=0 value=206268672
memory arm=llama-server metric=peak_footprint_bytes process=1 value=229730688
memory arm=llama-server metric=peak_footprint_bytes process=2 value=213707200
summary arm=llama-server metric=peak_footprint_bytes n=3 median=213707200 max=229730688
extra arm=llama-server process=0 request=0 prompt_n=971 predicted_n=128 ids_len=128 events=129 prefill_ms=595.1050 ttft_ms=606.8700 ms_per_token=9.0675
extra arm=llama-server process=0 request=1 prompt_n=971 predicted_n=128 ids_len=128 events=129 prefill_ms=572.6900 ttft_ms=575.2334 ms_per_token=9.1165
extra arm=llama-server process=0 request=2 prompt_n=971 predicted_n=128 ids_len=128 events=129 prefill_ms=573.6600 ttft_ms=576.2665 ms_per_token=9.1271
extra arm=llama-server process=0 request=3 prompt_n=971 predicted_n=128 ids_len=128 events=129 prefill_ms=584.4370 ttft_ms=586.9401 ms_per_token=9.4406
extra arm=llama-server process=0 request=4 prompt_n=971 predicted_n=128 ids_len=128 events=129 prefill_ms=619.9390 ttft_ms=622.4048 ms_per_token=9.4537
extra arm=llama-server process=0 request=5 prompt_n=971 predicted_n=128 ids_len=128 events=129 prefill_ms=605.5880 ttft_ms=608.0736 ms_per_token=9.2495
extra arm=llama-server process=0 request=6 prompt_n=971 predicted_n=128 ids_len=128 events=129 prefill_ms=583.3930 ttft_ms=585.9112 ms_per_token=9.1331
extra arm=llama-server process=0 request=7 prompt_n=971 predicted_n=128 ids_len=128 events=129 prefill_ms=583.3960 ttft_ms=585.8774 ms_per_token=9.1541
extra arm=llama-server process=1 request=0 prompt_n=971 predicted_n=128 ids_len=128 events=129 prefill_ms=595.9740 ttft_ms=607.4871 ms_per_token=9.0282
extra arm=llama-server process=1 request=1 prompt_n=971 predicted_n=128 ids_len=128 events=129 prefill_ms=568.7910 ttft_ms=571.3373 ms_per_token=9.1592
extra arm=llama-server process=1 request=2 prompt_n=971 predicted_n=128 ids_len=128 events=129 prefill_ms=568.7370 ttft_ms=571.4467 ms_per_token=9.0478
extra arm=llama-server process=1 request=3 prompt_n=971 predicted_n=128 ids_len=128 events=129 prefill_ms=568.6810 ttft_ms=571.1686 ms_per_token=9.0869
extra arm=llama-server process=1 request=4 prompt_n=971 predicted_n=128 ids_len=128 events=129 prefill_ms=569.1810 ttft_ms=571.6682 ms_per_token=9.0943
extra arm=llama-server process=1 request=5 prompt_n=971 predicted_n=128 ids_len=128 events=129 prefill_ms=571.5940 ttft_ms=574.2253 ms_per_token=9.0786
extra arm=llama-server process=1 request=6 prompt_n=971 predicted_n=128 ids_len=128 events=129 prefill_ms=568.5810 ttft_ms=571.2009 ms_per_token=9.1933
extra arm=llama-server process=1 request=7 prompt_n=971 predicted_n=128 ids_len=128 events=129 prefill_ms=571.6130 ttft_ms=574.2654 ms_per_token=9.1133
extra arm=llama-server process=2 request=0 prompt_n=971 predicted_n=128 ids_len=128 events=129 prefill_ms=591.0890 ttft_ms=597.0573 ms_per_token=9.1842
extra arm=llama-server process=2 request=1 prompt_n=971 predicted_n=128 ids_len=128 events=129 prefill_ms=576.3680 ttft_ms=579.0225 ms_per_token=9.2998
extra arm=llama-server process=2 request=2 prompt_n=971 predicted_n=128 ids_len=128 events=129 prefill_ms=568.9390 ttft_ms=571.5776 ms_per_token=9.3290
extra arm=llama-server process=2 request=3 prompt_n=971 predicted_n=128 ids_len=128 events=129 prefill_ms=571.1110 ttft_ms=573.7024 ms_per_token=9.2100
extra arm=llama-server process=2 request=4 prompt_n=971 predicted_n=128 ids_len=128 events=129 prefill_ms=573.4210 ttft_ms=576.0215 ms_per_token=9.1817
extra arm=llama-server process=2 request=5 prompt_n=971 predicted_n=128 ids_len=128 events=129 prefill_ms=571.8490 ttft_ms=574.4094 ms_per_token=9.3198
extra arm=llama-server process=2 request=6 prompt_n=971 predicted_n=128 ids_len=128 events=129 prefill_ms=568.4720 ttft_ms=571.1110 ms_per_token=9.0563
extra arm=llama-server process=2 request=7 prompt_n=971 predicted_n=128 ids_len=128 events=129 prefill_ms=570.5100 ttft_ms=573.1095 ms_per_token=9.0086
bound metric=ms_per_token arm=a00_0b_9f0647da vs=llama-server arm_median=12.2205 reference_median=9.1436 delta=3.0769 limit=0.1829 within=false
bound metric=prefill_ms arm=a00_0b_9f0647da vs=llama-server arm_median=2532.4930 reference_median=571.3525 delta=1961.1405 limit=11.4270 within=false
bound metric=ttft_ms arm=a00_0b_9f0647da vs=llama-server n=0
bound metric=peak_rss_bytes arm=a00_0b_9f0647da vs=llama-server arm_median=3989274624 reference_median=3743236096 delta=246038528 limit=74864722 within=false
bound metric=peak_footprint_bytes arm=a00_0b_9f0647da vs=llama-server arm_median=724806720 reference_median=213707200 delta=511099520 limit=4274144 within=false
bound metric=peak_gpu_bytes arm=a00_0b_9f0647da vs=llama-server n=0
bound metric=ms_per_token arm=a01_0c_152467a9 vs=a00_0b_9f0647da arm_median=12.2880 reference_median=12.2205 delta=0.0675 limit=0.2444 within=true
bound metric=prefill_ms arm=a01_0c_152467a9 vs=a00_0b_9f0647da arm_median=2538.0105 reference_median=2532.4930 delta=5.5175 limit=50.6499 within=true
bound metric=ttft_ms arm=a01_0c_152467a9 vs=a00_0b_9f0647da n=0
bound metric=peak_rss_bytes arm=a01_0c_152467a9 vs=a00_0b_9f0647da arm_median=3972710400 reference_median=3989274624 delta=-16564224 limit=79785492 within=true
bound metric=peak_footprint_bytes arm=a01_0c_152467a9 vs=a00_0b_9f0647da arm_median=719137984 reference_median=724806720 delta=-5668736 limit=14496134 within=true
bound metric=peak_gpu_bytes arm=a01_0c_152467a9 vs=a00_0b_9f0647da n=0
bound metric=ms_per_token arm=a01_0c_152467a9 vs=llama-server arm_median=12.2880 reference_median=9.1436 delta=3.1444 limit=0.1829 within=false
bound metric=prefill_ms arm=a01_0c_152467a9 vs=llama-server arm_median=2538.0105 reference_median=571.3525 delta=1966.6580 limit=11.4270 within=false
bound metric=ttft_ms arm=a01_0c_152467a9 vs=llama-server arm_median=2538.0000 reference_median=573.9639 delta=1964.0361 limit=11.4793 within=false
bound metric=peak_rss_bytes arm=a01_0c_152467a9 vs=llama-server arm_median=3972710400 reference_median=3743236096 delta=229474304 limit=74864722 within=false
bound metric=peak_footprint_bytes arm=a01_0c_152467a9 vs=llama-server arm_median=719137984 reference_median=213707200 delta=505430784 limit=4274144 within=false
bound metric=peak_gpu_bytes arm=a01_0c_152467a9 vs=llama-server n=0
bound metric=ms_per_token arm=a02_slice5 vs=a00_0b_9f0647da arm_median=12.2140 reference_median=12.2205 delta=-0.0065 limit=0.2444 within=true
bound metric=prefill_ms arm=a02_slice5 vs=a00_0b_9f0647da arm_median=2536.9580 reference_median=2532.4930 delta=4.4650 limit=50.6499 within=true
bound metric=ttft_ms arm=a02_slice5 vs=a00_0b_9f0647da n=0
bound metric=peak_rss_bytes arm=a02_slice5 vs=a00_0b_9f0647da arm_median=3960963072 reference_median=3989274624 delta=-28311552 limit=79785492 within=true
bound metric=peak_footprint_bytes arm=a02_slice5 vs=a00_0b_9f0647da arm_median=713026816 reference_median=724806720 delta=-11779904 limit=14496134 within=true
bound metric=peak_gpu_bytes arm=a02_slice5 vs=a00_0b_9f0647da n=0
bound metric=ms_per_token arm=a02_slice5 vs=a01_0c_152467a9 arm_median=12.2140 reference_median=12.2880 delta=-0.0740 limit=0.2458 within=true
bound metric=prefill_ms arm=a02_slice5 vs=a01_0c_152467a9 arm_median=2536.9580 reference_median=2538.0105 delta=-1.0525 limit=50.7602 within=true
bound metric=ttft_ms arm=a02_slice5 vs=a01_0c_152467a9 arm_median=2537.0000 reference_median=2538.0000 delta=-1.0000 limit=50.7600 within=true
bound metric=peak_rss_bytes arm=a02_slice5 vs=a01_0c_152467a9 arm_median=3960963072 reference_median=3972710400 delta=-11747328 limit=79454208 within=true
bound metric=peak_footprint_bytes arm=a02_slice5 vs=a01_0c_152467a9 arm_median=713026816 reference_median=719137984 delta=-6111168 limit=14382760 within=true
bound metric=peak_gpu_bytes arm=a02_slice5 vs=a01_0c_152467a9 arm_median=5609734144 reference_median=5609734144 delta=0 limit=112194683 within=true
bound metric=ms_per_token arm=a02_slice5 vs=llama-server arm_median=12.2140 reference_median=9.1436 delta=3.0704 limit=0.1829 within=false
bound metric=prefill_ms arm=a02_slice5 vs=llama-server arm_median=2536.9580 reference_median=571.3525 delta=1965.6055 limit=11.4270 within=false
bound metric=ttft_ms arm=a02_slice5 vs=llama-server arm_median=2537.0000 reference_median=573.9639 delta=1963.0361 limit=11.4793 within=false
bound metric=peak_rss_bytes arm=a02_slice5 vs=llama-server arm_median=3960963072 reference_median=3743236096 delta=217726976 limit=74864722 within=false
bound metric=peak_footprint_bytes arm=a02_slice5 vs=llama-server arm_median=713026816 reference_median=213707200 delta=499319616 limit=4274144 within=false
bound metric=peak_gpu_bytes arm=a02_slice5 vs=llama-server n=0
bound metric=ms_per_token arm=a03_slice6 vs=a00_0b_9f0647da arm_median=12.1780 reference_median=12.2205 delta=-0.0425 limit=0.2444 within=true
bound metric=prefill_ms arm=a03_slice6 vs=a00_0b_9f0647da arm_median=2539.0590 reference_median=2532.4930 delta=6.5660 limit=50.6499 within=true
bound metric=ttft_ms arm=a03_slice6 vs=a00_0b_9f0647da n=0
bound metric=peak_rss_bytes arm=a03_slice6 vs=a00_0b_9f0647da arm_median=3996581888 reference_median=3989274624 delta=7307264 limit=79785492 within=true
bound metric=peak_footprint_bytes arm=a03_slice6 vs=a00_0b_9f0647da arm_median=727198528 reference_median=724806720 delta=2391808 limit=14496134 within=true
bound metric=peak_gpu_bytes arm=a03_slice6 vs=a00_0b_9f0647da n=0
bound metric=ms_per_token arm=a03_slice6 vs=a01_0c_152467a9 arm_median=12.1780 reference_median=12.2880 delta=-0.1100 limit=0.2458 within=true
bound metric=prefill_ms arm=a03_slice6 vs=a01_0c_152467a9 arm_median=2539.0590 reference_median=2538.0105 delta=1.0485 limit=50.7602 within=true
bound metric=ttft_ms arm=a03_slice6 vs=a01_0c_152467a9 arm_median=2539.0000 reference_median=2538.0000 delta=1.0000 limit=50.7600 within=true
bound metric=peak_rss_bytes arm=a03_slice6 vs=a01_0c_152467a9 arm_median=3996581888 reference_median=3972710400 delta=23871488 limit=79454208 within=true
bound metric=peak_footprint_bytes arm=a03_slice6 vs=a01_0c_152467a9 arm_median=727198528 reference_median=719137984 delta=8060544 limit=14382760 within=true
bound metric=peak_gpu_bytes arm=a03_slice6 vs=a01_0c_152467a9 arm_median=5609734144 reference_median=5609734144 delta=0 limit=112194683 within=true
bound metric=ms_per_token arm=a03_slice6 vs=a02_slice5 arm_median=12.1780 reference_median=12.2140 delta=-0.0360 limit=0.2443 within=true
bound metric=prefill_ms arm=a03_slice6 vs=a02_slice5 arm_median=2539.0590 reference_median=2536.9580 delta=2.1010 limit=50.7392 within=true
bound metric=ttft_ms arm=a03_slice6 vs=a02_slice5 arm_median=2539.0000 reference_median=2537.0000 delta=2.0000 limit=50.7400 within=true
bound metric=peak_rss_bytes arm=a03_slice6 vs=a02_slice5 arm_median=3996581888 reference_median=3960963072 delta=35618816 limit=79219261 within=true
bound metric=peak_footprint_bytes arm=a03_slice6 vs=a02_slice5 arm_median=727198528 reference_median=713026816 delta=14171712 limit=14260536 within=true
bound metric=peak_gpu_bytes arm=a03_slice6 vs=a02_slice5 arm_median=5609734144 reference_median=5609734144 delta=0 limit=112194683 within=true
bound metric=ms_per_token arm=a03_slice6 vs=llama-server arm_median=12.1780 reference_median=9.1436 delta=3.0344 limit=0.1829 within=false
bound metric=prefill_ms arm=a03_slice6 vs=llama-server arm_median=2539.0590 reference_median=571.3525 delta=1967.7065 limit=11.4270 within=false
bound metric=ttft_ms arm=a03_slice6 vs=llama-server arm_median=2539.0000 reference_median=573.9639 delta=1965.0361 limit=11.4793 within=false
bound metric=peak_rss_bytes arm=a03_slice6 vs=llama-server arm_median=3996581888 reference_median=3743236096 delta=253345792 limit=74864722 within=false
bound metric=peak_footprint_bytes arm=a03_slice6 vs=llama-server arm_median=727198528 reference_median=213707200 delta=513491328 limit=4274144 within=false
bound metric=peak_gpu_bytes arm=a03_slice6 vs=llama-server n=0
bound metric=ms_per_token arm=a04_slice7 vs=a00_0b_9f0647da arm_median=12.1455 reference_median=12.2205 delta=-0.0750 limit=0.2444 within=true
bound metric=prefill_ms arm=a04_slice7 vs=a00_0b_9f0647da arm_median=2536.9910 reference_median=2532.4930 delta=4.4980 limit=50.6499 within=true
bound metric=ttft_ms arm=a04_slice7 vs=a00_0b_9f0647da n=0
bound metric=peak_rss_bytes arm=a04_slice7 vs=a00_0b_9f0647da arm_median=3963944960 reference_median=3989274624 delta=-25329664 limit=79785492 within=true
bound metric=peak_footprint_bytes arm=a04_slice7 vs=a00_0b_9f0647da arm_median=718678976 reference_median=724806720 delta=-6127744 limit=14496134 within=true
bound metric=peak_gpu_bytes arm=a04_slice7 vs=a00_0b_9f0647da n=0
bound metric=ms_per_token arm=a04_slice7 vs=a01_0c_152467a9 arm_median=12.1455 reference_median=12.2880 delta=-0.1425 limit=0.2458 within=true
bound metric=prefill_ms arm=a04_slice7 vs=a01_0c_152467a9 arm_median=2536.9910 reference_median=2538.0105 delta=-1.0195 limit=50.7602 within=true
bound metric=ttft_ms arm=a04_slice7 vs=a01_0c_152467a9 arm_median=2537.0000 reference_median=2538.0000 delta=-1.0000 limit=50.7600 within=true
bound metric=peak_rss_bytes arm=a04_slice7 vs=a01_0c_152467a9 arm_median=3963944960 reference_median=3972710400 delta=-8765440 limit=79454208 within=true
bound metric=peak_footprint_bytes arm=a04_slice7 vs=a01_0c_152467a9 arm_median=718678976 reference_median=719137984 delta=-459008 limit=14382760 within=true
bound metric=peak_gpu_bytes arm=a04_slice7 vs=a01_0c_152467a9 arm_median=5609734144 reference_median=5609734144 delta=0 limit=112194683 within=true
bound metric=ms_per_token arm=a04_slice7 vs=a02_slice5 arm_median=12.1455 reference_median=12.2140 delta=-0.0685 limit=0.2443 within=true
bound metric=prefill_ms arm=a04_slice7 vs=a02_slice5 arm_median=2536.9910 reference_median=2536.9580 delta=0.0330 limit=50.7392 within=true
bound metric=ttft_ms arm=a04_slice7 vs=a02_slice5 arm_median=2537.0000 reference_median=2537.0000 delta=0.0000 limit=50.7400 within=true
bound metric=peak_rss_bytes arm=a04_slice7 vs=a02_slice5 arm_median=3963944960 reference_median=3960963072 delta=2981888 limit=79219261 within=true
bound metric=peak_footprint_bytes arm=a04_slice7 vs=a02_slice5 arm_median=718678976 reference_median=713026816 delta=5652160 limit=14260536 within=true
bound metric=peak_gpu_bytes arm=a04_slice7 vs=a02_slice5 arm_median=5609734144 reference_median=5609734144 delta=0 limit=112194683 within=true
bound metric=ms_per_token arm=a04_slice7 vs=a03_slice6 arm_median=12.1455 reference_median=12.1780 delta=-0.0325 limit=0.2436 within=true
bound metric=prefill_ms arm=a04_slice7 vs=a03_slice6 arm_median=2536.9910 reference_median=2539.0590 delta=-2.0680 limit=50.7812 within=true
bound metric=ttft_ms arm=a04_slice7 vs=a03_slice6 arm_median=2537.0000 reference_median=2539.0000 delta=-2.0000 limit=50.7800 within=true
bound metric=peak_rss_bytes arm=a04_slice7 vs=a03_slice6 arm_median=3963944960 reference_median=3996581888 delta=-32636928 limit=79931638 within=true
bound metric=peak_footprint_bytes arm=a04_slice7 vs=a03_slice6 arm_median=718678976 reference_median=727198528 delta=-8519552 limit=14543971 within=true
bound metric=peak_gpu_bytes arm=a04_slice7 vs=a03_slice6 arm_median=5609734144 reference_median=5609734144 delta=0 limit=112194683 within=true
bound metric=ms_per_token arm=a04_slice7 vs=llama-server arm_median=12.1455 reference_median=9.1436 delta=3.0019 limit=0.1829 within=false
bound metric=prefill_ms arm=a04_slice7 vs=llama-server arm_median=2536.9910 reference_median=571.3525 delta=1965.6385 limit=11.4270 within=false
bound metric=ttft_ms arm=a04_slice7 vs=llama-server arm_median=2537.0000 reference_median=573.9639 delta=1963.0361 limit=11.4793 within=false
bound metric=peak_rss_bytes arm=a04_slice7 vs=llama-server arm_median=3963944960 reference_median=3743236096 delta=220708864 limit=74864722 within=false
bound metric=peak_footprint_bytes arm=a04_slice7 vs=llama-server arm_median=718678976 reference_median=213707200 delta=504971776 limit=4274144 within=false
bound metric=peak_gpu_bytes arm=a04_slice7 vs=llama-server n=0
bound metric=ms_per_token arm=a05_slice8 vs=a00_0b_9f0647da arm_median=12.1735 reference_median=12.2205 delta=-0.0470 limit=0.2444 within=true
bound metric=prefill_ms arm=a05_slice8 vs=a00_0b_9f0647da arm_median=2539.0510 reference_median=2532.4930 delta=6.5580 limit=50.6499 within=true
bound metric=ttft_ms arm=a05_slice8 vs=a00_0b_9f0647da n=0
bound metric=peak_rss_bytes arm=a05_slice8 vs=a00_0b_9f0647da arm_median=3928014848 reference_median=3989274624 delta=-61259776 limit=79785492 within=true
bound metric=peak_footprint_bytes arm=a05_slice8 vs=a00_0b_9f0647da arm_median=715172928 reference_median=724806720 delta=-9633792 limit=14496134 within=true
bound metric=peak_gpu_bytes arm=a05_slice8 vs=a00_0b_9f0647da n=0
bound metric=ms_per_token arm=a05_slice8 vs=a01_0c_152467a9 arm_median=12.1735 reference_median=12.2880 delta=-0.1145 limit=0.2458 within=true
bound metric=prefill_ms arm=a05_slice8 vs=a01_0c_152467a9 arm_median=2539.0510 reference_median=2538.0105 delta=1.0405 limit=50.7602 within=true
bound metric=ttft_ms arm=a05_slice8 vs=a01_0c_152467a9 arm_median=2539.0000 reference_median=2538.0000 delta=1.0000 limit=50.7600 within=true
bound metric=peak_rss_bytes arm=a05_slice8 vs=a01_0c_152467a9 arm_median=3928014848 reference_median=3972710400 delta=-44695552 limit=79454208 within=true
bound metric=peak_footprint_bytes arm=a05_slice8 vs=a01_0c_152467a9 arm_median=715172928 reference_median=719137984 delta=-3965056 limit=14382760 within=true
bound metric=peak_gpu_bytes arm=a05_slice8 vs=a01_0c_152467a9 arm_median=5608554496 reference_median=5609734144 delta=-1179648 limit=112194683 within=true
bound metric=ms_per_token arm=a05_slice8 vs=a02_slice5 arm_median=12.1735 reference_median=12.2140 delta=-0.0405 limit=0.2443 within=true
bound metric=prefill_ms arm=a05_slice8 vs=a02_slice5 arm_median=2539.0510 reference_median=2536.9580 delta=2.0930 limit=50.7392 within=true
bound metric=ttft_ms arm=a05_slice8 vs=a02_slice5 arm_median=2539.0000 reference_median=2537.0000 delta=2.0000 limit=50.7400 within=true
bound metric=peak_rss_bytes arm=a05_slice8 vs=a02_slice5 arm_median=3928014848 reference_median=3960963072 delta=-32948224 limit=79219261 within=true
bound metric=peak_footprint_bytes arm=a05_slice8 vs=a02_slice5 arm_median=715172928 reference_median=713026816 delta=2146112 limit=14260536 within=true
bound metric=peak_gpu_bytes arm=a05_slice8 vs=a02_slice5 arm_median=5608554496 reference_median=5609734144 delta=-1179648 limit=112194683 within=true
bound metric=ms_per_token arm=a05_slice8 vs=a03_slice6 arm_median=12.1735 reference_median=12.1780 delta=-0.0045 limit=0.2436 within=true
bound metric=prefill_ms arm=a05_slice8 vs=a03_slice6 arm_median=2539.0510 reference_median=2539.0590 delta=-0.0080 limit=50.7812 within=true
bound metric=ttft_ms arm=a05_slice8 vs=a03_slice6 arm_median=2539.0000 reference_median=2539.0000 delta=0.0000 limit=50.7800 within=true
bound metric=peak_rss_bytes arm=a05_slice8 vs=a03_slice6 arm_median=3928014848 reference_median=3996581888 delta=-68567040 limit=79931638 within=true
bound metric=peak_footprint_bytes arm=a05_slice8 vs=a03_slice6 arm_median=715172928 reference_median=727198528 delta=-12025600 limit=14543971 within=true
bound metric=peak_gpu_bytes arm=a05_slice8 vs=a03_slice6 arm_median=5608554496 reference_median=5609734144 delta=-1179648 limit=112194683 within=true
bound metric=ms_per_token arm=a05_slice8 vs=a04_slice7 arm_median=12.1735 reference_median=12.1455 delta=0.0280 limit=0.2429 within=true
bound metric=prefill_ms arm=a05_slice8 vs=a04_slice7 arm_median=2539.0510 reference_median=2536.9910 delta=2.0600 limit=50.7398 within=true
bound metric=ttft_ms arm=a05_slice8 vs=a04_slice7 arm_median=2539.0000 reference_median=2537.0000 delta=2.0000 limit=50.7400 within=true
bound metric=peak_rss_bytes arm=a05_slice8 vs=a04_slice7 arm_median=3928014848 reference_median=3963944960 delta=-35930112 limit=79278899 within=true
bound metric=peak_footprint_bytes arm=a05_slice8 vs=a04_slice7 arm_median=715172928 reference_median=718678976 delta=-3506048 limit=14373580 within=true
bound metric=peak_gpu_bytes arm=a05_slice8 vs=a04_slice7 arm_median=5608554496 reference_median=5609734144 delta=-1179648 limit=112194683 within=true
bound metric=ms_per_token arm=a05_slice8 vs=llama-server arm_median=12.1735 reference_median=9.1436 delta=3.0299 limit=0.1829 within=false
bound metric=prefill_ms arm=a05_slice8 vs=llama-server arm_median=2539.0510 reference_median=571.3525 delta=1967.6985 limit=11.4270 within=false
bound metric=ttft_ms arm=a05_slice8 vs=llama-server arm_median=2539.0000 reference_median=573.9639 delta=1965.0361 limit=11.4793 within=false
bound metric=peak_rss_bytes arm=a05_slice8 vs=llama-server arm_median=3928014848 reference_median=3743236096 delta=184778752 limit=74864722 within=false
bound metric=peak_footprint_bytes arm=a05_slice8 vs=llama-server arm_median=715172928 reference_median=213707200 delta=501465728 limit=4274144 within=false
bound metric=peak_gpu_bytes arm=a05_slice8 vs=llama-server n=0
bound metric=ms_per_token arm=a06_slice9 vs=a00_0b_9f0647da arm_median=12.1660 reference_median=12.2205 delta=-0.0545 limit=0.2444 within=true
bound metric=prefill_ms arm=a06_slice9 vs=a00_0b_9f0647da arm_median=2540.0410 reference_median=2532.4930 delta=7.5480 limit=50.6499 within=true
bound metric=ttft_ms arm=a06_slice9 vs=a00_0b_9f0647da n=0
bound metric=peak_rss_bytes arm=a06_slice9 vs=a00_0b_9f0647da arm_median=3979837440 reference_median=3989274624 delta=-9437184 limit=79785492 within=true
bound metric=peak_footprint_bytes arm=a06_slice9 vs=a00_0b_9f0647da arm_median=717368384 reference_median=724806720 delta=-7438336 limit=14496134 within=true
bound metric=peak_gpu_bytes arm=a06_slice9 vs=a00_0b_9f0647da n=0
bound metric=ms_per_token arm=a06_slice9 vs=a01_0c_152467a9 arm_median=12.1660 reference_median=12.2880 delta=-0.1220 limit=0.2458 within=true
bound metric=prefill_ms arm=a06_slice9 vs=a01_0c_152467a9 arm_median=2540.0410 reference_median=2538.0105 delta=2.0305 limit=50.7602 within=true
bound metric=ttft_ms arm=a06_slice9 vs=a01_0c_152467a9 arm_median=2540.0000 reference_median=2538.0000 delta=2.0000 limit=50.7600 within=true
bound metric=peak_rss_bytes arm=a06_slice9 vs=a01_0c_152467a9 arm_median=3979837440 reference_median=3972710400 delta=7127040 limit=79454208 within=true
bound metric=peak_footprint_bytes arm=a06_slice9 vs=a01_0c_152467a9 arm_median=717368384 reference_median=719137984 delta=-1769600 limit=14382760 within=true
bound metric=peak_gpu_bytes arm=a06_slice9 vs=a01_0c_152467a9 arm_median=5608554496 reference_median=5609734144 delta=-1179648 limit=112194683 within=true
bound metric=ms_per_token arm=a06_slice9 vs=a02_slice5 arm_median=12.1660 reference_median=12.2140 delta=-0.0480 limit=0.2443 within=true
bound metric=prefill_ms arm=a06_slice9 vs=a02_slice5 arm_median=2540.0410 reference_median=2536.9580 delta=3.0830 limit=50.7392 within=true
bound metric=ttft_ms arm=a06_slice9 vs=a02_slice5 arm_median=2540.0000 reference_median=2537.0000 delta=3.0000 limit=50.7400 within=true
bound metric=peak_rss_bytes arm=a06_slice9 vs=a02_slice5 arm_median=3979837440 reference_median=3960963072 delta=18874368 limit=79219261 within=true
bound metric=peak_footprint_bytes arm=a06_slice9 vs=a02_slice5 arm_median=717368384 reference_median=713026816 delta=4341568 limit=14260536 within=true
bound metric=peak_gpu_bytes arm=a06_slice9 vs=a02_slice5 arm_median=5608554496 reference_median=5609734144 delta=-1179648 limit=112194683 within=true
bound metric=ms_per_token arm=a06_slice9 vs=a03_slice6 arm_median=12.1660 reference_median=12.1780 delta=-0.0120 limit=0.2436 within=true
bound metric=prefill_ms arm=a06_slice9 vs=a03_slice6 arm_median=2540.0410 reference_median=2539.0590 delta=0.9820 limit=50.7812 within=true
bound metric=ttft_ms arm=a06_slice9 vs=a03_slice6 arm_median=2540.0000 reference_median=2539.0000 delta=1.0000 limit=50.7800 within=true
bound metric=peak_rss_bytes arm=a06_slice9 vs=a03_slice6 arm_median=3979837440 reference_median=3996581888 delta=-16744448 limit=79931638 within=true
bound metric=peak_footprint_bytes arm=a06_slice9 vs=a03_slice6 arm_median=717368384 reference_median=727198528 delta=-9830144 limit=14543971 within=true
bound metric=peak_gpu_bytes arm=a06_slice9 vs=a03_slice6 arm_median=5608554496 reference_median=5609734144 delta=-1179648 limit=112194683 within=true
bound metric=ms_per_token arm=a06_slice9 vs=a04_slice7 arm_median=12.1660 reference_median=12.1455 delta=0.0205 limit=0.2429 within=true
bound metric=prefill_ms arm=a06_slice9 vs=a04_slice7 arm_median=2540.0410 reference_median=2536.9910 delta=3.0500 limit=50.7398 within=true
bound metric=ttft_ms arm=a06_slice9 vs=a04_slice7 arm_median=2540.0000 reference_median=2537.0000 delta=3.0000 limit=50.7400 within=true
bound metric=peak_rss_bytes arm=a06_slice9 vs=a04_slice7 arm_median=3979837440 reference_median=3963944960 delta=15892480 limit=79278899 within=true
bound metric=peak_footprint_bytes arm=a06_slice9 vs=a04_slice7 arm_median=717368384 reference_median=718678976 delta=-1310592 limit=14373580 within=true
bound metric=peak_gpu_bytes arm=a06_slice9 vs=a04_slice7 arm_median=5608554496 reference_median=5609734144 delta=-1179648 limit=112194683 within=true
bound metric=ms_per_token arm=a06_slice9 vs=a05_slice8 arm_median=12.1660 reference_median=12.1735 delta=-0.0075 limit=0.2435 within=true
bound metric=prefill_ms arm=a06_slice9 vs=a05_slice8 arm_median=2540.0410 reference_median=2539.0510 delta=0.9900 limit=50.7810 within=true
bound metric=ttft_ms arm=a06_slice9 vs=a05_slice8 arm_median=2540.0000 reference_median=2539.0000 delta=1.0000 limit=50.7800 within=true
bound metric=peak_rss_bytes arm=a06_slice9 vs=a05_slice8 arm_median=3979837440 reference_median=3928014848 delta=51822592 limit=78560297 within=true
bound metric=peak_footprint_bytes arm=a06_slice9 vs=a05_slice8 arm_median=717368384 reference_median=715172928 delta=2195456 limit=14303459 within=true
bound metric=peak_gpu_bytes arm=a06_slice9 vs=a05_slice8 arm_median=5608554496 reference_median=5608554496 delta=0 limit=112171090 within=true
bound metric=ms_per_token arm=a06_slice9 vs=llama-server arm_median=12.1660 reference_median=9.1436 delta=3.0224 limit=0.1829 within=false
bound metric=prefill_ms arm=a06_slice9 vs=llama-server arm_median=2540.0410 reference_median=571.3525 delta=1968.6885 limit=11.4270 within=false
bound metric=ttft_ms arm=a06_slice9 vs=llama-server arm_median=2540.0000 reference_median=573.9639 delta=1966.0361 limit=11.4793 within=false
bound metric=peak_rss_bytes arm=a06_slice9 vs=llama-server arm_median=3979837440 reference_median=3743236096 delta=236601344 limit=74864722 within=false
bound metric=peak_footprint_bytes arm=a06_slice9 vs=llama-server arm_median=717368384 reference_median=213707200 delta=503661184 limit=4274144 within=false
bound metric=peak_gpu_bytes arm=a06_slice9 vs=llama-server n=0
bound metric=ms_per_token arm=a07_slice10b vs=a00_0b_9f0647da arm_median=12.1700 reference_median=12.2205 delta=-0.0505 limit=0.2444 within=true
bound metric=prefill_ms arm=a07_slice10b vs=a00_0b_9f0647da arm_median=2538.0495 reference_median=2532.4930 delta=5.5565 limit=50.6499 within=true
bound metric=ttft_ms arm=a07_slice10b vs=a00_0b_9f0647da n=0
bound metric=peak_rss_bytes arm=a07_slice10b vs=a00_0b_9f0647da arm_median=3979886592 reference_median=3989274624 delta=-9388032 limit=79785492 within=true
bound metric=peak_footprint_bytes arm=a07_slice10b vs=a00_0b_9f0647da arm_median=713370688 reference_median=724806720 delta=-11436032 limit=14496134 within=true
bound metric=peak_gpu_bytes arm=a07_slice10b vs=a00_0b_9f0647da n=0
bound metric=ms_per_token arm=a07_slice10b vs=a01_0c_152467a9 arm_median=12.1700 reference_median=12.2880 delta=-0.1180 limit=0.2458 within=true
bound metric=prefill_ms arm=a07_slice10b vs=a01_0c_152467a9 arm_median=2538.0495 reference_median=2538.0105 delta=0.0390 limit=50.7602 within=true
bound metric=ttft_ms arm=a07_slice10b vs=a01_0c_152467a9 arm_median=2538.0000 reference_median=2538.0000 delta=0.0000 limit=50.7600 within=true
bound metric=peak_rss_bytes arm=a07_slice10b vs=a01_0c_152467a9 arm_median=3979886592 reference_median=3972710400 delta=7176192 limit=79454208 within=true
bound metric=peak_footprint_bytes arm=a07_slice10b vs=a01_0c_152467a9 arm_median=713370688 reference_median=719137984 delta=-5767296 limit=14382760 within=true
bound metric=peak_gpu_bytes arm=a07_slice10b vs=a01_0c_152467a9 arm_median=5608554496 reference_median=5609734144 delta=-1179648 limit=112194683 within=true
bound metric=ms_per_token arm=a07_slice10b vs=a02_slice5 arm_median=12.1700 reference_median=12.2140 delta=-0.0440 limit=0.2443 within=true
bound metric=prefill_ms arm=a07_slice10b vs=a02_slice5 arm_median=2538.0495 reference_median=2536.9580 delta=1.0915 limit=50.7392 within=true
bound metric=ttft_ms arm=a07_slice10b vs=a02_slice5 arm_median=2538.0000 reference_median=2537.0000 delta=1.0000 limit=50.7400 within=true
bound metric=peak_rss_bytes arm=a07_slice10b vs=a02_slice5 arm_median=3979886592 reference_median=3960963072 delta=18923520 limit=79219261 within=true
bound metric=peak_footprint_bytes arm=a07_slice10b vs=a02_slice5 arm_median=713370688 reference_median=713026816 delta=343872 limit=14260536 within=true
bound metric=peak_gpu_bytes arm=a07_slice10b vs=a02_slice5 arm_median=5608554496 reference_median=5609734144 delta=-1179648 limit=112194683 within=true
bound metric=ms_per_token arm=a07_slice10b vs=a03_slice6 arm_median=12.1700 reference_median=12.1780 delta=-0.0080 limit=0.2436 within=true
bound metric=prefill_ms arm=a07_slice10b vs=a03_slice6 arm_median=2538.0495 reference_median=2539.0590 delta=-1.0095 limit=50.7812 within=true
bound metric=ttft_ms arm=a07_slice10b vs=a03_slice6 arm_median=2538.0000 reference_median=2539.0000 delta=-1.0000 limit=50.7800 within=true
bound metric=peak_rss_bytes arm=a07_slice10b vs=a03_slice6 arm_median=3979886592 reference_median=3996581888 delta=-16695296 limit=79931638 within=true
bound metric=peak_footprint_bytes arm=a07_slice10b vs=a03_slice6 arm_median=713370688 reference_median=727198528 delta=-13827840 limit=14543971 within=true
bound metric=peak_gpu_bytes arm=a07_slice10b vs=a03_slice6 arm_median=5608554496 reference_median=5609734144 delta=-1179648 limit=112194683 within=true
bound metric=ms_per_token arm=a07_slice10b vs=a04_slice7 arm_median=12.1700 reference_median=12.1455 delta=0.0245 limit=0.2429 within=true
bound metric=prefill_ms arm=a07_slice10b vs=a04_slice7 arm_median=2538.0495 reference_median=2536.9910 delta=1.0585 limit=50.7398 within=true
bound metric=ttft_ms arm=a07_slice10b vs=a04_slice7 arm_median=2538.0000 reference_median=2537.0000 delta=1.0000 limit=50.7400 within=true
bound metric=peak_rss_bytes arm=a07_slice10b vs=a04_slice7 arm_median=3979886592 reference_median=3963944960 delta=15941632 limit=79278899 within=true
bound metric=peak_footprint_bytes arm=a07_slice10b vs=a04_slice7 arm_median=713370688 reference_median=718678976 delta=-5308288 limit=14373580 within=true
bound metric=peak_gpu_bytes arm=a07_slice10b vs=a04_slice7 arm_median=5608554496 reference_median=5609734144 delta=-1179648 limit=112194683 within=true
bound metric=ms_per_token arm=a07_slice10b vs=a05_slice8 arm_median=12.1700 reference_median=12.1735 delta=-0.0035 limit=0.2435 within=true
bound metric=prefill_ms arm=a07_slice10b vs=a05_slice8 arm_median=2538.0495 reference_median=2539.0510 delta=-1.0015 limit=50.7810 within=true
bound metric=ttft_ms arm=a07_slice10b vs=a05_slice8 arm_median=2538.0000 reference_median=2539.0000 delta=-1.0000 limit=50.7800 within=true
bound metric=peak_rss_bytes arm=a07_slice10b vs=a05_slice8 arm_median=3979886592 reference_median=3928014848 delta=51871744 limit=78560297 within=true
bound metric=peak_footprint_bytes arm=a07_slice10b vs=a05_slice8 arm_median=713370688 reference_median=715172928 delta=-1802240 limit=14303459 within=true
bound metric=peak_gpu_bytes arm=a07_slice10b vs=a05_slice8 arm_median=5608554496 reference_median=5608554496 delta=0 limit=112171090 within=true
bound metric=ms_per_token arm=a07_slice10b vs=a06_slice9 arm_median=12.1700 reference_median=12.1660 delta=0.0040 limit=0.2433 within=true
bound metric=prefill_ms arm=a07_slice10b vs=a06_slice9 arm_median=2538.0495 reference_median=2540.0410 delta=-1.9915 limit=50.8008 within=true
bound metric=ttft_ms arm=a07_slice10b vs=a06_slice9 arm_median=2538.0000 reference_median=2540.0000 delta=-2.0000 limit=50.8000 within=true
bound metric=peak_rss_bytes arm=a07_slice10b vs=a06_slice9 arm_median=3979886592 reference_median=3979837440 delta=49152 limit=79596749 within=true
bound metric=peak_footprint_bytes arm=a07_slice10b vs=a06_slice9 arm_median=713370688 reference_median=717368384 delta=-3997696 limit=14347368 within=true
bound metric=peak_gpu_bytes arm=a07_slice10b vs=a06_slice9 arm_median=5608554496 reference_median=5608554496 delta=0 limit=112171090 within=true
bound metric=ms_per_token arm=a07_slice10b vs=llama-server arm_median=12.1700 reference_median=9.1436 delta=3.0264 limit=0.1829 within=false
bound metric=prefill_ms arm=a07_slice10b vs=llama-server arm_median=2538.0495 reference_median=571.3525 delta=1966.6970 limit=11.4270 within=false
bound metric=ttft_ms arm=a07_slice10b vs=llama-server arm_median=2538.0000 reference_median=573.9639 delta=1964.0361 limit=11.4793 within=false
bound metric=peak_rss_bytes arm=a07_slice10b vs=llama-server arm_median=3979886592 reference_median=3743236096 delta=236650496 limit=74864722 within=false
bound metric=peak_footprint_bytes arm=a07_slice10b vs=llama-server arm_median=713370688 reference_median=213707200 delta=499663488 limit=4274144 within=false
bound metric=peak_gpu_bytes arm=a07_slice10b vs=llama-server n=0
bound metric=ms_per_token arm=a08_slice10b_fix vs=a00_0b_9f0647da arm_median=12.2000 reference_median=12.2205 delta=-0.0205 limit=0.2444 within=true
bound metric=prefill_ms arm=a08_slice10b_fix vs=a00_0b_9f0647da arm_median=2540.0070 reference_median=2532.4930 delta=7.5140 limit=50.6499 within=true
bound metric=ttft_ms arm=a08_slice10b_fix vs=a00_0b_9f0647da n=0
bound metric=peak_rss_bytes arm=a08_slice10b_fix vs=a00_0b_9f0647da arm_median=3946332160 reference_median=3989274624 delta=-42942464 limit=79785492 within=true
bound metric=peak_footprint_bytes arm=a08_slice10b_fix vs=a00_0b_9f0647da arm_median=719989824 reference_median=724806720 delta=-4816896 limit=14496134 within=true
bound metric=peak_gpu_bytes arm=a08_slice10b_fix vs=a00_0b_9f0647da n=0
bound metric=ms_per_token arm=a08_slice10b_fix vs=a01_0c_152467a9 arm_median=12.2000 reference_median=12.2880 delta=-0.0880 limit=0.2458 within=true
bound metric=prefill_ms arm=a08_slice10b_fix vs=a01_0c_152467a9 arm_median=2540.0070 reference_median=2538.0105 delta=1.9965 limit=50.7602 within=true
bound metric=ttft_ms arm=a08_slice10b_fix vs=a01_0c_152467a9 arm_median=2540.0000 reference_median=2538.0000 delta=2.0000 limit=50.7600 within=true
bound metric=peak_rss_bytes arm=a08_slice10b_fix vs=a01_0c_152467a9 arm_median=3946332160 reference_median=3972710400 delta=-26378240 limit=79454208 within=true
bound metric=peak_footprint_bytes arm=a08_slice10b_fix vs=a01_0c_152467a9 arm_median=719989824 reference_median=719137984 delta=851840 limit=14382760 within=true
bound metric=peak_gpu_bytes arm=a08_slice10b_fix vs=a01_0c_152467a9 arm_median=5608554496 reference_median=5609734144 delta=-1179648 limit=112194683 within=true
bound metric=ms_per_token arm=a08_slice10b_fix vs=a02_slice5 arm_median=12.2000 reference_median=12.2140 delta=-0.0140 limit=0.2443 within=true
bound metric=prefill_ms arm=a08_slice10b_fix vs=a02_slice5 arm_median=2540.0070 reference_median=2536.9580 delta=3.0490 limit=50.7392 within=true
bound metric=ttft_ms arm=a08_slice10b_fix vs=a02_slice5 arm_median=2540.0000 reference_median=2537.0000 delta=3.0000 limit=50.7400 within=true
bound metric=peak_rss_bytes arm=a08_slice10b_fix vs=a02_slice5 arm_median=3946332160 reference_median=3960963072 delta=-14630912 limit=79219261 within=true
bound metric=peak_footprint_bytes arm=a08_slice10b_fix vs=a02_slice5 arm_median=719989824 reference_median=713026816 delta=6963008 limit=14260536 within=true
bound metric=peak_gpu_bytes arm=a08_slice10b_fix vs=a02_slice5 arm_median=5608554496 reference_median=5609734144 delta=-1179648 limit=112194683 within=true
bound metric=ms_per_token arm=a08_slice10b_fix vs=a03_slice6 arm_median=12.2000 reference_median=12.1780 delta=0.0220 limit=0.2436 within=true
bound metric=prefill_ms arm=a08_slice10b_fix vs=a03_slice6 arm_median=2540.0070 reference_median=2539.0590 delta=0.9480 limit=50.7812 within=true
bound metric=ttft_ms arm=a08_slice10b_fix vs=a03_slice6 arm_median=2540.0000 reference_median=2539.0000 delta=1.0000 limit=50.7800 within=true
bound metric=peak_rss_bytes arm=a08_slice10b_fix vs=a03_slice6 arm_median=3946332160 reference_median=3996581888 delta=-50249728 limit=79931638 within=true
bound metric=peak_footprint_bytes arm=a08_slice10b_fix vs=a03_slice6 arm_median=719989824 reference_median=727198528 delta=-7208704 limit=14543971 within=true
bound metric=peak_gpu_bytes arm=a08_slice10b_fix vs=a03_slice6 arm_median=5608554496 reference_median=5609734144 delta=-1179648 limit=112194683 within=true
bound metric=ms_per_token arm=a08_slice10b_fix vs=a04_slice7 arm_median=12.2000 reference_median=12.1455 delta=0.0545 limit=0.2429 within=true
bound metric=prefill_ms arm=a08_slice10b_fix vs=a04_slice7 arm_median=2540.0070 reference_median=2536.9910 delta=3.0160 limit=50.7398 within=true
bound metric=ttft_ms arm=a08_slice10b_fix vs=a04_slice7 arm_median=2540.0000 reference_median=2537.0000 delta=3.0000 limit=50.7400 within=true
bound metric=peak_rss_bytes arm=a08_slice10b_fix vs=a04_slice7 arm_median=3946332160 reference_median=3963944960 delta=-17612800 limit=79278899 within=true
bound metric=peak_footprint_bytes arm=a08_slice10b_fix vs=a04_slice7 arm_median=719989824 reference_median=718678976 delta=1310848 limit=14373580 within=true
bound metric=peak_gpu_bytes arm=a08_slice10b_fix vs=a04_slice7 arm_median=5608554496 reference_median=5609734144 delta=-1179648 limit=112194683 within=true
bound metric=ms_per_token arm=a08_slice10b_fix vs=a05_slice8 arm_median=12.2000 reference_median=12.1735 delta=0.0265 limit=0.2435 within=true
bound metric=prefill_ms arm=a08_slice10b_fix vs=a05_slice8 arm_median=2540.0070 reference_median=2539.0510 delta=0.9560 limit=50.7810 within=true
bound metric=ttft_ms arm=a08_slice10b_fix vs=a05_slice8 arm_median=2540.0000 reference_median=2539.0000 delta=1.0000 limit=50.7800 within=true
bound metric=peak_rss_bytes arm=a08_slice10b_fix vs=a05_slice8 arm_median=3946332160 reference_median=3928014848 delta=18317312 limit=78560297 within=true
bound metric=peak_footprint_bytes arm=a08_slice10b_fix vs=a05_slice8 arm_median=719989824 reference_median=715172928 delta=4816896 limit=14303459 within=true
bound metric=peak_gpu_bytes arm=a08_slice10b_fix vs=a05_slice8 arm_median=5608554496 reference_median=5608554496 delta=0 limit=112171090 within=true
bound metric=ms_per_token arm=a08_slice10b_fix vs=a06_slice9 arm_median=12.2000 reference_median=12.1660 delta=0.0340 limit=0.2433 within=true
bound metric=prefill_ms arm=a08_slice10b_fix vs=a06_slice9 arm_median=2540.0070 reference_median=2540.0410 delta=-0.0340 limit=50.8008 within=true
bound metric=ttft_ms arm=a08_slice10b_fix vs=a06_slice9 arm_median=2540.0000 reference_median=2540.0000 delta=0.0000 limit=50.8000 within=true
bound metric=peak_rss_bytes arm=a08_slice10b_fix vs=a06_slice9 arm_median=3946332160 reference_median=3979837440 delta=-33505280 limit=79596749 within=true
bound metric=peak_footprint_bytes arm=a08_slice10b_fix vs=a06_slice9 arm_median=719989824 reference_median=717368384 delta=2621440 limit=14347368 within=true
bound metric=peak_gpu_bytes arm=a08_slice10b_fix vs=a06_slice9 arm_median=5608554496 reference_median=5608554496 delta=0 limit=112171090 within=true
bound metric=ms_per_token arm=a08_slice10b_fix vs=a07_slice10b arm_median=12.2000 reference_median=12.1700 delta=0.0300 limit=0.2434 within=true
bound metric=prefill_ms arm=a08_slice10b_fix vs=a07_slice10b arm_median=2540.0070 reference_median=2538.0495 delta=1.9575 limit=50.7610 within=true
bound metric=ttft_ms arm=a08_slice10b_fix vs=a07_slice10b arm_median=2540.0000 reference_median=2538.0000 delta=2.0000 limit=50.7600 within=true
bound metric=peak_rss_bytes arm=a08_slice10b_fix vs=a07_slice10b arm_median=3946332160 reference_median=3979886592 delta=-33554432 limit=79597732 within=true
bound metric=peak_footprint_bytes arm=a08_slice10b_fix vs=a07_slice10b arm_median=719989824 reference_median=713370688 delta=6619136 limit=14267414 within=true
bound metric=peak_gpu_bytes arm=a08_slice10b_fix vs=a07_slice10b arm_median=5608554496 reference_median=5608554496 delta=0 limit=112171090 within=true
bound metric=ms_per_token arm=a08_slice10b_fix vs=llama-server arm_median=12.2000 reference_median=9.1436 delta=3.0564 limit=0.1829 within=false
bound metric=prefill_ms arm=a08_slice10b_fix vs=llama-server arm_median=2540.0070 reference_median=571.3525 delta=1968.6545 limit=11.4270 within=false
bound metric=ttft_ms arm=a08_slice10b_fix vs=llama-server arm_median=2540.0000 reference_median=573.9639 delta=1966.0361 limit=11.4793 within=false
bound metric=peak_rss_bytes arm=a08_slice10b_fix vs=llama-server arm_median=3946332160 reference_median=3743236096 delta=203096064 limit=74864722 within=false
bound metric=peak_footprint_bytes arm=a08_slice10b_fix vs=llama-server arm_median=719989824 reference_median=213707200 delta=506282624 limit=4274144 within=false
bound metric=peak_gpu_bytes arm=a08_slice10b_fix vs=llama-server n=0
bound metric=ms_per_token arm=a09_slice10c vs=a00_0b_9f0647da arm_median=12.1410 reference_median=12.2205 delta=-0.0795 limit=0.2444 within=true
bound metric=prefill_ms arm=a09_slice10c vs=a00_0b_9f0647da arm_median=2540.9630 reference_median=2532.4930 delta=8.4700 limit=50.6499 within=true
bound metric=ttft_ms arm=a09_slice10c vs=a00_0b_9f0647da n=0
bound metric=peak_rss_bytes arm=a09_slice10c vs=a00_0b_9f0647da arm_median=4022337536 reference_median=3989274624 delta=33062912 limit=79785492 within=true
bound metric=peak_footprint_bytes arm=a09_slice10c vs=a00_0b_9f0647da arm_median=713632576 reference_median=724806720 delta=-11174144 limit=14496134 within=true
bound metric=peak_gpu_bytes arm=a09_slice10c vs=a00_0b_9f0647da n=0
bound metric=ms_per_token arm=a09_slice10c vs=a01_0c_152467a9 arm_median=12.1410 reference_median=12.2880 delta=-0.1470 limit=0.2458 within=true
bound metric=prefill_ms arm=a09_slice10c vs=a01_0c_152467a9 arm_median=2540.9630 reference_median=2538.0105 delta=2.9525 limit=50.7602 within=true
bound metric=ttft_ms arm=a09_slice10c vs=a01_0c_152467a9 arm_median=2541.0000 reference_median=2538.0000 delta=3.0000 limit=50.7600 within=true
bound metric=peak_rss_bytes arm=a09_slice10c vs=a01_0c_152467a9 arm_median=4022337536 reference_median=3972710400 delta=49627136 limit=79454208 within=true
bound metric=peak_footprint_bytes arm=a09_slice10c vs=a01_0c_152467a9 arm_median=713632576 reference_median=719137984 delta=-5505408 limit=14382760 within=true
bound metric=peak_gpu_bytes arm=a09_slice10c vs=a01_0c_152467a9 arm_median=5608554496 reference_median=5609734144 delta=-1179648 limit=112194683 within=true
bound metric=ms_per_token arm=a09_slice10c vs=a02_slice5 arm_median=12.1410 reference_median=12.2140 delta=-0.0730 limit=0.2443 within=true
bound metric=prefill_ms arm=a09_slice10c vs=a02_slice5 arm_median=2540.9630 reference_median=2536.9580 delta=4.0050 limit=50.7392 within=true
bound metric=ttft_ms arm=a09_slice10c vs=a02_slice5 arm_median=2541.0000 reference_median=2537.0000 delta=4.0000 limit=50.7400 within=true
bound metric=peak_rss_bytes arm=a09_slice10c vs=a02_slice5 arm_median=4022337536 reference_median=3960963072 delta=61374464 limit=79219261 within=true
bound metric=peak_footprint_bytes arm=a09_slice10c vs=a02_slice5 arm_median=713632576 reference_median=713026816 delta=605760 limit=14260536 within=true
bound metric=peak_gpu_bytes arm=a09_slice10c vs=a02_slice5 arm_median=5608554496 reference_median=5609734144 delta=-1179648 limit=112194683 within=true
bound metric=ms_per_token arm=a09_slice10c vs=a03_slice6 arm_median=12.1410 reference_median=12.1780 delta=-0.0370 limit=0.2436 within=true
bound metric=prefill_ms arm=a09_slice10c vs=a03_slice6 arm_median=2540.9630 reference_median=2539.0590 delta=1.9040 limit=50.7812 within=true
bound metric=ttft_ms arm=a09_slice10c vs=a03_slice6 arm_median=2541.0000 reference_median=2539.0000 delta=2.0000 limit=50.7800 within=true
bound metric=peak_rss_bytes arm=a09_slice10c vs=a03_slice6 arm_median=4022337536 reference_median=3996581888 delta=25755648 limit=79931638 within=true
bound metric=peak_footprint_bytes arm=a09_slice10c vs=a03_slice6 arm_median=713632576 reference_median=727198528 delta=-13565952 limit=14543971 within=true
bound metric=peak_gpu_bytes arm=a09_slice10c vs=a03_slice6 arm_median=5608554496 reference_median=5609734144 delta=-1179648 limit=112194683 within=true
bound metric=ms_per_token arm=a09_slice10c vs=a04_slice7 arm_median=12.1410 reference_median=12.1455 delta=-0.0045 limit=0.2429 within=true
bound metric=prefill_ms arm=a09_slice10c vs=a04_slice7 arm_median=2540.9630 reference_median=2536.9910 delta=3.9720 limit=50.7398 within=true
bound metric=ttft_ms arm=a09_slice10c vs=a04_slice7 arm_median=2541.0000 reference_median=2537.0000 delta=4.0000 limit=50.7400 within=true
bound metric=peak_rss_bytes arm=a09_slice10c vs=a04_slice7 arm_median=4022337536 reference_median=3963944960 delta=58392576 limit=79278899 within=true
bound metric=peak_footprint_bytes arm=a09_slice10c vs=a04_slice7 arm_median=713632576 reference_median=718678976 delta=-5046400 limit=14373580 within=true
bound metric=peak_gpu_bytes arm=a09_slice10c vs=a04_slice7 arm_median=5608554496 reference_median=5609734144 delta=-1179648 limit=112194683 within=true
bound metric=ms_per_token arm=a09_slice10c vs=a05_slice8 arm_median=12.1410 reference_median=12.1735 delta=-0.0325 limit=0.2435 within=true
bound metric=prefill_ms arm=a09_slice10c vs=a05_slice8 arm_median=2540.9630 reference_median=2539.0510 delta=1.9120 limit=50.7810 within=true
bound metric=ttft_ms arm=a09_slice10c vs=a05_slice8 arm_median=2541.0000 reference_median=2539.0000 delta=2.0000 limit=50.7800 within=true
bound metric=peak_rss_bytes arm=a09_slice10c vs=a05_slice8 arm_median=4022337536 reference_median=3928014848 delta=94322688 limit=78560297 within=false
bound metric=peak_footprint_bytes arm=a09_slice10c vs=a05_slice8 arm_median=713632576 reference_median=715172928 delta=-1540352 limit=14303459 within=true
bound metric=peak_gpu_bytes arm=a09_slice10c vs=a05_slice8 arm_median=5608554496 reference_median=5608554496 delta=0 limit=112171090 within=true
bound metric=ms_per_token arm=a09_slice10c vs=a06_slice9 arm_median=12.1410 reference_median=12.1660 delta=-0.0250 limit=0.2433 within=true
bound metric=prefill_ms arm=a09_slice10c vs=a06_slice9 arm_median=2540.9630 reference_median=2540.0410 delta=0.9220 limit=50.8008 within=true
bound metric=ttft_ms arm=a09_slice10c vs=a06_slice9 arm_median=2541.0000 reference_median=2540.0000 delta=1.0000 limit=50.8000 within=true
bound metric=peak_rss_bytes arm=a09_slice10c vs=a06_slice9 arm_median=4022337536 reference_median=3979837440 delta=42500096 limit=79596749 within=true
bound metric=peak_footprint_bytes arm=a09_slice10c vs=a06_slice9 arm_median=713632576 reference_median=717368384 delta=-3735808 limit=14347368 within=true
bound metric=peak_gpu_bytes arm=a09_slice10c vs=a06_slice9 arm_median=5608554496 reference_median=5608554496 delta=0 limit=112171090 within=true
bound metric=ms_per_token arm=a09_slice10c vs=a07_slice10b arm_median=12.1410 reference_median=12.1700 delta=-0.0290 limit=0.2434 within=true
bound metric=prefill_ms arm=a09_slice10c vs=a07_slice10b arm_median=2540.9630 reference_median=2538.0495 delta=2.9135 limit=50.7610 within=true
bound metric=ttft_ms arm=a09_slice10c vs=a07_slice10b arm_median=2541.0000 reference_median=2538.0000 delta=3.0000 limit=50.7600 within=true
bound metric=peak_rss_bytes arm=a09_slice10c vs=a07_slice10b arm_median=4022337536 reference_median=3979886592 delta=42450944 limit=79597732 within=true
bound metric=peak_footprint_bytes arm=a09_slice10c vs=a07_slice10b arm_median=713632576 reference_median=713370688 delta=261888 limit=14267414 within=true
bound metric=peak_gpu_bytes arm=a09_slice10c vs=a07_slice10b arm_median=5608554496 reference_median=5608554496 delta=0 limit=112171090 within=true
bound metric=ms_per_token arm=a09_slice10c vs=a08_slice10b_fix arm_median=12.1410 reference_median=12.2000 delta=-0.0590 limit=0.2440 within=true
bound metric=prefill_ms arm=a09_slice10c vs=a08_slice10b_fix arm_median=2540.9630 reference_median=2540.0070 delta=0.9560 limit=50.8001 within=true
bound metric=ttft_ms arm=a09_slice10c vs=a08_slice10b_fix arm_median=2541.0000 reference_median=2540.0000 delta=1.0000 limit=50.8000 within=true
bound metric=peak_rss_bytes arm=a09_slice10c vs=a08_slice10b_fix arm_median=4022337536 reference_median=3946332160 delta=76005376 limit=78926643 within=true
bound metric=peak_footprint_bytes arm=a09_slice10c vs=a08_slice10b_fix arm_median=713632576 reference_median=719989824 delta=-6357248 limit=14399796 within=true
bound metric=peak_gpu_bytes arm=a09_slice10c vs=a08_slice10b_fix arm_median=5608554496 reference_median=5608554496 delta=0 limit=112171090 within=true
bound metric=ms_per_token arm=a09_slice10c vs=llama-server arm_median=12.1410 reference_median=9.1436 delta=2.9974 limit=0.1829 within=false
bound metric=prefill_ms arm=a09_slice10c vs=llama-server arm_median=2540.9630 reference_median=571.3525 delta=1969.6105 limit=11.4270 within=false
bound metric=ttft_ms arm=a09_slice10c vs=llama-server arm_median=2541.0000 reference_median=573.9639 delta=1967.0361 limit=11.4793 within=false
bound metric=peak_rss_bytes arm=a09_slice10c vs=llama-server arm_median=4022337536 reference_median=3743236096 delta=279101440 limit=74864722 within=false
bound metric=peak_footprint_bytes arm=a09_slice10c vs=llama-server arm_median=713632576 reference_median=213707200 delta=499925376 limit=4274144 within=false
bound metric=peak_gpu_bytes arm=a09_slice10c vs=llama-server n=0
bound metric=ms_per_token arm=a10_slice11 vs=a00_0b_9f0647da arm_median=12.1570 reference_median=12.2205 delta=-0.0635 limit=0.2444 within=true
bound metric=prefill_ms arm=a10_slice11 vs=a00_0b_9f0647da arm_median=2540.0050 reference_median=2532.4930 delta=7.5120 limit=50.6499 within=true
bound metric=ttft_ms arm=a10_slice11 vs=a00_0b_9f0647da n=0
bound metric=peak_rss_bytes arm=a10_slice11 vs=a00_0b_9f0647da arm_median=3965485056 reference_median=3989274624 delta=-23789568 limit=79785492 within=true
bound metric=peak_footprint_bytes arm=a10_slice11 vs=a00_0b_9f0647da arm_median=712453248 reference_median=724806720 delta=-12353472 limit=14496134 within=true
bound metric=peak_gpu_bytes arm=a10_slice11 vs=a00_0b_9f0647da n=0
bound metric=ms_per_token arm=a10_slice11 vs=a01_0c_152467a9 arm_median=12.1570 reference_median=12.2880 delta=-0.1310 limit=0.2458 within=true
bound metric=prefill_ms arm=a10_slice11 vs=a01_0c_152467a9 arm_median=2540.0050 reference_median=2538.0105 delta=1.9945 limit=50.7602 within=true
bound metric=ttft_ms arm=a10_slice11 vs=a01_0c_152467a9 arm_median=2540.0000 reference_median=2538.0000 delta=2.0000 limit=50.7600 within=true
bound metric=peak_rss_bytes arm=a10_slice11 vs=a01_0c_152467a9 arm_median=3965485056 reference_median=3972710400 delta=-7225344 limit=79454208 within=true
bound metric=peak_footprint_bytes arm=a10_slice11 vs=a01_0c_152467a9 arm_median=712453248 reference_median=719137984 delta=-6684736 limit=14382760 within=true
bound metric=peak_gpu_bytes arm=a10_slice11 vs=a01_0c_152467a9 arm_median=5608554496 reference_median=5609734144 delta=-1179648 limit=112194683 within=true
bound metric=ms_per_token arm=a10_slice11 vs=a02_slice5 arm_median=12.1570 reference_median=12.2140 delta=-0.0570 limit=0.2443 within=true
bound metric=prefill_ms arm=a10_slice11 vs=a02_slice5 arm_median=2540.0050 reference_median=2536.9580 delta=3.0470 limit=50.7392 within=true
bound metric=ttft_ms arm=a10_slice11 vs=a02_slice5 arm_median=2540.0000 reference_median=2537.0000 delta=3.0000 limit=50.7400 within=true
bound metric=peak_rss_bytes arm=a10_slice11 vs=a02_slice5 arm_median=3965485056 reference_median=3960963072 delta=4521984 limit=79219261 within=true
bound metric=peak_footprint_bytes arm=a10_slice11 vs=a02_slice5 arm_median=712453248 reference_median=713026816 delta=-573568 limit=14260536 within=true
bound metric=peak_gpu_bytes arm=a10_slice11 vs=a02_slice5 arm_median=5608554496 reference_median=5609734144 delta=-1179648 limit=112194683 within=true
bound metric=ms_per_token arm=a10_slice11 vs=a03_slice6 arm_median=12.1570 reference_median=12.1780 delta=-0.0210 limit=0.2436 within=true
bound metric=prefill_ms arm=a10_slice11 vs=a03_slice6 arm_median=2540.0050 reference_median=2539.0590 delta=0.9460 limit=50.7812 within=true
bound metric=ttft_ms arm=a10_slice11 vs=a03_slice6 arm_median=2540.0000 reference_median=2539.0000 delta=1.0000 limit=50.7800 within=true
bound metric=peak_rss_bytes arm=a10_slice11 vs=a03_slice6 arm_median=3965485056 reference_median=3996581888 delta=-31096832 limit=79931638 within=true
bound metric=peak_footprint_bytes arm=a10_slice11 vs=a03_slice6 arm_median=712453248 reference_median=727198528 delta=-14745280 limit=14543971 within=true
bound metric=peak_gpu_bytes arm=a10_slice11 vs=a03_slice6 arm_median=5608554496 reference_median=5609734144 delta=-1179648 limit=112194683 within=true
bound metric=ms_per_token arm=a10_slice11 vs=a04_slice7 arm_median=12.1570 reference_median=12.1455 delta=0.0115 limit=0.2429 within=true
bound metric=prefill_ms arm=a10_slice11 vs=a04_slice7 arm_median=2540.0050 reference_median=2536.9910 delta=3.0140 limit=50.7398 within=true
bound metric=ttft_ms arm=a10_slice11 vs=a04_slice7 arm_median=2540.0000 reference_median=2537.0000 delta=3.0000 limit=50.7400 within=true
bound metric=peak_rss_bytes arm=a10_slice11 vs=a04_slice7 arm_median=3965485056 reference_median=3963944960 delta=1540096 limit=79278899 within=true
bound metric=peak_footprint_bytes arm=a10_slice11 vs=a04_slice7 arm_median=712453248 reference_median=718678976 delta=-6225728 limit=14373580 within=true
bound metric=peak_gpu_bytes arm=a10_slice11 vs=a04_slice7 arm_median=5608554496 reference_median=5609734144 delta=-1179648 limit=112194683 within=true
bound metric=ms_per_token arm=a10_slice11 vs=a05_slice8 arm_median=12.1570 reference_median=12.1735 delta=-0.0165 limit=0.2435 within=true
bound metric=prefill_ms arm=a10_slice11 vs=a05_slice8 arm_median=2540.0050 reference_median=2539.0510 delta=0.9540 limit=50.7810 within=true
bound metric=ttft_ms arm=a10_slice11 vs=a05_slice8 arm_median=2540.0000 reference_median=2539.0000 delta=1.0000 limit=50.7800 within=true
bound metric=peak_rss_bytes arm=a10_slice11 vs=a05_slice8 arm_median=3965485056 reference_median=3928014848 delta=37470208 limit=78560297 within=true
bound metric=peak_footprint_bytes arm=a10_slice11 vs=a05_slice8 arm_median=712453248 reference_median=715172928 delta=-2719680 limit=14303459 within=true
bound metric=peak_gpu_bytes arm=a10_slice11 vs=a05_slice8 arm_median=5608554496 reference_median=5608554496 delta=0 limit=112171090 within=true
bound metric=ms_per_token arm=a10_slice11 vs=a06_slice9 arm_median=12.1570 reference_median=12.1660 delta=-0.0090 limit=0.2433 within=true
bound metric=prefill_ms arm=a10_slice11 vs=a06_slice9 arm_median=2540.0050 reference_median=2540.0410 delta=-0.0360 limit=50.8008 within=true
bound metric=ttft_ms arm=a10_slice11 vs=a06_slice9 arm_median=2540.0000 reference_median=2540.0000 delta=0.0000 limit=50.8000 within=true
bound metric=peak_rss_bytes arm=a10_slice11 vs=a06_slice9 arm_median=3965485056 reference_median=3979837440 delta=-14352384 limit=79596749 within=true
bound metric=peak_footprint_bytes arm=a10_slice11 vs=a06_slice9 arm_median=712453248 reference_median=717368384 delta=-4915136 limit=14347368 within=true
bound metric=peak_gpu_bytes arm=a10_slice11 vs=a06_slice9 arm_median=5608554496 reference_median=5608554496 delta=0 limit=112171090 within=true
bound metric=ms_per_token arm=a10_slice11 vs=a07_slice10b arm_median=12.1570 reference_median=12.1700 delta=-0.0130 limit=0.2434 within=true
bound metric=prefill_ms arm=a10_slice11 vs=a07_slice10b arm_median=2540.0050 reference_median=2538.0495 delta=1.9555 limit=50.7610 within=true
bound metric=ttft_ms arm=a10_slice11 vs=a07_slice10b arm_median=2540.0000 reference_median=2538.0000 delta=2.0000 limit=50.7600 within=true
bound metric=peak_rss_bytes arm=a10_slice11 vs=a07_slice10b arm_median=3965485056 reference_median=3979886592 delta=-14401536 limit=79597732 within=true
bound metric=peak_footprint_bytes arm=a10_slice11 vs=a07_slice10b arm_median=712453248 reference_median=713370688 delta=-917440 limit=14267414 within=true
bound metric=peak_gpu_bytes arm=a10_slice11 vs=a07_slice10b arm_median=5608554496 reference_median=5608554496 delta=0 limit=112171090 within=true
bound metric=ms_per_token arm=a10_slice11 vs=a08_slice10b_fix arm_median=12.1570 reference_median=12.2000 delta=-0.0430 limit=0.2440 within=true
bound metric=prefill_ms arm=a10_slice11 vs=a08_slice10b_fix arm_median=2540.0050 reference_median=2540.0070 delta=-0.0020 limit=50.8001 within=true
bound metric=ttft_ms arm=a10_slice11 vs=a08_slice10b_fix arm_median=2540.0000 reference_median=2540.0000 delta=0.0000 limit=50.8000 within=true
bound metric=peak_rss_bytes arm=a10_slice11 vs=a08_slice10b_fix arm_median=3965485056 reference_median=3946332160 delta=19152896 limit=78926643 within=true
bound metric=peak_footprint_bytes arm=a10_slice11 vs=a08_slice10b_fix arm_median=712453248 reference_median=719989824 delta=-7536576 limit=14399796 within=true
bound metric=peak_gpu_bytes arm=a10_slice11 vs=a08_slice10b_fix arm_median=5608554496 reference_median=5608554496 delta=0 limit=112171090 within=true
bound metric=ms_per_token arm=a10_slice11 vs=a09_slice10c arm_median=12.1570 reference_median=12.1410 delta=0.0160 limit=0.2428 within=true
bound metric=prefill_ms arm=a10_slice11 vs=a09_slice10c arm_median=2540.0050 reference_median=2540.9630 delta=-0.9580 limit=50.8193 within=true
bound metric=ttft_ms arm=a10_slice11 vs=a09_slice10c arm_median=2540.0000 reference_median=2541.0000 delta=-1.0000 limit=50.8200 within=true
bound metric=peak_rss_bytes arm=a10_slice11 vs=a09_slice10c arm_median=3965485056 reference_median=4022337536 delta=-56852480 limit=80446751 within=true
bound metric=peak_footprint_bytes arm=a10_slice11 vs=a09_slice10c arm_median=712453248 reference_median=713632576 delta=-1179328 limit=14272652 within=true
bound metric=peak_gpu_bytes arm=a10_slice11 vs=a09_slice10c arm_median=5608554496 reference_median=5608554496 delta=0 limit=112171090 within=true
bound metric=ms_per_token arm=a10_slice11 vs=llama-server arm_median=12.1570 reference_median=9.1436 delta=3.0134 limit=0.1829 within=false
bound metric=prefill_ms arm=a10_slice11 vs=llama-server arm_median=2540.0050 reference_median=571.3525 delta=1968.6525 limit=11.4270 within=false
bound metric=ttft_ms arm=a10_slice11 vs=llama-server arm_median=2540.0000 reference_median=573.9639 delta=1966.0361 limit=11.4793 within=false
bound metric=peak_rss_bytes arm=a10_slice11 vs=llama-server arm_median=3965485056 reference_median=3743236096 delta=222248960 limit=74864722 within=false
bound metric=peak_footprint_bytes arm=a10_slice11 vs=llama-server arm_median=712453248 reference_median=213707200 delta=498746048 limit=4274144 within=false
bound metric=peak_gpu_bytes arm=a10_slice11 vs=llama-server n=0
bound metric=ms_per_token arm=a11_slice12 vs=a00_0b_9f0647da arm_median=12.2255 reference_median=12.2205 delta=0.0050 limit=0.2444 within=true
bound metric=prefill_ms arm=a11_slice12 vs=a00_0b_9f0647da arm_median=2541.9930 reference_median=2532.4930 delta=9.5000 limit=50.6499 within=true
bound metric=ttft_ms arm=a11_slice12 vs=a00_0b_9f0647da n=0
bound metric=peak_rss_bytes arm=a11_slice12 vs=a00_0b_9f0647da arm_median=3951951872 reference_median=3989274624 delta=-37322752 limit=79785492 within=true
bound metric=peak_footprint_bytes arm=a11_slice12 vs=a00_0b_9f0647da arm_median=714828800 reference_median=724806720 delta=-9977920 limit=14496134 within=true
bound metric=peak_gpu_bytes arm=a11_slice12 vs=a00_0b_9f0647da n=0
bound metric=ms_per_token arm=a11_slice12 vs=a01_0c_152467a9 arm_median=12.2255 reference_median=12.2880 delta=-0.0625 limit=0.2458 within=true
bound metric=prefill_ms arm=a11_slice12 vs=a01_0c_152467a9 arm_median=2541.9930 reference_median=2538.0105 delta=3.9825 limit=50.7602 within=true
bound metric=ttft_ms arm=a11_slice12 vs=a01_0c_152467a9 arm_median=2542.0000 reference_median=2538.0000 delta=4.0000 limit=50.7600 within=true
bound metric=peak_rss_bytes arm=a11_slice12 vs=a01_0c_152467a9 arm_median=3951951872 reference_median=3972710400 delta=-20758528 limit=79454208 within=true
bound metric=peak_footprint_bytes arm=a11_slice12 vs=a01_0c_152467a9 arm_median=714828800 reference_median=719137984 delta=-4309184 limit=14382760 within=true
bound metric=peak_gpu_bytes arm=a11_slice12 vs=a01_0c_152467a9 arm_median=5608554496 reference_median=5609734144 delta=-1179648 limit=112194683 within=true
bound metric=ms_per_token arm=a11_slice12 vs=a02_slice5 arm_median=12.2255 reference_median=12.2140 delta=0.0115 limit=0.2443 within=true
bound metric=prefill_ms arm=a11_slice12 vs=a02_slice5 arm_median=2541.9930 reference_median=2536.9580 delta=5.0350 limit=50.7392 within=true
bound metric=ttft_ms arm=a11_slice12 vs=a02_slice5 arm_median=2542.0000 reference_median=2537.0000 delta=5.0000 limit=50.7400 within=true
bound metric=peak_rss_bytes arm=a11_slice12 vs=a02_slice5 arm_median=3951951872 reference_median=3960963072 delta=-9011200 limit=79219261 within=true
bound metric=peak_footprint_bytes arm=a11_slice12 vs=a02_slice5 arm_median=714828800 reference_median=713026816 delta=1801984 limit=14260536 within=true
bound metric=peak_gpu_bytes arm=a11_slice12 vs=a02_slice5 arm_median=5608554496 reference_median=5609734144 delta=-1179648 limit=112194683 within=true
bound metric=ms_per_token arm=a11_slice12 vs=a03_slice6 arm_median=12.2255 reference_median=12.1780 delta=0.0475 limit=0.2436 within=true
bound metric=prefill_ms arm=a11_slice12 vs=a03_slice6 arm_median=2541.9930 reference_median=2539.0590 delta=2.9340 limit=50.7812 within=true
bound metric=ttft_ms arm=a11_slice12 vs=a03_slice6 arm_median=2542.0000 reference_median=2539.0000 delta=3.0000 limit=50.7800 within=true
bound metric=peak_rss_bytes arm=a11_slice12 vs=a03_slice6 arm_median=3951951872 reference_median=3996581888 delta=-44630016 limit=79931638 within=true
bound metric=peak_footprint_bytes arm=a11_slice12 vs=a03_slice6 arm_median=714828800 reference_median=727198528 delta=-12369728 limit=14543971 within=true
bound metric=peak_gpu_bytes arm=a11_slice12 vs=a03_slice6 arm_median=5608554496 reference_median=5609734144 delta=-1179648 limit=112194683 within=true
bound metric=ms_per_token arm=a11_slice12 vs=a04_slice7 arm_median=12.2255 reference_median=12.1455 delta=0.0800 limit=0.2429 within=true
bound metric=prefill_ms arm=a11_slice12 vs=a04_slice7 arm_median=2541.9930 reference_median=2536.9910 delta=5.0020 limit=50.7398 within=true
bound metric=ttft_ms arm=a11_slice12 vs=a04_slice7 arm_median=2542.0000 reference_median=2537.0000 delta=5.0000 limit=50.7400 within=true
bound metric=peak_rss_bytes arm=a11_slice12 vs=a04_slice7 arm_median=3951951872 reference_median=3963944960 delta=-11993088 limit=79278899 within=true
bound metric=peak_footprint_bytes arm=a11_slice12 vs=a04_slice7 arm_median=714828800 reference_median=718678976 delta=-3850176 limit=14373580 within=true
bound metric=peak_gpu_bytes arm=a11_slice12 vs=a04_slice7 arm_median=5608554496 reference_median=5609734144 delta=-1179648 limit=112194683 within=true
bound metric=ms_per_token arm=a11_slice12 vs=a05_slice8 arm_median=12.2255 reference_median=12.1735 delta=0.0520 limit=0.2435 within=true
bound metric=prefill_ms arm=a11_slice12 vs=a05_slice8 arm_median=2541.9930 reference_median=2539.0510 delta=2.9420 limit=50.7810 within=true
bound metric=ttft_ms arm=a11_slice12 vs=a05_slice8 arm_median=2542.0000 reference_median=2539.0000 delta=3.0000 limit=50.7800 within=true
bound metric=peak_rss_bytes arm=a11_slice12 vs=a05_slice8 arm_median=3951951872 reference_median=3928014848 delta=23937024 limit=78560297 within=true
bound metric=peak_footprint_bytes arm=a11_slice12 vs=a05_slice8 arm_median=714828800 reference_median=715172928 delta=-344128 limit=14303459 within=true
bound metric=peak_gpu_bytes arm=a11_slice12 vs=a05_slice8 arm_median=5608554496 reference_median=5608554496 delta=0 limit=112171090 within=true
bound metric=ms_per_token arm=a11_slice12 vs=a06_slice9 arm_median=12.2255 reference_median=12.1660 delta=0.0595 limit=0.2433 within=true
bound metric=prefill_ms arm=a11_slice12 vs=a06_slice9 arm_median=2541.9930 reference_median=2540.0410 delta=1.9520 limit=50.8008 within=true
bound metric=ttft_ms arm=a11_slice12 vs=a06_slice9 arm_median=2542.0000 reference_median=2540.0000 delta=2.0000 limit=50.8000 within=true
bound metric=peak_rss_bytes arm=a11_slice12 vs=a06_slice9 arm_median=3951951872 reference_median=3979837440 delta=-27885568 limit=79596749 within=true
bound metric=peak_footprint_bytes arm=a11_slice12 vs=a06_slice9 arm_median=714828800 reference_median=717368384 delta=-2539584 limit=14347368 within=true
bound metric=peak_gpu_bytes arm=a11_slice12 vs=a06_slice9 arm_median=5608554496 reference_median=5608554496 delta=0 limit=112171090 within=true
bound metric=ms_per_token arm=a11_slice12 vs=a07_slice10b arm_median=12.2255 reference_median=12.1700 delta=0.0555 limit=0.2434 within=true
bound metric=prefill_ms arm=a11_slice12 vs=a07_slice10b arm_median=2541.9930 reference_median=2538.0495 delta=3.9435 limit=50.7610 within=true
bound metric=ttft_ms arm=a11_slice12 vs=a07_slice10b arm_median=2542.0000 reference_median=2538.0000 delta=4.0000 limit=50.7600 within=true
bound metric=peak_rss_bytes arm=a11_slice12 vs=a07_slice10b arm_median=3951951872 reference_median=3979886592 delta=-27934720 limit=79597732 within=true
bound metric=peak_footprint_bytes arm=a11_slice12 vs=a07_slice10b arm_median=714828800 reference_median=713370688 delta=1458112 limit=14267414 within=true
bound metric=peak_gpu_bytes arm=a11_slice12 vs=a07_slice10b arm_median=5608554496 reference_median=5608554496 delta=0 limit=112171090 within=true
bound metric=ms_per_token arm=a11_slice12 vs=a08_slice10b_fix arm_median=12.2255 reference_median=12.2000 delta=0.0255 limit=0.2440 within=true
bound metric=prefill_ms arm=a11_slice12 vs=a08_slice10b_fix arm_median=2541.9930 reference_median=2540.0070 delta=1.9860 limit=50.8001 within=true
bound metric=ttft_ms arm=a11_slice12 vs=a08_slice10b_fix arm_median=2542.0000 reference_median=2540.0000 delta=2.0000 limit=50.8000 within=true
bound metric=peak_rss_bytes arm=a11_slice12 vs=a08_slice10b_fix arm_median=3951951872 reference_median=3946332160 delta=5619712 limit=78926643 within=true
bound metric=peak_footprint_bytes arm=a11_slice12 vs=a08_slice10b_fix arm_median=714828800 reference_median=719989824 delta=-5161024 limit=14399796 within=true
bound metric=peak_gpu_bytes arm=a11_slice12 vs=a08_slice10b_fix arm_median=5608554496 reference_median=5608554496 delta=0 limit=112171090 within=true
bound metric=ms_per_token arm=a11_slice12 vs=a09_slice10c arm_median=12.2255 reference_median=12.1410 delta=0.0845 limit=0.2428 within=true
bound metric=prefill_ms arm=a11_slice12 vs=a09_slice10c arm_median=2541.9930 reference_median=2540.9630 delta=1.0300 limit=50.8193 within=true
bound metric=ttft_ms arm=a11_slice12 vs=a09_slice10c arm_median=2542.0000 reference_median=2541.0000 delta=1.0000 limit=50.8200 within=true
bound metric=peak_rss_bytes arm=a11_slice12 vs=a09_slice10c arm_median=3951951872 reference_median=4022337536 delta=-70385664 limit=80446751 within=true
bound metric=peak_footprint_bytes arm=a11_slice12 vs=a09_slice10c arm_median=714828800 reference_median=713632576 delta=1196224 limit=14272652 within=true
bound metric=peak_gpu_bytes arm=a11_slice12 vs=a09_slice10c arm_median=5608554496 reference_median=5608554496 delta=0 limit=112171090 within=true
bound metric=ms_per_token arm=a11_slice12 vs=a10_slice11 arm_median=12.2255 reference_median=12.1570 delta=0.0685 limit=0.2431 within=true
bound metric=prefill_ms arm=a11_slice12 vs=a10_slice11 arm_median=2541.9930 reference_median=2540.0050 delta=1.9880 limit=50.8001 within=true
bound metric=ttft_ms arm=a11_slice12 vs=a10_slice11 arm_median=2542.0000 reference_median=2540.0000 delta=2.0000 limit=50.8000 within=true
bound metric=peak_rss_bytes arm=a11_slice12 vs=a10_slice11 arm_median=3951951872 reference_median=3965485056 delta=-13533184 limit=79309701 within=true
bound metric=peak_footprint_bytes arm=a11_slice12 vs=a10_slice11 arm_median=714828800 reference_median=712453248 delta=2375552 limit=14249065 within=true
bound metric=peak_gpu_bytes arm=a11_slice12 vs=a10_slice11 arm_median=5608554496 reference_median=5608554496 delta=0 limit=112171090 within=true
bound metric=ms_per_token arm=a11_slice12 vs=llama-server arm_median=12.2255 reference_median=9.1436 delta=3.0819 limit=0.1829 within=false
bound metric=prefill_ms arm=a11_slice12 vs=llama-server arm_median=2541.9930 reference_median=571.3525 delta=1970.6405 limit=11.4270 within=false
bound metric=ttft_ms arm=a11_slice12 vs=llama-server arm_median=2542.0000 reference_median=573.9639 delta=1968.0361 limit=11.4793 within=false
bound metric=peak_rss_bytes arm=a11_slice12 vs=llama-server arm_median=3951951872 reference_median=3743236096 delta=208715776 limit=74864722 within=false
bound metric=peak_footprint_bytes arm=a11_slice12 vs=llama-server arm_median=714828800 reference_median=213707200 delta=501121600 limit=4274144 within=false
bound metric=peak_gpu_bytes arm=a11_slice12 vs=llama-server n=0
bound metric=ms_per_token arm=a12_eor vs=a00_0b_9f0647da arm_median=12.1150 reference_median=12.2205 delta=-0.1055 limit=0.2444 within=true
bound metric=prefill_ms arm=a12_eor vs=a00_0b_9f0647da arm_median=2539.9600 reference_median=2532.4930 delta=7.4670 limit=50.6499 within=true
bound metric=ttft_ms arm=a12_eor vs=a00_0b_9f0647da n=0
bound metric=peak_rss_bytes arm=a12_eor vs=a00_0b_9f0647da arm_median=3958669312 reference_median=3989274624 delta=-30605312 limit=79785492 within=true
bound metric=peak_footprint_bytes arm=a12_eor vs=a00_0b_9f0647da arm_median=723479744 reference_median=724806720 delta=-1326976 limit=14496134 within=true
bound metric=peak_gpu_bytes arm=a12_eor vs=a00_0b_9f0647da n=0
bound metric=ms_per_token arm=a12_eor vs=a01_0c_152467a9 arm_median=12.1150 reference_median=12.2880 delta=-0.1730 limit=0.2458 within=true
bound metric=prefill_ms arm=a12_eor vs=a01_0c_152467a9 arm_median=2539.9600 reference_median=2538.0105 delta=1.9495 limit=50.7602 within=true
bound metric=ttft_ms arm=a12_eor vs=a01_0c_152467a9 arm_median=2540.0000 reference_median=2538.0000 delta=2.0000 limit=50.7600 within=true
bound metric=peak_rss_bytes arm=a12_eor vs=a01_0c_152467a9 arm_median=3958669312 reference_median=3972710400 delta=-14041088 limit=79454208 within=true
bound metric=peak_footprint_bytes arm=a12_eor vs=a01_0c_152467a9 arm_median=723479744 reference_median=719137984 delta=4341760 limit=14382760 within=true
bound metric=peak_gpu_bytes arm=a12_eor vs=a01_0c_152467a9 arm_median=5608554496 reference_median=5609734144 delta=-1179648 limit=112194683 within=true
bound metric=ms_per_token arm=a12_eor vs=a02_slice5 arm_median=12.1150 reference_median=12.2140 delta=-0.0990 limit=0.2443 within=true
bound metric=prefill_ms arm=a12_eor vs=a02_slice5 arm_median=2539.9600 reference_median=2536.9580 delta=3.0020 limit=50.7392 within=true
bound metric=ttft_ms arm=a12_eor vs=a02_slice5 arm_median=2540.0000 reference_median=2537.0000 delta=3.0000 limit=50.7400 within=true
bound metric=peak_rss_bytes arm=a12_eor vs=a02_slice5 arm_median=3958669312 reference_median=3960963072 delta=-2293760 limit=79219261 within=true
bound metric=peak_footprint_bytes arm=a12_eor vs=a02_slice5 arm_median=723479744 reference_median=713026816 delta=10452928 limit=14260536 within=true
bound metric=peak_gpu_bytes arm=a12_eor vs=a02_slice5 arm_median=5608554496 reference_median=5609734144 delta=-1179648 limit=112194683 within=true
bound metric=ms_per_token arm=a12_eor vs=a03_slice6 arm_median=12.1150 reference_median=12.1780 delta=-0.0630 limit=0.2436 within=true
bound metric=prefill_ms arm=a12_eor vs=a03_slice6 arm_median=2539.9600 reference_median=2539.0590 delta=0.9010 limit=50.7812 within=true
bound metric=ttft_ms arm=a12_eor vs=a03_slice6 arm_median=2540.0000 reference_median=2539.0000 delta=1.0000 limit=50.7800 within=true
bound metric=peak_rss_bytes arm=a12_eor vs=a03_slice6 arm_median=3958669312 reference_median=3996581888 delta=-37912576 limit=79931638 within=true
bound metric=peak_footprint_bytes arm=a12_eor vs=a03_slice6 arm_median=723479744 reference_median=727198528 delta=-3718784 limit=14543971 within=true
bound metric=peak_gpu_bytes arm=a12_eor vs=a03_slice6 arm_median=5608554496 reference_median=5609734144 delta=-1179648 limit=112194683 within=true
bound metric=ms_per_token arm=a12_eor vs=a04_slice7 arm_median=12.1150 reference_median=12.1455 delta=-0.0305 limit=0.2429 within=true
bound metric=prefill_ms arm=a12_eor vs=a04_slice7 arm_median=2539.9600 reference_median=2536.9910 delta=2.9690 limit=50.7398 within=true
bound metric=ttft_ms arm=a12_eor vs=a04_slice7 arm_median=2540.0000 reference_median=2537.0000 delta=3.0000 limit=50.7400 within=true
bound metric=peak_rss_bytes arm=a12_eor vs=a04_slice7 arm_median=3958669312 reference_median=3963944960 delta=-5275648 limit=79278899 within=true
bound metric=peak_footprint_bytes arm=a12_eor vs=a04_slice7 arm_median=723479744 reference_median=718678976 delta=4800768 limit=14373580 within=true
bound metric=peak_gpu_bytes arm=a12_eor vs=a04_slice7 arm_median=5608554496 reference_median=5609734144 delta=-1179648 limit=112194683 within=true
bound metric=ms_per_token arm=a12_eor vs=a05_slice8 arm_median=12.1150 reference_median=12.1735 delta=-0.0585 limit=0.2435 within=true
bound metric=prefill_ms arm=a12_eor vs=a05_slice8 arm_median=2539.9600 reference_median=2539.0510 delta=0.9090 limit=50.7810 within=true
bound metric=ttft_ms arm=a12_eor vs=a05_slice8 arm_median=2540.0000 reference_median=2539.0000 delta=1.0000 limit=50.7800 within=true
bound metric=peak_rss_bytes arm=a12_eor vs=a05_slice8 arm_median=3958669312 reference_median=3928014848 delta=30654464 limit=78560297 within=true
bound metric=peak_footprint_bytes arm=a12_eor vs=a05_slice8 arm_median=723479744 reference_median=715172928 delta=8306816 limit=14303459 within=true
bound metric=peak_gpu_bytes arm=a12_eor vs=a05_slice8 arm_median=5608554496 reference_median=5608554496 delta=0 limit=112171090 within=true
bound metric=ms_per_token arm=a12_eor vs=a06_slice9 arm_median=12.1150 reference_median=12.1660 delta=-0.0510 limit=0.2433 within=true
bound metric=prefill_ms arm=a12_eor vs=a06_slice9 arm_median=2539.9600 reference_median=2540.0410 delta=-0.0810 limit=50.8008 within=true
bound metric=ttft_ms arm=a12_eor vs=a06_slice9 arm_median=2540.0000 reference_median=2540.0000 delta=0.0000 limit=50.8000 within=true
bound metric=peak_rss_bytes arm=a12_eor vs=a06_slice9 arm_median=3958669312 reference_median=3979837440 delta=-21168128 limit=79596749 within=true
bound metric=peak_footprint_bytes arm=a12_eor vs=a06_slice9 arm_median=723479744 reference_median=717368384 delta=6111360 limit=14347368 within=true
bound metric=peak_gpu_bytes arm=a12_eor vs=a06_slice9 arm_median=5608554496 reference_median=5608554496 delta=0 limit=112171090 within=true
bound metric=ms_per_token arm=a12_eor vs=a07_slice10b arm_median=12.1150 reference_median=12.1700 delta=-0.0550 limit=0.2434 within=true
bound metric=prefill_ms arm=a12_eor vs=a07_slice10b arm_median=2539.9600 reference_median=2538.0495 delta=1.9105 limit=50.7610 within=true
bound metric=ttft_ms arm=a12_eor vs=a07_slice10b arm_median=2540.0000 reference_median=2538.0000 delta=2.0000 limit=50.7600 within=true
bound metric=peak_rss_bytes arm=a12_eor vs=a07_slice10b arm_median=3958669312 reference_median=3979886592 delta=-21217280 limit=79597732 within=true
bound metric=peak_footprint_bytes arm=a12_eor vs=a07_slice10b arm_median=723479744 reference_median=713370688 delta=10109056 limit=14267414 within=true
bound metric=peak_gpu_bytes arm=a12_eor vs=a07_slice10b arm_median=5608554496 reference_median=5608554496 delta=0 limit=112171090 within=true
bound metric=ms_per_token arm=a12_eor vs=a08_slice10b_fix arm_median=12.1150 reference_median=12.2000 delta=-0.0850 limit=0.2440 within=true
bound metric=prefill_ms arm=a12_eor vs=a08_slice10b_fix arm_median=2539.9600 reference_median=2540.0070 delta=-0.0470 limit=50.8001 within=true
bound metric=ttft_ms arm=a12_eor vs=a08_slice10b_fix arm_median=2540.0000 reference_median=2540.0000 delta=0.0000 limit=50.8000 within=true
bound metric=peak_rss_bytes arm=a12_eor vs=a08_slice10b_fix arm_median=3958669312 reference_median=3946332160 delta=12337152 limit=78926643 within=true
bound metric=peak_footprint_bytes arm=a12_eor vs=a08_slice10b_fix arm_median=723479744 reference_median=719989824 delta=3489920 limit=14399796 within=true
bound metric=peak_gpu_bytes arm=a12_eor vs=a08_slice10b_fix arm_median=5608554496 reference_median=5608554496 delta=0 limit=112171090 within=true
bound metric=ms_per_token arm=a12_eor vs=a09_slice10c arm_median=12.1150 reference_median=12.1410 delta=-0.0260 limit=0.2428 within=true
bound metric=prefill_ms arm=a12_eor vs=a09_slice10c arm_median=2539.9600 reference_median=2540.9630 delta=-1.0030 limit=50.8193 within=true
bound metric=ttft_ms arm=a12_eor vs=a09_slice10c arm_median=2540.0000 reference_median=2541.0000 delta=-1.0000 limit=50.8200 within=true
bound metric=peak_rss_bytes arm=a12_eor vs=a09_slice10c arm_median=3958669312 reference_median=4022337536 delta=-63668224 limit=80446751 within=true
bound metric=peak_footprint_bytes arm=a12_eor vs=a09_slice10c arm_median=723479744 reference_median=713632576 delta=9847168 limit=14272652 within=true
bound metric=peak_gpu_bytes arm=a12_eor vs=a09_slice10c arm_median=5608554496 reference_median=5608554496 delta=0 limit=112171090 within=true
bound metric=ms_per_token arm=a12_eor vs=a10_slice11 arm_median=12.1150 reference_median=12.1570 delta=-0.0420 limit=0.2431 within=true
bound metric=prefill_ms arm=a12_eor vs=a10_slice11 arm_median=2539.9600 reference_median=2540.0050 delta=-0.0450 limit=50.8001 within=true
bound metric=ttft_ms arm=a12_eor vs=a10_slice11 arm_median=2540.0000 reference_median=2540.0000 delta=0.0000 limit=50.8000 within=true
bound metric=peak_rss_bytes arm=a12_eor vs=a10_slice11 arm_median=3958669312 reference_median=3965485056 delta=-6815744 limit=79309701 within=true
bound metric=peak_footprint_bytes arm=a12_eor vs=a10_slice11 arm_median=723479744 reference_median=712453248 delta=11026496 limit=14249065 within=true
bound metric=peak_gpu_bytes arm=a12_eor vs=a10_slice11 arm_median=5608554496 reference_median=5608554496 delta=0 limit=112171090 within=true
bound metric=ms_per_token arm=a12_eor vs=a11_slice12 arm_median=12.1150 reference_median=12.2255 delta=-0.1105 limit=0.2445 within=true
bound metric=prefill_ms arm=a12_eor vs=a11_slice12 arm_median=2539.9600 reference_median=2541.9930 delta=-2.0330 limit=50.8399 within=true
bound metric=ttft_ms arm=a12_eor vs=a11_slice12 arm_median=2540.0000 reference_median=2542.0000 delta=-2.0000 limit=50.8400 within=true
bound metric=peak_rss_bytes arm=a12_eor vs=a11_slice12 arm_median=3958669312 reference_median=3951951872 delta=6717440 limit=79039037 within=true
bound metric=peak_footprint_bytes arm=a12_eor vs=a11_slice12 arm_median=723479744 reference_median=714828800 delta=8650944 limit=14296576 within=true
bound metric=peak_gpu_bytes arm=a12_eor vs=a11_slice12 arm_median=5608554496 reference_median=5608554496 delta=0 limit=112171090 within=true
bound metric=ms_per_token arm=a12_eor vs=llama-server arm_median=12.1150 reference_median=9.1436 delta=2.9714 limit=0.1829 within=false
bound metric=prefill_ms arm=a12_eor vs=llama-server arm_median=2539.9600 reference_median=571.3525 delta=1968.6075 limit=11.4270 within=false
bound metric=ttft_ms arm=a12_eor vs=llama-server arm_median=2540.0000 reference_median=573.9639 delta=1966.0361 limit=11.4793 within=false
bound metric=peak_rss_bytes arm=a12_eor vs=llama-server arm_median=3958669312 reference_median=3743236096 delta=215433216 limit=74864722 within=false
bound metric=peak_footprint_bytes arm=a12_eor vs=llama-server arm_median=723479744 reference_median=213707200 delta=509772544 limit=4274144 within=false
bound metric=peak_gpu_bytes arm=a12_eor vs=llama-server n=0
bound metric=ms_per_token arm=a13_f76b4a97 vs=a00_0b_9f0647da arm_median=12.1180 reference_median=12.2205 delta=-0.1025 limit=0.2444 within=true
bound metric=prefill_ms arm=a13_f76b4a97 vs=a00_0b_9f0647da arm_median=2543.0100 reference_median=2532.4930 delta=10.5170 limit=50.6499 within=true
bound metric=ttft_ms arm=a13_f76b4a97 vs=a00_0b_9f0647da n=0
bound metric=peak_rss_bytes arm=a13_f76b4a97 vs=a00_0b_9f0647da arm_median=4001611776 reference_median=3989274624 delta=12337152 limit=79785492 within=true
bound metric=peak_footprint_bytes arm=a13_f76b4a97 vs=a00_0b_9f0647da arm_median=726215232 reference_median=724806720 delta=1408512 limit=14496134 within=true
bound metric=peak_gpu_bytes arm=a13_f76b4a97 vs=a00_0b_9f0647da n=0
bound metric=ms_per_token arm=a13_f76b4a97 vs=a01_0c_152467a9 arm_median=12.1180 reference_median=12.2880 delta=-0.1700 limit=0.2458 within=true
bound metric=prefill_ms arm=a13_f76b4a97 vs=a01_0c_152467a9 arm_median=2543.0100 reference_median=2538.0105 delta=4.9995 limit=50.7602 within=true
bound metric=ttft_ms arm=a13_f76b4a97 vs=a01_0c_152467a9 arm_median=2543.0000 reference_median=2538.0000 delta=5.0000 limit=50.7600 within=true
bound metric=peak_rss_bytes arm=a13_f76b4a97 vs=a01_0c_152467a9 arm_median=4001611776 reference_median=3972710400 delta=28901376 limit=79454208 within=true
bound metric=peak_footprint_bytes arm=a13_f76b4a97 vs=a01_0c_152467a9 arm_median=726215232 reference_median=719137984 delta=7077248 limit=14382760 within=true
bound metric=peak_gpu_bytes arm=a13_f76b4a97 vs=a01_0c_152467a9 arm_median=5608554496 reference_median=5609734144 delta=-1179648 limit=112194683 within=true
bound metric=ms_per_token arm=a13_f76b4a97 vs=a02_slice5 arm_median=12.1180 reference_median=12.2140 delta=-0.0960 limit=0.2443 within=true
bound metric=prefill_ms arm=a13_f76b4a97 vs=a02_slice5 arm_median=2543.0100 reference_median=2536.9580 delta=6.0520 limit=50.7392 within=true
bound metric=ttft_ms arm=a13_f76b4a97 vs=a02_slice5 arm_median=2543.0000 reference_median=2537.0000 delta=6.0000 limit=50.7400 within=true
bound metric=peak_rss_bytes arm=a13_f76b4a97 vs=a02_slice5 arm_median=4001611776 reference_median=3960963072 delta=40648704 limit=79219261 within=true
bound metric=peak_footprint_bytes arm=a13_f76b4a97 vs=a02_slice5 arm_median=726215232 reference_median=713026816 delta=13188416 limit=14260536 within=true
bound metric=peak_gpu_bytes arm=a13_f76b4a97 vs=a02_slice5 arm_median=5608554496 reference_median=5609734144 delta=-1179648 limit=112194683 within=true
bound metric=ms_per_token arm=a13_f76b4a97 vs=a03_slice6 arm_median=12.1180 reference_median=12.1780 delta=-0.0600 limit=0.2436 within=true
bound metric=prefill_ms arm=a13_f76b4a97 vs=a03_slice6 arm_median=2543.0100 reference_median=2539.0590 delta=3.9510 limit=50.7812 within=true
bound metric=ttft_ms arm=a13_f76b4a97 vs=a03_slice6 arm_median=2543.0000 reference_median=2539.0000 delta=4.0000 limit=50.7800 within=true
bound metric=peak_rss_bytes arm=a13_f76b4a97 vs=a03_slice6 arm_median=4001611776 reference_median=3996581888 delta=5029888 limit=79931638 within=true
bound metric=peak_footprint_bytes arm=a13_f76b4a97 vs=a03_slice6 arm_median=726215232 reference_median=727198528 delta=-983296 limit=14543971 within=true
bound metric=peak_gpu_bytes arm=a13_f76b4a97 vs=a03_slice6 arm_median=5608554496 reference_median=5609734144 delta=-1179648 limit=112194683 within=true
bound metric=ms_per_token arm=a13_f76b4a97 vs=a04_slice7 arm_median=12.1180 reference_median=12.1455 delta=-0.0275 limit=0.2429 within=true
bound metric=prefill_ms arm=a13_f76b4a97 vs=a04_slice7 arm_median=2543.0100 reference_median=2536.9910 delta=6.0190 limit=50.7398 within=true
bound metric=ttft_ms arm=a13_f76b4a97 vs=a04_slice7 arm_median=2543.0000 reference_median=2537.0000 delta=6.0000 limit=50.7400 within=true
bound metric=peak_rss_bytes arm=a13_f76b4a97 vs=a04_slice7 arm_median=4001611776 reference_median=3963944960 delta=37666816 limit=79278899 within=true
bound metric=peak_footprint_bytes arm=a13_f76b4a97 vs=a04_slice7 arm_median=726215232 reference_median=718678976 delta=7536256 limit=14373580 within=true
bound metric=peak_gpu_bytes arm=a13_f76b4a97 vs=a04_slice7 arm_median=5608554496 reference_median=5609734144 delta=-1179648 limit=112194683 within=true
bound metric=ms_per_token arm=a13_f76b4a97 vs=a05_slice8 arm_median=12.1180 reference_median=12.1735 delta=-0.0555 limit=0.2435 within=true
bound metric=prefill_ms arm=a13_f76b4a97 vs=a05_slice8 arm_median=2543.0100 reference_median=2539.0510 delta=3.9590 limit=50.7810 within=true
bound metric=ttft_ms arm=a13_f76b4a97 vs=a05_slice8 arm_median=2543.0000 reference_median=2539.0000 delta=4.0000 limit=50.7800 within=true
bound metric=peak_rss_bytes arm=a13_f76b4a97 vs=a05_slice8 arm_median=4001611776 reference_median=3928014848 delta=73596928 limit=78560297 within=true
bound metric=peak_footprint_bytes arm=a13_f76b4a97 vs=a05_slice8 arm_median=726215232 reference_median=715172928 delta=11042304 limit=14303459 within=true
bound metric=peak_gpu_bytes arm=a13_f76b4a97 vs=a05_slice8 arm_median=5608554496 reference_median=5608554496 delta=0 limit=112171090 within=true
bound metric=ms_per_token arm=a13_f76b4a97 vs=a06_slice9 arm_median=12.1180 reference_median=12.1660 delta=-0.0480 limit=0.2433 within=true
bound metric=prefill_ms arm=a13_f76b4a97 vs=a06_slice9 arm_median=2543.0100 reference_median=2540.0410 delta=2.9690 limit=50.8008 within=true
bound metric=ttft_ms arm=a13_f76b4a97 vs=a06_slice9 arm_median=2543.0000 reference_median=2540.0000 delta=3.0000 limit=50.8000 within=true
bound metric=peak_rss_bytes arm=a13_f76b4a97 vs=a06_slice9 arm_median=4001611776 reference_median=3979837440 delta=21774336 limit=79596749 within=true
bound metric=peak_footprint_bytes arm=a13_f76b4a97 vs=a06_slice9 arm_median=726215232 reference_median=717368384 delta=8846848 limit=14347368 within=true
bound metric=peak_gpu_bytes arm=a13_f76b4a97 vs=a06_slice9 arm_median=5608554496 reference_median=5608554496 delta=0 limit=112171090 within=true
bound metric=ms_per_token arm=a13_f76b4a97 vs=a07_slice10b arm_median=12.1180 reference_median=12.1700 delta=-0.0520 limit=0.2434 within=true
bound metric=prefill_ms arm=a13_f76b4a97 vs=a07_slice10b arm_median=2543.0100 reference_median=2538.0495 delta=4.9605 limit=50.7610 within=true
bound metric=ttft_ms arm=a13_f76b4a97 vs=a07_slice10b arm_median=2543.0000 reference_median=2538.0000 delta=5.0000 limit=50.7600 within=true
bound metric=peak_rss_bytes arm=a13_f76b4a97 vs=a07_slice10b arm_median=4001611776 reference_median=3979886592 delta=21725184 limit=79597732 within=true
bound metric=peak_footprint_bytes arm=a13_f76b4a97 vs=a07_slice10b arm_median=726215232 reference_median=713370688 delta=12844544 limit=14267414 within=true
bound metric=peak_gpu_bytes arm=a13_f76b4a97 vs=a07_slice10b arm_median=5608554496 reference_median=5608554496 delta=0 limit=112171090 within=true
bound metric=ms_per_token arm=a13_f76b4a97 vs=a08_slice10b_fix arm_median=12.1180 reference_median=12.2000 delta=-0.0820 limit=0.2440 within=true
bound metric=prefill_ms arm=a13_f76b4a97 vs=a08_slice10b_fix arm_median=2543.0100 reference_median=2540.0070 delta=3.0030 limit=50.8001 within=true
bound metric=ttft_ms arm=a13_f76b4a97 vs=a08_slice10b_fix arm_median=2543.0000 reference_median=2540.0000 delta=3.0000 limit=50.8000 within=true
bound metric=peak_rss_bytes arm=a13_f76b4a97 vs=a08_slice10b_fix arm_median=4001611776 reference_median=3946332160 delta=55279616 limit=78926643 within=true
bound metric=peak_footprint_bytes arm=a13_f76b4a97 vs=a08_slice10b_fix arm_median=726215232 reference_median=719989824 delta=6225408 limit=14399796 within=true
bound metric=peak_gpu_bytes arm=a13_f76b4a97 vs=a08_slice10b_fix arm_median=5608554496 reference_median=5608554496 delta=0 limit=112171090 within=true
bound metric=ms_per_token arm=a13_f76b4a97 vs=a09_slice10c arm_median=12.1180 reference_median=12.1410 delta=-0.0230 limit=0.2428 within=true
bound metric=prefill_ms arm=a13_f76b4a97 vs=a09_slice10c arm_median=2543.0100 reference_median=2540.9630 delta=2.0470 limit=50.8193 within=true
bound metric=ttft_ms arm=a13_f76b4a97 vs=a09_slice10c arm_median=2543.0000 reference_median=2541.0000 delta=2.0000 limit=50.8200 within=true
bound metric=peak_rss_bytes arm=a13_f76b4a97 vs=a09_slice10c arm_median=4001611776 reference_median=4022337536 delta=-20725760 limit=80446751 within=true
bound metric=peak_footprint_bytes arm=a13_f76b4a97 vs=a09_slice10c arm_median=726215232 reference_median=713632576 delta=12582656 limit=14272652 within=true
bound metric=peak_gpu_bytes arm=a13_f76b4a97 vs=a09_slice10c arm_median=5608554496 reference_median=5608554496 delta=0 limit=112171090 within=true
bound metric=ms_per_token arm=a13_f76b4a97 vs=a10_slice11 arm_median=12.1180 reference_median=12.1570 delta=-0.0390 limit=0.2431 within=true
bound metric=prefill_ms arm=a13_f76b4a97 vs=a10_slice11 arm_median=2543.0100 reference_median=2540.0050 delta=3.0050 limit=50.8001 within=true
bound metric=ttft_ms arm=a13_f76b4a97 vs=a10_slice11 arm_median=2543.0000 reference_median=2540.0000 delta=3.0000 limit=50.8000 within=true
bound metric=peak_rss_bytes arm=a13_f76b4a97 vs=a10_slice11 arm_median=4001611776 reference_median=3965485056 delta=36126720 limit=79309701 within=true
bound metric=peak_footprint_bytes arm=a13_f76b4a97 vs=a10_slice11 arm_median=726215232 reference_median=712453248 delta=13761984 limit=14249065 within=true
bound metric=peak_gpu_bytes arm=a13_f76b4a97 vs=a10_slice11 arm_median=5608554496 reference_median=5608554496 delta=0 limit=112171090 within=true
bound metric=ms_per_token arm=a13_f76b4a97 vs=a11_slice12 arm_median=12.1180 reference_median=12.2255 delta=-0.1075 limit=0.2445 within=true
bound metric=prefill_ms arm=a13_f76b4a97 vs=a11_slice12 arm_median=2543.0100 reference_median=2541.9930 delta=1.0170 limit=50.8399 within=true
bound metric=ttft_ms arm=a13_f76b4a97 vs=a11_slice12 arm_median=2543.0000 reference_median=2542.0000 delta=1.0000 limit=50.8400 within=true
bound metric=peak_rss_bytes arm=a13_f76b4a97 vs=a11_slice12 arm_median=4001611776 reference_median=3951951872 delta=49659904 limit=79039037 within=true
bound metric=peak_footprint_bytes arm=a13_f76b4a97 vs=a11_slice12 arm_median=726215232 reference_median=714828800 delta=11386432 limit=14296576 within=true
bound metric=peak_gpu_bytes arm=a13_f76b4a97 vs=a11_slice12 arm_median=5608554496 reference_median=5608554496 delta=0 limit=112171090 within=true
bound metric=ms_per_token arm=a13_f76b4a97 vs=a12_eor arm_median=12.1180 reference_median=12.1150 delta=0.0030 limit=0.2423 within=true
bound metric=prefill_ms arm=a13_f76b4a97 vs=a12_eor arm_median=2543.0100 reference_median=2539.9600 delta=3.0500 limit=50.7992 within=true
bound metric=ttft_ms arm=a13_f76b4a97 vs=a12_eor arm_median=2543.0000 reference_median=2540.0000 delta=3.0000 limit=50.8000 within=true
bound metric=peak_rss_bytes arm=a13_f76b4a97 vs=a12_eor arm_median=4001611776 reference_median=3958669312 delta=42942464 limit=79173386 within=true
bound metric=peak_footprint_bytes arm=a13_f76b4a97 vs=a12_eor arm_median=726215232 reference_median=723479744 delta=2735488 limit=14469595 within=true
bound metric=peak_gpu_bytes arm=a13_f76b4a97 vs=a12_eor arm_median=5608554496 reference_median=5608554496 delta=0 limit=112171090 within=true
bound metric=ms_per_token arm=a13_f76b4a97 vs=llama-server arm_median=12.1180 reference_median=9.1436 delta=2.9744 limit=0.1829 within=false
bound metric=prefill_ms arm=a13_f76b4a97 vs=llama-server arm_median=2543.0100 reference_median=571.3525 delta=1971.6575 limit=11.4270 within=false
bound metric=ttft_ms arm=a13_f76b4a97 vs=llama-server arm_median=2543.0000 reference_median=573.9639 delta=1969.0361 limit=11.4793 within=false
bound metric=peak_rss_bytes arm=a13_f76b4a97 vs=llama-server arm_median=4001611776 reference_median=3743236096 delta=258375680 limit=74864722 within=false
bound metric=peak_footprint_bytes arm=a13_f76b4a97 vs=llama-server arm_median=726215232 reference_median=213707200 delta=512508032 limit=4274144 within=false
bound metric=peak_gpu_bytes arm=a13_f76b4a97 vs=llama-server n=0
bound metric=ms_per_token arm=a14_tip_s1 vs=a00_0b_9f0647da arm_median=12.1515 reference_median=12.2205 delta=-0.0690 limit=0.2444 within=true
bound metric=prefill_ms arm=a14_tip_s1 vs=a00_0b_9f0647da arm_median=2542.9960 reference_median=2532.4930 delta=10.5030 limit=50.6499 within=true
bound metric=ttft_ms arm=a14_tip_s1 vs=a00_0b_9f0647da n=0
bound metric=peak_rss_bytes arm=a14_tip_s1 vs=a00_0b_9f0647da arm_median=3950526464 reference_median=3989274624 delta=-38748160 limit=79785492 within=true
bound metric=peak_footprint_bytes arm=a14_tip_s1 vs=a00_0b_9f0647da arm_median=718122048 reference_median=724806720 delta=-6684672 limit=14496134 within=true
bound metric=peak_gpu_bytes arm=a14_tip_s1 vs=a00_0b_9f0647da n=0
bound metric=ms_per_token arm=a14_tip_s1 vs=a01_0c_152467a9 arm_median=12.1515 reference_median=12.2880 delta=-0.1365 limit=0.2458 within=true
bound metric=prefill_ms arm=a14_tip_s1 vs=a01_0c_152467a9 arm_median=2542.9960 reference_median=2538.0105 delta=4.9855 limit=50.7602 within=true
bound metric=ttft_ms arm=a14_tip_s1 vs=a01_0c_152467a9 arm_median=2543.0000 reference_median=2538.0000 delta=5.0000 limit=50.7600 within=true
bound metric=peak_rss_bytes arm=a14_tip_s1 vs=a01_0c_152467a9 arm_median=3950526464 reference_median=3972710400 delta=-22183936 limit=79454208 within=true
bound metric=peak_footprint_bytes arm=a14_tip_s1 vs=a01_0c_152467a9 arm_median=718122048 reference_median=719137984 delta=-1015936 limit=14382760 within=true
bound metric=peak_gpu_bytes arm=a14_tip_s1 vs=a01_0c_152467a9 arm_median=5608554496 reference_median=5609734144 delta=-1179648 limit=112194683 within=true
bound metric=ms_per_token arm=a14_tip_s1 vs=a02_slice5 arm_median=12.1515 reference_median=12.2140 delta=-0.0625 limit=0.2443 within=true
bound metric=prefill_ms arm=a14_tip_s1 vs=a02_slice5 arm_median=2542.9960 reference_median=2536.9580 delta=6.0380 limit=50.7392 within=true
bound metric=ttft_ms arm=a14_tip_s1 vs=a02_slice5 arm_median=2543.0000 reference_median=2537.0000 delta=6.0000 limit=50.7400 within=true
bound metric=peak_rss_bytes arm=a14_tip_s1 vs=a02_slice5 arm_median=3950526464 reference_median=3960963072 delta=-10436608 limit=79219261 within=true
bound metric=peak_footprint_bytes arm=a14_tip_s1 vs=a02_slice5 arm_median=718122048 reference_median=713026816 delta=5095232 limit=14260536 within=true
bound metric=peak_gpu_bytes arm=a14_tip_s1 vs=a02_slice5 arm_median=5608554496 reference_median=5609734144 delta=-1179648 limit=112194683 within=true
bound metric=ms_per_token arm=a14_tip_s1 vs=a03_slice6 arm_median=12.1515 reference_median=12.1780 delta=-0.0265 limit=0.2436 within=true
bound metric=prefill_ms arm=a14_tip_s1 vs=a03_slice6 arm_median=2542.9960 reference_median=2539.0590 delta=3.9370 limit=50.7812 within=true
bound metric=ttft_ms arm=a14_tip_s1 vs=a03_slice6 arm_median=2543.0000 reference_median=2539.0000 delta=4.0000 limit=50.7800 within=true
bound metric=peak_rss_bytes arm=a14_tip_s1 vs=a03_slice6 arm_median=3950526464 reference_median=3996581888 delta=-46055424 limit=79931638 within=true
bound metric=peak_footprint_bytes arm=a14_tip_s1 vs=a03_slice6 arm_median=718122048 reference_median=727198528 delta=-9076480 limit=14543971 within=true
bound metric=peak_gpu_bytes arm=a14_tip_s1 vs=a03_slice6 arm_median=5608554496 reference_median=5609734144 delta=-1179648 limit=112194683 within=true
bound metric=ms_per_token arm=a14_tip_s1 vs=a04_slice7 arm_median=12.1515 reference_median=12.1455 delta=0.0060 limit=0.2429 within=true
bound metric=prefill_ms arm=a14_tip_s1 vs=a04_slice7 arm_median=2542.9960 reference_median=2536.9910 delta=6.0050 limit=50.7398 within=true
bound metric=ttft_ms arm=a14_tip_s1 vs=a04_slice7 arm_median=2543.0000 reference_median=2537.0000 delta=6.0000 limit=50.7400 within=true
bound metric=peak_rss_bytes arm=a14_tip_s1 vs=a04_slice7 arm_median=3950526464 reference_median=3963944960 delta=-13418496 limit=79278899 within=true
bound metric=peak_footprint_bytes arm=a14_tip_s1 vs=a04_slice7 arm_median=718122048 reference_median=718678976 delta=-556928 limit=14373580 within=true
bound metric=peak_gpu_bytes arm=a14_tip_s1 vs=a04_slice7 arm_median=5608554496 reference_median=5609734144 delta=-1179648 limit=112194683 within=true
bound metric=ms_per_token arm=a14_tip_s1 vs=a05_slice8 arm_median=12.1515 reference_median=12.1735 delta=-0.0220 limit=0.2435 within=true
bound metric=prefill_ms arm=a14_tip_s1 vs=a05_slice8 arm_median=2542.9960 reference_median=2539.0510 delta=3.9450 limit=50.7810 within=true
bound metric=ttft_ms arm=a14_tip_s1 vs=a05_slice8 arm_median=2543.0000 reference_median=2539.0000 delta=4.0000 limit=50.7800 within=true
bound metric=peak_rss_bytes arm=a14_tip_s1 vs=a05_slice8 arm_median=3950526464 reference_median=3928014848 delta=22511616 limit=78560297 within=true
bound metric=peak_footprint_bytes arm=a14_tip_s1 vs=a05_slice8 arm_median=718122048 reference_median=715172928 delta=2949120 limit=14303459 within=true
bound metric=peak_gpu_bytes arm=a14_tip_s1 vs=a05_slice8 arm_median=5608554496 reference_median=5608554496 delta=0 limit=112171090 within=true
bound metric=ms_per_token arm=a14_tip_s1 vs=a06_slice9 arm_median=12.1515 reference_median=12.1660 delta=-0.0145 limit=0.2433 within=true
bound metric=prefill_ms arm=a14_tip_s1 vs=a06_slice9 arm_median=2542.9960 reference_median=2540.0410 delta=2.9550 limit=50.8008 within=true
bound metric=ttft_ms arm=a14_tip_s1 vs=a06_slice9 arm_median=2543.0000 reference_median=2540.0000 delta=3.0000 limit=50.8000 within=true
bound metric=peak_rss_bytes arm=a14_tip_s1 vs=a06_slice9 arm_median=3950526464 reference_median=3979837440 delta=-29310976 limit=79596749 within=true
bound metric=peak_footprint_bytes arm=a14_tip_s1 vs=a06_slice9 arm_median=718122048 reference_median=717368384 delta=753664 limit=14347368 within=true
bound metric=peak_gpu_bytes arm=a14_tip_s1 vs=a06_slice9 arm_median=5608554496 reference_median=5608554496 delta=0 limit=112171090 within=true
bound metric=ms_per_token arm=a14_tip_s1 vs=a07_slice10b arm_median=12.1515 reference_median=12.1700 delta=-0.0185 limit=0.2434 within=true
bound metric=prefill_ms arm=a14_tip_s1 vs=a07_slice10b arm_median=2542.9960 reference_median=2538.0495 delta=4.9465 limit=50.7610 within=true
bound metric=ttft_ms arm=a14_tip_s1 vs=a07_slice10b arm_median=2543.0000 reference_median=2538.0000 delta=5.0000 limit=50.7600 within=true
bound metric=peak_rss_bytes arm=a14_tip_s1 vs=a07_slice10b arm_median=3950526464 reference_median=3979886592 delta=-29360128 limit=79597732 within=true
bound metric=peak_footprint_bytes arm=a14_tip_s1 vs=a07_slice10b arm_median=718122048 reference_median=713370688 delta=4751360 limit=14267414 within=true
bound metric=peak_gpu_bytes arm=a14_tip_s1 vs=a07_slice10b arm_median=5608554496 reference_median=5608554496 delta=0 limit=112171090 within=true
bound metric=ms_per_token arm=a14_tip_s1 vs=a08_slice10b_fix arm_median=12.1515 reference_median=12.2000 delta=-0.0485 limit=0.2440 within=true
bound metric=prefill_ms arm=a14_tip_s1 vs=a08_slice10b_fix arm_median=2542.9960 reference_median=2540.0070 delta=2.9890 limit=50.8001 within=true
bound metric=ttft_ms arm=a14_tip_s1 vs=a08_slice10b_fix arm_median=2543.0000 reference_median=2540.0000 delta=3.0000 limit=50.8000 within=true
bound metric=peak_rss_bytes arm=a14_tip_s1 vs=a08_slice10b_fix arm_median=3950526464 reference_median=3946332160 delta=4194304 limit=78926643 within=true
bound metric=peak_footprint_bytes arm=a14_tip_s1 vs=a08_slice10b_fix arm_median=718122048 reference_median=719989824 delta=-1867776 limit=14399796 within=true
bound metric=peak_gpu_bytes arm=a14_tip_s1 vs=a08_slice10b_fix arm_median=5608554496 reference_median=5608554496 delta=0 limit=112171090 within=true
bound metric=ms_per_token arm=a14_tip_s1 vs=a09_slice10c arm_median=12.1515 reference_median=12.1410 delta=0.0105 limit=0.2428 within=true
bound metric=prefill_ms arm=a14_tip_s1 vs=a09_slice10c arm_median=2542.9960 reference_median=2540.9630 delta=2.0330 limit=50.8193 within=true
bound metric=ttft_ms arm=a14_tip_s1 vs=a09_slice10c arm_median=2543.0000 reference_median=2541.0000 delta=2.0000 limit=50.8200 within=true
bound metric=peak_rss_bytes arm=a14_tip_s1 vs=a09_slice10c arm_median=3950526464 reference_median=4022337536 delta=-71811072 limit=80446751 within=true
bound metric=peak_footprint_bytes arm=a14_tip_s1 vs=a09_slice10c arm_median=718122048 reference_median=713632576 delta=4489472 limit=14272652 within=true
bound metric=peak_gpu_bytes arm=a14_tip_s1 vs=a09_slice10c arm_median=5608554496 reference_median=5608554496 delta=0 limit=112171090 within=true
bound metric=ms_per_token arm=a14_tip_s1 vs=a10_slice11 arm_median=12.1515 reference_median=12.1570 delta=-0.0055 limit=0.2431 within=true
bound metric=prefill_ms arm=a14_tip_s1 vs=a10_slice11 arm_median=2542.9960 reference_median=2540.0050 delta=2.9910 limit=50.8001 within=true
bound metric=ttft_ms arm=a14_tip_s1 vs=a10_slice11 arm_median=2543.0000 reference_median=2540.0000 delta=3.0000 limit=50.8000 within=true
bound metric=peak_rss_bytes arm=a14_tip_s1 vs=a10_slice11 arm_median=3950526464 reference_median=3965485056 delta=-14958592 limit=79309701 within=true
bound metric=peak_footprint_bytes arm=a14_tip_s1 vs=a10_slice11 arm_median=718122048 reference_median=712453248 delta=5668800 limit=14249065 within=true
bound metric=peak_gpu_bytes arm=a14_tip_s1 vs=a10_slice11 arm_median=5608554496 reference_median=5608554496 delta=0 limit=112171090 within=true
bound metric=ms_per_token arm=a14_tip_s1 vs=a11_slice12 arm_median=12.1515 reference_median=12.2255 delta=-0.0740 limit=0.2445 within=true
bound metric=prefill_ms arm=a14_tip_s1 vs=a11_slice12 arm_median=2542.9960 reference_median=2541.9930 delta=1.0030 limit=50.8399 within=true
bound metric=ttft_ms arm=a14_tip_s1 vs=a11_slice12 arm_median=2543.0000 reference_median=2542.0000 delta=1.0000 limit=50.8400 within=true
bound metric=peak_rss_bytes arm=a14_tip_s1 vs=a11_slice12 arm_median=3950526464 reference_median=3951951872 delta=-1425408 limit=79039037 within=true
bound metric=peak_footprint_bytes arm=a14_tip_s1 vs=a11_slice12 arm_median=718122048 reference_median=714828800 delta=3293248 limit=14296576 within=true
bound metric=peak_gpu_bytes arm=a14_tip_s1 vs=a11_slice12 arm_median=5608554496 reference_median=5608554496 delta=0 limit=112171090 within=true
bound metric=ms_per_token arm=a14_tip_s1 vs=a12_eor arm_median=12.1515 reference_median=12.1150 delta=0.0365 limit=0.2423 within=true
bound metric=prefill_ms arm=a14_tip_s1 vs=a12_eor arm_median=2542.9960 reference_median=2539.9600 delta=3.0360 limit=50.7992 within=true
bound metric=ttft_ms arm=a14_tip_s1 vs=a12_eor arm_median=2543.0000 reference_median=2540.0000 delta=3.0000 limit=50.8000 within=true
bound metric=peak_rss_bytes arm=a14_tip_s1 vs=a12_eor arm_median=3950526464 reference_median=3958669312 delta=-8142848 limit=79173386 within=true
bound metric=peak_footprint_bytes arm=a14_tip_s1 vs=a12_eor arm_median=718122048 reference_median=723479744 delta=-5357696 limit=14469595 within=true
bound metric=peak_gpu_bytes arm=a14_tip_s1 vs=a12_eor arm_median=5608554496 reference_median=5608554496 delta=0 limit=112171090 within=true
bound metric=ms_per_token arm=a14_tip_s1 vs=a13_f76b4a97 arm_median=12.1515 reference_median=12.1180 delta=0.0335 limit=0.2424 within=true
bound metric=prefill_ms arm=a14_tip_s1 vs=a13_f76b4a97 arm_median=2542.9960 reference_median=2543.0100 delta=-0.0140 limit=50.8602 within=true
bound metric=ttft_ms arm=a14_tip_s1 vs=a13_f76b4a97 arm_median=2543.0000 reference_median=2543.0000 delta=0.0000 limit=50.8600 within=true
bound metric=peak_rss_bytes arm=a14_tip_s1 vs=a13_f76b4a97 arm_median=3950526464 reference_median=4001611776 delta=-51085312 limit=80032236 within=true
bound metric=peak_footprint_bytes arm=a14_tip_s1 vs=a13_f76b4a97 arm_median=718122048 reference_median=726215232 delta=-8093184 limit=14524305 within=true
bound metric=peak_gpu_bytes arm=a14_tip_s1 vs=a13_f76b4a97 arm_median=5608554496 reference_median=5608554496 delta=0 limit=112171090 within=true
bound metric=ms_per_token arm=a14_tip_s1 vs=llama-server arm_median=12.1515 reference_median=9.1436 delta=3.0079 limit=0.1829 within=false
bound metric=prefill_ms arm=a14_tip_s1 vs=llama-server arm_median=2542.9960 reference_median=571.3525 delta=1971.6435 limit=11.4270 within=false
bound metric=ttft_ms arm=a14_tip_s1 vs=llama-server arm_median=2543.0000 reference_median=573.9639 delta=1969.0361 limit=11.4793 within=false
bound metric=peak_rss_bytes arm=a14_tip_s1 vs=llama-server arm_median=3950526464 reference_median=3743236096 delta=207290368 limit=74864722 within=false
bound metric=peak_footprint_bytes arm=a14_tip_s1 vs=llama-server arm_median=718122048 reference_median=213707200 delta=504414848 limit=4274144 within=false
bound metric=peak_gpu_bytes arm=a14_tip_s1 vs=llama-server n=0
bound metric=ms_per_token arm=a15_s2_mml vs=a00_0b_9f0647da arm_median=12.1820 reference_median=12.2205 delta=-0.0385 limit=0.2444 within=true
bound metric=prefill_ms arm=a15_s2_mml vs=a00_0b_9f0647da arm_median=1618.9730 reference_median=2532.4930 delta=-913.5200 limit=50.6499 within=true
bound metric=ttft_ms arm=a15_s2_mml vs=a00_0b_9f0647da n=0
bound metric=peak_rss_bytes arm=a15_s2_mml vs=a00_0b_9f0647da arm_median=3943497728 reference_median=3989274624 delta=-45776896 limit=79785492 within=true
bound metric=peak_footprint_bytes arm=a15_s2_mml vs=a00_0b_9f0647da arm_median=719990016 reference_median=724806720 delta=-4816704 limit=14496134 within=true
bound metric=peak_gpu_bytes arm=a15_s2_mml vs=a00_0b_9f0647da n=0
bound metric=ms_per_token arm=a15_s2_mml vs=a01_0c_152467a9 arm_median=12.1820 reference_median=12.2880 delta=-0.1060 limit=0.2458 within=true
bound metric=prefill_ms arm=a15_s2_mml vs=a01_0c_152467a9 arm_median=1618.9730 reference_median=2538.0105 delta=-919.0375 limit=50.7602 within=true
bound metric=ttft_ms arm=a15_s2_mml vs=a01_0c_152467a9 arm_median=1619.0000 reference_median=2538.0000 delta=-919.0000 limit=50.7600 within=true
bound metric=peak_rss_bytes arm=a15_s2_mml vs=a01_0c_152467a9 arm_median=3943497728 reference_median=3972710400 delta=-29212672 limit=79454208 within=true
bound metric=peak_footprint_bytes arm=a15_s2_mml vs=a01_0c_152467a9 arm_median=719990016 reference_median=719137984 delta=852032 limit=14382760 within=true
bound metric=peak_gpu_bytes arm=a15_s2_mml vs=a01_0c_152467a9 arm_median=5608554496 reference_median=5609734144 delta=-1179648 limit=112194683 within=true
bound metric=ms_per_token arm=a15_s2_mml vs=a02_slice5 arm_median=12.1820 reference_median=12.2140 delta=-0.0320 limit=0.2443 within=true
bound metric=prefill_ms arm=a15_s2_mml vs=a02_slice5 arm_median=1618.9730 reference_median=2536.9580 delta=-917.9850 limit=50.7392 within=true
bound metric=ttft_ms arm=a15_s2_mml vs=a02_slice5 arm_median=1619.0000 reference_median=2537.0000 delta=-918.0000 limit=50.7400 within=true
bound metric=peak_rss_bytes arm=a15_s2_mml vs=a02_slice5 arm_median=3943497728 reference_median=3960963072 delta=-17465344 limit=79219261 within=true
bound metric=peak_footprint_bytes arm=a15_s2_mml vs=a02_slice5 arm_median=719990016 reference_median=713026816 delta=6963200 limit=14260536 within=true
bound metric=peak_gpu_bytes arm=a15_s2_mml vs=a02_slice5 arm_median=5608554496 reference_median=5609734144 delta=-1179648 limit=112194683 within=true
bound metric=ms_per_token arm=a15_s2_mml vs=a03_slice6 arm_median=12.1820 reference_median=12.1780 delta=0.0040 limit=0.2436 within=true
bound metric=prefill_ms arm=a15_s2_mml vs=a03_slice6 arm_median=1618.9730 reference_median=2539.0590 delta=-920.0860 limit=50.7812 within=true
bound metric=ttft_ms arm=a15_s2_mml vs=a03_slice6 arm_median=1619.0000 reference_median=2539.0000 delta=-920.0000 limit=50.7800 within=true
bound metric=peak_rss_bytes arm=a15_s2_mml vs=a03_slice6 arm_median=3943497728 reference_median=3996581888 delta=-53084160 limit=79931638 within=true
bound metric=peak_footprint_bytes arm=a15_s2_mml vs=a03_slice6 arm_median=719990016 reference_median=727198528 delta=-7208512 limit=14543971 within=true
bound metric=peak_gpu_bytes arm=a15_s2_mml vs=a03_slice6 arm_median=5608554496 reference_median=5609734144 delta=-1179648 limit=112194683 within=true
bound metric=ms_per_token arm=a15_s2_mml vs=a04_slice7 arm_median=12.1820 reference_median=12.1455 delta=0.0365 limit=0.2429 within=true
bound metric=prefill_ms arm=a15_s2_mml vs=a04_slice7 arm_median=1618.9730 reference_median=2536.9910 delta=-918.0180 limit=50.7398 within=true
bound metric=ttft_ms arm=a15_s2_mml vs=a04_slice7 arm_median=1619.0000 reference_median=2537.0000 delta=-918.0000 limit=50.7400 within=true
bound metric=peak_rss_bytes arm=a15_s2_mml vs=a04_slice7 arm_median=3943497728 reference_median=3963944960 delta=-20447232 limit=79278899 within=true
bound metric=peak_footprint_bytes arm=a15_s2_mml vs=a04_slice7 arm_median=719990016 reference_median=718678976 delta=1311040 limit=14373580 within=true
bound metric=peak_gpu_bytes arm=a15_s2_mml vs=a04_slice7 arm_median=5608554496 reference_median=5609734144 delta=-1179648 limit=112194683 within=true
bound metric=ms_per_token arm=a15_s2_mml vs=a05_slice8 arm_median=12.1820 reference_median=12.1735 delta=0.0085 limit=0.2435 within=true
bound metric=prefill_ms arm=a15_s2_mml vs=a05_slice8 arm_median=1618.9730 reference_median=2539.0510 delta=-920.0780 limit=50.7810 within=true
bound metric=ttft_ms arm=a15_s2_mml vs=a05_slice8 arm_median=1619.0000 reference_median=2539.0000 delta=-920.0000 limit=50.7800 within=true
bound metric=peak_rss_bytes arm=a15_s2_mml vs=a05_slice8 arm_median=3943497728 reference_median=3928014848 delta=15482880 limit=78560297 within=true
bound metric=peak_footprint_bytes arm=a15_s2_mml vs=a05_slice8 arm_median=719990016 reference_median=715172928 delta=4817088 limit=14303459 within=true
bound metric=peak_gpu_bytes arm=a15_s2_mml vs=a05_slice8 arm_median=5608554496 reference_median=5608554496 delta=0 limit=112171090 within=true
bound metric=ms_per_token arm=a15_s2_mml vs=a06_slice9 arm_median=12.1820 reference_median=12.1660 delta=0.0160 limit=0.2433 within=true
bound metric=prefill_ms arm=a15_s2_mml vs=a06_slice9 arm_median=1618.9730 reference_median=2540.0410 delta=-921.0680 limit=50.8008 within=true
bound metric=ttft_ms arm=a15_s2_mml vs=a06_slice9 arm_median=1619.0000 reference_median=2540.0000 delta=-921.0000 limit=50.8000 within=true
bound metric=peak_rss_bytes arm=a15_s2_mml vs=a06_slice9 arm_median=3943497728 reference_median=3979837440 delta=-36339712 limit=79596749 within=true
bound metric=peak_footprint_bytes arm=a15_s2_mml vs=a06_slice9 arm_median=719990016 reference_median=717368384 delta=2621632 limit=14347368 within=true
bound metric=peak_gpu_bytes arm=a15_s2_mml vs=a06_slice9 arm_median=5608554496 reference_median=5608554496 delta=0 limit=112171090 within=true
bound metric=ms_per_token arm=a15_s2_mml vs=a07_slice10b arm_median=12.1820 reference_median=12.1700 delta=0.0120 limit=0.2434 within=true
bound metric=prefill_ms arm=a15_s2_mml vs=a07_slice10b arm_median=1618.9730 reference_median=2538.0495 delta=-919.0765 limit=50.7610 within=true
bound metric=ttft_ms arm=a15_s2_mml vs=a07_slice10b arm_median=1619.0000 reference_median=2538.0000 delta=-919.0000 limit=50.7600 within=true
bound metric=peak_rss_bytes arm=a15_s2_mml vs=a07_slice10b arm_median=3943497728 reference_median=3979886592 delta=-36388864 limit=79597732 within=true
bound metric=peak_footprint_bytes arm=a15_s2_mml vs=a07_slice10b arm_median=719990016 reference_median=713370688 delta=6619328 limit=14267414 within=true
bound metric=peak_gpu_bytes arm=a15_s2_mml vs=a07_slice10b arm_median=5608554496 reference_median=5608554496 delta=0 limit=112171090 within=true
bound metric=ms_per_token arm=a15_s2_mml vs=a08_slice10b_fix arm_median=12.1820 reference_median=12.2000 delta=-0.0180 limit=0.2440 within=true
bound metric=prefill_ms arm=a15_s2_mml vs=a08_slice10b_fix arm_median=1618.9730 reference_median=2540.0070 delta=-921.0340 limit=50.8001 within=true
bound metric=ttft_ms arm=a15_s2_mml vs=a08_slice10b_fix arm_median=1619.0000 reference_median=2540.0000 delta=-921.0000 limit=50.8000 within=true
bound metric=peak_rss_bytes arm=a15_s2_mml vs=a08_slice10b_fix arm_median=3943497728 reference_median=3946332160 delta=-2834432 limit=78926643 within=true
bound metric=peak_footprint_bytes arm=a15_s2_mml vs=a08_slice10b_fix arm_median=719990016 reference_median=719989824 delta=192 limit=14399796 within=true
bound metric=peak_gpu_bytes arm=a15_s2_mml vs=a08_slice10b_fix arm_median=5608554496 reference_median=5608554496 delta=0 limit=112171090 within=true
bound metric=ms_per_token arm=a15_s2_mml vs=a09_slice10c arm_median=12.1820 reference_median=12.1410 delta=0.0410 limit=0.2428 within=true
bound metric=prefill_ms arm=a15_s2_mml vs=a09_slice10c arm_median=1618.9730 reference_median=2540.9630 delta=-921.9900 limit=50.8193 within=true
bound metric=ttft_ms arm=a15_s2_mml vs=a09_slice10c arm_median=1619.0000 reference_median=2541.0000 delta=-922.0000 limit=50.8200 within=true
bound metric=peak_rss_bytes arm=a15_s2_mml vs=a09_slice10c arm_median=3943497728 reference_median=4022337536 delta=-78839808 limit=80446751 within=true
bound metric=peak_footprint_bytes arm=a15_s2_mml vs=a09_slice10c arm_median=719990016 reference_median=713632576 delta=6357440 limit=14272652 within=true
bound metric=peak_gpu_bytes arm=a15_s2_mml vs=a09_slice10c arm_median=5608554496 reference_median=5608554496 delta=0 limit=112171090 within=true
bound metric=ms_per_token arm=a15_s2_mml vs=a10_slice11 arm_median=12.1820 reference_median=12.1570 delta=0.0250 limit=0.2431 within=true
bound metric=prefill_ms arm=a15_s2_mml vs=a10_slice11 arm_median=1618.9730 reference_median=2540.0050 delta=-921.0320 limit=50.8001 within=true
bound metric=ttft_ms arm=a15_s2_mml vs=a10_slice11 arm_median=1619.0000 reference_median=2540.0000 delta=-921.0000 limit=50.8000 within=true
bound metric=peak_rss_bytes arm=a15_s2_mml vs=a10_slice11 arm_median=3943497728 reference_median=3965485056 delta=-21987328 limit=79309701 within=true
bound metric=peak_footprint_bytes arm=a15_s2_mml vs=a10_slice11 arm_median=719990016 reference_median=712453248 delta=7536768 limit=14249065 within=true
bound metric=peak_gpu_bytes arm=a15_s2_mml vs=a10_slice11 arm_median=5608554496 reference_median=5608554496 delta=0 limit=112171090 within=true
bound metric=ms_per_token arm=a15_s2_mml vs=a11_slice12 arm_median=12.1820 reference_median=12.2255 delta=-0.0435 limit=0.2445 within=true
bound metric=prefill_ms arm=a15_s2_mml vs=a11_slice12 arm_median=1618.9730 reference_median=2541.9930 delta=-923.0200 limit=50.8399 within=true
bound metric=ttft_ms arm=a15_s2_mml vs=a11_slice12 arm_median=1619.0000 reference_median=2542.0000 delta=-923.0000 limit=50.8400 within=true
bound metric=peak_rss_bytes arm=a15_s2_mml vs=a11_slice12 arm_median=3943497728 reference_median=3951951872 delta=-8454144 limit=79039037 within=true
bound metric=peak_footprint_bytes arm=a15_s2_mml vs=a11_slice12 arm_median=719990016 reference_median=714828800 delta=5161216 limit=14296576 within=true
bound metric=peak_gpu_bytes arm=a15_s2_mml vs=a11_slice12 arm_median=5608554496 reference_median=5608554496 delta=0 limit=112171090 within=true
bound metric=ms_per_token arm=a15_s2_mml vs=a12_eor arm_median=12.1820 reference_median=12.1150 delta=0.0670 limit=0.2423 within=true
bound metric=prefill_ms arm=a15_s2_mml vs=a12_eor arm_median=1618.9730 reference_median=2539.9600 delta=-920.9870 limit=50.7992 within=true
bound metric=ttft_ms arm=a15_s2_mml vs=a12_eor arm_median=1619.0000 reference_median=2540.0000 delta=-921.0000 limit=50.8000 within=true
bound metric=peak_rss_bytes arm=a15_s2_mml vs=a12_eor arm_median=3943497728 reference_median=3958669312 delta=-15171584 limit=79173386 within=true
bound metric=peak_footprint_bytes arm=a15_s2_mml vs=a12_eor arm_median=719990016 reference_median=723479744 delta=-3489728 limit=14469595 within=true
bound metric=peak_gpu_bytes arm=a15_s2_mml vs=a12_eor arm_median=5608554496 reference_median=5608554496 delta=0 limit=112171090 within=true
bound metric=ms_per_token arm=a15_s2_mml vs=a13_f76b4a97 arm_median=12.1820 reference_median=12.1180 delta=0.0640 limit=0.2424 within=true
bound metric=prefill_ms arm=a15_s2_mml vs=a13_f76b4a97 arm_median=1618.9730 reference_median=2543.0100 delta=-924.0370 limit=50.8602 within=true
bound metric=ttft_ms arm=a15_s2_mml vs=a13_f76b4a97 arm_median=1619.0000 reference_median=2543.0000 delta=-924.0000 limit=50.8600 within=true
bound metric=peak_rss_bytes arm=a15_s2_mml vs=a13_f76b4a97 arm_median=3943497728 reference_median=4001611776 delta=-58114048 limit=80032236 within=true
bound metric=peak_footprint_bytes arm=a15_s2_mml vs=a13_f76b4a97 arm_median=719990016 reference_median=726215232 delta=-6225216 limit=14524305 within=true
bound metric=peak_gpu_bytes arm=a15_s2_mml vs=a13_f76b4a97 arm_median=5608554496 reference_median=5608554496 delta=0 limit=112171090 within=true
bound metric=ms_per_token arm=a15_s2_mml vs=a14_tip_s1 arm_median=12.1820 reference_median=12.1515 delta=0.0305 limit=0.2430 within=true
bound metric=prefill_ms arm=a15_s2_mml vs=a14_tip_s1 arm_median=1618.9730 reference_median=2542.9960 delta=-924.0230 limit=50.8599 within=true
bound metric=ttft_ms arm=a15_s2_mml vs=a14_tip_s1 arm_median=1619.0000 reference_median=2543.0000 delta=-924.0000 limit=50.8600 within=true
bound metric=peak_rss_bytes arm=a15_s2_mml vs=a14_tip_s1 arm_median=3943497728 reference_median=3950526464 delta=-7028736 limit=79010529 within=true
bound metric=peak_footprint_bytes arm=a15_s2_mml vs=a14_tip_s1 arm_median=719990016 reference_median=718122048 delta=1867968 limit=14362441 within=true
bound metric=peak_gpu_bytes arm=a15_s2_mml vs=a14_tip_s1 arm_median=5608554496 reference_median=5608554496 delta=0 limit=112171090 within=true
bound metric=ms_per_token arm=a15_s2_mml vs=llama-server arm_median=12.1820 reference_median=9.1436 delta=3.0384 limit=0.1829 within=false
bound metric=prefill_ms arm=a15_s2_mml vs=llama-server arm_median=1618.9730 reference_median=571.3525 delta=1047.6205 limit=11.4270 within=false
bound metric=ttft_ms arm=a15_s2_mml vs=llama-server arm_median=1619.0000 reference_median=573.9639 delta=1045.0361 limit=11.4793 within=false
bound metric=peak_rss_bytes arm=a15_s2_mml vs=llama-server arm_median=3943497728 reference_median=3743236096 delta=200261632 limit=74864722 within=false
bound metric=peak_footprint_bytes arm=a15_s2_mml vs=llama-server arm_median=719990016 reference_median=213707200 delta=506282816 limit=4274144 within=false
bound metric=peak_gpu_bytes arm=a15_s2_mml vs=llama-server n=0
bound metric=ms_per_token arm=a16_s2fix_3a933038 vs=a00_0b_9f0647da arm_median=12.1380 reference_median=12.2205 delta=-0.0825 limit=0.2444 within=true
bound metric=prefill_ms arm=a16_s2fix_3a933038 vs=a00_0b_9f0647da arm_median=1438.0620 reference_median=2532.4930 delta=-1094.4310 limit=50.6499 within=true
bound metric=ttft_ms arm=a16_s2fix_3a933038 vs=a00_0b_9f0647da n=0
bound metric=peak_rss_bytes arm=a16_s2fix_3a933038 vs=a00_0b_9f0647da arm_median=3979624448 reference_median=3989274624 delta=-9650176 limit=79785492 within=true
bound metric=peak_footprint_bytes arm=a16_s2fix_3a933038 vs=a00_0b_9f0647da arm_median=729934976 reference_median=724806720 delta=5128256 limit=14496134 within=true
bound metric=peak_gpu_bytes arm=a16_s2fix_3a933038 vs=a00_0b_9f0647da n=0
bound metric=ms_per_token arm=a16_s2fix_3a933038 vs=a01_0c_152467a9 arm_median=12.1380 reference_median=12.2880 delta=-0.1500 limit=0.2458 within=true
bound metric=prefill_ms arm=a16_s2fix_3a933038 vs=a01_0c_152467a9 arm_median=1438.0620 reference_median=2538.0105 delta=-1099.9485 limit=50.7602 within=true
bound metric=ttft_ms arm=a16_s2fix_3a933038 vs=a01_0c_152467a9 arm_median=1438.0000 reference_median=2538.0000 delta=-1100.0000 limit=50.7600 within=true
bound metric=peak_rss_bytes arm=a16_s2fix_3a933038 vs=a01_0c_152467a9 arm_median=3979624448 reference_median=3972710400 delta=6914048 limit=79454208 within=true
bound metric=peak_footprint_bytes arm=a16_s2fix_3a933038 vs=a01_0c_152467a9 arm_median=729934976 reference_median=719137984 delta=10796992 limit=14382760 within=true
bound metric=peak_gpu_bytes arm=a16_s2fix_3a933038 vs=a01_0c_152467a9 arm_median=5608554496 reference_median=5609734144 delta=-1179648 limit=112194683 within=true
bound metric=ms_per_token arm=a16_s2fix_3a933038 vs=a02_slice5 arm_median=12.1380 reference_median=12.2140 delta=-0.0760 limit=0.2443 within=true
bound metric=prefill_ms arm=a16_s2fix_3a933038 vs=a02_slice5 arm_median=1438.0620 reference_median=2536.9580 delta=-1098.8960 limit=50.7392 within=true
bound metric=ttft_ms arm=a16_s2fix_3a933038 vs=a02_slice5 arm_median=1438.0000 reference_median=2537.0000 delta=-1099.0000 limit=50.7400 within=true
bound metric=peak_rss_bytes arm=a16_s2fix_3a933038 vs=a02_slice5 arm_median=3979624448 reference_median=3960963072 delta=18661376 limit=79219261 within=true
bound metric=peak_footprint_bytes arm=a16_s2fix_3a933038 vs=a02_slice5 arm_median=729934976 reference_median=713026816 delta=16908160 limit=14260536 within=false
bound metric=peak_gpu_bytes arm=a16_s2fix_3a933038 vs=a02_slice5 arm_median=5608554496 reference_median=5609734144 delta=-1179648 limit=112194683 within=true
bound metric=ms_per_token arm=a16_s2fix_3a933038 vs=a03_slice6 arm_median=12.1380 reference_median=12.1780 delta=-0.0400 limit=0.2436 within=true
bound metric=prefill_ms arm=a16_s2fix_3a933038 vs=a03_slice6 arm_median=1438.0620 reference_median=2539.0590 delta=-1100.9970 limit=50.7812 within=true
bound metric=ttft_ms arm=a16_s2fix_3a933038 vs=a03_slice6 arm_median=1438.0000 reference_median=2539.0000 delta=-1101.0000 limit=50.7800 within=true
bound metric=peak_rss_bytes arm=a16_s2fix_3a933038 vs=a03_slice6 arm_median=3979624448 reference_median=3996581888 delta=-16957440 limit=79931638 within=true
bound metric=peak_footprint_bytes arm=a16_s2fix_3a933038 vs=a03_slice6 arm_median=729934976 reference_median=727198528 delta=2736448 limit=14543971 within=true
bound metric=peak_gpu_bytes arm=a16_s2fix_3a933038 vs=a03_slice6 arm_median=5608554496 reference_median=5609734144 delta=-1179648 limit=112194683 within=true
bound metric=ms_per_token arm=a16_s2fix_3a933038 vs=a04_slice7 arm_median=12.1380 reference_median=12.1455 delta=-0.0075 limit=0.2429 within=true
bound metric=prefill_ms arm=a16_s2fix_3a933038 vs=a04_slice7 arm_median=1438.0620 reference_median=2536.9910 delta=-1098.9290 limit=50.7398 within=true
bound metric=ttft_ms arm=a16_s2fix_3a933038 vs=a04_slice7 arm_median=1438.0000 reference_median=2537.0000 delta=-1099.0000 limit=50.7400 within=true
bound metric=peak_rss_bytes arm=a16_s2fix_3a933038 vs=a04_slice7 arm_median=3979624448 reference_median=3963944960 delta=15679488 limit=79278899 within=true
bound metric=peak_footprint_bytes arm=a16_s2fix_3a933038 vs=a04_slice7 arm_median=729934976 reference_median=718678976 delta=11256000 limit=14373580 within=true
bound metric=peak_gpu_bytes arm=a16_s2fix_3a933038 vs=a04_slice7 arm_median=5608554496 reference_median=5609734144 delta=-1179648 limit=112194683 within=true
bound metric=ms_per_token arm=a16_s2fix_3a933038 vs=a05_slice8 arm_median=12.1380 reference_median=12.1735 delta=-0.0355 limit=0.2435 within=true
bound metric=prefill_ms arm=a16_s2fix_3a933038 vs=a05_slice8 arm_median=1438.0620 reference_median=2539.0510 delta=-1100.9890 limit=50.7810 within=true
bound metric=ttft_ms arm=a16_s2fix_3a933038 vs=a05_slice8 arm_median=1438.0000 reference_median=2539.0000 delta=-1101.0000 limit=50.7800 within=true
bound metric=peak_rss_bytes arm=a16_s2fix_3a933038 vs=a05_slice8 arm_median=3979624448 reference_median=3928014848 delta=51609600 limit=78560297 within=true
bound metric=peak_footprint_bytes arm=a16_s2fix_3a933038 vs=a05_slice8 arm_median=729934976 reference_median=715172928 delta=14762048 limit=14303459 within=false
bound metric=peak_gpu_bytes arm=a16_s2fix_3a933038 vs=a05_slice8 arm_median=5608554496 reference_median=5608554496 delta=0 limit=112171090 within=true
bound metric=ms_per_token arm=a16_s2fix_3a933038 vs=a06_slice9 arm_median=12.1380 reference_median=12.1660 delta=-0.0280 limit=0.2433 within=true
bound metric=prefill_ms arm=a16_s2fix_3a933038 vs=a06_slice9 arm_median=1438.0620 reference_median=2540.0410 delta=-1101.9790 limit=50.8008 within=true
bound metric=ttft_ms arm=a16_s2fix_3a933038 vs=a06_slice9 arm_median=1438.0000 reference_median=2540.0000 delta=-1102.0000 limit=50.8000 within=true
bound metric=peak_rss_bytes arm=a16_s2fix_3a933038 vs=a06_slice9 arm_median=3979624448 reference_median=3979837440 delta=-212992 limit=79596749 within=true
bound metric=peak_footprint_bytes arm=a16_s2fix_3a933038 vs=a06_slice9 arm_median=729934976 reference_median=717368384 delta=12566592 limit=14347368 within=true
bound metric=peak_gpu_bytes arm=a16_s2fix_3a933038 vs=a06_slice9 arm_median=5608554496 reference_median=5608554496 delta=0 limit=112171090 within=true
bound metric=ms_per_token arm=a16_s2fix_3a933038 vs=a07_slice10b arm_median=12.1380 reference_median=12.1700 delta=-0.0320 limit=0.2434 within=true
bound metric=prefill_ms arm=a16_s2fix_3a933038 vs=a07_slice10b arm_median=1438.0620 reference_median=2538.0495 delta=-1099.9875 limit=50.7610 within=true
bound metric=ttft_ms arm=a16_s2fix_3a933038 vs=a07_slice10b arm_median=1438.0000 reference_median=2538.0000 delta=-1100.0000 limit=50.7600 within=true
bound metric=peak_rss_bytes arm=a16_s2fix_3a933038 vs=a07_slice10b arm_median=3979624448 reference_median=3979886592 delta=-262144 limit=79597732 within=true
bound metric=peak_footprint_bytes arm=a16_s2fix_3a933038 vs=a07_slice10b arm_median=729934976 reference_median=713370688 delta=16564288 limit=14267414 within=false
bound metric=peak_gpu_bytes arm=a16_s2fix_3a933038 vs=a07_slice10b arm_median=5608554496 reference_median=5608554496 delta=0 limit=112171090 within=true
bound metric=ms_per_token arm=a16_s2fix_3a933038 vs=a08_slice10b_fix arm_median=12.1380 reference_median=12.2000 delta=-0.0620 limit=0.2440 within=true
bound metric=prefill_ms arm=a16_s2fix_3a933038 vs=a08_slice10b_fix arm_median=1438.0620 reference_median=2540.0070 delta=-1101.9450 limit=50.8001 within=true
bound metric=ttft_ms arm=a16_s2fix_3a933038 vs=a08_slice10b_fix arm_median=1438.0000 reference_median=2540.0000 delta=-1102.0000 limit=50.8000 within=true
bound metric=peak_rss_bytes arm=a16_s2fix_3a933038 vs=a08_slice10b_fix arm_median=3979624448 reference_median=3946332160 delta=33292288 limit=78926643 within=true
bound metric=peak_footprint_bytes arm=a16_s2fix_3a933038 vs=a08_slice10b_fix arm_median=729934976 reference_median=719989824 delta=9945152 limit=14399796 within=true
bound metric=peak_gpu_bytes arm=a16_s2fix_3a933038 vs=a08_slice10b_fix arm_median=5608554496 reference_median=5608554496 delta=0 limit=112171090 within=true
bound metric=ms_per_token arm=a16_s2fix_3a933038 vs=a09_slice10c arm_median=12.1380 reference_median=12.1410 delta=-0.0030 limit=0.2428 within=true
bound metric=prefill_ms arm=a16_s2fix_3a933038 vs=a09_slice10c arm_median=1438.0620 reference_median=2540.9630 delta=-1102.9010 limit=50.8193 within=true
bound metric=ttft_ms arm=a16_s2fix_3a933038 vs=a09_slice10c arm_median=1438.0000 reference_median=2541.0000 delta=-1103.0000 limit=50.8200 within=true
bound metric=peak_rss_bytes arm=a16_s2fix_3a933038 vs=a09_slice10c arm_median=3979624448 reference_median=4022337536 delta=-42713088 limit=80446751 within=true
bound metric=peak_footprint_bytes arm=a16_s2fix_3a933038 vs=a09_slice10c arm_median=729934976 reference_median=713632576 delta=16302400 limit=14272652 within=false
bound metric=peak_gpu_bytes arm=a16_s2fix_3a933038 vs=a09_slice10c arm_median=5608554496 reference_median=5608554496 delta=0 limit=112171090 within=true
bound metric=ms_per_token arm=a16_s2fix_3a933038 vs=a10_slice11 arm_median=12.1380 reference_median=12.1570 delta=-0.0190 limit=0.2431 within=true
bound metric=prefill_ms arm=a16_s2fix_3a933038 vs=a10_slice11 arm_median=1438.0620 reference_median=2540.0050 delta=-1101.9430 limit=50.8001 within=true
bound metric=ttft_ms arm=a16_s2fix_3a933038 vs=a10_slice11 arm_median=1438.0000 reference_median=2540.0000 delta=-1102.0000 limit=50.8000 within=true
bound metric=peak_rss_bytes arm=a16_s2fix_3a933038 vs=a10_slice11 arm_median=3979624448 reference_median=3965485056 delta=14139392 limit=79309701 within=true
bound metric=peak_footprint_bytes arm=a16_s2fix_3a933038 vs=a10_slice11 arm_median=729934976 reference_median=712453248 delta=17481728 limit=14249065 within=false
bound metric=peak_gpu_bytes arm=a16_s2fix_3a933038 vs=a10_slice11 arm_median=5608554496 reference_median=5608554496 delta=0 limit=112171090 within=true
bound metric=ms_per_token arm=a16_s2fix_3a933038 vs=a11_slice12 arm_median=12.1380 reference_median=12.2255 delta=-0.0875 limit=0.2445 within=true
bound metric=prefill_ms arm=a16_s2fix_3a933038 vs=a11_slice12 arm_median=1438.0620 reference_median=2541.9930 delta=-1103.9310 limit=50.8399 within=true
bound metric=ttft_ms arm=a16_s2fix_3a933038 vs=a11_slice12 arm_median=1438.0000 reference_median=2542.0000 delta=-1104.0000 limit=50.8400 within=true
bound metric=peak_rss_bytes arm=a16_s2fix_3a933038 vs=a11_slice12 arm_median=3979624448 reference_median=3951951872 delta=27672576 limit=79039037 within=true
bound metric=peak_footprint_bytes arm=a16_s2fix_3a933038 vs=a11_slice12 arm_median=729934976 reference_median=714828800 delta=15106176 limit=14296576 within=false
bound metric=peak_gpu_bytes arm=a16_s2fix_3a933038 vs=a11_slice12 arm_median=5608554496 reference_median=5608554496 delta=0 limit=112171090 within=true
bound metric=ms_per_token arm=a16_s2fix_3a933038 vs=a12_eor arm_median=12.1380 reference_median=12.1150 delta=0.0230 limit=0.2423 within=true
bound metric=prefill_ms arm=a16_s2fix_3a933038 vs=a12_eor arm_median=1438.0620 reference_median=2539.9600 delta=-1101.8980 limit=50.7992 within=true
bound metric=ttft_ms arm=a16_s2fix_3a933038 vs=a12_eor arm_median=1438.0000 reference_median=2540.0000 delta=-1102.0000 limit=50.8000 within=true
bound metric=peak_rss_bytes arm=a16_s2fix_3a933038 vs=a12_eor arm_median=3979624448 reference_median=3958669312 delta=20955136 limit=79173386 within=true
bound metric=peak_footprint_bytes arm=a16_s2fix_3a933038 vs=a12_eor arm_median=729934976 reference_median=723479744 delta=6455232 limit=14469595 within=true
bound metric=peak_gpu_bytes arm=a16_s2fix_3a933038 vs=a12_eor arm_median=5608554496 reference_median=5608554496 delta=0 limit=112171090 within=true
bound metric=ms_per_token arm=a16_s2fix_3a933038 vs=a13_f76b4a97 arm_median=12.1380 reference_median=12.1180 delta=0.0200 limit=0.2424 within=true
bound metric=prefill_ms arm=a16_s2fix_3a933038 vs=a13_f76b4a97 arm_median=1438.0620 reference_median=2543.0100 delta=-1104.9480 limit=50.8602 within=true
bound metric=ttft_ms arm=a16_s2fix_3a933038 vs=a13_f76b4a97 arm_median=1438.0000 reference_median=2543.0000 delta=-1105.0000 limit=50.8600 within=true
bound metric=peak_rss_bytes arm=a16_s2fix_3a933038 vs=a13_f76b4a97 arm_median=3979624448 reference_median=4001611776 delta=-21987328 limit=80032236 within=true
bound metric=peak_footprint_bytes arm=a16_s2fix_3a933038 vs=a13_f76b4a97 arm_median=729934976 reference_median=726215232 delta=3719744 limit=14524305 within=true
bound metric=peak_gpu_bytes arm=a16_s2fix_3a933038 vs=a13_f76b4a97 arm_median=5608554496 reference_median=5608554496 delta=0 limit=112171090 within=true
bound metric=ms_per_token arm=a16_s2fix_3a933038 vs=a14_tip_s1 arm_median=12.1380 reference_median=12.1515 delta=-0.0135 limit=0.2430 within=true
bound metric=prefill_ms arm=a16_s2fix_3a933038 vs=a14_tip_s1 arm_median=1438.0620 reference_median=2542.9960 delta=-1104.9340 limit=50.8599 within=true
bound metric=ttft_ms arm=a16_s2fix_3a933038 vs=a14_tip_s1 arm_median=1438.0000 reference_median=2543.0000 delta=-1105.0000 limit=50.8600 within=true
bound metric=peak_rss_bytes arm=a16_s2fix_3a933038 vs=a14_tip_s1 arm_median=3979624448 reference_median=3950526464 delta=29097984 limit=79010529 within=true
bound metric=peak_footprint_bytes arm=a16_s2fix_3a933038 vs=a14_tip_s1 arm_median=729934976 reference_median=718122048 delta=11812928 limit=14362441 within=true
bound metric=peak_gpu_bytes arm=a16_s2fix_3a933038 vs=a14_tip_s1 arm_median=5608554496 reference_median=5608554496 delta=0 limit=112171090 within=true
bound metric=ms_per_token arm=a16_s2fix_3a933038 vs=a15_s2_mml arm_median=12.1380 reference_median=12.1820 delta=-0.0440 limit=0.2436 within=true
bound metric=prefill_ms arm=a16_s2fix_3a933038 vs=a15_s2_mml arm_median=1438.0620 reference_median=1618.9730 delta=-180.9110 limit=32.3795 within=true
bound metric=ttft_ms arm=a16_s2fix_3a933038 vs=a15_s2_mml arm_median=1438.0000 reference_median=1619.0000 delta=-181.0000 limit=32.3800 within=true
bound metric=peak_rss_bytes arm=a16_s2fix_3a933038 vs=a15_s2_mml arm_median=3979624448 reference_median=3943497728 delta=36126720 limit=78869955 within=true
bound metric=peak_footprint_bytes arm=a16_s2fix_3a933038 vs=a15_s2_mml arm_median=729934976 reference_median=719990016 delta=9944960 limit=14399800 within=true
bound metric=peak_gpu_bytes arm=a16_s2fix_3a933038 vs=a15_s2_mml arm_median=5608554496 reference_median=5608554496 delta=0 limit=112171090 within=true
bound metric=ms_per_token arm=a16_s2fix_3a933038 vs=llama-server arm_median=12.1380 reference_median=9.1436 delta=2.9944 limit=0.1829 within=false
bound metric=prefill_ms arm=a16_s2fix_3a933038 vs=llama-server arm_median=1438.0620 reference_median=571.3525 delta=866.7095 limit=11.4270 within=false
bound metric=ttft_ms arm=a16_s2fix_3a933038 vs=llama-server arm_median=1438.0000 reference_median=573.9639 delta=864.0361 limit=11.4793 within=false
bound metric=peak_rss_bytes arm=a16_s2fix_3a933038 vs=llama-server arm_median=3979624448 reference_median=3743236096 delta=236388352 limit=74864722 within=false
bound metric=peak_footprint_bytes arm=a16_s2fix_3a933038 vs=llama-server arm_median=729934976 reference_median=213707200 delta=516227776 limit=4274144 within=false
bound metric=peak_gpu_bytes arm=a16_s2fix_3a933038 vs=llama-server n=0
bound metric=ms_per_token arm=a17_head_8ef12e94 vs=a00_0b_9f0647da arm_median=12.1330 reference_median=12.2205 delta=-0.0875 limit=0.2444 within=true
bound metric=prefill_ms arm=a17_head_8ef12e94 vs=a00_0b_9f0647da arm_median=1439.0240 reference_median=2532.4930 delta=-1093.4690 limit=50.6499 within=true
bound metric=ttft_ms arm=a17_head_8ef12e94 vs=a00_0b_9f0647da n=0
bound metric=peak_rss_bytes arm=a17_head_8ef12e94 vs=a00_0b_9f0647da arm_median=3972792320 reference_median=3989274624 delta=-16482304 limit=79785492 within=true
bound metric=peak_footprint_bytes arm=a17_head_8ef12e94 vs=a00_0b_9f0647da arm_median=721497344 reference_median=724806720 delta=-3309376 limit=14496134 within=true
bound metric=peak_gpu_bytes arm=a17_head_8ef12e94 vs=a00_0b_9f0647da n=0
bound metric=ms_per_token arm=a17_head_8ef12e94 vs=a01_0c_152467a9 arm_median=12.1330 reference_median=12.2880 delta=-0.1550 limit=0.2458 within=true
bound metric=prefill_ms arm=a17_head_8ef12e94 vs=a01_0c_152467a9 arm_median=1439.0240 reference_median=2538.0105 delta=-1098.9865 limit=50.7602 within=true
bound metric=ttft_ms arm=a17_head_8ef12e94 vs=a01_0c_152467a9 arm_median=1439.0000 reference_median=2538.0000 delta=-1099.0000 limit=50.7600 within=true
bound metric=peak_rss_bytes arm=a17_head_8ef12e94 vs=a01_0c_152467a9 arm_median=3972792320 reference_median=3972710400 delta=81920 limit=79454208 within=true
bound metric=peak_footprint_bytes arm=a17_head_8ef12e94 vs=a01_0c_152467a9 arm_median=721497344 reference_median=719137984 delta=2359360 limit=14382760 within=true
bound metric=peak_gpu_bytes arm=a17_head_8ef12e94 vs=a01_0c_152467a9 arm_median=5608554496 reference_median=5609734144 delta=-1179648 limit=112194683 within=true
bound metric=ms_per_token arm=a17_head_8ef12e94 vs=a02_slice5 arm_median=12.1330 reference_median=12.2140 delta=-0.0810 limit=0.2443 within=true
bound metric=prefill_ms arm=a17_head_8ef12e94 vs=a02_slice5 arm_median=1439.0240 reference_median=2536.9580 delta=-1097.9340 limit=50.7392 within=true
bound metric=ttft_ms arm=a17_head_8ef12e94 vs=a02_slice5 arm_median=1439.0000 reference_median=2537.0000 delta=-1098.0000 limit=50.7400 within=true
bound metric=peak_rss_bytes arm=a17_head_8ef12e94 vs=a02_slice5 arm_median=3972792320 reference_median=3960963072 delta=11829248 limit=79219261 within=true
bound metric=peak_footprint_bytes arm=a17_head_8ef12e94 vs=a02_slice5 arm_median=721497344 reference_median=713026816 delta=8470528 limit=14260536 within=true
bound metric=peak_gpu_bytes arm=a17_head_8ef12e94 vs=a02_slice5 arm_median=5608554496 reference_median=5609734144 delta=-1179648 limit=112194683 within=true
bound metric=ms_per_token arm=a17_head_8ef12e94 vs=a03_slice6 arm_median=12.1330 reference_median=12.1780 delta=-0.0450 limit=0.2436 within=true
bound metric=prefill_ms arm=a17_head_8ef12e94 vs=a03_slice6 arm_median=1439.0240 reference_median=2539.0590 delta=-1100.0350 limit=50.7812 within=true
bound metric=ttft_ms arm=a17_head_8ef12e94 vs=a03_slice6 arm_median=1439.0000 reference_median=2539.0000 delta=-1100.0000 limit=50.7800 within=true
bound metric=peak_rss_bytes arm=a17_head_8ef12e94 vs=a03_slice6 arm_median=3972792320 reference_median=3996581888 delta=-23789568 limit=79931638 within=true
bound metric=peak_footprint_bytes arm=a17_head_8ef12e94 vs=a03_slice6 arm_median=721497344 reference_median=727198528 delta=-5701184 limit=14543971 within=true
bound metric=peak_gpu_bytes arm=a17_head_8ef12e94 vs=a03_slice6 arm_median=5608554496 reference_median=5609734144 delta=-1179648 limit=112194683 within=true
bound metric=ms_per_token arm=a17_head_8ef12e94 vs=a04_slice7 arm_median=12.1330 reference_median=12.1455 delta=-0.0125 limit=0.2429 within=true
bound metric=prefill_ms arm=a17_head_8ef12e94 vs=a04_slice7 arm_median=1439.0240 reference_median=2536.9910 delta=-1097.9670 limit=50.7398 within=true
bound metric=ttft_ms arm=a17_head_8ef12e94 vs=a04_slice7 arm_median=1439.0000 reference_median=2537.0000 delta=-1098.0000 limit=50.7400 within=true
bound metric=peak_rss_bytes arm=a17_head_8ef12e94 vs=a04_slice7 arm_median=3972792320 reference_median=3963944960 delta=8847360 limit=79278899 within=true
bound metric=peak_footprint_bytes arm=a17_head_8ef12e94 vs=a04_slice7 arm_median=721497344 reference_median=718678976 delta=2818368 limit=14373580 within=true
bound metric=peak_gpu_bytes arm=a17_head_8ef12e94 vs=a04_slice7 arm_median=5608554496 reference_median=5609734144 delta=-1179648 limit=112194683 within=true
bound metric=ms_per_token arm=a17_head_8ef12e94 vs=a05_slice8 arm_median=12.1330 reference_median=12.1735 delta=-0.0405 limit=0.2435 within=true
bound metric=prefill_ms arm=a17_head_8ef12e94 vs=a05_slice8 arm_median=1439.0240 reference_median=2539.0510 delta=-1100.0270 limit=50.7810 within=true
bound metric=ttft_ms arm=a17_head_8ef12e94 vs=a05_slice8 arm_median=1439.0000 reference_median=2539.0000 delta=-1100.0000 limit=50.7800 within=true
bound metric=peak_rss_bytes arm=a17_head_8ef12e94 vs=a05_slice8 arm_median=3972792320 reference_median=3928014848 delta=44777472 limit=78560297 within=true
bound metric=peak_footprint_bytes arm=a17_head_8ef12e94 vs=a05_slice8 arm_median=721497344 reference_median=715172928 delta=6324416 limit=14303459 within=true
bound metric=peak_gpu_bytes arm=a17_head_8ef12e94 vs=a05_slice8 arm_median=5608554496 reference_median=5608554496 delta=0 limit=112171090 within=true
bound metric=ms_per_token arm=a17_head_8ef12e94 vs=a06_slice9 arm_median=12.1330 reference_median=12.1660 delta=-0.0330 limit=0.2433 within=true
bound metric=prefill_ms arm=a17_head_8ef12e94 vs=a06_slice9 arm_median=1439.0240 reference_median=2540.0410 delta=-1101.0170 limit=50.8008 within=true
bound metric=ttft_ms arm=a17_head_8ef12e94 vs=a06_slice9 arm_median=1439.0000 reference_median=2540.0000 delta=-1101.0000 limit=50.8000 within=true
bound metric=peak_rss_bytes arm=a17_head_8ef12e94 vs=a06_slice9 arm_median=3972792320 reference_median=3979837440 delta=-7045120 limit=79596749 within=true
bound metric=peak_footprint_bytes arm=a17_head_8ef12e94 vs=a06_slice9 arm_median=721497344 reference_median=717368384 delta=4128960 limit=14347368 within=true
bound metric=peak_gpu_bytes arm=a17_head_8ef12e94 vs=a06_slice9 arm_median=5608554496 reference_median=5608554496 delta=0 limit=112171090 within=true
bound metric=ms_per_token arm=a17_head_8ef12e94 vs=a07_slice10b arm_median=12.1330 reference_median=12.1700 delta=-0.0370 limit=0.2434 within=true
bound metric=prefill_ms arm=a17_head_8ef12e94 vs=a07_slice10b arm_median=1439.0240 reference_median=2538.0495 delta=-1099.0255 limit=50.7610 within=true
bound metric=ttft_ms arm=a17_head_8ef12e94 vs=a07_slice10b arm_median=1439.0000 reference_median=2538.0000 delta=-1099.0000 limit=50.7600 within=true
bound metric=peak_rss_bytes arm=a17_head_8ef12e94 vs=a07_slice10b arm_median=3972792320 reference_median=3979886592 delta=-7094272 limit=79597732 within=true
bound metric=peak_footprint_bytes arm=a17_head_8ef12e94 vs=a07_slice10b arm_median=721497344 reference_median=713370688 delta=8126656 limit=14267414 within=true
bound metric=peak_gpu_bytes arm=a17_head_8ef12e94 vs=a07_slice10b arm_median=5608554496 reference_median=5608554496 delta=0 limit=112171090 within=true
bound metric=ms_per_token arm=a17_head_8ef12e94 vs=a08_slice10b_fix arm_median=12.1330 reference_median=12.2000 delta=-0.0670 limit=0.2440 within=true
bound metric=prefill_ms arm=a17_head_8ef12e94 vs=a08_slice10b_fix arm_median=1439.0240 reference_median=2540.0070 delta=-1100.9830 limit=50.8001 within=true
bound metric=ttft_ms arm=a17_head_8ef12e94 vs=a08_slice10b_fix arm_median=1439.0000 reference_median=2540.0000 delta=-1101.0000 limit=50.8000 within=true
bound metric=peak_rss_bytes arm=a17_head_8ef12e94 vs=a08_slice10b_fix arm_median=3972792320 reference_median=3946332160 delta=26460160 limit=78926643 within=true
bound metric=peak_footprint_bytes arm=a17_head_8ef12e94 vs=a08_slice10b_fix arm_median=721497344 reference_median=719989824 delta=1507520 limit=14399796 within=true
bound metric=peak_gpu_bytes arm=a17_head_8ef12e94 vs=a08_slice10b_fix arm_median=5608554496 reference_median=5608554496 delta=0 limit=112171090 within=true
bound metric=ms_per_token arm=a17_head_8ef12e94 vs=a09_slice10c arm_median=12.1330 reference_median=12.1410 delta=-0.0080 limit=0.2428 within=true
bound metric=prefill_ms arm=a17_head_8ef12e94 vs=a09_slice10c arm_median=1439.0240 reference_median=2540.9630 delta=-1101.9390 limit=50.8193 within=true
bound metric=ttft_ms arm=a17_head_8ef12e94 vs=a09_slice10c arm_median=1439.0000 reference_median=2541.0000 delta=-1102.0000 limit=50.8200 within=true
bound metric=peak_rss_bytes arm=a17_head_8ef12e94 vs=a09_slice10c arm_median=3972792320 reference_median=4022337536 delta=-49545216 limit=80446751 within=true
bound metric=peak_footprint_bytes arm=a17_head_8ef12e94 vs=a09_slice10c arm_median=721497344 reference_median=713632576 delta=7864768 limit=14272652 within=true
bound metric=peak_gpu_bytes arm=a17_head_8ef12e94 vs=a09_slice10c arm_median=5608554496 reference_median=5608554496 delta=0 limit=112171090 within=true
bound metric=ms_per_token arm=a17_head_8ef12e94 vs=a10_slice11 arm_median=12.1330 reference_median=12.1570 delta=-0.0240 limit=0.2431 within=true
bound metric=prefill_ms arm=a17_head_8ef12e94 vs=a10_slice11 arm_median=1439.0240 reference_median=2540.0050 delta=-1100.9810 limit=50.8001 within=true
bound metric=ttft_ms arm=a17_head_8ef12e94 vs=a10_slice11 arm_median=1439.0000 reference_median=2540.0000 delta=-1101.0000 limit=50.8000 within=true
bound metric=peak_rss_bytes arm=a17_head_8ef12e94 vs=a10_slice11 arm_median=3972792320 reference_median=3965485056 delta=7307264 limit=79309701 within=true
bound metric=peak_footprint_bytes arm=a17_head_8ef12e94 vs=a10_slice11 arm_median=721497344 reference_median=712453248 delta=9044096 limit=14249065 within=true
bound metric=peak_gpu_bytes arm=a17_head_8ef12e94 vs=a10_slice11 arm_median=5608554496 reference_median=5608554496 delta=0 limit=112171090 within=true
bound metric=ms_per_token arm=a17_head_8ef12e94 vs=a11_slice12 arm_median=12.1330 reference_median=12.2255 delta=-0.0925 limit=0.2445 within=true
bound metric=prefill_ms arm=a17_head_8ef12e94 vs=a11_slice12 arm_median=1439.0240 reference_median=2541.9930 delta=-1102.9690 limit=50.8399 within=true
bound metric=ttft_ms arm=a17_head_8ef12e94 vs=a11_slice12 arm_median=1439.0000 reference_median=2542.0000 delta=-1103.0000 limit=50.8400 within=true
bound metric=peak_rss_bytes arm=a17_head_8ef12e94 vs=a11_slice12 arm_median=3972792320 reference_median=3951951872 delta=20840448 limit=79039037 within=true
bound metric=peak_footprint_bytes arm=a17_head_8ef12e94 vs=a11_slice12 arm_median=721497344 reference_median=714828800 delta=6668544 limit=14296576 within=true
bound metric=peak_gpu_bytes arm=a17_head_8ef12e94 vs=a11_slice12 arm_median=5608554496 reference_median=5608554496 delta=0 limit=112171090 within=true
bound metric=ms_per_token arm=a17_head_8ef12e94 vs=a12_eor arm_median=12.1330 reference_median=12.1150 delta=0.0180 limit=0.2423 within=true
bound metric=prefill_ms arm=a17_head_8ef12e94 vs=a12_eor arm_median=1439.0240 reference_median=2539.9600 delta=-1100.9360 limit=50.7992 within=true
bound metric=ttft_ms arm=a17_head_8ef12e94 vs=a12_eor arm_median=1439.0000 reference_median=2540.0000 delta=-1101.0000 limit=50.8000 within=true
bound metric=peak_rss_bytes arm=a17_head_8ef12e94 vs=a12_eor arm_median=3972792320 reference_median=3958669312 delta=14123008 limit=79173386 within=true
bound metric=peak_footprint_bytes arm=a17_head_8ef12e94 vs=a12_eor arm_median=721497344 reference_median=723479744 delta=-1982400 limit=14469595 within=true
bound metric=peak_gpu_bytes arm=a17_head_8ef12e94 vs=a12_eor arm_median=5608554496 reference_median=5608554496 delta=0 limit=112171090 within=true
bound metric=ms_per_token arm=a17_head_8ef12e94 vs=a13_f76b4a97 arm_median=12.1330 reference_median=12.1180 delta=0.0150 limit=0.2424 within=true
bound metric=prefill_ms arm=a17_head_8ef12e94 vs=a13_f76b4a97 arm_median=1439.0240 reference_median=2543.0100 delta=-1103.9860 limit=50.8602 within=true
bound metric=ttft_ms arm=a17_head_8ef12e94 vs=a13_f76b4a97 arm_median=1439.0000 reference_median=2543.0000 delta=-1104.0000 limit=50.8600 within=true
bound metric=peak_rss_bytes arm=a17_head_8ef12e94 vs=a13_f76b4a97 arm_median=3972792320 reference_median=4001611776 delta=-28819456 limit=80032236 within=true
bound metric=peak_footprint_bytes arm=a17_head_8ef12e94 vs=a13_f76b4a97 arm_median=721497344 reference_median=726215232 delta=-4717888 limit=14524305 within=true
bound metric=peak_gpu_bytes arm=a17_head_8ef12e94 vs=a13_f76b4a97 arm_median=5608554496 reference_median=5608554496 delta=0 limit=112171090 within=true
bound metric=ms_per_token arm=a17_head_8ef12e94 vs=a14_tip_s1 arm_median=12.1330 reference_median=12.1515 delta=-0.0185 limit=0.2430 within=true
bound metric=prefill_ms arm=a17_head_8ef12e94 vs=a14_tip_s1 arm_median=1439.0240 reference_median=2542.9960 delta=-1103.9720 limit=50.8599 within=true
bound metric=ttft_ms arm=a17_head_8ef12e94 vs=a14_tip_s1 arm_median=1439.0000 reference_median=2543.0000 delta=-1104.0000 limit=50.8600 within=true
bound metric=peak_rss_bytes arm=a17_head_8ef12e94 vs=a14_tip_s1 arm_median=3972792320 reference_median=3950526464 delta=22265856 limit=79010529 within=true
bound metric=peak_footprint_bytes arm=a17_head_8ef12e94 vs=a14_tip_s1 arm_median=721497344 reference_median=718122048 delta=3375296 limit=14362441 within=true
bound metric=peak_gpu_bytes arm=a17_head_8ef12e94 vs=a14_tip_s1 arm_median=5608554496 reference_median=5608554496 delta=0 limit=112171090 within=true
bound metric=ms_per_token arm=a17_head_8ef12e94 vs=a15_s2_mml arm_median=12.1330 reference_median=12.1820 delta=-0.0490 limit=0.2436 within=true
bound metric=prefill_ms arm=a17_head_8ef12e94 vs=a15_s2_mml arm_median=1439.0240 reference_median=1618.9730 delta=-179.9490 limit=32.3795 within=true
bound metric=ttft_ms arm=a17_head_8ef12e94 vs=a15_s2_mml arm_median=1439.0000 reference_median=1619.0000 delta=-180.0000 limit=32.3800 within=true
bound metric=peak_rss_bytes arm=a17_head_8ef12e94 vs=a15_s2_mml arm_median=3972792320 reference_median=3943497728 delta=29294592 limit=78869955 within=true
bound metric=peak_footprint_bytes arm=a17_head_8ef12e94 vs=a15_s2_mml arm_median=721497344 reference_median=719990016 delta=1507328 limit=14399800 within=true
bound metric=peak_gpu_bytes arm=a17_head_8ef12e94 vs=a15_s2_mml arm_median=5608554496 reference_median=5608554496 delta=0 limit=112171090 within=true
bound metric=ms_per_token arm=a17_head_8ef12e94 vs=a16_s2fix_3a933038 arm_median=12.1330 reference_median=12.1380 delta=-0.0050 limit=0.2428 within=true
bound metric=prefill_ms arm=a17_head_8ef12e94 vs=a16_s2fix_3a933038 arm_median=1439.0240 reference_median=1438.0620 delta=0.9620 limit=28.7612 within=true
bound metric=ttft_ms arm=a17_head_8ef12e94 vs=a16_s2fix_3a933038 arm_median=1439.0000 reference_median=1438.0000 delta=1.0000 limit=28.7600 within=true
bound metric=peak_rss_bytes arm=a17_head_8ef12e94 vs=a16_s2fix_3a933038 arm_median=3972792320 reference_median=3979624448 delta=-6832128 limit=79592489 within=true
bound metric=peak_footprint_bytes arm=a17_head_8ef12e94 vs=a16_s2fix_3a933038 arm_median=721497344 reference_median=729934976 delta=-8437632 limit=14598700 within=true
bound metric=peak_gpu_bytes arm=a17_head_8ef12e94 vs=a16_s2fix_3a933038 arm_median=5608554496 reference_median=5608554496 delta=0 limit=112171090 within=true
bound metric=ms_per_token arm=a17_head_8ef12e94 vs=llama-server arm_median=12.1330 reference_median=9.1436 delta=2.9894 limit=0.1829 within=false
bound metric=prefill_ms arm=a17_head_8ef12e94 vs=llama-server arm_median=1439.0240 reference_median=571.3525 delta=867.6715 limit=11.4270 within=false
bound metric=ttft_ms arm=a17_head_8ef12e94 vs=llama-server arm_median=1439.0000 reference_median=573.9639 delta=865.0361 limit=11.4793 within=false
bound metric=peak_rss_bytes arm=a17_head_8ef12e94 vs=llama-server arm_median=3972792320 reference_median=3743236096 delta=229556224 limit=74864722 within=false
bound metric=peak_footprint_bytes arm=a17_head_8ef12e94 vs=llama-server arm_median=721497344 reference_median=213707200 delta=507790144 limit=4274144 within=false
bound metric=peak_gpu_bytes arm=a17_head_8ef12e94 vs=llama-server n=0
bound metric=ms_per_token arm=a18_head_copy vs=a00_0b_9f0647da arm_median=12.1170 reference_median=12.2205 delta=-0.1035 limit=0.2444 within=true
bound metric=prefill_ms arm=a18_head_copy vs=a00_0b_9f0647da arm_median=1438.0620 reference_median=2532.4930 delta=-1094.4310 limit=50.6499 within=true
bound metric=ttft_ms arm=a18_head_copy vs=a00_0b_9f0647da n=0
bound metric=peak_rss_bytes arm=a18_head_copy vs=a00_0b_9f0647da arm_median=3987505152 reference_median=3989274624 delta=-1769472 limit=79785492 within=true
bound metric=peak_footprint_bytes arm=a18_head_copy vs=a00_0b_9f0647da arm_median=713862208 reference_median=724806720 delta=-10944512 limit=14496134 within=true
bound metric=peak_gpu_bytes arm=a18_head_copy vs=a00_0b_9f0647da n=0
bound metric=ms_per_token arm=a18_head_copy vs=a01_0c_152467a9 arm_median=12.1170 reference_median=12.2880 delta=-0.1710 limit=0.2458 within=true
bound metric=prefill_ms arm=a18_head_copy vs=a01_0c_152467a9 arm_median=1438.0620 reference_median=2538.0105 delta=-1099.9485 limit=50.7602 within=true
bound metric=ttft_ms arm=a18_head_copy vs=a01_0c_152467a9 arm_median=1438.0000 reference_median=2538.0000 delta=-1100.0000 limit=50.7600 within=true
bound metric=peak_rss_bytes arm=a18_head_copy vs=a01_0c_152467a9 arm_median=3987505152 reference_median=3972710400 delta=14794752 limit=79454208 within=true
bound metric=peak_footprint_bytes arm=a18_head_copy vs=a01_0c_152467a9 arm_median=713862208 reference_median=719137984 delta=-5275776 limit=14382760 within=true
bound metric=peak_gpu_bytes arm=a18_head_copy vs=a01_0c_152467a9 arm_median=5608554496 reference_median=5609734144 delta=-1179648 limit=112194683 within=true
bound metric=ms_per_token arm=a18_head_copy vs=a02_slice5 arm_median=12.1170 reference_median=12.2140 delta=-0.0970 limit=0.2443 within=true
bound metric=prefill_ms arm=a18_head_copy vs=a02_slice5 arm_median=1438.0620 reference_median=2536.9580 delta=-1098.8960 limit=50.7392 within=true
bound metric=ttft_ms arm=a18_head_copy vs=a02_slice5 arm_median=1438.0000 reference_median=2537.0000 delta=-1099.0000 limit=50.7400 within=true
bound metric=peak_rss_bytes arm=a18_head_copy vs=a02_slice5 arm_median=3987505152 reference_median=3960963072 delta=26542080 limit=79219261 within=true
bound metric=peak_footprint_bytes arm=a18_head_copy vs=a02_slice5 arm_median=713862208 reference_median=713026816 delta=835392 limit=14260536 within=true
bound metric=peak_gpu_bytes arm=a18_head_copy vs=a02_slice5 arm_median=5608554496 reference_median=5609734144 delta=-1179648 limit=112194683 within=true
bound metric=ms_per_token arm=a18_head_copy vs=a03_slice6 arm_median=12.1170 reference_median=12.1780 delta=-0.0610 limit=0.2436 within=true
bound metric=prefill_ms arm=a18_head_copy vs=a03_slice6 arm_median=1438.0620 reference_median=2539.0590 delta=-1100.9970 limit=50.7812 within=true
bound metric=ttft_ms arm=a18_head_copy vs=a03_slice6 arm_median=1438.0000 reference_median=2539.0000 delta=-1101.0000 limit=50.7800 within=true
bound metric=peak_rss_bytes arm=a18_head_copy vs=a03_slice6 arm_median=3987505152 reference_median=3996581888 delta=-9076736 limit=79931638 within=true
bound metric=peak_footprint_bytes arm=a18_head_copy vs=a03_slice6 arm_median=713862208 reference_median=727198528 delta=-13336320 limit=14543971 within=true
bound metric=peak_gpu_bytes arm=a18_head_copy vs=a03_slice6 arm_median=5608554496 reference_median=5609734144 delta=-1179648 limit=112194683 within=true
bound metric=ms_per_token arm=a18_head_copy vs=a04_slice7 arm_median=12.1170 reference_median=12.1455 delta=-0.0285 limit=0.2429 within=true
bound metric=prefill_ms arm=a18_head_copy vs=a04_slice7 arm_median=1438.0620 reference_median=2536.9910 delta=-1098.9290 limit=50.7398 within=true
bound metric=ttft_ms arm=a18_head_copy vs=a04_slice7 arm_median=1438.0000 reference_median=2537.0000 delta=-1099.0000 limit=50.7400 within=true
bound metric=peak_rss_bytes arm=a18_head_copy vs=a04_slice7 arm_median=3987505152 reference_median=3963944960 delta=23560192 limit=79278899 within=true
bound metric=peak_footprint_bytes arm=a18_head_copy vs=a04_slice7 arm_median=713862208 reference_median=718678976 delta=-4816768 limit=14373580 within=true
bound metric=peak_gpu_bytes arm=a18_head_copy vs=a04_slice7 arm_median=5608554496 reference_median=5609734144 delta=-1179648 limit=112194683 within=true
bound metric=ms_per_token arm=a18_head_copy vs=a05_slice8 arm_median=12.1170 reference_median=12.1735 delta=-0.0565 limit=0.2435 within=true
bound metric=prefill_ms arm=a18_head_copy vs=a05_slice8 arm_median=1438.0620 reference_median=2539.0510 delta=-1100.9890 limit=50.7810 within=true
bound metric=ttft_ms arm=a18_head_copy vs=a05_slice8 arm_median=1438.0000 reference_median=2539.0000 delta=-1101.0000 limit=50.7800 within=true
bound metric=peak_rss_bytes arm=a18_head_copy vs=a05_slice8 arm_median=3987505152 reference_median=3928014848 delta=59490304 limit=78560297 within=true
bound metric=peak_footprint_bytes arm=a18_head_copy vs=a05_slice8 arm_median=713862208 reference_median=715172928 delta=-1310720 limit=14303459 within=true
bound metric=peak_gpu_bytes arm=a18_head_copy vs=a05_slice8 arm_median=5608554496 reference_median=5608554496 delta=0 limit=112171090 within=true
bound metric=ms_per_token arm=a18_head_copy vs=a06_slice9 arm_median=12.1170 reference_median=12.1660 delta=-0.0490 limit=0.2433 within=true
bound metric=prefill_ms arm=a18_head_copy vs=a06_slice9 arm_median=1438.0620 reference_median=2540.0410 delta=-1101.9790 limit=50.8008 within=true
bound metric=ttft_ms arm=a18_head_copy vs=a06_slice9 arm_median=1438.0000 reference_median=2540.0000 delta=-1102.0000 limit=50.8000 within=true
bound metric=peak_rss_bytes arm=a18_head_copy vs=a06_slice9 arm_median=3987505152 reference_median=3979837440 delta=7667712 limit=79596749 within=true
bound metric=peak_footprint_bytes arm=a18_head_copy vs=a06_slice9 arm_median=713862208 reference_median=717368384 delta=-3506176 limit=14347368 within=true
bound metric=peak_gpu_bytes arm=a18_head_copy vs=a06_slice9 arm_median=5608554496 reference_median=5608554496 delta=0 limit=112171090 within=true
bound metric=ms_per_token arm=a18_head_copy vs=a07_slice10b arm_median=12.1170 reference_median=12.1700 delta=-0.0530 limit=0.2434 within=true
bound metric=prefill_ms arm=a18_head_copy vs=a07_slice10b arm_median=1438.0620 reference_median=2538.0495 delta=-1099.9875 limit=50.7610 within=true
bound metric=ttft_ms arm=a18_head_copy vs=a07_slice10b arm_median=1438.0000 reference_median=2538.0000 delta=-1100.0000 limit=50.7600 within=true
bound metric=peak_rss_bytes arm=a18_head_copy vs=a07_slice10b arm_median=3987505152 reference_median=3979886592 delta=7618560 limit=79597732 within=true
bound metric=peak_footprint_bytes arm=a18_head_copy vs=a07_slice10b arm_median=713862208 reference_median=713370688 delta=491520 limit=14267414 within=true
bound metric=peak_gpu_bytes arm=a18_head_copy vs=a07_slice10b arm_median=5608554496 reference_median=5608554496 delta=0 limit=112171090 within=true
bound metric=ms_per_token arm=a18_head_copy vs=a08_slice10b_fix arm_median=12.1170 reference_median=12.2000 delta=-0.0830 limit=0.2440 within=true
bound metric=prefill_ms arm=a18_head_copy vs=a08_slice10b_fix arm_median=1438.0620 reference_median=2540.0070 delta=-1101.9450 limit=50.8001 within=true
bound metric=ttft_ms arm=a18_head_copy vs=a08_slice10b_fix arm_median=1438.0000 reference_median=2540.0000 delta=-1102.0000 limit=50.8000 within=true
bound metric=peak_rss_bytes arm=a18_head_copy vs=a08_slice10b_fix arm_median=3987505152 reference_median=3946332160 delta=41172992 limit=78926643 within=true
bound metric=peak_footprint_bytes arm=a18_head_copy vs=a08_slice10b_fix arm_median=713862208 reference_median=719989824 delta=-6127616 limit=14399796 within=true
bound metric=peak_gpu_bytes arm=a18_head_copy vs=a08_slice10b_fix arm_median=5608554496 reference_median=5608554496 delta=0 limit=112171090 within=true
bound metric=ms_per_token arm=a18_head_copy vs=a09_slice10c arm_median=12.1170 reference_median=12.1410 delta=-0.0240 limit=0.2428 within=true
bound metric=prefill_ms arm=a18_head_copy vs=a09_slice10c arm_median=1438.0620 reference_median=2540.9630 delta=-1102.9010 limit=50.8193 within=true
bound metric=ttft_ms arm=a18_head_copy vs=a09_slice10c arm_median=1438.0000 reference_median=2541.0000 delta=-1103.0000 limit=50.8200 within=true
bound metric=peak_rss_bytes arm=a18_head_copy vs=a09_slice10c arm_median=3987505152 reference_median=4022337536 delta=-34832384 limit=80446751 within=true
bound metric=peak_footprint_bytes arm=a18_head_copy vs=a09_slice10c arm_median=713862208 reference_median=713632576 delta=229632 limit=14272652 within=true
bound metric=peak_gpu_bytes arm=a18_head_copy vs=a09_slice10c arm_median=5608554496 reference_median=5608554496 delta=0 limit=112171090 within=true
bound metric=ms_per_token arm=a18_head_copy vs=a10_slice11 arm_median=12.1170 reference_median=12.1570 delta=-0.0400 limit=0.2431 within=true
bound metric=prefill_ms arm=a18_head_copy vs=a10_slice11 arm_median=1438.0620 reference_median=2540.0050 delta=-1101.9430 limit=50.8001 within=true
bound metric=ttft_ms arm=a18_head_copy vs=a10_slice11 arm_median=1438.0000 reference_median=2540.0000 delta=-1102.0000 limit=50.8000 within=true
bound metric=peak_rss_bytes arm=a18_head_copy vs=a10_slice11 arm_median=3987505152 reference_median=3965485056 delta=22020096 limit=79309701 within=true
bound metric=peak_footprint_bytes arm=a18_head_copy vs=a10_slice11 arm_median=713862208 reference_median=712453248 delta=1408960 limit=14249065 within=true
bound metric=peak_gpu_bytes arm=a18_head_copy vs=a10_slice11 arm_median=5608554496 reference_median=5608554496 delta=0 limit=112171090 within=true
bound metric=ms_per_token arm=a18_head_copy vs=a11_slice12 arm_median=12.1170 reference_median=12.2255 delta=-0.1085 limit=0.2445 within=true
bound metric=prefill_ms arm=a18_head_copy vs=a11_slice12 arm_median=1438.0620 reference_median=2541.9930 delta=-1103.9310 limit=50.8399 within=true
bound metric=ttft_ms arm=a18_head_copy vs=a11_slice12 arm_median=1438.0000 reference_median=2542.0000 delta=-1104.0000 limit=50.8400 within=true
bound metric=peak_rss_bytes arm=a18_head_copy vs=a11_slice12 arm_median=3987505152 reference_median=3951951872 delta=35553280 limit=79039037 within=true
bound metric=peak_footprint_bytes arm=a18_head_copy vs=a11_slice12 arm_median=713862208 reference_median=714828800 delta=-966592 limit=14296576 within=true
bound metric=peak_gpu_bytes arm=a18_head_copy vs=a11_slice12 arm_median=5608554496 reference_median=5608554496 delta=0 limit=112171090 within=true
bound metric=ms_per_token arm=a18_head_copy vs=a12_eor arm_median=12.1170 reference_median=12.1150 delta=0.0020 limit=0.2423 within=true
bound metric=prefill_ms arm=a18_head_copy vs=a12_eor arm_median=1438.0620 reference_median=2539.9600 delta=-1101.8980 limit=50.7992 within=true
bound metric=ttft_ms arm=a18_head_copy vs=a12_eor arm_median=1438.0000 reference_median=2540.0000 delta=-1102.0000 limit=50.8000 within=true
bound metric=peak_rss_bytes arm=a18_head_copy vs=a12_eor arm_median=3987505152 reference_median=3958669312 delta=28835840 limit=79173386 within=true
bound metric=peak_footprint_bytes arm=a18_head_copy vs=a12_eor arm_median=713862208 reference_median=723479744 delta=-9617536 limit=14469595 within=true
bound metric=peak_gpu_bytes arm=a18_head_copy vs=a12_eor arm_median=5608554496 reference_median=5608554496 delta=0 limit=112171090 within=true
bound metric=ms_per_token arm=a18_head_copy vs=a13_f76b4a97 arm_median=12.1170 reference_median=12.1180 delta=-0.0010 limit=0.2424 within=true
bound metric=prefill_ms arm=a18_head_copy vs=a13_f76b4a97 arm_median=1438.0620 reference_median=2543.0100 delta=-1104.9480 limit=50.8602 within=true
bound metric=ttft_ms arm=a18_head_copy vs=a13_f76b4a97 arm_median=1438.0000 reference_median=2543.0000 delta=-1105.0000 limit=50.8600 within=true
bound metric=peak_rss_bytes arm=a18_head_copy vs=a13_f76b4a97 arm_median=3987505152 reference_median=4001611776 delta=-14106624 limit=80032236 within=true
bound metric=peak_footprint_bytes arm=a18_head_copy vs=a13_f76b4a97 arm_median=713862208 reference_median=726215232 delta=-12353024 limit=14524305 within=true
bound metric=peak_gpu_bytes arm=a18_head_copy vs=a13_f76b4a97 arm_median=5608554496 reference_median=5608554496 delta=0 limit=112171090 within=true
bound metric=ms_per_token arm=a18_head_copy vs=a14_tip_s1 arm_median=12.1170 reference_median=12.1515 delta=-0.0345 limit=0.2430 within=true
bound metric=prefill_ms arm=a18_head_copy vs=a14_tip_s1 arm_median=1438.0620 reference_median=2542.9960 delta=-1104.9340 limit=50.8599 within=true
bound metric=ttft_ms arm=a18_head_copy vs=a14_tip_s1 arm_median=1438.0000 reference_median=2543.0000 delta=-1105.0000 limit=50.8600 within=true
bound metric=peak_rss_bytes arm=a18_head_copy vs=a14_tip_s1 arm_median=3987505152 reference_median=3950526464 delta=36978688 limit=79010529 within=true
bound metric=peak_footprint_bytes arm=a18_head_copy vs=a14_tip_s1 arm_median=713862208 reference_median=718122048 delta=-4259840 limit=14362441 within=true
bound metric=peak_gpu_bytes arm=a18_head_copy vs=a14_tip_s1 arm_median=5608554496 reference_median=5608554496 delta=0 limit=112171090 within=true
bound metric=ms_per_token arm=a18_head_copy vs=a15_s2_mml arm_median=12.1170 reference_median=12.1820 delta=-0.0650 limit=0.2436 within=true
bound metric=prefill_ms arm=a18_head_copy vs=a15_s2_mml arm_median=1438.0620 reference_median=1618.9730 delta=-180.9110 limit=32.3795 within=true
bound metric=ttft_ms arm=a18_head_copy vs=a15_s2_mml arm_median=1438.0000 reference_median=1619.0000 delta=-181.0000 limit=32.3800 within=true
bound metric=peak_rss_bytes arm=a18_head_copy vs=a15_s2_mml arm_median=3987505152 reference_median=3943497728 delta=44007424 limit=78869955 within=true
bound metric=peak_footprint_bytes arm=a18_head_copy vs=a15_s2_mml arm_median=713862208 reference_median=719990016 delta=-6127808 limit=14399800 within=true
bound metric=peak_gpu_bytes arm=a18_head_copy vs=a15_s2_mml arm_median=5608554496 reference_median=5608554496 delta=0 limit=112171090 within=true
bound metric=ms_per_token arm=a18_head_copy vs=a16_s2fix_3a933038 arm_median=12.1170 reference_median=12.1380 delta=-0.0210 limit=0.2428 within=true
bound metric=prefill_ms arm=a18_head_copy vs=a16_s2fix_3a933038 arm_median=1438.0620 reference_median=1438.0620 delta=-0.0000 limit=28.7612 within=true
bound metric=ttft_ms arm=a18_head_copy vs=a16_s2fix_3a933038 arm_median=1438.0000 reference_median=1438.0000 delta=0.0000 limit=28.7600 within=true
bound metric=peak_rss_bytes arm=a18_head_copy vs=a16_s2fix_3a933038 arm_median=3987505152 reference_median=3979624448 delta=7880704 limit=79592489 within=true
bound metric=peak_footprint_bytes arm=a18_head_copy vs=a16_s2fix_3a933038 arm_median=713862208 reference_median=729934976 delta=-16072768 limit=14598700 within=true
bound metric=peak_gpu_bytes arm=a18_head_copy vs=a16_s2fix_3a933038 arm_median=5608554496 reference_median=5608554496 delta=0 limit=112171090 within=true
bound metric=ms_per_token arm=a18_head_copy vs=a17_head_8ef12e94 arm_median=12.1170 reference_median=12.1330 delta=-0.0160 limit=0.2427 within=true
bound metric=prefill_ms arm=a18_head_copy vs=a17_head_8ef12e94 arm_median=1438.0620 reference_median=1439.0240 delta=-0.9620 limit=28.7805 within=true
bound metric=ttft_ms arm=a18_head_copy vs=a17_head_8ef12e94 arm_median=1438.0000 reference_median=1439.0000 delta=-1.0000 limit=28.7800 within=true
bound metric=peak_rss_bytes arm=a18_head_copy vs=a17_head_8ef12e94 arm_median=3987505152 reference_median=3972792320 delta=14712832 limit=79455846 within=true
bound metric=peak_footprint_bytes arm=a18_head_copy vs=a17_head_8ef12e94 arm_median=713862208 reference_median=721497344 delta=-7635136 limit=14429947 within=true
bound metric=peak_gpu_bytes arm=a18_head_copy vs=a17_head_8ef12e94 arm_median=5608554496 reference_median=5608554496 delta=0 limit=112171090 within=true
bound metric=ms_per_token arm=a18_head_copy vs=llama-server arm_median=12.1170 reference_median=9.1436 delta=2.9734 limit=0.1829 within=false
bound metric=prefill_ms arm=a18_head_copy vs=llama-server arm_median=1438.0620 reference_median=571.3525 delta=866.7095 limit=11.4270 within=false
bound metric=ttft_ms arm=a18_head_copy vs=llama-server arm_median=1438.0000 reference_median=573.9639 delta=864.0361 limit=11.4793 within=false
bound metric=peak_rss_bytes arm=a18_head_copy vs=llama-server arm_median=3987505152 reference_median=3743236096 delta=244269056 limit=74864722 within=false
bound metric=peak_footprint_bytes arm=a18_head_copy vs=llama-server arm_median=713862208 reference_median=213707200 delta=500155008 limit=4274144 within=false
bound metric=peak_gpu_bytes arm=a18_head_copy vs=llama-server n=0
ids arm=a00_0b_9f0647da run=0 len=128 llama_len=128 common_prefix=128 equal=true
ids arm=a00_0b_9f0647da run=1 len=128 llama_len=128 common_prefix=128 equal=true
ids arm=a00_0b_9f0647da run=2 len=128 llama_len=128 common_prefix=128 equal=true
ids arm=a00_0b_9f0647da run=3 len=128 llama_len=128 common_prefix=128 equal=true
ids arm=a00_0b_9f0647da run=4 len=128 llama_len=128 common_prefix=128 equal=true
ids arm=a00_0b_9f0647da run=5 len=128 llama_len=128 common_prefix=128 equal=true
ids arm=a00_0b_9f0647da run=6 len=128 llama_len=128 common_prefix=128 equal=true
ids arm=a00_0b_9f0647da run=7 len=128 llama_len=128 common_prefix=128 equal=true
ids arm=a00_0b_9f0647da run=8 len=128 llama_len=128 common_prefix=128 equal=true
ids arm=a00_0b_9f0647da run=9 len=128 llama_len=128 common_prefix=128 equal=true
ids arm=a00_0b_9f0647da run=10 len=128 llama_len=128 common_prefix=128 equal=true
ids arm=a00_0b_9f0647da run=11 len=128 llama_len=128 common_prefix=128 equal=true
ids arm=a00_0b_9f0647da run=12 len=128 llama_len=128 common_prefix=128 equal=true
ids arm=a00_0b_9f0647da run=13 len=128 llama_len=128 common_prefix=128 equal=true
ids arm=a00_0b_9f0647da run=14 len=128 llama_len=128 common_prefix=128 equal=true
ids arm=a00_0b_9f0647da run=15 len=128 llama_len=128 common_prefix=128 equal=true
ids arm=a00_0b_9f0647da run=16 len=128 llama_len=128 common_prefix=128 equal=true
ids arm=a00_0b_9f0647da run=17 len=128 llama_len=128 common_prefix=128 equal=true
ids arm=a00_0b_9f0647da run=18 len=128 llama_len=128 common_prefix=128 equal=true
ids arm=a00_0b_9f0647da run=19 len=128 llama_len=128 common_prefix=128 equal=true
ids arm=a00_0b_9f0647da run=20 len=128 llama_len=128 common_prefix=128 equal=true
ids arm=a00_0b_9f0647da run=21 len=128 llama_len=128 common_prefix=128 equal=true
ids arm=a00_0b_9f0647da run=22 len=128 llama_len=128 common_prefix=128 equal=true
ids arm=a00_0b_9f0647da run=23 len=128 llama_len=128 common_prefix=128 equal=true
ids arm=a01_0c_152467a9 run=0 len=128 llama_len=128 common_prefix=128 equal=true
ids arm=a01_0c_152467a9 run=1 len=128 llama_len=128 common_prefix=128 equal=true
ids arm=a01_0c_152467a9 run=2 len=128 llama_len=128 common_prefix=128 equal=true
ids arm=a01_0c_152467a9 run=3 len=128 llama_len=128 common_prefix=128 equal=true
ids arm=a01_0c_152467a9 run=4 len=128 llama_len=128 common_prefix=128 equal=true
ids arm=a01_0c_152467a9 run=5 len=128 llama_len=128 common_prefix=128 equal=true
ids arm=a01_0c_152467a9 run=6 len=128 llama_len=128 common_prefix=128 equal=true
ids arm=a01_0c_152467a9 run=7 len=128 llama_len=128 common_prefix=128 equal=true
ids arm=a01_0c_152467a9 run=8 len=128 llama_len=128 common_prefix=128 equal=true
ids arm=a01_0c_152467a9 run=9 len=128 llama_len=128 common_prefix=128 equal=true
ids arm=a01_0c_152467a9 run=10 len=128 llama_len=128 common_prefix=128 equal=true
ids arm=a01_0c_152467a9 run=11 len=128 llama_len=128 common_prefix=128 equal=true
ids arm=a01_0c_152467a9 run=12 len=128 llama_len=128 common_prefix=128 equal=true
ids arm=a01_0c_152467a9 run=13 len=128 llama_len=128 common_prefix=128 equal=true
ids arm=a01_0c_152467a9 run=14 len=128 llama_len=128 common_prefix=128 equal=true
ids arm=a01_0c_152467a9 run=15 len=128 llama_len=128 common_prefix=128 equal=true
ids arm=a01_0c_152467a9 run=16 len=128 llama_len=128 common_prefix=128 equal=true
ids arm=a01_0c_152467a9 run=17 len=128 llama_len=128 common_prefix=128 equal=true
ids arm=a01_0c_152467a9 run=18 len=128 llama_len=128 common_prefix=128 equal=true
ids arm=a01_0c_152467a9 run=19 len=128 llama_len=128 common_prefix=128 equal=true
ids arm=a01_0c_152467a9 run=20 len=128 llama_len=128 common_prefix=128 equal=true
ids arm=a01_0c_152467a9 run=21 len=128 llama_len=128 common_prefix=128 equal=true
ids arm=a01_0c_152467a9 run=22 len=128 llama_len=128 common_prefix=128 equal=true
ids arm=a01_0c_152467a9 run=23 len=128 llama_len=128 common_prefix=128 equal=true
ids arm=a02_slice5 run=0 len=128 llama_len=128 common_prefix=128 equal=true
ids arm=a02_slice5 run=1 len=128 llama_len=128 common_prefix=128 equal=true
ids arm=a02_slice5 run=2 len=128 llama_len=128 common_prefix=128 equal=true
ids arm=a02_slice5 run=3 len=128 llama_len=128 common_prefix=128 equal=true
ids arm=a02_slice5 run=4 len=128 llama_len=128 common_prefix=128 equal=true
ids arm=a02_slice5 run=5 len=128 llama_len=128 common_prefix=128 equal=true
ids arm=a02_slice5 run=6 len=128 llama_len=128 common_prefix=128 equal=true
ids arm=a02_slice5 run=7 len=128 llama_len=128 common_prefix=128 equal=true
ids arm=a02_slice5 run=8 len=128 llama_len=128 common_prefix=128 equal=true
ids arm=a02_slice5 run=9 len=128 llama_len=128 common_prefix=128 equal=true
ids arm=a02_slice5 run=10 len=128 llama_len=128 common_prefix=128 equal=true
ids arm=a02_slice5 run=11 len=128 llama_len=128 common_prefix=128 equal=true
ids arm=a02_slice5 run=12 len=128 llama_len=128 common_prefix=128 equal=true
ids arm=a02_slice5 run=13 len=128 llama_len=128 common_prefix=128 equal=true
ids arm=a02_slice5 run=14 len=128 llama_len=128 common_prefix=128 equal=true
ids arm=a02_slice5 run=15 len=128 llama_len=128 common_prefix=128 equal=true
ids arm=a02_slice5 run=16 len=128 llama_len=128 common_prefix=128 equal=true
ids arm=a02_slice5 run=17 len=128 llama_len=128 common_prefix=128 equal=true
ids arm=a02_slice5 run=18 len=128 llama_len=128 common_prefix=128 equal=true
ids arm=a02_slice5 run=19 len=128 llama_len=128 common_prefix=128 equal=true
ids arm=a02_slice5 run=20 len=128 llama_len=128 common_prefix=128 equal=true
ids arm=a02_slice5 run=21 len=128 llama_len=128 common_prefix=128 equal=true
ids arm=a02_slice5 run=22 len=128 llama_len=128 common_prefix=128 equal=true
ids arm=a02_slice5 run=23 len=128 llama_len=128 common_prefix=128 equal=true
ids arm=a03_slice6 run=0 len=128 llama_len=128 common_prefix=128 equal=true
ids arm=a03_slice6 run=1 len=128 llama_len=128 common_prefix=128 equal=true
ids arm=a03_slice6 run=2 len=128 llama_len=128 common_prefix=128 equal=true
ids arm=a03_slice6 run=3 len=128 llama_len=128 common_prefix=128 equal=true
ids arm=a03_slice6 run=4 len=128 llama_len=128 common_prefix=128 equal=true
ids arm=a03_slice6 run=5 len=128 llama_len=128 common_prefix=128 equal=true
ids arm=a03_slice6 run=6 len=128 llama_len=128 common_prefix=128 equal=true
ids arm=a03_slice6 run=7 len=128 llama_len=128 common_prefix=128 equal=true
ids arm=a03_slice6 run=8 len=128 llama_len=128 common_prefix=128 equal=true
ids arm=a03_slice6 run=9 len=128 llama_len=128 common_prefix=128 equal=true
ids arm=a03_slice6 run=10 len=128 llama_len=128 common_prefix=128 equal=true
ids arm=a03_slice6 run=11 len=128 llama_len=128 common_prefix=128 equal=true
ids arm=a03_slice6 run=12 len=128 llama_len=128 common_prefix=128 equal=true
ids arm=a03_slice6 run=13 len=128 llama_len=128 common_prefix=128 equal=true
ids arm=a03_slice6 run=14 len=128 llama_len=128 common_prefix=128 equal=true
ids arm=a03_slice6 run=15 len=128 llama_len=128 common_prefix=128 equal=true
ids arm=a03_slice6 run=16 len=128 llama_len=128 common_prefix=128 equal=true
ids arm=a03_slice6 run=17 len=128 llama_len=128 common_prefix=128 equal=true
ids arm=a03_slice6 run=18 len=128 llama_len=128 common_prefix=128 equal=true
ids arm=a03_slice6 run=19 len=128 llama_len=128 common_prefix=128 equal=true
ids arm=a03_slice6 run=20 len=128 llama_len=128 common_prefix=128 equal=true
ids arm=a03_slice6 run=21 len=128 llama_len=128 common_prefix=128 equal=true
ids arm=a03_slice6 run=22 len=128 llama_len=128 common_prefix=128 equal=true
ids arm=a03_slice6 run=23 len=128 llama_len=128 common_prefix=128 equal=true
ids arm=a04_slice7 run=0 len=128 llama_len=128 common_prefix=128 equal=true
ids arm=a04_slice7 run=1 len=128 llama_len=128 common_prefix=128 equal=true
ids arm=a04_slice7 run=2 len=128 llama_len=128 common_prefix=128 equal=true
ids arm=a04_slice7 run=3 len=128 llama_len=128 common_prefix=128 equal=true
ids arm=a04_slice7 run=4 len=128 llama_len=128 common_prefix=128 equal=true
ids arm=a04_slice7 run=5 len=128 llama_len=128 common_prefix=128 equal=true
ids arm=a04_slice7 run=6 len=128 llama_len=128 common_prefix=128 equal=true
ids arm=a04_slice7 run=7 len=128 llama_len=128 common_prefix=128 equal=true
ids arm=a04_slice7 run=8 len=128 llama_len=128 common_prefix=128 equal=true
ids arm=a04_slice7 run=9 len=128 llama_len=128 common_prefix=128 equal=true
ids arm=a04_slice7 run=10 len=128 llama_len=128 common_prefix=128 equal=true
ids arm=a04_slice7 run=11 len=128 llama_len=128 common_prefix=128 equal=true
ids arm=a04_slice7 run=12 len=128 llama_len=128 common_prefix=128 equal=true
ids arm=a04_slice7 run=13 len=128 llama_len=128 common_prefix=128 equal=true
ids arm=a04_slice7 run=14 len=128 llama_len=128 common_prefix=128 equal=true
ids arm=a04_slice7 run=15 len=128 llama_len=128 common_prefix=128 equal=true
ids arm=a04_slice7 run=16 len=128 llama_len=128 common_prefix=128 equal=true
ids arm=a04_slice7 run=17 len=128 llama_len=128 common_prefix=128 equal=true
ids arm=a04_slice7 run=18 len=128 llama_len=128 common_prefix=128 equal=true
ids arm=a04_slice7 run=19 len=128 llama_len=128 common_prefix=128 equal=true
ids arm=a04_slice7 run=20 len=128 llama_len=128 common_prefix=128 equal=true
ids arm=a04_slice7 run=21 len=128 llama_len=128 common_prefix=128 equal=true
ids arm=a04_slice7 run=22 len=128 llama_len=128 common_prefix=128 equal=true
ids arm=a04_slice7 run=23 len=128 llama_len=128 common_prefix=128 equal=true
ids arm=a05_slice8 run=0 len=128 llama_len=128 common_prefix=128 equal=true
ids arm=a05_slice8 run=1 len=128 llama_len=128 common_prefix=128 equal=true
ids arm=a05_slice8 run=2 len=128 llama_len=128 common_prefix=128 equal=true
ids arm=a05_slice8 run=3 len=128 llama_len=128 common_prefix=128 equal=true
ids arm=a05_slice8 run=4 len=128 llama_len=128 common_prefix=128 equal=true
ids arm=a05_slice8 run=5 len=128 llama_len=128 common_prefix=128 equal=true
ids arm=a05_slice8 run=6 len=128 llama_len=128 common_prefix=128 equal=true
ids arm=a05_slice8 run=7 len=128 llama_len=128 common_prefix=128 equal=true
ids arm=a05_slice8 run=8 len=128 llama_len=128 common_prefix=128 equal=true
ids arm=a05_slice8 run=9 len=128 llama_len=128 common_prefix=128 equal=true
ids arm=a05_slice8 run=10 len=128 llama_len=128 common_prefix=128 equal=true
ids arm=a05_slice8 run=11 len=128 llama_len=128 common_prefix=128 equal=true
ids arm=a05_slice8 run=12 len=128 llama_len=128 common_prefix=128 equal=true
ids arm=a05_slice8 run=13 len=128 llama_len=128 common_prefix=128 equal=true
ids arm=a05_slice8 run=14 len=128 llama_len=128 common_prefix=128 equal=true
ids arm=a05_slice8 run=15 len=128 llama_len=128 common_prefix=128 equal=true
ids arm=a05_slice8 run=16 len=128 llama_len=128 common_prefix=128 equal=true
ids arm=a05_slice8 run=17 len=128 llama_len=128 common_prefix=128 equal=true
ids arm=a05_slice8 run=18 len=128 llama_len=128 common_prefix=128 equal=true
ids arm=a05_slice8 run=19 len=128 llama_len=128 common_prefix=128 equal=true
ids arm=a05_slice8 run=20 len=128 llama_len=128 common_prefix=128 equal=true
ids arm=a05_slice8 run=21 len=128 llama_len=128 common_prefix=128 equal=true
ids arm=a05_slice8 run=22 len=128 llama_len=128 common_prefix=128 equal=true
ids arm=a05_slice8 run=23 len=128 llama_len=128 common_prefix=128 equal=true
ids arm=a06_slice9 run=0 len=128 llama_len=128 common_prefix=128 equal=true
ids arm=a06_slice9 run=1 len=128 llama_len=128 common_prefix=128 equal=true
ids arm=a06_slice9 run=2 len=128 llama_len=128 common_prefix=128 equal=true
ids arm=a06_slice9 run=3 len=128 llama_len=128 common_prefix=128 equal=true
ids arm=a06_slice9 run=4 len=128 llama_len=128 common_prefix=128 equal=true
ids arm=a06_slice9 run=5 len=128 llama_len=128 common_prefix=128 equal=true
ids arm=a06_slice9 run=6 len=128 llama_len=128 common_prefix=128 equal=true
ids arm=a06_slice9 run=7 len=128 llama_len=128 common_prefix=128 equal=true
ids arm=a06_slice9 run=8 len=128 llama_len=128 common_prefix=128 equal=true
ids arm=a06_slice9 run=9 len=128 llama_len=128 common_prefix=128 equal=true
ids arm=a06_slice9 run=10 len=128 llama_len=128 common_prefix=128 equal=true
ids arm=a06_slice9 run=11 len=128 llama_len=128 common_prefix=128 equal=true
ids arm=a06_slice9 run=12 len=128 llama_len=128 common_prefix=128 equal=true
ids arm=a06_slice9 run=13 len=128 llama_len=128 common_prefix=128 equal=true
ids arm=a06_slice9 run=14 len=128 llama_len=128 common_prefix=128 equal=true
ids arm=a06_slice9 run=15 len=128 llama_len=128 common_prefix=128 equal=true
ids arm=a06_slice9 run=16 len=128 llama_len=128 common_prefix=128 equal=true
ids arm=a06_slice9 run=17 len=128 llama_len=128 common_prefix=128 equal=true
ids arm=a06_slice9 run=18 len=128 llama_len=128 common_prefix=128 equal=true
ids arm=a06_slice9 run=19 len=128 llama_len=128 common_prefix=128 equal=true
ids arm=a06_slice9 run=20 len=128 llama_len=128 common_prefix=128 equal=true
ids arm=a06_slice9 run=21 len=128 llama_len=128 common_prefix=128 equal=true
ids arm=a06_slice9 run=22 len=128 llama_len=128 common_prefix=128 equal=true
ids arm=a06_slice9 run=23 len=128 llama_len=128 common_prefix=128 equal=true
ids arm=a07_slice10b run=0 len=128 llama_len=128 common_prefix=128 equal=true
ids arm=a07_slice10b run=1 len=128 llama_len=128 common_prefix=128 equal=true
ids arm=a07_slice10b run=2 len=128 llama_len=128 common_prefix=128 equal=true
ids arm=a07_slice10b run=3 len=128 llama_len=128 common_prefix=128 equal=true
ids arm=a07_slice10b run=4 len=128 llama_len=128 common_prefix=128 equal=true
ids arm=a07_slice10b run=5 len=128 llama_len=128 common_prefix=128 equal=true
ids arm=a07_slice10b run=6 len=128 llama_len=128 common_prefix=128 equal=true
ids arm=a07_slice10b run=7 len=128 llama_len=128 common_prefix=128 equal=true
ids arm=a07_slice10b run=8 len=128 llama_len=128 common_prefix=128 equal=true
ids arm=a07_slice10b run=9 len=128 llama_len=128 common_prefix=128 equal=true
ids arm=a07_slice10b run=10 len=128 llama_len=128 common_prefix=128 equal=true
ids arm=a07_slice10b run=11 len=128 llama_len=128 common_prefix=128 equal=true
ids arm=a07_slice10b run=12 len=128 llama_len=128 common_prefix=128 equal=true
ids arm=a07_slice10b run=13 len=128 llama_len=128 common_prefix=128 equal=true
ids arm=a07_slice10b run=14 len=128 llama_len=128 common_prefix=128 equal=true
ids arm=a07_slice10b run=15 len=128 llama_len=128 common_prefix=128 equal=true
ids arm=a07_slice10b run=16 len=128 llama_len=128 common_prefix=128 equal=true
ids arm=a07_slice10b run=17 len=128 llama_len=128 common_prefix=128 equal=true
ids arm=a07_slice10b run=18 len=128 llama_len=128 common_prefix=128 equal=true
ids arm=a07_slice10b run=19 len=128 llama_len=128 common_prefix=128 equal=true
ids arm=a07_slice10b run=20 len=128 llama_len=128 common_prefix=128 equal=true
ids arm=a07_slice10b run=21 len=128 llama_len=128 common_prefix=128 equal=true
ids arm=a07_slice10b run=22 len=128 llama_len=128 common_prefix=128 equal=true
ids arm=a07_slice10b run=23 len=128 llama_len=128 common_prefix=128 equal=true
ids arm=a08_slice10b_fix run=0 len=128 llama_len=128 common_prefix=128 equal=true
ids arm=a08_slice10b_fix run=1 len=128 llama_len=128 common_prefix=128 equal=true
ids arm=a08_slice10b_fix run=2 len=128 llama_len=128 common_prefix=128 equal=true
ids arm=a08_slice10b_fix run=3 len=128 llama_len=128 common_prefix=128 equal=true
ids arm=a08_slice10b_fix run=4 len=128 llama_len=128 common_prefix=128 equal=true
ids arm=a08_slice10b_fix run=5 len=128 llama_len=128 common_prefix=128 equal=true
ids arm=a08_slice10b_fix run=6 len=128 llama_len=128 common_prefix=128 equal=true
ids arm=a08_slice10b_fix run=7 len=128 llama_len=128 common_prefix=128 equal=true
ids arm=a08_slice10b_fix run=8 len=128 llama_len=128 common_prefix=128 equal=true
ids arm=a08_slice10b_fix run=9 len=128 llama_len=128 common_prefix=128 equal=true
ids arm=a08_slice10b_fix run=10 len=128 llama_len=128 common_prefix=128 equal=true
ids arm=a08_slice10b_fix run=11 len=128 llama_len=128 common_prefix=128 equal=true
ids arm=a08_slice10b_fix run=12 len=128 llama_len=128 common_prefix=128 equal=true
ids arm=a08_slice10b_fix run=13 len=128 llama_len=128 common_prefix=128 equal=true
ids arm=a08_slice10b_fix run=14 len=128 llama_len=128 common_prefix=128 equal=true
ids arm=a08_slice10b_fix run=15 len=128 llama_len=128 common_prefix=128 equal=true
ids arm=a08_slice10b_fix run=16 len=128 llama_len=128 common_prefix=128 equal=true
ids arm=a08_slice10b_fix run=17 len=128 llama_len=128 common_prefix=128 equal=true
ids arm=a08_slice10b_fix run=18 len=128 llama_len=128 common_prefix=128 equal=true
ids arm=a08_slice10b_fix run=19 len=128 llama_len=128 common_prefix=128 equal=true
ids arm=a08_slice10b_fix run=20 len=128 llama_len=128 common_prefix=128 equal=true
ids arm=a08_slice10b_fix run=21 len=128 llama_len=128 common_prefix=128 equal=true
ids arm=a08_slice10b_fix run=22 len=128 llama_len=128 common_prefix=128 equal=true
ids arm=a08_slice10b_fix run=23 len=128 llama_len=128 common_prefix=128 equal=true
ids arm=a09_slice10c run=0 len=128 llama_len=128 common_prefix=128 equal=true
ids arm=a09_slice10c run=1 len=128 llama_len=128 common_prefix=128 equal=true
ids arm=a09_slice10c run=2 len=128 llama_len=128 common_prefix=128 equal=true
ids arm=a09_slice10c run=3 len=128 llama_len=128 common_prefix=128 equal=true
ids arm=a09_slice10c run=4 len=128 llama_len=128 common_prefix=128 equal=true
ids arm=a09_slice10c run=5 len=128 llama_len=128 common_prefix=128 equal=true
ids arm=a09_slice10c run=6 len=128 llama_len=128 common_prefix=128 equal=true
ids arm=a09_slice10c run=7 len=128 llama_len=128 common_prefix=128 equal=true
ids arm=a09_slice10c run=8 len=128 llama_len=128 common_prefix=128 equal=true
ids arm=a09_slice10c run=9 len=128 llama_len=128 common_prefix=128 equal=true
ids arm=a09_slice10c run=10 len=128 llama_len=128 common_prefix=128 equal=true
ids arm=a09_slice10c run=11 len=128 llama_len=128 common_prefix=128 equal=true
ids arm=a09_slice10c run=12 len=128 llama_len=128 common_prefix=128 equal=true
ids arm=a09_slice10c run=13 len=128 llama_len=128 common_prefix=128 equal=true
ids arm=a09_slice10c run=14 len=128 llama_len=128 common_prefix=128 equal=true
ids arm=a09_slice10c run=15 len=128 llama_len=128 common_prefix=128 equal=true
ids arm=a09_slice10c run=16 len=128 llama_len=128 common_prefix=128 equal=true
ids arm=a09_slice10c run=17 len=128 llama_len=128 common_prefix=128 equal=true
ids arm=a09_slice10c run=18 len=128 llama_len=128 common_prefix=128 equal=true
ids arm=a09_slice10c run=19 len=128 llama_len=128 common_prefix=128 equal=true
ids arm=a09_slice10c run=20 len=128 llama_len=128 common_prefix=128 equal=true
ids arm=a09_slice10c run=21 len=128 llama_len=128 common_prefix=128 equal=true
ids arm=a09_slice10c run=22 len=128 llama_len=128 common_prefix=128 equal=true
ids arm=a09_slice10c run=23 len=128 llama_len=128 common_prefix=128 equal=true
ids arm=a10_slice11 run=0 len=128 llama_len=128 common_prefix=128 equal=true
ids arm=a10_slice11 run=1 len=128 llama_len=128 common_prefix=128 equal=true
ids arm=a10_slice11 run=2 len=128 llama_len=128 common_prefix=128 equal=true
ids arm=a10_slice11 run=3 len=128 llama_len=128 common_prefix=128 equal=true
ids arm=a10_slice11 run=4 len=128 llama_len=128 common_prefix=128 equal=true
ids arm=a10_slice11 run=5 len=128 llama_len=128 common_prefix=128 equal=true
ids arm=a10_slice11 run=6 len=128 llama_len=128 common_prefix=128 equal=true
ids arm=a10_slice11 run=7 len=128 llama_len=128 common_prefix=128 equal=true
ids arm=a10_slice11 run=8 len=128 llama_len=128 common_prefix=128 equal=true
ids arm=a10_slice11 run=9 len=128 llama_len=128 common_prefix=128 equal=true
ids arm=a10_slice11 run=10 len=128 llama_len=128 common_prefix=128 equal=true
ids arm=a10_slice11 run=11 len=128 llama_len=128 common_prefix=128 equal=true
ids arm=a10_slice11 run=12 len=128 llama_len=128 common_prefix=128 equal=true
ids arm=a10_slice11 run=13 len=128 llama_len=128 common_prefix=128 equal=true
ids arm=a10_slice11 run=14 len=128 llama_len=128 common_prefix=128 equal=true
ids arm=a10_slice11 run=15 len=128 llama_len=128 common_prefix=128 equal=true
ids arm=a10_slice11 run=16 len=128 llama_len=128 common_prefix=128 equal=true
ids arm=a10_slice11 run=17 len=128 llama_len=128 common_prefix=128 equal=true
ids arm=a10_slice11 run=18 len=128 llama_len=128 common_prefix=128 equal=true
ids arm=a10_slice11 run=19 len=128 llama_len=128 common_prefix=128 equal=true
ids arm=a10_slice11 run=20 len=128 llama_len=128 common_prefix=128 equal=true
ids arm=a10_slice11 run=21 len=128 llama_len=128 common_prefix=128 equal=true
ids arm=a10_slice11 run=22 len=128 llama_len=128 common_prefix=128 equal=true
ids arm=a10_slice11 run=23 len=128 llama_len=128 common_prefix=128 equal=true
ids arm=a11_slice12 run=0 len=128 llama_len=128 common_prefix=128 equal=true
ids arm=a11_slice12 run=1 len=128 llama_len=128 common_prefix=128 equal=true
ids arm=a11_slice12 run=2 len=128 llama_len=128 common_prefix=128 equal=true
ids arm=a11_slice12 run=3 len=128 llama_len=128 common_prefix=128 equal=true
ids arm=a11_slice12 run=4 len=128 llama_len=128 common_prefix=128 equal=true
ids arm=a11_slice12 run=5 len=128 llama_len=128 common_prefix=128 equal=true
ids arm=a11_slice12 run=6 len=128 llama_len=128 common_prefix=128 equal=true
ids arm=a11_slice12 run=7 len=128 llama_len=128 common_prefix=128 equal=true
ids arm=a11_slice12 run=8 len=128 llama_len=128 common_prefix=128 equal=true
ids arm=a11_slice12 run=9 len=128 llama_len=128 common_prefix=128 equal=true
ids arm=a11_slice12 run=10 len=128 llama_len=128 common_prefix=128 equal=true
ids arm=a11_slice12 run=11 len=128 llama_len=128 common_prefix=128 equal=true
ids arm=a11_slice12 run=12 len=128 llama_len=128 common_prefix=128 equal=true
ids arm=a11_slice12 run=13 len=128 llama_len=128 common_prefix=128 equal=true
ids arm=a11_slice12 run=14 len=128 llama_len=128 common_prefix=128 equal=true
ids arm=a11_slice12 run=15 len=128 llama_len=128 common_prefix=128 equal=true
ids arm=a11_slice12 run=16 len=128 llama_len=128 common_prefix=128 equal=true
ids arm=a11_slice12 run=17 len=128 llama_len=128 common_prefix=128 equal=true
ids arm=a11_slice12 run=18 len=128 llama_len=128 common_prefix=128 equal=true
ids arm=a11_slice12 run=19 len=128 llama_len=128 common_prefix=128 equal=true
ids arm=a11_slice12 run=20 len=128 llama_len=128 common_prefix=128 equal=true
ids arm=a11_slice12 run=21 len=128 llama_len=128 common_prefix=128 equal=true
ids arm=a11_slice12 run=22 len=128 llama_len=128 common_prefix=128 equal=true
ids arm=a11_slice12 run=23 len=128 llama_len=128 common_prefix=128 equal=true
ids arm=a12_eor run=0 len=128 llama_len=128 common_prefix=128 equal=true
ids arm=a12_eor run=1 len=128 llama_len=128 common_prefix=128 equal=true
ids arm=a12_eor run=2 len=128 llama_len=128 common_prefix=128 equal=true
ids arm=a12_eor run=3 len=128 llama_len=128 common_prefix=128 equal=true
ids arm=a12_eor run=4 len=128 llama_len=128 common_prefix=128 equal=true
ids arm=a12_eor run=5 len=128 llama_len=128 common_prefix=128 equal=true
ids arm=a12_eor run=6 len=128 llama_len=128 common_prefix=128 equal=true
ids arm=a12_eor run=7 len=128 llama_len=128 common_prefix=128 equal=true
ids arm=a12_eor run=8 len=128 llama_len=128 common_prefix=128 equal=true
ids arm=a12_eor run=9 len=128 llama_len=128 common_prefix=128 equal=true
ids arm=a12_eor run=10 len=128 llama_len=128 common_prefix=128 equal=true
ids arm=a12_eor run=11 len=128 llama_len=128 common_prefix=128 equal=true
ids arm=a12_eor run=12 len=128 llama_len=128 common_prefix=128 equal=true
ids arm=a12_eor run=13 len=128 llama_len=128 common_prefix=128 equal=true
ids arm=a12_eor run=14 len=128 llama_len=128 common_prefix=128 equal=true
ids arm=a12_eor run=15 len=128 llama_len=128 common_prefix=128 equal=true
ids arm=a12_eor run=16 len=128 llama_len=128 common_prefix=128 equal=true
ids arm=a12_eor run=17 len=128 llama_len=128 common_prefix=128 equal=true
ids arm=a12_eor run=18 len=128 llama_len=128 common_prefix=128 equal=true
ids arm=a12_eor run=19 len=128 llama_len=128 common_prefix=128 equal=true
ids arm=a12_eor run=20 len=128 llama_len=128 common_prefix=128 equal=true
ids arm=a12_eor run=21 len=128 llama_len=128 common_prefix=128 equal=true
ids arm=a12_eor run=22 len=128 llama_len=128 common_prefix=128 equal=true
ids arm=a12_eor run=23 len=128 llama_len=128 common_prefix=128 equal=true
ids arm=a13_f76b4a97 run=0 len=128 llama_len=128 common_prefix=128 equal=true
ids arm=a13_f76b4a97 run=1 len=128 llama_len=128 common_prefix=128 equal=true
ids arm=a13_f76b4a97 run=2 len=128 llama_len=128 common_prefix=128 equal=true
ids arm=a13_f76b4a97 run=3 len=128 llama_len=128 common_prefix=128 equal=true
ids arm=a13_f76b4a97 run=4 len=128 llama_len=128 common_prefix=128 equal=true
ids arm=a13_f76b4a97 run=5 len=128 llama_len=128 common_prefix=128 equal=true
ids arm=a13_f76b4a97 run=6 len=128 llama_len=128 common_prefix=128 equal=true
ids arm=a13_f76b4a97 run=7 len=128 llama_len=128 common_prefix=128 equal=true
ids arm=a13_f76b4a97 run=8 len=128 llama_len=128 common_prefix=128 equal=true
ids arm=a13_f76b4a97 run=9 len=128 llama_len=128 common_prefix=128 equal=true
ids arm=a13_f76b4a97 run=10 len=128 llama_len=128 common_prefix=128 equal=true
ids arm=a13_f76b4a97 run=11 len=128 llama_len=128 common_prefix=128 equal=true
ids arm=a13_f76b4a97 run=12 len=128 llama_len=128 common_prefix=128 equal=true
ids arm=a13_f76b4a97 run=13 len=128 llama_len=128 common_prefix=128 equal=true
ids arm=a13_f76b4a97 run=14 len=128 llama_len=128 common_prefix=128 equal=true
ids arm=a13_f76b4a97 run=15 len=128 llama_len=128 common_prefix=128 equal=true
ids arm=a13_f76b4a97 run=16 len=128 llama_len=128 common_prefix=128 equal=true
ids arm=a13_f76b4a97 run=17 len=128 llama_len=128 common_prefix=128 equal=true
ids arm=a13_f76b4a97 run=18 len=128 llama_len=128 common_prefix=128 equal=true
ids arm=a13_f76b4a97 run=19 len=128 llama_len=128 common_prefix=128 equal=true
ids arm=a13_f76b4a97 run=20 len=128 llama_len=128 common_prefix=128 equal=true
ids arm=a13_f76b4a97 run=21 len=128 llama_len=128 common_prefix=128 equal=true
ids arm=a13_f76b4a97 run=22 len=128 llama_len=128 common_prefix=128 equal=true
ids arm=a13_f76b4a97 run=23 len=128 llama_len=128 common_prefix=128 equal=true
ids arm=a14_tip_s1 run=0 len=128 llama_len=128 common_prefix=128 equal=true
ids arm=a14_tip_s1 run=1 len=128 llama_len=128 common_prefix=128 equal=true
ids arm=a14_tip_s1 run=2 len=128 llama_len=128 common_prefix=128 equal=true
ids arm=a14_tip_s1 run=3 len=128 llama_len=128 common_prefix=128 equal=true
ids arm=a14_tip_s1 run=4 len=128 llama_len=128 common_prefix=128 equal=true
ids arm=a14_tip_s1 run=5 len=128 llama_len=128 common_prefix=128 equal=true
ids arm=a14_tip_s1 run=6 len=128 llama_len=128 common_prefix=128 equal=true
ids arm=a14_tip_s1 run=7 len=128 llama_len=128 common_prefix=128 equal=true
ids arm=a14_tip_s1 run=8 len=128 llama_len=128 common_prefix=128 equal=true
ids arm=a14_tip_s1 run=9 len=128 llama_len=128 common_prefix=128 equal=true
ids arm=a14_tip_s1 run=10 len=128 llama_len=128 common_prefix=128 equal=true
ids arm=a14_tip_s1 run=11 len=128 llama_len=128 common_prefix=128 equal=true
ids arm=a14_tip_s1 run=12 len=128 llama_len=128 common_prefix=128 equal=true
ids arm=a14_tip_s1 run=13 len=128 llama_len=128 common_prefix=128 equal=true
ids arm=a14_tip_s1 run=14 len=128 llama_len=128 common_prefix=128 equal=true
ids arm=a14_tip_s1 run=15 len=128 llama_len=128 common_prefix=128 equal=true
ids arm=a14_tip_s1 run=16 len=128 llama_len=128 common_prefix=128 equal=true
ids arm=a14_tip_s1 run=17 len=128 llama_len=128 common_prefix=128 equal=true
ids arm=a14_tip_s1 run=18 len=128 llama_len=128 common_prefix=128 equal=true
ids arm=a14_tip_s1 run=19 len=128 llama_len=128 common_prefix=128 equal=true
ids arm=a14_tip_s1 run=20 len=128 llama_len=128 common_prefix=128 equal=true
ids arm=a14_tip_s1 run=21 len=128 llama_len=128 common_prefix=128 equal=true
ids arm=a14_tip_s1 run=22 len=128 llama_len=128 common_prefix=128 equal=true
ids arm=a14_tip_s1 run=23 len=128 llama_len=128 common_prefix=128 equal=true
ids arm=a15_s2_mml run=0 len=128 llama_len=128 common_prefix=128 equal=true
ids arm=a15_s2_mml run=1 len=128 llama_len=128 common_prefix=128 equal=true
ids arm=a15_s2_mml run=2 len=128 llama_len=128 common_prefix=128 equal=true
ids arm=a15_s2_mml run=3 len=128 llama_len=128 common_prefix=128 equal=true
ids arm=a15_s2_mml run=4 len=128 llama_len=128 common_prefix=128 equal=true
ids arm=a15_s2_mml run=5 len=128 llama_len=128 common_prefix=128 equal=true
ids arm=a15_s2_mml run=6 len=128 llama_len=128 common_prefix=128 equal=true
ids arm=a15_s2_mml run=7 len=128 llama_len=128 common_prefix=128 equal=true
ids arm=a15_s2_mml run=8 len=128 llama_len=128 common_prefix=128 equal=true
ids arm=a15_s2_mml run=9 len=128 llama_len=128 common_prefix=128 equal=true
ids arm=a15_s2_mml run=10 len=128 llama_len=128 common_prefix=128 equal=true
ids arm=a15_s2_mml run=11 len=128 llama_len=128 common_prefix=128 equal=true
ids arm=a15_s2_mml run=12 len=128 llama_len=128 common_prefix=128 equal=true
ids arm=a15_s2_mml run=13 len=128 llama_len=128 common_prefix=128 equal=true
ids arm=a15_s2_mml run=14 len=128 llama_len=128 common_prefix=128 equal=true
ids arm=a15_s2_mml run=15 len=128 llama_len=128 common_prefix=128 equal=true
ids arm=a15_s2_mml run=16 len=128 llama_len=128 common_prefix=128 equal=true
ids arm=a15_s2_mml run=17 len=128 llama_len=128 common_prefix=128 equal=true
ids arm=a15_s2_mml run=18 len=128 llama_len=128 common_prefix=128 equal=true
ids arm=a15_s2_mml run=19 len=128 llama_len=128 common_prefix=128 equal=true
ids arm=a15_s2_mml run=20 len=128 llama_len=128 common_prefix=128 equal=true
ids arm=a15_s2_mml run=21 len=128 llama_len=128 common_prefix=128 equal=true
ids arm=a15_s2_mml run=22 len=128 llama_len=128 common_prefix=128 equal=true
ids arm=a15_s2_mml run=23 len=128 llama_len=128 common_prefix=128 equal=true
ids arm=a16_s2fix_3a933038 run=0 len=128 llama_len=128 common_prefix=128 equal=true
ids arm=a16_s2fix_3a933038 run=1 len=128 llama_len=128 common_prefix=128 equal=true
ids arm=a16_s2fix_3a933038 run=2 len=128 llama_len=128 common_prefix=128 equal=true
ids arm=a16_s2fix_3a933038 run=3 len=128 llama_len=128 common_prefix=128 equal=true
ids arm=a16_s2fix_3a933038 run=4 len=128 llama_len=128 common_prefix=128 equal=true
ids arm=a16_s2fix_3a933038 run=5 len=128 llama_len=128 common_prefix=128 equal=true
ids arm=a16_s2fix_3a933038 run=6 len=128 llama_len=128 common_prefix=128 equal=true
ids arm=a16_s2fix_3a933038 run=7 len=128 llama_len=128 common_prefix=128 equal=true
ids arm=a16_s2fix_3a933038 run=8 len=128 llama_len=128 common_prefix=128 equal=true
ids arm=a16_s2fix_3a933038 run=9 len=128 llama_len=128 common_prefix=128 equal=true
ids arm=a16_s2fix_3a933038 run=10 len=128 llama_len=128 common_prefix=128 equal=true
ids arm=a16_s2fix_3a933038 run=11 len=128 llama_len=128 common_prefix=128 equal=true
ids arm=a16_s2fix_3a933038 run=12 len=128 llama_len=128 common_prefix=128 equal=true
ids arm=a16_s2fix_3a933038 run=13 len=128 llama_len=128 common_prefix=128 equal=true
ids arm=a16_s2fix_3a933038 run=14 len=128 llama_len=128 common_prefix=128 equal=true
ids arm=a16_s2fix_3a933038 run=15 len=128 llama_len=128 common_prefix=128 equal=true
ids arm=a16_s2fix_3a933038 run=16 len=128 llama_len=128 common_prefix=128 equal=true
ids arm=a16_s2fix_3a933038 run=17 len=128 llama_len=128 common_prefix=128 equal=true
ids arm=a16_s2fix_3a933038 run=18 len=128 llama_len=128 common_prefix=128 equal=true
ids arm=a16_s2fix_3a933038 run=19 len=128 llama_len=128 common_prefix=128 equal=true
ids arm=a16_s2fix_3a933038 run=20 len=128 llama_len=128 common_prefix=128 equal=true
ids arm=a16_s2fix_3a933038 run=21 len=128 llama_len=128 common_prefix=128 equal=true
ids arm=a16_s2fix_3a933038 run=22 len=128 llama_len=128 common_prefix=128 equal=true
ids arm=a16_s2fix_3a933038 run=23 len=128 llama_len=128 common_prefix=128 equal=true
ids arm=a17_head_8ef12e94 run=0 len=128 llama_len=128 common_prefix=128 equal=true
ids arm=a17_head_8ef12e94 run=1 len=128 llama_len=128 common_prefix=128 equal=true
ids arm=a17_head_8ef12e94 run=2 len=128 llama_len=128 common_prefix=128 equal=true
ids arm=a17_head_8ef12e94 run=3 len=128 llama_len=128 common_prefix=128 equal=true
ids arm=a17_head_8ef12e94 run=4 len=128 llama_len=128 common_prefix=128 equal=true
ids arm=a17_head_8ef12e94 run=5 len=128 llama_len=128 common_prefix=128 equal=true
ids arm=a17_head_8ef12e94 run=6 len=128 llama_len=128 common_prefix=128 equal=true
ids arm=a17_head_8ef12e94 run=7 len=128 llama_len=128 common_prefix=128 equal=true
ids arm=a17_head_8ef12e94 run=8 len=128 llama_len=128 common_prefix=128 equal=true
ids arm=a17_head_8ef12e94 run=9 len=128 llama_len=128 common_prefix=128 equal=true
ids arm=a17_head_8ef12e94 run=10 len=128 llama_len=128 common_prefix=128 equal=true
ids arm=a17_head_8ef12e94 run=11 len=128 llama_len=128 common_prefix=128 equal=true
ids arm=a17_head_8ef12e94 run=12 len=128 llama_len=128 common_prefix=128 equal=true
ids arm=a17_head_8ef12e94 run=13 len=128 llama_len=128 common_prefix=128 equal=true
ids arm=a17_head_8ef12e94 run=14 len=128 llama_len=128 common_prefix=128 equal=true
ids arm=a17_head_8ef12e94 run=15 len=128 llama_len=128 common_prefix=128 equal=true
ids arm=a17_head_8ef12e94 run=16 len=128 llama_len=128 common_prefix=128 equal=true
ids arm=a17_head_8ef12e94 run=17 len=128 llama_len=128 common_prefix=128 equal=true
ids arm=a17_head_8ef12e94 run=18 len=128 llama_len=128 common_prefix=128 equal=true
ids arm=a17_head_8ef12e94 run=19 len=128 llama_len=128 common_prefix=128 equal=true
ids arm=a17_head_8ef12e94 run=20 len=128 llama_len=128 common_prefix=128 equal=true
ids arm=a17_head_8ef12e94 run=21 len=128 llama_len=128 common_prefix=128 equal=true
ids arm=a17_head_8ef12e94 run=22 len=128 llama_len=128 common_prefix=128 equal=true
ids arm=a17_head_8ef12e94 run=23 len=128 llama_len=128 common_prefix=128 equal=true
ids arm=a18_head_copy run=0 len=128 llama_len=128 common_prefix=128 equal=true
ids arm=a18_head_copy run=1 len=128 llama_len=128 common_prefix=128 equal=true
ids arm=a18_head_copy run=2 len=128 llama_len=128 common_prefix=128 equal=true
ids arm=a18_head_copy run=3 len=128 llama_len=128 common_prefix=128 equal=true
ids arm=a18_head_copy run=4 len=128 llama_len=128 common_prefix=128 equal=true
ids arm=a18_head_copy run=5 len=128 llama_len=128 common_prefix=128 equal=true
ids arm=a18_head_copy run=6 len=128 llama_len=128 common_prefix=128 equal=true
ids arm=a18_head_copy run=7 len=128 llama_len=128 common_prefix=128 equal=true
ids arm=a18_head_copy run=8 len=128 llama_len=128 common_prefix=128 equal=true
ids arm=a18_head_copy run=9 len=128 llama_len=128 common_prefix=128 equal=true
ids arm=a18_head_copy run=10 len=128 llama_len=128 common_prefix=128 equal=true
ids arm=a18_head_copy run=11 len=128 llama_len=128 common_prefix=128 equal=true
ids arm=a18_head_copy run=12 len=128 llama_len=128 common_prefix=128 equal=true
ids arm=a18_head_copy run=13 len=128 llama_len=128 common_prefix=128 equal=true
ids arm=a18_head_copy run=14 len=128 llama_len=128 common_prefix=128 equal=true
ids arm=a18_head_copy run=15 len=128 llama_len=128 common_prefix=128 equal=true
ids arm=a18_head_copy run=16 len=128 llama_len=128 common_prefix=128 equal=true
ids arm=a18_head_copy run=17 len=128 llama_len=128 common_prefix=128 equal=true
ids arm=a18_head_copy run=18 len=128 llama_len=128 common_prefix=128 equal=true
ids arm=a18_head_copy run=19 len=128 llama_len=128 common_prefix=128 equal=true
ids arm=a18_head_copy run=20 len=128 llama_len=128 common_prefix=128 equal=true
ids arm=a18_head_copy run=21 len=128 llama_len=128 common_prefix=128 equal=true
ids arm=a18_head_copy run=22 len=128 llama_len=128 common_prefix=128 equal=true
ids arm=a18_head_copy run=23 len=128 llama_len=128 common_prefix=128 equal=true
