raw arm=a00_0b_9f0647da process=0 run=0 ms_per_token=12.1770
raw arm=a00_0b_9f0647da process=0 run=1 ms_per_token=12.1660
raw arm=a00_0b_9f0647da process=0 run=2 ms_per_token=11.8630
raw arm=a00_0b_9f0647da process=0 run=3 ms_per_token=11.6130
raw arm=a00_0b_9f0647da process=0 run=4 ms_per_token=11.5840
raw arm=a00_0b_9f0647da process=0 run=5 ms_per_token=11.5990
raw arm=a00_0b_9f0647da process=0 run=6 ms_per_token=11.1690
raw arm=a00_0b_9f0647da process=0 run=7 ms_per_token=11.6320
raw arm=a01_0c_152467a9 process=0 run=0 ms_per_token=12.2390
raw arm=a01_0c_152467a9 process=0 run=1 ms_per_token=11.6140
raw arm=a01_0c_152467a9 process=0 run=2 ms_per_token=11.5880
raw arm=a01_0c_152467a9 process=0 run=3 ms_per_token=11.7750
raw arm=a01_0c_152467a9 process=0 run=4 ms_per_token=11.6000
raw arm=a01_0c_152467a9 process=0 run=5 ms_per_token=11.6130
raw arm=a01_0c_152467a9 process=0 run=6 ms_per_token=11.6260
raw arm=a01_0c_152467a9 process=0 run=7 ms_per_token=11.6140
raw arm=a02_slice5 process=0 run=0 ms_per_token=12.1890
raw arm=a02_slice5 process=0 run=1 ms_per_token=11.5690
raw arm=a02_slice5 process=0 run=2 ms_per_token=11.6680
raw arm=a02_slice5 process=0 run=3 ms_per_token=11.5930
raw arm=a02_slice5 process=0 run=4 ms_per_token=11.5000
raw arm=a02_slice5 process=0 run=5 ms_per_token=11.6070
raw arm=a02_slice5 process=0 run=6 ms_per_token=11.5940
raw arm=a02_slice5 process=0 run=7 ms_per_token=11.8030
raw arm=a03_slice6 process=0 run=0 ms_per_token=12.2600
raw arm=a03_slice6 process=0 run=1 ms_per_token=11.5270
raw arm=a03_slice6 process=0 run=2 ms_per_token=11.5470
raw arm=a03_slice6 process=0 run=3 ms_per_token=11.5890
raw arm=a03_slice6 process=0 run=4 ms_per_token=11.4850
raw arm=a03_slice6 process=0 run=5 ms_per_token=11.2760
raw arm=a03_slice6 process=0 run=6 ms_per_token=12.2900
raw arm=a03_slice6 process=0 run=7 ms_per_token=11.5510
raw arm=a04_slice7 process=0 run=0 ms_per_token=12.2270
raw arm=a04_slice7 process=0 run=1 ms_per_token=11.4900
raw arm=a04_slice7 process=0 run=2 ms_per_token=11.4610
raw arm=a04_slice7 process=0 run=3 ms_per_token=11.5510
raw arm=a04_slice7 process=0 run=4 ms_per_token=11.5840
raw arm=a04_slice7 process=0 run=5 ms_per_token=11.5950
raw arm=a04_slice7 process=0 run=6 ms_per_token=11.5520
raw arm=a04_slice7 process=0 run=7 ms_per_token=11.5710
raw arm=a05_slice8 process=0 run=0 ms_per_token=12.3520
raw arm=a05_slice8 process=0 run=1 ms_per_token=11.6040
raw arm=a05_slice8 process=0 run=2 ms_per_token=11.6360
raw arm=a05_slice8 process=0 run=3 ms_per_token=11.6340
raw arm=a05_slice8 process=0 run=4 ms_per_token=12.1240
raw arm=a05_slice8 process=0 run=5 ms_per_token=11.9240
raw arm=a05_slice8 process=0 run=6 ms_per_token=11.9520
raw arm=a05_slice8 process=0 run=7 ms_per_token=11.8960
raw arm=a06_slice9 process=0 run=0 ms_per_token=12.2550
raw arm=a06_slice9 process=0 run=1 ms_per_token=11.7020
raw arm=a06_slice9 process=0 run=2 ms_per_token=11.6220
raw arm=a06_slice9 process=0 run=3 ms_per_token=11.6520
raw arm=a06_slice9 process=0 run=4 ms_per_token=11.5940
raw arm=a06_slice9 process=0 run=5 ms_per_token=11.5400
raw arm=a06_slice9 process=0 run=6 ms_per_token=11.6270
raw arm=a06_slice9 process=0 run=7 ms_per_token=11.6790
raw arm=a07_slice10b process=0 run=0 ms_per_token=12.1290
raw arm=a07_slice10b process=0 run=1 ms_per_token=11.5460
raw arm=a07_slice10b process=0 run=2 ms_per_token=11.5570
raw arm=a07_slice10b process=0 run=3 ms_per_token=11.5420
raw arm=a07_slice10b process=0 run=4 ms_per_token=11.5750
raw arm=a07_slice10b process=0 run=5 ms_per_token=11.5810
raw arm=a07_slice10b process=0 run=6 ms_per_token=11.5390
raw arm=a07_slice10b process=0 run=7 ms_per_token=11.4420
raw arm=a08_slice10b_fix process=0 run=0 ms_per_token=12.1100
raw arm=a08_slice10b_fix process=0 run=1 ms_per_token=11.6200
raw arm=a08_slice10b_fix process=0 run=2 ms_per_token=11.6100
raw arm=a08_slice10b_fix process=0 run=3 ms_per_token=11.7150
raw arm=a08_slice10b_fix process=0 run=4 ms_per_token=11.7080
raw arm=a08_slice10b_fix process=0 run=5 ms_per_token=11.7980
raw arm=a08_slice10b_fix process=0 run=6 ms_per_token=11.6420
raw arm=a08_slice10b_fix process=0 run=7 ms_per_token=11.7880
raw arm=a09_slice10c process=0 run=0 ms_per_token=12.2110
raw arm=a09_slice10c process=0 run=1 ms_per_token=11.5800
raw arm=a09_slice10c process=0 run=2 ms_per_token=11.8000
raw arm=a09_slice10c process=0 run=3 ms_per_token=11.6040
raw arm=a09_slice10c process=0 run=4 ms_per_token=11.5930
raw arm=a09_slice10c process=0 run=5 ms_per_token=11.6790
raw arm=a09_slice10c process=0 run=6 ms_per_token=11.6200
raw arm=a09_slice10c process=0 run=7 ms_per_token=11.5960
raw arm=a10_slice11 process=0 run=0 ms_per_token=12.2760
raw arm=a10_slice11 process=0 run=1 ms_per_token=11.6200
raw arm=a10_slice11 process=0 run=2 ms_per_token=11.6060
raw arm=a10_slice11 process=0 run=3 ms_per_token=11.6230
raw arm=a10_slice11 process=0 run=4 ms_per_token=11.6540
raw arm=a10_slice11 process=0 run=5 ms_per_token=11.6190
raw arm=a10_slice11 process=0 run=6 ms_per_token=11.6180
raw arm=a10_slice11 process=0 run=7 ms_per_token=11.6230
raw arm=a11_slice12 process=0 run=0 ms_per_token=12.2140
raw arm=a11_slice12 process=0 run=1 ms_per_token=11.5470
raw arm=a11_slice12 process=0 run=2 ms_per_token=11.6070
raw arm=a11_slice12 process=0 run=3 ms_per_token=12.2100
raw arm=a11_slice12 process=0 run=4 ms_per_token=11.7170
raw arm=a11_slice12 process=0 run=5 ms_per_token=11.5340
raw arm=a11_slice12 process=0 run=6 ms_per_token=11.5270
raw arm=a11_slice12 process=0 run=7 ms_per_token=11.6450
raw arm=a12_eor process=0 run=0 ms_per_token=12.2160
raw arm=a12_eor process=0 run=1 ms_per_token=11.6300
raw arm=a12_eor process=0 run=2 ms_per_token=11.5010
raw arm=a12_eor process=0 run=3 ms_per_token=11.9650
raw arm=a12_eor process=0 run=4 ms_per_token=11.5700
raw arm=a12_eor process=0 run=5 ms_per_token=11.5700
raw arm=a12_eor process=0 run=6 ms_per_token=11.6030
raw arm=a12_eor process=0 run=7 ms_per_token=11.5970
raw arm=a13_f76b4a97 process=0 run=0 ms_per_token=12.2750
raw arm=a13_f76b4a97 process=0 run=1 ms_per_token=11.6260
raw arm=a13_f76b4a97 process=0 run=2 ms_per_token=11.6460
raw arm=a13_f76b4a97 process=0 run=3 ms_per_token=11.7570
raw arm=a13_f76b4a97 process=0 run=4 ms_per_token=11.4870
raw arm=a13_f76b4a97 process=0 run=5 ms_per_token=11.6420
raw arm=a13_f76b4a97 process=0 run=6 ms_per_token=11.6270
raw arm=a13_f76b4a97 process=0 run=7 ms_per_token=11.5980
raw arm=a14_tip_s1 process=0 run=0 ms_per_token=12.2210
raw arm=a14_tip_s1 process=0 run=1 ms_per_token=11.6850
raw arm=a14_tip_s1 process=0 run=2 ms_per_token=11.7410
raw arm=a14_tip_s1 process=0 run=3 ms_per_token=11.4410
raw arm=a14_tip_s1 process=0 run=4 ms_per_token=11.5420
raw arm=a14_tip_s1 process=0 run=5 ms_per_token=11.6740
raw arm=a14_tip_s1 process=0 run=6 ms_per_token=11.6410
raw arm=a14_tip_s1 process=0 run=7 ms_per_token=12.2640
raw arm=a15_s2_mml process=0 run=0 ms_per_token=12.2760
raw arm=a15_s2_mml process=0 run=1 ms_per_token=11.6350
raw arm=a15_s2_mml process=0 run=2 ms_per_token=11.6110
raw arm=a15_s2_mml process=0 run=3 ms_per_token=11.9610
raw arm=a15_s2_mml process=0 run=4 ms_per_token=11.2450
raw arm=a15_s2_mml process=0 run=5 ms_per_token=11.5190
raw arm=a15_s2_mml process=0 run=6 ms_per_token=11.6030
raw arm=a15_s2_mml process=0 run=7 ms_per_token=11.4230
raw arm=a16_s2fix_3a933038 process=0 run=0 ms_per_token=12.4080
raw arm=a16_s2fix_3a933038 process=0 run=1 ms_per_token=11.6420
raw arm=a16_s2fix_3a933038 process=0 run=2 ms_per_token=11.7300
raw arm=a16_s2fix_3a933038 process=0 run=3 ms_per_token=11.6370
raw arm=a16_s2fix_3a933038 process=0 run=4 ms_per_token=11.6240
raw arm=a16_s2fix_3a933038 process=0 run=5 ms_per_token=11.5290
raw arm=a16_s2fix_3a933038 process=0 run=6 ms_per_token=11.4960
raw arm=a16_s2fix_3a933038 process=0 run=7 ms_per_token=11.4270
raw arm=a17_head_8ef12e94 process=0 run=0 ms_per_token=12.0080
raw arm=a17_head_8ef12e94 process=0 run=1 ms_per_token=11.2060
raw arm=a17_head_8ef12e94 process=0 run=2 ms_per_token=18.1200
raw arm=a17_head_8ef12e94 process=0 run=3 ms_per_token=11.2120
raw arm=a17_head_8ef12e94 process=0 run=4 ms_per_token=11.2200
raw arm=a17_head_8ef12e94 process=0 run=5 ms_per_token=11.3360
raw arm=a17_head_8ef12e94 process=0 run=6 ms_per_token=11.3390
raw arm=a17_head_8ef12e94 process=0 run=7 ms_per_token=11.6050
raw arm=a18_head_copy process=0 run=0 ms_per_token=12.1460
raw arm=a18_head_copy process=0 run=1 ms_per_token=11.8270
raw arm=a18_head_copy process=0 run=2 ms_per_token=11.9030
raw arm=a18_head_copy process=0 run=3 ms_per_token=11.7400
raw arm=a18_head_copy process=0 run=4 ms_per_token=11.7000
raw arm=a18_head_copy process=0 run=5 ms_per_token=12.0330
raw arm=a18_head_copy process=0 run=6 ms_per_token=12.1170
raw arm=a18_head_copy process=0 run=7 ms_per_token=11.5570
raw arm=a19_0b_probe_9f0647da process=0 run=0 ms_per_token=12.1700
raw arm=a19_0b_probe_9f0647da process=0 run=1 ms_per_token=11.6020
raw arm=a19_0b_probe_9f0647da process=0 run=2 ms_per_token=11.6260
raw arm=a19_0b_probe_9f0647da process=0 run=3 ms_per_token=11.8630
raw arm=a19_0b_probe_9f0647da process=0 run=4 ms_per_token=11.6010
raw arm=a19_0b_probe_9f0647da process=0 run=5 ms_per_token=11.9190
raw arm=a19_0b_probe_9f0647da process=0 run=6 ms_per_token=12.1330
raw arm=a19_0b_probe_9f0647da process=0 run=7 ms_per_token=11.8290
raw arm=llama-server process=0 run=0 ms_per_token=9.1011
raw arm=llama-server process=0 run=1 ms_per_token=8.9257
raw arm=llama-server process=0 run=2 ms_per_token=8.9609
raw arm=llama-server process=0 run=3 ms_per_token=8.9150
raw arm=llama-server process=0 run=4 ms_per_token=9.0072
raw arm=llama-server process=0 run=5 ms_per_token=8.9741
raw arm=llama-server process=0 run=6 ms_per_token=8.9722
raw arm=llama-server process=0 run=7 ms_per_token=8.9660
raw arm=a01_0c_152467a9 process=1 run=0 ms_per_token=12.6320
raw arm=a01_0c_152467a9 process=1 run=1 ms_per_token=11.5280
raw arm=a01_0c_152467a9 process=1 run=2 ms_per_token=11.8110
raw arm=a01_0c_152467a9 process=1 run=3 ms_per_token=11.7310
raw arm=a01_0c_152467a9 process=1 run=4 ms_per_token=11.7990
raw arm=a01_0c_152467a9 process=1 run=5 ms_per_token=11.5050
raw arm=a01_0c_152467a9 process=1 run=6 ms_per_token=12.1030
raw arm=a01_0c_152467a9 process=1 run=7 ms_per_token=11.6220
raw arm=a02_slice5 process=1 run=0 ms_per_token=12.2200
raw arm=a02_slice5 process=1 run=1 ms_per_token=11.5690
raw arm=a02_slice5 process=1 run=2 ms_per_token=11.6090
raw arm=a02_slice5 process=1 run=3 ms_per_token=11.8490
raw arm=a02_slice5 process=1 run=4 ms_per_token=11.8290
raw arm=a02_slice5 process=1 run=5 ms_per_token=11.9730
raw arm=a02_slice5 process=1 run=6 ms_per_token=11.6690
raw arm=a02_slice5 process=1 run=7 ms_per_token=11.8330
raw arm=a03_slice6 process=1 run=0 ms_per_token=12.3590
raw arm=a03_slice6 process=1 run=1 ms_per_token=11.8100
raw arm=a03_slice6 process=1 run=2 ms_per_token=11.8930
raw arm=a03_slice6 process=1 run=3 ms_per_token=11.5760
raw arm=a03_slice6 process=1 run=4 ms_per_token=11.5990
raw arm=a03_slice6 process=1 run=5 ms_per_token=12.0230
raw arm=a03_slice6 process=1 run=6 ms_per_token=11.5970
raw arm=a03_slice6 process=1 run=7 ms_per_token=11.6070
raw arm=a04_slice7 process=1 run=0 ms_per_token=12.2150
raw arm=a04_slice7 process=1 run=1 ms_per_token=11.7590
raw arm=a04_slice7 process=1 run=2 ms_per_token=11.7890
raw arm=a04_slice7 process=1 run=3 ms_per_token=11.6850
raw arm=a04_slice7 process=1 run=4 ms_per_token=11.7400
raw arm=a04_slice7 process=1 run=5 ms_per_token=11.7400
raw arm=a04_slice7 process=1 run=6 ms_per_token=11.7010
raw arm=a04_slice7 process=1 run=7 ms_per_token=11.6370
raw arm=a05_slice8 process=1 run=0 ms_per_token=12.2110
raw arm=a05_slice8 process=1 run=1 ms_per_token=11.5820
raw arm=a05_slice8 process=1 run=2 ms_per_token=11.5900
raw arm=a05_slice8 process=1 run=3 ms_per_token=11.9110
raw arm=a05_slice8 process=1 run=4 ms_per_token=11.5860
raw arm=a05_slice8 process=1 run=5 ms_per_token=11.7850
raw arm=a05_slice8 process=1 run=6 ms_per_token=11.7590
raw arm=a05_slice8 process=1 run=7 ms_per_token=11.7850
raw arm=a06_slice9 process=1 run=0 ms_per_token=12.1100
raw arm=a06_slice9 process=1 run=1 ms_per_token=12.0500
raw arm=a06_slice9 process=1 run=2 ms_per_token=11.6620
raw arm=a06_slice9 process=1 run=3 ms_per_token=11.7750
raw arm=a06_slice9 process=1 run=4 ms_per_token=11.7800
raw arm=a06_slice9 process=1 run=5 ms_per_token=12.0180
raw arm=a06_slice9 process=1 run=6 ms_per_token=11.7690
raw arm=a06_slice9 process=1 run=7 ms_per_token=11.6220
raw arm=a07_slice10b process=1 run=0 ms_per_token=12.2330
raw arm=a07_slice10b process=1 run=1 ms_per_token=11.9200
raw arm=a07_slice10b process=1 run=2 ms_per_token=11.8520
raw arm=a07_slice10b process=1 run=3 ms_per_token=11.6180
raw arm=a07_slice10b process=1 run=4 ms_per_token=11.8710
raw arm=a07_slice10b process=1 run=5 ms_per_token=11.5740
raw arm=a07_slice10b process=1 run=6 ms_per_token=11.7510
raw arm=a07_slice10b process=1 run=7 ms_per_token=11.7530
raw arm=a08_slice10b_fix process=1 run=0 ms_per_token=12.4110
raw arm=a08_slice10b_fix process=1 run=1 ms_per_token=11.7950
raw arm=a08_slice10b_fix process=1 run=2 ms_per_token=11.4890
raw arm=a08_slice10b_fix process=1 run=3 ms_per_token=11.6130
raw arm=a08_slice10b_fix process=1 run=4 ms_per_token=11.6190
raw arm=a08_slice10b_fix process=1 run=5 ms_per_token=11.6490
raw arm=a08_slice10b_fix process=1 run=6 ms_per_token=12.0650
raw arm=a08_slice10b_fix process=1 run=7 ms_per_token=12.0720
raw arm=a09_slice10c process=1 run=0 ms_per_token=12.3700
raw arm=a09_slice10c process=1 run=1 ms_per_token=11.6580
raw arm=a09_slice10c process=1 run=2 ms_per_token=11.5970
raw arm=a09_slice10c process=1 run=3 ms_per_token=11.8100
raw arm=a09_slice10c process=1 run=4 ms_per_token=11.6270
raw arm=a09_slice10c process=1 run=5 ms_per_token=11.7630
raw arm=a09_slice10c process=1 run=6 ms_per_token=11.8680
raw arm=a09_slice10c process=1 run=7 ms_per_token=11.8650
raw arm=a10_slice11 process=1 run=0 ms_per_token=12.3980
raw arm=a10_slice11 process=1 run=1 ms_per_token=11.6330
raw arm=a10_slice11 process=1 run=2 ms_per_token=11.5890
raw arm=a10_slice11 process=1 run=3 ms_per_token=11.5890
raw arm=a10_slice11 process=1 run=4 ms_per_token=11.6200
raw arm=a10_slice11 process=1 run=5 ms_per_token=11.5690
raw arm=a10_slice11 process=1 run=6 ms_per_token=12.0030
raw arm=a10_slice11 process=1 run=7 ms_per_token=11.7260
raw arm=a11_slice12 process=1 run=0 ms_per_token=12.3440
raw arm=a11_slice12 process=1 run=1 ms_per_token=11.6080
raw arm=a11_slice12 process=1 run=2 ms_per_token=11.5870
raw arm=a11_slice12 process=1 run=3 ms_per_token=11.5850
raw arm=a11_slice12 process=1 run=4 ms_per_token=11.6120
raw arm=a11_slice12 process=1 run=5 ms_per_token=11.8030
raw arm=a11_slice12 process=1 run=6 ms_per_token=11.7580
raw arm=a11_slice12 process=1 run=7 ms_per_token=11.5840
raw arm=a12_eor process=1 run=0 ms_per_token=12.2810
raw arm=a12_eor process=1 run=1 ms_per_token=11.6590
raw arm=a12_eor process=1 run=2 ms_per_token=11.6170
raw arm=a12_eor process=1 run=3 ms_per_token=11.6300
raw arm=a12_eor process=1 run=4 ms_per_token=11.9310
raw arm=a12_eor process=1 run=5 ms_per_token=11.8270
raw arm=a12_eor process=1 run=6 ms_per_token=11.7800
raw arm=a12_eor process=1 run=7 ms_per_token=11.7840
raw arm=a13_f76b4a97 process=1 run=0 ms_per_token=12.1870
raw arm=a13_f76b4a97 process=1 run=1 ms_per_token=11.6510
raw arm=a13_f76b4a97 process=1 run=2 ms_per_token=11.6150
raw arm=a13_f76b4a97 process=1 run=3 ms_per_token=11.5890
raw arm=a13_f76b4a97 process=1 run=4 ms_per_token=11.5650
raw arm=a13_f76b4a97 process=1 run=5 ms_per_token=11.6430
raw arm=a13_f76b4a97 process=1 run=6 ms_per_token=11.8070
raw arm=a13_f76b4a97 process=1 run=7 ms_per_token=11.7590
raw arm=a14_tip_s1 process=1 run=0 ms_per_token=12.2910
raw arm=a14_tip_s1 process=1 run=1 ms_per_token=11.6460
raw arm=a14_tip_s1 process=1 run=2 ms_per_token=11.5290
raw arm=a14_tip_s1 process=1 run=3 ms_per_token=11.5680
raw arm=a14_tip_s1 process=1 run=4 ms_per_token=11.5680
raw arm=a14_tip_s1 process=1 run=5 ms_per_token=11.8270
raw arm=a14_tip_s1 process=1 run=6 ms_per_token=11.7250
raw arm=a14_tip_s1 process=1 run=7 ms_per_token=11.7030
raw arm=a15_s2_mml process=1 run=0 ms_per_token=12.2430
raw arm=a15_s2_mml process=1 run=1 ms_per_token=11.1950
raw arm=a15_s2_mml process=1 run=2 ms_per_token=11.1210
raw arm=a15_s2_mml process=1 run=3 ms_per_token=11.1350
raw arm=a15_s2_mml process=1 run=4 ms_per_token=11.1980
raw arm=a15_s2_mml process=1 run=5 ms_per_token=11.8710
raw arm=a15_s2_mml process=1 run=6 ms_per_token=13.2290
raw arm=a15_s2_mml process=1 run=7 ms_per_token=15.8990
raw arm=a16_s2fix_3a933038 process=1 run=0 ms_per_token=11.8220
raw arm=a16_s2fix_3a933038 process=1 run=1 ms_per_token=11.2800
raw arm=a16_s2fix_3a933038 process=1 run=2 ms_per_token=11.2880
raw arm=a16_s2fix_3a933038 process=1 run=3 ms_per_token=11.5660
raw arm=a16_s2fix_3a933038 process=1 run=4 ms_per_token=11.3800
raw arm=a16_s2fix_3a933038 process=1 run=5 ms_per_token=11.2900
raw arm=a16_s2fix_3a933038 process=1 run=6 ms_per_token=11.2720
raw arm=a16_s2fix_3a933038 process=1 run=7 ms_per_token=11.5900
raw arm=a17_head_8ef12e94 process=1 run=0 ms_per_token=12.2150
raw arm=a17_head_8ef12e94 process=1 run=1 ms_per_token=13.2020
raw arm=a17_head_8ef12e94 process=1 run=2 ms_per_token=13.4830
raw arm=a17_head_8ef12e94 process=1 run=3 ms_per_token=11.2630
raw arm=a17_head_8ef12e94 process=1 run=4 ms_per_token=12.8930
raw arm=a17_head_8ef12e94 process=1 run=5 ms_per_token=14.4560
raw arm=a17_head_8ef12e94 process=1 run=6 ms_per_token=15.5390
raw arm=a17_head_8ef12e94 process=1 run=7 ms_per_token=17.0430
raw arm=a18_head_copy process=1 run=0 ms_per_token=25.2340
raw arm=a18_head_copy process=1 run=1 ms_per_token=19.3360
raw arm=a18_head_copy process=1 run=2 ms_per_token=16.9350
raw arm=a18_head_copy process=1 run=3 ms_per_token=16.1090
raw arm=a18_head_copy process=1 run=4 ms_per_token=12.7530
raw arm=a18_head_copy process=1 run=5 ms_per_token=20.9430
raw arm=a18_head_copy process=1 run=6 ms_per_token=11.9440
raw arm=a18_head_copy process=1 run=7 ms_per_token=11.8060
raw arm=a19_0b_probe_9f0647da process=1 run=0 ms_per_token=12.9450
raw arm=a19_0b_probe_9f0647da process=1 run=1 ms_per_token=12.6330
raw arm=a19_0b_probe_9f0647da process=1 run=2 ms_per_token=11.5870
raw arm=a19_0b_probe_9f0647da process=1 run=3 ms_per_token=12.3170
raw arm=a19_0b_probe_9f0647da process=1 run=4 ms_per_token=12.4700
raw arm=a19_0b_probe_9f0647da process=1 run=5 ms_per_token=12.4500
raw arm=a19_0b_probe_9f0647da process=1 run=6 ms_per_token=11.4640
raw arm=a19_0b_probe_9f0647da process=1 run=7 ms_per_token=13.1050
raw arm=llama-server process=1 run=0 ms_per_token=9.2096
raw arm=llama-server process=1 run=1 ms_per_token=9.5405
raw arm=llama-server process=1 run=2 ms_per_token=11.5119
raw arm=llama-server process=1 run=3 ms_per_token=10.2400
raw arm=llama-server process=1 run=4 ms_per_token=9.9518
raw arm=llama-server process=1 run=5 ms_per_token=10.7675
raw arm=llama-server process=1 run=6 ms_per_token=14.8933
raw arm=llama-server process=1 run=7 ms_per_token=9.0222
raw arm=a00_0b_9f0647da process=1 run=0 ms_per_token=12.0160
raw arm=a00_0b_9f0647da process=1 run=1 ms_per_token=13.7210
raw arm=a00_0b_9f0647da process=1 run=2 ms_per_token=12.9060
raw arm=a00_0b_9f0647da process=1 run=3 ms_per_token=14.7610
raw arm=a00_0b_9f0647da process=1 run=4 ms_per_token=15.3430
raw arm=a00_0b_9f0647da process=1 run=5 ms_per_token=12.7960
raw arm=a00_0b_9f0647da process=1 run=6 ms_per_token=13.2050
raw arm=a00_0b_9f0647da process=1 run=7 ms_per_token=13.1100
raw arm=a02_slice5 process=2 run=0 ms_per_token=12.0240
raw arm=a02_slice5 process=2 run=1 ms_per_token=12.9370
raw arm=a02_slice5 process=2 run=2 ms_per_token=13.2950
raw arm=a02_slice5 process=2 run=3 ms_per_token=12.6500
raw arm=a02_slice5 process=2 run=4 ms_per_token=12.9180
raw arm=a02_slice5 process=2 run=5 ms_per_token=12.6630
raw arm=a02_slice5 process=2 run=6 ms_per_token=12.0050
raw arm=a02_slice5 process=2 run=7 ms_per_token=11.9140
raw arm=a03_slice6 process=2 run=0 ms_per_token=12.8480
raw arm=a03_slice6 process=2 run=1 ms_per_token=11.8280
raw arm=a03_slice6 process=2 run=2 ms_per_token=12.1740
raw arm=a03_slice6 process=2 run=3 ms_per_token=11.4420
raw arm=a03_slice6 process=2 run=4 ms_per_token=11.3530
raw arm=a03_slice6 process=2 run=5 ms_per_token=12.9140
raw arm=a03_slice6 process=2 run=6 ms_per_token=12.5580
raw arm=a03_slice6 process=2 run=7 ms_per_token=12.8060
raw arm=a04_slice7 process=2 run=0 ms_per_token=12.4150
raw arm=a04_slice7 process=2 run=1 ms_per_token=11.3500
raw arm=a04_slice7 process=2 run=2 ms_per_token=12.5600
raw arm=a04_slice7 process=2 run=3 ms_per_token=12.3620
raw arm=a04_slice7 process=2 run=4 ms_per_token=12.1520
raw arm=a04_slice7 process=2 run=5 ms_per_token=11.9080
raw arm=a04_slice7 process=2 run=6 ms_per_token=12.1870
raw arm=a04_slice7 process=2 run=7 ms_per_token=12.5410
raw arm=a05_slice8 process=2 run=0 ms_per_token=12.2410
raw arm=a05_slice8 process=2 run=1 ms_per_token=11.3800
raw arm=a05_slice8 process=2 run=2 ms_per_token=11.4540
raw arm=a05_slice8 process=2 run=3 ms_per_token=12.9290
raw arm=a05_slice8 process=2 run=4 ms_per_token=12.7990
raw arm=a05_slice8 process=2 run=5 ms_per_token=12.7400
raw arm=a05_slice8 process=2 run=6 ms_per_token=12.5880
raw arm=a05_slice8 process=2 run=7 ms_per_token=11.3470
raw arm=a06_slice9 process=2 run=0 ms_per_token=12.8770
raw arm=a06_slice9 process=2 run=1 ms_per_token=12.1280
raw arm=a06_slice9 process=2 run=2 ms_per_token=11.8710
raw arm=a06_slice9 process=2 run=3 ms_per_token=11.6100
raw arm=a06_slice9 process=2 run=4 ms_per_token=11.3840
raw arm=a06_slice9 process=2 run=5 ms_per_token=11.3950
raw arm=a06_slice9 process=2 run=6 ms_per_token=12.6960
raw arm=a06_slice9 process=2 run=7 ms_per_token=12.9420
raw arm=a07_slice10b process=2 run=0 ms_per_token=12.0520
raw arm=a07_slice10b process=2 run=1 ms_per_token=12.7400
raw arm=a07_slice10b process=2 run=2 ms_per_token=12.3630
raw arm=a07_slice10b process=2 run=3 ms_per_token=12.6970
raw arm=a07_slice10b process=2 run=4 ms_per_token=12.2660
raw arm=a07_slice10b process=2 run=5 ms_per_token=11.9940
raw arm=a07_slice10b process=2 run=6 ms_per_token=11.7610
raw arm=a07_slice10b process=2 run=7 ms_per_token=11.5240
raw arm=a08_slice10b_fix process=2 run=0 ms_per_token=12.2280
raw arm=a08_slice10b_fix process=2 run=1 ms_per_token=11.4200
raw arm=a08_slice10b_fix process=2 run=2 ms_per_token=11.4540
raw arm=a08_slice10b_fix process=2 run=3 ms_per_token=13.6260
raw arm=a08_slice10b_fix process=2 run=4 ms_per_token=13.0180
raw arm=a08_slice10b_fix process=2 run=5 ms_per_token=12.6370
raw arm=a08_slice10b_fix process=2 run=6 ms_per_token=12.8480
raw arm=a08_slice10b_fix process=2 run=7 ms_per_token=12.7530
raw arm=a09_slice10c process=2 run=0 ms_per_token=12.0870
raw arm=a09_slice10c process=2 run=1 ms_per_token=11.5220
raw arm=a09_slice10c process=2 run=2 ms_per_token=11.4720
raw arm=a09_slice10c process=2 run=3 ms_per_token=11.6540
raw arm=a09_slice10c process=2 run=4 ms_per_token=11.4340
raw arm=a09_slice10c process=2 run=5 ms_per_token=11.5410
raw arm=a09_slice10c process=2 run=6 ms_per_token=12.6180
raw arm=a09_slice10c process=2 run=7 ms_per_token=12.8740
raw arm=a10_slice11 process=2 run=0 ms_per_token=12.2120
raw arm=a10_slice11 process=2 run=1 ms_per_token=11.4120
raw arm=a10_slice11 process=2 run=2 ms_per_token=12.4440
raw arm=a10_slice11 process=2 run=3 ms_per_token=11.6540
raw arm=a10_slice11 process=2 run=4 ms_per_token=11.6330
raw arm=a10_slice11 process=2 run=5 ms_per_token=11.5400
raw arm=a10_slice11 process=2 run=6 ms_per_token=11.5650
raw arm=a10_slice11 process=2 run=7 ms_per_token=11.6170
raw arm=a11_slice12 process=2 run=0 ms_per_token=12.9420
raw arm=a11_slice12 process=2 run=1 ms_per_token=12.4620
raw arm=a11_slice12 process=2 run=2 ms_per_token=12.4120
raw arm=a11_slice12 process=2 run=3 ms_per_token=11.5970
raw arm=a11_slice12 process=2 run=4 ms_per_token=12.0070
raw arm=a11_slice12 process=2 run=5 ms_per_token=11.7830
raw arm=a11_slice12 process=2 run=6 ms_per_token=11.5500
raw arm=a11_slice12 process=2 run=7 ms_per_token=11.6250
raw arm=a12_eor process=2 run=0 ms_per_token=12.2070
raw arm=a12_eor process=2 run=1 ms_per_token=12.4910
raw arm=a12_eor process=2 run=2 ms_per_token=11.5360
raw arm=a12_eor process=2 run=3 ms_per_token=11.4980
raw arm=a12_eor process=2 run=4 ms_per_token=11.5390
raw arm=a12_eor process=2 run=5 ms_per_token=11.5260
raw arm=a12_eor process=2 run=6 ms_per_token=11.5390
raw arm=a12_eor process=2 run=7 ms_per_token=12.8210
raw arm=a13_f76b4a97 process=2 run=0 ms_per_token=12.1330
raw arm=a13_f76b4a97 process=2 run=1 ms_per_token=11.5310
raw arm=a13_f76b4a97 process=2 run=2 ms_per_token=12.4570
raw arm=a13_f76b4a97 process=2 run=3 ms_per_token=12.2310
raw arm=a13_f76b4a97 process=2 run=4 ms_per_token=11.5130
raw arm=a13_f76b4a97 process=2 run=5 ms_per_token=11.3610
raw arm=a13_f76b4a97 process=2 run=6 ms_per_token=11.5240
raw arm=a13_f76b4a97 process=2 run=7 ms_per_token=11.5730
raw arm=a14_tip_s1 process=2 run=0 ms_per_token=12.1920
raw arm=a14_tip_s1 process=2 run=1 ms_per_token=11.7180
raw arm=a14_tip_s1 process=2 run=2 ms_per_token=11.5540
raw arm=a14_tip_s1 process=2 run=3 ms_per_token=12.0710
raw arm=a14_tip_s1 process=2 run=4 ms_per_token=11.5780
raw arm=a14_tip_s1 process=2 run=5 ms_per_token=11.5320
raw arm=a14_tip_s1 process=2 run=6 ms_per_token=11.4120
raw arm=a14_tip_s1 process=2 run=7 ms_per_token=11.5840
raw arm=a15_s2_mml process=2 run=0 ms_per_token=12.2590
raw arm=a15_s2_mml process=2 run=1 ms_per_token=11.5860
raw arm=a15_s2_mml process=2 run=2 ms_per_token=11.5660
raw arm=a15_s2_mml process=2 run=3 ms_per_token=11.5210
raw arm=a15_s2_mml process=2 run=4 ms_per_token=11.5580
raw arm=a15_s2_mml process=2 run=5 ms_per_token=11.5900
raw arm=a15_s2_mml process=2 run=6 ms_per_token=11.5450
raw arm=a15_s2_mml process=2 run=7 ms_per_token=11.5500
raw arm=a16_s2fix_3a933038 process=2 run=0 ms_per_token=12.1550
raw arm=a16_s2fix_3a933038 process=2 run=1 ms_per_token=11.5070
raw arm=a16_s2fix_3a933038 process=2 run=2 ms_per_token=11.5730
raw arm=a16_s2fix_3a933038 process=2 run=3 ms_per_token=11.5760
raw arm=a16_s2fix_3a933038 process=2 run=4 ms_per_token=11.5900
raw arm=a16_s2fix_3a933038 process=2 run=5 ms_per_token=11.6190
raw arm=a16_s2fix_3a933038 process=2 run=6 ms_per_token=11.6060
raw arm=a16_s2fix_3a933038 process=2 run=7 ms_per_token=11.5820
raw arm=a17_head_8ef12e94 process=2 run=0 ms_per_token=12.2290
raw arm=a17_head_8ef12e94 process=2 run=1 ms_per_token=11.5440
raw arm=a17_head_8ef12e94 process=2 run=2 ms_per_token=11.5490
raw arm=a17_head_8ef12e94 process=2 run=3 ms_per_token=11.5170
raw arm=a17_head_8ef12e94 process=2 run=4 ms_per_token=12.9280
raw arm=a17_head_8ef12e94 process=2 run=5 ms_per_token=12.8900
raw arm=a17_head_8ef12e94 process=2 run=6 ms_per_token=11.5970
raw arm=a17_head_8ef12e94 process=2 run=7 ms_per_token=11.5400
raw arm=a18_head_copy process=2 run=0 ms_per_token=12.1520
raw arm=a18_head_copy process=2 run=1 ms_per_token=11.5360
raw arm=a18_head_copy process=2 run=2 ms_per_token=11.5580
raw arm=a18_head_copy process=2 run=3 ms_per_token=11.6350
raw arm=a18_head_copy process=2 run=4 ms_per_token=11.6190
raw arm=a18_head_copy process=2 run=5 ms_per_token=11.6060
raw arm=a18_head_copy process=2 run=6 ms_per_token=11.5890
raw arm=a18_head_copy process=2 run=7 ms_per_token=11.6030
raw arm=a19_0b_probe_9f0647da process=2 run=0 ms_per_token=12.0770
raw arm=a19_0b_probe_9f0647da process=2 run=1 ms_per_token=11.5350
raw arm=a19_0b_probe_9f0647da process=2 run=2 ms_per_token=11.4070
raw arm=a19_0b_probe_9f0647da process=2 run=3 ms_per_token=12.7760
raw arm=a19_0b_probe_9f0647da process=2 run=4 ms_per_token=12.7240
raw arm=a19_0b_probe_9f0647da process=2 run=5 ms_per_token=11.5160
raw arm=a19_0b_probe_9f0647da process=2 run=6 ms_per_token=11.5130
raw arm=a19_0b_probe_9f0647da process=2 run=7 ms_per_token=12.1010
raw arm=llama-server process=2 run=0 ms_per_token=9.0098
raw arm=llama-server process=2 run=1 ms_per_token=9.0340
raw arm=llama-server process=2 run=2 ms_per_token=9.1058
raw arm=llama-server process=2 run=3 ms_per_token=9.0415
raw arm=llama-server process=2 run=4 ms_per_token=9.1102
raw arm=llama-server process=2 run=5 ms_per_token=9.0799
raw arm=llama-server process=2 run=6 ms_per_token=9.3296
raw arm=llama-server process=2 run=7 ms_per_token=9.3929
raw arm=a00_0b_9f0647da process=2 run=0 ms_per_token=12.1030
raw arm=a00_0b_9f0647da process=2 run=1 ms_per_token=12.4940
raw arm=a00_0b_9f0647da process=2 run=2 ms_per_token=11.7080
raw arm=a00_0b_9f0647da process=2 run=3 ms_per_token=11.5010
raw arm=a00_0b_9f0647da process=2 run=4 ms_per_token=11.4520
raw arm=a00_0b_9f0647da process=2 run=5 ms_per_token=11.4350
raw arm=a00_0b_9f0647da process=2 run=6 ms_per_token=11.4010
raw arm=a00_0b_9f0647da process=2 run=7 ms_per_token=11.6520
raw arm=a01_0c_152467a9 process=2 run=0 ms_per_token=12.1030
raw arm=a01_0c_152467a9 process=2 run=1 ms_per_token=11.4420
raw arm=a01_0c_152467a9 process=2 run=2 ms_per_token=11.4560
raw arm=a01_0c_152467a9 process=2 run=3 ms_per_token=11.4280
raw arm=a01_0c_152467a9 process=2 run=4 ms_per_token=12.7090
raw arm=a01_0c_152467a9 process=2 run=5 ms_per_token=11.4320
raw arm=a01_0c_152467a9 process=2 run=6 ms_per_token=12.2930
raw arm=a01_0c_152467a9 process=2 run=7 ms_per_token=12.2890
arm=a00_0b_9f0647da metric=ms_per_token process=0 run=1 value=12.1660 outlier=false
arm=a00_0b_9f0647da metric=ms_per_token process=0 run=2 value=11.8630 outlier=false
arm=a00_0b_9f0647da metric=ms_per_token process=0 run=3 value=11.6130 outlier=false
arm=a00_0b_9f0647da metric=ms_per_token process=0 run=4 value=11.5840 outlier=false
arm=a00_0b_9f0647da metric=ms_per_token process=0 run=5 value=11.5990 outlier=false
arm=a00_0b_9f0647da metric=ms_per_token process=0 run=6 value=11.1690 outlier=false
arm=a00_0b_9f0647da metric=ms_per_token process=0 run=7 value=11.6320 outlier=false
arm=a00_0b_9f0647da metric=ms_per_token process=1 run=1 value=13.7210 outlier=true
arm=a00_0b_9f0647da metric=ms_per_token process=1 run=2 value=12.9060 outlier=false
arm=a00_0b_9f0647da metric=ms_per_token process=1 run=3 value=14.7610 outlier=true
arm=a00_0b_9f0647da metric=ms_per_token process=1 run=4 value=15.3430 outlier=true
arm=a00_0b_9f0647da metric=ms_per_token process=1 run=5 value=12.7960 outlier=false
arm=a00_0b_9f0647da metric=ms_per_token process=1 run=6 value=13.2050 outlier=true
arm=a00_0b_9f0647da metric=ms_per_token process=1 run=7 value=13.1100 outlier=true
arm=a00_0b_9f0647da metric=ms_per_token process=2 run=1 value=12.4940 outlier=false
arm=a00_0b_9f0647da metric=ms_per_token process=2 run=2 value=11.7080 outlier=false
arm=a00_0b_9f0647da metric=ms_per_token process=2 run=3 value=11.5010 outlier=false
arm=a00_0b_9f0647da metric=ms_per_token process=2 run=4 value=11.4520 outlier=false
arm=a00_0b_9f0647da metric=ms_per_token process=2 run=5 value=11.4350 outlier=false
arm=a00_0b_9f0647da metric=ms_per_token process=2 run=6 value=11.4010 outlier=false
arm=a00_0b_9f0647da metric=ms_per_token process=2 run=7 value=11.6520 outlier=false
summary arm=a00_0b_9f0647da metric=ms_per_token n_all=21 median_all=11.7080 cov_all_pct=9.11 min_all=11.1690 max_all=15.3430 | n_kept=16 median_kept=11.6225 mad_kept=0.1790 cov_kept_pct=4.19 min_kept=11.1690 max_kept=12.9060
arm=a00_0b_9f0647da metric=prefill_ms process=0 run=1 value=121.9700 outlier=false
arm=a00_0b_9f0647da metric=prefill_ms process=0 run=2 value=141.9960 outlier=false
arm=a00_0b_9f0647da metric=prefill_ms process=0 run=3 value=141.9960 outlier=false
arm=a00_0b_9f0647da metric=prefill_ms process=0 run=4 value=121.9710 outlier=false
arm=a00_0b_9f0647da metric=prefill_ms process=0 run=5 value=139.0270 outlier=false
arm=a00_0b_9f0647da metric=prefill_ms process=0 run=6 value=130.9760 outlier=false
arm=a00_0b_9f0647da metric=prefill_ms process=0 run=7 value=124.9930 outlier=false
arm=a00_0b_9f0647da metric=prefill_ms process=1 run=1 value=122.9990 outlier=false
arm=a00_0b_9f0647da metric=prefill_ms process=1 run=2 value=151.0300 outlier=true
arm=a00_0b_9f0647da metric=prefill_ms process=1 run=3 value=126.0040 outlier=false
arm=a00_0b_9f0647da metric=prefill_ms process=1 run=4 value=167.0210 outlier=true
arm=a00_0b_9f0647da metric=prefill_ms process=1 run=5 value=172.9790 outlier=true
arm=a00_0b_9f0647da metric=prefill_ms process=1 run=6 value=150.9770 outlier=true
arm=a00_0b_9f0647da metric=prefill_ms process=1 run=7 value=139.9850 outlier=false
arm=a00_0b_9f0647da metric=prefill_ms process=2 run=1 value=123.0310 outlier=false
arm=a00_0b_9f0647da metric=prefill_ms process=2 run=2 value=127.0020 outlier=false
arm=a00_0b_9f0647da metric=prefill_ms process=2 run=3 value=147.9780 outlier=false
arm=a00_0b_9f0647da metric=prefill_ms process=2 run=4 value=123.0250 outlier=false
arm=a00_0b_9f0647da metric=prefill_ms process=2 run=5 value=123.0210 outlier=false
arm=a00_0b_9f0647da metric=prefill_ms process=2 run=6 value=123.0060 outlier=false
arm=a00_0b_9f0647da metric=prefill_ms process=2 run=7 value=122.9720 outlier=false
summary arm=a00_0b_9f0647da metric=prefill_ms n_all=21 median_all=127.0020 cov_all_pct=11.10 min_all=121.9700 max_all=172.9790 | n_kept=17 median_kept=124.9930 mad_kept=2.0210 cov_kept_pct=6.65 min_kept=121.9700 max_kept=147.9780
memory arm=a00_0b_9f0647da metric=peak_rss_bytes process=0 value=3631742976
memory arm=a00_0b_9f0647da metric=peak_rss_bytes process=1 value=3666378752
memory arm=a00_0b_9f0647da metric=peak_rss_bytes process=2 value=3642458112
summary arm=a00_0b_9f0647da metric=peak_rss_bytes n=3 median=3642458112 max=3666378752
memory arm=a00_0b_9f0647da metric=peak_footprint_bytes process=0 value=214460864
memory arm=a00_0b_9f0647da metric=peak_footprint_bytes process=1 value=232499584
memory arm=a00_0b_9f0647da metric=peak_footprint_bytes process=2 value=225896768
summary arm=a00_0b_9f0647da metric=peak_footprint_bytes n=3 median=225896768 max=232499584
extra arm=a00_0b_9f0647da process=0 peers_present_at_exit=[]
extra arm=a00_0b_9f0647da process=1 peers_present_at_exit=[]
extra arm=a00_0b_9f0647da process=2 peers_present_at_exit=[]
arm=a01_0c_152467a9 metric=ms_per_token process=0 run=1 value=11.6140 outlier=false
arm=a01_0c_152467a9 metric=ms_per_token process=0 run=2 value=11.5880 outlier=false
arm=a01_0c_152467a9 metric=ms_per_token process=0 run=3 value=11.7750 outlier=false
arm=a01_0c_152467a9 metric=ms_per_token process=0 run=4 value=11.6000 outlier=false
arm=a01_0c_152467a9 metric=ms_per_token process=0 run=5 value=11.6130 outlier=false
arm=a01_0c_152467a9 metric=ms_per_token process=0 run=6 value=11.6260 outlier=false
arm=a01_0c_152467a9 metric=ms_per_token process=0 run=7 value=11.6140 outlier=false
arm=a01_0c_152467a9 metric=ms_per_token process=1 run=1 value=11.5280 outlier=false
arm=a01_0c_152467a9 metric=ms_per_token process=1 run=2 value=11.8110 outlier=false
arm=a01_0c_152467a9 metric=ms_per_token process=1 run=3 value=11.7310 outlier=false
arm=a01_0c_152467a9 metric=ms_per_token process=1 run=4 value=11.7990 outlier=false
arm=a01_0c_152467a9 metric=ms_per_token process=1 run=5 value=11.5050 outlier=false
arm=a01_0c_152467a9 metric=ms_per_token process=1 run=6 value=12.1030 outlier=false
arm=a01_0c_152467a9 metric=ms_per_token process=1 run=7 value=11.6220 outlier=false
arm=a01_0c_152467a9 metric=ms_per_token process=2 run=1 value=11.4420 outlier=false
arm=a01_0c_152467a9 metric=ms_per_token process=2 run=2 value=11.4560 outlier=false
arm=a01_0c_152467a9 metric=ms_per_token process=2 run=3 value=11.4280 outlier=false
arm=a01_0c_152467a9 metric=ms_per_token process=2 run=4 value=12.7090 outlier=true
arm=a01_0c_152467a9 metric=ms_per_token process=2 run=5 value=11.4320 outlier=false
arm=a01_0c_152467a9 metric=ms_per_token process=2 run=6 value=12.2930 outlier=false
arm=a01_0c_152467a9 metric=ms_per_token process=2 run=7 value=12.2890 outlier=false
summary arm=a01_0c_152467a9 metric=ms_per_token n_all=21 median_all=11.6140 cov_all_pct=2.80 min_all=11.4280 max_all=12.7090 | n_kept=20 median_kept=11.6140 mad_kept=0.1375 cov_kept_pct=2.17 min_kept=11.4280 max_kept=12.2930
arm=a01_0c_152467a9 metric=prefill_ms process=0 run=1 value=121.9740 outlier=false
arm=a01_0c_152467a9 metric=prefill_ms process=0 run=2 value=122.0200 outlier=false
arm=a01_0c_152467a9 metric=prefill_ms process=0 run=3 value=120.9900 outlier=false
arm=a01_0c_152467a9 metric=prefill_ms process=0 run=4 value=144.0030 outlier=true
arm=a01_0c_152467a9 metric=prefill_ms process=0 run=5 value=132.9740 outlier=false
arm=a01_0c_152467a9 metric=prefill_ms process=0 run=6 value=123.0170 outlier=false
arm=a01_0c_152467a9 metric=prefill_ms process=0 run=7 value=122.0280 outlier=false
arm=a01_0c_152467a9 metric=prefill_ms process=1 run=1 value=126.0300 outlier=false
arm=a01_0c_152467a9 metric=prefill_ms process=1 run=2 value=123.9750 outlier=false
arm=a01_0c_152467a9 metric=prefill_ms process=1 run=3 value=134.0080 outlier=false
arm=a01_0c_152467a9 metric=prefill_ms process=1 run=4 value=134.9920 outlier=false
arm=a01_0c_152467a9 metric=prefill_ms process=1 run=5 value=130.0170 outlier=false
arm=a01_0c_152467a9 metric=prefill_ms process=1 run=6 value=123.0310 outlier=false
arm=a01_0c_152467a9 metric=prefill_ms process=1 run=7 value=134.0050 outlier=false
arm=a01_0c_152467a9 metric=prefill_ms process=2 run=1 value=124.9900 outlier=false
arm=a01_0c_152467a9 metric=prefill_ms process=2 run=2 value=123.9810 outlier=false
arm=a01_0c_152467a9 metric=prefill_ms process=2 run=3 value=123.9930 outlier=false
arm=a01_0c_152467a9 metric=prefill_ms process=2 run=4 value=131.0040 outlier=false
arm=a01_0c_152467a9 metric=prefill_ms process=2 run=5 value=139.9840 outlier=true
arm=a01_0c_152467a9 metric=prefill_ms process=2 run=6 value=123.9760 outlier=false
arm=a01_0c_152467a9 metric=prefill_ms process=2 run=7 value=126.0270 outlier=false
summary arm=a01_0c_152467a9 metric=prefill_ms n_all=21 median_all=124.9900 cov_all_pct=4.96 min_all=120.9900 max_all=144.0030 | n_kept=19 median_kept=123.9930 mad_kept=2.0190 cov_kept_pct=3.64 min_kept=120.9900 max_kept=134.9920
arm=a01_0c_152467a9 metric=ttft_ms process=0 run=1 value=122.0000 outlier=false
arm=a01_0c_152467a9 metric=ttft_ms process=0 run=2 value=122.0000 outlier=false
arm=a01_0c_152467a9 metric=ttft_ms process=0 run=3 value=121.0000 outlier=false
arm=a01_0c_152467a9 metric=ttft_ms process=0 run=4 value=144.0000 outlier=true
arm=a01_0c_152467a9 metric=ttft_ms process=0 run=5 value=133.0000 outlier=false
arm=a01_0c_152467a9 metric=ttft_ms process=0 run=6 value=123.0000 outlier=false
arm=a01_0c_152467a9 metric=ttft_ms process=0 run=7 value=122.0000 outlier=false
arm=a01_0c_152467a9 metric=ttft_ms process=1 run=1 value=126.0000 outlier=false
arm=a01_0c_152467a9 metric=ttft_ms process=1 run=2 value=124.0000 outlier=false
arm=a01_0c_152467a9 metric=ttft_ms process=1 run=3 value=134.0000 outlier=false
arm=a01_0c_152467a9 metric=ttft_ms process=1 run=4 value=135.0000 outlier=false
arm=a01_0c_152467a9 metric=ttft_ms process=1 run=5 value=130.0000 outlier=false
arm=a01_0c_152467a9 metric=ttft_ms process=1 run=6 value=123.0000 outlier=false
arm=a01_0c_152467a9 metric=ttft_ms process=1 run=7 value=134.0000 outlier=false
arm=a01_0c_152467a9 metric=ttft_ms process=2 run=1 value=125.0000 outlier=false
arm=a01_0c_152467a9 metric=ttft_ms process=2 run=2 value=124.0000 outlier=false
arm=a01_0c_152467a9 metric=ttft_ms process=2 run=3 value=124.0000 outlier=false
arm=a01_0c_152467a9 metric=ttft_ms process=2 run=4 value=131.0000 outlier=false
arm=a01_0c_152467a9 metric=ttft_ms process=2 run=5 value=140.0000 outlier=true
arm=a01_0c_152467a9 metric=ttft_ms process=2 run=6 value=124.0000 outlier=false
arm=a01_0c_152467a9 metric=ttft_ms process=2 run=7 value=126.0000 outlier=false
summary arm=a01_0c_152467a9 metric=ttft_ms n_all=21 median_all=125.0000 cov_all_pct=4.96 min_all=121.0000 max_all=144.0000 | n_kept=19 median_kept=124.0000 mad_kept=2.0000 cov_kept_pct=3.64 min_kept=121.0000 max_kept=135.0000
memory arm=a01_0c_152467a9 metric=peak_rss_bytes process=0 value=3629514752
memory arm=a01_0c_152467a9 metric=peak_rss_bytes process=1 value=3645833216
memory arm=a01_0c_152467a9 metric=peak_rss_bytes process=2 value=3649404928
summary arm=a01_0c_152467a9 metric=peak_rss_bytes n=3 median=3645833216 max=3649404928
memory arm=a01_0c_152467a9 metric=peak_footprint_bytes process=0 value=206481600
memory arm=a01_0c_152467a9 metric=peak_footprint_bytes process=1 value=217442688
memory arm=a01_0c_152467a9 metric=peak_footprint_bytes process=2 value=218311040
summary arm=a01_0c_152467a9 metric=peak_footprint_bytes n=3 median=217442688 max=218311040
memory arm=a01_0c_152467a9 metric=peak_gpu_bytes process=0 value=3387523072
memory arm=a01_0c_152467a9 metric=peak_gpu_bytes process=1 value=3387523072
memory arm=a01_0c_152467a9 metric=peak_gpu_bytes process=2 value=3387473920
summary arm=a01_0c_152467a9 metric=peak_gpu_bytes n=3 median=3387523072 max=3387523072
extra arm=a01_0c_152467a9 process=0 peers_present_at_exit=[]
extra arm=a01_0c_152467a9 process=1 peers_present_at_exit=[]
extra arm=a01_0c_152467a9 process=2 peers_present_at_exit=[]
arm=a02_slice5 metric=ms_per_token process=0 run=1 value=11.5690 outlier=false
arm=a02_slice5 metric=ms_per_token process=0 run=2 value=11.6680 outlier=false
arm=a02_slice5 metric=ms_per_token process=0 run=3 value=11.5930 outlier=false
arm=a02_slice5 metric=ms_per_token process=0 run=4 value=11.5000 outlier=false
arm=a02_slice5 metric=ms_per_token process=0 run=5 value=11.6070 outlier=false
arm=a02_slice5 metric=ms_per_token process=0 run=6 value=11.5940 outlier=false
arm=a02_slice5 metric=ms_per_token process=0 run=7 value=11.8030 outlier=false
arm=a02_slice5 metric=ms_per_token process=1 run=1 value=11.5690 outlier=false
arm=a02_slice5 metric=ms_per_token process=1 run=2 value=11.6090 outlier=false
arm=a02_slice5 metric=ms_per_token process=1 run=3 value=11.8490 outlier=false
arm=a02_slice5 metric=ms_per_token process=1 run=4 value=11.8290 outlier=false
arm=a02_slice5 metric=ms_per_token process=1 run=5 value=11.9730 outlier=false
arm=a02_slice5 metric=ms_per_token process=1 run=6 value=11.6690 outlier=false
arm=a02_slice5 metric=ms_per_token process=1 run=7 value=11.8330 outlier=false
arm=a02_slice5 metric=ms_per_token process=2 run=1 value=12.9370 outlier=true
arm=a02_slice5 metric=ms_per_token process=2 run=2 value=13.2950 outlier=true
arm=a02_slice5 metric=ms_per_token process=2 run=3 value=12.6500 outlier=false
arm=a02_slice5 metric=ms_per_token process=2 run=4 value=12.9180 outlier=true
arm=a02_slice5 metric=ms_per_token process=2 run=5 value=12.6630 outlier=false
arm=a02_slice5 metric=ms_per_token process=2 run=6 value=12.0050 outlier=false
arm=a02_slice5 metric=ms_per_token process=2 run=7 value=11.9140 outlier=false
summary arm=a02_slice5 metric=ms_per_token n_all=21 median_all=11.8290 cov_all_pct=4.40 min_all=11.5000 max_all=13.2950 | n_kept=18 median_kept=11.7360 mad_kept=0.1425 cov_kept_pct=2.77 min_kept=11.5000 max_kept=12.6630
arm=a02_slice5 metric=prefill_ms process=0 run=1 value=122.0030 outlier=false
arm=a02_slice5 metric=prefill_ms process=0 run=2 value=121.9710 outlier=false
arm=a02_slice5 metric=prefill_ms process=0 run=3 value=123.0200 outlier=false
arm=a02_slice5 metric=prefill_ms process=0 run=4 value=139.0220 outlier=false
arm=a02_slice5 metric=prefill_ms process=0 run=5 value=126.9780 outlier=false
arm=a02_slice5 metric=prefill_ms process=0 run=6 value=121.9830 outlier=false
arm=a02_slice5 metric=prefill_ms process=0 run=7 value=122.9900 outlier=false
arm=a02_slice5 metric=prefill_ms process=1 run=1 value=127.0170 outlier=false
arm=a02_slice5 metric=prefill_ms process=1 run=2 value=121.9960 outlier=false
arm=a02_slice5 metric=prefill_ms process=1 run=3 value=122.0130 outlier=false
arm=a02_slice5 metric=prefill_ms process=1 run=4 value=129.0240 outlier=false
arm=a02_slice5 metric=prefill_ms process=1 run=5 value=139.0240 outlier=false
arm=a02_slice5 metric=prefill_ms process=1 run=6 value=143.9750 outlier=false
arm=a02_slice5 metric=prefill_ms process=1 run=7 value=138.0210 outlier=false
arm=a02_slice5 metric=prefill_ms process=2 run=1 value=124.0220 outlier=false
arm=a02_slice5 metric=prefill_ms process=2 run=2 value=149.9820 outlier=true
arm=a02_slice5 metric=prefill_ms process=2 run=3 value=139.9900 outlier=false
arm=a02_slice5 metric=prefill_ms process=2 run=4 value=144.9830 outlier=false
arm=a02_slice5 metric=prefill_ms process=2 run=5 value=125.0250 outlier=false
arm=a02_slice5 metric=prefill_ms process=2 run=6 value=147.0040 outlier=false
arm=a02_slice5 metric=prefill_ms process=2 run=7 value=146.9790 outlier=false
summary arm=a02_slice5 metric=prefill_ms n_all=21 median_all=127.0170 cov_all_pct=7.59 min_all=121.9710 max_all=149.9820 | n_kept=20 median_kept=126.9975 mad_kept=5.0080 cov_kept_pct=7.19 min_kept=121.9710 max_kept=147.0040
arm=a02_slice5 metric=ttft_ms process=0 run=1 value=122.0000 outlier=false
arm=a02_slice5 metric=ttft_ms process=0 run=2 value=122.0000 outlier=false
arm=a02_slice5 metric=ttft_ms process=0 run=3 value=123.0000 outlier=false
arm=a02_slice5 metric=ttft_ms process=0 run=4 value=139.0000 outlier=false
arm=a02_slice5 metric=ttft_ms process=0 run=5 value=127.0000 outlier=false
arm=a02_slice5 metric=ttft_ms process=0 run=6 value=122.0000 outlier=false
arm=a02_slice5 metric=ttft_ms process=0 run=7 value=123.0000 outlier=false
arm=a02_slice5 metric=ttft_ms process=1 run=1 value=127.0000 outlier=false
arm=a02_slice5 metric=ttft_ms process=1 run=2 value=122.0000 outlier=false
arm=a02_slice5 metric=ttft_ms process=1 run=3 value=122.0000 outlier=false
arm=a02_slice5 metric=ttft_ms process=1 run=4 value=129.0000 outlier=false
arm=a02_slice5 metric=ttft_ms process=1 run=5 value=139.0000 outlier=false
arm=a02_slice5 metric=ttft_ms process=1 run=6 value=144.0000 outlier=false
arm=a02_slice5 metric=ttft_ms process=1 run=7 value=138.0000 outlier=false
arm=a02_slice5 metric=ttft_ms process=2 run=1 value=124.0000 outlier=false
arm=a02_slice5 metric=ttft_ms process=2 run=2 value=150.0000 outlier=true
arm=a02_slice5 metric=ttft_ms process=2 run=3 value=140.0000 outlier=false
arm=a02_slice5 metric=ttft_ms process=2 run=4 value=145.0000 outlier=false
arm=a02_slice5 metric=ttft_ms process=2 run=5 value=125.0000 outlier=false
arm=a02_slice5 metric=ttft_ms process=2 run=6 value=147.0000 outlier=false
arm=a02_slice5 metric=ttft_ms process=2 run=7 value=147.0000 outlier=false
summary arm=a02_slice5 metric=ttft_ms n_all=21 median_all=127.0000 cov_all_pct=7.59 min_all=122.0000 max_all=150.0000 | n_kept=20 median_kept=127.0000 mad_kept=5.0000 cov_kept_pct=7.20 min_kept=122.0000 max_kept=147.0000
memory arm=a02_slice5 metric=peak_rss_bytes process=0 value=3632201728
memory arm=a02_slice5 metric=peak_rss_bytes process=1 value=3646291968
memory arm=a02_slice5 metric=peak_rss_bytes process=2 value=3670884352
summary arm=a02_slice5 metric=peak_rss_bytes n=3 median=3646291968 max=3670884352
memory arm=a02_slice5 metric=peak_footprint_bytes process=0 value=213821952
memory arm=a02_slice5 metric=peak_footprint_bytes process=1 value=218130816
memory arm=a02_slice5 metric=peak_footprint_bytes process=2 value=236792256
summary arm=a02_slice5 metric=peak_footprint_bytes n=3 median=218130816 max=236792256
memory arm=a02_slice5 metric=peak_gpu_bytes process=0 value=3387539456
memory arm=a02_slice5 metric=peak_gpu_bytes process=1 value=3387637760
memory arm=a02_slice5 metric=peak_gpu_bytes process=2 value=3387539456
summary arm=a02_slice5 metric=peak_gpu_bytes n=3 median=3387539456 max=3387637760
extra arm=a02_slice5 process=0 peers_present_at_exit=[]
extra arm=a02_slice5 process=1 peers_present_at_exit=[]
extra arm=a02_slice5 process=2 peers_present_at_exit=[]
arm=a03_slice6 metric=ms_per_token process=0 run=1 value=11.5270 outlier=false
arm=a03_slice6 metric=ms_per_token process=0 run=2 value=11.5470 outlier=false
arm=a03_slice6 metric=ms_per_token process=0 run=3 value=11.5890 outlier=false
arm=a03_slice6 metric=ms_per_token process=0 run=4 value=11.4850 outlier=false
arm=a03_slice6 metric=ms_per_token process=0 run=5 value=11.2760 outlier=false
arm=a03_slice6 metric=ms_per_token process=0 run=6 value=12.2900 outlier=false
arm=a03_slice6 metric=ms_per_token process=0 run=7 value=11.5510 outlier=false
arm=a03_slice6 metric=ms_per_token process=1 run=1 value=11.8100 outlier=false
arm=a03_slice6 metric=ms_per_token process=1 run=2 value=11.8930 outlier=false
arm=a03_slice6 metric=ms_per_token process=1 run=3 value=11.5760 outlier=false
arm=a03_slice6 metric=ms_per_token process=1 run=4 value=11.5990 outlier=false
arm=a03_slice6 metric=ms_per_token process=1 run=5 value=12.0230 outlier=false
arm=a03_slice6 metric=ms_per_token process=1 run=6 value=11.5970 outlier=false
arm=a03_slice6 metric=ms_per_token process=1 run=7 value=11.6070 outlier=false
arm=a03_slice6 metric=ms_per_token process=2 run=1 value=11.8280 outlier=false
arm=a03_slice6 metric=ms_per_token process=2 run=2 value=12.1740 outlier=false
arm=a03_slice6 metric=ms_per_token process=2 run=3 value=11.4420 outlier=false
arm=a03_slice6 metric=ms_per_token process=2 run=4 value=11.3530 outlier=false
arm=a03_slice6 metric=ms_per_token process=2 run=5 value=12.9140 outlier=true
arm=a03_slice6 metric=ms_per_token process=2 run=6 value=12.5580 outlier=true
arm=a03_slice6 metric=ms_per_token process=2 run=7 value=12.8060 outlier=true
summary arm=a03_slice6 metric=ms_per_token n_all=21 median_all=11.5990 cov_all_pct=3.85 min_all=11.2760 max_all=12.9140 | n_kept=18 median_kept=11.5930 mad_kept=0.1295 cov_kept_pct=2.28 min_kept=11.2760 max_kept=12.2900
arm=a03_slice6 metric=prefill_ms process=0 run=1 value=122.0180 outlier=false
arm=a03_slice6 metric=prefill_ms process=0 run=2 value=122.9930 outlier=false
arm=a03_slice6 metric=prefill_ms process=0 run=3 value=125.0030 outlier=false
arm=a03_slice6 metric=prefill_ms process=0 run=4 value=131.9810 outlier=false
arm=a03_slice6 metric=prefill_ms process=0 run=5 value=125.0050 outlier=false
arm=a03_slice6 metric=prefill_ms process=0 run=6 value=122.9900 outlier=false
arm=a03_slice6 metric=prefill_ms process=0 run=7 value=142.9840 outlier=false
arm=a03_slice6 metric=prefill_ms process=1 run=1 value=130.0260 outlier=false
arm=a03_slice6 metric=prefill_ms process=1 run=2 value=140.9780 outlier=false
arm=a03_slice6 metric=prefill_ms process=1 run=3 value=144.0240 outlier=false
arm=a03_slice6 metric=prefill_ms process=1 run=4 value=123.9760 outlier=false
arm=a03_slice6 metric=prefill_ms process=1 run=5 value=122.9910 outlier=false
arm=a03_slice6 metric=prefill_ms process=1 run=6 value=133.0050 outlier=false
arm=a03_slice6 metric=prefill_ms process=1 run=7 value=122.9950 outlier=false
arm=a03_slice6 metric=prefill_ms process=2 run=1 value=151.0170 outlier=false
arm=a03_slice6 metric=prefill_ms process=2 run=2 value=150.0310 outlier=false
arm=a03_slice6 metric=prefill_ms process=2 run=3 value=147.9810 outlier=false
arm=a03_slice6 metric=prefill_ms process=2 run=4 value=143.0230 outlier=false
arm=a03_slice6 metric=prefill_ms process=2 run=5 value=123.0190 outlier=false
arm=a03_slice6 metric=prefill_ms process=2 run=6 value=133.9980 outlier=false
arm=a03_slice6 metric=prefill_ms process=2 run=7 value=123.0190 outlier=false
summary arm=a03_slice6 metric=prefill_ms n_all=21 median_all=130.0260 cov_all_pct=7.65 min_all=122.0180 max_all=151.0170 | n_kept=21 median_kept=130.0260 mad_kept=7.0330 cov_kept_pct=7.65 min_kept=122.0180 max_kept=151.0170
arm=a03_slice6 metric=ttft_ms process=0 run=1 value=122.0000 outlier=false
arm=a03_slice6 metric=ttft_ms process=0 run=2 value=123.0000 outlier=false
arm=a03_slice6 metric=ttft_ms process=0 run=3 value=125.0000 outlier=false
arm=a03_slice6 metric=ttft_ms process=0 run=4 value=132.0000 outlier=false
arm=a03_slice6 metric=ttft_ms process=0 run=5 value=125.0000 outlier=false
arm=a03_slice6 metric=ttft_ms process=0 run=6 value=123.0000 outlier=false
arm=a03_slice6 metric=ttft_ms process=0 run=7 value=143.0000 outlier=false
arm=a03_slice6 metric=ttft_ms process=1 run=1 value=130.0000 outlier=false
arm=a03_slice6 metric=ttft_ms process=1 run=2 value=141.0000 outlier=false
arm=a03_slice6 metric=ttft_ms process=1 run=3 value=144.0000 outlier=false
arm=a03_slice6 metric=ttft_ms process=1 run=4 value=124.0000 outlier=false
arm=a03_slice6 metric=ttft_ms process=1 run=5 value=123.0000 outlier=false
arm=a03_slice6 metric=ttft_ms process=1 run=6 value=133.0000 outlier=false
arm=a03_slice6 metric=ttft_ms process=1 run=7 value=123.0000 outlier=false
arm=a03_slice6 metric=ttft_ms process=2 run=1 value=151.0000 outlier=false
arm=a03_slice6 metric=ttft_ms process=2 run=2 value=150.0000 outlier=false
arm=a03_slice6 metric=ttft_ms process=2 run=3 value=148.0000 outlier=false
arm=a03_slice6 metric=ttft_ms process=2 run=4 value=143.0000 outlier=false
arm=a03_slice6 metric=ttft_ms process=2 run=5 value=123.0000 outlier=false
arm=a03_slice6 metric=ttft_ms process=2 run=6 value=134.0000 outlier=false
arm=a03_slice6 metric=ttft_ms process=2 run=7 value=123.0000 outlier=false
summary arm=a03_slice6 metric=ttft_ms n_all=21 median_all=130.0000 cov_all_pct=7.65 min_all=122.0000 max_all=151.0000 | n_kept=21 median_kept=130.0000 mad_kept=7.0000 cov_kept_pct=7.65 min_kept=122.0000 max_kept=151.0000
memory arm=a03_slice6 metric=peak_rss_bytes process=0 value=3650142208
memory arm=a03_slice6 metric=peak_rss_bytes process=1 value=3627122688
memory arm=a03_slice6 metric=peak_rss_bytes process=2 value=3648700416
summary arm=a03_slice6 metric=peak_rss_bytes n=3 median=3648700416 max=3650142208
memory arm=a03_slice6 metric=peak_footprint_bytes process=0 value=213608640
memory arm=a03_slice6 metric=peak_footprint_bytes process=1 value=212134208
memory arm=a03_slice6 metric=peak_footprint_bytes process=2 value=223406464
summary arm=a03_slice6 metric=peak_footprint_bytes n=3 median=213608640 max=223406464
memory arm=a03_slice6 metric=peak_gpu_bytes process=0 value=3387277312
memory arm=a03_slice6 metric=peak_gpu_bytes process=1 value=3387506688
memory arm=a03_slice6 metric=peak_gpu_bytes process=2 value=3388030976
summary arm=a03_slice6 metric=peak_gpu_bytes n=3 median=3387506688 max=3388030976
extra arm=a03_slice6 process=0 peers_present_at_exit=[]
extra arm=a03_slice6 process=1 peers_present_at_exit=[]
extra arm=a03_slice6 process=2 peers_present_at_exit=[]
arm=a04_slice7 metric=ms_per_token process=0 run=1 value=11.4900 outlier=false
arm=a04_slice7 metric=ms_per_token process=0 run=2 value=11.4610 outlier=false
arm=a04_slice7 metric=ms_per_token process=0 run=3 value=11.5510 outlier=false
arm=a04_slice7 metric=ms_per_token process=0 run=4 value=11.5840 outlier=false
arm=a04_slice7 metric=ms_per_token process=0 run=5 value=11.5950 outlier=false
arm=a04_slice7 metric=ms_per_token process=0 run=6 value=11.5520 outlier=false
arm=a04_slice7 metric=ms_per_token process=0 run=7 value=11.5710 outlier=false
arm=a04_slice7 metric=ms_per_token process=1 run=1 value=11.7590 outlier=false
arm=a04_slice7 metric=ms_per_token process=1 run=2 value=11.7890 outlier=false
arm=a04_slice7 metric=ms_per_token process=1 run=3 value=11.6850 outlier=false
arm=a04_slice7 metric=ms_per_token process=1 run=4 value=11.7400 outlier=false
arm=a04_slice7 metric=ms_per_token process=1 run=5 value=11.7400 outlier=false
arm=a04_slice7 metric=ms_per_token process=1 run=6 value=11.7010 outlier=false
arm=a04_slice7 metric=ms_per_token process=1 run=7 value=11.6370 outlier=false
arm=a04_slice7 metric=ms_per_token process=2 run=1 value=11.3500 outlier=false
arm=a04_slice7 metric=ms_per_token process=2 run=2 value=12.5600 outlier=true
arm=a04_slice7 metric=ms_per_token process=2 run=3 value=12.3620 outlier=false
arm=a04_slice7 metric=ms_per_token process=2 run=4 value=12.1520 outlier=false
arm=a04_slice7 metric=ms_per_token process=2 run=5 value=11.9080 outlier=false
arm=a04_slice7 metric=ms_per_token process=2 run=6 value=12.1870 outlier=false
arm=a04_slice7 metric=ms_per_token process=2 run=7 value=12.5410 outlier=true
summary arm=a04_slice7 metric=ms_per_token n_all=21 median_all=11.7010 cov_all_pct=2.90 min_all=11.3500 max_all=12.5600 | n_kept=19 median_kept=11.6850 mad_kept=0.1140 cov_kept_pct=2.18 min_kept=11.3500 max_kept=12.3620
arm=a04_slice7 metric=prefill_ms process=0 run=1 value=122.9900 outlier=false
arm=a04_slice7 metric=prefill_ms process=0 run=2 value=122.9760 outlier=false
arm=a04_slice7 metric=prefill_ms process=0 run=3 value=122.9800 outlier=false
arm=a04_slice7 metric=prefill_ms process=0 run=4 value=124.9880 outlier=false
arm=a04_slice7 metric=prefill_ms process=0 run=5 value=123.0150 outlier=false
arm=a04_slice7 metric=prefill_ms process=0 run=6 value=122.9900 outlier=false
arm=a04_slice7 metric=prefill_ms process=0 run=7 value=123.0250 outlier=false
arm=a04_slice7 metric=prefill_ms process=1 run=1 value=134.9940 outlier=false
arm=a04_slice7 metric=prefill_ms process=1 run=2 value=138.0270 outlier=false
arm=a04_slice7 metric=prefill_ms process=1 run=3 value=137.9780 outlier=false
arm=a04_slice7 metric=prefill_ms process=1 run=4 value=133.0040 outlier=false
arm=a04_slice7 metric=prefill_ms process=1 run=5 value=138.9810 outlier=false
arm=a04_slice7 metric=prefill_ms process=1 run=6 value=136.9930 outlier=false
arm=a04_slice7 metric=prefill_ms process=1 run=7 value=137.0280 outlier=false
arm=a04_slice7 metric=prefill_ms process=2 run=1 value=131.9810 outlier=false
arm=a04_slice7 metric=prefill_ms process=2 run=2 value=123.0110 outlier=false
arm=a04_slice7 metric=prefill_ms process=2 run=3 value=124.9860 outlier=false
arm=a04_slice7 metric=prefill_ms process=2 run=4 value=144.0270 outlier=false
arm=a04_slice7 metric=prefill_ms process=2 run=5 value=125.9960 outlier=false
arm=a04_slice7 metric=prefill_ms process=2 run=6 value=128.9990 outlier=false
arm=a04_slice7 metric=prefill_ms process=2 run=7 value=140.9800 outlier=false
summary arm=a04_slice7 metric=prefill_ms n_all=21 median_all=128.9990 cov_all_pct=5.47 min_all=122.9760 max_all=144.0270 | n_kept=21 median_kept=128.9990 mad_kept=6.0090 cov_kept_pct=5.47 min_kept=122.9760 max_kept=144.0270
arm=a04_slice7 metric=ttft_ms process=0 run=1 value=123.0000 outlier=false
arm=a04_slice7 metric=ttft_ms process=0 run=2 value=123.0000 outlier=false
arm=a04_slice7 metric=ttft_ms process=0 run=3 value=123.0000 outlier=false
arm=a04_slice7 metric=ttft_ms process=0 run=4 value=125.0000 outlier=false
arm=a04_slice7 metric=ttft_ms process=0 run=5 value=123.0000 outlier=false
arm=a04_slice7 metric=ttft_ms process=0 run=6 value=123.0000 outlier=false
arm=a04_slice7 metric=ttft_ms process=0 run=7 value=123.0000 outlier=false
arm=a04_slice7 metric=ttft_ms process=1 run=1 value=135.0000 outlier=false
arm=a04_slice7 metric=ttft_ms process=1 run=2 value=138.0000 outlier=false
arm=a04_slice7 metric=ttft_ms process=1 run=3 value=138.0000 outlier=false
arm=a04_slice7 metric=ttft_ms process=1 run=4 value=133.0000 outlier=false
arm=a04_slice7 metric=ttft_ms process=1 run=5 value=139.0000 outlier=false
arm=a04_slice7 metric=ttft_ms process=1 run=6 value=137.0000 outlier=false
arm=a04_slice7 metric=ttft_ms process=1 run=7 value=137.0000 outlier=false
arm=a04_slice7 metric=ttft_ms process=2 run=1 value=132.0000 outlier=false
arm=a04_slice7 metric=ttft_ms process=2 run=2 value=123.0000 outlier=false
arm=a04_slice7 metric=ttft_ms process=2 run=3 value=125.0000 outlier=false
arm=a04_slice7 metric=ttft_ms process=2 run=4 value=144.0000 outlier=false
arm=a04_slice7 metric=ttft_ms process=2 run=5 value=126.0000 outlier=false
arm=a04_slice7 metric=ttft_ms process=2 run=6 value=129.0000 outlier=false
arm=a04_slice7 metric=ttft_ms process=2 run=7 value=141.0000 outlier=false
summary arm=a04_slice7 metric=ttft_ms n_all=21 median_all=129.0000 cov_all_pct=5.46 min_all=123.0000 max_all=144.0000 | n_kept=21 median_kept=129.0000 mad_kept=6.0000 cov_kept_pct=5.46 min_kept=123.0000 max_kept=144.0000
memory arm=a04_slice7 metric=peak_rss_bytes process=0 value=3636396032
memory arm=a04_slice7 metric=peak_rss_bytes process=1 value=3626123264
memory arm=a04_slice7 metric=peak_rss_bytes process=2 value=3648602112
summary arm=a04_slice7 metric=peak_rss_bytes n=3 median=3636396032 max=3648602112
memory arm=a04_slice7 metric=peak_footprint_bytes process=0 value=221849664
memory arm=a04_slice7 metric=peak_footprint_bytes process=1 value=212215872
memory arm=a04_slice7 metric=peak_footprint_bytes process=2 value=233532160
summary arm=a04_slice7 metric=peak_footprint_bytes n=3 median=221849664 max=233532160
memory arm=a04_slice7 metric=peak_gpu_bytes process=0 value=3387408384
memory arm=a04_slice7 metric=peak_gpu_bytes process=1 value=3387506688
memory arm=a04_slice7 metric=peak_gpu_bytes process=2 value=3387604992
summary arm=a04_slice7 metric=peak_gpu_bytes n=3 median=3387506688 max=3387604992
extra arm=a04_slice7 process=0 peers_present_at_exit=[]
extra arm=a04_slice7 process=1 peers_present_at_exit=[]
extra arm=a04_slice7 process=2 peers_present_at_exit=[]
arm=a05_slice8 metric=ms_per_token process=0 run=1 value=11.6040 outlier=false
arm=a05_slice8 metric=ms_per_token process=0 run=2 value=11.6360 outlier=false
arm=a05_slice8 metric=ms_per_token process=0 run=3 value=11.6340 outlier=false
arm=a05_slice8 metric=ms_per_token process=0 run=4 value=12.1240 outlier=false
arm=a05_slice8 metric=ms_per_token process=0 run=5 value=11.9240 outlier=false
arm=a05_slice8 metric=ms_per_token process=0 run=6 value=11.9520 outlier=false
arm=a05_slice8 metric=ms_per_token process=0 run=7 value=11.8960 outlier=false
arm=a05_slice8 metric=ms_per_token process=1 run=1 value=11.5820 outlier=false
arm=a05_slice8 metric=ms_per_token process=1 run=2 value=11.5900 outlier=false
arm=a05_slice8 metric=ms_per_token process=1 run=3 value=11.9110 outlier=false
arm=a05_slice8 metric=ms_per_token process=1 run=4 value=11.5860 outlier=false
arm=a05_slice8 metric=ms_per_token process=1 run=5 value=11.7850 outlier=false
arm=a05_slice8 metric=ms_per_token process=1 run=6 value=11.7590 outlier=false
arm=a05_slice8 metric=ms_per_token process=1 run=7 value=11.7850 outlier=false
arm=a05_slice8 metric=ms_per_token process=2 run=1 value=11.3800 outlier=false
arm=a05_slice8 metric=ms_per_token process=2 run=2 value=11.4540 outlier=false
arm=a05_slice8 metric=ms_per_token process=2 run=3 value=12.9290 outlier=true
arm=a05_slice8 metric=ms_per_token process=2 run=4 value=12.7990 outlier=true
arm=a05_slice8 metric=ms_per_token process=2 run=5 value=12.7400 outlier=true
arm=a05_slice8 metric=ms_per_token process=2 run=6 value=12.5880 outlier=false
arm=a05_slice8 metric=ms_per_token process=2 run=7 value=11.3470 outlier=false
summary arm=a05_slice8 metric=ms_per_token n_all=21 median_all=11.7850 cov_all_pct=3.86 min_all=11.3470 max_all=12.9290 | n_kept=18 median_kept=11.6975 mad_kept=0.1570 cov_kept_pct=2.44 min_kept=11.3470 max_kept=12.5880
arm=a05_slice8 metric=prefill_ms process=0 run=1 value=140.0130 outlier=false
arm=a05_slice8 metric=prefill_ms process=0 run=2 value=139.0170 outlier=false
arm=a05_slice8 metric=prefill_ms process=0 run=3 value=122.0080 outlier=false
arm=a05_slice8 metric=prefill_ms process=0 run=4 value=122.9800 outlier=false
arm=a05_slice8 metric=prefill_ms process=0 run=5 value=143.0210 outlier=false
arm=a05_slice8 metric=prefill_ms process=0 run=6 value=121.9850 outlier=false
arm=a05_slice8 metric=prefill_ms process=0 run=7 value=121.9960 outlier=false
arm=a05_slice8 metric=prefill_ms process=1 run=1 value=122.9930 outlier=false
arm=a05_slice8 metric=prefill_ms process=1 run=2 value=122.9810 outlier=false
arm=a05_slice8 metric=prefill_ms process=1 run=3 value=122.0030 outlier=false
arm=a05_slice8 metric=prefill_ms process=1 run=4 value=137.0290 outlier=false
arm=a05_slice8 metric=prefill_ms process=1 run=5 value=127.0080 outlier=false
arm=a05_slice8 metric=prefill_ms process=1 run=6 value=138.0080 outlier=false
arm=a05_slice8 metric=prefill_ms process=1 run=7 value=123.0270 outlier=false
arm=a05_slice8 metric=prefill_ms process=2 run=1 value=127.0200 outlier=false
arm=a05_slice8 metric=prefill_ms process=2 run=2 value=131.9720 outlier=false
arm=a05_slice8 metric=prefill_ms process=2 run=3 value=122.9910 outlier=false
arm=a05_slice8 metric=prefill_ms process=2 run=4 value=128.0180 outlier=false
arm=a05_slice8 metric=prefill_ms process=2 run=5 value=133.0050 outlier=false
arm=a05_slice8 metric=prefill_ms process=2 run=6 value=136.9810 outlier=false
arm=a05_slice8 metric=prefill_ms process=2 run=7 value=125.9890 outlier=false
summary arm=a05_slice8 metric=prefill_ms n_all=21 median_all=127.0080 cov_all_pct=5.47 min_all=121.9850 max_all=143.0210 | n_kept=21 median_kept=127.0080 mad_kept=5.0000 cov_kept_pct=5.47 min_kept=121.9850 max_kept=143.0210
arm=a05_slice8 metric=ttft_ms process=0 run=1 value=140.0000 outlier=false
arm=a05_slice8 metric=ttft_ms process=0 run=2 value=139.0000 outlier=false
arm=a05_slice8 metric=ttft_ms process=0 run=3 value=122.0000 outlier=false
arm=a05_slice8 metric=ttft_ms process=0 run=4 value=123.0000 outlier=false
arm=a05_slice8 metric=ttft_ms process=0 run=5 value=143.0000 outlier=false
arm=a05_slice8 metric=ttft_ms process=0 run=6 value=122.0000 outlier=false
arm=a05_slice8 metric=ttft_ms process=0 run=7 value=122.0000 outlier=false
arm=a05_slice8 metric=ttft_ms process=1 run=1 value=123.0000 outlier=false
arm=a05_slice8 metric=ttft_ms process=1 run=2 value=123.0000 outlier=false
arm=a05_slice8 metric=ttft_ms process=1 run=3 value=122.0000 outlier=false
arm=a05_slice8 metric=ttft_ms process=1 run=4 value=137.0000 outlier=false
arm=a05_slice8 metric=ttft_ms process=1 run=5 value=127.0000 outlier=false
arm=a05_slice8 metric=ttft_ms process=1 run=6 value=138.0000 outlier=false
arm=a05_slice8 metric=ttft_ms process=1 run=7 value=123.0000 outlier=false
arm=a05_slice8 metric=ttft_ms process=2 run=1 value=127.0000 outlier=false
arm=a05_slice8 metric=ttft_ms process=2 run=2 value=132.0000 outlier=false
arm=a05_slice8 metric=ttft_ms process=2 run=3 value=123.0000 outlier=false
arm=a05_slice8 metric=ttft_ms process=2 run=4 value=128.0000 outlier=false
arm=a05_slice8 metric=ttft_ms process=2 run=5 value=133.0000 outlier=false
arm=a05_slice8 metric=ttft_ms process=2 run=6 value=137.0000 outlier=false
arm=a05_slice8 metric=ttft_ms process=2 run=7 value=126.0000 outlier=false
summary arm=a05_slice8 metric=ttft_ms n_all=21 median_all=127.0000 cov_all_pct=5.47 min_all=122.0000 max_all=143.0000 | n_kept=21 median_kept=127.0000 mad_kept=5.0000 cov_kept_pct=5.47 min_kept=122.0000 max_kept=143.0000
memory arm=a05_slice8 metric=peak_rss_bytes process=0 value=3640623104
memory arm=a05_slice8 metric=peak_rss_bytes process=1 value=3633283072
memory arm=a05_slice8 metric=peak_rss_bytes process=2 value=3655680000
summary arm=a05_slice8 metric=peak_rss_bytes n=3 median=3640623104 max=3655680000
memory arm=a05_slice8 metric=peak_footprint_bytes process=0 value=216410304
memory arm=a05_slice8 metric=peak_footprint_bytes process=1 value=205187136
memory arm=a05_slice8 metric=peak_footprint_bytes process=2 value=223275328
summary arm=a05_slice8 metric=peak_footprint_bytes n=3 median=216410304 max=223275328
memory arm=a05_slice8 metric=peak_gpu_bytes process=0 value=3386261504
memory arm=a05_slice8 metric=peak_gpu_bytes process=1 value=3386408960
memory arm=a05_slice8 metric=peak_gpu_bytes process=2 value=3386408960
summary arm=a05_slice8 metric=peak_gpu_bytes n=3 median=3386408960 max=3386408960
extra arm=a05_slice8 process=0 peers_present_at_exit=[]
extra arm=a05_slice8 process=1 peers_present_at_exit=[]
extra arm=a05_slice8 process=2 peers_present_at_exit=[]
arm=a06_slice9 metric=ms_per_token process=0 run=1 value=11.7020 outlier=false
arm=a06_slice9 metric=ms_per_token process=0 run=2 value=11.6220 outlier=false
arm=a06_slice9 metric=ms_per_token process=0 run=3 value=11.6520 outlier=false
arm=a06_slice9 metric=ms_per_token process=0 run=4 value=11.5940 outlier=false
arm=a06_slice9 metric=ms_per_token process=0 run=5 value=11.5400 outlier=false
arm=a06_slice9 metric=ms_per_token process=0 run=6 value=11.6270 outlier=false
arm=a06_slice9 metric=ms_per_token process=0 run=7 value=11.6790 outlier=false
arm=a06_slice9 metric=ms_per_token process=1 run=1 value=12.0500 outlier=false
arm=a06_slice9 metric=ms_per_token process=1 run=2 value=11.6620 outlier=false
arm=a06_slice9 metric=ms_per_token process=1 run=3 value=11.7750 outlier=false
arm=a06_slice9 metric=ms_per_token process=1 run=4 value=11.7800 outlier=false
arm=a06_slice9 metric=ms_per_token process=1 run=5 value=12.0180 outlier=false
arm=a06_slice9 metric=ms_per_token process=1 run=6 value=11.7690 outlier=false
arm=a06_slice9 metric=ms_per_token process=1 run=7 value=11.6220 outlier=false
arm=a06_slice9 metric=ms_per_token process=2 run=1 value=12.1280 outlier=true
arm=a06_slice9 metric=ms_per_token process=2 run=2 value=11.8710 outlier=false
arm=a06_slice9 metric=ms_per_token process=2 run=3 value=11.6100 outlier=false
arm=a06_slice9 metric=ms_per_token process=2 run=4 value=11.3840 outlier=false
arm=a06_slice9 metric=ms_per_token process=2 run=5 value=11.3950 outlier=false
arm=a06_slice9 metric=ms_per_token process=2 run=6 value=12.6960 outlier=true
arm=a06_slice9 metric=ms_per_token process=2 run=7 value=12.9420 outlier=true
summary arm=a06_slice9 metric=ms_per_token n_all=21 median_all=11.6790 cov_all_pct=3.18 min_all=11.3840 max_all=12.9420 | n_kept=18 median_kept=11.6570 mad_kept=0.0875 cov_kept_pct=1.46 min_kept=11.3840 max_kept=12.0500
arm=a06_slice9 metric=prefill_ms process=0 run=1 value=122.9710 outlier=false
arm=a06_slice9 metric=prefill_ms process=0 run=2 value=127.9930 outlier=false
arm=a06_slice9 metric=prefill_ms process=0 run=3 value=121.9880 outlier=false
arm=a06_slice9 metric=prefill_ms process=0 run=4 value=124.0030 outlier=false
arm=a06_slice9 metric=prefill_ms process=0 run=5 value=126.9920 outlier=false
arm=a06_slice9 metric=prefill_ms process=0 run=6 value=122.9990 outlier=false
arm=a06_slice9 metric=prefill_ms process=0 run=7 value=122.0210 outlier=false
arm=a06_slice9 metric=prefill_ms process=1 run=1 value=142.0090 outlier=false
arm=a06_slice9 metric=prefill_ms process=1 run=2 value=137.9950 outlier=false
arm=a06_slice9 metric=prefill_ms process=1 run=3 value=122.9860 outlier=false
arm=a06_slice9 metric=prefill_ms process=1 run=4 value=139.9850 outlier=false
arm=a06_slice9 metric=prefill_ms process=1 run=5 value=130.9870 outlier=false
arm=a06_slice9 metric=prefill_ms process=1 run=6 value=137.0060 outlier=false
arm=a06_slice9 metric=prefill_ms process=1 run=7 value=138.0070 outlier=false
arm=a06_slice9 metric=prefill_ms process=2 run=1 value=136.0140 outlier=false
arm=a06_slice9 metric=prefill_ms process=2 run=2 value=129.9960 outlier=false
arm=a06_slice9 metric=prefill_ms process=2 run=3 value=125.0090 outlier=false
arm=a06_slice9 metric=prefill_ms process=2 run=4 value=127.0170 outlier=false
arm=a06_slice9 metric=prefill_ms process=2 run=5 value=126.0190 outlier=false
arm=a06_slice9 metric=prefill_ms process=2 run=6 value=123.0230 outlier=false
arm=a06_slice9 metric=prefill_ms process=2 run=7 value=124.0090 outlier=false
summary arm=a06_slice9 metric=prefill_ms n_all=21 median_all=126.9920 cov_all_pct=5.06 min_all=121.9880 max_all=142.0090 | n_kept=21 median_kept=126.9920 mad_kept=3.9950 cov_kept_pct=5.06 min_kept=121.9880 max_kept=142.0090
arm=a06_slice9 metric=ttft_ms process=0 run=1 value=123.0000 outlier=false
arm=a06_slice9 metric=ttft_ms process=0 run=2 value=128.0000 outlier=false
arm=a06_slice9 metric=ttft_ms process=0 run=3 value=122.0000 outlier=false
arm=a06_slice9 metric=ttft_ms process=0 run=4 value=124.0000 outlier=false
arm=a06_slice9 metric=ttft_ms process=0 run=5 value=127.0000 outlier=false
arm=a06_slice9 metric=ttft_ms process=0 run=6 value=123.0000 outlier=false
arm=a06_slice9 metric=ttft_ms process=0 run=7 value=122.0000 outlier=false
arm=a06_slice9 metric=ttft_ms process=1 run=1 value=142.0000 outlier=false
arm=a06_slice9 metric=ttft_ms process=1 run=2 value=138.0000 outlier=false
arm=a06_slice9 metric=ttft_ms process=1 run=3 value=123.0000 outlier=false
arm=a06_slice9 metric=ttft_ms process=1 run=4 value=140.0000 outlier=false
arm=a06_slice9 metric=ttft_ms process=1 run=5 value=131.0000 outlier=false
arm=a06_slice9 metric=ttft_ms process=1 run=6 value=137.0000 outlier=false
arm=a06_slice9 metric=ttft_ms process=1 run=7 value=138.0000 outlier=false
arm=a06_slice9 metric=ttft_ms process=2 run=1 value=136.0000 outlier=false
arm=a06_slice9 metric=ttft_ms process=2 run=2 value=130.0000 outlier=false
arm=a06_slice9 metric=ttft_ms process=2 run=3 value=125.0000 outlier=false
arm=a06_slice9 metric=ttft_ms process=2 run=4 value=127.0000 outlier=false
arm=a06_slice9 metric=ttft_ms process=2 run=5 value=126.0000 outlier=false
arm=a06_slice9 metric=ttft_ms process=2 run=6 value=123.0000 outlier=false
arm=a06_slice9 metric=ttft_ms process=2 run=7 value=124.0000 outlier=false
summary arm=a06_slice9 metric=ttft_ms n_all=21 median_all=127.0000 cov_all_pct=5.06 min_all=122.0000 max_all=142.0000 | n_kept=21 median_kept=127.0000 mad_kept=4.0000 cov_kept_pct=5.06 min_kept=122.0000 max_kept=142.0000
memory arm=a06_slice9 metric=peak_rss_bytes process=0 value=3628548096
memory arm=a06_slice9 metric=peak_rss_bytes process=1 value=3629006848
memory arm=a06_slice9 metric=peak_rss_bytes process=2 value=3645636608
summary arm=a06_slice9 metric=peak_rss_bytes n=3 median=3629006848 max=3645636608
memory arm=a06_slice9 metric=peak_footprint_bytes process=0 value=212166848
memory arm=a06_slice9 metric=peak_footprint_bytes process=1 value=210872768
memory arm=a06_slice9 metric=peak_footprint_bytes process=2 value=222603776
summary arm=a06_slice9 metric=peak_footprint_bytes n=3 median=212166848 max=222603776
memory arm=a06_slice9 metric=peak_gpu_bytes process=0 value=3386228736
memory arm=a06_slice9 metric=peak_gpu_bytes process=1 value=3386277888
memory arm=a06_slice9 metric=peak_gpu_bytes process=2 value=3386474496
summary arm=a06_slice9 metric=peak_gpu_bytes n=3 median=3386277888 max=3386474496
extra arm=a06_slice9 process=0 peers_present_at_exit=[]
extra arm=a06_slice9 process=1 peers_present_at_exit=[]
extra arm=a06_slice9 process=2 peers_present_at_exit=[]
arm=a07_slice10b metric=ms_per_token process=0 run=1 value=11.5460 outlier=false
arm=a07_slice10b metric=ms_per_token process=0 run=2 value=11.5570 outlier=false
arm=a07_slice10b metric=ms_per_token process=0 run=3 value=11.5420 outlier=false
arm=a07_slice10b metric=ms_per_token process=0 run=4 value=11.5750 outlier=false
arm=a07_slice10b metric=ms_per_token process=0 run=5 value=11.5810 outlier=false
arm=a07_slice10b metric=ms_per_token process=0 run=6 value=11.5390 outlier=false
arm=a07_slice10b metric=ms_per_token process=0 run=7 value=11.4420 outlier=false
arm=a07_slice10b metric=ms_per_token process=1 run=1 value=11.9200 outlier=false
arm=a07_slice10b metric=ms_per_token process=1 run=2 value=11.8520 outlier=false
arm=a07_slice10b metric=ms_per_token process=1 run=3 value=11.6180 outlier=false
arm=a07_slice10b metric=ms_per_token process=1 run=4 value=11.8710 outlier=false
arm=a07_slice10b metric=ms_per_token process=1 run=5 value=11.5740 outlier=false
arm=a07_slice10b metric=ms_per_token process=1 run=6 value=11.7510 outlier=false
arm=a07_slice10b metric=ms_per_token process=1 run=7 value=11.7530 outlier=false
arm=a07_slice10b metric=ms_per_token process=2 run=1 value=12.7400 outlier=true
arm=a07_slice10b metric=ms_per_token process=2 run=2 value=12.3630 outlier=false
arm=a07_slice10b metric=ms_per_token process=2 run=3 value=12.6970 outlier=true
arm=a07_slice10b metric=ms_per_token process=2 run=4 value=12.2660 outlier=false
arm=a07_slice10b metric=ms_per_token process=2 run=5 value=11.9940 outlier=false
arm=a07_slice10b metric=ms_per_token process=2 run=6 value=11.7610 outlier=false
arm=a07_slice10b metric=ms_per_token process=2 run=7 value=11.5240 outlier=false
summary arm=a07_slice10b metric=ms_per_token n_all=21 median_all=11.7510 cov_all_pct=3.15 min_all=11.4420 max_all=12.7400 | n_kept=19 median_kept=11.6180 mad_kept=0.1330 cov_kept_pct=2.12 min_kept=11.4420 max_kept=12.3630
arm=a07_slice10b metric=prefill_ms process=0 run=1 value=122.9690 outlier=false
arm=a07_slice10b metric=prefill_ms process=0 run=2 value=128.0150 outlier=false
arm=a07_slice10b metric=prefill_ms process=0 run=3 value=121.9810 outlier=false
arm=a07_slice10b metric=prefill_ms process=0 run=4 value=121.9760 outlier=false
arm=a07_slice10b metric=prefill_ms process=0 run=5 value=121.9960 outlier=false
arm=a07_slice10b metric=prefill_ms process=0 run=6 value=122.9880 outlier=false
arm=a07_slice10b metric=prefill_ms process=0 run=7 value=137.0220 outlier=false
arm=a07_slice10b metric=prefill_ms process=1 run=1 value=137.0260 outlier=false
arm=a07_slice10b metric=prefill_ms process=1 run=2 value=121.9690 outlier=false
arm=a07_slice10b metric=prefill_ms process=1 run=3 value=138.9850 outlier=false
arm=a07_slice10b metric=prefill_ms process=1 run=4 value=122.9770 outlier=false
arm=a07_slice10b metric=prefill_ms process=1 run=5 value=135.9740 outlier=false
arm=a07_slice10b metric=prefill_ms process=1 run=6 value=126.9980 outlier=false
arm=a07_slice10b metric=prefill_ms process=1 run=7 value=140.0210 outlier=false
arm=a07_slice10b metric=prefill_ms process=2 run=1 value=123.0060 outlier=false
arm=a07_slice10b metric=prefill_ms process=2 run=2 value=127.0280 outlier=false
arm=a07_slice10b metric=prefill_ms process=2 run=3 value=126.9940 outlier=false
arm=a07_slice10b metric=prefill_ms process=2 run=4 value=138.9840 outlier=false
arm=a07_slice10b metric=prefill_ms process=2 run=5 value=138.9870 outlier=false
arm=a07_slice10b metric=prefill_ms process=2 run=6 value=131.0070 outlier=false
arm=a07_slice10b metric=prefill_ms process=2 run=7 value=129.0010 outlier=false
summary arm=a07_slice10b metric=prefill_ms n_all=21 median_all=127.0280 cov_all_pct=5.21 min_all=121.9690 max_all=140.0210 | n_kept=21 median_kept=127.0280 mad_kept=5.0320 cov_kept_pct=5.21 min_kept=121.9690 max_kept=140.0210
arm=a07_slice10b metric=ttft_ms process=0 run=1 value=123.0000 outlier=false
arm=a07_slice10b metric=ttft_ms process=0 run=2 value=128.0000 outlier=false
arm=a07_slice10b metric=ttft_ms process=0 run=3 value=122.0000 outlier=false
arm=a07_slice10b metric=ttft_ms process=0 run=4 value=122.0000 outlier=false
arm=a07_slice10b metric=ttft_ms process=0 run=5 value=122.0000 outlier=false
arm=a07_slice10b metric=ttft_ms process=0 run=6 value=123.0000 outlier=false
arm=a07_slice10b metric=ttft_ms process=0 run=7 value=137.0000 outlier=false
arm=a07_slice10b metric=ttft_ms process=1 run=1 value=137.0000 outlier=false
arm=a07_slice10b metric=ttft_ms process=1 run=2 value=122.0000 outlier=false
arm=a07_slice10b metric=ttft_ms process=1 run=3 value=139.0000 outlier=false
arm=a07_slice10b metric=ttft_ms process=1 run=4 value=123.0000 outlier=false
arm=a07_slice10b metric=ttft_ms process=1 run=5 value=136.0000 outlier=false
arm=a07_slice10b metric=ttft_ms process=1 run=6 value=127.0000 outlier=false
arm=a07_slice10b metric=ttft_ms process=1 run=7 value=140.0000 outlier=false
arm=a07_slice10b metric=ttft_ms process=2 run=1 value=123.0000 outlier=false
arm=a07_slice10b metric=ttft_ms process=2 run=2 value=127.0000 outlier=false
arm=a07_slice10b metric=ttft_ms process=2 run=3 value=127.0000 outlier=false
arm=a07_slice10b metric=ttft_ms process=2 run=4 value=139.0000 outlier=false
arm=a07_slice10b metric=ttft_ms process=2 run=5 value=139.0000 outlier=false
arm=a07_slice10b metric=ttft_ms process=2 run=6 value=131.0000 outlier=false
arm=a07_slice10b metric=ttft_ms process=2 run=7 value=129.0000 outlier=false
summary arm=a07_slice10b metric=ttft_ms n_all=21 median_all=127.0000 cov_all_pct=5.21 min_all=122.0000 max_all=140.0000 | n_kept=21 median_kept=127.0000 mad_kept=5.0000 cov_kept_pct=5.21 min_kept=122.0000 max_kept=140.0000
memory arm=a07_slice10b metric=peak_rss_bytes process=0 value=3634364416
memory arm=a07_slice10b metric=peak_rss_bytes process=1 value=3635314688
memory arm=a07_slice10b metric=peak_rss_bytes process=2 value=3644915712
summary arm=a07_slice10b metric=peak_rss_bytes n=3 median=3635314688 max=3644915712
memory arm=a07_slice10b metric=peak_footprint_bytes process=0 value=220490048
memory arm=a07_slice10b metric=peak_footprint_bytes process=1 value=210790784
memory arm=a07_slice10b metric=peak_footprint_bytes process=2 value=216656448
summary arm=a07_slice10b metric=peak_footprint_bytes n=3 median=216656448 max=220490048
memory arm=a07_slice10b metric=peak_gpu_bytes process=0 value=3386195968
memory arm=a07_slice10b metric=peak_gpu_bytes process=1 value=3386343424
memory arm=a07_slice10b metric=peak_gpu_bytes process=2 value=3386294272
summary arm=a07_slice10b metric=peak_gpu_bytes n=3 median=3386294272 max=3386343424
extra arm=a07_slice10b process=0 peers_present_at_exit=[]
extra arm=a07_slice10b process=1 peers_present_at_exit=[]
extra arm=a07_slice10b process=2 peers_present_at_exit=[]
arm=a08_slice10b_fix metric=ms_per_token process=0 run=1 value=11.6200 outlier=false
arm=a08_slice10b_fix metric=ms_per_token process=0 run=2 value=11.6100 outlier=false
arm=a08_slice10b_fix metric=ms_per_token process=0 run=3 value=11.7150 outlier=false
arm=a08_slice10b_fix metric=ms_per_token process=0 run=4 value=11.7080 outlier=false
arm=a08_slice10b_fix metric=ms_per_token process=0 run=5 value=11.7980 outlier=false
arm=a08_slice10b_fix metric=ms_per_token process=0 run=6 value=11.6420 outlier=false
arm=a08_slice10b_fix metric=ms_per_token process=0 run=7 value=11.7880 outlier=false
arm=a08_slice10b_fix metric=ms_per_token process=1 run=1 value=11.7950 outlier=false
arm=a08_slice10b_fix metric=ms_per_token process=1 run=2 value=11.4890 outlier=false
arm=a08_slice10b_fix metric=ms_per_token process=1 run=3 value=11.6130 outlier=false
arm=a08_slice10b_fix metric=ms_per_token process=1 run=4 value=11.6190 outlier=false
arm=a08_slice10b_fix metric=ms_per_token process=1 run=5 value=11.6490 outlier=false
arm=a08_slice10b_fix metric=ms_per_token process=1 run=6 value=12.0650 outlier=false
arm=a08_slice10b_fix metric=ms_per_token process=1 run=7 value=12.0720 outlier=false
arm=a08_slice10b_fix metric=ms_per_token process=2 run=1 value=11.4200 outlier=false
arm=a08_slice10b_fix metric=ms_per_token process=2 run=2 value=11.4540 outlier=false
arm=a08_slice10b_fix metric=ms_per_token process=2 run=3 value=13.6260 outlier=true
arm=a08_slice10b_fix metric=ms_per_token process=2 run=4 value=13.0180 outlier=true
arm=a08_slice10b_fix metric=ms_per_token process=2 run=5 value=12.6370 outlier=true
arm=a08_slice10b_fix metric=ms_per_token process=2 run=6 value=12.8480 outlier=true
arm=a08_slice10b_fix metric=ms_per_token process=2 run=7 value=12.7530 outlier=true
summary arm=a08_slice10b_fix metric=ms_per_token n_all=21 median_all=11.7150 cov_all_pct=4.95 min_all=11.4200 max_all=13.6260 | n_kept=16 median_kept=11.6455 mad_kept=0.1060 cov_kept_pct=1.53 min_kept=11.4200 max_kept=12.0720
arm=a08_slice10b_fix metric=prefill_ms process=0 run=1 value=123.9930 outlier=false
arm=a08_slice10b_fix metric=prefill_ms process=0 run=2 value=121.9770 outlier=false
arm=a08_slice10b_fix metric=prefill_ms process=0 run=3 value=130.0060 outlier=false
arm=a08_slice10b_fix metric=prefill_ms process=0 run=4 value=121.9720 outlier=false
arm=a08_slice10b_fix metric=prefill_ms process=0 run=5 value=122.0290 outlier=false
arm=a08_slice10b_fix metric=prefill_ms process=0 run=6 value=143.9700 outlier=false
arm=a08_slice10b_fix metric=prefill_ms process=0 run=7 value=143.0060 outlier=false
arm=a08_slice10b_fix metric=prefill_ms process=1 run=1 value=144.0150 outlier=false
arm=a08_slice10b_fix metric=prefill_ms process=1 run=2 value=134.0000 outlier=false
arm=a08_slice10b_fix metric=prefill_ms process=1 run=3 value=135.9720 outlier=false
arm=a08_slice10b_fix metric=prefill_ms process=1 run=4 value=135.9910 outlier=false
arm=a08_slice10b_fix metric=prefill_ms process=1 run=5 value=132.0190 outlier=false
arm=a08_slice10b_fix metric=prefill_ms process=1 run=6 value=131.9850 outlier=false
arm=a08_slice10b_fix metric=prefill_ms process=1 run=7 value=136.9720 outlier=false
arm=a08_slice10b_fix metric=prefill_ms process=2 run=1 value=128.0080 outlier=false
arm=a08_slice10b_fix metric=prefill_ms process=2 run=2 value=132.0240 outlier=false
arm=a08_slice10b_fix metric=prefill_ms process=2 run=3 value=124.9880 outlier=false
arm=a08_slice10b_fix metric=prefill_ms process=2 run=4 value=122.9700 outlier=false
arm=a08_slice10b_fix metric=prefill_ms process=2 run=5 value=149.9870 outlier=false
arm=a08_slice10b_fix metric=prefill_ms process=2 run=6 value=158.0270 outlier=false
arm=a08_slice10b_fix metric=prefill_ms process=2 run=7 value=148.9780 outlier=false
summary arm=a08_slice10b_fix metric=prefill_ms n_all=21 median_all=132.0240 cov_all_pct=7.53 min_all=121.9720 max_all=158.0270 | n_kept=21 median_kept=132.0240 mad_kept=8.0310 cov_kept_pct=7.53 min_kept=121.9720 max_kept=158.0270
arm=a08_slice10b_fix metric=ttft_ms process=0 run=1 value=124.0000 outlier=false
arm=a08_slice10b_fix metric=ttft_ms process=0 run=2 value=122.0000 outlier=false
arm=a08_slice10b_fix metric=ttft_ms process=0 run=3 value=130.0000 outlier=false
arm=a08_slice10b_fix metric=ttft_ms process=0 run=4 value=122.0000 outlier=false
arm=a08_slice10b_fix metric=ttft_ms process=0 run=5 value=122.0000 outlier=false
arm=a08_slice10b_fix metric=ttft_ms process=0 run=6 value=144.0000 outlier=false
arm=a08_slice10b_fix metric=ttft_ms process=0 run=7 value=143.0000 outlier=false
arm=a08_slice10b_fix metric=ttft_ms process=1 run=1 value=144.0000 outlier=false
arm=a08_slice10b_fix metric=ttft_ms process=1 run=2 value=134.0000 outlier=false
arm=a08_slice10b_fix metric=ttft_ms process=1 run=3 value=136.0000 outlier=false
arm=a08_slice10b_fix metric=ttft_ms process=1 run=4 value=136.0000 outlier=false
arm=a08_slice10b_fix metric=ttft_ms process=1 run=5 value=132.0000 outlier=false
arm=a08_slice10b_fix metric=ttft_ms process=1 run=6 value=132.0000 outlier=false
arm=a08_slice10b_fix metric=ttft_ms process=1 run=7 value=137.0000 outlier=false
arm=a08_slice10b_fix metric=ttft_ms process=2 run=1 value=128.0000 outlier=false
arm=a08_slice10b_fix metric=ttft_ms process=2 run=2 value=132.0000 outlier=false
arm=a08_slice10b_fix metric=ttft_ms process=2 run=3 value=125.0000 outlier=false
arm=a08_slice10b_fix metric=ttft_ms process=2 run=4 value=123.0000 outlier=false
arm=a08_slice10b_fix metric=ttft_ms process=2 run=5 value=150.0000 outlier=false
arm=a08_slice10b_fix metric=ttft_ms process=2 run=6 value=158.0000 outlier=false
arm=a08_slice10b_fix metric=ttft_ms process=2 run=7 value=149.0000 outlier=false
summary arm=a08_slice10b_fix metric=ttft_ms n_all=21 median_all=132.0000 cov_all_pct=7.53 min_all=122.0000 max_all=158.0000 | n_kept=21 median_kept=132.0000 mad_kept=8.0000 cov_kept_pct=7.53 min_kept=122.0000 max_kept=158.0000
memory arm=a08_slice10b_fix metric=peak_rss_bytes process=0 value=3634610176
memory arm=a08_slice10b_fix metric=peak_rss_bytes process=1 value=3635888128
memory arm=a08_slice10b_fix metric=peak_rss_bytes process=2 value=3648503808
summary arm=a08_slice10b_fix metric=peak_rss_bytes n=3 median=3635888128 max=3648503808
memory arm=a08_slice10b_fix metric=peak_footprint_bytes process=0 value=209955072
memory arm=a08_slice10b_fix metric=peak_footprint_bytes process=1 value=219408896
memory arm=a08_slice10b_fix metric=peak_footprint_bytes process=2 value=226519488
summary arm=a08_slice10b_fix metric=peak_footprint_bytes n=3 median=219408896 max=226519488
memory arm=a08_slice10b_fix metric=peak_gpu_bytes process=0 value=3386343424
memory arm=a08_slice10b_fix metric=peak_gpu_bytes process=1 value=3386408960
memory arm=a08_slice10b_fix metric=peak_gpu_bytes process=2 value=3386392576
summary arm=a08_slice10b_fix metric=peak_gpu_bytes n=3 median=3386392576 max=3386408960
extra arm=a08_slice10b_fix process=0 peers_present_at_exit=[]
extra arm=a08_slice10b_fix process=1 peers_present_at_exit=[]
extra arm=a08_slice10b_fix process=2 peers_present_at_exit=[]
arm=a09_slice10c metric=ms_per_token process=0 run=1 value=11.5800 outlier=false
arm=a09_slice10c metric=ms_per_token process=0 run=2 value=11.8000 outlier=false
arm=a09_slice10c metric=ms_per_token process=0 run=3 value=11.6040 outlier=false
arm=a09_slice10c metric=ms_per_token process=0 run=4 value=11.5930 outlier=false
arm=a09_slice10c metric=ms_per_token process=0 run=5 value=11.6790 outlier=false
arm=a09_slice10c metric=ms_per_token process=0 run=6 value=11.6200 outlier=false
arm=a09_slice10c metric=ms_per_token process=0 run=7 value=11.5960 outlier=false
arm=a09_slice10c metric=ms_per_token process=1 run=1 value=11.6580 outlier=false
arm=a09_slice10c metric=ms_per_token process=1 run=2 value=11.5970 outlier=false
arm=a09_slice10c metric=ms_per_token process=1 run=3 value=11.8100 outlier=false
arm=a09_slice10c metric=ms_per_token process=1 run=4 value=11.6270 outlier=false
arm=a09_slice10c metric=ms_per_token process=1 run=5 value=11.7630 outlier=false
arm=a09_slice10c metric=ms_per_token process=1 run=6 value=11.8680 outlier=false
arm=a09_slice10c metric=ms_per_token process=1 run=7 value=11.8650 outlier=false
arm=a09_slice10c metric=ms_per_token process=2 run=1 value=11.5220 outlier=false
arm=a09_slice10c metric=ms_per_token process=2 run=2 value=11.4720 outlier=false
arm=a09_slice10c metric=ms_per_token process=2 run=3 value=11.6540 outlier=false
arm=a09_slice10c metric=ms_per_token process=2 run=4 value=11.4340 outlier=false
arm=a09_slice10c metric=ms_per_token process=2 run=5 value=11.5410 outlier=false
arm=a09_slice10c metric=ms_per_token process=2 run=6 value=12.6180 outlier=true
arm=a09_slice10c metric=ms_per_token process=2 run=7 value=12.8740 outlier=true
summary arm=a09_slice10c metric=ms_per_token n_all=21 median_all=11.6270 cov_all_pct=2.94 min_all=11.4340 max_all=12.8740 | n_kept=19 median_kept=11.6200 mad_kept=0.0590 cov_kept_pct=1.04 min_kept=11.4340 max_kept=11.8680
arm=a09_slice10c metric=prefill_ms process=0 run=1 value=123.0160 outlier=false
arm=a09_slice10c metric=prefill_ms process=0 run=2 value=122.9690 outlier=false
arm=a09_slice10c metric=prefill_ms process=0 run=3 value=121.9930 outlier=false
arm=a09_slice10c metric=prefill_ms process=0 run=4 value=122.9870 outlier=false
arm=a09_slice10c metric=prefill_ms process=0 run=5 value=126.0020 outlier=false
arm=a09_slice10c metric=prefill_ms process=0 run=6 value=122.0200 outlier=false
arm=a09_slice10c metric=prefill_ms process=0 run=7 value=128.9900 outlier=true
arm=a09_slice10c metric=prefill_ms process=1 run=1 value=140.0270 outlier=true
arm=a09_slice10c metric=prefill_ms process=1 run=2 value=137.9970 outlier=true
arm=a09_slice10c metric=prefill_ms process=1 run=3 value=134.9890 outlier=true
arm=a09_slice10c metric=prefill_ms process=1 run=4 value=131.9980 outlier=true
arm=a09_slice10c metric=prefill_ms process=1 run=5 value=123.0310 outlier=false
arm=a09_slice10c metric=prefill_ms process=1 run=6 value=132.9990 outlier=true
arm=a09_slice10c metric=prefill_ms process=1 run=7 value=128.9780 outlier=true
arm=a09_slice10c metric=prefill_ms process=2 run=1 value=123.0220 outlier=false
arm=a09_slice10c metric=prefill_ms process=2 run=2 value=122.9720 outlier=false
arm=a09_slice10c metric=prefill_ms process=2 run=3 value=123.0010 outlier=false
arm=a09_slice10c metric=prefill_ms process=2 run=4 value=154.0260 outlier=true
arm=a09_slice10c metric=prefill_ms process=2 run=5 value=122.0100 outlier=false
arm=a09_slice10c metric=prefill_ms process=2 run=6 value=122.0000 outlier=false
arm=a09_slice10c metric=prefill_ms process=2 run=7 value=148.0210 outlier=true
summary arm=a09_slice10c metric=prefill_ms n_all=21 median_all=123.0310 cov_all_pct=6.98 min_all=121.9930 max_all=154.0260 | n_kept=12 median_kept=122.9795 mad_kept=0.0470 cov_kept_pct=0.84 min_kept=121.9930 max_kept=126.0020
arm=a09_slice10c metric=ttft_ms process=0 run=1 value=123.0000 outlier=false
arm=a09_slice10c metric=ttft_ms process=0 run=2 value=123.0000 outlier=false
arm=a09_slice10c metric=ttft_ms process=0 run=3 value=122.0000 outlier=false
arm=a09_slice10c metric=ttft_ms process=0 run=4 value=123.0000 outlier=false
arm=a09_slice10c metric=ttft_ms process=0 run=5 value=126.0000 outlier=false
arm=a09_slice10c metric=ttft_ms process=0 run=6 value=122.0000 outlier=false
arm=a09_slice10c metric=ttft_ms process=0 run=7 value=129.0000 outlier=true
arm=a09_slice10c metric=ttft_ms process=1 run=1 value=140.0000 outlier=true
arm=a09_slice10c metric=ttft_ms process=1 run=2 value=138.0000 outlier=true
arm=a09_slice10c metric=ttft_ms process=1 run=3 value=135.0000 outlier=true
arm=a09_slice10c metric=ttft_ms process=1 run=4 value=132.0000 outlier=true
arm=a09_slice10c metric=ttft_ms process=1 run=5 value=123.0000 outlier=false
arm=a09_slice10c metric=ttft_ms process=1 run=6 value=133.0000 outlier=true
arm=a09_slice10c metric=ttft_ms process=1 run=7 value=129.0000 outlier=true
arm=a09_slice10c metric=ttft_ms process=2 run=1 value=123.0000 outlier=false
arm=a09_slice10c metric=ttft_ms process=2 run=2 value=123.0000 outlier=false
arm=a09_slice10c metric=ttft_ms process=2 run=3 value=123.0000 outlier=false
arm=a09_slice10c metric=ttft_ms process=2 run=4 value=154.0000 outlier=true
arm=a09_slice10c metric=ttft_ms process=2 run=5 value=122.0000 outlier=false
arm=a09_slice10c metric=ttft_ms process=2 run=6 value=122.0000 outlier=false
arm=a09_slice10c metric=ttft_ms process=2 run=7 value=148.0000 outlier=true
summary arm=a09_slice10c metric=ttft_ms n_all=21 median_all=123.0000 cov_all_pct=6.98 min_all=122.0000 max_all=154.0000 | n_kept=12 median_kept=123.0000 mad_kept=0.0000 cov_kept_pct=0.84 min_kept=122.0000 max_kept=126.0000
memory arm=a09_slice10c metric=peak_rss_bytes process=0 value=3632644096
memory arm=a09_slice10c metric=peak_rss_bytes process=1 value=3616342016
memory arm=a09_slice10c metric=peak_rss_bytes process=2 value=3628924928
summary arm=a09_slice10c metric=peak_rss_bytes n=3 median=3628924928 max=3632644096
memory arm=a09_slice10c metric=peak_footprint_bytes process=0 value=204843136
memory arm=a09_slice10c metric=peak_footprint_bytes process=1 value=205924544
memory arm=a09_slice10c metric=peak_footprint_bytes process=2 value=205482304
summary arm=a09_slice10c metric=peak_footprint_bytes n=3 median=205482304 max=205924544
memory arm=a09_slice10c metric=peak_gpu_bytes process=0 value=3386359808
memory arm=a09_slice10c metric=peak_gpu_bytes process=1 value=3386392576
memory arm=a09_slice10c metric=peak_gpu_bytes process=2 value=3386261504
summary arm=a09_slice10c metric=peak_gpu_bytes n=3 median=3386359808 max=3386392576
extra arm=a09_slice10c process=0 peers_present_at_exit=[]
extra arm=a09_slice10c process=1 peers_present_at_exit=[]
extra arm=a09_slice10c process=2 peers_present_at_exit=[]
arm=a10_slice11 metric=ms_per_token process=0 run=1 value=11.6200 outlier=false
arm=a10_slice11 metric=ms_per_token process=0 run=2 value=11.6060 outlier=false
arm=a10_slice11 metric=ms_per_token process=0 run=3 value=11.6230 outlier=false
arm=a10_slice11 metric=ms_per_token process=0 run=4 value=11.6540 outlier=false
arm=a10_slice11 metric=ms_per_token process=0 run=5 value=11.6190 outlier=false
arm=a10_slice11 metric=ms_per_token process=0 run=6 value=11.6180 outlier=false
arm=a10_slice11 metric=ms_per_token process=0 run=7 value=11.6230 outlier=false
arm=a10_slice11 metric=ms_per_token process=1 run=1 value=11.6330 outlier=false
arm=a10_slice11 metric=ms_per_token process=1 run=2 value=11.5890 outlier=false
arm=a10_slice11 metric=ms_per_token process=1 run=3 value=11.5890 outlier=false
arm=a10_slice11 metric=ms_per_token process=1 run=4 value=11.6200 outlier=false
arm=a10_slice11 metric=ms_per_token process=1 run=5 value=11.5690 outlier=false
arm=a10_slice11 metric=ms_per_token process=1 run=6 value=12.0030 outlier=true
arm=a10_slice11 metric=ms_per_token process=1 run=7 value=11.7260 outlier=false
arm=a10_slice11 metric=ms_per_token process=2 run=1 value=11.4120 outlier=true
arm=a10_slice11 metric=ms_per_token process=2 run=2 value=12.4440 outlier=true
arm=a10_slice11 metric=ms_per_token process=2 run=3 value=11.6540 outlier=false
arm=a10_slice11 metric=ms_per_token process=2 run=4 value=11.6330 outlier=false
arm=a10_slice11 metric=ms_per_token process=2 run=5 value=11.5400 outlier=false
arm=a10_slice11 metric=ms_per_token process=2 run=6 value=11.5650 outlier=false
arm=a10_slice11 metric=ms_per_token process=2 run=7 value=11.6170 outlier=false
summary arm=a10_slice11 metric=ms_per_token n_all=21 median_all=11.6200 cov_all_pct=1.73 min_all=11.4120 max_all=12.4440 | n_kept=18 median_kept=11.6195 mad_kept=0.0135 cov_kept_pct=0.34 min_kept=11.5400 max_kept=11.7260
arm=a10_slice11 metric=prefill_ms process=0 run=1 value=129.9830 outlier=false
arm=a10_slice11 metric=prefill_ms process=0 run=2 value=122.0030 outlier=false
arm=a10_slice11 metric=prefill_ms process=0 run=3 value=121.9700 outlier=false
arm=a10_slice11 metric=prefill_ms process=0 run=4 value=130.0210 outlier=false
arm=a10_slice11 metric=prefill_ms process=0 run=5 value=138.0030 outlier=true
arm=a10_slice11 metric=prefill_ms process=0 run=6 value=124.0230 outlier=false
arm=a10_slice11 metric=prefill_ms process=0 run=7 value=129.9800 outlier=false
arm=a10_slice11 metric=prefill_ms process=1 run=1 value=138.9770 outlier=true
arm=a10_slice11 metric=prefill_ms process=1 run=2 value=137.9770 outlier=true
arm=a10_slice11 metric=prefill_ms process=1 run=3 value=142.0030 outlier=true
arm=a10_slice11 metric=prefill_ms process=1 run=4 value=123.0040 outlier=false
arm=a10_slice11 metric=prefill_ms process=1 run=5 value=123.9780 outlier=false
arm=a10_slice11 metric=prefill_ms process=1 run=6 value=122.0270 outlier=false
arm=a10_slice11 metric=prefill_ms process=1 run=7 value=140.0060 outlier=true
arm=a10_slice11 metric=prefill_ms process=2 run=1 value=122.0260 outlier=false
arm=a10_slice11 metric=prefill_ms process=2 run=2 value=123.0170 outlier=false
arm=a10_slice11 metric=prefill_ms process=2 run=3 value=127.0240 outlier=false
arm=a10_slice11 metric=prefill_ms process=2 run=4 value=123.0270 outlier=false
arm=a10_slice11 metric=prefill_ms process=2 run=5 value=149.9750 outlier=true
arm=a10_slice11 metric=prefill_ms process=2 run=6 value=124.0000 outlier=false
arm=a10_slice11 metric=prefill_ms process=2 run=7 value=122.9840 outlier=false
summary arm=a10_slice11 metric=prefill_ms n_all=21 median_all=124.0230 cov_all_pct=6.34 min_all=121.9700 max_all=149.9750 | n_kept=15 median_kept=123.0270 mad_kept=1.0000 cov_kept_pct=2.37 min_kept=121.9700 max_kept=130.0210
arm=a10_slice11 metric=ttft_ms process=0 run=1 value=130.0000 outlier=false
arm=a10_slice11 metric=ttft_ms process=0 run=2 value=122.0000 outlier=false
arm=a10_slice11 metric=ttft_ms process=0 run=3 value=122.0000 outlier=false
arm=a10_slice11 metric=ttft_ms process=0 run=4 value=130.0000 outlier=false
arm=a10_slice11 metric=ttft_ms process=0 run=5 value=138.0000 outlier=true
arm=a10_slice11 metric=ttft_ms process=0 run=6 value=124.0000 outlier=false
arm=a10_slice11 metric=ttft_ms process=0 run=7 value=130.0000 outlier=false
arm=a10_slice11 metric=ttft_ms process=1 run=1 value=139.0000 outlier=true
arm=a10_slice11 metric=ttft_ms process=1 run=2 value=138.0000 outlier=true
arm=a10_slice11 metric=ttft_ms process=1 run=3 value=142.0000 outlier=true
arm=a10_slice11 metric=ttft_ms process=1 run=4 value=123.0000 outlier=false
arm=a10_slice11 metric=ttft_ms process=1 run=5 value=124.0000 outlier=false
arm=a10_slice11 metric=ttft_ms process=1 run=6 value=122.0000 outlier=false
arm=a10_slice11 metric=ttft_ms process=1 run=7 value=140.0000 outlier=true
arm=a10_slice11 metric=ttft_ms process=2 run=1 value=122.0000 outlier=false
arm=a10_slice11 metric=ttft_ms process=2 run=2 value=123.0000 outlier=false
arm=a10_slice11 metric=ttft_ms process=2 run=3 value=127.0000 outlier=false
arm=a10_slice11 metric=ttft_ms process=2 run=4 value=123.0000 outlier=false
arm=a10_slice11 metric=ttft_ms process=2 run=5 value=150.0000 outlier=true
arm=a10_slice11 metric=ttft_ms process=2 run=6 value=124.0000 outlier=false
arm=a10_slice11 metric=ttft_ms process=2 run=7 value=123.0000 outlier=false
summary arm=a10_slice11 metric=ttft_ms n_all=21 median_all=124.0000 cov_all_pct=6.34 min_all=122.0000 max_all=150.0000 | n_kept=15 median_kept=123.0000 mad_kept=1.0000 cov_kept_pct=2.38 min_kept=122.0000 max_kept=130.0000
memory arm=a10_slice11 metric=peak_rss_bytes process=0 value=3633381376
memory arm=a10_slice11 metric=peak_rss_bytes process=1 value=3626024960
memory arm=a10_slice11 metric=peak_rss_bytes process=2 value=3638280192
summary arm=a10_slice11 metric=peak_rss_bytes n=3 median=3633381376 max=3638280192
memory arm=a10_slice11 metric=peak_footprint_bytes process=0 value=214640832
memory arm=a10_slice11 metric=peak_footprint_bytes process=1 value=204220608
memory arm=a10_slice11 metric=peak_footprint_bytes process=2 value=212527360
summary arm=a10_slice11 metric=peak_footprint_bytes n=3 median=212527360 max=214640832
memory arm=a10_slice11 metric=peak_gpu_bytes process=0 value=3386261504
memory arm=a10_slice11 metric=peak_gpu_bytes process=1 value=3386343424
memory arm=a10_slice11 metric=peak_gpu_bytes process=2 value=3386687488
summary arm=a10_slice11 metric=peak_gpu_bytes n=3 median=3386343424 max=3386687488
extra arm=a10_slice11 process=0 peers_present_at_exit=[]
extra arm=a10_slice11 process=1 peers_present_at_exit=[]
extra arm=a10_slice11 process=2 peers_present_at_exit=[]
arm=a11_slice12 metric=ms_per_token process=0 run=1 value=11.5470 outlier=false
arm=a11_slice12 metric=ms_per_token process=0 run=2 value=11.6070 outlier=false
arm=a11_slice12 metric=ms_per_token process=0 run=3 value=12.2100 outlier=true
arm=a11_slice12 metric=ms_per_token process=0 run=4 value=11.7170 outlier=false
arm=a11_slice12 metric=ms_per_token process=0 run=5 value=11.5340 outlier=false
arm=a11_slice12 metric=ms_per_token process=0 run=6 value=11.5270 outlier=false
arm=a11_slice12 metric=ms_per_token process=0 run=7 value=11.6450 outlier=false
arm=a11_slice12 metric=ms_per_token process=1 run=1 value=11.6080 outlier=false
arm=a11_slice12 metric=ms_per_token process=1 run=2 value=11.5870 outlier=false
arm=a11_slice12 metric=ms_per_token process=1 run=3 value=11.5850 outlier=false
arm=a11_slice12 metric=ms_per_token process=1 run=4 value=11.6120 outlier=false
arm=a11_slice12 metric=ms_per_token process=1 run=5 value=11.8030 outlier=false
arm=a11_slice12 metric=ms_per_token process=1 run=6 value=11.7580 outlier=false
arm=a11_slice12 metric=ms_per_token process=1 run=7 value=11.5840 outlier=false
arm=a11_slice12 metric=ms_per_token process=2 run=1 value=12.4620 outlier=true
arm=a11_slice12 metric=ms_per_token process=2 run=2 value=12.4120 outlier=true
arm=a11_slice12 metric=ms_per_token process=2 run=3 value=11.5970 outlier=false
arm=a11_slice12 metric=ms_per_token process=2 run=4 value=12.0070 outlier=true
arm=a11_slice12 metric=ms_per_token process=2 run=5 value=11.7830 outlier=false
arm=a11_slice12 metric=ms_per_token process=2 run=6 value=11.5500 outlier=false
arm=a11_slice12 metric=ms_per_token process=2 run=7 value=11.6250 outlier=false
summary arm=a11_slice12 metric=ms_per_token n_all=21 median_all=11.6120 cov_all_pct=2.35 min_all=11.5270 max_all=12.4620 | n_kept=17 median_kept=11.6070 mad_kept=0.0380 cov_kept_pct=0.72 min_kept=11.5270 max_kept=11.8030
arm=a11_slice12 metric=prefill_ms process=0 run=1 value=122.0020 outlier=false
arm=a11_slice12 metric=prefill_ms process=0 run=2 value=122.0140 outlier=false
arm=a11_slice12 metric=prefill_ms process=0 run=3 value=122.9700 outlier=false
arm=a11_slice12 metric=prefill_ms process=0 run=4 value=140.9970 outlier=false
arm=a11_slice12 metric=prefill_ms process=0 run=5 value=143.9770 outlier=false
arm=a11_slice12 metric=prefill_ms process=0 run=6 value=125.0180 outlier=false
arm=a11_slice12 metric=prefill_ms process=0 run=7 value=125.0310 outlier=false
arm=a11_slice12 metric=prefill_ms process=1 run=1 value=134.9960 outlier=false
arm=a11_slice12 metric=prefill_ms process=1 run=2 value=124.0060 outlier=false
arm=a11_slice12 metric=prefill_ms process=1 run=3 value=134.9690 outlier=false
arm=a11_slice12 metric=prefill_ms process=1 run=4 value=121.9880 outlier=false
arm=a11_slice12 metric=prefill_ms process=1 run=5 value=122.9710 outlier=false
arm=a11_slice12 metric=prefill_ms process=1 run=6 value=138.0150 outlier=false
arm=a11_slice12 metric=prefill_ms process=1 run=7 value=135.0160 outlier=false
arm=a11_slice12 metric=prefill_ms process=2 run=1 value=149.0020 outlier=false
arm=a11_slice12 metric=prefill_ms process=2 run=2 value=151.0190 outlier=false
arm=a11_slice12 metric=prefill_ms process=2 run=3 value=157.0100 outlier=true
arm=a11_slice12 metric=prefill_ms process=2 run=4 value=121.9960 outlier=false
arm=a11_slice12 metric=prefill_ms process=2 run=5 value=158.9800 outlier=true
arm=a11_slice12 metric=prefill_ms process=2 run=6 value=127.9900 outlier=false
arm=a11_slice12 metric=prefill_ms process=2 run=7 value=127.9710 outlier=false
summary arm=a11_slice12 metric=prefill_ms n_all=21 median_all=127.9900 cov_all_pct=8.92 min_all=121.9880 max_all=158.9800 | n_kept=19 median_kept=127.9710 mad_kept=5.9750 cov_kept_pct=7.17 min_kept=121.9880 max_kept=151.0190
arm=a11_slice12 metric=ttft_ms process=0 run=1 value=122.0000 outlier=false
arm=a11_slice12 metric=ttft_ms process=0 run=2 value=122.0000 outlier=false
arm=a11_slice12 metric=ttft_ms process=0 run=3 value=123.0000 outlier=false
arm=a11_slice12 metric=ttft_ms process=0 run=4 value=141.0000 outlier=false
arm=a11_slice12 metric=ttft_ms process=0 run=5 value=144.0000 outlier=false
arm=a11_slice12 metric=ttft_ms process=0 run=6 value=125.0000 outlier=false
arm=a11_slice12 metric=ttft_ms process=0 run=7 value=125.0000 outlier=false
arm=a11_slice12 metric=ttft_ms process=1 run=1 value=135.0000 outlier=false
arm=a11_slice12 metric=ttft_ms process=1 run=2 value=124.0000 outlier=false
arm=a11_slice12 metric=ttft_ms process=1 run=3 value=135.0000 outlier=false
arm=a11_slice12 metric=ttft_ms process=1 run=4 value=122.0000 outlier=false
arm=a11_slice12 metric=ttft_ms process=1 run=5 value=123.0000 outlier=false
arm=a11_slice12 metric=ttft_ms process=1 run=6 value=138.0000 outlier=false
arm=a11_slice12 metric=ttft_ms process=1 run=7 value=135.0000 outlier=false
arm=a11_slice12 metric=ttft_ms process=2 run=1 value=149.0000 outlier=false
arm=a11_slice12 metric=ttft_ms process=2 run=2 value=151.0000 outlier=false
arm=a11_slice12 metric=ttft_ms process=2 run=3 value=157.0000 outlier=true
arm=a11_slice12 metric=ttft_ms process=2 run=4 value=122.0000 outlier=false
arm=a11_slice12 metric=ttft_ms process=2 run=5 value=159.0000 outlier=true
arm=a11_slice12 metric=ttft_ms process=2 run=6 value=128.0000 outlier=false
arm=a11_slice12 metric=ttft_ms process=2 run=7 value=128.0000 outlier=false
summary arm=a11_slice12 metric=ttft_ms n_all=21 median_all=128.0000 cov_all_pct=8.92 min_all=122.0000 max_all=159.0000 | n_kept=19 median_kept=128.0000 mad_kept=6.0000 cov_kept_pct=7.17 min_kept=122.0000 max_kept=151.0000
memory arm=a11_slice12 metric=peak_rss_bytes process=0 value=3644768256
memory arm=a11_slice12 metric=peak_rss_bytes process=1 value=3631136768
memory arm=a11_slice12 metric=peak_rss_bytes process=2 value=3642933248
summary arm=a11_slice12 metric=peak_rss_bytes n=3 median=3642933248 max=3644768256
memory arm=a11_slice12 metric=peak_footprint_bytes process=0 value=224864448
memory arm=a11_slice12 metric=peak_footprint_bytes process=1 value=201861248
memory arm=a11_slice12 metric=peak_footprint_bytes process=2 value=212920768
summary arm=a11_slice12 metric=peak_footprint_bytes n=3 median=212920768 max=224864448
memory arm=a11_slice12 metric=peak_gpu_bytes process=0 value=3386343424
memory arm=a11_slice12 metric=peak_gpu_bytes process=1 value=3386097664
memory arm=a11_slice12 metric=peak_gpu_bytes process=2 value=3386327040
summary arm=a11_slice12 metric=peak_gpu_bytes n=3 median=3386327040 max=3386343424
extra arm=a11_slice12 process=0 peers_present_at_exit=[]
extra arm=a11_slice12 process=1 peers_present_at_exit=[]
extra arm=a11_slice12 process=2 peers_present_at_exit=[]
arm=a12_eor metric=ms_per_token process=0 run=1 value=11.6300 outlier=false
arm=a12_eor metric=ms_per_token process=0 run=2 value=11.5010 outlier=false
arm=a12_eor metric=ms_per_token process=0 run=3 value=11.9650 outlier=false
arm=a12_eor metric=ms_per_token process=0 run=4 value=11.5700 outlier=false
arm=a12_eor metric=ms_per_token process=0 run=5 value=11.5700 outlier=false
arm=a12_eor metric=ms_per_token process=0 run=6 value=11.6030 outlier=false
arm=a12_eor metric=ms_per_token process=0 run=7 value=11.5970 outlier=false
arm=a12_eor metric=ms_per_token process=1 run=1 value=11.6590 outlier=false
arm=a12_eor metric=ms_per_token process=1 run=2 value=11.6170 outlier=false
arm=a12_eor metric=ms_per_token process=1 run=3 value=11.6300 outlier=false
arm=a12_eor metric=ms_per_token process=1 run=4 value=11.9310 outlier=false
arm=a12_eor metric=ms_per_token process=1 run=5 value=11.8270 outlier=false
arm=a12_eor metric=ms_per_token process=1 run=6 value=11.7800 outlier=false
arm=a12_eor metric=ms_per_token process=1 run=7 value=11.7840 outlier=false
arm=a12_eor metric=ms_per_token process=2 run=1 value=12.4910 outlier=true
arm=a12_eor metric=ms_per_token process=2 run=2 value=11.5360 outlier=false
arm=a12_eor metric=ms_per_token process=2 run=3 value=11.4980 outlier=false
arm=a12_eor metric=ms_per_token process=2 run=4 value=11.5390 outlier=false
arm=a12_eor metric=ms_per_token process=2 run=5 value=11.5260 outlier=false
arm=a12_eor metric=ms_per_token process=2 run=6 value=11.5390 outlier=false
arm=a12_eor metric=ms_per_token process=2 run=7 value=12.8210 outlier=true
summary arm=a12_eor metric=ms_per_token n_all=21 median_all=11.6170 cov_all_pct=2.79 min_all=11.4980 max_all=12.8210 | n_kept=19 median_kept=11.6030 mad_kept=0.0640 cov_kept_pct=1.19 min_kept=11.4980 max_kept=11.9650
arm=a12_eor metric=prefill_ms process=0 run=1 value=129.0050 outlier=true
arm=a12_eor metric=prefill_ms process=0 run=2 value=121.9910 outlier=false
arm=a12_eor metric=prefill_ms process=0 run=3 value=121.9870 outlier=false
arm=a12_eor metric=prefill_ms process=0 run=4 value=121.9910 outlier=false
arm=a12_eor metric=prefill_ms process=0 run=5 value=123.9870 outlier=false
arm=a12_eor metric=prefill_ms process=0 run=6 value=127.0140 outlier=false
arm=a12_eor metric=prefill_ms process=0 run=7 value=121.9860 outlier=false
arm=a12_eor metric=prefill_ms process=1 run=1 value=122.9970 outlier=false
arm=a12_eor metric=prefill_ms process=1 run=2 value=132.9780 outlier=true
arm=a12_eor metric=prefill_ms process=1 run=3 value=125.9780 outlier=false
arm=a12_eor metric=prefill_ms process=1 run=4 value=123.0170 outlier=false
arm=a12_eor metric=prefill_ms process=1 run=5 value=143.9920 outlier=true
arm=a12_eor metric=prefill_ms process=1 run=6 value=140.0280 outlier=true
arm=a12_eor metric=prefill_ms process=1 run=7 value=135.9960 outlier=true
arm=a12_eor metric=prefill_ms process=2 run=1 value=123.0120 outlier=false
arm=a12_eor metric=prefill_ms process=2 run=2 value=124.9940 outlier=false
arm=a12_eor metric=prefill_ms process=2 run=3 value=122.9930 outlier=false
arm=a12_eor metric=prefill_ms process=2 run=4 value=121.9700 outlier=false
arm=a12_eor metric=prefill_ms process=2 run=5 value=123.0180 outlier=false
arm=a12_eor metric=prefill_ms process=2 run=6 value=121.9780 outlier=false
arm=a12_eor metric=prefill_ms process=2 run=7 value=125.9870 outlier=false
summary arm=a12_eor metric=prefill_ms n_all=21 median_all=123.0180 cov_all_pct=4.94 min_all=121.9700 max_all=143.9920 | n_kept=16 median_kept=123.0045 mad_kept=1.0155 cov_kept_pct=1.31 min_kept=121.9700 max_kept=127.0140
arm=a12_eor metric=ttft_ms process=0 run=1 value=129.0000 outlier=true
arm=a12_eor metric=ttft_ms process=0 run=2 value=122.0000 outlier=false
arm=a12_eor metric=ttft_ms process=0 run=3 value=122.0000 outlier=false
arm=a12_eor metric=ttft_ms process=0 run=4 value=122.0000 outlier=false
arm=a12_eor metric=ttft_ms process=0 run=5 value=124.0000 outlier=false
arm=a12_eor metric=ttft_ms process=0 run=6 value=127.0000 outlier=false
arm=a12_eor metric=ttft_ms process=0 run=7 value=122.0000 outlier=false
arm=a12_eor metric=ttft_ms process=1 run=1 value=123.0000 outlier=false
arm=a12_eor metric=ttft_ms process=1 run=2 value=133.0000 outlier=true
arm=a12_eor metric=ttft_ms process=1 run=3 value=126.0000 outlier=false
arm=a12_eor metric=ttft_ms process=1 run=4 value=123.0000 outlier=false
arm=a12_eor metric=ttft_ms process=1 run=5 value=144.0000 outlier=true
arm=a12_eor metric=ttft_ms process=1 run=6 value=140.0000 outlier=true
arm=a12_eor metric=ttft_ms process=1 run=7 value=136.0000 outlier=true
arm=a12_eor metric=ttft_ms process=2 run=1 value=123.0000 outlier=false
arm=a12_eor metric=ttft_ms process=2 run=2 value=125.0000 outlier=false
arm=a12_eor metric=ttft_ms process=2 run=3 value=123.0000 outlier=false
arm=a12_eor metric=ttft_ms process=2 run=4 value=122.0000 outlier=false
arm=a12_eor metric=ttft_ms process=2 run=5 value=123.0000 outlier=false
arm=a12_eor metric=ttft_ms process=2 run=6 value=122.0000 outlier=false
arm=a12_eor metric=ttft_ms process=2 run=7 value=126.0000 outlier=false
summary arm=a12_eor metric=ttft_ms n_all=21 median_all=123.0000 cov_all_pct=4.94 min_all=122.0000 max_all=144.0000 | n_kept=16 median_kept=123.0000 mad_kept=1.0000 cov_kept_pct=1.31 min_kept=122.0000 max_kept=127.0000
memory arm=a12_eor metric=peak_rss_bytes process=0 value=3608985600
memory arm=a12_eor metric=peak_rss_bytes process=1 value=3634823168
memory arm=a12_eor metric=peak_rss_bytes process=2 value=3635920896
summary arm=a12_eor metric=peak_rss_bytes n=3 median=3634823168 max=3635920896
memory arm=a12_eor metric=peak_footprint_bytes process=0 value=203024640
memory arm=a12_eor metric=peak_footprint_bytes process=1 value=213412096
memory arm=a12_eor metric=peak_footprint_bytes process=2 value=212134016
summary arm=a12_eor metric=peak_footprint_bytes n=3 median=212134016 max=213412096
memory arm=a12_eor metric=peak_gpu_bytes process=0 value=3386294272
memory arm=a12_eor metric=peak_gpu_bytes process=1 value=3386294272
memory arm=a12_eor metric=peak_gpu_bytes process=2 value=3386343424
summary arm=a12_eor metric=peak_gpu_bytes n=3 median=3386294272 max=3386343424
extra arm=a12_eor process=0 peers_present_at_exit=[]
extra arm=a12_eor process=1 peers_present_at_exit=[]
extra arm=a12_eor process=2 peers_present_at_exit=[]
arm=a13_f76b4a97 metric=ms_per_token process=0 run=1 value=11.6260 outlier=false
arm=a13_f76b4a97 metric=ms_per_token process=0 run=2 value=11.6460 outlier=false
arm=a13_f76b4a97 metric=ms_per_token process=0 run=3 value=11.7570 outlier=false
arm=a13_f76b4a97 metric=ms_per_token process=0 run=4 value=11.4870 outlier=false
arm=a13_f76b4a97 metric=ms_per_token process=0 run=5 value=11.6420 outlier=false
arm=a13_f76b4a97 metric=ms_per_token process=0 run=6 value=11.6270 outlier=false
arm=a13_f76b4a97 metric=ms_per_token process=0 run=7 value=11.5980 outlier=false
arm=a13_f76b4a97 metric=ms_per_token process=1 run=1 value=11.6510 outlier=false
arm=a13_f76b4a97 metric=ms_per_token process=1 run=2 value=11.6150 outlier=false
arm=a13_f76b4a97 metric=ms_per_token process=1 run=3 value=11.5890 outlier=false
arm=a13_f76b4a97 metric=ms_per_token process=1 run=4 value=11.5650 outlier=false
arm=a13_f76b4a97 metric=ms_per_token process=1 run=5 value=11.6430 outlier=false
arm=a13_f76b4a97 metric=ms_per_token process=1 run=6 value=11.8070 outlier=false
arm=a13_f76b4a97 metric=ms_per_token process=1 run=7 value=11.7590 outlier=false
arm=a13_f76b4a97 metric=ms_per_token process=2 run=1 value=11.5310 outlier=false
arm=a13_f76b4a97 metric=ms_per_token process=2 run=2 value=12.4570 outlier=true
arm=a13_f76b4a97 metric=ms_per_token process=2 run=3 value=12.2310 outlier=true
arm=a13_f76b4a97 metric=ms_per_token process=2 run=4 value=11.5130 outlier=false
arm=a13_f76b4a97 metric=ms_per_token process=2 run=5 value=11.3610 outlier=false
arm=a13_f76b4a97 metric=ms_per_token process=2 run=6 value=11.5240 outlier=false
arm=a13_f76b4a97 metric=ms_per_token process=2 run=7 value=11.5730 outlier=false
summary arm=a13_f76b4a97 metric=ms_per_token n_all=21 median_all=11.6260 cov_all_pct=2.05 min_all=11.3610 max_all=12.4570 | n_kept=19 median_kept=11.6150 mad_kept=0.0420 cov_kept_pct=0.87 min_kept=11.3610 max_kept=11.8070
arm=a13_f76b4a97 metric=prefill_ms process=0 run=1 value=123.0170 outlier=false
arm=a13_f76b4a97 metric=prefill_ms process=0 run=2 value=122.0020 outlier=false
arm=a13_f76b4a97 metric=prefill_ms process=0 run=3 value=122.9800 outlier=false
arm=a13_f76b4a97 metric=prefill_ms process=0 run=4 value=133.0270 outlier=true
arm=a13_f76b4a97 metric=prefill_ms process=0 run=5 value=122.9690 outlier=false
arm=a13_f76b4a97 metric=prefill_ms process=0 run=6 value=123.9890 outlier=false
arm=a13_f76b4a97 metric=prefill_ms process=0 run=7 value=122.9910 outlier=false
arm=a13_f76b4a97 metric=prefill_ms process=1 run=1 value=123.0180 outlier=false
arm=a13_f76b4a97 metric=prefill_ms process=1 run=2 value=138.0070 outlier=true
arm=a13_f76b4a97 metric=prefill_ms process=1 run=3 value=133.0310 outlier=true
arm=a13_f76b4a97 metric=prefill_ms process=1 run=4 value=122.9740 outlier=false
arm=a13_f76b4a97 metric=prefill_ms process=1 run=5 value=122.9880 outlier=false
arm=a13_f76b4a97 metric=prefill_ms process=1 run=6 value=123.0280 outlier=false
arm=a13_f76b4a97 metric=prefill_ms process=1 run=7 value=139.0130 outlier=true
arm=a13_f76b4a97 metric=prefill_ms process=2 run=1 value=121.9880 outlier=false
arm=a13_f76b4a97 metric=prefill_ms process=2 run=2 value=123.0120 outlier=false
arm=a13_f76b4a97 metric=prefill_ms process=2 run=3 value=145.0270 outlier=true
arm=a13_f76b4a97 metric=prefill_ms process=2 run=4 value=143.9800 outlier=true
arm=a13_f76b4a97 metric=prefill_ms process=2 run=5 value=122.9970 outlier=false
arm=a13_f76b4a97 metric=prefill_ms process=2 run=6 value=121.9700 outlier=false
arm=a13_f76b4a97 metric=prefill_ms process=2 run=7 value=125.0150 outlier=false
summary arm=a13_f76b4a97 metric=prefill_ms n_all=21 median_all=123.0170 cov_all_pct=5.92 min_all=121.9700 max_all=145.0270 | n_kept=15 median_kept=122.9910 mad_kept=0.0260 cov_kept_pct=0.60 min_kept=121.9700 max_kept=125.0150
arm=a13_f76b4a97 metric=ttft_ms process=0 run=1 value=123.0000 outlier=false
arm=a13_f76b4a97 metric=ttft_ms process=0 run=2 value=122.0000 outlier=false
arm=a13_f76b4a97 metric=ttft_ms process=0 run=3 value=123.0000 outlier=false
arm=a13_f76b4a97 metric=ttft_ms process=0 run=4 value=133.0000 outlier=true
arm=a13_f76b4a97 metric=ttft_ms process=0 run=5 value=123.0000 outlier=false
arm=a13_f76b4a97 metric=ttft_ms process=0 run=6 value=124.0000 outlier=false
arm=a13_f76b4a97 metric=ttft_ms process=0 run=7 value=123.0000 outlier=false
arm=a13_f76b4a97 metric=ttft_ms process=1 run=1 value=123.0000 outlier=false
arm=a13_f76b4a97 metric=ttft_ms process=1 run=2 value=138.0000 outlier=true
arm=a13_f76b4a97 metric=ttft_ms process=1 run=3 value=133.0000 outlier=true
arm=a13_f76b4a97 metric=ttft_ms process=1 run=4 value=123.0000 outlier=false
arm=a13_f76b4a97 metric=ttft_ms process=1 run=5 value=123.0000 outlier=false
arm=a13_f76b4a97 metric=ttft_ms process=1 run=6 value=123.0000 outlier=false
arm=a13_f76b4a97 metric=ttft_ms process=1 run=7 value=139.0000 outlier=true
arm=a13_f76b4a97 metric=ttft_ms process=2 run=1 value=122.0000 outlier=false
arm=a13_f76b4a97 metric=ttft_ms process=2 run=2 value=123.0000 outlier=false
arm=a13_f76b4a97 metric=ttft_ms process=2 run=3 value=145.0000 outlier=true
arm=a13_f76b4a97 metric=ttft_ms process=2 run=4 value=144.0000 outlier=true
arm=a13_f76b4a97 metric=ttft_ms process=2 run=5 value=123.0000 outlier=false
arm=a13_f76b4a97 metric=ttft_ms process=2 run=6 value=122.0000 outlier=false
arm=a13_f76b4a97 metric=ttft_ms process=2 run=7 value=125.0000 outlier=false
summary arm=a13_f76b4a97 metric=ttft_ms n_all=21 median_all=123.0000 cov_all_pct=5.91 min_all=122.0000 max_all=145.0000 | n_kept=15 median_kept=123.0000 mad_kept=0.0000 cov_kept_pct=0.59 min_kept=122.0000 max_kept=125.0000
memory arm=a13_f76b4a97 metric=peak_rss_bytes process=0 value=3633332224
memory arm=a13_f76b4a97 metric=peak_rss_bytes process=1 value=3630579712
memory arm=a13_f76b4a97 metric=peak_rss_bytes process=2 value=3633922048
summary arm=a13_f76b4a97 metric=peak_rss_bytes n=3 median=3633332224 max=3633922048
memory arm=a13_f76b4a97 metric=peak_footprint_bytes process=0 value=216164544
memory arm=a13_f76b4a97 metric=peak_footprint_bytes process=1 value=209119552
memory arm=a13_f76b4a97 metric=peak_footprint_bytes process=2 value=215493248
summary arm=a13_f76b4a97 metric=peak_footprint_bytes n=3 median=215493248 max=216164544
memory arm=a13_f76b4a97 metric=peak_gpu_bytes process=0 value=3386654720
memory arm=a13_f76b4a97 metric=peak_gpu_bytes process=1 value=3386490880
memory arm=a13_f76b4a97 metric=peak_gpu_bytes process=2 value=3386359808
summary arm=a13_f76b4a97 metric=peak_gpu_bytes n=3 median=3386490880 max=3386654720
extra arm=a13_f76b4a97 process=0 peers_present_at_exit=[]
extra arm=a13_f76b4a97 process=1 peers_present_at_exit=[]
extra arm=a13_f76b4a97 process=2 peers_present_at_exit=[]
arm=a14_tip_s1 metric=ms_per_token process=0 run=1 value=11.6850 outlier=false
arm=a14_tip_s1 metric=ms_per_token process=0 run=2 value=11.7410 outlier=false
arm=a14_tip_s1 metric=ms_per_token process=0 run=3 value=11.4410 outlier=false
arm=a14_tip_s1 metric=ms_per_token process=0 run=4 value=11.5420 outlier=false
arm=a14_tip_s1 metric=ms_per_token process=0 run=5 value=11.6740 outlier=false
arm=a14_tip_s1 metric=ms_per_token process=0 run=6 value=11.6410 outlier=false
arm=a14_tip_s1 metric=ms_per_token process=0 run=7 value=12.2640 outlier=true
arm=a14_tip_s1 metric=ms_per_token process=1 run=1 value=11.6460 outlier=false
arm=a14_tip_s1 metric=ms_per_token process=1 run=2 value=11.5290 outlier=false
arm=a14_tip_s1 metric=ms_per_token process=1 run=3 value=11.5680 outlier=false
arm=a14_tip_s1 metric=ms_per_token process=1 run=4 value=11.5680 outlier=false
arm=a14_tip_s1 metric=ms_per_token process=1 run=5 value=11.8270 outlier=false
arm=a14_tip_s1 metric=ms_per_token process=1 run=6 value=11.7250 outlier=false
arm=a14_tip_s1 metric=ms_per_token process=1 run=7 value=11.7030 outlier=false
arm=a14_tip_s1 metric=ms_per_token process=2 run=1 value=11.7180 outlier=false
arm=a14_tip_s1 metric=ms_per_token process=2 run=2 value=11.5540 outlier=false
arm=a14_tip_s1 metric=ms_per_token process=2 run=3 value=12.0710 outlier=true
arm=a14_tip_s1 metric=ms_per_token process=2 run=4 value=11.5780 outlier=false
arm=a14_tip_s1 metric=ms_per_token process=2 run=5 value=11.5320 outlier=false
arm=a14_tip_s1 metric=ms_per_token process=2 run=6 value=11.4120 outlier=false
arm=a14_tip_s1 metric=ms_per_token process=2 run=7 value=11.5840 outlier=false
summary arm=a14_tip_s1 metric=ms_per_token n_all=21 median_all=11.6410 cov_all_pct=1.65 min_all=11.4120 max_all=12.2640 | n_kept=19 median_kept=11.5840 mad_kept=0.0620 cov_kept_pct=0.89 min_kept=11.4120 max_kept=11.8270
arm=a14_tip_s1 metric=prefill_ms process=0 run=1 value=122.9890 outlier=false
arm=a14_tip_s1 metric=prefill_ms process=0 run=2 value=123.0160 outlier=false
arm=a14_tip_s1 metric=prefill_ms process=0 run=3 value=132.9870 outlier=false
arm=a14_tip_s1 metric=prefill_ms process=0 run=4 value=135.9940 outlier=false
arm=a14_tip_s1 metric=prefill_ms process=0 run=5 value=122.9730 outlier=false
arm=a14_tip_s1 metric=prefill_ms process=0 run=6 value=125.9730 outlier=false
arm=a14_tip_s1 metric=prefill_ms process=0 run=7 value=136.9750 outlier=false
arm=a14_tip_s1 metric=prefill_ms process=1 run=1 value=138.0300 outlier=false
arm=a14_tip_s1 metric=prefill_ms process=1 run=2 value=139.9710 outlier=false
arm=a14_tip_s1 metric=prefill_ms process=1 run=3 value=136.0150 outlier=false
arm=a14_tip_s1 metric=prefill_ms process=1 run=4 value=128.9920 outlier=false
arm=a14_tip_s1 metric=prefill_ms process=1 run=5 value=122.9970 outlier=false
arm=a14_tip_s1 metric=prefill_ms process=1 run=6 value=140.0230 outlier=false
arm=a14_tip_s1 metric=prefill_ms process=1 run=7 value=139.0270 outlier=false
arm=a14_tip_s1 metric=prefill_ms process=2 run=1 value=122.9830 outlier=false
arm=a14_tip_s1 metric=prefill_ms process=2 run=2 value=124.9980 outlier=false
arm=a14_tip_s1 metric=prefill_ms process=2 run=3 value=123.0080 outlier=false
arm=a14_tip_s1 metric=prefill_ms process=2 run=4 value=126.9920 outlier=false
arm=a14_tip_s1 metric=prefill_ms process=2 run=5 value=123.0130 outlier=false
arm=a14_tip_s1 metric=prefill_ms process=2 run=6 value=128.0110 outlier=false
arm=a14_tip_s1 metric=prefill_ms process=2 run=7 value=125.0100 outlier=false
summary arm=a14_tip_s1 metric=prefill_ms n_all=21 median_all=126.9920 cov_all_pct=5.04 min_all=122.9730 max_all=140.0230 | n_kept=21 median_kept=126.9920 mad_kept=4.0030 cov_kept_pct=5.04 min_kept=122.9730 max_kept=140.0230
arm=a14_tip_s1 metric=ttft_ms process=0 run=1 value=123.0000 outlier=false
arm=a14_tip_s1 metric=ttft_ms process=0 run=2 value=123.0000 outlier=false
arm=a14_tip_s1 metric=ttft_ms process=0 run=3 value=133.0000 outlier=false
arm=a14_tip_s1 metric=ttft_ms process=0 run=4 value=136.0000 outlier=false
arm=a14_tip_s1 metric=ttft_ms process=0 run=5 value=123.0000 outlier=false
arm=a14_tip_s1 metric=ttft_ms process=0 run=6 value=126.0000 outlier=false
arm=a14_tip_s1 metric=ttft_ms process=0 run=7 value=137.0000 outlier=false
arm=a14_tip_s1 metric=ttft_ms process=1 run=1 value=138.0000 outlier=false
arm=a14_tip_s1 metric=ttft_ms process=1 run=2 value=140.0000 outlier=false
arm=a14_tip_s1 metric=ttft_ms process=1 run=3 value=136.0000 outlier=false
arm=a14_tip_s1 metric=ttft_ms process=1 run=4 value=129.0000 outlier=false
arm=a14_tip_s1 metric=ttft_ms process=1 run=5 value=123.0000 outlier=false
arm=a14_tip_s1 metric=ttft_ms process=1 run=6 value=140.0000 outlier=false
arm=a14_tip_s1 metric=ttft_ms process=1 run=7 value=139.0000 outlier=false
arm=a14_tip_s1 metric=ttft_ms process=2 run=1 value=123.0000 outlier=false
arm=a14_tip_s1 metric=ttft_ms process=2 run=2 value=125.0000 outlier=false
arm=a14_tip_s1 metric=ttft_ms process=2 run=3 value=123.0000 outlier=false
arm=a14_tip_s1 metric=ttft_ms process=2 run=4 value=127.0000 outlier=false
arm=a14_tip_s1 metric=ttft_ms process=2 run=5 value=123.0000 outlier=false
arm=a14_tip_s1 metric=ttft_ms process=2 run=6 value=128.0000 outlier=false
arm=a14_tip_s1 metric=ttft_ms process=2 run=7 value=125.0000 outlier=false
summary arm=a14_tip_s1 metric=ttft_ms n_all=21 median_all=127.0000 cov_all_pct=5.04 min_all=123.0000 max_all=140.0000 | n_kept=21 median_kept=127.0000 mad_kept=4.0000 cov_kept_pct=5.04 min_kept=123.0000 max_kept=140.0000
memory arm=a14_tip_s1 metric=peak_rss_bytes process=0 value=3620536320
memory arm=a14_tip_s1 metric=peak_rss_bytes process=1 value=3619094528
memory arm=a14_tip_s1 metric=peak_rss_bytes process=2 value=3631792128
summary arm=a14_tip_s1 metric=peak_rss_bytes n=3 median=3620536320 max=3631792128
memory arm=a14_tip_s1 metric=peak_footprint_bytes process=0 value=204073152
memory arm=a14_tip_s1 metric=peak_footprint_bytes process=1 value=198371648
memory arm=a14_tip_s1 metric=peak_footprint_bytes process=2 value=210004352
summary arm=a14_tip_s1 metric=peak_footprint_bytes n=3 median=204073152 max=210004352
memory arm=a14_tip_s1 metric=peak_gpu_bytes process=0 value=3386294272
memory arm=a14_tip_s1 metric=peak_gpu_bytes process=1 value=3386392576
memory arm=a14_tip_s1 metric=peak_gpu_bytes process=2 value=3386802176
summary arm=a14_tip_s1 metric=peak_gpu_bytes n=3 median=3386392576 max=3386802176
extra arm=a14_tip_s1 process=0 peers_present_at_exit=[]
extra arm=a14_tip_s1 process=1 peers_present_at_exit=[]
extra arm=a14_tip_s1 process=2 peers_present_at_exit=[]
arm=a15_s2_mml metric=ms_per_token process=0 run=1 value=11.6350 outlier=false
arm=a15_s2_mml metric=ms_per_token process=0 run=2 value=11.6110 outlier=false
arm=a15_s2_mml metric=ms_per_token process=0 run=3 value=11.9610 outlier=true
arm=a15_s2_mml metric=ms_per_token process=0 run=4 value=11.2450 outlier=false
arm=a15_s2_mml metric=ms_per_token process=0 run=5 value=11.5190 outlier=false
arm=a15_s2_mml metric=ms_per_token process=0 run=6 value=11.6030 outlier=false
arm=a15_s2_mml metric=ms_per_token process=0 run=7 value=11.4230 outlier=false
arm=a15_s2_mml metric=ms_per_token process=1 run=1 value=11.1950 outlier=true
arm=a15_s2_mml metric=ms_per_token process=1 run=2 value=11.1210 outlier=true
arm=a15_s2_mml metric=ms_per_token process=1 run=3 value=11.1350 outlier=true
arm=a15_s2_mml metric=ms_per_token process=1 run=4 value=11.1980 outlier=true
arm=a15_s2_mml metric=ms_per_token process=1 run=5 value=11.8710 outlier=false
arm=a15_s2_mml metric=ms_per_token process=1 run=6 value=13.2290 outlier=true
arm=a15_s2_mml metric=ms_per_token process=1 run=7 value=15.8990 outlier=true
arm=a15_s2_mml metric=ms_per_token process=2 run=1 value=11.5860 outlier=false
arm=a15_s2_mml metric=ms_per_token process=2 run=2 value=11.5660 outlier=false
arm=a15_s2_mml metric=ms_per_token process=2 run=3 value=11.5210 outlier=false
arm=a15_s2_mml metric=ms_per_token process=2 run=4 value=11.5580 outlier=false
arm=a15_s2_mml metric=ms_per_token process=2 run=5 value=11.5900 outlier=false
arm=a15_s2_mml metric=ms_per_token process=2 run=6 value=11.5450 outlier=false
arm=a15_s2_mml metric=ms_per_token process=2 run=7 value=11.5500 outlier=false
summary arm=a15_s2_mml metric=ms_per_token n_all=21 median_all=11.5580 cov_all_pct=8.59 min_all=11.1210 max_all=15.8990 | n_kept=14 median_kept=11.5620 mad_kept=0.0410 cov_kept_pct=1.11 min_kept=11.2450 max_kept=11.8710
arm=a15_s2_mml metric=prefill_ms process=0 run=1 value=123.9860 outlier=false
arm=a15_s2_mml metric=prefill_ms process=0 run=2 value=123.9930 outlier=false
arm=a15_s2_mml metric=prefill_ms process=0 run=3 value=124.0200 outlier=false
arm=a15_s2_mml metric=prefill_ms process=0 run=4 value=131.9810 outlier=false
arm=a15_s2_mml metric=prefill_ms process=0 run=5 value=126.9810 outlier=false
arm=a15_s2_mml metric=prefill_ms process=0 run=6 value=129.0300 outlier=false
arm=a15_s2_mml metric=prefill_ms process=0 run=7 value=124.9820 outlier=false
arm=a15_s2_mml metric=prefill_ms process=1 run=1 value=134.0010 outlier=false
arm=a15_s2_mml metric=prefill_ms process=1 run=2 value=126.0230 outlier=false
arm=a15_s2_mml metric=prefill_ms process=1 run=3 value=132.0120 outlier=false
arm=a15_s2_mml metric=prefill_ms process=1 run=4 value=124.9900 outlier=false
arm=a15_s2_mml metric=prefill_ms process=1 run=5 value=126.0280 outlier=false
arm=a15_s2_mml metric=prefill_ms process=1 run=6 value=136.9790 outlier=true
arm=a15_s2_mml metric=prefill_ms process=1 run=7 value=177.9820 outlier=true
arm=a15_s2_mml metric=prefill_ms process=2 run=1 value=124.0210 outlier=false
arm=a15_s2_mml metric=prefill_ms process=2 run=2 value=123.9890 outlier=false
arm=a15_s2_mml metric=prefill_ms process=2 run=3 value=123.9790 outlier=false
arm=a15_s2_mml metric=prefill_ms process=2 run=4 value=124.0180 outlier=false
arm=a15_s2_mml metric=prefill_ms process=2 run=5 value=127.0130 outlier=false
arm=a15_s2_mml metric=prefill_ms process=2 run=6 value=124.0230 outlier=false
arm=a15_s2_mml metric=prefill_ms process=2 run=7 value=131.9850 outlier=false
summary arm=a15_s2_mml metric=prefill_ms n_all=21 median_all=126.0230 cov_all_pct=8.85 min_all=123.9790 max_all=177.9820 | n_kept=19 median_kept=124.9900 mad_kept=1.0110 cov_kept_pct=2.61 min_kept=123.9790 max_kept=134.0010
arm=a15_s2_mml metric=ttft_ms process=0 run=1 value=124.0000 outlier=false
arm=a15_s2_mml metric=ttft_ms process=0 run=2 value=124.0000 outlier=false
arm=a15_s2_mml metric=ttft_ms process=0 run=3 value=124.0000 outlier=false
arm=a15_s2_mml metric=ttft_ms process=0 run=4 value=132.0000 outlier=false
arm=a15_s2_mml metric=ttft_ms process=0 run=5 value=127.0000 outlier=false
arm=a15_s2_mml metric=ttft_ms process=0 run=6 value=129.0000 outlier=false
arm=a15_s2_mml metric=ttft_ms process=0 run=7 value=125.0000 outlier=false
arm=a15_s2_mml metric=ttft_ms process=1 run=1 value=134.0000 outlier=false
arm=a15_s2_mml metric=ttft_ms process=1 run=2 value=126.0000 outlier=false
arm=a15_s2_mml metric=ttft_ms process=1 run=3 value=132.0000 outlier=false
arm=a15_s2_mml metric=ttft_ms process=1 run=4 value=125.0000 outlier=false
arm=a15_s2_mml metric=ttft_ms process=1 run=5 value=126.0000 outlier=false
arm=a15_s2_mml metric=ttft_ms process=1 run=6 value=137.0000 outlier=true
arm=a15_s2_mml metric=ttft_ms process=1 run=7 value=178.0000 outlier=true
arm=a15_s2_mml metric=ttft_ms process=2 run=1 value=124.0000 outlier=false
arm=a15_s2_mml metric=ttft_ms process=2 run=2 value=124.0000 outlier=false
arm=a15_s2_mml metric=ttft_ms process=2 run=3 value=124.0000 outlier=false
arm=a15_s2_mml metric=ttft_ms process=2 run=4 value=124.0000 outlier=false
arm=a15_s2_mml metric=ttft_ms process=2 run=5 value=127.0000 outlier=false
arm=a15_s2_mml metric=ttft_ms process=2 run=6 value=124.0000 outlier=false
arm=a15_s2_mml metric=ttft_ms process=2 run=7 value=132.0000 outlier=false
summary arm=a15_s2_mml metric=ttft_ms n_all=21 median_all=126.0000 cov_all_pct=8.86 min_all=124.0000 max_all=178.0000 | n_kept=19 median_kept=125.0000 mad_kept=1.0000 cov_kept_pct=2.61 min_kept=124.0000 max_kept=134.0000
memory arm=a15_s2_mml metric=peak_rss_bytes process=0 value=3636396032
memory arm=a15_s2_mml metric=peak_rss_bytes process=1 value=3626369024
memory arm=a15_s2_mml metric=peak_rss_bytes process=2 value=3620749312
summary arm=a15_s2_mml metric=peak_rss_bytes n=3 median=3626369024 max=3636396032
memory arm=a15_s2_mml metric=peak_footprint_bytes process=0 value=220359104
memory arm=a15_s2_mml metric=peak_footprint_bytes process=1 value=202942720
memory arm=a15_s2_mml metric=peak_footprint_bytes process=2 value=202483776
summary arm=a15_s2_mml metric=peak_footprint_bytes n=3 median=202942720 max=220359104
memory arm=a15_s2_mml metric=peak_gpu_bytes process=0 value=3386392576
memory arm=a15_s2_mml metric=peak_gpu_bytes process=1 value=3386654720
memory arm=a15_s2_mml metric=peak_gpu_bytes process=2 value=3386425344
summary arm=a15_s2_mml metric=peak_gpu_bytes n=3 median=3386425344 max=3386654720
extra arm=a15_s2_mml process=0 peers_present_at_exit=[]
extra arm=a15_s2_mml process=1 peers_present_at_exit=[]
extra arm=a15_s2_mml process=2 peers_present_at_exit=[]
arm=a16_s2fix_3a933038 metric=ms_per_token process=0 run=1 value=11.6420 outlier=false
arm=a16_s2fix_3a933038 metric=ms_per_token process=0 run=2 value=11.7300 outlier=false
arm=a16_s2fix_3a933038 metric=ms_per_token process=0 run=3 value=11.6370 outlier=false
arm=a16_s2fix_3a933038 metric=ms_per_token process=0 run=4 value=11.6240 outlier=false
arm=a16_s2fix_3a933038 metric=ms_per_token process=0 run=5 value=11.5290 outlier=false
arm=a16_s2fix_3a933038 metric=ms_per_token process=0 run=6 value=11.4960 outlier=false
arm=a16_s2fix_3a933038 metric=ms_per_token process=0 run=7 value=11.4270 outlier=false
arm=a16_s2fix_3a933038 metric=ms_per_token process=1 run=1 value=11.2800 outlier=true
arm=a16_s2fix_3a933038 metric=ms_per_token process=1 run=2 value=11.2880 outlier=true
arm=a16_s2fix_3a933038 metric=ms_per_token process=1 run=3 value=11.5660 outlier=false
arm=a16_s2fix_3a933038 metric=ms_per_token process=1 run=4 value=11.3800 outlier=false
arm=a16_s2fix_3a933038 metric=ms_per_token process=1 run=5 value=11.2900 outlier=false
arm=a16_s2fix_3a933038 metric=ms_per_token process=1 run=6 value=11.2720 outlier=true
arm=a16_s2fix_3a933038 metric=ms_per_token process=1 run=7 value=11.5900 outlier=false
arm=a16_s2fix_3a933038 metric=ms_per_token process=2 run=1 value=11.5070 outlier=false
arm=a16_s2fix_3a933038 metric=ms_per_token process=2 run=2 value=11.5730 outlier=false
arm=a16_s2fix_3a933038 metric=ms_per_token process=2 run=3 value=11.5760 outlier=false
arm=a16_s2fix_3a933038 metric=ms_per_token process=2 run=4 value=11.5900 outlier=false
arm=a16_s2fix_3a933038 metric=ms_per_token process=2 run=5 value=11.6190 outlier=false
arm=a16_s2fix_3a933038 metric=ms_per_token process=2 run=6 value=11.6060 outlier=false
arm=a16_s2fix_3a933038 metric=ms_per_token process=2 run=7 value=11.5820 outlier=false
summary arm=a16_s2fix_3a933038 metric=ms_per_token n_all=21 median_all=11.5730 cov_all_pct=1.16 min_all=11.2720 max_all=11.7300 | n_kept=18 median_kept=11.5790 mad_kept=0.0475 cov_kept_pct=0.88 min_kept=11.2900 max_kept=11.7300
arm=a16_s2fix_3a933038 metric=prefill_ms process=0 run=1 value=137.9800 outlier=false
arm=a16_s2fix_3a933038 metric=prefill_ms process=0 run=2 value=126.9860 outlier=false
arm=a16_s2fix_3a933038 metric=prefill_ms process=0 run=3 value=134.9710 outlier=false
arm=a16_s2fix_3a933038 metric=prefill_ms process=0 run=4 value=140.0100 outlier=false
arm=a16_s2fix_3a933038 metric=prefill_ms process=0 run=5 value=126.0110 outlier=false
arm=a16_s2fix_3a933038 metric=prefill_ms process=0 run=6 value=140.0120 outlier=false
arm=a16_s2fix_3a933038 metric=prefill_ms process=0 run=7 value=141.0070 outlier=false
arm=a16_s2fix_3a933038 metric=prefill_ms process=1 run=1 value=131.9790 outlier=false
arm=a16_s2fix_3a933038 metric=prefill_ms process=1 run=2 value=129.0190 outlier=false
arm=a16_s2fix_3a933038 metric=prefill_ms process=1 run=3 value=136.9930 outlier=false
arm=a16_s2fix_3a933038 metric=prefill_ms process=1 run=4 value=150.0180 outlier=false
arm=a16_s2fix_3a933038 metric=prefill_ms process=1 run=5 value=156.0200 outlier=true
arm=a16_s2fix_3a933038 metric=prefill_ms process=1 run=6 value=137.0300 outlier=false
arm=a16_s2fix_3a933038 metric=prefill_ms process=1 run=7 value=127.9940 outlier=false
arm=a16_s2fix_3a933038 metric=prefill_ms process=2 run=1 value=124.0250 outlier=false
arm=a16_s2fix_3a933038 metric=prefill_ms process=2 run=2 value=124.0310 outlier=false
arm=a16_s2fix_3a933038 metric=prefill_ms process=2 run=3 value=124.0100 outlier=false
arm=a16_s2fix_3a933038 metric=prefill_ms process=2 run=4 value=129.0180 outlier=false
arm=a16_s2fix_3a933038 metric=prefill_ms process=2 run=5 value=127.0310 outlier=false
arm=a16_s2fix_3a933038 metric=prefill_ms process=2 run=6 value=124.0260 outlier=false
arm=a16_s2fix_3a933038 metric=prefill_ms process=2 run=7 value=125.0170 outlier=false
summary arm=a16_s2fix_3a933038 metric=prefill_ms n_all=21 median_all=129.0190 cov_all_pct=6.58 min_all=124.0100 max_all=156.0200 | n_kept=20 median_kept=129.0185 mad_kept=4.9930 cov_kept_pct=5.50 min_kept=124.0100 max_kept=150.0180
arm=a16_s2fix_3a933038 metric=ttft_ms process=0 run=1 value=138.0000 outlier=false
arm=a16_s2fix_3a933038 metric=ttft_ms process=0 run=2 value=127.0000 outlier=false
arm=a16_s2fix_3a933038 metric=ttft_ms process=0 run=3 value=135.0000 outlier=false
arm=a16_s2fix_3a933038 metric=ttft_ms process=0 run=4 value=140.0000 outlier=false
arm=a16_s2fix_3a933038 metric=ttft_ms process=0 run=5 value=126.0000 outlier=false
arm=a16_s2fix_3a933038 metric=ttft_ms process=0 run=6 value=140.0000 outlier=false
arm=a16_s2fix_3a933038 metric=ttft_ms process=0 run=7 value=141.0000 outlier=false
arm=a16_s2fix_3a933038 metric=ttft_ms process=1 run=1 value=132.0000 outlier=false
arm=a16_s2fix_3a933038 metric=ttft_ms process=1 run=2 value=129.0000 outlier=false
arm=a16_s2fix_3a933038 metric=ttft_ms process=1 run=3 value=137.0000 outlier=false
arm=a16_s2fix_3a933038 metric=ttft_ms process=1 run=4 value=150.0000 outlier=false
arm=a16_s2fix_3a933038 metric=ttft_ms process=1 run=5 value=156.0000 outlier=true
arm=a16_s2fix_3a933038 metric=ttft_ms process=1 run=6 value=137.0000 outlier=false
arm=a16_s2fix_3a933038 metric=ttft_ms process=1 run=7 value=128.0000 outlier=false
arm=a16_s2fix_3a933038 metric=ttft_ms process=2 run=1 value=124.0000 outlier=false
arm=a16_s2fix_3a933038 metric=ttft_ms process=2 run=2 value=124.0000 outlier=false
arm=a16_s2fix_3a933038 metric=ttft_ms process=2 run=3 value=124.0000 outlier=false
arm=a16_s2fix_3a933038 metric=ttft_ms process=2 run=4 value=129.0000 outlier=false
arm=a16_s2fix_3a933038 metric=ttft_ms process=2 run=5 value=127.0000 outlier=false
arm=a16_s2fix_3a933038 metric=ttft_ms process=2 run=6 value=124.0000 outlier=false
arm=a16_s2fix_3a933038 metric=ttft_ms process=2 run=7 value=125.0000 outlier=false
summary arm=a16_s2fix_3a933038 metric=ttft_ms n_all=21 median_all=129.0000 cov_all_pct=6.58 min_all=124.0000 max_all=156.0000 | n_kept=20 median_kept=129.0000 mad_kept=5.0000 cov_kept_pct=5.50 min_kept=124.0000 max_kept=150.0000
memory arm=a16_s2fix_3a933038 metric=peak_rss_bytes process=0 value=3624517632
memory arm=a16_s2fix_3a933038 metric=peak_rss_bytes process=1 value=3658776576
memory arm=a16_s2fix_3a933038 metric=peak_rss_bytes process=2 value=3623026688
summary arm=a16_s2fix_3a933038 metric=peak_rss_bytes n=3 median=3624517632 max=3658776576
memory arm=a16_s2fix_3a933038 metric=peak_footprint_bytes process=0 value=220621312
memory arm=a16_s2fix_3a933038 metric=peak_footprint_bytes process=1 value=236645184
memory arm=a16_s2fix_3a933038 metric=peak_footprint_bytes process=2 value=211183808
summary arm=a16_s2fix_3a933038 metric=peak_footprint_bytes n=3 median=220621312 max=236645184
memory arm=a16_s2fix_3a933038 metric=peak_gpu_bytes process=0 value=3386294272
memory arm=a16_s2fix_3a933038 metric=peak_gpu_bytes process=1 value=3387015168
memory arm=a16_s2fix_3a933038 metric=peak_gpu_bytes process=2 value=3386392576
summary arm=a16_s2fix_3a933038 metric=peak_gpu_bytes n=3 median=3386392576 max=3387015168
extra arm=a16_s2fix_3a933038 process=0 peers_present_at_exit=[]
extra arm=a16_s2fix_3a933038 process=1 peers_present_at_exit=[]
extra arm=a16_s2fix_3a933038 process=2 peers_present_at_exit=[]
arm=a17_head_8ef12e94 metric=ms_per_token process=0 run=1 value=11.2060 outlier=false
arm=a17_head_8ef12e94 metric=ms_per_token process=0 run=2 value=18.1200 outlier=true
arm=a17_head_8ef12e94 metric=ms_per_token process=0 run=3 value=11.2120 outlier=false
arm=a17_head_8ef12e94 metric=ms_per_token process=0 run=4 value=11.2200 outlier=false
arm=a17_head_8ef12e94 metric=ms_per_token process=0 run=5 value=11.3360 outlier=false
arm=a17_head_8ef12e94 metric=ms_per_token process=0 run=6 value=11.3390 outlier=false
arm=a17_head_8ef12e94 metric=ms_per_token process=0 run=7 value=11.6050 outlier=false
arm=a17_head_8ef12e94 metric=ms_per_token process=1 run=1 value=13.2020 outlier=false
arm=a17_head_8ef12e94 metric=ms_per_token process=1 run=2 value=13.4830 outlier=true
arm=a17_head_8ef12e94 metric=ms_per_token process=1 run=3 value=11.2630 outlier=false
arm=a17_head_8ef12e94 metric=ms_per_token process=1 run=4 value=12.8930 outlier=false
arm=a17_head_8ef12e94 metric=ms_per_token process=1 run=5 value=14.4560 outlier=true
arm=a17_head_8ef12e94 metric=ms_per_token process=1 run=6 value=15.5390 outlier=true
arm=a17_head_8ef12e94 metric=ms_per_token process=1 run=7 value=17.0430 outlier=true
arm=a17_head_8ef12e94 metric=ms_per_token process=2 run=1 value=11.5440 outlier=false
arm=a17_head_8ef12e94 metric=ms_per_token process=2 run=2 value=11.5490 outlier=false
arm=a17_head_8ef12e94 metric=ms_per_token process=2 run=3 value=11.5170 outlier=false
arm=a17_head_8ef12e94 metric=ms_per_token process=2 run=4 value=12.9280 outlier=false
arm=a17_head_8ef12e94 metric=ms_per_token process=2 run=5 value=12.8900 outlier=false
arm=a17_head_8ef12e94 metric=ms_per_token process=2 run=6 value=11.5970 outlier=false
arm=a17_head_8ef12e94 metric=ms_per_token process=2 run=7 value=11.5400 outlier=false
summary arm=a17_head_8ef12e94 metric=ms_per_token n_all=21 median_all=11.5970 cov_all_pct=15.38 min_all=11.2060 max_all=18.1200 | n_kept=16 median_kept=11.5420 mad_kept=0.2425 cov_kept_pct=5.89 min_kept=11.2060 max_kept=13.2020
arm=a17_head_8ef12e94 metric=prefill_ms process=0 run=1 value=135.0240 outlier=false
arm=a17_head_8ef12e94 metric=prefill_ms process=0 run=2 value=136.9820 outlier=false
arm=a17_head_8ef12e94 metric=prefill_ms process=0 run=3 value=127.0260 outlier=false
arm=a17_head_8ef12e94 metric=prefill_ms process=0 run=4 value=126.9800 outlier=false
arm=a17_head_8ef12e94 metric=prefill_ms process=0 run=5 value=129.0040 outlier=false
arm=a17_head_8ef12e94 metric=prefill_ms process=0 run=6 value=137.0010 outlier=false
arm=a17_head_8ef12e94 metric=prefill_ms process=0 run=7 value=125.0250 outlier=false
arm=a17_head_8ef12e94 metric=prefill_ms process=1 run=1 value=165.0200 outlier=true
arm=a17_head_8ef12e94 metric=prefill_ms process=1 run=2 value=129.0190 outlier=false
arm=a17_head_8ef12e94 metric=prefill_ms process=1 run=3 value=139.9870 outlier=false
arm=a17_head_8ef12e94 metric=prefill_ms process=1 run=4 value=128.0170 outlier=false
arm=a17_head_8ef12e94 metric=prefill_ms process=1 run=5 value=139.0190 outlier=false
arm=a17_head_8ef12e94 metric=prefill_ms process=1 run=6 value=137.0100 outlier=false
arm=a17_head_8ef12e94 metric=prefill_ms process=1 run=7 value=195.0120 outlier=true
arm=a17_head_8ef12e94 metric=prefill_ms process=2 run=1 value=123.9890 outlier=false
arm=a17_head_8ef12e94 metric=prefill_ms process=2 run=2 value=124.0130 outlier=false
arm=a17_head_8ef12e94 metric=prefill_ms process=2 run=3 value=142.0110 outlier=false
arm=a17_head_8ef12e94 metric=prefill_ms process=2 run=4 value=122.9760 outlier=false
arm=a17_head_8ef12e94 metric=prefill_ms process=2 run=5 value=132.0100 outlier=false
arm=a17_head_8ef12e94 metric=prefill_ms process=2 run=6 value=123.9860 outlier=false
arm=a17_head_8ef12e94 metric=prefill_ms process=2 run=7 value=123.9710 outlier=false
summary arm=a17_head_8ef12e94 metric=prefill_ms n_all=21 median_all=129.0190 cov_all_pct=12.05 min_all=122.9760 max_all=195.0120 | n_kept=19 median_kept=129.0040 mad_kept=5.0180 cov_kept_pct=4.76 min_kept=122.9760 max_kept=142.0110
arm=a17_head_8ef12e94 metric=ttft_ms process=0 run=1 value=135.0000 outlier=false
arm=a17_head_8ef12e94 metric=ttft_ms process=0 run=2 value=137.0000 outlier=false
arm=a17_head_8ef12e94 metric=ttft_ms process=0 run=3 value=127.0000 outlier=false
arm=a17_head_8ef12e94 metric=ttft_ms process=0 run=4 value=127.0000 outlier=false
arm=a17_head_8ef12e94 metric=ttft_ms process=0 run=5 value=129.0000 outlier=false
arm=a17_head_8ef12e94 metric=ttft_ms process=0 run=6 value=137.0000 outlier=false
arm=a17_head_8ef12e94 metric=ttft_ms process=0 run=7 value=125.0000 outlier=false
arm=a17_head_8ef12e94 metric=ttft_ms process=1 run=1 value=165.0000 outlier=true
arm=a17_head_8ef12e94 metric=ttft_ms process=1 run=2 value=129.0000 outlier=false
arm=a17_head_8ef12e94 metric=ttft_ms process=1 run=3 value=140.0000 outlier=false
arm=a17_head_8ef12e94 metric=ttft_ms process=1 run=4 value=128.0000 outlier=false
arm=a17_head_8ef12e94 metric=ttft_ms process=1 run=5 value=139.0000 outlier=false
arm=a17_head_8ef12e94 metric=ttft_ms process=1 run=6 value=137.0000 outlier=false
arm=a17_head_8ef12e94 metric=ttft_ms process=1 run=7 value=195.0000 outlier=true
arm=a17_head_8ef12e94 metric=ttft_ms process=2 run=1 value=124.0000 outlier=false
arm=a17_head_8ef12e94 metric=ttft_ms process=2 run=2 value=124.0000 outlier=false
arm=a17_head_8ef12e94 metric=ttft_ms process=2 run=3 value=142.0000 outlier=false
arm=a17_head_8ef12e94 metric=ttft_ms process=2 run=4 value=123.0000 outlier=false
arm=a17_head_8ef12e94 metric=ttft_ms process=2 run=5 value=132.0000 outlier=false
arm=a17_head_8ef12e94 metric=ttft_ms process=2 run=6 value=124.0000 outlier=false
arm=a17_head_8ef12e94 metric=ttft_ms process=2 run=7 value=124.0000 outlier=false
summary arm=a17_head_8ef12e94 metric=ttft_ms n_all=21 median_all=129.0000 cov_all_pct=12.05 min_all=123.0000 max_all=195.0000 | n_kept=19 median_kept=129.0000 mad_kept=5.0000 cov_kept_pct=4.76 min_kept=123.0000 max_kept=142.0000
memory arm=a17_head_8ef12e94 metric=peak_rss_bytes process=0 value=3656105984
memory arm=a17_head_8ef12e94 metric=peak_rss_bytes process=1 value=3657940992
memory arm=a17_head_8ef12e94 metric=peak_rss_bytes process=2 value=3628580864
summary arm=a17_head_8ef12e94 metric=peak_rss_bytes n=3 median=3656105984 max=3657940992
memory arm=a17_head_8ef12e94 metric=peak_footprint_bytes process=0 value=219769280
memory arm=a17_head_8ef12e94 metric=peak_footprint_bytes process=1 value=220293632
memory arm=a17_head_8ef12e94 metric=peak_footprint_bytes process=2 value=213330176
summary arm=a17_head_8ef12e94 metric=peak_footprint_bytes n=3 median=219769280 max=220293632
memory arm=a17_head_8ef12e94 metric=peak_gpu_bytes process=0 value=3386343424
memory arm=a17_head_8ef12e94 metric=peak_gpu_bytes process=1 value=3386671104
memory arm=a17_head_8ef12e94 metric=peak_gpu_bytes process=2 value=3386327040
summary arm=a17_head_8ef12e94 metric=peak_gpu_bytes n=3 median=3386343424 max=3386671104
extra arm=a17_head_8ef12e94 process=0 peers_present_at_exit=[]
extra arm=a17_head_8ef12e94 process=1 peers_present_at_exit=[]
extra arm=a17_head_8ef12e94 process=2 peers_present_at_exit=[]
arm=a18_head_copy metric=ms_per_token process=0 run=1 value=11.8270 outlier=false
arm=a18_head_copy metric=ms_per_token process=0 run=2 value=11.9030 outlier=false
arm=a18_head_copy metric=ms_per_token process=0 run=3 value=11.7400 outlier=false
arm=a18_head_copy metric=ms_per_token process=0 run=4 value=11.7000 outlier=false
arm=a18_head_copy metric=ms_per_token process=0 run=5 value=12.0330 outlier=false
arm=a18_head_copy metric=ms_per_token process=0 run=6 value=12.1170 outlier=false
arm=a18_head_copy metric=ms_per_token process=0 run=7 value=11.5570 outlier=false
arm=a18_head_copy metric=ms_per_token process=1 run=1 value=19.3360 outlier=true
arm=a18_head_copy metric=ms_per_token process=1 run=2 value=16.9350 outlier=true
arm=a18_head_copy metric=ms_per_token process=1 run=3 value=16.1090 outlier=true
arm=a18_head_copy metric=ms_per_token process=1 run=4 value=12.7530 outlier=false
arm=a18_head_copy metric=ms_per_token process=1 run=5 value=20.9430 outlier=true
arm=a18_head_copy metric=ms_per_token process=1 run=6 value=11.9440 outlier=false
arm=a18_head_copy metric=ms_per_token process=1 run=7 value=11.8060 outlier=false
arm=a18_head_copy metric=ms_per_token process=2 run=1 value=11.5360 outlier=false
arm=a18_head_copy metric=ms_per_token process=2 run=2 value=11.5580 outlier=false
arm=a18_head_copy metric=ms_per_token process=2 run=3 value=11.6350 outlier=false
arm=a18_head_copy metric=ms_per_token process=2 run=4 value=11.6190 outlier=false
arm=a18_head_copy metric=ms_per_token process=2 run=5 value=11.6060 outlier=false
arm=a18_head_copy metric=ms_per_token process=2 run=6 value=11.5890 outlier=false
arm=a18_head_copy metric=ms_per_token process=2 run=7 value=11.6030 outlier=false
summary arm=a18_head_copy metric=ms_per_token n_all=21 median_all=11.8060 cov_all_pct=20.80 min_all=11.5360 max_all=20.9430 | n_kept=17 median_kept=11.7000 mad_kept=0.1270 cov_kept_pct=2.50 min_kept=11.5360 max_kept=12.7530
arm=a18_head_copy metric=prefill_ms process=0 run=1 value=123.9790 outlier=false
arm=a18_head_copy metric=prefill_ms process=0 run=2 value=131.9960 outlier=false
arm=a18_head_copy metric=prefill_ms process=0 run=3 value=135.0060 outlier=false
arm=a18_head_copy metric=prefill_ms process=0 run=4 value=138.0110 outlier=false
arm=a18_head_copy metric=prefill_ms process=0 run=5 value=125.9930 outlier=false
arm=a18_head_copy metric=prefill_ms process=0 run=6 value=138.0270 outlier=false
arm=a18_head_copy metric=prefill_ms process=0 run=7 value=132.9700 outlier=false
arm=a18_head_copy metric=prefill_ms process=1 run=1 value=153.0060 outlier=false
arm=a18_head_copy metric=prefill_ms process=1 run=2 value=139.0100 outlier=false
arm=a18_head_copy metric=prefill_ms process=1 run=3 value=150.0120 outlier=false
arm=a18_head_copy metric=prefill_ms process=1 run=4 value=163.9830 outlier=true
arm=a18_head_copy metric=prefill_ms process=1 run=5 value=135.0290 outlier=false
arm=a18_head_copy metric=prefill_ms process=1 run=6 value=127.0080 outlier=false
arm=a18_head_copy metric=prefill_ms process=1 run=7 value=137.9680 outlier=false
arm=a18_head_copy metric=prefill_ms process=2 run=1 value=123.0280 outlier=false
arm=a18_head_copy metric=prefill_ms process=2 run=2 value=124.0000 outlier=false
arm=a18_head_copy metric=prefill_ms process=2 run=3 value=127.0050 outlier=false
arm=a18_head_copy metric=prefill_ms process=2 run=4 value=123.0040 outlier=false
arm=a18_head_copy metric=prefill_ms process=2 run=5 value=123.0300 outlier=false
arm=a18_head_copy metric=prefill_ms process=2 run=6 value=123.9830 outlier=false
arm=a18_head_copy metric=prefill_ms process=2 run=7 value=123.9910 outlier=false
summary arm=a18_head_copy metric=prefill_ms n_all=21 median_all=131.9960 cov_all_pct=8.20 min_all=123.0040 max_all=163.9830 | n_kept=20 median_kept=129.5020 mad_kept=5.5250 cov_kept_pct=6.63 min_kept=123.0040 max_kept=153.0060
arm=a18_head_copy metric=ttft_ms process=0 run=1 value=124.0000 outlier=false
arm=a18_head_copy metric=ttft_ms process=0 run=2 value=132.0000 outlier=false
arm=a18_head_copy metric=ttft_ms process=0 run=3 value=135.0000 outlier=false
arm=a18_head_copy metric=ttft_ms process=0 run=4 value=138.0000 outlier=false
arm=a18_head_copy metric=ttft_ms process=0 run=5 value=126.0000 outlier=false
arm=a18_head_copy metric=ttft_ms process=0 run=6 value=138.0000 outlier=false
arm=a18_head_copy metric=ttft_ms process=0 run=7 value=133.0000 outlier=false
arm=a18_head_copy metric=ttft_ms process=1 run=1 value=153.0000 outlier=false
arm=a18_head_copy metric=ttft_ms process=1 run=2 value=139.0000 outlier=false
arm=a18_head_copy metric=ttft_ms process=1 run=3 value=150.0000 outlier=false
arm=a18_head_copy metric=ttft_ms process=1 run=4 value=164.0000 outlier=true
arm=a18_head_copy metric=ttft_ms process=1 run=5 value=135.0000 outlier=false
arm=a18_head_copy metric=ttft_ms process=1 run=6 value=127.0000 outlier=false
arm=a18_head_copy metric=ttft_ms process=1 run=7 value=138.0000 outlier=false
arm=a18_head_copy metric=ttft_ms process=2 run=1 value=123.0000 outlier=false
arm=a18_head_copy metric=ttft_ms process=2 run=2 value=124.0000 outlier=false
arm=a18_head_copy metric=ttft_ms process=2 run=3 value=127.0000 outlier=false
arm=a18_head_copy metric=ttft_ms process=2 run=4 value=123.0000 outlier=false
arm=a18_head_copy metric=ttft_ms process=2 run=5 value=123.0000 outlier=false
arm=a18_head_copy metric=ttft_ms process=2 run=6 value=124.0000 outlier=false
arm=a18_head_copy metric=ttft_ms process=2 run=7 value=124.0000 outlier=false
summary arm=a18_head_copy metric=ttft_ms n_all=21 median_all=132.0000 cov_all_pct=8.20 min_all=123.0000 max_all=164.0000 | n_kept=20 median_kept=129.5000 mad_kept=5.5000 cov_kept_pct=6.63 min_kept=123.0000 max_kept=153.0000
memory arm=a18_head_copy metric=peak_rss_bytes process=0 value=3631693824
memory arm=a18_head_copy metric=peak_rss_bytes process=1 value=3663003648
memory arm=a18_head_copy metric=peak_rss_bytes process=2 value=3632971776
summary arm=a18_head_copy metric=peak_rss_bytes n=3 median=3632971776 max=3663003648
memory arm=a18_head_copy metric=peak_footprint_bytes process=0 value=209086720
memory arm=a18_head_copy metric=peak_footprint_bytes process=1 value=235153920
memory arm=a18_head_copy metric=peak_footprint_bytes process=2 value=208185536
summary arm=a18_head_copy metric=peak_footprint_bytes n=3 median=209086720 max=235153920
memory arm=a18_head_copy metric=peak_gpu_bytes process=0 value=3386195968
memory arm=a18_head_copy metric=peak_gpu_bytes process=1 value=3386753024
memory arm=a18_head_copy metric=peak_gpu_bytes process=2 value=3386359808
summary arm=a18_head_copy metric=peak_gpu_bytes n=3 median=3386359808 max=3386753024
extra arm=a18_head_copy process=0 peers_present_at_exit=[]
extra arm=a18_head_copy process=1 peers_present_at_exit=[]
extra arm=a18_head_copy process=2 peers_present_at_exit=[]
arm=a19_0b_probe_9f0647da metric=ms_per_token process=0 run=1 value=11.6020 outlier=false
arm=a19_0b_probe_9f0647da metric=ms_per_token process=0 run=2 value=11.6260 outlier=false
arm=a19_0b_probe_9f0647da metric=ms_per_token process=0 run=3 value=11.8630 outlier=false
arm=a19_0b_probe_9f0647da metric=ms_per_token process=0 run=4 value=11.6010 outlier=false
arm=a19_0b_probe_9f0647da metric=ms_per_token process=0 run=5 value=11.9190 outlier=false
arm=a19_0b_probe_9f0647da metric=ms_per_token process=0 run=6 value=12.1330 outlier=false
arm=a19_0b_probe_9f0647da metric=ms_per_token process=0 run=7 value=11.8290 outlier=false
arm=a19_0b_probe_9f0647da metric=ms_per_token process=1 run=1 value=12.6330 outlier=false
arm=a19_0b_probe_9f0647da metric=ms_per_token process=1 run=2 value=11.5870 outlier=false
arm=a19_0b_probe_9f0647da metric=ms_per_token process=1 run=3 value=12.3170 outlier=false
arm=a19_0b_probe_9f0647da metric=ms_per_token process=1 run=4 value=12.4700 outlier=false
arm=a19_0b_probe_9f0647da metric=ms_per_token process=1 run=5 value=12.4500 outlier=false
arm=a19_0b_probe_9f0647da metric=ms_per_token process=1 run=6 value=11.4640 outlier=false
arm=a19_0b_probe_9f0647da metric=ms_per_token process=1 run=7 value=13.1050 outlier=false
arm=a19_0b_probe_9f0647da metric=ms_per_token process=2 run=1 value=11.5350 outlier=false
arm=a19_0b_probe_9f0647da metric=ms_per_token process=2 run=2 value=11.4070 outlier=false
arm=a19_0b_probe_9f0647da metric=ms_per_token process=2 run=3 value=12.7760 outlier=false
arm=a19_0b_probe_9f0647da metric=ms_per_token process=2 run=4 value=12.7240 outlier=false
arm=a19_0b_probe_9f0647da metric=ms_per_token process=2 run=5 value=11.5160 outlier=false
arm=a19_0b_probe_9f0647da metric=ms_per_token process=2 run=6 value=11.5130 outlier=false
arm=a19_0b_probe_9f0647da metric=ms_per_token process=2 run=7 value=12.1010 outlier=false
summary arm=a19_0b_probe_9f0647da metric=ms_per_token n_all=21 median_all=11.8630 cov_all_pct=4.19 min_all=11.4070 max_all=13.1050 | n_kept=21 median_kept=11.8630 mad_kept=0.3470 cov_kept_pct=4.19 min_kept=11.4070 max_kept=13.1050
arm=a19_0b_probe_9f0647da metric=prefill_ms process=0 run=1 value=139.0220 outlier=false
arm=a19_0b_probe_9f0647da metric=prefill_ms process=0 run=2 value=136.0220 outlier=false
arm=a19_0b_probe_9f0647da metric=prefill_ms process=0 run=3 value=124.0020 outlier=false
arm=a19_0b_probe_9f0647da metric=prefill_ms process=0 run=4 value=133.9830 outlier=false
arm=a19_0b_probe_9f0647da metric=prefill_ms process=0 run=5 value=127.9830 outlier=false
arm=a19_0b_probe_9f0647da metric=prefill_ms process=0 run=6 value=137.0190 outlier=false
arm=a19_0b_probe_9f0647da metric=prefill_ms process=0 run=7 value=122.9880 outlier=false
arm=a19_0b_probe_9f0647da metric=prefill_ms process=1 run=1 value=146.0180 outlier=false
arm=a19_0b_probe_9f0647da metric=prefill_ms process=1 run=2 value=135.9810 outlier=false
arm=a19_0b_probe_9f0647da metric=prefill_ms process=1 run=3 value=153.9700 outlier=false
arm=a19_0b_probe_9f0647da metric=prefill_ms process=1 run=4 value=144.9970 outlier=false
arm=a19_0b_probe_9f0647da metric=prefill_ms process=1 run=5 value=139.9970 outlier=false
arm=a19_0b_probe_9f0647da metric=prefill_ms process=1 run=6 value=139.0300 outlier=false
arm=a19_0b_probe_9f0647da metric=prefill_ms process=1 run=7 value=123.9710 outlier=false
arm=a19_0b_probe_9f0647da metric=prefill_ms process=2 run=1 value=122.0010 outlier=false
arm=a19_0b_probe_9f0647da metric=prefill_ms process=2 run=2 value=122.9800 outlier=false
arm=a19_0b_probe_9f0647da metric=prefill_ms process=2 run=3 value=121.9720 outlier=false
arm=a19_0b_probe_9f0647da metric=prefill_ms process=2 run=4 value=126.0200 outlier=false
arm=a19_0b_probe_9f0647da metric=prefill_ms process=2 run=5 value=151.9890 outlier=false
arm=a19_0b_probe_9f0647da metric=prefill_ms process=2 run=6 value=121.9700 outlier=false
arm=a19_0b_probe_9f0647da metric=prefill_ms process=2 run=7 value=122.9770 outlier=false
summary arm=a19_0b_probe_9f0647da metric=prefill_ms n_all=21 median_all=133.9830 cov_all_pct=7.64 min_all=121.9700 max_all=153.9700 | n_kept=21 median_kept=133.9830 mad_kept=10.0120 cov_kept_pct=7.64 min_kept=121.9700 max_kept=153.9700
arm=a19_0b_probe_9f0647da metric=ttft_ms process=0 run=1 value=139.0000 outlier=false
arm=a19_0b_probe_9f0647da metric=ttft_ms process=0 run=2 value=136.0000 outlier=false
arm=a19_0b_probe_9f0647da metric=ttft_ms process=0 run=3 value=124.0000 outlier=false
arm=a19_0b_probe_9f0647da metric=ttft_ms process=0 run=4 value=134.0000 outlier=false
arm=a19_0b_probe_9f0647da metric=ttft_ms process=0 run=5 value=128.0000 outlier=false
arm=a19_0b_probe_9f0647da metric=ttft_ms process=0 run=6 value=137.0000 outlier=false
arm=a19_0b_probe_9f0647da metric=ttft_ms process=0 run=7 value=123.0000 outlier=false
arm=a19_0b_probe_9f0647da metric=ttft_ms process=1 run=1 value=146.0000 outlier=false
arm=a19_0b_probe_9f0647da metric=ttft_ms process=1 run=2 value=136.0000 outlier=false
arm=a19_0b_probe_9f0647da metric=ttft_ms process=1 run=3 value=154.0000 outlier=false
arm=a19_0b_probe_9f0647da metric=ttft_ms process=1 run=4 value=145.0000 outlier=false
arm=a19_0b_probe_9f0647da metric=ttft_ms process=1 run=5 value=140.0000 outlier=false
arm=a19_0b_probe_9f0647da metric=ttft_ms process=1 run=6 value=139.0000 outlier=false
arm=a19_0b_probe_9f0647da metric=ttft_ms process=1 run=7 value=124.0000 outlier=false
arm=a19_0b_probe_9f0647da metric=ttft_ms process=2 run=1 value=122.0000 outlier=false
arm=a19_0b_probe_9f0647da metric=ttft_ms process=2 run=2 value=123.0000 outlier=false
arm=a19_0b_probe_9f0647da metric=ttft_ms process=2 run=3 value=122.0000 outlier=false
arm=a19_0b_probe_9f0647da metric=ttft_ms process=2 run=4 value=126.0000 outlier=false
arm=a19_0b_probe_9f0647da metric=ttft_ms process=2 run=5 value=152.0000 outlier=false
arm=a19_0b_probe_9f0647da metric=ttft_ms process=2 run=6 value=122.0000 outlier=false
arm=a19_0b_probe_9f0647da metric=ttft_ms process=2 run=7 value=123.0000 outlier=false
summary arm=a19_0b_probe_9f0647da metric=ttft_ms n_all=21 median_all=134.0000 cov_all_pct=7.64 min_all=122.0000 max_all=154.0000 | n_kept=21 median_kept=134.0000 mad_kept=10.0000 cov_kept_pct=7.64 min_kept=122.0000 max_kept=154.0000
memory arm=a19_0b_probe_9f0647da metric=peak_rss_bytes process=0 value=3634200576
memory arm=a19_0b_probe_9f0647da metric=peak_rss_bytes process=1 value=3656630272
memory arm=a19_0b_probe_9f0647da metric=peak_rss_bytes process=2 value=3630350336
summary arm=a19_0b_probe_9f0647da metric=peak_rss_bytes n=3 median=3634200576 max=3656630272
memory arm=a19_0b_probe_9f0647da metric=peak_footprint_bytes process=0 value=212461952
memory arm=a19_0b_probe_9f0647da metric=peak_footprint_bytes process=1 value=233122304
memory arm=a19_0b_probe_9f0647da metric=peak_footprint_bytes process=2 value=213231936
summary arm=a19_0b_probe_9f0647da metric=peak_footprint_bytes n=3 median=213231936 max=233122304
memory arm=a19_0b_probe_9f0647da metric=peak_gpu_bytes process=0 value=3387473920
memory arm=a19_0b_probe_9f0647da metric=peak_gpu_bytes process=1 value=3387670528
memory arm=a19_0b_probe_9f0647da metric=peak_gpu_bytes process=2 value=3387637760
summary arm=a19_0b_probe_9f0647da metric=peak_gpu_bytes n=3 median=3387637760 max=3387670528
extra arm=a19_0b_probe_9f0647da process=0 peers_present_at_exit=[]
extra arm=a19_0b_probe_9f0647da process=1 peers_present_at_exit=[]
extra arm=a19_0b_probe_9f0647da process=2 peers_present_at_exit=[]
arm=llama-server metric=ms_per_token process=0 run=1 value=8.9257 outlier=false
arm=llama-server metric=ms_per_token process=0 run=2 value=8.9609 outlier=false
arm=llama-server metric=ms_per_token process=0 run=3 value=8.9150 outlier=false
arm=llama-server metric=ms_per_token process=0 run=4 value=9.0072 outlier=false
arm=llama-server metric=ms_per_token process=0 run=5 value=8.9741 outlier=false
arm=llama-server metric=ms_per_token process=0 run=6 value=8.9722 outlier=false
arm=llama-server metric=ms_per_token process=0 run=7 value=8.9660 outlier=false
arm=llama-server metric=ms_per_token process=1 run=1 value=9.5405 outlier=false
arm=llama-server metric=ms_per_token process=1 run=2 value=11.5119 outlier=true
arm=llama-server metric=ms_per_token process=1 run=3 value=10.2400 outlier=true
arm=llama-server metric=ms_per_token process=1 run=4 value=9.9518 outlier=true
arm=llama-server metric=ms_per_token process=1 run=5 value=10.7675 outlier=true
arm=llama-server metric=ms_per_token process=1 run=6 value=14.8933 outlier=true
arm=llama-server metric=ms_per_token process=1 run=7 value=9.0222 outlier=false
arm=llama-server metric=ms_per_token process=2 run=1 value=9.0340 outlier=false
arm=llama-server metric=ms_per_token process=2 run=2 value=9.1058 outlier=false
arm=llama-server metric=ms_per_token process=2 run=3 value=9.0415 outlier=false
arm=llama-server metric=ms_per_token process=2 run=4 value=9.1102 outlier=false
arm=llama-server metric=ms_per_token process=2 run=5 value=9.0799 outlier=false
arm=llama-server metric=ms_per_token process=2 run=6 value=9.3296 outlier=false
arm=llama-server metric=ms_per_token process=2 run=7 value=9.3929 outlier=false
summary arm=llama-server metric=ms_per_token n_all=21 median_all=9.0799 cov_all_pct=13.97 min_all=8.9150 max_all=14.8933 | n_kept=16 median_kept=9.0281 mad_kept=0.0647 cov_kept_pct=1.92 min_kept=8.9150 max_kept=9.5405
arm=llama-server metric=prefill_ms process=0 run=1 value=57.1510 outlier=false
arm=llama-server metric=prefill_ms process=0 run=2 value=58.0150 outlier=false
arm=llama-server metric=prefill_ms process=0 run=3 value=56.7990 outlier=false
arm=llama-server metric=prefill_ms process=0 run=4 value=57.8020 outlier=false
arm=llama-server metric=prefill_ms process=0 run=5 value=57.3780 outlier=false
arm=llama-server metric=prefill_ms process=0 run=6 value=57.4150 outlier=false
arm=llama-server metric=prefill_ms process=0 run=7 value=56.7020 outlier=false
arm=llama-server metric=prefill_ms process=1 run=1 value=57.1940 outlier=false
arm=llama-server metric=prefill_ms process=1 run=2 value=57.3920 outlier=false
arm=llama-server metric=prefill_ms process=1 run=3 value=59.2740 outlier=false
arm=llama-server metric=prefill_ms process=1 run=4 value=82.4530 outlier=true
arm=llama-server metric=prefill_ms process=1 run=5 value=64.7410 outlier=true
arm=llama-server metric=prefill_ms process=1 run=6 value=58.5200 outlier=false
arm=llama-server metric=prefill_ms process=1 run=7 value=57.2570 outlier=false
arm=llama-server metric=prefill_ms process=2 run=1 value=57.7530 outlier=false
arm=llama-server metric=prefill_ms process=2 run=2 value=57.8470 outlier=false
arm=llama-server metric=prefill_ms process=2 run=3 value=58.1550 outlier=false
arm=llama-server metric=prefill_ms process=2 run=4 value=57.3780 outlier=false
arm=llama-server metric=prefill_ms process=2 run=5 value=58.4030 outlier=false
arm=llama-server metric=prefill_ms process=2 run=6 value=57.5710 outlier=false
arm=llama-server metric=prefill_ms process=2 run=7 value=58.7960 outlier=false
summary arm=llama-server metric=prefill_ms n_all=21 median_all=57.7530 cov_all_pct=9.18 min_all=56.7020 max_all=82.4530 | n_kept=19 median_kept=57.5710 mad_kept=0.3770 cov_kept_pct=1.13 min_kept=56.7020 max_kept=59.2740
arm=llama-server metric=ttft_ms process=0 run=1 value=57.7169 outlier=false
arm=llama-server metric=ttft_ms process=0 run=2 value=58.4210 outlier=false
arm=llama-server metric=ttft_ms process=0 run=3 value=57.1964 outlier=false
arm=llama-server metric=ttft_ms process=0 run=4 value=58.3306 outlier=false
arm=llama-server metric=ttft_ms process=0 run=5 value=57.8595 outlier=false
arm=llama-server metric=ttft_ms process=0 run=6 value=57.8422 outlier=false
arm=llama-server metric=ttft_ms process=0 run=7 value=57.1313 outlier=false
arm=llama-server metric=ttft_ms process=1 run=1 value=57.9832 outlier=false
arm=llama-server metric=ttft_ms process=1 run=2 value=57.8001 outlier=false
arm=llama-server metric=ttft_ms process=1 run=3 value=59.7292 outlier=false
arm=llama-server metric=ttft_ms process=1 run=4 value=82.9750 outlier=true
arm=llama-server metric=ttft_ms process=1 run=5 value=65.2375 outlier=true
arm=llama-server metric=ttft_ms process=1 run=6 value=59.0300 outlier=false
arm=llama-server metric=ttft_ms process=1 run=7 value=57.7816 outlier=false
arm=llama-server metric=ttft_ms process=2 run=1 value=58.4418 outlier=false
arm=llama-server metric=ttft_ms process=2 run=2 value=58.3199 outlier=false
arm=llama-server metric=ttft_ms process=2 run=3 value=58.6571 outlier=false
arm=llama-server metric=ttft_ms process=2 run=4 value=57.8890 outlier=false
arm=llama-server metric=ttft_ms process=2 run=5 value=58.8831 outlier=false
arm=llama-server metric=ttft_ms process=2 run=6 value=58.1197 outlier=false
arm=llama-server metric=ttft_ms process=2 run=7 value=59.2927 outlier=false
summary arm=llama-server metric=ttft_ms n_all=21 median_all=58.3199 cov_all_pct=9.10 min_all=57.1313 max_all=82.9750 | n_kept=19 median_kept=58.1197 mad_kept=0.3221 cov_kept_pct=1.12 min_kept=57.1313 max_kept=59.7292
memory arm=llama-server metric=peak_rss_bytes process=0 value=3687579648
memory arm=llama-server metric=peak_rss_bytes process=1 value=3684253696
memory arm=llama-server metric=peak_rss_bytes process=2 value=3698786304
summary arm=llama-server metric=peak_rss_bytes n=3 median=3687579648 max=3698786304
memory arm=llama-server metric=peak_footprint_bytes process=0 value=169011456
memory arm=llama-server metric=peak_footprint_bytes process=1 value=160107520
memory arm=llama-server metric=peak_footprint_bytes process=2 value=177360128
summary arm=llama-server metric=peak_footprint_bytes n=3 median=169011456 max=177360128
extra arm=llama-server process=0 request=0 prompt_n=27 predicted_n=64 ids_len=64 events=65 prefill_ms=69.8270 ttft_ms=70.8833 ms_per_token=9.1011
extra arm=llama-server process=0 request=1 prompt_n=27 predicted_n=64 ids_len=64 events=65 prefill_ms=57.1510 ttft_ms=57.7169 ms_per_token=8.9257
extra arm=llama-server process=0 request=2 prompt_n=27 predicted_n=64 ids_len=64 events=65 prefill_ms=58.0150 ttft_ms=58.4210 ms_per_token=8.9609
extra arm=llama-server process=0 request=3 prompt_n=27 predicted_n=64 ids_len=64 events=65 prefill_ms=56.7990 ttft_ms=57.1964 ms_per_token=8.9150
extra arm=llama-server process=0 request=4 prompt_n=27 predicted_n=64 ids_len=64 events=65 prefill_ms=57.8020 ttft_ms=58.3306 ms_per_token=9.0072
extra arm=llama-server process=0 request=5 prompt_n=27 predicted_n=64 ids_len=64 events=65 prefill_ms=57.3780 ttft_ms=57.8595 ms_per_token=8.9741
extra arm=llama-server process=0 request=6 prompt_n=27 predicted_n=64 ids_len=64 events=65 prefill_ms=57.4150 ttft_ms=57.8422 ms_per_token=8.9722
extra arm=llama-server process=0 request=7 prompt_n=27 predicted_n=64 ids_len=64 events=65 prefill_ms=56.7020 ttft_ms=57.1313 ms_per_token=8.9660
extra arm=llama-server process=1 request=0 prompt_n=27 predicted_n=64 ids_len=64 events=65 prefill_ms=99.9250 ttft_ms=100.6664 ms_per_token=9.2096
extra arm=llama-server process=1 request=1 prompt_n=27 predicted_n=64 ids_len=64 events=65 prefill_ms=57.1940 ttft_ms=57.9832 ms_per_token=9.5405
extra arm=llama-server process=1 request=2 prompt_n=27 predicted_n=64 ids_len=64 events=65 prefill_ms=57.3920 ttft_ms=57.8001 ms_per_token=11.5119
extra arm=llama-server process=1 request=3 prompt_n=27 predicted_n=64 ids_len=64 events=65 prefill_ms=59.2740 ttft_ms=59.7292 ms_per_token=10.2400
extra arm=llama-server process=1 request=4 prompt_n=27 predicted_n=64 ids_len=64 events=65 prefill_ms=82.4530 ttft_ms=82.9750 ms_per_token=9.9518
extra arm=llama-server process=1 request=5 prompt_n=27 predicted_n=64 ids_len=64 events=65 prefill_ms=64.7410 ttft_ms=65.2375 ms_per_token=10.7675
extra arm=llama-server process=1 request=6 prompt_n=27 predicted_n=64 ids_len=64 events=65 prefill_ms=58.5200 ttft_ms=59.0300 ms_per_token=14.8933
extra arm=llama-server process=1 request=7 prompt_n=27 predicted_n=64 ids_len=64 events=65 prefill_ms=57.2570 ttft_ms=57.7816 ms_per_token=9.0222
extra arm=llama-server process=2 request=0 prompt_n=27 predicted_n=64 ids_len=64 events=65 prefill_ms=94.6850 ttft_ms=96.3775 ms_per_token=9.0098
extra arm=llama-server process=2 request=1 prompt_n=27 predicted_n=64 ids_len=64 events=65 prefill_ms=57.7530 ttft_ms=58.4418 ms_per_token=9.0340
extra arm=llama-server process=2 request=2 prompt_n=27 predicted_n=64 ids_len=64 events=65 prefill_ms=57.8470 ttft_ms=58.3199 ms_per_token=9.1058
extra arm=llama-server process=2 request=3 prompt_n=27 predicted_n=64 ids_len=64 events=65 prefill_ms=58.1550 ttft_ms=58.6571 ms_per_token=9.0415
extra arm=llama-server process=2 request=4 prompt_n=27 predicted_n=64 ids_len=64 events=65 prefill_ms=57.3780 ttft_ms=57.8890 ms_per_token=9.1102
extra arm=llama-server process=2 request=5 prompt_n=27 predicted_n=64 ids_len=64 events=65 prefill_ms=58.4030 ttft_ms=58.8831 ms_per_token=9.0799
extra arm=llama-server process=2 request=6 prompt_n=27 predicted_n=64 ids_len=64 events=65 prefill_ms=57.5710 ttft_ms=58.1197 ms_per_token=9.3296
extra arm=llama-server process=2 request=7 prompt_n=27 predicted_n=64 ids_len=64 events=65 prefill_ms=58.7960 ttft_ms=59.2927 ms_per_token=9.3929
bound metric=ms_per_token arm=a00_0b_9f0647da vs=llama-server arm_median=11.6225 reference_median=9.0281 delta=2.5944 limit=0.1806 within=false
bound metric=prefill_ms arm=a00_0b_9f0647da vs=llama-server arm_median=124.9930 reference_median=57.5710 delta=67.4220 limit=1.1514 within=false
bound metric=ttft_ms arm=a00_0b_9f0647da vs=llama-server n=0
bound metric=peak_rss_bytes arm=a00_0b_9f0647da vs=llama-server arm_median=3642458112 reference_median=3687579648 delta=-45121536 limit=73751593 within=true
bound metric=peak_footprint_bytes arm=a00_0b_9f0647da vs=llama-server arm_median=225896768 reference_median=169011456 delta=56885312 limit=3380229 within=false
bound metric=peak_gpu_bytes arm=a00_0b_9f0647da vs=llama-server n=0
bound metric=ms_per_token arm=a01_0c_152467a9 vs=a00_0b_9f0647da arm_median=11.6140 reference_median=11.6225 delta=-0.0085 limit=0.2324 within=true
bound metric=prefill_ms arm=a01_0c_152467a9 vs=a00_0b_9f0647da arm_median=123.9930 reference_median=124.9930 delta=-1.0000 limit=2.4999 within=true
bound metric=ttft_ms arm=a01_0c_152467a9 vs=a00_0b_9f0647da n=0
bound metric=peak_rss_bytes arm=a01_0c_152467a9 vs=a00_0b_9f0647da arm_median=3645833216 reference_median=3642458112 delta=3375104 limit=72849162 within=true
bound metric=peak_footprint_bytes arm=a01_0c_152467a9 vs=a00_0b_9f0647da arm_median=217442688 reference_median=225896768 delta=-8454080 limit=4517935 within=true
bound metric=peak_gpu_bytes arm=a01_0c_152467a9 vs=a00_0b_9f0647da n=0
bound metric=ms_per_token arm=a01_0c_152467a9 vs=llama-server arm_median=11.6140 reference_median=9.0281 delta=2.5859 limit=0.1806 within=false
bound metric=prefill_ms arm=a01_0c_152467a9 vs=llama-server arm_median=123.9930 reference_median=57.5710 delta=66.4220 limit=1.1514 within=false
bound metric=ttft_ms arm=a01_0c_152467a9 vs=llama-server arm_median=124.0000 reference_median=58.1197 delta=65.8803 limit=1.1624 within=false
bound metric=peak_rss_bytes arm=a01_0c_152467a9 vs=llama-server arm_median=3645833216 reference_median=3687579648 delta=-41746432 limit=73751593 within=true
bound metric=peak_footprint_bytes arm=a01_0c_152467a9 vs=llama-server arm_median=217442688 reference_median=169011456 delta=48431232 limit=3380229 within=false
bound metric=peak_gpu_bytes arm=a01_0c_152467a9 vs=llama-server n=0
bound metric=ms_per_token arm=a02_slice5 vs=a00_0b_9f0647da arm_median=11.7360 reference_median=11.6225 delta=0.1135 limit=0.2324 within=true
bound metric=prefill_ms arm=a02_slice5 vs=a00_0b_9f0647da arm_median=126.9975 reference_median=124.9930 delta=2.0045 limit=2.4999 within=true
bound metric=ttft_ms arm=a02_slice5 vs=a00_0b_9f0647da n=0
bound metric=peak_rss_bytes arm=a02_slice5 vs=a00_0b_9f0647da arm_median=3646291968 reference_median=3642458112 delta=3833856 limit=72849162 within=true
bound metric=peak_footprint_bytes arm=a02_slice5 vs=a00_0b_9f0647da arm_median=218130816 reference_median=225896768 delta=-7765952 limit=4517935 within=true
bound metric=peak_gpu_bytes arm=a02_slice5 vs=a00_0b_9f0647da n=0
bound metric=ms_per_token arm=a02_slice5 vs=a01_0c_152467a9 arm_median=11.7360 reference_median=11.6140 delta=0.1220 limit=0.2323 within=true
bound metric=prefill_ms arm=a02_slice5 vs=a01_0c_152467a9 arm_median=126.9975 reference_median=123.9930 delta=3.0045 limit=2.4799 within=false
bound metric=ttft_ms arm=a02_slice5 vs=a01_0c_152467a9 arm_median=127.0000 reference_median=124.0000 delta=3.0000 limit=2.4800 within=false
bound metric=peak_rss_bytes arm=a02_slice5 vs=a01_0c_152467a9 arm_median=3646291968 reference_median=3645833216 delta=458752 limit=72916664 within=true
bound metric=peak_footprint_bytes arm=a02_slice5 vs=a01_0c_152467a9 arm_median=218130816 reference_median=217442688 delta=688128 limit=4348854 within=true
bound metric=peak_gpu_bytes arm=a02_slice5 vs=a01_0c_152467a9 arm_median=3387539456 reference_median=3387523072 delta=16384 limit=67750461 within=true
bound metric=ms_per_token arm=a02_slice5 vs=llama-server arm_median=11.7360 reference_median=9.0281 delta=2.7079 limit=0.1806 within=false
bound metric=prefill_ms arm=a02_slice5 vs=llama-server arm_median=126.9975 reference_median=57.5710 delta=69.4265 limit=1.1514 within=false
bound metric=ttft_ms arm=a02_slice5 vs=llama-server arm_median=127.0000 reference_median=58.1197 delta=68.8803 limit=1.1624 within=false
bound metric=peak_rss_bytes arm=a02_slice5 vs=llama-server arm_median=3646291968 reference_median=3687579648 delta=-41287680 limit=73751593 within=true
bound metric=peak_footprint_bytes arm=a02_slice5 vs=llama-server arm_median=218130816 reference_median=169011456 delta=49119360 limit=3380229 within=false
bound metric=peak_gpu_bytes arm=a02_slice5 vs=llama-server n=0
bound metric=ms_per_token arm=a03_slice6 vs=a00_0b_9f0647da arm_median=11.5930 reference_median=11.6225 delta=-0.0295 limit=0.2324 within=true
bound metric=prefill_ms arm=a03_slice6 vs=a00_0b_9f0647da arm_median=130.0260 reference_median=124.9930 delta=5.0330 limit=2.4999 within=false
bound metric=ttft_ms arm=a03_slice6 vs=a00_0b_9f0647da n=0
bound metric=peak_rss_bytes arm=a03_slice6 vs=a00_0b_9f0647da arm_median=3648700416 reference_median=3642458112 delta=6242304 limit=72849162 within=true
bound metric=peak_footprint_bytes arm=a03_slice6 vs=a00_0b_9f0647da arm_median=213608640 reference_median=225896768 delta=-12288128 limit=4517935 within=true
bound metric=peak_gpu_bytes arm=a03_slice6 vs=a00_0b_9f0647da n=0
bound metric=ms_per_token arm=a03_slice6 vs=a01_0c_152467a9 arm_median=11.5930 reference_median=11.6140 delta=-0.0210 limit=0.2323 within=true
bound metric=prefill_ms arm=a03_slice6 vs=a01_0c_152467a9 arm_median=130.0260 reference_median=123.9930 delta=6.0330 limit=2.4799 within=false
bound metric=ttft_ms arm=a03_slice6 vs=a01_0c_152467a9 arm_median=130.0000 reference_median=124.0000 delta=6.0000 limit=2.4800 within=false
bound metric=peak_rss_bytes arm=a03_slice6 vs=a01_0c_152467a9 arm_median=3648700416 reference_median=3645833216 delta=2867200 limit=72916664 within=true
bound metric=peak_footprint_bytes arm=a03_slice6 vs=a01_0c_152467a9 arm_median=213608640 reference_median=217442688 delta=-3834048 limit=4348854 within=true
bound metric=peak_gpu_bytes arm=a03_slice6 vs=a01_0c_152467a9 arm_median=3387506688 reference_median=3387523072 delta=-16384 limit=67750461 within=true
bound metric=ms_per_token arm=a03_slice6 vs=a02_slice5 arm_median=11.5930 reference_median=11.7360 delta=-0.1430 limit=0.2347 within=true
bound metric=prefill_ms arm=a03_slice6 vs=a02_slice5 arm_median=130.0260 reference_median=126.9975 delta=3.0285 limit=5.0080 within=true
bound metric=ttft_ms arm=a03_slice6 vs=a02_slice5 arm_median=130.0000 reference_median=127.0000 delta=3.0000 limit=5.0000 within=true
bound metric=peak_rss_bytes arm=a03_slice6 vs=a02_slice5 arm_median=3648700416 reference_median=3646291968 delta=2408448 limit=72925839 within=true
bound metric=peak_footprint_bytes arm=a03_slice6 vs=a02_slice5 arm_median=213608640 reference_median=218130816 delta=-4522176 limit=4362616 within=true
bound metric=peak_gpu_bytes arm=a03_slice6 vs=a02_slice5 arm_median=3387506688 reference_median=3387539456 delta=-32768 limit=67750789 within=true
bound metric=ms_per_token arm=a03_slice6 vs=llama-server arm_median=11.5930 reference_median=9.0281 delta=2.5649 limit=0.1806 within=false
bound metric=prefill_ms arm=a03_slice6 vs=llama-server arm_median=130.0260 reference_median=57.5710 delta=72.4550 limit=1.1514 within=false
bound metric=ttft_ms arm=a03_slice6 vs=llama-server arm_median=130.0000 reference_median=58.1197 delta=71.8803 limit=1.1624 within=false
bound metric=peak_rss_bytes arm=a03_slice6 vs=llama-server arm_median=3648700416 reference_median=3687579648 delta=-38879232 limit=73751593 within=true
bound metric=peak_footprint_bytes arm=a03_slice6 vs=llama-server arm_median=213608640 reference_median=169011456 delta=44597184 limit=3380229 within=false
bound metric=peak_gpu_bytes arm=a03_slice6 vs=llama-server n=0
bound metric=ms_per_token arm=a04_slice7 vs=a00_0b_9f0647da arm_median=11.6850 reference_median=11.6225 delta=0.0625 limit=0.2324 within=true
bound metric=prefill_ms arm=a04_slice7 vs=a00_0b_9f0647da arm_median=128.9990 reference_median=124.9930 delta=4.0060 limit=2.4999 within=false
bound metric=ttft_ms arm=a04_slice7 vs=a00_0b_9f0647da n=0
bound metric=peak_rss_bytes arm=a04_slice7 vs=a00_0b_9f0647da arm_median=3636396032 reference_median=3642458112 delta=-6062080 limit=72849162 within=true
bound metric=peak_footprint_bytes arm=a04_slice7 vs=a00_0b_9f0647da arm_median=221849664 reference_median=225896768 delta=-4047104 limit=4517935 within=true
bound metric=peak_gpu_bytes arm=a04_slice7 vs=a00_0b_9f0647da n=0
bound metric=ms_per_token arm=a04_slice7 vs=a01_0c_152467a9 arm_median=11.6850 reference_median=11.6140 delta=0.0710 limit=0.2323 within=true
bound metric=prefill_ms arm=a04_slice7 vs=a01_0c_152467a9 arm_median=128.9990 reference_median=123.9930 delta=5.0060 limit=2.4799 within=false
bound metric=ttft_ms arm=a04_slice7 vs=a01_0c_152467a9 arm_median=129.0000 reference_median=124.0000 delta=5.0000 limit=2.4800 within=false
bound metric=peak_rss_bytes arm=a04_slice7 vs=a01_0c_152467a9 arm_median=3636396032 reference_median=3645833216 delta=-9437184 limit=72916664 within=true
bound metric=peak_footprint_bytes arm=a04_slice7 vs=a01_0c_152467a9 arm_median=221849664 reference_median=217442688 delta=4406976 limit=4348854 within=false
bound metric=peak_gpu_bytes arm=a04_slice7 vs=a01_0c_152467a9 arm_median=3387506688 reference_median=3387523072 delta=-16384 limit=67750461 within=true
bound metric=ms_per_token arm=a04_slice7 vs=a02_slice5 arm_median=11.6850 reference_median=11.7360 delta=-0.0510 limit=0.2347 within=true
bound metric=prefill_ms arm=a04_slice7 vs=a02_slice5 arm_median=128.9990 reference_median=126.9975 delta=2.0015 limit=5.0080 within=true
bound metric=ttft_ms arm=a04_slice7 vs=a02_slice5 arm_median=129.0000 reference_median=127.0000 delta=2.0000 limit=5.0000 within=true
bound metric=peak_rss_bytes arm=a04_slice7 vs=a02_slice5 arm_median=3636396032 reference_median=3646291968 delta=-9895936 limit=72925839 within=true
bound metric=peak_footprint_bytes arm=a04_slice7 vs=a02_slice5 arm_median=221849664 reference_median=218130816 delta=3718848 limit=4362616 within=true
bound metric=peak_gpu_bytes arm=a04_slice7 vs=a02_slice5 arm_median=3387506688 reference_median=3387539456 delta=-32768 limit=67750789 within=true
bound metric=ms_per_token arm=a04_slice7 vs=a03_slice6 arm_median=11.6850 reference_median=11.5930 delta=0.0920 limit=0.2319 within=true
bound metric=prefill_ms arm=a04_slice7 vs=a03_slice6 arm_median=128.9990 reference_median=130.0260 delta=-1.0270 limit=7.0330 within=true
bound metric=ttft_ms arm=a04_slice7 vs=a03_slice6 arm_median=129.0000 reference_median=130.0000 delta=-1.0000 limit=7.0000 within=true
bound metric=peak_rss_bytes arm=a04_slice7 vs=a03_slice6 arm_median=3636396032 reference_median=3648700416 delta=-12304384 limit=72974008 within=true
bound metric=peak_footprint_bytes arm=a04_slice7 vs=a03_slice6 arm_median=221849664 reference_median=213608640 delta=8241024 limit=4272173 within=false
bound metric=peak_gpu_bytes arm=a04_slice7 vs=a03_slice6 arm_median=3387506688 reference_median=3387506688 delta=0 limit=67750134 within=true
bound metric=ms_per_token arm=a04_slice7 vs=llama-server arm_median=11.6850 reference_median=9.0281 delta=2.6569 limit=0.1806 within=false
bound metric=prefill_ms arm=a04_slice7 vs=llama-server arm_median=128.9990 reference_median=57.5710 delta=71.4280 limit=1.1514 within=false
bound metric=ttft_ms arm=a04_slice7 vs=llama-server arm_median=129.0000 reference_median=58.1197 delta=70.8803 limit=1.1624 within=false
bound metric=peak_rss_bytes arm=a04_slice7 vs=llama-server arm_median=3636396032 reference_median=3687579648 delta=-51183616 limit=73751593 within=true
bound metric=peak_footprint_bytes arm=a04_slice7 vs=llama-server arm_median=221849664 reference_median=169011456 delta=52838208 limit=3380229 within=false
bound metric=peak_gpu_bytes arm=a04_slice7 vs=llama-server n=0
bound metric=ms_per_token arm=a05_slice8 vs=a00_0b_9f0647da arm_median=11.6975 reference_median=11.6225 delta=0.0750 limit=0.2324 within=true
bound metric=prefill_ms arm=a05_slice8 vs=a00_0b_9f0647da arm_median=127.0080 reference_median=124.9930 delta=2.0150 limit=2.4999 within=true
bound metric=ttft_ms arm=a05_slice8 vs=a00_0b_9f0647da n=0
bound metric=peak_rss_bytes arm=a05_slice8 vs=a00_0b_9f0647da arm_median=3640623104 reference_median=3642458112 delta=-1835008 limit=72849162 within=true
bound metric=peak_footprint_bytes arm=a05_slice8 vs=a00_0b_9f0647da arm_median=216410304 reference_median=225896768 delta=-9486464 limit=4517935 within=true
bound metric=peak_gpu_bytes arm=a05_slice8 vs=a00_0b_9f0647da n=0
bound metric=ms_per_token arm=a05_slice8 vs=a01_0c_152467a9 arm_median=11.6975 reference_median=11.6140 delta=0.0835 limit=0.2323 within=true
bound metric=prefill_ms arm=a05_slice8 vs=a01_0c_152467a9 arm_median=127.0080 reference_median=123.9930 delta=3.0150 limit=2.4799 within=false
bound metric=ttft_ms arm=a05_slice8 vs=a01_0c_152467a9 arm_median=127.0000 reference_median=124.0000 delta=3.0000 limit=2.4800 within=false
bound metric=peak_rss_bytes arm=a05_slice8 vs=a01_0c_152467a9 arm_median=3640623104 reference_median=3645833216 delta=-5210112 limit=72916664 within=true
bound metric=peak_footprint_bytes arm=a05_slice8 vs=a01_0c_152467a9 arm_median=216410304 reference_median=217442688 delta=-1032384 limit=4348854 within=true
bound metric=peak_gpu_bytes arm=a05_slice8 vs=a01_0c_152467a9 arm_median=3386408960 reference_median=3387523072 delta=-1114112 limit=67750461 within=true
bound metric=ms_per_token arm=a05_slice8 vs=a02_slice5 arm_median=11.6975 reference_median=11.7360 delta=-0.0385 limit=0.2347 within=true
bound metric=prefill_ms arm=a05_slice8 vs=a02_slice5 arm_median=127.0080 reference_median=126.9975 delta=0.0105 limit=5.0080 within=true
bound metric=ttft_ms arm=a05_slice8 vs=a02_slice5 arm_median=127.0000 reference_median=127.0000 delta=0.0000 limit=5.0000 within=true
bound metric=peak_rss_bytes arm=a05_slice8 vs=a02_slice5 arm_median=3640623104 reference_median=3646291968 delta=-5668864 limit=72925839 within=true
bound metric=peak_footprint_bytes arm=a05_slice8 vs=a02_slice5 arm_median=216410304 reference_median=218130816 delta=-1720512 limit=4362616 within=true
bound metric=peak_gpu_bytes arm=a05_slice8 vs=a02_slice5 arm_median=3386408960 reference_median=3387539456 delta=-1130496 limit=67750789 within=true
bound metric=ms_per_token arm=a05_slice8 vs=a03_slice6 arm_median=11.6975 reference_median=11.5930 delta=0.1045 limit=0.2319 within=true
bound metric=prefill_ms arm=a05_slice8 vs=a03_slice6 arm_median=127.0080 reference_median=130.0260 delta=-3.0180 limit=7.0330 within=true
bound metric=ttft_ms arm=a05_slice8 vs=a03_slice6 arm_median=127.0000 reference_median=130.0000 delta=-3.0000 limit=7.0000 within=true
bound metric=peak_rss_bytes arm=a05_slice8 vs=a03_slice6 arm_median=3640623104 reference_median=3648700416 delta=-8077312 limit=72974008 within=true
bound metric=peak_footprint_bytes arm=a05_slice8 vs=a03_slice6 arm_median=216410304 reference_median=213608640 delta=2801664 limit=4272173 within=true
bound metric=peak_gpu_bytes arm=a05_slice8 vs=a03_slice6 arm_median=3386408960 reference_median=3387506688 delta=-1097728 limit=67750134 within=true
bound metric=ms_per_token arm=a05_slice8 vs=a04_slice7 arm_median=11.6975 reference_median=11.6850 delta=0.0125 limit=0.2337 within=true
bound metric=prefill_ms arm=a05_slice8 vs=a04_slice7 arm_median=127.0080 reference_median=128.9990 delta=-1.9910 limit=6.0090 within=true
bound metric=ttft_ms arm=a05_slice8 vs=a04_slice7 arm_median=127.0000 reference_median=129.0000 delta=-2.0000 limit=6.0000 within=true
bound metric=peak_rss_bytes arm=a05_slice8 vs=a04_slice7 arm_median=3640623104 reference_median=3636396032 delta=4227072 limit=72727921 within=true
bound metric=peak_footprint_bytes arm=a05_slice8 vs=a04_slice7 arm_median=216410304 reference_median=221849664 delta=-5439360 limit=4436993 within=true
bound metric=peak_gpu_bytes arm=a05_slice8 vs=a04_slice7 arm_median=3386408960 reference_median=3387506688 delta=-1097728 limit=67750134 within=true
bound metric=ms_per_token arm=a05_slice8 vs=llama-server arm_median=11.6975 reference_median=9.0281 delta=2.6694 limit=0.1806 within=false
bound metric=prefill_ms arm=a05_slice8 vs=llama-server arm_median=127.0080 reference_median=57.5710 delta=69.4370 limit=1.1514 within=false
bound metric=ttft_ms arm=a05_slice8 vs=llama-server arm_median=127.0000 reference_median=58.1197 delta=68.8803 limit=1.1624 within=false
bound metric=peak_rss_bytes arm=a05_slice8 vs=llama-server arm_median=3640623104 reference_median=3687579648 delta=-46956544 limit=73751593 within=true
bound metric=peak_footprint_bytes arm=a05_slice8 vs=llama-server arm_median=216410304 reference_median=169011456 delta=47398848 limit=3380229 within=false
bound metric=peak_gpu_bytes arm=a05_slice8 vs=llama-server n=0
bound metric=ms_per_token arm=a06_slice9 vs=a00_0b_9f0647da arm_median=11.6570 reference_median=11.6225 delta=0.0345 limit=0.2324 within=true
bound metric=prefill_ms arm=a06_slice9 vs=a00_0b_9f0647da arm_median=126.9920 reference_median=124.9930 delta=1.9990 limit=2.4999 within=true
bound metric=ttft_ms arm=a06_slice9 vs=a00_0b_9f0647da n=0
bound metric=peak_rss_bytes arm=a06_slice9 vs=a00_0b_9f0647da arm_median=3629006848 reference_median=3642458112 delta=-13451264 limit=72849162 within=true
bound metric=peak_footprint_bytes arm=a06_slice9 vs=a00_0b_9f0647da arm_median=212166848 reference_median=225896768 delta=-13729920 limit=4517935 within=true
bound metric=peak_gpu_bytes arm=a06_slice9 vs=a00_0b_9f0647da n=0
bound metric=ms_per_token arm=a06_slice9 vs=a01_0c_152467a9 arm_median=11.6570 reference_median=11.6140 delta=0.0430 limit=0.2323 within=true
bound metric=prefill_ms arm=a06_slice9 vs=a01_0c_152467a9 arm_median=126.9920 reference_median=123.9930 delta=2.9990 limit=2.4799 within=false
bound metric=ttft_ms arm=a06_slice9 vs=a01_0c_152467a9 arm_median=127.0000 reference_median=124.0000 delta=3.0000 limit=2.4800 within=false
bound metric=peak_rss_bytes arm=a06_slice9 vs=a01_0c_152467a9 arm_median=3629006848 reference_median=3645833216 delta=-16826368 limit=72916664 within=true
bound metric=peak_footprint_bytes arm=a06_slice9 vs=a01_0c_152467a9 arm_median=212166848 reference_median=217442688 delta=-5275840 limit=4348854 within=true
bound metric=peak_gpu_bytes arm=a06_slice9 vs=a01_0c_152467a9 arm_median=3386277888 reference_median=3387523072 delta=-1245184 limit=67750461 within=true
bound metric=ms_per_token arm=a06_slice9 vs=a02_slice5 arm_median=11.6570 reference_median=11.7360 delta=-0.0790 limit=0.2347 within=true
bound metric=prefill_ms arm=a06_slice9 vs=a02_slice5 arm_median=126.9920 reference_median=126.9975 delta=-0.0055 limit=5.0080 within=true
bound metric=ttft_ms arm=a06_slice9 vs=a02_slice5 arm_median=127.0000 reference_median=127.0000 delta=0.0000 limit=5.0000 within=true
bound metric=peak_rss_bytes arm=a06_slice9 vs=a02_slice5 arm_median=3629006848 reference_median=3646291968 delta=-17285120 limit=72925839 within=true
bound metric=peak_footprint_bytes arm=a06_slice9 vs=a02_slice5 arm_median=212166848 reference_median=218130816 delta=-5963968 limit=4362616 within=true
bound metric=peak_gpu_bytes arm=a06_slice9 vs=a02_slice5 arm_median=3386277888 reference_median=3387539456 delta=-1261568 limit=67750789 within=true
bound metric=ms_per_token arm=a06_slice9 vs=a03_slice6 arm_median=11.6570 reference_median=11.5930 delta=0.0640 limit=0.2319 within=true
bound metric=prefill_ms arm=a06_slice9 vs=a03_slice6 arm_median=126.9920 reference_median=130.0260 delta=-3.0340 limit=7.0330 within=true
bound metric=ttft_ms arm=a06_slice9 vs=a03_slice6 arm_median=127.0000 reference_median=130.0000 delta=-3.0000 limit=7.0000 within=true
bound metric=peak_rss_bytes arm=a06_slice9 vs=a03_slice6 arm_median=3629006848 reference_median=3648700416 delta=-19693568 limit=72974008 within=true
bound metric=peak_footprint_bytes arm=a06_slice9 vs=a03_slice6 arm_median=212166848 reference_median=213608640 delta=-1441792 limit=4272173 within=true
bound metric=peak_gpu_bytes arm=a06_slice9 vs=a03_slice6 arm_median=3386277888 reference_median=3387506688 delta=-1228800 limit=67750134 within=true
bound metric=ms_per_token arm=a06_slice9 vs=a04_slice7 arm_median=11.6570 reference_median=11.6850 delta=-0.0280 limit=0.2337 within=true
bound metric=prefill_ms arm=a06_slice9 vs=a04_slice7 arm_median=126.9920 reference_median=128.9990 delta=-2.0070 limit=6.0090 within=true
bound metric=ttft_ms arm=a06_slice9 vs=a04_slice7 arm_median=127.0000 reference_median=129.0000 delta=-2.0000 limit=6.0000 within=true
bound metric=peak_rss_bytes arm=a06_slice9 vs=a04_slice7 arm_median=3629006848 reference_median=3636396032 delta=-7389184 limit=72727921 within=true
bound metric=peak_footprint_bytes arm=a06_slice9 vs=a04_slice7 arm_median=212166848 reference_median=221849664 delta=-9682816 limit=4436993 within=true
bound metric=peak_gpu_bytes arm=a06_slice9 vs=a04_slice7 arm_median=3386277888 reference_median=3387506688 delta=-1228800 limit=67750134 within=true
bound metric=ms_per_token arm=a06_slice9 vs=a05_slice8 arm_median=11.6570 reference_median=11.6975 delta=-0.0405 limit=0.2339 within=true
bound metric=prefill_ms arm=a06_slice9 vs=a05_slice8 arm_median=126.9920 reference_median=127.0080 delta=-0.0160 limit=5.0000 within=true
bound metric=ttft_ms arm=a06_slice9 vs=a05_slice8 arm_median=127.0000 reference_median=127.0000 delta=0.0000 limit=5.0000 within=true
bound metric=peak_rss_bytes arm=a06_slice9 vs=a05_slice8 arm_median=3629006848 reference_median=3640623104 delta=-11616256 limit=72812462 within=true
bound metric=peak_footprint_bytes arm=a06_slice9 vs=a05_slice8 arm_median=212166848 reference_median=216410304 delta=-4243456 limit=4328206 within=true
bound metric=peak_gpu_bytes arm=a06_slice9 vs=a05_slice8 arm_median=3386277888 reference_median=3386408960 delta=-131072 limit=67728179 within=true
bound metric=ms_per_token arm=a06_slice9 vs=llama-server arm_median=11.6570 reference_median=9.0281 delta=2.6289 limit=0.1806 within=false
bound metric=prefill_ms arm=a06_slice9 vs=llama-server arm_median=126.9920 reference_median=57.5710 delta=69.4210 limit=1.1514 within=false
bound metric=ttft_ms arm=a06_slice9 vs=llama-server arm_median=127.0000 reference_median=58.1197 delta=68.8803 limit=1.1624 within=false
bound metric=peak_rss_bytes arm=a06_slice9 vs=llama-server arm_median=3629006848 reference_median=3687579648 delta=-58572800 limit=73751593 within=true
bound metric=peak_footprint_bytes arm=a06_slice9 vs=llama-server arm_median=212166848 reference_median=169011456 delta=43155392 limit=3380229 within=false
bound metric=peak_gpu_bytes arm=a06_slice9 vs=llama-server n=0
bound metric=ms_per_token arm=a07_slice10b vs=a00_0b_9f0647da arm_median=11.6180 reference_median=11.6225 delta=-0.0045 limit=0.2324 within=true
bound metric=prefill_ms arm=a07_slice10b vs=a00_0b_9f0647da arm_median=127.0280 reference_median=124.9930 delta=2.0350 limit=2.4999 within=true
bound metric=ttft_ms arm=a07_slice10b vs=a00_0b_9f0647da n=0
bound metric=peak_rss_bytes arm=a07_slice10b vs=a00_0b_9f0647da arm_median=3635314688 reference_median=3642458112 delta=-7143424 limit=72849162 within=true
bound metric=peak_footprint_bytes arm=a07_slice10b vs=a00_0b_9f0647da arm_median=216656448 reference_median=225896768 delta=-9240320 limit=4517935 within=true
bound metric=peak_gpu_bytes arm=a07_slice10b vs=a00_0b_9f0647da n=0
bound metric=ms_per_token arm=a07_slice10b vs=a01_0c_152467a9 arm_median=11.6180 reference_median=11.6140 delta=0.0040 limit=0.2323 within=true
bound metric=prefill_ms arm=a07_slice10b vs=a01_0c_152467a9 arm_median=127.0280 reference_median=123.9930 delta=3.0350 limit=2.4799 within=false
bound metric=ttft_ms arm=a07_slice10b vs=a01_0c_152467a9 arm_median=127.0000 reference_median=124.0000 delta=3.0000 limit=2.4800 within=false
bound metric=peak_rss_bytes arm=a07_slice10b vs=a01_0c_152467a9 arm_median=3635314688 reference_median=3645833216 delta=-10518528 limit=72916664 within=true
bound metric=peak_footprint_bytes arm=a07_slice10b vs=a01_0c_152467a9 arm_median=216656448 reference_median=217442688 delta=-786240 limit=4348854 within=true
bound metric=peak_gpu_bytes arm=a07_slice10b vs=a01_0c_152467a9 arm_median=3386294272 reference_median=3387523072 delta=-1228800 limit=67750461 within=true
bound metric=ms_per_token arm=a07_slice10b vs=a02_slice5 arm_median=11.6180 reference_median=11.7360 delta=-0.1180 limit=0.2347 within=true
bound metric=prefill_ms arm=a07_slice10b vs=a02_slice5 arm_median=127.0280 reference_median=126.9975 delta=0.0305 limit=5.0080 within=true
bound metric=ttft_ms arm=a07_slice10b vs=a02_slice5 arm_median=127.0000 reference_median=127.0000 delta=0.0000 limit=5.0000 within=true
bound metric=peak_rss_bytes arm=a07_slice10b vs=a02_slice5 arm_median=3635314688 reference_median=3646291968 delta=-10977280 limit=72925839 within=true
bound metric=peak_footprint_bytes arm=a07_slice10b vs=a02_slice5 arm_median=216656448 reference_median=218130816 delta=-1474368 limit=4362616 within=true
bound metric=peak_gpu_bytes arm=a07_slice10b vs=a02_slice5 arm_median=3386294272 reference_median=3387539456 delta=-1245184 limit=67750789 within=true
bound metric=ms_per_token arm=a07_slice10b vs=a03_slice6 arm_median=11.6180 reference_median=11.5930 delta=0.0250 limit=0.2319 within=true
bound metric=prefill_ms arm=a07_slice10b vs=a03_slice6 arm_median=127.0280 reference_median=130.0260 delta=-2.9980 limit=7.0330 within=true
bound metric=ttft_ms arm=a07_slice10b vs=a03_slice6 arm_median=127.0000 reference_median=130.0000 delta=-3.0000 limit=7.0000 within=true
bound metric=peak_rss_bytes arm=a07_slice10b vs=a03_slice6 arm_median=3635314688 reference_median=3648700416 delta=-13385728 limit=72974008 within=true
bound metric=peak_footprint_bytes arm=a07_slice10b vs=a03_slice6 arm_median=216656448 reference_median=213608640 delta=3047808 limit=4272173 within=true
bound metric=peak_gpu_bytes arm=a07_slice10b vs=a03_slice6 arm_median=3386294272 reference_median=3387506688 delta=-1212416 limit=67750134 within=true
bound metric=ms_per_token arm=a07_slice10b vs=a04_slice7 arm_median=11.6180 reference_median=11.6850 delta=-0.0670 limit=0.2337 within=true
bound metric=prefill_ms arm=a07_slice10b vs=a04_slice7 arm_median=127.0280 reference_median=128.9990 delta=-1.9710 limit=6.0090 within=true
bound metric=ttft_ms arm=a07_slice10b vs=a04_slice7 arm_median=127.0000 reference_median=129.0000 delta=-2.0000 limit=6.0000 within=true
bound metric=peak_rss_bytes arm=a07_slice10b vs=a04_slice7 arm_median=3635314688 reference_median=3636396032 delta=-1081344 limit=72727921 within=true
bound metric=peak_footprint_bytes arm=a07_slice10b vs=a04_slice7 arm_median=216656448 reference_median=221849664 delta=-5193216 limit=4436993 within=true
bound metric=peak_gpu_bytes arm=a07_slice10b vs=a04_slice7 arm_median=3386294272 reference_median=3387506688 delta=-1212416 limit=67750134 within=true
bound metric=ms_per_token arm=a07_slice10b vs=a05_slice8 arm_median=11.6180 reference_median=11.6975 delta=-0.0795 limit=0.2339 within=true
bound metric=prefill_ms arm=a07_slice10b vs=a05_slice8 arm_median=127.0280 reference_median=127.0080 delta=0.0200 limit=5.0000 within=true
bound metric=ttft_ms arm=a07_slice10b vs=a05_slice8 arm_median=127.0000 reference_median=127.0000 delta=0.0000 limit=5.0000 within=true
bound metric=peak_rss_bytes arm=a07_slice10b vs=a05_slice8 arm_median=3635314688 reference_median=3640623104 delta=-5308416 limit=72812462 within=true
bound metric=peak_footprint_bytes arm=a07_slice10b vs=a05_slice8 arm_median=216656448 reference_median=216410304 delta=246144 limit=4328206 within=true
bound metric=peak_gpu_bytes arm=a07_slice10b vs=a05_slice8 arm_median=3386294272 reference_median=3386408960 delta=-114688 limit=67728179 within=true
bound metric=ms_per_token arm=a07_slice10b vs=a06_slice9 arm_median=11.6180 reference_median=11.6570 delta=-0.0390 limit=0.2331 within=true
bound metric=prefill_ms arm=a07_slice10b vs=a06_slice9 arm_median=127.0280 reference_median=126.9920 delta=0.0360 limit=3.9950 within=true
bound metric=ttft_ms arm=a07_slice10b vs=a06_slice9 arm_median=127.0000 reference_median=127.0000 delta=0.0000 limit=4.0000 within=true
bound metric=peak_rss_bytes arm=a07_slice10b vs=a06_slice9 arm_median=3635314688 reference_median=3629006848 delta=6307840 limit=72580137 within=true
bound metric=peak_footprint_bytes arm=a07_slice10b vs=a06_slice9 arm_median=216656448 reference_median=212166848 delta=4489600 limit=4243337 within=false
bound metric=peak_gpu_bytes arm=a07_slice10b vs=a06_slice9 arm_median=3386294272 reference_median=3386277888 delta=16384 limit=67725558 within=true
bound metric=ms_per_token arm=a07_slice10b vs=llama-server arm_median=11.6180 reference_median=9.0281 delta=2.5899 limit=0.1806 within=false
bound metric=prefill_ms arm=a07_slice10b vs=llama-server arm_median=127.0280 reference_median=57.5710 delta=69.4570 limit=1.1514 within=false
bound metric=ttft_ms arm=a07_slice10b vs=llama-server arm_median=127.0000 reference_median=58.1197 delta=68.8803 limit=1.1624 within=false
bound metric=peak_rss_bytes arm=a07_slice10b vs=llama-server arm_median=3635314688 reference_median=3687579648 delta=-52264960 limit=73751593 within=true
bound metric=peak_footprint_bytes arm=a07_slice10b vs=llama-server arm_median=216656448 reference_median=169011456 delta=47644992 limit=3380229 within=false
bound metric=peak_gpu_bytes arm=a07_slice10b vs=llama-server n=0
bound metric=ms_per_token arm=a08_slice10b_fix vs=a00_0b_9f0647da arm_median=11.6455 reference_median=11.6225 delta=0.0230 limit=0.2324 within=true
bound metric=prefill_ms arm=a08_slice10b_fix vs=a00_0b_9f0647da arm_median=132.0240 reference_median=124.9930 delta=7.0310 limit=2.4999 within=false
bound metric=ttft_ms arm=a08_slice10b_fix vs=a00_0b_9f0647da n=0
bound metric=peak_rss_bytes arm=a08_slice10b_fix vs=a00_0b_9f0647da arm_median=3635888128 reference_median=3642458112 delta=-6569984 limit=72849162 within=true
bound metric=peak_footprint_bytes arm=a08_slice10b_fix vs=a00_0b_9f0647da arm_median=219408896 reference_median=225896768 delta=-6487872 limit=4517935 within=true
bound metric=peak_gpu_bytes arm=a08_slice10b_fix vs=a00_0b_9f0647da n=0
bound metric=ms_per_token arm=a08_slice10b_fix vs=a01_0c_152467a9 arm_median=11.6455 reference_median=11.6140 delta=0.0315 limit=0.2323 within=true
bound metric=prefill_ms arm=a08_slice10b_fix vs=a01_0c_152467a9 arm_median=132.0240 reference_median=123.9930 delta=8.0310 limit=2.4799 within=false
bound metric=ttft_ms arm=a08_slice10b_fix vs=a01_0c_152467a9 arm_median=132.0000 reference_median=124.0000 delta=8.0000 limit=2.4800 within=false
bound metric=peak_rss_bytes arm=a08_slice10b_fix vs=a01_0c_152467a9 arm_median=3635888128 reference_median=3645833216 delta=-9945088 limit=72916664 within=true
bound metric=peak_footprint_bytes arm=a08_slice10b_fix vs=a01_0c_152467a9 arm_median=219408896 reference_median=217442688 delta=1966208 limit=4348854 within=true
bound metric=peak_gpu_bytes arm=a08_slice10b_fix vs=a01_0c_152467a9 arm_median=3386392576 reference_median=3387523072 delta=-1130496 limit=67750461 within=true
bound metric=ms_per_token arm=a08_slice10b_fix vs=a02_slice5 arm_median=11.6455 reference_median=11.7360 delta=-0.0905 limit=0.2347 within=true
bound metric=prefill_ms arm=a08_slice10b_fix vs=a02_slice5 arm_median=132.0240 reference_median=126.9975 delta=5.0265 limit=5.0080 within=false
bound metric=ttft_ms arm=a08_slice10b_fix vs=a02_slice5 arm_median=132.0000 reference_median=127.0000 delta=5.0000 limit=5.0000 within=true
bound metric=peak_rss_bytes arm=a08_slice10b_fix vs=a02_slice5 arm_median=3635888128 reference_median=3646291968 delta=-10403840 limit=72925839 within=true
bound metric=peak_footprint_bytes arm=a08_slice10b_fix vs=a02_slice5 arm_median=219408896 reference_median=218130816 delta=1278080 limit=4362616 within=true
bound metric=peak_gpu_bytes arm=a08_slice10b_fix vs=a02_slice5 arm_median=3386392576 reference_median=3387539456 delta=-1146880 limit=67750789 within=true
bound metric=ms_per_token arm=a08_slice10b_fix vs=a03_slice6 arm_median=11.6455 reference_median=11.5930 delta=0.0525 limit=0.2319 within=true
bound metric=prefill_ms arm=a08_slice10b_fix vs=a03_slice6 arm_median=132.0240 reference_median=130.0260 delta=1.9980 limit=7.0330 within=true
bound metric=ttft_ms arm=a08_slice10b_fix vs=a03_slice6 arm_median=132.0000 reference_median=130.0000 delta=2.0000 limit=7.0000 within=true
bound metric=peak_rss_bytes arm=a08_slice10b_fix vs=a03_slice6 arm_median=3635888128 reference_median=3648700416 delta=-12812288 limit=72974008 within=true
bound metric=peak_footprint_bytes arm=a08_slice10b_fix vs=a03_slice6 arm_median=219408896 reference_median=213608640 delta=5800256 limit=4272173 within=false
bound metric=peak_gpu_bytes arm=a08_slice10b_fix vs=a03_slice6 arm_median=3386392576 reference_median=3387506688 delta=-1114112 limit=67750134 within=true
bound metric=ms_per_token arm=a08_slice10b_fix vs=a04_slice7 arm_median=11.6455 reference_median=11.6850 delta=-0.0395 limit=0.2337 within=true
bound metric=prefill_ms arm=a08_slice10b_fix vs=a04_slice7 arm_median=132.0240 reference_median=128.9990 delta=3.0250 limit=6.0090 within=true
bound metric=ttft_ms arm=a08_slice10b_fix vs=a04_slice7 arm_median=132.0000 reference_median=129.0000 delta=3.0000 limit=6.0000 within=true
bound metric=peak_rss_bytes arm=a08_slice10b_fix vs=a04_slice7 arm_median=3635888128 reference_median=3636396032 delta=-507904 limit=72727921 within=true
bound metric=peak_footprint_bytes arm=a08_slice10b_fix vs=a04_slice7 arm_median=219408896 reference_median=221849664 delta=-2440768 limit=4436993 within=true
bound metric=peak_gpu_bytes arm=a08_slice10b_fix vs=a04_slice7 arm_median=3386392576 reference_median=3387506688 delta=-1114112 limit=67750134 within=true
bound metric=ms_per_token arm=a08_slice10b_fix vs=a05_slice8 arm_median=11.6455 reference_median=11.6975 delta=-0.0520 limit=0.2339 within=true
bound metric=prefill_ms arm=a08_slice10b_fix vs=a05_slice8 arm_median=132.0240 reference_median=127.0080 delta=5.0160 limit=5.0000 within=false
bound metric=ttft_ms arm=a08_slice10b_fix vs=a05_slice8 arm_median=132.0000 reference_median=127.0000 delta=5.0000 limit=5.0000 within=true
bound metric=peak_rss_bytes arm=a08_slice10b_fix vs=a05_slice8 arm_median=3635888128 reference_median=3640623104 delta=-4734976 limit=72812462 within=true
bound metric=peak_footprint_bytes arm=a08_slice10b_fix vs=a05_slice8 arm_median=219408896 reference_median=216410304 delta=2998592 limit=4328206 within=true
bound metric=peak_gpu_bytes arm=a08_slice10b_fix vs=a05_slice8 arm_median=3386392576 reference_median=3386408960 delta=-16384 limit=67728179 within=true
bound metric=ms_per_token arm=a08_slice10b_fix vs=a06_slice9 arm_median=11.6455 reference_median=11.6570 delta=-0.0115 limit=0.2331 within=true
bound metric=prefill_ms arm=a08_slice10b_fix vs=a06_slice9 arm_median=132.0240 reference_median=126.9920 delta=5.0320 limit=3.9950 within=false
bound metric=ttft_ms arm=a08_slice10b_fix vs=a06_slice9 arm_median=132.0000 reference_median=127.0000 delta=5.0000 limit=4.0000 within=false
bound metric=peak_rss_bytes arm=a08_slice10b_fix vs=a06_slice9 arm_median=3635888128 reference_median=3629006848 delta=6881280 limit=72580137 within=true
bound metric=peak_footprint_bytes arm=a08_slice10b_fix vs=a06_slice9 arm_median=219408896 reference_median=212166848 delta=7242048 limit=4243337 within=false
bound metric=peak_gpu_bytes arm=a08_slice10b_fix vs=a06_slice9 arm_median=3386392576 reference_median=3386277888 delta=114688 limit=67725558 within=true
bound metric=ms_per_token arm=a08_slice10b_fix vs=a07_slice10b arm_median=11.6455 reference_median=11.6180 delta=0.0275 limit=0.2324 within=true
bound metric=prefill_ms arm=a08_slice10b_fix vs=a07_slice10b arm_median=132.0240 reference_median=127.0280 delta=4.9960 limit=5.0320 within=true
bound metric=ttft_ms arm=a08_slice10b_fix vs=a07_slice10b arm_median=132.0000 reference_median=127.0000 delta=5.0000 limit=5.0000 within=true
bound metric=peak_rss_bytes arm=a08_slice10b_fix vs=a07_slice10b arm_median=3635888128 reference_median=3635314688 delta=573440 limit=72706294 within=true
bound metric=peak_footprint_bytes arm=a08_slice10b_fix vs=a07_slice10b arm_median=219408896 reference_median=216656448 delta=2752448 limit=4333129 within=true
bound metric=peak_gpu_bytes arm=a08_slice10b_fix vs=a07_slice10b arm_median=3386392576 reference_median=3386294272 delta=98304 limit=67725885 within=true
bound metric=ms_per_token arm=a08_slice10b_fix vs=llama-server arm_median=11.6455 reference_median=9.0281 delta=2.6174 limit=0.1806 within=false
bound metric=prefill_ms arm=a08_slice10b_fix vs=llama-server arm_median=132.0240 reference_median=57.5710 delta=74.4530 limit=1.1514 within=false
bound metric=ttft_ms arm=a08_slice10b_fix vs=llama-server arm_median=132.0000 reference_median=58.1197 delta=73.8803 limit=1.1624 within=false
bound metric=peak_rss_bytes arm=a08_slice10b_fix vs=llama-server arm_median=3635888128 reference_median=3687579648 delta=-51691520 limit=73751593 within=true
bound metric=peak_footprint_bytes arm=a08_slice10b_fix vs=llama-server arm_median=219408896 reference_median=169011456 delta=50397440 limit=3380229 within=false
bound metric=peak_gpu_bytes arm=a08_slice10b_fix vs=llama-server n=0
bound metric=ms_per_token arm=a09_slice10c vs=a00_0b_9f0647da arm_median=11.6200 reference_median=11.6225 delta=-0.0025 limit=0.2324 within=true
bound metric=prefill_ms arm=a09_slice10c vs=a00_0b_9f0647da arm_median=122.9795 reference_median=124.9930 delta=-2.0135 limit=2.4999 within=true
bound metric=ttft_ms arm=a09_slice10c vs=a00_0b_9f0647da n=0
bound metric=peak_rss_bytes arm=a09_slice10c vs=a00_0b_9f0647da arm_median=3628924928 reference_median=3642458112 delta=-13533184 limit=72849162 within=true
bound metric=peak_footprint_bytes arm=a09_slice10c vs=a00_0b_9f0647da arm_median=205482304 reference_median=225896768 delta=-20414464 limit=4517935 within=true
bound metric=peak_gpu_bytes arm=a09_slice10c vs=a00_0b_9f0647da n=0
bound metric=ms_per_token arm=a09_slice10c vs=a01_0c_152467a9 arm_median=11.6200 reference_median=11.6140 delta=0.0060 limit=0.2323 within=true
bound metric=prefill_ms arm=a09_slice10c vs=a01_0c_152467a9 arm_median=122.9795 reference_median=123.9930 delta=-1.0135 limit=2.4799 within=true
bound metric=ttft_ms arm=a09_slice10c vs=a01_0c_152467a9 arm_median=123.0000 reference_median=124.0000 delta=-1.0000 limit=2.4800 within=true
bound metric=peak_rss_bytes arm=a09_slice10c vs=a01_0c_152467a9 arm_median=3628924928 reference_median=3645833216 delta=-16908288 limit=72916664 within=true
bound metric=peak_footprint_bytes arm=a09_slice10c vs=a01_0c_152467a9 arm_median=205482304 reference_median=217442688 delta=-11960384 limit=4348854 within=true
bound metric=peak_gpu_bytes arm=a09_slice10c vs=a01_0c_152467a9 arm_median=3386359808 reference_median=3387523072 delta=-1163264 limit=67750461 within=true
bound metric=ms_per_token arm=a09_slice10c vs=a02_slice5 arm_median=11.6200 reference_median=11.7360 delta=-0.1160 limit=0.2347 within=true
bound metric=prefill_ms arm=a09_slice10c vs=a02_slice5 arm_median=122.9795 reference_median=126.9975 delta=-4.0180 limit=5.0080 within=true
bound metric=ttft_ms arm=a09_slice10c vs=a02_slice5 arm_median=123.0000 reference_median=127.0000 delta=-4.0000 limit=5.0000 within=true
bound metric=peak_rss_bytes arm=a09_slice10c vs=a02_slice5 arm_median=3628924928 reference_median=3646291968 delta=-17367040 limit=72925839 within=true
bound metric=peak_footprint_bytes arm=a09_slice10c vs=a02_slice5 arm_median=205482304 reference_median=218130816 delta=-12648512 limit=4362616 within=true
bound metric=peak_gpu_bytes arm=a09_slice10c vs=a02_slice5 arm_median=3386359808 reference_median=3387539456 delta=-1179648 limit=67750789 within=true
bound metric=ms_per_token arm=a09_slice10c vs=a03_slice6 arm_median=11.6200 reference_median=11.5930 delta=0.0270 limit=0.2319 within=true
bound metric=prefill_ms arm=a09_slice10c vs=a03_slice6 arm_median=122.9795 reference_median=130.0260 delta=-7.0465 limit=7.0330 within=true
bound metric=ttft_ms arm=a09_slice10c vs=a03_slice6 arm_median=123.0000 reference_median=130.0000 delta=-7.0000 limit=7.0000 within=true
bound metric=peak_rss_bytes arm=a09_slice10c vs=a03_slice6 arm_median=3628924928 reference_median=3648700416 delta=-19775488 limit=72974008 within=true
bound metric=peak_footprint_bytes arm=a09_slice10c vs=a03_slice6 arm_median=205482304 reference_median=213608640 delta=-8126336 limit=4272173 within=true
bound metric=peak_gpu_bytes arm=a09_slice10c vs=a03_slice6 arm_median=3386359808 reference_median=3387506688 delta=-1146880 limit=67750134 within=true
bound metric=ms_per_token arm=a09_slice10c vs=a04_slice7 arm_median=11.6200 reference_median=11.6850 delta=-0.0650 limit=0.2337 within=true
bound metric=prefill_ms arm=a09_slice10c vs=a04_slice7 arm_median=122.9795 reference_median=128.9990 delta=-6.0195 limit=6.0090 within=true
bound metric=ttft_ms arm=a09_slice10c vs=a04_slice7 arm_median=123.0000 reference_median=129.0000 delta=-6.0000 limit=6.0000 within=true
bound metric=peak_rss_bytes arm=a09_slice10c vs=a04_slice7 arm_median=3628924928 reference_median=3636396032 delta=-7471104 limit=72727921 within=true
bound metric=peak_footprint_bytes arm=a09_slice10c vs=a04_slice7 arm_median=205482304 reference_median=221849664 delta=-16367360 limit=4436993 within=true
bound metric=peak_gpu_bytes arm=a09_slice10c vs=a04_slice7 arm_median=3386359808 reference_median=3387506688 delta=-1146880 limit=67750134 within=true
bound metric=ms_per_token arm=a09_slice10c vs=a05_slice8 arm_median=11.6200 reference_median=11.6975 delta=-0.0775 limit=0.2339 within=true
bound metric=prefill_ms arm=a09_slice10c vs=a05_slice8 arm_median=122.9795 reference_median=127.0080 delta=-4.0285 limit=5.0000 within=true
bound metric=ttft_ms arm=a09_slice10c vs=a05_slice8 arm_median=123.0000 reference_median=127.0000 delta=-4.0000 limit=5.0000 within=true
bound metric=peak_rss_bytes arm=a09_slice10c vs=a05_slice8 arm_median=3628924928 reference_median=3640623104 delta=-11698176 limit=72812462 within=true
bound metric=peak_footprint_bytes arm=a09_slice10c vs=a05_slice8 arm_median=205482304 reference_median=216410304 delta=-10928000 limit=4328206 within=true
bound metric=peak_gpu_bytes arm=a09_slice10c vs=a05_slice8 arm_median=3386359808 reference_median=3386408960 delta=-49152 limit=67728179 within=true
bound metric=ms_per_token arm=a09_slice10c vs=a06_slice9 arm_median=11.6200 reference_median=11.6570 delta=-0.0370 limit=0.2331 within=true
bound metric=prefill_ms arm=a09_slice10c vs=a06_slice9 arm_median=122.9795 reference_median=126.9920 delta=-4.0125 limit=3.9950 within=true
bound metric=ttft_ms arm=a09_slice10c vs=a06_slice9 arm_median=123.0000 reference_median=127.0000 delta=-4.0000 limit=4.0000 within=true
bound metric=peak_rss_bytes arm=a09_slice10c vs=a06_slice9 arm_median=3628924928 reference_median=3629006848 delta=-81920 limit=72580137 within=true
bound metric=peak_footprint_bytes arm=a09_slice10c vs=a06_slice9 arm_median=205482304 reference_median=212166848 delta=-6684544 limit=4243337 within=true
bound metric=peak_gpu_bytes arm=a09_slice10c vs=a06_slice9 arm_median=3386359808 reference_median=3386277888 delta=81920 limit=67725558 within=true
bound metric=ms_per_token arm=a09_slice10c vs=a07_slice10b arm_median=11.6200 reference_median=11.6180 delta=0.0020 limit=0.2324 within=true
bound metric=prefill_ms arm=a09_slice10c vs=a07_slice10b arm_median=122.9795 reference_median=127.0280 delta=-4.0485 limit=5.0320 within=true
bound metric=ttft_ms arm=a09_slice10c vs=a07_slice10b arm_median=123.0000 reference_median=127.0000 delta=-4.0000 limit=5.0000 within=true
bound metric=peak_rss_bytes arm=a09_slice10c vs=a07_slice10b arm_median=3628924928 reference_median=3635314688 delta=-6389760 limit=72706294 within=true
bound metric=peak_footprint_bytes arm=a09_slice10c vs=a07_slice10b arm_median=205482304 reference_median=216656448 delta=-11174144 limit=4333129 within=true
bound metric=peak_gpu_bytes arm=a09_slice10c vs=a07_slice10b arm_median=3386359808 reference_median=3386294272 delta=65536 limit=67725885 within=true
bound metric=ms_per_token arm=a09_slice10c vs=a08_slice10b_fix arm_median=11.6200 reference_median=11.6455 delta=-0.0255 limit=0.2329 within=true
bound metric=prefill_ms arm=a09_slice10c vs=a08_slice10b_fix arm_median=122.9795 reference_median=132.0240 delta=-9.0445 limit=8.0310 within=true
bound metric=ttft_ms arm=a09_slice10c vs=a08_slice10b_fix arm_median=123.0000 reference_median=132.0000 delta=-9.0000 limit=8.0000 within=true
bound metric=peak_rss_bytes arm=a09_slice10c vs=a08_slice10b_fix arm_median=3628924928 reference_median=3635888128 delta=-6963200 limit=72717763 within=true
bound metric=peak_footprint_bytes arm=a09_slice10c vs=a08_slice10b_fix arm_median=205482304 reference_median=219408896 delta=-13926592 limit=4388178 within=true
bound metric=peak_gpu_bytes arm=a09_slice10c vs=a08_slice10b_fix arm_median=3386359808 reference_median=3386392576 delta=-32768 limit=67727852 within=true
bound metric=ms_per_token arm=a09_slice10c vs=llama-server arm_median=11.6200 reference_median=9.0281 delta=2.5919 limit=0.1806 within=false
bound metric=prefill_ms arm=a09_slice10c vs=llama-server arm_median=122.9795 reference_median=57.5710 delta=65.4085 limit=1.1514 within=false
bound metric=ttft_ms arm=a09_slice10c vs=llama-server arm_median=123.0000 reference_median=58.1197 delta=64.8803 limit=1.1624 within=false
bound metric=peak_rss_bytes arm=a09_slice10c vs=llama-server arm_median=3628924928 reference_median=3687579648 delta=-58654720 limit=73751593 within=true
bound metric=peak_footprint_bytes arm=a09_slice10c vs=llama-server arm_median=205482304 reference_median=169011456 delta=36470848 limit=3380229 within=false
bound metric=peak_gpu_bytes arm=a09_slice10c vs=llama-server n=0
bound metric=ms_per_token arm=a10_slice11 vs=a00_0b_9f0647da arm_median=11.6195 reference_median=11.6225 delta=-0.0030 limit=0.2324 within=true
bound metric=prefill_ms arm=a10_slice11 vs=a00_0b_9f0647da arm_median=123.0270 reference_median=124.9930 delta=-1.9660 limit=2.4999 within=true
bound metric=ttft_ms arm=a10_slice11 vs=a00_0b_9f0647da n=0
bound metric=peak_rss_bytes arm=a10_slice11 vs=a00_0b_9f0647da arm_median=3633381376 reference_median=3642458112 delta=-9076736 limit=72849162 within=true
bound metric=peak_footprint_bytes arm=a10_slice11 vs=a00_0b_9f0647da arm_median=212527360 reference_median=225896768 delta=-13369408 limit=4517935 within=true
bound metric=peak_gpu_bytes arm=a10_slice11 vs=a00_0b_9f0647da n=0
bound metric=ms_per_token arm=a10_slice11 vs=a01_0c_152467a9 arm_median=11.6195 reference_median=11.6140 delta=0.0055 limit=0.2323 within=true
bound metric=prefill_ms arm=a10_slice11 vs=a01_0c_152467a9 arm_median=123.0270 reference_median=123.9930 delta=-0.9660 limit=2.4799 within=true
bound metric=ttft_ms arm=a10_slice11 vs=a01_0c_152467a9 arm_median=123.0000 reference_median=124.0000 delta=-1.0000 limit=2.4800 within=true
bound metric=peak_rss_bytes arm=a10_slice11 vs=a01_0c_152467a9 arm_median=3633381376 reference_median=3645833216 delta=-12451840 limit=72916664 within=true
bound metric=peak_footprint_bytes arm=a10_slice11 vs=a01_0c_152467a9 arm_median=212527360 reference_median=217442688 delta=-4915328 limit=4348854 within=true
bound metric=peak_gpu_bytes arm=a10_slice11 vs=a01_0c_152467a9 arm_median=3386343424 reference_median=3387523072 delta=-1179648 limit=67750461 within=true
bound metric=ms_per_token arm=a10_slice11 vs=a02_slice5 arm_median=11.6195 reference_median=11.7360 delta=-0.1165 limit=0.2347 within=true
bound metric=prefill_ms arm=a10_slice11 vs=a02_slice5 arm_median=123.0270 reference_median=126.9975 delta=-3.9705 limit=5.0080 within=true
bound metric=ttft_ms arm=a10_slice11 vs=a02_slice5 arm_median=123.0000 reference_median=127.0000 delta=-4.0000 limit=5.0000 within=true
bound metric=peak_rss_bytes arm=a10_slice11 vs=a02_slice5 arm_median=3633381376 reference_median=3646291968 delta=-12910592 limit=72925839 within=true
bound metric=peak_footprint_bytes arm=a10_slice11 vs=a02_slice5 arm_median=212527360 reference_median=218130816 delta=-5603456 limit=4362616 within=true
bound metric=peak_gpu_bytes arm=a10_slice11 vs=a02_slice5 arm_median=3386343424 reference_median=3387539456 delta=-1196032 limit=67750789 within=true
bound metric=ms_per_token arm=a10_slice11 vs=a03_slice6 arm_median=11.6195 reference_median=11.5930 delta=0.0265 limit=0.2319 within=true
bound metric=prefill_ms arm=a10_slice11 vs=a03_slice6 arm_median=123.0270 reference_median=130.0260 delta=-6.9990 limit=7.0330 within=true
bound metric=ttft_ms arm=a10_slice11 vs=a03_slice6 arm_median=123.0000 reference_median=130.0000 delta=-7.0000 limit=7.0000 within=true
bound metric=peak_rss_bytes arm=a10_slice11 vs=a03_slice6 arm_median=3633381376 reference_median=3648700416 delta=-15319040 limit=72974008 within=true
bound metric=peak_footprint_bytes arm=a10_slice11 vs=a03_slice6 arm_median=212527360 reference_median=213608640 delta=-1081280 limit=4272173 within=true
bound metric=peak_gpu_bytes arm=a10_slice11 vs=a03_slice6 arm_median=3386343424 reference_median=3387506688 delta=-1163264 limit=67750134 within=true
bound metric=ms_per_token arm=a10_slice11 vs=a04_slice7 arm_median=11.6195 reference_median=11.6850 delta=-0.0655 limit=0.2337 within=true
bound metric=prefill_ms arm=a10_slice11 vs=a04_slice7 arm_median=123.0270 reference_median=128.9990 delta=-5.9720 limit=6.0090 within=true
bound metric=ttft_ms arm=a10_slice11 vs=a04_slice7 arm_median=123.0000 reference_median=129.0000 delta=-6.0000 limit=6.0000 within=true
bound metric=peak_rss_bytes arm=a10_slice11 vs=a04_slice7 arm_median=3633381376 reference_median=3636396032 delta=-3014656 limit=72727921 within=true
bound metric=peak_footprint_bytes arm=a10_slice11 vs=a04_slice7 arm_median=212527360 reference_median=221849664 delta=-9322304 limit=4436993 within=true
bound metric=peak_gpu_bytes arm=a10_slice11 vs=a04_slice7 arm_median=3386343424 reference_median=3387506688 delta=-1163264 limit=67750134 within=true
bound metric=ms_per_token arm=a10_slice11 vs=a05_slice8 arm_median=11.6195 reference_median=11.6975 delta=-0.0780 limit=0.2339 within=true
bound metric=prefill_ms arm=a10_slice11 vs=a05_slice8 arm_median=123.0270 reference_median=127.0080 delta=-3.9810 limit=5.0000 within=true
bound metric=ttft_ms arm=a10_slice11 vs=a05_slice8 arm_median=123.0000 reference_median=127.0000 delta=-4.0000 limit=5.0000 within=true
bound metric=peak_rss_bytes arm=a10_slice11 vs=a05_slice8 arm_median=3633381376 reference_median=3640623104 delta=-7241728 limit=72812462 within=true
bound metric=peak_footprint_bytes arm=a10_slice11 vs=a05_slice8 arm_median=212527360 reference_median=216410304 delta=-3882944 limit=4328206 within=true
bound metric=peak_gpu_bytes arm=a10_slice11 vs=a05_slice8 arm_median=3386343424 reference_median=3386408960 delta=-65536 limit=67728179 within=true
bound metric=ms_per_token arm=a10_slice11 vs=a06_slice9 arm_median=11.6195 reference_median=11.6570 delta=-0.0375 limit=0.2331 within=true
bound metric=prefill_ms arm=a10_slice11 vs=a06_slice9 arm_median=123.0270 reference_median=126.9920 delta=-3.9650 limit=3.9950 within=true
bound metric=ttft_ms arm=a10_slice11 vs=a06_slice9 arm_median=123.0000 reference_median=127.0000 delta=-4.0000 limit=4.0000 within=true
bound metric=peak_rss_bytes arm=a10_slice11 vs=a06_slice9 arm_median=3633381376 reference_median=3629006848 delta=4374528 limit=72580137 within=true
bound metric=peak_footprint_bytes arm=a10_slice11 vs=a06_slice9 arm_median=212527360 reference_median=212166848 delta=360512 limit=4243337 within=true
bound metric=peak_gpu_bytes arm=a10_slice11 vs=a06_slice9 arm_median=3386343424 reference_median=3386277888 delta=65536 limit=67725558 within=true
bound metric=ms_per_token arm=a10_slice11 vs=a07_slice10b arm_median=11.6195 reference_median=11.6180 delta=0.0015 limit=0.2324 within=true
bound metric=prefill_ms arm=a10_slice11 vs=a07_slice10b arm_median=123.0270 reference_median=127.0280 delta=-4.0010 limit=5.0320 within=true
bound metric=ttft_ms arm=a10_slice11 vs=a07_slice10b arm_median=123.0000 reference_median=127.0000 delta=-4.0000 limit=5.0000 within=true
bound metric=peak_rss_bytes arm=a10_slice11 vs=a07_slice10b arm_median=3633381376 reference_median=3635314688 delta=-1933312 limit=72706294 within=true
bound metric=peak_footprint_bytes arm=a10_slice11 vs=a07_slice10b arm_median=212527360 reference_median=216656448 delta=-4129088 limit=4333129 within=true
bound metric=peak_gpu_bytes arm=a10_slice11 vs=a07_slice10b arm_median=3386343424 reference_median=3386294272 delta=49152 limit=67725885 within=true
bound metric=ms_per_token arm=a10_slice11 vs=a08_slice10b_fix arm_median=11.6195 reference_median=11.6455 delta=-0.0260 limit=0.2329 within=true
bound metric=prefill_ms arm=a10_slice11 vs=a08_slice10b_fix arm_median=123.0270 reference_median=132.0240 delta=-8.9970 limit=8.0310 within=true
bound metric=ttft_ms arm=a10_slice11 vs=a08_slice10b_fix arm_median=123.0000 reference_median=132.0000 delta=-9.0000 limit=8.0000 within=true
bound metric=peak_rss_bytes arm=a10_slice11 vs=a08_slice10b_fix arm_median=3633381376 reference_median=3635888128 delta=-2506752 limit=72717763 within=true
bound metric=peak_footprint_bytes arm=a10_slice11 vs=a08_slice10b_fix arm_median=212527360 reference_median=219408896 delta=-6881536 limit=4388178 within=true
bound metric=peak_gpu_bytes arm=a10_slice11 vs=a08_slice10b_fix arm_median=3386343424 reference_median=3386392576 delta=-49152 limit=67727852 within=true
bound metric=ms_per_token arm=a10_slice11 vs=a09_slice10c arm_median=11.6195 reference_median=11.6200 delta=-0.0005 limit=0.2324 within=true
bound metric=prefill_ms arm=a10_slice11 vs=a09_slice10c arm_median=123.0270 reference_median=122.9795 delta=0.0475 limit=2.4596 within=true
bound metric=ttft_ms arm=a10_slice11 vs=a09_slice10c arm_median=123.0000 reference_median=123.0000 delta=0.0000 limit=2.4600 within=true
bound metric=peak_rss_bytes arm=a10_slice11 vs=a09_slice10c arm_median=3633381376 reference_median=3628924928 delta=4456448 limit=72578499 within=true
bound metric=peak_footprint_bytes arm=a10_slice11 vs=a09_slice10c arm_median=212527360 reference_median=205482304 delta=7045056 limit=4109646 within=false
bound metric=peak_gpu_bytes arm=a10_slice11 vs=a09_slice10c arm_median=3386343424 reference_median=3386359808 delta=-16384 limit=67727196 within=true
bound metric=ms_per_token arm=a10_slice11 vs=llama-server arm_median=11.6195 reference_median=9.0281 delta=2.5914 limit=0.1806 within=false
bound metric=prefill_ms arm=a10_slice11 vs=llama-server arm_median=123.0270 reference_median=57.5710 delta=65.4560 limit=1.1514 within=false
bound metric=ttft_ms arm=a10_slice11 vs=llama-server arm_median=123.0000 reference_median=58.1197 delta=64.8803 limit=1.1624 within=false
bound metric=peak_rss_bytes arm=a10_slice11 vs=llama-server arm_median=3633381376 reference_median=3687579648 delta=-54198272 limit=73751593 within=true
bound metric=peak_footprint_bytes arm=a10_slice11 vs=llama-server arm_median=212527360 reference_median=169011456 delta=43515904 limit=3380229 within=false
bound metric=peak_gpu_bytes arm=a10_slice11 vs=llama-server n=0
bound metric=ms_per_token arm=a11_slice12 vs=a00_0b_9f0647da arm_median=11.6070 reference_median=11.6225 delta=-0.0155 limit=0.2324 within=true
bound metric=prefill_ms arm=a11_slice12 vs=a00_0b_9f0647da arm_median=127.9710 reference_median=124.9930 delta=2.9780 limit=2.4999 within=false
bound metric=ttft_ms arm=a11_slice12 vs=a00_0b_9f0647da n=0
bound metric=peak_rss_bytes arm=a11_slice12 vs=a00_0b_9f0647da arm_median=3642933248 reference_median=3642458112 delta=475136 limit=72849162 within=true
bound metric=peak_footprint_bytes arm=a11_slice12 vs=a00_0b_9f0647da arm_median=212920768 reference_median=225896768 delta=-12976000 limit=4517935 within=true
bound metric=peak_gpu_bytes arm=a11_slice12 vs=a00_0b_9f0647da n=0
bound metric=ms_per_token arm=a11_slice12 vs=a01_0c_152467a9 arm_median=11.6070 reference_median=11.6140 delta=-0.0070 limit=0.2323 within=true
bound metric=prefill_ms arm=a11_slice12 vs=a01_0c_152467a9 arm_median=127.9710 reference_median=123.9930 delta=3.9780 limit=2.4799 within=false
bound metric=ttft_ms arm=a11_slice12 vs=a01_0c_152467a9 arm_median=128.0000 reference_median=124.0000 delta=4.0000 limit=2.4800 within=false
bound metric=peak_rss_bytes arm=a11_slice12 vs=a01_0c_152467a9 arm_median=3642933248 reference_median=3645833216 delta=-2899968 limit=72916664 within=true
bound metric=peak_footprint_bytes arm=a11_slice12 vs=a01_0c_152467a9 arm_median=212920768 reference_median=217442688 delta=-4521920 limit=4348854 within=true
bound metric=peak_gpu_bytes arm=a11_slice12 vs=a01_0c_152467a9 arm_median=3386327040 reference_median=3387523072 delta=-1196032 limit=67750461 within=true
bound metric=ms_per_token arm=a11_slice12 vs=a02_slice5 arm_median=11.6070 reference_median=11.7360 delta=-0.1290 limit=0.2347 within=true
bound metric=prefill_ms arm=a11_slice12 vs=a02_slice5 arm_median=127.9710 reference_median=126.9975 delta=0.9735 limit=5.0080 within=true
bound metric=ttft_ms arm=a11_slice12 vs=a02_slice5 arm_median=128.0000 reference_median=127.0000 delta=1.0000 limit=5.0000 within=true
bound metric=peak_rss_bytes arm=a11_slice12 vs=a02_slice5 arm_median=3642933248 reference_median=3646291968 delta=-3358720 limit=72925839 within=true
bound metric=peak_footprint_bytes arm=a11_slice12 vs=a02_slice5 arm_median=212920768 reference_median=218130816 delta=-5210048 limit=4362616 within=true
bound metric=peak_gpu_bytes arm=a11_slice12 vs=a02_slice5 arm_median=3386327040 reference_median=3387539456 delta=-1212416 limit=67750789 within=true
bound metric=ms_per_token arm=a11_slice12 vs=a03_slice6 arm_median=11.6070 reference_median=11.5930 delta=0.0140 limit=0.2319 within=true
bound metric=prefill_ms arm=a11_slice12 vs=a03_slice6 arm_median=127.9710 reference_median=130.0260 delta=-2.0550 limit=7.0330 within=true
bound metric=ttft_ms arm=a11_slice12 vs=a03_slice6 arm_median=128.0000 reference_median=130.0000 delta=-2.0000 limit=7.0000 within=true
bound metric=peak_rss_bytes arm=a11_slice12 vs=a03_slice6 arm_median=3642933248 reference_median=3648700416 delta=-5767168 limit=72974008 within=true
bound metric=peak_footprint_bytes arm=a11_slice12 vs=a03_slice6 arm_median=212920768 reference_median=213608640 delta=-687872 limit=4272173 within=true
bound metric=peak_gpu_bytes arm=a11_slice12 vs=a03_slice6 arm_median=3386327040 reference_median=3387506688 delta=-1179648 limit=67750134 within=true
bound metric=ms_per_token arm=a11_slice12 vs=a04_slice7 arm_median=11.6070 reference_median=11.6850 delta=-0.0780 limit=0.2337 within=true
bound metric=prefill_ms arm=a11_slice12 vs=a04_slice7 arm_median=127.9710 reference_median=128.9990 delta=-1.0280 limit=6.0090 within=true
bound metric=ttft_ms arm=a11_slice12 vs=a04_slice7 arm_median=128.0000 reference_median=129.0000 delta=-1.0000 limit=6.0000 within=true
bound metric=peak_rss_bytes arm=a11_slice12 vs=a04_slice7 arm_median=3642933248 reference_median=3636396032 delta=6537216 limit=72727921 within=true
bound metric=peak_footprint_bytes arm=a11_slice12 vs=a04_slice7 arm_median=212920768 reference_median=221849664 delta=-8928896 limit=4436993 within=true
bound metric=peak_gpu_bytes arm=a11_slice12 vs=a04_slice7 arm_median=3386327040 reference_median=3387506688 delta=-1179648 limit=67750134 within=true
bound metric=ms_per_token arm=a11_slice12 vs=a05_slice8 arm_median=11.6070 reference_median=11.6975 delta=-0.0905 limit=0.2339 within=true
bound metric=prefill_ms arm=a11_slice12 vs=a05_slice8 arm_median=127.9710 reference_median=127.0080 delta=0.9630 limit=5.0000 within=true
bound metric=ttft_ms arm=a11_slice12 vs=a05_slice8 arm_median=128.0000 reference_median=127.0000 delta=1.0000 limit=5.0000 within=true
bound metric=peak_rss_bytes arm=a11_slice12 vs=a05_slice8 arm_median=3642933248 reference_median=3640623104 delta=2310144 limit=72812462 within=true
bound metric=peak_footprint_bytes arm=a11_slice12 vs=a05_slice8 arm_median=212920768 reference_median=216410304 delta=-3489536 limit=4328206 within=true
bound metric=peak_gpu_bytes arm=a11_slice12 vs=a05_slice8 arm_median=3386327040 reference_median=3386408960 delta=-81920 limit=67728179 within=true
bound metric=ms_per_token arm=a11_slice12 vs=a06_slice9 arm_median=11.6070 reference_median=11.6570 delta=-0.0500 limit=0.2331 within=true
bound metric=prefill_ms arm=a11_slice12 vs=a06_slice9 arm_median=127.9710 reference_median=126.9920 delta=0.9790 limit=3.9950 within=true
bound metric=ttft_ms arm=a11_slice12 vs=a06_slice9 arm_median=128.0000 reference_median=127.0000 delta=1.0000 limit=4.0000 within=true
bound metric=peak_rss_bytes arm=a11_slice12 vs=a06_slice9 arm_median=3642933248 reference_median=3629006848 delta=13926400 limit=72580137 within=true
bound metric=peak_footprint_bytes arm=a11_slice12 vs=a06_slice9 arm_median=212920768 reference_median=212166848 delta=753920 limit=4243337 within=true
bound metric=peak_gpu_bytes arm=a11_slice12 vs=a06_slice9 arm_median=3386327040 reference_median=3386277888 delta=49152 limit=67725558 within=true
bound metric=ms_per_token arm=a11_slice12 vs=a07_slice10b arm_median=11.6070 reference_median=11.6180 delta=-0.0110 limit=0.2324 within=true
bound metric=prefill_ms arm=a11_slice12 vs=a07_slice10b arm_median=127.9710 reference_median=127.0280 delta=0.9430 limit=5.0320 within=true
bound metric=ttft_ms arm=a11_slice12 vs=a07_slice10b arm_median=128.0000 reference_median=127.0000 delta=1.0000 limit=5.0000 within=true
bound metric=peak_rss_bytes arm=a11_slice12 vs=a07_slice10b arm_median=3642933248 reference_median=3635314688 delta=7618560 limit=72706294 within=true
bound metric=peak_footprint_bytes arm=a11_slice12 vs=a07_slice10b arm_median=212920768 reference_median=216656448 delta=-3735680 limit=4333129 within=true
bound metric=peak_gpu_bytes arm=a11_slice12 vs=a07_slice10b arm_median=3386327040 reference_median=3386294272 delta=32768 limit=67725885 within=true
bound metric=ms_per_token arm=a11_slice12 vs=a08_slice10b_fix arm_median=11.6070 reference_median=11.6455 delta=-0.0385 limit=0.2329 within=true
bound metric=prefill_ms arm=a11_slice12 vs=a08_slice10b_fix arm_median=127.9710 reference_median=132.0240 delta=-4.0530 limit=8.0310 within=true
bound metric=ttft_ms arm=a11_slice12 vs=a08_slice10b_fix arm_median=128.0000 reference_median=132.0000 delta=-4.0000 limit=8.0000 within=true
bound metric=peak_rss_bytes arm=a11_slice12 vs=a08_slice10b_fix arm_median=3642933248 reference_median=3635888128 delta=7045120 limit=72717763 within=true
bound metric=peak_footprint_bytes arm=a11_slice12 vs=a08_slice10b_fix arm_median=212920768 reference_median=219408896 delta=-6488128 limit=4388178 within=true
bound metric=peak_gpu_bytes arm=a11_slice12 vs=a08_slice10b_fix arm_median=3386327040 reference_median=3386392576 delta=-65536 limit=67727852 within=true
bound metric=ms_per_token arm=a11_slice12 vs=a09_slice10c arm_median=11.6070 reference_median=11.6200 delta=-0.0130 limit=0.2324 within=true
bound metric=prefill_ms arm=a11_slice12 vs=a09_slice10c arm_median=127.9710 reference_median=122.9795 delta=4.9915 limit=2.4596 within=false
bound metric=ttft_ms arm=a11_slice12 vs=a09_slice10c arm_median=128.0000 reference_median=123.0000 delta=5.0000 limit=2.4600 within=false
bound metric=peak_rss_bytes arm=a11_slice12 vs=a09_slice10c arm_median=3642933248 reference_median=3628924928 delta=14008320 limit=72578499 within=true
bound metric=peak_footprint_bytes arm=a11_slice12 vs=a09_slice10c arm_median=212920768 reference_median=205482304 delta=7438464 limit=4109646 within=false
bound metric=peak_gpu_bytes arm=a11_slice12 vs=a09_slice10c arm_median=3386327040 reference_median=3386359808 delta=-32768 limit=67727196 within=true
bound metric=ms_per_token arm=a11_slice12 vs=a10_slice11 arm_median=11.6070 reference_median=11.6195 delta=-0.0125 limit=0.2324 within=true
bound metric=prefill_ms arm=a11_slice12 vs=a10_slice11 arm_median=127.9710 reference_median=123.0270 delta=4.9440 limit=2.4605 within=false
bound metric=ttft_ms arm=a11_slice12 vs=a10_slice11 arm_median=128.0000 reference_median=123.0000 delta=5.0000 limit=2.4600 within=false
bound metric=peak_rss_bytes arm=a11_slice12 vs=a10_slice11 arm_median=3642933248 reference_median=3633381376 delta=9551872 limit=72667628 within=true
bound metric=peak_footprint_bytes arm=a11_slice12 vs=a10_slice11 arm_median=212920768 reference_median=212527360 delta=393408 limit=4250547 within=true
bound metric=peak_gpu_bytes arm=a11_slice12 vs=a10_slice11 arm_median=3386327040 reference_median=3386343424 delta=-16384 limit=67726868 within=true
bound metric=ms_per_token arm=a11_slice12 vs=llama-server arm_median=11.6070 reference_median=9.0281 delta=2.5789 limit=0.1806 within=false
bound metric=prefill_ms arm=a11_slice12 vs=llama-server arm_median=127.9710 reference_median=57.5710 delta=70.4000 limit=1.1514 within=false
bound metric=ttft_ms arm=a11_slice12 vs=llama-server arm_median=128.0000 reference_median=58.1197 delta=69.8803 limit=1.1624 within=false
bound metric=peak_rss_bytes arm=a11_slice12 vs=llama-server arm_median=3642933248 reference_median=3687579648 delta=-44646400 limit=73751593 within=true
bound metric=peak_footprint_bytes arm=a11_slice12 vs=llama-server arm_median=212920768 reference_median=169011456 delta=43909312 limit=3380229 within=false
bound metric=peak_gpu_bytes arm=a11_slice12 vs=llama-server n=0
bound metric=ms_per_token arm=a12_eor vs=a00_0b_9f0647da arm_median=11.6030 reference_median=11.6225 delta=-0.0195 limit=0.2324 within=true
bound metric=prefill_ms arm=a12_eor vs=a00_0b_9f0647da arm_median=123.0045 reference_median=124.9930 delta=-1.9885 limit=2.4999 within=true
bound metric=ttft_ms arm=a12_eor vs=a00_0b_9f0647da n=0
bound metric=peak_rss_bytes arm=a12_eor vs=a00_0b_9f0647da arm_median=3634823168 reference_median=3642458112 delta=-7634944 limit=72849162 within=true
bound metric=peak_footprint_bytes arm=a12_eor vs=a00_0b_9f0647da arm_median=212134016 reference_median=225896768 delta=-13762752 limit=4517935 within=true
bound metric=peak_gpu_bytes arm=a12_eor vs=a00_0b_9f0647da n=0
bound metric=ms_per_token arm=a12_eor vs=a01_0c_152467a9 arm_median=11.6030 reference_median=11.6140 delta=-0.0110 limit=0.2323 within=true
bound metric=prefill_ms arm=a12_eor vs=a01_0c_152467a9 arm_median=123.0045 reference_median=123.9930 delta=-0.9885 limit=2.4799 within=true
bound metric=ttft_ms arm=a12_eor vs=a01_0c_152467a9 arm_median=123.0000 reference_median=124.0000 delta=-1.0000 limit=2.4800 within=true
bound metric=peak_rss_bytes arm=a12_eor vs=a01_0c_152467a9 arm_median=3634823168 reference_median=3645833216 delta=-11010048 limit=72916664 within=true
bound metric=peak_footprint_bytes arm=a12_eor vs=a01_0c_152467a9 arm_median=212134016 reference_median=217442688 delta=-5308672 limit=4348854 within=true
bound metric=peak_gpu_bytes arm=a12_eor vs=a01_0c_152467a9 arm_median=3386294272 reference_median=3387523072 delta=-1228800 limit=67750461 within=true
bound metric=ms_per_token arm=a12_eor vs=a02_slice5 arm_median=11.6030 reference_median=11.7360 delta=-0.1330 limit=0.2347 within=true
bound metric=prefill_ms arm=a12_eor vs=a02_slice5 arm_median=123.0045 reference_median=126.9975 delta=-3.9930 limit=5.0080 within=true
bound metric=ttft_ms arm=a12_eor vs=a02_slice5 arm_median=123.0000 reference_median=127.0000 delta=-4.0000 limit=5.0000 within=true
bound metric=peak_rss_bytes arm=a12_eor vs=a02_slice5 arm_median=3634823168 reference_median=3646291968 delta=-11468800 limit=72925839 within=true
bound metric=peak_footprint_bytes arm=a12_eor vs=a02_slice5 arm_median=212134016 reference_median=218130816 delta=-5996800 limit=4362616 within=true
bound metric=peak_gpu_bytes arm=a12_eor vs=a02_slice5 arm_median=3386294272 reference_median=3387539456 delta=-1245184 limit=67750789 within=true
bound metric=ms_per_token arm=a12_eor vs=a03_slice6 arm_median=11.6030 reference_median=11.5930 delta=0.0100 limit=0.2319 within=true
bound metric=prefill_ms arm=a12_eor vs=a03_slice6 arm_median=123.0045 reference_median=130.0260 delta=-7.0215 limit=7.0330 within=true
bound metric=ttft_ms arm=a12_eor vs=a03_slice6 arm_median=123.0000 reference_median=130.0000 delta=-7.0000 limit=7.0000 within=true
bound metric=peak_rss_bytes arm=a12_eor vs=a03_slice6 arm_median=3634823168 reference_median=3648700416 delta=-13877248 limit=72974008 within=true
bound metric=peak_footprint_bytes arm=a12_eor vs=a03_slice6 arm_median=212134016 reference_median=213608640 delta=-1474624 limit=4272173 within=true
bound metric=peak_gpu_bytes arm=a12_eor vs=a03_slice6 arm_median=3386294272 reference_median=3387506688 delta=-1212416 limit=67750134 within=true
bound metric=ms_per_token arm=a12_eor vs=a04_slice7 arm_median=11.6030 reference_median=11.6850 delta=-0.0820 limit=0.2337 within=true
bound metric=prefill_ms arm=a12_eor vs=a04_slice7 arm_median=123.0045 reference_median=128.9990 delta=-5.9945 limit=6.0090 within=true
bound metric=ttft_ms arm=a12_eor vs=a04_slice7 arm_median=123.0000 reference_median=129.0000 delta=-6.0000 limit=6.0000 within=true
bound metric=peak_rss_bytes arm=a12_eor vs=a04_slice7 arm_median=3634823168 reference_median=3636396032 delta=-1572864 limit=72727921 within=true
bound metric=peak_footprint_bytes arm=a12_eor vs=a04_slice7 arm_median=212134016 reference_median=221849664 delta=-9715648 limit=4436993 within=true
bound metric=peak_gpu_bytes arm=a12_eor vs=a04_slice7 arm_median=3386294272 reference_median=3387506688 delta=-1212416 limit=67750134 within=true
bound metric=ms_per_token arm=a12_eor vs=a05_slice8 arm_median=11.6030 reference_median=11.6975 delta=-0.0945 limit=0.2339 within=true
bound metric=prefill_ms arm=a12_eor vs=a05_slice8 arm_median=123.0045 reference_median=127.0080 delta=-4.0035 limit=5.0000 within=true
bound metric=ttft_ms arm=a12_eor vs=a05_slice8 arm_median=123.0000 reference_median=127.0000 delta=-4.0000 limit=5.0000 within=true
bound metric=peak_rss_bytes arm=a12_eor vs=a05_slice8 arm_median=3634823168 reference_median=3640623104 delta=-5799936 limit=72812462 within=true
bound metric=peak_footprint_bytes arm=a12_eor vs=a05_slice8 arm_median=212134016 reference_median=216410304 delta=-4276288 limit=4328206 within=true
bound metric=peak_gpu_bytes arm=a12_eor vs=a05_slice8 arm_median=3386294272 reference_median=3386408960 delta=-114688 limit=67728179 within=true
bound metric=ms_per_token arm=a12_eor vs=a06_slice9 arm_median=11.6030 reference_median=11.6570 delta=-0.0540 limit=0.2331 within=true
bound metric=prefill_ms arm=a12_eor vs=a06_slice9 arm_median=123.0045 reference_median=126.9920 delta=-3.9875 limit=3.9950 within=true
bound metric=ttft_ms arm=a12_eor vs=a06_slice9 arm_median=123.0000 reference_median=127.0000 delta=-4.0000 limit=4.0000 within=true
bound metric=peak_rss_bytes arm=a12_eor vs=a06_slice9 arm_median=3634823168 reference_median=3629006848 delta=5816320 limit=72580137 within=true
bound metric=peak_footprint_bytes arm=a12_eor vs=a06_slice9 arm_median=212134016 reference_median=212166848 delta=-32832 limit=4243337 within=true
bound metric=peak_gpu_bytes arm=a12_eor vs=a06_slice9 arm_median=3386294272 reference_median=3386277888 delta=16384 limit=67725558 within=true
bound metric=ms_per_token arm=a12_eor vs=a07_slice10b arm_median=11.6030 reference_median=11.6180 delta=-0.0150 limit=0.2324 within=true
bound metric=prefill_ms arm=a12_eor vs=a07_slice10b arm_median=123.0045 reference_median=127.0280 delta=-4.0235 limit=5.0320 within=true
bound metric=ttft_ms arm=a12_eor vs=a07_slice10b arm_median=123.0000 reference_median=127.0000 delta=-4.0000 limit=5.0000 within=true
bound metric=peak_rss_bytes arm=a12_eor vs=a07_slice10b arm_median=3634823168 reference_median=3635314688 delta=-491520 limit=72706294 within=true
bound metric=peak_footprint_bytes arm=a12_eor vs=a07_slice10b arm_median=212134016 reference_median=216656448 delta=-4522432 limit=4333129 within=true
bound metric=peak_gpu_bytes arm=a12_eor vs=a07_slice10b arm_median=3386294272 reference_median=3386294272 delta=0 limit=67725885 within=true
bound metric=ms_per_token arm=a12_eor vs=a08_slice10b_fix arm_median=11.6030 reference_median=11.6455 delta=-0.0425 limit=0.2329 within=true
bound metric=prefill_ms arm=a12_eor vs=a08_slice10b_fix arm_median=123.0045 reference_median=132.0240 delta=-9.0195 limit=8.0310 within=true
bound metric=ttft_ms arm=a12_eor vs=a08_slice10b_fix arm_median=123.0000 reference_median=132.0000 delta=-9.0000 limit=8.0000 within=true
bound metric=peak_rss_bytes arm=a12_eor vs=a08_slice10b_fix arm_median=3634823168 reference_median=3635888128 delta=-1064960 limit=72717763 within=true
bound metric=peak_footprint_bytes arm=a12_eor vs=a08_slice10b_fix arm_median=212134016 reference_median=219408896 delta=-7274880 limit=4388178 within=true
bound metric=peak_gpu_bytes arm=a12_eor vs=a08_slice10b_fix arm_median=3386294272 reference_median=3386392576 delta=-98304 limit=67727852 within=true
bound metric=ms_per_token arm=a12_eor vs=a09_slice10c arm_median=11.6030 reference_median=11.6200 delta=-0.0170 limit=0.2324 within=true
bound metric=prefill_ms arm=a12_eor vs=a09_slice10c arm_median=123.0045 reference_median=122.9795 delta=0.0250 limit=2.4596 within=true
bound metric=ttft_ms arm=a12_eor vs=a09_slice10c arm_median=123.0000 reference_median=123.0000 delta=0.0000 limit=2.4600 within=true
bound metric=peak_rss_bytes arm=a12_eor vs=a09_slice10c arm_median=3634823168 reference_median=3628924928 delta=5898240 limit=72578499 within=true
bound metric=peak_footprint_bytes arm=a12_eor vs=a09_slice10c arm_median=212134016 reference_median=205482304 delta=6651712 limit=4109646 within=false
bound metric=peak_gpu_bytes arm=a12_eor vs=a09_slice10c arm_median=3386294272 reference_median=3386359808 delta=-65536 limit=67727196 within=true
bound metric=ms_per_token arm=a12_eor vs=a10_slice11 arm_median=11.6030 reference_median=11.6195 delta=-0.0165 limit=0.2324 within=true
bound metric=prefill_ms arm=a12_eor vs=a10_slice11 arm_median=123.0045 reference_median=123.0270 delta=-0.0225 limit=2.4605 within=true
bound metric=ttft_ms arm=a12_eor vs=a10_slice11 arm_median=123.0000 reference_median=123.0000 delta=0.0000 limit=2.4600 within=true
bound metric=peak_rss_bytes arm=a12_eor vs=a10_slice11 arm_median=3634823168 reference_median=3633381376 delta=1441792 limit=72667628 within=true
bound metric=peak_footprint_bytes arm=a12_eor vs=a10_slice11 arm_median=212134016 reference_median=212527360 delta=-393344 limit=4250547 within=true
bound metric=peak_gpu_bytes arm=a12_eor vs=a10_slice11 arm_median=3386294272 reference_median=3386343424 delta=-49152 limit=67726868 within=true
bound metric=ms_per_token arm=a12_eor vs=a11_slice12 arm_median=11.6030 reference_median=11.6070 delta=-0.0040 limit=0.2321 within=true
bound metric=prefill_ms arm=a12_eor vs=a11_slice12 arm_median=123.0045 reference_median=127.9710 delta=-4.9665 limit=5.9750 within=true
bound metric=ttft_ms arm=a12_eor vs=a11_slice12 arm_median=123.0000 reference_median=128.0000 delta=-5.0000 limit=6.0000 within=true
bound metric=peak_rss_bytes arm=a12_eor vs=a11_slice12 arm_median=3634823168 reference_median=3642933248 delta=-8110080 limit=72858665 within=true
bound metric=peak_footprint_bytes arm=a12_eor vs=a11_slice12 arm_median=212134016 reference_median=212920768 delta=-786752 limit=4258415 within=true
bound metric=peak_gpu_bytes arm=a12_eor vs=a11_slice12 arm_median=3386294272 reference_median=3386327040 delta=-32768 limit=67726541 within=true
bound metric=ms_per_token arm=a12_eor vs=llama-server arm_median=11.6030 reference_median=9.0281 delta=2.5749 limit=0.1806 within=false
bound metric=prefill_ms arm=a12_eor vs=llama-server arm_median=123.0045 reference_median=57.5710 delta=65.4335 limit=1.1514 within=false
bound metric=ttft_ms arm=a12_eor vs=llama-server arm_median=123.0000 reference_median=58.1197 delta=64.8803 limit=1.1624 within=false
bound metric=peak_rss_bytes arm=a12_eor vs=llama-server arm_median=3634823168 reference_median=3687579648 delta=-52756480 limit=73751593 within=true
bound metric=peak_footprint_bytes arm=a12_eor vs=llama-server arm_median=212134016 reference_median=169011456 delta=43122560 limit=3380229 within=false
bound metric=peak_gpu_bytes arm=a12_eor vs=llama-server n=0
bound metric=ms_per_token arm=a13_f76b4a97 vs=a00_0b_9f0647da arm_median=11.6150 reference_median=11.6225 delta=-0.0075 limit=0.2324 within=true
bound metric=prefill_ms arm=a13_f76b4a97 vs=a00_0b_9f0647da arm_median=122.9910 reference_median=124.9930 delta=-2.0020 limit=2.4999 within=true
bound metric=ttft_ms arm=a13_f76b4a97 vs=a00_0b_9f0647da n=0
bound metric=peak_rss_bytes arm=a13_f76b4a97 vs=a00_0b_9f0647da arm_median=3633332224 reference_median=3642458112 delta=-9125888 limit=72849162 within=true
bound metric=peak_footprint_bytes arm=a13_f76b4a97 vs=a00_0b_9f0647da arm_median=215493248 reference_median=225896768 delta=-10403520 limit=4517935 within=true
bound metric=peak_gpu_bytes arm=a13_f76b4a97 vs=a00_0b_9f0647da n=0
bound metric=ms_per_token arm=a13_f76b4a97 vs=a01_0c_152467a9 arm_median=11.6150 reference_median=11.6140 delta=0.0010 limit=0.2323 within=true
bound metric=prefill_ms arm=a13_f76b4a97 vs=a01_0c_152467a9 arm_median=122.9910 reference_median=123.9930 delta=-1.0020 limit=2.4799 within=true
bound metric=ttft_ms arm=a13_f76b4a97 vs=a01_0c_152467a9 arm_median=123.0000 reference_median=124.0000 delta=-1.0000 limit=2.4800 within=true
bound metric=peak_rss_bytes arm=a13_f76b4a97 vs=a01_0c_152467a9 arm_median=3633332224 reference_median=3645833216 delta=-12500992 limit=72916664 within=true
bound metric=peak_footprint_bytes arm=a13_f76b4a97 vs=a01_0c_152467a9 arm_median=215493248 reference_median=217442688 delta=-1949440 limit=4348854 within=true
bound metric=peak_gpu_bytes arm=a13_f76b4a97 vs=a01_0c_152467a9 arm_median=3386490880 reference_median=3387523072 delta=-1032192 limit=67750461 within=true
bound metric=ms_per_token arm=a13_f76b4a97 vs=a02_slice5 arm_median=11.6150 reference_median=11.7360 delta=-0.1210 limit=0.2347 within=true
bound metric=prefill_ms arm=a13_f76b4a97 vs=a02_slice5 arm_median=122.9910 reference_median=126.9975 delta=-4.0065 limit=5.0080 within=true
bound metric=ttft_ms arm=a13_f76b4a97 vs=a02_slice5 arm_median=123.0000 reference_median=127.0000 delta=-4.0000 limit=5.0000 within=true
bound metric=peak_rss_bytes arm=a13_f76b4a97 vs=a02_slice5 arm_median=3633332224 reference_median=3646291968 delta=-12959744 limit=72925839 within=true
bound metric=peak_footprint_bytes arm=a13_f76b4a97 vs=a02_slice5 arm_median=215493248 reference_median=218130816 delta=-2637568 limit=4362616 within=true
bound metric=peak_gpu_bytes arm=a13_f76b4a97 vs=a02_slice5 arm_median=3386490880 reference_median=3387539456 delta=-1048576 limit=67750789 within=true
bound metric=ms_per_token arm=a13_f76b4a97 vs=a03_slice6 arm_median=11.6150 reference_median=11.5930 delta=0.0220 limit=0.2319 within=true
bound metric=prefill_ms arm=a13_f76b4a97 vs=a03_slice6 arm_median=122.9910 reference_median=130.0260 delta=-7.0350 limit=7.0330 within=true
bound metric=ttft_ms arm=a13_f76b4a97 vs=a03_slice6 arm_median=123.0000 reference_median=130.0000 delta=-7.0000 limit=7.0000 within=true
bound metric=peak_rss_bytes arm=a13_f76b4a97 vs=a03_slice6 arm_median=3633332224 reference_median=3648700416 delta=-15368192 limit=72974008 within=true
bound metric=peak_footprint_bytes arm=a13_f76b4a97 vs=a03_slice6 arm_median=215493248 reference_median=213608640 delta=1884608 limit=4272173 within=true
bound metric=peak_gpu_bytes arm=a13_f76b4a97 vs=a03_slice6 arm_median=3386490880 reference_median=3387506688 delta=-1015808 limit=67750134 within=true
bound metric=ms_per_token arm=a13_f76b4a97 vs=a04_slice7 arm_median=11.6150 reference_median=11.6850 delta=-0.0700 limit=0.2337 within=true
bound metric=prefill_ms arm=a13_f76b4a97 vs=a04_slice7 arm_median=122.9910 reference_median=128.9990 delta=-6.0080 limit=6.0090 within=true
bound metric=ttft_ms arm=a13_f76b4a97 vs=a04_slice7 arm_median=123.0000 reference_median=129.0000 delta=-6.0000 limit=6.0000 within=true
bound metric=peak_rss_bytes arm=a13_f76b4a97 vs=a04_slice7 arm_median=3633332224 reference_median=3636396032 delta=-3063808 limit=72727921 within=true
bound metric=peak_footprint_bytes arm=a13_f76b4a97 vs=a04_slice7 arm_median=215493248 reference_median=221849664 delta=-6356416 limit=4436993 within=true
bound metric=peak_gpu_bytes arm=a13_f76b4a97 vs=a04_slice7 arm_median=3386490880 reference_median=3387506688 delta=-1015808 limit=67750134 within=true
bound metric=ms_per_token arm=a13_f76b4a97 vs=a05_slice8 arm_median=11.6150 reference_median=11.6975 delta=-0.0825 limit=0.2339 within=true
bound metric=prefill_ms arm=a13_f76b4a97 vs=a05_slice8 arm_median=122.9910 reference_median=127.0080 delta=-4.0170 limit=5.0000 within=true
bound metric=ttft_ms arm=a13_f76b4a97 vs=a05_slice8 arm_median=123.0000 reference_median=127.0000 delta=-4.0000 limit=5.0000 within=true
bound metric=peak_rss_bytes arm=a13_f76b4a97 vs=a05_slice8 arm_median=3633332224 reference_median=3640623104 delta=-7290880 limit=72812462 within=true
bound metric=peak_footprint_bytes arm=a13_f76b4a97 vs=a05_slice8 arm_median=215493248 reference_median=216410304 delta=-917056 limit=4328206 within=true
bound metric=peak_gpu_bytes arm=a13_f76b4a97 vs=a05_slice8 arm_median=3386490880 reference_median=3386408960 delta=81920 limit=67728179 within=true
bound metric=ms_per_token arm=a13_f76b4a97 vs=a06_slice9 arm_median=11.6150 reference_median=11.6570 delta=-0.0420 limit=0.2331 within=true
bound metric=prefill_ms arm=a13_f76b4a97 vs=a06_slice9 arm_median=122.9910 reference_median=126.9920 delta=-4.0010 limit=3.9950 within=true
bound metric=ttft_ms arm=a13_f76b4a97 vs=a06_slice9 arm_median=123.0000 reference_median=127.0000 delta=-4.0000 limit=4.0000 within=true
bound metric=peak_rss_bytes arm=a13_f76b4a97 vs=a06_slice9 arm_median=3633332224 reference_median=3629006848 delta=4325376 limit=72580137 within=true
bound metric=peak_footprint_bytes arm=a13_f76b4a97 vs=a06_slice9 arm_median=215493248 reference_median=212166848 delta=3326400 limit=4243337 within=true
bound metric=peak_gpu_bytes arm=a13_f76b4a97 vs=a06_slice9 arm_median=3386490880 reference_median=3386277888 delta=212992 limit=67725558 within=true
bound metric=ms_per_token arm=a13_f76b4a97 vs=a07_slice10b arm_median=11.6150 reference_median=11.6180 delta=-0.0030 limit=0.2324 within=true
bound metric=prefill_ms arm=a13_f76b4a97 vs=a07_slice10b arm_median=122.9910 reference_median=127.0280 delta=-4.0370 limit=5.0320 within=true
bound metric=ttft_ms arm=a13_f76b4a97 vs=a07_slice10b arm_median=123.0000 reference_median=127.0000 delta=-4.0000 limit=5.0000 within=true
bound metric=peak_rss_bytes arm=a13_f76b4a97 vs=a07_slice10b arm_median=3633332224 reference_median=3635314688 delta=-1982464 limit=72706294 within=true
bound metric=peak_footprint_bytes arm=a13_f76b4a97 vs=a07_slice10b arm_median=215493248 reference_median=216656448 delta=-1163200 limit=4333129 within=true
bound metric=peak_gpu_bytes arm=a13_f76b4a97 vs=a07_slice10b arm_median=3386490880 reference_median=3386294272 delta=196608 limit=67725885 within=true
bound metric=ms_per_token arm=a13_f76b4a97 vs=a08_slice10b_fix arm_median=11.6150 reference_median=11.6455 delta=-0.0305 limit=0.2329 within=true
bound metric=prefill_ms arm=a13_f76b4a97 vs=a08_slice10b_fix arm_median=122.9910 reference_median=132.0240 delta=-9.0330 limit=8.0310 within=true
bound metric=ttft_ms arm=a13_f76b4a97 vs=a08_slice10b_fix arm_median=123.0000 reference_median=132.0000 delta=-9.0000 limit=8.0000 within=true
bound metric=peak_rss_bytes arm=a13_f76b4a97 vs=a08_slice10b_fix arm_median=3633332224 reference_median=3635888128 delta=-2555904 limit=72717763 within=true
bound metric=peak_footprint_bytes arm=a13_f76b4a97 vs=a08_slice10b_fix arm_median=215493248 reference_median=219408896 delta=-3915648 limit=4388178 within=true
bound metric=peak_gpu_bytes arm=a13_f76b4a97 vs=a08_slice10b_fix arm_median=3386490880 reference_median=3386392576 delta=98304 limit=67727852 within=true
bound metric=ms_per_token arm=a13_f76b4a97 vs=a09_slice10c arm_median=11.6150 reference_median=11.6200 delta=-0.0050 limit=0.2324 within=true
bound metric=prefill_ms arm=a13_f76b4a97 vs=a09_slice10c arm_median=122.9910 reference_median=122.9795 delta=0.0115 limit=2.4596 within=true
bound metric=ttft_ms arm=a13_f76b4a97 vs=a09_slice10c arm_median=123.0000 reference_median=123.0000 delta=0.0000 limit=2.4600 within=true
bound metric=peak_rss_bytes arm=a13_f76b4a97 vs=a09_slice10c arm_median=3633332224 reference_median=3628924928 delta=4407296 limit=72578499 within=true
bound metric=peak_footprint_bytes arm=a13_f76b4a97 vs=a09_slice10c arm_median=215493248 reference_median=205482304 delta=10010944 limit=4109646 within=false
bound metric=peak_gpu_bytes arm=a13_f76b4a97 vs=a09_slice10c arm_median=3386490880 reference_median=3386359808 delta=131072 limit=67727196 within=true
bound metric=ms_per_token arm=a13_f76b4a97 vs=a10_slice11 arm_median=11.6150 reference_median=11.6195 delta=-0.0045 limit=0.2324 within=true
bound metric=prefill_ms arm=a13_f76b4a97 vs=a10_slice11 arm_median=122.9910 reference_median=123.0270 delta=-0.0360 limit=2.4605 within=true
bound metric=ttft_ms arm=a13_f76b4a97 vs=a10_slice11 arm_median=123.0000 reference_median=123.0000 delta=0.0000 limit=2.4600 within=true
bound metric=peak_rss_bytes arm=a13_f76b4a97 vs=a10_slice11 arm_median=3633332224 reference_median=3633381376 delta=-49152 limit=72667628 within=true
bound metric=peak_footprint_bytes arm=a13_f76b4a97 vs=a10_slice11 arm_median=215493248 reference_median=212527360 delta=2965888 limit=4250547 within=true
bound metric=peak_gpu_bytes arm=a13_f76b4a97 vs=a10_slice11 arm_median=3386490880 reference_median=3386343424 delta=147456 limit=67726868 within=true
bound metric=ms_per_token arm=a13_f76b4a97 vs=a11_slice12 arm_median=11.6150 reference_median=11.6070 delta=0.0080 limit=0.2321 within=true
bound metric=prefill_ms arm=a13_f76b4a97 vs=a11_slice12 arm_median=122.9910 reference_median=127.9710 delta=-4.9800 limit=5.9750 within=true
bound metric=ttft_ms arm=a13_f76b4a97 vs=a11_slice12 arm_median=123.0000 reference_median=128.0000 delta=-5.0000 limit=6.0000 within=true
bound metric=peak_rss_bytes arm=a13_f76b4a97 vs=a11_slice12 arm_median=3633332224 reference_median=3642933248 delta=-9601024 limit=72858665 within=true
bound metric=peak_footprint_bytes arm=a13_f76b4a97 vs=a11_slice12 arm_median=215493248 reference_median=212920768 delta=2572480 limit=4258415 within=true
bound metric=peak_gpu_bytes arm=a13_f76b4a97 vs=a11_slice12 arm_median=3386490880 reference_median=3386327040 delta=163840 limit=67726541 within=true
bound metric=ms_per_token arm=a13_f76b4a97 vs=a12_eor arm_median=11.6150 reference_median=11.6030 delta=0.0120 limit=0.2321 within=true
bound metric=prefill_ms arm=a13_f76b4a97 vs=a12_eor arm_median=122.9910 reference_median=123.0045 delta=-0.0135 limit=2.4601 within=true
bound metric=ttft_ms arm=a13_f76b4a97 vs=a12_eor arm_median=123.0000 reference_median=123.0000 delta=0.0000 limit=2.4600 within=true
bound metric=peak_rss_bytes arm=a13_f76b4a97 vs=a12_eor arm_median=3633332224 reference_median=3634823168 delta=-1490944 limit=72696463 within=true
bound metric=peak_footprint_bytes arm=a13_f76b4a97 vs=a12_eor arm_median=215493248 reference_median=212134016 delta=3359232 limit=4242680 within=true
bound metric=peak_gpu_bytes arm=a13_f76b4a97 vs=a12_eor arm_median=3386490880 reference_median=3386294272 delta=196608 limit=67725885 within=true
bound metric=ms_per_token arm=a13_f76b4a97 vs=llama-server arm_median=11.6150 reference_median=9.0281 delta=2.5869 limit=0.1806 within=false
bound metric=prefill_ms arm=a13_f76b4a97 vs=llama-server arm_median=122.9910 reference_median=57.5710 delta=65.4200 limit=1.1514 within=false
bound metric=ttft_ms arm=a13_f76b4a97 vs=llama-server arm_median=123.0000 reference_median=58.1197 delta=64.8803 limit=1.1624 within=false
bound metric=peak_rss_bytes arm=a13_f76b4a97 vs=llama-server arm_median=3633332224 reference_median=3687579648 delta=-54247424 limit=73751593 within=true
bound metric=peak_footprint_bytes arm=a13_f76b4a97 vs=llama-server arm_median=215493248 reference_median=169011456 delta=46481792 limit=3380229 within=false
bound metric=peak_gpu_bytes arm=a13_f76b4a97 vs=llama-server n=0
bound metric=ms_per_token arm=a14_tip_s1 vs=a00_0b_9f0647da arm_median=11.5840 reference_median=11.6225 delta=-0.0385 limit=0.2324 within=true
bound metric=prefill_ms arm=a14_tip_s1 vs=a00_0b_9f0647da arm_median=126.9920 reference_median=124.9930 delta=1.9990 limit=2.4999 within=true
bound metric=ttft_ms arm=a14_tip_s1 vs=a00_0b_9f0647da n=0
bound metric=peak_rss_bytes arm=a14_tip_s1 vs=a00_0b_9f0647da arm_median=3620536320 reference_median=3642458112 delta=-21921792 limit=72849162 within=true
bound metric=peak_footprint_bytes arm=a14_tip_s1 vs=a00_0b_9f0647da arm_median=204073152 reference_median=225896768 delta=-21823616 limit=4517935 within=true
bound metric=peak_gpu_bytes arm=a14_tip_s1 vs=a00_0b_9f0647da n=0
bound metric=ms_per_token arm=a14_tip_s1 vs=a01_0c_152467a9 arm_median=11.5840 reference_median=11.6140 delta=-0.0300 limit=0.2323 within=true
bound metric=prefill_ms arm=a14_tip_s1 vs=a01_0c_152467a9 arm_median=126.9920 reference_median=123.9930 delta=2.9990 limit=2.4799 within=false
bound metric=ttft_ms arm=a14_tip_s1 vs=a01_0c_152467a9 arm_median=127.0000 reference_median=124.0000 delta=3.0000 limit=2.4800 within=false
bound metric=peak_rss_bytes arm=a14_tip_s1 vs=a01_0c_152467a9 arm_median=3620536320 reference_median=3645833216 delta=-25296896 limit=72916664 within=true
bound metric=peak_footprint_bytes arm=a14_tip_s1 vs=a01_0c_152467a9 arm_median=204073152 reference_median=217442688 delta=-13369536 limit=4348854 within=true
bound metric=peak_gpu_bytes arm=a14_tip_s1 vs=a01_0c_152467a9 arm_median=3386392576 reference_median=3387523072 delta=-1130496 limit=67750461 within=true
bound metric=ms_per_token arm=a14_tip_s1 vs=a02_slice5 arm_median=11.5840 reference_median=11.7360 delta=-0.1520 limit=0.2347 within=true
bound metric=prefill_ms arm=a14_tip_s1 vs=a02_slice5 arm_median=126.9920 reference_median=126.9975 delta=-0.0055 limit=5.0080 within=true
bound metric=ttft_ms arm=a14_tip_s1 vs=a02_slice5 arm_median=127.0000 reference_median=127.0000 delta=0.0000 limit=5.0000 within=true
bound metric=peak_rss_bytes arm=a14_tip_s1 vs=a02_slice5 arm_median=3620536320 reference_median=3646291968 delta=-25755648 limit=72925839 within=true
bound metric=peak_footprint_bytes arm=a14_tip_s1 vs=a02_slice5 arm_median=204073152 reference_median=218130816 delta=-14057664 limit=4362616 within=true
bound metric=peak_gpu_bytes arm=a14_tip_s1 vs=a02_slice5 arm_median=3386392576 reference_median=3387539456 delta=-1146880 limit=67750789 within=true
bound metric=ms_per_token arm=a14_tip_s1 vs=a03_slice6 arm_median=11.5840 reference_median=11.5930 delta=-0.0090 limit=0.2319 within=true
bound metric=prefill_ms arm=a14_tip_s1 vs=a03_slice6 arm_median=126.9920 reference_median=130.0260 delta=-3.0340 limit=7.0330 within=true
bound metric=ttft_ms arm=a14_tip_s1 vs=a03_slice6 arm_median=127.0000 reference_median=130.0000 delta=-3.0000 limit=7.0000 within=true
bound metric=peak_rss_bytes arm=a14_tip_s1 vs=a03_slice6 arm_median=3620536320 reference_median=3648700416 delta=-28164096 limit=72974008 within=true
bound metric=peak_footprint_bytes arm=a14_tip_s1 vs=a03_slice6 arm_median=204073152 reference_median=213608640 delta=-9535488 limit=4272173 within=true
bound metric=peak_gpu_bytes arm=a14_tip_s1 vs=a03_slice6 arm_median=3386392576 reference_median=3387506688 delta=-1114112 limit=67750134 within=true
bound metric=ms_per_token arm=a14_tip_s1 vs=a04_slice7 arm_median=11.5840 reference_median=11.6850 delta=-0.1010 limit=0.2337 within=true
bound metric=prefill_ms arm=a14_tip_s1 vs=a04_slice7 arm_median=126.9920 reference_median=128.9990 delta=-2.0070 limit=6.0090 within=true
bound metric=ttft_ms arm=a14_tip_s1 vs=a04_slice7 arm_median=127.0000 reference_median=129.0000 delta=-2.0000 limit=6.0000 within=true
bound metric=peak_rss_bytes arm=a14_tip_s1 vs=a04_slice7 arm_median=3620536320 reference_median=3636396032 delta=-15859712 limit=72727921 within=true
bound metric=peak_footprint_bytes arm=a14_tip_s1 vs=a04_slice7 arm_median=204073152 reference_median=221849664 delta=-17776512 limit=4436993 within=true
bound metric=peak_gpu_bytes arm=a14_tip_s1 vs=a04_slice7 arm_median=3386392576 reference_median=3387506688 delta=-1114112 limit=67750134 within=true
bound metric=ms_per_token arm=a14_tip_s1 vs=a05_slice8 arm_median=11.5840 reference_median=11.6975 delta=-0.1135 limit=0.2339 within=true
bound metric=prefill_ms arm=a14_tip_s1 vs=a05_slice8 arm_median=126.9920 reference_median=127.0080 delta=-0.0160 limit=5.0000 within=true
bound metric=ttft_ms arm=a14_tip_s1 vs=a05_slice8 arm_median=127.0000 reference_median=127.0000 delta=0.0000 limit=5.0000 within=true
bound metric=peak_rss_bytes arm=a14_tip_s1 vs=a05_slice8 arm_median=3620536320 reference_median=3640623104 delta=-20086784 limit=72812462 within=true
bound metric=peak_footprint_bytes arm=a14_tip_s1 vs=a05_slice8 arm_median=204073152 reference_median=216410304 delta=-12337152 limit=4328206 within=true
bound metric=peak_gpu_bytes arm=a14_tip_s1 vs=a05_slice8 arm_median=3386392576 reference_median=3386408960 delta=-16384 limit=67728179 within=true
bound metric=ms_per_token arm=a14_tip_s1 vs=a06_slice9 arm_median=11.5840 reference_median=11.6570 delta=-0.0730 limit=0.2331 within=true
bound metric=prefill_ms arm=a14_tip_s1 vs=a06_slice9 arm_median=126.9920 reference_median=126.9920 delta=0.0000 limit=3.9950 within=true
bound metric=ttft_ms arm=a14_tip_s1 vs=a06_slice9 arm_median=127.0000 reference_median=127.0000 delta=0.0000 limit=4.0000 within=true
bound metric=peak_rss_bytes arm=a14_tip_s1 vs=a06_slice9 arm_median=3620536320 reference_median=3629006848 delta=-8470528 limit=72580137 within=true
bound metric=peak_footprint_bytes arm=a14_tip_s1 vs=a06_slice9 arm_median=204073152 reference_median=212166848 delta=-8093696 limit=4243337 within=true
bound metric=peak_gpu_bytes arm=a14_tip_s1 vs=a06_slice9 arm_median=3386392576 reference_median=3386277888 delta=114688 limit=67725558 within=true
bound metric=ms_per_token arm=a14_tip_s1 vs=a07_slice10b arm_median=11.5840 reference_median=11.6180 delta=-0.0340 limit=0.2324 within=true
bound metric=prefill_ms arm=a14_tip_s1 vs=a07_slice10b arm_median=126.9920 reference_median=127.0280 delta=-0.0360 limit=5.0320 within=true
bound metric=ttft_ms arm=a14_tip_s1 vs=a07_slice10b arm_median=127.0000 reference_median=127.0000 delta=0.0000 limit=5.0000 within=true
bound metric=peak_rss_bytes arm=a14_tip_s1 vs=a07_slice10b arm_median=3620536320 reference_median=3635314688 delta=-14778368 limit=72706294 within=true
bound metric=peak_footprint_bytes arm=a14_tip_s1 vs=a07_slice10b arm_median=204073152 reference_median=216656448 delta=-12583296 limit=4333129 within=true
bound metric=peak_gpu_bytes arm=a14_tip_s1 vs=a07_slice10b arm_median=3386392576 reference_median=3386294272 delta=98304 limit=67725885 within=true
bound metric=ms_per_token arm=a14_tip_s1 vs=a08_slice10b_fix arm_median=11.5840 reference_median=11.6455 delta=-0.0615 limit=0.2329 within=true
bound metric=prefill_ms arm=a14_tip_s1 vs=a08_slice10b_fix arm_median=126.9920 reference_median=132.0240 delta=-5.0320 limit=8.0310 within=true
bound metric=ttft_ms arm=a14_tip_s1 vs=a08_slice10b_fix arm_median=127.0000 reference_median=132.0000 delta=-5.0000 limit=8.0000 within=true
bound metric=peak_rss_bytes arm=a14_tip_s1 vs=a08_slice10b_fix arm_median=3620536320 reference_median=3635888128 delta=-15351808 limit=72717763 within=true
bound metric=peak_footprint_bytes arm=a14_tip_s1 vs=a08_slice10b_fix arm_median=204073152 reference_median=219408896 delta=-15335744 limit=4388178 within=true
bound metric=peak_gpu_bytes arm=a14_tip_s1 vs=a08_slice10b_fix arm_median=3386392576 reference_median=3386392576 delta=0 limit=67727852 within=true
bound metric=ms_per_token arm=a14_tip_s1 vs=a09_slice10c arm_median=11.5840 reference_median=11.6200 delta=-0.0360 limit=0.2324 within=true
bound metric=prefill_ms arm=a14_tip_s1 vs=a09_slice10c arm_median=126.9920 reference_median=122.9795 delta=4.0125 limit=2.4596 within=false
bound metric=ttft_ms arm=a14_tip_s1 vs=a09_slice10c arm_median=127.0000 reference_median=123.0000 delta=4.0000 limit=2.4600 within=false
bound metric=peak_rss_bytes arm=a14_tip_s1 vs=a09_slice10c arm_median=3620536320 reference_median=3628924928 delta=-8388608 limit=72578499 within=true
bound metric=peak_footprint_bytes arm=a14_tip_s1 vs=a09_slice10c arm_median=204073152 reference_median=205482304 delta=-1409152 limit=4109646 within=true
bound metric=peak_gpu_bytes arm=a14_tip_s1 vs=a09_slice10c arm_median=3386392576 reference_median=3386359808 delta=32768 limit=67727196 within=true
bound metric=ms_per_token arm=a14_tip_s1 vs=a10_slice11 arm_median=11.5840 reference_median=11.6195 delta=-0.0355 limit=0.2324 within=true
bound metric=prefill_ms arm=a14_tip_s1 vs=a10_slice11 arm_median=126.9920 reference_median=123.0270 delta=3.9650 limit=2.4605 within=false
bound metric=ttft_ms arm=a14_tip_s1 vs=a10_slice11 arm_median=127.0000 reference_median=123.0000 delta=4.0000 limit=2.4600 within=false
bound metric=peak_rss_bytes arm=a14_tip_s1 vs=a10_slice11 arm_median=3620536320 reference_median=3633381376 delta=-12845056 limit=72667628 within=true
bound metric=peak_footprint_bytes arm=a14_tip_s1 vs=a10_slice11 arm_median=204073152 reference_median=212527360 delta=-8454208 limit=4250547 within=true
bound metric=peak_gpu_bytes arm=a14_tip_s1 vs=a10_slice11 arm_median=3386392576 reference_median=3386343424 delta=49152 limit=67726868 within=true
bound metric=ms_per_token arm=a14_tip_s1 vs=a11_slice12 arm_median=11.5840 reference_median=11.6070 delta=-0.0230 limit=0.2321 within=true
bound metric=prefill_ms arm=a14_tip_s1 vs=a11_slice12 arm_median=126.9920 reference_median=127.9710 delta=-0.9790 limit=5.9750 within=true
bound metric=ttft_ms arm=a14_tip_s1 vs=a11_slice12 arm_median=127.0000 reference_median=128.0000 delta=-1.0000 limit=6.0000 within=true
bound metric=peak_rss_bytes arm=a14_tip_s1 vs=a11_slice12 arm_median=3620536320 reference_median=3642933248 delta=-22396928 limit=72858665 within=true
bound metric=peak_footprint_bytes arm=a14_tip_s1 vs=a11_slice12 arm_median=204073152 reference_median=212920768 delta=-8847616 limit=4258415 within=true
bound metric=peak_gpu_bytes arm=a14_tip_s1 vs=a11_slice12 arm_median=3386392576 reference_median=3386327040 delta=65536 limit=67726541 within=true
bound metric=ms_per_token arm=a14_tip_s1 vs=a12_eor arm_median=11.5840 reference_median=11.6030 delta=-0.0190 limit=0.2321 within=true
bound metric=prefill_ms arm=a14_tip_s1 vs=a12_eor arm_median=126.9920 reference_median=123.0045 delta=3.9875 limit=2.4601 within=false
bound metric=ttft_ms arm=a14_tip_s1 vs=a12_eor arm_median=127.0000 reference_median=123.0000 delta=4.0000 limit=2.4600 within=false
bound metric=peak_rss_bytes arm=a14_tip_s1 vs=a12_eor arm_median=3620536320 reference_median=3634823168 delta=-14286848 limit=72696463 within=true
bound metric=peak_footprint_bytes arm=a14_tip_s1 vs=a12_eor arm_median=204073152 reference_median=212134016 delta=-8060864 limit=4242680 within=true
bound metric=peak_gpu_bytes arm=a14_tip_s1 vs=a12_eor arm_median=3386392576 reference_median=3386294272 delta=98304 limit=67725885 within=true
bound metric=ms_per_token arm=a14_tip_s1 vs=a13_f76b4a97 arm_median=11.5840 reference_median=11.6150 delta=-0.0310 limit=0.2323 within=true
bound metric=prefill_ms arm=a14_tip_s1 vs=a13_f76b4a97 arm_median=126.9920 reference_median=122.9910 delta=4.0010 limit=2.4598 within=false
bound metric=ttft_ms arm=a14_tip_s1 vs=a13_f76b4a97 arm_median=127.0000 reference_median=123.0000 delta=4.0000 limit=2.4600 within=false
bound metric=peak_rss_bytes arm=a14_tip_s1 vs=a13_f76b4a97 arm_median=3620536320 reference_median=3633332224 delta=-12795904 limit=72666644 within=true
bound metric=peak_footprint_bytes arm=a14_tip_s1 vs=a13_f76b4a97 arm_median=204073152 reference_median=215493248 delta=-11420096 limit=4309865 within=true
bound metric=peak_gpu_bytes arm=a14_tip_s1 vs=a13_f76b4a97 arm_median=3386392576 reference_median=3386490880 delta=-98304 limit=67729818 within=true
bound metric=ms_per_token arm=a14_tip_s1 vs=llama-server arm_median=11.5840 reference_median=9.0281 delta=2.5559 limit=0.1806 within=false
bound metric=prefill_ms arm=a14_tip_s1 vs=llama-server arm_median=126.9920 reference_median=57.5710 delta=69.4210 limit=1.1514 within=false
bound metric=ttft_ms arm=a14_tip_s1 vs=llama-server arm_median=127.0000 reference_median=58.1197 delta=68.8803 limit=1.1624 within=false
bound metric=peak_rss_bytes arm=a14_tip_s1 vs=llama-server arm_median=3620536320 reference_median=3687579648 delta=-67043328 limit=73751593 within=true
bound metric=peak_footprint_bytes arm=a14_tip_s1 vs=llama-server arm_median=204073152 reference_median=169011456 delta=35061696 limit=3380229 within=false
bound metric=peak_gpu_bytes arm=a14_tip_s1 vs=llama-server n=0
bound metric=ms_per_token arm=a15_s2_mml vs=a00_0b_9f0647da arm_median=11.5620 reference_median=11.6225 delta=-0.0605 limit=0.2324 within=true
bound metric=prefill_ms arm=a15_s2_mml vs=a00_0b_9f0647da arm_median=124.9900 reference_median=124.9930 delta=-0.0030 limit=2.4999 within=true
bound metric=ttft_ms arm=a15_s2_mml vs=a00_0b_9f0647da n=0
bound metric=peak_rss_bytes arm=a15_s2_mml vs=a00_0b_9f0647da arm_median=3626369024 reference_median=3642458112 delta=-16089088 limit=72849162 within=true
bound metric=peak_footprint_bytes arm=a15_s2_mml vs=a00_0b_9f0647da arm_median=202942720 reference_median=225896768 delta=-22954048 limit=4517935 within=true
bound metric=peak_gpu_bytes arm=a15_s2_mml vs=a00_0b_9f0647da n=0
bound metric=ms_per_token arm=a15_s2_mml vs=a01_0c_152467a9 arm_median=11.5620 reference_median=11.6140 delta=-0.0520 limit=0.2323 within=true
bound metric=prefill_ms arm=a15_s2_mml vs=a01_0c_152467a9 arm_median=124.9900 reference_median=123.9930 delta=0.9970 limit=2.4799 within=true
bound metric=ttft_ms arm=a15_s2_mml vs=a01_0c_152467a9 arm_median=125.0000 reference_median=124.0000 delta=1.0000 limit=2.4800 within=true
bound metric=peak_rss_bytes arm=a15_s2_mml vs=a01_0c_152467a9 arm_median=3626369024 reference_median=3645833216 delta=-19464192 limit=72916664 within=true
bound metric=peak_footprint_bytes arm=a15_s2_mml vs=a01_0c_152467a9 arm_median=202942720 reference_median=217442688 delta=-14499968 limit=4348854 within=true
bound metric=peak_gpu_bytes arm=a15_s2_mml vs=a01_0c_152467a9 arm_median=3386425344 reference_median=3387523072 delta=-1097728 limit=67750461 within=true
bound metric=ms_per_token arm=a15_s2_mml vs=a02_slice5 arm_median=11.5620 reference_median=11.7360 delta=-0.1740 limit=0.2347 within=true
bound metric=prefill_ms arm=a15_s2_mml vs=a02_slice5 arm_median=124.9900 reference_median=126.9975 delta=-2.0075 limit=5.0080 within=true
bound metric=ttft_ms arm=a15_s2_mml vs=a02_slice5 arm_median=125.0000 reference_median=127.0000 delta=-2.0000 limit=5.0000 within=true
bound metric=peak_rss_bytes arm=a15_s2_mml vs=a02_slice5 arm_median=3626369024 reference_median=3646291968 delta=-19922944 limit=72925839 within=true
bound metric=peak_footprint_bytes arm=a15_s2_mml vs=a02_slice5 arm_median=202942720 reference_median=218130816 delta=-15188096 limit=4362616 within=true
bound metric=peak_gpu_bytes arm=a15_s2_mml vs=a02_slice5 arm_median=3386425344 reference_median=3387539456 delta=-1114112 limit=67750789 within=true
bound metric=ms_per_token arm=a15_s2_mml vs=a03_slice6 arm_median=11.5620 reference_median=11.5930 delta=-0.0310 limit=0.2319 within=true
bound metric=prefill_ms arm=a15_s2_mml vs=a03_slice6 arm_median=124.9900 reference_median=130.0260 delta=-5.0360 limit=7.0330 within=true
bound metric=ttft_ms arm=a15_s2_mml vs=a03_slice6 arm_median=125.0000 reference_median=130.0000 delta=-5.0000 limit=7.0000 within=true
bound metric=peak_rss_bytes arm=a15_s2_mml vs=a03_slice6 arm_median=3626369024 reference_median=3648700416 delta=-22331392 limit=72974008 within=true
bound metric=peak_footprint_bytes arm=a15_s2_mml vs=a03_slice6 arm_median=202942720 reference_median=213608640 delta=-10665920 limit=4272173 within=true
bound metric=peak_gpu_bytes arm=a15_s2_mml vs=a03_slice6 arm_median=3386425344 reference_median=3387506688 delta=-1081344 limit=67750134 within=true
bound metric=ms_per_token arm=a15_s2_mml vs=a04_slice7 arm_median=11.5620 reference_median=11.6850 delta=-0.1230 limit=0.2337 within=true
bound metric=prefill_ms arm=a15_s2_mml vs=a04_slice7 arm_median=124.9900 reference_median=128.9990 delta=-4.0090 limit=6.0090 within=true
bound metric=ttft_ms arm=a15_s2_mml vs=a04_slice7 arm_median=125.0000 reference_median=129.0000 delta=-4.0000 limit=6.0000 within=true
bound metric=peak_rss_bytes arm=a15_s2_mml vs=a04_slice7 arm_median=3626369024 reference_median=3636396032 delta=-10027008 limit=72727921 within=true
bound metric=peak_footprint_bytes arm=a15_s2_mml vs=a04_slice7 arm_median=202942720 reference_median=221849664 delta=-18906944 limit=4436993 within=true
bound metric=peak_gpu_bytes arm=a15_s2_mml vs=a04_slice7 arm_median=3386425344 reference_median=3387506688 delta=-1081344 limit=67750134 within=true
bound metric=ms_per_token arm=a15_s2_mml vs=a05_slice8 arm_median=11.5620 reference_median=11.6975 delta=-0.1355 limit=0.2339 within=true
bound metric=prefill_ms arm=a15_s2_mml vs=a05_slice8 arm_median=124.9900 reference_median=127.0080 delta=-2.0180 limit=5.0000 within=true
bound metric=ttft_ms arm=a15_s2_mml vs=a05_slice8 arm_median=125.0000 reference_median=127.0000 delta=-2.0000 limit=5.0000 within=true
bound metric=peak_rss_bytes arm=a15_s2_mml vs=a05_slice8 arm_median=3626369024 reference_median=3640623104 delta=-14254080 limit=72812462 within=true
bound metric=peak_footprint_bytes arm=a15_s2_mml vs=a05_slice8 arm_median=202942720 reference_median=216410304 delta=-13467584 limit=4328206 within=true
bound metric=peak_gpu_bytes arm=a15_s2_mml vs=a05_slice8 arm_median=3386425344 reference_median=3386408960 delta=16384 limit=67728179 within=true
bound metric=ms_per_token arm=a15_s2_mml vs=a06_slice9 arm_median=11.5620 reference_median=11.6570 delta=-0.0950 limit=0.2331 within=true
bound metric=prefill_ms arm=a15_s2_mml vs=a06_slice9 arm_median=124.9900 reference_median=126.9920 delta=-2.0020 limit=3.9950 within=true
bound metric=ttft_ms arm=a15_s2_mml vs=a06_slice9 arm_median=125.0000 reference_median=127.0000 delta=-2.0000 limit=4.0000 within=true
bound metric=peak_rss_bytes arm=a15_s2_mml vs=a06_slice9 arm_median=3626369024 reference_median=3629006848 delta=-2637824 limit=72580137 within=true
bound metric=peak_footprint_bytes arm=a15_s2_mml vs=a06_slice9 arm_median=202942720 reference_median=212166848 delta=-9224128 limit=4243337 within=true
bound metric=peak_gpu_bytes arm=a15_s2_mml vs=a06_slice9 arm_median=3386425344 reference_median=3386277888 delta=147456 limit=67725558 within=true
bound metric=ms_per_token arm=a15_s2_mml vs=a07_slice10b arm_median=11.5620 reference_median=11.6180 delta=-0.0560 limit=0.2324 within=true
bound metric=prefill_ms arm=a15_s2_mml vs=a07_slice10b arm_median=124.9900 reference_median=127.0280 delta=-2.0380 limit=5.0320 within=true
bound metric=ttft_ms arm=a15_s2_mml vs=a07_slice10b arm_median=125.0000 reference_median=127.0000 delta=-2.0000 limit=5.0000 within=true
bound metric=peak_rss_bytes arm=a15_s2_mml vs=a07_slice10b arm_median=3626369024 reference_median=3635314688 delta=-8945664 limit=72706294 within=true
bound metric=peak_footprint_bytes arm=a15_s2_mml vs=a07_slice10b arm_median=202942720 reference_median=216656448 delta=-13713728 limit=4333129 within=true
bound metric=peak_gpu_bytes arm=a15_s2_mml vs=a07_slice10b arm_median=3386425344 reference_median=3386294272 delta=131072 limit=67725885 within=true
bound metric=ms_per_token arm=a15_s2_mml vs=a08_slice10b_fix arm_median=11.5620 reference_median=11.6455 delta=-0.0835 limit=0.2329 within=true
bound metric=prefill_ms arm=a15_s2_mml vs=a08_slice10b_fix arm_median=124.9900 reference_median=132.0240 delta=-7.0340 limit=8.0310 within=true
bound metric=ttft_ms arm=a15_s2_mml vs=a08_slice10b_fix arm_median=125.0000 reference_median=132.0000 delta=-7.0000 limit=8.0000 within=true
bound metric=peak_rss_bytes arm=a15_s2_mml vs=a08_slice10b_fix arm_median=3626369024 reference_median=3635888128 delta=-9519104 limit=72717763 within=true
bound metric=peak_footprint_bytes arm=a15_s2_mml vs=a08_slice10b_fix arm_median=202942720 reference_median=219408896 delta=-16466176 limit=4388178 within=true
bound metric=peak_gpu_bytes arm=a15_s2_mml vs=a08_slice10b_fix arm_median=3386425344 reference_median=3386392576 delta=32768 limit=67727852 within=true
bound metric=ms_per_token arm=a15_s2_mml vs=a09_slice10c arm_median=11.5620 reference_median=11.6200 delta=-0.0580 limit=0.2324 within=true
bound metric=prefill_ms arm=a15_s2_mml vs=a09_slice10c arm_median=124.9900 reference_median=122.9795 delta=2.0105 limit=2.4596 within=true
bound metric=ttft_ms arm=a15_s2_mml vs=a09_slice10c arm_median=125.0000 reference_median=123.0000 delta=2.0000 limit=2.4600 within=true
bound metric=peak_rss_bytes arm=a15_s2_mml vs=a09_slice10c arm_median=3626369024 reference_median=3628924928 delta=-2555904 limit=72578499 within=true
bound metric=peak_footprint_bytes arm=a15_s2_mml vs=a09_slice10c arm_median=202942720 reference_median=205482304 delta=-2539584 limit=4109646 within=true
bound metric=peak_gpu_bytes arm=a15_s2_mml vs=a09_slice10c arm_median=3386425344 reference_median=3386359808 delta=65536 limit=67727196 within=true
bound metric=ms_per_token arm=a15_s2_mml vs=a10_slice11 arm_median=11.5620 reference_median=11.6195 delta=-0.0575 limit=0.2324 within=true
bound metric=prefill_ms arm=a15_s2_mml vs=a10_slice11 arm_median=124.9900 reference_median=123.0270 delta=1.9630 limit=2.4605 within=true
bound metric=ttft_ms arm=a15_s2_mml vs=a10_slice11 arm_median=125.0000 reference_median=123.0000 delta=2.0000 limit=2.4600 within=true
bound metric=peak_rss_bytes arm=a15_s2_mml vs=a10_slice11 arm_median=3626369024 reference_median=3633381376 delta=-7012352 limit=72667628 within=true
bound metric=peak_footprint_bytes arm=a15_s2_mml vs=a10_slice11 arm_median=202942720 reference_median=212527360 delta=-9584640 limit=4250547 within=true
bound metric=peak_gpu_bytes arm=a15_s2_mml vs=a10_slice11 arm_median=3386425344 reference_median=3386343424 delta=81920 limit=67726868 within=true
bound metric=ms_per_token arm=a15_s2_mml vs=a11_slice12 arm_median=11.5620 reference_median=11.6070 delta=-0.0450 limit=0.2321 within=true
bound metric=prefill_ms arm=a15_s2_mml vs=a11_slice12 arm_median=124.9900 reference_median=127.9710 delta=-2.9810 limit=5.9750 within=true
bound metric=ttft_ms arm=a15_s2_mml vs=a11_slice12 arm_median=125.0000 reference_median=128.0000 delta=-3.0000 limit=6.0000 within=true
bound metric=peak_rss_bytes arm=a15_s2_mml vs=a11_slice12 arm_median=3626369024 reference_median=3642933248 delta=-16564224 limit=72858665 within=true
bound metric=peak_footprint_bytes arm=a15_s2_mml vs=a11_slice12 arm_median=202942720 reference_median=212920768 delta=-9978048 limit=4258415 within=true
bound metric=peak_gpu_bytes arm=a15_s2_mml vs=a11_slice12 arm_median=3386425344 reference_median=3386327040 delta=98304 limit=67726541 within=true
bound metric=ms_per_token arm=a15_s2_mml vs=a12_eor arm_median=11.5620 reference_median=11.6030 delta=-0.0410 limit=0.2321 within=true
bound metric=prefill_ms arm=a15_s2_mml vs=a12_eor arm_median=124.9900 reference_median=123.0045 delta=1.9855 limit=2.4601 within=true
bound metric=ttft_ms arm=a15_s2_mml vs=a12_eor arm_median=125.0000 reference_median=123.0000 delta=2.0000 limit=2.4600 within=true
bound metric=peak_rss_bytes arm=a15_s2_mml vs=a12_eor arm_median=3626369024 reference_median=3634823168 delta=-8454144 limit=72696463 within=true
bound metric=peak_footprint_bytes arm=a15_s2_mml vs=a12_eor arm_median=202942720 reference_median=212134016 delta=-9191296 limit=4242680 within=true
bound metric=peak_gpu_bytes arm=a15_s2_mml vs=a12_eor arm_median=3386425344 reference_median=3386294272 delta=131072 limit=67725885 within=true
bound metric=ms_per_token arm=a15_s2_mml vs=a13_f76b4a97 arm_median=11.5620 reference_median=11.6150 delta=-0.0530 limit=0.2323 within=true
bound metric=prefill_ms arm=a15_s2_mml vs=a13_f76b4a97 arm_median=124.9900 reference_median=122.9910 delta=1.9990 limit=2.4598 within=true
bound metric=ttft_ms arm=a15_s2_mml vs=a13_f76b4a97 arm_median=125.0000 reference_median=123.0000 delta=2.0000 limit=2.4600 within=true
bound metric=peak_rss_bytes arm=a15_s2_mml vs=a13_f76b4a97 arm_median=3626369024 reference_median=3633332224 delta=-6963200 limit=72666644 within=true
bound metric=peak_footprint_bytes arm=a15_s2_mml vs=a13_f76b4a97 arm_median=202942720 reference_median=215493248 delta=-12550528 limit=4309865 within=true
bound metric=peak_gpu_bytes arm=a15_s2_mml vs=a13_f76b4a97 arm_median=3386425344 reference_median=3386490880 delta=-65536 limit=67729818 within=true
bound metric=ms_per_token arm=a15_s2_mml vs=a14_tip_s1 arm_median=11.5620 reference_median=11.5840 delta=-0.0220 limit=0.2317 within=true
bound metric=prefill_ms arm=a15_s2_mml vs=a14_tip_s1 arm_median=124.9900 reference_median=126.9920 delta=-2.0020 limit=4.0030 within=true
bound metric=ttft_ms arm=a15_s2_mml vs=a14_tip_s1 arm_median=125.0000 reference_median=127.0000 delta=-2.0000 limit=4.0000 within=true
bound metric=peak_rss_bytes arm=a15_s2_mml vs=a14_tip_s1 arm_median=3626369024 reference_median=3620536320 delta=5832704 limit=72410726 within=true
bound metric=peak_footprint_bytes arm=a15_s2_mml vs=a14_tip_s1 arm_median=202942720 reference_median=204073152 delta=-1130432 limit=4081463 within=true
bound metric=peak_gpu_bytes arm=a15_s2_mml vs=a14_tip_s1 arm_median=3386425344 reference_median=3386392576 delta=32768 limit=67727852 within=true
bound metric=ms_per_token arm=a15_s2_mml vs=llama-server arm_median=11.5620 reference_median=9.0281 delta=2.5339 limit=0.1806 within=false
bound metric=prefill_ms arm=a15_s2_mml vs=llama-server arm_median=124.9900 reference_median=57.5710 delta=67.4190 limit=1.1514 within=false
bound metric=ttft_ms arm=a15_s2_mml vs=llama-server arm_median=125.0000 reference_median=58.1197 delta=66.8803 limit=1.1624 within=false
bound metric=peak_rss_bytes arm=a15_s2_mml vs=llama-server arm_median=3626369024 reference_median=3687579648 delta=-61210624 limit=73751593 within=true
bound metric=peak_footprint_bytes arm=a15_s2_mml vs=llama-server arm_median=202942720 reference_median=169011456 delta=33931264 limit=3380229 within=false
bound metric=peak_gpu_bytes arm=a15_s2_mml vs=llama-server n=0
bound metric=ms_per_token arm=a16_s2fix_3a933038 vs=a00_0b_9f0647da arm_median=11.5790 reference_median=11.6225 delta=-0.0435 limit=0.2324 within=true
bound metric=prefill_ms arm=a16_s2fix_3a933038 vs=a00_0b_9f0647da arm_median=129.0185 reference_median=124.9930 delta=4.0255 limit=2.4999 within=false
bound metric=ttft_ms arm=a16_s2fix_3a933038 vs=a00_0b_9f0647da n=0
bound metric=peak_rss_bytes arm=a16_s2fix_3a933038 vs=a00_0b_9f0647da arm_median=3624517632 reference_median=3642458112 delta=-17940480 limit=72849162 within=true
bound metric=peak_footprint_bytes arm=a16_s2fix_3a933038 vs=a00_0b_9f0647da arm_median=220621312 reference_median=225896768 delta=-5275456 limit=4517935 within=true
bound metric=peak_gpu_bytes arm=a16_s2fix_3a933038 vs=a00_0b_9f0647da n=0
bound metric=ms_per_token arm=a16_s2fix_3a933038 vs=a01_0c_152467a9 arm_median=11.5790 reference_median=11.6140 delta=-0.0350 limit=0.2323 within=true
bound metric=prefill_ms arm=a16_s2fix_3a933038 vs=a01_0c_152467a9 arm_median=129.0185 reference_median=123.9930 delta=5.0255 limit=2.4799 within=false
bound metric=ttft_ms arm=a16_s2fix_3a933038 vs=a01_0c_152467a9 arm_median=129.0000 reference_median=124.0000 delta=5.0000 limit=2.4800 within=false
bound metric=peak_rss_bytes arm=a16_s2fix_3a933038 vs=a01_0c_152467a9 arm_median=3624517632 reference_median=3645833216 delta=-21315584 limit=72916664 within=true
bound metric=peak_footprint_bytes arm=a16_s2fix_3a933038 vs=a01_0c_152467a9 arm_median=220621312 reference_median=217442688 delta=3178624 limit=4348854 within=true
bound metric=peak_gpu_bytes arm=a16_s2fix_3a933038 vs=a01_0c_152467a9 arm_median=3386392576 reference_median=3387523072 delta=-1130496 limit=67750461 within=true
bound metric=ms_per_token arm=a16_s2fix_3a933038 vs=a02_slice5 arm_median=11.5790 reference_median=11.7360 delta=-0.1570 limit=0.2347 within=true
bound metric=prefill_ms arm=a16_s2fix_3a933038 vs=a02_slice5 arm_median=129.0185 reference_median=126.9975 delta=2.0210 limit=5.0080 within=true
bound metric=ttft_ms arm=a16_s2fix_3a933038 vs=a02_slice5 arm_median=129.0000 reference_median=127.0000 delta=2.0000 limit=5.0000 within=true
bound metric=peak_rss_bytes arm=a16_s2fix_3a933038 vs=a02_slice5 arm_median=3624517632 reference_median=3646291968 delta=-21774336 limit=72925839 within=true
bound metric=peak_footprint_bytes arm=a16_s2fix_3a933038 vs=a02_slice5 arm_median=220621312 reference_median=218130816 delta=2490496 limit=4362616 within=true
bound metric=peak_gpu_bytes arm=a16_s2fix_3a933038 vs=a02_slice5 arm_median=3386392576 reference_median=3387539456 delta=-1146880 limit=67750789 within=true
bound metric=ms_per_token arm=a16_s2fix_3a933038 vs=a03_slice6 arm_median=11.5790 reference_median=11.5930 delta=-0.0140 limit=0.2319 within=true
bound metric=prefill_ms arm=a16_s2fix_3a933038 vs=a03_slice6 arm_median=129.0185 reference_median=130.0260 delta=-1.0075 limit=7.0330 within=true
bound metric=ttft_ms arm=a16_s2fix_3a933038 vs=a03_slice6 arm_median=129.0000 reference_median=130.0000 delta=-1.0000 limit=7.0000 within=true
bound metric=peak_rss_bytes arm=a16_s2fix_3a933038 vs=a03_slice6 arm_median=3624517632 reference_median=3648700416 delta=-24182784 limit=72974008 within=true
bound metric=peak_footprint_bytes arm=a16_s2fix_3a933038 vs=a03_slice6 arm_median=220621312 reference_median=213608640 delta=7012672 limit=4272173 within=false
bound metric=peak_gpu_bytes arm=a16_s2fix_3a933038 vs=a03_slice6 arm_median=3386392576 reference_median=3387506688 delta=-1114112 limit=67750134 within=true
bound metric=ms_per_token arm=a16_s2fix_3a933038 vs=a04_slice7 arm_median=11.5790 reference_median=11.6850 delta=-0.1060 limit=0.2337 within=true
bound metric=prefill_ms arm=a16_s2fix_3a933038 vs=a04_slice7 arm_median=129.0185 reference_median=128.9990 delta=0.0195 limit=6.0090 within=true
bound metric=ttft_ms arm=a16_s2fix_3a933038 vs=a04_slice7 arm_median=129.0000 reference_median=129.0000 delta=0.0000 limit=6.0000 within=true
bound metric=peak_rss_bytes arm=a16_s2fix_3a933038 vs=a04_slice7 arm_median=3624517632 reference_median=3636396032 delta=-11878400 limit=72727921 within=true
bound metric=peak_footprint_bytes arm=a16_s2fix_3a933038 vs=a04_slice7 arm_median=220621312 reference_median=221849664 delta=-1228352 limit=4436993 within=true
bound metric=peak_gpu_bytes arm=a16_s2fix_3a933038 vs=a04_slice7 arm_median=3386392576 reference_median=3387506688 delta=-1114112 limit=67750134 within=true
bound metric=ms_per_token arm=a16_s2fix_3a933038 vs=a05_slice8 arm_median=11.5790 reference_median=11.6975 delta=-0.1185 limit=0.2339 within=true
bound metric=prefill_ms arm=a16_s2fix_3a933038 vs=a05_slice8 arm_median=129.0185 reference_median=127.0080 delta=2.0105 limit=5.0000 within=true
bound metric=ttft_ms arm=a16_s2fix_3a933038 vs=a05_slice8 arm_median=129.0000 reference_median=127.0000 delta=2.0000 limit=5.0000 within=true
bound metric=peak_rss_bytes arm=a16_s2fix_3a933038 vs=a05_slice8 arm_median=3624517632 reference_median=3640623104 delta=-16105472 limit=72812462 within=true
bound metric=peak_footprint_bytes arm=a16_s2fix_3a933038 vs=a05_slice8 arm_median=220621312 reference_median=216410304 delta=4211008 limit=4328206 within=true
bound metric=peak_gpu_bytes arm=a16_s2fix_3a933038 vs=a05_slice8 arm_median=3386392576 reference_median=3386408960 delta=-16384 limit=67728179 within=true
bound metric=ms_per_token arm=a16_s2fix_3a933038 vs=a06_slice9 arm_median=11.5790 reference_median=11.6570 delta=-0.0780 limit=0.2331 within=true
bound metric=prefill_ms arm=a16_s2fix_3a933038 vs=a06_slice9 arm_median=129.0185 reference_median=126.9920 delta=2.0265 limit=3.9950 within=true
bound metric=ttft_ms arm=a16_s2fix_3a933038 vs=a06_slice9 arm_median=129.0000 reference_median=127.0000 delta=2.0000 limit=4.0000 within=true
bound metric=peak_rss_bytes arm=a16_s2fix_3a933038 vs=a06_slice9 arm_median=3624517632 reference_median=3629006848 delta=-4489216 limit=72580137 within=true
bound metric=peak_footprint_bytes arm=a16_s2fix_3a933038 vs=a06_slice9 arm_median=220621312 reference_median=212166848 delta=8454464 limit=4243337 within=false
bound metric=peak_gpu_bytes arm=a16_s2fix_3a933038 vs=a06_slice9 arm_median=3386392576 reference_median=3386277888 delta=114688 limit=67725558 within=true
bound metric=ms_per_token arm=a16_s2fix_3a933038 vs=a07_slice10b arm_median=11.5790 reference_median=11.6180 delta=-0.0390 limit=0.2324 within=true
bound metric=prefill_ms arm=a16_s2fix_3a933038 vs=a07_slice10b arm_median=129.0185 reference_median=127.0280 delta=1.9905 limit=5.0320 within=true
bound metric=ttft_ms arm=a16_s2fix_3a933038 vs=a07_slice10b arm_median=129.0000 reference_median=127.0000 delta=2.0000 limit=5.0000 within=true
bound metric=peak_rss_bytes arm=a16_s2fix_3a933038 vs=a07_slice10b arm_median=3624517632 reference_median=3635314688 delta=-10797056 limit=72706294 within=true
bound metric=peak_footprint_bytes arm=a16_s2fix_3a933038 vs=a07_slice10b arm_median=220621312 reference_median=216656448 delta=3964864 limit=4333129 within=true
bound metric=peak_gpu_bytes arm=a16_s2fix_3a933038 vs=a07_slice10b arm_median=3386392576 reference_median=3386294272 delta=98304 limit=67725885 within=true
bound metric=ms_per_token arm=a16_s2fix_3a933038 vs=a08_slice10b_fix arm_median=11.5790 reference_median=11.6455 delta=-0.0665 limit=0.2329 within=true
bound metric=prefill_ms arm=a16_s2fix_3a933038 vs=a08_slice10b_fix arm_median=129.0185 reference_median=132.0240 delta=-3.0055 limit=8.0310 within=true
bound metric=ttft_ms arm=a16_s2fix_3a933038 vs=a08_slice10b_fix arm_median=129.0000 reference_median=132.0000 delta=-3.0000 limit=8.0000 within=true
bound metric=peak_rss_bytes arm=a16_s2fix_3a933038 vs=a08_slice10b_fix arm_median=3624517632 reference_median=3635888128 delta=-11370496 limit=72717763 within=true
bound metric=peak_footprint_bytes arm=a16_s2fix_3a933038 vs=a08_slice10b_fix arm_median=220621312 reference_median=219408896 delta=1212416 limit=4388178 within=true
bound metric=peak_gpu_bytes arm=a16_s2fix_3a933038 vs=a08_slice10b_fix arm_median=3386392576 reference_median=3386392576 delta=0 limit=67727852 within=true
bound metric=ms_per_token arm=a16_s2fix_3a933038 vs=a09_slice10c arm_median=11.5790 reference_median=11.6200 delta=-0.0410 limit=0.2324 within=true
bound metric=prefill_ms arm=a16_s2fix_3a933038 vs=a09_slice10c arm_median=129.0185 reference_median=122.9795 delta=6.0390 limit=2.4596 within=false
bound metric=ttft_ms arm=a16_s2fix_3a933038 vs=a09_slice10c arm_median=129.0000 reference_median=123.0000 delta=6.0000 limit=2.4600 within=false
bound metric=peak_rss_bytes arm=a16_s2fix_3a933038 vs=a09_slice10c arm_median=3624517632 reference_median=3628924928 delta=-4407296 limit=72578499 within=true
bound metric=peak_footprint_bytes arm=a16_s2fix_3a933038 vs=a09_slice10c arm_median=220621312 reference_median=205482304 delta=15139008 limit=4109646 within=false
bound metric=peak_gpu_bytes arm=a16_s2fix_3a933038 vs=a09_slice10c arm_median=3386392576 reference_median=3386359808 delta=32768 limit=67727196 within=true
bound metric=ms_per_token arm=a16_s2fix_3a933038 vs=a10_slice11 arm_median=11.5790 reference_median=11.6195 delta=-0.0405 limit=0.2324 within=true
bound metric=prefill_ms arm=a16_s2fix_3a933038 vs=a10_slice11 arm_median=129.0185 reference_median=123.0270 delta=5.9915 limit=2.4605 within=false
bound metric=ttft_ms arm=a16_s2fix_3a933038 vs=a10_slice11 arm_median=129.0000 reference_median=123.0000 delta=6.0000 limit=2.4600 within=false
bound metric=peak_rss_bytes arm=a16_s2fix_3a933038 vs=a10_slice11 arm_median=3624517632 reference_median=3633381376 delta=-8863744 limit=72667628 within=true
bound metric=peak_footprint_bytes arm=a16_s2fix_3a933038 vs=a10_slice11 arm_median=220621312 reference_median=212527360 delta=8093952 limit=4250547 within=false
bound metric=peak_gpu_bytes arm=a16_s2fix_3a933038 vs=a10_slice11 arm_median=3386392576 reference_median=3386343424 delta=49152 limit=67726868 within=true
bound metric=ms_per_token arm=a16_s2fix_3a933038 vs=a11_slice12 arm_median=11.5790 reference_median=11.6070 delta=-0.0280 limit=0.2321 within=true
bound metric=prefill_ms arm=a16_s2fix_3a933038 vs=a11_slice12 arm_median=129.0185 reference_median=127.9710 delta=1.0475 limit=5.9750 within=true
bound metric=ttft_ms arm=a16_s2fix_3a933038 vs=a11_slice12 arm_median=129.0000 reference_median=128.0000 delta=1.0000 limit=6.0000 within=true
bound metric=peak_rss_bytes arm=a16_s2fix_3a933038 vs=a11_slice12 arm_median=3624517632 reference_median=3642933248 delta=-18415616 limit=72858665 within=true
bound metric=peak_footprint_bytes arm=a16_s2fix_3a933038 vs=a11_slice12 arm_median=220621312 reference_median=212920768 delta=7700544 limit=4258415 within=false
bound metric=peak_gpu_bytes arm=a16_s2fix_3a933038 vs=a11_slice12 arm_median=3386392576 reference_median=3386327040 delta=65536 limit=67726541 within=true
bound metric=ms_per_token arm=a16_s2fix_3a933038 vs=a12_eor arm_median=11.5790 reference_median=11.6030 delta=-0.0240 limit=0.2321 within=true
bound metric=prefill_ms arm=a16_s2fix_3a933038 vs=a12_eor arm_median=129.0185 reference_median=123.0045 delta=6.0140 limit=2.4601 within=false
bound metric=ttft_ms arm=a16_s2fix_3a933038 vs=a12_eor arm_median=129.0000 reference_median=123.0000 delta=6.0000 limit=2.4600 within=false
bound metric=peak_rss_bytes arm=a16_s2fix_3a933038 vs=a12_eor arm_median=3624517632 reference_median=3634823168 delta=-10305536 limit=72696463 within=true
bound metric=peak_footprint_bytes arm=a16_s2fix_3a933038 vs=a12_eor arm_median=220621312 reference_median=212134016 delta=8487296 limit=4242680 within=false
bound metric=peak_gpu_bytes arm=a16_s2fix_3a933038 vs=a12_eor arm_median=3386392576 reference_median=3386294272 delta=98304 limit=67725885 within=true
bound metric=ms_per_token arm=a16_s2fix_3a933038 vs=a13_f76b4a97 arm_median=11.5790 reference_median=11.6150 delta=-0.0360 limit=0.2323 within=true
bound metric=prefill_ms arm=a16_s2fix_3a933038 vs=a13_f76b4a97 arm_median=129.0185 reference_median=122.9910 delta=6.0275 limit=2.4598 within=false
bound metric=ttft_ms arm=a16_s2fix_3a933038 vs=a13_f76b4a97 arm_median=129.0000 reference_median=123.0000 delta=6.0000 limit=2.4600 within=false
bound metric=peak_rss_bytes arm=a16_s2fix_3a933038 vs=a13_f76b4a97 arm_median=3624517632 reference_median=3633332224 delta=-8814592 limit=72666644 within=true
bound metric=peak_footprint_bytes arm=a16_s2fix_3a933038 vs=a13_f76b4a97 arm_median=220621312 reference_median=215493248 delta=5128064 limit=4309865 within=false
bound metric=peak_gpu_bytes arm=a16_s2fix_3a933038 vs=a13_f76b4a97 arm_median=3386392576 reference_median=3386490880 delta=-98304 limit=67729818 within=true
bound metric=ms_per_token arm=a16_s2fix_3a933038 vs=a14_tip_s1 arm_median=11.5790 reference_median=11.5840 delta=-0.0050 limit=0.2317 within=true
bound metric=prefill_ms arm=a16_s2fix_3a933038 vs=a14_tip_s1 arm_median=129.0185 reference_median=126.9920 delta=2.0265 limit=4.0030 within=true
bound metric=ttft_ms arm=a16_s2fix_3a933038 vs=a14_tip_s1 arm_median=129.0000 reference_median=127.0000 delta=2.0000 limit=4.0000 within=true
bound metric=peak_rss_bytes arm=a16_s2fix_3a933038 vs=a14_tip_s1 arm_median=3624517632 reference_median=3620536320 delta=3981312 limit=72410726 within=true
bound metric=peak_footprint_bytes arm=a16_s2fix_3a933038 vs=a14_tip_s1 arm_median=220621312 reference_median=204073152 delta=16548160 limit=4081463 within=false
bound metric=peak_gpu_bytes arm=a16_s2fix_3a933038 vs=a14_tip_s1 arm_median=3386392576 reference_median=3386392576 delta=0 limit=67727852 within=true
bound metric=ms_per_token arm=a16_s2fix_3a933038 vs=a15_s2_mml arm_median=11.5790 reference_median=11.5620 delta=0.0170 limit=0.2312 within=true
bound metric=prefill_ms arm=a16_s2fix_3a933038 vs=a15_s2_mml arm_median=129.0185 reference_median=124.9900 delta=4.0285 limit=2.4998 within=false
bound metric=ttft_ms arm=a16_s2fix_3a933038 vs=a15_s2_mml arm_median=129.0000 reference_median=125.0000 delta=4.0000 limit=2.5000 within=false
bound metric=peak_rss_bytes arm=a16_s2fix_3a933038 vs=a15_s2_mml arm_median=3624517632 reference_median=3626369024 delta=-1851392 limit=72527380 within=true
bound metric=peak_footprint_bytes arm=a16_s2fix_3a933038 vs=a15_s2_mml arm_median=220621312 reference_median=202942720 delta=17678592 limit=4058854 within=false
bound metric=peak_gpu_bytes arm=a16_s2fix_3a933038 vs=a15_s2_mml arm_median=3386392576 reference_median=3386425344 delta=-32768 limit=67728507 within=true
bound metric=ms_per_token arm=a16_s2fix_3a933038 vs=llama-server arm_median=11.5790 reference_median=9.0281 delta=2.5509 limit=0.1806 within=false
bound metric=prefill_ms arm=a16_s2fix_3a933038 vs=llama-server arm_median=129.0185 reference_median=57.5710 delta=71.4475 limit=1.1514 within=false
bound metric=ttft_ms arm=a16_s2fix_3a933038 vs=llama-server arm_median=129.0000 reference_median=58.1197 delta=70.8803 limit=1.1624 within=false
bound metric=peak_rss_bytes arm=a16_s2fix_3a933038 vs=llama-server arm_median=3624517632 reference_median=3687579648 delta=-63062016 limit=73751593 within=true
bound metric=peak_footprint_bytes arm=a16_s2fix_3a933038 vs=llama-server arm_median=220621312 reference_median=169011456 delta=51609856 limit=3380229 within=false
bound metric=peak_gpu_bytes arm=a16_s2fix_3a933038 vs=llama-server n=0
bound metric=ms_per_token arm=a17_head_8ef12e94 vs=a00_0b_9f0647da arm_median=11.5420 reference_median=11.6225 delta=-0.0805 limit=0.2324 within=true
bound metric=prefill_ms arm=a17_head_8ef12e94 vs=a00_0b_9f0647da arm_median=129.0040 reference_median=124.9930 delta=4.0110 limit=2.4999 within=false
bound metric=ttft_ms arm=a17_head_8ef12e94 vs=a00_0b_9f0647da n=0
bound metric=peak_rss_bytes arm=a17_head_8ef12e94 vs=a00_0b_9f0647da arm_median=3656105984 reference_median=3642458112 delta=13647872 limit=72849162 within=true
bound metric=peak_footprint_bytes arm=a17_head_8ef12e94 vs=a00_0b_9f0647da arm_median=219769280 reference_median=225896768 delta=-6127488 limit=4517935 within=true
bound metric=peak_gpu_bytes arm=a17_head_8ef12e94 vs=a00_0b_9f0647da n=0
bound metric=ms_per_token arm=a17_head_8ef12e94 vs=a01_0c_152467a9 arm_median=11.5420 reference_median=11.6140 delta=-0.0720 limit=0.2323 within=true
bound metric=prefill_ms arm=a17_head_8ef12e94 vs=a01_0c_152467a9 arm_median=129.0040 reference_median=123.9930 delta=5.0110 limit=2.4799 within=false
bound metric=ttft_ms arm=a17_head_8ef12e94 vs=a01_0c_152467a9 arm_median=129.0000 reference_median=124.0000 delta=5.0000 limit=2.4800 within=false
bound metric=peak_rss_bytes arm=a17_head_8ef12e94 vs=a01_0c_152467a9 arm_median=3656105984 reference_median=3645833216 delta=10272768 limit=72916664 within=true
bound metric=peak_footprint_bytes arm=a17_head_8ef12e94 vs=a01_0c_152467a9 arm_median=219769280 reference_median=217442688 delta=2326592 limit=4348854 within=true
bound metric=peak_gpu_bytes arm=a17_head_8ef12e94 vs=a01_0c_152467a9 arm_median=3386343424 reference_median=3387523072 delta=-1179648 limit=67750461 within=true
bound metric=ms_per_token arm=a17_head_8ef12e94 vs=a02_slice5 arm_median=11.5420 reference_median=11.7360 delta=-0.1940 limit=0.2347 within=true
bound metric=prefill_ms arm=a17_head_8ef12e94 vs=a02_slice5 arm_median=129.0040 reference_median=126.9975 delta=2.0065 limit=5.0080 within=true
bound metric=ttft_ms arm=a17_head_8ef12e94 vs=a02_slice5 arm_median=129.0000 reference_median=127.0000 delta=2.0000 limit=5.0000 within=true
bound metric=peak_rss_bytes arm=a17_head_8ef12e94 vs=a02_slice5 arm_median=3656105984 reference_median=3646291968 delta=9814016 limit=72925839 within=true
bound metric=peak_footprint_bytes arm=a17_head_8ef12e94 vs=a02_slice5 arm_median=219769280 reference_median=218130816 delta=1638464 limit=4362616 within=true
bound metric=peak_gpu_bytes arm=a17_head_8ef12e94 vs=a02_slice5 arm_median=3386343424 reference_median=3387539456 delta=-1196032 limit=67750789 within=true
bound metric=ms_per_token arm=a17_head_8ef12e94 vs=a03_slice6 arm_median=11.5420 reference_median=11.5930 delta=-0.0510 limit=0.2319 within=true
bound metric=prefill_ms arm=a17_head_8ef12e94 vs=a03_slice6 arm_median=129.0040 reference_median=130.0260 delta=-1.0220 limit=7.0330 within=true
bound metric=ttft_ms arm=a17_head_8ef12e94 vs=a03_slice6 arm_median=129.0000 reference_median=130.0000 delta=-1.0000 limit=7.0000 within=true
bound metric=peak_rss_bytes arm=a17_head_8ef12e94 vs=a03_slice6 arm_median=3656105984 reference_median=3648700416 delta=7405568 limit=72974008 within=true
bound metric=peak_footprint_bytes arm=a17_head_8ef12e94 vs=a03_slice6 arm_median=219769280 reference_median=213608640 delta=6160640 limit=4272173 within=false
bound metric=peak_gpu_bytes arm=a17_head_8ef12e94 vs=a03_slice6 arm_median=3386343424 reference_median=3387506688 delta=-1163264 limit=67750134 within=true
bound metric=ms_per_token arm=a17_head_8ef12e94 vs=a04_slice7 arm_median=11.5420 reference_median=11.6850 delta=-0.1430 limit=0.2337 within=true
bound metric=prefill_ms arm=a17_head_8ef12e94 vs=a04_slice7 arm_median=129.0040 reference_median=128.9990 delta=0.0050 limit=6.0090 within=true
bound metric=ttft_ms arm=a17_head_8ef12e94 vs=a04_slice7 arm_median=129.0000 reference_median=129.0000 delta=0.0000 limit=6.0000 within=true
bound metric=peak_rss_bytes arm=a17_head_8ef12e94 vs=a04_slice7 arm_median=3656105984 reference_median=3636396032 delta=19709952 limit=72727921 within=true
bound metric=peak_footprint_bytes arm=a17_head_8ef12e94 vs=a04_slice7 arm_median=219769280 reference_median=221849664 delta=-2080384 limit=4436993 within=true
bound metric=peak_gpu_bytes arm=a17_head_8ef12e94 vs=a04_slice7 arm_median=3386343424 reference_median=3387506688 delta=-1163264 limit=67750134 within=true
bound metric=ms_per_token arm=a17_head_8ef12e94 vs=a05_slice8 arm_median=11.5420 reference_median=11.6975 delta=-0.1555 limit=0.2339 within=true
bound metric=prefill_ms arm=a17_head_8ef12e94 vs=a05_slice8 arm_median=129.0040 reference_median=127.0080 delta=1.9960 limit=5.0000 within=true
bound metric=ttft_ms arm=a17_head_8ef12e94 vs=a05_slice8 arm_median=129.0000 reference_median=127.0000 delta=2.0000 limit=5.0000 within=true
bound metric=peak_rss_bytes arm=a17_head_8ef12e94 vs=a05_slice8 arm_median=3656105984 reference_median=3640623104 delta=15482880 limit=72812462 within=true
bound metric=peak_footprint_bytes arm=a17_head_8ef12e94 vs=a05_slice8 arm_median=219769280 reference_median=216410304 delta=3358976 limit=4328206 within=true
bound metric=peak_gpu_bytes arm=a17_head_8ef12e94 vs=a05_slice8 arm_median=3386343424 reference_median=3386408960 delta=-65536 limit=67728179 within=true
bound metric=ms_per_token arm=a17_head_8ef12e94 vs=a06_slice9 arm_median=11.5420 reference_median=11.6570 delta=-0.1150 limit=0.2331 within=true
bound metric=prefill_ms arm=a17_head_8ef12e94 vs=a06_slice9 arm_median=129.0040 reference_median=126.9920 delta=2.0120 limit=3.9950 within=true
bound metric=ttft_ms arm=a17_head_8ef12e94 vs=a06_slice9 arm_median=129.0000 reference_median=127.0000 delta=2.0000 limit=4.0000 within=true
bound metric=peak_rss_bytes arm=a17_head_8ef12e94 vs=a06_slice9 arm_median=3656105984 reference_median=3629006848 delta=27099136 limit=72580137 within=true
bound metric=peak_footprint_bytes arm=a17_head_8ef12e94 vs=a06_slice9 arm_median=219769280 reference_median=212166848 delta=7602432 limit=4243337 within=false
bound metric=peak_gpu_bytes arm=a17_head_8ef12e94 vs=a06_slice9 arm_median=3386343424 reference_median=3386277888 delta=65536 limit=67725558 within=true
bound metric=ms_per_token arm=a17_head_8ef12e94 vs=a07_slice10b arm_median=11.5420 reference_median=11.6180 delta=-0.0760 limit=0.2324 within=true
bound metric=prefill_ms arm=a17_head_8ef12e94 vs=a07_slice10b arm_median=129.0040 reference_median=127.0280 delta=1.9760 limit=5.0320 within=true
bound metric=ttft_ms arm=a17_head_8ef12e94 vs=a07_slice10b arm_median=129.0000 reference_median=127.0000 delta=2.0000 limit=5.0000 within=true
bound metric=peak_rss_bytes arm=a17_head_8ef12e94 vs=a07_slice10b arm_median=3656105984 reference_median=3635314688 delta=20791296 limit=72706294 within=true
bound metric=peak_footprint_bytes arm=a17_head_8ef12e94 vs=a07_slice10b arm_median=219769280 reference_median=216656448 delta=3112832 limit=4333129 within=true
bound metric=peak_gpu_bytes arm=a17_head_8ef12e94 vs=a07_slice10b arm_median=3386343424 reference_median=3386294272 delta=49152 limit=67725885 within=true
bound metric=ms_per_token arm=a17_head_8ef12e94 vs=a08_slice10b_fix arm_median=11.5420 reference_median=11.6455 delta=-0.1035 limit=0.2329 within=true
bound metric=prefill_ms arm=a17_head_8ef12e94 vs=a08_slice10b_fix arm_median=129.0040 reference_median=132.0240 delta=-3.0200 limit=8.0310 within=true
bound metric=ttft_ms arm=a17_head_8ef12e94 vs=a08_slice10b_fix arm_median=129.0000 reference_median=132.0000 delta=-3.0000 limit=8.0000 within=true
bound metric=peak_rss_bytes arm=a17_head_8ef12e94 vs=a08_slice10b_fix arm_median=3656105984 reference_median=3635888128 delta=20217856 limit=72717763 within=true
bound metric=peak_footprint_bytes arm=a17_head_8ef12e94 vs=a08_slice10b_fix arm_median=219769280 reference_median=219408896 delta=360384 limit=4388178 within=true
bound metric=peak_gpu_bytes arm=a17_head_8ef12e94 vs=a08_slice10b_fix arm_median=3386343424 reference_median=3386392576 delta=-49152 limit=67727852 within=true
bound metric=ms_per_token arm=a17_head_8ef12e94 vs=a09_slice10c arm_median=11.5420 reference_median=11.6200 delta=-0.0780 limit=0.2324 within=true
bound metric=prefill_ms arm=a17_head_8ef12e94 vs=a09_slice10c arm_median=129.0040 reference_median=122.9795 delta=6.0245 limit=2.4596 within=false
bound metric=ttft_ms arm=a17_head_8ef12e94 vs=a09_slice10c arm_median=129.0000 reference_median=123.0000 delta=6.0000 limit=2.4600 within=false
bound metric=peak_rss_bytes arm=a17_head_8ef12e94 vs=a09_slice10c arm_median=3656105984 reference_median=3628924928 delta=27181056 limit=72578499 within=true
bound metric=peak_footprint_bytes arm=a17_head_8ef12e94 vs=a09_slice10c arm_median=219769280 reference_median=205482304 delta=14286976 limit=4109646 within=false
bound metric=peak_gpu_bytes arm=a17_head_8ef12e94 vs=a09_slice10c arm_median=3386343424 reference_median=3386359808 delta=-16384 limit=67727196 within=true
bound metric=ms_per_token arm=a17_head_8ef12e94 vs=a10_slice11 arm_median=11.5420 reference_median=11.6195 delta=-0.0775 limit=0.2324 within=true
bound metric=prefill_ms arm=a17_head_8ef12e94 vs=a10_slice11 arm_median=129.0040 reference_median=123.0270 delta=5.9770 limit=2.4605 within=false
bound metric=ttft_ms arm=a17_head_8ef12e94 vs=a10_slice11 arm_median=129.0000 reference_median=123.0000 delta=6.0000 limit=2.4600 within=false
bound metric=peak_rss_bytes arm=a17_head_8ef12e94 vs=a10_slice11 arm_median=3656105984 reference_median=3633381376 delta=22724608 limit=72667628 within=true
bound metric=peak_footprint_bytes arm=a17_head_8ef12e94 vs=a10_slice11 arm_median=219769280 reference_median=212527360 delta=7241920 limit=4250547 within=false
bound metric=peak_gpu_bytes arm=a17_head_8ef12e94 vs=a10_slice11 arm_median=3386343424 reference_median=3386343424 delta=0 limit=67726868 within=true
bound metric=ms_per_token arm=a17_head_8ef12e94 vs=a11_slice12 arm_median=11.5420 reference_median=11.6070 delta=-0.0650 limit=0.2321 within=true
bound metric=prefill_ms arm=a17_head_8ef12e94 vs=a11_slice12 arm_median=129.0040 reference_median=127.9710 delta=1.0330 limit=5.9750 within=true
bound metric=ttft_ms arm=a17_head_8ef12e94 vs=a11_slice12 arm_median=129.0000 reference_median=128.0000 delta=1.0000 limit=6.0000 within=true
bound metric=peak_rss_bytes arm=a17_head_8ef12e94 vs=a11_slice12 arm_median=3656105984 reference_median=3642933248 delta=13172736 limit=72858665 within=true
bound metric=peak_footprint_bytes arm=a17_head_8ef12e94 vs=a11_slice12 arm_median=219769280 reference_median=212920768 delta=6848512 limit=4258415 within=false
bound metric=peak_gpu_bytes arm=a17_head_8ef12e94 vs=a11_slice12 arm_median=3386343424 reference_median=3386327040 delta=16384 limit=67726541 within=true
bound metric=ms_per_token arm=a17_head_8ef12e94 vs=a12_eor arm_median=11.5420 reference_median=11.6030 delta=-0.0610 limit=0.2321 within=true
bound metric=prefill_ms arm=a17_head_8ef12e94 vs=a12_eor arm_median=129.0040 reference_median=123.0045 delta=5.9995 limit=2.4601 within=false
bound metric=ttft_ms arm=a17_head_8ef12e94 vs=a12_eor arm_median=129.0000 reference_median=123.0000 delta=6.0000 limit=2.4600 within=false
bound metric=peak_rss_bytes arm=a17_head_8ef12e94 vs=a12_eor arm_median=3656105984 reference_median=3634823168 delta=21282816 limit=72696463 within=true
bound metric=peak_footprint_bytes arm=a17_head_8ef12e94 vs=a12_eor arm_median=219769280 reference_median=212134016 delta=7635264 limit=4242680 within=false
bound metric=peak_gpu_bytes arm=a17_head_8ef12e94 vs=a12_eor arm_median=3386343424 reference_median=3386294272 delta=49152 limit=67725885 within=true
bound metric=ms_per_token arm=a17_head_8ef12e94 vs=a13_f76b4a97 arm_median=11.5420 reference_median=11.6150 delta=-0.0730 limit=0.2323 within=true
bound metric=prefill_ms arm=a17_head_8ef12e94 vs=a13_f76b4a97 arm_median=129.0040 reference_median=122.9910 delta=6.0130 limit=2.4598 within=false
bound metric=ttft_ms arm=a17_head_8ef12e94 vs=a13_f76b4a97 arm_median=129.0000 reference_median=123.0000 delta=6.0000 limit=2.4600 within=false
bound metric=peak_rss_bytes arm=a17_head_8ef12e94 vs=a13_f76b4a97 arm_median=3656105984 reference_median=3633332224 delta=22773760 limit=72666644 within=true
bound metric=peak_footprint_bytes arm=a17_head_8ef12e94 vs=a13_f76b4a97 arm_median=219769280 reference_median=215493248 delta=4276032 limit=4309865 within=true
bound metric=peak_gpu_bytes arm=a17_head_8ef12e94 vs=a13_f76b4a97 arm_median=3386343424 reference_median=3386490880 delta=-147456 limit=67729818 within=true
bound metric=ms_per_token arm=a17_head_8ef12e94 vs=a14_tip_s1 arm_median=11.5420 reference_median=11.5840 delta=-0.0420 limit=0.2317 within=true
bound metric=prefill_ms arm=a17_head_8ef12e94 vs=a14_tip_s1 arm_median=129.0040 reference_median=126.9920 delta=2.0120 limit=4.0030 within=true
bound metric=ttft_ms arm=a17_head_8ef12e94 vs=a14_tip_s1 arm_median=129.0000 reference_median=127.0000 delta=2.0000 limit=4.0000 within=true
bound metric=peak_rss_bytes arm=a17_head_8ef12e94 vs=a14_tip_s1 arm_median=3656105984 reference_median=3620536320 delta=35569664 limit=72410726 within=true
bound metric=peak_footprint_bytes arm=a17_head_8ef12e94 vs=a14_tip_s1 arm_median=219769280 reference_median=204073152 delta=15696128 limit=4081463 within=false
bound metric=peak_gpu_bytes arm=a17_head_8ef12e94 vs=a14_tip_s1 arm_median=3386343424 reference_median=3386392576 delta=-49152 limit=67727852 within=true
bound metric=ms_per_token arm=a17_head_8ef12e94 vs=a15_s2_mml arm_median=11.5420 reference_median=11.5620 delta=-0.0200 limit=0.2312 within=true
bound metric=prefill_ms arm=a17_head_8ef12e94 vs=a15_s2_mml arm_median=129.0040 reference_median=124.9900 delta=4.0140 limit=2.4998 within=false
bound metric=ttft_ms arm=a17_head_8ef12e94 vs=a15_s2_mml arm_median=129.0000 reference_median=125.0000 delta=4.0000 limit=2.5000 within=false
bound metric=peak_rss_bytes arm=a17_head_8ef12e94 vs=a15_s2_mml arm_median=3656105984 reference_median=3626369024 delta=29736960 limit=72527380 within=true
bound metric=peak_footprint_bytes arm=a17_head_8ef12e94 vs=a15_s2_mml arm_median=219769280 reference_median=202942720 delta=16826560 limit=4058854 within=false
bound metric=peak_gpu_bytes arm=a17_head_8ef12e94 vs=a15_s2_mml arm_median=3386343424 reference_median=3386425344 delta=-81920 limit=67728507 within=true
bound metric=ms_per_token arm=a17_head_8ef12e94 vs=a16_s2fix_3a933038 arm_median=11.5420 reference_median=11.5790 delta=-0.0370 limit=0.2316 within=true
bound metric=prefill_ms arm=a17_head_8ef12e94 vs=a16_s2fix_3a933038 arm_median=129.0040 reference_median=129.0185 delta=-0.0145 limit=4.9930 within=true
bound metric=ttft_ms arm=a17_head_8ef12e94 vs=a16_s2fix_3a933038 arm_median=129.0000 reference_median=129.0000 delta=0.0000 limit=5.0000 within=true
bound metric=peak_rss_bytes arm=a17_head_8ef12e94 vs=a16_s2fix_3a933038 arm_median=3656105984 reference_median=3624517632 delta=31588352 limit=72490353 within=true
bound metric=peak_footprint_bytes arm=a17_head_8ef12e94 vs=a16_s2fix_3a933038 arm_median=219769280 reference_median=220621312 delta=-852032 limit=4412426 within=true
bound metric=peak_gpu_bytes arm=a17_head_8ef12e94 vs=a16_s2fix_3a933038 arm_median=3386343424 reference_median=3386392576 delta=-49152 limit=67727852 within=true
bound metric=ms_per_token arm=a17_head_8ef12e94 vs=llama-server arm_median=11.5420 reference_median=9.0281 delta=2.5139 limit=0.1806 within=false
bound metric=prefill_ms arm=a17_head_8ef12e94 vs=llama-server arm_median=129.0040 reference_median=57.5710 delta=71.4330 limit=1.1514 within=false
bound metric=ttft_ms arm=a17_head_8ef12e94 vs=llama-server arm_median=129.0000 reference_median=58.1197 delta=70.8803 limit=1.1624 within=false
bound metric=peak_rss_bytes arm=a17_head_8ef12e94 vs=llama-server arm_median=3656105984 reference_median=3687579648 delta=-31473664 limit=73751593 within=true
bound metric=peak_footprint_bytes arm=a17_head_8ef12e94 vs=llama-server arm_median=219769280 reference_median=169011456 delta=50757824 limit=3380229 within=false
bound metric=peak_gpu_bytes arm=a17_head_8ef12e94 vs=llama-server n=0
bound metric=ms_per_token arm=a18_head_copy vs=a00_0b_9f0647da arm_median=11.7000 reference_median=11.6225 delta=0.0775 limit=0.2324 within=true
bound metric=prefill_ms arm=a18_head_copy vs=a00_0b_9f0647da arm_median=129.5020 reference_median=124.9930 delta=4.5090 limit=2.4999 within=false
bound metric=ttft_ms arm=a18_head_copy vs=a00_0b_9f0647da n=0
bound metric=peak_rss_bytes arm=a18_head_copy vs=a00_0b_9f0647da arm_median=3632971776 reference_median=3642458112 delta=-9486336 limit=72849162 within=true
bound metric=peak_footprint_bytes arm=a18_head_copy vs=a00_0b_9f0647da arm_median=209086720 reference_median=225896768 delta=-16810048 limit=4517935 within=true
bound metric=peak_gpu_bytes arm=a18_head_copy vs=a00_0b_9f0647da n=0
bound metric=ms_per_token arm=a18_head_copy vs=a01_0c_152467a9 arm_median=11.7000 reference_median=11.6140 delta=0.0860 limit=0.2323 within=true
bound metric=prefill_ms arm=a18_head_copy vs=a01_0c_152467a9 arm_median=129.5020 reference_median=123.9930 delta=5.5090 limit=2.4799 within=false
bound metric=ttft_ms arm=a18_head_copy vs=a01_0c_152467a9 arm_median=129.5000 reference_median=124.0000 delta=5.5000 limit=2.4800 within=false
bound metric=peak_rss_bytes arm=a18_head_copy vs=a01_0c_152467a9 arm_median=3632971776 reference_median=3645833216 delta=-12861440 limit=72916664 within=true
bound metric=peak_footprint_bytes arm=a18_head_copy vs=a01_0c_152467a9 arm_median=209086720 reference_median=217442688 delta=-8355968 limit=4348854 within=true
bound metric=peak_gpu_bytes arm=a18_head_copy vs=a01_0c_152467a9 arm_median=3386359808 reference_median=3387523072 delta=-1163264 limit=67750461 within=true
bound metric=ms_per_token arm=a18_head_copy vs=a02_slice5 arm_median=11.7000 reference_median=11.7360 delta=-0.0360 limit=0.2347 within=true
bound metric=prefill_ms arm=a18_head_copy vs=a02_slice5 arm_median=129.5020 reference_median=126.9975 delta=2.5045 limit=5.0080 within=true
bound metric=ttft_ms arm=a18_head_copy vs=a02_slice5 arm_median=129.5000 reference_median=127.0000 delta=2.5000 limit=5.0000 within=true
bound metric=peak_rss_bytes arm=a18_head_copy vs=a02_slice5 arm_median=3632971776 reference_median=3646291968 delta=-13320192 limit=72925839 within=true
bound metric=peak_footprint_bytes arm=a18_head_copy vs=a02_slice5 arm_median=209086720 reference_median=218130816 delta=-9044096 limit=4362616 within=true
bound metric=peak_gpu_bytes arm=a18_head_copy vs=a02_slice5 arm_median=3386359808 reference_median=3387539456 delta=-1179648 limit=67750789 within=true
bound metric=ms_per_token arm=a18_head_copy vs=a03_slice6 arm_median=11.7000 reference_median=11.5930 delta=0.1070 limit=0.2319 within=true
bound metric=prefill_ms arm=a18_head_copy vs=a03_slice6 arm_median=129.5020 reference_median=130.0260 delta=-0.5240 limit=7.0330 within=true
bound metric=ttft_ms arm=a18_head_copy vs=a03_slice6 arm_median=129.5000 reference_median=130.0000 delta=-0.5000 limit=7.0000 within=true
bound metric=peak_rss_bytes arm=a18_head_copy vs=a03_slice6 arm_median=3632971776 reference_median=3648700416 delta=-15728640 limit=72974008 within=true
bound metric=peak_footprint_bytes arm=a18_head_copy vs=a03_slice6 arm_median=209086720 reference_median=213608640 delta=-4521920 limit=4272173 within=true
bound metric=peak_gpu_bytes arm=a18_head_copy vs=a03_slice6 arm_median=3386359808 reference_median=3387506688 delta=-1146880 limit=67750134 within=true
bound metric=ms_per_token arm=a18_head_copy vs=a04_slice7 arm_median=11.7000 reference_median=11.6850 delta=0.0150 limit=0.2337 within=true
bound metric=prefill_ms arm=a18_head_copy vs=a04_slice7 arm_median=129.5020 reference_median=128.9990 delta=0.5030 limit=6.0090 within=true
bound metric=ttft_ms arm=a18_head_copy vs=a04_slice7 arm_median=129.5000 reference_median=129.0000 delta=0.5000 limit=6.0000 within=true
bound metric=peak_rss_bytes arm=a18_head_copy vs=a04_slice7 arm_median=3632971776 reference_median=3636396032 delta=-3424256 limit=72727921 within=true
bound metric=peak_footprint_bytes arm=a18_head_copy vs=a04_slice7 arm_median=209086720 reference_median=221849664 delta=-12762944 limit=4436993 within=true
bound metric=peak_gpu_bytes arm=a18_head_copy vs=a04_slice7 arm_median=3386359808 reference_median=3387506688 delta=-1146880 limit=67750134 within=true
bound metric=ms_per_token arm=a18_head_copy vs=a05_slice8 arm_median=11.7000 reference_median=11.6975 delta=0.0025 limit=0.2339 within=true
bound metric=prefill_ms arm=a18_head_copy vs=a05_slice8 arm_median=129.5020 reference_median=127.0080 delta=2.4940 limit=5.0000 within=true
bound metric=ttft_ms arm=a18_head_copy vs=a05_slice8 arm_median=129.5000 reference_median=127.0000 delta=2.5000 limit=5.0000 within=true
bound metric=peak_rss_bytes arm=a18_head_copy vs=a05_slice8 arm_median=3632971776 reference_median=3640623104 delta=-7651328 limit=72812462 within=true
bound metric=peak_footprint_bytes arm=a18_head_copy vs=a05_slice8 arm_median=209086720 reference_median=216410304 delta=-7323584 limit=4328206 within=true
bound metric=peak_gpu_bytes arm=a18_head_copy vs=a05_slice8 arm_median=3386359808 reference_median=3386408960 delta=-49152 limit=67728179 within=true
bound metric=ms_per_token arm=a18_head_copy vs=a06_slice9 arm_median=11.7000 reference_median=11.6570 delta=0.0430 limit=0.2331 within=true
bound metric=prefill_ms arm=a18_head_copy vs=a06_slice9 arm_median=129.5020 reference_median=126.9920 delta=2.5100 limit=3.9950 within=true
bound metric=ttft_ms arm=a18_head_copy vs=a06_slice9 arm_median=129.5000 reference_median=127.0000 delta=2.5000 limit=4.0000 within=true
bound metric=peak_rss_bytes arm=a18_head_copy vs=a06_slice9 arm_median=3632971776 reference_median=3629006848 delta=3964928 limit=72580137 within=true
bound metric=peak_footprint_bytes arm=a18_head_copy vs=a06_slice9 arm_median=209086720 reference_median=212166848 delta=-3080128 limit=4243337 within=true
bound metric=peak_gpu_bytes arm=a18_head_copy vs=a06_slice9 arm_median=3386359808 reference_median=3386277888 delta=81920 limit=67725558 within=true
bound metric=ms_per_token arm=a18_head_copy vs=a07_slice10b arm_median=11.7000 reference_median=11.6180 delta=0.0820 limit=0.2324 within=true
bound metric=prefill_ms arm=a18_head_copy vs=a07_slice10b arm_median=129.5020 reference_median=127.0280 delta=2.4740 limit=5.0320 within=true
bound metric=ttft_ms arm=a18_head_copy vs=a07_slice10b arm_median=129.5000 reference_median=127.0000 delta=2.5000 limit=5.0000 within=true
bound metric=peak_rss_bytes arm=a18_head_copy vs=a07_slice10b arm_median=3632971776 reference_median=3635314688 delta=-2342912 limit=72706294 within=true
bound metric=peak_footprint_bytes arm=a18_head_copy vs=a07_slice10b arm_median=209086720 reference_median=216656448 delta=-7569728 limit=4333129 within=true
bound metric=peak_gpu_bytes arm=a18_head_copy vs=a07_slice10b arm_median=3386359808 reference_median=3386294272 delta=65536 limit=67725885 within=true
bound metric=ms_per_token arm=a18_head_copy vs=a08_slice10b_fix arm_median=11.7000 reference_median=11.6455 delta=0.0545 limit=0.2329 within=true
bound metric=prefill_ms arm=a18_head_copy vs=a08_slice10b_fix arm_median=129.5020 reference_median=132.0240 delta=-2.5220 limit=8.0310 within=true
bound metric=ttft_ms arm=a18_head_copy vs=a08_slice10b_fix arm_median=129.5000 reference_median=132.0000 delta=-2.5000 limit=8.0000 within=true
bound metric=peak_rss_bytes arm=a18_head_copy vs=a08_slice10b_fix arm_median=3632971776 reference_median=3635888128 delta=-2916352 limit=72717763 within=true
bound metric=peak_footprint_bytes arm=a18_head_copy vs=a08_slice10b_fix arm_median=209086720 reference_median=219408896 delta=-10322176 limit=4388178 within=true
bound metric=peak_gpu_bytes arm=a18_head_copy vs=a08_slice10b_fix arm_median=3386359808 reference_median=3386392576 delta=-32768 limit=67727852 within=true
bound metric=ms_per_token arm=a18_head_copy vs=a09_slice10c arm_median=11.7000 reference_median=11.6200 delta=0.0800 limit=0.2324 within=true
bound metric=prefill_ms arm=a18_head_copy vs=a09_slice10c arm_median=129.5020 reference_median=122.9795 delta=6.5225 limit=2.4596 within=false
bound metric=ttft_ms arm=a18_head_copy vs=a09_slice10c arm_median=129.5000 reference_median=123.0000 delta=6.5000 limit=2.4600 within=false
bound metric=peak_rss_bytes arm=a18_head_copy vs=a09_slice10c arm_median=3632971776 reference_median=3628924928 delta=4046848 limit=72578499 within=true
bound metric=peak_footprint_bytes arm=a18_head_copy vs=a09_slice10c arm_median=209086720 reference_median=205482304 delta=3604416 limit=4109646 within=true
bound metric=peak_gpu_bytes arm=a18_head_copy vs=a09_slice10c arm_median=3386359808 reference_median=3386359808 delta=0 limit=67727196 within=true
bound metric=ms_per_token arm=a18_head_copy vs=a10_slice11 arm_median=11.7000 reference_median=11.6195 delta=0.0805 limit=0.2324 within=true
bound metric=prefill_ms arm=a18_head_copy vs=a10_slice11 arm_median=129.5020 reference_median=123.0270 delta=6.4750 limit=2.4605 within=false
bound metric=ttft_ms arm=a18_head_copy vs=a10_slice11 arm_median=129.5000 reference_median=123.0000 delta=6.5000 limit=2.4600 within=false
bound metric=peak_rss_bytes arm=a18_head_copy vs=a10_slice11 arm_median=3632971776 reference_median=3633381376 delta=-409600 limit=72667628 within=true
bound metric=peak_footprint_bytes arm=a18_head_copy vs=a10_slice11 arm_median=209086720 reference_median=212527360 delta=-3440640 limit=4250547 within=true
bound metric=peak_gpu_bytes arm=a18_head_copy vs=a10_slice11 arm_median=3386359808 reference_median=3386343424 delta=16384 limit=67726868 within=true
bound metric=ms_per_token arm=a18_head_copy vs=a11_slice12 arm_median=11.7000 reference_median=11.6070 delta=0.0930 limit=0.2321 within=true
bound metric=prefill_ms arm=a18_head_copy vs=a11_slice12 arm_median=129.5020 reference_median=127.9710 delta=1.5310 limit=5.9750 within=true
bound metric=ttft_ms arm=a18_head_copy vs=a11_slice12 arm_median=129.5000 reference_median=128.0000 delta=1.5000 limit=6.0000 within=true
bound metric=peak_rss_bytes arm=a18_head_copy vs=a11_slice12 arm_median=3632971776 reference_median=3642933248 delta=-9961472 limit=72858665 within=true
bound metric=peak_footprint_bytes arm=a18_head_copy vs=a11_slice12 arm_median=209086720 reference_median=212920768 delta=-3834048 limit=4258415 within=true
bound metric=peak_gpu_bytes arm=a18_head_copy vs=a11_slice12 arm_median=3386359808 reference_median=3386327040 delta=32768 limit=67726541 within=true
bound metric=ms_per_token arm=a18_head_copy vs=a12_eor arm_median=11.7000 reference_median=11.6030 delta=0.0970 limit=0.2321 within=true
bound metric=prefill_ms arm=a18_head_copy vs=a12_eor arm_median=129.5020 reference_median=123.0045 delta=6.4975 limit=2.4601 within=false
bound metric=ttft_ms arm=a18_head_copy vs=a12_eor arm_median=129.5000 reference_median=123.0000 delta=6.5000 limit=2.4600 within=false
bound metric=peak_rss_bytes arm=a18_head_copy vs=a12_eor arm_median=3632971776 reference_median=3634823168 delta=-1851392 limit=72696463 within=true
bound metric=peak_footprint_bytes arm=a18_head_copy vs=a12_eor arm_median=209086720 reference_median=212134016 delta=-3047296 limit=4242680 within=true
bound metric=peak_gpu_bytes arm=a18_head_copy vs=a12_eor arm_median=3386359808 reference_median=3386294272 delta=65536 limit=67725885 within=true
bound metric=ms_per_token arm=a18_head_copy vs=a13_f76b4a97 arm_median=11.7000 reference_median=11.6150 delta=0.0850 limit=0.2323 within=true
bound metric=prefill_ms arm=a18_head_copy vs=a13_f76b4a97 arm_median=129.5020 reference_median=122.9910 delta=6.5110 limit=2.4598 within=false
bound metric=ttft_ms arm=a18_head_copy vs=a13_f76b4a97 arm_median=129.5000 reference_median=123.0000 delta=6.5000 limit=2.4600 within=false
bound metric=peak_rss_bytes arm=a18_head_copy vs=a13_f76b4a97 arm_median=3632971776 reference_median=3633332224 delta=-360448 limit=72666644 within=true
bound metric=peak_footprint_bytes arm=a18_head_copy vs=a13_f76b4a97 arm_median=209086720 reference_median=215493248 delta=-6406528 limit=4309865 within=true
bound metric=peak_gpu_bytes arm=a18_head_copy vs=a13_f76b4a97 arm_median=3386359808 reference_median=3386490880 delta=-131072 limit=67729818 within=true
bound metric=ms_per_token arm=a18_head_copy vs=a14_tip_s1 arm_median=11.7000 reference_median=11.5840 delta=0.1160 limit=0.2317 within=true
bound metric=prefill_ms arm=a18_head_copy vs=a14_tip_s1 arm_median=129.5020 reference_median=126.9920 delta=2.5100 limit=4.0030 within=true
bound metric=ttft_ms arm=a18_head_copy vs=a14_tip_s1 arm_median=129.5000 reference_median=127.0000 delta=2.5000 limit=4.0000 within=true
bound metric=peak_rss_bytes arm=a18_head_copy vs=a14_tip_s1 arm_median=3632971776 reference_median=3620536320 delta=12435456 limit=72410726 within=true
bound metric=peak_footprint_bytes arm=a18_head_copy vs=a14_tip_s1 arm_median=209086720 reference_median=204073152 delta=5013568 limit=4081463 within=false
bound metric=peak_gpu_bytes arm=a18_head_copy vs=a14_tip_s1 arm_median=3386359808 reference_median=3386392576 delta=-32768 limit=67727852 within=true
bound metric=ms_per_token arm=a18_head_copy vs=a15_s2_mml arm_median=11.7000 reference_median=11.5620 delta=0.1380 limit=0.2312 within=true
bound metric=prefill_ms arm=a18_head_copy vs=a15_s2_mml arm_median=129.5020 reference_median=124.9900 delta=4.5120 limit=2.4998 within=false
bound metric=ttft_ms arm=a18_head_copy vs=a15_s2_mml arm_median=129.5000 reference_median=125.0000 delta=4.5000 limit=2.5000 within=false
bound metric=peak_rss_bytes arm=a18_head_copy vs=a15_s2_mml arm_median=3632971776 reference_median=3626369024 delta=6602752 limit=72527380 within=true
bound metric=peak_footprint_bytes arm=a18_head_copy vs=a15_s2_mml arm_median=209086720 reference_median=202942720 delta=6144000 limit=4058854 within=false
bound metric=peak_gpu_bytes arm=a18_head_copy vs=a15_s2_mml arm_median=3386359808 reference_median=3386425344 delta=-65536 limit=67728507 within=true
bound metric=ms_per_token arm=a18_head_copy vs=a16_s2fix_3a933038 arm_median=11.7000 reference_median=11.5790 delta=0.1210 limit=0.2316 within=true
bound metric=prefill_ms arm=a18_head_copy vs=a16_s2fix_3a933038 arm_median=129.5020 reference_median=129.0185 delta=0.4835 limit=4.9930 within=true
bound metric=ttft_ms arm=a18_head_copy vs=a16_s2fix_3a933038 arm_median=129.5000 reference_median=129.0000 delta=0.5000 limit=5.0000 within=true
bound metric=peak_rss_bytes arm=a18_head_copy vs=a16_s2fix_3a933038 arm_median=3632971776 reference_median=3624517632 delta=8454144 limit=72490353 within=true
bound metric=peak_footprint_bytes arm=a18_head_copy vs=a16_s2fix_3a933038 arm_median=209086720 reference_median=220621312 delta=-11534592 limit=4412426 within=true
bound metric=peak_gpu_bytes arm=a18_head_copy vs=a16_s2fix_3a933038 arm_median=3386359808 reference_median=3386392576 delta=-32768 limit=67727852 within=true
bound metric=ms_per_token arm=a18_head_copy vs=a17_head_8ef12e94 arm_median=11.7000 reference_median=11.5420 delta=0.1580 limit=0.2425 within=true
bound metric=prefill_ms arm=a18_head_copy vs=a17_head_8ef12e94 arm_median=129.5020 reference_median=129.0040 delta=0.4980 limit=5.0180 within=true
bound metric=ttft_ms arm=a18_head_copy vs=a17_head_8ef12e94 arm_median=129.5000 reference_median=129.0000 delta=0.5000 limit=5.0000 within=true
bound metric=peak_rss_bytes arm=a18_head_copy vs=a17_head_8ef12e94 arm_median=3632971776 reference_median=3656105984 delta=-23134208 limit=73122120 within=true
bound metric=peak_footprint_bytes arm=a18_head_copy vs=a17_head_8ef12e94 arm_median=209086720 reference_median=219769280 delta=-10682560 limit=4395386 within=true
bound metric=peak_gpu_bytes arm=a18_head_copy vs=a17_head_8ef12e94 arm_median=3386359808 reference_median=3386343424 delta=16384 limit=67726868 within=true
bound metric=ms_per_token arm=a18_head_copy vs=llama-server arm_median=11.7000 reference_median=9.0281 delta=2.6719 limit=0.1806 within=false
bound metric=prefill_ms arm=a18_head_copy vs=llama-server arm_median=129.5020 reference_median=57.5710 delta=71.9310 limit=1.1514 within=false
bound metric=ttft_ms arm=a18_head_copy vs=llama-server arm_median=129.5000 reference_median=58.1197 delta=71.3803 limit=1.1624 within=false
bound metric=peak_rss_bytes arm=a18_head_copy vs=llama-server arm_median=3632971776 reference_median=3687579648 delta=-54607872 limit=73751593 within=true
bound metric=peak_footprint_bytes arm=a18_head_copy vs=llama-server arm_median=209086720 reference_median=169011456 delta=40075264 limit=3380229 within=false
bound metric=peak_gpu_bytes arm=a18_head_copy vs=llama-server n=0
bound metric=ms_per_token arm=a19_0b_probe_9f0647da vs=a00_0b_9f0647da arm_median=11.8630 reference_median=11.6225 delta=0.2405 limit=0.2324 within=false
bound metric=prefill_ms arm=a19_0b_probe_9f0647da vs=a00_0b_9f0647da arm_median=133.9830 reference_median=124.9930 delta=8.9900 limit=2.4999 within=false
bound metric=ttft_ms arm=a19_0b_probe_9f0647da vs=a00_0b_9f0647da n=0
bound metric=peak_rss_bytes arm=a19_0b_probe_9f0647da vs=a00_0b_9f0647da arm_median=3634200576 reference_median=3642458112 delta=-8257536 limit=72849162 within=true
bound metric=peak_footprint_bytes arm=a19_0b_probe_9f0647da vs=a00_0b_9f0647da arm_median=213231936 reference_median=225896768 delta=-12664832 limit=4517935 within=true
bound metric=peak_gpu_bytes arm=a19_0b_probe_9f0647da vs=a00_0b_9f0647da n=0
bound metric=ms_per_token arm=a19_0b_probe_9f0647da vs=a01_0c_152467a9 arm_median=11.8630 reference_median=11.6140 delta=0.2490 limit=0.2323 within=false
bound metric=prefill_ms arm=a19_0b_probe_9f0647da vs=a01_0c_152467a9 arm_median=133.9830 reference_median=123.9930 delta=9.9900 limit=2.4799 within=false
bound metric=ttft_ms arm=a19_0b_probe_9f0647da vs=a01_0c_152467a9 arm_median=134.0000 reference_median=124.0000 delta=10.0000 limit=2.4800 within=false
bound metric=peak_rss_bytes arm=a19_0b_probe_9f0647da vs=a01_0c_152467a9 arm_median=3634200576 reference_median=3645833216 delta=-11632640 limit=72916664 within=true
bound metric=peak_footprint_bytes arm=a19_0b_probe_9f0647da vs=a01_0c_152467a9 arm_median=213231936 reference_median=217442688 delta=-4210752 limit=4348854 within=true
bound metric=peak_gpu_bytes arm=a19_0b_probe_9f0647da vs=a01_0c_152467a9 arm_median=3387637760 reference_median=3387523072 delta=114688 limit=67750461 within=true
bound metric=ms_per_token arm=a19_0b_probe_9f0647da vs=a02_slice5 arm_median=11.8630 reference_median=11.7360 delta=0.1270 limit=0.2347 within=true
bound metric=prefill_ms arm=a19_0b_probe_9f0647da vs=a02_slice5 arm_median=133.9830 reference_median=126.9975 delta=6.9855 limit=5.0080 within=false
bound metric=ttft_ms arm=a19_0b_probe_9f0647da vs=a02_slice5 arm_median=134.0000 reference_median=127.0000 delta=7.0000 limit=5.0000 within=false
bound metric=peak_rss_bytes arm=a19_0b_probe_9f0647da vs=a02_slice5 arm_median=3634200576 reference_median=3646291968 delta=-12091392 limit=72925839 within=true
bound metric=peak_footprint_bytes arm=a19_0b_probe_9f0647da vs=a02_slice5 arm_median=213231936 reference_median=218130816 delta=-4898880 limit=4362616 within=true
bound metric=peak_gpu_bytes arm=a19_0b_probe_9f0647da vs=a02_slice5 arm_median=3387637760 reference_median=3387539456 delta=98304 limit=67750789 within=true
bound metric=ms_per_token arm=a19_0b_probe_9f0647da vs=a03_slice6 arm_median=11.8630 reference_median=11.5930 delta=0.2700 limit=0.2319 within=false
bound metric=prefill_ms arm=a19_0b_probe_9f0647da vs=a03_slice6 arm_median=133.9830 reference_median=130.0260 delta=3.9570 limit=7.0330 within=true
bound metric=ttft_ms arm=a19_0b_probe_9f0647da vs=a03_slice6 arm_median=134.0000 reference_median=130.0000 delta=4.0000 limit=7.0000 within=true
bound metric=peak_rss_bytes arm=a19_0b_probe_9f0647da vs=a03_slice6 arm_median=3634200576 reference_median=3648700416 delta=-14499840 limit=72974008 within=true
bound metric=peak_footprint_bytes arm=a19_0b_probe_9f0647da vs=a03_slice6 arm_median=213231936 reference_median=213608640 delta=-376704 limit=4272173 within=true
bound metric=peak_gpu_bytes arm=a19_0b_probe_9f0647da vs=a03_slice6 arm_median=3387637760 reference_median=3387506688 delta=131072 limit=67750134 within=true
bound metric=ms_per_token arm=a19_0b_probe_9f0647da vs=a04_slice7 arm_median=11.8630 reference_median=11.6850 delta=0.1780 limit=0.2337 within=true
bound metric=prefill_ms arm=a19_0b_probe_9f0647da vs=a04_slice7 arm_median=133.9830 reference_median=128.9990 delta=4.9840 limit=6.0090 within=true
bound metric=ttft_ms arm=a19_0b_probe_9f0647da vs=a04_slice7 arm_median=134.0000 reference_median=129.0000 delta=5.0000 limit=6.0000 within=true
bound metric=peak_rss_bytes arm=a19_0b_probe_9f0647da vs=a04_slice7 arm_median=3634200576 reference_median=3636396032 delta=-2195456 limit=72727921 within=true
bound metric=peak_footprint_bytes arm=a19_0b_probe_9f0647da vs=a04_slice7 arm_median=213231936 reference_median=221849664 delta=-8617728 limit=4436993 within=true
bound metric=peak_gpu_bytes arm=a19_0b_probe_9f0647da vs=a04_slice7 arm_median=3387637760 reference_median=3387506688 delta=131072 limit=67750134 within=true
bound metric=ms_per_token arm=a19_0b_probe_9f0647da vs=a05_slice8 arm_median=11.8630 reference_median=11.6975 delta=0.1655 limit=0.2339 within=true
bound metric=prefill_ms arm=a19_0b_probe_9f0647da vs=a05_slice8 arm_median=133.9830 reference_median=127.0080 delta=6.9750 limit=5.0000 within=false
bound metric=ttft_ms arm=a19_0b_probe_9f0647da vs=a05_slice8 arm_median=134.0000 reference_median=127.0000 delta=7.0000 limit=5.0000 within=false
bound metric=peak_rss_bytes arm=a19_0b_probe_9f0647da vs=a05_slice8 arm_median=3634200576 reference_median=3640623104 delta=-6422528 limit=72812462 within=true
bound metric=peak_footprint_bytes arm=a19_0b_probe_9f0647da vs=a05_slice8 arm_median=213231936 reference_median=216410304 delta=-3178368 limit=4328206 within=true
bound metric=peak_gpu_bytes arm=a19_0b_probe_9f0647da vs=a05_slice8 arm_median=3387637760 reference_median=3386408960 delta=1228800 limit=67728179 within=true
bound metric=ms_per_token arm=a19_0b_probe_9f0647da vs=a06_slice9 arm_median=11.8630 reference_median=11.6570 delta=0.2060 limit=0.2331 within=true
bound metric=prefill_ms arm=a19_0b_probe_9f0647da vs=a06_slice9 arm_median=133.9830 reference_median=126.9920 delta=6.9910 limit=3.9950 within=false
bound metric=ttft_ms arm=a19_0b_probe_9f0647da vs=a06_slice9 arm_median=134.0000 reference_median=127.0000 delta=7.0000 limit=4.0000 within=false
bound metric=peak_rss_bytes arm=a19_0b_probe_9f0647da vs=a06_slice9 arm_median=3634200576 reference_median=3629006848 delta=5193728 limit=72580137 within=true
bound metric=peak_footprint_bytes arm=a19_0b_probe_9f0647da vs=a06_slice9 arm_median=213231936 reference_median=212166848 delta=1065088 limit=4243337 within=true
bound metric=peak_gpu_bytes arm=a19_0b_probe_9f0647da vs=a06_slice9 arm_median=3387637760 reference_median=3386277888 delta=1359872 limit=67725558 within=true
bound metric=ms_per_token arm=a19_0b_probe_9f0647da vs=a07_slice10b arm_median=11.8630 reference_median=11.6180 delta=0.2450 limit=0.2324 within=false
bound metric=prefill_ms arm=a19_0b_probe_9f0647da vs=a07_slice10b arm_median=133.9830 reference_median=127.0280 delta=6.9550 limit=5.0320 within=false
bound metric=ttft_ms arm=a19_0b_probe_9f0647da vs=a07_slice10b arm_median=134.0000 reference_median=127.0000 delta=7.0000 limit=5.0000 within=false
bound metric=peak_rss_bytes arm=a19_0b_probe_9f0647da vs=a07_slice10b arm_median=3634200576 reference_median=3635314688 delta=-1114112 limit=72706294 within=true
bound metric=peak_footprint_bytes arm=a19_0b_probe_9f0647da vs=a07_slice10b arm_median=213231936 reference_median=216656448 delta=-3424512 limit=4333129 within=true
bound metric=peak_gpu_bytes arm=a19_0b_probe_9f0647da vs=a07_slice10b arm_median=3387637760 reference_median=3386294272 delta=1343488 limit=67725885 within=true
bound metric=ms_per_token arm=a19_0b_probe_9f0647da vs=a08_slice10b_fix arm_median=11.8630 reference_median=11.6455 delta=0.2175 limit=0.2329 within=true
bound metric=prefill_ms arm=a19_0b_probe_9f0647da vs=a08_slice10b_fix arm_median=133.9830 reference_median=132.0240 delta=1.9590 limit=8.0310 within=true
bound metric=ttft_ms arm=a19_0b_probe_9f0647da vs=a08_slice10b_fix arm_median=134.0000 reference_median=132.0000 delta=2.0000 limit=8.0000 within=true
bound metric=peak_rss_bytes arm=a19_0b_probe_9f0647da vs=a08_slice10b_fix arm_median=3634200576 reference_median=3635888128 delta=-1687552 limit=72717763 within=true
bound metric=peak_footprint_bytes arm=a19_0b_probe_9f0647da vs=a08_slice10b_fix arm_median=213231936 reference_median=219408896 delta=-6176960 limit=4388178 within=true
bound metric=peak_gpu_bytes arm=a19_0b_probe_9f0647da vs=a08_slice10b_fix arm_median=3387637760 reference_median=3386392576 delta=1245184 limit=67727852 within=true
bound metric=ms_per_token arm=a19_0b_probe_9f0647da vs=a09_slice10c arm_median=11.8630 reference_median=11.6200 delta=0.2430 limit=0.2324 within=false
bound metric=prefill_ms arm=a19_0b_probe_9f0647da vs=a09_slice10c arm_median=133.9830 reference_median=122.9795 delta=11.0035 limit=2.4596 within=false
bound metric=ttft_ms arm=a19_0b_probe_9f0647da vs=a09_slice10c arm_median=134.0000 reference_median=123.0000 delta=11.0000 limit=2.4600 within=false
bound metric=peak_rss_bytes arm=a19_0b_probe_9f0647da vs=a09_slice10c arm_median=3634200576 reference_median=3628924928 delta=5275648 limit=72578499 within=true
bound metric=peak_footprint_bytes arm=a19_0b_probe_9f0647da vs=a09_slice10c arm_median=213231936 reference_median=205482304 delta=7749632 limit=4109646 within=false
bound metric=peak_gpu_bytes arm=a19_0b_probe_9f0647da vs=a09_slice10c arm_median=3387637760 reference_median=3386359808 delta=1277952 limit=67727196 within=true
bound metric=ms_per_token arm=a19_0b_probe_9f0647da vs=a10_slice11 arm_median=11.8630 reference_median=11.6195 delta=0.2435 limit=0.2324 within=false
bound metric=prefill_ms arm=a19_0b_probe_9f0647da vs=a10_slice11 arm_median=133.9830 reference_median=123.0270 delta=10.9560 limit=2.4605 within=false
bound metric=ttft_ms arm=a19_0b_probe_9f0647da vs=a10_slice11 arm_median=134.0000 reference_median=123.0000 delta=11.0000 limit=2.4600 within=false
bound metric=peak_rss_bytes arm=a19_0b_probe_9f0647da vs=a10_slice11 arm_median=3634200576 reference_median=3633381376 delta=819200 limit=72667628 within=true
bound metric=peak_footprint_bytes arm=a19_0b_probe_9f0647da vs=a10_slice11 arm_median=213231936 reference_median=212527360 delta=704576 limit=4250547 within=true
bound metric=peak_gpu_bytes arm=a19_0b_probe_9f0647da vs=a10_slice11 arm_median=3387637760 reference_median=3386343424 delta=1294336 limit=67726868 within=true
bound metric=ms_per_token arm=a19_0b_probe_9f0647da vs=a11_slice12 arm_median=11.8630 reference_median=11.6070 delta=0.2560 limit=0.2321 within=false
bound metric=prefill_ms arm=a19_0b_probe_9f0647da vs=a11_slice12 arm_median=133.9830 reference_median=127.9710 delta=6.0120 limit=5.9750 within=false
bound metric=ttft_ms arm=a19_0b_probe_9f0647da vs=a11_slice12 arm_median=134.0000 reference_median=128.0000 delta=6.0000 limit=6.0000 within=true
bound metric=peak_rss_bytes arm=a19_0b_probe_9f0647da vs=a11_slice12 arm_median=3634200576 reference_median=3642933248 delta=-8732672 limit=72858665 within=true
bound metric=peak_footprint_bytes arm=a19_0b_probe_9f0647da vs=a11_slice12 arm_median=213231936 reference_median=212920768 delta=311168 limit=4258415 within=true
bound metric=peak_gpu_bytes arm=a19_0b_probe_9f0647da vs=a11_slice12 arm_median=3387637760 reference_median=3386327040 delta=1310720 limit=67726541 within=true
bound metric=ms_per_token arm=a19_0b_probe_9f0647da vs=a12_eor arm_median=11.8630 reference_median=11.6030 delta=0.2600 limit=0.2321 within=false
bound metric=prefill_ms arm=a19_0b_probe_9f0647da vs=a12_eor arm_median=133.9830 reference_median=123.0045 delta=10.9785 limit=2.4601 within=false
bound metric=ttft_ms arm=a19_0b_probe_9f0647da vs=a12_eor arm_median=134.0000 reference_median=123.0000 delta=11.0000 limit=2.4600 within=false
bound metric=peak_rss_bytes arm=a19_0b_probe_9f0647da vs=a12_eor arm_median=3634200576 reference_median=3634823168 delta=-622592 limit=72696463 within=true
bound metric=peak_footprint_bytes arm=a19_0b_probe_9f0647da vs=a12_eor arm_median=213231936 reference_median=212134016 delta=1097920 limit=4242680 within=true
bound metric=peak_gpu_bytes arm=a19_0b_probe_9f0647da vs=a12_eor arm_median=3387637760 reference_median=3386294272 delta=1343488 limit=67725885 within=true
bound metric=ms_per_token arm=a19_0b_probe_9f0647da vs=a13_f76b4a97 arm_median=11.8630 reference_median=11.6150 delta=0.2480 limit=0.2323 within=false
bound metric=prefill_ms arm=a19_0b_probe_9f0647da vs=a13_f76b4a97 arm_median=133.9830 reference_median=122.9910 delta=10.9920 limit=2.4598 within=false
bound metric=ttft_ms arm=a19_0b_probe_9f0647da vs=a13_f76b4a97 arm_median=134.0000 reference_median=123.0000 delta=11.0000 limit=2.4600 within=false
bound metric=peak_rss_bytes arm=a19_0b_probe_9f0647da vs=a13_f76b4a97 arm_median=3634200576 reference_median=3633332224 delta=868352 limit=72666644 within=true
bound metric=peak_footprint_bytes arm=a19_0b_probe_9f0647da vs=a13_f76b4a97 arm_median=213231936 reference_median=215493248 delta=-2261312 limit=4309865 within=true
bound metric=peak_gpu_bytes arm=a19_0b_probe_9f0647da vs=a13_f76b4a97 arm_median=3387637760 reference_median=3386490880 delta=1146880 limit=67729818 within=true
bound metric=ms_per_token arm=a19_0b_probe_9f0647da vs=a14_tip_s1 arm_median=11.8630 reference_median=11.5840 delta=0.2790 limit=0.2317 within=false
bound metric=prefill_ms arm=a19_0b_probe_9f0647da vs=a14_tip_s1 arm_median=133.9830 reference_median=126.9920 delta=6.9910 limit=4.0030 within=false
bound metric=ttft_ms arm=a19_0b_probe_9f0647da vs=a14_tip_s1 arm_median=134.0000 reference_median=127.0000 delta=7.0000 limit=4.0000 within=false
bound metric=peak_rss_bytes arm=a19_0b_probe_9f0647da vs=a14_tip_s1 arm_median=3634200576 reference_median=3620536320 delta=13664256 limit=72410726 within=true
bound metric=peak_footprint_bytes arm=a19_0b_probe_9f0647da vs=a14_tip_s1 arm_median=213231936 reference_median=204073152 delta=9158784 limit=4081463 within=false
bound metric=peak_gpu_bytes arm=a19_0b_probe_9f0647da vs=a14_tip_s1 arm_median=3387637760 reference_median=3386392576 delta=1245184 limit=67727852 within=true
bound metric=ms_per_token arm=a19_0b_probe_9f0647da vs=a15_s2_mml arm_median=11.8630 reference_median=11.5620 delta=0.3010 limit=0.2312 within=false
bound metric=prefill_ms arm=a19_0b_probe_9f0647da vs=a15_s2_mml arm_median=133.9830 reference_median=124.9900 delta=8.9930 limit=2.4998 within=false
bound metric=ttft_ms arm=a19_0b_probe_9f0647da vs=a15_s2_mml arm_median=134.0000 reference_median=125.0000 delta=9.0000 limit=2.5000 within=false
bound metric=peak_rss_bytes arm=a19_0b_probe_9f0647da vs=a15_s2_mml arm_median=3634200576 reference_median=3626369024 delta=7831552 limit=72527380 within=true
bound metric=peak_footprint_bytes arm=a19_0b_probe_9f0647da vs=a15_s2_mml arm_median=213231936 reference_median=202942720 delta=10289216 limit=4058854 within=false
bound metric=peak_gpu_bytes arm=a19_0b_probe_9f0647da vs=a15_s2_mml arm_median=3387637760 reference_median=3386425344 delta=1212416 limit=67728507 within=true
bound metric=ms_per_token arm=a19_0b_probe_9f0647da vs=a16_s2fix_3a933038 arm_median=11.8630 reference_median=11.5790 delta=0.2840 limit=0.2316 within=false
bound metric=prefill_ms arm=a19_0b_probe_9f0647da vs=a16_s2fix_3a933038 arm_median=133.9830 reference_median=129.0185 delta=4.9645 limit=4.9930 within=true
bound metric=ttft_ms arm=a19_0b_probe_9f0647da vs=a16_s2fix_3a933038 arm_median=134.0000 reference_median=129.0000 delta=5.0000 limit=5.0000 within=true
bound metric=peak_rss_bytes arm=a19_0b_probe_9f0647da vs=a16_s2fix_3a933038 arm_median=3634200576 reference_median=3624517632 delta=9682944 limit=72490353 within=true
bound metric=peak_footprint_bytes arm=a19_0b_probe_9f0647da vs=a16_s2fix_3a933038 arm_median=213231936 reference_median=220621312 delta=-7389376 limit=4412426 within=true
bound metric=peak_gpu_bytes arm=a19_0b_probe_9f0647da vs=a16_s2fix_3a933038 arm_median=3387637760 reference_median=3386392576 delta=1245184 limit=67727852 within=true
bound metric=ms_per_token arm=a19_0b_probe_9f0647da vs=a17_head_8ef12e94 arm_median=11.8630 reference_median=11.5420 delta=0.3210 limit=0.2425 within=false
bound metric=prefill_ms arm=a19_0b_probe_9f0647da vs=a17_head_8ef12e94 arm_median=133.9830 reference_median=129.0040 delta=4.9790 limit=5.0180 within=true
bound metric=ttft_ms arm=a19_0b_probe_9f0647da vs=a17_head_8ef12e94 arm_median=134.0000 reference_median=129.0000 delta=5.0000 limit=5.0000 within=true
bound metric=peak_rss_bytes arm=a19_0b_probe_9f0647da vs=a17_head_8ef12e94 arm_median=3634200576 reference_median=3656105984 delta=-21905408 limit=73122120 within=true
bound metric=peak_footprint_bytes arm=a19_0b_probe_9f0647da vs=a17_head_8ef12e94 arm_median=213231936 reference_median=219769280 delta=-6537344 limit=4395386 within=true
bound metric=peak_gpu_bytes arm=a19_0b_probe_9f0647da vs=a17_head_8ef12e94 arm_median=3387637760 reference_median=3386343424 delta=1294336 limit=67726868 within=true
bound metric=ms_per_token arm=a19_0b_probe_9f0647da vs=a18_head_copy arm_median=11.8630 reference_median=11.7000 delta=0.1630 limit=0.2340 within=true
bound metric=prefill_ms arm=a19_0b_probe_9f0647da vs=a18_head_copy arm_median=133.9830 reference_median=129.5020 delta=4.4810 limit=5.5250 within=true
bound metric=ttft_ms arm=a19_0b_probe_9f0647da vs=a18_head_copy arm_median=134.0000 reference_median=129.5000 delta=4.5000 limit=5.5000 within=true
bound metric=peak_rss_bytes arm=a19_0b_probe_9f0647da vs=a18_head_copy arm_median=3634200576 reference_median=3632971776 delta=1228800 limit=72659436 within=true
bound metric=peak_footprint_bytes arm=a19_0b_probe_9f0647da vs=a18_head_copy arm_median=213231936 reference_median=209086720 delta=4145216 limit=4181734 within=true
bound metric=peak_gpu_bytes arm=a19_0b_probe_9f0647da vs=a18_head_copy arm_median=3387637760 reference_median=3386359808 delta=1277952 limit=67727196 within=true
bound metric=ms_per_token arm=a19_0b_probe_9f0647da vs=llama-server arm_median=11.8630 reference_median=9.0281 delta=2.8349 limit=0.1806 within=false
bound metric=prefill_ms arm=a19_0b_probe_9f0647da vs=llama-server arm_median=133.9830 reference_median=57.5710 delta=76.4120 limit=1.1514 within=false
bound metric=ttft_ms arm=a19_0b_probe_9f0647da vs=llama-server arm_median=134.0000 reference_median=58.1197 delta=75.8803 limit=1.1624 within=false
bound metric=peak_rss_bytes arm=a19_0b_probe_9f0647da vs=llama-server arm_median=3634200576 reference_median=3687579648 delta=-53379072 limit=73751593 within=true
bound metric=peak_footprint_bytes arm=a19_0b_probe_9f0647da vs=llama-server arm_median=213231936 reference_median=169011456 delta=44220480 limit=3380229 within=false
bound metric=peak_gpu_bytes arm=a19_0b_probe_9f0647da vs=llama-server n=0
ids arm=a00_0b_9f0647da run=0 len=64 llama_len=64 common_prefix=64 equal=true
ids arm=a00_0b_9f0647da run=1 len=64 llama_len=64 common_prefix=64 equal=true
ids arm=a00_0b_9f0647da run=2 len=64 llama_len=64 common_prefix=64 equal=true
ids arm=a00_0b_9f0647da run=3 len=64 llama_len=64 common_prefix=64 equal=true
ids arm=a00_0b_9f0647da run=4 len=64 llama_len=64 common_prefix=64 equal=true
ids arm=a00_0b_9f0647da run=5 len=64 llama_len=64 common_prefix=64 equal=true
ids arm=a00_0b_9f0647da run=6 len=64 llama_len=64 common_prefix=64 equal=true
ids arm=a00_0b_9f0647da run=7 len=64 llama_len=64 common_prefix=64 equal=true
ids arm=a00_0b_9f0647da run=8 len=64 llama_len=64 common_prefix=64 equal=true
ids arm=a00_0b_9f0647da run=9 len=64 llama_len=64 common_prefix=64 equal=true
ids arm=a00_0b_9f0647da run=10 len=64 llama_len=64 common_prefix=64 equal=true
ids arm=a00_0b_9f0647da run=11 len=64 llama_len=64 common_prefix=64 equal=true
ids arm=a00_0b_9f0647da run=12 len=64 llama_len=64 common_prefix=64 equal=true
ids arm=a00_0b_9f0647da run=13 len=64 llama_len=64 common_prefix=64 equal=true
ids arm=a00_0b_9f0647da run=14 len=64 llama_len=64 common_prefix=64 equal=true
ids arm=a00_0b_9f0647da run=15 len=64 llama_len=64 common_prefix=64 equal=true
ids arm=a00_0b_9f0647da run=16 len=64 llama_len=64 common_prefix=64 equal=true
ids arm=a00_0b_9f0647da run=17 len=64 llama_len=64 common_prefix=64 equal=true
ids arm=a00_0b_9f0647da run=18 len=64 llama_len=64 common_prefix=64 equal=true
ids arm=a00_0b_9f0647da run=19 len=64 llama_len=64 common_prefix=64 equal=true
ids arm=a00_0b_9f0647da run=20 len=64 llama_len=64 common_prefix=64 equal=true
ids arm=a00_0b_9f0647da run=21 len=64 llama_len=64 common_prefix=64 equal=true
ids arm=a00_0b_9f0647da run=22 len=64 llama_len=64 common_prefix=64 equal=true
ids arm=a00_0b_9f0647da run=23 len=64 llama_len=64 common_prefix=64 equal=true
ids arm=a01_0c_152467a9 run=0 len=64 llama_len=64 common_prefix=64 equal=true
ids arm=a01_0c_152467a9 run=1 len=64 llama_len=64 common_prefix=64 equal=true
ids arm=a01_0c_152467a9 run=2 len=64 llama_len=64 common_prefix=64 equal=true
ids arm=a01_0c_152467a9 run=3 len=64 llama_len=64 common_prefix=64 equal=true
ids arm=a01_0c_152467a9 run=4 len=64 llama_len=64 common_prefix=64 equal=true
ids arm=a01_0c_152467a9 run=5 len=64 llama_len=64 common_prefix=64 equal=true
ids arm=a01_0c_152467a9 run=6 len=64 llama_len=64 common_prefix=64 equal=true
ids arm=a01_0c_152467a9 run=7 len=64 llama_len=64 common_prefix=64 equal=true
ids arm=a01_0c_152467a9 run=8 len=64 llama_len=64 common_prefix=64 equal=true
ids arm=a01_0c_152467a9 run=9 len=64 llama_len=64 common_prefix=64 equal=true
ids arm=a01_0c_152467a9 run=10 len=64 llama_len=64 common_prefix=64 equal=true
ids arm=a01_0c_152467a9 run=11 len=64 llama_len=64 common_prefix=64 equal=true
ids arm=a01_0c_152467a9 run=12 len=64 llama_len=64 common_prefix=64 equal=true
ids arm=a01_0c_152467a9 run=13 len=64 llama_len=64 common_prefix=64 equal=true
ids arm=a01_0c_152467a9 run=14 len=64 llama_len=64 common_prefix=64 equal=true
ids arm=a01_0c_152467a9 run=15 len=64 llama_len=64 common_prefix=64 equal=true
ids arm=a01_0c_152467a9 run=16 len=64 llama_len=64 common_prefix=64 equal=true
ids arm=a01_0c_152467a9 run=17 len=64 llama_len=64 common_prefix=64 equal=true
ids arm=a01_0c_152467a9 run=18 len=64 llama_len=64 common_prefix=64 equal=true
ids arm=a01_0c_152467a9 run=19 len=64 llama_len=64 common_prefix=64 equal=true
ids arm=a01_0c_152467a9 run=20 len=64 llama_len=64 common_prefix=64 equal=true
ids arm=a01_0c_152467a9 run=21 len=64 llama_len=64 common_prefix=64 equal=true
ids arm=a01_0c_152467a9 run=22 len=64 llama_len=64 common_prefix=64 equal=true
ids arm=a01_0c_152467a9 run=23 len=64 llama_len=64 common_prefix=64 equal=true
ids arm=a02_slice5 run=0 len=64 llama_len=64 common_prefix=64 equal=true
ids arm=a02_slice5 run=1 len=64 llama_len=64 common_prefix=64 equal=true
ids arm=a02_slice5 run=2 len=64 llama_len=64 common_prefix=64 equal=true
ids arm=a02_slice5 run=3 len=64 llama_len=64 common_prefix=64 equal=true
ids arm=a02_slice5 run=4 len=64 llama_len=64 common_prefix=64 equal=true
ids arm=a02_slice5 run=5 len=64 llama_len=64 common_prefix=64 equal=true
ids arm=a02_slice5 run=6 len=64 llama_len=64 common_prefix=64 equal=true
ids arm=a02_slice5 run=7 len=64 llama_len=64 common_prefix=64 equal=true
ids arm=a02_slice5 run=8 len=64 llama_len=64 common_prefix=64 equal=true
ids arm=a02_slice5 run=9 len=64 llama_len=64 common_prefix=64 equal=true
ids arm=a02_slice5 run=10 len=64 llama_len=64 common_prefix=64 equal=true
ids arm=a02_slice5 run=11 len=64 llama_len=64 common_prefix=64 equal=true
ids arm=a02_slice5 run=12 len=64 llama_len=64 common_prefix=64 equal=true
ids arm=a02_slice5 run=13 len=64 llama_len=64 common_prefix=64 equal=true
ids arm=a02_slice5 run=14 len=64 llama_len=64 common_prefix=64 equal=true
ids arm=a02_slice5 run=15 len=64 llama_len=64 common_prefix=64 equal=true
ids arm=a02_slice5 run=16 len=64 llama_len=64 common_prefix=64 equal=true
ids arm=a02_slice5 run=17 len=64 llama_len=64 common_prefix=64 equal=true
ids arm=a02_slice5 run=18 len=64 llama_len=64 common_prefix=64 equal=true
ids arm=a02_slice5 run=19 len=64 llama_len=64 common_prefix=64 equal=true
ids arm=a02_slice5 run=20 len=64 llama_len=64 common_prefix=64 equal=true
ids arm=a02_slice5 run=21 len=64 llama_len=64 common_prefix=64 equal=true
ids arm=a02_slice5 run=22 len=64 llama_len=64 common_prefix=64 equal=true
ids arm=a02_slice5 run=23 len=64 llama_len=64 common_prefix=64 equal=true
ids arm=a03_slice6 run=0 len=64 llama_len=64 common_prefix=64 equal=true
ids arm=a03_slice6 run=1 len=64 llama_len=64 common_prefix=64 equal=true
ids arm=a03_slice6 run=2 len=64 llama_len=64 common_prefix=64 equal=true
ids arm=a03_slice6 run=3 len=64 llama_len=64 common_prefix=64 equal=true
ids arm=a03_slice6 run=4 len=64 llama_len=64 common_prefix=64 equal=true
ids arm=a03_slice6 run=5 len=64 llama_len=64 common_prefix=64 equal=true
ids arm=a03_slice6 run=6 len=64 llama_len=64 common_prefix=64 equal=true
ids arm=a03_slice6 run=7 len=64 llama_len=64 common_prefix=64 equal=true
ids arm=a03_slice6 run=8 len=64 llama_len=64 common_prefix=64 equal=true
ids arm=a03_slice6 run=9 len=64 llama_len=64 common_prefix=64 equal=true
ids arm=a03_slice6 run=10 len=64 llama_len=64 common_prefix=64 equal=true
ids arm=a03_slice6 run=11 len=64 llama_len=64 common_prefix=64 equal=true
ids arm=a03_slice6 run=12 len=64 llama_len=64 common_prefix=64 equal=true
ids arm=a03_slice6 run=13 len=64 llama_len=64 common_prefix=64 equal=true
ids arm=a03_slice6 run=14 len=64 llama_len=64 common_prefix=64 equal=true
ids arm=a03_slice6 run=15 len=64 llama_len=64 common_prefix=64 equal=true
ids arm=a03_slice6 run=16 len=64 llama_len=64 common_prefix=64 equal=true
ids arm=a03_slice6 run=17 len=64 llama_len=64 common_prefix=64 equal=true
ids arm=a03_slice6 run=18 len=64 llama_len=64 common_prefix=64 equal=true
ids arm=a03_slice6 run=19 len=64 llama_len=64 common_prefix=64 equal=true
ids arm=a03_slice6 run=20 len=64 llama_len=64 common_prefix=64 equal=true
ids arm=a03_slice6 run=21 len=64 llama_len=64 common_prefix=64 equal=true
ids arm=a03_slice6 run=22 len=64 llama_len=64 common_prefix=64 equal=true
ids arm=a03_slice6 run=23 len=64 llama_len=64 common_prefix=64 equal=true
ids arm=a04_slice7 run=0 len=64 llama_len=64 common_prefix=64 equal=true
ids arm=a04_slice7 run=1 len=64 llama_len=64 common_prefix=64 equal=true
ids arm=a04_slice7 run=2 len=64 llama_len=64 common_prefix=64 equal=true
ids arm=a04_slice7 run=3 len=64 llama_len=64 common_prefix=64 equal=true
ids arm=a04_slice7 run=4 len=64 llama_len=64 common_prefix=64 equal=true
ids arm=a04_slice7 run=5 len=64 llama_len=64 common_prefix=64 equal=true
ids arm=a04_slice7 run=6 len=64 llama_len=64 common_prefix=64 equal=true
ids arm=a04_slice7 run=7 len=64 llama_len=64 common_prefix=64 equal=true
ids arm=a04_slice7 run=8 len=64 llama_len=64 common_prefix=64 equal=true
ids arm=a04_slice7 run=9 len=64 llama_len=64 common_prefix=64 equal=true
ids arm=a04_slice7 run=10 len=64 llama_len=64 common_prefix=64 equal=true
ids arm=a04_slice7 run=11 len=64 llama_len=64 common_prefix=64 equal=true
ids arm=a04_slice7 run=12 len=64 llama_len=64 common_prefix=64 equal=true
ids arm=a04_slice7 run=13 len=64 llama_len=64 common_prefix=64 equal=true
ids arm=a04_slice7 run=14 len=64 llama_len=64 common_prefix=64 equal=true
ids arm=a04_slice7 run=15 len=64 llama_len=64 common_prefix=64 equal=true
ids arm=a04_slice7 run=16 len=64 llama_len=64 common_prefix=64 equal=true
ids arm=a04_slice7 run=17 len=64 llama_len=64 common_prefix=64 equal=true
ids arm=a04_slice7 run=18 len=64 llama_len=64 common_prefix=64 equal=true
ids arm=a04_slice7 run=19 len=64 llama_len=64 common_prefix=64 equal=true
ids arm=a04_slice7 run=20 len=64 llama_len=64 common_prefix=64 equal=true
ids arm=a04_slice7 run=21 len=64 llama_len=64 common_prefix=64 equal=true
ids arm=a04_slice7 run=22 len=64 llama_len=64 common_prefix=64 equal=true
ids arm=a04_slice7 run=23 len=64 llama_len=64 common_prefix=64 equal=true
ids arm=a05_slice8 run=0 len=64 llama_len=64 common_prefix=64 equal=true
ids arm=a05_slice8 run=1 len=64 llama_len=64 common_prefix=64 equal=true
ids arm=a05_slice8 run=2 len=64 llama_len=64 common_prefix=64 equal=true
ids arm=a05_slice8 run=3 len=64 llama_len=64 common_prefix=64 equal=true
ids arm=a05_slice8 run=4 len=64 llama_len=64 common_prefix=64 equal=true
ids arm=a05_slice8 run=5 len=64 llama_len=64 common_prefix=64 equal=true
ids arm=a05_slice8 run=6 len=64 llama_len=64 common_prefix=64 equal=true
ids arm=a05_slice8 run=7 len=64 llama_len=64 common_prefix=64 equal=true
ids arm=a05_slice8 run=8 len=64 llama_len=64 common_prefix=64 equal=true
ids arm=a05_slice8 run=9 len=64 llama_len=64 common_prefix=64 equal=true
ids arm=a05_slice8 run=10 len=64 llama_len=64 common_prefix=64 equal=true
ids arm=a05_slice8 run=11 len=64 llama_len=64 common_prefix=64 equal=true
ids arm=a05_slice8 run=12 len=64 llama_len=64 common_prefix=64 equal=true
ids arm=a05_slice8 run=13 len=64 llama_len=64 common_prefix=64 equal=true
ids arm=a05_slice8 run=14 len=64 llama_len=64 common_prefix=64 equal=true
ids arm=a05_slice8 run=15 len=64 llama_len=64 common_prefix=64 equal=true
ids arm=a05_slice8 run=16 len=64 llama_len=64 common_prefix=64 equal=true
ids arm=a05_slice8 run=17 len=64 llama_len=64 common_prefix=64 equal=true
ids arm=a05_slice8 run=18 len=64 llama_len=64 common_prefix=64 equal=true
ids arm=a05_slice8 run=19 len=64 llama_len=64 common_prefix=64 equal=true
ids arm=a05_slice8 run=20 len=64 llama_len=64 common_prefix=64 equal=true
ids arm=a05_slice8 run=21 len=64 llama_len=64 common_prefix=64 equal=true
ids arm=a05_slice8 run=22 len=64 llama_len=64 common_prefix=64 equal=true
ids arm=a05_slice8 run=23 len=64 llama_len=64 common_prefix=64 equal=true
ids arm=a06_slice9 run=0 len=64 llama_len=64 common_prefix=64 equal=true
ids arm=a06_slice9 run=1 len=64 llama_len=64 common_prefix=64 equal=true
ids arm=a06_slice9 run=2 len=64 llama_len=64 common_prefix=64 equal=true
ids arm=a06_slice9 run=3 len=64 llama_len=64 common_prefix=64 equal=true
ids arm=a06_slice9 run=4 len=64 llama_len=64 common_prefix=64 equal=true
ids arm=a06_slice9 run=5 len=64 llama_len=64 common_prefix=64 equal=true
ids arm=a06_slice9 run=6 len=64 llama_len=64 common_prefix=64 equal=true
ids arm=a06_slice9 run=7 len=64 llama_len=64 common_prefix=64 equal=true
ids arm=a06_slice9 run=8 len=64 llama_len=64 common_prefix=64 equal=true
ids arm=a06_slice9 run=9 len=64 llama_len=64 common_prefix=64 equal=true
ids arm=a06_slice9 run=10 len=64 llama_len=64 common_prefix=64 equal=true
ids arm=a06_slice9 run=11 len=64 llama_len=64 common_prefix=64 equal=true
ids arm=a06_slice9 run=12 len=64 llama_len=64 common_prefix=64 equal=true
ids arm=a06_slice9 run=13 len=64 llama_len=64 common_prefix=64 equal=true
ids arm=a06_slice9 run=14 len=64 llama_len=64 common_prefix=64 equal=true
ids arm=a06_slice9 run=15 len=64 llama_len=64 common_prefix=64 equal=true
ids arm=a06_slice9 run=16 len=64 llama_len=64 common_prefix=64 equal=true
ids arm=a06_slice9 run=17 len=64 llama_len=64 common_prefix=64 equal=true
ids arm=a06_slice9 run=18 len=64 llama_len=64 common_prefix=64 equal=true
ids arm=a06_slice9 run=19 len=64 llama_len=64 common_prefix=64 equal=true
ids arm=a06_slice9 run=20 len=64 llama_len=64 common_prefix=64 equal=true
ids arm=a06_slice9 run=21 len=64 llama_len=64 common_prefix=64 equal=true
ids arm=a06_slice9 run=22 len=64 llama_len=64 common_prefix=64 equal=true
ids arm=a06_slice9 run=23 len=64 llama_len=64 common_prefix=64 equal=true
ids arm=a07_slice10b run=0 len=64 llama_len=64 common_prefix=64 equal=true
ids arm=a07_slice10b run=1 len=64 llama_len=64 common_prefix=64 equal=true
ids arm=a07_slice10b run=2 len=64 llama_len=64 common_prefix=64 equal=true
ids arm=a07_slice10b run=3 len=64 llama_len=64 common_prefix=64 equal=true
ids arm=a07_slice10b run=4 len=64 llama_len=64 common_prefix=64 equal=true
ids arm=a07_slice10b run=5 len=64 llama_len=64 common_prefix=64 equal=true
ids arm=a07_slice10b run=6 len=64 llama_len=64 common_prefix=64 equal=true
ids arm=a07_slice10b run=7 len=64 llama_len=64 common_prefix=64 equal=true
ids arm=a07_slice10b run=8 len=64 llama_len=64 common_prefix=64 equal=true
ids arm=a07_slice10b run=9 len=64 llama_len=64 common_prefix=64 equal=true
ids arm=a07_slice10b run=10 len=64 llama_len=64 common_prefix=64 equal=true
ids arm=a07_slice10b run=11 len=64 llama_len=64 common_prefix=64 equal=true
ids arm=a07_slice10b run=12 len=64 llama_len=64 common_prefix=64 equal=true
ids arm=a07_slice10b run=13 len=64 llama_len=64 common_prefix=64 equal=true
ids arm=a07_slice10b run=14 len=64 llama_len=64 common_prefix=64 equal=true
ids arm=a07_slice10b run=15 len=64 llama_len=64 common_prefix=64 equal=true
ids arm=a07_slice10b run=16 len=64 llama_len=64 common_prefix=64 equal=true
ids arm=a07_slice10b run=17 len=64 llama_len=64 common_prefix=64 equal=true
ids arm=a07_slice10b run=18 len=64 llama_len=64 common_prefix=64 equal=true
ids arm=a07_slice10b run=19 len=64 llama_len=64 common_prefix=64 equal=true
ids arm=a07_slice10b run=20 len=64 llama_len=64 common_prefix=64 equal=true
ids arm=a07_slice10b run=21 len=64 llama_len=64 common_prefix=64 equal=true
ids arm=a07_slice10b run=22 len=64 llama_len=64 common_prefix=64 equal=true
ids arm=a07_slice10b run=23 len=64 llama_len=64 common_prefix=64 equal=true
ids arm=a08_slice10b_fix run=0 len=64 llama_len=64 common_prefix=64 equal=true
ids arm=a08_slice10b_fix run=1 len=64 llama_len=64 common_prefix=64 equal=true
ids arm=a08_slice10b_fix run=2 len=64 llama_len=64 common_prefix=64 equal=true
ids arm=a08_slice10b_fix run=3 len=64 llama_len=64 common_prefix=64 equal=true
ids arm=a08_slice10b_fix run=4 len=64 llama_len=64 common_prefix=64 equal=true
ids arm=a08_slice10b_fix run=5 len=64 llama_len=64 common_prefix=64 equal=true
ids arm=a08_slice10b_fix run=6 len=64 llama_len=64 common_prefix=64 equal=true
ids arm=a08_slice10b_fix run=7 len=64 llama_len=64 common_prefix=64 equal=true
ids arm=a08_slice10b_fix run=8 len=64 llama_len=64 common_prefix=64 equal=true
ids arm=a08_slice10b_fix run=9 len=64 llama_len=64 common_prefix=64 equal=true
ids arm=a08_slice10b_fix run=10 len=64 llama_len=64 common_prefix=64 equal=true
ids arm=a08_slice10b_fix run=11 len=64 llama_len=64 common_prefix=64 equal=true
ids arm=a08_slice10b_fix run=12 len=64 llama_len=64 common_prefix=64 equal=true
ids arm=a08_slice10b_fix run=13 len=64 llama_len=64 common_prefix=64 equal=true
ids arm=a08_slice10b_fix run=14 len=64 llama_len=64 common_prefix=64 equal=true
ids arm=a08_slice10b_fix run=15 len=64 llama_len=64 common_prefix=64 equal=true
ids arm=a08_slice10b_fix run=16 len=64 llama_len=64 common_prefix=64 equal=true
ids arm=a08_slice10b_fix run=17 len=64 llama_len=64 common_prefix=64 equal=true
ids arm=a08_slice10b_fix run=18 len=64 llama_len=64 common_prefix=64 equal=true
ids arm=a08_slice10b_fix run=19 len=64 llama_len=64 common_prefix=64 equal=true
ids arm=a08_slice10b_fix run=20 len=64 llama_len=64 common_prefix=64 equal=true
ids arm=a08_slice10b_fix run=21 len=64 llama_len=64 common_prefix=64 equal=true
ids arm=a08_slice10b_fix run=22 len=64 llama_len=64 common_prefix=64 equal=true
ids arm=a08_slice10b_fix run=23 len=64 llama_len=64 common_prefix=64 equal=true
ids arm=a09_slice10c run=0 len=64 llama_len=64 common_prefix=64 equal=true
ids arm=a09_slice10c run=1 len=64 llama_len=64 common_prefix=64 equal=true
ids arm=a09_slice10c run=2 len=64 llama_len=64 common_prefix=64 equal=true
ids arm=a09_slice10c run=3 len=64 llama_len=64 common_prefix=64 equal=true
ids arm=a09_slice10c run=4 len=64 llama_len=64 common_prefix=64 equal=true
ids arm=a09_slice10c run=5 len=64 llama_len=64 common_prefix=64 equal=true
ids arm=a09_slice10c run=6 len=64 llama_len=64 common_prefix=64 equal=true
ids arm=a09_slice10c run=7 len=64 llama_len=64 common_prefix=64 equal=true
ids arm=a09_slice10c run=8 len=64 llama_len=64 common_prefix=64 equal=true
ids arm=a09_slice10c run=9 len=64 llama_len=64 common_prefix=64 equal=true
ids arm=a09_slice10c run=10 len=64 llama_len=64 common_prefix=64 equal=true
ids arm=a09_slice10c run=11 len=64 llama_len=64 common_prefix=64 equal=true
ids arm=a09_slice10c run=12 len=64 llama_len=64 common_prefix=64 equal=true
ids arm=a09_slice10c run=13 len=64 llama_len=64 common_prefix=64 equal=true
ids arm=a09_slice10c run=14 len=64 llama_len=64 common_prefix=64 equal=true
ids arm=a09_slice10c run=15 len=64 llama_len=64 common_prefix=64 equal=true
ids arm=a09_slice10c run=16 len=64 llama_len=64 common_prefix=64 equal=true
ids arm=a09_slice10c run=17 len=64 llama_len=64 common_prefix=64 equal=true
ids arm=a09_slice10c run=18 len=64 llama_len=64 common_prefix=64 equal=true
ids arm=a09_slice10c run=19 len=64 llama_len=64 common_prefix=64 equal=true
ids arm=a09_slice10c run=20 len=64 llama_len=64 common_prefix=64 equal=true
ids arm=a09_slice10c run=21 len=64 llama_len=64 common_prefix=64 equal=true
ids arm=a09_slice10c run=22 len=64 llama_len=64 common_prefix=64 equal=true
ids arm=a09_slice10c run=23 len=64 llama_len=64 common_prefix=64 equal=true
ids arm=a10_slice11 run=0 len=64 llama_len=64 common_prefix=64 equal=true
ids arm=a10_slice11 run=1 len=64 llama_len=64 common_prefix=64 equal=true
ids arm=a10_slice11 run=2 len=64 llama_len=64 common_prefix=64 equal=true
ids arm=a10_slice11 run=3 len=64 llama_len=64 common_prefix=64 equal=true
ids arm=a10_slice11 run=4 len=64 llama_len=64 common_prefix=64 equal=true
ids arm=a10_slice11 run=5 len=64 llama_len=64 common_prefix=64 equal=true
ids arm=a10_slice11 run=6 len=64 llama_len=64 common_prefix=64 equal=true
ids arm=a10_slice11 run=7 len=64 llama_len=64 common_prefix=64 equal=true
ids arm=a10_slice11 run=8 len=64 llama_len=64 common_prefix=64 equal=true
ids arm=a10_slice11 run=9 len=64 llama_len=64 common_prefix=64 equal=true
ids arm=a10_slice11 run=10 len=64 llama_len=64 common_prefix=64 equal=true
ids arm=a10_slice11 run=11 len=64 llama_len=64 common_prefix=64 equal=true
ids arm=a10_slice11 run=12 len=64 llama_len=64 common_prefix=64 equal=true
ids arm=a10_slice11 run=13 len=64 llama_len=64 common_prefix=64 equal=true
ids arm=a10_slice11 run=14 len=64 llama_len=64 common_prefix=64 equal=true
ids arm=a10_slice11 run=15 len=64 llama_len=64 common_prefix=64 equal=true
ids arm=a10_slice11 run=16 len=64 llama_len=64 common_prefix=64 equal=true
ids arm=a10_slice11 run=17 len=64 llama_len=64 common_prefix=64 equal=true
ids arm=a10_slice11 run=18 len=64 llama_len=64 common_prefix=64 equal=true
ids arm=a10_slice11 run=19 len=64 llama_len=64 common_prefix=64 equal=true
ids arm=a10_slice11 run=20 len=64 llama_len=64 common_prefix=64 equal=true
ids arm=a10_slice11 run=21 len=64 llama_len=64 common_prefix=64 equal=true
ids arm=a10_slice11 run=22 len=64 llama_len=64 common_prefix=64 equal=true
ids arm=a10_slice11 run=23 len=64 llama_len=64 common_prefix=64 equal=true
ids arm=a11_slice12 run=0 len=64 llama_len=64 common_prefix=64 equal=true
ids arm=a11_slice12 run=1 len=64 llama_len=64 common_prefix=64 equal=true
ids arm=a11_slice12 run=2 len=64 llama_len=64 common_prefix=64 equal=true
ids arm=a11_slice12 run=3 len=64 llama_len=64 common_prefix=64 equal=true
ids arm=a11_slice12 run=4 len=64 llama_len=64 common_prefix=64 equal=true
ids arm=a11_slice12 run=5 len=64 llama_len=64 common_prefix=64 equal=true
ids arm=a11_slice12 run=6 len=64 llama_len=64 common_prefix=64 equal=true
ids arm=a11_slice12 run=7 len=64 llama_len=64 common_prefix=64 equal=true
ids arm=a11_slice12 run=8 len=64 llama_len=64 common_prefix=64 equal=true
ids arm=a11_slice12 run=9 len=64 llama_len=64 common_prefix=64 equal=true
ids arm=a11_slice12 run=10 len=64 llama_len=64 common_prefix=64 equal=true
ids arm=a11_slice12 run=11 len=64 llama_len=64 common_prefix=64 equal=true
ids arm=a11_slice12 run=12 len=64 llama_len=64 common_prefix=64 equal=true
ids arm=a11_slice12 run=13 len=64 llama_len=64 common_prefix=64 equal=true
ids arm=a11_slice12 run=14 len=64 llama_len=64 common_prefix=64 equal=true
ids arm=a11_slice12 run=15 len=64 llama_len=64 common_prefix=64 equal=true
ids arm=a11_slice12 run=16 len=64 llama_len=64 common_prefix=64 equal=true
ids arm=a11_slice12 run=17 len=64 llama_len=64 common_prefix=64 equal=true
ids arm=a11_slice12 run=18 len=64 llama_len=64 common_prefix=64 equal=true
ids arm=a11_slice12 run=19 len=64 llama_len=64 common_prefix=64 equal=true
ids arm=a11_slice12 run=20 len=64 llama_len=64 common_prefix=64 equal=true
ids arm=a11_slice12 run=21 len=64 llama_len=64 common_prefix=64 equal=true
ids arm=a11_slice12 run=22 len=64 llama_len=64 common_prefix=64 equal=true
ids arm=a11_slice12 run=23 len=64 llama_len=64 common_prefix=64 equal=true
ids arm=a12_eor run=0 len=64 llama_len=64 common_prefix=64 equal=true
ids arm=a12_eor run=1 len=64 llama_len=64 common_prefix=64 equal=true
ids arm=a12_eor run=2 len=64 llama_len=64 common_prefix=64 equal=true
ids arm=a12_eor run=3 len=64 llama_len=64 common_prefix=64 equal=true
ids arm=a12_eor run=4 len=64 llama_len=64 common_prefix=64 equal=true
ids arm=a12_eor run=5 len=64 llama_len=64 common_prefix=64 equal=true
ids arm=a12_eor run=6 len=64 llama_len=64 common_prefix=64 equal=true
ids arm=a12_eor run=7 len=64 llama_len=64 common_prefix=64 equal=true
ids arm=a12_eor run=8 len=64 llama_len=64 common_prefix=64 equal=true
ids arm=a12_eor run=9 len=64 llama_len=64 common_prefix=64 equal=true
ids arm=a12_eor run=10 len=64 llama_len=64 common_prefix=64 equal=true
ids arm=a12_eor run=11 len=64 llama_len=64 common_prefix=64 equal=true
ids arm=a12_eor run=12 len=64 llama_len=64 common_prefix=64 equal=true
ids arm=a12_eor run=13 len=64 llama_len=64 common_prefix=64 equal=true
ids arm=a12_eor run=14 len=64 llama_len=64 common_prefix=64 equal=true
ids arm=a12_eor run=15 len=64 llama_len=64 common_prefix=64 equal=true
ids arm=a12_eor run=16 len=64 llama_len=64 common_prefix=64 equal=true
ids arm=a12_eor run=17 len=64 llama_len=64 common_prefix=64 equal=true
ids arm=a12_eor run=18 len=64 llama_len=64 common_prefix=64 equal=true
ids arm=a12_eor run=19 len=64 llama_len=64 common_prefix=64 equal=true
ids arm=a12_eor run=20 len=64 llama_len=64 common_prefix=64 equal=true
ids arm=a12_eor run=21 len=64 llama_len=64 common_prefix=64 equal=true
ids arm=a12_eor run=22 len=64 llama_len=64 common_prefix=64 equal=true
ids arm=a12_eor run=23 len=64 llama_len=64 common_prefix=64 equal=true
ids arm=a13_f76b4a97 run=0 len=64 llama_len=64 common_prefix=64 equal=true
ids arm=a13_f76b4a97 run=1 len=64 llama_len=64 common_prefix=64 equal=true
ids arm=a13_f76b4a97 run=2 len=64 llama_len=64 common_prefix=64 equal=true
ids arm=a13_f76b4a97 run=3 len=64 llama_len=64 common_prefix=64 equal=true
ids arm=a13_f76b4a97 run=4 len=64 llama_len=64 common_prefix=64 equal=true
ids arm=a13_f76b4a97 run=5 len=64 llama_len=64 common_prefix=64 equal=true
ids arm=a13_f76b4a97 run=6 len=64 llama_len=64 common_prefix=64 equal=true
ids arm=a13_f76b4a97 run=7 len=64 llama_len=64 common_prefix=64 equal=true
ids arm=a13_f76b4a97 run=8 len=64 llama_len=64 common_prefix=64 equal=true
ids arm=a13_f76b4a97 run=9 len=64 llama_len=64 common_prefix=64 equal=true
ids arm=a13_f76b4a97 run=10 len=64 llama_len=64 common_prefix=64 equal=true
ids arm=a13_f76b4a97 run=11 len=64 llama_len=64 common_prefix=64 equal=true
ids arm=a13_f76b4a97 run=12 len=64 llama_len=64 common_prefix=64 equal=true
ids arm=a13_f76b4a97 run=13 len=64 llama_len=64 common_prefix=64 equal=true
ids arm=a13_f76b4a97 run=14 len=64 llama_len=64 common_prefix=64 equal=true
ids arm=a13_f76b4a97 run=15 len=64 llama_len=64 common_prefix=64 equal=true
ids arm=a13_f76b4a97 run=16 len=64 llama_len=64 common_prefix=64 equal=true
ids arm=a13_f76b4a97 run=17 len=64 llama_len=64 common_prefix=64 equal=true
ids arm=a13_f76b4a97 run=18 len=64 llama_len=64 common_prefix=64 equal=true
ids arm=a13_f76b4a97 run=19 len=64 llama_len=64 common_prefix=64 equal=true
ids arm=a13_f76b4a97 run=20 len=64 llama_len=64 common_prefix=64 equal=true
ids arm=a13_f76b4a97 run=21 len=64 llama_len=64 common_prefix=64 equal=true
ids arm=a13_f76b4a97 run=22 len=64 llama_len=64 common_prefix=64 equal=true
ids arm=a13_f76b4a97 run=23 len=64 llama_len=64 common_prefix=64 equal=true
ids arm=a14_tip_s1 run=0 len=64 llama_len=64 common_prefix=64 equal=true
ids arm=a14_tip_s1 run=1 len=64 llama_len=64 common_prefix=64 equal=true
ids arm=a14_tip_s1 run=2 len=64 llama_len=64 common_prefix=64 equal=true
ids arm=a14_tip_s1 run=3 len=64 llama_len=64 common_prefix=64 equal=true
ids arm=a14_tip_s1 run=4 len=64 llama_len=64 common_prefix=64 equal=true
ids arm=a14_tip_s1 run=5 len=64 llama_len=64 common_prefix=64 equal=true
ids arm=a14_tip_s1 run=6 len=64 llama_len=64 common_prefix=64 equal=true
ids arm=a14_tip_s1 run=7 len=64 llama_len=64 common_prefix=64 equal=true
ids arm=a14_tip_s1 run=8 len=64 llama_len=64 common_prefix=64 equal=true
ids arm=a14_tip_s1 run=9 len=64 llama_len=64 common_prefix=64 equal=true
ids arm=a14_tip_s1 run=10 len=64 llama_len=64 common_prefix=64 equal=true
ids arm=a14_tip_s1 run=11 len=64 llama_len=64 common_prefix=64 equal=true
ids arm=a14_tip_s1 run=12 len=64 llama_len=64 common_prefix=64 equal=true
ids arm=a14_tip_s1 run=13 len=64 llama_len=64 common_prefix=64 equal=true
ids arm=a14_tip_s1 run=14 len=64 llama_len=64 common_prefix=64 equal=true
ids arm=a14_tip_s1 run=15 len=64 llama_len=64 common_prefix=64 equal=true
ids arm=a14_tip_s1 run=16 len=64 llama_len=64 common_prefix=64 equal=true
ids arm=a14_tip_s1 run=17 len=64 llama_len=64 common_prefix=64 equal=true
ids arm=a14_tip_s1 run=18 len=64 llama_len=64 common_prefix=64 equal=true
ids arm=a14_tip_s1 run=19 len=64 llama_len=64 common_prefix=64 equal=true
ids arm=a14_tip_s1 run=20 len=64 llama_len=64 common_prefix=64 equal=true
ids arm=a14_tip_s1 run=21 len=64 llama_len=64 common_prefix=64 equal=true
ids arm=a14_tip_s1 run=22 len=64 llama_len=64 common_prefix=64 equal=true
ids arm=a14_tip_s1 run=23 len=64 llama_len=64 common_prefix=64 equal=true
ids arm=a15_s2_mml run=0 len=64 llama_len=64 common_prefix=64 equal=true
ids arm=a15_s2_mml run=1 len=64 llama_len=64 common_prefix=64 equal=true
ids arm=a15_s2_mml run=2 len=64 llama_len=64 common_prefix=64 equal=true
ids arm=a15_s2_mml run=3 len=64 llama_len=64 common_prefix=64 equal=true
ids arm=a15_s2_mml run=4 len=64 llama_len=64 common_prefix=64 equal=true
ids arm=a15_s2_mml run=5 len=64 llama_len=64 common_prefix=64 equal=true
ids arm=a15_s2_mml run=6 len=64 llama_len=64 common_prefix=64 equal=true
ids arm=a15_s2_mml run=7 len=64 llama_len=64 common_prefix=64 equal=true
ids arm=a15_s2_mml run=8 len=64 llama_len=64 common_prefix=64 equal=true
ids arm=a15_s2_mml run=9 len=64 llama_len=64 common_prefix=64 equal=true
ids arm=a15_s2_mml run=10 len=64 llama_len=64 common_prefix=64 equal=true
ids arm=a15_s2_mml run=11 len=64 llama_len=64 common_prefix=64 equal=true
ids arm=a15_s2_mml run=12 len=64 llama_len=64 common_prefix=64 equal=true
ids arm=a15_s2_mml run=13 len=64 llama_len=64 common_prefix=64 equal=true
ids arm=a15_s2_mml run=14 len=64 llama_len=64 common_prefix=64 equal=true
ids arm=a15_s2_mml run=15 len=64 llama_len=64 common_prefix=64 equal=true
ids arm=a15_s2_mml run=16 len=64 llama_len=64 common_prefix=64 equal=true
ids arm=a15_s2_mml run=17 len=64 llama_len=64 common_prefix=64 equal=true
ids arm=a15_s2_mml run=18 len=64 llama_len=64 common_prefix=64 equal=true
ids arm=a15_s2_mml run=19 len=64 llama_len=64 common_prefix=64 equal=true
ids arm=a15_s2_mml run=20 len=64 llama_len=64 common_prefix=64 equal=true
ids arm=a15_s2_mml run=21 len=64 llama_len=64 common_prefix=64 equal=true
ids arm=a15_s2_mml run=22 len=64 llama_len=64 common_prefix=64 equal=true
ids arm=a15_s2_mml run=23 len=64 llama_len=64 common_prefix=64 equal=true
ids arm=a16_s2fix_3a933038 run=0 len=64 llama_len=64 common_prefix=64 equal=true
ids arm=a16_s2fix_3a933038 run=1 len=64 llama_len=64 common_prefix=64 equal=true
ids arm=a16_s2fix_3a933038 run=2 len=64 llama_len=64 common_prefix=64 equal=true
ids arm=a16_s2fix_3a933038 run=3 len=64 llama_len=64 common_prefix=64 equal=true
ids arm=a16_s2fix_3a933038 run=4 len=64 llama_len=64 common_prefix=64 equal=true
ids arm=a16_s2fix_3a933038 run=5 len=64 llama_len=64 common_prefix=64 equal=true
ids arm=a16_s2fix_3a933038 run=6 len=64 llama_len=64 common_prefix=64 equal=true
ids arm=a16_s2fix_3a933038 run=7 len=64 llama_len=64 common_prefix=64 equal=true
ids arm=a16_s2fix_3a933038 run=8 len=64 llama_len=64 common_prefix=64 equal=true
ids arm=a16_s2fix_3a933038 run=9 len=64 llama_len=64 common_prefix=64 equal=true
ids arm=a16_s2fix_3a933038 run=10 len=64 llama_len=64 common_prefix=64 equal=true
ids arm=a16_s2fix_3a933038 run=11 len=64 llama_len=64 common_prefix=64 equal=true
ids arm=a16_s2fix_3a933038 run=12 len=64 llama_len=64 common_prefix=64 equal=true
ids arm=a16_s2fix_3a933038 run=13 len=64 llama_len=64 common_prefix=64 equal=true
ids arm=a16_s2fix_3a933038 run=14 len=64 llama_len=64 common_prefix=64 equal=true
ids arm=a16_s2fix_3a933038 run=15 len=64 llama_len=64 common_prefix=64 equal=true
ids arm=a16_s2fix_3a933038 run=16 len=64 llama_len=64 common_prefix=64 equal=true
ids arm=a16_s2fix_3a933038 run=17 len=64 llama_len=64 common_prefix=64 equal=true
ids arm=a16_s2fix_3a933038 run=18 len=64 llama_len=64 common_prefix=64 equal=true
ids arm=a16_s2fix_3a933038 run=19 len=64 llama_len=64 common_prefix=64 equal=true
ids arm=a16_s2fix_3a933038 run=20 len=64 llama_len=64 common_prefix=64 equal=true
ids arm=a16_s2fix_3a933038 run=21 len=64 llama_len=64 common_prefix=64 equal=true
ids arm=a16_s2fix_3a933038 run=22 len=64 llama_len=64 common_prefix=64 equal=true
ids arm=a16_s2fix_3a933038 run=23 len=64 llama_len=64 common_prefix=64 equal=true
ids arm=a17_head_8ef12e94 run=0 len=64 llama_len=64 common_prefix=64 equal=true
ids arm=a17_head_8ef12e94 run=1 len=64 llama_len=64 common_prefix=64 equal=true
ids arm=a17_head_8ef12e94 run=2 len=64 llama_len=64 common_prefix=64 equal=true
ids arm=a17_head_8ef12e94 run=3 len=64 llama_len=64 common_prefix=64 equal=true
ids arm=a17_head_8ef12e94 run=4 len=64 llama_len=64 common_prefix=64 equal=true
ids arm=a17_head_8ef12e94 run=5 len=64 llama_len=64 common_prefix=64 equal=true
ids arm=a17_head_8ef12e94 run=6 len=64 llama_len=64 common_prefix=64 equal=true
ids arm=a17_head_8ef12e94 run=7 len=64 llama_len=64 common_prefix=64 equal=true
ids arm=a17_head_8ef12e94 run=8 len=64 llama_len=64 common_prefix=64 equal=true
ids arm=a17_head_8ef12e94 run=9 len=64 llama_len=64 common_prefix=64 equal=true
ids arm=a17_head_8ef12e94 run=10 len=64 llama_len=64 common_prefix=64 equal=true
ids arm=a17_head_8ef12e94 run=11 len=64 llama_len=64 common_prefix=64 equal=true
ids arm=a17_head_8ef12e94 run=12 len=64 llama_len=64 common_prefix=64 equal=true
ids arm=a17_head_8ef12e94 run=13 len=64 llama_len=64 common_prefix=64 equal=true
ids arm=a17_head_8ef12e94 run=14 len=64 llama_len=64 common_prefix=64 equal=true
ids arm=a17_head_8ef12e94 run=15 len=64 llama_len=64 common_prefix=64 equal=true
ids arm=a17_head_8ef12e94 run=16 len=64 llama_len=64 common_prefix=64 equal=true
ids arm=a17_head_8ef12e94 run=17 len=64 llama_len=64 common_prefix=64 equal=true
ids arm=a17_head_8ef12e94 run=18 len=64 llama_len=64 common_prefix=64 equal=true
ids arm=a17_head_8ef12e94 run=19 len=64 llama_len=64 common_prefix=64 equal=true
ids arm=a17_head_8ef12e94 run=20 len=64 llama_len=64 common_prefix=64 equal=true
ids arm=a17_head_8ef12e94 run=21 len=64 llama_len=64 common_prefix=64 equal=true
ids arm=a17_head_8ef12e94 run=22 len=64 llama_len=64 common_prefix=64 equal=true
ids arm=a17_head_8ef12e94 run=23 len=64 llama_len=64 common_prefix=64 equal=true
ids arm=a18_head_copy run=0 len=64 llama_len=64 common_prefix=64 equal=true
ids arm=a18_head_copy run=1 len=64 llama_len=64 common_prefix=64 equal=true
ids arm=a18_head_copy run=2 len=64 llama_len=64 common_prefix=64 equal=true
ids arm=a18_head_copy run=3 len=64 llama_len=64 common_prefix=64 equal=true
ids arm=a18_head_copy run=4 len=64 llama_len=64 common_prefix=64 equal=true
ids arm=a18_head_copy run=5 len=64 llama_len=64 common_prefix=64 equal=true
ids arm=a18_head_copy run=6 len=64 llama_len=64 common_prefix=64 equal=true
ids arm=a18_head_copy run=7 len=64 llama_len=64 common_prefix=64 equal=true
ids arm=a18_head_copy run=8 len=64 llama_len=64 common_prefix=64 equal=true
ids arm=a18_head_copy run=9 len=64 llama_len=64 common_prefix=64 equal=true
ids arm=a18_head_copy run=10 len=64 llama_len=64 common_prefix=64 equal=true
ids arm=a18_head_copy run=11 len=64 llama_len=64 common_prefix=64 equal=true
ids arm=a18_head_copy run=12 len=64 llama_len=64 common_prefix=64 equal=true
ids arm=a18_head_copy run=13 len=64 llama_len=64 common_prefix=64 equal=true
ids arm=a18_head_copy run=14 len=64 llama_len=64 common_prefix=64 equal=true
ids arm=a18_head_copy run=15 len=64 llama_len=64 common_prefix=64 equal=true
ids arm=a18_head_copy run=16 len=64 llama_len=64 common_prefix=64 equal=true
ids arm=a18_head_copy run=17 len=64 llama_len=64 common_prefix=64 equal=true
ids arm=a18_head_copy run=18 len=64 llama_len=64 common_prefix=64 equal=true
ids arm=a18_head_copy run=19 len=64 llama_len=64 common_prefix=64 equal=true
ids arm=a18_head_copy run=20 len=64 llama_len=64 common_prefix=64 equal=true
ids arm=a18_head_copy run=21 len=64 llama_len=64 common_prefix=64 equal=true
ids arm=a18_head_copy run=22 len=64 llama_len=64 common_prefix=64 equal=true
ids arm=a18_head_copy run=23 len=64 llama_len=64 common_prefix=64 equal=true
ids arm=a19_0b_probe_9f0647da run=0 len=64 llama_len=64 common_prefix=64 equal=true
ids arm=a19_0b_probe_9f0647da run=1 len=64 llama_len=64 common_prefix=64 equal=true
ids arm=a19_0b_probe_9f0647da run=2 len=64 llama_len=64 common_prefix=64 equal=true
ids arm=a19_0b_probe_9f0647da run=3 len=64 llama_len=64 common_prefix=64 equal=true
ids arm=a19_0b_probe_9f0647da run=4 len=64 llama_len=64 common_prefix=64 equal=true
ids arm=a19_0b_probe_9f0647da run=5 len=64 llama_len=64 common_prefix=64 equal=true
ids arm=a19_0b_probe_9f0647da run=6 len=64 llama_len=64 common_prefix=64 equal=true
ids arm=a19_0b_probe_9f0647da run=7 len=64 llama_len=64 common_prefix=64 equal=true
ids arm=a19_0b_probe_9f0647da run=8 len=64 llama_len=64 common_prefix=64 equal=true
ids arm=a19_0b_probe_9f0647da run=9 len=64 llama_len=64 common_prefix=64 equal=true
ids arm=a19_0b_probe_9f0647da run=10 len=64 llama_len=64 common_prefix=64 equal=true
ids arm=a19_0b_probe_9f0647da run=11 len=64 llama_len=64 common_prefix=64 equal=true
ids arm=a19_0b_probe_9f0647da run=12 len=64 llama_len=64 common_prefix=64 equal=true
ids arm=a19_0b_probe_9f0647da run=13 len=64 llama_len=64 common_prefix=64 equal=true
ids arm=a19_0b_probe_9f0647da run=14 len=64 llama_len=64 common_prefix=64 equal=true
ids arm=a19_0b_probe_9f0647da run=15 len=64 llama_len=64 common_prefix=64 equal=true
ids arm=a19_0b_probe_9f0647da run=16 len=64 llama_len=64 common_prefix=64 equal=true
ids arm=a19_0b_probe_9f0647da run=17 len=64 llama_len=64 common_prefix=64 equal=true
ids arm=a19_0b_probe_9f0647da run=18 len=64 llama_len=64 common_prefix=64 equal=true
ids arm=a19_0b_probe_9f0647da run=19 len=64 llama_len=64 common_prefix=64 equal=true
ids arm=a19_0b_probe_9f0647da run=20 len=64 llama_len=64 common_prefix=64 equal=true
ids arm=a19_0b_probe_9f0647da run=21 len=64 llama_len=64 common_prefix=64 equal=true
ids arm=a19_0b_probe_9f0647da run=22 len=64 llama_len=64 common_prefix=64 equal=true
ids arm=a19_0b_probe_9f0647da run=23 len=64 llama_len=64 common_prefix=64 equal=true
