raw arm=gemma4_e2b.base process=0 run=0 ms_per_token=11.6370
raw arm=gemma4_e2b.base process=0 run=1 ms_per_token=11.0590
raw arm=gemma4_e2b.base process=0 run=2 ms_per_token=11.0730
raw arm=gemma4_e2b.base process=0 run=3 ms_per_token=11.0980
raw arm=gemma4_e2b.base process=0 run=4 ms_per_token=11.3080
raw arm=gemma4_e2b.base process=0 run=5 ms_per_token=10.9110
raw arm=gemma4_e2b.base process=0 run=6 ms_per_token=10.9940
raw arm=gemma4_e2b.base process=0 run=7 ms_per_token=11.3240
raw arm=gemma4_e2b.tip process=0 run=0 ms_per_token=12.0550
raw arm=gemma4_e2b.tip process=0 run=1 ms_per_token=11.2620
raw arm=gemma4_e2b.tip process=0 run=2 ms_per_token=11.1940
raw arm=gemma4_e2b.tip process=0 run=3 ms_per_token=11.1080
raw arm=gemma4_e2b.tip process=0 run=4 ms_per_token=11.1610
raw arm=gemma4_e2b.tip process=0 run=5 ms_per_token=11.0560
raw arm=gemma4_e2b.tip process=0 run=6 ms_per_token=11.1150
raw arm=gemma4_e2b.tip process=0 run=7 ms_per_token=11.1510
raw arm=gemma4_e2b.control process=0 run=0 ms_per_token=11.5900
raw arm=gemma4_e2b.control process=0 run=1 ms_per_token=11.2140
raw arm=gemma4_e2b.control process=0 run=2 ms_per_token=11.0930
raw arm=gemma4_e2b.control process=0 run=3 ms_per_token=11.1080
raw arm=gemma4_e2b.control process=0 run=4 ms_per_token=11.0470
raw arm=gemma4_e2b.control process=0 run=5 ms_per_token=11.0610
raw arm=gemma4_e2b.control process=0 run=6 ms_per_token=10.9660
raw arm=gemma4_e2b.control process=0 run=7 ms_per_token=10.9880
raw arm=granite_moe.base process=0 run=0 ms_per_token=6.9950
raw arm=granite_moe.base process=0 run=1 ms_per_token=6.6180
raw arm=granite_moe.base process=0 run=2 ms_per_token=6.5820
raw arm=granite_moe.base process=0 run=3 ms_per_token=6.8430
raw arm=granite_moe.base process=0 run=4 ms_per_token=6.8080
raw arm=granite_moe.base process=0 run=5 ms_per_token=6.7480
raw arm=granite_moe.base process=0 run=6 ms_per_token=6.7930
raw arm=granite_moe.base process=0 run=7 ms_per_token=6.7540
raw arm=granite_moe.tip process=0 run=0 ms_per_token=6.9740
raw arm=granite_moe.tip process=0 run=1 ms_per_token=6.6450
raw arm=granite_moe.tip process=0 run=2 ms_per_token=6.6360
raw arm=granite_moe.tip process=0 run=3 ms_per_token=6.6580
raw arm=granite_moe.tip process=0 run=4 ms_per_token=6.7730
raw arm=granite_moe.tip process=0 run=5 ms_per_token=6.6980
raw arm=granite_moe.tip process=0 run=6 ms_per_token=6.8140
raw arm=granite_moe.tip process=0 run=7 ms_per_token=6.6900
raw arm=granite_moe.control process=0 run=0 ms_per_token=6.9950
raw arm=granite_moe.control process=0 run=1 ms_per_token=6.6500
raw arm=granite_moe.control process=0 run=2 ms_per_token=6.6720
raw arm=granite_moe.control process=0 run=3 ms_per_token=6.7210
raw arm=granite_moe.control process=0 run=4 ms_per_token=6.6310
raw arm=granite_moe.control process=0 run=5 ms_per_token=6.6460
raw arm=granite_moe.control process=0 run=6 ms_per_token=6.6050
raw arm=granite_moe.control process=0 run=7 ms_per_token=6.6560
raw arm=gemma4_e2b.tip process=1 run=0 ms_per_token=11.8590
raw arm=gemma4_e2b.tip process=1 run=1 ms_per_token=11.2610
raw arm=gemma4_e2b.tip process=1 run=2 ms_per_token=11.2300
raw arm=gemma4_e2b.tip process=1 run=3 ms_per_token=11.1910
raw arm=gemma4_e2b.tip process=1 run=4 ms_per_token=11.2300
raw arm=gemma4_e2b.tip process=1 run=5 ms_per_token=11.2750
raw arm=gemma4_e2b.tip process=1 run=6 ms_per_token=11.0990
raw arm=gemma4_e2b.tip process=1 run=7 ms_per_token=11.2300
raw arm=gemma4_e2b.control process=1 run=0 ms_per_token=12.0840
raw arm=gemma4_e2b.control process=1 run=1 ms_per_token=11.2760
raw arm=gemma4_e2b.control process=1 run=2 ms_per_token=11.3680
raw arm=gemma4_e2b.control process=1 run=3 ms_per_token=11.3240
raw arm=gemma4_e2b.control process=1 run=4 ms_per_token=11.1780
raw arm=gemma4_e2b.control process=1 run=5 ms_per_token=11.3150
raw arm=gemma4_e2b.control process=1 run=6 ms_per_token=11.2200
raw arm=gemma4_e2b.control process=1 run=7 ms_per_token=11.3840
raw arm=gemma4_e2b.base process=1 run=0 ms_per_token=12.0120
raw arm=gemma4_e2b.base process=1 run=1 ms_per_token=11.2480
raw arm=gemma4_e2b.base process=1 run=2 ms_per_token=11.1630
raw arm=gemma4_e2b.base process=1 run=3 ms_per_token=11.3240
raw arm=gemma4_e2b.base process=1 run=4 ms_per_token=11.2480
raw arm=gemma4_e2b.base process=1 run=5 ms_per_token=11.2690
raw arm=gemma4_e2b.base process=1 run=6 ms_per_token=11.1080
raw arm=gemma4_e2b.base process=1 run=7 ms_per_token=11.1190
raw arm=granite_moe.tip process=1 run=0 ms_per_token=6.9360
raw arm=granite_moe.tip process=1 run=1 ms_per_token=6.6400
raw arm=granite_moe.tip process=1 run=2 ms_per_token=6.6930
raw arm=granite_moe.tip process=1 run=3 ms_per_token=6.6660
raw arm=granite_moe.tip process=1 run=4 ms_per_token=6.7520
raw arm=granite_moe.tip process=1 run=5 ms_per_token=6.6810
raw arm=granite_moe.tip process=1 run=6 ms_per_token=6.6700
raw arm=granite_moe.tip process=1 run=7 ms_per_token=6.6030
raw arm=granite_moe.control process=1 run=0 ms_per_token=6.9380
raw arm=granite_moe.control process=1 run=1 ms_per_token=6.6420
raw arm=granite_moe.control process=1 run=2 ms_per_token=6.6470
raw arm=granite_moe.control process=1 run=3 ms_per_token=6.6390
raw arm=granite_moe.control process=1 run=4 ms_per_token=6.5860
raw arm=granite_moe.control process=1 run=5 ms_per_token=6.9260
raw arm=granite_moe.control process=1 run=6 ms_per_token=6.6150
raw arm=granite_moe.control process=1 run=7 ms_per_token=6.6700
raw arm=granite_moe.base process=1 run=0 ms_per_token=6.9450
raw arm=granite_moe.base process=1 run=1 ms_per_token=6.5430
raw arm=granite_moe.base process=1 run=2 ms_per_token=6.5730
raw arm=granite_moe.base process=1 run=3 ms_per_token=6.5890
raw arm=granite_moe.base process=1 run=4 ms_per_token=6.5890
raw arm=granite_moe.base process=1 run=5 ms_per_token=6.6140
raw arm=granite_moe.base process=1 run=6 ms_per_token=6.5990
raw arm=granite_moe.base process=1 run=7 ms_per_token=6.5860
raw arm=gemma4_e2b.control process=2 run=0 ms_per_token=11.8220
raw arm=gemma4_e2b.control process=2 run=1 ms_per_token=11.1720
raw arm=gemma4_e2b.control process=2 run=2 ms_per_token=11.2430
raw arm=gemma4_e2b.control process=2 run=3 ms_per_token=11.1210
raw arm=gemma4_e2b.control process=2 run=4 ms_per_token=11.1560
raw arm=gemma4_e2b.control process=2 run=5 ms_per_token=11.2180
raw arm=gemma4_e2b.control process=2 run=6 ms_per_token=11.1340
raw arm=gemma4_e2b.control process=2 run=7 ms_per_token=11.2270
raw arm=gemma4_e2b.base process=2 run=0 ms_per_token=11.7440
raw arm=gemma4_e2b.base process=2 run=1 ms_per_token=11.1190
raw arm=gemma4_e2b.base process=2 run=2 ms_per_token=11.3400
raw arm=gemma4_e2b.base process=2 run=3 ms_per_token=11.2330
raw arm=gemma4_e2b.base process=2 run=4 ms_per_token=11.0810
raw arm=gemma4_e2b.base process=2 run=5 ms_per_token=11.9700
raw arm=gemma4_e2b.base process=2 run=6 ms_per_token=11.8900
raw arm=gemma4_e2b.base process=2 run=7 ms_per_token=11.8070
raw arm=gemma4_e2b.tip process=2 run=0 ms_per_token=11.6450
raw arm=gemma4_e2b.tip process=2 run=1 ms_per_token=11.1510
raw arm=gemma4_e2b.tip process=2 run=2 ms_per_token=11.1620
raw arm=gemma4_e2b.tip process=2 run=3 ms_per_token=11.1460
raw arm=gemma4_e2b.tip process=2 run=4 ms_per_token=11.1470
raw arm=gemma4_e2b.tip process=2 run=5 ms_per_token=11.0410
raw arm=gemma4_e2b.tip process=2 run=6 ms_per_token=11.1300
raw arm=gemma4_e2b.tip process=2 run=7 ms_per_token=11.1770
raw arm=granite_moe.control process=2 run=0 ms_per_token=6.9740
raw arm=granite_moe.control process=2 run=1 ms_per_token=6.6470
raw arm=granite_moe.control process=2 run=2 ms_per_token=6.6540
raw arm=granite_moe.control process=2 run=3 ms_per_token=6.6840
raw arm=granite_moe.control process=2 run=4 ms_per_token=6.6850
raw arm=granite_moe.control process=2 run=5 ms_per_token=6.6710
raw arm=granite_moe.control process=2 run=6 ms_per_token=6.6790
raw arm=granite_moe.control process=2 run=7 ms_per_token=6.7260
raw arm=granite_moe.base process=2 run=0 ms_per_token=6.9560
raw arm=granite_moe.base process=2 run=1 ms_per_token=6.6540
raw arm=granite_moe.base process=2 run=2 ms_per_token=6.7520
raw arm=granite_moe.base process=2 run=3 ms_per_token=6.7650
raw arm=granite_moe.base process=2 run=4 ms_per_token=6.6790
raw arm=granite_moe.base process=2 run=5 ms_per_token=6.6340
raw arm=granite_moe.base process=2 run=6 ms_per_token=6.6340
raw arm=granite_moe.base process=2 run=7 ms_per_token=6.6000
raw arm=granite_moe.tip process=2 run=0 ms_per_token=6.9320
raw arm=granite_moe.tip process=2 run=1 ms_per_token=6.6330
raw arm=granite_moe.tip process=2 run=2 ms_per_token=6.6600
raw arm=granite_moe.tip process=2 run=3 ms_per_token=6.6400
raw arm=granite_moe.tip process=2 run=4 ms_per_token=6.6690
raw arm=granite_moe.tip process=2 run=5 ms_per_token=6.6360
raw arm=granite_moe.tip process=2 run=6 ms_per_token=6.6610
raw arm=granite_moe.tip process=2 run=7 ms_per_token=6.6820
arm=gemma4_e2b.base metric=ms_per_token process=0 run=1 value=11.0590 outlier=false
arm=gemma4_e2b.base metric=ms_per_token process=0 run=2 value=11.0730 outlier=false
arm=gemma4_e2b.base metric=ms_per_token process=0 run=3 value=11.0980 outlier=false
arm=gemma4_e2b.base metric=ms_per_token process=0 run=4 value=11.3080 outlier=false
arm=gemma4_e2b.base metric=ms_per_token process=0 run=5 value=10.9110 outlier=false
arm=gemma4_e2b.base metric=ms_per_token process=0 run=6 value=10.9940 outlier=false
arm=gemma4_e2b.base metric=ms_per_token process=0 run=7 value=11.3240 outlier=false
arm=gemma4_e2b.base metric=ms_per_token process=1 run=1 value=11.2480 outlier=false
arm=gemma4_e2b.base metric=ms_per_token process=1 run=2 value=11.1630 outlier=false
arm=gemma4_e2b.base metric=ms_per_token process=1 run=3 value=11.3240 outlier=false
arm=gemma4_e2b.base metric=ms_per_token process=1 run=4 value=11.2480 outlier=false
arm=gemma4_e2b.base metric=ms_per_token process=1 run=5 value=11.2690 outlier=false
arm=gemma4_e2b.base metric=ms_per_token process=1 run=6 value=11.1080 outlier=false
arm=gemma4_e2b.base metric=ms_per_token process=1 run=7 value=11.1190 outlier=false
arm=gemma4_e2b.base metric=ms_per_token process=2 run=1 value=11.1190 outlier=false
arm=gemma4_e2b.base metric=ms_per_token process=2 run=2 value=11.3400 outlier=false
arm=gemma4_e2b.base metric=ms_per_token process=2 run=3 value=11.2330 outlier=false
arm=gemma4_e2b.base metric=ms_per_token process=2 run=4 value=11.0810 outlier=false
arm=gemma4_e2b.base metric=ms_per_token process=2 run=5 value=11.9700 outlier=true
arm=gemma4_e2b.base metric=ms_per_token process=2 run=6 value=11.8900 outlier=true
arm=gemma4_e2b.base metric=ms_per_token process=2 run=7 value=11.8070 outlier=true
summary arm=gemma4_e2b.base metric=ms_per_token n_all=21 median_all=11.2330 cov_all_pct=2.46 min_all=10.9110 max_all=11.9700 | n_kept=18 median_kept=11.1410 mad_kept=0.0995 cov_kept_pct=1.08 min_kept=10.9110 max_kept=11.3400
arm=gemma4_e2b.base metric=prefill_ms process=0 run=1 value=587.9420 outlier=false
arm=gemma4_e2b.base metric=prefill_ms process=0 run=2 value=586.9720 outlier=false
arm=gemma4_e2b.base metric=prefill_ms process=0 run=3 value=588.9380 outlier=false
arm=gemma4_e2b.base metric=prefill_ms process=0 run=4 value=590.9920 outlier=false
arm=gemma4_e2b.base metric=prefill_ms process=0 run=5 value=588.9460 outlier=false
arm=gemma4_e2b.base metric=prefill_ms process=0 run=6 value=589.0150 outlier=false
arm=gemma4_e2b.base metric=prefill_ms process=0 run=7 value=587.9480 outlier=false
arm=gemma4_e2b.base metric=prefill_ms process=1 run=1 value=588.0470 outlier=false
arm=gemma4_e2b.base metric=prefill_ms process=1 run=2 value=586.0610 outlier=false
arm=gemma4_e2b.base metric=prefill_ms process=1 run=3 value=587.0300 outlier=false
arm=gemma4_e2b.base metric=prefill_ms process=1 run=4 value=589.9930 outlier=false
arm=gemma4_e2b.base metric=prefill_ms process=1 run=5 value=589.9520 outlier=false
arm=gemma4_e2b.base metric=prefill_ms process=1 run=6 value=587.0360 outlier=false
arm=gemma4_e2b.base metric=prefill_ms process=1 run=7 value=588.0040 outlier=false
arm=gemma4_e2b.base metric=prefill_ms process=2 run=1 value=586.0470 outlier=false
arm=gemma4_e2b.base metric=prefill_ms process=2 run=2 value=589.0560 outlier=false
arm=gemma4_e2b.base metric=prefill_ms process=2 run=3 value=593.0600 outlier=true
arm=gemma4_e2b.base metric=prefill_ms process=2 run=4 value=586.9640 outlier=false
arm=gemma4_e2b.base metric=prefill_ms process=2 run=5 value=586.9680 outlier=false
arm=gemma4_e2b.base metric=prefill_ms process=2 run=6 value=612.0020 outlier=true
arm=gemma4_e2b.base metric=prefill_ms process=2 run=7 value=636.0600 outlier=true
summary arm=gemma4_e2b.base metric=prefill_ms n_all=21 median_all=588.0470 cov_all_pct=1.90 min_all=586.0470 max_all=636.0600 | n_kept=18 median_kept=587.9760 mad_kept=1.0060 cov_kept_pct=0.23 min_kept=586.0470 max_kept=590.9920
arm=gemma4_e2b.base metric=ttft_ms process=0 run=1 value=588.0000 outlier=false
arm=gemma4_e2b.base metric=ttft_ms process=0 run=2 value=587.0000 outlier=false
arm=gemma4_e2b.base metric=ttft_ms process=0 run=3 value=589.0000 outlier=false
arm=gemma4_e2b.base metric=ttft_ms process=0 run=4 value=591.0000 outlier=false
arm=gemma4_e2b.base metric=ttft_ms process=0 run=5 value=589.0000 outlier=false
arm=gemma4_e2b.base metric=ttft_ms process=0 run=6 value=589.0000 outlier=false
arm=gemma4_e2b.base metric=ttft_ms process=0 run=7 value=588.0000 outlier=false
arm=gemma4_e2b.base metric=ttft_ms process=1 run=1 value=588.0000 outlier=false
arm=gemma4_e2b.base metric=ttft_ms process=1 run=2 value=586.0000 outlier=false
arm=gemma4_e2b.base metric=ttft_ms process=1 run=3 value=587.0000 outlier=false
arm=gemma4_e2b.base metric=ttft_ms process=1 run=4 value=590.0000 outlier=false
arm=gemma4_e2b.base metric=ttft_ms process=1 run=5 value=590.0000 outlier=false
arm=gemma4_e2b.base metric=ttft_ms process=1 run=6 value=587.0000 outlier=false
arm=gemma4_e2b.base metric=ttft_ms process=1 run=7 value=588.0000 outlier=false
arm=gemma4_e2b.base metric=ttft_ms process=2 run=1 value=586.0000 outlier=false
arm=gemma4_e2b.base metric=ttft_ms process=2 run=2 value=589.0000 outlier=false
arm=gemma4_e2b.base metric=ttft_ms process=2 run=3 value=593.0000 outlier=true
arm=gemma4_e2b.base metric=ttft_ms process=2 run=4 value=587.0000 outlier=false
arm=gemma4_e2b.base metric=ttft_ms process=2 run=5 value=587.0000 outlier=false
arm=gemma4_e2b.base metric=ttft_ms process=2 run=6 value=612.0000 outlier=true
arm=gemma4_e2b.base metric=ttft_ms process=2 run=7 value=636.0000 outlier=true
summary arm=gemma4_e2b.base metric=ttft_ms n_all=21 median_all=588.0000 cov_all_pct=1.90 min_all=586.0000 max_all=636.0000 | n_kept=18 median_kept=588.0000 mad_kept=1.0000 cov_kept_pct=0.23 min_kept=586.0000 max_kept=591.0000
arm=gemma4_e2b.base metric=wall_ms process=0 run=1 value=1992.4350 outlier=false
arm=gemma4_e2b.base metric=wall_ms process=0 run=2 value=1993.2430 outlier=false
arm=gemma4_e2b.base metric=wall_ms process=0 run=3 value=1998.3840 outlier=false
arm=gemma4_e2b.base metric=wall_ms process=0 run=4 value=2027.1080 outlier=false
arm=gemma4_e2b.base metric=wall_ms process=0 run=5 value=1974.6430 outlier=false
arm=gemma4_e2b.base metric=wall_ms process=0 run=6 value=1985.2530 outlier=false
arm=gemma4_e2b.base metric=wall_ms process=0 run=7 value=2026.0960 outlier=false
arm=gemma4_e2b.base metric=wall_ms process=1 run=1 value=2016.5430 outlier=false
arm=gemma4_e2b.base metric=wall_ms process=1 run=2 value=2003.7620 outlier=false
arm=gemma4_e2b.base metric=wall_ms process=1 run=3 value=2025.1780 outlier=false
arm=gemma4_e2b.base metric=wall_ms process=1 run=4 value=2018.4890 outlier=false
arm=gemma4_e2b.base metric=wall_ms process=1 run=5 value=2021.1150 outlier=false
arm=gemma4_e2b.base metric=wall_ms process=1 run=6 value=1997.7520 outlier=false
arm=gemma4_e2b.base metric=wall_ms process=1 run=7 value=2000.1170 outlier=false
arm=gemma4_e2b.base metric=wall_ms process=2 run=1 value=1998.1600 outlier=false
arm=gemma4_e2b.base metric=wall_ms process=2 run=2 value=2029.2360 outlier=false
arm=gemma4_e2b.base metric=wall_ms process=2 run=3 value=2019.6510 outlier=false
arm=gemma4_e2b.base metric=wall_ms process=2 run=4 value=1994.2510 outlier=false
arm=gemma4_e2b.base metric=wall_ms process=2 run=5 value=2107.1580 outlier=true
arm=gemma4_e2b.base metric=wall_ms process=2 run=6 value=2122.0320 outlier=true
arm=gemma4_e2b.base metric=wall_ms process=2 run=7 value=2135.5490 outlier=true
summary arm=gemma4_e2b.base metric=wall_ms n_all=21 median_all=2016.5430 cov_all_pct=2.13 min_all=1974.6430 max_all=2135.5490 | n_kept=18 median_kept=2001.9395 mad_kept=15.5765 cov_kept_pct=0.79 min_kept=1974.6430 max_kept=2029.2360
arm=gemma4_e2b.base metric=tokens_generated process=0 run=1 value=128.0000 outlier=false
arm=gemma4_e2b.base metric=tokens_generated process=0 run=2 value=128.0000 outlier=false
arm=gemma4_e2b.base metric=tokens_generated process=0 run=3 value=128.0000 outlier=false
arm=gemma4_e2b.base metric=tokens_generated process=0 run=4 value=128.0000 outlier=false
arm=gemma4_e2b.base metric=tokens_generated process=0 run=5 value=128.0000 outlier=false
arm=gemma4_e2b.base metric=tokens_generated process=0 run=6 value=128.0000 outlier=false
arm=gemma4_e2b.base metric=tokens_generated process=0 run=7 value=128.0000 outlier=false
arm=gemma4_e2b.base metric=tokens_generated process=1 run=1 value=128.0000 outlier=false
arm=gemma4_e2b.base metric=tokens_generated process=1 run=2 value=128.0000 outlier=false
arm=gemma4_e2b.base metric=tokens_generated process=1 run=3 value=128.0000 outlier=false
arm=gemma4_e2b.base metric=tokens_generated process=1 run=4 value=128.0000 outlier=false
arm=gemma4_e2b.base metric=tokens_generated process=1 run=5 value=128.0000 outlier=false
arm=gemma4_e2b.base metric=tokens_generated process=1 run=6 value=128.0000 outlier=false
arm=gemma4_e2b.base metric=tokens_generated process=1 run=7 value=128.0000 outlier=false
arm=gemma4_e2b.base metric=tokens_generated process=2 run=1 value=128.0000 outlier=false
arm=gemma4_e2b.base metric=tokens_generated process=2 run=2 value=128.0000 outlier=false
arm=gemma4_e2b.base metric=tokens_generated process=2 run=3 value=128.0000 outlier=false
arm=gemma4_e2b.base metric=tokens_generated process=2 run=4 value=128.0000 outlier=false
arm=gemma4_e2b.base metric=tokens_generated process=2 run=5 value=128.0000 outlier=false
arm=gemma4_e2b.base metric=tokens_generated process=2 run=6 value=128.0000 outlier=false
arm=gemma4_e2b.base metric=tokens_generated process=2 run=7 value=128.0000 outlier=false
summary arm=gemma4_e2b.base metric=tokens_generated n_all=21 median_all=128.0000 cov_all_pct=0.00 min_all=128.0000 max_all=128.0000 | n_kept=21 median_kept=128.0000 mad_kept=0.0000 cov_kept_pct=0.00 min_kept=128.0000 max_kept=128.0000
arm=gemma4_e2b.base metric=cpu_ms process=0 run=1 value=310.2630 outlier=false
arm=gemma4_e2b.base metric=cpu_ms process=0 run=2 value=304.7400 outlier=false
arm=gemma4_e2b.base metric=cpu_ms process=0 run=3 value=303.8790 outlier=false
arm=gemma4_e2b.base metric=cpu_ms process=0 run=4 value=347.8600 outlier=false
arm=gemma4_e2b.base metric=cpu_ms process=0 run=5 value=288.5560 outlier=false
arm=gemma4_e2b.base metric=cpu_ms process=0 run=6 value=283.9730 outlier=false
arm=gemma4_e2b.base metric=cpu_ms process=0 run=7 value=355.7220 outlier=false
arm=gemma4_e2b.base metric=cpu_ms process=1 run=1 value=349.8680 outlier=false
arm=gemma4_e2b.base metric=cpu_ms process=1 run=2 value=250.2440 outlier=false
arm=gemma4_e2b.base metric=cpu_ms process=1 run=3 value=362.8040 outlier=false
arm=gemma4_e2b.base metric=cpu_ms process=1 run=4 value=342.7280 outlier=false
arm=gemma4_e2b.base metric=cpu_ms process=1 run=5 value=345.8590 outlier=false
arm=gemma4_e2b.base metric=cpu_ms process=1 run=6 value=308.4540 outlier=false
arm=gemma4_e2b.base metric=cpu_ms process=1 run=7 value=275.5480 outlier=false
arm=gemma4_e2b.base metric=cpu_ms process=2 run=1 value=299.2730 outlier=false
arm=gemma4_e2b.base metric=cpu_ms process=2 run=2 value=348.5520 outlier=false
arm=gemma4_e2b.base metric=cpu_ms process=2 run=3 value=251.2840 outlier=false
arm=gemma4_e2b.base metric=cpu_ms process=2 run=4 value=264.1270 outlier=false
arm=gemma4_e2b.base metric=cpu_ms process=2 run=5 value=491.7810 outlier=true
arm=gemma4_e2b.base metric=cpu_ms process=2 run=6 value=344.0540 outlier=false
arm=gemma4_e2b.base metric=cpu_ms process=2 run=7 value=276.4820 outlier=false
summary arm=gemma4_e2b.base metric=cpu_ms n_all=21 median_all=308.4540 cov_all_pct=16.30 min_all=250.2440 max_all=491.7810 | n_kept=20 median_kept=306.5970 mad_kept=36.7940 cov_kept_pct=11.53 min_kept=250.2440 max_kept=362.8040
arm=gemma4_e2b.base metric=cpu_pct process=0 run=1 value=15.5700 outlier=false
arm=gemma4_e2b.base metric=cpu_pct process=0 run=2 value=15.2900 outlier=false
arm=gemma4_e2b.base metric=cpu_pct process=0 run=3 value=15.2100 outlier=false
arm=gemma4_e2b.base metric=cpu_pct process=0 run=4 value=17.1600 outlier=false
arm=gemma4_e2b.base metric=cpu_pct process=0 run=5 value=14.6100 outlier=false
arm=gemma4_e2b.base metric=cpu_pct process=0 run=6 value=14.3000 outlier=false
arm=gemma4_e2b.base metric=cpu_pct process=0 run=7 value=17.5600 outlier=false
arm=gemma4_e2b.base metric=cpu_pct process=1 run=1 value=17.3500 outlier=false
arm=gemma4_e2b.base metric=cpu_pct process=1 run=2 value=12.4900 outlier=false
arm=gemma4_e2b.base metric=cpu_pct process=1 run=3 value=17.9100 outlier=false
arm=gemma4_e2b.base metric=cpu_pct process=1 run=4 value=16.9800 outlier=false
arm=gemma4_e2b.base metric=cpu_pct process=1 run=5 value=17.1100 outlier=false
arm=gemma4_e2b.base metric=cpu_pct process=1 run=6 value=15.4400 outlier=false
arm=gemma4_e2b.base metric=cpu_pct process=1 run=7 value=13.7800 outlier=false
arm=gemma4_e2b.base metric=cpu_pct process=2 run=1 value=14.9800 outlier=false
arm=gemma4_e2b.base metric=cpu_pct process=2 run=2 value=17.1800 outlier=false
arm=gemma4_e2b.base metric=cpu_pct process=2 run=3 value=12.4400 outlier=false
arm=gemma4_e2b.base metric=cpu_pct process=2 run=4 value=13.2400 outlier=false
arm=gemma4_e2b.base metric=cpu_pct process=2 run=5 value=23.3400 outlier=true
arm=gemma4_e2b.base metric=cpu_pct process=2 run=6 value=16.2100 outlier=false
arm=gemma4_e2b.base metric=cpu_pct process=2 run=7 value=12.9500 outlier=false
summary arm=gemma4_e2b.base metric=cpu_pct n_all=21 median_all=15.4400 cov_all_pct=15.16 min_all=12.4400 max_all=23.3400 | n_kept=20 median_kept=15.3650 mad_kept=1.6800 cov_kept_pct=11.23 min_kept=12.4400 max_kept=17.9100
memory arm=gemma4_e2b.base metric=peak_rss_bytes process=0 value=3780689920
memory arm=gemma4_e2b.base metric=peak_rss_bytes process=1 value=3788406784
memory arm=gemma4_e2b.base metric=peak_rss_bytes process=2 value=3762946048
summary arm=gemma4_e2b.base metric=peak_rss_bytes n=3 median=3780689920 max=3788406784
memory arm=gemma4_e2b.base metric=peak_footprint_bytes process=0 value=434416256
memory arm=gemma4_e2b.base metric=peak_footprint_bytes process=1 value=439511872
memory arm=gemma4_e2b.base metric=peak_footprint_bytes process=2 value=421390720
summary arm=gemma4_e2b.base metric=peak_footprint_bytes n=3 median=434416256 max=439511872
memory arm=gemma4_e2b.base metric=peak_gpu_bytes process=0 value=3622764544
memory arm=gemma4_e2b.base metric=peak_gpu_bytes process=1 value=3621748736
memory arm=gemma4_e2b.base metric=peak_gpu_bytes process=2 value=3622256640
summary arm=gemma4_e2b.base metric=peak_gpu_bytes n=3 median=3622256640 max=3622764544
extra arm=gemma4_e2b.base process=0 box_gpu_device_utilization_pct_before_launch=Some(80) (ioreg sampler, box-level, not this process)
extra arm=gemma4_e2b.base process=0 peers_present_at_exit=[]
extra arm=gemma4_e2b.base process=1 box_gpu_device_utilization_pct_before_launch=Some(95) (ioreg sampler, box-level, not this process)
extra arm=gemma4_e2b.base process=1 peers_present_at_exit=[]
extra arm=gemma4_e2b.base process=2 box_gpu_device_utilization_pct_before_launch=Some(96) (ioreg sampler, box-level, not this process)
extra arm=gemma4_e2b.base process=2 peers_present_at_exit=[]
arm=gemma4_e2b.tip metric=ms_per_token process=0 run=1 value=11.2620 outlier=false
arm=gemma4_e2b.tip metric=ms_per_token process=0 run=2 value=11.1940 outlier=false
arm=gemma4_e2b.tip metric=ms_per_token process=0 run=3 value=11.1080 outlier=false
arm=gemma4_e2b.tip metric=ms_per_token process=0 run=4 value=11.1610 outlier=false
arm=gemma4_e2b.tip metric=ms_per_token process=0 run=5 value=11.0560 outlier=false
arm=gemma4_e2b.tip metric=ms_per_token process=0 run=6 value=11.1150 outlier=false
arm=gemma4_e2b.tip metric=ms_per_token process=0 run=7 value=11.1510 outlier=false
arm=gemma4_e2b.tip metric=ms_per_token process=1 run=1 value=11.2610 outlier=false
arm=gemma4_e2b.tip metric=ms_per_token process=1 run=2 value=11.2300 outlier=false
arm=gemma4_e2b.tip metric=ms_per_token process=1 run=3 value=11.1910 outlier=false
arm=gemma4_e2b.tip metric=ms_per_token process=1 run=4 value=11.2300 outlier=false
arm=gemma4_e2b.tip metric=ms_per_token process=1 run=5 value=11.2750 outlier=false
arm=gemma4_e2b.tip metric=ms_per_token process=1 run=6 value=11.0990 outlier=false
arm=gemma4_e2b.tip metric=ms_per_token process=1 run=7 value=11.2300 outlier=false
arm=gemma4_e2b.tip metric=ms_per_token process=2 run=1 value=11.1510 outlier=false
arm=gemma4_e2b.tip metric=ms_per_token process=2 run=2 value=11.1620 outlier=false
arm=gemma4_e2b.tip metric=ms_per_token process=2 run=3 value=11.1460 outlier=false
arm=gemma4_e2b.tip metric=ms_per_token process=2 run=4 value=11.1470 outlier=false
arm=gemma4_e2b.tip metric=ms_per_token process=2 run=5 value=11.0410 outlier=false
arm=gemma4_e2b.tip metric=ms_per_token process=2 run=6 value=11.1300 outlier=false
arm=gemma4_e2b.tip metric=ms_per_token process=2 run=7 value=11.1770 outlier=false
summary arm=gemma4_e2b.tip metric=ms_per_token n_all=21 median_all=11.1610 cov_all_pct=0.57 min_all=11.0410 max_all=11.2750 | n_kept=21 median_kept=11.1610 mad_kept=0.0460 cov_kept_pct=0.57 min_kept=11.0410 max_kept=11.2750
arm=gemma4_e2b.tip metric=prefill_ms process=0 run=1 value=588.0500 outlier=false
arm=gemma4_e2b.tip metric=prefill_ms process=0 run=2 value=586.0610 outlier=false
arm=gemma4_e2b.tip metric=prefill_ms process=0 run=3 value=587.9750 outlier=false
arm=gemma4_e2b.tip metric=prefill_ms process=0 run=4 value=590.0550 outlier=false
arm=gemma4_e2b.tip metric=prefill_ms process=0 run=5 value=589.0210 outlier=false
arm=gemma4_e2b.tip metric=prefill_ms process=0 run=6 value=588.9390 outlier=false
arm=gemma4_e2b.tip metric=prefill_ms process=0 run=7 value=590.9400 outlier=false
arm=gemma4_e2b.tip metric=prefill_ms process=1 run=1 value=587.9810 outlier=false
arm=gemma4_e2b.tip metric=prefill_ms process=1 run=2 value=590.0390 outlier=false
arm=gemma4_e2b.tip metric=prefill_ms process=1 run=3 value=591.0320 outlier=false
arm=gemma4_e2b.tip metric=prefill_ms process=1 run=4 value=589.0630 outlier=false
arm=gemma4_e2b.tip metric=prefill_ms process=1 run=5 value=586.9680 outlier=false
arm=gemma4_e2b.tip metric=prefill_ms process=1 run=6 value=591.9730 outlier=false
arm=gemma4_e2b.tip metric=prefill_ms process=1 run=7 value=589.0460 outlier=false
arm=gemma4_e2b.tip metric=prefill_ms process=2 run=1 value=587.0560 outlier=false
arm=gemma4_e2b.tip metric=prefill_ms process=2 run=2 value=586.0220 outlier=false
arm=gemma4_e2b.tip metric=prefill_ms process=2 run=3 value=586.9660 outlier=false
arm=gemma4_e2b.tip metric=prefill_ms process=2 run=4 value=587.0450 outlier=false
arm=gemma4_e2b.tip metric=prefill_ms process=2 run=5 value=587.0630 outlier=false
arm=gemma4_e2b.tip metric=prefill_ms process=2 run=6 value=588.0180 outlier=false
arm=gemma4_e2b.tip metric=prefill_ms process=2 run=7 value=587.0610 outlier=false
summary arm=gemma4_e2b.tip metric=prefill_ms n_all=21 median_all=588.0180 cov_all_pct=0.28 min_all=586.0220 max_all=591.9730 | n_kept=21 median_kept=588.0180 mad_kept=1.0280 cov_kept_pct=0.28 min_kept=586.0220 max_kept=591.9730
arm=gemma4_e2b.tip metric=ttft_ms process=0 run=1 value=588.0000 outlier=false
arm=gemma4_e2b.tip metric=ttft_ms process=0 run=2 value=586.0000 outlier=false
arm=gemma4_e2b.tip metric=ttft_ms process=0 run=3 value=588.0000 outlier=false
arm=gemma4_e2b.tip metric=ttft_ms process=0 run=4 value=590.0000 outlier=false
arm=gemma4_e2b.tip metric=ttft_ms process=0 run=5 value=589.0000 outlier=false
arm=gemma4_e2b.tip metric=ttft_ms process=0 run=6 value=589.0000 outlier=false
arm=gemma4_e2b.tip metric=ttft_ms process=0 run=7 value=591.0000 outlier=false
arm=gemma4_e2b.tip metric=ttft_ms process=1 run=1 value=588.0000 outlier=false
arm=gemma4_e2b.tip metric=ttft_ms process=1 run=2 value=590.0000 outlier=false
arm=gemma4_e2b.tip metric=ttft_ms process=1 run=3 value=591.0000 outlier=false
arm=gemma4_e2b.tip metric=ttft_ms process=1 run=4 value=589.0000 outlier=false
arm=gemma4_e2b.tip metric=ttft_ms process=1 run=5 value=587.0000 outlier=false
arm=gemma4_e2b.tip metric=ttft_ms process=1 run=6 value=592.0000 outlier=false
arm=gemma4_e2b.tip metric=ttft_ms process=1 run=7 value=589.0000 outlier=false
arm=gemma4_e2b.tip metric=ttft_ms process=2 run=1 value=587.0000 outlier=false
arm=gemma4_e2b.tip metric=ttft_ms process=2 run=2 value=586.0000 outlier=false
arm=gemma4_e2b.tip metric=ttft_ms process=2 run=3 value=587.0000 outlier=false
arm=gemma4_e2b.tip metric=ttft_ms process=2 run=4 value=587.0000 outlier=false
arm=gemma4_e2b.tip metric=ttft_ms process=2 run=5 value=587.0000 outlier=false
arm=gemma4_e2b.tip metric=ttft_ms process=2 run=6 value=588.0000 outlier=false
arm=gemma4_e2b.tip metric=ttft_ms process=2 run=7 value=587.0000 outlier=false
summary arm=gemma4_e2b.tip metric=ttft_ms n_all=21 median_all=588.0000 cov_all_pct=0.28 min_all=586.0000 max_all=592.0000 | n_kept=21 median_kept=588.0000 mad_kept=1.0000 cov_kept_pct=0.28 min_kept=586.0000 max_kept=592.0000
arm=gemma4_e2b.tip metric=wall_ms process=0 run=1 value=2018.3240 outlier=false
arm=gemma4_e2b.tip metric=wall_ms process=0 run=2 value=2007.6990 outlier=false
arm=gemma4_e2b.tip metric=wall_ms process=0 run=3 value=1998.6910 outlier=false
arm=gemma4_e2b.tip metric=wall_ms process=0 run=4 value=2007.5020 outlier=false
arm=gemma4_e2b.tip metric=wall_ms process=0 run=5 value=1993.1330 outlier=false
arm=gemma4_e2b.tip metric=wall_ms process=0 run=6 value=2000.5440 outlier=false
arm=gemma4_e2b.tip metric=wall_ms process=0 run=7 value=2007.1170 outlier=false
arm=gemma4_e2b.tip metric=wall_ms process=1 run=1 value=2018.1280 outlier=false
arm=gemma4_e2b.tip metric=wall_ms process=1 run=2 value=2016.2490 outlier=false
arm=gemma4_e2b.tip metric=wall_ms process=1 run=3 value=2012.2890 outlier=false
arm=gemma4_e2b.tip metric=wall_ms process=1 run=4 value=2015.2730 outlier=false
arm=gemma4_e2b.tip metric=wall_ms process=1 run=5 value=2018.8930 outlier=false
arm=gemma4_e2b.tip metric=wall_ms process=1 run=6 value=2001.5460 outlier=false
arm=gemma4_e2b.tip metric=wall_ms process=1 run=7 value=2015.2560 outlier=false
arm=gemma4_e2b.tip metric=wall_ms process=2 run=1 value=2003.2330 outlier=false
arm=gemma4_e2b.tip metric=wall_ms process=2 run=2 value=2003.5960 outlier=false
arm=gemma4_e2b.tip metric=wall_ms process=2 run=3 value=2002.5080 outlier=false
arm=gemma4_e2b.tip metric=wall_ms process=2 run=4 value=2002.7140 outlier=false
arm=gemma4_e2b.tip metric=wall_ms process=2 run=5 value=1989.2700 outlier=false
arm=gemma4_e2b.tip metric=wall_ms process=2 run=6 value=2001.5280 outlier=false
arm=gemma4_e2b.tip metric=wall_ms process=2 run=7 value=2006.5400 outlier=false
summary arm=gemma4_e2b.tip metric=wall_ms n_all=21 median_all=2006.5400 cov_all_pct=0.40 min_all=1989.2700 max_all=2018.8930 | n_kept=21 median_kept=2006.5400 mad_kept=5.7490 cov_kept_pct=0.40 min_kept=1989.2700 max_kept=2018.8930
arm=gemma4_e2b.tip metric=tokens_generated process=0 run=1 value=128.0000 outlier=false
arm=gemma4_e2b.tip metric=tokens_generated process=0 run=2 value=128.0000 outlier=false
arm=gemma4_e2b.tip metric=tokens_generated process=0 run=3 value=128.0000 outlier=false
arm=gemma4_e2b.tip metric=tokens_generated process=0 run=4 value=128.0000 outlier=false
arm=gemma4_e2b.tip metric=tokens_generated process=0 run=5 value=128.0000 outlier=false
arm=gemma4_e2b.tip metric=tokens_generated process=0 run=6 value=128.0000 outlier=false
arm=gemma4_e2b.tip metric=tokens_generated process=0 run=7 value=128.0000 outlier=false
arm=gemma4_e2b.tip metric=tokens_generated process=1 run=1 value=128.0000 outlier=false
arm=gemma4_e2b.tip metric=tokens_generated process=1 run=2 value=128.0000 outlier=false
arm=gemma4_e2b.tip metric=tokens_generated process=1 run=3 value=128.0000 outlier=false
arm=gemma4_e2b.tip metric=tokens_generated process=1 run=4 value=128.0000 outlier=false
arm=gemma4_e2b.tip metric=tokens_generated process=1 run=5 value=128.0000 outlier=false
arm=gemma4_e2b.tip metric=tokens_generated process=1 run=6 value=128.0000 outlier=false
arm=gemma4_e2b.tip metric=tokens_generated process=1 run=7 value=128.0000 outlier=false
arm=gemma4_e2b.tip metric=tokens_generated process=2 run=1 value=128.0000 outlier=false
arm=gemma4_e2b.tip metric=tokens_generated process=2 run=2 value=128.0000 outlier=false
arm=gemma4_e2b.tip metric=tokens_generated process=2 run=3 value=128.0000 outlier=false
arm=gemma4_e2b.tip metric=tokens_generated process=2 run=4 value=128.0000 outlier=false
arm=gemma4_e2b.tip metric=tokens_generated process=2 run=5 value=128.0000 outlier=false
arm=gemma4_e2b.tip metric=tokens_generated process=2 run=6 value=128.0000 outlier=false
arm=gemma4_e2b.tip metric=tokens_generated process=2 run=7 value=128.0000 outlier=false
summary arm=gemma4_e2b.tip metric=tokens_generated n_all=21 median_all=128.0000 cov_all_pct=0.00 min_all=128.0000 max_all=128.0000 | n_kept=21 median_kept=128.0000 mad_kept=0.0000 cov_kept_pct=0.00 min_kept=128.0000 max_kept=128.0000
arm=gemma4_e2b.tip metric=cpu_ms process=0 run=1 value=355.2940 outlier=false
arm=gemma4_e2b.tip metric=cpu_ms process=0 run=2 value=278.6150 outlier=false
arm=gemma4_e2b.tip metric=cpu_ms process=0 run=3 value=309.0910 outlier=false
arm=gemma4_e2b.tip metric=cpu_ms process=0 run=4 value=316.1350 outlier=false
arm=gemma4_e2b.tip metric=cpu_ms process=0 run=5 value=301.8670 outlier=false
arm=gemma4_e2b.tip metric=cpu_ms process=0 run=6 value=306.9870 outlier=false
arm=gemma4_e2b.tip metric=cpu_ms process=0 run=7 value=300.9410 outlier=false
arm=gemma4_e2b.tip metric=cpu_ms process=1 run=1 value=343.2910 outlier=false
arm=gemma4_e2b.tip metric=cpu_ms process=1 run=2 value=354.6530 outlier=false
arm=gemma4_e2b.tip metric=cpu_ms process=1 run=3 value=333.1250 outlier=false
arm=gemma4_e2b.tip metric=cpu_ms process=1 run=4 value=350.9930 outlier=false
arm=gemma4_e2b.tip metric=cpu_ms process=1 run=5 value=339.5860 outlier=false
arm=gemma4_e2b.tip metric=cpu_ms process=1 run=6 value=308.1880 outlier=false
arm=gemma4_e2b.tip metric=cpu_ms process=1 run=7 value=347.0030 outlier=false
arm=gemma4_e2b.tip metric=cpu_ms process=2 run=1 value=260.3070 outlier=false
arm=gemma4_e2b.tip metric=cpu_ms process=2 run=2 value=235.4940 outlier=false
arm=gemma4_e2b.tip metric=cpu_ms process=2 run=3 value=235.9270 outlier=false
arm=gemma4_e2b.tip metric=cpu_ms process=2 run=4 value=240.2060 outlier=false
arm=gemma4_e2b.tip metric=cpu_ms process=2 run=5 value=270.8630 outlier=false
arm=gemma4_e2b.tip metric=cpu_ms process=2 run=6 value=255.7530 outlier=false
arm=gemma4_e2b.tip metric=cpu_ms process=2 run=7 value=235.8520 outlier=false
summary arm=gemma4_e2b.tip metric=cpu_ms n_all=21 median_all=306.9870 cov_all_pct=13.97 min_all=235.4940 max_all=355.2940 | n_kept=21 median_kept=306.9870 mad_kept=36.3040 cov_kept_pct=13.97 min_kept=235.4940 max_kept=355.2940
arm=gemma4_e2b.tip metric=cpu_pct process=0 run=1 value=17.6000 outlier=false
arm=gemma4_e2b.tip metric=cpu_pct process=0 run=2 value=13.8800 outlier=false
arm=gemma4_e2b.tip metric=cpu_pct process=0 run=3 value=15.4600 outlier=false
arm=gemma4_e2b.tip metric=cpu_pct process=0 run=4 value=15.7500 outlier=false
arm=gemma4_e2b.tip metric=cpu_pct process=0 run=5 value=15.1500 outlier=false
arm=gemma4_e2b.tip metric=cpu_pct process=0 run=6 value=15.3500 outlier=false
arm=gemma4_e2b.tip metric=cpu_pct process=0 run=7 value=14.9900 outlier=false
arm=gemma4_e2b.tip metric=cpu_pct process=1 run=1 value=17.0100 outlier=false
arm=gemma4_e2b.tip metric=cpu_pct process=1 run=2 value=17.5900 outlier=false
arm=gemma4_e2b.tip metric=cpu_pct process=1 run=3 value=16.5500 outlier=false
arm=gemma4_e2b.tip metric=cpu_pct process=1 run=4 value=17.4200 outlier=false
arm=gemma4_e2b.tip metric=cpu_pct process=1 run=5 value=16.8200 outlier=false
arm=gemma4_e2b.tip metric=cpu_pct process=1 run=6 value=15.4000 outlier=false
arm=gemma4_e2b.tip metric=cpu_pct process=1 run=7 value=17.2200 outlier=false
arm=gemma4_e2b.tip metric=cpu_pct process=2 run=1 value=12.9900 outlier=false
arm=gemma4_e2b.tip metric=cpu_pct process=2 run=2 value=11.7500 outlier=false
arm=gemma4_e2b.tip metric=cpu_pct process=2 run=3 value=11.7800 outlier=false
arm=gemma4_e2b.tip metric=cpu_pct process=2 run=4 value=11.9900 outlier=false
arm=gemma4_e2b.tip metric=cpu_pct process=2 run=5 value=13.6200 outlier=false
arm=gemma4_e2b.tip metric=cpu_pct process=2 run=6 value=12.7800 outlier=false
arm=gemma4_e2b.tip metric=cpu_pct process=2 run=7 value=11.7500 outlier=false
summary arm=gemma4_e2b.tip metric=cpu_pct n_all=21 median_all=15.3500 cov_all_pct=13.71 min_all=11.7500 max_all=17.6000 | n_kept=21 median_kept=15.3500 mad_kept=1.7300 cov_kept_pct=13.71 min_kept=11.7500 max_kept=17.6000
memory arm=gemma4_e2b.tip metric=peak_rss_bytes process=0 value=3791208448
memory arm=gemma4_e2b.tip metric=peak_rss_bytes process=1 value=3758407680
memory arm=gemma4_e2b.tip metric=peak_rss_bytes process=2 value=3770417152
summary arm=gemma4_e2b.tip metric=peak_rss_bytes n=3 median=3770417152 max=3791208448
memory arm=gemma4_e2b.tip metric=peak_footprint_bytes process=0 value=431778112
memory arm=gemma4_e2b.tip metric=peak_footprint_bytes process=1 value=425126400
memory arm=gemma4_e2b.tip metric=peak_footprint_bytes process=2 value=425798080
summary arm=gemma4_e2b.tip metric=peak_footprint_bytes n=3 median=425798080 max=431778112
memory arm=gemma4_e2b.tip metric=peak_gpu_bytes process=0 value=3621748736
memory arm=gemma4_e2b.tip metric=peak_gpu_bytes process=1 value=3622256640
memory arm=gemma4_e2b.tip metric=peak_gpu_bytes process=2 value=3622256640
summary arm=gemma4_e2b.tip metric=peak_gpu_bytes n=3 median=3622256640 max=3622256640
extra arm=gemma4_e2b.tip process=0 box_gpu_device_utilization_pct_before_launch=Some(95) (ioreg sampler, box-level, not this process)
extra arm=gemma4_e2b.tip process=0 peers_present_at_exit=[]
extra arm=gemma4_e2b.tip process=1 box_gpu_device_utilization_pct_before_launch=Some(94) (ioreg sampler, box-level, not this process)
extra arm=gemma4_e2b.tip process=1 peers_present_at_exit=[]
extra arm=gemma4_e2b.tip process=2 box_gpu_device_utilization_pct_before_launch=Some(95) (ioreg sampler, box-level, not this process)
extra arm=gemma4_e2b.tip process=2 peers_present_at_exit=[]
arm=gemma4_e2b.control metric=ms_per_token process=0 run=1 value=11.2140 outlier=false
arm=gemma4_e2b.control metric=ms_per_token process=0 run=2 value=11.0930 outlier=false
arm=gemma4_e2b.control metric=ms_per_token process=0 run=3 value=11.1080 outlier=false
arm=gemma4_e2b.control metric=ms_per_token process=0 run=4 value=11.0470 outlier=false
arm=gemma4_e2b.control metric=ms_per_token process=0 run=5 value=11.0610 outlier=false
arm=gemma4_e2b.control metric=ms_per_token process=0 run=6 value=10.9660 outlier=false
arm=gemma4_e2b.control metric=ms_per_token process=0 run=7 value=10.9880 outlier=false
arm=gemma4_e2b.control metric=ms_per_token process=1 run=1 value=11.2760 outlier=false
arm=gemma4_e2b.control metric=ms_per_token process=1 run=2 value=11.3680 outlier=false
arm=gemma4_e2b.control metric=ms_per_token process=1 run=3 value=11.3240 outlier=false
arm=gemma4_e2b.control metric=ms_per_token process=1 run=4 value=11.1780 outlier=false
arm=gemma4_e2b.control metric=ms_per_token process=1 run=5 value=11.3150 outlier=false
arm=gemma4_e2b.control metric=ms_per_token process=1 run=6 value=11.2200 outlier=false
arm=gemma4_e2b.control metric=ms_per_token process=1 run=7 value=11.3840 outlier=false
arm=gemma4_e2b.control metric=ms_per_token process=2 run=1 value=11.1720 outlier=false
arm=gemma4_e2b.control metric=ms_per_token process=2 run=2 value=11.2430 outlier=false
arm=gemma4_e2b.control metric=ms_per_token process=2 run=3 value=11.1210 outlier=false
arm=gemma4_e2b.control metric=ms_per_token process=2 run=4 value=11.1560 outlier=false
arm=gemma4_e2b.control metric=ms_per_token process=2 run=5 value=11.2180 outlier=false
arm=gemma4_e2b.control metric=ms_per_token process=2 run=6 value=11.1340 outlier=false
arm=gemma4_e2b.control metric=ms_per_token process=2 run=7 value=11.2270 outlier=false
summary arm=gemma4_e2b.control metric=ms_per_token n_all=21 median_all=11.1780 cov_all_pct=1.01 min_all=10.9660 max_all=11.3840 | n_kept=21 median_kept=11.1780 mad_kept=0.0700 cov_kept_pct=1.01 min_kept=10.9660 max_kept=11.3840
arm=gemma4_e2b.control metric=prefill_ms process=0 run=1 value=588.0560 outlier=false
arm=gemma4_e2b.control metric=prefill_ms process=0 run=2 value=588.9540 outlier=false
arm=gemma4_e2b.control metric=prefill_ms process=0 run=3 value=588.9720 outlier=false
arm=gemma4_e2b.control metric=prefill_ms process=0 run=4 value=588.9800 outlier=false
arm=gemma4_e2b.control metric=prefill_ms process=0 run=5 value=589.0460 outlier=false
arm=gemma4_e2b.control metric=prefill_ms process=0 run=6 value=589.9820 outlier=false
arm=gemma4_e2b.control metric=prefill_ms process=0 run=7 value=589.0450 outlier=false
arm=gemma4_e2b.control metric=prefill_ms process=1 run=1 value=586.9750 outlier=false
arm=gemma4_e2b.control metric=prefill_ms process=1 run=2 value=589.0560 outlier=false
arm=gemma4_e2b.control metric=prefill_ms process=1 run=3 value=589.0110 outlier=false
arm=gemma4_e2b.control metric=prefill_ms process=1 run=4 value=587.9680 outlier=false
arm=gemma4_e2b.control metric=prefill_ms process=1 run=5 value=589.0580 outlier=false
arm=gemma4_e2b.control metric=prefill_ms process=1 run=6 value=588.0040 outlier=false
arm=gemma4_e2b.control metric=prefill_ms process=1 run=7 value=587.0300 outlier=false
arm=gemma4_e2b.control metric=prefill_ms process=2 run=1 value=588.0230 outlier=false
arm=gemma4_e2b.control metric=prefill_ms process=2 run=2 value=587.9520 outlier=false
arm=gemma4_e2b.control metric=prefill_ms process=2 run=3 value=585.9600 outlier=false
arm=gemma4_e2b.control metric=prefill_ms process=2 run=4 value=586.9730 outlier=false
arm=gemma4_e2b.control metric=prefill_ms process=2 run=5 value=587.0170 outlier=false
arm=gemma4_e2b.control metric=prefill_ms process=2 run=6 value=586.9520 outlier=false
arm=gemma4_e2b.control metric=prefill_ms process=2 run=7 value=587.0330 outlier=false
summary arm=gemma4_e2b.control metric=prefill_ms n_all=21 median_all=588.0230 cov_all_pct=0.17 min_all=585.9600 max_all=589.9820 | n_kept=21 median_kept=588.0230 mad_kept=0.9930 cov_kept_pct=0.17 min_kept=585.9600 max_kept=589.9820
arm=gemma4_e2b.control metric=ttft_ms process=0 run=1 value=588.0000 outlier=false
arm=gemma4_e2b.control metric=ttft_ms process=0 run=2 value=589.0000 outlier=false
arm=gemma4_e2b.control metric=ttft_ms process=0 run=3 value=589.0000 outlier=false
arm=gemma4_e2b.control metric=ttft_ms process=0 run=4 value=589.0000 outlier=false
arm=gemma4_e2b.control metric=ttft_ms process=0 run=5 value=589.0000 outlier=false
arm=gemma4_e2b.control metric=ttft_ms process=0 run=6 value=590.0000 outlier=false
arm=gemma4_e2b.control metric=ttft_ms process=0 run=7 value=589.0000 outlier=false
arm=gemma4_e2b.control metric=ttft_ms process=1 run=1 value=587.0000 outlier=false
arm=gemma4_e2b.control metric=ttft_ms process=1 run=2 value=589.0000 outlier=false
arm=gemma4_e2b.control metric=ttft_ms process=1 run=3 value=589.0000 outlier=false
arm=gemma4_e2b.control metric=ttft_ms process=1 run=4 value=588.0000 outlier=false
arm=gemma4_e2b.control metric=ttft_ms process=1 run=5 value=589.0000 outlier=false
arm=gemma4_e2b.control metric=ttft_ms process=1 run=6 value=588.0000 outlier=false
arm=gemma4_e2b.control metric=ttft_ms process=1 run=7 value=587.0000 outlier=false
arm=gemma4_e2b.control metric=ttft_ms process=2 run=1 value=588.0000 outlier=false
arm=gemma4_e2b.control metric=ttft_ms process=2 run=2 value=588.0000 outlier=false
arm=gemma4_e2b.control metric=ttft_ms process=2 run=3 value=586.0000 outlier=false
arm=gemma4_e2b.control metric=ttft_ms process=2 run=4 value=587.0000 outlier=false
arm=gemma4_e2b.control metric=ttft_ms process=2 run=5 value=587.0000 outlier=false
arm=gemma4_e2b.control metric=ttft_ms process=2 run=6 value=587.0000 outlier=false
arm=gemma4_e2b.control metric=ttft_ms process=2 run=7 value=587.0000 outlier=false
summary arm=gemma4_e2b.control metric=ttft_ms n_all=21 median_all=588.0000 cov_all_pct=0.17 min_all=586.0000 max_all=590.0000 | n_kept=21 median_kept=588.0000 mad_kept=1.0000 cov_kept_pct=0.17 min_kept=586.0000 max_kept=590.0000
arm=gemma4_e2b.control metric=wall_ms process=0 run=1 value=2012.2340 outlier=false
arm=gemma4_e2b.control metric=wall_ms process=0 run=2 value=1997.7650 outlier=false
arm=gemma4_e2b.control metric=wall_ms process=0 run=3 value=1999.6880 outlier=false
arm=gemma4_e2b.control metric=wall_ms process=0 run=4 value=1991.9490 outlier=false
arm=gemma4_e2b.control metric=wall_ms process=0 run=5 value=1993.7930 outlier=false
arm=gemma4_e2b.control metric=wall_ms process=0 run=6 value=1982.6640 outlier=false
arm=gemma4_e2b.control metric=wall_ms process=0 run=7 value=1984.5210 outlier=false
arm=gemma4_e2b.control metric=wall_ms process=1 run=1 value=2019.0270 outlier=false
arm=gemma4_e2b.control metric=wall_ms process=1 run=2 value=2032.7920 outlier=false
arm=gemma4_e2b.control metric=wall_ms process=1 run=3 value=2027.1590 outlier=false
arm=gemma4_e2b.control metric=wall_ms process=1 run=4 value=2007.5740 outlier=false
arm=gemma4_e2b.control metric=wall_ms process=1 run=5 value=2026.0630 outlier=false
arm=gemma4_e2b.control metric=wall_ms process=1 run=6 value=2012.9440 outlier=false
arm=gemma4_e2b.control metric=wall_ms process=1 run=7 value=2032.7980 outlier=false
arm=gemma4_e2b.control metric=wall_ms process=2 run=1 value=2006.8670 outlier=false
arm=gemma4_e2b.control metric=wall_ms process=2 run=2 value=2015.8130 outlier=false
arm=gemma4_e2b.control metric=wall_ms process=2 run=3 value=1998.3270 outlier=false
arm=gemma4_e2b.control metric=wall_ms process=2 run=4 value=2003.7850 outlier=false
arm=gemma4_e2b.control metric=wall_ms process=2 run=5 value=2011.7030 outlier=false
arm=gemma4_e2b.control metric=wall_ms process=2 run=6 value=2000.9700 outlier=false
arm=gemma4_e2b.control metric=wall_ms process=2 run=7 value=2012.8620 outlier=false
summary arm=gemma4_e2b.control metric=wall_ms n_all=21 median_all=2007.5740 cov_all_pct=0.70 min_all=1982.6640 max_all=2032.7980 | n_kept=21 median_kept=2007.5740 mad_kept=9.2470 cov_kept_pct=0.70 min_kept=1982.6640 max_kept=2032.7980
arm=gemma4_e2b.control metric=tokens_generated process=0 run=1 value=128.0000 outlier=false
arm=gemma4_e2b.control metric=tokens_generated process=0 run=2 value=128.0000 outlier=false
arm=gemma4_e2b.control metric=tokens_generated process=0 run=3 value=128.0000 outlier=false
arm=gemma4_e2b.control metric=tokens_generated process=0 run=4 value=128.0000 outlier=false
arm=gemma4_e2b.control metric=tokens_generated process=0 run=5 value=128.0000 outlier=false
arm=gemma4_e2b.control metric=tokens_generated process=0 run=6 value=128.0000 outlier=false
arm=gemma4_e2b.control metric=tokens_generated process=0 run=7 value=128.0000 outlier=false
arm=gemma4_e2b.control metric=tokens_generated process=1 run=1 value=128.0000 outlier=false
arm=gemma4_e2b.control metric=tokens_generated process=1 run=2 value=128.0000 outlier=false
arm=gemma4_e2b.control metric=tokens_generated process=1 run=3 value=128.0000 outlier=false
arm=gemma4_e2b.control metric=tokens_generated process=1 run=4 value=128.0000 outlier=false
arm=gemma4_e2b.control metric=tokens_generated process=1 run=5 value=128.0000 outlier=false
arm=gemma4_e2b.control metric=tokens_generated process=1 run=6 value=128.0000 outlier=false
arm=gemma4_e2b.control metric=tokens_generated process=1 run=7 value=128.0000 outlier=false
arm=gemma4_e2b.control metric=tokens_generated process=2 run=1 value=128.0000 outlier=false
arm=gemma4_e2b.control metric=tokens_generated process=2 run=2 value=128.0000 outlier=false
arm=gemma4_e2b.control metric=tokens_generated process=2 run=3 value=128.0000 outlier=false
arm=gemma4_e2b.control metric=tokens_generated process=2 run=4 value=128.0000 outlier=false
arm=gemma4_e2b.control metric=tokens_generated process=2 run=5 value=128.0000 outlier=false
arm=gemma4_e2b.control metric=tokens_generated process=2 run=6 value=128.0000 outlier=false
arm=gemma4_e2b.control metric=tokens_generated process=2 run=7 value=128.0000 outlier=false
summary arm=gemma4_e2b.control metric=tokens_generated n_all=21 median_all=128.0000 cov_all_pct=0.00 min_all=128.0000 max_all=128.0000 | n_kept=21 median_kept=128.0000 mad_kept=0.0000 cov_kept_pct=0.00 min_kept=128.0000 max_kept=128.0000
arm=gemma4_e2b.control metric=cpu_ms process=0 run=1 value=359.5400 outlier=false
arm=gemma4_e2b.control metric=cpu_ms process=0 run=2 value=321.4400 outlier=false
arm=gemma4_e2b.control metric=cpu_ms process=0 run=3 value=314.5030 outlier=false
arm=gemma4_e2b.control metric=cpu_ms process=0 run=4 value=308.3250 outlier=false
arm=gemma4_e2b.control metric=cpu_ms process=0 run=5 value=308.7720 outlier=false
arm=gemma4_e2b.control metric=cpu_ms process=0 run=6 value=290.9600 outlier=false
arm=gemma4_e2b.control metric=cpu_ms process=0 run=7 value=302.6890 outlier=false
arm=gemma4_e2b.control metric=cpu_ms process=1 run=1 value=314.2990 outlier=false
arm=gemma4_e2b.control metric=cpu_ms process=1 run=2 value=352.0630 outlier=false
arm=gemma4_e2b.control metric=cpu_ms process=1 run=3 value=319.5110 outlier=false
arm=gemma4_e2b.control metric=cpu_ms process=1 run=4 value=300.3800 outlier=false
arm=gemma4_e2b.control metric=cpu_ms process=1 run=5 value=371.9520 outlier=false
arm=gemma4_e2b.control metric=cpu_ms process=1 run=6 value=258.4160 outlier=false
arm=gemma4_e2b.control metric=cpu_ms process=1 run=7 value=389.2190 outlier=true
arm=gemma4_e2b.control metric=cpu_ms process=2 run=1 value=295.1990 outlier=false
arm=gemma4_e2b.control metric=cpu_ms process=2 run=2 value=292.4720 outlier=false
arm=gemma4_e2b.control metric=cpu_ms process=2 run=3 value=268.3730 outlier=false
arm=gemma4_e2b.control metric=cpu_ms process=2 run=4 value=257.9000 outlier=false
arm=gemma4_e2b.control metric=cpu_ms process=2 run=5 value=236.6540 outlier=false
arm=gemma4_e2b.control metric=cpu_ms process=2 run=6 value=275.1080 outlier=false
arm=gemma4_e2b.control metric=cpu_ms process=2 run=7 value=255.8720 outlier=false
summary arm=gemma4_e2b.control metric=cpu_ms n_all=21 median_all=302.6890 cov_all_pct=12.75 min_all=236.6540 max_all=389.2190 | n_kept=20 median_kept=301.5345 mad_kept=18.9410 cov_kept_pct=11.56 min_kept=236.6540 max_kept=371.9520
arm=gemma4_e2b.control metric=cpu_pct process=0 run=1 value=17.8700 outlier=false
arm=gemma4_e2b.control metric=cpu_pct process=0 run=2 value=16.0900 outlier=false
arm=gemma4_e2b.control metric=cpu_pct process=0 run=3 value=15.7300 outlier=false
arm=gemma4_e2b.control metric=cpu_pct process=0 run=4 value=15.4800 outlier=false
arm=gemma4_e2b.control metric=cpu_pct process=0 run=5 value=15.4900 outlier=false
arm=gemma4_e2b.control metric=cpu_pct process=0 run=6 value=14.6800 outlier=false
arm=gemma4_e2b.control metric=cpu_pct process=0 run=7 value=15.2500 outlier=false
arm=gemma4_e2b.control metric=cpu_pct process=1 run=1 value=15.5700 outlier=false
arm=gemma4_e2b.control metric=cpu_pct process=1 run=2 value=17.3200 outlier=false
arm=gemma4_e2b.control metric=cpu_pct process=1 run=3 value=15.7600 outlier=false
arm=gemma4_e2b.control metric=cpu_pct process=1 run=4 value=14.9600 outlier=false
arm=gemma4_e2b.control metric=cpu_pct process=1 run=5 value=18.3600 outlier=false
arm=gemma4_e2b.control metric=cpu_pct process=1 run=6 value=12.8400 outlier=false
arm=gemma4_e2b.control metric=cpu_pct process=1 run=7 value=19.1500 outlier=true
arm=gemma4_e2b.control metric=cpu_pct process=2 run=1 value=14.7100 outlier=false
arm=gemma4_e2b.control metric=cpu_pct process=2 run=2 value=14.5100 outlier=false
arm=gemma4_e2b.control metric=cpu_pct process=2 run=3 value=13.4300 outlier=false
arm=gemma4_e2b.control metric=cpu_pct process=2 run=4 value=12.8700 outlier=false
arm=gemma4_e2b.control metric=cpu_pct process=2 run=5 value=11.7600 outlier=false
arm=gemma4_e2b.control metric=cpu_pct process=2 run=6 value=13.7500 outlier=false
arm=gemma4_e2b.control metric=cpu_pct process=2 run=7 value=12.7100 outlier=false
summary arm=gemma4_e2b.control metric=cpu_pct n_all=21 median_all=15.2500 cov_all_pct=12.40 min_all=11.7600 max_all=19.1500 | n_kept=20 median_kept=15.1050 mad_kept=0.8200 cov_kept_pct=11.33 min_kept=11.7600 max_kept=18.3600
memory arm=gemma4_e2b.control metric=peak_rss_bytes process=0 value=3819831296
memory arm=gemma4_e2b.control metric=peak_rss_bytes process=1 value=3776528384
memory arm=gemma4_e2b.control metric=peak_rss_bytes process=2 value=3790422016
summary arm=gemma4_e2b.control metric=peak_rss_bytes n=3 median=3790422016 max=3819831296
memory arm=gemma4_e2b.control metric=peak_footprint_bytes process=0 value=445098432
memory arm=gemma4_e2b.control metric=peak_footprint_bytes process=1 value=435350208
memory arm=gemma4_e2b.control metric=peak_footprint_bytes process=2 value=430287296
summary arm=gemma4_e2b.control metric=peak_footprint_bytes n=3 median=435350208 max=445098432
memory arm=gemma4_e2b.control metric=peak_gpu_bytes process=0 value=3622256640
memory arm=gemma4_e2b.control metric=peak_gpu_bytes process=1 value=3621748736
memory arm=gemma4_e2b.control metric=peak_gpu_bytes process=2 value=3622256640
summary arm=gemma4_e2b.control metric=peak_gpu_bytes n=3 median=3622256640 max=3622256640
extra arm=gemma4_e2b.control process=0 box_gpu_device_utilization_pct_before_launch=Some(95) (ioreg sampler, box-level, not this process)
extra arm=gemma4_e2b.control process=0 peers_present_at_exit=[]
extra arm=gemma4_e2b.control process=1 box_gpu_device_utilization_pct_before_launch=Some(95) (ioreg sampler, box-level, not this process)
extra arm=gemma4_e2b.control process=1 peers_present_at_exit=[]
extra arm=gemma4_e2b.control process=2 box_gpu_device_utilization_pct_before_launch=Some(94) (ioreg sampler, box-level, not this process)
extra arm=gemma4_e2b.control process=2 peers_present_at_exit=[]
arm=granite_moe.base metric=ms_per_token process=0 run=1 value=6.6180 outlier=false
arm=granite_moe.base metric=ms_per_token process=0 run=2 value=6.5820 outlier=false
arm=granite_moe.base metric=ms_per_token process=0 run=3 value=6.8430 outlier=false
arm=granite_moe.base metric=ms_per_token process=0 run=4 value=6.8080 outlier=false
arm=granite_moe.base metric=ms_per_token process=0 run=5 value=6.7480 outlier=false
arm=granite_moe.base metric=ms_per_token process=0 run=6 value=6.7930 outlier=false
arm=granite_moe.base metric=ms_per_token process=0 run=7 value=6.7540 outlier=false
arm=granite_moe.base metric=ms_per_token process=1 run=1 value=6.5430 outlier=false
arm=granite_moe.base metric=ms_per_token process=1 run=2 value=6.5730 outlier=false
arm=granite_moe.base metric=ms_per_token process=1 run=3 value=6.5890 outlier=false
arm=granite_moe.base metric=ms_per_token process=1 run=4 value=6.5890 outlier=false
arm=granite_moe.base metric=ms_per_token process=1 run=5 value=6.6140 outlier=false
arm=granite_moe.base metric=ms_per_token process=1 run=6 value=6.5990 outlier=false
arm=granite_moe.base metric=ms_per_token process=1 run=7 value=6.5860 outlier=false
arm=granite_moe.base metric=ms_per_token process=2 run=1 value=6.6540 outlier=false
arm=granite_moe.base metric=ms_per_token process=2 run=2 value=6.7520 outlier=false
arm=granite_moe.base metric=ms_per_token process=2 run=3 value=6.7650 outlier=false
arm=granite_moe.base metric=ms_per_token process=2 run=4 value=6.6790 outlier=false
arm=granite_moe.base metric=ms_per_token process=2 run=5 value=6.6340 outlier=false
arm=granite_moe.base metric=ms_per_token process=2 run=6 value=6.6340 outlier=false
arm=granite_moe.base metric=ms_per_token process=2 run=7 value=6.6000 outlier=false
summary arm=granite_moe.base metric=ms_per_token n_all=21 median_all=6.6340 cov_all_pct=1.33 min_all=6.5430 max_all=6.8430 | n_kept=21 median_kept=6.6340 mad_kept=0.0480 cov_kept_pct=1.33 min_kept=6.5430 max_kept=6.8430
arm=granite_moe.base metric=prefill_ms process=0 run=1 value=268.0370 outlier=false
arm=granite_moe.base metric=prefill_ms process=0 run=2 value=266.0370 outlier=false
arm=granite_moe.base metric=prefill_ms process=0 run=3 value=265.9510 outlier=false
arm=granite_moe.base metric=prefill_ms process=0 run=4 value=266.9640 outlier=false
arm=granite_moe.base metric=prefill_ms process=0 run=5 value=265.9620 outlier=false
arm=granite_moe.base metric=prefill_ms process=0 run=6 value=264.9820 outlier=false
arm=granite_moe.base metric=prefill_ms process=0 run=7 value=265.9540 outlier=false
arm=granite_moe.base metric=prefill_ms process=1 run=1 value=266.0520 outlier=false
arm=granite_moe.base metric=prefill_ms process=1 run=2 value=268.0480 outlier=false
arm=granite_moe.base metric=prefill_ms process=1 run=3 value=266.0310 outlier=false
arm=granite_moe.base metric=prefill_ms process=1 run=4 value=266.0110 outlier=false
arm=granite_moe.base metric=prefill_ms process=1 run=5 value=266.9560 outlier=false
arm=granite_moe.base metric=prefill_ms process=1 run=6 value=265.0330 outlier=false
arm=granite_moe.base metric=prefill_ms process=1 run=7 value=267.9570 outlier=false
arm=granite_moe.base metric=prefill_ms process=2 run=1 value=266.9810 outlier=false
arm=granite_moe.base metric=prefill_ms process=2 run=2 value=264.9700 outlier=false
arm=granite_moe.base metric=prefill_ms process=2 run=3 value=265.9950 outlier=false
arm=granite_moe.base metric=prefill_ms process=2 run=4 value=266.0280 outlier=false
arm=granite_moe.base metric=prefill_ms process=2 run=5 value=266.0120 outlier=false
arm=granite_moe.base metric=prefill_ms process=2 run=6 value=264.9820 outlier=false
arm=granite_moe.base metric=prefill_ms process=2 run=7 value=265.0000 outlier=false
summary arm=granite_moe.base metric=prefill_ms n_all=21 median_all=266.0120 cov_all_pct=0.36 min_all=264.9700 max_all=268.0480 | n_kept=21 median_kept=266.0120 mad_kept=0.9440 cov_kept_pct=0.36 min_kept=264.9700 max_kept=268.0480
arm=granite_moe.base metric=ttft_ms process=0 run=1 value=268.0000 outlier=false
arm=granite_moe.base metric=ttft_ms process=0 run=2 value=266.0000 outlier=false
arm=granite_moe.base metric=ttft_ms process=0 run=3 value=266.0000 outlier=false
arm=granite_moe.base metric=ttft_ms process=0 run=4 value=267.0000 outlier=false
arm=granite_moe.base metric=ttft_ms process=0 run=5 value=266.0000 outlier=false
arm=granite_moe.base metric=ttft_ms process=0 run=6 value=265.0000 outlier=false
arm=granite_moe.base metric=ttft_ms process=0 run=7 value=266.0000 outlier=false
arm=granite_moe.base metric=ttft_ms process=1 run=1 value=266.0000 outlier=false
arm=granite_moe.base metric=ttft_ms process=1 run=2 value=268.0000 outlier=false
arm=granite_moe.base metric=ttft_ms process=1 run=3 value=266.0000 outlier=false
arm=granite_moe.base metric=ttft_ms process=1 run=4 value=266.0000 outlier=false
arm=granite_moe.base metric=ttft_ms process=1 run=5 value=267.0000 outlier=false
arm=granite_moe.base metric=ttft_ms process=1 run=6 value=265.0000 outlier=false
arm=granite_moe.base metric=ttft_ms process=1 run=7 value=268.0000 outlier=false
arm=granite_moe.base metric=ttft_ms process=2 run=1 value=267.0000 outlier=false
arm=granite_moe.base metric=ttft_ms process=2 run=2 value=265.0000 outlier=false
arm=granite_moe.base metric=ttft_ms process=2 run=3 value=266.0000 outlier=false
arm=granite_moe.base metric=ttft_ms process=2 run=4 value=266.0000 outlier=false
arm=granite_moe.base metric=ttft_ms process=2 run=5 value=266.0000 outlier=false
arm=granite_moe.base metric=ttft_ms process=2 run=6 value=265.0000 outlier=false
arm=granite_moe.base metric=ttft_ms process=2 run=7 value=265.0000 outlier=false
summary arm=granite_moe.base metric=ttft_ms n_all=21 median_all=266.0000 cov_all_pct=0.36 min_all=265.0000 max_all=268.0000 | n_kept=21 median_kept=266.0000 mad_kept=1.0000 cov_kept_pct=0.36 min_kept=265.0000 max_kept=268.0000
arm=granite_moe.base metric=wall_ms process=0 run=1 value=1108.5230 outlier=false
arm=granite_moe.base metric=wall_ms process=0 run=2 value=1101.9510 outlier=false
arm=granite_moe.base metric=wall_ms process=0 run=3 value=1135.0120 outlier=true
arm=granite_moe.base metric=wall_ms process=0 run=4 value=1131.5800 outlier=false
arm=granite_moe.base metric=wall_ms process=0 run=5 value=1122.9580 outlier=false
arm=granite_moe.base metric=wall_ms process=0 run=6 value=1127.6930 outlier=false
arm=granite_moe.base metric=wall_ms process=0 run=7 value=1123.7120 outlier=false
arm=granite_moe.base metric=wall_ms process=1 run=1 value=1097.0130 outlier=false
arm=granite_moe.base metric=wall_ms process=1 run=2 value=1102.8190 outlier=false
arm=granite_moe.base metric=wall_ms process=1 run=3 value=1102.8340 outlier=false
arm=granite_moe.base metric=wall_ms process=1 run=4 value=1102.8140 outlier=false
arm=granite_moe.base metric=wall_ms process=1 run=5 value=1106.9340 outlier=false
arm=granite_moe.base metric=wall_ms process=1 run=6 value=1103.1060 outlier=false
arm=granite_moe.base metric=wall_ms process=1 run=7 value=1104.3790 outlier=false
arm=granite_moe.base metric=wall_ms process=2 run=1 value=1112.0390 outlier=false
arm=granite_moe.base metric=wall_ms process=2 run=2 value=1122.4740 outlier=false
arm=granite_moe.base metric=wall_ms process=2 run=3 value=1125.1500 outlier=false
arm=granite_moe.base metric=wall_ms process=2 run=4 value=1114.2610 outlier=false
arm=granite_moe.base metric=wall_ms process=2 run=5 value=1108.5300 outlier=false
arm=granite_moe.base metric=wall_ms process=2 run=6 value=1107.5000 outlier=false
arm=granite_moe.base metric=wall_ms process=2 run=7 value=1103.2000 outlier=false
summary arm=granite_moe.base metric=wall_ms n_all=21 median_all=1108.5230 cov_all_pct=0.99 min_all=1097.0130 max_all=1135.0120 | n_kept=20 median_kept=1108.0115 mad_kept=5.1950 cov_kept_pct=0.91 min_kept=1097.0130 max_kept=1131.5800
arm=granite_moe.base metric=tokens_generated process=0 run=1 value=128.0000 outlier=false
arm=granite_moe.base metric=tokens_generated process=0 run=2 value=128.0000 outlier=false
arm=granite_moe.base metric=tokens_generated process=0 run=3 value=128.0000 outlier=false
arm=granite_moe.base metric=tokens_generated process=0 run=4 value=128.0000 outlier=false
arm=granite_moe.base metric=tokens_generated process=0 run=5 value=128.0000 outlier=false
arm=granite_moe.base metric=tokens_generated process=0 run=6 value=128.0000 outlier=false
arm=granite_moe.base metric=tokens_generated process=0 run=7 value=128.0000 outlier=false
arm=granite_moe.base metric=tokens_generated process=1 run=1 value=128.0000 outlier=false
arm=granite_moe.base metric=tokens_generated process=1 run=2 value=128.0000 outlier=false
arm=granite_moe.base metric=tokens_generated process=1 run=3 value=128.0000 outlier=false
arm=granite_moe.base metric=tokens_generated process=1 run=4 value=128.0000 outlier=false
arm=granite_moe.base metric=tokens_generated process=1 run=5 value=128.0000 outlier=false
arm=granite_moe.base metric=tokens_generated process=1 run=6 value=128.0000 outlier=false
arm=granite_moe.base metric=tokens_generated process=1 run=7 value=128.0000 outlier=false
arm=granite_moe.base metric=tokens_generated process=2 run=1 value=128.0000 outlier=false
arm=granite_moe.base metric=tokens_generated process=2 run=2 value=128.0000 outlier=false
arm=granite_moe.base metric=tokens_generated process=2 run=3 value=128.0000 outlier=false
arm=granite_moe.base metric=tokens_generated process=2 run=4 value=128.0000 outlier=false
arm=granite_moe.base metric=tokens_generated process=2 run=5 value=128.0000 outlier=false
arm=granite_moe.base metric=tokens_generated process=2 run=6 value=128.0000 outlier=false
arm=granite_moe.base metric=tokens_generated process=2 run=7 value=128.0000 outlier=false
summary arm=granite_moe.base metric=tokens_generated n_all=21 median_all=128.0000 cov_all_pct=0.00 min_all=128.0000 max_all=128.0000 | n_kept=21 median_kept=128.0000 mad_kept=0.0000 cov_kept_pct=0.00 min_kept=128.0000 max_kept=128.0000
arm=granite_moe.base metric=cpu_ms process=0 run=1 value=248.1270 outlier=false
arm=granite_moe.base metric=cpu_ms process=0 run=2 value=242.8140 outlier=false
arm=granite_moe.base metric=cpu_ms process=0 run=3 value=271.0630 outlier=true
arm=granite_moe.base metric=cpu_ms process=0 run=4 value=253.7230 outlier=false
arm=granite_moe.base metric=cpu_ms process=0 run=5 value=243.6620 outlier=false
arm=granite_moe.base metric=cpu_ms process=0 run=6 value=228.8120 outlier=false
arm=granite_moe.base metric=cpu_ms process=0 run=7 value=232.4950 outlier=false
arm=granite_moe.base metric=cpu_ms process=1 run=1 value=224.1550 outlier=false
arm=granite_moe.base metric=cpu_ms process=1 run=2 value=221.8820 outlier=false
arm=granite_moe.base metric=cpu_ms process=1 run=3 value=222.1350 outlier=false
arm=granite_moe.base metric=cpu_ms process=1 run=4 value=211.1970 outlier=false
arm=granite_moe.base metric=cpu_ms process=1 run=5 value=213.8960 outlier=false
arm=granite_moe.base metric=cpu_ms process=1 run=6 value=203.7960 outlier=false
arm=granite_moe.base metric=cpu_ms process=1 run=7 value=222.5470 outlier=false
arm=granite_moe.base metric=cpu_ms process=2 run=1 value=215.4940 outlier=false
arm=granite_moe.base metric=cpu_ms process=2 run=2 value=217.4680 outlier=false
arm=granite_moe.base metric=cpu_ms process=2 run=3 value=215.7760 outlier=false
arm=granite_moe.base metric=cpu_ms process=2 run=4 value=226.9960 outlier=false
arm=granite_moe.base metric=cpu_ms process=2 run=5 value=204.2190 outlier=false
arm=granite_moe.base metric=cpu_ms process=2 run=6 value=201.4450 outlier=false
arm=granite_moe.base metric=cpu_ms process=2 run=7 value=195.8940 outlier=false
summary arm=granite_moe.base metric=cpu_ms n_all=21 median_all=222.1350 cov_all_pct=8.17 min_all=195.8940 max_all=271.0630 | n_kept=20 median_kept=222.0085 mad_kept=9.2995 cov_kept_pct=6.98 min_kept=195.8940 max_kept=253.7230
arm=granite_moe.base metric=cpu_pct process=0 run=1 value=22.3800 outlier=false
arm=granite_moe.base metric=cpu_pct process=0 run=2 value=22.0300 outlier=false
arm=granite_moe.base metric=cpu_pct process=0 run=3 value=23.8800 outlier=false
arm=granite_moe.base metric=cpu_pct process=0 run=4 value=22.4200 outlier=false
arm=granite_moe.base metric=cpu_pct process=0 run=5 value=21.7000 outlier=false
arm=granite_moe.base metric=cpu_pct process=0 run=6 value=20.2900 outlier=false
arm=granite_moe.base metric=cpu_pct process=0 run=7 value=20.6900 outlier=false
arm=granite_moe.base metric=cpu_pct process=1 run=1 value=20.4300 outlier=false
arm=granite_moe.base metric=cpu_pct process=1 run=2 value=20.1200 outlier=false
arm=granite_moe.base metric=cpu_pct process=1 run=3 value=20.1400 outlier=false
arm=granite_moe.base metric=cpu_pct process=1 run=4 value=19.1500 outlier=false
arm=granite_moe.base metric=cpu_pct process=1 run=5 value=19.3200 outlier=false
arm=granite_moe.base metric=cpu_pct process=1 run=6 value=18.4700 outlier=false
arm=granite_moe.base metric=cpu_pct process=1 run=7 value=20.1500 outlier=false
arm=granite_moe.base metric=cpu_pct process=2 run=1 value=19.3800 outlier=false
arm=granite_moe.base metric=cpu_pct process=2 run=2 value=19.3700 outlier=false
arm=granite_moe.base metric=cpu_pct process=2 run=3 value=19.1800 outlier=false
arm=granite_moe.base metric=cpu_pct process=2 run=4 value=20.3700 outlier=false
arm=granite_moe.base metric=cpu_pct process=2 run=5 value=18.4200 outlier=false
arm=granite_moe.base metric=cpu_pct process=2 run=6 value=18.1900 outlier=false
arm=granite_moe.base metric=cpu_pct process=2 run=7 value=17.7600 outlier=false
summary arm=granite_moe.base metric=cpu_pct n_all=21 median_all=20.1400 cov_all_pct=7.61 min_all=17.7600 max_all=23.8800 | n_kept=21 median_kept=20.1400 mad_kept=0.9600 cov_kept_pct=7.61 min_kept=17.7600 max_kept=23.8800
memory arm=granite_moe.base metric=peak_rss_bytes process=0 value=2170732544
memory arm=granite_moe.base metric=peak_rss_bytes process=1 value=2145435648
memory arm=granite_moe.base metric=peak_rss_bytes process=2 value=1972486144
summary arm=granite_moe.base metric=peak_rss_bytes n=3 median=2145435648 max=2170732544
memory arm=granite_moe.base metric=peak_footprint_bytes process=0 value=368875264
memory arm=granite_moe.base metric=peak_footprint_bytes process=1 value=374199936
memory arm=granite_moe.base metric=peak_footprint_bytes process=2 value=367727936
summary arm=granite_moe.base metric=peak_footprint_bytes n=3 median=368875264 max=374199936
memory arm=granite_moe.base metric=peak_gpu_bytes process=0 value=1728069632
memory arm=granite_moe.base metric=peak_gpu_bytes process=1 value=1728200704
memory arm=granite_moe.base metric=peak_gpu_bytes process=2 value=1728069632
summary arm=granite_moe.base metric=peak_gpu_bytes n=3 median=1728069632 max=1728200704
extra arm=granite_moe.base process=0 box_gpu_device_utilization_pct_before_launch=Some(95) (ioreg sampler, box-level, not this process)
extra arm=granite_moe.base process=0 peers_present_at_exit=[]
extra arm=granite_moe.base process=1 box_gpu_device_utilization_pct_before_launch=Some(94) (ioreg sampler, box-level, not this process)
extra arm=granite_moe.base process=1 peers_present_at_exit=[]
extra arm=granite_moe.base process=2 box_gpu_device_utilization_pct_before_launch=Some(95) (ioreg sampler, box-level, not this process)
extra arm=granite_moe.base process=2 peers_present_at_exit=[]
arm=granite_moe.tip metric=ms_per_token process=0 run=1 value=6.6450 outlier=false
arm=granite_moe.tip metric=ms_per_token process=0 run=2 value=6.6360 outlier=false
arm=granite_moe.tip metric=ms_per_token process=0 run=3 value=6.6580 outlier=false
arm=granite_moe.tip metric=ms_per_token process=0 run=4 value=6.7730 outlier=false
arm=granite_moe.tip metric=ms_per_token process=0 run=5 value=6.6980 outlier=false
arm=granite_moe.tip metric=ms_per_token process=0 run=6 value=6.8140 outlier=true
arm=granite_moe.tip metric=ms_per_token process=0 run=7 value=6.6900 outlier=false
arm=granite_moe.tip metric=ms_per_token process=1 run=1 value=6.6400 outlier=false
arm=granite_moe.tip metric=ms_per_token process=1 run=2 value=6.6930 outlier=false
arm=granite_moe.tip metric=ms_per_token process=1 run=3 value=6.6660 outlier=false
arm=granite_moe.tip metric=ms_per_token process=1 run=4 value=6.7520 outlier=false
arm=granite_moe.tip metric=ms_per_token process=1 run=5 value=6.6810 outlier=false
arm=granite_moe.tip metric=ms_per_token process=1 run=6 value=6.6700 outlier=false
arm=granite_moe.tip metric=ms_per_token process=1 run=7 value=6.6030 outlier=false
arm=granite_moe.tip metric=ms_per_token process=2 run=1 value=6.6330 outlier=false
arm=granite_moe.tip metric=ms_per_token process=2 run=2 value=6.6600 outlier=false
arm=granite_moe.tip metric=ms_per_token process=2 run=3 value=6.6400 outlier=false
arm=granite_moe.tip metric=ms_per_token process=2 run=4 value=6.6690 outlier=false
arm=granite_moe.tip metric=ms_per_token process=2 run=5 value=6.6360 outlier=false
arm=granite_moe.tip metric=ms_per_token process=2 run=6 value=6.6610 outlier=false
arm=granite_moe.tip metric=ms_per_token process=2 run=7 value=6.6820 outlier=false
summary arm=granite_moe.tip metric=ms_per_token n_all=21 median_all=6.6660 cov_all_pct=0.73 min_all=6.6030 max_all=6.8140 | n_kept=20 median_kept=6.6635 mad_kept=0.0235 cov_kept_pct=0.58 min_kept=6.6030 max_kept=6.7730
arm=granite_moe.tip metric=prefill_ms process=0 run=1 value=244.9720 outlier=false
arm=granite_moe.tip metric=prefill_ms process=0 run=2 value=245.0300 outlier=false
arm=granite_moe.tip metric=prefill_ms process=0 run=3 value=244.0540 outlier=false
arm=granite_moe.tip metric=prefill_ms process=0 run=4 value=244.0400 outlier=false
arm=granite_moe.tip metric=prefill_ms process=0 run=5 value=248.0170 outlier=false
arm=granite_moe.tip metric=prefill_ms process=0 run=6 value=245.9550 outlier=false
arm=granite_moe.tip metric=prefill_ms process=0 run=7 value=246.9600 outlier=false
arm=granite_moe.tip metric=prefill_ms process=1 run=1 value=244.9980 outlier=false
arm=granite_moe.tip metric=prefill_ms process=1 run=2 value=246.9750 outlier=false
arm=granite_moe.tip metric=prefill_ms process=1 run=3 value=244.0540 outlier=false
arm=granite_moe.tip metric=prefill_ms process=1 run=4 value=246.0410 outlier=false
arm=granite_moe.tip metric=prefill_ms process=1 run=5 value=245.0270 outlier=false
arm=granite_moe.tip metric=prefill_ms process=1 run=6 value=245.9980 outlier=false
arm=granite_moe.tip metric=prefill_ms process=1 run=7 value=246.0280 outlier=false
arm=granite_moe.tip metric=prefill_ms process=2 run=1 value=244.0340 outlier=false
arm=granite_moe.tip metric=prefill_ms process=2 run=2 value=245.0150 outlier=false
arm=granite_moe.tip metric=prefill_ms process=2 run=3 value=245.9500 outlier=false
arm=granite_moe.tip metric=prefill_ms process=2 run=4 value=245.9630 outlier=false
arm=granite_moe.tip metric=prefill_ms process=2 run=5 value=245.0180 outlier=false
arm=granite_moe.tip metric=prefill_ms process=2 run=6 value=246.0450 outlier=false
arm=granite_moe.tip metric=prefill_ms process=2 run=7 value=244.0560 outlier=false
summary arm=granite_moe.tip metric=prefill_ms n_all=21 median_all=245.0300 cov_all_pct=0.44 min_all=244.0340 max_all=248.0170 | n_kept=21 median_kept=245.0300 mad_kept=0.9740 cov_kept_pct=0.44 min_kept=244.0340 max_kept=248.0170
arm=granite_moe.tip metric=ttft_ms process=0 run=1 value=245.0000 outlier=false
arm=granite_moe.tip metric=ttft_ms process=0 run=2 value=245.0000 outlier=false
arm=granite_moe.tip metric=ttft_ms process=0 run=3 value=244.0000 outlier=false
arm=granite_moe.tip metric=ttft_ms process=0 run=4 value=244.0000 outlier=false
arm=granite_moe.tip metric=ttft_ms process=0 run=5 value=248.0000 outlier=false
arm=granite_moe.tip metric=ttft_ms process=0 run=6 value=246.0000 outlier=false
arm=granite_moe.tip metric=ttft_ms process=0 run=7 value=247.0000 outlier=false
arm=granite_moe.tip metric=ttft_ms process=1 run=1 value=245.0000 outlier=false
arm=granite_moe.tip metric=ttft_ms process=1 run=2 value=247.0000 outlier=false
arm=granite_moe.tip metric=ttft_ms process=1 run=3 value=244.0000 outlier=false
arm=granite_moe.tip metric=ttft_ms process=1 run=4 value=246.0000 outlier=false
arm=granite_moe.tip metric=ttft_ms process=1 run=5 value=245.0000 outlier=false
arm=granite_moe.tip metric=ttft_ms process=1 run=6 value=246.0000 outlier=false
arm=granite_moe.tip metric=ttft_ms process=1 run=7 value=246.0000 outlier=false
arm=granite_moe.tip metric=ttft_ms process=2 run=1 value=244.0000 outlier=false
arm=granite_moe.tip metric=ttft_ms process=2 run=2 value=245.0000 outlier=false
arm=granite_moe.tip metric=ttft_ms process=2 run=3 value=246.0000 outlier=false
arm=granite_moe.tip metric=ttft_ms process=2 run=4 value=246.0000 outlier=false
arm=granite_moe.tip metric=ttft_ms process=2 run=5 value=245.0000 outlier=false
arm=granite_moe.tip metric=ttft_ms process=2 run=6 value=246.0000 outlier=false
arm=granite_moe.tip metric=ttft_ms process=2 run=7 value=244.0000 outlier=false
summary arm=granite_moe.tip metric=ttft_ms n_all=21 median_all=245.0000 cov_all_pct=0.45 min_all=244.0000 max_all=248.0000 | n_kept=21 median_kept=245.0000 mad_kept=1.0000 cov_kept_pct=0.45 min_kept=244.0000 max_kept=248.0000
arm=granite_moe.tip metric=wall_ms process=0 run=1 value=1088.8870 outlier=false
arm=granite_moe.tip metric=wall_ms process=0 run=2 value=1087.8020 outlier=false
arm=granite_moe.tip metric=wall_ms process=0 run=3 value=1089.6200 outlier=false
arm=granite_moe.tip metric=wall_ms process=0 run=4 value=1104.2110 outlier=false
arm=granite_moe.tip metric=wall_ms process=0 run=5 value=1098.6630 outlier=false
arm=granite_moe.tip metric=wall_ms process=0 run=6 value=1111.3330 outlier=true
arm=granite_moe.tip metric=wall_ms process=0 run=7 value=1096.5900 outlier=false
arm=granite_moe.tip metric=wall_ms process=1 run=1 value=1088.2780 outlier=false
arm=granite_moe.tip metric=wall_ms process=1 run=2 value=1096.9860 outlier=false
arm=granite_moe.tip metric=wall_ms process=1 run=3 value=1090.6360 outlier=false
arm=granite_moe.tip metric=wall_ms process=1 run=4 value=1103.5450 outlier=false
arm=granite_moe.tip metric=wall_ms process=1 run=5 value=1093.5140 outlier=false
arm=granite_moe.tip metric=wall_ms process=1 run=6 value=1093.0880 outlier=false
arm=granite_moe.tip metric=wall_ms process=1 run=7 value=1084.6090 outlier=false
arm=granite_moe.tip metric=wall_ms process=2 run=1 value=1086.4250 outlier=false
arm=granite_moe.tip metric=wall_ms process=2 run=2 value=1090.8350 outlier=false
arm=granite_moe.tip metric=wall_ms process=2 run=3 value=1089.2300 outlier=false
arm=granite_moe.tip metric=wall_ms process=2 run=4 value=1092.9260 outlier=false
arm=granite_moe.tip metric=wall_ms process=2 run=5 value=1087.7900 outlier=false
arm=granite_moe.tip metric=wall_ms process=2 run=6 value=1091.9920 outlier=false
arm=granite_moe.tip metric=wall_ms process=2 run=7 value=1092.6700 outlier=false
summary arm=granite_moe.tip metric=wall_ms n_all=21 median_all=1091.9920 cov_all_pct=0.59 min_all=1084.6090 max_all=1111.3330 | n_kept=20 median_kept=1091.4135 mad_kept=2.8310 cov_kept_pct=0.47 min_kept=1084.6090 max_kept=1104.2110
arm=granite_moe.tip metric=tokens_generated process=0 run=1 value=128.0000 outlier=false
arm=granite_moe.tip metric=tokens_generated process=0 run=2 value=128.0000 outlier=false
arm=granite_moe.tip metric=tokens_generated process=0 run=3 value=128.0000 outlier=false
arm=granite_moe.tip metric=tokens_generated process=0 run=4 value=128.0000 outlier=false
arm=granite_moe.tip metric=tokens_generated process=0 run=5 value=128.0000 outlier=false
arm=granite_moe.tip metric=tokens_generated process=0 run=6 value=128.0000 outlier=false
arm=granite_moe.tip metric=tokens_generated process=0 run=7 value=128.0000 outlier=false
arm=granite_moe.tip metric=tokens_generated process=1 run=1 value=128.0000 outlier=false
arm=granite_moe.tip metric=tokens_generated process=1 run=2 value=128.0000 outlier=false
arm=granite_moe.tip metric=tokens_generated process=1 run=3 value=128.0000 outlier=false
arm=granite_moe.tip metric=tokens_generated process=1 run=4 value=128.0000 outlier=false
arm=granite_moe.tip metric=tokens_generated process=1 run=5 value=128.0000 outlier=false
arm=granite_moe.tip metric=tokens_generated process=1 run=6 value=128.0000 outlier=false
arm=granite_moe.tip metric=tokens_generated process=1 run=7 value=128.0000 outlier=false
arm=granite_moe.tip metric=tokens_generated process=2 run=1 value=128.0000 outlier=false
arm=granite_moe.tip metric=tokens_generated process=2 run=2 value=128.0000 outlier=false
arm=granite_moe.tip metric=tokens_generated process=2 run=3 value=128.0000 outlier=false
arm=granite_moe.tip metric=tokens_generated process=2 run=4 value=128.0000 outlier=false
arm=granite_moe.tip metric=tokens_generated process=2 run=5 value=128.0000 outlier=false
arm=granite_moe.tip metric=tokens_generated process=2 run=6 value=128.0000 outlier=false
arm=granite_moe.tip metric=tokens_generated process=2 run=7 value=128.0000 outlier=false
summary arm=granite_moe.tip metric=tokens_generated n_all=21 median_all=128.0000 cov_all_pct=0.00 min_all=128.0000 max_all=128.0000 | n_kept=21 median_kept=128.0000 mad_kept=0.0000 cov_kept_pct=0.00 min_kept=128.0000 max_kept=128.0000
arm=granite_moe.tip metric=cpu_ms process=0 run=1 value=194.4930 outlier=false
arm=granite_moe.tip metric=cpu_ms process=0 run=2 value=197.1260 outlier=false
arm=granite_moe.tip metric=cpu_ms process=0 run=3 value=194.6760 outlier=false
arm=granite_moe.tip metric=cpu_ms process=0 run=4 value=226.2180 outlier=true
arm=granite_moe.tip metric=cpu_ms process=0 run=5 value=223.9980 outlier=true
arm=granite_moe.tip metric=cpu_ms process=0 run=6 value=214.0290 outlier=false
arm=granite_moe.tip metric=cpu_ms process=0 run=7 value=239.4240 outlier=true
arm=granite_moe.tip metric=cpu_ms process=1 run=1 value=218.6560 outlier=false
arm=granite_moe.tip metric=cpu_ms process=1 run=2 value=222.9590 outlier=true
arm=granite_moe.tip metric=cpu_ms process=1 run=3 value=196.9490 outlier=false
arm=granite_moe.tip metric=cpu_ms process=1 run=4 value=199.0670 outlier=false
arm=granite_moe.tip metric=cpu_ms process=1 run=5 value=191.8990 outlier=false
arm=granite_moe.tip metric=cpu_ms process=1 run=6 value=194.4290 outlier=false
arm=granite_moe.tip metric=cpu_ms process=1 run=7 value=193.9050 outlier=false
arm=granite_moe.tip metric=cpu_ms process=2 run=1 value=222.4580 outlier=true
arm=granite_moe.tip metric=cpu_ms process=2 run=2 value=191.4040 outlier=false
arm=granite_moe.tip metric=cpu_ms process=2 run=3 value=213.2990 outlier=false
arm=granite_moe.tip metric=cpu_ms process=2 run=4 value=188.1070 outlier=false
arm=granite_moe.tip metric=cpu_ms process=2 run=5 value=194.4130 outlier=false
arm=granite_moe.tip metric=cpu_ms process=2 run=6 value=192.8760 outlier=false
arm=granite_moe.tip metric=cpu_ms process=2 run=7 value=193.5990 outlier=false
summary arm=granite_moe.tip metric=cpu_ms n_all=21 median_all=196.9490 cov_all_pct=7.23 min_all=188.1070 max_all=239.4240 | n_kept=16 median_kept=194.4610 mad_kept=2.5250 cov_kept_pct=4.39 min_kept=188.1070 max_kept=218.6560
arm=granite_moe.tip metric=cpu_pct process=0 run=1 value=17.8600 outlier=false
arm=granite_moe.tip metric=cpu_pct process=0 run=2 value=18.1200 outlier=false
arm=granite_moe.tip metric=cpu_pct process=0 run=3 value=17.8700 outlier=false
arm=granite_moe.tip metric=cpu_pct process=0 run=4 value=20.4900 outlier=true
arm=granite_moe.tip metric=cpu_pct process=0 run=5 value=20.3900 outlier=true
arm=granite_moe.tip metric=cpu_pct process=0 run=6 value=19.2600 outlier=false
arm=granite_moe.tip metric=cpu_pct process=0 run=7 value=21.8300 outlier=true
arm=granite_moe.tip metric=cpu_pct process=1 run=1 value=20.0900 outlier=false
arm=granite_moe.tip metric=cpu_pct process=1 run=2 value=20.3200 outlier=true
arm=granite_moe.tip metric=cpu_pct process=1 run=3 value=18.0600 outlier=false
arm=granite_moe.tip metric=cpu_pct process=1 run=4 value=18.0400 outlier=false
arm=granite_moe.tip metric=cpu_pct process=1 run=5 value=17.5500 outlier=false
arm=granite_moe.tip metric=cpu_pct process=1 run=6 value=17.7900 outlier=false
arm=granite_moe.tip metric=cpu_pct process=1 run=7 value=17.8800 outlier=false
arm=granite_moe.tip metric=cpu_pct process=2 run=1 value=20.4800 outlier=true
arm=granite_moe.tip metric=cpu_pct process=2 run=2 value=17.5500 outlier=false
arm=granite_moe.tip metric=cpu_pct process=2 run=3 value=19.5800 outlier=false
arm=granite_moe.tip metric=cpu_pct process=2 run=4 value=17.2100 outlier=false
arm=granite_moe.tip metric=cpu_pct process=2 run=5 value=17.8700 outlier=false
arm=granite_moe.tip metric=cpu_pct process=2 run=6 value=17.6600 outlier=false
arm=granite_moe.tip metric=cpu_pct process=2 run=7 value=17.7200 outlier=false
summary arm=granite_moe.tip metric=cpu_pct n_all=21 median_all=18.0400 cov_all_pct=7.01 min_all=17.2100 max_all=21.8300 | n_kept=16 median_kept=17.8700 mad_kept=0.2000 cov_kept_pct=4.26 min_kept=17.2100 max_kept=20.0900
memory arm=granite_moe.tip metric=peak_rss_bytes process=0 value=2056372224
memory arm=granite_moe.tip metric=peak_rss_bytes process=1 value=2001666048
memory arm=granite_moe.tip metric=peak_rss_bytes process=2 value=1993015296
summary arm=granite_moe.tip metric=peak_rss_bytes n=3 median=2001666048 max=2056372224
memory arm=granite_moe.tip metric=peak_footprint_bytes process=0 value=375789056
memory arm=granite_moe.tip metric=peak_footprint_bytes process=1 value=373675584
memory arm=granite_moe.tip metric=peak_footprint_bytes process=2 value=374248832
summary arm=granite_moe.tip metric=peak_footprint_bytes n=3 median=374248832 max=375789056
memory arm=granite_moe.tip metric=peak_gpu_bytes process=0 value=1730428928
memory arm=granite_moe.tip metric=peak_gpu_bytes process=1 value=1730428928
memory arm=granite_moe.tip metric=peak_gpu_bytes process=2 value=1730396160
summary arm=granite_moe.tip metric=peak_gpu_bytes n=3 median=1730428928 max=1730428928
extra arm=granite_moe.tip process=0 box_gpu_device_utilization_pct_before_launch=Some(94) (ioreg sampler, box-level, not this process)
extra arm=granite_moe.tip process=0 peers_present_at_exit=[]
extra arm=granite_moe.tip process=1 box_gpu_device_utilization_pct_before_launch=Some(95) (ioreg sampler, box-level, not this process)
extra arm=granite_moe.tip process=1 peers_present_at_exit=[]
extra arm=granite_moe.tip process=2 box_gpu_device_utilization_pct_before_launch=Some(94) (ioreg sampler, box-level, not this process)
extra arm=granite_moe.tip process=2 peers_present_at_exit=[]
arm=granite_moe.control metric=ms_per_token process=0 run=1 value=6.6500 outlier=false
arm=granite_moe.control metric=ms_per_token process=0 run=2 value=6.6720 outlier=false
arm=granite_moe.control metric=ms_per_token process=0 run=3 value=6.7210 outlier=false
arm=granite_moe.control metric=ms_per_token process=0 run=4 value=6.6310 outlier=false
arm=granite_moe.control metric=ms_per_token process=0 run=5 value=6.6460 outlier=false
arm=granite_moe.control metric=ms_per_token process=0 run=6 value=6.6050 outlier=false
arm=granite_moe.control metric=ms_per_token process=0 run=7 value=6.6560 outlier=false
arm=granite_moe.control metric=ms_per_token process=1 run=1 value=6.6420 outlier=false
arm=granite_moe.control metric=ms_per_token process=1 run=2 value=6.6470 outlier=false
arm=granite_moe.control metric=ms_per_token process=1 run=3 value=6.6390 outlier=false
arm=granite_moe.control metric=ms_per_token process=1 run=4 value=6.5860 outlier=false
arm=granite_moe.control metric=ms_per_token process=1 run=5 value=6.9260 outlier=true
arm=granite_moe.control metric=ms_per_token process=1 run=6 value=6.6150 outlier=false
arm=granite_moe.control metric=ms_per_token process=1 run=7 value=6.6700 outlier=false
arm=granite_moe.control metric=ms_per_token process=2 run=1 value=6.6470 outlier=false
arm=granite_moe.control metric=ms_per_token process=2 run=2 value=6.6540 outlier=false
arm=granite_moe.control metric=ms_per_token process=2 run=3 value=6.6840 outlier=false
arm=granite_moe.control metric=ms_per_token process=2 run=4 value=6.6850 outlier=false
arm=granite_moe.control metric=ms_per_token process=2 run=5 value=6.6710 outlier=false
arm=granite_moe.control metric=ms_per_token process=2 run=6 value=6.6790 outlier=false
arm=granite_moe.control metric=ms_per_token process=2 run=7 value=6.7260 outlier=false
summary arm=granite_moe.control metric=ms_per_token n_all=21 median_all=6.6540 cov_all_pct=0.99 min_all=6.5860 max_all=6.9260 | n_kept=20 median_kept=6.6520 mad_kept=0.0195 cov_kept_pct=0.50 min_kept=6.5860 max_kept=6.7260
arm=granite_moe.control metric=prefill_ms process=0 run=1 value=244.9790 outlier=false
arm=granite_moe.control metric=prefill_ms process=0 run=2 value=245.0000 outlier=false
arm=granite_moe.control metric=prefill_ms process=0 run=3 value=246.0300 outlier=false
arm=granite_moe.control metric=prefill_ms process=0 run=4 value=247.9560 outlier=false
arm=granite_moe.control metric=prefill_ms process=0 run=5 value=247.0240 outlier=false
arm=granite_moe.control metric=prefill_ms process=0 run=6 value=245.0100 outlier=false
arm=granite_moe.control metric=prefill_ms process=0 run=7 value=246.0030 outlier=false
arm=granite_moe.control metric=prefill_ms process=1 run=1 value=244.9500 outlier=false
arm=granite_moe.control metric=prefill_ms process=1 run=2 value=244.9610 outlier=false
arm=granite_moe.control metric=prefill_ms process=1 run=3 value=243.9670 outlier=false
arm=granite_moe.control metric=prefill_ms process=1 run=4 value=244.0180 outlier=false
arm=granite_moe.control metric=prefill_ms process=1 run=5 value=244.9560 outlier=false
arm=granite_moe.control metric=prefill_ms process=1 run=6 value=243.9660 outlier=false
arm=granite_moe.control metric=prefill_ms process=1 run=7 value=243.9780 outlier=false
arm=granite_moe.control metric=prefill_ms process=2 run=1 value=246.0320 outlier=false
arm=granite_moe.control metric=prefill_ms process=2 run=2 value=246.0470 outlier=false
arm=granite_moe.control metric=prefill_ms process=2 run=3 value=245.0420 outlier=false
arm=granite_moe.control metric=prefill_ms process=2 run=4 value=244.0400 outlier=false
arm=granite_moe.control metric=prefill_ms process=2 run=5 value=243.9560 outlier=false
arm=granite_moe.control metric=prefill_ms process=2 run=6 value=244.9830 outlier=false
arm=granite_moe.control metric=prefill_ms process=2 run=7 value=243.9550 outlier=false
summary arm=granite_moe.control metric=prefill_ms n_all=21 median_all=244.9790 cov_all_pct=0.44 min_all=243.9550 max_all=247.9560 | n_kept=21 median_kept=244.9790 mad_kept=1.0010 cov_kept_pct=0.44 min_kept=243.9550 max_kept=247.9560
arm=granite_moe.control metric=ttft_ms process=0 run=1 value=245.0000 outlier=false
arm=granite_moe.control metric=ttft_ms process=0 run=2 value=245.0000 outlier=false
arm=granite_moe.control metric=ttft_ms process=0 run=3 value=246.0000 outlier=false
arm=granite_moe.control metric=ttft_ms process=0 run=4 value=248.0000 outlier=false
arm=granite_moe.control metric=ttft_ms process=0 run=5 value=247.0000 outlier=false
arm=granite_moe.control metric=ttft_ms process=0 run=6 value=245.0000 outlier=false
arm=granite_moe.control metric=ttft_ms process=0 run=7 value=246.0000 outlier=false
arm=granite_moe.control metric=ttft_ms process=1 run=1 value=245.0000 outlier=false
arm=granite_moe.control metric=ttft_ms process=1 run=2 value=245.0000 outlier=false
arm=granite_moe.control metric=ttft_ms process=1 run=3 value=244.0000 outlier=false
arm=granite_moe.control metric=ttft_ms process=1 run=4 value=244.0000 outlier=false
arm=granite_moe.control metric=ttft_ms process=1 run=5 value=245.0000 outlier=false
arm=granite_moe.control metric=ttft_ms process=1 run=6 value=244.0000 outlier=false
arm=granite_moe.control metric=ttft_ms process=1 run=7 value=244.0000 outlier=false
arm=granite_moe.control metric=ttft_ms process=2 run=1 value=246.0000 outlier=false
arm=granite_moe.control metric=ttft_ms process=2 run=2 value=246.0000 outlier=false
arm=granite_moe.control metric=ttft_ms process=2 run=3 value=245.0000 outlier=false
arm=granite_moe.control metric=ttft_ms process=2 run=4 value=244.0000 outlier=false
arm=granite_moe.control metric=ttft_ms process=2 run=5 value=244.0000 outlier=false
arm=granite_moe.control metric=ttft_ms process=2 run=6 value=245.0000 outlier=false
arm=granite_moe.control metric=ttft_ms process=2 run=7 value=244.0000 outlier=false
summary arm=granite_moe.control metric=ttft_ms n_all=21 median_all=245.0000 cov_all_pct=0.43 min_all=244.0000 max_all=248.0000 | n_kept=21 median_kept=245.0000 mad_kept=1.0000 cov_kept_pct=0.43 min_kept=244.0000 max_kept=248.0000
arm=granite_moe.control metric=wall_ms process=0 run=1 value=1089.5290 outlier=false
arm=granite_moe.control metric=wall_ms process=0 run=2 value=1092.3440 outlier=false
arm=granite_moe.control metric=wall_ms process=0 run=3 value=1099.5970 outlier=false
arm=granite_moe.control metric=wall_ms process=0 run=4 value=1090.0930 outlier=false
arm=granite_moe.control metric=wall_ms process=0 run=5 value=1091.0660 outlier=false
arm=granite_moe.control metric=wall_ms process=0 run=6 value=1083.8450 outlier=false
arm=granite_moe.control metric=wall_ms process=0 run=7 value=1091.3150 outlier=false
arm=granite_moe.control metric=wall_ms process=1 run=1 value=1088.4840 outlier=false
arm=granite_moe.control metric=wall_ms process=1 run=2 value=1089.1300 outlier=false
arm=granite_moe.control metric=wall_ms process=1 run=3 value=1087.1200 outlier=false
arm=granite_moe.control metric=wall_ms process=1 run=4 value=1080.4400 outlier=true
arm=granite_moe.control metric=wall_ms process=1 run=5 value=1124.5580 outlier=true
arm=granite_moe.control metric=wall_ms process=1 run=6 value=1084.0710 outlier=false
arm=granite_moe.control metric=wall_ms process=1 run=7 value=1091.0680 outlier=false
arm=granite_moe.control metric=wall_ms process=2 run=1 value=1090.2010 outlier=false
arm=granite_moe.control metric=wall_ms process=2 run=2 value=1091.1050 outlier=false
arm=granite_moe.control metric=wall_ms process=2 run=3 value=1093.9100 outlier=false
arm=granite_moe.control metric=wall_ms process=2 run=4 value=1093.0350 outlier=false
arm=granite_moe.control metric=wall_ms process=2 run=5 value=1091.1730 outlier=false
arm=granite_moe.control metric=wall_ms process=2 run=6 value=1093.2160 outlier=false
arm=granite_moe.control metric=wall_ms process=2 run=7 value=1098.1570 outlier=false
summary arm=granite_moe.control metric=wall_ms n_all=21 median_all=1091.0680 cov_all_pct=0.77 min_all=1080.4400 max_all=1124.5580 | n_kept=19 median_kept=1091.0680 mad_kept=1.9380 cov_kept_pct=0.35 min_kept=1083.8450 max_kept=1099.5970
arm=granite_moe.control metric=tokens_generated process=0 run=1 value=128.0000 outlier=false
arm=granite_moe.control metric=tokens_generated process=0 run=2 value=128.0000 outlier=false
arm=granite_moe.control metric=tokens_generated process=0 run=3 value=128.0000 outlier=false
arm=granite_moe.control metric=tokens_generated process=0 run=4 value=128.0000 outlier=false
arm=granite_moe.control metric=tokens_generated process=0 run=5 value=128.0000 outlier=false
arm=granite_moe.control metric=tokens_generated process=0 run=6 value=128.0000 outlier=false
arm=granite_moe.control metric=tokens_generated process=0 run=7 value=128.0000 outlier=false
arm=granite_moe.control metric=tokens_generated process=1 run=1 value=128.0000 outlier=false
arm=granite_moe.control metric=tokens_generated process=1 run=2 value=128.0000 outlier=false
arm=granite_moe.control metric=tokens_generated process=1 run=3 value=128.0000 outlier=false
arm=granite_moe.control metric=tokens_generated process=1 run=4 value=128.0000 outlier=false
arm=granite_moe.control metric=tokens_generated process=1 run=5 value=128.0000 outlier=false
arm=granite_moe.control metric=tokens_generated process=1 run=6 value=128.0000 outlier=false
arm=granite_moe.control metric=tokens_generated process=1 run=7 value=128.0000 outlier=false
arm=granite_moe.control metric=tokens_generated process=2 run=1 value=128.0000 outlier=false
arm=granite_moe.control metric=tokens_generated process=2 run=2 value=128.0000 outlier=false
arm=granite_moe.control metric=tokens_generated process=2 run=3 value=128.0000 outlier=false
arm=granite_moe.control metric=tokens_generated process=2 run=4 value=128.0000 outlier=false
arm=granite_moe.control metric=tokens_generated process=2 run=5 value=128.0000 outlier=false
arm=granite_moe.control metric=tokens_generated process=2 run=6 value=128.0000 outlier=false
arm=granite_moe.control metric=tokens_generated process=2 run=7 value=128.0000 outlier=false
summary arm=granite_moe.control metric=tokens_generated n_all=21 median_all=128.0000 cov_all_pct=0.00 min_all=128.0000 max_all=128.0000 | n_kept=21 median_kept=128.0000 mad_kept=0.0000 cov_kept_pct=0.00 min_kept=128.0000 max_kept=128.0000
arm=granite_moe.control metric=cpu_ms process=0 run=1 value=195.9420 outlier=false
arm=granite_moe.control metric=cpu_ms process=0 run=2 value=200.0170 outlier=false
arm=granite_moe.control metric=cpu_ms process=0 run=3 value=222.9140 outlier=true
arm=granite_moe.control metric=cpu_ms process=0 run=4 value=221.2610 outlier=true
arm=granite_moe.control metric=cpu_ms process=0 run=5 value=223.4690 outlier=true
arm=granite_moe.control metric=cpu_ms process=0 run=6 value=223.5160 outlier=true
arm=granite_moe.control metric=cpu_ms process=0 run=7 value=198.0020 outlier=false
arm=granite_moe.control metric=cpu_ms process=1 run=1 value=212.3740 outlier=false
arm=granite_moe.control metric=cpu_ms process=1 run=2 value=194.5170 outlier=false
arm=granite_moe.control metric=cpu_ms process=1 run=3 value=204.1790 outlier=false
arm=granite_moe.control metric=cpu_ms process=1 run=4 value=212.1010 outlier=false
arm=granite_moe.control metric=cpu_ms process=1 run=5 value=211.9270 outlier=false
arm=granite_moe.control metric=cpu_ms process=1 run=6 value=192.6430 outlier=false
arm=granite_moe.control metric=cpu_ms process=1 run=7 value=192.3420 outlier=false
arm=granite_moe.control metric=cpu_ms process=2 run=1 value=194.8820 outlier=false
arm=granite_moe.control metric=cpu_ms process=2 run=2 value=190.2480 outlier=false
arm=granite_moe.control metric=cpu_ms process=2 run=3 value=191.4790 outlier=false
arm=granite_moe.control metric=cpu_ms process=2 run=4 value=197.6460 outlier=false
arm=granite_moe.control metric=cpu_ms process=2 run=5 value=196.0930 outlier=false
arm=granite_moe.control metric=cpu_ms process=2 run=6 value=192.7190 outlier=false
arm=granite_moe.control metric=cpu_ms process=2 run=7 value=194.2680 outlier=false
summary arm=granite_moe.control metric=cpu_ms n_all=21 median_all=197.6460 cov_all_pct=5.71 min_all=190.2480 max_all=223.5160 | n_kept=17 median_kept=195.9420 mad_kept=3.2990 cov_kept_pct=3.62 min_kept=190.2480 max_kept=212.3740
arm=granite_moe.control metric=cpu_pct process=0 run=1 value=17.9800 outlier=false
arm=granite_moe.control metric=cpu_pct process=0 run=2 value=18.3100 outlier=false
arm=granite_moe.control metric=cpu_pct process=0 run=3 value=20.2700 outlier=true
arm=granite_moe.control metric=cpu_pct process=0 run=4 value=20.3000 outlier=true
arm=granite_moe.control metric=cpu_pct process=0 run=5 value=20.4800 outlier=true
arm=granite_moe.control metric=cpu_pct process=0 run=6 value=20.6200 outlier=true
arm=granite_moe.control metric=cpu_pct process=0 run=7 value=18.1400 outlier=false
arm=granite_moe.control metric=cpu_pct process=1 run=1 value=19.5100 outlier=false
arm=granite_moe.control metric=cpu_pct process=1 run=2 value=17.8600 outlier=false
arm=granite_moe.control metric=cpu_pct process=1 run=3 value=18.7800 outlier=false
arm=granite_moe.control metric=cpu_pct process=1 run=4 value=19.6300 outlier=false
arm=granite_moe.control metric=cpu_pct process=1 run=5 value=18.8500 outlier=false
arm=granite_moe.control metric=cpu_pct process=1 run=6 value=17.7700 outlier=false
arm=granite_moe.control metric=cpu_pct process=1 run=7 value=17.6300 outlier=false
arm=granite_moe.control metric=cpu_pct process=2 run=1 value=17.8800 outlier=false
arm=granite_moe.control metric=cpu_pct process=2 run=2 value=17.4400 outlier=false
arm=granite_moe.control metric=cpu_pct process=2 run=3 value=17.5000 outlier=false
arm=granite_moe.control metric=cpu_pct process=2 run=4 value=18.0800 outlier=false
arm=granite_moe.control metric=cpu_pct process=2 run=5 value=17.9700 outlier=false
arm=granite_moe.control metric=cpu_pct process=2 run=6 value=17.6300 outlier=false
arm=granite_moe.control metric=cpu_pct process=2 run=7 value=17.6900 outlier=false
summary arm=granite_moe.control metric=cpu_pct n_all=21 median_all=18.0800 cov_all_pct=5.71 min_all=17.4400 max_all=20.6200 | n_kept=17 median_kept=17.9700 mad_kept=0.3400 cov_kept_pct=3.53 min_kept=17.4400 max_kept=19.6300
memory arm=granite_moe.control metric=peak_rss_bytes process=0 value=2150465536
memory arm=granite_moe.control metric=peak_rss_bytes process=1 value=1994326016
memory arm=granite_moe.control metric=peak_rss_bytes process=2 value=1885618176
summary arm=granite_moe.control metric=peak_rss_bytes n=3 median=1994326016 max=2150465536
memory arm=granite_moe.control metric=peak_footprint_bytes process=0 value=373430144
memory arm=granite_moe.control metric=peak_footprint_bytes process=1 value=372889280
memory arm=granite_moe.control metric=peak_footprint_bytes process=2 value=373757376
summary arm=granite_moe.control metric=peak_footprint_bytes n=3 median=373430144 max=373757376
memory arm=granite_moe.control metric=peak_gpu_bytes process=0 value=1730428928
memory arm=granite_moe.control metric=peak_gpu_bytes process=1 value=1730428928
memory arm=granite_moe.control metric=peak_gpu_bytes process=2 value=1730330624
summary arm=granite_moe.control metric=peak_gpu_bytes n=3 median=1730428928 max=1730428928
extra arm=granite_moe.control process=0 box_gpu_device_utilization_pct_before_launch=Some(94) (ioreg sampler, box-level, not this process)
extra arm=granite_moe.control process=0 peers_present_at_exit=[]
extra arm=granite_moe.control process=1 box_gpu_device_utilization_pct_before_launch=Some(94) (ioreg sampler, box-level, not this process)
extra arm=granite_moe.control process=1 peers_present_at_exit=[]
extra arm=granite_moe.control process=2 box_gpu_device_utilization_pct_before_launch=Some(96) (ioreg sampler, box-level, not this process)
extra arm=granite_moe.control process=2 peers_present_at_exit=[]
bound metric=ms_per_token arm=gemma4_e2b.tip vs=gemma4_e2b.base arm_median=11.1610 reference_median=11.1410 delta=0.0200 limit=0.2228 within=true
bound metric=prefill_ms arm=gemma4_e2b.tip vs=gemma4_e2b.base arm_median=588.0180 reference_median=587.9760 delta=0.0420 limit=11.7595 within=true
bound metric=ttft_ms arm=gemma4_e2b.tip vs=gemma4_e2b.base arm_median=588.0000 reference_median=588.0000 delta=0.0000 limit=11.7600 within=true
bound metric=wall_ms arm=gemma4_e2b.tip vs=gemma4_e2b.base arm_median=2006.5400 reference_median=2001.9395 delta=4.6005 limit=40.0388 within=true
bound metric=cpu_ms arm=gemma4_e2b.tip vs=gemma4_e2b.base arm_median=306.9870 reference_median=306.5970 delta=0.3900 limit=36.7940 within=true
bound metric=peak_rss_bytes arm=gemma4_e2b.tip vs=gemma4_e2b.base arm_median=3770417152 reference_median=3780689920 delta=-10272768 limit=75613798 within=true
bound metric=peak_footprint_bytes arm=gemma4_e2b.tip vs=gemma4_e2b.base arm_median=425798080 reference_median=434416256 delta=-8618176 limit=8688325 within=true
bound metric=peak_gpu_bytes arm=gemma4_e2b.tip vs=gemma4_e2b.base arm_median=3622256640 reference_median=3622256640 delta=0 limit=72445133 within=true
bound metric=ms_per_token arm=gemma4_e2b.control vs=gemma4_e2b.base arm_median=11.1780 reference_median=11.1410 delta=0.0370 limit=0.2228 within=true
bound metric=prefill_ms arm=gemma4_e2b.control vs=gemma4_e2b.base arm_median=588.0230 reference_median=587.9760 delta=0.0470 limit=11.7595 within=true
bound metric=ttft_ms arm=gemma4_e2b.control vs=gemma4_e2b.base arm_median=588.0000 reference_median=588.0000 delta=0.0000 limit=11.7600 within=true
bound metric=wall_ms arm=gemma4_e2b.control vs=gemma4_e2b.base arm_median=2007.5740 reference_median=2001.9395 delta=5.6345 limit=40.0388 within=true
bound metric=cpu_ms arm=gemma4_e2b.control vs=gemma4_e2b.base arm_median=301.5345 reference_median=306.5970 delta=-5.0625 limit=36.7940 within=true
bound metric=peak_rss_bytes arm=gemma4_e2b.control vs=gemma4_e2b.base arm_median=3790422016 reference_median=3780689920 delta=9732096 limit=75613798 within=true
bound metric=peak_footprint_bytes arm=gemma4_e2b.control vs=gemma4_e2b.base arm_median=435350208 reference_median=434416256 delta=933952 limit=8688325 within=true
bound metric=peak_gpu_bytes arm=gemma4_e2b.control vs=gemma4_e2b.base arm_median=3622256640 reference_median=3622256640 delta=0 limit=72445133 within=true
bound metric=ms_per_token arm=gemma4_e2b.control vs=gemma4_e2b.tip arm_median=11.1780 reference_median=11.1610 delta=0.0170 limit=0.2232 within=true
bound metric=prefill_ms arm=gemma4_e2b.control vs=gemma4_e2b.tip arm_median=588.0230 reference_median=588.0180 delta=0.0050 limit=11.7604 within=true
bound metric=ttft_ms arm=gemma4_e2b.control vs=gemma4_e2b.tip arm_median=588.0000 reference_median=588.0000 delta=0.0000 limit=11.7600 within=true
bound metric=wall_ms arm=gemma4_e2b.control vs=gemma4_e2b.tip arm_median=2007.5740 reference_median=2006.5400 delta=1.0340 limit=40.1308 within=true
bound metric=cpu_ms arm=gemma4_e2b.control vs=gemma4_e2b.tip arm_median=301.5345 reference_median=306.9870 delta=-5.4525 limit=36.3040 within=true
bound metric=peak_rss_bytes arm=gemma4_e2b.control vs=gemma4_e2b.tip arm_median=3790422016 reference_median=3770417152 delta=20004864 limit=75408343 within=true
bound metric=peak_footprint_bytes arm=gemma4_e2b.control vs=gemma4_e2b.tip arm_median=435350208 reference_median=425798080 delta=9552128 limit=8515962 within=false
bound metric=peak_gpu_bytes arm=gemma4_e2b.control vs=gemma4_e2b.tip arm_median=3622256640 reference_median=3622256640 delta=0 limit=72445133 within=true
bound metric=ms_per_token arm=granite_moe.tip vs=granite_moe.base arm_median=6.6635 reference_median=6.6340 delta=0.0295 limit=0.1327 within=true
bound metric=prefill_ms arm=granite_moe.tip vs=granite_moe.base arm_median=245.0300 reference_median=266.0120 delta=-20.9820 limit=5.3202 within=true
bound metric=ttft_ms arm=granite_moe.tip vs=granite_moe.base arm_median=245.0000 reference_median=266.0000 delta=-21.0000 limit=5.3200 within=true
bound metric=wall_ms arm=granite_moe.tip vs=granite_moe.base arm_median=1091.4135 reference_median=1108.0115 delta=-16.5980 limit=22.1602 within=true
bound metric=cpu_ms arm=granite_moe.tip vs=granite_moe.base arm_median=194.4610 reference_median=222.0085 delta=-27.5475 limit=9.2995 within=true
bound metric=peak_rss_bytes arm=granite_moe.tip vs=granite_moe.base arm_median=2001666048 reference_median=2145435648 delta=-143769600 limit=42908713 within=true
bound metric=peak_footprint_bytes arm=granite_moe.tip vs=granite_moe.base arm_median=374248832 reference_median=368875264 delta=5373568 limit=7377505 within=true
bound metric=peak_gpu_bytes arm=granite_moe.tip vs=granite_moe.base arm_median=1730428928 reference_median=1728069632 delta=2359296 limit=34561393 within=true
bound metric=ms_per_token arm=granite_moe.control vs=granite_moe.base arm_median=6.6520 reference_median=6.6340 delta=0.0180 limit=0.1327 within=true
bound metric=prefill_ms arm=granite_moe.control vs=granite_moe.base arm_median=244.9790 reference_median=266.0120 delta=-21.0330 limit=5.3202 within=true
bound metric=ttft_ms arm=granite_moe.control vs=granite_moe.base arm_median=245.0000 reference_median=266.0000 delta=-21.0000 limit=5.3200 within=true
bound metric=wall_ms arm=granite_moe.control vs=granite_moe.base arm_median=1091.0680 reference_median=1108.0115 delta=-16.9435 limit=22.1602 within=true
bound metric=cpu_ms arm=granite_moe.control vs=granite_moe.base arm_median=195.9420 reference_median=222.0085 delta=-26.0665 limit=9.2995 within=true
bound metric=peak_rss_bytes arm=granite_moe.control vs=granite_moe.base arm_median=1994326016 reference_median=2145435648 delta=-151109632 limit=42908713 within=true
bound metric=peak_footprint_bytes arm=granite_moe.control vs=granite_moe.base arm_median=373430144 reference_median=368875264 delta=4554880 limit=7377505 within=true
bound metric=peak_gpu_bytes arm=granite_moe.control vs=granite_moe.base arm_median=1730428928 reference_median=1728069632 delta=2359296 limit=34561393 within=true
bound metric=ms_per_token arm=granite_moe.control vs=granite_moe.tip arm_median=6.6520 reference_median=6.6635 delta=-0.0115 limit=0.1333 within=true
bound metric=prefill_ms arm=granite_moe.control vs=granite_moe.tip arm_median=244.9790 reference_median=245.0300 delta=-0.0510 limit=4.9006 within=true
bound metric=ttft_ms arm=granite_moe.control vs=granite_moe.tip arm_median=245.0000 reference_median=245.0000 delta=0.0000 limit=4.9000 within=true
bound metric=wall_ms arm=granite_moe.control vs=granite_moe.tip arm_median=1091.0680 reference_median=1091.4135 delta=-0.3455 limit=21.8283 within=true
bound metric=cpu_ms arm=granite_moe.control vs=granite_moe.tip arm_median=195.9420 reference_median=194.4610 delta=1.4810 limit=3.8892 within=true
bound metric=peak_rss_bytes arm=granite_moe.control vs=granite_moe.tip arm_median=1994326016 reference_median=2001666048 delta=-7340032 limit=40033321 within=true
bound metric=peak_footprint_bytes arm=granite_moe.control vs=granite_moe.tip arm_median=373430144 reference_median=374248832 delta=-818688 limit=7484977 within=true
bound metric=peak_gpu_bytes arm=granite_moe.control vs=granite_moe.tip arm_median=1730428928 reference_median=1730428928 delta=0 limit=34608579 within=true
