index,node,kernel,grid_threads,threadgroups,buffer_bindings,bytes_bound_full,static_threadgroup_bytes,dynamic_threadgroup_bytes,pipeline_switch,isolated_marginal_ns,round4_isolated_marginal_ns,cold_penalty_ns,stamped_isolated_ns,instream_ns_median,instream_ns_min,instream_ns_max,instream_cov_pct,gap_ns_median,empty_instream_ns_median,empty_gap_ns_median,instream_minus_isolated_ns,instream_over_isolated,work_ns,work_minus_isolated_ns,stamped_excess_ns
0,4,omega_elementwise_r2_n2_fused_identity_o0__multiply_s0_o1_g10,1536,2,6,1380335336,0,0,1,16357,16387,625,17250,21375,19625,25667,6.78,0,6958,0,5018,1.307,14417,-1940,4125
1,17,omega_reduce_r3_o2_n2_multiply_add_zero_epi1_fused_identity_o1__multiply_s0_o0,2293760,8960,5,3335677156,32,0,1,115173,115131,3125,116917,120292,118542,156833,6.69,16041,17125,17708,5119,1.044,103167,-12006,3375
2,12,omega_elementwise_r2_n2_fused_identity_o0__multiply_s0_o1_g10,8960,9,6,3307203048,0,0,1,18018,17548,542,18583,18542,18333,23417,5.86,11042,4583,10833,524,1.029,13959,-4059,-41
3,20,omega_elementwise_r3_n1_identity,8960,9,3,2040320,0,0,1,2839,2899,625,4792,4917,4708,9209,18.67,9958,4208,10042,2078,1.732,709,-2130,125
4,32,omega_reduce_r3_o2_n2_multiply_add_zero_epi6_fused_identity_o6__identity_o0__multiply_s0_o4__add_s2_o3__square_root_s3__reciprocal_s4__multiply_s5_o2__multiply_s6_o1__add_s1_s7__multiply_s8_o5,2240,35,10,3311104236,16,0,1,6137,6542,625,13792,15250,14833,17292,5.93,6042,4291,21542,9113,2.485,10959,4822,1458
5,94,omega_reduce_r2_o1_n2_multiply_add_zero_epi4_fused_identity_o4__multiply_s0_o3__add_s1_o2__square_root_s2__reciprocal_s3__multiply_s4_o1__multiply_s5_o0,256,1,8,1052683240,32,0,1,5679,5893,875,11250,12000,11708,13875,4.87,9625,3875,9709,6321,2.113,8125,2446,750
6,96,omega_reduce_r4_o3_n2_multiply_add_zero,16384,256,4,1049228256,0,0,1,9935,10667,500,13333,14875,14542,17542,5.36,5875,3958,60167,4940,1.497,10917,982,1542
7,106,omega_reduce_r4_o3_n2_multiply_add_zero,2048,32,4,1051211232,0,0,1,5905,5738,625,9584,10833,10209,12375,4.32,8125,3750,9917,4928,1.835,7083,1178,1249
8,114,omega_reduce_r3_o2_n2_multiply_add_zero_epi4_fused_identity_o4__multiply_s0_o3__add_s1_o2__square_root_s2__reciprocal_s3__multiply_s4_o1__multiply_s5_o0,64,1,8,1053065192,16,0,1,5435,5131,458,12083,13375,12958,14750,2.97,7958,3917,17958,7940,2.461,9458,4023,1292
9,120,omega_elementwise_twin_r3_n4_fused_multiply_o0_o1__multiply_o2_o3__add_s0_s1_fused_multiply_o0_o3__multiply_o2_o1__subtract_s0_s1,128,1,7,2145792,0,0,1,2804,2810,875,4625,4709,4500,5292,4.90,8000,3875,9041,1905,1.680,834,-1970,84
10,122,omega_reduce_r4_o3_n2_multiply_add_zero,2048,32,4,1047442912,0,0,1,5905,5738,667,9459,10000,9625,11792,4.22,5292,3875,16833,4095,1.694,6125,220,541
11,129,omega_reduce_r3_o2_n2_multiply_add_zero_epi3_fused_identity_o3__multiply_s0_o2__add_s1_o1__square_root_s2__reciprocal_s3__multiply_s4_o0,64,1,7,3188744,16,0,1,4482,5018,2292,10042,11541,11250,12833,3.43,5833,3875,6583,7059,2.575,7666,3184,1499
12,104,omega_reduce_r3_o2_n2_multiply_add_zero_epi4_fused_identity_o4__multiply_s0_o3__add_s1_o2__square_root_s2__reciprocal_s3__multiply_s4_o1__multiply_s5_o0,512,8,8,1049571304,16,0,1,5423,5411,333,11333,11125,11041,13167,4.09,7875,3750,47291,5702,2.052,7375,1952,-208
13,132,omega_elementwise_twin_r3_n4_fused_multiply_o0_o1__multiply_o2_o3__subtract_s0_s1_fused_multiply_o0_o3__multiply_o2_o1__add_s0_s1,1024,1,7,4171008,0,0,1,4571,4125,250,5958,6208,5667,8000,8.01,7917,3750,9708,1637,1.358,2458,-2113,250
14,168,omega_cached_attention_q1_h1_g8_d256_s3f800000_ln511_up0_x4_e1_k1_ds,17408,136,11,3645188,4128,0,1,20542,21536,1375,21959,25250,24667,29625,6.29,5417,4208,16375,4708,1.229,21042,500,3291
15,168,omega_cached_attention_q1_h1_g8_d256_s3f800000_ln511_up0_x4_e1_k1_ds_merge,8192,8,3,1320448,0,0,1,5423,5393,750,7167,7833,7583,9125,4.20,12000,3750,6292,2410,1.445,4083,-1340,666
16,170,omega_reduce_r5_o2_n2_multiply_add_zero,12288,192,4,1050997728,0,0,1,9429,9560,500,12125,14250,13750,18875,11.43,5458,3917,17167,4821,1.511,10333,904,2125
17,179,omega_reduce_r2_o1_n2_multiply_add_zero_epi5_fused_identity_o5__multiply_s0_o4__add_s1_o3__square_root_s2__reciprocal_s3__multiply_s4_o2__multiply_s5_o1__add_s6_o0,256,1,9,1034041800,32,0,1,6155,6982,625,12625,14333,13750,16334,3.49,8625,4000,7417,8178,2.329,10333,4178,1708
18,187,omega_reduce_r2_o1_n2_multiply_add_zero_epi4_fused_identity_o4__multiply_s0_o3__add_s1_o2__square_root_s2__reciprocal_s3__multiply_s4_o1__multiply_s5_o0,256,1,8,1038535656,32,0,1,5679,5893,42,10666,10625,10375,12292,3.74,7958,3833,42708,4946,1.871,6792,1113,-41
19,192,omega_reduce_r3_o2_n2_multiply_add_zero,49152,768,4,1041880544,0,0,1,18762,19488,792,20709,25792,25166,31250,5.63,7958,4041,8459,7030,1.375,21751,2989,5083
20,207,omega_reduce_r3_o2_n2_multiply_add_zero_epi9_fused_identity_o9__multiply_o5_o6__multiply_s1_o4__multiply_s2_o3__add_s3_o2__multiply_s4_o1__tanh_s5__add_s6_o0__multiply_o7_o8__multiply_s7_s8__multiply_s0_s9,49152,768,13,1041822448,0,0,1,20744,20577,4125,22042,27708,26875,32250,4.91,9375,4292,16625,6964,1.336,23416,2672,5666
21,209,omega_reduce_r3_o2_n2_multiply_add_zero,12288,192,4,1047220192,0,0,1,20339,20464,1625,21542,27291,26333,33083,5.20,11916,3958,8292,6952,1.342,23333,2994,5749
22,219,omega_reduce_r2_o1_n2_multiply_add_zero_epi5_fused_identity_o5__multiply_s0_o4__add_s1_o3__square_root_s2__reciprocal_s3__multiply_s4_o2__multiply_s5_o1__add_s6_o0,256,1,9,1034198984,32,0,1,6155,6982,125,12292,12542,12125,14875,4.30,9375,3917,16042,6387,2.038,8625,2470,250
23,235,omega_reduce_r3_o2_n2_multiply_add_zero_epi5_fused_identity_o5__identity_o0__multiply_s0_s0__multiply_s0_s2__multiply_s3_o3__add_s0_s4__multiply_s5_o2__tanh_s6__add_s7_o1__multiply_s0_o4__multiply_s8_s9__multiply_s1_s10,2048,32,9,1032242416,0,0,1,6179,6333,708,10208,11541,11000,13125,4.06,7959,4125,5667,5362,1.868,7416,1237,1333
24,238,omega_reduce_r3_o2_n2_multiply_add_zero,12288,192,4,1031061184,0,0,1,4857,5089,625,7917,8000,7666,8750,3.41,6417,3916,43792,3143,1.647,4084,-773,83
25,250,omega_reduce_r2_o1_n2_multiply_add_zero_epi6_fused_identity_o6__multiply_s0_o4__add_s1_o3__square_root_s2__reciprocal_s3__multiply_s4_o2__multiply_s5_o1__add_s6_o0__multiply_s7_o5,256,1,10,2063205544,32,0,1,6464,6506,-3250,12875,14375,14125,16333,4.19,5500,3959,12125,7911,2.224,10416,3952,1500
26,271,omega_reduce_r2_o1_n2_multiply_add_zero_epi4_fused_identity_o4__multiply_s0_o3__add_s1_o2__square_root_s2__reciprocal_s3__multiply_s4_o1__multiply_s5_o0,256,1,8,1032683976,32,0,1,5679,5893,958,10958,10542,10250,12417,4.37,8125,3625,17041,4863,1.856,6917,1238,-416
27,273,omega_reduce_r4_o3_n2_multiply_add_zero,16384,256,4,1028846528,0,0,1,9935,10667,500,13417,14000,13625,16708,4.41,8042,4000,8250,4065,1.409,10000,65,583
28,283,omega_reduce_r4_o3_n2_multiply_add_zero,2048,32,4,1030829504,0,0,1,5905,5738,500,9708,9917,9292,11625,4.83,8250,3833,17417,4012,1.679,6084,179,209
29,291,omega_reduce_r3_o2_n2_multiply_add_zero_epi4_fused_identity_o4__multiply_s0_o3__add_s1_o2__square_root_s2__reciprocal_s3__multiply_s4_o1__multiply_s5_o0,64,1,8,1032676296,16,0,1,5435,5131,417,12167,12292,11875,14209,4.25,8125,3750,8917,6857,2.262,8542,3107,125
30,297,omega_elementwise_twin_r3_n4_fused_multiply_o0_o1__multiply_o2_o3__add_s0_s1_fused_multiply_o0_o3__multiply_o2_o1__subtract_s0_s1,128,1,7,2131456,0,0,1,2804,2810,750,4667,4833,4459,5250,4.57,8334,3791,42292,2029,1.724,1042,-1762,166
31,299,omega_reduce_r4_o3_n2_multiply_add_zero,2048,32,4,1027061184,0,0,1,5905,5738,750,9708,10000,9625,11834,4.34,5292,3875,9583,4095,1.694,6125,220,292
32,306,omega_reduce_r3_o2_n2_multiply_add_zero_epi3_fused_identity_o3__multiply_s0_o2__add_s1_o1__square_root_s2__reciprocal_s3__multiply_s4_o0,64,1,7,3188744,16,0,1,4482,5018,875,10417,11417,10708,12875,3.84,7375,3708,17459,6935,2.547,7709,3227,1000
33,281,omega_reduce_r3_o2_n2_multiply_add_zero_epi4_fused_identity_o4__multiply_s0_o3__add_s1_o2__square_root_s2__reciprocal_s3__multiply_s4_o1__multiply_s5_o0,512,8,8,1029189576,16,0,1,5423,5411,250,11292,11125,10917,13292,4.33,6333,4041,9583,5702,2.052,7084,1661,-167
34,309,omega_elementwise_twin_r3_n4_fused_multiply_o0_o1__multiply_o2_o3__subtract_s0_s1_fused_multiply_o0_o3__multiply_o2_o1__add_s0_s1,1024,1,7,4158208,0,0,1,4571,4125,208,6041,6208,5792,7000,4.51,7958,3833,17667,1637,1.358,2375,-2196,167
35,345,omega_cached_attention_q1_h1_g8_d256_s3f800000_ln511_up0_x4_e1_k1_ds,17408,136,11,3632388,4128,0,1,20542,21536,1250,21875,23334,22667,28042,4.65,5375,3958,11375,2792,1.136,19376,-1166,1459
36,345,omega_cached_attention_q1_h1_g8_d256_s3f800000_ln511_up0_x4_e1_k1_ds_merge,8192,8,3,1320448,0,0,1,5423,5393,625,7042,7542,7250,9875,7.84,12167,3583,42041,2119,1.391,3959,-1464,500
37,347,omega_reduce_r5_o2_n2_multiply_add_zero,12288,192,4,1030616000,0,0,1,9429,9560,625,12042,13167,12833,16750,6.81,6834,3875,9458,3738,1.396,9292,-137,1125
38,356,omega_reduce_r2_o1_n2_multiply_add_zero_epi5_fused_identity_o5__multiply_s0_o4__add_s1_o3__square_root_s2__reciprocal_s3__multiply_s4_o2__multiply_s5_o1__add_s6_o0,256,1,9,1013787560,32,0,1,6155,6982,792,12417,12667,11958,14792,4.13,8292,3750,16917,6512,2.058,8917,2762,250
39,364,omega_reduce_r2_o1_n2_multiply_add_zero_epi4_fused_identity_o4__multiply_s0_o3__add_s1_o2__square_root_s2__reciprocal_s3__multiply_s4_o1__multiply_s5_o0,256,1,8,1018153928,32,0,1,5679,5893,625,10541,10833,10458,12333,3.62,8583,3917,9917,5154,1.908,6916,1237,292
40,369,omega_reduce_r3_o2_n2_multiply_add_zero,49152,768,4,1021498816,0,0,1,18762,19488,1000,20667,24333,23709,28166,3.76,8042,4084,16958,5571,1.297,20249,1487,3666
41,384,omega_reduce_r3_o2_n2_multiply_add_zero_epi9_fused_identity_o9__multiply_o5_o6__multiply_s1_o4__multiply_s2_o3__add_s3_o2__multiply_s4_o1__tanh_s5__add_s6_o0__multiply_o7_o8__multiply_s7_s8__multiply_s0_s9,49152,768,13,1021440720,0,0,1,20744,20577,917,22041,25583,25125,30500,4.25,12042,4292,8792,4839,1.233,21291,547,3542
42,386,omega_reduce_r3_o2_n2_multiply_add_zero,12288,192,4,1026838464,0,0,1,20339,20464,1375,21583,25500,24584,29750,4.22,12083,3958,42959,5161,1.254,21542,1203,3917
43,396,omega_reduce_r2_o1_n2_multiply_add_zero_epi5_fused_identity_o5__multiply_s0_o4__add_s1_o3__square_root_s2__reciprocal_s3__multiply_s4_o2__multiply_s5_o1__add_s6_o0,256,1,9,1013817256,32,0,1,6155,6982,542,12416,12459,12208,16292,7.66,9334,3875,9500,6304,2.024,8584,2429,43
44,412,omega_reduce_r3_o2_n2_multiply_add_zero_epi5_fused_identity_o5__identity_o0__multiply_s0_s0__multiply_s0_s2__multiply_s3_o3__add_s0_s4__multiply_s5_o2__tanh_s6__add_s7_o1__multiply_s0_o4__multiply_s8_s9__multiply_s1_s10,2048,32,9,1011860688,0,0,1,6167,6458,458,10208,10875,10458,13333,6.25,7958,4083,16292,4708,1.764,6792,625,667
45,415,omega_reduce_r3_o2_n2_multiply_add_zero,12288,192,4,1010679456,0,0,1,4857,5089,1167,7542,7791,7541,9125,5.25,7167,4083,9583,2934,1.604,3708,-1149,249
46,427,omega_reduce_r2_o1_n2_multiply_add_zero_epi6_fused_identity_o6__multiply_s0_o4__add_s1_o3__square_root_s2__reciprocal_s3__multiply_s4_o2__multiply_s5_o1__add_s6_o0__multiply_s7_o5,256,1,10,2022442088,32,0,1,6464,6506,625,12458,12541,12292,14958,4.49,7750,3709,16667,6077,1.940,8832,2368,83
47,448,omega_reduce_r2_o1_n2_multiply_add_zero_epi4_fused_identity_o4__multiply_s0_o3__add_s1_o2__square_root_s2__reciprocal_s3__multiply_s4_o1__multiply_s5_o0,256,1,8,1012302248,32,0,1,5679,5893,542,10459,10459,9916,12167,3.91,7959,3833,5542,4780,1.842,6626,947,0
48,450,omega_reduce_r4_o3_n2_multiply_add_zero,16384,256,4,1008464800,0,0,1,9935,10667,750,12833,13792,13333,16500,4.50,8625,3917,42375,3857,1.388,9875,-60,959
49,460,omega_reduce_r4_o3_n2_multiply_add_zero,2048,32,4,1010447776,0,0,1,5905,5738,750,9708,10000,9541,13750,10.51,9292,3917,9417,4095,1.694,6083,178,292
50,468,omega_reduce_r3_o2_n2_multiply_add_zero_epi4_fused_identity_o4__multiply_s0_o3__add_s1_o2__square_root_s2__reciprocal_s3__multiply_s4_o1__multiply_s5_o0,64,1,8,1012294568,16,0,1,5435,5131,-333,11958,12042,11459,14042,4.18,7917,3833,16459,6607,2.216,8209,2774,84
51,474,omega_elementwise_twin_r3_n4_fused_multiply_o0_o1__multiply_o2_o3__add_s0_s1_fused_multiply_o0_o3__multiply_o2_o1__subtract_s0_s1,128,1,7,2131456,0,0,1,2804,2810,708,4583,4667,4500,5208,3.49,8083,3833,8417,1863,1.665,834,-1970,84
52,476,omega_reduce_r4_o3_n2_multiply_add_zero,2048,32,4,1006679456,0,0,1,5905,5738,583,9625,9916,9375,11291,3.92,5417,3833,16375,4011,1.679,6083,178,291
53,483,omega_reduce_r3_o2_n2_multiply_add_zero_epi3_fused_identity_o3__multiply_s0_o2__add_s1_o1__square_root_s2__reciprocal_s3__multiply_s4_o0,64,1,7,3188744,16,0,1,4482,5018,750,10334,11084,10292,12666,4.04,8083,3708,8125,6602,2.473,7376,2894,750
54,458,omega_reduce_r3_o2_n2_multiply_add_zero_epi4_fused_identity_o4__multiply_s0_o3__add_s1_o2__square_root_s2__reciprocal_s3__multiply_s4_o1__multiply_s5_o0,512,8,8,1008807848,16,0,1,5423,5411,-625,11875,11250,10916,15958,9.68,26834,3875,42791,5827,2.075,7375,1952,-625
55,486,omega_elementwise_twin_r3_n4_fused_multiply_o0_o1__multiply_o2_o3__subtract_s0_s1_fused_multiply_o0_o3__multiply_o2_o1__add_s0_s1,1024,1,7,4158208,0,0,1,4571,4125,167,6083,6125,5584,8792,10.83,9209,3667,9375,1554,1.340,2458,-2113,42
56,522,omega_cached_attention_q1_h1_g8_d256_s3f800000_ln511_up0_x4_e1_k1_ds,17408,136,11,3632388,4128,0,1,20542,21536,4208,22083,23500,22416,28375,4.95,5333,4125,16459,2958,1.144,19375,-1167,1417
57,522,omega_cached_attention_q1_h1_g8_d256_s3f800000_ln511_up0_x4_e1_k1_ds_merge,8192,8,3,1320448,0,0,1,5423,5393,1042,7292,7541,7167,9041,4.87,9417,3750,8583,2118,1.391,3791,-1632,249
58,524,omega_reduce_r5_o2_n2_multiply_add_zero,12288,192,4,1010234272,0,0,1,9429,9560,917,12500,13042,12417,17542,14.45,5625,3875,17042,3613,1.383,9167,-262,542
59,533,omega_reduce_r2_o1_n2_multiply_add_zero_epi5_fused_identity_o5__multiply_s0_o4__add_s1_o3__square_root_s2__reciprocal_s3__multiply_s4_o2__multiply_s5_o1__add_s6_o0,256,1,9,993405832,32,0,1,6155,6982,1417,12917,12417,11750,15667,6.76,8333,4083,9333,6262,2.017,8334,2179,-500
60,541,omega_reduce_r2_o1_n2_multiply_add_zero_epi4_fused_identity_o4__multiply_s0_o3__add_s1_o2__square_root_s2__reciprocal_s3__multiply_s4_o1__multiply_s5_o0,256,1,8,997772200,32,0,1,5679,5893,1083,11083,10584,10000,12250,4.19,9666,3708,54417,4905,1.864,6876,1197,-499
61,546,omega_reduce_r3_o2_n2_multiply_add_zero,49152,768,4,1001117088,0,0,1,18762,19488,667,20583,23667,23083,28042,4.52,8042,3916,9417,4905,1.261,19751,989,3084
62,561,omega_reduce_r3_o2_n2_multiply_add_zero_epi9_fused_identity_o9__multiply_o5_o6__multiply_s1_o4__multiply_s2_o3__add_s3_o2__multiply_s4_o1__tanh_s5__add_s6_o0__multiply_o7_o8__multiply_s7_s8__multiply_s0_s9,49152,768,13,1001058992,0,0,1,20744,20577,750,21916,25375,24875,29875,4.03,11167,4125,17458,4631,1.223,21250,506,3459
63,563,omega_reduce_r3_o2_n2_multiply_add_zero,12288,192,4,1006456736,0,0,1,20339,20464,708,21584,24833,24333,29917,5.26,9292,3791,9375,4494,1.221,21042,703,3249
64,573,omega_reduce_r2_o1_n2_multiply_add_zero_epi5_fused_identity_o5__multiply_s0_o4__add_s1_o3__square_root_s2__reciprocal_s3__multiply_s4_o2__multiply_s5_o1__add_s6_o0,256,1,9,993435528,32,0,1,6155,6982,500,12000,12542,11667,14334,4.05,12000,3750,17334,6387,2.038,8792,2637,542
65,589,omega_reduce_r3_o2_n2_multiply_add_zero_epi5_fused_identity_o5__identity_o0__multiply_s0_s0__multiply_s0_s2__multiply_s3_o3__add_s0_s4__multiply_s5_o2__tanh_s6__add_s7_o1__multiply_s0_o4__multiply_s8_s9__multiply_s1_s10,2048,32,9,991478960,0,0,1,6256,6310,-500,10167,10709,10292,12250,3.61,8041,4125,11750,4453,1.712,6584,328,542
66,592,omega_reduce_r3_o2_n2_multiply_add_zero,12288,192,4,990297728,0,0,1,4857,5089,625,7708,7917,7583,8834,3.28,8000,3833,42334,3060,1.630,4084,-773,209
67,604,omega_reduce_r2_o1_n2_multiply_add_zero_epi6_fused_identity_o6__multiply_s0_o4__add_s1_o3__square_root_s2__reciprocal_s3__multiply_s4_o2__multiply_s5_o1__add_s6_o0__multiply_s7_o5,256,1,10,1981678632,32,0,1,6464,6506,1958,12250,12250,11791,15167,8.03,5417,3750,9542,5786,1.895,8500,2036,0
68,625,omega_reduce_r2_o1_n2_multiply_add_zero_epi4_fused_identity_o4__multiply_s0_o3__add_s1_o2__square_root_s2__reciprocal_s3__multiply_s4_o1__multiply_s5_o0,256,1,8,991920520,32,0,1,5679,5893,542,10541,10750,10167,12333,3.95,8084,3792,17041,5071,1.893,6958,1279,209
69,627,omega_reduce_r4_o3_n2_multiply_add_zero,16384,256,4,988083072,0,0,1,9935,10667,375,12791,13834,13167,16334,4.38,8084,4167,12458,3899,1.393,9667,-268,1043
70,637,omega_reduce_r4_o3_n2_multiply_add_zero,2048,32,4,990066048,0,0,1,5905,5738,2333,9250,9958,9625,11375,3.49,11958,3917,16417,4053,1.686,6041,136,708
71,645,omega_reduce_r3_o2_n2_multiply_add_zero_epi4_fused_identity_o4__multiply_s0_o3__add_s1_o2__square_root_s2__reciprocal_s3__multiply_s4_o1__multiply_s5_o0,64,1,8,991912840,16,0,1,5435,5131,458,11625,11583,11125,13500,4.17,8458,3875,5500,6148,2.131,7708,2273,-42
72,651,omega_elementwise_twin_r3_n4_fused_multiply_o0_o1__multiply_o2_o3__add_s0_s1_fused_multiply_o0_o3__multiply_o2_o1__subtract_s0_s1,128,1,7,2131456,0,0,1,2804,2810,792,4250,4583,4291,7375,13.47,7959,3792,41958,1779,1.635,791,-2013,333
73,653,omega_reduce_r4_o3_n2_multiply_add_zero,2048,32,4,986297728,0,0,1,5905,5738,3917,9375,10083,9583,11458,3.91,5458,3917,9584,4178,1.708,6166,261,708
74,660,omega_reduce_r3_o2_n2_multiply_add_zero_epi3_fused_identity_o3__multiply_s0_o2__add_s1_o1__square_root_s2__reciprocal_s3__multiply_s4_o0,64,1,7,3188744,16,0,1,4482,5018,1000,9958,10209,9666,13208,7.38,8084,3750,17291,5727,2.278,6459,1977,251
75,635,omega_reduce_r3_o2_n2_multiply_add_zero_epi4_fused_identity_o4__multiply_s0_o3__add_s1_o2__square_root_s2__reciprocal_s3__multiply_s4_o1__multiply_s5_o0,512,8,8,988426120,16,0,1,5423,5411,208,11292,11334,11000,13625,6.17,8125,4042,9875,5911,2.090,7292,1869,42
76,663,omega_elementwise_twin_r3_n4_fused_multiply_o0_o1__multiply_o2_o3__subtract_s0_s1_fused_multiply_o0_o3__multiply_o2_o1__add_s0_s1,1024,1,7,4158208,0,0,1,4571,4125,667,6041,6083,5666,7000,4.81,8000,3750,17500,1512,1.331,2333,-2238,42
77,699,omega_cached_attention_q1_h1_g8_d256_s3f800000_ln511_up0_x4_e1_k1_ds,17408,136,11,3632388,4128,0,1,20542,21536,1375,21959,23250,22042,28459,5.41,5458,4084,9500,2708,1.132,19166,-1376,1291
78,699,omega_cached_attention_q1_h1_g8_d256_s3f800000_ln511_up0_x4_e1_k1_ds_merge,8192,8,3,1320448,0,0,1,5423,5393,917,7167,7541,7209,9041,5.20,24375,3667,41083,2118,1.391,3874,-1549,374
79,701,omega_reduce_r5_o2_n2_multiply_add_zero,12288,192,4,989852544,0,0,1,9429,9560,833,12333,12916,12209,18542,10.63,9375,3875,12041,3487,1.370,9041,-388,583
80,710,omega_reduce_r2_o1_n2_multiply_add_zero_epi5_fused_identity_o5__multiply_s0_o4__add_s1_o3__square_root_s2__reciprocal_s3__multiply_s4_o2__multiply_s5_o1__add_s6_o0,256,1,9,973024104,32,0,1,6155,6982,2417,12875,12167,11666,12375,1.42,514000,3875,480709,6012,1.977,8292,2137,-708
81,718,omega_reduce_r2_o1_n2_multiply_add_zero_epi4_fused_identity_o4__multiply_s0_o3__add_s1_o2__square_root_s2__reciprocal_s3__multiply_s4_o1__multiply_s5_o0,256,1,8,977390472,32,0,1,5679,5893,417,11125,10583,10041,10708,1.81,17125,3750,15875,4904,1.864,6833,1154,-542
82,723,omega_reduce_r3_o2_n2_multiply_add_zero,49152,768,4,980735360,0,0,1,18762,19488,917,20792,23917,23250,24292,1.19,10333,4083,26125,5155,1.275,19834,1072,3125
83,738,omega_reduce_r3_o2_n2_multiply_add_zero_epi9_fused_identity_o9__multiply_o5_o6__multiply_s1_o4__multiply_s2_o3__add_s3_o2__multiply_s4_o1__tanh_s5__add_s6_o0__multiply_o7_o8__multiply_s7_s8__multiply_s0_s9,49152,768,13,980677264,0,0,1,20744,20577,1166,21917,25209,24791,26083,1.35,10792,4208,10125,4465,1.215,21001,257,3292
84,740,omega_reduce_r3_o2_n2_multiply_add_zero,12288,192,4,986075008,0,0,1,20339,20464,917,21625,24875,24417,25542,1.22,10083,3791,61292,4536,1.223,21084,745,3250
85,750,omega_reduce_r2_o1_n2_multiply_add_zero_epi5_fused_identity_o5__multiply_s0_o4__add_s1_o3__square_root_s2__reciprocal_s3__multiply_s4_o2__multiply_s5_o1__add_s6_o0,256,1,9,973053800,32,0,1,6155,6982,-250,12791,12250,11667,12708,1.96,10667,3750,10166,6095,1.990,8500,2345,-541
86,766,omega_reduce_r3_o2_n2_multiply_add_zero_epi5_fused_identity_o5__identity_o0__multiply_s0_s0__multiply_s0_s2__multiply_s3_o3__add_s0_s4__multiply_s5_o2__tanh_s6__add_s7_o1__multiply_s0_o4__multiply_s8_s9__multiply_s1_s10,2048,32,9,971097232,0,0,1,6155,6274,-83,10542,10541,10042,10875,2.03,19792,4042,18833,4386,1.713,6499,344,-1
87,769,omega_reduce_r3_o2_n2_multiply_add_zero,12288,192,4,969916000,0,0,1,4857,5089,542,8041,7666,7417,7959,1.71,10042,3792,11125,2809,1.578,3874,-983,-375
88,781,omega_reduce_r2_o1_n2_multiply_add_zero_epi6_fused_identity_o6__multiply_s0_o4__add_s1_o3__square_root_s2__reciprocal_s3__multiply_s4_o2__multiply_s5_o1__add_s6_o0__multiply_s7_o5,256,1,10,1940881896,32,0,1,6464,6506,458,13000,13916,13209,14458,2.51,5875,3750,18958,7452,2.153,10166,3702,916
89,802,omega_reduce_r2_o1_n2_multiply_add_zero_epi4_fused_identity_o4__multiply_s0_o3__add_s1_o2__square_root_s2__reciprocal_s3__multiply_s4_o1__multiply_s5_o0,256,1,8,971208552,32,0,1,5679,5893,1500,11125,10500,10042,10791,1.83,6167,3791,10667,4821,1.849,6709,1030,-625
90,804,omega_reduce_r4_o3_n2_multiply_add_zero,32768,512,4,965701472,0,0,1,17958,18143,250,20041,20792,20167,21084,1.14,6166,3875,45917,2834,1.158,16917,-1041,751
91,814,omega_reduce_r4_o3_n2_multiply_add_zero,4096,64,4,969667936,0,0,1,6286,6321,875,9833,10000,9500,10417,2.28,10834,3792,9833,3714,1.591,6208,-78,167
92,822,omega_reduce_r3_o2_n2_multiply_add_zero_epi4_fused_identity_o4__multiply_s0_o3__add_s1_o2__square_root_s2__reciprocal_s3__multiply_s4_o1__multiply_s5_o0,128,1,8,971283304,16,0,1,5607,5643,833,12042,13250,12583,14500,3.00,41750,3834,16958,7643,2.363,9416,3809,1208
93,828,omega_elementwise_twin_r3_n4_fused_multiply_o0_o1__multiply_o2_o3__add_s0_s1_fused_multiply_o0_o3__multiply_o2_o1__subtract_s0_s1,256,1,7,2192896,0,0,1,2958,2869,875,4750,5167,4708,5583,5.19,9584,3708,10375,2209,1.747,1459,-1499,417
94,830,omega_reduce_r4_o3_n2_multiply_add_zero,4096,64,4,962137440,0,0,1,6286,6321,625,9917,10208,9667,13625,7.56,5541,3917,17625,3922,1.624,6291,5,291
95,837,omega_reduce_r3_o2_n2_multiply_add_zero_epi3_fused_identity_o3__multiply_s0_o2__add_s1_o1__square_root_s2__reciprocal_s3__multiply_s4_o0,128,1,7,3228680,16,0,1,4887,4905,625,10583,11750,11250,15167,6.52,6917,3750,11084,6863,2.404,8000,3113,1167
96,812,omega_reduce_r3_o2_n2_multiply_add_zero_epi4_fused_identity_o4__multiply_s0_o3__add_s1_o2__square_root_s2__reciprocal_s3__multiply_s4_o1__multiply_s5_o0,1024,8,8,964275048,16,0,1,5619,5625,875,11667,11292,10584,14292,6.34,7958,3834,46125,5673,2.010,7458,1839,-375
97,840,omega_elementwise_twin_r3_n4_fused_multiply_o0_o1__multiply_o2_o3__subtract_s0_s1_fused_multiply_o0_o3__multiply_o2_o1__add_s0_s1,2048,2,7,4118784,0,0,1,4554,4768,250,6209,6417,6125,6834,3.06,8083,3833,10291,1863,1.409,2584,-1970,208
98,876,omega_cached_attention_q1_h1_g8_d512_s3f800000_ln9223372036854775808_up0_x4_e1_k1_ds,32768,256,11,7147268,8224,0,1,39601,40423,1042,42458,49209,46333,53166,2.32,39625,4375,16125,9608,1.243,44834,5233,6751
99,876,omega_cached_attention_q1_h1_g8_d512_s3f800000_ln9223372036854775808_up0_x4_e1_k1_ds_merge,8192,8,3,1582592,0,0,1,7726,7750,875,9542,9792,9541,13250,7.69,9334,3625,10333,2066,1.267,6167,-1559,250
100,878,omega_reduce_r5_o2_n2_multiply_add_zero,12288,192,4,969240416,0,0,1,14857,15125,1958,16958,19916,19167,20333,1.26,7875,4000,16041,5059,1.341,15916,1059,2958
101,887,omega_reduce_r2_o1_n2_multiply_add_zero_epi5_fused_identity_o5__multiply_s0_o4__add_s1_o3__square_root_s2__reciprocal_s3__multiply_s4_o2__multiply_s5_o1__add_s6_o0,256,1,9,948594248,32,0,1,6155,6982,667,12667,12250,12083,16167,6.97,9375,3875,7292,6095,1.990,8375,2220,-417
102,895,omega_reduce_r2_o1_n2_multiply_add_zero_epi4_fused_identity_o4__multiply_s0_o3__add_s1_o2__square_root_s2__reciprocal_s3__multiply_s4_o1__multiply_s5_o0,256,1,8,953011048,32,0,1,5679,5893,625,11333,10791,10333,11209,1.54,7958,3750,47583,5112,1.900,7041,1362,-542
103,900,omega_reduce_r3_o2_n2_multiply_add_zero,49152,768,4,956376672,0,0,1,18762,19488,1417,20625,23833,23250,24583,1.57,8083,3875,12292,5071,1.270,19958,1196,3208
104,915,omega_reduce_r3_o2_n2_multiply_add_zero_epi9_fused_identity_o9__multiply_o5_o6__multiply_s1_o4__multiply_s2_o3__add_s3_o2__multiply_s4_o1__tanh_s5__add_s6_o0__multiply_o7_o8__multiply_s7_s8__multiply_s0_s9,49152,768,13,956318576,0,0,1,20744,20577,1542,22166,25750,25084,26917,1.69,11959,4250,17541,5006,1.241,21500,756,3584
105,917,omega_reduce_r3_o2_n2_multiply_add_zero,12288,192,4,961709920,0,0,1,20339,20464,1500,21459,26500,25667,27208,1.39,10041,3875,11125,6161,1.303,22625,2286,5041
106,927,omega_reduce_r2_o1_n2_multiply_add_zero_epi5_fused_identity_o5__multiply_s0_o4__add_s1_o3__square_root_s2__reciprocal_s3__multiply_s4_o2__multiply_s5_o1__add_s6_o0,256,1,9,948681800,32,0,1,6155,6982,708,12750,12416,12000,12792,2.09,9334,3833,16500,6261,2.017,8583,2428,-334
107,943,omega_reduce_r3_o2_n2_multiply_add_zero_epi5_fused_identity_o5__identity_o0__multiply_s0_s0__multiply_s0_s2__multiply_s3_o3__add_s0_s4__multiply_s5_o2__tanh_s6__add_s7_o1__multiply_s0_o4__multiply_s8_s9__multiply_s1_s10,2048,32,9,946732144,0,0,1,5357,6310,708,10542,10792,10375,11292,2.17,8042,4167,11708,5435,2.015,6625,1268,250
108,946,omega_reduce_r3_o2_n2_multiply_add_zero,12288,192,4,945550912,0,0,1,4857,5089,292,8042,7750,7458,7959,1.67,8041,3792,42167,2893,1.596,3958,-899,-292
109,958,omega_reduce_r2_o1_n2_multiply_add_zero_epi6_fused_identity_o6__multiply_s0_o4__add_s1_o3__square_root_s2__reciprocal_s3__multiply_s4_o2__multiply_s5_o1__add_s6_o0__multiply_s7_o5,256,1,10,1892185000,32,0,1,6464,6506,375,12875,12791,12292,13459,2.67,5334,3792,9584,6327,1.979,8999,2535,-84
110,979,omega_reduce_r2_o1_n2_multiply_add_zero_epi4_fused_identity_o4__multiply_s0_o3__add_s1_o2__square_root_s2__reciprocal_s3__multiply_s4_o1__multiply_s5_o0,256,1,8,947173704,32,0,1,5679,5893,-3167,10917,10417,9875,10833,2.87,8000,3833,14208,4738,1.834,6584,905,-500
111,981,omega_reduce_r4_o3_n2_multiply_add_zero,16384,256,4,943336256,0,0,1,9935,10667,417,13291,13541,13167,14084,1.83,7959,3958,8083,3606,1.363,9583,-352,250
112,991,omega_reduce_r4_o3_n2_multiply_add_zero,2048,32,4,945319232,0,0,1,5905,5738,2542,9625,9542,9166,10125,3.31,9416,3833,15667,3637,1.616,5709,-196,-83
113,999,omega_reduce_r3_o2_n2_multiply_add_zero_epi4_fused_identity_o4__multiply_s0_o3__add_s1_o2__square_root_s2__reciprocal_s3__multiply_s4_o1__multiply_s5_o0,64,1,8,947166024,16,0,1,5435,5131,792,12166,12917,12375,13542,2.83,7833,3916,11250,7482,2.377,9001,3566,751
114,1005,omega_elementwise_twin_r3_n4_fused_multiply_o0_o1__multiply_o2_o3__add_s0_s1_fused_multiply_o0_o3__multiply_o2_o1__subtract_s0_s1,128,1,7,2131456,0,0,1,2804,2810,667,4542,4791,4375,5125,5.68,8083,3750,42334,1987,1.709,1041,-1763,249
115,1007,omega_reduce_r4_o3_n2_multiply_add_zero,2048,32,4,941550912,0,0,1,5905,5738,417,9667,9709,9458,10208,2.37,5292,3875,12167,3804,1.644,5834,-71,42
116,1014,omega_reduce_r3_o2_n2_multiply_add_zero_epi3_fused_identity_o3__multiply_s0_o2__add_s1_o1__square_root_s2__reciprocal_s3__multiply_s4_o0,64,1,7,3188744,16,0,1,4482,5018,1000,10458,11334,10708,13333,5.28,7792,3666,16875,6852,2.529,7668,3186,876
117,989,omega_reduce_r3_o2_n2_multiply_add_zero_epi4_fused_identity_o4__multiply_s0_o3__add_s1_o2__square_root_s2__reciprocal_s3__multiply_s4_o1__multiply_s5_o0,512,8,8,943679304,16,0,1,5423,5411,125,11666,11458,10917,11667,1.92,7959,3958,12916,6035,2.113,7500,2077,-208
118,1017,omega_elementwise_twin_r3_n4_fused_multiply_o0_o1__multiply_o2_o3__subtract_s0_s1_fused_multiply_o0_o3__multiply_o2_o1__add_s0_s1,1024,1,7,4158208,0,0,1,4571,4125,458,6167,6083,5708,6458,3.75,7875,3875,16250,1512,1.331,2208,-2363,-84
119,1053,omega_cached_attention_q1_h1_g8_d256_s3f800000_ln511_up0_x4_e1_k1_ds,17408,136,11,3632388,4128,0,1,20542,21536,1125,22000,24042,22916,27625,4.12,5250,4166,9084,3500,1.170,19876,-666,2042
120,1053,omega_cached_attention_q1_h1_g8_d256_s3f800000_ln511_up0_x4_e1_k1_ds_merge,8192,8,3,1320448,0,0,1,5423,5393,750,7334,7583,7334,7833,1.75,9334,3750,43083,2160,1.398,3833,-1590,249
121,1055,omega_reduce_r5_o2_n2_multiply_add_zero,12288,192,4,945105728,0,0,1,9429,9560,708,12542,13292,12834,14041,2.57,5292,4000,9250,3863,1.410,9292,-137,750
122,1064,omega_reduce_r2_o1_n2_multiply_add_zero_epi5_fused_identity_o5__multiply_s0_o4__add_s1_o3__square_root_s2__reciprocal_s3__multiply_s4_o2__multiply_s5_o1__add_s6_o0,256,1,9,928277288,32,0,1,6155,6982,750,12875,12042,11708,14208,4.45,17500,3833,17000,5887,1.957,8209,2054,-833
123,1072,omega_reduce_r2_o1_n2_multiply_add_zero_epi4_fused_identity_o4__multiply_s0_o3__add_s1_o2__square_root_s2__reciprocal_s3__multiply_s4_o1__multiply_s5_o0,256,1,8,932643656,32,0,1,5679,5893,1625,11208,10583,10125,11083,2.81,9208,4041,12208,4904,1.864,6542,863,-625
124,1077,omega_reduce_r3_o2_n2_multiply_add_zero,49152,768,4,935988544,0,0,1,18762,19488,1083,20709,23917,23416,24500,1.15,8042,4042,17000,5155,1.275,19875,1113,3208
125,1092,omega_reduce_r3_o2_n2_multiply_add_zero_epi9_fused_identity_o9__multiply_o5_o6__multiply_s1_o4__multiply_s2_o3__add_s3_o2__multiply_s4_o1__tanh_s5__add_s6_o0__multiply_o7_o8__multiply_s7_s8__multiply_s0_s9,49152,768,13,935930448,0,0,1,20744,20577,958,22000,26542,25916,27042,1.14,12000,4458,12125,5798,1.279,22084,1340,4542
126,1094,omega_reduce_r3_o2_n2_multiply_add_zero,12288,192,4,941328192,0,0,1,20339,20464,1458,21416,24875,24417,26042,1.81,9375,3917,41500,4536,1.223,20958,619,3459
127,1104,omega_reduce_r2_o1_n2_multiply_add_zero_epi5_fused_identity_o5__multiply_s0_o4__add_s1_o3__square_root_s2__reciprocal_s3__multiply_s4_o2__multiply_s5_o1__add_s6_o0,256,1,9,928306984,32,0,1,6155,6982,208,12166,12291,11833,12584,1.74,9125,3875,9541,6136,1.997,8416,2261,125
128,1120,omega_reduce_r3_o2_n2_multiply_add_zero_epi5_fused_identity_o5__identity_o0__multiply_s0_s0__multiply_s0_s2__multiply_s3_o3__add_s0_s4__multiply_s5_o2__tanh_s6__add_s7_o1__multiply_s0_o4__multiply_s8_s9__multiply_s1_s10,2048,32,9,926350416,0,0,1,5327,6274,833,10542,10209,9875,10917,2.48,5292,3959,17042,4882,1.916,6250,923,-333
129,1123,omega_reduce_r3_o2_n2_multiply_add_zero,12288,192,4,925169184,0,0,1,4857,5089,792,7917,7708,7250,8125,3.76,7375,3875,11750,2851,1.587,3833,-1024,-209
130,1135,omega_reduce_r2_o1_n2_multiply_add_zero_epi6_fused_identity_o6__multiply_s0_o4__add_s1_o3__square_root_s2__reciprocal_s3__multiply_s4_o2__multiply_s5_o1__add_s6_o0__multiply_s7_o5,256,1,10,1851421544,32,0,1,6464,6506,-250,13125,12458,12084,15542,6.05,5417,3791,15583,5994,1.927,8667,2203,-667
131,1156,omega_reduce_r2_o1_n2_multiply_add_zero_epi4_fused_identity_o4__multiply_s0_o3__add_s1_o2__square_root_s2__reciprocal_s3__multiply_s4_o1__multiply_s5_o0,256,1,8,926791976,32,0,1,5679,5893,708,11000,10083,9791,10833,2.89,8000,3833,5459,4404,1.776,6250,571,-917
132,1158,omega_reduce_r4_o3_n2_multiply_add_zero,16384,256,4,922954528,0,0,1,9935,10667,375,13250,14625,14083,15625,2.59,8042,3791,41250,4690,1.472,10834,899,1375
133,1168,omega_reduce_r4_o3_n2_multiply_add_zero,2048,32,4,924937504,0,0,1,5905,5738,1875,9667,10417,9959,11166,3.17,9334,3917,9708,4512,1.764,6500,595,750
134,1176,omega_reduce_r3_o2_n2_multiply_add_zero_epi4_fused_identity_o4__multiply_s0_o3__add_s1_o2__square_root_s2__reciprocal_s3__multiply_s4_o1__multiply_s5_o0,64,1,8,926784296,16,0,1,5435,5131,2250,12083,10958,10750,11750,2.46,8167,3667,16958,5523,2.016,7291,1856,-1125
135,1182,omega_elementwise_twin_r3_n4_fused_multiply_o0_o1__multiply_o2_o3__add_s0_s1_fused_multiply_o0_o3__multiply_o2_o1__subtract_s0_s1,128,1,7,2131456,0,0,1,2804,2810,750,4667,4500,4292,8583,19.02,8083,3542,9750,1696,1.605,958,-1846,-167
136,1184,omega_reduce_r4_o3_n2_multiply_add_zero,2048,32,4,921169184,0,0,1,5905,5738,625,9667,9875,9375,10708,3.90,5625,3792,14916,3970,1.672,6083,178,208
137,1191,omega_reduce_r3_o2_n2_multiply_add_zero_epi3_fused_identity_o3__multiply_s0_o2__add_s1_o1__square_root_s2__reciprocal_s3__multiply_s4_o0,64,1,7,3188744,16,0,1,4482,5018,2167,10500,9833,9625,12750,8.58,8083,3625,9916,5351,2.194,6208,1726,-667
138,1166,omega_reduce_r3_o2_n2_multiply_add_zero_epi4_fused_identity_o4__multiply_s0_o3__add_s1_o2__square_root_s2__reciprocal_s3__multiply_s4_o1__multiply_s5_o0,512,8,8,923297576,16,0,1,5423,5411,3250,11709,11166,10875,13458,4.92,8125,3791,53666,5743,2.059,7375,1952,-543
139,1194,omega_elementwise_twin_r3_n4_fused_multiply_o0_o1__multiply_o2_o3__subtract_s0_s1_fused_multiply_o0_o3__multiply_o2_o1__add_s0_s1,1024,1,7,4158208,0,0,1,4571,4125,333,6083,6042,5583,6417,4.01,8000,3667,9834,1471,1.322,2375,-2196,-41
140,1230,omega_cached_attention_q1_h1_g8_d256_s3f800000_ln511_up0_x4_e1_k1_ds,17408,136,11,3632388,4128,0,1,20542,21536,-2208,22250,24000,23625,25459,2.13,41833,4125,17291,3458,1.168,19875,-667,1750
141,1230,omega_cached_attention_q1_h1_g8_d256_s3f800000_ln511_up0_x4_e1_k1_ds_merge,8192,8,3,1320448,0,0,1,5423,5393,792,7458,7500,7125,10166,8.23,9292,3875,10167,2077,1.383,3625,-1798,42
142,1232,omega_reduce_r5_o2_n2_multiply_add_zero,12288,192,4,924724000,0,0,1,9429,9560,542,12583,12917,12459,17334,11.49,5541,3917,16292,3488,1.370,9000,-429,334
143,1241,omega_reduce_r2_o1_n2_multiply_add_zero_epi5_fused_identity_o5__multiply_s0_o4__add_s1_o3__square_root_s2__reciprocal_s3__multiply_s4_o2__multiply_s5_o1__add_s6_o0,256,1,9,907895560,32,0,1,6155,6982,792,12916,12084,11708,12875,2.69,8833,3958,5458,5929,1.963,8126,1971,-832
144,1249,omega_reduce_r2_o1_n2_multiply_add_zero_epi4_fused_identity_o4__multiply_s0_o3__add_s1_o2__square_root_s2__reciprocal_s3__multiply_s4_o1__multiply_s5_o0,256,1,8,912261928,32,0,1,5679,5893,750,11208,10625,9958,11167,3.60,8042,3709,42083,4946,1.871,6916,1237,-583
145,1254,omega_reduce_r3_o2_n2_multiply_add_zero,49152,768,4,915606816,0,0,1,18762,19488,1042,20750,23792,23417,24167,0.90,8000,4125,10625,5030,1.268,19667,905,3042
146,1269,omega_reduce_r3_o2_n2_multiply_add_zero_epi9_fused_identity_o9__multiply_o5_o6__multiply_s1_o4__multiply_s2_o3__add_s3_o2__multiply_s4_o1__tanh_s5__add_s6_o0__multiply_o7_o8__multiply_s7_s8__multiply_s0_s9,49152,768,13,915548720,0,0,1,20744,20577,667,22250,24917,24500,27125,2.66,12000,4375,16250,4173,1.201,20542,-202,2667
147,1271,omega_reduce_r3_o2_n2_multiply_add_zero,12288,192,4,920946464,0,0,1,20339,20464,1125,21542,25000,24292,25917,1.66,9375,3875,9084,4661,1.229,21125,786,3458
148,1281,omega_reduce_r2_o1_n2_multiply_add_zero_epi5_fused_identity_o5__multiply_s0_o4__add_s1_o3__square_root_s2__reciprocal_s3__multiply_s4_o2__multiply_s5_o1__add_s6_o0,256,1,9,907925256,32,0,1,6155,6982,625,12791,12125,11500,12500,2.67,9334,3667,15584,5970,1.970,8458,2303,-666
149,1297,omega_reduce_r3_o2_n2_multiply_add_zero_epi5_fused_identity_o5__identity_o0__multiply_s0_s0__multiply_s0_s2__multiply_s3_o3__add_s0_s4__multiply_s5_o2__tanh_s6__add_s7_o1__multiply_s0_o4__multiply_s8_s9__multiply_s1_s10,2048,32,9,905968688,0,0,1,5327,6339,750,10542,10625,10084,11000,2.33,6875,3958,5500,5298,1.994,6667,1340,83
150,1300,omega_reduce_r3_o2_n2_multiply_add_zero,12288,192,4,904787456,0,0,1,4857,5089,583,7959,7625,7209,7958,2.50,7958,3875,40791,2768,1.570,3750,-1107,-334
151,1312,omega_reduce_r2_o1_n2_multiply_add_zero_epi6_fused_identity_o6__multiply_s0_o4__add_s1_o3__square_root_s2__reciprocal_s3__multiply_s4_o2__multiply_s5_o1__add_s6_o0__multiply_s7_o5,256,1,10,1810658088,32,0,1,6464,6506,375,13000,12334,12000,12916,2.10,5541,3750,9458,5870,1.908,8584,2120,-666
152,1333,omega_reduce_r2_o1_n2_multiply_add_zero_epi4_fused_identity_o4__multiply_s0_o3__add_s1_o2__square_root_s2__reciprocal_s3__multiply_s4_o1__multiply_s5_o0,256,1,8,906410248,32,0,1,5679,5893,500,11000,10417,9875,10833,2.88,8000,3750,16375,4738,1.834,6667,988,-583
153,1335,omega_reduce_r4_o3_n2_multiply_add_zero,16384,256,4,902572800,0,0,1,9935,10667,542,13291,13500,13250,14334,2.02,7958,3917,8125,3565,1.359,9583,-352,209
154,1345,omega_reduce_r4_o3_n2_multiply_add_zero,2048,32,4,904555776,0,0,1,5905,5738,750,9333,9625,9208,10250,3.33,8084,3708,17208,3720,1.630,5917,12,292
155,1353,omega_reduce_r3_o2_n2_multiply_add_zero_epi4_fused_identity_o4__multiply_s0_o3__add_s1_o2__square_root_s2__reciprocal_s3__multiply_s4_o1__multiply_s5_o0,64,1,8,906402568,16,0,1,5435,5131,500,11625,11500,11000,11958,2.31,8125,3792,12084,6065,2.116,7708,2273,-125
156,1359,omega_elementwise_twin_r3_n4_fused_multiply_o0_o1__multiply_o2_o3__add_s0_s1_fused_multiply_o0_o3__multiply_o2_o1__subtract_s0_s1,128,1,7,2131456,0,0,1,2804,2810,542,4417,4417,4208,5041,3.91,8084,3791,43166,1613,1.576,626,-2178,0
157,1361,omega_reduce_r4_o3_n2_multiply_add_zero,2048,32,4,900787456,0,0,1,5905,5738,500,9250,9333,9208,9875,2.55,5208,3834,12083,3428,1.581,5499,-406,83
158,1368,omega_reduce_r3_o2_n2_multiply_add_zero_epi3_fused_identity_o3__multiply_s0_o2__add_s1_o1__square_root_s2__reciprocal_s3__multiply_s4_o0,64,1,7,3188744,16,0,1,4482,5018,875,10042,9708,9500,10500,2.90,36458,3750,16792,5226,2.166,5958,1476,-334
159,1343,omega_reduce_r3_o2_n2_multiply_add_zero_epi4_fused_identity_o4__multiply_s0_o3__add_s1_o2__square_root_s2__reciprocal_s3__multiply_s4_o1__multiply_s5_o0,512,8,8,902915848,16,0,1,5423,5411,42,11334,11166,10958,11416,1.19,8542,3792,10292,5743,2.059,7374,1951,-168
160,1371,omega_elementwise_twin_r3_n4_fused_multiply_o0_o1__multiply_o2_o3__subtract_s0_s1_fused_multiply_o0_o3__multiply_o2_o1__add_s0_s1,1024,1,7,4158208,0,0,1,4571,4125,250,6000,5750,5583,6084,2.64,476208,3792,453833,1179,1.258,1958,-2613,-250
161,1407,omega_cached_attention_q1_h1_g8_d256_s3f800000_ln511_up0_x4_e1_k1_ds,17408,136,11,3632388,4128,0,1,20542,21536,1333,22083,22833,22333,23625,1.86,17250,4042,14250,2291,1.112,18791,-1751,750
162,1407,omega_cached_attention_q1_h1_g8_d256_s3f800000_ln511_up0_x4_e1_k1_ds_merge,8192,8,3,1320448,0,0,1,5423,5393,792,7000,7375,7208,7542,1.64,10541,3708,23709,1952,1.360,3667,-1756,375
163,1409,omega_reduce_r5_o2_n2_multiply_add_zero,12288,192,4,904342272,0,0,1,9429,9560,625,12084,12792,12375,13083,1.56,6667,3875,11500,3363,1.357,8917,-512,708
164,1418,omega_reduce_r2_o1_n2_multiply_add_zero_epi5_fused_identity_o5__multiply_s0_o4__add_s1_o3__square_root_s2__reciprocal_s3__multiply_s4_o2__multiply_s5_o1__add_s6_o0,256,1,9,887513832,32,0,1,6155,6982,2750,12416,12125,11750,12334,1.45,7000,3833,22500,5970,1.970,8292,2137,-291
165,1426,omega_reduce_r2_o1_n2_multiply_add_zero_epi4_fused_identity_o4__multiply_s0_o3__add_s1_o2__square_root_s2__reciprocal_s3__multiply_s4_o1__multiply_s5_o0,256,1,8,891880200,32,0,1,5679,5893,625,10709,10417,9958,10542,1.94,6458,3750,10000,4738,1.834,6667,988,-292
166,1431,omega_reduce_r3_o2_n2_multiply_add_zero,49152,768,4,895225088,0,0,1,18762,19488,833,20583,23666,22958,28208,4.41,69084,4041,61584,4904,1.261,19625,863,3083
167,1446,omega_reduce_r3_o2_n2_multiply_add_zero_epi9_fused_identity_o9__multiply_o5_o6__multiply_s1_o4__multiply_s2_o3__add_s3_o2__multiply_s4_o1__tanh_s5__add_s6_o0__multiply_o7_o8__multiply_s7_s8__multiply_s0_s9,49152,768,13,895166992,0,0,1,20744,20577,917,21958,24958,24334,25750,1.43,10834,4166,9458,4214,1.203,20792,48,3000
168,1448,omega_reduce_r3_o2_n2_multiply_add_zero,12288,192,4,900564736,0,0,1,20339,20464,1167,21500,24959,23750,25875,1.81,10208,3917,17917,4620,1.227,21042,703,3459
169,1458,omega_reduce_r2_o1_n2_multiply_add_zero_epi5_fused_identity_o5__multiply_s0_o4__add_s1_o3__square_root_s2__reciprocal_s3__multiply_s4_o2__multiply_s5_o1__add_s6_o0,256,1,9,887543528,32,0,1,6155,6982,375,12500,12209,11625,12584,2.31,9125,3875,10125,6054,1.984,8334,2179,-291
170,1474,omega_reduce_r3_o2_n2_multiply_add_zero_epi5_fused_identity_o5__identity_o0__multiply_s0_s0__multiply_s0_s2__multiply_s3_o3__add_s0_s4__multiply_s5_o2__tanh_s6__add_s7_o1__multiply_s0_o4__multiply_s8_s9__multiply_s1_s10,2048,32,9,885586960,0,0,1,5429,6310,-2750,10208,10584,10083,11333,3.21,5917,4000,18333,5155,1.950,6584,1155,376
171,1477,omega_reduce_r3_o2_n2_multiply_add_zero,12288,192,4,884405728,0,0,1,4857,5089,625,8083,7750,7333,8333,3.48,6417,3834,9375,2893,1.596,3916,-941,-333
172,1489,omega_reduce_r2_o1_n2_multiply_add_zero_epi6_fused_identity_o6__multiply_s0_o4__add_s1_o3__square_root_s2__reciprocal_s3__multiply_s4_o2__multiply_s5_o1__add_s6_o0__multiply_s7_o5,256,1,10,1769894632,32,0,1,6464,6506,500,13042,12417,11917,13125,2.79,7958,3791,46083,5953,1.921,8626,2162,-625
173,1510,omega_reduce_r2_o1_n2_multiply_add_zero_epi4_fused_identity_o4__multiply_s0_o3__add_s1_o2__square_root_s2__reciprocal_s3__multiply_s4_o1__multiply_s5_o0,256,1,8,886028520,32,0,1,5679,5893,542,11125,10500,10042,11042,2.61,8083,3584,9834,4821,1.849,6916,1237,-625
174,1512,omega_reduce_r4_o3_n2_multiply_add_zero,16384,256,4,882191072,0,0,1,9935,10667,3625,13333,13750,13166,14417,2.44,8000,3834,17875,3815,1.384,9916,-19,417
175,1522,omega_reduce_r4_o3_n2_multiply_add_zero,2048,32,4,884174048,0,0,1,5905,5738,500,9625,9959,9417,10792,3.25,8292,3875,10292,4054,1.687,6084,179,334
176,1530,omega_reduce_r3_o2_n2_multiply_add_zero_epi4_fused_identity_o4__multiply_s0_o3__add_s1_o2__square_root_s2__reciprocal_s3__multiply_s4_o1__multiply_s5_o0,64,1,8,886020840,16,0,1,5435,5131,583,12125,11875,11167,14417,5.88,8250,3750,17083,6440,2.185,8125,2690,-250
177,1536,omega_elementwise_twin_r3_n4_fused_multiply_o0_o1__multiply_o2_o3__add_s0_s1_fused_multiply_o0_o3__multiply_o2_o1__subtract_s0_s1,128,1,7,2131456,0,0,1,2804,2810,1000,4666,4875,4583,5250,4.35,8084,3792,6833,2071,1.739,1083,-1721,209
178,1538,omega_reduce_r4_o3_n2_multiply_add_zero,2048,32,4,880405728,0,0,1,5905,5738,625,9750,9875,9458,10709,2.78,37750,3875,46333,3970,1.672,6000,95,125
179,1545,omega_reduce_r3_o2_n2_multiply_add_zero_epi3_fused_identity_o3__multiply_s0_o2__add_s1_o1__square_root_s2__reciprocal_s3__multiply_s4_o0,64,1,7,3188744,16,0,1,4482,5018,792,10416,10291,9791,10917,2.43,9208,3750,9333,5809,2.296,6541,2059,-125
180,1520,omega_reduce_r3_o2_n2_multiply_add_zero_epi4_fused_identity_o4__multiply_s0_o3__add_s1_o2__square_root_s2__reciprocal_s3__multiply_s4_o1__multiply_s5_o0,512,8,8,882534120,16,0,1,5423,5411,42,11791,11250,11042,13791,5.16,5667,3750,16708,5827,2.075,7500,2077,-541
181,1548,omega_elementwise_twin_r3_n4_fused_multiply_o0_o1__multiply_o2_o3__subtract_s0_s1_fused_multiply_o0_o3__multiply_o2_o1__add_s0_s1,1024,1,7,4158208,0,0,1,4571,4125,542,6125,5917,5625,6542,3.97,7083,3625,6291,1346,1.294,2292,-2279,-208
182,1584,omega_cached_attention_q1_h1_g8_d256_s3f800000_ln511_up0_x4_e1_k1_ds,17408,136,11,3632388,4128,0,1,20542,21536,1167,21875,23250,22333,25459,2.64,7666,4083,16291,2708,1.132,19167,-1375,1375
183,1584,omega_cached_attention_q1_h1_g8_d256_s3f800000_ln511_up0_x4_e1_k1_ds_merge,8192,8,3,1320448,0,0,1,5423,5393,750,7292,7375,6959,8166,3.81,12083,3500,8666,1952,1.360,3875,-1548,83
184,1586,omega_reduce_r5_o2_n2_multiply_add_zero,12288,192,4,883960544,0,0,1,9429,9560,875,12500,12875,12458,17125,9.58,17875,3917,47167,3446,1.366,8958,-471,375
185,1595,omega_reduce_r2_o1_n2_multiply_add_zero_epi5_fused_identity_o5__multiply_s0_o4__add_s1_o3__square_root_s2__reciprocal_s3__multiply_s4_o2__multiply_s5_o1__add_s6_o0,256,1,9,867132104,32,0,1,6155,6982,1083,13042,12458,11542,15250,5.49,8875,3791,10000,6303,2.024,8667,2512,-584
186,1603,omega_reduce_r2_o1_n2_multiply_add_zero_epi4_fused_identity_o4__multiply_s0_o3__add_s1_o2__square_root_s2__reciprocal_s3__multiply_s4_o1__multiply_s5_o0,256,1,8,871498472,32,0,1,5679,5893,542,11167,10541,9917,11000,3.00,7959,3750,17166,4862,1.856,6791,1112,-626
187,1608,omega_reduce_r3_o2_n2_multiply_add_zero,49152,768,4,874843360,0,0,1,18762,19488,875,20625,23791,23125,24375,1.52,7917,3958,10584,5029,1.268,19833,1071,3166
188,1623,omega_reduce_r3_o2_n2_multiply_add_zero_epi9_fused_identity_o9__multiply_o5_o6__multiply_s1_o4__multiply_s2_o3__add_s3_o2__multiply_s4_o1__tanh_s5__add_s6_o0__multiply_o7_o8__multiply_s7_s8__multiply_s0_s9,49152,768,13,874785264,0,0,1,20744,20577,625,21958,25333,24750,26083,1.25,12083,4208,16125,4589,1.221,21125,381,3375
189,1625,omega_reduce_r3_o2_n2_multiply_add_zero,12288,192,4,880183008,0,0,1,20339,20464,1167,21541,25584,24708,26708,1.98,10542,3792,7417,5245,1.258,21792,1453,4043
190,1635,omega_reduce_r2_o1_n2_multiply_add_zero_epi5_fused_identity_o5__multiply_s0_o4__add_s1_o3__square_root_s2__reciprocal_s3__multiply_s4_o2__multiply_s5_o1__add_s6_o0,256,1,9,867161800,32,0,1,6155,6982,417,12750,12542,11708,14625,4.67,11625,3708,42167,6387,2.038,8834,2679,-208
191,1651,omega_reduce_r3_o2_n2_multiply_add_zero_epi5_fused_identity_o5__identity_o0__multiply_s0_s0__multiply_s0_s2__multiply_s3_o3__add_s0_s4__multiply_s5_o2__tanh_s6__add_s7_o1__multiply_s0_o4__multiply_s8_s9__multiply_s1_s10,2048,32,9,865205232,0,0,1,5071,6268,-2125,10542,10459,10084,10958,1.96,8000,4125,9417,5388,2.062,6334,1263,-83
192,1654,omega_reduce_r3_o2_n2_multiply_add_zero,12288,192,4,864024000,0,0,1,4857,5089,625,8000,7958,7291,8167,3.38,8083,3875,17333,3101,1.638,4083,-774,-42
193,1666,omega_reduce_r2_o1_n2_multiply_add_zero_epi6_fused_identity_o6__multiply_s0_o4__add_s1_o3__square_root_s2__reciprocal_s3__multiply_s4_o2__multiply_s5_o1__add_s6_o0__multiply_s7_o5,256,1,10,1729097896,32,0,1,6464,6506,2500,13125,12584,12167,13125,2.26,7875,4000,6333,6120,1.947,8584,2120,-541
194,1687,omega_reduce_r2_o1_n2_multiply_add_zero_epi4_fused_identity_o4__multiply_s0_o3__add_s1_o2__square_root_s2__reciprocal_s3__multiply_s4_o1__multiply_s5_o0,256,1,8,865316552,32,0,1,5679,5893,458,10917,10791,9917,11250,3.10,8083,3875,16292,5112,1.900,6916,1237,-126
195,1689,omega_reduce_r4_o3_n2_multiply_add_zero,32768,512,4,859809472,0,0,1,17958,18143,250,19625,21625,20959,22125,1.62,8083,3917,8500,3667,1.204,17708,-250,2000
196,1699,omega_reduce_r4_o3_n2_multiply_add_zero,4096,64,4,863775936,0,0,1,6286,6321,625,9875,10375,9709,10792,3.44,12417,3833,42458,4089,1.651,6542,256,500
197,1707,omega_reduce_r3_o2_n2_multiply_add_zero_epi4_fused_identity_o4__multiply_s0_o3__add_s1_o2__square_root_s2__reciprocal_s3__multiply_s4_o1__multiply_s5_o0,128,1,8,865391304,16,0,1,5607,5643,750,12042,13416,12541,13875,3.10,8250,3959,9709,7809,2.393,9457,3850,1374
198,1713,omega_elementwise_twin_r3_n4_fused_multiply_o0_o1__multiply_o2_o3__add_s0_s1_fused_multiply_o0_o3__multiply_o2_o1__subtract_s0_s1,256,1,7,2192896,0,0,1,2958,2869,875,4667,5167,4791,5542,4.34,9875,3833,17000,2209,1.747,1334,-1624,500
199,1715,omega_reduce_r4_o3_n2_multiply_add_zero,4096,64,4,856245440,0,0,1,6286,6321,875,9875,10250,9916,10625,2.06,5416,4041,6458,3964,1.631,6209,-77,375
200,1722,omega_reduce_r3_o2_n2_multiply_add_zero_epi3_fused_identity_o3__multiply_s0_o2__add_s1_o1__square_root_s2__reciprocal_s3__multiply_s4_o0,128,1,7,3228680,16,0,1,4887,4905,583,10542,11875,11083,12417,3.01,7958,3875,17125,6988,2.430,8000,3113,1333
201,1697,omega_reduce_r3_o2_n2_multiply_add_zero_epi4_fused_identity_o4__multiply_s0_o3__add_s1_o2__square_root_s2__reciprocal_s3__multiply_s4_o1__multiply_s5_o0,1024,8,8,858383048,16,0,1,5619,5625,42,11750,11375,10750,11833,2.99,8084,3792,10000,5756,2.024,7583,1964,-375
202,1725,omega_elementwise_twin_r3_n4_fused_multiply_o0_o1__multiply_o2_o3__subtract_s0_s1_fused_multiply_o0_o3__multiply_o2_o1__add_s0_s1,2048,2,7,4118784,0,0,1,4554,4768,500,6250,6000,5750,10000,14.33,51750,3750,44125,1446,1.318,2250,-2304,-250
203,1761,omega_cached_attention_q1_h1_g8_d512_s3f800000_ln9223372036854775808_up0_x4_e1_k1_ds,32768,256,11,7147268,8224,0,1,39601,40423,-2083,42459,48958,46208,50875,2.49,9292,4375,10667,9357,1.236,44583,4982,6499
204,1761,omega_cached_attention_q1_h1_g8_d512_s3f800000_ln9223372036854775808_up0_x4_e1_k1_ds_merge,8192,8,3,1582592,0,0,1,7726,7750,875,8958,10166,9708,10625,2.62,9958,3667,16750,2440,1.316,6499,-1227,1208
205,1763,omega_reduce_r5_o2_n2_multiply_add_zero,12288,192,4,863348416,0,0,1,14857,15125,667,17167,19084,18292,24000,6.00,8083,3958,5584,4227,1.285,15126,269,1917
206,1772,omega_reduce_r2_o1_n2_multiply_add_zero_epi5_fused_identity_o5__multiply_s0_o4__add_s1_o3__square_root_s2__reciprocal_s3__multiply_s4_o2__multiply_s5_o1__add_s6_o0,256,1,9,842702248,32,0,1,6155,6982,917,12917,12334,11667,12833,2.54,9291,3791,17292,6179,2.004,8543,2388,-583
207,1780,omega_reduce_r2_o1_n2_multiply_add_zero_epi4_fused_identity_o4__multiply_s0_o3__add_s1_o2__square_root_s2__reciprocal_s3__multiply_s4_o1__multiply_s5_o0,256,1,8,847119048,32,0,1,5679,5893,500,11333,10500,10083,10875,2.43,5541,3750,10792,4821,1.849,6750,1071,-833
208,1785,omega_reduce_r3_o2_n2_multiply_add_zero,49152,768,4,850484672,0,0,1,18762,19488,2000,20667,23708,23125,25667,2.28,5417,3916,42167,4946,1.264,19792,1030,3041
209,1800,omega_reduce_r3_o2_n2_multiply_add_zero_epi9_fused_identity_o9__multiply_o5_o6__multiply_s1_o4__multiply_s2_o3__add_s3_o2__multiply_s4_o1__tanh_s5__add_s6_o0__multiply_o7_o8__multiply_s7_s8__multiply_s0_s9,49152,768,13,850426576,0,0,1,20744,20577,375,22125,25250,24500,28250,3.20,11917,4333,9500,4506,1.217,20917,173,3125
210,1802,omega_reduce_r3_o2_n2_multiply_add_zero,12288,192,4,855817920,0,0,1,20339,20464,1000,21542,24833,24417,25500,1.41,11750,3875,16417,4494,1.221,20958,619,3291
211,1812,omega_reduce_r2_o1_n2_multiply_add_zero_epi5_fused_identity_o5__multiply_s0_o4__add_s1_o3__square_root_s2__reciprocal_s3__multiply_s4_o2__multiply_s5_o1__add_s6_o0,256,1,9,842789800,32,0,1,6155,6982,333,13042,12125,11583,12500,1.67,12000,3792,5625,5970,1.970,8333,2178,-917
212,1828,omega_reduce_r3_o2_n2_multiply_add_zero_epi5_fused_identity_o5__identity_o0__multiply_s0_s0__multiply_s0_s2__multiply_s3_o3__add_s0_s4__multiply_s5_o2__tanh_s6__add_s7_o1__multiply_s0_o4__multiply_s8_s9__multiply_s1_s10,2048,32,9,840840144,0,0,1,5101,6369,417,10584,10458,10042,10917,2.52,8000,4000,14375,5357,2.050,6458,1357,-126
213,1831,omega_reduce_r3_o2_n2_multiply_add_zero,12288,192,4,839658912,0,0,1,4857,5089,792,8000,7709,7292,8125,2.63,8042,3917,8292,2852,1.587,3792,-1065,-291
214,1843,omega_reduce_r2_o1_n2_multiply_add_zero_epi6_fused_identity_o6__multiply_s0_o4__add_s1_o3__square_root_s2__reciprocal_s3__multiply_s4_o2__multiply_s5_o1__add_s6_o0__multiply_s7_o5,256,1,10,1680401000,32,0,1,6464,6506,417,13042,12333,12042,15375,7.31,5375,3875,41792,5869,1.908,8458,1994,-709
215,1864,omega_reduce_r2_o1_n2_multiply_add_zero_epi4_fused_identity_o4__multiply_s0_o3__add_s1_o2__square_root_s2__reciprocal_s3__multiply_s4_o1__multiply_s5_o0,256,1,8,841281704,32,0,1,5679,5893,333,11000,10209,9708,10791,2.99,8000,3708,10291,4530,1.798,6501,822,-791
216,1866,omega_reduce_r4_o3_n2_multiply_add_zero,16384,256,4,837444256,0,0,1,9935,10667,2208,13250,13584,13166,16000,5.23,8083,3833,17083,3649,1.367,9751,-184,334
217,1876,omega_reduce_r4_o3_n2_multiply_add_zero,2048,32,4,839427232,0,0,1,5905,5738,750,9708,9416,9166,9834,2.19,10209,3917,9375,3511,1.595,5499,-406,-292
218,1884,omega_reduce_r3_o2_n2_multiply_add_zero_epi4_fused_identity_o4__multiply_s0_o3__add_s1_o2__square_root_s2__reciprocal_s3__multiply_s4_o1__multiply_s5_o0,64,1,8,841274024,16,0,1,5435,5131,625,12083,12834,12250,15209,6.20,7875,3750,16834,7399,2.362,9084,3649,751
219,1890,omega_elementwise_twin_r3_n4_fused_multiply_o0_o1__multiply_o2_o3__add_s0_s1_fused_multiply_o0_o3__multiply_o2_o1__subtract_s0_s1,128,1,7,2131456,0,0,1,2804,2810,1250,4625,4708,4416,5041,3.82,8292,4000,9042,1904,1.679,708,-2096,83
220,1892,omega_reduce_r4_o3_n2_multiply_add_zero,2048,32,4,835658912,0,0,1,5905,5738,542,9792,9666,9292,10166,2.43,5208,3917,51583,3761,1.637,5749,-156,-126
221,1899,omega_reduce_r3_o2_n2_multiply_add_zero_epi3_fused_identity_o3__multiply_s0_o2__add_s1_o1__square_root_s2__reciprocal_s3__multiply_s4_o0,64,1,7,3188744,16,0,1,4482,5018,792,10459,11125,10708,11750,2.77,5459,3750,9375,6643,2.482,7375,2893,666
222,1874,omega_reduce_r3_o2_n2_multiply_add_zero_epi4_fused_identity_o4__multiply_s0_o3__add_s1_o2__square_root_s2__reciprocal_s3__multiply_s4_o1__multiply_s5_o0,512,8,8,837787304,16,0,1,5423,5411,500,11750,11041,10792,11500,1.73,6125,3875,17000,5618,2.036,7166,1743,-709
223,1902,omega_elementwise_twin_r3_n4_fused_multiply_o0_o1__multiply_o2_o3__subtract_s0_s1_fused_multiply_o0_o3__multiply_o2_o1__add_s0_s1,1024,1,7,4158208,0,0,1,4571,4125,625,6125,5792,5583,10708,17.68,6458,4000,9709,1221,1.267,1792,-2779,-333
224,1938,omega_cached_attention_q1_h1_g8_d256_s3f800000_ln511_up0_x4_e1_k1_ds,17408,136,11,3632388,4128,0,1,20542,21536,125,21875,24041,23500,24917,1.57,7916,4041,15875,3499,1.170,20000,-542,2166
225,1938,omega_cached_attention_q1_h1_g8_d256_s3f800000_ln511_up0_x4_e1_k1_ds_merge,8192,8,3,1320448,0,0,1,5423,5393,833,7416,7417,7167,9542,6.37,11875,3708,8292,1994,1.368,3709,-1714,1
226,1940,omega_reduce_r5_o2_n2_multiply_add_zero,12288,192,4,839213728,0,0,1,9429,9560,458,12417,12791,12458,13167,1.29,18375,3875,41333,3362,1.357,8916,-513,374
227,1949,omega_reduce_r2_o1_n2_multiply_add_zero_epi5_fused_identity_o5__multiply_s0_o4__add_s1_o3__square_root_s2__reciprocal_s3__multiply_s4_o2__multiply_s5_o1__add_s6_o0,256,1,9,822385288,32,0,1,6155,6982,917,12917,11875,11709,14792,5.56,9250,3750,9542,5720,1.929,8125,1970,-1042
228,1957,omega_reduce_r2_o1_n2_multiply_add_zero_epi4_fused_identity_o4__multiply_s0_o3__add_s1_o2__square_root_s2__reciprocal_s3__multiply_s4_o1__multiply_s5_o0,256,1,8,826751656,32,0,1,5679,5893,417,11083,10250,9875,10959,2.95,7750,3667,17125,4571,1.805,6583,904,-833
229,1962,omega_reduce_r3_o2_n2_multiply_add_zero,49152,768,4,830096544,0,0,1,18762,19488,667,20625,23584,22958,24500,1.57,7833,4042,11583,4822,1.257,19542,780,2959
230,1977,omega_reduce_r3_o2_n2_multiply_add_zero_epi9_fused_identity_o9__multiply_o5_o6__multiply_s1_o4__multiply_s2_o3__add_s3_o2__multiply_s4_o1__tanh_s5__add_s6_o0__multiply_o7_o8__multiply_s7_s8__multiply_s0_s9,49152,768,13,830038448,0,0,1,20744,20577,875,21959,24875,24375,25875,1.46,11834,4125,17208,4131,1.199,20750,6,2916
231,1979,omega_reduce_r3_o2_n2_multiply_add_zero,12288,192,4,835436192,0,0,1,20339,20464,-1250,21542,24542,23709,25708,1.95,10167,3750,8833,4203,1.207,20792,453,3000
232,1989,omega_reduce_r2_o1_n2_multiply_add_zero_epi5_fused_identity_o5__multiply_s0_o4__add_s1_o3__square_root_s2__reciprocal_s3__multiply_s4_o2__multiply_s5_o1__add_s6_o0,256,1,9,822414984,32,0,1,6155,6982,167,12750,11875,11542,12584,2.92,11875,3792,42292,5720,1.929,8083,1928,-875
233,2005,omega_reduce_r3_o2_n2_multiply_add_zero_epi5_fused_identity_o5__identity_o0__multiply_s0_s0__multiply_s0_s2__multiply_s3_o3__add_s0_s4__multiply_s5_o2__tanh_s6__add_s7_o1__multiply_s0_o4__multiply_s8_s9__multiply_s1_s10,2048,32,9,820458416,0,0,1,5101,6280,792,10542,10291,10000,10708,1.97,8000,3959,9333,5190,2.017,6332,1231,-251
234,2008,omega_reduce_r3_o2_n2_multiply_add_zero,12288,192,4,819277184,0,0,1,4857,5089,875,8084,7375,7166,10167,8.45,8042,3708,17250,2518,1.518,3667,-1190,-709
235,2020,omega_reduce_r2_o1_n2_multiply_add_zero_epi6_fused_identity_o6__multiply_s0_o4__add_s1_o3__square_root_s2__reciprocal_s3__multiply_s4_o2__multiply_s5_o1__add_s6_o0__multiply_s7_o5,256,1,10,1639637544,32,0,1,6464,6506,542,13042,13208,12916,14208,2.64,5333,3750,11292,6744,2.043,9458,2994,166
236,2041,omega_reduce_r2_o1_n2_multiply_add_zero_epi4_fused_identity_o4__multiply_s0_o3__add_s1_o2__square_root_s2__reciprocal_s3__multiply_s4_o1__multiply_s5_o0,256,1,8,820899976,32,0,1,5679,5893,292,11000,9958,9875,10500,2.24,7958,3791,16541,4279,1.754,6167,488,-1042
237,2043,omega_reduce_r4_o3_n2_multiply_add_zero,16384,256,4,817062528,0,0,1,9935,10667,542,13292,13583,13167,14083,1.96,8417,3791,9542,3648,1.367,9792,-143,291
238,2053,omega_reduce_r4_o3_n2_multiply_add_zero,2048,32,4,819045504,0,0,1,5905,5738,375,9709,9583,9125,10167,2.81,10500,3875,43959,3678,1.623,5708,-197,-126
239,2061,omega_reduce_r3_o2_n2_multiply_add_zero_epi4_fused_identity_o4__multiply_s0_o3__add_s1_o2__square_root_s2__reciprocal_s3__multiply_s4_o1__multiply_s5_o0,64,1,8,820892296,16,0,1,5435,5131,333,12167,11042,10875,11750,2.33,8708,3625,9500,5607,2.032,7417,1982,-1125
240,2067,omega_elementwise_twin_r3_n4_fused_multiply_o0_o1__multiply_o2_o3__add_s0_s1_fused_multiply_o0_o3__multiply_o2_o1__subtract_s0_s1,128,1,7,2131456,0,0,1,2804,2810,958,4625,4375,4208,4667,3.04,507542,3666,482833,1571,1.561,709,-2095,-250
241,2069,omega_reduce_r4_o3_n2_multiply_add_zero,2048,32,4,815277184,0,0,1,5905,5738,625,9708,9625,9167,10125,2.39,17208,3750,15250,3720,1.630,5875,-30,-83
242,2076,omega_reduce_r3_o2_n2_multiply_add_zero_epi3_fused_identity_o3__multiply_s0_o2__add_s1_o1__square_root_s2__reciprocal_s3__multiply_s4_o0,64,1,7,3188744,16,0,1,4482,5018,750,10541,9750,9625,10375,2.41,25375,3667,24833,5268,2.175,6083,1601,-791
243,2051,omega_reduce_r3_o2_n2_multiply_add_zero_epi4_fused_identity_o4__multiply_s0_o3__add_s1_o2__square_root_s2__reciprocal_s3__multiply_s4_o1__multiply_s5_o0,512,8,8,817405576,16,0,1,5423,5411,250,11791,11083,10833,11459,1.39,11125,3708,10833,5660,2.044,7375,1952,-708
244,2079,omega_elementwise_twin_r3_n4_fused_multiply_o0_o1__multiply_o2_o3__subtract_s0_s1_fused_multiply_o0_o3__multiply_o2_o1__add_s0_s1,1024,1,7,4158208,0,0,1,4571,4125,583,6167,5791,5625,6000,1.83,7084,3750,22583,1220,1.267,2041,-2530,-376
245,2115,omega_cached_attention_q1_h1_g8_d256_s3f800000_ln511_up0_x4_e1_k1_ds,17408,136,11,3632388,4128,0,1,20542,21536,875,22125,22625,22250,23625,1.92,6917,4125,9834,2083,1.101,18500,-2042,500
246,2115,omega_cached_attention_q1_h1_g8_d256_s3f800000_ln511_up0_x4_e1_k1_ds_merge,8192,8,3,1320448,0,0,1,5423,5393,1458,7291,7250,7042,7625,2.09,61292,3708,62459,1827,1.337,3542,-1881,-41
247,2117,omega_reduce_r5_o2_n2_multiply_add_zero,12288,192,4,818832000,0,0,1,9429,9560,417,12458,12625,12291,13166,1.97,10583,3875,11000,3196,1.339,8750,-679,167
248,2126,omega_reduce_r2_o1_n2_multiply_add_zero_epi5_fused_identity_o5__multiply_s0_o4__add_s1_o3__square_root_s2__reciprocal_s3__multiply_s4_o2__multiply_s5_o1__add_s6_o0,256,1,9,802003560,32,0,1,6155,6982,875,12791,11958,11583,12583,2.39,6667,3875,19667,5803,1.943,8083,1928,-833
249,2134,omega_reduce_r2_o1_n2_multiply_add_zero_epi4_fused_identity_o4__multiply_s0_o3__add_s1_o2__square_root_s2__reciprocal_s3__multiply_s4_o1__multiply_s5_o0,256,1,8,806369928,32,0,1,5679,5893,500,11084,10125,9958,10875,2.98,6334,3792,10708,4446,1.783,6333,654,-959
250,2139,omega_reduce_r3_o2_n2_multiply_add_zero,49152,768,4,809714816,0,0,1,18762,19488,1000,20666,23375,22958,24125,1.30,6083,4042,18791,4613,1.246,19333,571,2709
251,2154,omega_reduce_r3_o2_n2_multiply_add_zero_epi9_fused_identity_o9__multiply_o5_o6__multiply_s1_o4__multiply_s2_o3__add_s3_o2__multiply_s4_o1__tanh_s5__add_s6_o0__multiply_o7_o8__multiply_s7_s8__multiply_s0_s9,49152,768,13,809656720,0,0,1,20744,20577,875,22125,25000,24458,27750,2.97,10084,4375,10833,4256,1.205,20625,-119,2875
252,2156,omega_reduce_r3_o2_n2_multiply_add_zero,12288,192,4,815054464,0,0,1,20339,20464,417,21459,24708,24042,25500,1.59,10708,3834,44625,4369,1.215,20874,535,3249
253,2166,omega_reduce_r2_o1_n2_multiply_add_zero_epi5_fused_identity_o5__multiply_s0_o4__add_s1_o3__square_root_s2__reciprocal_s3__multiply_s4_o2__multiply_s5_o1__add_s6_o0,256,1,9,802033256,32,0,1,6155,6982,542,12334,12209,11625,12708,2.25,9292,3709,10209,6054,1.984,8500,2345,-125
254,2182,omega_reduce_r3_o2_n2_multiply_add_zero_epi5_fused_identity_o5__identity_o0__multiply_s0_s0__multiply_s0_s2__multiply_s3_o3__add_s0_s4__multiply_s5_o2__tanh_s6__add_s7_o1__multiply_s0_o4__multiply_s8_s9__multiply_s1_s10,2048,32,9,800076688,0,0,1,5119,6357,1042,10500,10459,10042,11000,2.55,7917,3959,17208,5340,2.043,6500,1381,-41
255,2185,omega_reduce_r3_o2_n2_multiply_add_zero,12288,192,4,798895456,0,0,1,4857,5089,875,7958,7583,7250,7917,2.74,8125,3792,9500,2726,1.561,3791,-1066,-375
256,2197,omega_reduce_r2_o1_n2_multiply_add_zero_epi6_fused_identity_o6__multiply_s0_o4__add_s1_o3__square_root_s2__reciprocal_s3__multiply_s4_o2__multiply_s5_o1__add_s6_o0__multiply_s7_o5,256,1,10,1598874088,32,0,1,6464,6506,500,12917,12084,11792,16458,9.95,5291,3833,16833,5620,1.869,8251,1787,-833
257,2218,omega_reduce_r2_o1_n2_multiply_add_zero_epi4_fused_identity_o4__multiply_s0_o3__add_s1_o2__square_root_s2__reciprocal_s3__multiply_s4_o1__multiply_s5_o0,256,1,8,800518248,32,0,1,5679,5893,-500,10917,10250,9666,10917,3.62,7958,3791,7250,4571,1.805,6459,780,-667
258,2220,omega_reduce_r4_o3_n2_multiply_add_zero,16384,256,4,796680800,0,0,1,9935,10667,-2458,13333,13750,13417,14250,1.59,18208,3875,46833,3815,1.384,9875,-60,417
259,2230,omega_reduce_r4_o3_n2_multiply_add_zero,2048,32,4,798663776,0,0,1,5905,5738,500,9709,9583,9208,9875,2.37,9208,3750,9792,3678,1.623,5833,-72,-126
260,2238,omega_reduce_r3_o2_n2_multiply_add_zero_epi4_fused_identity_o4__multiply_s0_o3__add_s1_o2__square_root_s2__reciprocal_s3__multiply_s4_o1__multiply_s5_o0,64,1,8,800510568,16,0,1,5435,5131,542,12167,11083,10875,11834,2.60,7833,3708,16625,5648,2.039,7375,1940,-1084
261,2244,omega_elementwise_twin_r3_n4_fused_multiply_o0_o1__multiply_o2_o3__add_s0_s1_fused_multiply_o0_o3__multiply_o2_o1__subtract_s0_s1,128,1,7,2131456,0,0,1,2804,2810,875,4584,4709,4334,5167,4.56,7958,3666,6250,1905,1.680,1043,-1761,125
262,2246,omega_reduce_r4_o3_n2_multiply_add_zero,2048,32,4,794895456,0,0,1,5905,5738,875,9667,9709,9292,10208,2.50,5375,3916,15500,3804,1.644,5793,-112,42
263,2253,omega_reduce_r3_o2_n2_multiply_add_zero_epi3_fused_identity_o3__multiply_s0_o2__add_s1_o1__square_root_s2__reciprocal_s3__multiply_s4_o0,64,1,7,3188744,16,0,1,4482,5018,4208,10500,10166,9583,10666,3.15,8084,3709,7000,5684,2.268,6457,1975,-334
264,2228,omega_reduce_r3_o2_n2_multiply_add_zero_epi4_fused_identity_o4__multiply_s0_o3__add_s1_o2__square_root_s2__reciprocal_s3__multiply_s4_o1__multiply_s5_o0,512,8,8,797023848,16,0,1,5423,5411,833,11500,10917,10750,13167,4.59,42250,3833,47334,5494,2.013,7084,1661,-583
265,2256,omega_elementwise_twin_r3_n4_fused_multiply_o0_o1__multiply_o2_o3__subtract_s0_s1_fused_multiply_o0_o3__multiply_o2_o1__add_s0_s1,1024,1,7,4158208,0,0,1,4571,4125,667,6125,5917,5625,9583,13.80,9208,3834,9666,1346,1.294,2083,-2488,-208
266,2292,omega_cached_attention_q1_h1_g8_d256_s3f800000_ln511_up0_x4_e1_k1_ds,17408,136,11,3632388,4128,0,1,20542,21536,1250,22125,23292,22333,28625,5.28,5541,4084,15416,2750,1.134,19208,-1334,1167
267,2292,omega_cached_attention_q1_h1_g8_d256_s3f800000_ln511_up0_x4_e1_k1_ds_merge,8192,8,3,1320448,0,0,1,5423,5393,917,7250,7334,7125,8791,4.54,11875,3625,9333,1911,1.352,3709,-1714,84
268,2294,omega_reduce_r5_o2_n2_multiply_add_zero,12288,192,4,798450272,0,0,1,9429,9560,500,12542,12958,12583,15208,4.07,5250,3875,17209,3529,1.374,9083,-346,416
269,2303,omega_reduce_r2_o1_n2_multiply_add_zero_epi5_fused_identity_o5__multiply_s0_o4__add_s1_o3__square_root_s2__reciprocal_s3__multiply_s4_o2__multiply_s5_o1__add_s6_o0,256,1,9,781621832,32,0,1,6155,6982,958,13041,12375,11625,14500,4.52,8041,3958,12167,6220,2.011,8417,2262,-666
270,2311,omega_reduce_r2_o1_n2_multiply_add_zero_epi4_fused_identity_o4__multiply_s0_o3__add_s1_o2__square_root_s2__reciprocal_s3__multiply_s4_o1__multiply_s5_o0,256,1,8,785988200,32,0,1,5679,5893,-2458,11166,10584,10125,15000,9.90,23500,3875,42167,4905,1.864,6709,1030,-582
271,2316,omega_reduce_r3_o2_n2_multiply_add_zero,49152,768,4,789333088,0,0,1,18762,19488,1125,20625,23708,23375,27833,3.96,9166,4083,9500,4946,1.264,19625,863,3083
272,2331,omega_reduce_r3_o2_n2_multiply_add_zero_epi9_fused_identity_o9__multiply_o5_o6__multiply_s1_o4__multiply_s2_o3__add_s3_o2__multiply_s4_o1__tanh_s5__add_s6_o0__multiply_o7_o8__multiply_s7_s8__multiply_s0_s9,49152,768,13,789274992,0,0,1,20744,20577,917,21917,25167,24500,29916,4.76,10208,4083,16250,4423,1.213,21084,340,3250
273,2333,omega_reduce_r3_o2_n2_multiply_add_zero,12288,192,4,794672736,0,0,1,20339,20464,1375,21333,25375,24750,29375,3.65,9375,4209,8792,5036,1.248,21166,827,4042
274,2343,omega_reduce_r2_o1_n2_multiply_add_zero_epi5_fused_identity_o5__multiply_s0_o4__add_s1_o3__square_root_s2__reciprocal_s3__multiply_s4_o2__multiply_s5_o1__add_s6_o0,256,1,9,781651528,32,0,1,6155,6982,750,12375,12291,11666,17375,9.62,11959,3917,15916,6136,1.997,8374,2219,-84
275,2359,omega_reduce_r3_o2_n2_multiply_add_zero_epi5_fused_identity_o5__identity_o0__multiply_s0_s0__multiply_s0_s2__multiply_s3_o3__add_s0_s4__multiply_s5_o2__tanh_s6__add_s7_o1__multiply_s0_o4__multiply_s8_s9__multiply_s1_s10,2048,32,9,779694960,0,0,1,5060,6333,667,10541,10708,10333,12333,3.62,7917,4083,10750,5648,2.116,6625,1565,167
276,2362,omega_reduce_r3_o2_n2_multiply_add_zero,12288,192,4,778513728,0,0,1,4857,5089,583,7917,7792,7250,9167,4.98,7958,3792,40375,2935,1.604,4000,-857,-125
277,2374,omega_reduce_r2_o1_n2_multiply_add_zero_epi6_fused_identity_o6__multiply_s0_o4__add_s1_o3__square_root_s2__reciprocal_s3__multiply_s4_o2__multiply_s5_o1__add_s6_o0__multiply_s7_o5,256,1,10,1558110632,32,0,1,6464,6506,417,12875,12041,11833,15000,5.43,5375,3917,9666,5577,1.863,8124,1660,-834
278,2395,omega_reduce_r2_o1_n2_multiply_add_zero_epi4_fused_identity_o4__multiply_s0_o3__add_s1_o2__square_root_s2__reciprocal_s3__multiply_s4_o1__multiply_s5_o0,256,1,8,780136520,32,0,1,5679,5893,500,10958,10417,10042,12250,4.11,8000,3750,16458,4738,1.834,6667,988,-541
279,2397,omega_reduce_r4_o3_n2_multiply_add_zero,16384,256,4,776299072,0,0,1,9935,10667,583,13292,13833,13208,16375,4.57,8042,4042,9166,3898,1.392,9791,-144,541
280,2407,omega_reduce_r4_o3_n2_multiply_add_zero,2048,32,4,778282048,0,0,1,5905,5738,1417,9708,9875,9375,11375,4.36,9417,3875,17542,3970,1.672,6000,95,167
281,2415,omega_reduce_r3_o2_n2_multiply_add_zero_epi4_fused_identity_o4__multiply_s0_o3__add_s1_o2__square_root_s2__reciprocal_s3__multiply_s4_o1__multiply_s5_o0,64,1,8,780128840,16,0,1,5435,5131,583,12166,11583,11042,13416,4.07,7875,3834,12125,6148,2.131,7749,2314,-583
282,2421,omega_elementwise_twin_r3_n4_fused_multiply_o0_o1__multiply_o2_o3__add_s0_s1_fused_multiply_o0_o3__multiply_o2_o1__subtract_s0_s1,128,1,7,2131456,0,0,1,2804,2810,833,4666,4667,4209,7708,14.37,24333,3750,44042,1863,1.665,917,-1887,1
283,2423,omega_reduce_r4_o3_n2_multiply_add_zero,2048,32,4,774513728,0,0,1,5905,5738,750,9667,10042,9625,12209,5.56,9291,3833,11084,4137,1.701,6209,304,375
284,2430,omega_reduce_r3_o2_n2_multiply_add_zero_epi3_fused_identity_o3__multiply_s0_o2__add_s1_o1__square_root_s2__reciprocal_s3__multiply_s4_o0,64,1,7,3188744,16,0,1,4482,5018,792,10417,10167,9708,11792,3.85,7792,3708,16833,5685,2.268,6459,1977,-250
285,2405,omega_reduce_r3_o2_n2_multiply_add_zero_epi4_fused_identity_o4__multiply_s0_o3__add_s1_o2__square_root_s2__reciprocal_s3__multiply_s4_o1__multiply_s5_o0,512,8,8,776642120,16,0,1,5423,5411,125,11750,11167,10916,13625,6.30,8084,3709,5750,5744,2.059,7458,2035,-583
286,2433,omega_elementwise_twin_r3_n4_fused_multiply_o0_o1__multiply_o2_o3__subtract_s0_s1_fused_multiply_o0_o3__multiply_o2_o1__add_s0_s1,1024,1,7,4158208,0,0,1,4571,4125,583,6167,6000,5583,7000,4.72,7958,3750,16667,1429,1.312,2250,-2321,-167
287,2469,omega_cached_attention_q1_h1_g8_d256_s3f800000_ln511_up0_x4_e1_k1_ds,17408,136,11,3632388,4128,0,1,20542,21536,833,22083,23625,22500,28375,4.75,5292,4042,12458,3083,1.150,19583,-959,1542
288,2469,omega_cached_attention_q1_h1_g8_d256_s3f800000_ln511_up0_x4_e1_k1_ds_merge,8192,8,3,1320448,0,0,1,5423,5393,875,7250,7416,7166,8917,4.87,26458,3666,41750,1993,1.368,3750,-1673,166
289,2471,omega_reduce_r5_o2_n2_multiply_add_zero,12288,192,4,778068544,0,0,1,9429,9560,417,12459,12875,12625,14959,3.78,9291,3916,9416,3446,1.366,8959,-470,416
290,2480,omega_reduce_r2_o1_n2_multiply_add_zero_epi5_fused_identity_o5__multiply_s0_o4__add_s1_o3__square_root_s2__reciprocal_s3__multiply_s4_o2__multiply_s5_o1__add_s6_o0,256,1,9,761240104,32,0,1,6155,6982,-292,12875,12250,11667,14500,4.78,5542,3917,15875,6095,1.990,8333,2178,-625
291,2488,omega_reduce_r2_o1_n2_multiply_add_zero_epi4_fused_identity_o4__multiply_s0_o3__add_s1_o2__square_root_s2__reciprocal_s3__multiply_s4_o1__multiply_s5_o0,256,1,8,765606472,32,0,1,5679,5893,958,11042,10333,9958,12208,4.24,5417,3792,10583,4654,1.820,6541,862,-709
292,2493,omega_reduce_r3_o2_n2_multiply_add_zero,49152,768,4,768951360,0,0,1,18762,19488,958,20791,23791,23375,27750,3.81,8083,4000,16958,5029,1.268,19791,1029,3000
293,2508,omega_reduce_r3_o2_n2_multiply_add_zero_epi9_fused_identity_o9__multiply_o5_o6__multiply_s1_o4__multiply_s2_o3__add_s3_o2__multiply_s4_o1__tanh_s5__add_s6_o0__multiply_o7_o8__multiply_s7_s8__multiply_s0_s9,49152,768,13,768893264,0,0,1,20744,20577,1000,21916,25375,25000,29625,4.99,11834,4291,8833,4631,1.223,21084,340,3459
294,2510,omega_reduce_r3_o2_n2_multiply_add_zero,12288,192,4,774291008,0,0,1,20339,20464,4708,21667,24875,24417,29167,3.87,9542,3875,41916,4536,1.223,21000,661,3208
295,2520,omega_reduce_r2_o1_n2_multiply_add_zero_epi5_fused_identity_o5__multiply_s0_o4__add_s1_o3__square_root_s2__reciprocal_s3__multiply_s4_o2__multiply_s5_o1__add_s6_o0,256,1,9,761269800,32,0,1,6155,6982,583,12792,12333,11708,14500,4.38,12041,3833,9458,6178,2.004,8500,2345,-459
296,2536,omega_reduce_r3_o2_n2_multiply_add_zero_epi5_fused_identity_o5__identity_o0__multiply_s0_s0__multiply_s0_s2__multiply_s3_o3__add_s0_s4__multiply_s5_o2__tanh_s6__add_s7_o1__multiply_s0_o4__multiply_s8_s9__multiply_s1_s10,2048,32,9,759313232,0,0,1,5125,6298,833,10667,10750,10084,12459,3.99,8000,4000,15875,5625,2.098,6750,1625,83
297,2539,omega_reduce_r3_o2_n2_multiply_add_zero,12288,192,4,758132000,0,0,1,4857,5089,583,8000,7875,7584,9042,3.84,8000,4000,5667,3018,1.621,3875,-982,-125
298,2551,omega_reduce_r2_o1_n2_multiply_add_zero_epi6_fused_identity_o6__multiply_s0_o4__add_s1_o3__square_root_s2__reciprocal_s3__multiply_s4_o2__multiply_s5_o1__add_s6_o0__multiply_s7_o5,256,1,10,1517313896,32,0,1,6464,6506,625,13166,12666,12250,16500,10.11,8084,3792,17125,6202,1.959,8874,2410,-500
299,2572,omega_reduce_r2_o1_n2_multiply_add_zero_epi4_fused_identity_o4__multiply_s0_o3__add_s1_o2__square_root_s2__reciprocal_s3__multiply_s4_o1__multiply_s5_o0,256,1,8,759424552,32,0,1,5679,5893,708,11000,10541,10250,12417,4.18,9541,3916,8042,4862,1.856,6625,946,-459
300,2574,omega_reduce_r4_o3_n2_multiply_add_zero,32768,512,4,753917472,0,0,1,17958,18143,0,19292,21000,20250,25417,5.70,8792,4041,51083,3042,1.169,16959,-999,1708
301,2584,omega_reduce_r4_o3_n2_multiply_add_zero,4096,64,4,757883936,0,0,1,6286,6321,875,9833,10041,9666,11542,4.00,9292,3833,10167,3755,1.597,6208,-78,208
302,2592,omega_reduce_r3_o2_n2_multiply_add_zero_epi4_fused_identity_o4__multiply_s0_o3__add_s1_o2__square_root_s2__reciprocal_s3__multiply_s4_o1__multiply_s5_o0,128,1,8,759499304,16,0,1,5607,5643,667,12000,13250,12666,15166,3.67,6000,3833,15875,7643,2.363,9417,3810,1250
303,2598,omega_elementwise_twin_r3_n4_fused_multiply_o0_o1__multiply_o2_o3__add_s0_s1_fused_multiply_o0_o3__multiply_o2_o1__subtract_s0_s1,256,1,7,2192896,0,0,1,2958,2869,583,4750,4958,4625,5542,3.92,7959,3959,6875,2000,1.676,999,-1959,208
304,2600,omega_reduce_r4_o3_n2_multiply_add_zero,4096,64,4,750353440,0,0,1,6286,6321,625,9917,10125,9584,13667,8.36,5208,3875,15917,3839,1.611,6250,-36,208
305,2607,omega_reduce_r3_o2_n2_multiply_add_zero_epi3_fused_identity_o3__multiply_s0_o2__add_s1_o1__square_root_s2__reciprocal_s3__multiply_s4_o0,128,1,7,3228680,16,0,1,4887,4905,1083,10375,11708,10834,13166,3.86,8083,3833,5458,6821,2.396,7875,2988,1333
306,2582,omega_reduce_r3_o2_n2_multiply_add_zero_epi4_fused_identity_o4__multiply_s0_o3__add_s1_o2__square_root_s2__reciprocal_s3__multiply_s4_o1__multiply_s5_o0,1024,8,8,752491048,16,0,1,5619,5625,792,11750,11166,10500,13000,5.05,36750,3833,41792,5547,1.987,7333,1714,-584
307,2610,omega_elementwise_twin_r3_n4_fused_multiply_o0_o1__multiply_o2_o3__subtract_s0_s1_fused_multiply_o0_o3__multiply_o2_o1__add_s0_s1,2048,2,7,4118784,0,0,1,4554,4768,333,6167,6125,5792,10292,14.88,9250,3833,9375,1571,1.345,2292,-2262,-42
308,2646,omega_cached_attention_q1_h1_g8_d512_s3f800000_ln9223372036854775808_up0_x4_e1_k1_ds,32768,256,11,7147268,8224,0,1,39601,40423,500,43041,49208,46208,57291,4.75,5208,4292,16250,9607,1.243,44916,5315,6167
309,2646,omega_cached_attention_q1_h1_g8_d512_s3f800000_ln9223372036854775808_up0_x4_e1_k1_ds_merge,8192,8,3,1582592,0,0,1,7726,7750,708,8958,9792,9292,13875,12.74,9375,3708,8750,2066,1.267,6084,-1642,834
310,2648,omega_reduce_r5_o2_n2_multiply_add_zero,12288,192,4,757456416,0,0,1,14857,15125,583,17417,18666,18125,22125,4.26,7917,3958,15916,3809,1.256,14708,-149,1249
311,2657,omega_reduce_r2_o1_n2_multiply_add_zero_epi5_fused_identity_o5__multiply_s0_o4__add_s1_o3__square_root_s2__reciprocal_s3__multiply_s4_o2__multiply_s5_o1__add_s6_o0,256,1,9,736810248,32,0,1,6155,6982,500,12833,12083,11416,14250,4.86,9208,3834,8875,5928,1.963,8249,2094,-750
312,2665,omega_reduce_r2_o1_n2_multiply_add_zero_epi4_fused_identity_o4__multiply_s0_o3__add_s1_o2__square_root_s2__reciprocal_s3__multiply_s4_o1__multiply_s5_o0,256,1,8,741227048,32,0,1,5679,5893,1125,11166,10583,10041,12625,5.19,5500,3792,42083,4904,1.864,6791,1112,-583
313,2670,omega_reduce_r3_o2_n2_multiply_add_zero,49152,768,4,744592672,0,0,1,18762,19488,542,20625,23542,23000,27625,3.94,8000,4000,9500,4780,1.255,19542,780,2917
314,2685,omega_reduce_r3_o2_n2_multiply_add_zero_epi9_fused_identity_o9__multiply_o5_o6__multiply_s1_o4__multiply_s2_o3__add_s3_o2__multiply_s4_o1__tanh_s5__add_s6_o0__multiply_o7_o8__multiply_s7_s8__multiply_s0_s9,49152,768,13,744534576,0,0,1,20744,20577,875,22000,25000,24417,29250,4.37,9291,4125,17167,4256,1.205,20875,131,3000
315,2687,omega_reduce_r3_o2_n2_multiply_add_zero,12288,192,4,749925920,0,0,1,20339,20464,1250,21542,24875,23833,29709,4.54,10667,3791,10292,4536,1.223,21084,745,3333
316,2697,omega_reduce_r2_o1_n2_multiply_add_zero_epi5_fused_identity_o5__multiply_s0_o4__add_s1_o3__square_root_s2__reciprocal_s3__multiply_s4_o2__multiply_s5_o1__add_s6_o0,256,1,9,736897800,32,0,1,6155,6982,1083,12625,12084,11500,14916,6.48,12000,3667,16416,5929,1.963,8417,2262,-541
317,2713,omega_reduce_r3_o2_n2_multiply_add_zero_epi5_fused_identity_o5__identity_o0__multiply_s0_s0__multiply_s0_s2__multiply_s3_o3__add_s0_s4__multiply_s5_o2__tanh_s6__add_s7_o1__multiply_s0_o4__multiply_s8_s9__multiply_s1_s10,2048,32,9,734948144,0,0,1,5077,6238,625,10583,10500,10000,12375,4.84,8041,4083,5500,5423,2.068,6417,1340,-83
318,2716,omega_reduce_r3_o2_n2_multiply_add_zero,12288,192,4,733766912,0,0,1,4857,5089,500,7875,7500,7125,8667,4.62,8084,4000,41042,2643,1.544,3500,-1357,-375
319,2728,omega_reduce_r2_o1_n2_multiply_add_zero_epi6_fused_identity_o6__multiply_s0_o4__add_s1_o3__square_root_s2__reciprocal_s3__multiply_s4_o2__multiply_s5_o1__add_s6_o0__multiply_s7_o5,256,1,10,1468617000,32,0,1,6464,6506,458,12833,12042,11583,15500,10.22,5416,3792,10208,5578,1.863,8250,1786,-791
320,2743,omega_reduce_r2_o1_n2_multiply_add_zero_epi4_fused_identity_o4__multiply_s0_o3__add_s1_o2__square_root_s2__reciprocal_s3__multiply_s4_o1__multiply_s5_o0,256,1,8,735611912,32,0,1,5679,5893,792,11208,10416,10000,12625,5.17,499666,3750,459750,4737,1.834,6666,987,-792
321,2745,omega_reduce_r4_o3_n2_multiply_add_zero,16384,256,4,731774464,0,0,1,9935,10667,875,13375,13958,13541,16666,4.53,15709,3833,15375,4023,1.405,10125,190,583
322,2753,omega_reduce_r3_o2_n2_multiply_add_zero_epi4_fused_identity_o4__multiply_s0_o3__add_s1_o2__square_root_s2__reciprocal_s3__multiply_s4_o1__multiply_s5_o0,512,8,8,732117512,16,0,1,5423,5411,458,11583,12625,12375,14625,3.94,10583,3875,23667,7202,2.328,8750,3327,1042
323,2756,omega_elementwise_twin_r3_n4_fused_multiply_o0_o1__multiply_o2_o3__subtract_s0_s1_fused_multiply_o0_o3__multiply_o2_o1__add_s0_s1,1024,1,7,4158208,0,0,1,4571,4125,292,6166,5792,5666,6917,4.57,6917,3750,10958,1221,1.267,2042,-2529,-374
324,2792,omega_cached_attention_q1_h1_g8_d256_s3f800000_ln511_up0_x4_e1_k1_ds,17408,136,11,3632388,4128,0,1,20542,21536,1000,22167,24166,23541,28792,4.54,19916,4042,19875,3624,1.176,20124,-418,1999
325,2792,omega_cached_attention_q1_h1_g8_d256_s3f800000_ln511_up0_x4_e1_k1_ds_merge,8192,8,3,1320448,0,0,1,5423,5393,750,7250,7291,7125,8834,4.87,11375,3625,10167,1868,1.345,3666,-1757,41
326,2794,omega_reduce_r5_o2_n2_multiply_add_zero,12288,192,4,733543936,0,0,1,9429,9560,1000,12458,12625,12291,14667,3.90,52833,3916,63084,3196,1.339,8709,-720,167
327,2803,omega_reduce_r2_o1_n2_multiply_add_zero_epi5_fused_identity_o5__multiply_s0_o4__add_s1_o3__square_root_s2__reciprocal_s3__multiply_s4_o2__multiply_s5_o1__add_s6_o0,256,1,9,700962280,32,0,1,6155,6982,625,12625,11625,11416,14250,5.03,10958,3625,10833,5470,1.889,8000,1845,-1000
328,2811,omega_reduce_r2_o1_n2_multiply_add_zero_epi4_fused_identity_o4__multiply_s0_o3__add_s1_o2__square_root_s2__reciprocal_s3__multiply_s4_o1__multiply_s5_o0,256,1,8,710450440,32,0,1,5679,5893,500,11083,10125,9875,14000,8.97,6291,3709,19792,4446,1.783,6416,737,-958
329,2816,omega_reduce_r3_o2_n2_multiply_add_zero,98304,1536,4,719251200,0,0,1,29423,31673,1208,33084,38583,37792,45167,4.04,6375,4708,10625,9160,1.311,33875,4452,5499
330,2831,omega_reduce_r3_o2_n2_multiply_add_zero_epi9_fused_identity_o9__multiply_o5_o6__multiply_s1_o4__multiply_s2_o3__add_s3_o2__multiply_s4_o1__tanh_s5__add_s6_o0__multiply_o7_o8__multiply_s7_s8__multiply_s0_s9,98304,1536,13,713860112,0,0,1,31720,33351,1542,35459,41250,39959,47791,3.91,9584,4792,16000,9530,1.300,36458,4738,5791
331,2833,omega_reduce_r3_o2_n2_multiply_add_zero,12288,192,4,729963008,0,0,1,33607,35726,5042,36416,42625,41416,50958,5.23,9333,3791,6250,9018,1.268,38834,5227,6209
332,2843,omega_reduce_r2_o1_n2_multiply_add_zero_epi5_fused_identity_o5__multiply_s0_o4__add_s1_o3__square_root_s2__reciprocal_s3__multiply_s4_o2__multiply_s5_o1__add_s6_o0,256,1,9,700991976,32,0,1,6155,6982,750,13000,12542,12042,15292,6.67,9208,3834,44875,6387,2.038,8708,2553,-458
333,2859,omega_reduce_r3_o2_n2_multiply_add_zero_epi5_fused_identity_o5__identity_o0__multiply_s0_s0__multiply_s0_s2__multiply_s3_o3__add_s0_s4__multiply_s5_o2__tanh_s6__add_s7_o1__multiply_s0_o4__multiply_s8_s9__multiply_s1_s10,2048,32,9,699084560,0,0,1,5083,6321,708,10459,10458,9958,11917,4.24,7875,3916,10250,5375,2.057,6542,1459,-1
334,2862,omega_reduce_r3_o2_n2_multiply_add_zero,12288,192,4,697903328,0,0,1,4857,5089,1250,7917,7708,7250,8958,4.86,7625,3750,17375,2851,1.587,3958,-899,-209
335,2874,omega_reduce_r2_o1_n2_multiply_add_zero_epi6_fused_identity_o6__multiply_s0_o4__add_s1_o3__square_root_s2__reciprocal_s3__multiply_s4_o2__multiply_s5_o1__add_s6_o0__multiply_s7_o5,256,1,10,1396889832,32,0,1,6464,6506,208,12875,12041,11750,15042,6.76,5542,3667,9083,5577,1.863,8374,1910,-834
336,2889,omega_reduce_r2_o1_n2_multiply_add_zero_epi4_fused_identity_o4__multiply_s0_o3__add_s1_o2__square_root_s2__reciprocal_s3__multiply_s4_o1__multiply_s5_o0,256,1,8,699748328,32,0,1,5679,5893,292,11250,10166,9875,12167,4.73,7958,3583,16209,4487,1.790,6583,904,-1084
337,2891,omega_reduce_r4_o3_n2_multiply_add_zero,16384,256,4,695910880,0,0,1,9935,10667,292,13291,13875,13333,16250,4.61,7958,3917,6791,3940,1.397,9958,23,584
338,2899,omega_reduce_r3_o2_n2_multiply_add_zero_epi4_fused_identity_o4__multiply_s0_o3__add_s1_o2__square_root_s2__reciprocal_s3__multiply_s4_o1__multiply_s5_o0,512,8,8,696253928,16,0,1,5423,5411,750,11667,12875,12625,14375,3.44,11958,3750,45750,7452,2.374,9125,3702,1208
339,2902,omega_elementwise_twin_r3_n4_fused_multiply_o0_o1__multiply_o2_o3__subtract_s0_s1_fused_multiply_o0_o3__multiply_o2_o1__add_s0_s1,1024,1,7,4158208,0,0,1,4571,4125,417,6125,5709,5583,6750,4.67,9416,3708,10875,1138,1.249,2001,-2570,-416
340,2938,omega_cached_attention_q1_h1_g8_d256_s3f800000_ln511_up0_x4_e1_k1_ds,17408,136,11,3632388,4128,0,1,20542,21536,833,22417,23083,22625,28416,5.16,5292,4000,17167,2541,1.124,19083,-1459,666
341,2938,omega_cached_attention_q1_h1_g8_d256_s3f800000_ln511_up0_x4_e1_k1_ds_merge,8192,8,3,1320448,0,0,1,5423,5393,792,7333,7250,7083,11333,14.94,9500,3541,9375,1827,1.337,3709,-1714,-83
342,2940,omega_reduce_r5_o2_n2_multiply_add_zero,12288,192,4,697680352,0,0,1,9429,9560,500,12459,12792,12333,15750,6.42,5250,3833,16333,3363,1.357,8959,-470,333
343,2949,omega_reduce_r2_o1_n2_multiply_add_zero_epi5_fused_identity_o5__multiply_s0_o4__add_s1_o3__square_root_s2__reciprocal_s3__multiply_s4_o2__multiply_s5_o1__add_s6_o0,256,1,9,665098696,32,0,1,6155,6982,3208,12917,11750,11583,14125,4.73,5958,3709,6417,5595,1.909,8041,1886,-1167
344,2957,omega_reduce_r2_o1_n2_multiply_add_zero_epi4_fused_identity_o4__multiply_s0_o3__add_s1_o2__square_root_s2__reciprocal_s3__multiply_s4_o1__multiply_s5_o0,256,1,8,674586856,32,0,1,5679,5893,1042,10958,10375,9792,12208,4.81,7916,3708,46541,4696,1.827,6667,988,-583
345,2962,omega_reduce_r3_o2_n2_multiply_add_zero,98304,1536,4,683387616,0,0,1,29423,31673,792,33333,38375,37209,44667,3.94,7959,4500,9333,8952,1.304,33875,4452,5042
346,2977,omega_reduce_r3_o2_n2_multiply_add_zero_epi9_fused_identity_o9__multiply_o5_o6__multiply_s1_o4__multiply_s2_o3__add_s3_o2__multiply_s4_o1__tanh_s5__add_s6_o0__multiply_o7_o8__multiply_s7_s8__multiply_s0_s9,98304,1536,13,677996528,0,0,1,31720,33351,1500,36041,41417,39625,50000,5.05,9250,4625,16500,9697,1.306,36792,5072,5376
347,2979,omega_reduce_r3_o2_n2_multiply_add_zero,12288,192,4,694099424,0,0,1,33607,35726,2708,36417,42375,41542,50167,4.63,11458,3875,10208,8768,1.261,38500,4893,5958
348,2989,omega_reduce_r2_o1_n2_multiply_add_zero_epi5_fused_identity_o5__multiply_s0_o4__add_s1_o3__square_root_s2__reciprocal_s3__multiply_s4_o2__multiply_s5_o1__add_s6_o0,256,1,9,665128392,32,0,1,6155,6982,750,13083,12250,11958,14708,4.59,9250,3709,13917,6095,1.990,8541,2386,-833
349,3005,omega_reduce_r3_o2_n2_multiply_add_zero_epi5_fused_identity_o5__identity_o0__multiply_s0_s0__multiply_s0_s2__multiply_s3_o3__add_s0_s4__multiply_s5_o2__tanh_s6__add_s7_o1__multiply_s0_o4__multiply_s8_s9__multiply_s1_s10,2048,32,9,663220976,0,0,1,4970,6381,458,10500,10292,9833,11959,4.42,7917,3875,9583,5322,2.071,6417,1447,-208
350,3008,omega_reduce_r3_o2_n2_multiply_add_zero,12288,192,4,662039744,0,0,1,4857,5089,500,7958,7667,7250,8833,4.63,8000,3917,42500,2810,1.579,3750,-1107,-291
351,3020,omega_reduce_r2_o1_n2_multiply_add_zero_epi6_fused_identity_o6__multiply_s0_o4__add_s1_o3__square_root_s2__reciprocal_s3__multiply_s4_o2__multiply_s5_o1__add_s6_o0__multiply_s7_o5,256,1,10,1325162664,32,0,1,6464,6506,250,12792,13542,13208,16042,5.47,5500,3833,10375,7078,2.095,9709,3245,750
352,3035,omega_reduce_r2_o1_n2_multiply_add_zero_epi4_fused_identity_o4__multiply_s0_o3__add_s1_o2__square_root_s2__reciprocal_s3__multiply_s4_o1__multiply_s5_o0,256,1,8,663884744,32,0,1,5679,5893,458,11000,10375,9958,12125,4.51,7875,3708,15958,4696,1.827,6667,988,-625
353,3037,omega_reduce_r4_o3_n2_multiply_add_zero,16384,256,4,660047296,0,0,1,9935,10667,-458,13292,14291,13916,18791,7.46,7917,3958,9209,4356,1.439,10333,398,999
354,3045,omega_reduce_r3_o2_n2_multiply_add_zero_epi4_fused_identity_o4__multiply_s0_o3__add_s1_o2__square_root_s2__reciprocal_s3__multiply_s4_o1__multiply_s5_o0,512,8,8,660390344,16,0,1,5423,5411,375,11792,11333,10792,12875,3.65,8125,3750,17083,5910,2.090,7583,2160,-459
355,3048,omega_elementwise_twin_r3_n4_fused_multiply_o0_o1__multiply_o2_o3__subtract_s0_s1_fused_multiply_o0_o3__multiply_o2_o1__add_s0_s1,1024,1,7,4158208,0,0,1,4571,4125,792,6167,5791,5625,6917,4.74,8000,3750,5709,1220,1.267,2041,-2530,-376
356,3084,omega_cached_attention_q1_h1_g8_d256_s3f800000_ln511_up0_x4_e1_k1_ds,17408,136,11,3632388,4128,0,1,20542,21536,667,22042,23583,23125,28583,4.77,5584,3958,41917,3041,1.148,19625,-917,1541
357,3084,omega_cached_attention_q1_h1_g8_d256_s3f800000_ln511_up0_x4_e1_k1_ds_merge,8192,8,3,1320448,0,0,1,5423,5393,625,7334,7250,7042,8666,4.40,11250,3625,9417,1827,1.337,3625,-1798,-84
358,3086,omega_reduce_r5_o2_n2_multiply_add_zero,12288,192,4,661816768,0,0,1,9429,9560,2750,12500,12584,12375,15000,4.22,5250,3916,16167,3155,1.335,8668,-761,84
359,3095,omega_reduce_r2_o1_n2_multiply_add_zero_epi5_fused_identity_o5__multiply_s0_o4__add_s1_o3__square_root_s2__reciprocal_s3__multiply_s4_o2__multiply_s5_o1__add_s6_o0,256,1,9,629235112,32,0,1,6155,6982,792,12709,11708,11542,14125,5.27,7875,3875,8208,5553,1.902,7833,1678,-1001
360,3103,omega_reduce_r2_o1_n2_multiply_add_zero_epi4_fused_identity_o4__multiply_s0_o3__add_s1_o2__square_root_s2__reciprocal_s3__multiply_s4_o1__multiply_s5_o0,256,1,8,638723272,32,0,1,5679,5893,458,11083,10416,10084,12208,4.22,7959,3833,15042,4737,1.834,6583,904,-667
361,3108,omega_reduce_r3_o2_n2_multiply_add_zero,98304,1536,4,647524032,0,0,1,29423,31673,1208,33458,38459,37084,39583,1.81,7958,4542,9500,9036,1.307,33917,4494,5001
362,3123,omega_reduce_r3_o2_n2_multiply_add_zero_epi9_fused_identity_o9__multiply_o5_o6__multiply_s1_o4__multiply_s2_o3__add_s3_o2__multiply_s4_o1__tanh_s5__add_s6_o0__multiply_o7_o8__multiply_s7_s8__multiply_s0_s9,98304,1536,13,642132944,0,0,1,31720,33351,1125,35875,41042,40208,43000,1.95,9625,4750,43708,9322,1.294,36292,4572,5167
363,3125,omega_reduce_r3_o2_n2_multiply_add_zero,12288,192,4,658235840,0,0,1,33607,35726,1458,36416,43458,42875,45084,1.15,9291,4000,9625,9851,1.293,39458,5851,7042
364,3135,omega_reduce_r2_o1_n2_multiply_add_zero_epi5_fused_identity_o5__multiply_s0_o4__add_s1_o3__square_root_s2__reciprocal_s3__multiply_s4_o2__multiply_s5_o1__add_s6_o0,256,1,9,629264808,32,0,1,6155,6982,917,12792,11917,11542,14125,4.39,9375,3792,13417,5762,1.936,8125,1970,-875
365,3151,omega_reduce_r3_o2_n2_multiply_add_zero_epi5_fused_identity_o5__identity_o0__multiply_s0_s0__multiply_s0_s2__multiply_s3_o3__add_s0_s4__multiply_s5_o2__tanh_s6__add_s7_o1__multiply_s0_o4__multiply_s8_s9__multiply_s1_s10,2048,32,9,627357392,0,0,1,5071,6262,750,10541,11041,10750,11750,2.33,7750,3875,11708,5970,2.177,7166,2095,500
366,3154,omega_reduce_r3_o2_n2_multiply_add_zero,12288,192,4,626176160,0,0,1,4857,5089,667,7917,7625,7209,8125,3.26,7917,3791,17125,2768,1.570,3834,-1023,-292
367,3166,omega_reduce_r2_o1_n2_multiply_add_zero_epi6_fused_identity_o6__multiply_s0_o4__add_s1_o3__square_root_s2__reciprocal_s3__multiply_s4_o2__multiply_s5_o1__add_s6_o0__multiply_s7_o5,256,1,10,1253435496,32,0,1,6464,6506,500,13125,13542,13250,16625,6.19,5583,3708,8917,7078,2.095,9834,3370,417
368,3181,omega_reduce_r2_o1_n2_multiply_add_zero_epi4_fused_identity_o4__multiply_s0_o3__add_s1_o2__square_root_s2__reciprocal_s3__multiply_s4_o1__multiply_s5_o0,256,1,8,628021160,32,0,1,5679,5893,458,11083,10042,9916,10542,2.09,8125,3667,41625,4363,1.768,6375,696,-1041
369,3183,omega_reduce_r4_o3_n2_multiply_add_zero,16384,256,4,624183712,0,0,1,9935,10667,458,13292,13458,13083,13792,1.69,8167,3750,9583,3523,1.355,9708,-227,166
370,3191,omega_reduce_r3_o2_n2_multiply_add_zero_epi4_fused_identity_o4__multiply_s0_o3__add_s1_o2__square_root_s2__reciprocal_s3__multiply_s4_o1__multiply_s5_o0,512,8,8,624526760,16,0,1,5423,5411,542,11834,11125,10750,11459,2.02,9250,3708,16958,5702,2.052,7417,1994,-709
371,3194,omega_elementwise_twin_r3_n4_fused_multiply_o0_o1__multiply_o2_o3__subtract_s0_s1_fused_multiply_o0_o3__multiply_o2_o1__add_s0_s1,1024,1,7,4158208,0,0,1,4571,4125,625,6125,5708,5542,5875,1.43,7917,3709,9417,1137,1.249,1999,-2572,-417
372,3230,omega_cached_attention_q1_h1_g8_d256_s3f800000_ln511_up0_x4_e1_k1_ds,17408,136,11,3632388,4128,0,1,20542,21536,1000,22125,22500,22291,22833,0.64,5166,4042,14917,1958,1.095,18458,-2084,375
373,3230,omega_cached_attention_q1_h1_g8_d256_s3f800000_ln511_up0_x4_e1_k1_ds_merge,8192,8,3,1320448,0,0,1,5423,5393,750,7042,7334,7208,7584,1.38,9292,3791,8875,1911,1.352,3543,-1880,292
374,3232,omega_reduce_r5_o2_n2_multiply_add_zero,12288,192,4,625953184,0,0,1,9429,9560,375,12500,12750,12459,13417,1.99,5209,4041,41833,3321,1.352,8709,-720,250
375,3241,omega_reduce_r2_o1_n2_multiply_add_zero_epi5_fused_identity_o5__multiply_s0_o4__add_s1_o3__square_root_s2__reciprocal_s3__multiply_s4_o2__multiply_s5_o1__add_s6_o0,256,1,9,593371528,32,0,1,6155,6982,917,12792,11792,11375,12333,2.21,5792,3792,9542,5637,1.916,8000,1845,-1000
376,3249,omega_reduce_r2_o1_n2_multiply_add_zero_epi4_fused_identity_o4__multiply_s0_o3__add_s1_o2__square_root_s2__reciprocal_s3__multiply_s4_o1__multiply_s5_o0,256,1,8,602859688,32,0,1,5679,5893,500,11209,10584,10291,10750,1.63,7958,3750,16208,4905,1.864,6834,1155,-625
377,3254,omega_reduce_r3_o2_n2_multiply_add_zero,98304,1536,4,611660448,0,0,1,29423,31673,667,33375,39000,37625,40417,1.95,7959,4792,11000,9577,1.326,34208,4785,5625
378,3269,omega_reduce_r3_o2_n2_multiply_add_zero_epi9_fused_identity_o9__multiply_o5_o6__multiply_s1_o4__multiply_s2_o3__add_s3_o2__multiply_s4_o1__tanh_s5__add_s6_o0__multiply_o7_o8__multiply_s7_s8__multiply_s0_s9,98304,1536,13,606269360,0,0,1,31720,33351,1375,35708,41292,39833,45125,2.79,9458,4750,12958,9572,1.302,36542,4822,5584
379,3271,omega_reduce_r3_o2_n2_multiply_add_zero,12288,192,4,622372256,0,0,1,33607,35726,3958,36417,42292,41291,43000,1.05,9208,3834,11333,8685,1.258,38458,4851,5875
380,3281,omega_reduce_r2_o1_n2_multiply_add_zero_epi5_fused_identity_o5__multiply_s0_o4__add_s1_o3__square_root_s2__reciprocal_s3__multiply_s4_o2__multiply_s5_o1__add_s6_o0,256,1,9,593401224,32,0,1,6155,6982,42,12666,11917,11500,12416,2.07,9333,3750,53959,5762,1.936,8167,2012,-749
381,3297,omega_reduce_r3_o2_n2_multiply_add_zero_epi5_fused_identity_o5__identity_o0__multiply_s0_s0__multiply_s0_s2__multiply_s3_o3__add_s0_s4__multiply_s5_o2__tanh_s6__add_s7_o1__multiply_s0_o4__multiply_s8_s9__multiply_s1_s10,2048,32,9,591493808,0,0,1,5083,6298,458,10459,11209,10750,15458,8.46,7875,4208,10750,6126,2.205,7001,1918,750
382,3300,omega_reduce_r3_o2_n2_multiply_add_zero,12288,192,4,590312576,0,0,1,4857,5089,-2042,7958,8458,8125,8709,2.39,7916,3791,16542,3601,1.741,4667,-190,500
383,3312,omega_reduce_r2_o1_n2_multiply_add_zero_epi6_fused_identity_o6__multiply_s0_o4__add_s1_o3__square_root_s2__reciprocal_s3__multiply_s4_o2__multiply_s5_o1__add_s6_o0__multiply_s7_o5,256,1,10,1181675048,32,0,1,6464,6506,542,13166,14166,13708,16250,3.76,9000,3708,8958,7702,2.191,10458,3994,1000
384,3327,omega_reduce_r2_o1_n2_multiply_add_zero_epi4_fused_identity_o4__multiply_s0_o3__add_s1_o2__square_root_s2__reciprocal_s3__multiply_s4_o1__multiply_s5_o0,256,1,8,592049544,32,0,1,5679,5893,958,10917,9917,9667,10417,2.01,9375,3625,17292,4238,1.746,6292,613,-1000
385,3329,omega_reduce_r4_o3_n2_multiply_add_zero,32768,512,4,586542464,0,0,1,17958,18143,83,19833,22208,21542,26041,5.45,7958,4291,12084,4250,1.237,17917,-41,2375
386,3337,omega_reduce_r3_o2_n2_multiply_add_zero_epi4_fused_identity_o4__multiply_s0_o3__add_s1_o2__square_root_s2__reciprocal_s3__multiply_s4_o1__multiply_s5_o0,1024,8,8,585116040,16,0,1,5619,5625,1958,11750,12625,12292,13083,1.88,9167,3667,42125,7006,2.247,8958,3339,875
387,3340,omega_elementwise_twin_r3_n4_fused_multiply_o0_o1__multiply_o2_o3__subtract_s0_s1_fused_multiply_o0_o3__multiply_o2_o1__add_s0_s1,2048,2,7,4118784,0,0,1,4554,4768,417,6208,5916,5750,6500,2.82,7792,3666,10583,1362,1.299,2250,-2304,-292
388,3376,omega_cached_attention_q1_h1_g8_d512_s3f800000_ln9223372036854775808_up0_x4_e1_k1_ds,32768,256,11,7147268,8224,0,1,39601,40423,1125,42459,46375,45917,51000,2.27,5125,4041,16875,6774,1.171,42334,2733,3916
389,3376,omega_cached_attention_q1_h1_g8_d512_s3f800000_ln9223372036854775808_up0_x4_e1_k1_ds_merge,8192,8,3,1582592,0,0,1,7726,7750,625,9292,9416,9250,12333,8.39,19500,3584,12000,1690,1.219,5832,-1894,124
390,3378,omega_reduce_r5_o2_n2_multiply_add_zero,12288,192,4,590081408,0,0,1,14857,15125,3250,16500,19625,19250,22667,3.67,8291,3792,15916,4768,1.321,15833,976,3125
391,3387,omega_reduce_r2_o1_n2_multiply_add_zero_epi5_fused_identity_o5__multiply_s0_o4__add_s1_o3__square_root_s2__reciprocal_s3__multiply_s4_o2__multiply_s5_o1__add_s6_o0,256,1,9,553910120,32,0,1,6155,6982,-2542,12583,11542,11375,13084,3.06,10209,3709,10417,5387,1.875,7833,1678,-1041
392,3395,omega_reduce_r2_o1_n2_multiply_add_zero_epi4_fused_identity_o4__multiply_s0_o3__add_s1_o2__square_root_s2__reciprocal_s3__multiply_s4_o1__multiply_s5_o0,256,1,8,563456136,32,0,1,5679,5893,167,11041,10167,9875,10583,1.93,8000,3625,42292,4488,1.790,6542,863,-874
393,3400,omega_reduce_r3_o2_n2_multiply_add_zero,98304,1536,4,572256896,0,0,1,29423,31673,1333,33292,37666,37291,39125,1.49,7875,4542,9709,8243,1.280,33124,3701,4374
394,3415,omega_reduce_r3_o2_n2_multiply_add_zero_epi9_fused_identity_o9__multiply_o5_o6__multiply_s1_o4__multiply_s2_o3__add_s3_o2__multiply_s4_o1__tanh_s5__add_s6_o0__multiply_o7_o8__multiply_s7_s8__multiply_s0_s9,98304,1536,13,566865808,0,0,1,31720,33351,1708,35709,41333,40750,43625,1.89,13583,4666,15750,9613,1.303,36667,4947,5624
395,3417,omega_reduce_r3_o2_n2_multiply_add_zero,12288,192,4,582968704,0,0,1,33607,35726,2625,36292,43417,42500,44625,1.28,18875,3750,12083,9810,1.292,39667,6060,7125
396,3427,omega_reduce_r2_o1_n2_multiply_add_zero_epi5_fused_identity_o5__multiply_s0_o4__add_s1_o3__square_root_s2__reciprocal_s3__multiply_s4_o2__multiply_s5_o1__add_s6_o0,256,1,9,553997672,32,0,1,6155,6982,1125,12542,12875,12375,16000,5.66,19166,3750,15917,6720,2.092,9125,2970,333
397,3443,omega_reduce_r3_o2_n2_multiply_add_zero_epi5_fused_identity_o5__identity_o0__multiply_s0_s0__multiply_s0_s2__multiply_s3_o3__add_s0_s4__multiply_s5_o2__tanh_s6__add_s7_o1__multiply_s0_o4__multiply_s8_s9__multiply_s1_s10,2048,32,9,552090256,0,0,1,5077,6274,875,10542,10709,10458,11500,2.23,9792,4042,9167,5632,2.109,6667,1590,167
398,3446,omega_reduce_r3_o2_n2_multiply_add_zero,12288,192,4,550909024,0,0,1,4857,5089,500,8000,8209,7875,8625,2.65,8500,3875,42959,3352,1.690,4334,-523,209
399,3458,omega_reduce_r2_o1_n2_multiply_add_zero_epi6_fused_identity_o6__multiply_s0_o4__add_s1_o3__square_root_s2__reciprocal_s3__multiply_s4_o2__multiply_s5_o1__add_s6_o0__multiply_s7_o5,256,1,10,1102901224,32,0,1,6464,6506,667,12791,13750,13583,16833,5.59,8958,3875,9542,7286,2.127,9875,3411,959
400,3473,omega_reduce_r2_o1_n2_multiply_add_zero_epi4_fused_identity_o4__multiply_s0_o3__add_s1_o2__square_root_s2__reciprocal_s3__multiply_s4_o1__multiply_s5_o0,256,1,8,552754024,32,0,1,5679,5893,3500,10958,9917,9833,10042,0.59,531916,3833,479458,4238,1.746,6084,405,-1041
401,3475,omega_reduce_r4_o3_n2_multiply_add_zero,16384,256,4,548916576,0,0,1,9935,10667,958,13209,13500,13125,13875,1.54,16125,3917,16125,3565,1.359,9583,-352,291
402,3483,omega_reduce_r3_o2_n2_multiply_add_zero_epi4_fused_identity_o4__multiply_s0_o3__add_s1_o2__square_root_s2__reciprocal_s3__multiply_s4_o1__multiply_s5_o0,512,8,8,549259624,16,0,1,5423,5411,1625,11833,12500,12334,13000,1.15,11041,3958,24250,7077,2.305,8542,3119,667
403,3486,omega_elementwise_twin_r3_n4_fused_multiply_o0_o1__multiply_o2_o3__subtract_s0_s1_fused_multiply_o0_o3__multiply_o2_o1__add_s0_s1,1024,1,7,4158208,0,0,1,4571,4125,583,6125,5834,5708,5959,1.24,7167,3833,11292,1263,1.276,2001,-2570,-291
404,3522,omega_cached_attention_q1_h1_g8_d256_s3f800000_ln511_up0_x4_e1_k1_ds,17408,136,11,3632388,4128,0,1,20542,21536,1042,22167,24167,23833,24458,0.70,20250,4083,20083,3625,1.176,20084,-458,2000
405,3522,omega_cached_attention_q1_h1_g8_d256_s3f800000_ln511_up0_x4_e1_k1_ds_merge,8192,8,3,1320448,0,0,1,5423,5393,1000,7125,7292,7166,7500,1.20,10792,3792,9834,1869,1.345,3500,-1923,167
406,3524,omega_reduce_r5_o2_n2_multiply_add_zero,12288,192,4,550686048,0,0,1,9429,9560,583,12333,13459,13250,13625,0.75,53042,3917,62791,4030,1.427,9542,113,1126
407,3533,omega_reduce_r2_o1_n2_multiply_add_zero_epi5_fused_identity_o5__multiply_s0_o4__add_s1_o3__square_root_s2__reciprocal_s3__multiply_s4_o2__multiply_s5_o1__add_s6_o0,256,1,9,518104392,32,0,1,6155,6982,875,12542,11542,11333,12042,1.22,10708,3875,10291,5387,1.875,7667,1512,-1000
408,3541,omega_reduce_r2_o1_n2_multiply_add_zero_epi4_fused_identity_o4__multiply_s0_o3__add_s1_o2__square_root_s2__reciprocal_s3__multiply_s4_o1__multiply_s5_o0,256,1,8,527592552,32,0,1,5679,5893,500,11166,10500,10333,11000,1.36,6541,3708,18666,4821,1.849,6792,1113,-666
409,3546,omega_reduce_r3_o2_n2_multiply_add_zero,98304,1536,4,536393312,0,0,1,29423,31673,-625,33125,38041,37208,39333,1.70,6084,4666,10125,8618,1.293,33375,3952,4916
410,3561,omega_reduce_r3_o2_n2_multiply_add_zero_epi9_fused_identity_o9__multiply_o5_o6__multiply_s1_o4__multiply_s2_o3__add_s3_o2__multiply_s4_o1__tanh_s5__add_s6_o0__multiply_o7_o8__multiply_s7_s8__multiply_s0_s9,98304,1536,13,531002224,0,0,1,31720,33351,2083,35416,42084,40750,43625,1.85,9375,4792,17166,10364,1.327,37292,5572,6668
411,3563,omega_reduce_r3_o2_n2_multiply_add_zero,12288,192,4,547105120,0,0,1,33607,35726,3958,36250,42750,41625,44167,1.55,9292,3917,9541,9143,1.272,38833,5226,6500
412,3573,omega_reduce_r2_o1_n2_multiply_add_zero_epi5_fused_identity_o5__multiply_s0_o4__add_s1_o3__square_root_s2__reciprocal_s3__multiply_s4_o2__multiply_s5_o1__add_s6_o0,256,1,9,518134088,32,0,1,6155,6982,583,12375,12416,12084,13333,2.26,9750,3708,45875,6261,2.017,8708,2553,41
413,3589,omega_reduce_r3_o2_n2_multiply_add_zero_epi5_fused_identity_o5__identity_o0__multiply_s0_s0__multiply_s0_s2__multiply_s3_o3__add_s0_s4__multiply_s5_o2__tanh_s6__add_s7_o1__multiply_s0_o4__multiply_s8_s9__multiply_s1_s10,2048,32,9,516226672,0,0,1,5071,6304,667,10000,11209,10750,11834,2.77,6666,4041,10250,6138,2.210,7168,2097,1209
414,3592,omega_reduce_r3_o2_n2_multiply_add_zero,12288,192,4,515045440,0,0,1,4857,5089,667,7500,8333,7958,8792,2.43,5667,3875,17583,3476,1.716,4458,-399,833
415,3604,omega_reduce_r2_o1_n2_multiply_add_zero_epi6_fused_identity_o6__multiply_s0_o4__add_s1_o3__square_root_s2__reciprocal_s3__multiply_s4_o2__multiply_s5_o1__add_s6_o0__multiply_s7_o5,256,1,10,1031174056,32,0,1,6464,6506,625,12167,12042,11833,12584,1.96,7875,3833,7042,5578,1.863,8209,1745,-125
416,3619,omega_reduce_r2_o1_n2_multiply_add_zero_epi4_fused_identity_o4__multiply_s0_o3__add_s1_o2__square_root_s2__reciprocal_s3__multiply_s4_o1__multiply_s5_o0,256,1,8,516890440,32,0,1,5679,5893,667,10333,10334,9958,10584,2.36,8042,3709,16167,4655,1.820,6625,946,1
417,3621,omega_reduce_r4_o3_n2_multiply_add_zero,16384,256,4,513052992,0,0,1,9935,10667,667,12792,14708,14291,15417,2.20,7959,3875,6375,4773,1.480,10833,898,1916
418,3629,omega_reduce_r3_o2_n2_multiply_add_zero_epi4_fused_identity_o4__multiply_s0_o3__add_s1_o2__square_root_s2__reciprocal_s3__multiply_s4_o1__multiply_s5_o0,512,8,8,513396040,16,0,1,5423,5411,42,10958,12125,11792,12708,1.92,8125,3750,46042,6702,2.236,8375,2952,1167
419,3632,omega_elementwise_twin_r3_n4_fused_multiply_o0_o1__multiply_o2_o3__subtract_s0_s1_fused_multiply_o0_o3__multiply_o2_o1__add_s0_s1,1024,1,7,4158208,0,0,1,4571,4125,500,5916,6000,5667,6417,3.48,8000,3709,10334,1429,1.312,2291,-2280,84
420,3668,omega_cached_attention_q1_h1_g8_d256_s3f800000_ln511_up0_x4_e1_k1_ds,17408,136,11,3632388,4128,0,1,20542,21536,1375,22000,23542,23167,27334,3.80,5208,3875,17708,3000,1.146,19667,-875,1542
421,3668,omega_cached_attention_q1_h1_g8_d256_s3f800000_ln511_up0_x4_e1_k1_ds_merge,8192,8,3,1320448,0,0,1,5423,5393,667,7042,7333,7208,7709,1.89,9333,3542,9291,1910,1.352,3791,-1632,291
422,3670,omega_reduce_r5_o2_n2_multiply_add_zero,12288,192,4,514822464,0,0,1,9429,9560,792,11875,13459,13125,16042,4.38,5791,3791,15750,4030,1.427,9668,239,1584
423,3679,omega_reduce_r2_o1_n2_multiply_add_zero_epi5_fused_identity_o5__multiply_s0_o4__add_s1_o3__square_root_s2__reciprocal_s3__multiply_s4_o2__multiply_s5_o1__add_s6_o0,256,1,9,482240808,32,0,1,6155,6982,458,12083,11625,11375,12125,1.45,7042,3750,6167,5470,1.889,7875,1720,-458
424,3687,omega_reduce_r2_o1_n2_multiply_add_zero_epi4_fused_identity_o4__multiply_s0_o3__add_s1_o2__square_root_s2__reciprocal_s3__multiply_s4_o1__multiply_s5_o0,256,1,8,491728968,32,0,1,5679,5893,1208,10500,10083,9917,10459,2.15,7916,3667,46750,4404,1.776,6416,737,-417
425,3692,omega_reduce_r3_o2_n2_multiply_add_zero,98304,1536,4,500529728,0,0,1,29423,31673,1875,33250,38500,37583,39625,1.41,7917,4625,9500,9077,1.309,33875,4452,5250
426,3707,omega_reduce_r3_o2_n2_multiply_add_zero_epi9_fused_identity_o9__multiply_o5_o6__multiply_s1_o4__multiply_s2_o3__add_s3_o2__multiply_s4_o1__tanh_s5__add_s6_o0__multiply_o7_o8__multiply_s7_s8__multiply_s0_s9,98304,1536,13,495138640,0,0,1,31720,33351,2833,35791,41667,40750,45750,3.03,9791,4750,16542,9947,1.314,36917,5197,5876
427,3709,omega_reduce_r3_o2_n2_multiply_add_zero,12288,192,4,511241536,0,0,1,33607,35726,3750,36208,43625,42417,44542,1.26,9250,3792,12208,10018,1.298,39833,6226,7417
428,3719,omega_reduce_r2_o1_n2_multiply_add_zero_epi5_fused_identity_o5__multiply_s0_o4__add_s1_o3__square_root_s2__reciprocal_s3__multiply_s4_o2__multiply_s5_o1__add_s6_o0,256,1,9,482270504,32,0,1,6155,6982,2542,12083,11959,11625,12458,1.97,9458,3709,15458,5804,1.943,8250,2095,-124
429,3735,omega_reduce_r3_o2_n2_multiply_add_zero_epi5_fused_identity_o5__identity_o0__multiply_s0_s0__multiply_s0_s2__multiply_s3_o3__add_s0_s4__multiply_s5_o2__tanh_s6__add_s7_o1__multiply_s0_o4__multiply_s8_s9__multiply_s1_s10,2048,32,9,480363088,0,0,1,5071,6292,417,9958,11125,10666,11792,3.21,8000,3792,9167,6054,2.194,7333,2262,1167
430,3738,omega_reduce_r3_o2_n2_multiply_add_zero,12288,192,4,479181856,0,0,1,4857,5089,709,7500,7417,7167,8250,3.56,7875,3708,43167,2560,1.527,3709,-1148,-83
431,3750,omega_reduce_r2_o1_n2_multiply_add_zero_epi6_fused_identity_o6__multiply_s0_o4__add_s1_o3__square_root_s2__reciprocal_s3__multiply_s4_o2__multiply_s5_o1__add_s6_o0__multiply_s7_o5,256,1,10,959446888,32,0,1,6464,6506,750,12417,12125,11916,15667,6.37,5375,3583,9542,5661,1.876,8542,2078,-292
432,3765,omega_reduce_r2_o1_n2_multiply_add_zero_epi4_fused_identity_o4__multiply_s0_o3__add_s1_o2__square_root_s2__reciprocal_s3__multiply_s4_o1__multiply_s5_o0,256,1,8,481026856,32,0,1,5679,5893,417,12375,9917,9833,10458,1.94,7917,3417,15958,4238,1.746,6500,821,-2458
433,3767,omega_reduce_r4_o3_n2_multiply_add_zero,16384,256,4,477189408,0,0,1,9935,10667,375,12709,14709,14458,15333,1.65,8209,3667,10375,4774,1.481,11042,1107,2000
434,3775,omega_reduce_r3_o2_n2_multiply_add_zero_epi4_fused_identity_o4__multiply_s0_o3__add_s1_o2__square_root_s2__reciprocal_s3__multiply_s4_o1__multiply_s5_o0,512,8,8,477532456,16,0,1,5423,5411,250,13167,11542,11167,12084,2.04,10417,3500,17750,6119,2.128,8042,2619,-1625
435,3778,omega_elementwise_twin_r3_n4_fused_multiply_o0_o1__multiply_o2_o3__subtract_s0_s1_fused_multiply_o0_o3__multiply_o2_o1__add_s0_s1,1024,1,7,4158208,0,0,1,4571,4125,417,5958,5791,5625,6000,2.04,7875,3666,10167,1220,1.267,2125,-2446,-167
436,3814,omega_cached_attention_q1_h1_g8_d256_s3f800000_ln511_up0_x4_e1_k1_ds,17408,136,11,3632388,4128,0,1,20542,21536,1000,22000,23542,23209,23958,0.80,5292,3875,42542,3000,1.146,19667,-875,1542
437,3814,omega_cached_attention_q1_h1_g8_d256_s3f800000_ln511_up0_x4_e1_k1_ds_merge,8192,8,3,1320448,0,0,1,5423,5393,958,7042,7250,7084,7750,2.37,9208,3500,9417,1827,1.337,3750,-1673,208
438,3816,omega_reduce_r5_o2_n2_multiply_add_zero,12288,192,4,478958880,0,0,1,9429,9560,875,11917,12541,12292,16291,6.54,5125,4000,16750,3112,1.330,8541,-888,624
439,3825,omega_reduce_r2_o1_n2_multiply_add_zero_epi5_fused_identity_o5__multiply_s0_o4__add_s1_o3__square_root_s2__reciprocal_s3__multiply_s4_o2__multiply_s5_o1__add_s6_o0,256,1,9,446377224,32,0,1,6155,6982,917,12042,11792,11417,12375,1.99,7834,3791,11875,5637,1.916,8001,1846,-250
440,3833,omega_reduce_r2_o1_n2_multiply_add_zero_epi4_fused_identity_o4__multiply_s0_o3__add_s1_o2__square_root_s2__reciprocal_s3__multiply_s4_o1__multiply_s5_o0,256,1,8,455865384,32,0,1,5679,5893,1917,10375,10084,9833,10583,2.16,7917,3625,16250,4405,1.776,6459,780,-291
441,3838,omega_reduce_r3_o2_n2_multiply_add_zero,98304,1536,4,464666144,0,0,1,29423,31673,3833,33125,38167,37209,39125,1.68,7917,4583,9541,8744,1.297,33584,4161,5042
442,3853,omega_reduce_r3_o2_n2_multiply_add_zero_epi9_fused_identity_o9__multiply_o5_o6__multiply_s1_o4__multiply_s2_o3__add_s3_o2__multiply_s4_o1__tanh_s5__add_s6_o0__multiply_o7_o8__multiply_s7_s8__multiply_s0_s9,98304,1536,13,459275056,0,0,1,31720,33351,2333,35584,41792,39834,42833,1.73,9292,4667,43334,10072,1.318,37125,5405,6208
443,3855,omega_reduce_r3_o2_n2_multiply_add_zero,12288,192,4,475377952,0,0,1,33607,35726,3292,36333,42500,41291,43208,1.23,9334,3875,9459,8893,1.265,38625,5018,6167
444,3865,omega_reduce_r2_o1_n2_multiply_add_zero_epi5_fused_identity_o5__multiply_s0_o4__add_s1_o3__square_root_s2__reciprocal_s3__multiply_s4_o2__multiply_s5_o1__add_s6_o0,256,1,9,446406920,32,0,1,6155,6982,2458,12209,13916,13667,14542,2.06,9208,3833,17084,7761,2.261,10083,3928,1707
445,3881,omega_reduce_r3_o2_n2_multiply_add_zero_epi5_fused_identity_o5__identity_o0__multiply_s0_s0__multiply_s0_s2__multiply_s3_o3__add_s0_s4__multiply_s5_o2__tanh_s6__add_s7_o1__multiply_s0_o4__multiply_s8_s9__multiply_s1_s10,2048,32,9,444499504,0,0,1,5089,6357,667,10000,11000,10709,11417,1.86,7583,4000,9917,5911,2.161,7000,1911,1000
446,3884,omega_reduce_r3_o2_n2_multiply_add_zero,12288,192,4,443318272,0,0,1,4857,5089,625,7542,7583,7250,8000,3.07,7875,3958,16541,2726,1.561,3625,-1232,41
447,3896,omega_reduce_r2_o1_n2_multiply_add_zero_epi6_fused_identity_o6__multiply_s0_o4__add_s1_o3__square_root_s2__reciprocal_s3__multiply_s4_o2__multiply_s5_o1__add_s6_o0__multiply_s7_o5,256,1,10,887719720,32,0,1,6464,6506,333,12458,13625,13500,14333,1.81,5333,3750,5750,7161,2.108,9875,3411,1167
448,3911,omega_reduce_r2_o1_n2_multiply_add_zero_epi4_fused_identity_o4__multiply_s0_o3__add_s1_o2__square_root_s2__reciprocal_s3__multiply_s4_o1__multiply_s5_o0,256,1,8,445163272,32,0,1,5679,5893,500,10542,9958,9750,10500,2.23,7958,3625,42167,4279,1.754,6333,654,-584
449,3913,omega_reduce_r4_o3_n2_multiply_add_zero,16384,256,4,441325824,0,0,1,9935,10667,708,12791,13459,13041,13916,1.86,8000,3708,10584,3524,1.355,9751,-184,668
450,3921,omega_reduce_r3_o2_n2_multiply_add_zero_epi4_fused_identity_o4__multiply_s0_o3__add_s1_o2__square_root_s2__reciprocal_s3__multiply_s4_o1__multiply_s5_o0,512,8,8,441668872,16,0,1,5423,5411,417,11208,11084,10625,11500,2.14,12000,3708,17041,5661,2.044,7376,1953,-124
451,3924,omega_elementwise_twin_r3_n4_fused_multiply_o0_o1__multiply_o2_o3__subtract_s0_s1_fused_multiply_o0_o3__multiply_o2_o1__add_s0_s1,1024,1,7,4158208,0,0,1,4571,4125,333,5875,5792,5500,6042,2.16,8000,3708,12125,1221,1.267,2084,-2487,-83
452,3960,omega_cached_attention_q1_h1_g8_d256_s3f800000_ln511_up0_x4_e1_k1_ds,17408,136,11,3632388,4128,0,1,20542,21536,3000,21959,22417,22125,22875,0.88,5208,3916,17000,1875,1.091,18501,-2041,458
453,3960,omega_cached_attention_q1_h1_g8_d256_s3f800000_ln511_up0_x4_e1_k1_ds_merge,8192,8,3,1320448,0,0,1,5423,5393,875,6959,7167,7042,9833,8.18,9208,3750,12250,1744,1.322,3417,-2006,208
454,3962,omega_reduce_r5_o2_n2_multiply_add_zero,12288,192,4,443095296,0,0,1,9429,9560,583,11917,12750,12416,16250,7.52,7833,3792,42125,3321,1.352,8958,-471,833
455,3971,omega_reduce_r2_o1_n2_multiply_add_zero_epi5_fused_identity_o5__multiply_s0_o4__add_s1_o3__square_root_s2__reciprocal_s3__multiply_s4_o2__multiply_s5_o1__add_s6_o0,256,1,9,410513640,32,0,1,6155,6982,1042,12042,11709,11375,12250,2.04,7875,3875,9541,5554,1.902,7834,1679,-333
456,3979,omega_reduce_r2_o1_n2_multiply_add_zero_epi4_fused_identity_o4__multiply_s0_o3__add_s1_o2__square_root_s2__reciprocal_s3__multiply_s4_o1__multiply_s5_o0,256,1,8,420001800,32,0,1,5679,5893,625,10458,10167,9833,13333,6.93,8000,3667,16375,4488,1.790,6500,821,-291
457,3984,omega_reduce_r3_o2_n2_multiply_add_zero,98304,1536,4,428802560,0,0,1,29423,31673,-500,33042,38375,37500,39125,1.16,7958,4708,9250,8952,1.304,33667,4244,5333
458,3999,omega_reduce_r3_o2_n2_multiply_add_zero_epi9_fused_identity_o9__multiply_o5_o6__multiply_s1_o4__multiply_s2_o3__add_s3_o2__multiply_s4_o1__tanh_s5__add_s6_o0__multiply_o7_o8__multiply_s7_s8__multiply_s0_s9,98304,1536,13,423411472,0,0,1,31720,33351,2583,35417,41709,40500,46084,3.30,9708,4792,15958,9989,1.315,36917,5197,6292
459,4001,omega_reduce_r3_o2_n2_multiply_add_zero,12288,192,4,439514368,0,0,1,33607,35726,42,36250,42584,41625,43750,1.60,11958,3958,8125,8977,1.267,38626,5019,6334
460,4011,omega_reduce_r2_o1_n2_multiply_add_zero_epi5_fused_identity_o5__multiply_s0_o4__add_s1_o3__square_root_s2__reciprocal_s3__multiply_s4_o2__multiply_s5_o1__add_s6_o0,256,1,9,410543336,32,0,1,6155,6982,1333,11750,11875,11625,12209,1.29,9250,3750,52667,5720,1.929,8125,1970,125
461,4027,omega_reduce_r3_o2_n2_multiply_add_zero_epi5_fused_identity_o5__identity_o0__multiply_s0_s0__multiply_s0_s2__multiply_s3_o3__add_s0_s4__multiply_s5_o2__tanh_s6__add_s7_o1__multiply_s0_o4__multiply_s8_s9__multiply_s1_s10,2048,32,9,408635920,0,0,1,5083,6280,1000,10000,11167,10875,11833,2.50,7625,3917,11667,6084,2.197,7250,2167,1167
462,4030,omega_reduce_r3_o2_n2_multiply_add_zero,12288,192,4,407454688,0,0,1,4857,5089,792,7583,7542,7375,10333,8.07,7875,4000,16625,2685,1.553,3542,-1315,-41
463,4042,omega_reduce_r2_o1_n2_multiply_add_zero_epi6_fused_identity_o6__multiply_s0_o4__add_s1_o3__square_root_s2__reciprocal_s3__multiply_s4_o2__multiply_s5_o1__add_s6_o0__multiply_s7_o5,256,1,10,815959272,32,0,1,6464,6506,708,12250,12666,12375,16084,6.02,5292,3834,12167,6202,1.959,8832,2368,416
464,4057,omega_reduce_r2_o1_n2_multiply_add_zero_epi4_fused_identity_o4__multiply_s0_o3__add_s1_o2__square_root_s2__reciprocal_s3__multiply_s4_o1__multiply_s5_o0,256,1,8,409191656,32,0,1,5679,5893,833,10375,10167,9833,10875,2.50,7959,3750,16459,4488,1.790,6417,738,-208
465,4059,omega_reduce_r4_o3_n2_multiply_add_zero,32768,512,4,403684576,0,0,1,17958,18143,542,19166,20667,20250,21250,1.47,8042,4042,5625,2709,1.151,16625,-1333,1501
466,4067,omega_reduce_r3_o2_n2_multiply_add_zero_epi4_fused_identity_o4__multiply_s0_o3__add_s1_o2__square_root_s2__reciprocal_s3__multiply_s4_o1__multiply_s5_o0,1024,8,8,402258152,16,0,1,5619,5625,2875,11042,12583,12375,12958,1.37,9292,3875,42417,6964,2.239,8708,3089,1541
467,4070,omega_elementwise_twin_r3_n4_fused_multiply_o0_o1__multiply_o2_o3__subtract_s0_s1_fused_multiply_o0_o3__multiply_o2_o1__add_s0_s1,2048,2,7,4118784,0,0,1,4554,4768,542,6084,6000,5833,6416,2.14,7792,4041,9584,1446,1.318,1959,-2595,-84
468,4106,omega_cached_attention_q1_h1_g8_d512_s3f800000_ln9223372036854775808_up0_x4_e1_k1_ds,32768,256,11,7147268,8224,0,1,39601,40423,417,42584,46709,46041,50208,1.78,5334,4250,16666,7108,1.179,42459,2858,4125
469,4106,omega_cached_attention_q1_h1_g8_d512_s3f800000_ln9223372036854775808_up0_x4_e1_k1_ds_merge,8192,8,3,1582592,0,0,1,7726,7750,1125,9167,9500,9250,13708,9.64,9542,3791,9292,1774,1.230,5709,-2017,333
470,4108,omega_reduce_r5_o2_n2_multiply_add_zero,12288,192,4,407223520,0,0,1,14857,15125,625,16375,19417,19042,90250,66.62,7875,3917,14000,4560,1.307,15500,643,3042
471,4117,omega_reduce_r2_o1_n2_multiply_add_zero_epi5_fused_identity_o5__multiply_s0_o4__add_s1_o3__square_root_s2__reciprocal_s3__multiply_s4_o2__multiply_s5_o1__add_s6_o0,256,1,9,371052232,32,0,1,6155,6982,458,12167,11875,11541,12166,1.53,9208,3750,8875,5720,1.929,8125,1970,-292
472,4125,omega_reduce_r2_o1_n2_multiply_add_zero_epi4_fused_identity_o4__multiply_s0_o3__add_s1_o2__square_root_s2__reciprocal_s3__multiply_s4_o1__multiply_s5_o0,256,1,8,380598248,32,0,1,5679,5893,583,10334,10125,9834,10625,2.30,8000,3667,42125,4446,1.783,6458,779,-209
473,4130,omega_reduce_r3_o2_n2_multiply_add_zero,98304,1536,4,389399008,0,0,1,29423,31673,833,33042,38417,37375,39459,1.60,8167,4750,10750,8994,1.306,33667,4244,5375
474,4145,omega_reduce_r3_o2_n2_multiply_add_zero_epi9_fused_identity_o9__multiply_o5_o6__multiply_s1_o4__multiply_s2_o3__add_s3_o2__multiply_s4_o1__tanh_s5__add_s6_o0__multiply_o7_o8__multiply_s7_s8__multiply_s0_s9,98304,1536,13,384007920,0,0,1,31720,33351,3167,35500,41375,40416,43875,2.55,15208,4875,15834,9655,1.304,36500,4780,5875
475,4147,omega_reduce_r3_o2_n2_multiply_add_zero,12288,192,4,400110816,0,0,1,33607,35726,1750,36209,42209,41375,45500,2.55,18375,4000,12166,8602,1.256,38209,4602,6000
476,4157,omega_reduce_r2_o1_n2_multiply_add_zero_epi5_fused_identity_o5__multiply_s0_o4__add_s1_o3__square_root_s2__reciprocal_s3__multiply_s4_o2__multiply_s5_o1__add_s6_o0,256,1,9,371139784,32,0,1,6155,6982,-125,12167,13792,13500,17958,6.60,19875,3750,13333,7637,2.241,10042,3887,1625
477,4173,omega_reduce_r3_o2_n2_multiply_add_zero_epi5_fused_identity_o5__identity_o0__multiply_s0_s0__multiply_s0_s2__multiply_s3_o3__add_s0_s4__multiply_s5_o2__tanh_s6__add_s7_o1__multiply_s0_o4__multiply_s8_s9__multiply_s1_s10,2048,32,9,369232368,0,0,1,5077,6381,292,10083,11166,10708,11875,2.30,8416,4000,9083,6089,2.199,7166,2089,1083
478,4176,omega_reduce_r3_o2_n2_multiply_add_zero,12288,192,4,368051136,0,0,1,4857,5089,1000,7458,7458,7292,7834,2.56,8291,3792,43167,2601,1.535,3666,-1191,0
479,4188,omega_reduce_r2_o1_n2_multiply_add_zero_epi6_fused_identity_o6__multiply_s0_o4__add_s1_o3__square_root_s2__reciprocal_s3__multiply_s4_o2__multiply_s5_o1__add_s6_o0__multiply_s7_o5,256,1,10,737185448,32,0,1,6464,6506,500,12292,13791,13458,16750,8.13,7875,3750,9834,7327,2.133,10041,3577,1499
480,4203,omega_reduce_r2_o1_n2_multiply_add_zero_epi4_fused_identity_o4__multiply_s0_o3__add_s1_o2__square_root_s2__reciprocal_s3__multiply_s4_o1__multiply_s5_o0,256,1,8,369896136,32,0,1,5679,5893,667,10375,10041,9916,10125,0.57,492417,3750,460917,4362,1.768,6291,612,-334
481,4205,omega_reduce_r4_o3_n2_multiply_add_zero,16384,256,4,366058688,0,0,1,9935,10667,667,12791,13458,13167,14125,1.70,16333,3792,16208,3523,1.355,9666,-269,667
482,4213,omega_reduce_r3_o2_n2_multiply_add_zero_epi4_fused_identity_o4__multiply_s0_o3__add_s1_o2__square_root_s2__reciprocal_s3__multiply_s4_o1__multiply_s5_o0,512,8,8,366401736,16,0,1,5423,5411,3167,11209,12500,12250,12917,1.28,11667,3792,24208,7077,2.305,8708,3285,1291
483,4216,omega_elementwise_twin_r3_n4_fused_multiply_o0_o1__multiply_o2_o3__subtract_s0_s1_fused_multiply_o0_o3__multiply_o2_o1__add_s0_s1,1024,1,7,4158208,0,0,1,4571,4125,458,5875,5708,5583,5959,1.64,7000,3750,10458,1137,1.249,1958,-2613,-167
484,4252,omega_cached_attention_q1_h1_g8_d256_s3f800000_ln511_up0_x4_e1_k1_ds,17408,136,11,3632388,4128,0,1,20542,21536,1167,21917,24041,23666,24458,0.84,20791,4125,20708,3499,1.170,19916,-626,2124
485,4252,omega_cached_attention_q1_h1_g8_d256_s3f800000_ln511_up0_x4_e1_k1_ds_merge,8192,8,3,1320448,0,0,1,5423,5393,750,7083,7291,7167,7500,1.23,10708,3625,10250,1868,1.345,3666,-1757,208
486,4254,omega_reduce_r5_o2_n2_multiply_add_zero,12288,192,4,367828160,0,0,1,9429,9560,625,11958,12666,12417,17459,8.15,54125,3792,62792,3237,1.343,8874,-555,708
487,4263,omega_reduce_r2_o1_n2_multiply_add_zero_epi5_fused_identity_o5__multiply_s0_o4__add_s1_o3__square_root_s2__reciprocal_s3__multiply_s4_o2__multiply_s5_o1__add_s6_o0,256,1,9,335246504,32,0,1,6155,6982,-2375,12250,12000,11708,12542,1.67,10541,3750,10542,5845,1.950,8250,2095,-250
488,4271,omega_reduce_r2_o1_n2_multiply_add_zero_epi4_fused_identity_o4__multiply_s0_o3__add_s1_o2__square_root_s2__reciprocal_s3__multiply_s4_o1__multiply_s5_o0,256,1,8,344734664,32,0,1,5679,5893,500,10500,10208,10042,10292,0.69,6166,3708,19250,4529,1.798,6500,821,-292
489,4276,omega_reduce_r3_o2_n2_multiply_add_zero,98304,1536,4,353535424,0,0,1,29423,31673,1958,33084,38375,37375,39333,1.71,6083,4667,9500,8952,1.304,33708,4285,5291
490,4291,omega_reduce_r3_o2_n2_multiply_add_zero_epi9_fused_identity_o9__multiply_o5_o6__multiply_s1_o4__multiply_s2_o3__add_s3_o2__multiply_s4_o1__tanh_s5__add_s6_o0__multiply_o7_o8__multiply_s7_s8__multiply_s0_s9,98304,1536,13,348144336,0,0,1,31720,33351,4500,35500,42000,39958,44625,3.00,9583,4750,16542,10280,1.324,37250,5530,6500
491,4293,omega_reduce_r3_o2_n2_multiply_add_zero,12288,192,4,364247232,0,0,1,33607,35726,2417,36166,42750,41917,44334,1.26,9166,3916,10500,9143,1.272,38834,5227,6584
492,4303,omega_reduce_r2_o1_n2_multiply_add_zero_epi5_fused_identity_o5__multiply_s0_o4__add_s1_o3__square_root_s2__reciprocal_s3__multiply_s4_o2__multiply_s5_o1__add_s6_o0,256,1,9,335276200,32,0,1,6155,6982,500,12292,12208,12000,12625,1.24,9375,3875,45875,6053,1.984,8333,2178,-84
493,4319,omega_reduce_r3_o2_n2_multiply_add_zero_epi5_fused_identity_o5__identity_o0__multiply_s0_s0__multiply_s0_s2__multiply_s3_o3__add_s0_s4__multiply_s5_o2__tanh_s6__add_s7_o1__multiply_s0_o4__multiply_s8_s9__multiply_s1_s10,2048,32,9,333368784,0,0,1,5054,6375,875,10041,10792,10417,11583,2.44,7917,3875,10042,5738,2.136,6917,1863,751
494,4322,omega_reduce_r3_o2_n2_multiply_add_zero,12288,192,4,332187552,0,0,1,4857,5089,542,7500,8375,8041,8834,2.92,7916,3875,18041,3518,1.724,4500,-357,875
495,4334,omega_reduce_r2_o1_n2_multiply_add_zero_epi6_fused_identity_o6__multiply_s0_o4__add_s1_o3__square_root_s2__reciprocal_s3__multiply_s4_o2__multiply_s5_o1__add_s6_o0__multiply_s7_o5,256,1,10,665458280,32,0,1,6464,6506,-417,12416,12167,11708,14958,5.41,8125,3791,9666,5703,1.882,8376,1912,-249
496,4349,omega_reduce_r2_o1_n2_multiply_add_zero_epi4_fused_identity_o4__multiply_s0_o3__add_s1_o2__square_root_s2__reciprocal_s3__multiply_s4_o1__multiply_s5_o0,256,1,8,334032552,32,0,1,5679,5893,667,10541,10125,10000,10750,2.26,8000,3750,17250,4446,1.783,6375,696,-416
497,4351,omega_reduce_r4_o3_n2_multiply_add_zero,16384,256,4,330195104,0,0,1,9935,10667,792,12709,14833,14334,15167,1.56,8000,3875,8834,4898,1.493,10958,1023,2124
498,4359,omega_reduce_r3_o2_n2_multiply_add_zero_epi4_fused_identity_o4__multiply_s0_o3__add_s1_o2__square_root_s2__reciprocal_s3__multiply_s4_o1__multiply_s5_o0,512,8,8,330538152,16,0,1,5423,5411,250,11250,12292,11750,12542,2.12,12000,3875,46500,6869,2.267,8417,2994,1042
499,4362,omega_elementwise_twin_r3_n4_fused_multiply_o0_o1__multiply_o2_o3__subtract_s0_s1_fused_multiply_o0_o3__multiply_o2_o1__add_s0_s1,1024,1,7,4158208,0,0,1,4571,4125,500,5917,5916,5667,6791,5.04,7875,3750,10292,1345,1.294,2166,-2405,-1
500,4398,omega_cached_attention_q1_h1_g8_d256_s3f800000_ln511_up0_x4_e1_k1_ds,17408,136,11,3632388,4128,0,1,20542,21536,4292,22125,23625,23250,24208,1.06,5250,3833,17667,3083,1.150,19792,-750,1500
501,4398,omega_cached_attention_q1_h1_g8_d256_s3f800000_ln511_up0_x4_e1_k1_ds_merge,8192,8,3,1320448,0,0,1,5423,5393,1000,7042,7250,7083,7834,2.72,9250,3542,9250,1827,1.337,3708,-1715,208
502,4400,omega_reduce_r5_o2_n2_multiply_add_zero,12288,192,4,331964576,0,0,1,9429,9560,1083,12000,13666,13417,14375,1.71,7709,3791,16209,4237,1.449,9875,446,1666
503,4409,omega_reduce_r2_o1_n2_multiply_add_zero_epi5_fused_identity_o5__multiply_s0_o4__add_s1_o3__square_root_s2__reciprocal_s3__multiply_s4_o2__multiply_s5_o1__add_s6_o0,256,1,9,299382920,32,0,1,6155,6982,375,12292,11708,11417,12167,2.00,7917,3792,5667,5553,1.902,7916,1761,-584
504,4417,omega_reduce_r2_o1_n2_multiply_add_zero_epi4_fused_identity_o4__multiply_s0_o3__add_s1_o2__square_root_s2__reciprocal_s3__multiply_s4_o1__multiply_s5_o0,256,1,8,308871080,32,0,1,5679,5893,458,10416,10292,9958,10667,1.99,7875,3625,46083,4613,1.812,6667,988,-124
505,4422,omega_reduce_r3_o2_n2_multiply_add_zero,98304,1536,4,317671840,0,0,1,29423,31673,375,33250,37916,37250,39708,2.00,7917,4583,9458,8493,1.289,33333,3910,4666
506,4437,omega_reduce_r3_o2_n2_multiply_add_zero_epi9_fused_identity_o9__multiply_o5_o6__multiply_s1_o4__multiply_s2_o3__add_s3_o2__multiply_s4_o1__tanh_s5__add_s6_o0__multiply_o7_o8__multiply_s7_s8__multiply_s0_s9,98304,1536,13,312280752,0,0,1,31720,33351,2458,35750,40958,40250,43417,2.31,11750,4833,15334,9238,1.291,36125,4405,5208
507,4439,omega_reduce_r3_o2_n2_multiply_add_zero,12288,192,4,328383648,0,0,1,33607,35726,1708,36208,42167,41666,43125,0.95,9750,3791,10000,8560,1.255,38376,4769,5959
508,4449,omega_reduce_r2_o1_n2_multiply_add_zero_epi5_fused_identity_o5__multiply_s0_o4__add_s1_o3__square_root_s2__reciprocal_s3__multiply_s4_o2__multiply_s5_o1__add_s6_o0,256,1,9,299412616,32,0,1,6155,6982,667,12167,11958,11542,12792,3.08,9292,3709,15333,5803,1.943,8249,2094,-209
509,4465,omega_reduce_r3_o2_n2_multiply_add_zero_epi5_fused_identity_o5__identity_o0__multiply_s0_s0__multiply_s0_s2__multiply_s3_o3__add_s0_s4__multiply_s5_o2__tanh_s6__add_s7_o1__multiply_s0_o4__multiply_s8_s9__multiply_s1_s10,2048,32,9,297505200,0,0,1,5101,6286,542,10000,11042,10625,11500,1.98,7375,3875,9292,5941,2.165,7167,2066,1042
510,4468,omega_reduce_r3_o2_n2_multiply_add_zero,12288,192,4,296323968,0,0,1,4857,5089,792,7500,7334,7166,7875,3.41,7250,3750,45625,2477,1.510,3584,-1273,-166
511,4480,omega_reduce_r2_o1_n2_multiply_add_zero_epi6_fused_identity_o6__multiply_s0_o4__add_s1_o3__square_root_s2__reciprocal_s3__multiply_s4_o2__multiply_s5_o1__add_s6_o0__multiply_s7_o5,256,1,10,593731112,32,0,1,6464,6506,458,12250,12125,11875,15167,5.56,7833,3667,9416,5661,1.876,8458,1994,-125
512,4495,omega_reduce_r2_o1_n2_multiply_add_zero_epi4_fused_identity_o4__multiply_s0_o3__add_s1_o2__square_root_s2__reciprocal_s3__multiply_s4_o1__multiply_s5_o0,256,1,8,298168968,32,0,1,5679,5893,3917,10459,10458,9958,10666,1.90,7917,3750,16917,4779,1.842,6708,1029,-1
513,4497,omega_reduce_r4_o3_n2_multiply_add_zero,16384,256,4,294331520,0,0,1,9935,10667,750,12750,14791,14208,15333,2.45,7959,3875,9459,4856,1.489,10916,981,2041
514,4505,omega_reduce_r3_o2_n2_multiply_add_zero_epi4_fused_identity_o4__multiply_s0_o3__add_s1_o2__square_root_s2__reciprocal_s3__multiply_s4_o1__multiply_s5_o0,512,8,8,294674568,16,0,1,5423,5411,208,11333,12042,11667,12416,1.65,11500,3709,16459,6619,2.221,8333,2910,709
515,4508,omega_elementwise_twin_r3_n4_fused_multiply_o0_o1__multiply_o2_o3__subtract_s0_s1_fused_multiply_o0_o3__multiply_o2_o1__add_s0_s1,1024,1,7,4158208,0,0,1,4571,4125,458,5916,5958,5750,6291,2.67,8000,3709,8209,1387,1.303,2249,-2322,42
516,4544,omega_cached_attention_q1_h1_g8_d256_s3f800000_ln511_up0_x4_e1_k1_ds,17408,136,11,3632388,4128,0,1,20542,21536,1167,21958,23875,23334,28333,5.29,5459,4042,42667,3333,1.162,19833,-709,1917
517,4544,omega_cached_attention_q1_h1_g8_d256_s3f800000_ln511_up0_x4_e1_k1_ds_merge,8192,8,3,1320448,0,0,1,5423,5393,1167,7084,7375,7167,8000,3.60,9125,3667,9458,1952,1.360,3708,-1715,291
518,4546,omega_reduce_r5_o2_n2_multiply_add_zero,12288,192,4,296100992,0,0,1,9429,9560,1000,11958,12583,12291,12792,0.93,5459,4083,15833,3154,1.335,8500,-929,625
519,4555,omega_reduce_r2_o1_n2_multiply_add_zero_epi5_fused_identity_o5__multiply_s0_o4__add_s1_o3__square_root_s2__reciprocal_s3__multiply_s4_o2__multiply_s5_o1__add_s6_o0,256,1,9,263519336,32,0,1,6155,6982,1208,12125,11917,11666,12583,2.20,7833,4041,8250,5762,1.936,7876,1721,-208
520,4563,omega_reduce_r2_o1_n2_multiply_add_zero_epi4_fused_identity_o4__multiply_s0_o3__add_s1_o2__square_root_s2__reciprocal_s3__multiply_s4_o1__multiply_s5_o0,256,1,8,273007496,32,0,1,5679,5893,2458,10583,10625,10208,11084,2.22,7916,3708,13709,4946,1.871,6917,1238,42
521,4568,omega_reduce_r3_o2_n2_multiply_add_zero,98304,1536,4,281808256,0,0,1,29423,31673,875,33208,38792,37625,39583,1.57,7875,4792,5542,9369,1.318,34000,4577,5584
522,4583,omega_reduce_r3_o2_n2_multiply_add_zero_epi9_fused_identity_o9__multiply_o5_o6__multiply_s1_o4__multiply_s2_o3__add_s3_o2__multiply_s4_o1__tanh_s5__add_s6_o0__multiply_o7_o8__multiply_s7_s8__multiply_s0_s9,98304,1536,13,276417168,0,0,1,31720,33351,2083,35667,41666,40541,43583,1.57,9417,4833,44333,9946,1.314,36833,5113,5999
523,4585,omega_reduce_r3_o2_n2_multiply_add_zero,12288,192,4,292520064,0,0,1,33607,35726,2958,36083,42666,42000,43709,1.00,11292,3958,9459,9059,1.270,38708,5101,6583
524,4595,omega_reduce_r2_o1_n2_multiply_add_zero_epi5_fused_identity_o5__multiply_s0_o4__add_s1_o3__square_root_s2__reciprocal_s3__multiply_s4_o2__multiply_s5_o1__add_s6_o0,256,1,9,263549032,32,0,1,6155,6982,833,12167,12083,11708,12250,1.50,9375,3791,17167,5928,1.963,8292,2137,-84
525,4611,omega_reduce_r3_o2_n2_multiply_add_zero_epi5_fused_identity_o5__identity_o0__multiply_s0_s0__multiply_s0_s2__multiply_s3_o3__add_s0_s4__multiply_s5_o2__tanh_s6__add_s7_o1__multiply_s0_o4__multiply_s8_s9__multiply_s1_s10,2048,32,9,261641616,0,0,1,4982,6321,1542,10000,11042,10583,12000,3.48,7792,4000,10166,6060,2.216,7042,2060,1042
526,4614,omega_reduce_r3_o2_n2_multiply_add_zero,12288,192,4,260460384,0,0,1,4857,5089,583,7542,7958,7667,8333,2.59,7958,3875,16459,3101,1.638,4083,-774,416
527,4626,omega_reduce_r2_o1_n2_multiply_add_zero_epi6_fused_identity_o6__multiply_s0_o4__add_s1_o3__square_root_s2__reciprocal_s3__multiply_s4_o2__multiply_s5_o1__add_s6_o0__multiply_s7_o5,256,1,10,522003944,32,0,1,6464,6506,500,12167,13708,13208,16125,4.54,8042,3916,5625,7244,2.121,9792,3328,1541
528,4641,omega_reduce_r2_o1_n2_multiply_add_zero_epi4_fused_identity_o4__multiply_s0_o3__add_s1_o2__square_root_s2__reciprocal_s3__multiply_s4_o1__multiply_s5_o0,256,1,8,262305384,32,0,1,5679,5893,875,10416,10042,9750,10500,2.34,8500,3625,42208,4363,1.768,6417,738,-374
529,4643,omega_reduce_r4_o3_n2_multiply_add_zero,16384,256,4,258467936,0,0,1,9935,10667,667,12708,13625,12958,14041,2.18,8084,3875,10667,3690,1.371,9750,-185,917
530,4651,omega_reduce_r3_o2_n2_multiply_add_zero_epi4_fused_identity_o4__multiply_s0_o3__add_s1_o2__square_root_s2__reciprocal_s3__multiply_s4_o1__multiply_s5_o0,512,8,8,258810984,16,0,1,5423,5411,292,11250,12708,12250,14625,4.00,9375,3791,17041,7285,2.344,8917,3494,1458
531,4654,omega_elementwise_twin_r3_n4_fused_multiply_o0_o1__multiply_o2_o3__subtract_s0_s1_fused_multiply_o0_o3__multiply_o2_o1__add_s0_s1,1024,1,7,4158208,0,0,1,4571,4125,542,5833,5875,5542,6000,2.22,8000,3958,9166,1304,1.285,1917,-2654,42
532,4690,omega_cached_attention_q1_h1_g8_d256_s3f800000_ln511_up0_x4_e1_k1_ds,17408,136,11,3632388,4128,0,1,20542,21536,1000,22000,22500,21958,23083,1.10,5292,4125,16417,1958,1.095,18375,-2167,500
533,4690,omega_cached_attention_q1_h1_g8_d256_s3f800000_ln511_up0_x4_e1_k1_ds_merge,8192,8,3,1320448,0,0,1,5423,5393,875,7083,7417,7041,9792,7.34,11833,3625,8125,1994,1.368,3792,-1631,334
534,4692,omega_reduce_r5_o2_n2_multiply_add_zero,12288,192,4,260237408,0,0,1,9429,9560,542,12000,13583,13333,16708,7.19,5250,3792,42333,4154,1.441,9791,362,1583
535,4701,omega_reduce_r2_o1_n2_multiply_add_zero_epi5_fused_identity_o5__multiply_s0_o4__add_s1_o3__square_root_s2__reciprocal_s3__multiply_s4_o2__multiply_s5_o1__add_s6_o0,256,1,9,227655752,32,0,1,6155,6982,1125,12083,11791,11541,12250,1.82,8000,3792,9417,5636,1.916,7999,1844,-292
536,4709,omega_reduce_r2_o1_n2_multiply_add_zero_epi4_fused_identity_o4__multiply_s0_o3__add_s1_o2__square_root_s2__reciprocal_s3__multiply_s4_o1__multiply_s5_o0,256,1,8,237143912,32,0,1,5679,5893,708,10375,10291,10000,10625,2.18,7958,3709,17375,4612,1.812,6582,903,-84
537,4714,omega_reduce_r3_o2_n2_multiply_add_zero,98304,1536,4,245944672,0,0,1,29423,31673,1625,33125,38875,37167,39667,2.17,7875,4667,11500,9452,1.321,34208,4785,5750
538,4729,omega_reduce_r3_o2_n2_multiply_add_zero_epi9_fused_identity_o9__multiply_o5_o6__multiply_s1_o4__multiply_s2_o3__add_s3_o2__multiply_s4_o1__tanh_s5__add_s6_o0__multiply_o7_o8__multiply_s7_s8__multiply_s0_s9,98304,1536,13,240553584,0,0,1,31720,33351,1458,35500,41375,40791,43625,1.97,9167,4792,16500,9655,1.304,36583,4863,5875
539,4731,omega_reduce_r3_o2_n2_multiply_add_zero,12288,192,4,256656480,0,0,1,33607,35726,2583,36166,43250,42292,44333,1.32,12000,4125,12375,9643,1.287,39125,5518,7084
540,4741,omega_reduce_r2_o1_n2_multiply_add_zero_epi5_fused_identity_o5__multiply_s0_o4__add_s1_o3__square_root_s2__reciprocal_s3__multiply_s4_o2__multiply_s5_o1__add_s6_o0,256,1,9,227685448,32,0,1,6155,6982,375,12416,12333,11959,13000,2.29,9458,3833,53583,6178,2.004,8500,2345,-83
541,4757,omega_reduce_r3_o2_n2_multiply_add_zero_epi5_fused_identity_o5__identity_o0__multiply_s0_s0__multiply_s0_s2__multiply_s3_o3__add_s0_s4__multiply_s5_o2__tanh_s6__add_s7_o1__multiply_s0_o4__multiply_s8_s9__multiply_s1_s10,2048,32,9,225778032,0,0,1,5071,6375,958,10000,10459,10000,11083,2.99,7917,4166,9917,5388,2.062,6293,1222,459
542,4760,omega_reduce_r3_o2_n2_multiply_add_zero,12288,192,4,224596800,0,0,1,4857,5089,250,7541,8459,8209,8625,1.39,7959,4083,17500,3602,1.742,4376,-481,918
543,4772,omega_reduce_r2_o1_n2_multiply_add_zero_epi6_fused_identity_o6__multiply_s0_o4__add_s1_o3__square_root_s2__reciprocal_s3__multiply_s4_o2__multiply_s5_o1__add_s6_o0__multiply_s7_o5,256,1,10,450243496,32,0,1,6464,6506,833,12375,12583,12375,14833,3.96,9000,3750,10583,6119,1.947,8833,2369,208
544,4787,omega_reduce_r2_o1_n2_multiply_add_zero_epi4_fused_identity_o4__multiply_s0_o3__add_s1_o2__square_root_s2__reciprocal_s3__multiply_s4_o1__multiply_s5_o0,256,1,8,226333768,32,0,1,5679,5893,708,10250,10333,9958,10875,2.59,8000,3791,16833,4654,1.820,6542,863,83
545,4789,omega_reduce_r4_o3_n2_multiply_add_zero,32768,512,4,220826688,0,0,1,17958,18143,0,19209,20792,20250,21625,1.83,8083,4084,5458,2834,1.158,16708,-1250,1583
546,4797,omega_reduce_r3_o2_n2_multiply_add_zero_epi4_fused_identity_o4__multiply_s0_o3__add_s1_o2__square_root_s2__reciprocal_s3__multiply_s4_o1__multiply_s5_o0,1024,8,8,219400264,16,0,1,5619,5625,1125,11125,12917,12542,13583,1.95,10583,3750,42709,7298,2.299,9167,3548,1792
547,4800,omega_elementwise_twin_r3_n4_fused_multiply_o0_o1__multiply_o2_o3__subtract_s0_s1_fused_multiply_o0_o3__multiply_o2_o1__add_s0_s1,2048,2,7,4118784,0,0,1,4554,4768,708,6083,6041,5833,6333,2.53,8208,4041,9500,1487,1.327,2000,-2554,-42
548,4836,omega_cached_attention_q1_h1_g8_d512_s3f800000_ln9223372036854775808_up0_x4_e1_k1_ds,32768,256,11,7147268,8224,0,1,39601,40423,500,42584,46958,45959,50000,2.13,5416,4375,16375,7357,1.186,42583,2982,4374
549,4836,omega_cached_attention_q1_h1_g8_d512_s3f800000_ln9223372036854775808_up0_x4_e1_k1_ds_merge,8192,8,3,1582592,0,0,1,7726,7750,292,9084,9583,9375,9958,1.87,12959,3625,8667,1857,1.240,5958,-1768,499
550,4838,omega_reduce_r5_o2_n2_multiply_add_zero,12288,192,4,224365632,0,0,1,14857,15125,958,16334,19417,19166,19916,1.21,8292,4083,16458,4560,1.307,15334,477,3083
551,4847,omega_reduce_r2_o1_n2_multiply_add_zero_epi5_fused_identity_o5__multiply_s0_o4__add_s1_o3__square_root_s2__reciprocal_s3__multiply_s4_o2__multiply_s5_o1__add_s6_o0,256,1,9,188194344,32,0,1,6155,6982,292,12292,11750,11541,14500,5.37,9291,3792,11500,5595,1.909,7958,1803,-542
552,4855,omega_reduce_r2_o1_n2_multiply_add_zero_epi4_fused_identity_o4__multiply_s0_o3__add_s1_o2__square_root_s2__reciprocal_s3__multiply_s4_o1__multiply_s5_o0,256,1,8,197740360,32,0,1,5679,5893,792,10625,10459,10083,10792,2.09,7958,3708,42541,4780,1.842,6751,1072,-166
553,4860,omega_reduce_r3_o2_n2_multiply_add_zero,98304,1536,4,206541120,0,0,1,29423,31673,625,33083,38708,37458,39792,1.52,8042,4708,11000,9285,1.316,34000,4577,5625
554,4875,omega_reduce_r3_o2_n2_multiply_add_zero_epi9_fused_identity_o9__multiply_o5_o6__multiply_s1_o4__multiply_s2_o3__add_s3_o2__multiply_s4_o1__tanh_s5__add_s6_o0__multiply_o7_o8__multiply_s7_s8__multiply_s0_s9,98304,1536,13,201150032,0,0,1,31720,33351,2625,35500,41916,40708,46625,3.40,13583,4750,16125,10196,1.321,37166,5446,6416
555,4877,omega_reduce_r3_o2_n2_multiply_add_zero,12288,192,4,217252928,0,0,1,33607,35726,5125,36166,43166,41917,45292,1.60,19583,4000,10500,9559,1.284,39166,5559,7000
556,4887,omega_reduce_r2_o1_n2_multiply_add_zero_epi5_fused_identity_o5__multiply_s0_o4__add_s1_o3__square_root_s2__reciprocal_s3__multiply_s4_o2__multiply_s5_o1__add_s6_o0,256,1,9,188281896,32,0,1,6155,6982,417,12166,11875,11625,12042,1.00,19208,3708,15250,5720,1.929,8167,2012,-291
557,4903,omega_reduce_r3_o2_n2_multiply_add_zero_epi5_fused_identity_o5__identity_o0__multiply_s0_s0__multiply_s0_s2__multiply_s3_o3__add_s0_s4__multiply_s5_o2__tanh_s6__add_s7_o1__multiply_s0_o4__multiply_s8_s9__multiply_s1_s10,2048,32,9,186374480,0,0,1,5083,6274,542,9958,10250,10000,10542,1.49,10125,4125,9333,5167,2.016,6125,1042,292
558,4906,omega_reduce_r3_o2_n2_multiply_add_zero,12288,192,4,185193248,0,0,1,4857,5089,750,7583,8375,7958,9167,3.13,8250,3709,44292,3518,1.724,4666,-191,792
559,4918,omega_reduce_r2_o1_n2_multiply_add_zero_epi6_fused_identity_o6__multiply_s0_o4__add_s1_o3__square_root_s2__reciprocal_s3__multiply_s4_o2__multiply_s5_o1__add_s6_o0__multiply_s7_o5,256,1,10,371469672,32,0,1,6464,6506,417,12208,13709,13459,16375,6.01,8333,3750,12167,7245,2.121,9959,3495,1501
560,4933,omega_reduce_r2_o1_n2_multiply_add_zero_epi4_fused_identity_o4__multiply_s0_o3__add_s1_o2__square_root_s2__reciprocal_s3__multiply_s4_o1__multiply_s5_o0,256,1,8,187038248,32,0,1,5679,5893,750,10375,9959,9875,10209,0.87,515291,3750,483166,4280,1.754,6209,530,-416
561,4935,omega_reduce_r4_o3_n2_multiply_add_zero,16384,256,4,183200800,0,0,1,9935,10667,750,12750,13458,13292,13625,0.56,14333,4000,15542,3523,1.355,9458,-477,708
562,4943,omega_reduce_r3_o2_n2_multiply_add_zero_epi4_fused_identity_o4__multiply_s0_o3__add_s1_o2__square_root_s2__reciprocal_s3__multiply_s4_o1__multiply_s5_o0,512,8,8,183543848,16,0,1,5423,5411,333,11209,12542,12250,12667,0.76,11541,3833,24084,7119,2.313,8709,3286,1333
563,4946,omega_elementwise_twin_r3_n4_fused_multiply_o0_o1__multiply_o2_o3__subtract_s0_s1_fused_multiply_o0_o3__multiply_o2_o1__add_s0_s1,1024,1,7,4158208,0,0,1,4571,4125,375,5917,5833,5708,5917,1.03,7167,3792,11458,1262,1.276,2041,-2530,-84
564,4982,omega_cached_attention_q1_h1_g8_d256_s3f800000_ln511_up0_x4_e1_k1_ds,17408,136,11,3632388,4128,0,1,20542,21536,1250,21875,23917,23291,24375,1.12,20042,4000,20458,3375,1.164,19917,-625,2042
565,4982,omega_cached_attention_q1_h1_g8_d256_s3f800000_ln511_up0_x4_e1_k1_ds_merge,8192,8,3,1320448,0,0,1,5423,5393,750,6917,7333,7167,7625,1.71,10083,3750,9958,1910,1.352,3583,-1840,416
566,4984,omega_reduce_r5_o2_n2_multiply_add_zero,12288,192,4,184970272,0,0,1,9429,9560,958,11958,13542,13167,17875,7.04,53542,3959,63583,4113,1.436,9583,154,1584
567,4993,omega_reduce_r2_o1_n2_multiply_add_zero_epi5_fused_identity_o5__multiply_s0_o4__add_s1_o3__square_root_s2__reciprocal_s3__multiply_s4_o2__multiply_s5_o1__add_s6_o0,256,1,9,152388616,32,0,1,6155,6982,875,12083,11708,11417,12166,1.35,7333,3792,10334,5553,1.902,7916,1761,-375
568,5001,omega_reduce_r2_o1_n2_multiply_add_zero_epi4_fused_identity_o4__multiply_s0_o3__add_s1_o2__square_root_s2__reciprocal_s3__multiply_s4_o1__multiply_s5_o0,256,1,8,161876776,32,0,1,5679,5893,583,12500,10167,10000,10459,0.95,6459,3667,19334,4488,1.790,6500,821,-2333
569,5006,omega_reduce_r3_o2_n2_multiply_add_zero,98304,1536,4,170677536,0,0,1,29423,31673,1125,33084,38292,37333,39084,1.36,6291,4750,10083,8869,1.301,33542,4119,5208
570,5021,omega_reduce_r3_o2_n2_multiply_add_zero_epi9_fused_identity_o9__multiply_o5_o6__multiply_s1_o4__multiply_s2_o3__add_s3_o2__multiply_s4_o1__tanh_s5__add_s6_o0__multiply_o7_o8__multiply_s7_s8__multiply_s0_s9,98304,1536,13,165286448,0,0,1,31720,33351,1500,45791,41625,40958,44916,2.69,9542,4709,15834,9905,1.312,36916,5196,-4166
571,5023,omega_reduce_r3_o2_n2_multiply_add_zero,12288,192,4,181389344,0,0,1,33607,35726,2833,36083,43333,42500,45167,1.78,9958,3917,6334,9726,1.289,39416,5809,7250
572,5033,omega_reduce_r2_o1_n2_multiply_add_zero_epi5_fused_identity_o5__multiply_s0_o4__add_s1_o3__square_root_s2__reciprocal_s3__multiply_s4_o2__multiply_s5_o1__add_s6_o0,256,1,9,152418312,32,0,1,6155,6982,458,12209,14000,13708,14292,1.30,9458,3834,46292,7845,2.275,10166,4011,1791
573,5049,omega_reduce_r3_o2_n2_multiply_add_zero_epi5_fused_identity_o5__identity_o0__multiply_s0_s0__multiply_s0_s2__multiply_s3_o3__add_s0_s4__multiply_s5_o2__tanh_s6__add_s7_o1__multiply_s0_o4__multiply_s8_s9__multiply_s1_s10,2048,32,9,150510896,0,0,1,5077,6315,-2542,9958,10958,10666,11500,2.18,5375,4083,10167,5881,2.158,6875,1798,1000
574,5052,omega_reduce_r3_o2_n2_multiply_add_zero,12288,192,4,149329664,0,0,1,4857,5089,292,7500,7667,7416,8000,2.18,5542,3958,17333,2810,1.579,3709,-1148,167
575,5064,omega_reduce_r2_o1_n2_multiply_add_zero_epi6_fused_identity_o6__multiply_s0_o4__add_s1_o3__square_root_s2__reciprocal_s3__multiply_s4_o2__multiply_s5_o1__add_s6_o0__multiply_s7_o5,256,1,10,299742504,32,0,1,6464,6506,875,12333,13792,13583,14125,1.12,5375,3750,7167,7328,2.134,10042,3578,1459
576,5079,omega_reduce_r2_o1_n2_multiply_add_zero_epi4_fused_identity_o4__multiply_s0_o3__add_s1_o2__square_root_s2__reciprocal_s3__multiply_s4_o1__multiply_s5_o0,256,1,8,151174664,32,0,1,5679,5893,417,10500,11375,11083,11750,1.46,7917,3500,15417,5696,2.003,7875,2196,875
577,5081,omega_reduce_r4_o3_n2_multiply_add_zero,16384,256,4,147337216,0,0,1,9935,10667,792,12792,14542,13917,15292,2.44,8083,3792,6375,4607,1.464,10750,815,1750
578,5089,omega_reduce_r3_o2_n2_multiply_add_zero_epi4_fused_identity_o4__multiply_s0_o3__add_s1_o2__square_root_s2__reciprocal_s3__multiply_s4_o1__multiply_s5_o0,512,8,8,147680264,16,0,1,5423,5411,2125,11208,11833,11625,12375,2.12,9333,3667,47167,6410,2.182,8166,2743,625
579,5092,omega_elementwise_twin_r3_n4_fused_multiply_o0_o1__multiply_o2_o3__subtract_s0_s1_fused_multiply_o0_o3__multiply_o2_o1__add_s0_s1,1024,1,7,4158208,0,0,1,4571,4125,417,5833,5750,5500,5917,1.73,7833,3791,10625,1179,1.258,1959,-2612,-83
580,5128,omega_cached_attention_q1_h1_g8_d256_s3f800000_ln511_up0_x4_e1_k1_ds,17408,136,11,3632388,4128,0,1,20542,21536,875,22125,23333,23041,24125,1.27,5250,3875,17459,2791,1.136,19458,-1084,1208
581,5128,omega_cached_attention_q1_h1_g8_d256_s3f800000_ln511_up0_x4_e1_k1_ds_merge,8192,8,3,1320448,0,0,1,5423,5393,958,7083,7292,7083,7667,2.53,9292,3583,9333,1869,1.345,3709,-1714,209
582,5130,omega_reduce_r5_o2_n2_multiply_add_zero,12288,192,4,149106688,0,0,1,9429,9560,1250,11959,12917,12583,13334,1.70,5417,3750,16291,3488,1.370,9167,-262,958
583,5139,omega_reduce_r2_o1_n2_multiply_add_zero_epi5_fused_identity_o5__multiply_s0_o4__add_s1_o3__square_root_s2__reciprocal_s3__multiply_s4_o2__multiply_s5_o1__add_s6_o0,256,1,9,116525032,32,0,1,6155,6982,917,12125,11875,11583,12417,1.87,8000,3709,6250,5720,1.929,8166,2011,-250
584,5147,omega_reduce_r2_o1_n2_multiply_add_zero_epi4_fused_identity_o4__multiply_s0_o3__add_s1_o2__square_root_s2__reciprocal_s3__multiply_s4_o1__multiply_s5_o0,256,1,8,126013192,32,0,1,5679,5893,1083,10500,10500,9958,10709,2.41,7958,3625,46458,4821,1.849,6875,1196,0
585,5152,omega_reduce_r3_o2_n2_multiply_add_zero,98304,1536,4,134813952,0,0,1,29423,31673,708,33209,38375,37375,40042,1.93,8000,4541,9458,8952,1.304,33834,4411,5166
586,5167,omega_reduce_r3_o2_n2_multiply_add_zero_epi9_fused_identity_o9__multiply_o5_o6__multiply_s1_o4__multiply_s2_o3__add_s3_o2__multiply_s4_o1__tanh_s5__add_s6_o0__multiply_o7_o8__multiply_s7_s8__multiply_s0_s9,98304,1536,13,129422864,0,0,1,31720,33351,1458,35875,41750,39209,42250,2.33,9375,4541,16791,10030,1.316,37209,5489,5875
587,5169,omega_reduce_r3_o2_n2_multiply_add_zero,12288,192,4,145525760,0,0,1,33607,35726,1542,36125,42167,40875,43208,1.22,11958,3791,11500,8560,1.255,38376,4769,6042
588,5179,omega_reduce_r2_o1_n2_multiply_add_zero_epi5_fused_identity_o5__multiply_s0_o4__add_s1_o3__square_root_s2__reciprocal_s3__multiply_s4_o2__multiply_s5_o1__add_s6_o0,256,1,9,116554728,32,0,1,6155,6982,667,12208,13792,13500,14584,1.68,9583,3750,14417,7637,2.241,10042,3887,1584
589,5195,omega_reduce_r3_o2_n2_multiply_add_zero_epi5_fused_identity_o5__identity_o0__multiply_s0_s0__multiply_s0_s2__multiply_s3_o3__add_s0_s4__multiply_s5_o2__tanh_s6__add_s7_o1__multiply_s0_o4__multiply_s8_s9__multiply_s1_s10,2048,32,9,114647312,0,0,1,5048,6315,792,10000,11166,10625,13667,6.99,6833,4083,10125,6118,2.212,7083,2035,1166
590,5198,omega_reduce_r3_o2_n2_multiply_add_zero,12288,192,4,113466080,0,0,1,4857,5089,625,7541,7750,7416,8292,3.37,7917,4042,42833,2893,1.596,3708,-1149,209
591,5210,omega_reduce_r2_o1_n2_multiply_add_zero_epi6_fused_identity_o6__multiply_s0_o4__add_s1_o3__square_root_s2__reciprocal_s3__multiply_s4_o2__multiply_s5_o1__add_s6_o0__multiply_s7_o5,256,1,10,228015336,32,0,1,6464,6506,167,12334,13209,12917,17334,8.08,5333,3750,10625,6745,2.043,9459,2995,875
592,5225,omega_reduce_r2_o1_n2_multiply_add_zero_epi4_fused_identity_o4__multiply_s0_o3__add_s1_o2__square_root_s2__reciprocal_s3__multiply_s4_o1__multiply_s5_o0,256,1,8,115311080,32,0,1,5679,5893,500,10500,10583,10125,11167,2.58,8000,3792,17291,4904,1.864,6791,1112,83
593,5227,omega_reduce_r4_o3_n2_multiply_add_zero,16384,256,4,111473632,0,0,1,9935,10667,542,12791,13792,13250,14042,1.65,8000,4042,11666,3857,1.388,9750,-185,1001
594,5235,omega_reduce_r3_o2_n2_multiply_add_zero_epi4_fused_identity_o4__multiply_s0_o3__add_s1_o2__square_root_s2__reciprocal_s3__multiply_s4_o1__multiply_s5_o0,512,8,8,111816680,16,0,1,5423,5411,1875,11250,11375,10875,13875,5.42,9500,3917,16125,5952,2.098,7458,2035,125
595,5238,omega_elementwise_twin_r3_n4_fused_multiply_o0_o1__multiply_o2_o3__subtract_s0_s1_fused_multiply_o0_o3__multiply_o2_o1__add_s0_s1,1024,1,7,4158208,0,0,1,4571,4125,458,5875,5917,5667,6292,3.53,8334,3834,6334,1346,1.294,2083,-2488,42
596,5274,omega_cached_attention_q1_h1_g8_d256_s3f800000_ln511_up0_x4_e1_k1_ds,17408,136,11,3632388,4128,0,1,20542,21536,792,22041,22625,22208,24667,2.18,5250,4041,40708,2083,1.101,18584,-1958,584
597,5274,omega_cached_attention_q1_h1_g8_d256_s3f800000_ln511_up0_x4_e1_k1_ds_merge,8192,8,3,1320448,0,0,1,5423,5393,667,7083,7458,7291,11417,11.26,9500,3792,9958,2035,1.375,3666,-1757,375
598,5276,omega_reduce_r5_o2_n2_multiply_add_zero,12288,192,4,113243104,0,0,1,9429,9560,667,12000,13666,13458,18500,10.14,5250,4000,16542,4237,1.449,9666,237,1666
599,5285,omega_reduce_r2_o1_n2_multiply_add_zero_epi5_fused_identity_o5__multiply_s0_o4__add_s1_o3__square_root_s2__reciprocal_s3__multiply_s4_o2__multiply_s5_o1__add_s6_o0,256,1,9,80661448,32,0,1,6155,6982,792,12166,11834,11542,12333,1.94,7917,3834,9666,5679,1.923,8000,1845,-332
600,5293,omega_reduce_r2_o1_n2_multiply_add_zero_epi4_fused_identity_o4__multiply_s0_o3__add_s1_o2__square_root_s2__reciprocal_s3__multiply_s4_o1__multiply_s5_o0,256,1,8,90149608,32,0,1,5679,5893,0,10417,10375,9958,13334,6.52,8000,3750,16208,4696,1.827,6625,946,-42
601,5298,omega_reduce_r3_o2_n2_multiply_add_zero,98304,1536,4,98950368,0,0,1,29423,31673,-2292,33125,38250,37417,39458,1.59,8000,5209,10208,8827,1.300,33041,3618,5125
602,5313,omega_reduce_r3_o2_n2_multiply_add_zero_epi9_fused_identity_o9__multiply_o5_o6__multiply_s1_o4__multiply_s2_o3__add_s3_o2__multiply_s4_o1__tanh_s5__add_s6_o0__multiply_o7_o8__multiply_s7_s8__multiply_s0_s9,98304,1536,13,93559280,0,0,1,31720,33351,500,35584,41750,41000,43375,1.90,9250,4708,46708,10030,1.316,37042,5322,6166
603,5315,omega_reduce_r3_o2_n2_multiply_add_zero,12288,192,4,109662176,0,0,1,33607,35726,2917,36208,43208,42500,43917,0.93,11917,3750,9334,9601,1.286,39458,5851,7000
604,5325,omega_reduce_r2_o1_n2_multiply_add_zero_epi5_fused_identity_o5__multiply_s0_o4__add_s1_o3__square_root_s2__reciprocal_s3__multiply_s4_o2__multiply_s5_o1__add_s6_o0,256,1,9,80691144,32,0,1,6155,6982,375,12333,12291,11708,12709,1.90,10459,3875,16625,6136,1.997,8416,2261,-42
605,5341,omega_reduce_r3_o2_n2_multiply_add_zero_epi5_fused_identity_o5__identity_o0__multiply_s0_s0__multiply_s0_s2__multiply_s3_o3__add_s0_s4__multiply_s5_o2__tanh_s6__add_s7_o1__multiply_s0_o4__multiply_s8_s9__multiply_s1_s10,2048,32,9,78783728,0,0,1,5071,6315,1417,10000,11167,10750,12291,3.07,8041,4000,10500,6096,2.202,7167,2096,1167
606,5344,omega_reduce_r3_o2_n2_multiply_add_zero,12288,192,4,77602496,0,0,1,4857,5089,792,7500,8250,7875,8834,3.43,7958,3833,16667,3393,1.699,4417,-440,750
607,5356,omega_reduce_r2_o1_n2_multiply_add_zero_epi6_fused_identity_o6__multiply_s0_o4__add_s1_o3__square_root_s2__reciprocal_s3__multiply_s4_o2__multiply_s5_o1__add_s6_o0__multiply_s7_o5,256,1,10,156288168,32,0,1,6464,6506,792,12292,13042,12584,13625,1.77,8500,3750,8917,6578,2.018,9292,2828,750
608,5371,omega_reduce_r2_o1_n2_multiply_add_zero_epi4_fused_identity_o4__multiply_s0_o3__add_s1_o2__square_root_s2__reciprocal_s3__multiply_s4_o1__multiply_s5_o0,256,1,8,79447496,32,0,1,5679,5893,458,10292,10125,9833,10542,2.22,8000,3542,42333,4446,1.783,6583,904,-167
609,5373,omega_reduce_r4_o3_n2_multiply_add_zero,16384,256,4,75610048,0,0,1,9935,10667,2917,12750,13625,13166,14041,1.98,7834,3708,10708,3690,1.371,9917,-18,875
610,5381,omega_reduce_r3_o2_n2_multiply_add_zero_epi4_fused_identity_o4__multiply_s0_o3__add_s1_o2__square_root_s2__reciprocal_s3__multiply_s4_o1__multiply_s5_o0,512,8,8,75953096,16,0,1,5423,5411,708,11084,11125,10834,11542,1.75,8209,3667,16917,5702,2.052,7458,2035,41
611,5384,omega_elementwise_twin_r3_n4_fused_multiply_o0_o1__multiply_o2_o3__subtract_s0_s1_fused_multiply_o0_o3__multiply_o2_o1__add_s0_s1,1024,1,7,4158208,0,0,1,4571,4125,667,5916,5667,5542,6250,3.25,7917,3833,9375,1096,1.240,1834,-2737,-249
612,5420,omega_cached_attention_q1_h1_g8_d256_s3f800000_ln511_up0_x4_e1_k1_ds,17408,136,11,3632388,4128,0,1,20542,21536,1375,21917,22542,22041,26917,5.35,5125,4084,17292,2000,1.097,18458,-2084,625
613,5420,omega_cached_attention_q1_h1_g8_d256_s3f800000_ln511_up0_x4_e1_k1_ds_merge,8192,8,3,1320448,0,0,1,5423,5393,1583,7083,7708,7458,10916,9.02,9292,3458,9042,2285,1.421,4250,-1173,625
614,5422,omega_reduce_r5_o2_n2_multiply_add_zero,12288,192,4,77379520,0,0,1,9429,9560,875,12000,13458,13000,16000,4.72,5416,3834,42709,4029,1.427,9624,195,1458
615,5431,omega_reduce_r2_o1_n2_multiply_add_zero_epi5_fused_identity_o5__multiply_s0_o4__add_s1_o3__square_root_s2__reciprocal_s3__multiply_s4_o2__multiply_s5_o1__add_s6_o0,256,1,9,44797864,32,0,1,6155,6982,1000,12167,11958,11541,12417,2.31,7875,3833,9625,5803,1.943,8125,1970,-209
616,5439,omega_reduce_r2_o1_n2_multiply_add_zero_epi4_fused_identity_o4__multiply_s0_o3__add_s1_o2__square_root_s2__reciprocal_s3__multiply_s4_o1__multiply_s5_o0,256,1,8,54286024,32,0,1,5679,5893,375,10375,10416,9916,10500,1.85,7875,3792,16667,4737,1.834,6624,945,41
617,5444,omega_reduce_r3_o2_n2_multiply_add_zero,98304,1536,4,63086784,0,0,1,29423,31673,1292,33000,38000,37250,39167,1.48,7958,4583,8125,8577,1.292,33417,3994,5000
618,5459,omega_reduce_r3_o2_n2_multiply_add_zero_epi9_fused_identity_o9__multiply_o5_o6__multiply_s1_o4__multiply_s2_o3__add_s3_o2__multiply_s4_o1__tanh_s5__add_s6_o0__multiply_o7_o8__multiply_s7_s8__multiply_s0_s9,98304,1536,13,57695696,0,0,1,31720,33351,2167,35542,41333,40500,43833,2.18,9209,4792,15709,9613,1.303,36541,4821,5791
619,5461,omega_reduce_r3_o2_n2_multiply_add_zero,12288,192,4,73798592,0,0,1,33607,35726,1542,36125,43250,42459,45083,1.45,10333,3750,10417,9643,1.287,39500,5893,7125
620,5471,omega_reduce_r2_o1_n2_multiply_add_zero_epi5_fused_identity_o5__multiply_s0_o4__add_s1_o3__square_root_s2__reciprocal_s3__multiply_s4_o2__multiply_s5_o1__add_s6_o0,256,1,9,44827560,32,0,1,6155,6982,625,12375,12292,12000,12709,1.74,9667,3709,52500,6137,1.997,8583,2428,-83
621,5487,omega_reduce_r3_o2_n2_multiply_add_zero_epi5_fused_identity_o5__identity_o0__multiply_s0_s0__multiply_s0_s2__multiply_s3_o3__add_s0_s4__multiply_s5_o2__tanh_s6__add_s7_o1__multiply_s0_o4__multiply_s8_s9__multiply_s1_s10,2048,32,9,42920144,0,0,1,5042,5952,-83,9958,10917,10541,11416,2.15,7958,4167,12209,5875,2.165,6750,1708,959
622,5490,omega_reduce_r3_o2_n2_multiply_add_zero,12288,192,4,41738912,0,0,1,4857,5089,500,7458,7708,7250,7875,2.09,8000,4083,16958,2851,1.587,3625,-1232,250
623,5502,omega_reduce_r2_o1_n2_multiply_add_zero_epi6_fused_identity_o6__multiply_s0_o4__add_s1_o3__square_root_s2__reciprocal_s3__multiply_s4_o2__multiply_s5_o1__add_s6_o0__multiply_s7_o5,256,1,10,84527720,32,0,1,6464,6506,-2417,12458,12500,12208,15833,9.51,5125,3833,8250,6036,1.934,8667,2203,42
624,5517,omega_reduce_r2_o1_n2_multiply_add_zero_epi4_fused_identity_o4__multiply_s0_o3__add_s1_o2__square_root_s2__reciprocal_s3__multiply_s4_o1__multiply_s5_o0,256,1,8,43475880,32,0,1,5679,5893,-2708,10458,11625,11250,11959,1.98,8000,3750,17125,5946,2.047,7875,2196,1167
625,5519,omega_reduce_r4_o3_n2_multiply_add_zero,32768,512,4,37968800,0,0,1,17958,18143,3167,19250,21166,20708,22208,1.81,7958,3917,10375,3208,1.179,17249,-709,1916
626,5527,omega_reduce_r3_o2_n2_multiply_add_zero_epi4_fused_identity_o4__multiply_s0_o3__add_s1_o2__square_root_s2__reciprocal_s3__multiply_s4_o1__multiply_s5_o0,1024,8,8,36542376,16,0,1,5619,5625,1292,11208,12625,12417,15375,4.85,11500,3792,42083,7006,2.247,8833,3214,1417
627,5530,omega_elementwise_twin_r3_n4_fused_multiply_o0_o1__multiply_o2_o3__subtract_s0_s1_fused_multiply_o0_o3__multiply_o2_o1__add_s0_s1,2048,2,7,4118784,0,0,1,4554,4768,708,6042,5834,5667,6375,3.54,8000,3833,9500,1280,1.281,2001,-2553,-208
628,5566,omega_cached_attention_q1_h1_g8_d512_s3f800000_ln9223372036854775808_up0_x4_e1_k1_ds,32768,256,11,7147268,8224,0,1,39601,40423,542,42333,46541,45917,53167,3.64,5167,4250,16459,6940,1.175,42291,2690,4208
629,5566,omega_cached_attention_q1_h1_g8_d512_s3f800000_ln9223372036854775808_up0_x4_e1_k1_ds_merge,8192,8,3,1582592,0,0,1,7726,7750,1083,8875,9500,9250,10042,1.76,12250,3708,9584,1774,1.230,5792,-1934,625
630,5568,omega_reduce_r5_o2_n2_multiply_add_zero,12288,192,4,41507744,0,0,1,14857,15125,625,16458,18959,18458,21333,3.02,8667,3917,16417,4102,1.276,15042,185,2501
631,5577,omega_reduce_r2_o1_n2_multiply_add_zero_epi5_fused_identity_o5__multiply_s0_o4__add_s1_o3__square_root_s2__reciprocal_s3__multiply_s4_o2__multiply_s5_o1__add_s6_o0,256,1,9,5336456,32,0,1,6155,6982,292,12000,11834,11416,12083,1.92,11959,3791,8167,5679,1.923,8043,1888,-166
632,5585,omega_reduce_r2_o1_n2_multiply_add_zero_epi4_fused_identity_o4__multiply_s0_o3__add_s1_o2__square_root_s2__reciprocal_s3__multiply_s4_o1__multiply_s5_o0,256,1,8,14882472,32,0,1,5679,5893,1792,10500,10041,9875,10209,1.16,8083,3666,42375,4362,1.768,6375,696,-459
633,5590,omega_reduce_r3_o2_n2_multiply_add_zero,98304,1536,4,23683232,0,0,1,29423,31673,1583,33041,38375,37375,40416,1.80,8084,4500,9459,8952,1.304,33875,4452,5334
634,5605,omega_reduce_r3_o2_n2_multiply_add_zero_epi9_fused_identity_o9__multiply_o5_o6__multiply_s1_o4__multiply_s2_o3__add_s3_o2__multiply_s4_o1__tanh_s5__add_s6_o0__multiply_o7_o8__multiply_s7_s8__multiply_s0_s9,98304,1536,13,18292144,0,0,1,31720,33351,3292,35459,40833,39708,42208,2.06,13167,4750,16416,9113,1.287,36083,4363,5374
635,5607,omega_reduce_r3_o2_n2_multiply_add_zero,12288,192,4,34395040,0,0,1,33607,35726,2125,36125,42625,41416,44041,1.53,19291,3709,12084,9018,1.268,38916,5309,6500
636,5617,omega_reduce_r2_o1_n2_multiply_add_zero_epi5_fused_identity_o5__multiply_s0_o4__add_s1_o3__square_root_s2__reciprocal_s3__multiply_s4_o2__multiply_s5_o1__add_s6_o0,256,1,9,5424008,32,0,1,6155,6982,667,12333,12209,11792,14792,4.73,19958,3875,16542,6054,1.984,8334,2179,-124
637,5633,omega_reduce_r3_o2_n2_multiply_add_zero_epi5_fused_identity_o5__identity_o0__multiply_s0_s0__multiply_s0_s2__multiply_s3_o3__add_s0_s4__multiply_s5_o2__tanh_s6__add_s7_o1__multiply_s0_o4__multiply_s8_s9__multiply_s1_s10,2048,32,9,3516592,0,0,1,5125,6310,625,10000,10292,10000,10875,2.07,10833,3917,9167,5167,2.008,6375,1250,292
638,5636,omega_reduce_r3_o2_n2_multiply_add_zero,12288,192,4,2335360,0,0,1,4857,5089,667,7500,7292,7083,7916,2.70,8333,3708,42875,2435,1.501,3584,-1273,-208
639,5648,omega_reduce_r2_o1_n2_multiply_add_zero_epi6_fused_identity_o6__multiply_s0_o4__add_s1_o3__square_root_s2__reciprocal_s3__multiply_s4_o2__multiply_s5_o1__add_s6_o0__multiply_s7_o5,256,1,10,5757992,32,0,1,6464,6506,917,12417,13750,13250,16584,5.73,6333,3792,12083,7286,2.127,9958,3494,1333
640,5657,omega_reduce_r2_o1_n2_multiply_add_zero_epi4_fused_identity_o4__multiply_s0_o3__add_s1_o2__square_root_s2__reciprocal_s3__multiply_s4_o1__multiply_s5_o0,256,1,8,3337901800,32,0,1,5679,5893,583,10666,10250,10125,13375,6.59,483917,3875,450542,4571,1.805,6375,696,-416
641,5659,omega_elementwise_r2_n1_identity_g1,1536,2,5,2106116,0,0,1,3375,3911,500,5750,6083,5875,7583,7.47,15042,4208,15459,2708,1.802,1875,-1500,333
642,5666,omega_reduce_r3_o2_n2_multiply_add_zero_epi2_fused_identity_o2__divide_s0_o1__tanh_s1__multiply_s2_o0,4194304,65536,6,1381521896,0,0,1,1084018,1080423,58167,1088500,1089125,1084958,1116084,0.58,18208,57208,20167,5107,1.005,1031917,-52101,625
643,5668,omega_elementwise_r3_n1_identity,262144,256,3,2104832,0,0,1,6429,6137,1208,8875,10125,9833,14292,9.72,29708,4541,9750,3696,1.575,5584,-845,1250
644,5669,omega_reduce_r3_o2_n1_identity_maximum_negative_infinity,65536,512,3,1063680,16,0,1,6018,5649,875,8208,9334,8958,13000,10.38,9000,4208,6250,3316,1.551,5126,-892,1126
645,5670,omega_reduce_r2_o1_n1_identity_maximum_negative_infinity,128,1,3,7936,16,0,1,3089,3060,458,5334,5667,5416,8250,15.49,8166,3750,6000,2578,1.834,1917,-1172,333
646,5672,omega_iota_r1,512,1,2,7424,0,0,1,2190,2244,500,3750,3667,3584,7959,32.12,5625,3625,7833,1477,1.674,42,-2148,-83
647,5673,omega_iota_r1,512,1,2,5120,0,0,0,2190,2244,625,3750,3916,3709,7084,17.52,6208,3750,13708,1726,1.788,166,-2024,166
648,5675,omega_elementwise_r1_n2_multiply,512,1,4,10244,0,0,1,2964,2857,792,4791,5167,4709,5541,3.40,6125,3792,17500,2203,1.743,1375,-1589,376
649,5679,omega_reduce_r3_o2_n5_fused_equal_o0_o1__add_o2_o3__select_s0_s1_o4_minimum_positive_infinity,65536,512,7,1072132,16,0,1,11345,11881,250,14541,15375,15000,19541,9.95,5833,4209,12667,4030,1.355,11166,-179,834
650,5680,omega_reduce_r2_o1_n1_identity_minimum_positive_infinity,128,1,3,7428,16,0,1,2619,3131,417,5209,5625,5333,6000,3.12,12167,3917,49833,3006,2.148,1708,-911,416
651,5686,omega_reduce_r3_o2_n4_fused_greater_o0_o1__greater_o2_o3__multiply_s0_s1_add_zero,65536,512,6,2119944,16,0,1,9661,9774,542,12125,11958,11708,16000,13.38,5833,4333,9291,2297,1.238,7625,-2036,-167
652,5687,omega_reduce_r2_o1_n1_identity_add_zero,128,1,3,7428,16,0,1,3000,3071,708,5583,5750,5625,9417,13.45,8792,3791,12083,2750,1.917,1959,-1041,167
