GRAPHS	ntok=1	count=381
GRAPHS	ntok=2	count=2
GRAPHS	ntok=4	count=3
GRAPHS	ntok=455	count=3
GRAPHS	ntok=512	count=3
OP	ntok=2	op=SCALE	name=inp_per_layer_selected	fuse=1	src0=f32[256,35,2]	src1=-[0,0,0]	dst=f32[256,35,2,1]	count=2	sum_us=29.500	min_us=8.750	max_us=20.750
OP	ntok=2	op=SCALE	name=inp_scaled	fuse=1	src0=f32[1536,2,1]	src1=-[0,0,0]	dst=f32[1536,2,1,1]	count=2	sum_us=17.708	min_us=5.833	max_us=11.875
OP	ntok=2	op=RMS_NORM	name=norm	fuse=2	src0=f32[1536,2,1]	src1=-[0,0,0]	dst=f32[1536,2,1,1]	count=212	sum_us=2331.541	min_us=6.667	max_us=21.750
OP	ntok=2	op=MUL_MAT	name=Qcur	fuse=1	src0=q4_0[1536,2048,1]	src1=f32[1536,2,1]	dst=f32[2048,2,1,1]	count=56	sum_us=1752.000	min_us=17.417	max_us=54.500
OP	ntok=2	op=MUL_MAT	name=Kcur	fuse=1	src0=q4_0[1536,256,1]	src1=f32[1536,2,1]	dst=f32[256,2,1,1]	count=24	sum_us=494.750	min_us=11.417	max_us=29.792
OP	ntok=2	op=MUL_MAT	name=Vcur	fuse=1	src0=q4_0[1536,256,1]	src1=f32[1536,2,1]	dst=f32[256,2,1,1]	count=24	sum_us=499.000	min_us=11.625	max_us=29.917
OP	ntok=2	op=RMS_NORM	name=norm	fuse=2	src0=f32[256,8,2]	src1=-[0,0,0]	dst=f32[256,8,2,1]	count=56	sum_us=595.625	min_us=6.750	max_us=17.125
OP	ntok=2	op=RMS_NORM	name=norm	fuse=2	src0=f32[256,1,2]	src1=-[0,0,0]	dst=f32[256,1,2,1]	count=24	sum_us=284.333	min_us=6.917	max_us=16.708
OP	ntok=2	op=RMS_NORM	name=Vcur_normed	fuse=1	src0=f32[256,1,2]	src1=-[0,0,0]	dst=f32[256,1,2,1]	count=24	sum_us=238.167	min_us=5.542	max_us=14.333
OP	ntok=2	op=ROPE	name=Qcur_pos	fuse=1	src0=f32[256,8,2]	src1=i32[2,1,1]	dst=f32[256,8,2,1]	count=56	sum_us=545.750	min_us=6.000	max_us=19.125
OP	ntok=2	op=ROPE	name=Kcur_pos	fuse=1	src0=f32[256,1,2]	src1=i32[2,1,1]	dst=f32[256,1,2,1]	count=24	sum_us=250.083	min_us=6.125	max_us=14.750
OP	ntok=2	op=SET_ROWS	name=cache_v_l0 (view)	fuse=1	src0=f32[256,2,1]	src1=i64[2,1,1]	dst=f16[256,1024,1,1]	count=2	sum_us=23.625	min_us=8.375	max_us=15.250
OP	ntok=2	op=SET_ROWS	name=cache_k_l0 (view)	fuse=1	src0=f32[256,2,1]	src1=i64[2,1,1]	dst=f16[256,1024,1,1]	count=2	sum_us=22.250	min_us=7.500	max_us=14.750
OP	ntok=2	op=MUL_MAT	name=node_47	fuse=1	src0=f16[1536,8960,1]	src1=f32[1536,2,1]	dst=f32[8960,2,1,1]	count=2	sum_us=344.000	min_us=142.750	max_us=201.250
OP	ntok=2	op=FLASH_ATTN_EXT	name=node_30	fuse=1	src0=f32[256,2,8]	src1=f16[256,256,1]	dst=f32[256,8,2,1]	count=2	sum_us=108.750	min_us=37.083	max_us=71.667
OP	ntok=2	op=SCALE	name=node_48	fuse=1	src0=f32[8960,2,1]	src1=-[0,0,0]	dst=f32[8960,2,1,1]	count=2	sum_us=26.917	min_us=9.167	max_us=17.750
OP	ntok=2	op=MUL_MAT	name=node_32	fuse=1	src0=q4_0[2048,1536,1]	src1=f32[2048,2,1]	dst=f32[1536,2,1,1]	count=2	sum_us=69.958	min_us=22.125	max_us=47.833
OP	ntok=2	op=RMS_NORM	name=norm	fuse=3	src0=f32[256,35,2]	src1=-[0,0,0]	dst=f32[256,35,2,1]	count=2	sum_us=30.125	min_us=10.250	max_us=19.875
OP	ntok=2	op=RMS_NORM	name=norm	fuse=3	src0=f32[1536,2,1]	src1=-[0,0,0]	dst=f32[1536,2,1,1]	count=140	sum_us=1758.250	min_us=7.500	max_us=22.625
OP	ntok=2	op=SCALE	name=inp_per_layer	fuse=1	src0=f32[256,35,2]	src1=-[0,0,0]	dst=f32[256,35,2,1]	count=2	sum_us=26.667	min_us=9.333	max_us=17.333
OP	ntok=2	op=MUL_MAT	name=ffn_gate	fuse=1	src0=q4_0[1536,6144,1]	src1=f32[1536,2,1]	dst=f32[6144,2,1,1]	count=30	sum_us=2240.917	min_us=35.000	max_us=113.500
OP	ntok=2	op=MUL_MAT	name=ffn_up	fuse=1	src0=q4_0[1536,6144,1]	src1=f32[1536,2,1]	dst=f32[6144,2,1,1]	count=30	sum_us=2238.417	min_us=34.792	max_us=115.208
OP	ntok=2	op=CONT	name=inp_per_layer (permuted) (cont)	fuse=1	src0=f32[256,2,35]	src1=-[0,0,0]	dst=f32[256,2,35,1]	count=2	sum_us=42.292	min_us=13.125	max_us=29.167
OP	ntok=2	op=GLU	name=ffn_geglu	fuse=1	src0=f32[6144,2,1]	src1=f32[6144,2,1]	dst=f32[6144,2,1,1]	count=30	sum_us=597.000	min_us=8.875	max_us=32.625
OP	ntok=2	op=MUL_MAT	name=ffn_out	fuse=1	src0=q4_0[6144,1536,1]	src1=f32[6144,2,1]	dst=f32[1536,2,1,1]	count=30	sum_us=2097.958	min_us=33.583	max_us=103.833
OP	ntok=2	op=MUL_MAT	name=node_45	fuse=1	src0=q4_0[1536,256,1]	src1=f32[1536,2,1]	dst=f32[256,2,1,1]	count=2	sum_us=43.792	min_us=14.250	max_us=29.542
OP	ntok=2	op=UNARY	name=node_46	fuse=1	src0=f32[256,2,1]	src1=-[0,0,0]	dst=f32[256,2,1,1]	count=2	sum_us=24.042	min_us=7.792	max_us=16.250
OP	ntok=2	op=MUL	name=node_57	fuse=1	src0=f32[256,2,1]	src1=f32[256,2,1]	dst=f32[256,2,1,1]	count=2	sum_us=25.417	min_us=8.417	max_us=17.000
OP	ntok=2	op=MUL_MAT	name=node_58	fuse=1	src0=q4_0[256,1536,1]	src1=f32[256,2,1]	dst=f32[1536,2,1,1]	count=2	sum_us=30.333	min_us=9.333	max_us=21.000
OP	ntok=2	op=ADD	name=node_61	fuse=1	src0=f32[1536,2,1]	src1=f32[1536,2,1]	dst=f32[1536,2,1,1]	count=2	sum_us=25.625	min_us=8.250	max_us=17.375
OP	ntok=2	op=MUL	name=l_out	fuse=1	src0=f32[1536,2,1]	src1=f32[1,1,1]	dst=f32[1536,2,1,1]	count=70	sum_us=729.125	min_us=6.583	max_us=16.708
OP	ntok=2	op=SET_ROWS	name=cache_v_l1 (view)	fuse=1	src0=f32[256,2,1]	src1=i64[2,1,1]	dst=f16[256,1024,1,1]	count=2	sum_us=23.250	min_us=7.375	max_us=15.875
OP	ntok=2	op=SET_ROWS	name=cache_k_l1 (view)	fuse=1	src0=f32[256,2,1]	src1=i64[2,1,1]	dst=f16[256,1024,1,1]	count=2	sum_us=21.958	min_us=7.333	max_us=14.625
OP	ntok=2	op=FLASH_ATTN_EXT	name=node_88	fuse=1	src0=f32[256,2,8]	src1=f16[256,256,1]	dst=f32[256,8,2,1]	count=2	sum_us=101.125	min_us=31.500	max_us=69.625
OP	ntok=2	op=MUL_MAT	name=node_90	fuse=1	src0=q4_0[2048,1536,1]	src1=f32[2048,2,1]	dst=f32[1536,2,1,1]	count=2	sum_us=65.458	min_us=20.375	max_us=45.083
OP	ntok=2	op=MUL_MAT	name=node_103	fuse=1	src0=q4_0[1536,256,1]	src1=f32[1536,2,1]	dst=f32[256,2,1,1]	count=2	sum_us=41.833	min_us=13.500	max_us=28.333
OP	ntok=2	op=UNARY	name=node_104	fuse=1	src0=f32[256,2,1]	src1=-[0,0,0]	dst=f32[256,2,1,1]	count=2	sum_us=23.208	min_us=7.125	max_us=16.083
OP	ntok=2	op=MUL	name=node_106	fuse=1	src0=f32[256,2,1]	src1=f32[256,2,1]	dst=f32[256,2,1,1]	count=2	sum_us=23.458	min_us=7.708	max_us=15.750
OP	ntok=2	op=MUL_MAT	name=node_107	fuse=1	src0=q4_0[256,1536,1]	src1=f32[256,2,1]	dst=f32[1536,2,1,1]	count=2	sum_us=29.833	min_us=9.500	max_us=20.333
OP	ntok=2	op=ADD	name=node_110	fuse=1	src0=f32[1536,2,1]	src1=f32[1536,2,1]	dst=f32[1536,2,1,1]	count=2	sum_us=24.500	min_us=8.125	max_us=16.375
OP	ntok=2	op=SET_ROWS	name=cache_v_l2 (view)	fuse=1	src0=f32[256,2,1]	src1=i64[2,1,1]	dst=f16[256,1024,1,1]	count=2	sum_us=22.958	min_us=7.167	max_us=15.792
OP	ntok=2	op=SET_ROWS	name=cache_k_l2 (view)	fuse=1	src0=f32[256,2,1]	src1=i64[2,1,1]	dst=f16[256,1024,1,1]	count=2	sum_us=21.458	min_us=6.792	max_us=14.667
OP	ntok=2	op=FLASH_ATTN_EXT	name=node_137	fuse=1	src0=f32[256,2,8]	src1=f16[256,256,1]	dst=f32[256,8,2,1]	count=2	sum_us=100.833	min_us=32.458	max_us=68.375
OP	ntok=2	op=MUL_MAT	name=node_139	fuse=1	src0=q4_0[2048,1536,1]	src1=f32[2048,2,1]	dst=f32[1536,2,1,1]	count=2	sum_us=64.042	min_us=19.917	max_us=44.125
OP	ntok=2	op=MUL_MAT	name=node_152	fuse=1	src0=q4_0[1536,256,1]	src1=f32[1536,2,1]	dst=f32[256,2,1,1]	count=2	sum_us=42.292	min_us=14.250	max_us=28.042
OP	ntok=2	op=UNARY	name=node_153	fuse=1	src0=f32[256,2,1]	src1=-[0,0,0]	dst=f32[256,2,1,1]	count=2	sum_us=23.417	min_us=7.625	max_us=15.792
OP	ntok=2	op=MUL	name=node_155	fuse=1	src0=f32[256,2,1]	src1=f32[256,2,1]	dst=f32[256,2,1,1]	count=2	sum_us=23.958	min_us=7.958	max_us=16.000
OP	ntok=2	op=MUL_MAT	name=node_156	fuse=1	src0=q4_0[256,1536,1]	src1=f32[256,2,1]	dst=f32[1536,2,1,1]	count=2	sum_us=30.042	min_us=9.875	max_us=20.167
OP	ntok=2	op=ADD	name=node_159	fuse=1	src0=f32[1536,2,1]	src1=f32[1536,2,1]	dst=f32[1536,2,1,1]	count=2	sum_us=24.750	min_us=8.375	max_us=16.375
OP	ntok=2	op=SET_ROWS	name=cache_v_l3 (view)	fuse=1	src0=f32[256,2,1]	src1=i64[2,1,1]	dst=f16[256,1024,1,1]	count=2	sum_us=21.917	min_us=7.292	max_us=14.625
OP	ntok=2	op=SET_ROWS	name=cache_k_l3 (view)	fuse=1	src0=f32[256,2,1]	src1=i64[2,1,1]	dst=f16[256,1024,1,1]	count=2	sum_us=23.083	min_us=7.583	max_us=15.500
OP	ntok=2	op=FLASH_ATTN_EXT	name=node_186	fuse=1	src0=f32[256,2,8]	src1=f16[256,256,1]	dst=f32[256,8,2,1]	count=2	sum_us=97.250	min_us=31.750	max_us=65.500
OP	ntok=2	op=MUL_MAT	name=node_188	fuse=1	src0=q4_0[2048,1536,1]	src1=f32[2048,2,1]	dst=f32[1536,2,1,1]	count=2	sum_us=64.583	min_us=19.625	max_us=44.958
OP	ntok=2	op=MUL_MAT	name=node_201	fuse=1	src0=q4_0[1536,256,1]	src1=f32[1536,2,1]	dst=f32[256,2,1,1]	count=2	sum_us=41.875	min_us=13.625	max_us=28.250
OP	ntok=2	op=UNARY	name=node_202	fuse=1	src0=f32[256,2,1]	src1=-[0,0,0]	dst=f32[256,2,1,1]	count=2	sum_us=25.208	min_us=8.792	max_us=16.417
OP	ntok=2	op=MUL	name=node_204	fuse=1	src0=f32[256,2,1]	src1=f32[256,2,1]	dst=f32[256,2,1,1]	count=2	sum_us=23.500	min_us=8.083	max_us=15.417
OP	ntok=2	op=MUL_MAT	name=node_205	fuse=1	src0=q4_0[256,1536,1]	src1=f32[256,2,1]	dst=f32[1536,2,1,1]	count=2	sum_us=29.167	min_us=9.625	max_us=19.542
OP	ntok=2	op=ADD	name=node_208	fuse=1	src0=f32[1536,2,1]	src1=f32[1536,2,1]	dst=f32[1536,2,1,1]	count=2	sum_us=24.583	min_us=8.333	max_us=16.250
OP	ntok=2	op=MUL_MAT	name=Qcur	fuse=1	src0=q4_0[1536,4096,1]	src1=f32[1536,2,1]	dst=f32[4096,2,1,1]	count=14	sum_us=641.167	min_us=25.833	max_us=80.958
OP	ntok=2	op=MUL_MAT	name=Kcur	fuse=1	src0=q4_0[1536,512,1]	src1=f32[1536,2,1]	dst=f32[512,2,1,1]	count=6	sum_us=126.709	min_us=11.958	max_us=30.000
OP	ntok=2	op=MUL_MAT	name=Vcur	fuse=1	src0=q4_0[1536,512,1]	src1=f32[1536,2,1]	dst=f32[512,2,1,1]	count=6	sum_us=131.500	min_us=12.042	max_us=33.000
OP	ntok=2	op=RMS_NORM	name=norm	fuse=2	src0=f32[512,8,2]	src1=-[0,0,0]	dst=f32[512,8,2,1]	count=14	sum_us=144.000	min_us=6.500	max_us=16.458
OP	ntok=2	op=RMS_NORM	name=norm	fuse=2	src0=f32[512,1,2]	src1=-[0,0,0]	dst=f32[512,1,2,1]	count=6	sum_us=69.875	min_us=7.125	max_us=16.042
OP	ntok=2	op=RMS_NORM	name=Vcur_normed	fuse=1	src0=f32[512,1,2]	src1=-[0,0,0]	dst=f32[512,1,2,1]	count=6	sum_us=62.917	min_us=5.792	max_us=16.708
OP	ntok=2	op=ROPE	name=Qcur_pos	fuse=1	src0=f32[512,8,2]	src1=i32[2,1,1]	dst=f32[512,8,2,1]	count=14	sum_us=139.667	min_us=6.625	max_us=15.667
OP	ntok=2	op=ROPE	name=Kcur_pos	fuse=1	src0=f32[512,1,2]	src1=i32[2,1,1]	dst=f32[512,1,2,1]	count=6	sum_us=65.041	min_us=6.375	max_us=15.042
OP	ntok=2	op=SET_ROWS	name=cache_v_l4 (view)	fuse=1	src0=f32[512,2,1]	src1=i64[2,1,1]	dst=f16[512,4096,1,1]	count=2	sum_us=24.417	min_us=8.292	max_us=16.125
OP	ntok=2	op=SET_ROWS	name=cache_k_l4 (view)	fuse=1	src0=f32[512,2,1]	src1=i64[2,1,1]	dst=f16[512,4096,1,1]	count=2	sum_us=23.250	min_us=8.000	max_us=15.250
OP	ntok=2	op=FLASH_ATTN_EXT	name=node_235	fuse=1	src0=f32[512,2,8]	src1=f16[512,256,1]	dst=f32[512,8,2,1]	count=2	sum_us=175.208	min_us=61.125	max_us=114.083
OP	ntok=2	op=MUL_MAT	name=node_237	fuse=1	src0=q4_0[4096,1536,1]	src1=f32[4096,2,1]	dst=f32[1536,2,1,1]	count=2	sum_us=103.875	min_us=30.542	max_us=73.333
OP	ntok=2	op=MUL_MAT	name=node_250	fuse=1	src0=q4_0[1536,256,1]	src1=f32[1536,2,1]	dst=f32[256,2,1,1]	count=2	sum_us=46.667	min_us=14.167	max_us=32.500
OP	ntok=2	op=UNARY	name=node_251	fuse=1	src0=f32[256,2,1]	src1=-[0,0,0]	dst=f32[256,2,1,1]	count=2	sum_us=25.958	min_us=8.458	max_us=17.500
OP	ntok=2	op=MUL	name=node_253	fuse=1	src0=f32[256,2,1]	src1=f32[256,2,1]	dst=f32[256,2,1,1]	count=2	sum_us=24.458	min_us=8.250	max_us=16.208
OP	ntok=2	op=MUL_MAT	name=node_254	fuse=1	src0=q4_0[256,1536,1]	src1=f32[256,2,1]	dst=f32[1536,2,1,1]	count=2	sum_us=28.875	min_us=9.500	max_us=19.375
OP	ntok=2	op=ADD	name=node_257	fuse=1	src0=f32[1536,2,1]	src1=f32[1536,2,1]	dst=f32[1536,2,1,1]	count=2	sum_us=24.250	min_us=8.125	max_us=16.125
OP	ntok=2	op=SET_ROWS	name=cache_v_l5 (view)	fuse=1	src0=f32[256,2,1]	src1=i64[2,1,1]	dst=f16[256,1024,1,1]	count=2	sum_us=22.458	min_us=7.625	max_us=14.833
OP	ntok=2	op=SET_ROWS	name=cache_k_l5 (view)	fuse=1	src0=f32[256,2,1]	src1=i64[2,1,1]	dst=f16[256,1024,1,1]	count=2	sum_us=21.958	min_us=7.458	max_us=14.500
OP	ntok=2	op=FLASH_ATTN_EXT	name=node_284	fuse=1	src0=f32[256,2,8]	src1=f16[256,256,1]	dst=f32[256,8,2,1]	count=2	sum_us=104.875	min_us=35.500	max_us=69.375
OP	ntok=2	op=MUL_MAT	name=node_286	fuse=1	src0=q4_0[2048,1536,1]	src1=f32[2048,2,1]	dst=f32[1536,2,1,1]	count=2	sum_us=63.917	min_us=20.000	max_us=43.917
OP	ntok=2	op=MUL_MAT	name=node_299	fuse=1	src0=q4_0[1536,256,1]	src1=f32[1536,2,1]	dst=f32[256,2,1,1]	count=2	sum_us=42.417	min_us=13.458	max_us=28.958
OP	ntok=2	op=UNARY	name=node_300	fuse=1	src0=f32[256,2,1]	src1=-[0,0,0]	dst=f32[256,2,1,1]	count=2	sum_us=25.708	min_us=8.625	max_us=17.083
OP	ntok=2	op=MUL	name=node_302	fuse=1	src0=f32[256,2,1]	src1=f32[256,2,1]	dst=f32[256,2,1,1]	count=2	sum_us=23.708	min_us=8.125	max_us=15.583
OP	ntok=2	op=MUL_MAT	name=node_303	fuse=1	src0=q4_0[256,1536,1]	src1=f32[256,2,1]	dst=f32[1536,2,1,1]	count=2	sum_us=30.250	min_us=9.875	max_us=20.375
OP	ntok=2	op=ADD	name=node_306	fuse=1	src0=f32[1536,2,1]	src1=f32[1536,2,1]	dst=f32[1536,2,1,1]	count=2	sum_us=24.625	min_us=8.125	max_us=16.500
OP	ntok=2	op=SET_ROWS	name=cache_v_l6 (view)	fuse=1	src0=f32[256,2,1]	src1=i64[2,1,1]	dst=f16[256,1024,1,1]	count=2	sum_us=22.500	min_us=7.625	max_us=14.875
OP	ntok=2	op=SET_ROWS	name=cache_k_l6 (view)	fuse=1	src0=f32[256,2,1]	src1=i64[2,1,1]	dst=f16[256,1024,1,1]	count=2	sum_us=22.500	min_us=7.333	max_us=15.167
OP	ntok=2	op=FLASH_ATTN_EXT	name=node_333	fuse=1	src0=f32[256,2,8]	src1=f16[256,256,1]	dst=f32[256,8,2,1]	count=2	sum_us=96.500	min_us=32.500	max_us=64.000
OP	ntok=2	op=MUL_MAT	name=node_335	fuse=1	src0=q4_0[2048,1536,1]	src1=f32[2048,2,1]	dst=f32[1536,2,1,1]	count=2	sum_us=62.875	min_us=19.750	max_us=43.125
OP	ntok=2	op=MUL_MAT	name=node_348	fuse=1	src0=q4_0[1536,256,1]	src1=f32[1536,2,1]	dst=f32[256,2,1,1]	count=2	sum_us=40.083	min_us=12.000	max_us=28.083
OP	ntok=2	op=UNARY	name=node_349	fuse=1	src0=f32[256,2,1]	src1=-[0,0,0]	dst=f32[256,2,1,1]	count=2	sum_us=24.000	min_us=7.375	max_us=16.625
OP	ntok=2	op=MUL	name=node_351	fuse=1	src0=f32[256,2,1]	src1=f32[256,2,1]	dst=f32[256,2,1,1]	count=2	sum_us=23.167	min_us=7.250	max_us=15.917
OP	ntok=2	op=MUL_MAT	name=node_352	fuse=1	src0=q4_0[256,1536,1]	src1=f32[256,2,1]	dst=f32[1536,2,1,1]	count=2	sum_us=28.167	min_us=8.208	max_us=19.958
OP	ntok=2	op=ADD	name=node_355	fuse=1	src0=f32[1536,2,1]	src1=f32[1536,2,1]	dst=f32[1536,2,1,1]	count=2	sum_us=23.042	min_us=7.125	max_us=15.917
OP	ntok=2	op=SET_ROWS	name=cache_v_l7 (view)	fuse=1	src0=f32[256,2,1]	src1=i64[2,1,1]	dst=f16[256,1024,1,1]	count=2	sum_us=24.875	min_us=6.500	max_us=18.375
OP	ntok=2	op=SET_ROWS	name=cache_k_l7 (view)	fuse=1	src0=f32[256,2,1]	src1=i64[2,1,1]	dst=f16[256,1024,1,1]	count=2	sum_us=20.833	min_us=6.083	max_us=14.750
OP	ntok=2	op=FLASH_ATTN_EXT	name=node_382	fuse=1	src0=f32[256,2,8]	src1=f16[256,256,1]	dst=f32[256,8,2,1]	count=2	sum_us=97.833	min_us=30.208	max_us=67.625
OP	ntok=2	op=MUL_MAT	name=node_384	fuse=1	src0=q4_0[2048,1536,1]	src1=f32[2048,2,1]	dst=f32[1536,2,1,1]	count=2	sum_us=59.333	min_us=16.000	max_us=43.333
OP	ntok=2	op=MUL_MAT	name=node_397	fuse=1	src0=q4_0[1536,256,1]	src1=f32[1536,2,1]	dst=f32[256,2,1,1]	count=2	sum_us=40.542	min_us=11.917	max_us=28.625
OP	ntok=2	op=UNARY	name=node_398	fuse=1	src0=f32[256,2,1]	src1=-[0,0,0]	dst=f32[256,2,1,1]	count=2	sum_us=25.667	min_us=7.250	max_us=18.417
OP	ntok=2	op=MUL	name=node_400	fuse=1	src0=f32[256,2,1]	src1=f32[256,2,1]	dst=f32[256,2,1,1]	count=2	sum_us=23.000	min_us=7.000	max_us=16.000
OP	ntok=2	op=MUL_MAT	name=node_401	fuse=1	src0=q4_0[256,1536,1]	src1=f32[256,2,1]	dst=f32[1536,2,1,1]	count=2	sum_us=28.500	min_us=8.375	max_us=20.125
OP	ntok=2	op=ADD	name=node_404	fuse=1	src0=f32[1536,2,1]	src1=f32[1536,2,1]	dst=f32[1536,2,1,1]	count=2	sum_us=23.833	min_us=7.208	max_us=16.625
OP	ntok=2	op=SET_ROWS	name=cache_v_l8 (view)	fuse=1	src0=f32[256,2,1]	src1=i64[2,1,1]	dst=f16[256,1024,1,1]	count=2	sum_us=21.000	min_us=6.208	max_us=14.792
OP	ntok=2	op=SET_ROWS	name=cache_k_l8 (view)	fuse=1	src0=f32[256,2,1]	src1=i64[2,1,1]	dst=f16[256,1024,1,1]	count=2	sum_us=21.625	min_us=6.625	max_us=15.000
OP	ntok=2	op=FLASH_ATTN_EXT	name=node_431	fuse=1	src0=f32[256,2,8]	src1=f16[256,256,1]	dst=f32[256,8,2,1]	count=2	sum_us=93.417	min_us=28.125	max_us=65.292
OP	ntok=2	op=MUL_MAT	name=node_433	fuse=1	src0=q4_0[2048,1536,1]	src1=f32[2048,2,1]	dst=f32[1536,2,1,1]	count=2	sum_us=60.375	min_us=16.500	max_us=43.875
OP	ntok=2	op=MUL_MAT	name=node_446	fuse=1	src0=q4_0[1536,256,1]	src1=f32[1536,2,1]	dst=f32[256,2,1,1]	count=2	sum_us=40.042	min_us=11.625	max_us=28.417
OP	ntok=2	op=UNARY	name=node_447	fuse=1	src0=f32[256,2,1]	src1=-[0,0,0]	dst=f32[256,2,1,1]	count=2	sum_us=25.708	min_us=7.083	max_us=18.625
OP	ntok=2	op=MUL	name=node_449	fuse=1	src0=f32[256,2,1]	src1=f32[256,2,1]	dst=f32[256,2,1,1]	count=2	sum_us=23.292	min_us=7.333	max_us=15.958
OP	ntok=2	op=MUL_MAT	name=node_450	fuse=1	src0=q4_0[256,1536,1]	src1=f32[256,2,1]	dst=f32[1536,2,1,1]	count=2	sum_us=27.000	min_us=7.875	max_us=19.125
OP	ntok=2	op=ADD	name=node_453	fuse=1	src0=f32[1536,2,1]	src1=f32[1536,2,1]	dst=f32[1536,2,1,1]	count=2	sum_us=22.917	min_us=6.542	max_us=16.375
OP	ntok=2	op=SET_ROWS	name=cache_v_l9 (view)	fuse=1	src0=f32[512,2,1]	src1=i64[2,1,1]	dst=f16[512,4096,1,1]	count=2	sum_us=26.750	min_us=6.875	max_us=19.875
OP	ntok=2	op=SET_ROWS	name=cache_k_l9 (view)	fuse=1	src0=f32[512,2,1]	src1=i64[2,1,1]	dst=f16[512,4096,1,1]	count=2	sum_us=21.833	min_us=6.708	max_us=15.125
OP	ntok=2	op=FLASH_ATTN_EXT	name=node_480	fuse=1	src0=f32[512,2,8]	src1=f16[512,256,1]	dst=f32[512,8,2,1]	count=2	sum_us=170.125	min_us=53.500	max_us=116.625
OP	ntok=2	op=MUL_MAT	name=node_482	fuse=1	src0=q4_0[4096,1536,1]	src1=f32[4096,2,1]	dst=f32[1536,2,1,1]	count=2	sum_us=97.083	min_us=24.958	max_us=72.125
OP	ntok=2	op=MUL_MAT	name=node_495	fuse=1	src0=q4_0[1536,256,1]	src1=f32[1536,2,1]	dst=f32[256,2,1,1]	count=2	sum_us=43.958	min_us=11.417	max_us=32.542
OP	ntok=2	op=UNARY	name=node_496	fuse=1	src0=f32[256,2,1]	src1=-[0,0,0]	dst=f32[256,2,1,1]	count=2	sum_us=24.500	min_us=6.500	max_us=18.000
OP	ntok=2	op=MUL	name=node_498	fuse=1	src0=f32[256,2,1]	src1=f32[256,2,1]	dst=f32[256,2,1,1]	count=2	sum_us=22.833	min_us=7.208	max_us=15.625
OP	ntok=2	op=MUL_MAT	name=node_499	fuse=1	src0=q4_0[256,1536,1]	src1=f32[256,2,1]	dst=f32[1536,2,1,1]	count=2	sum_us=27.625	min_us=7.875	max_us=19.750
OP	ntok=2	op=ADD	name=node_502	fuse=1	src0=f32[1536,2,1]	src1=f32[1536,2,1]	dst=f32[1536,2,1,1]	count=2	sum_us=23.125	min_us=7.000	max_us=16.125
OP	ntok=2	op=SET_ROWS	name=cache_v_l10 (view)	fuse=1	src0=f32[256,2,1]	src1=i64[2,1,1]	dst=f16[256,1024,1,1]	count=2	sum_us=21.375	min_us=6.750	max_us=14.625
OP	ntok=2	op=SET_ROWS	name=cache_k_l10 (view)	fuse=1	src0=f32[256,2,1]	src1=i64[2,1,1]	dst=f16[256,1024,1,1]	count=2	sum_us=21.583	min_us=6.875	max_us=14.708
OP	ntok=2	op=FLASH_ATTN_EXT	name=node_529	fuse=1	src0=f32[256,2,8]	src1=f16[256,256,1]	dst=f32[256,8,2,1]	count=2	sum_us=96.083	min_us=29.208	max_us=66.875
OP	ntok=2	op=MUL_MAT	name=node_531	fuse=1	src0=q4_0[2048,1536,1]	src1=f32[2048,2,1]	dst=f32[1536,2,1,1]	count=2	sum_us=62.083	min_us=16.875	max_us=45.208
OP	ntok=2	op=MUL_MAT	name=node_544	fuse=1	src0=q4_0[1536,256,1]	src1=f32[1536,2,1]	dst=f32[256,2,1,1]	count=2	sum_us=39.750	min_us=11.500	max_us=28.250
OP	ntok=2	op=UNARY	name=node_545	fuse=1	src0=f32[256,2,1]	src1=-[0,0,0]	dst=f32[256,2,1,1]	count=2	sum_us=25.750	min_us=7.375	max_us=18.375
OP	ntok=2	op=MUL	name=node_547	fuse=1	src0=f32[256,2,1]	src1=f32[256,2,1]	dst=f32[256,2,1,1]	count=2	sum_us=23.917	min_us=7.417	max_us=16.500
OP	ntok=2	op=MUL_MAT	name=node_548	fuse=1	src0=q4_0[256,1536,1]	src1=f32[256,2,1]	dst=f32[1536,2,1,1]	count=2	sum_us=28.250	min_us=8.000	max_us=20.250
OP	ntok=2	op=ADD	name=node_551	fuse=1	src0=f32[1536,2,1]	src1=f32[1536,2,1]	dst=f32[1536,2,1,1]	count=2	sum_us=24.375	min_us=7.750	max_us=16.625
OP	ntok=2	op=SET_ROWS	name=cache_v_l11 (view)	fuse=1	src0=f32[256,2,1]	src1=i64[2,1,1]	dst=f16[256,1024,1,1]	count=2	sum_us=21.500	min_us=6.500	max_us=15.000
OP	ntok=2	op=SET_ROWS	name=cache_k_l11 (view)	fuse=1	src0=f32[256,2,1]	src1=i64[2,1,1]	dst=f16[256,1024,1,1]	count=2	sum_us=20.792	min_us=6.292	max_us=14.500
OP	ntok=2	op=FLASH_ATTN_EXT	name=node_578	fuse=1	src0=f32[256,2,8]	src1=f16[256,256,1]	dst=f32[256,8,2,1]	count=2	sum_us=97.375	min_us=29.375	max_us=68.000
OP	ntok=2	op=MUL_MAT	name=node_580	fuse=1	src0=q4_0[2048,1536,1]	src1=f32[2048,2,1]	dst=f32[1536,2,1,1]	count=2	sum_us=59.750	min_us=16.375	max_us=43.375
OP	ntok=2	op=MUL_MAT	name=node_593	fuse=1	src0=q4_0[1536,256,1]	src1=f32[1536,2,1]	dst=f32[256,2,1,1]	count=2	sum_us=40.542	min_us=11.875	max_us=28.667
OP	ntok=2	op=UNARY	name=node_594	fuse=1	src0=f32[256,2,1]	src1=-[0,0,0]	dst=f32[256,2,1,1]	count=2	sum_us=25.792	min_us=6.917	max_us=18.875
OP	ntok=2	op=MUL	name=node_596	fuse=1	src0=f32[256,2,1]	src1=f32[256,2,1]	dst=f32[256,2,1,1]	count=2	sum_us=23.042	min_us=7.375	max_us=15.667
OP	ntok=2	op=MUL_MAT	name=node_597	fuse=1	src0=q4_0[256,1536,1]	src1=f32[256,2,1]	dst=f32[1536,2,1,1]	count=2	sum_us=30.875	min_us=7.917	max_us=22.958
OP	ntok=2	op=ADD	name=node_600	fuse=1	src0=f32[1536,2,1]	src1=f32[1536,2,1]	dst=f32[1536,2,1,1]	count=2	sum_us=23.292	min_us=7.000	max_us=16.292
OP	ntok=2	op=SET_ROWS	name=cache_v_l12 (view)	fuse=1	src0=f32[256,2,1]	src1=i64[2,1,1]	dst=f16[256,1024,1,1]	count=2	sum_us=20.917	min_us=6.250	max_us=14.667
OP	ntok=2	op=SET_ROWS	name=cache_k_l12 (view)	fuse=1	src0=f32[256,2,1]	src1=i64[2,1,1]	dst=f16[256,1024,1,1]	count=2	sum_us=21.375	min_us=6.542	max_us=14.833
OP	ntok=2	op=FLASH_ATTN_EXT	name=node_627	fuse=1	src0=f32[256,2,8]	src1=f16[256,256,1]	dst=f32[256,8,2,1]	count=2	sum_us=94.542	min_us=28.917	max_us=65.625
OP	ntok=2	op=MUL_MAT	name=node_629	fuse=1	src0=q4_0[2048,1536,1]	src1=f32[2048,2,1]	dst=f32[1536,2,1,1]	count=2	sum_us=61.125	min_us=16.875	max_us=44.250
OP	ntok=2	op=MUL_MAT	name=node_642	fuse=1	src0=q4_0[1536,256,1]	src1=f32[1536,2,1]	dst=f32[256,2,1,1]	count=2	sum_us=40.875	min_us=11.625	max_us=29.250
OP	ntok=2	op=UNARY	name=node_643	fuse=1	src0=f32[256,2,1]	src1=-[0,0,0]	dst=f32[256,2,1,1]	count=2	sum_us=25.708	min_us=7.250	max_us=18.458
OP	ntok=2	op=MUL	name=node_645	fuse=1	src0=f32[256,2,1]	src1=f32[256,2,1]	dst=f32[256,2,1,1]	count=2	sum_us=23.250	min_us=7.333	max_us=15.917
OP	ntok=2	op=MUL_MAT	name=node_646	fuse=1	src0=q4_0[256,1536,1]	src1=f32[256,2,1]	dst=f32[1536,2,1,1]	count=2	sum_us=28.042	min_us=8.292	max_us=19.750
OP	ntok=2	op=ADD	name=node_649	fuse=1	src0=f32[1536,2,1]	src1=f32[1536,2,1]	dst=f32[1536,2,1,1]	count=2	sum_us=23.000	min_us=6.625	max_us=16.375
OP	ntok=2	op=SET_ROWS	name=cache_v_l13 (view)	fuse=1	src0=f32[256,2,1]	src1=i64[2,1,1]	dst=f16[256,1024,1,1]	count=2	sum_us=21.375	min_us=6.500	max_us=14.875
OP	ntok=2	op=SET_ROWS	name=cache_k_l13 (view)	fuse=1	src0=f32[256,2,1]	src1=i64[2,1,1]	dst=f16[256,1024,1,1]	count=2	sum_us=21.292	min_us=6.708	max_us=14.583
OP	ntok=2	op=FLASH_ATTN_EXT	name=node_676	fuse=1	src0=f32[256,2,8]	src1=f16[256,256,1]	dst=f32[256,8,2,1]	count=2	sum_us=93.167	min_us=28.417	max_us=64.750
OP	ntok=2	op=MUL_MAT	name=node_678	fuse=1	src0=q4_0[2048,1536,1]	src1=f32[2048,2,1]	dst=f32[1536,2,1,1]	count=2	sum_us=60.000	min_us=16.000	max_us=44.000
OP	ntok=2	op=MUL_MAT	name=node_691	fuse=1	src0=q4_0[1536,256,1]	src1=f32[1536,2,1]	dst=f32[256,2,1,1]	count=2	sum_us=40.125	min_us=11.375	max_us=28.750
OP	ntok=2	op=UNARY	name=node_692	fuse=1	src0=f32[256,2,1]	src1=-[0,0,0]	dst=f32[256,2,1,1]	count=2	sum_us=26.375	min_us=7.375	max_us=19.000
OP	ntok=2	op=MUL	name=node_694	fuse=1	src0=f32[256,2,1]	src1=f32[256,2,1]	dst=f32[256,2,1,1]	count=2	sum_us=22.625	min_us=7.000	max_us=15.625
OP	ntok=2	op=MUL_MAT	name=node_695	fuse=1	src0=q4_0[256,1536,1]	src1=f32[256,2,1]	dst=f32[1536,2,1,1]	count=2	sum_us=27.250	min_us=8.250	max_us=19.000
OP	ntok=2	op=ADD	name=node_698	fuse=1	src0=f32[1536,2,1]	src1=f32[1536,2,1]	dst=f32[1536,2,1,1]	count=2	sum_us=23.917	min_us=7.500	max_us=16.417
OP	ntok=2	op=SET_ROWS	name=cache_v_l14 (view)	fuse=1	src0=f32[512,2,1]	src1=i64[2,1,1]	dst=f16[512,4096,1,1]	count=2	sum_us=22.750	min_us=7.125	max_us=15.625
OP	ntok=2	op=SET_ROWS	name=cache_k_l14 (view)	fuse=1	src0=f32[512,2,1]	src1=i64[2,1,1]	dst=f16[512,4096,1,1]	count=2	sum_us=21.417	min_us=6.583	max_us=14.833
OP	ntok=2	op=FLASH_ATTN_EXT	name=node_725	fuse=1	src0=f32[512,2,8]	src1=f16[512,256,1]	dst=f32[512,8,2,1]	count=2	sum_us=167.958	min_us=51.708	max_us=116.250
OP	ntok=2	op=MUL_MAT	name=node_727	fuse=1	src0=q4_0[4096,1536,1]	src1=f32[4096,2,1]	dst=f32[1536,2,1,1]	count=2	sum_us=98.083	min_us=24.583	max_us=73.500
OP	ntok=2	op=MUL_MAT	name=node_740	fuse=1	src0=q4_0[1536,256,1]	src1=f32[1536,2,1]	dst=f32[256,2,1,1]	count=2	sum_us=40.375	min_us=11.750	max_us=28.625
OP	ntok=2	op=UNARY	name=node_741	fuse=1	src0=f32[256,2,1]	src1=-[0,0,0]	dst=f32[256,2,1,1]	count=2	sum_us=23.542	min_us=7.042	max_us=16.500
OP	ntok=2	op=MUL	name=node_743	fuse=1	src0=f32[256,2,1]	src1=f32[256,2,1]	dst=f32[256,2,1,1]	count=2	sum_us=23.292	min_us=7.250	max_us=16.042
OP	ntok=2	op=MUL_MAT	name=node_744	fuse=1	src0=q4_0[256,1536,1]	src1=f32[256,2,1]	dst=f32[1536,2,1,1]	count=2	sum_us=27.917	min_us=7.875	max_us=20.042
OP	ntok=2	op=ADD	name=node_747	fuse=1	src0=f32[1536,2,1]	src1=f32[1536,2,1]	dst=f32[1536,2,1,1]	count=2	sum_us=24.042	min_us=7.500	max_us=16.542
OP	ntok=2	op=FLASH_ATTN_EXT	name=node_762	fuse=1	src0=f32[256,2,8]	src1=f16[256,256,1]	dst=f32[256,8,2,1]	count=2	sum_us=103.125	min_us=31.250	max_us=71.875
OP	ntok=2	op=MUL_MAT	name=node_764	fuse=1	src0=q4_0[2048,1536,1]	src1=f32[2048,2,1]	dst=f32[1536,2,1,1]	count=2	sum_us=60.500	min_us=16.500	max_us=44.000
OP	ntok=2	op=MUL_MAT	name=ffn_gate	fuse=1	src0=q4_0[1536,12288,1]	src1=f32[1536,2,1]	dst=f32[12288,2,1,1]	count=40	sum_us=4052.584	min_us=61.625	max_us=201.333
OP	ntok=2	op=MUL_MAT	name=ffn_up	fuse=1	src0=q4_0[1536,12288,1]	src1=f32[1536,2,1]	dst=f32[12288,2,1,1]	count=40	sum_us=3974.583	min_us=61.792	max_us=197.000
OP	ntok=2	op=GLU	name=ffn_geglu	fuse=1	src0=f32[12288,2,1]	src1=f32[12288,2,1]	dst=f32[12288,2,1,1]	count=40	sum_us=857.042	min_us=12.500	max_us=47.625
OP	ntok=2	op=MUL_MAT	name=ffn_out	fuse=1	src0=q4_0[12288,1536,1]	src1=f32[12288,2,1]	dst=f32[1536,2,1,1]	count=40	sum_us=3925.541	min_us=59.250	max_us=203.083
OP	ntok=2	op=MUL_MAT	name=node_777	fuse=1	src0=q4_0[1536,256,1]	src1=f32[1536,2,1]	dst=f32[256,2,1,1]	count=2	sum_us=40.542	min_us=11.792	max_us=28.750
OP	ntok=2	op=UNARY	name=node_778	fuse=1	src0=f32[256,2,1]	src1=-[0,0,0]	dst=f32[256,2,1,1]	count=2	sum_us=25.042	min_us=6.875	max_us=18.167
OP	ntok=2	op=MUL	name=node_780	fuse=1	src0=f32[256,2,1]	src1=f32[256,2,1]	dst=f32[256,2,1,1]	count=2	sum_us=22.833	min_us=7.208	max_us=15.625
OP	ntok=2	op=MUL_MAT	name=node_781	fuse=1	src0=q4_0[256,1536,1]	src1=f32[256,2,1]	dst=f32[1536,2,1,1]	count=2	sum_us=28.500	min_us=8.458	max_us=20.042
OP	ntok=2	op=ADD	name=node_784	fuse=1	src0=f32[1536,2,1]	src1=f32[1536,2,1]	dst=f32[1536,2,1,1]	count=2	sum_us=23.375	min_us=7.125	max_us=16.250
OP	ntok=2	op=FLASH_ATTN_EXT	name=node_799	fuse=1	src0=f32[256,2,8]	src1=f16[256,256,1]	dst=f32[256,8,2,1]	count=2	sum_us=94.750	min_us=27.000	max_us=67.750
OP	ntok=2	op=MUL_MAT	name=node_801	fuse=1	src0=q4_0[2048,1536,1]	src1=f32[2048,2,1]	dst=f32[1536,2,1,1]	count=2	sum_us=60.583	min_us=16.417	max_us=44.167
OP	ntok=2	op=MUL_MAT	name=node_814	fuse=1	src0=q4_0[1536,256,1]	src1=f32[1536,2,1]	dst=f32[256,2,1,1]	count=2	sum_us=40.250	min_us=11.625	max_us=28.625
OP	ntok=2	op=UNARY	name=node_815	fuse=1	src0=f32[256,2,1]	src1=-[0,0,0]	dst=f32[256,2,1,1]	count=2	sum_us=23.042	min_us=6.167	max_us=16.875
OP	ntok=2	op=MUL	name=node_817	fuse=1	src0=f32[256,2,1]	src1=f32[256,2,1]	dst=f32[256,2,1,1]	count=2	sum_us=23.000	min_us=7.000	max_us=16.000
OP	ntok=2	op=MUL_MAT	name=node_818	fuse=1	src0=q4_0[256,1536,1]	src1=f32[256,2,1]	dst=f32[1536,2,1,1]	count=2	sum_us=28.333	min_us=8.125	max_us=20.208
OP	ntok=2	op=ADD	name=node_821	fuse=1	src0=f32[1536,2,1]	src1=f32[1536,2,1]	dst=f32[1536,2,1,1]	count=2	sum_us=23.375	min_us=7.000	max_us=16.375
OP	ntok=2	op=FLASH_ATTN_EXT	name=node_836	fuse=1	src0=f32[256,2,8]	src1=f16[256,256,1]	dst=f32[256,8,2,1]	count=2	sum_us=97.084	min_us=26.583	max_us=70.500
OP	ntok=2	op=MUL_MAT	name=node_838	fuse=1	src0=q4_0[2048,1536,1]	src1=f32[2048,2,1]	dst=f32[1536,2,1,1]	count=2	sum_us=59.750	min_us=15.792	max_us=43.958
OP	ntok=2	op=MUL_MAT	name=node_851	fuse=1	src0=q4_0[1536,256,1]	src1=f32[1536,2,1]	dst=f32[256,2,1,1]	count=2	sum_us=41.458	min_us=11.833	max_us=29.625
OP	ntok=2	op=UNARY	name=node_852	fuse=1	src0=f32[256,2,1]	src1=-[0,0,0]	dst=f32[256,2,1,1]	count=2	sum_us=22.750	min_us=6.375	max_us=16.375
OP	ntok=2	op=MUL	name=node_854	fuse=1	src0=f32[256,2,1]	src1=f32[256,2,1]	dst=f32[256,2,1,1]	count=2	sum_us=23.375	min_us=7.292	max_us=16.083
OP	ntok=2	op=MUL_MAT	name=node_855	fuse=1	src0=q4_0[256,1536,1]	src1=f32[256,2,1]	dst=f32[1536,2,1,1]	count=2	sum_us=28.125	min_us=8.125	max_us=20.000
OP	ntok=2	op=ADD	name=node_858	fuse=1	src0=f32[1536,2,1]	src1=f32[1536,2,1]	dst=f32[1536,2,1,1]	count=2	sum_us=23.708	min_us=6.958	max_us=16.750
OP	ntok=2	op=FLASH_ATTN_EXT	name=node_873	fuse=1	src0=f32[256,2,8]	src1=f16[256,256,1]	dst=f32[256,8,2,1]	count=2	sum_us=97.292	min_us=28.292	max_us=69.000
OP	ntok=2	op=MUL_MAT	name=node_875	fuse=1	src0=q4_0[2048,1536,1]	src1=f32[2048,2,1]	dst=f32[1536,2,1,1]	count=2	sum_us=60.708	min_us=16.125	max_us=44.583
OP	ntok=2	op=MUL_MAT	name=node_888	fuse=1	src0=q4_0[1536,256,1]	src1=f32[1536,2,1]	dst=f32[256,2,1,1]	count=2	sum_us=39.583	min_us=11.250	max_us=28.333
OP	ntok=2	op=UNARY	name=node_889	fuse=1	src0=f32[256,2,1]	src1=-[0,0,0]	dst=f32[256,2,1,1]	count=2	sum_us=22.833	min_us=6.542	max_us=16.292
OP	ntok=2	op=MUL	name=node_891	fuse=1	src0=f32[256,2,1]	src1=f32[256,2,1]	dst=f32[256,2,1,1]	count=2	sum_us=22.958	min_us=7.042	max_us=15.917
OP	ntok=2	op=MUL_MAT	name=node_892	fuse=1	src0=q4_0[256,1536,1]	src1=f32[256,2,1]	dst=f32[1536,2,1,1]	count=2	sum_us=27.917	min_us=7.750	max_us=20.167
OP	ntok=2	op=ADD	name=node_895	fuse=1	src0=f32[1536,2,1]	src1=f32[1536,2,1]	dst=f32[1536,2,1,1]	count=2	sum_us=23.125	min_us=6.625	max_us=16.500
OP	ntok=2	op=FLASH_ATTN_EXT	name=node_910	fuse=1	src0=f32[512,2,8]	src1=f16[512,256,1]	dst=f32[512,8,2,1]	count=2	sum_us=167.750	min_us=52.208	max_us=115.542
OP	ntok=2	op=MUL_MAT	name=node_912	fuse=1	src0=q4_0[4096,1536,1]	src1=f32[4096,2,1]	dst=f32[1536,2,1,1]	count=2	sum_us=97.833	min_us=24.750	max_us=73.083
OP	ntok=2	op=MUL_MAT	name=node_925	fuse=1	src0=q4_0[1536,256,1]	src1=f32[1536,2,1]	dst=f32[256,2,1,1]	count=2	sum_us=40.125	min_us=11.750	max_us=28.375
OP	ntok=2	op=UNARY	name=node_926	fuse=1	src0=f32[256,2,1]	src1=-[0,0,0]	dst=f32[256,2,1,1]	count=2	sum_us=23.250	min_us=6.500	max_us=16.750
OP	ntok=2	op=MUL	name=node_928	fuse=1	src0=f32[256,2,1]	src1=f32[256,2,1]	dst=f32[256,2,1,1]	count=2	sum_us=23.459	min_us=7.625	max_us=15.833
OP	ntok=2	op=MUL_MAT	name=node_929	fuse=1	src0=q4_0[256,1536,1]	src1=f32[256,2,1]	dst=f32[1536,2,1,1]	count=2	sum_us=27.917	min_us=8.000	max_us=19.917
OP	ntok=2	op=ADD	name=node_932	fuse=1	src0=f32[1536,2,1]	src1=f32[1536,2,1]	dst=f32[1536,2,1,1]	count=2	sum_us=23.625	min_us=6.875	max_us=16.750
OP	ntok=2	op=FLASH_ATTN_EXT	name=node_947	fuse=1	src0=f32[256,2,8]	src1=f16[256,256,1]	dst=f32[256,8,2,1]	count=2	sum_us=100.458	min_us=30.708	max_us=69.750
OP	ntok=2	op=MUL_MAT	name=node_949	fuse=1	src0=q4_0[2048,1536,1]	src1=f32[2048,2,1]	dst=f32[1536,2,1,1]	count=2	sum_us=60.583	min_us=16.583	max_us=44.000
OP	ntok=2	op=MUL_MAT	name=node_962	fuse=1	src0=q4_0[1536,256,1]	src1=f32[1536,2,1]	dst=f32[256,2,1,1]	count=2	sum_us=44.708	min_us=11.542	max_us=33.167
OP	ntok=2	op=UNARY	name=node_963	fuse=1	src0=f32[256,2,1]	src1=-[0,0,0]	dst=f32[256,2,1,1]	count=2	sum_us=23.000	min_us=6.375	max_us=16.625
OP	ntok=2	op=MUL	name=node_965	fuse=1	src0=f32[256,2,1]	src1=f32[256,2,1]	dst=f32[256,2,1,1]	count=2	sum_us=22.292	min_us=6.625	max_us=15.667
OP	ntok=2	op=MUL_MAT	name=node_966	fuse=1	src0=q4_0[256,1536,1]	src1=f32[256,2,1]	dst=f32[1536,2,1,1]	count=2	sum_us=28.583	min_us=8.250	max_us=20.333
OP	ntok=2	op=ADD	name=node_969	fuse=1	src0=f32[1536,2,1]	src1=f32[1536,2,1]	dst=f32[1536,2,1,1]	count=2	sum_us=23.250	min_us=6.708	max_us=16.542
OP	ntok=2	op=FLASH_ATTN_EXT	name=node_984	fuse=1	src0=f32[256,2,8]	src1=f16[256,256,1]	dst=f32[256,8,2,1]	count=2	sum_us=94.417	min_us=27.042	max_us=67.375
OP	ntok=2	op=MUL_MAT	name=node_986	fuse=1	src0=q4_0[2048,1536,1]	src1=f32[2048,2,1]	dst=f32[1536,2,1,1]	count=2	sum_us=59.792	min_us=15.875	max_us=43.917
OP	ntok=2	op=MUL_MAT	name=node_999	fuse=1	src0=q4_0[1536,256,1]	src1=f32[1536,2,1]	dst=f32[256,2,1,1]	count=2	sum_us=40.375	min_us=11.500	max_us=28.875
OP	ntok=2	op=UNARY	name=node_1000	fuse=1	src0=f32[256,2,1]	src1=-[0,0,0]	dst=f32[256,2,1,1]	count=2	sum_us=22.917	min_us=6.417	max_us=16.500
OP	ntok=2	op=MUL	name=node_1002	fuse=1	src0=f32[256,2,1]	src1=f32[256,2,1]	dst=f32[256,2,1,1]	count=2	sum_us=22.958	min_us=7.000	max_us=15.958
OP	ntok=2	op=MUL_MAT	name=node_1003	fuse=1	src0=q4_0[256,1536,1]	src1=f32[256,2,1]	dst=f32[1536,2,1,1]	count=2	sum_us=27.917	min_us=7.875	max_us=20.042
OP	ntok=2	op=ADD	name=node_1006	fuse=1	src0=f32[1536,2,1]	src1=f32[1536,2,1]	dst=f32[1536,2,1,1]	count=2	sum_us=27.000	min_us=10.875	max_us=16.125
OP	ntok=2	op=FLASH_ATTN_EXT	name=node_1021	fuse=1	src0=f32[256,2,8]	src1=f16[256,256,1]	dst=f32[256,8,2,1]	count=2	sum_us=92.125	min_us=26.250	max_us=65.875
OP	ntok=2	op=MUL_MAT	name=node_1023	fuse=1	src0=q4_0[2048,1536,1]	src1=f32[2048,2,1]	dst=f32[1536,2,1,1]	count=2	sum_us=61.000	min_us=16.375	max_us=44.625
OP	ntok=2	op=MUL_MAT	name=node_1036	fuse=1	src0=q4_0[1536,256,1]	src1=f32[1536,2,1]	dst=f32[256,2,1,1]	count=2	sum_us=27.792	min_us=11.417	max_us=16.375
OP	ntok=2	op=UNARY	name=node_1037	fuse=1	src0=f32[256,2,1]	src1=-[0,0,0]	dst=f32[256,2,1,1]	count=2	sum_us=15.458	min_us=6.458	max_us=9.000
OP	ntok=2	op=MUL	name=node_1039	fuse=1	src0=f32[256,2,1]	src1=f32[256,2,1]	dst=f32[256,2,1,1]	count=2	sum_us=16.417	min_us=7.042	max_us=9.375
OP	ntok=2	op=MUL_MAT	name=node_1040	fuse=1	src0=q4_0[256,1536,1]	src1=f32[256,2,1]	dst=f32[1536,2,1,1]	count=2	sum_us=19.208	min_us=8.083	max_us=11.125
OP	ntok=2	op=ADD	name=node_1043	fuse=1	src0=f32[1536,2,1]	src1=f32[1536,2,1]	dst=f32[1536,2,1,1]	count=2	sum_us=18.083	min_us=8.083	max_us=10.000
OP	ntok=2	op=FLASH_ATTN_EXT	name=node_1058	fuse=1	src0=f32[256,2,8]	src1=f16[256,256,1]	dst=f32[256,8,2,1]	count=2	sum_us=66.042	min_us=28.292	max_us=37.750
OP	ntok=2	op=MUL_MAT	name=node_1060	fuse=1	src0=q4_0[2048,1536,1]	src1=f32[2048,2,1]	dst=f32[1536,2,1,1]	count=2	sum_us=39.583	min_us=15.750	max_us=23.833
OP	ntok=2	op=MUL_MAT	name=node_1073	fuse=1	src0=q4_0[1536,256,1]	src1=f32[1536,2,1]	dst=f32[256,2,1,1]	count=2	sum_us=28.125	min_us=11.625	max_us=16.500
OP	ntok=2	op=UNARY	name=node_1074	fuse=1	src0=f32[256,2,1]	src1=-[0,0,0]	dst=f32[256,2,1,1]	count=2	sum_us=16.500	min_us=6.500	max_us=10.000
OP	ntok=2	op=MUL	name=node_1076	fuse=1	src0=f32[256,2,1]	src1=f32[256,2,1]	dst=f32[256,2,1,1]	count=2	sum_us=15.708	min_us=6.625	max_us=9.083
OP	ntok=2	op=MUL_MAT	name=node_1077	fuse=1	src0=q4_0[256,1536,1]	src1=f32[256,2,1]	dst=f32[1536,2,1,1]	count=2	sum_us=19.292	min_us=8.250	max_us=11.042
OP	ntok=2	op=ADD	name=node_1080	fuse=1	src0=f32[1536,2,1]	src1=f32[1536,2,1]	dst=f32[1536,2,1,1]	count=2	sum_us=16.458	min_us=6.833	max_us=9.625
OP	ntok=2	op=FLASH_ATTN_EXT	name=node_1095	fuse=1	src0=f32[512,2,8]	src1=f16[512,256,1]	dst=f32[512,8,2,1]	count=2	sum_us=120.125	min_us=50.750	max_us=69.375
OP	ntok=2	op=MUL_MAT	name=node_1097	fuse=1	src0=q4_0[4096,1536,1]	src1=f32[4096,2,1]	dst=f32[1536,2,1,1]	count=2	sum_us=63.083	min_us=24.625	max_us=38.458
OP	ntok=2	op=MUL_MAT	name=node_1110	fuse=1	src0=q4_0[1536,256,1]	src1=f32[1536,2,1]	dst=f32[256,2,1,1]	count=2	sum_us=27.625	min_us=11.625	max_us=16.000
OP	ntok=2	op=UNARY	name=node_1111	fuse=1	src0=f32[256,2,1]	src1=-[0,0,0]	dst=f32[256,2,1,1]	count=2	sum_us=17.750	min_us=7.375	max_us=10.375
OP	ntok=2	op=MUL	name=node_1113	fuse=1	src0=f32[256,2,1]	src1=f32[256,2,1]	dst=f32[256,2,1,1]	count=2	sum_us=16.250	min_us=6.875	max_us=9.375
OP	ntok=2	op=MUL_MAT	name=node_1114	fuse=1	src0=q4_0[256,1536,1]	src1=f32[256,2,1]	dst=f32[1536,2,1,1]	count=2	sum_us=19.250	min_us=7.750	max_us=11.500
OP	ntok=2	op=ADD	name=node_1117	fuse=1	src0=f32[1536,2,1]	src1=f32[1536,2,1]	dst=f32[1536,2,1,1]	count=2	sum_us=17.125	min_us=7.208	max_us=9.917
OP	ntok=2	op=FLASH_ATTN_EXT	name=node_1132	fuse=1	src0=f32[256,2,8]	src1=f16[256,256,1]	dst=f32[256,8,2,1]	count=2	sum_us=70.417	min_us=30.000	max_us=40.417
OP	ntok=2	op=MUL_MAT	name=node_1134	fuse=1	src0=q4_0[2048,1536,1]	src1=f32[2048,2,1]	dst=f32[1536,2,1,1]	count=2	sum_us=41.167	min_us=16.625	max_us=24.542
OP	ntok=2	op=MUL_MAT	name=node_1147	fuse=1	src0=q4_0[1536,256,1]	src1=f32[1536,2,1]	dst=f32[256,2,1,1]	count=2	sum_us=27.750	min_us=11.625	max_us=16.125
OP	ntok=2	op=UNARY	name=node_1148	fuse=1	src0=f32[256,2,1]	src1=-[0,0,0]	dst=f32[256,2,1,1]	count=2	sum_us=16.500	min_us=6.750	max_us=9.750
OP	ntok=2	op=MUL	name=node_1150	fuse=1	src0=f32[256,2,1]	src1=f32[256,2,1]	dst=f32[256,2,1,1]	count=2	sum_us=15.833	min_us=6.750	max_us=9.083
OP	ntok=2	op=MUL_MAT	name=node_1151	fuse=1	src0=q4_0[256,1536,1]	src1=f32[256,2,1]	dst=f32[1536,2,1,1]	count=2	sum_us=19.042	min_us=8.083	max_us=10.958
OP	ntok=2	op=ADD	name=node_1154	fuse=1	src0=f32[1536,2,1]	src1=f32[1536,2,1]	dst=f32[1536,2,1,1]	count=2	sum_us=15.500	min_us=6.500	max_us=9.000
OP	ntok=2	op=FLASH_ATTN_EXT	name=node_1169	fuse=1	src0=f32[256,2,8]	src1=f16[256,256,1]	dst=f32[256,8,2,1]	count=2	sum_us=63.583	min_us=27.083	max_us=36.500
OP	ntok=2	op=MUL_MAT	name=node_1171	fuse=1	src0=q4_0[2048,1536,1]	src1=f32[2048,2,1]	dst=f32[1536,2,1,1]	count=2	sum_us=40.583	min_us=16.958	max_us=23.625
OP	ntok=2	op=MUL_MAT	name=node_1184	fuse=1	src0=q4_0[1536,256,1]	src1=f32[1536,2,1]	dst=f32[256,2,1,1]	count=2	sum_us=27.208	min_us=11.458	max_us=15.750
OP	ntok=2	op=UNARY	name=node_1185	fuse=1	src0=f32[256,2,1]	src1=-[0,0,0]	dst=f32[256,2,1,1]	count=2	sum_us=17.083	min_us=6.958	max_us=10.125
OP	ntok=2	op=MUL	name=node_1187	fuse=1	src0=f32[256,2,1]	src1=f32[256,2,1]	dst=f32[256,2,1,1]	count=2	sum_us=16.500	min_us=7.375	max_us=9.125
OP	ntok=2	op=MUL_MAT	name=node_1188	fuse=1	src0=q4_0[256,1536,1]	src1=f32[256,2,1]	dst=f32[1536,2,1,1]	count=2	sum_us=19.208	min_us=8.083	max_us=11.125
OP	ntok=2	op=ADD	name=node_1191	fuse=1	src0=f32[1536,2,1]	src1=f32[1536,2,1]	dst=f32[1536,2,1,1]	count=2	sum_us=16.250	min_us=6.958	max_us=9.292
OP	ntok=2	op=FLASH_ATTN_EXT	name=node_1206	fuse=1	src0=f32[256,2,8]	src1=f16[256,256,1]	dst=f32[256,8,2,1]	count=2	sum_us=62.625	min_us=26.750	max_us=35.875
OP	ntok=2	op=MUL_MAT	name=node_1208	fuse=1	src0=q4_0[2048,1536,1]	src1=f32[2048,2,1]	dst=f32[1536,2,1,1]	count=2	sum_us=39.708	min_us=15.833	max_us=23.875
OP	ntok=2	op=MUL_MAT	name=node_1221	fuse=1	src0=q4_0[1536,256,1]	src1=f32[1536,2,1]	dst=f32[256,2,1,1]	count=2	sum_us=27.500	min_us=11.500	max_us=16.000
OP	ntok=2	op=UNARY	name=node_1222	fuse=1	src0=f32[256,2,1]	src1=-[0,0,0]	dst=f32[256,2,1,1]	count=2	sum_us=16.042	min_us=6.750	max_us=9.292
OP	ntok=2	op=MUL	name=node_1224	fuse=1	src0=f32[256,2,1]	src1=f32[256,2,1]	dst=f32[256,2,1,1]	count=2	sum_us=15.542	min_us=6.542	max_us=9.000
OP	ntok=2	op=MUL_MAT	name=node_1225	fuse=1	src0=q4_0[256,1536,1]	src1=f32[256,2,1]	dst=f32[1536,2,1,1]	count=2	sum_us=19.042	min_us=8.167	max_us=10.875
OP	ntok=2	op=ADD	name=node_1228	fuse=1	src0=f32[1536,2,1]	src1=f32[1536,2,1]	dst=f32[1536,2,1,1]	count=2	sum_us=16.333	min_us=7.042	max_us=9.292
OP	ntok=2	op=FLASH_ATTN_EXT	name=node_1243	fuse=1	src0=f32[256,2,8]	src1=f16[256,256,1]	dst=f32[256,8,2,1]	count=2	sum_us=64.875	min_us=27.375	max_us=37.500
OP	ntok=2	op=MUL_MAT	name=node_1245	fuse=1	src0=q4_0[2048,1536,1]	src1=f32[2048,2,1]	dst=f32[1536,2,1,1]	count=2	sum_us=39.208	min_us=15.708	max_us=23.500
OP	ntok=2	op=MUL_MAT	name=node_1258	fuse=1	src0=q4_0[1536,256,1]	src1=f32[1536,2,1]	dst=f32[256,2,1,1]	count=2	sum_us=27.833	min_us=11.625	max_us=16.208
OP	ntok=2	op=UNARY	name=node_1259	fuse=1	src0=f32[256,2,1]	src1=-[0,0,0]	dst=f32[256,2,1,1]	count=2	sum_us=15.792	min_us=7.042	max_us=8.750
OP	ntok=2	op=MUL	name=node_1261	fuse=1	src0=f32[256,2,1]	src1=f32[256,2,1]	dst=f32[256,2,1,1]	count=2	sum_us=16.292	min_us=7.042	max_us=9.250
OP	ntok=2	op=MUL_MAT	name=node_1262	fuse=1	src0=q4_0[256,1536,1]	src1=f32[256,2,1]	dst=f32[1536,2,1,1]	count=2	sum_us=19.000	min_us=8.125	max_us=10.875
OP	ntok=2	op=ADD	name=node_1265	fuse=1	src0=f32[1536,2,1]	src1=f32[1536,2,1]	dst=f32[1536,2,1,1]	count=2	sum_us=16.417	min_us=6.875	max_us=9.542
OP	ntok=2	op=FLASH_ATTN_EXT	name=node_1280	fuse=1	src0=f32[512,2,8]	src1=f16[512,256,1]	dst=f32[512,8,2,1]	count=2	sum_us=117.250	min_us=51.917	max_us=65.333
OP	ntok=2	op=MUL_MAT	name=node_1282	fuse=1	src0=q4_0[4096,1536,1]	src1=f32[4096,2,1]	dst=f32[1536,2,1,1]	count=2	sum_us=61.542	min_us=24.208	max_us=37.333
OP	ntok=2	op=MUL_MAT	name=node_1295	fuse=1	src0=q4_0[1536,256,1]	src1=f32[1536,2,1]	dst=f32[256,2,1,1]	count=2	sum_us=27.500	min_us=11.500	max_us=16.000
OP	ntok=2	op=UNARY	name=node_1296	fuse=1	src0=f32[256,2,1]	src1=-[0,0,0]	dst=f32[256,2,1,1]	count=2	sum_us=20.167	min_us=6.708	max_us=13.458
OP	ntok=2	op=MUL	name=node_1298	fuse=1	src0=f32[256,2,1]	src1=f32[256,2,1]	dst=f32[256,2,1,1]	count=2	sum_us=19.708	min_us=7.250	max_us=12.458
OP	ntok=2	op=MUL_MAT	name=node_1299	fuse=1	src0=q4_0[256,1536,1]	src1=f32[256,2,1]	dst=f32[1536,2,1,1]	count=2	sum_us=19.750	min_us=8.750	max_us=11.000
OP	ntok=2	op=ADD	name=node_1302	fuse=1	src0=f32[1536,2,1]	src1=f32[1536,2,1]	dst=f32[1536,2,1,1]	count=2	sum_us=17.833	min_us=7.750	max_us=10.083
OP	ntok=2	op=FLASH_ATTN_EXT	name=node_1317	fuse=1	src0=f32[256,2,8]	src1=f16[256,256,1]	dst=f32[256,8,2,1]	count=2	sum_us=70.542	min_us=30.167	max_us=40.375
OP	ntok=2	op=MUL_MAT	name=node_1319	fuse=1	src0=q4_0[2048,1536,1]	src1=f32[2048,2,1]	dst=f32[1536,2,1,1]	count=2	sum_us=40.917	min_us=16.500	max_us=24.417
OP	ntok=2	op=MUL_MAT	name=node_1332	fuse=1	src0=q4_0[1536,256,1]	src1=f32[1536,2,1]	dst=f32[256,2,1,1]	count=2	sum_us=33.333	min_us=12.750	max_us=20.583
OP	ntok=2	op=UNARY	name=node_1333	fuse=1	src0=f32[256,2,1]	src1=-[0,0,0]	dst=f32[256,2,1,1]	count=2	sum_us=17.000	min_us=6.750	max_us=10.250
OP	ntok=2	op=MUL	name=node_1335	fuse=1	src0=f32[256,2,1]	src1=f32[256,2,1]	dst=f32[256,2,1,1]	count=2	sum_us=16.167	min_us=6.750	max_us=9.417
OP	ntok=2	op=MUL_MAT	name=node_1336	fuse=1	src0=q4_0[256,1536,1]	src1=f32[256,2,1]	dst=f32[1536,2,1,1]	count=2	sum_us=19.458	min_us=8.250	max_us=11.208
OP	ntok=2	op=ADD	name=node_1339	fuse=1	src0=f32[1536,2,1]	src1=f32[1536,2,1]	dst=f32[1536,2,1,1]	count=2	sum_us=16.625	min_us=7.375	max_us=9.250
OP	ntok=2	op=FLASH_ATTN_EXT	name=node_1354	fuse=1	src0=f32[256,2,8]	src1=f16[256,256,1]	dst=f32[256,8,2,1]	count=2	sum_us=65.083	min_us=27.917	max_us=37.167
OP	ntok=2	op=MUL_MAT	name=node_1356	fuse=1	src0=q4_0[2048,1536,1]	src1=f32[2048,2,1]	dst=f32[1536,2,1,1]	count=2	sum_us=39.500	min_us=15.750	max_us=23.750
OP	ntok=2	op=MUL_MAT	name=node_1369	fuse=1	src0=q4_0[1536,256,1]	src1=f32[1536,2,1]	dst=f32[256,2,1,1]	count=2	sum_us=28.375	min_us=12.000	max_us=16.375
OP	ntok=2	op=UNARY	name=node_1370	fuse=1	src0=f32[256,2,1]	src1=-[0,0,0]	dst=f32[256,2,1,1]	count=2	sum_us=19.458	min_us=6.667	max_us=12.792
OP	ntok=2	op=MUL	name=node_1372	fuse=1	src0=f32[256,2,1]	src1=f32[256,2,1]	dst=f32[256,2,1,1]	count=2	sum_us=15.125	min_us=6.500	max_us=8.625
OP	ntok=2	op=MUL_MAT	name=node_1373	fuse=1	src0=q4_0[256,1536,1]	src1=f32[256,2,1]	dst=f32[1536,2,1,1]	count=2	sum_us=18.875	min_us=8.000	max_us=10.875
OP	ntok=2	op=ADD	name=node_1376	fuse=1	src0=f32[1536,2,1]	src1=f32[1536,2,1]	dst=f32[1536,2,1,1]	count=2	sum_us=16.458	min_us=7.000	max_us=9.458
OP	ntok=2	op=FLASH_ATTN_EXT	name=node_1391	fuse=1	src0=f32[256,2,8]	src1=f16[256,256,1]	dst=f32[256,8,2,1]	count=2	sum_us=65.042	min_us=28.125	max_us=36.917
OP	ntok=2	op=MUL_MAT	name=node_1393	fuse=1	src0=q4_0[2048,1536,1]	src1=f32[2048,2,1]	dst=f32[1536,2,1,1]	count=2	sum_us=39.750	min_us=16.125	max_us=23.625
OP	ntok=2	op=MUL_MAT	name=node_1406	fuse=1	src0=q4_0[1536,256,1]	src1=f32[1536,2,1]	dst=f32[256,2,1,1]	count=2	sum_us=29.375	min_us=12.833	max_us=16.542
OP	ntok=2	op=UNARY	name=node_1407	fuse=1	src0=f32[256,2,1]	src1=-[0,0,0]	dst=f32[256,2,1,1]	count=2	sum_us=16.958	min_us=6.708	max_us=10.250
OP	ntok=2	op=MUL	name=node_1409	fuse=1	src0=f32[256,2,1]	src1=f32[256,2,1]	dst=f32[256,2,1,1]	count=2	sum_us=15.250	min_us=6.625	max_us=8.625
OP	ntok=2	op=MUL_MAT	name=node_1410	fuse=1	src0=q4_0[256,1536,1]	src1=f32[256,2,1]	dst=f32[1536,2,1,1]	count=2	sum_us=18.708	min_us=7.917	max_us=10.792
OP	ntok=2	op=ADD	name=node_1413	fuse=1	src0=f32[1536,2,1]	src1=f32[1536,2,1]	dst=f32[1536,2,1,1]	count=2	sum_us=15.667	min_us=6.667	max_us=9.000
OP	ntok=2	op=FLASH_ATTN_EXT	name=node_1428	fuse=1	src0=f32[256,2,8]	src1=f16[256,256,1]	dst=f32[256,8,2,1]	count=2	sum_us=67.750	min_us=29.500	max_us=38.250
OP	ntok=2	op=MUL_MAT	name=node_1430	fuse=1	src0=q4_0[2048,1536,1]	src1=f32[2048,2,1]	dst=f32[1536,2,1,1]	count=2	sum_us=40.792	min_us=16.708	max_us=24.083
OP	ntok=2	op=MUL_MAT	name=node_1443	fuse=1	src0=q4_0[1536,256,1]	src1=f32[1536,2,1]	dst=f32[256,2,1,1]	count=2	sum_us=29.250	min_us=12.500	max_us=16.750
OP	ntok=2	op=UNARY	name=node_1444	fuse=1	src0=f32[256,2,1]	src1=-[0,0,0]	dst=f32[256,2,1,1]	count=2	sum_us=18.417	min_us=7.250	max_us=11.167
OP	ntok=2	op=MUL	name=node_1446	fuse=1	src0=f32[256,2,1]	src1=f32[256,2,1]	dst=f32[256,2,1,1]	count=2	sum_us=17.417	min_us=7.500	max_us=9.917
OP	ntok=2	op=MUL_MAT	name=node_1447	fuse=1	src0=q4_0[256,1536,1]	src1=f32[256,2,1]	dst=f32[1536,2,1,1]	count=2	sum_us=19.292	min_us=8.167	max_us=11.125
OP	ntok=2	op=ADD	name=node_1450	fuse=1	src0=f32[1536,2,1]	src1=f32[1536,2,1]	dst=f32[1536,2,1,1]	count=2	sum_us=17.292	min_us=7.417	max_us=9.875
OP	ntok=2	op=FLASH_ATTN_EXT	name=node_1465	fuse=1	src0=f32[512,2,8]	src1=f16[512,256,1]	dst=f32[512,8,2,1]	count=2	sum_us=120.083	min_us=51.417	max_us=68.667
OP	ntok=2	op=MUL_MAT	name=node_1467	fuse=1	src0=q4_0[4096,1536,1]	src1=f32[4096,2,1]	dst=f32[1536,2,1,1]	count=2	sum_us=69.042	min_us=28.292	max_us=40.750
OP	ntok=2	op=MUL_MAT	name=node_1480	fuse=1	src0=q4_0[1536,256,1]	src1=f32[1536,2,1]	dst=f32[256,2,1,1]	count=2	sum_us=28.917	min_us=12.042	max_us=16.875
OP	ntok=2	op=UNARY	name=node_1481	fuse=1	src0=f32[256,2,1]	src1=-[0,0,0]	dst=f32[256,2,1,1]	count=2	sum_us=17.250	min_us=6.625	max_us=10.625
OP	ntok=2	op=MUL	name=node_1483	fuse=1	src0=f32[256,2,1]	src1=f32[256,2,1]	dst=f32[256,2,1,1]	count=2	sum_us=16.500	min_us=7.458	max_us=9.042
OP	ntok=2	op=MUL_MAT	name=node_1484	fuse=1	src0=q4_0[256,1536,1]	src1=f32[256,2,1]	dst=f32[1536,2,1,1]	count=2	sum_us=18.292	min_us=8.500	max_us=9.792
OP	ntok=2	op=ADD	name=node_1487	fuse=1	src0=f32[1536,2,1]	src1=f32[1536,2,1]	dst=f32[1536,2,1,1]	count=2	sum_us=16.500	min_us=7.000	max_us=9.500
OP	ntok=2	op=GET_ROWS	name=result_norm	fuse=1	src0=f32[1536,2,1]	src1=i32[1,1,1]	dst=f32[1536,1,1,1]	count=2	sum_us=13.542	min_us=6.000	max_us=7.542
OP	ntok=2	op=MUL_MAT	name=node_1492	fuse=1	src0=q6_K[1536,262144,1]	src1=f32[1536,1,1]	dst=f32[262144,1,1,1]	count=2	sum_us=2190.250	min_us=943.750	max_us=1246.500
OP	ntok=2	op=SCALE	name=node_1493	fuse=1	src0=f32[262144,1,1]	src1=-[0,0,0]	dst=f32[262144,1,1,1]	count=2	sum_us=23.917	min_us=11.333	max_us=12.583
OP	ntok=2	op=UNARY	name=node_1494	fuse=1	src0=f32[262144,1,1]	src1=-[0,0,0]	dst=f32[262144,1,1,1]	count=2	sum_us=25.375	min_us=11.500	max_us=13.875
OP	ntok=2	op=SCALE	name=result_output	fuse=1	src0=f32[262144,1,1]	src1=-[0,0,0]	dst=f32[262144,1,1,1]	count=2	sum_us=21.000	min_us=9.500	max_us=11.500
OP	ntok=455	op=SCALE	name=inp_per_layer_selected	fuse=1	src0=f32[256,35,455]	src1=-[0,0,0]	dst=f32[256,35,455,1]	count=3	sum_us=338.167	min_us=101.667	max_us=134.625
OP	ntok=455	op=SCALE	name=inp_scaled	fuse=1	src0=f32[1536,455,1]	src1=-[0,0,0]	dst=f32[1536,455,1,1]	count=3	sum_us=90.458	min_us=19.458	max_us=43.792
OP	ntok=455	op=RMS_NORM	name=norm	fuse=2	src0=f32[1536,455,1]	src1=-[0,0,0]	dst=f32[1536,455,1,1]	count=318	sum_us=6876.750	min_us=20.250	max_us=65.167
OP	ntok=455	op=MUL_MAT	name=Qcur	fuse=1	src0=q4_0[1536,2048,1]	src1=f32[1536,455,1]	dst=f32[2048,455,1,1]	count=84	sum_us=34063.041	min_us=389.083	max_us=1284.750
OP	ntok=455	op=MUL_MAT	name=Kcur	fuse=1	src0=q4_0[1536,256,1]	src1=f32[1536,455,1]	dst=f32[256,455,1,1]	count=36	sum_us=3220.125	min_us=80.667	max_us=255.958
OP	ntok=455	op=MUL_MAT	name=Vcur	fuse=1	src0=q4_0[1536,256,1]	src1=f32[1536,455,1]	dst=f32[256,455,1,1]	count=36	sum_us=3182.208	min_us=80.333	max_us=255.750
OP	ntok=455	op=RMS_NORM	name=norm	fuse=2	src0=f32[256,8,455]	src1=-[0,0,0]	dst=f32[256,8,455,1]	count=84	sum_us=2146.750	min_us=23.625	max_us=77.167
OP	ntok=455	op=RMS_NORM	name=norm	fuse=2	src0=f32[256,1,455]	src1=-[0,0,0]	dst=f32[256,1,455,1]	count=36	sum_us=367.750	min_us=8.625	max_us=26.625
OP	ntok=455	op=RMS_NORM	name=Vcur_normed	fuse=1	src0=f32[256,1,455]	src1=-[0,0,0]	dst=f32[256,1,455,1]	count=36	sum_us=332.583	min_us=7.750	max_us=23.750
OP	ntok=455	op=ROPE	name=Qcur_pos	fuse=1	src0=f32[256,8,455]	src1=i32[455,1,1]	dst=f32[256,8,455,1]	count=84	sum_us=2811.291	min_us=31.750	max_us=100.875
OP	ntok=455	op=ROPE	name=Kcur_pos	fuse=1	src0=f32[256,1,455]	src1=i32[455,1,1]	dst=f32[256,1,455,1]	count=36	sum_us=371.167	min_us=9.000	max_us=26.292
OP	ntok=455	op=SET_ROWS	name=cache_v_l0 (view)	fuse=1	src0=f32[256,455,1]	src1=i64[455,1,1]	dst=f16[256,1024,1,1]	count=3	sum_us=72.792	min_us=13.458	max_us=45.458
OP	ntok=455	op=SET_ROWS	name=cache_k_l0 (view)	fuse=1	src0=f32[256,455,1]	src1=i64[455,1,1]	dst=f16[256,1024,1,1]	count=3	sum_us=66.584	min_us=13.750	max_us=38.708
OP	ntok=455	op=MUL_MAT	name=node_47	fuse=1	src0=f16[1536,8960,1]	src1=f32[1536,455,1]	dst=f32[8960,455,1,1]	count=3	sum_us=8065.500	min_us=1476.833	max_us=4894.542
OP	ntok=455	op=FLASH_ATTN_EXT	name=node_30	fuse=1	src0=f32[256,455,8]	src1=f16[256,512,1]	dst=f32[256,8,455,1]	count=3	sum_us=1313.625	min_us=248.250	max_us=762.000
OP	ntok=455	op=SCALE	name=node_48	fuse=1	src0=f32[8960,455,1]	src1=-[0,0,0]	dst=f32[8960,455,1,1]	count=3	sum_us=261.750	min_us=62.625	max_us=132.792
OP	ntok=455	op=MUL_MAT	name=node_32	fuse=1	src0=q4_0[2048,1536,1]	src1=f32[2048,455,1]	dst=f32[1536,455,1,1]	count=3	sum_us=2346.333	min_us=419.042	max_us=1372.125
OP	ntok=455	op=RMS_NORM	name=norm	fuse=3	src0=f32[256,35,455]	src1=-[0,0,0]	dst=f32[256,35,455,1]	count=3	sum_us=599.833	min_us=121.917	max_us=340.542
OP	ntok=455	op=RMS_NORM	name=norm	fuse=3	src0=f32[1536,455,1]	src1=-[0,0,0]	dst=f32[1536,455,1,1]	count=210	sum_us=6159.042	min_us=25.125	max_us=79.000
OP	ntok=455	op=SCALE	name=inp_per_layer	fuse=1	src0=f32[256,35,455]	src1=-[0,0,0]	dst=f32[256,35,455,1]	count=3	sum_us=263.292	min_us=64.000	max_us=131.625
OP	ntok=455	op=MUL_MAT	name=ffn_gate	fuse=1	src0=q4_0[1536,6144,1]	src1=f32[1536,455,1]	dst=f32[6144,455,1,1]	count=45	sum_us=53815.000	min_us=1114.167	max_us=3687.500
OP	ntok=455	op=MUL_MAT	name=ffn_up	fuse=1	src0=q4_0[1536,6144,1]	src1=f32[1536,455,1]	dst=f32[6144,455,1,1]	count=45	sum_us=52255.500	min_us=1114.250	max_us=2672.500
OP	ntok=455	op=CONT	name=inp_per_layer (permuted) (cont)	fuse=1	src0=f32[256,455,35]	src1=-[0,0,0]	dst=f32[256,455,35,1]	count=3	sum_us=3864.375	min_us=1053.625	max_us=1756.583
OP	ntok=455	op=GLU	name=ffn_geglu	fuse=1	src0=f32[6144,455,1]	src1=f32[6144,455,1]	dst=f32[6144,455,1,1]	count=45	sum_us=4103.250	min_us=72.292	max_us=147.417
OP	ntok=455	op=MUL_MAT	name=ffn_out	fuse=1	src0=q4_0[6144,1536,1]	src1=f32[6144,455,1]	dst=f32[1536,455,1,1]	count=45	sum_us=56651.166	min_us=1226.625	max_us=2046.792
OP	ntok=455	op=MUL_MAT	name=node_45	fuse=1	src0=q4_0[1536,256,1]	src1=f32[1536,455,1]	dst=f32[256,455,1,1]	count=3	sum_us=298.833	min_us=84.875	max_us=128.583
OP	ntok=455	op=UNARY	name=node_46	fuse=1	src0=f32[256,455,1]	src1=-[0,0,0]	dst=f32[256,455,1,1]	count=3	sum_us=42.500	min_us=11.375	max_us=19.583
OP	ntok=455	op=MUL	name=node_57	fuse=1	src0=f32[256,455,1]	src1=f32[256,455,1]	dst=f32[256,455,1,1]	count=3	sum_us=43.833	min_us=11.125	max_us=17.167
OP	ntok=455	op=MUL_MAT	name=node_58	fuse=1	src0=q4_0[256,1536,1]	src1=f32[256,455,1]	dst=f32[1536,455,1,1]	count=3	sum_us=233.417	min_us=64.333	max_us=103.375
OP	ntok=455	op=ADD	name=node_61	fuse=1	src0=f32[1536,455,1]	src1=f32[1536,455,1]	dst=f32[1536,455,1,1]	count=3	sum_us=69.000	min_us=19.792	max_us=29.375
OP	ntok=455	op=MUL	name=l_out	fuse=1	src0=f32[1536,455,1]	src1=f32[1,1,1]	dst=f32[1536,455,1,1]	count=105	sum_us=2492.668	min_us=22.792	max_us=36.667
OP	ntok=455	op=SET_ROWS	name=cache_v_l1 (view)	fuse=1	src0=f32[256,455,1]	src1=i64[455,1,1]	dst=f16[256,1024,1,1]	count=3	sum_us=48.458	min_us=13.500	max_us=20.750
OP	ntok=455	op=SET_ROWS	name=cache_k_l1 (view)	fuse=1	src0=f32[256,455,1]	src1=i64[455,1,1]	dst=f16[256,1024,1,1]	count=3	sum_us=48.750	min_us=13.750	max_us=21.250
OP	ntok=455	op=FLASH_ATTN_EXT	name=node_88	fuse=1	src0=f32[256,455,8]	src1=f16[256,512,1]	dst=f32[256,8,455,1]	count=3	sum_us=882.583	min_us=244.583	max_us=387.417
OP	ntok=455	op=MUL_MAT	name=node_90	fuse=1	src0=q4_0[2048,1536,1]	src1=f32[2048,455,1]	dst=f32[1536,455,1,1]	count=3	sum_us=1525.542	min_us=415.958	max_us=691.625
OP	ntok=455	op=MUL_MAT	name=node_103	fuse=1	src0=q4_0[1536,256,1]	src1=f32[1536,455,1]	dst=f32[256,455,1,1]	count=3	sum_us=275.792	min_us=81.875	max_us=111.500
OP	ntok=455	op=UNARY	name=node_104	fuse=1	src0=f32[256,455,1]	src1=-[0,0,0]	dst=f32[256,455,1,1]	count=3	sum_us=36.875	min_us=10.500	max_us=15.625
OP	ntok=455	op=MUL	name=node_106	fuse=1	src0=f32[256,455,1]	src1=f32[256,455,1]	dst=f32[256,455,1,1]	count=3	sum_us=38.667	min_us=10.292	max_us=18.000
OP	ntok=455	op=MUL_MAT	name=node_107	fuse=1	src0=q4_0[256,1536,1]	src1=f32[256,455,1]	dst=f32[1536,455,1,1]	count=3	sum_us=214.500	min_us=63.500	max_us=86.625
OP	ntok=455	op=ADD	name=node_110	fuse=1	src0=f32[1536,455,1]	src1=f32[1536,455,1]	dst=f32[1536,455,1,1]	count=3	sum_us=65.542	min_us=19.875	max_us=25.500
OP	ntok=455	op=SET_ROWS	name=cache_v_l2 (view)	fuse=1	src0=f32[256,455,1]	src1=i64[455,1,1]	dst=f16[256,1024,1,1]	count=3	sum_us=44.167	min_us=13.375	max_us=17.167
OP	ntok=455	op=SET_ROWS	name=cache_k_l2 (view)	fuse=1	src0=f32[256,455,1]	src1=i64[455,1,1]	dst=f16[256,1024,1,1]	count=3	sum_us=44.583	min_us=13.625	max_us=17.208
OP	ntok=455	op=FLASH_ATTN_EXT	name=node_137	fuse=1	src0=f32[256,455,8]	src1=f16[256,512,1]	dst=f32[256,8,455,1]	count=3	sum_us=791.292	min_us=237.000	max_us=306.625
OP	ntok=455	op=MUL_MAT	name=node_139	fuse=1	src0=q4_0[2048,1536,1]	src1=f32[2048,455,1]	dst=f32[1536,455,1,1]	count=3	sum_us=1385.542	min_us=415.000	max_us=551.708
OP	ntok=455	op=MUL_MAT	name=node_152	fuse=1	src0=q4_0[1536,256,1]	src1=f32[1536,455,1]	dst=f32[256,455,1,1]	count=3	sum_us=245.833	min_us=81.417	max_us=82.250
OP	ntok=455	op=UNARY	name=node_153	fuse=1	src0=f32[256,455,1]	src1=-[0,0,0]	dst=f32[256,455,1,1]	count=3	sum_us=33.833	min_us=11.208	max_us=11.375
OP	ntok=455	op=MUL	name=node_155	fuse=1	src0=f32[256,455,1]	src1=f32[256,455,1]	dst=f32[256,455,1,1]	count=3	sum_us=33.083	min_us=9.792	max_us=12.875
OP	ntok=455	op=MUL_MAT	name=node_156	fuse=1	src0=q4_0[256,1536,1]	src1=f32[256,455,1]	dst=f32[1536,455,1,1]	count=3	sum_us=191.792	min_us=63.750	max_us=64.125
OP	ntok=455	op=ADD	name=node_159	fuse=1	src0=f32[1536,455,1]	src1=f32[1536,455,1]	dst=f32[1536,455,1,1]	count=3	sum_us=58.250	min_us=19.250	max_us=19.500
OP	ntok=455	op=SET_ROWS	name=cache_v_l3 (view)	fuse=1	src0=f32[256,455,1]	src1=i64[455,1,1]	dst=f16[256,1024,1,1]	count=3	sum_us=41.292	min_us=13.625	max_us=13.875
OP	ntok=455	op=SET_ROWS	name=cache_k_l3 (view)	fuse=1	src0=f32[256,455,1]	src1=i64[455,1,1]	dst=f16[256,1024,1,1]	count=3	sum_us=40.250	min_us=13.208	max_us=13.625
OP	ntok=455	op=FLASH_ATTN_EXT	name=node_186	fuse=1	src0=f32[256,455,8]	src1=f16[256,512,1]	dst=f32[256,8,455,1]	count=3	sum_us=724.000	min_us=234.292	max_us=253.708
OP	ntok=455	op=MUL_MAT	name=node_188	fuse=1	src0=q4_0[2048,1536,1]	src1=f32[2048,455,1]	dst=f32[1536,455,1,1]	count=3	sum_us=1251.042	min_us=414.125	max_us=421.167
OP	ntok=455	op=MUL_MAT	name=node_201	fuse=1	src0=q4_0[1536,256,1]	src1=f32[1536,455,1]	dst=f32[256,455,1,1]	count=3	sum_us=249.833	min_us=81.917	max_us=86.000
OP	ntok=455	op=UNARY	name=node_202	fuse=1	src0=f32[256,455,1]	src1=-[0,0,0]	dst=f32[256,455,1,1]	count=3	sum_us=38.583	min_us=11.625	max_us=14.625
OP	ntok=455	op=MUL	name=node_204	fuse=1	src0=f32[256,455,1]	src1=f32[256,455,1]	dst=f32[256,455,1,1]	count=3	sum_us=29.750	min_us=9.458	max_us=10.375
OP	ntok=455	op=MUL_MAT	name=node_205	fuse=1	src0=q4_0[256,1536,1]	src1=f32[256,455,1]	dst=f32[1536,455,1,1]	count=3	sum_us=191.958	min_us=63.708	max_us=64.125
OP	ntok=455	op=ADD	name=node_208	fuse=1	src0=f32[1536,455,1]	src1=f32[1536,455,1]	dst=f32[1536,455,1,1]	count=3	sum_us=62.083	min_us=19.708	max_us=22.500
OP	ntok=455	op=MUL_MAT	name=Qcur	fuse=1	src0=q4_0[1536,4096,1]	src1=f32[1536,455,1]	dst=f32[4096,455,1,1]	count=21	sum_us=15831.833	min_us=752.500	max_us=754.875
OP	ntok=455	op=MUL_MAT	name=Kcur	fuse=1	src0=q4_0[1536,512,1]	src1=f32[1536,455,1]	dst=f32[512,455,1,1]	count=9	sum_us=1108.000	min_us=121.750	max_us=125.625
OP	ntok=455	op=MUL_MAT	name=Vcur	fuse=1	src0=q4_0[1536,512,1]	src1=f32[1536,455,1]	dst=f32[512,455,1,1]	count=9	sum_us=1103.333	min_us=121.875	max_us=123.917
OP	ntok=455	op=RMS_NORM	name=norm	fuse=2	src0=f32[512,8,455]	src1=-[0,0,0]	dst=f32[512,8,455,1]	count=21	sum_us=888.792	min_us=40.542	max_us=48.375
OP	ntok=455	op=RMS_NORM	name=norm	fuse=2	src0=f32[512,1,455]	src1=-[0,0,0]	dst=f32[512,1,455,1]	count=9	sum_us=103.042	min_us=11.125	max_us=13.542
OP	ntok=455	op=RMS_NORM	name=Vcur_normed	fuse=1	src0=f32[512,1,455]	src1=-[0,0,0]	dst=f32[512,1,455,1]	count=9	sum_us=91.292	min_us=9.500	max_us=12.500
OP	ntok=455	op=ROPE	name=Qcur_pos	fuse=1	src0=f32[512,8,455]	src1=i32[455,1,1]	dst=f32[512,8,455,1]	count=21	sum_us=1131.042	min_us=53.000	max_us=59.125
OP	ntok=455	op=ROPE	name=Kcur_pos	fuse=1	src0=f32[512,1,455]	src1=i32[455,1,1]	dst=f32[512,1,455,1]	count=9	sum_us=116.542	min_us=12.750	max_us=13.083
OP	ntok=455	op=SET_ROWS	name=cache_v_l4 (view)	fuse=1	src0=f32[512,455,1]	src1=i64[455,1,1]	dst=f16[512,4096,1,1]	count=3	sum_us=66.583	min_us=21.250	max_us=24.000
OP	ntok=455	op=SET_ROWS	name=cache_k_l4 (view)	fuse=1	src0=f32[512,455,1]	src1=i64[455,1,1]	dst=f16[512,4096,1,1]	count=3	sum_us=64.625	min_us=21.083	max_us=22.292
OP	ntok=455	op=FLASH_ATTN_EXT	name=node_235	fuse=1	src0=f32[512,455,8]	src1=f16[512,512,1]	dst=f32[512,8,455,1]	count=3	sum_us=2027.250	min_us=667.250	max_us=687.125
OP	ntok=455	op=MUL_MAT	name=node_237	fuse=1	src0=q4_0[4096,1536,1]	src1=f32[4096,455,1]	dst=f32[1536,455,1,1]	count=3	sum_us=2470.375	min_us=822.417	max_us=824.000
OP	ntok=455	op=MUL_MAT	name=node_250	fuse=1	src0=q4_0[1536,256,1]	src1=f32[1536,455,1]	dst=f32[256,455,1,1]	count=3	sum_us=244.292	min_us=81.208	max_us=81.667
OP	ntok=455	op=UNARY	name=node_251	fuse=1	src0=f32[256,455,1]	src1=-[0,0,0]	dst=f32[256,455,1,1]	count=3	sum_us=36.083	min_us=11.917	max_us=12.125
OP	ntok=455	op=MUL	name=node_253	fuse=1	src0=f32[256,455,1]	src1=f32[256,455,1]	dst=f32[256,455,1,1]	count=3	sum_us=33.500	min_us=10.000	max_us=13.125
OP	ntok=455	op=MUL_MAT	name=node_254	fuse=1	src0=q4_0[256,1536,1]	src1=f32[256,455,1]	dst=f32[1536,455,1,1]	count=3	sum_us=194.833	min_us=63.500	max_us=67.000
OP	ntok=455	op=ADD	name=node_257	fuse=1	src0=f32[1536,455,1]	src1=f32[1536,455,1]	dst=f32[1536,455,1,1]	count=3	sum_us=59.542	min_us=19.667	max_us=20.000
OP	ntok=455	op=SET_ROWS	name=cache_v_l5 (view)	fuse=1	src0=f32[256,455,1]	src1=i64[455,1,1]	dst=f16[256,1024,1,1]	count=3	sum_us=43.875	min_us=13.375	max_us=16.875
OP	ntok=455	op=SET_ROWS	name=cache_k_l5 (view)	fuse=1	src0=f32[256,455,1]	src1=i64[455,1,1]	dst=f16[256,1024,1,1]	count=3	sum_us=40.417	min_us=13.208	max_us=13.792
OP	ntok=455	op=FLASH_ATTN_EXT	name=node_284	fuse=1	src0=f32[256,455,8]	src1=f16[256,512,1]	dst=f32[256,8,455,1]	count=3	sum_us=735.708	min_us=237.375	max_us=253.958
OP	ntok=455	op=MUL_MAT	name=node_286	fuse=1	src0=q4_0[2048,1536,1]	src1=f32[2048,455,1]	dst=f32[1536,455,1,1]	count=3	sum_us=1247.708	min_us=415.417	max_us=416.625
OP	ntok=455	op=MUL_MAT	name=node_299	fuse=1	src0=q4_0[1536,256,1]	src1=f32[1536,455,1]	dst=f32[256,455,1,1]	count=3	sum_us=245.792	min_us=80.750	max_us=83.125
OP	ntok=455	op=UNARY	name=node_300	fuse=1	src0=f32[256,455,1]	src1=-[0,0,0]	dst=f32[256,455,1,1]	count=3	sum_us=36.208	min_us=11.708	max_us=12.375
OP	ntok=455	op=MUL	name=node_302	fuse=1	src0=f32[256,455,1]	src1=f32[256,455,1]	dst=f32[256,455,1,1]	count=3	sum_us=30.875	min_us=10.083	max_us=10.542
OP	ntok=455	op=MUL_MAT	name=node_303	fuse=1	src0=q4_0[256,1536,1]	src1=f32[256,455,1]	dst=f32[1536,455,1,1]	count=3	sum_us=192.083	min_us=63.667	max_us=64.417
OP	ntok=455	op=ADD	name=node_306	fuse=1	src0=f32[1536,455,1]	src1=f32[1536,455,1]	dst=f32[1536,455,1,1]	count=3	sum_us=58.792	min_us=19.417	max_us=19.750
OP	ntok=455	op=SET_ROWS	name=cache_v_l6 (view)	fuse=1	src0=f32[256,455,1]	src1=i64[455,1,1]	dst=f16[256,1024,1,1]	count=3	sum_us=40.708	min_us=13.375	max_us=13.792
OP	ntok=455	op=SET_ROWS	name=cache_k_l6 (view)	fuse=1	src0=f32[256,455,1]	src1=i64[455,1,1]	dst=f16[256,1024,1,1]	count=3	sum_us=41.375	min_us=13.750	max_us=13.875
OP	ntok=455	op=FLASH_ATTN_EXT	name=node_333	fuse=1	src0=f32[256,455,8]	src1=f16[256,512,1]	dst=f32[256,8,455,1]	count=3	sum_us=733.583	min_us=239.417	max_us=248.000
OP	ntok=455	op=MUL_MAT	name=node_335	fuse=1	src0=q4_0[2048,1536,1]	src1=f32[2048,455,1]	dst=f32[1536,455,1,1]	count=3	sum_us=1247.583	min_us=414.792	max_us=417.875
OP	ntok=455	op=MUL_MAT	name=node_348	fuse=1	src0=q4_0[1536,256,1]	src1=f32[1536,455,1]	dst=f32[256,455,1,1]	count=3	sum_us=244.500	min_us=81.292	max_us=81.833
OP	ntok=455	op=UNARY	name=node_349	fuse=1	src0=f32[256,455,1]	src1=-[0,0,0]	dst=f32[256,455,1,1]	count=3	sum_us=37.625	min_us=12.125	max_us=13.000
OP	ntok=455	op=MUL	name=node_351	fuse=1	src0=f32[256,455,1]	src1=f32[256,455,1]	dst=f32[256,455,1,1]	count=3	sum_us=28.625	min_us=9.250	max_us=9.750
OP	ntok=455	op=MUL_MAT	name=node_352	fuse=1	src0=q4_0[256,1536,1]	src1=f32[256,455,1]	dst=f32[1536,455,1,1]	count=3	sum_us=211.500	min_us=63.750	max_us=83.083
OP	ntok=455	op=ADD	name=node_355	fuse=1	src0=f32[1536,455,1]	src1=f32[1536,455,1]	dst=f32[1536,455,1,1]	count=3	sum_us=61.917	min_us=19.625	max_us=22.500
OP	ntok=455	op=SET_ROWS	name=cache_v_l7 (view)	fuse=1	src0=f32[256,455,1]	src1=i64[455,1,1]	dst=f16[256,1024,1,1]	count=3	sum_us=42.333	min_us=13.750	max_us=14.708
OP	ntok=455	op=SET_ROWS	name=cache_k_l7 (view)	fuse=1	src0=f32[256,455,1]	src1=i64[455,1,1]	dst=f16[256,1024,1,1]	count=3	sum_us=41.083	min_us=13.625	max_us=13.750
OP	ntok=455	op=FLASH_ATTN_EXT	name=node_382	fuse=1	src0=f32[256,455,8]	src1=f16[256,512,1]	dst=f32[256,8,455,1]	count=3	sum_us=730.000	min_us=238.250	max_us=247.250
OP	ntok=455	op=MUL_MAT	name=node_384	fuse=1	src0=q4_0[2048,1536,1]	src1=f32[2048,455,1]	dst=f32[1536,455,1,1]	count=3	sum_us=1249.458	min_us=414.625	max_us=418.667
OP	ntok=455	op=MUL_MAT	name=node_397	fuse=1	src0=q4_0[1536,256,1]	src1=f32[1536,455,1]	dst=f32[256,455,1,1]	count=3	sum_us=246.250	min_us=80.750	max_us=84.000
OP	ntok=455	op=UNARY	name=node_398	fuse=1	src0=f32[256,455,1]	src1=-[0,0,0]	dst=f32[256,455,1,1]	count=3	sum_us=38.375	min_us=11.792	max_us=14.625
OP	ntok=455	op=MUL	name=node_400	fuse=1	src0=f32[256,455,1]	src1=f32[256,455,1]	dst=f32[256,455,1,1]	count=3	sum_us=30.667	min_us=10.125	max_us=10.292
OP	ntok=455	op=MUL_MAT	name=node_401	fuse=1	src0=q4_0[256,1536,1]	src1=f32[256,455,1]	dst=f32[1536,455,1,1]	count=3	sum_us=191.875	min_us=63.583	max_us=64.500
OP	ntok=455	op=ADD	name=node_404	fuse=1	src0=f32[1536,455,1]	src1=f32[1536,455,1]	dst=f32[1536,455,1,1]	count=3	sum_us=60.083	min_us=19.625	max_us=20.625
OP	ntok=455	op=SET_ROWS	name=cache_v_l8 (view)	fuse=1	src0=f32[256,455,1]	src1=i64[455,1,1]	dst=f16[256,1024,1,1]	count=3	sum_us=41.958	min_us=13.625	max_us=14.375
OP	ntok=455	op=SET_ROWS	name=cache_k_l8 (view)	fuse=1	src0=f32[256,455,1]	src1=i64[455,1,1]	dst=f16[256,1024,1,1]	count=3	sum_us=40.458	min_us=13.292	max_us=13.667
OP	ntok=455	op=FLASH_ATTN_EXT	name=node_431	fuse=1	src0=f32[256,455,8]	src1=f16[256,512,1]	dst=f32[256,8,455,1]	count=3	sum_us=720.917	min_us=232.042	max_us=254.500
OP	ntok=455	op=MUL_MAT	name=node_433	fuse=1	src0=q4_0[2048,1536,1]	src1=f32[2048,455,1]	dst=f32[1536,455,1,1]	count=3	sum_us=1250.500	min_us=415.500	max_us=417.500
OP	ntok=455	op=MUL_MAT	name=node_446	fuse=1	src0=q4_0[1536,256,1]	src1=f32[1536,455,1]	dst=f32[256,455,1,1]	count=3	sum_us=247.833	min_us=80.833	max_us=84.125
OP	ntok=455	op=UNARY	name=node_447	fuse=1	src0=f32[256,455,1]	src1=-[0,0,0]	dst=f32[256,455,1,1]	count=3	sum_us=36.375	min_us=12.000	max_us=12.292
OP	ntok=455	op=MUL	name=node_449	fuse=1	src0=f32[256,455,1]	src1=f32[256,455,1]	dst=f32[256,455,1,1]	count=3	sum_us=33.083	min_us=10.000	max_us=13.042
OP	ntok=455	op=MUL_MAT	name=node_450	fuse=1	src0=q4_0[256,1536,1]	src1=f32[256,455,1]	dst=f32[1536,455,1,1]	count=3	sum_us=192.417	min_us=63.917	max_us=64.375
OP	ntok=455	op=ADD	name=node_453	fuse=1	src0=f32[1536,455,1]	src1=f32[1536,455,1]	dst=f32[1536,455,1,1]	count=3	sum_us=58.417	min_us=19.167	max_us=19.875
OP	ntok=455	op=SET_ROWS	name=cache_v_l9 (view)	fuse=1	src0=f32[512,455,1]	src1=i64[455,1,1]	dst=f16[512,4096,1,1]	count=3	sum_us=66.292	min_us=21.125	max_us=23.875
OP	ntok=455	op=SET_ROWS	name=cache_k_l9 (view)	fuse=1	src0=f32[512,455,1]	src1=i64[455,1,1]	dst=f16[512,4096,1,1]	count=3	sum_us=63.833	min_us=21.208	max_us=21.375
OP	ntok=455	op=FLASH_ATTN_EXT	name=node_480	fuse=1	src0=f32[512,455,8]	src1=f16[512,512,1]	dst=f32[512,8,455,1]	count=3	sum_us=2070.250	min_us=679.417	max_us=699.417
OP	ntok=455	op=MUL_MAT	name=node_482	fuse=1	src0=q4_0[4096,1536,1]	src1=f32[4096,455,1]	dst=f32[1536,455,1,1]	count=3	sum_us=2470.417	min_us=822.792	max_us=824.125
OP	ntok=455	op=MUL_MAT	name=node_495	fuse=1	src0=q4_0[1536,256,1]	src1=f32[1536,455,1]	dst=f32[256,455,1,1]	count=3	sum_us=249.833	min_us=82.083	max_us=84.125
OP	ntok=455	op=UNARY	name=node_496	fuse=1	src0=f32[256,455,1]	src1=-[0,0,0]	dst=f32[256,455,1,1]	count=3	sum_us=42.792	min_us=11.958	max_us=16.125
OP	ntok=455	op=MUL	name=node_498	fuse=1	src0=f32[256,455,1]	src1=f32[256,455,1]	dst=f32[256,455,1,1]	count=3	sum_us=31.208	min_us=10.125	max_us=10.833
OP	ntok=455	op=MUL_MAT	name=node_499	fuse=1	src0=q4_0[256,1536,1]	src1=f32[256,455,1]	dst=f32[1536,455,1,1]	count=3	sum_us=193.667	min_us=63.792	max_us=65.750
OP	ntok=455	op=ADD	name=node_502	fuse=1	src0=f32[1536,455,1]	src1=f32[1536,455,1]	dst=f32[1536,455,1,1]	count=3	sum_us=58.875	min_us=19.458	max_us=19.708
OP	ntok=455	op=SET_ROWS	name=cache_v_l10 (view)	fuse=1	src0=f32[256,455,1]	src1=i64[455,1,1]	dst=f16[256,1024,1,1]	count=3	sum_us=41.333	min_us=13.708	max_us=13.833
OP	ntok=455	op=SET_ROWS	name=cache_k_l10 (view)	fuse=1	src0=f32[256,455,1]	src1=i64[455,1,1]	dst=f16[256,1024,1,1]	count=3	sum_us=40.958	min_us=13.542	max_us=13.833
OP	ntok=455	op=FLASH_ATTN_EXT	name=node_529	fuse=1	src0=f32[256,455,8]	src1=f16[256,512,1]	dst=f32[256,8,455,1]	count=3	sum_us=744.417	min_us=244.250	max_us=252.292
OP	ntok=455	op=MUL_MAT	name=node_531	fuse=1	src0=q4_0[2048,1536,1]	src1=f32[2048,455,1]	dst=f32[1536,455,1,1]	count=3	sum_us=1245.667	min_us=413.750	max_us=416.250
OP	ntok=455	op=MUL_MAT	name=node_544	fuse=1	src0=q4_0[1536,256,1]	src1=f32[1536,455,1]	dst=f32[256,455,1,1]	count=3	sum_us=243.958	min_us=80.375	max_us=81.833
OP	ntok=455	op=UNARY	name=node_545	fuse=1	src0=f32[256,455,1]	src1=-[0,0,0]	dst=f32[256,455,1,1]	count=3	sum_us=36.167	min_us=12.000	max_us=12.167
OP	ntok=455	op=MUL	name=node_547	fuse=1	src0=f32[256,455,1]	src1=f32[256,455,1]	dst=f32[256,455,1,1]	count=3	sum_us=29.667	min_us=9.750	max_us=10.000
OP	ntok=455	op=MUL_MAT	name=node_548	fuse=1	src0=q4_0[256,1536,1]	src1=f32[256,455,1]	dst=f32[1536,455,1,1]	count=3	sum_us=192.542	min_us=63.875	max_us=64.542
OP	ntok=455	op=ADD	name=node_551	fuse=1	src0=f32[1536,455,1]	src1=f32[1536,455,1]	dst=f32[1536,455,1,1]	count=3	sum_us=58.500	min_us=19.292	max_us=19.833
OP	ntok=455	op=SET_ROWS	name=cache_v_l11 (view)	fuse=1	src0=f32[256,455,1]	src1=i64[455,1,1]	dst=f16[256,1024,1,1]	count=3	sum_us=40.792	min_us=13.208	max_us=14.333
OP	ntok=455	op=SET_ROWS	name=cache_k_l11 (view)	fuse=1	src0=f32[256,455,1]	src1=i64[455,1,1]	dst=f16[256,1024,1,1]	count=3	sum_us=40.750	min_us=13.417	max_us=13.750
OP	ntok=455	op=FLASH_ATTN_EXT	name=node_578	fuse=1	src0=f32[256,455,8]	src1=f16[256,512,1]	dst=f32[256,8,455,1]	count=3	sum_us=705.792	min_us=228.542	max_us=243.042
OP	ntok=455	op=MUL_MAT	name=node_580	fuse=1	src0=q4_0[2048,1536,1]	src1=f32[2048,455,1]	dst=f32[1536,455,1,1]	count=3	sum_us=1246.375	min_us=414.750	max_us=416.500
OP	ntok=455	op=MUL_MAT	name=node_593	fuse=1	src0=q4_0[1536,256,1]	src1=f32[1536,455,1]	dst=f32[256,455,1,1]	count=3	sum_us=245.083	min_us=80.875	max_us=83.042
OP	ntok=455	op=UNARY	name=node_594	fuse=1	src0=f32[256,455,1]	src1=-[0,0,0]	dst=f32[256,455,1,1]	count=3	sum_us=36.375	min_us=11.875	max_us=12.375
OP	ntok=455	op=MUL	name=node_596	fuse=1	src0=f32[256,455,1]	src1=f32[256,455,1]	dst=f32[256,455,1,1]	count=3	sum_us=29.917	min_us=9.750	max_us=10.125
OP	ntok=455	op=MUL_MAT	name=node_597	fuse=1	src0=q4_0[256,1536,1]	src1=f32[256,455,1]	dst=f32[1536,455,1,1]	count=3	sum_us=191.750	min_us=63.583	max_us=64.250
OP	ntok=455	op=ADD	name=node_600	fuse=1	src0=f32[1536,455,1]	src1=f32[1536,455,1]	dst=f32[1536,455,1,1]	count=3	sum_us=58.292	min_us=19.292	max_us=19.542
OP	ntok=455	op=SET_ROWS	name=cache_v_l12 (view)	fuse=1	src0=f32[256,455,1]	src1=i64[455,1,1]	dst=f16[256,1024,1,1]	count=3	sum_us=41.000	min_us=13.458	max_us=13.792
OP	ntok=455	op=SET_ROWS	name=cache_k_l12 (view)	fuse=1	src0=f32[256,455,1]	src1=i64[455,1,1]	dst=f16[256,1024,1,1]	count=3	sum_us=40.625	min_us=13.375	max_us=13.708
OP	ntok=455	op=FLASH_ATTN_EXT	name=node_627	fuse=1	src0=f32[256,455,8]	src1=f16[256,512,1]	dst=f32[256,8,455,1]	count=3	sum_us=728.375	min_us=238.500	max_us=246.625
OP	ntok=455	op=MUL_MAT	name=node_629	fuse=1	src0=q4_0[2048,1536,1]	src1=f32[2048,455,1]	dst=f32[1536,455,1,1]	count=3	sum_us=1257.458	min_us=416.500	max_us=421.458
OP	ntok=455	op=MUL_MAT	name=node_642	fuse=1	src0=q4_0[1536,256,1]	src1=f32[1536,455,1]	dst=f32[256,455,1,1]	count=3	sum_us=245.792	min_us=81.625	max_us=82.417
OP	ntok=455	op=UNARY	name=node_643	fuse=1	src0=f32[256,455,1]	src1=-[0,0,0]	dst=f32[256,455,1,1]	count=3	sum_us=38.708	min_us=11.875	max_us=14.333
OP	ntok=455	op=MUL	name=node_645	fuse=1	src0=f32[256,455,1]	src1=f32[256,455,1]	dst=f32[256,455,1,1]	count=3	sum_us=33.083	min_us=9.958	max_us=12.875
OP	ntok=455	op=MUL_MAT	name=node_646	fuse=1	src0=q4_0[256,1536,1]	src1=f32[256,455,1]	dst=f32[1536,455,1,1]	count=3	sum_us=192.875	min_us=63.500	max_us=64.875
OP	ntok=455	op=ADD	name=node_649	fuse=1	src0=f32[1536,455,1]	src1=f32[1536,455,1]	dst=f32[1536,455,1,1]	count=3	sum_us=58.583	min_us=19.375	max_us=19.625
OP	ntok=455	op=SET_ROWS	name=cache_v_l13 (view)	fuse=1	src0=f32[256,455,1]	src1=i64[455,1,1]	dst=f16[256,1024,1,1]	count=3	sum_us=40.333	min_us=13.208	max_us=13.750
OP	ntok=455	op=SET_ROWS	name=cache_k_l13 (view)	fuse=1	src0=f32[256,455,1]	src1=i64[455,1,1]	dst=f16[256,1024,1,1]	count=3	sum_us=41.042	min_us=13.542	max_us=13.750
OP	ntok=455	op=FLASH_ATTN_EXT	name=node_676	fuse=1	src0=f32[256,455,8]	src1=f16[256,512,1]	dst=f32[256,8,455,1]	count=3	sum_us=728.458	min_us=237.333	max_us=245.750
OP	ntok=455	op=MUL_MAT	name=node_678	fuse=1	src0=q4_0[2048,1536,1]	src1=f32[2048,455,1]	dst=f32[1536,455,1,1]	count=3	sum_us=1247.708	min_us=415.125	max_us=417.333
OP	ntok=455	op=MUL_MAT	name=node_691	fuse=1	src0=q4_0[1536,256,1]	src1=f32[1536,455,1]	dst=f32[256,455,1,1]	count=3	sum_us=243.042	min_us=80.917	max_us=81.125
OP	ntok=455	op=UNARY	name=node_692	fuse=1	src0=f32[256,455,1]	src1=-[0,0,0]	dst=f32[256,455,1,1]	count=3	sum_us=36.917	min_us=11.875	max_us=12.750
OP	ntok=455	op=MUL	name=node_694	fuse=1	src0=f32[256,455,1]	src1=f32[256,455,1]	dst=f32[256,455,1,1]	count=3	sum_us=30.708	min_us=10.000	max_us=10.542
OP	ntok=455	op=MUL_MAT	name=node_695	fuse=1	src0=q4_0[256,1536,1]	src1=f32[256,455,1]	dst=f32[1536,455,1,1]	count=3	sum_us=191.583	min_us=63.625	max_us=64.125
OP	ntok=455	op=ADD	name=node_698	fuse=1	src0=f32[1536,455,1]	src1=f32[1536,455,1]	dst=f32[1536,455,1,1]	count=3	sum_us=58.750	min_us=19.458	max_us=19.667
OP	ntok=455	op=SET_ROWS	name=cache_v_l14 (view)	fuse=1	src0=f32[512,455,1]	src1=i64[455,1,1]	dst=f16[512,4096,1,1]	count=3	sum_us=64.042	min_us=21.250	max_us=21.417
OP	ntok=455	op=SET_ROWS	name=cache_k_l14 (view)	fuse=1	src0=f32[512,455,1]	src1=i64[455,1,1]	dst=f16[512,4096,1,1]	count=3	sum_us=64.000	min_us=21.250	max_us=21.458
OP	ntok=455	op=FLASH_ATTN_EXT	name=node_725	fuse=1	src0=f32[512,455,8]	src1=f16[512,512,1]	dst=f32[512,8,455,1]	count=3	sum_us=2031.042	min_us=648.750	max_us=715.042
OP	ntok=455	op=MUL_MAT	name=node_727	fuse=1	src0=q4_0[4096,1536,1]	src1=f32[4096,455,1]	dst=f32[1536,455,1,1]	count=3	sum_us=2469.333	min_us=821.833	max_us=825.375
OP	ntok=455	op=MUL_MAT	name=node_740	fuse=1	src0=q4_0[1536,256,1]	src1=f32[1536,455,1]	dst=f32[256,455,1,1]	count=3	sum_us=245.083	min_us=81.292	max_us=81.917
OP	ntok=455	op=UNARY	name=node_741	fuse=1	src0=f32[256,455,1]	src1=-[0,0,0]	dst=f32[256,455,1,1]	count=3	sum_us=35.875	min_us=11.792	max_us=12.250
OP	ntok=455	op=MUL	name=node_743	fuse=1	src0=f32[256,455,1]	src1=f32[256,455,1]	dst=f32[256,455,1,1]	count=3	sum_us=29.958	min_us=9.750	max_us=10.125
OP	ntok=455	op=MUL_MAT	name=node_744	fuse=1	src0=q4_0[256,1536,1]	src1=f32[256,455,1]	dst=f32[1536,455,1,1]	count=3	sum_us=191.792	min_us=63.625	max_us=64.375
OP	ntok=455	op=ADD	name=node_747	fuse=1	src0=f32[1536,455,1]	src1=f32[1536,455,1]	dst=f32[1536,455,1,1]	count=3	sum_us=59.083	min_us=19.583	max_us=19.750
OP	ntok=455	op=FLASH_ATTN_EXT	name=node_762	fuse=1	src0=f32[256,455,8]	src1=f16[256,512,1]	dst=f32[256,8,455,1]	count=3	sum_us=715.125	min_us=236.167	max_us=242.250
OP	ntok=455	op=MUL_MAT	name=node_764	fuse=1	src0=q4_0[2048,1536,1]	src1=f32[2048,455,1]	dst=f32[1536,455,1,1]	count=3	sum_us=1247.167	min_us=415.417	max_us=416.000
OP	ntok=455	op=MUL_MAT	name=ffn_gate	fuse=1	src0=q4_0[1536,12288,1]	src1=f32[1536,455,1]	dst=f32[12288,455,1,1]	count=60	sum_us=132596.084	min_us=2208.458	max_us=2214.417
OP	ntok=455	op=MUL_MAT	name=ffn_up	fuse=1	src0=q4_0[1536,12288,1]	src1=f32[1536,455,1]	dst=f32[12288,455,1,1]	count=60	sum_us=132656.208	min_us=2208.000	max_us=2234.083
OP	ntok=455	op=GLU	name=ffn_geglu	fuse=1	src0=f32[12288,455,1]	src1=f32[12288,455,1]	dst=f32[12288,455,1,1]	count=60	sum_us=12695.125	min_us=198.792	max_us=222.375
OP	ntok=455	op=MUL_MAT	name=ffn_out	fuse=1	src0=q4_0[12288,1536,1]	src1=f32[12288,455,1]	dst=f32[1536,455,1,1]	count=60	sum_us=147511.876	min_us=2449.083	max_us=2467.250
OP	ntok=455	op=MUL_MAT	name=node_777	fuse=1	src0=q4_0[1536,256,1]	src1=f32[1536,455,1]	dst=f32[256,455,1,1]	count=3	sum_us=245.958	min_us=81.125	max_us=82.625
OP	ntok=455	op=UNARY	name=node_778	fuse=1	src0=f32[256,455,1]	src1=-[0,0,0]	dst=f32[256,455,1,1]	count=3	sum_us=36.625	min_us=11.625	max_us=13.125
OP	ntok=455	op=MUL	name=node_780	fuse=1	src0=f32[256,455,1]	src1=f32[256,455,1]	dst=f32[256,455,1,1]	count=3	sum_us=32.458	min_us=9.750	max_us=12.917
OP	ntok=455	op=MUL_MAT	name=node_781	fuse=1	src0=q4_0[256,1536,1]	src1=f32[256,455,1]	dst=f32[1536,455,1,1]	count=3	sum_us=192.416	min_us=64.083	max_us=64.250
OP	ntok=455	op=ADD	name=node_784	fuse=1	src0=f32[1536,455,1]	src1=f32[1536,455,1]	dst=f32[1536,455,1,1]	count=3	sum_us=57.417	min_us=19.000	max_us=19.292
OP	ntok=455	op=FLASH_ATTN_EXT	name=node_799	fuse=1	src0=f32[256,455,8]	src1=f16[256,512,1]	dst=f32[256,8,455,1]	count=3	sum_us=709.292	min_us=230.625	max_us=244.750
OP	ntok=455	op=MUL_MAT	name=node_801	fuse=1	src0=q4_0[2048,1536,1]	src1=f32[2048,455,1]	dst=f32[1536,455,1,1]	count=3	sum_us=1248.042	min_us=415.833	max_us=416.250
OP	ntok=455	op=MUL_MAT	name=node_814	fuse=1	src0=q4_0[1536,256,1]	src1=f32[1536,455,1]	dst=f32[256,455,1,1]	count=3	sum_us=246.417	min_us=80.917	max_us=82.750
OP	ntok=455	op=UNARY	name=node_815	fuse=1	src0=f32[256,455,1]	src1=-[0,0,0]	dst=f32[256,455,1,1]	count=3	sum_us=36.708	min_us=12.125	max_us=12.417
OP	ntok=455	op=MUL	name=node_817	fuse=1	src0=f32[256,455,1]	src1=f32[256,455,1]	dst=f32[256,455,1,1]	count=3	sum_us=31.833	min_us=9.625	max_us=12.542
OP	ntok=455	op=MUL_MAT	name=node_818	fuse=1	src0=q4_0[256,1536,1]	src1=f32[256,455,1]	dst=f32[1536,455,1,1]	count=3	sum_us=192.125	min_us=64.000	max_us=64.125
OP	ntok=455	op=ADD	name=node_821	fuse=1	src0=f32[1536,455,1]	src1=f32[1536,455,1]	dst=f32[1536,455,1,1]	count=3	sum_us=57.750	min_us=19.042	max_us=19.375
OP	ntok=455	op=FLASH_ATTN_EXT	name=node_836	fuse=1	src0=f32[256,455,8]	src1=f16[256,512,1]	dst=f32[256,8,455,1]	count=3	sum_us=708.500	min_us=234.125	max_us=239.000
OP	ntok=455	op=MUL_MAT	name=node_838	fuse=1	src0=q4_0[2048,1536,1]	src1=f32[2048,455,1]	dst=f32[1536,455,1,1]	count=3	sum_us=1244.583	min_us=414.625	max_us=415.250
OP	ntok=455	op=MUL_MAT	name=node_851	fuse=1	src0=q4_0[1536,256,1]	src1=f32[1536,455,1]	dst=f32[256,455,1,1]	count=3	sum_us=250.750	min_us=82.875	max_us=84.500
OP	ntok=455	op=UNARY	name=node_852	fuse=1	src0=f32[256,455,1]	src1=-[0,0,0]	dst=f32[256,455,1,1]	count=3	sum_us=36.125	min_us=11.958	max_us=12.167
OP	ntok=455	op=MUL	name=node_854	fuse=1	src0=f32[256,455,1]	src1=f32[256,455,1]	dst=f32[256,455,1,1]	count=3	sum_us=29.000	min_us=9.375	max_us=10.000
OP	ntok=455	op=MUL_MAT	name=node_855	fuse=1	src0=q4_0[256,1536,1]	src1=f32[256,455,1]	dst=f32[1536,455,1,1]	count=3	sum_us=190.958	min_us=63.375	max_us=64.125
OP	ntok=455	op=ADD	name=node_858	fuse=1	src0=f32[1536,455,1]	src1=f32[1536,455,1]	dst=f32[1536,455,1,1]	count=3	sum_us=60.458	min_us=19.417	max_us=21.542
OP	ntok=455	op=FLASH_ATTN_EXT	name=node_873	fuse=1	src0=f32[256,455,8]	src1=f16[256,512,1]	dst=f32[256,8,455,1]	count=3	sum_us=743.542	min_us=239.417	max_us=252.375
OP	ntok=455	op=MUL_MAT	name=node_875	fuse=1	src0=q4_0[2048,1536,1]	src1=f32[2048,455,1]	dst=f32[1536,455,1,1]	count=3	sum_us=1248.583	min_us=415.250	max_us=417.083
OP	ntok=455	op=MUL_MAT	name=node_888	fuse=1	src0=q4_0[1536,256,1]	src1=f32[1536,455,1]	dst=f32[256,455,1,1]	count=3	sum_us=250.542	min_us=81.792	max_us=86.875
OP	ntok=455	op=UNARY	name=node_889	fuse=1	src0=f32[256,455,1]	src1=-[0,0,0]	dst=f32[256,455,1,1]	count=3	sum_us=37.208	min_us=12.125	max_us=12.708
OP	ntok=455	op=MUL	name=node_891	fuse=1	src0=f32[256,455,1]	src1=f32[256,455,1]	dst=f32[256,455,1,1]	count=3	sum_us=29.042	min_us=9.542	max_us=9.750
OP	ntok=455	op=MUL_MAT	name=node_892	fuse=1	src0=q4_0[256,1536,1]	src1=f32[256,455,1]	dst=f32[1536,455,1,1]	count=3	sum_us=193.333	min_us=64.250	max_us=64.750
OP	ntok=455	op=ADD	name=node_895	fuse=1	src0=f32[1536,455,1]	src1=f32[1536,455,1]	dst=f32[1536,455,1,1]	count=3	sum_us=59.625	min_us=19.375	max_us=20.583
OP	ntok=455	op=FLASH_ATTN_EXT	name=node_910	fuse=1	src0=f32[512,455,8]	src1=f16[512,512,1]	dst=f32[512,8,455,1]	count=3	sum_us=2009.667	min_us=664.500	max_us=677.542
OP	ntok=455	op=MUL_MAT	name=node_912	fuse=1	src0=q4_0[4096,1536,1]	src1=f32[4096,455,1]	dst=f32[1536,455,1,1]	count=3	sum_us=2466.458	min_us=821.417	max_us=823.500
OP	ntok=455	op=MUL_MAT	name=node_925	fuse=1	src0=q4_0[1536,256,1]	src1=f32[1536,455,1]	dst=f32[256,455,1,1]	count=3	sum_us=245.458	min_us=81.500	max_us=82.208
OP	ntok=455	op=UNARY	name=node_926	fuse=1	src0=f32[256,455,1]	src1=-[0,0,0]	dst=f32[256,455,1,1]	count=3	sum_us=36.208	min_us=11.875	max_us=12.250
OP	ntok=455	op=MUL	name=node_928	fuse=1	src0=f32[256,455,1]	src1=f32[256,455,1]	dst=f32[256,455,1,1]	count=3	sum_us=29.417	min_us=9.500	max_us=10.125
OP	ntok=455	op=MUL_MAT	name=node_929	fuse=1	src0=q4_0[256,1536,1]	src1=f32[256,455,1]	dst=f32[1536,455,1,1]	count=3	sum_us=191.000	min_us=63.375	max_us=63.958
OP	ntok=455	op=ADD	name=node_932	fuse=1	src0=f32[1536,455,1]	src1=f32[1536,455,1]	dst=f32[1536,455,1,1]	count=3	sum_us=58.042	min_us=19.125	max_us=19.542
OP	ntok=455	op=FLASH_ATTN_EXT	name=node_947	fuse=1	src0=f32[256,455,8]	src1=f16[256,512,1]	dst=f32[256,8,455,1]	count=3	sum_us=734.792	min_us=236.625	max_us=250.375
OP	ntok=455	op=MUL_MAT	name=node_949	fuse=1	src0=q4_0[2048,1536,1]	src1=f32[2048,455,1]	dst=f32[1536,455,1,1]	count=3	sum_us=1246.500	min_us=413.958	max_us=417.875
OP	ntok=455	op=MUL_MAT	name=node_962	fuse=1	src0=q4_0[1536,256,1]	src1=f32[1536,455,1]	dst=f32[256,455,1,1]	count=3	sum_us=246.292	min_us=81.875	max_us=82.250
OP	ntok=455	op=UNARY	name=node_963	fuse=1	src0=f32[256,455,1]	src1=-[0,0,0]	dst=f32[256,455,1,1]	count=3	sum_us=35.625	min_us=11.750	max_us=12.000
OP	ntok=455	op=MUL	name=node_965	fuse=1	src0=f32[256,455,1]	src1=f32[256,455,1]	dst=f32[256,455,1,1]	count=3	sum_us=29.292	min_us=9.625	max_us=9.917
OP	ntok=455	op=MUL_MAT	name=node_966	fuse=1	src0=q4_0[256,1536,1]	src1=f32[256,455,1]	dst=f32[1536,455,1,1]	count=3	sum_us=193.583	min_us=64.000	max_us=64.917
OP	ntok=455	op=ADD	name=node_969	fuse=1	src0=f32[1536,455,1]	src1=f32[1536,455,1]	dst=f32[1536,455,1,1]	count=3	sum_us=57.875	min_us=19.125	max_us=19.500
OP	ntok=455	op=FLASH_ATTN_EXT	name=node_984	fuse=1	src0=f32[256,455,8]	src1=f16[256,512,1]	dst=f32[256,8,455,1]	count=3	sum_us=706.667	min_us=234.000	max_us=238.000
OP	ntok=455	op=MUL_MAT	name=node_986	fuse=1	src0=q4_0[2048,1536,1]	src1=f32[2048,455,1]	dst=f32[1536,455,1,1]	count=3	sum_us=1244.083	min_us=413.750	max_us=416.292
OP	ntok=455	op=MUL_MAT	name=node_999	fuse=1	src0=q4_0[1536,256,1]	src1=f32[1536,455,1]	dst=f32[256,455,1,1]	count=3	sum_us=246.167	min_us=81.667	max_us=82.667
OP	ntok=455	op=UNARY	name=node_1000	fuse=1	src0=f32[256,455,1]	src1=-[0,0,0]	dst=f32[256,455,1,1]	count=3	sum_us=36.208	min_us=11.792	max_us=12.375
OP	ntok=455	op=MUL	name=node_1002	fuse=1	src0=f32[256,455,1]	src1=f32[256,455,1]	dst=f32[256,455,1,1]	count=3	sum_us=28.625	min_us=9.500	max_us=9.625
OP	ntok=455	op=MUL_MAT	name=node_1003	fuse=1	src0=q4_0[256,1536,1]	src1=f32[256,455,1]	dst=f32[1536,455,1,1]	count=3	sum_us=192.250	min_us=63.625	max_us=64.875
OP	ntok=455	op=ADD	name=node_1006	fuse=1	src0=f32[1536,455,1]	src1=f32[1536,455,1]	dst=f32[1536,455,1,1]	count=3	sum_us=58.000	min_us=19.167	max_us=19.458
OP	ntok=455	op=FLASH_ATTN_EXT	name=node_1021	fuse=1	src0=f32[256,455,8]	src1=f16[256,512,1]	dst=f32[256,8,455,1]	count=3	sum_us=726.375	min_us=233.875	max_us=246.625
OP	ntok=455	op=MUL_MAT	name=node_1023	fuse=1	src0=q4_0[2048,1536,1]	src1=f32[2048,455,1]	dst=f32[1536,455,1,1]	count=3	sum_us=1248.417	min_us=415.458	max_us=416.958
OP	ntok=455	op=MUL_MAT	name=node_1036	fuse=1	src0=q4_0[1536,256,1]	src1=f32[1536,455,1]	dst=f32[256,455,1,1]	count=3	sum_us=247.042	min_us=81.542	max_us=83.000
OP	ntok=455	op=UNARY	name=node_1037	fuse=1	src0=f32[256,455,1]	src1=-[0,0,0]	dst=f32[256,455,1,1]	count=3	sum_us=38.333	min_us=12.708	max_us=12.875
OP	ntok=455	op=MUL	name=node_1039	fuse=1	src0=f32[256,455,1]	src1=f32[256,455,1]	dst=f32[256,455,1,1]	count=3	sum_us=30.167	min_us=9.958	max_us=10.125
OP	ntok=455	op=MUL_MAT	name=node_1040	fuse=1	src0=q4_0[256,1536,1]	src1=f32[256,455,1]	dst=f32[1536,455,1,1]	count=3	sum_us=191.458	min_us=63.625	max_us=64.125
OP	ntok=455	op=ADD	name=node_1043	fuse=1	src0=f32[1536,455,1]	src1=f32[1536,455,1]	dst=f32[1536,455,1,1]	count=3	sum_us=57.167	min_us=19.000	max_us=19.125
OP	ntok=455	op=FLASH_ATTN_EXT	name=node_1058	fuse=1	src0=f32[256,455,8]	src1=f16[256,512,1]	dst=f32[256,8,455,1]	count=3	sum_us=734.458	min_us=240.792	max_us=250.792
OP	ntok=455	op=MUL_MAT	name=node_1060	fuse=1	src0=q4_0[2048,1536,1]	src1=f32[2048,455,1]	dst=f32[1536,455,1,1]	count=3	sum_us=1248.042	min_us=415.417	max_us=416.750
OP	ntok=455	op=MUL_MAT	name=node_1073	fuse=1	src0=q4_0[1536,256,1]	src1=f32[1536,455,1]	dst=f32[256,455,1,1]	count=3	sum_us=247.000	min_us=82.000	max_us=82.875
OP	ntok=455	op=UNARY	name=node_1074	fuse=1	src0=f32[256,455,1]	src1=-[0,0,0]	dst=f32[256,455,1,1]	count=3	sum_us=37.541	min_us=12.458	max_us=12.625
OP	ntok=455	op=MUL	name=node_1076	fuse=1	src0=f32[256,455,1]	src1=f32[256,455,1]	dst=f32[256,455,1,1]	count=3	sum_us=31.667	min_us=9.292	max_us=12.750
OP	ntok=455	op=MUL_MAT	name=node_1077	fuse=1	src0=q4_0[256,1536,1]	src1=f32[256,455,1]	dst=f32[1536,455,1,1]	count=3	sum_us=193.208	min_us=64.000	max_us=64.708
OP	ntok=455	op=ADD	name=node_1080	fuse=1	src0=f32[1536,455,1]	src1=f32[1536,455,1]	dst=f32[1536,455,1,1]	count=3	sum_us=61.959	min_us=18.875	max_us=24.125
OP	ntok=455	op=FLASH_ATTN_EXT	name=node_1095	fuse=1	src0=f32[512,455,8]	src1=f16[512,512,1]	dst=f32[512,8,455,1]	count=3	sum_us=2063.792	min_us=668.167	max_us=711.583
OP	ntok=455	op=MUL_MAT	name=node_1097	fuse=1	src0=q4_0[4096,1536,1]	src1=f32[4096,455,1]	dst=f32[1536,455,1,1]	count=3	sum_us=2469.583	min_us=821.333	max_us=825.542
OP	ntok=455	op=MUL_MAT	name=node_1110	fuse=1	src0=q4_0[1536,256,1]	src1=f32[1536,455,1]	dst=f32[256,455,1,1]	count=3	sum_us=248.583	min_us=82.542	max_us=83.375
OP	ntok=455	op=UNARY	name=node_1111	fuse=1	src0=f32[256,455,1]	src1=-[0,0,0]	dst=f32[256,455,1,1]	count=3	sum_us=36.583	min_us=12.000	max_us=12.375
OP	ntok=455	op=MUL	name=node_1113	fuse=1	src0=f32[256,455,1]	src1=f32[256,455,1]	dst=f32[256,455,1,1]	count=3	sum_us=28.458	min_us=9.125	max_us=9.792
OP	ntok=455	op=MUL_MAT	name=node_1114	fuse=1	src0=q4_0[256,1536,1]	src1=f32[256,455,1]	dst=f32[1536,455,1,1]	count=3	sum_us=192.250	min_us=63.750	max_us=64.250
OP	ntok=455	op=ADD	name=node_1117	fuse=1	src0=f32[1536,455,1]	src1=f32[1536,455,1]	dst=f32[1536,455,1,1]	count=3	sum_us=57.583	min_us=19.042	max_us=19.417
OP	ntok=455	op=FLASH_ATTN_EXT	name=node_1132	fuse=1	src0=f32[256,455,8]	src1=f16[256,512,1]	dst=f32[256,8,455,1]	count=3	sum_us=726.000	min_us=235.750	max_us=245.500
OP	ntok=455	op=MUL_MAT	name=node_1134	fuse=1	src0=q4_0[2048,1536,1]	src1=f32[2048,455,1]	dst=f32[1536,455,1,1]	count=3	sum_us=1253.125	min_us=416.500	max_us=419.750
OP	ntok=455	op=MUL_MAT	name=node_1147	fuse=1	src0=q4_0[1536,256,1]	src1=f32[1536,455,1]	dst=f32[256,455,1,1]	count=3	sum_us=245.875	min_us=81.125	max_us=82.750
OP	ntok=455	op=UNARY	name=node_1148	fuse=1	src0=f32[256,455,1]	src1=-[0,0,0]	dst=f32[256,455,1,1]	count=3	sum_us=36.917	min_us=12.083	max_us=12.417
OP	ntok=455	op=MUL	name=node_1150	fuse=1	src0=f32[256,455,1]	src1=f32[256,455,1]	dst=f32[256,455,1,1]	count=3	sum_us=28.417	min_us=9.375	max_us=9.625
OP	ntok=455	op=MUL_MAT	name=node_1151	fuse=1	src0=q4_0[256,1536,1]	src1=f32[256,455,1]	dst=f32[1536,455,1,1]	count=3	sum_us=194.583	min_us=63.667	max_us=67.167
OP	ntok=455	op=ADD	name=node_1154	fuse=1	src0=f32[1536,455,1]	src1=f32[1536,455,1]	dst=f32[1536,455,1,1]	count=3	sum_us=57.750	min_us=19.167	max_us=19.333
OP	ntok=455	op=FLASH_ATTN_EXT	name=node_1169	fuse=1	src0=f32[256,455,8]	src1=f16[256,512,1]	dst=f32[256,8,455,1]	count=3	sum_us=723.917	min_us=233.583	max_us=250.500
OP	ntok=455	op=MUL_MAT	name=node_1171	fuse=1	src0=q4_0[2048,1536,1]	src1=f32[2048,455,1]	dst=f32[1536,455,1,1]	count=3	sum_us=1246.708	min_us=414.708	max_us=416.917
OP	ntok=455	op=MUL_MAT	name=node_1184	fuse=1	src0=q4_0[1536,256,1]	src1=f32[1536,455,1]	dst=f32[256,455,1,1]	count=3	sum_us=247.625	min_us=81.875	max_us=83.292
OP	ntok=455	op=UNARY	name=node_1185	fuse=1	src0=f32[256,455,1]	src1=-[0,0,0]	dst=f32[256,455,1,1]	count=3	sum_us=36.667	min_us=12.083	max_us=12.333
OP	ntok=455	op=MUL	name=node_1187	fuse=1	src0=f32[256,455,1]	src1=f32[256,455,1]	dst=f32[256,455,1,1]	count=3	sum_us=28.334	min_us=9.375	max_us=9.542
OP	ntok=455	op=MUL_MAT	name=node_1188	fuse=1	src0=q4_0[256,1536,1]	src1=f32[256,455,1]	dst=f32[1536,455,1,1]	count=3	sum_us=191.833	min_us=63.667	max_us=64.250
OP	ntok=455	op=ADD	name=node_1191	fuse=1	src0=f32[1536,455,1]	src1=f32[1536,455,1]	dst=f32[1536,455,1,1]	count=3	sum_us=58.167	min_us=19.375	max_us=19.417
OP	ntok=455	op=FLASH_ATTN_EXT	name=node_1206	fuse=1	src0=f32[256,455,8]	src1=f16[256,512,1]	dst=f32[256,8,455,1]	count=3	sum_us=709.209	min_us=231.250	max_us=241.958
OP	ntok=455	op=MUL_MAT	name=node_1208	fuse=1	src0=q4_0[2048,1536,1]	src1=f32[2048,455,1]	dst=f32[1536,455,1,1]	count=3	sum_us=1246.708	min_us=414.625	max_us=416.875
OP	ntok=455	op=MUL_MAT	name=node_1221	fuse=1	src0=q4_0[1536,256,1]	src1=f32[1536,455,1]	dst=f32[256,455,1,1]	count=3	sum_us=251.500	min_us=82.542	max_us=85.833
OP	ntok=455	op=UNARY	name=node_1222	fuse=1	src0=f32[256,455,1]	src1=-[0,0,0]	dst=f32[256,455,1,1]	count=3	sum_us=35.958	min_us=11.875	max_us=12.042
OP	ntok=455	op=MUL	name=node_1224	fuse=1	src0=f32[256,455,1]	src1=f32[256,455,1]	dst=f32[256,455,1,1]	count=3	sum_us=29.125	min_us=9.625	max_us=9.875
OP	ntok=455	op=MUL_MAT	name=node_1225	fuse=1	src0=q4_0[256,1536,1]	src1=f32[256,455,1]	dst=f32[1536,455,1,1]	count=3	sum_us=194.667	min_us=63.250	max_us=67.292
OP	ntok=455	op=ADD	name=node_1228	fuse=1	src0=f32[1536,455,1]	src1=f32[1536,455,1]	dst=f32[1536,455,1,1]	count=3	sum_us=60.042	min_us=19.042	max_us=21.750
OP	ntok=455	op=FLASH_ATTN_EXT	name=node_1243	fuse=1	src0=f32[256,455,8]	src1=f16[256,512,1]	dst=f32[256,8,455,1]	count=3	sum_us=720.583	min_us=231.333	max_us=249.875
OP	ntok=455	op=MUL_MAT	name=node_1245	fuse=1	src0=q4_0[2048,1536,1]	src1=f32[2048,455,1]	dst=f32[1536,455,1,1]	count=3	sum_us=1248.416	min_us=415.083	max_us=417.417
OP	ntok=455	op=MUL_MAT	name=node_1258	fuse=1	src0=q4_0[1536,256,1]	src1=f32[1536,455,1]	dst=f32[256,455,1,1]	count=3	sum_us=247.792	min_us=82.375	max_us=82.917
OP	ntok=455	op=UNARY	name=node_1259	fuse=1	src0=f32[256,455,1]	src1=-[0,0,0]	dst=f32[256,455,1,1]	count=3	sum_us=35.667	min_us=11.750	max_us=12.167
OP	ntok=455	op=MUL	name=node_1261	fuse=1	src0=f32[256,455,1]	src1=f32[256,455,1]	dst=f32[256,455,1,1]	count=3	sum_us=29.250	min_us=9.667	max_us=9.875
OP	ntok=455	op=MUL_MAT	name=node_1262	fuse=1	src0=q4_0[256,1536,1]	src1=f32[256,455,1]	dst=f32[1536,455,1,1]	count=3	sum_us=200.125	min_us=64.875	max_us=68.375
OP	ntok=455	op=ADD	name=node_1265	fuse=1	src0=f32[1536,455,1]	src1=f32[1536,455,1]	dst=f32[1536,455,1,1]	count=3	sum_us=58.208	min_us=19.292	max_us=19.500
OP	ntok=455	op=FLASH_ATTN_EXT	name=node_1280	fuse=1	src0=f32[512,455,8]	src1=f16[512,512,1]	dst=f32[512,8,455,1]	count=3	sum_us=1997.542	min_us=650.375	max_us=679.000
OP	ntok=455	op=MUL_MAT	name=node_1282	fuse=1	src0=q4_0[4096,1536,1]	src1=f32[4096,455,1]	dst=f32[1536,455,1,1]	count=3	sum_us=2470.083	min_us=822.500	max_us=823.833
OP	ntok=455	op=MUL_MAT	name=node_1295	fuse=1	src0=q4_0[1536,256,1]	src1=f32[1536,455,1]	dst=f32[256,455,1,1]	count=3	sum_us=247.875	min_us=82.000	max_us=83.000
OP	ntok=455	op=UNARY	name=node_1296	fuse=1	src0=f32[256,455,1]	src1=-[0,0,0]	dst=f32[256,455,1,1]	count=3	sum_us=37.000	min_us=12.125	max_us=12.500
OP	ntok=455	op=MUL	name=node_1298	fuse=1	src0=f32[256,455,1]	src1=f32[256,455,1]	dst=f32[256,455,1,1]	count=3	sum_us=29.083	min_us=9.625	max_us=9.750
OP	ntok=455	op=MUL_MAT	name=node_1299	fuse=1	src0=q4_0[256,1536,1]	src1=f32[256,455,1]	dst=f32[1536,455,1,1]	count=3	sum_us=190.750	min_us=63.250	max_us=63.917
OP	ntok=455	op=ADD	name=node_1302	fuse=1	src0=f32[1536,455,1]	src1=f32[1536,455,1]	dst=f32[1536,455,1,1]	count=3	sum_us=57.917	min_us=19.250	max_us=19.417
OP	ntok=455	op=FLASH_ATTN_EXT	name=node_1317	fuse=1	src0=f32[256,455,8]	src1=f16[256,512,1]	dst=f32[256,8,455,1]	count=3	sum_us=739.208	min_us=236.125	max_us=252.583
OP	ntok=455	op=MUL_MAT	name=node_1319	fuse=1	src0=q4_0[2048,1536,1]	src1=f32[2048,455,1]	dst=f32[1536,455,1,1]	count=3	sum_us=1246.375	min_us=415.167	max_us=415.708
OP	ntok=455	op=MUL_MAT	name=node_1332	fuse=1	src0=q4_0[1536,256,1]	src1=f32[1536,455,1]	dst=f32[256,455,1,1]	count=3	sum_us=246.458	min_us=81.833	max_us=82.375
OP	ntok=455	op=UNARY	name=node_1333	fuse=1	src0=f32[256,455,1]	src1=-[0,0,0]	dst=f32[256,455,1,1]	count=3	sum_us=36.583	min_us=11.792	max_us=12.500
OP	ntok=455	op=MUL	name=node_1335	fuse=1	src0=f32[256,455,1]	src1=f32[256,455,1]	dst=f32[256,455,1,1]	count=3	sum_us=29.167	min_us=9.667	max_us=9.750
OP	ntok=455	op=MUL_MAT	name=node_1336	fuse=1	src0=q4_0[256,1536,1]	src1=f32[256,455,1]	dst=f32[1536,455,1,1]	count=3	sum_us=192.917	min_us=63.917	max_us=64.875
OP	ntok=455	op=ADD	name=node_1339	fuse=1	src0=f32[1536,455,1]	src1=f32[1536,455,1]	dst=f32[1536,455,1,1]	count=3	sum_us=57.042	min_us=18.917	max_us=19.125
OP	ntok=455	op=FLASH_ATTN_EXT	name=node_1354	fuse=1	src0=f32[256,455,8]	src1=f16[256,512,1]	dst=f32[256,8,455,1]	count=3	sum_us=700.042	min_us=227.458	max_us=243.125
OP	ntok=455	op=MUL_MAT	name=node_1356	fuse=1	src0=q4_0[2048,1536,1]	src1=f32[2048,455,1]	dst=f32[1536,455,1,1]	count=3	sum_us=1244.208	min_us=414.250	max_us=415.250
OP	ntok=455	op=MUL_MAT	name=node_1369	fuse=1	src0=q4_0[1536,256,1]	src1=f32[1536,455,1]	dst=f32[256,455,1,1]	count=3	sum_us=246.541	min_us=82.000	max_us=82.417
OP	ntok=455	op=UNARY	name=node_1370	fuse=1	src0=f32[256,455,1]	src1=-[0,0,0]	dst=f32[256,455,1,1]	count=3	sum_us=37.625	min_us=12.375	max_us=12.750
OP	ntok=455	op=MUL	name=node_1372	fuse=1	src0=f32[256,455,1]	src1=f32[256,455,1]	dst=f32[256,455,1,1]	count=3	sum_us=28.958	min_us=9.625	max_us=9.708
OP	ntok=455	op=MUL_MAT	name=node_1373	fuse=1	src0=q4_0[256,1536,1]	src1=f32[256,455,1]	dst=f32[1536,455,1,1]	count=3	sum_us=192.458	min_us=64.000	max_us=64.333
OP	ntok=455	op=ADD	name=node_1376	fuse=1	src0=f32[1536,455,1]	src1=f32[1536,455,1]	dst=f32[1536,455,1,1]	count=3	sum_us=57.833	min_us=19.208	max_us=19.375
OP	ntok=455	op=FLASH_ATTN_EXT	name=node_1391	fuse=1	src0=f32[256,455,8]	src1=f16[256,512,1]	dst=f32[256,8,455,1]	count=3	sum_us=727.333	min_us=238.375	max_us=245.333
OP	ntok=455	op=MUL_MAT	name=node_1393	fuse=1	src0=q4_0[2048,1536,1]	src1=f32[2048,455,1]	dst=f32[1536,455,1,1]	count=3	sum_us=1243.167	min_us=413.542	max_us=414.875
OP	ntok=455	op=MUL_MAT	name=node_1406	fuse=1	src0=q4_0[1536,256,1]	src1=f32[1536,455,1]	dst=f32[256,455,1,1]	count=3	sum_us=245.833	min_us=81.875	max_us=82.000
OP	ntok=455	op=UNARY	name=node_1407	fuse=1	src0=f32[256,455,1]	src1=-[0,0,0]	dst=f32[256,455,1,1]	count=3	sum_us=37.917	min_us=12.500	max_us=12.750
OP	ntok=455	op=MUL	name=node_1409	fuse=1	src0=f32[256,455,1]	src1=f32[256,455,1]	dst=f32[256,455,1,1]	count=3	sum_us=29.500	min_us=9.625	max_us=10.125
OP	ntok=455	op=MUL_MAT	name=node_1410	fuse=1	src0=q4_0[256,1536,1]	src1=f32[256,455,1]	dst=f32[1536,455,1,1]	count=3	sum_us=190.250	min_us=63.042	max_us=63.833
OP	ntok=455	op=ADD	name=node_1413	fuse=1	src0=f32[1536,455,1]	src1=f32[1536,455,1]	dst=f32[1536,455,1,1]	count=3	sum_us=58.000	min_us=19.125	max_us=19.583
OP	ntok=455	op=FLASH_ATTN_EXT	name=node_1428	fuse=1	src0=f32[256,455,8]	src1=f16[256,512,1]	dst=f32[256,8,455,1]	count=3	sum_us=733.792	min_us=238.375	max_us=255.125
OP	ntok=455	op=MUL_MAT	name=node_1430	fuse=1	src0=q4_0[2048,1536,1]	src1=f32[2048,455,1]	dst=f32[1536,455,1,1]	count=3	sum_us=1243.958	min_us=414.500	max_us=414.875
OP	ntok=455	op=MUL_MAT	name=node_1443	fuse=1	src0=q4_0[1536,256,1]	src1=f32[1536,455,1]	dst=f32[256,455,1,1]	count=3	sum_us=248.875	min_us=82.000	max_us=84.875
OP	ntok=455	op=UNARY	name=node_1444	fuse=1	src0=f32[256,455,1]	src1=-[0,0,0]	dst=f32[256,455,1,1]	count=3	sum_us=38.750	min_us=12.875	max_us=13.000
OP	ntok=455	op=MUL	name=node_1446	fuse=1	src0=f32[256,455,1]	src1=f32[256,455,1]	dst=f32[256,455,1,1]	count=3	sum_us=30.958	min_us=9.750	max_us=11.000
OP	ntok=455	op=MUL_MAT	name=node_1447	fuse=1	src0=q4_0[256,1536,1]	src1=f32[256,455,1]	dst=f32[1536,455,1,1]	count=3	sum_us=190.542	min_us=63.167	max_us=63.875
OP	ntok=455	op=ADD	name=node_1450	fuse=1	src0=f32[1536,455,1]	src1=f32[1536,455,1]	dst=f32[1536,455,1,1]	count=3	sum_us=56.625	min_us=18.792	max_us=18.958
OP	ntok=455	op=FLASH_ATTN_EXT	name=node_1465	fuse=1	src0=f32[512,455,8]	src1=f16[512,512,1]	dst=f32[512,8,455,1]	count=3	sum_us=2060.167	min_us=668.125	max_us=706.542
OP	ntok=455	op=MUL_MAT	name=node_1467	fuse=1	src0=q4_0[4096,1536,1]	src1=f32[4096,455,1]	dst=f32[1536,455,1,1]	count=3	sum_us=2469.667	min_us=820.958	max_us=825.458
OP	ntok=455	op=MUL_MAT	name=node_1480	fuse=1	src0=q4_0[1536,256,1]	src1=f32[1536,455,1]	dst=f32[256,455,1,1]	count=3	sum_us=248.500	min_us=81.375	max_us=84.750
OP	ntok=455	op=UNARY	name=node_1481	fuse=1	src0=f32[256,455,1]	src1=-[0,0,0]	dst=f32[256,455,1,1]	count=3	sum_us=37.333	min_us=11.458	max_us=14.250
OP	ntok=455	op=MUL	name=node_1483	fuse=1	src0=f32[256,455,1]	src1=f32[256,455,1]	dst=f32[256,455,1,1]	count=3	sum_us=29.875	min_us=9.750	max_us=10.125
OP	ntok=455	op=MUL_MAT	name=node_1484	fuse=1	src0=q4_0[256,1536,1]	src1=f32[256,455,1]	dst=f32[1536,455,1,1]	count=3	sum_us=190.875	min_us=63.500	max_us=63.792
OP	ntok=455	op=ADD	name=node_1487	fuse=1	src0=f32[1536,455,1]	src1=f32[1536,455,1]	dst=f32[1536,455,1,1]	count=3	sum_us=58.250	min_us=19.125	max_us=19.750
OP	ntok=512	op=SCALE	name=inp_per_layer_selected	fuse=1	src0=f32[256,35,512]	src1=-[0,0,0]	dst=f32[256,35,512,1]	count=3	sum_us=339.375	min_us=112.125	max_us=113.750
OP	ntok=512	op=SCALE	name=inp_scaled	fuse=1	src0=f32[1536,512,1]	src1=-[0,0,0]	dst=f32[1536,512,1,1]	count=3	sum_us=77.875	min_us=19.125	max_us=29.625
OP	ntok=512	op=RMS_NORM	name=norm	fuse=2	src0=f32[1536,512,1]	src1=-[0,0,0]	dst=f32[1536,512,1,1]	count=318	sum_us=7086.668	min_us=21.250	max_us=32.625
OP	ntok=512	op=MUL_MAT	name=Qcur	fuse=1	src0=q4_0[1536,2048,1]	src1=f32[1536,512,1]	dst=f32[2048,512,1,1]	count=84	sum_us=34445.334	min_us=408.708	max_us=413.125
OP	ntok=512	op=MUL_MAT	name=Kcur	fuse=1	src0=q4_0[1536,256,1]	src1=f32[1536,512,1]	dst=f32[256,512,1,1]	count=36	sum_us=2946.041	min_us=80.583	max_us=87.250
OP	ntok=512	op=MUL_MAT	name=Vcur	fuse=1	src0=q4_0[1536,256,1]	src1=f32[1536,512,1]	dst=f32[256,512,1,1]	count=36	sum_us=2935.792	min_us=80.458	max_us=84.458
OP	ntok=512	op=RMS_NORM	name=norm	fuse=2	src0=f32[256,8,512]	src1=-[0,0,0]	dst=f32[256,8,512,1]	count=84	sum_us=2218.375	min_us=25.625	max_us=37.125
OP	ntok=512	op=RMS_NORM	name=norm	fuse=2	src0=f32[256,1,512]	src1=-[0,0,0]	dst=f32[256,1,512,1]	count=36	sum_us=338.250	min_us=8.750	max_us=12.583
OP	ntok=512	op=RMS_NORM	name=Vcur_normed	fuse=1	src0=f32[256,1,512]	src1=-[0,0,0]	dst=f32[256,1,512,1]	count=36	sum_us=313.834	min_us=8.042	max_us=11.375
OP	ntok=512	op=ROPE	name=Qcur_pos	fuse=1	src0=f32[256,8,512]	src1=i32[512,1,1]	dst=f32[256,8,512,1]	count=84	sum_us=2948.792	min_us=34.500	max_us=39.458
OP	ntok=512	op=ROPE	name=Kcur_pos	fuse=1	src0=f32[256,1,512]	src1=i32[512,1,1]	dst=f32[256,1,512,1]	count=36	sum_us=355.834	min_us=9.292	max_us=12.625
OP	ntok=512	op=SET_ROWS	name=cache_v_l0 (view)	fuse=1	src0=f32[256,512,1]	src1=i64[512,1,1]	dst=f16[256,1024,1,1]	count=3	sum_us=44.000	min_us=14.458	max_us=15.000
OP	ntok=512	op=SET_ROWS	name=cache_k_l0 (view)	fuse=1	src0=f32[256,512,1]	src1=i64[512,1,1]	dst=f16[256,1024,1,1]	count=3	sum_us=44.000	min_us=14.625	max_us=14.750
OP	ntok=512	op=MUL_MAT	name=node_47	fuse=1	src0=f16[1536,8960,1]	src1=f32[1536,512,1]	dst=f32[8960,512,1,1]	count=3	sum_us=4657.417	min_us=1551.250	max_us=1554.625
OP	ntok=512	op=FLASH_ATTN_EXT	name=node_30	fuse=1	src0=f32[256,512,8]	src1=f16[256,1024,1]	dst=f32[256,8,512,1]	count=3	sum_us=1459.542	min_us=485.208	max_us=488.250
OP	ntok=512	op=SCALE	name=node_48	fuse=1	src0=f32[8960,512,1]	src1=-[0,0,0]	dst=f32[8960,512,1,1]	count=3	sum_us=218.667	min_us=72.042	max_us=73.792
OP	ntok=512	op=MUL_MAT	name=node_32	fuse=1	src0=q4_0[2048,1536,1]	src1=f32[2048,512,1]	dst=f32[1536,512,1,1]	count=3	sum_us=1244.125	min_us=414.000	max_us=415.167
OP	ntok=512	op=RMS_NORM	name=norm	fuse=3	src0=f32[256,35,512]	src1=-[0,0,0]	dst=f32[256,35,512,1]	count=3	sum_us=436.917	min_us=143.542	max_us=148.250
OP	ntok=512	op=RMS_NORM	name=norm	fuse=3	src0=f32[1536,512,1]	src1=-[0,0,0]	dst=f32[1536,512,1,1]	count=210	sum_us=6484.167	min_us=27.042	max_us=38.250
OP	ntok=512	op=SCALE	name=inp_per_layer	fuse=1	src0=f32[256,35,512]	src1=-[0,0,0]	dst=f32[256,35,512,1]	count=3	sum_us=220.417	min_us=73.000	max_us=73.875
OP	ntok=512	op=MUL_MAT	name=ffn_gate	fuse=1	src0=q4_0[1536,6144,1]	src1=f32[1536,512,1]	dst=f32[6144,512,1,1]	count=45	sum_us=52932.166	min_us=1172.500	max_us=1180.875
OP	ntok=512	op=MUL_MAT	name=ffn_up	fuse=1	src0=q4_0[1536,6144,1]	src1=f32[1536,512,1]	dst=f32[6144,512,1,1]	count=45	sum_us=52939.708	min_us=1172.583	max_us=1180.542
OP	ntok=512	op=CONT	name=inp_per_layer (permuted) (cont)	fuse=1	src0=f32[256,512,35]	src1=-[0,0,0]	dst=f32[256,512,35,1]	count=3	sum_us=3133.250	min_us=1044.375	max_us=1044.500
OP	ntok=512	op=GLU	name=ffn_geglu	fuse=1	src0=f32[6144,512,1]	src1=f32[6144,512,1]	dst=f32[6144,512,1,1]	count=45	sum_us=4436.042	min_us=82.750	max_us=132.708
OP	ntok=512	op=MUL_MAT	name=ffn_out	fuse=1	src0=q4_0[6144,1536,1]	src1=f32[6144,512,1]	dst=f32[1536,512,1,1]	count=45	sum_us=54938.667	min_us=1218.750	max_us=1225.208
OP	ntok=512	op=MUL_MAT	name=node_45	fuse=1	src0=q4_0[1536,256,1]	src1=f32[1536,512,1]	dst=f32[256,512,1,1]	count=3	sum_us=251.375	min_us=81.875	max_us=85.125
OP	ntok=512	op=UNARY	name=node_46	fuse=1	src0=f32[256,512,1]	src1=-[0,0,0]	dst=f32[256,512,1,1]	count=3	sum_us=35.292	min_us=11.500	max_us=11.958
OP	ntok=512	op=MUL	name=node_57	fuse=1	src0=f32[256,512,1]	src1=f32[256,512,1]	dst=f32[256,512,1,1]	count=3	sum_us=39.500	min_us=11.250	max_us=14.667
OP	ntok=512	op=MUL_MAT	name=node_58	fuse=1	src0=q4_0[256,1536,1]	src1=f32[256,512,1]	dst=f32[1536,512,1,1]	count=3	sum_us=188.708	min_us=62.625	max_us=63.208
OP	ntok=512	op=ADD	name=node_61	fuse=1	src0=f32[1536,512,1]	src1=f32[1536,512,1]	dst=f32[1536,512,1,1]	count=3	sum_us=62.208	min_us=20.583	max_us=21.000
OP	ntok=512	op=MUL	name=l_out	fuse=1	src0=f32[1536,512,1]	src1=f32[1,1,1]	dst=f32[1536,512,1,1]	count=105	sum_us=2615.041	min_us=24.625	max_us=25.500
OP	ntok=512	op=SET_ROWS	name=cache_v_l1 (view)	fuse=1	src0=f32[256,512,1]	src1=i64[512,1,1]	dst=f16[256,1024,1,1]	count=3	sum_us=47.000	min_us=14.833	max_us=16.917
OP	ntok=512	op=SET_ROWS	name=cache_k_l1 (view)	fuse=1	src0=f32[256,512,1]	src1=i64[512,1,1]	dst=f16[256,1024,1,1]	count=3	sum_us=44.167	min_us=14.625	max_us=14.792
OP	ntok=512	op=FLASH_ATTN_EXT	name=node_88	fuse=1	src0=f32[256,512,8]	src1=f16[256,1024,1]	dst=f32[256,8,512,1]	count=3	sum_us=1447.750	min_us=480.875	max_us=485.542
OP	ntok=512	op=MUL_MAT	name=node_90	fuse=1	src0=q4_0[2048,1536,1]	src1=f32[2048,512,1]	dst=f32[1536,512,1,1]	count=3	sum_us=1235.958	min_us=411.750	max_us=412.375
OP	ntok=512	op=MUL_MAT	name=node_103	fuse=1	src0=q4_0[1536,256,1]	src1=f32[1536,512,1]	dst=f32[256,512,1,1]	count=3	sum_us=242.292	min_us=80.500	max_us=81.208
OP	ntok=512	op=UNARY	name=node_104	fuse=1	src0=f32[256,512,1]	src1=-[0,0,0]	dst=f32[256,512,1,1]	count=3	sum_us=34.667	min_us=11.500	max_us=11.667
OP	ntok=512	op=MUL	name=node_106	fuse=1	src0=f32[256,512,1]	src1=f32[256,512,1]	dst=f32[256,512,1,1]	count=3	sum_us=32.500	min_us=10.708	max_us=10.917
OP	ntok=512	op=MUL_MAT	name=node_107	fuse=1	src0=q4_0[256,1536,1]	src1=f32[256,512,1]	dst=f32[1536,512,1,1]	count=3	sum_us=188.000	min_us=62.375	max_us=62.875
OP	ntok=512	op=ADD	name=node_110	fuse=1	src0=f32[1536,512,1]	src1=f32[1536,512,1]	dst=f32[1536,512,1,1]	count=3	sum_us=63.042	min_us=20.708	max_us=21.333
OP	ntok=512	op=SET_ROWS	name=cache_v_l2 (view)	fuse=1	src0=f32[256,512,1]	src1=i64[512,1,1]	dst=f16[256,1024,1,1]	count=3	sum_us=43.667	min_us=14.250	max_us=14.917
OP	ntok=512	op=SET_ROWS	name=cache_k_l2 (view)	fuse=1	src0=f32[256,512,1]	src1=i64[512,1,1]	dst=f16[256,1024,1,1]	count=3	sum_us=43.458	min_us=14.375	max_us=14.625
OP	ntok=512	op=FLASH_ATTN_EXT	name=node_137	fuse=1	src0=f32[256,512,8]	src1=f16[256,1024,1]	dst=f32[256,8,512,1]	count=3	sum_us=1429.792	min_us=455.375	max_us=487.625
OP	ntok=512	op=MUL_MAT	name=node_139	fuse=1	src0=q4_0[2048,1536,1]	src1=f32[2048,512,1]	dst=f32[1536,512,1,1]	count=3	sum_us=1234.458	min_us=411.417	max_us=411.542
OP	ntok=512	op=MUL_MAT	name=node_152	fuse=1	src0=q4_0[1536,256,1]	src1=f32[1536,512,1]	dst=f32[256,512,1,1]	count=3	sum_us=246.667	min_us=80.625	max_us=84.958
OP	ntok=512	op=UNARY	name=node_153	fuse=1	src0=f32[256,512,1]	src1=-[0,0,0]	dst=f32[256,512,1,1]	count=3	sum_us=35.583	min_us=11.708	max_us=12.000
OP	ntok=512	op=MUL	name=node_155	fuse=1	src0=f32[256,512,1]	src1=f32[256,512,1]	dst=f32[256,512,1,1]	count=3	sum_us=31.333	min_us=10.333	max_us=10.625
OP	ntok=512	op=MUL_MAT	name=node_156	fuse=1	src0=q4_0[256,1536,1]	src1=f32[256,512,1]	dst=f32[1536,512,1,1]	count=3	sum_us=186.458	min_us=61.875	max_us=62.500
OP	ntok=512	op=ADD	name=node_159	fuse=1	src0=f32[1536,512,1]	src1=f32[1536,512,1]	dst=f32[1536,512,1,1]	count=3	sum_us=62.542	min_us=20.750	max_us=21.000
OP	ntok=512	op=SET_ROWS	name=cache_v_l3 (view)	fuse=1	src0=f32[256,512,1]	src1=i64[512,1,1]	dst=f16[256,1024,1,1]	count=3	sum_us=43.583	min_us=14.292	max_us=14.833
OP	ntok=512	op=SET_ROWS	name=cache_k_l3 (view)	fuse=1	src0=f32[256,512,1]	src1=i64[512,1,1]	dst=f16[256,1024,1,1]	count=3	sum_us=43.042	min_us=14.250	max_us=14.458
OP	ntok=512	op=FLASH_ATTN_EXT	name=node_186	fuse=1	src0=f32[256,512,8]	src1=f16[256,1024,1]	dst=f32[256,8,512,1]	count=3	sum_us=1435.792	min_us=472.792	max_us=482.583
OP	ntok=512	op=MUL_MAT	name=node_188	fuse=1	src0=q4_0[2048,1536,1]	src1=f32[2048,512,1]	dst=f32[1536,512,1,1]	count=3	sum_us=1239.583	min_us=411.583	max_us=415.625
OP	ntok=512	op=MUL_MAT	name=node_201	fuse=1	src0=q4_0[1536,256,1]	src1=f32[1536,512,1]	dst=f32[256,512,1,1]	count=3	sum_us=241.792	min_us=80.250	max_us=80.875
OP	ntok=512	op=UNARY	name=node_202	fuse=1	src0=f32[256,512,1]	src1=-[0,0,0]	dst=f32[256,512,1,1]	count=3	sum_us=36.125	min_us=12.000	max_us=12.125
OP	ntok=512	op=MUL	name=node_204	fuse=1	src0=f32[256,512,1]	src1=f32[256,512,1]	dst=f32[256,512,1,1]	count=3	sum_us=35.333	min_us=10.125	max_us=14.875
OP	ntok=512	op=MUL_MAT	name=node_205	fuse=1	src0=q4_0[256,1536,1]	src1=f32[256,512,1]	dst=f32[1536,512,1,1]	count=3	sum_us=186.750	min_us=62.000	max_us=62.667
OP	ntok=512	op=ADD	name=node_208	fuse=1	src0=f32[1536,512,1]	src1=f32[1536,512,1]	dst=f32[1536,512,1,1]	count=3	sum_us=62.000	min_us=20.458	max_us=20.917
OP	ntok=512	op=MUL_MAT	name=Qcur	fuse=1	src0=q4_0[1536,4096,1]	src1=f32[1536,512,1]	dst=f32[4096,512,1,1]	count=21	sum_us=16643.250	min_us=791.583	max_us=793.458
OP	ntok=512	op=MUL_MAT	name=Kcur	fuse=1	src0=q4_0[1536,512,1]	src1=f32[1536,512,1]	dst=f32[512,512,1,1]	count=9	sum_us=1102.000	min_us=121.667	max_us=125.000
OP	ntok=512	op=MUL_MAT	name=Vcur	fuse=1	src0=q4_0[1536,512,1]	src1=f32[1536,512,1]	dst=f32[512,512,1,1]	count=9	sum_us=1104.125	min_us=122.125	max_us=123.500
OP	ntok=512	op=RMS_NORM	name=norm	fuse=2	src0=f32[512,8,512]	src1=-[0,0,0]	dst=f32[512,8,512,1]	count=21	sum_us=980.208	min_us=44.583	max_us=59.875
OP	ntok=512	op=RMS_NORM	name=norm	fuse=2	src0=f32[512,1,512]	src1=-[0,0,0]	dst=f32[512,1,512,1]	count=9	sum_us=104.584	min_us=11.375	max_us=11.750
OP	ntok=512	op=RMS_NORM	name=Vcur_normed	fuse=1	src0=f32[512,1,512]	src1=-[0,0,0]	dst=f32[512,1,512,1]	count=9	sum_us=92.042	min_us=10.125	max_us=10.375
OP	ntok=512	op=ROPE	name=Qcur_pos	fuse=1	src0=f32[512,8,512]	src1=i32[512,1,1]	dst=f32[512,8,512,1]	count=21	sum_us=1234.167	min_us=58.125	max_us=59.125
OP	ntok=512	op=ROPE	name=Kcur_pos	fuse=1	src0=f32[512,1,512]	src1=i32[512,1,1]	dst=f32[512,1,512,1]	count=9	sum_us=124.750	min_us=13.667	max_us=14.000
OP	ntok=512	op=SET_ROWS	name=cache_v_l4 (view)	fuse=1	src0=f32[512,512,1]	src1=i64[512,1,1]	dst=f16[512,4096,1,1]	count=3	sum_us=68.000	min_us=22.542	max_us=22.875
OP	ntok=512	op=SET_ROWS	name=cache_k_l4 (view)	fuse=1	src0=f32[512,512,1]	src1=i64[512,1,1]	dst=f16[512,4096,1,1]	count=3	sum_us=68.333	min_us=22.500	max_us=23.250
OP	ntok=512	op=FLASH_ATTN_EXT	name=node_235	fuse=1	src0=f32[512,512,8]	src1=f16[512,1024,1]	dst=f32[512,8,512,1]	count=3	sum_us=6036.458	min_us=1998.417	max_us=2028.125
OP	ntok=512	op=MUL_MAT	name=node_237	fuse=1	src0=q4_0[4096,1536,1]	src1=f32[4096,512,1]	dst=f32[1536,512,1,1]	count=3	sum_us=2450.917	min_us=815.875	max_us=817.708
OP	ntok=512	op=MUL_MAT	name=node_250	fuse=1	src0=q4_0[1536,256,1]	src1=f32[1536,512,1]	dst=f32[256,512,1,1]	count=3	sum_us=242.833	min_us=79.708	max_us=82.875
OP	ntok=512	op=UNARY	name=node_251	fuse=1	src0=f32[256,512,1]	src1=-[0,0,0]	dst=f32[256,512,1,1]	count=3	sum_us=36.542	min_us=11.792	max_us=12.500
OP	ntok=512	op=MUL	name=node_253	fuse=1	src0=f32[256,512,1]	src1=f32[256,512,1]	dst=f32[256,512,1,1]	count=3	sum_us=31.583	min_us=10.292	max_us=10.917
OP	ntok=512	op=MUL_MAT	name=node_254	fuse=1	src0=q4_0[256,1536,1]	src1=f32[256,512,1]	dst=f32[1536,512,1,1]	count=3	sum_us=186.292	min_us=62.042	max_us=62.125
OP	ntok=512	op=ADD	name=node_257	fuse=1	src0=f32[1536,512,1]	src1=f32[1536,512,1]	dst=f32[1536,512,1,1]	count=3	sum_us=62.667	min_us=20.708	max_us=21.250
OP	ntok=512	op=SET_ROWS	name=cache_v_l5 (view)	fuse=1	src0=f32[256,512,1]	src1=i64[512,1,1]	dst=f16[256,1024,1,1]	count=3	sum_us=43.542	min_us=14.458	max_us=14.583
OP	ntok=512	op=SET_ROWS	name=cache_k_l5 (view)	fuse=1	src0=f32[256,512,1]	src1=i64[512,1,1]	dst=f16[256,1024,1,1]	count=3	sum_us=42.875	min_us=14.000	max_us=14.500
OP	ntok=512	op=FLASH_ATTN_EXT	name=node_284	fuse=1	src0=f32[256,512,8]	src1=f16[256,1024,1]	dst=f32[256,8,512,1]	count=3	sum_us=1453.667	min_us=483.125	max_us=486.125
OP	ntok=512	op=MUL_MAT	name=node_286	fuse=1	src0=q4_0[2048,1536,1]	src1=f32[2048,512,1]	dst=f32[1536,512,1,1]	count=3	sum_us=1235.833	min_us=411.875	max_us=412.083
OP	ntok=512	op=MUL_MAT	name=node_299	fuse=1	src0=q4_0[1536,256,1]	src1=f32[1536,512,1]	dst=f32[256,512,1,1]	count=3	sum_us=241.792	min_us=80.417	max_us=80.875
OP	ntok=512	op=UNARY	name=node_300	fuse=1	src0=f32[256,512,1]	src1=-[0,0,0]	dst=f32[256,512,1,1]	count=3	sum_us=36.625	min_us=11.750	max_us=12.667
OP	ntok=512	op=MUL	name=node_302	fuse=1	src0=f32[256,512,1]	src1=f32[256,512,1]	dst=f32[256,512,1,1]	count=3	sum_us=30.708	min_us=10.125	max_us=10.375
OP	ntok=512	op=MUL_MAT	name=node_303	fuse=1	src0=q4_0[256,1536,1]	src1=f32[256,512,1]	dst=f32[1536,512,1,1]	count=3	sum_us=187.750	min_us=62.500	max_us=62.625
OP	ntok=512	op=ADD	name=node_306	fuse=1	src0=f32[1536,512,1]	src1=f32[1536,512,1]	dst=f32[1536,512,1,1]	count=3	sum_us=62.292	min_us=20.375	max_us=21.125
OP	ntok=512	op=SET_ROWS	name=cache_v_l6 (view)	fuse=1	src0=f32[256,512,1]	src1=i64[512,1,1]	dst=f16[256,1024,1,1]	count=3	sum_us=42.833	min_us=14.125	max_us=14.458
OP	ntok=512	op=SET_ROWS	name=cache_k_l6 (view)	fuse=1	src0=f32[256,512,1]	src1=i64[512,1,1]	dst=f16[256,1024,1,1]	count=3	sum_us=42.958	min_us=14.167	max_us=14.417
OP	ntok=512	op=FLASH_ATTN_EXT	name=node_333	fuse=1	src0=f32[256,512,8]	src1=f16[256,1024,1]	dst=f32[256,8,512,1]	count=3	sum_us=1444.917	min_us=476.458	max_us=486.500
OP	ntok=512	op=MUL_MAT	name=node_335	fuse=1	src0=q4_0[2048,1536,1]	src1=f32[2048,512,1]	dst=f32[1536,512,1,1]	count=3	sum_us=1234.000	min_us=411.167	max_us=411.458
OP	ntok=512	op=MUL_MAT	name=node_348	fuse=1	src0=q4_0[1536,256,1]	src1=f32[1536,512,1]	dst=f32[256,512,1,1]	count=3	sum_us=243.000	min_us=80.750	max_us=81.500
OP	ntok=512	op=UNARY	name=node_349	fuse=1	src0=f32[256,512,1]	src1=-[0,0,0]	dst=f32[256,512,1,1]	count=3	sum_us=36.500	min_us=12.083	max_us=12.250
OP	ntok=512	op=MUL	name=node_351	fuse=1	src0=f32[256,512,1]	src1=f32[256,512,1]	dst=f32[256,512,1,1]	count=3	sum_us=30.875	min_us=10.167	max_us=10.375
OP	ntok=512	op=MUL_MAT	name=node_352	fuse=1	src0=q4_0[256,1536,1]	src1=f32[256,512,1]	dst=f32[1536,512,1,1]	count=3	sum_us=186.542	min_us=61.833	max_us=62.375
OP	ntok=512	op=ADD	name=node_355	fuse=1	src0=f32[1536,512,1]	src1=f32[1536,512,1]	dst=f32[1536,512,1,1]	count=3	sum_us=61.875	min_us=20.500	max_us=20.750
OP	ntok=512	op=SET_ROWS	name=cache_v_l7 (view)	fuse=1	src0=f32[256,512,1]	src1=i64[512,1,1]	dst=f16[256,1024,1,1]	count=3	sum_us=42.958	min_us=14.250	max_us=14.458
OP	ntok=512	op=SET_ROWS	name=cache_k_l7 (view)	fuse=1	src0=f32[256,512,1]	src1=i64[512,1,1]	dst=f16[256,1024,1,1]	count=3	sum_us=43.000	min_us=14.167	max_us=14.583
OP	ntok=512	op=FLASH_ATTN_EXT	name=node_382	fuse=1	src0=f32[256,512,8]	src1=f16[256,1024,1]	dst=f32[256,8,512,1]	count=3	sum_us=1443.042	min_us=480.292	max_us=481.500
OP	ntok=512	op=MUL_MAT	name=node_384	fuse=1	src0=q4_0[2048,1536,1]	src1=f32[2048,512,1]	dst=f32[1536,512,1,1]	count=3	sum_us=1235.792	min_us=410.833	max_us=412.708
OP	ntok=512	op=MUL_MAT	name=node_397	fuse=1	src0=q4_0[1536,256,1]	src1=f32[1536,512,1]	dst=f32[256,512,1,1]	count=3	sum_us=244.333	min_us=80.458	max_us=82.250
OP	ntok=512	op=UNARY	name=node_398	fuse=1	src0=f32[256,512,1]	src1=-[0,0,0]	dst=f32[256,512,1,1]	count=3	sum_us=37.250	min_us=12.333	max_us=12.542
OP	ntok=512	op=MUL	name=node_400	fuse=1	src0=f32[256,512,1]	src1=f32[256,512,1]	dst=f32[256,512,1,1]	count=3	sum_us=32.000	min_us=10.167	max_us=11.083
OP	ntok=512	op=MUL_MAT	name=node_401	fuse=1	src0=q4_0[256,1536,1]	src1=f32[256,512,1]	dst=f32[1536,512,1,1]	count=3	sum_us=187.208	min_us=62.125	max_us=62.542
OP	ntok=512	op=ADD	name=node_404	fuse=1	src0=f32[1536,512,1]	src1=f32[1536,512,1]	dst=f32[1536,512,1,1]	count=3	sum_us=62.167	min_us=20.375	max_us=20.917
OP	ntok=512	op=SET_ROWS	name=cache_v_l8 (view)	fuse=1	src0=f32[256,512,1]	src1=i64[512,1,1]	dst=f16[256,1024,1,1]	count=3	sum_us=43.375	min_us=14.292	max_us=14.583
OP	ntok=512	op=SET_ROWS	name=cache_k_l8 (view)	fuse=1	src0=f32[256,512,1]	src1=i64[512,1,1]	dst=f16[256,1024,1,1]	count=3	sum_us=42.625	min_us=14.125	max_us=14.375
OP	ntok=512	op=FLASH_ATTN_EXT	name=node_431	fuse=1	src0=f32[256,512,8]	src1=f16[256,1024,1]	dst=f32[256,8,512,1]	count=3	sum_us=1424.833	min_us=454.750	max_us=487.667
OP	ntok=512	op=MUL_MAT	name=node_433	fuse=1	src0=q4_0[2048,1536,1]	src1=f32[2048,512,1]	dst=f32[1536,512,1,1]	count=3	sum_us=1235.750	min_us=411.125	max_us=412.375
OP	ntok=512	op=MUL_MAT	name=node_446	fuse=1	src0=q4_0[1536,256,1]	src1=f32[1536,512,1]	dst=f32[256,512,1,1]	count=3	sum_us=242.125	min_us=80.625	max_us=80.875
OP	ntok=512	op=UNARY	name=node_447	fuse=1	src0=f32[256,512,1]	src1=-[0,0,0]	dst=f32[256,512,1,1]	count=3	sum_us=38.583	min_us=12.500	max_us=13.083
OP	ntok=512	op=MUL	name=node_449	fuse=1	src0=f32[256,512,1]	src1=f32[256,512,1]	dst=f32[256,512,1,1]	count=3	sum_us=30.208	min_us=9.792	max_us=10.375
OP	ntok=512	op=MUL_MAT	name=node_450	fuse=1	src0=q4_0[256,1536,1]	src1=f32[256,512,1]	dst=f32[1536,512,1,1]	count=3	sum_us=186.708	min_us=62.000	max_us=62.458
OP	ntok=512	op=ADD	name=node_453	fuse=1	src0=f32[1536,512,1]	src1=f32[1536,512,1]	dst=f32[1536,512,1,1]	count=3	sum_us=61.917	min_us=20.500	max_us=20.750
OP	ntok=512	op=SET_ROWS	name=cache_v_l9 (view)	fuse=1	src0=f32[512,512,1]	src1=i64[512,1,1]	dst=f16[512,4096,1,1]	count=3	sum_us=68.042	min_us=22.500	max_us=22.917
OP	ntok=512	op=SET_ROWS	name=cache_k_l9 (view)	fuse=1	src0=f32[512,512,1]	src1=i64[512,1,1]	dst=f16[512,4096,1,1]	count=3	sum_us=67.375	min_us=22.458	max_us=22.458
OP	ntok=512	op=FLASH_ATTN_EXT	name=node_480	fuse=1	src0=f32[512,512,8]	src1=f16[512,1024,1]	dst=f32[512,8,512,1]	count=3	sum_us=6067.833	min_us=2013.375	max_us=2027.458
OP	ntok=512	op=MUL_MAT	name=node_482	fuse=1	src0=q4_0[4096,1536,1]	src1=f32[4096,512,1]	dst=f32[1536,512,1,1]	count=3	sum_us=2447.875	min_us=815.500	max_us=816.583
OP	ntok=512	op=MUL_MAT	name=node_495	fuse=1	src0=q4_0[1536,256,1]	src1=f32[1536,512,1]	dst=f32[256,512,1,1]	count=3	sum_us=244.250	min_us=80.708	max_us=82.250
OP	ntok=512	op=UNARY	name=node_496	fuse=1	src0=f32[256,512,1]	src1=-[0,0,0]	dst=f32[256,512,1,1]	count=3	sum_us=37.167	min_us=12.125	max_us=12.875
OP	ntok=512	op=MUL	name=node_498	fuse=1	src0=f32[256,512,1]	src1=f32[256,512,1]	dst=f32[256,512,1,1]	count=3	sum_us=32.250	min_us=10.708	max_us=10.792
OP	ntok=512	op=MUL_MAT	name=node_499	fuse=1	src0=q4_0[256,1536,1]	src1=f32[256,512,1]	dst=f32[1536,512,1,1]	count=3	sum_us=187.083	min_us=62.250	max_us=62.458
OP	ntok=512	op=ADD	name=node_502	fuse=1	src0=f32[1536,512,1]	src1=f32[1536,512,1]	dst=f32[1536,512,1,1]	count=3	sum_us=63.667	min_us=21.083	max_us=21.375
OP	ntok=512	op=SET_ROWS	name=cache_v_l10 (view)	fuse=1	src0=f32[256,512,1]	src1=i64[512,1,1]	dst=f16[256,1024,1,1]	count=3	sum_us=43.417	min_us=14.167	max_us=14.875
OP	ntok=512	op=SET_ROWS	name=cache_k_l10 (view)	fuse=1	src0=f32[256,512,1]	src1=i64[512,1,1]	dst=f16[256,1024,1,1]	count=3	sum_us=42.875	min_us=14.250	max_us=14.375
OP	ntok=512	op=FLASH_ATTN_EXT	name=node_529	fuse=1	src0=f32[256,512,8]	src1=f16[256,1024,1]	dst=f32[256,8,512,1]	count=3	sum_us=1452.375	min_us=482.542	max_us=485.083
OP	ntok=512	op=MUL_MAT	name=node_531	fuse=1	src0=q4_0[2048,1536,1]	src1=f32[2048,512,1]	dst=f32[1536,512,1,1]	count=3	sum_us=1235.167	min_us=411.250	max_us=412.292
OP	ntok=512	op=MUL_MAT	name=node_544	fuse=1	src0=q4_0[1536,256,1]	src1=f32[1536,512,1]	dst=f32[256,512,1,1]	count=3	sum_us=248.542	min_us=79.750	max_us=85.125
OP	ntok=512	op=UNARY	name=node_545	fuse=1	src0=f32[256,512,1]	src1=-[0,0,0]	dst=f32[256,512,1,1]	count=3	sum_us=37.875	min_us=12.417	max_us=12.750
OP	ntok=512	op=MUL	name=node_547	fuse=1	src0=f32[256,512,1]	src1=f32[256,512,1]	dst=f32[256,512,1,1]	count=3	sum_us=30.833	min_us=10.208	max_us=10.375
OP	ntok=512	op=MUL_MAT	name=node_548	fuse=1	src0=q4_0[256,1536,1]	src1=f32[256,512,1]	dst=f32[1536,512,1,1]	count=3	sum_us=186.208	min_us=61.750	max_us=62.333
OP	ntok=512	op=ADD	name=node_551	fuse=1	src0=f32[1536,512,1]	src1=f32[1536,512,1]	dst=f32[1536,512,1,1]	count=3	sum_us=61.125	min_us=20.250	max_us=20.500
OP	ntok=512	op=SET_ROWS	name=cache_v_l11 (view)	fuse=1	src0=f32[256,512,1]	src1=i64[512,1,1]	dst=f16[256,1024,1,1]	count=3	sum_us=44.042	min_us=14.458	max_us=14.958
OP	ntok=512	op=SET_ROWS	name=cache_k_l11 (view)	fuse=1	src0=f32[256,512,1]	src1=i64[512,1,1]	dst=f16[256,1024,1,1]	count=3	sum_us=42.958	min_us=14.250	max_us=14.375
OP	ntok=512	op=FLASH_ATTN_EXT	name=node_578	fuse=1	src0=f32[256,512,8]	src1=f16[256,1024,1]	dst=f32[256,8,512,1]	count=3	sum_us=1448.792	min_us=477.625	max_us=490.792
OP	ntok=512	op=MUL_MAT	name=node_580	fuse=1	src0=q4_0[2048,1536,1]	src1=f32[2048,512,1]	dst=f32[1536,512,1,1]	count=3	sum_us=1238.917	min_us=411.375	max_us=415.625
OP	ntok=512	op=MUL_MAT	name=node_593	fuse=1	src0=q4_0[1536,256,1]	src1=f32[1536,512,1]	dst=f32[256,512,1,1]	count=3	sum_us=242.708	min_us=80.333	max_us=81.625
OP	ntok=512	op=UNARY	name=node_594	fuse=1	src0=f32[256,512,1]	src1=-[0,0,0]	dst=f32[256,512,1,1]	count=3	sum_us=37.125	min_us=12.250	max_us=12.500
OP	ntok=512	op=MUL	name=node_596	fuse=1	src0=f32[256,512,1]	src1=f32[256,512,1]	dst=f32[256,512,1,1]	count=3	sum_us=30.708	min_us=10.083	max_us=10.375
OP	ntok=512	op=MUL_MAT	name=node_597	fuse=1	src0=q4_0[256,1536,1]	src1=f32[256,512,1]	dst=f32[1536,512,1,1]	count=3	sum_us=187.125	min_us=61.792	max_us=62.875
OP	ntok=512	op=ADD	name=node_600	fuse=1	src0=f32[1536,512,1]	src1=f32[1536,512,1]	dst=f32[1536,512,1,1]	count=3	sum_us=62.917	min_us=20.833	max_us=21.125
OP	ntok=512	op=SET_ROWS	name=cache_v_l12 (view)	fuse=1	src0=f32[256,512,1]	src1=i64[512,1,1]	dst=f16[256,1024,1,1]	count=3	sum_us=43.417	min_us=14.375	max_us=14.625
OP	ntok=512	op=SET_ROWS	name=cache_k_l12 (view)	fuse=1	src0=f32[256,512,1]	src1=i64[512,1,1]	dst=f16[256,1024,1,1]	count=3	sum_us=42.833	min_us=14.208	max_us=14.417
OP	ntok=512	op=FLASH_ATTN_EXT	name=node_627	fuse=1	src0=f32[256,512,8]	src1=f16[256,1024,1]	dst=f32[256,8,512,1]	count=3	sum_us=1446.917	min_us=480.333	max_us=483.417
OP	ntok=512	op=MUL_MAT	name=node_629	fuse=1	src0=q4_0[2048,1536,1]	src1=f32[2048,512,1]	dst=f32[1536,512,1,1]	count=3	sum_us=1234.792	min_us=411.000	max_us=412.250
OP	ntok=512	op=MUL_MAT	name=node_642	fuse=1	src0=q4_0[1536,256,1]	src1=f32[1536,512,1]	dst=f32[256,512,1,1]	count=3	sum_us=242.625	min_us=80.667	max_us=81.125
OP	ntok=512	op=UNARY	name=node_643	fuse=1	src0=f32[256,512,1]	src1=-[0,0,0]	dst=f32[256,512,1,1]	count=3	sum_us=36.583	min_us=11.708	max_us=12.500
OP	ntok=512	op=MUL	name=node_645	fuse=1	src0=f32[256,512,1]	src1=f32[256,512,1]	dst=f32[256,512,1,1]	count=3	sum_us=30.792	min_us=10.167	max_us=10.333
OP	ntok=512	op=MUL_MAT	name=node_646	fuse=1	src0=q4_0[256,1536,1]	src1=f32[256,512,1]	dst=f32[1536,512,1,1]	count=3	sum_us=187.458	min_us=62.333	max_us=62.625
OP	ntok=512	op=ADD	name=node_649	fuse=1	src0=f32[1536,512,1]	src1=f32[1536,512,1]	dst=f32[1536,512,1,1]	count=3	sum_us=62.167	min_us=20.625	max_us=20.875
OP	ntok=512	op=SET_ROWS	name=cache_v_l13 (view)	fuse=1	src0=f32[256,512,1]	src1=i64[512,1,1]	dst=f16[256,1024,1,1]	count=3	sum_us=43.250	min_us=14.125	max_us=14.667
OP	ntok=512	op=SET_ROWS	name=cache_k_l13 (view)	fuse=1	src0=f32[256,512,1]	src1=i64[512,1,1]	dst=f16[256,1024,1,1]	count=3	sum_us=42.833	min_us=14.208	max_us=14.375
OP	ntok=512	op=FLASH_ATTN_EXT	name=node_676	fuse=1	src0=f32[256,512,8]	src1=f16[256,1024,1]	dst=f32[256,8,512,1]	count=3	sum_us=1442.833	min_us=477.750	max_us=482.583
OP	ntok=512	op=MUL_MAT	name=node_678	fuse=1	src0=q4_0[2048,1536,1]	src1=f32[2048,512,1]	dst=f32[1536,512,1,1]	count=3	sum_us=1236.500	min_us=411.250	max_us=413.625
OP	ntok=512	op=MUL_MAT	name=node_691	fuse=1	src0=q4_0[1536,256,1]	src1=f32[1536,512,1]	dst=f32[256,512,1,1]	count=3	sum_us=244.125	min_us=80.125	max_us=82.750
OP	ntok=512	op=UNARY	name=node_692	fuse=1	src0=f32[256,512,1]	src1=-[0,0,0]	dst=f32[256,512,1,1]	count=3	sum_us=37.083	min_us=12.125	max_us=12.500
OP	ntok=512	op=MUL	name=node_694	fuse=1	src0=f32[256,512,1]	src1=f32[256,512,1]	dst=f32[256,512,1,1]	count=3	sum_us=30.333	min_us=10.042	max_us=10.167
OP	ntok=512	op=MUL_MAT	name=node_695	fuse=1	src0=q4_0[256,1536,1]	src1=f32[256,512,1]	dst=f32[1536,512,1,1]	count=3	sum_us=190.750	min_us=62.000	max_us=66.250
OP	ntok=512	op=ADD	name=node_698	fuse=1	src0=f32[1536,512,1]	src1=f32[1536,512,1]	dst=f32[1536,512,1,1]	count=3	sum_us=62.208	min_us=20.708	max_us=20.750
OP	ntok=512	op=SET_ROWS	name=cache_v_l14 (view)	fuse=1	src0=f32[512,512,1]	src1=i64[512,1,1]	dst=f16[512,4096,1,1]	count=3	sum_us=67.667	min_us=22.375	max_us=22.667
OP	ntok=512	op=SET_ROWS	name=cache_k_l14 (view)	fuse=1	src0=f32[512,512,1]	src1=i64[512,1,1]	dst=f16[512,4096,1,1]	count=3	sum_us=67.708	min_us=22.542	max_us=22.625
OP	ntok=512	op=FLASH_ATTN_EXT	name=node_725	fuse=1	src0=f32[512,512,8]	src1=f16[512,1024,1]	dst=f32[512,8,512,1]	count=3	sum_us=5963.750	min_us=1916.750	max_us=2036.250
OP	ntok=512	op=MUL_MAT	name=node_727	fuse=1	src0=q4_0[4096,1536,1]	src1=f32[4096,512,1]	dst=f32[1536,512,1,1]	count=3	sum_us=2454.083	min_us=816.000	max_us=820.250
OP	ntok=512	op=MUL_MAT	name=node_740	fuse=1	src0=q4_0[1536,256,1]	src1=f32[1536,512,1]	dst=f32[256,512,1,1]	count=3	sum_us=241.667	min_us=80.250	max_us=80.875
OP	ntok=512	op=UNARY	name=node_741	fuse=1	src0=f32[256,512,1]	src1=-[0,0,0]	dst=f32[256,512,1,1]	count=3	sum_us=37.250	min_us=12.375	max_us=12.500
OP	ntok=512	op=MUL	name=node_743	fuse=1	src0=f32[256,512,1]	src1=f32[256,512,1]	dst=f32[256,512,1,1]	count=3	sum_us=31.625	min_us=10.500	max_us=10.625
OP	ntok=512	op=MUL_MAT	name=node_744	fuse=1	src0=q4_0[256,1536,1]	src1=f32[256,512,1]	dst=f32[1536,512,1,1]	count=3	sum_us=186.292	min_us=62.042	max_us=62.125
OP	ntok=512	op=ADD	name=node_747	fuse=1	src0=f32[1536,512,1]	src1=f32[1536,512,1]	dst=f32[1536,512,1,1]	count=3	sum_us=62.625	min_us=20.625	max_us=21.125
OP	ntok=512	op=FLASH_ATTN_EXT	name=node_762	fuse=1	src0=f32[256,512,8]	src1=f16[256,1024,1]	dst=f32[256,8,512,1]	count=3	sum_us=1451.917	min_us=482.833	max_us=485.958
OP	ntok=512	op=MUL_MAT	name=node_764	fuse=1	src0=q4_0[2048,1536,1]	src1=f32[2048,512,1]	dst=f32[1536,512,1,1]	count=3	sum_us=1236.042	min_us=411.917	max_us=412.125
OP	ntok=512	op=MUL_MAT	name=ffn_gate	fuse=1	src0=q4_0[1536,12288,1]	src1=f32[1536,512,1]	dst=f32[12288,512,1,1]	count=60	sum_us=139658.708	min_us=2324.792	max_us=2357.542
OP	ntok=512	op=MUL_MAT	name=ffn_up	fuse=1	src0=q4_0[1536,12288,1]	src1=f32[1536,512,1]	dst=f32[12288,512,1,1]	count=60	sum_us=139650.375	min_us=2325.333	max_us=2332.792
OP	ntok=512	op=GLU	name=ffn_geglu	fuse=1	src0=f32[12288,512,1]	src1=f32[12288,512,1]	dst=f32[12288,512,1,1]	count=60	sum_us=13986.292	min_us=220.125	max_us=259.000
OP	ntok=512	op=MUL_MAT	name=ffn_out	fuse=1	src0=q4_0[12288,1536,1]	src1=f32[12288,512,1]	dst=f32[1536,512,1,1]	count=60	sum_us=145888.416	min_us=2428.708	max_us=2439.875
OP	ntok=512	op=MUL_MAT	name=node_777	fuse=1	src0=q4_0[1536,256,1]	src1=f32[1536,512,1]	dst=f32[256,512,1,1]	count=3	sum_us=245.083	min_us=81.125	max_us=82.750
OP	ntok=512	op=UNARY	name=node_778	fuse=1	src0=f32[256,512,1]	src1=-[0,0,0]	dst=f32[256,512,1,1]	count=3	sum_us=37.292	min_us=12.292	max_us=12.625
OP	ntok=512	op=MUL	name=node_780	fuse=1	src0=f32[256,512,1]	src1=f32[256,512,1]	dst=f32[256,512,1,1]	count=3	sum_us=29.625	min_us=9.625	max_us=10.250
OP	ntok=512	op=MUL_MAT	name=node_781	fuse=1	src0=q4_0[256,1536,1]	src1=f32[256,512,1]	dst=f32[1536,512,1,1]	count=3	sum_us=186.667	min_us=62.125	max_us=62.333
OP	ntok=512	op=ADD	name=node_784	fuse=1	src0=f32[1536,512,1]	src1=f32[1536,512,1]	dst=f32[1536,512,1,1]	count=3	sum_us=61.083	min_us=20.250	max_us=20.417
OP	ntok=512	op=FLASH_ATTN_EXT	name=node_799	fuse=1	src0=f32[256,512,8]	src1=f16[256,1024,1]	dst=f32[256,8,512,1]	count=3	sum_us=1453.958	min_us=479.792	max_us=488.625
OP	ntok=512	op=MUL_MAT	name=node_801	fuse=1	src0=q4_0[2048,1536,1]	src1=f32[2048,512,1]	dst=f32[1536,512,1,1]	count=3	sum_us=1235.000	min_us=411.500	max_us=411.750
OP	ntok=512	op=MUL_MAT	name=node_814	fuse=1	src0=q4_0[1536,256,1]	src1=f32[1536,512,1]	dst=f32[256,512,1,1]	count=3	sum_us=246.292	min_us=81.625	max_us=83.000
OP	ntok=512	op=UNARY	name=node_815	fuse=1	src0=f32[256,512,1]	src1=-[0,0,0]	dst=f32[256,512,1,1]	count=3	sum_us=37.875	min_us=12.375	max_us=13.000
OP	ntok=512	op=MUL	name=node_817	fuse=1	src0=f32[256,512,1]	src1=f32[256,512,1]	dst=f32[256,512,1,1]	count=3	sum_us=30.292	min_us=9.792	max_us=10.500
OP	ntok=512	op=MUL_MAT	name=node_818	fuse=1	src0=q4_0[256,1536,1]	src1=f32[256,512,1]	dst=f32[1536,512,1,1]	count=3	sum_us=186.667	min_us=62.125	max_us=62.292
OP	ntok=512	op=ADD	name=node_821	fuse=1	src0=f32[1536,512,1]	src1=f32[1536,512,1]	dst=f32[1536,512,1,1]	count=3	sum_us=61.375	min_us=20.375	max_us=20.542
OP	ntok=512	op=FLASH_ATTN_EXT	name=node_836	fuse=1	src0=f32[256,512,8]	src1=f16[256,1024,1]	dst=f32[256,8,512,1]	count=3	sum_us=1453.917	min_us=482.167	max_us=488.250
OP	ntok=512	op=MUL_MAT	name=node_838	fuse=1	src0=q4_0[2048,1536,1]	src1=f32[2048,512,1]	dst=f32[1536,512,1,1]	count=3	sum_us=1239.417	min_us=411.500	max_us=415.250
OP	ntok=512	op=MUL_MAT	name=node_851	fuse=1	src0=q4_0[1536,256,1]	src1=f32[1536,512,1]	dst=f32[256,512,1,1]	count=3	sum_us=247.458	min_us=82.000	max_us=83.458
OP	ntok=512	op=UNARY	name=node_852	fuse=1	src0=f32[256,512,1]	src1=-[0,0,0]	dst=f32[256,512,1,1]	count=3	sum_us=36.625	min_us=12.167	max_us=12.250
OP	ntok=512	op=MUL	name=node_854	fuse=1	src0=f32[256,512,1]	src1=f32[256,512,1]	dst=f32[256,512,1,1]	count=3	sum_us=29.792	min_us=9.708	max_us=10.333
OP	ntok=512	op=MUL_MAT	name=node_855	fuse=1	src0=q4_0[256,1536,1]	src1=f32[256,512,1]	dst=f32[1536,512,1,1]	count=3	sum_us=186.750	min_us=62.250	max_us=62.250
OP	ntok=512	op=ADD	name=node_858	fuse=1	src0=f32[1536,512,1]	src1=f32[1536,512,1]	dst=f32[1536,512,1,1]	count=3	sum_us=60.375	min_us=20.042	max_us=20.250
OP	ntok=512	op=FLASH_ATTN_EXT	name=node_873	fuse=1	src0=f32[256,512,8]	src1=f16[256,1024,1]	dst=f32[256,8,512,1]	count=3	sum_us=1441.250	min_us=478.375	max_us=481.875
OP	ntok=512	op=MUL_MAT	name=node_875	fuse=1	src0=q4_0[2048,1536,1]	src1=f32[2048,512,1]	dst=f32[1536,512,1,1]	count=3	sum_us=1234.583	min_us=411.000	max_us=412.333
OP	ntok=512	op=MUL_MAT	name=node_888	fuse=1	src0=q4_0[1536,256,1]	src1=f32[1536,512,1]	dst=f32[256,512,1,1]	count=3	sum_us=244.500	min_us=80.333	max_us=82.792
OP	ntok=512	op=UNARY	name=node_889	fuse=1	src0=f32[256,512,1]	src1=-[0,0,0]	dst=f32[256,512,1,1]	count=3	sum_us=37.417	min_us=12.167	max_us=12.875
OP	ntok=512	op=MUL	name=node_891	fuse=1	src0=f32[256,512,1]	src1=f32[256,512,1]	dst=f32[256,512,1,1]	count=3	sum_us=29.875	min_us=9.750	max_us=10.208
OP	ntok=512	op=MUL_MAT	name=node_892	fuse=1	src0=q4_0[256,1536,1]	src1=f32[256,512,1]	dst=f32[1536,512,1,1]	count=3	sum_us=186.625	min_us=61.958	max_us=62.375
OP	ntok=512	op=ADD	name=node_895	fuse=1	src0=f32[1536,512,1]	src1=f32[1536,512,1]	dst=f32[1536,512,1,1]	count=3	sum_us=61.583	min_us=20.250	max_us=20.875
OP	ntok=512	op=FLASH_ATTN_EXT	name=node_910	fuse=1	src0=f32[512,512,8]	src1=f16[512,1024,1]	dst=f32[512,8,512,1]	count=3	sum_us=6028.667	min_us=1985.167	max_us=2038.250
OP	ntok=512	op=MUL_MAT	name=node_912	fuse=1	src0=q4_0[4096,1536,1]	src1=f32[4096,512,1]	dst=f32[1536,512,1,1]	count=3	sum_us=2447.667	min_us=815.583	max_us=816.250
OP	ntok=512	op=MUL_MAT	name=node_925	fuse=1	src0=q4_0[1536,256,1]	src1=f32[1536,512,1]	dst=f32[256,512,1,1]	count=3	sum_us=242.250	min_us=80.458	max_us=80.917
OP	ntok=512	op=UNARY	name=node_926	fuse=1	src0=f32[256,512,1]	src1=-[0,0,0]	dst=f32[256,512,1,1]	count=3	sum_us=37.833	min_us=12.500	max_us=12.750
OP	ntok=512	op=MUL	name=node_928	fuse=1	src0=f32[256,512,1]	src1=f32[256,512,1]	dst=f32[256,512,1,1]	count=3	sum_us=29.542	min_us=9.750	max_us=9.917
OP	ntok=512	op=MUL_MAT	name=node_929	fuse=1	src0=q4_0[256,1536,1]	src1=f32[256,512,1]	dst=f32[1536,512,1,1]	count=3	sum_us=186.625	min_us=62.042	max_us=62.375
OP	ntok=512	op=ADD	name=node_932	fuse=1	src0=f32[1536,512,1]	src1=f32[1536,512,1]	dst=f32[1536,512,1,1]	count=3	sum_us=61.583	min_us=20.250	max_us=20.875
OP	ntok=512	op=FLASH_ATTN_EXT	name=node_947	fuse=1	src0=f32[256,512,8]	src1=f16[256,1024,1]	dst=f32[256,8,512,1]	count=3	sum_us=1448.042	min_us=481.167	max_us=483.875
OP	ntok=512	op=MUL_MAT	name=node_949	fuse=1	src0=q4_0[2048,1536,1]	src1=f32[2048,512,1]	dst=f32[1536,512,1,1]	count=3	sum_us=1233.875	min_us=411.083	max_us=411.667
OP	ntok=512	op=MUL_MAT	name=node_962	fuse=1	src0=q4_0[1536,256,1]	src1=f32[1536,512,1]	dst=f32[256,512,1,1]	count=3	sum_us=243.125	min_us=79.958	max_us=82.083
OP	ntok=512	op=UNARY	name=node_963	fuse=1	src0=f32[256,512,1]	src1=-[0,0,0]	dst=f32[256,512,1,1]	count=3	sum_us=37.542	min_us=12.250	max_us=12.917
OP	ntok=512	op=MUL	name=node_965	fuse=1	src0=f32[256,512,1]	src1=f32[256,512,1]	dst=f32[256,512,1,1]	count=3	sum_us=29.542	min_us=9.792	max_us=9.875
OP	ntok=512	op=MUL_MAT	name=node_966	fuse=1	src0=q4_0[256,1536,1]	src1=f32[256,512,1]	dst=f32[1536,512,1,1]	count=3	sum_us=190.084	min_us=62.250	max_us=65.083
OP	ntok=512	op=ADD	name=node_969	fuse=1	src0=f32[1536,512,1]	src1=f32[1536,512,1]	dst=f32[1536,512,1,1]	count=3	sum_us=60.583	min_us=20.000	max_us=20.417
OP	ntok=512	op=FLASH_ATTN_EXT	name=node_984	fuse=1	src0=f32[256,512,8]	src1=f16[256,1024,1]	dst=f32[256,8,512,1]	count=3	sum_us=1454.209	min_us=479.875	max_us=491.750
OP	ntok=512	op=MUL_MAT	name=node_986	fuse=1	src0=q4_0[2048,1536,1]	src1=f32[2048,512,1]	dst=f32[1536,512,1,1]	count=3	sum_us=1238.667	min_us=411.167	max_us=415.375
OP	ntok=512	op=MUL_MAT	name=node_999	fuse=1	src0=q4_0[1536,256,1]	src1=f32[1536,512,1]	dst=f32[256,512,1,1]	count=3	sum_us=244.708	min_us=80.792	max_us=82.375
OP	ntok=512	op=UNARY	name=node_1000	fuse=1	src0=f32[256,512,1]	src1=-[0,0,0]	dst=f32[256,512,1,1]	count=3	sum_us=40.042	min_us=12.292	max_us=15.125
OP	ntok=512	op=MUL	name=node_1002	fuse=1	src0=f32[256,512,1]	src1=f32[256,512,1]	dst=f32[256,512,1,1]	count=3	sum_us=29.375	min_us=9.750	max_us=9.833
OP	ntok=512	op=MUL_MAT	name=node_1003	fuse=1	src0=q4_0[256,1536,1]	src1=f32[256,512,1]	dst=f32[1536,512,1,1]	count=3	sum_us=186.250	min_us=61.917	max_us=62.333
OP	ntok=512	op=ADD	name=node_1006	fuse=1	src0=f32[1536,512,1]	src1=f32[1536,512,1]	dst=f32[1536,512,1,1]	count=3	sum_us=61.292	min_us=20.125	max_us=20.625
OP	ntok=512	op=FLASH_ATTN_EXT	name=node_1021	fuse=1	src0=f32[256,512,8]	src1=f16[256,1024,1]	dst=f32[256,8,512,1]	count=3	sum_us=1451.458	min_us=482.125	max_us=485.583
OP	ntok=512	op=MUL_MAT	name=node_1023	fuse=1	src0=q4_0[2048,1536,1]	src1=f32[2048,512,1]	dst=f32[1536,512,1,1]	count=3	sum_us=1235.083	min_us=411.500	max_us=411.833
OP	ntok=512	op=MUL_MAT	name=node_1036	fuse=1	src0=q4_0[1536,256,1]	src1=f32[1536,512,1]	dst=f32[256,512,1,1]	count=3	sum_us=243.583	min_us=80.875	max_us=81.583
OP	ntok=512	op=UNARY	name=node_1037	fuse=1	src0=f32[256,512,1]	src1=-[0,0,0]	dst=f32[256,512,1,1]	count=3	sum_us=37.708	min_us=12.333	max_us=12.750
OP	ntok=512	op=MUL	name=node_1039	fuse=1	src0=f32[256,512,1]	src1=f32[256,512,1]	dst=f32[256,512,1,1]	count=3	sum_us=29.125	min_us=9.417	max_us=9.875
OP	ntok=512	op=MUL_MAT	name=node_1040	fuse=1	src0=q4_0[256,1536,1]	src1=f32[256,512,1]	dst=f32[1536,512,1,1]	count=3	sum_us=187.042	min_us=62.292	max_us=62.375
OP	ntok=512	op=ADD	name=node_1043	fuse=1	src0=f32[1536,512,1]	src1=f32[1536,512,1]	dst=f32[1536,512,1,1]	count=3	sum_us=61.333	min_us=20.125	max_us=20.958
OP	ntok=512	op=FLASH_ATTN_EXT	name=node_1058	fuse=1	src0=f32[256,512,8]	src1=f16[256,1024,1]	dst=f32[256,8,512,1]	count=3	sum_us=1458.208	min_us=481.750	max_us=489.208
OP	ntok=512	op=MUL_MAT	name=node_1060	fuse=1	src0=q4_0[2048,1536,1]	src1=f32[2048,512,1]	dst=f32[1536,512,1,1]	count=3	sum_us=1237.125	min_us=411.750	max_us=413.375
OP	ntok=512	op=MUL_MAT	name=node_1073	fuse=1	src0=q4_0[1536,256,1]	src1=f32[1536,512,1]	dst=f32[256,512,1,1]	count=3	sum_us=243.583	min_us=80.500	max_us=81.833
OP	ntok=512	op=UNARY	name=node_1074	fuse=1	src0=f32[256,512,1]	src1=-[0,0,0]	dst=f32[256,512,1,1]	count=3	sum_us=37.792	min_us=12.500	max_us=12.708
OP	ntok=512	op=MUL	name=node_1076	fuse=1	src0=f32[256,512,1]	src1=f32[256,512,1]	dst=f32[256,512,1,1]	count=3	sum_us=29.167	min_us=9.583	max_us=9.833
OP	ntok=512	op=MUL_MAT	name=node_1077	fuse=1	src0=q4_0[256,1536,1]	src1=f32[256,512,1]	dst=f32[1536,512,1,1]	count=3	sum_us=187.292	min_us=62.292	max_us=62.625
OP	ntok=512	op=ADD	name=node_1080	fuse=1	src0=f32[1536,512,1]	src1=f32[1536,512,1]	dst=f32[1536,512,1,1]	count=3	sum_us=61.167	min_us=20.167	max_us=20.625
OP	ntok=512	op=FLASH_ATTN_EXT	name=node_1095	fuse=1	src0=f32[512,512,8]	src1=f16[512,1024,1]	dst=f32[512,8,512,1]	count=3	sum_us=6060.875	min_us=2009.917	max_us=2029.458
OP	ntok=512	op=MUL_MAT	name=node_1097	fuse=1	src0=q4_0[4096,1536,1]	src1=f32[4096,512,1]	dst=f32[1536,512,1,1]	count=3	sum_us=2448.000	min_us=815.833	max_us=816.208
OP	ntok=512	op=MUL_MAT	name=node_1110	fuse=1	src0=q4_0[1536,256,1]	src1=f32[1536,512,1]	dst=f32[256,512,1,1]	count=3	sum_us=245.292	min_us=81.375	max_us=82.500
OP	ntok=512	op=UNARY	name=node_1111	fuse=1	src0=f32[256,512,1]	src1=-[0,0,0]	dst=f32[256,512,1,1]	count=3	sum_us=38.167	min_us=12.542	max_us=13.000
OP	ntok=512	op=MUL	name=node_1113	fuse=1	src0=f32[256,512,1]	src1=f32[256,512,1]	dst=f32[256,512,1,1]	count=3	sum_us=30.958	min_us=10.125	max_us=10.542
OP	ntok=512	op=MUL_MAT	name=node_1114	fuse=1	src0=q4_0[256,1536,1]	src1=f32[256,512,1]	dst=f32[1536,512,1,1]	count=3	sum_us=186.458	min_us=61.875	max_us=62.333
OP	ntok=512	op=ADD	name=node_1117	fuse=1	src0=f32[1536,512,1]	src1=f32[1536,512,1]	dst=f32[1536,512,1,1]	count=3	sum_us=61.542	min_us=20.292	max_us=20.625
OP	ntok=512	op=FLASH_ATTN_EXT	name=node_1132	fuse=1	src0=f32[256,512,8]	src1=f16[256,1024,1]	dst=f32[256,8,512,1]	count=3	sum_us=1462.375	min_us=486.792	max_us=488.458
OP	ntok=512	op=MUL_MAT	name=node_1134	fuse=1	src0=q4_0[2048,1536,1]	src1=f32[2048,512,1]	dst=f32[1536,512,1,1]	count=3	sum_us=1233.333	min_us=410.625	max_us=411.542
OP	ntok=512	op=MUL_MAT	name=node_1147	fuse=1	src0=q4_0[1536,256,1]	src1=f32[1536,512,1]	dst=f32[256,512,1,1]	count=3	sum_us=250.292	min_us=81.917	max_us=85.625
OP	ntok=512	op=UNARY	name=node_1148	fuse=1	src0=f32[256,512,1]	src1=-[0,0,0]	dst=f32[256,512,1,1]	count=3	sum_us=37.333	min_us=12.417	max_us=12.458
OP	ntok=512	op=MUL	name=node_1150	fuse=1	src0=f32[256,512,1]	src1=f32[256,512,1]	dst=f32[256,512,1,1]	count=3	sum_us=33.542	min_us=9.667	max_us=14.000
OP	ntok=512	op=MUL_MAT	name=node_1151	fuse=1	src0=q4_0[256,1536,1]	src1=f32[256,512,1]	dst=f32[1536,512,1,1]	count=3	sum_us=186.792	min_us=61.875	max_us=62.708
OP	ntok=512	op=ADD	name=node_1154	fuse=1	src0=f32[1536,512,1]	src1=f32[1536,512,1]	dst=f32[1536,512,1,1]	count=3	sum_us=61.042	min_us=20.250	max_us=20.458
OP	ntok=512	op=FLASH_ATTN_EXT	name=node_1169	fuse=1	src0=f32[256,512,8]	src1=f16[256,1024,1]	dst=f32[256,8,512,1]	count=3	sum_us=1446.708	min_us=475.708	max_us=490.125
OP	ntok=512	op=MUL_MAT	name=node_1171	fuse=1	src0=q4_0[2048,1536,1]	src1=f32[2048,512,1]	dst=f32[1536,512,1,1]	count=3	sum_us=1235.042	min_us=411.375	max_us=412.083
OP	ntok=512	op=MUL_MAT	name=node_1184	fuse=1	src0=q4_0[1536,256,1]	src1=f32[1536,512,1]	dst=f32[256,512,1,1]	count=3	sum_us=248.667	min_us=81.167	max_us=85.417
OP	ntok=512	op=UNARY	name=node_1185	fuse=1	src0=f32[256,512,1]	src1=-[0,0,0]	dst=f32[256,512,1,1]	count=3	sum_us=36.417	min_us=11.917	max_us=12.375
OP	ntok=512	op=MUL	name=node_1187	fuse=1	src0=f32[256,512,1]	src1=f32[256,512,1]	dst=f32[256,512,1,1]	count=3	sum_us=30.417	min_us=10.042	max_us=10.250
OP	ntok=512	op=MUL_MAT	name=node_1188	fuse=1	src0=q4_0[256,1536,1]	src1=f32[256,512,1]	dst=f32[1536,512,1,1]	count=3	sum_us=187.042	min_us=62.250	max_us=62.542
OP	ntok=512	op=ADD	name=node_1191	fuse=1	src0=f32[1536,512,1]	src1=f32[1536,512,1]	dst=f32[1536,512,1,1]	count=3	sum_us=61.208	min_us=20.333	max_us=20.500
OP	ntok=512	op=FLASH_ATTN_EXT	name=node_1206	fuse=1	src0=f32[256,512,8]	src1=f16[256,1024,1]	dst=f32[256,8,512,1]	count=3	sum_us=1441.583	min_us=475.875	max_us=483.125
OP	ntok=512	op=MUL_MAT	name=node_1208	fuse=1	src0=q4_0[2048,1536,1]	src1=f32[2048,512,1]	dst=f32[1536,512,1,1]	count=3	sum_us=1234.000	min_us=411.042	max_us=411.667
OP	ntok=512	op=MUL_MAT	name=node_1221	fuse=1	src0=q4_0[1536,256,1]	src1=f32[1536,512,1]	dst=f32[256,512,1,1]	count=3	sum_us=241.333	min_us=79.708	max_us=81.000
OP	ntok=512	op=UNARY	name=node_1222	fuse=1	src0=f32[256,512,1]	src1=-[0,0,0]	dst=f32[256,512,1,1]	count=3	sum_us=37.292	min_us=12.125	max_us=12.792
OP	ntok=512	op=MUL	name=node_1224	fuse=1	src0=f32[256,512,1]	src1=f32[256,512,1]	dst=f32[256,512,1,1]	count=3	sum_us=29.000	min_us=9.500	max_us=9.833
OP	ntok=512	op=MUL_MAT	name=node_1225	fuse=1	src0=q4_0[256,1536,1]	src1=f32[256,512,1]	dst=f32[1536,512,1,1]	count=3	sum_us=188.417	min_us=62.125	max_us=63.792
OP	ntok=512	op=ADD	name=node_1228	fuse=1	src0=f32[1536,512,1]	src1=f32[1536,512,1]	dst=f32[1536,512,1,1]	count=3	sum_us=60.667	min_us=20.125	max_us=20.333
OP	ntok=512	op=FLASH_ATTN_EXT	name=node_1243	fuse=1	src0=f32[256,512,8]	src1=f16[256,1024,1]	dst=f32[256,8,512,1]	count=3	sum_us=1430.458	min_us=459.500	max_us=485.500
OP	ntok=512	op=MUL_MAT	name=node_1245	fuse=1	src0=q4_0[2048,1536,1]	src1=f32[2048,512,1]	dst=f32[1536,512,1,1]	count=3	sum_us=1234.000	min_us=411.125	max_us=411.500
OP	ntok=512	op=MUL_MAT	name=node_1258	fuse=1	src0=q4_0[1536,256,1]	src1=f32[1536,512,1]	dst=f32[256,512,1,1]	count=3	sum_us=245.250	min_us=81.250	max_us=82.375
OP	ntok=512	op=UNARY	name=node_1259	fuse=1	src0=f32[256,512,1]	src1=-[0,0,0]	dst=f32[256,512,1,1]	count=3	sum_us=36.917	min_us=12.167	max_us=12.500
OP	ntok=512	op=MUL	name=node_1261	fuse=1	src0=f32[256,512,1]	src1=f32[256,512,1]	dst=f32[256,512,1,1]	count=3	sum_us=29.500	min_us=9.625	max_us=10.000
OP	ntok=512	op=MUL_MAT	name=node_1262	fuse=1	src0=q4_0[256,1536,1]	src1=f32[256,512,1]	dst=f32[1536,512,1,1]	count=3	sum_us=187.042	min_us=62.083	max_us=62.583
OP	ntok=512	op=ADD	name=node_1265	fuse=1	src0=f32[1536,512,1]	src1=f32[1536,512,1]	dst=f32[1536,512,1,1]	count=3	sum_us=60.833	min_us=20.125	max_us=20.542
OP	ntok=512	op=FLASH_ATTN_EXT	name=node_1280	fuse=1	src0=f32[512,512,8]	src1=f16[512,1024,1]	dst=f32[512,8,512,1]	count=3	sum_us=5980.625	min_us=1973.875	max_us=2007.792
OP	ntok=512	op=MUL_MAT	name=node_1282	fuse=1	src0=q4_0[4096,1536,1]	src1=f32[4096,512,1]	dst=f32[1536,512,1,1]	count=3	sum_us=2452.083	min_us=816.417	max_us=818.667
OP	ntok=512	op=MUL_MAT	name=node_1295	fuse=1	src0=q4_0[1536,256,1]	src1=f32[1536,512,1]	dst=f32[256,512,1,1]	count=3	sum_us=246.000	min_us=81.500	max_us=83.000
OP	ntok=512	op=UNARY	name=node_1296	fuse=1	src0=f32[256,512,1]	src1=-[0,0,0]	dst=f32[256,512,1,1]	count=3	sum_us=37.667	min_us=12.375	max_us=12.750
OP	ntok=512	op=MUL	name=node_1298	fuse=1	src0=f32[256,512,1]	src1=f32[256,512,1]	dst=f32[256,512,1,1]	count=3	sum_us=29.708	min_us=9.833	max_us=10.000
OP	ntok=512	op=MUL_MAT	name=node_1299	fuse=1	src0=q4_0[256,1536,1]	src1=f32[256,512,1]	dst=f32[1536,512,1,1]	count=3	sum_us=187.000	min_us=62.000	max_us=62.750
OP	ntok=512	op=ADD	name=node_1302	fuse=1	src0=f32[1536,512,1]	src1=f32[1536,512,1]	dst=f32[1536,512,1,1]	count=3	sum_us=60.708	min_us=20.125	max_us=20.292
OP	ntok=512	op=FLASH_ATTN_EXT	name=node_1317	fuse=1	src0=f32[256,512,8]	src1=f16[256,1024,1]	dst=f32[256,8,512,1]	count=3	sum_us=1455.000	min_us=479.750	max_us=489.500
OP	ntok=512	op=MUL_MAT	name=node_1319	fuse=1	src0=q4_0[2048,1536,1]	src1=f32[2048,512,1]	dst=f32[1536,512,1,1]	count=3	sum_us=1233.583	min_us=410.458	max_us=411.625
OP	ntok=512	op=MUL_MAT	name=node_1332	fuse=1	src0=q4_0[1536,256,1]	src1=f32[1536,512,1]	dst=f32[256,512,1,1]	count=3	sum_us=244.750	min_us=80.750	max_us=82.375
OP	ntok=512	op=UNARY	name=node_1333	fuse=1	src0=f32[256,512,1]	src1=-[0,0,0]	dst=f32[256,512,1,1]	count=3	sum_us=37.458	min_us=12.375	max_us=12.708
OP	ntok=512	op=MUL	name=node_1335	fuse=1	src0=f32[256,512,1]	src1=f32[256,512,1]	dst=f32[256,512,1,1]	count=3	sum_us=29.958	min_us=9.500	max_us=10.458
OP	ntok=512	op=MUL_MAT	name=node_1336	fuse=1	src0=q4_0[256,1536,1]	src1=f32[256,512,1]	dst=f32[1536,512,1,1]	count=3	sum_us=186.167	min_us=61.833	max_us=62.167
OP	ntok=512	op=ADD	name=node_1339	fuse=1	src0=f32[1536,512,1]	src1=f32[1536,512,1]	dst=f32[1536,512,1,1]	count=3	sum_us=60.708	min_us=20.000	max_us=20.375
OP	ntok=512	op=FLASH_ATTN_EXT	name=node_1354	fuse=1	src0=f32[256,512,8]	src1=f16[256,1024,1]	dst=f32[256,8,512,1]	count=3	sum_us=1456.250	min_us=483.625	max_us=487.000
OP	ntok=512	op=MUL_MAT	name=node_1356	fuse=1	src0=q4_0[2048,1536,1]	src1=f32[2048,512,1]	dst=f32[1536,512,1,1]	count=3	sum_us=1235.083	min_us=411.542	max_us=412.000
OP	ntok=512	op=MUL_MAT	name=node_1369	fuse=1	src0=q4_0[1536,256,1]	src1=f32[1536,512,1]	dst=f32[256,512,1,1]	count=3	sum_us=243.042	min_us=80.167	max_us=81.625
OP	ntok=512	op=UNARY	name=node_1370	fuse=1	src0=f32[256,512,1]	src1=-[0,0,0]	dst=f32[256,512,1,1]	count=3	sum_us=37.667	min_us=12.500	max_us=12.583
OP	ntok=512	op=MUL	name=node_1372	fuse=1	src0=f32[256,512,1]	src1=f32[256,512,1]	dst=f32[256,512,1,1]	count=3	sum_us=30.208	min_us=9.875	max_us=10.292
OP	ntok=512	op=MUL_MAT	name=node_1373	fuse=1	src0=q4_0[256,1536,1]	src1=f32[256,512,1]	dst=f32[1536,512,1,1]	count=3	sum_us=186.250	min_us=61.875	max_us=62.375
OP	ntok=512	op=ADD	name=node_1376	fuse=1	src0=f32[1536,512,1]	src1=f32[1536,512,1]	dst=f32[1536,512,1,1]	count=3	sum_us=60.375	min_us=20.000	max_us=20.250
OP	ntok=512	op=FLASH_ATTN_EXT	name=node_1391	fuse=1	src0=f32[256,512,8]	src1=f16[256,1024,1]	dst=f32[256,8,512,1]	count=3	sum_us=1423.625	min_us=459.333	max_us=484.917
OP	ntok=512	op=MUL_MAT	name=node_1393	fuse=1	src0=q4_0[2048,1536,1]	src1=f32[2048,512,1]	dst=f32[1536,512,1,1]	count=3	sum_us=1234.042	min_us=411.125	max_us=411.667
OP	ntok=512	op=MUL_MAT	name=node_1406	fuse=1	src0=q4_0[1536,256,1]	src1=f32[1536,512,1]	dst=f32[256,512,1,1]	count=3	sum_us=245.333	min_us=81.375	max_us=82.500
OP	ntok=512	op=UNARY	name=node_1407	fuse=1	src0=f32[256,512,1]	src1=-[0,0,0]	dst=f32[256,512,1,1]	count=3	sum_us=37.583	min_us=12.125	max_us=13.083
OP	ntok=512	op=MUL	name=node_1409	fuse=1	src0=f32[256,512,1]	src1=f32[256,512,1]	dst=f32[256,512,1,1]	count=3	sum_us=30.375	min_us=9.792	max_us=10.333
OP	ntok=512	op=MUL_MAT	name=node_1410	fuse=1	src0=q4_0[256,1536,1]	src1=f32[256,512,1]	dst=f32[1536,512,1,1]	count=3	sum_us=187.583	min_us=62.250	max_us=63.042
OP	ntok=512	op=ADD	name=node_1413	fuse=1	src0=f32[1536,512,1]	src1=f32[1536,512,1]	dst=f32[1536,512,1,1]	count=3	sum_us=61.250	min_us=20.208	max_us=20.625
OP	ntok=512	op=FLASH_ATTN_EXT	name=node_1428	fuse=1	src0=f32[256,512,8]	src1=f16[256,1024,1]	dst=f32[256,8,512,1]	count=3	sum_us=1449.375	min_us=482.500	max_us=483.708
OP	ntok=512	op=MUL_MAT	name=node_1430	fuse=1	src0=q4_0[2048,1536,1]	src1=f32[2048,512,1]	dst=f32[1536,512,1,1]	count=3	sum_us=1235.083	min_us=411.583	max_us=411.875
OP	ntok=512	op=MUL_MAT	name=node_1443	fuse=1	src0=q4_0[1536,256,1]	src1=f32[1536,512,1]	dst=f32[256,512,1,1]	count=3	sum_us=243.042	min_us=80.417	max_us=81.500
OP	ntok=512	op=UNARY	name=node_1444	fuse=1	src0=f32[256,512,1]	src1=-[0,0,0]	dst=f32[256,512,1,1]	count=3	sum_us=41.583	min_us=12.875	max_us=15.708
OP	ntok=512	op=MUL	name=node_1446	fuse=1	src0=f32[256,512,1]	src1=f32[256,512,1]	dst=f32[256,512,1,1]	count=3	sum_us=29.875	min_us=9.750	max_us=10.125
OP	ntok=512	op=MUL_MAT	name=node_1447	fuse=1	src0=q4_0[256,1536,1]	src1=f32[256,512,1]	dst=f32[1536,512,1,1]	count=3	sum_us=185.583	min_us=61.750	max_us=62.000
OP	ntok=512	op=ADD	name=node_1450	fuse=1	src0=f32[1536,512,1]	src1=f32[1536,512,1]	dst=f32[1536,512,1,1]	count=3	sum_us=60.708	min_us=20.125	max_us=20.375
OP	ntok=512	op=FLASH_ATTN_EXT	name=node_1465	fuse=1	src0=f32[512,512,8]	src1=f16[512,1024,1]	dst=f32[512,8,512,1]	count=3	sum_us=5878.042	min_us=1911.500	max_us=1988.917
OP	ntok=512	op=MUL_MAT	name=node_1467	fuse=1	src0=q4_0[4096,1536,1]	src1=f32[4096,512,1]	dst=f32[1536,512,1,1]	count=3	sum_us=2449.042	min_us=816.167	max_us=816.625
OP	ntok=512	op=MUL_MAT	name=node_1480	fuse=1	src0=q4_0[1536,256,1]	src1=f32[1536,512,1]	dst=f32[256,512,1,1]	count=3	sum_us=244.500	min_us=80.792	max_us=82.500
OP	ntok=512	op=UNARY	name=node_1481	fuse=1	src0=f32[256,512,1]	src1=-[0,0,0]	dst=f32[256,512,1,1]	count=3	sum_us=37.167	min_us=11.292	max_us=14.250
OP	ntok=512	op=MUL	name=node_1483	fuse=1	src0=f32[256,512,1]	src1=f32[256,512,1]	dst=f32[256,512,1,1]	count=3	sum_us=29.625	min_us=9.750	max_us=10.125
OP	ntok=512	op=MUL_MAT	name=node_1484	fuse=1	src0=q4_0[256,1536,1]	src1=f32[256,512,1]	dst=f32[1536,512,1,1]	count=3	sum_us=187.583	min_us=62.083	max_us=63.375
OP	ntok=512	op=ADD	name=node_1487	fuse=1	src0=f32[1536,512,1]	src1=f32[1536,512,1]	dst=f32[1536,512,1,1]	count=3	sum_us=61.750	min_us=20.250	max_us=20.875
OP	ntok=4	op=SCALE	name=inp_per_layer_selected	fuse=1	src0=f32[256,35,4]	src1=-[0,0,0]	dst=f32[256,35,4,1]	count=3	sum_us=24.667	min_us=6.875	max_us=10.750
OP	ntok=4	op=SCALE	name=inp_scaled	fuse=1	src0=f32[1536,4,1]	src1=-[0,0,0]	dst=f32[1536,4,1,1]	count=3	sum_us=20.125	min_us=6.250	max_us=7.583
OP	ntok=4	op=RMS_NORM	name=norm	fuse=2	src0=f32[1536,4,1]	src1=-[0,0,0]	dst=f32[1536,4,1,1]	count=318	sum_us=2321.792	min_us=6.625	max_us=10.333
OP	ntok=4	op=MUL_MAT	name=Qcur	fuse=1	src0=q4_0[1536,2048,1]	src1=f32[1536,4,1]	dst=f32[2048,4,1,1]	count=84	sum_us=1844.375	min_us=21.167	max_us=25.667
OP	ntok=4	op=MUL_MAT	name=Kcur	fuse=1	src0=q4_0[1536,256,1]	src1=f32[1536,4,1]	dst=f32[256,4,1,1]	count=36	sum_us=606.417	min_us=15.875	max_us=20.375
OP	ntok=4	op=MUL_MAT	name=Vcur	fuse=1	src0=q4_0[1536,256,1]	src1=f32[1536,4,1]	dst=f32[256,4,1,1]	count=36	sum_us=616.375	min_us=16.208	max_us=20.625
OP	ntok=4	op=RMS_NORM	name=norm	fuse=2	src0=f32[256,8,4]	src1=-[0,0,0]	dst=f32[256,8,4,1]	count=84	sum_us=597.168	min_us=6.500	max_us=10.000
OP	ntok=4	op=RMS_NORM	name=norm	fuse=2	src0=f32[256,1,4]	src1=-[0,0,0]	dst=f32[256,1,4,1]	count=36	sum_us=256.625	min_us=6.542	max_us=8.583
OP	ntok=4	op=RMS_NORM	name=Vcur_normed	fuse=1	src0=f32[256,1,4]	src1=-[0,0,0]	dst=f32[256,1,4,1]	count=36	sum_us=220.584	min_us=5.292	max_us=7.583
OP	ntok=4	op=ROPE	name=Qcur_pos	fuse=1	src0=f32[256,8,4]	src1=i32[4,1,1]	dst=f32[256,8,4,1]	count=84	sum_us=562.708	min_us=6.000	max_us=10.583
OP	ntok=4	op=ROPE	name=Kcur_pos	fuse=1	src0=f32[256,1,4]	src1=i32[4,1,1]	dst=f32[256,1,4,1]	count=36	sum_us=226.333	min_us=5.875	max_us=6.833
OP	ntok=4	op=SET_ROWS	name=cache_v_l0 (view)	fuse=1	src0=f32[256,4,1]	src1=i64[4,1,1]	dst=f16[256,1024,1,1]	count=3	sum_us=21.750	min_us=7.125	max_us=7.375
OP	ntok=4	op=SET_ROWS	name=cache_k_l0 (view)	fuse=1	src0=f32[256,4,1]	src1=i64[4,1,1]	dst=f16[256,1024,1,1]	count=3	sum_us=21.083	min_us=6.792	max_us=7.208
OP	ntok=4	op=MUL_MAT	name=node_47	fuse=1	src0=f16[1536,8960,1]	src1=f32[1536,4,1]	dst=f32[8960,4,1,1]	count=3	sum_us=336.625	min_us=109.750	max_us=116.042
OP	ntok=4	op=FLASH_ATTN_EXT	name=node_30	fuse=1	src0=f32[256,4,8]	src1=f16[256,1024,1]	dst=f32[256,8,4,1]	count=3	sum_us=147.542	min_us=48.417	max_us=50.250
OP	ntok=4	op=SCALE	name=node_48	fuse=1	src0=f32[8960,4,1]	src1=-[0,0,0]	dst=f32[8960,4,1,1]	count=3	sum_us=21.625	min_us=7.000	max_us=7.417
OP	ntok=4	op=MUL_MAT	name=node_32	fuse=1	src0=q4_0[2048,1536,1]	src1=f32[2048,4,1]	dst=f32[1536,4,1,1]	count=3	sum_us=85.250	min_us=27.958	max_us=29.292
OP	ntok=4	op=RMS_NORM	name=norm	fuse=3	src0=f32[256,35,4]	src1=-[0,0,0]	dst=f32[256,35,4,1]	count=3	sum_us=30.417	min_us=9.750	max_us=10.625
OP	ntok=4	op=RMS_NORM	name=norm	fuse=3	src0=f32[1536,4,1]	src1=-[0,0,0]	dst=f32[1536,4,1,1]	count=210	sum_us=1734.209	min_us=7.500	max_us=14.917
OP	ntok=4	op=SCALE	name=inp_per_layer	fuse=1	src0=f32[256,35,4]	src1=-[0,0,0]	dst=f32[256,35,4,1]	count=3	sum_us=20.750	min_us=6.875	max_us=7.000
OP	ntok=4	op=MUL_MAT	name=ffn_gate	fuse=1	src0=q4_0[1536,6144,1]	src1=f32[1536,4,1]	dst=f32[6144,4,1,1]	count=45	sum_us=2212.708	min_us=47.625	max_us=54.875
OP	ntok=4	op=MUL_MAT	name=ffn_up	fuse=1	src0=q4_0[1536,6144,1]	src1=f32[1536,4,1]	dst=f32[6144,4,1,1]	count=45	sum_us=2204.583	min_us=48.083	max_us=52.917
OP	ntok=4	op=CONT	name=inp_per_layer (permuted) (cont)	fuse=1	src0=f32[256,4,35]	src1=-[0,0,0]	dst=f32[256,4,35,1]	count=3	sum_us=44.583	min_us=14.792	max_us=14.917
OP	ntok=4	op=GLU	name=ffn_geglu	fuse=1	src0=f32[6144,4,1]	src1=f32[6144,4,1]	dst=f32[6144,4,1,1]	count=45	sum_us=495.166	min_us=9.250	max_us=13.167
OP	ntok=4	op=MUL_MAT	name=ffn_out	fuse=1	src0=q4_0[6144,1536,1]	src1=f32[6144,4,1]	dst=f32[1536,4,1,1]	count=45	sum_us=2594.750	min_us=55.083	max_us=65.500
OP	ntok=4	op=MUL_MAT	name=node_45	fuse=1	src0=q4_0[1536,256,1]	src1=f32[1536,4,1]	dst=f32[256,4,1,1]	count=3	sum_us=64.708	min_us=21.000	max_us=22.083
OP	ntok=4	op=UNARY	name=node_46	fuse=1	src0=f32[256,4,1]	src1=-[0,0,0]	dst=f32[256,4,1,1]	count=3	sum_us=22.167	min_us=7.250	max_us=7.500
OP	ntok=4	op=MUL	name=node_57	fuse=1	src0=f32[256,4,1]	src1=f32[256,4,1]	dst=f32[256,4,1,1]	count=3	sum_us=22.958	min_us=7.625	max_us=7.708
OP	ntok=4	op=MUL_MAT	name=node_58	fuse=1	src0=q4_0[256,1536,1]	src1=f32[256,4,1]	dst=f32[1536,4,1,1]	count=3	sum_us=30.000	min_us=9.958	max_us=10.042
OP	ntok=4	op=ADD	name=node_61	fuse=1	src0=f32[1536,4,1]	src1=f32[1536,4,1]	dst=f32[1536,4,1,1]	count=3	sum_us=24.625	min_us=7.875	max_us=8.500
OP	ntok=4	op=MUL	name=l_out	fuse=1	src0=f32[1536,4,1]	src1=f32[1,1,1]	dst=f32[1536,4,1,1]	count=105	sum_us=1014.583	min_us=8.917	max_us=13.250
OP	ntok=4	op=SET_ROWS	name=cache_v_l1 (view)	fuse=1	src0=f32[256,4,1]	src1=i64[4,1,1]	dst=f16[256,1024,1,1]	count=3	sum_us=21.417	min_us=7.042	max_us=7.250
OP	ntok=4	op=SET_ROWS	name=cache_k_l1 (view)	fuse=1	src0=f32[256,4,1]	src1=i64[4,1,1]	dst=f16[256,1024,1,1]	count=3	sum_us=20.708	min_us=6.750	max_us=7.083
OP	ntok=4	op=FLASH_ATTN_EXT	name=node_88	fuse=1	src0=f32[256,4,8]	src1=f16[256,1024,1]	dst=f32[256,8,4,1]	count=3	sum_us=129.583	min_us=41.333	max_us=44.875
OP	ntok=4	op=MUL_MAT	name=node_90	fuse=1	src0=q4_0[2048,1536,1]	src1=f32[2048,4,1]	dst=f32[1536,4,1,1]	count=3	sum_us=82.250	min_us=27.250	max_us=27.500
OP	ntok=4	op=MUL_MAT	name=node_103	fuse=1	src0=q4_0[1536,256,1]	src1=f32[1536,4,1]	dst=f32[256,4,1,1]	count=3	sum_us=53.542	min_us=17.458	max_us=18.125
OP	ntok=4	op=UNARY	name=node_104	fuse=1	src0=f32[256,4,1]	src1=-[0,0,0]	dst=f32[256,4,1,1]	count=3	sum_us=19.833	min_us=6.333	max_us=6.750
OP	ntok=4	op=MUL	name=node_106	fuse=1	src0=f32[256,4,1]	src1=f32[256,4,1]	dst=f32[256,4,1,1]	count=3	sum_us=21.875	min_us=6.625	max_us=7.750
OP	ntok=4	op=MUL_MAT	name=node_107	fuse=1	src0=q4_0[256,1536,1]	src1=f32[256,4,1]	dst=f32[1536,4,1,1]	count=3	sum_us=28.625	min_us=9.417	max_us=9.667
OP	ntok=4	op=ADD	name=node_110	fuse=1	src0=f32[1536,4,1]	src1=f32[1536,4,1]	dst=f32[1536,4,1,1]	count=3	sum_us=22.042	min_us=7.333	max_us=7.375
OP	ntok=4	op=SET_ROWS	name=cache_v_l2 (view)	fuse=1	src0=f32[256,4,1]	src1=i64[4,1,1]	dst=f16[256,1024,1,1]	count=3	sum_us=20.667	min_us=6.833	max_us=6.958
OP	ntok=4	op=SET_ROWS	name=cache_k_l2 (view)	fuse=1	src0=f32[256,4,1]	src1=i64[4,1,1]	dst=f16[256,1024,1,1]	count=3	sum_us=19.542	min_us=6.250	max_us=7.000
OP	ntok=4	op=FLASH_ATTN_EXT	name=node_137	fuse=1	src0=f32[256,4,8]	src1=f16[256,1024,1]	dst=f32[256,8,4,1]	count=3	sum_us=127.333	min_us=41.750	max_us=42.917
OP	ntok=4	op=MUL_MAT	name=node_139	fuse=1	src0=q4_0[2048,1536,1]	src1=f32[2048,4,1]	dst=f32[1536,4,1,1]	count=3	sum_us=71.542	min_us=23.333	max_us=24.667
OP	ntok=4	op=MUL_MAT	name=node_152	fuse=1	src0=q4_0[1536,256,1]	src1=f32[1536,4,1]	dst=f32[256,4,1,1]	count=3	sum_us=50.917	min_us=16.542	max_us=17.250
OP	ntok=4	op=UNARY	name=node_153	fuse=1	src0=f32[256,4,1]	src1=-[0,0,0]	dst=f32[256,4,1,1]	count=3	sum_us=19.750	min_us=6.375	max_us=6.875
OP	ntok=4	op=MUL	name=node_155	fuse=1	src0=f32[256,4,1]	src1=f32[256,4,1]	dst=f32[256,4,1,1]	count=3	sum_us=21.375	min_us=6.792	max_us=7.500
OP	ntok=4	op=MUL_MAT	name=node_156	fuse=1	src0=q4_0[256,1536,1]	src1=f32[256,4,1]	dst=f32[1536,4,1,1]	count=3	sum_us=27.625	min_us=9.125	max_us=9.250
OP	ntok=4	op=ADD	name=node_159	fuse=1	src0=f32[1536,4,1]	src1=f32[1536,4,1]	dst=f32[1536,4,1,1]	count=3	sum_us=21.792	min_us=7.042	max_us=7.625
OP	ntok=4	op=SET_ROWS	name=cache_v_l3 (view)	fuse=1	src0=f32[256,4,1]	src1=i64[4,1,1]	dst=f16[256,1024,1,1]	count=3	sum_us=19.042	min_us=6.042	max_us=6.750
OP	ntok=4	op=SET_ROWS	name=cache_k_l3 (view)	fuse=1	src0=f32[256,4,1]	src1=i64[4,1,1]	dst=f16[256,1024,1,1]	count=3	sum_us=19.167	min_us=6.292	max_us=6.458
OP	ntok=4	op=FLASH_ATTN_EXT	name=node_186	fuse=1	src0=f32[256,4,8]	src1=f16[256,1024,1]	dst=f32[256,8,4,1]	count=3	sum_us=122.083	min_us=39.875	max_us=41.708
OP	ntok=4	op=MUL_MAT	name=node_188	fuse=1	src0=q4_0[2048,1536,1]	src1=f32[2048,4,1]	dst=f32[1536,4,1,1]	count=3	sum_us=72.375	min_us=23.792	max_us=24.458
OP	ntok=4	op=MUL_MAT	name=node_201	fuse=1	src0=q4_0[1536,256,1]	src1=f32[1536,4,1]	dst=f32[256,4,1,1]	count=3	sum_us=50.750	min_us=16.708	max_us=17.042
OP	ntok=4	op=UNARY	name=node_202	fuse=1	src0=f32[256,4,1]	src1=-[0,0,0]	dst=f32[256,4,1,1]	count=3	sum_us=22.625	min_us=7.500	max_us=7.625
OP	ntok=4	op=MUL	name=node_204	fuse=1	src0=f32[256,4,1]	src1=f32[256,4,1]	dst=f32[256,4,1,1]	count=3	sum_us=20.667	min_us=6.750	max_us=6.958
OP	ntok=4	op=MUL_MAT	name=node_205	fuse=1	src0=q4_0[256,1536,1]	src1=f32[256,4,1]	dst=f32[1536,4,1,1]	count=3	sum_us=28.000	min_us=9.250	max_us=9.375
OP	ntok=4	op=ADD	name=node_208	fuse=1	src0=f32[1536,4,1]	src1=f32[1536,4,1]	dst=f32[1536,4,1,1]	count=3	sum_us=21.125	min_us=7.000	max_us=7.125
OP	ntok=4	op=MUL_MAT	name=Qcur	fuse=1	src0=q4_0[1536,4096,1]	src1=f32[1536,4,1]	dst=f32[4096,4,1,1]	count=21	sum_us=728.958	min_us=33.833	max_us=37.958
OP	ntok=4	op=MUL_MAT	name=Kcur	fuse=1	src0=q4_0[1536,512,1]	src1=f32[1536,4,1]	dst=f32[512,4,1,1]	count=9	sum_us=151.959	min_us=16.625	max_us=17.083
OP	ntok=4	op=MUL_MAT	name=Vcur	fuse=1	src0=q4_0[1536,512,1]	src1=f32[1536,4,1]	dst=f32[512,4,1,1]	count=9	sum_us=155.417	min_us=16.792	max_us=17.500
OP	ntok=4	op=RMS_NORM	name=norm	fuse=2	src0=f32[512,8,4]	src1=-[0,0,0]	dst=f32[512,8,4,1]	count=21	sum_us=148.750	min_us=6.625	max_us=7.708
OP	ntok=4	op=RMS_NORM	name=norm	fuse=2	src0=f32[512,1,4]	src1=-[0,0,0]	dst=f32[512,1,4,1]	count=9	sum_us=62.542	min_us=6.708	max_us=7.167
OP	ntok=4	op=RMS_NORM	name=Vcur_normed	fuse=1	src0=f32[512,1,4]	src1=-[0,0,0]	dst=f32[512,1,4,1]	count=9	sum_us=53.958	min_us=5.667	max_us=6.333
OP	ntok=4	op=ROPE	name=Qcur_pos	fuse=1	src0=f32[512,8,4]	src1=i32[4,1,1]	dst=f32[512,8,4,1]	count=21	sum_us=152.583	min_us=6.625	max_us=11.583
OP	ntok=4	op=ROPE	name=Kcur_pos	fuse=1	src0=f32[512,1,4]	src1=i32[4,1,1]	dst=f32[512,1,4,1]	count=9	sum_us=61.958	min_us=6.250	max_us=10.375
OP	ntok=4	op=SET_ROWS	name=cache_v_l4 (view)	fuse=1	src0=f32[512,4,1]	src1=i64[4,1,1]	dst=f16[512,4096,1,1]	count=3	sum_us=21.792	min_us=6.875	max_us=7.625
OP	ntok=4	op=SET_ROWS	name=cache_k_l4 (view)	fuse=1	src0=f32[512,4,1]	src1=i64[4,1,1]	dst=f16[512,4096,1,1]	count=3	sum_us=20.084	min_us=6.583	max_us=6.750
OP	ntok=4	op=FLASH_ATTN_EXT	name=node_235	fuse=1	src0=f32[512,4,8]	src1=f16[512,1024,1]	dst=f32[512,8,4,1]	count=3	sum_us=379.458	min_us=126.000	max_us=127.208
OP	ntok=4	op=MUL_MAT	name=node_237	fuse=1	src0=q4_0[4096,1536,1]	src1=f32[4096,4,1]	dst=f32[1536,4,1,1]	count=3	sum_us=120.750	min_us=39.875	max_us=40.500
OP	ntok=4	op=MUL_MAT	name=node_250	fuse=1	src0=q4_0[1536,256,1]	src1=f32[1536,4,1]	dst=f32[256,4,1,1]	count=3	sum_us=50.625	min_us=16.750	max_us=17.000
OP	ntok=4	op=UNARY	name=node_251	fuse=1	src0=f32[256,4,1]	src1=-[0,0,0]	dst=f32[256,4,1,1]	count=3	sum_us=21.250	min_us=6.750	max_us=7.500
OP	ntok=4	op=MUL	name=node_253	fuse=1	src0=f32[256,4,1]	src1=f32[256,4,1]	dst=f32[256,4,1,1]	count=3	sum_us=22.000	min_us=7.042	max_us=7.583
OP	ntok=4	op=MUL_MAT	name=node_254	fuse=1	src0=q4_0[256,1536,1]	src1=f32[256,4,1]	dst=f32[1536,4,1,1]	count=3	sum_us=27.500	min_us=9.125	max_us=9.250
OP	ntok=4	op=ADD	name=node_257	fuse=1	src0=f32[1536,4,1]	src1=f32[1536,4,1]	dst=f32[1536,4,1,1]	count=3	sum_us=21.625	min_us=6.875	max_us=7.750
OP	ntok=4	op=SET_ROWS	name=cache_v_l5 (view)	fuse=1	src0=f32[256,4,1]	src1=i64[4,1,1]	dst=f16[256,1024,1,1]	count=3	sum_us=20.417	min_us=6.500	max_us=7.292
OP	ntok=4	op=SET_ROWS	name=cache_k_l5 (view)	fuse=1	src0=f32[256,4,1]	src1=i64[4,1,1]	dst=f16[256,1024,1,1]	count=3	sum_us=19.333	min_us=6.375	max_us=6.500
OP	ntok=4	op=FLASH_ATTN_EXT	name=node_284	fuse=1	src0=f32[256,4,8]	src1=f16[256,1024,1]	dst=f32[256,8,4,1]	count=3	sum_us=135.083	min_us=43.875	max_us=45.833
OP	ntok=4	op=MUL_MAT	name=node_286	fuse=1	src0=q4_0[2048,1536,1]	src1=f32[2048,4,1]	dst=f32[1536,4,1,1]	count=3	sum_us=76.250	min_us=25.125	max_us=25.750
OP	ntok=4	op=MUL_MAT	name=node_299	fuse=1	src0=q4_0[1536,256,1]	src1=f32[1536,4,1]	dst=f32[256,4,1,1]	count=3	sum_us=50.500	min_us=16.625	max_us=17.000
OP	ntok=4	op=UNARY	name=node_300	fuse=1	src0=f32[256,4,1]	src1=-[0,0,0]	dst=f32[256,4,1,1]	count=3	sum_us=21.917	min_us=7.250	max_us=7.417
OP	ntok=4	op=MUL	name=node_302	fuse=1	src0=f32[256,4,1]	src1=f32[256,4,1]	dst=f32[256,4,1,1]	count=3	sum_us=21.375	min_us=6.708	max_us=7.542
OP	ntok=4	op=MUL_MAT	name=node_303	fuse=1	src0=q4_0[256,1536,1]	src1=f32[256,4,1]	dst=f32[1536,4,1,1]	count=3	sum_us=28.208	min_us=9.292	max_us=9.500
OP	ntok=4	op=ADD	name=node_306	fuse=1	src0=f32[1536,4,1]	src1=f32[1536,4,1]	dst=f32[1536,4,1,1]	count=3	sum_us=21.417	min_us=7.000	max_us=7.333
OP	ntok=4	op=SET_ROWS	name=cache_v_l6 (view)	fuse=1	src0=f32[256,4,1]	src1=i64[4,1,1]	dst=f16[256,1024,1,1]	count=3	sum_us=19.833	min_us=6.458	max_us=6.750
OP	ntok=4	op=SET_ROWS	name=cache_k_l6 (view)	fuse=1	src0=f32[256,4,1]	src1=i64[4,1,1]	dst=f16[256,1024,1,1]	count=3	sum_us=19.542	min_us=6.333	max_us=6.667
OP	ntok=4	op=FLASH_ATTN_EXT	name=node_333	fuse=1	src0=f32[256,4,8]	src1=f16[256,1024,1]	dst=f32[256,8,4,1]	count=3	sum_us=126.542	min_us=39.167	max_us=46.750
OP	ntok=4	op=MUL_MAT	name=node_335	fuse=1	src0=q4_0[2048,1536,1]	src1=f32[2048,4,1]	dst=f32[1536,4,1,1]	count=3	sum_us=71.375	min_us=23.542	max_us=24.125
OP	ntok=4	op=MUL_MAT	name=node_348	fuse=1	src0=q4_0[1536,256,1]	src1=f32[1536,4,1]	dst=f32[256,4,1,1]	count=3	sum_us=50.750	min_us=16.875	max_us=17.000
OP	ntok=4	op=UNARY	name=node_349	fuse=1	src0=f32[256,4,1]	src1=-[0,0,0]	dst=f32[256,4,1,1]	count=3	sum_us=21.167	min_us=7.000	max_us=7.125
OP	ntok=4	op=MUL	name=node_351	fuse=1	src0=f32[256,4,1]	src1=f32[256,4,1]	dst=f32[256,4,1,1]	count=3	sum_us=21.333	min_us=6.667	max_us=7.500
OP	ntok=4	op=MUL_MAT	name=node_352	fuse=1	src0=q4_0[256,1536,1]	src1=f32[256,4,1]	dst=f32[1536,4,1,1]	count=3	sum_us=27.625	min_us=9.083	max_us=9.292
OP	ntok=4	op=ADD	name=node_355	fuse=1	src0=f32[1536,4,1]	src1=f32[1536,4,1]	dst=f32[1536,4,1,1]	count=3	sum_us=21.875	min_us=7.125	max_us=7.583
OP	ntok=4	op=SET_ROWS	name=cache_v_l7 (view)	fuse=1	src0=f32[256,4,1]	src1=i64[4,1,1]	dst=f16[256,1024,1,1]	count=3	sum_us=20.000	min_us=6.500	max_us=6.875
OP	ntok=4	op=SET_ROWS	name=cache_k_l7 (view)	fuse=1	src0=f32[256,4,1]	src1=i64[4,1,1]	dst=f16[256,1024,1,1]	count=3	sum_us=18.708	min_us=6.083	max_us=6.500
OP	ntok=4	op=FLASH_ATTN_EXT	name=node_382	fuse=1	src0=f32[256,4,8]	src1=f16[256,1024,1]	dst=f32[256,8,4,1]	count=3	sum_us=126.292	min_us=41.458	max_us=42.458
OP	ntok=4	op=MUL_MAT	name=node_384	fuse=1	src0=q4_0[2048,1536,1]	src1=f32[2048,4,1]	dst=f32[1536,4,1,1]	count=3	sum_us=76.333	min_us=25.208	max_us=25.750
OP	ntok=4	op=MUL_MAT	name=node_397	fuse=1	src0=q4_0[1536,256,1]	src1=f32[1536,4,1]	dst=f32[256,4,1,1]	count=3	sum_us=50.083	min_us=16.625	max_us=16.750
OP	ntok=4	op=UNARY	name=node_398	fuse=1	src0=f32[256,4,1]	src1=-[0,0,0]	dst=f32[256,4,1,1]	count=3	sum_us=21.417	min_us=7.042	max_us=7.250
OP	ntok=4	op=MUL	name=node_400	fuse=1	src0=f32[256,4,1]	src1=f32[256,4,1]	dst=f32[256,4,1,1]	count=3	sum_us=20.958	min_us=6.667	max_us=7.167
OP	ntok=4	op=MUL_MAT	name=node_401	fuse=1	src0=q4_0[256,1536,1]	src1=f32[256,4,1]	dst=f32[1536,4,1,1]	count=3	sum_us=28.417	min_us=9.250	max_us=9.625
OP	ntok=4	op=ADD	name=node_404	fuse=1	src0=f32[1536,4,1]	src1=f32[1536,4,1]	dst=f32[1536,4,1,1]	count=3	sum_us=22.042	min_us=7.250	max_us=7.417
OP	ntok=4	op=SET_ROWS	name=cache_v_l8 (view)	fuse=1	src0=f32[256,4,1]	src1=i64[4,1,1]	dst=f16[256,1024,1,1]	count=3	sum_us=19.667	min_us=6.417	max_us=6.625
OP	ntok=4	op=SET_ROWS	name=cache_k_l8 (view)	fuse=1	src0=f32[256,4,1]	src1=i64[4,1,1]	dst=f16[256,1024,1,1]	count=3	sum_us=19.667	min_us=6.500	max_us=6.625
OP	ntok=4	op=FLASH_ATTN_EXT	name=node_431	fuse=1	src0=f32[256,4,8]	src1=f16[256,1024,1]	dst=f32[256,8,4,1]	count=3	sum_us=125.667	min_us=41.125	max_us=42.417
OP	ntok=4	op=MUL_MAT	name=node_433	fuse=1	src0=q4_0[2048,1536,1]	src1=f32[2048,4,1]	dst=f32[1536,4,1,1]	count=3	sum_us=74.417	min_us=24.625	max_us=25.125
OP	ntok=4	op=MUL_MAT	name=node_446	fuse=1	src0=q4_0[1536,256,1]	src1=f32[1536,4,1]	dst=f32[256,4,1,1]	count=3	sum_us=49.708	min_us=16.333	max_us=16.750
OP	ntok=4	op=UNARY	name=node_447	fuse=1	src0=f32[256,4,1]	src1=-[0,0,0]	dst=f32[256,4,1,1]	count=3	sum_us=22.583	min_us=7.333	max_us=7.625
OP	ntok=4	op=MUL	name=node_449	fuse=1	src0=f32[256,4,1]	src1=f32[256,4,1]	dst=f32[256,4,1,1]	count=3	sum_us=20.792	min_us=6.917	max_us=6.958
OP	ntok=4	op=MUL_MAT	name=node_450	fuse=1	src0=q4_0[256,1536,1]	src1=f32[256,4,1]	dst=f32[1536,4,1,1]	count=3	sum_us=28.000	min_us=9.167	max_us=9.625
OP	ntok=4	op=ADD	name=node_453	fuse=1	src0=f32[1536,4,1]	src1=f32[1536,4,1]	dst=f32[1536,4,1,1]	count=3	sum_us=21.250	min_us=6.917	max_us=7.375
OP	ntok=4	op=SET_ROWS	name=cache_v_l9 (view)	fuse=1	src0=f32[512,4,1]	src1=i64[4,1,1]	dst=f16[512,4096,1,1]	count=3	sum_us=20.917	min_us=6.750	max_us=7.125
OP	ntok=4	op=SET_ROWS	name=cache_k_l9 (view)	fuse=1	src0=f32[512,4,1]	src1=i64[4,1,1]	dst=f16[512,4096,1,1]	count=3	sum_us=20.708	min_us=6.750	max_us=7.125
OP	ntok=4	op=FLASH_ATTN_EXT	name=node_480	fuse=1	src0=f32[512,4,8]	src1=f16[512,1024,1]	dst=f32[512,8,4,1]	count=3	sum_us=377.958	min_us=125.500	max_us=126.333
OP	ntok=4	op=MUL_MAT	name=node_482	fuse=1	src0=q4_0[4096,1536,1]	src1=f32[4096,4,1]	dst=f32[1536,4,1,1]	count=3	sum_us=120.167	min_us=39.125	max_us=41.042
OP	ntok=4	op=MUL_MAT	name=node_495	fuse=1	src0=q4_0[1536,256,1]	src1=f32[1536,4,1]	dst=f32[256,4,1,1]	count=3	sum_us=49.250	min_us=16.167	max_us=16.833
OP	ntok=4	op=UNARY	name=node_496	fuse=1	src0=f32[256,4,1]	src1=-[0,0,0]	dst=f32[256,4,1,1]	count=3	sum_us=20.833	min_us=6.667	max_us=7.208
OP	ntok=4	op=MUL	name=node_498	fuse=1	src0=f32[256,4,1]	src1=f32[256,4,1]	dst=f32[256,4,1,1]	count=3	sum_us=20.375	min_us=6.625	max_us=7.000
OP	ntok=4	op=MUL_MAT	name=node_499	fuse=1	src0=q4_0[256,1536,1]	src1=f32[256,4,1]	dst=f32[1536,4,1,1]	count=3	sum_us=27.292	min_us=9.000	max_us=9.167
OP	ntok=4	op=ADD	name=node_502	fuse=1	src0=f32[1536,4,1]	src1=f32[1536,4,1]	dst=f32[1536,4,1,1]	count=3	sum_us=20.583	min_us=6.667	max_us=6.958
OP	ntok=4	op=SET_ROWS	name=cache_v_l10 (view)	fuse=1	src0=f32[256,4,1]	src1=i64[4,1,1]	dst=f16[256,1024,1,1]	count=3	sum_us=19.083	min_us=6.000	max_us=6.625
OP	ntok=4	op=SET_ROWS	name=cache_k_l10 (view)	fuse=1	src0=f32[256,4,1]	src1=i64[4,1,1]	dst=f16[256,1024,1,1]	count=3	sum_us=19.000	min_us=6.208	max_us=6.500
OP	ntok=4	op=FLASH_ATTN_EXT	name=node_529	fuse=1	src0=f32[256,4,8]	src1=f16[256,1024,1]	dst=f32[256,8,4,1]	count=3	sum_us=133.750	min_us=42.125	max_us=46.375
OP	ntok=4	op=MUL_MAT	name=node_531	fuse=1	src0=q4_0[2048,1536,1]	src1=f32[2048,4,1]	dst=f32[1536,4,1,1]	count=3	sum_us=79.750	min_us=26.125	max_us=26.875
OP	ntok=4	op=MUL_MAT	name=node_544	fuse=1	src0=q4_0[1536,256,1]	src1=f32[1536,4,1]	dst=f32[256,4,1,1]	count=3	sum_us=49.167	min_us=16.250	max_us=16.542
OP	ntok=4	op=UNARY	name=node_545	fuse=1	src0=f32[256,4,1]	src1=-[0,0,0]	dst=f32[256,4,1,1]	count=3	sum_us=20.667	min_us=6.833	max_us=6.958
OP	ntok=4	op=MUL	name=node_547	fuse=1	src0=f32[256,4,1]	src1=f32[256,4,1]	dst=f32[256,4,1,1]	count=3	sum_us=20.917	min_us=6.792	max_us=7.167
OP	ntok=4	op=MUL_MAT	name=node_548	fuse=1	src0=q4_0[256,1536,1]	src1=f32[256,4,1]	dst=f32[1536,4,1,1]	count=3	sum_us=28.250	min_us=9.083	max_us=9.917
OP	ntok=4	op=ADD	name=node_551	fuse=1	src0=f32[1536,4,1]	src1=f32[1536,4,1]	dst=f32[1536,4,1,1]	count=3	sum_us=21.917	min_us=7.000	max_us=7.667
OP	ntok=4	op=SET_ROWS	name=cache_v_l11 (view)	fuse=1	src0=f32[256,4,1]	src1=i64[4,1,1]	dst=f16[256,1024,1,1]	count=3	sum_us=19.958	min_us=6.208	max_us=7.458
OP	ntok=4	op=SET_ROWS	name=cache_k_l11 (view)	fuse=1	src0=f32[256,4,1]	src1=i64[4,1,1]	dst=f16[256,1024,1,1]	count=3	sum_us=18.833	min_us=5.917	max_us=6.750
OP	ntok=4	op=FLASH_ATTN_EXT	name=node_578	fuse=1	src0=f32[256,4,8]	src1=f16[256,1024,1]	dst=f32[256,8,4,1]	count=3	sum_us=121.125	min_us=39.750	max_us=41.375
OP	ntok=4	op=MUL_MAT	name=node_580	fuse=1	src0=q4_0[2048,1536,1]	src1=f32[2048,4,1]	dst=f32[1536,4,1,1]	count=3	sum_us=71.208	min_us=23.417	max_us=24.375
OP	ntok=4	op=MUL_MAT	name=node_593	fuse=1	src0=q4_0[1536,256,1]	src1=f32[1536,4,1]	dst=f32[256,4,1,1]	count=3	sum_us=53.208	min_us=17.625	max_us=17.875
OP	ntok=4	op=UNARY	name=node_594	fuse=1	src0=f32[256,4,1]	src1=-[0,0,0]	dst=f32[256,4,1,1]	count=3	sum_us=22.000	min_us=7.292	max_us=7.375
OP	ntok=4	op=MUL	name=node_596	fuse=1	src0=f32[256,4,1]	src1=f32[256,4,1]	dst=f32[256,4,1,1]	count=3	sum_us=20.208	min_us=6.583	max_us=6.875
OP	ntok=4	op=MUL_MAT	name=node_597	fuse=1	src0=q4_0[256,1536,1]	src1=f32[256,4,1]	dst=f32[1536,4,1,1]	count=3	sum_us=27.125	min_us=9.000	max_us=9.125
OP	ntok=4	op=ADD	name=node_600	fuse=1	src0=f32[1536,4,1]	src1=f32[1536,4,1]	dst=f32[1536,4,1,1]	count=3	sum_us=24.792	min_us=6.875	max_us=10.292
OP	ntok=4	op=SET_ROWS	name=cache_v_l12 (view)	fuse=1	src0=f32[256,4,1]	src1=i64[4,1,1]	dst=f16[256,1024,1,1]	count=3	sum_us=22.208	min_us=6.250	max_us=9.333
OP	ntok=4	op=SET_ROWS	name=cache_k_l12 (view)	fuse=1	src0=f32[256,4,1]	src1=i64[4,1,1]	dst=f16[256,1024,1,1]	count=3	sum_us=18.708	min_us=6.125	max_us=6.458
OP	ntok=4	op=FLASH_ATTN_EXT	name=node_627	fuse=1	src0=f32[256,4,8]	src1=f16[256,1024,1]	dst=f32[256,8,4,1]	count=3	sum_us=120.958	min_us=39.500	max_us=40.958
OP	ntok=4	op=MUL_MAT	name=node_629	fuse=1	src0=q4_0[2048,1536,1]	src1=f32[2048,4,1]	dst=f32[1536,4,1,1]	count=3	sum_us=70.292	min_us=23.125	max_us=23.667
OP	ntok=4	op=MUL_MAT	name=node_642	fuse=1	src0=q4_0[1536,256,1]	src1=f32[1536,4,1]	dst=f32[256,4,1,1]	count=3	sum_us=50.250	min_us=16.750	max_us=16.750
OP	ntok=4	op=UNARY	name=node_643	fuse=1	src0=f32[256,4,1]	src1=-[0,0,0]	dst=f32[256,4,1,1]	count=3	sum_us=22.167	min_us=7.250	max_us=7.458
OP	ntok=4	op=MUL	name=node_645	fuse=1	src0=f32[256,4,1]	src1=f32[256,4,1]	dst=f32[256,4,1,1]	count=3	sum_us=23.667	min_us=6.625	max_us=10.167
OP	ntok=4	op=MUL_MAT	name=node_646	fuse=1	src0=q4_0[256,1536,1]	src1=f32[256,4,1]	dst=f32[1536,4,1,1]	count=3	sum_us=32.167	min_us=9.208	max_us=13.375
OP	ntok=4	op=ADD	name=node_649	fuse=1	src0=f32[1536,4,1]	src1=f32[1536,4,1]	dst=f32[1536,4,1,1]	count=3	sum_us=24.208	min_us=6.875	max_us=10.250
OP	ntok=4	op=SET_ROWS	name=cache_v_l13 (view)	fuse=1	src0=f32[256,4,1]	src1=i64[4,1,1]	dst=f16[256,1024,1,1]	count=3	sum_us=19.458	min_us=6.292	max_us=6.708
OP	ntok=4	op=SET_ROWS	name=cache_k_l13 (view)	fuse=1	src0=f32[256,4,1]	src1=i64[4,1,1]	dst=f16[256,1024,1,1]	count=3	sum_us=22.625	min_us=6.375	max_us=9.625
OP	ntok=4	op=FLASH_ATTN_EXT	name=node_676	fuse=1	src0=f32[256,4,8]	src1=f16[256,1024,1]	dst=f32[256,8,4,1]	count=3	sum_us=128.583	min_us=40.750	max_us=46.042
OP	ntok=4	op=MUL_MAT	name=node_678	fuse=1	src0=q4_0[2048,1536,1]	src1=f32[2048,4,1]	dst=f32[1536,4,1,1]	count=3	sum_us=71.917	min_us=23.750	max_us=24.083
OP	ntok=4	op=MUL_MAT	name=node_691	fuse=1	src0=q4_0[1536,256,1]	src1=f32[1536,4,1]	dst=f32[256,4,1,1]	count=3	sum_us=53.167	min_us=16.250	max_us=20.542
OP	ntok=4	op=UNARY	name=node_692	fuse=1	src0=f32[256,4,1]	src1=-[0,0,0]	dst=f32[256,4,1,1]	count=3	sum_us=24.750	min_us=7.125	max_us=10.250
OP	ntok=4	op=MUL	name=node_694	fuse=1	src0=f32[256,4,1]	src1=f32[256,4,1]	dst=f32[256,4,1,1]	count=3	sum_us=20.042	min_us=6.542	max_us=6.750
OP	ntok=4	op=MUL_MAT	name=node_695	fuse=1	src0=q4_0[256,1536,1]	src1=f32[256,4,1]	dst=f32[1536,4,1,1]	count=3	sum_us=27.750	min_us=9.167	max_us=9.375
OP	ntok=4	op=ADD	name=node_698	fuse=1	src0=f32[1536,4,1]	src1=f32[1536,4,1]	dst=f32[1536,4,1,1]	count=3	sum_us=21.500	min_us=7.125	max_us=7.250
OP	ntok=4	op=SET_ROWS	name=cache_v_l14 (view)	fuse=1	src0=f32[512,4,1]	src1=i64[4,1,1]	dst=f16[512,4096,1,1]	count=3	sum_us=21.583	min_us=6.917	max_us=7.417
OP	ntok=4	op=SET_ROWS	name=cache_k_l14 (view)	fuse=1	src0=f32[512,4,1]	src1=i64[4,1,1]	dst=f16[512,4096,1,1]	count=3	sum_us=19.917	min_us=6.542	max_us=6.708
OP	ntok=4	op=FLASH_ATTN_EXT	name=node_725	fuse=1	src0=f32[512,4,8]	src1=f16[512,1024,1]	dst=f32[512,8,4,1]	count=3	sum_us=382.583	min_us=125.250	max_us=129.542
OP	ntok=4	op=MUL_MAT	name=node_727	fuse=1	src0=q4_0[4096,1536,1]	src1=f32[4096,4,1]	dst=f32[1536,4,1,1]	count=3	sum_us=120.917	min_us=40.000	max_us=40.750
OP	ntok=4	op=MUL_MAT	name=node_740	fuse=1	src0=q4_0[1536,256,1]	src1=f32[1536,4,1]	dst=f32[256,4,1,1]	count=3	sum_us=49.083	min_us=15.875	max_us=17.000
OP	ntok=4	op=UNARY	name=node_741	fuse=1	src0=f32[256,4,1]	src1=-[0,0,0]	dst=f32[256,4,1,1]	count=3	sum_us=20.125	min_us=6.500	max_us=7.000
OP	ntok=4	op=MUL	name=node_743	fuse=1	src0=f32[256,4,1]	src1=f32[256,4,1]	dst=f32[256,4,1,1]	count=3	sum_us=21.250	min_us=6.750	max_us=7.500
OP	ntok=4	op=MUL_MAT	name=node_744	fuse=1	src0=q4_0[256,1536,1]	src1=f32[256,4,1]	dst=f32[1536,4,1,1]	count=3	sum_us=27.250	min_us=8.875	max_us=9.250
OP	ntok=4	op=ADD	name=node_747	fuse=1	src0=f32[1536,4,1]	src1=f32[1536,4,1]	dst=f32[1536,4,1,1]	count=3	sum_us=21.708	min_us=7.000	max_us=7.667
OP	ntok=4	op=FLASH_ATTN_EXT	name=node_762	fuse=1	src0=f32[256,4,8]	src1=f16[256,1024,1]	dst=f32[256,8,4,1]	count=3	sum_us=128.375	min_us=42.250	max_us=43.708
OP	ntok=4	op=MUL_MAT	name=node_764	fuse=1	src0=q4_0[2048,1536,1]	src1=f32[2048,4,1]	dst=f32[1536,4,1,1]	count=3	sum_us=77.375	min_us=25.292	max_us=26.375
OP	ntok=4	op=MUL_MAT	name=ffn_gate	fuse=1	src0=q4_0[1536,12288,1]	src1=f32[1536,4,1]	dst=f32[12288,4,1,1]	count=60	sum_us=5093.666	min_us=84.333	max_us=87.250
OP	ntok=4	op=MUL_MAT	name=ffn_up	fuse=1	src0=q4_0[1536,12288,1]	src1=f32[1536,4,1]	dst=f32[12288,4,1,1]	count=60	sum_us=5091.334	min_us=84.250	max_us=86.125
OP	ntok=4	op=GLU	name=ffn_geglu	fuse=1	src0=f32[12288,4,1]	src1=f32[12288,4,1]	dst=f32[12288,4,1,1]	count=60	sum_us=956.084	min_us=13.375	max_us=22.250
OP	ntok=4	op=MUL_MAT	name=ffn_out	fuse=1	src0=q4_0[12288,1536,1]	src1=f32[12288,4,1]	dst=f32[1536,4,1,1]	count=60	sum_us=6578.917	min_us=105.417	max_us=118.875
OP	ntok=4	op=MUL_MAT	name=node_777	fuse=1	src0=q4_0[1536,256,1]	src1=f32[1536,4,1]	dst=f32[256,4,1,1]	count=3	sum_us=51.833	min_us=16.750	max_us=18.125
OP	ntok=4	op=UNARY	name=node_778	fuse=1	src0=f32[256,4,1]	src1=-[0,0,0]	dst=f32[256,4,1,1]	count=3	sum_us=20.042	min_us=6.625	max_us=6.708
OP	ntok=4	op=MUL	name=node_780	fuse=1	src0=f32[256,4,1]	src1=f32[256,4,1]	dst=f32[256,4,1,1]	count=3	sum_us=20.833	min_us=6.667	max_us=7.167
OP	ntok=4	op=MUL_MAT	name=node_781	fuse=1	src0=q4_0[256,1536,1]	src1=f32[256,4,1]	dst=f32[1536,4,1,1]	count=3	sum_us=27.875	min_us=9.000	max_us=9.708
OP	ntok=4	op=ADD	name=node_784	fuse=1	src0=f32[1536,4,1]	src1=f32[1536,4,1]	dst=f32[1536,4,1,1]	count=3	sum_us=20.875	min_us=6.875	max_us=7.000
OP	ntok=4	op=FLASH_ATTN_EXT	name=node_799	fuse=1	src0=f32[256,4,8]	src1=f16[256,1024,1]	dst=f32[256,8,4,1]	count=3	sum_us=120.625	min_us=40.000	max_us=40.333
OP	ntok=4	op=MUL_MAT	name=node_801	fuse=1	src0=q4_0[2048,1536,1]	src1=f32[2048,4,1]	dst=f32[1536,4,1,1]	count=3	sum_us=70.667	min_us=22.958	max_us=23.875
OP	ntok=4	op=MUL_MAT	name=node_814	fuse=1	src0=q4_0[1536,256,1]	src1=f32[1536,4,1]	dst=f32[256,4,1,1]	count=3	sum_us=57.708	min_us=18.167	max_us=21.125
OP	ntok=4	op=UNARY	name=node_815	fuse=1	src0=f32[256,4,1]	src1=-[0,0,0]	dst=f32[256,4,1,1]	count=3	sum_us=21.083	min_us=6.917	max_us=7.250
OP	ntok=4	op=MUL	name=node_817	fuse=1	src0=f32[256,4,1]	src1=f32[256,4,1]	dst=f32[256,4,1,1]	count=3	sum_us=23.958	min_us=6.667	max_us=10.500
OP	ntok=4	op=MUL_MAT	name=node_818	fuse=1	src0=q4_0[256,1536,1]	src1=f32[256,4,1]	dst=f32[1536,4,1,1]	count=3	sum_us=27.292	min_us=9.042	max_us=9.125
OP	ntok=4	op=ADD	name=node_821	fuse=1	src0=f32[1536,4,1]	src1=f32[1536,4,1]	dst=f32[1536,4,1,1]	count=3	sum_us=20.209	min_us=6.583	max_us=6.875
OP	ntok=4	op=FLASH_ATTN_EXT	name=node_836	fuse=1	src0=f32[256,4,8]	src1=f16[256,1024,1]	dst=f32[256,8,4,1]	count=3	sum_us=115.292	min_us=38.417	max_us=38.458
OP	ntok=4	op=MUL_MAT	name=node_838	fuse=1	src0=q4_0[2048,1536,1]	src1=f32[2048,4,1]	dst=f32[1536,4,1,1]	count=3	sum_us=70.667	min_us=23.125	max_us=23.833
OP	ntok=4	op=MUL_MAT	name=node_851	fuse=1	src0=q4_0[1536,256,1]	src1=f32[1536,4,1]	dst=f32[256,4,1,1]	count=3	sum_us=58.667	min_us=18.458	max_us=21.375
OP	ntok=4	op=UNARY	name=node_852	fuse=1	src0=f32[256,4,1]	src1=-[0,0,0]	dst=f32[256,4,1,1]	count=3	sum_us=21.542	min_us=7.125	max_us=7.292
OP	ntok=4	op=MUL	name=node_854	fuse=1	src0=f32[256,4,1]	src1=f32[256,4,1]	dst=f32[256,4,1,1]	count=3	sum_us=20.375	min_us=6.625	max_us=7.125
OP	ntok=4	op=MUL_MAT	name=node_855	fuse=1	src0=q4_0[256,1536,1]	src1=f32[256,4,1]	dst=f32[1536,4,1,1]	count=3	sum_us=27.250	min_us=9.000	max_us=9.125
OP	ntok=4	op=ADD	name=node_858	fuse=1	src0=f32[1536,4,1]	src1=f32[1536,4,1]	dst=f32[1536,4,1,1]	count=3	sum_us=21.209	min_us=7.000	max_us=7.208
OP	ntok=4	op=FLASH_ATTN_EXT	name=node_873	fuse=1	src0=f32[256,4,8]	src1=f16[256,1024,1]	dst=f32[256,8,4,1]	count=3	sum_us=120.583	min_us=39.042	max_us=41.583
OP	ntok=4	op=MUL_MAT	name=node_875	fuse=1	src0=q4_0[2048,1536,1]	src1=f32[2048,4,1]	dst=f32[1536,4,1,1]	count=3	sum_us=69.375	min_us=22.833	max_us=23.333
OP	ntok=4	op=MUL_MAT	name=node_888	fuse=1	src0=q4_0[1536,256,1]	src1=f32[1536,4,1]	dst=f32[256,4,1,1]	count=3	sum_us=55.542	min_us=18.333	max_us=18.833
OP	ntok=4	op=UNARY	name=node_889	fuse=1	src0=f32[256,4,1]	src1=-[0,0,0]	dst=f32[256,4,1,1]	count=3	sum_us=21.458	min_us=7.000	max_us=7.333
OP	ntok=4	op=MUL	name=node_891	fuse=1	src0=f32[256,4,1]	src1=f32[256,4,1]	dst=f32[256,4,1,1]	count=3	sum_us=20.208	min_us=6.292	max_us=7.000
OP	ntok=4	op=MUL_MAT	name=node_892	fuse=1	src0=q4_0[256,1536,1]	src1=f32[256,4,1]	dst=f32[1536,4,1,1]	count=3	sum_us=28.125	min_us=9.000	max_us=9.625
OP	ntok=4	op=ADD	name=node_895	fuse=1	src0=f32[1536,4,1]	src1=f32[1536,4,1]	dst=f32[1536,4,1,1]	count=3	sum_us=19.792	min_us=6.417	max_us=6.750
OP	ntok=4	op=FLASH_ATTN_EXT	name=node_910	fuse=1	src0=f32[512,4,8]	src1=f16[512,1024,1]	dst=f32[512,8,4,1]	count=3	sum_us=343.792	min_us=110.917	max_us=121.625
OP	ntok=4	op=MUL_MAT	name=node_912	fuse=1	src0=q4_0[4096,1536,1]	src1=f32[4096,4,1]	dst=f32[1536,4,1,1]	count=3	sum_us=118.958	min_us=39.375	max_us=40.125
OP	ntok=4	op=MUL_MAT	name=node_925	fuse=1	src0=q4_0[1536,256,1]	src1=f32[1536,4,1]	dst=f32[256,4,1,1]	count=3	sum_us=59.958	min_us=19.542	max_us=20.833
OP	ntok=4	op=UNARY	name=node_926	fuse=1	src0=f32[256,4,1]	src1=-[0,0,0]	dst=f32[256,4,1,1]	count=3	sum_us=25.417	min_us=6.875	max_us=11.333
OP	ntok=4	op=MUL	name=node_928	fuse=1	src0=f32[256,4,1]	src1=f32[256,4,1]	dst=f32[256,4,1,1]	count=3	sum_us=21.458	min_us=6.958	max_us=7.500
OP	ntok=4	op=MUL_MAT	name=node_929	fuse=1	src0=q4_0[256,1536,1]	src1=f32[256,4,1]	dst=f32[1536,4,1,1]	count=3	sum_us=27.083	min_us=8.958	max_us=9.125
OP	ntok=4	op=ADD	name=node_932	fuse=1	src0=f32[1536,4,1]	src1=f32[1536,4,1]	dst=f32[1536,4,1,1]	count=3	sum_us=19.750	min_us=6.500	max_us=6.625
OP	ntok=4	op=FLASH_ATTN_EXT	name=node_947	fuse=1	src0=f32[256,4,8]	src1=f16[256,1024,1]	dst=f32[256,8,4,1]	count=3	sum_us=128.583	min_us=42.375	max_us=43.333
OP	ntok=4	op=MUL_MAT	name=node_949	fuse=1	src0=q4_0[2048,1536,1]	src1=f32[2048,4,1]	dst=f32[1536,4,1,1]	count=3	sum_us=78.667	min_us=25.792	max_us=26.750
OP	ntok=4	op=MUL_MAT	name=node_962	fuse=1	src0=q4_0[1536,256,1]	src1=f32[1536,4,1]	dst=f32[256,4,1,1]	count=3	sum_us=50.083	min_us=16.458	max_us=16.875
OP	ntok=4	op=UNARY	name=node_963	fuse=1	src0=f32[256,4,1]	src1=-[0,0,0]	dst=f32[256,4,1,1]	count=3	sum_us=20.250	min_us=6.667	max_us=6.833
OP	ntok=4	op=MUL	name=node_965	fuse=1	src0=f32[256,4,1]	src1=f32[256,4,1]	dst=f32[256,4,1,1]	count=3	sum_us=20.375	min_us=6.708	max_us=6.875
OP	ntok=4	op=MUL_MAT	name=node_966	fuse=1	src0=q4_0[256,1536,1]	src1=f32[256,4,1]	dst=f32[1536,4,1,1]	count=3	sum_us=27.833	min_us=9.083	max_us=9.500
OP	ntok=4	op=ADD	name=node_969	fuse=1	src0=f32[1536,4,1]	src1=f32[1536,4,1]	dst=f32[1536,4,1,1]	count=3	sum_us=20.417	min_us=6.750	max_us=6.833
OP	ntok=4	op=FLASH_ATTN_EXT	name=node_984	fuse=1	src0=f32[256,4,8]	src1=f16[256,1024,1]	dst=f32[256,8,4,1]	count=3	sum_us=121.667	min_us=38.333	max_us=43.333
OP	ntok=4	op=MUL_MAT	name=node_986	fuse=1	src0=q4_0[2048,1536,1]	src1=f32[2048,4,1]	dst=f32[1536,4,1,1]	count=3	sum_us=75.167	min_us=24.833	max_us=25.333
OP	ntok=4	op=MUL_MAT	name=node_999	fuse=1	src0=q4_0[1536,256,1]	src1=f32[1536,4,1]	dst=f32[256,4,1,1]	count=3	sum_us=52.750	min_us=16.667	max_us=18.375
OP	ntok=4	op=UNARY	name=node_1000	fuse=1	src0=f32[256,4,1]	src1=-[0,0,0]	dst=f32[256,4,1,1]	count=3	sum_us=20.417	min_us=6.708	max_us=6.958
OP	ntok=4	op=MUL	name=node_1002	fuse=1	src0=f32[256,4,1]	src1=f32[256,4,1]	dst=f32[256,4,1,1]	count=3	sum_us=20.917	min_us=6.917	max_us=7.042
OP	ntok=4	op=MUL_MAT	name=node_1003	fuse=1	src0=q4_0[256,1536,1]	src1=f32[256,4,1]	dst=f32[1536,4,1,1]	count=3	sum_us=27.250	min_us=8.875	max_us=9.333
OP	ntok=4	op=ADD	name=node_1006	fuse=1	src0=f32[1536,4,1]	src1=f32[1536,4,1]	dst=f32[1536,4,1,1]	count=3	sum_us=20.083	min_us=6.625	max_us=6.833
OP	ntok=4	op=FLASH_ATTN_EXT	name=node_1021	fuse=1	src0=f32[256,4,8]	src1=f16[256,1024,1]	dst=f32[256,8,4,1]	count=3	sum_us=115.542	min_us=38.083	max_us=38.917
OP	ntok=4	op=MUL_MAT	name=node_1023	fuse=1	src0=q4_0[2048,1536,1]	src1=f32[2048,4,1]	dst=f32[1536,4,1,1]	count=3	sum_us=73.708	min_us=24.208	max_us=25.083
OP	ntok=4	op=MUL_MAT	name=node_1036	fuse=1	src0=q4_0[1536,256,1]	src1=f32[1536,4,1]	dst=f32[256,4,1,1]	count=3	sum_us=57.958	min_us=18.583	max_us=20.750
OP	ntok=4	op=UNARY	name=node_1037	fuse=1	src0=f32[256,4,1]	src1=-[0,0,0]	dst=f32[256,4,1,1]	count=3	sum_us=22.125	min_us=7.375	max_us=7.375
OP	ntok=4	op=MUL	name=node_1039	fuse=1	src0=f32[256,4,1]	src1=f32[256,4,1]	dst=f32[256,4,1,1]	count=3	sum_us=20.208	min_us=6.583	max_us=6.875
OP	ntok=4	op=MUL_MAT	name=node_1040	fuse=1	src0=q4_0[256,1536,1]	src1=f32[256,4,1]	dst=f32[1536,4,1,1]	count=3	sum_us=30.250	min_us=8.875	max_us=12.125
OP	ntok=4	op=ADD	name=node_1043	fuse=1	src0=f32[1536,4,1]	src1=f32[1536,4,1]	dst=f32[1536,4,1,1]	count=3	sum_us=20.917	min_us=6.833	max_us=7.125
OP	ntok=4	op=FLASH_ATTN_EXT	name=node_1058	fuse=1	src0=f32[256,4,8]	src1=f16[256,1024,1]	dst=f32[256,8,4,1]	count=3	sum_us=118.083	min_us=38.917	max_us=39.667
OP	ntok=4	op=MUL_MAT	name=node_1060	fuse=1	src0=q4_0[2048,1536,1]	src1=f32[2048,4,1]	dst=f32[1536,4,1,1]	count=3	sum_us=75.042	min_us=24.792	max_us=25.250
OP	ntok=4	op=MUL_MAT	name=node_1073	fuse=1	src0=q4_0[1536,256,1]	src1=f32[1536,4,1]	dst=f32[256,4,1,1]	count=3	sum_us=51.750	min_us=16.958	max_us=17.667
OP	ntok=4	op=UNARY	name=node_1074	fuse=1	src0=f32[256,4,1]	src1=-[0,0,0]	dst=f32[256,4,1,1]	count=3	sum_us=25.667	min_us=7.167	max_us=11.167
OP	ntok=4	op=MUL	name=node_1076	fuse=1	src0=f32[256,4,1]	src1=f32[256,4,1]	dst=f32[256,4,1,1]	count=3	sum_us=21.000	min_us=6.750	max_us=7.375
OP	ntok=4	op=MUL_MAT	name=node_1077	fuse=1	src0=q4_0[256,1536,1]	src1=f32[256,4,1]	dst=f32[1536,4,1,1]	count=3	sum_us=27.250	min_us=8.958	max_us=9.250
OP	ntok=4	op=ADD	name=node_1080	fuse=1	src0=f32[1536,4,1]	src1=f32[1536,4,1]	dst=f32[1536,4,1,1]	count=3	sum_us=21.208	min_us=7.042	max_us=7.083
OP	ntok=4	op=FLASH_ATTN_EXT	name=node_1095	fuse=1	src0=f32[512,4,8]	src1=f16[512,1024,1]	dst=f32[512,8,4,1]	count=3	sum_us=367.833	min_us=121.750	max_us=123.542
OP	ntok=4	op=MUL_MAT	name=node_1097	fuse=1	src0=q4_0[4096,1536,1]	src1=f32[4096,4,1]	dst=f32[1536,4,1,1]	count=3	sum_us=122.750	min_us=39.250	max_us=43.125
OP	ntok=4	op=MUL_MAT	name=node_1110	fuse=1	src0=q4_0[1536,256,1]	src1=f32[1536,4,1]	dst=f32[256,4,1,1]	count=3	sum_us=56.708	min_us=18.583	max_us=19.125
OP	ntok=4	op=UNARY	name=node_1111	fuse=1	src0=f32[256,4,1]	src1=-[0,0,0]	dst=f32[256,4,1,1]	count=3	sum_us=21.708	min_us=7.125	max_us=7.417
OP	ntok=4	op=MUL	name=node_1113	fuse=1	src0=f32[256,4,1]	src1=f32[256,4,1]	dst=f32[256,4,1,1]	count=3	sum_us=20.708	min_us=6.625	max_us=7.083
OP	ntok=4	op=MUL_MAT	name=node_1114	fuse=1	src0=q4_0[256,1536,1]	src1=f32[256,4,1]	dst=f32[1536,4,1,1]	count=3	sum_us=27.917	min_us=9.083	max_us=9.750
OP	ntok=4	op=ADD	name=node_1117	fuse=1	src0=f32[1536,4,1]	src1=f32[1536,4,1]	dst=f32[1536,4,1,1]	count=3	sum_us=21.042	min_us=7.000	max_us=7.042
OP	ntok=4	op=FLASH_ATTN_EXT	name=node_1132	fuse=1	src0=f32[256,4,8]	src1=f16[256,1024,1]	dst=f32[256,8,4,1]	count=3	sum_us=129.417	min_us=42.750	max_us=43.458
OP	ntok=4	op=MUL_MAT	name=node_1134	fuse=1	src0=q4_0[2048,1536,1]	src1=f32[2048,4,1]	dst=f32[1536,4,1,1]	count=3	sum_us=79.167	min_us=25.917	max_us=26.625
OP	ntok=4	op=MUL_MAT	name=node_1147	fuse=1	src0=q4_0[1536,256,1]	src1=f32[1536,4,1]	dst=f32[256,4,1,1]	count=3	sum_us=56.500	min_us=18.292	max_us=19.250
OP	ntok=4	op=UNARY	name=node_1148	fuse=1	src0=f32[256,4,1]	src1=-[0,0,0]	dst=f32[256,4,1,1]	count=3	sum_us=21.625	min_us=7.125	max_us=7.375
OP	ntok=4	op=MUL	name=node_1150	fuse=1	src0=f32[256,4,1]	src1=f32[256,4,1]	dst=f32[256,4,1,1]	count=3	sum_us=20.000	min_us=6.542	max_us=6.833
OP	ntok=4	op=MUL_MAT	name=node_1151	fuse=1	src0=q4_0[256,1536,1]	src1=f32[256,4,1]	dst=f32[1536,4,1,1]	count=3	sum_us=27.375	min_us=9.000	max_us=9.250
OP	ntok=4	op=ADD	name=node_1154	fuse=1	src0=f32[1536,4,1]	src1=f32[1536,4,1]	dst=f32[1536,4,1,1]	count=3	sum_us=20.458	min_us=6.625	max_us=6.958
OP	ntok=4	op=FLASH_ATTN_EXT	name=node_1169	fuse=1	src0=f32[256,4,8]	src1=f16[256,1024,1]	dst=f32[256,8,4,1]	count=3	sum_us=118.292	min_us=39.000	max_us=39.667
OP	ntok=4	op=MUL_MAT	name=node_1171	fuse=1	src0=q4_0[2048,1536,1]	src1=f32[2048,4,1]	dst=f32[1536,4,1,1]	count=3	sum_us=78.417	min_us=26.000	max_us=26.333
OP	ntok=4	op=MUL_MAT	name=node_1184	fuse=1	src0=q4_0[1536,256,1]	src1=f32[1536,4,1]	dst=f32[256,4,1,1]	count=3	sum_us=49.166	min_us=16.250	max_us=16.542
OP	ntok=4	op=UNARY	name=node_1185	fuse=1	src0=f32[256,4,1]	src1=-[0,0,0]	dst=f32[256,4,1,1]	count=3	sum_us=22.833	min_us=7.500	max_us=7.833
OP	ntok=4	op=MUL	name=node_1187	fuse=1	src0=f32[256,4,1]	src1=f32[256,4,1]	dst=f32[256,4,1,1]	count=3	sum_us=23.458	min_us=7.417	max_us=8.167
OP	ntok=4	op=MUL_MAT	name=node_1188	fuse=1	src0=q4_0[256,1536,1]	src1=f32[256,4,1]	dst=f32[1536,4,1,1]	count=3	sum_us=27.000	min_us=8.792	max_us=9.125
OP	ntok=4	op=ADD	name=node_1191	fuse=1	src0=f32[1536,4,1]	src1=f32[1536,4,1]	dst=f32[1536,4,1,1]	count=3	sum_us=20.750	min_us=6.875	max_us=7.000
OP	ntok=4	op=FLASH_ATTN_EXT	name=node_1206	fuse=1	src0=f32[256,4,8]	src1=f16[256,1024,1]	dst=f32[256,8,4,1]	count=3	sum_us=117.333	min_us=38.667	max_us=39.958
OP	ntok=4	op=MUL_MAT	name=node_1208	fuse=1	src0=q4_0[2048,1536,1]	src1=f32[2048,4,1]	dst=f32[1536,4,1,1]	count=3	sum_us=74.583	min_us=24.542	max_us=25.208
OP	ntok=4	op=MUL_MAT	name=node_1221	fuse=1	src0=q4_0[1536,256,1]	src1=f32[1536,4,1]	dst=f32[256,4,1,1]	count=3	sum_us=49.250	min_us=16.292	max_us=16.500
OP	ntok=4	op=UNARY	name=node_1222	fuse=1	src0=f32[256,4,1]	src1=-[0,0,0]	dst=f32[256,4,1,1]	count=3	sum_us=22.333	min_us=7.167	max_us=7.792
OP	ntok=4	op=MUL	name=node_1224	fuse=1	src0=f32[256,4,1]	src1=f32[256,4,1]	dst=f32[256,4,1,1]	count=3	sum_us=21.125	min_us=6.750	max_us=7.333
OP	ntok=4	op=MUL_MAT	name=node_1225	fuse=1	src0=q4_0[256,1536,1]	src1=f32[256,4,1]	dst=f32[1536,4,1,1]	count=3	sum_us=28.542	min_us=9.125	max_us=10.042
OP	ntok=4	op=ADD	name=node_1228	fuse=1	src0=f32[1536,4,1]	src1=f32[1536,4,1]	dst=f32[1536,4,1,1]	count=3	sum_us=20.917	min_us=6.792	max_us=7.125
OP	ntok=4	op=FLASH_ATTN_EXT	name=node_1243	fuse=1	src0=f32[256,4,8]	src1=f16[256,1024,1]	dst=f32[256,8,4,1]	count=3	sum_us=121.042	min_us=40.208	max_us=40.458
OP	ntok=4	op=MUL_MAT	name=node_1245	fuse=1	src0=q4_0[2048,1536,1]	src1=f32[2048,4,1]	dst=f32[1536,4,1,1]	count=3	sum_us=69.917	min_us=23.083	max_us=23.625
OP	ntok=4	op=MUL_MAT	name=node_1258	fuse=1	src0=q4_0[1536,256,1]	src1=f32[1536,4,1]	dst=f32[256,4,1,1]	count=3	sum_us=51.208	min_us=16.250	max_us=17.583
OP	ntok=4	op=UNARY	name=node_1259	fuse=1	src0=f32[256,4,1]	src1=-[0,0,0]	dst=f32[256,4,1,1]	count=3	sum_us=22.750	min_us=7.417	max_us=7.708
OP	ntok=4	op=MUL	name=node_1261	fuse=1	src0=f32[256,4,1]	src1=f32[256,4,1]	dst=f32[256,4,1,1]	count=3	sum_us=21.708	min_us=7.125	max_us=7.375
OP	ntok=4	op=MUL_MAT	name=node_1262	fuse=1	src0=q4_0[256,1536,1]	src1=f32[256,4,1]	dst=f32[1536,4,1,1]	count=3	sum_us=27.292	min_us=9.000	max_us=9.167
OP	ntok=4	op=ADD	name=node_1265	fuse=1	src0=f32[1536,4,1]	src1=f32[1536,4,1]	dst=f32[1536,4,1,1]	count=3	sum_us=21.333	min_us=7.000	max_us=7.250
OP	ntok=4	op=FLASH_ATTN_EXT	name=node_1280	fuse=1	src0=f32[512,4,8]	src1=f16[512,1024,1]	dst=f32[512,8,4,1]	count=3	sum_us=348.875	min_us=110.417	max_us=123.917
OP	ntok=4	op=MUL_MAT	name=node_1282	fuse=1	src0=q4_0[4096,1536,1]	src1=f32[4096,4,1]	dst=f32[1536,4,1,1]	count=3	sum_us=119.458	min_us=39.250	max_us=40.583
OP	ntok=4	op=MUL_MAT	name=node_1295	fuse=1	src0=q4_0[1536,256,1]	src1=f32[1536,4,1]	dst=f32[256,4,1,1]	count=3	sum_us=57.083	min_us=18.958	max_us=19.125
OP	ntok=4	op=UNARY	name=node_1296	fuse=1	src0=f32[256,4,1]	src1=-[0,0,0]	dst=f32[256,4,1,1]	count=3	sum_us=23.750	min_us=7.750	max_us=8.000
OP	ntok=4	op=MUL	name=node_1298	fuse=1	src0=f32[256,4,1]	src1=f32[256,4,1]	dst=f32[256,4,1,1]	count=3	sum_us=21.750	min_us=7.208	max_us=7.292
OP	ntok=4	op=MUL_MAT	name=node_1299	fuse=1	src0=q4_0[256,1536,1]	src1=f32[256,4,1]	dst=f32[1536,4,1,1]	count=3	sum_us=27.292	min_us=9.083	max_us=9.125
OP	ntok=4	op=ADD	name=node_1302	fuse=1	src0=f32[1536,4,1]	src1=f32[1536,4,1]	dst=f32[1536,4,1,1]	count=3	sum_us=21.625	min_us=7.083	max_us=7.333
OP	ntok=4	op=FLASH_ATTN_EXT	name=node_1317	fuse=1	src0=f32[256,4,8]	src1=f16[256,1024,1]	dst=f32[256,8,4,1]	count=3	sum_us=130.625	min_us=43.125	max_us=44.000
OP	ntok=4	op=MUL_MAT	name=node_1319	fuse=1	src0=q4_0[2048,1536,1]	src1=f32[2048,4,1]	dst=f32[1536,4,1,1]	count=3	sum_us=77.750	min_us=25.750	max_us=26.000
OP	ntok=4	op=MUL_MAT	name=node_1332	fuse=1	src0=q4_0[1536,256,1]	src1=f32[1536,4,1]	dst=f32[256,4,1,1]	count=3	sum_us=59.708	min_us=19.750	max_us=20.167
OP	ntok=4	op=UNARY	name=node_1333	fuse=1	src0=f32[256,4,1]	src1=-[0,0,0]	dst=f32[256,4,1,1]	count=3	sum_us=21.792	min_us=7.125	max_us=7.375
OP	ntok=4	op=MUL	name=node_1335	fuse=1	src0=f32[256,4,1]	src1=f32[256,4,1]	dst=f32[256,4,1,1]	count=3	sum_us=20.667	min_us=6.583	max_us=7.208
OP	ntok=4	op=MUL_MAT	name=node_1336	fuse=1	src0=q4_0[256,1536,1]	src1=f32[256,4,1]	dst=f32[1536,4,1,1]	count=3	sum_us=27.458	min_us=8.875	max_us=9.333
OP	ntok=4	op=ADD	name=node_1339	fuse=1	src0=f32[1536,4,1]	src1=f32[1536,4,1]	dst=f32[1536,4,1,1]	count=3	sum_us=21.000	min_us=6.750	max_us=7.292
OP	ntok=4	op=FLASH_ATTN_EXT	name=node_1354	fuse=1	src0=f32[256,4,8]	src1=f16[256,1024,1]	dst=f32[256,8,4,1]	count=3	sum_us=120.875	min_us=39.375	max_us=40.958
OP	ntok=4	op=MUL_MAT	name=node_1356	fuse=1	src0=q4_0[2048,1536,1]	src1=f32[2048,4,1]	dst=f32[1536,4,1,1]	count=3	sum_us=70.292	min_us=23.125	max_us=23.625
OP	ntok=4	op=MUL_MAT	name=node_1369	fuse=1	src0=q4_0[1536,256,1]	src1=f32[1536,4,1]	dst=f32[256,4,1,1]	count=3	sum_us=48.750	min_us=16.000	max_us=16.583
OP	ntok=4	op=UNARY	name=node_1370	fuse=1	src0=f32[256,4,1]	src1=-[0,0,0]	dst=f32[256,4,1,1]	count=3	sum_us=22.792	min_us=7.375	max_us=7.792
OP	ntok=4	op=MUL	name=node_1372	fuse=1	src0=f32[256,4,1]	src1=f32[256,4,1]	dst=f32[256,4,1,1]	count=3	sum_us=21.917	min_us=7.042	max_us=7.500
OP	ntok=4	op=MUL_MAT	name=node_1373	fuse=1	src0=q4_0[256,1536,1]	src1=f32[256,4,1]	dst=f32[1536,4,1,1]	count=3	sum_us=26.958	min_us=8.792	max_us=9.125
OP	ntok=4	op=ADD	name=node_1376	fuse=1	src0=f32[1536,4,1]	src1=f32[1536,4,1]	dst=f32[1536,4,1,1]	count=3	sum_us=21.667	min_us=7.125	max_us=7.292
OP	ntok=4	op=FLASH_ATTN_EXT	name=node_1391	fuse=1	src0=f32[256,4,8]	src1=f16[256,1024,1]	dst=f32[256,8,4,1]	count=3	sum_us=119.250	min_us=39.500	max_us=40.167
OP	ntok=4	op=MUL_MAT	name=node_1393	fuse=1	src0=q4_0[2048,1536,1]	src1=f32[2048,4,1]	dst=f32[1536,4,1,1]	count=3	sum_us=75.375	min_us=24.625	max_us=25.625
OP	ntok=4	op=MUL_MAT	name=node_1406	fuse=1	src0=q4_0[1536,256,1]	src1=f32[1536,4,1]	dst=f32[256,4,1,1]	count=3	sum_us=61.042	min_us=19.250	max_us=22.500
OP	ntok=4	op=UNARY	name=node_1407	fuse=1	src0=f32[256,4,1]	src1=-[0,0,0]	dst=f32[256,4,1,1]	count=3	sum_us=22.625	min_us=7.250	max_us=7.750
OP	ntok=4	op=MUL	name=node_1409	fuse=1	src0=f32[256,4,1]	src1=f32[256,4,1]	dst=f32[256,4,1,1]	count=3	sum_us=22.542	min_us=6.500	max_us=9.542
OP	ntok=4	op=MUL_MAT	name=node_1410	fuse=1	src0=q4_0[256,1536,1]	src1=f32[256,4,1]	dst=f32[1536,4,1,1]	count=3	sum_us=26.833	min_us=8.875	max_us=9.000
OP	ntok=4	op=ADD	name=node_1413	fuse=1	src0=f32[1536,4,1]	src1=f32[1536,4,1]	dst=f32[1536,4,1,1]	count=3	sum_us=20.625	min_us=6.750	max_us=7.000
OP	ntok=4	op=FLASH_ATTN_EXT	name=node_1428	fuse=1	src0=f32[256,4,8]	src1=f16[256,1024,1]	dst=f32[256,8,4,1]	count=3	sum_us=118.250	min_us=39.167	max_us=39.667
OP	ntok=4	op=MUL_MAT	name=node_1430	fuse=1	src0=q4_0[2048,1536,1]	src1=f32[2048,4,1]	dst=f32[1536,4,1,1]	count=3	sum_us=72.458	min_us=23.875	max_us=24.708
OP	ntok=4	op=MUL_MAT	name=node_1443	fuse=1	src0=q4_0[1536,256,1]	src1=f32[1536,4,1]	dst=f32[256,4,1,1]	count=3	sum_us=57.542	min_us=18.167	max_us=20.833
OP	ntok=4	op=UNARY	name=node_1444	fuse=1	src0=f32[256,4,1]	src1=-[0,0,0]	dst=f32[256,4,1,1]	count=3	sum_us=22.333	min_us=7.250	max_us=7.583
OP	ntok=4	op=MUL	name=node_1446	fuse=1	src0=f32[256,4,1]	src1=f32[256,4,1]	dst=f32[256,4,1,1]	count=3	sum_us=20.833	min_us=6.667	max_us=7.167
OP	ntok=4	op=MUL_MAT	name=node_1447	fuse=1	src0=q4_0[256,1536,1]	src1=f32[256,4,1]	dst=f32[1536,4,1,1]	count=3	sum_us=27.500	min_us=9.000	max_us=9.292
OP	ntok=4	op=ADD	name=node_1450	fuse=1	src0=f32[1536,4,1]	src1=f32[1536,4,1]	dst=f32[1536,4,1,1]	count=3	sum_us=20.958	min_us=6.875	max_us=7.125
OP	ntok=4	op=FLASH_ATTN_EXT	name=node_1465	fuse=1	src0=f32[512,4,8]	src1=f16[512,1024,1]	dst=f32[512,8,4,1]	count=3	sum_us=370.708	min_us=122.042	max_us=124.375
OP	ntok=4	op=MUL_MAT	name=node_1467	fuse=1	src0=q4_0[4096,1536,1]	src1=f32[4096,4,1]	dst=f32[1536,4,1,1]	count=3	sum_us=120.208	min_us=38.875	max_us=41.333
OP	ntok=4	op=MUL_MAT	name=node_1480	fuse=1	src0=q4_0[1536,256,1]	src1=f32[1536,4,1]	dst=f32[256,4,1,1]	count=3	sum_us=50.500	min_us=16.292	max_us=17.458
OP	ntok=4	op=UNARY	name=node_1481	fuse=1	src0=f32[256,4,1]	src1=-[0,0,0]	dst=f32[256,4,1,1]	count=3	sum_us=21.208	min_us=6.667	max_us=7.708
OP	ntok=4	op=MUL	name=node_1483	fuse=1	src0=f32[256,4,1]	src1=f32[256,4,1]	dst=f32[256,4,1,1]	count=3	sum_us=21.042	min_us=6.750	max_us=7.417
OP	ntok=4	op=MUL_MAT	name=node_1484	fuse=1	src0=q4_0[256,1536,1]	src1=f32[256,4,1]	dst=f32[1536,4,1,1]	count=3	sum_us=28.125	min_us=8.917	max_us=10.000
OP	ntok=4	op=ADD	name=node_1487	fuse=1	src0=f32[1536,4,1]	src1=f32[1536,4,1]	dst=f32[1536,4,1,1]	count=3	sum_us=21.333	min_us=6.750	max_us=7.458
OP	ntok=4	op=GET_ROWS	name=result_norm	fuse=1	src0=f32[1536,4,1]	src1=i32[1,1,1]	dst=f32[1536,1,1,1]	count=3	sum_us=22.625	min_us=6.000	max_us=8.625
OP	ntok=4	op=MUL_MAT	name=node_1492	fuse=1	src0=q6_K[1536,262144,1]	src1=f32[1536,1,1]	dst=f32[262144,1,1,1]	count=3	sum_us=2832.000	min_us=942.375	max_us=944.875
OP	ntok=4	op=SCALE	name=node_1493	fuse=1	src0=f32[262144,1,1]	src1=-[0,0,0]	dst=f32[262144,1,1,1]	count=3	sum_us=34.000	min_us=11.250	max_us=11.500
OP	ntok=4	op=UNARY	name=node_1494	fuse=1	src0=f32[262144,1,1]	src1=-[0,0,0]	dst=f32[262144,1,1,1]	count=3	sum_us=38.875	min_us=12.333	max_us=14.125
OP	ntok=4	op=SCALE	name=result_output	fuse=1	src0=f32[262144,1,1]	src1=-[0,0,0]	dst=f32[262144,1,1,1]	count=3	sum_us=29.333	min_us=9.583	max_us=10.125
OP	ntok=1	op=SCALE	name=inp_per_layer_selected	fuse=1	src0=f32[256,35,1]	src1=-[0,0,0]	dst=f32[256,35,1,1]	count=381	sum_us=2261.250	min_us=5.542	max_us=10.458
OP	ntok=1	op=SCALE	name=inp_scaled	fuse=1	src0=f32[1536,1,1]	src1=-[0,0,0]	dst=f32[1536,1,1,1]	count=381	sum_us=1908.957	min_us=4.458	max_us=29.333
OP	ntok=1	op=RMS_NORM	name=norm	fuse=2	src0=f32[1536,1,1]	src1=-[0,0,0]	dst=f32[1536,1,1,1]	count=40386	sum_us=297033.054	min_us=6.375	max_us=18.500
OP	ntok=1	op=MUL_MAT	name=Qcur	fuse=1	src0=q4_0[1536,2048,1]	src1=f32[1536,1,1]	dst=f32[2048,1,1,1]	count=10668	sum_us=131633.044	min_us=11.125	max_us=18.750
OP	ntok=1	op=MUL_MAT	name=Kcur	fuse=1	src0=q4_0[1536,256,1]	src1=f32[1536,1,1]	dst=f32[256,1,1,1]	count=4572	sum_us=43428.253	min_us=8.625	max_us=12.750
OP	ntok=1	op=MUL_MAT	name=Vcur	fuse=1	src0=q4_0[1536,256,1]	src1=f32[1536,1,1]	dst=f32[256,1,1,1]	count=4572	sum_us=44250.963	min_us=8.792	max_us=14.292
OP	ntok=1	op=RMS_NORM	name=norm	fuse=2	src0=f32[256,8,1]	src1=-[0,0,0]	dst=f32[256,8,1,1]	count=10668	sum_us=75900.638	min_us=5.917	max_us=19.125
OP	ntok=1	op=RMS_NORM	name=norm	fuse=2	src0=f32[256,1,1]	src1=-[0,0,0]	dst=f32[256,1,1,1]	count=4572	sum_us=32012.460	min_us=6.167	max_us=11.208
OP	ntok=1	op=RMS_NORM	name=Vcur_normed	fuse=1	src0=f32[256,1,1]	src1=-[0,0,0]	dst=f32[256,1,1,1]	count=4572	sum_us=26716.368	min_us=5.042	max_us=10.250
OP	ntok=1	op=ROPE	name=Qcur_pos	fuse=1	src0=f32[256,8,1]	src1=i32[1,1,1]	dst=f32[256,8,1,1]	count=10668	sum_us=69122.455	min_us=5.417	max_us=13.583
OP	ntok=1	op=ROPE	name=Kcur_pos	fuse=1	src0=f32[256,1,1]	src1=i32[1,1,1]	dst=f32[256,1,1,1]	count=4572	sum_us=27766.245	min_us=5.417	max_us=10.375
OP	ntok=1	op=SET_ROWS	name=cache_v_l0 (view)	fuse=1	src0=f32[256,1,1]	src1=i64[1,1,1]	dst=f16[256,1024,1,1]	count=381	sum_us=2530.875	min_us=6.250	max_us=7.625
OP	ntok=1	op=SET_ROWS	name=cache_k_l0 (view)	fuse=1	src0=f32[256,1,1]	src1=i64[1,1,1]	dst=f16[256,1024,1,1]	count=381	sum_us=2382.875	min_us=5.792	max_us=9.917
OP	ntok=1	op=MUL_MAT	name=node_47	fuse=1	src0=f16[1536,8960,1]	src1=f32[1536,1,1]	dst=f32[8960,1,1,1]	count=381	sum_us=32050.251	min_us=81.000	max_us=101.958
OP	ntok=1	op=FLASH_ATTN_EXT	name=node_30	fuse=1	src0=f32[256,1,8]	src1=f16[256,1024,1]	dst=f32[256,8,1,1]	count=381	sum_us=10795.833	min_us=26.917	max_us=33.250
OP	ntok=1	op=SCALE	name=node_48	fuse=1	src0=f32[8960,1,1]	src1=-[0,0,0]	dst=f32[8960,1,1,1]	count=381	sum_us=2305.291	min_us=5.375	max_us=6.917
OP	ntok=1	op=MUL_MAT	name=node_32	fuse=1	src0=q4_0[2048,1536,1]	src1=f32[2048,1,1]	dst=f32[1536,1,1,1]	count=381	sum_us=5597.499	min_us=13.625	max_us=16.500
OP	ntok=1	op=RMS_NORM	name=norm	fuse=3	src0=f32[256,35,1]	src1=-[0,0,0]	dst=f32[256,35,1,1]	count=381	sum_us=3299.959	min_us=8.083	max_us=9.708
OP	ntok=1	op=RMS_NORM	name=norm	fuse=3	src0=f32[1536,1,1]	src1=-[0,0,0]	dst=f32[1536,1,1,1]	count=26670	sum_us=216284.706	min_us=7.250	max_us=16.500
OP	ntok=1	op=SCALE	name=inp_per_layer	fuse=1	src0=f32[256,35,1]	src1=-[0,0,0]	dst=f32[256,35,1,1]	count=381	sum_us=2293.750	min_us=5.583	max_us=6.875
OP	ntok=1	op=MUL_MAT	name=ffn_gate	fuse=1	src0=q4_0[1536,6144,1]	src1=f32[1536,1,1]	dst=f32[6144,1,1,1]	count=5715	sum_us=131539.708	min_us=21.500	max_us=45.542
OP	ntok=1	op=MUL_MAT	name=ffn_up	fuse=1	src0=q4_0[1536,6144,1]	src1=f32[1536,1,1]	dst=f32[6144,1,1,1]	count=5715	sum_us=132093.545	min_us=21.375	max_us=30.167
OP	ntok=1	op=CONT	name=inp_per_layer (permuted) (cont)	fuse=1	src0=f32[256,1,35]	src1=-[0,0,0]	dst=f32[256,1,35,1]	count=381	sum_us=3819.166	min_us=9.542	max_us=11.042
OP	ntok=1	op=GLU	name=ffn_geglu	fuse=1	src0=f32[6144,1,1]	src1=f32[6144,1,1]	dst=f32[6144,1,1,1]	count=5715	sum_us=58609.208	min_us=8.375	max_us=15.292
OP	ntok=1	op=MUL_MAT	name=ffn_out	fuse=1	src0=q4_0[6144,1536,1]	src1=f32[6144,1,1]	dst=f32[1536,1,1,1]	count=5715	sum_us=138957.166	min_us=22.292	max_us=31.875
OP	ntok=1	op=MUL_MAT	name=node_45	fuse=1	src0=q4_0[1536,256,1]	src1=f32[1536,1,1]	dst=f32[256,1,1,1]	count=381	sum_us=3743.167	min_us=9.125	max_us=15.000
OP	ntok=1	op=UNARY	name=node_46	fuse=1	src0=f32[256,1,1]	src1=-[0,0,0]	dst=f32[256,1,1,1]	count=381	sum_us=2539.334	min_us=6.000	max_us=7.958
OP	ntok=1	op=MUL	name=node_57	fuse=1	src0=f32[256,1,1]	src1=f32[256,1,1]	dst=f32[256,1,1,1]	count=381	sum_us=1752.585	min_us=4.167	max_us=5.833
OP	ntok=1	op=MUL_MAT	name=node_58	fuse=1	src0=q4_0[256,1536,1]	src1=f32[256,1,1]	dst=f32[1536,1,1,1]	count=381	sum_us=2901.415	min_us=7.125	max_us=8.792
OP	ntok=1	op=ADD	name=node_61	fuse=1	src0=f32[1536,1,1]	src1=f32[1536,1,1]	dst=f32[1536,1,1,1]	count=381	sum_us=1857.333	min_us=4.500	max_us=8.542
OP	ntok=1	op=MUL	name=l_out	fuse=1	src0=f32[1536,1,1]	src1=f32[1,1,1]	dst=f32[1536,1,1,1]	count=13335	sum_us=80431.281	min_us=5.208	max_us=22.875
OP	ntok=1	op=SET_ROWS	name=cache_v_l1 (view)	fuse=1	src0=f32[256,1,1]	src1=i64[1,1,1]	dst=f16[256,1024,1,1]	count=381	sum_us=2481.083	min_us=6.125	max_us=8.708
OP	ntok=1	op=SET_ROWS	name=cache_k_l1 (view)	fuse=1	src0=f32[256,1,1]	src1=i64[1,1,1]	dst=f16[256,1024,1,1]	count=381	sum_us=2356.625	min_us=5.750	max_us=8.250
OP	ntok=1	op=FLASH_ATTN_EXT	name=node_88	fuse=1	src0=f32[256,1,8]	src1=f16[256,1024,1]	dst=f32[256,8,1,1]	count=381	sum_us=9976.376	min_us=25.250	max_us=36.500
OP	ntok=1	op=MUL_MAT	name=node_90	fuse=1	src0=q4_0[2048,1536,1]	src1=f32[2048,1,1]	dst=f32[1536,1,1,1]	count=381	sum_us=4998.042	min_us=12.375	max_us=16.042
OP	ntok=1	op=MUL_MAT	name=node_103	fuse=1	src0=q4_0[1536,256,1]	src1=f32[1536,1,1]	dst=f32[256,1,1,1]	count=381	sum_us=3599.751	min_us=8.833	max_us=10.875
OP	ntok=1	op=UNARY	name=node_104	fuse=1	src0=f32[256,1,1]	src1=-[0,0,0]	dst=f32[256,1,1,1]	count=381	sum_us=2286.000	min_us=5.625	max_us=7.750
OP	ntok=1	op=MUL	name=node_106	fuse=1	src0=f32[256,1,1]	src1=f32[256,1,1]	dst=f32[256,1,1,1]	count=381	sum_us=1762.168	min_us=4.208	max_us=5.875
OP	ntok=1	op=MUL_MAT	name=node_107	fuse=1	src0=q4_0[256,1536,1]	src1=f32[256,1,1]	dst=f32[1536,1,1,1]	count=381	sum_us=2806.959	min_us=6.833	max_us=8.875
OP	ntok=1	op=ADD	name=node_110	fuse=1	src0=f32[1536,1,1]	src1=f32[1536,1,1]	dst=f32[1536,1,1,1]	count=381	sum_us=1703.583	min_us=4.042	max_us=5.708
OP	ntok=1	op=SET_ROWS	name=cache_v_l2 (view)	fuse=1	src0=f32[256,1,1]	src1=i64[1,1,1]	dst=f16[256,1024,1,1]	count=381	sum_us=2379.500	min_us=5.833	max_us=7.375
OP	ntok=1	op=SET_ROWS	name=cache_k_l2 (view)	fuse=1	src0=f32[256,1,1]	src1=i64[1,1,1]	dst=f16[256,1024,1,1]	count=381	sum_us=2348.790	min_us=5.750	max_us=7.250
OP	ntok=1	op=FLASH_ATTN_EXT	name=node_137	fuse=1	src0=f32[256,1,8]	src1=f16[256,1024,1]	dst=f32[256,8,1,1]	count=381	sum_us=10031.623	min_us=24.917	max_us=29.625
OP	ntok=1	op=MUL_MAT	name=node_139	fuse=1	src0=q4_0[2048,1536,1]	src1=f32[2048,1,1]	dst=f32[1536,1,1,1]	count=381	sum_us=4767.249	min_us=11.833	max_us=13.958
OP	ntok=1	op=MUL_MAT	name=node_152	fuse=1	src0=q4_0[1536,256,1]	src1=f32[1536,1,1]	dst=f32[256,1,1,1]	count=381	sum_us=3591.957	min_us=8.667	max_us=10.500
OP	ntok=1	op=UNARY	name=node_153	fuse=1	src0=f32[256,1,1]	src1=-[0,0,0]	dst=f32[256,1,1,1]	count=381	sum_us=2421.458	min_us=5.625	max_us=20.167
OP	ntok=1	op=MUL	name=node_155	fuse=1	src0=f32[256,1,1]	src1=f32[256,1,1]	dst=f32[256,1,1,1]	count=381	sum_us=1772.581	min_us=4.250	max_us=5.500
OP	ntok=1	op=MUL_MAT	name=node_156	fuse=1	src0=q4_0[256,1536,1]	src1=f32[256,1,1]	dst=f32[1536,1,1,1]	count=381	sum_us=2798.458	min_us=6.792	max_us=8.000
OP	ntok=1	op=ADD	name=node_159	fuse=1	src0=f32[1536,1,1]	src1=f32[1536,1,1]	dst=f32[1536,1,1,1]	count=381	sum_us=1716.041	min_us=4.042	max_us=5.500
OP	ntok=1	op=SET_ROWS	name=cache_v_l3 (view)	fuse=1	src0=f32[256,1,1]	src1=i64[1,1,1]	dst=f16[256,1024,1,1]	count=381	sum_us=2428.209	min_us=5.833	max_us=7.083
OP	ntok=1	op=SET_ROWS	name=cache_k_l3 (view)	fuse=1	src0=f32[256,1,1]	src1=i64[1,1,1]	dst=f16[256,1024,1,1]	count=381	sum_us=2411.917	min_us=5.792	max_us=6.958
OP	ntok=1	op=FLASH_ATTN_EXT	name=node_186	fuse=1	src0=f32[256,1,8]	src1=f16[256,1024,1]	dst=f32[256,8,1,1]	count=381	sum_us=10080.166	min_us=24.625	max_us=30.250
OP	ntok=1	op=MUL_MAT	name=node_188	fuse=1	src0=q4_0[2048,1536,1]	src1=f32[2048,1,1]	dst=f32[1536,1,1,1]	count=381	sum_us=4939.834	min_us=12.167	max_us=13.917
OP	ntok=1	op=MUL_MAT	name=node_201	fuse=1	src0=q4_0[1536,256,1]	src1=f32[1536,1,1]	dst=f32[256,1,1,1]	count=381	sum_us=3647.250	min_us=8.875	max_us=10.375
OP	ntok=1	op=UNARY	name=node_202	fuse=1	src0=f32[256,1,1]	src1=-[0,0,0]	dst=f32[256,1,1,1]	count=381	sum_us=2693.415	min_us=6.125	max_us=12.125
OP	ntok=1	op=MUL	name=node_204	fuse=1	src0=f32[256,1,1]	src1=f32[256,1,1]	dst=f32[256,1,1,1]	count=381	sum_us=1803.748	min_us=4.333	max_us=5.500
OP	ntok=1	op=MUL_MAT	name=node_205	fuse=1	src0=q4_0[256,1536,1]	src1=f32[256,1,1]	dst=f32[1536,1,1,1]	count=381	sum_us=2881.834	min_us=7.000	max_us=8.708
OP	ntok=1	op=ADD	name=node_208	fuse=1	src0=f32[1536,1,1]	src1=f32[1536,1,1]	dst=f32[1536,1,1,1]	count=381	sum_us=1768.081	min_us=4.083	max_us=8.792
OP	ntok=1	op=MUL_MAT	name=Qcur	fuse=1	src0=q4_0[1536,4096,1]	src1=f32[1536,1,1]	dst=f32[4096,1,1,1]	count=2667	sum_us=47832.375	min_us=16.417	max_us=26.125
OP	ntok=1	op=MUL_MAT	name=Kcur	fuse=1	src0=q4_0[1536,512,1]	src1=f32[1536,1,1]	dst=f32[512,1,1,1]	count=1143	sum_us=11628.874	min_us=9.292	max_us=17.208
OP	ntok=1	op=MUL_MAT	name=Vcur	fuse=1	src0=q4_0[1536,512,1]	src1=f32[1536,1,1]	dst=f32[512,1,1,1]	count=1143	sum_us=11628.083	min_us=9.250	max_us=14.958
OP	ntok=1	op=RMS_NORM	name=norm	fuse=2	src0=f32[512,8,1]	src1=-[0,0,0]	dst=f32[512,8,1,1]	count=2667	sum_us=19479.667	min_us=6.375	max_us=14.083
OP	ntok=1	op=RMS_NORM	name=norm	fuse=2	src0=f32[512,1,1]	src1=-[0,0,0]	dst=f32[512,1,1,1]	count=1143	sum_us=8104.749	min_us=6.083	max_us=11.792
OP	ntok=1	op=RMS_NORM	name=Vcur_normed	fuse=1	src0=f32[512,1,1]	src1=-[0,0,0]	dst=f32[512,1,1,1]	count=1143	sum_us=6956.917	min_us=5.083	max_us=11.250
OP	ntok=1	op=ROPE	name=Qcur_pos	fuse=1	src0=f32[512,8,1]	src1=i32[1,1,1]	dst=f32[512,8,1,1]	count=2667	sum_us=18641.707	min_us=6.000	max_us=13.292
OP	ntok=1	op=ROPE	name=Kcur_pos	fuse=1	src0=f32[512,1,1]	src1=i32[1,1,1]	dst=f32[512,1,1,1]	count=1143	sum_us=7479.416	min_us=5.792	max_us=15.000
OP	ntok=1	op=SET_ROWS	name=cache_v_l4 (view)	fuse=1	src0=f32[512,1,1]	src1=i64[1,1,1]	dst=f16[512,4096,1,1]	count=381	sum_us=2674.209	min_us=6.292	max_us=7.750
OP	ntok=1	op=SET_ROWS	name=cache_k_l4 (view)	fuse=1	src0=f32[512,1,1]	src1=i64[1,1,1]	dst=f16[512,4096,1,1]	count=381	sum_us=2519.000	min_us=6.208	max_us=7.292
OP	ntok=1	op=FLASH_ATTN_EXT	name=node_235	fuse=1	src0=f32[512,1,8]	src1=f16[512,1024,1]	dst=f32[512,8,1,1]	count=159	sum_us=8568.500	min_us=51.833	max_us=58.875
OP	ntok=1	op=MUL_MAT	name=node_237	fuse=1	src0=q4_0[4096,1536,1]	src1=f32[4096,1,1]	dst=f32[1536,1,1,1]	count=381	sum_us=7085.458	min_us=17.750	max_us=20.875
OP	ntok=1	op=MUL_MAT	name=node_250	fuse=1	src0=q4_0[1536,256,1]	src1=f32[1536,1,1]	dst=f32[256,1,1,1]	count=381	sum_us=3672.418	min_us=9.000	max_us=10.458
OP	ntok=1	op=UNARY	name=node_251	fuse=1	src0=f32[256,1,1]	src1=-[0,0,0]	dst=f32[256,1,1,1]	count=381	sum_us=2625.623	min_us=6.250	max_us=10.208
OP	ntok=1	op=MUL	name=node_253	fuse=1	src0=f32[256,1,1]	src1=f32[256,1,1]	dst=f32[256,1,1,1]	count=381	sum_us=1856.917	min_us=4.375	max_us=5.500
OP	ntok=1	op=MUL_MAT	name=node_254	fuse=1	src0=q4_0[256,1536,1]	src1=f32[256,1,1]	dst=f32[1536,1,1,1]	count=381	sum_us=2893.707	min_us=7.042	max_us=8.125
OP	ntok=1	op=ADD	name=node_257	fuse=1	src0=f32[1536,1,1]	src1=f32[1536,1,1]	dst=f32[1536,1,1,1]	count=381	sum_us=1770.458	min_us=4.125	max_us=6.250
OP	ntok=1	op=SET_ROWS	name=cache_v_l5 (view)	fuse=1	src0=f32[256,1,1]	src1=i64[1,1,1]	dst=f16[256,1024,1,1]	count=381	sum_us=2452.917	min_us=5.750	max_us=7.333
OP	ntok=1	op=SET_ROWS	name=cache_k_l5 (view)	fuse=1	src0=f32[256,1,1]	src1=i64[1,1,1]	dst=f16[256,1024,1,1]	count=381	sum_us=2431.208	min_us=5.750	max_us=7.042
OP	ntok=1	op=FLASH_ATTN_EXT	name=node_284	fuse=1	src0=f32[256,1,8]	src1=f16[256,1024,1]	dst=f32[256,8,1,1]	count=381	sum_us=10971.333	min_us=26.792	max_us=30.583
OP	ntok=1	op=MUL_MAT	name=node_286	fuse=1	src0=q4_0[2048,1536,1]	src1=f32[2048,1,1]	dst=f32[1536,1,1,1]	count=381	sum_us=4957.832	min_us=12.167	max_us=13.875
OP	ntok=1	op=MUL_MAT	name=node_299	fuse=1	src0=q4_0[1536,256,1]	src1=f32[1536,1,1]	dst=f32[256,1,1,1]	count=381	sum_us=3652.167	min_us=8.792	max_us=10.542
OP	ntok=1	op=UNARY	name=node_300	fuse=1	src0=f32[256,1,1]	src1=-[0,0,0]	dst=f32[256,1,1,1]	count=381	sum_us=2543.291	min_us=5.917	max_us=7.583
OP	ntok=1	op=MUL	name=node_302	fuse=1	src0=f32[256,1,1]	src1=f32[256,1,1]	dst=f32[256,1,1,1]	count=381	sum_us=1822.293	min_us=4.250	max_us=5.500
OP	ntok=1	op=MUL_MAT	name=node_303	fuse=1	src0=q4_0[256,1536,1]	src1=f32[256,1,1]	dst=f32[1536,1,1,1]	count=381	sum_us=2927.208	min_us=7.042	max_us=8.625
OP	ntok=1	op=ADD	name=node_306	fuse=1	src0=f32[1536,1,1]	src1=f32[1536,1,1]	dst=f32[1536,1,1,1]	count=381	sum_us=1747.417	min_us=4.125	max_us=5.500
OP	ntok=1	op=SET_ROWS	name=cache_v_l6 (view)	fuse=1	src0=f32[256,1,1]	src1=i64[1,1,1]	dst=f16[256,1024,1,1]	count=381	sum_us=2430.917	min_us=5.750	max_us=6.958
OP	ntok=1	op=SET_ROWS	name=cache_k_l6 (view)	fuse=1	src0=f32[256,1,1]	src1=i64[1,1,1]	dst=f16[256,1024,1,1]	count=381	sum_us=2404.125	min_us=5.625	max_us=7.000
OP	ntok=1	op=FLASH_ATTN_EXT	name=node_333	fuse=1	src0=f32[256,1,8]	src1=f16[256,1024,1]	dst=f32[256,8,1,1]	count=381	sum_us=9922.292	min_us=24.583	max_us=27.500
OP	ntok=1	op=MUL_MAT	name=node_335	fuse=1	src0=q4_0[2048,1536,1]	src1=f32[2048,1,1]	dst=f32[1536,1,1,1]	count=381	sum_us=4833.584	min_us=12.000	max_us=13.583
OP	ntok=1	op=MUL_MAT	name=node_348	fuse=1	src0=q4_0[1536,256,1]	src1=f32[1536,1,1]	dst=f32[256,1,1,1]	count=381	sum_us=3668.958	min_us=8.667	max_us=14.333
OP	ntok=1	op=UNARY	name=node_349	fuse=1	src0=f32[256,1,1]	src1=-[0,0,0]	dst=f32[256,1,1,1]	count=381	sum_us=2562.042	min_us=6.000	max_us=10.125
OP	ntok=1	op=MUL	name=node_351	fuse=1	src0=f32[256,1,1]	src1=f32[256,1,1]	dst=f32[256,1,1,1]	count=381	sum_us=1811.958	min_us=4.292	max_us=8.750
OP	ntok=1	op=MUL_MAT	name=node_352	fuse=1	src0=q4_0[256,1536,1]	src1=f32[256,1,1]	dst=f32[1536,1,1,1]	count=381	sum_us=2855.208	min_us=6.833	max_us=8.375
OP	ntok=1	op=ADD	name=node_355	fuse=1	src0=f32[1536,1,1]	src1=f32[1536,1,1]	dst=f32[1536,1,1,1]	count=381	sum_us=1744.166	min_us=4.083	max_us=5.333
OP	ntok=1	op=SET_ROWS	name=cache_v_l7 (view)	fuse=1	src0=f32[256,1,1]	src1=i64[1,1,1]	dst=f16[256,1024,1,1]	count=381	sum_us=2448.707	min_us=5.875	max_us=9.792
OP	ntok=1	op=SET_ROWS	name=cache_k_l7 (view)	fuse=1	src0=f32[256,1,1]	src1=i64[1,1,1]	dst=f16[256,1024,1,1]	count=381	sum_us=2411.500	min_us=5.708	max_us=7.167
OP	ntok=1	op=FLASH_ATTN_EXT	name=node_382	fuse=1	src0=f32[256,1,8]	src1=f16[256,1024,1]	dst=f32[256,8,1,1]	count=381	sum_us=10742.918	min_us=26.208	max_us=33.125
OP	ntok=1	op=MUL_MAT	name=node_384	fuse=1	src0=q4_0[2048,1536,1]	src1=f32[2048,1,1]	dst=f32[1536,1,1,1]	count=381	sum_us=4938.626	min_us=12.125	max_us=14.333
OP	ntok=1	op=MUL_MAT	name=node_397	fuse=1	src0=q4_0[1536,256,1]	src1=f32[1536,1,1]	dst=f32[256,1,1,1]	count=381	sum_us=3689.999	min_us=8.875	max_us=12.167
OP	ntok=1	op=UNARY	name=node_398	fuse=1	src0=f32[256,1,1]	src1=-[0,0,0]	dst=f32[256,1,1,1]	count=381	sum_us=2657.582	min_us=6.292	max_us=11.125
OP	ntok=1	op=MUL	name=node_400	fuse=1	src0=f32[256,1,1]	src1=f32[256,1,1]	dst=f32[256,1,1,1]	count=381	sum_us=1848.751	min_us=4.417	max_us=7.625
OP	ntok=1	op=MUL_MAT	name=node_401	fuse=1	src0=q4_0[256,1536,1]	src1=f32[256,1,1]	dst=f32[1536,1,1,1]	count=381	sum_us=2905.501	min_us=6.833	max_us=8.250
OP	ntok=1	op=ADD	name=node_404	fuse=1	src0=f32[1536,1,1]	src1=f32[1536,1,1]	dst=f32[1536,1,1,1]	count=381	sum_us=1760.457	min_us=4.125	max_us=8.500
OP	ntok=1	op=SET_ROWS	name=cache_v_l8 (view)	fuse=1	src0=f32[256,1,1]	src1=i64[1,1,1]	dst=f16[256,1024,1,1]	count=381	sum_us=2428.166	min_us=5.792	max_us=7.333
OP	ntok=1	op=SET_ROWS	name=cache_k_l8 (view)	fuse=1	src0=f32[256,1,1]	src1=i64[1,1,1]	dst=f16[256,1024,1,1]	count=381	sum_us=2459.251	min_us=5.750	max_us=26.125
OP	ntok=1	op=FLASH_ATTN_EXT	name=node_431	fuse=1	src0=f32[256,1,8]	src1=f16[256,1024,1]	dst=f32[256,8,1,1]	count=381	sum_us=10368.458	min_us=25.167	max_us=33.375
OP	ntok=1	op=MUL_MAT	name=node_433	fuse=1	src0=q4_0[2048,1536,1]	src1=f32[2048,1,1]	dst=f32[1536,1,1,1]	count=381	sum_us=4864.126	min_us=12.042	max_us=17.250
OP	ntok=1	op=MUL_MAT	name=node_446	fuse=1	src0=q4_0[1536,256,1]	src1=f32[1536,1,1]	dst=f32[256,1,1,1]	count=381	sum_us=3689.958	min_us=8.792	max_us=14.083
OP	ntok=1	op=UNARY	name=node_447	fuse=1	src0=f32[256,1,1]	src1=-[0,0,0]	dst=f32[256,1,1,1]	count=381	sum_us=2710.709	min_us=6.375	max_us=10.833
OP	ntok=1	op=MUL	name=node_449	fuse=1	src0=f32[256,1,1]	src1=f32[256,1,1]	dst=f32[256,1,1,1]	count=381	sum_us=1857.667	min_us=4.292	max_us=9.125
OP	ntok=1	op=MUL_MAT	name=node_450	fuse=1	src0=q4_0[256,1536,1]	src1=f32[256,1,1]	dst=f32[1536,1,1,1]	count=381	sum_us=2877.292	min_us=6.875	max_us=9.875
OP	ntok=1	op=ADD	name=node_453	fuse=1	src0=f32[1536,1,1]	src1=f32[1536,1,1]	dst=f32[1536,1,1,1]	count=381	sum_us=1785.250	min_us=4.125	max_us=21.583
OP	ntok=1	op=SET_ROWS	name=cache_v_l9 (view)	fuse=1	src0=f32[512,1,1]	src1=i64[1,1,1]	dst=f16[512,4096,1,1]	count=381	sum_us=2645.792	min_us=6.417	max_us=9.792
OP	ntok=1	op=SET_ROWS	name=cache_k_l9 (view)	fuse=1	src0=f32[512,1,1]	src1=i64[1,1,1]	dst=f16[512,4096,1,1]	count=381	sum_us=2499.333	min_us=6.125	max_us=7.208
OP	ntok=1	op=FLASH_ATTN_EXT	name=node_480	fuse=1	src0=f32[512,1,8]	src1=f16[512,1024,1]	dst=f32[512,8,1,1]	count=159	sum_us=8599.709	min_us=51.375	max_us=56.750
OP	ntok=1	op=MUL_MAT	name=node_482	fuse=1	src0=q4_0[4096,1536,1]	src1=f32[4096,1,1]	dst=f32[1536,1,1,1]	count=381	sum_us=7143.084	min_us=17.875	max_us=22.208
OP	ntok=1	op=MUL_MAT	name=node_495	fuse=1	src0=q4_0[1536,256,1]	src1=f32[1536,1,1]	dst=f32[256,1,1,1]	count=381	sum_us=3690.917	min_us=9.042	max_us=13.375
OP	ntok=1	op=UNARY	name=node_496	fuse=1	src0=f32[256,1,1]	src1=-[0,0,0]	dst=f32[256,1,1,1]	count=381	sum_us=2667.293	min_us=6.375	max_us=9.167
OP	ntok=1	op=MUL	name=node_498	fuse=1	src0=f32[256,1,1]	src1=f32[256,1,1]	dst=f32[256,1,1,1]	count=381	sum_us=1854.333	min_us=4.458	max_us=5.917
OP	ntok=1	op=MUL_MAT	name=node_499	fuse=1	src0=q4_0[256,1536,1]	src1=f32[256,1,1]	dst=f32[1536,1,1,1]	count=381	sum_us=2908.376	min_us=7.000	max_us=8.292
OP	ntok=1	op=ADD	name=node_502	fuse=1	src0=f32[1536,1,1]	src1=f32[1536,1,1]	dst=f32[1536,1,1,1]	count=381	sum_us=1818.041	min_us=4.292	max_us=5.375
OP	ntok=1	op=SET_ROWS	name=cache_v_l10 (view)	fuse=1	src0=f32[256,1,1]	src1=i64[1,1,1]	dst=f16[256,1024,1,1]	count=381	sum_us=2463.251	min_us=5.792	max_us=7.250
OP	ntok=1	op=SET_ROWS	name=cache_k_l10 (view)	fuse=1	src0=f32[256,1,1]	src1=i64[1,1,1]	dst=f16[256,1024,1,1]	count=381	sum_us=2419.542	min_us=5.750	max_us=9.250
OP	ntok=1	op=FLASH_ATTN_EXT	name=node_529	fuse=1	src0=f32[256,1,8]	src1=f16[256,1024,1]	dst=f32[256,8,1,1]	count=381	sum_us=11000.460	min_us=27.000	max_us=33.750
OP	ntok=1	op=MUL_MAT	name=node_531	fuse=1	src0=q4_0[2048,1536,1]	src1=f32[2048,1,1]	dst=f32[1536,1,1,1]	count=381	sum_us=4895.750	min_us=12.125	max_us=15.375
OP	ntok=1	op=MUL_MAT	name=node_544	fuse=1	src0=q4_0[1536,256,1]	src1=f32[1536,1,1]	dst=f32[256,1,1,1]	count=381	sum_us=3634.083	min_us=8.667	max_us=10.375
OP	ntok=1	op=UNARY	name=node_545	fuse=1	src0=f32[256,1,1]	src1=-[0,0,0]	dst=f32[256,1,1,1]	count=381	sum_us=2630.958	min_us=6.125	max_us=7.833
OP	ntok=1	op=MUL	name=node_547	fuse=1	src0=f32[256,1,1]	src1=f32[256,1,1]	dst=f32[256,1,1,1]	count=381	sum_us=1818.583	min_us=4.250	max_us=7.542
OP	ntok=1	op=MUL_MAT	name=node_548	fuse=1	src0=q4_0[256,1536,1]	src1=f32[256,1,1]	dst=f32[1536,1,1,1]	count=381	sum_us=2932.833	min_us=7.083	max_us=10.792
OP	ntok=1	op=ADD	name=node_551	fuse=1	src0=f32[1536,1,1]	src1=f32[1536,1,1]	dst=f32[1536,1,1,1]	count=381	sum_us=1821.832	min_us=4.375	max_us=5.375
OP	ntok=1	op=SET_ROWS	name=cache_v_l11 (view)	fuse=1	src0=f32[256,1,1]	src1=i64[1,1,1]	dst=f16[256,1024,1,1]	count=381	sum_us=2461.750	min_us=5.917	max_us=9.417
OP	ntok=1	op=SET_ROWS	name=cache_k_l11 (view)	fuse=1	src0=f32[256,1,1]	src1=i64[1,1,1]	dst=f16[256,1024,1,1]	count=381	sum_us=2391.249	min_us=5.750	max_us=6.792
OP	ntok=1	op=FLASH_ATTN_EXT	name=node_578	fuse=1	src0=f32[256,1,8]	src1=f16[256,1024,1]	dst=f32[256,8,1,1]	count=381	sum_us=10431.209	min_us=25.750	max_us=32.250
OP	ntok=1	op=MUL_MAT	name=node_580	fuse=1	src0=q4_0[2048,1536,1]	src1=f32[2048,1,1]	dst=f32[1536,1,1,1]	count=381	sum_us=4901.375	min_us=12.000	max_us=16.375
OP	ntok=1	op=MUL_MAT	name=node_593	fuse=1	src0=q4_0[1536,256,1]	src1=f32[1536,1,1]	dst=f32[256,1,1,1]	count=381	sum_us=3643.334	min_us=8.750	max_us=12.167
OP	ntok=1	op=UNARY	name=node_594	fuse=1	src0=f32[256,1,1]	src1=-[0,0,0]	dst=f32[256,1,1,1]	count=381	sum_us=2620.124	min_us=6.000	max_us=9.667
OP	ntok=1	op=MUL	name=node_596	fuse=1	src0=f32[256,1,1]	src1=f32[256,1,1]	dst=f32[256,1,1,1]	count=381	sum_us=1803.501	min_us=4.333	max_us=8.083
OP	ntok=1	op=MUL_MAT	name=node_597	fuse=1	src0=q4_0[256,1536,1]	src1=f32[256,1,1]	dst=f32[1536,1,1,1]	count=381	sum_us=2851.123	min_us=6.875	max_us=8.167
OP	ntok=1	op=ADD	name=node_600	fuse=1	src0=f32[1536,1,1]	src1=f32[1536,1,1]	dst=f32[1536,1,1,1]	count=381	sum_us=1749.749	min_us=4.125	max_us=8.375
OP	ntok=1	op=SET_ROWS	name=cache_v_l12 (view)	fuse=1	src0=f32[256,1,1]	src1=i64[1,1,1]	dst=f16[256,1024,1,1]	count=381	sum_us=2412.167	min_us=5.750	max_us=10.875
OP	ntok=1	op=SET_ROWS	name=cache_k_l12 (view)	fuse=1	src0=f32[256,1,1]	src1=i64[1,1,1]	dst=f16[256,1024,1,1]	count=381	sum_us=2426.124	min_us=5.750	max_us=9.333
OP	ntok=1	op=FLASH_ATTN_EXT	name=node_627	fuse=1	src0=f32[256,1,8]	src1=f16[256,1024,1]	dst=f32[256,8,1,1]	count=381	sum_us=10076.250	min_us=24.750	max_us=29.375
OP	ntok=1	op=MUL_MAT	name=node_629	fuse=1	src0=q4_0[2048,1536,1]	src1=f32[2048,1,1]	dst=f32[1536,1,1,1]	count=381	sum_us=4897.749	min_us=12.167	max_us=15.875
OP	ntok=1	op=MUL_MAT	name=node_642	fuse=1	src0=q4_0[1536,256,1]	src1=f32[1536,1,1]	dst=f32[256,1,1,1]	count=381	sum_us=3693.043	min_us=9.000	max_us=14.250
OP	ntok=1	op=UNARY	name=node_643	fuse=1	src0=f32[256,1,1]	src1=-[0,0,0]	dst=f32[256,1,1,1]	count=381	sum_us=2715.041	min_us=6.250	max_us=10.583
OP	ntok=1	op=MUL	name=node_645	fuse=1	src0=f32[256,1,1]	src1=f32[256,1,1]	dst=f32[256,1,1,1]	count=381	sum_us=1876.792	min_us=4.375	max_us=9.375
OP	ntok=1	op=MUL_MAT	name=node_646	fuse=1	src0=q4_0[256,1536,1]	src1=f32[256,1,1]	dst=f32[1536,1,1,1]	count=381	sum_us=2920.417	min_us=7.083	max_us=11.500
OP	ntok=1	op=ADD	name=node_649	fuse=1	src0=f32[1536,1,1]	src1=f32[1536,1,1]	dst=f32[1536,1,1,1]	count=381	sum_us=1797.875	min_us=4.125	max_us=9.458
OP	ntok=1	op=SET_ROWS	name=cache_v_l13 (view)	fuse=1	src0=f32[256,1,1]	src1=i64[1,1,1]	dst=f16[256,1024,1,1]	count=381	sum_us=2502.791	min_us=5.750	max_us=13.583
OP	ntok=1	op=SET_ROWS	name=cache_k_l13 (view)	fuse=1	src0=f32[256,1,1]	src1=i64[1,1,1]	dst=f16[256,1024,1,1]	count=381	sum_us=2507.543	min_us=5.708	max_us=10.875
OP	ntok=1	op=FLASH_ATTN_EXT	name=node_676	fuse=1	src0=f32[256,1,8]	src1=f16[256,1024,1]	dst=f32[256,8,1,1]	count=381	sum_us=10204.835	min_us=24.625	max_us=32.750
OP	ntok=1	op=MUL_MAT	name=node_678	fuse=1	src0=q4_0[2048,1536,1]	src1=f32[2048,1,1]	dst=f32[1536,1,1,1]	count=381	sum_us=5051.708	min_us=12.500	max_us=17.625
OP	ntok=1	op=MUL_MAT	name=node_691	fuse=1	src0=q4_0[1536,256,1]	src1=f32[1536,1,1]	dst=f32[256,1,1,1]	count=381	sum_us=3878.709	min_us=8.833	max_us=17.250
OP	ntok=1	op=UNARY	name=node_692	fuse=1	src0=f32[256,1,1]	src1=-[0,0,0]	dst=f32[256,1,1,1]	count=381	sum_us=2897.125	min_us=6.125	max_us=13.250
OP	ntok=1	op=MUL	name=node_694	fuse=1	src0=f32[256,1,1]	src1=f32[256,1,1]	dst=f32[256,1,1,1]	count=381	sum_us=2095.958	min_us=4.375	max_us=12.000
OP	ntok=1	op=MUL_MAT	name=node_695	fuse=1	src0=q4_0[256,1536,1]	src1=f32[256,1,1]	dst=f32[1536,1,1,1]	count=381	sum_us=3102.999	min_us=7.042	max_us=13.542
OP	ntok=1	op=ADD	name=node_698	fuse=1	src0=f32[1536,1,1]	src1=f32[1536,1,1]	dst=f32[1536,1,1,1]	count=381	sum_us=1948.833	min_us=4.000	max_us=11.042
OP	ntok=1	op=SET_ROWS	name=cache_v_l14 (view)	fuse=1	src0=f32[512,1,1]	src1=i64[1,1,1]	dst=f16[512,4096,1,1]	count=381	sum_us=2906.751	min_us=6.375	max_us=13.500
OP	ntok=1	op=SET_ROWS	name=cache_k_l14 (view)	fuse=1	src0=f32[512,1,1]	src1=i64[1,1,1]	dst=f16[512,4096,1,1]	count=381	sum_us=2704.250	min_us=6.250	max_us=12.583
OP	ntok=1	op=FLASH_ATTN_EXT	name=node_725	fuse=1	src0=f32[512,1,8]	src1=f16[512,1024,1]	dst=f32[512,8,1,1]	count=159	sum_us=8733.209	min_us=50.625	max_us=61.542
OP	ntok=1	op=MUL_MAT	name=node_727	fuse=1	src0=q4_0[4096,1536,1]	src1=f32[4096,1,1]	dst=f32[1536,1,1,1]	count=381	sum_us=7247.541	min_us=17.667	max_us=23.708
OP	ntok=1	op=MUL_MAT	name=node_740	fuse=1	src0=q4_0[1536,256,1]	src1=f32[1536,1,1]	dst=f32[256,1,1,1]	count=381	sum_us=4037.625	min_us=9.000	max_us=16.833
OP	ntok=1	op=UNARY	name=node_741	fuse=1	src0=f32[256,1,1]	src1=-[0,0,0]	dst=f32[256,1,1,1]	count=381	sum_us=2930.248	min_us=6.292	max_us=12.958
OP	ntok=1	op=MUL	name=node_743	fuse=1	src0=f32[256,1,1]	src1=f32[256,1,1]	dst=f32[256,1,1,1]	count=381	sum_us=2205.916	min_us=4.292	max_us=11.833
OP	ntok=1	op=MUL_MAT	name=node_744	fuse=1	src0=q4_0[256,1536,1]	src1=f32[256,1,1]	dst=f32[1536,1,1,1]	count=381	sum_us=3111.000	min_us=7.000	max_us=14.500
OP	ntok=1	op=ADD	name=node_747	fuse=1	src0=f32[1536,1,1]	src1=f32[1536,1,1]	dst=f32[1536,1,1,1]	count=381	sum_us=2048.834	min_us=4.125	max_us=12.125
OP	ntok=1	op=FLASH_ATTN_EXT	name=node_762	fuse=1	src0=f32[256,1,8]	src1=f16[256,1024,1]	dst=f32[256,8,1,1]	count=381	sum_us=11092.293	min_us=26.625	max_us=36.417
OP	ntok=1	op=MUL_MAT	name=node_764	fuse=1	src0=q4_0[2048,1536,1]	src1=f32[2048,1,1]	dst=f32[1536,1,1,1]	count=381	sum_us=5118.292	min_us=12.250	max_us=18.250
OP	ntok=1	op=MUL_MAT	name=ffn_gate	fuse=1	src0=q4_0[1536,12288,1]	src1=f32[1536,1,1]	dst=f32[12288,1,1,1]	count=7620	sum_us=281406.713	min_us=35.458	max_us=50.042
OP	ntok=1	op=MUL_MAT	name=ffn_up	fuse=1	src0=q4_0[1536,12288,1]	src1=f32[1536,1,1]	dst=f32[12288,1,1,1]	count=7620	sum_us=282988.500	min_us=35.542	max_us=58.708
OP	ntok=1	op=GLU	name=ffn_geglu	fuse=1	src0=f32[12288,1,1]	src1=f32[12288,1,1]	dst=f32[12288,1,1,1]	count=7620	sum_us=111283.378	min_us=11.250	max_us=34.792
OP	ntok=1	op=MUL_MAT	name=ffn_out	fuse=1	src0=q4_0[12288,1536,1]	src1=f32[12288,1,1]	dst=f32[1536,1,1,1]	count=7620	sum_us=310253.583	min_us=38.667	max_us=82.333
OP	ntok=1	op=MUL_MAT	name=node_777	fuse=1	src0=q4_0[1536,256,1]	src1=f32[1536,1,1]	dst=f32[256,1,1,1]	count=381	sum_us=3812.249	min_us=8.875	max_us=16.750
OP	ntok=1	op=UNARY	name=node_778	fuse=1	src0=f32[256,1,1]	src1=-[0,0,0]	dst=f32[256,1,1,1]	count=381	sum_us=2917.750	min_us=6.250	max_us=13.417
OP	ntok=1	op=MUL	name=node_780	fuse=1	src0=f32[256,1,1]	src1=f32[256,1,1]	dst=f32[256,1,1,1]	count=381	sum_us=2089.582	min_us=4.417	max_us=12.000
OP	ntok=1	op=MUL_MAT	name=node_781	fuse=1	src0=q4_0[256,1536,1]	src1=f32[256,1,1]	dst=f32[1536,1,1,1]	count=381	sum_us=3111.085	min_us=7.125	max_us=14.000
OP	ntok=1	op=ADD	name=node_784	fuse=1	src0=f32[1536,1,1]	src1=f32[1536,1,1]	dst=f32[1536,1,1,1]	count=381	sum_us=2158.793	min_us=4.417	max_us=12.208
OP	ntok=1	op=FLASH_ATTN_EXT	name=node_799	fuse=1	src0=f32[256,1,8]	src1=f16[256,1024,1]	dst=f32[256,8,1,1]	count=381	sum_us=9954.541	min_us=25.000	max_us=31.875
OP	ntok=1	op=MUL_MAT	name=node_801	fuse=1	src0=q4_0[2048,1536,1]	src1=f32[2048,1,1]	dst=f32[1536,1,1,1]	count=381	sum_us=4885.251	min_us=11.958	max_us=17.208
OP	ntok=1	op=MUL_MAT	name=node_814	fuse=1	src0=q4_0[1536,256,1]	src1=f32[1536,1,1]	dst=f32[256,1,1,1]	count=381	sum_us=3676.208	min_us=8.750	max_us=13.875
OP	ntok=1	op=UNARY	name=node_815	fuse=1	src0=f32[256,1,1]	src1=-[0,0,0]	dst=f32[256,1,1,1]	count=381	sum_us=2674.208	min_us=6.125	max_us=12.000
OP	ntok=1	op=MUL	name=node_817	fuse=1	src0=f32[256,1,1]	src1=f32[256,1,1]	dst=f32[256,1,1,1]	count=381	sum_us=1911.668	min_us=4.333	max_us=9.625
OP	ntok=1	op=MUL_MAT	name=node_818	fuse=1	src0=q4_0[256,1536,1]	src1=f32[256,1,1]	dst=f32[1536,1,1,1]	count=381	sum_us=2941.666	min_us=6.875	max_us=25.542
OP	ntok=1	op=ADD	name=node_821	fuse=1	src0=f32[1536,1,1]	src1=f32[1536,1,1]	dst=f32[1536,1,1,1]	count=381	sum_us=2033.292	min_us=4.375	max_us=11.750
OP	ntok=1	op=FLASH_ATTN_EXT	name=node_836	fuse=1	src0=f32[256,1,8]	src1=f16[256,1024,1]	dst=f32[256,8,1,1]	count=381	sum_us=9292.291	min_us=23.375	max_us=28.875
OP	ntok=1	op=MUL_MAT	name=node_838	fuse=1	src0=q4_0[2048,1536,1]	src1=f32[2048,1,1]	dst=f32[1536,1,1,1]	count=381	sum_us=4878.958	min_us=12.208	max_us=16.375
OP	ntok=1	op=MUL_MAT	name=node_851	fuse=1	src0=q4_0[1536,256,1]	src1=f32[1536,1,1]	dst=f32[256,1,1,1]	count=381	sum_us=3669.751	min_us=8.875	max_us=13.250
OP	ntok=1	op=UNARY	name=node_852	fuse=1	src0=f32[256,1,1]	src1=-[0,0,0]	dst=f32[256,1,1,1]	count=381	sum_us=2604.793	min_us=6.042	max_us=11.083
OP	ntok=1	op=MUL	name=node_854	fuse=1	src0=f32[256,1,1]	src1=f32[256,1,1]	dst=f32[256,1,1,1]	count=381	sum_us=1894.959	min_us=4.292	max_us=9.875
OP	ntok=1	op=MUL_MAT	name=node_855	fuse=1	src0=q4_0[256,1536,1]	src1=f32[256,1,1]	dst=f32[1536,1,1,1]	count=381	sum_us=2914.333	min_us=6.917	max_us=13.750
OP	ntok=1	op=ADD	name=node_858	fuse=1	src0=f32[1536,1,1]	src1=f32[1536,1,1]	dst=f32[1536,1,1,1]	count=381	sum_us=2037.957	min_us=4.250	max_us=9.375
OP	ntok=1	op=FLASH_ATTN_EXT	name=node_873	fuse=1	src0=f32[256,1,8]	src1=f16[256,1024,1]	dst=f32[256,8,1,1]	count=381	sum_us=10138.583	min_us=25.500	max_us=33.875
OP	ntok=1	op=MUL_MAT	name=node_875	fuse=1	src0=q4_0[2048,1536,1]	src1=f32[2048,1,1]	dst=f32[1536,1,1,1]	count=381	sum_us=4827.376	min_us=12.000	max_us=17.083
OP	ntok=1	op=MUL_MAT	name=node_888	fuse=1	src0=q4_0[1536,256,1]	src1=f32[1536,1,1]	dst=f32[256,1,1,1]	count=381	sum_us=3615.417	min_us=8.708	max_us=13.333
OP	ntok=1	op=UNARY	name=node_889	fuse=1	src0=f32[256,1,1]	src1=-[0,0,0]	dst=f32[256,1,1,1]	count=381	sum_us=2643.376	min_us=6.125	max_us=11.500
OP	ntok=1	op=MUL	name=node_891	fuse=1	src0=f32[256,1,1]	src1=f32[256,1,1]	dst=f32[256,1,1,1]	count=381	sum_us=1868.291	min_us=4.250	max_us=10.000
OP	ntok=1	op=MUL_MAT	name=node_892	fuse=1	src0=q4_0[256,1536,1]	src1=f32[256,1,1]	dst=f32[1536,1,1,1]	count=381	sum_us=2894.792	min_us=6.792	max_us=12.250
OP	ntok=1	op=ADD	name=node_895	fuse=1	src0=f32[1536,1,1]	src1=f32[1536,1,1]	dst=f32[1536,1,1,1]	count=381	sum_us=2020.708	min_us=4.250	max_us=10.875
OP	ntok=1	op=FLASH_ATTN_EXT	name=node_910	fuse=1	src0=f32[512,1,8]	src1=f16[512,1024,1]	dst=f32[512,8,1,1]	count=159	sum_us=8146.501	min_us=50.125	max_us=54.750
OP	ntok=1	op=MUL_MAT	name=node_912	fuse=1	src0=q4_0[4096,1536,1]	src1=f32[4096,1,1]	dst=f32[1536,1,1,1]	count=381	sum_us=7025.166	min_us=17.583	max_us=23.625
OP	ntok=1	op=MUL_MAT	name=node_925	fuse=1	src0=q4_0[1536,256,1]	src1=f32[1536,1,1]	dst=f32[256,1,1,1]	count=381	sum_us=3722.333	min_us=8.875	max_us=14.333
OP	ntok=1	op=UNARY	name=node_926	fuse=1	src0=f32[256,1,1]	src1=-[0,0,0]	dst=f32[256,1,1,1]	count=381	sum_us=2727.752	min_us=6.292	max_us=13.250
OP	ntok=1	op=MUL	name=node_928	fuse=1	src0=f32[256,1,1]	src1=f32[256,1,1]	dst=f32[256,1,1,1]	count=381	sum_us=1901.834	min_us=4.417	max_us=9.458
OP	ntok=1	op=MUL_MAT	name=node_929	fuse=1	src0=q4_0[256,1536,1]	src1=f32[256,1,1]	dst=f32[1536,1,1,1]	count=381	sum_us=2873.625	min_us=7.000	max_us=14.042
OP	ntok=1	op=ADD	name=node_932	fuse=1	src0=f32[1536,1,1]	src1=f32[1536,1,1]	dst=f32[1536,1,1,1]	count=381	sum_us=1908.292	min_us=4.125	max_us=10.000
OP	ntok=1	op=FLASH_ATTN_EXT	name=node_947	fuse=1	src0=f32[256,1,8]	src1=f16[256,1024,1]	dst=f32[256,8,1,1]	count=381	sum_us=10896.541	min_us=27.375	max_us=33.167
OP	ntok=1	op=MUL_MAT	name=node_949	fuse=1	src0=q4_0[2048,1536,1]	src1=f32[2048,1,1]	dst=f32[1536,1,1,1]	count=381	sum_us=4860.956	min_us=12.000	max_us=16.542
OP	ntok=1	op=MUL_MAT	name=node_962	fuse=1	src0=q4_0[1536,256,1]	src1=f32[1536,1,1]	dst=f32[256,1,1,1]	count=381	sum_us=3731.666	min_us=9.167	max_us=14.500
OP	ntok=1	op=UNARY	name=node_963	fuse=1	src0=f32[256,1,1]	src1=-[0,0,0]	dst=f32[256,1,1,1]	count=381	sum_us=2662.708	min_us=6.125	max_us=11.500
OP	ntok=1	op=MUL	name=node_965	fuse=1	src0=f32[256,1,1]	src1=f32[256,1,1]	dst=f32[256,1,1,1]	count=381	sum_us=1835.457	min_us=4.250	max_us=9.458
OP	ntok=1	op=MUL_MAT	name=node_966	fuse=1	src0=q4_0[256,1536,1]	src1=f32[256,1,1]	dst=f32[1536,1,1,1]	count=381	sum_us=2930.500	min_us=7.042	max_us=13.500
OP	ntok=1	op=ADD	name=node_969	fuse=1	src0=f32[1536,1,1]	src1=f32[1536,1,1]	dst=f32[1536,1,1,1]	count=381	sum_us=1956.666	min_us=4.292	max_us=9.375
OP	ntok=1	op=FLASH_ATTN_EXT	name=node_984	fuse=1	src0=f32[256,1,8]	src1=f16[256,1024,1]	dst=f32[256,8,1,1]	count=381	sum_us=9489.292	min_us=23.625	max_us=33.292
OP	ntok=1	op=MUL_MAT	name=node_986	fuse=1	src0=q4_0[2048,1536,1]	src1=f32[2048,1,1]	dst=f32[1536,1,1,1]	count=381	sum_us=4936.375	min_us=12.167	max_us=18.542
OP	ntok=1	op=MUL_MAT	name=node_999	fuse=1	src0=q4_0[1536,256,1]	src1=f32[1536,1,1]	dst=f32[256,1,1,1]	count=381	sum_us=3653.417	min_us=8.917	max_us=14.125
OP	ntok=1	op=UNARY	name=node_1000	fuse=1	src0=f32[256,1,1]	src1=-[0,0,0]	dst=f32[256,1,1,1]	count=381	sum_us=2616.000	min_us=6.125	max_us=10.917
OP	ntok=1	op=MUL	name=node_1002	fuse=1	src0=f32[256,1,1]	src1=f32[256,1,1]	dst=f32[256,1,1,1]	count=381	sum_us=1856.751	min_us=4.250	max_us=9.500
OP	ntok=1	op=MUL_MAT	name=node_1003	fuse=1	src0=q4_0[256,1536,1]	src1=f32[256,1,1]	dst=f32[1536,1,1,1]	count=381	sum_us=2941.043	min_us=7.000	max_us=11.625
OP	ntok=1	op=ADD	name=node_1006	fuse=1	src0=f32[1536,1,1]	src1=f32[1536,1,1]	dst=f32[1536,1,1,1]	count=381	sum_us=1936.916	min_us=4.292	max_us=9.583
OP	ntok=1	op=FLASH_ATTN_EXT	name=node_1021	fuse=1	src0=f32[256,1,8]	src1=f16[256,1024,1]	dst=f32[256,8,1,1]	count=381	sum_us=9338.708	min_us=23.625	max_us=29.958
OP	ntok=1	op=MUL_MAT	name=node_1023	fuse=1	src0=q4_0[2048,1536,1]	src1=f32[2048,1,1]	dst=f32[1536,1,1,1]	count=381	sum_us=4856.708	min_us=12.000	max_us=17.292
OP	ntok=1	op=MUL_MAT	name=node_1036	fuse=1	src0=q4_0[1536,256,1]	src1=f32[1536,1,1]	dst=f32[256,1,1,1]	count=381	sum_us=3621.083	min_us=8.750	max_us=15.875
OP	ntok=1	op=UNARY	name=node_1037	fuse=1	src0=f32[256,1,1]	src1=-[0,0,0]	dst=f32[256,1,1,1]	count=381	sum_us=2688.168	min_us=6.125	max_us=11.208
OP	ntok=1	op=MUL	name=node_1039	fuse=1	src0=f32[256,1,1]	src1=f32[256,1,1]	dst=f32[256,1,1,1]	count=381	sum_us=1903.374	min_us=4.250	max_us=10.292
OP	ntok=1	op=MUL_MAT	name=node_1040	fuse=1	src0=q4_0[256,1536,1]	src1=f32[256,1,1]	dst=f32[1536,1,1,1]	count=381	sum_us=2924.167	min_us=6.917	max_us=15.083
OP	ntok=1	op=ADD	name=node_1043	fuse=1	src0=f32[1536,1,1]	src1=f32[1536,1,1]	dst=f32[1536,1,1,1]	count=381	sum_us=2025.082	min_us=4.375	max_us=9.708
OP	ntok=1	op=FLASH_ATTN_EXT	name=node_1058	fuse=1	src0=f32[256,1,8]	src1=f16[256,1024,1]	dst=f32[256,8,1,1]	count=381	sum_us=10172.041	min_us=25.500	max_us=33.250
OP	ntok=1	op=MUL_MAT	name=node_1060	fuse=1	src0=q4_0[2048,1536,1]	src1=f32[2048,1,1]	dst=f32[1536,1,1,1]	count=381	sum_us=4872.417	min_us=12.000	max_us=17.000
OP	ntok=1	op=MUL_MAT	name=node_1073	fuse=1	src0=q4_0[1536,256,1]	src1=f32[1536,1,1]	dst=f32[256,1,1,1]	count=381	sum_us=3629.750	min_us=8.792	max_us=13.500
OP	ntok=1	op=UNARY	name=node_1074	fuse=1	src0=f32[256,1,1]	src1=-[0,0,0]	dst=f32[256,1,1,1]	count=381	sum_us=2741.124	min_us=6.333	max_us=11.750
OP	ntok=1	op=MUL	name=node_1076	fuse=1	src0=f32[256,1,1]	src1=f32[256,1,1]	dst=f32[256,1,1,1]	count=381	sum_us=1868.167	min_us=4.292	max_us=10.292
OP	ntok=1	op=MUL_MAT	name=node_1077	fuse=1	src0=q4_0[256,1536,1]	src1=f32[256,1,1]	dst=f32[1536,1,1,1]	count=381	sum_us=2895.748	min_us=7.000	max_us=14.708
OP	ntok=1	op=ADD	name=node_1080	fuse=1	src0=f32[1536,1,1]	src1=f32[1536,1,1]	dst=f32[1536,1,1,1]	count=381	sum_us=1972.585	min_us=4.208	max_us=10.000
OP	ntok=1	op=FLASH_ATTN_EXT	name=node_1095	fuse=1	src0=f32[512,1,8]	src1=f16[512,1024,1]	dst=f32[512,8,1,1]	count=159	sum_us=8168.292	min_us=50.125	max_us=54.833
OP	ntok=1	op=MUL_MAT	name=node_1097	fuse=1	src0=q4_0[4096,1536,1]	src1=f32[4096,1,1]	dst=f32[1536,1,1,1]	count=381	sum_us=6838.334	min_us=17.167	max_us=28.375
OP	ntok=1	op=MUL_MAT	name=node_1110	fuse=1	src0=q4_0[1536,256,1]	src1=f32[1536,1,1]	dst=f32[256,1,1,1]	count=381	sum_us=3673.875	min_us=9.000	max_us=14.625
OP	ntok=1	op=UNARY	name=node_1111	fuse=1	src0=f32[256,1,1]	src1=-[0,0,0]	dst=f32[256,1,1,1]	count=381	sum_us=2811.000	min_us=6.375	max_us=11.750
OP	ntok=1	op=MUL	name=node_1113	fuse=1	src0=f32[256,1,1]	src1=f32[256,1,1]	dst=f32[256,1,1,1]	count=381	sum_us=1882.998	min_us=4.333	max_us=10.917
OP	ntok=1	op=MUL_MAT	name=node_1114	fuse=1	src0=q4_0[256,1536,1]	src1=f32[256,1,1]	dst=f32[1536,1,1,1]	count=381	sum_us=2893.250	min_us=6.917	max_us=11.792
OP	ntok=1	op=ADD	name=node_1117	fuse=1	src0=f32[1536,1,1]	src1=f32[1536,1,1]	dst=f32[1536,1,1,1]	count=381	sum_us=1940.374	min_us=4.292	max_us=9.125
OP	ntok=1	op=FLASH_ATTN_EXT	name=node_1132	fuse=1	src0=f32[256,1,8]	src1=f16[256,1024,1]	dst=f32[256,8,1,1]	count=381	sum_us=10758.542	min_us=27.125	max_us=34.875
OP	ntok=1	op=MUL_MAT	name=node_1134	fuse=1	src0=q4_0[2048,1536,1]	src1=f32[2048,1,1]	dst=f32[1536,1,1,1]	count=381	sum_us=4930.375	min_us=12.375	max_us=17.083
OP	ntok=1	op=MUL_MAT	name=node_1147	fuse=1	src0=q4_0[1536,256,1]	src1=f32[1536,1,1]	dst=f32[256,1,1,1]	count=381	sum_us=3626.041	min_us=8.833	max_us=13.583
OP	ntok=1	op=UNARY	name=node_1148	fuse=1	src0=f32[256,1,1]	src1=-[0,0,0]	dst=f32[256,1,1,1]	count=381	sum_us=2760.875	min_us=6.250	max_us=13.500
OP	ntok=1	op=MUL	name=node_1150	fuse=1	src0=f32[256,1,1]	src1=f32[256,1,1]	dst=f32[256,1,1,1]	count=381	sum_us=1914.918	min_us=4.250	max_us=9.042
OP	ntok=1	op=MUL_MAT	name=node_1151	fuse=1	src0=q4_0[256,1536,1]	src1=f32[256,1,1]	dst=f32[1536,1,1,1]	count=381	sum_us=2941.417	min_us=7.000	max_us=13.333
OP	ntok=1	op=ADD	name=node_1154	fuse=1	src0=f32[1536,1,1]	src1=f32[1536,1,1]	dst=f32[1536,1,1,1]	count=381	sum_us=1992.791	min_us=4.208	max_us=10.958
OP	ntok=1	op=FLASH_ATTN_EXT	name=node_1169	fuse=1	src0=f32[256,1,8]	src1=f16[256,1024,1]	dst=f32[256,8,1,1]	count=381	sum_us=9640.834	min_us=23.750	max_us=32.292
OP	ntok=1	op=MUL_MAT	name=node_1171	fuse=1	src0=q4_0[2048,1536,1]	src1=f32[2048,1,1]	dst=f32[1536,1,1,1]	count=381	sum_us=4840.417	min_us=11.917	max_us=17.000
OP	ntok=1	op=MUL_MAT	name=node_1184	fuse=1	src0=q4_0[1536,256,1]	src1=f32[1536,1,1]	dst=f32[256,1,1,1]	count=381	sum_us=3637.250	min_us=8.750	max_us=13.625
OP	ntok=1	op=UNARY	name=node_1185	fuse=1	src0=f32[256,1,1]	src1=-[0,0,0]	dst=f32[256,1,1,1]	count=381	sum_us=2815.083	min_us=6.375	max_us=11.708
OP	ntok=1	op=MUL	name=node_1187	fuse=1	src0=f32[256,1,1]	src1=f32[256,1,1]	dst=f32[256,1,1,1]	count=381	sum_us=1889.792	min_us=4.375	max_us=10.958
OP	ntok=1	op=MUL_MAT	name=node_1188	fuse=1	src0=q4_0[256,1536,1]	src1=f32[256,1,1]	dst=f32[1536,1,1,1]	count=381	sum_us=2918.126	min_us=6.958	max_us=13.125
OP	ntok=1	op=ADD	name=node_1191	fuse=1	src0=f32[1536,1,1]	src1=f32[1536,1,1]	dst=f32[1536,1,1,1]	count=381	sum_us=2039.123	min_us=4.292	max_us=9.750
OP	ntok=1	op=FLASH_ATTN_EXT	name=node_1206	fuse=1	src0=f32[256,1,8]	src1=f16[256,1024,1]	dst=f32[256,8,1,1]	count=381	sum_us=9476.210	min_us=23.792	max_us=30.917
OP	ntok=1	op=MUL_MAT	name=node_1208	fuse=1	src0=q4_0[2048,1536,1]	src1=f32[2048,1,1]	dst=f32[1536,1,1,1]	count=381	sum_us=5037.459	min_us=12.375	max_us=18.625
OP	ntok=1	op=MUL_MAT	name=node_1221	fuse=1	src0=q4_0[1536,256,1]	src1=f32[1536,1,1]	dst=f32[256,1,1,1]	count=381	sum_us=3653.168	min_us=8.958	max_us=13.000
OP	ntok=1	op=UNARY	name=node_1222	fuse=1	src0=f32[256,1,1]	src1=-[0,0,0]	dst=f32[256,1,1,1]	count=381	sum_us=2697.792	min_us=6.125	max_us=11.167
OP	ntok=1	op=MUL	name=node_1224	fuse=1	src0=f32[256,1,1]	src1=f32[256,1,1]	dst=f32[256,1,1,1]	count=381	sum_us=1926.083	min_us=4.250	max_us=10.500
OP	ntok=1	op=MUL_MAT	name=node_1225	fuse=1	src0=q4_0[256,1536,1]	src1=f32[256,1,1]	dst=f32[1536,1,1,1]	count=381	sum_us=2917.334	min_us=6.917	max_us=12.167
OP	ntok=1	op=ADD	name=node_1228	fuse=1	src0=f32[1536,1,1]	src1=f32[1536,1,1]	dst=f32[1536,1,1,1]	count=381	sum_us=1919.043	min_us=4.208	max_us=9.458
OP	ntok=1	op=FLASH_ATTN_EXT	name=node_1243	fuse=1	src0=f32[256,1,8]	src1=f16[256,1024,1]	dst=f32[256,8,1,1]	count=381	sum_us=9985.875	min_us=24.792	max_us=32.458
OP	ntok=1	op=MUL_MAT	name=node_1245	fuse=1	src0=q4_0[2048,1536,1]	src1=f32[2048,1,1]	dst=f32[1536,1,1,1]	count=381	sum_us=4822.708	min_us=11.875	max_us=16.542
OP	ntok=1	op=MUL_MAT	name=node_1258	fuse=1	src0=q4_0[1536,256,1]	src1=f32[1536,1,1]	dst=f32[256,1,1,1]	count=381	sum_us=3667.835	min_us=9.083	max_us=13.458
OP	ntok=1	op=UNARY	name=node_1259	fuse=1	src0=f32[256,1,1]	src1=-[0,0,0]	dst=f32[256,1,1,1]	count=381	sum_us=2835.418	min_us=6.500	max_us=12.583
OP	ntok=1	op=MUL	name=node_1261	fuse=1	src0=f32[256,1,1]	src1=f32[256,1,1]	dst=f32[256,1,1,1]	count=381	sum_us=1877.583	min_us=4.292	max_us=10.833
OP	ntok=1	op=MUL_MAT	name=node_1262	fuse=1	src0=q4_0[256,1536,1]	src1=f32[256,1,1]	dst=f32[1536,1,1,1]	count=381	sum_us=2932.417	min_us=6.958	max_us=13.250
OP	ntok=1	op=ADD	name=node_1265	fuse=1	src0=f32[1536,1,1]	src1=f32[1536,1,1]	dst=f32[1536,1,1,1]	count=381	sum_us=1964.793	min_us=4.125	max_us=10.250
OP	ntok=1	op=FLASH_ATTN_EXT	name=node_1280	fuse=1	src0=f32[512,1,8]	src1=f16[512,1024,1]	dst=f32[512,8,1,1]	count=159	sum_us=8139.374	min_us=50.125	max_us=55.208
OP	ntok=1	op=MUL_MAT	name=node_1282	fuse=1	src0=q4_0[4096,1536,1]	src1=f32[4096,1,1]	dst=f32[1536,1,1,1]	count=381	sum_us=6942.874	min_us=17.375	max_us=23.000
OP	ntok=1	op=MUL_MAT	name=node_1295	fuse=1	src0=q4_0[1536,256,1]	src1=f32[1536,1,1]	dst=f32[256,1,1,1]	count=381	sum_us=3716.709	min_us=9.000	max_us=15.500
OP	ntok=1	op=UNARY	name=node_1296	fuse=1	src0=f32[256,1,1]	src1=-[0,0,0]	dst=f32[256,1,1,1]	count=381	sum_us=2805.085	min_us=6.417	max_us=11.042
OP	ntok=1	op=MUL	name=node_1298	fuse=1	src0=f32[256,1,1]	src1=f32[256,1,1]	dst=f32[256,1,1,1]	count=381	sum_us=1880.500	min_us=4.292	max_us=10.333
OP	ntok=1	op=MUL_MAT	name=node_1299	fuse=1	src0=q4_0[256,1536,1]	src1=f32[256,1,1]	dst=f32[1536,1,1,1]	count=381	sum_us=2913.375	min_us=6.958	max_us=13.500
OP	ntok=1	op=ADD	name=node_1302	fuse=1	src0=f32[1536,1,1]	src1=f32[1536,1,1]	dst=f32[1536,1,1,1]	count=381	sum_us=1990.417	min_us=4.250	max_us=9.292
OP	ntok=1	op=FLASH_ATTN_EXT	name=node_1317	fuse=1	src0=f32[256,1,8]	src1=f16[256,1024,1]	dst=f32[256,8,1,1]	count=381	sum_us=10843.042	min_us=27.125	max_us=34.917
OP	ntok=1	op=MUL_MAT	name=node_1319	fuse=1	src0=q4_0[2048,1536,1]	src1=f32[2048,1,1]	dst=f32[1536,1,1,1]	count=381	sum_us=4867.041	min_us=12.125	max_us=17.250
OP	ntok=1	op=MUL_MAT	name=node_1332	fuse=1	src0=q4_0[1536,256,1]	src1=f32[1536,1,1]	dst=f32[256,1,1,1]	count=381	sum_us=3722.249	min_us=9.042	max_us=14.500
OP	ntok=1	op=UNARY	name=node_1333	fuse=1	src0=f32[256,1,1]	src1=-[0,0,0]	dst=f32[256,1,1,1]	count=381	sum_us=2678.625	min_us=6.083	max_us=10.875
OP	ntok=1	op=MUL	name=node_1335	fuse=1	src0=f32[256,1,1]	src1=f32[256,1,1]	dst=f32[256,1,1,1]	count=381	sum_us=1894.958	min_us=4.292	max_us=11.792
OP	ntok=1	op=MUL_MAT	name=node_1336	fuse=1	src0=q4_0[256,1536,1]	src1=f32[256,1,1]	dst=f32[1536,1,1,1]	count=381	sum_us=2925.542	min_us=6.958	max_us=13.042
OP	ntok=1	op=ADD	name=node_1339	fuse=1	src0=f32[1536,1,1]	src1=f32[1536,1,1]	dst=f32[1536,1,1,1]	count=381	sum_us=2016.792	min_us=4.375	max_us=9.708
OP	ntok=1	op=FLASH_ATTN_EXT	name=node_1354	fuse=1	src0=f32[256,1,8]	src1=f16[256,1024,1]	dst=f32[256,8,1,1]	count=381	sum_us=9971.333	min_us=25.000	max_us=31.250
OP	ntok=1	op=MUL_MAT	name=node_1356	fuse=1	src0=q4_0[2048,1536,1]	src1=f32[2048,1,1]	dst=f32[1536,1,1,1]	count=381	sum_us=4944.668	min_us=12.208	max_us=17.375
OP	ntok=1	op=MUL_MAT	name=node_1369	fuse=1	src0=q4_0[1536,256,1]	src1=f32[1536,1,1]	dst=f32[256,1,1,1]	count=381	sum_us=3654.958	min_us=8.875	max_us=13.875
OP	ntok=1	op=UNARY	name=node_1370	fuse=1	src0=f32[256,1,1]	src1=-[0,0,0]	dst=f32[256,1,1,1]	count=381	sum_us=2726.293	min_us=6.333	max_us=11.000
OP	ntok=1	op=MUL	name=node_1372	fuse=1	src0=f32[256,1,1]	src1=f32[256,1,1]	dst=f32[256,1,1,1]	count=381	sum_us=1882.458	min_us=4.292	max_us=10.458
OP	ntok=1	op=MUL_MAT	name=node_1373	fuse=1	src0=q4_0[256,1536,1]	src1=f32[256,1,1]	dst=f32[1536,1,1,1]	count=381	sum_us=2943.209	min_us=7.000	max_us=13.042
OP	ntok=1	op=ADD	name=node_1376	fuse=1	src0=f32[1536,1,1]	src1=f32[1536,1,1]	dst=f32[1536,1,1,1]	count=381	sum_us=1939.083	min_us=4.167	max_us=12.375
OP	ntok=1	op=FLASH_ATTN_EXT	name=node_1391	fuse=1	src0=f32[256,1,8]	src1=f16[256,1024,1]	dst=f32[256,8,1,1]	count=381	sum_us=10081.667	min_us=25.458	max_us=31.583
OP	ntok=1	op=MUL_MAT	name=node_1393	fuse=1	src0=q4_0[2048,1536,1]	src1=f32[2048,1,1]	dst=f32[1536,1,1,1]	count=381	sum_us=4786.790	min_us=12.042	max_us=15.292
OP	ntok=1	op=MUL_MAT	name=node_1406	fuse=1	src0=q4_0[1536,256,1]	src1=f32[1536,1,1]	dst=f32[256,1,1,1]	count=381	sum_us=3674.625	min_us=9.042	max_us=13.958
OP	ntok=1	op=UNARY	name=node_1407	fuse=1	src0=f32[256,1,1]	src1=-[0,0,0]	dst=f32[256,1,1,1]	count=381	sum_us=2764.956	min_us=6.250	max_us=11.750
OP	ntok=1	op=MUL	name=node_1409	fuse=1	src0=f32[256,1,1]	src1=f32[256,1,1]	dst=f32[256,1,1,1]	count=381	sum_us=1781.584	min_us=4.292	max_us=7.583
OP	ntok=1	op=MUL_MAT	name=node_1410	fuse=1	src0=q4_0[256,1536,1]	src1=f32[256,1,1]	dst=f32[1536,1,1,1]	count=381	sum_us=2833.169	min_us=6.917	max_us=10.875
OP	ntok=1	op=ADD	name=node_1413	fuse=1	src0=f32[1536,1,1]	src1=f32[1536,1,1]	dst=f32[1536,1,1,1]	count=381	sum_us=1803.834	min_us=4.375	max_us=9.708
OP	ntok=1	op=FLASH_ATTN_EXT	name=node_1428	fuse=1	src0=f32[256,1,8]	src1=f16[256,1024,1]	dst=f32[256,8,1,1]	count=381	sum_us=9520.750	min_us=23.792	max_us=31.875
OP	ntok=1	op=MUL_MAT	name=node_1430	fuse=1	src0=q4_0[2048,1536,1]	src1=f32[2048,1,1]	dst=f32[1536,1,1,1]	count=381	sum_us=4933.833	min_us=12.250	max_us=16.792
OP	ntok=1	op=MUL_MAT	name=node_1443	fuse=1	src0=q4_0[1536,256,1]	src1=f32[1536,1,1]	dst=f32[256,1,1,1]	count=381	sum_us=3667.874	min_us=8.792	max_us=14.750
OP	ntok=1	op=UNARY	name=node_1444	fuse=1	src0=f32[256,1,1]	src1=-[0,0,0]	dst=f32[256,1,1,1]	count=381	sum_us=2828.957	min_us=6.625	max_us=11.583
OP	ntok=1	op=MUL	name=node_1446	fuse=1	src0=f32[256,1,1]	src1=f32[256,1,1]	dst=f32[256,1,1,1]	count=381	sum_us=1856.041	min_us=4.250	max_us=9.833
OP	ntok=1	op=MUL_MAT	name=node_1447	fuse=1	src0=q4_0[256,1536,1]	src1=f32[256,1,1]	dst=f32[1536,1,1,1]	count=381	sum_us=2868.168	min_us=6.750	max_us=12.000
OP	ntok=1	op=ADD	name=node_1450	fuse=1	src0=f32[1536,1,1]	src1=f32[1536,1,1]	dst=f32[1536,1,1,1]	count=381	sum_us=1945.832	min_us=4.167	max_us=10.125
OP	ntok=1	op=FLASH_ATTN_EXT	name=node_1465	fuse=1	src0=f32[512,1,8]	src1=f16[512,1024,1]	dst=f32[512,8,1,1]	count=159	sum_us=8195.750	min_us=50.125	max_us=55.167
OP	ntok=1	op=MUL_MAT	name=node_1467	fuse=1	src0=q4_0[4096,1536,1]	src1=f32[4096,1,1]	dst=f32[1536,1,1,1]	count=381	sum_us=7073.585	min_us=17.500	max_us=22.250
OP	ntok=1	op=MUL_MAT	name=node_1480	fuse=1	src0=q4_0[1536,256,1]	src1=f32[1536,1,1]	dst=f32[256,1,1,1]	count=381	sum_us=3762.958	min_us=9.125	max_us=14.125
OP	ntok=1	op=UNARY	name=node_1481	fuse=1	src0=f32[256,1,1]	src1=-[0,0,0]	dst=f32[256,1,1,1]	count=381	sum_us=2706.749	min_us=6.125	max_us=11.125
OP	ntok=1	op=MUL	name=node_1483	fuse=1	src0=f32[256,1,1]	src1=f32[256,1,1]	dst=f32[256,1,1,1]	count=381	sum_us=1985.082	min_us=4.375	max_us=9.708
OP	ntok=1	op=MUL_MAT	name=node_1484	fuse=1	src0=q4_0[256,1536,1]	src1=f32[256,1,1]	dst=f32[1536,1,1,1]	count=381	sum_us=2945.043	min_us=7.000	max_us=12.250
OP	ntok=1	op=ADD	name=node_1487	fuse=1	src0=f32[1536,1,1]	src1=f32[1536,1,1]	dst=f32[1536,1,1,1]	count=381	sum_us=1948.457	min_us=4.375	max_us=10.583
OP	ntok=1	op=GET_ROWS	name=result_norm	fuse=1	src0=f32[1536,1,1]	src1=i32[1,1,1]	dst=f32[1536,1,1,1]	count=381	sum_us=2638.165	min_us=5.417	max_us=11.292
OP	ntok=1	op=MUL_MAT	name=node_1492	fuse=1	src0=q6_K[1536,262144,1]	src1=f32[1536,1,1]	dst=f32[262144,1,1,1]	count=381	sum_us=359784.542	min_us=941.125	max_us=976.792
OP	ntok=1	op=SCALE	name=node_1493	fuse=1	src0=f32[262144,1,1]	src1=-[0,0,0]	dst=f32[262144,1,1,1]	count=381	sum_us=4726.082	min_us=10.792	max_us=17.583
OP	ntok=1	op=UNARY	name=node_1494	fuse=1	src0=f32[262144,1,1]	src1=-[0,0,0]	dst=f32[262144,1,1,1]	count=381	sum_us=4687.332	min_us=11.125	max_us=17.208
OP	ntok=1	op=SCALE	name=result_output	fuse=1	src0=f32[262144,1,1]	src1=-[0,0,0]	dst=f32[262144,1,1,1]	count=381	sum_us=3801.250	min_us=9.250	max_us=16.792
OP	ntok=1	op=FLASH_ATTN_EXT	name=node_235	fuse=1	src0=f32[512,1,8]	src1=f16[512,1280,1]	dst=f32[512,8,1,1]	count=222	sum_us=16977.624	min_us=72.250	max_us=80.000
OP	ntok=1	op=FLASH_ATTN_EXT	name=node_480	fuse=1	src0=f32[512,1,8]	src1=f16[512,1280,1]	dst=f32[512,8,1,1]	count=222	sum_us=17119.250	min_us=71.833	max_us=80.625
OP	ntok=1	op=FLASH_ATTN_EXT	name=node_725	fuse=1	src0=f32[512,1,8]	src1=f16[512,1280,1]	dst=f32[512,8,1,1]	count=222	sum_us=17125.584	min_us=72.375	max_us=83.708
OP	ntok=1	op=FLASH_ATTN_EXT	name=node_910	fuse=1	src0=f32[512,1,8]	src1=f16[512,1280,1]	dst=f32[512,8,1,1]	count=222	sum_us=16366.208	min_us=71.375	max_us=79.375
OP	ntok=1	op=FLASH_ATTN_EXT	name=node_1095	fuse=1	src0=f32[512,1,8]	src1=f16[512,1280,1]	dst=f32[512,8,1,1]	count=222	sum_us=16417.833	min_us=71.375	max_us=87.042
OP	ntok=1	op=FLASH_ATTN_EXT	name=node_1280	fuse=1	src0=f32[512,1,8]	src1=f16[512,1280,1]	dst=f32[512,8,1,1]	count=222	sum_us=16387.000	min_us=71.042	max_us=79.625
OP	ntok=1	op=FLASH_ATTN_EXT	name=node_1465	fuse=1	src0=f32[512,1,8]	src1=f16[512,1280,1]	dst=f32[512,8,1,1]	count=222	sum_us=16493.624	min_us=71.750	max_us=82.875
