index,node,kernel,grid_threads,threadgroups,buffer_bindings,bytes_bound_full,static_threadgroup_bytes,dynamic_threadgroup_bytes,pipeline_switch,live_barrier_before,node_keyed_barrier_before,node_and_slot_keyed_barrier_before,isolated_marginal_ns,live_tracker_mean_us,node_keyed_mean_us,node_and_slot_keyed_mean_us,no_barriers_mean_us,serial_encoder_mean_us
0,4,omega_elementwise_r2_n2_fused_identity_o0__multiply_s0_o1_g10,1536,2,6,1379429608,0,0,1,1,0,0,16208,16.118,16.065,16.047,7.612,16.175
1,17,omega_reduce_r3_o2_n2_multiply_add_zero_epi1_fused_identity_o1__multiply_s0_o0,2293760,8960,5,3333751012,32,0,1,1,1,1,115524,16.118,16.065,16.047,7.612,16.175
2,12,omega_elementwise_r2_n2_fused_identity_o0__multiply_s0_o1_g10,8960,9,6,3306218728,0,0,1,0,0,0,18125,16.118,16.065,16.047,7.612,16.175
3,20,omega_elementwise_r3_n1_identity,8960,9,3,71680,0,0,1,1,1,1,2845,16.118,16.065,16.047,7.612,16.175
4,32,omega_reduce_r3_o2_n2_multiply_add_zero_epi6_fused_identity_o6__identity_o0__multiply_s0_o4__add_s2_o3__square_root_s3__reciprocal_s4__multiply_s5_o2__multiply_s6_o1__add_s1_s7__multiply_s8_o5,2240,35,10,3306363116,16,0,1,1,1,1,6369,16.118,16.065,16.047,7.612,16.175
5,94,omega_reduce_r2_o1_n2_multiply_add_zero_epi4_fused_identity_o4__multiply_s0_o3__add_s1_o2__square_root_s2__reciprocal_s3__multiply_s4_o1__multiply_s5_o0,256,1,8,1048924392,32,0,1,0,0,0,5714,16.118,16.065,16.047,7.612,16.175
6,96,omega_reduce_r4_o3_n2_multiply_add_zero,16384,256,4,1047138528,0,0,1,1,1,1,10464,16.118,16.065,16.047,7.612,16.175
7,106,omega_reduce_r4_o3_n2_multiply_add_zero,2048,32,4,1049129184,0,0,1,0,0,0,5982,16.118,16.065,16.047,7.612,16.175
8,114,omega_reduce_r3_o2_n2_multiply_add_zero_epi4_fused_identity_o4__multiply_s0_o3__add_s1_o2__square_root_s2__reciprocal_s3__multiply_s4_o1__multiply_s5_o0,64,1,8,1048904936,16,0,1,1,1,1,5601,16.118,16.065,16.047,7.612,16.175
9,120,omega_elementwise_twin_r3_n4_fused_multiply_o0_o1__multiply_o2_o3__add_s0_s1_fused_multiply_o0_o3__multiply_o2_o1__subtract_s0_s1,128,1,7,100352,0,0,1,1,1,1,2857,16.118,16.065,16.047,7.612,16.175
10,122,omega_reduce_r4_o3_n2_multiply_add_zero,2048,32,4,1045360864,0,0,1,1,0,1,5982,16.118,16.065,16.047,7.612,16.175
11,129,omega_reduce_r3_o2_n2_multiply_add_zero_epi3_fused_identity_o3__multiply_s0_o2__add_s1_o1__square_root_s2__reciprocal_s3__multiply_s4_o0,64,1,7,100360,16,0,1,1,1,1,4798,16.118,16.065,16.047,7.612,16.175
12,104,omega_reduce_r3_o2_n2_multiply_add_zero_epi4_fused_identity_o4__multiply_s0_o3__add_s1_o2__square_root_s2__reciprocal_s3__multiply_s4_o1__multiply_s5_o0,512,8,8,1045387496,16,0,1,0,0,0,5625,16.118,16.065,16.047,7.612,16.175
13,132,omega_elementwise_twin_r3_n4_fused_multiply_o0_o1__multiply_o2_o3__subtract_s0_s1_fused_multiply_o0_o3__multiply_o2_o1__add_s0_s1,1024,1,7,25600,0,0,1,1,1,1,4542,16.118,16.065,16.047,7.612,16.175
14,168,omega_cached_attention_q1_h1_g8_d256_s3f800000_ln511_up0_x4_e1_k1_ds,17408,136,11,1710084,4128,0,1,1,1,1,21542,16.118,16.065,16.047,7.612,16.175
15,168,omega_cached_attention_q1_h1_g8_d256_s3f800000_ln511_up0_x4_e1_k1_ds_merge,8192,8,3,272384,0,0,1,1,1,1,5732,16.118,16.065,16.047,7.612,16.175
16,170,omega_reduce_r5_o2_n2_multiply_add_zero,12288,192,4,1048908000,0,0,1,1,1,1,9726,16.118,16.065,16.047,7.612,16.175
17,179,omega_reduce_r2_o1_n2_multiply_add_zero_epi5_fused_identity_o5__multiply_s0_o4__add_s1_o3__square_root_s2__reciprocal_s3__multiply_s4_o2__multiply_s5_o1__add_s6_o0,256,1,9,1029010632,32,0,1,1,1,1,6351,16.118,16.065,16.047,7.612,16.175
18,187,omega_reduce_r2_o1_n2_multiply_add_zero_epi4_fused_identity_o4__multiply_s0_o3__add_s1_o2__square_root_s2__reciprocal_s3__multiply_s4_o1__multiply_s5_o0,256,1,8,1034540264,32,0,1,1,1,1,5714,16.118,16.065,16.047,7.612,16.175
19,192,omega_reduce_r3_o2_n2_multiply_add_zero,49152,768,4,1039854816,0,0,1,1,1,1,19292,16.118,16.065,16.047,7.612,16.175
20,207,omega_reduce_r3_o2_n2_multiply_add_zero_epi9_fused_identity_o9__multiply_o5_o6__multiply_s1_o4__multiply_s2_o3__add_s3_o2__multiply_s4_o1__tanh_s5__add_s6_o0__multiply_o7_o8__multiply_s7_s8__multiply_s0_s9,49152,768,13,1034663152,0,0,1,1,1,1,19310,16.118,16.065,16.047,7.612,16.175
21,209,omega_reduce_r3_o2_n2_multiply_add_zero,12288,192,4,1045163232,0,0,1,1,1,1,20655,16.118,16.065,16.047,7.612,16.175
22,219,omega_reduce_r2_o1_n2_multiply_add_zero_epi5_fused_identity_o5__multiply_s0_o4__add_s1_o3__square_root_s2__reciprocal_s3__multiply_s4_o2__multiply_s5_o1__add_s6_o0,256,1,9,1029004488,32,0,1,1,1,1,6351,16.118,16.065,16.047,7.612,16.175
23,235,omega_reduce_r3_o2_n2_multiply_add_zero_epi5_fused_identity_o5__identity_o0__multiply_s0_s0__multiply_s0_s2__multiply_s3_o3__add_s0_s4__multiply_s5_o2__tanh_s6__add_s7_o1__multiply_s0_o4__multiply_s8_s9__multiply_s1_s10,2048,32,9,1029244144,0,0,1,1,1,1,6286,16.118,16.065,16.047,7.612,16.175
24,238,omega_reduce_r3_o2_n2_multiply_add_zero,12288,192,4,1028968640,0,0,1,1,1,1,4810,16.118,16.065,16.047,7.612,16.175
25,250,omega_reduce_r2_o1_n2_multiply_add_zero_epi6_fused_identity_o6__multiply_s0_o4__add_s1_o3__square_root_s2__reciprocal_s3__multiply_s4_o2__multiply_s5_o1__add_s6_o0__multiply_s7_o5,256,1,10,2057978280,32,0,1,1,1,1,7125,16.118,16.065,16.047,7.612,16.175
26,271,omega_reduce_r2_o1_n2_multiply_add_zero_epi4_fused_identity_o4__multiply_s0_o3__add_s1_o2__square_root_s2__reciprocal_s3__multiply_s4_o1__multiply_s5_o0,256,1,8,1028542664,32,0,1,1,1,1,5714,16.118,16.065,16.047,7.612,16.175
27,273,omega_reduce_r4_o3_n2_multiply_add_zero,16384,256,4,1026756800,0,0,1,1,1,1,10464,16.118,16.065,16.047,7.612,16.175
28,283,omega_reduce_r4_o3_n2_multiply_add_zero,2048,32,4,1028747456,0,0,1,0,0,0,5982,16.118,16.065,16.047,7.612,16.175
29,291,omega_reduce_r3_o2_n2_multiply_add_zero_epi4_fused_identity_o4__multiply_s0_o3__add_s1_o2__square_root_s2__reciprocal_s3__multiply_s4_o1__multiply_s5_o0,64,1,8,1028523208,16,0,1,1,1,1,5601,16.118,16.065,16.047,7.612,16.175
30,297,omega_elementwise_twin_r3_n4_fused_multiply_o0_o1__multiply_o2_o3__add_s0_s1_fused_multiply_o0_o3__multiply_o2_o1__subtract_s0_s1,128,1,7,100352,0,0,1,1,1,1,2857,16.118,16.065,16.047,7.612,16.175
31,299,omega_reduce_r4_o3_n2_multiply_add_zero,2048,32,4,1024979136,0,0,1,1,0,1,5982,16.118,16.065,16.047,7.612,16.175
32,306,omega_reduce_r3_o2_n2_multiply_add_zero_epi3_fused_identity_o3__multiply_s0_o2__add_s1_o1__square_root_s2__reciprocal_s3__multiply_s4_o0,64,1,7,100360,16,0,1,1,1,1,4798,16.118,16.065,16.047,7.612,16.175
33,281,omega_reduce_r3_o2_n2_multiply_add_zero_epi4_fused_identity_o4__multiply_s0_o3__add_s1_o2__square_root_s2__reciprocal_s3__multiply_s4_o1__multiply_s5_o0,512,8,8,1025005768,16,0,1,0,0,0,5625,16.118,16.065,16.047,7.612,16.175
34,309,omega_elementwise_twin_r3_n4_fused_multiply_o0_o1__multiply_o2_o3__subtract_s0_s1_fused_multiply_o0_o3__multiply_o2_o1__add_s0_s1,1024,1,7,25600,0,0,1,1,1,1,4542,16.118,16.065,16.047,7.612,16.175
35,345,omega_cached_attention_q1_h1_g8_d256_s3f800000_ln511_up0_x4_e1_k1_ds,17408,136,11,1710084,4128,0,1,1,1,1,21542,16.118,16.065,16.047,7.612,16.175
36,345,omega_cached_attention_q1_h1_g8_d256_s3f800000_ln511_up0_x4_e1_k1_ds_merge,8192,8,3,272384,0,0,1,1,1,1,5732,16.118,16.065,16.047,7.612,16.175
37,347,omega_reduce_r5_o2_n2_multiply_add_zero,12288,192,4,1028526272,0,0,1,1,1,1,9726,16.118,16.065,16.047,7.612,16.175
38,356,omega_reduce_r2_o1_n2_multiply_add_zero_epi5_fused_identity_o5__multiply_s0_o4__add_s1_o3__square_root_s2__reciprocal_s3__multiply_s4_o2__multiply_s5_o1__add_s6_o0,256,1,9,1008628904,32,0,1,1,1,1,6351,16.118,16.065,16.047,7.612,16.175
39,364,omega_reduce_r2_o1_n2_multiply_add_zero_epi4_fused_identity_o4__multiply_s0_o3__add_s1_o2__square_root_s2__reciprocal_s3__multiply_s4_o1__multiply_s5_o0,256,1,8,1014158536,32,0,1,1,1,1,5714,16.118,16.065,16.047,7.612,16.175
40,369,omega_reduce_r3_o2_n2_multiply_add_zero,49152,768,4,1019473088,0,0,1,1,1,1,19292,16.118,16.065,16.047,7.612,16.175
41,384,omega_reduce_r3_o2_n2_multiply_add_zero_epi9_fused_identity_o9__multiply_o5_o6__multiply_s1_o4__multiply_s2_o3__add_s3_o2__multiply_s4_o1__tanh_s5__add_s6_o0__multiply_o7_o8__multiply_s7_s8__multiply_s0_s9,49152,768,13,1014281424,0,0,1,1,1,1,19310,16.118,16.065,16.047,7.612,16.175
42,386,omega_reduce_r3_o2_n2_multiply_add_zero,12288,192,4,1024781504,0,0,1,1,1,1,20655,16.118,16.065,16.047,7.612,16.175
43,396,omega_reduce_r2_o1_n2_multiply_add_zero_epi5_fused_identity_o5__multiply_s0_o4__add_s1_o3__square_root_s2__reciprocal_s3__multiply_s4_o2__multiply_s5_o1__add_s6_o0,256,1,9,1008622760,32,0,1,1,1,1,6351,16.118,16.065,16.047,7.612,16.175
44,412,omega_reduce_r3_o2_n2_multiply_add_zero_epi5_fused_identity_o5__identity_o0__multiply_s0_s0__multiply_s0_s2__multiply_s3_o3__add_s0_s4__multiply_s5_o2__tanh_s6__add_s7_o1__multiply_s0_o4__multiply_s8_s9__multiply_s1_s10,2048,32,9,1008862416,0,0,1,1,1,1,6232,16.118,16.065,16.047,7.612,16.175
45,415,omega_reduce_r3_o2_n2_multiply_add_zero,12288,192,4,1008586912,0,0,1,1,1,1,4810,16.118,16.065,16.047,7.612,16.175
46,427,omega_reduce_r2_o1_n2_multiply_add_zero_epi6_fused_identity_o6__multiply_s0_o4__add_s1_o3__square_root_s2__reciprocal_s3__multiply_s4_o2__multiply_s5_o1__add_s6_o0__multiply_s7_o5,256,1,10,2017214824,32,0,1,1,1,1,7125,16.118,16.065,16.047,7.612,16.175
47,448,omega_reduce_r2_o1_n2_multiply_add_zero_epi4_fused_identity_o4__multiply_s0_o3__add_s1_o2__square_root_s2__reciprocal_s3__multiply_s4_o1__multiply_s5_o0,256,1,8,1008160936,32,0,1,1,1,1,5714,16.118,16.065,16.047,7.612,16.175
48,450,omega_reduce_r4_o3_n2_multiply_add_zero,16384,256,4,1006375072,0,0,1,1,1,1,10464,16.118,16.065,16.047,7.612,16.175
49,460,omega_reduce_r4_o3_n2_multiply_add_zero,2048,32,4,1008365728,0,0,1,0,0,0,5982,16.118,16.065,16.047,7.612,16.175
50,468,omega_reduce_r3_o2_n2_multiply_add_zero_epi4_fused_identity_o4__multiply_s0_o3__add_s1_o2__square_root_s2__reciprocal_s3__multiply_s4_o1__multiply_s5_o0,64,1,8,1008141480,16,0,1,1,1,1,5601,16.118,16.065,16.047,7.612,16.175
51,474,omega_elementwise_twin_r3_n4_fused_multiply_o0_o1__multiply_o2_o3__add_s0_s1_fused_multiply_o0_o3__multiply_o2_o1__subtract_s0_s1,128,1,7,100352,0,0,1,1,1,1,2857,16.118,16.065,16.047,7.612,16.175
52,476,omega_reduce_r4_o3_n2_multiply_add_zero,2048,32,4,1004597408,0,0,1,1,0,1,5982,16.118,16.065,16.047,7.612,16.175
53,483,omega_reduce_r3_o2_n2_multiply_add_zero_epi3_fused_identity_o3__multiply_s0_o2__add_s1_o1__square_root_s2__reciprocal_s3__multiply_s4_o0,64,1,7,100360,16,0,1,1,1,1,4798,16.118,16.065,16.047,7.612,16.175
54,458,omega_reduce_r3_o2_n2_multiply_add_zero_epi4_fused_identity_o4__multiply_s0_o3__add_s1_o2__square_root_s2__reciprocal_s3__multiply_s4_o1__multiply_s5_o0,512,8,8,1004624040,16,0,1,0,0,0,5625,16.118,16.065,16.047,7.612,16.175
55,486,omega_elementwise_twin_r3_n4_fused_multiply_o0_o1__multiply_o2_o3__subtract_s0_s1_fused_multiply_o0_o3__multiply_o2_o1__add_s0_s1,1024,1,7,25600,0,0,1,1,1,1,4542,16.118,16.065,16.047,7.612,16.175
56,522,omega_cached_attention_q1_h1_g8_d256_s3f800000_ln511_up0_x4_e1_k1_ds,17408,136,11,1710084,4128,0,1,1,1,1,21542,16.118,16.065,16.047,7.612,16.175
57,522,omega_cached_attention_q1_h1_g8_d256_s3f800000_ln511_up0_x4_e1_k1_ds_merge,8192,8,3,272384,0,0,1,1,1,1,5732,16.118,16.065,16.047,7.612,16.175
58,524,omega_reduce_r5_o2_n2_multiply_add_zero,12288,192,4,1008144544,0,0,1,1,1,1,9726,16.118,16.065,16.047,7.612,16.175
59,533,omega_reduce_r2_o1_n2_multiply_add_zero_epi5_fused_identity_o5__multiply_s0_o4__add_s1_o3__square_root_s2__reciprocal_s3__multiply_s4_o2__multiply_s5_o1__add_s6_o0,256,1,9,988247176,32,0,1,1,1,1,6351,16.118,16.065,16.047,7.612,16.175
60,541,omega_reduce_r2_o1_n2_multiply_add_zero_epi4_fused_identity_o4__multiply_s0_o3__add_s1_o2__square_root_s2__reciprocal_s3__multiply_s4_o1__multiply_s5_o0,256,1,8,993776808,32,0,1,1,1,1,5714,16.118,16.065,16.047,7.612,16.175
61,546,omega_reduce_r3_o2_n2_multiply_add_zero,49152,768,4,999091360,0,0,1,1,1,1,19292,16.118,16.065,16.047,7.612,16.175
62,561,omega_reduce_r3_o2_n2_multiply_add_zero_epi9_fused_identity_o9__multiply_o5_o6__multiply_s1_o4__multiply_s2_o3__add_s3_o2__multiply_s4_o1__tanh_s5__add_s6_o0__multiply_o7_o8__multiply_s7_s8__multiply_s0_s9,49152,768,13,993899696,0,0,1,1,1,1,19310,16.118,16.065,16.047,7.612,16.175
63,563,omega_reduce_r3_o2_n2_multiply_add_zero,12288,192,4,1004399776,0,0,1,1,1,1,20655,16.118,16.065,16.047,7.612,16.175
64,573,omega_reduce_r2_o1_n2_multiply_add_zero_epi5_fused_identity_o5__multiply_s0_o4__add_s1_o3__square_root_s2__reciprocal_s3__multiply_s4_o2__multiply_s5_o1__add_s6_o0,256,1,9,988241032,32,0,1,1,1,1,6351,16.118,16.065,16.047,7.612,16.175
65,589,omega_reduce_r3_o2_n2_multiply_add_zero_epi5_fused_identity_o5__identity_o0__multiply_s0_s0__multiply_s0_s2__multiply_s3_o3__add_s0_s4__multiply_s5_o2__tanh_s6__add_s7_o1__multiply_s0_o4__multiply_s8_s9__multiply_s1_s10,2048,32,9,988480688,0,0,1,1,1,1,6274,16.118,16.065,16.047,7.612,16.175
66,592,omega_reduce_r3_o2_n2_multiply_add_zero,12288,192,4,988205184,0,0,1,1,1,1,4810,16.118,16.065,16.047,7.612,16.175
67,604,omega_reduce_r2_o1_n2_multiply_add_zero_epi6_fused_identity_o6__multiply_s0_o4__add_s1_o3__square_root_s2__reciprocal_s3__multiply_s4_o2__multiply_s5_o1__add_s6_o0__multiply_s7_o5,256,1,10,1976451368,32,0,1,1,1,1,7125,16.118,16.065,16.047,7.612,16.175
68,625,omega_reduce_r2_o1_n2_multiply_add_zero_epi4_fused_identity_o4__multiply_s0_o3__add_s1_o2__square_root_s2__reciprocal_s3__multiply_s4_o1__multiply_s5_o0,256,1,8,987779208,32,0,1,1,1,1,5714,16.118,16.065,16.047,7.612,16.175
69,627,omega_reduce_r4_o3_n2_multiply_add_zero,16384,256,4,985993344,0,0,1,1,1,1,10464,16.118,16.065,16.047,7.612,16.175
70,637,omega_reduce_r4_o3_n2_multiply_add_zero,2048,32,4,987984000,0,0,1,0,0,0,5982,16.118,16.065,16.047,7.612,16.175
71,645,omega_reduce_r3_o2_n2_multiply_add_zero_epi4_fused_identity_o4__multiply_s0_o3__add_s1_o2__square_root_s2__reciprocal_s3__multiply_s4_o1__multiply_s5_o0,64,1,8,987759752,16,0,1,1,1,1,5601,16.118,16.065,16.047,7.612,16.175
72,651,omega_elementwise_twin_r3_n4_fused_multiply_o0_o1__multiply_o2_o3__add_s0_s1_fused_multiply_o0_o3__multiply_o2_o1__subtract_s0_s1,128,1,7,100352,0,0,1,1,1,1,2857,16.118,16.065,16.047,7.612,16.175
73,653,omega_reduce_r4_o3_n2_multiply_add_zero,2048,32,4,984215680,0,0,1,1,0,1,5982,16.118,16.065,16.047,7.612,16.175
74,660,omega_reduce_r3_o2_n2_multiply_add_zero_epi3_fused_identity_o3__multiply_s0_o2__add_s1_o1__square_root_s2__reciprocal_s3__multiply_s4_o0,64,1,7,100360,16,0,1,1,1,1,4798,16.118,16.065,16.047,7.612,16.175
75,635,omega_reduce_r3_o2_n2_multiply_add_zero_epi4_fused_identity_o4__multiply_s0_o3__add_s1_o2__square_root_s2__reciprocal_s3__multiply_s4_o1__multiply_s5_o0,512,8,8,984242312,16,0,1,0,0,0,5625,16.118,16.065,16.047,7.612,16.175
76,663,omega_elementwise_twin_r3_n4_fused_multiply_o0_o1__multiply_o2_o3__subtract_s0_s1_fused_multiply_o0_o3__multiply_o2_o1__add_s0_s1,1024,1,7,25600,0,0,1,1,1,1,4542,16.118,16.065,16.047,7.612,16.175
77,699,omega_cached_attention_q1_h1_g8_d256_s3f800000_ln511_up0_x4_e1_k1_ds,17408,136,11,1710084,4128,0,1,1,1,1,21542,16.118,16.065,16.047,7.612,16.175
78,699,omega_cached_attention_q1_h1_g8_d256_s3f800000_ln511_up0_x4_e1_k1_ds_merge,8192,8,3,272384,0,0,1,1,1,1,5732,16.118,16.065,16.047,7.612,16.175
79,701,omega_reduce_r5_o2_n2_multiply_add_zero,12288,192,4,987762816,0,0,1,1,1,1,9726,16.118,16.065,16.047,7.612,16.175
80,710,omega_reduce_r2_o1_n2_multiply_add_zero_epi5_fused_identity_o5__multiply_s0_o4__add_s1_o3__square_root_s2__reciprocal_s3__multiply_s4_o2__multiply_s5_o1__add_s6_o0,256,1,9,967865448,32,0,1,1,1,1,6351,16.118,16.065,16.047,7.612,16.175
81,718,omega_reduce_r2_o1_n2_multiply_add_zero_epi4_fused_identity_o4__multiply_s0_o3__add_s1_o2__square_root_s2__reciprocal_s3__multiply_s4_o1__multiply_s5_o0,256,1,8,973395080,32,0,1,1,1,1,5714,16.118,16.065,16.047,7.612,16.175
82,723,omega_reduce_r3_o2_n2_multiply_add_zero,49152,768,4,978709632,0,0,1,1,1,1,19292,16.118,16.065,16.047,7.612,16.175
83,738,omega_reduce_r3_o2_n2_multiply_add_zero_epi9_fused_identity_o9__multiply_o5_o6__multiply_s1_o4__multiply_s2_o3__add_s3_o2__multiply_s4_o1__tanh_s5__add_s6_o0__multiply_o7_o8__multiply_s7_s8__multiply_s0_s9,49152,768,13,973517968,0,0,1,1,1,1,19310,16.118,16.065,16.047,7.612,16.175
84,740,omega_reduce_r3_o2_n2_multiply_add_zero,12288,192,4,984018048,0,0,1,1,1,1,20655,16.118,16.065,16.047,7.612,16.175
85,750,omega_reduce_r2_o1_n2_multiply_add_zero_epi5_fused_identity_o5__multiply_s0_o4__add_s1_o3__square_root_s2__reciprocal_s3__multiply_s4_o2__multiply_s5_o1__add_s6_o0,256,1,9,967859304,32,0,1,1,1,1,6351,16.118,16.065,16.047,7.612,16.175
86,766,omega_reduce_r3_o2_n2_multiply_add_zero_epi5_fused_identity_o5__identity_o0__multiply_s0_s0__multiply_s0_s2__multiply_s3_o3__add_s0_s4__multiply_s5_o2__tanh_s6__add_s7_o1__multiply_s0_o4__multiply_s8_s9__multiply_s1_s10,2048,32,9,968098960,0,0,1,1,1,1,6321,16.118,16.065,16.047,7.612,16.175
87,769,omega_reduce_r3_o2_n2_multiply_add_zero,12288,192,4,967823456,0,0,1,1,1,1,4810,16.118,16.065,16.047,7.612,16.175
88,781,omega_reduce_r2_o1_n2_multiply_add_zero_epi6_fused_identity_o6__multiply_s0_o4__add_s1_o3__square_root_s2__reciprocal_s3__multiply_s4_o2__multiply_s5_o1__add_s6_o0__multiply_s7_o5,256,1,10,1935687912,32,0,1,1,1,1,7125,16.118,16.065,16.047,7.612,16.175
89,802,omega_reduce_r2_o1_n2_multiply_add_zero_epi4_fused_identity_o4__multiply_s0_o3__add_s1_o2__square_root_s2__reciprocal_s3__multiply_s4_o1__multiply_s5_o0,256,1,8,967175272,32,0,1,1,1,1,5714,16.118,16.065,16.047,7.612,16.175
90,804,omega_reduce_r4_o3_n2_multiply_add_zero,32768,512,4,963628128,0,0,1,1,1,1,17994,16.118,16.065,16.047,7.612,16.175
91,814,omega_reduce_r4_o3_n2_multiply_add_zero,4096,64,4,967603296,0,0,1,0,0,0,5970,16.118,16.065,16.047,7.612,16.175
92,822,omega_reduce_r3_o2_n2_multiply_add_zero_epi4_fused_identity_o4__multiply_s0_o3__add_s1_o2__square_root_s2__reciprocal_s3__multiply_s4_o1__multiply_s5_o0,128,1,8,967160936,16,0,1,1,1,1,5601,16.118,16.065,16.047,7.612,16.175
93,828,omega_elementwise_twin_r3_n4_fused_multiply_o0_o1__multiply_o2_o3__add_s0_s1_fused_multiply_o0_o3__multiply_o2_o1__subtract_s0_s1,256,1,7,200704,0,0,1,1,1,1,2893,16.118,16.065,16.047,7.612,16.175
94,830,omega_reduce_r4_o3_n2_multiply_add_zero,4096,64,4,960072800,0,0,1,1,0,1,5970,16.118,16.065,16.047,7.612,16.175
95,837,omega_reduce_r3_o2_n2_multiply_add_zero_epi3_fused_identity_o3__multiply_s0_o2__add_s1_o1__square_root_s2__reciprocal_s3__multiply_s4_o0,128,1,7,200712,16,0,1,1,1,1,4786,16.118,16.065,16.047,7.612,16.175
96,812,omega_reduce_r3_o2_n2_multiply_add_zero_epi4_fused_identity_o4__multiply_s0_o3__add_s1_o2__square_root_s2__reciprocal_s3__multiply_s4_o1__multiply_s5_o0,1024,8,8,960132200,16,0,1,0,0,0,5655,16.118,16.065,16.047,7.612,16.175
97,840,omega_elementwise_twin_r3_n4_fused_multiply_o0_o1__multiply_o2_o3__subtract_s0_s1_fused_multiply_o0_o3__multiply_o2_o1__add_s0_s1,2048,2,7,51200,0,0,1,1,1,1,4661,16.118,16.065,16.047,7.612,16.175
98,876,omega_cached_attention_q1_h1_g8_d512_s3f800000_ln9223372036854775808_up0_x4_e1_k1_ds,32768,256,11,5388292,8224,0,1,1,1,1,40887,16.118,16.065,16.047,7.612,16.175
99,876,omega_cached_attention_q1_h1_g8_d512_s3f800000_ln9223372036854775808_up0_x4_e1_k1_ds_merge,8192,8,3,542720,0,0,1,1,1,1,7726,16.118,16.065,16.047,7.612,16.175
100,878,omega_reduce_r5_o2_n2_multiply_add_zero,12288,192,4,967167072,0,0,1,1,1,1,16280,16.118,16.065,16.047,7.612,16.175
101,887,omega_reduce_r2_o1_n2_multiply_add_zero_epi5_fused_identity_o5__multiply_s0_o4__add_s1_o3__square_root_s2__reciprocal_s3__multiply_s4_o2__multiply_s5_o1__add_s6_o0,256,1,9,943500360,32,0,1,1,1,1,6351,16.118,16.065,16.047,7.612,16.175
102,895,omega_reduce_r2_o1_n2_multiply_add_zero_epi4_fused_identity_o4__multiply_s0_o3__add_s1_o2__square_root_s2__reciprocal_s3__multiply_s4_o1__multiply_s5_o0,256,1,8,949029992,32,0,1,1,1,1,5714,16.118,16.065,16.047,7.612,16.175
103,900,omega_reduce_r3_o2_n2_multiply_add_zero,49152,768,4,954344544,0,0,1,1,1,1,19292,16.118,16.065,16.047,7.612,16.175
104,915,omega_reduce_r3_o2_n2_multiply_add_zero_epi9_fused_identity_o9__multiply_o5_o6__multiply_s1_o4__multiply_s2_o3__add_s3_o2__multiply_s4_o1__tanh_s5__add_s6_o0__multiply_o7_o8__multiply_s7_s8__multiply_s0_s9,49152,768,13,949152880,0,0,1,1,1,1,19310,16.118,16.065,16.047,7.612,16.175
105,917,omega_reduce_r3_o2_n2_multiply_add_zero,12288,192,4,959652960,0,0,1,1,1,1,20655,16.118,16.065,16.047,7.612,16.175
106,927,omega_reduce_r2_o1_n2_multiply_add_zero_epi5_fused_identity_o5__multiply_s0_o4__add_s1_o3__square_root_s2__reciprocal_s3__multiply_s4_o2__multiply_s5_o1__add_s6_o0,256,1,9,943494216,32,0,1,1,1,1,6351,16.118,16.065,16.047,7.612,16.175
107,943,omega_reduce_r3_o2_n2_multiply_add_zero_epi5_fused_identity_o5__identity_o0__multiply_s0_s0__multiply_s0_s2__multiply_s3_o3__add_s0_s4__multiply_s5_o2__tanh_s6__add_s7_o1__multiply_s0_o4__multiply_s8_s9__multiply_s1_s10,2048,32,9,943733872,0,0,1,1,1,1,6315,16.118,16.065,16.047,7.612,16.175
108,946,omega_reduce_r3_o2_n2_multiply_add_zero,12288,192,4,943458368,0,0,1,1,1,1,4810,16.118,16.065,16.047,7.612,16.175
109,958,omega_reduce_r2_o1_n2_multiply_add_zero_epi6_fused_identity_o6__multiply_s0_o4__add_s1_o3__square_root_s2__reciprocal_s3__multiply_s4_o2__multiply_s5_o1__add_s6_o0__multiply_s7_o5,256,1,10,1886957736,32,0,1,1,1,1,7125,16.118,16.065,16.047,7.612,16.175
110,979,omega_reduce_r2_o1_n2_multiply_add_zero_epi4_fused_identity_o4__multiply_s0_o3__add_s1_o2__square_root_s2__reciprocal_s3__multiply_s4_o1__multiply_s5_o0,256,1,8,943032392,32,0,1,1,1,1,5714,16.118,16.065,16.047,7.612,16.175
111,981,omega_reduce_r4_o3_n2_multiply_add_zero,16384,256,4,941246528,0,0,1,1,1,1,10464,16.118,16.065,16.047,7.612,16.175
112,991,omega_reduce_r4_o3_n2_multiply_add_zero,2048,32,4,943237184,0,0,1,0,0,0,5982,16.118,16.065,16.047,7.612,16.175
113,999,omega_reduce_r3_o2_n2_multiply_add_zero_epi4_fused_identity_o4__multiply_s0_o3__add_s1_o2__square_root_s2__reciprocal_s3__multiply_s4_o1__multiply_s5_o0,64,1,8,943012936,16,0,1,1,1,1,5601,16.118,16.065,16.047,7.612,16.175
114,1005,omega_elementwise_twin_r3_n4_fused_multiply_o0_o1__multiply_o2_o3__add_s0_s1_fused_multiply_o0_o3__multiply_o2_o1__subtract_s0_s1,128,1,7,100352,0,0,1,1,1,1,2857,16.118,16.065,16.047,7.612,16.175
115,1007,omega_reduce_r4_o3_n2_multiply_add_zero,2048,32,4,939468864,0,0,1,1,0,1,5982,16.118,16.065,16.047,7.612,16.175
116,1014,omega_reduce_r3_o2_n2_multiply_add_zero_epi3_fused_identity_o3__multiply_s0_o2__add_s1_o1__square_root_s2__reciprocal_s3__multiply_s4_o0,64,1,7,100360,16,0,1,1,1,1,4798,16.118,16.065,16.047,7.612,16.175
117,989,omega_reduce_r3_o2_n2_multiply_add_zero_epi4_fused_identity_o4__multiply_s0_o3__add_s1_o2__square_root_s2__reciprocal_s3__multiply_s4_o1__multiply_s5_o0,512,8,8,939495496,16,0,1,0,0,0,5625,16.118,16.065,16.047,7.612,16.175
118,1017,omega_elementwise_twin_r3_n4_fused_multiply_o0_o1__multiply_o2_o3__subtract_s0_s1_fused_multiply_o0_o3__multiply_o2_o1__add_s0_s1,1024,1,7,25600,0,0,1,1,1,1,4542,16.118,16.065,16.047,7.612,16.175
119,1053,omega_cached_attention_q1_h1_g8_d256_s3f800000_ln511_up0_x4_e1_k1_ds,17408,136,11,1710084,4128,0,1,1,1,1,21542,16.118,16.065,16.047,7.612,16.175
120,1053,omega_cached_attention_q1_h1_g8_d256_s3f800000_ln511_up0_x4_e1_k1_ds_merge,8192,8,3,272384,0,0,1,1,1,1,5732,16.118,16.065,16.047,7.612,16.175
121,1055,omega_reduce_r5_o2_n2_multiply_add_zero,12288,192,4,943016000,0,0,1,1,1,1,9726,16.118,16.065,16.047,7.612,16.175
122,1064,omega_reduce_r2_o1_n2_multiply_add_zero_epi5_fused_identity_o5__multiply_s0_o4__add_s1_o3__square_root_s2__reciprocal_s3__multiply_s4_o2__multiply_s5_o1__add_s6_o0,256,1,9,923118632,32,0,1,1,1,1,6351,16.118,16.065,16.047,7.612,16.175
123,1072,omega_reduce_r2_o1_n2_multiply_add_zero_epi4_fused_identity_o4__multiply_s0_o3__add_s1_o2__square_root_s2__reciprocal_s3__multiply_s4_o1__multiply_s5_o0,256,1,8,928648264,32,0,1,1,1,1,5714,16.118,16.065,16.047,7.612,16.175
124,1077,omega_reduce_r3_o2_n2_multiply_add_zero,49152,768,4,933962816,0,0,1,1,1,1,19292,16.118,16.065,16.047,7.612,16.175
125,1092,omega_reduce_r3_o2_n2_multiply_add_zero_epi9_fused_identity_o9__multiply_o5_o6__multiply_s1_o4__multiply_s2_o3__add_s3_o2__multiply_s4_o1__tanh_s5__add_s6_o0__multiply_o7_o8__multiply_s7_s8__multiply_s0_s9,49152,768,13,928771152,0,0,1,1,1,1,19310,16.118,16.065,16.047,7.612,16.175
126,1094,omega_reduce_r3_o2_n2_multiply_add_zero,12288,192,4,939271232,0,0,1,1,1,1,20655,16.118,16.065,16.047,7.612,16.175
127,1104,omega_reduce_r2_o1_n2_multiply_add_zero_epi5_fused_identity_o5__multiply_s0_o4__add_s1_o3__square_root_s2__reciprocal_s3__multiply_s4_o2__multiply_s5_o1__add_s6_o0,256,1,9,923112488,32,0,1,1,1,1,6351,16.118,16.065,16.047,7.612,16.175
128,1120,omega_reduce_r3_o2_n2_multiply_add_zero_epi5_fused_identity_o5__identity_o0__multiply_s0_s0__multiply_s0_s2__multiply_s3_o3__add_s0_s4__multiply_s5_o2__tanh_s6__add_s7_o1__multiply_s0_o4__multiply_s8_s9__multiply_s1_s10,2048,32,9,923352144,0,0,1,1,1,1,6077,16.118,16.065,16.047,7.612,16.175
129,1123,omega_reduce_r3_o2_n2_multiply_add_zero,12288,192,4,923076640,0,0,1,1,1,1,4810,16.118,16.065,16.047,7.612,16.175
130,1135,omega_reduce_r2_o1_n2_multiply_add_zero_epi6_fused_identity_o6__multiply_s0_o4__add_s1_o3__square_root_s2__reciprocal_s3__multiply_s4_o2__multiply_s5_o1__add_s6_o0__multiply_s7_o5,256,1,10,1846194280,32,0,1,1,1,1,7125,16.118,16.065,16.047,7.612,16.175
131,1156,omega_reduce_r2_o1_n2_multiply_add_zero_epi4_fused_identity_o4__multiply_s0_o3__add_s1_o2__square_root_s2__reciprocal_s3__multiply_s4_o1__multiply_s5_o0,256,1,8,922650664,32,0,1,1,1,1,5714,16.118,16.065,16.047,7.612,16.175
132,1158,omega_reduce_r4_o3_n2_multiply_add_zero,16384,256,4,920864800,0,0,1,1,1,1,10464,16.118,16.065,16.047,7.612,16.175
133,1168,omega_reduce_r4_o3_n2_multiply_add_zero,2048,32,4,922855456,0,0,1,0,0,0,5982,16.118,16.065,16.047,7.612,16.175
134,1176,omega_reduce_r3_o2_n2_multiply_add_zero_epi4_fused_identity_o4__multiply_s0_o3__add_s1_o2__square_root_s2__reciprocal_s3__multiply_s4_o1__multiply_s5_o0,64,1,8,922631208,16,0,1,1,1,1,5601,16.118,16.065,16.047,7.612,16.175
135,1182,omega_elementwise_twin_r3_n4_fused_multiply_o0_o1__multiply_o2_o3__add_s0_s1_fused_multiply_o0_o3__multiply_o2_o1__subtract_s0_s1,128,1,7,100352,0,0,1,1,1,1,2857,16.118,16.065,16.047,7.612,16.175
136,1184,omega_reduce_r4_o3_n2_multiply_add_zero,2048,32,4,919087136,0,0,1,1,0,1,5982,16.118,16.065,16.047,7.612,16.175
137,1191,omega_reduce_r3_o2_n2_multiply_add_zero_epi3_fused_identity_o3__multiply_s0_o2__add_s1_o1__square_root_s2__reciprocal_s3__multiply_s4_o0,64,1,7,100360,16,0,1,1,1,1,4798,16.118,16.065,16.047,7.612,16.175
138,1166,omega_reduce_r3_o2_n2_multiply_add_zero_epi4_fused_identity_o4__multiply_s0_o3__add_s1_o2__square_root_s2__reciprocal_s3__multiply_s4_o1__multiply_s5_o0,512,8,8,919113768,16,0,1,0,0,0,5625,16.118,16.065,16.047,7.612,16.175
139,1194,omega_elementwise_twin_r3_n4_fused_multiply_o0_o1__multiply_o2_o3__subtract_s0_s1_fused_multiply_o0_o3__multiply_o2_o1__add_s0_s1,1024,1,7,25600,0,0,1,1,1,1,4542,16.118,16.065,16.047,7.612,16.175
140,1230,omega_cached_attention_q1_h1_g8_d256_s3f800000_ln511_up0_x4_e1_k1_ds,17408,136,11,1710084,4128,0,1,1,1,1,21542,16.118,16.065,16.047,7.612,16.175
141,1230,omega_cached_attention_q1_h1_g8_d256_s3f800000_ln511_up0_x4_e1_k1_ds_merge,8192,8,3,272384,0,0,1,1,1,1,5732,16.118,16.065,16.047,7.612,16.175
142,1232,omega_reduce_r5_o2_n2_multiply_add_zero,12288,192,4,922634272,0,0,1,1,1,1,9726,16.118,16.065,16.047,7.612,16.175
143,1241,omega_reduce_r2_o1_n2_multiply_add_zero_epi5_fused_identity_o5__multiply_s0_o4__add_s1_o3__square_root_s2__reciprocal_s3__multiply_s4_o2__multiply_s5_o1__add_s6_o0,256,1,9,902736904,32,0,1,1,1,1,6351,16.118,16.065,16.047,7.612,16.175
144,1249,omega_reduce_r2_o1_n2_multiply_add_zero_epi4_fused_identity_o4__multiply_s0_o3__add_s1_o2__square_root_s2__reciprocal_s3__multiply_s4_o1__multiply_s5_o0,256,1,8,908266536,32,0,1,1,1,1,5714,16.118,16.065,16.047,7.612,16.175
145,1254,omega_reduce_r3_o2_n2_multiply_add_zero,49152,768,4,913581088,0,0,1,1,1,1,19292,16.118,16.065,16.047,7.612,16.175
146,1269,omega_reduce_r3_o2_n2_multiply_add_zero_epi9_fused_identity_o9__multiply_o5_o6__multiply_s1_o4__multiply_s2_o3__add_s3_o2__multiply_s4_o1__tanh_s5__add_s6_o0__multiply_o7_o8__multiply_s7_s8__multiply_s0_s9,49152,768,13,908389424,0,0,1,1,1,1,19310,16.118,16.065,16.047,7.612,16.175
147,1271,omega_reduce_r3_o2_n2_multiply_add_zero,12288,192,4,918889504,0,0,1,1,1,1,20655,16.118,16.065,16.047,7.612,16.175
148,1281,omega_reduce_r2_o1_n2_multiply_add_zero_epi5_fused_identity_o5__multiply_s0_o4__add_s1_o3__square_root_s2__reciprocal_s3__multiply_s4_o2__multiply_s5_o1__add_s6_o0,256,1,9,902730760,32,0,1,1,1,1,6351,16.118,16.065,16.047,7.612,16.175
149,1297,omega_reduce_r3_o2_n2_multiply_add_zero_epi5_fused_identity_o5__identity_o0__multiply_s0_s0__multiply_s0_s2__multiply_s3_o3__add_s0_s4__multiply_s5_o2__tanh_s6__add_s7_o1__multiply_s0_o4__multiply_s8_s9__multiply_s1_s10,2048,32,9,902970416,0,0,1,1,1,1,6220,16.118,16.065,16.047,7.612,16.175
150,1300,omega_reduce_r3_o2_n2_multiply_add_zero,12288,192,4,902694912,0,0,1,1,1,1,4810,16.118,16.065,16.047,7.612,16.175
151,1312,omega_reduce_r2_o1_n2_multiply_add_zero_epi6_fused_identity_o6__multiply_s0_o4__add_s1_o3__square_root_s2__reciprocal_s3__multiply_s4_o2__multiply_s5_o1__add_s6_o0__multiply_s7_o5,256,1,10,1805430824,32,0,1,1,1,1,7125,16.118,16.065,16.047,7.612,16.175
152,1333,omega_reduce_r2_o1_n2_multiply_add_zero_epi4_fused_identity_o4__multiply_s0_o3__add_s1_o2__square_root_s2__reciprocal_s3__multiply_s4_o1__multiply_s5_o0,256,1,8,902268936,32,0,1,1,1,1,5714,16.118,16.065,16.047,7.612,16.175
153,1335,omega_reduce_r4_o3_n2_multiply_add_zero,16384,256,4,900483072,0,0,1,1,1,1,10464,16.118,16.065,16.047,7.612,16.175
154,1345,omega_reduce_r4_o3_n2_multiply_add_zero,2048,32,4,902473728,0,0,1,0,0,0,5982,16.118,16.065,16.047,7.612,16.175
155,1353,omega_reduce_r3_o2_n2_multiply_add_zero_epi4_fused_identity_o4__multiply_s0_o3__add_s1_o2__square_root_s2__reciprocal_s3__multiply_s4_o1__multiply_s5_o0,64,1,8,902249480,16,0,1,1,1,1,5601,16.118,16.065,16.047,7.612,16.175
156,1359,omega_elementwise_twin_r3_n4_fused_multiply_o0_o1__multiply_o2_o3__add_s0_s1_fused_multiply_o0_o3__multiply_o2_o1__subtract_s0_s1,128,1,7,100352,0,0,1,1,1,1,2857,16.118,16.065,16.047,7.612,16.175
157,1361,omega_reduce_r4_o3_n2_multiply_add_zero,2048,32,4,898705408,0,0,1,1,0,1,5982,16.118,16.065,16.047,7.612,16.175
158,1368,omega_reduce_r3_o2_n2_multiply_add_zero_epi3_fused_identity_o3__multiply_s0_o2__add_s1_o1__square_root_s2__reciprocal_s3__multiply_s4_o0,64,1,7,100360,16,0,1,1,1,1,4798,16.118,16.065,16.047,7.612,16.175
159,1343,omega_reduce_r3_o2_n2_multiply_add_zero_epi4_fused_identity_o4__multiply_s0_o3__add_s1_o2__square_root_s2__reciprocal_s3__multiply_s4_o1__multiply_s5_o0,512,8,8,898732040,16,0,1,0,0,0,5625,16.118,16.065,16.047,7.612,16.175
160,1371,omega_elementwise_twin_r3_n4_fused_multiply_o0_o1__multiply_o2_o3__subtract_s0_s1_fused_multiply_o0_o3__multiply_o2_o1__add_s0_s1,1024,1,7,25600,0,0,1,1,1,1,4542,16.118,16.065,16.047,7.612,16.175
161,1407,omega_cached_attention_q1_h1_g8_d256_s3f800000_ln511_up0_x4_e1_k1_ds,17408,136,11,1710084,4128,0,1,1,1,1,21542,16.118,16.065,16.047,7.612,16.175
162,1407,omega_cached_attention_q1_h1_g8_d256_s3f800000_ln511_up0_x4_e1_k1_ds_merge,8192,8,3,272384,0,0,1,1,1,1,5732,16.118,16.065,16.047,7.612,16.175
163,1409,omega_reduce_r5_o2_n2_multiply_add_zero,12288,192,4,902252544,0,0,1,1,1,1,9726,16.118,16.065,16.047,7.612,16.175
164,1418,omega_reduce_r2_o1_n2_multiply_add_zero_epi5_fused_identity_o5__multiply_s0_o4__add_s1_o3__square_root_s2__reciprocal_s3__multiply_s4_o2__multiply_s5_o1__add_s6_o0,256,1,9,882355176,32,0,1,1,1,1,6351,16.118,16.065,16.047,7.612,16.175
165,1426,omega_reduce_r2_o1_n2_multiply_add_zero_epi4_fused_identity_o4__multiply_s0_o3__add_s1_o2__square_root_s2__reciprocal_s3__multiply_s4_o1__multiply_s5_o0,256,1,8,887884808,32,0,1,1,1,1,5714,16.118,16.065,16.047,7.612,16.175
166,1431,omega_reduce_r3_o2_n2_multiply_add_zero,49152,768,4,893199360,0,0,1,1,1,1,19292,16.118,16.065,16.047,7.612,16.175
167,1446,omega_reduce_r3_o2_n2_multiply_add_zero_epi9_fused_identity_o9__multiply_o5_o6__multiply_s1_o4__multiply_s2_o3__add_s3_o2__multiply_s4_o1__tanh_s5__add_s6_o0__multiply_o7_o8__multiply_s7_s8__multiply_s0_s9,49152,768,13,888007696,0,0,1,1,1,1,19310,16.118,16.065,16.047,7.612,16.175
168,1448,omega_reduce_r3_o2_n2_multiply_add_zero,12288,192,4,898507776,0,0,1,1,1,1,20655,16.118,16.065,16.047,7.612,16.175
169,1458,omega_reduce_r2_o1_n2_multiply_add_zero_epi5_fused_identity_o5__multiply_s0_o4__add_s1_o3__square_root_s2__reciprocal_s3__multiply_s4_o2__multiply_s5_o1__add_s6_o0,256,1,9,882349032,32,0,1,1,1,1,6351,16.118,16.065,16.047,7.612,16.175
170,1474,omega_reduce_r3_o2_n2_multiply_add_zero_epi5_fused_identity_o5__identity_o0__multiply_s0_s0__multiply_s0_s2__multiply_s3_o3__add_s0_s4__multiply_s5_o2__tanh_s6__add_s7_o1__multiply_s0_o4__multiply_s8_s9__multiply_s1_s10,2048,32,9,882588688,0,0,1,1,1,1,6286,16.118,16.065,16.047,7.612,16.175
171,1477,omega_reduce_r3_o2_n2_multiply_add_zero,12288,192,4,882313184,0,0,1,1,1,1,4810,16.118,16.065,16.047,7.612,16.175
172,1489,omega_reduce_r2_o1_n2_multiply_add_zero_epi6_fused_identity_o6__multiply_s0_o4__add_s1_o3__square_root_s2__reciprocal_s3__multiply_s4_o2__multiply_s5_o1__add_s6_o0__multiply_s7_o5,256,1,10,1764667368,32,0,1,1,1,1,7125,16.118,16.065,16.047,7.612,16.175
173,1510,omega_reduce_r2_o1_n2_multiply_add_zero_epi4_fused_identity_o4__multiply_s0_o3__add_s1_o2__square_root_s2__reciprocal_s3__multiply_s4_o1__multiply_s5_o0,256,1,8,881887208,32,0,1,1,1,1,5714,16.118,16.065,16.047,7.612,16.175
174,1512,omega_reduce_r4_o3_n2_multiply_add_zero,16384,256,4,880101344,0,0,1,1,1,1,10464,16.118,16.065,16.047,7.612,16.175
175,1522,omega_reduce_r4_o3_n2_multiply_add_zero,2048,32,4,882092000,0,0,1,0,0,0,5982,16.118,16.065,16.047,7.612,16.175
176,1530,omega_reduce_r3_o2_n2_multiply_add_zero_epi4_fused_identity_o4__multiply_s0_o3__add_s1_o2__square_root_s2__reciprocal_s3__multiply_s4_o1__multiply_s5_o0,64,1,8,881867752,16,0,1,1,1,1,5601,16.118,16.065,16.047,7.612,16.175
177,1536,omega_elementwise_twin_r3_n4_fused_multiply_o0_o1__multiply_o2_o3__add_s0_s1_fused_multiply_o0_o3__multiply_o2_o1__subtract_s0_s1,128,1,7,100352,0,0,1,1,1,1,2857,16.118,16.065,16.047,7.612,16.175
178,1538,omega_reduce_r4_o3_n2_multiply_add_zero,2048,32,4,878323680,0,0,1,1,0,1,5982,16.118,16.065,16.047,7.612,16.175
179,1545,omega_reduce_r3_o2_n2_multiply_add_zero_epi3_fused_identity_o3__multiply_s0_o2__add_s1_o1__square_root_s2__reciprocal_s3__multiply_s4_o0,64,1,7,100360,16,0,1,1,1,1,4798,16.118,16.065,16.047,7.612,16.175
180,1520,omega_reduce_r3_o2_n2_multiply_add_zero_epi4_fused_identity_o4__multiply_s0_o3__add_s1_o2__square_root_s2__reciprocal_s3__multiply_s4_o1__multiply_s5_o0,512,8,8,878350312,16,0,1,0,0,0,5625,16.118,16.065,16.047,7.612,16.175
181,1548,omega_elementwise_twin_r3_n4_fused_multiply_o0_o1__multiply_o2_o3__subtract_s0_s1_fused_multiply_o0_o3__multiply_o2_o1__add_s0_s1,1024,1,7,25600,0,0,1,1,1,1,4542,16.118,16.065,16.047,7.612,16.175
182,1584,omega_cached_attention_q1_h1_g8_d256_s3f800000_ln511_up0_x4_e1_k1_ds,17408,136,11,1710084,4128,0,1,1,1,1,21542,16.118,16.065,16.047,7.612,16.175
183,1584,omega_cached_attention_q1_h1_g8_d256_s3f800000_ln511_up0_x4_e1_k1_ds_merge,8192,8,3,272384,0,0,1,1,1,1,5732,16.118,16.065,16.047,7.612,16.175
184,1586,omega_reduce_r5_o2_n2_multiply_add_zero,12288,192,4,881870816,0,0,1,1,1,1,9726,16.118,16.065,16.047,7.612,16.175
185,1595,omega_reduce_r2_o1_n2_multiply_add_zero_epi5_fused_identity_o5__multiply_s0_o4__add_s1_o3__square_root_s2__reciprocal_s3__multiply_s4_o2__multiply_s5_o1__add_s6_o0,256,1,9,861973448,32,0,1,1,1,1,6351,16.118,16.065,16.047,7.612,16.175
186,1603,omega_reduce_r2_o1_n2_multiply_add_zero_epi4_fused_identity_o4__multiply_s0_o3__add_s1_o2__square_root_s2__reciprocal_s3__multiply_s4_o1__multiply_s5_o0,256,1,8,867503080,32,0,1,1,1,1,5714,16.118,16.065,16.047,7.612,16.175
187,1608,omega_reduce_r3_o2_n2_multiply_add_zero,49152,768,4,872817632,0,0,1,1,1,1,19292,16.118,16.065,16.047,7.612,16.175
188,1623,omega_reduce_r3_o2_n2_multiply_add_zero_epi9_fused_identity_o9__multiply_o5_o6__multiply_s1_o4__multiply_s2_o3__add_s3_o2__multiply_s4_o1__tanh_s5__add_s6_o0__multiply_o7_o8__multiply_s7_s8__multiply_s0_s9,49152,768,13,867625968,0,0,1,1,1,1,19310,16.118,16.065,16.047,7.612,16.175
189,1625,omega_reduce_r3_o2_n2_multiply_add_zero,12288,192,4,878126048,0,0,1,1,1,1,20655,16.118,16.065,16.047,7.612,16.175
190,1635,omega_reduce_r2_o1_n2_multiply_add_zero_epi5_fused_identity_o5__multiply_s0_o4__add_s1_o3__square_root_s2__reciprocal_s3__multiply_s4_o2__multiply_s5_o1__add_s6_o0,256,1,9,861967304,32,0,1,1,1,1,6351,16.118,16.065,16.047,7.612,16.175
191,1651,omega_reduce_r3_o2_n2_multiply_add_zero_epi5_fused_identity_o5__identity_o0__multiply_s0_s0__multiply_s0_s2__multiply_s3_o3__add_s0_s4__multiply_s5_o2__tanh_s6__add_s7_o1__multiply_s0_o4__multiply_s8_s9__multiply_s1_s10,2048,32,9,862206960,0,0,1,1,1,1,6226,16.118,16.065,16.047,7.612,16.175
192,1654,omega_reduce_r3_o2_n2_multiply_add_zero,12288,192,4,861931456,0,0,1,1,1,1,4810,16.118,16.065,16.047,7.612,16.175
193,1666,omega_reduce_r2_o1_n2_multiply_add_zero_epi6_fused_identity_o6__multiply_s0_o4__add_s1_o3__square_root_s2__reciprocal_s3__multiply_s4_o2__multiply_s5_o1__add_s6_o0__multiply_s7_o5,256,1,10,1723903912,32,0,1,1,1,1,7125,16.118,16.065,16.047,7.612,16.175
194,1687,omega_reduce_r2_o1_n2_multiply_add_zero_epi4_fused_identity_o4__multiply_s0_o3__add_s1_o2__square_root_s2__reciprocal_s3__multiply_s4_o1__multiply_s5_o0,256,1,8,861283272,32,0,1,1,1,1,5714,16.118,16.065,16.047,7.612,16.175
195,1689,omega_reduce_r4_o3_n2_multiply_add_zero,32768,512,4,857736128,0,0,1,1,1,1,17994,16.118,16.065,16.047,7.612,16.175
196,1699,omega_reduce_r4_o3_n2_multiply_add_zero,4096,64,4,861711296,0,0,1,0,0,0,5970,16.118,16.065,16.047,7.612,16.175
197,1707,omega_reduce_r3_o2_n2_multiply_add_zero_epi4_fused_identity_o4__multiply_s0_o3__add_s1_o2__square_root_s2__reciprocal_s3__multiply_s4_o1__multiply_s5_o0,128,1,8,861268936,16,0,1,1,1,1,5601,16.118,16.065,16.047,7.612,16.175
198,1713,omega_elementwise_twin_r3_n4_fused_multiply_o0_o1__multiply_o2_o3__add_s0_s1_fused_multiply_o0_o3__multiply_o2_o1__subtract_s0_s1,256,1,7,200704,0,0,1,1,1,1,2893,16.118,16.065,16.047,7.612,16.175
199,1715,omega_reduce_r4_o3_n2_multiply_add_zero,4096,64,4,854180800,0,0,1,1,0,1,5970,16.118,16.065,16.047,7.612,16.175
200,1722,omega_reduce_r3_o2_n2_multiply_add_zero_epi3_fused_identity_o3__multiply_s0_o2__add_s1_o1__square_root_s2__reciprocal_s3__multiply_s4_o0,128,1,7,200712,16,0,1,1,1,1,4786,16.118,16.065,16.047,7.612,16.175
201,1697,omega_reduce_r3_o2_n2_multiply_add_zero_epi4_fused_identity_o4__multiply_s0_o3__add_s1_o2__square_root_s2__reciprocal_s3__multiply_s4_o1__multiply_s5_o0,1024,8,8,854240200,16,0,1,0,0,0,5655,16.118,16.065,16.047,7.612,16.175
202,1725,omega_elementwise_twin_r3_n4_fused_multiply_o0_o1__multiply_o2_o3__subtract_s0_s1_fused_multiply_o0_o3__multiply_o2_o1__add_s0_s1,2048,2,7,51200,0,0,1,1,1,1,4661,16.118,16.065,16.047,7.612,16.175
203,1761,omega_cached_attention_q1_h1_g8_d512_s3f800000_ln9223372036854775808_up0_x4_e1_k1_ds,32768,256,11,5388292,8224,0,1,1,1,1,40887,16.118,16.065,16.047,7.612,16.175
204,1761,omega_cached_attention_q1_h1_g8_d512_s3f800000_ln9223372036854775808_up0_x4_e1_k1_ds_merge,8192,8,3,542720,0,0,1,1,1,1,7726,16.118,16.065,16.047,7.612,16.175
205,1763,omega_reduce_r5_o2_n2_multiply_add_zero,12288,192,4,861275072,0,0,1,1,1,1,16280,16.118,16.065,16.047,7.612,16.175
206,1772,omega_reduce_r2_o1_n2_multiply_add_zero_epi5_fused_identity_o5__multiply_s0_o4__add_s1_o3__square_root_s2__reciprocal_s3__multiply_s4_o2__multiply_s5_o1__add_s6_o0,256,1,9,837608360,32,0,1,1,1,1,6351,16.118,16.065,16.047,7.612,16.175
207,1780,omega_reduce_r2_o1_n2_multiply_add_zero_epi4_fused_identity_o4__multiply_s0_o3__add_s1_o2__square_root_s2__reciprocal_s3__multiply_s4_o1__multiply_s5_o0,256,1,8,843137992,32,0,1,1,1,1,5714,16.118,16.065,16.047,7.612,16.175
208,1785,omega_reduce_r3_o2_n2_multiply_add_zero,49152,768,4,848452544,0,0,1,1,1,1,19292,16.118,16.065,16.047,7.612,16.175
209,1800,omega_reduce_r3_o2_n2_multiply_add_zero_epi9_fused_identity_o9__multiply_o5_o6__multiply_s1_o4__multiply_s2_o3__add_s3_o2__multiply_s4_o1__tanh_s5__add_s6_o0__multiply_o7_o8__multiply_s7_s8__multiply_s0_s9,49152,768,13,843260880,0,0,1,1,1,1,19310,16.118,16.065,16.047,7.612,16.175
210,1802,omega_reduce_r3_o2_n2_multiply_add_zero,12288,192,4,853760960,0,0,1,1,1,1,20655,16.118,16.065,16.047,7.612,16.175
211,1812,omega_reduce_r2_o1_n2_multiply_add_zero_epi5_fused_identity_o5__multiply_s0_o4__add_s1_o3__square_root_s2__reciprocal_s3__multiply_s4_o2__multiply_s5_o1__add_s6_o0,256,1,9,837602216,32,0,1,1,1,1,6351,16.118,16.065,16.047,7.612,16.175
212,1828,omega_reduce_r3_o2_n2_multiply_add_zero_epi5_fused_identity_o5__identity_o0__multiply_s0_s0__multiply_s0_s2__multiply_s3_o3__add_s0_s4__multiply_s5_o2__tanh_s6__add_s7_o1__multiply_s0_o4__multiply_s8_s9__multiply_s1_s10,2048,32,9,837841872,0,0,1,1,1,1,6268,16.118,16.065,16.047,7.612,16.175
213,1831,omega_reduce_r3_o2_n2_multiply_add_zero,12288,192,4,837566368,0,0,1,1,1,1,4810,16.118,16.065,16.047,7.612,16.175
214,1843,omega_reduce_r2_o1_n2_multiply_add_zero_epi6_fused_identity_o6__multiply_s0_o4__add_s1_o3__square_root_s2__reciprocal_s3__multiply_s4_o2__multiply_s5_o1__add_s6_o0__multiply_s7_o5,256,1,10,1675173736,32,0,1,1,1,1,7125,16.118,16.065,16.047,7.612,16.175
215,1864,omega_reduce_r2_o1_n2_multiply_add_zero_epi4_fused_identity_o4__multiply_s0_o3__add_s1_o2__square_root_s2__reciprocal_s3__multiply_s4_o1__multiply_s5_o0,256,1,8,837140392,32,0,1,1,1,1,5714,16.118,16.065,16.047,7.612,16.175
216,1866,omega_reduce_r4_o3_n2_multiply_add_zero,16384,256,4,835354528,0,0,1,1,1,1,10464,16.118,16.065,16.047,7.612,16.175
217,1876,omega_reduce_r4_o3_n2_multiply_add_zero,2048,32,4,837345184,0,0,1,0,0,0,5982,16.118,16.065,16.047,7.612,16.175
218,1884,omega_reduce_r3_o2_n2_multiply_add_zero_epi4_fused_identity_o4__multiply_s0_o3__add_s1_o2__square_root_s2__reciprocal_s3__multiply_s4_o1__multiply_s5_o0,64,1,8,837120936,16,0,1,1,1,1,5601,16.118,16.065,16.047,7.612,16.175
219,1890,omega_elementwise_twin_r3_n4_fused_multiply_o0_o1__multiply_o2_o3__add_s0_s1_fused_multiply_o0_o3__multiply_o2_o1__subtract_s0_s1,128,1,7,100352,0,0,1,1,1,1,2857,16.118,16.065,16.047,7.612,16.175
220,1892,omega_reduce_r4_o3_n2_multiply_add_zero,2048,32,4,833576864,0,0,1,1,0,1,5982,16.118,16.065,16.047,7.612,16.175
221,1899,omega_reduce_r3_o2_n2_multiply_add_zero_epi3_fused_identity_o3__multiply_s0_o2__add_s1_o1__square_root_s2__reciprocal_s3__multiply_s4_o0,64,1,7,100360,16,0,1,1,1,1,4798,16.118,16.065,16.047,7.612,16.175
222,1874,omega_reduce_r3_o2_n2_multiply_add_zero_epi4_fused_identity_o4__multiply_s0_o3__add_s1_o2__square_root_s2__reciprocal_s3__multiply_s4_o1__multiply_s5_o0,512,8,8,833603496,16,0,1,0,0,0,5625,16.118,16.065,16.047,7.612,16.175
223,1902,omega_elementwise_twin_r3_n4_fused_multiply_o0_o1__multiply_o2_o3__subtract_s0_s1_fused_multiply_o0_o3__multiply_o2_o1__add_s0_s1,1024,1,7,25600,0,0,1,1,1,1,4542,16.118,16.065,16.047,7.612,16.175
224,1938,omega_cached_attention_q1_h1_g8_d256_s3f800000_ln511_up0_x4_e1_k1_ds,17408,136,11,1710084,4128,0,1,1,1,1,21542,16.118,16.065,16.047,7.612,16.175
225,1938,omega_cached_attention_q1_h1_g8_d256_s3f800000_ln511_up0_x4_e1_k1_ds_merge,8192,8,3,272384,0,0,1,1,1,1,5732,16.118,16.065,16.047,7.612,16.175
226,1940,omega_reduce_r5_o2_n2_multiply_add_zero,12288,192,4,837124000,0,0,1,1,1,1,9726,16.118,16.065,16.047,7.612,16.175
227,1949,omega_reduce_r2_o1_n2_multiply_add_zero_epi5_fused_identity_o5__multiply_s0_o4__add_s1_o3__square_root_s2__reciprocal_s3__multiply_s4_o2__multiply_s5_o1__add_s6_o0,256,1,9,817226632,32,0,1,1,1,1,6351,16.118,16.065,16.047,7.612,16.175
228,1957,omega_reduce_r2_o1_n2_multiply_add_zero_epi4_fused_identity_o4__multiply_s0_o3__add_s1_o2__square_root_s2__reciprocal_s3__multiply_s4_o1__multiply_s5_o0,256,1,8,822756264,32,0,1,1,1,1,5714,16.118,16.065,16.047,7.612,16.175
229,1962,omega_reduce_r3_o2_n2_multiply_add_zero,49152,768,4,828070816,0,0,1,1,1,1,19292,16.118,16.065,16.047,7.612,16.175
230,1977,omega_reduce_r3_o2_n2_multiply_add_zero_epi9_fused_identity_o9__multiply_o5_o6__multiply_s1_o4__multiply_s2_o3__add_s3_o2__multiply_s4_o1__tanh_s5__add_s6_o0__multiply_o7_o8__multiply_s7_s8__multiply_s0_s9,49152,768,13,822879152,0,0,1,1,1,1,19310,16.118,16.065,16.047,7.612,16.175
231,1979,omega_reduce_r3_o2_n2_multiply_add_zero,12288,192,4,833379232,0,0,1,1,1,1,20655,16.118,16.065,16.047,7.612,16.175
232,1989,omega_reduce_r2_o1_n2_multiply_add_zero_epi5_fused_identity_o5__multiply_s0_o4__add_s1_o3__square_root_s2__reciprocal_s3__multiply_s4_o2__multiply_s5_o1__add_s6_o0,256,1,9,817220488,32,0,1,1,1,1,6351,16.118,16.065,16.047,7.612,16.175
233,2005,omega_reduce_r3_o2_n2_multiply_add_zero_epi5_fused_identity_o5__identity_o0__multiply_s0_s0__multiply_s0_s2__multiply_s3_o3__add_s0_s4__multiply_s5_o2__tanh_s6__add_s7_o1__multiply_s0_o4__multiply_s8_s9__multiply_s1_s10,2048,32,9,817460144,0,0,1,1,1,1,6357,16.118,16.065,16.047,7.612,16.175
234,2008,omega_reduce_r3_o2_n2_multiply_add_zero,12288,192,4,817184640,0,0,1,1,1,1,4810,16.118,16.065,16.047,7.612,16.175
235,2020,omega_reduce_r2_o1_n2_multiply_add_zero_epi6_fused_identity_o6__multiply_s0_o4__add_s1_o3__square_root_s2__reciprocal_s3__multiply_s4_o2__multiply_s5_o1__add_s6_o0__multiply_s7_o5,256,1,10,1634410280,32,0,1,1,1,1,7125,16.118,16.065,16.047,7.612,16.175
236,2041,omega_reduce_r2_o1_n2_multiply_add_zero_epi4_fused_identity_o4__multiply_s0_o3__add_s1_o2__square_root_s2__reciprocal_s3__multiply_s4_o1__multiply_s5_o0,256,1,8,816758664,32,0,1,1,1,1,5714,16.118,16.065,16.047,7.612,16.175
237,2043,omega_reduce_r4_o3_n2_multiply_add_zero,16384,256,4,814972800,0,0,1,1,1,1,10464,16.118,16.065,16.047,7.612,16.175
238,2053,omega_reduce_r4_o3_n2_multiply_add_zero,2048,32,4,816963456,0,0,1,0,0,0,5982,16.118,16.065,16.047,7.612,16.175
239,2061,omega_reduce_r3_o2_n2_multiply_add_zero_epi4_fused_identity_o4__multiply_s0_o3__add_s1_o2__square_root_s2__reciprocal_s3__multiply_s4_o1__multiply_s5_o0,64,1,8,816739208,16,0,1,1,1,1,5601,16.118,16.065,16.047,7.612,16.175
240,2067,omega_elementwise_twin_r3_n4_fused_multiply_o0_o1__multiply_o2_o3__add_s0_s1_fused_multiply_o0_o3__multiply_o2_o1__subtract_s0_s1,128,1,7,100352,0,0,1,1,1,1,2857,16.118,16.065,16.047,7.612,16.175
241,2069,omega_reduce_r4_o3_n2_multiply_add_zero,2048,32,4,813195136,0,0,1,1,0,1,5982,16.118,16.065,16.047,7.612,16.175
242,2076,omega_reduce_r3_o2_n2_multiply_add_zero_epi3_fused_identity_o3__multiply_s0_o2__add_s1_o1__square_root_s2__reciprocal_s3__multiply_s4_o0,64,1,7,100360,16,0,1,1,1,1,4798,16.118,16.065,16.047,7.612,16.175
243,2051,omega_reduce_r3_o2_n2_multiply_add_zero_epi4_fused_identity_o4__multiply_s0_o3__add_s1_o2__square_root_s2__reciprocal_s3__multiply_s4_o1__multiply_s5_o0,512,8,8,813221768,16,0,1,0,0,0,5625,16.118,16.065,16.047,7.612,16.175
244,2079,omega_elementwise_twin_r3_n4_fused_multiply_o0_o1__multiply_o2_o3__subtract_s0_s1_fused_multiply_o0_o3__multiply_o2_o1__add_s0_s1,1024,1,7,25600,0,0,1,1,1,1,4542,16.118,16.065,16.047,7.612,16.175
245,2115,omega_cached_attention_q1_h1_g8_d256_s3f800000_ln511_up0_x4_e1_k1_ds,17408,136,11,1710084,4128,0,1,1,1,1,21542,16.118,16.065,16.047,7.612,16.175
246,2115,omega_cached_attention_q1_h1_g8_d256_s3f800000_ln511_up0_x4_e1_k1_ds_merge,8192,8,3,272384,0,0,1,1,1,1,5732,16.118,16.065,16.047,7.612,16.175
247,2117,omega_reduce_r5_o2_n2_multiply_add_zero,12288,192,4,816742272,0,0,1,1,1,1,9726,16.118,16.065,16.047,7.612,16.175
248,2126,omega_reduce_r2_o1_n2_multiply_add_zero_epi5_fused_identity_o5__multiply_s0_o4__add_s1_o3__square_root_s2__reciprocal_s3__multiply_s4_o2__multiply_s5_o1__add_s6_o0,256,1,9,796844904,32,0,1,1,1,1,6351,16.118,16.065,16.047,7.612,16.175
249,2134,omega_reduce_r2_o1_n2_multiply_add_zero_epi4_fused_identity_o4__multiply_s0_o3__add_s1_o2__square_root_s2__reciprocal_s3__multiply_s4_o1__multiply_s5_o0,256,1,8,802374536,32,0,1,1,1,1,5714,16.118,16.065,16.047,7.612,16.175
250,2139,omega_reduce_r3_o2_n2_multiply_add_zero,49152,768,4,807689088,0,0,1,1,1,1,19292,16.118,16.065,16.047,7.612,16.175
251,2154,omega_reduce_r3_o2_n2_multiply_add_zero_epi9_fused_identity_o9__multiply_o5_o6__multiply_s1_o4__multiply_s2_o3__add_s3_o2__multiply_s4_o1__tanh_s5__add_s6_o0__multiply_o7_o8__multiply_s7_s8__multiply_s0_s9,49152,768,13,802497424,0,0,1,1,1,1,19310,16.118,16.065,16.047,7.612,16.175
252,2156,omega_reduce_r3_o2_n2_multiply_add_zero,12288,192,4,812997504,0,0,1,1,1,1,20655,16.118,16.065,16.047,7.612,16.175
253,2166,omega_reduce_r2_o1_n2_multiply_add_zero_epi5_fused_identity_o5__multiply_s0_o4__add_s1_o3__square_root_s2__reciprocal_s3__multiply_s4_o2__multiply_s5_o1__add_s6_o0,256,1,9,796838760,32,0,1,1,1,1,6351,16.118,16.065,16.047,7.612,16.175
254,2182,omega_reduce_r3_o2_n2_multiply_add_zero_epi5_fused_identity_o5__identity_o0__multiply_s0_s0__multiply_s0_s2__multiply_s3_o3__add_s0_s4__multiply_s5_o2__tanh_s6__add_s7_o1__multiply_s0_o4__multiply_s8_s9__multiply_s1_s10,2048,32,9,797078416,0,0,1,1,1,1,6304,16.118,16.065,16.047,7.612,16.175
255,2185,omega_reduce_r3_o2_n2_multiply_add_zero,12288,192,4,796802912,0,0,1,1,1,1,4810,16.118,16.065,16.047,7.612,16.175
256,2197,omega_reduce_r2_o1_n2_multiply_add_zero_epi6_fused_identity_o6__multiply_s0_o4__add_s1_o3__square_root_s2__reciprocal_s3__multiply_s4_o2__multiply_s5_o1__add_s6_o0__multiply_s7_o5,256,1,10,1593646824,32,0,1,1,1,1,7125,16.118,16.065,16.047,7.612,16.175
257,2218,omega_reduce_r2_o1_n2_multiply_add_zero_epi4_fused_identity_o4__multiply_s0_o3__add_s1_o2__square_root_s2__reciprocal_s3__multiply_s4_o1__multiply_s5_o0,256,1,8,796376936,32,0,1,1,1,1,5714,16.118,16.065,16.047,7.612,16.175
258,2220,omega_reduce_r4_o3_n2_multiply_add_zero,16384,256,4,794591072,0,0,1,1,1,1,10464,16.118,16.065,16.047,7.612,16.175
259,2230,omega_reduce_r4_o3_n2_multiply_add_zero,2048,32,4,796581728,0,0,1,0,0,0,5982,16.118,16.065,16.047,7.612,16.175
260,2238,omega_reduce_r3_o2_n2_multiply_add_zero_epi4_fused_identity_o4__multiply_s0_o3__add_s1_o2__square_root_s2__reciprocal_s3__multiply_s4_o1__multiply_s5_o0,64,1,8,796357480,16,0,1,1,1,1,5601,16.118,16.065,16.047,7.612,16.175
261,2244,omega_elementwise_twin_r3_n4_fused_multiply_o0_o1__multiply_o2_o3__add_s0_s1_fused_multiply_o0_o3__multiply_o2_o1__subtract_s0_s1,128,1,7,100352,0,0,1,1,1,1,2857,16.118,16.065,16.047,7.612,16.175
262,2246,omega_reduce_r4_o3_n2_multiply_add_zero,2048,32,4,792813408,0,0,1,1,0,1,5982,16.118,16.065,16.047,7.612,16.175
263,2253,omega_reduce_r3_o2_n2_multiply_add_zero_epi3_fused_identity_o3__multiply_s0_o2__add_s1_o1__square_root_s2__reciprocal_s3__multiply_s4_o0,64,1,7,100360,16,0,1,1,1,1,4798,16.118,16.065,16.047,7.612,16.175
264,2228,omega_reduce_r3_o2_n2_multiply_add_zero_epi4_fused_identity_o4__multiply_s0_o3__add_s1_o2__square_root_s2__reciprocal_s3__multiply_s4_o1__multiply_s5_o0,512,8,8,792840040,16,0,1,0,0,0,5625,16.118,16.065,16.047,7.612,16.175
265,2256,omega_elementwise_twin_r3_n4_fused_multiply_o0_o1__multiply_o2_o3__subtract_s0_s1_fused_multiply_o0_o3__multiply_o2_o1__add_s0_s1,1024,1,7,25600,0,0,1,1,1,1,4542,16.118,16.065,16.047,7.612,16.175
266,2292,omega_cached_attention_q1_h1_g8_d256_s3f800000_ln511_up0_x4_e1_k1_ds,17408,136,11,1710084,4128,0,1,1,1,1,21542,16.118,16.065,16.047,7.612,16.175
267,2292,omega_cached_attention_q1_h1_g8_d256_s3f800000_ln511_up0_x4_e1_k1_ds_merge,8192,8,3,272384,0,0,1,1,1,1,5732,16.118,16.065,16.047,7.612,16.175
268,2294,omega_reduce_r5_o2_n2_multiply_add_zero,12288,192,4,796360544,0,0,1,1,1,1,9726,16.118,16.065,16.047,7.612,16.175
269,2303,omega_reduce_r2_o1_n2_multiply_add_zero_epi5_fused_identity_o5__multiply_s0_o4__add_s1_o3__square_root_s2__reciprocal_s3__multiply_s4_o2__multiply_s5_o1__add_s6_o0,256,1,9,776463176,32,0,1,1,1,1,6351,16.118,16.065,16.047,7.612,16.175
270,2311,omega_reduce_r2_o1_n2_multiply_add_zero_epi4_fused_identity_o4__multiply_s0_o3__add_s1_o2__square_root_s2__reciprocal_s3__multiply_s4_o1__multiply_s5_o0,256,1,8,781992808,32,0,1,1,1,1,5714,16.118,16.065,16.047,7.612,16.175
271,2316,omega_reduce_r3_o2_n2_multiply_add_zero,49152,768,4,787307360,0,0,1,1,1,1,19292,16.118,16.065,16.047,7.612,16.175
272,2331,omega_reduce_r3_o2_n2_multiply_add_zero_epi9_fused_identity_o9__multiply_o5_o6__multiply_s1_o4__multiply_s2_o3__add_s3_o2__multiply_s4_o1__tanh_s5__add_s6_o0__multiply_o7_o8__multiply_s7_s8__multiply_s0_s9,49152,768,13,782115696,0,0,1,1,1,1,19310,16.118,16.065,16.047,7.612,16.175
273,2333,omega_reduce_r3_o2_n2_multiply_add_zero,12288,192,4,792615776,0,0,1,1,1,1,20655,16.118,16.065,16.047,7.612,16.175
274,2343,omega_reduce_r2_o1_n2_multiply_add_zero_epi5_fused_identity_o5__multiply_s0_o4__add_s1_o3__square_root_s2__reciprocal_s3__multiply_s4_o2__multiply_s5_o1__add_s6_o0,256,1,9,776457032,32,0,1,1,1,1,6351,16.118,16.065,16.047,7.612,16.175
275,2359,omega_reduce_r3_o2_n2_multiply_add_zero_epi5_fused_identity_o5__identity_o0__multiply_s0_s0__multiply_s0_s2__multiply_s3_o3__add_s0_s4__multiply_s5_o2__tanh_s6__add_s7_o1__multiply_s0_o4__multiply_s8_s9__multiply_s1_s10,2048,32,9,776696688,0,0,1,1,1,1,6292,16.118,16.065,16.047,7.612,16.175
276,2362,omega_reduce_r3_o2_n2_multiply_add_zero,12288,192,4,776421184,0,0,1,1,1,1,4810,16.118,16.065,16.047,7.612,16.175
277,2374,omega_reduce_r2_o1_n2_multiply_add_zero_epi6_fused_identity_o6__multiply_s0_o4__add_s1_o3__square_root_s2__reciprocal_s3__multiply_s4_o2__multiply_s5_o1__add_s6_o0__multiply_s7_o5,256,1,10,1552883368,32,0,1,1,1,1,7125,16.118,16.065,16.047,7.612,16.175
278,2395,omega_reduce_r2_o1_n2_multiply_add_zero_epi4_fused_identity_o4__multiply_s0_o3__add_s1_o2__square_root_s2__reciprocal_s3__multiply_s4_o1__multiply_s5_o0,256,1,8,775995208,32,0,1,1,1,1,5714,16.118,16.065,16.047,7.612,16.175
279,2397,omega_reduce_r4_o3_n2_multiply_add_zero,16384,256,4,774209344,0,0,1,1,1,1,10464,16.118,16.065,16.047,7.612,16.175
280,2407,omega_reduce_r4_o3_n2_multiply_add_zero,2048,32,4,776200000,0,0,1,0,0,0,5982,16.118,16.065,16.047,7.612,16.175
281,2415,omega_reduce_r3_o2_n2_multiply_add_zero_epi4_fused_identity_o4__multiply_s0_o3__add_s1_o2__square_root_s2__reciprocal_s3__multiply_s4_o1__multiply_s5_o0,64,1,8,775975752,16,0,1,1,1,1,5601,16.118,16.065,16.047,7.612,16.175
282,2421,omega_elementwise_twin_r3_n4_fused_multiply_o0_o1__multiply_o2_o3__add_s0_s1_fused_multiply_o0_o3__multiply_o2_o1__subtract_s0_s1,128,1,7,100352,0,0,1,1,1,1,2857,16.118,16.065,16.047,7.612,16.175
283,2423,omega_reduce_r4_o3_n2_multiply_add_zero,2048,32,4,772431680,0,0,1,1,0,1,5982,16.118,16.065,16.047,7.612,16.175
284,2430,omega_reduce_r3_o2_n2_multiply_add_zero_epi3_fused_identity_o3__multiply_s0_o2__add_s1_o1__square_root_s2__reciprocal_s3__multiply_s4_o0,64,1,7,100360,16,0,1,1,1,1,4798,16.118,16.065,16.047,7.612,16.175
285,2405,omega_reduce_r3_o2_n2_multiply_add_zero_epi4_fused_identity_o4__multiply_s0_o3__add_s1_o2__square_root_s2__reciprocal_s3__multiply_s4_o1__multiply_s5_o0,512,8,8,772458312,16,0,1,0,0,0,5625,16.118,16.065,16.047,7.612,16.175
286,2433,omega_elementwise_twin_r3_n4_fused_multiply_o0_o1__multiply_o2_o3__subtract_s0_s1_fused_multiply_o0_o3__multiply_o2_o1__add_s0_s1,1024,1,7,25600,0,0,1,1,1,1,4542,16.118,16.065,16.047,7.612,16.175
287,2469,omega_cached_attention_q1_h1_g8_d256_s3f800000_ln511_up0_x4_e1_k1_ds,17408,136,11,1710084,4128,0,1,1,1,1,21542,16.118,16.065,16.047,7.612,16.175
288,2469,omega_cached_attention_q1_h1_g8_d256_s3f800000_ln511_up0_x4_e1_k1_ds_merge,8192,8,3,272384,0,0,1,1,1,1,5732,16.118,16.065,16.047,7.612,16.175
289,2471,omega_reduce_r5_o2_n2_multiply_add_zero,12288,192,4,775978816,0,0,1,1,1,1,9726,16.118,16.065,16.047,7.612,16.175
290,2480,omega_reduce_r2_o1_n2_multiply_add_zero_epi5_fused_identity_o5__multiply_s0_o4__add_s1_o3__square_root_s2__reciprocal_s3__multiply_s4_o2__multiply_s5_o1__add_s6_o0,256,1,9,756081448,32,0,1,1,1,1,6351,16.118,16.065,16.047,7.612,16.175
291,2488,omega_reduce_r2_o1_n2_multiply_add_zero_epi4_fused_identity_o4__multiply_s0_o3__add_s1_o2__square_root_s2__reciprocal_s3__multiply_s4_o1__multiply_s5_o0,256,1,8,761611080,32,0,1,1,1,1,5714,16.118,16.065,16.047,7.612,16.175
292,2493,omega_reduce_r3_o2_n2_multiply_add_zero,49152,768,4,766925632,0,0,1,1,1,1,19292,16.118,16.065,16.047,7.612,16.175
293,2508,omega_reduce_r3_o2_n2_multiply_add_zero_epi9_fused_identity_o9__multiply_o5_o6__multiply_s1_o4__multiply_s2_o3__add_s3_o2__multiply_s4_o1__tanh_s5__add_s6_o0__multiply_o7_o8__multiply_s7_s8__multiply_s0_s9,49152,768,13,761733968,0,0,1,1,1,1,19310,16.118,16.065,16.047,7.612,16.175
294,2510,omega_reduce_r3_o2_n2_multiply_add_zero,12288,192,4,772234048,0,0,1,1,1,1,20655,16.118,16.065,16.047,7.612,16.175
295,2520,omega_reduce_r2_o1_n2_multiply_add_zero_epi5_fused_identity_o5__multiply_s0_o4__add_s1_o3__square_root_s2__reciprocal_s3__multiply_s4_o2__multiply_s5_o1__add_s6_o0,256,1,9,756075304,32,0,1,1,1,1,6351,16.118,16.065,16.047,7.612,16.175
296,2536,omega_reduce_r3_o2_n2_multiply_add_zero_epi5_fused_identity_o5__identity_o0__multiply_s0_s0__multiply_s0_s2__multiply_s3_o3__add_s0_s4__multiply_s5_o2__tanh_s6__add_s7_o1__multiply_s0_o4__multiply_s8_s9__multiply_s1_s10,2048,32,9,756314960,0,0,1,1,1,1,6244,16.118,16.065,16.047,7.612,16.175
297,2539,omega_reduce_r3_o2_n2_multiply_add_zero,12288,192,4,756039456,0,0,1,1,1,1,4810,16.118,16.065,16.047,7.612,16.175
298,2551,omega_reduce_r2_o1_n2_multiply_add_zero_epi6_fused_identity_o6__multiply_s0_o4__add_s1_o3__square_root_s2__reciprocal_s3__multiply_s4_o2__multiply_s5_o1__add_s6_o0__multiply_s7_o5,256,1,10,1512119912,32,0,1,1,1,1,7125,16.118,16.065,16.047,7.612,16.175
299,2572,omega_reduce_r2_o1_n2_multiply_add_zero_epi4_fused_identity_o4__multiply_s0_o3__add_s1_o2__square_root_s2__reciprocal_s3__multiply_s4_o1__multiply_s5_o0,256,1,8,755391272,32,0,1,1,1,1,5714,16.118,16.065,16.047,7.612,16.175
300,2574,omega_reduce_r4_o3_n2_multiply_add_zero,32768,512,4,751844128,0,0,1,1,1,1,17994,16.118,16.065,16.047,7.612,16.175
301,2584,omega_reduce_r4_o3_n2_multiply_add_zero,4096,64,4,755819296,0,0,1,0,0,0,5970,16.118,16.065,16.047,7.612,16.175
302,2592,omega_reduce_r3_o2_n2_multiply_add_zero_epi4_fused_identity_o4__multiply_s0_o3__add_s1_o2__square_root_s2__reciprocal_s3__multiply_s4_o1__multiply_s5_o0,128,1,8,755376936,16,0,1,1,1,1,5601,16.118,16.065,16.047,7.612,16.175
303,2598,omega_elementwise_twin_r3_n4_fused_multiply_o0_o1__multiply_o2_o3__add_s0_s1_fused_multiply_o0_o3__multiply_o2_o1__subtract_s0_s1,256,1,7,200704,0,0,1,1,1,1,2893,16.118,16.065,16.047,7.612,16.175
304,2600,omega_reduce_r4_o3_n2_multiply_add_zero,4096,64,4,748288800,0,0,1,1,0,1,5970,16.118,16.065,16.047,7.612,16.175
305,2607,omega_reduce_r3_o2_n2_multiply_add_zero_epi3_fused_identity_o3__multiply_s0_o2__add_s1_o1__square_root_s2__reciprocal_s3__multiply_s4_o0,128,1,7,200712,16,0,1,1,1,1,4786,16.118,16.065,16.047,7.612,16.175
306,2582,omega_reduce_r3_o2_n2_multiply_add_zero_epi4_fused_identity_o4__multiply_s0_o3__add_s1_o2__square_root_s2__reciprocal_s3__multiply_s4_o1__multiply_s5_o0,1024,8,8,748348200,16,0,1,0,0,0,5655,16.118,16.065,16.047,7.612,16.175
307,2610,omega_elementwise_twin_r3_n4_fused_multiply_o0_o1__multiply_o2_o3__subtract_s0_s1_fused_multiply_o0_o3__multiply_o2_o1__add_s0_s1,2048,2,7,51200,0,0,1,1,1,1,4661,16.118,16.065,16.047,7.612,16.175
308,2646,omega_cached_attention_q1_h1_g8_d512_s3f800000_ln9223372036854775808_up0_x4_e1_k1_ds,32768,256,11,5388292,8224,0,1,1,1,1,40887,16.118,16.065,16.047,7.612,16.175
309,2646,omega_cached_attention_q1_h1_g8_d512_s3f800000_ln9223372036854775808_up0_x4_e1_k1_ds_merge,8192,8,3,542720,0,0,1,1,1,1,7726,16.118,16.065,16.047,7.612,16.175
310,2648,omega_reduce_r5_o2_n2_multiply_add_zero,12288,192,4,755383072,0,0,1,1,1,1,16280,16.118,16.065,16.047,7.612,16.175
311,2657,omega_reduce_r2_o1_n2_multiply_add_zero_epi5_fused_identity_o5__multiply_s0_o4__add_s1_o3__square_root_s2__reciprocal_s3__multiply_s4_o2__multiply_s5_o1__add_s6_o0,256,1,9,731716360,32,0,1,1,1,1,6351,16.118,16.065,16.047,7.612,16.175
312,2665,omega_reduce_r2_o1_n2_multiply_add_zero_epi4_fused_identity_o4__multiply_s0_o3__add_s1_o2__square_root_s2__reciprocal_s3__multiply_s4_o1__multiply_s5_o0,256,1,8,737245992,32,0,1,1,1,1,5714,16.118,16.065,16.047,7.612,16.175
313,2670,omega_reduce_r3_o2_n2_multiply_add_zero,49152,768,4,742560544,0,0,1,1,1,1,19292,16.118,16.065,16.047,7.612,16.175
314,2685,omega_reduce_r3_o2_n2_multiply_add_zero_epi9_fused_identity_o9__multiply_o5_o6__multiply_s1_o4__multiply_s2_o3__add_s3_o2__multiply_s4_o1__tanh_s5__add_s6_o0__multiply_o7_o8__multiply_s7_s8__multiply_s0_s9,49152,768,13,737368880,0,0,1,1,1,1,19310,16.118,16.065,16.047,7.612,16.175
315,2687,omega_reduce_r3_o2_n2_multiply_add_zero,12288,192,4,747868960,0,0,1,1,1,1,20655,16.118,16.065,16.047,7.612,16.175
316,2697,omega_reduce_r2_o1_n2_multiply_add_zero_epi5_fused_identity_o5__multiply_s0_o4__add_s1_o3__square_root_s2__reciprocal_s3__multiply_s4_o2__multiply_s5_o1__add_s6_o0,256,1,9,731710216,32,0,1,1,1,1,6351,16.118,16.065,16.047,7.612,16.175
317,2713,omega_reduce_r3_o2_n2_multiply_add_zero_epi5_fused_identity_o5__identity_o0__multiply_s0_s0__multiply_s0_s2__multiply_s3_o3__add_s0_s4__multiply_s5_o2__tanh_s6__add_s7_o1__multiply_s0_o4__multiply_s8_s9__multiply_s1_s10,2048,32,9,731949872,0,0,1,1,1,1,6256,16.118,16.065,16.047,7.612,16.175
318,2716,omega_reduce_r3_o2_n2_multiply_add_zero,12288,192,4,731674368,0,0,1,1,1,1,4810,16.118,16.065,16.047,7.612,16.175
319,2728,omega_reduce_r2_o1_n2_multiply_add_zero_epi6_fused_identity_o6__multiply_s0_o4__add_s1_o3__square_root_s2__reciprocal_s3__multiply_s4_o2__multiply_s5_o1__add_s6_o0__multiply_s7_o5,256,1,10,1463389736,32,0,1,1,1,1,7125,16.118,16.065,16.047,7.612,16.175
320,2743,omega_reduce_r2_o1_n2_multiply_add_zero_epi4_fused_identity_o4__multiply_s0_o3__add_s1_o2__square_root_s2__reciprocal_s3__multiply_s4_o1__multiply_s5_o0,256,1,8,731470600,32,0,1,1,1,1,5714,16.118,16.065,16.047,7.612,16.175
321,2745,omega_reduce_r4_o3_n2_multiply_add_zero,16384,256,4,729684736,0,0,1,1,1,1,10464,16.118,16.065,16.047,7.612,16.175
322,2753,omega_reduce_r3_o2_n2_multiply_add_zero_epi4_fused_identity_o4__multiply_s0_o3__add_s1_o2__square_root_s2__reciprocal_s3__multiply_s4_o1__multiply_s5_o0,512,8,8,727933704,16,0,1,1,1,1,5625,16.118,16.065,16.047,7.612,16.175
323,2756,omega_elementwise_twin_r3_n4_fused_multiply_o0_o1__multiply_o2_o3__subtract_s0_s1_fused_multiply_o0_o3__multiply_o2_o1__add_s0_s1,1024,1,7,25600,0,0,1,1,1,1,4542,16.118,16.065,16.047,7.612,16.175
324,2792,omega_cached_attention_q1_h1_g8_d256_s3f800000_ln511_up0_x4_e1_k1_ds,17408,136,11,1710084,4128,0,1,1,1,1,21542,16.118,16.065,16.047,7.612,16.175
325,2792,omega_cached_attention_q1_h1_g8_d256_s3f800000_ln511_up0_x4_e1_k1_ds_merge,8192,8,3,272384,0,0,1,1,1,1,5732,16.118,16.065,16.047,7.612,16.175
326,2794,omega_reduce_r5_o2_n2_multiply_add_zero,12288,192,4,731454208,0,0,1,1,1,1,9726,16.118,16.065,16.047,7.612,16.175
327,2803,omega_reduce_r2_o1_n2_multiply_add_zero_epi5_fused_identity_o5__multiply_s0_o4__add_s1_o3__square_root_s2__reciprocal_s3__multiply_s4_o2__multiply_s5_o1__add_s6_o0,256,1,9,695852776,32,0,1,1,1,1,6351,16.118,16.065,16.047,7.612,16.175
328,2811,omega_reduce_r2_o1_n2_multiply_add_zero_epi4_fused_identity_o4__multiply_s0_o3__add_s1_o2__square_root_s2__reciprocal_s3__multiply_s4_o1__multiply_s5_o0,256,1,8,706690824,32,0,1,1,1,1,5714,16.118,16.065,16.047,7.612,16.175
329,2816,omega_reduce_r3_o2_n2_multiply_add_zero,98304,1536,4,717338368,0,0,1,1,1,1,31815,16.118,16.065,16.047,7.612,16.175
330,2831,omega_reduce_r3_o2_n2_multiply_add_zero_epi9_fused_identity_o9__multiply_o5_o6__multiply_s1_o4__multiply_s2_o3__add_s3_o2__multiply_s4_o1__tanh_s5__add_s6_o0__multiply_o7_o8__multiply_s7_s8__multiply_s0_s9,98304,1536,13,706961168,0,0,1,1,1,1,34006,16.118,16.065,16.047,7.612,16.175
331,2833,omega_reduce_r3_o2_n2_multiply_add_zero,12288,192,4,727955200,0,0,1,1,1,1,35464,16.118,16.065,16.047,7.612,16.175
332,2843,omega_reduce_r2_o1_n2_multiply_add_zero_epi5_fused_identity_o5__multiply_s0_o4__add_s1_o3__square_root_s2__reciprocal_s3__multiply_s4_o2__multiply_s5_o1__add_s6_o0,256,1,9,695846632,32,0,1,1,1,1,6351,16.118,16.065,16.047,7.612,16.175
333,2859,omega_reduce_r3_o2_n2_multiply_add_zero_epi5_fused_identity_o5__identity_o0__multiply_s0_s0__multiply_s0_s2__multiply_s3_o3__add_s0_s4__multiply_s5_o2__tanh_s6__add_s7_o1__multiply_s0_o4__multiply_s8_s9__multiply_s1_s10,2048,32,9,696086288,0,0,1,1,1,1,6232,16.118,16.065,16.047,7.612,16.175
334,2862,omega_reduce_r3_o2_n2_multiply_add_zero,12288,192,4,695810784,0,0,1,1,1,1,4810,16.118,16.065,16.047,7.612,16.175
335,2874,omega_reduce_r2_o1_n2_multiply_add_zero_epi6_fused_identity_o6__multiply_s0_o4__add_s1_o3__square_root_s2__reciprocal_s3__multiply_s4_o2__multiply_s5_o1__add_s6_o0__multiply_s7_o5,256,1,10,1391662568,32,0,1,1,1,1,7125,16.118,16.065,16.047,7.612,16.175
336,2889,omega_reduce_r2_o1_n2_multiply_add_zero_epi4_fused_identity_o4__multiply_s0_o3__add_s1_o2__square_root_s2__reciprocal_s3__multiply_s4_o1__multiply_s5_o0,256,1,8,695607016,32,0,1,1,1,1,5714,16.118,16.065,16.047,7.612,16.175
337,2891,omega_reduce_r4_o3_n2_multiply_add_zero,16384,256,4,693821152,0,0,1,1,1,1,10464,16.118,16.065,16.047,7.612,16.175
338,2899,omega_reduce_r3_o2_n2_multiply_add_zero_epi4_fused_identity_o4__multiply_s0_o3__add_s1_o2__square_root_s2__reciprocal_s3__multiply_s4_o1__multiply_s5_o0,512,8,8,692070120,16,0,1,1,1,1,5625,16.118,16.065,16.047,7.612,16.175
339,2902,omega_elementwise_twin_r3_n4_fused_multiply_o0_o1__multiply_o2_o3__subtract_s0_s1_fused_multiply_o0_o3__multiply_o2_o1__add_s0_s1,1024,1,7,25600,0,0,1,1,1,1,4542,16.118,16.065,16.047,7.612,16.175
340,2938,omega_cached_attention_q1_h1_g8_d256_s3f800000_ln511_up0_x4_e1_k1_ds,17408,136,11,1710084,4128,0,1,1,1,1,21542,16.118,16.065,16.047,7.612,16.175
341,2938,omega_cached_attention_q1_h1_g8_d256_s3f800000_ln511_up0_x4_e1_k1_ds_merge,8192,8,3,272384,0,0,1,1,1,1,5732,16.118,16.065,16.047,7.612,16.175
342,2940,omega_reduce_r5_o2_n2_multiply_add_zero,12288,192,4,695590624,0,0,1,1,1,1,9726,16.118,16.065,16.047,7.612,16.175
343,2949,omega_reduce_r2_o1_n2_multiply_add_zero_epi5_fused_identity_o5__multiply_s0_o4__add_s1_o3__square_root_s2__reciprocal_s3__multiply_s4_o2__multiply_s5_o1__add_s6_o0,256,1,9,659989192,32,0,1,1,1,1,6351,16.118,16.065,16.047,7.612,16.175
344,2957,omega_reduce_r2_o1_n2_multiply_add_zero_epi4_fused_identity_o4__multiply_s0_o3__add_s1_o2__square_root_s2__reciprocal_s3__multiply_s4_o1__multiply_s5_o0,256,1,8,670827240,32,0,1,1,1,1,5714,16.118,16.065,16.047,7.612,16.175
345,2962,omega_reduce_r3_o2_n2_multiply_add_zero,98304,1536,4,681474784,0,0,1,1,1,1,31815,16.118,16.065,16.047,7.612,16.175
346,2977,omega_reduce_r3_o2_n2_multiply_add_zero_epi9_fused_identity_o9__multiply_o5_o6__multiply_s1_o4__multiply_s2_o3__add_s3_o2__multiply_s4_o1__tanh_s5__add_s6_o0__multiply_o7_o8__multiply_s7_s8__multiply_s0_s9,98304,1536,13,671097584,0,0,1,1,1,1,34006,16.118,16.065,16.047,7.612,16.175
347,2979,omega_reduce_r3_o2_n2_multiply_add_zero,12288,192,4,692091616,0,0,1,1,1,1,35464,16.118,16.065,16.047,7.612,16.175
348,2989,omega_reduce_r2_o1_n2_multiply_add_zero_epi5_fused_identity_o5__multiply_s0_o4__add_s1_o3__square_root_s2__reciprocal_s3__multiply_s4_o2__multiply_s5_o1__add_s6_o0,256,1,9,659983048,32,0,1,1,1,1,6351,16.118,16.065,16.047,7.612,16.175
349,3005,omega_reduce_r3_o2_n2_multiply_add_zero_epi5_fused_identity_o5__identity_o0__multiply_s0_s0__multiply_s0_s2__multiply_s3_o3__add_s0_s4__multiply_s5_o2__tanh_s6__add_s7_o1__multiply_s0_o4__multiply_s8_s9__multiply_s1_s10,2048,32,9,660222704,0,0,1,1,1,1,6274,16.118,16.065,16.047,7.612,16.175
350,3008,omega_reduce_r3_o2_n2_multiply_add_zero,12288,192,4,659947200,0,0,1,1,1,1,4810,16.118,16.065,16.047,7.612,16.175
351,3020,omega_reduce_r2_o1_n2_multiply_add_zero_epi6_fused_identity_o6__multiply_s0_o4__add_s1_o3__square_root_s2__reciprocal_s3__multiply_s4_o2__multiply_s5_o1__add_s6_o0__multiply_s7_o5,256,1,10,1319935400,32,0,1,1,1,1,7125,16.118,16.065,16.047,7.612,16.175
352,3035,omega_reduce_r2_o1_n2_multiply_add_zero_epi4_fused_identity_o4__multiply_s0_o3__add_s1_o2__square_root_s2__reciprocal_s3__multiply_s4_o1__multiply_s5_o0,256,1,8,659743432,32,0,1,1,1,1,5714,16.118,16.065,16.047,7.612,16.175
353,3037,omega_reduce_r4_o3_n2_multiply_add_zero,16384,256,4,657957568,0,0,1,1,1,1,10464,16.118,16.065,16.047,7.612,16.175
354,3045,omega_reduce_r3_o2_n2_multiply_add_zero_epi4_fused_identity_o4__multiply_s0_o3__add_s1_o2__square_root_s2__reciprocal_s3__multiply_s4_o1__multiply_s5_o0,512,8,8,656206536,16,0,1,1,1,1,5625,16.118,16.065,16.047,7.612,16.175
355,3048,omega_elementwise_twin_r3_n4_fused_multiply_o0_o1__multiply_o2_o3__subtract_s0_s1_fused_multiply_o0_o3__multiply_o2_o1__add_s0_s1,1024,1,7,25600,0,0,1,1,1,1,4542,16.118,16.065,16.047,7.612,16.175
356,3084,omega_cached_attention_q1_h1_g8_d256_s3f800000_ln511_up0_x4_e1_k1_ds,17408,136,11,1710084,4128,0,1,1,1,1,21542,16.118,16.065,16.047,7.612,16.175
357,3084,omega_cached_attention_q1_h1_g8_d256_s3f800000_ln511_up0_x4_e1_k1_ds_merge,8192,8,3,272384,0,0,1,1,1,1,5732,16.118,16.065,16.047,7.612,16.175
358,3086,omega_reduce_r5_o2_n2_multiply_add_zero,12288,192,4,659727040,0,0,1,1,1,1,9726,16.118,16.065,16.047,7.612,16.175
359,3095,omega_reduce_r2_o1_n2_multiply_add_zero_epi5_fused_identity_o5__multiply_s0_o4__add_s1_o3__square_root_s2__reciprocal_s3__multiply_s4_o2__multiply_s5_o1__add_s6_o0,256,1,9,624125608,32,0,1,1,1,1,6351,16.118,16.065,16.047,7.612,16.175
360,3103,omega_reduce_r2_o1_n2_multiply_add_zero_epi4_fused_identity_o4__multiply_s0_o3__add_s1_o2__square_root_s2__reciprocal_s3__multiply_s4_o1__multiply_s5_o0,256,1,8,634963656,32,0,1,1,1,1,5714,16.118,16.065,16.047,7.612,16.175
361,3108,omega_reduce_r3_o2_n2_multiply_add_zero,98304,1536,4,645611200,0,0,1,1,1,1,31815,16.118,16.065,16.047,7.612,16.175
362,3123,omega_reduce_r3_o2_n2_multiply_add_zero_epi9_fused_identity_o9__multiply_o5_o6__multiply_s1_o4__multiply_s2_o3__add_s3_o2__multiply_s4_o1__tanh_s5__add_s6_o0__multiply_o7_o8__multiply_s7_s8__multiply_s0_s9,98304,1536,13,635234000,0,0,1,1,1,1,34006,16.118,16.065,16.047,7.612,16.175
363,3125,omega_reduce_r3_o2_n2_multiply_add_zero,12288,192,4,656228032,0,0,1,1,1,1,35464,16.118,16.065,16.047,7.612,16.175
364,3135,omega_reduce_r2_o1_n2_multiply_add_zero_epi5_fused_identity_o5__multiply_s0_o4__add_s1_o3__square_root_s2__reciprocal_s3__multiply_s4_o2__multiply_s5_o1__add_s6_o0,256,1,9,624119464,32,0,1,1,1,1,6351,16.118,16.065,16.047,7.612,16.175
365,3151,omega_reduce_r3_o2_n2_multiply_add_zero_epi5_fused_identity_o5__identity_o0__multiply_s0_s0__multiply_s0_s2__multiply_s3_o3__add_s0_s4__multiply_s5_o2__tanh_s6__add_s7_o1__multiply_s0_o4__multiply_s8_s9__multiply_s1_s10,2048,32,9,624359120,0,0,1,1,1,1,6280,16.118,16.065,16.047,7.612,16.175
366,3154,omega_reduce_r3_o2_n2_multiply_add_zero,12288,192,4,624083616,0,0,1,1,1,1,4810,16.118,16.065,16.047,7.612,16.175
367,3166,omega_reduce_r2_o1_n2_multiply_add_zero_epi6_fused_identity_o6__multiply_s0_o4__add_s1_o3__square_root_s2__reciprocal_s3__multiply_s4_o2__multiply_s5_o1__add_s6_o0__multiply_s7_o5,256,1,10,1248208232,32,0,1,1,1,1,7125,16.118,16.065,16.047,7.612,16.175
368,3181,omega_reduce_r2_o1_n2_multiply_add_zero_epi4_fused_identity_o4__multiply_s0_o3__add_s1_o2__square_root_s2__reciprocal_s3__multiply_s4_o1__multiply_s5_o0,256,1,8,623879848,32,0,1,1,1,1,5714,16.118,16.065,16.047,7.612,16.175
369,3183,omega_reduce_r4_o3_n2_multiply_add_zero,16384,256,4,622093984,0,0,1,1,1,1,10464,16.118,16.065,16.047,7.612,16.175
370,3191,omega_reduce_r3_o2_n2_multiply_add_zero_epi4_fused_identity_o4__multiply_s0_o3__add_s1_o2__square_root_s2__reciprocal_s3__multiply_s4_o1__multiply_s5_o0,512,8,8,620342952,16,0,1,1,1,1,5625,16.118,16.065,16.047,7.612,16.175
371,3194,omega_elementwise_twin_r3_n4_fused_multiply_o0_o1__multiply_o2_o3__subtract_s0_s1_fused_multiply_o0_o3__multiply_o2_o1__add_s0_s1,1024,1,7,25600,0,0,1,1,1,1,4542,16.118,16.065,16.047,7.612,16.175
372,3230,omega_cached_attention_q1_h1_g8_d256_s3f800000_ln511_up0_x4_e1_k1_ds,17408,136,11,1710084,4128,0,1,1,1,1,21542,16.118,16.065,16.047,7.612,16.175
373,3230,omega_cached_attention_q1_h1_g8_d256_s3f800000_ln511_up0_x4_e1_k1_ds_merge,8192,8,3,272384,0,0,1,1,1,1,5732,16.118,16.065,16.047,7.612,16.175
374,3232,omega_reduce_r5_o2_n2_multiply_add_zero,12288,192,4,623863456,0,0,1,1,1,1,9726,16.118,16.065,16.047,7.612,16.175
375,3241,omega_reduce_r2_o1_n2_multiply_add_zero_epi5_fused_identity_o5__multiply_s0_o4__add_s1_o3__square_root_s2__reciprocal_s3__multiply_s4_o2__multiply_s5_o1__add_s6_o0,256,1,9,588262024,32,0,1,1,1,1,6351,16.118,16.065,16.047,7.612,16.175
376,3249,omega_reduce_r2_o1_n2_multiply_add_zero_epi4_fused_identity_o4__multiply_s0_o3__add_s1_o2__square_root_s2__reciprocal_s3__multiply_s4_o1__multiply_s5_o0,256,1,8,599100072,32,0,1,1,1,1,5714,16.118,16.065,16.047,7.612,16.175
377,3254,omega_reduce_r3_o2_n2_multiply_add_zero,98304,1536,4,609747616,0,0,1,1,1,1,31815,16.118,16.065,16.047,7.612,16.175
378,3269,omega_reduce_r3_o2_n2_multiply_add_zero_epi9_fused_identity_o9__multiply_o5_o6__multiply_s1_o4__multiply_s2_o3__add_s3_o2__multiply_s4_o1__tanh_s5__add_s6_o0__multiply_o7_o8__multiply_s7_s8__multiply_s0_s9,98304,1536,13,599370416,0,0,1,1,1,1,34006,16.118,16.065,16.047,7.612,16.175
379,3271,omega_reduce_r3_o2_n2_multiply_add_zero,12288,192,4,620364448,0,0,1,1,1,1,35464,16.118,16.065,16.047,7.612,16.175
380,3281,omega_reduce_r2_o1_n2_multiply_add_zero_epi5_fused_identity_o5__multiply_s0_o4__add_s1_o3__square_root_s2__reciprocal_s3__multiply_s4_o2__multiply_s5_o1__add_s6_o0,256,1,9,588255880,32,0,1,1,1,1,6351,16.118,16.065,16.047,7.612,16.175
381,3297,omega_reduce_r3_o2_n2_multiply_add_zero_epi5_fused_identity_o5__identity_o0__multiply_s0_s0__multiply_s0_s2__multiply_s3_o3__add_s0_s4__multiply_s5_o2__tanh_s6__add_s7_o1__multiply_s0_o4__multiply_s8_s9__multiply_s1_s10,2048,32,9,588495536,0,0,1,1,1,1,6280,16.118,16.065,16.047,7.612,16.175
382,3300,omega_reduce_r3_o2_n2_multiply_add_zero,12288,192,4,588220032,0,0,1,1,1,1,4810,16.118,16.065,16.047,7.612,16.175
383,3312,omega_reduce_r2_o1_n2_multiply_add_zero_epi6_fused_identity_o6__multiply_s0_o4__add_s1_o3__square_root_s2__reciprocal_s3__multiply_s4_o2__multiply_s5_o1__add_s6_o0__multiply_s7_o5,256,1,10,1176481064,32,0,1,1,1,1,7125,16.118,16.065,16.047,7.612,16.175
384,3327,omega_reduce_r2_o1_n2_multiply_add_zero_epi4_fused_identity_o4__multiply_s0_o3__add_s1_o2__square_root_s2__reciprocal_s3__multiply_s4_o1__multiply_s5_o0,256,1,8,588016264,32,0,1,1,1,1,5714,16.118,16.065,16.047,7.612,16.175
385,3329,omega_reduce_r4_o3_n2_multiply_add_zero,32768,512,4,584469120,0,0,1,1,1,1,17994,16.118,16.065,16.047,7.612,16.175
386,3337,omega_reduce_r3_o2_n2_multiply_add_zero_epi4_fused_identity_o4__multiply_s0_o3__add_s1_o2__square_root_s2__reciprocal_s3__multiply_s4_o1__multiply_s5_o0,1024,8,8,580973192,16,0,1,1,1,1,5655,16.118,16.065,16.047,7.612,16.175
387,3340,omega_elementwise_twin_r3_n4_fused_multiply_o0_o1__multiply_o2_o3__subtract_s0_s1_fused_multiply_o0_o3__multiply_o2_o1__add_s0_s1,2048,2,7,51200,0,0,1,1,1,1,4661,16.118,16.065,16.047,7.612,16.175
388,3376,omega_cached_attention_q1_h1_g8_d512_s3f800000_ln9223372036854775808_up0_x4_e1_k1_ds,32768,256,11,5388292,8224,0,1,1,1,1,40887,16.118,16.065,16.047,7.612,16.175
389,3376,omega_cached_attention_q1_h1_g8_d512_s3f800000_ln9223372036854775808_up0_x4_e1_k1_ds_merge,8192,8,3,542720,0,0,1,1,1,1,7726,16.118,16.065,16.047,7.612,16.175
390,3378,omega_reduce_r5_o2_n2_multiply_add_zero,12288,192,4,588008064,0,0,1,1,1,1,16280,16.118,16.065,16.047,7.612,16.175
391,3387,omega_reduce_r2_o1_n2_multiply_add_zero_epi5_fused_identity_o5__multiply_s0_o4__add_s1_o3__square_root_s2__reciprocal_s3__multiply_s4_o2__multiply_s5_o1__add_s6_o0,256,1,9,548858472,32,0,1,1,1,1,6351,16.118,16.065,16.047,7.612,16.175
392,3395,omega_reduce_r2_o1_n2_multiply_add_zero_epi4_fused_identity_o4__multiply_s0_o3__add_s1_o2__square_root_s2__reciprocal_s3__multiply_s4_o1__multiply_s5_o0,256,1,8,559696520,32,0,1,1,1,1,5714,16.118,16.065,16.047,7.612,16.175
393,3400,omega_reduce_r3_o2_n2_multiply_add_zero,98304,1536,4,570344064,0,0,1,1,1,1,31815,16.118,16.065,16.047,7.612,16.175
394,3415,omega_reduce_r3_o2_n2_multiply_add_zero_epi9_fused_identity_o9__multiply_o5_o6__multiply_s1_o4__multiply_s2_o3__add_s3_o2__multiply_s4_o1__tanh_s5__add_s6_o0__multiply_o7_o8__multiply_s7_s8__multiply_s0_s9,98304,1536,13,559966864,0,0,1,1,1,1,34006,16.118,16.065,16.047,7.612,16.175
395,3417,omega_reduce_r3_o2_n2_multiply_add_zero,12288,192,4,580960896,0,0,1,1,1,1,35464,16.118,16.065,16.047,7.612,16.175
396,3427,omega_reduce_r2_o1_n2_multiply_add_zero_epi5_fused_identity_o5__multiply_s0_o4__add_s1_o3__square_root_s2__reciprocal_s3__multiply_s4_o2__multiply_s5_o1__add_s6_o0,256,1,9,548852328,32,0,1,1,1,1,6351,16.118,16.065,16.047,7.612,16.175
397,3443,omega_reduce_r3_o2_n2_multiply_add_zero_epi5_fused_identity_o5__identity_o0__multiply_s0_s0__multiply_s0_s2__multiply_s3_o3__add_s0_s4__multiply_s5_o2__tanh_s6__add_s7_o1__multiply_s0_o4__multiply_s8_s9__multiply_s1_s10,2048,32,9,549091984,0,0,1,1,1,1,6250,16.118,16.065,16.047,7.612,16.175
398,3446,omega_reduce_r3_o2_n2_multiply_add_zero,12288,192,4,548816480,0,0,1,1,1,1,4810,16.118,16.065,16.047,7.612,16.175
399,3458,omega_reduce_r2_o1_n2_multiply_add_zero_epi6_fused_identity_o6__multiply_s0_o4__add_s1_o3__square_root_s2__reciprocal_s3__multiply_s4_o2__multiply_s5_o1__add_s6_o0__multiply_s7_o5,256,1,10,1097673960,32,0,1,1,1,1,7125,16.118,16.065,16.047,7.612,16.175
400,3473,omega_reduce_r2_o1_n2_multiply_add_zero_epi4_fused_identity_o4__multiply_s0_o3__add_s1_o2__square_root_s2__reciprocal_s3__multiply_s4_o1__multiply_s5_o0,256,1,8,548612712,32,0,1,1,1,1,5714,16.118,16.065,16.047,7.612,16.175
401,3475,omega_reduce_r4_o3_n2_multiply_add_zero,16384,256,4,546826848,0,0,1,1,1,1,10464,16.118,16.065,16.047,7.612,16.175
402,3483,omega_reduce_r3_o2_n2_multiply_add_zero_epi4_fused_identity_o4__multiply_s0_o3__add_s1_o2__square_root_s2__reciprocal_s3__multiply_s4_o1__multiply_s5_o0,512,8,8,545075816,16,0,1,1,1,1,5625,16.118,16.065,16.047,7.612,16.175
403,3486,omega_elementwise_twin_r3_n4_fused_multiply_o0_o1__multiply_o2_o3__subtract_s0_s1_fused_multiply_o0_o3__multiply_o2_o1__add_s0_s1,1024,1,7,25600,0,0,1,1,1,1,4542,16.118,16.065,16.047,7.612,16.175
404,3522,omega_cached_attention_q1_h1_g8_d256_s3f800000_ln511_up0_x4_e1_k1_ds,17408,136,11,1710084,4128,0,1,1,1,1,21542,16.118,16.065,16.047,7.612,16.175
405,3522,omega_cached_attention_q1_h1_g8_d256_s3f800000_ln511_up0_x4_e1_k1_ds_merge,8192,8,3,272384,0,0,1,1,1,1,5732,16.118,16.065,16.047,7.612,16.175
406,3524,omega_reduce_r5_o2_n2_multiply_add_zero,12288,192,4,548596320,0,0,1,1,1,1,9726,16.118,16.065,16.047,7.612,16.175
407,3533,omega_reduce_r2_o1_n2_multiply_add_zero_epi5_fused_identity_o5__multiply_s0_o4__add_s1_o3__square_root_s2__reciprocal_s3__multiply_s4_o2__multiply_s5_o1__add_s6_o0,256,1,9,512994888,32,0,1,1,1,1,6351,16.118,16.065,16.047,7.612,16.175
408,3541,omega_reduce_r2_o1_n2_multiply_add_zero_epi4_fused_identity_o4__multiply_s0_o3__add_s1_o2__square_root_s2__reciprocal_s3__multiply_s4_o1__multiply_s5_o0,256,1,8,523832936,32,0,1,1,1,1,5714,16.118,16.065,16.047,7.612,16.175
409,3546,omega_reduce_r3_o2_n2_multiply_add_zero,98304,1536,4,534480480,0,0,1,1,1,1,31815,16.118,16.065,16.047,7.612,16.175
410,3561,omega_reduce_r3_o2_n2_multiply_add_zero_epi9_fused_identity_o9__multiply_o5_o6__multiply_s1_o4__multiply_s2_o3__add_s3_o2__multiply_s4_o1__tanh_s5__add_s6_o0__multiply_o7_o8__multiply_s7_s8__multiply_s0_s9,98304,1536,13,524103280,0,0,1,1,1,1,34006,16.118,16.065,16.047,7.612,16.175
411,3563,omega_reduce_r3_o2_n2_multiply_add_zero,12288,192,4,545097312,0,0,1,1,1,1,35464,16.118,16.065,16.047,7.612,16.175
412,3573,omega_reduce_r2_o1_n2_multiply_add_zero_epi5_fused_identity_o5__multiply_s0_o4__add_s1_o3__square_root_s2__reciprocal_s3__multiply_s4_o2__multiply_s5_o1__add_s6_o0,256,1,9,512988744,32,0,1,1,1,1,6351,16.118,16.065,16.047,7.612,16.175
413,3589,omega_reduce_r3_o2_n2_multiply_add_zero_epi5_fused_identity_o5__identity_o0__multiply_s0_s0__multiply_s0_s2__multiply_s3_o3__add_s0_s4__multiply_s5_o2__tanh_s6__add_s7_o1__multiply_s0_o4__multiply_s8_s9__multiply_s1_s10,2048,32,9,513228400,0,0,1,1,1,1,6071,16.118,16.065,16.047,7.612,16.175
414,3592,omega_reduce_r3_o2_n2_multiply_add_zero,12288,192,4,512952896,0,0,1,1,1,1,4810,16.118,16.065,16.047,7.612,16.175
415,3604,omega_reduce_r2_o1_n2_multiply_add_zero_epi6_fused_identity_o6__multiply_s0_o4__add_s1_o3__square_root_s2__reciprocal_s3__multiply_s4_o2__multiply_s5_o1__add_s6_o0__multiply_s7_o5,256,1,10,1025946792,32,0,1,1,1,1,7125,16.118,16.065,16.047,7.612,16.175
416,3619,omega_reduce_r2_o1_n2_multiply_add_zero_epi4_fused_identity_o4__multiply_s0_o3__add_s1_o2__square_root_s2__reciprocal_s3__multiply_s4_o1__multiply_s5_o0,256,1,8,512749128,32,0,1,1,1,1,5714,16.118,16.065,16.047,7.612,16.175
417,3621,omega_reduce_r4_o3_n2_multiply_add_zero,16384,256,4,510963264,0,0,1,1,1,1,10464,16.118,16.065,16.047,7.612,16.175
418,3629,omega_reduce_r3_o2_n2_multiply_add_zero_epi4_fused_identity_o4__multiply_s0_o3__add_s1_o2__square_root_s2__reciprocal_s3__multiply_s4_o1__multiply_s5_o0,512,8,8,509212232,16,0,1,1,1,1,5625,16.118,16.065,16.047,7.612,16.175
419,3632,omega_elementwise_twin_r3_n4_fused_multiply_o0_o1__multiply_o2_o3__subtract_s0_s1_fused_multiply_o0_o3__multiply_o2_o1__add_s0_s1,1024,1,7,25600,0,0,1,1,1,1,4542,16.118,16.065,16.047,7.612,16.175
420,3668,omega_cached_attention_q1_h1_g8_d256_s3f800000_ln511_up0_x4_e1_k1_ds,17408,136,11,1710084,4128,0,1,1,1,1,21542,16.118,16.065,16.047,7.612,16.175
421,3668,omega_cached_attention_q1_h1_g8_d256_s3f800000_ln511_up0_x4_e1_k1_ds_merge,8192,8,3,272384,0,0,1,1,1,1,5732,16.118,16.065,16.047,7.612,16.175
422,3670,omega_reduce_r5_o2_n2_multiply_add_zero,12288,192,4,512732736,0,0,1,1,1,1,9726,16.118,16.065,16.047,7.612,16.175
423,3679,omega_reduce_r2_o1_n2_multiply_add_zero_epi5_fused_identity_o5__multiply_s0_o4__add_s1_o3__square_root_s2__reciprocal_s3__multiply_s4_o2__multiply_s5_o1__add_s6_o0,256,1,9,477131304,32,0,1,1,1,1,6351,16.118,16.065,16.047,7.612,16.175
424,3687,omega_reduce_r2_o1_n2_multiply_add_zero_epi4_fused_identity_o4__multiply_s0_o3__add_s1_o2__square_root_s2__reciprocal_s3__multiply_s4_o1__multiply_s5_o0,256,1,8,487969352,32,0,1,1,1,1,5714,16.118,16.065,16.047,7.612,16.175
425,3692,omega_reduce_r3_o2_n2_multiply_add_zero,98304,1536,4,498616896,0,0,1,1,1,1,31815,16.118,16.065,16.047,7.612,16.175
426,3707,omega_reduce_r3_o2_n2_multiply_add_zero_epi9_fused_identity_o9__multiply_o5_o6__multiply_s1_o4__multiply_s2_o3__add_s3_o2__multiply_s4_o1__tanh_s5__add_s6_o0__multiply_o7_o8__multiply_s7_s8__multiply_s0_s9,98304,1536,13,488239696,0,0,1,1,1,1,34006,16.118,16.065,16.047,7.612,16.175
427,3709,omega_reduce_r3_o2_n2_multiply_add_zero,12288,192,4,509233728,0,0,1,1,1,1,35464,16.118,16.065,16.047,7.612,16.175
428,3719,omega_reduce_r2_o1_n2_multiply_add_zero_epi5_fused_identity_o5__multiply_s0_o4__add_s1_o3__square_root_s2__reciprocal_s3__multiply_s4_o2__multiply_s5_o1__add_s6_o0,256,1,9,477125160,32,0,1,1,1,1,6351,16.118,16.065,16.047,7.612,16.175
429,3735,omega_reduce_r3_o2_n2_multiply_add_zero_epi5_fused_identity_o5__identity_o0__multiply_s0_s0__multiply_s0_s2__multiply_s3_o3__add_s0_s4__multiply_s5_o2__tanh_s6__add_s7_o1__multiply_s0_o4__multiply_s8_s9__multiply_s1_s10,2048,32,9,477364816,0,0,1,1,1,1,6345,16.118,16.065,16.047,7.612,16.175
430,3738,omega_reduce_r3_o2_n2_multiply_add_zero,12288,192,4,477089312,0,0,1,1,1,1,4810,16.118,16.065,16.047,7.612,16.175
431,3750,omega_reduce_r2_o1_n2_multiply_add_zero_epi6_fused_identity_o6__multiply_s0_o4__add_s1_o3__square_root_s2__reciprocal_s3__multiply_s4_o2__multiply_s5_o1__add_s6_o0__multiply_s7_o5,256,1,10,954219624,32,0,1,1,1,1,7125,16.118,16.065,16.047,7.612,16.175
432,3765,omega_reduce_r2_o1_n2_multiply_add_zero_epi4_fused_identity_o4__multiply_s0_o3__add_s1_o2__square_root_s2__reciprocal_s3__multiply_s4_o1__multiply_s5_o0,256,1,8,476885544,32,0,1,1,1,1,5714,16.118,16.065,16.047,7.612,16.175
433,3767,omega_reduce_r4_o3_n2_multiply_add_zero,16384,256,4,475099680,0,0,1,1,1,1,10464,16.118,16.065,16.047,7.612,16.175
434,3775,omega_reduce_r3_o2_n2_multiply_add_zero_epi4_fused_identity_o4__multiply_s0_o3__add_s1_o2__square_root_s2__reciprocal_s3__multiply_s4_o1__multiply_s5_o0,512,8,8,473348648,16,0,1,1,1,1,5625,16.118,16.065,16.047,7.612,16.175
435,3778,omega_elementwise_twin_r3_n4_fused_multiply_o0_o1__multiply_o2_o3__subtract_s0_s1_fused_multiply_o0_o3__multiply_o2_o1__add_s0_s1,1024,1,7,25600,0,0,1,1,1,1,4542,16.118,16.065,16.047,7.612,16.175
436,3814,omega_cached_attention_q1_h1_g8_d256_s3f800000_ln511_up0_x4_e1_k1_ds,17408,136,11,1710084,4128,0,1,1,1,1,21542,16.118,16.065,16.047,7.612,16.175
437,3814,omega_cached_attention_q1_h1_g8_d256_s3f800000_ln511_up0_x4_e1_k1_ds_merge,8192,8,3,272384,0,0,1,1,1,1,5732,16.118,16.065,16.047,7.612,16.175
438,3816,omega_reduce_r5_o2_n2_multiply_add_zero,12288,192,4,476869152,0,0,1,1,1,1,9726,16.118,16.065,16.047,7.612,16.175
439,3825,omega_reduce_r2_o1_n2_multiply_add_zero_epi5_fused_identity_o5__multiply_s0_o4__add_s1_o3__square_root_s2__reciprocal_s3__multiply_s4_o2__multiply_s5_o1__add_s6_o0,256,1,9,441267720,32,0,1,1,1,1,6351,16.118,16.065,16.047,7.612,16.175
440,3833,omega_reduce_r2_o1_n2_multiply_add_zero_epi4_fused_identity_o4__multiply_s0_o3__add_s1_o2__square_root_s2__reciprocal_s3__multiply_s4_o1__multiply_s5_o0,256,1,8,452105768,32,0,1,1,1,1,5714,16.118,16.065,16.047,7.612,16.175
441,3838,omega_reduce_r3_o2_n2_multiply_add_zero,98304,1536,4,462753312,0,0,1,1,1,1,31815,16.118,16.065,16.047,7.612,16.175
442,3853,omega_reduce_r3_o2_n2_multiply_add_zero_epi9_fused_identity_o9__multiply_o5_o6__multiply_s1_o4__multiply_s2_o3__add_s3_o2__multiply_s4_o1__tanh_s5__add_s6_o0__multiply_o7_o8__multiply_s7_s8__multiply_s0_s9,98304,1536,13,452376112,0,0,1,1,1,1,34006,16.118,16.065,16.047,7.612,16.175
443,3855,omega_reduce_r3_o2_n2_multiply_add_zero,12288,192,4,473370144,0,0,1,1,1,1,35464,16.118,16.065,16.047,7.612,16.175
444,3865,omega_reduce_r2_o1_n2_multiply_add_zero_epi5_fused_identity_o5__multiply_s0_o4__add_s1_o3__square_root_s2__reciprocal_s3__multiply_s4_o2__multiply_s5_o1__add_s6_o0,256,1,9,441261576,32,0,1,1,1,1,6351,16.118,16.065,16.047,7.612,16.175
445,3881,omega_reduce_r3_o2_n2_multiply_add_zero_epi5_fused_identity_o5__identity_o0__multiply_s0_s0__multiply_s0_s2__multiply_s3_o3__add_s0_s4__multiply_s5_o2__tanh_s6__add_s7_o1__multiply_s0_o4__multiply_s8_s9__multiply_s1_s10,2048,32,9,441501232,0,0,1,1,1,1,6280,16.118,16.065,16.047,7.612,16.175
446,3884,omega_reduce_r3_o2_n2_multiply_add_zero,12288,192,4,441225728,0,0,1,1,1,1,4810,16.118,16.065,16.047,7.612,16.175
447,3896,omega_reduce_r2_o1_n2_multiply_add_zero_epi6_fused_identity_o6__multiply_s0_o4__add_s1_o3__square_root_s2__reciprocal_s3__multiply_s4_o2__multiply_s5_o1__add_s6_o0__multiply_s7_o5,256,1,10,882492456,32,0,1,1,1,1,7125,16.118,16.065,16.047,7.612,16.175
448,3911,omega_reduce_r2_o1_n2_multiply_add_zero_epi4_fused_identity_o4__multiply_s0_o3__add_s1_o2__square_root_s2__reciprocal_s3__multiply_s4_o1__multiply_s5_o0,256,1,8,441021960,32,0,1,1,1,1,5714,16.118,16.065,16.047,7.612,16.175
449,3913,omega_reduce_r4_o3_n2_multiply_add_zero,16384,256,4,439236096,0,0,1,1,1,1,10464,16.118,16.065,16.047,7.612,16.175
450,3921,omega_reduce_r3_o2_n2_multiply_add_zero_epi4_fused_identity_o4__multiply_s0_o3__add_s1_o2__square_root_s2__reciprocal_s3__multiply_s4_o1__multiply_s5_o0,512,8,8,437485064,16,0,1,1,1,1,5625,16.118,16.065,16.047,7.612,16.175
451,3924,omega_elementwise_twin_r3_n4_fused_multiply_o0_o1__multiply_o2_o3__subtract_s0_s1_fused_multiply_o0_o3__multiply_o2_o1__add_s0_s1,1024,1,7,25600,0,0,1,1,1,1,4542,16.118,16.065,16.047,7.612,16.175
452,3960,omega_cached_attention_q1_h1_g8_d256_s3f800000_ln511_up0_x4_e1_k1_ds,17408,136,11,1710084,4128,0,1,1,1,1,21542,16.118,16.065,16.047,7.612,16.175
453,3960,omega_cached_attention_q1_h1_g8_d256_s3f800000_ln511_up0_x4_e1_k1_ds_merge,8192,8,3,272384,0,0,1,1,1,1,5732,16.118,16.065,16.047,7.612,16.175
454,3962,omega_reduce_r5_o2_n2_multiply_add_zero,12288,192,4,441005568,0,0,1,1,1,1,9726,16.118,16.065,16.047,7.612,16.175
455,3971,omega_reduce_r2_o1_n2_multiply_add_zero_epi5_fused_identity_o5__multiply_s0_o4__add_s1_o3__square_root_s2__reciprocal_s3__multiply_s4_o2__multiply_s5_o1__add_s6_o0,256,1,9,405404136,32,0,1,1,1,1,6351,16.118,16.065,16.047,7.612,16.175
456,3979,omega_reduce_r2_o1_n2_multiply_add_zero_epi4_fused_identity_o4__multiply_s0_o3__add_s1_o2__square_root_s2__reciprocal_s3__multiply_s4_o1__multiply_s5_o0,256,1,8,416242184,32,0,1,1,1,1,5714,16.118,16.065,16.047,7.612,16.175
457,3984,omega_reduce_r3_o2_n2_multiply_add_zero,98304,1536,4,426889728,0,0,1,1,1,1,31815,16.118,16.065,16.047,7.612,16.175
458,3999,omega_reduce_r3_o2_n2_multiply_add_zero_epi9_fused_identity_o9__multiply_o5_o6__multiply_s1_o4__multiply_s2_o3__add_s3_o2__multiply_s4_o1__tanh_s5__add_s6_o0__multiply_o7_o8__multiply_s7_s8__multiply_s0_s9,98304,1536,13,416512528,0,0,1,1,1,1,34006,16.118,16.065,16.047,7.612,16.175
459,4001,omega_reduce_r3_o2_n2_multiply_add_zero,12288,192,4,437506560,0,0,1,1,1,1,35464,16.118,16.065,16.047,7.612,16.175
460,4011,omega_reduce_r2_o1_n2_multiply_add_zero_epi5_fused_identity_o5__multiply_s0_o4__add_s1_o3__square_root_s2__reciprocal_s3__multiply_s4_o2__multiply_s5_o1__add_s6_o0,256,1,9,405397992,32,0,1,1,1,1,6351,16.118,16.065,16.047,7.612,16.175
461,4027,omega_reduce_r3_o2_n2_multiply_add_zero_epi5_fused_identity_o5__identity_o0__multiply_s0_s0__multiply_s0_s2__multiply_s3_o3__add_s0_s4__multiply_s5_o2__tanh_s6__add_s7_o1__multiply_s0_o4__multiply_s8_s9__multiply_s1_s10,2048,32,9,405637648,0,0,1,1,1,1,6286,16.118,16.065,16.047,7.612,16.175
462,4030,omega_reduce_r3_o2_n2_multiply_add_zero,12288,192,4,405362144,0,0,1,1,1,1,4810,16.118,16.065,16.047,7.612,16.175
463,4042,omega_reduce_r2_o1_n2_multiply_add_zero_epi6_fused_identity_o6__multiply_s0_o4__add_s1_o3__square_root_s2__reciprocal_s3__multiply_s4_o2__multiply_s5_o1__add_s6_o0__multiply_s7_o5,256,1,10,810765288,32,0,1,1,1,1,7125,16.118,16.065,16.047,7.612,16.175
464,4057,omega_reduce_r2_o1_n2_multiply_add_zero_epi4_fused_identity_o4__multiply_s0_o3__add_s1_o2__square_root_s2__reciprocal_s3__multiply_s4_o1__multiply_s5_o0,256,1,8,405158376,32,0,1,1,1,1,5714,16.118,16.065,16.047,7.612,16.175
465,4059,omega_reduce_r4_o3_n2_multiply_add_zero,32768,512,4,401611232,0,0,1,1,1,1,17994,16.118,16.065,16.047,7.612,16.175
466,4067,omega_reduce_r3_o2_n2_multiply_add_zero_epi4_fused_identity_o4__multiply_s0_o3__add_s1_o2__square_root_s2__reciprocal_s3__multiply_s4_o1__multiply_s5_o0,1024,8,8,398115304,16,0,1,1,1,1,5655,16.118,16.065,16.047,7.612,16.175
467,4070,omega_elementwise_twin_r3_n4_fused_multiply_o0_o1__multiply_o2_o3__subtract_s0_s1_fused_multiply_o0_o3__multiply_o2_o1__add_s0_s1,2048,2,7,51200,0,0,1,1,1,1,4661,16.118,16.065,16.047,7.612,16.175
468,4106,omega_cached_attention_q1_h1_g8_d512_s3f800000_ln9223372036854775808_up0_x4_e1_k1_ds,32768,256,11,5388292,8224,0,1,1,1,1,40887,16.118,16.065,16.047,7.612,16.175
469,4106,omega_cached_attention_q1_h1_g8_d512_s3f800000_ln9223372036854775808_up0_x4_e1_k1_ds_merge,8192,8,3,542720,0,0,1,1,1,1,7726,16.118,16.065,16.047,7.612,16.175
470,4108,omega_reduce_r5_o2_n2_multiply_add_zero,12288,192,4,405150176,0,0,1,1,1,1,16280,16.118,16.065,16.047,7.612,16.175
471,4117,omega_reduce_r2_o1_n2_multiply_add_zero_epi5_fused_identity_o5__multiply_s0_o4__add_s1_o3__square_root_s2__reciprocal_s3__multiply_s4_o2__multiply_s5_o1__add_s6_o0,256,1,9,366000584,32,0,1,1,1,1,6351,16.118,16.065,16.047,7.612,16.175
472,4125,omega_reduce_r2_o1_n2_multiply_add_zero_epi4_fused_identity_o4__multiply_s0_o3__add_s1_o2__square_root_s2__reciprocal_s3__multiply_s4_o1__multiply_s5_o0,256,1,8,376838632,32,0,1,1,1,1,5714,16.118,16.065,16.047,7.612,16.175
473,4130,omega_reduce_r3_o2_n2_multiply_add_zero,98304,1536,4,387486176,0,0,1,1,1,1,31815,16.118,16.065,16.047,7.612,16.175
474,4145,omega_reduce_r3_o2_n2_multiply_add_zero_epi9_fused_identity_o9__multiply_o5_o6__multiply_s1_o4__multiply_s2_o3__add_s3_o2__multiply_s4_o1__tanh_s5__add_s6_o0__multiply_o7_o8__multiply_s7_s8__multiply_s0_s9,98304,1536,13,377108976,0,0,1,1,1,1,34006,16.118,16.065,16.047,7.612,16.175
475,4147,omega_reduce_r3_o2_n2_multiply_add_zero,12288,192,4,398103008,0,0,1,1,1,1,35464,16.118,16.065,16.047,7.612,16.175
476,4157,omega_reduce_r2_o1_n2_multiply_add_zero_epi5_fused_identity_o5__multiply_s0_o4__add_s1_o3__square_root_s2__reciprocal_s3__multiply_s4_o2__multiply_s5_o1__add_s6_o0,256,1,9,365994440,32,0,1,1,1,1,6351,16.118,16.065,16.047,7.612,16.175
477,4173,omega_reduce_r3_o2_n2_multiply_add_zero_epi5_fused_identity_o5__identity_o0__multiply_s0_s0__multiply_s0_s2__multiply_s3_o3__add_s0_s4__multiply_s5_o2__tanh_s6__add_s7_o1__multiply_s0_o4__multiply_s8_s9__multiply_s1_s10,2048,32,9,366234096,0,0,1,1,1,1,6274,16.118,16.065,16.047,7.612,16.175
478,4176,omega_reduce_r3_o2_n2_multiply_add_zero,12288,192,4,365958592,0,0,1,1,1,1,4810,16.118,16.065,16.047,7.612,16.175
479,4188,omega_reduce_r2_o1_n2_multiply_add_zero_epi6_fused_identity_o6__multiply_s0_o4__add_s1_o3__square_root_s2__reciprocal_s3__multiply_s4_o2__multiply_s5_o1__add_s6_o0__multiply_s7_o5,256,1,10,731958184,32,0,1,1,1,1,7125,16.118,16.065,16.047,7.612,16.175
480,4203,omega_reduce_r2_o1_n2_multiply_add_zero_epi4_fused_identity_o4__multiply_s0_o3__add_s1_o2__square_root_s2__reciprocal_s3__multiply_s4_o1__multiply_s5_o0,256,1,8,365754824,32,0,1,1,1,1,5714,16.118,16.065,16.047,7.612,16.175
481,4205,omega_reduce_r4_o3_n2_multiply_add_zero,16384,256,4,363968960,0,0,1,1,1,1,10464,16.118,16.065,16.047,7.612,16.175
482,4213,omega_reduce_r3_o2_n2_multiply_add_zero_epi4_fused_identity_o4__multiply_s0_o3__add_s1_o2__square_root_s2__reciprocal_s3__multiply_s4_o1__multiply_s5_o0,512,8,8,362217928,16,0,1,1,1,1,5625,16.118,16.065,16.047,7.612,16.175
483,4216,omega_elementwise_twin_r3_n4_fused_multiply_o0_o1__multiply_o2_o3__subtract_s0_s1_fused_multiply_o0_o3__multiply_o2_o1__add_s0_s1,1024,1,7,25600,0,0,1,1,1,1,4542,16.118,16.065,16.047,7.612,16.175
484,4252,omega_cached_attention_q1_h1_g8_d256_s3f800000_ln511_up0_x4_e1_k1_ds,17408,136,11,1710084,4128,0,1,1,1,1,21542,16.118,16.065,16.047,7.612,16.175
485,4252,omega_cached_attention_q1_h1_g8_d256_s3f800000_ln511_up0_x4_e1_k1_ds_merge,8192,8,3,272384,0,0,1,1,1,1,5732,16.118,16.065,16.047,7.612,16.175
486,4254,omega_reduce_r5_o2_n2_multiply_add_zero,12288,192,4,365738432,0,0,1,1,1,1,9726,16.118,16.065,16.047,7.612,16.175
487,4263,omega_reduce_r2_o1_n2_multiply_add_zero_epi5_fused_identity_o5__multiply_s0_o4__add_s1_o3__square_root_s2__reciprocal_s3__multiply_s4_o2__multiply_s5_o1__add_s6_o0,256,1,9,330137000,32,0,1,1,1,1,6351,16.118,16.065,16.047,7.612,16.175
488,4271,omega_reduce_r2_o1_n2_multiply_add_zero_epi4_fused_identity_o4__multiply_s0_o3__add_s1_o2__square_root_s2__reciprocal_s3__multiply_s4_o1__multiply_s5_o0,256,1,8,340975048,32,0,1,1,1,1,5714,16.118,16.065,16.047,7.612,16.175
489,4276,omega_reduce_r3_o2_n2_multiply_add_zero,98304,1536,4,351622592,0,0,1,1,1,1,31815,16.118,16.065,16.047,7.612,16.175
490,4291,omega_reduce_r3_o2_n2_multiply_add_zero_epi9_fused_identity_o9__multiply_o5_o6__multiply_s1_o4__multiply_s2_o3__add_s3_o2__multiply_s4_o1__tanh_s5__add_s6_o0__multiply_o7_o8__multiply_s7_s8__multiply_s0_s9,98304,1536,13,341245392,0,0,1,1,1,1,34006,16.118,16.065,16.047,7.612,16.175
491,4293,omega_reduce_r3_o2_n2_multiply_add_zero,12288,192,4,362239424,0,0,1,1,1,1,35464,16.118,16.065,16.047,7.612,16.175
492,4303,omega_reduce_r2_o1_n2_multiply_add_zero_epi5_fused_identity_o5__multiply_s0_o4__add_s1_o3__square_root_s2__reciprocal_s3__multiply_s4_o2__multiply_s5_o1__add_s6_o0,256,1,9,330130856,32,0,1,1,1,1,6351,16.118,16.065,16.047,7.612,16.175
493,4319,omega_reduce_r3_o2_n2_multiply_add_zero_epi5_fused_identity_o5__identity_o0__multiply_s0_s0__multiply_s0_s2__multiply_s3_o3__add_s0_s4__multiply_s5_o2__tanh_s6__add_s7_o1__multiply_s0_o4__multiply_s8_s9__multiply_s1_s10,2048,32,9,330370512,0,0,1,1,1,1,6238,16.118,16.065,16.047,7.612,16.175
494,4322,omega_reduce_r3_o2_n2_multiply_add_zero,12288,192,4,330095008,0,0,1,1,1,1,4810,16.118,16.065,16.047,7.612,16.175
495,4334,omega_reduce_r2_o1_n2_multiply_add_zero_epi6_fused_identity_o6__multiply_s0_o4__add_s1_o3__square_root_s2__reciprocal_s3__multiply_s4_o2__multiply_s5_o1__add_s6_o0__multiply_s7_o5,256,1,10,660231016,32,0,1,1,1,1,7125,16.118,16.065,16.047,7.612,16.175
496,4349,omega_reduce_r2_o1_n2_multiply_add_zero_epi4_fused_identity_o4__multiply_s0_o3__add_s1_o2__square_root_s2__reciprocal_s3__multiply_s4_o1__multiply_s5_o0,256,1,8,329891240,32,0,1,1,1,1,5714,16.118,16.065,16.047,7.612,16.175
497,4351,omega_reduce_r4_o3_n2_multiply_add_zero,16384,256,4,328105376,0,0,1,1,1,1,10464,16.118,16.065,16.047,7.612,16.175
498,4359,omega_reduce_r3_o2_n2_multiply_add_zero_epi4_fused_identity_o4__multiply_s0_o3__add_s1_o2__square_root_s2__reciprocal_s3__multiply_s4_o1__multiply_s5_o0,512,8,8,326354344,16,0,1,1,1,1,5625,16.118,16.065,16.047,7.612,16.175
499,4362,omega_elementwise_twin_r3_n4_fused_multiply_o0_o1__multiply_o2_o3__subtract_s0_s1_fused_multiply_o0_o3__multiply_o2_o1__add_s0_s1,1024,1,7,25600,0,0,1,1,1,1,4542,16.118,16.065,16.047,7.612,16.175
500,4398,omega_cached_attention_q1_h1_g8_d256_s3f800000_ln511_up0_x4_e1_k1_ds,17408,136,11,1710084,4128,0,1,1,1,1,21542,16.118,16.065,16.047,7.612,16.175
501,4398,omega_cached_attention_q1_h1_g8_d256_s3f800000_ln511_up0_x4_e1_k1_ds_merge,8192,8,3,272384,0,0,1,1,1,1,5732,16.118,16.065,16.047,7.612,16.175
502,4400,omega_reduce_r5_o2_n2_multiply_add_zero,12288,192,4,329874848,0,0,1,1,1,1,9726,16.118,16.065,16.047,7.612,16.175
503,4409,omega_reduce_r2_o1_n2_multiply_add_zero_epi5_fused_identity_o5__multiply_s0_o4__add_s1_o3__square_root_s2__reciprocal_s3__multiply_s4_o2__multiply_s5_o1__add_s6_o0,256,1,9,294273416,32,0,1,1,1,1,6351,16.118,16.065,16.047,7.612,16.175
504,4417,omega_reduce_r2_o1_n2_multiply_add_zero_epi4_fused_identity_o4__multiply_s0_o3__add_s1_o2__square_root_s2__reciprocal_s3__multiply_s4_o1__multiply_s5_o0,256,1,8,305111464,32,0,1,1,1,1,5714,16.118,16.065,16.047,7.612,16.175
505,4422,omega_reduce_r3_o2_n2_multiply_add_zero,98304,1536,4,315759008,0,0,1,1,1,1,31815,16.118,16.065,16.047,7.612,16.175
506,4437,omega_reduce_r3_o2_n2_multiply_add_zero_epi9_fused_identity_o9__multiply_o5_o6__multiply_s1_o4__multiply_s2_o3__add_s3_o2__multiply_s4_o1__tanh_s5__add_s6_o0__multiply_o7_o8__multiply_s7_s8__multiply_s0_s9,98304,1536,13,305381808,0,0,1,1,1,1,34006,16.118,16.065,16.047,7.612,16.175
507,4439,omega_reduce_r3_o2_n2_multiply_add_zero,12288,192,4,326375840,0,0,1,1,1,1,35464,16.118,16.065,16.047,7.612,16.175
508,4449,omega_reduce_r2_o1_n2_multiply_add_zero_epi5_fused_identity_o5__multiply_s0_o4__add_s1_o3__square_root_s2__reciprocal_s3__multiply_s4_o2__multiply_s5_o1__add_s6_o0,256,1,9,294267272,32,0,1,1,1,1,6351,16.118,16.065,16.047,7.612,16.175
509,4465,omega_reduce_r3_o2_n2_multiply_add_zero_epi5_fused_identity_o5__identity_o0__multiply_s0_s0__multiply_s0_s2__multiply_s3_o3__add_s0_s4__multiply_s5_o2__tanh_s6__add_s7_o1__multiply_s0_o4__multiply_s8_s9__multiply_s1_s10,2048,32,9,294506928,0,0,1,1,1,1,6280,16.118,16.065,16.047,7.612,16.175
510,4468,omega_reduce_r3_o2_n2_multiply_add_zero,12288,192,4,294231424,0,0,1,1,1,1,4810,16.118,16.065,16.047,7.612,16.175
511,4480,omega_reduce_r2_o1_n2_multiply_add_zero_epi6_fused_identity_o6__multiply_s0_o4__add_s1_o3__square_root_s2__reciprocal_s3__multiply_s4_o2__multiply_s5_o1__add_s6_o0__multiply_s7_o5,256,1,10,588503848,32,0,1,1,1,1,7125,16.118,16.065,16.047,7.612,16.175
512,4495,omega_reduce_r2_o1_n2_multiply_add_zero_epi4_fused_identity_o4__multiply_s0_o3__add_s1_o2__square_root_s2__reciprocal_s3__multiply_s4_o1__multiply_s5_o0,256,1,8,294027656,32,0,1,1,1,1,5714,16.118,16.065,16.047,7.612,16.175
513,4497,omega_reduce_r4_o3_n2_multiply_add_zero,16384,256,4,292241792,0,0,1,1,1,1,10464,16.118,16.065,16.047,7.612,16.175
514,4505,omega_reduce_r3_o2_n2_multiply_add_zero_epi4_fused_identity_o4__multiply_s0_o3__add_s1_o2__square_root_s2__reciprocal_s3__multiply_s4_o1__multiply_s5_o0,512,8,8,290490760,16,0,1,1,1,1,5625,16.118,16.065,16.047,7.612,16.175
515,4508,omega_elementwise_twin_r3_n4_fused_multiply_o0_o1__multiply_o2_o3__subtract_s0_s1_fused_multiply_o0_o3__multiply_o2_o1__add_s0_s1,1024,1,7,25600,0,0,1,1,1,1,4542,16.118,16.065,16.047,7.612,16.175
516,4544,omega_cached_attention_q1_h1_g8_d256_s3f800000_ln511_up0_x4_e1_k1_ds,17408,136,11,1710084,4128,0,1,1,1,1,21542,16.118,16.065,16.047,7.612,16.175
517,4544,omega_cached_attention_q1_h1_g8_d256_s3f800000_ln511_up0_x4_e1_k1_ds_merge,8192,8,3,272384,0,0,1,1,1,1,5732,16.118,16.065,16.047,7.612,16.175
518,4546,omega_reduce_r5_o2_n2_multiply_add_zero,12288,192,4,294011264,0,0,1,1,1,1,9726,16.118,16.065,16.047,7.612,16.175
519,4555,omega_reduce_r2_o1_n2_multiply_add_zero_epi5_fused_identity_o5__multiply_s0_o4__add_s1_o3__square_root_s2__reciprocal_s3__multiply_s4_o2__multiply_s5_o1__add_s6_o0,256,1,9,258409832,32,0,1,1,1,1,6351,16.118,16.065,16.047,7.612,16.175
520,4563,omega_reduce_r2_o1_n2_multiply_add_zero_epi4_fused_identity_o4__multiply_s0_o3__add_s1_o2__square_root_s2__reciprocal_s3__multiply_s4_o1__multiply_s5_o0,256,1,8,269247880,32,0,1,1,1,1,5714,16.118,16.065,16.047,7.612,16.175
521,4568,omega_reduce_r3_o2_n2_multiply_add_zero,98304,1536,4,279895424,0,0,1,1,1,1,31815,16.118,16.065,16.047,7.612,16.175
522,4583,omega_reduce_r3_o2_n2_multiply_add_zero_epi9_fused_identity_o9__multiply_o5_o6__multiply_s1_o4__multiply_s2_o3__add_s3_o2__multiply_s4_o1__tanh_s5__add_s6_o0__multiply_o7_o8__multiply_s7_s8__multiply_s0_s9,98304,1536,13,269518224,0,0,1,1,1,1,34006,16.118,16.065,16.047,7.612,16.175
523,4585,omega_reduce_r3_o2_n2_multiply_add_zero,12288,192,4,290512256,0,0,1,1,1,1,35464,16.118,16.065,16.047,7.612,16.175
524,4595,omega_reduce_r2_o1_n2_multiply_add_zero_epi5_fused_identity_o5__multiply_s0_o4__add_s1_o3__square_root_s2__reciprocal_s3__multiply_s4_o2__multiply_s5_o1__add_s6_o0,256,1,9,258403688,32,0,1,1,1,1,6351,16.118,16.065,16.047,7.612,16.175
525,4611,omega_reduce_r3_o2_n2_multiply_add_zero_epi5_fused_identity_o5__identity_o0__multiply_s0_s0__multiply_s0_s2__multiply_s3_o3__add_s0_s4__multiply_s5_o2__tanh_s6__add_s7_o1__multiply_s0_o4__multiply_s8_s9__multiply_s1_s10,2048,32,9,258643344,0,0,1,1,1,1,6280,16.118,16.065,16.047,7.612,16.175
526,4614,omega_reduce_r3_o2_n2_multiply_add_zero,12288,192,4,258367840,0,0,1,1,1,1,4810,16.118,16.065,16.047,7.612,16.175
527,4626,omega_reduce_r2_o1_n2_multiply_add_zero_epi6_fused_identity_o6__multiply_s0_o4__add_s1_o3__square_root_s2__reciprocal_s3__multiply_s4_o2__multiply_s5_o1__add_s6_o0__multiply_s7_o5,256,1,10,516776680,32,0,1,1,1,1,7125,16.118,16.065,16.047,7.612,16.175
528,4641,omega_reduce_r2_o1_n2_multiply_add_zero_epi4_fused_identity_o4__multiply_s0_o3__add_s1_o2__square_root_s2__reciprocal_s3__multiply_s4_o1__multiply_s5_o0,256,1,8,258164072,32,0,1,1,1,1,5714,16.118,16.065,16.047,7.612,16.175
529,4643,omega_reduce_r4_o3_n2_multiply_add_zero,16384,256,4,256378208,0,0,1,1,1,1,10464,16.118,16.065,16.047,7.612,16.175
530,4651,omega_reduce_r3_o2_n2_multiply_add_zero_epi4_fused_identity_o4__multiply_s0_o3__add_s1_o2__square_root_s2__reciprocal_s3__multiply_s4_o1__multiply_s5_o0,512,8,8,254627176,16,0,1,1,1,1,5625,16.118,16.065,16.047,7.612,16.175
531,4654,omega_elementwise_twin_r3_n4_fused_multiply_o0_o1__multiply_o2_o3__subtract_s0_s1_fused_multiply_o0_o3__multiply_o2_o1__add_s0_s1,1024,1,7,25600,0,0,1,1,1,1,4542,16.118,16.065,16.047,7.612,16.175
532,4690,omega_cached_attention_q1_h1_g8_d256_s3f800000_ln511_up0_x4_e1_k1_ds,17408,136,11,1710084,4128,0,1,1,1,1,21542,16.118,16.065,16.047,7.612,16.175
533,4690,omega_cached_attention_q1_h1_g8_d256_s3f800000_ln511_up0_x4_e1_k1_ds_merge,8192,8,3,272384,0,0,1,1,1,1,5732,16.118,16.065,16.047,7.612,16.175
534,4692,omega_reduce_r5_o2_n2_multiply_add_zero,12288,192,4,258147680,0,0,1,1,1,1,9726,16.118,16.065,16.047,7.612,16.175
535,4701,omega_reduce_r2_o1_n2_multiply_add_zero_epi5_fused_identity_o5__multiply_s0_o4__add_s1_o3__square_root_s2__reciprocal_s3__multiply_s4_o2__multiply_s5_o1__add_s6_o0,256,1,9,222546248,32,0,1,1,1,1,6351,16.118,16.065,16.047,7.612,16.175
536,4709,omega_reduce_r2_o1_n2_multiply_add_zero_epi4_fused_identity_o4__multiply_s0_o3__add_s1_o2__square_root_s2__reciprocal_s3__multiply_s4_o1__multiply_s5_o0,256,1,8,233384296,32,0,1,1,1,1,5714,16.118,16.065,16.047,7.612,16.175
537,4714,omega_reduce_r3_o2_n2_multiply_add_zero,98304,1536,4,244031840,0,0,1,1,1,1,31815,16.118,16.065,16.047,7.612,16.175
538,4729,omega_reduce_r3_o2_n2_multiply_add_zero_epi9_fused_identity_o9__multiply_o5_o6__multiply_s1_o4__multiply_s2_o3__add_s3_o2__multiply_s4_o1__tanh_s5__add_s6_o0__multiply_o7_o8__multiply_s7_s8__multiply_s0_s9,98304,1536,13,233654640,0,0,1,1,1,1,34006,16.118,16.065,16.047,7.612,16.175
539,4731,omega_reduce_r3_o2_n2_multiply_add_zero,12288,192,4,254648672,0,0,1,1,1,1,35464,16.118,16.065,16.047,7.612,16.175
540,4741,omega_reduce_r2_o1_n2_multiply_add_zero_epi5_fused_identity_o5__multiply_s0_o4__add_s1_o3__square_root_s2__reciprocal_s3__multiply_s4_o2__multiply_s5_o1__add_s6_o0,256,1,9,222540104,32,0,1,1,1,1,6351,16.118,16.065,16.047,7.612,16.175
541,4757,omega_reduce_r3_o2_n2_multiply_add_zero_epi5_fused_identity_o5__identity_o0__multiply_s0_s0__multiply_s0_s2__multiply_s3_o3__add_s0_s4__multiply_s5_o2__tanh_s6__add_s7_o1__multiply_s0_o4__multiply_s8_s9__multiply_s1_s10,2048,32,9,222779760,0,0,1,1,1,1,6310,16.118,16.065,16.047,7.612,16.175
542,4760,omega_reduce_r3_o2_n2_multiply_add_zero,12288,192,4,222504256,0,0,1,1,1,1,4810,16.118,16.065,16.047,7.612,16.175
543,4772,omega_reduce_r2_o1_n2_multiply_add_zero_epi6_fused_identity_o6__multiply_s0_o4__add_s1_o3__square_root_s2__reciprocal_s3__multiply_s4_o2__multiply_s5_o1__add_s6_o0__multiply_s7_o5,256,1,10,445049512,32,0,1,1,1,1,7125,16.118,16.065,16.047,7.612,16.175
544,4787,omega_reduce_r2_o1_n2_multiply_add_zero_epi4_fused_identity_o4__multiply_s0_o3__add_s1_o2__square_root_s2__reciprocal_s3__multiply_s4_o1__multiply_s5_o0,256,1,8,222300488,32,0,1,1,1,1,5714,16.118,16.065,16.047,7.612,16.175
545,4789,omega_reduce_r4_o3_n2_multiply_add_zero,32768,512,4,218753344,0,0,1,1,1,1,17994,16.118,16.065,16.047,7.612,16.175
546,4797,omega_reduce_r3_o2_n2_multiply_add_zero_epi4_fused_identity_o4__multiply_s0_o3__add_s1_o2__square_root_s2__reciprocal_s3__multiply_s4_o1__multiply_s5_o0,1024,8,8,215257416,16,0,1,1,1,1,5655,16.118,16.065,16.047,7.612,16.175
547,4800,omega_elementwise_twin_r3_n4_fused_multiply_o0_o1__multiply_o2_o3__subtract_s0_s1_fused_multiply_o0_o3__multiply_o2_o1__add_s0_s1,2048,2,7,51200,0,0,1,1,1,1,4661,16.118,16.065,16.047,7.612,16.175
548,4836,omega_cached_attention_q1_h1_g8_d512_s3f800000_ln9223372036854775808_up0_x4_e1_k1_ds,32768,256,11,5388292,8224,0,1,1,1,1,40887,16.118,16.065,16.047,7.612,16.175
549,4836,omega_cached_attention_q1_h1_g8_d512_s3f800000_ln9223372036854775808_up0_x4_e1_k1_ds_merge,8192,8,3,542720,0,0,1,1,1,1,7726,16.118,16.065,16.047,7.612,16.175
550,4838,omega_reduce_r5_o2_n2_multiply_add_zero,12288,192,4,222292288,0,0,1,1,1,1,16280,16.118,16.065,16.047,7.612,16.175
551,4847,omega_reduce_r2_o1_n2_multiply_add_zero_epi5_fused_identity_o5__multiply_s0_o4__add_s1_o3__square_root_s2__reciprocal_s3__multiply_s4_o2__multiply_s5_o1__add_s6_o0,256,1,9,183142696,32,0,1,1,1,1,6351,16.118,16.065,16.047,7.612,16.175
552,4855,omega_reduce_r2_o1_n2_multiply_add_zero_epi4_fused_identity_o4__multiply_s0_o3__add_s1_o2__square_root_s2__reciprocal_s3__multiply_s4_o1__multiply_s5_o0,256,1,8,193980744,32,0,1,1,1,1,5714,16.118,16.065,16.047,7.612,16.175
553,4860,omega_reduce_r3_o2_n2_multiply_add_zero,98304,1536,4,204628288,0,0,1,1,1,1,31815,16.118,16.065,16.047,7.612,16.175
554,4875,omega_reduce_r3_o2_n2_multiply_add_zero_epi9_fused_identity_o9__multiply_o5_o6__multiply_s1_o4__multiply_s2_o3__add_s3_o2__multiply_s4_o1__tanh_s5__add_s6_o0__multiply_o7_o8__multiply_s7_s8__multiply_s0_s9,98304,1536,13,194251088,0,0,1,1,1,1,34006,16.118,16.065,16.047,7.612,16.175
555,4877,omega_reduce_r3_o2_n2_multiply_add_zero,12288,192,4,215245120,0,0,1,1,1,1,35464,16.118,16.065,16.047,7.612,16.175
556,4887,omega_reduce_r2_o1_n2_multiply_add_zero_epi5_fused_identity_o5__multiply_s0_o4__add_s1_o3__square_root_s2__reciprocal_s3__multiply_s4_o2__multiply_s5_o1__add_s6_o0,256,1,9,183136552,32,0,1,1,1,1,6351,16.118,16.065,16.047,7.612,16.175
557,4903,omega_reduce_r3_o2_n2_multiply_add_zero_epi5_fused_identity_o5__identity_o0__multiply_s0_s0__multiply_s0_s2__multiply_s3_o3__add_s0_s4__multiply_s5_o2__tanh_s6__add_s7_o1__multiply_s0_o4__multiply_s8_s9__multiply_s1_s10,2048,32,9,183376208,0,0,1,1,1,1,6208,16.118,16.065,16.047,7.612,16.175
558,4906,omega_reduce_r3_o2_n2_multiply_add_zero,12288,192,4,183100704,0,0,1,1,1,1,4810,16.118,16.065,16.047,7.612,16.175
559,4918,omega_reduce_r2_o1_n2_multiply_add_zero_epi6_fused_identity_o6__multiply_s0_o4__add_s1_o3__square_root_s2__reciprocal_s3__multiply_s4_o2__multiply_s5_o1__add_s6_o0__multiply_s7_o5,256,1,10,366242408,32,0,1,1,1,1,7125,16.118,16.065,16.047,7.612,16.175
560,4933,omega_reduce_r2_o1_n2_multiply_add_zero_epi4_fused_identity_o4__multiply_s0_o3__add_s1_o2__square_root_s2__reciprocal_s3__multiply_s4_o1__multiply_s5_o0,256,1,8,182896936,32,0,1,1,1,1,5714,16.118,16.065,16.047,7.612,16.175
561,4935,omega_reduce_r4_o3_n2_multiply_add_zero,16384,256,4,181111072,0,0,1,1,1,1,10464,16.118,16.065,16.047,7.612,16.175
562,4943,omega_reduce_r3_o2_n2_multiply_add_zero_epi4_fused_identity_o4__multiply_s0_o3__add_s1_o2__square_root_s2__reciprocal_s3__multiply_s4_o1__multiply_s5_o0,512,8,8,179360040,16,0,1,1,1,1,5625,16.118,16.065,16.047,7.612,16.175
563,4946,omega_elementwise_twin_r3_n4_fused_multiply_o0_o1__multiply_o2_o3__subtract_s0_s1_fused_multiply_o0_o3__multiply_o2_o1__add_s0_s1,1024,1,7,25600,0,0,1,1,1,1,4542,16.118,16.065,16.047,7.612,16.175
564,4982,omega_cached_attention_q1_h1_g8_d256_s3f800000_ln511_up0_x4_e1_k1_ds,17408,136,11,1710084,4128,0,1,1,1,1,21542,16.118,16.065,16.047,7.612,16.175
565,4982,omega_cached_attention_q1_h1_g8_d256_s3f800000_ln511_up0_x4_e1_k1_ds_merge,8192,8,3,272384,0,0,1,1,1,1,5732,16.118,16.065,16.047,7.612,16.175
566,4984,omega_reduce_r5_o2_n2_multiply_add_zero,12288,192,4,182880544,0,0,1,1,1,1,9726,16.118,16.065,16.047,7.612,16.175
567,4993,omega_reduce_r2_o1_n2_multiply_add_zero_epi5_fused_identity_o5__multiply_s0_o4__add_s1_o3__square_root_s2__reciprocal_s3__multiply_s4_o2__multiply_s5_o1__add_s6_o0,256,1,9,147279112,32,0,1,1,1,1,6351,16.118,16.065,16.047,7.612,16.175
568,5001,omega_reduce_r2_o1_n2_multiply_add_zero_epi4_fused_identity_o4__multiply_s0_o3__add_s1_o2__square_root_s2__reciprocal_s3__multiply_s4_o1__multiply_s5_o0,256,1,8,158117160,32,0,1,1,1,1,5714,16.118,16.065,16.047,7.612,16.175
569,5006,omega_reduce_r3_o2_n2_multiply_add_zero,98304,1536,4,168764704,0,0,1,1,1,1,31815,16.118,16.065,16.047,7.612,16.175
570,5021,omega_reduce_r3_o2_n2_multiply_add_zero_epi9_fused_identity_o9__multiply_o5_o6__multiply_s1_o4__multiply_s2_o3__add_s3_o2__multiply_s4_o1__tanh_s5__add_s6_o0__multiply_o7_o8__multiply_s7_s8__multiply_s0_s9,98304,1536,13,158387504,0,0,1,1,1,1,34006,16.118,16.065,16.047,7.612,16.175
571,5023,omega_reduce_r3_o2_n2_multiply_add_zero,12288,192,4,179381536,0,0,1,1,1,1,35464,16.118,16.065,16.047,7.612,16.175
572,5033,omega_reduce_r2_o1_n2_multiply_add_zero_epi5_fused_identity_o5__multiply_s0_o4__add_s1_o3__square_root_s2__reciprocal_s3__multiply_s4_o2__multiply_s5_o1__add_s6_o0,256,1,9,147272968,32,0,1,1,1,1,6351,16.118,16.065,16.047,7.612,16.175
573,5049,omega_reduce_r3_o2_n2_multiply_add_zero_epi5_fused_identity_o5__identity_o0__multiply_s0_s0__multiply_s0_s2__multiply_s3_o3__add_s0_s4__multiply_s5_o2__tanh_s6__add_s7_o1__multiply_s0_o4__multiply_s8_s9__multiply_s1_s10,2048,32,9,147512624,0,0,1,1,1,1,6280,16.118,16.065,16.047,7.612,16.175
574,5052,omega_reduce_r3_o2_n2_multiply_add_zero,12288,192,4,147237120,0,0,1,1,1,1,4810,16.118,16.065,16.047,7.612,16.175
575,5064,omega_reduce_r2_o1_n2_multiply_add_zero_epi6_fused_identity_o6__multiply_s0_o4__add_s1_o3__square_root_s2__reciprocal_s3__multiply_s4_o2__multiply_s5_o1__add_s6_o0__multiply_s7_o5,256,1,10,294515240,32,0,1,1,1,1,7125,16.118,16.065,16.047,7.612,16.175
576,5079,omega_reduce_r2_o1_n2_multiply_add_zero_epi4_fused_identity_o4__multiply_s0_o3__add_s1_o2__square_root_s2__reciprocal_s3__multiply_s4_o1__multiply_s5_o0,256,1,8,147033352,32,0,1,1,1,1,5714,16.118,16.065,16.047,7.612,16.175
577,5081,omega_reduce_r4_o3_n2_multiply_add_zero,16384,256,4,145247488,0,0,1,1,1,1,10464,16.118,16.065,16.047,7.612,16.175
578,5089,omega_reduce_r3_o2_n2_multiply_add_zero_epi4_fused_identity_o4__multiply_s0_o3__add_s1_o2__square_root_s2__reciprocal_s3__multiply_s4_o1__multiply_s5_o0,512,8,8,143496456,16,0,1,1,1,1,5625,16.118,16.065,16.047,7.612,16.175
579,5092,omega_elementwise_twin_r3_n4_fused_multiply_o0_o1__multiply_o2_o3__subtract_s0_s1_fused_multiply_o0_o3__multiply_o2_o1__add_s0_s1,1024,1,7,25600,0,0,1,1,1,1,4542,16.118,16.065,16.047,7.612,16.175
580,5128,omega_cached_attention_q1_h1_g8_d256_s3f800000_ln511_up0_x4_e1_k1_ds,17408,136,11,1710084,4128,0,1,1,1,1,21542,16.118,16.065,16.047,7.612,16.175
581,5128,omega_cached_attention_q1_h1_g8_d256_s3f800000_ln511_up0_x4_e1_k1_ds_merge,8192,8,3,272384,0,0,1,1,1,1,5732,16.118,16.065,16.047,7.612,16.175
582,5130,omega_reduce_r5_o2_n2_multiply_add_zero,12288,192,4,147016960,0,0,1,1,1,1,9726,16.118,16.065,16.047,7.612,16.175
583,5139,omega_reduce_r2_o1_n2_multiply_add_zero_epi5_fused_identity_o5__multiply_s0_o4__add_s1_o3__square_root_s2__reciprocal_s3__multiply_s4_o2__multiply_s5_o1__add_s6_o0,256,1,9,111415528,32,0,1,1,1,1,6351,16.118,16.065,16.047,7.612,16.175
584,5147,omega_reduce_r2_o1_n2_multiply_add_zero_epi4_fused_identity_o4__multiply_s0_o3__add_s1_o2__square_root_s2__reciprocal_s3__multiply_s4_o1__multiply_s5_o0,256,1,8,122253576,32,0,1,1,1,1,5714,16.118,16.065,16.047,7.612,16.175
585,5152,omega_reduce_r3_o2_n2_multiply_add_zero,98304,1536,4,132901120,0,0,1,1,1,1,31815,16.118,16.065,16.047,7.612,16.175
586,5167,omega_reduce_r3_o2_n2_multiply_add_zero_epi9_fused_identity_o9__multiply_o5_o6__multiply_s1_o4__multiply_s2_o3__add_s3_o2__multiply_s4_o1__tanh_s5__add_s6_o0__multiply_o7_o8__multiply_s7_s8__multiply_s0_s9,98304,1536,13,122523920,0,0,1,1,1,1,34006,16.118,16.065,16.047,7.612,16.175
587,5169,omega_reduce_r3_o2_n2_multiply_add_zero,12288,192,4,143517952,0,0,1,1,1,1,35464,16.118,16.065,16.047,7.612,16.175
588,5179,omega_reduce_r2_o1_n2_multiply_add_zero_epi5_fused_identity_o5__multiply_s0_o4__add_s1_o3__square_root_s2__reciprocal_s3__multiply_s4_o2__multiply_s5_o1__add_s6_o0,256,1,9,111409384,32,0,1,1,1,1,6351,16.118,16.065,16.047,7.612,16.175
589,5195,omega_reduce_r3_o2_n2_multiply_add_zero_epi5_fused_identity_o5__identity_o0__multiply_s0_s0__multiply_s0_s2__multiply_s3_o3__add_s0_s4__multiply_s5_o2__tanh_s6__add_s7_o1__multiply_s0_o4__multiply_s8_s9__multiply_s1_s10,2048,32,9,111649040,0,0,1,1,1,1,6286,16.118,16.065,16.047,7.612,16.175
590,5198,omega_reduce_r3_o2_n2_multiply_add_zero,12288,192,4,111373536,0,0,1,1,1,1,4810,16.118,16.065,16.047,7.612,16.175
591,5210,omega_reduce_r2_o1_n2_multiply_add_zero_epi6_fused_identity_o6__multiply_s0_o4__add_s1_o3__square_root_s2__reciprocal_s3__multiply_s4_o2__multiply_s5_o1__add_s6_o0__multiply_s7_o5,256,1,10,222788072,32,0,1,1,1,1,7125,16.118,16.065,16.047,7.612,16.175
592,5225,omega_reduce_r2_o1_n2_multiply_add_zero_epi4_fused_identity_o4__multiply_s0_o3__add_s1_o2__square_root_s2__reciprocal_s3__multiply_s4_o1__multiply_s5_o0,256,1,8,111169768,32,0,1,1,1,1,5714,16.118,16.065,16.047,7.612,16.175
593,5227,omega_reduce_r4_o3_n2_multiply_add_zero,16384,256,4,109383904,0,0,1,1,1,1,10464,16.118,16.065,16.047,7.612,16.175
594,5235,omega_reduce_r3_o2_n2_multiply_add_zero_epi4_fused_identity_o4__multiply_s0_o3__add_s1_o2__square_root_s2__reciprocal_s3__multiply_s4_o1__multiply_s5_o0,512,8,8,107632872,16,0,1,1,1,1,5625,16.118,16.065,16.047,7.612,16.175
595,5238,omega_elementwise_twin_r3_n4_fused_multiply_o0_o1__multiply_o2_o3__subtract_s0_s1_fused_multiply_o0_o3__multiply_o2_o1__add_s0_s1,1024,1,7,25600,0,0,1,1,1,1,4542,16.118,16.065,16.047,7.612,16.175
596,5274,omega_cached_attention_q1_h1_g8_d256_s3f800000_ln511_up0_x4_e1_k1_ds,17408,136,11,1710084,4128,0,1,1,1,1,21542,16.118,16.065,16.047,7.612,16.175
597,5274,omega_cached_attention_q1_h1_g8_d256_s3f800000_ln511_up0_x4_e1_k1_ds_merge,8192,8,3,272384,0,0,1,1,1,1,5732,16.118,16.065,16.047,7.612,16.175
598,5276,omega_reduce_r5_o2_n2_multiply_add_zero,12288,192,4,111153376,0,0,1,1,1,1,9726,16.118,16.065,16.047,7.612,16.175
599,5285,omega_reduce_r2_o1_n2_multiply_add_zero_epi5_fused_identity_o5__multiply_s0_o4__add_s1_o3__square_root_s2__reciprocal_s3__multiply_s4_o2__multiply_s5_o1__add_s6_o0,256,1,9,75551944,32,0,1,1,1,1,6351,16.118,16.065,16.047,7.612,16.175
600,5293,omega_reduce_r2_o1_n2_multiply_add_zero_epi4_fused_identity_o4__multiply_s0_o3__add_s1_o2__square_root_s2__reciprocal_s3__multiply_s4_o1__multiply_s5_o0,256,1,8,86389992,32,0,1,1,1,1,5714,16.118,16.065,16.047,7.612,16.175
601,5298,omega_reduce_r3_o2_n2_multiply_add_zero,98304,1536,4,97037536,0,0,1,1,1,1,31815,16.118,16.065,16.047,7.612,16.175
602,5313,omega_reduce_r3_o2_n2_multiply_add_zero_epi9_fused_identity_o9__multiply_o5_o6__multiply_s1_o4__multiply_s2_o3__add_s3_o2__multiply_s4_o1__tanh_s5__add_s6_o0__multiply_o7_o8__multiply_s7_s8__multiply_s0_s9,98304,1536,13,86660336,0,0,1,1,1,1,34006,16.118,16.065,16.047,7.612,16.175
603,5315,omega_reduce_r3_o2_n2_multiply_add_zero,12288,192,4,107654368,0,0,1,1,1,1,35464,16.118,16.065,16.047,7.612,16.175
604,5325,omega_reduce_r2_o1_n2_multiply_add_zero_epi5_fused_identity_o5__multiply_s0_o4__add_s1_o3__square_root_s2__reciprocal_s3__multiply_s4_o2__multiply_s5_o1__add_s6_o0,256,1,9,75545800,32,0,1,1,1,1,6351,16.118,16.065,16.047,7.612,16.175
605,5341,omega_reduce_r3_o2_n2_multiply_add_zero_epi5_fused_identity_o5__identity_o0__multiply_s0_s0__multiply_s0_s2__multiply_s3_o3__add_s0_s4__multiply_s5_o2__tanh_s6__add_s7_o1__multiply_s0_o4__multiply_s8_s9__multiply_s1_s10,2048,32,9,75785456,0,0,1,1,1,1,6310,16.118,16.065,16.047,7.612,16.175
606,5344,omega_reduce_r3_o2_n2_multiply_add_zero,12288,192,4,75509952,0,0,1,1,1,1,4810,16.118,16.065,16.047,7.612,16.175
607,5356,omega_reduce_r2_o1_n2_multiply_add_zero_epi6_fused_identity_o6__multiply_s0_o4__add_s1_o3__square_root_s2__reciprocal_s3__multiply_s4_o2__multiply_s5_o1__add_s6_o0__multiply_s7_o5,256,1,10,151060904,32,0,1,1,1,1,7125,16.118,16.065,16.047,7.612,16.175
608,5371,omega_reduce_r2_o1_n2_multiply_add_zero_epi4_fused_identity_o4__multiply_s0_o3__add_s1_o2__square_root_s2__reciprocal_s3__multiply_s4_o1__multiply_s5_o0,256,1,8,75306184,32,0,1,1,1,1,5714,16.118,16.065,16.047,7.612,16.175
609,5373,omega_reduce_r4_o3_n2_multiply_add_zero,16384,256,4,73520320,0,0,1,1,1,1,10464,16.118,16.065,16.047,7.612,16.175
610,5381,omega_reduce_r3_o2_n2_multiply_add_zero_epi4_fused_identity_o4__multiply_s0_o3__add_s1_o2__square_root_s2__reciprocal_s3__multiply_s4_o1__multiply_s5_o0,512,8,8,71769288,16,0,1,1,1,1,5625,16.118,16.065,16.047,7.612,16.175
611,5384,omega_elementwise_twin_r3_n4_fused_multiply_o0_o1__multiply_o2_o3__subtract_s0_s1_fused_multiply_o0_o3__multiply_o2_o1__add_s0_s1,1024,1,7,25600,0,0,1,1,1,1,4542,16.118,16.065,16.047,7.612,16.175
612,5420,omega_cached_attention_q1_h1_g8_d256_s3f800000_ln511_up0_x4_e1_k1_ds,17408,136,11,1710084,4128,0,1,1,1,1,21542,16.118,16.065,16.047,7.612,16.175
613,5420,omega_cached_attention_q1_h1_g8_d256_s3f800000_ln511_up0_x4_e1_k1_ds_merge,8192,8,3,272384,0,0,1,1,1,1,5732,16.118,16.065,16.047,7.612,16.175
614,5422,omega_reduce_r5_o2_n2_multiply_add_zero,12288,192,4,75289792,0,0,1,1,1,1,9726,16.118,16.065,16.047,7.612,16.175
615,5431,omega_reduce_r2_o1_n2_multiply_add_zero_epi5_fused_identity_o5__multiply_s0_o4__add_s1_o3__square_root_s2__reciprocal_s3__multiply_s4_o2__multiply_s5_o1__add_s6_o0,256,1,9,39688360,32,0,1,1,1,1,6351,16.118,16.065,16.047,7.612,16.175
616,5439,omega_reduce_r2_o1_n2_multiply_add_zero_epi4_fused_identity_o4__multiply_s0_o3__add_s1_o2__square_root_s2__reciprocal_s3__multiply_s4_o1__multiply_s5_o0,256,1,8,50526408,32,0,1,1,1,1,5714,16.118,16.065,16.047,7.612,16.175
617,5444,omega_reduce_r3_o2_n2_multiply_add_zero,98304,1536,4,61173952,0,0,1,1,1,1,31815,16.118,16.065,16.047,7.612,16.175
618,5459,omega_reduce_r3_o2_n2_multiply_add_zero_epi9_fused_identity_o9__multiply_o5_o6__multiply_s1_o4__multiply_s2_o3__add_s3_o2__multiply_s4_o1__tanh_s5__add_s6_o0__multiply_o7_o8__multiply_s7_s8__multiply_s0_s9,98304,1536,13,50796752,0,0,1,1,1,1,34006,16.118,16.065,16.047,7.612,16.175
619,5461,omega_reduce_r3_o2_n2_multiply_add_zero,12288,192,4,71790784,0,0,1,1,1,1,35464,16.118,16.065,16.047,7.612,16.175
620,5471,omega_reduce_r2_o1_n2_multiply_add_zero_epi5_fused_identity_o5__multiply_s0_o4__add_s1_o3__square_root_s2__reciprocal_s3__multiply_s4_o2__multiply_s5_o1__add_s6_o0,256,1,9,39682216,32,0,1,1,1,1,6351,16.118,16.065,16.047,7.612,16.175
621,5487,omega_reduce_r3_o2_n2_multiply_add_zero_epi5_fused_identity_o5__identity_o0__multiply_s0_s0__multiply_s0_s2__multiply_s3_o3__add_s0_s4__multiply_s5_o2__tanh_s6__add_s7_o1__multiply_s0_o4__multiply_s8_s9__multiply_s1_s10,2048,32,9,39921872,0,0,1,1,1,1,6238,16.118,16.065,16.047,7.612,16.175
622,5490,omega_reduce_r3_o2_n2_multiply_add_zero,12288,192,4,39646368,0,0,1,1,1,1,4810,16.118,16.065,16.047,7.612,16.175
623,5502,omega_reduce_r2_o1_n2_multiply_add_zero_epi6_fused_identity_o6__multiply_s0_o4__add_s1_o3__square_root_s2__reciprocal_s3__multiply_s4_o2__multiply_s5_o1__add_s6_o0__multiply_s7_o5,256,1,10,79333736,32,0,1,1,1,1,7125,16.118,16.065,16.047,7.612,16.175
624,5517,omega_reduce_r2_o1_n2_multiply_add_zero_epi4_fused_identity_o4__multiply_s0_o3__add_s1_o2__square_root_s2__reciprocal_s3__multiply_s4_o1__multiply_s5_o0,256,1,8,39442600,32,0,1,1,1,1,5714,16.118,16.065,16.047,7.612,16.175
625,5519,omega_reduce_r4_o3_n2_multiply_add_zero,32768,512,4,35895456,0,0,1,1,1,1,17994,16.118,16.065,16.047,7.612,16.175
626,5527,omega_reduce_r3_o2_n2_multiply_add_zero_epi4_fused_identity_o4__multiply_s0_o3__add_s1_o2__square_root_s2__reciprocal_s3__multiply_s4_o1__multiply_s5_o0,1024,8,8,32399528,16,0,1,1,1,1,5655,16.118,16.065,16.047,7.612,16.175
627,5530,omega_elementwise_twin_r3_n4_fused_multiply_o0_o1__multiply_o2_o3__subtract_s0_s1_fused_multiply_o0_o3__multiply_o2_o1__add_s0_s1,2048,2,7,51200,0,0,1,1,1,1,4661,16.118,16.065,16.047,7.612,16.175
628,5566,omega_cached_attention_q1_h1_g8_d512_s3f800000_ln9223372036854775808_up0_x4_e1_k1_ds,32768,256,11,5388292,8224,0,1,1,1,1,40887,16.118,16.065,16.047,7.612,16.175
629,5566,omega_cached_attention_q1_h1_g8_d512_s3f800000_ln9223372036854775808_up0_x4_e1_k1_ds_merge,8192,8,3,542720,0,0,1,1,1,1,7726,16.118,16.065,16.047,7.612,16.175
630,5568,omega_reduce_r5_o2_n2_multiply_add_zero,12288,192,4,39434400,0,0,1,1,1,1,16280,16.118,16.065,16.047,7.612,16.175
631,5577,omega_reduce_r2_o1_n2_multiply_add_zero_epi5_fused_identity_o5__multiply_s0_o4__add_s1_o3__square_root_s2__reciprocal_s3__multiply_s4_o2__multiply_s5_o1__add_s6_o0,256,1,9,284808,32,0,1,1,1,1,6351,16.118,16.065,16.047,7.612,16.175
632,5585,omega_reduce_r2_o1_n2_multiply_add_zero_epi4_fused_identity_o4__multiply_s0_o3__add_s1_o2__square_root_s2__reciprocal_s3__multiply_s4_o1__multiply_s5_o0,256,1,8,11122856,32,0,1,1,1,1,5714,16.118,16.065,16.047,7.612,16.175
633,5590,omega_reduce_r3_o2_n2_multiply_add_zero,98304,1536,4,21770400,0,0,1,1,1,1,31815,16.118,16.065,16.047,7.612,16.175
634,5605,omega_reduce_r3_o2_n2_multiply_add_zero_epi9_fused_identity_o9__multiply_o5_o6__multiply_s1_o4__multiply_s2_o3__add_s3_o2__multiply_s4_o1__tanh_s5__add_s6_o0__multiply_o7_o8__multiply_s7_s8__multiply_s0_s9,98304,1536,13,11393200,0,0,1,1,1,1,34006,16.118,16.065,16.047,7.612,16.175
635,5607,omega_reduce_r3_o2_n2_multiply_add_zero,12288,192,4,32387232,0,0,1,1,1,1,35464,16.118,16.065,16.047,7.612,16.175
636,5617,omega_reduce_r2_o1_n2_multiply_add_zero_epi5_fused_identity_o5__multiply_s0_o4__add_s1_o3__square_root_s2__reciprocal_s3__multiply_s4_o2__multiply_s5_o1__add_s6_o0,256,1,9,278664,32,0,1,1,1,1,6351,16.118,16.065,16.047,7.612,16.175
637,5633,omega_reduce_r3_o2_n2_multiply_add_zero_epi5_fused_identity_o5__identity_o0__multiply_s0_s0__multiply_s0_s2__multiply_s3_o3__add_s0_s4__multiply_s5_o2__tanh_s6__add_s7_o1__multiply_s0_o4__multiply_s8_s9__multiply_s1_s10,2048,32,9,518320,0,0,1,1,1,1,6244,16.118,16.065,16.047,7.612,16.175
638,5636,omega_reduce_r3_o2_n2_multiply_add_zero,12288,192,4,242816,0,0,1,1,1,1,4810,16.118,16.065,16.047,7.612,16.175
639,5648,omega_reduce_r2_o1_n2_multiply_add_zero_epi6_fused_identity_o6__multiply_s0_o4__add_s1_o3__square_root_s2__reciprocal_s3__multiply_s4_o2__multiply_s5_o1__add_s6_o0__multiply_s7_o5,256,1,10,526632,32,0,1,1,1,1,7125,16.118,16.065,16.047,7.612,16.175
640,5657,omega_reduce_r2_o1_n2_multiply_add_zero_epi4_fused_identity_o4__multiply_s0_o3__add_s1_o2__square_root_s2__reciprocal_s3__multiply_s4_o1__multiply_s5_o0,256,1,8,3333739752,32,0,1,1,1,1,5714,16.118,16.065,16.047,7.612,16.175
641,5659,omega_elementwise_r2_n1_identity_g1,1536,2,5,12292,0,0,1,1,1,1,3952,16.118,16.065,16.047,7.612,16.175
642,5666,omega_reduce_r3_o2_n2_multiply_add_zero_epi2_fused_identity_o2__divide_s0_o1__tanh_s1__multiply_s2_o0,4194304,65536,6,1380478184,0,0,1,1,1,1,1084464,16.118,16.065,16.047,7.612,16.175
643,5668,omega_elementwise_r3_n1_identity,262144,256,3,2097152,0,0,1,1,1,1,6649,16.118,16.065,16.047,7.612,16.175
644,5669,omega_reduce_r3_o2_n1_identity_maximum_negative_infinity,65536,512,3,1050624,16,0,1,1,1,1,6143,16.118,16.065,16.047,7.612,16.175
645,5670,omega_reduce_r2_o1_n1_identity_maximum_negative_infinity,128,1,3,2052,16,0,1,1,1,1,2982,16.118,16.065,16.047,7.612,16.175
646,5672,omega_iota_r1,512,1,2,2048,0,0,1,1,0,1,2107,16.118,16.065,16.047,7.612,16.175
647,5673,omega_iota_r1,512,1,2,2048,0,0,0,0,0,0,2107,16.118,16.065,16.047,7.612,16.175
648,5675,omega_elementwise_r1_n2_multiply,512,1,4,4100,0,0,1,1,1,1,2786,16.118,16.065,16.047,7.612,16.175
649,5679,omega_reduce_r3_o2_n5_fused_equal_o0_o1__add_o2_o3__select_s0_s1_o4_minimum_positive_infinity,65536,512,7,1054728,16,0,1,1,1,1,10994,16.118,16.065,16.047,7.612,16.175
650,5680,omega_reduce_r2_o1_n1_identity_minimum_positive_infinity,128,1,3,2052,16,0,1,1,1,1,3000,16.118,16.065,16.047,7.612,16.175
651,5686,omega_reduce_r3_o2_n4_fused_greater_o0_o1__greater_o2_o3__multiply_s0_s1_add_zero,65536,512,6,2099208,16,0,1,1,0,1,9696,16.118,16.065,16.047,7.612,16.175
652,5687,omega_reduce_r2_o1_n1_identity_add_zero,128,1,3,2052,16,0,1,1,1,1,3012,16.118,16.065,16.047,7.612,16.175
