LEAF	ids	Int32	[Symbolic(0)]	gguf=-	bound=-	
LEAF	token_embd.weight	Float32	[Static(262144), Static(2816)]	gguf=[2816, 262144]/Q6_K	bound=packed	ew:Identity:Computed { indices: NodeId(0), index_map: IndexPattern { iter_rank: 2,
LEAF	eps	Float32	[Symbolic(0)]	gguf=-	bound=-	ew:Add:Affine(IndexPattern { iter_rank: 1, axes: [AxisIndex { terms: [AxisTer | ew:Add:Affine(IndexPattern { iter_rank: 2, axes: [AxisIndex { terms: [AxisTer
LEAF	cached_len	Float32	[]	gguf=-	bound=-	ew:Add:Affine(IndexPattern { iter_rank: 1, axes: [] })
LEAF	rope_cos_swa	Float32	[Symbolic(0), Static(128)]	gguf=-	bound=-	ew:Multiply:Affine(IndexPattern { iter_rank: 3, axes: [AxisIndex { terms: [AxisTer
LEAF	rope_sin_swa	Float32	[Symbolic(0), Static(128)]	gguf=-	bound=-	ew:Multiply:Affine(IndexPattern { iter_rank: 3, axes: [AxisIndex { terms: [AxisTer
LEAF	rope_cos	Float32	[Symbolic(0), Static(256)]	gguf=-	bound=-	ew:Multiply:Affine(IndexPattern { iter_rank: 3, axes: [AxisIndex { terms: [AxisTer
LEAF	rope_sin	Float32	[Symbolic(0), Static(256)]	gguf=-	bound=-	ew:Multiply:Affine(IndexPattern { iter_rank: 3, axes: [AxisIndex { terms: [AxisTer
LEAF	cached_len_swa	Float32	[]	gguf=-	bound=-	ew:Add:Affine(IndexPattern { iter_rank: 1, axes: [] })
LEAF	blk.0.attn_norm.weight	Float32	[Static(2816)]	gguf=[2816]/F32	bound=owned	ew:Multiply:Affine(IndexPattern { iter_rank: 2, axes: [AxisIndex { terms: [AxisTer
LEAF	blk.0.ffn_norm.weight	Float32	[Static(2816)]	gguf=[2816]/F32	bound=owned	ew:Multiply:Affine(IndexPattern { iter_rank: 2, axes: [AxisIndex { terms: [AxisTer
LEAF	blk.0.post_attention_norm.weight	Float32	[Static(2816)]	gguf=[2816]/F32	bound=owned	ew:Multiply:Affine(IndexPattern { iter_rank: 2, axes: [AxisIndex { terms: [AxisTer
LEAF	blk.0.attn_q.weight	Float32	[Static(2816), Static(16), Static(256)]	gguf=[2816, 4096]/Q3_K	bound=packed	ew:Multiply:Affine(IndexPattern { iter_rank: 4, axes: [AxisIndex { terms: [AxisTer
LEAF	blk.0.attn_k.weight	Float32	[Static(2816), Static(8), Static(256)]	gguf=[2816, 2048]/Q3_K	bound=packed	ew:Multiply:Affine(IndexPattern { iter_rank: 4, axes: [AxisIndex { terms: [AxisTer
LEAF	blk.0.attn_k_norm.weight	Float32	[Static(256)]	gguf=[256]/F32	bound=owned	ew:Multiply:Affine(IndexPattern { iter_rank: 3, axes: [AxisIndex { terms: [AxisTer
LEAF	blk.0.attn_v.weight	Float32	[Static(2816), Static(8), Static(256)]	gguf=[2816, 2048]/Q5_K	bound=packed	ew:Multiply:Affine(IndexPattern { iter_rank: 4, axes: [AxisIndex { terms: [AxisTer
LEAF	kv_cache.0.k_even	Float32	[Symbolic(2), Static(8), Static(128)]	gguf=-	bound=-	ew:Multiply:Affine(IndexPattern { iter_rank: 5, axes: [AxisIndex { terms: [AxisTer
LEAF	kv_cache.0.k_odd	Float32	[Symbolic(2), Static(8), Static(128)]	gguf=-	bound=-	ew:Multiply:Affine(IndexPattern { iter_rank: 5, axes: [AxisIndex { terms: [AxisTer
LEAF	kv_cache.0.v	Float32	[Symbolic(2), Static(8), Static(256)]	gguf=-	bound=-	ew:Multiply:Affine(IndexPattern { iter_rank: 5, axes: [AxisIndex { terms: [AxisTer
LEAF	blk.0.attn_output.weight	Float32	[Static(8), Static(2), Static(256), Static(2816)]	gguf=[4096, 2816]/Q4_K	bound=packed	ew:Multiply:Affine(IndexPattern { iter_rank: 5, axes: [AxisIndex { terms: [AxisTer
LEAF	blk.0.attn_q_norm.weight	Float32	[Static(256)]	gguf=[256]/F32	bound=owned	ew:Multiply:Affine(IndexPattern { iter_rank: 3, axes: [AxisIndex { terms: [AxisTer
LEAF	blk.0.ffn_gate.weight	Float32	[Static(2816), Static(2112)]	gguf=[2816, 2112]/Q3_K	bound=packed	ew:Multiply:Affine(IndexPattern { iter_rank: 3, axes: [AxisIndex { terms: [AxisTer
LEAF	blk.0.ffn_up.weight	Float32	[Static(2816), Static(2112)]	gguf=[2816, 2112]/Q3_K	bound=packed	ew:Multiply:Affine(IndexPattern { iter_rank: 3, axes: [AxisIndex { terms: [AxisTer
LEAF	blk.0.ffn_down.weight	Float32	[Static(2112), Static(2816)]	gguf=[2112, 2816]/Q5_1	bound=packed	ew:Multiply:Affine(IndexPattern { iter_rank: 3, axes: [AxisIndex { terms: [AxisTer
LEAF	blk.0.post_ffw_norm_1.weight	Float32	[Static(2816)]	gguf=[2816]/F32	bound=owned	ew:Multiply:Affine(IndexPattern { iter_rank: 2, axes: [AxisIndex { terms: [AxisTer
LEAF	blk.0.pre_ffw_norm_2.weight	Float32	[Static(2816)]	gguf=[2816]/F32	bound=owned	ew:Multiply:Affine(IndexPattern { iter_rank: 2, axes: [AxisIndex { terms: [AxisTer
LEAF	blk.0.ffn_gate_inp.weight	Float32	[Static(2816), Static(128)]	gguf=[2816, 128]/F32	bound=owned	ew:Multiply:Affine(IndexPattern { iter_rank: 3, axes: [AxisIndex { terms: [AxisTer
LEAF	blk.0.ffn_gate_inp.scale	Float32	[Static(2816)]	gguf=[2816]/F32	bound=packed	ew:Multiply:Affine(IndexPattern { iter_rank: 1, axes: [AxisIndex { terms: [AxisTer
LEAF	blk.0.ffn_down_exps.scale	Float32	[Static(128)]	gguf=[128]/F32	bound=packed	ew:Identity:Computed { indices: NodeId(227), index_map: IndexPattern { iter_rank:  | ew:Identity:Computed { indices: NodeId(256), index_map: IndexPattern { iter_rank:  | ew:Identity:Computed { indices: NodeId(287), index_map: IndexPattern { iter_rank:  | ew:Identity:Computed { indices: NodeId(318), index_map: IndexPattern { iter_rank:  | ew:Identity:Computed { indices: NodeId(349), index_map: IndexPattern { iter_rank:  | ew:Identity:Computed { indices: NodeId(380), index_map: IndexPattern { iter_rank:  | ew:Identity:Computed { indices: NodeId(411), index_map: IndexPattern { iter_rank:  | ew:Identity:Computed { indices: NodeId(442), index_map: IndexPattern { iter_rank: 
LEAF	blk.0.ffn_gate_exps.weight	Float32	[Static(128), Static(2816), Static(704)]	gguf=-	bound=packed_owned	ew:Multiply:Computed { indices: NodeId(227), index_map: IndexPattern { iter_rank:  | ew:Multiply:Computed { indices: NodeId(256), index_map: IndexPattern { iter_rank:  | ew:Multiply:Computed { indices: NodeId(287), index_map: IndexPattern { iter_rank:  | ew:Multiply:Computed { indices: NodeId(318), index_map: IndexPattern { iter_rank:  | ew:Multiply:Computed { indices: NodeId(349), index_map: IndexPattern { iter_rank:  | ew:Multiply:Computed { indices: NodeId(380), index_map: IndexPattern { iter_rank:  | ew:Multiply:Computed { indices: NodeId(411), index_map: IndexPattern { iter_rank:  | ew:Multiply:Computed { indices: NodeId(442), index_map: IndexPattern { iter_rank: 
LEAF	blk.0.ffn_up_exps.weight	Float32	[Static(128), Static(2816), Static(704)]	gguf=-	bound=packed_owned	ew:Multiply:Computed { indices: NodeId(227), index_map: IndexPattern { iter_rank:  | ew:Multiply:Computed { indices: NodeId(256), index_map: IndexPattern { iter_rank:  | ew:Multiply:Computed { indices: NodeId(287), index_map: IndexPattern { iter_rank:  | ew:Multiply:Computed { indices: NodeId(318), index_map: IndexPattern { iter_rank:  | ew:Multiply:Computed { indices: NodeId(349), index_map: IndexPattern { iter_rank:  | ew:Multiply:Computed { indices: NodeId(380), index_map: IndexPattern { iter_rank:  | ew:Multiply:Computed { indices: NodeId(411), index_map: IndexPattern { iter_rank:  | ew:Multiply:Computed { indices: NodeId(442), index_map: IndexPattern { iter_rank: 
LEAF	blk.0.ffn_down_exps.weight	Float32	[Static(128), Static(704), Static(2816)]	gguf=[704, 2816, 128]/Q5_1	bound=packed	ew:Multiply:Computed { indices: NodeId(227), index_map: IndexPattern { iter_rank:  | ew:Multiply:Computed { indices: NodeId(256), index_map: IndexPattern { iter_rank:  | ew:Multiply:Computed { indices: NodeId(287), index_map: IndexPattern { iter_rank:  | ew:Multiply:Computed { indices: NodeId(318), index_map: IndexPattern { iter_rank:  | ew:Multiply:Computed { indices: NodeId(349), index_map: IndexPattern { iter_rank:  | ew:Multiply:Computed { indices: NodeId(380), index_map: IndexPattern { iter_rank:  | ew:Multiply:Computed { indices: NodeId(411), index_map: IndexPattern { iter_rank:  | ew:Multiply:Computed { indices: NodeId(442), index_map: IndexPattern { iter_rank: 
LEAF	blk.0.post_ffw_norm_2.weight	Float32	[Static(2816)]	gguf=[2816]/F32	bound=owned	ew:Multiply:Affine(IndexPattern { iter_rank: 2, axes: [AxisIndex { terms: [AxisTer
LEAF	blk.0.post_ffw_norm.weight	Float32	[Static(2816)]	gguf=[2816]/F32	bound=owned	ew:Multiply:Affine(IndexPattern { iter_rank: 2, axes: [AxisIndex { terms: [AxisTer
LEAF	blk.0.layer_output_scale.weight	Float32	[]	gguf=[1]/F32	bound=packed	ew:Multiply:Affine(IndexPattern { iter_rank: 2, axes: [] })
LEAF	blk.1.attn_norm.weight	Float32	[Static(2816)]	gguf=[2816]/F32	bound=owned	ew:Multiply:Affine(IndexPattern { iter_rank: 2, axes: [AxisIndex { terms: [AxisTer
LEAF	blk.1.ffn_norm.weight	Float32	[Static(2816)]	gguf=[2816]/F32	bound=owned	ew:Multiply:Affine(IndexPattern { iter_rank: 2, axes: [AxisIndex { terms: [AxisTer
LEAF	blk.1.post_attention_norm.weight	Float32	[Static(2816)]	gguf=[2816]/F32	bound=owned	ew:Multiply:Affine(IndexPattern { iter_rank: 2, axes: [AxisIndex { terms: [AxisTer
LEAF	blk.1.attn_q.weight	Float32	[Static(2816), Static(16), Static(256)]	gguf=[2816, 4096]/Q3_K	bound=packed	ew:Multiply:Affine(IndexPattern { iter_rank: 4, axes: [AxisIndex { terms: [AxisTer
LEAF	blk.1.attn_k.weight	Float32	[Static(2816), Static(8), Static(256)]	gguf=[2816, 2048]/Q3_K	bound=packed	ew:Multiply:Affine(IndexPattern { iter_rank: 4, axes: [AxisIndex { terms: [AxisTer
LEAF	blk.1.attn_k_norm.weight	Float32	[Static(256)]	gguf=[256]/F32	bound=owned	ew:Multiply:Affine(IndexPattern { iter_rank: 3, axes: [AxisIndex { terms: [AxisTer
LEAF	blk.1.attn_v.weight	Float32	[Static(2816), Static(8), Static(256)]	gguf=[2816, 2048]/Q5_K	bound=packed	ew:Multiply:Affine(IndexPattern { iter_rank: 4, axes: [AxisIndex { terms: [AxisTer
LEAF	kv_cache.1.k_even	Float32	[Symbolic(2), Static(8), Static(128)]	gguf=-	bound=-	ew:Multiply:Affine(IndexPattern { iter_rank: 5, axes: [AxisIndex { terms: [AxisTer
LEAF	kv_cache.1.k_odd	Float32	[Symbolic(2), Static(8), Static(128)]	gguf=-	bound=-	ew:Multiply:Affine(IndexPattern { iter_rank: 5, axes: [AxisIndex { terms: [AxisTer
LEAF	kv_cache.1.v	Float32	[Symbolic(2), Static(8), Static(256)]	gguf=-	bound=-	ew:Multiply:Affine(IndexPattern { iter_rank: 5, axes: [AxisIndex { terms: [AxisTer
LEAF	blk.1.attn_output.weight	Float32	[Static(8), Static(2), Static(256), Static(2816)]	gguf=[4096, 2816]/Q4_K	bound=packed	ew:Multiply:Affine(IndexPattern { iter_rank: 5, axes: [AxisIndex { terms: [AxisTer
LEAF	blk.1.attn_q_norm.weight	Float32	[Static(256)]	gguf=[256]/F32	bound=owned	ew:Multiply:Affine(IndexPattern { iter_rank: 3, axes: [AxisIndex { terms: [AxisTer
LEAF	blk.1.ffn_gate.weight	Float32	[Static(2816), Static(2112)]	gguf=[2816, 2112]/Q3_K	bound=packed	ew:Multiply:Affine(IndexPattern { iter_rank: 3, axes: [AxisIndex { terms: [AxisTer
LEAF	blk.1.ffn_up.weight	Float32	[Static(2816), Static(2112)]	gguf=[2816, 2112]/Q3_K	bound=packed	ew:Multiply:Affine(IndexPattern { iter_rank: 3, axes: [AxisIndex { terms: [AxisTer
LEAF	blk.1.ffn_down.weight	Float32	[Static(2112), Static(2816)]	gguf=[2112, 2816]/Q5_0	bound=packed	ew:Multiply:Affine(IndexPattern { iter_rank: 3, axes: [AxisIndex { terms: [AxisTer
LEAF	blk.1.post_ffw_norm_1.weight	Float32	[Static(2816)]	gguf=[2816]/F32	bound=owned	ew:Multiply:Affine(IndexPattern { iter_rank: 2, axes: [AxisIndex { terms: [AxisTer
LEAF	blk.1.pre_ffw_norm_2.weight	Float32	[Static(2816)]	gguf=[2816]/F32	bound=owned	ew:Multiply:Affine(IndexPattern { iter_rank: 2, axes: [AxisIndex { terms: [AxisTer
LEAF	blk.1.ffn_gate_inp.weight	Float32	[Static(2816), Static(128)]	gguf=[2816, 128]/F32	bound=owned	ew:Multiply:Affine(IndexPattern { iter_rank: 3, axes: [AxisIndex { terms: [AxisTer
LEAF	blk.1.ffn_gate_inp.scale	Float32	[Static(2816)]	gguf=[2816]/F32	bound=packed	ew:Multiply:Affine(IndexPattern { iter_rank: 1, axes: [AxisIndex { terms: [AxisTer
LEAF	blk.1.ffn_down_exps.scale	Float32	[Static(128)]	gguf=[128]/F32	bound=packed	ew:Identity:Computed { indices: NodeId(669), index_map: IndexPattern { iter_rank:  | ew:Identity:Computed { indices: NodeId(698), index_map: IndexPattern { iter_rank:  | ew:Identity:Computed { indices: NodeId(729), index_map: IndexPattern { iter_rank:  | ew:Identity:Computed { indices: NodeId(760), index_map: IndexPattern { iter_rank:  | ew:Identity:Computed { indices: NodeId(791), index_map: IndexPattern { iter_rank:  | ew:Identity:Computed { indices: NodeId(822), index_map: IndexPattern { iter_rank:  | ew:Identity:Computed { indices: NodeId(853), index_map: IndexPattern { iter_rank:  | ew:Identity:Computed { indices: NodeId(884), index_map: IndexPattern { iter_rank: 
LEAF	blk.1.ffn_gate_exps.weight	Float32	[Static(128), Static(2816), Static(704)]	gguf=-	bound=packed_owned	ew:Multiply:Computed { indices: NodeId(669), index_map: IndexPattern { iter_rank:  | ew:Multiply:Computed { indices: NodeId(698), index_map: IndexPattern { iter_rank:  | ew:Multiply:Computed { indices: NodeId(729), index_map: IndexPattern { iter_rank:  | ew:Multiply:Computed { indices: NodeId(760), index_map: IndexPattern { iter_rank:  | ew:Multiply:Computed { indices: NodeId(791), index_map: IndexPattern { iter_rank:  | ew:Multiply:Computed { indices: NodeId(822), index_map: IndexPattern { iter_rank:  | ew:Multiply:Computed { indices: NodeId(853), index_map: IndexPattern { iter_rank:  | ew:Multiply:Computed { indices: NodeId(884), index_map: IndexPattern { iter_rank: 
LEAF	blk.1.ffn_up_exps.weight	Float32	[Static(128), Static(2816), Static(704)]	gguf=-	bound=packed_owned	ew:Multiply:Computed { indices: NodeId(669), index_map: IndexPattern { iter_rank:  | ew:Multiply:Computed { indices: NodeId(698), index_map: IndexPattern { iter_rank:  | ew:Multiply:Computed { indices: NodeId(729), index_map: IndexPattern { iter_rank:  | ew:Multiply:Computed { indices: NodeId(760), index_map: IndexPattern { iter_rank:  | ew:Multiply:Computed { indices: NodeId(791), index_map: IndexPattern { iter_rank:  | ew:Multiply:Computed { indices: NodeId(822), index_map: IndexPattern { iter_rank:  | ew:Multiply:Computed { indices: NodeId(853), index_map: IndexPattern { iter_rank:  | ew:Multiply:Computed { indices: NodeId(884), index_map: IndexPattern { iter_rank: 
LEAF	blk.1.ffn_down_exps.weight	Float32	[Static(128), Static(704), Static(2816)]	gguf=[704, 2816, 128]/Q5_0	bound=packed	ew:Multiply:Computed { indices: NodeId(669), index_map: IndexPattern { iter_rank:  | ew:Multiply:Computed { indices: NodeId(698), index_map: IndexPattern { iter_rank:  | ew:Multiply:Computed { indices: NodeId(729), index_map: IndexPattern { iter_rank:  | ew:Multiply:Computed { indices: NodeId(760), index_map: IndexPattern { iter_rank:  | ew:Multiply:Computed { indices: NodeId(791), index_map: IndexPattern { iter_rank:  | ew:Multiply:Computed { indices: NodeId(822), index_map: IndexPattern { iter_rank:  | ew:Multiply:Computed { indices: NodeId(853), index_map: IndexPattern { iter_rank:  | ew:Multiply:Computed { indices: NodeId(884), index_map: IndexPattern { iter_rank: 
LEAF	blk.1.post_ffw_norm_2.weight	Float32	[Static(2816)]	gguf=[2816]/F32	bound=owned	ew:Multiply:Affine(IndexPattern { iter_rank: 2, axes: [AxisIndex { terms: [AxisTer
LEAF	blk.1.post_ffw_norm.weight	Float32	[Static(2816)]	gguf=[2816]/F32	bound=owned	ew:Multiply:Affine(IndexPattern { iter_rank: 2, axes: [AxisIndex { terms: [AxisTer
LEAF	blk.1.layer_output_scale.weight	Float32	[]	gguf=[1]/F32	bound=packed	ew:Multiply:Affine(IndexPattern { iter_rank: 2, axes: [] })
LEAF	blk.2.attn_norm.weight	Float32	[Static(2816)]	gguf=[2816]/F32	bound=owned	ew:Multiply:Affine(IndexPattern { iter_rank: 2, axes: [AxisIndex { terms: [AxisTer
LEAF	blk.2.ffn_norm.weight	Float32	[Static(2816)]	gguf=[2816]/F32	bound=owned	ew:Multiply:Affine(IndexPattern { iter_rank: 2, axes: [AxisIndex { terms: [AxisTer
LEAF	blk.2.post_attention_norm.weight	Float32	[Static(2816)]	gguf=[2816]/F32	bound=owned	ew:Multiply:Affine(IndexPattern { iter_rank: 2, axes: [AxisIndex { terms: [AxisTer
LEAF	blk.2.attn_q.weight	Float32	[Static(2816), Static(16), Static(256)]	gguf=[2816, 4096]/Q3_K	bound=packed	ew:Multiply:Affine(IndexPattern { iter_rank: 4, axes: [AxisIndex { terms: [AxisTer
LEAF	blk.2.attn_k.weight	Float32	[Static(2816), Static(8), Static(256)]	gguf=[2816, 2048]/Q3_K	bound=packed	ew:Multiply:Affine(IndexPattern { iter_rank: 4, axes: [AxisIndex { terms: [AxisTer
LEAF	blk.2.attn_k_norm.weight	Float32	[Static(256)]	gguf=[256]/F32	bound=owned	ew:Multiply:Affine(IndexPattern { iter_rank: 3, axes: [AxisIndex { terms: [AxisTer
LEAF	blk.2.attn_v.weight	Float32	[Static(2816), Static(8), Static(256)]	gguf=[2816, 2048]/Q4_K	bound=packed	ew:Multiply:Affine(IndexPattern { iter_rank: 4, axes: [AxisIndex { terms: [AxisTer
LEAF	kv_cache.2.k_even	Float32	[Symbolic(2), Static(8), Static(128)]	gguf=-	bound=-	ew:Multiply:Affine(IndexPattern { iter_rank: 5, axes: [AxisIndex { terms: [AxisTer
LEAF	kv_cache.2.k_odd	Float32	[Symbolic(2), Static(8), Static(128)]	gguf=-	bound=-	ew:Multiply:Affine(IndexPattern { iter_rank: 5, axes: [AxisIndex { terms: [AxisTer
LEAF	kv_cache.2.v	Float32	[Symbolic(2), Static(8), Static(256)]	gguf=-	bound=-	ew:Multiply:Affine(IndexPattern { iter_rank: 5, axes: [AxisIndex { terms: [AxisTer
LEAF	blk.2.attn_output.weight	Float32	[Static(8), Static(2), Static(256), Static(2816)]	gguf=[4096, 2816]/Q4_K	bound=packed	ew:Multiply:Affine(IndexPattern { iter_rank: 5, axes: [AxisIndex { terms: [AxisTer
LEAF	blk.2.attn_q_norm.weight	Float32	[Static(256)]	gguf=[256]/F32	bound=owned	ew:Multiply:Affine(IndexPattern { iter_rank: 3, axes: [AxisIndex { terms: [AxisTer
LEAF	blk.2.ffn_gate.weight	Float32	[Static(2816), Static(2112)]	gguf=[2816, 2112]/Q3_K	bound=packed	ew:Multiply:Affine(IndexPattern { iter_rank: 3, axes: [AxisIndex { terms: [AxisTer
LEAF	blk.2.ffn_up.weight	Float32	[Static(2816), Static(2112)]	gguf=[2816, 2112]/Q3_K	bound=packed	ew:Multiply:Affine(IndexPattern { iter_rank: 3, axes: [AxisIndex { terms: [AxisTer
LEAF	blk.2.ffn_down.weight	Float32	[Static(2112), Static(2816)]	gguf=[2112, 2816]/Q5_0	bound=packed	ew:Multiply:Affine(IndexPattern { iter_rank: 3, axes: [AxisIndex { terms: [AxisTer
LEAF	blk.2.post_ffw_norm_1.weight	Float32	[Static(2816)]	gguf=[2816]/F32	bound=owned	ew:Multiply:Affine(IndexPattern { iter_rank: 2, axes: [AxisIndex { terms: [AxisTer
LEAF	blk.2.pre_ffw_norm_2.weight	Float32	[Static(2816)]	gguf=[2816]/F32	bound=owned	ew:Multiply:Affine(IndexPattern { iter_rank: 2, axes: [AxisIndex { terms: [AxisTer
LEAF	blk.2.ffn_gate_inp.weight	Float32	[Static(2816), Static(128)]	gguf=[2816, 128]/F32	bound=owned	ew:Multiply:Affine(IndexPattern { iter_rank: 3, axes: [AxisIndex { terms: [AxisTer
LEAF	blk.2.ffn_gate_inp.scale	Float32	[Static(2816)]	gguf=[2816]/F32	bound=packed	ew:Multiply:Affine(IndexPattern { iter_rank: 1, axes: [AxisIndex { terms: [AxisTer
LEAF	blk.2.ffn_down_exps.scale	Float32	[Static(128)]	gguf=[128]/F32	bound=packed	ew:Identity:Computed { indices: NodeId(1111), index_map: IndexPattern { iter_rank: | ew:Identity:Computed { indices: NodeId(1140), index_map: IndexPattern { iter_rank: | ew:Identity:Computed { indices: NodeId(1171), index_map: IndexPattern { iter_rank: | ew:Identity:Computed { indices: NodeId(1202), index_map: IndexPattern { iter_rank: | ew:Identity:Computed { indices: NodeId(1233), index_map: IndexPattern { iter_rank: | ew:Identity:Computed { indices: NodeId(1264), index_map: IndexPattern { iter_rank: | ew:Identity:Computed { indices: NodeId(1295), index_map: IndexPattern { iter_rank: | ew:Identity:Computed { indices: NodeId(1326), index_map: IndexPattern { iter_rank:
LEAF	blk.2.ffn_gate_exps.weight	Float32	[Static(128), Static(2816), Static(704)]	gguf=-	bound=packed_owned	ew:Multiply:Computed { indices: NodeId(1111), index_map: IndexPattern { iter_rank: | ew:Multiply:Computed { indices: NodeId(1140), index_map: IndexPattern { iter_rank: | ew:Multiply:Computed { indices: NodeId(1171), index_map: IndexPattern { iter_rank: | ew:Multiply:Computed { indices: NodeId(1202), index_map: IndexPattern { iter_rank: | ew:Multiply:Computed { indices: NodeId(1233), index_map: IndexPattern { iter_rank: | ew:Multiply:Computed { indices: NodeId(1264), index_map: IndexPattern { iter_rank: | ew:Multiply:Computed { indices: NodeId(1295), index_map: IndexPattern { iter_rank: | ew:Multiply:Computed { indices: NodeId(1326), index_map: IndexPattern { iter_rank:
LEAF	blk.2.ffn_up_exps.weight	Float32	[Static(128), Static(2816), Static(704)]	gguf=-	bound=packed_owned	ew:Multiply:Computed { indices: NodeId(1111), index_map: IndexPattern { iter_rank: | ew:Multiply:Computed { indices: NodeId(1140), index_map: IndexPattern { iter_rank: | ew:Multiply:Computed { indices: NodeId(1171), index_map: IndexPattern { iter_rank: | ew:Multiply:Computed { indices: NodeId(1202), index_map: IndexPattern { iter_rank: | ew:Multiply:Computed { indices: NodeId(1233), index_map: IndexPattern { iter_rank: | ew:Multiply:Computed { indices: NodeId(1264), index_map: IndexPattern { iter_rank: | ew:Multiply:Computed { indices: NodeId(1295), index_map: IndexPattern { iter_rank: | ew:Multiply:Computed { indices: NodeId(1326), index_map: IndexPattern { iter_rank:
LEAF	blk.2.ffn_down_exps.weight	Float32	[Static(128), Static(704), Static(2816)]	gguf=[704, 2816, 128]/Q5_0	bound=packed	ew:Multiply:Computed { indices: NodeId(1111), index_map: IndexPattern { iter_rank: | ew:Multiply:Computed { indices: NodeId(1140), index_map: IndexPattern { iter_rank: | ew:Multiply:Computed { indices: NodeId(1171), index_map: IndexPattern { iter_rank: | ew:Multiply:Computed { indices: NodeId(1202), index_map: IndexPattern { iter_rank: | ew:Multiply:Computed { indices: NodeId(1233), index_map: IndexPattern { iter_rank: | ew:Multiply:Computed { indices: NodeId(1264), index_map: IndexPattern { iter_rank: | ew:Multiply:Computed { indices: NodeId(1295), index_map: IndexPattern { iter_rank: | ew:Multiply:Computed { indices: NodeId(1326), index_map: IndexPattern { iter_rank:
LEAF	blk.2.post_ffw_norm_2.weight	Float32	[Static(2816)]	gguf=[2816]/F32	bound=owned	ew:Multiply:Affine(IndexPattern { iter_rank: 2, axes: [AxisIndex { terms: [AxisTer
LEAF	blk.2.post_ffw_norm.weight	Float32	[Static(2816)]	gguf=[2816]/F32	bound=owned	ew:Multiply:Affine(IndexPattern { iter_rank: 2, axes: [AxisIndex { terms: [AxisTer
LEAF	blk.2.layer_output_scale.weight	Float32	[]	gguf=[1]/F32	bound=packed	ew:Multiply:Affine(IndexPattern { iter_rank: 2, axes: [] })
LEAF	blk.3.attn_norm.weight	Float32	[Static(2816)]	gguf=[2816]/F32	bound=owned	ew:Multiply:Affine(IndexPattern { iter_rank: 2, axes: [AxisIndex { terms: [AxisTer
LEAF	blk.3.ffn_norm.weight	Float32	[Static(2816)]	gguf=[2816]/F32	bound=owned	ew:Multiply:Affine(IndexPattern { iter_rank: 2, axes: [AxisIndex { terms: [AxisTer
LEAF	blk.3.post_attention_norm.weight	Float32	[Static(2816)]	gguf=[2816]/F32	bound=owned	ew:Multiply:Affine(IndexPattern { iter_rank: 2, axes: [AxisIndex { terms: [AxisTer
LEAF	blk.3.attn_q.weight	Float32	[Static(2816), Static(16), Static(256)]	gguf=[2816, 4096]/Q3_K	bound=packed	ew:Multiply:Affine(IndexPattern { iter_rank: 4, axes: [AxisIndex { terms: [AxisTer
LEAF	blk.3.attn_k.weight	Float32	[Static(2816), Static(8), Static(256)]	gguf=[2816, 2048]/Q3_K	bound=packed	ew:Multiply:Affine(IndexPattern { iter_rank: 4, axes: [AxisIndex { terms: [AxisTer
LEAF	blk.3.attn_k_norm.weight	Float32	[Static(256)]	gguf=[256]/F32	bound=owned	ew:Multiply:Affine(IndexPattern { iter_rank: 3, axes: [AxisIndex { terms: [AxisTer
LEAF	blk.3.attn_v.weight	Float32	[Static(2816), Static(8), Static(256)]	gguf=[2816, 2048]/Q4_K	bound=packed	ew:Multiply:Affine(IndexPattern { iter_rank: 4, axes: [AxisIndex { terms: [AxisTer
LEAF	kv_cache.3.k_even	Float32	[Symbolic(2), Static(8), Static(128)]	gguf=-	bound=-	ew:Multiply:Affine(IndexPattern { iter_rank: 5, axes: [AxisIndex { terms: [AxisTer
LEAF	kv_cache.3.k_odd	Float32	[Symbolic(2), Static(8), Static(128)]	gguf=-	bound=-	ew:Multiply:Affine(IndexPattern { iter_rank: 5, axes: [AxisIndex { terms: [AxisTer
LEAF	kv_cache.3.v	Float32	[Symbolic(2), Static(8), Static(256)]	gguf=-	bound=-	ew:Multiply:Affine(IndexPattern { iter_rank: 5, axes: [AxisIndex { terms: [AxisTer
LEAF	blk.3.attn_output.weight	Float32	[Static(8), Static(2), Static(256), Static(2816)]	gguf=[4096, 2816]/Q4_K	bound=packed	ew:Multiply:Affine(IndexPattern { iter_rank: 5, axes: [AxisIndex { terms: [AxisTer
LEAF	blk.3.attn_q_norm.weight	Float32	[Static(256)]	gguf=[256]/F32	bound=owned	ew:Multiply:Affine(IndexPattern { iter_rank: 3, axes: [AxisIndex { terms: [AxisTer
LEAF	blk.3.ffn_gate.weight	Float32	[Static(2816), Static(2112)]	gguf=[2816, 2112]/Q3_K	bound=packed	ew:Multiply:Affine(IndexPattern { iter_rank: 3, axes: [AxisIndex { terms: [AxisTer
LEAF	blk.3.ffn_up.weight	Float32	[Static(2816), Static(2112)]	gguf=[2816, 2112]/Q3_K	bound=packed	ew:Multiply:Affine(IndexPattern { iter_rank: 3, axes: [AxisIndex { terms: [AxisTer
LEAF	blk.3.ffn_down.weight	Float32	[Static(2112), Static(2816)]	gguf=[2112, 2816]/Q5_0	bound=packed	ew:Multiply:Affine(IndexPattern { iter_rank: 3, axes: [AxisIndex { terms: [AxisTer
LEAF	blk.3.post_ffw_norm_1.weight	Float32	[Static(2816)]	gguf=[2816]/F32	bound=owned	ew:Multiply:Affine(IndexPattern { iter_rank: 2, axes: [AxisIndex { terms: [AxisTer
LEAF	blk.3.pre_ffw_norm_2.weight	Float32	[Static(2816)]	gguf=[2816]/F32	bound=owned	ew:Multiply:Affine(IndexPattern { iter_rank: 2, axes: [AxisIndex { terms: [AxisTer
LEAF	blk.3.ffn_gate_inp.weight	Float32	[Static(2816), Static(128)]	gguf=[2816, 128]/F32	bound=owned	ew:Multiply:Affine(IndexPattern { iter_rank: 3, axes: [AxisIndex { terms: [AxisTer
LEAF	blk.3.ffn_gate_inp.scale	Float32	[Static(2816)]	gguf=[2816]/F32	bound=packed	ew:Multiply:Affine(IndexPattern { iter_rank: 1, axes: [AxisIndex { terms: [AxisTer
LEAF	blk.3.ffn_down_exps.scale	Float32	[Static(128)]	gguf=[128]/F32	bound=packed	ew:Identity:Computed { indices: NodeId(1553), index_map: IndexPattern { iter_rank: | ew:Identity:Computed { indices: NodeId(1582), index_map: IndexPattern { iter_rank: | ew:Identity:Computed { indices: NodeId(1613), index_map: IndexPattern { iter_rank: | ew:Identity:Computed { indices: NodeId(1644), index_map: IndexPattern { iter_rank: | ew:Identity:Computed { indices: NodeId(1675), index_map: IndexPattern { iter_rank: | ew:Identity:Computed { indices: NodeId(1706), index_map: IndexPattern { iter_rank: | ew:Identity:Computed { indices: NodeId(1737), index_map: IndexPattern { iter_rank: | ew:Identity:Computed { indices: NodeId(1768), index_map: IndexPattern { iter_rank:
LEAF	blk.3.ffn_gate_exps.weight	Float32	[Static(128), Static(2816), Static(704)]	gguf=-	bound=packed_owned	ew:Multiply:Computed { indices: NodeId(1553), index_map: IndexPattern { iter_rank: | ew:Multiply:Computed { indices: NodeId(1582), index_map: IndexPattern { iter_rank: | ew:Multiply:Computed { indices: NodeId(1613), index_map: IndexPattern { iter_rank: | ew:Multiply:Computed { indices: NodeId(1644), index_map: IndexPattern { iter_rank: | ew:Multiply:Computed { indices: NodeId(1675), index_map: IndexPattern { iter_rank: | ew:Multiply:Computed { indices: NodeId(1706), index_map: IndexPattern { iter_rank: | ew:Multiply:Computed { indices: NodeId(1737), index_map: IndexPattern { iter_rank: | ew:Multiply:Computed { indices: NodeId(1768), index_map: IndexPattern { iter_rank:
LEAF	blk.3.ffn_up_exps.weight	Float32	[Static(128), Static(2816), Static(704)]	gguf=-	bound=packed_owned	ew:Multiply:Computed { indices: NodeId(1553), index_map: IndexPattern { iter_rank: | ew:Multiply:Computed { indices: NodeId(1582), index_map: IndexPattern { iter_rank: | ew:Multiply:Computed { indices: NodeId(1613), index_map: IndexPattern { iter_rank: | ew:Multiply:Computed { indices: NodeId(1644), index_map: IndexPattern { iter_rank: | ew:Multiply:Computed { indices: NodeId(1675), index_map: IndexPattern { iter_rank: | ew:Multiply:Computed { indices: NodeId(1706), index_map: IndexPattern { iter_rank: | ew:Multiply:Computed { indices: NodeId(1737), index_map: IndexPattern { iter_rank: | ew:Multiply:Computed { indices: NodeId(1768), index_map: IndexPattern { iter_rank:
LEAF	blk.3.ffn_down_exps.weight	Float32	[Static(128), Static(704), Static(2816)]	gguf=[704, 2816, 128]/Q5_0	bound=packed	ew:Multiply:Computed { indices: NodeId(1553), index_map: IndexPattern { iter_rank: | ew:Multiply:Computed { indices: NodeId(1582), index_map: IndexPattern { iter_rank: | ew:Multiply:Computed { indices: NodeId(1613), index_map: IndexPattern { iter_rank: | ew:Multiply:Computed { indices: NodeId(1644), index_map: IndexPattern { iter_rank: | ew:Multiply:Computed { indices: NodeId(1675), index_map: IndexPattern { iter_rank: | ew:Multiply:Computed { indices: NodeId(1706), index_map: IndexPattern { iter_rank: | ew:Multiply:Computed { indices: NodeId(1737), index_map: IndexPattern { iter_rank: | ew:Multiply:Computed { indices: NodeId(1768), index_map: IndexPattern { iter_rank:
LEAF	blk.3.post_ffw_norm_2.weight	Float32	[Static(2816)]	gguf=[2816]/F32	bound=owned	ew:Multiply:Affine(IndexPattern { iter_rank: 2, axes: [AxisIndex { terms: [AxisTer
LEAF	blk.3.post_ffw_norm.weight	Float32	[Static(2816)]	gguf=[2816]/F32	bound=owned	ew:Multiply:Affine(IndexPattern { iter_rank: 2, axes: [AxisIndex { terms: [AxisTer
LEAF	blk.3.layer_output_scale.weight	Float32	[]	gguf=[1]/F32	bound=packed	ew:Multiply:Affine(IndexPattern { iter_rank: 2, axes: [] })
LEAF	blk.4.attn_norm.weight	Float32	[Static(2816)]	gguf=[2816]/F32	bound=owned	ew:Multiply:Affine(IndexPattern { iter_rank: 2, axes: [AxisIndex { terms: [AxisTer
LEAF	blk.4.ffn_norm.weight	Float32	[Static(2816)]	gguf=[2816]/F32	bound=owned	ew:Multiply:Affine(IndexPattern { iter_rank: 2, axes: [AxisIndex { terms: [AxisTer
LEAF	blk.4.post_attention_norm.weight	Float32	[Static(2816)]	gguf=[2816]/F32	bound=owned	ew:Multiply:Affine(IndexPattern { iter_rank: 2, axes: [AxisIndex { terms: [AxisTer
LEAF	blk.4.attn_q.weight	Float32	[Static(2816), Static(16), Static(256)]	gguf=[2816, 4096]/Q3_K	bound=packed	ew:Multiply:Affine(IndexPattern { iter_rank: 4, axes: [AxisIndex { terms: [AxisTer
LEAF	blk.4.attn_k.weight	Float32	[Static(2816), Static(8), Static(256)]	gguf=[2816, 2048]/Q3_K	bound=packed	ew:Multiply:Affine(IndexPattern { iter_rank: 4, axes: [AxisIndex { terms: [AxisTer
LEAF	blk.4.attn_k_norm.weight	Float32	[Static(256)]	gguf=[256]/F32	bound=owned	ew:Multiply:Affine(IndexPattern { iter_rank: 3, axes: [AxisIndex { terms: [AxisTer
LEAF	blk.4.attn_v.weight	Float32	[Static(2816), Static(8), Static(256)]	gguf=[2816, 2048]/Q4_K	bound=packed	ew:Multiply:Affine(IndexPattern { iter_rank: 4, axes: [AxisIndex { terms: [AxisTer
LEAF	kv_cache.4.k_even	Float32	[Symbolic(2), Static(8), Static(128)]	gguf=-	bound=-	ew:Multiply:Affine(IndexPattern { iter_rank: 5, axes: [AxisIndex { terms: [AxisTer
LEAF	kv_cache.4.k_odd	Float32	[Symbolic(2), Static(8), Static(128)]	gguf=-	bound=-	ew:Multiply:Affine(IndexPattern { iter_rank: 5, axes: [AxisIndex { terms: [AxisTer
LEAF	kv_cache.4.v	Float32	[Symbolic(2), Static(8), Static(256)]	gguf=-	bound=-	ew:Multiply:Affine(IndexPattern { iter_rank: 5, axes: [AxisIndex { terms: [AxisTer
LEAF	blk.4.attn_output.weight	Float32	[Static(8), Static(2), Static(256), Static(2816)]	gguf=[4096, 2816]/Q4_K	bound=packed	ew:Multiply:Affine(IndexPattern { iter_rank: 5, axes: [AxisIndex { terms: [AxisTer
LEAF	blk.4.attn_q_norm.weight	Float32	[Static(256)]	gguf=[256]/F32	bound=owned	ew:Multiply:Affine(IndexPattern { iter_rank: 3, axes: [AxisIndex { terms: [AxisTer
LEAF	blk.4.ffn_gate.weight	Float32	[Static(2816), Static(2112)]	gguf=[2816, 2112]/Q3_K	bound=packed	ew:Multiply:Affine(IndexPattern { iter_rank: 3, axes: [AxisIndex { terms: [AxisTer
LEAF	blk.4.ffn_up.weight	Float32	[Static(2816), Static(2112)]	gguf=[2816, 2112]/Q3_K	bound=packed	ew:Multiply:Affine(IndexPattern { iter_rank: 3, axes: [AxisIndex { terms: [AxisTer
LEAF	blk.4.ffn_down.weight	Float32	[Static(2112), Static(2816)]	gguf=[2112, 2816]/Q5_0	bound=packed	ew:Multiply:Affine(IndexPattern { iter_rank: 3, axes: [AxisIndex { terms: [AxisTer
LEAF	blk.4.post_ffw_norm_1.weight	Float32	[Static(2816)]	gguf=[2816]/F32	bound=owned	ew:Multiply:Affine(IndexPattern { iter_rank: 2, axes: [AxisIndex { terms: [AxisTer
LEAF	blk.4.pre_ffw_norm_2.weight	Float32	[Static(2816)]	gguf=[2816]/F32	bound=owned	ew:Multiply:Affine(IndexPattern { iter_rank: 2, axes: [AxisIndex { terms: [AxisTer
LEAF	blk.4.ffn_gate_inp.weight	Float32	[Static(2816), Static(128)]	gguf=[2816, 128]/F32	bound=owned	ew:Multiply:Affine(IndexPattern { iter_rank: 3, axes: [AxisIndex { terms: [AxisTer
LEAF	blk.4.ffn_gate_inp.scale	Float32	[Static(2816)]	gguf=[2816]/F32	bound=packed	ew:Multiply:Affine(IndexPattern { iter_rank: 1, axes: [AxisIndex { terms: [AxisTer
LEAF	blk.4.ffn_down_exps.scale	Float32	[Static(128)]	gguf=[128]/F32	bound=packed	ew:Identity:Computed { indices: NodeId(1995), index_map: IndexPattern { iter_rank: | ew:Identity:Computed { indices: NodeId(2024), index_map: IndexPattern { iter_rank: | ew:Identity:Computed { indices: NodeId(2055), index_map: IndexPattern { iter_rank: | ew:Identity:Computed { indices: NodeId(2086), index_map: IndexPattern { iter_rank: | ew:Identity:Computed { indices: NodeId(2117), index_map: IndexPattern { iter_rank: | ew:Identity:Computed { indices: NodeId(2148), index_map: IndexPattern { iter_rank: | ew:Identity:Computed { indices: NodeId(2179), index_map: IndexPattern { iter_rank: | ew:Identity:Computed { indices: NodeId(2210), index_map: IndexPattern { iter_rank:
LEAF	blk.4.ffn_gate_exps.weight	Float32	[Static(128), Static(2816), Static(704)]	gguf=-	bound=packed_owned	ew:Multiply:Computed { indices: NodeId(1995), index_map: IndexPattern { iter_rank: | ew:Multiply:Computed { indices: NodeId(2024), index_map: IndexPattern { iter_rank: | ew:Multiply:Computed { indices: NodeId(2055), index_map: IndexPattern { iter_rank: | ew:Multiply:Computed { indices: NodeId(2086), index_map: IndexPattern { iter_rank: | ew:Multiply:Computed { indices: NodeId(2117), index_map: IndexPattern { iter_rank: | ew:Multiply:Computed { indices: NodeId(2148), index_map: IndexPattern { iter_rank: | ew:Multiply:Computed { indices: NodeId(2179), index_map: IndexPattern { iter_rank: | ew:Multiply:Computed { indices: NodeId(2210), index_map: IndexPattern { iter_rank:
LEAF	blk.4.ffn_up_exps.weight	Float32	[Static(128), Static(2816), Static(704)]	gguf=-	bound=packed_owned	ew:Multiply:Computed { indices: NodeId(1995), index_map: IndexPattern { iter_rank: | ew:Multiply:Computed { indices: NodeId(2024), index_map: IndexPattern { iter_rank: | ew:Multiply:Computed { indices: NodeId(2055), index_map: IndexPattern { iter_rank: | ew:Multiply:Computed { indices: NodeId(2086), index_map: IndexPattern { iter_rank: | ew:Multiply:Computed { indices: NodeId(2117), index_map: IndexPattern { iter_rank: | ew:Multiply:Computed { indices: NodeId(2148), index_map: IndexPattern { iter_rank: | ew:Multiply:Computed { indices: NodeId(2179), index_map: IndexPattern { iter_rank: | ew:Multiply:Computed { indices: NodeId(2210), index_map: IndexPattern { iter_rank:
LEAF	blk.4.ffn_down_exps.weight	Float32	[Static(128), Static(704), Static(2816)]	gguf=[704, 2816, 128]/Q5_0	bound=packed	ew:Multiply:Computed { indices: NodeId(1995), index_map: IndexPattern { iter_rank: | ew:Multiply:Computed { indices: NodeId(2024), index_map: IndexPattern { iter_rank: | ew:Multiply:Computed { indices: NodeId(2055), index_map: IndexPattern { iter_rank: | ew:Multiply:Computed { indices: NodeId(2086), index_map: IndexPattern { iter_rank: | ew:Multiply:Computed { indices: NodeId(2117), index_map: IndexPattern { iter_rank: | ew:Multiply:Computed { indices: NodeId(2148), index_map: IndexPattern { iter_rank: | ew:Multiply:Computed { indices: NodeId(2179), index_map: IndexPattern { iter_rank: | ew:Multiply:Computed { indices: NodeId(2210), index_map: IndexPattern { iter_rank:
LEAF	blk.4.post_ffw_norm_2.weight	Float32	[Static(2816)]	gguf=[2816]/F32	bound=owned	ew:Multiply:Affine(IndexPattern { iter_rank: 2, axes: [AxisIndex { terms: [AxisTer
LEAF	blk.4.post_ffw_norm.weight	Float32	[Static(2816)]	gguf=[2816]/F32	bound=owned	ew:Multiply:Affine(IndexPattern { iter_rank: 2, axes: [AxisIndex { terms: [AxisTer
LEAF	blk.4.layer_output_scale.weight	Float32	[]	gguf=[1]/F32	bound=packed	ew:Multiply:Affine(IndexPattern { iter_rank: 2, axes: [] })
LEAF	blk.5.attn_norm.weight	Float32	[Static(2816)]	gguf=[2816]/F32	bound=owned	ew:Multiply:Affine(IndexPattern { iter_rank: 2, axes: [AxisIndex { terms: [AxisTer
LEAF	blk.5.ffn_norm.weight	Float32	[Static(2816)]	gguf=[2816]/F32	bound=owned	ew:Multiply:Affine(IndexPattern { iter_rank: 2, axes: [AxisIndex { terms: [AxisTer
LEAF	blk.5.post_attention_norm.weight	Float32	[Static(2816)]	gguf=[2816]/F32	bound=owned	ew:Multiply:Affine(IndexPattern { iter_rank: 2, axes: [AxisIndex { terms: [AxisTer
LEAF	blk.5.attn_q.weight	Float32	[Static(2816), Static(16), Static(512)]	gguf=[2816, 8192]/Q3_K	bound=packed	ew:Multiply:Affine(IndexPattern { iter_rank: 4, axes: [AxisIndex { terms: [AxisTer
LEAF	blk.5.attn_k.weight	Float32	[Static(2816), Static(2), Static(512)]	gguf=[2816, 1024]/Q3_K	bound=packed	ew:Multiply:Affine(IndexPattern { iter_rank: 4, axes: [AxisIndex { terms: [AxisTer
LEAF	blk.5.attn_k_norm.weight	Float32	[Static(512)]	gguf=[512]/F32	bound=owned	ew:Multiply:Affine(IndexPattern { iter_rank: 3, axes: [AxisIndex { terms: [AxisTer
LEAF	kv_cache.5.k_even	Float32	[Symbolic(1), Static(2), Static(256)]	gguf=-	bound=-	ew:Multiply:Affine(IndexPattern { iter_rank: 5, axes: [AxisIndex { terms: [AxisTer
LEAF	kv_cache.5.k_odd	Float32	[Symbolic(1), Static(2), Static(256)]	gguf=-	bound=-	ew:Multiply:Affine(IndexPattern { iter_rank: 5, axes: [AxisIndex { terms: [AxisTer
LEAF	kv_cache.5.v	Float32	[Symbolic(1), Static(2), Static(512)]	gguf=-	bound=-	ew:Multiply:Affine(IndexPattern { iter_rank: 5, axes: [AxisIndex { terms: [AxisTer
LEAF	blk.5.attn_output.weight	Float32	[Static(2), Static(8), Static(512), Static(2816)]	gguf=[8192, 2816]/Q4_K	bound=packed	ew:Multiply:Affine(IndexPattern { iter_rank: 5, axes: [AxisIndex { terms: [AxisTer
LEAF	blk.5.attn_q_norm.weight	Float32	[Static(512)]	gguf=[512]/F32	bound=owned	ew:Multiply:Affine(IndexPattern { iter_rank: 3, axes: [AxisIndex { terms: [AxisTer
LEAF	blk.5.ffn_gate.weight	Float32	[Static(2816), Static(2112)]	gguf=[2816, 2112]/Q3_K	bound=packed	ew:Multiply:Affine(IndexPattern { iter_rank: 3, axes: [AxisIndex { terms: [AxisTer
LEAF	blk.5.ffn_up.weight	Float32	[Static(2816), Static(2112)]	gguf=[2816, 2112]/Q3_K	bound=packed	ew:Multiply:Affine(IndexPattern { iter_rank: 3, axes: [AxisIndex { terms: [AxisTer
LEAF	blk.5.ffn_down.weight	Float32	[Static(2112), Static(2816)]	gguf=[2112, 2816]/Q5_0	bound=packed	ew:Multiply:Affine(IndexPattern { iter_rank: 3, axes: [AxisIndex { terms: [AxisTer
LEAF	blk.5.post_ffw_norm_1.weight	Float32	[Static(2816)]	gguf=[2816]/F32	bound=owned	ew:Multiply:Affine(IndexPattern { iter_rank: 2, axes: [AxisIndex { terms: [AxisTer
LEAF	blk.5.pre_ffw_norm_2.weight	Float32	[Static(2816)]	gguf=[2816]/F32	bound=owned	ew:Multiply:Affine(IndexPattern { iter_rank: 2, axes: [AxisIndex { terms: [AxisTer
LEAF	blk.5.ffn_gate_inp.weight	Float32	[Static(2816), Static(128)]	gguf=[2816, 128]/F32	bound=owned	ew:Multiply:Affine(IndexPattern { iter_rank: 3, axes: [AxisIndex { terms: [AxisTer
LEAF	blk.5.ffn_gate_inp.scale	Float32	[Static(2816)]	gguf=[2816]/F32	bound=packed	ew:Multiply:Affine(IndexPattern { iter_rank: 1, axes: [AxisIndex { terms: [AxisTer
LEAF	blk.5.ffn_down_exps.scale	Float32	[Static(128)]	gguf=[128]/F32	bound=packed	ew:Identity:Computed { indices: NodeId(2434), index_map: IndexPattern { iter_rank: | ew:Identity:Computed { indices: NodeId(2463), index_map: IndexPattern { iter_rank: | ew:Identity:Computed { indices: NodeId(2494), index_map: IndexPattern { iter_rank: | ew:Identity:Computed { indices: NodeId(2525), index_map: IndexPattern { iter_rank: | ew:Identity:Computed { indices: NodeId(2556), index_map: IndexPattern { iter_rank: | ew:Identity:Computed { indices: NodeId(2587), index_map: IndexPattern { iter_rank: | ew:Identity:Computed { indices: NodeId(2618), index_map: IndexPattern { iter_rank: | ew:Identity:Computed { indices: NodeId(2649), index_map: IndexPattern { iter_rank:
LEAF	blk.5.ffn_gate_exps.weight	Float32	[Static(128), Static(2816), Static(704)]	gguf=-	bound=packed_owned	ew:Multiply:Computed { indices: NodeId(2434), index_map: IndexPattern { iter_rank: | ew:Multiply:Computed { indices: NodeId(2463), index_map: IndexPattern { iter_rank: | ew:Multiply:Computed { indices: NodeId(2494), index_map: IndexPattern { iter_rank: | ew:Multiply:Computed { indices: NodeId(2525), index_map: IndexPattern { iter_rank: | ew:Multiply:Computed { indices: NodeId(2556), index_map: IndexPattern { iter_rank: | ew:Multiply:Computed { indices: NodeId(2587), index_map: IndexPattern { iter_rank: | ew:Multiply:Computed { indices: NodeId(2618), index_map: IndexPattern { iter_rank: | ew:Multiply:Computed { indices: NodeId(2649), index_map: IndexPattern { iter_rank:
LEAF	blk.5.ffn_up_exps.weight	Float32	[Static(128), Static(2816), Static(704)]	gguf=-	bound=packed_owned	ew:Multiply:Computed { indices: NodeId(2434), index_map: IndexPattern { iter_rank: | ew:Multiply:Computed { indices: NodeId(2463), index_map: IndexPattern { iter_rank: | ew:Multiply:Computed { indices: NodeId(2494), index_map: IndexPattern { iter_rank: | ew:Multiply:Computed { indices: NodeId(2525), index_map: IndexPattern { iter_rank: | ew:Multiply:Computed { indices: NodeId(2556), index_map: IndexPattern { iter_rank: | ew:Multiply:Computed { indices: NodeId(2587), index_map: IndexPattern { iter_rank: | ew:Multiply:Computed { indices: NodeId(2618), index_map: IndexPattern { iter_rank: | ew:Multiply:Computed { indices: NodeId(2649), index_map: IndexPattern { iter_rank:
LEAF	blk.5.ffn_down_exps.weight	Float32	[Static(128), Static(704), Static(2816)]	gguf=[704, 2816, 128]/Q5_0	bound=packed	ew:Multiply:Computed { indices: NodeId(2434), index_map: IndexPattern { iter_rank: | ew:Multiply:Computed { indices: NodeId(2463), index_map: IndexPattern { iter_rank: | ew:Multiply:Computed { indices: NodeId(2494), index_map: IndexPattern { iter_rank: | ew:Multiply:Computed { indices: NodeId(2525), index_map: IndexPattern { iter_rank: | ew:Multiply:Computed { indices: NodeId(2556), index_map: IndexPattern { iter_rank: | ew:Multiply:Computed { indices: NodeId(2587), index_map: IndexPattern { iter_rank: | ew:Multiply:Computed { indices: NodeId(2618), index_map: IndexPattern { iter_rank: | ew:Multiply:Computed { indices: NodeId(2649), index_map: IndexPattern { iter_rank:
LEAF	blk.5.post_ffw_norm_2.weight	Float32	[Static(2816)]	gguf=[2816]/F32	bound=owned	ew:Multiply:Affine(IndexPattern { iter_rank: 2, axes: [AxisIndex { terms: [AxisTer
LEAF	blk.5.post_ffw_norm.weight	Float32	[Static(2816)]	gguf=[2816]/F32	bound=owned	ew:Multiply:Affine(IndexPattern { iter_rank: 2, axes: [AxisIndex { terms: [AxisTer
LEAF	blk.5.layer_output_scale.weight	Float32	[]	gguf=[1]/F32	bound=packed	ew:Multiply:Affine(IndexPattern { iter_rank: 2, axes: [] })
LEAF	blk.6.attn_norm.weight	Float32	[Static(2816)]	gguf=[2816]/F32	bound=owned	ew:Multiply:Affine(IndexPattern { iter_rank: 2, axes: [AxisIndex { terms: [AxisTer
LEAF	blk.6.ffn_norm.weight	Float32	[Static(2816)]	gguf=[2816]/F32	bound=owned	ew:Multiply:Affine(IndexPattern { iter_rank: 2, axes: [AxisIndex { terms: [AxisTer
LEAF	blk.6.post_attention_norm.weight	Float32	[Static(2816)]	gguf=[2816]/F32	bound=owned	ew:Multiply:Affine(IndexPattern { iter_rank: 2, axes: [AxisIndex { terms: [AxisTer
LEAF	blk.6.attn_q.weight	Float32	[Static(2816), Static(16), Static(256)]	gguf=[2816, 4096]/Q3_K	bound=packed	ew:Multiply:Affine(IndexPattern { iter_rank: 4, axes: [AxisIndex { terms: [AxisTer
LEAF	blk.6.attn_k.weight	Float32	[Static(2816), Static(8), Static(256)]	gguf=[2816, 2048]/Q3_K	bound=packed	ew:Multiply:Affine(IndexPattern { iter_rank: 4, axes: [AxisIndex { terms: [AxisTer
LEAF	blk.6.attn_k_norm.weight	Float32	[Static(256)]	gguf=[256]/F32	bound=owned	ew:Multiply:Affine(IndexPattern { iter_rank: 3, axes: [AxisIndex { terms: [AxisTer
LEAF	blk.6.attn_v.weight	Float32	[Static(2816), Static(8), Static(256)]	gguf=[2816, 2048]/Q4_K	bound=packed	ew:Multiply:Affine(IndexPattern { iter_rank: 4, axes: [AxisIndex { terms: [AxisTer
LEAF	kv_cache.6.k_even	Float32	[Symbolic(2), Static(8), Static(128)]	gguf=-	bound=-	ew:Multiply:Affine(IndexPattern { iter_rank: 5, axes: [AxisIndex { terms: [AxisTer
LEAF	kv_cache.6.k_odd	Float32	[Symbolic(2), Static(8), Static(128)]	gguf=-	bound=-	ew:Multiply:Affine(IndexPattern { iter_rank: 5, axes: [AxisIndex { terms: [AxisTer
LEAF	kv_cache.6.v	Float32	[Symbolic(2), Static(8), Static(256)]	gguf=-	bound=-	ew:Multiply:Affine(IndexPattern { iter_rank: 5, axes: [AxisIndex { terms: [AxisTer
LEAF	blk.6.attn_output.weight	Float32	[Static(8), Static(2), Static(256), Static(2816)]	gguf=[4096, 2816]/Q4_K	bound=packed	ew:Multiply:Affine(IndexPattern { iter_rank: 5, axes: [AxisIndex { terms: [AxisTer
LEAF	blk.6.attn_q_norm.weight	Float32	[Static(256)]	gguf=[256]/F32	bound=owned	ew:Multiply:Affine(IndexPattern { iter_rank: 3, axes: [AxisIndex { terms: [AxisTer
LEAF	blk.6.ffn_gate.weight	Float32	[Static(2816), Static(2112)]	gguf=[2816, 2112]/Q3_K	bound=packed	ew:Multiply:Affine(IndexPattern { iter_rank: 3, axes: [AxisIndex { terms: [AxisTer
LEAF	blk.6.ffn_up.weight	Float32	[Static(2816), Static(2112)]	gguf=[2816, 2112]/Q3_K	bound=packed	ew:Multiply:Affine(IndexPattern { iter_rank: 3, axes: [AxisIndex { terms: [AxisTer
LEAF	blk.6.ffn_down.weight	Float32	[Static(2112), Static(2816)]	gguf=[2112, 2816]/Q5_0	bound=packed	ew:Multiply:Affine(IndexPattern { iter_rank: 3, axes: [AxisIndex { terms: [AxisTer
LEAF	blk.6.post_ffw_norm_1.weight	Float32	[Static(2816)]	gguf=[2816]/F32	bound=owned	ew:Multiply:Affine(IndexPattern { iter_rank: 2, axes: [AxisIndex { terms: [AxisTer
LEAF	blk.6.pre_ffw_norm_2.weight	Float32	[Static(2816)]	gguf=[2816]/F32	bound=owned	ew:Multiply:Affine(IndexPattern { iter_rank: 2, axes: [AxisIndex { terms: [AxisTer
LEAF	blk.6.ffn_gate_inp.weight	Float32	[Static(2816), Static(128)]	gguf=[2816, 128]/F32	bound=owned	ew:Multiply:Affine(IndexPattern { iter_rank: 3, axes: [AxisIndex { terms: [AxisTer
LEAF	blk.6.ffn_gate_inp.scale	Float32	[Static(2816)]	gguf=[2816]/F32	bound=packed	ew:Multiply:Affine(IndexPattern { iter_rank: 1, axes: [AxisIndex { terms: [AxisTer
LEAF	blk.6.ffn_down_exps.scale	Float32	[Static(128)]	gguf=[128]/F32	bound=packed	ew:Identity:Computed { indices: NodeId(2876), index_map: IndexPattern { iter_rank: | ew:Identity:Computed { indices: NodeId(2905), index_map: IndexPattern { iter_rank: | ew:Identity:Computed { indices: NodeId(2936), index_map: IndexPattern { iter_rank: | ew:Identity:Computed { indices: NodeId(2967), index_map: IndexPattern { iter_rank: | ew:Identity:Computed { indices: NodeId(2998), index_map: IndexPattern { iter_rank: | ew:Identity:Computed { indices: NodeId(3029), index_map: IndexPattern { iter_rank: | ew:Identity:Computed { indices: NodeId(3060), index_map: IndexPattern { iter_rank: | ew:Identity:Computed { indices: NodeId(3091), index_map: IndexPattern { iter_rank:
LEAF	blk.6.ffn_gate_exps.weight	Float32	[Static(128), Static(2816), Static(704)]	gguf=-	bound=packed_owned	ew:Multiply:Computed { indices: NodeId(2876), index_map: IndexPattern { iter_rank: | ew:Multiply:Computed { indices: NodeId(2905), index_map: IndexPattern { iter_rank: | ew:Multiply:Computed { indices: NodeId(2936), index_map: IndexPattern { iter_rank: | ew:Multiply:Computed { indices: NodeId(2967), index_map: IndexPattern { iter_rank: | ew:Multiply:Computed { indices: NodeId(2998), index_map: IndexPattern { iter_rank: | ew:Multiply:Computed { indices: NodeId(3029), index_map: IndexPattern { iter_rank: | ew:Multiply:Computed { indices: NodeId(3060), index_map: IndexPattern { iter_rank: | ew:Multiply:Computed { indices: NodeId(3091), index_map: IndexPattern { iter_rank:
LEAF	blk.6.ffn_up_exps.weight	Float32	[Static(128), Static(2816), Static(704)]	gguf=-	bound=packed_owned	ew:Multiply:Computed { indices: NodeId(2876), index_map: IndexPattern { iter_rank: | ew:Multiply:Computed { indices: NodeId(2905), index_map: IndexPattern { iter_rank: | ew:Multiply:Computed { indices: NodeId(2936), index_map: IndexPattern { iter_rank: | ew:Multiply:Computed { indices: NodeId(2967), index_map: IndexPattern { iter_rank: | ew:Multiply:Computed { indices: NodeId(2998), index_map: IndexPattern { iter_rank: | ew:Multiply:Computed { indices: NodeId(3029), index_map: IndexPattern { iter_rank: | ew:Multiply:Computed { indices: NodeId(3060), index_map: IndexPattern { iter_rank: | ew:Multiply:Computed { indices: NodeId(3091), index_map: IndexPattern { iter_rank:
LEAF	blk.6.ffn_down_exps.weight	Float32	[Static(128), Static(704), Static(2816)]	gguf=[704, 2816, 128]/Q5_0	bound=packed	ew:Multiply:Computed { indices: NodeId(2876), index_map: IndexPattern { iter_rank: | ew:Multiply:Computed { indices: NodeId(2905), index_map: IndexPattern { iter_rank: | ew:Multiply:Computed { indices: NodeId(2936), index_map: IndexPattern { iter_rank: | ew:Multiply:Computed { indices: NodeId(2967), index_map: IndexPattern { iter_rank: | ew:Multiply:Computed { indices: NodeId(2998), index_map: IndexPattern { iter_rank: | ew:Multiply:Computed { indices: NodeId(3029), index_map: IndexPattern { iter_rank: | ew:Multiply:Computed { indices: NodeId(3060), index_map: IndexPattern { iter_rank: | ew:Multiply:Computed { indices: NodeId(3091), index_map: IndexPattern { iter_rank:
LEAF	blk.6.post_ffw_norm_2.weight	Float32	[Static(2816)]	gguf=[2816]/F32	bound=owned	ew:Multiply:Affine(IndexPattern { iter_rank: 2, axes: [AxisIndex { terms: [AxisTer
LEAF	blk.6.post_ffw_norm.weight	Float32	[Static(2816)]	gguf=[2816]/F32	bound=owned	ew:Multiply:Affine(IndexPattern { iter_rank: 2, axes: [AxisIndex { terms: [AxisTer
LEAF	blk.6.layer_output_scale.weight	Float32	[]	gguf=[1]/F32	bound=packed	ew:Multiply:Affine(IndexPattern { iter_rank: 2, axes: [] })
LEAF	blk.7.attn_norm.weight	Float32	[Static(2816)]	gguf=[2816]/F32	bound=owned	ew:Multiply:Affine(IndexPattern { iter_rank: 2, axes: [AxisIndex { terms: [AxisTer
LEAF	blk.7.ffn_norm.weight	Float32	[Static(2816)]	gguf=[2816]/F32	bound=owned	ew:Multiply:Affine(IndexPattern { iter_rank: 2, axes: [AxisIndex { terms: [AxisTer
LEAF	blk.7.post_attention_norm.weight	Float32	[Static(2816)]	gguf=[2816]/F32	bound=owned	ew:Multiply:Affine(IndexPattern { iter_rank: 2, axes: [AxisIndex { terms: [AxisTer
LEAF	blk.7.attn_q.weight	Float32	[Static(2816), Static(16), Static(256)]	gguf=[2816, 4096]/Q3_K	bound=packed	ew:Multiply:Affine(IndexPattern { iter_rank: 4, axes: [AxisIndex { terms: [AxisTer
LEAF	blk.7.attn_k.weight	Float32	[Static(2816), Static(8), Static(256)]	gguf=[2816, 2048]/Q3_K	bound=packed	ew:Multiply:Affine(IndexPattern { iter_rank: 4, axes: [AxisIndex { terms: [AxisTer
LEAF	blk.7.attn_k_norm.weight	Float32	[Static(256)]	gguf=[256]/F32	bound=owned	ew:Multiply:Affine(IndexPattern { iter_rank: 3, axes: [AxisIndex { terms: [AxisTer
LEAF	blk.7.attn_v.weight	Float32	[Static(2816), Static(8), Static(256)]	gguf=[2816, 2048]/Q4_K	bound=packed	ew:Multiply:Affine(IndexPattern { iter_rank: 4, axes: [AxisIndex { terms: [AxisTer
LEAF	kv_cache.7.k_even	Float32	[Symbolic(2), Static(8), Static(128)]	gguf=-	bound=-	ew:Multiply:Affine(IndexPattern { iter_rank: 5, axes: [AxisIndex { terms: [AxisTer
LEAF	kv_cache.7.k_odd	Float32	[Symbolic(2), Static(8), Static(128)]	gguf=-	bound=-	ew:Multiply:Affine(IndexPattern { iter_rank: 5, axes: [AxisIndex { terms: [AxisTer
LEAF	kv_cache.7.v	Float32	[Symbolic(2), Static(8), Static(256)]	gguf=-	bound=-	ew:Multiply:Affine(IndexPattern { iter_rank: 5, axes: [AxisIndex { terms: [AxisTer
LEAF	blk.7.attn_output.weight	Float32	[Static(8), Static(2), Static(256), Static(2816)]	gguf=[4096, 2816]/Q4_K	bound=packed	ew:Multiply:Affine(IndexPattern { iter_rank: 5, axes: [AxisIndex { terms: [AxisTer
LEAF	blk.7.attn_q_norm.weight	Float32	[Static(256)]	gguf=[256]/F32	bound=owned	ew:Multiply:Affine(IndexPattern { iter_rank: 3, axes: [AxisIndex { terms: [AxisTer
LEAF	blk.7.ffn_gate.weight	Float32	[Static(2816), Static(2112)]	gguf=[2816, 2112]/Q3_K	bound=packed	ew:Multiply:Affine(IndexPattern { iter_rank: 3, axes: [AxisIndex { terms: [AxisTer
LEAF	blk.7.ffn_up.weight	Float32	[Static(2816), Static(2112)]	gguf=[2816, 2112]/Q3_K	bound=packed	ew:Multiply:Affine(IndexPattern { iter_rank: 3, axes: [AxisIndex { terms: [AxisTer
LEAF	blk.7.ffn_down.weight	Float32	[Static(2112), Static(2816)]	gguf=[2112, 2816]/Q5_0	bound=packed	ew:Multiply:Affine(IndexPattern { iter_rank: 3, axes: [AxisIndex { terms: [AxisTer
LEAF	blk.7.post_ffw_norm_1.weight	Float32	[Static(2816)]	gguf=[2816]/F32	bound=owned	ew:Multiply:Affine(IndexPattern { iter_rank: 2, axes: [AxisIndex { terms: [AxisTer
LEAF	blk.7.pre_ffw_norm_2.weight	Float32	[Static(2816)]	gguf=[2816]/F32	bound=owned	ew:Multiply:Affine(IndexPattern { iter_rank: 2, axes: [AxisIndex { terms: [AxisTer
LEAF	blk.7.ffn_gate_inp.weight	Float32	[Static(2816), Static(128)]	gguf=[2816, 128]/F32	bound=owned	ew:Multiply:Affine(IndexPattern { iter_rank: 3, axes: [AxisIndex { terms: [AxisTer
LEAF	blk.7.ffn_gate_inp.scale	Float32	[Static(2816)]	gguf=[2816]/F32	bound=packed	ew:Multiply:Affine(IndexPattern { iter_rank: 1, axes: [AxisIndex { terms: [AxisTer
LEAF	blk.7.ffn_down_exps.scale	Float32	[Static(128)]	gguf=[128]/F32	bound=packed	ew:Identity:Computed { indices: NodeId(3318), index_map: IndexPattern { iter_rank: | ew:Identity:Computed { indices: NodeId(3347), index_map: IndexPattern { iter_rank: | ew:Identity:Computed { indices: NodeId(3378), index_map: IndexPattern { iter_rank: | ew:Identity:Computed { indices: NodeId(3409), index_map: IndexPattern { iter_rank: | ew:Identity:Computed { indices: NodeId(3440), index_map: IndexPattern { iter_rank: | ew:Identity:Computed { indices: NodeId(3471), index_map: IndexPattern { iter_rank: | ew:Identity:Computed { indices: NodeId(3502), index_map: IndexPattern { iter_rank: | ew:Identity:Computed { indices: NodeId(3533), index_map: IndexPattern { iter_rank:
LEAF	blk.7.ffn_gate_exps.weight	Float32	[Static(128), Static(2816), Static(704)]	gguf=-	bound=packed_owned	ew:Multiply:Computed { indices: NodeId(3318), index_map: IndexPattern { iter_rank: | ew:Multiply:Computed { indices: NodeId(3347), index_map: IndexPattern { iter_rank: | ew:Multiply:Computed { indices: NodeId(3378), index_map: IndexPattern { iter_rank: | ew:Multiply:Computed { indices: NodeId(3409), index_map: IndexPattern { iter_rank: | ew:Multiply:Computed { indices: NodeId(3440), index_map: IndexPattern { iter_rank: | ew:Multiply:Computed { indices: NodeId(3471), index_map: IndexPattern { iter_rank: | ew:Multiply:Computed { indices: NodeId(3502), index_map: IndexPattern { iter_rank: | ew:Multiply:Computed { indices: NodeId(3533), index_map: IndexPattern { iter_rank:
LEAF	blk.7.ffn_up_exps.weight	Float32	[Static(128), Static(2816), Static(704)]	gguf=-	bound=packed_owned	ew:Multiply:Computed { indices: NodeId(3318), index_map: IndexPattern { iter_rank: | ew:Multiply:Computed { indices: NodeId(3347), index_map: IndexPattern { iter_rank: | ew:Multiply:Computed { indices: NodeId(3378), index_map: IndexPattern { iter_rank: | ew:Multiply:Computed { indices: NodeId(3409), index_map: IndexPattern { iter_rank: | ew:Multiply:Computed { indices: NodeId(3440), index_map: IndexPattern { iter_rank: | ew:Multiply:Computed { indices: NodeId(3471), index_map: IndexPattern { iter_rank: | ew:Multiply:Computed { indices: NodeId(3502), index_map: IndexPattern { iter_rank: | ew:Multiply:Computed { indices: NodeId(3533), index_map: IndexPattern { iter_rank:
LEAF	blk.7.ffn_down_exps.weight	Float32	[Static(128), Static(704), Static(2816)]	gguf=[704, 2816, 128]/Q5_0	bound=packed	ew:Multiply:Computed { indices: NodeId(3318), index_map: IndexPattern { iter_rank: | ew:Multiply:Computed { indices: NodeId(3347), index_map: IndexPattern { iter_rank: | ew:Multiply:Computed { indices: NodeId(3378), index_map: IndexPattern { iter_rank: | ew:Multiply:Computed { indices: NodeId(3409), index_map: IndexPattern { iter_rank: | ew:Multiply:Computed { indices: NodeId(3440), index_map: IndexPattern { iter_rank: | ew:Multiply:Computed { indices: NodeId(3471), index_map: IndexPattern { iter_rank: | ew:Multiply:Computed { indices: NodeId(3502), index_map: IndexPattern { iter_rank: | ew:Multiply:Computed { indices: NodeId(3533), index_map: IndexPattern { iter_rank:
LEAF	blk.7.post_ffw_norm_2.weight	Float32	[Static(2816)]	gguf=[2816]/F32	bound=owned	ew:Multiply:Affine(IndexPattern { iter_rank: 2, axes: [AxisIndex { terms: [AxisTer
LEAF	blk.7.post_ffw_norm.weight	Float32	[Static(2816)]	gguf=[2816]/F32	bound=owned	ew:Multiply:Affine(IndexPattern { iter_rank: 2, axes: [AxisIndex { terms: [AxisTer
LEAF	blk.7.layer_output_scale.weight	Float32	[]	gguf=[1]/F32	bound=packed	ew:Multiply:Affine(IndexPattern { iter_rank: 2, axes: [] })
LEAF	blk.8.attn_norm.weight	Float32	[Static(2816)]	gguf=[2816]/F32	bound=owned	ew:Multiply:Affine(IndexPattern { iter_rank: 2, axes: [AxisIndex { terms: [AxisTer
LEAF	blk.8.ffn_norm.weight	Float32	[Static(2816)]	gguf=[2816]/F32	bound=owned	ew:Multiply:Affine(IndexPattern { iter_rank: 2, axes: [AxisIndex { terms: [AxisTer
LEAF	blk.8.post_attention_norm.weight	Float32	[Static(2816)]	gguf=[2816]/F32	bound=owned	ew:Multiply:Affine(IndexPattern { iter_rank: 2, axes: [AxisIndex { terms: [AxisTer
LEAF	blk.8.attn_q.weight	Float32	[Static(2816), Static(16), Static(256)]	gguf=[2816, 4096]/Q3_K	bound=packed	ew:Multiply:Affine(IndexPattern { iter_rank: 4, axes: [AxisIndex { terms: [AxisTer
LEAF	blk.8.attn_k.weight	Float32	[Static(2816), Static(8), Static(256)]	gguf=[2816, 2048]/Q3_K	bound=packed	ew:Multiply:Affine(IndexPattern { iter_rank: 4, axes: [AxisIndex { terms: [AxisTer
LEAF	blk.8.attn_k_norm.weight	Float32	[Static(256)]	gguf=[256]/F32	bound=owned	ew:Multiply:Affine(IndexPattern { iter_rank: 3, axes: [AxisIndex { terms: [AxisTer
LEAF	blk.8.attn_v.weight	Float32	[Static(2816), Static(8), Static(256)]	gguf=[2816, 2048]/Q4_K	bound=packed	ew:Multiply:Affine(IndexPattern { iter_rank: 4, axes: [AxisIndex { terms: [AxisTer
LEAF	kv_cache.8.k_even	Float32	[Symbolic(2), Static(8), Static(128)]	gguf=-	bound=-	ew:Multiply:Affine(IndexPattern { iter_rank: 5, axes: [AxisIndex { terms: [AxisTer
LEAF	kv_cache.8.k_odd	Float32	[Symbolic(2), Static(8), Static(128)]	gguf=-	bound=-	ew:Multiply:Affine(IndexPattern { iter_rank: 5, axes: [AxisIndex { terms: [AxisTer
LEAF	kv_cache.8.v	Float32	[Symbolic(2), Static(8), Static(256)]	gguf=-	bound=-	ew:Multiply:Affine(IndexPattern { iter_rank: 5, axes: [AxisIndex { terms: [AxisTer
LEAF	blk.8.attn_output.weight	Float32	[Static(8), Static(2), Static(256), Static(2816)]	gguf=[4096, 2816]/Q4_K	bound=packed	ew:Multiply:Affine(IndexPattern { iter_rank: 5, axes: [AxisIndex { terms: [AxisTer
LEAF	blk.8.attn_q_norm.weight	Float32	[Static(256)]	gguf=[256]/F32	bound=owned	ew:Multiply:Affine(IndexPattern { iter_rank: 3, axes: [AxisIndex { terms: [AxisTer
LEAF	blk.8.ffn_gate.weight	Float32	[Static(2816), Static(2112)]	gguf=[2816, 2112]/Q3_K	bound=packed	ew:Multiply:Affine(IndexPattern { iter_rank: 3, axes: [AxisIndex { terms: [AxisTer
LEAF	blk.8.ffn_up.weight	Float32	[Static(2816), Static(2112)]	gguf=[2816, 2112]/Q3_K	bound=packed	ew:Multiply:Affine(IndexPattern { iter_rank: 3, axes: [AxisIndex { terms: [AxisTer
LEAF	blk.8.ffn_down.weight	Float32	[Static(2112), Static(2816)]	gguf=[2112, 2816]/Q5_0	bound=packed	ew:Multiply:Affine(IndexPattern { iter_rank: 3, axes: [AxisIndex { terms: [AxisTer
LEAF	blk.8.post_ffw_norm_1.weight	Float32	[Static(2816)]	gguf=[2816]/F32	bound=owned	ew:Multiply:Affine(IndexPattern { iter_rank: 2, axes: [AxisIndex { terms: [AxisTer
LEAF	blk.8.pre_ffw_norm_2.weight	Float32	[Static(2816)]	gguf=[2816]/F32	bound=owned	ew:Multiply:Affine(IndexPattern { iter_rank: 2, axes: [AxisIndex { terms: [AxisTer
LEAF	blk.8.ffn_gate_inp.weight	Float32	[Static(2816), Static(128)]	gguf=[2816, 128]/F32	bound=owned	ew:Multiply:Affine(IndexPattern { iter_rank: 3, axes: [AxisIndex { terms: [AxisTer
LEAF	blk.8.ffn_gate_inp.scale	Float32	[Static(2816)]	gguf=[2816]/F32	bound=packed	ew:Multiply:Affine(IndexPattern { iter_rank: 1, axes: [AxisIndex { terms: [AxisTer
LEAF	blk.8.ffn_down_exps.scale	Float32	[Static(128)]	gguf=[128]/F32	bound=packed	ew:Identity:Computed { indices: NodeId(3760), index_map: IndexPattern { iter_rank: | ew:Identity:Computed { indices: NodeId(3789), index_map: IndexPattern { iter_rank: | ew:Identity:Computed { indices: NodeId(3820), index_map: IndexPattern { iter_rank: | ew:Identity:Computed { indices: NodeId(3851), index_map: IndexPattern { iter_rank: | ew:Identity:Computed { indices: NodeId(3882), index_map: IndexPattern { iter_rank: | ew:Identity:Computed { indices: NodeId(3913), index_map: IndexPattern { iter_rank: | ew:Identity:Computed { indices: NodeId(3944), index_map: IndexPattern { iter_rank: | ew:Identity:Computed { indices: NodeId(3975), index_map: IndexPattern { iter_rank:
LEAF	blk.8.ffn_gate_exps.weight	Float32	[Static(128), Static(2816), Static(704)]	gguf=-	bound=packed_owned	ew:Multiply:Computed { indices: NodeId(3760), index_map: IndexPattern { iter_rank: | ew:Multiply:Computed { indices: NodeId(3789), index_map: IndexPattern { iter_rank: | ew:Multiply:Computed { indices: NodeId(3820), index_map: IndexPattern { iter_rank: | ew:Multiply:Computed { indices: NodeId(3851), index_map: IndexPattern { iter_rank: | ew:Multiply:Computed { indices: NodeId(3882), index_map: IndexPattern { iter_rank: | ew:Multiply:Computed { indices: NodeId(3913), index_map: IndexPattern { iter_rank: | ew:Multiply:Computed { indices: NodeId(3944), index_map: IndexPattern { iter_rank: | ew:Multiply:Computed { indices: NodeId(3975), index_map: IndexPattern { iter_rank:
LEAF	blk.8.ffn_up_exps.weight	Float32	[Static(128), Static(2816), Static(704)]	gguf=-	bound=packed_owned	ew:Multiply:Computed { indices: NodeId(3760), index_map: IndexPattern { iter_rank: | ew:Multiply:Computed { indices: NodeId(3789), index_map: IndexPattern { iter_rank: | ew:Multiply:Computed { indices: NodeId(3820), index_map: IndexPattern { iter_rank: | ew:Multiply:Computed { indices: NodeId(3851), index_map: IndexPattern { iter_rank: | ew:Multiply:Computed { indices: NodeId(3882), index_map: IndexPattern { iter_rank: | ew:Multiply:Computed { indices: NodeId(3913), index_map: IndexPattern { iter_rank: | ew:Multiply:Computed { indices: NodeId(3944), index_map: IndexPattern { iter_rank: | ew:Multiply:Computed { indices: NodeId(3975), index_map: IndexPattern { iter_rank:
LEAF	blk.8.ffn_down_exps.weight	Float32	[Static(128), Static(704), Static(2816)]	gguf=[704, 2816, 128]/Q5_0	bound=packed	ew:Multiply:Computed { indices: NodeId(3760), index_map: IndexPattern { iter_rank: | ew:Multiply:Computed { indices: NodeId(3789), index_map: IndexPattern { iter_rank: | ew:Multiply:Computed { indices: NodeId(3820), index_map: IndexPattern { iter_rank: | ew:Multiply:Computed { indices: NodeId(3851), index_map: IndexPattern { iter_rank: | ew:Multiply:Computed { indices: NodeId(3882), index_map: IndexPattern { iter_rank: | ew:Multiply:Computed { indices: NodeId(3913), index_map: IndexPattern { iter_rank: | ew:Multiply:Computed { indices: NodeId(3944), index_map: IndexPattern { iter_rank: | ew:Multiply:Computed { indices: NodeId(3975), index_map: IndexPattern { iter_rank:
LEAF	blk.8.post_ffw_norm_2.weight	Float32	[Static(2816)]	gguf=[2816]/F32	bound=owned	ew:Multiply:Affine(IndexPattern { iter_rank: 2, axes: [AxisIndex { terms: [AxisTer
LEAF	blk.8.post_ffw_norm.weight	Float32	[Static(2816)]	gguf=[2816]/F32	bound=owned	ew:Multiply:Affine(IndexPattern { iter_rank: 2, axes: [AxisIndex { terms: [AxisTer
LEAF	blk.8.layer_output_scale.weight	Float32	[]	gguf=[1]/F32	bound=packed	ew:Multiply:Affine(IndexPattern { iter_rank: 2, axes: [] })
LEAF	blk.9.attn_norm.weight	Float32	[Static(2816)]	gguf=[2816]/F32	bound=owned	ew:Multiply:Affine(IndexPattern { iter_rank: 2, axes: [AxisIndex { terms: [AxisTer
LEAF	blk.9.ffn_norm.weight	Float32	[Static(2816)]	gguf=[2816]/F32	bound=owned	ew:Multiply:Affine(IndexPattern { iter_rank: 2, axes: [AxisIndex { terms: [AxisTer
LEAF	blk.9.post_attention_norm.weight	Float32	[Static(2816)]	gguf=[2816]/F32	bound=owned	ew:Multiply:Affine(IndexPattern { iter_rank: 2, axes: [AxisIndex { terms: [AxisTer
LEAF	blk.9.attn_q.weight	Float32	[Static(2816), Static(16), Static(256)]	gguf=[2816, 4096]/Q3_K	bound=packed	ew:Multiply:Affine(IndexPattern { iter_rank: 4, axes: [AxisIndex { terms: [AxisTer
LEAF	blk.9.attn_k.weight	Float32	[Static(2816), Static(8), Static(256)]	gguf=[2816, 2048]/Q3_K	bound=packed	ew:Multiply:Affine(IndexPattern { iter_rank: 4, axes: [AxisIndex { terms: [AxisTer
LEAF	blk.9.attn_k_norm.weight	Float32	[Static(256)]	gguf=[256]/F32	bound=owned	ew:Multiply:Affine(IndexPattern { iter_rank: 3, axes: [AxisIndex { terms: [AxisTer
LEAF	blk.9.attn_v.weight	Float32	[Static(2816), Static(8), Static(256)]	gguf=[2816, 2048]/Q4_K	bound=packed	ew:Multiply:Affine(IndexPattern { iter_rank: 4, axes: [AxisIndex { terms: [AxisTer
LEAF	kv_cache.9.k_even	Float32	[Symbolic(2), Static(8), Static(128)]	gguf=-	bound=-	ew:Multiply:Affine(IndexPattern { iter_rank: 5, axes: [AxisIndex { terms: [AxisTer
LEAF	kv_cache.9.k_odd	Float32	[Symbolic(2), Static(8), Static(128)]	gguf=-	bound=-	ew:Multiply:Affine(IndexPattern { iter_rank: 5, axes: [AxisIndex { terms: [AxisTer
LEAF	kv_cache.9.v	Float32	[Symbolic(2), Static(8), Static(256)]	gguf=-	bound=-	ew:Multiply:Affine(IndexPattern { iter_rank: 5, axes: [AxisIndex { terms: [AxisTer
LEAF	blk.9.attn_output.weight	Float32	[Static(8), Static(2), Static(256), Static(2816)]	gguf=[4096, 2816]/Q4_K	bound=packed	ew:Multiply:Affine(IndexPattern { iter_rank: 5, axes: [AxisIndex { terms: [AxisTer
LEAF	blk.9.attn_q_norm.weight	Float32	[Static(256)]	gguf=[256]/F32	bound=owned	ew:Multiply:Affine(IndexPattern { iter_rank: 3, axes: [AxisIndex { terms: [AxisTer
LEAF	blk.9.ffn_gate.weight	Float32	[Static(2816), Static(2112)]	gguf=[2816, 2112]/Q3_K	bound=packed	ew:Multiply:Affine(IndexPattern { iter_rank: 3, axes: [AxisIndex { terms: [AxisTer
LEAF	blk.9.ffn_up.weight	Float32	[Static(2816), Static(2112)]	gguf=[2816, 2112]/Q3_K	bound=packed	ew:Multiply:Affine(IndexPattern { iter_rank: 3, axes: [AxisIndex { terms: [AxisTer
LEAF	blk.9.ffn_down.weight	Float32	[Static(2112), Static(2816)]	gguf=[2112, 2816]/Q5_0	bound=packed	ew:Multiply:Affine(IndexPattern { iter_rank: 3, axes: [AxisIndex { terms: [AxisTer
LEAF	blk.9.post_ffw_norm_1.weight	Float32	[Static(2816)]	gguf=[2816]/F32	bound=owned	ew:Multiply:Affine(IndexPattern { iter_rank: 2, axes: [AxisIndex { terms: [AxisTer
LEAF	blk.9.pre_ffw_norm_2.weight	Float32	[Static(2816)]	gguf=[2816]/F32	bound=owned	ew:Multiply:Affine(IndexPattern { iter_rank: 2, axes: [AxisIndex { terms: [AxisTer
LEAF	blk.9.ffn_gate_inp.weight	Float32	[Static(2816), Static(128)]	gguf=[2816, 128]/F32	bound=owned	ew:Multiply:Affine(IndexPattern { iter_rank: 3, axes: [AxisIndex { terms: [AxisTer
LEAF	blk.9.ffn_gate_inp.scale	Float32	[Static(2816)]	gguf=[2816]/F32	bound=packed	ew:Multiply:Affine(IndexPattern { iter_rank: 1, axes: [AxisIndex { terms: [AxisTer
LEAF	blk.9.ffn_down_exps.scale	Float32	[Static(128)]	gguf=[128]/F32	bound=packed	ew:Identity:Computed { indices: NodeId(4202), index_map: IndexPattern { iter_rank: | ew:Identity:Computed { indices: NodeId(4231), index_map: IndexPattern { iter_rank: | ew:Identity:Computed { indices: NodeId(4262), index_map: IndexPattern { iter_rank: | ew:Identity:Computed { indices: NodeId(4293), index_map: IndexPattern { iter_rank: | ew:Identity:Computed { indices: NodeId(4324), index_map: IndexPattern { iter_rank: | ew:Identity:Computed { indices: NodeId(4355), index_map: IndexPattern { iter_rank: | ew:Identity:Computed { indices: NodeId(4386), index_map: IndexPattern { iter_rank: | ew:Identity:Computed { indices: NodeId(4417), index_map: IndexPattern { iter_rank:
LEAF	blk.9.ffn_gate_exps.weight	Float32	[Static(128), Static(2816), Static(704)]	gguf=-	bound=packed_owned	ew:Multiply:Computed { indices: NodeId(4202), index_map: IndexPattern { iter_rank: | ew:Multiply:Computed { indices: NodeId(4231), index_map: IndexPattern { iter_rank: | ew:Multiply:Computed { indices: NodeId(4262), index_map: IndexPattern { iter_rank: | ew:Multiply:Computed { indices: NodeId(4293), index_map: IndexPattern { iter_rank: | ew:Multiply:Computed { indices: NodeId(4324), index_map: IndexPattern { iter_rank: | ew:Multiply:Computed { indices: NodeId(4355), index_map: IndexPattern { iter_rank: | ew:Multiply:Computed { indices: NodeId(4386), index_map: IndexPattern { iter_rank: | ew:Multiply:Computed { indices: NodeId(4417), index_map: IndexPattern { iter_rank:
LEAF	blk.9.ffn_up_exps.weight	Float32	[Static(128), Static(2816), Static(704)]	gguf=-	bound=packed_owned	ew:Multiply:Computed { indices: NodeId(4202), index_map: IndexPattern { iter_rank: | ew:Multiply:Computed { indices: NodeId(4231), index_map: IndexPattern { iter_rank: | ew:Multiply:Computed { indices: NodeId(4262), index_map: IndexPattern { iter_rank: | ew:Multiply:Computed { indices: NodeId(4293), index_map: IndexPattern { iter_rank: | ew:Multiply:Computed { indices: NodeId(4324), index_map: IndexPattern { iter_rank: | ew:Multiply:Computed { indices: NodeId(4355), index_map: IndexPattern { iter_rank: | ew:Multiply:Computed { indices: NodeId(4386), index_map: IndexPattern { iter_rank: | ew:Multiply:Computed { indices: NodeId(4417), index_map: IndexPattern { iter_rank:
LEAF	blk.9.ffn_down_exps.weight	Float32	[Static(128), Static(704), Static(2816)]	gguf=[704, 2816, 128]/Q5_0	bound=packed	ew:Multiply:Computed { indices: NodeId(4202), index_map: IndexPattern { iter_rank: | ew:Multiply:Computed { indices: NodeId(4231), index_map: IndexPattern { iter_rank: | ew:Multiply:Computed { indices: NodeId(4262), index_map: IndexPattern { iter_rank: | ew:Multiply:Computed { indices: NodeId(4293), index_map: IndexPattern { iter_rank: | ew:Multiply:Computed { indices: NodeId(4324), index_map: IndexPattern { iter_rank: | ew:Multiply:Computed { indices: NodeId(4355), index_map: IndexPattern { iter_rank: | ew:Multiply:Computed { indices: NodeId(4386), index_map: IndexPattern { iter_rank: | ew:Multiply:Computed { indices: NodeId(4417), index_map: IndexPattern { iter_rank:
LEAF	blk.9.post_ffw_norm_2.weight	Float32	[Static(2816)]	gguf=[2816]/F32	bound=owned	ew:Multiply:Affine(IndexPattern { iter_rank: 2, axes: [AxisIndex { terms: [AxisTer
LEAF	blk.9.post_ffw_norm.weight	Float32	[Static(2816)]	gguf=[2816]/F32	bound=owned	ew:Multiply:Affine(IndexPattern { iter_rank: 2, axes: [AxisIndex { terms: [AxisTer
LEAF	blk.9.layer_output_scale.weight	Float32	[]	gguf=[1]/F32	bound=packed	ew:Multiply:Affine(IndexPattern { iter_rank: 2, axes: [] })
LEAF	blk.10.attn_norm.weight	Float32	[Static(2816)]	gguf=[2816]/F32	bound=owned	ew:Multiply:Affine(IndexPattern { iter_rank: 2, axes: [AxisIndex { terms: [AxisTer
LEAF	blk.10.ffn_norm.weight	Float32	[Static(2816)]	gguf=[2816]/F32	bound=owned	ew:Multiply:Affine(IndexPattern { iter_rank: 2, axes: [AxisIndex { terms: [AxisTer
LEAF	blk.10.post_attention_norm.weight	Float32	[Static(2816)]	gguf=[2816]/F32	bound=owned	ew:Multiply:Affine(IndexPattern { iter_rank: 2, axes: [AxisIndex { terms: [AxisTer
LEAF	blk.10.attn_q.weight	Float32	[Static(2816), Static(16), Static(256)]	gguf=[2816, 4096]/Q3_K	bound=packed	ew:Multiply:Affine(IndexPattern { iter_rank: 4, axes: [AxisIndex { terms: [AxisTer
LEAF	blk.10.attn_k.weight	Float32	[Static(2816), Static(8), Static(256)]	gguf=[2816, 2048]/Q3_K	bound=packed	ew:Multiply:Affine(IndexPattern { iter_rank: 4, axes: [AxisIndex { terms: [AxisTer
LEAF	blk.10.attn_k_norm.weight	Float32	[Static(256)]	gguf=[256]/F32	bound=owned	ew:Multiply:Affine(IndexPattern { iter_rank: 3, axes: [AxisIndex { terms: [AxisTer
LEAF	blk.10.attn_v.weight	Float32	[Static(2816), Static(8), Static(256)]	gguf=[2816, 2048]/Q4_K	bound=packed	ew:Multiply:Affine(IndexPattern { iter_rank: 4, axes: [AxisIndex { terms: [AxisTer
LEAF	kv_cache.10.k_even	Float32	[Symbolic(2), Static(8), Static(128)]	gguf=-	bound=-	ew:Multiply:Affine(IndexPattern { iter_rank: 5, axes: [AxisIndex { terms: [AxisTer
LEAF	kv_cache.10.k_odd	Float32	[Symbolic(2), Static(8), Static(128)]	gguf=-	bound=-	ew:Multiply:Affine(IndexPattern { iter_rank: 5, axes: [AxisIndex { terms: [AxisTer
LEAF	kv_cache.10.v	Float32	[Symbolic(2), Static(8), Static(256)]	gguf=-	bound=-	ew:Multiply:Affine(IndexPattern { iter_rank: 5, axes: [AxisIndex { terms: [AxisTer
LEAF	blk.10.attn_output.weight	Float32	[Static(8), Static(2), Static(256), Static(2816)]	gguf=[4096, 2816]/Q4_K	bound=packed	ew:Multiply:Affine(IndexPattern { iter_rank: 5, axes: [AxisIndex { terms: [AxisTer
LEAF	blk.10.attn_q_norm.weight	Float32	[Static(256)]	gguf=[256]/F32	bound=owned	ew:Multiply:Affine(IndexPattern { iter_rank: 3, axes: [AxisIndex { terms: [AxisTer
LEAF	blk.10.ffn_gate.weight	Float32	[Static(2816), Static(2112)]	gguf=[2816, 2112]/Q3_K	bound=packed	ew:Multiply:Affine(IndexPattern { iter_rank: 3, axes: [AxisIndex { terms: [AxisTer
LEAF	blk.10.ffn_up.weight	Float32	[Static(2816), Static(2112)]	gguf=[2816, 2112]/Q3_K	bound=packed	ew:Multiply:Affine(IndexPattern { iter_rank: 3, axes: [AxisIndex { terms: [AxisTer
LEAF	blk.10.ffn_down.weight	Float32	[Static(2112), Static(2816)]	gguf=[2112, 2816]/Q5_0	bound=packed	ew:Multiply:Affine(IndexPattern { iter_rank: 3, axes: [AxisIndex { terms: [AxisTer
LEAF	blk.10.post_ffw_norm_1.weight	Float32	[Static(2816)]	gguf=[2816]/F32	bound=owned	ew:Multiply:Affine(IndexPattern { iter_rank: 2, axes: [AxisIndex { terms: [AxisTer
LEAF	blk.10.pre_ffw_norm_2.weight	Float32	[Static(2816)]	gguf=[2816]/F32	bound=owned	ew:Multiply:Affine(IndexPattern { iter_rank: 2, axes: [AxisIndex { terms: [AxisTer
LEAF	blk.10.ffn_gate_inp.weight	Float32	[Static(2816), Static(128)]	gguf=[2816, 128]/F32	bound=owned	ew:Multiply:Affine(IndexPattern { iter_rank: 3, axes: [AxisIndex { terms: [AxisTer
LEAF	blk.10.ffn_gate_inp.scale	Float32	[Static(2816)]	gguf=[2816]/F32	bound=packed	ew:Multiply:Affine(IndexPattern { iter_rank: 1, axes: [AxisIndex { terms: [AxisTer
LEAF	blk.10.ffn_down_exps.scale	Float32	[Static(128)]	gguf=[128]/F32	bound=packed	ew:Identity:Computed { indices: NodeId(4644), index_map: IndexPattern { iter_rank: | ew:Identity:Computed { indices: NodeId(4673), index_map: IndexPattern { iter_rank: | ew:Identity:Computed { indices: NodeId(4704), index_map: IndexPattern { iter_rank: | ew:Identity:Computed { indices: NodeId(4735), index_map: IndexPattern { iter_rank: | ew:Identity:Computed { indices: NodeId(4766), index_map: IndexPattern { iter_rank: | ew:Identity:Computed { indices: NodeId(4797), index_map: IndexPattern { iter_rank: | ew:Identity:Computed { indices: NodeId(4828), index_map: IndexPattern { iter_rank: | ew:Identity:Computed { indices: NodeId(4859), index_map: IndexPattern { iter_rank:
LEAF	blk.10.ffn_gate_exps.weight	Float32	[Static(128), Static(2816), Static(704)]	gguf=-	bound=packed_owned	ew:Multiply:Computed { indices: NodeId(4644), index_map: IndexPattern { iter_rank: | ew:Multiply:Computed { indices: NodeId(4673), index_map: IndexPattern { iter_rank: | ew:Multiply:Computed { indices: NodeId(4704), index_map: IndexPattern { iter_rank: | ew:Multiply:Computed { indices: NodeId(4735), index_map: IndexPattern { iter_rank: | ew:Multiply:Computed { indices: NodeId(4766), index_map: IndexPattern { iter_rank: | ew:Multiply:Computed { indices: NodeId(4797), index_map: IndexPattern { iter_rank: | ew:Multiply:Computed { indices: NodeId(4828), index_map: IndexPattern { iter_rank: | ew:Multiply:Computed { indices: NodeId(4859), index_map: IndexPattern { iter_rank:
LEAF	blk.10.ffn_up_exps.weight	Float32	[Static(128), Static(2816), Static(704)]	gguf=-	bound=packed_owned	ew:Multiply:Computed { indices: NodeId(4644), index_map: IndexPattern { iter_rank: | ew:Multiply:Computed { indices: NodeId(4673), index_map: IndexPattern { iter_rank: | ew:Multiply:Computed { indices: NodeId(4704), index_map: IndexPattern { iter_rank: | ew:Multiply:Computed { indices: NodeId(4735), index_map: IndexPattern { iter_rank: | ew:Multiply:Computed { indices: NodeId(4766), index_map: IndexPattern { iter_rank: | ew:Multiply:Computed { indices: NodeId(4797), index_map: IndexPattern { iter_rank: | ew:Multiply:Computed { indices: NodeId(4828), index_map: IndexPattern { iter_rank: | ew:Multiply:Computed { indices: NodeId(4859), index_map: IndexPattern { iter_rank:
LEAF	blk.10.ffn_down_exps.weight	Float32	[Static(128), Static(704), Static(2816)]	gguf=[704, 2816, 128]/Q5_0	bound=packed	ew:Multiply:Computed { indices: NodeId(4644), index_map: IndexPattern { iter_rank: | ew:Multiply:Computed { indices: NodeId(4673), index_map: IndexPattern { iter_rank: | ew:Multiply:Computed { indices: NodeId(4704), index_map: IndexPattern { iter_rank: | ew:Multiply:Computed { indices: NodeId(4735), index_map: IndexPattern { iter_rank: | ew:Multiply:Computed { indices: NodeId(4766), index_map: IndexPattern { iter_rank: | ew:Multiply:Computed { indices: NodeId(4797), index_map: IndexPattern { iter_rank: | ew:Multiply:Computed { indices: NodeId(4828), index_map: IndexPattern { iter_rank: | ew:Multiply:Computed { indices: NodeId(4859), index_map: IndexPattern { iter_rank:
LEAF	blk.10.post_ffw_norm_2.weight	Float32	[Static(2816)]	gguf=[2816]/F32	bound=owned	ew:Multiply:Affine(IndexPattern { iter_rank: 2, axes: [AxisIndex { terms: [AxisTer
LEAF	blk.10.post_ffw_norm.weight	Float32	[Static(2816)]	gguf=[2816]/F32	bound=owned	ew:Multiply:Affine(IndexPattern { iter_rank: 2, axes: [AxisIndex { terms: [AxisTer
LEAF	blk.10.layer_output_scale.weight	Float32	[]	gguf=[1]/F32	bound=packed	ew:Multiply:Affine(IndexPattern { iter_rank: 2, axes: [] })
LEAF	blk.11.attn_norm.weight	Float32	[Static(2816)]	gguf=[2816]/F32	bound=owned	ew:Multiply:Affine(IndexPattern { iter_rank: 2, axes: [AxisIndex { terms: [AxisTer
LEAF	blk.11.ffn_norm.weight	Float32	[Static(2816)]	gguf=[2816]/F32	bound=owned	ew:Multiply:Affine(IndexPattern { iter_rank: 2, axes: [AxisIndex { terms: [AxisTer
LEAF	blk.11.post_attention_norm.weight	Float32	[Static(2816)]	gguf=[2816]/F32	bound=owned	ew:Multiply:Affine(IndexPattern { iter_rank: 2, axes: [AxisIndex { terms: [AxisTer
LEAF	blk.11.attn_q.weight	Float32	[Static(2816), Static(16), Static(512)]	gguf=[2816, 8192]/Q3_K	bound=packed	ew:Multiply:Affine(IndexPattern { iter_rank: 4, axes: [AxisIndex { terms: [AxisTer
LEAF	blk.11.attn_k.weight	Float32	[Static(2816), Static(2), Static(512)]	gguf=[2816, 1024]/Q3_K	bound=packed	ew:Multiply:Affine(IndexPattern { iter_rank: 4, axes: [AxisIndex { terms: [AxisTer
LEAF	blk.11.attn_k_norm.weight	Float32	[Static(512)]	gguf=[512]/F32	bound=owned	ew:Multiply:Affine(IndexPattern { iter_rank: 3, axes: [AxisIndex { terms: [AxisTer
LEAF	kv_cache.11.k_even	Float32	[Symbolic(1), Static(2), Static(256)]	gguf=-	bound=-	ew:Multiply:Affine(IndexPattern { iter_rank: 5, axes: [AxisIndex { terms: [AxisTer
LEAF	kv_cache.11.k_odd	Float32	[Symbolic(1), Static(2), Static(256)]	gguf=-	bound=-	ew:Multiply:Affine(IndexPattern { iter_rank: 5, axes: [AxisIndex { terms: [AxisTer
LEAF	kv_cache.11.v	Float32	[Symbolic(1), Static(2), Static(512)]	gguf=-	bound=-	ew:Multiply:Affine(IndexPattern { iter_rank: 5, axes: [AxisIndex { terms: [AxisTer
LEAF	blk.11.attn_output.weight	Float32	[Static(2), Static(8), Static(512), Static(2816)]	gguf=[8192, 2816]/Q4_K	bound=packed	ew:Multiply:Affine(IndexPattern { iter_rank: 5, axes: [AxisIndex { terms: [AxisTer
LEAF	blk.11.attn_q_norm.weight	Float32	[Static(512)]	gguf=[512]/F32	bound=owned	ew:Multiply:Affine(IndexPattern { iter_rank: 3, axes: [AxisIndex { terms: [AxisTer
LEAF	blk.11.ffn_gate.weight	Float32	[Static(2816), Static(2112)]	gguf=[2816, 2112]/Q3_K	bound=packed	ew:Multiply:Affine(IndexPattern { iter_rank: 3, axes: [AxisIndex { terms: [AxisTer
LEAF	blk.11.ffn_up.weight	Float32	[Static(2816), Static(2112)]	gguf=[2816, 2112]/Q3_K	bound=packed	ew:Multiply:Affine(IndexPattern { iter_rank: 3, axes: [AxisIndex { terms: [AxisTer
LEAF	blk.11.ffn_down.weight	Float32	[Static(2112), Static(2816)]	gguf=[2112, 2816]/Q5_0	bound=packed	ew:Multiply:Affine(IndexPattern { iter_rank: 3, axes: [AxisIndex { terms: [AxisTer
LEAF	blk.11.post_ffw_norm_1.weight	Float32	[Static(2816)]	gguf=[2816]/F32	bound=owned	ew:Multiply:Affine(IndexPattern { iter_rank: 2, axes: [AxisIndex { terms: [AxisTer
LEAF	blk.11.pre_ffw_norm_2.weight	Float32	[Static(2816)]	gguf=[2816]/F32	bound=owned	ew:Multiply:Affine(IndexPattern { iter_rank: 2, axes: [AxisIndex { terms: [AxisTer
LEAF	blk.11.ffn_gate_inp.weight	Float32	[Static(2816), Static(128)]	gguf=[2816, 128]/F32	bound=owned	ew:Multiply:Affine(IndexPattern { iter_rank: 3, axes: [AxisIndex { terms: [AxisTer
LEAF	blk.11.ffn_gate_inp.scale	Float32	[Static(2816)]	gguf=[2816]/F32	bound=packed	ew:Multiply:Affine(IndexPattern { iter_rank: 1, axes: [AxisIndex { terms: [AxisTer
LEAF	blk.11.ffn_down_exps.scale	Float32	[Static(128)]	gguf=[128]/F32	bound=packed	ew:Identity:Computed { indices: NodeId(5083), index_map: IndexPattern { iter_rank: | ew:Identity:Computed { indices: NodeId(5112), index_map: IndexPattern { iter_rank: | ew:Identity:Computed { indices: NodeId(5143), index_map: IndexPattern { iter_rank: | ew:Identity:Computed { indices: NodeId(5174), index_map: IndexPattern { iter_rank: | ew:Identity:Computed { indices: NodeId(5205), index_map: IndexPattern { iter_rank: | ew:Identity:Computed { indices: NodeId(5236), index_map: IndexPattern { iter_rank: | ew:Identity:Computed { indices: NodeId(5267), index_map: IndexPattern { iter_rank: | ew:Identity:Computed { indices: NodeId(5298), index_map: IndexPattern { iter_rank:
LEAF	blk.11.ffn_gate_exps.weight	Float32	[Static(128), Static(2816), Static(704)]	gguf=-	bound=packed_owned	ew:Multiply:Computed { indices: NodeId(5083), index_map: IndexPattern { iter_rank: | ew:Multiply:Computed { indices: NodeId(5112), index_map: IndexPattern { iter_rank: | ew:Multiply:Computed { indices: NodeId(5143), index_map: IndexPattern { iter_rank: | ew:Multiply:Computed { indices: NodeId(5174), index_map: IndexPattern { iter_rank: | ew:Multiply:Computed { indices: NodeId(5205), index_map: IndexPattern { iter_rank: | ew:Multiply:Computed { indices: NodeId(5236), index_map: IndexPattern { iter_rank: | ew:Multiply:Computed { indices: NodeId(5267), index_map: IndexPattern { iter_rank: | ew:Multiply:Computed { indices: NodeId(5298), index_map: IndexPattern { iter_rank:
LEAF	blk.11.ffn_up_exps.weight	Float32	[Static(128), Static(2816), Static(704)]	gguf=-	bound=packed_owned	ew:Multiply:Computed { indices: NodeId(5083), index_map: IndexPattern { iter_rank: | ew:Multiply:Computed { indices: NodeId(5112), index_map: IndexPattern { iter_rank: | ew:Multiply:Computed { indices: NodeId(5143), index_map: IndexPattern { iter_rank: | ew:Multiply:Computed { indices: NodeId(5174), index_map: IndexPattern { iter_rank: | ew:Multiply:Computed { indices: NodeId(5205), index_map: IndexPattern { iter_rank: | ew:Multiply:Computed { indices: NodeId(5236), index_map: IndexPattern { iter_rank: | ew:Multiply:Computed { indices: NodeId(5267), index_map: IndexPattern { iter_rank: | ew:Multiply:Computed { indices: NodeId(5298), index_map: IndexPattern { iter_rank:
LEAF	blk.11.ffn_down_exps.weight	Float32	[Static(128), Static(704), Static(2816)]	gguf=[704, 2816, 128]/Q5_0	bound=packed	ew:Multiply:Computed { indices: NodeId(5083), index_map: IndexPattern { iter_rank: | ew:Multiply:Computed { indices: NodeId(5112), index_map: IndexPattern { iter_rank: | ew:Multiply:Computed { indices: NodeId(5143), index_map: IndexPattern { iter_rank: | ew:Multiply:Computed { indices: NodeId(5174), index_map: IndexPattern { iter_rank: | ew:Multiply:Computed { indices: NodeId(5205), index_map: IndexPattern { iter_rank: | ew:Multiply:Computed { indices: NodeId(5236), index_map: IndexPattern { iter_rank: | ew:Multiply:Computed { indices: NodeId(5267), index_map: IndexPattern { iter_rank: | ew:Multiply:Computed { indices: NodeId(5298), index_map: IndexPattern { iter_rank:
LEAF	blk.11.post_ffw_norm_2.weight	Float32	[Static(2816)]	gguf=[2816]/F32	bound=owned	ew:Multiply:Affine(IndexPattern { iter_rank: 2, axes: [AxisIndex { terms: [AxisTer
LEAF	blk.11.post_ffw_norm.weight	Float32	[Static(2816)]	gguf=[2816]/F32	bound=owned	ew:Multiply:Affine(IndexPattern { iter_rank: 2, axes: [AxisIndex { terms: [AxisTer
LEAF	blk.11.layer_output_scale.weight	Float32	[]	gguf=[1]/F32	bound=packed	ew:Multiply:Affine(IndexPattern { iter_rank: 2, axes: [] })
LEAF	blk.12.attn_norm.weight	Float32	[Static(2816)]	gguf=[2816]/F32	bound=owned	ew:Multiply:Affine(IndexPattern { iter_rank: 2, axes: [AxisIndex { terms: [AxisTer
LEAF	blk.12.ffn_norm.weight	Float32	[Static(2816)]	gguf=[2816]/F32	bound=owned	ew:Multiply:Affine(IndexPattern { iter_rank: 2, axes: [AxisIndex { terms: [AxisTer
LEAF	blk.12.post_attention_norm.weight	Float32	[Static(2816)]	gguf=[2816]/F32	bound=owned	ew:Multiply:Affine(IndexPattern { iter_rank: 2, axes: [AxisIndex { terms: [AxisTer
LEAF	blk.12.attn_q.weight	Float32	[Static(2816), Static(16), Static(256)]	gguf=[2816, 4096]/Q3_K	bound=packed	ew:Multiply:Affine(IndexPattern { iter_rank: 4, axes: [AxisIndex { terms: [AxisTer
LEAF	blk.12.attn_k.weight	Float32	[Static(2816), Static(8), Static(256)]	gguf=[2816, 2048]/Q3_K	bound=packed	ew:Multiply:Affine(IndexPattern { iter_rank: 4, axes: [AxisIndex { terms: [AxisTer
LEAF	blk.12.attn_k_norm.weight	Float32	[Static(256)]	gguf=[256]/F32	bound=owned	ew:Multiply:Affine(IndexPattern { iter_rank: 3, axes: [AxisIndex { terms: [AxisTer
LEAF	blk.12.attn_v.weight	Float32	[Static(2816), Static(8), Static(256)]	gguf=[2816, 2048]/Q4_K	bound=packed	ew:Multiply:Affine(IndexPattern { iter_rank: 4, axes: [AxisIndex { terms: [AxisTer
LEAF	kv_cache.12.k_even	Float32	[Symbolic(2), Static(8), Static(128)]	gguf=-	bound=-	ew:Multiply:Affine(IndexPattern { iter_rank: 5, axes: [AxisIndex { terms: [AxisTer
LEAF	kv_cache.12.k_odd	Float32	[Symbolic(2), Static(8), Static(128)]	gguf=-	bound=-	ew:Multiply:Affine(IndexPattern { iter_rank: 5, axes: [AxisIndex { terms: [AxisTer
LEAF	kv_cache.12.v	Float32	[Symbolic(2), Static(8), Static(256)]	gguf=-	bound=-	ew:Multiply:Affine(IndexPattern { iter_rank: 5, axes: [AxisIndex { terms: [AxisTer
LEAF	blk.12.attn_output.weight	Float32	[Static(8), Static(2), Static(256), Static(2816)]	gguf=[4096, 2816]/Q4_K	bound=packed	ew:Multiply:Affine(IndexPattern { iter_rank: 5, axes: [AxisIndex { terms: [AxisTer
LEAF	blk.12.attn_q_norm.weight	Float32	[Static(256)]	gguf=[256]/F32	bound=owned	ew:Multiply:Affine(IndexPattern { iter_rank: 3, axes: [AxisIndex { terms: [AxisTer
LEAF	blk.12.ffn_gate.weight	Float32	[Static(2816), Static(2112)]	gguf=[2816, 2112]/Q3_K	bound=packed	ew:Multiply:Affine(IndexPattern { iter_rank: 3, axes: [AxisIndex { terms: [AxisTer
LEAF	blk.12.ffn_up.weight	Float32	[Static(2816), Static(2112)]	gguf=[2816, 2112]/Q3_K	bound=packed	ew:Multiply:Affine(IndexPattern { iter_rank: 3, axes: [AxisIndex { terms: [AxisTer
LEAF	blk.12.ffn_down.weight	Float32	[Static(2112), Static(2816)]	gguf=[2112, 2816]/Q5_0	bound=packed	ew:Multiply:Affine(IndexPattern { iter_rank: 3, axes: [AxisIndex { terms: [AxisTer
LEAF	blk.12.post_ffw_norm_1.weight	Float32	[Static(2816)]	gguf=[2816]/F32	bound=owned	ew:Multiply:Affine(IndexPattern { iter_rank: 2, axes: [AxisIndex { terms: [AxisTer
LEAF	blk.12.pre_ffw_norm_2.weight	Float32	[Static(2816)]	gguf=[2816]/F32	bound=owned	ew:Multiply:Affine(IndexPattern { iter_rank: 2, axes: [AxisIndex { terms: [AxisTer
LEAF	blk.12.ffn_gate_inp.weight	Float32	[Static(2816), Static(128)]	gguf=[2816, 128]/F32	bound=owned	ew:Multiply:Affine(IndexPattern { iter_rank: 3, axes: [AxisIndex { terms: [AxisTer
LEAF	blk.12.ffn_gate_inp.scale	Float32	[Static(2816)]	gguf=[2816]/F32	bound=packed	ew:Multiply:Affine(IndexPattern { iter_rank: 1, axes: [AxisIndex { terms: [AxisTer
LEAF	blk.12.ffn_down_exps.scale	Float32	[Static(128)]	gguf=[128]/F32	bound=packed	ew:Identity:Computed { indices: NodeId(5525), index_map: IndexPattern { iter_rank: | ew:Identity:Computed { indices: NodeId(5554), index_map: IndexPattern { iter_rank: | ew:Identity:Computed { indices: NodeId(5585), index_map: IndexPattern { iter_rank: | ew:Identity:Computed { indices: NodeId(5616), index_map: IndexPattern { iter_rank: | ew:Identity:Computed { indices: NodeId(5647), index_map: IndexPattern { iter_rank: | ew:Identity:Computed { indices: NodeId(5678), index_map: IndexPattern { iter_rank: | ew:Identity:Computed { indices: NodeId(5709), index_map: IndexPattern { iter_rank: | ew:Identity:Computed { indices: NodeId(5740), index_map: IndexPattern { iter_rank:
LEAF	blk.12.ffn_gate_exps.weight	Float32	[Static(128), Static(2816), Static(704)]	gguf=-	bound=packed_owned	ew:Multiply:Computed { indices: NodeId(5525), index_map: IndexPattern { iter_rank: | ew:Multiply:Computed { indices: NodeId(5554), index_map: IndexPattern { iter_rank: | ew:Multiply:Computed { indices: NodeId(5585), index_map: IndexPattern { iter_rank: | ew:Multiply:Computed { indices: NodeId(5616), index_map: IndexPattern { iter_rank: | ew:Multiply:Computed { indices: NodeId(5647), index_map: IndexPattern { iter_rank: | ew:Multiply:Computed { indices: NodeId(5678), index_map: IndexPattern { iter_rank: | ew:Multiply:Computed { indices: NodeId(5709), index_map: IndexPattern { iter_rank: | ew:Multiply:Computed { indices: NodeId(5740), index_map: IndexPattern { iter_rank:
LEAF	blk.12.ffn_up_exps.weight	Float32	[Static(128), Static(2816), Static(704)]	gguf=-	bound=packed_owned	ew:Multiply:Computed { indices: NodeId(5525), index_map: IndexPattern { iter_rank: | ew:Multiply:Computed { indices: NodeId(5554), index_map: IndexPattern { iter_rank: | ew:Multiply:Computed { indices: NodeId(5585), index_map: IndexPattern { iter_rank: | ew:Multiply:Computed { indices: NodeId(5616), index_map: IndexPattern { iter_rank: | ew:Multiply:Computed { indices: NodeId(5647), index_map: IndexPattern { iter_rank: | ew:Multiply:Computed { indices: NodeId(5678), index_map: IndexPattern { iter_rank: | ew:Multiply:Computed { indices: NodeId(5709), index_map: IndexPattern { iter_rank: | ew:Multiply:Computed { indices: NodeId(5740), index_map: IndexPattern { iter_rank:
LEAF	blk.12.ffn_down_exps.weight	Float32	[Static(128), Static(704), Static(2816)]	gguf=[704, 2816, 128]/Q5_0	bound=packed	ew:Multiply:Computed { indices: NodeId(5525), index_map: IndexPattern { iter_rank: | ew:Multiply:Computed { indices: NodeId(5554), index_map: IndexPattern { iter_rank: | ew:Multiply:Computed { indices: NodeId(5585), index_map: IndexPattern { iter_rank: | ew:Multiply:Computed { indices: NodeId(5616), index_map: IndexPattern { iter_rank: | ew:Multiply:Computed { indices: NodeId(5647), index_map: IndexPattern { iter_rank: | ew:Multiply:Computed { indices: NodeId(5678), index_map: IndexPattern { iter_rank: | ew:Multiply:Computed { indices: NodeId(5709), index_map: IndexPattern { iter_rank: | ew:Multiply:Computed { indices: NodeId(5740), index_map: IndexPattern { iter_rank:
LEAF	blk.12.post_ffw_norm_2.weight	Float32	[Static(2816)]	gguf=[2816]/F32	bound=owned	ew:Multiply:Affine(IndexPattern { iter_rank: 2, axes: [AxisIndex { terms: [AxisTer
LEAF	blk.12.post_ffw_norm.weight	Float32	[Static(2816)]	gguf=[2816]/F32	bound=owned	ew:Multiply:Affine(IndexPattern { iter_rank: 2, axes: [AxisIndex { terms: [AxisTer
LEAF	blk.12.layer_output_scale.weight	Float32	[]	gguf=[1]/F32	bound=packed	ew:Multiply:Affine(IndexPattern { iter_rank: 2, axes: [] })
LEAF	blk.13.attn_norm.weight	Float32	[Static(2816)]	gguf=[2816]/F32	bound=owned	ew:Multiply:Affine(IndexPattern { iter_rank: 2, axes: [AxisIndex { terms: [AxisTer
LEAF	blk.13.ffn_norm.weight	Float32	[Static(2816)]	gguf=[2816]/F32	bound=owned	ew:Multiply:Affine(IndexPattern { iter_rank: 2, axes: [AxisIndex { terms: [AxisTer
LEAF	blk.13.post_attention_norm.weight	Float32	[Static(2816)]	gguf=[2816]/F32	bound=owned	ew:Multiply:Affine(IndexPattern { iter_rank: 2, axes: [AxisIndex { terms: [AxisTer
LEAF	blk.13.attn_q.weight	Float32	[Static(2816), Static(16), Static(256)]	gguf=[2816, 4096]/Q3_K	bound=packed	ew:Multiply:Affine(IndexPattern { iter_rank: 4, axes: [AxisIndex { terms: [AxisTer
LEAF	blk.13.attn_k.weight	Float32	[Static(2816), Static(8), Static(256)]	gguf=[2816, 2048]/Q3_K	bound=packed	ew:Multiply:Affine(IndexPattern { iter_rank: 4, axes: [AxisIndex { terms: [AxisTer
LEAF	blk.13.attn_k_norm.weight	Float32	[Static(256)]	gguf=[256]/F32	bound=owned	ew:Multiply:Affine(IndexPattern { iter_rank: 3, axes: [AxisIndex { terms: [AxisTer
LEAF	blk.13.attn_v.weight	Float32	[Static(2816), Static(8), Static(256)]	gguf=[2816, 2048]/Q4_K	bound=packed	ew:Multiply:Affine(IndexPattern { iter_rank: 4, axes: [AxisIndex { terms: [AxisTer
LEAF	kv_cache.13.k_even	Float32	[Symbolic(2), Static(8), Static(128)]	gguf=-	bound=-	ew:Multiply:Affine(IndexPattern { iter_rank: 5, axes: [AxisIndex { terms: [AxisTer
LEAF	kv_cache.13.k_odd	Float32	[Symbolic(2), Static(8), Static(128)]	gguf=-	bound=-	ew:Multiply:Affine(IndexPattern { iter_rank: 5, axes: [AxisIndex { terms: [AxisTer
LEAF	kv_cache.13.v	Float32	[Symbolic(2), Static(8), Static(256)]	gguf=-	bound=-	ew:Multiply:Affine(IndexPattern { iter_rank: 5, axes: [AxisIndex { terms: [AxisTer
LEAF	blk.13.attn_output.weight	Float32	[Static(8), Static(2), Static(256), Static(2816)]	gguf=[4096, 2816]/Q4_K	bound=packed	ew:Multiply:Affine(IndexPattern { iter_rank: 5, axes: [AxisIndex { terms: [AxisTer
LEAF	blk.13.attn_q_norm.weight	Float32	[Static(256)]	gguf=[256]/F32	bound=owned	ew:Multiply:Affine(IndexPattern { iter_rank: 3, axes: [AxisIndex { terms: [AxisTer
LEAF	blk.13.ffn_gate.weight	Float32	[Static(2816), Static(2112)]	gguf=[2816, 2112]/Q3_K	bound=packed	ew:Multiply:Affine(IndexPattern { iter_rank: 3, axes: [AxisIndex { terms: [AxisTer
LEAF	blk.13.ffn_up.weight	Float32	[Static(2816), Static(2112)]	gguf=[2816, 2112]/Q3_K	bound=packed	ew:Multiply:Affine(IndexPattern { iter_rank: 3, axes: [AxisIndex { terms: [AxisTer
LEAF	blk.13.ffn_down.weight	Float32	[Static(2112), Static(2816)]	gguf=[2112, 2816]/Q5_0	bound=packed	ew:Multiply:Affine(IndexPattern { iter_rank: 3, axes: [AxisIndex { terms: [AxisTer
LEAF	blk.13.post_ffw_norm_1.weight	Float32	[Static(2816)]	gguf=[2816]/F32	bound=owned	ew:Multiply:Affine(IndexPattern { iter_rank: 2, axes: [AxisIndex { terms: [AxisTer
LEAF	blk.13.pre_ffw_norm_2.weight	Float32	[Static(2816)]	gguf=[2816]/F32	bound=owned	ew:Multiply:Affine(IndexPattern { iter_rank: 2, axes: [AxisIndex { terms: [AxisTer
LEAF	blk.13.ffn_gate_inp.weight	Float32	[Static(2816), Static(128)]	gguf=[2816, 128]/F32	bound=owned	ew:Multiply:Affine(IndexPattern { iter_rank: 3, axes: [AxisIndex { terms: [AxisTer
LEAF	blk.13.ffn_gate_inp.scale	Float32	[Static(2816)]	gguf=[2816]/F32	bound=packed	ew:Multiply:Affine(IndexPattern { iter_rank: 1, axes: [AxisIndex { terms: [AxisTer
LEAF	blk.13.ffn_down_exps.scale	Float32	[Static(128)]	gguf=[128]/F32	bound=packed	ew:Identity:Computed { indices: NodeId(5967), index_map: IndexPattern { iter_rank: | ew:Identity:Computed { indices: NodeId(5996), index_map: IndexPattern { iter_rank: | ew:Identity:Computed { indices: NodeId(6027), index_map: IndexPattern { iter_rank: | ew:Identity:Computed { indices: NodeId(6058), index_map: IndexPattern { iter_rank: | ew:Identity:Computed { indices: NodeId(6089), index_map: IndexPattern { iter_rank: | ew:Identity:Computed { indices: NodeId(6120), index_map: IndexPattern { iter_rank: | ew:Identity:Computed { indices: NodeId(6151), index_map: IndexPattern { iter_rank: | ew:Identity:Computed { indices: NodeId(6182), index_map: IndexPattern { iter_rank:
LEAF	blk.13.ffn_gate_exps.weight	Float32	[Static(128), Static(2816), Static(704)]	gguf=-	bound=packed_owned	ew:Multiply:Computed { indices: NodeId(5967), index_map: IndexPattern { iter_rank: | ew:Multiply:Computed { indices: NodeId(5996), index_map: IndexPattern { iter_rank: | ew:Multiply:Computed { indices: NodeId(6027), index_map: IndexPattern { iter_rank: | ew:Multiply:Computed { indices: NodeId(6058), index_map: IndexPattern { iter_rank: | ew:Multiply:Computed { indices: NodeId(6089), index_map: IndexPattern { iter_rank: | ew:Multiply:Computed { indices: NodeId(6120), index_map: IndexPattern { iter_rank: | ew:Multiply:Computed { indices: NodeId(6151), index_map: IndexPattern { iter_rank: | ew:Multiply:Computed { indices: NodeId(6182), index_map: IndexPattern { iter_rank:
LEAF	blk.13.ffn_up_exps.weight	Float32	[Static(128), Static(2816), Static(704)]	gguf=-	bound=packed_owned	ew:Multiply:Computed { indices: NodeId(5967), index_map: IndexPattern { iter_rank: | ew:Multiply:Computed { indices: NodeId(5996), index_map: IndexPattern { iter_rank: | ew:Multiply:Computed { indices: NodeId(6027), index_map: IndexPattern { iter_rank: | ew:Multiply:Computed { indices: NodeId(6058), index_map: IndexPattern { iter_rank: | ew:Multiply:Computed { indices: NodeId(6089), index_map: IndexPattern { iter_rank: | ew:Multiply:Computed { indices: NodeId(6120), index_map: IndexPattern { iter_rank: | ew:Multiply:Computed { indices: NodeId(6151), index_map: IndexPattern { iter_rank: | ew:Multiply:Computed { indices: NodeId(6182), index_map: IndexPattern { iter_rank:
LEAF	blk.13.ffn_down_exps.weight	Float32	[Static(128), Static(704), Static(2816)]	gguf=[704, 2816, 128]/Q5_0	bound=packed	ew:Multiply:Computed { indices: NodeId(5967), index_map: IndexPattern { iter_rank: | ew:Multiply:Computed { indices: NodeId(5996), index_map: IndexPattern { iter_rank: | ew:Multiply:Computed { indices: NodeId(6027), index_map: IndexPattern { iter_rank: | ew:Multiply:Computed { indices: NodeId(6058), index_map: IndexPattern { iter_rank: | ew:Multiply:Computed { indices: NodeId(6089), index_map: IndexPattern { iter_rank: | ew:Multiply:Computed { indices: NodeId(6120), index_map: IndexPattern { iter_rank: | ew:Multiply:Computed { indices: NodeId(6151), index_map: IndexPattern { iter_rank: | ew:Multiply:Computed { indices: NodeId(6182), index_map: IndexPattern { iter_rank:
LEAF	blk.13.post_ffw_norm_2.weight	Float32	[Static(2816)]	gguf=[2816]/F32	bound=owned	ew:Multiply:Affine(IndexPattern { iter_rank: 2, axes: [AxisIndex { terms: [AxisTer
LEAF	blk.13.post_ffw_norm.weight	Float32	[Static(2816)]	gguf=[2816]/F32	bound=owned	ew:Multiply:Affine(IndexPattern { iter_rank: 2, axes: [AxisIndex { terms: [AxisTer
LEAF	blk.13.layer_output_scale.weight	Float32	[]	gguf=[1]/F32	bound=packed	ew:Multiply:Affine(IndexPattern { iter_rank: 2, axes: [] })
LEAF	blk.14.attn_norm.weight	Float32	[Static(2816)]	gguf=[2816]/F32	bound=owned	ew:Multiply:Affine(IndexPattern { iter_rank: 2, axes: [AxisIndex { terms: [AxisTer
LEAF	blk.14.ffn_norm.weight	Float32	[Static(2816)]	gguf=[2816]/F32	bound=owned	ew:Multiply:Affine(IndexPattern { iter_rank: 2, axes: [AxisIndex { terms: [AxisTer
LEAF	blk.14.post_attention_norm.weight	Float32	[Static(2816)]	gguf=[2816]/F32	bound=owned	ew:Multiply:Affine(IndexPattern { iter_rank: 2, axes: [AxisIndex { terms: [AxisTer
LEAF	blk.14.attn_q.weight	Float32	[Static(2816), Static(16), Static(256)]	gguf=[2816, 4096]/Q3_K	bound=packed	ew:Multiply:Affine(IndexPattern { iter_rank: 4, axes: [AxisIndex { terms: [AxisTer
LEAF	blk.14.attn_k.weight	Float32	[Static(2816), Static(8), Static(256)]	gguf=[2816, 2048]/Q3_K	bound=packed	ew:Multiply:Affine(IndexPattern { iter_rank: 4, axes: [AxisIndex { terms: [AxisTer
LEAF	blk.14.attn_k_norm.weight	Float32	[Static(256)]	gguf=[256]/F32	bound=owned	ew:Multiply:Affine(IndexPattern { iter_rank: 3, axes: [AxisIndex { terms: [AxisTer
LEAF	blk.14.attn_v.weight	Float32	[Static(2816), Static(8), Static(256)]	gguf=[2816, 2048]/Q4_K	bound=packed	ew:Multiply:Affine(IndexPattern { iter_rank: 4, axes: [AxisIndex { terms: [AxisTer
LEAF	kv_cache.14.k_even	Float32	[Symbolic(2), Static(8), Static(128)]	gguf=-	bound=-	ew:Multiply:Affine(IndexPattern { iter_rank: 5, axes: [AxisIndex { terms: [AxisTer
LEAF	kv_cache.14.k_odd	Float32	[Symbolic(2), Static(8), Static(128)]	gguf=-	bound=-	ew:Multiply:Affine(IndexPattern { iter_rank: 5, axes: [AxisIndex { terms: [AxisTer
LEAF	kv_cache.14.v	Float32	[Symbolic(2), Static(8), Static(256)]	gguf=-	bound=-	ew:Multiply:Affine(IndexPattern { iter_rank: 5, axes: [AxisIndex { terms: [AxisTer
LEAF	blk.14.attn_output.weight	Float32	[Static(8), Static(2), Static(256), Static(2816)]	gguf=[4096, 2816]/Q4_K	bound=packed	ew:Multiply:Affine(IndexPattern { iter_rank: 5, axes: [AxisIndex { terms: [AxisTer
LEAF	blk.14.attn_q_norm.weight	Float32	[Static(256)]	gguf=[256]/F32	bound=owned	ew:Multiply:Affine(IndexPattern { iter_rank: 3, axes: [AxisIndex { terms: [AxisTer
LEAF	blk.14.ffn_gate.weight	Float32	[Static(2816), Static(2112)]	gguf=[2816, 2112]/Q3_K	bound=packed	ew:Multiply:Affine(IndexPattern { iter_rank: 3, axes: [AxisIndex { terms: [AxisTer
LEAF	blk.14.ffn_up.weight	Float32	[Static(2816), Static(2112)]	gguf=[2816, 2112]/Q3_K	bound=packed	ew:Multiply:Affine(IndexPattern { iter_rank: 3, axes: [AxisIndex { terms: [AxisTer
LEAF	blk.14.ffn_down.weight	Float32	[Static(2112), Static(2816)]	gguf=[2112, 2816]/Q5_0	bound=packed	ew:Multiply:Affine(IndexPattern { iter_rank: 3, axes: [AxisIndex { terms: [AxisTer
LEAF	blk.14.post_ffw_norm_1.weight	Float32	[Static(2816)]	gguf=[2816]/F32	bound=owned	ew:Multiply:Affine(IndexPattern { iter_rank: 2, axes: [AxisIndex { terms: [AxisTer
LEAF	blk.14.pre_ffw_norm_2.weight	Float32	[Static(2816)]	gguf=[2816]/F32	bound=owned	ew:Multiply:Affine(IndexPattern { iter_rank: 2, axes: [AxisIndex { terms: [AxisTer
LEAF	blk.14.ffn_gate_inp.weight	Float32	[Static(2816), Static(128)]	gguf=[2816, 128]/F32	bound=owned	ew:Multiply:Affine(IndexPattern { iter_rank: 3, axes: [AxisIndex { terms: [AxisTer
LEAF	blk.14.ffn_gate_inp.scale	Float32	[Static(2816)]	gguf=[2816]/F32	bound=packed	ew:Multiply:Affine(IndexPattern { iter_rank: 1, axes: [AxisIndex { terms: [AxisTer
LEAF	blk.14.ffn_down_exps.scale	Float32	[Static(128)]	gguf=[128]/F32	bound=packed	ew:Identity:Computed { indices: NodeId(6409), index_map: IndexPattern { iter_rank: | ew:Identity:Computed { indices: NodeId(6438), index_map: IndexPattern { iter_rank: | ew:Identity:Computed { indices: NodeId(6469), index_map: IndexPattern { iter_rank: | ew:Identity:Computed { indices: NodeId(6500), index_map: IndexPattern { iter_rank: | ew:Identity:Computed { indices: NodeId(6531), index_map: IndexPattern { iter_rank: | ew:Identity:Computed { indices: NodeId(6562), index_map: IndexPattern { iter_rank: | ew:Identity:Computed { indices: NodeId(6593), index_map: IndexPattern { iter_rank: | ew:Identity:Computed { indices: NodeId(6624), index_map: IndexPattern { iter_rank:
LEAF	blk.14.ffn_gate_exps.weight	Float32	[Static(128), Static(2816), Static(704)]	gguf=-	bound=packed_owned	ew:Multiply:Computed { indices: NodeId(6409), index_map: IndexPattern { iter_rank: | ew:Multiply:Computed { indices: NodeId(6438), index_map: IndexPattern { iter_rank: | ew:Multiply:Computed { indices: NodeId(6469), index_map: IndexPattern { iter_rank: | ew:Multiply:Computed { indices: NodeId(6500), index_map: IndexPattern { iter_rank: | ew:Multiply:Computed { indices: NodeId(6531), index_map: IndexPattern { iter_rank: | ew:Multiply:Computed { indices: NodeId(6562), index_map: IndexPattern { iter_rank: | ew:Multiply:Computed { indices: NodeId(6593), index_map: IndexPattern { iter_rank: | ew:Multiply:Computed { indices: NodeId(6624), index_map: IndexPattern { iter_rank:
LEAF	blk.14.ffn_up_exps.weight	Float32	[Static(128), Static(2816), Static(704)]	gguf=-	bound=packed_owned	ew:Multiply:Computed { indices: NodeId(6409), index_map: IndexPattern { iter_rank: | ew:Multiply:Computed { indices: NodeId(6438), index_map: IndexPattern { iter_rank: | ew:Multiply:Computed { indices: NodeId(6469), index_map: IndexPattern { iter_rank: | ew:Multiply:Computed { indices: NodeId(6500), index_map: IndexPattern { iter_rank: | ew:Multiply:Computed { indices: NodeId(6531), index_map: IndexPattern { iter_rank: | ew:Multiply:Computed { indices: NodeId(6562), index_map: IndexPattern { iter_rank: | ew:Multiply:Computed { indices: NodeId(6593), index_map: IndexPattern { iter_rank: | ew:Multiply:Computed { indices: NodeId(6624), index_map: IndexPattern { iter_rank:
LEAF	blk.14.ffn_down_exps.weight	Float32	[Static(128), Static(704), Static(2816)]	gguf=[704, 2816, 128]/Q5_0	bound=packed	ew:Multiply:Computed { indices: NodeId(6409), index_map: IndexPattern { iter_rank: | ew:Multiply:Computed { indices: NodeId(6438), index_map: IndexPattern { iter_rank: | ew:Multiply:Computed { indices: NodeId(6469), index_map: IndexPattern { iter_rank: | ew:Multiply:Computed { indices: NodeId(6500), index_map: IndexPattern { iter_rank: | ew:Multiply:Computed { indices: NodeId(6531), index_map: IndexPattern { iter_rank: | ew:Multiply:Computed { indices: NodeId(6562), index_map: IndexPattern { iter_rank: | ew:Multiply:Computed { indices: NodeId(6593), index_map: IndexPattern { iter_rank: | ew:Multiply:Computed { indices: NodeId(6624), index_map: IndexPattern { iter_rank:
LEAF	blk.14.post_ffw_norm_2.weight	Float32	[Static(2816)]	gguf=[2816]/F32	bound=owned	ew:Multiply:Affine(IndexPattern { iter_rank: 2, axes: [AxisIndex { terms: [AxisTer
LEAF	blk.14.post_ffw_norm.weight	Float32	[Static(2816)]	gguf=[2816]/F32	bound=owned	ew:Multiply:Affine(IndexPattern { iter_rank: 2, axes: [AxisIndex { terms: [AxisTer
LEAF	blk.14.layer_output_scale.weight	Float32	[]	gguf=[1]/F32	bound=packed	ew:Multiply:Affine(IndexPattern { iter_rank: 2, axes: [] })
LEAF	blk.15.attn_norm.weight	Float32	[Static(2816)]	gguf=[2816]/F32	bound=owned	ew:Multiply:Affine(IndexPattern { iter_rank: 2, axes: [AxisIndex { terms: [AxisTer
LEAF	blk.15.ffn_norm.weight	Float32	[Static(2816)]	gguf=[2816]/F32	bound=owned	ew:Multiply:Affine(IndexPattern { iter_rank: 2, axes: [AxisIndex { terms: [AxisTer
LEAF	blk.15.post_attention_norm.weight	Float32	[Static(2816)]	gguf=[2816]/F32	bound=owned	ew:Multiply:Affine(IndexPattern { iter_rank: 2, axes: [AxisIndex { terms: [AxisTer
LEAF	blk.15.attn_q.weight	Float32	[Static(2816), Static(16), Static(256)]	gguf=[2816, 4096]/Q3_K	bound=packed	ew:Multiply:Affine(IndexPattern { iter_rank: 4, axes: [AxisIndex { terms: [AxisTer
LEAF	blk.15.attn_k.weight	Float32	[Static(2816), Static(8), Static(256)]	gguf=[2816, 2048]/Q3_K	bound=packed	ew:Multiply:Affine(IndexPattern { iter_rank: 4, axes: [AxisIndex { terms: [AxisTer
LEAF	blk.15.attn_k_norm.weight	Float32	[Static(256)]	gguf=[256]/F32	bound=owned	ew:Multiply:Affine(IndexPattern { iter_rank: 3, axes: [AxisIndex { terms: [AxisTer
LEAF	blk.15.attn_v.weight	Float32	[Static(2816), Static(8), Static(256)]	gguf=[2816, 2048]/Q4_K	bound=packed	ew:Multiply:Affine(IndexPattern { iter_rank: 4, axes: [AxisIndex { terms: [AxisTer
LEAF	kv_cache.15.k_even	Float32	[Symbolic(2), Static(8), Static(128)]	gguf=-	bound=-	ew:Multiply:Affine(IndexPattern { iter_rank: 5, axes: [AxisIndex { terms: [AxisTer
LEAF	kv_cache.15.k_odd	Float32	[Symbolic(2), Static(8), Static(128)]	gguf=-	bound=-	ew:Multiply:Affine(IndexPattern { iter_rank: 5, axes: [AxisIndex { terms: [AxisTer
LEAF	kv_cache.15.v	Float32	[Symbolic(2), Static(8), Static(256)]	gguf=-	bound=-	ew:Multiply:Affine(IndexPattern { iter_rank: 5, axes: [AxisIndex { terms: [AxisTer
LEAF	blk.15.attn_output.weight	Float32	[Static(8), Static(2), Static(256), Static(2816)]	gguf=[4096, 2816]/Q4_K	bound=packed	ew:Multiply:Affine(IndexPattern { iter_rank: 5, axes: [AxisIndex { terms: [AxisTer
LEAF	blk.15.attn_q_norm.weight	Float32	[Static(256)]	gguf=[256]/F32	bound=owned	ew:Multiply:Affine(IndexPattern { iter_rank: 3, axes: [AxisIndex { terms: [AxisTer
LEAF	blk.15.ffn_gate.weight	Float32	[Static(2816), Static(2112)]	gguf=[2816, 2112]/Q3_K	bound=packed	ew:Multiply:Affine(IndexPattern { iter_rank: 3, axes: [AxisIndex { terms: [AxisTer
LEAF	blk.15.ffn_up.weight	Float32	[Static(2816), Static(2112)]	gguf=[2816, 2112]/Q3_K	bound=packed	ew:Multiply:Affine(IndexPattern { iter_rank: 3, axes: [AxisIndex { terms: [AxisTer
LEAF	blk.15.ffn_down.weight	Float32	[Static(2112), Static(2816)]	gguf=[2112, 2816]/Q5_0	bound=packed	ew:Multiply:Affine(IndexPattern { iter_rank: 3, axes: [AxisIndex { terms: [AxisTer
LEAF	blk.15.post_ffw_norm_1.weight	Float32	[Static(2816)]	gguf=[2816]/F32	bound=owned	ew:Multiply:Affine(IndexPattern { iter_rank: 2, axes: [AxisIndex { terms: [AxisTer
LEAF	blk.15.pre_ffw_norm_2.weight	Float32	[Static(2816)]	gguf=[2816]/F32	bound=owned	ew:Multiply:Affine(IndexPattern { iter_rank: 2, axes: [AxisIndex { terms: [AxisTer
LEAF	blk.15.ffn_gate_inp.weight	Float32	[Static(2816), Static(128)]	gguf=[2816, 128]/F32	bound=owned	ew:Multiply:Affine(IndexPattern { iter_rank: 3, axes: [AxisIndex { terms: [AxisTer
LEAF	blk.15.ffn_gate_inp.scale	Float32	[Static(2816)]	gguf=[2816]/F32	bound=packed	ew:Multiply:Affine(IndexPattern { iter_rank: 1, axes: [AxisIndex { terms: [AxisTer
LEAF	blk.15.ffn_down_exps.scale	Float32	[Static(128)]	gguf=[128]/F32	bound=packed	ew:Identity:Computed { indices: NodeId(6851), index_map: IndexPattern { iter_rank: | ew:Identity:Computed { indices: NodeId(6880), index_map: IndexPattern { iter_rank: | ew:Identity:Computed { indices: NodeId(6911), index_map: IndexPattern { iter_rank: | ew:Identity:Computed { indices: NodeId(6942), index_map: IndexPattern { iter_rank: | ew:Identity:Computed { indices: NodeId(6973), index_map: IndexPattern { iter_rank: | ew:Identity:Computed { indices: NodeId(7004), index_map: IndexPattern { iter_rank: | ew:Identity:Computed { indices: NodeId(7035), index_map: IndexPattern { iter_rank: | ew:Identity:Computed { indices: NodeId(7066), index_map: IndexPattern { iter_rank:
LEAF	blk.15.ffn_gate_exps.weight	Float32	[Static(128), Static(2816), Static(704)]	gguf=-	bound=packed_owned	ew:Multiply:Computed { indices: NodeId(6851), index_map: IndexPattern { iter_rank: | ew:Multiply:Computed { indices: NodeId(6880), index_map: IndexPattern { iter_rank: | ew:Multiply:Computed { indices: NodeId(6911), index_map: IndexPattern { iter_rank: | ew:Multiply:Computed { indices: NodeId(6942), index_map: IndexPattern { iter_rank: | ew:Multiply:Computed { indices: NodeId(6973), index_map: IndexPattern { iter_rank: | ew:Multiply:Computed { indices: NodeId(7004), index_map: IndexPattern { iter_rank: | ew:Multiply:Computed { indices: NodeId(7035), index_map: IndexPattern { iter_rank: | ew:Multiply:Computed { indices: NodeId(7066), index_map: IndexPattern { iter_rank:
LEAF	blk.15.ffn_up_exps.weight	Float32	[Static(128), Static(2816), Static(704)]	gguf=-	bound=packed_owned	ew:Multiply:Computed { indices: NodeId(6851), index_map: IndexPattern { iter_rank: | ew:Multiply:Computed { indices: NodeId(6880), index_map: IndexPattern { iter_rank: | ew:Multiply:Computed { indices: NodeId(6911), index_map: IndexPattern { iter_rank: | ew:Multiply:Computed { indices: NodeId(6942), index_map: IndexPattern { iter_rank: | ew:Multiply:Computed { indices: NodeId(6973), index_map: IndexPattern { iter_rank: | ew:Multiply:Computed { indices: NodeId(7004), index_map: IndexPattern { iter_rank: | ew:Multiply:Computed { indices: NodeId(7035), index_map: IndexPattern { iter_rank: | ew:Multiply:Computed { indices: NodeId(7066), index_map: IndexPattern { iter_rank:
LEAF	blk.15.ffn_down_exps.weight	Float32	[Static(128), Static(704), Static(2816)]	gguf=[704, 2816, 128]/Q5_0	bound=packed	ew:Multiply:Computed { indices: NodeId(6851), index_map: IndexPattern { iter_rank: | ew:Multiply:Computed { indices: NodeId(6880), index_map: IndexPattern { iter_rank: | ew:Multiply:Computed { indices: NodeId(6911), index_map: IndexPattern { iter_rank: | ew:Multiply:Computed { indices: NodeId(6942), index_map: IndexPattern { iter_rank: | ew:Multiply:Computed { indices: NodeId(6973), index_map: IndexPattern { iter_rank: | ew:Multiply:Computed { indices: NodeId(7004), index_map: IndexPattern { iter_rank: | ew:Multiply:Computed { indices: NodeId(7035), index_map: IndexPattern { iter_rank: | ew:Multiply:Computed { indices: NodeId(7066), index_map: IndexPattern { iter_rank:
LEAF	blk.15.post_ffw_norm_2.weight	Float32	[Static(2816)]	gguf=[2816]/F32	bound=owned	ew:Multiply:Affine(IndexPattern { iter_rank: 2, axes: [AxisIndex { terms: [AxisTer
LEAF	blk.15.post_ffw_norm.weight	Float32	[Static(2816)]	gguf=[2816]/F32	bound=owned	ew:Multiply:Affine(IndexPattern { iter_rank: 2, axes: [AxisIndex { terms: [AxisTer
LEAF	blk.15.layer_output_scale.weight	Float32	[]	gguf=[1]/F32	bound=packed	ew:Multiply:Affine(IndexPattern { iter_rank: 2, axes: [] })
LEAF	blk.16.attn_norm.weight	Float32	[Static(2816)]	gguf=[2816]/F32	bound=owned	ew:Multiply:Affine(IndexPattern { iter_rank: 2, axes: [AxisIndex { terms: [AxisTer
LEAF	blk.16.ffn_norm.weight	Float32	[Static(2816)]	gguf=[2816]/F32	bound=owned	ew:Multiply:Affine(IndexPattern { iter_rank: 2, axes: [AxisIndex { terms: [AxisTer
LEAF	blk.16.post_attention_norm.weight	Float32	[Static(2816)]	gguf=[2816]/F32	bound=owned	ew:Multiply:Affine(IndexPattern { iter_rank: 2, axes: [AxisIndex { terms: [AxisTer
LEAF	blk.16.attn_q.weight	Float32	[Static(2816), Static(16), Static(256)]	gguf=[2816, 4096]/Q3_K	bound=packed	ew:Multiply:Affine(IndexPattern { iter_rank: 4, axes: [AxisIndex { terms: [AxisTer
LEAF	blk.16.attn_k.weight	Float32	[Static(2816), Static(8), Static(256)]	gguf=[2816, 2048]/Q3_K	bound=packed	ew:Multiply:Affine(IndexPattern { iter_rank: 4, axes: [AxisIndex { terms: [AxisTer
LEAF	blk.16.attn_k_norm.weight	Float32	[Static(256)]	gguf=[256]/F32	bound=owned	ew:Multiply:Affine(IndexPattern { iter_rank: 3, axes: [AxisIndex { terms: [AxisTer
LEAF	blk.16.attn_v.weight	Float32	[Static(2816), Static(8), Static(256)]	gguf=[2816, 2048]/Q4_K	bound=packed	ew:Multiply:Affine(IndexPattern { iter_rank: 4, axes: [AxisIndex { terms: [AxisTer
LEAF	kv_cache.16.k_even	Float32	[Symbolic(2), Static(8), Static(128)]	gguf=-	bound=-	ew:Multiply:Affine(IndexPattern { iter_rank: 5, axes: [AxisIndex { terms: [AxisTer
LEAF	kv_cache.16.k_odd	Float32	[Symbolic(2), Static(8), Static(128)]	gguf=-	bound=-	ew:Multiply:Affine(IndexPattern { iter_rank: 5, axes: [AxisIndex { terms: [AxisTer
LEAF	kv_cache.16.v	Float32	[Symbolic(2), Static(8), Static(256)]	gguf=-	bound=-	ew:Multiply:Affine(IndexPattern { iter_rank: 5, axes: [AxisIndex { terms: [AxisTer
LEAF	blk.16.attn_output.weight	Float32	[Static(8), Static(2), Static(256), Static(2816)]	gguf=[4096, 2816]/Q4_K	bound=packed	ew:Multiply:Affine(IndexPattern { iter_rank: 5, axes: [AxisIndex { terms: [AxisTer
LEAF	blk.16.attn_q_norm.weight	Float32	[Static(256)]	gguf=[256]/F32	bound=owned	ew:Multiply:Affine(IndexPattern { iter_rank: 3, axes: [AxisIndex { terms: [AxisTer
LEAF	blk.16.ffn_gate.weight	Float32	[Static(2816), Static(2112)]	gguf=[2816, 2112]/Q3_K	bound=packed	ew:Multiply:Affine(IndexPattern { iter_rank: 3, axes: [AxisIndex { terms: [AxisTer
LEAF	blk.16.ffn_up.weight	Float32	[Static(2816), Static(2112)]	gguf=[2816, 2112]/Q3_K	bound=packed	ew:Multiply:Affine(IndexPattern { iter_rank: 3, axes: [AxisIndex { terms: [AxisTer
LEAF	blk.16.ffn_down.weight	Float32	[Static(2112), Static(2816)]	gguf=[2112, 2816]/Q5_0	bound=packed	ew:Multiply:Affine(IndexPattern { iter_rank: 3, axes: [AxisIndex { terms: [AxisTer
LEAF	blk.16.post_ffw_norm_1.weight	Float32	[Static(2816)]	gguf=[2816]/F32	bound=owned	ew:Multiply:Affine(IndexPattern { iter_rank: 2, axes: [AxisIndex { terms: [AxisTer
LEAF	blk.16.pre_ffw_norm_2.weight	Float32	[Static(2816)]	gguf=[2816]/F32	bound=owned	ew:Multiply:Affine(IndexPattern { iter_rank: 2, axes: [AxisIndex { terms: [AxisTer
LEAF	blk.16.ffn_gate_inp.weight	Float32	[Static(2816), Static(128)]	gguf=[2816, 128]/F32	bound=owned	ew:Multiply:Affine(IndexPattern { iter_rank: 3, axes: [AxisIndex { terms: [AxisTer
LEAF	blk.16.ffn_gate_inp.scale	Float32	[Static(2816)]	gguf=[2816]/F32	bound=packed	ew:Multiply:Affine(IndexPattern { iter_rank: 1, axes: [AxisIndex { terms: [AxisTer
LEAF	blk.16.ffn_down_exps.scale	Float32	[Static(128)]	gguf=[128]/F32	bound=packed	ew:Identity:Computed { indices: NodeId(7293), index_map: IndexPattern { iter_rank: | ew:Identity:Computed { indices: NodeId(7322), index_map: IndexPattern { iter_rank: | ew:Identity:Computed { indices: NodeId(7353), index_map: IndexPattern { iter_rank: | ew:Identity:Computed { indices: NodeId(7384), index_map: IndexPattern { iter_rank: | ew:Identity:Computed { indices: NodeId(7415), index_map: IndexPattern { iter_rank: | ew:Identity:Computed { indices: NodeId(7446), index_map: IndexPattern { iter_rank: | ew:Identity:Computed { indices: NodeId(7477), index_map: IndexPattern { iter_rank: | ew:Identity:Computed { indices: NodeId(7508), index_map: IndexPattern { iter_rank:
LEAF	blk.16.ffn_gate_exps.weight	Float32	[Static(128), Static(2816), Static(704)]	gguf=-	bound=packed_owned	ew:Multiply:Computed { indices: NodeId(7293), index_map: IndexPattern { iter_rank: | ew:Multiply:Computed { indices: NodeId(7322), index_map: IndexPattern { iter_rank: | ew:Multiply:Computed { indices: NodeId(7353), index_map: IndexPattern { iter_rank: | ew:Multiply:Computed { indices: NodeId(7384), index_map: IndexPattern { iter_rank: | ew:Multiply:Computed { indices: NodeId(7415), index_map: IndexPattern { iter_rank: | ew:Multiply:Computed { indices: NodeId(7446), index_map: IndexPattern { iter_rank: | ew:Multiply:Computed { indices: NodeId(7477), index_map: IndexPattern { iter_rank: | ew:Multiply:Computed { indices: NodeId(7508), index_map: IndexPattern { iter_rank:
LEAF	blk.16.ffn_up_exps.weight	Float32	[Static(128), Static(2816), Static(704)]	gguf=-	bound=packed_owned	ew:Multiply:Computed { indices: NodeId(7293), index_map: IndexPattern { iter_rank: | ew:Multiply:Computed { indices: NodeId(7322), index_map: IndexPattern { iter_rank: | ew:Multiply:Computed { indices: NodeId(7353), index_map: IndexPattern { iter_rank: | ew:Multiply:Computed { indices: NodeId(7384), index_map: IndexPattern { iter_rank: | ew:Multiply:Computed { indices: NodeId(7415), index_map: IndexPattern { iter_rank: | ew:Multiply:Computed { indices: NodeId(7446), index_map: IndexPattern { iter_rank: | ew:Multiply:Computed { indices: NodeId(7477), index_map: IndexPattern { iter_rank: | ew:Multiply:Computed { indices: NodeId(7508), index_map: IndexPattern { iter_rank:
LEAF	blk.16.ffn_down_exps.weight	Float32	[Static(128), Static(704), Static(2816)]	gguf=[704, 2816, 128]/Q5_0	bound=packed	ew:Multiply:Computed { indices: NodeId(7293), index_map: IndexPattern { iter_rank: | ew:Multiply:Computed { indices: NodeId(7322), index_map: IndexPattern { iter_rank: | ew:Multiply:Computed { indices: NodeId(7353), index_map: IndexPattern { iter_rank: | ew:Multiply:Computed { indices: NodeId(7384), index_map: IndexPattern { iter_rank: | ew:Multiply:Computed { indices: NodeId(7415), index_map: IndexPattern { iter_rank: | ew:Multiply:Computed { indices: NodeId(7446), index_map: IndexPattern { iter_rank: | ew:Multiply:Computed { indices: NodeId(7477), index_map: IndexPattern { iter_rank: | ew:Multiply:Computed { indices: NodeId(7508), index_map: IndexPattern { iter_rank:
LEAF	blk.16.post_ffw_norm_2.weight	Float32	[Static(2816)]	gguf=[2816]/F32	bound=owned	ew:Multiply:Affine(IndexPattern { iter_rank: 2, axes: [AxisIndex { terms: [AxisTer
LEAF	blk.16.post_ffw_norm.weight	Float32	[Static(2816)]	gguf=[2816]/F32	bound=owned	ew:Multiply:Affine(IndexPattern { iter_rank: 2, axes: [AxisIndex { terms: [AxisTer
LEAF	blk.16.layer_output_scale.weight	Float32	[]	gguf=[1]/F32	bound=packed	ew:Multiply:Affine(IndexPattern { iter_rank: 2, axes: [] })
LEAF	blk.17.attn_norm.weight	Float32	[Static(2816)]	gguf=[2816]/F32	bound=owned	ew:Multiply:Affine(IndexPattern { iter_rank: 2, axes: [AxisIndex { terms: [AxisTer
LEAF	blk.17.ffn_norm.weight	Float32	[Static(2816)]	gguf=[2816]/F32	bound=owned	ew:Multiply:Affine(IndexPattern { iter_rank: 2, axes: [AxisIndex { terms: [AxisTer
LEAF	blk.17.post_attention_norm.weight	Float32	[Static(2816)]	gguf=[2816]/F32	bound=owned	ew:Multiply:Affine(IndexPattern { iter_rank: 2, axes: [AxisIndex { terms: [AxisTer
LEAF	blk.17.attn_q.weight	Float32	[Static(2816), Static(16), Static(512)]	gguf=[2816, 8192]/Q3_K	bound=packed	ew:Multiply:Affine(IndexPattern { iter_rank: 4, axes: [AxisIndex { terms: [AxisTer
LEAF	blk.17.attn_k.weight	Float32	[Static(2816), Static(2), Static(512)]	gguf=[2816, 1024]/Q3_K	bound=packed	ew:Multiply:Affine(IndexPattern { iter_rank: 4, axes: [AxisIndex { terms: [AxisTer
LEAF	blk.17.attn_k_norm.weight	Float32	[Static(512)]	gguf=[512]/F32	bound=owned	ew:Multiply:Affine(IndexPattern { iter_rank: 3, axes: [AxisIndex { terms: [AxisTer
LEAF	kv_cache.17.k_even	Float32	[Symbolic(1), Static(2), Static(256)]	gguf=-	bound=-	ew:Multiply:Affine(IndexPattern { iter_rank: 5, axes: [AxisIndex { terms: [AxisTer
LEAF	kv_cache.17.k_odd	Float32	[Symbolic(1), Static(2), Static(256)]	gguf=-	bound=-	ew:Multiply:Affine(IndexPattern { iter_rank: 5, axes: [AxisIndex { terms: [AxisTer
LEAF	kv_cache.17.v	Float32	[Symbolic(1), Static(2), Static(512)]	gguf=-	bound=-	ew:Multiply:Affine(IndexPattern { iter_rank: 5, axes: [AxisIndex { terms: [AxisTer
LEAF	blk.17.attn_output.weight	Float32	[Static(2), Static(8), Static(512), Static(2816)]	gguf=[8192, 2816]/Q4_K	bound=packed	ew:Multiply:Affine(IndexPattern { iter_rank: 5, axes: [AxisIndex { terms: [AxisTer
LEAF	blk.17.attn_q_norm.weight	Float32	[Static(512)]	gguf=[512]/F32	bound=owned	ew:Multiply:Affine(IndexPattern { iter_rank: 3, axes: [AxisIndex { terms: [AxisTer
LEAF	blk.17.ffn_gate.weight	Float32	[Static(2816), Static(2112)]	gguf=[2816, 2112]/Q3_K	bound=packed	ew:Multiply:Affine(IndexPattern { iter_rank: 3, axes: [AxisIndex { terms: [AxisTer
LEAF	blk.17.ffn_up.weight	Float32	[Static(2816), Static(2112)]	gguf=[2816, 2112]/Q3_K	bound=packed	ew:Multiply:Affine(IndexPattern { iter_rank: 3, axes: [AxisIndex { terms: [AxisTer
LEAF	blk.17.ffn_down.weight	Float32	[Static(2112), Static(2816)]	gguf=[2112, 2816]/Q5_0	bound=packed	ew:Multiply:Affine(IndexPattern { iter_rank: 3, axes: [AxisIndex { terms: [AxisTer
LEAF	blk.17.post_ffw_norm_1.weight	Float32	[Static(2816)]	gguf=[2816]/F32	bound=owned	ew:Multiply:Affine(IndexPattern { iter_rank: 2, axes: [AxisIndex { terms: [AxisTer
LEAF	blk.17.pre_ffw_norm_2.weight	Float32	[Static(2816)]	gguf=[2816]/F32	bound=owned	ew:Multiply:Affine(IndexPattern { iter_rank: 2, axes: [AxisIndex { terms: [AxisTer
LEAF	blk.17.ffn_gate_inp.weight	Float32	[Static(2816), Static(128)]	gguf=[2816, 128]/F32	bound=owned	ew:Multiply:Affine(IndexPattern { iter_rank: 3, axes: [AxisIndex { terms: [AxisTer
LEAF	blk.17.ffn_gate_inp.scale	Float32	[Static(2816)]	gguf=[2816]/F32	bound=packed	ew:Multiply:Affine(IndexPattern { iter_rank: 1, axes: [AxisIndex { terms: [AxisTer
LEAF	blk.17.ffn_down_exps.scale	Float32	[Static(128)]	gguf=[128]/F32	bound=packed	ew:Identity:Computed { indices: NodeId(7732), index_map: IndexPattern { iter_rank: | ew:Identity:Computed { indices: NodeId(7761), index_map: IndexPattern { iter_rank: | ew:Identity:Computed { indices: NodeId(7792), index_map: IndexPattern { iter_rank: | ew:Identity:Computed { indices: NodeId(7823), index_map: IndexPattern { iter_rank: | ew:Identity:Computed { indices: NodeId(7854), index_map: IndexPattern { iter_rank: | ew:Identity:Computed { indices: NodeId(7885), index_map: IndexPattern { iter_rank: | ew:Identity:Computed { indices: NodeId(7916), index_map: IndexPattern { iter_rank: | ew:Identity:Computed { indices: NodeId(7947), index_map: IndexPattern { iter_rank:
LEAF	blk.17.ffn_gate_exps.weight	Float32	[Static(128), Static(2816), Static(704)]	gguf=-	bound=packed_owned	ew:Multiply:Computed { indices: NodeId(7732), index_map: IndexPattern { iter_rank: | ew:Multiply:Computed { indices: NodeId(7761), index_map: IndexPattern { iter_rank: | ew:Multiply:Computed { indices: NodeId(7792), index_map: IndexPattern { iter_rank: | ew:Multiply:Computed { indices: NodeId(7823), index_map: IndexPattern { iter_rank: | ew:Multiply:Computed { indices: NodeId(7854), index_map: IndexPattern { iter_rank: | ew:Multiply:Computed { indices: NodeId(7885), index_map: IndexPattern { iter_rank: | ew:Multiply:Computed { indices: NodeId(7916), index_map: IndexPattern { iter_rank: | ew:Multiply:Computed { indices: NodeId(7947), index_map: IndexPattern { iter_rank:
LEAF	blk.17.ffn_up_exps.weight	Float32	[Static(128), Static(2816), Static(704)]	gguf=-	bound=packed_owned	ew:Multiply:Computed { indices: NodeId(7732), index_map: IndexPattern { iter_rank: | ew:Multiply:Computed { indices: NodeId(7761), index_map: IndexPattern { iter_rank: | ew:Multiply:Computed { indices: NodeId(7792), index_map: IndexPattern { iter_rank: | ew:Multiply:Computed { indices: NodeId(7823), index_map: IndexPattern { iter_rank: | ew:Multiply:Computed { indices: NodeId(7854), index_map: IndexPattern { iter_rank: | ew:Multiply:Computed { indices: NodeId(7885), index_map: IndexPattern { iter_rank: | ew:Multiply:Computed { indices: NodeId(7916), index_map: IndexPattern { iter_rank: | ew:Multiply:Computed { indices: NodeId(7947), index_map: IndexPattern { iter_rank:
LEAF	blk.17.ffn_down_exps.weight	Float32	[Static(128), Static(704), Static(2816)]	gguf=[704, 2816, 128]/Q5_0	bound=packed	ew:Multiply:Computed { indices: NodeId(7732), index_map: IndexPattern { iter_rank: | ew:Multiply:Computed { indices: NodeId(7761), index_map: IndexPattern { iter_rank: | ew:Multiply:Computed { indices: NodeId(7792), index_map: IndexPattern { iter_rank: | ew:Multiply:Computed { indices: NodeId(7823), index_map: IndexPattern { iter_rank: | ew:Multiply:Computed { indices: NodeId(7854), index_map: IndexPattern { iter_rank: | ew:Multiply:Computed { indices: NodeId(7885), index_map: IndexPattern { iter_rank: | ew:Multiply:Computed { indices: NodeId(7916), index_map: IndexPattern { iter_rank: | ew:Multiply:Computed { indices: NodeId(7947), index_map: IndexPattern { iter_rank:
LEAF	blk.17.post_ffw_norm_2.weight	Float32	[Static(2816)]	gguf=[2816]/F32	bound=owned	ew:Multiply:Affine(IndexPattern { iter_rank: 2, axes: [AxisIndex { terms: [AxisTer
LEAF	blk.17.post_ffw_norm.weight	Float32	[Static(2816)]	gguf=[2816]/F32	bound=owned	ew:Multiply:Affine(IndexPattern { iter_rank: 2, axes: [AxisIndex { terms: [AxisTer
LEAF	blk.17.layer_output_scale.weight	Float32	[]	gguf=[1]/F32	bound=packed	ew:Multiply:Affine(IndexPattern { iter_rank: 2, axes: [] })
LEAF	blk.18.attn_norm.weight	Float32	[Static(2816)]	gguf=[2816]/F32	bound=owned	ew:Multiply:Affine(IndexPattern { iter_rank: 2, axes: [AxisIndex { terms: [AxisTer
LEAF	blk.18.ffn_norm.weight	Float32	[Static(2816)]	gguf=[2816]/F32	bound=owned	ew:Multiply:Affine(IndexPattern { iter_rank: 2, axes: [AxisIndex { terms: [AxisTer
LEAF	blk.18.post_attention_norm.weight	Float32	[Static(2816)]	gguf=[2816]/F32	bound=owned	ew:Multiply:Affine(IndexPattern { iter_rank: 2, axes: [AxisIndex { terms: [AxisTer
LEAF	blk.18.attn_q.weight	Float32	[Static(2816), Static(16), Static(256)]	gguf=[2816, 4096]/Q3_K	bound=packed	ew:Multiply:Affine(IndexPattern { iter_rank: 4, axes: [AxisIndex { terms: [AxisTer
LEAF	blk.18.attn_k.weight	Float32	[Static(2816), Static(8), Static(256)]	gguf=[2816, 2048]/Q3_K	bound=packed	ew:Multiply:Affine(IndexPattern { iter_rank: 4, axes: [AxisIndex { terms: [AxisTer
LEAF	blk.18.attn_k_norm.weight	Float32	[Static(256)]	gguf=[256]/F32	bound=owned	ew:Multiply:Affine(IndexPattern { iter_rank: 3, axes: [AxisIndex { terms: [AxisTer
LEAF	blk.18.attn_v.weight	Float32	[Static(2816), Static(8), Static(256)]	gguf=[2816, 2048]/Q4_K	bound=packed	ew:Multiply:Affine(IndexPattern { iter_rank: 4, axes: [AxisIndex { terms: [AxisTer
LEAF	kv_cache.18.k_even	Float32	[Symbolic(2), Static(8), Static(128)]	gguf=-	bound=-	ew:Multiply:Affine(IndexPattern { iter_rank: 5, axes: [AxisIndex { terms: [AxisTer
LEAF	kv_cache.18.k_odd	Float32	[Symbolic(2), Static(8), Static(128)]	gguf=-	bound=-	ew:Multiply:Affine(IndexPattern { iter_rank: 5, axes: [AxisIndex { terms: [AxisTer
LEAF	kv_cache.18.v	Float32	[Symbolic(2), Static(8), Static(256)]	gguf=-	bound=-	ew:Multiply:Affine(IndexPattern { iter_rank: 5, axes: [AxisIndex { terms: [AxisTer
LEAF	blk.18.attn_output.weight	Float32	[Static(8), Static(2), Static(256), Static(2816)]	gguf=[4096, 2816]/Q4_K	bound=packed	ew:Multiply:Affine(IndexPattern { iter_rank: 5, axes: [AxisIndex { terms: [AxisTer
LEAF	blk.18.attn_q_norm.weight	Float32	[Static(256)]	gguf=[256]/F32	bound=owned	ew:Multiply:Affine(IndexPattern { iter_rank: 3, axes: [AxisIndex { terms: [AxisTer
LEAF	blk.18.ffn_gate.weight	Float32	[Static(2816), Static(2112)]	gguf=[2816, 2112]/Q3_K	bound=packed	ew:Multiply:Affine(IndexPattern { iter_rank: 3, axes: [AxisIndex { terms: [AxisTer
LEAF	blk.18.ffn_up.weight	Float32	[Static(2816), Static(2112)]	gguf=[2816, 2112]/Q3_K	bound=packed	ew:Multiply:Affine(IndexPattern { iter_rank: 3, axes: [AxisIndex { terms: [AxisTer
LEAF	blk.18.ffn_down.weight	Float32	[Static(2112), Static(2816)]	gguf=[2112, 2816]/Q5_0	bound=packed	ew:Multiply:Affine(IndexPattern { iter_rank: 3, axes: [AxisIndex { terms: [AxisTer
LEAF	blk.18.post_ffw_norm_1.weight	Float32	[Static(2816)]	gguf=[2816]/F32	bound=owned	ew:Multiply:Affine(IndexPattern { iter_rank: 2, axes: [AxisIndex { terms: [AxisTer
LEAF	blk.18.pre_ffw_norm_2.weight	Float32	[Static(2816)]	gguf=[2816]/F32	bound=owned	ew:Multiply:Affine(IndexPattern { iter_rank: 2, axes: [AxisIndex { terms: [AxisTer
LEAF	blk.18.ffn_gate_inp.weight	Float32	[Static(2816), Static(128)]	gguf=[2816, 128]/F32	bound=owned	ew:Multiply:Affine(IndexPattern { iter_rank: 3, axes: [AxisIndex { terms: [AxisTer
LEAF	blk.18.ffn_gate_inp.scale	Float32	[Static(2816)]	gguf=[2816]/F32	bound=packed	ew:Multiply:Affine(IndexPattern { iter_rank: 1, axes: [AxisIndex { terms: [AxisTer
LEAF	blk.18.ffn_down_exps.scale	Float32	[Static(128)]	gguf=[128]/F32	bound=packed	ew:Identity:Computed { indices: NodeId(8174), index_map: IndexPattern { iter_rank: | ew:Identity:Computed { indices: NodeId(8203), index_map: IndexPattern { iter_rank: | ew:Identity:Computed { indices: NodeId(8234), index_map: IndexPattern { iter_rank: | ew:Identity:Computed { indices: NodeId(8265), index_map: IndexPattern { iter_rank: | ew:Identity:Computed { indices: NodeId(8296), index_map: IndexPattern { iter_rank: | ew:Identity:Computed { indices: NodeId(8327), index_map: IndexPattern { iter_rank: | ew:Identity:Computed { indices: NodeId(8358), index_map: IndexPattern { iter_rank: | ew:Identity:Computed { indices: NodeId(8389), index_map: IndexPattern { iter_rank:
LEAF	blk.18.ffn_gate_exps.weight	Float32	[Static(128), Static(2816), Static(704)]	gguf=-	bound=packed_owned	ew:Multiply:Computed { indices: NodeId(8174), index_map: IndexPattern { iter_rank: | ew:Multiply:Computed { indices: NodeId(8203), index_map: IndexPattern { iter_rank: | ew:Multiply:Computed { indices: NodeId(8234), index_map: IndexPattern { iter_rank: | ew:Multiply:Computed { indices: NodeId(8265), index_map: IndexPattern { iter_rank: | ew:Multiply:Computed { indices: NodeId(8296), index_map: IndexPattern { iter_rank: | ew:Multiply:Computed { indices: NodeId(8327), index_map: IndexPattern { iter_rank: | ew:Multiply:Computed { indices: NodeId(8358), index_map: IndexPattern { iter_rank: | ew:Multiply:Computed { indices: NodeId(8389), index_map: IndexPattern { iter_rank:
LEAF	blk.18.ffn_up_exps.weight	Float32	[Static(128), Static(2816), Static(704)]	gguf=-	bound=packed_owned	ew:Multiply:Computed { indices: NodeId(8174), index_map: IndexPattern { iter_rank: | ew:Multiply:Computed { indices: NodeId(8203), index_map: IndexPattern { iter_rank: | ew:Multiply:Computed { indices: NodeId(8234), index_map: IndexPattern { iter_rank: | ew:Multiply:Computed { indices: NodeId(8265), index_map: IndexPattern { iter_rank: | ew:Multiply:Computed { indices: NodeId(8296), index_map: IndexPattern { iter_rank: | ew:Multiply:Computed { indices: NodeId(8327), index_map: IndexPattern { iter_rank: | ew:Multiply:Computed { indices: NodeId(8358), index_map: IndexPattern { iter_rank: | ew:Multiply:Computed { indices: NodeId(8389), index_map: IndexPattern { iter_rank:
LEAF	blk.18.ffn_down_exps.weight	Float32	[Static(128), Static(704), Static(2816)]	gguf=[704, 2816, 128]/Q5_0	bound=packed	ew:Multiply:Computed { indices: NodeId(8174), index_map: IndexPattern { iter_rank: | ew:Multiply:Computed { indices: NodeId(8203), index_map: IndexPattern { iter_rank: | ew:Multiply:Computed { indices: NodeId(8234), index_map: IndexPattern { iter_rank: | ew:Multiply:Computed { indices: NodeId(8265), index_map: IndexPattern { iter_rank: | ew:Multiply:Computed { indices: NodeId(8296), index_map: IndexPattern { iter_rank: | ew:Multiply:Computed { indices: NodeId(8327), index_map: IndexPattern { iter_rank: | ew:Multiply:Computed { indices: NodeId(8358), index_map: IndexPattern { iter_rank: | ew:Multiply:Computed { indices: NodeId(8389), index_map: IndexPattern { iter_rank:
LEAF	blk.18.post_ffw_norm_2.weight	Float32	[Static(2816)]	gguf=[2816]/F32	bound=owned	ew:Multiply:Affine(IndexPattern { iter_rank: 2, axes: [AxisIndex { terms: [AxisTer
LEAF	blk.18.post_ffw_norm.weight	Float32	[Static(2816)]	gguf=[2816]/F32	bound=owned	ew:Multiply:Affine(IndexPattern { iter_rank: 2, axes: [AxisIndex { terms: [AxisTer
LEAF	blk.18.layer_output_scale.weight	Float32	[]	gguf=[1]/F32	bound=packed	ew:Multiply:Affine(IndexPattern { iter_rank: 2, axes: [] })
LEAF	blk.19.attn_norm.weight	Float32	[Static(2816)]	gguf=[2816]/F32	bound=owned	ew:Multiply:Affine(IndexPattern { iter_rank: 2, axes: [AxisIndex { terms: [AxisTer
LEAF	blk.19.ffn_norm.weight	Float32	[Static(2816)]	gguf=[2816]/F32	bound=owned	ew:Multiply:Affine(IndexPattern { iter_rank: 2, axes: [AxisIndex { terms: [AxisTer
LEAF	blk.19.post_attention_norm.weight	Float32	[Static(2816)]	gguf=[2816]/F32	bound=owned	ew:Multiply:Affine(IndexPattern { iter_rank: 2, axes: [AxisIndex { terms: [AxisTer
LEAF	blk.19.attn_q.weight	Float32	[Static(2816), Static(16), Static(256)]	gguf=[2816, 4096]/Q3_K	bound=packed	ew:Multiply:Affine(IndexPattern { iter_rank: 4, axes: [AxisIndex { terms: [AxisTer
LEAF	blk.19.attn_k.weight	Float32	[Static(2816), Static(8), Static(256)]	gguf=[2816, 2048]/Q3_K	bound=packed	ew:Multiply:Affine(IndexPattern { iter_rank: 4, axes: [AxisIndex { terms: [AxisTer
LEAF	blk.19.attn_k_norm.weight	Float32	[Static(256)]	gguf=[256]/F32	bound=owned	ew:Multiply:Affine(IndexPattern { iter_rank: 3, axes: [AxisIndex { terms: [AxisTer
LEAF	blk.19.attn_v.weight	Float32	[Static(2816), Static(8), Static(256)]	gguf=[2816, 2048]/Q4_K	bound=packed	ew:Multiply:Affine(IndexPattern { iter_rank: 4, axes: [AxisIndex { terms: [AxisTer
LEAF	kv_cache.19.k_even	Float32	[Symbolic(2), Static(8), Static(128)]	gguf=-	bound=-	ew:Multiply:Affine(IndexPattern { iter_rank: 5, axes: [AxisIndex { terms: [AxisTer
LEAF	kv_cache.19.k_odd	Float32	[Symbolic(2), Static(8), Static(128)]	gguf=-	bound=-	ew:Multiply:Affine(IndexPattern { iter_rank: 5, axes: [AxisIndex { terms: [AxisTer
LEAF	kv_cache.19.v	Float32	[Symbolic(2), Static(8), Static(256)]	gguf=-	bound=-	ew:Multiply:Affine(IndexPattern { iter_rank: 5, axes: [AxisIndex { terms: [AxisTer
LEAF	blk.19.attn_output.weight	Float32	[Static(8), Static(2), Static(256), Static(2816)]	gguf=[4096, 2816]/Q4_K	bound=packed	ew:Multiply:Affine(IndexPattern { iter_rank: 5, axes: [AxisIndex { terms: [AxisTer
LEAF	blk.19.attn_q_norm.weight	Float32	[Static(256)]	gguf=[256]/F32	bound=owned	ew:Multiply:Affine(IndexPattern { iter_rank: 3, axes: [AxisIndex { terms: [AxisTer
LEAF	blk.19.ffn_gate.weight	Float32	[Static(2816), Static(2112)]	gguf=[2816, 2112]/Q3_K	bound=packed	ew:Multiply:Affine(IndexPattern { iter_rank: 3, axes: [AxisIndex { terms: [AxisTer
LEAF	blk.19.ffn_up.weight	Float32	[Static(2816), Static(2112)]	gguf=[2816, 2112]/Q3_K	bound=packed	ew:Multiply:Affine(IndexPattern { iter_rank: 3, axes: [AxisIndex { terms: [AxisTer
LEAF	blk.19.ffn_down.weight	Float32	[Static(2112), Static(2816)]	gguf=[2112, 2816]/Q5_0	bound=packed	ew:Multiply:Affine(IndexPattern { iter_rank: 3, axes: [AxisIndex { terms: [AxisTer
LEAF	blk.19.post_ffw_norm_1.weight	Float32	[Static(2816)]	gguf=[2816]/F32	bound=owned	ew:Multiply:Affine(IndexPattern { iter_rank: 2, axes: [AxisIndex { terms: [AxisTer
LEAF	blk.19.pre_ffw_norm_2.weight	Float32	[Static(2816)]	gguf=[2816]/F32	bound=owned	ew:Multiply:Affine(IndexPattern { iter_rank: 2, axes: [AxisIndex { terms: [AxisTer
LEAF	blk.19.ffn_gate_inp.weight	Float32	[Static(2816), Static(128)]	gguf=[2816, 128]/F32	bound=owned	ew:Multiply:Affine(IndexPattern { iter_rank: 3, axes: [AxisIndex { terms: [AxisTer
LEAF	blk.19.ffn_gate_inp.scale	Float32	[Static(2816)]	gguf=[2816]/F32	bound=packed	ew:Multiply:Affine(IndexPattern { iter_rank: 1, axes: [AxisIndex { terms: [AxisTer
LEAF	blk.19.ffn_down_exps.scale	Float32	[Static(128)]	gguf=[128]/F32	bound=packed	ew:Identity:Computed { indices: NodeId(8616), index_map: IndexPattern { iter_rank: | ew:Identity:Computed { indices: NodeId(8645), index_map: IndexPattern { iter_rank: | ew:Identity:Computed { indices: NodeId(8676), index_map: IndexPattern { iter_rank: | ew:Identity:Computed { indices: NodeId(8707), index_map: IndexPattern { iter_rank: | ew:Identity:Computed { indices: NodeId(8738), index_map: IndexPattern { iter_rank: | ew:Identity:Computed { indices: NodeId(8769), index_map: IndexPattern { iter_rank: | ew:Identity:Computed { indices: NodeId(8800), index_map: IndexPattern { iter_rank: | ew:Identity:Computed { indices: NodeId(8831), index_map: IndexPattern { iter_rank:
LEAF	blk.19.ffn_gate_exps.weight	Float32	[Static(128), Static(2816), Static(704)]	gguf=-	bound=packed_owned	ew:Multiply:Computed { indices: NodeId(8616), index_map: IndexPattern { iter_rank: | ew:Multiply:Computed { indices: NodeId(8645), index_map: IndexPattern { iter_rank: | ew:Multiply:Computed { indices: NodeId(8676), index_map: IndexPattern { iter_rank: | ew:Multiply:Computed { indices: NodeId(8707), index_map: IndexPattern { iter_rank: | ew:Multiply:Computed { indices: NodeId(8738), index_map: IndexPattern { iter_rank: | ew:Multiply:Computed { indices: NodeId(8769), index_map: IndexPattern { iter_rank: | ew:Multiply:Computed { indices: NodeId(8800), index_map: IndexPattern { iter_rank: | ew:Multiply:Computed { indices: NodeId(8831), index_map: IndexPattern { iter_rank:
LEAF	blk.19.ffn_up_exps.weight	Float32	[Static(128), Static(2816), Static(704)]	gguf=-	bound=packed_owned	ew:Multiply:Computed { indices: NodeId(8616), index_map: IndexPattern { iter_rank: | ew:Multiply:Computed { indices: NodeId(8645), index_map: IndexPattern { iter_rank: | ew:Multiply:Computed { indices: NodeId(8676), index_map: IndexPattern { iter_rank: | ew:Multiply:Computed { indices: NodeId(8707), index_map: IndexPattern { iter_rank: | ew:Multiply:Computed { indices: NodeId(8738), index_map: IndexPattern { iter_rank: | ew:Multiply:Computed { indices: NodeId(8769), index_map: IndexPattern { iter_rank: | ew:Multiply:Computed { indices: NodeId(8800), index_map: IndexPattern { iter_rank: | ew:Multiply:Computed { indices: NodeId(8831), index_map: IndexPattern { iter_rank:
LEAF	blk.19.ffn_down_exps.weight	Float32	[Static(128), Static(704), Static(2816)]	gguf=[704, 2816, 128]/Q5_0	bound=packed	ew:Multiply:Computed { indices: NodeId(8616), index_map: IndexPattern { iter_rank: | ew:Multiply:Computed { indices: NodeId(8645), index_map: IndexPattern { iter_rank: | ew:Multiply:Computed { indices: NodeId(8676), index_map: IndexPattern { iter_rank: | ew:Multiply:Computed { indices: NodeId(8707), index_map: IndexPattern { iter_rank: | ew:Multiply:Computed { indices: NodeId(8738), index_map: IndexPattern { iter_rank: | ew:Multiply:Computed { indices: NodeId(8769), index_map: IndexPattern { iter_rank: | ew:Multiply:Computed { indices: NodeId(8800), index_map: IndexPattern { iter_rank: | ew:Multiply:Computed { indices: NodeId(8831), index_map: IndexPattern { iter_rank:
LEAF	blk.19.post_ffw_norm_2.weight	Float32	[Static(2816)]	gguf=[2816]/F32	bound=owned	ew:Multiply:Affine(IndexPattern { iter_rank: 2, axes: [AxisIndex { terms: [AxisTer
LEAF	blk.19.post_ffw_norm.weight	Float32	[Static(2816)]	gguf=[2816]/F32	bound=owned	ew:Multiply:Affine(IndexPattern { iter_rank: 2, axes: [AxisIndex { terms: [AxisTer
LEAF	blk.19.layer_output_scale.weight	Float32	[]	gguf=[1]/F32	bound=packed	ew:Multiply:Affine(IndexPattern { iter_rank: 2, axes: [] })
LEAF	blk.20.attn_norm.weight	Float32	[Static(2816)]	gguf=[2816]/F32	bound=owned	ew:Multiply:Affine(IndexPattern { iter_rank: 2, axes: [AxisIndex { terms: [AxisTer
LEAF	blk.20.ffn_norm.weight	Float32	[Static(2816)]	gguf=[2816]/F32	bound=owned	ew:Multiply:Affine(IndexPattern { iter_rank: 2, axes: [AxisIndex { terms: [AxisTer
LEAF	blk.20.post_attention_norm.weight	Float32	[Static(2816)]	gguf=[2816]/F32	bound=owned	ew:Multiply:Affine(IndexPattern { iter_rank: 2, axes: [AxisIndex { terms: [AxisTer
LEAF	blk.20.attn_q.weight	Float32	[Static(2816), Static(16), Static(256)]	gguf=[2816, 4096]/Q3_K	bound=packed	ew:Multiply:Affine(IndexPattern { iter_rank: 4, axes: [AxisIndex { terms: [AxisTer
LEAF	blk.20.attn_k.weight	Float32	[Static(2816), Static(8), Static(256)]	gguf=[2816, 2048]/Q3_K	bound=packed	ew:Multiply:Affine(IndexPattern { iter_rank: 4, axes: [AxisIndex { terms: [AxisTer
LEAF	blk.20.attn_k_norm.weight	Float32	[Static(256)]	gguf=[256]/F32	bound=owned	ew:Multiply:Affine(IndexPattern { iter_rank: 3, axes: [AxisIndex { terms: [AxisTer
LEAF	blk.20.attn_v.weight	Float32	[Static(2816), Static(8), Static(256)]	gguf=[2816, 2048]/Q4_K	bound=packed	ew:Multiply:Affine(IndexPattern { iter_rank: 4, axes: [AxisIndex { terms: [AxisTer
LEAF	kv_cache.20.k_even	Float32	[Symbolic(2), Static(8), Static(128)]	gguf=-	bound=-	ew:Multiply:Affine(IndexPattern { iter_rank: 5, axes: [AxisIndex { terms: [AxisTer
LEAF	kv_cache.20.k_odd	Float32	[Symbolic(2), Static(8), Static(128)]	gguf=-	bound=-	ew:Multiply:Affine(IndexPattern { iter_rank: 5, axes: [AxisIndex { terms: [AxisTer
LEAF	kv_cache.20.v	Float32	[Symbolic(2), Static(8), Static(256)]	gguf=-	bound=-	ew:Multiply:Affine(IndexPattern { iter_rank: 5, axes: [AxisIndex { terms: [AxisTer
LEAF	blk.20.attn_output.weight	Float32	[Static(8), Static(2), Static(256), Static(2816)]	gguf=[4096, 2816]/Q4_K	bound=packed	ew:Multiply:Affine(IndexPattern { iter_rank: 5, axes: [AxisIndex { terms: [AxisTer
LEAF	blk.20.attn_q_norm.weight	Float32	[Static(256)]	gguf=[256]/F32	bound=owned	ew:Multiply:Affine(IndexPattern { iter_rank: 3, axes: [AxisIndex { terms: [AxisTer
LEAF	blk.20.ffn_gate.weight	Float32	[Static(2816), Static(2112)]	gguf=[2816, 2112]/Q3_K	bound=packed	ew:Multiply:Affine(IndexPattern { iter_rank: 3, axes: [AxisIndex { terms: [AxisTer
LEAF	blk.20.ffn_up.weight	Float32	[Static(2816), Static(2112)]	gguf=[2816, 2112]/Q3_K	bound=packed	ew:Multiply:Affine(IndexPattern { iter_rank: 3, axes: [AxisIndex { terms: [AxisTer
LEAF	blk.20.ffn_down.weight	Float32	[Static(2112), Static(2816)]	gguf=[2112, 2816]/Q5_0	bound=packed	ew:Multiply:Affine(IndexPattern { iter_rank: 3, axes: [AxisIndex { terms: [AxisTer
LEAF	blk.20.post_ffw_norm_1.weight	Float32	[Static(2816)]	gguf=[2816]/F32	bound=owned	ew:Multiply:Affine(IndexPattern { iter_rank: 2, axes: [AxisIndex { terms: [AxisTer
LEAF	blk.20.pre_ffw_norm_2.weight	Float32	[Static(2816)]	gguf=[2816]/F32	bound=owned	ew:Multiply:Affine(IndexPattern { iter_rank: 2, axes: [AxisIndex { terms: [AxisTer
LEAF	blk.20.ffn_gate_inp.weight	Float32	[Static(2816), Static(128)]	gguf=[2816, 128]/F32	bound=owned	ew:Multiply:Affine(IndexPattern { iter_rank: 3, axes: [AxisIndex { terms: [AxisTer
LEAF	blk.20.ffn_gate_inp.scale	Float32	[Static(2816)]	gguf=[2816]/F32	bound=packed	ew:Multiply:Affine(IndexPattern { iter_rank: 1, axes: [AxisIndex { terms: [AxisTer
LEAF	blk.20.ffn_down_exps.scale	Float32	[Static(128)]	gguf=[128]/F32	bound=packed	ew:Identity:Computed { indices: NodeId(9058), index_map: IndexPattern { iter_rank: | ew:Identity:Computed { indices: NodeId(9087), index_map: IndexPattern { iter_rank: | ew:Identity:Computed { indices: NodeId(9118), index_map: IndexPattern { iter_rank: | ew:Identity:Computed { indices: NodeId(9149), index_map: IndexPattern { iter_rank: | ew:Identity:Computed { indices: NodeId(9180), index_map: IndexPattern { iter_rank: | ew:Identity:Computed { indices: NodeId(9211), index_map: IndexPattern { iter_rank: | ew:Identity:Computed { indices: NodeId(9242), index_map: IndexPattern { iter_rank: | ew:Identity:Computed { indices: NodeId(9273), index_map: IndexPattern { iter_rank:
LEAF	blk.20.ffn_gate_exps.weight	Float32	[Static(128), Static(2816), Static(704)]	gguf=-	bound=packed_owned	ew:Multiply:Computed { indices: NodeId(9058), index_map: IndexPattern { iter_rank: | ew:Multiply:Computed { indices: NodeId(9087), index_map: IndexPattern { iter_rank: | ew:Multiply:Computed { indices: NodeId(9118), index_map: IndexPattern { iter_rank: | ew:Multiply:Computed { indices: NodeId(9149), index_map: IndexPattern { iter_rank: | ew:Multiply:Computed { indices: NodeId(9180), index_map: IndexPattern { iter_rank: | ew:Multiply:Computed { indices: NodeId(9211), index_map: IndexPattern { iter_rank: | ew:Multiply:Computed { indices: NodeId(9242), index_map: IndexPattern { iter_rank: | ew:Multiply:Computed { indices: NodeId(9273), index_map: IndexPattern { iter_rank:
LEAF	blk.20.ffn_up_exps.weight	Float32	[Static(128), Static(2816), Static(704)]	gguf=-	bound=packed_owned	ew:Multiply:Computed { indices: NodeId(9058), index_map: IndexPattern { iter_rank: | ew:Multiply:Computed { indices: NodeId(9087), index_map: IndexPattern { iter_rank: | ew:Multiply:Computed { indices: NodeId(9118), index_map: IndexPattern { iter_rank: | ew:Multiply:Computed { indices: NodeId(9149), index_map: IndexPattern { iter_rank: | ew:Multiply:Computed { indices: NodeId(9180), index_map: IndexPattern { iter_rank: | ew:Multiply:Computed { indices: NodeId(9211), index_map: IndexPattern { iter_rank: | ew:Multiply:Computed { indices: NodeId(9242), index_map: IndexPattern { iter_rank: | ew:Multiply:Computed { indices: NodeId(9273), index_map: IndexPattern { iter_rank:
LEAF	blk.20.ffn_down_exps.weight	Float32	[Static(128), Static(704), Static(2816)]	gguf=[704, 2816, 128]/Q5_0	bound=packed	ew:Multiply:Computed { indices: NodeId(9058), index_map: IndexPattern { iter_rank: | ew:Multiply:Computed { indices: NodeId(9087), index_map: IndexPattern { iter_rank: | ew:Multiply:Computed { indices: NodeId(9118), index_map: IndexPattern { iter_rank: | ew:Multiply:Computed { indices: NodeId(9149), index_map: IndexPattern { iter_rank: | ew:Multiply:Computed { indices: NodeId(9180), index_map: IndexPattern { iter_rank: | ew:Multiply:Computed { indices: NodeId(9211), index_map: IndexPattern { iter_rank: | ew:Multiply:Computed { indices: NodeId(9242), index_map: IndexPattern { iter_rank: | ew:Multiply:Computed { indices: NodeId(9273), index_map: IndexPattern { iter_rank:
LEAF	blk.20.post_ffw_norm_2.weight	Float32	[Static(2816)]	gguf=[2816]/F32	bound=owned	ew:Multiply:Affine(IndexPattern { iter_rank: 2, axes: [AxisIndex { terms: [AxisTer
LEAF	blk.20.post_ffw_norm.weight	Float32	[Static(2816)]	gguf=[2816]/F32	bound=owned	ew:Multiply:Affine(IndexPattern { iter_rank: 2, axes: [AxisIndex { terms: [AxisTer
LEAF	blk.20.layer_output_scale.weight	Float32	[]	gguf=[1]/F32	bound=packed	ew:Multiply:Affine(IndexPattern { iter_rank: 2, axes: [] })
LEAF	blk.21.attn_norm.weight	Float32	[Static(2816)]	gguf=[2816]/F32	bound=owned	ew:Multiply:Affine(IndexPattern { iter_rank: 2, axes: [AxisIndex { terms: [AxisTer
LEAF	blk.21.ffn_norm.weight	Float32	[Static(2816)]	gguf=[2816]/F32	bound=owned	ew:Multiply:Affine(IndexPattern { iter_rank: 2, axes: [AxisIndex { terms: [AxisTer
LEAF	blk.21.post_attention_norm.weight	Float32	[Static(2816)]	gguf=[2816]/F32	bound=owned	ew:Multiply:Affine(IndexPattern { iter_rank: 2, axes: [AxisIndex { terms: [AxisTer
LEAF	blk.21.attn_q.weight	Float32	[Static(2816), Static(16), Static(256)]	gguf=[2816, 4096]/Q3_K	bound=packed	ew:Multiply:Affine(IndexPattern { iter_rank: 4, axes: [AxisIndex { terms: [AxisTer
LEAF	blk.21.attn_k.weight	Float32	[Static(2816), Static(8), Static(256)]	gguf=[2816, 2048]/Q3_K	bound=packed	ew:Multiply:Affine(IndexPattern { iter_rank: 4, axes: [AxisIndex { terms: [AxisTer
LEAF	blk.21.attn_k_norm.weight	Float32	[Static(256)]	gguf=[256]/F32	bound=owned	ew:Multiply:Affine(IndexPattern { iter_rank: 3, axes: [AxisIndex { terms: [AxisTer
LEAF	blk.21.attn_v.weight	Float32	[Static(2816), Static(8), Static(256)]	gguf=[2816, 2048]/Q4_K	bound=packed	ew:Multiply:Affine(IndexPattern { iter_rank: 4, axes: [AxisIndex { terms: [AxisTer
LEAF	kv_cache.21.k_even	Float32	[Symbolic(2), Static(8), Static(128)]	gguf=-	bound=-	ew:Multiply:Affine(IndexPattern { iter_rank: 5, axes: [AxisIndex { terms: [AxisTer
LEAF	kv_cache.21.k_odd	Float32	[Symbolic(2), Static(8), Static(128)]	gguf=-	bound=-	ew:Multiply:Affine(IndexPattern { iter_rank: 5, axes: [AxisIndex { terms: [AxisTer
LEAF	kv_cache.21.v	Float32	[Symbolic(2), Static(8), Static(256)]	gguf=-	bound=-	ew:Multiply:Affine(IndexPattern { iter_rank: 5, axes: [AxisIndex { terms: [AxisTer
LEAF	blk.21.attn_output.weight	Float32	[Static(8), Static(2), Static(256), Static(2816)]	gguf=[4096, 2816]/Q4_K	bound=packed	ew:Multiply:Affine(IndexPattern { iter_rank: 5, axes: [AxisIndex { terms: [AxisTer
LEAF	blk.21.attn_q_norm.weight	Float32	[Static(256)]	gguf=[256]/F32	bound=owned	ew:Multiply:Affine(IndexPattern { iter_rank: 3, axes: [AxisIndex { terms: [AxisTer
LEAF	blk.21.ffn_gate.weight	Float32	[Static(2816), Static(2112)]	gguf=[2816, 2112]/Q3_K	bound=packed	ew:Multiply:Affine(IndexPattern { iter_rank: 3, axes: [AxisIndex { terms: [AxisTer
LEAF	blk.21.ffn_up.weight	Float32	[Static(2816), Static(2112)]	gguf=[2816, 2112]/Q3_K	bound=packed	ew:Multiply:Affine(IndexPattern { iter_rank: 3, axes: [AxisIndex { terms: [AxisTer
LEAF	blk.21.ffn_down.weight	Float32	[Static(2112), Static(2816)]	gguf=[2112, 2816]/Q5_0	bound=packed	ew:Multiply:Affine(IndexPattern { iter_rank: 3, axes: [AxisIndex { terms: [AxisTer
LEAF	blk.21.post_ffw_norm_1.weight	Float32	[Static(2816)]	gguf=[2816]/F32	bound=owned	ew:Multiply:Affine(IndexPattern { iter_rank: 2, axes: [AxisIndex { terms: [AxisTer
LEAF	blk.21.pre_ffw_norm_2.weight	Float32	[Static(2816)]	gguf=[2816]/F32	bound=owned	ew:Multiply:Affine(IndexPattern { iter_rank: 2, axes: [AxisIndex { terms: [AxisTer
LEAF	blk.21.ffn_gate_inp.weight	Float32	[Static(2816), Static(128)]	gguf=[2816, 128]/F32	bound=owned	ew:Multiply:Affine(IndexPattern { iter_rank: 3, axes: [AxisIndex { terms: [AxisTer
LEAF	blk.21.ffn_gate_inp.scale	Float32	[Static(2816)]	gguf=[2816]/F32	bound=packed	ew:Multiply:Affine(IndexPattern { iter_rank: 1, axes: [AxisIndex { terms: [AxisTer
LEAF	blk.21.ffn_down_exps.scale	Float32	[Static(128)]	gguf=[128]/F32	bound=packed	ew:Identity:Computed { indices: NodeId(9500), index_map: IndexPattern { iter_rank: | ew:Identity:Computed { indices: NodeId(9529), index_map: IndexPattern { iter_rank: | ew:Identity:Computed { indices: NodeId(9560), index_map: IndexPattern { iter_rank: | ew:Identity:Computed { indices: NodeId(9591), index_map: IndexPattern { iter_rank: | ew:Identity:Computed { indices: NodeId(9622), index_map: IndexPattern { iter_rank: | ew:Identity:Computed { indices: NodeId(9653), index_map: IndexPattern { iter_rank: | ew:Identity:Computed { indices: NodeId(9684), index_map: IndexPattern { iter_rank: | ew:Identity:Computed { indices: NodeId(9715), index_map: IndexPattern { iter_rank:
LEAF	blk.21.ffn_gate_exps.weight	Float32	[Static(128), Static(2816), Static(704)]	gguf=-	bound=packed_owned	ew:Multiply:Computed { indices: NodeId(9500), index_map: IndexPattern { iter_rank: | ew:Multiply:Computed { indices: NodeId(9529), index_map: IndexPattern { iter_rank: | ew:Multiply:Computed { indices: NodeId(9560), index_map: IndexPattern { iter_rank: | ew:Multiply:Computed { indices: NodeId(9591), index_map: IndexPattern { iter_rank: | ew:Multiply:Computed { indices: NodeId(9622), index_map: IndexPattern { iter_rank: | ew:Multiply:Computed { indices: NodeId(9653), index_map: IndexPattern { iter_rank: | ew:Multiply:Computed { indices: NodeId(9684), index_map: IndexPattern { iter_rank: | ew:Multiply:Computed { indices: NodeId(9715), index_map: IndexPattern { iter_rank:
LEAF	blk.21.ffn_up_exps.weight	Float32	[Static(128), Static(2816), Static(704)]	gguf=-	bound=packed_owned	ew:Multiply:Computed { indices: NodeId(9500), index_map: IndexPattern { iter_rank: | ew:Multiply:Computed { indices: NodeId(9529), index_map: IndexPattern { iter_rank: | ew:Multiply:Computed { indices: NodeId(9560), index_map: IndexPattern { iter_rank: | ew:Multiply:Computed { indices: NodeId(9591), index_map: IndexPattern { iter_rank: | ew:Multiply:Computed { indices: NodeId(9622), index_map: IndexPattern { iter_rank: | ew:Multiply:Computed { indices: NodeId(9653), index_map: IndexPattern { iter_rank: | ew:Multiply:Computed { indices: NodeId(9684), index_map: IndexPattern { iter_rank: | ew:Multiply:Computed { indices: NodeId(9715), index_map: IndexPattern { iter_rank:
LEAF	blk.21.ffn_down_exps.weight	Float32	[Static(128), Static(704), Static(2816)]	gguf=[704, 2816, 128]/Q5_0	bound=packed	ew:Multiply:Computed { indices: NodeId(9500), index_map: IndexPattern { iter_rank: | ew:Multiply:Computed { indices: NodeId(9529), index_map: IndexPattern { iter_rank: | ew:Multiply:Computed { indices: NodeId(9560), index_map: IndexPattern { iter_rank: | ew:Multiply:Computed { indices: NodeId(9591), index_map: IndexPattern { iter_rank: | ew:Multiply:Computed { indices: NodeId(9622), index_map: IndexPattern { iter_rank: | ew:Multiply:Computed { indices: NodeId(9653), index_map: IndexPattern { iter_rank: | ew:Multiply:Computed { indices: NodeId(9684), index_map: IndexPattern { iter_rank: | ew:Multiply:Computed { indices: NodeId(9715), index_map: IndexPattern { iter_rank:
LEAF	blk.21.post_ffw_norm_2.weight	Float32	[Static(2816)]	gguf=[2816]/F32	bound=owned	ew:Multiply:Affine(IndexPattern { iter_rank: 2, axes: [AxisIndex { terms: [AxisTer
LEAF	blk.21.post_ffw_norm.weight	Float32	[Static(2816)]	gguf=[2816]/F32	bound=owned	ew:Multiply:Affine(IndexPattern { iter_rank: 2, axes: [AxisIndex { terms: [AxisTer
LEAF	blk.21.layer_output_scale.weight	Float32	[]	gguf=[1]/F32	bound=packed	ew:Multiply:Affine(IndexPattern { iter_rank: 2, axes: [] })
LEAF	blk.22.attn_norm.weight	Float32	[Static(2816)]	gguf=[2816]/F32	bound=owned	ew:Multiply:Affine(IndexPattern { iter_rank: 2, axes: [AxisIndex { terms: [AxisTer
LEAF	blk.22.ffn_norm.weight	Float32	[Static(2816)]	gguf=[2816]/F32	bound=owned	ew:Multiply:Affine(IndexPattern { iter_rank: 2, axes: [AxisIndex { terms: [AxisTer
LEAF	blk.22.post_attention_norm.weight	Float32	[Static(2816)]	gguf=[2816]/F32	bound=owned	ew:Multiply:Affine(IndexPattern { iter_rank: 2, axes: [AxisIndex { terms: [AxisTer
LEAF	blk.22.attn_q.weight	Float32	[Static(2816), Static(16), Static(256)]	gguf=[2816, 4096]/Q3_K	bound=packed	ew:Multiply:Affine(IndexPattern { iter_rank: 4, axes: [AxisIndex { terms: [AxisTer
LEAF	blk.22.attn_k.weight	Float32	[Static(2816), Static(8), Static(256)]	gguf=[2816, 2048]/Q3_K	bound=packed	ew:Multiply:Affine(IndexPattern { iter_rank: 4, axes: [AxisIndex { terms: [AxisTer
LEAF	blk.22.attn_k_norm.weight	Float32	[Static(256)]	gguf=[256]/F32	bound=owned	ew:Multiply:Affine(IndexPattern { iter_rank: 3, axes: [AxisIndex { terms: [AxisTer
LEAF	blk.22.attn_v.weight	Float32	[Static(2816), Static(8), Static(256)]	gguf=[2816, 2048]/Q4_K	bound=packed	ew:Multiply:Affine(IndexPattern { iter_rank: 4, axes: [AxisIndex { terms: [AxisTer
LEAF	kv_cache.22.k_even	Float32	[Symbolic(2), Static(8), Static(128)]	gguf=-	bound=-	ew:Multiply:Affine(IndexPattern { iter_rank: 5, axes: [AxisIndex { terms: [AxisTer
LEAF	kv_cache.22.k_odd	Float32	[Symbolic(2), Static(8), Static(128)]	gguf=-	bound=-	ew:Multiply:Affine(IndexPattern { iter_rank: 5, axes: [AxisIndex { terms: [AxisTer
LEAF	kv_cache.22.v	Float32	[Symbolic(2), Static(8), Static(256)]	gguf=-	bound=-	ew:Multiply:Affine(IndexPattern { iter_rank: 5, axes: [AxisIndex { terms: [AxisTer
LEAF	blk.22.attn_output.weight	Float32	[Static(8), Static(2), Static(256), Static(2816)]	gguf=[4096, 2816]/Q4_K	bound=packed	ew:Multiply:Affine(IndexPattern { iter_rank: 5, axes: [AxisIndex { terms: [AxisTer
LEAF	blk.22.attn_q_norm.weight	Float32	[Static(256)]	gguf=[256]/F32	bound=owned	ew:Multiply:Affine(IndexPattern { iter_rank: 3, axes: [AxisIndex { terms: [AxisTer
LEAF	blk.22.ffn_gate.weight	Float32	[Static(2816), Static(2112)]	gguf=[2816, 2112]/Q3_K	bound=packed	ew:Multiply:Affine(IndexPattern { iter_rank: 3, axes: [AxisIndex { terms: [AxisTer
LEAF	blk.22.ffn_up.weight	Float32	[Static(2816), Static(2112)]	gguf=[2816, 2112]/Q3_K	bound=packed	ew:Multiply:Affine(IndexPattern { iter_rank: 3, axes: [AxisIndex { terms: [AxisTer
LEAF	blk.22.ffn_down.weight	Float32	[Static(2112), Static(2816)]	gguf=[2112, 2816]/Q5_0	bound=packed	ew:Multiply:Affine(IndexPattern { iter_rank: 3, axes: [AxisIndex { terms: [AxisTer
LEAF	blk.22.post_ffw_norm_1.weight	Float32	[Static(2816)]	gguf=[2816]/F32	bound=owned	ew:Multiply:Affine(IndexPattern { iter_rank: 2, axes: [AxisIndex { terms: [AxisTer
LEAF	blk.22.pre_ffw_norm_2.weight	Float32	[Static(2816)]	gguf=[2816]/F32	bound=owned	ew:Multiply:Affine(IndexPattern { iter_rank: 2, axes: [AxisIndex { terms: [AxisTer
LEAF	blk.22.ffn_gate_inp.weight	Float32	[Static(2816), Static(128)]	gguf=[2816, 128]/F32	bound=owned	ew:Multiply:Affine(IndexPattern { iter_rank: 3, axes: [AxisIndex { terms: [AxisTer
LEAF	blk.22.ffn_gate_inp.scale	Float32	[Static(2816)]	gguf=[2816]/F32	bound=packed	ew:Multiply:Affine(IndexPattern { iter_rank: 1, axes: [AxisIndex { terms: [AxisTer
LEAF	blk.22.ffn_down_exps.scale	Float32	[Static(128)]	gguf=[128]/F32	bound=packed	ew:Identity:Computed { indices: NodeId(10002), index_map: IndexPattern { iter_rank | ew:Identity:Computed { indices: NodeId(10033), index_map: IndexPattern { iter_rank | ew:Identity:Computed { indices: NodeId(10064), index_map: IndexPattern { iter_rank | ew:Identity:Computed { indices: NodeId(10095), index_map: IndexPattern { iter_rank | ew:Identity:Computed { indices: NodeId(10126), index_map: IndexPattern { iter_rank | ew:Identity:Computed { indices: NodeId(10157), index_map: IndexPattern { iter_rank | ew:Identity:Computed { indices: NodeId(9942), index_map: IndexPattern { iter_rank: | ew:Identity:Computed { indices: NodeId(9971), index_map: IndexPattern { iter_rank:
LEAF	blk.22.ffn_gate_exps.weight	Float32	[Static(128), Static(2816), Static(704)]	gguf=-	bound=packed_owned	ew:Multiply:Computed { indices: NodeId(10002), index_map: IndexPattern { iter_rank | ew:Multiply:Computed { indices: NodeId(10033), index_map: IndexPattern { iter_rank | ew:Multiply:Computed { indices: NodeId(10064), index_map: IndexPattern { iter_rank | ew:Multiply:Computed { indices: NodeId(10095), index_map: IndexPattern { iter_rank | ew:Multiply:Computed { indices: NodeId(10126), index_map: IndexPattern { iter_rank | ew:Multiply:Computed { indices: NodeId(10157), index_map: IndexPattern { iter_rank | ew:Multiply:Computed { indices: NodeId(9942), index_map: IndexPattern { iter_rank: | ew:Multiply:Computed { indices: NodeId(9971), index_map: IndexPattern { iter_rank:
LEAF	blk.22.ffn_up_exps.weight	Float32	[Static(128), Static(2816), Static(704)]	gguf=-	bound=packed_owned	ew:Multiply:Computed { indices: NodeId(10002), index_map: IndexPattern { iter_rank | ew:Multiply:Computed { indices: NodeId(10033), index_map: IndexPattern { iter_rank | ew:Multiply:Computed { indices: NodeId(10064), index_map: IndexPattern { iter_rank | ew:Multiply:Computed { indices: NodeId(10095), index_map: IndexPattern { iter_rank | ew:Multiply:Computed { indices: NodeId(10126), index_map: IndexPattern { iter_rank | ew:Multiply:Computed { indices: NodeId(10157), index_map: IndexPattern { iter_rank | ew:Multiply:Computed { indices: NodeId(9942), index_map: IndexPattern { iter_rank: | ew:Multiply:Computed { indices: NodeId(9971), index_map: IndexPattern { iter_rank:
LEAF	blk.22.ffn_down_exps.weight	Float32	[Static(128), Static(704), Static(2816)]	gguf=[704, 2816, 128]/Q5_0	bound=packed	ew:Multiply:Computed { indices: NodeId(10002), index_map: IndexPattern { iter_rank | ew:Multiply:Computed { indices: NodeId(10033), index_map: IndexPattern { iter_rank | ew:Multiply:Computed { indices: NodeId(10064), index_map: IndexPattern { iter_rank | ew:Multiply:Computed { indices: NodeId(10095), index_map: IndexPattern { iter_rank | ew:Multiply:Computed { indices: NodeId(10126), index_map: IndexPattern { iter_rank | ew:Multiply:Computed { indices: NodeId(10157), index_map: IndexPattern { iter_rank | ew:Multiply:Computed { indices: NodeId(9942), index_map: IndexPattern { iter_rank: | ew:Multiply:Computed { indices: NodeId(9971), index_map: IndexPattern { iter_rank:
LEAF	blk.22.post_ffw_norm_2.weight	Float32	[Static(2816)]	gguf=[2816]/F32	bound=owned	ew:Multiply:Affine(IndexPattern { iter_rank: 2, axes: [AxisIndex { terms: [AxisTer
LEAF	blk.22.post_ffw_norm.weight	Float32	[Static(2816)]	gguf=[2816]/F32	bound=owned	ew:Multiply:Affine(IndexPattern { iter_rank: 2, axes: [AxisIndex { terms: [AxisTer
LEAF	blk.22.layer_output_scale.weight	Float32	[]	gguf=[1]/F32	bound=packed	ew:Multiply:Affine(IndexPattern { iter_rank: 2, axes: [] })
LEAF	blk.23.attn_norm.weight	Float32	[Static(2816)]	gguf=[2816]/F32	bound=owned	ew:Multiply:Affine(IndexPattern { iter_rank: 2, axes: [AxisIndex { terms: [AxisTer
LEAF	blk.23.ffn_norm.weight	Float32	[Static(2816)]	gguf=[2816]/F32	bound=owned	ew:Multiply:Affine(IndexPattern { iter_rank: 2, axes: [AxisIndex { terms: [AxisTer
LEAF	blk.23.post_attention_norm.weight	Float32	[Static(2816)]	gguf=[2816]/F32	bound=owned	ew:Multiply:Affine(IndexPattern { iter_rank: 2, axes: [AxisIndex { terms: [AxisTer
LEAF	blk.23.attn_q.weight	Float32	[Static(2816), Static(16), Static(512)]	gguf=[2816, 8192]/Q3_K	bound=packed	ew:Multiply:Affine(IndexPattern { iter_rank: 4, axes: [AxisIndex { terms: [AxisTer
LEAF	blk.23.attn_k.weight	Float32	[Static(2816), Static(2), Static(512)]	gguf=[2816, 1024]/Q3_K	bound=packed	ew:Multiply:Affine(IndexPattern { iter_rank: 4, axes: [AxisIndex { terms: [AxisTer
LEAF	blk.23.attn_k_norm.weight	Float32	[Static(512)]	gguf=[512]/F32	bound=owned	ew:Multiply:Affine(IndexPattern { iter_rank: 3, axes: [AxisIndex { terms: [AxisTer
LEAF	kv_cache.23.k_even	Float32	[Symbolic(1), Static(2), Static(256)]	gguf=-	bound=-	ew:Multiply:Affine(IndexPattern { iter_rank: 5, axes: [AxisIndex { terms: [AxisTer
LEAF	kv_cache.23.k_odd	Float32	[Symbolic(1), Static(2), Static(256)]	gguf=-	bound=-	ew:Multiply:Affine(IndexPattern { iter_rank: 5, axes: [AxisIndex { terms: [AxisTer
LEAF	kv_cache.23.v	Float32	[Symbolic(1), Static(2), Static(512)]	gguf=-	bound=-	ew:Multiply:Affine(IndexPattern { iter_rank: 5, axes: [AxisIndex { terms: [AxisTer
LEAF	blk.23.attn_output.weight	Float32	[Static(2), Static(8), Static(512), Static(2816)]	gguf=[8192, 2816]/Q4_K	bound=packed	ew:Multiply:Affine(IndexPattern { iter_rank: 5, axes: [AxisIndex { terms: [AxisTer
LEAF	blk.23.attn_q_norm.weight	Float32	[Static(512)]	gguf=[512]/F32	bound=owned	ew:Multiply:Affine(IndexPattern { iter_rank: 3, axes: [AxisIndex { terms: [AxisTer
LEAF	blk.23.ffn_gate.weight	Float32	[Static(2816), Static(2112)]	gguf=[2816, 2112]/Q3_K	bound=packed	ew:Multiply:Affine(IndexPattern { iter_rank: 3, axes: [AxisIndex { terms: [AxisTer
LEAF	blk.23.ffn_up.weight	Float32	[Static(2816), Static(2112)]	gguf=[2816, 2112]/Q3_K	bound=packed	ew:Multiply:Affine(IndexPattern { iter_rank: 3, axes: [AxisIndex { terms: [AxisTer
LEAF	blk.23.ffn_down.weight	Float32	[Static(2112), Static(2816)]	gguf=[2112, 2816]/Q5_0	bound=packed	ew:Multiply:Affine(IndexPattern { iter_rank: 3, axes: [AxisIndex { terms: [AxisTer
LEAF	blk.23.post_ffw_norm_1.weight	Float32	[Static(2816)]	gguf=[2816]/F32	bound=owned	ew:Multiply:Affine(IndexPattern { iter_rank: 2, axes: [AxisIndex { terms: [AxisTer
LEAF	blk.23.pre_ffw_norm_2.weight	Float32	[Static(2816)]	gguf=[2816]/F32	bound=owned	ew:Multiply:Affine(IndexPattern { iter_rank: 2, axes: [AxisIndex { terms: [AxisTer
LEAF	blk.23.ffn_gate_inp.weight	Float32	[Static(2816), Static(128)]	gguf=[2816, 128]/F32	bound=owned	ew:Multiply:Affine(IndexPattern { iter_rank: 3, axes: [AxisIndex { terms: [AxisTer
LEAF	blk.23.ffn_gate_inp.scale	Float32	[Static(2816)]	gguf=[2816]/F32	bound=packed	ew:Multiply:Affine(IndexPattern { iter_rank: 1, axes: [AxisIndex { terms: [AxisTer
LEAF	blk.23.ffn_down_exps.scale	Float32	[Static(128)]	gguf=[128]/F32	bound=packed	ew:Identity:Computed { indices: NodeId(10381), index_map: IndexPattern { iter_rank | ew:Identity:Computed { indices: NodeId(10410), index_map: IndexPattern { iter_rank | ew:Identity:Computed { indices: NodeId(10441), index_map: IndexPattern { iter_rank | ew:Identity:Computed { indices: NodeId(10472), index_map: IndexPattern { iter_rank | ew:Identity:Computed { indices: NodeId(10503), index_map: IndexPattern { iter_rank | ew:Identity:Computed { indices: NodeId(10534), index_map: IndexPattern { iter_rank | ew:Identity:Computed { indices: NodeId(10565), index_map: IndexPattern { iter_rank | ew:Identity:Computed { indices: NodeId(10596), index_map: IndexPattern { iter_rank
LEAF	blk.23.ffn_gate_exps.weight	Float32	[Static(128), Static(2816), Static(704)]	gguf=-	bound=packed_owned	ew:Multiply:Computed { indices: NodeId(10381), index_map: IndexPattern { iter_rank | ew:Multiply:Computed { indices: NodeId(10410), index_map: IndexPattern { iter_rank | ew:Multiply:Computed { indices: NodeId(10441), index_map: IndexPattern { iter_rank | ew:Multiply:Computed { indices: NodeId(10472), index_map: IndexPattern { iter_rank | ew:Multiply:Computed { indices: NodeId(10503), index_map: IndexPattern { iter_rank | ew:Multiply:Computed { indices: NodeId(10534), index_map: IndexPattern { iter_rank | ew:Multiply:Computed { indices: NodeId(10565), index_map: IndexPattern { iter_rank | ew:Multiply:Computed { indices: NodeId(10596), index_map: IndexPattern { iter_rank
LEAF	blk.23.ffn_up_exps.weight	Float32	[Static(128), Static(2816), Static(704)]	gguf=-	bound=packed_owned	ew:Multiply:Computed { indices: NodeId(10381), index_map: IndexPattern { iter_rank | ew:Multiply:Computed { indices: NodeId(10410), index_map: IndexPattern { iter_rank | ew:Multiply:Computed { indices: NodeId(10441), index_map: IndexPattern { iter_rank | ew:Multiply:Computed { indices: NodeId(10472), index_map: IndexPattern { iter_rank | ew:Multiply:Computed { indices: NodeId(10503), index_map: IndexPattern { iter_rank | ew:Multiply:Computed { indices: NodeId(10534), index_map: IndexPattern { iter_rank | ew:Multiply:Computed { indices: NodeId(10565), index_map: IndexPattern { iter_rank | ew:Multiply:Computed { indices: NodeId(10596), index_map: IndexPattern { iter_rank
LEAF	blk.23.ffn_down_exps.weight	Float32	[Static(128), Static(704), Static(2816)]	gguf=[704, 2816, 128]/Q5_0	bound=packed	ew:Multiply:Computed { indices: NodeId(10381), index_map: IndexPattern { iter_rank | ew:Multiply:Computed { indices: NodeId(10410), index_map: IndexPattern { iter_rank | ew:Multiply:Computed { indices: NodeId(10441), index_map: IndexPattern { iter_rank | ew:Multiply:Computed { indices: NodeId(10472), index_map: IndexPattern { iter_rank | ew:Multiply:Computed { indices: NodeId(10503), index_map: IndexPattern { iter_rank | ew:Multiply:Computed { indices: NodeId(10534), index_map: IndexPattern { iter_rank | ew:Multiply:Computed { indices: NodeId(10565), index_map: IndexPattern { iter_rank | ew:Multiply:Computed { indices: NodeId(10596), index_map: IndexPattern { iter_rank
LEAF	blk.23.post_ffw_norm_2.weight	Float32	[Static(2816)]	gguf=[2816]/F32	bound=owned	ew:Multiply:Affine(IndexPattern { iter_rank: 2, axes: [AxisIndex { terms: [AxisTer
LEAF	blk.23.post_ffw_norm.weight	Float32	[Static(2816)]	gguf=[2816]/F32	bound=owned	ew:Multiply:Affine(IndexPattern { iter_rank: 2, axes: [AxisIndex { terms: [AxisTer
LEAF	blk.23.layer_output_scale.weight	Float32	[]	gguf=[1]/F32	bound=packed	ew:Multiply:Affine(IndexPattern { iter_rank: 2, axes: [] })
LEAF	blk.24.attn_norm.weight	Float32	[Static(2816)]	gguf=[2816]/F32	bound=owned	ew:Multiply:Affine(IndexPattern { iter_rank: 2, axes: [AxisIndex { terms: [AxisTer
LEAF	blk.24.ffn_norm.weight	Float32	[Static(2816)]	gguf=[2816]/F32	bound=owned	ew:Multiply:Affine(IndexPattern { iter_rank: 2, axes: [AxisIndex { terms: [AxisTer
LEAF	blk.24.post_attention_norm.weight	Float32	[Static(2816)]	gguf=[2816]/F32	bound=owned	ew:Multiply:Affine(IndexPattern { iter_rank: 2, axes: [AxisIndex { terms: [AxisTer
LEAF	blk.24.attn_q.weight	Float32	[Static(2816), Static(16), Static(256)]	gguf=[2816, 4096]/Q3_K	bound=packed	ew:Multiply:Affine(IndexPattern { iter_rank: 4, axes: [AxisIndex { terms: [AxisTer
LEAF	blk.24.attn_k.weight	Float32	[Static(2816), Static(8), Static(256)]	gguf=[2816, 2048]/Q3_K	bound=packed	ew:Multiply:Affine(IndexPattern { iter_rank: 4, axes: [AxisIndex { terms: [AxisTer
LEAF	blk.24.attn_k_norm.weight	Float32	[Static(256)]	gguf=[256]/F32	bound=owned	ew:Multiply:Affine(IndexPattern { iter_rank: 3, axes: [AxisIndex { terms: [AxisTer
LEAF	blk.24.attn_v.weight	Float32	[Static(2816), Static(8), Static(256)]	gguf=[2816, 2048]/Q4_K	bound=packed	ew:Multiply:Affine(IndexPattern { iter_rank: 4, axes: [AxisIndex { terms: [AxisTer
LEAF	kv_cache.24.k_even	Float32	[Symbolic(2), Static(8), Static(128)]	gguf=-	bound=-	ew:Multiply:Affine(IndexPattern { iter_rank: 5, axes: [AxisIndex { terms: [AxisTer
LEAF	kv_cache.24.k_odd	Float32	[Symbolic(2), Static(8), Static(128)]	gguf=-	bound=-	ew:Multiply:Affine(IndexPattern { iter_rank: 5, axes: [AxisIndex { terms: [AxisTer
LEAF	kv_cache.24.v	Float32	[Symbolic(2), Static(8), Static(256)]	gguf=-	bound=-	ew:Multiply:Affine(IndexPattern { iter_rank: 5, axes: [AxisIndex { terms: [AxisTer
LEAF	blk.24.attn_output.weight	Float32	[Static(8), Static(2), Static(256), Static(2816)]	gguf=[4096, 2816]/Q4_K	bound=packed	ew:Multiply:Affine(IndexPattern { iter_rank: 5, axes: [AxisIndex { terms: [AxisTer
LEAF	blk.24.attn_q_norm.weight	Float32	[Static(256)]	gguf=[256]/F32	bound=owned	ew:Multiply:Affine(IndexPattern { iter_rank: 3, axes: [AxisIndex { terms: [AxisTer
LEAF	blk.24.ffn_gate.weight	Float32	[Static(2816), Static(2112)]	gguf=[2816, 2112]/Q3_K	bound=packed	ew:Multiply:Affine(IndexPattern { iter_rank: 3, axes: [AxisIndex { terms: [AxisTer
LEAF	blk.24.ffn_up.weight	Float32	[Static(2816), Static(2112)]	gguf=[2816, 2112]/Q3_K	bound=packed	ew:Multiply:Affine(IndexPattern { iter_rank: 3, axes: [AxisIndex { terms: [AxisTer
LEAF	blk.24.ffn_down.weight	Float32	[Static(2112), Static(2816)]	gguf=[2112, 2816]/Q5_0	bound=packed	ew:Multiply:Affine(IndexPattern { iter_rank: 3, axes: [AxisIndex { terms: [AxisTer
LEAF	blk.24.post_ffw_norm_1.weight	Float32	[Static(2816)]	gguf=[2816]/F32	bound=owned	ew:Multiply:Affine(IndexPattern { iter_rank: 2, axes: [AxisIndex { terms: [AxisTer
LEAF	blk.24.pre_ffw_norm_2.weight	Float32	[Static(2816)]	gguf=[2816]/F32	bound=owned	ew:Multiply:Affine(IndexPattern { iter_rank: 2, axes: [AxisIndex { terms: [AxisTer
LEAF	blk.24.ffn_gate_inp.weight	Float32	[Static(2816), Static(128)]	gguf=[2816, 128]/F32	bound=owned	ew:Multiply:Affine(IndexPattern { iter_rank: 3, axes: [AxisIndex { terms: [AxisTer
LEAF	blk.24.ffn_gate_inp.scale	Float32	[Static(2816)]	gguf=[2816]/F32	bound=packed	ew:Multiply:Affine(IndexPattern { iter_rank: 1, axes: [AxisIndex { terms: [AxisTer
LEAF	blk.24.ffn_down_exps.scale	Float32	[Static(128)]	gguf=[128]/F32	bound=packed	ew:Identity:Computed { indices: NodeId(10823), index_map: IndexPattern { iter_rank | ew:Identity:Computed { indices: NodeId(10852), index_map: IndexPattern { iter_rank | ew:Identity:Computed { indices: NodeId(10883), index_map: IndexPattern { iter_rank | ew:Identity:Computed { indices: NodeId(10914), index_map: IndexPattern { iter_rank | ew:Identity:Computed { indices: NodeId(10945), index_map: IndexPattern { iter_rank | ew:Identity:Computed { indices: NodeId(10976), index_map: IndexPattern { iter_rank | ew:Identity:Computed { indices: NodeId(11007), index_map: IndexPattern { iter_rank | ew:Identity:Computed { indices: NodeId(11038), index_map: IndexPattern { iter_rank
LEAF	blk.24.ffn_gate_exps.weight	Float32	[Static(128), Static(2816), Static(704)]	gguf=-	bound=packed_owned	ew:Multiply:Computed { indices: NodeId(10823), index_map: IndexPattern { iter_rank | ew:Multiply:Computed { indices: NodeId(10852), index_map: IndexPattern { iter_rank | ew:Multiply:Computed { indices: NodeId(10883), index_map: IndexPattern { iter_rank | ew:Multiply:Computed { indices: NodeId(10914), index_map: IndexPattern { iter_rank | ew:Multiply:Computed { indices: NodeId(10945), index_map: IndexPattern { iter_rank | ew:Multiply:Computed { indices: NodeId(10976), index_map: IndexPattern { iter_rank | ew:Multiply:Computed { indices: NodeId(11007), index_map: IndexPattern { iter_rank | ew:Multiply:Computed { indices: NodeId(11038), index_map: IndexPattern { iter_rank
LEAF	blk.24.ffn_up_exps.weight	Float32	[Static(128), Static(2816), Static(704)]	gguf=-	bound=packed_owned	ew:Multiply:Computed { indices: NodeId(10823), index_map: IndexPattern { iter_rank | ew:Multiply:Computed { indices: NodeId(10852), index_map: IndexPattern { iter_rank | ew:Multiply:Computed { indices: NodeId(10883), index_map: IndexPattern { iter_rank | ew:Multiply:Computed { indices: NodeId(10914), index_map: IndexPattern { iter_rank | ew:Multiply:Computed { indices: NodeId(10945), index_map: IndexPattern { iter_rank | ew:Multiply:Computed { indices: NodeId(10976), index_map: IndexPattern { iter_rank | ew:Multiply:Computed { indices: NodeId(11007), index_map: IndexPattern { iter_rank | ew:Multiply:Computed { indices: NodeId(11038), index_map: IndexPattern { iter_rank
LEAF	blk.24.ffn_down_exps.weight	Float32	[Static(128), Static(704), Static(2816)]	gguf=[704, 2816, 128]/Q5_0	bound=packed	ew:Multiply:Computed { indices: NodeId(10823), index_map: IndexPattern { iter_rank | ew:Multiply:Computed { indices: NodeId(10852), index_map: IndexPattern { iter_rank | ew:Multiply:Computed { indices: NodeId(10883), index_map: IndexPattern { iter_rank | ew:Multiply:Computed { indices: NodeId(10914), index_map: IndexPattern { iter_rank | ew:Multiply:Computed { indices: NodeId(10945), index_map: IndexPattern { iter_rank | ew:Multiply:Computed { indices: NodeId(10976), index_map: IndexPattern { iter_rank | ew:Multiply:Computed { indices: NodeId(11007), index_map: IndexPattern { iter_rank | ew:Multiply:Computed { indices: NodeId(11038), index_map: IndexPattern { iter_rank
LEAF	blk.24.post_ffw_norm_2.weight	Float32	[Static(2816)]	gguf=[2816]/F32	bound=owned	ew:Multiply:Affine(IndexPattern { iter_rank: 2, axes: [AxisIndex { terms: [AxisTer
LEAF	blk.24.post_ffw_norm.weight	Float32	[Static(2816)]	gguf=[2816]/F32	bound=owned	ew:Multiply:Affine(IndexPattern { iter_rank: 2, axes: [AxisIndex { terms: [AxisTer
LEAF	blk.24.layer_output_scale.weight	Float32	[]	gguf=[1]/F32	bound=packed	ew:Multiply:Affine(IndexPattern { iter_rank: 2, axes: [] })
LEAF	blk.25.attn_norm.weight	Float32	[Static(2816)]	gguf=[2816]/F32	bound=owned	ew:Multiply:Affine(IndexPattern { iter_rank: 2, axes: [AxisIndex { terms: [AxisTer
LEAF	blk.25.ffn_norm.weight	Float32	[Static(2816)]	gguf=[2816]/F32	bound=owned	ew:Multiply:Affine(IndexPattern { iter_rank: 2, axes: [AxisIndex { terms: [AxisTer
LEAF	blk.25.post_attention_norm.weight	Float32	[Static(2816)]	gguf=[2816]/F32	bound=owned	ew:Multiply:Affine(IndexPattern { iter_rank: 2, axes: [AxisIndex { terms: [AxisTer
LEAF	blk.25.attn_q.weight	Float32	[Static(2816), Static(16), Static(256)]	gguf=[2816, 4096]/Q3_K	bound=packed	ew:Multiply:Affine(IndexPattern { iter_rank: 4, axes: [AxisIndex { terms: [AxisTer
LEAF	blk.25.attn_k.weight	Float32	[Static(2816), Static(8), Static(256)]	gguf=[2816, 2048]/Q3_K	bound=packed	ew:Multiply:Affine(IndexPattern { iter_rank: 4, axes: [AxisIndex { terms: [AxisTer
LEAF	blk.25.attn_k_norm.weight	Float32	[Static(256)]	gguf=[256]/F32	bound=owned	ew:Multiply:Affine(IndexPattern { iter_rank: 3, axes: [AxisIndex { terms: [AxisTer
LEAF	blk.25.attn_v.weight	Float32	[Static(2816), Static(8), Static(256)]	gguf=[2816, 2048]/Q4_K	bound=packed	ew:Multiply:Affine(IndexPattern { iter_rank: 4, axes: [AxisIndex { terms: [AxisTer
LEAF	kv_cache.25.k_even	Float32	[Symbolic(2), Static(8), Static(128)]	gguf=-	bound=-	ew:Multiply:Affine(IndexPattern { iter_rank: 5, axes: [AxisIndex { terms: [AxisTer
LEAF	kv_cache.25.k_odd	Float32	[Symbolic(2), Static(8), Static(128)]	gguf=-	bound=-	ew:Multiply:Affine(IndexPattern { iter_rank: 5, axes: [AxisIndex { terms: [AxisTer
LEAF	kv_cache.25.v	Float32	[Symbolic(2), Static(8), Static(256)]	gguf=-	bound=-	ew:Multiply:Affine(IndexPattern { iter_rank: 5, axes: [AxisIndex { terms: [AxisTer
LEAF	blk.25.attn_output.weight	Float32	[Static(8), Static(2), Static(256), Static(2816)]	gguf=[4096, 2816]/Q4_K	bound=packed	ew:Multiply:Affine(IndexPattern { iter_rank: 5, axes: [AxisIndex { terms: [AxisTer
LEAF	blk.25.attn_q_norm.weight	Float32	[Static(256)]	gguf=[256]/F32	bound=owned	ew:Multiply:Affine(IndexPattern { iter_rank: 3, axes: [AxisIndex { terms: [AxisTer
LEAF	blk.25.ffn_gate.weight	Float32	[Static(2816), Static(2112)]	gguf=[2816, 2112]/Q3_K	bound=packed	ew:Multiply:Affine(IndexPattern { iter_rank: 3, axes: [AxisIndex { terms: [AxisTer
LEAF	blk.25.ffn_up.weight	Float32	[Static(2816), Static(2112)]	gguf=[2816, 2112]/Q3_K	bound=packed	ew:Multiply:Affine(IndexPattern { iter_rank: 3, axes: [AxisIndex { terms: [AxisTer
LEAF	blk.25.ffn_down.weight	Float32	[Static(2112), Static(2816)]	gguf=[2112, 2816]/Q5_0	bound=packed	ew:Multiply:Affine(IndexPattern { iter_rank: 3, axes: [AxisIndex { terms: [AxisTer
LEAF	blk.25.post_ffw_norm_1.weight	Float32	[Static(2816)]	gguf=[2816]/F32	bound=owned	ew:Multiply:Affine(IndexPattern { iter_rank: 2, axes: [AxisIndex { terms: [AxisTer
LEAF	blk.25.pre_ffw_norm_2.weight	Float32	[Static(2816)]	gguf=[2816]/F32	bound=owned	ew:Multiply:Affine(IndexPattern { iter_rank: 2, axes: [AxisIndex { terms: [AxisTer
LEAF	blk.25.ffn_gate_inp.weight	Float32	[Static(2816), Static(128)]	gguf=[2816, 128]/F32	bound=owned	ew:Multiply:Affine(IndexPattern { iter_rank: 3, axes: [AxisIndex { terms: [AxisTer
LEAF	blk.25.ffn_gate_inp.scale	Float32	[Static(2816)]	gguf=[2816]/F32	bound=packed	ew:Multiply:Affine(IndexPattern { iter_rank: 1, axes: [AxisIndex { terms: [AxisTer
LEAF	blk.25.ffn_down_exps.scale	Float32	[Static(128)]	gguf=[128]/F32	bound=packed	ew:Identity:Computed { indices: NodeId(11265), index_map: IndexPattern { iter_rank | ew:Identity:Computed { indices: NodeId(11294), index_map: IndexPattern { iter_rank | ew:Identity:Computed { indices: NodeId(11325), index_map: IndexPattern { iter_rank | ew:Identity:Computed { indices: NodeId(11356), index_map: IndexPattern { iter_rank | ew:Identity:Computed { indices: NodeId(11387), index_map: IndexPattern { iter_rank | ew:Identity:Computed { indices: NodeId(11418), index_map: IndexPattern { iter_rank | ew:Identity:Computed { indices: NodeId(11449), index_map: IndexPattern { iter_rank | ew:Identity:Computed { indices: NodeId(11480), index_map: IndexPattern { iter_rank
LEAF	blk.25.ffn_gate_exps.weight	Float32	[Static(128), Static(2816), Static(704)]	gguf=-	bound=packed_owned	ew:Multiply:Computed { indices: NodeId(11265), index_map: IndexPattern { iter_rank | ew:Multiply:Computed { indices: NodeId(11294), index_map: IndexPattern { iter_rank | ew:Multiply:Computed { indices: NodeId(11325), index_map: IndexPattern { iter_rank | ew:Multiply:Computed { indices: NodeId(11356), index_map: IndexPattern { iter_rank | ew:Multiply:Computed { indices: NodeId(11387), index_map: IndexPattern { iter_rank | ew:Multiply:Computed { indices: NodeId(11418), index_map: IndexPattern { iter_rank | ew:Multiply:Computed { indices: NodeId(11449), index_map: IndexPattern { iter_rank | ew:Multiply:Computed { indices: NodeId(11480), index_map: IndexPattern { iter_rank
LEAF	blk.25.ffn_up_exps.weight	Float32	[Static(128), Static(2816), Static(704)]	gguf=-	bound=packed_owned	ew:Multiply:Computed { indices: NodeId(11265), index_map: IndexPattern { iter_rank | ew:Multiply:Computed { indices: NodeId(11294), index_map: IndexPattern { iter_rank | ew:Multiply:Computed { indices: NodeId(11325), index_map: IndexPattern { iter_rank | ew:Multiply:Computed { indices: NodeId(11356), index_map: IndexPattern { iter_rank | ew:Multiply:Computed { indices: NodeId(11387), index_map: IndexPattern { iter_rank | ew:Multiply:Computed { indices: NodeId(11418), index_map: IndexPattern { iter_rank | ew:Multiply:Computed { indices: NodeId(11449), index_map: IndexPattern { iter_rank | ew:Multiply:Computed { indices: NodeId(11480), index_map: IndexPattern { iter_rank
LEAF	blk.25.ffn_down_exps.weight	Float32	[Static(128), Static(704), Static(2816)]	gguf=[704, 2816, 128]/Q5_0	bound=packed	ew:Multiply:Computed { indices: NodeId(11265), index_map: IndexPattern { iter_rank | ew:Multiply:Computed { indices: NodeId(11294), index_map: IndexPattern { iter_rank | ew:Multiply:Computed { indices: NodeId(11325), index_map: IndexPattern { iter_rank | ew:Multiply:Computed { indices: NodeId(11356), index_map: IndexPattern { iter_rank | ew:Multiply:Computed { indices: NodeId(11387), index_map: IndexPattern { iter_rank | ew:Multiply:Computed { indices: NodeId(11418), index_map: IndexPattern { iter_rank | ew:Multiply:Computed { indices: NodeId(11449), index_map: IndexPattern { iter_rank | ew:Multiply:Computed { indices: NodeId(11480), index_map: IndexPattern { iter_rank
LEAF	blk.25.post_ffw_norm_2.weight	Float32	[Static(2816)]	gguf=[2816]/F32	bound=owned	ew:Multiply:Affine(IndexPattern { iter_rank: 2, axes: [AxisIndex { terms: [AxisTer
LEAF	blk.25.post_ffw_norm.weight	Float32	[Static(2816)]	gguf=[2816]/F32	bound=owned	ew:Multiply:Affine(IndexPattern { iter_rank: 2, axes: [AxisIndex { terms: [AxisTer
LEAF	blk.25.layer_output_scale.weight	Float32	[]	gguf=[1]/F32	bound=packed	ew:Multiply:Affine(IndexPattern { iter_rank: 2, axes: [] })
LEAF	blk.26.attn_norm.weight	Float32	[Static(2816)]	gguf=[2816]/F32	bound=owned	ew:Multiply:Affine(IndexPattern { iter_rank: 2, axes: [AxisIndex { terms: [AxisTer
LEAF	blk.26.ffn_norm.weight	Float32	[Static(2816)]	gguf=[2816]/F32	bound=owned	ew:Multiply:Affine(IndexPattern { iter_rank: 2, axes: [AxisIndex { terms: [AxisTer
LEAF	blk.26.post_attention_norm.weight	Float32	[Static(2816)]	gguf=[2816]/F32	bound=owned	ew:Multiply:Affine(IndexPattern { iter_rank: 2, axes: [AxisIndex { terms: [AxisTer
LEAF	blk.26.attn_q.weight	Float32	[Static(2816), Static(16), Static(256)]	gguf=[2816, 4096]/Q3_K	bound=packed	ew:Multiply:Affine(IndexPattern { iter_rank: 4, axes: [AxisIndex { terms: [AxisTer
LEAF	blk.26.attn_k.weight	Float32	[Static(2816), Static(8), Static(256)]	gguf=[2816, 2048]/Q3_K	bound=packed	ew:Multiply:Affine(IndexPattern { iter_rank: 4, axes: [AxisIndex { terms: [AxisTer
LEAF	blk.26.attn_k_norm.weight	Float32	[Static(256)]	gguf=[256]/F32	bound=owned	ew:Multiply:Affine(IndexPattern { iter_rank: 3, axes: [AxisIndex { terms: [AxisTer
LEAF	blk.26.attn_v.weight	Float32	[Static(2816), Static(8), Static(256)]	gguf=[2816, 2048]/Q4_K	bound=packed	ew:Multiply:Affine(IndexPattern { iter_rank: 4, axes: [AxisIndex { terms: [AxisTer
LEAF	kv_cache.26.k_even	Float32	[Symbolic(2), Static(8), Static(128)]	gguf=-	bound=-	ew:Multiply:Affine(IndexPattern { iter_rank: 5, axes: [AxisIndex { terms: [AxisTer
LEAF	kv_cache.26.k_odd	Float32	[Symbolic(2), Static(8), Static(128)]	gguf=-	bound=-	ew:Multiply:Affine(IndexPattern { iter_rank: 5, axes: [AxisIndex { terms: [AxisTer
LEAF	kv_cache.26.v	Float32	[Symbolic(2), Static(8), Static(256)]	gguf=-	bound=-	ew:Multiply:Affine(IndexPattern { iter_rank: 5, axes: [AxisIndex { terms: [AxisTer
LEAF	blk.26.attn_output.weight	Float32	[Static(8), Static(2), Static(256), Static(2816)]	gguf=[4096, 2816]/Q4_K	bound=packed	ew:Multiply:Affine(IndexPattern { iter_rank: 5, axes: [AxisIndex { terms: [AxisTer
LEAF	blk.26.attn_q_norm.weight	Float32	[Static(256)]	gguf=[256]/F32	bound=owned	ew:Multiply:Affine(IndexPattern { iter_rank: 3, axes: [AxisIndex { terms: [AxisTer
LEAF	blk.26.ffn_gate.weight	Float32	[Static(2816), Static(2112)]	gguf=[2816, 2112]/Q3_K	bound=packed	ew:Multiply:Affine(IndexPattern { iter_rank: 3, axes: [AxisIndex { terms: [AxisTer
LEAF	blk.26.ffn_up.weight	Float32	[Static(2816), Static(2112)]	gguf=[2816, 2112]/Q3_K	bound=packed	ew:Multiply:Affine(IndexPattern { iter_rank: 3, axes: [AxisIndex { terms: [AxisTer
LEAF	blk.26.ffn_down.weight	Float32	[Static(2112), Static(2816)]	gguf=[2112, 2816]/Q5_0	bound=packed	ew:Multiply:Affine(IndexPattern { iter_rank: 3, axes: [AxisIndex { terms: [AxisTer
LEAF	blk.26.post_ffw_norm_1.weight	Float32	[Static(2816)]	gguf=[2816]/F32	bound=owned	ew:Multiply:Affine(IndexPattern { iter_rank: 2, axes: [AxisIndex { terms: [AxisTer
LEAF	blk.26.pre_ffw_norm_2.weight	Float32	[Static(2816)]	gguf=[2816]/F32	bound=owned	ew:Multiply:Affine(IndexPattern { iter_rank: 2, axes: [AxisIndex { terms: [AxisTer
LEAF	blk.26.ffn_gate_inp.weight	Float32	[Static(2816), Static(128)]	gguf=[2816, 128]/F32	bound=owned	ew:Multiply:Affine(IndexPattern { iter_rank: 3, axes: [AxisIndex { terms: [AxisTer
LEAF	blk.26.ffn_gate_inp.scale	Float32	[Static(2816)]	gguf=[2816]/F32	bound=packed	ew:Multiply:Affine(IndexPattern { iter_rank: 1, axes: [AxisIndex { terms: [AxisTer
LEAF	blk.26.ffn_down_exps.scale	Float32	[Static(128)]	gguf=[128]/F32	bound=packed	ew:Identity:Computed { indices: NodeId(11707), index_map: IndexPattern { iter_rank | ew:Identity:Computed { indices: NodeId(11736), index_map: IndexPattern { iter_rank | ew:Identity:Computed { indices: NodeId(11767), index_map: IndexPattern { iter_rank | ew:Identity:Computed { indices: NodeId(11798), index_map: IndexPattern { iter_rank | ew:Identity:Computed { indices: NodeId(11829), index_map: IndexPattern { iter_rank | ew:Identity:Computed { indices: NodeId(11860), index_map: IndexPattern { iter_rank | ew:Identity:Computed { indices: NodeId(11891), index_map: IndexPattern { iter_rank | ew:Identity:Computed { indices: NodeId(11922), index_map: IndexPattern { iter_rank
LEAF	blk.26.ffn_gate_exps.weight	Float32	[Static(128), Static(2816), Static(704)]	gguf=-	bound=packed_owned	ew:Multiply:Computed { indices: NodeId(11707), index_map: IndexPattern { iter_rank | ew:Multiply:Computed { indices: NodeId(11736), index_map: IndexPattern { iter_rank | ew:Multiply:Computed { indices: NodeId(11767), index_map: IndexPattern { iter_rank | ew:Multiply:Computed { indices: NodeId(11798), index_map: IndexPattern { iter_rank | ew:Multiply:Computed { indices: NodeId(11829), index_map: IndexPattern { iter_rank | ew:Multiply:Computed { indices: NodeId(11860), index_map: IndexPattern { iter_rank | ew:Multiply:Computed { indices: NodeId(11891), index_map: IndexPattern { iter_rank | ew:Multiply:Computed { indices: NodeId(11922), index_map: IndexPattern { iter_rank
LEAF	blk.26.ffn_up_exps.weight	Float32	[Static(128), Static(2816), Static(704)]	gguf=-	bound=packed_owned	ew:Multiply:Computed { indices: NodeId(11707), index_map: IndexPattern { iter_rank | ew:Multiply:Computed { indices: NodeId(11736), index_map: IndexPattern { iter_rank | ew:Multiply:Computed { indices: NodeId(11767), index_map: IndexPattern { iter_rank | ew:Multiply:Computed { indices: NodeId(11798), index_map: IndexPattern { iter_rank | ew:Multiply:Computed { indices: NodeId(11829), index_map: IndexPattern { iter_rank | ew:Multiply:Computed { indices: NodeId(11860), index_map: IndexPattern { iter_rank | ew:Multiply:Computed { indices: NodeId(11891), index_map: IndexPattern { iter_rank | ew:Multiply:Computed { indices: NodeId(11922), index_map: IndexPattern { iter_rank
LEAF	blk.26.ffn_down_exps.weight	Float32	[Static(128), Static(704), Static(2816)]	gguf=[704, 2816, 128]/Q5_0	bound=packed	ew:Multiply:Computed { indices: NodeId(11707), index_map: IndexPattern { iter_rank | ew:Multiply:Computed { indices: NodeId(11736), index_map: IndexPattern { iter_rank | ew:Multiply:Computed { indices: NodeId(11767), index_map: IndexPattern { iter_rank | ew:Multiply:Computed { indices: NodeId(11798), index_map: IndexPattern { iter_rank | ew:Multiply:Computed { indices: NodeId(11829), index_map: IndexPattern { iter_rank | ew:Multiply:Computed { indices: NodeId(11860), index_map: IndexPattern { iter_rank | ew:Multiply:Computed { indices: NodeId(11891), index_map: IndexPattern { iter_rank | ew:Multiply:Computed { indices: NodeId(11922), index_map: IndexPattern { iter_rank
LEAF	blk.26.post_ffw_norm_2.weight	Float32	[Static(2816)]	gguf=[2816]/F32	bound=owned	ew:Multiply:Affine(IndexPattern { iter_rank: 2, axes: [AxisIndex { terms: [AxisTer
LEAF	blk.26.post_ffw_norm.weight	Float32	[Static(2816)]	gguf=[2816]/F32	bound=owned	ew:Multiply:Affine(IndexPattern { iter_rank: 2, axes: [AxisIndex { terms: [AxisTer
LEAF	blk.26.layer_output_scale.weight	Float32	[]	gguf=[1]/F32	bound=packed	ew:Multiply:Affine(IndexPattern { iter_rank: 2, axes: [] })
LEAF	blk.27.attn_norm.weight	Float32	[Static(2816)]	gguf=[2816]/F32	bound=owned	ew:Multiply:Affine(IndexPattern { iter_rank: 2, axes: [AxisIndex { terms: [AxisTer
LEAF	blk.27.ffn_norm.weight	Float32	[Static(2816)]	gguf=[2816]/F32	bound=owned	ew:Multiply:Affine(IndexPattern { iter_rank: 2, axes: [AxisIndex { terms: [AxisTer
LEAF	blk.27.post_attention_norm.weight	Float32	[Static(2816)]	gguf=[2816]/F32	bound=owned	ew:Multiply:Affine(IndexPattern { iter_rank: 2, axes: [AxisIndex { terms: [AxisTer
LEAF	blk.27.attn_q.weight	Float32	[Static(2816), Static(16), Static(256)]	gguf=[2816, 4096]/Q3_K	bound=packed	ew:Multiply:Affine(IndexPattern { iter_rank: 4, axes: [AxisIndex { terms: [AxisTer
LEAF	blk.27.attn_k.weight	Float32	[Static(2816), Static(8), Static(256)]	gguf=[2816, 2048]/Q3_K	bound=packed	ew:Multiply:Affine(IndexPattern { iter_rank: 4, axes: [AxisIndex { terms: [AxisTer
LEAF	blk.27.attn_k_norm.weight	Float32	[Static(256)]	gguf=[256]/F32	bound=owned	ew:Multiply:Affine(IndexPattern { iter_rank: 3, axes: [AxisIndex { terms: [AxisTer
LEAF	blk.27.attn_v.weight	Float32	[Static(2816), Static(8), Static(256)]	gguf=[2816, 2048]/Q4_K	bound=packed	ew:Multiply:Affine(IndexPattern { iter_rank: 4, axes: [AxisIndex { terms: [AxisTer
LEAF	kv_cache.27.k_even	Float32	[Symbolic(2), Static(8), Static(128)]	gguf=-	bound=-	ew:Multiply:Affine(IndexPattern { iter_rank: 5, axes: [AxisIndex { terms: [AxisTer
LEAF	kv_cache.27.k_odd	Float32	[Symbolic(2), Static(8), Static(128)]	gguf=-	bound=-	ew:Multiply:Affine(IndexPattern { iter_rank: 5, axes: [AxisIndex { terms: [AxisTer
LEAF	kv_cache.27.v	Float32	[Symbolic(2), Static(8), Static(256)]	gguf=-	bound=-	ew:Multiply:Affine(IndexPattern { iter_rank: 5, axes: [AxisIndex { terms: [AxisTer
LEAF	blk.27.attn_output.weight	Float32	[Static(8), Static(2), Static(256), Static(2816)]	gguf=[4096, 2816]/Q4_K	bound=packed	ew:Multiply:Affine(IndexPattern { iter_rank: 5, axes: [AxisIndex { terms: [AxisTer
LEAF	blk.27.attn_q_norm.weight	Float32	[Static(256)]	gguf=[256]/F32	bound=owned	ew:Multiply:Affine(IndexPattern { iter_rank: 3, axes: [AxisIndex { terms: [AxisTer
LEAF	blk.27.ffn_gate.weight	Float32	[Static(2816), Static(2112)]	gguf=[2816, 2112]/Q3_K	bound=packed	ew:Multiply:Affine(IndexPattern { iter_rank: 3, axes: [AxisIndex { terms: [AxisTer
LEAF	blk.27.ffn_up.weight	Float32	[Static(2816), Static(2112)]	gguf=[2816, 2112]/Q3_K	bound=packed	ew:Multiply:Affine(IndexPattern { iter_rank: 3, axes: [AxisIndex { terms: [AxisTer
LEAF	blk.27.ffn_down.weight	Float32	[Static(2112), Static(2816)]	gguf=[2112, 2816]/Q5_0	bound=packed	ew:Multiply:Affine(IndexPattern { iter_rank: 3, axes: [AxisIndex { terms: [AxisTer
LEAF	blk.27.post_ffw_norm_1.weight	Float32	[Static(2816)]	gguf=[2816]/F32	bound=owned	ew:Multiply:Affine(IndexPattern { iter_rank: 2, axes: [AxisIndex { terms: [AxisTer
LEAF	blk.27.pre_ffw_norm_2.weight	Float32	[Static(2816)]	gguf=[2816]/F32	bound=owned	ew:Multiply:Affine(IndexPattern { iter_rank: 2, axes: [AxisIndex { terms: [AxisTer
LEAF	blk.27.ffn_gate_inp.weight	Float32	[Static(2816), Static(128)]	gguf=[2816, 128]/F32	bound=owned	ew:Multiply:Affine(IndexPattern { iter_rank: 3, axes: [AxisIndex { terms: [AxisTer
LEAF	blk.27.ffn_gate_inp.scale	Float32	[Static(2816)]	gguf=[2816]/F32	bound=packed	ew:Multiply:Affine(IndexPattern { iter_rank: 1, axes: [AxisIndex { terms: [AxisTer
LEAF	blk.27.ffn_down_exps.scale	Float32	[Static(128)]	gguf=[128]/F32	bound=packed	ew:Identity:Computed { indices: NodeId(12149), index_map: IndexPattern { iter_rank | ew:Identity:Computed { indices: NodeId(12178), index_map: IndexPattern { iter_rank | ew:Identity:Computed { indices: NodeId(12209), index_map: IndexPattern { iter_rank | ew:Identity:Computed { indices: NodeId(12240), index_map: IndexPattern { iter_rank | ew:Identity:Computed { indices: NodeId(12271), index_map: IndexPattern { iter_rank | ew:Identity:Computed { indices: NodeId(12302), index_map: IndexPattern { iter_rank | ew:Identity:Computed { indices: NodeId(12333), index_map: IndexPattern { iter_rank | ew:Identity:Computed { indices: NodeId(12364), index_map: IndexPattern { iter_rank
LEAF	blk.27.ffn_gate_exps.weight	Float32	[Static(128), Static(2816), Static(704)]	gguf=-	bound=packed_owned	ew:Multiply:Computed { indices: NodeId(12149), index_map: IndexPattern { iter_rank | ew:Multiply:Computed { indices: NodeId(12178), index_map: IndexPattern { iter_rank | ew:Multiply:Computed { indices: NodeId(12209), index_map: IndexPattern { iter_rank | ew:Multiply:Computed { indices: NodeId(12240), index_map: IndexPattern { iter_rank | ew:Multiply:Computed { indices: NodeId(12271), index_map: IndexPattern { iter_rank | ew:Multiply:Computed { indices: NodeId(12302), index_map: IndexPattern { iter_rank | ew:Multiply:Computed { indices: NodeId(12333), index_map: IndexPattern { iter_rank | ew:Multiply:Computed { indices: NodeId(12364), index_map: IndexPattern { iter_rank
LEAF	blk.27.ffn_up_exps.weight	Float32	[Static(128), Static(2816), Static(704)]	gguf=-	bound=packed_owned	ew:Multiply:Computed { indices: NodeId(12149), index_map: IndexPattern { iter_rank | ew:Multiply:Computed { indices: NodeId(12178), index_map: IndexPattern { iter_rank | ew:Multiply:Computed { indices: NodeId(12209), index_map: IndexPattern { iter_rank | ew:Multiply:Computed { indices: NodeId(12240), index_map: IndexPattern { iter_rank | ew:Multiply:Computed { indices: NodeId(12271), index_map: IndexPattern { iter_rank | ew:Multiply:Computed { indices: NodeId(12302), index_map: IndexPattern { iter_rank | ew:Multiply:Computed { indices: NodeId(12333), index_map: IndexPattern { iter_rank | ew:Multiply:Computed { indices: NodeId(12364), index_map: IndexPattern { iter_rank
LEAF	blk.27.ffn_down_exps.weight	Float32	[Static(128), Static(704), Static(2816)]	gguf=[704, 2816, 128]/Q5_0	bound=packed	ew:Multiply:Computed { indices: NodeId(12149), index_map: IndexPattern { iter_rank | ew:Multiply:Computed { indices: NodeId(12178), index_map: IndexPattern { iter_rank | ew:Multiply:Computed { indices: NodeId(12209), index_map: IndexPattern { iter_rank | ew:Multiply:Computed { indices: NodeId(12240), index_map: IndexPattern { iter_rank | ew:Multiply:Computed { indices: NodeId(12271), index_map: IndexPattern { iter_rank | ew:Multiply:Computed { indices: NodeId(12302), index_map: IndexPattern { iter_rank | ew:Multiply:Computed { indices: NodeId(12333), index_map: IndexPattern { iter_rank | ew:Multiply:Computed { indices: NodeId(12364), index_map: IndexPattern { iter_rank
LEAF	blk.27.post_ffw_norm_2.weight	Float32	[Static(2816)]	gguf=[2816]/F32	bound=owned	ew:Multiply:Affine(IndexPattern { iter_rank: 2, axes: [AxisIndex { terms: [AxisTer
LEAF	blk.27.post_ffw_norm.weight	Float32	[Static(2816)]	gguf=[2816]/F32	bound=owned	ew:Multiply:Affine(IndexPattern { iter_rank: 2, axes: [AxisIndex { terms: [AxisTer
LEAF	blk.27.layer_output_scale.weight	Float32	[]	gguf=[1]/F32	bound=packed	ew:Multiply:Affine(IndexPattern { iter_rank: 2, axes: [] })
LEAF	blk.28.attn_norm.weight	Float32	[Static(2816)]	gguf=[2816]/F32	bound=owned	ew:Multiply:Affine(IndexPattern { iter_rank: 2, axes: [AxisIndex { terms: [AxisTer
LEAF	blk.28.ffn_norm.weight	Float32	[Static(2816)]	gguf=[2816]/F32	bound=owned	ew:Multiply:Affine(IndexPattern { iter_rank: 2, axes: [AxisIndex { terms: [AxisTer
LEAF	blk.28.post_attention_norm.weight	Float32	[Static(2816)]	gguf=[2816]/F32	bound=owned	ew:Multiply:Affine(IndexPattern { iter_rank: 2, axes: [AxisIndex { terms: [AxisTer
LEAF	blk.28.attn_q.weight	Float32	[Static(2816), Static(16), Static(256)]	gguf=[2816, 4096]/Q3_K	bound=packed	ew:Multiply:Affine(IndexPattern { iter_rank: 4, axes: [AxisIndex { terms: [AxisTer
LEAF	blk.28.attn_k.weight	Float32	[Static(2816), Static(8), Static(256)]	gguf=[2816, 2048]/Q3_K	bound=packed	ew:Multiply:Affine(IndexPattern { iter_rank: 4, axes: [AxisIndex { terms: [AxisTer
LEAF	blk.28.attn_k_norm.weight	Float32	[Static(256)]	gguf=[256]/F32	bound=owned	ew:Multiply:Affine(IndexPattern { iter_rank: 3, axes: [AxisIndex { terms: [AxisTer
LEAF	blk.28.attn_v.weight	Float32	[Static(2816), Static(8), Static(256)]	gguf=[2816, 2048]/Q4_K	bound=packed	ew:Multiply:Affine(IndexPattern { iter_rank: 4, axes: [AxisIndex { terms: [AxisTer
LEAF	kv_cache.28.k_even	Float32	[Symbolic(2), Static(8), Static(128)]	gguf=-	bound=-	ew:Multiply:Affine(IndexPattern { iter_rank: 5, axes: [AxisIndex { terms: [AxisTer
LEAF	kv_cache.28.k_odd	Float32	[Symbolic(2), Static(8), Static(128)]	gguf=-	bound=-	ew:Multiply:Affine(IndexPattern { iter_rank: 5, axes: [AxisIndex { terms: [AxisTer
LEAF	kv_cache.28.v	Float32	[Symbolic(2), Static(8), Static(256)]	gguf=-	bound=-	ew:Multiply:Affine(IndexPattern { iter_rank: 5, axes: [AxisIndex { terms: [AxisTer
LEAF	blk.28.attn_output.weight	Float32	[Static(8), Static(2), Static(256), Static(2816)]	gguf=[4096, 2816]/Q4_K	bound=packed	ew:Multiply:Affine(IndexPattern { iter_rank: 5, axes: [AxisIndex { terms: [AxisTer
LEAF	blk.28.attn_q_norm.weight	Float32	[Static(256)]	gguf=[256]/F32	bound=owned	ew:Multiply:Affine(IndexPattern { iter_rank: 3, axes: [AxisIndex { terms: [AxisTer
LEAF	blk.28.ffn_gate.weight	Float32	[Static(2816), Static(2112)]	gguf=[2816, 2112]/Q3_K	bound=packed	ew:Multiply:Affine(IndexPattern { iter_rank: 3, axes: [AxisIndex { terms: [AxisTer
LEAF	blk.28.ffn_up.weight	Float32	[Static(2816), Static(2112)]	gguf=[2816, 2112]/Q3_K	bound=packed	ew:Multiply:Affine(IndexPattern { iter_rank: 3, axes: [AxisIndex { terms: [AxisTer
LEAF	blk.28.ffn_down.weight	Float32	[Static(2112), Static(2816)]	gguf=[2112, 2816]/Q5_0	bound=packed	ew:Multiply:Affine(IndexPattern { iter_rank: 3, axes: [AxisIndex { terms: [AxisTer
LEAF	blk.28.post_ffw_norm_1.weight	Float32	[Static(2816)]	gguf=[2816]/F32	bound=owned	ew:Multiply:Affine(IndexPattern { iter_rank: 2, axes: [AxisIndex { terms: [AxisTer
LEAF	blk.28.pre_ffw_norm_2.weight	Float32	[Static(2816)]	gguf=[2816]/F32	bound=owned	ew:Multiply:Affine(IndexPattern { iter_rank: 2, axes: [AxisIndex { terms: [AxisTer
LEAF	blk.28.ffn_gate_inp.weight	Float32	[Static(2816), Static(128)]	gguf=[2816, 128]/F32	bound=owned	ew:Multiply:Affine(IndexPattern { iter_rank: 3, axes: [AxisIndex { terms: [AxisTer
LEAF	blk.28.ffn_gate_inp.scale	Float32	[Static(2816)]	gguf=[2816]/F32	bound=packed	ew:Multiply:Affine(IndexPattern { iter_rank: 1, axes: [AxisIndex { terms: [AxisTer
LEAF	blk.28.ffn_down_exps.scale	Float32	[Static(128)]	gguf=[128]/F32	bound=packed	ew:Identity:Computed { indices: NodeId(12591), index_map: IndexPattern { iter_rank | ew:Identity:Computed { indices: NodeId(12620), index_map: IndexPattern { iter_rank | ew:Identity:Computed { indices: NodeId(12651), index_map: IndexPattern { iter_rank | ew:Identity:Computed { indices: NodeId(12682), index_map: IndexPattern { iter_rank | ew:Identity:Computed { indices: NodeId(12713), index_map: IndexPattern { iter_rank | ew:Identity:Computed { indices: NodeId(12744), index_map: IndexPattern { iter_rank | ew:Identity:Computed { indices: NodeId(12775), index_map: IndexPattern { iter_rank | ew:Identity:Computed { indices: NodeId(12806), index_map: IndexPattern { iter_rank
LEAF	blk.28.ffn_gate_exps.weight	Float32	[Static(128), Static(2816), Static(704)]	gguf=-	bound=packed_owned	ew:Multiply:Computed { indices: NodeId(12591), index_map: IndexPattern { iter_rank | ew:Multiply:Computed { indices: NodeId(12620), index_map: IndexPattern { iter_rank | ew:Multiply:Computed { indices: NodeId(12651), index_map: IndexPattern { iter_rank | ew:Multiply:Computed { indices: NodeId(12682), index_map: IndexPattern { iter_rank | ew:Multiply:Computed { indices: NodeId(12713), index_map: IndexPattern { iter_rank | ew:Multiply:Computed { indices: NodeId(12744), index_map: IndexPattern { iter_rank | ew:Multiply:Computed { indices: NodeId(12775), index_map: IndexPattern { iter_rank | ew:Multiply:Computed { indices: NodeId(12806), index_map: IndexPattern { iter_rank
LEAF	blk.28.ffn_up_exps.weight	Float32	[Static(128), Static(2816), Static(704)]	gguf=-	bound=packed_owned	ew:Multiply:Computed { indices: NodeId(12591), index_map: IndexPattern { iter_rank | ew:Multiply:Computed { indices: NodeId(12620), index_map: IndexPattern { iter_rank | ew:Multiply:Computed { indices: NodeId(12651), index_map: IndexPattern { iter_rank | ew:Multiply:Computed { indices: NodeId(12682), index_map: IndexPattern { iter_rank | ew:Multiply:Computed { indices: NodeId(12713), index_map: IndexPattern { iter_rank | ew:Multiply:Computed { indices: NodeId(12744), index_map: IndexPattern { iter_rank | ew:Multiply:Computed { indices: NodeId(12775), index_map: IndexPattern { iter_rank | ew:Multiply:Computed { indices: NodeId(12806), index_map: IndexPattern { iter_rank
LEAF	blk.28.ffn_down_exps.weight	Float32	[Static(128), Static(704), Static(2816)]	gguf=[704, 2816, 128]/Q5_0	bound=packed	ew:Multiply:Computed { indices: NodeId(12591), index_map: IndexPattern { iter_rank | ew:Multiply:Computed { indices: NodeId(12620), index_map: IndexPattern { iter_rank | ew:Multiply:Computed { indices: NodeId(12651), index_map: IndexPattern { iter_rank | ew:Multiply:Computed { indices: NodeId(12682), index_map: IndexPattern { iter_rank | ew:Multiply:Computed { indices: NodeId(12713), index_map: IndexPattern { iter_rank | ew:Multiply:Computed { indices: NodeId(12744), index_map: IndexPattern { iter_rank | ew:Multiply:Computed { indices: NodeId(12775), index_map: IndexPattern { iter_rank | ew:Multiply:Computed { indices: NodeId(12806), index_map: IndexPattern { iter_rank
LEAF	blk.28.post_ffw_norm_2.weight	Float32	[Static(2816)]	gguf=[2816]/F32	bound=owned	ew:Multiply:Affine(IndexPattern { iter_rank: 2, axes: [AxisIndex { terms: [AxisTer
LEAF	blk.28.post_ffw_norm.weight	Float32	[Static(2816)]	gguf=[2816]/F32	bound=owned	ew:Multiply:Affine(IndexPattern { iter_rank: 2, axes: [AxisIndex { terms: [AxisTer
LEAF	blk.28.layer_output_scale.weight	Float32	[]	gguf=[1]/F32	bound=packed	ew:Multiply:Affine(IndexPattern { iter_rank: 2, axes: [] })
LEAF	blk.29.attn_norm.weight	Float32	[Static(2816)]	gguf=[2816]/F32	bound=owned	ew:Multiply:Affine(IndexPattern { iter_rank: 2, axes: [AxisIndex { terms: [AxisTer
LEAF	blk.29.ffn_norm.weight	Float32	[Static(2816)]	gguf=[2816]/F32	bound=owned	ew:Multiply:Affine(IndexPattern { iter_rank: 2, axes: [AxisIndex { terms: [AxisTer
LEAF	blk.29.post_attention_norm.weight	Float32	[Static(2816)]	gguf=[2816]/F32	bound=owned	ew:Multiply:Affine(IndexPattern { iter_rank: 2, axes: [AxisIndex { terms: [AxisTer
LEAF	blk.29.attn_q.weight	Float32	[Static(2816), Static(16), Static(512)]	gguf=[2816, 8192]/Q3_K	bound=packed	ew:Multiply:Affine(IndexPattern { iter_rank: 4, axes: [AxisIndex { terms: [AxisTer
LEAF	blk.29.attn_k.weight	Float32	[Static(2816), Static(2), Static(512)]	gguf=[2816, 1024]/Q3_K	bound=packed	ew:Multiply:Affine(IndexPattern { iter_rank: 4, axes: [AxisIndex { terms: [AxisTer
LEAF	blk.29.attn_k_norm.weight	Float32	[Static(512)]	gguf=[512]/F32	bound=owned	ew:Multiply:Affine(IndexPattern { iter_rank: 3, axes: [AxisIndex { terms: [AxisTer
LEAF	kv_cache.29.k_even	Float32	[Symbolic(1), Static(2), Static(256)]	gguf=-	bound=-	ew:Multiply:Affine(IndexPattern { iter_rank: 5, axes: [AxisIndex { terms: [AxisTer
LEAF	kv_cache.29.k_odd	Float32	[Symbolic(1), Static(2), Static(256)]	gguf=-	bound=-	ew:Multiply:Affine(IndexPattern { iter_rank: 5, axes: [AxisIndex { terms: [AxisTer
LEAF	kv_cache.29.v	Float32	[Symbolic(1), Static(2), Static(512)]	gguf=-	bound=-	ew:Multiply:Affine(IndexPattern { iter_rank: 5, axes: [AxisIndex { terms: [AxisTer
LEAF	blk.29.attn_output.weight	Float32	[Static(2), Static(8), Static(512), Static(2816)]	gguf=[8192, 2816]/Q4_K	bound=packed	ew:Multiply:Affine(IndexPattern { iter_rank: 5, axes: [AxisIndex { terms: [AxisTer
LEAF	blk.29.attn_q_norm.weight	Float32	[Static(512)]	gguf=[512]/F32	bound=owned	ew:Multiply:Affine(IndexPattern { iter_rank: 3, axes: [AxisIndex { terms: [AxisTer
LEAF	blk.29.ffn_gate.weight	Float32	[Static(2816), Static(2112)]	gguf=[2816, 2112]/Q3_K	bound=packed	ew:Multiply:Affine(IndexPattern { iter_rank: 3, axes: [AxisIndex { terms: [AxisTer
LEAF	blk.29.ffn_up.weight	Float32	[Static(2816), Static(2112)]	gguf=[2816, 2112]/Q3_K	bound=packed	ew:Multiply:Affine(IndexPattern { iter_rank: 3, axes: [AxisIndex { terms: [AxisTer
LEAF	blk.29.ffn_down.weight	Float32	[Static(2112), Static(2816)]	gguf=[2112, 2816]/Q5_0	bound=packed	ew:Multiply:Affine(IndexPattern { iter_rank: 3, axes: [AxisIndex { terms: [AxisTer
LEAF	blk.29.post_ffw_norm_1.weight	Float32	[Static(2816)]	gguf=[2816]/F32	bound=owned	ew:Multiply:Affine(IndexPattern { iter_rank: 2, axes: [AxisIndex { terms: [AxisTer
LEAF	blk.29.pre_ffw_norm_2.weight	Float32	[Static(2816)]	gguf=[2816]/F32	bound=owned	ew:Multiply:Affine(IndexPattern { iter_rank: 2, axes: [AxisIndex { terms: [AxisTer
LEAF	blk.29.ffn_gate_inp.weight	Float32	[Static(2816), Static(128)]	gguf=[2816, 128]/F32	bound=owned	ew:Multiply:Affine(IndexPattern { iter_rank: 3, axes: [AxisIndex { terms: [AxisTer
LEAF	blk.29.ffn_gate_inp.scale	Float32	[Static(2816)]	gguf=[2816]/F32	bound=packed	ew:Multiply:Affine(IndexPattern { iter_rank: 1, axes: [AxisIndex { terms: [AxisTer
LEAF	blk.29.ffn_down_exps.scale	Float32	[Static(128)]	gguf=[128]/F32	bound=packed	ew:Identity:Computed { indices: NodeId(13030), index_map: IndexPattern { iter_rank | ew:Identity:Computed { indices: NodeId(13059), index_map: IndexPattern { iter_rank | ew:Identity:Computed { indices: NodeId(13090), index_map: IndexPattern { iter_rank | ew:Identity:Computed { indices: NodeId(13121), index_map: IndexPattern { iter_rank | ew:Identity:Computed { indices: NodeId(13152), index_map: IndexPattern { iter_rank | ew:Identity:Computed { indices: NodeId(13183), index_map: IndexPattern { iter_rank | ew:Identity:Computed { indices: NodeId(13214), index_map: IndexPattern { iter_rank | ew:Identity:Computed { indices: NodeId(13245), index_map: IndexPattern { iter_rank
LEAF	blk.29.ffn_gate_exps.weight	Float32	[Static(128), Static(2816), Static(704)]	gguf=-	bound=packed_owned	ew:Multiply:Computed { indices: NodeId(13030), index_map: IndexPattern { iter_rank | ew:Multiply:Computed { indices: NodeId(13059), index_map: IndexPattern { iter_rank | ew:Multiply:Computed { indices: NodeId(13090), index_map: IndexPattern { iter_rank | ew:Multiply:Computed { indices: NodeId(13121), index_map: IndexPattern { iter_rank | ew:Multiply:Computed { indices: NodeId(13152), index_map: IndexPattern { iter_rank | ew:Multiply:Computed { indices: NodeId(13183), index_map: IndexPattern { iter_rank | ew:Multiply:Computed { indices: NodeId(13214), index_map: IndexPattern { iter_rank | ew:Multiply:Computed { indices: NodeId(13245), index_map: IndexPattern { iter_rank
LEAF	blk.29.ffn_up_exps.weight	Float32	[Static(128), Static(2816), Static(704)]	gguf=-	bound=packed_owned	ew:Multiply:Computed { indices: NodeId(13030), index_map: IndexPattern { iter_rank | ew:Multiply:Computed { indices: NodeId(13059), index_map: IndexPattern { iter_rank | ew:Multiply:Computed { indices: NodeId(13090), index_map: IndexPattern { iter_rank | ew:Multiply:Computed { indices: NodeId(13121), index_map: IndexPattern { iter_rank | ew:Multiply:Computed { indices: NodeId(13152), index_map: IndexPattern { iter_rank | ew:Multiply:Computed { indices: NodeId(13183), index_map: IndexPattern { iter_rank | ew:Multiply:Computed { indices: NodeId(13214), index_map: IndexPattern { iter_rank | ew:Multiply:Computed { indices: NodeId(13245), index_map: IndexPattern { iter_rank
LEAF	blk.29.ffn_down_exps.weight	Float32	[Static(128), Static(704), Static(2816)]	gguf=[704, 2816, 128]/Q5_0	bound=packed	ew:Multiply:Computed { indices: NodeId(13030), index_map: IndexPattern { iter_rank | ew:Multiply:Computed { indices: NodeId(13059), index_map: IndexPattern { iter_rank | ew:Multiply:Computed { indices: NodeId(13090), index_map: IndexPattern { iter_rank | ew:Multiply:Computed { indices: NodeId(13121), index_map: IndexPattern { iter_rank | ew:Multiply:Computed { indices: NodeId(13152), index_map: IndexPattern { iter_rank | ew:Multiply:Computed { indices: NodeId(13183), index_map: IndexPattern { iter_rank | ew:Multiply:Computed { indices: NodeId(13214), index_map: IndexPattern { iter_rank | ew:Multiply:Computed { indices: NodeId(13245), index_map: IndexPattern { iter_rank
LEAF	blk.29.post_ffw_norm_2.weight	Float32	[Static(2816)]	gguf=[2816]/F32	bound=owned	ew:Multiply:Affine(IndexPattern { iter_rank: 2, axes: [AxisIndex { terms: [AxisTer
LEAF	blk.29.post_ffw_norm.weight	Float32	[Static(2816)]	gguf=[2816]/F32	bound=owned	ew:Multiply:Affine(IndexPattern { iter_rank: 2, axes: [AxisIndex { terms: [AxisTer
LEAF	blk.29.layer_output_scale.weight	Float32	[]	gguf=[1]/F32	bound=packed	ew:Multiply:Affine(IndexPattern { iter_rank: 2, axes: [] })
LEAF	output_norm.weight	Float32	[Static(2816)]	gguf=[2816]/F32	bound=owned	ew:Multiply:Affine(IndexPattern { iter_rank: 2, axes: [AxisIndex { terms: [AxisTer
LEAF	lm_head_row	Int32	[Static(1)]	gguf=-	bound=-	
LEAF	output.weight	Float32	[Static(2816), Static(262144)]	gguf=-	bound=packed	ew:Multiply:Affine(IndexPattern { iter_rank: 3, axes: [AxisIndex { terms: [AxisTer
BOUND_NOT_LEAF	rope_freqs.weight	owned
GGUF_UNBOUND	blk.0.ffn_gate_up_exps.weight	[2816, 1408, 128]	Q3_K
GGUF_UNBOUND	blk.1.ffn_gate_up_exps.weight	[2816, 1408, 128]	Q3_K
GGUF_UNBOUND	blk.2.ffn_gate_up_exps.weight	[2816, 1408, 128]	Q3_K
GGUF_UNBOUND	blk.3.ffn_gate_up_exps.weight	[2816, 1408, 128]	Q3_K
GGUF_UNBOUND	blk.4.ffn_gate_up_exps.weight	[2816, 1408, 128]	Q3_K
GGUF_UNBOUND	blk.5.ffn_gate_up_exps.weight	[2816, 1408, 128]	Q3_K
GGUF_UNBOUND	blk.6.ffn_gate_up_exps.weight	[2816, 1408, 128]	Q3_K
GGUF_UNBOUND	blk.7.ffn_gate_up_exps.weight	[2816, 1408, 128]	Q3_K
GGUF_UNBOUND	blk.8.ffn_gate_up_exps.weight	[2816, 1408, 128]	Q3_K
GGUF_UNBOUND	blk.9.ffn_gate_up_exps.weight	[2816, 1408, 128]	Q3_K
GGUF_UNBOUND	blk.10.ffn_gate_up_exps.weight	[2816, 1408, 128]	Q3_K
GGUF_UNBOUND	blk.11.ffn_gate_up_exps.weight	[2816, 1408, 128]	Q3_K
GGUF_UNBOUND	blk.12.ffn_gate_up_exps.weight	[2816, 1408, 128]	Q3_K
GGUF_UNBOUND	blk.13.ffn_gate_up_exps.weight	[2816, 1408, 128]	Q3_K
GGUF_UNBOUND	blk.14.ffn_gate_up_exps.weight	[2816, 1408, 128]	Q3_K
GGUF_UNBOUND	blk.15.ffn_gate_up_exps.weight	[2816, 1408, 128]	Q3_K
GGUF_UNBOUND	blk.16.ffn_gate_up_exps.weight	[2816, 1408, 128]	Q3_K
GGUF_UNBOUND	blk.17.ffn_gate_up_exps.weight	[2816, 1408, 128]	Q3_K
GGUF_UNBOUND	blk.18.ffn_gate_up_exps.weight	[2816, 1408, 128]	Q3_K
GGUF_UNBOUND	blk.19.ffn_gate_up_exps.weight	[2816, 1408, 128]	Q3_K
GGUF_UNBOUND	blk.20.ffn_gate_up_exps.weight	[2816, 1408, 128]	Q3_K
GGUF_UNBOUND	blk.21.ffn_gate_up_exps.weight	[2816, 1408, 128]	Q3_K
GGUF_UNBOUND	blk.22.ffn_gate_up_exps.weight	[2816, 1408, 128]	Q3_K
GGUF_UNBOUND	blk.23.ffn_gate_up_exps.weight	[2816, 1408, 128]	Q3_K
GGUF_UNBOUND	blk.24.ffn_gate_up_exps.weight	[2816, 1408, 128]	Q3_K
GGUF_UNBOUND	blk.25.ffn_gate_up_exps.weight	[2816, 1408, 128]	Q3_K
GGUF_UNBOUND	blk.26.ffn_gate_up_exps.weight	[2816, 1408, 128]	Q3_K
GGUF_UNBOUND	blk.27.ffn_gate_up_exps.weight	[2816, 1408, 128]	Q3_K
GGUF_UNBOUND	blk.28.ffn_gate_up_exps.weight	[2816, 1408, 128]	Q3_K
GGUF_UNBOUND	blk.29.ffn_gate_up_exps.weight	[2816, 1408, 128]	Q3_K
