LEAF	ids	Int32	[Symbolic(0)]	gguf=-	bound=-	
LEAF	token_embd.weight	Float32	[Static(248320), Static(2048)]	gguf=[2048, 248320]/Q4_K	bound=packed	ew:Identity:Computed { indices: NodeId(0), index_map: IndexPattern { iter_rank: 2,
LEAF	eps	Float32	[Symbolic(0)]	gguf=-	bound=-	ew:Add:Affine(IndexPattern { iter_rank: 1, axes: [AxisIndex { terms: [AxisTer | ew:Add:Affine(IndexPattern { iter_rank: 2, axes: [AxisIndex { terms: [AxisTer
LEAF	rope_cos	Float32	[Symbolic(0), Static(32)]	gguf=-	bound=-	ew:Multiply:Affine(IndexPattern { iter_rank: 3, axes: [AxisIndex { terms: [AxisTer
LEAF	rope_sin	Float32	[Symbolic(0), Static(32)]	gguf=-	bound=-	ew:Multiply:Affine(IndexPattern { iter_rank: 3, axes: [AxisIndex { terms: [AxisTer
LEAF	cached_len	Float32	[]	gguf=-	bound=-	ew:Subtract:Affine(IndexPattern { iter_rank: 0, axes: [] })
LEAF	blk.0.attn_norm.weight	Float32	[Static(2048)]	gguf=[2048]/F32	bound=packed	ew:Multiply:Affine(IndexPattern { iter_rank: 2, axes: [AxisIndex { terms: [AxisTer
LEAF	blk.0.post_attention_norm.weight	Float32	[Static(2048)]	gguf=[2048]/F32	bound=packed	ew:Multiply:Affine(IndexPattern { iter_rank: 2, axes: [AxisIndex { terms: [AxisTer
LEAF	blk.0.ffn_gate_inp.weight	Float32	[Static(2048), Static(256)]	gguf=[2048, 256]/F32	bound=owned	ew:Multiply:Affine(IndexPattern { iter_rank: 3, axes: [AxisIndex { terms: [AxisTer
LEAF	blk.0.attn_qkv.weight	Float32	[Static(2048), Static(8192)]	gguf=[2048, 8192]/Q4_K	bound=packed	ew:Multiply:Affine(IndexPattern { iter_rank: 3, axes: [AxisIndex { terms: [AxisTer
LEAF	blk.0.attn_gate.weight	Float32	[Static(2048), Static(4096)]	gguf=[2048, 4096]/Q4_K	bound=packed	ew:Multiply:Affine(IndexPattern { iter_rank: 3, axes: [AxisIndex { terms: [AxisTer
LEAF	blk.0.ssm_conv1d.weight	Float32	[Static(8192), Static(4)]	gguf=[4, 8192]/F32	bound=packed	ew:Identity:Affine(IndexPattern { iter_rank: 2, axes: [AxisIndex { terms: [AxisTer | ew:Multiply:Affine(IndexPattern { iter_rank: 3, axes: [AxisIndex { terms: [AxisTer
LEAF	ssm_cache.0.conv_history	Float32	[Static(3), Static(8192)]	gguf=-	bound=-	ew:Multiply:Affine(IndexPattern { iter_rank: 2, axes: [AxisIndex { terms: [AxisTer
LEAF	blk.0.ssm_beta.weight	Float32	[Static(2048), Static(32)]	gguf=[2048, 32]/Q4_K	bound=owned	ew:Multiply:Affine(IndexPattern { iter_rank: 3, axes: [AxisIndex { terms: [AxisTer
LEAF	blk.0.ssm_alpha.weight	Float32	[Static(2048), Static(32)]	gguf=[2048, 32]/Q4_K	bound=owned	ew:Multiply:Affine(IndexPattern { iter_rank: 3, axes: [AxisIndex { terms: [AxisTer
LEAF	blk.0.ssm_dt	Float32	[Static(32)]	gguf=[32]/F32	bound=packed	ew:Add:Affine(IndexPattern { iter_rank: 2, axes: [AxisIndex { terms: [AxisTer
LEAF	blk.0.ssm_a	Float32	[Static(32)]	gguf=[32]/F32	bound=packed	ew:Multiply:Affine(IndexPattern { iter_rank: 2, axes: [AxisIndex { terms: [AxisTer
LEAF	blk.0.ssm_norm.weight	Float32	[Static(128)]	gguf=[128]/F32	bound=packed	ew:Multiply:Affine(IndexPattern { iter_rank: 3, axes: [AxisIndex { terms: [AxisTer
LEAF	blk.0.ssm_out.weight	Float32	[Static(4096), Static(2048)]	gguf=[4096, 2048]/Q4_K	bound=packed	ew:Multiply:Affine(IndexPattern { iter_rank: 4, axes: [AxisIndex { terms: [AxisTer
LEAF	ssm_cache.0.state	Float32	[Static(128), Static(128), Static(16), Static(2)]	gguf=-	bound=-	ew:Multiply:Affine(IndexPattern { iter_rank: 4, axes: [AxisIndex { terms: [AxisTer
LEAF	blk.0.ffn_gate_exps.weight	Float32	[Static(256), Static(2048), Static(512)]	gguf=[2048, 512, 256]/Q4_K	bound=packed	ew:Multiply:Computed { indices: NodeId(203), index_map: IndexPattern { iter_rank:  | ew:Multiply:Computed { indices: NodeId(223), index_map: IndexPattern { iter_rank:  | ew:Multiply:Computed { indices: NodeId(245), index_map: IndexPattern { iter_rank:  | ew:Multiply:Computed { indices: NodeId(267), index_map: IndexPattern { iter_rank:  | ew:Multiply:Computed { indices: NodeId(289), index_map: IndexPattern { iter_rank:  | ew:Multiply:Computed { indices: NodeId(311), index_map: IndexPattern { iter_rank:  | ew:Multiply:Computed { indices: NodeId(333), index_map: IndexPattern { iter_rank:  | ew:Multiply:Computed { indices: NodeId(355), index_map: IndexPattern { iter_rank: 
LEAF	blk.0.ffn_up_exps.weight	Float32	[Static(256), Static(2048), Static(512)]	gguf=[2048, 512, 256]/Q4_K	bound=packed	ew:Multiply:Computed { indices: NodeId(203), index_map: IndexPattern { iter_rank:  | ew:Multiply:Computed { indices: NodeId(223), index_map: IndexPattern { iter_rank:  | ew:Multiply:Computed { indices: NodeId(245), index_map: IndexPattern { iter_rank:  | ew:Multiply:Computed { indices: NodeId(267), index_map: IndexPattern { iter_rank:  | ew:Multiply:Computed { indices: NodeId(289), index_map: IndexPattern { iter_rank:  | ew:Multiply:Computed { indices: NodeId(311), index_map: IndexPattern { iter_rank:  | ew:Multiply:Computed { indices: NodeId(333), index_map: IndexPattern { iter_rank:  | ew:Multiply:Computed { indices: NodeId(355), index_map: IndexPattern { iter_rank: 
LEAF	blk.0.ffn_down_exps.weight	Float32	[Static(256), Static(512), Static(2048)]	gguf=[512, 2048, 256]/Q6_K	bound=packed	ew:Multiply:Computed { indices: NodeId(203), index_map: IndexPattern { iter_rank:  | ew:Multiply:Computed { indices: NodeId(223), index_map: IndexPattern { iter_rank:  | ew:Multiply:Computed { indices: NodeId(245), index_map: IndexPattern { iter_rank:  | ew:Multiply:Computed { indices: NodeId(267), index_map: IndexPattern { iter_rank:  | ew:Multiply:Computed { indices: NodeId(289), index_map: IndexPattern { iter_rank:  | ew:Multiply:Computed { indices: NodeId(311), index_map: IndexPattern { iter_rank:  | ew:Multiply:Computed { indices: NodeId(333), index_map: IndexPattern { iter_rank:  | ew:Multiply:Computed { indices: NodeId(355), index_map: IndexPattern { iter_rank: 
LEAF	blk.0.ffn_gate_inp_shexp.weight	Float32	[Static(2048)]	gguf=[2048, 1]/F16	bound=owned	ew:Multiply:Affine(IndexPattern { iter_rank: 2, axes: [AxisIndex { terms: [AxisTer
LEAF	blk.0.ffn_gate_shexp.weight	Float32	[Static(2048), Static(512)]	gguf=[2048, 512]/Q4_K	bound=packed	ew:Multiply:Affine(IndexPattern { iter_rank: 3, axes: [AxisIndex { terms: [AxisTer
LEAF	blk.0.ffn_up_shexp.weight	Float32	[Static(2048), Static(512)]	gguf=[2048, 512]/Q4_K	bound=packed	ew:Multiply:Affine(IndexPattern { iter_rank: 3, axes: [AxisIndex { terms: [AxisTer
LEAF	blk.0.ffn_down_shexp.weight	Float32	[Static(512), Static(2048)]	gguf=[512, 2048]/Q6_K	bound=packed	ew:Multiply:Affine(IndexPattern { iter_rank: 3, axes: [AxisIndex { terms: [AxisTer
LEAF	blk.1.attn_norm.weight	Float32	[Static(2048)]	gguf=[2048]/F32	bound=packed	ew:Multiply:Affine(IndexPattern { iter_rank: 2, axes: [AxisIndex { terms: [AxisTer
LEAF	blk.1.post_attention_norm.weight	Float32	[Static(2048)]	gguf=[2048]/F32	bound=packed	ew:Multiply:Affine(IndexPattern { iter_rank: 2, axes: [AxisIndex { terms: [AxisTer
LEAF	blk.1.ffn_gate_inp.weight	Float32	[Static(2048), Static(256)]	gguf=[2048, 256]/F32	bound=owned	ew:Multiply:Affine(IndexPattern { iter_rank: 3, axes: [AxisIndex { terms: [AxisTer
LEAF	blk.1.attn_qkv.weight	Float32	[Static(2048), Static(8192)]	gguf=[2048, 8192]/Q4_K	bound=packed	ew:Multiply:Affine(IndexPattern { iter_rank: 3, axes: [AxisIndex { terms: [AxisTer
LEAF	blk.1.attn_gate.weight	Float32	[Static(2048), Static(4096)]	gguf=[2048, 4096]/Q4_K	bound=packed	ew:Multiply:Affine(IndexPattern { iter_rank: 3, axes: [AxisIndex { terms: [AxisTer
LEAF	blk.1.ssm_conv1d.weight	Float32	[Static(8192), Static(4)]	gguf=[4, 8192]/F32	bound=packed	ew:Identity:Affine(IndexPattern { iter_rank: 2, axes: [AxisIndex { terms: [AxisTer | ew:Multiply:Affine(IndexPattern { iter_rank: 3, axes: [AxisIndex { terms: [AxisTer
LEAF	ssm_cache.1.conv_history	Float32	[Static(3), Static(8192)]	gguf=-	bound=-	ew:Multiply:Affine(IndexPattern { iter_rank: 2, axes: [AxisIndex { terms: [AxisTer
LEAF	blk.1.ssm_beta.weight	Float32	[Static(2048), Static(32)]	gguf=[2048, 32]/Q4_K	bound=owned	ew:Multiply:Affine(IndexPattern { iter_rank: 3, axes: [AxisIndex { terms: [AxisTer
LEAF	blk.1.ssm_alpha.weight	Float32	[Static(2048), Static(32)]	gguf=[2048, 32]/Q4_K	bound=owned	ew:Multiply:Affine(IndexPattern { iter_rank: 3, axes: [AxisIndex { terms: [AxisTer
LEAF	blk.1.ssm_dt	Float32	[Static(32)]	gguf=[32]/F32	bound=packed	ew:Add:Affine(IndexPattern { iter_rank: 2, axes: [AxisIndex { terms: [AxisTer
LEAF	blk.1.ssm_a	Float32	[Static(32)]	gguf=[32]/F32	bound=packed	ew:Multiply:Affine(IndexPattern { iter_rank: 2, axes: [AxisIndex { terms: [AxisTer
LEAF	blk.1.ssm_norm.weight	Float32	[Static(128)]	gguf=[128]/F32	bound=packed	ew:Multiply:Affine(IndexPattern { iter_rank: 3, axes: [AxisIndex { terms: [AxisTer
LEAF	blk.1.ssm_out.weight	Float32	[Static(4096), Static(2048)]	gguf=[4096, 2048]/Q4_K	bound=packed	ew:Multiply:Affine(IndexPattern { iter_rank: 4, axes: [AxisIndex { terms: [AxisTer
LEAF	ssm_cache.1.state	Float32	[Static(128), Static(128), Static(16), Static(2)]	gguf=-	bound=-	ew:Multiply:Affine(IndexPattern { iter_rank: 4, axes: [AxisIndex { terms: [AxisTer
LEAF	blk.1.ffn_gate_exps.weight	Float32	[Static(256), Static(2048), Static(512)]	gguf=[2048, 512, 256]/Q4_K	bound=packed	ew:Multiply:Computed { indices: NodeId(581), index_map: IndexPattern { iter_rank:  | ew:Multiply:Computed { indices: NodeId(601), index_map: IndexPattern { iter_rank:  | ew:Multiply:Computed { indices: NodeId(623), index_map: IndexPattern { iter_rank:  | ew:Multiply:Computed { indices: NodeId(645), index_map: IndexPattern { iter_rank:  | ew:Multiply:Computed { indices: NodeId(667), index_map: IndexPattern { iter_rank:  | ew:Multiply:Computed { indices: NodeId(689), index_map: IndexPattern { iter_rank:  | ew:Multiply:Computed { indices: NodeId(711), index_map: IndexPattern { iter_rank:  | ew:Multiply:Computed { indices: NodeId(733), index_map: IndexPattern { iter_rank: 
LEAF	blk.1.ffn_up_exps.weight	Float32	[Static(256), Static(2048), Static(512)]	gguf=[2048, 512, 256]/Q4_K	bound=packed	ew:Multiply:Computed { indices: NodeId(581), index_map: IndexPattern { iter_rank:  | ew:Multiply:Computed { indices: NodeId(601), index_map: IndexPattern { iter_rank:  | ew:Multiply:Computed { indices: NodeId(623), index_map: IndexPattern { iter_rank:  | ew:Multiply:Computed { indices: NodeId(645), index_map: IndexPattern { iter_rank:  | ew:Multiply:Computed { indices: NodeId(667), index_map: IndexPattern { iter_rank:  | ew:Multiply:Computed { indices: NodeId(689), index_map: IndexPattern { iter_rank:  | ew:Multiply:Computed { indices: NodeId(711), index_map: IndexPattern { iter_rank:  | ew:Multiply:Computed { indices: NodeId(733), index_map: IndexPattern { iter_rank: 
LEAF	blk.1.ffn_down_exps.weight	Float32	[Static(256), Static(512), Static(2048)]	gguf=[512, 2048, 256]/Q6_K	bound=packed	ew:Multiply:Computed { indices: NodeId(581), index_map: IndexPattern { iter_rank:  | ew:Multiply:Computed { indices: NodeId(601), index_map: IndexPattern { iter_rank:  | ew:Multiply:Computed { indices: NodeId(623), index_map: IndexPattern { iter_rank:  | ew:Multiply:Computed { indices: NodeId(645), index_map: IndexPattern { iter_rank:  | ew:Multiply:Computed { indices: NodeId(667), index_map: IndexPattern { iter_rank:  | ew:Multiply:Computed { indices: NodeId(689), index_map: IndexPattern { iter_rank:  | ew:Multiply:Computed { indices: NodeId(711), index_map: IndexPattern { iter_rank:  | ew:Multiply:Computed { indices: NodeId(733), index_map: IndexPattern { iter_rank: 
LEAF	blk.1.ffn_gate_inp_shexp.weight	Float32	[Static(2048)]	gguf=[2048, 1]/F16	bound=owned	ew:Multiply:Affine(IndexPattern { iter_rank: 2, axes: [AxisIndex { terms: [AxisTer
LEAF	blk.1.ffn_gate_shexp.weight	Float32	[Static(2048), Static(512)]	gguf=[2048, 512]/Q4_K	bound=packed	ew:Multiply:Affine(IndexPattern { iter_rank: 3, axes: [AxisIndex { terms: [AxisTer
LEAF	blk.1.ffn_up_shexp.weight	Float32	[Static(2048), Static(512)]	gguf=[2048, 512]/Q4_K	bound=packed	ew:Multiply:Affine(IndexPattern { iter_rank: 3, axes: [AxisIndex { terms: [AxisTer
LEAF	blk.1.ffn_down_shexp.weight	Float32	[Static(512), Static(2048)]	gguf=[512, 2048]/Q6_K	bound=packed	ew:Multiply:Affine(IndexPattern { iter_rank: 3, axes: [AxisIndex { terms: [AxisTer
LEAF	blk.2.attn_norm.weight	Float32	[Static(2048)]	gguf=[2048]/F32	bound=packed	ew:Multiply:Affine(IndexPattern { iter_rank: 2, axes: [AxisIndex { terms: [AxisTer
LEAF	blk.2.post_attention_norm.weight	Float32	[Static(2048)]	gguf=[2048]/F32	bound=packed	ew:Multiply:Affine(IndexPattern { iter_rank: 2, axes: [AxisIndex { terms: [AxisTer
LEAF	blk.2.ffn_gate_inp.weight	Float32	[Static(2048), Static(256)]	gguf=[2048, 256]/F32	bound=owned	ew:Multiply:Affine(IndexPattern { iter_rank: 3, axes: [AxisIndex { terms: [AxisTer
LEAF	blk.2.attn_qkv.weight	Float32	[Static(2048), Static(8192)]	gguf=[2048, 8192]/Q4_K	bound=packed	ew:Multiply:Affine(IndexPattern { iter_rank: 3, axes: [AxisIndex { terms: [AxisTer
LEAF	blk.2.attn_gate.weight	Float32	[Static(2048), Static(4096)]	gguf=[2048, 4096]/Q4_K	bound=packed	ew:Multiply:Affine(IndexPattern { iter_rank: 3, axes: [AxisIndex { terms: [AxisTer
LEAF	blk.2.ssm_conv1d.weight	Float32	[Static(8192), Static(4)]	gguf=[4, 8192]/F32	bound=packed	ew:Identity:Affine(IndexPattern { iter_rank: 2, axes: [AxisIndex { terms: [AxisTer | ew:Multiply:Affine(IndexPattern { iter_rank: 3, axes: [AxisIndex { terms: [AxisTer
LEAF	ssm_cache.2.conv_history	Float32	[Static(3), Static(8192)]	gguf=-	bound=-	ew:Multiply:Affine(IndexPattern { iter_rank: 2, axes: [AxisIndex { terms: [AxisTer
LEAF	blk.2.ssm_beta.weight	Float32	[Static(2048), Static(32)]	gguf=[2048, 32]/Q4_K	bound=owned	ew:Multiply:Affine(IndexPattern { iter_rank: 3, axes: [AxisIndex { terms: [AxisTer
LEAF	blk.2.ssm_alpha.weight	Float32	[Static(2048), Static(32)]	gguf=[2048, 32]/Q4_K	bound=owned	ew:Multiply:Affine(IndexPattern { iter_rank: 3, axes: [AxisIndex { terms: [AxisTer
LEAF	blk.2.ssm_dt	Float32	[Static(32)]	gguf=[32]/F32	bound=packed	ew:Add:Affine(IndexPattern { iter_rank: 2, axes: [AxisIndex { terms: [AxisTer
LEAF	blk.2.ssm_a	Float32	[Static(32)]	gguf=[32]/F32	bound=packed	ew:Multiply:Affine(IndexPattern { iter_rank: 2, axes: [AxisIndex { terms: [AxisTer
LEAF	blk.2.ssm_norm.weight	Float32	[Static(128)]	gguf=[128]/F32	bound=packed	ew:Multiply:Affine(IndexPattern { iter_rank: 3, axes: [AxisIndex { terms: [AxisTer
LEAF	blk.2.ssm_out.weight	Float32	[Static(4096), Static(2048)]	gguf=[4096, 2048]/Q4_K	bound=packed	ew:Multiply:Affine(IndexPattern { iter_rank: 4, axes: [AxisIndex { terms: [AxisTer
LEAF	ssm_cache.2.state	Float32	[Static(128), Static(128), Static(16), Static(2)]	gguf=-	bound=-	ew:Multiply:Affine(IndexPattern { iter_rank: 4, axes: [AxisIndex { terms: [AxisTer
LEAF	blk.2.ffn_gate_exps.weight	Float32	[Static(256), Static(2048), Static(512)]	gguf=[2048, 512, 256]/Q4_K	bound=packed	ew:Multiply:Computed { indices: NodeId(1001), index_map: IndexPattern { iter_rank: | ew:Multiply:Computed { indices: NodeId(1023), index_map: IndexPattern { iter_rank: | ew:Multiply:Computed { indices: NodeId(1045), index_map: IndexPattern { iter_rank: | ew:Multiply:Computed { indices: NodeId(1067), index_map: IndexPattern { iter_rank: | ew:Multiply:Computed { indices: NodeId(1089), index_map: IndexPattern { iter_rank: | ew:Multiply:Computed { indices: NodeId(1111), index_map: IndexPattern { iter_rank: | ew:Multiply:Computed { indices: NodeId(959), index_map: IndexPattern { iter_rank:  | ew:Multiply:Computed { indices: NodeId(979), index_map: IndexPattern { iter_rank: 
LEAF	blk.2.ffn_up_exps.weight	Float32	[Static(256), Static(2048), Static(512)]	gguf=[2048, 512, 256]/Q4_K	bound=packed	ew:Multiply:Computed { indices: NodeId(1001), index_map: IndexPattern { iter_rank: | ew:Multiply:Computed { indices: NodeId(1023), index_map: IndexPattern { iter_rank: | ew:Multiply:Computed { indices: NodeId(1045), index_map: IndexPattern { iter_rank: | ew:Multiply:Computed { indices: NodeId(1067), index_map: IndexPattern { iter_rank: | ew:Multiply:Computed { indices: NodeId(1089), index_map: IndexPattern { iter_rank: | ew:Multiply:Computed { indices: NodeId(1111), index_map: IndexPattern { iter_rank: | ew:Multiply:Computed { indices: NodeId(959), index_map: IndexPattern { iter_rank:  | ew:Multiply:Computed { indices: NodeId(979), index_map: IndexPattern { iter_rank: 
LEAF	blk.2.ffn_down_exps.weight	Float32	[Static(256), Static(512), Static(2048)]	gguf=[512, 2048, 256]/Q6_K	bound=packed	ew:Multiply:Computed { indices: NodeId(1001), index_map: IndexPattern { iter_rank: | ew:Multiply:Computed { indices: NodeId(1023), index_map: IndexPattern { iter_rank: | ew:Multiply:Computed { indices: NodeId(1045), index_map: IndexPattern { iter_rank: | ew:Multiply:Computed { indices: NodeId(1067), index_map: IndexPattern { iter_rank: | ew:Multiply:Computed { indices: NodeId(1089), index_map: IndexPattern { iter_rank: | ew:Multiply:Computed { indices: NodeId(1111), index_map: IndexPattern { iter_rank: | ew:Multiply:Computed { indices: NodeId(959), index_map: IndexPattern { iter_rank:  | ew:Multiply:Computed { indices: NodeId(979), index_map: IndexPattern { iter_rank: 
LEAF	blk.2.ffn_gate_inp_shexp.weight	Float32	[Static(2048)]	gguf=[2048, 1]/F16	bound=owned	ew:Multiply:Affine(IndexPattern { iter_rank: 2, axes: [AxisIndex { terms: [AxisTer
LEAF	blk.2.ffn_gate_shexp.weight	Float32	[Static(2048), Static(512)]	gguf=[2048, 512]/Q4_K	bound=packed	ew:Multiply:Affine(IndexPattern { iter_rank: 3, axes: [AxisIndex { terms: [AxisTer
LEAF	blk.2.ffn_up_shexp.weight	Float32	[Static(2048), Static(512)]	gguf=[2048, 512]/Q4_K	bound=packed	ew:Multiply:Affine(IndexPattern { iter_rank: 3, axes: [AxisIndex { terms: [AxisTer
LEAF	blk.2.ffn_down_shexp.weight	Float32	[Static(512), Static(2048)]	gguf=[512, 2048]/Q6_K	bound=packed	ew:Multiply:Affine(IndexPattern { iter_rank: 3, axes: [AxisIndex { terms: [AxisTer
LEAF	blk.3.attn_norm.weight	Float32	[Static(2048)]	gguf=[2048]/F32	bound=packed	ew:Multiply:Affine(IndexPattern { iter_rank: 2, axes: [AxisIndex { terms: [AxisTer
LEAF	blk.3.post_attention_norm.weight	Float32	[Static(2048)]	gguf=[2048]/F32	bound=packed	ew:Multiply:Affine(IndexPattern { iter_rank: 2, axes: [AxisIndex { terms: [AxisTer
LEAF	blk.3.ffn_gate_inp.weight	Float32	[Static(2048), Static(256)]	gguf=[2048, 256]/F32	bound=owned	ew:Multiply:Affine(IndexPattern { iter_rank: 3, axes: [AxisIndex { terms: [AxisTer
LEAF	blk.3.attn_q.weight	Float32	[Static(2048), Static(8192)]	gguf=[2048, 8192]/Q4_K	bound=packed	ew:Multiply:Affine(IndexPattern { iter_rank: 3, axes: [AxisIndex { terms: [AxisTer
LEAF	blk.3.attn_k.weight	Float32	[Static(2048), Static(512)]	gguf=[2048, 512]/Q4_K	bound=packed	ew:Multiply:Affine(IndexPattern { iter_rank: 3, axes: [AxisIndex { terms: [AxisTer
LEAF	blk.3.attn_v.weight	Float32	[Static(2048), Static(512)]	gguf=[2048, 512]/Q6_K	bound=packed	ew:Multiply:Affine(IndexPattern { iter_rank: 3, axes: [AxisIndex { terms: [AxisTer
LEAF	blk.3.attn_output.weight	Float32	[Static(4096), Static(2048)]	gguf=[4096, 2048]/Q4_K	bound=packed	ew:Multiply:Affine(IndexPattern { iter_rank: 4, axes: [AxisIndex { terms: [AxisTer
LEAF	blk.3.attn_q_norm.weight	Float32	[Static(256)]	gguf=[256]/F32	bound=packed	ew:Multiply:Affine(IndexPattern { iter_rank: 3, axes: [AxisIndex { terms: [AxisTer
LEAF	blk.3.attn_k_norm.weight	Float32	[Static(256)]	gguf=[256]/F32	bound=packed	ew:Multiply:Affine(IndexPattern { iter_rank: 3, axes: [AxisIndex { terms: [AxisTer
LEAF	kv_cache.3.k_first	Float32	[Symbolic(1), Static(2), Static(32)]	gguf=-	bound=-	ew:Multiply:Affine(IndexPattern { iter_rank: 5, axes: [AxisIndex { terms: [AxisTer
LEAF	kv_cache.3.k_second	Float32	[Symbolic(1), Static(2), Static(32)]	gguf=-	bound=-	ew:Multiply:Affine(IndexPattern { iter_rank: 5, axes: [AxisIndex { terms: [AxisTer
LEAF	kv_cache.3.k_pass	Float32	[Symbolic(1), Static(2), Static(192)]	gguf=-	bound=-	ew:Multiply:Affine(IndexPattern { iter_rank: 5, axes: [AxisIndex { terms: [AxisTer
LEAF	kv_cache.3.v	Float32	[Symbolic(1), Static(2), Static(256)]	gguf=-	bound=-	ew:Multiply:Affine(IndexPattern { iter_rank: 5, axes: [AxisIndex { terms: [AxisTer
LEAF	blk.3.ffn_gate_exps.weight	Float32	[Static(256), Static(2048), Static(512)]	gguf=[2048, 512, 256]/Q4_K	bound=packed	ew:Multiply:Computed { indices: NodeId(1320), index_map: IndexPattern { iter_rank: | ew:Multiply:Computed { indices: NodeId(1340), index_map: IndexPattern { iter_rank: | ew:Multiply:Computed { indices: NodeId(1362), index_map: IndexPattern { iter_rank: | ew:Multiply:Computed { indices: NodeId(1384), index_map: IndexPattern { iter_rank: | ew:Multiply:Computed { indices: NodeId(1406), index_map: IndexPattern { iter_rank: | ew:Multiply:Computed { indices: NodeId(1428), index_map: IndexPattern { iter_rank: | ew:Multiply:Computed { indices: NodeId(1450), index_map: IndexPattern { iter_rank: | ew:Multiply:Computed { indices: NodeId(1472), index_map: IndexPattern { iter_rank:
LEAF	blk.3.ffn_up_exps.weight	Float32	[Static(256), Static(2048), Static(512)]	gguf=[2048, 512, 256]/Q4_K	bound=packed	ew:Multiply:Computed { indices: NodeId(1320), index_map: IndexPattern { iter_rank: | ew:Multiply:Computed { indices: NodeId(1340), index_map: IndexPattern { iter_rank: | ew:Multiply:Computed { indices: NodeId(1362), index_map: IndexPattern { iter_rank: | ew:Multiply:Computed { indices: NodeId(1384), index_map: IndexPattern { iter_rank: | ew:Multiply:Computed { indices: NodeId(1406), index_map: IndexPattern { iter_rank: | ew:Multiply:Computed { indices: NodeId(1428), index_map: IndexPattern { iter_rank: | ew:Multiply:Computed { indices: NodeId(1450), index_map: IndexPattern { iter_rank: | ew:Multiply:Computed { indices: NodeId(1472), index_map: IndexPattern { iter_rank:
LEAF	blk.3.ffn_down_exps.weight	Float32	[Static(256), Static(512), Static(2048)]	gguf=[512, 2048, 256]/Q6_K	bound=packed	ew:Multiply:Computed { indices: NodeId(1320), index_map: IndexPattern { iter_rank: | ew:Multiply:Computed { indices: NodeId(1340), index_map: IndexPattern { iter_rank: | ew:Multiply:Computed { indices: NodeId(1362), index_map: IndexPattern { iter_rank: | ew:Multiply:Computed { indices: NodeId(1384), index_map: IndexPattern { iter_rank: | ew:Multiply:Computed { indices: NodeId(1406), index_map: IndexPattern { iter_rank: | ew:Multiply:Computed { indices: NodeId(1428), index_map: IndexPattern { iter_rank: | ew:Multiply:Computed { indices: NodeId(1450), index_map: IndexPattern { iter_rank: | ew:Multiply:Computed { indices: NodeId(1472), index_map: IndexPattern { iter_rank:
LEAF	blk.3.ffn_gate_inp_shexp.weight	Float32	[Static(2048)]	gguf=[2048, 1]/F16	bound=owned	ew:Multiply:Affine(IndexPattern { iter_rank: 2, axes: [AxisIndex { terms: [AxisTer
LEAF	blk.3.ffn_gate_shexp.weight	Float32	[Static(2048), Static(512)]	gguf=[2048, 512]/Q4_K	bound=packed	ew:Multiply:Affine(IndexPattern { iter_rank: 3, axes: [AxisIndex { terms: [AxisTer
LEAF	blk.3.ffn_up_shexp.weight	Float32	[Static(2048), Static(512)]	gguf=[2048, 512]/Q4_K	bound=packed	ew:Multiply:Affine(IndexPattern { iter_rank: 3, axes: [AxisIndex { terms: [AxisTer
LEAF	blk.3.ffn_down_shexp.weight	Float32	[Static(512), Static(2048)]	gguf=[512, 2048]/Q6_K	bound=packed	ew:Multiply:Affine(IndexPattern { iter_rank: 3, axes: [AxisIndex { terms: [AxisTer
LEAF	blk.4.attn_norm.weight	Float32	[Static(2048)]	gguf=[2048]/F32	bound=packed	ew:Multiply:Affine(IndexPattern { iter_rank: 2, axes: [AxisIndex { terms: [AxisTer
LEAF	blk.4.post_attention_norm.weight	Float32	[Static(2048)]	gguf=[2048]/F32	bound=packed	ew:Multiply:Affine(IndexPattern { iter_rank: 2, axes: [AxisIndex { terms: [AxisTer
LEAF	blk.4.ffn_gate_inp.weight	Float32	[Static(2048), Static(256)]	gguf=[2048, 256]/F32	bound=owned	ew:Multiply:Affine(IndexPattern { iter_rank: 3, axes: [AxisIndex { terms: [AxisTer
LEAF	blk.4.attn_qkv.weight	Float32	[Static(2048), Static(8192)]	gguf=[2048, 8192]/Q4_K	bound=packed	ew:Multiply:Affine(IndexPattern { iter_rank: 3, axes: [AxisIndex { terms: [AxisTer
LEAF	blk.4.attn_gate.weight	Float32	[Static(2048), Static(4096)]	gguf=[2048, 4096]/Q4_K	bound=packed	ew:Multiply:Affine(IndexPattern { iter_rank: 3, axes: [AxisIndex { terms: [AxisTer
LEAF	blk.4.ssm_conv1d.weight	Float32	[Static(8192), Static(4)]	gguf=[4, 8192]/F32	bound=packed	ew:Identity:Affine(IndexPattern { iter_rank: 2, axes: [AxisIndex { terms: [AxisTer | ew:Multiply:Affine(IndexPattern { iter_rank: 3, axes: [AxisIndex { terms: [AxisTer
LEAF	ssm_cache.4.conv_history	Float32	[Static(3), Static(8192)]	gguf=-	bound=-	ew:Multiply:Affine(IndexPattern { iter_rank: 2, axes: [AxisIndex { terms: [AxisTer
LEAF	blk.4.ssm_beta.weight	Float32	[Static(2048), Static(32)]	gguf=[2048, 32]/Q4_K	bound=owned	ew:Multiply:Affine(IndexPattern { iter_rank: 3, axes: [AxisIndex { terms: [AxisTer
LEAF	blk.4.ssm_alpha.weight	Float32	[Static(2048), Static(32)]	gguf=[2048, 32]/Q4_K	bound=owned	ew:Multiply:Affine(IndexPattern { iter_rank: 3, axes: [AxisIndex { terms: [AxisTer
LEAF	blk.4.ssm_dt	Float32	[Static(32)]	gguf=[32]/F32	bound=packed	ew:Add:Affine(IndexPattern { iter_rank: 2, axes: [AxisIndex { terms: [AxisTer
LEAF	blk.4.ssm_a	Float32	[Static(32)]	gguf=[32]/F32	bound=packed	ew:Multiply:Affine(IndexPattern { iter_rank: 2, axes: [AxisIndex { terms: [AxisTer
LEAF	blk.4.ssm_norm.weight	Float32	[Static(128)]	gguf=[128]/F32	bound=packed	ew:Multiply:Affine(IndexPattern { iter_rank: 3, axes: [AxisIndex { terms: [AxisTer
LEAF	blk.4.ssm_out.weight	Float32	[Static(4096), Static(2048)]	gguf=[4096, 2048]/Q4_K	bound=packed	ew:Multiply:Affine(IndexPattern { iter_rank: 4, axes: [AxisIndex { terms: [AxisTer
LEAF	ssm_cache.4.state	Float32	[Static(128), Static(128), Static(16), Static(2)]	gguf=-	bound=-	ew:Multiply:Affine(IndexPattern { iter_rank: 4, axes: [AxisIndex { terms: [AxisTer
LEAF	blk.4.ffn_gate_exps.weight	Float32	[Static(256), Static(2048), Static(512)]	gguf=[2048, 512, 256]/Q4_K	bound=packed	ew:Multiply:Computed { indices: NodeId(1698), index_map: IndexPattern { iter_rank: | ew:Multiply:Computed { indices: NodeId(1718), index_map: IndexPattern { iter_rank: | ew:Multiply:Computed { indices: NodeId(1740), index_map: IndexPattern { iter_rank: | ew:Multiply:Computed { indices: NodeId(1762), index_map: IndexPattern { iter_rank: | ew:Multiply:Computed { indices: NodeId(1784), index_map: IndexPattern { iter_rank: | ew:Multiply:Computed { indices: NodeId(1806), index_map: IndexPattern { iter_rank: | ew:Multiply:Computed { indices: NodeId(1828), index_map: IndexPattern { iter_rank: | ew:Multiply:Computed { indices: NodeId(1850), index_map: IndexPattern { iter_rank:
LEAF	blk.4.ffn_up_exps.weight	Float32	[Static(256), Static(2048), Static(512)]	gguf=[2048, 512, 256]/Q4_K	bound=packed	ew:Multiply:Computed { indices: NodeId(1698), index_map: IndexPattern { iter_rank: | ew:Multiply:Computed { indices: NodeId(1718), index_map: IndexPattern { iter_rank: | ew:Multiply:Computed { indices: NodeId(1740), index_map: IndexPattern { iter_rank: | ew:Multiply:Computed { indices: NodeId(1762), index_map: IndexPattern { iter_rank: | ew:Multiply:Computed { indices: NodeId(1784), index_map: IndexPattern { iter_rank: | ew:Multiply:Computed { indices: NodeId(1806), index_map: IndexPattern { iter_rank: | ew:Multiply:Computed { indices: NodeId(1828), index_map: IndexPattern { iter_rank: | ew:Multiply:Computed { indices: NodeId(1850), index_map: IndexPattern { iter_rank:
LEAF	blk.4.ffn_down_exps.weight	Float32	[Static(256), Static(512), Static(2048)]	gguf=[512, 2048, 256]/Q6_K	bound=packed	ew:Multiply:Computed { indices: NodeId(1698), index_map: IndexPattern { iter_rank: | ew:Multiply:Computed { indices: NodeId(1718), index_map: IndexPattern { iter_rank: | ew:Multiply:Computed { indices: NodeId(1740), index_map: IndexPattern { iter_rank: | ew:Multiply:Computed { indices: NodeId(1762), index_map: IndexPattern { iter_rank: | ew:Multiply:Computed { indices: NodeId(1784), index_map: IndexPattern { iter_rank: | ew:Multiply:Computed { indices: NodeId(1806), index_map: IndexPattern { iter_rank: | ew:Multiply:Computed { indices: NodeId(1828), index_map: IndexPattern { iter_rank: | ew:Multiply:Computed { indices: NodeId(1850), index_map: IndexPattern { iter_rank:
LEAF	blk.4.ffn_gate_inp_shexp.weight	Float32	[Static(2048)]	gguf=[2048, 1]/F16	bound=owned	ew:Multiply:Affine(IndexPattern { iter_rank: 2, axes: [AxisIndex { terms: [AxisTer
LEAF	blk.4.ffn_gate_shexp.weight	Float32	[Static(2048), Static(512)]	gguf=[2048, 512]/Q4_K	bound=packed	ew:Multiply:Affine(IndexPattern { iter_rank: 3, axes: [AxisIndex { terms: [AxisTer
LEAF	blk.4.ffn_up_shexp.weight	Float32	[Static(2048), Static(512)]	gguf=[2048, 512]/Q4_K	bound=packed	ew:Multiply:Affine(IndexPattern { iter_rank: 3, axes: [AxisIndex { terms: [AxisTer
LEAF	blk.4.ffn_down_shexp.weight	Float32	[Static(512), Static(2048)]	gguf=[512, 2048]/Q6_K	bound=packed	ew:Multiply:Affine(IndexPattern { iter_rank: 3, axes: [AxisIndex { terms: [AxisTer
LEAF	blk.5.attn_norm.weight	Float32	[Static(2048)]	gguf=[2048]/F32	bound=packed	ew:Multiply:Affine(IndexPattern { iter_rank: 2, axes: [AxisIndex { terms: [AxisTer
LEAF	blk.5.post_attention_norm.weight	Float32	[Static(2048)]	gguf=[2048]/F32	bound=packed	ew:Multiply:Affine(IndexPattern { iter_rank: 2, axes: [AxisIndex { terms: [AxisTer
LEAF	blk.5.ffn_gate_inp.weight	Float32	[Static(2048), Static(256)]	gguf=[2048, 256]/F32	bound=owned	ew:Multiply:Affine(IndexPattern { iter_rank: 3, axes: [AxisIndex { terms: [AxisTer
LEAF	blk.5.attn_qkv.weight	Float32	[Static(2048), Static(8192)]	gguf=[2048, 8192]/Q4_K	bound=packed	ew:Multiply:Affine(IndexPattern { iter_rank: 3, axes: [AxisIndex { terms: [AxisTer
LEAF	blk.5.attn_gate.weight	Float32	[Static(2048), Static(4096)]	gguf=[2048, 4096]/Q4_K	bound=packed	ew:Multiply:Affine(IndexPattern { iter_rank: 3, axes: [AxisIndex { terms: [AxisTer
LEAF	blk.5.ssm_conv1d.weight	Float32	[Static(8192), Static(4)]	gguf=[4, 8192]/F32	bound=packed	ew:Identity:Affine(IndexPattern { iter_rank: 2, axes: [AxisIndex { terms: [AxisTer | ew:Multiply:Affine(IndexPattern { iter_rank: 3, axes: [AxisIndex { terms: [AxisTer
LEAF	ssm_cache.5.conv_history	Float32	[Static(3), Static(8192)]	gguf=-	bound=-	ew:Multiply:Affine(IndexPattern { iter_rank: 2, axes: [AxisIndex { terms: [AxisTer
LEAF	blk.5.ssm_beta.weight	Float32	[Static(2048), Static(32)]	gguf=[2048, 32]/Q4_K	bound=owned	ew:Multiply:Affine(IndexPattern { iter_rank: 3, axes: [AxisIndex { terms: [AxisTer
LEAF	blk.5.ssm_alpha.weight	Float32	[Static(2048), Static(32)]	gguf=[2048, 32]/Q4_K	bound=owned	ew:Multiply:Affine(IndexPattern { iter_rank: 3, axes: [AxisIndex { terms: [AxisTer
LEAF	blk.5.ssm_dt	Float32	[Static(32)]	gguf=[32]/F32	bound=packed	ew:Add:Affine(IndexPattern { iter_rank: 2, axes: [AxisIndex { terms: [AxisTer
LEAF	blk.5.ssm_a	Float32	[Static(32)]	gguf=[32]/F32	bound=packed	ew:Multiply:Affine(IndexPattern { iter_rank: 2, axes: [AxisIndex { terms: [AxisTer
LEAF	blk.5.ssm_norm.weight	Float32	[Static(128)]	gguf=[128]/F32	bound=packed	ew:Multiply:Affine(IndexPattern { iter_rank: 3, axes: [AxisIndex { terms: [AxisTer
LEAF	blk.5.ssm_out.weight	Float32	[Static(4096), Static(2048)]	gguf=[4096, 2048]/Q4_K	bound=packed	ew:Multiply:Affine(IndexPattern { iter_rank: 4, axes: [AxisIndex { terms: [AxisTer
LEAF	ssm_cache.5.state	Float32	[Static(128), Static(128), Static(16), Static(2)]	gguf=-	bound=-	ew:Multiply:Affine(IndexPattern { iter_rank: 4, axes: [AxisIndex { terms: [AxisTer
LEAF	blk.5.ffn_gate_exps.weight	Float32	[Static(256), Static(2048), Static(512)]	gguf=[2048, 512, 256]/Q4_K	bound=packed	ew:Multiply:Computed { indices: NodeId(2076), index_map: IndexPattern { iter_rank: | ew:Multiply:Computed { indices: NodeId(2096), index_map: IndexPattern { iter_rank: | ew:Multiply:Computed { indices: NodeId(2118), index_map: IndexPattern { iter_rank: | ew:Multiply:Computed { indices: NodeId(2140), index_map: IndexPattern { iter_rank: | ew:Multiply:Computed { indices: NodeId(2162), index_map: IndexPattern { iter_rank: | ew:Multiply:Computed { indices: NodeId(2184), index_map: IndexPattern { iter_rank: | ew:Multiply:Computed { indices: NodeId(2206), index_map: IndexPattern { iter_rank: | ew:Multiply:Computed { indices: NodeId(2228), index_map: IndexPattern { iter_rank:
LEAF	blk.5.ffn_up_exps.weight	Float32	[Static(256), Static(2048), Static(512)]	gguf=[2048, 512, 256]/Q4_K	bound=packed	ew:Multiply:Computed { indices: NodeId(2076), index_map: IndexPattern { iter_rank: | ew:Multiply:Computed { indices: NodeId(2096), index_map: IndexPattern { iter_rank: | ew:Multiply:Computed { indices: NodeId(2118), index_map: IndexPattern { iter_rank: | ew:Multiply:Computed { indices: NodeId(2140), index_map: IndexPattern { iter_rank: | ew:Multiply:Computed { indices: NodeId(2162), index_map: IndexPattern { iter_rank: | ew:Multiply:Computed { indices: NodeId(2184), index_map: IndexPattern { iter_rank: | ew:Multiply:Computed { indices: NodeId(2206), index_map: IndexPattern { iter_rank: | ew:Multiply:Computed { indices: NodeId(2228), index_map: IndexPattern { iter_rank:
LEAF	blk.5.ffn_down_exps.weight	Float32	[Static(256), Static(512), Static(2048)]	gguf=[512, 2048, 256]/Q6_K	bound=packed	ew:Multiply:Computed { indices: NodeId(2076), index_map: IndexPattern { iter_rank: | ew:Multiply:Computed { indices: NodeId(2096), index_map: IndexPattern { iter_rank: | ew:Multiply:Computed { indices: NodeId(2118), index_map: IndexPattern { iter_rank: | ew:Multiply:Computed { indices: NodeId(2140), index_map: IndexPattern { iter_rank: | ew:Multiply:Computed { indices: NodeId(2162), index_map: IndexPattern { iter_rank: | ew:Multiply:Computed { indices: NodeId(2184), index_map: IndexPattern { iter_rank: | ew:Multiply:Computed { indices: NodeId(2206), index_map: IndexPattern { iter_rank: | ew:Multiply:Computed { indices: NodeId(2228), index_map: IndexPattern { iter_rank:
LEAF	blk.5.ffn_gate_inp_shexp.weight	Float32	[Static(2048)]	gguf=[2048, 1]/F16	bound=owned	ew:Multiply:Affine(IndexPattern { iter_rank: 2, axes: [AxisIndex { terms: [AxisTer
LEAF	blk.5.ffn_gate_shexp.weight	Float32	[Static(2048), Static(512)]	gguf=[2048, 512]/Q4_K	bound=packed	ew:Multiply:Affine(IndexPattern { iter_rank: 3, axes: [AxisIndex { terms: [AxisTer
LEAF	blk.5.ffn_up_shexp.weight	Float32	[Static(2048), Static(512)]	gguf=[2048, 512]/Q4_K	bound=packed	ew:Multiply:Affine(IndexPattern { iter_rank: 3, axes: [AxisIndex { terms: [AxisTer
LEAF	blk.5.ffn_down_shexp.weight	Float32	[Static(512), Static(2048)]	gguf=[512, 2048]/Q6_K	bound=packed	ew:Multiply:Affine(IndexPattern { iter_rank: 3, axes: [AxisIndex { terms: [AxisTer
LEAF	blk.6.attn_norm.weight	Float32	[Static(2048)]	gguf=[2048]/F32	bound=packed	ew:Multiply:Affine(IndexPattern { iter_rank: 2, axes: [AxisIndex { terms: [AxisTer
LEAF	blk.6.post_attention_norm.weight	Float32	[Static(2048)]	gguf=[2048]/F32	bound=packed	ew:Multiply:Affine(IndexPattern { iter_rank: 2, axes: [AxisIndex { terms: [AxisTer
LEAF	blk.6.ffn_gate_inp.weight	Float32	[Static(2048), Static(256)]	gguf=[2048, 256]/F32	bound=owned	ew:Multiply:Affine(IndexPattern { iter_rank: 3, axes: [AxisIndex { terms: [AxisTer
LEAF	blk.6.attn_qkv.weight	Float32	[Static(2048), Static(8192)]	gguf=[2048, 8192]/Q4_K	bound=packed	ew:Multiply:Affine(IndexPattern { iter_rank: 3, axes: [AxisIndex { terms: [AxisTer
LEAF	blk.6.attn_gate.weight	Float32	[Static(2048), Static(4096)]	gguf=[2048, 4096]/Q4_K	bound=packed	ew:Multiply:Affine(IndexPattern { iter_rank: 3, axes: [AxisIndex { terms: [AxisTer
LEAF	blk.6.ssm_conv1d.weight	Float32	[Static(8192), Static(4)]	gguf=[4, 8192]/F32	bound=packed	ew:Identity:Affine(IndexPattern { iter_rank: 2, axes: [AxisIndex { terms: [AxisTer | ew:Multiply:Affine(IndexPattern { iter_rank: 3, axes: [AxisIndex { terms: [AxisTer
LEAF	ssm_cache.6.conv_history	Float32	[Static(3), Static(8192)]	gguf=-	bound=-	ew:Multiply:Affine(IndexPattern { iter_rank: 2, axes: [AxisIndex { terms: [AxisTer
LEAF	blk.6.ssm_beta.weight	Float32	[Static(2048), Static(32)]	gguf=[2048, 32]/Q4_K	bound=owned	ew:Multiply:Affine(IndexPattern { iter_rank: 3, axes: [AxisIndex { terms: [AxisTer
LEAF	blk.6.ssm_alpha.weight	Float32	[Static(2048), Static(32)]	gguf=[2048, 32]/Q4_K	bound=owned	ew:Multiply:Affine(IndexPattern { iter_rank: 3, axes: [AxisIndex { terms: [AxisTer
LEAF	blk.6.ssm_dt	Float32	[Static(32)]	gguf=[32]/F32	bound=packed	ew:Add:Affine(IndexPattern { iter_rank: 2, axes: [AxisIndex { terms: [AxisTer
LEAF	blk.6.ssm_a	Float32	[Static(32)]	gguf=[32]/F32	bound=packed	ew:Multiply:Affine(IndexPattern { iter_rank: 2, axes: [AxisIndex { terms: [AxisTer
LEAF	blk.6.ssm_norm.weight	Float32	[Static(128)]	gguf=[128]/F32	bound=packed	ew:Multiply:Affine(IndexPattern { iter_rank: 3, axes: [AxisIndex { terms: [AxisTer
LEAF	blk.6.ssm_out.weight	Float32	[Static(4096), Static(2048)]	gguf=[4096, 2048]/Q4_K	bound=packed	ew:Multiply:Affine(IndexPattern { iter_rank: 4, axes: [AxisIndex { terms: [AxisTer
LEAF	ssm_cache.6.state	Float32	[Static(128), Static(128), Static(16), Static(2)]	gguf=-	bound=-	ew:Multiply:Affine(IndexPattern { iter_rank: 4, axes: [AxisIndex { terms: [AxisTer
LEAF	blk.6.ffn_gate_exps.weight	Float32	[Static(256), Static(2048), Static(512)]	gguf=[2048, 512, 256]/Q4_K	bound=packed	ew:Multiply:Computed { indices: NodeId(2454), index_map: IndexPattern { iter_rank: | ew:Multiply:Computed { indices: NodeId(2474), index_map: IndexPattern { iter_rank: | ew:Multiply:Computed { indices: NodeId(2496), index_map: IndexPattern { iter_rank: | ew:Multiply:Computed { indices: NodeId(2518), index_map: IndexPattern { iter_rank: | ew:Multiply:Computed { indices: NodeId(2540), index_map: IndexPattern { iter_rank: | ew:Multiply:Computed { indices: NodeId(2562), index_map: IndexPattern { iter_rank: | ew:Multiply:Computed { indices: NodeId(2584), index_map: IndexPattern { iter_rank: | ew:Multiply:Computed { indices: NodeId(2606), index_map: IndexPattern { iter_rank:
LEAF	blk.6.ffn_up_exps.weight	Float32	[Static(256), Static(2048), Static(512)]	gguf=[2048, 512, 256]/Q4_K	bound=packed	ew:Multiply:Computed { indices: NodeId(2454), index_map: IndexPattern { iter_rank: | ew:Multiply:Computed { indices: NodeId(2474), index_map: IndexPattern { iter_rank: | ew:Multiply:Computed { indices: NodeId(2496), index_map: IndexPattern { iter_rank: | ew:Multiply:Computed { indices: NodeId(2518), index_map: IndexPattern { iter_rank: | ew:Multiply:Computed { indices: NodeId(2540), index_map: IndexPattern { iter_rank: | ew:Multiply:Computed { indices: NodeId(2562), index_map: IndexPattern { iter_rank: | ew:Multiply:Computed { indices: NodeId(2584), index_map: IndexPattern { iter_rank: | ew:Multiply:Computed { indices: NodeId(2606), index_map: IndexPattern { iter_rank:
LEAF	blk.6.ffn_down_exps.weight	Float32	[Static(256), Static(512), Static(2048)]	gguf=[512, 2048, 256]/Q6_K	bound=packed	ew:Multiply:Computed { indices: NodeId(2454), index_map: IndexPattern { iter_rank: | ew:Multiply:Computed { indices: NodeId(2474), index_map: IndexPattern { iter_rank: | ew:Multiply:Computed { indices: NodeId(2496), index_map: IndexPattern { iter_rank: | ew:Multiply:Computed { indices: NodeId(2518), index_map: IndexPattern { iter_rank: | ew:Multiply:Computed { indices: NodeId(2540), index_map: IndexPattern { iter_rank: | ew:Multiply:Computed { indices: NodeId(2562), index_map: IndexPattern { iter_rank: | ew:Multiply:Computed { indices: NodeId(2584), index_map: IndexPattern { iter_rank: | ew:Multiply:Computed { indices: NodeId(2606), index_map: IndexPattern { iter_rank:
LEAF	blk.6.ffn_gate_inp_shexp.weight	Float32	[Static(2048)]	gguf=[2048, 1]/F16	bound=owned	ew:Multiply:Affine(IndexPattern { iter_rank: 2, axes: [AxisIndex { terms: [AxisTer
LEAF	blk.6.ffn_gate_shexp.weight	Float32	[Static(2048), Static(512)]	gguf=[2048, 512]/Q4_K	bound=packed	ew:Multiply:Affine(IndexPattern { iter_rank: 3, axes: [AxisIndex { terms: [AxisTer
LEAF	blk.6.ffn_up_shexp.weight	Float32	[Static(2048), Static(512)]	gguf=[2048, 512]/Q4_K	bound=packed	ew:Multiply:Affine(IndexPattern { iter_rank: 3, axes: [AxisIndex { terms: [AxisTer
LEAF	blk.6.ffn_down_shexp.weight	Float32	[Static(512), Static(2048)]	gguf=[512, 2048]/Q6_K	bound=packed	ew:Multiply:Affine(IndexPattern { iter_rank: 3, axes: [AxisIndex { terms: [AxisTer
LEAF	blk.7.attn_norm.weight	Float32	[Static(2048)]	gguf=[2048]/F32	bound=packed	ew:Multiply:Affine(IndexPattern { iter_rank: 2, axes: [AxisIndex { terms: [AxisTer
LEAF	blk.7.post_attention_norm.weight	Float32	[Static(2048)]	gguf=[2048]/F32	bound=packed	ew:Multiply:Affine(IndexPattern { iter_rank: 2, axes: [AxisIndex { terms: [AxisTer
LEAF	blk.7.ffn_gate_inp.weight	Float32	[Static(2048), Static(256)]	gguf=[2048, 256]/F32	bound=owned	ew:Multiply:Affine(IndexPattern { iter_rank: 3, axes: [AxisIndex { terms: [AxisTer
LEAF	blk.7.attn_q.weight	Float32	[Static(2048), Static(8192)]	gguf=[2048, 8192]/Q4_K	bound=packed	ew:Multiply:Affine(IndexPattern { iter_rank: 3, axes: [AxisIndex { terms: [AxisTer
LEAF	blk.7.attn_k.weight	Float32	[Static(2048), Static(512)]	gguf=[2048, 512]/Q4_K	bound=packed	ew:Multiply:Affine(IndexPattern { iter_rank: 3, axes: [AxisIndex { terms: [AxisTer
LEAF	blk.7.attn_v.weight	Float32	[Static(2048), Static(512)]	gguf=[2048, 512]/Q6_K	bound=packed	ew:Multiply:Affine(IndexPattern { iter_rank: 3, axes: [AxisIndex { terms: [AxisTer
LEAF	blk.7.attn_output.weight	Float32	[Static(4096), Static(2048)]	gguf=[4096, 2048]/Q4_K	bound=packed	ew:Multiply:Affine(IndexPattern { iter_rank: 4, axes: [AxisIndex { terms: [AxisTer
LEAF	blk.7.attn_q_norm.weight	Float32	[Static(256)]	gguf=[256]/F32	bound=packed	ew:Multiply:Affine(IndexPattern { iter_rank: 3, axes: [AxisIndex { terms: [AxisTer
LEAF	blk.7.attn_k_norm.weight	Float32	[Static(256)]	gguf=[256]/F32	bound=packed	ew:Multiply:Affine(IndexPattern { iter_rank: 3, axes: [AxisIndex { terms: [AxisTer
LEAF	kv_cache.7.k_first	Float32	[Symbolic(1), Static(2), Static(32)]	gguf=-	bound=-	ew:Multiply:Affine(IndexPattern { iter_rank: 5, axes: [AxisIndex { terms: [AxisTer
LEAF	kv_cache.7.k_second	Float32	[Symbolic(1), Static(2), Static(32)]	gguf=-	bound=-	ew:Multiply:Affine(IndexPattern { iter_rank: 5, axes: [AxisIndex { terms: [AxisTer
LEAF	kv_cache.7.k_pass	Float32	[Symbolic(1), Static(2), Static(192)]	gguf=-	bound=-	ew:Multiply:Affine(IndexPattern { iter_rank: 5, axes: [AxisIndex { terms: [AxisTer
LEAF	kv_cache.7.v	Float32	[Symbolic(1), Static(2), Static(256)]	gguf=-	bound=-	ew:Multiply:Affine(IndexPattern { iter_rank: 5, axes: [AxisIndex { terms: [AxisTer
LEAF	blk.7.ffn_gate_exps.weight	Float32	[Static(256), Static(2048), Static(512)]	gguf=[2048, 512, 256]/Q4_K	bound=packed	ew:Multiply:Computed { indices: NodeId(2815), index_map: IndexPattern { iter_rank: | ew:Multiply:Computed { indices: NodeId(2835), index_map: IndexPattern { iter_rank: | ew:Multiply:Computed { indices: NodeId(2857), index_map: IndexPattern { iter_rank: | ew:Multiply:Computed { indices: NodeId(2879), index_map: IndexPattern { iter_rank: | ew:Multiply:Computed { indices: NodeId(2901), index_map: IndexPattern { iter_rank: | ew:Multiply:Computed { indices: NodeId(2923), index_map: IndexPattern { iter_rank: | ew:Multiply:Computed { indices: NodeId(2945), index_map: IndexPattern { iter_rank: | ew:Multiply:Computed { indices: NodeId(2967), index_map: IndexPattern { iter_rank:
LEAF	blk.7.ffn_up_exps.weight	Float32	[Static(256), Static(2048), Static(512)]	gguf=[2048, 512, 256]/Q4_K	bound=packed	ew:Multiply:Computed { indices: NodeId(2815), index_map: IndexPattern { iter_rank: | ew:Multiply:Computed { indices: NodeId(2835), index_map: IndexPattern { iter_rank: | ew:Multiply:Computed { indices: NodeId(2857), index_map: IndexPattern { iter_rank: | ew:Multiply:Computed { indices: NodeId(2879), index_map: IndexPattern { iter_rank: | ew:Multiply:Computed { indices: NodeId(2901), index_map: IndexPattern { iter_rank: | ew:Multiply:Computed { indices: NodeId(2923), index_map: IndexPattern { iter_rank: | ew:Multiply:Computed { indices: NodeId(2945), index_map: IndexPattern { iter_rank: | ew:Multiply:Computed { indices: NodeId(2967), index_map: IndexPattern { iter_rank:
LEAF	blk.7.ffn_down_exps.weight	Float32	[Static(256), Static(512), Static(2048)]	gguf=[512, 2048, 256]/Q6_K	bound=packed	ew:Multiply:Computed { indices: NodeId(2815), index_map: IndexPattern { iter_rank: | ew:Multiply:Computed { indices: NodeId(2835), index_map: IndexPattern { iter_rank: | ew:Multiply:Computed { indices: NodeId(2857), index_map: IndexPattern { iter_rank: | ew:Multiply:Computed { indices: NodeId(2879), index_map: IndexPattern { iter_rank: | ew:Multiply:Computed { indices: NodeId(2901), index_map: IndexPattern { iter_rank: | ew:Multiply:Computed { indices: NodeId(2923), index_map: IndexPattern { iter_rank: | ew:Multiply:Computed { indices: NodeId(2945), index_map: IndexPattern { iter_rank: | ew:Multiply:Computed { indices: NodeId(2967), index_map: IndexPattern { iter_rank:
LEAF	blk.7.ffn_gate_inp_shexp.weight	Float32	[Static(2048)]	gguf=[2048, 1]/F16	bound=owned	ew:Multiply:Affine(IndexPattern { iter_rank: 2, axes: [AxisIndex { terms: [AxisTer
LEAF	blk.7.ffn_gate_shexp.weight	Float32	[Static(2048), Static(512)]	gguf=[2048, 512]/Q4_K	bound=packed	ew:Multiply:Affine(IndexPattern { iter_rank: 3, axes: [AxisIndex { terms: [AxisTer
LEAF	blk.7.ffn_up_shexp.weight	Float32	[Static(2048), Static(512)]	gguf=[2048, 512]/Q4_K	bound=packed	ew:Multiply:Affine(IndexPattern { iter_rank: 3, axes: [AxisIndex { terms: [AxisTer
LEAF	blk.7.ffn_down_shexp.weight	Float32	[Static(512), Static(2048)]	gguf=[512, 2048]/Q6_K	bound=packed	ew:Multiply:Affine(IndexPattern { iter_rank: 3, axes: [AxisIndex { terms: [AxisTer
LEAF	blk.8.attn_norm.weight	Float32	[Static(2048)]	gguf=[2048]/F32	bound=packed	ew:Multiply:Affine(IndexPattern { iter_rank: 2, axes: [AxisIndex { terms: [AxisTer
LEAF	blk.8.post_attention_norm.weight	Float32	[Static(2048)]	gguf=[2048]/F32	bound=packed	ew:Multiply:Affine(IndexPattern { iter_rank: 2, axes: [AxisIndex { terms: [AxisTer
LEAF	blk.8.ffn_gate_inp.weight	Float32	[Static(2048), Static(256)]	gguf=[2048, 256]/F32	bound=owned	ew:Multiply:Affine(IndexPattern { iter_rank: 3, axes: [AxisIndex { terms: [AxisTer
LEAF	blk.8.attn_qkv.weight	Float32	[Static(2048), Static(8192)]	gguf=[2048, 8192]/Q4_K	bound=packed	ew:Multiply:Affine(IndexPattern { iter_rank: 3, axes: [AxisIndex { terms: [AxisTer
LEAF	blk.8.attn_gate.weight	Float32	[Static(2048), Static(4096)]	gguf=[2048, 4096]/Q4_K	bound=packed	ew:Multiply:Affine(IndexPattern { iter_rank: 3, axes: [AxisIndex { terms: [AxisTer
LEAF	blk.8.ssm_conv1d.weight	Float32	[Static(8192), Static(4)]	gguf=[4, 8192]/F32	bound=packed	ew:Identity:Affine(IndexPattern { iter_rank: 2, axes: [AxisIndex { terms: [AxisTer | ew:Multiply:Affine(IndexPattern { iter_rank: 3, axes: [AxisIndex { terms: [AxisTer
LEAF	ssm_cache.8.conv_history	Float32	[Static(3), Static(8192)]	gguf=-	bound=-	ew:Multiply:Affine(IndexPattern { iter_rank: 2, axes: [AxisIndex { terms: [AxisTer
LEAF	blk.8.ssm_beta.weight	Float32	[Static(2048), Static(32)]	gguf=[2048, 32]/Q4_K	bound=owned	ew:Multiply:Affine(IndexPattern { iter_rank: 3, axes: [AxisIndex { terms: [AxisTer
LEAF	blk.8.ssm_alpha.weight	Float32	[Static(2048), Static(32)]	gguf=[2048, 32]/Q4_K	bound=owned	ew:Multiply:Affine(IndexPattern { iter_rank: 3, axes: [AxisIndex { terms: [AxisTer
LEAF	blk.8.ssm_dt	Float32	[Static(32)]	gguf=[32]/F32	bound=packed	ew:Add:Affine(IndexPattern { iter_rank: 2, axes: [AxisIndex { terms: [AxisTer
LEAF	blk.8.ssm_a	Float32	[Static(32)]	gguf=[32]/F32	bound=packed	ew:Multiply:Affine(IndexPattern { iter_rank: 2, axes: [AxisIndex { terms: [AxisTer
LEAF	blk.8.ssm_norm.weight	Float32	[Static(128)]	gguf=[128]/F32	bound=packed	ew:Multiply:Affine(IndexPattern { iter_rank: 3, axes: [AxisIndex { terms: [AxisTer
LEAF	blk.8.ssm_out.weight	Float32	[Static(4096), Static(2048)]	gguf=[4096, 2048]/Q4_K	bound=packed	ew:Multiply:Affine(IndexPattern { iter_rank: 4, axes: [AxisIndex { terms: [AxisTer
LEAF	ssm_cache.8.state	Float32	[Static(128), Static(128), Static(16), Static(2)]	gguf=-	bound=-	ew:Multiply:Affine(IndexPattern { iter_rank: 4, axes: [AxisIndex { terms: [AxisTer
LEAF	blk.8.ffn_gate_exps.weight	Float32	[Static(256), Static(2048), Static(512)]	gguf=[2048, 512, 256]/Q4_K	bound=packed	ew:Multiply:Computed { indices: NodeId(3193), index_map: IndexPattern { iter_rank: | ew:Multiply:Computed { indices: NodeId(3213), index_map: IndexPattern { iter_rank: | ew:Multiply:Computed { indices: NodeId(3235), index_map: IndexPattern { iter_rank: | ew:Multiply:Computed { indices: NodeId(3257), index_map: IndexPattern { iter_rank: | ew:Multiply:Computed { indices: NodeId(3279), index_map: IndexPattern { iter_rank: | ew:Multiply:Computed { indices: NodeId(3301), index_map: IndexPattern { iter_rank: | ew:Multiply:Computed { indices: NodeId(3323), index_map: IndexPattern { iter_rank: | ew:Multiply:Computed { indices: NodeId(3345), index_map: IndexPattern { iter_rank:
LEAF	blk.8.ffn_up_exps.weight	Float32	[Static(256), Static(2048), Static(512)]	gguf=[2048, 512, 256]/Q4_K	bound=packed	ew:Multiply:Computed { indices: NodeId(3193), index_map: IndexPattern { iter_rank: | ew:Multiply:Computed { indices: NodeId(3213), index_map: IndexPattern { iter_rank: | ew:Multiply:Computed { indices: NodeId(3235), index_map: IndexPattern { iter_rank: | ew:Multiply:Computed { indices: NodeId(3257), index_map: IndexPattern { iter_rank: | ew:Multiply:Computed { indices: NodeId(3279), index_map: IndexPattern { iter_rank: | ew:Multiply:Computed { indices: NodeId(3301), index_map: IndexPattern { iter_rank: | ew:Multiply:Computed { indices: NodeId(3323), index_map: IndexPattern { iter_rank: | ew:Multiply:Computed { indices: NodeId(3345), index_map: IndexPattern { iter_rank:
LEAF	blk.8.ffn_down_exps.weight	Float32	[Static(256), Static(512), Static(2048)]	gguf=[512, 2048, 256]/Q6_K	bound=packed	ew:Multiply:Computed { indices: NodeId(3193), index_map: IndexPattern { iter_rank: | ew:Multiply:Computed { indices: NodeId(3213), index_map: IndexPattern { iter_rank: | ew:Multiply:Computed { indices: NodeId(3235), index_map: IndexPattern { iter_rank: | ew:Multiply:Computed { indices: NodeId(3257), index_map: IndexPattern { iter_rank: | ew:Multiply:Computed { indices: NodeId(3279), index_map: IndexPattern { iter_rank: | ew:Multiply:Computed { indices: NodeId(3301), index_map: IndexPattern { iter_rank: | ew:Multiply:Computed { indices: NodeId(3323), index_map: IndexPattern { iter_rank: | ew:Multiply:Computed { indices: NodeId(3345), index_map: IndexPattern { iter_rank:
LEAF	blk.8.ffn_gate_inp_shexp.weight	Float32	[Static(2048)]	gguf=[2048, 1]/F16	bound=owned	ew:Multiply:Affine(IndexPattern { iter_rank: 2, axes: [AxisIndex { terms: [AxisTer
LEAF	blk.8.ffn_gate_shexp.weight	Float32	[Static(2048), Static(512)]	gguf=[2048, 512]/Q4_K	bound=packed	ew:Multiply:Affine(IndexPattern { iter_rank: 3, axes: [AxisIndex { terms: [AxisTer
LEAF	blk.8.ffn_up_shexp.weight	Float32	[Static(2048), Static(512)]	gguf=[2048, 512]/Q4_K	bound=packed	ew:Multiply:Affine(IndexPattern { iter_rank: 3, axes: [AxisIndex { terms: [AxisTer
LEAF	blk.8.ffn_down_shexp.weight	Float32	[Static(512), Static(2048)]	gguf=[512, 2048]/Q6_K	bound=packed	ew:Multiply:Affine(IndexPattern { iter_rank: 3, axes: [AxisIndex { terms: [AxisTer
LEAF	blk.9.attn_norm.weight	Float32	[Static(2048)]	gguf=[2048]/F32	bound=packed	ew:Multiply:Affine(IndexPattern { iter_rank: 2, axes: [AxisIndex { terms: [AxisTer
LEAF	blk.9.post_attention_norm.weight	Float32	[Static(2048)]	gguf=[2048]/F32	bound=packed	ew:Multiply:Affine(IndexPattern { iter_rank: 2, axes: [AxisIndex { terms: [AxisTer
LEAF	blk.9.ffn_gate_inp.weight	Float32	[Static(2048), Static(256)]	gguf=[2048, 256]/F32	bound=owned	ew:Multiply:Affine(IndexPattern { iter_rank: 3, axes: [AxisIndex { terms: [AxisTer
LEAF	blk.9.attn_qkv.weight	Float32	[Static(2048), Static(8192)]	gguf=[2048, 8192]/Q4_K	bound=packed	ew:Multiply:Affine(IndexPattern { iter_rank: 3, axes: [AxisIndex { terms: [AxisTer
LEAF	blk.9.attn_gate.weight	Float32	[Static(2048), Static(4096)]	gguf=[2048, 4096]/Q4_K	bound=packed	ew:Multiply:Affine(IndexPattern { iter_rank: 3, axes: [AxisIndex { terms: [AxisTer
LEAF	blk.9.ssm_conv1d.weight	Float32	[Static(8192), Static(4)]	gguf=[4, 8192]/F32	bound=packed	ew:Identity:Affine(IndexPattern { iter_rank: 2, axes: [AxisIndex { terms: [AxisTer | ew:Multiply:Affine(IndexPattern { iter_rank: 3, axes: [AxisIndex { terms: [AxisTer
LEAF	ssm_cache.9.conv_history	Float32	[Static(3), Static(8192)]	gguf=-	bound=-	ew:Multiply:Affine(IndexPattern { iter_rank: 2, axes: [AxisIndex { terms: [AxisTer
LEAF	blk.9.ssm_beta.weight	Float32	[Static(2048), Static(32)]	gguf=[2048, 32]/Q4_K	bound=owned	ew:Multiply:Affine(IndexPattern { iter_rank: 3, axes: [AxisIndex { terms: [AxisTer
LEAF	blk.9.ssm_alpha.weight	Float32	[Static(2048), Static(32)]	gguf=[2048, 32]/Q4_K	bound=owned	ew:Multiply:Affine(IndexPattern { iter_rank: 3, axes: [AxisIndex { terms: [AxisTer
LEAF	blk.9.ssm_dt	Float32	[Static(32)]	gguf=[32]/F32	bound=packed	ew:Add:Affine(IndexPattern { iter_rank: 2, axes: [AxisIndex { terms: [AxisTer
LEAF	blk.9.ssm_a	Float32	[Static(32)]	gguf=[32]/F32	bound=packed	ew:Multiply:Affine(IndexPattern { iter_rank: 2, axes: [AxisIndex { terms: [AxisTer
LEAF	blk.9.ssm_norm.weight	Float32	[Static(128)]	gguf=[128]/F32	bound=packed	ew:Multiply:Affine(IndexPattern { iter_rank: 3, axes: [AxisIndex { terms: [AxisTer
LEAF	blk.9.ssm_out.weight	Float32	[Static(4096), Static(2048)]	gguf=[4096, 2048]/Q4_K	bound=packed	ew:Multiply:Affine(IndexPattern { iter_rank: 4, axes: [AxisIndex { terms: [AxisTer
LEAF	ssm_cache.9.state	Float32	[Static(128), Static(128), Static(16), Static(2)]	gguf=-	bound=-	ew:Multiply:Affine(IndexPattern { iter_rank: 4, axes: [AxisIndex { terms: [AxisTer
LEAF	blk.9.ffn_gate_exps.weight	Float32	[Static(256), Static(2048), Static(512)]	gguf=[2048, 512, 256]/Q4_K	bound=packed	ew:Multiply:Computed { indices: NodeId(3571), index_map: IndexPattern { iter_rank: | ew:Multiply:Computed { indices: NodeId(3591), index_map: IndexPattern { iter_rank: | ew:Multiply:Computed { indices: NodeId(3613), index_map: IndexPattern { iter_rank: | ew:Multiply:Computed { indices: NodeId(3635), index_map: IndexPattern { iter_rank: | ew:Multiply:Computed { indices: NodeId(3657), index_map: IndexPattern { iter_rank: | ew:Multiply:Computed { indices: NodeId(3679), index_map: IndexPattern { iter_rank: | ew:Multiply:Computed { indices: NodeId(3701), index_map: IndexPattern { iter_rank: | ew:Multiply:Computed { indices: NodeId(3723), index_map: IndexPattern { iter_rank:
LEAF	blk.9.ffn_up_exps.weight	Float32	[Static(256), Static(2048), Static(512)]	gguf=[2048, 512, 256]/Q4_K	bound=packed	ew:Multiply:Computed { indices: NodeId(3571), index_map: IndexPattern { iter_rank: | ew:Multiply:Computed { indices: NodeId(3591), index_map: IndexPattern { iter_rank: | ew:Multiply:Computed { indices: NodeId(3613), index_map: IndexPattern { iter_rank: | ew:Multiply:Computed { indices: NodeId(3635), index_map: IndexPattern { iter_rank: | ew:Multiply:Computed { indices: NodeId(3657), index_map: IndexPattern { iter_rank: | ew:Multiply:Computed { indices: NodeId(3679), index_map: IndexPattern { iter_rank: | ew:Multiply:Computed { indices: NodeId(3701), index_map: IndexPattern { iter_rank: | ew:Multiply:Computed { indices: NodeId(3723), index_map: IndexPattern { iter_rank:
LEAF	blk.9.ffn_down_exps.weight	Float32	[Static(256), Static(512), Static(2048)]	gguf=[512, 2048, 256]/Q6_K	bound=packed	ew:Multiply:Computed { indices: NodeId(3571), index_map: IndexPattern { iter_rank: | ew:Multiply:Computed { indices: NodeId(3591), index_map: IndexPattern { iter_rank: | ew:Multiply:Computed { indices: NodeId(3613), index_map: IndexPattern { iter_rank: | ew:Multiply:Computed { indices: NodeId(3635), index_map: IndexPattern { iter_rank: | ew:Multiply:Computed { indices: NodeId(3657), index_map: IndexPattern { iter_rank: | ew:Multiply:Computed { indices: NodeId(3679), index_map: IndexPattern { iter_rank: | ew:Multiply:Computed { indices: NodeId(3701), index_map: IndexPattern { iter_rank: | ew:Multiply:Computed { indices: NodeId(3723), index_map: IndexPattern { iter_rank:
LEAF	blk.9.ffn_gate_inp_shexp.weight	Float32	[Static(2048)]	gguf=[2048, 1]/F16	bound=owned	ew:Multiply:Affine(IndexPattern { iter_rank: 2, axes: [AxisIndex { terms: [AxisTer
LEAF	blk.9.ffn_gate_shexp.weight	Float32	[Static(2048), Static(512)]	gguf=[2048, 512]/Q4_K	bound=packed	ew:Multiply:Affine(IndexPattern { iter_rank: 3, axes: [AxisIndex { terms: [AxisTer
LEAF	blk.9.ffn_up_shexp.weight	Float32	[Static(2048), Static(512)]	gguf=[2048, 512]/Q4_K	bound=packed	ew:Multiply:Affine(IndexPattern { iter_rank: 3, axes: [AxisIndex { terms: [AxisTer
LEAF	blk.9.ffn_down_shexp.weight	Float32	[Static(512), Static(2048)]	gguf=[512, 2048]/Q6_K	bound=packed	ew:Multiply:Affine(IndexPattern { iter_rank: 3, axes: [AxisIndex { terms: [AxisTer
LEAF	blk.10.attn_norm.weight	Float32	[Static(2048)]	gguf=[2048]/F32	bound=packed	ew:Multiply:Affine(IndexPattern { iter_rank: 2, axes: [AxisIndex { terms: [AxisTer
LEAF	blk.10.post_attention_norm.weight	Float32	[Static(2048)]	gguf=[2048]/F32	bound=packed	ew:Multiply:Affine(IndexPattern { iter_rank: 2, axes: [AxisIndex { terms: [AxisTer
LEAF	blk.10.ffn_gate_inp.weight	Float32	[Static(2048), Static(256)]	gguf=[2048, 256]/F32	bound=owned	ew:Multiply:Affine(IndexPattern { iter_rank: 3, axes: [AxisIndex { terms: [AxisTer
LEAF	blk.10.attn_qkv.weight	Float32	[Static(2048), Static(8192)]	gguf=[2048, 8192]/Q4_K	bound=packed	ew:Multiply:Affine(IndexPattern { iter_rank: 3, axes: [AxisIndex { terms: [AxisTer
LEAF	blk.10.attn_gate.weight	Float32	[Static(2048), Static(4096)]	gguf=[2048, 4096]/Q4_K	bound=packed	ew:Multiply:Affine(IndexPattern { iter_rank: 3, axes: [AxisIndex { terms: [AxisTer
LEAF	blk.10.ssm_conv1d.weight	Float32	[Static(8192), Static(4)]	gguf=[4, 8192]/F32	bound=packed	ew:Identity:Affine(IndexPattern { iter_rank: 2, axes: [AxisIndex { terms: [AxisTer | ew:Multiply:Affine(IndexPattern { iter_rank: 3, axes: [AxisIndex { terms: [AxisTer
LEAF	ssm_cache.10.conv_history	Float32	[Static(3), Static(8192)]	gguf=-	bound=-	ew:Multiply:Affine(IndexPattern { iter_rank: 2, axes: [AxisIndex { terms: [AxisTer
LEAF	blk.10.ssm_beta.weight	Float32	[Static(2048), Static(32)]	gguf=[2048, 32]/Q4_K	bound=owned	ew:Multiply:Affine(IndexPattern { iter_rank: 3, axes: [AxisIndex { terms: [AxisTer
LEAF	blk.10.ssm_alpha.weight	Float32	[Static(2048), Static(32)]	gguf=[2048, 32]/Q4_K	bound=owned	ew:Multiply:Affine(IndexPattern { iter_rank: 3, axes: [AxisIndex { terms: [AxisTer
LEAF	blk.10.ssm_dt	Float32	[Static(32)]	gguf=[32]/F32	bound=packed	ew:Add:Affine(IndexPattern { iter_rank: 2, axes: [AxisIndex { terms: [AxisTer
LEAF	blk.10.ssm_a	Float32	[Static(32)]	gguf=[32]/F32	bound=packed	ew:Multiply:Affine(IndexPattern { iter_rank: 2, axes: [AxisIndex { terms: [AxisTer
LEAF	blk.10.ssm_norm.weight	Float32	[Static(128)]	gguf=[128]/F32	bound=packed	ew:Multiply:Affine(IndexPattern { iter_rank: 3, axes: [AxisIndex { terms: [AxisTer
LEAF	blk.10.ssm_out.weight	Float32	[Static(4096), Static(2048)]	gguf=[4096, 2048]/Q4_K	bound=packed	ew:Multiply:Affine(IndexPattern { iter_rank: 4, axes: [AxisIndex { terms: [AxisTer
LEAF	ssm_cache.10.state	Float32	[Static(128), Static(128), Static(16), Static(2)]	gguf=-	bound=-	ew:Multiply:Affine(IndexPattern { iter_rank: 4, axes: [AxisIndex { terms: [AxisTer
LEAF	blk.10.ffn_gate_exps.weight	Float32	[Static(256), Static(2048), Static(512)]	gguf=[2048, 512, 256]/Q4_K	bound=packed	ew:Multiply:Computed { indices: NodeId(3949), index_map: IndexPattern { iter_rank: | ew:Multiply:Computed { indices: NodeId(3969), index_map: IndexPattern { iter_rank: | ew:Multiply:Computed { indices: NodeId(3991), index_map: IndexPattern { iter_rank: | ew:Multiply:Computed { indices: NodeId(4013), index_map: IndexPattern { iter_rank: | ew:Multiply:Computed { indices: NodeId(4035), index_map: IndexPattern { iter_rank: | ew:Multiply:Computed { indices: NodeId(4057), index_map: IndexPattern { iter_rank: | ew:Multiply:Computed { indices: NodeId(4079), index_map: IndexPattern { iter_rank: | ew:Multiply:Computed { indices: NodeId(4101), index_map: IndexPattern { iter_rank:
LEAF	blk.10.ffn_up_exps.weight	Float32	[Static(256), Static(2048), Static(512)]	gguf=[2048, 512, 256]/Q4_K	bound=packed	ew:Multiply:Computed { indices: NodeId(3949), index_map: IndexPattern { iter_rank: | ew:Multiply:Computed { indices: NodeId(3969), index_map: IndexPattern { iter_rank: | ew:Multiply:Computed { indices: NodeId(3991), index_map: IndexPattern { iter_rank: | ew:Multiply:Computed { indices: NodeId(4013), index_map: IndexPattern { iter_rank: | ew:Multiply:Computed { indices: NodeId(4035), index_map: IndexPattern { iter_rank: | ew:Multiply:Computed { indices: NodeId(4057), index_map: IndexPattern { iter_rank: | ew:Multiply:Computed { indices: NodeId(4079), index_map: IndexPattern { iter_rank: | ew:Multiply:Computed { indices: NodeId(4101), index_map: IndexPattern { iter_rank:
LEAF	blk.10.ffn_down_exps.weight	Float32	[Static(256), Static(512), Static(2048)]	gguf=[512, 2048, 256]/Q6_K	bound=packed	ew:Multiply:Computed { indices: NodeId(3949), index_map: IndexPattern { iter_rank: | ew:Multiply:Computed { indices: NodeId(3969), index_map: IndexPattern { iter_rank: | ew:Multiply:Computed { indices: NodeId(3991), index_map: IndexPattern { iter_rank: | ew:Multiply:Computed { indices: NodeId(4013), index_map: IndexPattern { iter_rank: | ew:Multiply:Computed { indices: NodeId(4035), index_map: IndexPattern { iter_rank: | ew:Multiply:Computed { indices: NodeId(4057), index_map: IndexPattern { iter_rank: | ew:Multiply:Computed { indices: NodeId(4079), index_map: IndexPattern { iter_rank: | ew:Multiply:Computed { indices: NodeId(4101), index_map: IndexPattern { iter_rank:
LEAF	blk.10.ffn_gate_inp_shexp.weight	Float32	[Static(2048)]	gguf=[2048, 1]/F16	bound=owned	ew:Multiply:Affine(IndexPattern { iter_rank: 2, axes: [AxisIndex { terms: [AxisTer
LEAF	blk.10.ffn_gate_shexp.weight	Float32	[Static(2048), Static(512)]	gguf=[2048, 512]/Q4_K	bound=packed	ew:Multiply:Affine(IndexPattern { iter_rank: 3, axes: [AxisIndex { terms: [AxisTer
LEAF	blk.10.ffn_up_shexp.weight	Float32	[Static(2048), Static(512)]	gguf=[2048, 512]/Q4_K	bound=packed	ew:Multiply:Affine(IndexPattern { iter_rank: 3, axes: [AxisIndex { terms: [AxisTer
LEAF	blk.10.ffn_down_shexp.weight	Float32	[Static(512), Static(2048)]	gguf=[512, 2048]/Q6_K	bound=packed	ew:Multiply:Affine(IndexPattern { iter_rank: 3, axes: [AxisIndex { terms: [AxisTer
LEAF	blk.11.attn_norm.weight	Float32	[Static(2048)]	gguf=[2048]/F32	bound=packed	ew:Multiply:Affine(IndexPattern { iter_rank: 2, axes: [AxisIndex { terms: [AxisTer
LEAF	blk.11.post_attention_norm.weight	Float32	[Static(2048)]	gguf=[2048]/F32	bound=packed	ew:Multiply:Affine(IndexPattern { iter_rank: 2, axes: [AxisIndex { terms: [AxisTer
LEAF	blk.11.ffn_gate_inp.weight	Float32	[Static(2048), Static(256)]	gguf=[2048, 256]/F32	bound=owned	ew:Multiply:Affine(IndexPattern { iter_rank: 3, axes: [AxisIndex { terms: [AxisTer
LEAF	blk.11.attn_q.weight	Float32	[Static(2048), Static(8192)]	gguf=[2048, 8192]/Q4_K	bound=packed	ew:Multiply:Affine(IndexPattern { iter_rank: 3, axes: [AxisIndex { terms: [AxisTer
LEAF	blk.11.attn_k.weight	Float32	[Static(2048), Static(512)]	gguf=[2048, 512]/Q4_K	bound=packed	ew:Multiply:Affine(IndexPattern { iter_rank: 3, axes: [AxisIndex { terms: [AxisTer
LEAF	blk.11.attn_v.weight	Float32	[Static(2048), Static(512)]	gguf=[2048, 512]/Q6_K	bound=packed	ew:Multiply:Affine(IndexPattern { iter_rank: 3, axes: [AxisIndex { terms: [AxisTer
LEAF	blk.11.attn_output.weight	Float32	[Static(4096), Static(2048)]	gguf=[4096, 2048]/Q4_K	bound=packed	ew:Multiply:Affine(IndexPattern { iter_rank: 4, axes: [AxisIndex { terms: [AxisTer
LEAF	blk.11.attn_q_norm.weight	Float32	[Static(256)]	gguf=[256]/F32	bound=packed	ew:Multiply:Affine(IndexPattern { iter_rank: 3, axes: [AxisIndex { terms: [AxisTer
LEAF	blk.11.attn_k_norm.weight	Float32	[Static(256)]	gguf=[256]/F32	bound=packed	ew:Multiply:Affine(IndexPattern { iter_rank: 3, axes: [AxisIndex { terms: [AxisTer
LEAF	kv_cache.11.k_first	Float32	[Symbolic(1), Static(2), Static(32)]	gguf=-	bound=-	ew:Multiply:Affine(IndexPattern { iter_rank: 5, axes: [AxisIndex { terms: [AxisTer
LEAF	kv_cache.11.k_second	Float32	[Symbolic(1), Static(2), Static(32)]	gguf=-	bound=-	ew:Multiply:Affine(IndexPattern { iter_rank: 5, axes: [AxisIndex { terms: [AxisTer
LEAF	kv_cache.11.k_pass	Float32	[Symbolic(1), Static(2), Static(192)]	gguf=-	bound=-	ew:Multiply:Affine(IndexPattern { iter_rank: 5, axes: [AxisIndex { terms: [AxisTer
LEAF	kv_cache.11.v	Float32	[Symbolic(1), Static(2), Static(256)]	gguf=-	bound=-	ew:Multiply:Affine(IndexPattern { iter_rank: 5, axes: [AxisIndex { terms: [AxisTer
LEAF	blk.11.ffn_gate_exps.weight	Float32	[Static(256), Static(2048), Static(512)]	gguf=[2048, 512, 256]/Q4_K	bound=packed	ew:Multiply:Computed { indices: NodeId(4310), index_map: IndexPattern { iter_rank: | ew:Multiply:Computed { indices: NodeId(4330), index_map: IndexPattern { iter_rank: | ew:Multiply:Computed { indices: NodeId(4352), index_map: IndexPattern { iter_rank: | ew:Multiply:Computed { indices: NodeId(4374), index_map: IndexPattern { iter_rank: | ew:Multiply:Computed { indices: NodeId(4396), index_map: IndexPattern { iter_rank: | ew:Multiply:Computed { indices: NodeId(4418), index_map: IndexPattern { iter_rank: | ew:Multiply:Computed { indices: NodeId(4440), index_map: IndexPattern { iter_rank: | ew:Multiply:Computed { indices: NodeId(4462), index_map: IndexPattern { iter_rank:
LEAF	blk.11.ffn_up_exps.weight	Float32	[Static(256), Static(2048), Static(512)]	gguf=[2048, 512, 256]/Q4_K	bound=packed	ew:Multiply:Computed { indices: NodeId(4310), index_map: IndexPattern { iter_rank: | ew:Multiply:Computed { indices: NodeId(4330), index_map: IndexPattern { iter_rank: | ew:Multiply:Computed { indices: NodeId(4352), index_map: IndexPattern { iter_rank: | ew:Multiply:Computed { indices: NodeId(4374), index_map: IndexPattern { iter_rank: | ew:Multiply:Computed { indices: NodeId(4396), index_map: IndexPattern { iter_rank: | ew:Multiply:Computed { indices: NodeId(4418), index_map: IndexPattern { iter_rank: | ew:Multiply:Computed { indices: NodeId(4440), index_map: IndexPattern { iter_rank: | ew:Multiply:Computed { indices: NodeId(4462), index_map: IndexPattern { iter_rank:
LEAF	blk.11.ffn_down_exps.weight	Float32	[Static(256), Static(512), Static(2048)]	gguf=[512, 2048, 256]/Q6_K	bound=packed	ew:Multiply:Computed { indices: NodeId(4310), index_map: IndexPattern { iter_rank: | ew:Multiply:Computed { indices: NodeId(4330), index_map: IndexPattern { iter_rank: | ew:Multiply:Computed { indices: NodeId(4352), index_map: IndexPattern { iter_rank: | ew:Multiply:Computed { indices: NodeId(4374), index_map: IndexPattern { iter_rank: | ew:Multiply:Computed { indices: NodeId(4396), index_map: IndexPattern { iter_rank: | ew:Multiply:Computed { indices: NodeId(4418), index_map: IndexPattern { iter_rank: | ew:Multiply:Computed { indices: NodeId(4440), index_map: IndexPattern { iter_rank: | ew:Multiply:Computed { indices: NodeId(4462), index_map: IndexPattern { iter_rank:
LEAF	blk.11.ffn_gate_inp_shexp.weight	Float32	[Static(2048)]	gguf=[2048, 1]/F16	bound=owned	ew:Multiply:Affine(IndexPattern { iter_rank: 2, axes: [AxisIndex { terms: [AxisTer
LEAF	blk.11.ffn_gate_shexp.weight	Float32	[Static(2048), Static(512)]	gguf=[2048, 512]/Q4_K	bound=packed	ew:Multiply:Affine(IndexPattern { iter_rank: 3, axes: [AxisIndex { terms: [AxisTer
LEAF	blk.11.ffn_up_shexp.weight	Float32	[Static(2048), Static(512)]	gguf=[2048, 512]/Q4_K	bound=packed	ew:Multiply:Affine(IndexPattern { iter_rank: 3, axes: [AxisIndex { terms: [AxisTer
LEAF	blk.11.ffn_down_shexp.weight	Float32	[Static(512), Static(2048)]	gguf=[512, 2048]/Q6_K	bound=packed	ew:Multiply:Affine(IndexPattern { iter_rank: 3, axes: [AxisIndex { terms: [AxisTer
LEAF	blk.12.attn_norm.weight	Float32	[Static(2048)]	gguf=[2048]/F32	bound=packed	ew:Multiply:Affine(IndexPattern { iter_rank: 2, axes: [AxisIndex { terms: [AxisTer
LEAF	blk.12.post_attention_norm.weight	Float32	[Static(2048)]	gguf=[2048]/F32	bound=packed	ew:Multiply:Affine(IndexPattern { iter_rank: 2, axes: [AxisIndex { terms: [AxisTer
LEAF	blk.12.ffn_gate_inp.weight	Float32	[Static(2048), Static(256)]	gguf=[2048, 256]/F32	bound=owned	ew:Multiply:Affine(IndexPattern { iter_rank: 3, axes: [AxisIndex { terms: [AxisTer
LEAF	blk.12.attn_qkv.weight	Float32	[Static(2048), Static(8192)]	gguf=[2048, 8192]/Q4_K	bound=packed	ew:Multiply:Affine(IndexPattern { iter_rank: 3, axes: [AxisIndex { terms: [AxisTer
LEAF	blk.12.attn_gate.weight	Float32	[Static(2048), Static(4096)]	gguf=[2048, 4096]/Q4_K	bound=packed	ew:Multiply:Affine(IndexPattern { iter_rank: 3, axes: [AxisIndex { terms: [AxisTer
LEAF	blk.12.ssm_conv1d.weight	Float32	[Static(8192), Static(4)]	gguf=[4, 8192]/F32	bound=packed	ew:Identity:Affine(IndexPattern { iter_rank: 2, axes: [AxisIndex { terms: [AxisTer | ew:Multiply:Affine(IndexPattern { iter_rank: 3, axes: [AxisIndex { terms: [AxisTer
LEAF	ssm_cache.12.conv_history	Float32	[Static(3), Static(8192)]	gguf=-	bound=-	ew:Multiply:Affine(IndexPattern { iter_rank: 2, axes: [AxisIndex { terms: [AxisTer
LEAF	blk.12.ssm_beta.weight	Float32	[Static(2048), Static(32)]	gguf=[2048, 32]/Q4_K	bound=owned	ew:Multiply:Affine(IndexPattern { iter_rank: 3, axes: [AxisIndex { terms: [AxisTer
LEAF	blk.12.ssm_alpha.weight	Float32	[Static(2048), Static(32)]	gguf=[2048, 32]/Q4_K	bound=owned	ew:Multiply:Affine(IndexPattern { iter_rank: 3, axes: [AxisIndex { terms: [AxisTer
LEAF	blk.12.ssm_dt	Float32	[Static(32)]	gguf=[32]/F32	bound=packed	ew:Add:Affine(IndexPattern { iter_rank: 2, axes: [AxisIndex { terms: [AxisTer
LEAF	blk.12.ssm_a	Float32	[Static(32)]	gguf=[32]/F32	bound=packed	ew:Multiply:Affine(IndexPattern { iter_rank: 2, axes: [AxisIndex { terms: [AxisTer
LEAF	blk.12.ssm_norm.weight	Float32	[Static(128)]	gguf=[128]/F32	bound=packed	ew:Multiply:Affine(IndexPattern { iter_rank: 3, axes: [AxisIndex { terms: [AxisTer
LEAF	blk.12.ssm_out.weight	Float32	[Static(4096), Static(2048)]	gguf=[4096, 2048]/Q4_K	bound=packed	ew:Multiply:Affine(IndexPattern { iter_rank: 4, axes: [AxisIndex { terms: [AxisTer
LEAF	ssm_cache.12.state	Float32	[Static(128), Static(128), Static(16), Static(2)]	gguf=-	bound=-	ew:Multiply:Affine(IndexPattern { iter_rank: 4, axes: [AxisIndex { terms: [AxisTer
LEAF	blk.12.ffn_gate_exps.weight	Float32	[Static(256), Static(2048), Static(512)]	gguf=[2048, 512, 256]/Q4_K	bound=packed	ew:Multiply:Computed { indices: NodeId(4688), index_map: IndexPattern { iter_rank: | ew:Multiply:Computed { indices: NodeId(4708), index_map: IndexPattern { iter_rank: | ew:Multiply:Computed { indices: NodeId(4730), index_map: IndexPattern { iter_rank: | ew:Multiply:Computed { indices: NodeId(4752), index_map: IndexPattern { iter_rank: | ew:Multiply:Computed { indices: NodeId(4774), index_map: IndexPattern { iter_rank: | ew:Multiply:Computed { indices: NodeId(4796), index_map: IndexPattern { iter_rank: | ew:Multiply:Computed { indices: NodeId(4818), index_map: IndexPattern { iter_rank: | ew:Multiply:Computed { indices: NodeId(4840), index_map: IndexPattern { iter_rank:
LEAF	blk.12.ffn_up_exps.weight	Float32	[Static(256), Static(2048), Static(512)]	gguf=[2048, 512, 256]/Q4_K	bound=packed	ew:Multiply:Computed { indices: NodeId(4688), index_map: IndexPattern { iter_rank: | ew:Multiply:Computed { indices: NodeId(4708), index_map: IndexPattern { iter_rank: | ew:Multiply:Computed { indices: NodeId(4730), index_map: IndexPattern { iter_rank: | ew:Multiply:Computed { indices: NodeId(4752), index_map: IndexPattern { iter_rank: | ew:Multiply:Computed { indices: NodeId(4774), index_map: IndexPattern { iter_rank: | ew:Multiply:Computed { indices: NodeId(4796), index_map: IndexPattern { iter_rank: | ew:Multiply:Computed { indices: NodeId(4818), index_map: IndexPattern { iter_rank: | ew:Multiply:Computed { indices: NodeId(4840), index_map: IndexPattern { iter_rank:
LEAF	blk.12.ffn_down_exps.weight	Float32	[Static(256), Static(512), Static(2048)]	gguf=[512, 2048, 256]/Q6_K	bound=packed	ew:Multiply:Computed { indices: NodeId(4688), index_map: IndexPattern { iter_rank: | ew:Multiply:Computed { indices: NodeId(4708), index_map: IndexPattern { iter_rank: | ew:Multiply:Computed { indices: NodeId(4730), index_map: IndexPattern { iter_rank: | ew:Multiply:Computed { indices: NodeId(4752), index_map: IndexPattern { iter_rank: | ew:Multiply:Computed { indices: NodeId(4774), index_map: IndexPattern { iter_rank: | ew:Multiply:Computed { indices: NodeId(4796), index_map: IndexPattern { iter_rank: | ew:Multiply:Computed { indices: NodeId(4818), index_map: IndexPattern { iter_rank: | ew:Multiply:Computed { indices: NodeId(4840), index_map: IndexPattern { iter_rank:
LEAF	blk.12.ffn_gate_inp_shexp.weight	Float32	[Static(2048)]	gguf=[2048, 1]/F16	bound=owned	ew:Multiply:Affine(IndexPattern { iter_rank: 2, axes: [AxisIndex { terms: [AxisTer
LEAF	blk.12.ffn_gate_shexp.weight	Float32	[Static(2048), Static(512)]	gguf=[2048, 512]/Q4_K	bound=packed	ew:Multiply:Affine(IndexPattern { iter_rank: 3, axes: [AxisIndex { terms: [AxisTer
LEAF	blk.12.ffn_up_shexp.weight	Float32	[Static(2048), Static(512)]	gguf=[2048, 512]/Q4_K	bound=packed	ew:Multiply:Affine(IndexPattern { iter_rank: 3, axes: [AxisIndex { terms: [AxisTer
LEAF	blk.12.ffn_down_shexp.weight	Float32	[Static(512), Static(2048)]	gguf=[512, 2048]/Q6_K	bound=packed	ew:Multiply:Affine(IndexPattern { iter_rank: 3, axes: [AxisIndex { terms: [AxisTer
LEAF	blk.13.attn_norm.weight	Float32	[Static(2048)]	gguf=[2048]/F32	bound=packed	ew:Multiply:Affine(IndexPattern { iter_rank: 2, axes: [AxisIndex { terms: [AxisTer
LEAF	blk.13.post_attention_norm.weight	Float32	[Static(2048)]	gguf=[2048]/F32	bound=packed	ew:Multiply:Affine(IndexPattern { iter_rank: 2, axes: [AxisIndex { terms: [AxisTer
LEAF	blk.13.ffn_gate_inp.weight	Float32	[Static(2048), Static(256)]	gguf=[2048, 256]/F32	bound=owned	ew:Multiply:Affine(IndexPattern { iter_rank: 3, axes: [AxisIndex { terms: [AxisTer
LEAF	blk.13.attn_qkv.weight	Float32	[Static(2048), Static(8192)]	gguf=[2048, 8192]/Q4_K	bound=packed	ew:Multiply:Affine(IndexPattern { iter_rank: 3, axes: [AxisIndex { terms: [AxisTer
LEAF	blk.13.attn_gate.weight	Float32	[Static(2048), Static(4096)]	gguf=[2048, 4096]/Q4_K	bound=packed	ew:Multiply:Affine(IndexPattern { iter_rank: 3, axes: [AxisIndex { terms: [AxisTer
LEAF	blk.13.ssm_conv1d.weight	Float32	[Static(8192), Static(4)]	gguf=[4, 8192]/F32	bound=packed	ew:Identity:Affine(IndexPattern { iter_rank: 2, axes: [AxisIndex { terms: [AxisTer | ew:Multiply:Affine(IndexPattern { iter_rank: 3, axes: [AxisIndex { terms: [AxisTer
LEAF	ssm_cache.13.conv_history	Float32	[Static(3), Static(8192)]	gguf=-	bound=-	ew:Multiply:Affine(IndexPattern { iter_rank: 2, axes: [AxisIndex { terms: [AxisTer
LEAF	blk.13.ssm_beta.weight	Float32	[Static(2048), Static(32)]	gguf=[2048, 32]/Q4_K	bound=owned	ew:Multiply:Affine(IndexPattern { iter_rank: 3, axes: [AxisIndex { terms: [AxisTer
LEAF	blk.13.ssm_alpha.weight	Float32	[Static(2048), Static(32)]	gguf=[2048, 32]/Q4_K	bound=owned	ew:Multiply:Affine(IndexPattern { iter_rank: 3, axes: [AxisIndex { terms: [AxisTer
LEAF	blk.13.ssm_dt	Float32	[Static(32)]	gguf=[32]/F32	bound=packed	ew:Add:Affine(IndexPattern { iter_rank: 2, axes: [AxisIndex { terms: [AxisTer
LEAF	blk.13.ssm_a	Float32	[Static(32)]	gguf=[32]/F32	bound=packed	ew:Multiply:Affine(IndexPattern { iter_rank: 2, axes: [AxisIndex { terms: [AxisTer
LEAF	blk.13.ssm_norm.weight	Float32	[Static(128)]	gguf=[128]/F32	bound=packed	ew:Multiply:Affine(IndexPattern { iter_rank: 3, axes: [AxisIndex { terms: [AxisTer
LEAF	blk.13.ssm_out.weight	Float32	[Static(4096), Static(2048)]	gguf=[4096, 2048]/Q4_K	bound=packed	ew:Multiply:Affine(IndexPattern { iter_rank: 4, axes: [AxisIndex { terms: [AxisTer
LEAF	ssm_cache.13.state	Float32	[Static(128), Static(128), Static(16), Static(2)]	gguf=-	bound=-	ew:Multiply:Affine(IndexPattern { iter_rank: 4, axes: [AxisIndex { terms: [AxisTer
LEAF	blk.13.ffn_gate_exps.weight	Float32	[Static(256), Static(2048), Static(512)]	gguf=[2048, 512, 256]/Q4_K	bound=packed	ew:Multiply:Computed { indices: NodeId(5066), index_map: IndexPattern { iter_rank: | ew:Multiply:Computed { indices: NodeId(5086), index_map: IndexPattern { iter_rank: | ew:Multiply:Computed { indices: NodeId(5108), index_map: IndexPattern { iter_rank: | ew:Multiply:Computed { indices: NodeId(5130), index_map: IndexPattern { iter_rank: | ew:Multiply:Computed { indices: NodeId(5152), index_map: IndexPattern { iter_rank: | ew:Multiply:Computed { indices: NodeId(5174), index_map: IndexPattern { iter_rank: | ew:Multiply:Computed { indices: NodeId(5196), index_map: IndexPattern { iter_rank: | ew:Multiply:Computed { indices: NodeId(5218), index_map: IndexPattern { iter_rank:
LEAF	blk.13.ffn_up_exps.weight	Float32	[Static(256), Static(2048), Static(512)]	gguf=[2048, 512, 256]/Q4_K	bound=packed	ew:Multiply:Computed { indices: NodeId(5066), index_map: IndexPattern { iter_rank: | ew:Multiply:Computed { indices: NodeId(5086), index_map: IndexPattern { iter_rank: | ew:Multiply:Computed { indices: NodeId(5108), index_map: IndexPattern { iter_rank: | ew:Multiply:Computed { indices: NodeId(5130), index_map: IndexPattern { iter_rank: | ew:Multiply:Computed { indices: NodeId(5152), index_map: IndexPattern { iter_rank: | ew:Multiply:Computed { indices: NodeId(5174), index_map: IndexPattern { iter_rank: | ew:Multiply:Computed { indices: NodeId(5196), index_map: IndexPattern { iter_rank: | ew:Multiply:Computed { indices: NodeId(5218), index_map: IndexPattern { iter_rank:
LEAF	blk.13.ffn_down_exps.weight	Float32	[Static(256), Static(512), Static(2048)]	gguf=[512, 2048, 256]/Q6_K	bound=packed	ew:Multiply:Computed { indices: NodeId(5066), index_map: IndexPattern { iter_rank: | ew:Multiply:Computed { indices: NodeId(5086), index_map: IndexPattern { iter_rank: | ew:Multiply:Computed { indices: NodeId(5108), index_map: IndexPattern { iter_rank: | ew:Multiply:Computed { indices: NodeId(5130), index_map: IndexPattern { iter_rank: | ew:Multiply:Computed { indices: NodeId(5152), index_map: IndexPattern { iter_rank: | ew:Multiply:Computed { indices: NodeId(5174), index_map: IndexPattern { iter_rank: | ew:Multiply:Computed { indices: NodeId(5196), index_map: IndexPattern { iter_rank: | ew:Multiply:Computed { indices: NodeId(5218), index_map: IndexPattern { iter_rank:
LEAF	blk.13.ffn_gate_inp_shexp.weight	Float32	[Static(2048)]	gguf=[2048, 1]/F16	bound=owned	ew:Multiply:Affine(IndexPattern { iter_rank: 2, axes: [AxisIndex { terms: [AxisTer
LEAF	blk.13.ffn_gate_shexp.weight	Float32	[Static(2048), Static(512)]	gguf=[2048, 512]/Q4_K	bound=packed	ew:Multiply:Affine(IndexPattern { iter_rank: 3, axes: [AxisIndex { terms: [AxisTer
LEAF	blk.13.ffn_up_shexp.weight	Float32	[Static(2048), Static(512)]	gguf=[2048, 512]/Q4_K	bound=packed	ew:Multiply:Affine(IndexPattern { iter_rank: 3, axes: [AxisIndex { terms: [AxisTer
LEAF	blk.13.ffn_down_shexp.weight	Float32	[Static(512), Static(2048)]	gguf=[512, 2048]/Q6_K	bound=packed	ew:Multiply:Affine(IndexPattern { iter_rank: 3, axes: [AxisIndex { terms: [AxisTer
LEAF	blk.14.attn_norm.weight	Float32	[Static(2048)]	gguf=[2048]/F32	bound=packed	ew:Multiply:Affine(IndexPattern { iter_rank: 2, axes: [AxisIndex { terms: [AxisTer
LEAF	blk.14.post_attention_norm.weight	Float32	[Static(2048)]	gguf=[2048]/F32	bound=packed	ew:Multiply:Affine(IndexPattern { iter_rank: 2, axes: [AxisIndex { terms: [AxisTer
LEAF	blk.14.ffn_gate_inp.weight	Float32	[Static(2048), Static(256)]	gguf=[2048, 256]/F32	bound=owned	ew:Multiply:Affine(IndexPattern { iter_rank: 3, axes: [AxisIndex { terms: [AxisTer
LEAF	blk.14.attn_qkv.weight	Float32	[Static(2048), Static(8192)]	gguf=[2048, 8192]/Q4_K	bound=packed	ew:Multiply:Affine(IndexPattern { iter_rank: 3, axes: [AxisIndex { terms: [AxisTer
LEAF	blk.14.attn_gate.weight	Float32	[Static(2048), Static(4096)]	gguf=[2048, 4096]/Q4_K	bound=packed	ew:Multiply:Affine(IndexPattern { iter_rank: 3, axes: [AxisIndex { terms: [AxisTer
LEAF	blk.14.ssm_conv1d.weight	Float32	[Static(8192), Static(4)]	gguf=[4, 8192]/F32	bound=packed	ew:Identity:Affine(IndexPattern { iter_rank: 2, axes: [AxisIndex { terms: [AxisTer | ew:Multiply:Affine(IndexPattern { iter_rank: 3, axes: [AxisIndex { terms: [AxisTer
LEAF	ssm_cache.14.conv_history	Float32	[Static(3), Static(8192)]	gguf=-	bound=-	ew:Multiply:Affine(IndexPattern { iter_rank: 2, axes: [AxisIndex { terms: [AxisTer
LEAF	blk.14.ssm_beta.weight	Float32	[Static(2048), Static(32)]	gguf=[2048, 32]/Q4_K	bound=owned	ew:Multiply:Affine(IndexPattern { iter_rank: 3, axes: [AxisIndex { terms: [AxisTer
LEAF	blk.14.ssm_alpha.weight	Float32	[Static(2048), Static(32)]	gguf=[2048, 32]/Q4_K	bound=owned	ew:Multiply:Affine(IndexPattern { iter_rank: 3, axes: [AxisIndex { terms: [AxisTer
LEAF	blk.14.ssm_dt	Float32	[Static(32)]	gguf=[32]/F32	bound=packed	ew:Add:Affine(IndexPattern { iter_rank: 2, axes: [AxisIndex { terms: [AxisTer
LEAF	blk.14.ssm_a	Float32	[Static(32)]	gguf=[32]/F32	bound=packed	ew:Multiply:Affine(IndexPattern { iter_rank: 2, axes: [AxisIndex { terms: [AxisTer
LEAF	blk.14.ssm_norm.weight	Float32	[Static(128)]	gguf=[128]/F32	bound=packed	ew:Multiply:Affine(IndexPattern { iter_rank: 3, axes: [AxisIndex { terms: [AxisTer
LEAF	blk.14.ssm_out.weight	Float32	[Static(4096), Static(2048)]	gguf=[4096, 2048]/Q4_K	bound=packed	ew:Multiply:Affine(IndexPattern { iter_rank: 4, axes: [AxisIndex { terms: [AxisTer
LEAF	ssm_cache.14.state	Float32	[Static(128), Static(128), Static(16), Static(2)]	gguf=-	bound=-	ew:Multiply:Affine(IndexPattern { iter_rank: 4, axes: [AxisIndex { terms: [AxisTer
LEAF	blk.14.ffn_gate_exps.weight	Float32	[Static(256), Static(2048), Static(512)]	gguf=[2048, 512, 256]/Q4_K	bound=packed	ew:Multiply:Computed { indices: NodeId(5444), index_map: IndexPattern { iter_rank: | ew:Multiply:Computed { indices: NodeId(5464), index_map: IndexPattern { iter_rank: | ew:Multiply:Computed { indices: NodeId(5486), index_map: IndexPattern { iter_rank: | ew:Multiply:Computed { indices: NodeId(5508), index_map: IndexPattern { iter_rank: | ew:Multiply:Computed { indices: NodeId(5530), index_map: IndexPattern { iter_rank: | ew:Multiply:Computed { indices: NodeId(5552), index_map: IndexPattern { iter_rank: | ew:Multiply:Computed { indices: NodeId(5574), index_map: IndexPattern { iter_rank: | ew:Multiply:Computed { indices: NodeId(5596), index_map: IndexPattern { iter_rank:
LEAF	blk.14.ffn_up_exps.weight	Float32	[Static(256), Static(2048), Static(512)]	gguf=[2048, 512, 256]/Q4_K	bound=packed	ew:Multiply:Computed { indices: NodeId(5444), index_map: IndexPattern { iter_rank: | ew:Multiply:Computed { indices: NodeId(5464), index_map: IndexPattern { iter_rank: | ew:Multiply:Computed { indices: NodeId(5486), index_map: IndexPattern { iter_rank: | ew:Multiply:Computed { indices: NodeId(5508), index_map: IndexPattern { iter_rank: | ew:Multiply:Computed { indices: NodeId(5530), index_map: IndexPattern { iter_rank: | ew:Multiply:Computed { indices: NodeId(5552), index_map: IndexPattern { iter_rank: | ew:Multiply:Computed { indices: NodeId(5574), index_map: IndexPattern { iter_rank: | ew:Multiply:Computed { indices: NodeId(5596), index_map: IndexPattern { iter_rank:
LEAF	blk.14.ffn_down_exps.weight	Float32	[Static(256), Static(512), Static(2048)]	gguf=[512, 2048, 256]/Q6_K	bound=packed	ew:Multiply:Computed { indices: NodeId(5444), index_map: IndexPattern { iter_rank: | ew:Multiply:Computed { indices: NodeId(5464), index_map: IndexPattern { iter_rank: | ew:Multiply:Computed { indices: NodeId(5486), index_map: IndexPattern { iter_rank: | ew:Multiply:Computed { indices: NodeId(5508), index_map: IndexPattern { iter_rank: | ew:Multiply:Computed { indices: NodeId(5530), index_map: IndexPattern { iter_rank: | ew:Multiply:Computed { indices: NodeId(5552), index_map: IndexPattern { iter_rank: | ew:Multiply:Computed { indices: NodeId(5574), index_map: IndexPattern { iter_rank: | ew:Multiply:Computed { indices: NodeId(5596), index_map: IndexPattern { iter_rank:
LEAF	blk.14.ffn_gate_inp_shexp.weight	Float32	[Static(2048)]	gguf=[2048, 1]/F16	bound=owned	ew:Multiply:Affine(IndexPattern { iter_rank: 2, axes: [AxisIndex { terms: [AxisTer
LEAF	blk.14.ffn_gate_shexp.weight	Float32	[Static(2048), Static(512)]	gguf=[2048, 512]/Q4_K	bound=packed	ew:Multiply:Affine(IndexPattern { iter_rank: 3, axes: [AxisIndex { terms: [AxisTer
LEAF	blk.14.ffn_up_shexp.weight	Float32	[Static(2048), Static(512)]	gguf=[2048, 512]/Q4_K	bound=packed	ew:Multiply:Affine(IndexPattern { iter_rank: 3, axes: [AxisIndex { terms: [AxisTer
LEAF	blk.14.ffn_down_shexp.weight	Float32	[Static(512), Static(2048)]	gguf=[512, 2048]/Q6_K	bound=packed	ew:Multiply:Affine(IndexPattern { iter_rank: 3, axes: [AxisIndex { terms: [AxisTer
LEAF	blk.15.attn_norm.weight	Float32	[Static(2048)]	gguf=[2048]/F32	bound=packed	ew:Multiply:Affine(IndexPattern { iter_rank: 2, axes: [AxisIndex { terms: [AxisTer
LEAF	blk.15.post_attention_norm.weight	Float32	[Static(2048)]	gguf=[2048]/F32	bound=packed	ew:Multiply:Affine(IndexPattern { iter_rank: 2, axes: [AxisIndex { terms: [AxisTer
LEAF	blk.15.ffn_gate_inp.weight	Float32	[Static(2048), Static(256)]	gguf=[2048, 256]/F32	bound=owned	ew:Multiply:Affine(IndexPattern { iter_rank: 3, axes: [AxisIndex { terms: [AxisTer
LEAF	blk.15.attn_q.weight	Float32	[Static(2048), Static(8192)]	gguf=[2048, 8192]/Q4_K	bound=packed	ew:Multiply:Affine(IndexPattern { iter_rank: 3, axes: [AxisIndex { terms: [AxisTer
LEAF	blk.15.attn_k.weight	Float32	[Static(2048), Static(512)]	gguf=[2048, 512]/Q4_K	bound=packed	ew:Multiply:Affine(IndexPattern { iter_rank: 3, axes: [AxisIndex { terms: [AxisTer
LEAF	blk.15.attn_v.weight	Float32	[Static(2048), Static(512)]	gguf=[2048, 512]/Q6_K	bound=packed	ew:Multiply:Affine(IndexPattern { iter_rank: 3, axes: [AxisIndex { terms: [AxisTer
LEAF	blk.15.attn_output.weight	Float32	[Static(4096), Static(2048)]	gguf=[4096, 2048]/Q4_K	bound=packed	ew:Multiply:Affine(IndexPattern { iter_rank: 4, axes: [AxisIndex { terms: [AxisTer
LEAF	blk.15.attn_q_norm.weight	Float32	[Static(256)]	gguf=[256]/F32	bound=packed	ew:Multiply:Affine(IndexPattern { iter_rank: 3, axes: [AxisIndex { terms: [AxisTer
LEAF	blk.15.attn_k_norm.weight	Float32	[Static(256)]	gguf=[256]/F32	bound=packed	ew:Multiply:Affine(IndexPattern { iter_rank: 3, axes: [AxisIndex { terms: [AxisTer
LEAF	kv_cache.15.k_first	Float32	[Symbolic(1), Static(2), Static(32)]	gguf=-	bound=-	ew:Multiply:Affine(IndexPattern { iter_rank: 5, axes: [AxisIndex { terms: [AxisTer
LEAF	kv_cache.15.k_second	Float32	[Symbolic(1), Static(2), Static(32)]	gguf=-	bound=-	ew:Multiply:Affine(IndexPattern { iter_rank: 5, axes: [AxisIndex { terms: [AxisTer
LEAF	kv_cache.15.k_pass	Float32	[Symbolic(1), Static(2), Static(192)]	gguf=-	bound=-	ew:Multiply:Affine(IndexPattern { iter_rank: 5, axes: [AxisIndex { terms: [AxisTer
LEAF	kv_cache.15.v	Float32	[Symbolic(1), Static(2), Static(256)]	gguf=-	bound=-	ew:Multiply:Affine(IndexPattern { iter_rank: 5, axes: [AxisIndex { terms: [AxisTer
LEAF	blk.15.ffn_gate_exps.weight	Float32	[Static(256), Static(2048), Static(512)]	gguf=[2048, 512, 256]/Q4_K	bound=packed	ew:Multiply:Computed { indices: NodeId(5805), index_map: IndexPattern { iter_rank: | ew:Multiply:Computed { indices: NodeId(5825), index_map: IndexPattern { iter_rank: | ew:Multiply:Computed { indices: NodeId(5847), index_map: IndexPattern { iter_rank: | ew:Multiply:Computed { indices: NodeId(5869), index_map: IndexPattern { iter_rank: | ew:Multiply:Computed { indices: NodeId(5891), index_map: IndexPattern { iter_rank: | ew:Multiply:Computed { indices: NodeId(5913), index_map: IndexPattern { iter_rank: | ew:Multiply:Computed { indices: NodeId(5935), index_map: IndexPattern { iter_rank: | ew:Multiply:Computed { indices: NodeId(5957), index_map: IndexPattern { iter_rank:
LEAF	blk.15.ffn_up_exps.weight	Float32	[Static(256), Static(2048), Static(512)]	gguf=[2048, 512, 256]/Q4_K	bound=packed	ew:Multiply:Computed { indices: NodeId(5805), index_map: IndexPattern { iter_rank: | ew:Multiply:Computed { indices: NodeId(5825), index_map: IndexPattern { iter_rank: | ew:Multiply:Computed { indices: NodeId(5847), index_map: IndexPattern { iter_rank: | ew:Multiply:Computed { indices: NodeId(5869), index_map: IndexPattern { iter_rank: | ew:Multiply:Computed { indices: NodeId(5891), index_map: IndexPattern { iter_rank: | ew:Multiply:Computed { indices: NodeId(5913), index_map: IndexPattern { iter_rank: | ew:Multiply:Computed { indices: NodeId(5935), index_map: IndexPattern { iter_rank: | ew:Multiply:Computed { indices: NodeId(5957), index_map: IndexPattern { iter_rank:
LEAF	blk.15.ffn_down_exps.weight	Float32	[Static(256), Static(512), Static(2048)]	gguf=[512, 2048, 256]/Q6_K	bound=packed	ew:Multiply:Computed { indices: NodeId(5805), index_map: IndexPattern { iter_rank: | ew:Multiply:Computed { indices: NodeId(5825), index_map: IndexPattern { iter_rank: | ew:Multiply:Computed { indices: NodeId(5847), index_map: IndexPattern { iter_rank: | ew:Multiply:Computed { indices: NodeId(5869), index_map: IndexPattern { iter_rank: | ew:Multiply:Computed { indices: NodeId(5891), index_map: IndexPattern { iter_rank: | ew:Multiply:Computed { indices: NodeId(5913), index_map: IndexPattern { iter_rank: | ew:Multiply:Computed { indices: NodeId(5935), index_map: IndexPattern { iter_rank: | ew:Multiply:Computed { indices: NodeId(5957), index_map: IndexPattern { iter_rank:
LEAF	blk.15.ffn_gate_inp_shexp.weight	Float32	[Static(2048)]	gguf=[2048, 1]/F16	bound=owned	ew:Multiply:Affine(IndexPattern { iter_rank: 2, axes: [AxisIndex { terms: [AxisTer
LEAF	blk.15.ffn_gate_shexp.weight	Float32	[Static(2048), Static(512)]	gguf=[2048, 512]/Q4_K	bound=packed	ew:Multiply:Affine(IndexPattern { iter_rank: 3, axes: [AxisIndex { terms: [AxisTer
LEAF	blk.15.ffn_up_shexp.weight	Float32	[Static(2048), Static(512)]	gguf=[2048, 512]/Q4_K	bound=packed	ew:Multiply:Affine(IndexPattern { iter_rank: 3, axes: [AxisIndex { terms: [AxisTer
LEAF	blk.15.ffn_down_shexp.weight	Float32	[Static(512), Static(2048)]	gguf=[512, 2048]/Q6_K	bound=packed	ew:Multiply:Affine(IndexPattern { iter_rank: 3, axes: [AxisIndex { terms: [AxisTer
LEAF	blk.16.attn_norm.weight	Float32	[Static(2048)]	gguf=[2048]/F32	bound=packed	ew:Multiply:Affine(IndexPattern { iter_rank: 2, axes: [AxisIndex { terms: [AxisTer
LEAF	blk.16.post_attention_norm.weight	Float32	[Static(2048)]	gguf=[2048]/F32	bound=packed	ew:Multiply:Affine(IndexPattern { iter_rank: 2, axes: [AxisIndex { terms: [AxisTer
LEAF	blk.16.ffn_gate_inp.weight	Float32	[Static(2048), Static(256)]	gguf=[2048, 256]/F32	bound=owned	ew:Multiply:Affine(IndexPattern { iter_rank: 3, axes: [AxisIndex { terms: [AxisTer
LEAF	blk.16.attn_qkv.weight	Float32	[Static(2048), Static(8192)]	gguf=[2048, 8192]/Q4_K	bound=packed	ew:Multiply:Affine(IndexPattern { iter_rank: 3, axes: [AxisIndex { terms: [AxisTer
LEAF	blk.16.attn_gate.weight	Float32	[Static(2048), Static(4096)]	gguf=[2048, 4096]/Q4_K	bound=packed	ew:Multiply:Affine(IndexPattern { iter_rank: 3, axes: [AxisIndex { terms: [AxisTer
LEAF	blk.16.ssm_conv1d.weight	Float32	[Static(8192), Static(4)]	gguf=[4, 8192]/F32	bound=packed	ew:Identity:Affine(IndexPattern { iter_rank: 2, axes: [AxisIndex { terms: [AxisTer | ew:Multiply:Affine(IndexPattern { iter_rank: 3, axes: [AxisIndex { terms: [AxisTer
LEAF	ssm_cache.16.conv_history	Float32	[Static(3), Static(8192)]	gguf=-	bound=-	ew:Multiply:Affine(IndexPattern { iter_rank: 2, axes: [AxisIndex { terms: [AxisTer
LEAF	blk.16.ssm_beta.weight	Float32	[Static(2048), Static(32)]	gguf=[2048, 32]/Q4_K	bound=owned	ew:Multiply:Affine(IndexPattern { iter_rank: 3, axes: [AxisIndex { terms: [AxisTer
LEAF	blk.16.ssm_alpha.weight	Float32	[Static(2048), Static(32)]	gguf=[2048, 32]/Q4_K	bound=owned	ew:Multiply:Affine(IndexPattern { iter_rank: 3, axes: [AxisIndex { terms: [AxisTer
LEAF	blk.16.ssm_dt	Float32	[Static(32)]	gguf=[32]/F32	bound=packed	ew:Add:Affine(IndexPattern { iter_rank: 2, axes: [AxisIndex { terms: [AxisTer
LEAF	blk.16.ssm_a	Float32	[Static(32)]	gguf=[32]/F32	bound=packed	ew:Multiply:Affine(IndexPattern { iter_rank: 2, axes: [AxisIndex { terms: [AxisTer
LEAF	blk.16.ssm_norm.weight	Float32	[Static(128)]	gguf=[128]/F32	bound=packed	ew:Multiply:Affine(IndexPattern { iter_rank: 3, axes: [AxisIndex { terms: [AxisTer
LEAF	blk.16.ssm_out.weight	Float32	[Static(4096), Static(2048)]	gguf=[4096, 2048]/Q4_K	bound=packed	ew:Multiply:Affine(IndexPattern { iter_rank: 4, axes: [AxisIndex { terms: [AxisTer
LEAF	ssm_cache.16.state	Float32	[Static(128), Static(128), Static(16), Static(2)]	gguf=-	bound=-	ew:Multiply:Affine(IndexPattern { iter_rank: 4, axes: [AxisIndex { terms: [AxisTer
LEAF	blk.16.ffn_gate_exps.weight	Float32	[Static(256), Static(2048), Static(512)]	gguf=[2048, 512, 256]/Q4_K	bound=packed	ew:Multiply:Computed { indices: NodeId(6183), index_map: IndexPattern { iter_rank: | ew:Multiply:Computed { indices: NodeId(6203), index_map: IndexPattern { iter_rank: | ew:Multiply:Computed { indices: NodeId(6225), index_map: IndexPattern { iter_rank: | ew:Multiply:Computed { indices: NodeId(6247), index_map: IndexPattern { iter_rank: | ew:Multiply:Computed { indices: NodeId(6269), index_map: IndexPattern { iter_rank: | ew:Multiply:Computed { indices: NodeId(6291), index_map: IndexPattern { iter_rank: | ew:Multiply:Computed { indices: NodeId(6313), index_map: IndexPattern { iter_rank: | ew:Multiply:Computed { indices: NodeId(6335), index_map: IndexPattern { iter_rank:
LEAF	blk.16.ffn_up_exps.weight	Float32	[Static(256), Static(2048), Static(512)]	gguf=[2048, 512, 256]/Q4_K	bound=packed	ew:Multiply:Computed { indices: NodeId(6183), index_map: IndexPattern { iter_rank: | ew:Multiply:Computed { indices: NodeId(6203), index_map: IndexPattern { iter_rank: | ew:Multiply:Computed { indices: NodeId(6225), index_map: IndexPattern { iter_rank: | ew:Multiply:Computed { indices: NodeId(6247), index_map: IndexPattern { iter_rank: | ew:Multiply:Computed { indices: NodeId(6269), index_map: IndexPattern { iter_rank: | ew:Multiply:Computed { indices: NodeId(6291), index_map: IndexPattern { iter_rank: | ew:Multiply:Computed { indices: NodeId(6313), index_map: IndexPattern { iter_rank: | ew:Multiply:Computed { indices: NodeId(6335), index_map: IndexPattern { iter_rank:
LEAF	blk.16.ffn_down_exps.weight	Float32	[Static(256), Static(512), Static(2048)]	gguf=[512, 2048, 256]/Q6_K	bound=packed	ew:Multiply:Computed { indices: NodeId(6183), index_map: IndexPattern { iter_rank: | ew:Multiply:Computed { indices: NodeId(6203), index_map: IndexPattern { iter_rank: | ew:Multiply:Computed { indices: NodeId(6225), index_map: IndexPattern { iter_rank: | ew:Multiply:Computed { indices: NodeId(6247), index_map: IndexPattern { iter_rank: | ew:Multiply:Computed { indices: NodeId(6269), index_map: IndexPattern { iter_rank: | ew:Multiply:Computed { indices: NodeId(6291), index_map: IndexPattern { iter_rank: | ew:Multiply:Computed { indices: NodeId(6313), index_map: IndexPattern { iter_rank: | ew:Multiply:Computed { indices: NodeId(6335), index_map: IndexPattern { iter_rank:
LEAF	blk.16.ffn_gate_inp_shexp.weight	Float32	[Static(2048)]	gguf=[2048, 1]/F16	bound=owned	ew:Multiply:Affine(IndexPattern { iter_rank: 2, axes: [AxisIndex { terms: [AxisTer
LEAF	blk.16.ffn_gate_shexp.weight	Float32	[Static(2048), Static(512)]	gguf=[2048, 512]/Q4_K	bound=packed	ew:Multiply:Affine(IndexPattern { iter_rank: 3, axes: [AxisIndex { terms: [AxisTer
LEAF	blk.16.ffn_up_shexp.weight	Float32	[Static(2048), Static(512)]	gguf=[2048, 512]/Q4_K	bound=packed	ew:Multiply:Affine(IndexPattern { iter_rank: 3, axes: [AxisIndex { terms: [AxisTer
LEAF	blk.16.ffn_down_shexp.weight	Float32	[Static(512), Static(2048)]	gguf=[512, 2048]/Q6_K	bound=packed	ew:Multiply:Affine(IndexPattern { iter_rank: 3, axes: [AxisIndex { terms: [AxisTer
LEAF	blk.17.attn_norm.weight	Float32	[Static(2048)]	gguf=[2048]/F32	bound=packed	ew:Multiply:Affine(IndexPattern { iter_rank: 2, axes: [AxisIndex { terms: [AxisTer
LEAF	blk.17.post_attention_norm.weight	Float32	[Static(2048)]	gguf=[2048]/F32	bound=packed	ew:Multiply:Affine(IndexPattern { iter_rank: 2, axes: [AxisIndex { terms: [AxisTer
LEAF	blk.17.ffn_gate_inp.weight	Float32	[Static(2048), Static(256)]	gguf=[2048, 256]/F32	bound=owned	ew:Multiply:Affine(IndexPattern { iter_rank: 3, axes: [AxisIndex { terms: [AxisTer
LEAF	blk.17.attn_qkv.weight	Float32	[Static(2048), Static(8192)]	gguf=[2048, 8192]/Q4_K	bound=packed	ew:Multiply:Affine(IndexPattern { iter_rank: 3, axes: [AxisIndex { terms: [AxisTer
LEAF	blk.17.attn_gate.weight	Float32	[Static(2048), Static(4096)]	gguf=[2048, 4096]/Q4_K	bound=packed	ew:Multiply:Affine(IndexPattern { iter_rank: 3, axes: [AxisIndex { terms: [AxisTer
LEAF	blk.17.ssm_conv1d.weight	Float32	[Static(8192), Static(4)]	gguf=[4, 8192]/F32	bound=packed	ew:Identity:Affine(IndexPattern { iter_rank: 2, axes: [AxisIndex { terms: [AxisTer | ew:Multiply:Affine(IndexPattern { iter_rank: 3, axes: [AxisIndex { terms: [AxisTer
LEAF	ssm_cache.17.conv_history	Float32	[Static(3), Static(8192)]	gguf=-	bound=-	ew:Multiply:Affine(IndexPattern { iter_rank: 2, axes: [AxisIndex { terms: [AxisTer
LEAF	blk.17.ssm_beta.weight	Float32	[Static(2048), Static(32)]	gguf=[2048, 32]/Q4_K	bound=owned	ew:Multiply:Affine(IndexPattern { iter_rank: 3, axes: [AxisIndex { terms: [AxisTer
LEAF	blk.17.ssm_alpha.weight	Float32	[Static(2048), Static(32)]	gguf=[2048, 32]/Q4_K	bound=owned	ew:Multiply:Affine(IndexPattern { iter_rank: 3, axes: [AxisIndex { terms: [AxisTer
LEAF	blk.17.ssm_dt	Float32	[Static(32)]	gguf=[32]/F32	bound=packed	ew:Add:Affine(IndexPattern { iter_rank: 2, axes: [AxisIndex { terms: [AxisTer
LEAF	blk.17.ssm_a	Float32	[Static(32)]	gguf=[32]/F32	bound=packed	ew:Multiply:Affine(IndexPattern { iter_rank: 2, axes: [AxisIndex { terms: [AxisTer
LEAF	blk.17.ssm_norm.weight	Float32	[Static(128)]	gguf=[128]/F32	bound=packed	ew:Multiply:Affine(IndexPattern { iter_rank: 3, axes: [AxisIndex { terms: [AxisTer
LEAF	blk.17.ssm_out.weight	Float32	[Static(4096), Static(2048)]	gguf=[4096, 2048]/Q4_K	bound=packed	ew:Multiply:Affine(IndexPattern { iter_rank: 4, axes: [AxisIndex { terms: [AxisTer
LEAF	ssm_cache.17.state	Float32	[Static(128), Static(128), Static(16), Static(2)]	gguf=-	bound=-	ew:Multiply:Affine(IndexPattern { iter_rank: 4, axes: [AxisIndex { terms: [AxisTer
LEAF	blk.17.ffn_gate_exps.weight	Float32	[Static(256), Static(2048), Static(512)]	gguf=[2048, 512, 256]/Q4_K	bound=packed	ew:Multiply:Computed { indices: NodeId(6561), index_map: IndexPattern { iter_rank: | ew:Multiply:Computed { indices: NodeId(6581), index_map: IndexPattern { iter_rank: | ew:Multiply:Computed { indices: NodeId(6603), index_map: IndexPattern { iter_rank: | ew:Multiply:Computed { indices: NodeId(6625), index_map: IndexPattern { iter_rank: | ew:Multiply:Computed { indices: NodeId(6647), index_map: IndexPattern { iter_rank: | ew:Multiply:Computed { indices: NodeId(6669), index_map: IndexPattern { iter_rank: | ew:Multiply:Computed { indices: NodeId(6691), index_map: IndexPattern { iter_rank: | ew:Multiply:Computed { indices: NodeId(6713), index_map: IndexPattern { iter_rank:
LEAF	blk.17.ffn_up_exps.weight	Float32	[Static(256), Static(2048), Static(512)]	gguf=[2048, 512, 256]/Q4_K	bound=packed	ew:Multiply:Computed { indices: NodeId(6561), index_map: IndexPattern { iter_rank: | ew:Multiply:Computed { indices: NodeId(6581), index_map: IndexPattern { iter_rank: | ew:Multiply:Computed { indices: NodeId(6603), index_map: IndexPattern { iter_rank: | ew:Multiply:Computed { indices: NodeId(6625), index_map: IndexPattern { iter_rank: | ew:Multiply:Computed { indices: NodeId(6647), index_map: IndexPattern { iter_rank: | ew:Multiply:Computed { indices: NodeId(6669), index_map: IndexPattern { iter_rank: | ew:Multiply:Computed { indices: NodeId(6691), index_map: IndexPattern { iter_rank: | ew:Multiply:Computed { indices: NodeId(6713), index_map: IndexPattern { iter_rank:
LEAF	blk.17.ffn_down_exps.weight	Float32	[Static(256), Static(512), Static(2048)]	gguf=[512, 2048, 256]/Q6_K	bound=packed	ew:Multiply:Computed { indices: NodeId(6561), index_map: IndexPattern { iter_rank: | ew:Multiply:Computed { indices: NodeId(6581), index_map: IndexPattern { iter_rank: | ew:Multiply:Computed { indices: NodeId(6603), index_map: IndexPattern { iter_rank: | ew:Multiply:Computed { indices: NodeId(6625), index_map: IndexPattern { iter_rank: | ew:Multiply:Computed { indices: NodeId(6647), index_map: IndexPattern { iter_rank: | ew:Multiply:Computed { indices: NodeId(6669), index_map: IndexPattern { iter_rank: | ew:Multiply:Computed { indices: NodeId(6691), index_map: IndexPattern { iter_rank: | ew:Multiply:Computed { indices: NodeId(6713), index_map: IndexPattern { iter_rank:
LEAF	blk.17.ffn_gate_inp_shexp.weight	Float32	[Static(2048)]	gguf=[2048, 1]/F16	bound=owned	ew:Multiply:Affine(IndexPattern { iter_rank: 2, axes: [AxisIndex { terms: [AxisTer
LEAF	blk.17.ffn_gate_shexp.weight	Float32	[Static(2048), Static(512)]	gguf=[2048, 512]/Q4_K	bound=packed	ew:Multiply:Affine(IndexPattern { iter_rank: 3, axes: [AxisIndex { terms: [AxisTer
LEAF	blk.17.ffn_up_shexp.weight	Float32	[Static(2048), Static(512)]	gguf=[2048, 512]/Q4_K	bound=packed	ew:Multiply:Affine(IndexPattern { iter_rank: 3, axes: [AxisIndex { terms: [AxisTer
LEAF	blk.17.ffn_down_shexp.weight	Float32	[Static(512), Static(2048)]	gguf=[512, 2048]/Q6_K	bound=packed	ew:Multiply:Affine(IndexPattern { iter_rank: 3, axes: [AxisIndex { terms: [AxisTer
LEAF	blk.18.attn_norm.weight	Float32	[Static(2048)]	gguf=[2048]/F32	bound=packed	ew:Multiply:Affine(IndexPattern { iter_rank: 2, axes: [AxisIndex { terms: [AxisTer
LEAF	blk.18.post_attention_norm.weight	Float32	[Static(2048)]	gguf=[2048]/F32	bound=packed	ew:Multiply:Affine(IndexPattern { iter_rank: 2, axes: [AxisIndex { terms: [AxisTer
LEAF	blk.18.ffn_gate_inp.weight	Float32	[Static(2048), Static(256)]	gguf=[2048, 256]/F32	bound=owned	ew:Multiply:Affine(IndexPattern { iter_rank: 3, axes: [AxisIndex { terms: [AxisTer
LEAF	blk.18.attn_qkv.weight	Float32	[Static(2048), Static(8192)]	gguf=[2048, 8192]/Q4_K	bound=packed	ew:Multiply:Affine(IndexPattern { iter_rank: 3, axes: [AxisIndex { terms: [AxisTer
LEAF	blk.18.attn_gate.weight	Float32	[Static(2048), Static(4096)]	gguf=[2048, 4096]/Q4_K	bound=packed	ew:Multiply:Affine(IndexPattern { iter_rank: 3, axes: [AxisIndex { terms: [AxisTer
LEAF	blk.18.ssm_conv1d.weight	Float32	[Static(8192), Static(4)]	gguf=[4, 8192]/F32	bound=packed	ew:Identity:Affine(IndexPattern { iter_rank: 2, axes: [AxisIndex { terms: [AxisTer | ew:Multiply:Affine(IndexPattern { iter_rank: 3, axes: [AxisIndex { terms: [AxisTer
LEAF	ssm_cache.18.conv_history	Float32	[Static(3), Static(8192)]	gguf=-	bound=-	ew:Multiply:Affine(IndexPattern { iter_rank: 2, axes: [AxisIndex { terms: [AxisTer
LEAF	blk.18.ssm_beta.weight	Float32	[Static(2048), Static(32)]	gguf=[2048, 32]/Q4_K	bound=owned	ew:Multiply:Affine(IndexPattern { iter_rank: 3, axes: [AxisIndex { terms: [AxisTer
LEAF	blk.18.ssm_alpha.weight	Float32	[Static(2048), Static(32)]	gguf=[2048, 32]/Q4_K	bound=owned	ew:Multiply:Affine(IndexPattern { iter_rank: 3, axes: [AxisIndex { terms: [AxisTer
LEAF	blk.18.ssm_dt	Float32	[Static(32)]	gguf=[32]/F32	bound=packed	ew:Add:Affine(IndexPattern { iter_rank: 2, axes: [AxisIndex { terms: [AxisTer
LEAF	blk.18.ssm_a	Float32	[Static(32)]	gguf=[32]/F32	bound=packed	ew:Multiply:Affine(IndexPattern { iter_rank: 2, axes: [AxisIndex { terms: [AxisTer
LEAF	blk.18.ssm_norm.weight	Float32	[Static(128)]	gguf=[128]/F32	bound=packed	ew:Multiply:Affine(IndexPattern { iter_rank: 3, axes: [AxisIndex { terms: [AxisTer
LEAF	blk.18.ssm_out.weight	Float32	[Static(4096), Static(2048)]	gguf=[4096, 2048]/Q4_K	bound=packed	ew:Multiply:Affine(IndexPattern { iter_rank: 4, axes: [AxisIndex { terms: [AxisTer
LEAF	ssm_cache.18.state	Float32	[Static(128), Static(128), Static(16), Static(2)]	gguf=-	bound=-	ew:Multiply:Affine(IndexPattern { iter_rank: 4, axes: [AxisIndex { terms: [AxisTer
LEAF	blk.18.ffn_gate_exps.weight	Float32	[Static(256), Static(2048), Static(512)]	gguf=[2048, 512, 256]/Q4_K	bound=packed	ew:Multiply:Computed { indices: NodeId(6939), index_map: IndexPattern { iter_rank: | ew:Multiply:Computed { indices: NodeId(6959), index_map: IndexPattern { iter_rank: | ew:Multiply:Computed { indices: NodeId(6981), index_map: IndexPattern { iter_rank: | ew:Multiply:Computed { indices: NodeId(7003), index_map: IndexPattern { iter_rank: | ew:Multiply:Computed { indices: NodeId(7025), index_map: IndexPattern { iter_rank: | ew:Multiply:Computed { indices: NodeId(7047), index_map: IndexPattern { iter_rank: | ew:Multiply:Computed { indices: NodeId(7069), index_map: IndexPattern { iter_rank: | ew:Multiply:Computed { indices: NodeId(7091), index_map: IndexPattern { iter_rank:
LEAF	blk.18.ffn_up_exps.weight	Float32	[Static(256), Static(2048), Static(512)]	gguf=[2048, 512, 256]/Q4_K	bound=packed	ew:Multiply:Computed { indices: NodeId(6939), index_map: IndexPattern { iter_rank: | ew:Multiply:Computed { indices: NodeId(6959), index_map: IndexPattern { iter_rank: | ew:Multiply:Computed { indices: NodeId(6981), index_map: IndexPattern { iter_rank: | ew:Multiply:Computed { indices: NodeId(7003), index_map: IndexPattern { iter_rank: | ew:Multiply:Computed { indices: NodeId(7025), index_map: IndexPattern { iter_rank: | ew:Multiply:Computed { indices: NodeId(7047), index_map: IndexPattern { iter_rank: | ew:Multiply:Computed { indices: NodeId(7069), index_map: IndexPattern { iter_rank: | ew:Multiply:Computed { indices: NodeId(7091), index_map: IndexPattern { iter_rank:
LEAF	blk.18.ffn_down_exps.weight	Float32	[Static(256), Static(512), Static(2048)]	gguf=[512, 2048, 256]/Q6_K	bound=packed	ew:Multiply:Computed { indices: NodeId(6939), index_map: IndexPattern { iter_rank: | ew:Multiply:Computed { indices: NodeId(6959), index_map: IndexPattern { iter_rank: | ew:Multiply:Computed { indices: NodeId(6981), index_map: IndexPattern { iter_rank: | ew:Multiply:Computed { indices: NodeId(7003), index_map: IndexPattern { iter_rank: | ew:Multiply:Computed { indices: NodeId(7025), index_map: IndexPattern { iter_rank: | ew:Multiply:Computed { indices: NodeId(7047), index_map: IndexPattern { iter_rank: | ew:Multiply:Computed { indices: NodeId(7069), index_map: IndexPattern { iter_rank: | ew:Multiply:Computed { indices: NodeId(7091), index_map: IndexPattern { iter_rank:
LEAF	blk.18.ffn_gate_inp_shexp.weight	Float32	[Static(2048)]	gguf=[2048, 1]/F16	bound=owned	ew:Multiply:Affine(IndexPattern { iter_rank: 2, axes: [AxisIndex { terms: [AxisTer
LEAF	blk.18.ffn_gate_shexp.weight	Float32	[Static(2048), Static(512)]	gguf=[2048, 512]/Q4_K	bound=packed	ew:Multiply:Affine(IndexPattern { iter_rank: 3, axes: [AxisIndex { terms: [AxisTer
LEAF	blk.18.ffn_up_shexp.weight	Float32	[Static(2048), Static(512)]	gguf=[2048, 512]/Q4_K	bound=packed	ew:Multiply:Affine(IndexPattern { iter_rank: 3, axes: [AxisIndex { terms: [AxisTer
LEAF	blk.18.ffn_down_shexp.weight	Float32	[Static(512), Static(2048)]	gguf=[512, 2048]/Q6_K	bound=packed	ew:Multiply:Affine(IndexPattern { iter_rank: 3, axes: [AxisIndex { terms: [AxisTer
LEAF	blk.19.attn_norm.weight	Float32	[Static(2048)]	gguf=[2048]/F32	bound=packed	ew:Multiply:Affine(IndexPattern { iter_rank: 2, axes: [AxisIndex { terms: [AxisTer
LEAF	blk.19.post_attention_norm.weight	Float32	[Static(2048)]	gguf=[2048]/F32	bound=packed	ew:Multiply:Affine(IndexPattern { iter_rank: 2, axes: [AxisIndex { terms: [AxisTer
LEAF	blk.19.ffn_gate_inp.weight	Float32	[Static(2048), Static(256)]	gguf=[2048, 256]/F32	bound=owned	ew:Multiply:Affine(IndexPattern { iter_rank: 3, axes: [AxisIndex { terms: [AxisTer
LEAF	blk.19.attn_q.weight	Float32	[Static(2048), Static(8192)]	gguf=[2048, 8192]/Q4_K	bound=packed	ew:Multiply:Affine(IndexPattern { iter_rank: 3, axes: [AxisIndex { terms: [AxisTer
LEAF	blk.19.attn_k.weight	Float32	[Static(2048), Static(512)]	gguf=[2048, 512]/Q4_K	bound=packed	ew:Multiply:Affine(IndexPattern { iter_rank: 3, axes: [AxisIndex { terms: [AxisTer
LEAF	blk.19.attn_v.weight	Float32	[Static(2048), Static(512)]	gguf=[2048, 512]/Q6_K	bound=packed	ew:Multiply:Affine(IndexPattern { iter_rank: 3, axes: [AxisIndex { terms: [AxisTer
LEAF	blk.19.attn_output.weight	Float32	[Static(4096), Static(2048)]	gguf=[4096, 2048]/Q4_K	bound=packed	ew:Multiply:Affine(IndexPattern { iter_rank: 4, axes: [AxisIndex { terms: [AxisTer
LEAF	blk.19.attn_q_norm.weight	Float32	[Static(256)]	gguf=[256]/F32	bound=packed	ew:Multiply:Affine(IndexPattern { iter_rank: 3, axes: [AxisIndex { terms: [AxisTer
LEAF	blk.19.attn_k_norm.weight	Float32	[Static(256)]	gguf=[256]/F32	bound=packed	ew:Multiply:Affine(IndexPattern { iter_rank: 3, axes: [AxisIndex { terms: [AxisTer
LEAF	kv_cache.19.k_first	Float32	[Symbolic(1), Static(2), Static(32)]	gguf=-	bound=-	ew:Multiply:Affine(IndexPattern { iter_rank: 5, axes: [AxisIndex { terms: [AxisTer
LEAF	kv_cache.19.k_second	Float32	[Symbolic(1), Static(2), Static(32)]	gguf=-	bound=-	ew:Multiply:Affine(IndexPattern { iter_rank: 5, axes: [AxisIndex { terms: [AxisTer
LEAF	kv_cache.19.k_pass	Float32	[Symbolic(1), Static(2), Static(192)]	gguf=-	bound=-	ew:Multiply:Affine(IndexPattern { iter_rank: 5, axes: [AxisIndex { terms: [AxisTer
LEAF	kv_cache.19.v	Float32	[Symbolic(1), Static(2), Static(256)]	gguf=-	bound=-	ew:Multiply:Affine(IndexPattern { iter_rank: 5, axes: [AxisIndex { terms: [AxisTer
LEAF	blk.19.ffn_gate_exps.weight	Float32	[Static(256), Static(2048), Static(512)]	gguf=[2048, 512, 256]/Q4_K	bound=packed	ew:Multiply:Computed { indices: NodeId(7300), index_map: IndexPattern { iter_rank: | ew:Multiply:Computed { indices: NodeId(7320), index_map: IndexPattern { iter_rank: | ew:Multiply:Computed { indices: NodeId(7342), index_map: IndexPattern { iter_rank: | ew:Multiply:Computed { indices: NodeId(7364), index_map: IndexPattern { iter_rank: | ew:Multiply:Computed { indices: NodeId(7386), index_map: IndexPattern { iter_rank: | ew:Multiply:Computed { indices: NodeId(7408), index_map: IndexPattern { iter_rank: | ew:Multiply:Computed { indices: NodeId(7430), index_map: IndexPattern { iter_rank: | ew:Multiply:Computed { indices: NodeId(7452), index_map: IndexPattern { iter_rank:
LEAF	blk.19.ffn_up_exps.weight	Float32	[Static(256), Static(2048), Static(512)]	gguf=[2048, 512, 256]/Q4_K	bound=packed	ew:Multiply:Computed { indices: NodeId(7300), index_map: IndexPattern { iter_rank: | ew:Multiply:Computed { indices: NodeId(7320), index_map: IndexPattern { iter_rank: | ew:Multiply:Computed { indices: NodeId(7342), index_map: IndexPattern { iter_rank: | ew:Multiply:Computed { indices: NodeId(7364), index_map: IndexPattern { iter_rank: | ew:Multiply:Computed { indices: NodeId(7386), index_map: IndexPattern { iter_rank: | ew:Multiply:Computed { indices: NodeId(7408), index_map: IndexPattern { iter_rank: | ew:Multiply:Computed { indices: NodeId(7430), index_map: IndexPattern { iter_rank: | ew:Multiply:Computed { indices: NodeId(7452), index_map: IndexPattern { iter_rank:
LEAF	blk.19.ffn_down_exps.weight	Float32	[Static(256), Static(512), Static(2048)]	gguf=[512, 2048, 256]/Q6_K	bound=packed	ew:Multiply:Computed { indices: NodeId(7300), index_map: IndexPattern { iter_rank: | ew:Multiply:Computed { indices: NodeId(7320), index_map: IndexPattern { iter_rank: | ew:Multiply:Computed { indices: NodeId(7342), index_map: IndexPattern { iter_rank: | ew:Multiply:Computed { indices: NodeId(7364), index_map: IndexPattern { iter_rank: | ew:Multiply:Computed { indices: NodeId(7386), index_map: IndexPattern { iter_rank: | ew:Multiply:Computed { indices: NodeId(7408), index_map: IndexPattern { iter_rank: | ew:Multiply:Computed { indices: NodeId(7430), index_map: IndexPattern { iter_rank: | ew:Multiply:Computed { indices: NodeId(7452), index_map: IndexPattern { iter_rank:
LEAF	blk.19.ffn_gate_inp_shexp.weight	Float32	[Static(2048)]	gguf=[2048, 1]/F16	bound=owned	ew:Multiply:Affine(IndexPattern { iter_rank: 2, axes: [AxisIndex { terms: [AxisTer
LEAF	blk.19.ffn_gate_shexp.weight	Float32	[Static(2048), Static(512)]	gguf=[2048, 512]/Q4_K	bound=packed	ew:Multiply:Affine(IndexPattern { iter_rank: 3, axes: [AxisIndex { terms: [AxisTer
LEAF	blk.19.ffn_up_shexp.weight	Float32	[Static(2048), Static(512)]	gguf=[2048, 512]/Q4_K	bound=packed	ew:Multiply:Affine(IndexPattern { iter_rank: 3, axes: [AxisIndex { terms: [AxisTer
LEAF	blk.19.ffn_down_shexp.weight	Float32	[Static(512), Static(2048)]	gguf=[512, 2048]/Q6_K	bound=packed	ew:Multiply:Affine(IndexPattern { iter_rank: 3, axes: [AxisIndex { terms: [AxisTer
LEAF	blk.20.attn_norm.weight	Float32	[Static(2048)]	gguf=[2048]/F32	bound=packed	ew:Multiply:Affine(IndexPattern { iter_rank: 2, axes: [AxisIndex { terms: [AxisTer
LEAF	blk.20.post_attention_norm.weight	Float32	[Static(2048)]	gguf=[2048]/F32	bound=packed	ew:Multiply:Affine(IndexPattern { iter_rank: 2, axes: [AxisIndex { terms: [AxisTer
LEAF	blk.20.ffn_gate_inp.weight	Float32	[Static(2048), Static(256)]	gguf=[2048, 256]/F32	bound=owned	ew:Multiply:Affine(IndexPattern { iter_rank: 3, axes: [AxisIndex { terms: [AxisTer
LEAF	blk.20.attn_qkv.weight	Float32	[Static(2048), Static(8192)]	gguf=[2048, 8192]/Q4_K	bound=packed	ew:Multiply:Affine(IndexPattern { iter_rank: 3, axes: [AxisIndex { terms: [AxisTer
LEAF	blk.20.attn_gate.weight	Float32	[Static(2048), Static(4096)]	gguf=[2048, 4096]/Q4_K	bound=packed	ew:Multiply:Affine(IndexPattern { iter_rank: 3, axes: [AxisIndex { terms: [AxisTer
LEAF	blk.20.ssm_conv1d.weight	Float32	[Static(8192), Static(4)]	gguf=[4, 8192]/F32	bound=packed	ew:Identity:Affine(IndexPattern { iter_rank: 2, axes: [AxisIndex { terms: [AxisTer | ew:Multiply:Affine(IndexPattern { iter_rank: 3, axes: [AxisIndex { terms: [AxisTer
LEAF	ssm_cache.20.conv_history	Float32	[Static(3), Static(8192)]	gguf=-	bound=-	ew:Multiply:Affine(IndexPattern { iter_rank: 2, axes: [AxisIndex { terms: [AxisTer
LEAF	blk.20.ssm_beta.weight	Float32	[Static(2048), Static(32)]	gguf=[2048, 32]/Q4_K	bound=owned	ew:Multiply:Affine(IndexPattern { iter_rank: 3, axes: [AxisIndex { terms: [AxisTer
LEAF	blk.20.ssm_alpha.weight	Float32	[Static(2048), Static(32)]	gguf=[2048, 32]/Q4_K	bound=owned	ew:Multiply:Affine(IndexPattern { iter_rank: 3, axes: [AxisIndex { terms: [AxisTer
LEAF	blk.20.ssm_dt	Float32	[Static(32)]	gguf=[32]/F32	bound=packed	ew:Add:Affine(IndexPattern { iter_rank: 2, axes: [AxisIndex { terms: [AxisTer
LEAF	blk.20.ssm_a	Float32	[Static(32)]	gguf=[32]/F32	bound=packed	ew:Multiply:Affine(IndexPattern { iter_rank: 2, axes: [AxisIndex { terms: [AxisTer
LEAF	blk.20.ssm_norm.weight	Float32	[Static(128)]	gguf=[128]/F32	bound=packed	ew:Multiply:Affine(IndexPattern { iter_rank: 3, axes: [AxisIndex { terms: [AxisTer
LEAF	blk.20.ssm_out.weight	Float32	[Static(4096), Static(2048)]	gguf=[4096, 2048]/Q4_K	bound=packed	ew:Multiply:Affine(IndexPattern { iter_rank: 4, axes: [AxisIndex { terms: [AxisTer
LEAF	ssm_cache.20.state	Float32	[Static(128), Static(128), Static(16), Static(2)]	gguf=-	bound=-	ew:Multiply:Affine(IndexPattern { iter_rank: 4, axes: [AxisIndex { terms: [AxisTer
LEAF	blk.20.ffn_gate_exps.weight	Float32	[Static(256), Static(2048), Static(512)]	gguf=[2048, 512, 256]/Q4_K	bound=packed	ew:Multiply:Computed { indices: NodeId(7678), index_map: IndexPattern { iter_rank: | ew:Multiply:Computed { indices: NodeId(7698), index_map: IndexPattern { iter_rank: | ew:Multiply:Computed { indices: NodeId(7720), index_map: IndexPattern { iter_rank: | ew:Multiply:Computed { indices: NodeId(7742), index_map: IndexPattern { iter_rank: | ew:Multiply:Computed { indices: NodeId(7764), index_map: IndexPattern { iter_rank: | ew:Multiply:Computed { indices: NodeId(7786), index_map: IndexPattern { iter_rank: | ew:Multiply:Computed { indices: NodeId(7808), index_map: IndexPattern { iter_rank: | ew:Multiply:Computed { indices: NodeId(7830), index_map: IndexPattern { iter_rank:
LEAF	blk.20.ffn_up_exps.weight	Float32	[Static(256), Static(2048), Static(512)]	gguf=[2048, 512, 256]/Q4_K	bound=packed	ew:Multiply:Computed { indices: NodeId(7678), index_map: IndexPattern { iter_rank: | ew:Multiply:Computed { indices: NodeId(7698), index_map: IndexPattern { iter_rank: | ew:Multiply:Computed { indices: NodeId(7720), index_map: IndexPattern { iter_rank: | ew:Multiply:Computed { indices: NodeId(7742), index_map: IndexPattern { iter_rank: | ew:Multiply:Computed { indices: NodeId(7764), index_map: IndexPattern { iter_rank: | ew:Multiply:Computed { indices: NodeId(7786), index_map: IndexPattern { iter_rank: | ew:Multiply:Computed { indices: NodeId(7808), index_map: IndexPattern { iter_rank: | ew:Multiply:Computed { indices: NodeId(7830), index_map: IndexPattern { iter_rank:
LEAF	blk.20.ffn_down_exps.weight	Float32	[Static(256), Static(512), Static(2048)]	gguf=[512, 2048, 256]/Q6_K	bound=packed	ew:Multiply:Computed { indices: NodeId(7678), index_map: IndexPattern { iter_rank: | ew:Multiply:Computed { indices: NodeId(7698), index_map: IndexPattern { iter_rank: | ew:Multiply:Computed { indices: NodeId(7720), index_map: IndexPattern { iter_rank: | ew:Multiply:Computed { indices: NodeId(7742), index_map: IndexPattern { iter_rank: | ew:Multiply:Computed { indices: NodeId(7764), index_map: IndexPattern { iter_rank: | ew:Multiply:Computed { indices: NodeId(7786), index_map: IndexPattern { iter_rank: | ew:Multiply:Computed { indices: NodeId(7808), index_map: IndexPattern { iter_rank: | ew:Multiply:Computed { indices: NodeId(7830), index_map: IndexPattern { iter_rank:
LEAF	blk.20.ffn_gate_inp_shexp.weight	Float32	[Static(2048)]	gguf=[2048, 1]/F16	bound=owned	ew:Multiply:Affine(IndexPattern { iter_rank: 2, axes: [AxisIndex { terms: [AxisTer
LEAF	blk.20.ffn_gate_shexp.weight	Float32	[Static(2048), Static(512)]	gguf=[2048, 512]/Q4_K	bound=packed	ew:Multiply:Affine(IndexPattern { iter_rank: 3, axes: [AxisIndex { terms: [AxisTer
LEAF	blk.20.ffn_up_shexp.weight	Float32	[Static(2048), Static(512)]	gguf=[2048, 512]/Q4_K	bound=packed	ew:Multiply:Affine(IndexPattern { iter_rank: 3, axes: [AxisIndex { terms: [AxisTer
LEAF	blk.20.ffn_down_shexp.weight	Float32	[Static(512), Static(2048)]	gguf=[512, 2048]/Q6_K	bound=packed	ew:Multiply:Affine(IndexPattern { iter_rank: 3, axes: [AxisIndex { terms: [AxisTer
LEAF	blk.21.attn_norm.weight	Float32	[Static(2048)]	gguf=[2048]/F32	bound=packed	ew:Multiply:Affine(IndexPattern { iter_rank: 2, axes: [AxisIndex { terms: [AxisTer
LEAF	blk.21.post_attention_norm.weight	Float32	[Static(2048)]	gguf=[2048]/F32	bound=packed	ew:Multiply:Affine(IndexPattern { iter_rank: 2, axes: [AxisIndex { terms: [AxisTer
LEAF	blk.21.ffn_gate_inp.weight	Float32	[Static(2048), Static(256)]	gguf=[2048, 256]/F32	bound=owned	ew:Multiply:Affine(IndexPattern { iter_rank: 3, axes: [AxisIndex { terms: [AxisTer
LEAF	blk.21.attn_qkv.weight	Float32	[Static(2048), Static(8192)]	gguf=[2048, 8192]/Q4_K	bound=packed	ew:Multiply:Affine(IndexPattern { iter_rank: 3, axes: [AxisIndex { terms: [AxisTer
LEAF	blk.21.attn_gate.weight	Float32	[Static(2048), Static(4096)]	gguf=[2048, 4096]/Q4_K	bound=packed	ew:Multiply:Affine(IndexPattern { iter_rank: 3, axes: [AxisIndex { terms: [AxisTer
LEAF	blk.21.ssm_conv1d.weight	Float32	[Static(8192), Static(4)]	gguf=[4, 8192]/F32	bound=packed	ew:Identity:Affine(IndexPattern { iter_rank: 2, axes: [AxisIndex { terms: [AxisTer | ew:Multiply:Affine(IndexPattern { iter_rank: 3, axes: [AxisIndex { terms: [AxisTer
LEAF	ssm_cache.21.conv_history	Float32	[Static(3), Static(8192)]	gguf=-	bound=-	ew:Multiply:Affine(IndexPattern { iter_rank: 2, axes: [AxisIndex { terms: [AxisTer
LEAF	blk.21.ssm_beta.weight	Float32	[Static(2048), Static(32)]	gguf=[2048, 32]/Q4_K	bound=owned	ew:Multiply:Affine(IndexPattern { iter_rank: 3, axes: [AxisIndex { terms: [AxisTer
LEAF	blk.21.ssm_alpha.weight	Float32	[Static(2048), Static(32)]	gguf=[2048, 32]/Q4_K	bound=owned	ew:Multiply:Affine(IndexPattern { iter_rank: 3, axes: [AxisIndex { terms: [AxisTer
LEAF	blk.21.ssm_dt	Float32	[Static(32)]	gguf=[32]/F32	bound=packed	ew:Add:Affine(IndexPattern { iter_rank: 2, axes: [AxisIndex { terms: [AxisTer
LEAF	blk.21.ssm_a	Float32	[Static(32)]	gguf=[32]/F32	bound=packed	ew:Multiply:Affine(IndexPattern { iter_rank: 2, axes: [AxisIndex { terms: [AxisTer
LEAF	blk.21.ssm_norm.weight	Float32	[Static(128)]	gguf=[128]/F32	bound=packed	ew:Multiply:Affine(IndexPattern { iter_rank: 3, axes: [AxisIndex { terms: [AxisTer
LEAF	blk.21.ssm_out.weight	Float32	[Static(4096), Static(2048)]	gguf=[4096, 2048]/Q4_K	bound=packed	ew:Multiply:Affine(IndexPattern { iter_rank: 4, axes: [AxisIndex { terms: [AxisTer
LEAF	ssm_cache.21.state	Float32	[Static(128), Static(128), Static(16), Static(2)]	gguf=-	bound=-	ew:Multiply:Affine(IndexPattern { iter_rank: 4, axes: [AxisIndex { terms: [AxisTer
LEAF	blk.21.ffn_gate_exps.weight	Float32	[Static(256), Static(2048), Static(512)]	gguf=[2048, 512, 256]/Q4_K	bound=packed	ew:Multiply:Computed { indices: NodeId(8056), index_map: IndexPattern { iter_rank: | ew:Multiply:Computed { indices: NodeId(8076), index_map: IndexPattern { iter_rank: | ew:Multiply:Computed { indices: NodeId(8098), index_map: IndexPattern { iter_rank: | ew:Multiply:Computed { indices: NodeId(8120), index_map: IndexPattern { iter_rank: | ew:Multiply:Computed { indices: NodeId(8142), index_map: IndexPattern { iter_rank: | ew:Multiply:Computed { indices: NodeId(8164), index_map: IndexPattern { iter_rank: | ew:Multiply:Computed { indices: NodeId(8186), index_map: IndexPattern { iter_rank: | ew:Multiply:Computed { indices: NodeId(8208), index_map: IndexPattern { iter_rank:
LEAF	blk.21.ffn_up_exps.weight	Float32	[Static(256), Static(2048), Static(512)]	gguf=[2048, 512, 256]/Q4_K	bound=packed	ew:Multiply:Computed { indices: NodeId(8056), index_map: IndexPattern { iter_rank: | ew:Multiply:Computed { indices: NodeId(8076), index_map: IndexPattern { iter_rank: | ew:Multiply:Computed { indices: NodeId(8098), index_map: IndexPattern { iter_rank: | ew:Multiply:Computed { indices: NodeId(8120), index_map: IndexPattern { iter_rank: | ew:Multiply:Computed { indices: NodeId(8142), index_map: IndexPattern { iter_rank: | ew:Multiply:Computed { indices: NodeId(8164), index_map: IndexPattern { iter_rank: | ew:Multiply:Computed { indices: NodeId(8186), index_map: IndexPattern { iter_rank: | ew:Multiply:Computed { indices: NodeId(8208), index_map: IndexPattern { iter_rank:
LEAF	blk.21.ffn_down_exps.weight	Float32	[Static(256), Static(512), Static(2048)]	gguf=[512, 2048, 256]/Q6_K	bound=packed	ew:Multiply:Computed { indices: NodeId(8056), index_map: IndexPattern { iter_rank: | ew:Multiply:Computed { indices: NodeId(8076), index_map: IndexPattern { iter_rank: | ew:Multiply:Computed { indices: NodeId(8098), index_map: IndexPattern { iter_rank: | ew:Multiply:Computed { indices: NodeId(8120), index_map: IndexPattern { iter_rank: | ew:Multiply:Computed { indices: NodeId(8142), index_map: IndexPattern { iter_rank: | ew:Multiply:Computed { indices: NodeId(8164), index_map: IndexPattern { iter_rank: | ew:Multiply:Computed { indices: NodeId(8186), index_map: IndexPattern { iter_rank: | ew:Multiply:Computed { indices: NodeId(8208), index_map: IndexPattern { iter_rank:
LEAF	blk.21.ffn_gate_inp_shexp.weight	Float32	[Static(2048)]	gguf=[2048, 1]/F16	bound=owned	ew:Multiply:Affine(IndexPattern { iter_rank: 2, axes: [AxisIndex { terms: [AxisTer
LEAF	blk.21.ffn_gate_shexp.weight	Float32	[Static(2048), Static(512)]	gguf=[2048, 512]/Q4_K	bound=packed	ew:Multiply:Affine(IndexPattern { iter_rank: 3, axes: [AxisIndex { terms: [AxisTer
LEAF	blk.21.ffn_up_shexp.weight	Float32	[Static(2048), Static(512)]	gguf=[2048, 512]/Q4_K	bound=packed	ew:Multiply:Affine(IndexPattern { iter_rank: 3, axes: [AxisIndex { terms: [AxisTer
LEAF	blk.21.ffn_down_shexp.weight	Float32	[Static(512), Static(2048)]	gguf=[512, 2048]/Q6_K	bound=packed	ew:Multiply:Affine(IndexPattern { iter_rank: 3, axes: [AxisIndex { terms: [AxisTer
LEAF	blk.22.attn_norm.weight	Float32	[Static(2048)]	gguf=[2048]/F32	bound=packed	ew:Multiply:Affine(IndexPattern { iter_rank: 2, axes: [AxisIndex { terms: [AxisTer
LEAF	blk.22.post_attention_norm.weight	Float32	[Static(2048)]	gguf=[2048]/F32	bound=packed	ew:Multiply:Affine(IndexPattern { iter_rank: 2, axes: [AxisIndex { terms: [AxisTer
LEAF	blk.22.ffn_gate_inp.weight	Float32	[Static(2048), Static(256)]	gguf=[2048, 256]/F32	bound=owned	ew:Multiply:Affine(IndexPattern { iter_rank: 3, axes: [AxisIndex { terms: [AxisTer
LEAF	blk.22.attn_qkv.weight	Float32	[Static(2048), Static(8192)]	gguf=[2048, 8192]/Q4_K	bound=packed	ew:Multiply:Affine(IndexPattern { iter_rank: 3, axes: [AxisIndex { terms: [AxisTer
LEAF	blk.22.attn_gate.weight	Float32	[Static(2048), Static(4096)]	gguf=[2048, 4096]/Q4_K	bound=packed	ew:Multiply:Affine(IndexPattern { iter_rank: 3, axes: [AxisIndex { terms: [AxisTer
LEAF	blk.22.ssm_conv1d.weight	Float32	[Static(8192), Static(4)]	gguf=[4, 8192]/F32	bound=packed	ew:Identity:Affine(IndexPattern { iter_rank: 2, axes: [AxisIndex { terms: [AxisTer | ew:Multiply:Affine(IndexPattern { iter_rank: 3, axes: [AxisIndex { terms: [AxisTer
LEAF	ssm_cache.22.conv_history	Float32	[Static(3), Static(8192)]	gguf=-	bound=-	ew:Multiply:Affine(IndexPattern { iter_rank: 2, axes: [AxisIndex { terms: [AxisTer
LEAF	blk.22.ssm_beta.weight	Float32	[Static(2048), Static(32)]	gguf=[2048, 32]/Q4_K	bound=owned	ew:Multiply:Affine(IndexPattern { iter_rank: 3, axes: [AxisIndex { terms: [AxisTer
LEAF	blk.22.ssm_alpha.weight	Float32	[Static(2048), Static(32)]	gguf=[2048, 32]/Q4_K	bound=owned	ew:Multiply:Affine(IndexPattern { iter_rank: 3, axes: [AxisIndex { terms: [AxisTer
LEAF	blk.22.ssm_dt	Float32	[Static(32)]	gguf=[32]/F32	bound=packed	ew:Add:Affine(IndexPattern { iter_rank: 2, axes: [AxisIndex { terms: [AxisTer
LEAF	blk.22.ssm_a	Float32	[Static(32)]	gguf=[32]/F32	bound=packed	ew:Multiply:Affine(IndexPattern { iter_rank: 2, axes: [AxisIndex { terms: [AxisTer
LEAF	blk.22.ssm_norm.weight	Float32	[Static(128)]	gguf=[128]/F32	bound=packed	ew:Multiply:Affine(IndexPattern { iter_rank: 3, axes: [AxisIndex { terms: [AxisTer
LEAF	blk.22.ssm_out.weight	Float32	[Static(4096), Static(2048)]	gguf=[4096, 2048]/Q4_K	bound=packed	ew:Multiply:Affine(IndexPattern { iter_rank: 4, axes: [AxisIndex { terms: [AxisTer
LEAF	ssm_cache.22.state	Float32	[Static(128), Static(128), Static(16), Static(2)]	gguf=-	bound=-	ew:Multiply:Affine(IndexPattern { iter_rank: 4, axes: [AxisIndex { terms: [AxisTer
LEAF	blk.22.ffn_gate_exps.weight	Float32	[Static(256), Static(2048), Static(512)]	gguf=[2048, 512, 256]/Q4_K	bound=packed	ew:Multiply:Computed { indices: NodeId(8434), index_map: IndexPattern { iter_rank: | ew:Multiply:Computed { indices: NodeId(8454), index_map: IndexPattern { iter_rank: | ew:Multiply:Computed { indices: NodeId(8476), index_map: IndexPattern { iter_rank: | ew:Multiply:Computed { indices: NodeId(8498), index_map: IndexPattern { iter_rank: | ew:Multiply:Computed { indices: NodeId(8520), index_map: IndexPattern { iter_rank: | ew:Multiply:Computed { indices: NodeId(8542), index_map: IndexPattern { iter_rank: | ew:Multiply:Computed { indices: NodeId(8564), index_map: IndexPattern { iter_rank: | ew:Multiply:Computed { indices: NodeId(8586), index_map: IndexPattern { iter_rank:
LEAF	blk.22.ffn_up_exps.weight	Float32	[Static(256), Static(2048), Static(512)]	gguf=[2048, 512, 256]/Q4_K	bound=packed	ew:Multiply:Computed { indices: NodeId(8434), index_map: IndexPattern { iter_rank: | ew:Multiply:Computed { indices: NodeId(8454), index_map: IndexPattern { iter_rank: | ew:Multiply:Computed { indices: NodeId(8476), index_map: IndexPattern { iter_rank: | ew:Multiply:Computed { indices: NodeId(8498), index_map: IndexPattern { iter_rank: | ew:Multiply:Computed { indices: NodeId(8520), index_map: IndexPattern { iter_rank: | ew:Multiply:Computed { indices: NodeId(8542), index_map: IndexPattern { iter_rank: | ew:Multiply:Computed { indices: NodeId(8564), index_map: IndexPattern { iter_rank: | ew:Multiply:Computed { indices: NodeId(8586), index_map: IndexPattern { iter_rank:
LEAF	blk.22.ffn_down_exps.weight	Float32	[Static(256), Static(512), Static(2048)]	gguf=[512, 2048, 256]/Q6_K	bound=packed	ew:Multiply:Computed { indices: NodeId(8434), index_map: IndexPattern { iter_rank: | ew:Multiply:Computed { indices: NodeId(8454), index_map: IndexPattern { iter_rank: | ew:Multiply:Computed { indices: NodeId(8476), index_map: IndexPattern { iter_rank: | ew:Multiply:Computed { indices: NodeId(8498), index_map: IndexPattern { iter_rank: | ew:Multiply:Computed { indices: NodeId(8520), index_map: IndexPattern { iter_rank: | ew:Multiply:Computed { indices: NodeId(8542), index_map: IndexPattern { iter_rank: | ew:Multiply:Computed { indices: NodeId(8564), index_map: IndexPattern { iter_rank: | ew:Multiply:Computed { indices: NodeId(8586), index_map: IndexPattern { iter_rank:
LEAF	blk.22.ffn_gate_inp_shexp.weight	Float32	[Static(2048)]	gguf=[2048, 1]/F16	bound=owned	ew:Multiply:Affine(IndexPattern { iter_rank: 2, axes: [AxisIndex { terms: [AxisTer
LEAF	blk.22.ffn_gate_shexp.weight	Float32	[Static(2048), Static(512)]	gguf=[2048, 512]/Q4_K	bound=packed	ew:Multiply:Affine(IndexPattern { iter_rank: 3, axes: [AxisIndex { terms: [AxisTer
LEAF	blk.22.ffn_up_shexp.weight	Float32	[Static(2048), Static(512)]	gguf=[2048, 512]/Q4_K	bound=packed	ew:Multiply:Affine(IndexPattern { iter_rank: 3, axes: [AxisIndex { terms: [AxisTer
LEAF	blk.22.ffn_down_shexp.weight	Float32	[Static(512), Static(2048)]	gguf=[512, 2048]/Q6_K	bound=packed	ew:Multiply:Affine(IndexPattern { iter_rank: 3, axes: [AxisIndex { terms: [AxisTer
LEAF	blk.23.attn_norm.weight	Float32	[Static(2048)]	gguf=[2048]/F32	bound=packed	ew:Multiply:Affine(IndexPattern { iter_rank: 2, axes: [AxisIndex { terms: [AxisTer
LEAF	blk.23.post_attention_norm.weight	Float32	[Static(2048)]	gguf=[2048]/F32	bound=packed	ew:Multiply:Affine(IndexPattern { iter_rank: 2, axes: [AxisIndex { terms: [AxisTer
LEAF	blk.23.ffn_gate_inp.weight	Float32	[Static(2048), Static(256)]	gguf=[2048, 256]/F32	bound=owned	ew:Multiply:Affine(IndexPattern { iter_rank: 3, axes: [AxisIndex { terms: [AxisTer
LEAF	blk.23.attn_q.weight	Float32	[Static(2048), Static(8192)]	gguf=[2048, 8192]/Q4_K	bound=packed	ew:Multiply:Affine(IndexPattern { iter_rank: 3, axes: [AxisIndex { terms: [AxisTer
LEAF	blk.23.attn_k.weight	Float32	[Static(2048), Static(512)]	gguf=[2048, 512]/Q4_K	bound=packed	ew:Multiply:Affine(IndexPattern { iter_rank: 3, axes: [AxisIndex { terms: [AxisTer
LEAF	blk.23.attn_v.weight	Float32	[Static(2048), Static(512)]	gguf=[2048, 512]/Q6_K	bound=packed	ew:Multiply:Affine(IndexPattern { iter_rank: 3, axes: [AxisIndex { terms: [AxisTer
LEAF	blk.23.attn_output.weight	Float32	[Static(4096), Static(2048)]	gguf=[4096, 2048]/Q4_K	bound=packed	ew:Multiply:Affine(IndexPattern { iter_rank: 4, axes: [AxisIndex { terms: [AxisTer
LEAF	blk.23.attn_q_norm.weight	Float32	[Static(256)]	gguf=[256]/F32	bound=packed	ew:Multiply:Affine(IndexPattern { iter_rank: 3, axes: [AxisIndex { terms: [AxisTer
LEAF	blk.23.attn_k_norm.weight	Float32	[Static(256)]	gguf=[256]/F32	bound=packed	ew:Multiply:Affine(IndexPattern { iter_rank: 3, axes: [AxisIndex { terms: [AxisTer
LEAF	kv_cache.23.k_first	Float32	[Symbolic(1), Static(2), Static(32)]	gguf=-	bound=-	ew:Multiply:Affine(IndexPattern { iter_rank: 5, axes: [AxisIndex { terms: [AxisTer
LEAF	kv_cache.23.k_second	Float32	[Symbolic(1), Static(2), Static(32)]	gguf=-	bound=-	ew:Multiply:Affine(IndexPattern { iter_rank: 5, axes: [AxisIndex { terms: [AxisTer
LEAF	kv_cache.23.k_pass	Float32	[Symbolic(1), Static(2), Static(192)]	gguf=-	bound=-	ew:Multiply:Affine(IndexPattern { iter_rank: 5, axes: [AxisIndex { terms: [AxisTer
LEAF	kv_cache.23.v	Float32	[Symbolic(1), Static(2), Static(256)]	gguf=-	bound=-	ew:Multiply:Affine(IndexPattern { iter_rank: 5, axes: [AxisIndex { terms: [AxisTer
LEAF	blk.23.ffn_gate_exps.weight	Float32	[Static(256), Static(2048), Static(512)]	gguf=[2048, 512, 256]/Q4_K	bound=packed	ew:Multiply:Computed { indices: NodeId(8795), index_map: IndexPattern { iter_rank: | ew:Multiply:Computed { indices: NodeId(8815), index_map: IndexPattern { iter_rank: | ew:Multiply:Computed { indices: NodeId(8837), index_map: IndexPattern { iter_rank: | ew:Multiply:Computed { indices: NodeId(8859), index_map: IndexPattern { iter_rank: | ew:Multiply:Computed { indices: NodeId(8881), index_map: IndexPattern { iter_rank: | ew:Multiply:Computed { indices: NodeId(8903), index_map: IndexPattern { iter_rank: | ew:Multiply:Computed { indices: NodeId(8925), index_map: IndexPattern { iter_rank: | ew:Multiply:Computed { indices: NodeId(8947), index_map: IndexPattern { iter_rank:
LEAF	blk.23.ffn_up_exps.weight	Float32	[Static(256), Static(2048), Static(512)]	gguf=[2048, 512, 256]/Q4_K	bound=packed	ew:Multiply:Computed { indices: NodeId(8795), index_map: IndexPattern { iter_rank: | ew:Multiply:Computed { indices: NodeId(8815), index_map: IndexPattern { iter_rank: | ew:Multiply:Computed { indices: NodeId(8837), index_map: IndexPattern { iter_rank: | ew:Multiply:Computed { indices: NodeId(8859), index_map: IndexPattern { iter_rank: | ew:Multiply:Computed { indices: NodeId(8881), index_map: IndexPattern { iter_rank: | ew:Multiply:Computed { indices: NodeId(8903), index_map: IndexPattern { iter_rank: | ew:Multiply:Computed { indices: NodeId(8925), index_map: IndexPattern { iter_rank: | ew:Multiply:Computed { indices: NodeId(8947), index_map: IndexPattern { iter_rank:
LEAF	blk.23.ffn_down_exps.weight	Float32	[Static(256), Static(512), Static(2048)]	gguf=[512, 2048, 256]/Q6_K	bound=packed	ew:Multiply:Computed { indices: NodeId(8795), index_map: IndexPattern { iter_rank: | ew:Multiply:Computed { indices: NodeId(8815), index_map: IndexPattern { iter_rank: | ew:Multiply:Computed { indices: NodeId(8837), index_map: IndexPattern { iter_rank: | ew:Multiply:Computed { indices: NodeId(8859), index_map: IndexPattern { iter_rank: | ew:Multiply:Computed { indices: NodeId(8881), index_map: IndexPattern { iter_rank: | ew:Multiply:Computed { indices: NodeId(8903), index_map: IndexPattern { iter_rank: | ew:Multiply:Computed { indices: NodeId(8925), index_map: IndexPattern { iter_rank: | ew:Multiply:Computed { indices: NodeId(8947), index_map: IndexPattern { iter_rank:
LEAF	blk.23.ffn_gate_inp_shexp.weight	Float32	[Static(2048)]	gguf=[2048, 1]/F16	bound=owned	ew:Multiply:Affine(IndexPattern { iter_rank: 2, axes: [AxisIndex { terms: [AxisTer
LEAF	blk.23.ffn_gate_shexp.weight	Float32	[Static(2048), Static(512)]	gguf=[2048, 512]/Q4_K	bound=packed	ew:Multiply:Affine(IndexPattern { iter_rank: 3, axes: [AxisIndex { terms: [AxisTer
LEAF	blk.23.ffn_up_shexp.weight	Float32	[Static(2048), Static(512)]	gguf=[2048, 512]/Q4_K	bound=packed	ew:Multiply:Affine(IndexPattern { iter_rank: 3, axes: [AxisIndex { terms: [AxisTer
LEAF	blk.23.ffn_down_shexp.weight	Float32	[Static(512), Static(2048)]	gguf=[512, 2048]/Q6_K	bound=packed	ew:Multiply:Affine(IndexPattern { iter_rank: 3, axes: [AxisIndex { terms: [AxisTer
LEAF	blk.24.attn_norm.weight	Float32	[Static(2048)]	gguf=[2048]/F32	bound=packed	ew:Multiply:Affine(IndexPattern { iter_rank: 2, axes: [AxisIndex { terms: [AxisTer
LEAF	blk.24.post_attention_norm.weight	Float32	[Static(2048)]	gguf=[2048]/F32	bound=packed	ew:Multiply:Affine(IndexPattern { iter_rank: 2, axes: [AxisIndex { terms: [AxisTer
LEAF	blk.24.ffn_gate_inp.weight	Float32	[Static(2048), Static(256)]	gguf=[2048, 256]/F32	bound=owned	ew:Multiply:Affine(IndexPattern { iter_rank: 3, axes: [AxisIndex { terms: [AxisTer
LEAF	blk.24.attn_qkv.weight	Float32	[Static(2048), Static(8192)]	gguf=[2048, 8192]/Q4_K	bound=packed	ew:Multiply:Affine(IndexPattern { iter_rank: 3, axes: [AxisIndex { terms: [AxisTer
LEAF	blk.24.attn_gate.weight	Float32	[Static(2048), Static(4096)]	gguf=[2048, 4096]/Q4_K	bound=packed	ew:Multiply:Affine(IndexPattern { iter_rank: 3, axes: [AxisIndex { terms: [AxisTer
LEAF	blk.24.ssm_conv1d.weight	Float32	[Static(8192), Static(4)]	gguf=[4, 8192]/F32	bound=packed	ew:Identity:Affine(IndexPattern { iter_rank: 2, axes: [AxisIndex { terms: [AxisTer | ew:Multiply:Affine(IndexPattern { iter_rank: 3, axes: [AxisIndex { terms: [AxisTer
LEAF	ssm_cache.24.conv_history	Float32	[Static(3), Static(8192)]	gguf=-	bound=-	ew:Multiply:Affine(IndexPattern { iter_rank: 2, axes: [AxisIndex { terms: [AxisTer
LEAF	blk.24.ssm_beta.weight	Float32	[Static(2048), Static(32)]	gguf=[2048, 32]/Q4_K	bound=owned	ew:Multiply:Affine(IndexPattern { iter_rank: 3, axes: [AxisIndex { terms: [AxisTer
LEAF	blk.24.ssm_alpha.weight	Float32	[Static(2048), Static(32)]	gguf=[2048, 32]/Q4_K	bound=owned	ew:Multiply:Affine(IndexPattern { iter_rank: 3, axes: [AxisIndex { terms: [AxisTer
LEAF	blk.24.ssm_dt	Float32	[Static(32)]	gguf=[32]/F32	bound=packed	ew:Add:Affine(IndexPattern { iter_rank: 2, axes: [AxisIndex { terms: [AxisTer
LEAF	blk.24.ssm_a	Float32	[Static(32)]	gguf=[32]/F32	bound=packed	ew:Multiply:Affine(IndexPattern { iter_rank: 2, axes: [AxisIndex { terms: [AxisTer
LEAF	blk.24.ssm_norm.weight	Float32	[Static(128)]	gguf=[128]/F32	bound=packed	ew:Multiply:Affine(IndexPattern { iter_rank: 3, axes: [AxisIndex { terms: [AxisTer
LEAF	blk.24.ssm_out.weight	Float32	[Static(4096), Static(2048)]	gguf=[4096, 2048]/Q4_K	bound=packed	ew:Multiply:Affine(IndexPattern { iter_rank: 4, axes: [AxisIndex { terms: [AxisTer
LEAF	ssm_cache.24.state	Float32	[Static(128), Static(128), Static(16), Static(2)]	gguf=-	bound=-	ew:Multiply:Affine(IndexPattern { iter_rank: 4, axes: [AxisIndex { terms: [AxisTer
LEAF	blk.24.ffn_gate_exps.weight	Float32	[Static(256), Static(2048), Static(512)]	gguf=[2048, 512, 256]/Q4_K	bound=packed	ew:Multiply:Computed { indices: NodeId(9173), index_map: IndexPattern { iter_rank: | ew:Multiply:Computed { indices: NodeId(9193), index_map: IndexPattern { iter_rank: | ew:Multiply:Computed { indices: NodeId(9215), index_map: IndexPattern { iter_rank: | ew:Multiply:Computed { indices: NodeId(9237), index_map: IndexPattern { iter_rank: | ew:Multiply:Computed { indices: NodeId(9259), index_map: IndexPattern { iter_rank: | ew:Multiply:Computed { indices: NodeId(9281), index_map: IndexPattern { iter_rank: | ew:Multiply:Computed { indices: NodeId(9303), index_map: IndexPattern { iter_rank: | ew:Multiply:Computed { indices: NodeId(9325), index_map: IndexPattern { iter_rank:
LEAF	blk.24.ffn_up_exps.weight	Float32	[Static(256), Static(2048), Static(512)]	gguf=[2048, 512, 256]/Q4_K	bound=packed	ew:Multiply:Computed { indices: NodeId(9173), index_map: IndexPattern { iter_rank: | ew:Multiply:Computed { indices: NodeId(9193), index_map: IndexPattern { iter_rank: | ew:Multiply:Computed { indices: NodeId(9215), index_map: IndexPattern { iter_rank: | ew:Multiply:Computed { indices: NodeId(9237), index_map: IndexPattern { iter_rank: | ew:Multiply:Computed { indices: NodeId(9259), index_map: IndexPattern { iter_rank: | ew:Multiply:Computed { indices: NodeId(9281), index_map: IndexPattern { iter_rank: | ew:Multiply:Computed { indices: NodeId(9303), index_map: IndexPattern { iter_rank: | ew:Multiply:Computed { indices: NodeId(9325), index_map: IndexPattern { iter_rank:
LEAF	blk.24.ffn_down_exps.weight	Float32	[Static(256), Static(512), Static(2048)]	gguf=[512, 2048, 256]/Q6_K	bound=packed	ew:Multiply:Computed { indices: NodeId(9173), index_map: IndexPattern { iter_rank: | ew:Multiply:Computed { indices: NodeId(9193), index_map: IndexPattern { iter_rank: | ew:Multiply:Computed { indices: NodeId(9215), index_map: IndexPattern { iter_rank: | ew:Multiply:Computed { indices: NodeId(9237), index_map: IndexPattern { iter_rank: | ew:Multiply:Computed { indices: NodeId(9259), index_map: IndexPattern { iter_rank: | ew:Multiply:Computed { indices: NodeId(9281), index_map: IndexPattern { iter_rank: | ew:Multiply:Computed { indices: NodeId(9303), index_map: IndexPattern { iter_rank: | ew:Multiply:Computed { indices: NodeId(9325), index_map: IndexPattern { iter_rank:
LEAF	blk.24.ffn_gate_inp_shexp.weight	Float32	[Static(2048)]	gguf=[2048, 1]/F16	bound=owned	ew:Multiply:Affine(IndexPattern { iter_rank: 2, axes: [AxisIndex { terms: [AxisTer
LEAF	blk.24.ffn_gate_shexp.weight	Float32	[Static(2048), Static(512)]	gguf=[2048, 512]/Q4_K	bound=packed	ew:Multiply:Affine(IndexPattern { iter_rank: 3, axes: [AxisIndex { terms: [AxisTer
LEAF	blk.24.ffn_up_shexp.weight	Float32	[Static(2048), Static(512)]	gguf=[2048, 512]/Q4_K	bound=packed	ew:Multiply:Affine(IndexPattern { iter_rank: 3, axes: [AxisIndex { terms: [AxisTer
LEAF	blk.24.ffn_down_shexp.weight	Float32	[Static(512), Static(2048)]	gguf=[512, 2048]/Q6_K	bound=packed	ew:Multiply:Affine(IndexPattern { iter_rank: 3, axes: [AxisIndex { terms: [AxisTer
LEAF	blk.25.attn_norm.weight	Float32	[Static(2048)]	gguf=[2048]/F32	bound=packed	ew:Multiply:Affine(IndexPattern { iter_rank: 2, axes: [AxisIndex { terms: [AxisTer
LEAF	blk.25.post_attention_norm.weight	Float32	[Static(2048)]	gguf=[2048]/F32	bound=packed	ew:Multiply:Affine(IndexPattern { iter_rank: 2, axes: [AxisIndex { terms: [AxisTer
LEAF	blk.25.ffn_gate_inp.weight	Float32	[Static(2048), Static(256)]	gguf=[2048, 256]/F32	bound=owned	ew:Multiply:Affine(IndexPattern { iter_rank: 3, axes: [AxisIndex { terms: [AxisTer
LEAF	blk.25.attn_qkv.weight	Float32	[Static(2048), Static(8192)]	gguf=[2048, 8192]/Q4_K	bound=packed	ew:Multiply:Affine(IndexPattern { iter_rank: 3, axes: [AxisIndex { terms: [AxisTer
LEAF	blk.25.attn_gate.weight	Float32	[Static(2048), Static(4096)]	gguf=[2048, 4096]/Q4_K	bound=packed	ew:Multiply:Affine(IndexPattern { iter_rank: 3, axes: [AxisIndex { terms: [AxisTer
LEAF	blk.25.ssm_conv1d.weight	Float32	[Static(8192), Static(4)]	gguf=[4, 8192]/F32	bound=packed	ew:Identity:Affine(IndexPattern { iter_rank: 2, axes: [AxisIndex { terms: [AxisTer | ew:Multiply:Affine(IndexPattern { iter_rank: 3, axes: [AxisIndex { terms: [AxisTer
LEAF	ssm_cache.25.conv_history	Float32	[Static(3), Static(8192)]	gguf=-	bound=-	ew:Multiply:Affine(IndexPattern { iter_rank: 2, axes: [AxisIndex { terms: [AxisTer
LEAF	blk.25.ssm_beta.weight	Float32	[Static(2048), Static(32)]	gguf=[2048, 32]/Q4_K	bound=owned	ew:Multiply:Affine(IndexPattern { iter_rank: 3, axes: [AxisIndex { terms: [AxisTer
LEAF	blk.25.ssm_alpha.weight	Float32	[Static(2048), Static(32)]	gguf=[2048, 32]/Q4_K	bound=owned	ew:Multiply:Affine(IndexPattern { iter_rank: 3, axes: [AxisIndex { terms: [AxisTer
LEAF	blk.25.ssm_dt	Float32	[Static(32)]	gguf=[32]/F32	bound=packed	ew:Add:Affine(IndexPattern { iter_rank: 2, axes: [AxisIndex { terms: [AxisTer
LEAF	blk.25.ssm_a	Float32	[Static(32)]	gguf=[32]/F32	bound=packed	ew:Multiply:Affine(IndexPattern { iter_rank: 2, axes: [AxisIndex { terms: [AxisTer
LEAF	blk.25.ssm_norm.weight	Float32	[Static(128)]	gguf=[128]/F32	bound=packed	ew:Multiply:Affine(IndexPattern { iter_rank: 3, axes: [AxisIndex { terms: [AxisTer
LEAF	blk.25.ssm_out.weight	Float32	[Static(4096), Static(2048)]	gguf=[4096, 2048]/Q4_K	bound=packed	ew:Multiply:Affine(IndexPattern { iter_rank: 4, axes: [AxisIndex { terms: [AxisTer
LEAF	ssm_cache.25.state	Float32	[Static(128), Static(128), Static(16), Static(2)]	gguf=-	bound=-	ew:Multiply:Affine(IndexPattern { iter_rank: 4, axes: [AxisIndex { terms: [AxisTer
LEAF	blk.25.ffn_gate_exps.weight	Float32	[Static(256), Static(2048), Static(512)]	gguf=[2048, 512, 256]/Q4_K	bound=packed	ew:Multiply:Computed { indices: NodeId(9551), index_map: IndexPattern { iter_rank: | ew:Multiply:Computed { indices: NodeId(9571), index_map: IndexPattern { iter_rank: | ew:Multiply:Computed { indices: NodeId(9593), index_map: IndexPattern { iter_rank: | ew:Multiply:Computed { indices: NodeId(9615), index_map: IndexPattern { iter_rank: | ew:Multiply:Computed { indices: NodeId(9637), index_map: IndexPattern { iter_rank: | ew:Multiply:Computed { indices: NodeId(9659), index_map: IndexPattern { iter_rank: | ew:Multiply:Computed { indices: NodeId(9681), index_map: IndexPattern { iter_rank: | ew:Multiply:Computed { indices: NodeId(9703), index_map: IndexPattern { iter_rank:
LEAF	blk.25.ffn_up_exps.weight	Float32	[Static(256), Static(2048), Static(512)]	gguf=[2048, 512, 256]/Q4_K	bound=packed	ew:Multiply:Computed { indices: NodeId(9551), index_map: IndexPattern { iter_rank: | ew:Multiply:Computed { indices: NodeId(9571), index_map: IndexPattern { iter_rank: | ew:Multiply:Computed { indices: NodeId(9593), index_map: IndexPattern { iter_rank: | ew:Multiply:Computed { indices: NodeId(9615), index_map: IndexPattern { iter_rank: | ew:Multiply:Computed { indices: NodeId(9637), index_map: IndexPattern { iter_rank: | ew:Multiply:Computed { indices: NodeId(9659), index_map: IndexPattern { iter_rank: | ew:Multiply:Computed { indices: NodeId(9681), index_map: IndexPattern { iter_rank: | ew:Multiply:Computed { indices: NodeId(9703), index_map: IndexPattern { iter_rank:
LEAF	blk.25.ffn_down_exps.weight	Float32	[Static(256), Static(512), Static(2048)]	gguf=[512, 2048, 256]/Q6_K	bound=packed	ew:Multiply:Computed { indices: NodeId(9551), index_map: IndexPattern { iter_rank: | ew:Multiply:Computed { indices: NodeId(9571), index_map: IndexPattern { iter_rank: | ew:Multiply:Computed { indices: NodeId(9593), index_map: IndexPattern { iter_rank: | ew:Multiply:Computed { indices: NodeId(9615), index_map: IndexPattern { iter_rank: | ew:Multiply:Computed { indices: NodeId(9637), index_map: IndexPattern { iter_rank: | ew:Multiply:Computed { indices: NodeId(9659), index_map: IndexPattern { iter_rank: | ew:Multiply:Computed { indices: NodeId(9681), index_map: IndexPattern { iter_rank: | ew:Multiply:Computed { indices: NodeId(9703), index_map: IndexPattern { iter_rank:
LEAF	blk.25.ffn_gate_inp_shexp.weight	Float32	[Static(2048)]	gguf=[2048, 1]/F16	bound=owned	ew:Multiply:Affine(IndexPattern { iter_rank: 2, axes: [AxisIndex { terms: [AxisTer
LEAF	blk.25.ffn_gate_shexp.weight	Float32	[Static(2048), Static(512)]	gguf=[2048, 512]/Q4_K	bound=packed	ew:Multiply:Affine(IndexPattern { iter_rank: 3, axes: [AxisIndex { terms: [AxisTer
LEAF	blk.25.ffn_up_shexp.weight	Float32	[Static(2048), Static(512)]	gguf=[2048, 512]/Q4_K	bound=packed	ew:Multiply:Affine(IndexPattern { iter_rank: 3, axes: [AxisIndex { terms: [AxisTer
LEAF	blk.25.ffn_down_shexp.weight	Float32	[Static(512), Static(2048)]	gguf=[512, 2048]/Q6_K	bound=packed	ew:Multiply:Affine(IndexPattern { iter_rank: 3, axes: [AxisIndex { terms: [AxisTer
LEAF	blk.26.attn_norm.weight	Float32	[Static(2048)]	gguf=[2048]/F32	bound=packed	ew:Multiply:Affine(IndexPattern { iter_rank: 2, axes: [AxisIndex { terms: [AxisTer
LEAF	blk.26.post_attention_norm.weight	Float32	[Static(2048)]	gguf=[2048]/F32	bound=packed	ew:Multiply:Affine(IndexPattern { iter_rank: 2, axes: [AxisIndex { terms: [AxisTer
LEAF	blk.26.ffn_gate_inp.weight	Float32	[Static(2048), Static(256)]	gguf=[2048, 256]/F32	bound=owned	ew:Multiply:Affine(IndexPattern { iter_rank: 3, axes: [AxisIndex { terms: [AxisTer
LEAF	blk.26.attn_qkv.weight	Float32	[Static(2048), Static(8192)]	gguf=[2048, 8192]/Q4_K	bound=packed	ew:Multiply:Affine(IndexPattern { iter_rank: 3, axes: [AxisIndex { terms: [AxisTer
LEAF	blk.26.attn_gate.weight	Float32	[Static(2048), Static(4096)]	gguf=[2048, 4096]/Q4_K	bound=packed	ew:Multiply:Affine(IndexPattern { iter_rank: 3, axes: [AxisIndex { terms: [AxisTer
LEAF	blk.26.ssm_conv1d.weight	Float32	[Static(8192), Static(4)]	gguf=[4, 8192]/F32	bound=packed	ew:Identity:Affine(IndexPattern { iter_rank: 2, axes: [AxisIndex { terms: [AxisTer | ew:Multiply:Affine(IndexPattern { iter_rank: 3, axes: [AxisIndex { terms: [AxisTer
LEAF	ssm_cache.26.conv_history	Float32	[Static(3), Static(8192)]	gguf=-	bound=-	ew:Multiply:Affine(IndexPattern { iter_rank: 2, axes: [AxisIndex { terms: [AxisTer
LEAF	blk.26.ssm_beta.weight	Float32	[Static(2048), Static(32)]	gguf=[2048, 32]/Q4_K	bound=owned	ew:Multiply:Affine(IndexPattern { iter_rank: 3, axes: [AxisIndex { terms: [AxisTer
LEAF	blk.26.ssm_alpha.weight	Float32	[Static(2048), Static(32)]	gguf=[2048, 32]/Q4_K	bound=owned	ew:Multiply:Affine(IndexPattern { iter_rank: 3, axes: [AxisIndex { terms: [AxisTer
LEAF	blk.26.ssm_dt	Float32	[Static(32)]	gguf=[32]/F32	bound=packed	ew:Add:Affine(IndexPattern { iter_rank: 2, axes: [AxisIndex { terms: [AxisTer
LEAF	blk.26.ssm_a	Float32	[Static(32)]	gguf=[32]/F32	bound=packed	ew:Multiply:Affine(IndexPattern { iter_rank: 2, axes: [AxisIndex { terms: [AxisTer
LEAF	blk.26.ssm_norm.weight	Float32	[Static(128)]	gguf=[128]/F32	bound=packed	ew:Multiply:Affine(IndexPattern { iter_rank: 3, axes: [AxisIndex { terms: [AxisTer
LEAF	blk.26.ssm_out.weight	Float32	[Static(4096), Static(2048)]	gguf=[4096, 2048]/Q4_K	bound=packed	ew:Multiply:Affine(IndexPattern { iter_rank: 4, axes: [AxisIndex { terms: [AxisTer
LEAF	ssm_cache.26.state	Float32	[Static(128), Static(128), Static(16), Static(2)]	gguf=-	bound=-	ew:Multiply:Affine(IndexPattern { iter_rank: 4, axes: [AxisIndex { terms: [AxisTer
LEAF	blk.26.ffn_gate_exps.weight	Float32	[Static(256), Static(2048), Static(512)]	gguf=[2048, 512, 256]/Q4_K	bound=packed	ew:Multiply:Computed { indices: NodeId(10015), index_map: IndexPattern { iter_rank | ew:Multiply:Computed { indices: NodeId(10037), index_map: IndexPattern { iter_rank | ew:Multiply:Computed { indices: NodeId(10059), index_map: IndexPattern { iter_rank | ew:Multiply:Computed { indices: NodeId(10081), index_map: IndexPattern { iter_rank | ew:Multiply:Computed { indices: NodeId(9929), index_map: IndexPattern { iter_rank: | ew:Multiply:Computed { indices: NodeId(9949), index_map: IndexPattern { iter_rank: | ew:Multiply:Computed { indices: NodeId(9971), index_map: IndexPattern { iter_rank: | ew:Multiply:Computed { indices: NodeId(9993), index_map: IndexPattern { iter_rank:
LEAF	blk.26.ffn_up_exps.weight	Float32	[Static(256), Static(2048), Static(512)]	gguf=[2048, 512, 256]/Q4_K	bound=packed	ew:Multiply:Computed { indices: NodeId(10015), index_map: IndexPattern { iter_rank | ew:Multiply:Computed { indices: NodeId(10037), index_map: IndexPattern { iter_rank | ew:Multiply:Computed { indices: NodeId(10059), index_map: IndexPattern { iter_rank | ew:Multiply:Computed { indices: NodeId(10081), index_map: IndexPattern { iter_rank | ew:Multiply:Computed { indices: NodeId(9929), index_map: IndexPattern { iter_rank: | ew:Multiply:Computed { indices: NodeId(9949), index_map: IndexPattern { iter_rank: | ew:Multiply:Computed { indices: NodeId(9971), index_map: IndexPattern { iter_rank: | ew:Multiply:Computed { indices: NodeId(9993), index_map: IndexPattern { iter_rank:
LEAF	blk.26.ffn_down_exps.weight	Float32	[Static(256), Static(512), Static(2048)]	gguf=[512, 2048, 256]/Q6_K	bound=packed	ew:Multiply:Computed { indices: NodeId(10015), index_map: IndexPattern { iter_rank | ew:Multiply:Computed { indices: NodeId(10037), index_map: IndexPattern { iter_rank | ew:Multiply:Computed { indices: NodeId(10059), index_map: IndexPattern { iter_rank | ew:Multiply:Computed { indices: NodeId(10081), index_map: IndexPattern { iter_rank | ew:Multiply:Computed { indices: NodeId(9929), index_map: IndexPattern { iter_rank: | ew:Multiply:Computed { indices: NodeId(9949), index_map: IndexPattern { iter_rank: | ew:Multiply:Computed { indices: NodeId(9971), index_map: IndexPattern { iter_rank: | ew:Multiply:Computed { indices: NodeId(9993), index_map: IndexPattern { iter_rank:
LEAF	blk.26.ffn_gate_inp_shexp.weight	Float32	[Static(2048)]	gguf=[2048, 1]/F16	bound=owned	ew:Multiply:Affine(IndexPattern { iter_rank: 2, axes: [AxisIndex { terms: [AxisTer
LEAF	blk.26.ffn_gate_shexp.weight	Float32	[Static(2048), Static(512)]	gguf=[2048, 512]/Q4_K	bound=packed	ew:Multiply:Affine(IndexPattern { iter_rank: 3, axes: [AxisIndex { terms: [AxisTer
LEAF	blk.26.ffn_up_shexp.weight	Float32	[Static(2048), Static(512)]	gguf=[2048, 512]/Q4_K	bound=packed	ew:Multiply:Affine(IndexPattern { iter_rank: 3, axes: [AxisIndex { terms: [AxisTer
LEAF	blk.26.ffn_down_shexp.weight	Float32	[Static(512), Static(2048)]	gguf=[512, 2048]/Q6_K	bound=packed	ew:Multiply:Affine(IndexPattern { iter_rank: 3, axes: [AxisIndex { terms: [AxisTer
LEAF	blk.27.attn_norm.weight	Float32	[Static(2048)]	gguf=[2048]/F32	bound=packed	ew:Multiply:Affine(IndexPattern { iter_rank: 2, axes: [AxisIndex { terms: [AxisTer
LEAF	blk.27.post_attention_norm.weight	Float32	[Static(2048)]	gguf=[2048]/F32	bound=packed	ew:Multiply:Affine(IndexPattern { iter_rank: 2, axes: [AxisIndex { terms: [AxisTer
LEAF	blk.27.ffn_gate_inp.weight	Float32	[Static(2048), Static(256)]	gguf=[2048, 256]/F32	bound=owned	ew:Multiply:Affine(IndexPattern { iter_rank: 3, axes: [AxisIndex { terms: [AxisTer
LEAF	blk.27.attn_q.weight	Float32	[Static(2048), Static(8192)]	gguf=[2048, 8192]/Q4_K	bound=packed	ew:Multiply:Affine(IndexPattern { iter_rank: 3, axes: [AxisIndex { terms: [AxisTer
LEAF	blk.27.attn_k.weight	Float32	[Static(2048), Static(512)]	gguf=[2048, 512]/Q4_K	bound=packed	ew:Multiply:Affine(IndexPattern { iter_rank: 3, axes: [AxisIndex { terms: [AxisTer
LEAF	blk.27.attn_v.weight	Float32	[Static(2048), Static(512)]	gguf=[2048, 512]/Q6_K	bound=packed	ew:Multiply:Affine(IndexPattern { iter_rank: 3, axes: [AxisIndex { terms: [AxisTer
LEAF	blk.27.attn_output.weight	Float32	[Static(4096), Static(2048)]	gguf=[4096, 2048]/Q4_K	bound=packed	ew:Multiply:Affine(IndexPattern { iter_rank: 4, axes: [AxisIndex { terms: [AxisTer
LEAF	blk.27.attn_q_norm.weight	Float32	[Static(256)]	gguf=[256]/F32	bound=packed	ew:Multiply:Affine(IndexPattern { iter_rank: 3, axes: [AxisIndex { terms: [AxisTer
LEAF	blk.27.attn_k_norm.weight	Float32	[Static(256)]	gguf=[256]/F32	bound=packed	ew:Multiply:Affine(IndexPattern { iter_rank: 3, axes: [AxisIndex { terms: [AxisTer
LEAF	kv_cache.27.k_first	Float32	[Symbolic(1), Static(2), Static(32)]	gguf=-	bound=-	ew:Multiply:Affine(IndexPattern { iter_rank: 5, axes: [AxisIndex { terms: [AxisTer
LEAF	kv_cache.27.k_second	Float32	[Symbolic(1), Static(2), Static(32)]	gguf=-	bound=-	ew:Multiply:Affine(IndexPattern { iter_rank: 5, axes: [AxisIndex { terms: [AxisTer
LEAF	kv_cache.27.k_pass	Float32	[Symbolic(1), Static(2), Static(192)]	gguf=-	bound=-	ew:Multiply:Affine(IndexPattern { iter_rank: 5, axes: [AxisIndex { terms: [AxisTer
LEAF	kv_cache.27.v	Float32	[Symbolic(1), Static(2), Static(256)]	gguf=-	bound=-	ew:Multiply:Affine(IndexPattern { iter_rank: 5, axes: [AxisIndex { terms: [AxisTer
LEAF	blk.27.ffn_gate_exps.weight	Float32	[Static(256), Static(2048), Static(512)]	gguf=[2048, 512, 256]/Q4_K	bound=packed	ew:Multiply:Computed { indices: NodeId(10290), index_map: IndexPattern { iter_rank | ew:Multiply:Computed { indices: NodeId(10310), index_map: IndexPattern { iter_rank | ew:Multiply:Computed { indices: NodeId(10332), index_map: IndexPattern { iter_rank | ew:Multiply:Computed { indices: NodeId(10354), index_map: IndexPattern { iter_rank | ew:Multiply:Computed { indices: NodeId(10376), index_map: IndexPattern { iter_rank | ew:Multiply:Computed { indices: NodeId(10398), index_map: IndexPattern { iter_rank | ew:Multiply:Computed { indices: NodeId(10420), index_map: IndexPattern { iter_rank | ew:Multiply:Computed { indices: NodeId(10442), index_map: IndexPattern { iter_rank
LEAF	blk.27.ffn_up_exps.weight	Float32	[Static(256), Static(2048), Static(512)]	gguf=[2048, 512, 256]/Q4_K	bound=packed	ew:Multiply:Computed { indices: NodeId(10290), index_map: IndexPattern { iter_rank | ew:Multiply:Computed { indices: NodeId(10310), index_map: IndexPattern { iter_rank | ew:Multiply:Computed { indices: NodeId(10332), index_map: IndexPattern { iter_rank | ew:Multiply:Computed { indices: NodeId(10354), index_map: IndexPattern { iter_rank | ew:Multiply:Computed { indices: NodeId(10376), index_map: IndexPattern { iter_rank | ew:Multiply:Computed { indices: NodeId(10398), index_map: IndexPattern { iter_rank | ew:Multiply:Computed { indices: NodeId(10420), index_map: IndexPattern { iter_rank | ew:Multiply:Computed { indices: NodeId(10442), index_map: IndexPattern { iter_rank
LEAF	blk.27.ffn_down_exps.weight	Float32	[Static(256), Static(512), Static(2048)]	gguf=[512, 2048, 256]/Q6_K	bound=packed	ew:Multiply:Computed { indices: NodeId(10290), index_map: IndexPattern { iter_rank | ew:Multiply:Computed { indices: NodeId(10310), index_map: IndexPattern { iter_rank | ew:Multiply:Computed { indices: NodeId(10332), index_map: IndexPattern { iter_rank | ew:Multiply:Computed { indices: NodeId(10354), index_map: IndexPattern { iter_rank | ew:Multiply:Computed { indices: NodeId(10376), index_map: IndexPattern { iter_rank | ew:Multiply:Computed { indices: NodeId(10398), index_map: IndexPattern { iter_rank | ew:Multiply:Computed { indices: NodeId(10420), index_map: IndexPattern { iter_rank | ew:Multiply:Computed { indices: NodeId(10442), index_map: IndexPattern { iter_rank
LEAF	blk.27.ffn_gate_inp_shexp.weight	Float32	[Static(2048)]	gguf=[2048, 1]/F16	bound=owned	ew:Multiply:Affine(IndexPattern { iter_rank: 2, axes: [AxisIndex { terms: [AxisTer
LEAF	blk.27.ffn_gate_shexp.weight	Float32	[Static(2048), Static(512)]	gguf=[2048, 512]/Q4_K	bound=packed	ew:Multiply:Affine(IndexPattern { iter_rank: 3, axes: [AxisIndex { terms: [AxisTer
LEAF	blk.27.ffn_up_shexp.weight	Float32	[Static(2048), Static(512)]	gguf=[2048, 512]/Q4_K	bound=packed	ew:Multiply:Affine(IndexPattern { iter_rank: 3, axes: [AxisIndex { terms: [AxisTer
LEAF	blk.27.ffn_down_shexp.weight	Float32	[Static(512), Static(2048)]	gguf=[512, 2048]/Q6_K	bound=packed	ew:Multiply:Affine(IndexPattern { iter_rank: 3, axes: [AxisIndex { terms: [AxisTer
LEAF	blk.28.attn_norm.weight	Float32	[Static(2048)]	gguf=[2048]/F32	bound=packed	ew:Multiply:Affine(IndexPattern { iter_rank: 2, axes: [AxisIndex { terms: [AxisTer
LEAF	blk.28.post_attention_norm.weight	Float32	[Static(2048)]	gguf=[2048]/F32	bound=packed	ew:Multiply:Affine(IndexPattern { iter_rank: 2, axes: [AxisIndex { terms: [AxisTer
LEAF	blk.28.ffn_gate_inp.weight	Float32	[Static(2048), Static(256)]	gguf=[2048, 256]/F32	bound=owned	ew:Multiply:Affine(IndexPattern { iter_rank: 3, axes: [AxisIndex { terms: [AxisTer
LEAF	blk.28.attn_qkv.weight	Float32	[Static(2048), Static(8192)]	gguf=[2048, 8192]/Q4_K	bound=packed	ew:Multiply:Affine(IndexPattern { iter_rank: 3, axes: [AxisIndex { terms: [AxisTer
LEAF	blk.28.attn_gate.weight	Float32	[Static(2048), Static(4096)]	gguf=[2048, 4096]/Q4_K	bound=packed	ew:Multiply:Affine(IndexPattern { iter_rank: 3, axes: [AxisIndex { terms: [AxisTer
LEAF	blk.28.ssm_conv1d.weight	Float32	[Static(8192), Static(4)]	gguf=[4, 8192]/F32	bound=packed	ew:Identity:Affine(IndexPattern { iter_rank: 2, axes: [AxisIndex { terms: [AxisTer | ew:Multiply:Affine(IndexPattern { iter_rank: 3, axes: [AxisIndex { terms: [AxisTer
LEAF	ssm_cache.28.conv_history	Float32	[Static(3), Static(8192)]	gguf=-	bound=-	ew:Multiply:Affine(IndexPattern { iter_rank: 2, axes: [AxisIndex { terms: [AxisTer
LEAF	blk.28.ssm_beta.weight	Float32	[Static(2048), Static(32)]	gguf=[2048, 32]/Q4_K	bound=owned	ew:Multiply:Affine(IndexPattern { iter_rank: 3, axes: [AxisIndex { terms: [AxisTer
LEAF	blk.28.ssm_alpha.weight	Float32	[Static(2048), Static(32)]	gguf=[2048, 32]/Q4_K	bound=owned	ew:Multiply:Affine(IndexPattern { iter_rank: 3, axes: [AxisIndex { terms: [AxisTer
LEAF	blk.28.ssm_dt	Float32	[Static(32)]	gguf=[32]/F32	bound=packed	ew:Add:Affine(IndexPattern { iter_rank: 2, axes: [AxisIndex { terms: [AxisTer
LEAF	blk.28.ssm_a	Float32	[Static(32)]	gguf=[32]/F32	bound=packed	ew:Multiply:Affine(IndexPattern { iter_rank: 2, axes: [AxisIndex { terms: [AxisTer
LEAF	blk.28.ssm_norm.weight	Float32	[Static(128)]	gguf=[128]/F32	bound=packed	ew:Multiply:Affine(IndexPattern { iter_rank: 3, axes: [AxisIndex { terms: [AxisTer
LEAF	blk.28.ssm_out.weight	Float32	[Static(4096), Static(2048)]	gguf=[4096, 2048]/Q4_K	bound=packed	ew:Multiply:Affine(IndexPattern { iter_rank: 4, axes: [AxisIndex { terms: [AxisTer
LEAF	ssm_cache.28.state	Float32	[Static(128), Static(128), Static(16), Static(2)]	gguf=-	bound=-	ew:Multiply:Affine(IndexPattern { iter_rank: 4, axes: [AxisIndex { terms: [AxisTer
LEAF	blk.28.ffn_gate_exps.weight	Float32	[Static(256), Static(2048), Static(512)]	gguf=[2048, 512, 256]/Q4_K	bound=packed	ew:Multiply:Computed { indices: NodeId(10668), index_map: IndexPattern { iter_rank | ew:Multiply:Computed { indices: NodeId(10688), index_map: IndexPattern { iter_rank | ew:Multiply:Computed { indices: NodeId(10710), index_map: IndexPattern { iter_rank | ew:Multiply:Computed { indices: NodeId(10732), index_map: IndexPattern { iter_rank | ew:Multiply:Computed { indices: NodeId(10754), index_map: IndexPattern { iter_rank | ew:Multiply:Computed { indices: NodeId(10776), index_map: IndexPattern { iter_rank | ew:Multiply:Computed { indices: NodeId(10798), index_map: IndexPattern { iter_rank | ew:Multiply:Computed { indices: NodeId(10820), index_map: IndexPattern { iter_rank
LEAF	blk.28.ffn_up_exps.weight	Float32	[Static(256), Static(2048), Static(512)]	gguf=[2048, 512, 256]/Q4_K	bound=packed	ew:Multiply:Computed { indices: NodeId(10668), index_map: IndexPattern { iter_rank | ew:Multiply:Computed { indices: NodeId(10688), index_map: IndexPattern { iter_rank | ew:Multiply:Computed { indices: NodeId(10710), index_map: IndexPattern { iter_rank | ew:Multiply:Computed { indices: NodeId(10732), index_map: IndexPattern { iter_rank | ew:Multiply:Computed { indices: NodeId(10754), index_map: IndexPattern { iter_rank | ew:Multiply:Computed { indices: NodeId(10776), index_map: IndexPattern { iter_rank | ew:Multiply:Computed { indices: NodeId(10798), index_map: IndexPattern { iter_rank | ew:Multiply:Computed { indices: NodeId(10820), index_map: IndexPattern { iter_rank
LEAF	blk.28.ffn_down_exps.weight	Float32	[Static(256), Static(512), Static(2048)]	gguf=[512, 2048, 256]/Q6_K	bound=packed	ew:Multiply:Computed { indices: NodeId(10668), index_map: IndexPattern { iter_rank | ew:Multiply:Computed { indices: NodeId(10688), index_map: IndexPattern { iter_rank | ew:Multiply:Computed { indices: NodeId(10710), index_map: IndexPattern { iter_rank | ew:Multiply:Computed { indices: NodeId(10732), index_map: IndexPattern { iter_rank | ew:Multiply:Computed { indices: NodeId(10754), index_map: IndexPattern { iter_rank | ew:Multiply:Computed { indices: NodeId(10776), index_map: IndexPattern { iter_rank | ew:Multiply:Computed { indices: NodeId(10798), index_map: IndexPattern { iter_rank | ew:Multiply:Computed { indices: NodeId(10820), index_map: IndexPattern { iter_rank
LEAF	blk.28.ffn_gate_inp_shexp.weight	Float32	[Static(2048)]	gguf=[2048, 1]/F16	bound=owned	ew:Multiply:Affine(IndexPattern { iter_rank: 2, axes: [AxisIndex { terms: [AxisTer
LEAF	blk.28.ffn_gate_shexp.weight	Float32	[Static(2048), Static(512)]	gguf=[2048, 512]/Q4_K	bound=packed	ew:Multiply:Affine(IndexPattern { iter_rank: 3, axes: [AxisIndex { terms: [AxisTer
LEAF	blk.28.ffn_up_shexp.weight	Float32	[Static(2048), Static(512)]	gguf=[2048, 512]/Q4_K	bound=packed	ew:Multiply:Affine(IndexPattern { iter_rank: 3, axes: [AxisIndex { terms: [AxisTer
LEAF	blk.28.ffn_down_shexp.weight	Float32	[Static(512), Static(2048)]	gguf=[512, 2048]/Q6_K	bound=packed	ew:Multiply:Affine(IndexPattern { iter_rank: 3, axes: [AxisIndex { terms: [AxisTer
LEAF	blk.29.attn_norm.weight	Float32	[Static(2048)]	gguf=[2048]/F32	bound=packed	ew:Multiply:Affine(IndexPattern { iter_rank: 2, axes: [AxisIndex { terms: [AxisTer
LEAF	blk.29.post_attention_norm.weight	Float32	[Static(2048)]	gguf=[2048]/F32	bound=packed	ew:Multiply:Affine(IndexPattern { iter_rank: 2, axes: [AxisIndex { terms: [AxisTer
LEAF	blk.29.ffn_gate_inp.weight	Float32	[Static(2048), Static(256)]	gguf=[2048, 256]/F32	bound=owned	ew:Multiply:Affine(IndexPattern { iter_rank: 3, axes: [AxisIndex { terms: [AxisTer
LEAF	blk.29.attn_qkv.weight	Float32	[Static(2048), Static(8192)]	gguf=[2048, 8192]/Q4_K	bound=packed	ew:Multiply:Affine(IndexPattern { iter_rank: 3, axes: [AxisIndex { terms: [AxisTer
LEAF	blk.29.attn_gate.weight	Float32	[Static(2048), Static(4096)]	gguf=[2048, 4096]/Q4_K	bound=packed	ew:Multiply:Affine(IndexPattern { iter_rank: 3, axes: [AxisIndex { terms: [AxisTer
LEAF	blk.29.ssm_conv1d.weight	Float32	[Static(8192), Static(4)]	gguf=[4, 8192]/F32	bound=packed	ew:Identity:Affine(IndexPattern { iter_rank: 2, axes: [AxisIndex { terms: [AxisTer | ew:Multiply:Affine(IndexPattern { iter_rank: 3, axes: [AxisIndex { terms: [AxisTer
LEAF	ssm_cache.29.conv_history	Float32	[Static(3), Static(8192)]	gguf=-	bound=-	ew:Multiply:Affine(IndexPattern { iter_rank: 2, axes: [AxisIndex { terms: [AxisTer
LEAF	blk.29.ssm_beta.weight	Float32	[Static(2048), Static(32)]	gguf=[2048, 32]/Q4_K	bound=owned	ew:Multiply:Affine(IndexPattern { iter_rank: 3, axes: [AxisIndex { terms: [AxisTer
LEAF	blk.29.ssm_alpha.weight	Float32	[Static(2048), Static(32)]	gguf=[2048, 32]/Q4_K	bound=owned	ew:Multiply:Affine(IndexPattern { iter_rank: 3, axes: [AxisIndex { terms: [AxisTer
LEAF	blk.29.ssm_dt	Float32	[Static(32)]	gguf=[32]/F32	bound=packed	ew:Add:Affine(IndexPattern { iter_rank: 2, axes: [AxisIndex { terms: [AxisTer
LEAF	blk.29.ssm_a	Float32	[Static(32)]	gguf=[32]/F32	bound=packed	ew:Multiply:Affine(IndexPattern { iter_rank: 2, axes: [AxisIndex { terms: [AxisTer
LEAF	blk.29.ssm_norm.weight	Float32	[Static(128)]	gguf=[128]/F32	bound=packed	ew:Multiply:Affine(IndexPattern { iter_rank: 3, axes: [AxisIndex { terms: [AxisTer
LEAF	blk.29.ssm_out.weight	Float32	[Static(4096), Static(2048)]	gguf=[4096, 2048]/Q4_K	bound=packed	ew:Multiply:Affine(IndexPattern { iter_rank: 4, axes: [AxisIndex { terms: [AxisTer
LEAF	ssm_cache.29.state	Float32	[Static(128), Static(128), Static(16), Static(2)]	gguf=-	bound=-	ew:Multiply:Affine(IndexPattern { iter_rank: 4, axes: [AxisIndex { terms: [AxisTer
LEAF	blk.29.ffn_gate_exps.weight	Float32	[Static(256), Static(2048), Static(512)]	gguf=[2048, 512, 256]/Q4_K	bound=packed	ew:Multiply:Computed { indices: NodeId(11046), index_map: IndexPattern { iter_rank | ew:Multiply:Computed { indices: NodeId(11066), index_map: IndexPattern { iter_rank | ew:Multiply:Computed { indices: NodeId(11088), index_map: IndexPattern { iter_rank | ew:Multiply:Computed { indices: NodeId(11110), index_map: IndexPattern { iter_rank | ew:Multiply:Computed { indices: NodeId(11132), index_map: IndexPattern { iter_rank | ew:Multiply:Computed { indices: NodeId(11154), index_map: IndexPattern { iter_rank | ew:Multiply:Computed { indices: NodeId(11176), index_map: IndexPattern { iter_rank | ew:Multiply:Computed { indices: NodeId(11198), index_map: IndexPattern { iter_rank
LEAF	blk.29.ffn_up_exps.weight	Float32	[Static(256), Static(2048), Static(512)]	gguf=[2048, 512, 256]/Q4_K	bound=packed	ew:Multiply:Computed { indices: NodeId(11046), index_map: IndexPattern { iter_rank | ew:Multiply:Computed { indices: NodeId(11066), index_map: IndexPattern { iter_rank | ew:Multiply:Computed { indices: NodeId(11088), index_map: IndexPattern { iter_rank | ew:Multiply:Computed { indices: NodeId(11110), index_map: IndexPattern { iter_rank | ew:Multiply:Computed { indices: NodeId(11132), index_map: IndexPattern { iter_rank | ew:Multiply:Computed { indices: NodeId(11154), index_map: IndexPattern { iter_rank | ew:Multiply:Computed { indices: NodeId(11176), index_map: IndexPattern { iter_rank | ew:Multiply:Computed { indices: NodeId(11198), index_map: IndexPattern { iter_rank
LEAF	blk.29.ffn_down_exps.weight	Float32	[Static(256), Static(512), Static(2048)]	gguf=[512, 2048, 256]/Q6_K	bound=packed	ew:Multiply:Computed { indices: NodeId(11046), index_map: IndexPattern { iter_rank | ew:Multiply:Computed { indices: NodeId(11066), index_map: IndexPattern { iter_rank | ew:Multiply:Computed { indices: NodeId(11088), index_map: IndexPattern { iter_rank | ew:Multiply:Computed { indices: NodeId(11110), index_map: IndexPattern { iter_rank | ew:Multiply:Computed { indices: NodeId(11132), index_map: IndexPattern { iter_rank | ew:Multiply:Computed { indices: NodeId(11154), index_map: IndexPattern { iter_rank | ew:Multiply:Computed { indices: NodeId(11176), index_map: IndexPattern { iter_rank | ew:Multiply:Computed { indices: NodeId(11198), index_map: IndexPattern { iter_rank
LEAF	blk.29.ffn_gate_inp_shexp.weight	Float32	[Static(2048)]	gguf=[2048, 1]/F16	bound=owned	ew:Multiply:Affine(IndexPattern { iter_rank: 2, axes: [AxisIndex { terms: [AxisTer
LEAF	blk.29.ffn_gate_shexp.weight	Float32	[Static(2048), Static(512)]	gguf=[2048, 512]/Q4_K	bound=packed	ew:Multiply:Affine(IndexPattern { iter_rank: 3, axes: [AxisIndex { terms: [AxisTer
LEAF	blk.29.ffn_up_shexp.weight	Float32	[Static(2048), Static(512)]	gguf=[2048, 512]/Q4_K	bound=packed	ew:Multiply:Affine(IndexPattern { iter_rank: 3, axes: [AxisIndex { terms: [AxisTer
LEAF	blk.29.ffn_down_shexp.weight	Float32	[Static(512), Static(2048)]	gguf=[512, 2048]/Q6_K	bound=packed	ew:Multiply:Affine(IndexPattern { iter_rank: 3, axes: [AxisIndex { terms: [AxisTer
LEAF	blk.30.attn_norm.weight	Float32	[Static(2048)]	gguf=[2048]/F32	bound=packed	ew:Multiply:Affine(IndexPattern { iter_rank: 2, axes: [AxisIndex { terms: [AxisTer
LEAF	blk.30.post_attention_norm.weight	Float32	[Static(2048)]	gguf=[2048]/F32	bound=packed	ew:Multiply:Affine(IndexPattern { iter_rank: 2, axes: [AxisIndex { terms: [AxisTer
LEAF	blk.30.ffn_gate_inp.weight	Float32	[Static(2048), Static(256)]	gguf=[2048, 256]/F32	bound=owned	ew:Multiply:Affine(IndexPattern { iter_rank: 3, axes: [AxisIndex { terms: [AxisTer
LEAF	blk.30.attn_qkv.weight	Float32	[Static(2048), Static(8192)]	gguf=[2048, 8192]/Q4_K	bound=packed	ew:Multiply:Affine(IndexPattern { iter_rank: 3, axes: [AxisIndex { terms: [AxisTer
LEAF	blk.30.attn_gate.weight	Float32	[Static(2048), Static(4096)]	gguf=[2048, 4096]/Q4_K	bound=packed	ew:Multiply:Affine(IndexPattern { iter_rank: 3, axes: [AxisIndex { terms: [AxisTer
LEAF	blk.30.ssm_conv1d.weight	Float32	[Static(8192), Static(4)]	gguf=[4, 8192]/F32	bound=packed	ew:Identity:Affine(IndexPattern { iter_rank: 2, axes: [AxisIndex { terms: [AxisTer | ew:Multiply:Affine(IndexPattern { iter_rank: 3, axes: [AxisIndex { terms: [AxisTer
LEAF	ssm_cache.30.conv_history	Float32	[Static(3), Static(8192)]	gguf=-	bound=-	ew:Multiply:Affine(IndexPattern { iter_rank: 2, axes: [AxisIndex { terms: [AxisTer
LEAF	blk.30.ssm_beta.weight	Float32	[Static(2048), Static(32)]	gguf=[2048, 32]/Q4_K	bound=owned	ew:Multiply:Affine(IndexPattern { iter_rank: 3, axes: [AxisIndex { terms: [AxisTer
LEAF	blk.30.ssm_alpha.weight	Float32	[Static(2048), Static(32)]	gguf=[2048, 32]/Q4_K	bound=owned	ew:Multiply:Affine(IndexPattern { iter_rank: 3, axes: [AxisIndex { terms: [AxisTer
LEAF	blk.30.ssm_dt	Float32	[Static(32)]	gguf=[32]/F32	bound=packed	ew:Add:Affine(IndexPattern { iter_rank: 2, axes: [AxisIndex { terms: [AxisTer
LEAF	blk.30.ssm_a	Float32	[Static(32)]	gguf=[32]/F32	bound=packed	ew:Multiply:Affine(IndexPattern { iter_rank: 2, axes: [AxisIndex { terms: [AxisTer
LEAF	blk.30.ssm_norm.weight	Float32	[Static(128)]	gguf=[128]/F32	bound=packed	ew:Multiply:Affine(IndexPattern { iter_rank: 3, axes: [AxisIndex { terms: [AxisTer
LEAF	blk.30.ssm_out.weight	Float32	[Static(4096), Static(2048)]	gguf=[4096, 2048]/Q4_K	bound=packed	ew:Multiply:Affine(IndexPattern { iter_rank: 4, axes: [AxisIndex { terms: [AxisTer
LEAF	ssm_cache.30.state	Float32	[Static(128), Static(128), Static(16), Static(2)]	gguf=-	bound=-	ew:Multiply:Affine(IndexPattern { iter_rank: 4, axes: [AxisIndex { terms: [AxisTer
LEAF	blk.30.ffn_gate_exps.weight	Float32	[Static(256), Static(2048), Static(512)]	gguf=[2048, 512, 256]/Q4_K	bound=packed	ew:Multiply:Computed { indices: NodeId(11424), index_map: IndexPattern { iter_rank | ew:Multiply:Computed { indices: NodeId(11444), index_map: IndexPattern { iter_rank | ew:Multiply:Computed { indices: NodeId(11466), index_map: IndexPattern { iter_rank | ew:Multiply:Computed { indices: NodeId(11488), index_map: IndexPattern { iter_rank | ew:Multiply:Computed { indices: NodeId(11510), index_map: IndexPattern { iter_rank | ew:Multiply:Computed { indices: NodeId(11532), index_map: IndexPattern { iter_rank | ew:Multiply:Computed { indices: NodeId(11554), index_map: IndexPattern { iter_rank | ew:Multiply:Computed { indices: NodeId(11576), index_map: IndexPattern { iter_rank
LEAF	blk.30.ffn_up_exps.weight	Float32	[Static(256), Static(2048), Static(512)]	gguf=[2048, 512, 256]/Q4_K	bound=packed	ew:Multiply:Computed { indices: NodeId(11424), index_map: IndexPattern { iter_rank | ew:Multiply:Computed { indices: NodeId(11444), index_map: IndexPattern { iter_rank | ew:Multiply:Computed { indices: NodeId(11466), index_map: IndexPattern { iter_rank | ew:Multiply:Computed { indices: NodeId(11488), index_map: IndexPattern { iter_rank | ew:Multiply:Computed { indices: NodeId(11510), index_map: IndexPattern { iter_rank | ew:Multiply:Computed { indices: NodeId(11532), index_map: IndexPattern { iter_rank | ew:Multiply:Computed { indices: NodeId(11554), index_map: IndexPattern { iter_rank | ew:Multiply:Computed { indices: NodeId(11576), index_map: IndexPattern { iter_rank
LEAF	blk.30.ffn_down_exps.weight	Float32	[Static(256), Static(512), Static(2048)]	gguf=[512, 2048, 256]/Q6_K	bound=packed	ew:Multiply:Computed { indices: NodeId(11424), index_map: IndexPattern { iter_rank | ew:Multiply:Computed { indices: NodeId(11444), index_map: IndexPattern { iter_rank | ew:Multiply:Computed { indices: NodeId(11466), index_map: IndexPattern { iter_rank | ew:Multiply:Computed { indices: NodeId(11488), index_map: IndexPattern { iter_rank | ew:Multiply:Computed { indices: NodeId(11510), index_map: IndexPattern { iter_rank | ew:Multiply:Computed { indices: NodeId(11532), index_map: IndexPattern { iter_rank | ew:Multiply:Computed { indices: NodeId(11554), index_map: IndexPattern { iter_rank | ew:Multiply:Computed { indices: NodeId(11576), index_map: IndexPattern { iter_rank
LEAF	blk.30.ffn_gate_inp_shexp.weight	Float32	[Static(2048)]	gguf=[2048, 1]/F16	bound=owned	ew:Multiply:Affine(IndexPattern { iter_rank: 2, axes: [AxisIndex { terms: [AxisTer
LEAF	blk.30.ffn_gate_shexp.weight	Float32	[Static(2048), Static(512)]	gguf=[2048, 512]/Q4_K	bound=packed	ew:Multiply:Affine(IndexPattern { iter_rank: 3, axes: [AxisIndex { terms: [AxisTer
LEAF	blk.30.ffn_up_shexp.weight	Float32	[Static(2048), Static(512)]	gguf=[2048, 512]/Q4_K	bound=packed	ew:Multiply:Affine(IndexPattern { iter_rank: 3, axes: [AxisIndex { terms: [AxisTer
LEAF	blk.30.ffn_down_shexp.weight	Float32	[Static(512), Static(2048)]	gguf=[512, 2048]/Q6_K	bound=packed	ew:Multiply:Affine(IndexPattern { iter_rank: 3, axes: [AxisIndex { terms: [AxisTer
LEAF	blk.31.attn_norm.weight	Float32	[Static(2048)]	gguf=[2048]/F32	bound=packed	ew:Multiply:Affine(IndexPattern { iter_rank: 2, axes: [AxisIndex { terms: [AxisTer
LEAF	blk.31.post_attention_norm.weight	Float32	[Static(2048)]	gguf=[2048]/F32	bound=packed	ew:Multiply:Affine(IndexPattern { iter_rank: 2, axes: [AxisIndex { terms: [AxisTer
LEAF	blk.31.ffn_gate_inp.weight	Float32	[Static(2048), Static(256)]	gguf=[2048, 256]/F32	bound=owned	ew:Multiply:Affine(IndexPattern { iter_rank: 3, axes: [AxisIndex { terms: [AxisTer
LEAF	blk.31.attn_q.weight	Float32	[Static(2048), Static(8192)]	gguf=[2048, 8192]/Q4_K	bound=packed	ew:Multiply:Affine(IndexPattern { iter_rank: 3, axes: [AxisIndex { terms: [AxisTer
LEAF	blk.31.attn_k.weight	Float32	[Static(2048), Static(512)]	gguf=[2048, 512]/Q4_K	bound=packed	ew:Multiply:Affine(IndexPattern { iter_rank: 3, axes: [AxisIndex { terms: [AxisTer
LEAF	blk.31.attn_v.weight	Float32	[Static(2048), Static(512)]	gguf=[2048, 512]/Q6_K	bound=packed	ew:Multiply:Affine(IndexPattern { iter_rank: 3, axes: [AxisIndex { terms: [AxisTer
LEAF	blk.31.attn_output.weight	Float32	[Static(4096), Static(2048)]	gguf=[4096, 2048]/Q4_K	bound=packed	ew:Multiply:Affine(IndexPattern { iter_rank: 4, axes: [AxisIndex { terms: [AxisTer
LEAF	blk.31.attn_q_norm.weight	Float32	[Static(256)]	gguf=[256]/F32	bound=packed	ew:Multiply:Affine(IndexPattern { iter_rank: 3, axes: [AxisIndex { terms: [AxisTer
LEAF	blk.31.attn_k_norm.weight	Float32	[Static(256)]	gguf=[256]/F32	bound=packed	ew:Multiply:Affine(IndexPattern { iter_rank: 3, axes: [AxisIndex { terms: [AxisTer
LEAF	kv_cache.31.k_first	Float32	[Symbolic(1), Static(2), Static(32)]	gguf=-	bound=-	ew:Multiply:Affine(IndexPattern { iter_rank: 5, axes: [AxisIndex { terms: [AxisTer
LEAF	kv_cache.31.k_second	Float32	[Symbolic(1), Static(2), Static(32)]	gguf=-	bound=-	ew:Multiply:Affine(IndexPattern { iter_rank: 5, axes: [AxisIndex { terms: [AxisTer
LEAF	kv_cache.31.k_pass	Float32	[Symbolic(1), Static(2), Static(192)]	gguf=-	bound=-	ew:Multiply:Affine(IndexPattern { iter_rank: 5, axes: [AxisIndex { terms: [AxisTer
LEAF	kv_cache.31.v	Float32	[Symbolic(1), Static(2), Static(256)]	gguf=-	bound=-	ew:Multiply:Affine(IndexPattern { iter_rank: 5, axes: [AxisIndex { terms: [AxisTer
LEAF	blk.31.ffn_gate_exps.weight	Float32	[Static(256), Static(2048), Static(512)]	gguf=[2048, 512, 256]/Q4_K	bound=packed	ew:Multiply:Computed { indices: NodeId(11785), index_map: IndexPattern { iter_rank | ew:Multiply:Computed { indices: NodeId(11805), index_map: IndexPattern { iter_rank | ew:Multiply:Computed { indices: NodeId(11827), index_map: IndexPattern { iter_rank | ew:Multiply:Computed { indices: NodeId(11849), index_map: IndexPattern { iter_rank | ew:Multiply:Computed { indices: NodeId(11871), index_map: IndexPattern { iter_rank | ew:Multiply:Computed { indices: NodeId(11893), index_map: IndexPattern { iter_rank | ew:Multiply:Computed { indices: NodeId(11915), index_map: IndexPattern { iter_rank | ew:Multiply:Computed { indices: NodeId(11937), index_map: IndexPattern { iter_rank
LEAF	blk.31.ffn_up_exps.weight	Float32	[Static(256), Static(2048), Static(512)]	gguf=[2048, 512, 256]/Q4_K	bound=packed	ew:Multiply:Computed { indices: NodeId(11785), index_map: IndexPattern { iter_rank | ew:Multiply:Computed { indices: NodeId(11805), index_map: IndexPattern { iter_rank | ew:Multiply:Computed { indices: NodeId(11827), index_map: IndexPattern { iter_rank | ew:Multiply:Computed { indices: NodeId(11849), index_map: IndexPattern { iter_rank | ew:Multiply:Computed { indices: NodeId(11871), index_map: IndexPattern { iter_rank | ew:Multiply:Computed { indices: NodeId(11893), index_map: IndexPattern { iter_rank | ew:Multiply:Computed { indices: NodeId(11915), index_map: IndexPattern { iter_rank | ew:Multiply:Computed { indices: NodeId(11937), index_map: IndexPattern { iter_rank
LEAF	blk.31.ffn_down_exps.weight	Float32	[Static(256), Static(512), Static(2048)]	gguf=[512, 2048, 256]/Q6_K	bound=packed	ew:Multiply:Computed { indices: NodeId(11785), index_map: IndexPattern { iter_rank | ew:Multiply:Computed { indices: NodeId(11805), index_map: IndexPattern { iter_rank | ew:Multiply:Computed { indices: NodeId(11827), index_map: IndexPattern { iter_rank | ew:Multiply:Computed { indices: NodeId(11849), index_map: IndexPattern { iter_rank | ew:Multiply:Computed { indices: NodeId(11871), index_map: IndexPattern { iter_rank | ew:Multiply:Computed { indices: NodeId(11893), index_map: IndexPattern { iter_rank | ew:Multiply:Computed { indices: NodeId(11915), index_map: IndexPattern { iter_rank | ew:Multiply:Computed { indices: NodeId(11937), index_map: IndexPattern { iter_rank
LEAF	blk.31.ffn_gate_inp_shexp.weight	Float32	[Static(2048)]	gguf=[2048, 1]/F16	bound=owned	ew:Multiply:Affine(IndexPattern { iter_rank: 2, axes: [AxisIndex { terms: [AxisTer
LEAF	blk.31.ffn_gate_shexp.weight	Float32	[Static(2048), Static(512)]	gguf=[2048, 512]/Q4_K	bound=packed	ew:Multiply:Affine(IndexPattern { iter_rank: 3, axes: [AxisIndex { terms: [AxisTer
LEAF	blk.31.ffn_up_shexp.weight	Float32	[Static(2048), Static(512)]	gguf=[2048, 512]/Q4_K	bound=packed	ew:Multiply:Affine(IndexPattern { iter_rank: 3, axes: [AxisIndex { terms: [AxisTer
LEAF	blk.31.ffn_down_shexp.weight	Float32	[Static(512), Static(2048)]	gguf=[512, 2048]/Q6_K	bound=packed	ew:Multiply:Affine(IndexPattern { iter_rank: 3, axes: [AxisIndex { terms: [AxisTer
LEAF	blk.32.attn_norm.weight	Float32	[Static(2048)]	gguf=[2048]/F32	bound=packed	ew:Multiply:Affine(IndexPattern { iter_rank: 2, axes: [AxisIndex { terms: [AxisTer
LEAF	blk.32.post_attention_norm.weight	Float32	[Static(2048)]	gguf=[2048]/F32	bound=packed	ew:Multiply:Affine(IndexPattern { iter_rank: 2, axes: [AxisIndex { terms: [AxisTer
LEAF	blk.32.ffn_gate_inp.weight	Float32	[Static(2048), Static(256)]	gguf=[2048, 256]/F32	bound=owned	ew:Multiply:Affine(IndexPattern { iter_rank: 3, axes: [AxisIndex { terms: [AxisTer
LEAF	blk.32.attn_qkv.weight	Float32	[Static(2048), Static(8192)]	gguf=[2048, 8192]/Q4_K	bound=packed	ew:Multiply:Affine(IndexPattern { iter_rank: 3, axes: [AxisIndex { terms: [AxisTer
LEAF	blk.32.attn_gate.weight	Float32	[Static(2048), Static(4096)]	gguf=[2048, 4096]/Q4_K	bound=packed	ew:Multiply:Affine(IndexPattern { iter_rank: 3, axes: [AxisIndex { terms: [AxisTer
LEAF	blk.32.ssm_conv1d.weight	Float32	[Static(8192), Static(4)]	gguf=[4, 8192]/F32	bound=packed	ew:Identity:Affine(IndexPattern { iter_rank: 2, axes: [AxisIndex { terms: [AxisTer | ew:Multiply:Affine(IndexPattern { iter_rank: 3, axes: [AxisIndex { terms: [AxisTer
LEAF	ssm_cache.32.conv_history	Float32	[Static(3), Static(8192)]	gguf=-	bound=-	ew:Multiply:Affine(IndexPattern { iter_rank: 2, axes: [AxisIndex { terms: [AxisTer
LEAF	blk.32.ssm_beta.weight	Float32	[Static(2048), Static(32)]	gguf=[2048, 32]/Q4_K	bound=owned	ew:Multiply:Affine(IndexPattern { iter_rank: 3, axes: [AxisIndex { terms: [AxisTer
LEAF	blk.32.ssm_alpha.weight	Float32	[Static(2048), Static(32)]	gguf=[2048, 32]/Q4_K	bound=owned	ew:Multiply:Affine(IndexPattern { iter_rank: 3, axes: [AxisIndex { terms: [AxisTer
LEAF	blk.32.ssm_dt	Float32	[Static(32)]	gguf=[32]/F32	bound=packed	ew:Add:Affine(IndexPattern { iter_rank: 2, axes: [AxisIndex { terms: [AxisTer
LEAF	blk.32.ssm_a	Float32	[Static(32)]	gguf=[32]/F32	bound=packed	ew:Multiply:Affine(IndexPattern { iter_rank: 2, axes: [AxisIndex { terms: [AxisTer
LEAF	blk.32.ssm_norm.weight	Float32	[Static(128)]	gguf=[128]/F32	bound=packed	ew:Multiply:Affine(IndexPattern { iter_rank: 3, axes: [AxisIndex { terms: [AxisTer
LEAF	blk.32.ssm_out.weight	Float32	[Static(4096), Static(2048)]	gguf=[4096, 2048]/Q4_K	bound=packed	ew:Multiply:Affine(IndexPattern { iter_rank: 4, axes: [AxisIndex { terms: [AxisTer
LEAF	ssm_cache.32.state	Float32	[Static(128), Static(128), Static(16), Static(2)]	gguf=-	bound=-	ew:Multiply:Affine(IndexPattern { iter_rank: 4, axes: [AxisIndex { terms: [AxisTer
LEAF	blk.32.ffn_gate_exps.weight	Float32	[Static(256), Static(2048), Static(512)]	gguf=[2048, 512, 256]/Q4_K	bound=packed	ew:Multiply:Computed { indices: NodeId(12163), index_map: IndexPattern { iter_rank | ew:Multiply:Computed { indices: NodeId(12183), index_map: IndexPattern { iter_rank | ew:Multiply:Computed { indices: NodeId(12205), index_map: IndexPattern { iter_rank | ew:Multiply:Computed { indices: NodeId(12227), index_map: IndexPattern { iter_rank | ew:Multiply:Computed { indices: NodeId(12249), index_map: IndexPattern { iter_rank | ew:Multiply:Computed { indices: NodeId(12271), index_map: IndexPattern { iter_rank | ew:Multiply:Computed { indices: NodeId(12293), index_map: IndexPattern { iter_rank | ew:Multiply:Computed { indices: NodeId(12315), index_map: IndexPattern { iter_rank
LEAF	blk.32.ffn_up_exps.weight	Float32	[Static(256), Static(2048), Static(512)]	gguf=[2048, 512, 256]/Q4_K	bound=packed	ew:Multiply:Computed { indices: NodeId(12163), index_map: IndexPattern { iter_rank | ew:Multiply:Computed { indices: NodeId(12183), index_map: IndexPattern { iter_rank | ew:Multiply:Computed { indices: NodeId(12205), index_map: IndexPattern { iter_rank | ew:Multiply:Computed { indices: NodeId(12227), index_map: IndexPattern { iter_rank | ew:Multiply:Computed { indices: NodeId(12249), index_map: IndexPattern { iter_rank | ew:Multiply:Computed { indices: NodeId(12271), index_map: IndexPattern { iter_rank | ew:Multiply:Computed { indices: NodeId(12293), index_map: IndexPattern { iter_rank | ew:Multiply:Computed { indices: NodeId(12315), index_map: IndexPattern { iter_rank
LEAF	blk.32.ffn_down_exps.weight	Float32	[Static(256), Static(512), Static(2048)]	gguf=[512, 2048, 256]/Q6_K	bound=packed	ew:Multiply:Computed { indices: NodeId(12163), index_map: IndexPattern { iter_rank | ew:Multiply:Computed { indices: NodeId(12183), index_map: IndexPattern { iter_rank | ew:Multiply:Computed { indices: NodeId(12205), index_map: IndexPattern { iter_rank | ew:Multiply:Computed { indices: NodeId(12227), index_map: IndexPattern { iter_rank | ew:Multiply:Computed { indices: NodeId(12249), index_map: IndexPattern { iter_rank | ew:Multiply:Computed { indices: NodeId(12271), index_map: IndexPattern { iter_rank | ew:Multiply:Computed { indices: NodeId(12293), index_map: IndexPattern { iter_rank | ew:Multiply:Computed { indices: NodeId(12315), index_map: IndexPattern { iter_rank
LEAF	blk.32.ffn_gate_inp_shexp.weight	Float32	[Static(2048)]	gguf=[2048, 1]/F16	bound=owned	ew:Multiply:Affine(IndexPattern { iter_rank: 2, axes: [AxisIndex { terms: [AxisTer
LEAF	blk.32.ffn_gate_shexp.weight	Float32	[Static(2048), Static(512)]	gguf=[2048, 512]/Q4_K	bound=packed	ew:Multiply:Affine(IndexPattern { iter_rank: 3, axes: [AxisIndex { terms: [AxisTer
LEAF	blk.32.ffn_up_shexp.weight	Float32	[Static(2048), Static(512)]	gguf=[2048, 512]/Q4_K	bound=packed	ew:Multiply:Affine(IndexPattern { iter_rank: 3, axes: [AxisIndex { terms: [AxisTer
LEAF	blk.32.ffn_down_shexp.weight	Float32	[Static(512), Static(2048)]	gguf=[512, 2048]/Q6_K	bound=packed	ew:Multiply:Affine(IndexPattern { iter_rank: 3, axes: [AxisIndex { terms: [AxisTer
LEAF	blk.33.attn_norm.weight	Float32	[Static(2048)]	gguf=[2048]/F32	bound=packed	ew:Multiply:Affine(IndexPattern { iter_rank: 2, axes: [AxisIndex { terms: [AxisTer
LEAF	blk.33.post_attention_norm.weight	Float32	[Static(2048)]	gguf=[2048]/F32	bound=packed	ew:Multiply:Affine(IndexPattern { iter_rank: 2, axes: [AxisIndex { terms: [AxisTer
LEAF	blk.33.ffn_gate_inp.weight	Float32	[Static(2048), Static(256)]	gguf=[2048, 256]/F32	bound=owned	ew:Multiply:Affine(IndexPattern { iter_rank: 3, axes: [AxisIndex { terms: [AxisTer
LEAF	blk.33.attn_qkv.weight	Float32	[Static(2048), Static(8192)]	gguf=[2048, 8192]/Q4_K	bound=packed	ew:Multiply:Affine(IndexPattern { iter_rank: 3, axes: [AxisIndex { terms: [AxisTer
LEAF	blk.33.attn_gate.weight	Float32	[Static(2048), Static(4096)]	gguf=[2048, 4096]/Q4_K	bound=packed	ew:Multiply:Affine(IndexPattern { iter_rank: 3, axes: [AxisIndex { terms: [AxisTer
LEAF	blk.33.ssm_conv1d.weight	Float32	[Static(8192), Static(4)]	gguf=[4, 8192]/F32	bound=packed	ew:Identity:Affine(IndexPattern { iter_rank: 2, axes: [AxisIndex { terms: [AxisTer | ew:Multiply:Affine(IndexPattern { iter_rank: 3, axes: [AxisIndex { terms: [AxisTer
LEAF	ssm_cache.33.conv_history	Float32	[Static(3), Static(8192)]	gguf=-	bound=-	ew:Multiply:Affine(IndexPattern { iter_rank: 2, axes: [AxisIndex { terms: [AxisTer
LEAF	blk.33.ssm_beta.weight	Float32	[Static(2048), Static(32)]	gguf=[2048, 32]/Q4_K	bound=owned	ew:Multiply:Affine(IndexPattern { iter_rank: 3, axes: [AxisIndex { terms: [AxisTer
LEAF	blk.33.ssm_alpha.weight	Float32	[Static(2048), Static(32)]	gguf=[2048, 32]/Q4_K	bound=owned	ew:Multiply:Affine(IndexPattern { iter_rank: 3, axes: [AxisIndex { terms: [AxisTer
LEAF	blk.33.ssm_dt	Float32	[Static(32)]	gguf=[32]/F32	bound=packed	ew:Add:Affine(IndexPattern { iter_rank: 2, axes: [AxisIndex { terms: [AxisTer
LEAF	blk.33.ssm_a	Float32	[Static(32)]	gguf=[32]/F32	bound=packed	ew:Multiply:Affine(IndexPattern { iter_rank: 2, axes: [AxisIndex { terms: [AxisTer
LEAF	blk.33.ssm_norm.weight	Float32	[Static(128)]	gguf=[128]/F32	bound=packed	ew:Multiply:Affine(IndexPattern { iter_rank: 3, axes: [AxisIndex { terms: [AxisTer
LEAF	blk.33.ssm_out.weight	Float32	[Static(4096), Static(2048)]	gguf=[4096, 2048]/Q4_K	bound=packed	ew:Multiply:Affine(IndexPattern { iter_rank: 4, axes: [AxisIndex { terms: [AxisTer
LEAF	ssm_cache.33.state	Float32	[Static(128), Static(128), Static(16), Static(2)]	gguf=-	bound=-	ew:Multiply:Affine(IndexPattern { iter_rank: 4, axes: [AxisIndex { terms: [AxisTer
LEAF	blk.33.ffn_gate_exps.weight	Float32	[Static(256), Static(2048), Static(512)]	gguf=[2048, 512, 256]/Q4_K	bound=packed	ew:Multiply:Computed { indices: NodeId(12541), index_map: IndexPattern { iter_rank | ew:Multiply:Computed { indices: NodeId(12561), index_map: IndexPattern { iter_rank | ew:Multiply:Computed { indices: NodeId(12583), index_map: IndexPattern { iter_rank | ew:Multiply:Computed { indices: NodeId(12605), index_map: IndexPattern { iter_rank | ew:Multiply:Computed { indices: NodeId(12627), index_map: IndexPattern { iter_rank | ew:Multiply:Computed { indices: NodeId(12649), index_map: IndexPattern { iter_rank | ew:Multiply:Computed { indices: NodeId(12671), index_map: IndexPattern { iter_rank | ew:Multiply:Computed { indices: NodeId(12693), index_map: IndexPattern { iter_rank
LEAF	blk.33.ffn_up_exps.weight	Float32	[Static(256), Static(2048), Static(512)]	gguf=[2048, 512, 256]/Q4_K	bound=packed	ew:Multiply:Computed { indices: NodeId(12541), index_map: IndexPattern { iter_rank | ew:Multiply:Computed { indices: NodeId(12561), index_map: IndexPattern { iter_rank | ew:Multiply:Computed { indices: NodeId(12583), index_map: IndexPattern { iter_rank | ew:Multiply:Computed { indices: NodeId(12605), index_map: IndexPattern { iter_rank | ew:Multiply:Computed { indices: NodeId(12627), index_map: IndexPattern { iter_rank | ew:Multiply:Computed { indices: NodeId(12649), index_map: IndexPattern { iter_rank | ew:Multiply:Computed { indices: NodeId(12671), index_map: IndexPattern { iter_rank | ew:Multiply:Computed { indices: NodeId(12693), index_map: IndexPattern { iter_rank
LEAF	blk.33.ffn_down_exps.weight	Float32	[Static(256), Static(512), Static(2048)]	gguf=[512, 2048, 256]/Q6_K	bound=packed	ew:Multiply:Computed { indices: NodeId(12541), index_map: IndexPattern { iter_rank | ew:Multiply:Computed { indices: NodeId(12561), index_map: IndexPattern { iter_rank | ew:Multiply:Computed { indices: NodeId(12583), index_map: IndexPattern { iter_rank | ew:Multiply:Computed { indices: NodeId(12605), index_map: IndexPattern { iter_rank | ew:Multiply:Computed { indices: NodeId(12627), index_map: IndexPattern { iter_rank | ew:Multiply:Computed { indices: NodeId(12649), index_map: IndexPattern { iter_rank | ew:Multiply:Computed { indices: NodeId(12671), index_map: IndexPattern { iter_rank | ew:Multiply:Computed { indices: NodeId(12693), index_map: IndexPattern { iter_rank
LEAF	blk.33.ffn_gate_inp_shexp.weight	Float32	[Static(2048)]	gguf=[2048, 1]/F16	bound=owned	ew:Multiply:Affine(IndexPattern { iter_rank: 2, axes: [AxisIndex { terms: [AxisTer
LEAF	blk.33.ffn_gate_shexp.weight	Float32	[Static(2048), Static(512)]	gguf=[2048, 512]/Q4_K	bound=packed	ew:Multiply:Affine(IndexPattern { iter_rank: 3, axes: [AxisIndex { terms: [AxisTer
LEAF	blk.33.ffn_up_shexp.weight	Float32	[Static(2048), Static(512)]	gguf=[2048, 512]/Q4_K	bound=packed	ew:Multiply:Affine(IndexPattern { iter_rank: 3, axes: [AxisIndex { terms: [AxisTer
LEAF	blk.33.ffn_down_shexp.weight	Float32	[Static(512), Static(2048)]	gguf=[512, 2048]/Q6_K	bound=packed	ew:Multiply:Affine(IndexPattern { iter_rank: 3, axes: [AxisIndex { terms: [AxisTer
LEAF	blk.34.attn_norm.weight	Float32	[Static(2048)]	gguf=[2048]/F32	bound=packed	ew:Multiply:Affine(IndexPattern { iter_rank: 2, axes: [AxisIndex { terms: [AxisTer
LEAF	blk.34.post_attention_norm.weight	Float32	[Static(2048)]	gguf=[2048]/F32	bound=packed	ew:Multiply:Affine(IndexPattern { iter_rank: 2, axes: [AxisIndex { terms: [AxisTer
LEAF	blk.34.ffn_gate_inp.weight	Float32	[Static(2048), Static(256)]	gguf=[2048, 256]/F32	bound=owned	ew:Multiply:Affine(IndexPattern { iter_rank: 3, axes: [AxisIndex { terms: [AxisTer
LEAF	blk.34.attn_qkv.weight	Float32	[Static(2048), Static(8192)]	gguf=[2048, 8192]/Q4_K	bound=packed	ew:Multiply:Affine(IndexPattern { iter_rank: 3, axes: [AxisIndex { terms: [AxisTer
LEAF	blk.34.attn_gate.weight	Float32	[Static(2048), Static(4096)]	gguf=[2048, 4096]/Q4_K	bound=packed	ew:Multiply:Affine(IndexPattern { iter_rank: 3, axes: [AxisIndex { terms: [AxisTer
LEAF	blk.34.ssm_conv1d.weight	Float32	[Static(8192), Static(4)]	gguf=[4, 8192]/F32	bound=packed	ew:Identity:Affine(IndexPattern { iter_rank: 2, axes: [AxisIndex { terms: [AxisTer | ew:Multiply:Affine(IndexPattern { iter_rank: 3, axes: [AxisIndex { terms: [AxisTer
LEAF	ssm_cache.34.conv_history	Float32	[Static(3), Static(8192)]	gguf=-	bound=-	ew:Multiply:Affine(IndexPattern { iter_rank: 2, axes: [AxisIndex { terms: [AxisTer
LEAF	blk.34.ssm_beta.weight	Float32	[Static(2048), Static(32)]	gguf=[2048, 32]/Q4_K	bound=owned	ew:Multiply:Affine(IndexPattern { iter_rank: 3, axes: [AxisIndex { terms: [AxisTer
LEAF	blk.34.ssm_alpha.weight	Float32	[Static(2048), Static(32)]	gguf=[2048, 32]/Q4_K	bound=owned	ew:Multiply:Affine(IndexPattern { iter_rank: 3, axes: [AxisIndex { terms: [AxisTer
LEAF	blk.34.ssm_dt	Float32	[Static(32)]	gguf=[32]/F32	bound=packed	ew:Add:Affine(IndexPattern { iter_rank: 2, axes: [AxisIndex { terms: [AxisTer
LEAF	blk.34.ssm_a	Float32	[Static(32)]	gguf=[32]/F32	bound=packed	ew:Multiply:Affine(IndexPattern { iter_rank: 2, axes: [AxisIndex { terms: [AxisTer
LEAF	blk.34.ssm_norm.weight	Float32	[Static(128)]	gguf=[128]/F32	bound=packed	ew:Multiply:Affine(IndexPattern { iter_rank: 3, axes: [AxisIndex { terms: [AxisTer
LEAF	blk.34.ssm_out.weight	Float32	[Static(4096), Static(2048)]	gguf=[4096, 2048]/Q4_K	bound=packed	ew:Multiply:Affine(IndexPattern { iter_rank: 4, axes: [AxisIndex { terms: [AxisTer
LEAF	ssm_cache.34.state	Float32	[Static(128), Static(128), Static(16), Static(2)]	gguf=-	bound=-	ew:Multiply:Affine(IndexPattern { iter_rank: 4, axes: [AxisIndex { terms: [AxisTer
LEAF	blk.34.ffn_gate_exps.weight	Float32	[Static(256), Static(2048), Static(512)]	gguf=[2048, 512, 256]/Q4_K	bound=packed	ew:Multiply:Computed { indices: NodeId(12919), index_map: IndexPattern { iter_rank | ew:Multiply:Computed { indices: NodeId(12939), index_map: IndexPattern { iter_rank | ew:Multiply:Computed { indices: NodeId(12961), index_map: IndexPattern { iter_rank | ew:Multiply:Computed { indices: NodeId(12983), index_map: IndexPattern { iter_rank | ew:Multiply:Computed { indices: NodeId(13005), index_map: IndexPattern { iter_rank | ew:Multiply:Computed { indices: NodeId(13027), index_map: IndexPattern { iter_rank | ew:Multiply:Computed { indices: NodeId(13049), index_map: IndexPattern { iter_rank | ew:Multiply:Computed { indices: NodeId(13071), index_map: IndexPattern { iter_rank
LEAF	blk.34.ffn_up_exps.weight	Float32	[Static(256), Static(2048), Static(512)]	gguf=[2048, 512, 256]/Q4_K	bound=packed	ew:Multiply:Computed { indices: NodeId(12919), index_map: IndexPattern { iter_rank | ew:Multiply:Computed { indices: NodeId(12939), index_map: IndexPattern { iter_rank | ew:Multiply:Computed { indices: NodeId(12961), index_map: IndexPattern { iter_rank | ew:Multiply:Computed { indices: NodeId(12983), index_map: IndexPattern { iter_rank | ew:Multiply:Computed { indices: NodeId(13005), index_map: IndexPattern { iter_rank | ew:Multiply:Computed { indices: NodeId(13027), index_map: IndexPattern { iter_rank | ew:Multiply:Computed { indices: NodeId(13049), index_map: IndexPattern { iter_rank | ew:Multiply:Computed { indices: NodeId(13071), index_map: IndexPattern { iter_rank
LEAF	blk.34.ffn_down_exps.weight	Float32	[Static(256), Static(512), Static(2048)]	gguf=[512, 2048, 256]/Q6_K	bound=packed	ew:Multiply:Computed { indices: NodeId(12919), index_map: IndexPattern { iter_rank | ew:Multiply:Computed { indices: NodeId(12939), index_map: IndexPattern { iter_rank | ew:Multiply:Computed { indices: NodeId(12961), index_map: IndexPattern { iter_rank | ew:Multiply:Computed { indices: NodeId(12983), index_map: IndexPattern { iter_rank | ew:Multiply:Computed { indices: NodeId(13005), index_map: IndexPattern { iter_rank | ew:Multiply:Computed { indices: NodeId(13027), index_map: IndexPattern { iter_rank | ew:Multiply:Computed { indices: NodeId(13049), index_map: IndexPattern { iter_rank | ew:Multiply:Computed { indices: NodeId(13071), index_map: IndexPattern { iter_rank
LEAF	blk.34.ffn_gate_inp_shexp.weight	Float32	[Static(2048)]	gguf=[2048, 1]/F16	bound=owned	ew:Multiply:Affine(IndexPattern { iter_rank: 2, axes: [AxisIndex { terms: [AxisTer
LEAF	blk.34.ffn_gate_shexp.weight	Float32	[Static(2048), Static(512)]	gguf=[2048, 512]/Q4_K	bound=packed	ew:Multiply:Affine(IndexPattern { iter_rank: 3, axes: [AxisIndex { terms: [AxisTer
LEAF	blk.34.ffn_up_shexp.weight	Float32	[Static(2048), Static(512)]	gguf=[2048, 512]/Q4_K	bound=packed	ew:Multiply:Affine(IndexPattern { iter_rank: 3, axes: [AxisIndex { terms: [AxisTer
LEAF	blk.34.ffn_down_shexp.weight	Float32	[Static(512), Static(2048)]	gguf=[512, 2048]/Q6_K	bound=packed	ew:Multiply:Affine(IndexPattern { iter_rank: 3, axes: [AxisIndex { terms: [AxisTer
LEAF	blk.35.attn_norm.weight	Float32	[Static(2048)]	gguf=[2048]/F32	bound=packed	ew:Multiply:Affine(IndexPattern { iter_rank: 2, axes: [AxisIndex { terms: [AxisTer
LEAF	blk.35.post_attention_norm.weight	Float32	[Static(2048)]	gguf=[2048]/F32	bound=packed	ew:Multiply:Affine(IndexPattern { iter_rank: 2, axes: [AxisIndex { terms: [AxisTer
LEAF	blk.35.ffn_gate_inp.weight	Float32	[Static(2048), Static(256)]	gguf=[2048, 256]/F32	bound=owned	ew:Multiply:Affine(IndexPattern { iter_rank: 3, axes: [AxisIndex { terms: [AxisTer
LEAF	blk.35.attn_q.weight	Float32	[Static(2048), Static(8192)]	gguf=[2048, 8192]/Q4_K	bound=packed	ew:Multiply:Affine(IndexPattern { iter_rank: 3, axes: [AxisIndex { terms: [AxisTer
LEAF	blk.35.attn_k.weight	Float32	[Static(2048), Static(512)]	gguf=[2048, 512]/Q4_K	bound=packed	ew:Multiply:Affine(IndexPattern { iter_rank: 3, axes: [AxisIndex { terms: [AxisTer
LEAF	blk.35.attn_v.weight	Float32	[Static(2048), Static(512)]	gguf=[2048, 512]/Q6_K	bound=packed	ew:Multiply:Affine(IndexPattern { iter_rank: 3, axes: [AxisIndex { terms: [AxisTer
LEAF	blk.35.attn_output.weight	Float32	[Static(4096), Static(2048)]	gguf=[4096, 2048]/Q4_K	bound=packed	ew:Multiply:Affine(IndexPattern { iter_rank: 4, axes: [AxisIndex { terms: [AxisTer
LEAF	blk.35.attn_q_norm.weight	Float32	[Static(256)]	gguf=[256]/F32	bound=packed	ew:Multiply:Affine(IndexPattern { iter_rank: 3, axes: [AxisIndex { terms: [AxisTer
LEAF	blk.35.attn_k_norm.weight	Float32	[Static(256)]	gguf=[256]/F32	bound=packed	ew:Multiply:Affine(IndexPattern { iter_rank: 3, axes: [AxisIndex { terms: [AxisTer
LEAF	kv_cache.35.k_first	Float32	[Symbolic(1), Static(2), Static(32)]	gguf=-	bound=-	ew:Multiply:Affine(IndexPattern { iter_rank: 5, axes: [AxisIndex { terms: [AxisTer
LEAF	kv_cache.35.k_second	Float32	[Symbolic(1), Static(2), Static(32)]	gguf=-	bound=-	ew:Multiply:Affine(IndexPattern { iter_rank: 5, axes: [AxisIndex { terms: [AxisTer
LEAF	kv_cache.35.k_pass	Float32	[Symbolic(1), Static(2), Static(192)]	gguf=-	bound=-	ew:Multiply:Affine(IndexPattern { iter_rank: 5, axes: [AxisIndex { terms: [AxisTer
LEAF	kv_cache.35.v	Float32	[Symbolic(1), Static(2), Static(256)]	gguf=-	bound=-	ew:Multiply:Affine(IndexPattern { iter_rank: 5, axes: [AxisIndex { terms: [AxisTer
LEAF	blk.35.ffn_gate_exps.weight	Float32	[Static(256), Static(2048), Static(512)]	gguf=[2048, 512, 256]/Q4_K	bound=packed	ew:Multiply:Computed { indices: NodeId(13280), index_map: IndexPattern { iter_rank | ew:Multiply:Computed { indices: NodeId(13300), index_map: IndexPattern { iter_rank | ew:Multiply:Computed { indices: NodeId(13322), index_map: IndexPattern { iter_rank | ew:Multiply:Computed { indices: NodeId(13344), index_map: IndexPattern { iter_rank | ew:Multiply:Computed { indices: NodeId(13366), index_map: IndexPattern { iter_rank | ew:Multiply:Computed { indices: NodeId(13388), index_map: IndexPattern { iter_rank | ew:Multiply:Computed { indices: NodeId(13410), index_map: IndexPattern { iter_rank | ew:Multiply:Computed { indices: NodeId(13432), index_map: IndexPattern { iter_rank
LEAF	blk.35.ffn_up_exps.weight	Float32	[Static(256), Static(2048), Static(512)]	gguf=[2048, 512, 256]/Q4_K	bound=packed	ew:Multiply:Computed { indices: NodeId(13280), index_map: IndexPattern { iter_rank | ew:Multiply:Computed { indices: NodeId(13300), index_map: IndexPattern { iter_rank | ew:Multiply:Computed { indices: NodeId(13322), index_map: IndexPattern { iter_rank | ew:Multiply:Computed { indices: NodeId(13344), index_map: IndexPattern { iter_rank | ew:Multiply:Computed { indices: NodeId(13366), index_map: IndexPattern { iter_rank | ew:Multiply:Computed { indices: NodeId(13388), index_map: IndexPattern { iter_rank | ew:Multiply:Computed { indices: NodeId(13410), index_map: IndexPattern { iter_rank | ew:Multiply:Computed { indices: NodeId(13432), index_map: IndexPattern { iter_rank
LEAF	blk.35.ffn_down_exps.weight	Float32	[Static(256), Static(512), Static(2048)]	gguf=[512, 2048, 256]/Q6_K	bound=packed	ew:Multiply:Computed { indices: NodeId(13280), index_map: IndexPattern { iter_rank | ew:Multiply:Computed { indices: NodeId(13300), index_map: IndexPattern { iter_rank | ew:Multiply:Computed { indices: NodeId(13322), index_map: IndexPattern { iter_rank | ew:Multiply:Computed { indices: NodeId(13344), index_map: IndexPattern { iter_rank | ew:Multiply:Computed { indices: NodeId(13366), index_map: IndexPattern { iter_rank | ew:Multiply:Computed { indices: NodeId(13388), index_map: IndexPattern { iter_rank | ew:Multiply:Computed { indices: NodeId(13410), index_map: IndexPattern { iter_rank | ew:Multiply:Computed { indices: NodeId(13432), index_map: IndexPattern { iter_rank
LEAF	blk.35.ffn_gate_inp_shexp.weight	Float32	[Static(2048)]	gguf=[2048, 1]/F16	bound=owned	ew:Multiply:Affine(IndexPattern { iter_rank: 2, axes: [AxisIndex { terms: [AxisTer
LEAF	blk.35.ffn_gate_shexp.weight	Float32	[Static(2048), Static(512)]	gguf=[2048, 512]/Q4_K	bound=packed	ew:Multiply:Affine(IndexPattern { iter_rank: 3, axes: [AxisIndex { terms: [AxisTer
LEAF	blk.35.ffn_up_shexp.weight	Float32	[Static(2048), Static(512)]	gguf=[2048, 512]/Q4_K	bound=packed	ew:Multiply:Affine(IndexPattern { iter_rank: 3, axes: [AxisIndex { terms: [AxisTer
LEAF	blk.35.ffn_down_shexp.weight	Float32	[Static(512), Static(2048)]	gguf=[512, 2048]/Q6_K	bound=packed	ew:Multiply:Affine(IndexPattern { iter_rank: 3, axes: [AxisIndex { terms: [AxisTer
LEAF	blk.36.attn_norm.weight	Float32	[Static(2048)]	gguf=[2048]/F32	bound=packed	ew:Multiply:Affine(IndexPattern { iter_rank: 2, axes: [AxisIndex { terms: [AxisTer
LEAF	blk.36.post_attention_norm.weight	Float32	[Static(2048)]	gguf=[2048]/F32	bound=packed	ew:Multiply:Affine(IndexPattern { iter_rank: 2, axes: [AxisIndex { terms: [AxisTer
LEAF	blk.36.ffn_gate_inp.weight	Float32	[Static(2048), Static(256)]	gguf=[2048, 256]/F32	bound=owned	ew:Multiply:Affine(IndexPattern { iter_rank: 3, axes: [AxisIndex { terms: [AxisTer
LEAF	blk.36.attn_qkv.weight	Float32	[Static(2048), Static(8192)]	gguf=[2048, 8192]/Q4_K	bound=packed	ew:Multiply:Affine(IndexPattern { iter_rank: 3, axes: [AxisIndex { terms: [AxisTer
LEAF	blk.36.attn_gate.weight	Float32	[Static(2048), Static(4096)]	gguf=[2048, 4096]/Q4_K	bound=packed	ew:Multiply:Affine(IndexPattern { iter_rank: 3, axes: [AxisIndex { terms: [AxisTer
LEAF	blk.36.ssm_conv1d.weight	Float32	[Static(8192), Static(4)]	gguf=[4, 8192]/F32	bound=packed	ew:Identity:Affine(IndexPattern { iter_rank: 2, axes: [AxisIndex { terms: [AxisTer | ew:Multiply:Affine(IndexPattern { iter_rank: 3, axes: [AxisIndex { terms: [AxisTer
LEAF	ssm_cache.36.conv_history	Float32	[Static(3), Static(8192)]	gguf=-	bound=-	ew:Multiply:Affine(IndexPattern { iter_rank: 2, axes: [AxisIndex { terms: [AxisTer
LEAF	blk.36.ssm_beta.weight	Float32	[Static(2048), Static(32)]	gguf=[2048, 32]/Q4_K	bound=owned	ew:Multiply:Affine(IndexPattern { iter_rank: 3, axes: [AxisIndex { terms: [AxisTer
LEAF	blk.36.ssm_alpha.weight	Float32	[Static(2048), Static(32)]	gguf=[2048, 32]/Q4_K	bound=owned	ew:Multiply:Affine(IndexPattern { iter_rank: 3, axes: [AxisIndex { terms: [AxisTer
LEAF	blk.36.ssm_dt	Float32	[Static(32)]	gguf=[32]/F32	bound=packed	ew:Add:Affine(IndexPattern { iter_rank: 2, axes: [AxisIndex { terms: [AxisTer
LEAF	blk.36.ssm_a	Float32	[Static(32)]	gguf=[32]/F32	bound=packed	ew:Multiply:Affine(IndexPattern { iter_rank: 2, axes: [AxisIndex { terms: [AxisTer
LEAF	blk.36.ssm_norm.weight	Float32	[Static(128)]	gguf=[128]/F32	bound=packed	ew:Multiply:Affine(IndexPattern { iter_rank: 3, axes: [AxisIndex { terms: [AxisTer
LEAF	blk.36.ssm_out.weight	Float32	[Static(4096), Static(2048)]	gguf=[4096, 2048]/Q4_K	bound=packed	ew:Multiply:Affine(IndexPattern { iter_rank: 4, axes: [AxisIndex { terms: [AxisTer
LEAF	ssm_cache.36.state	Float32	[Static(128), Static(128), Static(16), Static(2)]	gguf=-	bound=-	ew:Multiply:Affine(IndexPattern { iter_rank: 4, axes: [AxisIndex { terms: [AxisTer
LEAF	blk.36.ffn_gate_exps.weight	Float32	[Static(256), Static(2048), Static(512)]	gguf=[2048, 512, 256]/Q4_K	bound=packed	ew:Multiply:Computed { indices: NodeId(13658), index_map: IndexPattern { iter_rank | ew:Multiply:Computed { indices: NodeId(13678), index_map: IndexPattern { iter_rank | ew:Multiply:Computed { indices: NodeId(13700), index_map: IndexPattern { iter_rank | ew:Multiply:Computed { indices: NodeId(13722), index_map: IndexPattern { iter_rank | ew:Multiply:Computed { indices: NodeId(13744), index_map: IndexPattern { iter_rank | ew:Multiply:Computed { indices: NodeId(13766), index_map: IndexPattern { iter_rank | ew:Multiply:Computed { indices: NodeId(13788), index_map: IndexPattern { iter_rank | ew:Multiply:Computed { indices: NodeId(13810), index_map: IndexPattern { iter_rank
LEAF	blk.36.ffn_up_exps.weight	Float32	[Static(256), Static(2048), Static(512)]	gguf=[2048, 512, 256]/Q4_K	bound=packed	ew:Multiply:Computed { indices: NodeId(13658), index_map: IndexPattern { iter_rank | ew:Multiply:Computed { indices: NodeId(13678), index_map: IndexPattern { iter_rank | ew:Multiply:Computed { indices: NodeId(13700), index_map: IndexPattern { iter_rank | ew:Multiply:Computed { indices: NodeId(13722), index_map: IndexPattern { iter_rank | ew:Multiply:Computed { indices: NodeId(13744), index_map: IndexPattern { iter_rank | ew:Multiply:Computed { indices: NodeId(13766), index_map: IndexPattern { iter_rank | ew:Multiply:Computed { indices: NodeId(13788), index_map: IndexPattern { iter_rank | ew:Multiply:Computed { indices: NodeId(13810), index_map: IndexPattern { iter_rank
LEAF	blk.36.ffn_down_exps.weight	Float32	[Static(256), Static(512), Static(2048)]	gguf=[512, 2048, 256]/Q6_K	bound=packed	ew:Multiply:Computed { indices: NodeId(13658), index_map: IndexPattern { iter_rank | ew:Multiply:Computed { indices: NodeId(13678), index_map: IndexPattern { iter_rank | ew:Multiply:Computed { indices: NodeId(13700), index_map: IndexPattern { iter_rank | ew:Multiply:Computed { indices: NodeId(13722), index_map: IndexPattern { iter_rank | ew:Multiply:Computed { indices: NodeId(13744), index_map: IndexPattern { iter_rank | ew:Multiply:Computed { indices: NodeId(13766), index_map: IndexPattern { iter_rank | ew:Multiply:Computed { indices: NodeId(13788), index_map: IndexPattern { iter_rank | ew:Multiply:Computed { indices: NodeId(13810), index_map: IndexPattern { iter_rank
LEAF	blk.36.ffn_gate_inp_shexp.weight	Float32	[Static(2048)]	gguf=[2048, 1]/F16	bound=owned	ew:Multiply:Affine(IndexPattern { iter_rank: 2, axes: [AxisIndex { terms: [AxisTer
LEAF	blk.36.ffn_gate_shexp.weight	Float32	[Static(2048), Static(512)]	gguf=[2048, 512]/Q4_K	bound=packed	ew:Multiply:Affine(IndexPattern { iter_rank: 3, axes: [AxisIndex { terms: [AxisTer
LEAF	blk.36.ffn_up_shexp.weight	Float32	[Static(2048), Static(512)]	gguf=[2048, 512]/Q4_K	bound=packed	ew:Multiply:Affine(IndexPattern { iter_rank: 3, axes: [AxisIndex { terms: [AxisTer
LEAF	blk.36.ffn_down_shexp.weight	Float32	[Static(512), Static(2048)]	gguf=[512, 2048]/Q6_K	bound=packed	ew:Multiply:Affine(IndexPattern { iter_rank: 3, axes: [AxisIndex { terms: [AxisTer
LEAF	blk.37.attn_norm.weight	Float32	[Static(2048)]	gguf=[2048]/F32	bound=packed	ew:Multiply:Affine(IndexPattern { iter_rank: 2, axes: [AxisIndex { terms: [AxisTer
LEAF	blk.37.post_attention_norm.weight	Float32	[Static(2048)]	gguf=[2048]/F32	bound=packed	ew:Multiply:Affine(IndexPattern { iter_rank: 2, axes: [AxisIndex { terms: [AxisTer
LEAF	blk.37.ffn_gate_inp.weight	Float32	[Static(2048), Static(256)]	gguf=[2048, 256]/F32	bound=owned	ew:Multiply:Affine(IndexPattern { iter_rank: 3, axes: [AxisIndex { terms: [AxisTer
LEAF	blk.37.attn_qkv.weight	Float32	[Static(2048), Static(8192)]	gguf=[2048, 8192]/Q4_K	bound=packed	ew:Multiply:Affine(IndexPattern { iter_rank: 3, axes: [AxisIndex { terms: [AxisTer
LEAF	blk.37.attn_gate.weight	Float32	[Static(2048), Static(4096)]	gguf=[2048, 4096]/Q4_K	bound=packed	ew:Multiply:Affine(IndexPattern { iter_rank: 3, axes: [AxisIndex { terms: [AxisTer
LEAF	blk.37.ssm_conv1d.weight	Float32	[Static(8192), Static(4)]	gguf=[4, 8192]/F32	bound=packed	ew:Identity:Affine(IndexPattern { iter_rank: 2, axes: [AxisIndex { terms: [AxisTer | ew:Multiply:Affine(IndexPattern { iter_rank: 3, axes: [AxisIndex { terms: [AxisTer
LEAF	ssm_cache.37.conv_history	Float32	[Static(3), Static(8192)]	gguf=-	bound=-	ew:Multiply:Affine(IndexPattern { iter_rank: 2, axes: [AxisIndex { terms: [AxisTer
LEAF	blk.37.ssm_beta.weight	Float32	[Static(2048), Static(32)]	gguf=[2048, 32]/Q4_K	bound=owned	ew:Multiply:Affine(IndexPattern { iter_rank: 3, axes: [AxisIndex { terms: [AxisTer
LEAF	blk.37.ssm_alpha.weight	Float32	[Static(2048), Static(32)]	gguf=[2048, 32]/Q4_K	bound=owned	ew:Multiply:Affine(IndexPattern { iter_rank: 3, axes: [AxisIndex { terms: [AxisTer
LEAF	blk.37.ssm_dt	Float32	[Static(32)]	gguf=[32]/F32	bound=packed	ew:Add:Affine(IndexPattern { iter_rank: 2, axes: [AxisIndex { terms: [AxisTer
LEAF	blk.37.ssm_a	Float32	[Static(32)]	gguf=[32]/F32	bound=packed	ew:Multiply:Affine(IndexPattern { iter_rank: 2, axes: [AxisIndex { terms: [AxisTer
LEAF	blk.37.ssm_norm.weight	Float32	[Static(128)]	gguf=[128]/F32	bound=packed	ew:Multiply:Affine(IndexPattern { iter_rank: 3, axes: [AxisIndex { terms: [AxisTer
LEAF	blk.37.ssm_out.weight	Float32	[Static(4096), Static(2048)]	gguf=[4096, 2048]/Q4_K	bound=packed	ew:Multiply:Affine(IndexPattern { iter_rank: 4, axes: [AxisIndex { terms: [AxisTer
LEAF	ssm_cache.37.state	Float32	[Static(128), Static(128), Static(16), Static(2)]	gguf=-	bound=-	ew:Multiply:Affine(IndexPattern { iter_rank: 4, axes: [AxisIndex { terms: [AxisTer
LEAF	blk.37.ffn_gate_exps.weight	Float32	[Static(256), Static(2048), Static(512)]	gguf=[2048, 512, 256]/Q4_K	bound=packed	ew:Multiply:Computed { indices: NodeId(14036), index_map: IndexPattern { iter_rank | ew:Multiply:Computed { indices: NodeId(14056), index_map: IndexPattern { iter_rank | ew:Multiply:Computed { indices: NodeId(14078), index_map: IndexPattern { iter_rank | ew:Multiply:Computed { indices: NodeId(14100), index_map: IndexPattern { iter_rank | ew:Multiply:Computed { indices: NodeId(14122), index_map: IndexPattern { iter_rank | ew:Multiply:Computed { indices: NodeId(14144), index_map: IndexPattern { iter_rank | ew:Multiply:Computed { indices: NodeId(14166), index_map: IndexPattern { iter_rank | ew:Multiply:Computed { indices: NodeId(14188), index_map: IndexPattern { iter_rank
LEAF	blk.37.ffn_up_exps.weight	Float32	[Static(256), Static(2048), Static(512)]	gguf=[2048, 512, 256]/Q4_K	bound=packed	ew:Multiply:Computed { indices: NodeId(14036), index_map: IndexPattern { iter_rank | ew:Multiply:Computed { indices: NodeId(14056), index_map: IndexPattern { iter_rank | ew:Multiply:Computed { indices: NodeId(14078), index_map: IndexPattern { iter_rank | ew:Multiply:Computed { indices: NodeId(14100), index_map: IndexPattern { iter_rank | ew:Multiply:Computed { indices: NodeId(14122), index_map: IndexPattern { iter_rank | ew:Multiply:Computed { indices: NodeId(14144), index_map: IndexPattern { iter_rank | ew:Multiply:Computed { indices: NodeId(14166), index_map: IndexPattern { iter_rank | ew:Multiply:Computed { indices: NodeId(14188), index_map: IndexPattern { iter_rank
LEAF	blk.37.ffn_down_exps.weight	Float32	[Static(256), Static(512), Static(2048)]	gguf=[512, 2048, 256]/Q6_K	bound=packed	ew:Multiply:Computed { indices: NodeId(14036), index_map: IndexPattern { iter_rank | ew:Multiply:Computed { indices: NodeId(14056), index_map: IndexPattern { iter_rank | ew:Multiply:Computed { indices: NodeId(14078), index_map: IndexPattern { iter_rank | ew:Multiply:Computed { indices: NodeId(14100), index_map: IndexPattern { iter_rank | ew:Multiply:Computed { indices: NodeId(14122), index_map: IndexPattern { iter_rank | ew:Multiply:Computed { indices: NodeId(14144), index_map: IndexPattern { iter_rank | ew:Multiply:Computed { indices: NodeId(14166), index_map: IndexPattern { iter_rank | ew:Multiply:Computed { indices: NodeId(14188), index_map: IndexPattern { iter_rank
LEAF	blk.37.ffn_gate_inp_shexp.weight	Float32	[Static(2048)]	gguf=[2048, 1]/F16	bound=owned	ew:Multiply:Affine(IndexPattern { iter_rank: 2, axes: [AxisIndex { terms: [AxisTer
LEAF	blk.37.ffn_gate_shexp.weight	Float32	[Static(2048), Static(512)]	gguf=[2048, 512]/Q4_K	bound=packed	ew:Multiply:Affine(IndexPattern { iter_rank: 3, axes: [AxisIndex { terms: [AxisTer
LEAF	blk.37.ffn_up_shexp.weight	Float32	[Static(2048), Static(512)]	gguf=[2048, 512]/Q4_K	bound=packed	ew:Multiply:Affine(IndexPattern { iter_rank: 3, axes: [AxisIndex { terms: [AxisTer
LEAF	blk.37.ffn_down_shexp.weight	Float32	[Static(512), Static(2048)]	gguf=[512, 2048]/Q6_K	bound=packed	ew:Multiply:Affine(IndexPattern { iter_rank: 3, axes: [AxisIndex { terms: [AxisTer
LEAF	blk.38.attn_norm.weight	Float32	[Static(2048)]	gguf=[2048]/F32	bound=packed	ew:Multiply:Affine(IndexPattern { iter_rank: 2, axes: [AxisIndex { terms: [AxisTer
LEAF	blk.38.post_attention_norm.weight	Float32	[Static(2048)]	gguf=[2048]/F32	bound=packed	ew:Multiply:Affine(IndexPattern { iter_rank: 2, axes: [AxisIndex { terms: [AxisTer
LEAF	blk.38.ffn_gate_inp.weight	Float32	[Static(2048), Static(256)]	gguf=[2048, 256]/F32	bound=owned	ew:Multiply:Affine(IndexPattern { iter_rank: 3, axes: [AxisIndex { terms: [AxisTer
LEAF	blk.38.attn_qkv.weight	Float32	[Static(2048), Static(8192)]	gguf=[2048, 8192]/Q4_K	bound=packed	ew:Multiply:Affine(IndexPattern { iter_rank: 3, axes: [AxisIndex { terms: [AxisTer
LEAF	blk.38.attn_gate.weight	Float32	[Static(2048), Static(4096)]	gguf=[2048, 4096]/Q4_K	bound=packed	ew:Multiply:Affine(IndexPattern { iter_rank: 3, axes: [AxisIndex { terms: [AxisTer
LEAF	blk.38.ssm_conv1d.weight	Float32	[Static(8192), Static(4)]	gguf=[4, 8192]/F32	bound=packed	ew:Identity:Affine(IndexPattern { iter_rank: 2, axes: [AxisIndex { terms: [AxisTer | ew:Multiply:Affine(IndexPattern { iter_rank: 3, axes: [AxisIndex { terms: [AxisTer
LEAF	ssm_cache.38.conv_history	Float32	[Static(3), Static(8192)]	gguf=-	bound=-	ew:Multiply:Affine(IndexPattern { iter_rank: 2, axes: [AxisIndex { terms: [AxisTer
LEAF	blk.38.ssm_beta.weight	Float32	[Static(2048), Static(32)]	gguf=[2048, 32]/Q4_K	bound=owned	ew:Multiply:Affine(IndexPattern { iter_rank: 3, axes: [AxisIndex { terms: [AxisTer
LEAF	blk.38.ssm_alpha.weight	Float32	[Static(2048), Static(32)]	gguf=[2048, 32]/Q4_K	bound=owned	ew:Multiply:Affine(IndexPattern { iter_rank: 3, axes: [AxisIndex { terms: [AxisTer
LEAF	blk.38.ssm_dt	Float32	[Static(32)]	gguf=[32]/F32	bound=packed	ew:Add:Affine(IndexPattern { iter_rank: 2, axes: [AxisIndex { terms: [AxisTer
LEAF	blk.38.ssm_a	Float32	[Static(32)]	gguf=[32]/F32	bound=packed	ew:Multiply:Affine(IndexPattern { iter_rank: 2, axes: [AxisIndex { terms: [AxisTer
LEAF	blk.38.ssm_norm.weight	Float32	[Static(128)]	gguf=[128]/F32	bound=packed	ew:Multiply:Affine(IndexPattern { iter_rank: 3, axes: [AxisIndex { terms: [AxisTer
LEAF	blk.38.ssm_out.weight	Float32	[Static(4096), Static(2048)]	gguf=[4096, 2048]/Q4_K	bound=packed	ew:Multiply:Affine(IndexPattern { iter_rank: 4, axes: [AxisIndex { terms: [AxisTer
LEAF	ssm_cache.38.state	Float32	[Static(128), Static(128), Static(16), Static(2)]	gguf=-	bound=-	ew:Multiply:Affine(IndexPattern { iter_rank: 4, axes: [AxisIndex { terms: [AxisTer
LEAF	blk.38.ffn_gate_exps.weight	Float32	[Static(256), Static(2048), Static(512)]	gguf=[2048, 512, 256]/Q4_K	bound=packed	ew:Multiply:Computed { indices: NodeId(14414), index_map: IndexPattern { iter_rank | ew:Multiply:Computed { indices: NodeId(14434), index_map: IndexPattern { iter_rank | ew:Multiply:Computed { indices: NodeId(14456), index_map: IndexPattern { iter_rank | ew:Multiply:Computed { indices: NodeId(14478), index_map: IndexPattern { iter_rank | ew:Multiply:Computed { indices: NodeId(14500), index_map: IndexPattern { iter_rank | ew:Multiply:Computed { indices: NodeId(14522), index_map: IndexPattern { iter_rank | ew:Multiply:Computed { indices: NodeId(14544), index_map: IndexPattern { iter_rank | ew:Multiply:Computed { indices: NodeId(14566), index_map: IndexPattern { iter_rank
LEAF	blk.38.ffn_up_exps.weight	Float32	[Static(256), Static(2048), Static(512)]	gguf=[2048, 512, 256]/Q4_K	bound=packed	ew:Multiply:Computed { indices: NodeId(14414), index_map: IndexPattern { iter_rank | ew:Multiply:Computed { indices: NodeId(14434), index_map: IndexPattern { iter_rank | ew:Multiply:Computed { indices: NodeId(14456), index_map: IndexPattern { iter_rank | ew:Multiply:Computed { indices: NodeId(14478), index_map: IndexPattern { iter_rank | ew:Multiply:Computed { indices: NodeId(14500), index_map: IndexPattern { iter_rank | ew:Multiply:Computed { indices: NodeId(14522), index_map: IndexPattern { iter_rank | ew:Multiply:Computed { indices: NodeId(14544), index_map: IndexPattern { iter_rank | ew:Multiply:Computed { indices: NodeId(14566), index_map: IndexPattern { iter_rank
LEAF	blk.38.ffn_down_exps.weight	Float32	[Static(256), Static(512), Static(2048)]	gguf=[512, 2048, 256]/Q6_K	bound=packed	ew:Multiply:Computed { indices: NodeId(14414), index_map: IndexPattern { iter_rank | ew:Multiply:Computed { indices: NodeId(14434), index_map: IndexPattern { iter_rank | ew:Multiply:Computed { indices: NodeId(14456), index_map: IndexPattern { iter_rank | ew:Multiply:Computed { indices: NodeId(14478), index_map: IndexPattern { iter_rank | ew:Multiply:Computed { indices: NodeId(14500), index_map: IndexPattern { iter_rank | ew:Multiply:Computed { indices: NodeId(14522), index_map: IndexPattern { iter_rank | ew:Multiply:Computed { indices: NodeId(14544), index_map: IndexPattern { iter_rank | ew:Multiply:Computed { indices: NodeId(14566), index_map: IndexPattern { iter_rank
LEAF	blk.38.ffn_gate_inp_shexp.weight	Float32	[Static(2048)]	gguf=[2048, 1]/F16	bound=owned	ew:Multiply:Affine(IndexPattern { iter_rank: 2, axes: [AxisIndex { terms: [AxisTer
LEAF	blk.38.ffn_gate_shexp.weight	Float32	[Static(2048), Static(512)]	gguf=[2048, 512]/Q4_K	bound=packed	ew:Multiply:Affine(IndexPattern { iter_rank: 3, axes: [AxisIndex { terms: [AxisTer
LEAF	blk.38.ffn_up_shexp.weight	Float32	[Static(2048), Static(512)]	gguf=[2048, 512]/Q4_K	bound=packed	ew:Multiply:Affine(IndexPattern { iter_rank: 3, axes: [AxisIndex { terms: [AxisTer
LEAF	blk.38.ffn_down_shexp.weight	Float32	[Static(512), Static(2048)]	gguf=[512, 2048]/Q6_K	bound=packed	ew:Multiply:Affine(IndexPattern { iter_rank: 3, axes: [AxisIndex { terms: [AxisTer
LEAF	blk.39.attn_norm.weight	Float32	[Static(2048)]	gguf=[2048]/F32	bound=packed	ew:Multiply:Affine(IndexPattern { iter_rank: 2, axes: [AxisIndex { terms: [AxisTer
LEAF	blk.39.post_attention_norm.weight	Float32	[Static(2048)]	gguf=[2048]/F32	bound=packed	ew:Multiply:Affine(IndexPattern { iter_rank: 2, axes: [AxisIndex { terms: [AxisTer
LEAF	blk.39.ffn_gate_inp.weight	Float32	[Static(2048), Static(256)]	gguf=[2048, 256]/F32	bound=owned	ew:Multiply:Affine(IndexPattern { iter_rank: 3, axes: [AxisIndex { terms: [AxisTer
LEAF	blk.39.attn_q.weight	Float32	[Static(2048), Static(8192)]	gguf=[2048, 8192]/Q4_K	bound=packed	ew:Multiply:Affine(IndexPattern { iter_rank: 3, axes: [AxisIndex { terms: [AxisTer
LEAF	blk.39.attn_k.weight	Float32	[Static(2048), Static(512)]	gguf=[2048, 512]/Q4_K	bound=packed	ew:Multiply:Affine(IndexPattern { iter_rank: 3, axes: [AxisIndex { terms: [AxisTer
LEAF	blk.39.attn_v.weight	Float32	[Static(2048), Static(512)]	gguf=[2048, 512]/Q6_K	bound=packed	ew:Multiply:Affine(IndexPattern { iter_rank: 3, axes: [AxisIndex { terms: [AxisTer
LEAF	blk.39.attn_output.weight	Float32	[Static(4096), Static(2048)]	gguf=[4096, 2048]/Q4_K	bound=packed	ew:Multiply:Affine(IndexPattern { iter_rank: 4, axes: [AxisIndex { terms: [AxisTer
LEAF	blk.39.attn_q_norm.weight	Float32	[Static(256)]	gguf=[256]/F32	bound=packed	ew:Multiply:Affine(IndexPattern { iter_rank: 3, axes: [AxisIndex { terms: [AxisTer
LEAF	blk.39.attn_k_norm.weight	Float32	[Static(256)]	gguf=[256]/F32	bound=packed	ew:Multiply:Affine(IndexPattern { iter_rank: 3, axes: [AxisIndex { terms: [AxisTer
LEAF	kv_cache.39.k_first	Float32	[Symbolic(1), Static(2), Static(32)]	gguf=-	bound=-	ew:Multiply:Affine(IndexPattern { iter_rank: 5, axes: [AxisIndex { terms: [AxisTer
LEAF	kv_cache.39.k_second	Float32	[Symbolic(1), Static(2), Static(32)]	gguf=-	bound=-	ew:Multiply:Affine(IndexPattern { iter_rank: 5, axes: [AxisIndex { terms: [AxisTer
LEAF	kv_cache.39.k_pass	Float32	[Symbolic(1), Static(2), Static(192)]	gguf=-	bound=-	ew:Multiply:Affine(IndexPattern { iter_rank: 5, axes: [AxisIndex { terms: [AxisTer
LEAF	kv_cache.39.v	Float32	[Symbolic(1), Static(2), Static(256)]	gguf=-	bound=-	ew:Multiply:Affine(IndexPattern { iter_rank: 5, axes: [AxisIndex { terms: [AxisTer
LEAF	blk.39.ffn_gate_exps.weight	Float32	[Static(256), Static(2048), Static(512)]	gguf=[2048, 512, 256]/Q4_K	bound=packed	ew:Multiply:Computed { indices: NodeId(14775), index_map: IndexPattern { iter_rank | ew:Multiply:Computed { indices: NodeId(14795), index_map: IndexPattern { iter_rank | ew:Multiply:Computed { indices: NodeId(14817), index_map: IndexPattern { iter_rank | ew:Multiply:Computed { indices: NodeId(14839), index_map: IndexPattern { iter_rank | ew:Multiply:Computed { indices: NodeId(14861), index_map: IndexPattern { iter_rank | ew:Multiply:Computed { indices: NodeId(14883), index_map: IndexPattern { iter_rank | ew:Multiply:Computed { indices: NodeId(14905), index_map: IndexPattern { iter_rank | ew:Multiply:Computed { indices: NodeId(14927), index_map: IndexPattern { iter_rank
LEAF	blk.39.ffn_up_exps.weight	Float32	[Static(256), Static(2048), Static(512)]	gguf=[2048, 512, 256]/Q4_K	bound=packed	ew:Multiply:Computed { indices: NodeId(14775), index_map: IndexPattern { iter_rank | ew:Multiply:Computed { indices: NodeId(14795), index_map: IndexPattern { iter_rank | ew:Multiply:Computed { indices: NodeId(14817), index_map: IndexPattern { iter_rank | ew:Multiply:Computed { indices: NodeId(14839), index_map: IndexPattern { iter_rank | ew:Multiply:Computed { indices: NodeId(14861), index_map: IndexPattern { iter_rank | ew:Multiply:Computed { indices: NodeId(14883), index_map: IndexPattern { iter_rank | ew:Multiply:Computed { indices: NodeId(14905), index_map: IndexPattern { iter_rank | ew:Multiply:Computed { indices: NodeId(14927), index_map: IndexPattern { iter_rank
LEAF	blk.39.ffn_down_exps.weight	Float32	[Static(256), Static(512), Static(2048)]	gguf=[512, 2048, 256]/Q6_K	bound=packed	ew:Multiply:Computed { indices: NodeId(14775), index_map: IndexPattern { iter_rank | ew:Multiply:Computed { indices: NodeId(14795), index_map: IndexPattern { iter_rank | ew:Multiply:Computed { indices: NodeId(14817), index_map: IndexPattern { iter_rank | ew:Multiply:Computed { indices: NodeId(14839), index_map: IndexPattern { iter_rank | ew:Multiply:Computed { indices: NodeId(14861), index_map: IndexPattern { iter_rank | ew:Multiply:Computed { indices: NodeId(14883), index_map: IndexPattern { iter_rank | ew:Multiply:Computed { indices: NodeId(14905), index_map: IndexPattern { iter_rank | ew:Multiply:Computed { indices: NodeId(14927), index_map: IndexPattern { iter_rank
LEAF	blk.39.ffn_gate_inp_shexp.weight	Float32	[Static(2048)]	gguf=[2048, 1]/F16	bound=owned	ew:Multiply:Affine(IndexPattern { iter_rank: 2, axes: [AxisIndex { terms: [AxisTer
LEAF	blk.39.ffn_gate_shexp.weight	Float32	[Static(2048), Static(512)]	gguf=[2048, 512]/Q4_K	bound=packed	ew:Multiply:Affine(IndexPattern { iter_rank: 3, axes: [AxisIndex { terms: [AxisTer
LEAF	blk.39.ffn_up_shexp.weight	Float32	[Static(2048), Static(512)]	gguf=[2048, 512]/Q4_K	bound=packed	ew:Multiply:Affine(IndexPattern { iter_rank: 3, axes: [AxisIndex { terms: [AxisTer
LEAF	blk.39.ffn_down_shexp.weight	Float32	[Static(512), Static(2048)]	gguf=[512, 2048]/Q6_K	bound=packed	ew:Multiply:Affine(IndexPattern { iter_rank: 3, axes: [AxisIndex { terms: [AxisTer
LEAF	output_norm.weight	Float32	[Static(2048)]	gguf=[2048]/F32	bound=packed	ew:Multiply:Affine(IndexPattern { iter_rank: 2, axes: [AxisIndex { terms: [AxisTer
LEAF	lm_head_row	Int32	[Static(1)]	gguf=-	bound=-	
LEAF	output.weight	Float32	[Static(2048), Static(248320)]	gguf=[2048, 248320]/Q6_K	bound=packed	ew:Multiply:Affine(IndexPattern { iter_rank: 3, axes: [AxisIndex { terms: [AxisTer
GGUF_UNBOUND	mtp.fc.weight	[4096, 2048]	Q4_K
GGUF_UNBOUND	mtp.layers.0.attn_k.weight	[2048, 512]	Q4_K
GGUF_UNBOUND	mtp.layers.0.attn_k_norm.weight	[256]	F32
GGUF_UNBOUND	mtp.layers.0.attn_norm.weight	[2048]	F32
GGUF_UNBOUND	mtp.layers.0.attn_output.weight	[4096, 2048]	Q4_K
GGUF_UNBOUND	mtp.layers.0.attn_q.weight	[2048, 8192]	Q4_K
GGUF_UNBOUND	mtp.layers.0.attn_q_norm.weight	[256]	F32
GGUF_UNBOUND	mtp.layers.0.attn_v.weight	[2048, 512]	Q6_K
GGUF_UNBOUND	mtp.layers.0.ffn_down_exps.weight	[512, 2048, 256]	Q6_K
GGUF_UNBOUND	mtp.layers.0.ffn_down_shexp.weight	[512, 2048]	Q6_K
GGUF_UNBOUND	mtp.layers.0.ffn_gate_exps.weight	[2048, 512, 256]	Q4_K
GGUF_UNBOUND	mtp.layers.0.ffn_gate_inp.weight	[2048, 256]	F32
GGUF_UNBOUND	mtp.layers.0.ffn_gate_inp_shexp.weight	[2048, 1]	F16
GGUF_UNBOUND	mtp.layers.0.ffn_gate_shexp.weight	[2048, 512]	Q4_K
GGUF_UNBOUND	mtp.layers.0.ffn_up_exps.weight	[2048, 512, 256]	Q4_K
GGUF_UNBOUND	mtp.layers.0.ffn_up_shexp.weight	[2048, 512]	Q4_K
GGUF_UNBOUND	mtp.layers.0.post_attention_norm.weight	[2048]	F32
GGUF_UNBOUND	mtp.norm.weight	[2048]	F32
GGUF_UNBOUND	mtp.pre_fc_norm_embedding.weight	[2048]	F32
GGUF_UNBOUND	mtp.pre_fc_norm_hidden.weight	[2048]	F32
GGUF_UNBOUND	v.blk.0.attn_k.bias	[1152]	F32
GGUF_UNBOUND	v.blk.0.attn_k.weight	[1152, 1152]	F16
GGUF_UNBOUND	v.blk.0.attn_out.bias	[1152]	F32
GGUF_UNBOUND	v.blk.0.attn_out.weight	[1152, 1152]	F16
GGUF_UNBOUND	v.blk.0.attn_q.bias	[1152]	F32
GGUF_UNBOUND	v.blk.0.attn_q.weight	[1152, 1152]	F16
GGUF_UNBOUND	v.blk.0.attn_v.bias	[1152]	F32
GGUF_UNBOUND	v.blk.0.attn_v.weight	[1152, 1152]	F16
GGUF_UNBOUND	v.blk.0.mlp.linear_fc1.bias	[4304]	F32
GGUF_UNBOUND	v.blk.0.mlp.linear_fc1.weight	[1152, 4304]	F16
GGUF_UNBOUND	v.blk.0.mlp.linear_fc2.bias	[1152]	F32
GGUF_UNBOUND	v.blk.0.mlp.linear_fc2.weight	[4304, 1152]	F16
GGUF_UNBOUND	v.blk.0.norm1.bias	[1152]	F32
GGUF_UNBOUND	v.blk.0.norm1.weight	[1152]	F32
GGUF_UNBOUND	v.blk.0.norm2.bias	[1152]	F32
GGUF_UNBOUND	v.blk.0.norm2.weight	[1152]	F32
GGUF_UNBOUND	v.blk.1.attn_k.bias	[1152]	F32
GGUF_UNBOUND	v.blk.1.attn_k.weight	[1152, 1152]	F16
GGUF_UNBOUND	v.blk.1.attn_out.bias	[1152]	F32
GGUF_UNBOUND	v.blk.1.attn_out.weight	[1152, 1152]	F16
GGUF_UNBOUND	v.blk.1.attn_q.bias	[1152]	F32
GGUF_UNBOUND	v.blk.1.attn_q.weight	[1152, 1152]	F16
GGUF_UNBOUND	v.blk.1.attn_v.bias	[1152]	F32
GGUF_UNBOUND	v.blk.1.attn_v.weight	[1152, 1152]	F16
GGUF_UNBOUND	v.blk.1.mlp.linear_fc1.bias	[4304]	F32
GGUF_UNBOUND	v.blk.1.mlp.linear_fc1.weight	[1152, 4304]	F16
GGUF_UNBOUND	v.blk.1.mlp.linear_fc2.bias	[1152]	F32
GGUF_UNBOUND	v.blk.1.mlp.linear_fc2.weight	[4304, 1152]	F16
GGUF_UNBOUND	v.blk.1.norm1.bias	[1152]	F32
GGUF_UNBOUND	v.blk.1.norm1.weight	[1152]	F32
GGUF_UNBOUND	v.blk.1.norm2.bias	[1152]	F32
GGUF_UNBOUND	v.blk.1.norm2.weight	[1152]	F32
GGUF_UNBOUND	v.blk.10.attn_k.bias	[1152]	F32
GGUF_UNBOUND	v.blk.10.attn_k.weight	[1152, 1152]	F16
GGUF_UNBOUND	v.blk.10.attn_out.bias	[1152]	F32
GGUF_UNBOUND	v.blk.10.attn_out.weight	[1152, 1152]	F16
GGUF_UNBOUND	v.blk.10.attn_q.bias	[1152]	F32
GGUF_UNBOUND	v.blk.10.attn_q.weight	[1152, 1152]	F16
GGUF_UNBOUND	v.blk.10.attn_v.bias	[1152]	F32
GGUF_UNBOUND	v.blk.10.attn_v.weight	[1152, 1152]	F16
GGUF_UNBOUND	v.blk.10.mlp.linear_fc1.bias	[4304]	F32
GGUF_UNBOUND	v.blk.10.mlp.linear_fc1.weight	[1152, 4304]	F16
GGUF_UNBOUND	v.blk.10.mlp.linear_fc2.bias	[1152]	F32
GGUF_UNBOUND	v.blk.10.mlp.linear_fc2.weight	[4304, 1152]	F16
GGUF_UNBOUND	v.blk.10.norm1.bias	[1152]	F32
GGUF_UNBOUND	v.blk.10.norm1.weight	[1152]	F32
GGUF_UNBOUND	v.blk.10.norm2.bias	[1152]	F32
GGUF_UNBOUND	v.blk.10.norm2.weight	[1152]	F32
GGUF_UNBOUND	v.blk.11.attn_k.bias	[1152]	F32
GGUF_UNBOUND	v.blk.11.attn_k.weight	[1152, 1152]	F16
GGUF_UNBOUND	v.blk.11.attn_out.bias	[1152]	F32
GGUF_UNBOUND	v.blk.11.attn_out.weight	[1152, 1152]	F16
GGUF_UNBOUND	v.blk.11.attn_q.bias	[1152]	F32
GGUF_UNBOUND	v.blk.11.attn_q.weight	[1152, 1152]	F16
GGUF_UNBOUND	v.blk.11.attn_v.bias	[1152]	F32
GGUF_UNBOUND	v.blk.11.attn_v.weight	[1152, 1152]	F16
GGUF_UNBOUND	v.blk.11.mlp.linear_fc1.bias	[4304]	F32
GGUF_UNBOUND	v.blk.11.mlp.linear_fc1.weight	[1152, 4304]	F16
GGUF_UNBOUND	v.blk.11.mlp.linear_fc2.bias	[1152]	F32
GGUF_UNBOUND	v.blk.11.mlp.linear_fc2.weight	[4304, 1152]	F16
GGUF_UNBOUND	v.blk.11.norm1.bias	[1152]	F32
GGUF_UNBOUND	v.blk.11.norm1.weight	[1152]	F32
GGUF_UNBOUND	v.blk.11.norm2.bias	[1152]	F32
GGUF_UNBOUND	v.blk.11.norm2.weight	[1152]	F32
GGUF_UNBOUND	v.blk.12.attn_k.bias	[1152]	F32
GGUF_UNBOUND	v.blk.12.attn_k.weight	[1152, 1152]	F16
GGUF_UNBOUND	v.blk.12.attn_out.bias	[1152]	F32
GGUF_UNBOUND	v.blk.12.attn_out.weight	[1152, 1152]	F16
GGUF_UNBOUND	v.blk.12.attn_q.bias	[1152]	F32
GGUF_UNBOUND	v.blk.12.attn_q.weight	[1152, 1152]	F16
GGUF_UNBOUND	v.blk.12.attn_v.bias	[1152]	F32
GGUF_UNBOUND	v.blk.12.attn_v.weight	[1152, 1152]	F16
GGUF_UNBOUND	v.blk.12.mlp.linear_fc1.bias	[4304]	F32
GGUF_UNBOUND	v.blk.12.mlp.linear_fc1.weight	[1152, 4304]	F16
GGUF_UNBOUND	v.blk.12.mlp.linear_fc2.bias	[1152]	F32
GGUF_UNBOUND	v.blk.12.mlp.linear_fc2.weight	[4304, 1152]	F16
GGUF_UNBOUND	v.blk.12.norm1.bias	[1152]	F32
GGUF_UNBOUND	v.blk.12.norm1.weight	[1152]	F32
GGUF_UNBOUND	v.blk.12.norm2.bias	[1152]	F32
GGUF_UNBOUND	v.blk.12.norm2.weight	[1152]	F32
GGUF_UNBOUND	v.blk.13.attn_k.bias	[1152]	F32
GGUF_UNBOUND	v.blk.13.attn_k.weight	[1152, 1152]	F16
GGUF_UNBOUND	v.blk.13.attn_out.bias	[1152]	F32
GGUF_UNBOUND	v.blk.13.attn_out.weight	[1152, 1152]	F16
GGUF_UNBOUND	v.blk.13.attn_q.bias	[1152]	F32
GGUF_UNBOUND	v.blk.13.attn_q.weight	[1152, 1152]	F16
GGUF_UNBOUND	v.blk.13.attn_v.bias	[1152]	F32
GGUF_UNBOUND	v.blk.13.attn_v.weight	[1152, 1152]	F16
GGUF_UNBOUND	v.blk.13.mlp.linear_fc1.bias	[4304]	F32
GGUF_UNBOUND	v.blk.13.mlp.linear_fc1.weight	[1152, 4304]	F16
GGUF_UNBOUND	v.blk.13.mlp.linear_fc2.bias	[1152]	F32
GGUF_UNBOUND	v.blk.13.mlp.linear_fc2.weight	[4304, 1152]	F16
GGUF_UNBOUND	v.blk.13.norm1.bias	[1152]	F32
GGUF_UNBOUND	v.blk.13.norm1.weight	[1152]	F32
GGUF_UNBOUND	v.blk.13.norm2.bias	[1152]	F32
GGUF_UNBOUND	v.blk.13.norm2.weight	[1152]	F32
GGUF_UNBOUND	v.blk.14.attn_k.bias	[1152]	F32
GGUF_UNBOUND	v.blk.14.attn_k.weight	[1152, 1152]	F16
GGUF_UNBOUND	v.blk.14.attn_out.bias	[1152]	F32
GGUF_UNBOUND	v.blk.14.attn_out.weight	[1152, 1152]	F16
GGUF_UNBOUND	v.blk.14.attn_q.bias	[1152]	F32
GGUF_UNBOUND	v.blk.14.attn_q.weight	[1152, 1152]	F16
GGUF_UNBOUND	v.blk.14.attn_v.bias	[1152]	F32
GGUF_UNBOUND	v.blk.14.attn_v.weight	[1152, 1152]	F16
GGUF_UNBOUND	v.blk.14.mlp.linear_fc1.bias	[4304]	F32
GGUF_UNBOUND	v.blk.14.mlp.linear_fc1.weight	[1152, 4304]	F16
GGUF_UNBOUND	v.blk.14.mlp.linear_fc2.bias	[1152]	F32
GGUF_UNBOUND	v.blk.14.mlp.linear_fc2.weight	[4304, 1152]	F16
GGUF_UNBOUND	v.blk.14.norm1.bias	[1152]	F32
GGUF_UNBOUND	v.blk.14.norm1.weight	[1152]	F32
GGUF_UNBOUND	v.blk.14.norm2.bias	[1152]	F32
GGUF_UNBOUND	v.blk.14.norm2.weight	[1152]	F32
GGUF_UNBOUND	v.blk.15.attn_k.bias	[1152]	F32
GGUF_UNBOUND	v.blk.15.attn_k.weight	[1152, 1152]	F16
GGUF_UNBOUND	v.blk.15.attn_out.bias	[1152]	F32
GGUF_UNBOUND	v.blk.15.attn_out.weight	[1152, 1152]	F16
GGUF_UNBOUND	v.blk.15.attn_q.bias	[1152]	F32
GGUF_UNBOUND	v.blk.15.attn_q.weight	[1152, 1152]	F16
GGUF_UNBOUND	v.blk.15.attn_v.bias	[1152]	F32
GGUF_UNBOUND	v.blk.15.attn_v.weight	[1152, 1152]	F16
GGUF_UNBOUND	v.blk.15.mlp.linear_fc1.bias	[4304]	F32
GGUF_UNBOUND	v.blk.15.mlp.linear_fc1.weight	[1152, 4304]	F16
GGUF_UNBOUND	v.blk.15.mlp.linear_fc2.bias	[1152]	F32
GGUF_UNBOUND	v.blk.15.mlp.linear_fc2.weight	[4304, 1152]	F16
GGUF_UNBOUND	v.blk.15.norm1.bias	[1152]	F32
GGUF_UNBOUND	v.blk.15.norm1.weight	[1152]	F32
GGUF_UNBOUND	v.blk.15.norm2.bias	[1152]	F32
GGUF_UNBOUND	v.blk.15.norm2.weight	[1152]	F32
GGUF_UNBOUND	v.blk.16.attn_k.bias	[1152]	F32
GGUF_UNBOUND	v.blk.16.attn_k.weight	[1152, 1152]	F16
GGUF_UNBOUND	v.blk.16.attn_out.bias	[1152]	F32
GGUF_UNBOUND	v.blk.16.attn_out.weight	[1152, 1152]	F16
GGUF_UNBOUND	v.blk.16.attn_q.bias	[1152]	F32
GGUF_UNBOUND	v.blk.16.attn_q.weight	[1152, 1152]	F16
GGUF_UNBOUND	v.blk.16.attn_v.bias	[1152]	F32
GGUF_UNBOUND	v.blk.16.attn_v.weight	[1152, 1152]	F16
GGUF_UNBOUND	v.blk.16.mlp.linear_fc1.bias	[4304]	F32
GGUF_UNBOUND	v.blk.16.mlp.linear_fc1.weight	[1152, 4304]	F16
GGUF_UNBOUND	v.blk.16.mlp.linear_fc2.bias	[1152]	F32
GGUF_UNBOUND	v.blk.16.mlp.linear_fc2.weight	[4304, 1152]	F16
GGUF_UNBOUND	v.blk.16.norm1.bias	[1152]	F32
GGUF_UNBOUND	v.blk.16.norm1.weight	[1152]	F32
GGUF_UNBOUND	v.blk.16.norm2.bias	[1152]	F32
GGUF_UNBOUND	v.blk.16.norm2.weight	[1152]	F32
GGUF_UNBOUND	v.blk.17.attn_k.bias	[1152]	F32
GGUF_UNBOUND	v.blk.17.attn_k.weight	[1152, 1152]	F16
GGUF_UNBOUND	v.blk.17.attn_out.bias	[1152]	F32
GGUF_UNBOUND	v.blk.17.attn_out.weight	[1152, 1152]	F16
GGUF_UNBOUND	v.blk.17.attn_q.bias	[1152]	F32
GGUF_UNBOUND	v.blk.17.attn_q.weight	[1152, 1152]	F16
GGUF_UNBOUND	v.blk.17.attn_v.bias	[1152]	F32
GGUF_UNBOUND	v.blk.17.attn_v.weight	[1152, 1152]	F16
GGUF_UNBOUND	v.blk.17.mlp.linear_fc1.bias	[4304]	F32
GGUF_UNBOUND	v.blk.17.mlp.linear_fc1.weight	[1152, 4304]	F16
GGUF_UNBOUND	v.blk.17.mlp.linear_fc2.bias	[1152]	F32
GGUF_UNBOUND	v.blk.17.mlp.linear_fc2.weight	[4304, 1152]	F16
GGUF_UNBOUND	v.blk.17.norm1.bias	[1152]	F32
GGUF_UNBOUND	v.blk.17.norm1.weight	[1152]	F32
GGUF_UNBOUND	v.blk.17.norm2.bias	[1152]	F32
GGUF_UNBOUND	v.blk.17.norm2.weight	[1152]	F32
GGUF_UNBOUND	v.blk.18.attn_k.bias	[1152]	F32
GGUF_UNBOUND	v.blk.18.attn_k.weight	[1152, 1152]	F16
GGUF_UNBOUND	v.blk.18.attn_out.bias	[1152]	F32
GGUF_UNBOUND	v.blk.18.attn_out.weight	[1152, 1152]	F16
GGUF_UNBOUND	v.blk.18.attn_q.bias	[1152]	F32
GGUF_UNBOUND	v.blk.18.attn_q.weight	[1152, 1152]	F16
GGUF_UNBOUND	v.blk.18.attn_v.bias	[1152]	F32
GGUF_UNBOUND	v.blk.18.attn_v.weight	[1152, 1152]	F16
GGUF_UNBOUND	v.blk.18.mlp.linear_fc1.bias	[4304]	F32
GGUF_UNBOUND	v.blk.18.mlp.linear_fc1.weight	[1152, 4304]	F16
GGUF_UNBOUND	v.blk.18.mlp.linear_fc2.bias	[1152]	F32
GGUF_UNBOUND	v.blk.18.mlp.linear_fc2.weight	[4304, 1152]	F16
GGUF_UNBOUND	v.blk.18.norm1.bias	[1152]	F32
GGUF_UNBOUND	v.blk.18.norm1.weight	[1152]	F32
GGUF_UNBOUND	v.blk.18.norm2.bias	[1152]	F32
GGUF_UNBOUND	v.blk.18.norm2.weight	[1152]	F32
GGUF_UNBOUND	v.blk.19.attn_k.bias	[1152]	F32
GGUF_UNBOUND	v.blk.19.attn_k.weight	[1152, 1152]	F16
GGUF_UNBOUND	v.blk.19.attn_out.bias	[1152]	F32
GGUF_UNBOUND	v.blk.19.attn_out.weight	[1152, 1152]	F16
GGUF_UNBOUND	v.blk.19.attn_q.bias	[1152]	F32
GGUF_UNBOUND	v.blk.19.attn_q.weight	[1152, 1152]	F16
GGUF_UNBOUND	v.blk.19.attn_v.bias	[1152]	F32
GGUF_UNBOUND	v.blk.19.attn_v.weight	[1152, 1152]	F16
GGUF_UNBOUND	v.blk.19.mlp.linear_fc1.bias	[4304]	F32
GGUF_UNBOUND	v.blk.19.mlp.linear_fc1.weight	[1152, 4304]	F16
GGUF_UNBOUND	v.blk.19.mlp.linear_fc2.bias	[1152]	F32
GGUF_UNBOUND	v.blk.19.mlp.linear_fc2.weight	[4304, 1152]	F16
GGUF_UNBOUND	v.blk.19.norm1.bias	[1152]	F32
GGUF_UNBOUND	v.blk.19.norm1.weight	[1152]	F32
GGUF_UNBOUND	v.blk.19.norm2.bias	[1152]	F32
GGUF_UNBOUND	v.blk.19.norm2.weight	[1152]	F32
GGUF_UNBOUND	v.blk.2.attn_k.bias	[1152]	F32
GGUF_UNBOUND	v.blk.2.attn_k.weight	[1152, 1152]	F16
GGUF_UNBOUND	v.blk.2.attn_out.bias	[1152]	F32
GGUF_UNBOUND	v.blk.2.attn_out.weight	[1152, 1152]	F16
GGUF_UNBOUND	v.blk.2.attn_q.bias	[1152]	F32
GGUF_UNBOUND	v.blk.2.attn_q.weight	[1152, 1152]	F16
GGUF_UNBOUND	v.blk.2.attn_v.bias	[1152]	F32
GGUF_UNBOUND	v.blk.2.attn_v.weight	[1152, 1152]	F16
GGUF_UNBOUND	v.blk.2.mlp.linear_fc1.bias	[4304]	F32
GGUF_UNBOUND	v.blk.2.mlp.linear_fc1.weight	[1152, 4304]	F16
GGUF_UNBOUND	v.blk.2.mlp.linear_fc2.bias	[1152]	F32
GGUF_UNBOUND	v.blk.2.mlp.linear_fc2.weight	[4304, 1152]	F16
GGUF_UNBOUND	v.blk.2.norm1.bias	[1152]	F32
GGUF_UNBOUND	v.blk.2.norm1.weight	[1152]	F32
GGUF_UNBOUND	v.blk.2.norm2.bias	[1152]	F32
GGUF_UNBOUND	v.blk.2.norm2.weight	[1152]	F32
GGUF_UNBOUND	v.blk.20.attn_k.bias	[1152]	F32
GGUF_UNBOUND	v.blk.20.attn_k.weight	[1152, 1152]	F16
GGUF_UNBOUND	v.blk.20.attn_out.bias	[1152]	F32
GGUF_UNBOUND	v.blk.20.attn_out.weight	[1152, 1152]	F16
GGUF_UNBOUND	v.blk.20.attn_q.bias	[1152]	F32
GGUF_UNBOUND	v.blk.20.attn_q.weight	[1152, 1152]	F16
GGUF_UNBOUND	v.blk.20.attn_v.bias	[1152]	F32
GGUF_UNBOUND	v.blk.20.attn_v.weight	[1152, 1152]	F16
GGUF_UNBOUND	v.blk.20.mlp.linear_fc1.bias	[4304]	F32
GGUF_UNBOUND	v.blk.20.mlp.linear_fc1.weight	[1152, 4304]	F16
GGUF_UNBOUND	v.blk.20.mlp.linear_fc2.bias	[1152]	F32
GGUF_UNBOUND	v.blk.20.mlp.linear_fc2.weight	[4304, 1152]	F16
GGUF_UNBOUND	v.blk.20.norm1.bias	[1152]	F32
GGUF_UNBOUND	v.blk.20.norm1.weight	[1152]	F32
GGUF_UNBOUND	v.blk.20.norm2.bias	[1152]	F32
GGUF_UNBOUND	v.blk.20.norm2.weight	[1152]	F32
GGUF_UNBOUND	v.blk.21.attn_k.bias	[1152]	F32
GGUF_UNBOUND	v.blk.21.attn_k.weight	[1152, 1152]	F16
GGUF_UNBOUND	v.blk.21.attn_out.bias	[1152]	F32
GGUF_UNBOUND	v.blk.21.attn_out.weight	[1152, 1152]	F16
GGUF_UNBOUND	v.blk.21.attn_q.bias	[1152]	F32
GGUF_UNBOUND	v.blk.21.attn_q.weight	[1152, 1152]	F16
GGUF_UNBOUND	v.blk.21.attn_v.bias	[1152]	F32
GGUF_UNBOUND	v.blk.21.attn_v.weight	[1152, 1152]	F16
GGUF_UNBOUND	v.blk.21.mlp.linear_fc1.bias	[4304]	F32
GGUF_UNBOUND	v.blk.21.mlp.linear_fc1.weight	[1152, 4304]	F16
GGUF_UNBOUND	v.blk.21.mlp.linear_fc2.bias	[1152]	F32
GGUF_UNBOUND	v.blk.21.mlp.linear_fc2.weight	[4304, 1152]	F16
GGUF_UNBOUND	v.blk.21.norm1.bias	[1152]	F32
GGUF_UNBOUND	v.blk.21.norm1.weight	[1152]	F32
GGUF_UNBOUND	v.blk.21.norm2.bias	[1152]	F32
GGUF_UNBOUND	v.blk.21.norm2.weight	[1152]	F32
GGUF_UNBOUND	v.blk.22.attn_k.bias	[1152]	F32
GGUF_UNBOUND	v.blk.22.attn_k.weight	[1152, 1152]	F16
GGUF_UNBOUND	v.blk.22.attn_out.bias	[1152]	F32
GGUF_UNBOUND	v.blk.22.attn_out.weight	[1152, 1152]	F16
GGUF_UNBOUND	v.blk.22.attn_q.bias	[1152]	F32
GGUF_UNBOUND	v.blk.22.attn_q.weight	[1152, 1152]	F16
GGUF_UNBOUND	v.blk.22.attn_v.bias	[1152]	F32
GGUF_UNBOUND	v.blk.22.attn_v.weight	[1152, 1152]	F16
GGUF_UNBOUND	v.blk.22.mlp.linear_fc1.bias	[4304]	F32
GGUF_UNBOUND	v.blk.22.mlp.linear_fc1.weight	[1152, 4304]	F16
GGUF_UNBOUND	v.blk.22.mlp.linear_fc2.bias	[1152]	F32
GGUF_UNBOUND	v.blk.22.mlp.linear_fc2.weight	[4304, 1152]	F16
GGUF_UNBOUND	v.blk.22.norm1.bias	[1152]	F32
GGUF_UNBOUND	v.blk.22.norm1.weight	[1152]	F32
GGUF_UNBOUND	v.blk.22.norm2.bias	[1152]	F32
GGUF_UNBOUND	v.blk.22.norm2.weight	[1152]	F32
GGUF_UNBOUND	v.blk.23.attn_k.bias	[1152]	F32
GGUF_UNBOUND	v.blk.23.attn_k.weight	[1152, 1152]	F16
GGUF_UNBOUND	v.blk.23.attn_out.bias	[1152]	F32
GGUF_UNBOUND	v.blk.23.attn_out.weight	[1152, 1152]	F16
GGUF_UNBOUND	v.blk.23.attn_q.bias	[1152]	F32
GGUF_UNBOUND	v.blk.23.attn_q.weight	[1152, 1152]	F16
GGUF_UNBOUND	v.blk.23.attn_v.bias	[1152]	F32
GGUF_UNBOUND	v.blk.23.attn_v.weight	[1152, 1152]	F16
GGUF_UNBOUND	v.blk.23.mlp.linear_fc1.bias	[4304]	F32
GGUF_UNBOUND	v.blk.23.mlp.linear_fc1.weight	[1152, 4304]	F16
GGUF_UNBOUND	v.blk.23.mlp.linear_fc2.bias	[1152]	F32
GGUF_UNBOUND	v.blk.23.mlp.linear_fc2.weight	[4304, 1152]	F16
GGUF_UNBOUND	v.blk.23.norm1.bias	[1152]	F32
GGUF_UNBOUND	v.blk.23.norm1.weight	[1152]	F32
GGUF_UNBOUND	v.blk.23.norm2.bias	[1152]	F32
GGUF_UNBOUND	v.blk.23.norm2.weight	[1152]	F32
GGUF_UNBOUND	v.blk.24.attn_k.bias	[1152]	F32
GGUF_UNBOUND	v.blk.24.attn_k.weight	[1152, 1152]	F16
GGUF_UNBOUND	v.blk.24.attn_out.bias	[1152]	F32
GGUF_UNBOUND	v.blk.24.attn_out.weight	[1152, 1152]	F16
GGUF_UNBOUND	v.blk.24.attn_q.bias	[1152]	F32
GGUF_UNBOUND	v.blk.24.attn_q.weight	[1152, 1152]	F16
GGUF_UNBOUND	v.blk.24.attn_v.bias	[1152]	F32
GGUF_UNBOUND	v.blk.24.attn_v.weight	[1152, 1152]	F16
GGUF_UNBOUND	v.blk.24.mlp.linear_fc1.bias	[4304]	F32
GGUF_UNBOUND	v.blk.24.mlp.linear_fc1.weight	[1152, 4304]	F16
GGUF_UNBOUND	v.blk.24.mlp.linear_fc2.bias	[1152]	F32
GGUF_UNBOUND	v.blk.24.mlp.linear_fc2.weight	[4304, 1152]	F16
GGUF_UNBOUND	v.blk.24.norm1.bias	[1152]	F32
GGUF_UNBOUND	v.blk.24.norm1.weight	[1152]	F32
GGUF_UNBOUND	v.blk.24.norm2.bias	[1152]	F32
GGUF_UNBOUND	v.blk.24.norm2.weight	[1152]	F32
GGUF_UNBOUND	v.blk.25.attn_k.bias	[1152]	F32
GGUF_UNBOUND	v.blk.25.attn_k.weight	[1152, 1152]	F16
GGUF_UNBOUND	v.blk.25.attn_out.bias	[1152]	F32
GGUF_UNBOUND	v.blk.25.attn_out.weight	[1152, 1152]	F16
GGUF_UNBOUND	v.blk.25.attn_q.bias	[1152]	F32
GGUF_UNBOUND	v.blk.25.attn_q.weight	[1152, 1152]	F16
GGUF_UNBOUND	v.blk.25.attn_v.bias	[1152]	F32
GGUF_UNBOUND	v.blk.25.attn_v.weight	[1152, 1152]	F16
GGUF_UNBOUND	v.blk.25.mlp.linear_fc1.bias	[4304]	F32
GGUF_UNBOUND	v.blk.25.mlp.linear_fc1.weight	[1152, 4304]	F16
GGUF_UNBOUND	v.blk.25.mlp.linear_fc2.bias	[1152]	F32
GGUF_UNBOUND	v.blk.25.mlp.linear_fc2.weight	[4304, 1152]	F16
GGUF_UNBOUND	v.blk.25.norm1.bias	[1152]	F32
GGUF_UNBOUND	v.blk.25.norm1.weight	[1152]	F32
GGUF_UNBOUND	v.blk.25.norm2.bias	[1152]	F32
GGUF_UNBOUND	v.blk.25.norm2.weight	[1152]	F32
GGUF_UNBOUND	v.blk.26.attn_k.bias	[1152]	F32
GGUF_UNBOUND	v.blk.26.attn_k.weight	[1152, 1152]	F16
GGUF_UNBOUND	v.blk.26.attn_out.bias	[1152]	F32
GGUF_UNBOUND	v.blk.26.attn_out.weight	[1152, 1152]	F16
GGUF_UNBOUND	v.blk.26.attn_q.bias	[1152]	F32
GGUF_UNBOUND	v.blk.26.attn_q.weight	[1152, 1152]	F16
GGUF_UNBOUND	v.blk.26.attn_v.bias	[1152]	F32
GGUF_UNBOUND	v.blk.26.attn_v.weight	[1152, 1152]	F16
GGUF_UNBOUND	v.blk.26.mlp.linear_fc1.bias	[4304]	F32
GGUF_UNBOUND	v.blk.26.mlp.linear_fc1.weight	[1152, 4304]	F16
GGUF_UNBOUND	v.blk.26.mlp.linear_fc2.bias	[1152]	F32
GGUF_UNBOUND	v.blk.26.mlp.linear_fc2.weight	[4304, 1152]	F16
GGUF_UNBOUND	v.blk.26.norm1.bias	[1152]	F32
GGUF_UNBOUND	v.blk.26.norm1.weight	[1152]	F32
GGUF_UNBOUND	v.blk.26.norm2.bias	[1152]	F32
GGUF_UNBOUND	v.blk.26.norm2.weight	[1152]	F32
GGUF_UNBOUND	v.blk.3.attn_k.bias	[1152]	F32
GGUF_UNBOUND	v.blk.3.attn_k.weight	[1152, 1152]	F16
GGUF_UNBOUND	v.blk.3.attn_out.bias	[1152]	F32
GGUF_UNBOUND	v.blk.3.attn_out.weight	[1152, 1152]	F16
GGUF_UNBOUND	v.blk.3.attn_q.bias	[1152]	F32
GGUF_UNBOUND	v.blk.3.attn_q.weight	[1152, 1152]	F16
GGUF_UNBOUND	v.blk.3.attn_v.bias	[1152]	F32
GGUF_UNBOUND	v.blk.3.attn_v.weight	[1152, 1152]	F16
GGUF_UNBOUND	v.blk.3.mlp.linear_fc1.bias	[4304]	F32
GGUF_UNBOUND	v.blk.3.mlp.linear_fc1.weight	[1152, 4304]	F16
GGUF_UNBOUND	v.blk.3.mlp.linear_fc2.bias	[1152]	F32
GGUF_UNBOUND	v.blk.3.mlp.linear_fc2.weight	[4304, 1152]	F16
GGUF_UNBOUND	v.blk.3.norm1.bias	[1152]	F32
GGUF_UNBOUND	v.blk.3.norm1.weight	[1152]	F32
GGUF_UNBOUND	v.blk.3.norm2.bias	[1152]	F32
GGUF_UNBOUND	v.blk.3.norm2.weight	[1152]	F32
GGUF_UNBOUND	v.blk.4.attn_k.bias	[1152]	F32
GGUF_UNBOUND	v.blk.4.attn_k.weight	[1152, 1152]	F16
GGUF_UNBOUND	v.blk.4.attn_out.bias	[1152]	F32
GGUF_UNBOUND	v.blk.4.attn_out.weight	[1152, 1152]	F16
GGUF_UNBOUND	v.blk.4.attn_q.bias	[1152]	F32
GGUF_UNBOUND	v.blk.4.attn_q.weight	[1152, 1152]	F16
GGUF_UNBOUND	v.blk.4.attn_v.bias	[1152]	F32
GGUF_UNBOUND	v.blk.4.attn_v.weight	[1152, 1152]	F16
GGUF_UNBOUND	v.blk.4.mlp.linear_fc1.bias	[4304]	F32
GGUF_UNBOUND	v.blk.4.mlp.linear_fc1.weight	[1152, 4304]	F16
GGUF_UNBOUND	v.blk.4.mlp.linear_fc2.bias	[1152]	F32
GGUF_UNBOUND	v.blk.4.mlp.linear_fc2.weight	[4304, 1152]	F16
GGUF_UNBOUND	v.blk.4.norm1.bias	[1152]	F32
GGUF_UNBOUND	v.blk.4.norm1.weight	[1152]	F32
GGUF_UNBOUND	v.blk.4.norm2.bias	[1152]	F32
GGUF_UNBOUND	v.blk.4.norm2.weight	[1152]	F32
GGUF_UNBOUND	v.blk.5.attn_k.bias	[1152]	F32
GGUF_UNBOUND	v.blk.5.attn_k.weight	[1152, 1152]	F16
GGUF_UNBOUND	v.blk.5.attn_out.bias	[1152]	F32
GGUF_UNBOUND	v.blk.5.attn_out.weight	[1152, 1152]	F16
GGUF_UNBOUND	v.blk.5.attn_q.bias	[1152]	F32
GGUF_UNBOUND	v.blk.5.attn_q.weight	[1152, 1152]	F16
GGUF_UNBOUND	v.blk.5.attn_v.bias	[1152]	F32
GGUF_UNBOUND	v.blk.5.attn_v.weight	[1152, 1152]	F16
GGUF_UNBOUND	v.blk.5.mlp.linear_fc1.bias	[4304]	F32
GGUF_UNBOUND	v.blk.5.mlp.linear_fc1.weight	[1152, 4304]	F16
GGUF_UNBOUND	v.blk.5.mlp.linear_fc2.bias	[1152]	F32
GGUF_UNBOUND	v.blk.5.mlp.linear_fc2.weight	[4304, 1152]	F16
GGUF_UNBOUND	v.blk.5.norm1.bias	[1152]	F32
GGUF_UNBOUND	v.blk.5.norm1.weight	[1152]	F32
GGUF_UNBOUND	v.blk.5.norm2.bias	[1152]	F32
GGUF_UNBOUND	v.blk.5.norm2.weight	[1152]	F32
GGUF_UNBOUND	v.blk.6.attn_k.bias	[1152]	F32
GGUF_UNBOUND	v.blk.6.attn_k.weight	[1152, 1152]	F16
GGUF_UNBOUND	v.blk.6.attn_out.bias	[1152]	F32
GGUF_UNBOUND	v.blk.6.attn_out.weight	[1152, 1152]	F16
GGUF_UNBOUND	v.blk.6.attn_q.bias	[1152]	F32
GGUF_UNBOUND	v.blk.6.attn_q.weight	[1152, 1152]	F16
GGUF_UNBOUND	v.blk.6.attn_v.bias	[1152]	F32
GGUF_UNBOUND	v.blk.6.attn_v.weight	[1152, 1152]	F16
GGUF_UNBOUND	v.blk.6.mlp.linear_fc1.bias	[4304]	F32
GGUF_UNBOUND	v.blk.6.mlp.linear_fc1.weight	[1152, 4304]	F16
GGUF_UNBOUND	v.blk.6.mlp.linear_fc2.bias	[1152]	F32
GGUF_UNBOUND	v.blk.6.mlp.linear_fc2.weight	[4304, 1152]	F16
GGUF_UNBOUND	v.blk.6.norm1.bias	[1152]	F32
GGUF_UNBOUND	v.blk.6.norm1.weight	[1152]	F32
GGUF_UNBOUND	v.blk.6.norm2.bias	[1152]	F32
GGUF_UNBOUND	v.blk.6.norm2.weight	[1152]	F32
GGUF_UNBOUND	v.blk.7.attn_k.bias	[1152]	F32
GGUF_UNBOUND	v.blk.7.attn_k.weight	[1152, 1152]	F16
GGUF_UNBOUND	v.blk.7.attn_out.bias	[1152]	F32
GGUF_UNBOUND	v.blk.7.attn_out.weight	[1152, 1152]	F16
GGUF_UNBOUND	v.blk.7.attn_q.bias	[1152]	F32
GGUF_UNBOUND	v.blk.7.attn_q.weight	[1152, 1152]	F16
GGUF_UNBOUND	v.blk.7.attn_v.bias	[1152]	F32
GGUF_UNBOUND	v.blk.7.attn_v.weight	[1152, 1152]	F16
GGUF_UNBOUND	v.blk.7.mlp.linear_fc1.bias	[4304]	F32
GGUF_UNBOUND	v.blk.7.mlp.linear_fc1.weight	[1152, 4304]	F16
GGUF_UNBOUND	v.blk.7.mlp.linear_fc2.bias	[1152]	F32
GGUF_UNBOUND	v.blk.7.mlp.linear_fc2.weight	[4304, 1152]	F16
GGUF_UNBOUND	v.blk.7.norm1.bias	[1152]	F32
GGUF_UNBOUND	v.blk.7.norm1.weight	[1152]	F32
GGUF_UNBOUND	v.blk.7.norm2.bias	[1152]	F32
GGUF_UNBOUND	v.blk.7.norm2.weight	[1152]	F32
GGUF_UNBOUND	v.blk.8.attn_k.bias	[1152]	F32
GGUF_UNBOUND	v.blk.8.attn_k.weight	[1152, 1152]	F16
GGUF_UNBOUND	v.blk.8.attn_out.bias	[1152]	F32
GGUF_UNBOUND	v.blk.8.attn_out.weight	[1152, 1152]	F16
GGUF_UNBOUND	v.blk.8.attn_q.bias	[1152]	F32
GGUF_UNBOUND	v.blk.8.attn_q.weight	[1152, 1152]	F16
GGUF_UNBOUND	v.blk.8.attn_v.bias	[1152]	F32
GGUF_UNBOUND	v.blk.8.attn_v.weight	[1152, 1152]	F16
GGUF_UNBOUND	v.blk.8.mlp.linear_fc1.bias	[4304]	F32
GGUF_UNBOUND	v.blk.8.mlp.linear_fc1.weight	[1152, 4304]	F16
GGUF_UNBOUND	v.blk.8.mlp.linear_fc2.bias	[1152]	F32
GGUF_UNBOUND	v.blk.8.mlp.linear_fc2.weight	[4304, 1152]	F16
GGUF_UNBOUND	v.blk.8.norm1.bias	[1152]	F32
GGUF_UNBOUND	v.blk.8.norm1.weight	[1152]	F32
GGUF_UNBOUND	v.blk.8.norm2.bias	[1152]	F32
GGUF_UNBOUND	v.blk.8.norm2.weight	[1152]	F32
GGUF_UNBOUND	v.blk.9.attn_k.bias	[1152]	F32
GGUF_UNBOUND	v.blk.9.attn_k.weight	[1152, 1152]	F16
GGUF_UNBOUND	v.blk.9.attn_out.bias	[1152]	F32
GGUF_UNBOUND	v.blk.9.attn_out.weight	[1152, 1152]	F16
GGUF_UNBOUND	v.blk.9.attn_q.bias	[1152]	F32
GGUF_UNBOUND	v.blk.9.attn_q.weight	[1152, 1152]	F16
GGUF_UNBOUND	v.blk.9.attn_v.bias	[1152]	F32
GGUF_UNBOUND	v.blk.9.attn_v.weight	[1152, 1152]	F16
GGUF_UNBOUND	v.blk.9.mlp.linear_fc1.bias	[4304]	F32
GGUF_UNBOUND	v.blk.9.mlp.linear_fc1.weight	[1152, 4304]	F16
GGUF_UNBOUND	v.blk.9.mlp.linear_fc2.bias	[1152]	F32
GGUF_UNBOUND	v.blk.9.mlp.linear_fc2.weight	[4304, 1152]	F16
GGUF_UNBOUND	v.blk.9.norm1.bias	[1152]	F32
GGUF_UNBOUND	v.blk.9.norm1.weight	[1152]	F32
GGUF_UNBOUND	v.blk.9.norm2.bias	[1152]	F32
GGUF_UNBOUND	v.blk.9.norm2.weight	[1152]	F32
GGUF_UNBOUND	v.merger.linear_fc1.bias	[4608]	F32
GGUF_UNBOUND	v.merger.linear_fc1.weight	[4608, 4608]	F16
GGUF_UNBOUND	v.merger.linear_fc2.bias	[2048]	F32
GGUF_UNBOUND	v.merger.linear_fc2.weight	[4608, 2048]	F16
GGUF_UNBOUND	v.merger.norm.bias	[1152]	F32
GGUF_UNBOUND	v.merger.norm.weight	[1152]	F32
GGUF_UNBOUND	v.patch_embed.bias	[1152]	F32
GGUF_UNBOUND	v.patch_embed.weight	[16, 16, 2, 3456]	F16
GGUF_UNBOUND	v.pos_embed.weight	[1152, 2304]	F16
