LEAF	ids	Int32	[Symbolic(0)]	gguf=-	bound=-	
LEAF	token_embd.weight	Float32	[Static(49155), Static(1024)]	gguf=[1024, 49155]/Q8_0	bound=packed	ew:Identity:Computed { indices: NodeId(0), index_map: IndexPattern { iter_rank: 2,
LEAF	eps	Float32	[Symbolic(0)]	gguf=-	bound=-	ew:Add:Affine(IndexPattern { iter_rank: 1, axes: [AxisIndex { terms: [AxisTer
LEAF	rope_cos	Float32	[Symbolic(0), Static(32)]	gguf=-	bound=-	ew:Multiply:Affine(IndexPattern { iter_rank: 3, axes: [AxisIndex { terms: [AxisTer
LEAF	rope_sin	Float32	[Symbolic(0), Static(32)]	gguf=-	bound=-	ew:Multiply:Affine(IndexPattern { iter_rank: 3, axes: [AxisIndex { terms: [AxisTer
LEAF	cached_len	Float32	[]	gguf=-	bound=-	
LEAF	blk.0.attn_norm.weight	Float32	[Static(1024)]	gguf=[1024]/F32	bound=packed	ew:Multiply:Affine(IndexPattern { iter_rank: 2, axes: [AxisIndex { terms: [AxisTer
LEAF	blk.0.ffn_norm.weight	Float32	[Static(1024)]	gguf=[1024]/F32	bound=packed	ew:Multiply:Affine(IndexPattern { iter_rank: 2, axes: [AxisIndex { terms: [AxisTer
LEAF	blk.0.attn_q.weight	Float32	[Static(1024), Static(16), Static(64)]	gguf=[1024, 1024]/Q8_0	bound=packed	ew:Multiply:Affine(IndexPattern { iter_rank: 4, axes: [AxisIndex { terms: [AxisTer
LEAF	blk.0.attn_k.weight	Float32	[Static(1024), Static(8), Static(64)]	gguf=[1024, 512]/Q8_0	bound=packed	ew:Multiply:Affine(IndexPattern { iter_rank: 4, axes: [AxisIndex { terms: [AxisTer
LEAF	blk.0.attn_v.weight	Float32	[Static(1024), Static(8), Static(64)]	gguf=[1024, 512]/Q8_0	bound=packed	ew:Multiply:Affine(IndexPattern { iter_rank: 4, axes: [AxisIndex { terms: [AxisTer
LEAF	blk.0.attn_output.weight	Float32	[Static(8), Static(2), Static(64), Static(1024)]	gguf=[1024, 1024]/Q8_0	bound=packed	ew:Multiply:Affine(IndexPattern { iter_rank: 5, axes: [AxisIndex { terms: [AxisTer
LEAF	kv_cache.0.k_even	Float32	[Symbolic(1), Static(8), Static(32)]	gguf=-	bound=-	ew:Multiply:Affine(IndexPattern { iter_rank: 5, axes: [AxisIndex { terms: [AxisTer
LEAF	kv_cache.0.k_odd	Float32	[Symbolic(1), Static(8), Static(32)]	gguf=-	bound=-	ew:Multiply:Affine(IndexPattern { iter_rank: 5, axes: [AxisIndex { terms: [AxisTer
LEAF	kv_cache.0.v	Float32	[Symbolic(1), Static(8), Static(64)]	gguf=-	bound=-	ew:Multiply:Affine(IndexPattern { iter_rank: 5, axes: [AxisIndex { terms: [AxisTer
LEAF	blk.0.ffn_gate_inp.weight	Float32	[Static(1024), Static(32)]	gguf=[1024, 32]/F32	bound=owned	ew:Multiply:Affine(IndexPattern { iter_rank: 3, axes: [AxisIndex { terms: [AxisTer
LEAF	blk.0.ffn_gate_exps.weight	Float32	[Static(32), Static(1024), Static(512)]	gguf=[1024, 512, 32]/Q8_0	bound=packed	ew:Multiply:Computed { indices: NodeId(109), index_map: IndexPattern { iter_rank:  | ew:Multiply:Computed { indices: NodeId(129), index_map: IndexPattern { iter_rank:  | ew:Multiply:Computed { indices: NodeId(151), index_map: IndexPattern { iter_rank:  | ew:Multiply:Computed { indices: NodeId(173), index_map: IndexPattern { iter_rank:  | ew:Multiply:Computed { indices: NodeId(195), index_map: IndexPattern { iter_rank:  | ew:Multiply:Computed { indices: NodeId(217), index_map: IndexPattern { iter_rank:  | ew:Multiply:Computed { indices: NodeId(239), index_map: IndexPattern { iter_rank:  | ew:Multiply:Computed { indices: NodeId(261), index_map: IndexPattern { iter_rank: 
LEAF	blk.0.ffn_up_exps.weight	Float32	[Static(32), Static(1024), Static(512)]	gguf=[1024, 512, 32]/Q8_0	bound=packed	ew:Multiply:Computed { indices: NodeId(109), index_map: IndexPattern { iter_rank:  | ew:Multiply:Computed { indices: NodeId(129), index_map: IndexPattern { iter_rank:  | ew:Multiply:Computed { indices: NodeId(151), index_map: IndexPattern { iter_rank:  | ew:Multiply:Computed { indices: NodeId(173), index_map: IndexPattern { iter_rank:  | ew:Multiply:Computed { indices: NodeId(195), index_map: IndexPattern { iter_rank:  | ew:Multiply:Computed { indices: NodeId(217), index_map: IndexPattern { iter_rank:  | ew:Multiply:Computed { indices: NodeId(239), index_map: IndexPattern { iter_rank:  | ew:Multiply:Computed { indices: NodeId(261), index_map: IndexPattern { iter_rank: 
LEAF	blk.0.ffn_down_exps.weight	Float32	[Static(32), Static(512), Static(1024)]	gguf=[512, 1024, 32]/Q8_0	bound=packed	ew:Multiply:Computed { indices: NodeId(109), index_map: IndexPattern { iter_rank:  | ew:Multiply:Computed { indices: NodeId(129), index_map: IndexPattern { iter_rank:  | ew:Multiply:Computed { indices: NodeId(151), index_map: IndexPattern { iter_rank:  | ew:Multiply:Computed { indices: NodeId(173), index_map: IndexPattern { iter_rank:  | ew:Multiply:Computed { indices: NodeId(195), index_map: IndexPattern { iter_rank:  | ew:Multiply:Computed { indices: NodeId(217), index_map: IndexPattern { iter_rank:  | ew:Multiply:Computed { indices: NodeId(239), index_map: IndexPattern { iter_rank:  | ew:Multiply:Computed { indices: NodeId(261), index_map: IndexPattern { iter_rank: 
LEAF	blk.1.attn_norm.weight	Float32	[Static(1024)]	gguf=[1024]/F32	bound=packed	ew:Multiply:Affine(IndexPattern { iter_rank: 2, axes: [AxisIndex { terms: [AxisTer
LEAF	blk.1.ffn_norm.weight	Float32	[Static(1024)]	gguf=[1024]/F32	bound=packed	ew:Multiply:Affine(IndexPattern { iter_rank: 2, axes: [AxisIndex { terms: [AxisTer
LEAF	blk.1.attn_q.weight	Float32	[Static(1024), Static(16), Static(64)]	gguf=[1024, 1024]/Q8_0	bound=packed	ew:Multiply:Affine(IndexPattern { iter_rank: 4, axes: [AxisIndex { terms: [AxisTer
LEAF	blk.1.attn_k.weight	Float32	[Static(1024), Static(8), Static(64)]	gguf=[1024, 512]/Q8_0	bound=packed	ew:Multiply:Affine(IndexPattern { iter_rank: 4, axes: [AxisIndex { terms: [AxisTer
LEAF	blk.1.attn_v.weight	Float32	[Static(1024), Static(8), Static(64)]	gguf=[1024, 512]/Q8_0	bound=packed	ew:Multiply:Affine(IndexPattern { iter_rank: 4, axes: [AxisIndex { terms: [AxisTer
LEAF	blk.1.attn_output.weight	Float32	[Static(8), Static(2), Static(64), Static(1024)]	gguf=[1024, 1024]/Q8_0	bound=packed	ew:Multiply:Affine(IndexPattern { iter_rank: 5, axes: [AxisIndex { terms: [AxisTer
LEAF	kv_cache.1.k_even	Float32	[Symbolic(1), Static(8), Static(32)]	gguf=-	bound=-	ew:Multiply:Affine(IndexPattern { iter_rank: 5, axes: [AxisIndex { terms: [AxisTer
LEAF	kv_cache.1.k_odd	Float32	[Symbolic(1), Static(8), Static(32)]	gguf=-	bound=-	ew:Multiply:Affine(IndexPattern { iter_rank: 5, axes: [AxisIndex { terms: [AxisTer
LEAF	kv_cache.1.v	Float32	[Symbolic(1), Static(8), Static(64)]	gguf=-	bound=-	ew:Multiply:Affine(IndexPattern { iter_rank: 5, axes: [AxisIndex { terms: [AxisTer
LEAF	blk.1.ffn_gate_inp.weight	Float32	[Static(1024), Static(32)]	gguf=[1024, 32]/F32	bound=owned	ew:Multiply:Affine(IndexPattern { iter_rank: 3, axes: [AxisIndex { terms: [AxisTer
LEAF	blk.1.ffn_gate_exps.weight	Float32	[Static(32), Static(1024), Static(512)]	gguf=[1024, 512, 32]/Q8_0	bound=packed	ew:Multiply:Computed { indices: NodeId(374), index_map: IndexPattern { iter_rank:  | ew:Multiply:Computed { indices: NodeId(394), index_map: IndexPattern { iter_rank:  | ew:Multiply:Computed { indices: NodeId(416), index_map: IndexPattern { iter_rank:  | ew:Multiply:Computed { indices: NodeId(438), index_map: IndexPattern { iter_rank:  | ew:Multiply:Computed { indices: NodeId(460), index_map: IndexPattern { iter_rank:  | ew:Multiply:Computed { indices: NodeId(482), index_map: IndexPattern { iter_rank:  | ew:Multiply:Computed { indices: NodeId(504), index_map: IndexPattern { iter_rank:  | ew:Multiply:Computed { indices: NodeId(526), index_map: IndexPattern { iter_rank: 
LEAF	blk.1.ffn_up_exps.weight	Float32	[Static(32), Static(1024), Static(512)]	gguf=[1024, 512, 32]/Q8_0	bound=packed	ew:Multiply:Computed { indices: NodeId(374), index_map: IndexPattern { iter_rank:  | ew:Multiply:Computed { indices: NodeId(394), index_map: IndexPattern { iter_rank:  | ew:Multiply:Computed { indices: NodeId(416), index_map: IndexPattern { iter_rank:  | ew:Multiply:Computed { indices: NodeId(438), index_map: IndexPattern { iter_rank:  | ew:Multiply:Computed { indices: NodeId(460), index_map: IndexPattern { iter_rank:  | ew:Multiply:Computed { indices: NodeId(482), index_map: IndexPattern { iter_rank:  | ew:Multiply:Computed { indices: NodeId(504), index_map: IndexPattern { iter_rank:  | ew:Multiply:Computed { indices: NodeId(526), index_map: IndexPattern { iter_rank: 
LEAF	blk.1.ffn_down_exps.weight	Float32	[Static(32), Static(512), Static(1024)]	gguf=[512, 1024, 32]/Q8_0	bound=packed	ew:Multiply:Computed { indices: NodeId(374), index_map: IndexPattern { iter_rank:  | ew:Multiply:Computed { indices: NodeId(394), index_map: IndexPattern { iter_rank:  | ew:Multiply:Computed { indices: NodeId(416), index_map: IndexPattern { iter_rank:  | ew:Multiply:Computed { indices: NodeId(438), index_map: IndexPattern { iter_rank:  | ew:Multiply:Computed { indices: NodeId(460), index_map: IndexPattern { iter_rank:  | ew:Multiply:Computed { indices: NodeId(482), index_map: IndexPattern { iter_rank:  | ew:Multiply:Computed { indices: NodeId(504), index_map: IndexPattern { iter_rank:  | ew:Multiply:Computed { indices: NodeId(526), index_map: IndexPattern { iter_rank: 
LEAF	blk.2.attn_norm.weight	Float32	[Static(1024)]	gguf=[1024]/F32	bound=packed	ew:Multiply:Affine(IndexPattern { iter_rank: 2, axes: [AxisIndex { terms: [AxisTer
LEAF	blk.2.ffn_norm.weight	Float32	[Static(1024)]	gguf=[1024]/F32	bound=packed	ew:Multiply:Affine(IndexPattern { iter_rank: 2, axes: [AxisIndex { terms: [AxisTer
LEAF	blk.2.attn_q.weight	Float32	[Static(1024), Static(16), Static(64)]	gguf=[1024, 1024]/Q8_0	bound=packed	ew:Multiply:Affine(IndexPattern { iter_rank: 4, axes: [AxisIndex { terms: [AxisTer
LEAF	blk.2.attn_k.weight	Float32	[Static(1024), Static(8), Static(64)]	gguf=[1024, 512]/Q8_0	bound=packed	ew:Multiply:Affine(IndexPattern { iter_rank: 4, axes: [AxisIndex { terms: [AxisTer
LEAF	blk.2.attn_v.weight	Float32	[Static(1024), Static(8), Static(64)]	gguf=[1024, 512]/Q8_0	bound=packed	ew:Multiply:Affine(IndexPattern { iter_rank: 4, axes: [AxisIndex { terms: [AxisTer
LEAF	blk.2.attn_output.weight	Float32	[Static(8), Static(2), Static(64), Static(1024)]	gguf=[1024, 1024]/Q8_0	bound=packed	ew:Multiply:Affine(IndexPattern { iter_rank: 5, axes: [AxisIndex { terms: [AxisTer
LEAF	kv_cache.2.k_even	Float32	[Symbolic(1), Static(8), Static(32)]	gguf=-	bound=-	ew:Multiply:Affine(IndexPattern { iter_rank: 5, axes: [AxisIndex { terms: [AxisTer
LEAF	kv_cache.2.k_odd	Float32	[Symbolic(1), Static(8), Static(32)]	gguf=-	bound=-	ew:Multiply:Affine(IndexPattern { iter_rank: 5, axes: [AxisIndex { terms: [AxisTer
LEAF	kv_cache.2.v	Float32	[Symbolic(1), Static(8), Static(64)]	gguf=-	bound=-	ew:Multiply:Affine(IndexPattern { iter_rank: 5, axes: [AxisIndex { terms: [AxisTer
LEAF	blk.2.ffn_gate_inp.weight	Float32	[Static(1024), Static(32)]	gguf=[1024, 32]/F32	bound=owned	ew:Multiply:Affine(IndexPattern { iter_rank: 3, axes: [AxisIndex { terms: [AxisTer
LEAF	blk.2.ffn_gate_exps.weight	Float32	[Static(32), Static(1024), Static(512)]	gguf=[1024, 512, 32]/Q8_0	bound=packed	ew:Multiply:Computed { indices: NodeId(639), index_map: IndexPattern { iter_rank:  | ew:Multiply:Computed { indices: NodeId(659), index_map: IndexPattern { iter_rank:  | ew:Multiply:Computed { indices: NodeId(681), index_map: IndexPattern { iter_rank:  | ew:Multiply:Computed { indices: NodeId(703), index_map: IndexPattern { iter_rank:  | ew:Multiply:Computed { indices: NodeId(725), index_map: IndexPattern { iter_rank:  | ew:Multiply:Computed { indices: NodeId(747), index_map: IndexPattern { iter_rank:  | ew:Multiply:Computed { indices: NodeId(769), index_map: IndexPattern { iter_rank:  | ew:Multiply:Computed { indices: NodeId(791), index_map: IndexPattern { iter_rank: 
LEAF	blk.2.ffn_up_exps.weight	Float32	[Static(32), Static(1024), Static(512)]	gguf=[1024, 512, 32]/Q8_0	bound=packed	ew:Multiply:Computed { indices: NodeId(639), index_map: IndexPattern { iter_rank:  | ew:Multiply:Computed { indices: NodeId(659), index_map: IndexPattern { iter_rank:  | ew:Multiply:Computed { indices: NodeId(681), index_map: IndexPattern { iter_rank:  | ew:Multiply:Computed { indices: NodeId(703), index_map: IndexPattern { iter_rank:  | ew:Multiply:Computed { indices: NodeId(725), index_map: IndexPattern { iter_rank:  | ew:Multiply:Computed { indices: NodeId(747), index_map: IndexPattern { iter_rank:  | ew:Multiply:Computed { indices: NodeId(769), index_map: IndexPattern { iter_rank:  | ew:Multiply:Computed { indices: NodeId(791), index_map: IndexPattern { iter_rank: 
LEAF	blk.2.ffn_down_exps.weight	Float32	[Static(32), Static(512), Static(1024)]	gguf=[512, 1024, 32]/Q8_0	bound=packed	ew:Multiply:Computed { indices: NodeId(639), index_map: IndexPattern { iter_rank:  | ew:Multiply:Computed { indices: NodeId(659), index_map: IndexPattern { iter_rank:  | ew:Multiply:Computed { indices: NodeId(681), index_map: IndexPattern { iter_rank:  | ew:Multiply:Computed { indices: NodeId(703), index_map: IndexPattern { iter_rank:  | ew:Multiply:Computed { indices: NodeId(725), index_map: IndexPattern { iter_rank:  | ew:Multiply:Computed { indices: NodeId(747), index_map: IndexPattern { iter_rank:  | ew:Multiply:Computed { indices: NodeId(769), index_map: IndexPattern { iter_rank:  | ew:Multiply:Computed { indices: NodeId(791), index_map: IndexPattern { iter_rank: 
LEAF	blk.3.attn_norm.weight	Float32	[Static(1024)]	gguf=[1024]/F32	bound=packed	ew:Multiply:Affine(IndexPattern { iter_rank: 2, axes: [AxisIndex { terms: [AxisTer
LEAF	blk.3.ffn_norm.weight	Float32	[Static(1024)]	gguf=[1024]/F32	bound=packed	ew:Multiply:Affine(IndexPattern { iter_rank: 2, axes: [AxisIndex { terms: [AxisTer
LEAF	blk.3.attn_q.weight	Float32	[Static(1024), Static(16), Static(64)]	gguf=[1024, 1024]/Q8_0	bound=packed	ew:Multiply:Affine(IndexPattern { iter_rank: 4, axes: [AxisIndex { terms: [AxisTer
LEAF	blk.3.attn_k.weight	Float32	[Static(1024), Static(8), Static(64)]	gguf=[1024, 512]/Q8_0	bound=packed	ew:Multiply:Affine(IndexPattern { iter_rank: 4, axes: [AxisIndex { terms: [AxisTer
LEAF	blk.3.attn_v.weight	Float32	[Static(1024), Static(8), Static(64)]	gguf=[1024, 512]/Q8_0	bound=packed	ew:Multiply:Affine(IndexPattern { iter_rank: 4, axes: [AxisIndex { terms: [AxisTer
LEAF	blk.3.attn_output.weight	Float32	[Static(8), Static(2), Static(64), Static(1024)]	gguf=[1024, 1024]/Q8_0	bound=packed	ew:Multiply:Affine(IndexPattern { iter_rank: 5, axes: [AxisIndex { terms: [AxisTer
LEAF	kv_cache.3.k_even	Float32	[Symbolic(1), Static(8), Static(32)]	gguf=-	bound=-	ew:Multiply:Affine(IndexPattern { iter_rank: 5, axes: [AxisIndex { terms: [AxisTer
LEAF	kv_cache.3.k_odd	Float32	[Symbolic(1), Static(8), Static(32)]	gguf=-	bound=-	ew:Multiply:Affine(IndexPattern { iter_rank: 5, axes: [AxisIndex { terms: [AxisTer
LEAF	kv_cache.3.v	Float32	[Symbolic(1), Static(8), Static(64)]	gguf=-	bound=-	ew:Multiply:Affine(IndexPattern { iter_rank: 5, axes: [AxisIndex { terms: [AxisTer
LEAF	blk.3.ffn_gate_inp.weight	Float32	[Static(1024), Static(32)]	gguf=[1024, 32]/F32	bound=owned	ew:Multiply:Affine(IndexPattern { iter_rank: 3, axes: [AxisIndex { terms: [AxisTer
LEAF	blk.3.ffn_gate_exps.weight	Float32	[Static(32), Static(1024), Static(512)]	gguf=[1024, 512, 32]/Q8_0	bound=packed	ew:Multiply:Computed { indices: NodeId(1012), index_map: IndexPattern { iter_rank: | ew:Multiply:Computed { indices: NodeId(1034), index_map: IndexPattern { iter_rank: | ew:Multiply:Computed { indices: NodeId(1056), index_map: IndexPattern { iter_rank: | ew:Multiply:Computed { indices: NodeId(904), index_map: IndexPattern { iter_rank:  | ew:Multiply:Computed { indices: NodeId(924), index_map: IndexPattern { iter_rank:  | ew:Multiply:Computed { indices: NodeId(946), index_map: IndexPattern { iter_rank:  | ew:Multiply:Computed { indices: NodeId(968), index_map: IndexPattern { iter_rank:  | ew:Multiply:Computed { indices: NodeId(990), index_map: IndexPattern { iter_rank: 
LEAF	blk.3.ffn_up_exps.weight	Float32	[Static(32), Static(1024), Static(512)]	gguf=[1024, 512, 32]/Q8_0	bound=packed	ew:Multiply:Computed { indices: NodeId(1012), index_map: IndexPattern { iter_rank: | ew:Multiply:Computed { indices: NodeId(1034), index_map: IndexPattern { iter_rank: | ew:Multiply:Computed { indices: NodeId(1056), index_map: IndexPattern { iter_rank: | ew:Multiply:Computed { indices: NodeId(904), index_map: IndexPattern { iter_rank:  | ew:Multiply:Computed { indices: NodeId(924), index_map: IndexPattern { iter_rank:  | ew:Multiply:Computed { indices: NodeId(946), index_map: IndexPattern { iter_rank:  | ew:Multiply:Computed { indices: NodeId(968), index_map: IndexPattern { iter_rank:  | ew:Multiply:Computed { indices: NodeId(990), index_map: IndexPattern { iter_rank: 
LEAF	blk.3.ffn_down_exps.weight	Float32	[Static(32), Static(512), Static(1024)]	gguf=[512, 1024, 32]/Q8_0	bound=packed	ew:Multiply:Computed { indices: NodeId(1012), index_map: IndexPattern { iter_rank: | ew:Multiply:Computed { indices: NodeId(1034), index_map: IndexPattern { iter_rank: | ew:Multiply:Computed { indices: NodeId(1056), index_map: IndexPattern { iter_rank: | ew:Multiply:Computed { indices: NodeId(904), index_map: IndexPattern { iter_rank:  | ew:Multiply:Computed { indices: NodeId(924), index_map: IndexPattern { iter_rank:  | ew:Multiply:Computed { indices: NodeId(946), index_map: IndexPattern { iter_rank:  | ew:Multiply:Computed { indices: NodeId(968), index_map: IndexPattern { iter_rank:  | ew:Multiply:Computed { indices: NodeId(990), index_map: IndexPattern { iter_rank: 
LEAF	blk.4.attn_norm.weight	Float32	[Static(1024)]	gguf=[1024]/F32	bound=packed	ew:Multiply:Affine(IndexPattern { iter_rank: 2, axes: [AxisIndex { terms: [AxisTer
LEAF	blk.4.ffn_norm.weight	Float32	[Static(1024)]	gguf=[1024]/F32	bound=packed	ew:Multiply:Affine(IndexPattern { iter_rank: 2, axes: [AxisIndex { terms: [AxisTer
LEAF	blk.4.attn_q.weight	Float32	[Static(1024), Static(16), Static(64)]	gguf=[1024, 1024]/Q8_0	bound=packed	ew:Multiply:Affine(IndexPattern { iter_rank: 4, axes: [AxisIndex { terms: [AxisTer
LEAF	blk.4.attn_k.weight	Float32	[Static(1024), Static(8), Static(64)]	gguf=[1024, 512]/Q8_0	bound=packed	ew:Multiply:Affine(IndexPattern { iter_rank: 4, axes: [AxisIndex { terms: [AxisTer
LEAF	blk.4.attn_v.weight	Float32	[Static(1024), Static(8), Static(64)]	gguf=[1024, 512]/Q8_0	bound=packed	ew:Multiply:Affine(IndexPattern { iter_rank: 4, axes: [AxisIndex { terms: [AxisTer
LEAF	blk.4.attn_output.weight	Float32	[Static(8), Static(2), Static(64), Static(1024)]	gguf=[1024, 1024]/Q8_0	bound=packed	ew:Multiply:Affine(IndexPattern { iter_rank: 5, axes: [AxisIndex { terms: [AxisTer
LEAF	kv_cache.4.k_even	Float32	[Symbolic(1), Static(8), Static(32)]	gguf=-	bound=-	ew:Multiply:Affine(IndexPattern { iter_rank: 5, axes: [AxisIndex { terms: [AxisTer
LEAF	kv_cache.4.k_odd	Float32	[Symbolic(1), Static(8), Static(32)]	gguf=-	bound=-	ew:Multiply:Affine(IndexPattern { iter_rank: 5, axes: [AxisIndex { terms: [AxisTer
LEAF	kv_cache.4.v	Float32	[Symbolic(1), Static(8), Static(64)]	gguf=-	bound=-	ew:Multiply:Affine(IndexPattern { iter_rank: 5, axes: [AxisIndex { terms: [AxisTer
LEAF	blk.4.ffn_gate_inp.weight	Float32	[Static(1024), Static(32)]	gguf=[1024, 32]/F32	bound=owned	ew:Multiply:Affine(IndexPattern { iter_rank: 3, axes: [AxisIndex { terms: [AxisTer
LEAF	blk.4.ffn_gate_exps.weight	Float32	[Static(32), Static(1024), Static(512)]	gguf=[1024, 512, 32]/Q8_0	bound=packed	ew:Multiply:Computed { indices: NodeId(1169), index_map: IndexPattern { iter_rank: | ew:Multiply:Computed { indices: NodeId(1189), index_map: IndexPattern { iter_rank: | ew:Multiply:Computed { indices: NodeId(1211), index_map: IndexPattern { iter_rank: | ew:Multiply:Computed { indices: NodeId(1233), index_map: IndexPattern { iter_rank: | ew:Multiply:Computed { indices: NodeId(1255), index_map: IndexPattern { iter_rank: | ew:Multiply:Computed { indices: NodeId(1277), index_map: IndexPattern { iter_rank: | ew:Multiply:Computed { indices: NodeId(1299), index_map: IndexPattern { iter_rank: | ew:Multiply:Computed { indices: NodeId(1321), index_map: IndexPattern { iter_rank:
LEAF	blk.4.ffn_up_exps.weight	Float32	[Static(32), Static(1024), Static(512)]	gguf=[1024, 512, 32]/Q8_0	bound=packed	ew:Multiply:Computed { indices: NodeId(1169), index_map: IndexPattern { iter_rank: | ew:Multiply:Computed { indices: NodeId(1189), index_map: IndexPattern { iter_rank: | ew:Multiply:Computed { indices: NodeId(1211), index_map: IndexPattern { iter_rank: | ew:Multiply:Computed { indices: NodeId(1233), index_map: IndexPattern { iter_rank: | ew:Multiply:Computed { indices: NodeId(1255), index_map: IndexPattern { iter_rank: | ew:Multiply:Computed { indices: NodeId(1277), index_map: IndexPattern { iter_rank: | ew:Multiply:Computed { indices: NodeId(1299), index_map: IndexPattern { iter_rank: | ew:Multiply:Computed { indices: NodeId(1321), index_map: IndexPattern { iter_rank:
LEAF	blk.4.ffn_down_exps.weight	Float32	[Static(32), Static(512), Static(1024)]	gguf=[512, 1024, 32]/Q8_0	bound=packed	ew:Multiply:Computed { indices: NodeId(1169), index_map: IndexPattern { iter_rank: | ew:Multiply:Computed { indices: NodeId(1189), index_map: IndexPattern { iter_rank: | ew:Multiply:Computed { indices: NodeId(1211), index_map: IndexPattern { iter_rank: | ew:Multiply:Computed { indices: NodeId(1233), index_map: IndexPattern { iter_rank: | ew:Multiply:Computed { indices: NodeId(1255), index_map: IndexPattern { iter_rank: | ew:Multiply:Computed { indices: NodeId(1277), index_map: IndexPattern { iter_rank: | ew:Multiply:Computed { indices: NodeId(1299), index_map: IndexPattern { iter_rank: | ew:Multiply:Computed { indices: NodeId(1321), index_map: IndexPattern { iter_rank:
LEAF	blk.5.attn_norm.weight	Float32	[Static(1024)]	gguf=[1024]/F32	bound=packed	ew:Multiply:Affine(IndexPattern { iter_rank: 2, axes: [AxisIndex { terms: [AxisTer
LEAF	blk.5.ffn_norm.weight	Float32	[Static(1024)]	gguf=[1024]/F32	bound=packed	ew:Multiply:Affine(IndexPattern { iter_rank: 2, axes: [AxisIndex { terms: [AxisTer
LEAF	blk.5.attn_q.weight	Float32	[Static(1024), Static(16), Static(64)]	gguf=[1024, 1024]/Q8_0	bound=packed	ew:Multiply:Affine(IndexPattern { iter_rank: 4, axes: [AxisIndex { terms: [AxisTer
LEAF	blk.5.attn_k.weight	Float32	[Static(1024), Static(8), Static(64)]	gguf=[1024, 512]/Q8_0	bound=packed	ew:Multiply:Affine(IndexPattern { iter_rank: 4, axes: [AxisIndex { terms: [AxisTer
LEAF	blk.5.attn_v.weight	Float32	[Static(1024), Static(8), Static(64)]	gguf=[1024, 512]/Q8_0	bound=packed	ew:Multiply:Affine(IndexPattern { iter_rank: 4, axes: [AxisIndex { terms: [AxisTer
LEAF	blk.5.attn_output.weight	Float32	[Static(8), Static(2), Static(64), Static(1024)]	gguf=[1024, 1024]/Q8_0	bound=packed	ew:Multiply:Affine(IndexPattern { iter_rank: 5, axes: [AxisIndex { terms: [AxisTer
LEAF	kv_cache.5.k_even	Float32	[Symbolic(1), Static(8), Static(32)]	gguf=-	bound=-	ew:Multiply:Affine(IndexPattern { iter_rank: 5, axes: [AxisIndex { terms: [AxisTer
LEAF	kv_cache.5.k_odd	Float32	[Symbolic(1), Static(8), Static(32)]	gguf=-	bound=-	ew:Multiply:Affine(IndexPattern { iter_rank: 5, axes: [AxisIndex { terms: [AxisTer
LEAF	kv_cache.5.v	Float32	[Symbolic(1), Static(8), Static(64)]	gguf=-	bound=-	ew:Multiply:Affine(IndexPattern { iter_rank: 5, axes: [AxisIndex { terms: [AxisTer
LEAF	blk.5.ffn_gate_inp.weight	Float32	[Static(1024), Static(32)]	gguf=[1024, 32]/F32	bound=owned	ew:Multiply:Affine(IndexPattern { iter_rank: 3, axes: [AxisIndex { terms: [AxisTer
LEAF	blk.5.ffn_gate_exps.weight	Float32	[Static(32), Static(1024), Static(512)]	gguf=[1024, 512, 32]/Q8_0	bound=packed	ew:Multiply:Computed { indices: NodeId(1434), index_map: IndexPattern { iter_rank: | ew:Multiply:Computed { indices: NodeId(1454), index_map: IndexPattern { iter_rank: | ew:Multiply:Computed { indices: NodeId(1476), index_map: IndexPattern { iter_rank: | ew:Multiply:Computed { indices: NodeId(1498), index_map: IndexPattern { iter_rank: | ew:Multiply:Computed { indices: NodeId(1520), index_map: IndexPattern { iter_rank: | ew:Multiply:Computed { indices: NodeId(1542), index_map: IndexPattern { iter_rank: | ew:Multiply:Computed { indices: NodeId(1564), index_map: IndexPattern { iter_rank: | ew:Multiply:Computed { indices: NodeId(1586), index_map: IndexPattern { iter_rank:
LEAF	blk.5.ffn_up_exps.weight	Float32	[Static(32), Static(1024), Static(512)]	gguf=[1024, 512, 32]/Q8_0	bound=packed	ew:Multiply:Computed { indices: NodeId(1434), index_map: IndexPattern { iter_rank: | ew:Multiply:Computed { indices: NodeId(1454), index_map: IndexPattern { iter_rank: | ew:Multiply:Computed { indices: NodeId(1476), index_map: IndexPattern { iter_rank: | ew:Multiply:Computed { indices: NodeId(1498), index_map: IndexPattern { iter_rank: | ew:Multiply:Computed { indices: NodeId(1520), index_map: IndexPattern { iter_rank: | ew:Multiply:Computed { indices: NodeId(1542), index_map: IndexPattern { iter_rank: | ew:Multiply:Computed { indices: NodeId(1564), index_map: IndexPattern { iter_rank: | ew:Multiply:Computed { indices: NodeId(1586), index_map: IndexPattern { iter_rank:
LEAF	blk.5.ffn_down_exps.weight	Float32	[Static(32), Static(512), Static(1024)]	gguf=[512, 1024, 32]/Q8_0	bound=packed	ew:Multiply:Computed { indices: NodeId(1434), index_map: IndexPattern { iter_rank: | ew:Multiply:Computed { indices: NodeId(1454), index_map: IndexPattern { iter_rank: | ew:Multiply:Computed { indices: NodeId(1476), index_map: IndexPattern { iter_rank: | ew:Multiply:Computed { indices: NodeId(1498), index_map: IndexPattern { iter_rank: | ew:Multiply:Computed { indices: NodeId(1520), index_map: IndexPattern { iter_rank: | ew:Multiply:Computed { indices: NodeId(1542), index_map: IndexPattern { iter_rank: | ew:Multiply:Computed { indices: NodeId(1564), index_map: IndexPattern { iter_rank: | ew:Multiply:Computed { indices: NodeId(1586), index_map: IndexPattern { iter_rank:
LEAF	blk.6.attn_norm.weight	Float32	[Static(1024)]	gguf=[1024]/F32	bound=packed	ew:Multiply:Affine(IndexPattern { iter_rank: 2, axes: [AxisIndex { terms: [AxisTer
LEAF	blk.6.ffn_norm.weight	Float32	[Static(1024)]	gguf=[1024]/F32	bound=packed	ew:Multiply:Affine(IndexPattern { iter_rank: 2, axes: [AxisIndex { terms: [AxisTer
LEAF	blk.6.attn_q.weight	Float32	[Static(1024), Static(16), Static(64)]	gguf=[1024, 1024]/Q8_0	bound=packed	ew:Multiply:Affine(IndexPattern { iter_rank: 4, axes: [AxisIndex { terms: [AxisTer
LEAF	blk.6.attn_k.weight	Float32	[Static(1024), Static(8), Static(64)]	gguf=[1024, 512]/Q8_0	bound=packed	ew:Multiply:Affine(IndexPattern { iter_rank: 4, axes: [AxisIndex { terms: [AxisTer
LEAF	blk.6.attn_v.weight	Float32	[Static(1024), Static(8), Static(64)]	gguf=[1024, 512]/Q8_0	bound=packed	ew:Multiply:Affine(IndexPattern { iter_rank: 4, axes: [AxisIndex { terms: [AxisTer
LEAF	blk.6.attn_output.weight	Float32	[Static(8), Static(2), Static(64), Static(1024)]	gguf=[1024, 1024]/Q8_0	bound=packed	ew:Multiply:Affine(IndexPattern { iter_rank: 5, axes: [AxisIndex { terms: [AxisTer
LEAF	kv_cache.6.k_even	Float32	[Symbolic(1), Static(8), Static(32)]	gguf=-	bound=-	ew:Multiply:Affine(IndexPattern { iter_rank: 5, axes: [AxisIndex { terms: [AxisTer
LEAF	kv_cache.6.k_odd	Float32	[Symbolic(1), Static(8), Static(32)]	gguf=-	bound=-	ew:Multiply:Affine(IndexPattern { iter_rank: 5, axes: [AxisIndex { terms: [AxisTer
LEAF	kv_cache.6.v	Float32	[Symbolic(1), Static(8), Static(64)]	gguf=-	bound=-	ew:Multiply:Affine(IndexPattern { iter_rank: 5, axes: [AxisIndex { terms: [AxisTer
LEAF	blk.6.ffn_gate_inp.weight	Float32	[Static(1024), Static(32)]	gguf=[1024, 32]/F32	bound=owned	ew:Multiply:Affine(IndexPattern { iter_rank: 3, axes: [AxisIndex { terms: [AxisTer
LEAF	blk.6.ffn_gate_exps.weight	Float32	[Static(32), Static(1024), Static(512)]	gguf=[1024, 512, 32]/Q8_0	bound=packed	ew:Multiply:Computed { indices: NodeId(1699), index_map: IndexPattern { iter_rank: | ew:Multiply:Computed { indices: NodeId(1719), index_map: IndexPattern { iter_rank: | ew:Multiply:Computed { indices: NodeId(1741), index_map: IndexPattern { iter_rank: | ew:Multiply:Computed { indices: NodeId(1763), index_map: IndexPattern { iter_rank: | ew:Multiply:Computed { indices: NodeId(1785), index_map: IndexPattern { iter_rank: | ew:Multiply:Computed { indices: NodeId(1807), index_map: IndexPattern { iter_rank: | ew:Multiply:Computed { indices: NodeId(1829), index_map: IndexPattern { iter_rank: | ew:Multiply:Computed { indices: NodeId(1851), index_map: IndexPattern { iter_rank:
LEAF	blk.6.ffn_up_exps.weight	Float32	[Static(32), Static(1024), Static(512)]	gguf=[1024, 512, 32]/Q8_0	bound=packed	ew:Multiply:Computed { indices: NodeId(1699), index_map: IndexPattern { iter_rank: | ew:Multiply:Computed { indices: NodeId(1719), index_map: IndexPattern { iter_rank: | ew:Multiply:Computed { indices: NodeId(1741), index_map: IndexPattern { iter_rank: | ew:Multiply:Computed { indices: NodeId(1763), index_map: IndexPattern { iter_rank: | ew:Multiply:Computed { indices: NodeId(1785), index_map: IndexPattern { iter_rank: | ew:Multiply:Computed { indices: NodeId(1807), index_map: IndexPattern { iter_rank: | ew:Multiply:Computed { indices: NodeId(1829), index_map: IndexPattern { iter_rank: | ew:Multiply:Computed { indices: NodeId(1851), index_map: IndexPattern { iter_rank:
LEAF	blk.6.ffn_down_exps.weight	Float32	[Static(32), Static(512), Static(1024)]	gguf=[512, 1024, 32]/Q8_0	bound=packed	ew:Multiply:Computed { indices: NodeId(1699), index_map: IndexPattern { iter_rank: | ew:Multiply:Computed { indices: NodeId(1719), index_map: IndexPattern { iter_rank: | ew:Multiply:Computed { indices: NodeId(1741), index_map: IndexPattern { iter_rank: | ew:Multiply:Computed { indices: NodeId(1763), index_map: IndexPattern { iter_rank: | ew:Multiply:Computed { indices: NodeId(1785), index_map: IndexPattern { iter_rank: | ew:Multiply:Computed { indices: NodeId(1807), index_map: IndexPattern { iter_rank: | ew:Multiply:Computed { indices: NodeId(1829), index_map: IndexPattern { iter_rank: | ew:Multiply:Computed { indices: NodeId(1851), index_map: IndexPattern { iter_rank:
LEAF	blk.7.attn_norm.weight	Float32	[Static(1024)]	gguf=[1024]/F32	bound=packed	ew:Multiply:Affine(IndexPattern { iter_rank: 2, axes: [AxisIndex { terms: [AxisTer
LEAF	blk.7.ffn_norm.weight	Float32	[Static(1024)]	gguf=[1024]/F32	bound=packed	ew:Multiply:Affine(IndexPattern { iter_rank: 2, axes: [AxisIndex { terms: [AxisTer
LEAF	blk.7.attn_q.weight	Float32	[Static(1024), Static(16), Static(64)]	gguf=[1024, 1024]/Q8_0	bound=packed	ew:Multiply:Affine(IndexPattern { iter_rank: 4, axes: [AxisIndex { terms: [AxisTer
LEAF	blk.7.attn_k.weight	Float32	[Static(1024), Static(8), Static(64)]	gguf=[1024, 512]/Q8_0	bound=packed	ew:Multiply:Affine(IndexPattern { iter_rank: 4, axes: [AxisIndex { terms: [AxisTer
LEAF	blk.7.attn_v.weight	Float32	[Static(1024), Static(8), Static(64)]	gguf=[1024, 512]/Q8_0	bound=packed	ew:Multiply:Affine(IndexPattern { iter_rank: 4, axes: [AxisIndex { terms: [AxisTer
LEAF	blk.7.attn_output.weight	Float32	[Static(8), Static(2), Static(64), Static(1024)]	gguf=[1024, 1024]/Q8_0	bound=packed	ew:Multiply:Affine(IndexPattern { iter_rank: 5, axes: [AxisIndex { terms: [AxisTer
LEAF	kv_cache.7.k_even	Float32	[Symbolic(1), Static(8), Static(32)]	gguf=-	bound=-	ew:Multiply:Affine(IndexPattern { iter_rank: 5, axes: [AxisIndex { terms: [AxisTer
LEAF	kv_cache.7.k_odd	Float32	[Symbolic(1), Static(8), Static(32)]	gguf=-	bound=-	ew:Multiply:Affine(IndexPattern { iter_rank: 5, axes: [AxisIndex { terms: [AxisTer
LEAF	kv_cache.7.v	Float32	[Symbolic(1), Static(8), Static(64)]	gguf=-	bound=-	ew:Multiply:Affine(IndexPattern { iter_rank: 5, axes: [AxisIndex { terms: [AxisTer
LEAF	blk.7.ffn_gate_inp.weight	Float32	[Static(1024), Static(32)]	gguf=[1024, 32]/F32	bound=owned	ew:Multiply:Affine(IndexPattern { iter_rank: 3, axes: [AxisIndex { terms: [AxisTer
LEAF	blk.7.ffn_gate_exps.weight	Float32	[Static(32), Static(1024), Static(512)]	gguf=[1024, 512, 32]/Q8_0	bound=packed	ew:Multiply:Computed { indices: NodeId(1964), index_map: IndexPattern { iter_rank: | ew:Multiply:Computed { indices: NodeId(1984), index_map: IndexPattern { iter_rank: | ew:Multiply:Computed { indices: NodeId(2006), index_map: IndexPattern { iter_rank: | ew:Multiply:Computed { indices: NodeId(2028), index_map: IndexPattern { iter_rank: | ew:Multiply:Computed { indices: NodeId(2050), index_map: IndexPattern { iter_rank: | ew:Multiply:Computed { indices: NodeId(2072), index_map: IndexPattern { iter_rank: | ew:Multiply:Computed { indices: NodeId(2094), index_map: IndexPattern { iter_rank: | ew:Multiply:Computed { indices: NodeId(2116), index_map: IndexPattern { iter_rank:
LEAF	blk.7.ffn_up_exps.weight	Float32	[Static(32), Static(1024), Static(512)]	gguf=[1024, 512, 32]/Q8_0	bound=packed	ew:Multiply:Computed { indices: NodeId(1964), index_map: IndexPattern { iter_rank: | ew:Multiply:Computed { indices: NodeId(1984), index_map: IndexPattern { iter_rank: | ew:Multiply:Computed { indices: NodeId(2006), index_map: IndexPattern { iter_rank: | ew:Multiply:Computed { indices: NodeId(2028), index_map: IndexPattern { iter_rank: | ew:Multiply:Computed { indices: NodeId(2050), index_map: IndexPattern { iter_rank: | ew:Multiply:Computed { indices: NodeId(2072), index_map: IndexPattern { iter_rank: | ew:Multiply:Computed { indices: NodeId(2094), index_map: IndexPattern { iter_rank: | ew:Multiply:Computed { indices: NodeId(2116), index_map: IndexPattern { iter_rank:
LEAF	blk.7.ffn_down_exps.weight	Float32	[Static(32), Static(512), Static(1024)]	gguf=[512, 1024, 32]/Q8_0	bound=packed	ew:Multiply:Computed { indices: NodeId(1964), index_map: IndexPattern { iter_rank: | ew:Multiply:Computed { indices: NodeId(1984), index_map: IndexPattern { iter_rank: | ew:Multiply:Computed { indices: NodeId(2006), index_map: IndexPattern { iter_rank: | ew:Multiply:Computed { indices: NodeId(2028), index_map: IndexPattern { iter_rank: | ew:Multiply:Computed { indices: NodeId(2050), index_map: IndexPattern { iter_rank: | ew:Multiply:Computed { indices: NodeId(2072), index_map: IndexPattern { iter_rank: | ew:Multiply:Computed { indices: NodeId(2094), index_map: IndexPattern { iter_rank: | ew:Multiply:Computed { indices: NodeId(2116), index_map: IndexPattern { iter_rank:
LEAF	blk.8.attn_norm.weight	Float32	[Static(1024)]	gguf=[1024]/F32	bound=packed	ew:Multiply:Affine(IndexPattern { iter_rank: 2, axes: [AxisIndex { terms: [AxisTer
LEAF	blk.8.ffn_norm.weight	Float32	[Static(1024)]	gguf=[1024]/F32	bound=packed	ew:Multiply:Affine(IndexPattern { iter_rank: 2, axes: [AxisIndex { terms: [AxisTer
LEAF	blk.8.attn_q.weight	Float32	[Static(1024), Static(16), Static(64)]	gguf=[1024, 1024]/Q8_0	bound=packed	ew:Multiply:Affine(IndexPattern { iter_rank: 4, axes: [AxisIndex { terms: [AxisTer
LEAF	blk.8.attn_k.weight	Float32	[Static(1024), Static(8), Static(64)]	gguf=[1024, 512]/Q8_0	bound=packed	ew:Multiply:Affine(IndexPattern { iter_rank: 4, axes: [AxisIndex { terms: [AxisTer
LEAF	blk.8.attn_v.weight	Float32	[Static(1024), Static(8), Static(64)]	gguf=[1024, 512]/Q8_0	bound=packed	ew:Multiply:Affine(IndexPattern { iter_rank: 4, axes: [AxisIndex { terms: [AxisTer
LEAF	blk.8.attn_output.weight	Float32	[Static(8), Static(2), Static(64), Static(1024)]	gguf=[1024, 1024]/Q8_0	bound=packed	ew:Multiply:Affine(IndexPattern { iter_rank: 5, axes: [AxisIndex { terms: [AxisTer
LEAF	kv_cache.8.k_even	Float32	[Symbolic(1), Static(8), Static(32)]	gguf=-	bound=-	ew:Multiply:Affine(IndexPattern { iter_rank: 5, axes: [AxisIndex { terms: [AxisTer
LEAF	kv_cache.8.k_odd	Float32	[Symbolic(1), Static(8), Static(32)]	gguf=-	bound=-	ew:Multiply:Affine(IndexPattern { iter_rank: 5, axes: [AxisIndex { terms: [AxisTer
LEAF	kv_cache.8.v	Float32	[Symbolic(1), Static(8), Static(64)]	gguf=-	bound=-	ew:Multiply:Affine(IndexPattern { iter_rank: 5, axes: [AxisIndex { terms: [AxisTer
LEAF	blk.8.ffn_gate_inp.weight	Float32	[Static(1024), Static(32)]	gguf=[1024, 32]/F32	bound=owned	ew:Multiply:Affine(IndexPattern { iter_rank: 3, axes: [AxisIndex { terms: [AxisTer
LEAF	blk.8.ffn_gate_exps.weight	Float32	[Static(32), Static(1024), Static(512)]	gguf=[1024, 512, 32]/Q8_0	bound=packed	ew:Multiply:Computed { indices: NodeId(2229), index_map: IndexPattern { iter_rank: | ew:Multiply:Computed { indices: NodeId(2249), index_map: IndexPattern { iter_rank: | ew:Multiply:Computed { indices: NodeId(2271), index_map: IndexPattern { iter_rank: | ew:Multiply:Computed { indices: NodeId(2293), index_map: IndexPattern { iter_rank: | ew:Multiply:Computed { indices: NodeId(2315), index_map: IndexPattern { iter_rank: | ew:Multiply:Computed { indices: NodeId(2337), index_map: IndexPattern { iter_rank: | ew:Multiply:Computed { indices: NodeId(2359), index_map: IndexPattern { iter_rank: | ew:Multiply:Computed { indices: NodeId(2381), index_map: IndexPattern { iter_rank:
LEAF	blk.8.ffn_up_exps.weight	Float32	[Static(32), Static(1024), Static(512)]	gguf=[1024, 512, 32]/Q8_0	bound=packed	ew:Multiply:Computed { indices: NodeId(2229), index_map: IndexPattern { iter_rank: | ew:Multiply:Computed { indices: NodeId(2249), index_map: IndexPattern { iter_rank: | ew:Multiply:Computed { indices: NodeId(2271), index_map: IndexPattern { iter_rank: | ew:Multiply:Computed { indices: NodeId(2293), index_map: IndexPattern { iter_rank: | ew:Multiply:Computed { indices: NodeId(2315), index_map: IndexPattern { iter_rank: | ew:Multiply:Computed { indices: NodeId(2337), index_map: IndexPattern { iter_rank: | ew:Multiply:Computed { indices: NodeId(2359), index_map: IndexPattern { iter_rank: | ew:Multiply:Computed { indices: NodeId(2381), index_map: IndexPattern { iter_rank:
LEAF	blk.8.ffn_down_exps.weight	Float32	[Static(32), Static(512), Static(1024)]	gguf=[512, 1024, 32]/Q8_0	bound=packed	ew:Multiply:Computed { indices: NodeId(2229), index_map: IndexPattern { iter_rank: | ew:Multiply:Computed { indices: NodeId(2249), index_map: IndexPattern { iter_rank: | ew:Multiply:Computed { indices: NodeId(2271), index_map: IndexPattern { iter_rank: | ew:Multiply:Computed { indices: NodeId(2293), index_map: IndexPattern { iter_rank: | ew:Multiply:Computed { indices: NodeId(2315), index_map: IndexPattern { iter_rank: | ew:Multiply:Computed { indices: NodeId(2337), index_map: IndexPattern { iter_rank: | ew:Multiply:Computed { indices: NodeId(2359), index_map: IndexPattern { iter_rank: | ew:Multiply:Computed { indices: NodeId(2381), index_map: IndexPattern { iter_rank:
LEAF	blk.9.attn_norm.weight	Float32	[Static(1024)]	gguf=[1024]/F32	bound=packed	ew:Multiply:Affine(IndexPattern { iter_rank: 2, axes: [AxisIndex { terms: [AxisTer
LEAF	blk.9.ffn_norm.weight	Float32	[Static(1024)]	gguf=[1024]/F32	bound=packed	ew:Multiply:Affine(IndexPattern { iter_rank: 2, axes: [AxisIndex { terms: [AxisTer
LEAF	blk.9.attn_q.weight	Float32	[Static(1024), Static(16), Static(64)]	gguf=[1024, 1024]/Q8_0	bound=packed	ew:Multiply:Affine(IndexPattern { iter_rank: 4, axes: [AxisIndex { terms: [AxisTer
LEAF	blk.9.attn_k.weight	Float32	[Static(1024), Static(8), Static(64)]	gguf=[1024, 512]/Q8_0	bound=packed	ew:Multiply:Affine(IndexPattern { iter_rank: 4, axes: [AxisIndex { terms: [AxisTer
LEAF	blk.9.attn_v.weight	Float32	[Static(1024), Static(8), Static(64)]	gguf=[1024, 512]/Q8_0	bound=packed	ew:Multiply:Affine(IndexPattern { iter_rank: 4, axes: [AxisIndex { terms: [AxisTer
LEAF	blk.9.attn_output.weight	Float32	[Static(8), Static(2), Static(64), Static(1024)]	gguf=[1024, 1024]/Q8_0	bound=packed	ew:Multiply:Affine(IndexPattern { iter_rank: 5, axes: [AxisIndex { terms: [AxisTer
LEAF	kv_cache.9.k_even	Float32	[Symbolic(1), Static(8), Static(32)]	gguf=-	bound=-	ew:Multiply:Affine(IndexPattern { iter_rank: 5, axes: [AxisIndex { terms: [AxisTer
LEAF	kv_cache.9.k_odd	Float32	[Symbolic(1), Static(8), Static(32)]	gguf=-	bound=-	ew:Multiply:Affine(IndexPattern { iter_rank: 5, axes: [AxisIndex { terms: [AxisTer
LEAF	kv_cache.9.v	Float32	[Symbolic(1), Static(8), Static(64)]	gguf=-	bound=-	ew:Multiply:Affine(IndexPattern { iter_rank: 5, axes: [AxisIndex { terms: [AxisTer
LEAF	blk.9.ffn_gate_inp.weight	Float32	[Static(1024), Static(32)]	gguf=[1024, 32]/F32	bound=owned	ew:Multiply:Affine(IndexPattern { iter_rank: 3, axes: [AxisIndex { terms: [AxisTer
LEAF	blk.9.ffn_gate_exps.weight	Float32	[Static(32), Static(1024), Static(512)]	gguf=[1024, 512, 32]/Q8_0	bound=packed	ew:Multiply:Computed { indices: NodeId(2494), index_map: IndexPattern { iter_rank: | ew:Multiply:Computed { indices: NodeId(2514), index_map: IndexPattern { iter_rank: | ew:Multiply:Computed { indices: NodeId(2536), index_map: IndexPattern { iter_rank: | ew:Multiply:Computed { indices: NodeId(2558), index_map: IndexPattern { iter_rank: | ew:Multiply:Computed { indices: NodeId(2580), index_map: IndexPattern { iter_rank: | ew:Multiply:Computed { indices: NodeId(2602), index_map: IndexPattern { iter_rank: | ew:Multiply:Computed { indices: NodeId(2624), index_map: IndexPattern { iter_rank: | ew:Multiply:Computed { indices: NodeId(2646), index_map: IndexPattern { iter_rank:
LEAF	blk.9.ffn_up_exps.weight	Float32	[Static(32), Static(1024), Static(512)]	gguf=[1024, 512, 32]/Q8_0	bound=packed	ew:Multiply:Computed { indices: NodeId(2494), index_map: IndexPattern { iter_rank: | ew:Multiply:Computed { indices: NodeId(2514), index_map: IndexPattern { iter_rank: | ew:Multiply:Computed { indices: NodeId(2536), index_map: IndexPattern { iter_rank: | ew:Multiply:Computed { indices: NodeId(2558), index_map: IndexPattern { iter_rank: | ew:Multiply:Computed { indices: NodeId(2580), index_map: IndexPattern { iter_rank: | ew:Multiply:Computed { indices: NodeId(2602), index_map: IndexPattern { iter_rank: | ew:Multiply:Computed { indices: NodeId(2624), index_map: IndexPattern { iter_rank: | ew:Multiply:Computed { indices: NodeId(2646), index_map: IndexPattern { iter_rank:
LEAF	blk.9.ffn_down_exps.weight	Float32	[Static(32), Static(512), Static(1024)]	gguf=[512, 1024, 32]/Q8_0	bound=packed	ew:Multiply:Computed { indices: NodeId(2494), index_map: IndexPattern { iter_rank: | ew:Multiply:Computed { indices: NodeId(2514), index_map: IndexPattern { iter_rank: | ew:Multiply:Computed { indices: NodeId(2536), index_map: IndexPattern { iter_rank: | ew:Multiply:Computed { indices: NodeId(2558), index_map: IndexPattern { iter_rank: | ew:Multiply:Computed { indices: NodeId(2580), index_map: IndexPattern { iter_rank: | ew:Multiply:Computed { indices: NodeId(2602), index_map: IndexPattern { iter_rank: | ew:Multiply:Computed { indices: NodeId(2624), index_map: IndexPattern { iter_rank: | ew:Multiply:Computed { indices: NodeId(2646), index_map: IndexPattern { iter_rank:
LEAF	blk.10.attn_norm.weight	Float32	[Static(1024)]	gguf=[1024]/F32	bound=packed	ew:Multiply:Affine(IndexPattern { iter_rank: 2, axes: [AxisIndex { terms: [AxisTer
LEAF	blk.10.ffn_norm.weight	Float32	[Static(1024)]	gguf=[1024]/F32	bound=packed	ew:Multiply:Affine(IndexPattern { iter_rank: 2, axes: [AxisIndex { terms: [AxisTer
LEAF	blk.10.attn_q.weight	Float32	[Static(1024), Static(16), Static(64)]	gguf=[1024, 1024]/Q8_0	bound=packed	ew:Multiply:Affine(IndexPattern { iter_rank: 4, axes: [AxisIndex { terms: [AxisTer
LEAF	blk.10.attn_k.weight	Float32	[Static(1024), Static(8), Static(64)]	gguf=[1024, 512]/Q8_0	bound=packed	ew:Multiply:Affine(IndexPattern { iter_rank: 4, axes: [AxisIndex { terms: [AxisTer
LEAF	blk.10.attn_v.weight	Float32	[Static(1024), Static(8), Static(64)]	gguf=[1024, 512]/Q8_0	bound=packed	ew:Multiply:Affine(IndexPattern { iter_rank: 4, axes: [AxisIndex { terms: [AxisTer
LEAF	blk.10.attn_output.weight	Float32	[Static(8), Static(2), Static(64), Static(1024)]	gguf=[1024, 1024]/Q8_0	bound=packed	ew:Multiply:Affine(IndexPattern { iter_rank: 5, axes: [AxisIndex { terms: [AxisTer
LEAF	kv_cache.10.k_even	Float32	[Symbolic(1), Static(8), Static(32)]	gguf=-	bound=-	ew:Multiply:Affine(IndexPattern { iter_rank: 5, axes: [AxisIndex { terms: [AxisTer
LEAF	kv_cache.10.k_odd	Float32	[Symbolic(1), Static(8), Static(32)]	gguf=-	bound=-	ew:Multiply:Affine(IndexPattern { iter_rank: 5, axes: [AxisIndex { terms: [AxisTer
LEAF	kv_cache.10.v	Float32	[Symbolic(1), Static(8), Static(64)]	gguf=-	bound=-	ew:Multiply:Affine(IndexPattern { iter_rank: 5, axes: [AxisIndex { terms: [AxisTer
LEAF	blk.10.ffn_gate_inp.weight	Float32	[Static(1024), Static(32)]	gguf=[1024, 32]/F32	bound=owned	ew:Multiply:Affine(IndexPattern { iter_rank: 3, axes: [AxisIndex { terms: [AxisTer
LEAF	blk.10.ffn_gate_exps.weight	Float32	[Static(32), Static(1024), Static(512)]	gguf=[1024, 512, 32]/Q8_0	bound=packed	ew:Multiply:Computed { indices: NodeId(2759), index_map: IndexPattern { iter_rank: | ew:Multiply:Computed { indices: NodeId(2779), index_map: IndexPattern { iter_rank: | ew:Multiply:Computed { indices: NodeId(2801), index_map: IndexPattern { iter_rank: | ew:Multiply:Computed { indices: NodeId(2823), index_map: IndexPattern { iter_rank: | ew:Multiply:Computed { indices: NodeId(2845), index_map: IndexPattern { iter_rank: | ew:Multiply:Computed { indices: NodeId(2867), index_map: IndexPattern { iter_rank: | ew:Multiply:Computed { indices: NodeId(2889), index_map: IndexPattern { iter_rank: | ew:Multiply:Computed { indices: NodeId(2911), index_map: IndexPattern { iter_rank:
LEAF	blk.10.ffn_up_exps.weight	Float32	[Static(32), Static(1024), Static(512)]	gguf=[1024, 512, 32]/Q8_0	bound=packed	ew:Multiply:Computed { indices: NodeId(2759), index_map: IndexPattern { iter_rank: | ew:Multiply:Computed { indices: NodeId(2779), index_map: IndexPattern { iter_rank: | ew:Multiply:Computed { indices: NodeId(2801), index_map: IndexPattern { iter_rank: | ew:Multiply:Computed { indices: NodeId(2823), index_map: IndexPattern { iter_rank: | ew:Multiply:Computed { indices: NodeId(2845), index_map: IndexPattern { iter_rank: | ew:Multiply:Computed { indices: NodeId(2867), index_map: IndexPattern { iter_rank: | ew:Multiply:Computed { indices: NodeId(2889), index_map: IndexPattern { iter_rank: | ew:Multiply:Computed { indices: NodeId(2911), index_map: IndexPattern { iter_rank:
LEAF	blk.10.ffn_down_exps.weight	Float32	[Static(32), Static(512), Static(1024)]	gguf=[512, 1024, 32]/Q8_0	bound=packed	ew:Multiply:Computed { indices: NodeId(2759), index_map: IndexPattern { iter_rank: | ew:Multiply:Computed { indices: NodeId(2779), index_map: IndexPattern { iter_rank: | ew:Multiply:Computed { indices: NodeId(2801), index_map: IndexPattern { iter_rank: | ew:Multiply:Computed { indices: NodeId(2823), index_map: IndexPattern { iter_rank: | ew:Multiply:Computed { indices: NodeId(2845), index_map: IndexPattern { iter_rank: | ew:Multiply:Computed { indices: NodeId(2867), index_map: IndexPattern { iter_rank: | ew:Multiply:Computed { indices: NodeId(2889), index_map: IndexPattern { iter_rank: | ew:Multiply:Computed { indices: NodeId(2911), index_map: IndexPattern { iter_rank:
LEAF	blk.11.attn_norm.weight	Float32	[Static(1024)]	gguf=[1024]/F32	bound=packed	ew:Multiply:Affine(IndexPattern { iter_rank: 2, axes: [AxisIndex { terms: [AxisTer
LEAF	blk.11.ffn_norm.weight	Float32	[Static(1024)]	gguf=[1024]/F32	bound=packed	ew:Multiply:Affine(IndexPattern { iter_rank: 2, axes: [AxisIndex { terms: [AxisTer
LEAF	blk.11.attn_q.weight	Float32	[Static(1024), Static(16), Static(64)]	gguf=[1024, 1024]/Q8_0	bound=packed	ew:Multiply:Affine(IndexPattern { iter_rank: 4, axes: [AxisIndex { terms: [AxisTer
LEAF	blk.11.attn_k.weight	Float32	[Static(1024), Static(8), Static(64)]	gguf=[1024, 512]/Q8_0	bound=packed	ew:Multiply:Affine(IndexPattern { iter_rank: 4, axes: [AxisIndex { terms: [AxisTer
LEAF	blk.11.attn_v.weight	Float32	[Static(1024), Static(8), Static(64)]	gguf=[1024, 512]/Q8_0	bound=packed	ew:Multiply:Affine(IndexPattern { iter_rank: 4, axes: [AxisIndex { terms: [AxisTer
LEAF	blk.11.attn_output.weight	Float32	[Static(8), Static(2), Static(64), Static(1024)]	gguf=[1024, 1024]/Q8_0	bound=packed	ew:Multiply:Affine(IndexPattern { iter_rank: 5, axes: [AxisIndex { terms: [AxisTer
LEAF	kv_cache.11.k_even	Float32	[Symbolic(1), Static(8), Static(32)]	gguf=-	bound=-	ew:Multiply:Affine(IndexPattern { iter_rank: 5, axes: [AxisIndex { terms: [AxisTer
LEAF	kv_cache.11.k_odd	Float32	[Symbolic(1), Static(8), Static(32)]	gguf=-	bound=-	ew:Multiply:Affine(IndexPattern { iter_rank: 5, axes: [AxisIndex { terms: [AxisTer
LEAF	kv_cache.11.v	Float32	[Symbolic(1), Static(8), Static(64)]	gguf=-	bound=-	ew:Multiply:Affine(IndexPattern { iter_rank: 5, axes: [AxisIndex { terms: [AxisTer
LEAF	blk.11.ffn_gate_inp.weight	Float32	[Static(1024), Static(32)]	gguf=[1024, 32]/F32	bound=owned	ew:Multiply:Affine(IndexPattern { iter_rank: 3, axes: [AxisIndex { terms: [AxisTer
LEAF	blk.11.ffn_gate_exps.weight	Float32	[Static(32), Static(1024), Static(512)]	gguf=[1024, 512, 32]/Q8_0	bound=packed	ew:Multiply:Computed { indices: NodeId(3024), index_map: IndexPattern { iter_rank: | ew:Multiply:Computed { indices: NodeId(3044), index_map: IndexPattern { iter_rank: | ew:Multiply:Computed { indices: NodeId(3066), index_map: IndexPattern { iter_rank: | ew:Multiply:Computed { indices: NodeId(3088), index_map: IndexPattern { iter_rank: | ew:Multiply:Computed { indices: NodeId(3110), index_map: IndexPattern { iter_rank: | ew:Multiply:Computed { indices: NodeId(3132), index_map: IndexPattern { iter_rank: | ew:Multiply:Computed { indices: NodeId(3154), index_map: IndexPattern { iter_rank: | ew:Multiply:Computed { indices: NodeId(3176), index_map: IndexPattern { iter_rank:
LEAF	blk.11.ffn_up_exps.weight	Float32	[Static(32), Static(1024), Static(512)]	gguf=[1024, 512, 32]/Q8_0	bound=packed	ew:Multiply:Computed { indices: NodeId(3024), index_map: IndexPattern { iter_rank: | ew:Multiply:Computed { indices: NodeId(3044), index_map: IndexPattern { iter_rank: | ew:Multiply:Computed { indices: NodeId(3066), index_map: IndexPattern { iter_rank: | ew:Multiply:Computed { indices: NodeId(3088), index_map: IndexPattern { iter_rank: | ew:Multiply:Computed { indices: NodeId(3110), index_map: IndexPattern { iter_rank: | ew:Multiply:Computed { indices: NodeId(3132), index_map: IndexPattern { iter_rank: | ew:Multiply:Computed { indices: NodeId(3154), index_map: IndexPattern { iter_rank: | ew:Multiply:Computed { indices: NodeId(3176), index_map: IndexPattern { iter_rank:
LEAF	blk.11.ffn_down_exps.weight	Float32	[Static(32), Static(512), Static(1024)]	gguf=[512, 1024, 32]/Q8_0	bound=packed	ew:Multiply:Computed { indices: NodeId(3024), index_map: IndexPattern { iter_rank: | ew:Multiply:Computed { indices: NodeId(3044), index_map: IndexPattern { iter_rank: | ew:Multiply:Computed { indices: NodeId(3066), index_map: IndexPattern { iter_rank: | ew:Multiply:Computed { indices: NodeId(3088), index_map: IndexPattern { iter_rank: | ew:Multiply:Computed { indices: NodeId(3110), index_map: IndexPattern { iter_rank: | ew:Multiply:Computed { indices: NodeId(3132), index_map: IndexPattern { iter_rank: | ew:Multiply:Computed { indices: NodeId(3154), index_map: IndexPattern { iter_rank: | ew:Multiply:Computed { indices: NodeId(3176), index_map: IndexPattern { iter_rank:
LEAF	blk.12.attn_norm.weight	Float32	[Static(1024)]	gguf=[1024]/F32	bound=packed	ew:Multiply:Affine(IndexPattern { iter_rank: 2, axes: [AxisIndex { terms: [AxisTer
LEAF	blk.12.ffn_norm.weight	Float32	[Static(1024)]	gguf=[1024]/F32	bound=packed	ew:Multiply:Affine(IndexPattern { iter_rank: 2, axes: [AxisIndex { terms: [AxisTer
LEAF	blk.12.attn_q.weight	Float32	[Static(1024), Static(16), Static(64)]	gguf=[1024, 1024]/Q8_0	bound=packed	ew:Multiply:Affine(IndexPattern { iter_rank: 4, axes: [AxisIndex { terms: [AxisTer
LEAF	blk.12.attn_k.weight	Float32	[Static(1024), Static(8), Static(64)]	gguf=[1024, 512]/Q8_0	bound=packed	ew:Multiply:Affine(IndexPattern { iter_rank: 4, axes: [AxisIndex { terms: [AxisTer
LEAF	blk.12.attn_v.weight	Float32	[Static(1024), Static(8), Static(64)]	gguf=[1024, 512]/Q8_0	bound=packed	ew:Multiply:Affine(IndexPattern { iter_rank: 4, axes: [AxisIndex { terms: [AxisTer
LEAF	blk.12.attn_output.weight	Float32	[Static(8), Static(2), Static(64), Static(1024)]	gguf=[1024, 1024]/Q8_0	bound=packed	ew:Multiply:Affine(IndexPattern { iter_rank: 5, axes: [AxisIndex { terms: [AxisTer
LEAF	kv_cache.12.k_even	Float32	[Symbolic(1), Static(8), Static(32)]	gguf=-	bound=-	ew:Multiply:Affine(IndexPattern { iter_rank: 5, axes: [AxisIndex { terms: [AxisTer
LEAF	kv_cache.12.k_odd	Float32	[Symbolic(1), Static(8), Static(32)]	gguf=-	bound=-	ew:Multiply:Affine(IndexPattern { iter_rank: 5, axes: [AxisIndex { terms: [AxisTer
LEAF	kv_cache.12.v	Float32	[Symbolic(1), Static(8), Static(64)]	gguf=-	bound=-	ew:Multiply:Affine(IndexPattern { iter_rank: 5, axes: [AxisIndex { terms: [AxisTer
LEAF	blk.12.ffn_gate_inp.weight	Float32	[Static(1024), Static(32)]	gguf=[1024, 32]/F32	bound=owned	ew:Multiply:Affine(IndexPattern { iter_rank: 3, axes: [AxisIndex { terms: [AxisTer
LEAF	blk.12.ffn_gate_exps.weight	Float32	[Static(32), Static(1024), Static(512)]	gguf=[1024, 512, 32]/Q8_0	bound=packed	ew:Multiply:Computed { indices: NodeId(3289), index_map: IndexPattern { iter_rank: | ew:Multiply:Computed { indices: NodeId(3309), index_map: IndexPattern { iter_rank: | ew:Multiply:Computed { indices: NodeId(3331), index_map: IndexPattern { iter_rank: | ew:Multiply:Computed { indices: NodeId(3353), index_map: IndexPattern { iter_rank: | ew:Multiply:Computed { indices: NodeId(3375), index_map: IndexPattern { iter_rank: | ew:Multiply:Computed { indices: NodeId(3397), index_map: IndexPattern { iter_rank: | ew:Multiply:Computed { indices: NodeId(3419), index_map: IndexPattern { iter_rank: | ew:Multiply:Computed { indices: NodeId(3441), index_map: IndexPattern { iter_rank:
LEAF	blk.12.ffn_up_exps.weight	Float32	[Static(32), Static(1024), Static(512)]	gguf=[1024, 512, 32]/Q8_0	bound=packed	ew:Multiply:Computed { indices: NodeId(3289), index_map: IndexPattern { iter_rank: | ew:Multiply:Computed { indices: NodeId(3309), index_map: IndexPattern { iter_rank: | ew:Multiply:Computed { indices: NodeId(3331), index_map: IndexPattern { iter_rank: | ew:Multiply:Computed { indices: NodeId(3353), index_map: IndexPattern { iter_rank: | ew:Multiply:Computed { indices: NodeId(3375), index_map: IndexPattern { iter_rank: | ew:Multiply:Computed { indices: NodeId(3397), index_map: IndexPattern { iter_rank: | ew:Multiply:Computed { indices: NodeId(3419), index_map: IndexPattern { iter_rank: | ew:Multiply:Computed { indices: NodeId(3441), index_map: IndexPattern { iter_rank:
LEAF	blk.12.ffn_down_exps.weight	Float32	[Static(32), Static(512), Static(1024)]	gguf=[512, 1024, 32]/Q8_0	bound=packed	ew:Multiply:Computed { indices: NodeId(3289), index_map: IndexPattern { iter_rank: | ew:Multiply:Computed { indices: NodeId(3309), index_map: IndexPattern { iter_rank: | ew:Multiply:Computed { indices: NodeId(3331), index_map: IndexPattern { iter_rank: | ew:Multiply:Computed { indices: NodeId(3353), index_map: IndexPattern { iter_rank: | ew:Multiply:Computed { indices: NodeId(3375), index_map: IndexPattern { iter_rank: | ew:Multiply:Computed { indices: NodeId(3397), index_map: IndexPattern { iter_rank: | ew:Multiply:Computed { indices: NodeId(3419), index_map: IndexPattern { iter_rank: | ew:Multiply:Computed { indices: NodeId(3441), index_map: IndexPattern { iter_rank:
LEAF	blk.13.attn_norm.weight	Float32	[Static(1024)]	gguf=[1024]/F32	bound=packed	ew:Multiply:Affine(IndexPattern { iter_rank: 2, axes: [AxisIndex { terms: [AxisTer
LEAF	blk.13.ffn_norm.weight	Float32	[Static(1024)]	gguf=[1024]/F32	bound=packed	ew:Multiply:Affine(IndexPattern { iter_rank: 2, axes: [AxisIndex { terms: [AxisTer
LEAF	blk.13.attn_q.weight	Float32	[Static(1024), Static(16), Static(64)]	gguf=[1024, 1024]/Q8_0	bound=packed	ew:Multiply:Affine(IndexPattern { iter_rank: 4, axes: [AxisIndex { terms: [AxisTer
LEAF	blk.13.attn_k.weight	Float32	[Static(1024), Static(8), Static(64)]	gguf=[1024, 512]/Q8_0	bound=packed	ew:Multiply:Affine(IndexPattern { iter_rank: 4, axes: [AxisIndex { terms: [AxisTer
LEAF	blk.13.attn_v.weight	Float32	[Static(1024), Static(8), Static(64)]	gguf=[1024, 512]/Q8_0	bound=packed	ew:Multiply:Affine(IndexPattern { iter_rank: 4, axes: [AxisIndex { terms: [AxisTer
LEAF	blk.13.attn_output.weight	Float32	[Static(8), Static(2), Static(64), Static(1024)]	gguf=[1024, 1024]/Q8_0	bound=packed	ew:Multiply:Affine(IndexPattern { iter_rank: 5, axes: [AxisIndex { terms: [AxisTer
LEAF	kv_cache.13.k_even	Float32	[Symbolic(1), Static(8), Static(32)]	gguf=-	bound=-	ew:Multiply:Affine(IndexPattern { iter_rank: 5, axes: [AxisIndex { terms: [AxisTer
LEAF	kv_cache.13.k_odd	Float32	[Symbolic(1), Static(8), Static(32)]	gguf=-	bound=-	ew:Multiply:Affine(IndexPattern { iter_rank: 5, axes: [AxisIndex { terms: [AxisTer
LEAF	kv_cache.13.v	Float32	[Symbolic(1), Static(8), Static(64)]	gguf=-	bound=-	ew:Multiply:Affine(IndexPattern { iter_rank: 5, axes: [AxisIndex { terms: [AxisTer
LEAF	blk.13.ffn_gate_inp.weight	Float32	[Static(1024), Static(32)]	gguf=[1024, 32]/F32	bound=owned	ew:Multiply:Affine(IndexPattern { iter_rank: 3, axes: [AxisIndex { terms: [AxisTer
LEAF	blk.13.ffn_gate_exps.weight	Float32	[Static(32), Static(1024), Static(512)]	gguf=[1024, 512, 32]/Q8_0	bound=packed	ew:Multiply:Computed { indices: NodeId(3554), index_map: IndexPattern { iter_rank: | ew:Multiply:Computed { indices: NodeId(3574), index_map: IndexPattern { iter_rank: | ew:Multiply:Computed { indices: NodeId(3596), index_map: IndexPattern { iter_rank: | ew:Multiply:Computed { indices: NodeId(3618), index_map: IndexPattern { iter_rank: | ew:Multiply:Computed { indices: NodeId(3640), index_map: IndexPattern { iter_rank: | ew:Multiply:Computed { indices: NodeId(3662), index_map: IndexPattern { iter_rank: | ew:Multiply:Computed { indices: NodeId(3684), index_map: IndexPattern { iter_rank: | ew:Multiply:Computed { indices: NodeId(3706), index_map: IndexPattern { iter_rank:
LEAF	blk.13.ffn_up_exps.weight	Float32	[Static(32), Static(1024), Static(512)]	gguf=[1024, 512, 32]/Q8_0	bound=packed	ew:Multiply:Computed { indices: NodeId(3554), index_map: IndexPattern { iter_rank: | ew:Multiply:Computed { indices: NodeId(3574), index_map: IndexPattern { iter_rank: | ew:Multiply:Computed { indices: NodeId(3596), index_map: IndexPattern { iter_rank: | ew:Multiply:Computed { indices: NodeId(3618), index_map: IndexPattern { iter_rank: | ew:Multiply:Computed { indices: NodeId(3640), index_map: IndexPattern { iter_rank: | ew:Multiply:Computed { indices: NodeId(3662), index_map: IndexPattern { iter_rank: | ew:Multiply:Computed { indices: NodeId(3684), index_map: IndexPattern { iter_rank: | ew:Multiply:Computed { indices: NodeId(3706), index_map: IndexPattern { iter_rank:
LEAF	blk.13.ffn_down_exps.weight	Float32	[Static(32), Static(512), Static(1024)]	gguf=[512, 1024, 32]/Q8_0	bound=packed	ew:Multiply:Computed { indices: NodeId(3554), index_map: IndexPattern { iter_rank: | ew:Multiply:Computed { indices: NodeId(3574), index_map: IndexPattern { iter_rank: | ew:Multiply:Computed { indices: NodeId(3596), index_map: IndexPattern { iter_rank: | ew:Multiply:Computed { indices: NodeId(3618), index_map: IndexPattern { iter_rank: | ew:Multiply:Computed { indices: NodeId(3640), index_map: IndexPattern { iter_rank: | ew:Multiply:Computed { indices: NodeId(3662), index_map: IndexPattern { iter_rank: | ew:Multiply:Computed { indices: NodeId(3684), index_map: IndexPattern { iter_rank: | ew:Multiply:Computed { indices: NodeId(3706), index_map: IndexPattern { iter_rank:
LEAF	blk.14.attn_norm.weight	Float32	[Static(1024)]	gguf=[1024]/F32	bound=packed	ew:Multiply:Affine(IndexPattern { iter_rank: 2, axes: [AxisIndex { terms: [AxisTer
LEAF	blk.14.ffn_norm.weight	Float32	[Static(1024)]	gguf=[1024]/F32	bound=packed	ew:Multiply:Affine(IndexPattern { iter_rank: 2, axes: [AxisIndex { terms: [AxisTer
LEAF	blk.14.attn_q.weight	Float32	[Static(1024), Static(16), Static(64)]	gguf=[1024, 1024]/Q8_0	bound=packed	ew:Multiply:Affine(IndexPattern { iter_rank: 4, axes: [AxisIndex { terms: [AxisTer
LEAF	blk.14.attn_k.weight	Float32	[Static(1024), Static(8), Static(64)]	gguf=[1024, 512]/Q8_0	bound=packed	ew:Multiply:Affine(IndexPattern { iter_rank: 4, axes: [AxisIndex { terms: [AxisTer
LEAF	blk.14.attn_v.weight	Float32	[Static(1024), Static(8), Static(64)]	gguf=[1024, 512]/Q8_0	bound=packed	ew:Multiply:Affine(IndexPattern { iter_rank: 4, axes: [AxisIndex { terms: [AxisTer
LEAF	blk.14.attn_output.weight	Float32	[Static(8), Static(2), Static(64), Static(1024)]	gguf=[1024, 1024]/Q8_0	bound=packed	ew:Multiply:Affine(IndexPattern { iter_rank: 5, axes: [AxisIndex { terms: [AxisTer
LEAF	kv_cache.14.k_even	Float32	[Symbolic(1), Static(8), Static(32)]	gguf=-	bound=-	ew:Multiply:Affine(IndexPattern { iter_rank: 5, axes: [AxisIndex { terms: [AxisTer
LEAF	kv_cache.14.k_odd	Float32	[Symbolic(1), Static(8), Static(32)]	gguf=-	bound=-	ew:Multiply:Affine(IndexPattern { iter_rank: 5, axes: [AxisIndex { terms: [AxisTer
LEAF	kv_cache.14.v	Float32	[Symbolic(1), Static(8), Static(64)]	gguf=-	bound=-	ew:Multiply:Affine(IndexPattern { iter_rank: 5, axes: [AxisIndex { terms: [AxisTer
LEAF	blk.14.ffn_gate_inp.weight	Float32	[Static(1024), Static(32)]	gguf=[1024, 32]/F32	bound=owned	ew:Multiply:Affine(IndexPattern { iter_rank: 3, axes: [AxisIndex { terms: [AxisTer
LEAF	blk.14.ffn_gate_exps.weight	Float32	[Static(32), Static(1024), Static(512)]	gguf=[1024, 512, 32]/Q8_0	bound=packed	ew:Multiply:Computed { indices: NodeId(3819), index_map: IndexPattern { iter_rank: | ew:Multiply:Computed { indices: NodeId(3839), index_map: IndexPattern { iter_rank: | ew:Multiply:Computed { indices: NodeId(3861), index_map: IndexPattern { iter_rank: | ew:Multiply:Computed { indices: NodeId(3883), index_map: IndexPattern { iter_rank: | ew:Multiply:Computed { indices: NodeId(3905), index_map: IndexPattern { iter_rank: | ew:Multiply:Computed { indices: NodeId(3927), index_map: IndexPattern { iter_rank: | ew:Multiply:Computed { indices: NodeId(3949), index_map: IndexPattern { iter_rank: | ew:Multiply:Computed { indices: NodeId(3971), index_map: IndexPattern { iter_rank:
LEAF	blk.14.ffn_up_exps.weight	Float32	[Static(32), Static(1024), Static(512)]	gguf=[1024, 512, 32]/Q8_0	bound=packed	ew:Multiply:Computed { indices: NodeId(3819), index_map: IndexPattern { iter_rank: | ew:Multiply:Computed { indices: NodeId(3839), index_map: IndexPattern { iter_rank: | ew:Multiply:Computed { indices: NodeId(3861), index_map: IndexPattern { iter_rank: | ew:Multiply:Computed { indices: NodeId(3883), index_map: IndexPattern { iter_rank: | ew:Multiply:Computed { indices: NodeId(3905), index_map: IndexPattern { iter_rank: | ew:Multiply:Computed { indices: NodeId(3927), index_map: IndexPattern { iter_rank: | ew:Multiply:Computed { indices: NodeId(3949), index_map: IndexPattern { iter_rank: | ew:Multiply:Computed { indices: NodeId(3971), index_map: IndexPattern { iter_rank:
LEAF	blk.14.ffn_down_exps.weight	Float32	[Static(32), Static(512), Static(1024)]	gguf=[512, 1024, 32]/Q8_0	bound=packed	ew:Multiply:Computed { indices: NodeId(3819), index_map: IndexPattern { iter_rank: | ew:Multiply:Computed { indices: NodeId(3839), index_map: IndexPattern { iter_rank: | ew:Multiply:Computed { indices: NodeId(3861), index_map: IndexPattern { iter_rank: | ew:Multiply:Computed { indices: NodeId(3883), index_map: IndexPattern { iter_rank: | ew:Multiply:Computed { indices: NodeId(3905), index_map: IndexPattern { iter_rank: | ew:Multiply:Computed { indices: NodeId(3927), index_map: IndexPattern { iter_rank: | ew:Multiply:Computed { indices: NodeId(3949), index_map: IndexPattern { iter_rank: | ew:Multiply:Computed { indices: NodeId(3971), index_map: IndexPattern { iter_rank:
LEAF	blk.15.attn_norm.weight	Float32	[Static(1024)]	gguf=[1024]/F32	bound=packed	ew:Multiply:Affine(IndexPattern { iter_rank: 2, axes: [AxisIndex { terms: [AxisTer
LEAF	blk.15.ffn_norm.weight	Float32	[Static(1024)]	gguf=[1024]/F32	bound=packed	ew:Multiply:Affine(IndexPattern { iter_rank: 2, axes: [AxisIndex { terms: [AxisTer
LEAF	blk.15.attn_q.weight	Float32	[Static(1024), Static(16), Static(64)]	gguf=[1024, 1024]/Q8_0	bound=packed	ew:Multiply:Affine(IndexPattern { iter_rank: 4, axes: [AxisIndex { terms: [AxisTer
LEAF	blk.15.attn_k.weight	Float32	[Static(1024), Static(8), Static(64)]	gguf=[1024, 512]/Q8_0	bound=packed	ew:Multiply:Affine(IndexPattern { iter_rank: 4, axes: [AxisIndex { terms: [AxisTer
LEAF	blk.15.attn_v.weight	Float32	[Static(1024), Static(8), Static(64)]	gguf=[1024, 512]/Q8_0	bound=packed	ew:Multiply:Affine(IndexPattern { iter_rank: 4, axes: [AxisIndex { terms: [AxisTer
LEAF	blk.15.attn_output.weight	Float32	[Static(8), Static(2), Static(64), Static(1024)]	gguf=[1024, 1024]/Q8_0	bound=packed	ew:Multiply:Affine(IndexPattern { iter_rank: 5, axes: [AxisIndex { terms: [AxisTer
LEAF	kv_cache.15.k_even	Float32	[Symbolic(1), Static(8), Static(32)]	gguf=-	bound=-	ew:Multiply:Affine(IndexPattern { iter_rank: 5, axes: [AxisIndex { terms: [AxisTer
LEAF	kv_cache.15.k_odd	Float32	[Symbolic(1), Static(8), Static(32)]	gguf=-	bound=-	ew:Multiply:Affine(IndexPattern { iter_rank: 5, axes: [AxisIndex { terms: [AxisTer
LEAF	kv_cache.15.v	Float32	[Symbolic(1), Static(8), Static(64)]	gguf=-	bound=-	ew:Multiply:Affine(IndexPattern { iter_rank: 5, axes: [AxisIndex { terms: [AxisTer
LEAF	blk.15.ffn_gate_inp.weight	Float32	[Static(1024), Static(32)]	gguf=[1024, 32]/F32	bound=owned	ew:Multiply:Affine(IndexPattern { iter_rank: 3, axes: [AxisIndex { terms: [AxisTer
LEAF	blk.15.ffn_gate_exps.weight	Float32	[Static(32), Static(1024), Static(512)]	gguf=[1024, 512, 32]/Q8_0	bound=packed	ew:Multiply:Computed { indices: NodeId(4084), index_map: IndexPattern { iter_rank: | ew:Multiply:Computed { indices: NodeId(4104), index_map: IndexPattern { iter_rank: | ew:Multiply:Computed { indices: NodeId(4126), index_map: IndexPattern { iter_rank: | ew:Multiply:Computed { indices: NodeId(4148), index_map: IndexPattern { iter_rank: | ew:Multiply:Computed { indices: NodeId(4170), index_map: IndexPattern { iter_rank: | ew:Multiply:Computed { indices: NodeId(4192), index_map: IndexPattern { iter_rank: | ew:Multiply:Computed { indices: NodeId(4214), index_map: IndexPattern { iter_rank: | ew:Multiply:Computed { indices: NodeId(4236), index_map: IndexPattern { iter_rank:
LEAF	blk.15.ffn_up_exps.weight	Float32	[Static(32), Static(1024), Static(512)]	gguf=[1024, 512, 32]/Q8_0	bound=packed	ew:Multiply:Computed { indices: NodeId(4084), index_map: IndexPattern { iter_rank: | ew:Multiply:Computed { indices: NodeId(4104), index_map: IndexPattern { iter_rank: | ew:Multiply:Computed { indices: NodeId(4126), index_map: IndexPattern { iter_rank: | ew:Multiply:Computed { indices: NodeId(4148), index_map: IndexPattern { iter_rank: | ew:Multiply:Computed { indices: NodeId(4170), index_map: IndexPattern { iter_rank: | ew:Multiply:Computed { indices: NodeId(4192), index_map: IndexPattern { iter_rank: | ew:Multiply:Computed { indices: NodeId(4214), index_map: IndexPattern { iter_rank: | ew:Multiply:Computed { indices: NodeId(4236), index_map: IndexPattern { iter_rank:
LEAF	blk.15.ffn_down_exps.weight	Float32	[Static(32), Static(512), Static(1024)]	gguf=[512, 1024, 32]/Q8_0	bound=packed	ew:Multiply:Computed { indices: NodeId(4084), index_map: IndexPattern { iter_rank: | ew:Multiply:Computed { indices: NodeId(4104), index_map: IndexPattern { iter_rank: | ew:Multiply:Computed { indices: NodeId(4126), index_map: IndexPattern { iter_rank: | ew:Multiply:Computed { indices: NodeId(4148), index_map: IndexPattern { iter_rank: | ew:Multiply:Computed { indices: NodeId(4170), index_map: IndexPattern { iter_rank: | ew:Multiply:Computed { indices: NodeId(4192), index_map: IndexPattern { iter_rank: | ew:Multiply:Computed { indices: NodeId(4214), index_map: IndexPattern { iter_rank: | ew:Multiply:Computed { indices: NodeId(4236), index_map: IndexPattern { iter_rank:
LEAF	blk.16.attn_norm.weight	Float32	[Static(1024)]	gguf=[1024]/F32	bound=packed	ew:Multiply:Affine(IndexPattern { iter_rank: 2, axes: [AxisIndex { terms: [AxisTer
LEAF	blk.16.ffn_norm.weight	Float32	[Static(1024)]	gguf=[1024]/F32	bound=packed	ew:Multiply:Affine(IndexPattern { iter_rank: 2, axes: [AxisIndex { terms: [AxisTer
LEAF	blk.16.attn_q.weight	Float32	[Static(1024), Static(16), Static(64)]	gguf=[1024, 1024]/Q8_0	bound=packed	ew:Multiply:Affine(IndexPattern { iter_rank: 4, axes: [AxisIndex { terms: [AxisTer
LEAF	blk.16.attn_k.weight	Float32	[Static(1024), Static(8), Static(64)]	gguf=[1024, 512]/Q8_0	bound=packed	ew:Multiply:Affine(IndexPattern { iter_rank: 4, axes: [AxisIndex { terms: [AxisTer
LEAF	blk.16.attn_v.weight	Float32	[Static(1024), Static(8), Static(64)]	gguf=[1024, 512]/Q8_0	bound=packed	ew:Multiply:Affine(IndexPattern { iter_rank: 4, axes: [AxisIndex { terms: [AxisTer
LEAF	blk.16.attn_output.weight	Float32	[Static(8), Static(2), Static(64), Static(1024)]	gguf=[1024, 1024]/Q8_0	bound=packed	ew:Multiply:Affine(IndexPattern { iter_rank: 5, axes: [AxisIndex { terms: [AxisTer
LEAF	kv_cache.16.k_even	Float32	[Symbolic(1), Static(8), Static(32)]	gguf=-	bound=-	ew:Multiply:Affine(IndexPattern { iter_rank: 5, axes: [AxisIndex { terms: [AxisTer
LEAF	kv_cache.16.k_odd	Float32	[Symbolic(1), Static(8), Static(32)]	gguf=-	bound=-	ew:Multiply:Affine(IndexPattern { iter_rank: 5, axes: [AxisIndex { terms: [AxisTer
LEAF	kv_cache.16.v	Float32	[Symbolic(1), Static(8), Static(64)]	gguf=-	bound=-	ew:Multiply:Affine(IndexPattern { iter_rank: 5, axes: [AxisIndex { terms: [AxisTer
LEAF	blk.16.ffn_gate_inp.weight	Float32	[Static(1024), Static(32)]	gguf=[1024, 32]/F32	bound=owned	ew:Multiply:Affine(IndexPattern { iter_rank: 3, axes: [AxisIndex { terms: [AxisTer
LEAF	blk.16.ffn_gate_exps.weight	Float32	[Static(32), Static(1024), Static(512)]	gguf=[1024, 512, 32]/Q8_0	bound=packed	ew:Multiply:Computed { indices: NodeId(4349), index_map: IndexPattern { iter_rank: | ew:Multiply:Computed { indices: NodeId(4369), index_map: IndexPattern { iter_rank: | ew:Multiply:Computed { indices: NodeId(4391), index_map: IndexPattern { iter_rank: | ew:Multiply:Computed { indices: NodeId(4413), index_map: IndexPattern { iter_rank: | ew:Multiply:Computed { indices: NodeId(4435), index_map: IndexPattern { iter_rank: | ew:Multiply:Computed { indices: NodeId(4457), index_map: IndexPattern { iter_rank: | ew:Multiply:Computed { indices: NodeId(4479), index_map: IndexPattern { iter_rank: | ew:Multiply:Computed { indices: NodeId(4501), index_map: IndexPattern { iter_rank:
LEAF	blk.16.ffn_up_exps.weight	Float32	[Static(32), Static(1024), Static(512)]	gguf=[1024, 512, 32]/Q8_0	bound=packed	ew:Multiply:Computed { indices: NodeId(4349), index_map: IndexPattern { iter_rank: | ew:Multiply:Computed { indices: NodeId(4369), index_map: IndexPattern { iter_rank: | ew:Multiply:Computed { indices: NodeId(4391), index_map: IndexPattern { iter_rank: | ew:Multiply:Computed { indices: NodeId(4413), index_map: IndexPattern { iter_rank: | ew:Multiply:Computed { indices: NodeId(4435), index_map: IndexPattern { iter_rank: | ew:Multiply:Computed { indices: NodeId(4457), index_map: IndexPattern { iter_rank: | ew:Multiply:Computed { indices: NodeId(4479), index_map: IndexPattern { iter_rank: | ew:Multiply:Computed { indices: NodeId(4501), index_map: IndexPattern { iter_rank:
LEAF	blk.16.ffn_down_exps.weight	Float32	[Static(32), Static(512), Static(1024)]	gguf=[512, 1024, 32]/Q8_0	bound=packed	ew:Multiply:Computed { indices: NodeId(4349), index_map: IndexPattern { iter_rank: | ew:Multiply:Computed { indices: NodeId(4369), index_map: IndexPattern { iter_rank: | ew:Multiply:Computed { indices: NodeId(4391), index_map: IndexPattern { iter_rank: | ew:Multiply:Computed { indices: NodeId(4413), index_map: IndexPattern { iter_rank: | ew:Multiply:Computed { indices: NodeId(4435), index_map: IndexPattern { iter_rank: | ew:Multiply:Computed { indices: NodeId(4457), index_map: IndexPattern { iter_rank: | ew:Multiply:Computed { indices: NodeId(4479), index_map: IndexPattern { iter_rank: | ew:Multiply:Computed { indices: NodeId(4501), index_map: IndexPattern { iter_rank:
LEAF	blk.17.attn_norm.weight	Float32	[Static(1024)]	gguf=[1024]/F32	bound=packed	ew:Multiply:Affine(IndexPattern { iter_rank: 2, axes: [AxisIndex { terms: [AxisTer
LEAF	blk.17.ffn_norm.weight	Float32	[Static(1024)]	gguf=[1024]/F32	bound=packed	ew:Multiply:Affine(IndexPattern { iter_rank: 2, axes: [AxisIndex { terms: [AxisTer
LEAF	blk.17.attn_q.weight	Float32	[Static(1024), Static(16), Static(64)]	gguf=[1024, 1024]/Q8_0	bound=packed	ew:Multiply:Affine(IndexPattern { iter_rank: 4, axes: [AxisIndex { terms: [AxisTer
LEAF	blk.17.attn_k.weight	Float32	[Static(1024), Static(8), Static(64)]	gguf=[1024, 512]/Q8_0	bound=packed	ew:Multiply:Affine(IndexPattern { iter_rank: 4, axes: [AxisIndex { terms: [AxisTer
LEAF	blk.17.attn_v.weight	Float32	[Static(1024), Static(8), Static(64)]	gguf=[1024, 512]/Q8_0	bound=packed	ew:Multiply:Affine(IndexPattern { iter_rank: 4, axes: [AxisIndex { terms: [AxisTer
LEAF	blk.17.attn_output.weight	Float32	[Static(8), Static(2), Static(64), Static(1024)]	gguf=[1024, 1024]/Q8_0	bound=packed	ew:Multiply:Affine(IndexPattern { iter_rank: 5, axes: [AxisIndex { terms: [AxisTer
LEAF	kv_cache.17.k_even	Float32	[Symbolic(1), Static(8), Static(32)]	gguf=-	bound=-	ew:Multiply:Affine(IndexPattern { iter_rank: 5, axes: [AxisIndex { terms: [AxisTer
LEAF	kv_cache.17.k_odd	Float32	[Symbolic(1), Static(8), Static(32)]	gguf=-	bound=-	ew:Multiply:Affine(IndexPattern { iter_rank: 5, axes: [AxisIndex { terms: [AxisTer
LEAF	kv_cache.17.v	Float32	[Symbolic(1), Static(8), Static(64)]	gguf=-	bound=-	ew:Multiply:Affine(IndexPattern { iter_rank: 5, axes: [AxisIndex { terms: [AxisTer
LEAF	blk.17.ffn_gate_inp.weight	Float32	[Static(1024), Static(32)]	gguf=[1024, 32]/F32	bound=owned	ew:Multiply:Affine(IndexPattern { iter_rank: 3, axes: [AxisIndex { terms: [AxisTer
LEAF	blk.17.ffn_gate_exps.weight	Float32	[Static(32), Static(1024), Static(512)]	gguf=[1024, 512, 32]/Q8_0	bound=packed	ew:Multiply:Computed { indices: NodeId(4614), index_map: IndexPattern { iter_rank: | ew:Multiply:Computed { indices: NodeId(4634), index_map: IndexPattern { iter_rank: | ew:Multiply:Computed { indices: NodeId(4656), index_map: IndexPattern { iter_rank: | ew:Multiply:Computed { indices: NodeId(4678), index_map: IndexPattern { iter_rank: | ew:Multiply:Computed { indices: NodeId(4700), index_map: IndexPattern { iter_rank: | ew:Multiply:Computed { indices: NodeId(4722), index_map: IndexPattern { iter_rank: | ew:Multiply:Computed { indices: NodeId(4744), index_map: IndexPattern { iter_rank: | ew:Multiply:Computed { indices: NodeId(4766), index_map: IndexPattern { iter_rank:
LEAF	blk.17.ffn_up_exps.weight	Float32	[Static(32), Static(1024), Static(512)]	gguf=[1024, 512, 32]/Q8_0	bound=packed	ew:Multiply:Computed { indices: NodeId(4614), index_map: IndexPattern { iter_rank: | ew:Multiply:Computed { indices: NodeId(4634), index_map: IndexPattern { iter_rank: | ew:Multiply:Computed { indices: NodeId(4656), index_map: IndexPattern { iter_rank: | ew:Multiply:Computed { indices: NodeId(4678), index_map: IndexPattern { iter_rank: | ew:Multiply:Computed { indices: NodeId(4700), index_map: IndexPattern { iter_rank: | ew:Multiply:Computed { indices: NodeId(4722), index_map: IndexPattern { iter_rank: | ew:Multiply:Computed { indices: NodeId(4744), index_map: IndexPattern { iter_rank: | ew:Multiply:Computed { indices: NodeId(4766), index_map: IndexPattern { iter_rank:
LEAF	blk.17.ffn_down_exps.weight	Float32	[Static(32), Static(512), Static(1024)]	gguf=[512, 1024, 32]/Q8_0	bound=packed	ew:Multiply:Computed { indices: NodeId(4614), index_map: IndexPattern { iter_rank: | ew:Multiply:Computed { indices: NodeId(4634), index_map: IndexPattern { iter_rank: | ew:Multiply:Computed { indices: NodeId(4656), index_map: IndexPattern { iter_rank: | ew:Multiply:Computed { indices: NodeId(4678), index_map: IndexPattern { iter_rank: | ew:Multiply:Computed { indices: NodeId(4700), index_map: IndexPattern { iter_rank: | ew:Multiply:Computed { indices: NodeId(4722), index_map: IndexPattern { iter_rank: | ew:Multiply:Computed { indices: NodeId(4744), index_map: IndexPattern { iter_rank: | ew:Multiply:Computed { indices: NodeId(4766), index_map: IndexPattern { iter_rank:
LEAF	blk.18.attn_norm.weight	Float32	[Static(1024)]	gguf=[1024]/F32	bound=packed	ew:Multiply:Affine(IndexPattern { iter_rank: 2, axes: [AxisIndex { terms: [AxisTer
LEAF	blk.18.ffn_norm.weight	Float32	[Static(1024)]	gguf=[1024]/F32	bound=packed	ew:Multiply:Affine(IndexPattern { iter_rank: 2, axes: [AxisIndex { terms: [AxisTer
LEAF	blk.18.attn_q.weight	Float32	[Static(1024), Static(16), Static(64)]	gguf=[1024, 1024]/Q8_0	bound=packed	ew:Multiply:Affine(IndexPattern { iter_rank: 4, axes: [AxisIndex { terms: [AxisTer
LEAF	blk.18.attn_k.weight	Float32	[Static(1024), Static(8), Static(64)]	gguf=[1024, 512]/Q8_0	bound=packed	ew:Multiply:Affine(IndexPattern { iter_rank: 4, axes: [AxisIndex { terms: [AxisTer
LEAF	blk.18.attn_v.weight	Float32	[Static(1024), Static(8), Static(64)]	gguf=[1024, 512]/Q8_0	bound=packed	ew:Multiply:Affine(IndexPattern { iter_rank: 4, axes: [AxisIndex { terms: [AxisTer
LEAF	blk.18.attn_output.weight	Float32	[Static(8), Static(2), Static(64), Static(1024)]	gguf=[1024, 1024]/Q8_0	bound=packed	ew:Multiply:Affine(IndexPattern { iter_rank: 5, axes: [AxisIndex { terms: [AxisTer
LEAF	kv_cache.18.k_even	Float32	[Symbolic(1), Static(8), Static(32)]	gguf=-	bound=-	ew:Multiply:Affine(IndexPattern { iter_rank: 5, axes: [AxisIndex { terms: [AxisTer
LEAF	kv_cache.18.k_odd	Float32	[Symbolic(1), Static(8), Static(32)]	gguf=-	bound=-	ew:Multiply:Affine(IndexPattern { iter_rank: 5, axes: [AxisIndex { terms: [AxisTer
LEAF	kv_cache.18.v	Float32	[Symbolic(1), Static(8), Static(64)]	gguf=-	bound=-	ew:Multiply:Affine(IndexPattern { iter_rank: 5, axes: [AxisIndex { terms: [AxisTer
LEAF	blk.18.ffn_gate_inp.weight	Float32	[Static(1024), Static(32)]	gguf=[1024, 32]/F32	bound=owned	ew:Multiply:Affine(IndexPattern { iter_rank: 3, axes: [AxisIndex { terms: [AxisTer
LEAF	blk.18.ffn_gate_exps.weight	Float32	[Static(32), Static(1024), Static(512)]	gguf=[1024, 512, 32]/Q8_0	bound=packed	ew:Multiply:Computed { indices: NodeId(4879), index_map: IndexPattern { iter_rank: | ew:Multiply:Computed { indices: NodeId(4899), index_map: IndexPattern { iter_rank: | ew:Multiply:Computed { indices: NodeId(4921), index_map: IndexPattern { iter_rank: | ew:Multiply:Computed { indices: NodeId(4943), index_map: IndexPattern { iter_rank: | ew:Multiply:Computed { indices: NodeId(4965), index_map: IndexPattern { iter_rank: | ew:Multiply:Computed { indices: NodeId(4987), index_map: IndexPattern { iter_rank: | ew:Multiply:Computed { indices: NodeId(5009), index_map: IndexPattern { iter_rank: | ew:Multiply:Computed { indices: NodeId(5031), index_map: IndexPattern { iter_rank:
LEAF	blk.18.ffn_up_exps.weight	Float32	[Static(32), Static(1024), Static(512)]	gguf=[1024, 512, 32]/Q8_0	bound=packed	ew:Multiply:Computed { indices: NodeId(4879), index_map: IndexPattern { iter_rank: | ew:Multiply:Computed { indices: NodeId(4899), index_map: IndexPattern { iter_rank: | ew:Multiply:Computed { indices: NodeId(4921), index_map: IndexPattern { iter_rank: | ew:Multiply:Computed { indices: NodeId(4943), index_map: IndexPattern { iter_rank: | ew:Multiply:Computed { indices: NodeId(4965), index_map: IndexPattern { iter_rank: | ew:Multiply:Computed { indices: NodeId(4987), index_map: IndexPattern { iter_rank: | ew:Multiply:Computed { indices: NodeId(5009), index_map: IndexPattern { iter_rank: | ew:Multiply:Computed { indices: NodeId(5031), index_map: IndexPattern { iter_rank:
LEAF	blk.18.ffn_down_exps.weight	Float32	[Static(32), Static(512), Static(1024)]	gguf=[512, 1024, 32]/Q8_0	bound=packed	ew:Multiply:Computed { indices: NodeId(4879), index_map: IndexPattern { iter_rank: | ew:Multiply:Computed { indices: NodeId(4899), index_map: IndexPattern { iter_rank: | ew:Multiply:Computed { indices: NodeId(4921), index_map: IndexPattern { iter_rank: | ew:Multiply:Computed { indices: NodeId(4943), index_map: IndexPattern { iter_rank: | ew:Multiply:Computed { indices: NodeId(4965), index_map: IndexPattern { iter_rank: | ew:Multiply:Computed { indices: NodeId(4987), index_map: IndexPattern { iter_rank: | ew:Multiply:Computed { indices: NodeId(5009), index_map: IndexPattern { iter_rank: | ew:Multiply:Computed { indices: NodeId(5031), index_map: IndexPattern { iter_rank:
LEAF	blk.19.attn_norm.weight	Float32	[Static(1024)]	gguf=[1024]/F32	bound=packed	ew:Multiply:Affine(IndexPattern { iter_rank: 2, axes: [AxisIndex { terms: [AxisTer
LEAF	blk.19.ffn_norm.weight	Float32	[Static(1024)]	gguf=[1024]/F32	bound=packed	ew:Multiply:Affine(IndexPattern { iter_rank: 2, axes: [AxisIndex { terms: [AxisTer
LEAF	blk.19.attn_q.weight	Float32	[Static(1024), Static(16), Static(64)]	gguf=[1024, 1024]/Q8_0	bound=packed	ew:Multiply:Affine(IndexPattern { iter_rank: 4, axes: [AxisIndex { terms: [AxisTer
LEAF	blk.19.attn_k.weight	Float32	[Static(1024), Static(8), Static(64)]	gguf=[1024, 512]/Q8_0	bound=packed	ew:Multiply:Affine(IndexPattern { iter_rank: 4, axes: [AxisIndex { terms: [AxisTer
LEAF	blk.19.attn_v.weight	Float32	[Static(1024), Static(8), Static(64)]	gguf=[1024, 512]/Q8_0	bound=packed	ew:Multiply:Affine(IndexPattern { iter_rank: 4, axes: [AxisIndex { terms: [AxisTer
LEAF	blk.19.attn_output.weight	Float32	[Static(8), Static(2), Static(64), Static(1024)]	gguf=[1024, 1024]/Q8_0	bound=packed	ew:Multiply:Affine(IndexPattern { iter_rank: 5, axes: [AxisIndex { terms: [AxisTer
LEAF	kv_cache.19.k_even	Float32	[Symbolic(1), Static(8), Static(32)]	gguf=-	bound=-	ew:Multiply:Affine(IndexPattern { iter_rank: 5, axes: [AxisIndex { terms: [AxisTer
LEAF	kv_cache.19.k_odd	Float32	[Symbolic(1), Static(8), Static(32)]	gguf=-	bound=-	ew:Multiply:Affine(IndexPattern { iter_rank: 5, axes: [AxisIndex { terms: [AxisTer
LEAF	kv_cache.19.v	Float32	[Symbolic(1), Static(8), Static(64)]	gguf=-	bound=-	ew:Multiply:Affine(IndexPattern { iter_rank: 5, axes: [AxisIndex { terms: [AxisTer
LEAF	blk.19.ffn_gate_inp.weight	Float32	[Static(1024), Static(32)]	gguf=[1024, 32]/F32	bound=owned	ew:Multiply:Affine(IndexPattern { iter_rank: 3, axes: [AxisIndex { terms: [AxisTer
LEAF	blk.19.ffn_gate_exps.weight	Float32	[Static(32), Static(1024), Static(512)]	gguf=[1024, 512, 32]/Q8_0	bound=packed	ew:Multiply:Computed { indices: NodeId(5144), index_map: IndexPattern { iter_rank: | ew:Multiply:Computed { indices: NodeId(5164), index_map: IndexPattern { iter_rank: | ew:Multiply:Computed { indices: NodeId(5186), index_map: IndexPattern { iter_rank: | ew:Multiply:Computed { indices: NodeId(5208), index_map: IndexPattern { iter_rank: | ew:Multiply:Computed { indices: NodeId(5230), index_map: IndexPattern { iter_rank: | ew:Multiply:Computed { indices: NodeId(5252), index_map: IndexPattern { iter_rank: | ew:Multiply:Computed { indices: NodeId(5274), index_map: IndexPattern { iter_rank: | ew:Multiply:Computed { indices: NodeId(5296), index_map: IndexPattern { iter_rank:
LEAF	blk.19.ffn_up_exps.weight	Float32	[Static(32), Static(1024), Static(512)]	gguf=[1024, 512, 32]/Q8_0	bound=packed	ew:Multiply:Computed { indices: NodeId(5144), index_map: IndexPattern { iter_rank: | ew:Multiply:Computed { indices: NodeId(5164), index_map: IndexPattern { iter_rank: | ew:Multiply:Computed { indices: NodeId(5186), index_map: IndexPattern { iter_rank: | ew:Multiply:Computed { indices: NodeId(5208), index_map: IndexPattern { iter_rank: | ew:Multiply:Computed { indices: NodeId(5230), index_map: IndexPattern { iter_rank: | ew:Multiply:Computed { indices: NodeId(5252), index_map: IndexPattern { iter_rank: | ew:Multiply:Computed { indices: NodeId(5274), index_map: IndexPattern { iter_rank: | ew:Multiply:Computed { indices: NodeId(5296), index_map: IndexPattern { iter_rank:
LEAF	blk.19.ffn_down_exps.weight	Float32	[Static(32), Static(512), Static(1024)]	gguf=[512, 1024, 32]/Q8_0	bound=packed	ew:Multiply:Computed { indices: NodeId(5144), index_map: IndexPattern { iter_rank: | ew:Multiply:Computed { indices: NodeId(5164), index_map: IndexPattern { iter_rank: | ew:Multiply:Computed { indices: NodeId(5186), index_map: IndexPattern { iter_rank: | ew:Multiply:Computed { indices: NodeId(5208), index_map: IndexPattern { iter_rank: | ew:Multiply:Computed { indices: NodeId(5230), index_map: IndexPattern { iter_rank: | ew:Multiply:Computed { indices: NodeId(5252), index_map: IndexPattern { iter_rank: | ew:Multiply:Computed { indices: NodeId(5274), index_map: IndexPattern { iter_rank: | ew:Multiply:Computed { indices: NodeId(5296), index_map: IndexPattern { iter_rank:
LEAF	blk.20.attn_norm.weight	Float32	[Static(1024)]	gguf=[1024]/F32	bound=packed	ew:Multiply:Affine(IndexPattern { iter_rank: 2, axes: [AxisIndex { terms: [AxisTer
LEAF	blk.20.ffn_norm.weight	Float32	[Static(1024)]	gguf=[1024]/F32	bound=packed	ew:Multiply:Affine(IndexPattern { iter_rank: 2, axes: [AxisIndex { terms: [AxisTer
LEAF	blk.20.attn_q.weight	Float32	[Static(1024), Static(16), Static(64)]	gguf=[1024, 1024]/Q8_0	bound=packed	ew:Multiply:Affine(IndexPattern { iter_rank: 4, axes: [AxisIndex { terms: [AxisTer
LEAF	blk.20.attn_k.weight	Float32	[Static(1024), Static(8), Static(64)]	gguf=[1024, 512]/Q8_0	bound=packed	ew:Multiply:Affine(IndexPattern { iter_rank: 4, axes: [AxisIndex { terms: [AxisTer
LEAF	blk.20.attn_v.weight	Float32	[Static(1024), Static(8), Static(64)]	gguf=[1024, 512]/Q8_0	bound=packed	ew:Multiply:Affine(IndexPattern { iter_rank: 4, axes: [AxisIndex { terms: [AxisTer
LEAF	blk.20.attn_output.weight	Float32	[Static(8), Static(2), Static(64), Static(1024)]	gguf=[1024, 1024]/Q8_0	bound=packed	ew:Multiply:Affine(IndexPattern { iter_rank: 5, axes: [AxisIndex { terms: [AxisTer
LEAF	kv_cache.20.k_even	Float32	[Symbolic(1), Static(8), Static(32)]	gguf=-	bound=-	ew:Multiply:Affine(IndexPattern { iter_rank: 5, axes: [AxisIndex { terms: [AxisTer
LEAF	kv_cache.20.k_odd	Float32	[Symbolic(1), Static(8), Static(32)]	gguf=-	bound=-	ew:Multiply:Affine(IndexPattern { iter_rank: 5, axes: [AxisIndex { terms: [AxisTer
LEAF	kv_cache.20.v	Float32	[Symbolic(1), Static(8), Static(64)]	gguf=-	bound=-	ew:Multiply:Affine(IndexPattern { iter_rank: 5, axes: [AxisIndex { terms: [AxisTer
LEAF	blk.20.ffn_gate_inp.weight	Float32	[Static(1024), Static(32)]	gguf=[1024, 32]/F32	bound=owned	ew:Multiply:Affine(IndexPattern { iter_rank: 3, axes: [AxisIndex { terms: [AxisTer
LEAF	blk.20.ffn_gate_exps.weight	Float32	[Static(32), Static(1024), Static(512)]	gguf=[1024, 512, 32]/Q8_0	bound=packed	ew:Multiply:Computed { indices: NodeId(5409), index_map: IndexPattern { iter_rank: | ew:Multiply:Computed { indices: NodeId(5429), index_map: IndexPattern { iter_rank: | ew:Multiply:Computed { indices: NodeId(5451), index_map: IndexPattern { iter_rank: | ew:Multiply:Computed { indices: NodeId(5473), index_map: IndexPattern { iter_rank: | ew:Multiply:Computed { indices: NodeId(5495), index_map: IndexPattern { iter_rank: | ew:Multiply:Computed { indices: NodeId(5517), index_map: IndexPattern { iter_rank: | ew:Multiply:Computed { indices: NodeId(5539), index_map: IndexPattern { iter_rank: | ew:Multiply:Computed { indices: NodeId(5561), index_map: IndexPattern { iter_rank:
LEAF	blk.20.ffn_up_exps.weight	Float32	[Static(32), Static(1024), Static(512)]	gguf=[1024, 512, 32]/Q8_0	bound=packed	ew:Multiply:Computed { indices: NodeId(5409), index_map: IndexPattern { iter_rank: | ew:Multiply:Computed { indices: NodeId(5429), index_map: IndexPattern { iter_rank: | ew:Multiply:Computed { indices: NodeId(5451), index_map: IndexPattern { iter_rank: | ew:Multiply:Computed { indices: NodeId(5473), index_map: IndexPattern { iter_rank: | ew:Multiply:Computed { indices: NodeId(5495), index_map: IndexPattern { iter_rank: | ew:Multiply:Computed { indices: NodeId(5517), index_map: IndexPattern { iter_rank: | ew:Multiply:Computed { indices: NodeId(5539), index_map: IndexPattern { iter_rank: | ew:Multiply:Computed { indices: NodeId(5561), index_map: IndexPattern { iter_rank:
LEAF	blk.20.ffn_down_exps.weight	Float32	[Static(32), Static(512), Static(1024)]	gguf=[512, 1024, 32]/Q8_0	bound=packed	ew:Multiply:Computed { indices: NodeId(5409), index_map: IndexPattern { iter_rank: | ew:Multiply:Computed { indices: NodeId(5429), index_map: IndexPattern { iter_rank: | ew:Multiply:Computed { indices: NodeId(5451), index_map: IndexPattern { iter_rank: | ew:Multiply:Computed { indices: NodeId(5473), index_map: IndexPattern { iter_rank: | ew:Multiply:Computed { indices: NodeId(5495), index_map: IndexPattern { iter_rank: | ew:Multiply:Computed { indices: NodeId(5517), index_map: IndexPattern { iter_rank: | ew:Multiply:Computed { indices: NodeId(5539), index_map: IndexPattern { iter_rank: | ew:Multiply:Computed { indices: NodeId(5561), index_map: IndexPattern { iter_rank:
LEAF	blk.21.attn_norm.weight	Float32	[Static(1024)]	gguf=[1024]/F32	bound=packed	ew:Multiply:Affine(IndexPattern { iter_rank: 2, axes: [AxisIndex { terms: [AxisTer
LEAF	blk.21.ffn_norm.weight	Float32	[Static(1024)]	gguf=[1024]/F32	bound=packed	ew:Multiply:Affine(IndexPattern { iter_rank: 2, axes: [AxisIndex { terms: [AxisTer
LEAF	blk.21.attn_q.weight	Float32	[Static(1024), Static(16), Static(64)]	gguf=[1024, 1024]/Q8_0	bound=packed	ew:Multiply:Affine(IndexPattern { iter_rank: 4, axes: [AxisIndex { terms: [AxisTer
LEAF	blk.21.attn_k.weight	Float32	[Static(1024), Static(8), Static(64)]	gguf=[1024, 512]/Q8_0	bound=packed	ew:Multiply:Affine(IndexPattern { iter_rank: 4, axes: [AxisIndex { terms: [AxisTer
LEAF	blk.21.attn_v.weight	Float32	[Static(1024), Static(8), Static(64)]	gguf=[1024, 512]/Q8_0	bound=packed	ew:Multiply:Affine(IndexPattern { iter_rank: 4, axes: [AxisIndex { terms: [AxisTer
LEAF	blk.21.attn_output.weight	Float32	[Static(8), Static(2), Static(64), Static(1024)]	gguf=[1024, 1024]/Q8_0	bound=packed	ew:Multiply:Affine(IndexPattern { iter_rank: 5, axes: [AxisIndex { terms: [AxisTer
LEAF	kv_cache.21.k_even	Float32	[Symbolic(1), Static(8), Static(32)]	gguf=-	bound=-	ew:Multiply:Affine(IndexPattern { iter_rank: 5, axes: [AxisIndex { terms: [AxisTer
LEAF	kv_cache.21.k_odd	Float32	[Symbolic(1), Static(8), Static(32)]	gguf=-	bound=-	ew:Multiply:Affine(IndexPattern { iter_rank: 5, axes: [AxisIndex { terms: [AxisTer
LEAF	kv_cache.21.v	Float32	[Symbolic(1), Static(8), Static(64)]	gguf=-	bound=-	ew:Multiply:Affine(IndexPattern { iter_rank: 5, axes: [AxisIndex { terms: [AxisTer
LEAF	blk.21.ffn_gate_inp.weight	Float32	[Static(1024), Static(32)]	gguf=[1024, 32]/F32	bound=owned	ew:Multiply:Affine(IndexPattern { iter_rank: 3, axes: [AxisIndex { terms: [AxisTer
LEAF	blk.21.ffn_gate_exps.weight	Float32	[Static(32), Static(1024), Static(512)]	gguf=[1024, 512, 32]/Q8_0	bound=packed	ew:Multiply:Computed { indices: NodeId(5674), index_map: IndexPattern { iter_rank: | ew:Multiply:Computed { indices: NodeId(5694), index_map: IndexPattern { iter_rank: | ew:Multiply:Computed { indices: NodeId(5716), index_map: IndexPattern { iter_rank: | ew:Multiply:Computed { indices: NodeId(5738), index_map: IndexPattern { iter_rank: | ew:Multiply:Computed { indices: NodeId(5760), index_map: IndexPattern { iter_rank: | ew:Multiply:Computed { indices: NodeId(5782), index_map: IndexPattern { iter_rank: | ew:Multiply:Computed { indices: NodeId(5804), index_map: IndexPattern { iter_rank: | ew:Multiply:Computed { indices: NodeId(5826), index_map: IndexPattern { iter_rank:
LEAF	blk.21.ffn_up_exps.weight	Float32	[Static(32), Static(1024), Static(512)]	gguf=[1024, 512, 32]/Q8_0	bound=packed	ew:Multiply:Computed { indices: NodeId(5674), index_map: IndexPattern { iter_rank: | ew:Multiply:Computed { indices: NodeId(5694), index_map: IndexPattern { iter_rank: | ew:Multiply:Computed { indices: NodeId(5716), index_map: IndexPattern { iter_rank: | ew:Multiply:Computed { indices: NodeId(5738), index_map: IndexPattern { iter_rank: | ew:Multiply:Computed { indices: NodeId(5760), index_map: IndexPattern { iter_rank: | ew:Multiply:Computed { indices: NodeId(5782), index_map: IndexPattern { iter_rank: | ew:Multiply:Computed { indices: NodeId(5804), index_map: IndexPattern { iter_rank: | ew:Multiply:Computed { indices: NodeId(5826), index_map: IndexPattern { iter_rank:
LEAF	blk.21.ffn_down_exps.weight	Float32	[Static(32), Static(512), Static(1024)]	gguf=[512, 1024, 32]/Q8_0	bound=packed	ew:Multiply:Computed { indices: NodeId(5674), index_map: IndexPattern { iter_rank: | ew:Multiply:Computed { indices: NodeId(5694), index_map: IndexPattern { iter_rank: | ew:Multiply:Computed { indices: NodeId(5716), index_map: IndexPattern { iter_rank: | ew:Multiply:Computed { indices: NodeId(5738), index_map: IndexPattern { iter_rank: | ew:Multiply:Computed { indices: NodeId(5760), index_map: IndexPattern { iter_rank: | ew:Multiply:Computed { indices: NodeId(5782), index_map: IndexPattern { iter_rank: | ew:Multiply:Computed { indices: NodeId(5804), index_map: IndexPattern { iter_rank: | ew:Multiply:Computed { indices: NodeId(5826), index_map: IndexPattern { iter_rank:
LEAF	blk.22.attn_norm.weight	Float32	[Static(1024)]	gguf=[1024]/F32	bound=packed	ew:Multiply:Affine(IndexPattern { iter_rank: 2, axes: [AxisIndex { terms: [AxisTer
LEAF	blk.22.ffn_norm.weight	Float32	[Static(1024)]	gguf=[1024]/F32	bound=packed	ew:Multiply:Affine(IndexPattern { iter_rank: 2, axes: [AxisIndex { terms: [AxisTer
LEAF	blk.22.attn_q.weight	Float32	[Static(1024), Static(16), Static(64)]	gguf=[1024, 1024]/Q8_0	bound=packed	ew:Multiply:Affine(IndexPattern { iter_rank: 4, axes: [AxisIndex { terms: [AxisTer
LEAF	blk.22.attn_k.weight	Float32	[Static(1024), Static(8), Static(64)]	gguf=[1024, 512]/Q8_0	bound=packed	ew:Multiply:Affine(IndexPattern { iter_rank: 4, axes: [AxisIndex { terms: [AxisTer
LEAF	blk.22.attn_v.weight	Float32	[Static(1024), Static(8), Static(64)]	gguf=[1024, 512]/Q8_0	bound=packed	ew:Multiply:Affine(IndexPattern { iter_rank: 4, axes: [AxisIndex { terms: [AxisTer
LEAF	blk.22.attn_output.weight	Float32	[Static(8), Static(2), Static(64), Static(1024)]	gguf=[1024, 1024]/Q8_0	bound=packed	ew:Multiply:Affine(IndexPattern { iter_rank: 5, axes: [AxisIndex { terms: [AxisTer
LEAF	kv_cache.22.k_even	Float32	[Symbolic(1), Static(8), Static(32)]	gguf=-	bound=-	ew:Multiply:Affine(IndexPattern { iter_rank: 5, axes: [AxisIndex { terms: [AxisTer
LEAF	kv_cache.22.k_odd	Float32	[Symbolic(1), Static(8), Static(32)]	gguf=-	bound=-	ew:Multiply:Affine(IndexPattern { iter_rank: 5, axes: [AxisIndex { terms: [AxisTer
LEAF	kv_cache.22.v	Float32	[Symbolic(1), Static(8), Static(64)]	gguf=-	bound=-	ew:Multiply:Affine(IndexPattern { iter_rank: 5, axes: [AxisIndex { terms: [AxisTer
LEAF	blk.22.ffn_gate_inp.weight	Float32	[Static(1024), Static(32)]	gguf=[1024, 32]/F32	bound=owned	ew:Multiply:Affine(IndexPattern { iter_rank: 3, axes: [AxisIndex { terms: [AxisTer
LEAF	blk.22.ffn_gate_exps.weight	Float32	[Static(32), Static(1024), Static(512)]	gguf=[1024, 512, 32]/Q8_0	bound=packed	ew:Multiply:Computed { indices: NodeId(5939), index_map: IndexPattern { iter_rank: | ew:Multiply:Computed { indices: NodeId(5959), index_map: IndexPattern { iter_rank: | ew:Multiply:Computed { indices: NodeId(5981), index_map: IndexPattern { iter_rank: | ew:Multiply:Computed { indices: NodeId(6003), index_map: IndexPattern { iter_rank: | ew:Multiply:Computed { indices: NodeId(6025), index_map: IndexPattern { iter_rank: | ew:Multiply:Computed { indices: NodeId(6047), index_map: IndexPattern { iter_rank: | ew:Multiply:Computed { indices: NodeId(6069), index_map: IndexPattern { iter_rank: | ew:Multiply:Computed { indices: NodeId(6091), index_map: IndexPattern { iter_rank:
LEAF	blk.22.ffn_up_exps.weight	Float32	[Static(32), Static(1024), Static(512)]	gguf=[1024, 512, 32]/Q8_0	bound=packed	ew:Multiply:Computed { indices: NodeId(5939), index_map: IndexPattern { iter_rank: | ew:Multiply:Computed { indices: NodeId(5959), index_map: IndexPattern { iter_rank: | ew:Multiply:Computed { indices: NodeId(5981), index_map: IndexPattern { iter_rank: | ew:Multiply:Computed { indices: NodeId(6003), index_map: IndexPattern { iter_rank: | ew:Multiply:Computed { indices: NodeId(6025), index_map: IndexPattern { iter_rank: | ew:Multiply:Computed { indices: NodeId(6047), index_map: IndexPattern { iter_rank: | ew:Multiply:Computed { indices: NodeId(6069), index_map: IndexPattern { iter_rank: | ew:Multiply:Computed { indices: NodeId(6091), index_map: IndexPattern { iter_rank:
LEAF	blk.22.ffn_down_exps.weight	Float32	[Static(32), Static(512), Static(1024)]	gguf=[512, 1024, 32]/Q8_0	bound=packed	ew:Multiply:Computed { indices: NodeId(5939), index_map: IndexPattern { iter_rank: | ew:Multiply:Computed { indices: NodeId(5959), index_map: IndexPattern { iter_rank: | ew:Multiply:Computed { indices: NodeId(5981), index_map: IndexPattern { iter_rank: | ew:Multiply:Computed { indices: NodeId(6003), index_map: IndexPattern { iter_rank: | ew:Multiply:Computed { indices: NodeId(6025), index_map: IndexPattern { iter_rank: | ew:Multiply:Computed { indices: NodeId(6047), index_map: IndexPattern { iter_rank: | ew:Multiply:Computed { indices: NodeId(6069), index_map: IndexPattern { iter_rank: | ew:Multiply:Computed { indices: NodeId(6091), index_map: IndexPattern { iter_rank:
LEAF	blk.23.attn_norm.weight	Float32	[Static(1024)]	gguf=[1024]/F32	bound=packed	ew:Multiply:Affine(IndexPattern { iter_rank: 2, axes: [AxisIndex { terms: [AxisTer
LEAF	blk.23.ffn_norm.weight	Float32	[Static(1024)]	gguf=[1024]/F32	bound=packed	ew:Multiply:Affine(IndexPattern { iter_rank: 2, axes: [AxisIndex { terms: [AxisTer
LEAF	blk.23.attn_q.weight	Float32	[Static(1024), Static(16), Static(64)]	gguf=[1024, 1024]/Q8_0	bound=packed	ew:Multiply:Affine(IndexPattern { iter_rank: 4, axes: [AxisIndex { terms: [AxisTer
LEAF	blk.23.attn_k.weight	Float32	[Static(1024), Static(8), Static(64)]	gguf=[1024, 512]/Q8_0	bound=packed	ew:Multiply:Affine(IndexPattern { iter_rank: 4, axes: [AxisIndex { terms: [AxisTer
LEAF	blk.23.attn_v.weight	Float32	[Static(1024), Static(8), Static(64)]	gguf=[1024, 512]/Q8_0	bound=packed	ew:Multiply:Affine(IndexPattern { iter_rank: 4, axes: [AxisIndex { terms: [AxisTer
LEAF	blk.23.attn_output.weight	Float32	[Static(8), Static(2), Static(64), Static(1024)]	gguf=[1024, 1024]/Q8_0	bound=packed	ew:Multiply:Affine(IndexPattern { iter_rank: 5, axes: [AxisIndex { terms: [AxisTer
LEAF	kv_cache.23.k_even	Float32	[Symbolic(1), Static(8), Static(32)]	gguf=-	bound=-	ew:Multiply:Affine(IndexPattern { iter_rank: 5, axes: [AxisIndex { terms: [AxisTer
LEAF	kv_cache.23.k_odd	Float32	[Symbolic(1), Static(8), Static(32)]	gguf=-	bound=-	ew:Multiply:Affine(IndexPattern { iter_rank: 5, axes: [AxisIndex { terms: [AxisTer
LEAF	kv_cache.23.v	Float32	[Symbolic(1), Static(8), Static(64)]	gguf=-	bound=-	ew:Multiply:Affine(IndexPattern { iter_rank: 5, axes: [AxisIndex { terms: [AxisTer
LEAF	blk.23.ffn_gate_inp.weight	Float32	[Static(1024), Static(32)]	gguf=[1024, 32]/F32	bound=owned	ew:Multiply:Affine(IndexPattern { iter_rank: 3, axes: [AxisIndex { terms: [AxisTer
LEAF	blk.23.ffn_gate_exps.weight	Float32	[Static(32), Static(1024), Static(512)]	gguf=[1024, 512, 32]/Q8_0	bound=packed	ew:Multiply:Computed { indices: NodeId(6204), index_map: IndexPattern { iter_rank: | ew:Multiply:Computed { indices: NodeId(6224), index_map: IndexPattern { iter_rank: | ew:Multiply:Computed { indices: NodeId(6246), index_map: IndexPattern { iter_rank: | ew:Multiply:Computed { indices: NodeId(6268), index_map: IndexPattern { iter_rank: | ew:Multiply:Computed { indices: NodeId(6290), index_map: IndexPattern { iter_rank: | ew:Multiply:Computed { indices: NodeId(6312), index_map: IndexPattern { iter_rank: | ew:Multiply:Computed { indices: NodeId(6334), index_map: IndexPattern { iter_rank: | ew:Multiply:Computed { indices: NodeId(6356), index_map: IndexPattern { iter_rank:
LEAF	blk.23.ffn_up_exps.weight	Float32	[Static(32), Static(1024), Static(512)]	gguf=[1024, 512, 32]/Q8_0	bound=packed	ew:Multiply:Computed { indices: NodeId(6204), index_map: IndexPattern { iter_rank: | ew:Multiply:Computed { indices: NodeId(6224), index_map: IndexPattern { iter_rank: | ew:Multiply:Computed { indices: NodeId(6246), index_map: IndexPattern { iter_rank: | ew:Multiply:Computed { indices: NodeId(6268), index_map: IndexPattern { iter_rank: | ew:Multiply:Computed { indices: NodeId(6290), index_map: IndexPattern { iter_rank: | ew:Multiply:Computed { indices: NodeId(6312), index_map: IndexPattern { iter_rank: | ew:Multiply:Computed { indices: NodeId(6334), index_map: IndexPattern { iter_rank: | ew:Multiply:Computed { indices: NodeId(6356), index_map: IndexPattern { iter_rank:
LEAF	blk.23.ffn_down_exps.weight	Float32	[Static(32), Static(512), Static(1024)]	gguf=[512, 1024, 32]/Q8_0	bound=packed	ew:Multiply:Computed { indices: NodeId(6204), index_map: IndexPattern { iter_rank: | ew:Multiply:Computed { indices: NodeId(6224), index_map: IndexPattern { iter_rank: | ew:Multiply:Computed { indices: NodeId(6246), index_map: IndexPattern { iter_rank: | ew:Multiply:Computed { indices: NodeId(6268), index_map: IndexPattern { iter_rank: | ew:Multiply:Computed { indices: NodeId(6290), index_map: IndexPattern { iter_rank: | ew:Multiply:Computed { indices: NodeId(6312), index_map: IndexPattern { iter_rank: | ew:Multiply:Computed { indices: NodeId(6334), index_map: IndexPattern { iter_rank: | ew:Multiply:Computed { indices: NodeId(6356), index_map: IndexPattern { iter_rank:
LEAF	output_norm.weight	Float32	[Static(1024)]	gguf=[1024]/F32	bound=packed	ew:Multiply:Affine(IndexPattern { iter_rank: 2, axes: [AxisIndex { terms: [AxisTer
LEAF	lm_head_row	Int32	[Static(1)]	gguf=-	bound=-	
LEAF	output.weight	Float32	[Static(1024), Static(49155)]	gguf=-	bound=packed	ew:Multiply:Affine(IndexPattern { iter_rank: 3, axes: [AxisIndex { terms: [AxisTer
