index,step,chunk_index,node,class,kind,entry,grid_threads,operand_codecs,extents
0,23,1,4,elementwise fused_identity_o0__multiply_s0_o1_g10,elementwise,omega_elementwise_r2_n2_fused_identity_o0__multiply_s0_o1_g10,1024,Q8_0|unpacked,[1, 1024]
1,23,1,38,RMSNorm sumsq + fused epilogue,keep::reduce fold,omega_reduce_r2_o1_n2_multiply_add_zero_epi4_fused_identity_o4__multiply_s0_o3__add_s1_o2__square_root_s2__reciprocal_s3__multiply_s4_o1__multiply_s5_o0,256,unpacked|unpacked,[1, 1024]
2,23,1,44,matvec Q8_0,keep::reduce fold,omega_reduce_r4_o3_n2_multiply_add_zero,4096,Q8_0|unpacked,[1, 8, 64, 1024]
3,23,1,40,matvec Q8_0,keep::reduce fold,omega_reduce_r4_o3_n2_multiply_add_zero,8192,Q8_0|unpacked,[1, 16, 64, 1024]
4,23,1,42,matvec Q8_0,keep::reduce fold,omega_reduce_r4_o3_n2_multiply_add_zero,4096,Q8_0|unpacked,[1, 8, 64, 1024]
5,23,1,56,RoPE,elementwise,omega_elementwise_r3_n4_fused_multiply_o0_o1__multiply_o2_o3__add_s0_s1,256,unpacked|unpacked|unpacked|unpacked,[1, 8, 32]
6,23,1,53,RoPE,elementwise,omega_elementwise_r3_n4_fused_multiply_o0_o1__multiply_o2_o3__subtract_s0_s1,256,unpacked|unpacked|unpacked|unpacked,[1, 8, 32]
7,23,1,47,RoPE,elementwise,omega_elementwise_r3_n4_fused_multiply_o0_o1__multiply_o2_o3__subtract_s0_s1,512,unpacked|unpacked|unpacked|unpacked,[1, 16, 32]
8,23,1,50,RoPE,elementwise,omega_elementwise_r3_n4_fused_multiply_o0_o1__multiply_o2_o3__add_s0_s1,512,unpacked|unpacked|unpacked|unpacked,[1, 16, 32]
9,23,1,89,cached attention partial,cached_attention,omega_cached_attention_q1_h8_g2_d64_s3c800000_ln9223372036854775808_up0_x4_e1_k1_ds,65536,unpacked|unpacked|unpacked|unpacked|unpacked|unpacked|unpacked|unpacked|unpacked,[1, 8, 2, 64]
10,23,1,89,cached attention merge,cached_attention,omega_cached_attention_q1_h8_g2_d64_s3c800000_ln9223372036854775808_up0_x4_e1_k1_ds_merge,16384,unpacked|unpacked|unpacked|unpacked|unpacked|unpacked|unpacked|unpacked|unpacked,[1, 8, 2, 64]
11,23,1,93,matvec Q8_0,keep::reduce fold,omega_reduce_r5_o2_n2_multiply_add_zero_epi2_fused_identity_o2__multiply_s0_o1__add_s1_o0,8192,Q8_0|unpacked,[1, 8, 2, 64, 1024]
12,23,1,101,RMSNorm sumsq + fused epilogue,keep::reduce fold,omega_reduce_r2_o1_n2_multiply_add_zero_epi4_fused_identity_o4__multiply_s0_o3__add_s1_o2__square_root_s2__reciprocal_s3__multiply_s4_o1__multiply_s5_o0,256,unpacked|unpacked,[1, 1024]
13,23,1,103,matvec f32,keep::reduce fold,omega_reduce_r3_o2_n2_multiply_add_zero,8192,unpacked|unpacked,[1, 1024, 32]
14,23,1,109,UNCLASSIFIED omega_moe_topk_e32_k8,moe_topk,omega_moe_topk_e32_k8,32,unpacked,[1]
15,23,1,113,matvec Q8_0,keep::reduce fold,omega_reduce_r3_o2_n2_multiply_add_zero_g10,4096,Q8_0|unpacked,[1, 1024, 512]
16,23,1,121,matvec Q8_0,keep::reduce fold,omega_reduce_r3_o2_n2_multiply_add_zero_epi3_fused_identity_o3__negate_o2__exponential_s1__add_s2_o1__reciprocal_s3__multiply_s4_o0__multiply_s0_s5_g10,4096,Q8_0|unpacked,[1, 1024, 512]
17,23,1,133,matvec Q8_0,keep::reduce fold,omega_reduce_r3_o2_n2_multiply_add_zero_g10,4096,Q8_0|unpacked,[1, 1024, 512]
18,23,1,141,matvec Q8_0,keep::reduce fold,omega_reduce_r3_o2_n2_multiply_add_zero_epi3_fused_identity_o3__negate_o2__exponential_s1__add_s2_o1__reciprocal_s3__multiply_s4_o0__multiply_s0_s5_g10,4096,Q8_0|unpacked,[1, 1024, 512]
19,23,1,143,matvec Q8_0,keep::reduce fold,omega_reduce_r3_o2_n2_multiply_add_zero_g10,8192,Q8_0|unpacked,[1, 512, 1024]
20,23,1,155,matvec Q8_0,keep::reduce fold,omega_reduce_r3_o2_n2_multiply_add_zero_g10,4096,Q8_0|unpacked,[1, 1024, 512]
21,23,1,163,matvec Q8_0,keep::reduce fold,omega_reduce_r3_o2_n2_multiply_add_zero_epi3_fused_identity_o3__negate_o2__exponential_s1__add_s2_o1__reciprocal_s3__multiply_s4_o0__multiply_s0_s5_g10,4096,Q8_0|unpacked,[1, 1024, 512]
22,23,1,165,matvec Q8_0,keep::reduce fold,omega_reduce_r3_o2_n2_multiply_add_zero_g10,8192,Q8_0|unpacked,[1, 512, 1024]
23,23,1,177,matvec Q8_0,keep::reduce fold,omega_reduce_r3_o2_n2_multiply_add_zero_g10,4096,Q8_0|unpacked,[1, 1024, 512]
24,23,1,185,matvec Q8_0,keep::reduce fold,omega_reduce_r3_o2_n2_multiply_add_zero_epi3_fused_identity_o3__negate_o2__exponential_s1__add_s2_o1__reciprocal_s3__multiply_s4_o0__multiply_s0_s5_g10,4096,Q8_0|unpacked,[1, 1024, 512]
25,23,1,187,matvec Q8_0,keep::reduce fold,omega_reduce_r3_o2_n2_multiply_add_zero_g10,8192,Q8_0|unpacked,[1, 512, 1024]
26,23,1,199,matvec Q8_0,keep::reduce fold,omega_reduce_r3_o2_n2_multiply_add_zero_g10,4096,Q8_0|unpacked,[1, 1024, 512]
27,23,1,207,matvec Q8_0,keep::reduce fold,omega_reduce_r3_o2_n2_multiply_add_zero_epi3_fused_identity_o3__negate_o2__exponential_s1__add_s2_o1__reciprocal_s3__multiply_s4_o0__multiply_s0_s5_g10,4096,Q8_0|unpacked,[1, 1024, 512]
28,23,1,209,matvec Q8_0,keep::reduce fold,omega_reduce_r3_o2_n2_multiply_add_zero_g10,8192,Q8_0|unpacked,[1, 512, 1024]
29,23,1,221,matvec Q8_0,keep::reduce fold,omega_reduce_r3_o2_n2_multiply_add_zero_g10,4096,Q8_0|unpacked,[1, 1024, 512]
30,23,1,229,matvec Q8_0,keep::reduce fold,omega_reduce_r3_o2_n2_multiply_add_zero_epi3_fused_identity_o3__negate_o2__exponential_s1__add_s2_o1__reciprocal_s3__multiply_s4_o0__multiply_s0_s5_g10,4096,Q8_0|unpacked,[1, 1024, 512]
31,23,1,231,matvec Q8_0,keep::reduce fold,omega_reduce_r3_o2_n2_multiply_add_zero_g10,8192,Q8_0|unpacked,[1, 512, 1024]
32,23,1,243,matvec Q8_0,keep::reduce fold,omega_reduce_r3_o2_n2_multiply_add_zero_g10,4096,Q8_0|unpacked,[1, 1024, 512]
33,23,1,251,matvec Q8_0,keep::reduce fold,omega_reduce_r3_o2_n2_multiply_add_zero_epi3_fused_identity_o3__negate_o2__exponential_s1__add_s2_o1__reciprocal_s3__multiply_s4_o0__multiply_s0_s5_g10,4096,Q8_0|unpacked,[1, 1024, 512]
34,23,1,253,matvec Q8_0,keep::reduce fold,omega_reduce_r3_o2_n2_multiply_add_zero_g10,8192,Q8_0|unpacked,[1, 512, 1024]
35,23,1,265,matvec Q8_0,keep::reduce fold,omega_reduce_r3_o2_n2_multiply_add_zero_g10,4096,Q8_0|unpacked,[1, 1024, 512]
36,23,1,273,matvec Q8_0,keep::reduce fold,omega_reduce_r3_o2_n2_multiply_add_zero_epi3_fused_identity_o3__negate_o2__exponential_s1__add_s2_o1__reciprocal_s3__multiply_s4_o0__multiply_s0_s5_g10,4096,Q8_0|unpacked,[1, 1024, 512]
37,23,1,275,matvec Q8_0,keep::reduce fold,omega_reduce_r3_o2_n2_multiply_add_zero_g10,8192,Q8_0|unpacked,[1, 512, 1024]
38,23,1,282,matvec Q8_0,keep::reduce fold,omega_reduce_r3_o2_n2_multiply_add_zero_epi25_fused_identity_o25__multiply_s0_o2__multiply_o3_o4__add_s1_s2__multiply_o5_o6__add_s3_s4__multiply_o7_o8__add_s5_s6__multiply_o9_o10__add_s7_s8__multiply_o11_o12__add_s9_s10__multiply_o13_o14__add_s11_s12__multiply_o15_o16__add_s13_s14__add_o17_o18__add_s16_o19__add_s17_o20__add_s18_o21__add_s19_o22__add_s20_o23__add_s21_o24__reciprocal_s22__multiply_s15_s23__multiply_s24_o1__add_s25_o0_g10,8192,Q8_0|unpacked,[1, 512, 1024]
39,23,1,303,RMSNorm sumsq + fused epilogue,keep::reduce fold,omega_reduce_r2_o1_n2_multiply_add_zero_epi4_fused_identity_o4__multiply_s0_o3__add_s1_o2__square_root_s2__reciprocal_s3__multiply_s4_o1__multiply_s5_o0,256,unpacked|unpacked,[1, 1024]
40,23,1,309,matvec Q8_0,keep::reduce fold,omega_reduce_r4_o3_n2_multiply_add_zero,4096,Q8_0|unpacked,[1, 8, 64, 1024]
41,23,1,305,matvec Q8_0,keep::reduce fold,omega_reduce_r4_o3_n2_multiply_add_zero,8192,Q8_0|unpacked,[1, 16, 64, 1024]
42,23,1,307,matvec Q8_0,keep::reduce fold,omega_reduce_r4_o3_n2_multiply_add_zero,4096,Q8_0|unpacked,[1, 8, 64, 1024]
43,23,1,321,RoPE,elementwise,omega_elementwise_r3_n4_fused_multiply_o0_o1__multiply_o2_o3__add_s0_s1,256,unpacked|unpacked|unpacked|unpacked,[1, 8, 32]
44,23,1,318,RoPE,elementwise,omega_elementwise_r3_n4_fused_multiply_o0_o1__multiply_o2_o3__subtract_s0_s1,256,unpacked|unpacked|unpacked|unpacked,[1, 8, 32]
45,23,1,312,RoPE,elementwise,omega_elementwise_r3_n4_fused_multiply_o0_o1__multiply_o2_o3__subtract_s0_s1,512,unpacked|unpacked|unpacked|unpacked,[1, 16, 32]
46,23,1,315,RoPE,elementwise,omega_elementwise_r3_n4_fused_multiply_o0_o1__multiply_o2_o3__add_s0_s1,512,unpacked|unpacked|unpacked|unpacked,[1, 16, 32]
47,23,1,354,cached attention partial,cached_attention,omega_cached_attention_q1_h8_g2_d64_s3c800000_ln9223372036854775808_up0_x4_e1_k1_ds,65536,unpacked|unpacked|unpacked|unpacked|unpacked|unpacked|unpacked|unpacked|unpacked,[1, 8, 2, 64]
48,23,1,354,cached attention merge,cached_attention,omega_cached_attention_q1_h8_g2_d64_s3c800000_ln9223372036854775808_up0_x4_e1_k1_ds_merge,16384,unpacked|unpacked|unpacked|unpacked|unpacked|unpacked|unpacked|unpacked|unpacked,[1, 8, 2, 64]
49,23,1,358,matvec Q8_0,keep::reduce fold,omega_reduce_r5_o2_n2_multiply_add_zero_epi2_fused_identity_o2__multiply_s0_o1__add_s1_o0,8192,Q8_0|unpacked,[1, 8, 2, 64, 1024]
50,23,1,366,RMSNorm sumsq + fused epilogue,keep::reduce fold,omega_reduce_r2_o1_n2_multiply_add_zero_epi4_fused_identity_o4__multiply_s0_o3__add_s1_o2__square_root_s2__reciprocal_s3__multiply_s4_o1__multiply_s5_o0,256,unpacked|unpacked,[1, 1024]
51,23,1,368,matvec f32,keep::reduce fold,omega_reduce_r3_o2_n2_multiply_add_zero,8192,unpacked|unpacked,[1, 1024, 32]
52,23,1,374,UNCLASSIFIED omega_moe_topk_e32_k8,moe_topk,omega_moe_topk_e32_k8,32,unpacked,[1]
53,23,1,378,matvec Q8_0,keep::reduce fold,omega_reduce_r3_o2_n2_multiply_add_zero_g10,4096,Q8_0|unpacked,[1, 1024, 512]
54,23,1,386,matvec Q8_0,keep::reduce fold,omega_reduce_r3_o2_n2_multiply_add_zero_epi3_fused_identity_o3__negate_o2__exponential_s1__add_s2_o1__reciprocal_s3__multiply_s4_o0__multiply_s0_s5_g10,4096,Q8_0|unpacked,[1, 1024, 512]
55,23,1,398,matvec Q8_0,keep::reduce fold,omega_reduce_r3_o2_n2_multiply_add_zero_g10,4096,Q8_0|unpacked,[1, 1024, 512]
56,23,1,406,matvec Q8_0,keep::reduce fold,omega_reduce_r3_o2_n2_multiply_add_zero_epi3_fused_identity_o3__negate_o2__exponential_s1__add_s2_o1__reciprocal_s3__multiply_s4_o0__multiply_s0_s5_g10,4096,Q8_0|unpacked,[1, 1024, 512]
57,23,1,408,matvec Q8_0,keep::reduce fold,omega_reduce_r3_o2_n2_multiply_add_zero_g10,8192,Q8_0|unpacked,[1, 512, 1024]
58,23,1,420,matvec Q8_0,keep::reduce fold,omega_reduce_r3_o2_n2_multiply_add_zero_g10,4096,Q8_0|unpacked,[1, 1024, 512]
59,23,1,428,matvec Q8_0,keep::reduce fold,omega_reduce_r3_o2_n2_multiply_add_zero_epi3_fused_identity_o3__negate_o2__exponential_s1__add_s2_o1__reciprocal_s3__multiply_s4_o0__multiply_s0_s5_g10,4096,Q8_0|unpacked,[1, 1024, 512]
60,23,1,430,matvec Q8_0,keep::reduce fold,omega_reduce_r3_o2_n2_multiply_add_zero_g10,8192,Q8_0|unpacked,[1, 512, 1024]
61,23,1,442,matvec Q8_0,keep::reduce fold,omega_reduce_r3_o2_n2_multiply_add_zero_g10,4096,Q8_0|unpacked,[1, 1024, 512]
62,23,1,450,matvec Q8_0,keep::reduce fold,omega_reduce_r3_o2_n2_multiply_add_zero_epi3_fused_identity_o3__negate_o2__exponential_s1__add_s2_o1__reciprocal_s3__multiply_s4_o0__multiply_s0_s5_g10,4096,Q8_0|unpacked,[1, 1024, 512]
63,23,1,452,matvec Q8_0,keep::reduce fold,omega_reduce_r3_o2_n2_multiply_add_zero_g10,8192,Q8_0|unpacked,[1, 512, 1024]
64,23,1,464,matvec Q8_0,keep::reduce fold,omega_reduce_r3_o2_n2_multiply_add_zero_g10,4096,Q8_0|unpacked,[1, 1024, 512]
65,23,1,472,matvec Q8_0,keep::reduce fold,omega_reduce_r3_o2_n2_multiply_add_zero_epi3_fused_identity_o3__negate_o2__exponential_s1__add_s2_o1__reciprocal_s3__multiply_s4_o0__multiply_s0_s5_g10,4096,Q8_0|unpacked,[1, 1024, 512]
66,23,1,474,matvec Q8_0,keep::reduce fold,omega_reduce_r3_o2_n2_multiply_add_zero_g10,8192,Q8_0|unpacked,[1, 512, 1024]
67,23,1,486,matvec Q8_0,keep::reduce fold,omega_reduce_r3_o2_n2_multiply_add_zero_g10,4096,Q8_0|unpacked,[1, 1024, 512]
68,23,1,494,matvec Q8_0,keep::reduce fold,omega_reduce_r3_o2_n2_multiply_add_zero_epi3_fused_identity_o3__negate_o2__exponential_s1__add_s2_o1__reciprocal_s3__multiply_s4_o0__multiply_s0_s5_g10,4096,Q8_0|unpacked,[1, 1024, 512]
69,23,1,496,matvec Q8_0,keep::reduce fold,omega_reduce_r3_o2_n2_multiply_add_zero_g10,8192,Q8_0|unpacked,[1, 512, 1024]
70,23,1,508,matvec Q8_0,keep::reduce fold,omega_reduce_r3_o2_n2_multiply_add_zero_g10,4096,Q8_0|unpacked,[1, 1024, 512]
71,23,1,516,matvec Q8_0,keep::reduce fold,omega_reduce_r3_o2_n2_multiply_add_zero_epi3_fused_identity_o3__negate_o2__exponential_s1__add_s2_o1__reciprocal_s3__multiply_s4_o0__multiply_s0_s5_g10,4096,Q8_0|unpacked,[1, 1024, 512]
72,23,1,518,matvec Q8_0,keep::reduce fold,omega_reduce_r3_o2_n2_multiply_add_zero_g10,8192,Q8_0|unpacked,[1, 512, 1024]
73,23,1,530,matvec Q8_0,keep::reduce fold,omega_reduce_r3_o2_n2_multiply_add_zero_g10,4096,Q8_0|unpacked,[1, 1024, 512]
74,23,1,538,matvec Q8_0,keep::reduce fold,omega_reduce_r3_o2_n2_multiply_add_zero_epi3_fused_identity_o3__negate_o2__exponential_s1__add_s2_o1__reciprocal_s3__multiply_s4_o0__multiply_s0_s5_g10,4096,Q8_0|unpacked,[1, 1024, 512]
75,23,1,540,matvec Q8_0,keep::reduce fold,omega_reduce_r3_o2_n2_multiply_add_zero_g10,8192,Q8_0|unpacked,[1, 512, 1024]
76,23,1,547,matvec Q8_0,keep::reduce fold,omega_reduce_r3_o2_n2_multiply_add_zero_epi25_fused_identity_o25__multiply_s0_o2__multiply_o3_o4__add_s1_s2__multiply_o5_o6__add_s3_s4__multiply_o7_o8__add_s5_s6__multiply_o9_o10__add_s7_s8__multiply_o11_o12__add_s9_s10__multiply_o13_o14__add_s11_s12__multiply_o15_o16__add_s13_s14__add_o17_o18__add_s16_o19__add_s17_o20__add_s18_o21__add_s19_o22__add_s20_o23__add_s21_o24__reciprocal_s22__multiply_s15_s23__multiply_s24_o1__add_s25_o0_g10,8192,Q8_0|unpacked,[1, 512, 1024]
77,23,1,568,RMSNorm sumsq + fused epilogue,keep::reduce fold,omega_reduce_r2_o1_n2_multiply_add_zero_epi4_fused_identity_o4__multiply_s0_o3__add_s1_o2__square_root_s2__reciprocal_s3__multiply_s4_o1__multiply_s5_o0,256,unpacked|unpacked,[1, 1024]
78,23,1,574,matvec Q8_0,keep::reduce fold,omega_reduce_r4_o3_n2_multiply_add_zero,4096,Q8_0|unpacked,[1, 8, 64, 1024]
79,23,1,570,matvec Q8_0,keep::reduce fold,omega_reduce_r4_o3_n2_multiply_add_zero,8192,Q8_0|unpacked,[1, 16, 64, 1024]
80,23,1,572,matvec Q8_0,keep::reduce fold,omega_reduce_r4_o3_n2_multiply_add_zero,4096,Q8_0|unpacked,[1, 8, 64, 1024]
81,23,1,586,RoPE,elementwise,omega_elementwise_r3_n4_fused_multiply_o0_o1__multiply_o2_o3__add_s0_s1,256,unpacked|unpacked|unpacked|unpacked,[1, 8, 32]
82,23,1,583,RoPE,elementwise,omega_elementwise_r3_n4_fused_multiply_o0_o1__multiply_o2_o3__subtract_s0_s1,256,unpacked|unpacked|unpacked|unpacked,[1, 8, 32]
83,23,1,577,RoPE,elementwise,omega_elementwise_r3_n4_fused_multiply_o0_o1__multiply_o2_o3__subtract_s0_s1,512,unpacked|unpacked|unpacked|unpacked,[1, 16, 32]
84,23,1,580,RoPE,elementwise,omega_elementwise_r3_n4_fused_multiply_o0_o1__multiply_o2_o3__add_s0_s1,512,unpacked|unpacked|unpacked|unpacked,[1, 16, 32]
85,23,1,619,cached attention partial,cached_attention,omega_cached_attention_q1_h8_g2_d64_s3c800000_ln9223372036854775808_up0_x4_e1_k1_ds,65536,unpacked|unpacked|unpacked|unpacked|unpacked|unpacked|unpacked|unpacked|unpacked,[1, 8, 2, 64]
86,23,1,619,cached attention merge,cached_attention,omega_cached_attention_q1_h8_g2_d64_s3c800000_ln9223372036854775808_up0_x4_e1_k1_ds_merge,16384,unpacked|unpacked|unpacked|unpacked|unpacked|unpacked|unpacked|unpacked|unpacked,[1, 8, 2, 64]
87,23,1,623,matvec Q8_0,keep::reduce fold,omega_reduce_r5_o2_n2_multiply_add_zero_epi2_fused_identity_o2__multiply_s0_o1__add_s1_o0,8192,Q8_0|unpacked,[1, 8, 2, 64, 1024]
88,23,1,631,RMSNorm sumsq + fused epilogue,keep::reduce fold,omega_reduce_r2_o1_n2_multiply_add_zero_epi4_fused_identity_o4__multiply_s0_o3__add_s1_o2__square_root_s2__reciprocal_s3__multiply_s4_o1__multiply_s5_o0,256,unpacked|unpacked,[1, 1024]
89,23,1,633,matvec f32,keep::reduce fold,omega_reduce_r3_o2_n2_multiply_add_zero,8192,unpacked|unpacked,[1, 1024, 32]
90,23,1,639,UNCLASSIFIED omega_moe_topk_e32_k8,moe_topk,omega_moe_topk_e32_k8,32,unpacked,[1]
91,23,1,643,matvec Q8_0,keep::reduce fold,omega_reduce_r3_o2_n2_multiply_add_zero_g10,4096,Q8_0|unpacked,[1, 1024, 512]
92,23,1,651,matvec Q8_0,keep::reduce fold,omega_reduce_r3_o2_n2_multiply_add_zero_epi3_fused_identity_o3__negate_o2__exponential_s1__add_s2_o1__reciprocal_s3__multiply_s4_o0__multiply_s0_s5_g10,4096,Q8_0|unpacked,[1, 1024, 512]
93,23,1,663,matvec Q8_0,keep::reduce fold,omega_reduce_r3_o2_n2_multiply_add_zero_g10,4096,Q8_0|unpacked,[1, 1024, 512]
94,23,1,671,matvec Q8_0,keep::reduce fold,omega_reduce_r3_o2_n2_multiply_add_zero_epi3_fused_identity_o3__negate_o2__exponential_s1__add_s2_o1__reciprocal_s3__multiply_s4_o0__multiply_s0_s5_g10,4096,Q8_0|unpacked,[1, 1024, 512]
95,23,1,673,matvec Q8_0,keep::reduce fold,omega_reduce_r3_o2_n2_multiply_add_zero_g10,8192,Q8_0|unpacked,[1, 512, 1024]
96,23,1,685,matvec Q8_0,keep::reduce fold,omega_reduce_r3_o2_n2_multiply_add_zero_g10,4096,Q8_0|unpacked,[1, 1024, 512]
97,23,1,693,matvec Q8_0,keep::reduce fold,omega_reduce_r3_o2_n2_multiply_add_zero_epi3_fused_identity_o3__negate_o2__exponential_s1__add_s2_o1__reciprocal_s3__multiply_s4_o0__multiply_s0_s5_g10,4096,Q8_0|unpacked,[1, 1024, 512]
98,23,1,695,matvec Q8_0,keep::reduce fold,omega_reduce_r3_o2_n2_multiply_add_zero_g10,8192,Q8_0|unpacked,[1, 512, 1024]
99,23,1,707,matvec Q8_0,keep::reduce fold,omega_reduce_r3_o2_n2_multiply_add_zero_g10,4096,Q8_0|unpacked,[1, 1024, 512]
100,23,1,715,matvec Q8_0,keep::reduce fold,omega_reduce_r3_o2_n2_multiply_add_zero_epi3_fused_identity_o3__negate_o2__exponential_s1__add_s2_o1__reciprocal_s3__multiply_s4_o0__multiply_s0_s5_g10,4096,Q8_0|unpacked,[1, 1024, 512]
101,23,1,717,matvec Q8_0,keep::reduce fold,omega_reduce_r3_o2_n2_multiply_add_zero_g10,8192,Q8_0|unpacked,[1, 512, 1024]
102,23,1,729,matvec Q8_0,keep::reduce fold,omega_reduce_r3_o2_n2_multiply_add_zero_g10,4096,Q8_0|unpacked,[1, 1024, 512]
103,23,1,737,matvec Q8_0,keep::reduce fold,omega_reduce_r3_o2_n2_multiply_add_zero_epi3_fused_identity_o3__negate_o2__exponential_s1__add_s2_o1__reciprocal_s3__multiply_s4_o0__multiply_s0_s5_g10,4096,Q8_0|unpacked,[1, 1024, 512]
104,23,1,739,matvec Q8_0,keep::reduce fold,omega_reduce_r3_o2_n2_multiply_add_zero_g10,8192,Q8_0|unpacked,[1, 512, 1024]
105,23,1,751,matvec Q8_0,keep::reduce fold,omega_reduce_r3_o2_n2_multiply_add_zero_g10,4096,Q8_0|unpacked,[1, 1024, 512]
106,23,1,759,matvec Q8_0,keep::reduce fold,omega_reduce_r3_o2_n2_multiply_add_zero_epi3_fused_identity_o3__negate_o2__exponential_s1__add_s2_o1__reciprocal_s3__multiply_s4_o0__multiply_s0_s5_g10,4096,Q8_0|unpacked,[1, 1024, 512]
107,23,1,761,matvec Q8_0,keep::reduce fold,omega_reduce_r3_o2_n2_multiply_add_zero_g10,8192,Q8_0|unpacked,[1, 512, 1024]
108,23,1,773,matvec Q8_0,keep::reduce fold,omega_reduce_r3_o2_n2_multiply_add_zero_g10,4096,Q8_0|unpacked,[1, 1024, 512]
109,23,1,781,matvec Q8_0,keep::reduce fold,omega_reduce_r3_o2_n2_multiply_add_zero_epi3_fused_identity_o3__negate_o2__exponential_s1__add_s2_o1__reciprocal_s3__multiply_s4_o0__multiply_s0_s5_g10,4096,Q8_0|unpacked,[1, 1024, 512]
110,23,1,783,matvec Q8_0,keep::reduce fold,omega_reduce_r3_o2_n2_multiply_add_zero_g10,8192,Q8_0|unpacked,[1, 512, 1024]
111,23,1,795,matvec Q8_0,keep::reduce fold,omega_reduce_r3_o2_n2_multiply_add_zero_g10,4096,Q8_0|unpacked,[1, 1024, 512]
112,23,1,803,matvec Q8_0,keep::reduce fold,omega_reduce_r3_o2_n2_multiply_add_zero_epi3_fused_identity_o3__negate_o2__exponential_s1__add_s2_o1__reciprocal_s3__multiply_s4_o0__multiply_s0_s5_g10,4096,Q8_0|unpacked,[1, 1024, 512]
113,23,1,805,matvec Q8_0,keep::reduce fold,omega_reduce_r3_o2_n2_multiply_add_zero_g10,8192,Q8_0|unpacked,[1, 512, 1024]
114,23,1,812,matvec Q8_0,keep::reduce fold,omega_reduce_r3_o2_n2_multiply_add_zero_epi25_fused_identity_o25__multiply_s0_o2__multiply_o3_o4__add_s1_s2__multiply_o5_o6__add_s3_s4__multiply_o7_o8__add_s5_s6__multiply_o9_o10__add_s7_s8__multiply_o11_o12__add_s9_s10__multiply_o13_o14__add_s11_s12__multiply_o15_o16__add_s13_s14__add_o17_o18__add_s16_o19__add_s17_o20__add_s18_o21__add_s19_o22__add_s20_o23__add_s21_o24__reciprocal_s22__multiply_s15_s23__multiply_s24_o1__add_s25_o0_g10,8192,Q8_0|unpacked,[1, 512, 1024]
115,23,1,833,RMSNorm sumsq + fused epilogue,keep::reduce fold,omega_reduce_r2_o1_n2_multiply_add_zero_epi4_fused_identity_o4__multiply_s0_o3__add_s1_o2__square_root_s2__reciprocal_s3__multiply_s4_o1__multiply_s5_o0,256,unpacked|unpacked,[1, 1024]
116,23,1,839,matvec Q8_0,keep::reduce fold,omega_reduce_r4_o3_n2_multiply_add_zero,4096,Q8_0|unpacked,[1, 8, 64, 1024]
117,23,1,835,matvec Q8_0,keep::reduce fold,omega_reduce_r4_o3_n2_multiply_add_zero,8192,Q8_0|unpacked,[1, 16, 64, 1024]
118,23,1,837,matvec Q8_0,keep::reduce fold,omega_reduce_r4_o3_n2_multiply_add_zero,4096,Q8_0|unpacked,[1, 8, 64, 1024]
119,23,1,851,RoPE,elementwise,omega_elementwise_r3_n4_fused_multiply_o0_o1__multiply_o2_o3__add_s0_s1,256,unpacked|unpacked|unpacked|unpacked,[1, 8, 32]
120,23,1,848,RoPE,elementwise,omega_elementwise_r3_n4_fused_multiply_o0_o1__multiply_o2_o3__subtract_s0_s1,256,unpacked|unpacked|unpacked|unpacked,[1, 8, 32]
121,23,1,842,RoPE,elementwise,omega_elementwise_r3_n4_fused_multiply_o0_o1__multiply_o2_o3__subtract_s0_s1,512,unpacked|unpacked|unpacked|unpacked,[1, 16, 32]
122,23,1,845,RoPE,elementwise,omega_elementwise_r3_n4_fused_multiply_o0_o1__multiply_o2_o3__add_s0_s1,512,unpacked|unpacked|unpacked|unpacked,[1, 16, 32]
123,23,1,884,cached attention partial,cached_attention,omega_cached_attention_q1_h8_g2_d64_s3c800000_ln9223372036854775808_up0_x4_e1_k1_ds,65536,unpacked|unpacked|unpacked|unpacked|unpacked|unpacked|unpacked|unpacked|unpacked,[1, 8, 2, 64]
124,23,1,884,cached attention merge,cached_attention,omega_cached_attention_q1_h8_g2_d64_s3c800000_ln9223372036854775808_up0_x4_e1_k1_ds_merge,16384,unpacked|unpacked|unpacked|unpacked|unpacked|unpacked|unpacked|unpacked|unpacked,[1, 8, 2, 64]
125,23,1,888,matvec Q8_0,keep::reduce fold,omega_reduce_r5_o2_n2_multiply_add_zero_epi2_fused_identity_o2__multiply_s0_o1__add_s1_o0,8192,Q8_0|unpacked,[1, 8, 2, 64, 1024]
126,23,1,896,RMSNorm sumsq + fused epilogue,keep::reduce fold,omega_reduce_r2_o1_n2_multiply_add_zero_epi4_fused_identity_o4__multiply_s0_o3__add_s1_o2__square_root_s2__reciprocal_s3__multiply_s4_o1__multiply_s5_o0,256,unpacked|unpacked,[1, 1024]
127,23,1,898,matvec f32,keep::reduce fold,omega_reduce_r3_o2_n2_multiply_add_zero,8192,unpacked|unpacked,[1, 1024, 32]
128,23,1,904,UNCLASSIFIED omega_moe_topk_e32_k8,moe_topk,omega_moe_topk_e32_k8,32,unpacked,[1]
129,23,1,908,matvec Q8_0,keep::reduce fold,omega_reduce_r3_o2_n2_multiply_add_zero_g10,4096,Q8_0|unpacked,[1, 1024, 512]
130,23,1,916,matvec Q8_0,keep::reduce fold,omega_reduce_r3_o2_n2_multiply_add_zero_epi3_fused_identity_o3__negate_o2__exponential_s1__add_s2_o1__reciprocal_s3__multiply_s4_o0__multiply_s0_s5_g10,4096,Q8_0|unpacked,[1, 1024, 512]
131,23,1,928,matvec Q8_0,keep::reduce fold,omega_reduce_r3_o2_n2_multiply_add_zero_g10,4096,Q8_0|unpacked,[1, 1024, 512]
132,23,1,936,matvec Q8_0,keep::reduce fold,omega_reduce_r3_o2_n2_multiply_add_zero_epi3_fused_identity_o3__negate_o2__exponential_s1__add_s2_o1__reciprocal_s3__multiply_s4_o0__multiply_s0_s5_g10,4096,Q8_0|unpacked,[1, 1024, 512]
133,23,1,938,matvec Q8_0,keep::reduce fold,omega_reduce_r3_o2_n2_multiply_add_zero_g10,8192,Q8_0|unpacked,[1, 512, 1024]
134,23,1,950,matvec Q8_0,keep::reduce fold,omega_reduce_r3_o2_n2_multiply_add_zero_g10,4096,Q8_0|unpacked,[1, 1024, 512]
135,23,1,958,matvec Q8_0,keep::reduce fold,omega_reduce_r3_o2_n2_multiply_add_zero_epi3_fused_identity_o3__negate_o2__exponential_s1__add_s2_o1__reciprocal_s3__multiply_s4_o0__multiply_s0_s5_g10,4096,Q8_0|unpacked,[1, 1024, 512]
136,23,1,960,matvec Q8_0,keep::reduce fold,omega_reduce_r3_o2_n2_multiply_add_zero_g10,8192,Q8_0|unpacked,[1, 512, 1024]
137,23,1,972,matvec Q8_0,keep::reduce fold,omega_reduce_r3_o2_n2_multiply_add_zero_g10,4096,Q8_0|unpacked,[1, 1024, 512]
138,23,1,980,matvec Q8_0,keep::reduce fold,omega_reduce_r3_o2_n2_multiply_add_zero_epi3_fused_identity_o3__negate_o2__exponential_s1__add_s2_o1__reciprocal_s3__multiply_s4_o0__multiply_s0_s5_g10,4096,Q8_0|unpacked,[1, 1024, 512]
139,23,1,982,matvec Q8_0,keep::reduce fold,omega_reduce_r3_o2_n2_multiply_add_zero_g10,8192,Q8_0|unpacked,[1, 512, 1024]
140,23,1,994,matvec Q8_0,keep::reduce fold,omega_reduce_r3_o2_n2_multiply_add_zero_g10,4096,Q8_0|unpacked,[1, 1024, 512]
141,23,1,1002,matvec Q8_0,keep::reduce fold,omega_reduce_r3_o2_n2_multiply_add_zero_epi3_fused_identity_o3__negate_o2__exponential_s1__add_s2_o1__reciprocal_s3__multiply_s4_o0__multiply_s0_s5_g10,4096,Q8_0|unpacked,[1, 1024, 512]
142,23,1,1004,matvec Q8_0,keep::reduce fold,omega_reduce_r3_o2_n2_multiply_add_zero_g10,8192,Q8_0|unpacked,[1, 512, 1024]
143,23,1,1016,matvec Q8_0,keep::reduce fold,omega_reduce_r3_o2_n2_multiply_add_zero_g10,4096,Q8_0|unpacked,[1, 1024, 512]
144,23,1,1024,matvec Q8_0,keep::reduce fold,omega_reduce_r3_o2_n2_multiply_add_zero_epi3_fused_identity_o3__negate_o2__exponential_s1__add_s2_o1__reciprocal_s3__multiply_s4_o0__multiply_s0_s5_g10,4096,Q8_0|unpacked,[1, 1024, 512]
145,23,1,1026,matvec Q8_0,keep::reduce fold,omega_reduce_r3_o2_n2_multiply_add_zero_g10,8192,Q8_0|unpacked,[1, 512, 1024]
146,23,1,1038,matvec Q8_0,keep::reduce fold,omega_reduce_r3_o2_n2_multiply_add_zero_g10,4096,Q8_0|unpacked,[1, 1024, 512]
147,23,1,1046,matvec Q8_0,keep::reduce fold,omega_reduce_r3_o2_n2_multiply_add_zero_epi3_fused_identity_o3__negate_o2__exponential_s1__add_s2_o1__reciprocal_s3__multiply_s4_o0__multiply_s0_s5_g10,4096,Q8_0|unpacked,[1, 1024, 512]
148,23,1,1048,matvec Q8_0,keep::reduce fold,omega_reduce_r3_o2_n2_multiply_add_zero_g10,8192,Q8_0|unpacked,[1, 512, 1024]
149,23,1,1060,matvec Q8_0,keep::reduce fold,omega_reduce_r3_o2_n2_multiply_add_zero_g10,4096,Q8_0|unpacked,[1, 1024, 512]
150,23,1,1068,matvec Q8_0,keep::reduce fold,omega_reduce_r3_o2_n2_multiply_add_zero_epi3_fused_identity_o3__negate_o2__exponential_s1__add_s2_o1__reciprocal_s3__multiply_s4_o0__multiply_s0_s5_g10,4096,Q8_0|unpacked,[1, 1024, 512]
151,23,1,1070,matvec Q8_0,keep::reduce fold,omega_reduce_r3_o2_n2_multiply_add_zero_g10,8192,Q8_0|unpacked,[1, 512, 1024]
152,23,1,1077,matvec Q8_0,keep::reduce fold,omega_reduce_r3_o2_n2_multiply_add_zero_epi25_fused_identity_o25__multiply_s0_o2__multiply_o3_o4__add_s1_s2__multiply_o5_o6__add_s3_s4__multiply_o7_o8__add_s5_s6__multiply_o9_o10__add_s7_s8__multiply_o11_o12__add_s9_s10__multiply_o13_o14__add_s11_s12__multiply_o15_o16__add_s13_s14__add_o17_o18__add_s16_o19__add_s17_o20__add_s18_o21__add_s19_o22__add_s20_o23__add_s21_o24__reciprocal_s22__multiply_s15_s23__multiply_s24_o1__add_s25_o0_g10,8192,Q8_0|unpacked,[1, 512, 1024]
153,23,1,1098,RMSNorm sumsq + fused epilogue,keep::reduce fold,omega_reduce_r2_o1_n2_multiply_add_zero_epi4_fused_identity_o4__multiply_s0_o3__add_s1_o2__square_root_s2__reciprocal_s3__multiply_s4_o1__multiply_s5_o0,256,unpacked|unpacked,[1, 1024]
154,23,1,1104,matvec Q8_0,keep::reduce fold,omega_reduce_r4_o3_n2_multiply_add_zero,4096,Q8_0|unpacked,[1, 8, 64, 1024]
155,23,1,1100,matvec Q8_0,keep::reduce fold,omega_reduce_r4_o3_n2_multiply_add_zero,8192,Q8_0|unpacked,[1, 16, 64, 1024]
156,23,1,1102,matvec Q8_0,keep::reduce fold,omega_reduce_r4_o3_n2_multiply_add_zero,4096,Q8_0|unpacked,[1, 8, 64, 1024]
157,23,1,1116,RoPE,elementwise,omega_elementwise_r3_n4_fused_multiply_o0_o1__multiply_o2_o3__add_s0_s1,256,unpacked|unpacked|unpacked|unpacked,[1, 8, 32]
158,23,1,1113,RoPE,elementwise,omega_elementwise_r3_n4_fused_multiply_o0_o1__multiply_o2_o3__subtract_s0_s1,256,unpacked|unpacked|unpacked|unpacked,[1, 8, 32]
159,23,1,1107,RoPE,elementwise,omega_elementwise_r3_n4_fused_multiply_o0_o1__multiply_o2_o3__subtract_s0_s1,512,unpacked|unpacked|unpacked|unpacked,[1, 16, 32]
160,23,1,1110,RoPE,elementwise,omega_elementwise_r3_n4_fused_multiply_o0_o1__multiply_o2_o3__add_s0_s1,512,unpacked|unpacked|unpacked|unpacked,[1, 16, 32]
161,23,1,1149,cached attention partial,cached_attention,omega_cached_attention_q1_h8_g2_d64_s3c800000_ln9223372036854775808_up0_x4_e1_k1_ds,65536,unpacked|unpacked|unpacked|unpacked|unpacked|unpacked|unpacked|unpacked|unpacked,[1, 8, 2, 64]
162,23,1,1149,cached attention merge,cached_attention,omega_cached_attention_q1_h8_g2_d64_s3c800000_ln9223372036854775808_up0_x4_e1_k1_ds_merge,16384,unpacked|unpacked|unpacked|unpacked|unpacked|unpacked|unpacked|unpacked|unpacked,[1, 8, 2, 64]
163,23,1,1153,matvec Q8_0,keep::reduce fold,omega_reduce_r5_o2_n2_multiply_add_zero_epi2_fused_identity_o2__multiply_s0_o1__add_s1_o0,8192,Q8_0|unpacked,[1, 8, 2, 64, 1024]
164,23,1,1161,RMSNorm sumsq + fused epilogue,keep::reduce fold,omega_reduce_r2_o1_n2_multiply_add_zero_epi4_fused_identity_o4__multiply_s0_o3__add_s1_o2__square_root_s2__reciprocal_s3__multiply_s4_o1__multiply_s5_o0,256,unpacked|unpacked,[1, 1024]
165,23,1,1163,matvec f32,keep::reduce fold,omega_reduce_r3_o2_n2_multiply_add_zero,8192,unpacked|unpacked,[1, 1024, 32]
166,23,1,1169,UNCLASSIFIED omega_moe_topk_e32_k8,moe_topk,omega_moe_topk_e32_k8,32,unpacked,[1]
167,23,1,1173,matvec Q8_0,keep::reduce fold,omega_reduce_r3_o2_n2_multiply_add_zero_g10,4096,Q8_0|unpacked,[1, 1024, 512]
168,23,1,1181,matvec Q8_0,keep::reduce fold,omega_reduce_r3_o2_n2_multiply_add_zero_epi3_fused_identity_o3__negate_o2__exponential_s1__add_s2_o1__reciprocal_s3__multiply_s4_o0__multiply_s0_s5_g10,4096,Q8_0|unpacked,[1, 1024, 512]
169,23,1,1193,matvec Q8_0,keep::reduce fold,omega_reduce_r3_o2_n2_multiply_add_zero_g10,4096,Q8_0|unpacked,[1, 1024, 512]
170,23,1,1201,matvec Q8_0,keep::reduce fold,omega_reduce_r3_o2_n2_multiply_add_zero_epi3_fused_identity_o3__negate_o2__exponential_s1__add_s2_o1__reciprocal_s3__multiply_s4_o0__multiply_s0_s5_g10,4096,Q8_0|unpacked,[1, 1024, 512]
171,23,1,1203,matvec Q8_0,keep::reduce fold,omega_reduce_r3_o2_n2_multiply_add_zero_g10,8192,Q8_0|unpacked,[1, 512, 1024]
172,23,1,1215,matvec Q8_0,keep::reduce fold,omega_reduce_r3_o2_n2_multiply_add_zero_g10,4096,Q8_0|unpacked,[1, 1024, 512]
173,23,1,1223,matvec Q8_0,keep::reduce fold,omega_reduce_r3_o2_n2_multiply_add_zero_epi3_fused_identity_o3__negate_o2__exponential_s1__add_s2_o1__reciprocal_s3__multiply_s4_o0__multiply_s0_s5_g10,4096,Q8_0|unpacked,[1, 1024, 512]
174,23,1,1225,matvec Q8_0,keep::reduce fold,omega_reduce_r3_o2_n2_multiply_add_zero_g10,8192,Q8_0|unpacked,[1, 512, 1024]
175,23,1,1237,matvec Q8_0,keep::reduce fold,omega_reduce_r3_o2_n2_multiply_add_zero_g10,4096,Q8_0|unpacked,[1, 1024, 512]
176,23,1,1245,matvec Q8_0,keep::reduce fold,omega_reduce_r3_o2_n2_multiply_add_zero_epi3_fused_identity_o3__negate_o2__exponential_s1__add_s2_o1__reciprocal_s3__multiply_s4_o0__multiply_s0_s5_g10,4096,Q8_0|unpacked,[1, 1024, 512]
177,23,1,1247,matvec Q8_0,keep::reduce fold,omega_reduce_r3_o2_n2_multiply_add_zero_g10,8192,Q8_0|unpacked,[1, 512, 1024]
178,23,1,1259,matvec Q8_0,keep::reduce fold,omega_reduce_r3_o2_n2_multiply_add_zero_g10,4096,Q8_0|unpacked,[1, 1024, 512]
179,23,1,1267,matvec Q8_0,keep::reduce fold,omega_reduce_r3_o2_n2_multiply_add_zero_epi3_fused_identity_o3__negate_o2__exponential_s1__add_s2_o1__reciprocal_s3__multiply_s4_o0__multiply_s0_s5_g10,4096,Q8_0|unpacked,[1, 1024, 512]
180,23,1,1269,matvec Q8_0,keep::reduce fold,omega_reduce_r3_o2_n2_multiply_add_zero_g10,8192,Q8_0|unpacked,[1, 512, 1024]
181,23,1,1281,matvec Q8_0,keep::reduce fold,omega_reduce_r3_o2_n2_multiply_add_zero_g10,4096,Q8_0|unpacked,[1, 1024, 512]
182,23,1,1289,matvec Q8_0,keep::reduce fold,omega_reduce_r3_o2_n2_multiply_add_zero_epi3_fused_identity_o3__negate_o2__exponential_s1__add_s2_o1__reciprocal_s3__multiply_s4_o0__multiply_s0_s5_g10,4096,Q8_0|unpacked,[1, 1024, 512]
183,23,1,1291,matvec Q8_0,keep::reduce fold,omega_reduce_r3_o2_n2_multiply_add_zero_g10,8192,Q8_0|unpacked,[1, 512, 1024]
184,23,1,1303,matvec Q8_0,keep::reduce fold,omega_reduce_r3_o2_n2_multiply_add_zero_g10,4096,Q8_0|unpacked,[1, 1024, 512]
185,23,1,1311,matvec Q8_0,keep::reduce fold,omega_reduce_r3_o2_n2_multiply_add_zero_epi3_fused_identity_o3__negate_o2__exponential_s1__add_s2_o1__reciprocal_s3__multiply_s4_o0__multiply_s0_s5_g10,4096,Q8_0|unpacked,[1, 1024, 512]
186,23,1,1313,matvec Q8_0,keep::reduce fold,omega_reduce_r3_o2_n2_multiply_add_zero_g10,8192,Q8_0|unpacked,[1, 512, 1024]
187,23,1,1325,matvec Q8_0,keep::reduce fold,omega_reduce_r3_o2_n2_multiply_add_zero_g10,4096,Q8_0|unpacked,[1, 1024, 512]
188,23,1,1333,matvec Q8_0,keep::reduce fold,omega_reduce_r3_o2_n2_multiply_add_zero_epi3_fused_identity_o3__negate_o2__exponential_s1__add_s2_o1__reciprocal_s3__multiply_s4_o0__multiply_s0_s5_g10,4096,Q8_0|unpacked,[1, 1024, 512]
189,23,1,1335,matvec Q8_0,keep::reduce fold,omega_reduce_r3_o2_n2_multiply_add_zero_g10,8192,Q8_0|unpacked,[1, 512, 1024]
190,23,1,1342,matvec Q8_0,keep::reduce fold,omega_reduce_r3_o2_n2_multiply_add_zero_epi25_fused_identity_o25__multiply_s0_o2__multiply_o3_o4__add_s1_s2__multiply_o5_o6__add_s3_s4__multiply_o7_o8__add_s5_s6__multiply_o9_o10__add_s7_s8__multiply_o11_o12__add_s9_s10__multiply_o13_o14__add_s11_s12__multiply_o15_o16__add_s13_s14__add_o17_o18__add_s16_o19__add_s17_o20__add_s18_o21__add_s19_o22__add_s20_o23__add_s21_o24__reciprocal_s22__multiply_s15_s23__multiply_s24_o1__add_s25_o0_g10,8192,Q8_0|unpacked,[1, 512, 1024]
191,23,1,1363,RMSNorm sumsq + fused epilogue,keep::reduce fold,omega_reduce_r2_o1_n2_multiply_add_zero_epi4_fused_identity_o4__multiply_s0_o3__add_s1_o2__square_root_s2__reciprocal_s3__multiply_s4_o1__multiply_s5_o0,256,unpacked|unpacked,[1, 1024]
192,23,1,1369,matvec Q8_0,keep::reduce fold,omega_reduce_r4_o3_n2_multiply_add_zero,4096,Q8_0|unpacked,[1, 8, 64, 1024]
193,23,1,1365,matvec Q8_0,keep::reduce fold,omega_reduce_r4_o3_n2_multiply_add_zero,8192,Q8_0|unpacked,[1, 16, 64, 1024]
194,23,1,1367,matvec Q8_0,keep::reduce fold,omega_reduce_r4_o3_n2_multiply_add_zero,4096,Q8_0|unpacked,[1, 8, 64, 1024]
195,23,1,1381,RoPE,elementwise,omega_elementwise_r3_n4_fused_multiply_o0_o1__multiply_o2_o3__add_s0_s1,256,unpacked|unpacked|unpacked|unpacked,[1, 8, 32]
196,23,1,1378,RoPE,elementwise,omega_elementwise_r3_n4_fused_multiply_o0_o1__multiply_o2_o3__subtract_s0_s1,256,unpacked|unpacked|unpacked|unpacked,[1, 8, 32]
197,23,1,1372,RoPE,elementwise,omega_elementwise_r3_n4_fused_multiply_o0_o1__multiply_o2_o3__subtract_s0_s1,512,unpacked|unpacked|unpacked|unpacked,[1, 16, 32]
198,23,1,1375,RoPE,elementwise,omega_elementwise_r3_n4_fused_multiply_o0_o1__multiply_o2_o3__add_s0_s1,512,unpacked|unpacked|unpacked|unpacked,[1, 16, 32]
199,23,1,1414,cached attention partial,cached_attention,omega_cached_attention_q1_h8_g2_d64_s3c800000_ln9223372036854775808_up0_x4_e1_k1_ds,65536,unpacked|unpacked|unpacked|unpacked|unpacked|unpacked|unpacked|unpacked|unpacked,[1, 8, 2, 64]
200,23,1,1414,cached attention merge,cached_attention,omega_cached_attention_q1_h8_g2_d64_s3c800000_ln9223372036854775808_up0_x4_e1_k1_ds_merge,16384,unpacked|unpacked|unpacked|unpacked|unpacked|unpacked|unpacked|unpacked|unpacked,[1, 8, 2, 64]
201,23,1,1418,matvec Q8_0,keep::reduce fold,omega_reduce_r5_o2_n2_multiply_add_zero_epi2_fused_identity_o2__multiply_s0_o1__add_s1_o0,8192,Q8_0|unpacked,[1, 8, 2, 64, 1024]
202,23,1,1426,RMSNorm sumsq + fused epilogue,keep::reduce fold,omega_reduce_r2_o1_n2_multiply_add_zero_epi4_fused_identity_o4__multiply_s0_o3__add_s1_o2__square_root_s2__reciprocal_s3__multiply_s4_o1__multiply_s5_o0,256,unpacked|unpacked,[1, 1024]
203,23,1,1428,matvec f32,keep::reduce fold,omega_reduce_r3_o2_n2_multiply_add_zero,8192,unpacked|unpacked,[1, 1024, 32]
204,23,1,1434,UNCLASSIFIED omega_moe_topk_e32_k8,moe_topk,omega_moe_topk_e32_k8,32,unpacked,[1]
205,23,1,1438,matvec Q8_0,keep::reduce fold,omega_reduce_r3_o2_n2_multiply_add_zero_g10,4096,Q8_0|unpacked,[1, 1024, 512]
206,23,1,1446,matvec Q8_0,keep::reduce fold,omega_reduce_r3_o2_n2_multiply_add_zero_epi3_fused_identity_o3__negate_o2__exponential_s1__add_s2_o1__reciprocal_s3__multiply_s4_o0__multiply_s0_s5_g10,4096,Q8_0|unpacked,[1, 1024, 512]
207,23,1,1458,matvec Q8_0,keep::reduce fold,omega_reduce_r3_o2_n2_multiply_add_zero_g10,4096,Q8_0|unpacked,[1, 1024, 512]
208,23,1,1466,matvec Q8_0,keep::reduce fold,omega_reduce_r3_o2_n2_multiply_add_zero_epi3_fused_identity_o3__negate_o2__exponential_s1__add_s2_o1__reciprocal_s3__multiply_s4_o0__multiply_s0_s5_g10,4096,Q8_0|unpacked,[1, 1024, 512]
209,23,1,1468,matvec Q8_0,keep::reduce fold,omega_reduce_r3_o2_n2_multiply_add_zero_g10,8192,Q8_0|unpacked,[1, 512, 1024]
210,23,1,1480,matvec Q8_0,keep::reduce fold,omega_reduce_r3_o2_n2_multiply_add_zero_g10,4096,Q8_0|unpacked,[1, 1024, 512]
211,23,1,1488,matvec Q8_0,keep::reduce fold,omega_reduce_r3_o2_n2_multiply_add_zero_epi3_fused_identity_o3__negate_o2__exponential_s1__add_s2_o1__reciprocal_s3__multiply_s4_o0__multiply_s0_s5_g10,4096,Q8_0|unpacked,[1, 1024, 512]
212,23,1,1490,matvec Q8_0,keep::reduce fold,omega_reduce_r3_o2_n2_multiply_add_zero_g10,8192,Q8_0|unpacked,[1, 512, 1024]
213,23,1,1502,matvec Q8_0,keep::reduce fold,omega_reduce_r3_o2_n2_multiply_add_zero_g10,4096,Q8_0|unpacked,[1, 1024, 512]
214,23,1,1510,matvec Q8_0,keep::reduce fold,omega_reduce_r3_o2_n2_multiply_add_zero_epi3_fused_identity_o3__negate_o2__exponential_s1__add_s2_o1__reciprocal_s3__multiply_s4_o0__multiply_s0_s5_g10,4096,Q8_0|unpacked,[1, 1024, 512]
215,23,1,1512,matvec Q8_0,keep::reduce fold,omega_reduce_r3_o2_n2_multiply_add_zero_g10,8192,Q8_0|unpacked,[1, 512, 1024]
216,23,1,1524,matvec Q8_0,keep::reduce fold,omega_reduce_r3_o2_n2_multiply_add_zero_g10,4096,Q8_0|unpacked,[1, 1024, 512]
217,23,1,1532,matvec Q8_0,keep::reduce fold,omega_reduce_r3_o2_n2_multiply_add_zero_epi3_fused_identity_o3__negate_o2__exponential_s1__add_s2_o1__reciprocal_s3__multiply_s4_o0__multiply_s0_s5_g10,4096,Q8_0|unpacked,[1, 1024, 512]
218,23,1,1534,matvec Q8_0,keep::reduce fold,omega_reduce_r3_o2_n2_multiply_add_zero_g10,8192,Q8_0|unpacked,[1, 512, 1024]
219,23,1,1546,matvec Q8_0,keep::reduce fold,omega_reduce_r3_o2_n2_multiply_add_zero_g10,4096,Q8_0|unpacked,[1, 1024, 512]
220,23,1,1554,matvec Q8_0,keep::reduce fold,omega_reduce_r3_o2_n2_multiply_add_zero_epi3_fused_identity_o3__negate_o2__exponential_s1__add_s2_o1__reciprocal_s3__multiply_s4_o0__multiply_s0_s5_g10,4096,Q8_0|unpacked,[1, 1024, 512]
221,23,1,1556,matvec Q8_0,keep::reduce fold,omega_reduce_r3_o2_n2_multiply_add_zero_g10,8192,Q8_0|unpacked,[1, 512, 1024]
222,23,1,1568,matvec Q8_0,keep::reduce fold,omega_reduce_r3_o2_n2_multiply_add_zero_g10,4096,Q8_0|unpacked,[1, 1024, 512]
223,23,1,1576,matvec Q8_0,keep::reduce fold,omega_reduce_r3_o2_n2_multiply_add_zero_epi3_fused_identity_o3__negate_o2__exponential_s1__add_s2_o1__reciprocal_s3__multiply_s4_o0__multiply_s0_s5_g10,4096,Q8_0|unpacked,[1, 1024, 512]
224,23,1,1578,matvec Q8_0,keep::reduce fold,omega_reduce_r3_o2_n2_multiply_add_zero_g10,8192,Q8_0|unpacked,[1, 512, 1024]
225,23,1,1590,matvec Q8_0,keep::reduce fold,omega_reduce_r3_o2_n2_multiply_add_zero_g10,4096,Q8_0|unpacked,[1, 1024, 512]
226,23,1,1598,matvec Q8_0,keep::reduce fold,omega_reduce_r3_o2_n2_multiply_add_zero_epi3_fused_identity_o3__negate_o2__exponential_s1__add_s2_o1__reciprocal_s3__multiply_s4_o0__multiply_s0_s5_g10,4096,Q8_0|unpacked,[1, 1024, 512]
227,23,1,1600,matvec Q8_0,keep::reduce fold,omega_reduce_r3_o2_n2_multiply_add_zero_g10,8192,Q8_0|unpacked,[1, 512, 1024]
228,23,1,1607,matvec Q8_0,keep::reduce fold,omega_reduce_r3_o2_n2_multiply_add_zero_epi25_fused_identity_o25__multiply_s0_o2__multiply_o3_o4__add_s1_s2__multiply_o5_o6__add_s3_s4__multiply_o7_o8__add_s5_s6__multiply_o9_o10__add_s7_s8__multiply_o11_o12__add_s9_s10__multiply_o13_o14__add_s11_s12__multiply_o15_o16__add_s13_s14__add_o17_o18__add_s16_o19__add_s17_o20__add_s18_o21__add_s19_o22__add_s20_o23__add_s21_o24__reciprocal_s22__multiply_s15_s23__multiply_s24_o1__add_s25_o0_g10,8192,Q8_0|unpacked,[1, 512, 1024]
229,23,1,1628,RMSNorm sumsq + fused epilogue,keep::reduce fold,omega_reduce_r2_o1_n2_multiply_add_zero_epi4_fused_identity_o4__multiply_s0_o3__add_s1_o2__square_root_s2__reciprocal_s3__multiply_s4_o1__multiply_s5_o0,256,unpacked|unpacked,[1, 1024]
230,23,1,1634,matvec Q8_0,keep::reduce fold,omega_reduce_r4_o3_n2_multiply_add_zero,4096,Q8_0|unpacked,[1, 8, 64, 1024]
231,23,1,1630,matvec Q8_0,keep::reduce fold,omega_reduce_r4_o3_n2_multiply_add_zero,8192,Q8_0|unpacked,[1, 16, 64, 1024]
232,23,1,1632,matvec Q8_0,keep::reduce fold,omega_reduce_r4_o3_n2_multiply_add_zero,4096,Q8_0|unpacked,[1, 8, 64, 1024]
233,23,1,1646,RoPE,elementwise,omega_elementwise_r3_n4_fused_multiply_o0_o1__multiply_o2_o3__add_s0_s1,256,unpacked|unpacked|unpacked|unpacked,[1, 8, 32]
234,23,1,1643,RoPE,elementwise,omega_elementwise_r3_n4_fused_multiply_o0_o1__multiply_o2_o3__subtract_s0_s1,256,unpacked|unpacked|unpacked|unpacked,[1, 8, 32]
235,23,1,1637,RoPE,elementwise,omega_elementwise_r3_n4_fused_multiply_o0_o1__multiply_o2_o3__subtract_s0_s1,512,unpacked|unpacked|unpacked|unpacked,[1, 16, 32]
236,23,1,1640,RoPE,elementwise,omega_elementwise_r3_n4_fused_multiply_o0_o1__multiply_o2_o3__add_s0_s1,512,unpacked|unpacked|unpacked|unpacked,[1, 16, 32]
237,23,1,1679,cached attention partial,cached_attention,omega_cached_attention_q1_h8_g2_d64_s3c800000_ln9223372036854775808_up0_x4_e1_k1_ds,65536,unpacked|unpacked|unpacked|unpacked|unpacked|unpacked|unpacked|unpacked|unpacked,[1, 8, 2, 64]
238,23,1,1679,cached attention merge,cached_attention,omega_cached_attention_q1_h8_g2_d64_s3c800000_ln9223372036854775808_up0_x4_e1_k1_ds_merge,16384,unpacked|unpacked|unpacked|unpacked|unpacked|unpacked|unpacked|unpacked|unpacked,[1, 8, 2, 64]
239,23,1,1683,matvec Q8_0,keep::reduce fold,omega_reduce_r5_o2_n2_multiply_add_zero_epi2_fused_identity_o2__multiply_s0_o1__add_s1_o0,8192,Q8_0|unpacked,[1, 8, 2, 64, 1024]
240,23,1,1691,RMSNorm sumsq + fused epilogue,keep::reduce fold,omega_reduce_r2_o1_n2_multiply_add_zero_epi4_fused_identity_o4__multiply_s0_o3__add_s1_o2__square_root_s2__reciprocal_s3__multiply_s4_o1__multiply_s5_o0,256,unpacked|unpacked,[1, 1024]
241,23,1,1693,matvec f32,keep::reduce fold,omega_reduce_r3_o2_n2_multiply_add_zero,8192,unpacked|unpacked,[1, 1024, 32]
242,23,1,1699,UNCLASSIFIED omega_moe_topk_e32_k8,moe_topk,omega_moe_topk_e32_k8,32,unpacked,[1]
243,23,1,1703,matvec Q8_0,keep::reduce fold,omega_reduce_r3_o2_n2_multiply_add_zero_g10,4096,Q8_0|unpacked,[1, 1024, 512]
244,23,1,1711,matvec Q8_0,keep::reduce fold,omega_reduce_r3_o2_n2_multiply_add_zero_epi3_fused_identity_o3__negate_o2__exponential_s1__add_s2_o1__reciprocal_s3__multiply_s4_o0__multiply_s0_s5_g10,4096,Q8_0|unpacked,[1, 1024, 512]
245,23,1,1723,matvec Q8_0,keep::reduce fold,omega_reduce_r3_o2_n2_multiply_add_zero_g10,4096,Q8_0|unpacked,[1, 1024, 512]
246,23,1,1731,matvec Q8_0,keep::reduce fold,omega_reduce_r3_o2_n2_multiply_add_zero_epi3_fused_identity_o3__negate_o2__exponential_s1__add_s2_o1__reciprocal_s3__multiply_s4_o0__multiply_s0_s5_g10,4096,Q8_0|unpacked,[1, 1024, 512]
247,23,1,1733,matvec Q8_0,keep::reduce fold,omega_reduce_r3_o2_n2_multiply_add_zero_g10,8192,Q8_0|unpacked,[1, 512, 1024]
248,23,1,1745,matvec Q8_0,keep::reduce fold,omega_reduce_r3_o2_n2_multiply_add_zero_g10,4096,Q8_0|unpacked,[1, 1024, 512]
249,23,1,1753,matvec Q8_0,keep::reduce fold,omega_reduce_r3_o2_n2_multiply_add_zero_epi3_fused_identity_o3__negate_o2__exponential_s1__add_s2_o1__reciprocal_s3__multiply_s4_o0__multiply_s0_s5_g10,4096,Q8_0|unpacked,[1, 1024, 512]
250,23,1,1755,matvec Q8_0,keep::reduce fold,omega_reduce_r3_o2_n2_multiply_add_zero_g10,8192,Q8_0|unpacked,[1, 512, 1024]
251,23,1,1767,matvec Q8_0,keep::reduce fold,omega_reduce_r3_o2_n2_multiply_add_zero_g10,4096,Q8_0|unpacked,[1, 1024, 512]
252,23,1,1775,matvec Q8_0,keep::reduce fold,omega_reduce_r3_o2_n2_multiply_add_zero_epi3_fused_identity_o3__negate_o2__exponential_s1__add_s2_o1__reciprocal_s3__multiply_s4_o0__multiply_s0_s5_g10,4096,Q8_0|unpacked,[1, 1024, 512]
253,23,1,1777,matvec Q8_0,keep::reduce fold,omega_reduce_r3_o2_n2_multiply_add_zero_g10,8192,Q8_0|unpacked,[1, 512, 1024]
254,23,1,1789,matvec Q8_0,keep::reduce fold,omega_reduce_r3_o2_n2_multiply_add_zero_g10,4096,Q8_0|unpacked,[1, 1024, 512]
255,23,1,1797,matvec Q8_0,keep::reduce fold,omega_reduce_r3_o2_n2_multiply_add_zero_epi3_fused_identity_o3__negate_o2__exponential_s1__add_s2_o1__reciprocal_s3__multiply_s4_o0__multiply_s0_s5_g10,4096,Q8_0|unpacked,[1, 1024, 512]
256,23,1,1799,matvec Q8_0,keep::reduce fold,omega_reduce_r3_o2_n2_multiply_add_zero_g10,8192,Q8_0|unpacked,[1, 512, 1024]
257,23,1,1811,matvec Q8_0,keep::reduce fold,omega_reduce_r3_o2_n2_multiply_add_zero_g10,4096,Q8_0|unpacked,[1, 1024, 512]
258,23,1,1819,matvec Q8_0,keep::reduce fold,omega_reduce_r3_o2_n2_multiply_add_zero_epi3_fused_identity_o3__negate_o2__exponential_s1__add_s2_o1__reciprocal_s3__multiply_s4_o0__multiply_s0_s5_g10,4096,Q8_0|unpacked,[1, 1024, 512]
259,23,1,1821,matvec Q8_0,keep::reduce fold,omega_reduce_r3_o2_n2_multiply_add_zero_g10,8192,Q8_0|unpacked,[1, 512, 1024]
260,23,1,1833,matvec Q8_0,keep::reduce fold,omega_reduce_r3_o2_n2_multiply_add_zero_g10,4096,Q8_0|unpacked,[1, 1024, 512]
261,23,1,1841,matvec Q8_0,keep::reduce fold,omega_reduce_r3_o2_n2_multiply_add_zero_epi3_fused_identity_o3__negate_o2__exponential_s1__add_s2_o1__reciprocal_s3__multiply_s4_o0__multiply_s0_s5_g10,4096,Q8_0|unpacked,[1, 1024, 512]
262,23,1,1843,matvec Q8_0,keep::reduce fold,omega_reduce_r3_o2_n2_multiply_add_zero_g10,8192,Q8_0|unpacked,[1, 512, 1024]
263,23,1,1855,matvec Q8_0,keep::reduce fold,omega_reduce_r3_o2_n2_multiply_add_zero_g10,4096,Q8_0|unpacked,[1, 1024, 512]
264,23,1,1863,matvec Q8_0,keep::reduce fold,omega_reduce_r3_o2_n2_multiply_add_zero_epi3_fused_identity_o3__negate_o2__exponential_s1__add_s2_o1__reciprocal_s3__multiply_s4_o0__multiply_s0_s5_g10,4096,Q8_0|unpacked,[1, 1024, 512]
265,23,1,1865,matvec Q8_0,keep::reduce fold,omega_reduce_r3_o2_n2_multiply_add_zero_g10,8192,Q8_0|unpacked,[1, 512, 1024]
266,23,1,1872,matvec Q8_0,keep::reduce fold,omega_reduce_r3_o2_n2_multiply_add_zero_epi25_fused_identity_o25__multiply_s0_o2__multiply_o3_o4__add_s1_s2__multiply_o5_o6__add_s3_s4__multiply_o7_o8__add_s5_s6__multiply_o9_o10__add_s7_s8__multiply_o11_o12__add_s9_s10__multiply_o13_o14__add_s11_s12__multiply_o15_o16__add_s13_s14__add_o17_o18__add_s16_o19__add_s17_o20__add_s18_o21__add_s19_o22__add_s20_o23__add_s21_o24__reciprocal_s22__multiply_s15_s23__multiply_s24_o1__add_s25_o0_g10,8192,Q8_0|unpacked,[1, 512, 1024]
267,23,1,1893,RMSNorm sumsq + fused epilogue,keep::reduce fold,omega_reduce_r2_o1_n2_multiply_add_zero_epi4_fused_identity_o4__multiply_s0_o3__add_s1_o2__square_root_s2__reciprocal_s3__multiply_s4_o1__multiply_s5_o0,256,unpacked|unpacked,[1, 1024]
268,23,1,1899,matvec Q8_0,keep::reduce fold,omega_reduce_r4_o3_n2_multiply_add_zero,4096,Q8_0|unpacked,[1, 8, 64, 1024]
269,23,1,1895,matvec Q8_0,keep::reduce fold,omega_reduce_r4_o3_n2_multiply_add_zero,8192,Q8_0|unpacked,[1, 16, 64, 1024]
270,23,1,1897,matvec Q8_0,keep::reduce fold,omega_reduce_r4_o3_n2_multiply_add_zero,4096,Q8_0|unpacked,[1, 8, 64, 1024]
271,23,1,1911,RoPE,elementwise,omega_elementwise_r3_n4_fused_multiply_o0_o1__multiply_o2_o3__add_s0_s1,256,unpacked|unpacked|unpacked|unpacked,[1, 8, 32]
272,23,1,1908,RoPE,elementwise,omega_elementwise_r3_n4_fused_multiply_o0_o1__multiply_o2_o3__subtract_s0_s1,256,unpacked|unpacked|unpacked|unpacked,[1, 8, 32]
273,23,1,1902,RoPE,elementwise,omega_elementwise_r3_n4_fused_multiply_o0_o1__multiply_o2_o3__subtract_s0_s1,512,unpacked|unpacked|unpacked|unpacked,[1, 16, 32]
274,23,1,1905,RoPE,elementwise,omega_elementwise_r3_n4_fused_multiply_o0_o1__multiply_o2_o3__add_s0_s1,512,unpacked|unpacked|unpacked|unpacked,[1, 16, 32]
275,23,1,1944,cached attention partial,cached_attention,omega_cached_attention_q1_h8_g2_d64_s3c800000_ln9223372036854775808_up0_x4_e1_k1_ds,65536,unpacked|unpacked|unpacked|unpacked|unpacked|unpacked|unpacked|unpacked|unpacked,[1, 8, 2, 64]
276,23,1,1944,cached attention merge,cached_attention,omega_cached_attention_q1_h8_g2_d64_s3c800000_ln9223372036854775808_up0_x4_e1_k1_ds_merge,16384,unpacked|unpacked|unpacked|unpacked|unpacked|unpacked|unpacked|unpacked|unpacked,[1, 8, 2, 64]
277,23,1,1948,matvec Q8_0,keep::reduce fold,omega_reduce_r5_o2_n2_multiply_add_zero_epi2_fused_identity_o2__multiply_s0_o1__add_s1_o0,8192,Q8_0|unpacked,[1, 8, 2, 64, 1024]
278,23,1,1956,RMSNorm sumsq + fused epilogue,keep::reduce fold,omega_reduce_r2_o1_n2_multiply_add_zero_epi4_fused_identity_o4__multiply_s0_o3__add_s1_o2__square_root_s2__reciprocal_s3__multiply_s4_o1__multiply_s5_o0,256,unpacked|unpacked,[1, 1024]
279,23,1,1958,matvec f32,keep::reduce fold,omega_reduce_r3_o2_n2_multiply_add_zero,8192,unpacked|unpacked,[1, 1024, 32]
280,23,1,1964,UNCLASSIFIED omega_moe_topk_e32_k8,moe_topk,omega_moe_topk_e32_k8,32,unpacked,[1]
281,23,1,1968,matvec Q8_0,keep::reduce fold,omega_reduce_r3_o2_n2_multiply_add_zero_g10,4096,Q8_0|unpacked,[1, 1024, 512]
282,23,1,1976,matvec Q8_0,keep::reduce fold,omega_reduce_r3_o2_n2_multiply_add_zero_epi3_fused_identity_o3__negate_o2__exponential_s1__add_s2_o1__reciprocal_s3__multiply_s4_o0__multiply_s0_s5_g10,4096,Q8_0|unpacked,[1, 1024, 512]
283,23,1,1988,matvec Q8_0,keep::reduce fold,omega_reduce_r3_o2_n2_multiply_add_zero_g10,4096,Q8_0|unpacked,[1, 1024, 512]
284,23,1,1996,matvec Q8_0,keep::reduce fold,omega_reduce_r3_o2_n2_multiply_add_zero_epi3_fused_identity_o3__negate_o2__exponential_s1__add_s2_o1__reciprocal_s3__multiply_s4_o0__multiply_s0_s5_g10,4096,Q8_0|unpacked,[1, 1024, 512]
285,23,1,1998,matvec Q8_0,keep::reduce fold,omega_reduce_r3_o2_n2_multiply_add_zero_g10,8192,Q8_0|unpacked,[1, 512, 1024]
286,23,1,2010,matvec Q8_0,keep::reduce fold,omega_reduce_r3_o2_n2_multiply_add_zero_g10,4096,Q8_0|unpacked,[1, 1024, 512]
287,23,1,2018,matvec Q8_0,keep::reduce fold,omega_reduce_r3_o2_n2_multiply_add_zero_epi3_fused_identity_o3__negate_o2__exponential_s1__add_s2_o1__reciprocal_s3__multiply_s4_o0__multiply_s0_s5_g10,4096,Q8_0|unpacked,[1, 1024, 512]
288,23,1,2020,matvec Q8_0,keep::reduce fold,omega_reduce_r3_o2_n2_multiply_add_zero_g10,8192,Q8_0|unpacked,[1, 512, 1024]
289,23,1,2032,matvec Q8_0,keep::reduce fold,omega_reduce_r3_o2_n2_multiply_add_zero_g10,4096,Q8_0|unpacked,[1, 1024, 512]
290,23,1,2040,matvec Q8_0,keep::reduce fold,omega_reduce_r3_o2_n2_multiply_add_zero_epi3_fused_identity_o3__negate_o2__exponential_s1__add_s2_o1__reciprocal_s3__multiply_s4_o0__multiply_s0_s5_g10,4096,Q8_0|unpacked,[1, 1024, 512]
291,23,1,2042,matvec Q8_0,keep::reduce fold,omega_reduce_r3_o2_n2_multiply_add_zero_g10,8192,Q8_0|unpacked,[1, 512, 1024]
292,23,1,2054,matvec Q8_0,keep::reduce fold,omega_reduce_r3_o2_n2_multiply_add_zero_g10,4096,Q8_0|unpacked,[1, 1024, 512]
293,23,1,2062,matvec Q8_0,keep::reduce fold,omega_reduce_r3_o2_n2_multiply_add_zero_epi3_fused_identity_o3__negate_o2__exponential_s1__add_s2_o1__reciprocal_s3__multiply_s4_o0__multiply_s0_s5_g10,4096,Q8_0|unpacked,[1, 1024, 512]
294,23,1,2064,matvec Q8_0,keep::reduce fold,omega_reduce_r3_o2_n2_multiply_add_zero_g10,8192,Q8_0|unpacked,[1, 512, 1024]
295,23,1,2076,matvec Q8_0,keep::reduce fold,omega_reduce_r3_o2_n2_multiply_add_zero_g10,4096,Q8_0|unpacked,[1, 1024, 512]
296,23,1,2084,matvec Q8_0,keep::reduce fold,omega_reduce_r3_o2_n2_multiply_add_zero_epi3_fused_identity_o3__negate_o2__exponential_s1__add_s2_o1__reciprocal_s3__multiply_s4_o0__multiply_s0_s5_g10,4096,Q8_0|unpacked,[1, 1024, 512]
297,23,1,2086,matvec Q8_0,keep::reduce fold,omega_reduce_r3_o2_n2_multiply_add_zero_g10,8192,Q8_0|unpacked,[1, 512, 1024]
298,23,1,2098,matvec Q8_0,keep::reduce fold,omega_reduce_r3_o2_n2_multiply_add_zero_g10,4096,Q8_0|unpacked,[1, 1024, 512]
299,23,1,2106,matvec Q8_0,keep::reduce fold,omega_reduce_r3_o2_n2_multiply_add_zero_epi3_fused_identity_o3__negate_o2__exponential_s1__add_s2_o1__reciprocal_s3__multiply_s4_o0__multiply_s0_s5_g10,4096,Q8_0|unpacked,[1, 1024, 512]
300,23,1,2108,matvec Q8_0,keep::reduce fold,omega_reduce_r3_o2_n2_multiply_add_zero_g10,8192,Q8_0|unpacked,[1, 512, 1024]
301,23,1,2120,matvec Q8_0,keep::reduce fold,omega_reduce_r3_o2_n2_multiply_add_zero_g10,4096,Q8_0|unpacked,[1, 1024, 512]
302,23,1,2128,matvec Q8_0,keep::reduce fold,omega_reduce_r3_o2_n2_multiply_add_zero_epi3_fused_identity_o3__negate_o2__exponential_s1__add_s2_o1__reciprocal_s3__multiply_s4_o0__multiply_s0_s5_g10,4096,Q8_0|unpacked,[1, 1024, 512]
303,23,1,2130,matvec Q8_0,keep::reduce fold,omega_reduce_r3_o2_n2_multiply_add_zero_g10,8192,Q8_0|unpacked,[1, 512, 1024]
304,23,1,2137,matvec Q8_0,keep::reduce fold,omega_reduce_r3_o2_n2_multiply_add_zero_epi25_fused_identity_o25__multiply_s0_o2__multiply_o3_o4__add_s1_s2__multiply_o5_o6__add_s3_s4__multiply_o7_o8__add_s5_s6__multiply_o9_o10__add_s7_s8__multiply_o11_o12__add_s9_s10__multiply_o13_o14__add_s11_s12__multiply_o15_o16__add_s13_s14__add_o17_o18__add_s16_o19__add_s17_o20__add_s18_o21__add_s19_o22__add_s20_o23__add_s21_o24__reciprocal_s22__multiply_s15_s23__multiply_s24_o1__add_s25_o0_g10,8192,Q8_0|unpacked,[1, 512, 1024]
305,23,1,2158,RMSNorm sumsq + fused epilogue,keep::reduce fold,omega_reduce_r2_o1_n2_multiply_add_zero_epi4_fused_identity_o4__multiply_s0_o3__add_s1_o2__square_root_s2__reciprocal_s3__multiply_s4_o1__multiply_s5_o0,256,unpacked|unpacked,[1, 1024]
306,23,1,2164,matvec Q8_0,keep::reduce fold,omega_reduce_r4_o3_n2_multiply_add_zero,4096,Q8_0|unpacked,[1, 8, 64, 1024]
307,23,1,2160,matvec Q8_0,keep::reduce fold,omega_reduce_r4_o3_n2_multiply_add_zero,8192,Q8_0|unpacked,[1, 16, 64, 1024]
308,23,1,2162,matvec Q8_0,keep::reduce fold,omega_reduce_r4_o3_n2_multiply_add_zero,4096,Q8_0|unpacked,[1, 8, 64, 1024]
309,23,1,2176,RoPE,elementwise,omega_elementwise_r3_n4_fused_multiply_o0_o1__multiply_o2_o3__add_s0_s1,256,unpacked|unpacked|unpacked|unpacked,[1, 8, 32]
310,23,1,2173,RoPE,elementwise,omega_elementwise_r3_n4_fused_multiply_o0_o1__multiply_o2_o3__subtract_s0_s1,256,unpacked|unpacked|unpacked|unpacked,[1, 8, 32]
311,23,1,2167,RoPE,elementwise,omega_elementwise_r3_n4_fused_multiply_o0_o1__multiply_o2_o3__subtract_s0_s1,512,unpacked|unpacked|unpacked|unpacked,[1, 16, 32]
312,23,1,2170,RoPE,elementwise,omega_elementwise_r3_n4_fused_multiply_o0_o1__multiply_o2_o3__add_s0_s1,512,unpacked|unpacked|unpacked|unpacked,[1, 16, 32]
313,23,1,2209,cached attention partial,cached_attention,omega_cached_attention_q1_h8_g2_d64_s3c800000_ln9223372036854775808_up0_x4_e1_k1_ds,65536,unpacked|unpacked|unpacked|unpacked|unpacked|unpacked|unpacked|unpacked|unpacked,[1, 8, 2, 64]
314,23,1,2209,cached attention merge,cached_attention,omega_cached_attention_q1_h8_g2_d64_s3c800000_ln9223372036854775808_up0_x4_e1_k1_ds_merge,16384,unpacked|unpacked|unpacked|unpacked|unpacked|unpacked|unpacked|unpacked|unpacked,[1, 8, 2, 64]
315,23,1,2213,matvec Q8_0,keep::reduce fold,omega_reduce_r5_o2_n2_multiply_add_zero_epi2_fused_identity_o2__multiply_s0_o1__add_s1_o0,8192,Q8_0|unpacked,[1, 8, 2, 64, 1024]
316,23,1,2221,RMSNorm sumsq + fused epilogue,keep::reduce fold,omega_reduce_r2_o1_n2_multiply_add_zero_epi4_fused_identity_o4__multiply_s0_o3__add_s1_o2__square_root_s2__reciprocal_s3__multiply_s4_o1__multiply_s5_o0,256,unpacked|unpacked,[1, 1024]
317,23,1,2223,matvec f32,keep::reduce fold,omega_reduce_r3_o2_n2_multiply_add_zero,8192,unpacked|unpacked,[1, 1024, 32]
318,23,1,2229,UNCLASSIFIED omega_moe_topk_e32_k8,moe_topk,omega_moe_topk_e32_k8,32,unpacked,[1]
319,23,1,2233,matvec Q8_0,keep::reduce fold,omega_reduce_r3_o2_n2_multiply_add_zero_g10,4096,Q8_0|unpacked,[1, 1024, 512]
320,23,1,2241,matvec Q8_0,keep::reduce fold,omega_reduce_r3_o2_n2_multiply_add_zero_epi3_fused_identity_o3__negate_o2__exponential_s1__add_s2_o1__reciprocal_s3__multiply_s4_o0__multiply_s0_s5_g10,4096,Q8_0|unpacked,[1, 1024, 512]
321,23,1,2253,matvec Q8_0,keep::reduce fold,omega_reduce_r3_o2_n2_multiply_add_zero_g10,4096,Q8_0|unpacked,[1, 1024, 512]
322,23,1,2261,matvec Q8_0,keep::reduce fold,omega_reduce_r3_o2_n2_multiply_add_zero_epi3_fused_identity_o3__negate_o2__exponential_s1__add_s2_o1__reciprocal_s3__multiply_s4_o0__multiply_s0_s5_g10,4096,Q8_0|unpacked,[1, 1024, 512]
323,23,1,2263,matvec Q8_0,keep::reduce fold,omega_reduce_r3_o2_n2_multiply_add_zero_g10,8192,Q8_0|unpacked,[1, 512, 1024]
324,23,1,2275,matvec Q8_0,keep::reduce fold,omega_reduce_r3_o2_n2_multiply_add_zero_g10,4096,Q8_0|unpacked,[1, 1024, 512]
325,23,1,2283,matvec Q8_0,keep::reduce fold,omega_reduce_r3_o2_n2_multiply_add_zero_epi3_fused_identity_o3__negate_o2__exponential_s1__add_s2_o1__reciprocal_s3__multiply_s4_o0__multiply_s0_s5_g10,4096,Q8_0|unpacked,[1, 1024, 512]
326,23,1,2285,matvec Q8_0,keep::reduce fold,omega_reduce_r3_o2_n2_multiply_add_zero_g10,8192,Q8_0|unpacked,[1, 512, 1024]
327,23,1,2297,matvec Q8_0,keep::reduce fold,omega_reduce_r3_o2_n2_multiply_add_zero_g10,4096,Q8_0|unpacked,[1, 1024, 512]
328,23,1,2305,matvec Q8_0,keep::reduce fold,omega_reduce_r3_o2_n2_multiply_add_zero_epi3_fused_identity_o3__negate_o2__exponential_s1__add_s2_o1__reciprocal_s3__multiply_s4_o0__multiply_s0_s5_g10,4096,Q8_0|unpacked,[1, 1024, 512]
329,23,1,2307,matvec Q8_0,keep::reduce fold,omega_reduce_r3_o2_n2_multiply_add_zero_g10,8192,Q8_0|unpacked,[1, 512, 1024]
330,23,1,2319,matvec Q8_0,keep::reduce fold,omega_reduce_r3_o2_n2_multiply_add_zero_g10,4096,Q8_0|unpacked,[1, 1024, 512]
331,23,1,2327,matvec Q8_0,keep::reduce fold,omega_reduce_r3_o2_n2_multiply_add_zero_epi3_fused_identity_o3__negate_o2__exponential_s1__add_s2_o1__reciprocal_s3__multiply_s4_o0__multiply_s0_s5_g10,4096,Q8_0|unpacked,[1, 1024, 512]
332,23,1,2329,matvec Q8_0,keep::reduce fold,omega_reduce_r3_o2_n2_multiply_add_zero_g10,8192,Q8_0|unpacked,[1, 512, 1024]
333,23,1,2341,matvec Q8_0,keep::reduce fold,omega_reduce_r3_o2_n2_multiply_add_zero_g10,4096,Q8_0|unpacked,[1, 1024, 512]
334,23,1,2349,matvec Q8_0,keep::reduce fold,omega_reduce_r3_o2_n2_multiply_add_zero_epi3_fused_identity_o3__negate_o2__exponential_s1__add_s2_o1__reciprocal_s3__multiply_s4_o0__multiply_s0_s5_g10,4096,Q8_0|unpacked,[1, 1024, 512]
335,23,1,2351,matvec Q8_0,keep::reduce fold,omega_reduce_r3_o2_n2_multiply_add_zero_g10,8192,Q8_0|unpacked,[1, 512, 1024]
336,23,1,2363,matvec Q8_0,keep::reduce fold,omega_reduce_r3_o2_n2_multiply_add_zero_g10,4096,Q8_0|unpacked,[1, 1024, 512]
337,23,1,2371,matvec Q8_0,keep::reduce fold,omega_reduce_r3_o2_n2_multiply_add_zero_epi3_fused_identity_o3__negate_o2__exponential_s1__add_s2_o1__reciprocal_s3__multiply_s4_o0__multiply_s0_s5_g10,4096,Q8_0|unpacked,[1, 1024, 512]
338,23,1,2373,matvec Q8_0,keep::reduce fold,omega_reduce_r3_o2_n2_multiply_add_zero_g10,8192,Q8_0|unpacked,[1, 512, 1024]
339,23,1,2385,matvec Q8_0,keep::reduce fold,omega_reduce_r3_o2_n2_multiply_add_zero_g10,4096,Q8_0|unpacked,[1, 1024, 512]
340,23,1,2393,matvec Q8_0,keep::reduce fold,omega_reduce_r3_o2_n2_multiply_add_zero_epi3_fused_identity_o3__negate_o2__exponential_s1__add_s2_o1__reciprocal_s3__multiply_s4_o0__multiply_s0_s5_g10,4096,Q8_0|unpacked,[1, 1024, 512]
341,23,1,2395,matvec Q8_0,keep::reduce fold,omega_reduce_r3_o2_n2_multiply_add_zero_g10,8192,Q8_0|unpacked,[1, 512, 1024]
342,23,1,2402,matvec Q8_0,keep::reduce fold,omega_reduce_r3_o2_n2_multiply_add_zero_epi25_fused_identity_o25__multiply_s0_o2__multiply_o3_o4__add_s1_s2__multiply_o5_o6__add_s3_s4__multiply_o7_o8__add_s5_s6__multiply_o9_o10__add_s7_s8__multiply_o11_o12__add_s9_s10__multiply_o13_o14__add_s11_s12__multiply_o15_o16__add_s13_s14__add_o17_o18__add_s16_o19__add_s17_o20__add_s18_o21__add_s19_o22__add_s20_o23__add_s21_o24__reciprocal_s22__multiply_s15_s23__multiply_s24_o1__add_s25_o0_g10,8192,Q8_0|unpacked,[1, 512, 1024]
343,23,1,2423,RMSNorm sumsq + fused epilogue,keep::reduce fold,omega_reduce_r2_o1_n2_multiply_add_zero_epi4_fused_identity_o4__multiply_s0_o3__add_s1_o2__square_root_s2__reciprocal_s3__multiply_s4_o1__multiply_s5_o0,256,unpacked|unpacked,[1, 1024]
344,23,1,2429,matvec Q8_0,keep::reduce fold,omega_reduce_r4_o3_n2_multiply_add_zero,4096,Q8_0|unpacked,[1, 8, 64, 1024]
345,23,1,2425,matvec Q8_0,keep::reduce fold,omega_reduce_r4_o3_n2_multiply_add_zero,8192,Q8_0|unpacked,[1, 16, 64, 1024]
346,23,1,2427,matvec Q8_0,keep::reduce fold,omega_reduce_r4_o3_n2_multiply_add_zero,4096,Q8_0|unpacked,[1, 8, 64, 1024]
347,23,1,2441,RoPE,elementwise,omega_elementwise_r3_n4_fused_multiply_o0_o1__multiply_o2_o3__add_s0_s1,256,unpacked|unpacked|unpacked|unpacked,[1, 8, 32]
348,23,1,2438,RoPE,elementwise,omega_elementwise_r3_n4_fused_multiply_o0_o1__multiply_o2_o3__subtract_s0_s1,256,unpacked|unpacked|unpacked|unpacked,[1, 8, 32]
349,23,1,2432,RoPE,elementwise,omega_elementwise_r3_n4_fused_multiply_o0_o1__multiply_o2_o3__subtract_s0_s1,512,unpacked|unpacked|unpacked|unpacked,[1, 16, 32]
350,23,1,2435,RoPE,elementwise,omega_elementwise_r3_n4_fused_multiply_o0_o1__multiply_o2_o3__add_s0_s1,512,unpacked|unpacked|unpacked|unpacked,[1, 16, 32]
351,23,1,2474,cached attention partial,cached_attention,omega_cached_attention_q1_h8_g2_d64_s3c800000_ln9223372036854775808_up0_x4_e1_k1_ds,65536,unpacked|unpacked|unpacked|unpacked|unpacked|unpacked|unpacked|unpacked|unpacked,[1, 8, 2, 64]
352,23,1,2474,cached attention merge,cached_attention,omega_cached_attention_q1_h8_g2_d64_s3c800000_ln9223372036854775808_up0_x4_e1_k1_ds_merge,16384,unpacked|unpacked|unpacked|unpacked|unpacked|unpacked|unpacked|unpacked|unpacked,[1, 8, 2, 64]
353,23,1,2478,matvec Q8_0,keep::reduce fold,omega_reduce_r5_o2_n2_multiply_add_zero_epi2_fused_identity_o2__multiply_s0_o1__add_s1_o0,8192,Q8_0|unpacked,[1, 8, 2, 64, 1024]
354,23,1,2486,RMSNorm sumsq + fused epilogue,keep::reduce fold,omega_reduce_r2_o1_n2_multiply_add_zero_epi4_fused_identity_o4__multiply_s0_o3__add_s1_o2__square_root_s2__reciprocal_s3__multiply_s4_o1__multiply_s5_o0,256,unpacked|unpacked,[1, 1024]
355,23,1,2488,matvec f32,keep::reduce fold,omega_reduce_r3_o2_n2_multiply_add_zero,8192,unpacked|unpacked,[1, 1024, 32]
356,23,1,2494,UNCLASSIFIED omega_moe_topk_e32_k8,moe_topk,omega_moe_topk_e32_k8,32,unpacked,[1]
357,23,1,2498,matvec Q8_0,keep::reduce fold,omega_reduce_r3_o2_n2_multiply_add_zero_g10,4096,Q8_0|unpacked,[1, 1024, 512]
358,23,1,2506,matvec Q8_0,keep::reduce fold,omega_reduce_r3_o2_n2_multiply_add_zero_epi3_fused_identity_o3__negate_o2__exponential_s1__add_s2_o1__reciprocal_s3__multiply_s4_o0__multiply_s0_s5_g10,4096,Q8_0|unpacked,[1, 1024, 512]
359,23,1,2518,matvec Q8_0,keep::reduce fold,omega_reduce_r3_o2_n2_multiply_add_zero_g10,4096,Q8_0|unpacked,[1, 1024, 512]
360,23,1,2526,matvec Q8_0,keep::reduce fold,omega_reduce_r3_o2_n2_multiply_add_zero_epi3_fused_identity_o3__negate_o2__exponential_s1__add_s2_o1__reciprocal_s3__multiply_s4_o0__multiply_s0_s5_g10,4096,Q8_0|unpacked,[1, 1024, 512]
361,23,1,2528,matvec Q8_0,keep::reduce fold,omega_reduce_r3_o2_n2_multiply_add_zero_g10,8192,Q8_0|unpacked,[1, 512, 1024]
362,23,1,2540,matvec Q8_0,keep::reduce fold,omega_reduce_r3_o2_n2_multiply_add_zero_g10,4096,Q8_0|unpacked,[1, 1024, 512]
363,23,1,2548,matvec Q8_0,keep::reduce fold,omega_reduce_r3_o2_n2_multiply_add_zero_epi3_fused_identity_o3__negate_o2__exponential_s1__add_s2_o1__reciprocal_s3__multiply_s4_o0__multiply_s0_s5_g10,4096,Q8_0|unpacked,[1, 1024, 512]
364,23,1,2550,matvec Q8_0,keep::reduce fold,omega_reduce_r3_o2_n2_multiply_add_zero_g10,8192,Q8_0|unpacked,[1, 512, 1024]
365,23,1,2562,matvec Q8_0,keep::reduce fold,omega_reduce_r3_o2_n2_multiply_add_zero_g10,4096,Q8_0|unpacked,[1, 1024, 512]
366,23,1,2570,matvec Q8_0,keep::reduce fold,omega_reduce_r3_o2_n2_multiply_add_zero_epi3_fused_identity_o3__negate_o2__exponential_s1__add_s2_o1__reciprocal_s3__multiply_s4_o0__multiply_s0_s5_g10,4096,Q8_0|unpacked,[1, 1024, 512]
367,23,1,2572,matvec Q8_0,keep::reduce fold,omega_reduce_r3_o2_n2_multiply_add_zero_g10,8192,Q8_0|unpacked,[1, 512, 1024]
368,23,1,2584,matvec Q8_0,keep::reduce fold,omega_reduce_r3_o2_n2_multiply_add_zero_g10,4096,Q8_0|unpacked,[1, 1024, 512]
369,23,1,2592,matvec Q8_0,keep::reduce fold,omega_reduce_r3_o2_n2_multiply_add_zero_epi3_fused_identity_o3__negate_o2__exponential_s1__add_s2_o1__reciprocal_s3__multiply_s4_o0__multiply_s0_s5_g10,4096,Q8_0|unpacked,[1, 1024, 512]
370,23,1,2594,matvec Q8_0,keep::reduce fold,omega_reduce_r3_o2_n2_multiply_add_zero_g10,8192,Q8_0|unpacked,[1, 512, 1024]
371,23,1,2606,matvec Q8_0,keep::reduce fold,omega_reduce_r3_o2_n2_multiply_add_zero_g10,4096,Q8_0|unpacked,[1, 1024, 512]
372,23,1,2614,matvec Q8_0,keep::reduce fold,omega_reduce_r3_o2_n2_multiply_add_zero_epi3_fused_identity_o3__negate_o2__exponential_s1__add_s2_o1__reciprocal_s3__multiply_s4_o0__multiply_s0_s5_g10,4096,Q8_0|unpacked,[1, 1024, 512]
373,23,1,2616,matvec Q8_0,keep::reduce fold,omega_reduce_r3_o2_n2_multiply_add_zero_g10,8192,Q8_0|unpacked,[1, 512, 1024]
374,23,1,2628,matvec Q8_0,keep::reduce fold,omega_reduce_r3_o2_n2_multiply_add_zero_g10,4096,Q8_0|unpacked,[1, 1024, 512]
375,23,1,2636,matvec Q8_0,keep::reduce fold,omega_reduce_r3_o2_n2_multiply_add_zero_epi3_fused_identity_o3__negate_o2__exponential_s1__add_s2_o1__reciprocal_s3__multiply_s4_o0__multiply_s0_s5_g10,4096,Q8_0|unpacked,[1, 1024, 512]
376,23,1,2638,matvec Q8_0,keep::reduce fold,omega_reduce_r3_o2_n2_multiply_add_zero_g10,8192,Q8_0|unpacked,[1, 512, 1024]
377,23,1,2650,matvec Q8_0,keep::reduce fold,omega_reduce_r3_o2_n2_multiply_add_zero_g10,4096,Q8_0|unpacked,[1, 1024, 512]
378,23,1,2658,matvec Q8_0,keep::reduce fold,omega_reduce_r3_o2_n2_multiply_add_zero_epi3_fused_identity_o3__negate_o2__exponential_s1__add_s2_o1__reciprocal_s3__multiply_s4_o0__multiply_s0_s5_g10,4096,Q8_0|unpacked,[1, 1024, 512]
379,23,1,2660,matvec Q8_0,keep::reduce fold,omega_reduce_r3_o2_n2_multiply_add_zero_g10,8192,Q8_0|unpacked,[1, 512, 1024]
380,23,1,2667,matvec Q8_0,keep::reduce fold,omega_reduce_r3_o2_n2_multiply_add_zero_epi25_fused_identity_o25__multiply_s0_o2__multiply_o3_o4__add_s1_s2__multiply_o5_o6__add_s3_s4__multiply_o7_o8__add_s5_s6__multiply_o9_o10__add_s7_s8__multiply_o11_o12__add_s9_s10__multiply_o13_o14__add_s11_s12__multiply_o15_o16__add_s13_s14__add_o17_o18__add_s16_o19__add_s17_o20__add_s18_o21__add_s19_o22__add_s20_o23__add_s21_o24__reciprocal_s22__multiply_s15_s23__multiply_s24_o1__add_s25_o0_g10,8192,Q8_0|unpacked,[1, 512, 1024]
381,23,1,2688,RMSNorm sumsq + fused epilogue,keep::reduce fold,omega_reduce_r2_o1_n2_multiply_add_zero_epi4_fused_identity_o4__multiply_s0_o3__add_s1_o2__square_root_s2__reciprocal_s3__multiply_s4_o1__multiply_s5_o0,256,unpacked|unpacked,[1, 1024]
382,23,1,2694,matvec Q8_0,keep::reduce fold,omega_reduce_r4_o3_n2_multiply_add_zero,4096,Q8_0|unpacked,[1, 8, 64, 1024]
383,23,1,2690,matvec Q8_0,keep::reduce fold,omega_reduce_r4_o3_n2_multiply_add_zero,8192,Q8_0|unpacked,[1, 16, 64, 1024]
384,23,1,2692,matvec Q8_0,keep::reduce fold,omega_reduce_r4_o3_n2_multiply_add_zero,4096,Q8_0|unpacked,[1, 8, 64, 1024]
385,23,1,2706,RoPE,elementwise,omega_elementwise_r3_n4_fused_multiply_o0_o1__multiply_o2_o3__add_s0_s1,256,unpacked|unpacked|unpacked|unpacked,[1, 8, 32]
386,23,1,2703,RoPE,elementwise,omega_elementwise_r3_n4_fused_multiply_o0_o1__multiply_o2_o3__subtract_s0_s1,256,unpacked|unpacked|unpacked|unpacked,[1, 8, 32]
387,23,1,2697,RoPE,elementwise,omega_elementwise_r3_n4_fused_multiply_o0_o1__multiply_o2_o3__subtract_s0_s1,512,unpacked|unpacked|unpacked|unpacked,[1, 16, 32]
388,23,1,2700,RoPE,elementwise,omega_elementwise_r3_n4_fused_multiply_o0_o1__multiply_o2_o3__add_s0_s1,512,unpacked|unpacked|unpacked|unpacked,[1, 16, 32]
389,23,1,2739,cached attention partial,cached_attention,omega_cached_attention_q1_h8_g2_d64_s3c800000_ln9223372036854775808_up0_x4_e1_k1_ds,65536,unpacked|unpacked|unpacked|unpacked|unpacked|unpacked|unpacked|unpacked|unpacked,[1, 8, 2, 64]
390,23,1,2739,cached attention merge,cached_attention,omega_cached_attention_q1_h8_g2_d64_s3c800000_ln9223372036854775808_up0_x4_e1_k1_ds_merge,16384,unpacked|unpacked|unpacked|unpacked|unpacked|unpacked|unpacked|unpacked|unpacked,[1, 8, 2, 64]
391,23,1,2743,matvec Q8_0,keep::reduce fold,omega_reduce_r5_o2_n2_multiply_add_zero_epi2_fused_identity_o2__multiply_s0_o1__add_s1_o0,8192,Q8_0|unpacked,[1, 8, 2, 64, 1024]
392,23,1,2751,RMSNorm sumsq + fused epilogue,keep::reduce fold,omega_reduce_r2_o1_n2_multiply_add_zero_epi4_fused_identity_o4__multiply_s0_o3__add_s1_o2__square_root_s2__reciprocal_s3__multiply_s4_o1__multiply_s5_o0,256,unpacked|unpacked,[1, 1024]
393,23,1,2753,matvec f32,keep::reduce fold,omega_reduce_r3_o2_n2_multiply_add_zero,8192,unpacked|unpacked,[1, 1024, 32]
394,23,1,2759,UNCLASSIFIED omega_moe_topk_e32_k8,moe_topk,omega_moe_topk_e32_k8,32,unpacked,[1]
395,23,1,2763,matvec Q8_0,keep::reduce fold,omega_reduce_r3_o2_n2_multiply_add_zero_g10,4096,Q8_0|unpacked,[1, 1024, 512]
396,23,1,2771,matvec Q8_0,keep::reduce fold,omega_reduce_r3_o2_n2_multiply_add_zero_epi3_fused_identity_o3__negate_o2__exponential_s1__add_s2_o1__reciprocal_s3__multiply_s4_o0__multiply_s0_s5_g10,4096,Q8_0|unpacked,[1, 1024, 512]
397,23,1,2783,matvec Q8_0,keep::reduce fold,omega_reduce_r3_o2_n2_multiply_add_zero_g10,4096,Q8_0|unpacked,[1, 1024, 512]
398,23,1,2791,matvec Q8_0,keep::reduce fold,omega_reduce_r3_o2_n2_multiply_add_zero_epi3_fused_identity_o3__negate_o2__exponential_s1__add_s2_o1__reciprocal_s3__multiply_s4_o0__multiply_s0_s5_g10,4096,Q8_0|unpacked,[1, 1024, 512]
399,23,1,2793,matvec Q8_0,keep::reduce fold,omega_reduce_r3_o2_n2_multiply_add_zero_g10,8192,Q8_0|unpacked,[1, 512, 1024]
400,23,1,2805,matvec Q8_0,keep::reduce fold,omega_reduce_r3_o2_n2_multiply_add_zero_g10,4096,Q8_0|unpacked,[1, 1024, 512]
401,23,1,2813,matvec Q8_0,keep::reduce fold,omega_reduce_r3_o2_n2_multiply_add_zero_epi3_fused_identity_o3__negate_o2__exponential_s1__add_s2_o1__reciprocal_s3__multiply_s4_o0__multiply_s0_s5_g10,4096,Q8_0|unpacked,[1, 1024, 512]
402,23,1,2815,matvec Q8_0,keep::reduce fold,omega_reduce_r3_o2_n2_multiply_add_zero_g10,8192,Q8_0|unpacked,[1, 512, 1024]
403,23,1,2827,matvec Q8_0,keep::reduce fold,omega_reduce_r3_o2_n2_multiply_add_zero_g10,4096,Q8_0|unpacked,[1, 1024, 512]
404,23,1,2835,matvec Q8_0,keep::reduce fold,omega_reduce_r3_o2_n2_multiply_add_zero_epi3_fused_identity_o3__negate_o2__exponential_s1__add_s2_o1__reciprocal_s3__multiply_s4_o0__multiply_s0_s5_g10,4096,Q8_0|unpacked,[1, 1024, 512]
405,23,1,2837,matvec Q8_0,keep::reduce fold,omega_reduce_r3_o2_n2_multiply_add_zero_g10,8192,Q8_0|unpacked,[1, 512, 1024]
406,23,1,2849,matvec Q8_0,keep::reduce fold,omega_reduce_r3_o2_n2_multiply_add_zero_g10,4096,Q8_0|unpacked,[1, 1024, 512]
407,23,1,2857,matvec Q8_0,keep::reduce fold,omega_reduce_r3_o2_n2_multiply_add_zero_epi3_fused_identity_o3__negate_o2__exponential_s1__add_s2_o1__reciprocal_s3__multiply_s4_o0__multiply_s0_s5_g10,4096,Q8_0|unpacked,[1, 1024, 512]
408,23,1,2859,matvec Q8_0,keep::reduce fold,omega_reduce_r3_o2_n2_multiply_add_zero_g10,8192,Q8_0|unpacked,[1, 512, 1024]
409,23,1,2871,matvec Q8_0,keep::reduce fold,omega_reduce_r3_o2_n2_multiply_add_zero_g10,4096,Q8_0|unpacked,[1, 1024, 512]
410,23,1,2879,matvec Q8_0,keep::reduce fold,omega_reduce_r3_o2_n2_multiply_add_zero_epi3_fused_identity_o3__negate_o2__exponential_s1__add_s2_o1__reciprocal_s3__multiply_s4_o0__multiply_s0_s5_g10,4096,Q8_0|unpacked,[1, 1024, 512]
411,23,1,2881,matvec Q8_0,keep::reduce fold,omega_reduce_r3_o2_n2_multiply_add_zero_g10,8192,Q8_0|unpacked,[1, 512, 1024]
412,23,1,2893,matvec Q8_0,keep::reduce fold,omega_reduce_r3_o2_n2_multiply_add_zero_g10,4096,Q8_0|unpacked,[1, 1024, 512]
413,23,1,2901,matvec Q8_0,keep::reduce fold,omega_reduce_r3_o2_n2_multiply_add_zero_epi3_fused_identity_o3__negate_o2__exponential_s1__add_s2_o1__reciprocal_s3__multiply_s4_o0__multiply_s0_s5_g10,4096,Q8_0|unpacked,[1, 1024, 512]
414,23,1,2903,matvec Q8_0,keep::reduce fold,omega_reduce_r3_o2_n2_multiply_add_zero_g10,8192,Q8_0|unpacked,[1, 512, 1024]
415,23,1,2915,matvec Q8_0,keep::reduce fold,omega_reduce_r3_o2_n2_multiply_add_zero_g10,4096,Q8_0|unpacked,[1, 1024, 512]
416,23,1,2923,matvec Q8_0,keep::reduce fold,omega_reduce_r3_o2_n2_multiply_add_zero_epi3_fused_identity_o3__negate_o2__exponential_s1__add_s2_o1__reciprocal_s3__multiply_s4_o0__multiply_s0_s5_g10,4096,Q8_0|unpacked,[1, 1024, 512]
417,23,1,2925,matvec Q8_0,keep::reduce fold,omega_reduce_r3_o2_n2_multiply_add_zero_g10,8192,Q8_0|unpacked,[1, 512, 1024]
418,23,1,2932,matvec Q8_0,keep::reduce fold,omega_reduce_r3_o2_n2_multiply_add_zero_epi25_fused_identity_o25__multiply_s0_o2__multiply_o3_o4__add_s1_s2__multiply_o5_o6__add_s3_s4__multiply_o7_o8__add_s5_s6__multiply_o9_o10__add_s7_s8__multiply_o11_o12__add_s9_s10__multiply_o13_o14__add_s11_s12__multiply_o15_o16__add_s13_s14__add_o17_o18__add_s16_o19__add_s17_o20__add_s18_o21__add_s19_o22__add_s20_o23__add_s21_o24__reciprocal_s22__multiply_s15_s23__multiply_s24_o1__add_s25_o0_g10,8192,Q8_0|unpacked,[1, 512, 1024]
419,23,1,2953,RMSNorm sumsq + fused epilogue,keep::reduce fold,omega_reduce_r2_o1_n2_multiply_add_zero_epi4_fused_identity_o4__multiply_s0_o3__add_s1_o2__square_root_s2__reciprocal_s3__multiply_s4_o1__multiply_s5_o0,256,unpacked|unpacked,[1, 1024]
420,23,1,2959,matvec Q8_0,keep::reduce fold,omega_reduce_r4_o3_n2_multiply_add_zero,4096,Q8_0|unpacked,[1, 8, 64, 1024]
421,23,1,2955,matvec Q8_0,keep::reduce fold,omega_reduce_r4_o3_n2_multiply_add_zero,8192,Q8_0|unpacked,[1, 16, 64, 1024]
422,23,1,2957,matvec Q8_0,keep::reduce fold,omega_reduce_r4_o3_n2_multiply_add_zero,4096,Q8_0|unpacked,[1, 8, 64, 1024]
423,23,1,2971,RoPE,elementwise,omega_elementwise_r3_n4_fused_multiply_o0_o1__multiply_o2_o3__add_s0_s1,256,unpacked|unpacked|unpacked|unpacked,[1, 8, 32]
424,23,1,2968,RoPE,elementwise,omega_elementwise_r3_n4_fused_multiply_o0_o1__multiply_o2_o3__subtract_s0_s1,256,unpacked|unpacked|unpacked|unpacked,[1, 8, 32]
425,23,1,2962,RoPE,elementwise,omega_elementwise_r3_n4_fused_multiply_o0_o1__multiply_o2_o3__subtract_s0_s1,512,unpacked|unpacked|unpacked|unpacked,[1, 16, 32]
426,23,1,2965,RoPE,elementwise,omega_elementwise_r3_n4_fused_multiply_o0_o1__multiply_o2_o3__add_s0_s1,512,unpacked|unpacked|unpacked|unpacked,[1, 16, 32]
427,23,1,3004,cached attention partial,cached_attention,omega_cached_attention_q1_h8_g2_d64_s3c800000_ln9223372036854775808_up0_x4_e1_k1_ds,65536,unpacked|unpacked|unpacked|unpacked|unpacked|unpacked|unpacked|unpacked|unpacked,[1, 8, 2, 64]
428,23,1,3004,cached attention merge,cached_attention,omega_cached_attention_q1_h8_g2_d64_s3c800000_ln9223372036854775808_up0_x4_e1_k1_ds_merge,16384,unpacked|unpacked|unpacked|unpacked|unpacked|unpacked|unpacked|unpacked|unpacked,[1, 8, 2, 64]
429,23,1,3008,matvec Q8_0,keep::reduce fold,omega_reduce_r5_o2_n2_multiply_add_zero_epi2_fused_identity_o2__multiply_s0_o1__add_s1_o0,8192,Q8_0|unpacked,[1, 8, 2, 64, 1024]
430,23,1,3016,RMSNorm sumsq + fused epilogue,keep::reduce fold,omega_reduce_r2_o1_n2_multiply_add_zero_epi4_fused_identity_o4__multiply_s0_o3__add_s1_o2__square_root_s2__reciprocal_s3__multiply_s4_o1__multiply_s5_o0,256,unpacked|unpacked,[1, 1024]
431,23,1,3018,matvec f32,keep::reduce fold,omega_reduce_r3_o2_n2_multiply_add_zero,8192,unpacked|unpacked,[1, 1024, 32]
432,23,1,3024,UNCLASSIFIED omega_moe_topk_e32_k8,moe_topk,omega_moe_topk_e32_k8,32,unpacked,[1]
433,23,1,3028,matvec Q8_0,keep::reduce fold,omega_reduce_r3_o2_n2_multiply_add_zero_g10,4096,Q8_0|unpacked,[1, 1024, 512]
434,23,1,3036,matvec Q8_0,keep::reduce fold,omega_reduce_r3_o2_n2_multiply_add_zero_epi3_fused_identity_o3__negate_o2__exponential_s1__add_s2_o1__reciprocal_s3__multiply_s4_o0__multiply_s0_s5_g10,4096,Q8_0|unpacked,[1, 1024, 512]
435,23,1,3048,matvec Q8_0,keep::reduce fold,omega_reduce_r3_o2_n2_multiply_add_zero_g10,4096,Q8_0|unpacked,[1, 1024, 512]
436,23,1,3056,matvec Q8_0,keep::reduce fold,omega_reduce_r3_o2_n2_multiply_add_zero_epi3_fused_identity_o3__negate_o2__exponential_s1__add_s2_o1__reciprocal_s3__multiply_s4_o0__multiply_s0_s5_g10,4096,Q8_0|unpacked,[1, 1024, 512]
437,23,1,3058,matvec Q8_0,keep::reduce fold,omega_reduce_r3_o2_n2_multiply_add_zero_g10,8192,Q8_0|unpacked,[1, 512, 1024]
438,23,1,3070,matvec Q8_0,keep::reduce fold,omega_reduce_r3_o2_n2_multiply_add_zero_g10,4096,Q8_0|unpacked,[1, 1024, 512]
439,23,1,3078,matvec Q8_0,keep::reduce fold,omega_reduce_r3_o2_n2_multiply_add_zero_epi3_fused_identity_o3__negate_o2__exponential_s1__add_s2_o1__reciprocal_s3__multiply_s4_o0__multiply_s0_s5_g10,4096,Q8_0|unpacked,[1, 1024, 512]
440,23,1,3080,matvec Q8_0,keep::reduce fold,omega_reduce_r3_o2_n2_multiply_add_zero_g10,8192,Q8_0|unpacked,[1, 512, 1024]
441,23,1,3092,matvec Q8_0,keep::reduce fold,omega_reduce_r3_o2_n2_multiply_add_zero_g10,4096,Q8_0|unpacked,[1, 1024, 512]
442,23,1,3100,matvec Q8_0,keep::reduce fold,omega_reduce_r3_o2_n2_multiply_add_zero_epi3_fused_identity_o3__negate_o2__exponential_s1__add_s2_o1__reciprocal_s3__multiply_s4_o0__multiply_s0_s5_g10,4096,Q8_0|unpacked,[1, 1024, 512]
443,23,1,3102,matvec Q8_0,keep::reduce fold,omega_reduce_r3_o2_n2_multiply_add_zero_g10,8192,Q8_0|unpacked,[1, 512, 1024]
444,23,1,3114,matvec Q8_0,keep::reduce fold,omega_reduce_r3_o2_n2_multiply_add_zero_g10,4096,Q8_0|unpacked,[1, 1024, 512]
445,23,1,3122,matvec Q8_0,keep::reduce fold,omega_reduce_r3_o2_n2_multiply_add_zero_epi3_fused_identity_o3__negate_o2__exponential_s1__add_s2_o1__reciprocal_s3__multiply_s4_o0__multiply_s0_s5_g10,4096,Q8_0|unpacked,[1, 1024, 512]
446,23,1,3124,matvec Q8_0,keep::reduce fold,omega_reduce_r3_o2_n2_multiply_add_zero_g10,8192,Q8_0|unpacked,[1, 512, 1024]
447,23,1,3136,matvec Q8_0,keep::reduce fold,omega_reduce_r3_o2_n2_multiply_add_zero_g10,4096,Q8_0|unpacked,[1, 1024, 512]
448,23,1,3144,matvec Q8_0,keep::reduce fold,omega_reduce_r3_o2_n2_multiply_add_zero_epi3_fused_identity_o3__negate_o2__exponential_s1__add_s2_o1__reciprocal_s3__multiply_s4_o0__multiply_s0_s5_g10,4096,Q8_0|unpacked,[1, 1024, 512]
449,23,1,3146,matvec Q8_0,keep::reduce fold,omega_reduce_r3_o2_n2_multiply_add_zero_g10,8192,Q8_0|unpacked,[1, 512, 1024]
450,23,1,3158,matvec Q8_0,keep::reduce fold,omega_reduce_r3_o2_n2_multiply_add_zero_g10,4096,Q8_0|unpacked,[1, 1024, 512]
451,23,1,3166,matvec Q8_0,keep::reduce fold,omega_reduce_r3_o2_n2_multiply_add_zero_epi3_fused_identity_o3__negate_o2__exponential_s1__add_s2_o1__reciprocal_s3__multiply_s4_o0__multiply_s0_s5_g10,4096,Q8_0|unpacked,[1, 1024, 512]
452,23,1,3168,matvec Q8_0,keep::reduce fold,omega_reduce_r3_o2_n2_multiply_add_zero_g10,8192,Q8_0|unpacked,[1, 512, 1024]
453,23,1,3180,matvec Q8_0,keep::reduce fold,omega_reduce_r3_o2_n2_multiply_add_zero_g10,4096,Q8_0|unpacked,[1, 1024, 512]
454,23,1,3188,matvec Q8_0,keep::reduce fold,omega_reduce_r3_o2_n2_multiply_add_zero_epi3_fused_identity_o3__negate_o2__exponential_s1__add_s2_o1__reciprocal_s3__multiply_s4_o0__multiply_s0_s5_g10,4096,Q8_0|unpacked,[1, 1024, 512]
455,23,1,3190,matvec Q8_0,keep::reduce fold,omega_reduce_r3_o2_n2_multiply_add_zero_g10,8192,Q8_0|unpacked,[1, 512, 1024]
456,23,1,3197,matvec Q8_0,keep::reduce fold,omega_reduce_r3_o2_n2_multiply_add_zero_epi25_fused_identity_o25__multiply_s0_o2__multiply_o3_o4__add_s1_s2__multiply_o5_o6__add_s3_s4__multiply_o7_o8__add_s5_s6__multiply_o9_o10__add_s7_s8__multiply_o11_o12__add_s9_s10__multiply_o13_o14__add_s11_s12__multiply_o15_o16__add_s13_s14__add_o17_o18__add_s16_o19__add_s17_o20__add_s18_o21__add_s19_o22__add_s20_o23__add_s21_o24__reciprocal_s22__multiply_s15_s23__multiply_s24_o1__add_s25_o0_g10,8192,Q8_0|unpacked,[1, 512, 1024]
457,23,1,3218,RMSNorm sumsq + fused epilogue,keep::reduce fold,omega_reduce_r2_o1_n2_multiply_add_zero_epi4_fused_identity_o4__multiply_s0_o3__add_s1_o2__square_root_s2__reciprocal_s3__multiply_s4_o1__multiply_s5_o0,256,unpacked|unpacked,[1, 1024]
458,23,1,3224,matvec Q8_0,keep::reduce fold,omega_reduce_r4_o3_n2_multiply_add_zero,4096,Q8_0|unpacked,[1, 8, 64, 1024]
459,23,1,3220,matvec Q8_0,keep::reduce fold,omega_reduce_r4_o3_n2_multiply_add_zero,8192,Q8_0|unpacked,[1, 16, 64, 1024]
460,23,1,3222,matvec Q8_0,keep::reduce fold,omega_reduce_r4_o3_n2_multiply_add_zero,4096,Q8_0|unpacked,[1, 8, 64, 1024]
461,23,1,3236,RoPE,elementwise,omega_elementwise_r3_n4_fused_multiply_o0_o1__multiply_o2_o3__add_s0_s1,256,unpacked|unpacked|unpacked|unpacked,[1, 8, 32]
462,23,1,3233,RoPE,elementwise,omega_elementwise_r3_n4_fused_multiply_o0_o1__multiply_o2_o3__subtract_s0_s1,256,unpacked|unpacked|unpacked|unpacked,[1, 8, 32]
463,23,1,3227,RoPE,elementwise,omega_elementwise_r3_n4_fused_multiply_o0_o1__multiply_o2_o3__subtract_s0_s1,512,unpacked|unpacked|unpacked|unpacked,[1, 16, 32]
464,23,1,3230,RoPE,elementwise,omega_elementwise_r3_n4_fused_multiply_o0_o1__multiply_o2_o3__add_s0_s1,512,unpacked|unpacked|unpacked|unpacked,[1, 16, 32]
465,23,1,3269,cached attention partial,cached_attention,omega_cached_attention_q1_h8_g2_d64_s3c800000_ln9223372036854775808_up0_x4_e1_k1_ds,65536,unpacked|unpacked|unpacked|unpacked|unpacked|unpacked|unpacked|unpacked|unpacked,[1, 8, 2, 64]
466,23,1,3269,cached attention merge,cached_attention,omega_cached_attention_q1_h8_g2_d64_s3c800000_ln9223372036854775808_up0_x4_e1_k1_ds_merge,16384,unpacked|unpacked|unpacked|unpacked|unpacked|unpacked|unpacked|unpacked|unpacked,[1, 8, 2, 64]
467,23,1,3273,matvec Q8_0,keep::reduce fold,omega_reduce_r5_o2_n2_multiply_add_zero_epi2_fused_identity_o2__multiply_s0_o1__add_s1_o0,8192,Q8_0|unpacked,[1, 8, 2, 64, 1024]
468,23,1,3281,RMSNorm sumsq + fused epilogue,keep::reduce fold,omega_reduce_r2_o1_n2_multiply_add_zero_epi4_fused_identity_o4__multiply_s0_o3__add_s1_o2__square_root_s2__reciprocal_s3__multiply_s4_o1__multiply_s5_o0,256,unpacked|unpacked,[1, 1024]
469,23,1,3283,matvec f32,keep::reduce fold,omega_reduce_r3_o2_n2_multiply_add_zero,8192,unpacked|unpacked,[1, 1024, 32]
470,23,1,3289,UNCLASSIFIED omega_moe_topk_e32_k8,moe_topk,omega_moe_topk_e32_k8,32,unpacked,[1]
471,23,1,3293,matvec Q8_0,keep::reduce fold,omega_reduce_r3_o2_n2_multiply_add_zero_g10,4096,Q8_0|unpacked,[1, 1024, 512]
472,23,1,3301,matvec Q8_0,keep::reduce fold,omega_reduce_r3_o2_n2_multiply_add_zero_epi3_fused_identity_o3__negate_o2__exponential_s1__add_s2_o1__reciprocal_s3__multiply_s4_o0__multiply_s0_s5_g10,4096,Q8_0|unpacked,[1, 1024, 512]
473,23,1,3313,matvec Q8_0,keep::reduce fold,omega_reduce_r3_o2_n2_multiply_add_zero_g10,4096,Q8_0|unpacked,[1, 1024, 512]
474,23,1,3321,matvec Q8_0,keep::reduce fold,omega_reduce_r3_o2_n2_multiply_add_zero_epi3_fused_identity_o3__negate_o2__exponential_s1__add_s2_o1__reciprocal_s3__multiply_s4_o0__multiply_s0_s5_g10,4096,Q8_0|unpacked,[1, 1024, 512]
475,23,1,3323,matvec Q8_0,keep::reduce fold,omega_reduce_r3_o2_n2_multiply_add_zero_g10,8192,Q8_0|unpacked,[1, 512, 1024]
476,23,1,3335,matvec Q8_0,keep::reduce fold,omega_reduce_r3_o2_n2_multiply_add_zero_g10,4096,Q8_0|unpacked,[1, 1024, 512]
477,23,1,3343,matvec Q8_0,keep::reduce fold,omega_reduce_r3_o2_n2_multiply_add_zero_epi3_fused_identity_o3__negate_o2__exponential_s1__add_s2_o1__reciprocal_s3__multiply_s4_o0__multiply_s0_s5_g10,4096,Q8_0|unpacked,[1, 1024, 512]
478,23,1,3345,matvec Q8_0,keep::reduce fold,omega_reduce_r3_o2_n2_multiply_add_zero_g10,8192,Q8_0|unpacked,[1, 512, 1024]
479,23,1,3357,matvec Q8_0,keep::reduce fold,omega_reduce_r3_o2_n2_multiply_add_zero_g10,4096,Q8_0|unpacked,[1, 1024, 512]
480,23,1,3365,matvec Q8_0,keep::reduce fold,omega_reduce_r3_o2_n2_multiply_add_zero_epi3_fused_identity_o3__negate_o2__exponential_s1__add_s2_o1__reciprocal_s3__multiply_s4_o0__multiply_s0_s5_g10,4096,Q8_0|unpacked,[1, 1024, 512]
481,23,1,3367,matvec Q8_0,keep::reduce fold,omega_reduce_r3_o2_n2_multiply_add_zero_g10,8192,Q8_0|unpacked,[1, 512, 1024]
482,23,1,3379,matvec Q8_0,keep::reduce fold,omega_reduce_r3_o2_n2_multiply_add_zero_g10,4096,Q8_0|unpacked,[1, 1024, 512]
483,23,1,3387,matvec Q8_0,keep::reduce fold,omega_reduce_r3_o2_n2_multiply_add_zero_epi3_fused_identity_o3__negate_o2__exponential_s1__add_s2_o1__reciprocal_s3__multiply_s4_o0__multiply_s0_s5_g10,4096,Q8_0|unpacked,[1, 1024, 512]
484,23,1,3389,matvec Q8_0,keep::reduce fold,omega_reduce_r3_o2_n2_multiply_add_zero_g10,8192,Q8_0|unpacked,[1, 512, 1024]
485,23,1,3401,matvec Q8_0,keep::reduce fold,omega_reduce_r3_o2_n2_multiply_add_zero_g10,4096,Q8_0|unpacked,[1, 1024, 512]
486,23,1,3409,matvec Q8_0,keep::reduce fold,omega_reduce_r3_o2_n2_multiply_add_zero_epi3_fused_identity_o3__negate_o2__exponential_s1__add_s2_o1__reciprocal_s3__multiply_s4_o0__multiply_s0_s5_g10,4096,Q8_0|unpacked,[1, 1024, 512]
487,23,1,3411,matvec Q8_0,keep::reduce fold,omega_reduce_r3_o2_n2_multiply_add_zero_g10,8192,Q8_0|unpacked,[1, 512, 1024]
488,23,1,3423,matvec Q8_0,keep::reduce fold,omega_reduce_r3_o2_n2_multiply_add_zero_g10,4096,Q8_0|unpacked,[1, 1024, 512]
489,23,1,3431,matvec Q8_0,keep::reduce fold,omega_reduce_r3_o2_n2_multiply_add_zero_epi3_fused_identity_o3__negate_o2__exponential_s1__add_s2_o1__reciprocal_s3__multiply_s4_o0__multiply_s0_s5_g10,4096,Q8_0|unpacked,[1, 1024, 512]
490,23,1,3433,matvec Q8_0,keep::reduce fold,omega_reduce_r3_o2_n2_multiply_add_zero_g10,8192,Q8_0|unpacked,[1, 512, 1024]
491,23,1,3445,matvec Q8_0,keep::reduce fold,omega_reduce_r3_o2_n2_multiply_add_zero_g10,4096,Q8_0|unpacked,[1, 1024, 512]
492,23,1,3453,matvec Q8_0,keep::reduce fold,omega_reduce_r3_o2_n2_multiply_add_zero_epi3_fused_identity_o3__negate_o2__exponential_s1__add_s2_o1__reciprocal_s3__multiply_s4_o0__multiply_s0_s5_g10,4096,Q8_0|unpacked,[1, 1024, 512]
493,23,1,3455,matvec Q8_0,keep::reduce fold,omega_reduce_r3_o2_n2_multiply_add_zero_g10,8192,Q8_0|unpacked,[1, 512, 1024]
494,23,1,3462,matvec Q8_0,keep::reduce fold,omega_reduce_r3_o2_n2_multiply_add_zero_epi25_fused_identity_o25__multiply_s0_o2__multiply_o3_o4__add_s1_s2__multiply_o5_o6__add_s3_s4__multiply_o7_o8__add_s5_s6__multiply_o9_o10__add_s7_s8__multiply_o11_o12__add_s9_s10__multiply_o13_o14__add_s11_s12__multiply_o15_o16__add_s13_s14__add_o17_o18__add_s16_o19__add_s17_o20__add_s18_o21__add_s19_o22__add_s20_o23__add_s21_o24__reciprocal_s22__multiply_s15_s23__multiply_s24_o1__add_s25_o0_g10,8192,Q8_0|unpacked,[1, 512, 1024]
495,23,1,3483,RMSNorm sumsq + fused epilogue,keep::reduce fold,omega_reduce_r2_o1_n2_multiply_add_zero_epi4_fused_identity_o4__multiply_s0_o3__add_s1_o2__square_root_s2__reciprocal_s3__multiply_s4_o1__multiply_s5_o0,256,unpacked|unpacked,[1, 1024]
496,23,1,3489,matvec Q8_0,keep::reduce fold,omega_reduce_r4_o3_n2_multiply_add_zero,4096,Q8_0|unpacked,[1, 8, 64, 1024]
497,23,1,3485,matvec Q8_0,keep::reduce fold,omega_reduce_r4_o3_n2_multiply_add_zero,8192,Q8_0|unpacked,[1, 16, 64, 1024]
498,23,1,3487,matvec Q8_0,keep::reduce fold,omega_reduce_r4_o3_n2_multiply_add_zero,4096,Q8_0|unpacked,[1, 8, 64, 1024]
499,23,1,3501,RoPE,elementwise,omega_elementwise_r3_n4_fused_multiply_o0_o1__multiply_o2_o3__add_s0_s1,256,unpacked|unpacked|unpacked|unpacked,[1, 8, 32]
500,23,1,3498,RoPE,elementwise,omega_elementwise_r3_n4_fused_multiply_o0_o1__multiply_o2_o3__subtract_s0_s1,256,unpacked|unpacked|unpacked|unpacked,[1, 8, 32]
501,23,1,3492,RoPE,elementwise,omega_elementwise_r3_n4_fused_multiply_o0_o1__multiply_o2_o3__subtract_s0_s1,512,unpacked|unpacked|unpacked|unpacked,[1, 16, 32]
502,23,1,3495,RoPE,elementwise,omega_elementwise_r3_n4_fused_multiply_o0_o1__multiply_o2_o3__add_s0_s1,512,unpacked|unpacked|unpacked|unpacked,[1, 16, 32]
503,23,1,3534,cached attention partial,cached_attention,omega_cached_attention_q1_h8_g2_d64_s3c800000_ln9223372036854775808_up0_x4_e1_k1_ds,65536,unpacked|unpacked|unpacked|unpacked|unpacked|unpacked|unpacked|unpacked|unpacked,[1, 8, 2, 64]
504,23,1,3534,cached attention merge,cached_attention,omega_cached_attention_q1_h8_g2_d64_s3c800000_ln9223372036854775808_up0_x4_e1_k1_ds_merge,16384,unpacked|unpacked|unpacked|unpacked|unpacked|unpacked|unpacked|unpacked|unpacked,[1, 8, 2, 64]
505,23,1,3538,matvec Q8_0,keep::reduce fold,omega_reduce_r5_o2_n2_multiply_add_zero_epi2_fused_identity_o2__multiply_s0_o1__add_s1_o0,8192,Q8_0|unpacked,[1, 8, 2, 64, 1024]
506,23,1,3546,RMSNorm sumsq + fused epilogue,keep::reduce fold,omega_reduce_r2_o1_n2_multiply_add_zero_epi4_fused_identity_o4__multiply_s0_o3__add_s1_o2__square_root_s2__reciprocal_s3__multiply_s4_o1__multiply_s5_o0,256,unpacked|unpacked,[1, 1024]
507,23,1,3548,matvec f32,keep::reduce fold,omega_reduce_r3_o2_n2_multiply_add_zero,8192,unpacked|unpacked,[1, 1024, 32]
508,23,1,3554,UNCLASSIFIED omega_moe_topk_e32_k8,moe_topk,omega_moe_topk_e32_k8,32,unpacked,[1]
509,23,1,3558,matvec Q8_0,keep::reduce fold,omega_reduce_r3_o2_n2_multiply_add_zero_g10,4096,Q8_0|unpacked,[1, 1024, 512]
510,23,1,3566,matvec Q8_0,keep::reduce fold,omega_reduce_r3_o2_n2_multiply_add_zero_epi3_fused_identity_o3__negate_o2__exponential_s1__add_s2_o1__reciprocal_s3__multiply_s4_o0__multiply_s0_s5_g10,4096,Q8_0|unpacked,[1, 1024, 512]
511,23,1,3578,matvec Q8_0,keep::reduce fold,omega_reduce_r3_o2_n2_multiply_add_zero_g10,4096,Q8_0|unpacked,[1, 1024, 512]
512,23,1,3586,matvec Q8_0,keep::reduce fold,omega_reduce_r3_o2_n2_multiply_add_zero_epi3_fused_identity_o3__negate_o2__exponential_s1__add_s2_o1__reciprocal_s3__multiply_s4_o0__multiply_s0_s5_g10,4096,Q8_0|unpacked,[1, 1024, 512]
513,23,1,3588,matvec Q8_0,keep::reduce fold,omega_reduce_r3_o2_n2_multiply_add_zero_g10,8192,Q8_0|unpacked,[1, 512, 1024]
514,23,1,3600,matvec Q8_0,keep::reduce fold,omega_reduce_r3_o2_n2_multiply_add_zero_g10,4096,Q8_0|unpacked,[1, 1024, 512]
515,23,1,3608,matvec Q8_0,keep::reduce fold,omega_reduce_r3_o2_n2_multiply_add_zero_epi3_fused_identity_o3__negate_o2__exponential_s1__add_s2_o1__reciprocal_s3__multiply_s4_o0__multiply_s0_s5_g10,4096,Q8_0|unpacked,[1, 1024, 512]
516,23,1,3610,matvec Q8_0,keep::reduce fold,omega_reduce_r3_o2_n2_multiply_add_zero_g10,8192,Q8_0|unpacked,[1, 512, 1024]
517,23,1,3622,matvec Q8_0,keep::reduce fold,omega_reduce_r3_o2_n2_multiply_add_zero_g10,4096,Q8_0|unpacked,[1, 1024, 512]
518,23,1,3630,matvec Q8_0,keep::reduce fold,omega_reduce_r3_o2_n2_multiply_add_zero_epi3_fused_identity_o3__negate_o2__exponential_s1__add_s2_o1__reciprocal_s3__multiply_s4_o0__multiply_s0_s5_g10,4096,Q8_0|unpacked,[1, 1024, 512]
519,23,1,3632,matvec Q8_0,keep::reduce fold,omega_reduce_r3_o2_n2_multiply_add_zero_g10,8192,Q8_0|unpacked,[1, 512, 1024]
520,23,1,3644,matvec Q8_0,keep::reduce fold,omega_reduce_r3_o2_n2_multiply_add_zero_g10,4096,Q8_0|unpacked,[1, 1024, 512]
521,23,1,3652,matvec Q8_0,keep::reduce fold,omega_reduce_r3_o2_n2_multiply_add_zero_epi3_fused_identity_o3__negate_o2__exponential_s1__add_s2_o1__reciprocal_s3__multiply_s4_o0__multiply_s0_s5_g10,4096,Q8_0|unpacked,[1, 1024, 512]
522,23,1,3654,matvec Q8_0,keep::reduce fold,omega_reduce_r3_o2_n2_multiply_add_zero_g10,8192,Q8_0|unpacked,[1, 512, 1024]
523,23,1,3666,matvec Q8_0,keep::reduce fold,omega_reduce_r3_o2_n2_multiply_add_zero_g10,4096,Q8_0|unpacked,[1, 1024, 512]
524,23,1,3674,matvec Q8_0,keep::reduce fold,omega_reduce_r3_o2_n2_multiply_add_zero_epi3_fused_identity_o3__negate_o2__exponential_s1__add_s2_o1__reciprocal_s3__multiply_s4_o0__multiply_s0_s5_g10,4096,Q8_0|unpacked,[1, 1024, 512]
525,23,1,3676,matvec Q8_0,keep::reduce fold,omega_reduce_r3_o2_n2_multiply_add_zero_g10,8192,Q8_0|unpacked,[1, 512, 1024]
526,23,1,3688,matvec Q8_0,keep::reduce fold,omega_reduce_r3_o2_n2_multiply_add_zero_g10,4096,Q8_0|unpacked,[1, 1024, 512]
527,23,1,3696,matvec Q8_0,keep::reduce fold,omega_reduce_r3_o2_n2_multiply_add_zero_epi3_fused_identity_o3__negate_o2__exponential_s1__add_s2_o1__reciprocal_s3__multiply_s4_o0__multiply_s0_s5_g10,4096,Q8_0|unpacked,[1, 1024, 512]
528,23,1,3698,matvec Q8_0,keep::reduce fold,omega_reduce_r3_o2_n2_multiply_add_zero_g10,8192,Q8_0|unpacked,[1, 512, 1024]
529,23,1,3710,matvec Q8_0,keep::reduce fold,omega_reduce_r3_o2_n2_multiply_add_zero_g10,4096,Q8_0|unpacked,[1, 1024, 512]
530,23,1,3718,matvec Q8_0,keep::reduce fold,omega_reduce_r3_o2_n2_multiply_add_zero_epi3_fused_identity_o3__negate_o2__exponential_s1__add_s2_o1__reciprocal_s3__multiply_s4_o0__multiply_s0_s5_g10,4096,Q8_0|unpacked,[1, 1024, 512]
531,23,1,3720,matvec Q8_0,keep::reduce fold,omega_reduce_r3_o2_n2_multiply_add_zero_g10,8192,Q8_0|unpacked,[1, 512, 1024]
532,23,1,3727,matvec Q8_0,keep::reduce fold,omega_reduce_r3_o2_n2_multiply_add_zero_epi25_fused_identity_o25__multiply_s0_o2__multiply_o3_o4__add_s1_s2__multiply_o5_o6__add_s3_s4__multiply_o7_o8__add_s5_s6__multiply_o9_o10__add_s7_s8__multiply_o11_o12__add_s9_s10__multiply_o13_o14__add_s11_s12__multiply_o15_o16__add_s13_s14__add_o17_o18__add_s16_o19__add_s17_o20__add_s18_o21__add_s19_o22__add_s20_o23__add_s21_o24__reciprocal_s22__multiply_s15_s23__multiply_s24_o1__add_s25_o0_g10,8192,Q8_0|unpacked,[1, 512, 1024]
533,23,1,3748,RMSNorm sumsq + fused epilogue,keep::reduce fold,omega_reduce_r2_o1_n2_multiply_add_zero_epi4_fused_identity_o4__multiply_s0_o3__add_s1_o2__square_root_s2__reciprocal_s3__multiply_s4_o1__multiply_s5_o0,256,unpacked|unpacked,[1, 1024]
534,23,1,3754,matvec Q8_0,keep::reduce fold,omega_reduce_r4_o3_n2_multiply_add_zero,4096,Q8_0|unpacked,[1, 8, 64, 1024]
535,23,1,3750,matvec Q8_0,keep::reduce fold,omega_reduce_r4_o3_n2_multiply_add_zero,8192,Q8_0|unpacked,[1, 16, 64, 1024]
536,23,1,3752,matvec Q8_0,keep::reduce fold,omega_reduce_r4_o3_n2_multiply_add_zero,4096,Q8_0|unpacked,[1, 8, 64, 1024]
537,23,1,3766,RoPE,elementwise,omega_elementwise_r3_n4_fused_multiply_o0_o1__multiply_o2_o3__add_s0_s1,256,unpacked|unpacked|unpacked|unpacked,[1, 8, 32]
538,23,1,3763,RoPE,elementwise,omega_elementwise_r3_n4_fused_multiply_o0_o1__multiply_o2_o3__subtract_s0_s1,256,unpacked|unpacked|unpacked|unpacked,[1, 8, 32]
539,23,1,3757,RoPE,elementwise,omega_elementwise_r3_n4_fused_multiply_o0_o1__multiply_o2_o3__subtract_s0_s1,512,unpacked|unpacked|unpacked|unpacked,[1, 16, 32]
540,23,1,3760,RoPE,elementwise,omega_elementwise_r3_n4_fused_multiply_o0_o1__multiply_o2_o3__add_s0_s1,512,unpacked|unpacked|unpacked|unpacked,[1, 16, 32]
541,23,1,3799,cached attention partial,cached_attention,omega_cached_attention_q1_h8_g2_d64_s3c800000_ln9223372036854775808_up0_x4_e1_k1_ds,65536,unpacked|unpacked|unpacked|unpacked|unpacked|unpacked|unpacked|unpacked|unpacked,[1, 8, 2, 64]
542,23,1,3799,cached attention merge,cached_attention,omega_cached_attention_q1_h8_g2_d64_s3c800000_ln9223372036854775808_up0_x4_e1_k1_ds_merge,16384,unpacked|unpacked|unpacked|unpacked|unpacked|unpacked|unpacked|unpacked|unpacked,[1, 8, 2, 64]
543,23,1,3803,matvec Q8_0,keep::reduce fold,omega_reduce_r5_o2_n2_multiply_add_zero_epi2_fused_identity_o2__multiply_s0_o1__add_s1_o0,8192,Q8_0|unpacked,[1, 8, 2, 64, 1024]
544,23,1,3811,RMSNorm sumsq + fused epilogue,keep::reduce fold,omega_reduce_r2_o1_n2_multiply_add_zero_epi4_fused_identity_o4__multiply_s0_o3__add_s1_o2__square_root_s2__reciprocal_s3__multiply_s4_o1__multiply_s5_o0,256,unpacked|unpacked,[1, 1024]
545,23,1,3813,matvec f32,keep::reduce fold,omega_reduce_r3_o2_n2_multiply_add_zero,8192,unpacked|unpacked,[1, 1024, 32]
546,23,1,3819,UNCLASSIFIED omega_moe_topk_e32_k8,moe_topk,omega_moe_topk_e32_k8,32,unpacked,[1]
547,23,1,3823,matvec Q8_0,keep::reduce fold,omega_reduce_r3_o2_n2_multiply_add_zero_g10,4096,Q8_0|unpacked,[1, 1024, 512]
548,23,1,3831,matvec Q8_0,keep::reduce fold,omega_reduce_r3_o2_n2_multiply_add_zero_epi3_fused_identity_o3__negate_o2__exponential_s1__add_s2_o1__reciprocal_s3__multiply_s4_o0__multiply_s0_s5_g10,4096,Q8_0|unpacked,[1, 1024, 512]
549,23,1,3843,matvec Q8_0,keep::reduce fold,omega_reduce_r3_o2_n2_multiply_add_zero_g10,4096,Q8_0|unpacked,[1, 1024, 512]
550,23,1,3851,matvec Q8_0,keep::reduce fold,omega_reduce_r3_o2_n2_multiply_add_zero_epi3_fused_identity_o3__negate_o2__exponential_s1__add_s2_o1__reciprocal_s3__multiply_s4_o0__multiply_s0_s5_g10,4096,Q8_0|unpacked,[1, 1024, 512]
551,23,1,3853,matvec Q8_0,keep::reduce fold,omega_reduce_r3_o2_n2_multiply_add_zero_g10,8192,Q8_0|unpacked,[1, 512, 1024]
552,23,1,3865,matvec Q8_0,keep::reduce fold,omega_reduce_r3_o2_n2_multiply_add_zero_g10,4096,Q8_0|unpacked,[1, 1024, 512]
553,23,1,3873,matvec Q8_0,keep::reduce fold,omega_reduce_r3_o2_n2_multiply_add_zero_epi3_fused_identity_o3__negate_o2__exponential_s1__add_s2_o1__reciprocal_s3__multiply_s4_o0__multiply_s0_s5_g10,4096,Q8_0|unpacked,[1, 1024, 512]
554,23,1,3875,matvec Q8_0,keep::reduce fold,omega_reduce_r3_o2_n2_multiply_add_zero_g10,8192,Q8_0|unpacked,[1, 512, 1024]
555,23,1,3887,matvec Q8_0,keep::reduce fold,omega_reduce_r3_o2_n2_multiply_add_zero_g10,4096,Q8_0|unpacked,[1, 1024, 512]
556,23,1,3895,matvec Q8_0,keep::reduce fold,omega_reduce_r3_o2_n2_multiply_add_zero_epi3_fused_identity_o3__negate_o2__exponential_s1__add_s2_o1__reciprocal_s3__multiply_s4_o0__multiply_s0_s5_g10,4096,Q8_0|unpacked,[1, 1024, 512]
557,23,1,3897,matvec Q8_0,keep::reduce fold,omega_reduce_r3_o2_n2_multiply_add_zero_g10,8192,Q8_0|unpacked,[1, 512, 1024]
558,23,1,3909,matvec Q8_0,keep::reduce fold,omega_reduce_r3_o2_n2_multiply_add_zero_g10,4096,Q8_0|unpacked,[1, 1024, 512]
559,23,1,3917,matvec Q8_0,keep::reduce fold,omega_reduce_r3_o2_n2_multiply_add_zero_epi3_fused_identity_o3__negate_o2__exponential_s1__add_s2_o1__reciprocal_s3__multiply_s4_o0__multiply_s0_s5_g10,4096,Q8_0|unpacked,[1, 1024, 512]
560,23,1,3919,matvec Q8_0,keep::reduce fold,omega_reduce_r3_o2_n2_multiply_add_zero_g10,8192,Q8_0|unpacked,[1, 512, 1024]
561,23,1,3931,matvec Q8_0,keep::reduce fold,omega_reduce_r3_o2_n2_multiply_add_zero_g10,4096,Q8_0|unpacked,[1, 1024, 512]
562,23,1,3939,matvec Q8_0,keep::reduce fold,omega_reduce_r3_o2_n2_multiply_add_zero_epi3_fused_identity_o3__negate_o2__exponential_s1__add_s2_o1__reciprocal_s3__multiply_s4_o0__multiply_s0_s5_g10,4096,Q8_0|unpacked,[1, 1024, 512]
563,23,1,3941,matvec Q8_0,keep::reduce fold,omega_reduce_r3_o2_n2_multiply_add_zero_g10,8192,Q8_0|unpacked,[1, 512, 1024]
564,23,1,3953,matvec Q8_0,keep::reduce fold,omega_reduce_r3_o2_n2_multiply_add_zero_g10,4096,Q8_0|unpacked,[1, 1024, 512]
565,23,1,3961,matvec Q8_0,keep::reduce fold,omega_reduce_r3_o2_n2_multiply_add_zero_epi3_fused_identity_o3__negate_o2__exponential_s1__add_s2_o1__reciprocal_s3__multiply_s4_o0__multiply_s0_s5_g10,4096,Q8_0|unpacked,[1, 1024, 512]
566,23,1,3963,matvec Q8_0,keep::reduce fold,omega_reduce_r3_o2_n2_multiply_add_zero_g10,8192,Q8_0|unpacked,[1, 512, 1024]
567,23,1,3975,matvec Q8_0,keep::reduce fold,omega_reduce_r3_o2_n2_multiply_add_zero_g10,4096,Q8_0|unpacked,[1, 1024, 512]
568,23,1,3983,matvec Q8_0,keep::reduce fold,omega_reduce_r3_o2_n2_multiply_add_zero_epi3_fused_identity_o3__negate_o2__exponential_s1__add_s2_o1__reciprocal_s3__multiply_s4_o0__multiply_s0_s5_g10,4096,Q8_0|unpacked,[1, 1024, 512]
569,23,1,3985,matvec Q8_0,keep::reduce fold,omega_reduce_r3_o2_n2_multiply_add_zero_g10,8192,Q8_0|unpacked,[1, 512, 1024]
570,23,1,3992,matvec Q8_0,keep::reduce fold,omega_reduce_r3_o2_n2_multiply_add_zero_epi25_fused_identity_o25__multiply_s0_o2__multiply_o3_o4__add_s1_s2__multiply_o5_o6__add_s3_s4__multiply_o7_o8__add_s5_s6__multiply_o9_o10__add_s7_s8__multiply_o11_o12__add_s9_s10__multiply_o13_o14__add_s11_s12__multiply_o15_o16__add_s13_s14__add_o17_o18__add_s16_o19__add_s17_o20__add_s18_o21__add_s19_o22__add_s20_o23__add_s21_o24__reciprocal_s22__multiply_s15_s23__multiply_s24_o1__add_s25_o0_g10,8192,Q8_0|unpacked,[1, 512, 1024]
571,23,1,4013,RMSNorm sumsq + fused epilogue,keep::reduce fold,omega_reduce_r2_o1_n2_multiply_add_zero_epi4_fused_identity_o4__multiply_s0_o3__add_s1_o2__square_root_s2__reciprocal_s3__multiply_s4_o1__multiply_s5_o0,256,unpacked|unpacked,[1, 1024]
572,23,1,4019,matvec Q8_0,keep::reduce fold,omega_reduce_r4_o3_n2_multiply_add_zero,4096,Q8_0|unpacked,[1, 8, 64, 1024]
573,23,1,4015,matvec Q8_0,keep::reduce fold,omega_reduce_r4_o3_n2_multiply_add_zero,8192,Q8_0|unpacked,[1, 16, 64, 1024]
574,23,1,4017,matvec Q8_0,keep::reduce fold,omega_reduce_r4_o3_n2_multiply_add_zero,4096,Q8_0|unpacked,[1, 8, 64, 1024]
575,23,1,4031,RoPE,elementwise,omega_elementwise_r3_n4_fused_multiply_o0_o1__multiply_o2_o3__add_s0_s1,256,unpacked|unpacked|unpacked|unpacked,[1, 8, 32]
576,23,1,4028,RoPE,elementwise,omega_elementwise_r3_n4_fused_multiply_o0_o1__multiply_o2_o3__subtract_s0_s1,256,unpacked|unpacked|unpacked|unpacked,[1, 8, 32]
577,23,1,4022,RoPE,elementwise,omega_elementwise_r3_n4_fused_multiply_o0_o1__multiply_o2_o3__subtract_s0_s1,512,unpacked|unpacked|unpacked|unpacked,[1, 16, 32]
578,23,1,4025,RoPE,elementwise,omega_elementwise_r3_n4_fused_multiply_o0_o1__multiply_o2_o3__add_s0_s1,512,unpacked|unpacked|unpacked|unpacked,[1, 16, 32]
579,23,1,4064,cached attention partial,cached_attention,omega_cached_attention_q1_h8_g2_d64_s3c800000_ln9223372036854775808_up0_x4_e1_k1_ds,65536,unpacked|unpacked|unpacked|unpacked|unpacked|unpacked|unpacked|unpacked|unpacked,[1, 8, 2, 64]
580,23,1,4064,cached attention merge,cached_attention,omega_cached_attention_q1_h8_g2_d64_s3c800000_ln9223372036854775808_up0_x4_e1_k1_ds_merge,16384,unpacked|unpacked|unpacked|unpacked|unpacked|unpacked|unpacked|unpacked|unpacked,[1, 8, 2, 64]
581,23,1,4068,matvec Q8_0,keep::reduce fold,omega_reduce_r5_o2_n2_multiply_add_zero_epi2_fused_identity_o2__multiply_s0_o1__add_s1_o0,8192,Q8_0|unpacked,[1, 8, 2, 64, 1024]
582,23,1,4076,RMSNorm sumsq + fused epilogue,keep::reduce fold,omega_reduce_r2_o1_n2_multiply_add_zero_epi4_fused_identity_o4__multiply_s0_o3__add_s1_o2__square_root_s2__reciprocal_s3__multiply_s4_o1__multiply_s5_o0,256,unpacked|unpacked,[1, 1024]
583,23,1,4078,matvec f32,keep::reduce fold,omega_reduce_r3_o2_n2_multiply_add_zero,8192,unpacked|unpacked,[1, 1024, 32]
584,23,1,4084,UNCLASSIFIED omega_moe_topk_e32_k8,moe_topk,omega_moe_topk_e32_k8,32,unpacked,[1]
585,23,1,4088,matvec Q8_0,keep::reduce fold,omega_reduce_r3_o2_n2_multiply_add_zero_g10,4096,Q8_0|unpacked,[1, 1024, 512]
586,23,1,4096,matvec Q8_0,keep::reduce fold,omega_reduce_r3_o2_n2_multiply_add_zero_epi3_fused_identity_o3__negate_o2__exponential_s1__add_s2_o1__reciprocal_s3__multiply_s4_o0__multiply_s0_s5_g10,4096,Q8_0|unpacked,[1, 1024, 512]
587,23,1,4108,matvec Q8_0,keep::reduce fold,omega_reduce_r3_o2_n2_multiply_add_zero_g10,4096,Q8_0|unpacked,[1, 1024, 512]
588,23,1,4116,matvec Q8_0,keep::reduce fold,omega_reduce_r3_o2_n2_multiply_add_zero_epi3_fused_identity_o3__negate_o2__exponential_s1__add_s2_o1__reciprocal_s3__multiply_s4_o0__multiply_s0_s5_g10,4096,Q8_0|unpacked,[1, 1024, 512]
589,23,1,4118,matvec Q8_0,keep::reduce fold,omega_reduce_r3_o2_n2_multiply_add_zero_g10,8192,Q8_0|unpacked,[1, 512, 1024]
590,23,1,4130,matvec Q8_0,keep::reduce fold,omega_reduce_r3_o2_n2_multiply_add_zero_g10,4096,Q8_0|unpacked,[1, 1024, 512]
591,23,1,4138,matvec Q8_0,keep::reduce fold,omega_reduce_r3_o2_n2_multiply_add_zero_epi3_fused_identity_o3__negate_o2__exponential_s1__add_s2_o1__reciprocal_s3__multiply_s4_o0__multiply_s0_s5_g10,4096,Q8_0|unpacked,[1, 1024, 512]
592,23,1,4140,matvec Q8_0,keep::reduce fold,omega_reduce_r3_o2_n2_multiply_add_zero_g10,8192,Q8_0|unpacked,[1, 512, 1024]
593,23,1,4152,matvec Q8_0,keep::reduce fold,omega_reduce_r3_o2_n2_multiply_add_zero_g10,4096,Q8_0|unpacked,[1, 1024, 512]
594,23,1,4160,matvec Q8_0,keep::reduce fold,omega_reduce_r3_o2_n2_multiply_add_zero_epi3_fused_identity_o3__negate_o2__exponential_s1__add_s2_o1__reciprocal_s3__multiply_s4_o0__multiply_s0_s5_g10,4096,Q8_0|unpacked,[1, 1024, 512]
595,23,1,4162,matvec Q8_0,keep::reduce fold,omega_reduce_r3_o2_n2_multiply_add_zero_g10,8192,Q8_0|unpacked,[1, 512, 1024]
596,23,1,4174,matvec Q8_0,keep::reduce fold,omega_reduce_r3_o2_n2_multiply_add_zero_g10,4096,Q8_0|unpacked,[1, 1024, 512]
597,23,1,4182,matvec Q8_0,keep::reduce fold,omega_reduce_r3_o2_n2_multiply_add_zero_epi3_fused_identity_o3__negate_o2__exponential_s1__add_s2_o1__reciprocal_s3__multiply_s4_o0__multiply_s0_s5_g10,4096,Q8_0|unpacked,[1, 1024, 512]
598,23,1,4184,matvec Q8_0,keep::reduce fold,omega_reduce_r3_o2_n2_multiply_add_zero_g10,8192,Q8_0|unpacked,[1, 512, 1024]
599,23,1,4196,matvec Q8_0,keep::reduce fold,omega_reduce_r3_o2_n2_multiply_add_zero_g10,4096,Q8_0|unpacked,[1, 1024, 512]
600,23,1,4204,matvec Q8_0,keep::reduce fold,omega_reduce_r3_o2_n2_multiply_add_zero_epi3_fused_identity_o3__negate_o2__exponential_s1__add_s2_o1__reciprocal_s3__multiply_s4_o0__multiply_s0_s5_g10,4096,Q8_0|unpacked,[1, 1024, 512]
601,23,1,4206,matvec Q8_0,keep::reduce fold,omega_reduce_r3_o2_n2_multiply_add_zero_g10,8192,Q8_0|unpacked,[1, 512, 1024]
602,23,1,4218,matvec Q8_0,keep::reduce fold,omega_reduce_r3_o2_n2_multiply_add_zero_g10,4096,Q8_0|unpacked,[1, 1024, 512]
603,23,1,4226,matvec Q8_0,keep::reduce fold,omega_reduce_r3_o2_n2_multiply_add_zero_epi3_fused_identity_o3__negate_o2__exponential_s1__add_s2_o1__reciprocal_s3__multiply_s4_o0__multiply_s0_s5_g10,4096,Q8_0|unpacked,[1, 1024, 512]
604,23,1,4228,matvec Q8_0,keep::reduce fold,omega_reduce_r3_o2_n2_multiply_add_zero_g10,8192,Q8_0|unpacked,[1, 512, 1024]
605,23,1,4240,matvec Q8_0,keep::reduce fold,omega_reduce_r3_o2_n2_multiply_add_zero_g10,4096,Q8_0|unpacked,[1, 1024, 512]
606,23,1,4248,matvec Q8_0,keep::reduce fold,omega_reduce_r3_o2_n2_multiply_add_zero_epi3_fused_identity_o3__negate_o2__exponential_s1__add_s2_o1__reciprocal_s3__multiply_s4_o0__multiply_s0_s5_g10,4096,Q8_0|unpacked,[1, 1024, 512]
607,23,1,4250,matvec Q8_0,keep::reduce fold,omega_reduce_r3_o2_n2_multiply_add_zero_g10,8192,Q8_0|unpacked,[1, 512, 1024]
608,23,1,4257,matvec Q8_0,keep::reduce fold,omega_reduce_r3_o2_n2_multiply_add_zero_epi25_fused_identity_o25__multiply_s0_o2__multiply_o3_o4__add_s1_s2__multiply_o5_o6__add_s3_s4__multiply_o7_o8__add_s5_s6__multiply_o9_o10__add_s7_s8__multiply_o11_o12__add_s9_s10__multiply_o13_o14__add_s11_s12__multiply_o15_o16__add_s13_s14__add_o17_o18__add_s16_o19__add_s17_o20__add_s18_o21__add_s19_o22__add_s20_o23__add_s21_o24__reciprocal_s22__multiply_s15_s23__multiply_s24_o1__add_s25_o0_g10,8192,Q8_0|unpacked,[1, 512, 1024]
609,23,1,4278,RMSNorm sumsq + fused epilogue,keep::reduce fold,omega_reduce_r2_o1_n2_multiply_add_zero_epi4_fused_identity_o4__multiply_s0_o3__add_s1_o2__square_root_s2__reciprocal_s3__multiply_s4_o1__multiply_s5_o0,256,unpacked|unpacked,[1, 1024]
610,23,1,4284,matvec Q8_0,keep::reduce fold,omega_reduce_r4_o3_n2_multiply_add_zero,4096,Q8_0|unpacked,[1, 8, 64, 1024]
611,23,1,4280,matvec Q8_0,keep::reduce fold,omega_reduce_r4_o3_n2_multiply_add_zero,8192,Q8_0|unpacked,[1, 16, 64, 1024]
612,23,1,4282,matvec Q8_0,keep::reduce fold,omega_reduce_r4_o3_n2_multiply_add_zero,4096,Q8_0|unpacked,[1, 8, 64, 1024]
613,23,1,4296,RoPE,elementwise,omega_elementwise_r3_n4_fused_multiply_o0_o1__multiply_o2_o3__add_s0_s1,256,unpacked|unpacked|unpacked|unpacked,[1, 8, 32]
614,23,1,4293,RoPE,elementwise,omega_elementwise_r3_n4_fused_multiply_o0_o1__multiply_o2_o3__subtract_s0_s1,256,unpacked|unpacked|unpacked|unpacked,[1, 8, 32]
615,23,1,4287,RoPE,elementwise,omega_elementwise_r3_n4_fused_multiply_o0_o1__multiply_o2_o3__subtract_s0_s1,512,unpacked|unpacked|unpacked|unpacked,[1, 16, 32]
616,23,1,4290,RoPE,elementwise,omega_elementwise_r3_n4_fused_multiply_o0_o1__multiply_o2_o3__add_s0_s1,512,unpacked|unpacked|unpacked|unpacked,[1, 16, 32]
617,23,1,4329,cached attention partial,cached_attention,omega_cached_attention_q1_h8_g2_d64_s3c800000_ln9223372036854775808_up0_x4_e1_k1_ds,65536,unpacked|unpacked|unpacked|unpacked|unpacked|unpacked|unpacked|unpacked|unpacked,[1, 8, 2, 64]
618,23,1,4329,cached attention merge,cached_attention,omega_cached_attention_q1_h8_g2_d64_s3c800000_ln9223372036854775808_up0_x4_e1_k1_ds_merge,16384,unpacked|unpacked|unpacked|unpacked|unpacked|unpacked|unpacked|unpacked|unpacked,[1, 8, 2, 64]
619,23,1,4333,matvec Q8_0,keep::reduce fold,omega_reduce_r5_o2_n2_multiply_add_zero_epi2_fused_identity_o2__multiply_s0_o1__add_s1_o0,8192,Q8_0|unpacked,[1, 8, 2, 64, 1024]
620,23,1,4341,RMSNorm sumsq + fused epilogue,keep::reduce fold,omega_reduce_r2_o1_n2_multiply_add_zero_epi4_fused_identity_o4__multiply_s0_o3__add_s1_o2__square_root_s2__reciprocal_s3__multiply_s4_o1__multiply_s5_o0,256,unpacked|unpacked,[1, 1024]
621,23,1,4343,matvec f32,keep::reduce fold,omega_reduce_r3_o2_n2_multiply_add_zero,8192,unpacked|unpacked,[1, 1024, 32]
622,23,1,4349,UNCLASSIFIED omega_moe_topk_e32_k8,moe_topk,omega_moe_topk_e32_k8,32,unpacked,[1]
623,23,1,4353,matvec Q8_0,keep::reduce fold,omega_reduce_r3_o2_n2_multiply_add_zero_g10,4096,Q8_0|unpacked,[1, 1024, 512]
624,23,1,4361,matvec Q8_0,keep::reduce fold,omega_reduce_r3_o2_n2_multiply_add_zero_epi3_fused_identity_o3__negate_o2__exponential_s1__add_s2_o1__reciprocal_s3__multiply_s4_o0__multiply_s0_s5_g10,4096,Q8_0|unpacked,[1, 1024, 512]
625,23,1,4373,matvec Q8_0,keep::reduce fold,omega_reduce_r3_o2_n2_multiply_add_zero_g10,4096,Q8_0|unpacked,[1, 1024, 512]
626,23,1,4381,matvec Q8_0,keep::reduce fold,omega_reduce_r3_o2_n2_multiply_add_zero_epi3_fused_identity_o3__negate_o2__exponential_s1__add_s2_o1__reciprocal_s3__multiply_s4_o0__multiply_s0_s5_g10,4096,Q8_0|unpacked,[1, 1024, 512]
627,23,1,4383,matvec Q8_0,keep::reduce fold,omega_reduce_r3_o2_n2_multiply_add_zero_g10,8192,Q8_0|unpacked,[1, 512, 1024]
628,23,1,4395,matvec Q8_0,keep::reduce fold,omega_reduce_r3_o2_n2_multiply_add_zero_g10,4096,Q8_0|unpacked,[1, 1024, 512]
629,23,1,4403,matvec Q8_0,keep::reduce fold,omega_reduce_r3_o2_n2_multiply_add_zero_epi3_fused_identity_o3__negate_o2__exponential_s1__add_s2_o1__reciprocal_s3__multiply_s4_o0__multiply_s0_s5_g10,4096,Q8_0|unpacked,[1, 1024, 512]
630,23,1,4405,matvec Q8_0,keep::reduce fold,omega_reduce_r3_o2_n2_multiply_add_zero_g10,8192,Q8_0|unpacked,[1, 512, 1024]
631,23,1,4417,matvec Q8_0,keep::reduce fold,omega_reduce_r3_o2_n2_multiply_add_zero_g10,4096,Q8_0|unpacked,[1, 1024, 512]
632,23,1,4425,matvec Q8_0,keep::reduce fold,omega_reduce_r3_o2_n2_multiply_add_zero_epi3_fused_identity_o3__negate_o2__exponential_s1__add_s2_o1__reciprocal_s3__multiply_s4_o0__multiply_s0_s5_g10,4096,Q8_0|unpacked,[1, 1024, 512]
633,23,1,4427,matvec Q8_0,keep::reduce fold,omega_reduce_r3_o2_n2_multiply_add_zero_g10,8192,Q8_0|unpacked,[1, 512, 1024]
634,23,1,4439,matvec Q8_0,keep::reduce fold,omega_reduce_r3_o2_n2_multiply_add_zero_g10,4096,Q8_0|unpacked,[1, 1024, 512]
635,23,1,4447,matvec Q8_0,keep::reduce fold,omega_reduce_r3_o2_n2_multiply_add_zero_epi3_fused_identity_o3__negate_o2__exponential_s1__add_s2_o1__reciprocal_s3__multiply_s4_o0__multiply_s0_s5_g10,4096,Q8_0|unpacked,[1, 1024, 512]
636,23,1,4449,matvec Q8_0,keep::reduce fold,omega_reduce_r3_o2_n2_multiply_add_zero_g10,8192,Q8_0|unpacked,[1, 512, 1024]
637,23,1,4461,matvec Q8_0,keep::reduce fold,omega_reduce_r3_o2_n2_multiply_add_zero_g10,4096,Q8_0|unpacked,[1, 1024, 512]
638,23,1,4469,matvec Q8_0,keep::reduce fold,omega_reduce_r3_o2_n2_multiply_add_zero_epi3_fused_identity_o3__negate_o2__exponential_s1__add_s2_o1__reciprocal_s3__multiply_s4_o0__multiply_s0_s5_g10,4096,Q8_0|unpacked,[1, 1024, 512]
639,23,1,4471,matvec Q8_0,keep::reduce fold,omega_reduce_r3_o2_n2_multiply_add_zero_g10,8192,Q8_0|unpacked,[1, 512, 1024]
640,23,1,4483,matvec Q8_0,keep::reduce fold,omega_reduce_r3_o2_n2_multiply_add_zero_g10,4096,Q8_0|unpacked,[1, 1024, 512]
641,23,1,4491,matvec Q8_0,keep::reduce fold,omega_reduce_r3_o2_n2_multiply_add_zero_epi3_fused_identity_o3__negate_o2__exponential_s1__add_s2_o1__reciprocal_s3__multiply_s4_o0__multiply_s0_s5_g10,4096,Q8_0|unpacked,[1, 1024, 512]
642,23,1,4493,matvec Q8_0,keep::reduce fold,omega_reduce_r3_o2_n2_multiply_add_zero_g10,8192,Q8_0|unpacked,[1, 512, 1024]
643,23,1,4505,matvec Q8_0,keep::reduce fold,omega_reduce_r3_o2_n2_multiply_add_zero_g10,4096,Q8_0|unpacked,[1, 1024, 512]
644,23,1,4513,matvec Q8_0,keep::reduce fold,omega_reduce_r3_o2_n2_multiply_add_zero_epi3_fused_identity_o3__negate_o2__exponential_s1__add_s2_o1__reciprocal_s3__multiply_s4_o0__multiply_s0_s5_g10,4096,Q8_0|unpacked,[1, 1024, 512]
645,23,1,4515,matvec Q8_0,keep::reduce fold,omega_reduce_r3_o2_n2_multiply_add_zero_g10,8192,Q8_0|unpacked,[1, 512, 1024]
646,23,1,4522,matvec Q8_0,keep::reduce fold,omega_reduce_r3_o2_n2_multiply_add_zero_epi25_fused_identity_o25__multiply_s0_o2__multiply_o3_o4__add_s1_s2__multiply_o5_o6__add_s3_s4__multiply_o7_o8__add_s5_s6__multiply_o9_o10__add_s7_s8__multiply_o11_o12__add_s9_s10__multiply_o13_o14__add_s11_s12__multiply_o15_o16__add_s13_s14__add_o17_o18__add_s16_o19__add_s17_o20__add_s18_o21__add_s19_o22__add_s20_o23__add_s21_o24__reciprocal_s22__multiply_s15_s23__multiply_s24_o1__add_s25_o0_g10,8192,Q8_0|unpacked,[1, 512, 1024]
647,23,1,4543,RMSNorm sumsq + fused epilogue,keep::reduce fold,omega_reduce_r2_o1_n2_multiply_add_zero_epi4_fused_identity_o4__multiply_s0_o3__add_s1_o2__square_root_s2__reciprocal_s3__multiply_s4_o1__multiply_s5_o0,256,unpacked|unpacked,[1, 1024]
648,23,1,4549,matvec Q8_0,keep::reduce fold,omega_reduce_r4_o3_n2_multiply_add_zero,4096,Q8_0|unpacked,[1, 8, 64, 1024]
649,23,1,4545,matvec Q8_0,keep::reduce fold,omega_reduce_r4_o3_n2_multiply_add_zero,8192,Q8_0|unpacked,[1, 16, 64, 1024]
650,23,1,4547,matvec Q8_0,keep::reduce fold,omega_reduce_r4_o3_n2_multiply_add_zero,4096,Q8_0|unpacked,[1, 8, 64, 1024]
651,23,1,4561,RoPE,elementwise,omega_elementwise_r3_n4_fused_multiply_o0_o1__multiply_o2_o3__add_s0_s1,256,unpacked|unpacked|unpacked|unpacked,[1, 8, 32]
652,23,1,4558,RoPE,elementwise,omega_elementwise_r3_n4_fused_multiply_o0_o1__multiply_o2_o3__subtract_s0_s1,256,unpacked|unpacked|unpacked|unpacked,[1, 8, 32]
653,23,1,4552,RoPE,elementwise,omega_elementwise_r3_n4_fused_multiply_o0_o1__multiply_o2_o3__subtract_s0_s1,512,unpacked|unpacked|unpacked|unpacked,[1, 16, 32]
654,23,1,4555,RoPE,elementwise,omega_elementwise_r3_n4_fused_multiply_o0_o1__multiply_o2_o3__add_s0_s1,512,unpacked|unpacked|unpacked|unpacked,[1, 16, 32]
655,23,1,4594,cached attention partial,cached_attention,omega_cached_attention_q1_h8_g2_d64_s3c800000_ln9223372036854775808_up0_x4_e1_k1_ds,65536,unpacked|unpacked|unpacked|unpacked|unpacked|unpacked|unpacked|unpacked|unpacked,[1, 8, 2, 64]
656,23,1,4594,cached attention merge,cached_attention,omega_cached_attention_q1_h8_g2_d64_s3c800000_ln9223372036854775808_up0_x4_e1_k1_ds_merge,16384,unpacked|unpacked|unpacked|unpacked|unpacked|unpacked|unpacked|unpacked|unpacked,[1, 8, 2, 64]
657,23,1,4598,matvec Q8_0,keep::reduce fold,omega_reduce_r5_o2_n2_multiply_add_zero_epi2_fused_identity_o2__multiply_s0_o1__add_s1_o0,8192,Q8_0|unpacked,[1, 8, 2, 64, 1024]
658,23,1,4606,RMSNorm sumsq + fused epilogue,keep::reduce fold,omega_reduce_r2_o1_n2_multiply_add_zero_epi4_fused_identity_o4__multiply_s0_o3__add_s1_o2__square_root_s2__reciprocal_s3__multiply_s4_o1__multiply_s5_o0,256,unpacked|unpacked,[1, 1024]
659,23,1,4608,matvec f32,keep::reduce fold,omega_reduce_r3_o2_n2_multiply_add_zero,8192,unpacked|unpacked,[1, 1024, 32]
660,23,1,4614,UNCLASSIFIED omega_moe_topk_e32_k8,moe_topk,omega_moe_topk_e32_k8,32,unpacked,[1]
661,23,1,4618,matvec Q8_0,keep::reduce fold,omega_reduce_r3_o2_n2_multiply_add_zero_g10,4096,Q8_0|unpacked,[1, 1024, 512]
662,23,1,4626,matvec Q8_0,keep::reduce fold,omega_reduce_r3_o2_n2_multiply_add_zero_epi3_fused_identity_o3__negate_o2__exponential_s1__add_s2_o1__reciprocal_s3__multiply_s4_o0__multiply_s0_s5_g10,4096,Q8_0|unpacked,[1, 1024, 512]
663,23,1,4638,matvec Q8_0,keep::reduce fold,omega_reduce_r3_o2_n2_multiply_add_zero_g10,4096,Q8_0|unpacked,[1, 1024, 512]
664,23,1,4646,matvec Q8_0,keep::reduce fold,omega_reduce_r3_o2_n2_multiply_add_zero_epi3_fused_identity_o3__negate_o2__exponential_s1__add_s2_o1__reciprocal_s3__multiply_s4_o0__multiply_s0_s5_g10,4096,Q8_0|unpacked,[1, 1024, 512]
665,23,1,4648,matvec Q8_0,keep::reduce fold,omega_reduce_r3_o2_n2_multiply_add_zero_g10,8192,Q8_0|unpacked,[1, 512, 1024]
666,23,1,4660,matvec Q8_0,keep::reduce fold,omega_reduce_r3_o2_n2_multiply_add_zero_g10,4096,Q8_0|unpacked,[1, 1024, 512]
667,23,1,4668,matvec Q8_0,keep::reduce fold,omega_reduce_r3_o2_n2_multiply_add_zero_epi3_fused_identity_o3__negate_o2__exponential_s1__add_s2_o1__reciprocal_s3__multiply_s4_o0__multiply_s0_s5_g10,4096,Q8_0|unpacked,[1, 1024, 512]
668,23,1,4670,matvec Q8_0,keep::reduce fold,omega_reduce_r3_o2_n2_multiply_add_zero_g10,8192,Q8_0|unpacked,[1, 512, 1024]
669,23,1,4682,matvec Q8_0,keep::reduce fold,omega_reduce_r3_o2_n2_multiply_add_zero_g10,4096,Q8_0|unpacked,[1, 1024, 512]
670,23,1,4690,matvec Q8_0,keep::reduce fold,omega_reduce_r3_o2_n2_multiply_add_zero_epi3_fused_identity_o3__negate_o2__exponential_s1__add_s2_o1__reciprocal_s3__multiply_s4_o0__multiply_s0_s5_g10,4096,Q8_0|unpacked,[1, 1024, 512]
671,23,1,4692,matvec Q8_0,keep::reduce fold,omega_reduce_r3_o2_n2_multiply_add_zero_g10,8192,Q8_0|unpacked,[1, 512, 1024]
672,23,1,4704,matvec Q8_0,keep::reduce fold,omega_reduce_r3_o2_n2_multiply_add_zero_g10,4096,Q8_0|unpacked,[1, 1024, 512]
673,23,1,4712,matvec Q8_0,keep::reduce fold,omega_reduce_r3_o2_n2_multiply_add_zero_epi3_fused_identity_o3__negate_o2__exponential_s1__add_s2_o1__reciprocal_s3__multiply_s4_o0__multiply_s0_s5_g10,4096,Q8_0|unpacked,[1, 1024, 512]
674,23,1,4714,matvec Q8_0,keep::reduce fold,omega_reduce_r3_o2_n2_multiply_add_zero_g10,8192,Q8_0|unpacked,[1, 512, 1024]
675,23,1,4726,matvec Q8_0,keep::reduce fold,omega_reduce_r3_o2_n2_multiply_add_zero_g10,4096,Q8_0|unpacked,[1, 1024, 512]
676,23,1,4734,matvec Q8_0,keep::reduce fold,omega_reduce_r3_o2_n2_multiply_add_zero_epi3_fused_identity_o3__negate_o2__exponential_s1__add_s2_o1__reciprocal_s3__multiply_s4_o0__multiply_s0_s5_g10,4096,Q8_0|unpacked,[1, 1024, 512]
677,23,1,4736,matvec Q8_0,keep::reduce fold,omega_reduce_r3_o2_n2_multiply_add_zero_g10,8192,Q8_0|unpacked,[1, 512, 1024]
678,23,1,4748,matvec Q8_0,keep::reduce fold,omega_reduce_r3_o2_n2_multiply_add_zero_g10,4096,Q8_0|unpacked,[1, 1024, 512]
679,23,1,4756,matvec Q8_0,keep::reduce fold,omega_reduce_r3_o2_n2_multiply_add_zero_epi3_fused_identity_o3__negate_o2__exponential_s1__add_s2_o1__reciprocal_s3__multiply_s4_o0__multiply_s0_s5_g10,4096,Q8_0|unpacked,[1, 1024, 512]
680,23,1,4758,matvec Q8_0,keep::reduce fold,omega_reduce_r3_o2_n2_multiply_add_zero_g10,8192,Q8_0|unpacked,[1, 512, 1024]
681,23,1,4770,matvec Q8_0,keep::reduce fold,omega_reduce_r3_o2_n2_multiply_add_zero_g10,4096,Q8_0|unpacked,[1, 1024, 512]
682,23,1,4778,matvec Q8_0,keep::reduce fold,omega_reduce_r3_o2_n2_multiply_add_zero_epi3_fused_identity_o3__negate_o2__exponential_s1__add_s2_o1__reciprocal_s3__multiply_s4_o0__multiply_s0_s5_g10,4096,Q8_0|unpacked,[1, 1024, 512]
683,23,1,4780,matvec Q8_0,keep::reduce fold,omega_reduce_r3_o2_n2_multiply_add_zero_g10,8192,Q8_0|unpacked,[1, 512, 1024]
684,23,1,4787,matvec Q8_0,keep::reduce fold,omega_reduce_r3_o2_n2_multiply_add_zero_epi25_fused_identity_o25__multiply_s0_o2__multiply_o3_o4__add_s1_s2__multiply_o5_o6__add_s3_s4__multiply_o7_o8__add_s5_s6__multiply_o9_o10__add_s7_s8__multiply_o11_o12__add_s9_s10__multiply_o13_o14__add_s11_s12__multiply_o15_o16__add_s13_s14__add_o17_o18__add_s16_o19__add_s17_o20__add_s18_o21__add_s19_o22__add_s20_o23__add_s21_o24__reciprocal_s22__multiply_s15_s23__multiply_s24_o1__add_s25_o0_g10,8192,Q8_0|unpacked,[1, 512, 1024]
685,23,1,4808,RMSNorm sumsq + fused epilogue,keep::reduce fold,omega_reduce_r2_o1_n2_multiply_add_zero_epi4_fused_identity_o4__multiply_s0_o3__add_s1_o2__square_root_s2__reciprocal_s3__multiply_s4_o1__multiply_s5_o0,256,unpacked|unpacked,[1, 1024]
686,23,1,4814,matvec Q8_0,keep::reduce fold,omega_reduce_r4_o3_n2_multiply_add_zero,4096,Q8_0|unpacked,[1, 8, 64, 1024]
687,23,1,4810,matvec Q8_0,keep::reduce fold,omega_reduce_r4_o3_n2_multiply_add_zero,8192,Q8_0|unpacked,[1, 16, 64, 1024]
688,23,1,4812,matvec Q8_0,keep::reduce fold,omega_reduce_r4_o3_n2_multiply_add_zero,4096,Q8_0|unpacked,[1, 8, 64, 1024]
689,23,1,4826,RoPE,elementwise,omega_elementwise_r3_n4_fused_multiply_o0_o1__multiply_o2_o3__add_s0_s1,256,unpacked|unpacked|unpacked|unpacked,[1, 8, 32]
690,23,1,4823,RoPE,elementwise,omega_elementwise_r3_n4_fused_multiply_o0_o1__multiply_o2_o3__subtract_s0_s1,256,unpacked|unpacked|unpacked|unpacked,[1, 8, 32]
691,23,1,4817,RoPE,elementwise,omega_elementwise_r3_n4_fused_multiply_o0_o1__multiply_o2_o3__subtract_s0_s1,512,unpacked|unpacked|unpacked|unpacked,[1, 16, 32]
692,23,1,4820,RoPE,elementwise,omega_elementwise_r3_n4_fused_multiply_o0_o1__multiply_o2_o3__add_s0_s1,512,unpacked|unpacked|unpacked|unpacked,[1, 16, 32]
693,23,1,4859,cached attention partial,cached_attention,omega_cached_attention_q1_h8_g2_d64_s3c800000_ln9223372036854775808_up0_x4_e1_k1_ds,65536,unpacked|unpacked|unpacked|unpacked|unpacked|unpacked|unpacked|unpacked|unpacked,[1, 8, 2, 64]
694,23,1,4859,cached attention merge,cached_attention,omega_cached_attention_q1_h8_g2_d64_s3c800000_ln9223372036854775808_up0_x4_e1_k1_ds_merge,16384,unpacked|unpacked|unpacked|unpacked|unpacked|unpacked|unpacked|unpacked|unpacked,[1, 8, 2, 64]
695,23,1,4863,matvec Q8_0,keep::reduce fold,omega_reduce_r5_o2_n2_multiply_add_zero_epi2_fused_identity_o2__multiply_s0_o1__add_s1_o0,8192,Q8_0|unpacked,[1, 8, 2, 64, 1024]
696,23,1,4871,RMSNorm sumsq + fused epilogue,keep::reduce fold,omega_reduce_r2_o1_n2_multiply_add_zero_epi4_fused_identity_o4__multiply_s0_o3__add_s1_o2__square_root_s2__reciprocal_s3__multiply_s4_o1__multiply_s5_o0,256,unpacked|unpacked,[1, 1024]
697,23,1,4873,matvec f32,keep::reduce fold,omega_reduce_r3_o2_n2_multiply_add_zero,8192,unpacked|unpacked,[1, 1024, 32]
698,23,1,4879,UNCLASSIFIED omega_moe_topk_e32_k8,moe_topk,omega_moe_topk_e32_k8,32,unpacked,[1]
699,23,1,4883,matvec Q8_0,keep::reduce fold,omega_reduce_r3_o2_n2_multiply_add_zero_g10,4096,Q8_0|unpacked,[1, 1024, 512]
700,23,1,4891,matvec Q8_0,keep::reduce fold,omega_reduce_r3_o2_n2_multiply_add_zero_epi3_fused_identity_o3__negate_o2__exponential_s1__add_s2_o1__reciprocal_s3__multiply_s4_o0__multiply_s0_s5_g10,4096,Q8_0|unpacked,[1, 1024, 512]
701,23,1,4903,matvec Q8_0,keep::reduce fold,omega_reduce_r3_o2_n2_multiply_add_zero_g10,4096,Q8_0|unpacked,[1, 1024, 512]
702,23,1,4911,matvec Q8_0,keep::reduce fold,omega_reduce_r3_o2_n2_multiply_add_zero_epi3_fused_identity_o3__negate_o2__exponential_s1__add_s2_o1__reciprocal_s3__multiply_s4_o0__multiply_s0_s5_g10,4096,Q8_0|unpacked,[1, 1024, 512]
703,23,1,4913,matvec Q8_0,keep::reduce fold,omega_reduce_r3_o2_n2_multiply_add_zero_g10,8192,Q8_0|unpacked,[1, 512, 1024]
704,23,1,4925,matvec Q8_0,keep::reduce fold,omega_reduce_r3_o2_n2_multiply_add_zero_g10,4096,Q8_0|unpacked,[1, 1024, 512]
705,23,1,4933,matvec Q8_0,keep::reduce fold,omega_reduce_r3_o2_n2_multiply_add_zero_epi3_fused_identity_o3__negate_o2__exponential_s1__add_s2_o1__reciprocal_s3__multiply_s4_o0__multiply_s0_s5_g10,4096,Q8_0|unpacked,[1, 1024, 512]
706,23,1,4935,matvec Q8_0,keep::reduce fold,omega_reduce_r3_o2_n2_multiply_add_zero_g10,8192,Q8_0|unpacked,[1, 512, 1024]
707,23,1,4947,matvec Q8_0,keep::reduce fold,omega_reduce_r3_o2_n2_multiply_add_zero_g10,4096,Q8_0|unpacked,[1, 1024, 512]
708,23,1,4955,matvec Q8_0,keep::reduce fold,omega_reduce_r3_o2_n2_multiply_add_zero_epi3_fused_identity_o3__negate_o2__exponential_s1__add_s2_o1__reciprocal_s3__multiply_s4_o0__multiply_s0_s5_g10,4096,Q8_0|unpacked,[1, 1024, 512]
709,23,1,4957,matvec Q8_0,keep::reduce fold,omega_reduce_r3_o2_n2_multiply_add_zero_g10,8192,Q8_0|unpacked,[1, 512, 1024]
710,23,1,4969,matvec Q8_0,keep::reduce fold,omega_reduce_r3_o2_n2_multiply_add_zero_g10,4096,Q8_0|unpacked,[1, 1024, 512]
711,23,1,4977,matvec Q8_0,keep::reduce fold,omega_reduce_r3_o2_n2_multiply_add_zero_epi3_fused_identity_o3__negate_o2__exponential_s1__add_s2_o1__reciprocal_s3__multiply_s4_o0__multiply_s0_s5_g10,4096,Q8_0|unpacked,[1, 1024, 512]
712,23,1,4979,matvec Q8_0,keep::reduce fold,omega_reduce_r3_o2_n2_multiply_add_zero_g10,8192,Q8_0|unpacked,[1, 512, 1024]
713,23,1,4991,matvec Q8_0,keep::reduce fold,omega_reduce_r3_o2_n2_multiply_add_zero_g10,4096,Q8_0|unpacked,[1, 1024, 512]
714,23,1,4999,matvec Q8_0,keep::reduce fold,omega_reduce_r3_o2_n2_multiply_add_zero_epi3_fused_identity_o3__negate_o2__exponential_s1__add_s2_o1__reciprocal_s3__multiply_s4_o0__multiply_s0_s5_g10,4096,Q8_0|unpacked,[1, 1024, 512]
715,23,1,5001,matvec Q8_0,keep::reduce fold,omega_reduce_r3_o2_n2_multiply_add_zero_g10,8192,Q8_0|unpacked,[1, 512, 1024]
716,23,1,5013,matvec Q8_0,keep::reduce fold,omega_reduce_r3_o2_n2_multiply_add_zero_g10,4096,Q8_0|unpacked,[1, 1024, 512]
717,23,1,5021,matvec Q8_0,keep::reduce fold,omega_reduce_r3_o2_n2_multiply_add_zero_epi3_fused_identity_o3__negate_o2__exponential_s1__add_s2_o1__reciprocal_s3__multiply_s4_o0__multiply_s0_s5_g10,4096,Q8_0|unpacked,[1, 1024, 512]
718,23,1,5023,matvec Q8_0,keep::reduce fold,omega_reduce_r3_o2_n2_multiply_add_zero_g10,8192,Q8_0|unpacked,[1, 512, 1024]
719,23,1,5035,matvec Q8_0,keep::reduce fold,omega_reduce_r3_o2_n2_multiply_add_zero_g10,4096,Q8_0|unpacked,[1, 1024, 512]
720,23,1,5043,matvec Q8_0,keep::reduce fold,omega_reduce_r3_o2_n2_multiply_add_zero_epi3_fused_identity_o3__negate_o2__exponential_s1__add_s2_o1__reciprocal_s3__multiply_s4_o0__multiply_s0_s5_g10,4096,Q8_0|unpacked,[1, 1024, 512]
721,23,1,5045,matvec Q8_0,keep::reduce fold,omega_reduce_r3_o2_n2_multiply_add_zero_g10,8192,Q8_0|unpacked,[1, 512, 1024]
722,23,1,5052,matvec Q8_0,keep::reduce fold,omega_reduce_r3_o2_n2_multiply_add_zero_epi25_fused_identity_o25__multiply_s0_o2__multiply_o3_o4__add_s1_s2__multiply_o5_o6__add_s3_s4__multiply_o7_o8__add_s5_s6__multiply_o9_o10__add_s7_s8__multiply_o11_o12__add_s9_s10__multiply_o13_o14__add_s11_s12__multiply_o15_o16__add_s13_s14__add_o17_o18__add_s16_o19__add_s17_o20__add_s18_o21__add_s19_o22__add_s20_o23__add_s21_o24__reciprocal_s22__multiply_s15_s23__multiply_s24_o1__add_s25_o0_g10,8192,Q8_0|unpacked,[1, 512, 1024]
723,23,1,5073,RMSNorm sumsq + fused epilogue,keep::reduce fold,omega_reduce_r2_o1_n2_multiply_add_zero_epi4_fused_identity_o4__multiply_s0_o3__add_s1_o2__square_root_s2__reciprocal_s3__multiply_s4_o1__multiply_s5_o0,256,unpacked|unpacked,[1, 1024]
724,23,1,5079,matvec Q8_0,keep::reduce fold,omega_reduce_r4_o3_n2_multiply_add_zero,4096,Q8_0|unpacked,[1, 8, 64, 1024]
725,23,1,5075,matvec Q8_0,keep::reduce fold,omega_reduce_r4_o3_n2_multiply_add_zero,8192,Q8_0|unpacked,[1, 16, 64, 1024]
726,23,1,5077,matvec Q8_0,keep::reduce fold,omega_reduce_r4_o3_n2_multiply_add_zero,4096,Q8_0|unpacked,[1, 8, 64, 1024]
727,23,1,5091,RoPE,elementwise,omega_elementwise_r3_n4_fused_multiply_o0_o1__multiply_o2_o3__add_s0_s1,256,unpacked|unpacked|unpacked|unpacked,[1, 8, 32]
728,23,1,5088,RoPE,elementwise,omega_elementwise_r3_n4_fused_multiply_o0_o1__multiply_o2_o3__subtract_s0_s1,256,unpacked|unpacked|unpacked|unpacked,[1, 8, 32]
729,23,1,5082,RoPE,elementwise,omega_elementwise_r3_n4_fused_multiply_o0_o1__multiply_o2_o3__subtract_s0_s1,512,unpacked|unpacked|unpacked|unpacked,[1, 16, 32]
730,23,1,5085,RoPE,elementwise,omega_elementwise_r3_n4_fused_multiply_o0_o1__multiply_o2_o3__add_s0_s1,512,unpacked|unpacked|unpacked|unpacked,[1, 16, 32]
731,23,1,5124,cached attention partial,cached_attention,omega_cached_attention_q1_h8_g2_d64_s3c800000_ln9223372036854775808_up0_x4_e1_k1_ds,65536,unpacked|unpacked|unpacked|unpacked|unpacked|unpacked|unpacked|unpacked|unpacked,[1, 8, 2, 64]
732,23,1,5124,cached attention merge,cached_attention,omega_cached_attention_q1_h8_g2_d64_s3c800000_ln9223372036854775808_up0_x4_e1_k1_ds_merge,16384,unpacked|unpacked|unpacked|unpacked|unpacked|unpacked|unpacked|unpacked|unpacked,[1, 8, 2, 64]
733,23,1,5128,matvec Q8_0,keep::reduce fold,omega_reduce_r5_o2_n2_multiply_add_zero_epi2_fused_identity_o2__multiply_s0_o1__add_s1_o0,8192,Q8_0|unpacked,[1, 8, 2, 64, 1024]
734,23,1,5136,RMSNorm sumsq + fused epilogue,keep::reduce fold,omega_reduce_r2_o1_n2_multiply_add_zero_epi4_fused_identity_o4__multiply_s0_o3__add_s1_o2__square_root_s2__reciprocal_s3__multiply_s4_o1__multiply_s5_o0,256,unpacked|unpacked,[1, 1024]
735,23,1,5138,matvec f32,keep::reduce fold,omega_reduce_r3_o2_n2_multiply_add_zero,8192,unpacked|unpacked,[1, 1024, 32]
736,23,1,5144,UNCLASSIFIED omega_moe_topk_e32_k8,moe_topk,omega_moe_topk_e32_k8,32,unpacked,[1]
737,23,1,5148,matvec Q8_0,keep::reduce fold,omega_reduce_r3_o2_n2_multiply_add_zero_g10,4096,Q8_0|unpacked,[1, 1024, 512]
738,23,1,5156,matvec Q8_0,keep::reduce fold,omega_reduce_r3_o2_n2_multiply_add_zero_epi3_fused_identity_o3__negate_o2__exponential_s1__add_s2_o1__reciprocal_s3__multiply_s4_o0__multiply_s0_s5_g10,4096,Q8_0|unpacked,[1, 1024, 512]
739,23,1,5168,matvec Q8_0,keep::reduce fold,omega_reduce_r3_o2_n2_multiply_add_zero_g10,4096,Q8_0|unpacked,[1, 1024, 512]
740,23,1,5176,matvec Q8_0,keep::reduce fold,omega_reduce_r3_o2_n2_multiply_add_zero_epi3_fused_identity_o3__negate_o2__exponential_s1__add_s2_o1__reciprocal_s3__multiply_s4_o0__multiply_s0_s5_g10,4096,Q8_0|unpacked,[1, 1024, 512]
741,23,1,5178,matvec Q8_0,keep::reduce fold,omega_reduce_r3_o2_n2_multiply_add_zero_g10,8192,Q8_0|unpacked,[1, 512, 1024]
742,23,1,5190,matvec Q8_0,keep::reduce fold,omega_reduce_r3_o2_n2_multiply_add_zero_g10,4096,Q8_0|unpacked,[1, 1024, 512]
743,23,1,5198,matvec Q8_0,keep::reduce fold,omega_reduce_r3_o2_n2_multiply_add_zero_epi3_fused_identity_o3__negate_o2__exponential_s1__add_s2_o1__reciprocal_s3__multiply_s4_o0__multiply_s0_s5_g10,4096,Q8_0|unpacked,[1, 1024, 512]
744,23,1,5200,matvec Q8_0,keep::reduce fold,omega_reduce_r3_o2_n2_multiply_add_zero_g10,8192,Q8_0|unpacked,[1, 512, 1024]
745,23,1,5212,matvec Q8_0,keep::reduce fold,omega_reduce_r3_o2_n2_multiply_add_zero_g10,4096,Q8_0|unpacked,[1, 1024, 512]
746,23,1,5220,matvec Q8_0,keep::reduce fold,omega_reduce_r3_o2_n2_multiply_add_zero_epi3_fused_identity_o3__negate_o2__exponential_s1__add_s2_o1__reciprocal_s3__multiply_s4_o0__multiply_s0_s5_g10,4096,Q8_0|unpacked,[1, 1024, 512]
747,23,1,5222,matvec Q8_0,keep::reduce fold,omega_reduce_r3_o2_n2_multiply_add_zero_g10,8192,Q8_0|unpacked,[1, 512, 1024]
748,23,1,5234,matvec Q8_0,keep::reduce fold,omega_reduce_r3_o2_n2_multiply_add_zero_g10,4096,Q8_0|unpacked,[1, 1024, 512]
749,23,1,5242,matvec Q8_0,keep::reduce fold,omega_reduce_r3_o2_n2_multiply_add_zero_epi3_fused_identity_o3__negate_o2__exponential_s1__add_s2_o1__reciprocal_s3__multiply_s4_o0__multiply_s0_s5_g10,4096,Q8_0|unpacked,[1, 1024, 512]
750,23,1,5244,matvec Q8_0,keep::reduce fold,omega_reduce_r3_o2_n2_multiply_add_zero_g10,8192,Q8_0|unpacked,[1, 512, 1024]
751,23,1,5256,matvec Q8_0,keep::reduce fold,omega_reduce_r3_o2_n2_multiply_add_zero_g10,4096,Q8_0|unpacked,[1, 1024, 512]
752,23,1,5264,matvec Q8_0,keep::reduce fold,omega_reduce_r3_o2_n2_multiply_add_zero_epi3_fused_identity_o3__negate_o2__exponential_s1__add_s2_o1__reciprocal_s3__multiply_s4_o0__multiply_s0_s5_g10,4096,Q8_0|unpacked,[1, 1024, 512]
753,23,1,5266,matvec Q8_0,keep::reduce fold,omega_reduce_r3_o2_n2_multiply_add_zero_g10,8192,Q8_0|unpacked,[1, 512, 1024]
754,23,1,5278,matvec Q8_0,keep::reduce fold,omega_reduce_r3_o2_n2_multiply_add_zero_g10,4096,Q8_0|unpacked,[1, 1024, 512]
755,23,1,5286,matvec Q8_0,keep::reduce fold,omega_reduce_r3_o2_n2_multiply_add_zero_epi3_fused_identity_o3__negate_o2__exponential_s1__add_s2_o1__reciprocal_s3__multiply_s4_o0__multiply_s0_s5_g10,4096,Q8_0|unpacked,[1, 1024, 512]
756,23,1,5288,matvec Q8_0,keep::reduce fold,omega_reduce_r3_o2_n2_multiply_add_zero_g10,8192,Q8_0|unpacked,[1, 512, 1024]
757,23,1,5300,matvec Q8_0,keep::reduce fold,omega_reduce_r3_o2_n2_multiply_add_zero_g10,4096,Q8_0|unpacked,[1, 1024, 512]
758,23,1,5308,matvec Q8_0,keep::reduce fold,omega_reduce_r3_o2_n2_multiply_add_zero_epi3_fused_identity_o3__negate_o2__exponential_s1__add_s2_o1__reciprocal_s3__multiply_s4_o0__multiply_s0_s5_g10,4096,Q8_0|unpacked,[1, 1024, 512]
759,23,1,5310,matvec Q8_0,keep::reduce fold,omega_reduce_r3_o2_n2_multiply_add_zero_g10,8192,Q8_0|unpacked,[1, 512, 1024]
760,23,1,5317,matvec Q8_0,keep::reduce fold,omega_reduce_r3_o2_n2_multiply_add_zero_epi25_fused_identity_o25__multiply_s0_o2__multiply_o3_o4__add_s1_s2__multiply_o5_o6__add_s3_s4__multiply_o7_o8__add_s5_s6__multiply_o9_o10__add_s7_s8__multiply_o11_o12__add_s9_s10__multiply_o13_o14__add_s11_s12__multiply_o15_o16__add_s13_s14__add_o17_o18__add_s16_o19__add_s17_o20__add_s18_o21__add_s19_o22__add_s20_o23__add_s21_o24__reciprocal_s22__multiply_s15_s23__multiply_s24_o1__add_s25_o0_g10,8192,Q8_0|unpacked,[1, 512, 1024]
761,23,1,5338,RMSNorm sumsq + fused epilogue,keep::reduce fold,omega_reduce_r2_o1_n2_multiply_add_zero_epi4_fused_identity_o4__multiply_s0_o3__add_s1_o2__square_root_s2__reciprocal_s3__multiply_s4_o1__multiply_s5_o0,256,unpacked|unpacked,[1, 1024]
762,23,1,5344,matvec Q8_0,keep::reduce fold,omega_reduce_r4_o3_n2_multiply_add_zero,4096,Q8_0|unpacked,[1, 8, 64, 1024]
763,23,1,5340,matvec Q8_0,keep::reduce fold,omega_reduce_r4_o3_n2_multiply_add_zero,8192,Q8_0|unpacked,[1, 16, 64, 1024]
764,23,1,5342,matvec Q8_0,keep::reduce fold,omega_reduce_r4_o3_n2_multiply_add_zero,4096,Q8_0|unpacked,[1, 8, 64, 1024]
765,23,1,5356,RoPE,elementwise,omega_elementwise_r3_n4_fused_multiply_o0_o1__multiply_o2_o3__add_s0_s1,256,unpacked|unpacked|unpacked|unpacked,[1, 8, 32]
766,23,1,5353,RoPE,elementwise,omega_elementwise_r3_n4_fused_multiply_o0_o1__multiply_o2_o3__subtract_s0_s1,256,unpacked|unpacked|unpacked|unpacked,[1, 8, 32]
767,23,1,5347,RoPE,elementwise,omega_elementwise_r3_n4_fused_multiply_o0_o1__multiply_o2_o3__subtract_s0_s1,512,unpacked|unpacked|unpacked|unpacked,[1, 16, 32]
768,23,1,5350,RoPE,elementwise,omega_elementwise_r3_n4_fused_multiply_o0_o1__multiply_o2_o3__add_s0_s1,512,unpacked|unpacked|unpacked|unpacked,[1, 16, 32]
769,23,1,5389,cached attention partial,cached_attention,omega_cached_attention_q1_h8_g2_d64_s3c800000_ln9223372036854775808_up0_x4_e1_k1_ds,65536,unpacked|unpacked|unpacked|unpacked|unpacked|unpacked|unpacked|unpacked|unpacked,[1, 8, 2, 64]
770,23,1,5389,cached attention merge,cached_attention,omega_cached_attention_q1_h8_g2_d64_s3c800000_ln9223372036854775808_up0_x4_e1_k1_ds_merge,16384,unpacked|unpacked|unpacked|unpacked|unpacked|unpacked|unpacked|unpacked|unpacked,[1, 8, 2, 64]
771,23,1,5393,matvec Q8_0,keep::reduce fold,omega_reduce_r5_o2_n2_multiply_add_zero_epi2_fused_identity_o2__multiply_s0_o1__add_s1_o0,8192,Q8_0|unpacked,[1, 8, 2, 64, 1024]
772,23,1,5401,RMSNorm sumsq + fused epilogue,keep::reduce fold,omega_reduce_r2_o1_n2_multiply_add_zero_epi4_fused_identity_o4__multiply_s0_o3__add_s1_o2__square_root_s2__reciprocal_s3__multiply_s4_o1__multiply_s5_o0,256,unpacked|unpacked,[1, 1024]
773,23,1,5403,matvec f32,keep::reduce fold,omega_reduce_r3_o2_n2_multiply_add_zero,8192,unpacked|unpacked,[1, 1024, 32]
774,23,1,5409,UNCLASSIFIED omega_moe_topk_e32_k8,moe_topk,omega_moe_topk_e32_k8,32,unpacked,[1]
775,23,1,5413,matvec Q8_0,keep::reduce fold,omega_reduce_r3_o2_n2_multiply_add_zero_g10,4096,Q8_0|unpacked,[1, 1024, 512]
776,23,1,5421,matvec Q8_0,keep::reduce fold,omega_reduce_r3_o2_n2_multiply_add_zero_epi3_fused_identity_o3__negate_o2__exponential_s1__add_s2_o1__reciprocal_s3__multiply_s4_o0__multiply_s0_s5_g10,4096,Q8_0|unpacked,[1, 1024, 512]
777,23,1,5433,matvec Q8_0,keep::reduce fold,omega_reduce_r3_o2_n2_multiply_add_zero_g10,4096,Q8_0|unpacked,[1, 1024, 512]
778,23,1,5441,matvec Q8_0,keep::reduce fold,omega_reduce_r3_o2_n2_multiply_add_zero_epi3_fused_identity_o3__negate_o2__exponential_s1__add_s2_o1__reciprocal_s3__multiply_s4_o0__multiply_s0_s5_g10,4096,Q8_0|unpacked,[1, 1024, 512]
779,23,1,5443,matvec Q8_0,keep::reduce fold,omega_reduce_r3_o2_n2_multiply_add_zero_g10,8192,Q8_0|unpacked,[1, 512, 1024]
780,23,1,5455,matvec Q8_0,keep::reduce fold,omega_reduce_r3_o2_n2_multiply_add_zero_g10,4096,Q8_0|unpacked,[1, 1024, 512]
781,23,1,5463,matvec Q8_0,keep::reduce fold,omega_reduce_r3_o2_n2_multiply_add_zero_epi3_fused_identity_o3__negate_o2__exponential_s1__add_s2_o1__reciprocal_s3__multiply_s4_o0__multiply_s0_s5_g10,4096,Q8_0|unpacked,[1, 1024, 512]
782,23,1,5465,matvec Q8_0,keep::reduce fold,omega_reduce_r3_o2_n2_multiply_add_zero_g10,8192,Q8_0|unpacked,[1, 512, 1024]
783,23,1,5477,matvec Q8_0,keep::reduce fold,omega_reduce_r3_o2_n2_multiply_add_zero_g10,4096,Q8_0|unpacked,[1, 1024, 512]
784,23,1,5485,matvec Q8_0,keep::reduce fold,omega_reduce_r3_o2_n2_multiply_add_zero_epi3_fused_identity_o3__negate_o2__exponential_s1__add_s2_o1__reciprocal_s3__multiply_s4_o0__multiply_s0_s5_g10,4096,Q8_0|unpacked,[1, 1024, 512]
785,23,1,5487,matvec Q8_0,keep::reduce fold,omega_reduce_r3_o2_n2_multiply_add_zero_g10,8192,Q8_0|unpacked,[1, 512, 1024]
786,23,1,5499,matvec Q8_0,keep::reduce fold,omega_reduce_r3_o2_n2_multiply_add_zero_g10,4096,Q8_0|unpacked,[1, 1024, 512]
787,23,1,5507,matvec Q8_0,keep::reduce fold,omega_reduce_r3_o2_n2_multiply_add_zero_epi3_fused_identity_o3__negate_o2__exponential_s1__add_s2_o1__reciprocal_s3__multiply_s4_o0__multiply_s0_s5_g10,4096,Q8_0|unpacked,[1, 1024, 512]
788,23,1,5509,matvec Q8_0,keep::reduce fold,omega_reduce_r3_o2_n2_multiply_add_zero_g10,8192,Q8_0|unpacked,[1, 512, 1024]
789,23,1,5521,matvec Q8_0,keep::reduce fold,omega_reduce_r3_o2_n2_multiply_add_zero_g10,4096,Q8_0|unpacked,[1, 1024, 512]
790,23,1,5529,matvec Q8_0,keep::reduce fold,omega_reduce_r3_o2_n2_multiply_add_zero_epi3_fused_identity_o3__negate_o2__exponential_s1__add_s2_o1__reciprocal_s3__multiply_s4_o0__multiply_s0_s5_g10,4096,Q8_0|unpacked,[1, 1024, 512]
791,23,1,5531,matvec Q8_0,keep::reduce fold,omega_reduce_r3_o2_n2_multiply_add_zero_g10,8192,Q8_0|unpacked,[1, 512, 1024]
792,23,1,5543,matvec Q8_0,keep::reduce fold,omega_reduce_r3_o2_n2_multiply_add_zero_g10,4096,Q8_0|unpacked,[1, 1024, 512]
793,23,1,5551,matvec Q8_0,keep::reduce fold,omega_reduce_r3_o2_n2_multiply_add_zero_epi3_fused_identity_o3__negate_o2__exponential_s1__add_s2_o1__reciprocal_s3__multiply_s4_o0__multiply_s0_s5_g10,4096,Q8_0|unpacked,[1, 1024, 512]
794,23,1,5553,matvec Q8_0,keep::reduce fold,omega_reduce_r3_o2_n2_multiply_add_zero_g10,8192,Q8_0|unpacked,[1, 512, 1024]
795,23,1,5565,matvec Q8_0,keep::reduce fold,omega_reduce_r3_o2_n2_multiply_add_zero_g10,4096,Q8_0|unpacked,[1, 1024, 512]
796,23,1,5573,matvec Q8_0,keep::reduce fold,omega_reduce_r3_o2_n2_multiply_add_zero_epi3_fused_identity_o3__negate_o2__exponential_s1__add_s2_o1__reciprocal_s3__multiply_s4_o0__multiply_s0_s5_g10,4096,Q8_0|unpacked,[1, 1024, 512]
797,23,1,5575,matvec Q8_0,keep::reduce fold,omega_reduce_r3_o2_n2_multiply_add_zero_g10,8192,Q8_0|unpacked,[1, 512, 1024]
798,23,1,5582,matvec Q8_0,keep::reduce fold,omega_reduce_r3_o2_n2_multiply_add_zero_epi25_fused_identity_o25__multiply_s0_o2__multiply_o3_o4__add_s1_s2__multiply_o5_o6__add_s3_s4__multiply_o7_o8__add_s5_s6__multiply_o9_o10__add_s7_s8__multiply_o11_o12__add_s9_s10__multiply_o13_o14__add_s11_s12__multiply_o15_o16__add_s13_s14__add_o17_o18__add_s16_o19__add_s17_o20__add_s18_o21__add_s19_o22__add_s20_o23__add_s21_o24__reciprocal_s22__multiply_s15_s23__multiply_s24_o1__add_s25_o0_g10,8192,Q8_0|unpacked,[1, 512, 1024]
799,23,1,5603,RMSNorm sumsq + fused epilogue,keep::reduce fold,omega_reduce_r2_o1_n2_multiply_add_zero_epi4_fused_identity_o4__multiply_s0_o3__add_s1_o2__square_root_s2__reciprocal_s3__multiply_s4_o1__multiply_s5_o0,256,unpacked|unpacked,[1, 1024]
800,23,1,5609,matvec Q8_0,keep::reduce fold,omega_reduce_r4_o3_n2_multiply_add_zero,4096,Q8_0|unpacked,[1, 8, 64, 1024]
801,23,1,5605,matvec Q8_0,keep::reduce fold,omega_reduce_r4_o3_n2_multiply_add_zero,8192,Q8_0|unpacked,[1, 16, 64, 1024]
802,23,1,5607,matvec Q8_0,keep::reduce fold,omega_reduce_r4_o3_n2_multiply_add_zero,4096,Q8_0|unpacked,[1, 8, 64, 1024]
803,23,1,5621,RoPE,elementwise,omega_elementwise_r3_n4_fused_multiply_o0_o1__multiply_o2_o3__add_s0_s1,256,unpacked|unpacked|unpacked|unpacked,[1, 8, 32]
804,23,1,5618,RoPE,elementwise,omega_elementwise_r3_n4_fused_multiply_o0_o1__multiply_o2_o3__subtract_s0_s1,256,unpacked|unpacked|unpacked|unpacked,[1, 8, 32]
805,23,1,5612,RoPE,elementwise,omega_elementwise_r3_n4_fused_multiply_o0_o1__multiply_o2_o3__subtract_s0_s1,512,unpacked|unpacked|unpacked|unpacked,[1, 16, 32]
806,23,1,5615,RoPE,elementwise,omega_elementwise_r3_n4_fused_multiply_o0_o1__multiply_o2_o3__add_s0_s1,512,unpacked|unpacked|unpacked|unpacked,[1, 16, 32]
807,23,1,5654,cached attention partial,cached_attention,omega_cached_attention_q1_h8_g2_d64_s3c800000_ln9223372036854775808_up0_x4_e1_k1_ds,65536,unpacked|unpacked|unpacked|unpacked|unpacked|unpacked|unpacked|unpacked|unpacked,[1, 8, 2, 64]
808,23,1,5654,cached attention merge,cached_attention,omega_cached_attention_q1_h8_g2_d64_s3c800000_ln9223372036854775808_up0_x4_e1_k1_ds_merge,16384,unpacked|unpacked|unpacked|unpacked|unpacked|unpacked|unpacked|unpacked|unpacked,[1, 8, 2, 64]
809,23,1,5658,matvec Q8_0,keep::reduce fold,omega_reduce_r5_o2_n2_multiply_add_zero_epi2_fused_identity_o2__multiply_s0_o1__add_s1_o0,8192,Q8_0|unpacked,[1, 8, 2, 64, 1024]
810,23,1,5666,RMSNorm sumsq + fused epilogue,keep::reduce fold,omega_reduce_r2_o1_n2_multiply_add_zero_epi4_fused_identity_o4__multiply_s0_o3__add_s1_o2__square_root_s2__reciprocal_s3__multiply_s4_o1__multiply_s5_o0,256,unpacked|unpacked,[1, 1024]
811,23,1,5668,matvec f32,keep::reduce fold,omega_reduce_r3_o2_n2_multiply_add_zero,8192,unpacked|unpacked,[1, 1024, 32]
812,23,1,5674,UNCLASSIFIED omega_moe_topk_e32_k8,moe_topk,omega_moe_topk_e32_k8,32,unpacked,[1]
813,23,1,5678,matvec Q8_0,keep::reduce fold,omega_reduce_r3_o2_n2_multiply_add_zero_g10,4096,Q8_0|unpacked,[1, 1024, 512]
814,23,1,5686,matvec Q8_0,keep::reduce fold,omega_reduce_r3_o2_n2_multiply_add_zero_epi3_fused_identity_o3__negate_o2__exponential_s1__add_s2_o1__reciprocal_s3__multiply_s4_o0__multiply_s0_s5_g10,4096,Q8_0|unpacked,[1, 1024, 512]
815,23,1,5698,matvec Q8_0,keep::reduce fold,omega_reduce_r3_o2_n2_multiply_add_zero_g10,4096,Q8_0|unpacked,[1, 1024, 512]
816,23,1,5706,matvec Q8_0,keep::reduce fold,omega_reduce_r3_o2_n2_multiply_add_zero_epi3_fused_identity_o3__negate_o2__exponential_s1__add_s2_o1__reciprocal_s3__multiply_s4_o0__multiply_s0_s5_g10,4096,Q8_0|unpacked,[1, 1024, 512]
817,23,1,5708,matvec Q8_0,keep::reduce fold,omega_reduce_r3_o2_n2_multiply_add_zero_g10,8192,Q8_0|unpacked,[1, 512, 1024]
818,23,1,5720,matvec Q8_0,keep::reduce fold,omega_reduce_r3_o2_n2_multiply_add_zero_g10,4096,Q8_0|unpacked,[1, 1024, 512]
819,23,1,5728,matvec Q8_0,keep::reduce fold,omega_reduce_r3_o2_n2_multiply_add_zero_epi3_fused_identity_o3__negate_o2__exponential_s1__add_s2_o1__reciprocal_s3__multiply_s4_o0__multiply_s0_s5_g10,4096,Q8_0|unpacked,[1, 1024, 512]
820,23,1,5730,matvec Q8_0,keep::reduce fold,omega_reduce_r3_o2_n2_multiply_add_zero_g10,8192,Q8_0|unpacked,[1, 512, 1024]
821,23,1,5742,matvec Q8_0,keep::reduce fold,omega_reduce_r3_o2_n2_multiply_add_zero_g10,4096,Q8_0|unpacked,[1, 1024, 512]
822,23,1,5750,matvec Q8_0,keep::reduce fold,omega_reduce_r3_o2_n2_multiply_add_zero_epi3_fused_identity_o3__negate_o2__exponential_s1__add_s2_o1__reciprocal_s3__multiply_s4_o0__multiply_s0_s5_g10,4096,Q8_0|unpacked,[1, 1024, 512]
823,23,1,5752,matvec Q8_0,keep::reduce fold,omega_reduce_r3_o2_n2_multiply_add_zero_g10,8192,Q8_0|unpacked,[1, 512, 1024]
824,23,1,5764,matvec Q8_0,keep::reduce fold,omega_reduce_r3_o2_n2_multiply_add_zero_g10,4096,Q8_0|unpacked,[1, 1024, 512]
825,23,1,5772,matvec Q8_0,keep::reduce fold,omega_reduce_r3_o2_n2_multiply_add_zero_epi3_fused_identity_o3__negate_o2__exponential_s1__add_s2_o1__reciprocal_s3__multiply_s4_o0__multiply_s0_s5_g10,4096,Q8_0|unpacked,[1, 1024, 512]
826,23,1,5774,matvec Q8_0,keep::reduce fold,omega_reduce_r3_o2_n2_multiply_add_zero_g10,8192,Q8_0|unpacked,[1, 512, 1024]
827,23,1,5786,matvec Q8_0,keep::reduce fold,omega_reduce_r3_o2_n2_multiply_add_zero_g10,4096,Q8_0|unpacked,[1, 1024, 512]
828,23,1,5794,matvec Q8_0,keep::reduce fold,omega_reduce_r3_o2_n2_multiply_add_zero_epi3_fused_identity_o3__negate_o2__exponential_s1__add_s2_o1__reciprocal_s3__multiply_s4_o0__multiply_s0_s5_g10,4096,Q8_0|unpacked,[1, 1024, 512]
829,23,1,5796,matvec Q8_0,keep::reduce fold,omega_reduce_r3_o2_n2_multiply_add_zero_g10,8192,Q8_0|unpacked,[1, 512, 1024]
830,23,1,5808,matvec Q8_0,keep::reduce fold,omega_reduce_r3_o2_n2_multiply_add_zero_g10,4096,Q8_0|unpacked,[1, 1024, 512]
831,23,1,5816,matvec Q8_0,keep::reduce fold,omega_reduce_r3_o2_n2_multiply_add_zero_epi3_fused_identity_o3__negate_o2__exponential_s1__add_s2_o1__reciprocal_s3__multiply_s4_o0__multiply_s0_s5_g10,4096,Q8_0|unpacked,[1, 1024, 512]
832,23,1,5818,matvec Q8_0,keep::reduce fold,omega_reduce_r3_o2_n2_multiply_add_zero_g10,8192,Q8_0|unpacked,[1, 512, 1024]
833,23,1,5830,matvec Q8_0,keep::reduce fold,omega_reduce_r3_o2_n2_multiply_add_zero_g10,4096,Q8_0|unpacked,[1, 1024, 512]
834,23,1,5838,matvec Q8_0,keep::reduce fold,omega_reduce_r3_o2_n2_multiply_add_zero_epi3_fused_identity_o3__negate_o2__exponential_s1__add_s2_o1__reciprocal_s3__multiply_s4_o0__multiply_s0_s5_g10,4096,Q8_0|unpacked,[1, 1024, 512]
835,23,1,5840,matvec Q8_0,keep::reduce fold,omega_reduce_r3_o2_n2_multiply_add_zero_g10,8192,Q8_0|unpacked,[1, 512, 1024]
836,23,1,5847,matvec Q8_0,keep::reduce fold,omega_reduce_r3_o2_n2_multiply_add_zero_epi25_fused_identity_o25__multiply_s0_o2__multiply_o3_o4__add_s1_s2__multiply_o5_o6__add_s3_s4__multiply_o7_o8__add_s5_s6__multiply_o9_o10__add_s7_s8__multiply_o11_o12__add_s9_s10__multiply_o13_o14__add_s11_s12__multiply_o15_o16__add_s13_s14__add_o17_o18__add_s16_o19__add_s17_o20__add_s18_o21__add_s19_o22__add_s20_o23__add_s21_o24__reciprocal_s22__multiply_s15_s23__multiply_s24_o1__add_s25_o0_g10,8192,Q8_0|unpacked,[1, 512, 1024]
837,23,1,5868,RMSNorm sumsq + fused epilogue,keep::reduce fold,omega_reduce_r2_o1_n2_multiply_add_zero_epi4_fused_identity_o4__multiply_s0_o3__add_s1_o2__square_root_s2__reciprocal_s3__multiply_s4_o1__multiply_s5_o0,256,unpacked|unpacked,[1, 1024]
838,23,1,5874,matvec Q8_0,keep::reduce fold,omega_reduce_r4_o3_n2_multiply_add_zero,4096,Q8_0|unpacked,[1, 8, 64, 1024]
839,23,1,5870,matvec Q8_0,keep::reduce fold,omega_reduce_r4_o3_n2_multiply_add_zero,8192,Q8_0|unpacked,[1, 16, 64, 1024]
840,23,1,5872,matvec Q8_0,keep::reduce fold,omega_reduce_r4_o3_n2_multiply_add_zero,4096,Q8_0|unpacked,[1, 8, 64, 1024]
841,23,1,5886,RoPE,elementwise,omega_elementwise_r3_n4_fused_multiply_o0_o1__multiply_o2_o3__add_s0_s1,256,unpacked|unpacked|unpacked|unpacked,[1, 8, 32]
842,23,1,5883,RoPE,elementwise,omega_elementwise_r3_n4_fused_multiply_o0_o1__multiply_o2_o3__subtract_s0_s1,256,unpacked|unpacked|unpacked|unpacked,[1, 8, 32]
843,23,1,5877,RoPE,elementwise,omega_elementwise_r3_n4_fused_multiply_o0_o1__multiply_o2_o3__subtract_s0_s1,512,unpacked|unpacked|unpacked|unpacked,[1, 16, 32]
844,23,1,5880,RoPE,elementwise,omega_elementwise_r3_n4_fused_multiply_o0_o1__multiply_o2_o3__add_s0_s1,512,unpacked|unpacked|unpacked|unpacked,[1, 16, 32]
845,23,1,5919,cached attention partial,cached_attention,omega_cached_attention_q1_h8_g2_d64_s3c800000_ln9223372036854775808_up0_x4_e1_k1_ds,65536,unpacked|unpacked|unpacked|unpacked|unpacked|unpacked|unpacked|unpacked|unpacked,[1, 8, 2, 64]
846,23,1,5919,cached attention merge,cached_attention,omega_cached_attention_q1_h8_g2_d64_s3c800000_ln9223372036854775808_up0_x4_e1_k1_ds_merge,16384,unpacked|unpacked|unpacked|unpacked|unpacked|unpacked|unpacked|unpacked|unpacked,[1, 8, 2, 64]
847,23,1,5923,matvec Q8_0,keep::reduce fold,omega_reduce_r5_o2_n2_multiply_add_zero_epi2_fused_identity_o2__multiply_s0_o1__add_s1_o0,8192,Q8_0|unpacked,[1, 8, 2, 64, 1024]
848,23,1,5931,RMSNorm sumsq + fused epilogue,keep::reduce fold,omega_reduce_r2_o1_n2_multiply_add_zero_epi4_fused_identity_o4__multiply_s0_o3__add_s1_o2__square_root_s2__reciprocal_s3__multiply_s4_o1__multiply_s5_o0,256,unpacked|unpacked,[1, 1024]
849,23,1,5933,matvec f32,keep::reduce fold,omega_reduce_r3_o2_n2_multiply_add_zero,8192,unpacked|unpacked,[1, 1024, 32]
850,23,1,5939,UNCLASSIFIED omega_moe_topk_e32_k8,moe_topk,omega_moe_topk_e32_k8,32,unpacked,[1]
851,23,1,5943,matvec Q8_0,keep::reduce fold,omega_reduce_r3_o2_n2_multiply_add_zero_g10,4096,Q8_0|unpacked,[1, 1024, 512]
852,23,1,5951,matvec Q8_0,keep::reduce fold,omega_reduce_r3_o2_n2_multiply_add_zero_epi3_fused_identity_o3__negate_o2__exponential_s1__add_s2_o1__reciprocal_s3__multiply_s4_o0__multiply_s0_s5_g10,4096,Q8_0|unpacked,[1, 1024, 512]
853,23,1,5963,matvec Q8_0,keep::reduce fold,omega_reduce_r3_o2_n2_multiply_add_zero_g10,4096,Q8_0|unpacked,[1, 1024, 512]
854,23,1,5971,matvec Q8_0,keep::reduce fold,omega_reduce_r3_o2_n2_multiply_add_zero_epi3_fused_identity_o3__negate_o2__exponential_s1__add_s2_o1__reciprocal_s3__multiply_s4_o0__multiply_s0_s5_g10,4096,Q8_0|unpacked,[1, 1024, 512]
855,23,1,5973,matvec Q8_0,keep::reduce fold,omega_reduce_r3_o2_n2_multiply_add_zero_g10,8192,Q8_0|unpacked,[1, 512, 1024]
856,23,1,5985,matvec Q8_0,keep::reduce fold,omega_reduce_r3_o2_n2_multiply_add_zero_g10,4096,Q8_0|unpacked,[1, 1024, 512]
857,23,1,5993,matvec Q8_0,keep::reduce fold,omega_reduce_r3_o2_n2_multiply_add_zero_epi3_fused_identity_o3__negate_o2__exponential_s1__add_s2_o1__reciprocal_s3__multiply_s4_o0__multiply_s0_s5_g10,4096,Q8_0|unpacked,[1, 1024, 512]
858,23,1,5995,matvec Q8_0,keep::reduce fold,omega_reduce_r3_o2_n2_multiply_add_zero_g10,8192,Q8_0|unpacked,[1, 512, 1024]
859,23,1,6007,matvec Q8_0,keep::reduce fold,omega_reduce_r3_o2_n2_multiply_add_zero_g10,4096,Q8_0|unpacked,[1, 1024, 512]
860,23,1,6015,matvec Q8_0,keep::reduce fold,omega_reduce_r3_o2_n2_multiply_add_zero_epi3_fused_identity_o3__negate_o2__exponential_s1__add_s2_o1__reciprocal_s3__multiply_s4_o0__multiply_s0_s5_g10,4096,Q8_0|unpacked,[1, 1024, 512]
861,23,1,6017,matvec Q8_0,keep::reduce fold,omega_reduce_r3_o2_n2_multiply_add_zero_g10,8192,Q8_0|unpacked,[1, 512, 1024]
862,23,1,6029,matvec Q8_0,keep::reduce fold,omega_reduce_r3_o2_n2_multiply_add_zero_g10,4096,Q8_0|unpacked,[1, 1024, 512]
863,23,1,6037,matvec Q8_0,keep::reduce fold,omega_reduce_r3_o2_n2_multiply_add_zero_epi3_fused_identity_o3__negate_o2__exponential_s1__add_s2_o1__reciprocal_s3__multiply_s4_o0__multiply_s0_s5_g10,4096,Q8_0|unpacked,[1, 1024, 512]
864,23,1,6039,matvec Q8_0,keep::reduce fold,omega_reduce_r3_o2_n2_multiply_add_zero_g10,8192,Q8_0|unpacked,[1, 512, 1024]
865,23,1,6051,matvec Q8_0,keep::reduce fold,omega_reduce_r3_o2_n2_multiply_add_zero_g10,4096,Q8_0|unpacked,[1, 1024, 512]
866,23,1,6059,matvec Q8_0,keep::reduce fold,omega_reduce_r3_o2_n2_multiply_add_zero_epi3_fused_identity_o3__negate_o2__exponential_s1__add_s2_o1__reciprocal_s3__multiply_s4_o0__multiply_s0_s5_g10,4096,Q8_0|unpacked,[1, 1024, 512]
867,23,1,6061,matvec Q8_0,keep::reduce fold,omega_reduce_r3_o2_n2_multiply_add_zero_g10,8192,Q8_0|unpacked,[1, 512, 1024]
868,23,1,6073,matvec Q8_0,keep::reduce fold,omega_reduce_r3_o2_n2_multiply_add_zero_g10,4096,Q8_0|unpacked,[1, 1024, 512]
869,23,1,6081,matvec Q8_0,keep::reduce fold,omega_reduce_r3_o2_n2_multiply_add_zero_epi3_fused_identity_o3__negate_o2__exponential_s1__add_s2_o1__reciprocal_s3__multiply_s4_o0__multiply_s0_s5_g10,4096,Q8_0|unpacked,[1, 1024, 512]
870,23,1,6083,matvec Q8_0,keep::reduce fold,omega_reduce_r3_o2_n2_multiply_add_zero_g10,8192,Q8_0|unpacked,[1, 512, 1024]
871,23,1,6095,matvec Q8_0,keep::reduce fold,omega_reduce_r3_o2_n2_multiply_add_zero_g10,4096,Q8_0|unpacked,[1, 1024, 512]
872,23,1,6103,matvec Q8_0,keep::reduce fold,omega_reduce_r3_o2_n2_multiply_add_zero_epi3_fused_identity_o3__negate_o2__exponential_s1__add_s2_o1__reciprocal_s3__multiply_s4_o0__multiply_s0_s5_g10,4096,Q8_0|unpacked,[1, 1024, 512]
873,23,1,6105,matvec Q8_0,keep::reduce fold,omega_reduce_r3_o2_n2_multiply_add_zero_g10,8192,Q8_0|unpacked,[1, 512, 1024]
874,23,1,6112,matvec Q8_0,keep::reduce fold,omega_reduce_r3_o2_n2_multiply_add_zero_epi25_fused_identity_o25__multiply_s0_o2__multiply_o3_o4__add_s1_s2__multiply_o5_o6__add_s3_s4__multiply_o7_o8__add_s5_s6__multiply_o9_o10__add_s7_s8__multiply_o11_o12__add_s9_s10__multiply_o13_o14__add_s11_s12__multiply_o15_o16__add_s13_s14__add_o17_o18__add_s16_o19__add_s17_o20__add_s18_o21__add_s19_o22__add_s20_o23__add_s21_o24__reciprocal_s22__multiply_s15_s23__multiply_s24_o1__add_s25_o0_g10,8192,Q8_0|unpacked,[1, 512, 1024]
875,23,1,6133,RMSNorm sumsq + fused epilogue,keep::reduce fold,omega_reduce_r2_o1_n2_multiply_add_zero_epi4_fused_identity_o4__multiply_s0_o3__add_s1_o2__square_root_s2__reciprocal_s3__multiply_s4_o1__multiply_s5_o0,256,unpacked|unpacked,[1, 1024]
876,23,1,6139,matvec Q8_0,keep::reduce fold,omega_reduce_r4_o3_n2_multiply_add_zero,4096,Q8_0|unpacked,[1, 8, 64, 1024]
877,23,1,6135,matvec Q8_0,keep::reduce fold,omega_reduce_r4_o3_n2_multiply_add_zero,8192,Q8_0|unpacked,[1, 16, 64, 1024]
878,23,1,6137,matvec Q8_0,keep::reduce fold,omega_reduce_r4_o3_n2_multiply_add_zero,4096,Q8_0|unpacked,[1, 8, 64, 1024]
879,23,1,6151,RoPE,elementwise,omega_elementwise_r3_n4_fused_multiply_o0_o1__multiply_o2_o3__add_s0_s1,256,unpacked|unpacked|unpacked|unpacked,[1, 8, 32]
880,23,1,6148,RoPE,elementwise,omega_elementwise_r3_n4_fused_multiply_o0_o1__multiply_o2_o3__subtract_s0_s1,256,unpacked|unpacked|unpacked|unpacked,[1, 8, 32]
881,23,1,6142,RoPE,elementwise,omega_elementwise_r3_n4_fused_multiply_o0_o1__multiply_o2_o3__subtract_s0_s1,512,unpacked|unpacked|unpacked|unpacked,[1, 16, 32]
882,23,1,6145,RoPE,elementwise,omega_elementwise_r3_n4_fused_multiply_o0_o1__multiply_o2_o3__add_s0_s1,512,unpacked|unpacked|unpacked|unpacked,[1, 16, 32]
883,23,1,6184,cached attention partial,cached_attention,omega_cached_attention_q1_h8_g2_d64_s3c800000_ln9223372036854775808_up0_x4_e1_k1_ds,65536,unpacked|unpacked|unpacked|unpacked|unpacked|unpacked|unpacked|unpacked|unpacked,[1, 8, 2, 64]
884,23,1,6184,cached attention merge,cached_attention,omega_cached_attention_q1_h8_g2_d64_s3c800000_ln9223372036854775808_up0_x4_e1_k1_ds_merge,16384,unpacked|unpacked|unpacked|unpacked|unpacked|unpacked|unpacked|unpacked|unpacked,[1, 8, 2, 64]
885,23,1,6188,matvec Q8_0,keep::reduce fold,omega_reduce_r5_o2_n2_multiply_add_zero_epi2_fused_identity_o2__multiply_s0_o1__add_s1_o0,8192,Q8_0|unpacked,[1, 8, 2, 64, 1024]
886,23,1,6196,RMSNorm sumsq + fused epilogue,keep::reduce fold,omega_reduce_r2_o1_n2_multiply_add_zero_epi4_fused_identity_o4__multiply_s0_o3__add_s1_o2__square_root_s2__reciprocal_s3__multiply_s4_o1__multiply_s5_o0,256,unpacked|unpacked,[1, 1024]
887,23,1,6198,matvec f32,keep::reduce fold,omega_reduce_r3_o2_n2_multiply_add_zero,8192,unpacked|unpacked,[1, 1024, 32]
888,23,1,6204,UNCLASSIFIED omega_moe_topk_e32_k8,moe_topk,omega_moe_topk_e32_k8,32,unpacked,[1]
889,23,1,6208,matvec Q8_0,keep::reduce fold,omega_reduce_r3_o2_n2_multiply_add_zero_g10,4096,Q8_0|unpacked,[1, 1024, 512]
890,23,1,6216,matvec Q8_0,keep::reduce fold,omega_reduce_r3_o2_n2_multiply_add_zero_epi3_fused_identity_o3__negate_o2__exponential_s1__add_s2_o1__reciprocal_s3__multiply_s4_o0__multiply_s0_s5_g10,4096,Q8_0|unpacked,[1, 1024, 512]
891,23,1,6228,matvec Q8_0,keep::reduce fold,omega_reduce_r3_o2_n2_multiply_add_zero_g10,4096,Q8_0|unpacked,[1, 1024, 512]
892,23,1,6236,matvec Q8_0,keep::reduce fold,omega_reduce_r3_o2_n2_multiply_add_zero_epi3_fused_identity_o3__negate_o2__exponential_s1__add_s2_o1__reciprocal_s3__multiply_s4_o0__multiply_s0_s5_g10,4096,Q8_0|unpacked,[1, 1024, 512]
893,23,1,6238,matvec Q8_0,keep::reduce fold,omega_reduce_r3_o2_n2_multiply_add_zero_g10,8192,Q8_0|unpacked,[1, 512, 1024]
894,23,1,6250,matvec Q8_0,keep::reduce fold,omega_reduce_r3_o2_n2_multiply_add_zero_g10,4096,Q8_0|unpacked,[1, 1024, 512]
895,23,1,6258,matvec Q8_0,keep::reduce fold,omega_reduce_r3_o2_n2_multiply_add_zero_epi3_fused_identity_o3__negate_o2__exponential_s1__add_s2_o1__reciprocal_s3__multiply_s4_o0__multiply_s0_s5_g10,4096,Q8_0|unpacked,[1, 1024, 512]
896,23,1,6260,matvec Q8_0,keep::reduce fold,omega_reduce_r3_o2_n2_multiply_add_zero_g10,8192,Q8_0|unpacked,[1, 512, 1024]
897,23,1,6272,matvec Q8_0,keep::reduce fold,omega_reduce_r3_o2_n2_multiply_add_zero_g10,4096,Q8_0|unpacked,[1, 1024, 512]
898,23,1,6280,matvec Q8_0,keep::reduce fold,omega_reduce_r3_o2_n2_multiply_add_zero_epi3_fused_identity_o3__negate_o2__exponential_s1__add_s2_o1__reciprocal_s3__multiply_s4_o0__multiply_s0_s5_g10,4096,Q8_0|unpacked,[1, 1024, 512]
899,23,1,6282,matvec Q8_0,keep::reduce fold,omega_reduce_r3_o2_n2_multiply_add_zero_g10,8192,Q8_0|unpacked,[1, 512, 1024]
900,23,1,6294,matvec Q8_0,keep::reduce fold,omega_reduce_r3_o2_n2_multiply_add_zero_g10,4096,Q8_0|unpacked,[1, 1024, 512]
901,23,1,6302,matvec Q8_0,keep::reduce fold,omega_reduce_r3_o2_n2_multiply_add_zero_epi3_fused_identity_o3__negate_o2__exponential_s1__add_s2_o1__reciprocal_s3__multiply_s4_o0__multiply_s0_s5_g10,4096,Q8_0|unpacked,[1, 1024, 512]
902,23,1,6304,matvec Q8_0,keep::reduce fold,omega_reduce_r3_o2_n2_multiply_add_zero_g10,8192,Q8_0|unpacked,[1, 512, 1024]
903,23,1,6316,matvec Q8_0,keep::reduce fold,omega_reduce_r3_o2_n2_multiply_add_zero_g10,4096,Q8_0|unpacked,[1, 1024, 512]
904,23,1,6324,matvec Q8_0,keep::reduce fold,omega_reduce_r3_o2_n2_multiply_add_zero_epi3_fused_identity_o3__negate_o2__exponential_s1__add_s2_o1__reciprocal_s3__multiply_s4_o0__multiply_s0_s5_g10,4096,Q8_0|unpacked,[1, 1024, 512]
905,23,1,6326,matvec Q8_0,keep::reduce fold,omega_reduce_r3_o2_n2_multiply_add_zero_g10,8192,Q8_0|unpacked,[1, 512, 1024]
906,23,1,6338,matvec Q8_0,keep::reduce fold,omega_reduce_r3_o2_n2_multiply_add_zero_g10,4096,Q8_0|unpacked,[1, 1024, 512]
907,23,1,6346,matvec Q8_0,keep::reduce fold,omega_reduce_r3_o2_n2_multiply_add_zero_epi3_fused_identity_o3__negate_o2__exponential_s1__add_s2_o1__reciprocal_s3__multiply_s4_o0__multiply_s0_s5_g10,4096,Q8_0|unpacked,[1, 1024, 512]
908,23,1,6348,matvec Q8_0,keep::reduce fold,omega_reduce_r3_o2_n2_multiply_add_zero_g10,8192,Q8_0|unpacked,[1, 512, 1024]
909,23,1,6360,matvec Q8_0,keep::reduce fold,omega_reduce_r3_o2_n2_multiply_add_zero_g10,4096,Q8_0|unpacked,[1, 1024, 512]
910,23,1,6368,matvec Q8_0,keep::reduce fold,omega_reduce_r3_o2_n2_multiply_add_zero_epi3_fused_identity_o3__negate_o2__exponential_s1__add_s2_o1__reciprocal_s3__multiply_s4_o0__multiply_s0_s5_g10,4096,Q8_0|unpacked,[1, 1024, 512]
911,23,1,6370,matvec Q8_0,keep::reduce fold,omega_reduce_r3_o2_n2_multiply_add_zero_g10,8192,Q8_0|unpacked,[1, 512, 1024]
912,23,1,6377,matvec Q8_0,keep::reduce fold,omega_reduce_r3_o2_n2_multiply_add_zero_epi25_fused_identity_o25__multiply_s0_o2__multiply_o3_o4__add_s1_s2__multiply_o5_o6__add_s3_s4__multiply_o7_o8__add_s5_s6__multiply_o9_o10__add_s7_s8__multiply_o11_o12__add_s9_s10__multiply_o13_o14__add_s11_s12__multiply_o15_o16__add_s13_s14__add_o17_o18__add_s16_o19__add_s17_o20__add_s18_o21__add_s19_o22__add_s20_o23__add_s21_o24__reciprocal_s22__multiply_s15_s23__multiply_s24_o1__add_s25_o0_g10,8192,Q8_0|unpacked,[1, 512, 1024]
913,23,1,6386,RMSNorm sumsq + fused epilogue,keep::reduce fold,omega_reduce_r2_o1_n2_multiply_add_zero_epi4_fused_identity_o4__multiply_s0_o3__add_s1_o2__square_root_s2__reciprocal_s3__multiply_s4_o1__multiply_s5_o0,256,unpacked|unpacked,[1, 1024]
914,23,1,6388,elementwise identity_g1,elementwise,omega_elementwise_r2_n1_identity_g1,1024,unpacked,[1, 1024]
915,23,1,6393,matvec Q8_0,keep::reduce fold,omega_reduce_r3_o2_n2_multiply_add_zero_epi1_fused_identity_o1__multiply_s0_o0,393248,unpacked|Q8_0,[1, 1024, 49155]
916,23,1,6395,identity copy,elementwise,omega_elementwise_r3_n1_identity,49155,unpacked,[1, 113, 435]
917,23,1,6396,softmax max,keep::reduce fold,omega_reduce_r3_o2_n1_identity_maximum_negative_infinity,14464,unpacked,[1, 113, 435]
918,23,1,6397,softmax max,keep::reduce fold,omega_reduce_r2_o1_n1_identity_maximum_negative_infinity,32,unpacked,[1, 113]
919,23,1,6399,iota,iota,omega_iota_r1,113,,[113]
920,23,1,6400,iota,iota,omega_iota_r1,435,,[435]
921,23,1,6402,elementwise multiply,elementwise,omega_elementwise_r1_n2_multiply,113,unpacked|unpacked,[113]
922,23,1,6406,UNCLASSIFIED omega_reduce_r3_o2_n5_fused_equal_o0_o1__add_o2_o3__select_s0_s1_o4_minimum_positive_infinity,keep::reduce fold,omega_reduce_r3_o2_n5_fused_equal_o0_o1__add_o2_o3__select_s0_s1_o4_minimum_positive_infinity,14464,unpacked|unpacked|unpacked|unpacked|unpacked,[1, 113, 435]
923,23,1,6407,UNCLASSIFIED omega_reduce_r2_o1_n1_identity_minimum_positive_infinity,keep::reduce fold,omega_reduce_r2_o1_n1_identity_minimum_positive_infinity,32,unpacked,[1, 113]
924,23,1,6413,matvec f32,keep::reduce fold,omega_reduce_r3_o2_n4_fused_greater_o0_o1__greater_o2_o3__multiply_s0_s1_add_zero,14464,unpacked|unpacked|unpacked|unpacked,[1, 113, 435]
925,23,1,6414,softmax sum,keep::reduce fold,omega_reduce_r2_o1_n1_identity_add_zero,32,unpacked,[1, 113]
