index,step,chunk_index,node,class,kind,entry,grid_threads,operand_codecs,extents
0,23,1,4,elementwise fused_identity_o0__multiply_s0_o1_g10,elementwise,omega_elementwise_r2_n2_fused_identity_o0__multiply_s0_o1_g10,1536,Q6K|unpacked,[1, 1536]
1,23,1,17,matvec Float16,keep::reduce fold,omega_reduce_r3_o2_n2_multiply_add_zero_epi1_fused_identity_o1__multiply_s0_o0,2293760,unpacked|Float16,[1, 1536, 8960]
2,23,1,12,elementwise fused_identity_o0__multiply_s0_o1_g10,elementwise,omega_elementwise_r2_n2_fused_identity_o0__multiply_s0_o1_g10,8960,Q6K|unpacked,[1, 8960]
3,23,1,64,identity copy,elementwise,omega_elementwise_r2_n1_identity,256,unpacked,[1, 256]
4,23,1,93,RMSNorm sumsq + fused epilogue,keep::reduce fold,omega_reduce_r2_o1_n2_multiply_add_zero_epi4_fused_identity_o4__multiply_s0_o3__add_s1_o2__square_root_s2__reciprocal_s3__multiply_s4_o1__multiply_s5_o0,256,unpacked|unpacked,[1, 1536]
5,23,1,95,matvec Q4_0,keep::reduce fold,omega_reduce_r4_o3_n2_multiply_add_zero,16384,Q4_0|unpacked,[1, 8, 256, 1536]
6,23,1,97,RMSNorm sumsq,keep::reduce fold,omega_reduce_r3_o2_n2_multiply_add_zero,512,unpacked|unpacked,[1, 8, 256]
7,23,1,105,matvec Q4_0,keep::reduce fold,omega_reduce_r4_o3_n2_multiply_add_zero,2048,Q4_0|unpacked,[1, 1, 256, 1536]
8,23,1,107,RMSNorm sumsq,keep::reduce fold,omega_reduce_r3_o2_n2_multiply_add_zero,64,unpacked|unpacked,[1, 1, 256]
9,23,1,113,norm apply,elementwise,omega_elementwise_r3_n5_fused_multiply_o3_o4__add_s0_o2__square_root_s1__reciprocal_s2__multiply_s3_o1__multiply_s4_o0,256,unpacked|unpacked|unpacked|unpacked|unpacked,[1, 1, 256]
10,23,1,119,RoPE,elementwise,omega_elementwise_r3_n4_fused_multiply_o0_o1__multiply_o2_o3__add_s0_s1,128,unpacked|unpacked|unpacked|unpacked,[1, 1, 128]
11,23,1,116,RoPE,elementwise,omega_elementwise_r3_n4_fused_multiply_o0_o1__multiply_o2_o3__subtract_s0_s1,128,unpacked|unpacked|unpacked|unpacked,[1, 1, 128]
12,23,1,121,matvec Q4_0,keep::reduce fold,omega_reduce_r4_o3_n2_multiply_add_zero,2048,Q4_0|unpacked,[1, 1, 256, 1536]
13,23,1,123,RMSNorm sumsq,keep::reduce fold,omega_reduce_r3_o2_n2_multiply_add_zero,64,unpacked|unpacked,[1, 1, 256]
14,23,1,128,norm apply,elementwise,omega_elementwise_r3_n4_fused_multiply_o2_o3__add_s0_o1__square_root_s1__reciprocal_s2__multiply_s3_o0,256,unpacked|unpacked|unpacked|unpacked,[1, 1, 256]
15,23,2,103,norm apply,elementwise,omega_elementwise_r3_n5_fused_multiply_o3_o4__add_s0_o2__square_root_s1__reciprocal_s2__multiply_s3_o1__multiply_s4_o0,2048,unpacked|unpacked|unpacked|unpacked|unpacked,[1, 8, 256]
16,23,2,131,RoPE,elementwise,omega_elementwise_r3_n4_fused_multiply_o0_o1__multiply_o2_o3__subtract_s0_s1,1024,unpacked|unpacked|unpacked|unpacked,[1, 8, 128]
17,23,2,134,RoPE,elementwise,omega_elementwise_r3_n4_fused_multiply_o0_o1__multiply_o2_o3__add_s0_s1,1024,unpacked|unpacked|unpacked|unpacked,[1, 8, 128]
18,23,2,167,cached attention partial,cached_attention,omega_cached_attention_q1_h1_g8_d256_s3f800000_ln511_up0_x4_e1_k1_ds,17408,unpacked|unpacked|unpacked|unpacked|unpacked|unpacked|unpacked|unpacked|unpacked,[1, 1, 8, 256]
19,23,2,167,cached attention merge,cached_attention,omega_cached_attention_q1_h1_g8_d256_s3f800000_ln511_up0_x4_e1_k1_ds_merge,8192,unpacked|unpacked|unpacked|unpacked|unpacked|unpacked|unpacked|unpacked|unpacked,[1, 1, 8, 256]
20,23,2,169,matvec Q4_0,keep::reduce fold,omega_reduce_r5_o2_n2_multiply_add_zero,12288,Q4_0|unpacked,[1, 1, 8, 256, 1536]
21,23,2,171,RMSNorm sumsq,keep::reduce fold,omega_reduce_r2_o1_n2_multiply_add_zero,256,unpacked|unpacked,[1, 1536]
22,23,2,178,norm apply,elementwise,omega_elementwise_r2_n6_fused_multiply_o4_o5__add_s0_o3__square_root_s1__reciprocal_s2__multiply_s3_o2__multiply_s4_o1__add_s5_o0,1536,unpacked|unpacked|unpacked|unpacked|unpacked|unpacked,[1, 1536]
23,23,2,186,RMSNorm sumsq + fused epilogue,keep::reduce fold,omega_reduce_r2_o1_n2_multiply_add_zero_epi4_fused_identity_o4__multiply_s0_o3__add_s1_o2__square_root_s2__reciprocal_s3__multiply_s4_o1__multiply_s5_o0,256,unpacked|unpacked,[1, 1536]
24,23,2,191,matvec Q4_0,keep::reduce fold,omega_reduce_r3_o2_n2_multiply_add_zero,49152,unpacked|Q4_0,[1, 1536, 6144]
25,23,2,206,matvec Q4_0,keep::reduce fold,omega_reduce_r3_o2_n2_multiply_add_zero_epi9_fused_identity_o9__multiply_o5_o6__multiply_s1_o4__multiply_s2_o3__add_s3_o2__multiply_s4_o1__tanh_s5__add_s6_o0__multiply_o7_o8__multiply_s7_s8__multiply_s0_s9,49152,unpacked|Q4_0,[1, 1536, 6144]
26,23,2,208,matvec Q4_0,keep::reduce fold,omega_reduce_r3_o2_n2_multiply_add_zero,12288,Q4_0|unpacked,[1, 6144, 1536]
27,23,2,211,RMSNorm sumsq,keep::reduce fold,omega_reduce_r2_o1_n2_multiply_add_zero,256,unpacked|unpacked,[1, 1536]
28,23,2,218,norm apply,elementwise,omega_elementwise_r2_n6_fused_multiply_o4_o5__add_s0_o3__square_root_s1__reciprocal_s2__multiply_s3_o2__multiply_s4_o1__add_s5_o0,1536,unpacked|unpacked|unpacked|unpacked|unpacked|unpacked,[1, 1536]
29,23,2,221,matvec Q4_0,keep::reduce fold,omega_reduce_r3_o2_n2_multiply_add_zero,2048,unpacked|Q4_0,[1, 1536, 256]
30,23,2,234,RMSNorm sumsq + fused epilogue,keep::reduce fold,omega_reduce_r2_o1_n2_multiply_add_zero_epi15_fused_identity_o15__identity_o0__multiply_s0_o4__add_s2_o3__square_root_s3__reciprocal_s4__multiply_s5_o2__multiply_s6_o1__add_s1_s7__multiply_s8_o5__multiply_o11_o12__multiply_s10_o10__multiply_s11_o9__add_s12_o8__multiply_s13_o7__tanh_s14__add_s15_o6__multiply_o13_o14__multiply_s16_s17__multiply_s9_s18,64,unpacked|unpacked,[1, 256]
31,23,2,237,matvec Q4_0,keep::reduce fold,omega_reduce_r3_o2_n2_multiply_add_zero,12288,unpacked|Q4_0,[1, 256, 1536]
32,23,2,240,RMSNorm sumsq,keep::reduce fold,omega_reduce_r2_o1_n2_multiply_add_zero,256,unpacked|unpacked,[1, 1536]
33,23,2,253,identity copy,elementwise,omega_elementwise_r2_n1_identity,256,unpacked,[1, 256]
34,23,2,249,norm apply,elementwise,omega_elementwise_r2_n7_fused_multiply_o4_o5__add_s0_o3__square_root_s1__reciprocal_s2__multiply_s3_o2__multiply_s4_o1__add_s5_o0__multiply_s6_o6,1536,unpacked|unpacked|unpacked|unpacked|unpacked|unpacked|unpacked,[1, 1536]
35,23,2,282,RMSNorm sumsq + fused epilogue,keep::reduce fold,omega_reduce_r2_o1_n2_multiply_add_zero_epi4_fused_identity_o4__multiply_s0_o3__add_s1_o2__square_root_s2__reciprocal_s3__multiply_s4_o1__multiply_s5_o0,256,unpacked|unpacked,[1, 1536]
36,23,2,284,matvec Q4_0,keep::reduce fold,omega_reduce_r4_o3_n2_multiply_add_zero,16384,Q4_0|unpacked,[1, 8, 256, 1536]
37,23,2,286,RMSNorm sumsq,keep::reduce fold,omega_reduce_r3_o2_n2_multiply_add_zero,512,unpacked|unpacked,[1, 8, 256]
38,23,2,294,matvec Q4_0,keep::reduce fold,omega_reduce_r4_o3_n2_multiply_add_zero,2048,Q4_0|unpacked,[1, 1, 256, 1536]
39,23,2,296,RMSNorm sumsq,keep::reduce fold,omega_reduce_r3_o2_n2_multiply_add_zero,64,unpacked|unpacked,[1, 1, 256]
40,23,2,302,norm apply,elementwise,omega_elementwise_r3_n5_fused_multiply_o3_o4__add_s0_o2__square_root_s1__reciprocal_s2__multiply_s3_o1__multiply_s4_o0,256,unpacked|unpacked|unpacked|unpacked|unpacked,[1, 1, 256]
41,23,2,308,RoPE,elementwise,omega_elementwise_r3_n4_fused_multiply_o0_o1__multiply_o2_o3__add_s0_s1,128,unpacked|unpacked|unpacked|unpacked,[1, 1, 128]
42,23,2,305,RoPE,elementwise,omega_elementwise_r3_n4_fused_multiply_o0_o1__multiply_o2_o3__subtract_s0_s1,128,unpacked|unpacked|unpacked|unpacked,[1, 1, 128]
43,23,2,310,matvec Q4_0,keep::reduce fold,omega_reduce_r4_o3_n2_multiply_add_zero,2048,Q4_0|unpacked,[1, 1, 256, 1536]
44,23,2,312,RMSNorm sumsq,keep::reduce fold,omega_reduce_r3_o2_n2_multiply_add_zero,64,unpacked|unpacked,[1, 1, 256]
45,23,2,317,norm apply,elementwise,omega_elementwise_r3_n4_fused_multiply_o2_o3__add_s0_o1__square_root_s1__reciprocal_s2__multiply_s3_o0,256,unpacked|unpacked|unpacked|unpacked,[1, 1, 256]
46,23,2,292,norm apply,elementwise,omega_elementwise_r3_n5_fused_multiply_o3_o4__add_s0_o2__square_root_s1__reciprocal_s2__multiply_s3_o1__multiply_s4_o0,2048,unpacked|unpacked|unpacked|unpacked|unpacked,[1, 8, 256]
47,23,2,320,RoPE,elementwise,omega_elementwise_r3_n4_fused_multiply_o0_o1__multiply_o2_o3__subtract_s0_s1,1024,unpacked|unpacked|unpacked|unpacked,[1, 8, 128]
48,23,2,323,RoPE,elementwise,omega_elementwise_r3_n4_fused_multiply_o0_o1__multiply_o2_o3__add_s0_s1,1024,unpacked|unpacked|unpacked|unpacked,[1, 8, 128]
49,23,2,356,cached attention partial,cached_attention,omega_cached_attention_q1_h1_g8_d256_s3f800000_ln511_up0_x4_e1_k1_ds,17408,unpacked|unpacked|unpacked|unpacked|unpacked|unpacked|unpacked|unpacked|unpacked,[1, 1, 8, 256]
50,23,2,356,cached attention merge,cached_attention,omega_cached_attention_q1_h1_g8_d256_s3f800000_ln511_up0_x4_e1_k1_ds_merge,8192,unpacked|unpacked|unpacked|unpacked|unpacked|unpacked|unpacked|unpacked|unpacked,[1, 1, 8, 256]
51,23,2,358,matvec Q4_0,keep::reduce fold,omega_reduce_r5_o2_n2_multiply_add_zero,12288,Q4_0|unpacked,[1, 1, 8, 256, 1536]
52,23,2,360,RMSNorm sumsq,keep::reduce fold,omega_reduce_r2_o1_n2_multiply_add_zero,256,unpacked|unpacked,[1, 1536]
53,23,2,367,norm apply,elementwise,omega_elementwise_r2_n6_fused_multiply_o4_o5__add_s0_o3__square_root_s1__reciprocal_s2__multiply_s3_o2__multiply_s4_o1__add_s5_o0,1536,unpacked|unpacked|unpacked|unpacked|unpacked|unpacked,[1, 1536]
54,23,2,375,RMSNorm sumsq + fused epilogue,keep::reduce fold,omega_reduce_r2_o1_n2_multiply_add_zero_epi4_fused_identity_o4__multiply_s0_o3__add_s1_o2__square_root_s2__reciprocal_s3__multiply_s4_o1__multiply_s5_o0,256,unpacked|unpacked,[1, 1536]
55,23,2,380,matvec Q4_0,keep::reduce fold,omega_reduce_r3_o2_n2_multiply_add_zero,49152,unpacked|Q4_0,[1, 1536, 6144]
56,23,2,395,matvec Q4_0,keep::reduce fold,omega_reduce_r3_o2_n2_multiply_add_zero_epi9_fused_identity_o9__multiply_o5_o6__multiply_s1_o4__multiply_s2_o3__add_s3_o2__multiply_s4_o1__tanh_s5__add_s6_o0__multiply_o7_o8__multiply_s7_s8__multiply_s0_s9,49152,unpacked|Q4_0,[1, 1536, 6144]
57,23,2,397,matvec Q4_0,keep::reduce fold,omega_reduce_r3_o2_n2_multiply_add_zero,12288,Q4_0|unpacked,[1, 6144, 1536]
58,23,2,400,RMSNorm sumsq,keep::reduce fold,omega_reduce_r2_o1_n2_multiply_add_zero,256,unpacked|unpacked,[1, 1536]
59,23,2,407,norm apply,elementwise,omega_elementwise_r2_n6_fused_multiply_o4_o5__add_s0_o3__square_root_s1__reciprocal_s2__multiply_s3_o2__multiply_s4_o1__add_s5_o0,1536,unpacked|unpacked|unpacked|unpacked|unpacked|unpacked,[1, 1536]
60,23,2,410,matvec Q4_0,keep::reduce fold,omega_reduce_r3_o2_n2_multiply_add_zero,2048,unpacked|Q4_0,[1, 1536, 256]
61,23,2,423,RMSNorm sumsq + fused epilogue,keep::reduce fold,omega_reduce_r2_o1_n2_multiply_add_zero_epi15_fused_identity_o15__identity_o0__multiply_s0_o4__add_s2_o3__square_root_s3__reciprocal_s4__multiply_s5_o2__multiply_s6_o1__add_s1_s7__multiply_s8_o5__multiply_o11_o12__multiply_s10_o10__multiply_s11_o9__add_s12_o8__multiply_s13_o7__tanh_s14__add_s15_o6__multiply_o13_o14__multiply_s16_s17__multiply_s9_s18,64,unpacked|unpacked,[1, 256]
62,23,2,426,matvec Q4_0,keep::reduce fold,omega_reduce_r3_o2_n2_multiply_add_zero,12288,unpacked|Q4_0,[1, 256, 1536]
63,23,2,429,RMSNorm sumsq,keep::reduce fold,omega_reduce_r2_o1_n2_multiply_add_zero,256,unpacked|unpacked,[1, 1536]
64,23,2,442,identity copy,elementwise,omega_elementwise_r2_n1_identity,256,unpacked,[1, 256]
65,23,2,438,norm apply,elementwise,omega_elementwise_r2_n7_fused_multiply_o4_o5__add_s0_o3__square_root_s1__reciprocal_s2__multiply_s3_o2__multiply_s4_o1__add_s5_o0__multiply_s6_o6,1536,unpacked|unpacked|unpacked|unpacked|unpacked|unpacked|unpacked,[1, 1536]
66,23,2,471,RMSNorm sumsq + fused epilogue,keep::reduce fold,omega_reduce_r2_o1_n2_multiply_add_zero_epi4_fused_identity_o4__multiply_s0_o3__add_s1_o2__square_root_s2__reciprocal_s3__multiply_s4_o1__multiply_s5_o0,256,unpacked|unpacked,[1, 1536]
67,23,2,473,matvec Q4_0,keep::reduce fold,omega_reduce_r4_o3_n2_multiply_add_zero,16384,Q4_0|unpacked,[1, 8, 256, 1536]
68,23,2,475,RMSNorm sumsq,keep::reduce fold,omega_reduce_r3_o2_n2_multiply_add_zero,512,unpacked|unpacked,[1, 8, 256]
69,23,2,483,matvec Q4_0,keep::reduce fold,omega_reduce_r4_o3_n2_multiply_add_zero,2048,Q4_0|unpacked,[1, 1, 256, 1536]
70,23,2,485,RMSNorm sumsq,keep::reduce fold,omega_reduce_r3_o2_n2_multiply_add_zero,64,unpacked|unpacked,[1, 1, 256]
71,23,2,491,norm apply,elementwise,omega_elementwise_r3_n5_fused_multiply_o3_o4__add_s0_o2__square_root_s1__reciprocal_s2__multiply_s3_o1__multiply_s4_o0,256,unpacked|unpacked|unpacked|unpacked|unpacked,[1, 1, 256]
72,23,2,497,RoPE,elementwise,omega_elementwise_r3_n4_fused_multiply_o0_o1__multiply_o2_o3__add_s0_s1,128,unpacked|unpacked|unpacked|unpacked,[1, 1, 128]
73,23,2,494,RoPE,elementwise,omega_elementwise_r3_n4_fused_multiply_o0_o1__multiply_o2_o3__subtract_s0_s1,128,unpacked|unpacked|unpacked|unpacked,[1, 1, 128]
74,23,2,499,matvec Q4_0,keep::reduce fold,omega_reduce_r4_o3_n2_multiply_add_zero,2048,Q4_0|unpacked,[1, 1, 256, 1536]
75,23,2,501,RMSNorm sumsq,keep::reduce fold,omega_reduce_r3_o2_n2_multiply_add_zero,64,unpacked|unpacked,[1, 1, 256]
76,23,2,506,norm apply,elementwise,omega_elementwise_r3_n4_fused_multiply_o2_o3__add_s0_o1__square_root_s1__reciprocal_s2__multiply_s3_o0,256,unpacked|unpacked|unpacked|unpacked,[1, 1, 256]
77,23,2,481,norm apply,elementwise,omega_elementwise_r3_n5_fused_multiply_o3_o4__add_s0_o2__square_root_s1__reciprocal_s2__multiply_s3_o1__multiply_s4_o0,2048,unpacked|unpacked|unpacked|unpacked|unpacked,[1, 8, 256]
78,23,2,509,RoPE,elementwise,omega_elementwise_r3_n4_fused_multiply_o0_o1__multiply_o2_o3__subtract_s0_s1,1024,unpacked|unpacked|unpacked|unpacked,[1, 8, 128]
79,23,2,512,RoPE,elementwise,omega_elementwise_r3_n4_fused_multiply_o0_o1__multiply_o2_o3__add_s0_s1,1024,unpacked|unpacked|unpacked|unpacked,[1, 8, 128]
80,23,2,545,cached attention partial,cached_attention,omega_cached_attention_q1_h1_g8_d256_s3f800000_ln511_up0_x4_e1_k1_ds,17408,unpacked|unpacked|unpacked|unpacked|unpacked|unpacked|unpacked|unpacked|unpacked,[1, 1, 8, 256]
81,23,2,545,cached attention merge,cached_attention,omega_cached_attention_q1_h1_g8_d256_s3f800000_ln511_up0_x4_e1_k1_ds_merge,8192,unpacked|unpacked|unpacked|unpacked|unpacked|unpacked|unpacked|unpacked|unpacked,[1, 1, 8, 256]
82,23,2,547,matvec Q4_0,keep::reduce fold,omega_reduce_r5_o2_n2_multiply_add_zero,12288,Q4_0|unpacked,[1, 1, 8, 256, 1536]
83,23,2,549,RMSNorm sumsq,keep::reduce fold,omega_reduce_r2_o1_n2_multiply_add_zero,256,unpacked|unpacked,[1, 1536]
84,23,2,556,norm apply,elementwise,omega_elementwise_r2_n6_fused_multiply_o4_o5__add_s0_o3__square_root_s1__reciprocal_s2__multiply_s3_o2__multiply_s4_o1__add_s5_o0,1536,unpacked|unpacked|unpacked|unpacked|unpacked|unpacked,[1, 1536]
85,23,2,564,RMSNorm sumsq + fused epilogue,keep::reduce fold,omega_reduce_r2_o1_n2_multiply_add_zero_epi4_fused_identity_o4__multiply_s0_o3__add_s1_o2__square_root_s2__reciprocal_s3__multiply_s4_o1__multiply_s5_o0,256,unpacked|unpacked,[1, 1536]
86,23,2,569,matvec Q4_0,keep::reduce fold,omega_reduce_r3_o2_n2_multiply_add_zero,49152,unpacked|Q4_0,[1, 1536, 6144]
87,23,2,584,matvec Q4_0,keep::reduce fold,omega_reduce_r3_o2_n2_multiply_add_zero_epi9_fused_identity_o9__multiply_o5_o6__multiply_s1_o4__multiply_s2_o3__add_s3_o2__multiply_s4_o1__tanh_s5__add_s6_o0__multiply_o7_o8__multiply_s7_s8__multiply_s0_s9,49152,unpacked|Q4_0,[1, 1536, 6144]
88,23,2,586,matvec Q4_0,keep::reduce fold,omega_reduce_r3_o2_n2_multiply_add_zero,12288,Q4_0|unpacked,[1, 6144, 1536]
89,23,2,589,RMSNorm sumsq,keep::reduce fold,omega_reduce_r2_o1_n2_multiply_add_zero,256,unpacked|unpacked,[1, 1536]
90,23,2,596,norm apply,elementwise,omega_elementwise_r2_n6_fused_multiply_o4_o5__add_s0_o3__square_root_s1__reciprocal_s2__multiply_s3_o2__multiply_s4_o1__add_s5_o0,1536,unpacked|unpacked|unpacked|unpacked|unpacked|unpacked,[1, 1536]
91,23,2,599,matvec Q4_0,keep::reduce fold,omega_reduce_r3_o2_n2_multiply_add_zero,2048,unpacked|Q4_0,[1, 1536, 256]
92,23,2,612,RMSNorm sumsq + fused epilogue,keep::reduce fold,omega_reduce_r2_o1_n2_multiply_add_zero_epi15_fused_identity_o15__identity_o0__multiply_s0_o4__add_s2_o3__square_root_s3__reciprocal_s4__multiply_s5_o2__multiply_s6_o1__add_s1_s7__multiply_s8_o5__multiply_o11_o12__multiply_s10_o10__multiply_s11_o9__add_s12_o8__multiply_s13_o7__tanh_s14__add_s15_o6__multiply_o13_o14__multiply_s16_s17__multiply_s9_s18,64,unpacked|unpacked,[1, 256]
93,23,2,615,matvec Q4_0,keep::reduce fold,omega_reduce_r3_o2_n2_multiply_add_zero,12288,unpacked|Q4_0,[1, 256, 1536]
94,23,2,618,RMSNorm sumsq,keep::reduce fold,omega_reduce_r2_o1_n2_multiply_add_zero,256,unpacked|unpacked,[1, 1536]
95,23,2,631,identity copy,elementwise,omega_elementwise_r2_n1_identity,256,unpacked,[1, 256]
96,23,2,627,norm apply,elementwise,omega_elementwise_r2_n7_fused_multiply_o4_o5__add_s0_o3__square_root_s1__reciprocal_s2__multiply_s3_o2__multiply_s4_o1__add_s5_o0__multiply_s6_o6,1536,unpacked|unpacked|unpacked|unpacked|unpacked|unpacked|unpacked,[1, 1536]
97,23,2,660,RMSNorm sumsq + fused epilogue,keep::reduce fold,omega_reduce_r2_o1_n2_multiply_add_zero_epi4_fused_identity_o4__multiply_s0_o3__add_s1_o2__square_root_s2__reciprocal_s3__multiply_s4_o1__multiply_s5_o0,256,unpacked|unpacked,[1, 1536]
98,23,2,662,matvec Q4_0,keep::reduce fold,omega_reduce_r4_o3_n2_multiply_add_zero,16384,Q4_0|unpacked,[1, 8, 256, 1536]
99,23,2,664,RMSNorm sumsq,keep::reduce fold,omega_reduce_r3_o2_n2_multiply_add_zero,512,unpacked|unpacked,[1, 8, 256]
100,23,2,672,matvec Q4_0,keep::reduce fold,omega_reduce_r4_o3_n2_multiply_add_zero,2048,Q4_0|unpacked,[1, 1, 256, 1536]
101,23,2,674,RMSNorm sumsq,keep::reduce fold,omega_reduce_r3_o2_n2_multiply_add_zero,64,unpacked|unpacked,[1, 1, 256]
102,23,2,680,norm apply,elementwise,omega_elementwise_r3_n5_fused_multiply_o3_o4__add_s0_o2__square_root_s1__reciprocal_s2__multiply_s3_o1__multiply_s4_o0,256,unpacked|unpacked|unpacked|unpacked|unpacked,[1, 1, 256]
103,23,2,686,RoPE,elementwise,omega_elementwise_r3_n4_fused_multiply_o0_o1__multiply_o2_o3__add_s0_s1,128,unpacked|unpacked|unpacked|unpacked,[1, 1, 128]
104,23,2,683,RoPE,elementwise,omega_elementwise_r3_n4_fused_multiply_o0_o1__multiply_o2_o3__subtract_s0_s1,128,unpacked|unpacked|unpacked|unpacked,[1, 1, 128]
105,23,2,688,matvec Q4_0,keep::reduce fold,omega_reduce_r4_o3_n2_multiply_add_zero,2048,Q4_0|unpacked,[1, 1, 256, 1536]
106,23,2,690,RMSNorm sumsq,keep::reduce fold,omega_reduce_r3_o2_n2_multiply_add_zero,64,unpacked|unpacked,[1, 1, 256]
107,23,2,695,norm apply,elementwise,omega_elementwise_r3_n4_fused_multiply_o2_o3__add_s0_o1__square_root_s1__reciprocal_s2__multiply_s3_o0,256,unpacked|unpacked|unpacked|unpacked,[1, 1, 256]
108,23,2,670,norm apply,elementwise,omega_elementwise_r3_n5_fused_multiply_o3_o4__add_s0_o2__square_root_s1__reciprocal_s2__multiply_s3_o1__multiply_s4_o0,2048,unpacked|unpacked|unpacked|unpacked|unpacked,[1, 8, 256]
109,23,2,698,RoPE,elementwise,omega_elementwise_r3_n4_fused_multiply_o0_o1__multiply_o2_o3__subtract_s0_s1,1024,unpacked|unpacked|unpacked|unpacked,[1, 8, 128]
110,23,2,701,RoPE,elementwise,omega_elementwise_r3_n4_fused_multiply_o0_o1__multiply_o2_o3__add_s0_s1,1024,unpacked|unpacked|unpacked|unpacked,[1, 8, 128]
111,23,2,734,cached attention partial,cached_attention,omega_cached_attention_q1_h1_g8_d256_s3f800000_ln511_up0_x4_e1_k1_ds,17408,unpacked|unpacked|unpacked|unpacked|unpacked|unpacked|unpacked|unpacked|unpacked,[1, 1, 8, 256]
112,23,2,734,cached attention merge,cached_attention,omega_cached_attention_q1_h1_g8_d256_s3f800000_ln511_up0_x4_e1_k1_ds_merge,8192,unpacked|unpacked|unpacked|unpacked|unpacked|unpacked|unpacked|unpacked|unpacked,[1, 1, 8, 256]
113,23,2,736,matvec Q4_0,keep::reduce fold,omega_reduce_r5_o2_n2_multiply_add_zero,12288,Q4_0|unpacked,[1, 1, 8, 256, 1536]
114,23,2,738,RMSNorm sumsq,keep::reduce fold,omega_reduce_r2_o1_n2_multiply_add_zero,256,unpacked|unpacked,[1, 1536]
115,23,2,745,norm apply,elementwise,omega_elementwise_r2_n6_fused_multiply_o4_o5__add_s0_o3__square_root_s1__reciprocal_s2__multiply_s3_o2__multiply_s4_o1__add_s5_o0,1536,unpacked|unpacked|unpacked|unpacked|unpacked|unpacked,[1, 1536]
116,23,2,753,RMSNorm sumsq + fused epilogue,keep::reduce fold,omega_reduce_r2_o1_n2_multiply_add_zero_epi4_fused_identity_o4__multiply_s0_o3__add_s1_o2__square_root_s2__reciprocal_s3__multiply_s4_o1__multiply_s5_o0,256,unpacked|unpacked,[1, 1536]
117,23,2,758,matvec Q4_0,keep::reduce fold,omega_reduce_r3_o2_n2_multiply_add_zero,49152,unpacked|Q4_0,[1, 1536, 6144]
118,23,2,773,matvec Q4_0,keep::reduce fold,omega_reduce_r3_o2_n2_multiply_add_zero_epi9_fused_identity_o9__multiply_o5_o6__multiply_s1_o4__multiply_s2_o3__add_s3_o2__multiply_s4_o1__tanh_s5__add_s6_o0__multiply_o7_o8__multiply_s7_s8__multiply_s0_s9,49152,unpacked|Q4_0,[1, 1536, 6144]
119,23,2,775,matvec Q4_0,keep::reduce fold,omega_reduce_r3_o2_n2_multiply_add_zero,12288,Q4_0|unpacked,[1, 6144, 1536]
120,23,2,778,RMSNorm sumsq,keep::reduce fold,omega_reduce_r2_o1_n2_multiply_add_zero,256,unpacked|unpacked,[1, 1536]
121,23,2,785,norm apply,elementwise,omega_elementwise_r2_n6_fused_multiply_o4_o5__add_s0_o3__square_root_s1__reciprocal_s2__multiply_s3_o2__multiply_s4_o1__add_s5_o0,1536,unpacked|unpacked|unpacked|unpacked|unpacked|unpacked,[1, 1536]
122,23,2,788,matvec Q4_0,keep::reduce fold,omega_reduce_r3_o2_n2_multiply_add_zero,2048,unpacked|Q4_0,[1, 1536, 256]
123,23,2,801,RMSNorm sumsq + fused epilogue,keep::reduce fold,omega_reduce_r2_o1_n2_multiply_add_zero_epi15_fused_identity_o15__identity_o0__multiply_s0_o4__add_s2_o3__square_root_s3__reciprocal_s4__multiply_s5_o2__multiply_s6_o1__add_s1_s7__multiply_s8_o5__multiply_o11_o12__multiply_s10_o10__multiply_s11_o9__add_s12_o8__multiply_s13_o7__tanh_s14__add_s15_o6__multiply_o13_o14__multiply_s16_s17__multiply_s9_s18,64,unpacked|unpacked,[1, 256]
124,23,2,804,matvec Q4_0,keep::reduce fold,omega_reduce_r3_o2_n2_multiply_add_zero,12288,unpacked|Q4_0,[1, 256, 1536]
125,23,2,807,RMSNorm sumsq,keep::reduce fold,omega_reduce_r2_o1_n2_multiply_add_zero,256,unpacked|unpacked,[1, 1536]
126,23,2,820,identity copy,elementwise,omega_elementwise_r2_n1_identity,256,unpacked,[1, 256]
127,23,2,816,norm apply,elementwise,omega_elementwise_r2_n7_fused_multiply_o4_o5__add_s0_o3__square_root_s1__reciprocal_s2__multiply_s3_o2__multiply_s4_o1__add_s5_o0__multiply_s6_o6,1536,unpacked|unpacked|unpacked|unpacked|unpacked|unpacked|unpacked,[1, 1536]
128,23,2,849,RMSNorm sumsq + fused epilogue,keep::reduce fold,omega_reduce_r2_o1_n2_multiply_add_zero_epi4_fused_identity_o4__multiply_s0_o3__add_s1_o2__square_root_s2__reciprocal_s3__multiply_s4_o1__multiply_s5_o0,256,unpacked|unpacked,[1, 1536]
129,23,2,851,matvec Q4_0,keep::reduce fold,omega_reduce_r4_o3_n2_multiply_add_zero,32768,Q4_0|unpacked,[1, 8, 512, 1536]
130,23,2,853,RMSNorm sumsq,keep::reduce fold,omega_reduce_r3_o2_n2_multiply_add_zero,1024,unpacked|unpacked,[1, 8, 512]
131,23,2,861,matvec Q4_0,keep::reduce fold,omega_reduce_r4_o3_n2_multiply_add_zero,4096,Q4_0|unpacked,[1, 1, 512, 1536]
132,23,2,863,RMSNorm sumsq,keep::reduce fold,omega_reduce_r3_o2_n2_multiply_add_zero,128,unpacked|unpacked,[1, 1, 512]
133,23,2,869,norm apply,elementwise,omega_elementwise_r3_n5_fused_multiply_o3_o4__add_s0_o2__square_root_s1__reciprocal_s2__multiply_s3_o1__multiply_s4_o0,512,unpacked|unpacked|unpacked|unpacked|unpacked,[1, 1, 512]
134,23,2,875,RoPE,elementwise,omega_elementwise_r3_n4_fused_multiply_o0_o1__multiply_o2_o3__add_s0_s1,256,unpacked|unpacked|unpacked|unpacked,[1, 1, 256]
135,23,2,872,RoPE,elementwise,omega_elementwise_r3_n4_fused_multiply_o0_o1__multiply_o2_o3__subtract_s0_s1,256,unpacked|unpacked|unpacked|unpacked,[1, 1, 256]
136,23,2,877,matvec Q4_0,keep::reduce fold,omega_reduce_r4_o3_n2_multiply_add_zero,4096,Q4_0|unpacked,[1, 1, 512, 1536]
137,23,2,879,RMSNorm sumsq,keep::reduce fold,omega_reduce_r3_o2_n2_multiply_add_zero,128,unpacked|unpacked,[1, 1, 512]
138,23,2,884,norm apply,elementwise,omega_elementwise_r3_n4_fused_multiply_o2_o3__add_s0_o1__square_root_s1__reciprocal_s2__multiply_s3_o0,512,unpacked|unpacked|unpacked|unpacked,[1, 1, 512]
139,23,2,859,norm apply,elementwise,omega_elementwise_r3_n5_fused_multiply_o3_o4__add_s0_o2__square_root_s1__reciprocal_s2__multiply_s3_o1__multiply_s4_o0,4096,unpacked|unpacked|unpacked|unpacked|unpacked,[1, 8, 512]
140,23,2,887,RoPE,elementwise,omega_elementwise_r3_n4_fused_multiply_o0_o1__multiply_o2_o3__subtract_s0_s1,2048,unpacked|unpacked|unpacked|unpacked,[1, 8, 256]
141,23,2,890,RoPE,elementwise,omega_elementwise_r3_n4_fused_multiply_o0_o1__multiply_o2_o3__add_s0_s1,2048,unpacked|unpacked|unpacked|unpacked,[1, 8, 256]
142,23,2,923,cached attention partial,cached_attention,omega_cached_attention_q1_h1_g8_d512_s3f800000_ln9223372036854775808_up0_x4_e1_k1_ds,32768,unpacked|unpacked|unpacked|unpacked|unpacked|unpacked|unpacked|unpacked|unpacked,[1, 1, 8, 512]
143,23,2,923,cached attention merge,cached_attention,omega_cached_attention_q1_h1_g8_d512_s3f800000_ln9223372036854775808_up0_x4_e1_k1_ds_merge,8192,unpacked|unpacked|unpacked|unpacked|unpacked|unpacked|unpacked|unpacked|unpacked,[1, 1, 8, 512]
144,23,2,925,matvec Q4_0,keep::reduce fold,omega_reduce_r5_o2_n2_multiply_add_zero,12288,Q4_0|unpacked,[1, 1, 8, 512, 1536]
145,23,2,927,RMSNorm sumsq,keep::reduce fold,omega_reduce_r2_o1_n2_multiply_add_zero,256,unpacked|unpacked,[1, 1536]
146,23,2,934,norm apply,elementwise,omega_elementwise_r2_n6_fused_multiply_o4_o5__add_s0_o3__square_root_s1__reciprocal_s2__multiply_s3_o2__multiply_s4_o1__add_s5_o0,1536,unpacked|unpacked|unpacked|unpacked|unpacked|unpacked,[1, 1536]
147,23,2,942,RMSNorm sumsq + fused epilogue,keep::reduce fold,omega_reduce_r2_o1_n2_multiply_add_zero_epi4_fused_identity_o4__multiply_s0_o3__add_s1_o2__square_root_s2__reciprocal_s3__multiply_s4_o1__multiply_s5_o0,256,unpacked|unpacked,[1, 1536]
148,23,2,947,matvec Q4_0,keep::reduce fold,omega_reduce_r3_o2_n2_multiply_add_zero,49152,unpacked|Q4_0,[1, 1536, 6144]
149,23,2,962,matvec Q4_0,keep::reduce fold,omega_reduce_r3_o2_n2_multiply_add_zero_epi9_fused_identity_o9__multiply_o5_o6__multiply_s1_o4__multiply_s2_o3__add_s3_o2__multiply_s4_o1__tanh_s5__add_s6_o0__multiply_o7_o8__multiply_s7_s8__multiply_s0_s9,49152,unpacked|Q4_0,[1, 1536, 6144]
150,23,2,964,matvec Q4_0,keep::reduce fold,omega_reduce_r3_o2_n2_multiply_add_zero,12288,Q4_0|unpacked,[1, 6144, 1536]
151,23,3,967,RMSNorm sumsq,keep::reduce fold,omega_reduce_r2_o1_n2_multiply_add_zero,256,unpacked|unpacked,[1, 1536]
152,23,3,974,norm apply,elementwise,omega_elementwise_r2_n6_fused_multiply_o4_o5__add_s0_o3__square_root_s1__reciprocal_s2__multiply_s3_o2__multiply_s4_o1__add_s5_o0,1536,unpacked|unpacked|unpacked|unpacked|unpacked|unpacked,[1, 1536]
153,23,3,977,matvec Q4_0,keep::reduce fold,omega_reduce_r3_o2_n2_multiply_add_zero,2048,unpacked|Q4_0,[1, 1536, 256]
154,23,3,990,RMSNorm sumsq + fused epilogue,keep::reduce fold,omega_reduce_r2_o1_n2_multiply_add_zero_epi15_fused_identity_o15__identity_o0__multiply_s0_o4__add_s2_o3__square_root_s3__reciprocal_s4__multiply_s5_o2__multiply_s6_o1__add_s1_s7__multiply_s8_o5__multiply_o11_o12__multiply_s10_o10__multiply_s11_o9__add_s12_o8__multiply_s13_o7__tanh_s14__add_s15_o6__multiply_o13_o14__multiply_s16_s17__multiply_s9_s18,64,unpacked|unpacked,[1, 256]
155,23,3,993,matvec Q4_0,keep::reduce fold,omega_reduce_r3_o2_n2_multiply_add_zero,12288,unpacked|Q4_0,[1, 256, 1536]
156,23,3,996,RMSNorm sumsq,keep::reduce fold,omega_reduce_r2_o1_n2_multiply_add_zero,256,unpacked|unpacked,[1, 1536]
157,23,3,1009,identity copy,elementwise,omega_elementwise_r2_n1_identity,256,unpacked,[1, 256]
158,23,3,1005,norm apply,elementwise,omega_elementwise_r2_n7_fused_multiply_o4_o5__add_s0_o3__square_root_s1__reciprocal_s2__multiply_s3_o2__multiply_s4_o1__add_s5_o0__multiply_s6_o6,1536,unpacked|unpacked|unpacked|unpacked|unpacked|unpacked|unpacked,[1, 1536]
159,23,3,1038,RMSNorm sumsq + fused epilogue,keep::reduce fold,omega_reduce_r2_o1_n2_multiply_add_zero_epi4_fused_identity_o4__multiply_s0_o3__add_s1_o2__square_root_s2__reciprocal_s3__multiply_s4_o1__multiply_s5_o0,256,unpacked|unpacked,[1, 1536]
160,23,3,1040,matvec Q4_0,keep::reduce fold,omega_reduce_r4_o3_n2_multiply_add_zero,16384,Q4_0|unpacked,[1, 8, 256, 1536]
161,23,3,1042,RMSNorm sumsq,keep::reduce fold,omega_reduce_r3_o2_n2_multiply_add_zero,512,unpacked|unpacked,[1, 8, 256]
162,23,3,1050,matvec Q4_0,keep::reduce fold,omega_reduce_r4_o3_n2_multiply_add_zero,2048,Q4_0|unpacked,[1, 1, 256, 1536]
163,23,3,1052,RMSNorm sumsq,keep::reduce fold,omega_reduce_r3_o2_n2_multiply_add_zero,64,unpacked|unpacked,[1, 1, 256]
164,23,3,1058,norm apply,elementwise,omega_elementwise_r3_n5_fused_multiply_o3_o4__add_s0_o2__square_root_s1__reciprocal_s2__multiply_s3_o1__multiply_s4_o0,256,unpacked|unpacked|unpacked|unpacked|unpacked,[1, 1, 256]
165,23,3,1064,RoPE,elementwise,omega_elementwise_r3_n4_fused_multiply_o0_o1__multiply_o2_o3__add_s0_s1,128,unpacked|unpacked|unpacked|unpacked,[1, 1, 128]
166,23,3,1061,RoPE,elementwise,omega_elementwise_r3_n4_fused_multiply_o0_o1__multiply_o2_o3__subtract_s0_s1,128,unpacked|unpacked|unpacked|unpacked,[1, 1, 128]
167,23,3,1066,matvec Q4_0,keep::reduce fold,omega_reduce_r4_o3_n2_multiply_add_zero,2048,Q4_0|unpacked,[1, 1, 256, 1536]
168,23,3,1068,RMSNorm sumsq,keep::reduce fold,omega_reduce_r3_o2_n2_multiply_add_zero,64,unpacked|unpacked,[1, 1, 256]
169,23,3,1073,norm apply,elementwise,omega_elementwise_r3_n4_fused_multiply_o2_o3__add_s0_o1__square_root_s1__reciprocal_s2__multiply_s3_o0,256,unpacked|unpacked|unpacked|unpacked,[1, 1, 256]
170,23,3,1048,norm apply,elementwise,omega_elementwise_r3_n5_fused_multiply_o3_o4__add_s0_o2__square_root_s1__reciprocal_s2__multiply_s3_o1__multiply_s4_o0,2048,unpacked|unpacked|unpacked|unpacked|unpacked,[1, 8, 256]
171,23,3,1076,RoPE,elementwise,omega_elementwise_r3_n4_fused_multiply_o0_o1__multiply_o2_o3__subtract_s0_s1,1024,unpacked|unpacked|unpacked|unpacked,[1, 8, 128]
172,23,3,1079,RoPE,elementwise,omega_elementwise_r3_n4_fused_multiply_o0_o1__multiply_o2_o3__add_s0_s1,1024,unpacked|unpacked|unpacked|unpacked,[1, 8, 128]
173,23,3,1112,cached attention partial,cached_attention,omega_cached_attention_q1_h1_g8_d256_s3f800000_ln511_up0_x4_e1_k1_ds,17408,unpacked|unpacked|unpacked|unpacked|unpacked|unpacked|unpacked|unpacked|unpacked,[1, 1, 8, 256]
174,23,3,1112,cached attention merge,cached_attention,omega_cached_attention_q1_h1_g8_d256_s3f800000_ln511_up0_x4_e1_k1_ds_merge,8192,unpacked|unpacked|unpacked|unpacked|unpacked|unpacked|unpacked|unpacked|unpacked,[1, 1, 8, 256]
175,23,3,1114,matvec Q4_0,keep::reduce fold,omega_reduce_r5_o2_n2_multiply_add_zero,12288,Q4_0|unpacked,[1, 1, 8, 256, 1536]
176,23,3,1116,RMSNorm sumsq,keep::reduce fold,omega_reduce_r2_o1_n2_multiply_add_zero,256,unpacked|unpacked,[1, 1536]
177,23,3,1123,norm apply,elementwise,omega_elementwise_r2_n6_fused_multiply_o4_o5__add_s0_o3__square_root_s1__reciprocal_s2__multiply_s3_o2__multiply_s4_o1__add_s5_o0,1536,unpacked|unpacked|unpacked|unpacked|unpacked|unpacked,[1, 1536]
178,23,3,1131,RMSNorm sumsq + fused epilogue,keep::reduce fold,omega_reduce_r2_o1_n2_multiply_add_zero_epi4_fused_identity_o4__multiply_s0_o3__add_s1_o2__square_root_s2__reciprocal_s3__multiply_s4_o1__multiply_s5_o0,256,unpacked|unpacked,[1, 1536]
179,23,3,1136,matvec Q4_0,keep::reduce fold,omega_reduce_r3_o2_n2_multiply_add_zero,49152,unpacked|Q4_0,[1, 1536, 6144]
180,23,3,1151,matvec Q4_0,keep::reduce fold,omega_reduce_r3_o2_n2_multiply_add_zero_epi9_fused_identity_o9__multiply_o5_o6__multiply_s1_o4__multiply_s2_o3__add_s3_o2__multiply_s4_o1__tanh_s5__add_s6_o0__multiply_o7_o8__multiply_s7_s8__multiply_s0_s9,49152,unpacked|Q4_0,[1, 1536, 6144]
181,23,3,1153,matvec Q4_0,keep::reduce fold,omega_reduce_r3_o2_n2_multiply_add_zero,12288,Q4_0|unpacked,[1, 6144, 1536]
182,23,3,1156,RMSNorm sumsq,keep::reduce fold,omega_reduce_r2_o1_n2_multiply_add_zero,256,unpacked|unpacked,[1, 1536]
183,23,3,1163,norm apply,elementwise,omega_elementwise_r2_n6_fused_multiply_o4_o5__add_s0_o3__square_root_s1__reciprocal_s2__multiply_s3_o2__multiply_s4_o1__add_s5_o0,1536,unpacked|unpacked|unpacked|unpacked|unpacked|unpacked,[1, 1536]
184,23,3,1166,matvec Q4_0,keep::reduce fold,omega_reduce_r3_o2_n2_multiply_add_zero,2048,unpacked|Q4_0,[1, 1536, 256]
185,23,3,1179,RMSNorm sumsq + fused epilogue,keep::reduce fold,omega_reduce_r2_o1_n2_multiply_add_zero_epi15_fused_identity_o15__identity_o0__multiply_s0_o4__add_s2_o3__square_root_s3__reciprocal_s4__multiply_s5_o2__multiply_s6_o1__add_s1_s7__multiply_s8_o5__multiply_o11_o12__multiply_s10_o10__multiply_s11_o9__add_s12_o8__multiply_s13_o7__tanh_s14__add_s15_o6__multiply_o13_o14__multiply_s16_s17__multiply_s9_s18,64,unpacked|unpacked,[1, 256]
186,23,3,1182,matvec Q4_0,keep::reduce fold,omega_reduce_r3_o2_n2_multiply_add_zero,12288,unpacked|Q4_0,[1, 256, 1536]
187,23,3,1185,RMSNorm sumsq,keep::reduce fold,omega_reduce_r2_o1_n2_multiply_add_zero,256,unpacked|unpacked,[1, 1536]
188,23,3,1198,identity copy,elementwise,omega_elementwise_r2_n1_identity,256,unpacked,[1, 256]
189,23,3,1194,norm apply,elementwise,omega_elementwise_r2_n7_fused_multiply_o4_o5__add_s0_o3__square_root_s1__reciprocal_s2__multiply_s3_o2__multiply_s4_o1__add_s5_o0__multiply_s6_o6,1536,unpacked|unpacked|unpacked|unpacked|unpacked|unpacked|unpacked,[1, 1536]
190,23,3,1227,RMSNorm sumsq + fused epilogue,keep::reduce fold,omega_reduce_r2_o1_n2_multiply_add_zero_epi4_fused_identity_o4__multiply_s0_o3__add_s1_o2__square_root_s2__reciprocal_s3__multiply_s4_o1__multiply_s5_o0,256,unpacked|unpacked,[1, 1536]
191,23,3,1229,matvec Q4_0,keep::reduce fold,omega_reduce_r4_o3_n2_multiply_add_zero,16384,Q4_0|unpacked,[1, 8, 256, 1536]
192,23,3,1231,RMSNorm sumsq,keep::reduce fold,omega_reduce_r3_o2_n2_multiply_add_zero,512,unpacked|unpacked,[1, 8, 256]
193,23,3,1239,matvec Q4_0,keep::reduce fold,omega_reduce_r4_o3_n2_multiply_add_zero,2048,Q4_0|unpacked,[1, 1, 256, 1536]
194,23,3,1241,RMSNorm sumsq,keep::reduce fold,omega_reduce_r3_o2_n2_multiply_add_zero,64,unpacked|unpacked,[1, 1, 256]
195,23,3,1247,norm apply,elementwise,omega_elementwise_r3_n5_fused_multiply_o3_o4__add_s0_o2__square_root_s1__reciprocal_s2__multiply_s3_o1__multiply_s4_o0,256,unpacked|unpacked|unpacked|unpacked|unpacked,[1, 1, 256]
196,23,3,1253,RoPE,elementwise,omega_elementwise_r3_n4_fused_multiply_o0_o1__multiply_o2_o3__add_s0_s1,128,unpacked|unpacked|unpacked|unpacked,[1, 1, 128]
197,23,3,1250,RoPE,elementwise,omega_elementwise_r3_n4_fused_multiply_o0_o1__multiply_o2_o3__subtract_s0_s1,128,unpacked|unpacked|unpacked|unpacked,[1, 1, 128]
198,23,3,1255,matvec Q4_0,keep::reduce fold,omega_reduce_r4_o3_n2_multiply_add_zero,2048,Q4_0|unpacked,[1, 1, 256, 1536]
199,23,3,1257,RMSNorm sumsq,keep::reduce fold,omega_reduce_r3_o2_n2_multiply_add_zero,64,unpacked|unpacked,[1, 1, 256]
200,23,3,1262,norm apply,elementwise,omega_elementwise_r3_n4_fused_multiply_o2_o3__add_s0_o1__square_root_s1__reciprocal_s2__multiply_s3_o0,256,unpacked|unpacked|unpacked|unpacked,[1, 1, 256]
201,23,3,1237,norm apply,elementwise,omega_elementwise_r3_n5_fused_multiply_o3_o4__add_s0_o2__square_root_s1__reciprocal_s2__multiply_s3_o1__multiply_s4_o0,2048,unpacked|unpacked|unpacked|unpacked|unpacked,[1, 8, 256]
202,23,3,1265,RoPE,elementwise,omega_elementwise_r3_n4_fused_multiply_o0_o1__multiply_o2_o3__subtract_s0_s1,1024,unpacked|unpacked|unpacked|unpacked,[1, 8, 128]
203,23,3,1268,RoPE,elementwise,omega_elementwise_r3_n4_fused_multiply_o0_o1__multiply_o2_o3__add_s0_s1,1024,unpacked|unpacked|unpacked|unpacked,[1, 8, 128]
204,23,3,1301,cached attention partial,cached_attention,omega_cached_attention_q1_h1_g8_d256_s3f800000_ln511_up0_x4_e1_k1_ds,17408,unpacked|unpacked|unpacked|unpacked|unpacked|unpacked|unpacked|unpacked|unpacked,[1, 1, 8, 256]
205,23,3,1301,cached attention merge,cached_attention,omega_cached_attention_q1_h1_g8_d256_s3f800000_ln511_up0_x4_e1_k1_ds_merge,8192,unpacked|unpacked|unpacked|unpacked|unpacked|unpacked|unpacked|unpacked|unpacked,[1, 1, 8, 256]
206,23,3,1303,matvec Q4_0,keep::reduce fold,omega_reduce_r5_o2_n2_multiply_add_zero,12288,Q4_0|unpacked,[1, 1, 8, 256, 1536]
207,23,3,1305,RMSNorm sumsq,keep::reduce fold,omega_reduce_r2_o1_n2_multiply_add_zero,256,unpacked|unpacked,[1, 1536]
208,23,3,1312,norm apply,elementwise,omega_elementwise_r2_n6_fused_multiply_o4_o5__add_s0_o3__square_root_s1__reciprocal_s2__multiply_s3_o2__multiply_s4_o1__add_s5_o0,1536,unpacked|unpacked|unpacked|unpacked|unpacked|unpacked,[1, 1536]
209,23,3,1320,RMSNorm sumsq + fused epilogue,keep::reduce fold,omega_reduce_r2_o1_n2_multiply_add_zero_epi4_fused_identity_o4__multiply_s0_o3__add_s1_o2__square_root_s2__reciprocal_s3__multiply_s4_o1__multiply_s5_o0,256,unpacked|unpacked,[1, 1536]
210,23,3,1325,matvec Q4_0,keep::reduce fold,omega_reduce_r3_o2_n2_multiply_add_zero,49152,unpacked|Q4_0,[1, 1536, 6144]
211,23,3,1340,matvec Q4_0,keep::reduce fold,omega_reduce_r3_o2_n2_multiply_add_zero_epi9_fused_identity_o9__multiply_o5_o6__multiply_s1_o4__multiply_s2_o3__add_s3_o2__multiply_s4_o1__tanh_s5__add_s6_o0__multiply_o7_o8__multiply_s7_s8__multiply_s0_s9,49152,unpacked|Q4_0,[1, 1536, 6144]
212,23,3,1342,matvec Q4_0,keep::reduce fold,omega_reduce_r3_o2_n2_multiply_add_zero,12288,Q4_0|unpacked,[1, 6144, 1536]
213,23,3,1345,RMSNorm sumsq,keep::reduce fold,omega_reduce_r2_o1_n2_multiply_add_zero,256,unpacked|unpacked,[1, 1536]
214,23,3,1352,norm apply,elementwise,omega_elementwise_r2_n6_fused_multiply_o4_o5__add_s0_o3__square_root_s1__reciprocal_s2__multiply_s3_o2__multiply_s4_o1__add_s5_o0,1536,unpacked|unpacked|unpacked|unpacked|unpacked|unpacked,[1, 1536]
215,23,3,1355,matvec Q4_0,keep::reduce fold,omega_reduce_r3_o2_n2_multiply_add_zero,2048,unpacked|Q4_0,[1, 1536, 256]
216,23,3,1368,RMSNorm sumsq + fused epilogue,keep::reduce fold,omega_reduce_r2_o1_n2_multiply_add_zero_epi15_fused_identity_o15__identity_o0__multiply_s0_o4__add_s2_o3__square_root_s3__reciprocal_s4__multiply_s5_o2__multiply_s6_o1__add_s1_s7__multiply_s8_o5__multiply_o11_o12__multiply_s10_o10__multiply_s11_o9__add_s12_o8__multiply_s13_o7__tanh_s14__add_s15_o6__multiply_o13_o14__multiply_s16_s17__multiply_s9_s18,64,unpacked|unpacked,[1, 256]
217,23,3,1371,matvec Q4_0,keep::reduce fold,omega_reduce_r3_o2_n2_multiply_add_zero,12288,unpacked|Q4_0,[1, 256, 1536]
218,23,3,1374,RMSNorm sumsq,keep::reduce fold,omega_reduce_r2_o1_n2_multiply_add_zero,256,unpacked|unpacked,[1, 1536]
219,23,3,1387,identity copy,elementwise,omega_elementwise_r2_n1_identity,256,unpacked,[1, 256]
220,23,3,1383,norm apply,elementwise,omega_elementwise_r2_n7_fused_multiply_o4_o5__add_s0_o3__square_root_s1__reciprocal_s2__multiply_s3_o2__multiply_s4_o1__add_s5_o0__multiply_s6_o6,1536,unpacked|unpacked|unpacked|unpacked|unpacked|unpacked|unpacked,[1, 1536]
221,23,3,1416,RMSNorm sumsq + fused epilogue,keep::reduce fold,omega_reduce_r2_o1_n2_multiply_add_zero_epi4_fused_identity_o4__multiply_s0_o3__add_s1_o2__square_root_s2__reciprocal_s3__multiply_s4_o1__multiply_s5_o0,256,unpacked|unpacked,[1, 1536]
222,23,3,1418,matvec Q4_0,keep::reduce fold,omega_reduce_r4_o3_n2_multiply_add_zero,16384,Q4_0|unpacked,[1, 8, 256, 1536]
223,23,3,1420,RMSNorm sumsq,keep::reduce fold,omega_reduce_r3_o2_n2_multiply_add_zero,512,unpacked|unpacked,[1, 8, 256]
224,23,3,1428,matvec Q4_0,keep::reduce fold,omega_reduce_r4_o3_n2_multiply_add_zero,2048,Q4_0|unpacked,[1, 1, 256, 1536]
225,23,3,1430,RMSNorm sumsq,keep::reduce fold,omega_reduce_r3_o2_n2_multiply_add_zero,64,unpacked|unpacked,[1, 1, 256]
226,23,3,1436,norm apply,elementwise,omega_elementwise_r3_n5_fused_multiply_o3_o4__add_s0_o2__square_root_s1__reciprocal_s2__multiply_s3_o1__multiply_s4_o0,256,unpacked|unpacked|unpacked|unpacked|unpacked,[1, 1, 256]
227,23,3,1442,RoPE,elementwise,omega_elementwise_r3_n4_fused_multiply_o0_o1__multiply_o2_o3__add_s0_s1,128,unpacked|unpacked|unpacked|unpacked,[1, 1, 128]
228,23,3,1439,RoPE,elementwise,omega_elementwise_r3_n4_fused_multiply_o0_o1__multiply_o2_o3__subtract_s0_s1,128,unpacked|unpacked|unpacked|unpacked,[1, 1, 128]
229,23,3,1444,matvec Q4_0,keep::reduce fold,omega_reduce_r4_o3_n2_multiply_add_zero,2048,Q4_0|unpacked,[1, 1, 256, 1536]
230,23,3,1446,RMSNorm sumsq,keep::reduce fold,omega_reduce_r3_o2_n2_multiply_add_zero,64,unpacked|unpacked,[1, 1, 256]
231,23,3,1451,norm apply,elementwise,omega_elementwise_r3_n4_fused_multiply_o2_o3__add_s0_o1__square_root_s1__reciprocal_s2__multiply_s3_o0,256,unpacked|unpacked|unpacked|unpacked,[1, 1, 256]
232,23,3,1426,norm apply,elementwise,omega_elementwise_r3_n5_fused_multiply_o3_o4__add_s0_o2__square_root_s1__reciprocal_s2__multiply_s3_o1__multiply_s4_o0,2048,unpacked|unpacked|unpacked|unpacked|unpacked,[1, 8, 256]
233,23,3,1454,RoPE,elementwise,omega_elementwise_r3_n4_fused_multiply_o0_o1__multiply_o2_o3__subtract_s0_s1,1024,unpacked|unpacked|unpacked|unpacked,[1, 8, 128]
234,23,3,1457,RoPE,elementwise,omega_elementwise_r3_n4_fused_multiply_o0_o1__multiply_o2_o3__add_s0_s1,1024,unpacked|unpacked|unpacked|unpacked,[1, 8, 128]
235,23,3,1490,cached attention partial,cached_attention,omega_cached_attention_q1_h1_g8_d256_s3f800000_ln511_up0_x4_e1_k1_ds,17408,unpacked|unpacked|unpacked|unpacked|unpacked|unpacked|unpacked|unpacked|unpacked,[1, 1, 8, 256]
236,23,3,1490,cached attention merge,cached_attention,omega_cached_attention_q1_h1_g8_d256_s3f800000_ln511_up0_x4_e1_k1_ds_merge,8192,unpacked|unpacked|unpacked|unpacked|unpacked|unpacked|unpacked|unpacked|unpacked,[1, 1, 8, 256]
237,23,3,1492,matvec Q4_0,keep::reduce fold,omega_reduce_r5_o2_n2_multiply_add_zero,12288,Q4_0|unpacked,[1, 1, 8, 256, 1536]
238,23,3,1494,RMSNorm sumsq,keep::reduce fold,omega_reduce_r2_o1_n2_multiply_add_zero,256,unpacked|unpacked,[1, 1536]
239,23,3,1501,norm apply,elementwise,omega_elementwise_r2_n6_fused_multiply_o4_o5__add_s0_o3__square_root_s1__reciprocal_s2__multiply_s3_o2__multiply_s4_o1__add_s5_o0,1536,unpacked|unpacked|unpacked|unpacked|unpacked|unpacked,[1, 1536]
240,23,3,1509,RMSNorm sumsq + fused epilogue,keep::reduce fold,omega_reduce_r2_o1_n2_multiply_add_zero_epi4_fused_identity_o4__multiply_s0_o3__add_s1_o2__square_root_s2__reciprocal_s3__multiply_s4_o1__multiply_s5_o0,256,unpacked|unpacked,[1, 1536]
241,23,3,1514,matvec Q4_0,keep::reduce fold,omega_reduce_r3_o2_n2_multiply_add_zero,49152,unpacked|Q4_0,[1, 1536, 6144]
242,23,3,1529,matvec Q4_0,keep::reduce fold,omega_reduce_r3_o2_n2_multiply_add_zero_epi9_fused_identity_o9__multiply_o5_o6__multiply_s1_o4__multiply_s2_o3__add_s3_o2__multiply_s4_o1__tanh_s5__add_s6_o0__multiply_o7_o8__multiply_s7_s8__multiply_s0_s9,49152,unpacked|Q4_0,[1, 1536, 6144]
243,23,3,1531,matvec Q4_0,keep::reduce fold,omega_reduce_r3_o2_n2_multiply_add_zero,12288,Q4_0|unpacked,[1, 6144, 1536]
244,23,3,1534,RMSNorm sumsq,keep::reduce fold,omega_reduce_r2_o1_n2_multiply_add_zero,256,unpacked|unpacked,[1, 1536]
245,23,3,1541,norm apply,elementwise,omega_elementwise_r2_n6_fused_multiply_o4_o5__add_s0_o3__square_root_s1__reciprocal_s2__multiply_s3_o2__multiply_s4_o1__add_s5_o0,1536,unpacked|unpacked|unpacked|unpacked|unpacked|unpacked,[1, 1536]
246,23,3,1544,matvec Q4_0,keep::reduce fold,omega_reduce_r3_o2_n2_multiply_add_zero,2048,unpacked|Q4_0,[1, 1536, 256]
247,23,3,1557,RMSNorm sumsq + fused epilogue,keep::reduce fold,omega_reduce_r2_o1_n2_multiply_add_zero_epi15_fused_identity_o15__identity_o0__multiply_s0_o4__add_s2_o3__square_root_s3__reciprocal_s4__multiply_s5_o2__multiply_s6_o1__add_s1_s7__multiply_s8_o5__multiply_o11_o12__multiply_s10_o10__multiply_s11_o9__add_s12_o8__multiply_s13_o7__tanh_s14__add_s15_o6__multiply_o13_o14__multiply_s16_s17__multiply_s9_s18,64,unpacked|unpacked,[1, 256]
248,23,3,1560,matvec Q4_0,keep::reduce fold,omega_reduce_r3_o2_n2_multiply_add_zero,12288,unpacked|Q4_0,[1, 256, 1536]
249,23,3,1563,RMSNorm sumsq,keep::reduce fold,omega_reduce_r2_o1_n2_multiply_add_zero,256,unpacked|unpacked,[1, 1536]
250,23,3,1576,identity copy,elementwise,omega_elementwise_r2_n1_identity,256,unpacked,[1, 256]
251,23,3,1572,norm apply,elementwise,omega_elementwise_r2_n7_fused_multiply_o4_o5__add_s0_o3__square_root_s1__reciprocal_s2__multiply_s3_o2__multiply_s4_o1__add_s5_o0__multiply_s6_o6,1536,unpacked|unpacked|unpacked|unpacked|unpacked|unpacked|unpacked,[1, 1536]
252,23,3,1605,RMSNorm sumsq + fused epilogue,keep::reduce fold,omega_reduce_r2_o1_n2_multiply_add_zero_epi4_fused_identity_o4__multiply_s0_o3__add_s1_o2__square_root_s2__reciprocal_s3__multiply_s4_o1__multiply_s5_o0,256,unpacked|unpacked,[1, 1536]
253,23,3,1607,matvec Q4_0,keep::reduce fold,omega_reduce_r4_o3_n2_multiply_add_zero,16384,Q4_0|unpacked,[1, 8, 256, 1536]
254,23,3,1609,RMSNorm sumsq,keep::reduce fold,omega_reduce_r3_o2_n2_multiply_add_zero,512,unpacked|unpacked,[1, 8, 256]
255,23,3,1617,matvec Q4_0,keep::reduce fold,omega_reduce_r4_o3_n2_multiply_add_zero,2048,Q4_0|unpacked,[1, 1, 256, 1536]
256,23,3,1619,RMSNorm sumsq,keep::reduce fold,omega_reduce_r3_o2_n2_multiply_add_zero,64,unpacked|unpacked,[1, 1, 256]
257,23,3,1625,norm apply,elementwise,omega_elementwise_r3_n5_fused_multiply_o3_o4__add_s0_o2__square_root_s1__reciprocal_s2__multiply_s3_o1__multiply_s4_o0,256,unpacked|unpacked|unpacked|unpacked|unpacked,[1, 1, 256]
258,23,3,1631,RoPE,elementwise,omega_elementwise_r3_n4_fused_multiply_o0_o1__multiply_o2_o3__add_s0_s1,128,unpacked|unpacked|unpacked|unpacked,[1, 1, 128]
259,23,3,1628,RoPE,elementwise,omega_elementwise_r3_n4_fused_multiply_o0_o1__multiply_o2_o3__subtract_s0_s1,128,unpacked|unpacked|unpacked|unpacked,[1, 1, 128]
260,23,3,1633,matvec Q4_0,keep::reduce fold,omega_reduce_r4_o3_n2_multiply_add_zero,2048,Q4_0|unpacked,[1, 1, 256, 1536]
261,23,3,1635,RMSNorm sumsq,keep::reduce fold,omega_reduce_r3_o2_n2_multiply_add_zero,64,unpacked|unpacked,[1, 1, 256]
262,23,3,1640,norm apply,elementwise,omega_elementwise_r3_n4_fused_multiply_o2_o3__add_s0_o1__square_root_s1__reciprocal_s2__multiply_s3_o0,256,unpacked|unpacked|unpacked|unpacked,[1, 1, 256]
263,23,3,1615,norm apply,elementwise,omega_elementwise_r3_n5_fused_multiply_o3_o4__add_s0_o2__square_root_s1__reciprocal_s2__multiply_s3_o1__multiply_s4_o0,2048,unpacked|unpacked|unpacked|unpacked|unpacked,[1, 8, 256]
264,23,3,1643,RoPE,elementwise,omega_elementwise_r3_n4_fused_multiply_o0_o1__multiply_o2_o3__subtract_s0_s1,1024,unpacked|unpacked|unpacked|unpacked,[1, 8, 128]
265,23,3,1646,RoPE,elementwise,omega_elementwise_r3_n4_fused_multiply_o0_o1__multiply_o2_o3__add_s0_s1,1024,unpacked|unpacked|unpacked|unpacked,[1, 8, 128]
266,23,3,1679,cached attention partial,cached_attention,omega_cached_attention_q1_h1_g8_d256_s3f800000_ln511_up0_x4_e1_k1_ds,17408,unpacked|unpacked|unpacked|unpacked|unpacked|unpacked|unpacked|unpacked|unpacked,[1, 1, 8, 256]
267,23,3,1679,cached attention merge,cached_attention,omega_cached_attention_q1_h1_g8_d256_s3f800000_ln511_up0_x4_e1_k1_ds_merge,8192,unpacked|unpacked|unpacked|unpacked|unpacked|unpacked|unpacked|unpacked|unpacked,[1, 1, 8, 256]
268,23,3,1681,matvec Q4_0,keep::reduce fold,omega_reduce_r5_o2_n2_multiply_add_zero,12288,Q4_0|unpacked,[1, 1, 8, 256, 1536]
269,23,3,1683,RMSNorm sumsq,keep::reduce fold,omega_reduce_r2_o1_n2_multiply_add_zero,256,unpacked|unpacked,[1, 1536]
270,23,3,1690,norm apply,elementwise,omega_elementwise_r2_n6_fused_multiply_o4_o5__add_s0_o3__square_root_s1__reciprocal_s2__multiply_s3_o2__multiply_s4_o1__add_s5_o0,1536,unpacked|unpacked|unpacked|unpacked|unpacked|unpacked,[1, 1536]
271,23,3,1698,RMSNorm sumsq + fused epilogue,keep::reduce fold,omega_reduce_r2_o1_n2_multiply_add_zero_epi4_fused_identity_o4__multiply_s0_o3__add_s1_o2__square_root_s2__reciprocal_s3__multiply_s4_o1__multiply_s5_o0,256,unpacked|unpacked,[1, 1536]
272,23,3,1703,matvec Q4_0,keep::reduce fold,omega_reduce_r3_o2_n2_multiply_add_zero,49152,unpacked|Q4_0,[1, 1536, 6144]
273,23,3,1718,matvec Q4_0,keep::reduce fold,omega_reduce_r3_o2_n2_multiply_add_zero_epi9_fused_identity_o9__multiply_o5_o6__multiply_s1_o4__multiply_s2_o3__add_s3_o2__multiply_s4_o1__tanh_s5__add_s6_o0__multiply_o7_o8__multiply_s7_s8__multiply_s0_s9,49152,unpacked|Q4_0,[1, 1536, 6144]
274,23,3,1720,matvec Q4_0,keep::reduce fold,omega_reduce_r3_o2_n2_multiply_add_zero,12288,Q4_0|unpacked,[1, 6144, 1536]
275,23,3,1723,RMSNorm sumsq,keep::reduce fold,omega_reduce_r2_o1_n2_multiply_add_zero,256,unpacked|unpacked,[1, 1536]
276,23,3,1730,norm apply,elementwise,omega_elementwise_r2_n6_fused_multiply_o4_o5__add_s0_o3__square_root_s1__reciprocal_s2__multiply_s3_o2__multiply_s4_o1__add_s5_o0,1536,unpacked|unpacked|unpacked|unpacked|unpacked|unpacked,[1, 1536]
277,23,3,1733,matvec Q4_0,keep::reduce fold,omega_reduce_r3_o2_n2_multiply_add_zero,2048,unpacked|Q4_0,[1, 1536, 256]
278,23,3,1746,RMSNorm sumsq + fused epilogue,keep::reduce fold,omega_reduce_r2_o1_n2_multiply_add_zero_epi15_fused_identity_o15__identity_o0__multiply_s0_o4__add_s2_o3__square_root_s3__reciprocal_s4__multiply_s5_o2__multiply_s6_o1__add_s1_s7__multiply_s8_o5__multiply_o11_o12__multiply_s10_o10__multiply_s11_o9__add_s12_o8__multiply_s13_o7__tanh_s14__add_s15_o6__multiply_o13_o14__multiply_s16_s17__multiply_s9_s18,64,unpacked|unpacked,[1, 256]
279,23,3,1749,matvec Q4_0,keep::reduce fold,omega_reduce_r3_o2_n2_multiply_add_zero,12288,unpacked|Q4_0,[1, 256, 1536]
280,23,3,1752,RMSNorm sumsq,keep::reduce fold,omega_reduce_r2_o1_n2_multiply_add_zero,256,unpacked|unpacked,[1, 1536]
281,23,3,1765,identity copy,elementwise,omega_elementwise_r2_n1_identity,256,unpacked,[1, 256]
282,23,3,1761,norm apply,elementwise,omega_elementwise_r2_n7_fused_multiply_o4_o5__add_s0_o3__square_root_s1__reciprocal_s2__multiply_s3_o2__multiply_s4_o1__add_s5_o0__multiply_s6_o6,1536,unpacked|unpacked|unpacked|unpacked|unpacked|unpacked|unpacked,[1, 1536]
283,23,3,1794,RMSNorm sumsq + fused epilogue,keep::reduce fold,omega_reduce_r2_o1_n2_multiply_add_zero_epi4_fused_identity_o4__multiply_s0_o3__add_s1_o2__square_root_s2__reciprocal_s3__multiply_s4_o1__multiply_s5_o0,256,unpacked|unpacked,[1, 1536]
284,23,3,1796,matvec Q4_0,keep::reduce fold,omega_reduce_r4_o3_n2_multiply_add_zero,32768,Q4_0|unpacked,[1, 8, 512, 1536]
285,23,3,1798,RMSNorm sumsq,keep::reduce fold,omega_reduce_r3_o2_n2_multiply_add_zero,1024,unpacked|unpacked,[1, 8, 512]
286,23,4,1806,matvec Q4_0,keep::reduce fold,omega_reduce_r4_o3_n2_multiply_add_zero,4096,Q4_0|unpacked,[1, 1, 512, 1536]
287,23,4,1808,RMSNorm sumsq,keep::reduce fold,omega_reduce_r3_o2_n2_multiply_add_zero,128,unpacked|unpacked,[1, 1, 512]
288,23,4,1814,norm apply,elementwise,omega_elementwise_r3_n5_fused_multiply_o3_o4__add_s0_o2__square_root_s1__reciprocal_s2__multiply_s3_o1__multiply_s4_o0,512,unpacked|unpacked|unpacked|unpacked|unpacked,[1, 1, 512]
289,23,4,1820,RoPE,elementwise,omega_elementwise_r3_n4_fused_multiply_o0_o1__multiply_o2_o3__add_s0_s1,256,unpacked|unpacked|unpacked|unpacked,[1, 1, 256]
290,23,4,1817,RoPE,elementwise,omega_elementwise_r3_n4_fused_multiply_o0_o1__multiply_o2_o3__subtract_s0_s1,256,unpacked|unpacked|unpacked|unpacked,[1, 1, 256]
291,23,4,1822,matvec Q4_0,keep::reduce fold,omega_reduce_r4_o3_n2_multiply_add_zero,4096,Q4_0|unpacked,[1, 1, 512, 1536]
292,23,4,1824,RMSNorm sumsq,keep::reduce fold,omega_reduce_r3_o2_n2_multiply_add_zero,128,unpacked|unpacked,[1, 1, 512]
293,23,4,1829,norm apply,elementwise,omega_elementwise_r3_n4_fused_multiply_o2_o3__add_s0_o1__square_root_s1__reciprocal_s2__multiply_s3_o0,512,unpacked|unpacked|unpacked|unpacked,[1, 1, 512]
294,23,4,1804,norm apply,elementwise,omega_elementwise_r3_n5_fused_multiply_o3_o4__add_s0_o2__square_root_s1__reciprocal_s2__multiply_s3_o1__multiply_s4_o0,4096,unpacked|unpacked|unpacked|unpacked|unpacked,[1, 8, 512]
295,23,4,1832,RoPE,elementwise,omega_elementwise_r3_n4_fused_multiply_o0_o1__multiply_o2_o3__subtract_s0_s1,2048,unpacked|unpacked|unpacked|unpacked,[1, 8, 256]
296,23,4,1835,RoPE,elementwise,omega_elementwise_r3_n4_fused_multiply_o0_o1__multiply_o2_o3__add_s0_s1,2048,unpacked|unpacked|unpacked|unpacked,[1, 8, 256]
297,23,4,1868,cached attention partial,cached_attention,omega_cached_attention_q1_h1_g8_d512_s3f800000_ln9223372036854775808_up0_x4_e1_k1_ds,32768,unpacked|unpacked|unpacked|unpacked|unpacked|unpacked|unpacked|unpacked|unpacked,[1, 1, 8, 512]
298,23,4,1868,cached attention merge,cached_attention,omega_cached_attention_q1_h1_g8_d512_s3f800000_ln9223372036854775808_up0_x4_e1_k1_ds_merge,8192,unpacked|unpacked|unpacked|unpacked|unpacked|unpacked|unpacked|unpacked|unpacked,[1, 1, 8, 512]
299,23,4,1870,matvec Q4_0,keep::reduce fold,omega_reduce_r5_o2_n2_multiply_add_zero,12288,Q4_0|unpacked,[1, 1, 8, 512, 1536]
300,23,4,1872,RMSNorm sumsq,keep::reduce fold,omega_reduce_r2_o1_n2_multiply_add_zero,256,unpacked|unpacked,[1, 1536]
301,23,4,1879,norm apply,elementwise,omega_elementwise_r2_n6_fused_multiply_o4_o5__add_s0_o3__square_root_s1__reciprocal_s2__multiply_s3_o2__multiply_s4_o1__add_s5_o0,1536,unpacked|unpacked|unpacked|unpacked|unpacked|unpacked,[1, 1536]
302,23,4,1887,RMSNorm sumsq + fused epilogue,keep::reduce fold,omega_reduce_r2_o1_n2_multiply_add_zero_epi4_fused_identity_o4__multiply_s0_o3__add_s1_o2__square_root_s2__reciprocal_s3__multiply_s4_o1__multiply_s5_o0,256,unpacked|unpacked,[1, 1536]
303,23,4,1892,matvec Q4_0,keep::reduce fold,omega_reduce_r3_o2_n2_multiply_add_zero,49152,unpacked|Q4_0,[1, 1536, 6144]
304,23,4,1907,matvec Q4_0,keep::reduce fold,omega_reduce_r3_o2_n2_multiply_add_zero_epi9_fused_identity_o9__multiply_o5_o6__multiply_s1_o4__multiply_s2_o3__add_s3_o2__multiply_s4_o1__tanh_s5__add_s6_o0__multiply_o7_o8__multiply_s7_s8__multiply_s0_s9,49152,unpacked|Q4_0,[1, 1536, 6144]
305,23,4,1909,matvec Q4_0,keep::reduce fold,omega_reduce_r3_o2_n2_multiply_add_zero,12288,Q4_0|unpacked,[1, 6144, 1536]
306,23,4,1912,RMSNorm sumsq,keep::reduce fold,omega_reduce_r2_o1_n2_multiply_add_zero,256,unpacked|unpacked,[1, 1536]
307,23,4,1919,norm apply,elementwise,omega_elementwise_r2_n6_fused_multiply_o4_o5__add_s0_o3__square_root_s1__reciprocal_s2__multiply_s3_o2__multiply_s4_o1__add_s5_o0,1536,unpacked|unpacked|unpacked|unpacked|unpacked|unpacked,[1, 1536]
308,23,4,1922,matvec Q4_0,keep::reduce fold,omega_reduce_r3_o2_n2_multiply_add_zero,2048,unpacked|Q4_0,[1, 1536, 256]
309,23,4,1935,RMSNorm sumsq + fused epilogue,keep::reduce fold,omega_reduce_r2_o1_n2_multiply_add_zero_epi15_fused_identity_o15__identity_o0__multiply_s0_o4__add_s2_o3__square_root_s3__reciprocal_s4__multiply_s5_o2__multiply_s6_o1__add_s1_s7__multiply_s8_o5__multiply_o11_o12__multiply_s10_o10__multiply_s11_o9__add_s12_o8__multiply_s13_o7__tanh_s14__add_s15_o6__multiply_o13_o14__multiply_s16_s17__multiply_s9_s18,64,unpacked|unpacked,[1, 256]
310,23,4,1938,matvec Q4_0,keep::reduce fold,omega_reduce_r3_o2_n2_multiply_add_zero,12288,unpacked|Q4_0,[1, 256, 1536]
311,23,4,1941,RMSNorm sumsq,keep::reduce fold,omega_reduce_r2_o1_n2_multiply_add_zero,256,unpacked|unpacked,[1, 1536]
312,23,4,1954,identity copy,elementwise,omega_elementwise_r2_n1_identity,256,unpacked,[1, 256]
313,23,4,1950,norm apply,elementwise,omega_elementwise_r2_n7_fused_multiply_o4_o5__add_s0_o3__square_root_s1__reciprocal_s2__multiply_s3_o2__multiply_s4_o1__add_s5_o0__multiply_s6_o6,1536,unpacked|unpacked|unpacked|unpacked|unpacked|unpacked|unpacked,[1, 1536]
314,23,4,1983,RMSNorm sumsq + fused epilogue,keep::reduce fold,omega_reduce_r2_o1_n2_multiply_add_zero_epi4_fused_identity_o4__multiply_s0_o3__add_s1_o2__square_root_s2__reciprocal_s3__multiply_s4_o1__multiply_s5_o0,256,unpacked|unpacked,[1, 1536]
315,23,4,1985,matvec Q4_0,keep::reduce fold,omega_reduce_r4_o3_n2_multiply_add_zero,16384,Q4_0|unpacked,[1, 8, 256, 1536]
316,23,4,1987,RMSNorm sumsq,keep::reduce fold,omega_reduce_r3_o2_n2_multiply_add_zero,512,unpacked|unpacked,[1, 8, 256]
317,23,4,1995,matvec Q4_0,keep::reduce fold,omega_reduce_r4_o3_n2_multiply_add_zero,2048,Q4_0|unpacked,[1, 1, 256, 1536]
318,23,4,1997,RMSNorm sumsq,keep::reduce fold,omega_reduce_r3_o2_n2_multiply_add_zero,64,unpacked|unpacked,[1, 1, 256]
319,23,4,2003,norm apply,elementwise,omega_elementwise_r3_n5_fused_multiply_o3_o4__add_s0_o2__square_root_s1__reciprocal_s2__multiply_s3_o1__multiply_s4_o0,256,unpacked|unpacked|unpacked|unpacked|unpacked,[1, 1, 256]
320,23,4,2009,RoPE,elementwise,omega_elementwise_r3_n4_fused_multiply_o0_o1__multiply_o2_o3__add_s0_s1,128,unpacked|unpacked|unpacked|unpacked,[1, 1, 128]
321,23,4,2006,RoPE,elementwise,omega_elementwise_r3_n4_fused_multiply_o0_o1__multiply_o2_o3__subtract_s0_s1,128,unpacked|unpacked|unpacked|unpacked,[1, 1, 128]
322,23,4,2011,matvec Q4_0,keep::reduce fold,omega_reduce_r4_o3_n2_multiply_add_zero,2048,Q4_0|unpacked,[1, 1, 256, 1536]
323,23,4,2013,RMSNorm sumsq,keep::reduce fold,omega_reduce_r3_o2_n2_multiply_add_zero,64,unpacked|unpacked,[1, 1, 256]
324,23,4,2018,norm apply,elementwise,omega_elementwise_r3_n4_fused_multiply_o2_o3__add_s0_o1__square_root_s1__reciprocal_s2__multiply_s3_o0,256,unpacked|unpacked|unpacked|unpacked,[1, 1, 256]
325,23,4,1993,norm apply,elementwise,omega_elementwise_r3_n5_fused_multiply_o3_o4__add_s0_o2__square_root_s1__reciprocal_s2__multiply_s3_o1__multiply_s4_o0,2048,unpacked|unpacked|unpacked|unpacked|unpacked,[1, 8, 256]
326,23,4,2021,RoPE,elementwise,omega_elementwise_r3_n4_fused_multiply_o0_o1__multiply_o2_o3__subtract_s0_s1,1024,unpacked|unpacked|unpacked|unpacked,[1, 8, 128]
327,23,4,2024,RoPE,elementwise,omega_elementwise_r3_n4_fused_multiply_o0_o1__multiply_o2_o3__add_s0_s1,1024,unpacked|unpacked|unpacked|unpacked,[1, 8, 128]
328,23,4,2057,cached attention partial,cached_attention,omega_cached_attention_q1_h1_g8_d256_s3f800000_ln511_up0_x4_e1_k1_ds,17408,unpacked|unpacked|unpacked|unpacked|unpacked|unpacked|unpacked|unpacked|unpacked,[1, 1, 8, 256]
329,23,4,2057,cached attention merge,cached_attention,omega_cached_attention_q1_h1_g8_d256_s3f800000_ln511_up0_x4_e1_k1_ds_merge,8192,unpacked|unpacked|unpacked|unpacked|unpacked|unpacked|unpacked|unpacked|unpacked,[1, 1, 8, 256]
330,23,4,2059,matvec Q4_0,keep::reduce fold,omega_reduce_r5_o2_n2_multiply_add_zero,12288,Q4_0|unpacked,[1, 1, 8, 256, 1536]
331,23,4,2061,RMSNorm sumsq,keep::reduce fold,omega_reduce_r2_o1_n2_multiply_add_zero,256,unpacked|unpacked,[1, 1536]
332,23,4,2068,norm apply,elementwise,omega_elementwise_r2_n6_fused_multiply_o4_o5__add_s0_o3__square_root_s1__reciprocal_s2__multiply_s3_o2__multiply_s4_o1__add_s5_o0,1536,unpacked|unpacked|unpacked|unpacked|unpacked|unpacked,[1, 1536]
333,23,4,2076,RMSNorm sumsq + fused epilogue,keep::reduce fold,omega_reduce_r2_o1_n2_multiply_add_zero_epi4_fused_identity_o4__multiply_s0_o3__add_s1_o2__square_root_s2__reciprocal_s3__multiply_s4_o1__multiply_s5_o0,256,unpacked|unpacked,[1, 1536]
334,23,4,2081,matvec Q4_0,keep::reduce fold,omega_reduce_r3_o2_n2_multiply_add_zero,49152,unpacked|Q4_0,[1, 1536, 6144]
335,23,4,2096,matvec Q4_0,keep::reduce fold,omega_reduce_r3_o2_n2_multiply_add_zero_epi9_fused_identity_o9__multiply_o5_o6__multiply_s1_o4__multiply_s2_o3__add_s3_o2__multiply_s4_o1__tanh_s5__add_s6_o0__multiply_o7_o8__multiply_s7_s8__multiply_s0_s9,49152,unpacked|Q4_0,[1, 1536, 6144]
336,23,4,2098,matvec Q4_0,keep::reduce fold,omega_reduce_r3_o2_n2_multiply_add_zero,12288,Q4_0|unpacked,[1, 6144, 1536]
337,23,4,2101,RMSNorm sumsq,keep::reduce fold,omega_reduce_r2_o1_n2_multiply_add_zero,256,unpacked|unpacked,[1, 1536]
338,23,4,2108,norm apply,elementwise,omega_elementwise_r2_n6_fused_multiply_o4_o5__add_s0_o3__square_root_s1__reciprocal_s2__multiply_s3_o2__multiply_s4_o1__add_s5_o0,1536,unpacked|unpacked|unpacked|unpacked|unpacked|unpacked,[1, 1536]
339,23,4,2111,matvec Q4_0,keep::reduce fold,omega_reduce_r3_o2_n2_multiply_add_zero,2048,unpacked|Q4_0,[1, 1536, 256]
340,23,4,2124,RMSNorm sumsq + fused epilogue,keep::reduce fold,omega_reduce_r2_o1_n2_multiply_add_zero_epi15_fused_identity_o15__identity_o0__multiply_s0_o4__add_s2_o3__square_root_s3__reciprocal_s4__multiply_s5_o2__multiply_s6_o1__add_s1_s7__multiply_s8_o5__multiply_o11_o12__multiply_s10_o10__multiply_s11_o9__add_s12_o8__multiply_s13_o7__tanh_s14__add_s15_o6__multiply_o13_o14__multiply_s16_s17__multiply_s9_s18,64,unpacked|unpacked,[1, 256]
341,23,4,2127,matvec Q4_0,keep::reduce fold,omega_reduce_r3_o2_n2_multiply_add_zero,12288,unpacked|Q4_0,[1, 256, 1536]
342,23,4,2130,RMSNorm sumsq,keep::reduce fold,omega_reduce_r2_o1_n2_multiply_add_zero,256,unpacked|unpacked,[1, 1536]
343,23,4,2143,identity copy,elementwise,omega_elementwise_r2_n1_identity,256,unpacked,[1, 256]
344,23,4,2139,norm apply,elementwise,omega_elementwise_r2_n7_fused_multiply_o4_o5__add_s0_o3__square_root_s1__reciprocal_s2__multiply_s3_o2__multiply_s4_o1__add_s5_o0__multiply_s6_o6,1536,unpacked|unpacked|unpacked|unpacked|unpacked|unpacked|unpacked,[1, 1536]
345,23,4,2172,RMSNorm sumsq + fused epilogue,keep::reduce fold,omega_reduce_r2_o1_n2_multiply_add_zero_epi4_fused_identity_o4__multiply_s0_o3__add_s1_o2__square_root_s2__reciprocal_s3__multiply_s4_o1__multiply_s5_o0,256,unpacked|unpacked,[1, 1536]
346,23,4,2174,matvec Q4_0,keep::reduce fold,omega_reduce_r4_o3_n2_multiply_add_zero,16384,Q4_0|unpacked,[1, 8, 256, 1536]
347,23,4,2176,RMSNorm sumsq,keep::reduce fold,omega_reduce_r3_o2_n2_multiply_add_zero,512,unpacked|unpacked,[1, 8, 256]
348,23,4,2184,matvec Q4_0,keep::reduce fold,omega_reduce_r4_o3_n2_multiply_add_zero,2048,Q4_0|unpacked,[1, 1, 256, 1536]
349,23,4,2186,RMSNorm sumsq,keep::reduce fold,omega_reduce_r3_o2_n2_multiply_add_zero,64,unpacked|unpacked,[1, 1, 256]
350,23,4,2192,norm apply,elementwise,omega_elementwise_r3_n5_fused_multiply_o3_o4__add_s0_o2__square_root_s1__reciprocal_s2__multiply_s3_o1__multiply_s4_o0,256,unpacked|unpacked|unpacked|unpacked|unpacked,[1, 1, 256]
351,23,4,2198,RoPE,elementwise,omega_elementwise_r3_n4_fused_multiply_o0_o1__multiply_o2_o3__add_s0_s1,128,unpacked|unpacked|unpacked|unpacked,[1, 1, 128]
352,23,4,2195,RoPE,elementwise,omega_elementwise_r3_n4_fused_multiply_o0_o1__multiply_o2_o3__subtract_s0_s1,128,unpacked|unpacked|unpacked|unpacked,[1, 1, 128]
353,23,4,2200,matvec Q4_0,keep::reduce fold,omega_reduce_r4_o3_n2_multiply_add_zero,2048,Q4_0|unpacked,[1, 1, 256, 1536]
354,23,4,2202,RMSNorm sumsq,keep::reduce fold,omega_reduce_r3_o2_n2_multiply_add_zero,64,unpacked|unpacked,[1, 1, 256]
355,23,4,2207,norm apply,elementwise,omega_elementwise_r3_n4_fused_multiply_o2_o3__add_s0_o1__square_root_s1__reciprocal_s2__multiply_s3_o0,256,unpacked|unpacked|unpacked|unpacked,[1, 1, 256]
356,23,4,2182,norm apply,elementwise,omega_elementwise_r3_n5_fused_multiply_o3_o4__add_s0_o2__square_root_s1__reciprocal_s2__multiply_s3_o1__multiply_s4_o0,2048,unpacked|unpacked|unpacked|unpacked|unpacked,[1, 8, 256]
357,23,4,2210,RoPE,elementwise,omega_elementwise_r3_n4_fused_multiply_o0_o1__multiply_o2_o3__subtract_s0_s1,1024,unpacked|unpacked|unpacked|unpacked,[1, 8, 128]
358,23,4,2213,RoPE,elementwise,omega_elementwise_r3_n4_fused_multiply_o0_o1__multiply_o2_o3__add_s0_s1,1024,unpacked|unpacked|unpacked|unpacked,[1, 8, 128]
359,23,4,2246,cached attention partial,cached_attention,omega_cached_attention_q1_h1_g8_d256_s3f800000_ln511_up0_x4_e1_k1_ds,17408,unpacked|unpacked|unpacked|unpacked|unpacked|unpacked|unpacked|unpacked|unpacked,[1, 1, 8, 256]
360,23,4,2246,cached attention merge,cached_attention,omega_cached_attention_q1_h1_g8_d256_s3f800000_ln511_up0_x4_e1_k1_ds_merge,8192,unpacked|unpacked|unpacked|unpacked|unpacked|unpacked|unpacked|unpacked|unpacked,[1, 1, 8, 256]
361,23,4,2248,matvec Q4_0,keep::reduce fold,omega_reduce_r5_o2_n2_multiply_add_zero,12288,Q4_0|unpacked,[1, 1, 8, 256, 1536]
362,23,4,2250,RMSNorm sumsq,keep::reduce fold,omega_reduce_r2_o1_n2_multiply_add_zero,256,unpacked|unpacked,[1, 1536]
363,23,4,2257,norm apply,elementwise,omega_elementwise_r2_n6_fused_multiply_o4_o5__add_s0_o3__square_root_s1__reciprocal_s2__multiply_s3_o2__multiply_s4_o1__add_s5_o0,1536,unpacked|unpacked|unpacked|unpacked|unpacked|unpacked,[1, 1536]
364,23,4,2265,RMSNorm sumsq + fused epilogue,keep::reduce fold,omega_reduce_r2_o1_n2_multiply_add_zero_epi4_fused_identity_o4__multiply_s0_o3__add_s1_o2__square_root_s2__reciprocal_s3__multiply_s4_o1__multiply_s5_o0,256,unpacked|unpacked,[1, 1536]
365,23,4,2270,matvec Q4_0,keep::reduce fold,omega_reduce_r3_o2_n2_multiply_add_zero,49152,unpacked|Q4_0,[1, 1536, 6144]
366,23,4,2285,matvec Q4_0,keep::reduce fold,omega_reduce_r3_o2_n2_multiply_add_zero_epi9_fused_identity_o9__multiply_o5_o6__multiply_s1_o4__multiply_s2_o3__add_s3_o2__multiply_s4_o1__tanh_s5__add_s6_o0__multiply_o7_o8__multiply_s7_s8__multiply_s0_s9,49152,unpacked|Q4_0,[1, 1536, 6144]
367,23,4,2287,matvec Q4_0,keep::reduce fold,omega_reduce_r3_o2_n2_multiply_add_zero,12288,Q4_0|unpacked,[1, 6144, 1536]
368,23,4,2290,RMSNorm sumsq,keep::reduce fold,omega_reduce_r2_o1_n2_multiply_add_zero,256,unpacked|unpacked,[1, 1536]
369,23,4,2297,norm apply,elementwise,omega_elementwise_r2_n6_fused_multiply_o4_o5__add_s0_o3__square_root_s1__reciprocal_s2__multiply_s3_o2__multiply_s4_o1__add_s5_o0,1536,unpacked|unpacked|unpacked|unpacked|unpacked|unpacked,[1, 1536]
370,23,4,2300,matvec Q4_0,keep::reduce fold,omega_reduce_r3_o2_n2_multiply_add_zero,2048,unpacked|Q4_0,[1, 1536, 256]
371,23,4,2313,RMSNorm sumsq + fused epilogue,keep::reduce fold,omega_reduce_r2_o1_n2_multiply_add_zero_epi15_fused_identity_o15__identity_o0__multiply_s0_o4__add_s2_o3__square_root_s3__reciprocal_s4__multiply_s5_o2__multiply_s6_o1__add_s1_s7__multiply_s8_o5__multiply_o11_o12__multiply_s10_o10__multiply_s11_o9__add_s12_o8__multiply_s13_o7__tanh_s14__add_s15_o6__multiply_o13_o14__multiply_s16_s17__multiply_s9_s18,64,unpacked|unpacked,[1, 256]
372,23,4,2316,matvec Q4_0,keep::reduce fold,omega_reduce_r3_o2_n2_multiply_add_zero,12288,unpacked|Q4_0,[1, 256, 1536]
373,23,4,2319,RMSNorm sumsq,keep::reduce fold,omega_reduce_r2_o1_n2_multiply_add_zero,256,unpacked|unpacked,[1, 1536]
374,23,4,2332,identity copy,elementwise,omega_elementwise_r2_n1_identity,256,unpacked,[1, 256]
375,23,4,2328,norm apply,elementwise,omega_elementwise_r2_n7_fused_multiply_o4_o5__add_s0_o3__square_root_s1__reciprocal_s2__multiply_s3_o2__multiply_s4_o1__add_s5_o0__multiply_s6_o6,1536,unpacked|unpacked|unpacked|unpacked|unpacked|unpacked|unpacked,[1, 1536]
376,23,4,2361,RMSNorm sumsq + fused epilogue,keep::reduce fold,omega_reduce_r2_o1_n2_multiply_add_zero_epi4_fused_identity_o4__multiply_s0_o3__add_s1_o2__square_root_s2__reciprocal_s3__multiply_s4_o1__multiply_s5_o0,256,unpacked|unpacked,[1, 1536]
377,23,4,2363,matvec Q4_0,keep::reduce fold,omega_reduce_r4_o3_n2_multiply_add_zero,16384,Q4_0|unpacked,[1, 8, 256, 1536]
378,23,4,2365,RMSNorm sumsq,keep::reduce fold,omega_reduce_r3_o2_n2_multiply_add_zero,512,unpacked|unpacked,[1, 8, 256]
379,23,4,2373,matvec Q4_0,keep::reduce fold,omega_reduce_r4_o3_n2_multiply_add_zero,2048,Q4_0|unpacked,[1, 1, 256, 1536]
380,23,4,2375,RMSNorm sumsq,keep::reduce fold,omega_reduce_r3_o2_n2_multiply_add_zero,64,unpacked|unpacked,[1, 1, 256]
381,23,4,2381,norm apply,elementwise,omega_elementwise_r3_n5_fused_multiply_o3_o4__add_s0_o2__square_root_s1__reciprocal_s2__multiply_s3_o1__multiply_s4_o0,256,unpacked|unpacked|unpacked|unpacked|unpacked,[1, 1, 256]
382,23,4,2387,RoPE,elementwise,omega_elementwise_r3_n4_fused_multiply_o0_o1__multiply_o2_o3__add_s0_s1,128,unpacked|unpacked|unpacked|unpacked,[1, 1, 128]
383,23,4,2384,RoPE,elementwise,omega_elementwise_r3_n4_fused_multiply_o0_o1__multiply_o2_o3__subtract_s0_s1,128,unpacked|unpacked|unpacked|unpacked,[1, 1, 128]
384,23,4,2389,matvec Q4_0,keep::reduce fold,omega_reduce_r4_o3_n2_multiply_add_zero,2048,Q4_0|unpacked,[1, 1, 256, 1536]
385,23,4,2391,RMSNorm sumsq,keep::reduce fold,omega_reduce_r3_o2_n2_multiply_add_zero,64,unpacked|unpacked,[1, 1, 256]
386,23,4,2396,norm apply,elementwise,omega_elementwise_r3_n4_fused_multiply_o2_o3__add_s0_o1__square_root_s1__reciprocal_s2__multiply_s3_o0,256,unpacked|unpacked|unpacked|unpacked,[1, 1, 256]
387,23,4,2371,norm apply,elementwise,omega_elementwise_r3_n5_fused_multiply_o3_o4__add_s0_o2__square_root_s1__reciprocal_s2__multiply_s3_o1__multiply_s4_o0,2048,unpacked|unpacked|unpacked|unpacked|unpacked,[1, 8, 256]
388,23,4,2399,RoPE,elementwise,omega_elementwise_r3_n4_fused_multiply_o0_o1__multiply_o2_o3__subtract_s0_s1,1024,unpacked|unpacked|unpacked|unpacked,[1, 8, 128]
389,23,4,2402,RoPE,elementwise,omega_elementwise_r3_n4_fused_multiply_o0_o1__multiply_o2_o3__add_s0_s1,1024,unpacked|unpacked|unpacked|unpacked,[1, 8, 128]
390,23,4,2435,cached attention partial,cached_attention,omega_cached_attention_q1_h1_g8_d256_s3f800000_ln511_up0_x4_e1_k1_ds,17408,unpacked|unpacked|unpacked|unpacked|unpacked|unpacked|unpacked|unpacked|unpacked,[1, 1, 8, 256]
391,23,4,2435,cached attention merge,cached_attention,omega_cached_attention_q1_h1_g8_d256_s3f800000_ln511_up0_x4_e1_k1_ds_merge,8192,unpacked|unpacked|unpacked|unpacked|unpacked|unpacked|unpacked|unpacked|unpacked,[1, 1, 8, 256]
392,23,4,2437,matvec Q4_0,keep::reduce fold,omega_reduce_r5_o2_n2_multiply_add_zero,12288,Q4_0|unpacked,[1, 1, 8, 256, 1536]
393,23,4,2439,RMSNorm sumsq,keep::reduce fold,omega_reduce_r2_o1_n2_multiply_add_zero,256,unpacked|unpacked,[1, 1536]
394,23,4,2446,norm apply,elementwise,omega_elementwise_r2_n6_fused_multiply_o4_o5__add_s0_o3__square_root_s1__reciprocal_s2__multiply_s3_o2__multiply_s4_o1__add_s5_o0,1536,unpacked|unpacked|unpacked|unpacked|unpacked|unpacked,[1, 1536]
395,23,4,2454,RMSNorm sumsq + fused epilogue,keep::reduce fold,omega_reduce_r2_o1_n2_multiply_add_zero_epi4_fused_identity_o4__multiply_s0_o3__add_s1_o2__square_root_s2__reciprocal_s3__multiply_s4_o1__multiply_s5_o0,256,unpacked|unpacked,[1, 1536]
396,23,4,2459,matvec Q4_0,keep::reduce fold,omega_reduce_r3_o2_n2_multiply_add_zero,49152,unpacked|Q4_0,[1, 1536, 6144]
397,23,4,2474,matvec Q4_0,keep::reduce fold,omega_reduce_r3_o2_n2_multiply_add_zero_epi9_fused_identity_o9__multiply_o5_o6__multiply_s1_o4__multiply_s2_o3__add_s3_o2__multiply_s4_o1__tanh_s5__add_s6_o0__multiply_o7_o8__multiply_s7_s8__multiply_s0_s9,49152,unpacked|Q4_0,[1, 1536, 6144]
398,23,4,2476,matvec Q4_0,keep::reduce fold,omega_reduce_r3_o2_n2_multiply_add_zero,12288,Q4_0|unpacked,[1, 6144, 1536]
399,23,4,2479,RMSNorm sumsq,keep::reduce fold,omega_reduce_r2_o1_n2_multiply_add_zero,256,unpacked|unpacked,[1, 1536]
400,23,4,2486,norm apply,elementwise,omega_elementwise_r2_n6_fused_multiply_o4_o5__add_s0_o3__square_root_s1__reciprocal_s2__multiply_s3_o2__multiply_s4_o1__add_s5_o0,1536,unpacked|unpacked|unpacked|unpacked|unpacked|unpacked,[1, 1536]
401,23,4,2489,matvec Q4_0,keep::reduce fold,omega_reduce_r3_o2_n2_multiply_add_zero,2048,unpacked|Q4_0,[1, 1536, 256]
402,23,4,2502,RMSNorm sumsq + fused epilogue,keep::reduce fold,omega_reduce_r2_o1_n2_multiply_add_zero_epi15_fused_identity_o15__identity_o0__multiply_s0_o4__add_s2_o3__square_root_s3__reciprocal_s4__multiply_s5_o2__multiply_s6_o1__add_s1_s7__multiply_s8_o5__multiply_o11_o12__multiply_s10_o10__multiply_s11_o9__add_s12_o8__multiply_s13_o7__tanh_s14__add_s15_o6__multiply_o13_o14__multiply_s16_s17__multiply_s9_s18,64,unpacked|unpacked,[1, 256]
403,23,4,2505,matvec Q4_0,keep::reduce fold,omega_reduce_r3_o2_n2_multiply_add_zero,12288,unpacked|Q4_0,[1, 256, 1536]
404,23,4,2508,RMSNorm sumsq,keep::reduce fold,omega_reduce_r2_o1_n2_multiply_add_zero,256,unpacked|unpacked,[1, 1536]
405,23,4,2521,identity copy,elementwise,omega_elementwise_r2_n1_identity,256,unpacked,[1, 256]
406,23,4,2517,norm apply,elementwise,omega_elementwise_r2_n7_fused_multiply_o4_o5__add_s0_o3__square_root_s1__reciprocal_s2__multiply_s3_o2__multiply_s4_o1__add_s5_o0__multiply_s6_o6,1536,unpacked|unpacked|unpacked|unpacked|unpacked|unpacked|unpacked,[1, 1536]
407,23,4,2550,RMSNorm sumsq + fused epilogue,keep::reduce fold,omega_reduce_r2_o1_n2_multiply_add_zero_epi4_fused_identity_o4__multiply_s0_o3__add_s1_o2__square_root_s2__reciprocal_s3__multiply_s4_o1__multiply_s5_o0,256,unpacked|unpacked,[1, 1536]
408,23,4,2552,matvec Q4_0,keep::reduce fold,omega_reduce_r4_o3_n2_multiply_add_zero,16384,Q4_0|unpacked,[1, 8, 256, 1536]
409,23,4,2554,RMSNorm sumsq,keep::reduce fold,omega_reduce_r3_o2_n2_multiply_add_zero,512,unpacked|unpacked,[1, 8, 256]
410,23,4,2562,matvec Q4_0,keep::reduce fold,omega_reduce_r4_o3_n2_multiply_add_zero,2048,Q4_0|unpacked,[1, 1, 256, 1536]
411,23,4,2564,RMSNorm sumsq,keep::reduce fold,omega_reduce_r3_o2_n2_multiply_add_zero,64,unpacked|unpacked,[1, 1, 256]
412,23,4,2570,norm apply,elementwise,omega_elementwise_r3_n5_fused_multiply_o3_o4__add_s0_o2__square_root_s1__reciprocal_s2__multiply_s3_o1__multiply_s4_o0,256,unpacked|unpacked|unpacked|unpacked|unpacked,[1, 1, 256]
413,23,4,2576,RoPE,elementwise,omega_elementwise_r3_n4_fused_multiply_o0_o1__multiply_o2_o3__add_s0_s1,128,unpacked|unpacked|unpacked|unpacked,[1, 1, 128]
414,23,4,2573,RoPE,elementwise,omega_elementwise_r3_n4_fused_multiply_o0_o1__multiply_o2_o3__subtract_s0_s1,128,unpacked|unpacked|unpacked|unpacked,[1, 1, 128]
415,23,4,2578,matvec Q4_0,keep::reduce fold,omega_reduce_r4_o3_n2_multiply_add_zero,2048,Q4_0|unpacked,[1, 1, 256, 1536]
416,23,4,2580,RMSNorm sumsq,keep::reduce fold,omega_reduce_r3_o2_n2_multiply_add_zero,64,unpacked|unpacked,[1, 1, 256]
417,23,4,2585,norm apply,elementwise,omega_elementwise_r3_n4_fused_multiply_o2_o3__add_s0_o1__square_root_s1__reciprocal_s2__multiply_s3_o0,256,unpacked|unpacked|unpacked|unpacked,[1, 1, 256]
418,23,4,2560,norm apply,elementwise,omega_elementwise_r3_n5_fused_multiply_o3_o4__add_s0_o2__square_root_s1__reciprocal_s2__multiply_s3_o1__multiply_s4_o0,2048,unpacked|unpacked|unpacked|unpacked|unpacked,[1, 8, 256]
419,23,4,2588,RoPE,elementwise,omega_elementwise_r3_n4_fused_multiply_o0_o1__multiply_o2_o3__subtract_s0_s1,1024,unpacked|unpacked|unpacked|unpacked,[1, 8, 128]
420,23,4,2591,RoPE,elementwise,omega_elementwise_r3_n4_fused_multiply_o0_o1__multiply_o2_o3__add_s0_s1,1024,unpacked|unpacked|unpacked|unpacked,[1, 8, 128]
421,23,4,2624,cached attention partial,cached_attention,omega_cached_attention_q1_h1_g8_d256_s3f800000_ln511_up0_x4_e1_k1_ds,17408,unpacked|unpacked|unpacked|unpacked|unpacked|unpacked|unpacked|unpacked|unpacked,[1, 1, 8, 256]
422,23,4,2624,cached attention merge,cached_attention,omega_cached_attention_q1_h1_g8_d256_s3f800000_ln511_up0_x4_e1_k1_ds_merge,8192,unpacked|unpacked|unpacked|unpacked|unpacked|unpacked|unpacked|unpacked|unpacked,[1, 1, 8, 256]
423,23,4,2626,matvec Q4_0,keep::reduce fold,omega_reduce_r5_o2_n2_multiply_add_zero,12288,Q4_0|unpacked,[1, 1, 8, 256, 1536]
424,23,4,2628,RMSNorm sumsq,keep::reduce fold,omega_reduce_r2_o1_n2_multiply_add_zero,256,unpacked|unpacked,[1, 1536]
425,23,4,2635,norm apply,elementwise,omega_elementwise_r2_n6_fused_multiply_o4_o5__add_s0_o3__square_root_s1__reciprocal_s2__multiply_s3_o2__multiply_s4_o1__add_s5_o0,1536,unpacked|unpacked|unpacked|unpacked|unpacked|unpacked,[1, 1536]
426,23,5,2643,RMSNorm sumsq + fused epilogue,keep::reduce fold,omega_reduce_r2_o1_n2_multiply_add_zero_epi4_fused_identity_o4__multiply_s0_o3__add_s1_o2__square_root_s2__reciprocal_s3__multiply_s4_o1__multiply_s5_o0,256,unpacked|unpacked,[1, 1536]
427,23,5,2648,matvec Q4_0,keep::reduce fold,omega_reduce_r3_o2_n2_multiply_add_zero,49152,unpacked|Q4_0,[1, 1536, 6144]
428,23,5,2663,matvec Q4_0,keep::reduce fold,omega_reduce_r3_o2_n2_multiply_add_zero_epi9_fused_identity_o9__multiply_o5_o6__multiply_s1_o4__multiply_s2_o3__add_s3_o2__multiply_s4_o1__tanh_s5__add_s6_o0__multiply_o7_o8__multiply_s7_s8__multiply_s0_s9,49152,unpacked|Q4_0,[1, 1536, 6144]
429,23,5,2665,matvec Q4_0,keep::reduce fold,omega_reduce_r3_o2_n2_multiply_add_zero,12288,Q4_0|unpacked,[1, 6144, 1536]
430,23,5,2668,RMSNorm sumsq,keep::reduce fold,omega_reduce_r2_o1_n2_multiply_add_zero,256,unpacked|unpacked,[1, 1536]
431,23,5,2675,norm apply,elementwise,omega_elementwise_r2_n6_fused_multiply_o4_o5__add_s0_o3__square_root_s1__reciprocal_s2__multiply_s3_o2__multiply_s4_o1__add_s5_o0,1536,unpacked|unpacked|unpacked|unpacked|unpacked|unpacked,[1, 1536]
432,23,5,2678,matvec Q4_0,keep::reduce fold,omega_reduce_r3_o2_n2_multiply_add_zero,2048,unpacked|Q4_0,[1, 1536, 256]
433,23,5,2691,RMSNorm sumsq + fused epilogue,keep::reduce fold,omega_reduce_r2_o1_n2_multiply_add_zero_epi15_fused_identity_o15__identity_o0__multiply_s0_o4__add_s2_o3__square_root_s3__reciprocal_s4__multiply_s5_o2__multiply_s6_o1__add_s1_s7__multiply_s8_o5__multiply_o11_o12__multiply_s10_o10__multiply_s11_o9__add_s12_o8__multiply_s13_o7__tanh_s14__add_s15_o6__multiply_o13_o14__multiply_s16_s17__multiply_s9_s18,64,unpacked|unpacked,[1, 256]
434,23,5,2694,matvec Q4_0,keep::reduce fold,omega_reduce_r3_o2_n2_multiply_add_zero,12288,unpacked|Q4_0,[1, 256, 1536]
435,23,5,2697,RMSNorm sumsq,keep::reduce fold,omega_reduce_r2_o1_n2_multiply_add_zero,256,unpacked|unpacked,[1, 1536]
436,23,5,2710,identity copy,elementwise,omega_elementwise_r2_n1_identity,256,unpacked,[1, 256]
437,23,5,2706,norm apply,elementwise,omega_elementwise_r2_n7_fused_multiply_o4_o5__add_s0_o3__square_root_s1__reciprocal_s2__multiply_s3_o2__multiply_s4_o1__add_s5_o0__multiply_s6_o6,1536,unpacked|unpacked|unpacked|unpacked|unpacked|unpacked|unpacked,[1, 1536]
438,23,5,2739,RMSNorm sumsq + fused epilogue,keep::reduce fold,omega_reduce_r2_o1_n2_multiply_add_zero_epi4_fused_identity_o4__multiply_s0_o3__add_s1_o2__square_root_s2__reciprocal_s3__multiply_s4_o1__multiply_s5_o0,256,unpacked|unpacked,[1, 1536]
439,23,5,2741,matvec Q4_0,keep::reduce fold,omega_reduce_r4_o3_n2_multiply_add_zero,32768,Q4_0|unpacked,[1, 8, 512, 1536]
440,23,5,2743,RMSNorm sumsq,keep::reduce fold,omega_reduce_r3_o2_n2_multiply_add_zero,1024,unpacked|unpacked,[1, 8, 512]
441,23,5,2751,matvec Q4_0,keep::reduce fold,omega_reduce_r4_o3_n2_multiply_add_zero,4096,Q4_0|unpacked,[1, 1, 512, 1536]
442,23,5,2753,RMSNorm sumsq,keep::reduce fold,omega_reduce_r3_o2_n2_multiply_add_zero,128,unpacked|unpacked,[1, 1, 512]
443,23,5,2759,norm apply,elementwise,omega_elementwise_r3_n5_fused_multiply_o3_o4__add_s0_o2__square_root_s1__reciprocal_s2__multiply_s3_o1__multiply_s4_o0,512,unpacked|unpacked|unpacked|unpacked|unpacked,[1, 1, 512]
444,23,5,2765,RoPE,elementwise,omega_elementwise_r3_n4_fused_multiply_o0_o1__multiply_o2_o3__add_s0_s1,256,unpacked|unpacked|unpacked|unpacked,[1, 1, 256]
445,23,5,2762,RoPE,elementwise,omega_elementwise_r3_n4_fused_multiply_o0_o1__multiply_o2_o3__subtract_s0_s1,256,unpacked|unpacked|unpacked|unpacked,[1, 1, 256]
446,23,5,2767,matvec Q4_0,keep::reduce fold,omega_reduce_r4_o3_n2_multiply_add_zero,4096,Q4_0|unpacked,[1, 1, 512, 1536]
447,23,5,2769,RMSNorm sumsq,keep::reduce fold,omega_reduce_r3_o2_n2_multiply_add_zero,128,unpacked|unpacked,[1, 1, 512]
448,23,5,2774,norm apply,elementwise,omega_elementwise_r3_n4_fused_multiply_o2_o3__add_s0_o1__square_root_s1__reciprocal_s2__multiply_s3_o0,512,unpacked|unpacked|unpacked|unpacked,[1, 1, 512]
449,23,5,2749,norm apply,elementwise,omega_elementwise_r3_n5_fused_multiply_o3_o4__add_s0_o2__square_root_s1__reciprocal_s2__multiply_s3_o1__multiply_s4_o0,4096,unpacked|unpacked|unpacked|unpacked|unpacked,[1, 8, 512]
450,23,5,2777,RoPE,elementwise,omega_elementwise_r3_n4_fused_multiply_o0_o1__multiply_o2_o3__subtract_s0_s1,2048,unpacked|unpacked|unpacked|unpacked,[1, 8, 256]
451,23,5,2780,RoPE,elementwise,omega_elementwise_r3_n4_fused_multiply_o0_o1__multiply_o2_o3__add_s0_s1,2048,unpacked|unpacked|unpacked|unpacked,[1, 8, 256]
452,23,5,2813,cached attention partial,cached_attention,omega_cached_attention_q1_h1_g8_d512_s3f800000_ln9223372036854775808_up0_x4_e1_k1_ds,32768,unpacked|unpacked|unpacked|unpacked|unpacked|unpacked|unpacked|unpacked|unpacked,[1, 1, 8, 512]
453,23,5,2813,cached attention merge,cached_attention,omega_cached_attention_q1_h1_g8_d512_s3f800000_ln9223372036854775808_up0_x4_e1_k1_ds_merge,8192,unpacked|unpacked|unpacked|unpacked|unpacked|unpacked|unpacked|unpacked|unpacked,[1, 1, 8, 512]
454,23,5,2815,matvec Q4_0,keep::reduce fold,omega_reduce_r5_o2_n2_multiply_add_zero,12288,Q4_0|unpacked,[1, 1, 8, 512, 1536]
455,23,5,2817,RMSNorm sumsq,keep::reduce fold,omega_reduce_r2_o1_n2_multiply_add_zero,256,unpacked|unpacked,[1, 1536]
456,23,5,2824,norm apply,elementwise,omega_elementwise_r2_n6_fused_multiply_o4_o5__add_s0_o3__square_root_s1__reciprocal_s2__multiply_s3_o2__multiply_s4_o1__add_s5_o0,1536,unpacked|unpacked|unpacked|unpacked|unpacked|unpacked,[1, 1536]
457,23,5,2832,RMSNorm sumsq + fused epilogue,keep::reduce fold,omega_reduce_r2_o1_n2_multiply_add_zero_epi4_fused_identity_o4__multiply_s0_o3__add_s1_o2__square_root_s2__reciprocal_s3__multiply_s4_o1__multiply_s5_o0,256,unpacked|unpacked,[1, 1536]
458,23,5,2837,matvec Q4_0,keep::reduce fold,omega_reduce_r3_o2_n2_multiply_add_zero,49152,unpacked|Q4_0,[1, 1536, 6144]
459,23,5,2852,matvec Q4_0,keep::reduce fold,omega_reduce_r3_o2_n2_multiply_add_zero_epi9_fused_identity_o9__multiply_o5_o6__multiply_s1_o4__multiply_s2_o3__add_s3_o2__multiply_s4_o1__tanh_s5__add_s6_o0__multiply_o7_o8__multiply_s7_s8__multiply_s0_s9,49152,unpacked|Q4_0,[1, 1536, 6144]
460,23,5,2854,matvec Q4_0,keep::reduce fold,omega_reduce_r3_o2_n2_multiply_add_zero,12288,Q4_0|unpacked,[1, 6144, 1536]
461,23,5,2857,RMSNorm sumsq,keep::reduce fold,omega_reduce_r2_o1_n2_multiply_add_zero,256,unpacked|unpacked,[1, 1536]
462,23,5,2864,norm apply,elementwise,omega_elementwise_r2_n6_fused_multiply_o4_o5__add_s0_o3__square_root_s1__reciprocal_s2__multiply_s3_o2__multiply_s4_o1__add_s5_o0,1536,unpacked|unpacked|unpacked|unpacked|unpacked|unpacked,[1, 1536]
463,23,5,2867,matvec Q4_0,keep::reduce fold,omega_reduce_r3_o2_n2_multiply_add_zero,2048,unpacked|Q4_0,[1, 1536, 256]
464,23,5,2880,RMSNorm sumsq + fused epilogue,keep::reduce fold,omega_reduce_r2_o1_n2_multiply_add_zero_epi15_fused_identity_o15__identity_o0__multiply_s0_o4__add_s2_o3__square_root_s3__reciprocal_s4__multiply_s5_o2__multiply_s6_o1__add_s1_s7__multiply_s8_o5__multiply_o11_o12__multiply_s10_o10__multiply_s11_o9__add_s12_o8__multiply_s13_o7__tanh_s14__add_s15_o6__multiply_o13_o14__multiply_s16_s17__multiply_s9_s18,64,unpacked|unpacked,[1, 256]
465,23,5,2883,matvec Q4_0,keep::reduce fold,omega_reduce_r3_o2_n2_multiply_add_zero,12288,unpacked|Q4_0,[1, 256, 1536]
466,23,5,2886,RMSNorm sumsq,keep::reduce fold,omega_reduce_r2_o1_n2_multiply_add_zero,256,unpacked|unpacked,[1, 1536]
467,23,5,2899,identity copy,elementwise,omega_elementwise_r2_n1_identity,256,unpacked,[1, 256]
468,23,5,2895,norm apply,elementwise,omega_elementwise_r2_n7_fused_multiply_o4_o5__add_s0_o3__square_root_s1__reciprocal_s2__multiply_s3_o2__multiply_s4_o1__add_s5_o0__multiply_s6_o6,1536,unpacked|unpacked|unpacked|unpacked|unpacked|unpacked|unpacked,[1, 1536]
469,23,5,2922,RMSNorm sumsq + fused epilogue,keep::reduce fold,omega_reduce_r2_o1_n2_multiply_add_zero_epi4_fused_identity_o4__multiply_s0_o3__add_s1_o2__square_root_s2__reciprocal_s3__multiply_s4_o1__multiply_s5_o0,256,unpacked|unpacked,[1, 1536]
470,23,5,2924,matvec Q4_0,keep::reduce fold,omega_reduce_r4_o3_n2_multiply_add_zero,16384,Q4_0|unpacked,[1, 8, 256, 1536]
471,23,5,2926,RMSNorm sumsq,keep::reduce fold,omega_reduce_r3_o2_n2_multiply_add_zero,512,unpacked|unpacked,[1, 8, 256]
472,23,5,2932,norm apply,elementwise,omega_elementwise_r3_n5_fused_multiply_o3_o4__add_s0_o2__square_root_s1__reciprocal_s2__multiply_s3_o1__multiply_s4_o0,2048,unpacked|unpacked|unpacked|unpacked|unpacked,[1, 8, 256]
473,23,5,2935,RoPE,elementwise,omega_elementwise_r3_n4_fused_multiply_o0_o1__multiply_o2_o3__subtract_s0_s1,1024,unpacked|unpacked|unpacked|unpacked,[1, 8, 128]
474,23,5,2938,RoPE,elementwise,omega_elementwise_r3_n4_fused_multiply_o0_o1__multiply_o2_o3__add_s0_s1,1024,unpacked|unpacked|unpacked|unpacked,[1, 8, 128]
475,23,5,2971,cached attention partial,cached_attention,omega_cached_attention_q1_h1_g8_d256_s3f800000_ln511_up0_x4_e1_k1_ds,17408,unpacked|unpacked|unpacked|unpacked|unpacked|unpacked|unpacked|unpacked|unpacked,[1, 1, 8, 256]
476,23,5,2971,cached attention merge,cached_attention,omega_cached_attention_q1_h1_g8_d256_s3f800000_ln511_up0_x4_e1_k1_ds_merge,8192,unpacked|unpacked|unpacked|unpacked|unpacked|unpacked|unpacked|unpacked|unpacked,[1, 1, 8, 256]
477,23,5,2973,matvec Q4_0,keep::reduce fold,omega_reduce_r5_o2_n2_multiply_add_zero,12288,Q4_0|unpacked,[1, 1, 8, 256, 1536]
478,23,5,2975,RMSNorm sumsq,keep::reduce fold,omega_reduce_r2_o1_n2_multiply_add_zero,256,unpacked|unpacked,[1, 1536]
479,23,5,2982,norm apply,elementwise,omega_elementwise_r2_n6_fused_multiply_o4_o5__add_s0_o3__square_root_s1__reciprocal_s2__multiply_s3_o2__multiply_s4_o1__add_s5_o0,1536,unpacked|unpacked|unpacked|unpacked|unpacked|unpacked,[1, 1536]
480,23,5,2990,RMSNorm sumsq + fused epilogue,keep::reduce fold,omega_reduce_r2_o1_n2_multiply_add_zero_epi4_fused_identity_o4__multiply_s0_o3__add_s1_o2__square_root_s2__reciprocal_s3__multiply_s4_o1__multiply_s5_o0,256,unpacked|unpacked,[1, 1536]
481,23,5,2995,matvec Q4_0,keep::reduce fold,omega_reduce_r3_o2_n2_multiply_add_zero,98304,unpacked|Q4_0,[1, 1536, 12288]
482,23,5,3010,matvec Q4_0,keep::reduce fold,omega_reduce_r3_o2_n2_multiply_add_zero_epi9_fused_identity_o9__multiply_o5_o6__multiply_s1_o4__multiply_s2_o3__add_s3_o2__multiply_s4_o1__tanh_s5__add_s6_o0__multiply_o7_o8__multiply_s7_s8__multiply_s0_s9,98304,unpacked|Q4_0,[1, 1536, 12288]
483,23,5,3012,matvec Q4_0,keep::reduce fold,omega_reduce_r3_o2_n2_multiply_add_zero,12288,Q4_0|unpacked,[1, 12288, 1536]
484,23,5,3015,RMSNorm sumsq,keep::reduce fold,omega_reduce_r2_o1_n2_multiply_add_zero,256,unpacked|unpacked,[1, 1536]
485,23,5,3022,norm apply,elementwise,omega_elementwise_r2_n6_fused_multiply_o4_o5__add_s0_o3__square_root_s1__reciprocal_s2__multiply_s3_o2__multiply_s4_o1__add_s5_o0,1536,unpacked|unpacked|unpacked|unpacked|unpacked|unpacked,[1, 1536]
486,23,5,3025,matvec Q4_0,keep::reduce fold,omega_reduce_r3_o2_n2_multiply_add_zero,2048,unpacked|Q4_0,[1, 1536, 256]
487,23,5,3038,RMSNorm sumsq + fused epilogue,keep::reduce fold,omega_reduce_r2_o1_n2_multiply_add_zero_epi15_fused_identity_o15__identity_o0__multiply_s0_o4__add_s2_o3__square_root_s3__reciprocal_s4__multiply_s5_o2__multiply_s6_o1__add_s1_s7__multiply_s8_o5__multiply_o11_o12__multiply_s10_o10__multiply_s11_o9__add_s12_o8__multiply_s13_o7__tanh_s14__add_s15_o6__multiply_o13_o14__multiply_s16_s17__multiply_s9_s18,64,unpacked|unpacked,[1, 256]
488,23,5,3041,matvec Q4_0,keep::reduce fold,omega_reduce_r3_o2_n2_multiply_add_zero,12288,unpacked|Q4_0,[1, 256, 1536]
489,23,5,3044,RMSNorm sumsq,keep::reduce fold,omega_reduce_r2_o1_n2_multiply_add_zero,256,unpacked|unpacked,[1, 1536]
490,23,5,3057,identity copy,elementwise,omega_elementwise_r2_n1_identity,256,unpacked,[1, 256]
491,23,5,3053,norm apply,elementwise,omega_elementwise_r2_n7_fused_multiply_o4_o5__add_s0_o3__square_root_s1__reciprocal_s2__multiply_s3_o2__multiply_s4_o1__add_s5_o0__multiply_s6_o6,1536,unpacked|unpacked|unpacked|unpacked|unpacked|unpacked|unpacked,[1, 1536]
492,23,5,3080,RMSNorm sumsq + fused epilogue,keep::reduce fold,omega_reduce_r2_o1_n2_multiply_add_zero_epi4_fused_identity_o4__multiply_s0_o3__add_s1_o2__square_root_s2__reciprocal_s3__multiply_s4_o1__multiply_s5_o0,256,unpacked|unpacked,[1, 1536]
493,23,5,3082,matvec Q4_0,keep::reduce fold,omega_reduce_r4_o3_n2_multiply_add_zero,16384,Q4_0|unpacked,[1, 8, 256, 1536]
494,23,5,3084,RMSNorm sumsq,keep::reduce fold,omega_reduce_r3_o2_n2_multiply_add_zero,512,unpacked|unpacked,[1, 8, 256]
495,23,5,3090,norm apply,elementwise,omega_elementwise_r3_n5_fused_multiply_o3_o4__add_s0_o2__square_root_s1__reciprocal_s2__multiply_s3_o1__multiply_s4_o0,2048,unpacked|unpacked|unpacked|unpacked|unpacked,[1, 8, 256]
496,23,5,3093,RoPE,elementwise,omega_elementwise_r3_n4_fused_multiply_o0_o1__multiply_o2_o3__subtract_s0_s1,1024,unpacked|unpacked|unpacked|unpacked,[1, 8, 128]
497,23,5,3096,RoPE,elementwise,omega_elementwise_r3_n4_fused_multiply_o0_o1__multiply_o2_o3__add_s0_s1,1024,unpacked|unpacked|unpacked|unpacked,[1, 8, 128]
498,23,5,3129,cached attention partial,cached_attention,omega_cached_attention_q1_h1_g8_d256_s3f800000_ln511_up0_x4_e1_k1_ds,17408,unpacked|unpacked|unpacked|unpacked|unpacked|unpacked|unpacked|unpacked|unpacked,[1, 1, 8, 256]
499,23,5,3129,cached attention merge,cached_attention,omega_cached_attention_q1_h1_g8_d256_s3f800000_ln511_up0_x4_e1_k1_ds_merge,8192,unpacked|unpacked|unpacked|unpacked|unpacked|unpacked|unpacked|unpacked|unpacked,[1, 1, 8, 256]
500,23,5,3131,matvec Q4_0,keep::reduce fold,omega_reduce_r5_o2_n2_multiply_add_zero,12288,Q4_0|unpacked,[1, 1, 8, 256, 1536]
501,23,5,3133,RMSNorm sumsq,keep::reduce fold,omega_reduce_r2_o1_n2_multiply_add_zero,256,unpacked|unpacked,[1, 1536]
502,23,5,3140,norm apply,elementwise,omega_elementwise_r2_n6_fused_multiply_o4_o5__add_s0_o3__square_root_s1__reciprocal_s2__multiply_s3_o2__multiply_s4_o1__add_s5_o0,1536,unpacked|unpacked|unpacked|unpacked|unpacked|unpacked,[1, 1536]
503,23,5,3148,RMSNorm sumsq + fused epilogue,keep::reduce fold,omega_reduce_r2_o1_n2_multiply_add_zero_epi4_fused_identity_o4__multiply_s0_o3__add_s1_o2__square_root_s2__reciprocal_s3__multiply_s4_o1__multiply_s5_o0,256,unpacked|unpacked,[1, 1536]
504,23,5,3153,matvec Q4_0,keep::reduce fold,omega_reduce_r3_o2_n2_multiply_add_zero,98304,unpacked|Q4_0,[1, 1536, 12288]
505,23,5,3168,matvec Q4_0,keep::reduce fold,omega_reduce_r3_o2_n2_multiply_add_zero_epi9_fused_identity_o9__multiply_o5_o6__multiply_s1_o4__multiply_s2_o3__add_s3_o2__multiply_s4_o1__tanh_s5__add_s6_o0__multiply_o7_o8__multiply_s7_s8__multiply_s0_s9,98304,unpacked|Q4_0,[1, 1536, 12288]
506,23,5,3170,matvec Q4_0,keep::reduce fold,omega_reduce_r3_o2_n2_multiply_add_zero,12288,Q4_0|unpacked,[1, 12288, 1536]
507,23,5,3173,RMSNorm sumsq,keep::reduce fold,omega_reduce_r2_o1_n2_multiply_add_zero,256,unpacked|unpacked,[1, 1536]
508,23,5,3180,norm apply,elementwise,omega_elementwise_r2_n6_fused_multiply_o4_o5__add_s0_o3__square_root_s1__reciprocal_s2__multiply_s3_o2__multiply_s4_o1__add_s5_o0,1536,unpacked|unpacked|unpacked|unpacked|unpacked|unpacked,[1, 1536]
509,23,5,3183,matvec Q4_0,keep::reduce fold,omega_reduce_r3_o2_n2_multiply_add_zero,2048,unpacked|Q4_0,[1, 1536, 256]
510,23,5,3196,RMSNorm sumsq + fused epilogue,keep::reduce fold,omega_reduce_r2_o1_n2_multiply_add_zero_epi15_fused_identity_o15__identity_o0__multiply_s0_o4__add_s2_o3__square_root_s3__reciprocal_s4__multiply_s5_o2__multiply_s6_o1__add_s1_s7__multiply_s8_o5__multiply_o11_o12__multiply_s10_o10__multiply_s11_o9__add_s12_o8__multiply_s13_o7__tanh_s14__add_s15_o6__multiply_o13_o14__multiply_s16_s17__multiply_s9_s18,64,unpacked|unpacked,[1, 256]
511,23,5,3199,matvec Q4_0,keep::reduce fold,omega_reduce_r3_o2_n2_multiply_add_zero,12288,unpacked|Q4_0,[1, 256, 1536]
512,23,5,3202,RMSNorm sumsq,keep::reduce fold,omega_reduce_r2_o1_n2_multiply_add_zero,256,unpacked|unpacked,[1, 1536]
513,23,5,3215,identity copy,elementwise,omega_elementwise_r2_n1_identity,256,unpacked,[1, 256]
514,23,5,3211,norm apply,elementwise,omega_elementwise_r2_n7_fused_multiply_o4_o5__add_s0_o3__square_root_s1__reciprocal_s2__multiply_s3_o2__multiply_s4_o1__add_s5_o0__multiply_s6_o6,1536,unpacked|unpacked|unpacked|unpacked|unpacked|unpacked|unpacked,[1, 1536]
515,23,5,3238,RMSNorm sumsq + fused epilogue,keep::reduce fold,omega_reduce_r2_o1_n2_multiply_add_zero_epi4_fused_identity_o4__multiply_s0_o3__add_s1_o2__square_root_s2__reciprocal_s3__multiply_s4_o1__multiply_s5_o0,256,unpacked|unpacked,[1, 1536]
516,23,5,3240,matvec Q4_0,keep::reduce fold,omega_reduce_r4_o3_n2_multiply_add_zero,16384,Q4_0|unpacked,[1, 8, 256, 1536]
517,23,5,3242,RMSNorm sumsq,keep::reduce fold,omega_reduce_r3_o2_n2_multiply_add_zero,512,unpacked|unpacked,[1, 8, 256]
518,23,5,3248,norm apply,elementwise,omega_elementwise_r3_n5_fused_multiply_o3_o4__add_s0_o2__square_root_s1__reciprocal_s2__multiply_s3_o1__multiply_s4_o0,2048,unpacked|unpacked|unpacked|unpacked|unpacked,[1, 8, 256]
519,23,5,3251,RoPE,elementwise,omega_elementwise_r3_n4_fused_multiply_o0_o1__multiply_o2_o3__subtract_s0_s1,1024,unpacked|unpacked|unpacked|unpacked,[1, 8, 128]
520,23,5,3254,RoPE,elementwise,omega_elementwise_r3_n4_fused_multiply_o0_o1__multiply_o2_o3__add_s0_s1,1024,unpacked|unpacked|unpacked|unpacked,[1, 8, 128]
521,23,5,3287,cached attention partial,cached_attention,omega_cached_attention_q1_h1_g8_d256_s3f800000_ln511_up0_x4_e1_k1_ds,17408,unpacked|unpacked|unpacked|unpacked|unpacked|unpacked|unpacked|unpacked|unpacked,[1, 1, 8, 256]
522,23,5,3287,cached attention merge,cached_attention,omega_cached_attention_q1_h1_g8_d256_s3f800000_ln511_up0_x4_e1_k1_ds_merge,8192,unpacked|unpacked|unpacked|unpacked|unpacked|unpacked|unpacked|unpacked|unpacked,[1, 1, 8, 256]
523,23,5,3289,matvec Q4_0,keep::reduce fold,omega_reduce_r5_o2_n2_multiply_add_zero,12288,Q4_0|unpacked,[1, 1, 8, 256, 1536]
524,23,5,3291,RMSNorm sumsq,keep::reduce fold,omega_reduce_r2_o1_n2_multiply_add_zero,256,unpacked|unpacked,[1, 1536]
525,23,5,3298,norm apply,elementwise,omega_elementwise_r2_n6_fused_multiply_o4_o5__add_s0_o3__square_root_s1__reciprocal_s2__multiply_s3_o2__multiply_s4_o1__add_s5_o0,1536,unpacked|unpacked|unpacked|unpacked|unpacked|unpacked,[1, 1536]
526,23,5,3306,RMSNorm sumsq + fused epilogue,keep::reduce fold,omega_reduce_r2_o1_n2_multiply_add_zero_epi4_fused_identity_o4__multiply_s0_o3__add_s1_o2__square_root_s2__reciprocal_s3__multiply_s4_o1__multiply_s5_o0,256,unpacked|unpacked,[1, 1536]
527,23,5,3311,matvec Q4_0,keep::reduce fold,omega_reduce_r3_o2_n2_multiply_add_zero,98304,unpacked|Q4_0,[1, 1536, 12288]
528,23,5,3326,matvec Q4_0,keep::reduce fold,omega_reduce_r3_o2_n2_multiply_add_zero_epi9_fused_identity_o9__multiply_o5_o6__multiply_s1_o4__multiply_s2_o3__add_s3_o2__multiply_s4_o1__tanh_s5__add_s6_o0__multiply_o7_o8__multiply_s7_s8__multiply_s0_s9,98304,unpacked|Q4_0,[1, 1536, 12288]
529,23,5,3328,matvec Q4_0,keep::reduce fold,omega_reduce_r3_o2_n2_multiply_add_zero,12288,Q4_0|unpacked,[1, 12288, 1536]
530,23,5,3331,RMSNorm sumsq,keep::reduce fold,omega_reduce_r2_o1_n2_multiply_add_zero,256,unpacked|unpacked,[1, 1536]
531,23,5,3338,norm apply,elementwise,omega_elementwise_r2_n6_fused_multiply_o4_o5__add_s0_o3__square_root_s1__reciprocal_s2__multiply_s3_o2__multiply_s4_o1__add_s5_o0,1536,unpacked|unpacked|unpacked|unpacked|unpacked|unpacked,[1, 1536]
532,23,5,3341,matvec Q4_0,keep::reduce fold,omega_reduce_r3_o2_n2_multiply_add_zero,2048,unpacked|Q4_0,[1, 1536, 256]
533,23,5,3354,RMSNorm sumsq + fused epilogue,keep::reduce fold,omega_reduce_r2_o1_n2_multiply_add_zero_epi15_fused_identity_o15__identity_o0__multiply_s0_o4__add_s2_o3__square_root_s3__reciprocal_s4__multiply_s5_o2__multiply_s6_o1__add_s1_s7__multiply_s8_o5__multiply_o11_o12__multiply_s10_o10__multiply_s11_o9__add_s12_o8__multiply_s13_o7__tanh_s14__add_s15_o6__multiply_o13_o14__multiply_s16_s17__multiply_s9_s18,64,unpacked|unpacked,[1, 256]
534,23,5,3357,matvec Q4_0,keep::reduce fold,omega_reduce_r3_o2_n2_multiply_add_zero,12288,unpacked|Q4_0,[1, 256, 1536]
535,23,5,3360,RMSNorm sumsq,keep::reduce fold,omega_reduce_r2_o1_n2_multiply_add_zero,256,unpacked|unpacked,[1, 1536]
536,23,5,3373,identity copy,elementwise,omega_elementwise_r2_n1_identity,256,unpacked,[1, 256]
537,23,5,3369,norm apply,elementwise,omega_elementwise_r2_n7_fused_multiply_o4_o5__add_s0_o3__square_root_s1__reciprocal_s2__multiply_s3_o2__multiply_s4_o1__add_s5_o0__multiply_s6_o6,1536,unpacked|unpacked|unpacked|unpacked|unpacked|unpacked|unpacked,[1, 1536]
538,23,5,3396,RMSNorm sumsq + fused epilogue,keep::reduce fold,omega_reduce_r2_o1_n2_multiply_add_zero_epi4_fused_identity_o4__multiply_s0_o3__add_s1_o2__square_root_s2__reciprocal_s3__multiply_s4_o1__multiply_s5_o0,256,unpacked|unpacked,[1, 1536]
539,23,5,3398,matvec Q4_0,keep::reduce fold,omega_reduce_r4_o3_n2_multiply_add_zero,16384,Q4_0|unpacked,[1, 8, 256, 1536]
540,23,5,3400,RMSNorm sumsq,keep::reduce fold,omega_reduce_r3_o2_n2_multiply_add_zero,512,unpacked|unpacked,[1, 8, 256]
541,23,5,3406,norm apply,elementwise,omega_elementwise_r3_n5_fused_multiply_o3_o4__add_s0_o2__square_root_s1__reciprocal_s2__multiply_s3_o1__multiply_s4_o0,2048,unpacked|unpacked|unpacked|unpacked|unpacked,[1, 8, 256]
542,23,5,3409,RoPE,elementwise,omega_elementwise_r3_n4_fused_multiply_o0_o1__multiply_o2_o3__subtract_s0_s1,1024,unpacked|unpacked|unpacked|unpacked,[1, 8, 128]
543,23,5,3412,RoPE,elementwise,omega_elementwise_r3_n4_fused_multiply_o0_o1__multiply_o2_o3__add_s0_s1,1024,unpacked|unpacked|unpacked|unpacked,[1, 8, 128]
544,23,5,3445,cached attention partial,cached_attention,omega_cached_attention_q1_h1_g8_d256_s3f800000_ln511_up0_x4_e1_k1_ds,17408,unpacked|unpacked|unpacked|unpacked|unpacked|unpacked|unpacked|unpacked|unpacked,[1, 1, 8, 256]
545,23,5,3445,cached attention merge,cached_attention,omega_cached_attention_q1_h1_g8_d256_s3f800000_ln511_up0_x4_e1_k1_ds_merge,8192,unpacked|unpacked|unpacked|unpacked|unpacked|unpacked|unpacked|unpacked|unpacked,[1, 1, 8, 256]
546,23,5,3447,matvec Q4_0,keep::reduce fold,omega_reduce_r5_o2_n2_multiply_add_zero,12288,Q4_0|unpacked,[1, 1, 8, 256, 1536]
547,23,5,3449,RMSNorm sumsq,keep::reduce fold,omega_reduce_r2_o1_n2_multiply_add_zero,256,unpacked|unpacked,[1, 1536]
548,23,5,3456,norm apply,elementwise,omega_elementwise_r2_n6_fused_multiply_o4_o5__add_s0_o3__square_root_s1__reciprocal_s2__multiply_s3_o2__multiply_s4_o1__add_s5_o0,1536,unpacked|unpacked|unpacked|unpacked|unpacked|unpacked,[1, 1536]
549,23,5,3464,RMSNorm sumsq + fused epilogue,keep::reduce fold,omega_reduce_r2_o1_n2_multiply_add_zero_epi4_fused_identity_o4__multiply_s0_o3__add_s1_o2__square_root_s2__reciprocal_s3__multiply_s4_o1__multiply_s5_o0,256,unpacked|unpacked,[1, 1536]
550,23,5,3469,matvec Q4_0,keep::reduce fold,omega_reduce_r3_o2_n2_multiply_add_zero,98304,unpacked|Q4_0,[1, 1536, 12288]
551,23,5,3484,matvec Q4_0,keep::reduce fold,omega_reduce_r3_o2_n2_multiply_add_zero_epi9_fused_identity_o9__multiply_o5_o6__multiply_s1_o4__multiply_s2_o3__add_s3_o2__multiply_s4_o1__tanh_s5__add_s6_o0__multiply_o7_o8__multiply_s7_s8__multiply_s0_s9,98304,unpacked|Q4_0,[1, 1536, 12288]
552,23,5,3486,matvec Q4_0,keep::reduce fold,omega_reduce_r3_o2_n2_multiply_add_zero,12288,Q4_0|unpacked,[1, 12288, 1536]
553,23,5,3489,RMSNorm sumsq,keep::reduce fold,omega_reduce_r2_o1_n2_multiply_add_zero,256,unpacked|unpacked,[1, 1536]
554,23,5,3496,norm apply,elementwise,omega_elementwise_r2_n6_fused_multiply_o4_o5__add_s0_o3__square_root_s1__reciprocal_s2__multiply_s3_o2__multiply_s4_o1__add_s5_o0,1536,unpacked|unpacked|unpacked|unpacked|unpacked|unpacked,[1, 1536]
555,23,5,3499,matvec Q4_0,keep::reduce fold,omega_reduce_r3_o2_n2_multiply_add_zero,2048,unpacked|Q4_0,[1, 1536, 256]
556,23,6,3512,RMSNorm sumsq + fused epilogue,keep::reduce fold,omega_reduce_r2_o1_n2_multiply_add_zero_epi15_fused_identity_o15__identity_o0__multiply_s0_o4__add_s2_o3__square_root_s3__reciprocal_s4__multiply_s5_o2__multiply_s6_o1__add_s1_s7__multiply_s8_o5__multiply_o11_o12__multiply_s10_o10__multiply_s11_o9__add_s12_o8__multiply_s13_o7__tanh_s14__add_s15_o6__multiply_o13_o14__multiply_s16_s17__multiply_s9_s18,64,unpacked|unpacked,[1, 256]
557,23,6,3515,matvec Q4_0,keep::reduce fold,omega_reduce_r3_o2_n2_multiply_add_zero,12288,unpacked|Q4_0,[1, 256, 1536]
558,23,6,3518,RMSNorm sumsq,keep::reduce fold,omega_reduce_r2_o1_n2_multiply_add_zero,256,unpacked|unpacked,[1, 1536]
559,23,6,3531,identity copy,elementwise,omega_elementwise_r2_n1_identity,256,unpacked,[1, 256]
560,23,6,3527,norm apply,elementwise,omega_elementwise_r2_n7_fused_multiply_o4_o5__add_s0_o3__square_root_s1__reciprocal_s2__multiply_s3_o2__multiply_s4_o1__add_s5_o0__multiply_s6_o6,1536,unpacked|unpacked|unpacked|unpacked|unpacked|unpacked|unpacked,[1, 1536]
561,23,6,3554,RMSNorm sumsq + fused epilogue,keep::reduce fold,omega_reduce_r2_o1_n2_multiply_add_zero_epi4_fused_identity_o4__multiply_s0_o3__add_s1_o2__square_root_s2__reciprocal_s3__multiply_s4_o1__multiply_s5_o0,256,unpacked|unpacked,[1, 1536]
562,23,6,3556,matvec Q4_0,keep::reduce fold,omega_reduce_r4_o3_n2_multiply_add_zero,32768,Q4_0|unpacked,[1, 8, 512, 1536]
563,23,6,3558,RMSNorm sumsq,keep::reduce fold,omega_reduce_r3_o2_n2_multiply_add_zero,1024,unpacked|unpacked,[1, 8, 512]
564,23,6,3564,norm apply,elementwise,omega_elementwise_r3_n5_fused_multiply_o3_o4__add_s0_o2__square_root_s1__reciprocal_s2__multiply_s3_o1__multiply_s4_o0,4096,unpacked|unpacked|unpacked|unpacked|unpacked,[1, 8, 512]
565,23,6,3567,RoPE,elementwise,omega_elementwise_r3_n4_fused_multiply_o0_o1__multiply_o2_o3__subtract_s0_s1,2048,unpacked|unpacked|unpacked|unpacked,[1, 8, 256]
566,23,6,3570,RoPE,elementwise,omega_elementwise_r3_n4_fused_multiply_o0_o1__multiply_o2_o3__add_s0_s1,2048,unpacked|unpacked|unpacked|unpacked,[1, 8, 256]
567,23,6,3603,cached attention partial,cached_attention,omega_cached_attention_q1_h1_g8_d512_s3f800000_ln9223372036854775808_up0_x4_e1_k1_ds,32768,unpacked|unpacked|unpacked|unpacked|unpacked|unpacked|unpacked|unpacked|unpacked,[1, 1, 8, 512]
568,23,6,3603,cached attention merge,cached_attention,omega_cached_attention_q1_h1_g8_d512_s3f800000_ln9223372036854775808_up0_x4_e1_k1_ds_merge,8192,unpacked|unpacked|unpacked|unpacked|unpacked|unpacked|unpacked|unpacked|unpacked,[1, 1, 8, 512]
569,23,6,3605,matvec Q4_0,keep::reduce fold,omega_reduce_r5_o2_n2_multiply_add_zero,12288,Q4_0|unpacked,[1, 1, 8, 512, 1536]
570,23,6,3607,RMSNorm sumsq,keep::reduce fold,omega_reduce_r2_o1_n2_multiply_add_zero,256,unpacked|unpacked,[1, 1536]
571,23,6,3614,norm apply,elementwise,omega_elementwise_r2_n6_fused_multiply_o4_o5__add_s0_o3__square_root_s1__reciprocal_s2__multiply_s3_o2__multiply_s4_o1__add_s5_o0,1536,unpacked|unpacked|unpacked|unpacked|unpacked|unpacked,[1, 1536]
572,23,6,3622,RMSNorm sumsq + fused epilogue,keep::reduce fold,omega_reduce_r2_o1_n2_multiply_add_zero_epi4_fused_identity_o4__multiply_s0_o3__add_s1_o2__square_root_s2__reciprocal_s3__multiply_s4_o1__multiply_s5_o0,256,unpacked|unpacked,[1, 1536]
573,23,6,3627,matvec Q4_0,keep::reduce fold,omega_reduce_r3_o2_n2_multiply_add_zero,98304,unpacked|Q4_0,[1, 1536, 12288]
574,23,6,3642,matvec Q4_0,keep::reduce fold,omega_reduce_r3_o2_n2_multiply_add_zero_epi9_fused_identity_o9__multiply_o5_o6__multiply_s1_o4__multiply_s2_o3__add_s3_o2__multiply_s4_o1__tanh_s5__add_s6_o0__multiply_o7_o8__multiply_s7_s8__multiply_s0_s9,98304,unpacked|Q4_0,[1, 1536, 12288]
575,23,6,3644,matvec Q4_0,keep::reduce fold,omega_reduce_r3_o2_n2_multiply_add_zero,12288,Q4_0|unpacked,[1, 12288, 1536]
576,23,6,3647,RMSNorm sumsq,keep::reduce fold,omega_reduce_r2_o1_n2_multiply_add_zero,256,unpacked|unpacked,[1, 1536]
577,23,6,3654,norm apply,elementwise,omega_elementwise_r2_n6_fused_multiply_o4_o5__add_s0_o3__square_root_s1__reciprocal_s2__multiply_s3_o2__multiply_s4_o1__add_s5_o0,1536,unpacked|unpacked|unpacked|unpacked|unpacked|unpacked,[1, 1536]
578,23,6,3657,matvec Q4_0,keep::reduce fold,omega_reduce_r3_o2_n2_multiply_add_zero,2048,unpacked|Q4_0,[1, 1536, 256]
579,23,6,3670,RMSNorm sumsq + fused epilogue,keep::reduce fold,omega_reduce_r2_o1_n2_multiply_add_zero_epi15_fused_identity_o15__identity_o0__multiply_s0_o4__add_s2_o3__square_root_s3__reciprocal_s4__multiply_s5_o2__multiply_s6_o1__add_s1_s7__multiply_s8_o5__multiply_o11_o12__multiply_s10_o10__multiply_s11_o9__add_s12_o8__multiply_s13_o7__tanh_s14__add_s15_o6__multiply_o13_o14__multiply_s16_s17__multiply_s9_s18,64,unpacked|unpacked,[1, 256]
580,23,6,3673,matvec Q4_0,keep::reduce fold,omega_reduce_r3_o2_n2_multiply_add_zero,12288,unpacked|Q4_0,[1, 256, 1536]
581,23,6,3676,RMSNorm sumsq,keep::reduce fold,omega_reduce_r2_o1_n2_multiply_add_zero,256,unpacked|unpacked,[1, 1536]
582,23,6,3689,identity copy,elementwise,omega_elementwise_r2_n1_identity,256,unpacked,[1, 256]
583,23,6,3685,norm apply,elementwise,omega_elementwise_r2_n7_fused_multiply_o4_o5__add_s0_o3__square_root_s1__reciprocal_s2__multiply_s3_o2__multiply_s4_o1__add_s5_o0__multiply_s6_o6,1536,unpacked|unpacked|unpacked|unpacked|unpacked|unpacked|unpacked,[1, 1536]
584,23,6,3712,RMSNorm sumsq + fused epilogue,keep::reduce fold,omega_reduce_r2_o1_n2_multiply_add_zero_epi4_fused_identity_o4__multiply_s0_o3__add_s1_o2__square_root_s2__reciprocal_s3__multiply_s4_o1__multiply_s5_o0,256,unpacked|unpacked,[1, 1536]
585,23,6,3714,matvec Q4_0,keep::reduce fold,omega_reduce_r4_o3_n2_multiply_add_zero,16384,Q4_0|unpacked,[1, 8, 256, 1536]
586,23,6,3716,RMSNorm sumsq,keep::reduce fold,omega_reduce_r3_o2_n2_multiply_add_zero,512,unpacked|unpacked,[1, 8, 256]
587,23,6,3722,norm apply,elementwise,omega_elementwise_r3_n5_fused_multiply_o3_o4__add_s0_o2__square_root_s1__reciprocal_s2__multiply_s3_o1__multiply_s4_o0,2048,unpacked|unpacked|unpacked|unpacked|unpacked,[1, 8, 256]
588,23,6,3725,RoPE,elementwise,omega_elementwise_r3_n4_fused_multiply_o0_o1__multiply_o2_o3__subtract_s0_s1,1024,unpacked|unpacked|unpacked|unpacked,[1, 8, 128]
589,23,6,3728,RoPE,elementwise,omega_elementwise_r3_n4_fused_multiply_o0_o1__multiply_o2_o3__add_s0_s1,1024,unpacked|unpacked|unpacked|unpacked,[1, 8, 128]
590,23,6,3761,cached attention partial,cached_attention,omega_cached_attention_q1_h1_g8_d256_s3f800000_ln511_up0_x4_e1_k1_ds,17408,unpacked|unpacked|unpacked|unpacked|unpacked|unpacked|unpacked|unpacked|unpacked,[1, 1, 8, 256]
591,23,6,3761,cached attention merge,cached_attention,omega_cached_attention_q1_h1_g8_d256_s3f800000_ln511_up0_x4_e1_k1_ds_merge,8192,unpacked|unpacked|unpacked|unpacked|unpacked|unpacked|unpacked|unpacked|unpacked,[1, 1, 8, 256]
592,23,6,3763,matvec Q4_0,keep::reduce fold,omega_reduce_r5_o2_n2_multiply_add_zero,12288,Q4_0|unpacked,[1, 1, 8, 256, 1536]
593,23,6,3765,RMSNorm sumsq,keep::reduce fold,omega_reduce_r2_o1_n2_multiply_add_zero,256,unpacked|unpacked,[1, 1536]
594,23,6,3772,norm apply,elementwise,omega_elementwise_r2_n6_fused_multiply_o4_o5__add_s0_o3__square_root_s1__reciprocal_s2__multiply_s3_o2__multiply_s4_o1__add_s5_o0,1536,unpacked|unpacked|unpacked|unpacked|unpacked|unpacked,[1, 1536]
595,23,6,3780,RMSNorm sumsq + fused epilogue,keep::reduce fold,omega_reduce_r2_o1_n2_multiply_add_zero_epi4_fused_identity_o4__multiply_s0_o3__add_s1_o2__square_root_s2__reciprocal_s3__multiply_s4_o1__multiply_s5_o0,256,unpacked|unpacked,[1, 1536]
596,23,6,3785,matvec Q4_0,keep::reduce fold,omega_reduce_r3_o2_n2_multiply_add_zero,98304,unpacked|Q4_0,[1, 1536, 12288]
597,23,6,3800,matvec Q4_0,keep::reduce fold,omega_reduce_r3_o2_n2_multiply_add_zero_epi9_fused_identity_o9__multiply_o5_o6__multiply_s1_o4__multiply_s2_o3__add_s3_o2__multiply_s4_o1__tanh_s5__add_s6_o0__multiply_o7_o8__multiply_s7_s8__multiply_s0_s9,98304,unpacked|Q4_0,[1, 1536, 12288]
598,23,6,3802,matvec Q4_0,keep::reduce fold,omega_reduce_r3_o2_n2_multiply_add_zero,12288,Q4_0|unpacked,[1, 12288, 1536]
599,23,6,3805,RMSNorm sumsq,keep::reduce fold,omega_reduce_r2_o1_n2_multiply_add_zero,256,unpacked|unpacked,[1, 1536]
600,23,6,3812,norm apply,elementwise,omega_elementwise_r2_n6_fused_multiply_o4_o5__add_s0_o3__square_root_s1__reciprocal_s2__multiply_s3_o2__multiply_s4_o1__add_s5_o0,1536,unpacked|unpacked|unpacked|unpacked|unpacked|unpacked,[1, 1536]
601,23,6,3815,matvec Q4_0,keep::reduce fold,omega_reduce_r3_o2_n2_multiply_add_zero,2048,unpacked|Q4_0,[1, 1536, 256]
602,23,6,3828,RMSNorm sumsq + fused epilogue,keep::reduce fold,omega_reduce_r2_o1_n2_multiply_add_zero_epi15_fused_identity_o15__identity_o0__multiply_s0_o4__add_s2_o3__square_root_s3__reciprocal_s4__multiply_s5_o2__multiply_s6_o1__add_s1_s7__multiply_s8_o5__multiply_o11_o12__multiply_s10_o10__multiply_s11_o9__add_s12_o8__multiply_s13_o7__tanh_s14__add_s15_o6__multiply_o13_o14__multiply_s16_s17__multiply_s9_s18,64,unpacked|unpacked,[1, 256]
603,23,6,3831,matvec Q4_0,keep::reduce fold,omega_reduce_r3_o2_n2_multiply_add_zero,12288,unpacked|Q4_0,[1, 256, 1536]
604,23,6,3834,RMSNorm sumsq,keep::reduce fold,omega_reduce_r2_o1_n2_multiply_add_zero,256,unpacked|unpacked,[1, 1536]
605,23,6,3847,identity copy,elementwise,omega_elementwise_r2_n1_identity,256,unpacked,[1, 256]
606,23,6,3843,norm apply,elementwise,omega_elementwise_r2_n7_fused_multiply_o4_o5__add_s0_o3__square_root_s1__reciprocal_s2__multiply_s3_o2__multiply_s4_o1__add_s5_o0__multiply_s6_o6,1536,unpacked|unpacked|unpacked|unpacked|unpacked|unpacked|unpacked,[1, 1536]
607,23,6,3870,RMSNorm sumsq + fused epilogue,keep::reduce fold,omega_reduce_r2_o1_n2_multiply_add_zero_epi4_fused_identity_o4__multiply_s0_o3__add_s1_o2__square_root_s2__reciprocal_s3__multiply_s4_o1__multiply_s5_o0,256,unpacked|unpacked,[1, 1536]
608,23,6,3872,matvec Q4_0,keep::reduce fold,omega_reduce_r4_o3_n2_multiply_add_zero,16384,Q4_0|unpacked,[1, 8, 256, 1536]
609,23,6,3874,RMSNorm sumsq,keep::reduce fold,omega_reduce_r3_o2_n2_multiply_add_zero,512,unpacked|unpacked,[1, 8, 256]
610,23,6,3880,norm apply,elementwise,omega_elementwise_r3_n5_fused_multiply_o3_o4__add_s0_o2__square_root_s1__reciprocal_s2__multiply_s3_o1__multiply_s4_o0,2048,unpacked|unpacked|unpacked|unpacked|unpacked,[1, 8, 256]
611,23,6,3883,RoPE,elementwise,omega_elementwise_r3_n4_fused_multiply_o0_o1__multiply_o2_o3__subtract_s0_s1,1024,unpacked|unpacked|unpacked|unpacked,[1, 8, 128]
612,23,6,3886,RoPE,elementwise,omega_elementwise_r3_n4_fused_multiply_o0_o1__multiply_o2_o3__add_s0_s1,1024,unpacked|unpacked|unpacked|unpacked,[1, 8, 128]
613,23,6,3919,cached attention partial,cached_attention,omega_cached_attention_q1_h1_g8_d256_s3f800000_ln511_up0_x4_e1_k1_ds,17408,unpacked|unpacked|unpacked|unpacked|unpacked|unpacked|unpacked|unpacked|unpacked,[1, 1, 8, 256]
614,23,6,3919,cached attention merge,cached_attention,omega_cached_attention_q1_h1_g8_d256_s3f800000_ln511_up0_x4_e1_k1_ds_merge,8192,unpacked|unpacked|unpacked|unpacked|unpacked|unpacked|unpacked|unpacked|unpacked,[1, 1, 8, 256]
615,23,6,3921,matvec Q4_0,keep::reduce fold,omega_reduce_r5_o2_n2_multiply_add_zero,12288,Q4_0|unpacked,[1, 1, 8, 256, 1536]
616,23,6,3923,RMSNorm sumsq,keep::reduce fold,omega_reduce_r2_o1_n2_multiply_add_zero,256,unpacked|unpacked,[1, 1536]
617,23,6,3930,norm apply,elementwise,omega_elementwise_r2_n6_fused_multiply_o4_o5__add_s0_o3__square_root_s1__reciprocal_s2__multiply_s3_o2__multiply_s4_o1__add_s5_o0,1536,unpacked|unpacked|unpacked|unpacked|unpacked|unpacked,[1, 1536]
618,23,6,3938,RMSNorm sumsq + fused epilogue,keep::reduce fold,omega_reduce_r2_o1_n2_multiply_add_zero_epi4_fused_identity_o4__multiply_s0_o3__add_s1_o2__square_root_s2__reciprocal_s3__multiply_s4_o1__multiply_s5_o0,256,unpacked|unpacked,[1, 1536]
619,23,6,3943,matvec Q4_0,keep::reduce fold,omega_reduce_r3_o2_n2_multiply_add_zero,98304,unpacked|Q4_0,[1, 1536, 12288]
620,23,6,3958,matvec Q4_0,keep::reduce fold,omega_reduce_r3_o2_n2_multiply_add_zero_epi9_fused_identity_o9__multiply_o5_o6__multiply_s1_o4__multiply_s2_o3__add_s3_o2__multiply_s4_o1__tanh_s5__add_s6_o0__multiply_o7_o8__multiply_s7_s8__multiply_s0_s9,98304,unpacked|Q4_0,[1, 1536, 12288]
621,23,6,3960,matvec Q4_0,keep::reduce fold,omega_reduce_r3_o2_n2_multiply_add_zero,12288,Q4_0|unpacked,[1, 12288, 1536]
622,23,6,3963,RMSNorm sumsq,keep::reduce fold,omega_reduce_r2_o1_n2_multiply_add_zero,256,unpacked|unpacked,[1, 1536]
623,23,6,3970,norm apply,elementwise,omega_elementwise_r2_n6_fused_multiply_o4_o5__add_s0_o3__square_root_s1__reciprocal_s2__multiply_s3_o2__multiply_s4_o1__add_s5_o0,1536,unpacked|unpacked|unpacked|unpacked|unpacked|unpacked,[1, 1536]
624,23,6,3973,matvec Q4_0,keep::reduce fold,omega_reduce_r3_o2_n2_multiply_add_zero,2048,unpacked|Q4_0,[1, 1536, 256]
625,23,6,3986,RMSNorm sumsq + fused epilogue,keep::reduce fold,omega_reduce_r2_o1_n2_multiply_add_zero_epi15_fused_identity_o15__identity_o0__multiply_s0_o4__add_s2_o3__square_root_s3__reciprocal_s4__multiply_s5_o2__multiply_s6_o1__add_s1_s7__multiply_s8_o5__multiply_o11_o12__multiply_s10_o10__multiply_s11_o9__add_s12_o8__multiply_s13_o7__tanh_s14__add_s15_o6__multiply_o13_o14__multiply_s16_s17__multiply_s9_s18,64,unpacked|unpacked,[1, 256]
626,23,6,3989,matvec Q4_0,keep::reduce fold,omega_reduce_r3_o2_n2_multiply_add_zero,12288,unpacked|Q4_0,[1, 256, 1536]
627,23,6,3992,RMSNorm sumsq,keep::reduce fold,omega_reduce_r2_o1_n2_multiply_add_zero,256,unpacked|unpacked,[1, 1536]
628,23,6,4005,identity copy,elementwise,omega_elementwise_r2_n1_identity,256,unpacked,[1, 256]
629,23,6,4001,norm apply,elementwise,omega_elementwise_r2_n7_fused_multiply_o4_o5__add_s0_o3__square_root_s1__reciprocal_s2__multiply_s3_o2__multiply_s4_o1__add_s5_o0__multiply_s6_o6,1536,unpacked|unpacked|unpacked|unpacked|unpacked|unpacked|unpacked,[1, 1536]
630,23,6,4028,RMSNorm sumsq + fused epilogue,keep::reduce fold,omega_reduce_r2_o1_n2_multiply_add_zero_epi4_fused_identity_o4__multiply_s0_o3__add_s1_o2__square_root_s2__reciprocal_s3__multiply_s4_o1__multiply_s5_o0,256,unpacked|unpacked,[1, 1536]
631,23,6,4030,matvec Q4_0,keep::reduce fold,omega_reduce_r4_o3_n2_multiply_add_zero,16384,Q4_0|unpacked,[1, 8, 256, 1536]
632,23,6,4032,RMSNorm sumsq,keep::reduce fold,omega_reduce_r3_o2_n2_multiply_add_zero,512,unpacked|unpacked,[1, 8, 256]
633,23,6,4038,norm apply,elementwise,omega_elementwise_r3_n5_fused_multiply_o3_o4__add_s0_o2__square_root_s1__reciprocal_s2__multiply_s3_o1__multiply_s4_o0,2048,unpacked|unpacked|unpacked|unpacked|unpacked,[1, 8, 256]
634,23,6,4041,RoPE,elementwise,omega_elementwise_r3_n4_fused_multiply_o0_o1__multiply_o2_o3__subtract_s0_s1,1024,unpacked|unpacked|unpacked|unpacked,[1, 8, 128]
635,23,6,4044,RoPE,elementwise,omega_elementwise_r3_n4_fused_multiply_o0_o1__multiply_o2_o3__add_s0_s1,1024,unpacked|unpacked|unpacked|unpacked,[1, 8, 128]
636,23,6,4077,cached attention partial,cached_attention,omega_cached_attention_q1_h1_g8_d256_s3f800000_ln511_up0_x4_e1_k1_ds,17408,unpacked|unpacked|unpacked|unpacked|unpacked|unpacked|unpacked|unpacked|unpacked,[1, 1, 8, 256]
637,23,6,4077,cached attention merge,cached_attention,omega_cached_attention_q1_h1_g8_d256_s3f800000_ln511_up0_x4_e1_k1_ds_merge,8192,unpacked|unpacked|unpacked|unpacked|unpacked|unpacked|unpacked|unpacked|unpacked,[1, 1, 8, 256]
638,23,6,4079,matvec Q4_0,keep::reduce fold,omega_reduce_r5_o2_n2_multiply_add_zero,12288,Q4_0|unpacked,[1, 1, 8, 256, 1536]
639,23,6,4081,RMSNorm sumsq,keep::reduce fold,omega_reduce_r2_o1_n2_multiply_add_zero,256,unpacked|unpacked,[1, 1536]
640,23,6,4088,norm apply,elementwise,omega_elementwise_r2_n6_fused_multiply_o4_o5__add_s0_o3__square_root_s1__reciprocal_s2__multiply_s3_o2__multiply_s4_o1__add_s5_o0,1536,unpacked|unpacked|unpacked|unpacked|unpacked|unpacked,[1, 1536]
641,23,6,4096,RMSNorm sumsq + fused epilogue,keep::reduce fold,omega_reduce_r2_o1_n2_multiply_add_zero_epi4_fused_identity_o4__multiply_s0_o3__add_s1_o2__square_root_s2__reciprocal_s3__multiply_s4_o1__multiply_s5_o0,256,unpacked|unpacked,[1, 1536]
642,23,6,4101,matvec Q4_0,keep::reduce fold,omega_reduce_r3_o2_n2_multiply_add_zero,98304,unpacked|Q4_0,[1, 1536, 12288]
643,23,6,4116,matvec Q4_0,keep::reduce fold,omega_reduce_r3_o2_n2_multiply_add_zero_epi9_fused_identity_o9__multiply_o5_o6__multiply_s1_o4__multiply_s2_o3__add_s3_o2__multiply_s4_o1__tanh_s5__add_s6_o0__multiply_o7_o8__multiply_s7_s8__multiply_s0_s9,98304,unpacked|Q4_0,[1, 1536, 12288]
644,23,6,4118,matvec Q4_0,keep::reduce fold,omega_reduce_r3_o2_n2_multiply_add_zero,12288,Q4_0|unpacked,[1, 12288, 1536]
645,23,6,4121,RMSNorm sumsq,keep::reduce fold,omega_reduce_r2_o1_n2_multiply_add_zero,256,unpacked|unpacked,[1, 1536]
646,23,6,4128,norm apply,elementwise,omega_elementwise_r2_n6_fused_multiply_o4_o5__add_s0_o3__square_root_s1__reciprocal_s2__multiply_s3_o2__multiply_s4_o1__add_s5_o0,1536,unpacked|unpacked|unpacked|unpacked|unpacked|unpacked,[1, 1536]
647,23,6,4131,matvec Q4_0,keep::reduce fold,omega_reduce_r3_o2_n2_multiply_add_zero,2048,unpacked|Q4_0,[1, 1536, 256]
648,23,6,4144,RMSNorm sumsq + fused epilogue,keep::reduce fold,omega_reduce_r2_o1_n2_multiply_add_zero_epi15_fused_identity_o15__identity_o0__multiply_s0_o4__add_s2_o3__square_root_s3__reciprocal_s4__multiply_s5_o2__multiply_s6_o1__add_s1_s7__multiply_s8_o5__multiply_o11_o12__multiply_s10_o10__multiply_s11_o9__add_s12_o8__multiply_s13_o7__tanh_s14__add_s15_o6__multiply_o13_o14__multiply_s16_s17__multiply_s9_s18,64,unpacked|unpacked,[1, 256]
649,23,6,4147,matvec Q4_0,keep::reduce fold,omega_reduce_r3_o2_n2_multiply_add_zero,12288,unpacked|Q4_0,[1, 256, 1536]
650,23,6,4150,RMSNorm sumsq,keep::reduce fold,omega_reduce_r2_o1_n2_multiply_add_zero,256,unpacked|unpacked,[1, 1536]
651,23,6,4163,identity copy,elementwise,omega_elementwise_r2_n1_identity,256,unpacked,[1, 256]
652,23,6,4159,norm apply,elementwise,omega_elementwise_r2_n7_fused_multiply_o4_o5__add_s0_o3__square_root_s1__reciprocal_s2__multiply_s3_o2__multiply_s4_o1__add_s5_o0__multiply_s6_o6,1536,unpacked|unpacked|unpacked|unpacked|unpacked|unpacked|unpacked,[1, 1536]
653,23,6,4186,RMSNorm sumsq + fused epilogue,keep::reduce fold,omega_reduce_r2_o1_n2_multiply_add_zero_epi4_fused_identity_o4__multiply_s0_o3__add_s1_o2__square_root_s2__reciprocal_s3__multiply_s4_o1__multiply_s5_o0,256,unpacked|unpacked,[1, 1536]
654,23,6,4188,matvec Q4_0,keep::reduce fold,omega_reduce_r4_o3_n2_multiply_add_zero,16384,Q4_0|unpacked,[1, 8, 256, 1536]
655,23,6,4190,RMSNorm sumsq,keep::reduce fold,omega_reduce_r3_o2_n2_multiply_add_zero,512,unpacked|unpacked,[1, 8, 256]
656,23,6,4196,norm apply,elementwise,omega_elementwise_r3_n5_fused_multiply_o3_o4__add_s0_o2__square_root_s1__reciprocal_s2__multiply_s3_o1__multiply_s4_o0,2048,unpacked|unpacked|unpacked|unpacked|unpacked,[1, 8, 256]
657,23,6,4199,RoPE,elementwise,omega_elementwise_r3_n4_fused_multiply_o0_o1__multiply_o2_o3__subtract_s0_s1,1024,unpacked|unpacked|unpacked|unpacked,[1, 8, 128]
658,23,6,4202,RoPE,elementwise,omega_elementwise_r3_n4_fused_multiply_o0_o1__multiply_o2_o3__add_s0_s1,1024,unpacked|unpacked|unpacked|unpacked,[1, 8, 128]
659,23,6,4235,cached attention partial,cached_attention,omega_cached_attention_q1_h1_g8_d256_s3f800000_ln511_up0_x4_e1_k1_ds,17408,unpacked|unpacked|unpacked|unpacked|unpacked|unpacked|unpacked|unpacked|unpacked,[1, 1, 8, 256]
660,23,6,4235,cached attention merge,cached_attention,omega_cached_attention_q1_h1_g8_d256_s3f800000_ln511_up0_x4_e1_k1_ds_merge,8192,unpacked|unpacked|unpacked|unpacked|unpacked|unpacked|unpacked|unpacked|unpacked,[1, 1, 8, 256]
661,23,6,4237,matvec Q4_0,keep::reduce fold,omega_reduce_r5_o2_n2_multiply_add_zero,12288,Q4_0|unpacked,[1, 1, 8, 256, 1536]
662,23,6,4239,RMSNorm sumsq,keep::reduce fold,omega_reduce_r2_o1_n2_multiply_add_zero,256,unpacked|unpacked,[1, 1536]
663,23,6,4246,norm apply,elementwise,omega_elementwise_r2_n6_fused_multiply_o4_o5__add_s0_o3__square_root_s1__reciprocal_s2__multiply_s3_o2__multiply_s4_o1__add_s5_o0,1536,unpacked|unpacked|unpacked|unpacked|unpacked|unpacked,[1, 1536]
664,23,6,4254,RMSNorm sumsq + fused epilogue,keep::reduce fold,omega_reduce_r2_o1_n2_multiply_add_zero_epi4_fused_identity_o4__multiply_s0_o3__add_s1_o2__square_root_s2__reciprocal_s3__multiply_s4_o1__multiply_s5_o0,256,unpacked|unpacked,[1, 1536]
665,23,6,4259,matvec Q4_0,keep::reduce fold,omega_reduce_r3_o2_n2_multiply_add_zero,98304,unpacked|Q4_0,[1, 1536, 12288]
666,23,6,4274,matvec Q4_0,keep::reduce fold,omega_reduce_r3_o2_n2_multiply_add_zero_epi9_fused_identity_o9__multiply_o5_o6__multiply_s1_o4__multiply_s2_o3__add_s3_o2__multiply_s4_o1__tanh_s5__add_s6_o0__multiply_o7_o8__multiply_s7_s8__multiply_s0_s9,98304,unpacked|Q4_0,[1, 1536, 12288]
667,23,6,4276,matvec Q4_0,keep::reduce fold,omega_reduce_r3_o2_n2_multiply_add_zero,12288,Q4_0|unpacked,[1, 12288, 1536]
668,23,6,4279,RMSNorm sumsq,keep::reduce fold,omega_reduce_r2_o1_n2_multiply_add_zero,256,unpacked|unpacked,[1, 1536]
669,23,6,4286,norm apply,elementwise,omega_elementwise_r2_n6_fused_multiply_o4_o5__add_s0_o3__square_root_s1__reciprocal_s2__multiply_s3_o2__multiply_s4_o1__add_s5_o0,1536,unpacked|unpacked|unpacked|unpacked|unpacked|unpacked,[1, 1536]
670,23,6,4289,matvec Q4_0,keep::reduce fold,omega_reduce_r3_o2_n2_multiply_add_zero,2048,unpacked|Q4_0,[1, 1536, 256]
671,23,6,4302,RMSNorm sumsq + fused epilogue,keep::reduce fold,omega_reduce_r2_o1_n2_multiply_add_zero_epi15_fused_identity_o15__identity_o0__multiply_s0_o4__add_s2_o3__square_root_s3__reciprocal_s4__multiply_s5_o2__multiply_s6_o1__add_s1_s7__multiply_s8_o5__multiply_o11_o12__multiply_s10_o10__multiply_s11_o9__add_s12_o8__multiply_s13_o7__tanh_s14__add_s15_o6__multiply_o13_o14__multiply_s16_s17__multiply_s9_s18,64,unpacked|unpacked,[1, 256]
672,23,6,4305,matvec Q4_0,keep::reduce fold,omega_reduce_r3_o2_n2_multiply_add_zero,12288,unpacked|Q4_0,[1, 256, 1536]
673,23,6,4308,RMSNorm sumsq,keep::reduce fold,omega_reduce_r2_o1_n2_multiply_add_zero,256,unpacked|unpacked,[1, 1536]
674,23,6,4321,identity copy,elementwise,omega_elementwise_r2_n1_identity,256,unpacked,[1, 256]
675,23,6,4317,norm apply,elementwise,omega_elementwise_r2_n7_fused_multiply_o4_o5__add_s0_o3__square_root_s1__reciprocal_s2__multiply_s3_o2__multiply_s4_o1__add_s5_o0__multiply_s6_o6,1536,unpacked|unpacked|unpacked|unpacked|unpacked|unpacked|unpacked,[1, 1536]
676,23,6,4344,RMSNorm sumsq + fused epilogue,keep::reduce fold,omega_reduce_r2_o1_n2_multiply_add_zero_epi4_fused_identity_o4__multiply_s0_o3__add_s1_o2__square_root_s2__reciprocal_s3__multiply_s4_o1__multiply_s5_o0,256,unpacked|unpacked,[1, 1536]
677,23,6,4346,matvec Q4_0,keep::reduce fold,omega_reduce_r4_o3_n2_multiply_add_zero,32768,Q4_0|unpacked,[1, 8, 512, 1536]
678,23,6,4348,RMSNorm sumsq,keep::reduce fold,omega_reduce_r3_o2_n2_multiply_add_zero,1024,unpacked|unpacked,[1, 8, 512]
679,23,6,4354,norm apply,elementwise,omega_elementwise_r3_n5_fused_multiply_o3_o4__add_s0_o2__square_root_s1__reciprocal_s2__multiply_s3_o1__multiply_s4_o0,4096,unpacked|unpacked|unpacked|unpacked|unpacked,[1, 8, 512]
680,23,6,4357,RoPE,elementwise,omega_elementwise_r3_n4_fused_multiply_o0_o1__multiply_o2_o3__subtract_s0_s1,2048,unpacked|unpacked|unpacked|unpacked,[1, 8, 256]
681,23,6,4360,RoPE,elementwise,omega_elementwise_r3_n4_fused_multiply_o0_o1__multiply_o2_o3__add_s0_s1,2048,unpacked|unpacked|unpacked|unpacked,[1, 8, 256]
682,23,6,4393,cached attention partial,cached_attention,omega_cached_attention_q1_h1_g8_d512_s3f800000_ln9223372036854775808_up0_x4_e1_k1_ds,32768,unpacked|unpacked|unpacked|unpacked|unpacked|unpacked|unpacked|unpacked|unpacked,[1, 1, 8, 512]
683,23,6,4393,cached attention merge,cached_attention,omega_cached_attention_q1_h1_g8_d512_s3f800000_ln9223372036854775808_up0_x4_e1_k1_ds_merge,8192,unpacked|unpacked|unpacked|unpacked|unpacked|unpacked|unpacked|unpacked|unpacked,[1, 1, 8, 512]
684,23,6,4395,matvec Q4_0,keep::reduce fold,omega_reduce_r5_o2_n2_multiply_add_zero,12288,Q4_0|unpacked,[1, 1, 8, 512, 1536]
685,23,6,4397,RMSNorm sumsq,keep::reduce fold,omega_reduce_r2_o1_n2_multiply_add_zero,256,unpacked|unpacked,[1, 1536]
686,23,7,4404,norm apply,elementwise,omega_elementwise_r2_n6_fused_multiply_o4_o5__add_s0_o3__square_root_s1__reciprocal_s2__multiply_s3_o2__multiply_s4_o1__add_s5_o0,1536,unpacked|unpacked|unpacked|unpacked|unpacked|unpacked,[1, 1536]
687,23,7,4412,RMSNorm sumsq + fused epilogue,keep::reduce fold,omega_reduce_r2_o1_n2_multiply_add_zero_epi4_fused_identity_o4__multiply_s0_o3__add_s1_o2__square_root_s2__reciprocal_s3__multiply_s4_o1__multiply_s5_o0,256,unpacked|unpacked,[1, 1536]
688,23,7,4417,matvec Q4_0,keep::reduce fold,omega_reduce_r3_o2_n2_multiply_add_zero,98304,unpacked|Q4_0,[1, 1536, 12288]
689,23,7,4432,matvec Q4_0,keep::reduce fold,omega_reduce_r3_o2_n2_multiply_add_zero_epi9_fused_identity_o9__multiply_o5_o6__multiply_s1_o4__multiply_s2_o3__add_s3_o2__multiply_s4_o1__tanh_s5__add_s6_o0__multiply_o7_o8__multiply_s7_s8__multiply_s0_s9,98304,unpacked|Q4_0,[1, 1536, 12288]
690,23,7,4434,matvec Q4_0,keep::reduce fold,omega_reduce_r3_o2_n2_multiply_add_zero,12288,Q4_0|unpacked,[1, 12288, 1536]
691,23,7,4437,RMSNorm sumsq,keep::reduce fold,omega_reduce_r2_o1_n2_multiply_add_zero,256,unpacked|unpacked,[1, 1536]
692,23,7,4444,norm apply,elementwise,omega_elementwise_r2_n6_fused_multiply_o4_o5__add_s0_o3__square_root_s1__reciprocal_s2__multiply_s3_o2__multiply_s4_o1__add_s5_o0,1536,unpacked|unpacked|unpacked|unpacked|unpacked|unpacked,[1, 1536]
693,23,7,4447,matvec Q4_0,keep::reduce fold,omega_reduce_r3_o2_n2_multiply_add_zero,2048,unpacked|Q4_0,[1, 1536, 256]
694,23,7,4460,RMSNorm sumsq + fused epilogue,keep::reduce fold,omega_reduce_r2_o1_n2_multiply_add_zero_epi15_fused_identity_o15__identity_o0__multiply_s0_o4__add_s2_o3__square_root_s3__reciprocal_s4__multiply_s5_o2__multiply_s6_o1__add_s1_s7__multiply_s8_o5__multiply_o11_o12__multiply_s10_o10__multiply_s11_o9__add_s12_o8__multiply_s13_o7__tanh_s14__add_s15_o6__multiply_o13_o14__multiply_s16_s17__multiply_s9_s18,64,unpacked|unpacked,[1, 256]
695,23,7,4463,matvec Q4_0,keep::reduce fold,omega_reduce_r3_o2_n2_multiply_add_zero,12288,unpacked|Q4_0,[1, 256, 1536]
696,23,7,4466,RMSNorm sumsq,keep::reduce fold,omega_reduce_r2_o1_n2_multiply_add_zero,256,unpacked|unpacked,[1, 1536]
697,23,7,4479,identity copy,elementwise,omega_elementwise_r2_n1_identity,256,unpacked,[1, 256]
698,23,7,4475,norm apply,elementwise,omega_elementwise_r2_n7_fused_multiply_o4_o5__add_s0_o3__square_root_s1__reciprocal_s2__multiply_s3_o2__multiply_s4_o1__add_s5_o0__multiply_s6_o6,1536,unpacked|unpacked|unpacked|unpacked|unpacked|unpacked|unpacked,[1, 1536]
699,23,7,4502,RMSNorm sumsq + fused epilogue,keep::reduce fold,omega_reduce_r2_o1_n2_multiply_add_zero_epi4_fused_identity_o4__multiply_s0_o3__add_s1_o2__square_root_s2__reciprocal_s3__multiply_s4_o1__multiply_s5_o0,256,unpacked|unpacked,[1, 1536]
700,23,7,4504,matvec Q4_0,keep::reduce fold,omega_reduce_r4_o3_n2_multiply_add_zero,16384,Q4_0|unpacked,[1, 8, 256, 1536]
701,23,7,4506,RMSNorm sumsq,keep::reduce fold,omega_reduce_r3_o2_n2_multiply_add_zero,512,unpacked|unpacked,[1, 8, 256]
702,23,7,4512,norm apply,elementwise,omega_elementwise_r3_n5_fused_multiply_o3_o4__add_s0_o2__square_root_s1__reciprocal_s2__multiply_s3_o1__multiply_s4_o0,2048,unpacked|unpacked|unpacked|unpacked|unpacked,[1, 8, 256]
703,23,7,4515,RoPE,elementwise,omega_elementwise_r3_n4_fused_multiply_o0_o1__multiply_o2_o3__subtract_s0_s1,1024,unpacked|unpacked|unpacked|unpacked,[1, 8, 128]
704,23,7,4518,RoPE,elementwise,omega_elementwise_r3_n4_fused_multiply_o0_o1__multiply_o2_o3__add_s0_s1,1024,unpacked|unpacked|unpacked|unpacked,[1, 8, 128]
705,23,7,4551,cached attention partial,cached_attention,omega_cached_attention_q1_h1_g8_d256_s3f800000_ln511_up0_x4_e1_k1_ds,17408,unpacked|unpacked|unpacked|unpacked|unpacked|unpacked|unpacked|unpacked|unpacked,[1, 1, 8, 256]
706,23,7,4551,cached attention merge,cached_attention,omega_cached_attention_q1_h1_g8_d256_s3f800000_ln511_up0_x4_e1_k1_ds_merge,8192,unpacked|unpacked|unpacked|unpacked|unpacked|unpacked|unpacked|unpacked|unpacked,[1, 1, 8, 256]
707,23,7,4553,matvec Q4_0,keep::reduce fold,omega_reduce_r5_o2_n2_multiply_add_zero,12288,Q4_0|unpacked,[1, 1, 8, 256, 1536]
708,23,7,4555,RMSNorm sumsq,keep::reduce fold,omega_reduce_r2_o1_n2_multiply_add_zero,256,unpacked|unpacked,[1, 1536]
709,23,7,4562,norm apply,elementwise,omega_elementwise_r2_n6_fused_multiply_o4_o5__add_s0_o3__square_root_s1__reciprocal_s2__multiply_s3_o2__multiply_s4_o1__add_s5_o0,1536,unpacked|unpacked|unpacked|unpacked|unpacked|unpacked,[1, 1536]
710,23,7,4570,RMSNorm sumsq + fused epilogue,keep::reduce fold,omega_reduce_r2_o1_n2_multiply_add_zero_epi4_fused_identity_o4__multiply_s0_o3__add_s1_o2__square_root_s2__reciprocal_s3__multiply_s4_o1__multiply_s5_o0,256,unpacked|unpacked,[1, 1536]
711,23,7,4575,matvec Q4_0,keep::reduce fold,omega_reduce_r3_o2_n2_multiply_add_zero,98304,unpacked|Q4_0,[1, 1536, 12288]
712,23,7,4590,matvec Q4_0,keep::reduce fold,omega_reduce_r3_o2_n2_multiply_add_zero_epi9_fused_identity_o9__multiply_o5_o6__multiply_s1_o4__multiply_s2_o3__add_s3_o2__multiply_s4_o1__tanh_s5__add_s6_o0__multiply_o7_o8__multiply_s7_s8__multiply_s0_s9,98304,unpacked|Q4_0,[1, 1536, 12288]
713,23,7,4592,matvec Q4_0,keep::reduce fold,omega_reduce_r3_o2_n2_multiply_add_zero,12288,Q4_0|unpacked,[1, 12288, 1536]
714,23,7,4595,RMSNorm sumsq,keep::reduce fold,omega_reduce_r2_o1_n2_multiply_add_zero,256,unpacked|unpacked,[1, 1536]
715,23,7,4602,norm apply,elementwise,omega_elementwise_r2_n6_fused_multiply_o4_o5__add_s0_o3__square_root_s1__reciprocal_s2__multiply_s3_o2__multiply_s4_o1__add_s5_o0,1536,unpacked|unpacked|unpacked|unpacked|unpacked|unpacked,[1, 1536]
716,23,7,4605,matvec Q4_0,keep::reduce fold,omega_reduce_r3_o2_n2_multiply_add_zero,2048,unpacked|Q4_0,[1, 1536, 256]
717,23,7,4618,RMSNorm sumsq + fused epilogue,keep::reduce fold,omega_reduce_r2_o1_n2_multiply_add_zero_epi15_fused_identity_o15__identity_o0__multiply_s0_o4__add_s2_o3__square_root_s3__reciprocal_s4__multiply_s5_o2__multiply_s6_o1__add_s1_s7__multiply_s8_o5__multiply_o11_o12__multiply_s10_o10__multiply_s11_o9__add_s12_o8__multiply_s13_o7__tanh_s14__add_s15_o6__multiply_o13_o14__multiply_s16_s17__multiply_s9_s18,64,unpacked|unpacked,[1, 256]
718,23,7,4621,matvec Q4_0,keep::reduce fold,omega_reduce_r3_o2_n2_multiply_add_zero,12288,unpacked|Q4_0,[1, 256, 1536]
719,23,7,4624,RMSNorm sumsq,keep::reduce fold,omega_reduce_r2_o1_n2_multiply_add_zero,256,unpacked|unpacked,[1, 1536]
720,23,7,4637,identity copy,elementwise,omega_elementwise_r2_n1_identity,256,unpacked,[1, 256]
721,23,7,4633,norm apply,elementwise,omega_elementwise_r2_n7_fused_multiply_o4_o5__add_s0_o3__square_root_s1__reciprocal_s2__multiply_s3_o2__multiply_s4_o1__add_s5_o0__multiply_s6_o6,1536,unpacked|unpacked|unpacked|unpacked|unpacked|unpacked|unpacked,[1, 1536]
722,23,7,4660,RMSNorm sumsq + fused epilogue,keep::reduce fold,omega_reduce_r2_o1_n2_multiply_add_zero_epi4_fused_identity_o4__multiply_s0_o3__add_s1_o2__square_root_s2__reciprocal_s3__multiply_s4_o1__multiply_s5_o0,256,unpacked|unpacked,[1, 1536]
723,23,7,4662,matvec Q4_0,keep::reduce fold,omega_reduce_r4_o3_n2_multiply_add_zero,16384,Q4_0|unpacked,[1, 8, 256, 1536]
724,23,7,4664,RMSNorm sumsq,keep::reduce fold,omega_reduce_r3_o2_n2_multiply_add_zero,512,unpacked|unpacked,[1, 8, 256]
725,23,7,4670,norm apply,elementwise,omega_elementwise_r3_n5_fused_multiply_o3_o4__add_s0_o2__square_root_s1__reciprocal_s2__multiply_s3_o1__multiply_s4_o0,2048,unpacked|unpacked|unpacked|unpacked|unpacked,[1, 8, 256]
726,23,7,4673,RoPE,elementwise,omega_elementwise_r3_n4_fused_multiply_o0_o1__multiply_o2_o3__subtract_s0_s1,1024,unpacked|unpacked|unpacked|unpacked,[1, 8, 128]
727,23,7,4676,RoPE,elementwise,omega_elementwise_r3_n4_fused_multiply_o0_o1__multiply_o2_o3__add_s0_s1,1024,unpacked|unpacked|unpacked|unpacked,[1, 8, 128]
728,23,7,4709,cached attention partial,cached_attention,omega_cached_attention_q1_h1_g8_d256_s3f800000_ln511_up0_x4_e1_k1_ds,17408,unpacked|unpacked|unpacked|unpacked|unpacked|unpacked|unpacked|unpacked|unpacked,[1, 1, 8, 256]
729,23,7,4709,cached attention merge,cached_attention,omega_cached_attention_q1_h1_g8_d256_s3f800000_ln511_up0_x4_e1_k1_ds_merge,8192,unpacked|unpacked|unpacked|unpacked|unpacked|unpacked|unpacked|unpacked|unpacked,[1, 1, 8, 256]
730,23,7,4711,matvec Q4_0,keep::reduce fold,omega_reduce_r5_o2_n2_multiply_add_zero,12288,Q4_0|unpacked,[1, 1, 8, 256, 1536]
731,23,7,4713,RMSNorm sumsq,keep::reduce fold,omega_reduce_r2_o1_n2_multiply_add_zero,256,unpacked|unpacked,[1, 1536]
732,23,7,4720,norm apply,elementwise,omega_elementwise_r2_n6_fused_multiply_o4_o5__add_s0_o3__square_root_s1__reciprocal_s2__multiply_s3_o2__multiply_s4_o1__add_s5_o0,1536,unpacked|unpacked|unpacked|unpacked|unpacked|unpacked,[1, 1536]
733,23,7,4728,RMSNorm sumsq + fused epilogue,keep::reduce fold,omega_reduce_r2_o1_n2_multiply_add_zero_epi4_fused_identity_o4__multiply_s0_o3__add_s1_o2__square_root_s2__reciprocal_s3__multiply_s4_o1__multiply_s5_o0,256,unpacked|unpacked,[1, 1536]
734,23,7,4733,matvec Q4_0,keep::reduce fold,omega_reduce_r3_o2_n2_multiply_add_zero,98304,unpacked|Q4_0,[1, 1536, 12288]
735,23,7,4748,matvec Q4_0,keep::reduce fold,omega_reduce_r3_o2_n2_multiply_add_zero_epi9_fused_identity_o9__multiply_o5_o6__multiply_s1_o4__multiply_s2_o3__add_s3_o2__multiply_s4_o1__tanh_s5__add_s6_o0__multiply_o7_o8__multiply_s7_s8__multiply_s0_s9,98304,unpacked|Q4_0,[1, 1536, 12288]
736,23,7,4750,matvec Q4_0,keep::reduce fold,omega_reduce_r3_o2_n2_multiply_add_zero,12288,Q4_0|unpacked,[1, 12288, 1536]
737,23,7,4753,RMSNorm sumsq,keep::reduce fold,omega_reduce_r2_o1_n2_multiply_add_zero,256,unpacked|unpacked,[1, 1536]
738,23,7,4760,norm apply,elementwise,omega_elementwise_r2_n6_fused_multiply_o4_o5__add_s0_o3__square_root_s1__reciprocal_s2__multiply_s3_o2__multiply_s4_o1__add_s5_o0,1536,unpacked|unpacked|unpacked|unpacked|unpacked|unpacked,[1, 1536]
739,23,7,4763,matvec Q4_0,keep::reduce fold,omega_reduce_r3_o2_n2_multiply_add_zero,2048,unpacked|Q4_0,[1, 1536, 256]
740,23,7,4776,RMSNorm sumsq + fused epilogue,keep::reduce fold,omega_reduce_r2_o1_n2_multiply_add_zero_epi15_fused_identity_o15__identity_o0__multiply_s0_o4__add_s2_o3__square_root_s3__reciprocal_s4__multiply_s5_o2__multiply_s6_o1__add_s1_s7__multiply_s8_o5__multiply_o11_o12__multiply_s10_o10__multiply_s11_o9__add_s12_o8__multiply_s13_o7__tanh_s14__add_s15_o6__multiply_o13_o14__multiply_s16_s17__multiply_s9_s18,64,unpacked|unpacked,[1, 256]
741,23,7,4779,matvec Q4_0,keep::reduce fold,omega_reduce_r3_o2_n2_multiply_add_zero,12288,unpacked|Q4_0,[1, 256, 1536]
742,23,7,4782,RMSNorm sumsq,keep::reduce fold,omega_reduce_r2_o1_n2_multiply_add_zero,256,unpacked|unpacked,[1, 1536]
743,23,7,4795,identity copy,elementwise,omega_elementwise_r2_n1_identity,256,unpacked,[1, 256]
744,23,7,4791,norm apply,elementwise,omega_elementwise_r2_n7_fused_multiply_o4_o5__add_s0_o3__square_root_s1__reciprocal_s2__multiply_s3_o2__multiply_s4_o1__add_s5_o0__multiply_s6_o6,1536,unpacked|unpacked|unpacked|unpacked|unpacked|unpacked|unpacked,[1, 1536]
745,23,7,4818,RMSNorm sumsq + fused epilogue,keep::reduce fold,omega_reduce_r2_o1_n2_multiply_add_zero_epi4_fused_identity_o4__multiply_s0_o3__add_s1_o2__square_root_s2__reciprocal_s3__multiply_s4_o1__multiply_s5_o0,256,unpacked|unpacked,[1, 1536]
746,23,7,4820,matvec Q4_0,keep::reduce fold,omega_reduce_r4_o3_n2_multiply_add_zero,16384,Q4_0|unpacked,[1, 8, 256, 1536]
747,23,7,4822,RMSNorm sumsq,keep::reduce fold,omega_reduce_r3_o2_n2_multiply_add_zero,512,unpacked|unpacked,[1, 8, 256]
748,23,7,4828,norm apply,elementwise,omega_elementwise_r3_n5_fused_multiply_o3_o4__add_s0_o2__square_root_s1__reciprocal_s2__multiply_s3_o1__multiply_s4_o0,2048,unpacked|unpacked|unpacked|unpacked|unpacked,[1, 8, 256]
749,23,7,4831,RoPE,elementwise,omega_elementwise_r3_n4_fused_multiply_o0_o1__multiply_o2_o3__subtract_s0_s1,1024,unpacked|unpacked|unpacked|unpacked,[1, 8, 128]
750,23,7,4834,RoPE,elementwise,omega_elementwise_r3_n4_fused_multiply_o0_o1__multiply_o2_o3__add_s0_s1,1024,unpacked|unpacked|unpacked|unpacked,[1, 8, 128]
751,23,7,4867,cached attention partial,cached_attention,omega_cached_attention_q1_h1_g8_d256_s3f800000_ln511_up0_x4_e1_k1_ds,17408,unpacked|unpacked|unpacked|unpacked|unpacked|unpacked|unpacked|unpacked|unpacked,[1, 1, 8, 256]
752,23,7,4867,cached attention merge,cached_attention,omega_cached_attention_q1_h1_g8_d256_s3f800000_ln511_up0_x4_e1_k1_ds_merge,8192,unpacked|unpacked|unpacked|unpacked|unpacked|unpacked|unpacked|unpacked|unpacked,[1, 1, 8, 256]
753,23,7,4869,matvec Q4_0,keep::reduce fold,omega_reduce_r5_o2_n2_multiply_add_zero,12288,Q4_0|unpacked,[1, 1, 8, 256, 1536]
754,23,7,4871,RMSNorm sumsq,keep::reduce fold,omega_reduce_r2_o1_n2_multiply_add_zero,256,unpacked|unpacked,[1, 1536]
755,23,7,4878,norm apply,elementwise,omega_elementwise_r2_n6_fused_multiply_o4_o5__add_s0_o3__square_root_s1__reciprocal_s2__multiply_s3_o2__multiply_s4_o1__add_s5_o0,1536,unpacked|unpacked|unpacked|unpacked|unpacked|unpacked,[1, 1536]
756,23,7,4886,RMSNorm sumsq + fused epilogue,keep::reduce fold,omega_reduce_r2_o1_n2_multiply_add_zero_epi4_fused_identity_o4__multiply_s0_o3__add_s1_o2__square_root_s2__reciprocal_s3__multiply_s4_o1__multiply_s5_o0,256,unpacked|unpacked,[1, 1536]
757,23,7,4891,matvec Q4_0,keep::reduce fold,omega_reduce_r3_o2_n2_multiply_add_zero,98304,unpacked|Q4_0,[1, 1536, 12288]
758,23,7,4906,matvec Q4_0,keep::reduce fold,omega_reduce_r3_o2_n2_multiply_add_zero_epi9_fused_identity_o9__multiply_o5_o6__multiply_s1_o4__multiply_s2_o3__add_s3_o2__multiply_s4_o1__tanh_s5__add_s6_o0__multiply_o7_o8__multiply_s7_s8__multiply_s0_s9,98304,unpacked|Q4_0,[1, 1536, 12288]
759,23,7,4908,matvec Q4_0,keep::reduce fold,omega_reduce_r3_o2_n2_multiply_add_zero,12288,Q4_0|unpacked,[1, 12288, 1536]
760,23,7,4911,RMSNorm sumsq,keep::reduce fold,omega_reduce_r2_o1_n2_multiply_add_zero,256,unpacked|unpacked,[1, 1536]
761,23,7,4918,norm apply,elementwise,omega_elementwise_r2_n6_fused_multiply_o4_o5__add_s0_o3__square_root_s1__reciprocal_s2__multiply_s3_o2__multiply_s4_o1__add_s5_o0,1536,unpacked|unpacked|unpacked|unpacked|unpacked|unpacked,[1, 1536]
762,23,7,4921,matvec Q4_0,keep::reduce fold,omega_reduce_r3_o2_n2_multiply_add_zero,2048,unpacked|Q4_0,[1, 1536, 256]
763,23,7,4934,RMSNorm sumsq + fused epilogue,keep::reduce fold,omega_reduce_r2_o1_n2_multiply_add_zero_epi15_fused_identity_o15__identity_o0__multiply_s0_o4__add_s2_o3__square_root_s3__reciprocal_s4__multiply_s5_o2__multiply_s6_o1__add_s1_s7__multiply_s8_o5__multiply_o11_o12__multiply_s10_o10__multiply_s11_o9__add_s12_o8__multiply_s13_o7__tanh_s14__add_s15_o6__multiply_o13_o14__multiply_s16_s17__multiply_s9_s18,64,unpacked|unpacked,[1, 256]
764,23,7,4937,matvec Q4_0,keep::reduce fold,omega_reduce_r3_o2_n2_multiply_add_zero,12288,unpacked|Q4_0,[1, 256, 1536]
765,23,7,4940,RMSNorm sumsq,keep::reduce fold,omega_reduce_r2_o1_n2_multiply_add_zero,256,unpacked|unpacked,[1, 1536]
766,23,7,4953,identity copy,elementwise,omega_elementwise_r2_n1_identity,256,unpacked,[1, 256]
767,23,7,4949,norm apply,elementwise,omega_elementwise_r2_n7_fused_multiply_o4_o5__add_s0_o3__square_root_s1__reciprocal_s2__multiply_s3_o2__multiply_s4_o1__add_s5_o0__multiply_s6_o6,1536,unpacked|unpacked|unpacked|unpacked|unpacked|unpacked|unpacked,[1, 1536]
768,23,7,4976,RMSNorm sumsq + fused epilogue,keep::reduce fold,omega_reduce_r2_o1_n2_multiply_add_zero_epi4_fused_identity_o4__multiply_s0_o3__add_s1_o2__square_root_s2__reciprocal_s3__multiply_s4_o1__multiply_s5_o0,256,unpacked|unpacked,[1, 1536]
769,23,7,4978,matvec Q4_0,keep::reduce fold,omega_reduce_r4_o3_n2_multiply_add_zero,16384,Q4_0|unpacked,[1, 8, 256, 1536]
770,23,7,4980,RMSNorm sumsq,keep::reduce fold,omega_reduce_r3_o2_n2_multiply_add_zero,512,unpacked|unpacked,[1, 8, 256]
771,23,7,4986,norm apply,elementwise,omega_elementwise_r3_n5_fused_multiply_o3_o4__add_s0_o2__square_root_s1__reciprocal_s2__multiply_s3_o1__multiply_s4_o0,2048,unpacked|unpacked|unpacked|unpacked|unpacked,[1, 8, 256]
772,23,7,4989,RoPE,elementwise,omega_elementwise_r3_n4_fused_multiply_o0_o1__multiply_o2_o3__subtract_s0_s1,1024,unpacked|unpacked|unpacked|unpacked,[1, 8, 128]
773,23,7,4992,RoPE,elementwise,omega_elementwise_r3_n4_fused_multiply_o0_o1__multiply_o2_o3__add_s0_s1,1024,unpacked|unpacked|unpacked|unpacked,[1, 8, 128]
774,23,7,5025,cached attention partial,cached_attention,omega_cached_attention_q1_h1_g8_d256_s3f800000_ln511_up0_x4_e1_k1_ds,17408,unpacked|unpacked|unpacked|unpacked|unpacked|unpacked|unpacked|unpacked|unpacked,[1, 1, 8, 256]
775,23,7,5025,cached attention merge,cached_attention,omega_cached_attention_q1_h1_g8_d256_s3f800000_ln511_up0_x4_e1_k1_ds_merge,8192,unpacked|unpacked|unpacked|unpacked|unpacked|unpacked|unpacked|unpacked|unpacked,[1, 1, 8, 256]
776,23,7,5027,matvec Q4_0,keep::reduce fold,omega_reduce_r5_o2_n2_multiply_add_zero,12288,Q4_0|unpacked,[1, 1, 8, 256, 1536]
777,23,7,5029,RMSNorm sumsq,keep::reduce fold,omega_reduce_r2_o1_n2_multiply_add_zero,256,unpacked|unpacked,[1, 1536]
778,23,7,5036,norm apply,elementwise,omega_elementwise_r2_n6_fused_multiply_o4_o5__add_s0_o3__square_root_s1__reciprocal_s2__multiply_s3_o2__multiply_s4_o1__add_s5_o0,1536,unpacked|unpacked|unpacked|unpacked|unpacked|unpacked,[1, 1536]
779,23,7,5044,RMSNorm sumsq + fused epilogue,keep::reduce fold,omega_reduce_r2_o1_n2_multiply_add_zero_epi4_fused_identity_o4__multiply_s0_o3__add_s1_o2__square_root_s2__reciprocal_s3__multiply_s4_o1__multiply_s5_o0,256,unpacked|unpacked,[1, 1536]
780,23,7,5049,matvec Q4_0,keep::reduce fold,omega_reduce_r3_o2_n2_multiply_add_zero,98304,unpacked|Q4_0,[1, 1536, 12288]
781,23,7,5064,matvec Q4_0,keep::reduce fold,omega_reduce_r3_o2_n2_multiply_add_zero_epi9_fused_identity_o9__multiply_o5_o6__multiply_s1_o4__multiply_s2_o3__add_s3_o2__multiply_s4_o1__tanh_s5__add_s6_o0__multiply_o7_o8__multiply_s7_s8__multiply_s0_s9,98304,unpacked|Q4_0,[1, 1536, 12288]
782,23,7,5066,matvec Q4_0,keep::reduce fold,omega_reduce_r3_o2_n2_multiply_add_zero,12288,Q4_0|unpacked,[1, 12288, 1536]
783,23,7,5069,RMSNorm sumsq,keep::reduce fold,omega_reduce_r2_o1_n2_multiply_add_zero,256,unpacked|unpacked,[1, 1536]
784,23,7,5076,norm apply,elementwise,omega_elementwise_r2_n6_fused_multiply_o4_o5__add_s0_o3__square_root_s1__reciprocal_s2__multiply_s3_o2__multiply_s4_o1__add_s5_o0,1536,unpacked|unpacked|unpacked|unpacked|unpacked|unpacked,[1, 1536]
785,23,7,5079,matvec Q4_0,keep::reduce fold,omega_reduce_r3_o2_n2_multiply_add_zero,2048,unpacked|Q4_0,[1, 1536, 256]
786,23,7,5092,RMSNorm sumsq + fused epilogue,keep::reduce fold,omega_reduce_r2_o1_n2_multiply_add_zero_epi15_fused_identity_o15__identity_o0__multiply_s0_o4__add_s2_o3__square_root_s3__reciprocal_s4__multiply_s5_o2__multiply_s6_o1__add_s1_s7__multiply_s8_o5__multiply_o11_o12__multiply_s10_o10__multiply_s11_o9__add_s12_o8__multiply_s13_o7__tanh_s14__add_s15_o6__multiply_o13_o14__multiply_s16_s17__multiply_s9_s18,64,unpacked|unpacked,[1, 256]
787,23,7,5095,matvec Q4_0,keep::reduce fold,omega_reduce_r3_o2_n2_multiply_add_zero,12288,unpacked|Q4_0,[1, 256, 1536]
788,23,7,5098,RMSNorm sumsq,keep::reduce fold,omega_reduce_r2_o1_n2_multiply_add_zero,256,unpacked|unpacked,[1, 1536]
789,23,7,5111,identity copy,elementwise,omega_elementwise_r2_n1_identity,256,unpacked,[1, 256]
790,23,7,5107,norm apply,elementwise,omega_elementwise_r2_n7_fused_multiply_o4_o5__add_s0_o3__square_root_s1__reciprocal_s2__multiply_s3_o2__multiply_s4_o1__add_s5_o0__multiply_s6_o6,1536,unpacked|unpacked|unpacked|unpacked|unpacked|unpacked|unpacked,[1, 1536]
791,23,7,5134,RMSNorm sumsq + fused epilogue,keep::reduce fold,omega_reduce_r2_o1_n2_multiply_add_zero_epi4_fused_identity_o4__multiply_s0_o3__add_s1_o2__square_root_s2__reciprocal_s3__multiply_s4_o1__multiply_s5_o0,256,unpacked|unpacked,[1, 1536]
792,23,7,5136,matvec Q4_0,keep::reduce fold,omega_reduce_r4_o3_n2_multiply_add_zero,32768,Q4_0|unpacked,[1, 8, 512, 1536]
793,23,7,5138,RMSNorm sumsq,keep::reduce fold,omega_reduce_r3_o2_n2_multiply_add_zero,1024,unpacked|unpacked,[1, 8, 512]
794,23,7,5144,norm apply,elementwise,omega_elementwise_r3_n5_fused_multiply_o3_o4__add_s0_o2__square_root_s1__reciprocal_s2__multiply_s3_o1__multiply_s4_o0,4096,unpacked|unpacked|unpacked|unpacked|unpacked,[1, 8, 512]
795,23,7,5147,RoPE,elementwise,omega_elementwise_r3_n4_fused_multiply_o0_o1__multiply_o2_o3__subtract_s0_s1,2048,unpacked|unpacked|unpacked|unpacked,[1, 8, 256]
796,23,7,5150,RoPE,elementwise,omega_elementwise_r3_n4_fused_multiply_o0_o1__multiply_o2_o3__add_s0_s1,2048,unpacked|unpacked|unpacked|unpacked,[1, 8, 256]
797,23,7,5183,cached attention partial,cached_attention,omega_cached_attention_q1_h1_g8_d512_s3f800000_ln9223372036854775808_up0_x4_e1_k1_ds,32768,unpacked|unpacked|unpacked|unpacked|unpacked|unpacked|unpacked|unpacked|unpacked,[1, 1, 8, 512]
798,23,7,5183,cached attention merge,cached_attention,omega_cached_attention_q1_h1_g8_d512_s3f800000_ln9223372036854775808_up0_x4_e1_k1_ds_merge,8192,unpacked|unpacked|unpacked|unpacked|unpacked|unpacked|unpacked|unpacked|unpacked,[1, 1, 8, 512]
799,23,7,5185,matvec Q4_0,keep::reduce fold,omega_reduce_r5_o2_n2_multiply_add_zero,12288,Q4_0|unpacked,[1, 1, 8, 512, 1536]
800,23,7,5187,RMSNorm sumsq,keep::reduce fold,omega_reduce_r2_o1_n2_multiply_add_zero,256,unpacked|unpacked,[1, 1536]
801,23,7,5194,norm apply,elementwise,omega_elementwise_r2_n6_fused_multiply_o4_o5__add_s0_o3__square_root_s1__reciprocal_s2__multiply_s3_o2__multiply_s4_o1__add_s5_o0,1536,unpacked|unpacked|unpacked|unpacked|unpacked|unpacked,[1, 1536]
802,23,7,5202,RMSNorm sumsq + fused epilogue,keep::reduce fold,omega_reduce_r2_o1_n2_multiply_add_zero_epi4_fused_identity_o4__multiply_s0_o3__add_s1_o2__square_root_s2__reciprocal_s3__multiply_s4_o1__multiply_s5_o0,256,unpacked|unpacked,[1, 1536]
803,23,7,5207,matvec Q4_0,keep::reduce fold,omega_reduce_r3_o2_n2_multiply_add_zero,98304,unpacked|Q4_0,[1, 1536, 12288]
804,23,7,5222,matvec Q4_0,keep::reduce fold,omega_reduce_r3_o2_n2_multiply_add_zero_epi9_fused_identity_o9__multiply_o5_o6__multiply_s1_o4__multiply_s2_o3__add_s3_o2__multiply_s4_o1__tanh_s5__add_s6_o0__multiply_o7_o8__multiply_s7_s8__multiply_s0_s9,98304,unpacked|Q4_0,[1, 1536, 12288]
805,23,7,5224,matvec Q4_0,keep::reduce fold,omega_reduce_r3_o2_n2_multiply_add_zero,12288,Q4_0|unpacked,[1, 12288, 1536]
806,23,7,5227,RMSNorm sumsq,keep::reduce fold,omega_reduce_r2_o1_n2_multiply_add_zero,256,unpacked|unpacked,[1, 1536]
807,23,7,5234,norm apply,elementwise,omega_elementwise_r2_n6_fused_multiply_o4_o5__add_s0_o3__square_root_s1__reciprocal_s2__multiply_s3_o2__multiply_s4_o1__add_s5_o0,1536,unpacked|unpacked|unpacked|unpacked|unpacked|unpacked,[1, 1536]
808,23,7,5237,matvec Q4_0,keep::reduce fold,omega_reduce_r3_o2_n2_multiply_add_zero,2048,unpacked|Q4_0,[1, 1536, 256]
809,23,7,5250,RMSNorm sumsq + fused epilogue,keep::reduce fold,omega_reduce_r2_o1_n2_multiply_add_zero_epi15_fused_identity_o15__identity_o0__multiply_s0_o4__add_s2_o3__square_root_s3__reciprocal_s4__multiply_s5_o2__multiply_s6_o1__add_s1_s7__multiply_s8_o5__multiply_o11_o12__multiply_s10_o10__multiply_s11_o9__add_s12_o8__multiply_s13_o7__tanh_s14__add_s15_o6__multiply_o13_o14__multiply_s16_s17__multiply_s9_s18,64,unpacked|unpacked,[1, 256]
810,23,7,5253,matvec Q4_0,keep::reduce fold,omega_reduce_r3_o2_n2_multiply_add_zero,12288,unpacked|Q4_0,[1, 256, 1536]
811,23,7,5256,RMSNorm sumsq,keep::reduce fold,omega_reduce_r2_o1_n2_multiply_add_zero,256,unpacked|unpacked,[1, 1536]
812,23,7,5269,identity copy,elementwise,omega_elementwise_r2_n1_identity,256,unpacked,[1, 256]
813,23,8,5265,norm apply,elementwise,omega_elementwise_r2_n7_fused_multiply_o4_o5__add_s0_o3__square_root_s1__reciprocal_s2__multiply_s3_o2__multiply_s4_o1__add_s5_o0__multiply_s6_o6,1536,unpacked|unpacked|unpacked|unpacked|unpacked|unpacked|unpacked,[1, 1536]
814,23,8,5292,RMSNorm sumsq + fused epilogue,keep::reduce fold,omega_reduce_r2_o1_n2_multiply_add_zero_epi4_fused_identity_o4__multiply_s0_o3__add_s1_o2__square_root_s2__reciprocal_s3__multiply_s4_o1__multiply_s5_o0,256,unpacked|unpacked,[1, 1536]
815,23,8,5294,matvec Q4_0,keep::reduce fold,omega_reduce_r4_o3_n2_multiply_add_zero,16384,Q4_0|unpacked,[1, 8, 256, 1536]
816,23,8,5296,RMSNorm sumsq,keep::reduce fold,omega_reduce_r3_o2_n2_multiply_add_zero,512,unpacked|unpacked,[1, 8, 256]
817,23,8,5302,norm apply,elementwise,omega_elementwise_r3_n5_fused_multiply_o3_o4__add_s0_o2__square_root_s1__reciprocal_s2__multiply_s3_o1__multiply_s4_o0,2048,unpacked|unpacked|unpacked|unpacked|unpacked,[1, 8, 256]
818,23,8,5305,RoPE,elementwise,omega_elementwise_r3_n4_fused_multiply_o0_o1__multiply_o2_o3__subtract_s0_s1,1024,unpacked|unpacked|unpacked|unpacked,[1, 8, 128]
819,23,8,5308,RoPE,elementwise,omega_elementwise_r3_n4_fused_multiply_o0_o1__multiply_o2_o3__add_s0_s1,1024,unpacked|unpacked|unpacked|unpacked,[1, 8, 128]
820,23,8,5341,cached attention partial,cached_attention,omega_cached_attention_q1_h1_g8_d256_s3f800000_ln511_up0_x4_e1_k1_ds,17408,unpacked|unpacked|unpacked|unpacked|unpacked|unpacked|unpacked|unpacked|unpacked,[1, 1, 8, 256]
821,23,8,5341,cached attention merge,cached_attention,omega_cached_attention_q1_h1_g8_d256_s3f800000_ln511_up0_x4_e1_k1_ds_merge,8192,unpacked|unpacked|unpacked|unpacked|unpacked|unpacked|unpacked|unpacked|unpacked,[1, 1, 8, 256]
822,23,8,5343,matvec Q4_0,keep::reduce fold,omega_reduce_r5_o2_n2_multiply_add_zero,12288,Q4_0|unpacked,[1, 1, 8, 256, 1536]
823,23,8,5345,RMSNorm sumsq,keep::reduce fold,omega_reduce_r2_o1_n2_multiply_add_zero,256,unpacked|unpacked,[1, 1536]
824,23,8,5352,norm apply,elementwise,omega_elementwise_r2_n6_fused_multiply_o4_o5__add_s0_o3__square_root_s1__reciprocal_s2__multiply_s3_o2__multiply_s4_o1__add_s5_o0,1536,unpacked|unpacked|unpacked|unpacked|unpacked|unpacked,[1, 1536]
825,23,8,5360,RMSNorm sumsq + fused epilogue,keep::reduce fold,omega_reduce_r2_o1_n2_multiply_add_zero_epi4_fused_identity_o4__multiply_s0_o3__add_s1_o2__square_root_s2__reciprocal_s3__multiply_s4_o1__multiply_s5_o0,256,unpacked|unpacked,[1, 1536]
826,23,8,5365,matvec Q4_0,keep::reduce fold,omega_reduce_r3_o2_n2_multiply_add_zero,98304,unpacked|Q4_0,[1, 1536, 12288]
827,23,8,5380,matvec Q4_0,keep::reduce fold,omega_reduce_r3_o2_n2_multiply_add_zero_epi9_fused_identity_o9__multiply_o5_o6__multiply_s1_o4__multiply_s2_o3__add_s3_o2__multiply_s4_o1__tanh_s5__add_s6_o0__multiply_o7_o8__multiply_s7_s8__multiply_s0_s9,98304,unpacked|Q4_0,[1, 1536, 12288]
828,23,8,5382,matvec Q4_0,keep::reduce fold,omega_reduce_r3_o2_n2_multiply_add_zero,12288,Q4_0|unpacked,[1, 12288, 1536]
829,23,8,5385,RMSNorm sumsq,keep::reduce fold,omega_reduce_r2_o1_n2_multiply_add_zero,256,unpacked|unpacked,[1, 1536]
830,23,8,5392,norm apply,elementwise,omega_elementwise_r2_n6_fused_multiply_o4_o5__add_s0_o3__square_root_s1__reciprocal_s2__multiply_s3_o2__multiply_s4_o1__add_s5_o0,1536,unpacked|unpacked|unpacked|unpacked|unpacked|unpacked,[1, 1536]
831,23,8,5395,matvec Q4_0,keep::reduce fold,omega_reduce_r3_o2_n2_multiply_add_zero,2048,unpacked|Q4_0,[1, 1536, 256]
832,23,8,5408,RMSNorm sumsq + fused epilogue,keep::reduce fold,omega_reduce_r2_o1_n2_multiply_add_zero_epi15_fused_identity_o15__identity_o0__multiply_s0_o4__add_s2_o3__square_root_s3__reciprocal_s4__multiply_s5_o2__multiply_s6_o1__add_s1_s7__multiply_s8_o5__multiply_o11_o12__multiply_s10_o10__multiply_s11_o9__add_s12_o8__multiply_s13_o7__tanh_s14__add_s15_o6__multiply_o13_o14__multiply_s16_s17__multiply_s9_s18,64,unpacked|unpacked,[1, 256]
833,23,8,5411,matvec Q4_0,keep::reduce fold,omega_reduce_r3_o2_n2_multiply_add_zero,12288,unpacked|Q4_0,[1, 256, 1536]
834,23,8,5414,RMSNorm sumsq,keep::reduce fold,omega_reduce_r2_o1_n2_multiply_add_zero,256,unpacked|unpacked,[1, 1536]
835,23,8,5427,identity copy,elementwise,omega_elementwise_r2_n1_identity,256,unpacked,[1, 256]
836,23,8,5423,norm apply,elementwise,omega_elementwise_r2_n7_fused_multiply_o4_o5__add_s0_o3__square_root_s1__reciprocal_s2__multiply_s3_o2__multiply_s4_o1__add_s5_o0__multiply_s6_o6,1536,unpacked|unpacked|unpacked|unpacked|unpacked|unpacked|unpacked,[1, 1536]
837,23,8,5450,RMSNorm sumsq + fused epilogue,keep::reduce fold,omega_reduce_r2_o1_n2_multiply_add_zero_epi4_fused_identity_o4__multiply_s0_o3__add_s1_o2__square_root_s2__reciprocal_s3__multiply_s4_o1__multiply_s5_o0,256,unpacked|unpacked,[1, 1536]
838,23,8,5452,matvec Q4_0,keep::reduce fold,omega_reduce_r4_o3_n2_multiply_add_zero,16384,Q4_0|unpacked,[1, 8, 256, 1536]
839,23,8,5454,RMSNorm sumsq,keep::reduce fold,omega_reduce_r3_o2_n2_multiply_add_zero,512,unpacked|unpacked,[1, 8, 256]
840,23,8,5460,norm apply,elementwise,omega_elementwise_r3_n5_fused_multiply_o3_o4__add_s0_o2__square_root_s1__reciprocal_s2__multiply_s3_o1__multiply_s4_o0,2048,unpacked|unpacked|unpacked|unpacked|unpacked,[1, 8, 256]
841,23,8,5463,RoPE,elementwise,omega_elementwise_r3_n4_fused_multiply_o0_o1__multiply_o2_o3__subtract_s0_s1,1024,unpacked|unpacked|unpacked|unpacked,[1, 8, 128]
842,23,8,5466,RoPE,elementwise,omega_elementwise_r3_n4_fused_multiply_o0_o1__multiply_o2_o3__add_s0_s1,1024,unpacked|unpacked|unpacked|unpacked,[1, 8, 128]
843,23,8,5499,cached attention partial,cached_attention,omega_cached_attention_q1_h1_g8_d256_s3f800000_ln511_up0_x4_e1_k1_ds,17408,unpacked|unpacked|unpacked|unpacked|unpacked|unpacked|unpacked|unpacked|unpacked,[1, 1, 8, 256]
844,23,8,5499,cached attention merge,cached_attention,omega_cached_attention_q1_h1_g8_d256_s3f800000_ln511_up0_x4_e1_k1_ds_merge,8192,unpacked|unpacked|unpacked|unpacked|unpacked|unpacked|unpacked|unpacked|unpacked,[1, 1, 8, 256]
845,23,8,5501,matvec Q4_0,keep::reduce fold,omega_reduce_r5_o2_n2_multiply_add_zero,12288,Q4_0|unpacked,[1, 1, 8, 256, 1536]
846,23,8,5503,RMSNorm sumsq,keep::reduce fold,omega_reduce_r2_o1_n2_multiply_add_zero,256,unpacked|unpacked,[1, 1536]
847,23,8,5510,norm apply,elementwise,omega_elementwise_r2_n6_fused_multiply_o4_o5__add_s0_o3__square_root_s1__reciprocal_s2__multiply_s3_o2__multiply_s4_o1__add_s5_o0,1536,unpacked|unpacked|unpacked|unpacked|unpacked|unpacked,[1, 1536]
848,23,8,5518,RMSNorm sumsq + fused epilogue,keep::reduce fold,omega_reduce_r2_o1_n2_multiply_add_zero_epi4_fused_identity_o4__multiply_s0_o3__add_s1_o2__square_root_s2__reciprocal_s3__multiply_s4_o1__multiply_s5_o0,256,unpacked|unpacked,[1, 1536]
849,23,8,5523,matvec Q4_0,keep::reduce fold,omega_reduce_r3_o2_n2_multiply_add_zero,98304,unpacked|Q4_0,[1, 1536, 12288]
850,23,8,5538,matvec Q4_0,keep::reduce fold,omega_reduce_r3_o2_n2_multiply_add_zero_epi9_fused_identity_o9__multiply_o5_o6__multiply_s1_o4__multiply_s2_o3__add_s3_o2__multiply_s4_o1__tanh_s5__add_s6_o0__multiply_o7_o8__multiply_s7_s8__multiply_s0_s9,98304,unpacked|Q4_0,[1, 1536, 12288]
851,23,8,5540,matvec Q4_0,keep::reduce fold,omega_reduce_r3_o2_n2_multiply_add_zero,12288,Q4_0|unpacked,[1, 12288, 1536]
852,23,8,5543,RMSNorm sumsq,keep::reduce fold,omega_reduce_r2_o1_n2_multiply_add_zero,256,unpacked|unpacked,[1, 1536]
853,23,8,5550,norm apply,elementwise,omega_elementwise_r2_n6_fused_multiply_o4_o5__add_s0_o3__square_root_s1__reciprocal_s2__multiply_s3_o2__multiply_s4_o1__add_s5_o0,1536,unpacked|unpacked|unpacked|unpacked|unpacked|unpacked,[1, 1536]
854,23,8,5553,matvec Q4_0,keep::reduce fold,omega_reduce_r3_o2_n2_multiply_add_zero,2048,unpacked|Q4_0,[1, 1536, 256]
855,23,8,5566,RMSNorm sumsq + fused epilogue,keep::reduce fold,omega_reduce_r2_o1_n2_multiply_add_zero_epi15_fused_identity_o15__identity_o0__multiply_s0_o4__add_s2_o3__square_root_s3__reciprocal_s4__multiply_s5_o2__multiply_s6_o1__add_s1_s7__multiply_s8_o5__multiply_o11_o12__multiply_s10_o10__multiply_s11_o9__add_s12_o8__multiply_s13_o7__tanh_s14__add_s15_o6__multiply_o13_o14__multiply_s16_s17__multiply_s9_s18,64,unpacked|unpacked,[1, 256]
856,23,8,5569,matvec Q4_0,keep::reduce fold,omega_reduce_r3_o2_n2_multiply_add_zero,12288,unpacked|Q4_0,[1, 256, 1536]
857,23,8,5572,RMSNorm sumsq,keep::reduce fold,omega_reduce_r2_o1_n2_multiply_add_zero,256,unpacked|unpacked,[1, 1536]
858,23,8,5585,identity copy,elementwise,omega_elementwise_r2_n1_identity,256,unpacked,[1, 256]
859,23,8,5581,norm apply,elementwise,omega_elementwise_r2_n7_fused_multiply_o4_o5__add_s0_o3__square_root_s1__reciprocal_s2__multiply_s3_o2__multiply_s4_o1__add_s5_o0__multiply_s6_o6,1536,unpacked|unpacked|unpacked|unpacked|unpacked|unpacked|unpacked,[1, 1536]
860,23,8,5608,RMSNorm sumsq + fused epilogue,keep::reduce fold,omega_reduce_r2_o1_n2_multiply_add_zero_epi4_fused_identity_o4__multiply_s0_o3__add_s1_o2__square_root_s2__reciprocal_s3__multiply_s4_o1__multiply_s5_o0,256,unpacked|unpacked,[1, 1536]
861,23,8,5610,matvec Q4_0,keep::reduce fold,omega_reduce_r4_o3_n2_multiply_add_zero,16384,Q4_0|unpacked,[1, 8, 256, 1536]
862,23,8,5612,RMSNorm sumsq,keep::reduce fold,omega_reduce_r3_o2_n2_multiply_add_zero,512,unpacked|unpacked,[1, 8, 256]
863,23,8,5618,norm apply,elementwise,omega_elementwise_r3_n5_fused_multiply_o3_o4__add_s0_o2__square_root_s1__reciprocal_s2__multiply_s3_o1__multiply_s4_o0,2048,unpacked|unpacked|unpacked|unpacked|unpacked,[1, 8, 256]
864,23,8,5621,RoPE,elementwise,omega_elementwise_r3_n4_fused_multiply_o0_o1__multiply_o2_o3__subtract_s0_s1,1024,unpacked|unpacked|unpacked|unpacked,[1, 8, 128]
865,23,8,5624,RoPE,elementwise,omega_elementwise_r3_n4_fused_multiply_o0_o1__multiply_o2_o3__add_s0_s1,1024,unpacked|unpacked|unpacked|unpacked,[1, 8, 128]
866,23,8,5657,cached attention partial,cached_attention,omega_cached_attention_q1_h1_g8_d256_s3f800000_ln511_up0_x4_e1_k1_ds,17408,unpacked|unpacked|unpacked|unpacked|unpacked|unpacked|unpacked|unpacked|unpacked,[1, 1, 8, 256]
867,23,8,5657,cached attention merge,cached_attention,omega_cached_attention_q1_h1_g8_d256_s3f800000_ln511_up0_x4_e1_k1_ds_merge,8192,unpacked|unpacked|unpacked|unpacked|unpacked|unpacked|unpacked|unpacked|unpacked,[1, 1, 8, 256]
868,23,8,5659,matvec Q4_0,keep::reduce fold,omega_reduce_r5_o2_n2_multiply_add_zero,12288,Q4_0|unpacked,[1, 1, 8, 256, 1536]
869,23,8,5661,RMSNorm sumsq,keep::reduce fold,omega_reduce_r2_o1_n2_multiply_add_zero,256,unpacked|unpacked,[1, 1536]
870,23,8,5668,norm apply,elementwise,omega_elementwise_r2_n6_fused_multiply_o4_o5__add_s0_o3__square_root_s1__reciprocal_s2__multiply_s3_o2__multiply_s4_o1__add_s5_o0,1536,unpacked|unpacked|unpacked|unpacked|unpacked|unpacked,[1, 1536]
871,23,8,5676,RMSNorm sumsq + fused epilogue,keep::reduce fold,omega_reduce_r2_o1_n2_multiply_add_zero_epi4_fused_identity_o4__multiply_s0_o3__add_s1_o2__square_root_s2__reciprocal_s3__multiply_s4_o1__multiply_s5_o0,256,unpacked|unpacked,[1, 1536]
872,23,8,5681,matvec Q4_0,keep::reduce fold,omega_reduce_r3_o2_n2_multiply_add_zero,98304,unpacked|Q4_0,[1, 1536, 12288]
873,23,8,5696,matvec Q4_0,keep::reduce fold,omega_reduce_r3_o2_n2_multiply_add_zero_epi9_fused_identity_o9__multiply_o5_o6__multiply_s1_o4__multiply_s2_o3__add_s3_o2__multiply_s4_o1__tanh_s5__add_s6_o0__multiply_o7_o8__multiply_s7_s8__multiply_s0_s9,98304,unpacked|Q4_0,[1, 1536, 12288]
874,23,8,5698,matvec Q4_0,keep::reduce fold,omega_reduce_r3_o2_n2_multiply_add_zero,12288,Q4_0|unpacked,[1, 12288, 1536]
875,23,8,5701,RMSNorm sumsq,keep::reduce fold,omega_reduce_r2_o1_n2_multiply_add_zero,256,unpacked|unpacked,[1, 1536]
876,23,8,5708,norm apply,elementwise,omega_elementwise_r2_n6_fused_multiply_o4_o5__add_s0_o3__square_root_s1__reciprocal_s2__multiply_s3_o2__multiply_s4_o1__add_s5_o0,1536,unpacked|unpacked|unpacked|unpacked|unpacked|unpacked,[1, 1536]
877,23,8,5711,matvec Q4_0,keep::reduce fold,omega_reduce_r3_o2_n2_multiply_add_zero,2048,unpacked|Q4_0,[1, 1536, 256]
878,23,8,5724,RMSNorm sumsq + fused epilogue,keep::reduce fold,omega_reduce_r2_o1_n2_multiply_add_zero_epi15_fused_identity_o15__identity_o0__multiply_s0_o4__add_s2_o3__square_root_s3__reciprocal_s4__multiply_s5_o2__multiply_s6_o1__add_s1_s7__multiply_s8_o5__multiply_o11_o12__multiply_s10_o10__multiply_s11_o9__add_s12_o8__multiply_s13_o7__tanh_s14__add_s15_o6__multiply_o13_o14__multiply_s16_s17__multiply_s9_s18,64,unpacked|unpacked,[1, 256]
879,23,8,5727,matvec Q4_0,keep::reduce fold,omega_reduce_r3_o2_n2_multiply_add_zero,12288,unpacked|Q4_0,[1, 256, 1536]
880,23,8,5730,RMSNorm sumsq,keep::reduce fold,omega_reduce_r2_o1_n2_multiply_add_zero,256,unpacked|unpacked,[1, 1536]
881,23,8,5743,identity copy,elementwise,omega_elementwise_r2_n1_identity,256,unpacked,[1, 256]
882,23,8,5739,norm apply,elementwise,omega_elementwise_r2_n7_fused_multiply_o4_o5__add_s0_o3__square_root_s1__reciprocal_s2__multiply_s3_o2__multiply_s4_o1__add_s5_o0__multiply_s6_o6,1536,unpacked|unpacked|unpacked|unpacked|unpacked|unpacked|unpacked,[1, 1536]
883,23,8,5766,RMSNorm sumsq + fused epilogue,keep::reduce fold,omega_reduce_r2_o1_n2_multiply_add_zero_epi4_fused_identity_o4__multiply_s0_o3__add_s1_o2__square_root_s2__reciprocal_s3__multiply_s4_o1__multiply_s5_o0,256,unpacked|unpacked,[1, 1536]
884,23,8,5768,matvec Q4_0,keep::reduce fold,omega_reduce_r4_o3_n2_multiply_add_zero,16384,Q4_0|unpacked,[1, 8, 256, 1536]
885,23,8,5770,RMSNorm sumsq,keep::reduce fold,omega_reduce_r3_o2_n2_multiply_add_zero,512,unpacked|unpacked,[1, 8, 256]
886,23,8,5776,norm apply,elementwise,omega_elementwise_r3_n5_fused_multiply_o3_o4__add_s0_o2__square_root_s1__reciprocal_s2__multiply_s3_o1__multiply_s4_o0,2048,unpacked|unpacked|unpacked|unpacked|unpacked,[1, 8, 256]
887,23,8,5779,RoPE,elementwise,omega_elementwise_r3_n4_fused_multiply_o0_o1__multiply_o2_o3__subtract_s0_s1,1024,unpacked|unpacked|unpacked|unpacked,[1, 8, 128]
888,23,8,5782,RoPE,elementwise,omega_elementwise_r3_n4_fused_multiply_o0_o1__multiply_o2_o3__add_s0_s1,1024,unpacked|unpacked|unpacked|unpacked,[1, 8, 128]
889,23,8,5815,cached attention partial,cached_attention,omega_cached_attention_q1_h1_g8_d256_s3f800000_ln511_up0_x4_e1_k1_ds,17408,unpacked|unpacked|unpacked|unpacked|unpacked|unpacked|unpacked|unpacked|unpacked,[1, 1, 8, 256]
890,23,8,5815,cached attention merge,cached_attention,omega_cached_attention_q1_h1_g8_d256_s3f800000_ln511_up0_x4_e1_k1_ds_merge,8192,unpacked|unpacked|unpacked|unpacked|unpacked|unpacked|unpacked|unpacked|unpacked,[1, 1, 8, 256]
891,23,8,5817,matvec Q4_0,keep::reduce fold,omega_reduce_r5_o2_n2_multiply_add_zero,12288,Q4_0|unpacked,[1, 1, 8, 256, 1536]
892,23,8,5819,RMSNorm sumsq,keep::reduce fold,omega_reduce_r2_o1_n2_multiply_add_zero,256,unpacked|unpacked,[1, 1536]
893,23,8,5826,norm apply,elementwise,omega_elementwise_r2_n6_fused_multiply_o4_o5__add_s0_o3__square_root_s1__reciprocal_s2__multiply_s3_o2__multiply_s4_o1__add_s5_o0,1536,unpacked|unpacked|unpacked|unpacked|unpacked|unpacked,[1, 1536]
894,23,8,5834,RMSNorm sumsq + fused epilogue,keep::reduce fold,omega_reduce_r2_o1_n2_multiply_add_zero_epi4_fused_identity_o4__multiply_s0_o3__add_s1_o2__square_root_s2__reciprocal_s3__multiply_s4_o1__multiply_s5_o0,256,unpacked|unpacked,[1, 1536]
895,23,8,5839,matvec Q4_0,keep::reduce fold,omega_reduce_r3_o2_n2_multiply_add_zero,98304,unpacked|Q4_0,[1, 1536, 12288]
896,23,8,5854,matvec Q4_0,keep::reduce fold,omega_reduce_r3_o2_n2_multiply_add_zero_epi9_fused_identity_o9__multiply_o5_o6__multiply_s1_o4__multiply_s2_o3__add_s3_o2__multiply_s4_o1__tanh_s5__add_s6_o0__multiply_o7_o8__multiply_s7_s8__multiply_s0_s9,98304,unpacked|Q4_0,[1, 1536, 12288]
897,23,8,5856,matvec Q4_0,keep::reduce fold,omega_reduce_r3_o2_n2_multiply_add_zero,12288,Q4_0|unpacked,[1, 12288, 1536]
898,23,8,5859,RMSNorm sumsq,keep::reduce fold,omega_reduce_r2_o1_n2_multiply_add_zero,256,unpacked|unpacked,[1, 1536]
899,23,8,5866,norm apply,elementwise,omega_elementwise_r2_n6_fused_multiply_o4_o5__add_s0_o3__square_root_s1__reciprocal_s2__multiply_s3_o2__multiply_s4_o1__add_s5_o0,1536,unpacked|unpacked|unpacked|unpacked|unpacked|unpacked,[1, 1536]
900,23,8,5869,matvec Q4_0,keep::reduce fold,omega_reduce_r3_o2_n2_multiply_add_zero,2048,unpacked|Q4_0,[1, 1536, 256]
901,23,8,5882,RMSNorm sumsq + fused epilogue,keep::reduce fold,omega_reduce_r2_o1_n2_multiply_add_zero_epi15_fused_identity_o15__identity_o0__multiply_s0_o4__add_s2_o3__square_root_s3__reciprocal_s4__multiply_s5_o2__multiply_s6_o1__add_s1_s7__multiply_s8_o5__multiply_o11_o12__multiply_s10_o10__multiply_s11_o9__add_s12_o8__multiply_s13_o7__tanh_s14__add_s15_o6__multiply_o13_o14__multiply_s16_s17__multiply_s9_s18,64,unpacked|unpacked,[1, 256]
902,23,8,5885,matvec Q4_0,keep::reduce fold,omega_reduce_r3_o2_n2_multiply_add_zero,12288,unpacked|Q4_0,[1, 256, 1536]
903,23,8,5888,RMSNorm sumsq,keep::reduce fold,omega_reduce_r2_o1_n2_multiply_add_zero,256,unpacked|unpacked,[1, 1536]
904,23,8,5901,identity copy,elementwise,omega_elementwise_r2_n1_identity,256,unpacked,[1, 256]
905,23,8,5897,norm apply,elementwise,omega_elementwise_r2_n7_fused_multiply_o4_o5__add_s0_o3__square_root_s1__reciprocal_s2__multiply_s3_o2__multiply_s4_o1__add_s5_o0__multiply_s6_o6,1536,unpacked|unpacked|unpacked|unpacked|unpacked|unpacked|unpacked,[1, 1536]
906,23,8,5924,RMSNorm sumsq + fused epilogue,keep::reduce fold,omega_reduce_r2_o1_n2_multiply_add_zero_epi4_fused_identity_o4__multiply_s0_o3__add_s1_o2__square_root_s2__reciprocal_s3__multiply_s4_o1__multiply_s5_o0,256,unpacked|unpacked,[1, 1536]
907,23,8,5926,matvec Q4_0,keep::reduce fold,omega_reduce_r4_o3_n2_multiply_add_zero,32768,Q4_0|unpacked,[1, 8, 512, 1536]
908,23,8,5928,RMSNorm sumsq,keep::reduce fold,omega_reduce_r3_o2_n2_multiply_add_zero,1024,unpacked|unpacked,[1, 8, 512]
909,23,8,5934,norm apply,elementwise,omega_elementwise_r3_n5_fused_multiply_o3_o4__add_s0_o2__square_root_s1__reciprocal_s2__multiply_s3_o1__multiply_s4_o0,4096,unpacked|unpacked|unpacked|unpacked|unpacked,[1, 8, 512]
910,23,8,5937,RoPE,elementwise,omega_elementwise_r3_n4_fused_multiply_o0_o1__multiply_o2_o3__subtract_s0_s1,2048,unpacked|unpacked|unpacked|unpacked,[1, 8, 256]
911,23,8,5940,RoPE,elementwise,omega_elementwise_r3_n4_fused_multiply_o0_o1__multiply_o2_o3__add_s0_s1,2048,unpacked|unpacked|unpacked|unpacked,[1, 8, 256]
912,23,8,5973,cached attention partial,cached_attention,omega_cached_attention_q1_h1_g8_d512_s3f800000_ln9223372036854775808_up0_x4_e1_k1_ds,32768,unpacked|unpacked|unpacked|unpacked|unpacked|unpacked|unpacked|unpacked|unpacked,[1, 1, 8, 512]
913,23,8,5973,cached attention merge,cached_attention,omega_cached_attention_q1_h1_g8_d512_s3f800000_ln9223372036854775808_up0_x4_e1_k1_ds_merge,8192,unpacked|unpacked|unpacked|unpacked|unpacked|unpacked|unpacked|unpacked|unpacked,[1, 1, 8, 512]
914,23,8,5975,matvec Q4_0,keep::reduce fold,omega_reduce_r5_o2_n2_multiply_add_zero,12288,Q4_0|unpacked,[1, 1, 8, 512, 1536]
915,23,8,5977,RMSNorm sumsq,keep::reduce fold,omega_reduce_r2_o1_n2_multiply_add_zero,256,unpacked|unpacked,[1, 1536]
916,23,8,5984,norm apply,elementwise,omega_elementwise_r2_n6_fused_multiply_o4_o5__add_s0_o3__square_root_s1__reciprocal_s2__multiply_s3_o2__multiply_s4_o1__add_s5_o0,1536,unpacked|unpacked|unpacked|unpacked|unpacked|unpacked,[1, 1536]
917,23,8,5992,RMSNorm sumsq + fused epilogue,keep::reduce fold,omega_reduce_r2_o1_n2_multiply_add_zero_epi4_fused_identity_o4__multiply_s0_o3__add_s1_o2__square_root_s2__reciprocal_s3__multiply_s4_o1__multiply_s5_o0,256,unpacked|unpacked,[1, 1536]
918,23,8,5997,matvec Q4_0,keep::reduce fold,omega_reduce_r3_o2_n2_multiply_add_zero,98304,unpacked|Q4_0,[1, 1536, 12288]
919,23,8,6012,matvec Q4_0,keep::reduce fold,omega_reduce_r3_o2_n2_multiply_add_zero_epi9_fused_identity_o9__multiply_o5_o6__multiply_s1_o4__multiply_s2_o3__add_s3_o2__multiply_s4_o1__tanh_s5__add_s6_o0__multiply_o7_o8__multiply_s7_s8__multiply_s0_s9,98304,unpacked|Q4_0,[1, 1536, 12288]
920,23,8,6014,matvec Q4_0,keep::reduce fold,omega_reduce_r3_o2_n2_multiply_add_zero,12288,Q4_0|unpacked,[1, 12288, 1536]
921,23,8,6017,RMSNorm sumsq,keep::reduce fold,omega_reduce_r2_o1_n2_multiply_add_zero,256,unpacked|unpacked,[1, 1536]
922,23,8,6024,norm apply,elementwise,omega_elementwise_r2_n6_fused_multiply_o4_o5__add_s0_o3__square_root_s1__reciprocal_s2__multiply_s3_o2__multiply_s4_o1__add_s5_o0,1536,unpacked|unpacked|unpacked|unpacked|unpacked|unpacked,[1, 1536]
923,23,8,6027,matvec Q4_0,keep::reduce fold,omega_reduce_r3_o2_n2_multiply_add_zero,2048,unpacked|Q4_0,[1, 1536, 256]
924,23,8,6040,RMSNorm sumsq + fused epilogue,keep::reduce fold,omega_reduce_r2_o1_n2_multiply_add_zero_epi15_fused_identity_o15__identity_o0__multiply_s0_o4__add_s2_o3__square_root_s3__reciprocal_s4__multiply_s5_o2__multiply_s6_o1__add_s1_s7__multiply_s8_o5__multiply_o11_o12__multiply_s10_o10__multiply_s11_o9__add_s12_o8__multiply_s13_o7__tanh_s14__add_s15_o6__multiply_o13_o14__multiply_s16_s17__multiply_s9_s18,64,unpacked|unpacked,[1, 256]
925,23,8,6043,matvec Q4_0,keep::reduce fold,omega_reduce_r3_o2_n2_multiply_add_zero,12288,unpacked|Q4_0,[1, 256, 1536]
926,23,8,6046,RMSNorm sumsq,keep::reduce fold,omega_reduce_r2_o1_n2_multiply_add_zero,256,unpacked|unpacked,[1, 1536]
927,23,8,6055,norm apply,elementwise,omega_elementwise_r2_n7_fused_multiply_o4_o5__add_s0_o3__square_root_s1__reciprocal_s2__multiply_s3_o2__multiply_s4_o1__add_s5_o0__multiply_s6_o6,1536,unpacked|unpacked|unpacked|unpacked|unpacked|unpacked|unpacked,[1, 1536]
928,23,8,6064,RMSNorm sumsq + fused epilogue,keep::reduce fold,omega_reduce_r2_o1_n2_multiply_add_zero_epi4_fused_identity_o4__multiply_s0_o3__add_s1_o2__square_root_s2__reciprocal_s3__multiply_s4_o1__multiply_s5_o0,256,unpacked|unpacked,[1, 1536]
929,23,8,6066,elementwise identity_g1,elementwise,omega_elementwise_r2_n1_identity_g1,1536,unpacked,[1, 1536]
930,23,8,6073,head,keep::reduce fold,omega_reduce_r3_o2_n2_multiply_add_zero_epi2_fused_identity_o2__divide_s0_o1__tanh_s1__multiply_s2_o0,8388608,unpacked|Q6K,[1, 1536, 262144]
931,23,8,6075,identity copy,elementwise,omega_elementwise_r3_n1_identity,262144,unpacked,[1, 512, 512]
932,23,8,6076,softmax max,keep::reduce fold,omega_reduce_r3_o2_n1_identity_maximum_negative_infinity,65536,unpacked,[1, 512, 512]
933,23,8,6077,softmax max,keep::reduce fold,omega_reduce_r2_o1_n1_identity_maximum_negative_infinity,128,unpacked,[1, 512]
934,23,8,6079,iota,iota,omega_iota_r1,512,,[512]
935,23,8,6080,iota,iota,omega_iota_r1,512,,[512]
936,23,8,6082,elementwise multiply,elementwise,omega_elementwise_r1_n2_multiply,512,unpacked|unpacked,[512]
937,23,8,6086,UNCLASSIFIED omega_reduce_r3_o2_n5_fused_equal_o0_o1__add_o2_o3__select_s0_s1_o4_minimum_positive_infinity,keep::reduce fold,omega_reduce_r3_o2_n5_fused_equal_o0_o1__add_o2_o3__select_s0_s1_o4_minimum_positive_infinity,65536,unpacked|unpacked|unpacked|unpacked|unpacked,[1, 512, 512]
938,23,8,6087,UNCLASSIFIED omega_reduce_r2_o1_n1_identity_minimum_positive_infinity,keep::reduce fold,omega_reduce_r2_o1_n1_identity_minimum_positive_infinity,128,unpacked,[1, 512]
939,23,8,6093,matvec f32,keep::reduce fold,omega_reduce_r3_o2_n4_fused_greater_o0_o1__greater_o2_o3__multiply_s0_s1_add_zero,65536,unpacked|unpacked|unpacked|unpacked,[1, 512, 512]
940,23,8,6094,softmax sum,keep::reduce fold,omega_reduce_r2_o1_n1_identity_add_zero,128,unpacked,[1, 512]
