index,node,kernel,grid_threads,threadgroups,buffer_bindings,bytes_bound_full,static_threadgroup_bytes,dynamic_threadgroup_bytes,pipeline_switch,isolated_marginal_ns,round4_isolated_marginal_ns,cold_penalty_ns,stamped_isolated_ns,instream_ns_median,instream_ns_min,instream_ns_max,instream_cov_pct,gap_ns_median,empty_instream_ns_median,empty_gap_ns_median,instream_minus_isolated_ns,instream_over_isolated,work_ns,work_minus_isolated_ns,stamped_excess_ns
0,4,omega_elementwise_r2_n2_fused_identity_o0__multiply_s0_o1_g10,1536,2,6,1380335336,0,0,1,14226,16387,708,17125,21167,19167,21667,3.92,0,6791,0,6941,1.488,14376,150,4042
1,17,omega_reduce_r3_o2_n2_multiply_add_zero_epi1_fused_identity_o1__multiply_s0_o0,2293760,8960,5,3335677156,32,0,1,115077,115131,3000,116959,120166,118333,123958,1.05,17708,17084,16500,5089,1.044,103082,-11995,3207
2,12,omega_elementwise_r2_n2_fused_identity_o0__multiply_s0_o1_g10,8960,9,6,3307203048,0,0,1,17369,17548,417,18791,18625,18333,20417,3.20,9583,4542,10333,1256,1.072,14083,-3286,-166
3,20,omega_elementwise_r3_n1_identity,8960,9,3,2040320,0,0,1,2869,2899,542,4875,4958,4708,8334,20.40,9833,4542,8916,2089,1.728,416,-2453,83
4,32,omega_reduce_r3_o2_n2_multiply_add_zero_epi6_fused_identity_o6__identity_o0__multiply_s0_o4__add_s2_o3__square_root_s3__reciprocal_s4__multiply_s5_o2__multiply_s6_o1__add_s1_s7__multiply_s8_o5,2240,35,10,3311104236,16,0,1,6583,6542,375,13958,15333,15084,17333,3.93,6041,4875,21542,8750,2.329,10458,3875,1375
5,94,omega_reduce_r2_o1_n2_multiply_add_zero_epi4_fused_identity_o4__multiply_s0_o3__add_s1_o2__square_root_s2__reciprocal_s3__multiply_s4_o1__multiply_s5_o0,256,1,8,1052683240,32,0,1,5482,5893,750,10958,12000,11542,16208,9.80,10416,3958,10833,6518,2.189,8042,2560,1042
6,96,omega_reduce_r4_o3_n2_multiply_add_zero,16384,256,4,1049228256,0,0,1,10667,10667,3875,13333,15167,14625,17417,3.90,6792,4041,65375,4500,1.422,11126,459,1834
7,106,omega_reduce_r4_o3_n2_multiply_add_zero,2048,32,4,1051211232,0,0,1,5750,5738,375,9750,10958,10459,11542,2.97,10458,3917,9416,5208,1.906,7041,1291,1208
8,114,omega_reduce_r3_o2_n2_multiply_add_zero_epi4_fused_identity_o4__multiply_s0_o3__add_s1_o2__square_root_s2__reciprocal_s3__multiply_s4_o1__multiply_s5_o0,64,1,8,1053065192,16,0,1,5500,5131,1375,11959,13125,12625,14000,2.60,7958,3958,17542,7625,2.386,9167,3667,1166
9,120,omega_elementwise_twin_r3_n4_fused_multiply_o0_o1__multiply_o2_o3__add_s0_s1_fused_multiply_o0_o3__multiply_o2_o1__subtract_s0_s1,128,1,7,2178560,0,0,1,2810,2810,583,4791,4833,4625,5166,3.12,8000,3834,6208,2023,1.720,999,-1811,42
10,122,omega_reduce_r4_o3_n2_multiply_add_zero,2048,32,4,1047442912,0,0,1,5750,5738,542,9792,10084,9792,10625,2.24,5375,3917,16750,4334,1.754,6167,417,292
11,129,omega_reduce_r3_o2_n2_multiply_add_zero_epi3_fused_identity_o3__multiply_s0_o2__add_s1_o1__square_root_s2__reciprocal_s3__multiply_s4_o0,64,1,7,3221512,16,0,1,4494,5018,875,10584,11459,11250,12208,2.59,6708,3875,9333,6965,2.550,7584,3090,875
12,104,omega_reduce_r3_o2_n2_multiply_add_zero_epi4_fused_identity_o4__multiply_s0_o3__add_s1_o2__square_root_s2__reciprocal_s3__multiply_s4_o1__multiply_s5_o0,512,8,8,1049571304,16,0,1,5399,5411,417,11417,11042,10791,11333,1.23,7792,3875,47459,5643,2.045,7167,1768,-375
13,132,omega_elementwise_twin_r3_n4_fused_multiply_o0_o1__multiply_o2_o3__subtract_s0_s1_fused_multiply_o0_o3__multiply_o2_o1__add_s0_s1,1024,1,7,4171008,0,0,1,4560,4125,708,6125,5959,5791,6458,3.65,8042,3917,10208,1399,1.307,2042,-2518,-166
14,168,omega_cached_attention_q1_h1_g8_d256_s3f800000_ln511_up0_x4_e1_k1_ds,17408,136,11,3776260,4128,0,1,21107,21536,708,23291,24875,24542,29459,5.10,5250,4334,16458,3768,1.179,20541,-566,1584
15,168,omega_cached_attention_q1_h1_g8_d256_s3f800000_ln511_up0_x4_e1_k1_ds_merge,8192,8,3,1320448,0,0,1,5351,5393,792,7375,7584,7417,8166,2.96,9375,3834,8375,2233,1.417,3750,-1601,209
16,170,omega_reduce_r5_o2_n2_multiply_add_zero,12288,192,4,1050997728,0,0,1,9452,9560,167,12417,14458,13958,19083,13.09,5583,3958,15917,5006,1.530,10500,1048,2041
17,179,omega_reduce_r2_o1_n2_multiply_add_zero_epi5_fused_identity_o5__multiply_s0_o4__add_s1_o3__square_root_s2__reciprocal_s3__multiply_s4_o2__multiply_s5_o1__add_s6_o0,256,1,9,1034041800,32,0,1,7125,6982,-125,13250,14541,14083,15167,1.90,9459,3959,6083,7416,2.041,10582,3457,1291
18,187,omega_reduce_r2_o1_n2_multiply_add_zero_epi4_fused_identity_o4__multiply_s0_o3__add_s1_o2__square_root_s2__reciprocal_s3__multiply_s4_o1__multiply_s5_o0,256,1,8,1038535656,32,0,1,5482,5893,3750,10833,10500,10333,11209,2.30,8042,3958,42333,5018,1.915,6542,1060,-333
19,192,omega_reduce_r3_o2_n2_multiply_add_zero,49152,768,4,1041880544,0,0,1,19589,19488,667,20750,26333,25500,28000,2.33,8000,4083,9459,6744,1.344,22250,2661,5583
20,207,omega_reduce_r3_o2_n2_multiply_add_zero_epi9_fused_identity_o9__multiply_o5_o6__multiply_s1_o4__multiply_s2_o3__add_s3_o2__multiply_s4_o1__tanh_s5__add_s6_o0__multiply_o7_o8__multiply_s7_s8__multiply_s0_s9,49152,768,13,1041822448,0,0,1,20827,20577,625,22167,27542,26542,29125,1.95,9250,4292,14208,6715,1.322,23250,2423,5375
21,209,omega_reduce_r3_o2_n2_multiply_add_zero,12288,192,4,1047220192,0,0,1,20506,20464,1083,21542,27666,26459,28750,2.34,12000,3958,5958,7160,1.349,23708,3202,6124
22,219,omega_reduce_r2_o1_n2_multiply_add_zero_epi5_fused_identity_o5__multiply_s0_o4__add_s1_o3__square_root_s2__reciprocal_s3__multiply_s4_o2__multiply_s5_o1__add_s6_o0,256,1,9,1034198984,32,0,1,7125,6982,250,13167,12667,12375,13208,1.35,9292,3875,14625,5542,1.778,8792,1667,-500
23,235,omega_reduce_r3_o2_n2_multiply_add_zero_epi5_fused_identity_o5__identity_o0__multiply_s0_s0__multiply_s0_s2__multiply_s3_o3__add_s0_s4__multiply_s5_o2__tanh_s6__add_s7_o1__multiply_s0_o4__multiply_s8_s9__multiply_s1_s10,2048,32,9,1032242416,0,0,1,6030,6333,792,10708,11667,11125,12083,2.43,7917,4250,5625,5637,1.935,7417,1387,959
24,238,omega_reduce_r3_o2_n2_multiply_add_zero,12288,192,4,1031061184,0,0,1,5024,5089,1000,8042,7833,7542,8334,2.74,7250,3917,42584,2809,1.559,3916,-1108,-209
25,250,omega_reduce_r2_o1_n2_multiply_add_zero_epi6_fused_identity_o6__multiply_s0_o4__add_s1_o3__square_root_s2__reciprocal_s3__multiply_s4_o2__multiply_s5_o1__add_s6_o0__multiply_s7_o5,256,1,10,2063205544,32,0,1,6851,6506,417,13125,14292,14000,14959,1.70,8041,3875,9458,7441,2.086,10417,3566,1167
26,271,omega_reduce_r2_o1_n2_multiply_add_zero_epi4_fused_identity_o4__multiply_s0_o3__add_s1_o2__square_root_s2__reciprocal_s3__multiply_s4_o1__multiply_s5_o0,256,1,8,1032683976,32,0,1,5482,5893,667,10833,10334,9792,10959,2.23,9292,3833,16833,4852,1.885,6501,1019,-499
27,273,omega_reduce_r4_o3_n2_multiply_add_zero,16384,256,4,1028846528,0,0,1,10667,10667,667,13167,14041,13541,14541,2.03,8083,3917,8042,3374,1.316,10124,-543,874
28,283,omega_reduce_r4_o3_n2_multiply_add_zero,2048,32,4,1030829504,0,0,1,5750,5738,458,9791,9958,9417,10791,2.80,8375,3833,15750,4208,1.732,6125,375,167
29,291,omega_reduce_r3_o2_n2_multiply_add_zero_epi4_fused_identity_o4__multiply_s0_o3__add_s1_o2__square_root_s2__reciprocal_s3__multiply_s4_o1__multiply_s5_o0,64,1,8,1032676296,16,0,1,5500,5131,750,12000,11458,10833,11875,3.00,8000,3833,5625,5958,2.083,7625,2125,-542
30,297,omega_elementwise_twin_r3_n4_fused_multiply_o0_o1__multiply_o2_o3__add_s0_s1_fused_multiply_o0_o3__multiply_o2_o1__subtract_s0_s1,128,1,7,2164224,0,0,1,2810,2810,542,4792,4917,4375,5084,4.56,8125,3708,41250,2107,1.750,1209,-1601,125
31,299,omega_reduce_r4_o3_n2_multiply_add_zero,2048,32,4,1027061184,0,0,1,5750,5738,708,9750,9958,9416,10334,2.44,5166,3875,9375,4208,1.732,6083,333,208
32,306,omega_reduce_r3_o2_n2_multiply_add_zero_epi3_fused_identity_o3__multiply_s0_o2__add_s1_o1__square_root_s2__reciprocal_s3__multiply_s4_o0,64,1,7,3221512,16,0,1,4494,5018,458,10583,10292,9708,10833,3.29,7958,3583,15834,5798,2.290,6709,2215,-291
33,281,omega_reduce_r3_o2_n2_multiply_add_zero_epi4_fused_identity_o4__multiply_s0_o3__add_s1_o2__square_root_s2__reciprocal_s3__multiply_s4_o1__multiply_s5_o0,512,8,8,1029189576,16,0,1,5399,5411,-2542,11583,11250,10666,13500,5.16,8000,3958,9334,5851,2.084,7292,1893,-333
34,309,omega_elementwise_twin_r3_n4_fused_multiply_o0_o1__multiply_o2_o3__subtract_s0_s1_fused_multiply_o0_o3__multiply_o2_o1__add_s0_s1,1024,1,7,4158208,0,0,1,4560,4125,958,6166,6041,5458,6541,4.81,8042,3792,16500,1481,1.325,2249,-2311,-125
35,345,omega_cached_attention_q1_h1_g8_d256_s3f800000_ln511_up0_x4_e1_k1_ds,17408,136,11,3763460,4128,0,1,21107,21536,833,22125,23166,22333,23667,1.89,5500,4000,5334,2059,1.098,19166,-1941,1041
36,345,omega_cached_attention_q1_h1_g8_d256_s3f800000_ln511_up0_x4_e1_k1_ds_merge,8192,8,3,1320448,0,0,1,5351,5393,833,7375,7334,7042,7875,2.93,12041,3625,43041,1983,1.371,3709,-1642,-41
37,347,omega_reduce_r5_o2_n2_multiply_add_zero,12288,192,4,1030616000,0,0,1,9452,9560,333,12542,13166,12750,17583,9.65,8083,3875,9417,3714,1.393,9291,-161,624
38,356,omega_reduce_r2_o1_n2_multiply_add_zero_epi5_fused_identity_o5__multiply_s0_o4__add_s1_o3__square_root_s2__reciprocal_s3__multiply_s4_o2__multiply_s5_o1__add_s6_o0,256,1,9,1013787560,32,0,1,7125,6982,375,13291,12750,12250,13166,2.02,9417,3709,17167,5625,1.789,9041,1916,-541
39,364,omega_reduce_r2_o1_n2_multiply_add_zero_epi4_fused_identity_o4__multiply_s0_o3__add_s1_o2__square_root_s2__reciprocal_s3__multiply_s4_o1__multiply_s5_o0,256,1,8,1018153928,32,0,1,5482,5893,583,10958,10500,9958,10917,2.02,8042,3875,6166,5018,1.915,6625,1143,-458
40,369,omega_reduce_r3_o2_n2_multiply_add_zero,49152,768,4,1021498816,0,0,1,19589,19488,-500,20875,24375,23708,26083,2.20,8041,4208,15458,4786,1.244,20167,578,3500
41,384,omega_reduce_r3_o2_n2_multiply_add_zero_epi9_fused_identity_o9__multiply_o5_o6__multiply_s1_o4__multiply_s2_o3__add_s3_o2__multiply_s4_o1__tanh_s5__add_s6_o0__multiply_o7_o8__multiply_s7_s8__multiply_s0_s9,49152,768,13,1021440720,0,0,1,20827,20577,-42,22167,25792,25125,26917,1.69,9458,4375,5625,4965,1.238,21417,590,3625
42,386,omega_reduce_r3_o2_n2_multiply_add_zero,12288,192,4,1026838464,0,0,1,20506,20464,3750,21708,25208,24500,27417,2.57,12084,3917,46709,4702,1.229,21291,785,3500
43,396,omega_reduce_r2_o1_n2_multiply_add_zero_epi5_fused_identity_o5__multiply_s0_o4__add_s1_o3__square_root_s2__reciprocal_s3__multiply_s4_o2__multiply_s5_o1__add_s6_o0,256,1,9,1013817256,32,0,1,7125,6982,833,13250,12917,12292,15250,4.59,9333,3917,9333,5792,1.813,9000,1875,-333
44,412,omega_reduce_r3_o2_n2_multiply_add_zero_epi5_fused_identity_o5__identity_o0__multiply_s0_s0__multiply_s0_s2__multiply_s3_o3__add_s0_s4__multiply_s5_o2__tanh_s6__add_s7_o1__multiply_s0_o4__multiply_s8_s9__multiply_s1_s10,2048,32,9,1011860688,0,0,1,6280,6458,583,10750,11083,10416,14833,9.11,8042,4042,16875,4803,1.765,7041,761,333
45,415,omega_reduce_r3_o2_n2_multiply_add_zero,12288,192,4,1010679456,0,0,1,5024,5089,375,8042,7875,7333,8250,3.18,7875,3875,10291,2851,1.568,4000,-1024,-167
46,427,omega_reduce_r2_o1_n2_multiply_add_zero_epi6_fused_identity_o6__multiply_s0_o4__add_s1_o3__square_root_s2__reciprocal_s3__multiply_s4_o2__multiply_s5_o1__add_s6_o0__multiply_s7_o5,256,1,10,2022442088,32,0,1,6851,6506,875,13000,12583,11708,13000,3.12,5625,3792,16458,5732,1.837,8791,1940,-417
47,448,omega_reduce_r2_o1_n2_multiply_add_zero_epi4_fused_identity_o4__multiply_s0_o3__add_s1_o2__square_root_s2__reciprocal_s3__multiply_s4_o1__multiply_s5_o0,256,1,8,1012302248,32,0,1,5482,5893,500,11042,10667,9958,12208,4.27,8292,3916,5458,5185,1.946,6751,1269,-375
48,450,omega_reduce_r4_o3_n2_multiply_add_zero,16384,256,4,1008464800,0,0,1,10667,10667,3250,13250,13958,13583,14584,1.93,8750,3959,42167,3291,1.309,9999,-668,708
49,460,omega_reduce_r4_o3_n2_multiply_add_zero,2048,32,4,1010447776,0,0,1,5750,5738,500,9750,9959,9292,10583,2.86,8167,3958,9291,4209,1.732,6001,251,209
50,468,omega_reduce_r3_o2_n2_multiply_add_zero_epi4_fused_identity_o4__multiply_s0_o3__add_s1_o2__square_root_s2__reciprocal_s3__multiply_s4_o1__multiply_s5_o0,64,1,8,1012294568,16,0,1,5500,5131,1542,11958,11375,10750,11833,2.92,7791,3833,16208,5875,2.068,7542,2042,-583
51,474,omega_elementwise_twin_r3_n4_fused_multiply_o0_o1__multiply_o2_o3__add_s0_s1_fused_multiply_o0_o3__multiply_o2_o1__subtract_s0_s1,128,1,7,2164224,0,0,1,2810,2810,792,4833,4750,4417,5125,3.59,5917,3750,5583,1940,1.691,1000,-1810,-83
52,476,omega_reduce_r4_o3_n2_multiply_add_zero,2048,32,4,1006679456,0,0,1,5750,5738,792,9792,9917,9375,10417,3.44,5417,3875,16583,4167,1.725,6042,292,125
53,483,omega_reduce_r3_o2_n2_multiply_add_zero_epi3_fused_identity_o3__multiply_s0_o2__add_s1_o1__square_root_s2__reciprocal_s3__multiply_s4_o0,64,1,7,3221512,16,0,1,4494,5018,708,10583,10167,9500,10708,3.40,8042,3709,8250,5673,2.262,6458,1964,-416
54,458,omega_reduce_r3_o2_n2_multiply_add_zero_epi4_fused_identity_o4__multiply_s0_o3__add_s1_o2__square_root_s2__reciprocal_s3__multiply_s4_o1__multiply_s5_o0,512,8,8,1008807848,16,0,1,5399,5411,708,11708,11125,10625,11750,2.28,36208,3875,42042,5726,2.061,7250,1851,-583
55,486,omega_elementwise_twin_r3_n4_fused_multiply_o0_o1__multiply_o2_o3__subtract_s0_s1_fused_multiply_o0_o3__multiply_o2_o1__add_s0_s1,1024,1,7,4158208,0,0,1,4560,4125,417,6167,6000,5667,9916,14.24,9167,3708,9417,1440,1.316,2292,-2268,-167
56,522,omega_cached_attention_q1_h1_g8_d256_s3f800000_ln511_up0_x4_e1_k1_ds,17408,136,11,3763460,4128,0,1,21107,21536,1042,21833,23084,22250,23584,1.62,5625,4166,15833,1977,1.094,18918,-2189,1251
57,522,omega_cached_attention_q1_h1_g8_d256_s3f800000_ln511_up0_x4_e1_k1_ds_merge,8192,8,3,1320448,0,0,1,5351,5393,750,6958,7500,7125,7833,2.55,12000,3750,7333,2149,1.402,3750,-1601,542
58,524,omega_reduce_r5_o2_n2_multiply_add_zero,12288,192,4,1010234272,0,0,1,9452,9560,0,12042,13041,12375,17458,15.73,5334,3917,16125,3589,1.380,9124,-328,999
59,533,omega_reduce_r2_o1_n2_multiply_add_zero_epi5_fused_identity_o5__multiply_s0_o4__add_s1_o3__square_root_s2__reciprocal_s3__multiply_s4_o2__multiply_s5_o1__add_s6_o0,256,1,9,993405832,32,0,1,7125,6982,375,12541,12542,11875,13333,3.27,8125,3833,9125,5417,1.760,8709,1584,1
60,541,omega_reduce_r2_o1_n2_multiply_add_zero_epi4_fused_identity_o4__multiply_s0_o3__add_s1_o2__square_root_s2__reciprocal_s3__multiply_s4_o1__multiply_s5_o0,256,1,8,997772200,32,0,1,5482,5893,333,10292,10375,9875,10500,1.48,17000,3916,52083,4893,1.893,6459,977,83
61,546,omega_reduce_r3_o2_n2_multiply_add_zero,49152,768,4,1001117088,0,0,1,19589,19488,875,20750,24000,23375,25000,1.58,8875,3958,9500,4411,1.225,20042,453,3250
62,561,omega_reduce_r3_o2_n2_multiply_add_zero_epi9_fused_identity_o9__multiply_o5_o6__multiply_s1_o4__multiply_s2_o3__add_s3_o2__multiply_s4_o1__tanh_s5__add_s6_o0__multiply_o7_o8__multiply_s7_s8__multiply_s0_s9,49152,768,13,1001058992,0,0,1,20827,20577,125,22250,25333,24792,26083,1.47,10708,4250,16333,4506,1.216,21083,256,3083
63,563,omega_reduce_r3_o2_n2_multiply_add_zero,12288,192,4,1006456736,0,0,1,20506,20464,500,21708,24916,24375,25750,1.50,11958,3834,5709,4410,1.215,21082,576,3208
64,573,omega_reduce_r2_o1_n2_multiply_add_zero_epi5_fused_identity_o5__multiply_s0_o4__add_s1_o3__square_root_s2__reciprocal_s3__multiply_s4_o2__multiply_s5_o1__add_s6_o0,256,1,9,993435528,32,0,1,7125,6982,2458,12750,12583,12042,13500,3.16,9291,3875,14541,5458,1.766,8708,1583,-167
65,589,omega_reduce_r3_o2_n2_multiply_add_zero_epi5_fused_identity_o5__identity_o0__multiply_s0_s0__multiply_s0_s2__multiply_s3_o3__add_s0_s4__multiply_s5_o2__tanh_s6__add_s7_o1__multiply_s0_o4__multiply_s8_s9__multiply_s1_s10,2048,32,9,991478960,0,0,1,6298,6310,792,10250,10625,10125,11084,2.51,7208,4166,5500,4327,1.687,6459,161,375
66,592,omega_reduce_r3_o2_n2_multiply_add_zero,12288,192,4,990297728,0,0,1,5024,5089,500,7875,7875,7375,8250,3.21,6583,4041,40917,2851,1.568,3834,-1190,0
67,604,omega_reduce_r2_o1_n2_multiply_add_zero_epi6_fused_identity_o6__multiply_s0_o4__add_s1_o3__square_root_s2__reciprocal_s3__multiply_s4_o2__multiply_s5_o1__add_s6_o0__multiply_s7_o5,256,1,10,1981678632,32,0,1,6851,6506,583,12542,12500,12084,15125,6.53,5417,3833,9542,5649,1.825,8667,1816,-42
68,625,omega_reduce_r2_o1_n2_multiply_add_zero_epi4_fused_identity_o4__multiply_s0_o3__add_s1_o2__square_root_s2__reciprocal_s3__multiply_s4_o1__multiply_s5_o0,256,1,8,991920520,32,0,1,5482,5893,3250,10333,10375,9833,10875,3.16,7958,3917,15000,4893,1.893,6458,976,42
69,627,omega_reduce_r4_o3_n2_multiply_add_zero,16384,256,4,988083072,0,0,1,10667,10667,166,13000,14083,13625,16041,3.41,8084,4167,11000,3416,1.320,9916,-751,1083
70,637,omega_reduce_r4_o3_n2_multiply_add_zero,2048,32,4,990066048,0,0,1,5750,5738,-167,9417,10000,9458,10292,2.32,11959,3917,16416,4250,1.739,6083,333,583
71,645,omega_reduce_r3_o2_n2_multiply_add_zero_epi4_fused_identity_o4__multiply_s0_o3__add_s1_o2__square_root_s2__reciprocal_s3__multiply_s4_o1__multiply_s5_o0,64,1,8,991912840,16,0,1,5500,5131,167,11458,11542,10875,12208,3.38,8250,3917,5625,6042,2.099,7625,2125,84
72,651,omega_elementwise_twin_r3_n4_fused_multiply_o0_o1__multiply_o2_o3__add_s0_s1_fused_multiply_o0_o3__multiply_o2_o1__subtract_s0_s1,128,1,7,2164224,0,0,1,2810,2810,833,4583,4875,4542,5125,4.10,8209,3792,42458,2065,1.735,1083,-1727,292
73,653,omega_reduce_r4_o3_n2_multiply_add_zero,2048,32,4,986297728,0,0,1,5750,5738,708,9292,10041,9542,10500,2.81,5417,3917,9333,4291,1.746,6124,374,749
74,660,omega_reduce_r3_o2_n2_multiply_add_zero_epi3_fused_identity_o3__multiply_s0_o2__add_s1_o1__square_root_s2__reciprocal_s3__multiply_s4_o0,64,1,7,3221512,16,0,1,4494,5018,500,10542,10208,9625,10750,2.92,5750,3666,16041,5714,2.271,6542,2048,-334
75,635,omega_reduce_r3_o2_n2_multiply_add_zero_epi4_fused_identity_o4__multiply_s0_o3__add_s1_o2__square_root_s2__reciprocal_s3__multiply_s4_o1__multiply_s5_o0,512,8,8,988426120,16,0,1,5399,5411,1208,11625,11334,10792,14042,5.63,5750,3958,9208,5935,2.099,7376,1977,-291
76,663,omega_elementwise_twin_r3_n4_fused_multiply_o0_o1__multiply_o2_o3__subtract_s0_s1_fused_multiply_o0_o3__multiply_o2_o1__add_s0_s1,1024,1,7,4158208,0,0,1,4560,4125,458,6208,6084,5625,6375,3.74,8000,3916,16542,1524,1.334,2168,-2392,-124
77,699,omega_cached_attention_q1_h1_g8_d256_s3f800000_ln511_up0_x4_e1_k1_ds,17408,136,11,3763460,4128,0,1,21107,21536,750,21875,23083,22083,23750,2.04,5708,3958,9542,1976,1.094,19125,-1982,1208
78,699,omega_cached_attention_q1_h1_g8_d256_s3f800000_ln511_up0_x4_e1_k1_ds_merge,8192,8,3,1320448,0,0,1,5351,5393,1000,7292,7458,7125,8125,3.27,26334,3708,43459,2107,1.394,3750,-1601,166
79,701,omega_reduce_r5_o2_n2_multiply_add_zero,12288,192,4,989852544,0,0,1,9452,9560,542,12625,13000,12541,14834,3.77,9250,3958,9458,3548,1.375,9042,-410,375
80,710,omega_reduce_r2_o1_n2_multiply_add_zero_epi5_fused_identity_o5__multiply_s0_o4__add_s1_o3__square_root_s2__reciprocal_s3__multiply_s4_o2__multiply_s5_o1__add_s6_o0,256,1,9,973024104,32,0,1,7125,6982,333,13083,12459,12083,12750,1.45,502875,3791,466125,5334,1.749,8668,1543,-624
81,718,omega_reduce_r2_o1_n2_multiply_add_zero_epi4_fused_identity_o4__multiply_s0_o3__add_s1_o2__square_root_s2__reciprocal_s3__multiply_s4_o1__multiply_s5_o0,256,1,8,977390472,32,0,1,5482,5893,667,11042,10417,9875,10708,1.91,16292,3916,15584,4935,1.900,6501,1019,-625
82,723,omega_reduce_r3_o2_n2_multiply_add_zero,49152,768,4,980735360,0,0,1,19589,19488,250,20708,23833,23292,24208,0.86,10875,4083,24917,4244,1.217,19750,161,3125
83,738,omega_reduce_r3_o2_n2_multiply_add_zero_epi9_fused_identity_o9__multiply_o5_o6__multiply_s1_o4__multiply_s2_o3__add_s3_o2__multiply_s4_o1__tanh_s5__add_s6_o0__multiply_o7_o8__multiply_s7_s8__multiply_s0_s9,49152,768,13,980677264,0,0,1,20827,20577,1125,22166,25334,24875,26000,1.03,10000,4208,10750,4507,1.216,21126,299,3168
84,740,omega_reduce_r3_o2_n2_multiply_add_zero,12288,192,4,986075008,0,0,1,20506,20464,1083,21625,25125,24250,26209,1.95,7417,3958,61083,4619,1.225,21167,661,3500
85,750,omega_reduce_r2_o1_n2_multiply_add_zero_epi5_fused_identity_o5__multiply_s0_o4__add_s1_o3__square_root_s2__reciprocal_s3__multiply_s4_o2__multiply_s5_o1__add_s6_o0,256,1,9,973053800,32,0,1,7125,6982,375,13209,12625,12208,12792,1.60,9958,3875,10750,5500,1.772,8750,1625,-584
86,766,omega_reduce_r3_o2_n2_multiply_add_zero_epi5_fused_identity_o5__identity_o0__multiply_s0_s0__multiply_s0_s2__multiply_s3_o3__add_s0_s4__multiply_s5_o2__tanh_s6__add_s7_o1__multiply_s0_o4__multiply_s8_s9__multiply_s1_s10,2048,32,9,971097232,0,0,1,6250,6274,875,10875,10417,10000,10667,1.65,22125,4166,18875,4167,1.667,6251,1,-458
87,769,omega_reduce_r3_o2_n2_multiply_add_zero,12288,192,4,969916000,0,0,1,5024,5089,458,8083,7667,7167,7792,2.60,10709,3917,11416,2643,1.526,3750,-1274,-416
88,781,omega_reduce_r2_o1_n2_multiply_add_zero_epi6_fused_identity_o6__multiply_s0_o4__add_s1_o3__square_root_s2__reciprocal_s3__multiply_s4_o2__multiply_s5_o1__add_s6_o0__multiply_s7_o5,256,1,10,1940881896,32,0,1,6851,6506,1333,13083,12250,11625,12584,2.05,6416,3750,19083,5399,1.788,8500,1649,-833
89,802,omega_reduce_r2_o1_n2_multiply_add_zero_epi4_fused_identity_o4__multiply_s0_o3__add_s1_o2__square_root_s2__reciprocal_s3__multiply_s4_o1__multiply_s5_o0,256,1,8,971208552,32,0,1,5482,5893,-2542,11333,10708,10083,10833,2.18,6083,3875,11292,5226,1.953,6833,1351,-625
90,804,omega_reduce_r4_o3_n2_multiply_add_zero,32768,512,4,965701472,0,0,1,18220,18143,-125,19459,20958,20333,21416,1.36,6625,4000,46208,2738,1.150,16958,-1262,1499
91,814,omega_reduce_r4_o3_n2_multiply_add_zero,4096,64,4,969667936,0,0,1,6220,6321,2417,9500,10125,9750,10709,2.44,10125,3917,10666,3905,1.628,6208,-12,625
92,822,omega_reduce_r3_o2_n2_multiply_add_zero_epi4_fused_identity_o4__multiply_s0_o3__add_s1_o2__square_root_s2__reciprocal_s3__multiply_s4_o1__multiply_s5_o0,128,1,8,971283304,16,0,1,5577,5643,3583,11875,13084,12541,15208,4.68,41500,3750,16125,7507,2.346,9334,3757,1209
93,828,omega_elementwise_twin_r3_n4_fused_multiply_o0_o1__multiply_o2_o3__add_s0_s1_fused_multiply_o0_o3__multiply_o2_o1__subtract_s0_s1,256,1,7,2258432,0,0,1,3036,2869,667,4792,4917,4500,9000,17.77,9125,3625,9500,1881,1.620,1292,-1744,125
94,830,omega_reduce_r4_o3_n2_multiply_add_zero,4096,64,4,962137440,0,0,1,6220,6321,1292,10000,10208,9791,10666,1.95,5875,4000,17666,3988,1.641,6208,-12,208
95,837,omega_reduce_r3_o2_n2_multiply_add_zero_epi3_fused_identity_o3__multiply_s0_o2__add_s1_o1__square_root_s2__reciprocal_s3__multiply_s4_o0,128,1,7,3294216,16,0,1,4792,4905,2042,10583,11584,10875,12125,2.32,6833,3708,10167,6792,2.418,7876,3084,1001
96,812,omega_reduce_r3_o2_n2_multiply_add_zero_epi4_fused_identity_o4__multiply_s0_o3__add_s1_o2__square_root_s2__reciprocal_s3__multiply_s4_o1__multiply_s5_o0,1024,8,8,964275048,16,0,1,5613,5625,250,12083,11375,10875,11833,2.49,6042,3750,45958,5762,2.027,7625,2012,-708
97,840,omega_elementwise_twin_r3_n4_fused_multiply_o0_o1__multiply_o2_o3__subtract_s0_s1_fused_multiply_o0_o3__multiply_o2_o1__add_s0_s1,2048,2,7,4118784,0,0,1,4679,4768,542,6334,6500,5792,6667,3.62,8042,3750,10375,1821,1.389,2750,-1929,166
98,876,omega_cached_attention_q1_h1_g8_d512_s3f800000_ln9223372036854775808_up0_x4_e1_k1_ds,32768,256,11,7409412,8224,0,1,40940,40423,-3042,42542,49083,46791,50625,2.11,40625,4292,15875,8143,1.199,44791,3851,6541
99,876,omega_cached_attention_q1_h1_g8_d512_s3f800000_ln9223372036854775808_up0_x4_e1_k1_ds_merge,8192,8,3,1582592,0,0,1,7732,7750,792,9542,9875,9500,10375,2.20,9167,3667,10500,2143,1.277,6208,-1524,333
100,878,omega_reduce_r5_o2_n2_multiply_add_zero,12288,192,4,969240416,0,0,1,15798,15125,875,16791,18833,18250,21833,3.76,6250,4000,16000,3035,1.192,14833,-965,2042
101,887,omega_reduce_r2_o1_n2_multiply_add_zero_epi5_fused_identity_o5__multiply_s0_o4__add_s1_o3__square_root_s2__reciprocal_s3__multiply_s4_o2__multiply_s5_o1__add_s6_o0,256,1,9,948594248,32,0,1,7125,6982,500,13084,12625,11833,12916,2.40,9166,3750,10292,5500,1.772,8875,1750,-459
102,895,omega_reduce_r2_o1_n2_multiply_add_zero_epi4_fused_identity_o4__multiply_s0_o3__add_s1_o2__square_root_s2__reciprocal_s3__multiply_s4_o1__multiply_s5_o0,256,1,8,953011048,32,0,1,5482,5893,1250,10750,10417,9917,10792,2.31,7916,3833,47667,4935,1.900,6584,1102,-333
103,900,omega_reduce_r3_o2_n2_multiply_add_zero,49152,768,4,956376672,0,0,1,19589,19488,667,21000,24167,23042,24834,1.97,8042,3917,11125,4578,1.234,20250,661,3167
104,915,omega_reduce_r3_o2_n2_multiply_add_zero_epi9_fused_identity_o9__multiply_o5_o6__multiply_s1_o4__multiply_s2_o3__add_s3_o2__multiply_s4_o1__tanh_s5__add_s6_o0__multiply_o7_o8__multiply_s7_s8__multiply_s0_s9,49152,768,13,956318576,0,0,1,20827,20577,875,22167,25750,24791,26125,1.49,11916,4166,13916,4923,1.236,21584,757,3583
105,917,omega_reduce_r3_o2_n2_multiply_add_zero,12288,192,4,961709920,0,0,1,20506,20464,1292,21625,25250,24875,26042,1.39,12084,3875,10833,4744,1.231,21375,869,3625
106,927,omega_reduce_r2_o1_n2_multiply_add_zero_epi5_fused_identity_o5__multiply_s0_o4__add_s1_o3__square_root_s2__reciprocal_s3__multiply_s4_o2__multiply_s5_o1__add_s6_o0,256,1,9,948681800,32,0,1,7125,6982,250,13541,13000,12334,15167,4.49,11750,3584,13584,5875,1.825,9416,2291,-541
107,943,omega_reduce_r3_o2_n2_multiply_add_zero_epi5_fused_identity_o5__identity_o0__multiply_s0_s0__multiply_s0_s2__multiply_s3_o3__add_s0_s4__multiply_s5_o2__tanh_s6__add_s7_o1__multiply_s0_o4__multiply_s8_s9__multiply_s1_s10,2048,32,9,946732144,0,0,1,6214,6310,42,10834,10791,10333,11167,2.28,8083,4083,9334,4577,1.736,6708,494,-43
108,946,omega_reduce_r3_o2_n2_multiply_add_zero,12288,192,4,945550912,0,0,1,5024,5089,417,8166,7750,7334,8125,2.55,8083,3916,39625,2726,1.543,3834,-1190,-416
109,958,omega_reduce_r2_o1_n2_multiply_add_zero_epi6_fused_identity_o6__multiply_s0_o4__add_s1_o3__square_root_s2__reciprocal_s3__multiply_s4_o2__multiply_s5_o1__add_s6_o0__multiply_s7_o5,256,1,10,1892185000,32,0,1,6851,6506,625,13291,12417,11833,16417,7.58,5334,3750,12167,5566,1.812,8667,1816,-874
110,979,omega_reduce_r2_o1_n2_multiply_add_zero_epi4_fused_identity_o4__multiply_s0_o3__add_s1_o2__square_root_s2__reciprocal_s3__multiply_s4_o1__multiply_s5_o0,256,1,8,947173704,32,0,1,5482,5893,625,10875,10417,9834,10875,3.27,7875,3875,15291,4935,1.900,6542,1060,-458
111,981,omega_reduce_r4_o3_n2_multiply_add_zero,16384,256,4,943336256,0,0,1,10667,10667,3417,13458,13917,13292,14167,1.77,8000,3959,12375,3250,1.305,9958,-709,459
112,991,omega_reduce_r4_o3_n2_multiply_add_zero,2048,32,4,945319232,0,0,1,5750,5738,625,9791,9833,9250,10458,3.12,9292,3833,15875,4083,1.710,6000,250,42
113,999,omega_reduce_r3_o2_n2_multiply_add_zero_epi4_fused_identity_o4__multiply_s0_o3__add_s1_o2__square_root_s2__reciprocal_s3__multiply_s4_o1__multiply_s5_o0,64,1,8,947166024,16,0,1,5500,5131,875,12041,13000,12250,13542,2.96,8042,3750,8667,7500,2.364,9250,3750,959
114,1005,omega_elementwise_twin_r3_n4_fused_multiply_o0_o1__multiply_o2_o3__add_s0_s1_fused_multiply_o0_o3__multiply_o2_o1__subtract_s0_s1,128,1,7,2164224,0,0,1,2810,2810,708,4833,4750,4334,5125,5.49,10250,3709,40666,1940,1.691,1041,-1769,-83
115,1007,omega_reduce_r4_o3_n2_multiply_add_zero,2048,32,4,941550912,0,0,1,5750,5738,1042,9750,9584,9375,10375,3.15,5250,3834,12166,3834,1.667,5750,-0,-166
116,1014,omega_reduce_r3_o2_n2_multiply_add_zero_epi3_fused_identity_o3__multiply_s0_o2__add_s1_o1__square_root_s2__reciprocal_s3__multiply_s4_o0,64,1,7,3221512,16,0,1,4494,5018,1250,10542,11542,10833,11959,3.22,7959,3750,14959,7048,2.568,7792,3298,1000
117,989,omega_reduce_r3_o2_n2_multiply_add_zero_epi4_fused_identity_o4__multiply_s0_o3__add_s1_o2__square_root_s2__reciprocal_s3__multiply_s4_o1__multiply_s5_o0,512,8,8,943679304,16,0,1,5399,5411,500,11625,11125,10708,11500,2.32,8167,3833,12083,5726,2.061,7292,1893,-500
118,1017,omega_elementwise_twin_r3_n4_fused_multiply_o0_o1__multiply_o2_o3__subtract_s0_s1_fused_multiply_o0_o3__multiply_o2_o1__add_s0_s1,1024,1,7,4158208,0,0,1,4560,4125,-42,6167,5959,5542,6416,3.99,7958,3750,14875,1399,1.307,2209,-2351,-208
119,1053,omega_cached_attention_q1_h1_g8_d256_s3f800000_ln511_up0_x4_e1_k1_ds,17408,136,11,3763460,4128,0,1,21107,21536,875,21875,23750,23000,28583,5.04,5416,4125,8834,2643,1.125,19625,-1482,1875
120,1053,omega_cached_attention_q1_h1_g8_d256_s3f800000_ln511_up0_x4_e1_k1_ds_merge,8192,8,3,1320448,0,0,1,5351,5393,1708,7334,7667,7250,7958,2.54,9125,3750,43042,2316,1.433,3917,-1434,333
121,1055,omega_reduce_r5_o2_n2_multiply_add_zero,12288,192,4,945105728,0,0,1,9452,9560,83,12542,12833,12458,15583,6.15,5417,3875,12208,3381,1.358,8958,-494,291
122,1064,omega_reduce_r2_o1_n2_multiply_add_zero_epi5_fused_identity_o5__multiply_s0_o4__add_s1_o3__square_root_s2__reciprocal_s3__multiply_s4_o2__multiply_s5_o1__add_s6_o0,256,1,9,928277288,32,0,1,7125,6982,625,13209,12583,12084,13125,2.68,8459,3708,15833,5458,1.766,8875,1750,-626
123,1072,omega_reduce_r2_o1_n2_multiply_add_zero_epi4_fused_identity_o4__multiply_s0_o3__add_s1_o2__square_root_s2__reciprocal_s3__multiply_s4_o1__multiply_s5_o0,256,1,8,932643656,32,0,1,5482,5893,458,10875,10458,10041,13334,6.50,9167,3916,10666,4976,1.908,6542,1060,-417
124,1077,omega_reduce_r3_o2_n2_multiply_add_zero,49152,768,4,935988544,0,0,1,19589,19488,750,20750,23958,23250,24792,1.62,7959,4042,17041,4369,1.223,19916,327,3208
125,1092,omega_reduce_r3_o2_n2_multiply_add_zero_epi9_fused_identity_o9__multiply_o5_o6__multiply_s1_o4__multiply_s2_o3__add_s3_o2__multiply_s4_o1__tanh_s5__add_s6_o0__multiply_o7_o8__multiply_s7_s8__multiply_s0_s9,49152,768,13,935930448,0,0,1,20827,20577,333,22000,25334,24584,26125,1.60,12000,4083,12208,4507,1.216,21251,424,3334
126,1094,omega_reduce_r3_o2_n2_multiply_add_zero,12288,192,4,941328192,0,0,1,20506,20464,1042,21667,25125,24417,26125,1.86,9416,3917,39709,4619,1.225,21208,702,3458
127,1104,omega_reduce_r2_o1_n2_multiply_add_zero_epi5_fused_identity_o5__multiply_s0_o4__add_s1_o3__square_root_s2__reciprocal_s3__multiply_s4_o2__multiply_s5_o1__add_s6_o0,256,1,9,928306984,32,0,1,7125,6982,125,13125,12583,12167,13083,1.90,12000,3833,9541,5458,1.766,8750,1625,-542
128,1120,omega_reduce_r3_o2_n2_multiply_add_zero_epi5_fused_identity_o5__identity_o0__multiply_s0_s0__multiply_s0_s2__multiply_s3_o3__add_s0_s4__multiply_s5_o2__tanh_s6__add_s7_o1__multiply_s0_o4__multiply_s8_s9__multiply_s1_s10,2048,32,9,926350416,0,0,1,6399,6274,583,10792,10417,10000,11209,3.50,8000,4042,14833,4018,1.628,6375,-24,-375
129,1123,omega_reduce_r3_o2_n2_multiply_add_zero,12288,192,4,925169184,0,0,1,5024,5089,958,8125,7750,7208,8209,4.37,7917,3917,5500,2726,1.543,3833,-1191,-375
130,1135,omega_reduce_r2_o1_n2_multiply_add_zero_epi6_fused_identity_o6__multiply_s0_o4__add_s1_o3__square_root_s2__reciprocal_s3__multiply_s4_o2__multiply_s5_o1__add_s6_o0__multiply_s7_o5,256,1,10,1851421544,32,0,1,6851,6506,292,13167,12416,11791,13000,3.19,5250,3750,13666,5565,1.812,8666,1815,-751
131,1156,omega_reduce_r2_o1_n2_multiply_add_zero_epi4_fused_identity_o4__multiply_s0_o3__add_s1_o2__square_root_s2__reciprocal_s3__multiply_s4_o1__multiply_s5_o0,256,1,8,926791976,32,0,1,5482,5893,458,10917,10166,9792,10584,2.63,7916,3750,9250,4684,1.854,6416,934,-751
132,1158,omega_reduce_r4_o3_n2_multiply_add_zero,16384,256,4,922954528,0,0,1,10667,10667,500,13167,13708,13166,15458,3.69,8000,3958,40084,3041,1.285,9750,-917,541
133,1168,omega_reduce_r4_o3_n2_multiply_add_zero,2048,32,4,924937504,0,0,1,5750,5738,1250,9792,9792,9291,10292,2.95,10500,3875,10750,4042,1.703,5917,167,0
134,1176,omega_reduce_r3_o2_n2_multiply_add_zero_epi4_fused_identity_o4__multiply_s0_o3__add_s1_o2__square_root_s2__reciprocal_s3__multiply_s4_o1__multiply_s5_o0,64,1,8,926784296,16,0,1,5500,5131,708,11917,11208,10875,11792,2.33,15583,3750,13667,5708,2.038,7458,1958,-709
135,1182,omega_elementwise_twin_r3_n4_fused_multiply_o0_o1__multiply_o2_o3__add_s0_s1_fused_multiply_o0_o3__multiply_o2_o1__subtract_s0_s1,128,1,7,2164224,0,0,1,2810,2810,1000,4708,4375,4250,8792,20.78,9083,3625,12583,1565,1.557,750,-2060,-333
136,1184,omega_reduce_r4_o3_n2_multiply_add_zero,2048,32,4,921169184,0,0,1,5750,5738,542,9792,10000,9541,10792,3.57,5334,3875,14584,4250,1.739,6125,375,208
137,1191,omega_reduce_r3_o2_n2_multiply_add_zero_epi3_fused_identity_o3__multiply_s0_o2__add_s1_o1__square_root_s2__reciprocal_s3__multiply_s4_o0,64,1,7,3221512,16,0,1,4494,5018,1250,10458,10625,9958,13875,7.34,5291,3625,12709,6131,2.364,7000,2506,167
138,1166,omega_reduce_r3_o2_n2_multiply_add_zero_epi4_fused_identity_o4__multiply_s0_o3__add_s1_o2__square_root_s2__reciprocal_s3__multiply_s4_o1__multiply_s5_o0,512,8,8,923297576,16,0,1,5399,5411,667,11750,11125,10583,11500,1.95,6417,3667,44000,5726,2.061,7458,2059,-625
139,1194,omega_elementwise_twin_r3_n4_fused_multiply_o0_o1__multiply_o2_o3__subtract_s0_s1_fused_multiply_o0_o3__multiply_o2_o1__add_s0_s1,1024,1,7,4158208,0,0,1,4560,4125,375,6167,6083,5583,6459,4.47,8041,3709,12333,1523,1.334,2374,-2186,-84
140,1230,omega_cached_attention_q1_h1_g8_d256_s3f800000_ln511_up0_x4_e1_k1_ds,17408,136,11,3763460,4128,0,1,21107,21536,708,22042,22625,22125,23500,2.06,45334,4042,14834,1518,1.072,18583,-2524,583
141,1230,omega_cached_attention_q1_h1_g8_d256_s3f800000_ln511_up0_x4_e1_k1_ds_merge,8192,8,3,1320448,0,0,1,5351,5393,1208,7416,7417,7083,7792,2.69,9209,3750,12208,2066,1.386,3667,-1684,1
142,1232,omega_reduce_r5_o2_n2_multiply_add_zero,12288,192,4,924724000,0,0,1,9452,9560,500,12625,13041,12459,16875,8.46,5541,4042,14209,3589,1.380,8999,-453,416
143,1241,omega_reduce_r2_o1_n2_multiply_add_zero_epi5_fused_identity_o5__multiply_s0_o4__add_s1_o3__square_root_s2__reciprocal_s3__multiply_s4_o2__multiply_s5_o1__add_s6_o0,256,1,9,907895560,32,0,1,7125,6982,583,13375,12875,12291,13291,2.32,8042,3959,11209,5750,1.807,8916,1791,-500
144,1249,omega_reduce_r2_o1_n2_multiply_add_zero_epi4_fused_identity_o4__multiply_s0_o3__add_s1_o2__square_root_s2__reciprocal_s3__multiply_s4_o1__multiply_s5_o0,256,1,8,912261928,32,0,1,5482,5893,792,10959,10416,9875,10917,2.39,9167,3833,40417,4934,1.900,6583,1101,-543
145,1254,omega_reduce_r3_o2_n2_multiply_add_zero,49152,768,4,915606816,0,0,1,19589,19488,-3250,20791,23917,23291,24709,1.58,8041,4167,11459,4328,1.221,19750,161,3126
146,1269,omega_reduce_r3_o2_n2_multiply_add_zero_epi9_fused_identity_o9__multiply_o5_o6__multiply_s1_o4__multiply_s2_o3__add_s3_o2__multiply_s4_o1__tanh_s5__add_s6_o0__multiply_o7_o8__multiply_s7_s8__multiply_s0_s9,49152,768,13,915548720,0,0,1,20827,20577,750,22292,25166,24333,28583,3.49,9584,4333,15958,4339,1.208,20833,6,2874
147,1271,omega_reduce_r3_o2_n2_multiply_add_zero,12288,192,4,920946464,0,0,1,20506,20464,500,21542,24958,24209,25584,1.76,9209,4041,8166,4452,1.217,20917,411,3416
148,1281,omega_reduce_r2_o1_n2_multiply_add_zero_epi5_fused_identity_o5__multiply_s0_o4__add_s1_o3__square_root_s2__reciprocal_s3__multiply_s4_o2__multiply_s5_o1__add_s6_o0,256,1,9,907925256,32,0,1,7125,6982,292,13125,12375,12125,12833,1.50,8167,3916,12875,5250,1.737,8459,1334,-750
149,1297,omega_reduce_r3_o2_n2_multiply_add_zero_epi5_fused_identity_o5__identity_o0__multiply_s0_s0__multiply_s0_s2__multiply_s3_o3__add_s0_s4__multiply_s5_o2__tanh_s6__add_s7_o1__multiply_s0_o4__multiply_s8_s9__multiply_s1_s10,2048,32,9,905968688,0,0,1,6238,6339,-42,10750,10583,10125,11334,2.89,5625,4083,9000,4345,1.697,6500,262,-167
150,1300,omega_reduce_r3_o2_n2_multiply_add_zero,12288,192,4,904787456,0,0,1,5024,5089,375,8083,7750,7416,8292,3.02,7958,3958,39167,2726,1.543,3792,-1232,-333
151,1312,omega_reduce_r2_o1_n2_multiply_add_zero_epi6_fused_identity_o6__multiply_s0_o4__add_s1_o3__square_root_s2__reciprocal_s3__multiply_s4_o2__multiply_s5_o1__add_s6_o0__multiply_s7_o5,256,1,10,1810658088,32,0,1,6851,6506,667,13125,12333,11750,12958,3.17,5459,3708,12125,5482,1.800,8625,1774,-792
152,1333,omega_reduce_r2_o1_n2_multiply_add_zero_epi4_fused_identity_o4__multiply_s0_o3__add_s1_o2__square_root_s2__reciprocal_s3__multiply_s4_o1__multiply_s5_o0,256,1,8,906410248,32,0,1,5482,5893,375,10917,10709,9917,11208,3.48,7916,3958,16083,5227,1.953,6751,1269,-208
153,1335,omega_reduce_r4_o3_n2_multiply_add_zero,16384,256,4,902572800,0,0,1,10667,10667,292,13208,13708,13041,14167,1.98,7875,4000,12875,3041,1.285,9708,-959,500
154,1345,omega_reduce_r4_o3_n2_multiply_add_zero,2048,32,4,904555776,0,0,1,5750,5738,292,9792,9500,9208,10208,3.29,8042,3875,15250,3750,1.652,5625,-125,-292
155,1353,omega_reduce_r3_o2_n2_multiply_add_zero_epi4_fused_identity_o4__multiply_s0_o3__add_s1_o2__square_root_s2__reciprocal_s3__multiply_s4_o1__multiply_s5_o0,64,1,8,906402568,16,0,1,5500,5131,875,12000,12167,11459,15042,6.18,8042,3667,12458,6667,2.212,8500,3000,167
156,1359,omega_elementwise_twin_r3_n4_fused_multiply_o0_o1__multiply_o2_o3__add_s0_s1_fused_multiply_o0_o3__multiply_o2_o1__subtract_s0_s1,128,1,7,2164224,0,0,1,2810,2810,666,4750,4625,4500,5083,3.52,8166,3750,41208,1815,1.646,875,-1935,-125
157,1361,omega_reduce_r4_o3_n2_multiply_add_zero,2048,32,4,900787456,0,0,1,5750,5738,958,9750,9541,9250,10208,2.68,5166,3833,10875,3791,1.659,5708,-42,-209
158,1368,omega_reduce_r3_o2_n2_multiply_add_zero_epi3_fused_identity_o3__multiply_s0_o2__add_s1_o1__square_root_s2__reciprocal_s3__multiply_s4_o0,64,1,7,3221512,16,0,1,4494,5018,1250,10584,11000,10792,13125,4.68,38834,3625,14458,6506,2.448,7375,2881,416
159,1343,omega_reduce_r3_o2_n2_multiply_add_zero_epi4_fused_identity_o4__multiply_s0_o3__add_s1_o2__square_root_s2__reciprocal_s3__multiply_s4_o1__multiply_s5_o0,512,8,8,902915848,16,0,1,5399,5411,583,11750,10958,10750,11292,1.59,8125,3833,5542,5559,2.030,7125,1726,-792
160,1371,omega_elementwise_twin_r3_n4_fused_multiply_o0_o1__multiply_o2_o3__subtract_s0_s1_fused_multiply_o0_o3__multiply_o2_o1__add_s0_s1,1024,1,7,4158208,0,0,1,4560,4125,333,6166,5792,5542,6042,2.44,489458,3792,452709,1232,1.270,2000,-2560,-374
161,1407,omega_cached_attention_q1_h1_g8_d256_s3f800000_ln511_up0_x4_e1_k1_ds,17408,136,11,3763460,4128,0,1,21107,21536,4167,22042,22583,22250,23417,1.89,16791,4125,14875,1476,1.070,18458,-2649,541
162,1407,omega_cached_attention_q1_h1_g8_d256_s3f800000_ln511_up0_x4_e1_k1_ds_merge,8192,8,3,1320448,0,0,1,5351,5393,1958,7334,7167,7000,7542,2.04,11292,3666,24375,1816,1.339,3501,-1850,-167
163,1409,omega_reduce_r5_o2_n2_multiply_add_zero,12288,192,4,904342272,0,0,1,9452,9560,958,12458,12667,12333,13208,1.79,6584,3917,11167,3215,1.340,8750,-702,209
164,1418,omega_reduce_r2_o1_n2_multiply_add_zero_epi5_fused_identity_o5__multiply_s0_o4__add_s1_o3__square_root_s2__reciprocal_s3__multiply_s4_o2__multiply_s5_o1__add_s6_o0,256,1,9,887513832,32,0,1,7125,6982,375,13375,12375,12042,12917,1.64,6625,3833,23459,5250,1.737,8542,1417,-1000
165,1426,omega_reduce_r2_o1_n2_multiply_add_zero_epi4_fused_identity_o4__multiply_s0_o3__add_s1_o2__square_root_s2__reciprocal_s3__multiply_s4_o1__multiply_s5_o0,256,1,8,891880200,32,0,1,5482,5893,667,10792,9959,9750,10625,2.89,6834,3875,9917,4477,1.817,6084,602,-833
166,1431,omega_reduce_r3_o2_n2_multiply_add_zero,49152,768,4,895225088,0,0,1,19589,19488,-2458,20833,23500,23083,24125,1.31,65417,4000,62208,3911,1.200,19500,-89,2667
167,1446,omega_reduce_r3_o2_n2_multiply_add_zero_epi9_fused_identity_o9__multiply_o5_o6__multiply_s1_o4__multiply_s2_o3__add_s3_o2__multiply_s4_o1__tanh_s5__add_s6_o0__multiply_o7_o8__multiply_s7_s8__multiply_s0_s9,49152,768,13,895166992,0,0,1,20827,20577,375,22125,24833,24166,26542,1.89,10292,4208,9583,4006,1.192,20625,-202,2708
168,1448,omega_reduce_r3_o2_n2_multiply_add_zero,12288,192,4,900564736,0,0,1,20506,20464,792,21667,24750,23958,25584,1.76,10542,3959,19125,4244,1.207,20791,285,3083
169,1458,omega_reduce_r2_o1_n2_multiply_add_zero_epi5_fused_identity_o5__multiply_s0_o4__add_s1_o3__square_root_s2__reciprocal_s3__multiply_s4_o2__multiply_s5_o1__add_s6_o0,256,1,9,887543528,32,0,1,7125,6982,542,13583,12583,12167,12875,1.69,9375,3958,10708,5458,1.766,8625,1500,-1000
170,1474,omega_reduce_r3_o2_n2_multiply_add_zero_epi5_fused_identity_o5__identity_o0__multiply_s0_s0__multiply_s0_s2__multiply_s3_o3__add_s0_s4__multiply_s5_o2__tanh_s6__add_s7_o1__multiply_s0_o4__multiply_s8_s9__multiply_s1_s10,2048,32,9,885586960,0,0,1,6262,6310,458,10792,10542,9958,13750,7.13,5917,4125,19375,4280,1.684,6417,155,-250
171,1477,omega_reduce_r3_o2_n2_multiply_add_zero,12288,192,4,884405728,0,0,1,5024,5089,500,8125,7667,7166,8417,4.08,5750,3875,9584,2643,1.526,3792,-1232,-458
172,1489,omega_reduce_r2_o1_n2_multiply_add_zero_epi6_fused_identity_o6__multiply_s0_o4__add_s1_o3__square_root_s2__reciprocal_s3__multiply_s4_o2__multiply_s5_o1__add_s6_o0__multiply_s7_o5,256,1,10,1769894632,32,0,1,6851,6506,625,13167,12292,11625,12833,2.90,7000,3750,45041,5441,1.794,8542,1691,-875
173,1510,omega_reduce_r2_o1_n2_multiply_add_zero_epi4_fused_identity_o4__multiply_s0_o3__add_s1_o2__square_root_s2__reciprocal_s3__multiply_s4_o1__multiply_s5_o0,256,1,8,886028520,32,0,1,5482,5893,1792,11083,10375,9833,10959,2.87,5708,3750,7250,4893,1.893,6625,1143,-708
174,1512,omega_reduce_r4_o3_n2_multiply_add_zero,16384,256,4,882191072,0,0,1,10667,10667,125,13208,13667,13125,14333,2.13,7875,4042,17791,3000,1.281,9625,-1042,459
175,1522,omega_reduce_r4_o3_n2_multiply_add_zero,2048,32,4,884174048,0,0,1,5750,5738,500,9791,9959,9542,10333,2.43,7959,3958,9083,4209,1.732,6001,251,168
176,1530,omega_reduce_r3_o2_n2_multiply_add_zero_epi4_fused_identity_o4__multiply_s0_o3__add_s1_o2__square_root_s2__reciprocal_s3__multiply_s4_o1__multiply_s5_o0,64,1,8,886020840,16,0,1,5500,5131,0,12000,11500,10583,11875,2.91,8167,3666,18750,6000,2.091,7834,2334,-500
177,1536,omega_elementwise_twin_r3_n4_fused_multiply_o0_o1__multiply_o2_o3__add_s0_s1_fused_multiply_o0_o3__multiply_o2_o1__subtract_s0_s1,128,1,7,2164224,0,0,1,2810,2810,667,4708,4958,4459,5292,4.61,8000,3667,10083,2148,1.765,1291,-1519,250
178,1538,omega_reduce_r4_o3_n2_multiply_add_zero,2048,32,4,880405728,0,0,1,5750,5738,1000,9792,9875,9250,10792,4.19,38708,3958,46042,4125,1.717,5917,167,83
179,1545,omega_reduce_r3_o2_n2_multiply_add_zero_epi3_fused_identity_o3__multiply_s0_o2__add_s1_o1__square_root_s2__reciprocal_s3__multiply_s4_o0,64,1,7,3221512,16,0,1,4494,5018,1250,10583,10167,9583,10708,3.15,9334,3708,9375,5673,2.262,6459,1965,-416
180,1520,omega_reduce_r3_o2_n2_multiply_add_zero_epi4_fused_identity_o4__multiply_s0_o3__add_s1_o2__square_root_s2__reciprocal_s3__multiply_s4_o1__multiply_s5_o0,512,8,8,882534120,16,0,1,5399,5411,2000,11709,11041,10709,11750,2.66,7916,3667,16667,5642,2.045,7374,1975,-668
181,1548,omega_elementwise_twin_r3_n4_fused_multiply_o0_o1__multiply_o2_o3__subtract_s0_s1_fused_multiply_o0_o3__multiply_o2_o1__add_s0_s1,1024,1,7,4158208,0,0,1,4560,4125,375,6167,6000,5542,6458,3.74,7084,3625,6083,1440,1.316,2375,-2185,-167
182,1584,omega_cached_attention_q1_h1_g8_d256_s3f800000_ln511_up0_x4_e1_k1_ds,17408,136,11,3763460,4128,0,1,21107,21536,542,22166,23000,22250,23792,1.85,5208,4042,16209,1893,1.090,18958,-2149,834
183,1584,omega_cached_attention_q1_h1_g8_d256_s3f800000_ln511_up0_x4_e1_k1_ds_merge,8192,8,3,1320448,0,0,1,5351,5393,-2500,7417,7416,7000,8000,3.16,10250,3500,6416,2065,1.386,3916,-1435,-1
184,1586,omega_reduce_r5_o2_n2_multiply_add_zero,12288,192,4,883960544,0,0,1,9452,9560,3083,12542,13000,12583,17375,9.82,9667,3958,46125,3548,1.375,9042,-410,458
185,1595,omega_reduce_r2_o1_n2_multiply_add_zero_epi5_fused_identity_o5__multiply_s0_o4__add_s1_o3__square_root_s2__reciprocal_s3__multiply_s4_o2__multiply_s5_o1__add_s6_o0,256,1,9,867132104,32,0,1,7125,6982,875,13250,12625,12208,13000,1.80,9250,3750,9500,5500,1.772,8875,1750,-625
186,1603,omega_reduce_r2_o1_n2_multiply_add_zero_epi4_fused_identity_o4__multiply_s0_o3__add_s1_o2__square_root_s2__reciprocal_s3__multiply_s4_o1__multiply_s5_o0,256,1,8,871498472,32,0,1,5482,5893,750,10917,10208,9833,10875,2.65,7916,3750,14458,4726,1.862,6458,976,-709
187,1608,omega_reduce_r3_o2_n2_multiply_add_zero,49152,768,4,874843360,0,0,1,19589,19488,625,20875,23750,22958,24875,1.95,8042,3959,6500,4161,1.212,19791,202,2875
188,1623,omega_reduce_r3_o2_n2_multiply_add_zero_epi9_fused_identity_o9__multiply_o5_o6__multiply_s1_o4__multiply_s2_o3__add_s3_o2__multiply_s4_o1__tanh_s5__add_s6_o0__multiply_o7_o8__multiply_s7_s8__multiply_s0_s9,49152,768,13,874785264,0,0,1,20827,20577,792,22083,25292,24709,27792,2.63,9334,4167,16750,4465,1.214,21125,298,3209
189,1625,omega_reduce_r3_o2_n2_multiply_add_zero,12288,192,4,880183008,0,0,1,20506,20464,1083,21625,25208,24250,26416,1.91,9542,3792,10625,4702,1.229,21416,910,3583
190,1635,omega_reduce_r2_o1_n2_multiply_add_zero_epi5_fused_identity_o5__multiply_s0_o4__add_s1_o3__square_root_s2__reciprocal_s3__multiply_s4_o2__multiply_s5_o1__add_s6_o0,256,1,9,867161800,32,0,1,7125,6982,333,13125,12583,12125,13416,2.56,9375,3791,40583,5458,1.766,8792,1667,-542
191,1651,omega_reduce_r3_o2_n2_multiply_add_zero_epi5_fused_identity_o5__identity_o0__multiply_s0_s0__multiply_s0_s2__multiply_s3_o3__add_s0_s4__multiply_s5_o2__tanh_s6__add_s7_o1__multiply_s0_o4__multiply_s8_s9__multiply_s1_s10,2048,32,9,865205232,0,0,1,6286,6268,1250,10750,10625,10125,12875,5.40,7958,3917,9500,4339,1.690,6708,422,-125
192,1654,omega_reduce_r3_o2_n2_multiply_add_zero,12288,192,4,864024000,0,0,1,5024,5089,292,8125,7792,7333,10334,7.24,8083,3875,15125,2768,1.551,3917,-1107,-333
193,1666,omega_reduce_r2_o1_n2_multiply_add_zero_epi6_fused_identity_o6__multiply_s0_o4__add_s1_o3__square_root_s2__reciprocal_s3__multiply_s4_o2__multiply_s5_o1__add_s6_o0__multiply_s7_o5,256,1,10,1729097896,32,0,1,6851,6506,1083,13208,12542,12083,13458,3.19,5375,3875,5500,5691,1.831,8667,1816,-666
194,1687,omega_reduce_r2_o1_n2_multiply_add_zero_epi4_fused_identity_o4__multiply_s0_o3__add_s1_o2__square_root_s2__reciprocal_s3__multiply_s4_o1__multiply_s5_o0,256,1,8,865316552,32,0,1,5482,5893,625,10958,10625,10167,10917,1.97,8041,3792,16792,5143,1.938,6833,1351,-333
195,1689,omega_reduce_r4_o3_n2_multiply_add_zero,32768,512,4,859809472,0,0,1,18220,18143,-167,19458,20875,20542,22667,2.14,8167,3958,8209,2655,1.146,16917,-1303,1417
196,1699,omega_reduce_r4_o3_n2_multiply_add_zero,4096,64,4,863775936,0,0,1,6220,6321,1208,10000,10208,9625,14125,9.04,12042,3875,40416,3988,1.641,6333,113,208
197,1707,omega_reduce_r3_o2_n2_multiply_add_zero_epi4_fused_identity_o4__multiply_s0_o3__add_s1_o2__square_root_s2__reciprocal_s3__multiply_s4_o1__multiply_s5_o0,128,1,8,865391304,16,0,1,5577,5643,833,12000,13125,12541,15250,4.55,8042,3792,9542,7548,2.353,9333,3756,1125
198,1713,omega_elementwise_twin_r3_n4_fused_multiply_o0_o1__multiply_o2_o3__add_s0_s1_fused_multiply_o0_o3__multiply_o2_o1__subtract_s0_s1,256,1,7,2258432,0,0,1,3036,2869,667,4667,4959,4583,5459,4.88,8417,3833,16458,1923,1.634,1126,-1910,292
199,1715,omega_reduce_r4_o3_n2_multiply_add_zero,4096,64,4,856245440,0,0,1,6220,6321,667,9916,10166,9667,10625,2.25,5292,3959,5500,3946,1.634,6207,-13,250
200,1722,omega_reduce_r3_o2_n2_multiply_add_zero_epi3_fused_identity_o3__multiply_s0_o2__add_s1_o1__square_root_s2__reciprocal_s3__multiply_s4_o0,128,1,7,3294216,16,0,1,4792,4905,1250,10500,11791,11166,12250,2.35,7958,3792,16041,6999,2.461,7999,3207,1291
201,1697,omega_reduce_r3_o2_n2_multiply_add_zero_epi4_fused_identity_o4__multiply_s0_o3__add_s1_o2__square_root_s2__reciprocal_s3__multiply_s4_o1__multiply_s5_o0,1024,8,8,858383048,16,0,1,5613,5625,333,11833,11583,10958,11958,2.39,7958,3875,5375,5970,2.064,7708,2095,-250
202,1725,omega_elementwise_twin_r3_n4_fused_multiply_o0_o1__multiply_o2_o3__subtract_s0_s1_fused_multiply_o0_o3__multiply_o2_o1__add_s0_s1,2048,2,7,4118784,0,0,1,4679,4768,583,6250,6125,5958,10166,14.01,41583,3875,43709,1446,1.309,2250,-2429,-125
203,1761,omega_cached_attention_q1_h1_g8_d512_s3f800000_ln9223372036854775808_up0_x4_e1_k1_ds,32768,256,11,7409412,8224,0,1,40940,40423,-417,42500,48917,45625,56541,5.50,9333,4292,9750,7977,1.195,44625,3685,6417
204,1761,omega_cached_attention_q1_h1_g8_d512_s3f800000_ln9223372036854775808_up0_x4_e1_k1_ds_merge,8192,8,3,1582592,0,0,1,7732,7750,-2417,9041,10250,9708,10542,2.32,9416,3708,16666,2518,1.326,6542,-1190,1209
205,1763,omega_reduce_r5_o2_n2_multiply_add_zero,12288,192,4,863348416,0,0,1,15798,15125,3458,16625,19083,18417,20500,2.47,7500,3917,7958,3285,1.208,15166,-632,2458
206,1772,omega_reduce_r2_o1_n2_multiply_add_zero_epi5_fused_identity_o5__multiply_s0_o4__add_s1_o3__square_root_s2__reciprocal_s3__multiply_s4_o2__multiply_s5_o1__add_s6_o0,256,1,9,842702248,32,0,1,7125,6982,667,12541,12542,11833,15500,5.94,9334,3875,17167,5417,1.760,8667,1542,1
207,1780,omega_reduce_r2_o1_n2_multiply_add_zero_epi4_fused_identity_o4__multiply_s0_o3__add_s1_o2__square_root_s2__reciprocal_s3__multiply_s4_o1__multiply_s5_o0,256,1,8,847119048,32,0,1,5482,5893,375,10250,10375,9958,10708,1.82,6667,3833,5542,4893,1.893,6542,1060,125
208,1785,omega_reduce_r3_o2_n2_multiply_add_zero,49152,768,4,850484672,0,0,1,19589,19488,625,20792,23875,23166,26292,2.66,7458,4042,41667,4286,1.219,19833,244,3083
209,1800,omega_reduce_r3_o2_n2_multiply_add_zero_epi9_fused_identity_o9__multiply_o5_o6__multiply_s1_o4__multiply_s2_o3__add_s3_o2__multiply_s4_o1__tanh_s5__add_s6_o0__multiply_o7_o8__multiply_s7_s8__multiply_s0_s9,49152,768,13,850426576,0,0,1,20827,20577,583,22042,25667,24917,27750,2.31,9458,4250,9417,4840,1.232,21417,590,3625
210,1802,omega_reduce_r3_o2_n2_multiply_add_zero,12288,192,4,855817920,0,0,1,20506,20464,625,21584,25792,24209,28208,3.51,9541,3958,13625,5286,1.258,21834,1328,4208
211,1812,omega_reduce_r2_o1_n2_multiply_add_zero_epi5_fused_identity_o5__multiply_s0_o4__add_s1_o3__square_root_s2__reciprocal_s3__multiply_s4_o2__multiply_s5_o1__add_s6_o0,256,1,9,842789800,32,0,1,7125,6982,42,12708,12667,12250,12958,1.51,10917,3917,5542,5542,1.778,8750,1625,-41
212,1828,omega_reduce_r3_o2_n2_multiply_add_zero_epi5_fused_identity_o5__identity_o0__multiply_s0_s0__multiply_s0_s2__multiply_s3_o3__add_s0_s4__multiply_s5_o2__tanh_s6__add_s7_o1__multiply_s0_o4__multiply_s8_s9__multiply_s1_s10,2048,32,9,840840144,0,0,1,6244,6369,292,10291,10709,10083,11458,3.58,8041,4000,17291,4465,1.715,6709,465,418
213,1831,omega_reduce_r3_o2_n2_multiply_add_zero,12288,192,4,839658912,0,0,1,5024,5089,375,7667,7750,7208,8042,2.77,8000,3833,12208,2726,1.543,3917,-1107,83
214,1843,omega_reduce_r2_o1_n2_multiply_add_zero_epi6_fused_identity_o6__multiply_s0_o4__add_s1_o3__square_root_s2__reciprocal_s3__multiply_s4_o2__multiply_s5_o1__add_s6_o0__multiply_s7_o5,256,1,10,1680401000,32,0,1,6851,6506,458,12417,12375,11667,15375,6.32,5292,3750,39917,5524,1.806,8625,1774,-42
215,1864,omega_reduce_r2_o1_n2_multiply_add_zero_epi4_fused_identity_o4__multiply_s0_o3__add_s1_o2__square_root_s2__reciprocal_s3__multiply_s4_o1__multiply_s5_o0,256,1,8,841281704,32,0,1,5482,5893,625,10583,10333,9708,10792,3.22,7959,3750,8292,4851,1.885,6583,1101,-250
216,1866,omega_reduce_r4_o3_n2_multiply_add_zero,16384,256,4,837444256,0,0,1,10667,10667,333,12791,13875,13208,14458,1.96,8125,3875,16208,3208,1.301,10000,-667,1084
217,1876,omega_reduce_r4_o3_n2_multiply_add_zero,2048,32,4,839427232,0,0,1,5750,5738,500,9458,9625,9291,9875,2.11,9375,3875,5500,3875,1.674,5750,-0,167
218,1884,omega_reduce_r3_o2_n2_multiply_add_zero_epi4_fused_identity_o4__multiply_s0_o3__add_s1_o2__square_root_s2__reciprocal_s3__multiply_s4_o1__multiply_s5_o0,64,1,8,841274024,16,0,1,5500,5131,4333,11417,12041,11500,13834,5.41,8041,3584,17125,6541,2.189,8457,2957,624
219,1890,omega_elementwise_twin_r3_n4_fused_multiply_o0_o1__multiply_o2_o3__add_s0_s1_fused_multiply_o0_o3__multiply_o2_o1__subtract_s0_s1,128,1,7,2164224,0,0,1,2810,2810,625,4542,4916,4541,5625,5.54,7958,3750,5458,2106,1.750,1166,-1644,374
220,1892,omega_reduce_r4_o3_n2_multiply_add_zero,2048,32,4,835658912,0,0,1,5750,5738,292,9792,9875,9458,10250,2.24,5250,3875,52584,4125,1.717,6000,250,83
221,1899,omega_reduce_r3_o2_n2_multiply_add_zero_epi3_fused_identity_o3__multiply_s0_o2__add_s1_o1__square_root_s2__reciprocal_s3__multiply_s4_o0,64,1,7,3221512,16,0,1,4494,5018,917,10583,10208,9750,10750,3.45,5792,3625,9625,5714,2.271,6583,2089,-375
222,1874,omega_reduce_r3_o2_n2_multiply_add_zero_epi4_fused_identity_o4__multiply_s0_o3__add_s1_o2__square_root_s2__reciprocal_s3__multiply_s4_o1__multiply_s5_o0,512,8,8,837787304,16,0,1,5399,5411,500,11583,11125,10708,13209,4.56,7917,3792,16916,5726,2.061,7333,1934,-458
223,1902,omega_elementwise_twin_r3_n4_fused_multiply_o0_o1__multiply_o2_o3__subtract_s0_s1_fused_multiply_o0_o3__multiply_o2_o1__add_s0_s1,1024,1,7,4158208,0,0,1,4560,4125,167,6125,5917,5666,6333,3.36,7958,3875,8709,1357,1.298,2042,-2518,-208
224,1938,omega_cached_attention_q1_h1_g8_d256_s3f800000_ln511_up0_x4_e1_k1_ds,17408,136,11,3763460,4128,0,1,21107,21536,667,21791,23750,23417,25042,2.44,5208,4083,16167,2643,1.125,19667,-1440,1959
225,1938,omega_cached_attention_q1_h1_g8_d256_s3f800000_ln511_up0_x4_e1_k1_ds_merge,8192,8,3,1320448,0,0,1,5351,5393,875,7334,7375,7167,7583,1.65,9375,3542,8458,2024,1.378,3833,-1518,41
226,1940,omega_reduce_r5_o2_n2_multiply_add_zero,12288,192,4,839213728,0,0,1,9452,9560,417,12500,12792,12417,13667,2.50,8375,3833,41125,3340,1.353,8959,-493,292
227,1949,omega_reduce_r2_o1_n2_multiply_add_zero_epi5_fused_identity_o5__multiply_s0_o4__add_s1_o3__square_root_s2__reciprocal_s3__multiply_s4_o2__multiply_s5_o1__add_s6_o0,256,1,9,822385288,32,0,1,7125,6982,625,13083,12292,12042,12917,2.27,7958,3666,9250,5167,1.725,8626,1501,-791
228,1957,omega_reduce_r2_o1_n2_multiply_add_zero_epi4_fused_identity_o4__multiply_s0_o3__add_s1_o2__square_root_s2__reciprocal_s3__multiply_s4_o1__multiply_s5_o0,256,1,8,826751656,32,0,1,5482,5893,500,11000,10417,9958,10833,2.52,5625,3708,15958,4935,1.900,6709,1227,-583
229,1962,omega_reduce_r3_o2_n2_multiply_add_zero,49152,768,4,830096544,0,0,1,19589,19488,583,20750,23625,23083,25541,2.74,6917,3875,6292,4036,1.206,19750,161,2875
230,1977,omega_reduce_r3_o2_n2_multiply_add_zero_epi9_fused_identity_o9__multiply_o5_o6__multiply_s1_o4__multiply_s2_o3__add_s3_o2__multiply_s4_o1__tanh_s5__add_s6_o0__multiply_o7_o8__multiply_s7_s8__multiply_s0_s9,49152,768,13,830038448,0,0,1,20827,20577,1083,22083,24875,24417,28000,3.21,11959,4125,16750,4048,1.194,20750,-77,2792
231,1979,omega_reduce_r3_o2_n2_multiply_add_zero,12288,192,4,835436192,0,0,1,20506,20464,750,21583,24709,23917,25917,2.00,9333,3791,8708,4203,1.205,20918,412,3126
232,1989,omega_reduce_r2_o1_n2_multiply_add_zero_epi5_fused_identity_o5__multiply_s0_o4__add_s1_o3__square_root_s2__reciprocal_s3__multiply_s4_o2__multiply_s5_o1__add_s6_o0,256,1,9,822414984,32,0,1,7125,6982,625,12375,12416,11875,13167,3.60,11584,3750,41833,5291,1.743,8666,1541,41
233,2005,omega_reduce_r3_o2_n2_multiply_add_zero_epi5_fused_identity_o5__identity_o0__multiply_s0_s0__multiply_s0_s2__multiply_s3_o3__add_s0_s4__multiply_s5_o2__tanh_s6__add_s7_o1__multiply_s0_o4__multiply_s8_s9__multiply_s1_s10,2048,32,9,820458416,0,0,1,6423,6280,458,10791,10375,10041,10959,2.96,7917,3917,9584,3952,1.615,6458,35,-416
234,2008,omega_reduce_r3_o2_n2_multiply_add_zero,12288,192,4,819277184,0,0,1,5024,5089,500,8000,7416,7167,8167,4.13,8000,3792,16667,2392,1.476,3624,-1400,-584
235,2020,omega_reduce_r2_o1_n2_multiply_add_zero_epi6_fused_identity_o6__multiply_s0_o4__add_s1_o3__square_root_s2__reciprocal_s3__multiply_s4_o2__multiply_s5_o1__add_s6_o0__multiply_s7_o5,256,1,10,1639637544,32,0,1,6851,6506,1833,13208,12000,11791,15458,6.45,5250,3667,8250,5149,1.752,8333,1482,-1208
236,2041,omega_reduce_r2_o1_n2_multiply_add_zero_epi4_fused_identity_o4__multiply_s0_o3__add_s1_o2__square_root_s2__reciprocal_s3__multiply_s4_o1__multiply_s5_o0,256,1,8,820899976,32,0,1,5482,5893,1958,10791,10125,9791,10583,2.57,7959,3792,17417,4643,1.847,6333,851,-666
237,2043,omega_reduce_r4_o3_n2_multiply_add_zero,16384,256,4,817062528,0,0,1,10667,10667,333,13292,13541,13208,14375,2.62,8166,3792,8917,2874,1.269,9749,-918,249
238,2053,omega_reduce_r4_o3_n2_multiply_add_zero,2048,32,4,819045504,0,0,1,5750,5738,500,9750,9583,9250,10208,2.80,22042,3792,43666,3833,1.667,5791,41,-167
239,2061,omega_reduce_r3_o2_n2_multiply_add_zero_epi4_fused_identity_o4__multiply_s0_o3__add_s1_o2__square_root_s2__reciprocal_s3__multiply_s4_o1__multiply_s5_o0,64,1,8,820892296,16,0,1,5500,5131,917,12042,11792,11375,12416,2.68,8375,3708,9375,6292,2.144,8084,2584,-250
240,2067,omega_elementwise_twin_r3_n4_fused_multiply_o0_o1__multiply_o2_o3__add_s0_s1_fused_multiply_o0_o3__multiply_o2_o1__subtract_s0_s1,128,1,7,2164224,0,0,1,2810,2810,750,4750,4459,4334,4917,3.41,498459,3709,475375,1649,1.587,750,-2060,-291
241,2069,omega_reduce_r4_o3_n2_multiply_add_zero,2048,32,4,815277184,0,0,1,5750,5738,708,9792,9541,9291,10042,2.59,17750,3750,16125,3791,1.659,5791,41,-251
242,2076,omega_reduce_r3_o2_n2_multiply_add_zero_epi3_fused_identity_o3__multiply_s0_o2__add_s1_o1__square_root_s2__reciprocal_s3__multiply_s4_o0,64,1,7,3221512,16,0,1,4494,5018,1000,10625,9709,9583,10542,2.99,24583,3625,25000,5215,2.160,6084,1590,-916
243,2051,omega_reduce_r3_o2_n2_multiply_add_zero_epi4_fused_identity_o4__multiply_s0_o3__add_s1_o2__square_root_s2__reciprocal_s3__multiply_s4_o1__multiply_s5_o0,512,8,8,817405576,16,0,1,5399,5411,375,11708,10958,10750,11375,1.75,10917,3833,10666,5559,2.030,7125,1726,-750
244,2079,omega_elementwise_twin_r3_n4_fused_multiply_o0_o1__multiply_o2_o3__subtract_s0_s1_fused_multiply_o0_o3__multiply_o2_o1__add_s0_s1,1024,1,7,4158208,0,0,1,4560,4125,375,5959,5792,5625,6209,2.94,6583,3875,22583,1232,1.270,1917,-2643,-167
245,2115,omega_cached_attention_q1_h1_g8_d256_s3f800000_ln511_up0_x4_e1_k1_ds,17408,136,11,3763460,4128,0,1,21107,21536,833,21875,22792,22459,23458,1.50,6959,4125,10542,1685,1.080,18667,-2440,917
246,2115,omega_cached_attention_q1_h1_g8_d256_s3f800000_ln511_up0_x4_e1_k1_ds_merge,8192,8,3,1320448,0,0,1,5351,5393,1125,7167,7416,7208,7792,2.33,61625,3750,61292,2065,1.386,3666,-1685,249
247,2117,omega_reduce_r5_o2_n2_multiply_add_zero,12288,192,4,818832000,0,0,1,9452,9560,250,12208,12667,12375,13333,2.26,10916,3792,10167,3215,1.340,8875,-577,459
248,2126,omega_reduce_r2_o1_n2_multiply_add_zero_epi5_fused_identity_o5__multiply_s0_o4__add_s1_o3__square_root_s2__reciprocal_s3__multiply_s4_o2__multiply_s5_o1__add_s6_o0,256,1,9,802003560,32,0,1,7125,6982,3875,12750,12375,12208,12792,1.50,6417,3833,18292,5250,1.737,8542,1417,-375
249,2134,omega_reduce_r2_o1_n2_multiply_add_zero_epi4_fused_identity_o4__multiply_s0_o3__add_s1_o2__square_root_s2__reciprocal_s3__multiply_s4_o1__multiply_s5_o0,256,1,8,806369928,32,0,1,5482,5893,83,10375,10209,9958,11000,2.49,6250,3875,10417,4727,1.862,6334,852,-166
250,2139,omega_reduce_r3_o2_n2_multiply_add_zero,49152,768,4,809714816,0,0,1,19589,19488,-500,20750,23500,23125,24042,1.12,5792,4000,19542,3911,1.200,19500,-89,2750
251,2154,omega_reduce_r3_o2_n2_multiply_add_zero_epi9_fused_identity_o9__multiply_o5_o6__multiply_s1_o4__multiply_s2_o3__add_s3_o2__multiply_s4_o1__tanh_s5__add_s6_o0__multiply_o7_o8__multiply_s7_s8__multiply_s0_s9,49152,768,13,809656720,0,0,1,20827,20577,417,22166,24917,24292,25542,1.31,9416,4166,9333,4090,1.196,20751,-76,2751
252,2156,omega_reduce_r3_o2_n2_multiply_add_zero,12288,192,4,815054464,0,0,1,20506,20464,1000,21458,24958,24292,28458,4.06,11958,3875,45708,4452,1.217,21083,577,3500
253,2166,omega_reduce_r2_o1_n2_multiply_add_zero_epi5_fused_identity_o5__multiply_s0_o4__add_s1_o3__square_root_s2__reciprocal_s3__multiply_s4_o2__multiply_s5_o1__add_s6_o0,256,1,9,802033256,32,0,1,7125,6982,167,12458,12459,12042,15084,5.06,9250,3667,10417,5334,1.749,8792,1667,1
254,2182,omega_reduce_r3_o2_n2_multiply_add_zero_epi5_fused_identity_o5__identity_o0__multiply_s0_s0__multiply_s0_s2__multiply_s3_o3__add_s0_s4__multiply_s5_o2__tanh_s6__add_s7_o1__multiply_s0_o4__multiply_s8_s9__multiply_s1_s10,2048,32,9,800076688,0,0,1,6268,6357,542,10208,10500,10083,10875,1.93,7750,3959,17459,4232,1.675,6541,273,292
255,2185,omega_reduce_r3_o2_n2_multiply_add_zero,12288,192,4,798895456,0,0,1,5024,5089,417,7625,7416,7209,8042,3.74,8000,3916,9875,2392,1.476,3500,-1524,-209
256,2197,omega_reduce_r2_o1_n2_multiply_add_zero_epi6_fused_identity_o6__multiply_s0_o4__add_s1_o3__square_root_s2__reciprocal_s3__multiply_s4_o2__multiply_s5_o1__add_s6_o0__multiply_s7_o5,256,1,10,1598874088,32,0,1,6851,6506,708,12417,11833,11500,12625,3.07,5250,3750,16875,4982,1.727,8083,1232,-584
257,2218,omega_reduce_r2_o1_n2_multiply_add_zero_epi4_fused_identity_o4__multiply_s0_o3__add_s1_o2__square_root_s2__reciprocal_s3__multiply_s4_o1__multiply_s5_o0,256,1,8,800518248,32,0,1,5482,5893,1000,10542,10208,9625,10750,2.90,7917,3708,7250,4726,1.862,6500,1018,-334
258,2220,omega_reduce_r4_o3_n2_multiply_add_zero,16384,256,4,796680800,0,0,1,10667,10667,250,12709,13625,13166,14250,2.19,16083,3792,46542,2958,1.277,9833,-834,916
259,2230,omega_reduce_r4_o3_n2_multiply_add_zero,2048,32,4,798663776,0,0,1,5750,5738,583,9416,9625,9125,11667,5.24,9250,3833,9458,3875,1.674,5792,42,209
260,2238,omega_reduce_r3_o2_n2_multiply_add_zero_epi4_fused_identity_o4__multiply_s0_o3__add_s1_o2__square_root_s2__reciprocal_s3__multiply_s4_o1__multiply_s5_o0,64,1,8,800510568,16,0,1,5500,5131,1208,11459,11458,10750,14333,6.47,6084,3625,16458,5958,2.083,7833,2333,-1
261,2244,omega_elementwise_twin_r3_n4_fused_multiply_o0_o1__multiply_o2_o3__add_s0_s1_fused_multiply_o0_o3__multiply_o2_o1__subtract_s0_s1,128,1,7,2164224,0,0,1,2810,2810,542,4500,4667,4333,5083,4.52,6708,3708,6250,1857,1.661,959,-1851,167
262,2246,omega_reduce_r4_o3_n2_multiply_add_zero,2048,32,4,794895456,0,0,1,5750,5738,333,9375,9750,9334,10167,2.61,5333,4000,16416,4000,1.696,5750,-0,375
263,2253,omega_reduce_r3_o2_n2_multiply_add_zero_epi3_fused_identity_o3__multiply_s0_o2__add_s1_o1__square_root_s2__reciprocal_s3__multiply_s4_o0,64,1,7,3221512,16,0,1,4494,5018,-1583,10333,10291,9708,10833,3.16,8167,3667,6459,5797,2.290,6624,2130,-42
264,2228,omega_reduce_r3_o2_n2_multiply_add_zero_epi4_fused_identity_o4__multiply_s0_o3__add_s1_o2__square_root_s2__reciprocal_s3__multiply_s4_o1__multiply_s5_o0,512,8,8,797023848,16,0,1,5399,5411,542,10959,10875,10542,11292,1.66,42709,3708,44750,5476,2.014,7167,1768,-84
265,2256,omega_elementwise_twin_r3_n4_fused_multiply_o0_o1__multiply_o2_o3__subtract_s0_s1_fused_multiply_o0_o3__multiply_o2_o1__add_s0_s1,1024,1,7,4158208,0,0,1,4560,4125,83,6000,5958,5625,8834,10.52,9250,3750,9791,1398,1.307,2208,-2352,-42
266,2292,omega_cached_attention_q1_h1_g8_d256_s3f800000_ln511_up0_x4_e1_k1_ds,17408,136,11,3763460,4128,0,1,21107,21536,1000,21875,23208,22084,23667,1.45,5375,4000,15709,2101,1.100,19208,-1899,1333
267,2292,omega_cached_attention_q1_h1_g8_d256_s3f800000_ln511_up0_x4_e1_k1_ds_merge,8192,8,3,1320448,0,0,1,5351,5393,708,7208,7542,7208,7875,2.22,9416,3666,8459,2191,1.409,3876,-1475,334
268,2294,omega_reduce_r5_o2_n2_multiply_add_zero,12288,192,4,798450272,0,0,1,9452,9560,458,12209,13041,12583,13417,1.45,5292,3875,16041,3589,1.380,9166,-286,832
269,2303,omega_reduce_r2_o1_n2_multiply_add_zero_epi5_fused_identity_o5__multiply_s0_o4__add_s1_o3__square_root_s2__reciprocal_s3__multiply_s4_o2__multiply_s5_o1__add_s6_o0,256,1,9,781621832,32,0,1,7125,6982,750,12542,12791,12084,12917,1.99,8083,3750,8333,5666,1.795,9041,1916,249
270,2311,omega_reduce_r2_o1_n2_multiply_add_zero_epi4_fused_identity_o4__multiply_s0_o3__add_s1_o2__square_root_s2__reciprocal_s3__multiply_s4_o1__multiply_s5_o0,256,1,8,785988200,32,0,1,5482,5893,500,11000,10542,10209,11084,1.96,25375,3834,42417,5060,1.923,6708,1226,-458
271,2316,omega_reduce_r3_o2_n2_multiply_add_zero,49152,768,4,789333088,0,0,1,19589,19488,333,20625,23792,23541,24458,1.14,9167,4042,9333,4203,1.215,19750,161,3167
272,2331,omega_reduce_r3_o2_n2_multiply_add_zero_epi9_fused_identity_o9__multiply_o5_o6__multiply_s1_o4__multiply_s2_o3__add_s3_o2__multiply_s4_o1__tanh_s5__add_s6_o0__multiply_o7_o8__multiply_s7_s8__multiply_s0_s9,49152,768,13,789274992,0,0,1,20827,20577,333,22042,25667,25167,27834,2.48,11875,4209,16209,4840,1.232,21458,631,3625
273,2333,omega_reduce_r3_o2_n2_multiply_add_zero,12288,192,4,794672736,0,0,1,20506,20464,667,21625,25125,24583,26666,2.15,9208,3959,8208,4619,1.225,21166,660,3500
274,2343,omega_reduce_r2_o1_n2_multiply_add_zero_epi5_fused_identity_o5__multiply_s0_o4__add_s1_o3__square_root_s2__reciprocal_s3__multiply_s4_o2__multiply_s5_o1__add_s6_o0,256,1,9,781651528,32,0,1,7125,6982,458,13333,12917,12458,13292,1.76,9208,3833,15375,5792,1.813,9084,1959,-416
275,2359,omega_reduce_r3_o2_n2_multiply_add_zero_epi5_fused_identity_o5__identity_o0__multiply_s0_s0__multiply_s0_s2__multiply_s3_o3__add_s0_s4__multiply_s5_o2__tanh_s6__add_s7_o1__multiply_s0_o4__multiply_s8_s9__multiply_s1_s10,2048,32,9,779694960,0,0,1,6208,6333,333,10708,10667,10292,10917,1.34,5500,4041,5500,4459,1.718,6626,418,-41
276,2362,omega_reduce_r3_o2_n2_multiply_add_zero,12288,192,4,778513728,0,0,1,5024,5089,500,8084,7750,7584,11958,11.53,5417,3875,40459,2726,1.543,3875,-1149,-334
277,2374,omega_reduce_r2_o1_n2_multiply_add_zero_epi6_fused_identity_o6__multiply_s0_o4__add_s1_o3__square_root_s2__reciprocal_s3__multiply_s4_o2__multiply_s5_o1__add_s6_o0__multiply_s7_o5,256,1,10,1558110632,32,0,1,6851,6506,458,13042,12500,12208,12875,1.52,5292,3750,9417,5649,1.825,8750,1899,-542
278,2395,omega_reduce_r2_o1_n2_multiply_add_zero_epi4_fused_identity_o4__multiply_s0_o3__add_s1_o2__square_root_s2__reciprocal_s3__multiply_s4_o1__multiply_s5_o0,256,1,8,780136520,32,0,1,5482,5893,500,10875,10458,10000,10958,1.98,8000,3959,16250,4976,1.908,6499,1017,-417
279,2397,omega_reduce_r4_o3_n2_multiply_add_zero,16384,256,4,776299072,0,0,1,10667,10667,667,13292,13875,13500,14416,1.85,8042,3875,12041,3208,1.301,10000,-667,583
280,2407,omega_reduce_r4_o3_n2_multiply_add_zero,2048,32,4,778282048,0,0,1,5750,5738,500,9709,10000,9709,10333,1.58,8375,3875,16333,4250,1.739,6125,375,291
281,2415,omega_reduce_r3_o2_n2_multiply_add_zero_epi4_fused_identity_o4__multiply_s0_o3__add_s1_o2__square_root_s2__reciprocal_s3__multiply_s4_o1__multiply_s5_o0,64,1,8,780128840,16,0,1,5500,5131,1417,12042,11417,10833,12125,2.61,8208,3708,5583,5917,2.076,7709,2209,-625
282,2421,omega_elementwise_twin_r3_n4_fused_multiply_o0_o1__multiply_o2_o3__add_s0_s1_fused_multiply_o0_o3__multiply_o2_o1__subtract_s0_s1,128,1,7,2164224,0,0,1,2810,2810,1167,4750,4583,4292,5125,4.55,23292,3584,43875,1773,1.631,999,-1811,-167
283,2423,omega_reduce_r4_o3_n2_multiply_add_zero,2048,32,4,774513728,0,0,1,5750,5738,625,9791,9875,9334,10833,3.12,8334,3833,9792,4125,1.717,6042,292,84
284,2430,omega_reduce_r3_o2_n2_multiply_add_zero_epi3_fused_identity_o3__multiply_s0_o2__add_s1_o1__square_root_s2__reciprocal_s3__multiply_s4_o0,64,1,7,3221512,16,0,1,4494,5018,792,10583,10125,9542,12833,6.30,7667,3750,17167,5631,2.253,6375,1881,-458
285,2405,omega_reduce_r3_o2_n2_multiply_add_zero_epi4_fused_identity_o4__multiply_s0_o3__add_s1_o2__square_root_s2__reciprocal_s3__multiply_s4_o1__multiply_s5_o0,512,8,8,776642120,16,0,1,5399,5411,1000,11708,11167,10625,11625,2.47,8417,3708,9458,5768,2.068,7459,2060,-541
286,2433,omega_elementwise_twin_r3_n4_fused_multiply_o0_o1__multiply_o2_o3__subtract_s0_s1_fused_multiply_o0_o3__multiply_o2_o1__add_s0_s1,1024,1,7,4158208,0,0,1,4560,4125,500,6166,6125,5500,6375,4.04,8000,3709,17250,1565,1.343,2416,-2144,-41
287,2469,omega_cached_attention_q1_h1_g8_d256_s3f800000_ln511_up0_x4_e1_k1_ds,17408,136,11,3763460,4128,0,1,21107,21536,792,22250,25708,22167,27000,5.99,5250,3958,10750,4601,1.218,21750,643,3458
288,2469,omega_cached_attention_q1_h1_g8_d256_s3f800000_ln511_up0_x4_e1_k1_ds_merge,8192,8,3,1320448,0,0,1,5351,5393,750,7291,7500,7208,7750,1.78,23584,3584,42083,2149,1.402,3916,-1435,209
289,2471,omega_reduce_r5_o2_n2_multiply_add_zero,12288,192,4,778068544,0,0,1,9452,9560,292,12583,12875,12583,13625,2.15,9250,3916,9417,3423,1.362,8959,-493,292
290,2480,omega_reduce_r2_o1_n2_multiply_add_zero_epi5_fused_identity_o5__multiply_s0_o4__add_s1_o3__square_root_s2__reciprocal_s3__multiply_s4_o2__multiply_s5_o1__add_s6_o0,256,1,9,761240104,32,0,1,7125,6982,583,13125,12333,11833,12750,2.01,5750,3750,16834,5208,1.731,8583,1458,-792
291,2488,omega_reduce_r2_o1_n2_multiply_add_zero_epi4_fused_identity_o4__multiply_s0_o3__add_s1_o2__square_root_s2__reciprocal_s3__multiply_s4_o1__multiply_s5_o0,256,1,8,765606472,32,0,1,5482,5893,667,11000,10291,9750,10375,1.81,5417,3834,5709,4809,1.877,6457,975,-709
292,2493,omega_reduce_r3_o2_n2_multiply_add_zero,49152,768,4,768951360,0,0,1,19589,19488,625,20834,24041,23333,24625,1.29,7792,3916,17167,4452,1.227,20125,536,3207
293,2508,omega_reduce_r3_o2_n2_multiply_add_zero_epi9_fused_identity_o9__multiply_o5_o6__multiply_s1_o4__multiply_s2_o3__add_s3_o2__multiply_s4_o1__tanh_s5__add_s6_o0__multiply_o7_o8__multiply_s7_s8__multiply_s0_s9,49152,768,13,768893264,0,0,1,20827,20577,708,22167,25542,24500,26708,1.91,11667,4292,8375,4715,1.226,21250,423,3375
294,2510,omega_reduce_r3_o2_n2_multiply_add_zero,12288,192,4,774291008,0,0,1,20506,20464,1000,21625,25083,24167,26042,2.06,9333,3917,41167,4577,1.223,21166,660,3458
295,2520,omega_reduce_r2_o1_n2_multiply_add_zero_epi5_fused_identity_o5__multiply_s0_o4__add_s1_o3__square_root_s2__reciprocal_s3__multiply_s4_o2__multiply_s5_o1__add_s6_o0,256,1,9,761269800,32,0,1,7125,6982,375,13375,12958,12292,13125,1.95,9333,3916,9458,5833,1.819,9042,1917,-417
296,2536,omega_reduce_r3_o2_n2_multiply_add_zero_epi5_fused_identity_o5__identity_o0__multiply_s0_s0__multiply_s0_s2__multiply_s3_o3__add_s0_s4__multiply_s5_o2__tanh_s6__add_s7_o1__multiply_s0_o4__multiply_s8_s9__multiply_s1_s10,2048,32,9,759313232,0,0,1,6286,6298,500,10708,11166,10500,11708,2.54,9334,4166,15959,4880,1.776,7000,714,458
297,2539,omega_reduce_r3_o2_n2_multiply_add_zero,12288,192,4,758132000,0,0,1,5024,5089,458,7916,8000,7250,10458,7.59,8000,3958,5584,2976,1.592,4042,-982,84
298,2551,omega_reduce_r2_o1_n2_multiply_add_zero_epi6_fused_identity_o6__multiply_s0_o4__add_s1_o3__square_root_s2__reciprocal_s3__multiply_s4_o2__multiply_s5_o1__add_s6_o0__multiply_s7_o5,256,1,10,1517313896,32,0,1,6851,6506,792,12417,12542,11667,15125,5.27,5292,3792,16500,5691,1.831,8750,1899,125
299,2572,omega_reduce_r2_o1_n2_multiply_add_zero_epi4_fused_identity_o4__multiply_s0_o3__add_s1_o2__square_root_s2__reciprocal_s3__multiply_s4_o1__multiply_s5_o0,256,1,8,759424552,32,0,1,5482,5893,83,10791,11458,11000,11917,2.43,8042,3917,6000,5976,2.090,7541,2059,667
300,2574,omega_reduce_r4_o3_n2_multiply_add_zero,32768,512,4,753917472,0,0,1,18220,18143,583,19334,21166,20333,22000,1.71,8375,4041,53250,2946,1.162,17125,-1095,1832
301,2584,omega_reduce_r4_o3_n2_multiply_add_zero,4096,64,4,757883936,0,0,1,6220,6321,417,9375,10208,9584,13834,8.40,9375,3875,9500,3988,1.641,6333,113,833
302,2592,omega_reduce_r3_o2_n2_multiply_add_zero_epi4_fused_identity_o4__multiply_s0_o3__add_s1_o2__square_root_s2__reciprocal_s3__multiply_s4_o1__multiply_s5_o0,128,1,8,759499304,16,0,1,5577,5643,333,11541,13250,12458,16208,7.08,7791,3875,16125,7673,2.376,9375,3798,1709
303,2598,omega_elementwise_twin_r3_n4_fused_multiply_o0_o1__multiply_o2_o3__add_s0_s1_fused_multiply_o0_o3__multiply_o2_o1__subtract_s0_s1,256,1,7,2258432,0,0,1,3036,2869,500,4541,4958,4542,5375,4.50,7917,3875,5541,1922,1.633,1083,-1953,417
304,2600,omega_reduce_r4_o3_n2_multiply_add_zero,4096,64,4,750353440,0,0,1,6220,6321,1917,9583,10125,9583,10541,2.63,5209,3917,17042,3905,1.628,6208,-12,542
305,2607,omega_reduce_r3_o2_n2_multiply_add_zero_epi3_fused_identity_o3__multiply_s0_o2__add_s1_o1__square_root_s2__reciprocal_s3__multiply_s4_o0,128,1,7,3294216,16,0,1,4792,4905,958,10125,11542,10791,11959,2.29,7834,3917,8000,6750,2.409,7625,2833,1417
306,2582,omega_reduce_r3_o2_n2_multiply_add_zero_epi4_fused_identity_o4__multiply_s0_o3__add_s1_o2__square_root_s2__reciprocal_s3__multiply_s4_o1__multiply_s5_o0,1024,8,8,752491048,16,0,1,5613,5625,500,11584,11375,10833,13125,3.93,36500,3958,40750,5762,2.027,7417,1804,-209
307,2610,omega_elementwise_twin_r3_n4_fused_multiply_o0_o1__multiply_o2_o3__subtract_s0_s1_fused_multiply_o0_o3__multiply_o2_o1__add_s0_s1,2048,2,7,4118784,0,0,1,4679,4768,500,6209,6209,5833,9500,11.69,9167,3750,9334,1530,1.327,2459,-2220,0
308,2646,omega_cached_attention_q1_h1_g8_d512_s3f800000_ln9223372036854775808_up0_x4_e1_k1_ds,32768,256,11,7409412,8224,0,1,40940,40423,292,42916,49750,46667,50459,2.60,5250,4084,15167,8810,1.215,45666,4726,6834
309,2646,omega_cached_attention_q1_h1_g8_d512_s3f800000_ln9223372036854775808_up0_x4_e1_k1_ds_merge,8192,8,3,1582592,0,0,1,7732,7750,4458,9292,9750,9500,10084,1.60,9875,3584,8250,2018,1.261,6166,-1566,458
310,2648,omega_reduce_r5_o2_n2_multiply_add_zero,12288,192,4,757456416,0,0,1,15798,15125,-3000,16792,19416,18708,19708,1.52,8042,3875,16791,3618,1.229,15541,-257,2624
311,2657,omega_reduce_r2_o1_n2_multiply_add_zero_epi5_fused_identity_o5__multiply_s0_o4__add_s1_o3__square_root_s2__reciprocal_s3__multiply_s4_o2__multiply_s5_o1__add_s6_o0,256,1,9,736810248,32,0,1,7125,6982,583,12375,12000,11542,12584,2.25,9333,3750,9500,4875,1.684,8250,1125,-375
312,2665,omega_reduce_r2_o1_n2_multiply_add_zero_epi4_fused_identity_o4__multiply_s0_o3__add_s1_o2__square_root_s2__reciprocal_s3__multiply_s4_o1__multiply_s5_o0,256,1,8,741227048,32,0,1,5482,5893,1083,10209,10125,9875,10584,1.91,5583,3792,41958,4643,1.847,6333,851,-84
313,2670,omega_reduce_r3_o2_n2_multiply_add_zero,49152,768,4,744592672,0,0,1,19589,19488,1833,20875,23708,23083,25167,1.78,7959,4042,9542,4119,1.210,19666,77,2833
314,2685,omega_reduce_r3_o2_n2_multiply_add_zero_epi9_fused_identity_o9__multiply_o5_o6__multiply_s1_o4__multiply_s2_o3__add_s3_o2__multiply_s4_o1__tanh_s5__add_s6_o0__multiply_o7_o8__multiply_s7_s8__multiply_s0_s9,49152,768,13,744534576,0,0,1,20827,20577,0,22084,26333,25625,27167,1.51,9333,4125,16459,5506,1.264,22208,1381,4249
315,2687,omega_reduce_r3_o2_n2_multiply_add_zero,12288,192,4,749925920,0,0,1,20506,20464,667,21667,25750,24750,28291,2.76,11916,3875,5542,5244,1.256,21875,1369,4083
316,2697,omega_reduce_r2_o1_n2_multiply_add_zero_epi5_fused_identity_o5__multiply_s0_o4__add_s1_o3__square_root_s2__reciprocal_s3__multiply_s4_o2__multiply_s5_o1__add_s6_o0,256,1,9,736897800,32,0,1,7125,6982,208,13417,12791,12125,16375,6.65,9375,3833,15833,5666,1.795,8958,1833,-626
317,2713,omega_reduce_r3_o2_n2_multiply_add_zero_epi5_fused_identity_o5__identity_o0__multiply_s0_s0__multiply_s0_s2__multiply_s3_o3__add_s0_s4__multiply_s5_o2__tanh_s6__add_s7_o1__multiply_s0_o4__multiply_s8_s9__multiply_s1_s10,2048,32,9,734948144,0,0,1,6268,6238,-1667,10667,10875,10084,11250,3.53,8000,4000,5458,4607,1.735,6875,607,208
318,2716,omega_reduce_r3_o2_n2_multiply_add_zero,12288,192,4,733766912,0,0,1,5024,5089,750,8166,7750,7333,8042,3.29,8000,3875,41708,2726,1.543,3875,-1149,-416
319,2728,omega_reduce_r2_o1_n2_multiply_add_zero_epi6_fused_identity_o6__multiply_s0_o4__add_s1_o3__square_root_s2__reciprocal_s3__multiply_s4_o2__multiply_s5_o1__add_s6_o0__multiply_s7_o5,256,1,10,1468617000,32,0,1,6851,6506,1500,13084,12250,11416,12625,3.00,5500,3666,9542,5399,1.788,8584,1733,-834
320,2743,omega_reduce_r2_o1_n2_multiply_add_zero_epi4_fused_identity_o4__multiply_s0_o3__add_s1_o2__square_root_s2__reciprocal_s3__multiply_s4_o1__multiply_s5_o0,256,1,8,735611912,32,0,1,5482,5893,500,11208,10167,10083,10625,1.86,484917,3958,459541,4685,1.855,6209,727,-1041
321,2745,omega_reduce_r4_o3_n2_multiply_add_zero,16384,256,4,731774464,0,0,1,10667,10667,417,13250,13500,13291,14125,1.85,16125,3958,15917,2833,1.266,9542,-1125,250
322,2753,omega_reduce_r3_o2_n2_multiply_add_zero_epi4_fused_identity_o4__multiply_s0_o3__add_s1_o2__square_root_s2__reciprocal_s3__multiply_s4_o1__multiply_s5_o0,512,8,8,732117512,16,0,1,5399,5411,1875,11583,12459,12291,13375,2.74,11667,3875,23750,7060,2.308,8584,3185,876
323,2756,omega_elementwise_twin_r3_n4_fused_multiply_o0_o1__multiply_o2_o3__subtract_s0_s1_fused_multiply_o0_o3__multiply_o2_o1__add_s0_s1,1024,1,7,4158208,0,0,1,4560,4125,583,6167,5833,5666,6209,2.61,7000,3833,11333,1273,1.279,2000,-2560,-334
324,2792,omega_cached_attention_q1_h1_g8_d256_s3f800000_ln511_up0_x4_e1_k1_ds,17408,136,11,3763460,4128,0,1,21107,21536,625,21750,22500,22167,23708,2.05,20292,4042,20042,1393,1.066,18458,-2649,750
325,2792,omega_cached_attention_q1_h1_g8_d256_s3f800000_ln511_up0_x4_e1_k1_ds_merge,8192,8,3,1320448,0,0,1,5351,5393,1125,7250,7292,7208,7542,1.25,10833,3750,10708,1941,1.363,3542,-1809,42
326,2794,omega_reduce_r5_o2_n2_multiply_add_zero,12288,192,4,733543936,0,0,1,9452,9560,875,12416,12583,12291,12958,1.62,54000,3958,63542,3131,1.331,8625,-827,167
327,2803,omega_reduce_r2_o1_n2_multiply_add_zero_epi5_fused_identity_o5__multiply_s0_o4__add_s1_o3__square_root_s2__reciprocal_s3__multiply_s4_o2__multiply_s5_o1__add_s6_o0,256,1,9,700962280,32,0,1,7125,6982,375,13125,12208,12000,12791,2.05,10166,3750,10000,5083,1.713,8458,1333,-917
328,2811,omega_reduce_r2_o1_n2_multiply_add_zero_epi4_fused_identity_o4__multiply_s0_o3__add_s1_o2__square_root_s2__reciprocal_s3__multiply_s4_o1__multiply_s5_o0,256,1,8,710450440,32,0,1,5482,5893,583,11125,10167,10000,10625,2.17,6208,3833,20208,4685,1.855,6334,852,-958
329,2816,omega_reduce_r3_o2_n2_multiply_add_zero,98304,1536,4,719251200,0,0,1,31155,31673,833,33125,38333,37500,40292,2.17,6292,4708,10667,7178,1.230,33625,2470,5208
330,2831,omega_reduce_r3_o2_n2_multiply_add_zero_epi9_fused_identity_o9__multiply_o5_o6__multiply_s1_o4__multiply_s2_o3__add_s3_o2__multiply_s4_o1__tanh_s5__add_s6_o0__multiply_o7_o8__multiply_s7_s8__multiply_s0_s9,98304,1536,13,713860112,0,0,1,34167,33351,792,35625,41375,39666,42666,2.55,9375,4792,17167,7208,1.211,36583,2416,5750
331,2833,omega_reduce_r3_o2_n2_multiply_add_zero,12288,192,4,729963008,0,0,1,35298,35726,2375,36334,42750,41667,46875,2.65,9334,3916,10042,7452,1.211,38834,3536,6416
332,2843,omega_reduce_r2_o1_n2_multiply_add_zero_epi5_fused_identity_o5__multiply_s0_o4__add_s1_o3__square_root_s2__reciprocal_s3__multiply_s4_o2__multiply_s5_o1__add_s6_o0,256,1,9,700991976,32,0,1,7125,6982,250,13000,13500,13125,14333,3.01,9250,3791,45125,6375,1.895,9709,2584,500
333,2859,omega_reduce_r3_o2_n2_multiply_add_zero_epi5_fused_identity_o5__identity_o0__multiply_s0_s0__multiply_s0_s2__multiply_s3_o3__add_s0_s4__multiply_s5_o2__tanh_s6__add_s7_o1__multiply_s0_o4__multiply_s8_s9__multiply_s1_s10,2048,32,9,699084560,0,0,1,6321,6321,375,10708,10333,9875,12666,5.45,5709,3833,10583,4012,1.635,6500,179,-375
334,2862,omega_reduce_r3_o2_n2_multiply_add_zero,12288,192,4,697903328,0,0,1,5024,5089,500,8125,8333,7917,8958,3.86,5875,3792,17166,3309,1.659,4541,-483,208
335,2874,omega_reduce_r2_o1_n2_multiply_add_zero_epi6_fused_identity_o6__multiply_s0_o4__add_s1_o3__square_root_s2__reciprocal_s3__multiply_s4_o2__multiply_s5_o1__add_s6_o0__multiply_s7_o5,256,1,10,1396889832,32,0,1,6851,6506,583,13250,12000,11958,12916,2.26,6333,3583,10166,5149,1.752,8417,1566,-1250
336,2889,omega_reduce_r2_o1_n2_multiply_add_zero_epi4_fused_identity_o4__multiply_s0_o3__add_s1_o2__square_root_s2__reciprocal_s3__multiply_s4_o1__multiply_s5_o0,256,1,8,699748328,32,0,1,5482,5893,625,11208,10250,10042,10958,2.52,7916,3666,16084,4768,1.870,6584,1102,-958
337,2891,omega_reduce_r4_o3_n2_multiply_add_zero,16384,256,4,695910880,0,0,1,10667,10667,583,13250,13375,13083,14041,1.95,7959,3792,6167,2708,1.254,9583,-1084,125
338,2899,omega_reduce_r3_o2_n2_multiply_add_zero_epi4_fused_identity_o4__multiply_s0_o3__add_s1_o2__square_root_s2__reciprocal_s3__multiply_s4_o1__multiply_s5_o0,512,8,8,696253928,16,0,1,5399,5411,-1375,11625,11375,10917,11750,2.19,10125,3625,45709,5976,2.107,7750,2351,-250
339,2902,omega_elementwise_twin_r3_n4_fused_multiply_o0_o1__multiply_o2_o3__subtract_s0_s1_fused_multiply_o0_o3__multiply_o2_o1__add_s0_s1,1024,1,7,4158208,0,0,1,4560,4125,417,6125,5708,5500,6375,3.88,7875,3666,10292,1148,1.252,2042,-2518,-417
340,2938,omega_cached_attention_q1_h1_g8_d256_s3f800000_ln511_up0_x4_e1_k1_ds,17408,136,11,3763460,4128,0,1,21107,21536,667,22042,22250,22041,23417,1.31,5250,4000,17458,1143,1.054,18250,-2857,208
341,2938,omega_cached_attention_q1_h1_g8_d256_s3f800000_ln511_up0_x4_e1_k1_ds_merge,8192,8,3,1320448,0,0,1,5351,5393,750,7417,7208,7042,7583,1.70,9250,3500,9292,1857,1.347,3708,-1643,-209
342,2940,omega_reduce_r5_o2_n2_multiply_add_zero,12288,192,4,697680352,0,0,1,9452,9560,375,12500,13583,13250,17458,6.32,5333,3792,16333,4131,1.437,9791,339,1083
343,2949,omega_reduce_r2_o1_n2_multiply_add_zero_epi5_fused_identity_o5__multiply_s0_o4__add_s1_o3__square_root_s2__reciprocal_s3__multiply_s4_o2__multiply_s5_o1__add_s6_o0,256,1,9,665098696,32,0,1,7125,6982,375,13125,12042,11750,12500,1.62,5458,3666,6625,4917,1.690,8376,1251,-1083
344,2957,omega_reduce_r2_o1_n2_multiply_add_zero_epi4_fused_identity_o4__multiply_s0_o3__add_s1_o2__square_root_s2__reciprocal_s3__multiply_s4_o1__multiply_s5_o0,256,1,8,674586856,32,0,1,5482,5893,1583,11000,10000,9916,10917,2.14,7958,3792,47000,4518,1.824,6208,726,-1000
345,2962,omega_reduce_r3_o2_n2_multiply_add_zero,98304,1536,4,683387616,0,0,1,31155,31673,1542,33334,38500,37333,40333,1.95,8084,4583,9459,7345,1.236,33917,2762,5166
346,2977,omega_reduce_r3_o2_n2_multiply_add_zero_epi9_fused_identity_o9__multiply_o5_o6__multiply_s1_o4__multiply_s2_o3__add_s3_o2__multiply_s4_o1__tanh_s5__add_s6_o0__multiply_o7_o8__multiply_s7_s8__multiply_s0_s9,98304,1536,13,677996528,0,0,1,34167,33351,-417,35875,41250,40375,43750,2.09,9292,4750,14250,7083,1.207,36500,2333,5375
347,2979,omega_reduce_r3_o2_n2_multiply_add_zero,12288,192,4,694099424,0,0,1,35298,35726,3625,36542,43084,42250,44958,1.62,9375,3875,9459,7786,1.221,39209,3911,6542
348,2989,omega_reduce_r2_o1_n2_multiply_add_zero_epi5_fused_identity_o5__multiply_s0_o4__add_s1_o3__square_root_s2__reciprocal_s3__multiply_s4_o2__multiply_s5_o1__add_s6_o0,256,1,9,665128392,32,0,1,7125,6982,333,13083,12250,12125,13250,2.22,9333,3709,13083,5125,1.719,8541,1416,-833
349,3005,omega_reduce_r3_o2_n2_multiply_add_zero_epi5_fused_identity_o5__identity_o0__multiply_s0_s0__multiply_s0_s2__multiply_s3_o3__add_s0_s4__multiply_s5_o2__tanh_s6__add_s7_o1__multiply_s0_o4__multiply_s8_s9__multiply_s1_s10,2048,32,9,663220976,0,0,1,6232,6381,167,10709,11250,10833,11708,2.46,7959,4000,9667,5018,1.805,7250,1018,541
350,3008,omega_reduce_r3_o2_n2_multiply_add_zero,12288,192,4,662039744,0,0,1,5024,5089,500,8125,7625,7250,9625,6.43,7916,3833,42125,2601,1.518,3792,-1232,-500
351,3020,omega_reduce_r2_o1_n2_multiply_add_zero_epi6_fused_identity_o6__multiply_s0_o4__add_s1_o3__square_root_s2__reciprocal_s3__multiply_s4_o2__multiply_s5_o1__add_s6_o0__multiply_s7_o5,256,1,10,1325162664,32,0,1,6851,6506,375,13000,11875,11708,15500,6.65,5292,3709,12208,5024,1.733,8166,1315,-1125
352,3035,omega_reduce_r2_o1_n2_multiply_add_zero_epi4_fused_identity_o4__multiply_s0_o3__add_s1_o2__square_root_s2__reciprocal_s3__multiply_s4_o1__multiply_s5_o0,256,1,8,663884744,32,0,1,5482,5893,625,10958,10042,9833,11041,2.71,7875,3750,16500,4560,1.832,6292,810,-916
353,3037,omega_reduce_r4_o3_n2_multiply_add_zero,16384,256,4,660047296,0,0,1,10667,10667,3500,13250,14625,14250,16916,4.65,7959,3834,7875,3958,1.371,10791,124,1375
354,3045,omega_reduce_r3_o2_n2_multiply_add_zero_epi4_fused_identity_o4__multiply_s0_o3__add_s1_o2__square_root_s2__reciprocal_s3__multiply_s4_o1__multiply_s5_o0,512,8,8,660390344,16,0,1,5399,5411,958,11708,11208,10750,11750,2.27,9166,3875,15333,5809,2.076,7333,1934,-500
355,3048,omega_elementwise_twin_r3_n4_fused_multiply_o0_o1__multiply_o2_o3__subtract_s0_s1_fused_multiply_o0_o3__multiply_o2_o1__add_s0_s1,1024,1,7,4158208,0,0,1,4560,4125,292,6167,5875,5709,6709,4.19,7792,3667,9333,1315,1.289,2208,-2352,-292
356,3084,omega_cached_attention_q1_h1_g8_d256_s3f800000_ln511_up0_x4_e1_k1_ds,17408,136,11,3763460,4128,0,1,21107,21536,750,21958,23500,23000,26459,3.08,5459,4000,41875,2393,1.113,19500,-1607,1542
357,3084,omega_cached_attention_q1_h1_g8_d256_s3f800000_ln511_up0_x4_e1_k1_ds_merge,8192,8,3,1320448,0,0,1,5351,5393,750,7333,7250,7125,7625,1.62,10666,3625,9792,1899,1.355,3625,-1726,-83
358,3086,omega_reduce_r5_o2_n2_multiply_add_zero,12288,192,4,661816768,0,0,1,9452,9560,417,12500,13459,13209,13917,1.71,5208,3917,16209,4007,1.424,9542,90,959
359,3095,omega_reduce_r2_o1_n2_multiply_add_zero_epi5_fused_identity_o5__multiply_s0_o4__add_s1_o3__square_root_s2__reciprocal_s3__multiply_s4_o2__multiply_s5_o1__add_s6_o0,256,1,9,629235112,32,0,1,7125,6982,3542,13125,12167,11958,12708,1.93,7875,3708,9209,5042,1.708,8459,1334,-958
360,3103,omega_reduce_r2_o1_n2_multiply_add_zero_epi4_fused_identity_o4__multiply_s0_o3__add_s1_o2__square_root_s2__reciprocal_s3__multiply_s4_o1__multiply_s5_o0,256,1,8,638723272,32,0,1,5482,5893,792,11250,10250,10084,10709,1.88,7917,3708,17250,4768,1.870,6542,1060,-1000
361,3108,omega_reduce_r3_o2_n2_multiply_add_zero,98304,1536,4,647524032,0,0,1,31155,31673,792,33250,38625,37500,39875,1.81,7958,4625,10458,7470,1.240,34000,2845,5375
362,3123,omega_reduce_r3_o2_n2_multiply_add_zero_epi9_fused_identity_o9__multiply_o5_o6__multiply_s1_o4__multiply_s2_o3__add_s3_o2__multiply_s4_o1__tanh_s5__add_s6_o0__multiply_o7_o8__multiply_s7_s8__multiply_s0_s9,98304,1536,13,642132944,0,0,1,34167,33351,750,36000,41333,40416,43292,1.81,9292,4667,42625,7166,1.210,36666,2499,5333
363,3125,omega_reduce_r3_o2_n2_multiply_add_zero,12288,192,4,658235840,0,0,1,35298,35726,5042,36542,43208,42500,45417,1.71,9334,3750,9458,7910,1.224,39458,4160,6666
364,3135,omega_reduce_r2_o1_n2_multiply_add_zero_epi5_fused_identity_o5__multiply_s0_o4__add_s1_o3__square_root_s2__reciprocal_s3__multiply_s4_o2__multiply_s5_o1__add_s6_o0,256,1,9,629264808,32,0,1,7125,6982,1792,13208,12458,12333,16417,6.82,9917,3666,16334,5333,1.748,8792,1667,-750
365,3151,omega_reduce_r3_o2_n2_multiply_add_zero_epi5_fused_identity_o5__identity_o0__multiply_s0_s0__multiply_s0_s2__multiply_s3_o3__add_s0_s4__multiply_s5_o2__tanh_s6__add_s7_o1__multiply_s0_o4__multiply_s8_s9__multiply_s1_s10,2048,32,9,627357392,0,0,1,6232,6262,958,10709,11166,10625,11584,2.51,7833,3875,12125,4934,1.792,7291,1059,457
366,3154,omega_reduce_r3_o2_n2_multiply_add_zero,12288,192,4,626176160,0,0,1,5024,5089,417,8083,7333,7041,7709,2.71,7958,3792,17083,2309,1.460,3541,-1483,-750
367,3166,omega_reduce_r2_o1_n2_multiply_add_zero_epi6_fused_identity_o6__multiply_s0_o4__add_s1_o3__square_root_s2__reciprocal_s3__multiply_s4_o2__multiply_s5_o1__add_s6_o0__multiply_s7_o5,256,1,10,1253435496,32,0,1,6851,6506,500,13125,13500,13250,17042,5.83,5167,3625,11292,6649,1.970,9875,3024,375
368,3181,omega_reduce_r2_o1_n2_multiply_add_zero_epi4_fused_identity_o4__multiply_s0_o3__add_s1_o2__square_root_s2__reciprocal_s3__multiply_s4_o1__multiply_s5_o0,256,1,8,628021160,32,0,1,5482,5893,375,11125,9875,9750,10250,1.17,7125,3666,41959,4393,1.801,6209,727,-1250
369,3183,omega_reduce_r4_o3_n2_multiply_add_zero,16384,256,4,624183712,0,0,1,10667,10667,-3125,13208,14208,13708,14750,1.51,8000,3750,10750,3541,1.332,10458,-209,1000
370,3191,omega_reduce_r3_o2_n2_multiply_add_zero_epi4_fused_identity_o4__multiply_s0_o3__add_s1_o2__square_root_s2__reciprocal_s3__multiply_s4_o1__multiply_s5_o0,512,8,8,624526760,16,0,1,5399,5411,458,11667,11084,10917,11792,1.97,8041,3708,16500,5685,2.053,7376,1977,-583
371,3194,omega_elementwise_twin_r3_n4_fused_multiply_o0_o1__multiply_o2_o3__subtract_s0_s1_fused_multiply_o0_o3__multiply_o2_o1__add_s0_s1,1024,1,7,4158208,0,0,1,4560,4125,42,6166,5625,5500,5958,1.89,6542,3583,12292,1065,1.234,2042,-2518,-541
372,3230,omega_cached_attention_q1_h1_g8_d256_s3f800000_ln511_up0_x4_e1_k1_ds,17408,136,11,3763460,4128,0,1,21107,21536,-2375,21792,22500,22083,23250,1.36,5292,3958,15875,1393,1.066,18542,-2565,708
373,3230,omega_cached_attention_q1_h1_g8_d256_s3f800000_ln511_up0_x4_e1_k1_ds_merge,8192,8,3,1320448,0,0,1,5351,5393,1000,6958,7292,7166,11250,12.16,9250,3625,8459,1941,1.363,3667,-1684,334
374,3232,omega_reduce_r5_o2_n2_multiply_add_zero,12288,192,4,625953184,0,0,1,9452,9560,1333,12583,12959,12666,13417,1.52,5208,3875,42041,3507,1.371,9084,-368,376
375,3241,omega_reduce_r2_o1_n2_multiply_add_zero_epi5_fused_identity_o5__multiply_s0_o4__add_s1_o3__square_root_s2__reciprocal_s3__multiply_s4_o2__multiply_s5_o1__add_s6_o0,256,1,9,593371528,32,0,1,7125,6982,500,13208,12209,11792,12667,1.96,7250,3708,9458,5084,1.714,8501,1376,-999
376,3249,omega_reduce_r2_o1_n2_multiply_add_zero_epi4_fused_identity_o4__multiply_s0_o3__add_s1_o2__square_root_s2__reciprocal_s3__multiply_s4_o1__multiply_s5_o0,256,1,8,602859688,32,0,1,5482,5893,3833,11416,10209,9958,10583,1.81,5750,3750,16167,4727,1.862,6459,977,-1207
377,3254,omega_reduce_r3_o2_n2_multiply_add_zero,98304,1536,4,611660448,0,0,1,31155,31673,1083,33125,38625,37625,39500,1.41,7833,4709,10416,7470,1.240,33916,2761,5500
378,3269,omega_reduce_r3_o2_n2_multiply_add_zero_epi9_fused_identity_o9__multiply_o5_o6__multiply_s1_o4__multiply_s2_o3__add_s3_o2__multiply_s4_o1__tanh_s5__add_s6_o0__multiply_o7_o8__multiply_s7_s8__multiply_s0_s9,98304,1536,13,606269360,0,0,1,34167,33351,1333,35750,41792,40334,46292,3.09,9250,4750,15166,7625,1.223,37042,2875,6042
379,3271,omega_reduce_r3_o2_n2_multiply_add_zero,12288,192,4,622372256,0,0,1,35298,35726,2292,36416,42625,41584,43709,1.16,9333,3834,8084,7327,1.208,38791,3493,6209
380,3281,omega_reduce_r2_o1_n2_multiply_add_zero_epi5_fused_identity_o5__multiply_s0_o4__add_s1_o3__square_root_s2__reciprocal_s3__multiply_s4_o2__multiply_s5_o1__add_s6_o0,256,1,9,593401224,32,0,1,7125,6982,-1000,13083,13125,12875,13584,1.45,9250,3792,51334,6000,1.842,9333,2208,42
381,3297,omega_reduce_r3_o2_n2_multiply_add_zero_epi5_fused_identity_o5__identity_o0__multiply_s0_s0__multiply_s0_s2__multiply_s3_o3__add_s0_s4__multiply_s5_o2__tanh_s6__add_s7_o1__multiply_s0_o4__multiply_s8_s9__multiply_s1_s10,2048,32,9,591493808,0,0,1,6315,6298,458,10708,11291,10750,11708,2.62,7916,3875,9708,4976,1.788,7416,1101,583
382,3300,omega_reduce_r3_o2_n2_multiply_add_zero,12288,192,4,590312576,0,0,1,5024,5089,750,8125,8292,8000,8834,2.64,7833,3917,16708,3268,1.651,4375,-649,167
383,3312,omega_reduce_r2_o1_n2_multiply_add_zero_epi6_fused_identity_o6__multiply_s0_o4__add_s1_o3__square_root_s2__reciprocal_s3__multiply_s4_o2__multiply_s5_o1__add_s6_o0__multiply_s7_o5,256,1,10,1181675048,32,0,1,6851,6506,667,13083,13542,13292,15833,3.89,8542,3709,8500,6691,1.977,9833,2982,459
384,3327,omega_reduce_r2_o1_n2_multiply_add_zero_epi4_fused_identity_o4__multiply_s0_o3__add_s1_o2__square_root_s2__reciprocal_s3__multiply_s4_o1__multiply_s5_o0,256,1,8,592049544,32,0,1,5482,5893,792,11000,9833,9666,10375,1.96,8083,3750,15208,4351,1.794,6083,601,-1167
385,3329,omega_reduce_r4_o3_n2_multiply_add_zero,32768,512,4,586542464,0,0,1,18220,18143,208,19459,21750,21208,25709,5.62,7917,3917,8500,3530,1.194,17833,-387,2291
386,3337,omega_reduce_r3_o2_n2_multiply_add_zero_epi4_fused_identity_o4__multiply_s0_o3__add_s1_o2__square_root_s2__reciprocal_s3__multiply_s4_o1__multiply_s5_o0,1024,8,8,585116040,16,0,1,5613,5625,3667,12125,12584,12292,13167,2.16,9375,3709,40292,6971,2.242,8875,3262,459
387,3340,omega_elementwise_twin_r3_n4_fused_multiply_o0_o1__multiply_o2_o3__subtract_s0_s1_fused_multiply_o0_o3__multiply_o2_o1__add_s0_s1,2048,2,7,4118784,0,0,1,4679,4768,375,6459,5959,5833,6333,2.29,7125,3667,9500,1280,1.274,2292,-2387,-500
388,3376,omega_cached_attention_q1_h1_g8_d512_s3f800000_ln9223372036854775808_up0_x4_e1_k1_ds,32768,256,11,7409412,8224,0,1,40940,40423,458,42958,47000,46042,48042,1.08,5208,4000,14875,6060,1.148,43000,2060,4042
389,3376,omega_cached_attention_q1_h1_g8_d512_s3f800000_ln9223372036854775808_up0_x4_e1_k1_ds_merge,8192,8,3,1582592,0,0,1,7732,7750,958,9416,9459,9292,12208,6.31,17167,3708,9292,1727,1.223,5751,-1981,43
390,3378,omega_reduce_r5_o2_n2_multiply_add_zero,12288,192,4,590081408,0,0,1,15798,15125,500,16709,19708,19167,22125,2.99,8458,3875,14750,3910,1.248,15833,35,2999
391,3387,omega_reduce_r2_o1_n2_multiply_add_zero_epi5_fused_identity_o5__multiply_s0_o4__add_s1_o3__square_root_s2__reciprocal_s3__multiply_s4_o2__multiply_s5_o1__add_s6_o0,256,1,9,553910120,32,0,1,7125,6982,-3417,13125,11750,11542,14625,7.03,11667,3709,9417,4625,1.649,8041,916,-1375
392,3395,omega_reduce_r2_o1_n2_multiply_add_zero_epi4_fused_identity_o4__multiply_s0_o3__add_s1_o2__square_root_s2__reciprocal_s3__multiply_s4_o1__multiply_s5_o0,256,1,8,563456136,32,0,1,5482,5893,625,11125,10208,9958,10709,2.27,8000,3792,41583,4726,1.862,6416,934,-917
393,3400,omega_reduce_r3_o2_n2_multiply_add_zero,98304,1536,4,572256896,0,0,1,31155,31673,1542,33125,37834,37125,40000,2.05,8042,4625,9417,6679,1.214,33209,2054,4709
394,3415,omega_reduce_r3_o2_n2_multiply_add_zero_epi9_fused_identity_o9__multiply_o5_o6__multiply_s1_o4__multiply_s2_o3__add_s3_o2__multiply_s4_o1__tanh_s5__add_s6_o0__multiply_o7_o8__multiply_s7_s8__multiply_s0_s9,98304,1536,13,566865808,0,0,1,34167,33351,1750,35750,41375,40416,43167,2.21,13916,4667,13791,7208,1.211,36708,2541,5625
395,3417,omega_reduce_r3_o2_n2_multiply_add_zero,12288,192,4,582968704,0,0,1,35298,35726,2208,36375,43208,42417,44959,1.61,19667,3875,5750,7910,1.224,39333,4035,6833
396,3427,omega_reduce_r2_o1_n2_multiply_add_zero_epi5_fused_identity_o5__multiply_s0_o4__add_s1_o3__square_root_s2__reciprocal_s3__multiply_s4_o2__multiply_s5_o1__add_s6_o0,256,1,9,553997672,32,0,1,7125,6982,167,13167,12458,12125,12875,1.80,19208,3750,13292,5333,1.748,8708,1583,-709
397,3443,omega_reduce_r3_o2_n2_multiply_add_zero_epi5_fused_identity_o5__identity_o0__multiply_s0_s0__multiply_s0_s2__multiply_s3_o3__add_s0_s4__multiply_s5_o2__tanh_s6__add_s7_o1__multiply_s0_o4__multiply_s8_s9__multiply_s1_s10,2048,32,9,552090256,0,0,1,6226,6274,417,10875,11250,10917,11792,1.80,11042,4208,8500,5024,1.807,7042,816,375
398,3446,omega_reduce_r3_o2_n2_multiply_add_zero,12288,192,4,550909024,0,0,1,5024,5089,292,8083,7458,7291,7708,1.95,8500,3875,41334,2434,1.485,3583,-1441,-625
399,3458,omega_reduce_r2_o1_n2_multiply_add_zero_epi6_fused_identity_o6__multiply_s0_o4__add_s1_o3__square_root_s2__reciprocal_s3__multiply_s4_o2__multiply_s5_o1__add_s6_o0__multiply_s7_o5,256,1,10,1102901224,32,0,1,6851,6506,292,13083,13666,13416,16375,6.66,6500,3792,10208,6815,1.995,9874,3023,583
400,3473,omega_reduce_r2_o1_n2_multiply_add_zero_epi4_fused_identity_o4__multiply_s0_o3__add_s1_o2__square_root_s2__reciprocal_s3__multiply_s4_o1__multiply_s5_o0,256,1,8,552754024,32,0,1,5482,5893,1917,10916,9917,9792,10208,0.81,503542,3917,474791,4435,1.809,6000,518,-999
401,3475,omega_reduce_r4_o3_n2_multiply_add_zero,16384,256,4,548916576,0,0,1,10667,10667,417,13167,13417,13291,13834,1.13,15875,4042,16667,2750,1.258,9375,-1292,250
402,3483,omega_reduce_r3_o2_n2_multiply_add_zero_epi4_fused_identity_o4__multiply_s0_o3__add_s1_o2__square_root_s2__reciprocal_s3__multiply_s4_o1__multiply_s5_o0,512,8,8,549259624,16,0,1,5399,5411,750,11750,12541,12250,12709,1.02,10250,3792,23750,7142,2.323,8749,3350,791
403,3486,omega_elementwise_twin_r3_n4_fused_multiply_o0_o1__multiply_o2_o3__subtract_s0_s1_fused_multiply_o0_o3__multiply_o2_o1__add_s0_s1,1024,1,7,4158208,0,0,1,4560,4125,500,6208,5875,5708,6000,1.46,7083,3792,11208,1315,1.289,2083,-2477,-333
404,3522,omega_cached_attention_q1_h1_g8_d256_s3f800000_ln511_up0_x4_e1_k1_ds,17408,136,11,3763460,4128,0,1,21107,21536,3917,21917,23625,23250,24167,0.89,19958,4250,21250,2518,1.119,19375,-1732,1708
405,3522,omega_cached_attention_q1_h1_g8_d256_s3f800000_ln511_up0_x4_e1_k1_ds_merge,8192,8,3,1320448,0,0,1,5351,5393,3833,7334,7334,7167,7583,1.45,11042,3791,9917,1983,1.371,3543,-1808,0
406,3524,omega_reduce_r5_o2_n2_multiply_add_zero,12288,192,4,550686048,0,0,1,9452,9560,1333,12541,13166,12792,13458,1.47,52709,3958,62875,3714,1.393,9208,-244,625
407,3533,omega_reduce_r2_o1_n2_multiply_add_zero_epi5_fused_identity_o5__multiply_s0_o4__add_s1_o3__square_root_s2__reciprocal_s3__multiply_s4_o2__multiply_s5_o1__add_s6_o0,256,1,9,518104392,32,0,1,7125,6982,375,13250,12125,12083,12333,0.64,9542,3916,10208,5000,1.702,8209,1084,-1125
408,3541,omega_reduce_r2_o1_n2_multiply_add_zero_epi4_fused_identity_o4__multiply_s0_o3__add_s1_o2__square_root_s2__reciprocal_s3__multiply_s4_o1__multiply_s5_o0,256,1,8,527592552,32,0,1,5482,5893,500,11334,10500,10250,10958,1.43,6041,3875,20083,5018,1.915,6625,1143,-834
409,3546,omega_reduce_r3_o2_n2_multiply_add_zero,98304,1536,4,536393312,0,0,1,31155,31673,3042,33125,38125,37125,39583,1.94,6042,4750,10541,6970,1.224,33375,2220,5000
410,3561,omega_reduce_r3_o2_n2_multiply_add_zero_epi9_fused_identity_o9__multiply_o5_o6__multiply_s1_o4__multiply_s2_o3__add_s3_o2__multiply_s4_o1__tanh_s5__add_s6_o0__multiply_o7_o8__multiply_s7_s8__multiply_s0_s9,98304,1536,13,531002224,0,0,1,34167,33351,2542,35791,41583,40041,42250,1.52,9959,4625,15750,7416,1.217,36958,2791,5792
411,3563,omega_reduce_r3_o2_n2_multiply_add_zero,12288,192,4,547105120,0,0,1,35298,35726,3417,36417,42833,42083,44000,1.35,10250,3750,6500,7535,1.213,39083,3785,6416
412,3573,omega_reduce_r2_o1_n2_multiply_add_zero_epi5_fused_identity_o5__multiply_s0_o4__add_s1_o3__square_root_s2__reciprocal_s3__multiply_s4_o2__multiply_s5_o1__add_s6_o0,256,1,9,518134088,32,0,1,7125,6982,4083,13083,12333,12000,12792,1.61,9542,3667,46166,5208,1.731,8666,1541,-750
413,3589,omega_reduce_r3_o2_n2_multiply_add_zero_epi5_fused_identity_o5__identity_o0__multiply_s0_s0__multiply_s0_s2__multiply_s3_o3__add_s0_s4__multiply_s5_o2__tanh_s6__add_s7_o1__multiply_s0_o4__multiply_s8_s9__multiply_s1_s10,2048,32,9,516226672,0,0,1,6226,6304,250,10708,11208,10708,11917,2.84,5667,3917,9458,4982,1.800,7291,1065,500
414,3592,omega_reduce_r3_o2_n2_multiply_add_zero,12288,192,4,515045440,0,0,1,5024,5089,417,8166,7334,7125,7917,3.30,5791,3709,17916,2310,1.460,3625,-1399,-832
415,3604,omega_reduce_r2_o1_n2_multiply_add_zero_epi6_fused_identity_o6__multiply_s0_o4__add_s1_o3__square_root_s2__reciprocal_s3__multiply_s4_o2__multiply_s5_o1__add_s6_o0__multiply_s7_o5,256,1,10,1031174056,32,0,1,6851,6506,750,13042,12667,12042,15958,6.03,5375,3541,7000,5816,1.849,9126,2275,-375
416,3619,omega_reduce_r2_o1_n2_multiply_add_zero_epi4_fused_identity_o4__multiply_s0_o3__add_s1_o2__square_root_s2__reciprocal_s3__multiply_s4_o1__multiply_s5_o0,256,1,8,516890440,32,0,1,5482,5893,-3000,10958,11250,10875,11875,2.24,7958,3667,16167,5768,2.052,7583,2101,292
417,3621,omega_reduce_r4_o3_n2_multiply_add_zero,16384,256,4,513052992,0,0,1,10667,10667,667,13375,13666,13125,14125,2.16,7917,3792,6166,2999,1.281,9874,-793,291
418,3629,omega_reduce_r3_o2_n2_multiply_add_zero_epi4_fused_identity_o4__multiply_s0_o3__add_s1_o2__square_root_s2__reciprocal_s3__multiply_s4_o1__multiply_s5_o0,512,8,8,513396040,16,0,1,5399,5411,167,11500,11458,11250,12375,2.49,9208,3625,47042,6059,2.122,7833,2434,-42
419,3632,omega_elementwise_twin_r3_n4_fused_multiply_o0_o1__multiply_o2_o3__subtract_s0_s1_fused_multiply_o0_o3__multiply_o2_o1__add_s0_s1,1024,1,7,4158208,0,0,1,4560,4125,375,6208,5708,5541,6291,3.08,7917,3708,10333,1148,1.252,2000,-2560,-500
420,3668,omega_cached_attention_q1_h1_g8_d256_s3f800000_ln511_up0_x4_e1_k1_ds,17408,136,11,3763460,4128,0,1,21107,21536,1250,21958,22250,21916,26458,5.05,5208,3916,17708,1143,1.054,18334,-2773,292
421,3668,omega_cached_attention_q1_h1_g8_d256_s3f800000_ln511_up0_x4_e1_k1_ds_merge,8192,8,3,1320448,0,0,1,5351,5393,833,7292,7292,7083,7792,2.58,9375,3584,10000,1941,1.363,3708,-1643,0
422,3670,omega_reduce_r5_o2_n2_multiply_add_zero,12288,192,4,514822464,0,0,1,9452,9560,500,12542,12625,12375,13042,1.45,5333,3792,15792,3173,1.336,8833,-619,83
423,3679,omega_reduce_r2_o1_n2_multiply_add_zero_epi5_fused_identity_o5__multiply_s0_o4__add_s1_o3__square_root_s2__reciprocal_s3__multiply_s4_o2__multiply_s5_o1__add_s6_o0,256,1,9,482240808,32,0,1,7125,6982,542,13250,12291,12083,12875,1.87,6500,3791,6500,5166,1.725,8500,1375,-959
424,3687,omega_reduce_r2_o1_n2_multiply_add_zero_epi4_fused_identity_o4__multiply_s0_o3__add_s1_o2__square_root_s2__reciprocal_s3__multiply_s4_o1__multiply_s5_o0,256,1,8,491728968,32,0,1,5482,5893,1750,11250,10250,10042,10791,1.89,7917,3875,46625,4768,1.870,6375,893,-1000
425,3692,omega_reduce_r3_o2_n2_multiply_add_zero,98304,1536,4,500529728,0,0,1,31155,31673,2000,33250,38583,37875,40084,1.55,8000,4625,8500,7428,1.238,33958,2803,5333
426,3707,omega_reduce_r3_o2_n2_multiply_add_zero_epi9_fused_identity_o9__multiply_o5_o6__multiply_s1_o4__multiply_s2_o3__add_s3_o2__multiply_s4_o1__tanh_s5__add_s6_o0__multiply_o7_o8__multiply_s7_s8__multiply_s0_s9,98304,1536,13,495138640,0,0,1,34167,33351,1708,36125,41541,39334,44167,2.85,9334,4792,16000,7374,1.216,36749,2582,5416
427,3709,omega_reduce_r3_o2_n2_multiply_add_zero,12288,192,4,511241536,0,0,1,35298,35726,2708,36292,42709,41958,44958,1.68,9208,3875,11458,7411,1.210,38834,3536,6417
428,3719,omega_reduce_r2_o1_n2_multiply_add_zero_epi5_fused_identity_o5__multiply_s0_o4__add_s1_o3__square_root_s2__reciprocal_s3__multiply_s4_o2__multiply_s5_o1__add_s6_o0,256,1,9,482270504,32,0,1,7125,6982,125,12916,12458,12084,15209,5.12,9334,3792,13291,5333,1.748,8666,1541,-458
429,3735,omega_reduce_r3_o2_n2_multiply_add_zero_epi5_fused_identity_o5__identity_o0__multiply_s0_s0__multiply_s0_s2__multiply_s3_o3__add_s0_s4__multiply_s5_o2__tanh_s6__add_s7_o1__multiply_s0_o4__multiply_s8_s9__multiply_s1_s10,2048,32,9,480363088,0,0,1,6280,6292,375,10750,11292,10792,11833,2.37,7125,4083,10125,5012,1.798,7209,929,542
430,3738,omega_reduce_r3_o2_n2_multiply_add_zero,12288,192,4,479181856,0,0,1,5024,5089,500,8167,7667,7208,8292,3.31,7875,3958,43542,2643,1.526,3709,-1315,-500
431,3750,omega_reduce_r2_o1_n2_multiply_add_zero_epi6_fused_identity_o6__multiply_s0_o4__add_s1_o3__square_root_s2__reciprocal_s3__multiply_s4_o2__multiply_s5_o1__add_s6_o0__multiply_s7_o5,256,1,10,959446888,32,0,1,6851,6506,583,13208,13666,13333,16958,6.26,5458,3625,9709,6815,1.995,10041,3190,458
432,3765,omega_reduce_r2_o1_n2_multiply_add_zero_epi4_fused_identity_o4__multiply_s0_o3__add_s1_o2__square_root_s2__reciprocal_s3__multiply_s4_o1__multiply_s5_o0,256,1,8,481026856,32,0,1,5482,5893,625,11000,10959,10291,11458,2.48,7958,3708,14709,5477,1.999,7251,1769,-41
433,3767,omega_reduce_r4_o3_n2_multiply_add_zero,16384,256,4,477189408,0,0,1,10667,10667,333,13209,14583,14000,14791,1.60,7959,3833,9000,3916,1.367,10750,83,1374
434,3775,omega_reduce_r3_o2_n2_multiply_add_zero_epi4_fused_identity_o4__multiply_s0_o3__add_s1_o2__square_root_s2__reciprocal_s3__multiply_s4_o1__multiply_s5_o0,512,8,8,477532456,16,0,1,5399,5411,417,11583,12500,12167,13292,2.32,9292,3708,16083,7101,2.315,8792,3393,917
435,3778,omega_elementwise_twin_r3_n4_fused_multiply_o0_o1__multiply_o2_o3__subtract_s0_s1_fused_multiply_o0_o3__multiply_o2_o1__add_s0_s1,1024,1,7,4158208,0,0,1,4560,4125,417,6167,5875,5667,6250,3.07,5709,3750,9250,1315,1.289,2125,-2435,-292
436,3814,omega_cached_attention_q1_h1_g8_d256_s3f800000_ln511_up0_x4_e1_k1_ds,17408,136,11,3763460,4128,0,1,21107,21536,625,21917,23375,22958,24000,1.29,5333,3958,42375,2268,1.107,19417,-1690,1458
437,3814,omega_cached_attention_q1_h1_g8_d256_s3f800000_ln511_up0_x4_e1_k1_ds_merge,8192,8,3,1320448,0,0,1,5351,5393,958,7334,7292,7000,7917,3.75,9292,3542,9375,1941,1.363,3750,-1601,-42
438,3816,omega_reduce_r5_o2_n2_multiply_add_zero,12288,192,4,478958880,0,0,1,9452,9560,458,12625,13000,12666,13583,1.65,5292,3875,16583,3548,1.375,9125,-327,375
439,3825,omega_reduce_r2_o1_n2_multiply_add_zero_epi5_fused_identity_o5__multiply_s0_o4__add_s1_o3__square_root_s2__reciprocal_s3__multiply_s4_o2__multiply_s5_o1__add_s6_o0,256,1,9,446377224,32,0,1,7125,6982,750,13375,12459,12208,12875,1.98,7834,3667,9417,5334,1.749,8792,1667,-916
440,3833,omega_reduce_r2_o1_n2_multiply_add_zero_epi4_fused_identity_o4__multiply_s0_o3__add_s1_o2__square_root_s2__reciprocal_s3__multiply_s4_o1__multiply_s5_o0,256,1,8,455865384,32,0,1,5482,5893,833,11041,10250,10000,10667,2.37,7709,3708,15916,4768,1.870,6542,1060,-791
441,3838,omega_reduce_r3_o2_n2_multiply_add_zero,98304,1536,4,464666144,0,0,1,31155,31673,1417,33250,38542,37292,40250,2.04,7917,4625,5709,7387,1.237,33917,2762,5292
442,3853,omega_reduce_r3_o2_n2_multiply_add_zero_epi9_fused_identity_o9__multiply_o5_o6__multiply_s1_o4__multiply_s2_o3__add_s3_o2__multiply_s4_o1__tanh_s5__add_s6_o0__multiply_o7_o8__multiply_s7_s8__multiply_s0_s9,98304,1536,13,459275056,0,0,1,34167,33351,1708,35834,41417,40000,43834,2.22,9292,4666,43084,7250,1.212,36751,2584,5583
443,3855,omega_reduce_r3_o2_n2_multiply_add_zero,12288,192,4,475377952,0,0,1,35298,35726,2458,36583,42375,41833,44666,1.52,9458,3834,9500,7077,1.201,38541,3243,5792
444,3865,omega_reduce_r2_o1_n2_multiply_add_zero_epi5_fused_identity_o5__multiply_s0_o4__add_s1_o3__square_root_s2__reciprocal_s3__multiply_s4_o2__multiply_s5_o1__add_s6_o0,256,1,9,446406920,32,0,1,7125,6982,333,12958,12583,12167,13167,2.20,9500,3750,15792,5458,1.766,8833,1708,-375
445,3881,omega_reduce_r3_o2_n2_multiply_add_zero_epi5_fused_identity_o5__identity_o0__multiply_s0_s0__multiply_s0_s2__multiply_s3_o3__add_s0_s4__multiply_s5_o2__tanh_s6__add_s7_o1__multiply_s0_o4__multiply_s8_s9__multiply_s1_s10,2048,32,9,444499504,0,0,1,6357,6357,625,10834,11250,10750,11917,2.58,8083,3958,7000,4893,1.770,7292,935,416
446,3884,omega_reduce_r3_o2_n2_multiply_add_zero,12288,192,4,443318272,0,0,1,5024,5089,4208,8125,7459,7125,7959,3.49,8000,3875,16875,2435,1.485,3584,-1440,-666
447,3896,omega_reduce_r2_o1_n2_multiply_add_zero_epi6_fused_identity_o6__multiply_s0_o4__add_s1_o3__square_root_s2__reciprocal_s3__multiply_s4_o2__multiply_s5_o1__add_s6_o0__multiply_s7_o5,256,1,10,887719720,32,0,1,6851,6506,1000,12959,13500,13083,16958,6.74,5292,3625,5584,6649,1.970,9875,3024,541
448,3911,omega_reduce_r2_o1_n2_multiply_add_zero_epi4_fused_identity_o4__multiply_s0_o3__add_s1_o2__square_root_s2__reciprocal_s3__multiply_s4_o1__multiply_s5_o0,256,1,8,445163272,32,0,1,5482,5893,250,11125,10292,10041,10875,2.54,7917,3709,40500,4810,1.877,6583,1101,-833
449,3913,omega_reduce_r4_o3_n2_multiply_add_zero,16384,256,4,441325824,0,0,1,10667,10667,375,13208,14583,14084,15250,2.24,7958,4042,9667,3916,1.367,10541,-126,1375
450,3921,omega_reduce_r3_o2_n2_multiply_add_zero_epi4_fused_identity_o4__multiply_s0_o3__add_s1_o2__square_root_s2__reciprocal_s3__multiply_s4_o1__multiply_s5_o0,512,8,8,441668872,16,0,1,5399,5411,875,11667,12375,12083,12958,1.85,8000,3792,15667,6976,2.292,8583,3184,708
451,3924,omega_elementwise_twin_r3_n4_fused_multiply_o0_o1__multiply_o2_o3__subtract_s0_s1_fused_multiply_o0_o3__multiply_o2_o1__add_s0_s1,1024,1,7,4158208,0,0,1,4560,4125,583,6166,5833,5625,6167,2.93,7792,3708,11167,1273,1.279,2125,-2435,-333
452,3960,omega_cached_attention_q1_h1_g8_d256_s3f800000_ln511_up0_x4_e1_k1_ds,17408,136,11,3763460,4128,0,1,21107,21536,1000,22083,23291,22958,23583,0.73,5167,4083,14834,2184,1.103,19208,-1899,1208
453,3960,omega_cached_attention_q1_h1_g8_d256_s3f800000_ln511_up0_x4_e1_k1_ds_merge,8192,8,3,1320448,0,0,1,5351,5393,4167,7000,7334,7083,7750,2.59,9708,3625,9750,1983,1.371,3709,-1642,334
454,3962,omega_reduce_r5_o2_n2_multiply_add_zero,12288,192,4,443095296,0,0,1,9452,9560,875,12458,12584,12375,12959,1.24,5167,3792,42000,3132,1.331,8792,-660,126
455,3971,omega_reduce_r2_o1_n2_multiply_add_zero_epi5_fused_identity_o5__multiply_s0_o4__add_s1_o3__square_root_s2__reciprocal_s3__multiply_s4_o2__multiply_s5_o1__add_s6_o0,256,1,9,410513640,32,0,1,7125,6982,542,13125,12125,11792,12625,1.89,7833,3750,12209,5000,1.702,8375,1250,-1000
456,3979,omega_reduce_r2_o1_n2_multiply_add_zero_epi4_fused_identity_o4__multiply_s0_o3__add_s1_o2__square_root_s2__reciprocal_s3__multiply_s4_o1__multiply_s5_o0,256,1,8,420001800,32,0,1,5482,5893,625,11125,10250,10042,11000,2.80,7875,3708,17292,4768,1.870,6542,1060,-875
457,3984,omega_reduce_r3_o2_n2_multiply_add_zero,98304,1536,4,428802560,0,0,1,31155,31673,875,33417,38875,37500,39750,1.99,7917,4708,10417,7720,1.248,34167,3012,5458
458,3999,omega_reduce_r3_o2_n2_multiply_add_zero_epi9_fused_identity_o9__multiply_o5_o6__multiply_s1_o4__multiply_s2_o3__add_s3_o2__multiply_s4_o1__tanh_s5__add_s6_o0__multiply_o7_o8__multiply_s7_s8__multiply_s0_s9,98304,1536,13,423411472,0,0,1,34167,33351,958,35792,41625,39667,44833,2.62,9208,4666,16167,7458,1.218,36959,2792,5833
459,4001,omega_reduce_r3_o2_n2_multiply_add_zero,12288,192,4,439514368,0,0,1,35298,35726,1625,36541,41959,41000,43166,1.45,9250,3833,10500,6661,1.189,38126,2828,5418
460,4011,omega_reduce_r2_o1_n2_multiply_add_zero_epi5_fused_identity_o5__multiply_s0_o4__add_s1_o3__square_root_s2__reciprocal_s3__multiply_s4_o2__multiply_s5_o1__add_s6_o0,256,1,9,410543336,32,0,1,7125,6982,125,13041,12458,12292,12958,1.18,9500,3791,51917,5333,1.748,8667,1542,-583
461,4027,omega_reduce_r3_o2_n2_multiply_add_zero_epi5_fused_identity_o5__identity_o0__multiply_s0_s0__multiply_s0_s2__multiply_s3_o3__add_s0_s4__multiply_s5_o2__tanh_s6__add_s7_o1__multiply_s0_o4__multiply_s8_s9__multiply_s1_s10,2048,32,9,408635920,0,0,1,6286,6280,542,10625,11000,10667,11292,1.44,7791,3958,10959,4714,1.750,7042,756,375
462,4030,omega_reduce_r3_o2_n2_multiply_add_zero,12288,192,4,407454688,0,0,1,5024,5089,750,8166,8166,7875,8542,2.62,7875,3792,16583,3142,1.625,4374,-650,0
463,4042,omega_reduce_r2_o1_n2_multiply_add_zero_epi6_fused_identity_o6__multiply_s0_o4__add_s1_o3__square_root_s2__reciprocal_s3__multiply_s4_o2__multiply_s5_o1__add_s6_o0__multiply_s7_o5,256,1,10,815959272,32,0,1,6851,6506,500,13084,13625,13292,14083,1.56,5333,3750,8792,6774,1.989,9875,3024,541
464,4057,omega_reduce_r2_o1_n2_multiply_add_zero_epi4_fused_identity_o4__multiply_s0_o3__add_s1_o2__square_root_s2__reciprocal_s3__multiply_s4_o1__multiply_s5_o0,256,1,8,409191656,32,0,1,5482,5893,1167,10958,10000,9750,10542,2.04,7958,3792,17000,4518,1.824,6208,726,-958
465,4059,omega_reduce_r4_o3_n2_multiply_add_zero,32768,512,4,403684576,0,0,1,18220,18143,375,19500,20333,20000,21292,1.61,7958,3875,9625,2113,1.116,16458,-1762,833
466,4067,omega_reduce_r3_o2_n2_multiply_add_zero_epi4_fused_identity_o4__multiply_s0_o3__add_s1_o2__square_root_s2__reciprocal_s3__multiply_s4_o1__multiply_s5_o0,1024,8,8,402258152,16,0,1,5613,5625,292,11750,12667,12375,13542,2.54,11708,3791,42541,7054,2.257,8876,3263,917
467,4070,omega_elementwise_twin_r3_n4_fused_multiply_o0_o1__multiply_o2_o3__subtract_s0_s1_fused_multiply_o0_o3__multiply_o2_o1__add_s0_s1,2048,2,7,4118784,0,0,1,4679,4768,542,6333,5958,5792,6417,2.66,8083,3750,9375,1279,1.273,2208,-2471,-375
468,4106,omega_cached_attention_q1_h1_g8_d512_s3f800000_ln9223372036854775808_up0_x4_e1_k1_ds,32768,256,11,7409412,8224,0,1,40940,40423,500,43125,46834,46083,52500,2.72,5167,4083,14250,5894,1.144,42751,1811,3709
469,4106,omega_cached_attention_q1_h1_g8_d512_s3f800000_ln9223372036854775808_up0_x4_e1_k1_ds_merge,8192,8,3,1582592,0,0,1,7732,7750,667,9000,9541,9334,13834,12.15,18083,3541,9333,1809,1.234,6000,-1732,541
470,4108,omega_reduce_r5_o2_n2_multiply_add_zero,12288,192,4,407223520,0,0,1,15798,15125,167,17625,19542,19125,20000,1.36,8375,3833,15250,3744,1.237,15709,-89,1917
471,4117,omega_reduce_r2_o1_n2_multiply_add_zero_epi5_fused_identity_o5__multiply_s0_o4__add_s1_o3__square_root_s2__reciprocal_s3__multiply_s4_o2__multiply_s5_o1__add_s6_o0,256,1,9,371052232,32,0,1,7125,6982,917,13167,11958,11667,15958,9.43,9542,3667,9375,4833,1.678,8291,1166,-1209
472,4125,omega_reduce_r2_o1_n2_multiply_add_zero_epi4_fused_identity_o4__multiply_s0_o3__add_s1_o2__square_root_s2__reciprocal_s3__multiply_s4_o1__multiply_s5_o0,256,1,8,380598248,32,0,1,5482,5893,875,10917,10166,9792,10584,2.34,8292,3625,42666,4684,1.854,6541,1059,-751
473,4130,omega_reduce_r3_o2_n2_multiply_add_zero,98304,1536,4,389399008,0,0,1,31155,31673,2000,33125,38584,37542,39416,1.42,8125,4625,9458,7429,1.238,33959,2804,5459
474,4145,omega_reduce_r3_o2_n2_multiply_add_zero_epi9_fused_identity_o9__multiply_o5_o6__multiply_s1_o4__multiply_s2_o3__add_s3_o2__multiply_s4_o1__tanh_s5__add_s6_o0__multiply_o7_o8__multiply_s7_s8__multiply_s0_s9,98304,1536,13,384007920,0,0,1,34167,33351,-42,35625,41833,40584,47292,3.79,18459,4792,13542,7666,1.224,37041,2874,6208
475,4147,omega_reduce_r3_o2_n2_multiply_add_zero,12288,192,4,400110816,0,0,1,35298,35726,2833,36375,43333,42750,45375,1.67,18791,3834,7875,8035,1.228,39499,4201,6958
476,4157,omega_reduce_r2_o1_n2_multiply_add_zero_epi5_fused_identity_o5__multiply_s0_o4__add_s1_o3__square_root_s2__reciprocal_s3__multiply_s4_o2__multiply_s5_o1__add_s6_o0,256,1,9,371139784,32,0,1,7125,6982,875,12542,13375,13250,13625,0.95,19209,3667,13250,6250,1.877,9708,2583,833
477,4173,omega_reduce_r3_o2_n2_multiply_add_zero_epi5_fused_identity_o5__identity_o0__multiply_s0_s0__multiply_s0_s2__multiply_s3_o3__add_s0_s4__multiply_s5_o2__tanh_s6__add_s7_o1__multiply_s0_o4__multiply_s8_s9__multiply_s1_s10,2048,32,9,369232368,0,0,1,6351,6381,583,10167,11458,10875,15500,8.10,10958,4167,10750,5107,1.804,7291,940,1291
478,4176,omega_reduce_r3_o2_n2_multiply_add_zero,12288,192,4,368051136,0,0,1,5024,5089,583,7792,7584,7292,7958,2.30,8667,3834,42083,2560,1.510,3750,-1274,-208
479,4188,omega_reduce_r2_o1_n2_multiply_add_zero_epi6_fused_identity_o6__multiply_s0_o4__add_s1_o3__square_root_s2__reciprocal_s3__multiply_s4_o2__multiply_s5_o1__add_s6_o0__multiply_s7_o5,256,1,10,737185448,32,0,1,6851,6506,1292,12417,13792,13500,16291,6.23,6500,3583,9459,6941,2.013,10209,3358,1375
480,4203,omega_reduce_r2_o1_n2_multiply_add_zero_epi4_fused_identity_o4__multiply_s0_o3__add_s1_o2__square_root_s2__reciprocal_s3__multiply_s4_o1__multiply_s5_o0,256,1,8,369896136,32,0,1,5482,5893,2083,10750,11292,11166,15084,7.18,501000,3709,455916,5810,2.060,7583,2101,542
481,4205,omega_reduce_r4_o3_n2_multiply_add_zero,16384,256,4,366058688,0,0,1,10667,10667,417,12917,14375,14209,14875,1.30,15041,3916,15500,3708,1.348,10459,-208,1458
482,4213,omega_reduce_r3_o2_n2_multiply_add_zero_epi4_fused_identity_o4__multiply_s0_o3__add_s1_o2__square_root_s2__reciprocal_s3__multiply_s4_o1__multiply_s5_o0,512,8,8,366401736,16,0,1,5399,5411,167,11375,12584,12250,13041,1.47,10667,3792,23833,7185,2.331,8792,3393,1209
483,4216,omega_elementwise_twin_r3_n4_fused_multiply_o0_o1__multiply_o2_o3__subtract_s0_s1_fused_multiply_o0_o3__multiply_o2_o1__add_s0_s1,1024,1,7,4158208,0,0,1,4560,4125,125,6041,5917,5750,6000,1.17,7000,3792,10708,1357,1.298,2125,-2435,-124
484,4252,omega_cached_attention_q1_h1_g8_d256_s3f800000_ln511_up0_x4_e1_k1_ds,17408,136,11,3763460,4128,0,1,21107,21536,1125,21875,23708,23333,24125,0.73,18042,4083,20167,2601,1.123,19625,-1482,1833
485,4252,omega_cached_attention_q1_h1_g8_d256_s3f800000_ln511_up0_x4_e1_k1_ds_merge,8192,8,3,1320448,0,0,1,5351,5393,708,7125,7375,7167,7709,1.62,11000,3667,10709,2024,1.378,3708,-1643,250
486,4254,omega_reduce_r5_o2_n2_multiply_add_zero,12288,192,4,367828160,0,0,1,9452,9560,417,12167,12667,12416,13500,2.11,55042,3875,62000,3215,1.340,8792,-660,500
487,4263,omega_reduce_r2_o1_n2_multiply_add_zero_epi5_fused_identity_o5__multiply_s0_o4__add_s1_o3__square_root_s2__reciprocal_s3__multiply_s4_o2__multiply_s5_o1__add_s6_o0,256,1,9,335246504,32,0,1,7125,6982,3917,12792,12333,12083,12500,0.88,9792,3667,9792,5208,1.731,8666,1541,-459
488,4271,omega_reduce_r2_o1_n2_multiply_add_zero_epi4_fused_identity_o4__multiply_s0_o3__add_s1_o2__square_root_s2__reciprocal_s3__multiply_s4_o1__multiply_s5_o0,256,1,8,344734664,32,0,1,5482,5893,708,10958,10167,9875,10334,1.00,6333,3667,21083,4685,1.855,6500,1018,-791
489,4276,omega_reduce_r3_o2_n2_multiply_add_zero,98304,1536,4,353535424,0,0,1,31155,31673,1375,33125,38625,37250,40875,2.18,6083,4667,10750,7470,1.240,33958,2803,5500
490,4291,omega_reduce_r3_o2_n2_multiply_add_zero_epi9_fused_identity_o9__multiply_o5_o6__multiply_s1_o4__multiply_s2_o3__add_s3_o2__multiply_s4_o1__tanh_s5__add_s6_o0__multiply_o7_o8__multiply_s7_s8__multiply_s0_s9,98304,1536,13,348144336,0,0,1,34167,33351,1458,35750,41375,39916,44375,2.41,9792,4625,17459,7208,1.211,36750,2583,5625
491,4293,omega_reduce_r3_o2_n2_multiply_add_zero,12288,192,4,364247232,0,0,1,35298,35726,3333,36416,43042,42042,44333,1.32,9334,3916,9958,7744,1.219,39126,3828,6626
492,4303,omega_reduce_r2_o1_n2_multiply_add_zero_epi5_fused_identity_o5__multiply_s0_o4__add_s1_o3__square_root_s2__reciprocal_s3__multiply_s4_o2__multiply_s5_o1__add_s6_o0,256,1,9,335276200,32,0,1,7125,6982,375,12917,14000,13583,17500,6.57,9542,3708,45500,6875,1.965,10292,3167,1083
493,4319,omega_reduce_r3_o2_n2_multiply_add_zero_epi5_fused_identity_o5__identity_o0__multiply_s0_s0__multiply_s0_s2__multiply_s3_o3__add_s0_s4__multiply_s5_o2__tanh_s6__add_s7_o1__multiply_s0_o4__multiply_s8_s9__multiply_s1_s10,2048,32,9,333368784,0,0,1,6286,6375,-625,10833,10375,9917,11291,3.46,7000,3917,10875,4089,1.651,6458,172,-458
494,4322,omega_reduce_r3_o2_n2_multiply_add_zero,12288,192,4,332187552,0,0,1,5024,5089,500,8167,7875,7500,8417,3.58,7875,3750,17584,2851,1.568,4125,-899,-292
495,4334,omega_reduce_r2_o1_n2_multiply_add_zero_epi6_fused_identity_o6__multiply_s0_o4__add_s1_o3__square_root_s2__reciprocal_s3__multiply_s4_o2__multiply_s5_o1__add_s6_o0__multiply_s7_o5,256,1,10,665458280,32,0,1,6851,6506,625,13208,12209,11791,15208,5.80,5833,3625,7208,5358,1.782,8584,1733,-999
496,4349,omega_reduce_r2_o1_n2_multiply_add_zero_epi4_fused_identity_o4__multiply_s0_o3__add_s1_o2__square_root_s2__reciprocal_s3__multiply_s4_o1__multiply_s5_o0,256,1,8,334032552,32,0,1,5482,5893,542,11250,11375,11041,12166,3.10,8000,3625,15959,5893,2.075,7750,2268,125
497,4351,omega_reduce_r4_o3_n2_multiply_add_zero,16384,256,4,330195104,0,0,1,10667,10667,250,13292,13584,13209,14042,2.01,7917,3667,6292,2917,1.273,9917,-750,292
498,4359,omega_reduce_r3_o2_n2_multiply_add_zero_epi4_fused_identity_o4__multiply_s0_o3__add_s1_o2__square_root_s2__reciprocal_s3__multiply_s4_o1__multiply_s5_o0,512,8,8,330538152,16,0,1,5399,5411,708,11709,11709,11250,12125,2.03,9834,3667,46125,6310,2.169,8042,2643,0
499,4362,omega_elementwise_twin_r3_n4_fused_multiply_o0_o1__multiply_o2_o3__subtract_s0_s1_fused_multiply_o0_o3__multiply_o2_o1__add_s0_s1,1024,1,7,4158208,0,0,1,4560,4125,83,6167,5834,5667,6416,3.32,8042,3625,10250,1274,1.280,2209,-2351,-333
500,4398,omega_cached_attention_q1_h1_g8_d256_s3f800000_ln511_up0_x4_e1_k1_ds,17408,136,11,3763460,4128,0,1,21107,21536,667,22042,22292,22083,22833,0.86,5250,4000,17875,1185,1.056,18292,-2815,250
501,4398,omega_cached_attention_q1_h1_g8_d256_s3f800000_ln511_up0_x4_e1_k1_ds_merge,8192,8,3,1320448,0,0,1,5351,5393,1667,7375,7291,7125,7750,2.44,9292,3542,9333,1940,1.363,3749,-1602,-84
502,4400,omega_reduce_r5_o2_n2_multiply_add_zero,12288,192,4,331964576,0,0,1,9452,9560,917,12542,13250,12959,15167,3.34,5792,3750,16167,3798,1.402,9500,48,708
503,4409,omega_reduce_r2_o1_n2_multiply_add_zero_epi5_fused_identity_o5__multiply_s0_o4__add_s1_o3__square_root_s2__reciprocal_s3__multiply_s4_o2__multiply_s5_o1__add_s6_o0,256,1,9,299382920,32,0,1,7125,6982,292,13166,12209,12042,12833,2.11,7916,3667,6167,5084,1.714,8542,1417,-957
504,4417,omega_reduce_r2_o1_n2_multiply_add_zero_epi4_fused_identity_o4__multiply_s0_o3__add_s1_o2__square_root_s2__reciprocal_s3__multiply_s4_o1__multiply_s5_o0,256,1,8,308871080,32,0,1,5482,5893,375,11083,10375,10083,10917,2.26,7875,3750,47416,4893,1.893,6625,1143,-708
505,4422,omega_reduce_r3_o2_n2_multiply_add_zero,98304,1536,4,317671840,0,0,1,31155,31673,4417,33500,38708,37208,39917,1.96,7958,4667,8583,7553,1.242,34041,2886,5208
506,4437,omega_reduce_r3_o2_n2_multiply_add_zero_epi9_fused_identity_o9__multiply_o5_o6__multiply_s1_o4__multiply_s2_o3__add_s3_o2__multiply_s4_o1__tanh_s5__add_s6_o0__multiply_o7_o8__multiply_s7_s8__multiply_s0_s9,98304,1536,13,312280752,0,0,1,34167,33351,2083,35917,41708,40583,45750,3.04,9292,4750,16208,7541,1.221,36958,2791,5791
507,4439,omega_reduce_r3_o2_n2_multiply_add_zero,12288,192,4,328383648,0,0,1,35298,35726,2958,36625,42333,41416,43208,1.15,11417,3833,8333,7035,1.199,38500,3202,5708
508,4449,omega_reduce_r2_o1_n2_multiply_add_zero_epi5_fused_identity_o5__multiply_s0_o4__add_s1_o3__square_root_s2__reciprocal_s3__multiply_s4_o2__multiply_s5_o1__add_s6_o0,256,1,9,299412616,32,0,1,7125,6982,375,12958,12584,12250,13417,2.24,10208,3667,13417,5459,1.766,8917,1792,-374
509,4465,omega_reduce_r3_o2_n2_multiply_add_zero_epi5_fused_identity_o5__identity_o0__multiply_s0_s0__multiply_s0_s2__multiply_s3_o3__add_s0_s4__multiply_s5_o2__tanh_s6__add_s7_o1__multiply_s0_o4__multiply_s8_s9__multiply_s1_s10,2048,32,9,297505200,0,0,1,6262,6286,458,10792,11250,10875,11792,2.79,7916,4208,6875,4988,1.797,7042,780,458
510,4468,omega_reduce_r3_o2_n2_multiply_add_zero,12288,192,4,296323968,0,0,1,5024,5089,875,8042,8792,8125,9042,2.98,7834,3833,42500,3768,1.750,4959,-65,750
511,4480,omega_reduce_r2_o1_n2_multiply_add_zero_epi6_fused_identity_o6__multiply_s0_o4__add_s1_o3__square_root_s2__reciprocal_s3__multiply_s4_o2__multiply_s5_o1__add_s6_o0__multiply_s7_o5,256,1,10,593731112,32,0,1,6851,6506,-333,13208,13958,13375,16750,6.10,8542,3708,10750,7107,2.037,10250,3399,750
512,4495,omega_reduce_r2_o1_n2_multiply_add_zero_epi4_fused_identity_o4__multiply_s0_o3__add_s1_o2__square_root_s2__reciprocal_s3__multiply_s4_o1__multiply_s5_o0,256,1,8,298168968,32,0,1,5482,5893,500,11000,10042,9833,10625,2.31,8042,3750,17208,4560,1.832,6292,810,-958
513,4497,omega_reduce_r4_o3_n2_multiply_add_zero,16384,256,4,294331520,0,0,1,10667,10667,625,13250,13541,13250,14417,2.58,8042,3792,12083,2874,1.269,9749,-918,291
514,4505,omega_reduce_r3_o2_n2_multiply_add_zero_epi4_fused_identity_o4__multiply_s0_o3__add_s1_o2__square_root_s2__reciprocal_s3__multiply_s4_o1__multiply_s5_o0,512,8,8,294674568,16,0,1,5399,5411,542,11750,11709,11333,12291,2.06,11375,3625,16417,6310,2.169,8084,2685,-41
515,4508,omega_elementwise_twin_r3_n4_fused_multiply_o0_o1__multiply_o2_o3__subtract_s0_s1_fused_multiply_o0_o3__multiply_o2_o1__add_s0_s1,1024,1,7,4158208,0,0,1,4560,4125,500,6208,5750,5500,8041,8.82,7834,3708,5375,1190,1.261,2042,-2518,-458
516,4544,omega_cached_attention_q1_h1_g8_d256_s3f800000_ln511_up0_x4_e1_k1_ds,17408,136,11,3763460,4128,0,1,21107,21536,-167,21916,22292,22000,23000,1.12,5334,4000,41208,1185,1.056,18292,-2815,376
517,4544,omega_cached_attention_q1_h1_g8_d256_s3f800000_ln511_up0_x4_e1_k1_ds_merge,8192,8,3,1320448,0,0,1,5351,5393,917,7292,7458,7208,7958,3.18,9292,3625,9250,2107,1.394,3833,-1518,166
518,4546,omega_reduce_r5_o2_n2_multiply_add_zero,12288,192,4,296100992,0,0,1,9452,9560,250,12459,13459,13167,16333,6.26,5375,3833,16959,4007,1.424,9626,174,1000
519,4555,omega_reduce_r2_o1_n2_multiply_add_zero_epi5_fused_identity_o5__multiply_s0_o4__add_s1_o3__square_root_s2__reciprocal_s3__multiply_s4_o2__multiply_s5_o1__add_s6_o0,256,1,9,263519336,32,0,1,7125,6982,-3292,13167,12167,11875,12625,1.34,8042,3750,8625,5042,1.708,8417,1292,-1000
520,4563,omega_reduce_r2_o1_n2_multiply_add_zero_epi4_fused_identity_o4__multiply_s0_o3__add_s1_o2__square_root_s2__reciprocal_s3__multiply_s4_o1__multiply_s5_o0,256,1,8,273007496,32,0,1,5482,5893,375,11375,10333,10084,11208,2.80,7916,3791,15667,4851,1.885,6542,1060,-1042
521,4568,omega_reduce_r3_o2_n2_multiply_add_zero,98304,1536,4,281808256,0,0,1,31155,31673,-42,33291,38000,37500,39500,1.61,7917,4584,9000,6845,1.220,33416,2261,4709
522,4583,omega_reduce_r3_o2_n2_multiply_add_zero_epi9_fused_identity_o9__multiply_o5_o6__multiply_s1_o4__multiply_s2_o3__add_s3_o2__multiply_s4_o1__tanh_s5__add_s6_o0__multiply_o7_o8__multiply_s7_s8__multiply_s0_s9,98304,1536,13,276417168,0,0,1,34167,33351,750,35792,41250,40625,43125,1.91,9291,4792,45000,7083,1.207,36458,2291,5458
523,4585,omega_reduce_r3_o2_n2_multiply_add_zero,12288,192,4,292520064,0,0,1,35298,35726,5417,36334,43917,42625,45000,1.41,9917,3875,9584,8619,1.244,40042,4744,7583
524,4595,omega_reduce_r2_o1_n2_multiply_add_zero_epi5_fused_identity_o5__multiply_s0_o4__add_s1_o3__square_root_s2__reciprocal_s3__multiply_s4_o2__multiply_s5_o1__add_s6_o0,256,1,9,263549032,32,0,1,7125,6982,708,13084,12458,12250,15875,6.01,9291,3666,15708,5333,1.748,8792,1667,-626
525,4611,omega_reduce_r3_o2_n2_multiply_add_zero_epi5_fused_identity_o5__identity_o0__multiply_s0_s0__multiply_s0_s2__multiply_s3_o3__add_s0_s4__multiply_s5_o2__tanh_s6__add_s7_o1__multiply_s0_o4__multiply_s8_s9__multiply_s1_s10,2048,32,9,261641616,0,0,1,6339,6321,2125,10792,11292,10625,11959,3.41,7750,4042,8417,4953,1.781,7250,911,500
526,4614,omega_reduce_r3_o2_n2_multiply_add_zero,12288,192,4,260460384,0,0,1,5024,5089,375,8125,8417,7917,9000,3.29,7875,4042,16208,3393,1.675,4375,-649,292
527,4626,omega_reduce_r2_o1_n2_multiply_add_zero_epi6_fused_identity_o6__multiply_s0_o4__add_s1_o3__square_root_s2__reciprocal_s3__multiply_s4_o2__multiply_s5_o1__add_s6_o0__multiply_s7_o5,256,1,10,522003944,32,0,1,6851,6506,708,13250,13708,13292,14250,1.88,8458,3917,6166,6857,2.001,9791,2940,458
528,4641,omega_reduce_r2_o1_n2_multiply_add_zero_epi4_fused_identity_o4__multiply_s0_o3__add_s1_o2__square_root_s2__reciprocal_s3__multiply_s4_o1__multiply_s5_o0,256,1,8,262305384,32,0,1,5482,5893,1083,11042,10333,10125,10834,2.48,11875,3834,42833,4851,1.885,6499,1017,-709
529,4643,omega_reduce_r4_o3_n2_multiply_add_zero,16384,256,4,258467936,0,0,1,10667,10667,2125,13333,13583,13166,14000,1.51,8000,3917,9417,2916,1.273,9666,-1001,250
530,4651,omega_reduce_r3_o2_n2_multiply_add_zero_epi4_fused_identity_o4__multiply_s0_o3__add_s1_o2__square_root_s2__reciprocal_s3__multiply_s4_o1__multiply_s5_o0,512,8,8,258810984,16,0,1,5399,5411,500,11667,11750,11208,12042,2.15,9042,3834,16041,6351,2.176,7916,2517,83
531,4654,omega_elementwise_twin_r3_n4_fused_multiply_o0_o1__multiply_o2_o3__subtract_s0_s1_fused_multiply_o0_o3__multiply_o2_o1__add_s0_s1,1024,1,7,4158208,0,0,1,4560,4125,583,6166,5917,5750,6292,3.28,6500,3959,9000,1357,1.298,1958,-2602,-249
532,4690,omega_cached_attention_q1_h1_g8_d256_s3f800000_ln511_up0_x4_e1_k1_ds,17408,136,11,3763460,4128,0,1,21107,21536,292,21834,22333,22125,26709,4.26,5208,4167,16125,1226,1.058,18166,-2941,499
533,4690,omega_cached_attention_q1_h1_g8_d256_s3f800000_ln511_up0_x4_e1_k1_ds_merge,8192,8,3,1320448,0,0,1,5351,5393,667,7292,7375,7209,7750,2.46,9333,3584,9250,2024,1.378,3791,-1560,83
534,4692,omega_reduce_r5_o2_n2_multiply_add_zero,12288,192,4,260237408,0,0,1,9452,9560,625,12542,13417,13166,17458,6.60,5209,3833,42541,3965,1.419,9584,132,875
535,4701,omega_reduce_r2_o1_n2_multiply_add_zero_epi5_fused_identity_o5__multiply_s0_o4__add_s1_o3__square_root_s2__reciprocal_s3__multiply_s4_o2__multiply_s5_o1__add_s6_o0,256,1,9,227655752,32,0,1,7125,6982,208,13125,12125,11958,12625,1.83,7917,3709,9458,5000,1.702,8416,1291,-1000
536,4709,omega_reduce_r2_o1_n2_multiply_add_zero_epi4_fused_identity_o4__multiply_s0_o3__add_s1_o2__square_root_s2__reciprocal_s3__multiply_s4_o1__multiply_s5_o0,256,1,8,237143912,32,0,1,5482,5893,458,11167,10416,10042,10750,2.23,7083,3792,17291,4934,1.900,6624,1142,-751
537,4714,omega_reduce_r3_o2_n2_multiply_add_zero,98304,1536,4,245944672,0,0,1,31155,31673,1292,33166,37709,37208,39083,1.71,7875,4666,9084,6554,1.210,33043,1888,4543
538,4729,omega_reduce_r3_o2_n2_multiply_add_zero_epi9_fused_identity_o9__multiply_o5_o6__multiply_s1_o4__multiply_s2_o3__add_s3_o2__multiply_s4_o1__tanh_s5__add_s6_o0__multiply_o7_o8__multiply_s7_s8__multiply_s0_s9,98304,1536,13,240553584,0,0,1,34167,33351,1667,35667,41875,40167,43458,2.35,12000,4666,15375,7708,1.226,37209,3042,6208
539,4731,omega_reduce_r3_o2_n2_multiply_add_zero,12288,192,4,256656480,0,0,1,35298,35726,5792,36500,42750,41875,43709,1.27,9292,3791,10333,7452,1.211,38959,3661,6250
540,4741,omega_reduce_r2_o1_n2_multiply_add_zero_epi5_fused_identity_o5__multiply_s0_o4__add_s1_o3__square_root_s2__reciprocal_s3__multiply_s4_o2__multiply_s5_o1__add_s6_o0,256,1,9,227685448,32,0,1,7125,6982,292,12958,12292,12166,12792,1.31,10042,3666,52125,5167,1.725,8626,1501,-666
541,4757,omega_reduce_r3_o2_n2_multiply_add_zero_epi5_fused_identity_o5__identity_o0__multiply_s0_s0__multiply_s0_s2__multiply_s3_o3__add_s0_s4__multiply_s5_o2__tanh_s6__add_s7_o1__multiply_s0_o4__multiply_s8_s9__multiply_s1_s10,2048,32,9,225778032,0,0,1,6196,6375,500,10708,10666,10166,11208,2.35,7917,4000,12209,4470,1.721,6666,470,-42
542,4760,omega_reduce_r3_o2_n2_multiply_add_zero,12288,192,4,224596800,0,0,1,5024,5089,625,8166,7292,7083,7625,2.02,7042,3792,17250,2268,1.451,3500,-1524,-874
543,4772,omega_reduce_r2_o1_n2_multiply_add_zero_epi6_fused_identity_o6__multiply_s0_o4__add_s1_o3__square_root_s2__reciprocal_s3__multiply_s4_o2__multiply_s5_o1__add_s6_o0__multiply_s7_o5,256,1,10,450243496,32,0,1,6851,6506,1000,13125,11875,11667,14041,3.99,5208,3667,12250,5024,1.733,8208,1357,-1250
544,4787,omega_reduce_r2_o1_n2_multiply_add_zero_epi4_fused_identity_o4__multiply_s0_o3__add_s1_o2__square_root_s2__reciprocal_s3__multiply_s4_o1__multiply_s5_o0,256,1,8,226333768,32,0,1,5482,5893,750,11000,10959,10708,11500,2.37,7875,3958,17042,5477,1.999,7001,1519,-41
545,4789,omega_reduce_r4_o3_n2_multiply_add_zero,32768,512,4,220826688,0,0,1,18220,18143,-625,19458,20709,20375,22292,2.00,8000,3875,12125,2489,1.137,16834,-1386,1251
546,4797,omega_reduce_r3_o2_n2_multiply_add_zero_epi4_fused_identity_o4__multiply_s0_o3__add_s1_o2__square_root_s2__reciprocal_s3__multiply_s4_o1__multiply_s5_o0,1024,8,8,219400264,16,0,1,5613,5625,542,11791,12666,12333,15625,5.40,9459,3625,42250,7053,2.257,9041,3428,875
547,4800,omega_elementwise_twin_r3_n4_fused_multiply_o0_o1__multiply_o2_o3__subtract_s0_s1_fused_multiply_o0_o3__multiply_o2_o1__add_s0_s1,2048,2,7,4118784,0,0,1,4679,4768,542,6375,5958,5750,6500,3.08,8208,3708,10667,1279,1.273,2250,-2429,-417
548,4836,omega_cached_attention_q1_h1_g8_d512_s3f800000_ln9223372036854775808_up0_x4_e1_k1_ds,32768,256,11,7409412,8224,0,1,40940,40423,-3042,43250,47083,46583,52000,2.79,5209,4292,17167,6143,1.150,42791,1851,3833
549,4836,omega_cached_attention_q1_h1_g8_d512_s3f800000_ln9223372036854775808_up0_x4_e1_k1_ds_merge,8192,8,3,1582592,0,0,1,7732,7750,958,9041,9625,9334,9875,1.60,13666,3583,8708,1893,1.245,6042,-1690,584
550,4838,omega_reduce_r5_o2_n2_multiply_add_zero,12288,192,4,224365632,0,0,1,15798,15125,625,16750,19042,18667,20500,1.97,8042,3875,16333,3244,1.205,15167,-631,2292
551,4847,omega_reduce_r2_o1_n2_multiply_add_zero_epi5_fused_identity_o5__multiply_s0_o4__add_s1_o3__square_root_s2__reciprocal_s3__multiply_s4_o2__multiply_s5_o1__add_s6_o0,256,1,9,188194344,32,0,1,7125,6982,417,13000,11917,11583,15417,6.50,11875,3708,6500,4792,1.673,8209,1084,-1083
552,4855,omega_reduce_r2_o1_n2_multiply_add_zero_epi4_fused_identity_o4__multiply_s0_o3__add_s1_o2__square_root_s2__reciprocal_s3__multiply_s4_o1__multiply_s5_o0,256,1,8,197740360,32,0,1,5482,5893,500,11333,10500,10125,10792,2.20,8042,3750,42750,5018,1.915,6750,1268,-833
553,4860,omega_reduce_r3_o2_n2_multiply_add_zero,98304,1536,4,206541120,0,0,1,31155,31673,1125,33250,38375,37500,39542,1.32,8125,4625,9666,7220,1.232,33750,2595,5125
554,4875,omega_reduce_r3_o2_n2_multiply_add_zero_epi9_fused_identity_o9__multiply_o5_o6__multiply_s1_o4__multiply_s2_o3__add_s3_o2__multiply_s4_o1__tanh_s5__add_s6_o0__multiply_o7_o8__multiply_s7_s8__multiply_s0_s9,98304,1536,13,201150032,0,0,1,34167,33351,-292,35625,41916,40125,42875,1.66,14542,4750,15917,7749,1.227,37166,2999,6291
555,4877,omega_reduce_r3_o2_n2_multiply_add_zero,12288,192,4,217252928,0,0,1,35298,35726,3083,36625,42500,41666,43375,1.22,19541,4000,9500,7202,1.204,38500,3202,5875
556,4887,omega_reduce_r2_o1_n2_multiply_add_zero_epi5_fused_identity_o5__multiply_s0_o4__add_s1_o3__square_root_s2__reciprocal_s3__multiply_s4_o2__multiply_s5_o1__add_s6_o0,256,1,9,188281896,32,0,1,7125,6982,625,13042,12541,12167,16917,7.67,18666,3875,15542,5416,1.760,8666,1541,-501
557,4903,omega_reduce_r3_o2_n2_multiply_add_zero_epi5_fused_identity_o5__identity_o0__multiply_s0_s0__multiply_s0_s2__multiply_s3_o3__add_s0_s4__multiply_s5_o2__tanh_s6__add_s7_o1__multiply_s0_o4__multiply_s8_s9__multiply_s1_s10,2048,32,9,186374480,0,0,1,6292,6274,1875,10709,11250,10792,11542,1.75,10417,4250,5459,4958,1.788,7000,708,541
558,4906,omega_reduce_r3_o2_n2_multiply_add_zero,12288,192,4,185193248,0,0,1,5024,5089,750,8042,7542,7333,9500,6.04,8250,3833,42625,2518,1.501,3709,-1315,-500
559,4918,omega_reduce_r2_o1_n2_multiply_add_zero_epi6_fused_identity_o6__multiply_s0_o4__add_s1_o3__square_root_s2__reciprocal_s3__multiply_s4_o2__multiply_s5_o1__add_s6_o0__multiply_s7_o5,256,1,10,371469672,32,0,1,6851,6506,333,13125,12125,11792,14750,8.86,6250,3709,9334,5274,1.770,8416,1565,-1000
560,4933,omega_reduce_r2_o1_n2_multiply_add_zero_epi4_fused_identity_o4__multiply_s0_o3__add_s1_o2__square_root_s2__reciprocal_s3__multiply_s4_o1__multiply_s5_o0,256,1,8,187038248,32,0,1,5482,5893,417,11000,10250,9917,10500,1.46,506458,3792,469250,4768,1.870,6458,976,-750
561,4935,omega_reduce_r4_o3_n2_multiply_add_zero,16384,256,4,183200800,0,0,1,10667,10667,417,13208,14500,14166,14959,1.34,16042,3958,14958,3833,1.359,10542,-125,1292
562,4943,omega_reduce_r3_o2_n2_multiply_add_zero_epi4_fused_identity_o4__multiply_s0_o3__add_s1_o2__square_root_s2__reciprocal_s3__multiply_s4_o1__multiply_s5_o0,512,8,8,183543848,16,0,1,5399,5411,333,11750,12500,12375,12667,0.60,11250,3792,23333,7101,2.315,8708,3309,750
563,4946,omega_elementwise_twin_r3_n4_fused_multiply_o0_o1__multiply_o2_o3__subtract_s0_s1_fused_multiply_o0_o3__multiply_o2_o1__add_s0_s1,1024,1,7,4158208,0,0,1,4560,4125,250,6166,6000,5792,6084,1.46,6750,3750,10083,1440,1.316,2250,-2310,-166
564,4982,omega_cached_attention_q1_h1_g8_d256_s3f800000_ln511_up0_x4_e1_k1_ds,17408,136,11,3763460,4128,0,1,21107,21536,-125,21834,23916,23625,24166,0.51,19375,3959,20542,2809,1.133,19957,-1150,2082
565,4982,omega_cached_attention_q1_h1_g8_d256_s3f800000_ln511_up0_x4_e1_k1_ds_merge,8192,8,3,1320448,0,0,1,5351,5393,833,7292,7333,7125,7583,1.49,11250,3583,9792,1982,1.370,3750,-1601,41
566,4984,omega_reduce_r5_o2_n2_multiply_add_zero,12288,192,4,184970272,0,0,1,9452,9560,375,12625,12750,12500,13500,1.76,53500,3750,61750,3298,1.349,9000,-452,125
567,4993,omega_reduce_r2_o1_n2_multiply_add_zero_epi5_fused_identity_o5__multiply_s0_o4__add_s1_o3__square_root_s2__reciprocal_s3__multiply_s4_o2__multiply_s5_o1__add_s6_o0,256,1,9,152388616,32,0,1,7125,6982,1875,13333,12291,12167,12459,0.58,10542,3708,9916,5166,1.725,8583,1458,-1042
568,5001,omega_reduce_r2_o1_n2_multiply_add_zero_epi4_fused_identity_o4__multiply_s0_o3__add_s1_o2__square_root_s2__reciprocal_s3__multiply_s4_o1__multiply_s5_o0,256,1,8,161876776,32,0,1,5482,5893,3792,11166,10125,9917,10416,1.24,6167,3750,19625,4643,1.847,6375,893,-1041
569,5006,omega_reduce_r3_o2_n2_multiply_add_zero,98304,1536,4,170677536,0,0,1,31155,31673,1000,33084,37875,37250,39791,1.77,6292,4625,9833,6720,1.216,33250,2095,4791
570,5021,omega_reduce_r3_o2_n2_multiply_add_zero_epi9_fused_identity_o9__multiply_o5_o6__multiply_s1_o4__multiply_s2_o3__add_s3_o2__multiply_s4_o1__tanh_s5__add_s6_o0__multiply_o7_o8__multiply_s7_s8__multiply_s0_s9,98304,1536,13,165286448,0,0,1,34167,33351,1625,35666,41916,40541,43375,2.11,9750,4792,16541,7749,1.227,37124,2957,6250
571,5023,omega_reduce_r3_o2_n2_multiply_add_zero,12288,192,4,181389344,0,0,1,35298,35726,2000,36500,43500,42875,44292,0.90,10000,3791,10625,8202,1.232,39709,4411,7000
572,5033,omega_reduce_r2_o1_n2_multiply_add_zero_epi5_fused_identity_o5__multiply_s0_o4__add_s1_o3__square_root_s2__reciprocal_s3__multiply_s4_o2__multiply_s5_o1__add_s6_o0,256,1,9,152418312,32,0,1,7125,6982,83,12917,12291,12042,12875,1.59,9500,3709,45709,5166,1.725,8582,1457,-626
573,5049,omega_reduce_r3_o2_n2_multiply_add_zero_epi5_fused_identity_o5__identity_o0__multiply_s0_s0__multiply_s0_s2__multiply_s3_o3__add_s0_s4__multiply_s5_o2__tanh_s6__add_s7_o1__multiply_s0_o4__multiply_s8_s9__multiply_s1_s10,2048,32,9,150510896,0,0,1,6232,6315,417,10750,10417,10125,11167,2.56,5375,4042,9583,4185,1.671,6375,143,-333
574,5052,omega_reduce_r3_o2_n2_multiply_add_zero,12288,192,4,149329664,0,0,1,5024,5089,792,8083,7292,7167,7834,2.15,5583,3875,17542,2268,1.451,3417,-1607,-791
575,5064,omega_reduce_r2_o1_n2_multiply_add_zero_epi6_fused_identity_o6__multiply_s0_o4__add_s1_o3__square_root_s2__reciprocal_s3__multiply_s4_o2__multiply_s5_o1__add_s6_o0__multiply_s7_o5,256,1,10,299742504,32,0,1,6851,6506,583,13167,12084,11750,12625,2.17,7916,3500,10208,5233,1.764,8584,1733,-1083
576,5079,omega_reduce_r2_o1_n2_multiply_add_zero_epi4_fused_identity_o4__multiply_s0_o3__add_s1_o2__square_root_s2__reciprocal_s3__multiply_s4_o1__multiply_s5_o0,256,1,8,151174664,32,0,1,5482,5893,666,11083,11417,11209,11875,2.06,7875,3708,15584,5935,2.083,7709,2227,334
577,5081,omega_reduce_r4_o3_n2_multiply_add_zero,16384,256,4,147337216,0,0,1,10667,10667,3375,13375,13666,13000,14542,2.39,7916,3917,6416,2999,1.281,9749,-918,291
578,5089,omega_reduce_r3_o2_n2_multiply_add_zero_epi4_fused_identity_o4__multiply_s0_o3__add_s1_o2__square_root_s2__reciprocal_s3__multiply_s4_o1__multiply_s5_o0,512,8,8,147680264,16,0,1,5399,5411,583,11667,12916,12208,13375,2.61,11917,3750,45917,7517,2.392,9166,3767,1249
579,5092,omega_elementwise_twin_r3_n4_fused_multiply_o0_o1__multiply_o2_o3__subtract_s0_s1_fused_multiply_o0_o3__multiply_o2_o1__add_s0_s1,1024,1,7,4158208,0,0,1,4560,4125,292,6166,5875,5625,6459,4.57,9833,3667,10208,1315,1.289,2208,-2352,-291
580,5128,omega_cached_attention_q1_h1_g8_d256_s3f800000_ln511_up0_x4_e1_k1_ds,17408,136,11,3763460,4128,0,1,21107,21536,1000,21958,22375,22000,26791,5.72,5292,3959,17959,1268,1.060,18416,-2691,417
581,5128,omega_cached_attention_q1_h1_g8_d256_s3f800000_ln511_up0_x4_e1_k1_ds_merge,8192,8,3,1320448,0,0,1,5351,5393,542,7375,7292,7084,11625,12.76,9542,3625,9334,1941,1.363,3667,-1684,-83
582,5130,omega_reduce_r5_o2_n2_multiply_add_zero,12288,192,4,149106688,0,0,1,9452,9560,750,12542,13417,13042,17250,6.39,5125,3834,15584,3965,1.419,9583,131,875
583,5139,omega_reduce_r2_o1_n2_multiply_add_zero_epi5_fused_identity_o5__multiply_s0_o4__add_s1_o3__square_root_s2__reciprocal_s3__multiply_s4_o2__multiply_s5_o1__add_s6_o0,256,1,9,116525032,32,0,1,7125,6982,542,13334,12416,12209,12959,2.16,7917,3792,6292,5291,1.743,8624,1499,-918
584,5147,omega_reduce_r2_o1_n2_multiply_add_zero_epi4_fused_identity_o4__multiply_s0_o3__add_s1_o2__square_root_s2__reciprocal_s3__multiply_s4_o1__multiply_s5_o0,256,1,8,126013192,32,0,1,5482,5893,833,11250,10375,10083,10750,2.22,8000,3750,46875,4893,1.893,6625,1143,-875
585,5152,omega_reduce_r3_o2_n2_multiply_add_zero,98304,1536,4,134813952,0,0,1,31155,31673,375,33458,38708,37875,39958,1.65,8000,4708,10541,7553,1.242,34000,2845,5250
586,5167,omega_reduce_r3_o2_n2_multiply_add_zero_epi9_fused_identity_o9__multiply_o5_o6__multiply_s1_o4__multiply_s2_o3__add_s3_o2__multiply_s4_o1__tanh_s5__add_s6_o0__multiply_o7_o8__multiply_s7_s8__multiply_s0_s9,98304,1536,13,129422864,0,0,1,34167,33351,1458,36166,42000,40458,43208,1.74,9250,4625,14166,7833,1.229,37375,3208,5834
587,5169,omega_reduce_r3_o2_n2_multiply_add_zero,12288,192,4,145525760,0,0,1,35298,35726,2500,36541,42375,41541,43042,0.96,9458,3875,8209,7077,1.201,38500,3202,5834
588,5179,omega_reduce_r2_o1_n2_multiply_add_zero_epi5_fused_identity_o5__multiply_s0_o4__add_s1_o3__square_root_s2__reciprocal_s3__multiply_s4_o2__multiply_s5_o1__add_s6_o0,256,1,9,116554728,32,0,1,7125,6982,3625,12958,12583,12375,13167,1.88,9333,3750,14167,5458,1.766,8833,1708,-375
589,5195,omega_reduce_r3_o2_n2_multiply_add_zero_epi5_fused_identity_o5__identity_o0__multiply_s0_s0__multiply_s0_s2__multiply_s3_o3__add_s0_s4__multiply_s5_o2__tanh_s6__add_s7_o1__multiply_s0_o4__multiply_s8_s9__multiply_s1_s10,2048,32,9,114647312,0,0,1,6238,6315,1125,10708,10292,9917,10958,2.65,5625,3875,9542,4054,1.650,6417,179,-416
590,5198,omega_reduce_r3_o2_n2_multiply_add_zero,12288,192,4,113466080,0,0,1,5024,5089,-2125,8125,7458,7250,8083,3.46,6209,3833,45125,2434,1.485,3625,-1399,-667
591,5210,omega_reduce_r2_o1_n2_multiply_add_zero_epi6_fused_identity_o6__multiply_s0_o4__add_s1_o3__square_root_s2__reciprocal_s3__multiply_s4_o2__multiply_s5_o1__add_s6_o0__multiply_s7_o5,256,1,10,228015336,32,0,1,6851,6506,792,13125,13791,13458,14375,1.66,5417,3750,10125,6940,2.013,10041,3190,666
592,5225,omega_reduce_r2_o1_n2_multiply_add_zero_epi4_fused_identity_o4__multiply_s0_o3__add_s1_o2__square_root_s2__reciprocal_s3__multiply_s4_o1__multiply_s5_o0,256,1,8,115311080,32,0,1,5482,5893,417,11042,11375,11125,11959,2.15,7958,3708,16375,5893,2.075,7667,2185,333
593,5227,omega_reduce_r4_o3_n2_multiply_add_zero,16384,256,4,111473632,0,0,1,10667,10667,708,13209,13750,13125,14291,2.17,7958,3792,8875,3083,1.289,9958,-709,541
594,5235,omega_reduce_r3_o2_n2_multiply_add_zero_epi4_fused_identity_o4__multiply_s0_o3__add_s1_o2__square_root_s2__reciprocal_s3__multiply_s4_o1__multiply_s5_o0,512,8,8,111816680,16,0,1,5399,5411,750,11708,11666,11292,12292,2.37,9916,3750,16500,6267,2.161,7916,2517,-42
595,5238,omega_elementwise_twin_r3_n4_fused_multiply_o0_o1__multiply_o2_o3__subtract_s0_s1_fused_multiply_o0_o3__multiply_o2_o1__add_s0_s1,1024,1,7,4158208,0,0,1,4560,4125,250,6208,5792,5708,6375,2.83,7917,3750,11250,1232,1.270,2042,-2518,-416
596,5274,omega_cached_attention_q1_h1_g8_d256_s3f800000_ln511_up0_x4_e1_k1_ds,17408,136,11,3763460,4128,0,1,21107,21536,792,23167,22500,22042,23000,1.19,5375,3833,42375,1393,1.066,18667,-2440,-667
597,5274,omega_cached_attention_q1_h1_g8_d256_s3f800000_ln511_up0_x4_e1_k1_ds_merge,8192,8,3,1320448,0,0,1,5351,5393,458,7250,7291,7042,10833,10.45,9333,3625,11542,1940,1.363,3666,-1685,41
598,5276,omega_reduce_r5_o2_n2_multiply_add_zero,12288,192,4,113243104,0,0,1,9452,9560,-3000,12542,12583,12292,16792,10.67,5167,3917,16041,3131,1.331,8666,-786,41
599,5285,omega_reduce_r2_o1_n2_multiply_add_zero_epi5_fused_identity_o5__multiply_s0_o4__add_s1_o3__square_root_s2__reciprocal_s3__multiply_s4_o2__multiply_s5_o1__add_s6_o0,256,1,9,80661448,32,0,1,7125,6982,375,13291,12333,12042,13125,2.16,7917,3792,8791,5208,1.731,8541,1416,-958
600,5293,omega_reduce_r2_o1_n2_multiply_add_zero_epi4_fused_identity_o4__multiply_s0_o3__add_s1_o2__square_root_s2__reciprocal_s3__multiply_s4_o1__multiply_s5_o0,256,1,8,90149608,32,0,1,5482,5893,1042,11166,10208,9959,10625,2.14,7916,3833,16834,4726,1.862,6375,893,-958
601,5298,omega_reduce_r3_o2_n2_multiply_add_zero,98304,1536,4,98950368,0,0,1,31155,31673,542,33209,38791,37625,40209,1.74,8167,5000,9417,7636,1.245,33791,2636,5582
602,5313,omega_reduce_r3_o2_n2_multiply_add_zero_epi9_fused_identity_o9__multiply_o5_o6__multiply_s1_o4__multiply_s2_o3__add_s3_o2__multiply_s4_o1__tanh_s5__add_s6_o0__multiply_o7_o8__multiply_s7_s8__multiply_s0_s9,98304,1536,13,93559280,0,0,1,34167,33351,1833,36083,41458,40208,42666,1.49,9292,4792,46500,7291,1.213,36666,2499,5375
603,5315,omega_reduce_r3_o2_n2_multiply_add_zero,12288,192,4,109662176,0,0,1,35298,35726,6125,36458,42375,41583,43250,0.95,11792,4000,9542,7077,1.201,38375,3077,5917
604,5325,omega_reduce_r2_o1_n2_multiply_add_zero_epi5_fused_identity_o5__multiply_s0_o4__add_s1_o3__square_root_s2__reciprocal_s3__multiply_s4_o2__multiply_s5_o1__add_s6_o0,256,1,9,80691144,32,0,1,7125,6982,625,13167,12292,12167,12792,1.13,9458,3833,16542,5167,1.725,8459,1334,-875
605,5341,omega_reduce_r3_o2_n2_multiply_add_zero_epi5_fused_identity_o5__identity_o0__multiply_s0_s0__multiply_s0_s2__multiply_s3_o3__add_s0_s4__multiply_s5_o2__tanh_s6__add_s7_o1__multiply_s0_o4__multiply_s8_s9__multiply_s1_s10,2048,32,9,78783728,0,0,1,6268,6315,125,10708,10292,9917,10833,2.99,7834,4000,11000,4024,1.642,6292,24,-416
606,5344,omega_reduce_r3_o2_n2_multiply_add_zero,12288,192,4,77602496,0,0,1,5024,5089,708,8167,7417,7208,10250,8.48,7917,3958,16167,2393,1.476,3459,-1565,-750
607,5356,omega_reduce_r2_o1_n2_multiply_add_zero_epi6_fused_identity_o6__multiply_s0_o4__add_s1_o3__square_root_s2__reciprocal_s3__multiply_s4_o2__multiply_s5_o1__add_s6_o0__multiply_s7_o5,256,1,10,156288168,32,0,1,6851,6506,-3000,13084,12583,12333,15750,5.55,5208,3750,5833,5732,1.837,8833,1982,-501
608,5371,omega_reduce_r2_o1_n2_multiply_add_zero_epi4_fused_identity_o4__multiply_s0_o3__add_s1_o2__square_root_s2__reciprocal_s3__multiply_s4_o1__multiply_s5_o0,256,1,8,79447496,32,0,1,5482,5893,708,10875,9875,9708,10458,2.55,7917,3792,42625,4393,1.801,6083,601,-1000
609,5373,omega_reduce_r4_o3_n2_multiply_add_zero,16384,256,4,75610048,0,0,1,10667,10667,1167,13375,13458,13209,16084,4.46,7959,3833,9667,2791,1.262,9625,-1042,83
610,5381,omega_reduce_r3_o2_n2_multiply_add_zero_epi4_fused_identity_o4__multiply_s0_o3__add_s1_o2__square_root_s2__reciprocal_s3__multiply_s4_o1__multiply_s5_o0,512,8,8,75953096,16,0,1,5399,5411,708,11541,12250,11958,12959,1.97,9708,3708,16542,6851,2.269,8542,3143,709
611,5384,omega_elementwise_twin_r3_n4_fused_multiply_o0_o1__multiply_o2_o3__subtract_s0_s1_fused_multiply_o0_o3__multiply_o2_o1__add_s0_s1,1024,1,7,4158208,0,0,1,4560,4125,375,6250,5666,5541,6125,2.29,7875,3833,6167,1106,1.243,1833,-2727,-584
612,5420,omega_cached_attention_q1_h1_g8_d256_s3f800000_ln511_up0_x4_e1_k1_ds,17408,136,11,3763460,4128,0,1,21107,21536,958,22125,22167,21875,22417,0.72,5167,4083,14709,1060,1.050,18084,-3023,42
613,5420,omega_cached_attention_q1_h1_g8_d256_s3f800000_ln511_up0_x4_e1_k1_ds_merge,8192,8,3,1320448,0,0,1,5351,5393,542,7333,7583,7291,8375,3.72,9208,3708,10209,2232,1.417,3875,-1476,250
614,5422,omega_reduce_r5_o2_n2_multiply_add_zero,12288,192,4,77379520,0,0,1,9452,9560,458,12417,12458,12250,13083,1.84,5292,3791,42333,3006,1.318,8667,-785,41
615,5431,omega_reduce_r2_o1_n2_multiply_add_zero_epi5_fused_identity_o5__multiply_s0_o4__add_s1_o3__square_root_s2__reciprocal_s3__multiply_s4_o2__multiply_s5_o1__add_s6_o0,256,1,9,44797864,32,0,1,7125,6982,250,13291,12500,12167,12958,1.75,7917,3917,10667,5375,1.754,8583,1458,-791
616,5439,omega_reduce_r2_o1_n2_multiply_add_zero_epi4_fused_identity_o4__multiply_s0_o3__add_s1_o2__square_root_s2__reciprocal_s3__multiply_s4_o1__multiply_s5_o0,256,1,8,54286024,32,0,1,5482,5893,250,11042,10083,9791,10375,1.48,7834,3750,16750,4601,1.839,6333,851,-959
617,5444,omega_reduce_r3_o2_n2_multiply_add_zero,98304,1536,4,63086784,0,0,1,31155,31673,1208,33250,38416,37292,39708,1.96,7959,4708,9208,7261,1.233,33708,2553,5166
618,5459,omega_reduce_r3_o2_n2_multiply_add_zero_epi9_fused_identity_o9__multiply_o5_o6__multiply_s1_o4__multiply_s2_o3__add_s3_o2__multiply_s4_o1__tanh_s5__add_s6_o0__multiply_o7_o8__multiply_s7_s8__multiply_s0_s9,98304,1536,13,57695696,0,0,1,34167,33351,1250,35584,41709,40709,46083,3.01,9209,4958,13958,7542,1.221,36751,2584,6125
619,5461,omega_reduce_r3_o2_n2_multiply_add_zero,12288,192,4,73798592,0,0,1,35298,35726,3625,36583,43375,42708,45292,1.74,9375,4042,8792,8077,1.229,39333,4035,6792
620,5471,omega_reduce_r2_o1_n2_multiply_add_zero_epi5_fused_identity_o5__multiply_s0_o4__add_s1_o3__square_root_s2__reciprocal_s3__multiply_s4_o2__multiply_s5_o1__add_s6_o0,256,1,9,44827560,32,0,1,7125,6982,458,12541,13792,13417,15625,3.45,11333,3875,55375,6667,1.936,9917,2792,1251
621,5487,omega_reduce_r3_o2_n2_multiply_add_zero_epi5_fused_identity_o5__identity_o0__multiply_s0_s0__multiply_s0_s2__multiply_s3_o3__add_s0_s4__multiply_s5_o2__tanh_s6__add_s7_o1__multiply_s0_o4__multiply_s8_s9__multiply_s1_s10,2048,32,9,42920144,0,0,1,6202,5952,792,10750,10417,10042,11041,2.50,9500,3958,9625,4215,1.680,6459,257,-333
622,5490,omega_reduce_r3_o2_n2_multiply_add_zero,12288,192,4,41738912,0,0,1,5024,5089,-375,8042,7917,7667,8583,2.96,7959,3833,16833,2893,1.576,4084,-940,-125
623,5502,omega_reduce_r2_o1_n2_multiply_add_zero_epi6_fused_identity_o6__multiply_s0_o4__add_s1_o3__square_root_s2__reciprocal_s3__multiply_s4_o2__multiply_s5_o1__add_s6_o0__multiply_s7_o5,256,1,10,84527720,32,0,1,6851,6506,667,13000,11792,11666,12333,1.38,5375,3625,9084,4941,1.721,8167,1316,-1208
624,5517,omega_reduce_r2_o1_n2_multiply_add_zero_epi4_fused_identity_o4__multiply_s0_o3__add_s1_o2__square_root_s2__reciprocal_s3__multiply_s4_o1__multiply_s5_o0,256,1,8,43475880,32,0,1,5482,5893,625,11417,11625,11208,12250,2.50,7917,3791,17208,6143,2.121,7834,2352,208
625,5519,omega_reduce_r4_o3_n2_multiply_add_zero,32768,512,4,37968800,0,0,1,18220,18143,-2375,19500,21959,21583,22500,1.19,7917,4000,12042,3739,1.205,17959,-261,2459
626,5527,omega_reduce_r3_o2_n2_multiply_add_zero_epi4_fused_identity_o4__multiply_s0_o3__add_s1_o2__square_root_s2__reciprocal_s3__multiply_s4_o1__multiply_s5_o0,1024,8,8,36542376,16,0,1,5613,5625,125,12083,12667,12542,13709,2.23,9500,3833,42125,7054,2.257,8834,3221,584
627,5530,omega_elementwise_twin_r3_n4_fused_multiply_o0_o1__multiply_o2_o3__subtract_s0_s1_fused_multiply_o0_o3__multiply_o2_o1__add_s0_s1,2048,2,7,4118784,0,0,1,4679,4768,500,6416,6000,5750,6333,2.69,8041,3584,10458,1321,1.282,2416,-2263,-416
628,5566,omega_cached_attention_q1_h1_g8_d512_s3f800000_ln9223372036854775808_up0_x4_e1_k1_ds,32768,256,11,7409412,8224,0,1,40940,40423,458,42792,47167,46250,52833,2.83,5083,4125,16834,6227,1.152,43042,2102,4375
629,5566,omega_cached_attention_q1_h1_g8_d512_s3f800000_ln9223372036854775808_up0_x4_e1_k1_ds_merge,8192,8,3,1582592,0,0,1,7732,7750,1083,8917,9458,9333,9709,1.09,12625,3666,9417,1726,1.223,5792,-1940,541
630,5568,omega_reduce_r5_o2_n2_multiply_add_zero,12288,192,4,41507744,0,0,1,15798,15125,500,16667,19542,19125,22458,3.54,8208,3792,16541,3744,1.237,15750,-48,2875
631,5577,omega_reduce_r2_o1_n2_multiply_add_zero_epi5_fused_identity_o5__multiply_s0_o4__add_s1_o3__square_root_s2__reciprocal_s3__multiply_s4_o2__multiply_s5_o1__add_s6_o0,256,1,9,5336456,32,0,1,7125,6982,292,12875,11875,11542,15834,7.36,12000,3709,10000,4750,1.667,8166,1041,-1000
632,5585,omega_reduce_r2_o1_n2_multiply_add_zero_epi4_fused_identity_o4__multiply_s0_o3__add_s1_o2__square_root_s2__reciprocal_s3__multiply_s4_o1__multiply_s5_o0,256,1,8,14882472,32,0,1,5482,5893,542,11250,10209,9875,10542,1.50,8000,3875,42791,4727,1.862,6334,852,-1041
633,5590,omega_reduce_r3_o2_n2_multiply_add_zero,98304,1536,4,23683232,0,0,1,31155,31673,708,33208,37875,37375,38875,1.23,8000,4584,9500,6720,1.216,33291,2136,4667
634,5605,omega_reduce_r3_o2_n2_multiply_add_zero_epi9_fused_identity_o9__multiply_o5_o6__multiply_s1_o4__multiply_s2_o3__add_s3_o2__multiply_s4_o1__tanh_s5__add_s6_o0__multiply_o7_o8__multiply_s7_s8__multiply_s0_s9,98304,1536,13,18292144,0,0,1,34167,33351,1417,35750,41708,40875,44125,1.79,14084,4708,13625,7541,1.221,37000,2833,5958
635,5607,omega_reduce_r3_o2_n2_multiply_add_zero,12288,192,4,34395040,0,0,1,35298,35726,2208,36500,43291,42291,45375,1.86,20166,4000,9625,7993,1.226,39291,3993,6791
636,5617,omega_reduce_r2_o1_n2_multiply_add_zero_epi5_fused_identity_o5__multiply_s0_o4__add_s1_o3__square_root_s2__reciprocal_s3__multiply_s4_o2__multiply_s5_o1__add_s6_o0,256,1,9,5424008,32,0,1,7125,6982,750,12875,12166,11875,12416,1.24,19541,3667,16291,5041,1.708,8499,1374,-709
637,5633,omega_reduce_r3_o2_n2_multiply_add_zero_epi5_fused_identity_o5__identity_o0__multiply_s0_s0__multiply_s0_s2__multiply_s3_o3__add_s0_s4__multiply_s5_o2__tanh_s6__add_s7_o1__multiply_s0_o4__multiply_s8_s9__multiply_s1_s10,2048,32,9,3516592,0,0,1,6286,6310,667,10708,10208,9875,10709,1.69,10583,3958,9792,3922,1.624,6250,-36,-500
638,5636,omega_reduce_r3_o2_n2_multiply_add_zero,12288,192,4,2335360,0,0,1,5024,5089,417,8125,7709,7417,8375,3.18,8042,3750,42000,2685,1.534,3959,-1065,-416
639,5648,omega_reduce_r2_o1_n2_multiply_add_zero_epi6_fused_identity_o6__multiply_s0_o4__add_s1_o3__square_root_s2__reciprocal_s3__multiply_s4_o2__multiply_s5_o1__add_s6_o0__multiply_s7_o5,256,1,10,5757992,32,0,1,6851,6506,2583,12916,13542,12959,16208,8.36,8250,3709,11375,6691,1.977,9833,2982,626
640,5657,omega_reduce_r2_o1_n2_multiply_add_zero_epi4_fused_identity_o4__multiply_s0_o3__add_s1_o2__square_root_s2__reciprocal_s3__multiply_s4_o1__multiply_s5_o0,256,1,8,3337901800,32,0,1,5482,5893,2000,11042,11417,11291,11666,1.03,490750,3833,454625,5935,2.083,7584,2102,375
641,5659,omega_elementwise_r2_n1_identity_g1,1536,2,5,2106116,0,0,1,4018,3911,250,6125,5958,5792,6333,2.57,14958,3959,14875,1940,1.483,1999,-2019,-167
642,5666,omega_reduce_r3_o2_n2_multiply_add_zero_epi2_fused_identity_o2__divide_s0_o1__tanh_s1__multiply_s2_o0,4194304,65536,6,1381521896,0,0,1,1082012,1080423,59250,1085125,1089375,1084083,1097708,0.33,10000,58958,20500,7363,1.007,1030417,-51595,4250
643,5668,omega_elementwise_r3_n1_identity,262144,256,3,2104832,0,0,1,6738,6137,458,9292,10208,10000,10417,1.18,29667,4625,10041,3470,1.515,5583,-1155,916
644,5669,omega_reduce_r3_o2_n1_identity_maximum_negative_infinity,65536,512,3,1063680,16,0,1,6155,5649,583,8458,9291,8875,13500,10.01,9167,4167,5917,3136,1.510,5124,-1031,833
645,5670,omega_reduce_r2_o1_n1_identity_maximum_negative_infinity,128,1,3,7936,16,0,1,3143,3060,3583,5792,5625,5458,7666,8.12,8167,4000,6166,2482,1.790,1625,-1518,-167
646,5672,omega_iota_r1,512,1,2,7424,0,0,1,2125,2244,750,4042,3834,3625,6875,22.49,5958,3584,5792,1709,1.804,250,-1875,-208
647,5673,omega_iota_r1,512,1,2,5120,0,0,0,2125,2244,458,4084,3833,3750,7875,21.87,5791,3542,11750,1708,1.804,291,-1834,-251
648,5675,omega_elementwise_r1_n2_multiply,512,1,4,10244,0,0,1,2839,2857,792,5083,5083,4750,5500,3.82,6708,3667,16208,2244,1.790,1416,-1423,0
649,5679,omega_reduce_r3_o2_n5_fused_equal_o0_o1__add_o2_o3__select_s0_s1_o4_minimum_positive_infinity,65536,512,7,1072132,16,0,1,11667,11881,875,15334,15250,14791,15500,1.05,6125,4084,10834,3583,1.307,11166,-501,-84
650,5680,omega_reduce_r2_o1_n1_identity_minimum_positive_infinity,128,1,3,7428,16,0,1,3155,3131,458,5583,5625,5375,6000,3.23,9125,3750,50625,2470,1.783,1875,-1280,42
651,5686,omega_reduce_r3_o2_n4_fused_greater_o0_o1__greater_o2_o3__multiply_s0_s1_add_zero,65536,512,6,2119944,16,0,1,9685,9774,792,12584,11792,11583,16125,13.66,5750,4291,12125,2107,1.218,7501,-2184,-792
652,5687,omega_reduce_r2_o1_n1_identity_add_zero,128,1,3,7428,16,0,1,3048,3071,458,6042,5792,5625,6125,1.75,8625,3750,12125,2744,1.901,2042,-1006,-250
