index,node,kernel,extents,operand_codecs
0,4,omega_elementwise_r2_n2_fused_identity_o0__multiply_s0_o1_g10,1x1536,1:Q6K;3:unpacked
1,17,omega_reduce_r3_o2_n2_multiply_add_zero_epi1_fused_identity_o1__multiply_s0_o0,1x1536x8960,4:unpacked;13:Float16
2,12,omega_elementwise_r2_n2_fused_identity_o0__multiply_s0_o1_g10,1x8960,9:Q6K;11:unpacked
3,20,omega_elementwise_r3_n1_identity,1x35x256,17:unpacked
4,32,omega_reduce_r3_o2_n2_multiply_add_zero_epi6_fused_identity_o6__identity_o0__multiply_s0_o4__add_s2_o3__square_root_s3__reciprocal_s4__multiply_s5_o2__multiply_s6_o1__add_s1_s7__multiply_s8_o5,1x35x256,20:unpacked;20:unpacked
5,94,omega_reduce_r2_o1_n2_multiply_add_zero_epi4_fused_identity_o4__multiply_s0_o3__add_s1_o2__square_root_s2__reciprocal_s3__multiply_s4_o1__multiply_s5_o0,1x1536,4:unpacked;4:unpacked
6,96,omega_reduce_r4_o3_n2_multiply_add_zero,1x8x256x1536,78:Q4_0;94:unpacked
7,106,omega_reduce_r4_o3_n2_multiply_add_zero,1x1x256x1536,79:Q4_0;94:unpacked
8,114,omega_reduce_r3_o2_n2_multiply_add_zero_epi4_fused_identity_o4__multiply_s0_o3__add_s1_o2__square_root_s2__reciprocal_s3__multiply_s4_o1__multiply_s5_o0,1x1x256,106:unpacked;106:unpacked
9,120,omega_elementwise_twin_r3_n4_fused_multiply_o0_o1__multiply_o2_o3__add_s0_s1_fused_multiply_o0_o3__multiply_o2_o1__subtract_s0_s1,1x1x128,35:unpacked;114:unpacked;36:unpacked;114:unpacked
10,122,omega_reduce_r4_o3_n2_multiply_add_zero,1x1x256x1536,81:Q4_0;94:unpacked
11,129,omega_reduce_r3_o2_n2_multiply_add_zero_epi3_fused_identity_o3__multiply_s0_o2__add_s1_o1__square_root_s2__reciprocal_s3__multiply_s4_o0,1x1x256,122:unpacked;122:unpacked
12,104,omega_reduce_r3_o2_n2_multiply_add_zero_epi4_fused_identity_o4__multiply_s0_o3__add_s1_o2__square_root_s2__reciprocal_s3__multiply_s4_o1__multiply_s5_o0,1x8x256,96:unpacked;96:unpacked
13,132,omega_elementwise_twin_r3_n4_fused_multiply_o0_o1__multiply_o2_o3__subtract_s0_s1_fused_multiply_o0_o3__multiply_o2_o1__add_s0_s1,1x8x128,35:unpacked;104:unpacked;36:unpacked;104:unpacked
14,168,omega_cached_attention_q1_h1_g8_d256_s3f800000_ln511_up0_x4_e1_k1_ds,1x1x8x256,132:unpacked;135:unpacked;82:unpacked;83:unpacked;117:unpacked;120:unpacked;84:unpacked;129:unpacked;53:unpacked
15,168,omega_cached_attention_q1_h1_g8_d256_s3f800000_ln511_up0_x4_e1_k1_ds_merge,1x1x8x256,132:unpacked;135:unpacked;82:unpacked;83:unpacked;117:unpacked;120:unpacked;84:unpacked;129:unpacked;53:unpacked
16,170,omega_reduce_r5_o2_n2_multiply_add_zero,1x1x8x256x1536,85:Q4_0;168:unpacked
17,179,omega_reduce_r2_o1_n2_multiply_add_zero_epi5_fused_identity_o5__multiply_s0_o4__add_s1_o3__square_root_s2__reciprocal_s3__multiply_s4_o2__multiply_s5_o1__add_s6_o0,1x1536,170:unpacked;170:unpacked
18,187,omega_reduce_r2_o1_n2_multiply_add_zero_epi4_fused_identity_o4__multiply_s0_o3__add_s1_o2__square_root_s2__reciprocal_s3__multiply_s4_o1__multiply_s5_o0,1x1536,179:unpacked;179:unpacked
19,192,omega_reduce_r3_o2_n2_multiply_add_zero,1x1536x6144,187:unpacked;188:Q4_0
20,207,omega_reduce_r3_o2_n2_multiply_add_zero_epi9_fused_identity_o9__multiply_o5_o6__multiply_s1_o4__multiply_s2_o3__add_s3_o2__multiply_s4_o1__tanh_s5__add_s6_o0__multiply_o7_o8__multiply_s7_s8__multiply_s0_s9,1x1536x6144,187:unpacked;189:Q4_0
21,209,omega_reduce_r3_o2_n2_multiply_add_zero,1x6144x1536,190:Q4_0;207:unpacked
22,219,omega_reduce_r2_o1_n2_multiply_add_zero_epi5_fused_identity_o5__multiply_s0_o4__add_s1_o3__square_root_s2__reciprocal_s3__multiply_s4_o2__multiply_s5_o1__add_s6_o0,1x1536,209:unpacked;209:unpacked
23,235,omega_reduce_r3_o2_n2_multiply_add_zero_epi5_fused_identity_o5__identity_o0__multiply_s0_s0__multiply_s0_s2__multiply_s3_o3__add_s0_s4__multiply_s5_o2__tanh_s6__add_s7_o1__multiply_s0_o4__multiply_s8_s9__multiply_s1_s10,1x1536x256,219:unpacked;220:Q4_0
24,238,omega_reduce_r3_o2_n2_multiply_add_zero,1x256x1536,235:unpacked;236:Q4_0
25,250,omega_reduce_r2_o1_n2_multiply_add_zero_epi6_fused_identity_o6__multiply_s0_o4__add_s1_o3__square_root_s2__reciprocal_s3__multiply_s4_o2__multiply_s5_o1__add_s6_o0__multiply_s7_o5,1x1536,238:unpacked;238:unpacked
26,271,omega_reduce_r2_o1_n2_multiply_add_zero_epi4_fused_identity_o4__multiply_s0_o3__add_s1_o2__square_root_s2__reciprocal_s3__multiply_s4_o1__multiply_s5_o0,1x1536,250:unpacked;250:unpacked
27,273,omega_reduce_r4_o3_n2_multiply_add_zero,1x8x256x1536,255:Q4_0;271:unpacked
28,283,omega_reduce_r4_o3_n2_multiply_add_zero,1x1x256x1536,256:Q4_0;271:unpacked
29,291,omega_reduce_r3_o2_n2_multiply_add_zero_epi4_fused_identity_o4__multiply_s0_o3__add_s1_o2__square_root_s2__reciprocal_s3__multiply_s4_o1__multiply_s5_o0,1x1x256,283:unpacked;283:unpacked
30,297,omega_elementwise_twin_r3_n4_fused_multiply_o0_o1__multiply_o2_o3__add_s0_s1_fused_multiply_o0_o3__multiply_o2_o1__subtract_s0_s1,1x1x128,35:unpacked;291:unpacked;36:unpacked;291:unpacked
31,299,omega_reduce_r4_o3_n2_multiply_add_zero,1x1x256x1536,258:Q4_0;271:unpacked
32,306,omega_reduce_r3_o2_n2_multiply_add_zero_epi3_fused_identity_o3__multiply_s0_o2__add_s1_o1__square_root_s2__reciprocal_s3__multiply_s4_o0,1x1x256,299:unpacked;299:unpacked
33,281,omega_reduce_r3_o2_n2_multiply_add_zero_epi4_fused_identity_o4__multiply_s0_o3__add_s1_o2__square_root_s2__reciprocal_s3__multiply_s4_o1__multiply_s5_o0,1x8x256,273:unpacked;273:unpacked
34,309,omega_elementwise_twin_r3_n4_fused_multiply_o0_o1__multiply_o2_o3__subtract_s0_s1_fused_multiply_o0_o3__multiply_o2_o1__add_s0_s1,1x8x128,35:unpacked;281:unpacked;36:unpacked;281:unpacked
35,345,omega_cached_attention_q1_h1_g8_d256_s3f800000_ln511_up0_x4_e1_k1_ds,1x1x8x256,309:unpacked;312:unpacked;259:unpacked;260:unpacked;294:unpacked;297:unpacked;261:unpacked;306:unpacked;53:unpacked
36,345,omega_cached_attention_q1_h1_g8_d256_s3f800000_ln511_up0_x4_e1_k1_ds_merge,1x1x8x256,309:unpacked;312:unpacked;259:unpacked;260:unpacked;294:unpacked;297:unpacked;261:unpacked;306:unpacked;53:unpacked
37,347,omega_reduce_r5_o2_n2_multiply_add_zero,1x1x8x256x1536,262:Q4_0;345:unpacked
38,356,omega_reduce_r2_o1_n2_multiply_add_zero_epi5_fused_identity_o5__multiply_s0_o4__add_s1_o3__square_root_s2__reciprocal_s3__multiply_s4_o2__multiply_s5_o1__add_s6_o0,1x1536,347:unpacked;347:unpacked
39,364,omega_reduce_r2_o1_n2_multiply_add_zero_epi4_fused_identity_o4__multiply_s0_o3__add_s1_o2__square_root_s2__reciprocal_s3__multiply_s4_o1__multiply_s5_o0,1x1536,356:unpacked;356:unpacked
40,369,omega_reduce_r3_o2_n2_multiply_add_zero,1x1536x6144,364:unpacked;365:Q4_0
41,384,omega_reduce_r3_o2_n2_multiply_add_zero_epi9_fused_identity_o9__multiply_o5_o6__multiply_s1_o4__multiply_s2_o3__add_s3_o2__multiply_s4_o1__tanh_s5__add_s6_o0__multiply_o7_o8__multiply_s7_s8__multiply_s0_s9,1x1536x6144,364:unpacked;366:Q4_0
42,386,omega_reduce_r3_o2_n2_multiply_add_zero,1x6144x1536,367:Q4_0;384:unpacked
43,396,omega_reduce_r2_o1_n2_multiply_add_zero_epi5_fused_identity_o5__multiply_s0_o4__add_s1_o3__square_root_s2__reciprocal_s3__multiply_s4_o2__multiply_s5_o1__add_s6_o0,1x1536,386:unpacked;386:unpacked
44,412,omega_reduce_r3_o2_n2_multiply_add_zero_epi5_fused_identity_o5__identity_o0__multiply_s0_s0__multiply_s0_s2__multiply_s3_o3__add_s0_s4__multiply_s5_o2__tanh_s6__add_s7_o1__multiply_s0_o4__multiply_s8_s9__multiply_s1_s10,1x1536x256,396:unpacked;397:Q4_0
45,415,omega_reduce_r3_o2_n2_multiply_add_zero,1x256x1536,412:unpacked;413:Q4_0
46,427,omega_reduce_r2_o1_n2_multiply_add_zero_epi6_fused_identity_o6__multiply_s0_o4__add_s1_o3__square_root_s2__reciprocal_s3__multiply_s4_o2__multiply_s5_o1__add_s6_o0__multiply_s7_o5,1x1536,415:unpacked;415:unpacked
47,448,omega_reduce_r2_o1_n2_multiply_add_zero_epi4_fused_identity_o4__multiply_s0_o3__add_s1_o2__square_root_s2__reciprocal_s3__multiply_s4_o1__multiply_s5_o0,1x1536,427:unpacked;427:unpacked
48,450,omega_reduce_r4_o3_n2_multiply_add_zero,1x8x256x1536,432:Q4_0;448:unpacked
49,460,omega_reduce_r4_o3_n2_multiply_add_zero,1x1x256x1536,433:Q4_0;448:unpacked
50,468,omega_reduce_r3_o2_n2_multiply_add_zero_epi4_fused_identity_o4__multiply_s0_o3__add_s1_o2__square_root_s2__reciprocal_s3__multiply_s4_o1__multiply_s5_o0,1x1x256,460:unpacked;460:unpacked
51,474,omega_elementwise_twin_r3_n4_fused_multiply_o0_o1__multiply_o2_o3__add_s0_s1_fused_multiply_o0_o3__multiply_o2_o1__subtract_s0_s1,1x1x128,35:unpacked;468:unpacked;36:unpacked;468:unpacked
52,476,omega_reduce_r4_o3_n2_multiply_add_zero,1x1x256x1536,435:Q4_0;448:unpacked
53,483,omega_reduce_r3_o2_n2_multiply_add_zero_epi3_fused_identity_o3__multiply_s0_o2__add_s1_o1__square_root_s2__reciprocal_s3__multiply_s4_o0,1x1x256,476:unpacked;476:unpacked
54,458,omega_reduce_r3_o2_n2_multiply_add_zero_epi4_fused_identity_o4__multiply_s0_o3__add_s1_o2__square_root_s2__reciprocal_s3__multiply_s4_o1__multiply_s5_o0,1x8x256,450:unpacked;450:unpacked
55,486,omega_elementwise_twin_r3_n4_fused_multiply_o0_o1__multiply_o2_o3__subtract_s0_s1_fused_multiply_o0_o3__multiply_o2_o1__add_s0_s1,1x8x128,35:unpacked;458:unpacked;36:unpacked;458:unpacked
56,522,omega_cached_attention_q1_h1_g8_d256_s3f800000_ln511_up0_x4_e1_k1_ds,1x1x8x256,486:unpacked;489:unpacked;436:unpacked;437:unpacked;471:unpacked;474:unpacked;438:unpacked;483:unpacked;53:unpacked
57,522,omega_cached_attention_q1_h1_g8_d256_s3f800000_ln511_up0_x4_e1_k1_ds_merge,1x1x8x256,486:unpacked;489:unpacked;436:unpacked;437:unpacked;471:unpacked;474:unpacked;438:unpacked;483:unpacked;53:unpacked
58,524,omega_reduce_r5_o2_n2_multiply_add_zero,1x1x8x256x1536,439:Q4_0;522:unpacked
59,533,omega_reduce_r2_o1_n2_multiply_add_zero_epi5_fused_identity_o5__multiply_s0_o4__add_s1_o3__square_root_s2__reciprocal_s3__multiply_s4_o2__multiply_s5_o1__add_s6_o0,1x1536,524:unpacked;524:unpacked
60,541,omega_reduce_r2_o1_n2_multiply_add_zero_epi4_fused_identity_o4__multiply_s0_o3__add_s1_o2__square_root_s2__reciprocal_s3__multiply_s4_o1__multiply_s5_o0,1x1536,533:unpacked;533:unpacked
61,546,omega_reduce_r3_o2_n2_multiply_add_zero,1x1536x6144,541:unpacked;542:Q4_0
62,561,omega_reduce_r3_o2_n2_multiply_add_zero_epi9_fused_identity_o9__multiply_o5_o6__multiply_s1_o4__multiply_s2_o3__add_s3_o2__multiply_s4_o1__tanh_s5__add_s6_o0__multiply_o7_o8__multiply_s7_s8__multiply_s0_s9,1x1536x6144,541:unpacked;543:Q4_0
63,563,omega_reduce_r3_o2_n2_multiply_add_zero,1x6144x1536,544:Q4_0;561:unpacked
64,573,omega_reduce_r2_o1_n2_multiply_add_zero_epi5_fused_identity_o5__multiply_s0_o4__add_s1_o3__square_root_s2__reciprocal_s3__multiply_s4_o2__multiply_s5_o1__add_s6_o0,1x1536,563:unpacked;563:unpacked
65,589,omega_reduce_r3_o2_n2_multiply_add_zero_epi5_fused_identity_o5__identity_o0__multiply_s0_s0__multiply_s0_s2__multiply_s3_o3__add_s0_s4__multiply_s5_o2__tanh_s6__add_s7_o1__multiply_s0_o4__multiply_s8_s9__multiply_s1_s10,1x1536x256,573:unpacked;574:Q4_0
66,592,omega_reduce_r3_o2_n2_multiply_add_zero,1x256x1536,589:unpacked;590:Q4_0
67,604,omega_reduce_r2_o1_n2_multiply_add_zero_epi6_fused_identity_o6__multiply_s0_o4__add_s1_o3__square_root_s2__reciprocal_s3__multiply_s4_o2__multiply_s5_o1__add_s6_o0__multiply_s7_o5,1x1536,592:unpacked;592:unpacked
68,625,omega_reduce_r2_o1_n2_multiply_add_zero_epi4_fused_identity_o4__multiply_s0_o3__add_s1_o2__square_root_s2__reciprocal_s3__multiply_s4_o1__multiply_s5_o0,1x1536,604:unpacked;604:unpacked
69,627,omega_reduce_r4_o3_n2_multiply_add_zero,1x8x256x1536,609:Q4_0;625:unpacked
70,637,omega_reduce_r4_o3_n2_multiply_add_zero,1x1x256x1536,610:Q4_0;625:unpacked
71,645,omega_reduce_r3_o2_n2_multiply_add_zero_epi4_fused_identity_o4__multiply_s0_o3__add_s1_o2__square_root_s2__reciprocal_s3__multiply_s4_o1__multiply_s5_o0,1x1x256,637:unpacked;637:unpacked
72,651,omega_elementwise_twin_r3_n4_fused_multiply_o0_o1__multiply_o2_o3__add_s0_s1_fused_multiply_o0_o3__multiply_o2_o1__subtract_s0_s1,1x1x128,35:unpacked;645:unpacked;36:unpacked;645:unpacked
73,653,omega_reduce_r4_o3_n2_multiply_add_zero,1x1x256x1536,612:Q4_0;625:unpacked
74,660,omega_reduce_r3_o2_n2_multiply_add_zero_epi3_fused_identity_o3__multiply_s0_o2__add_s1_o1__square_root_s2__reciprocal_s3__multiply_s4_o0,1x1x256,653:unpacked;653:unpacked
75,635,omega_reduce_r3_o2_n2_multiply_add_zero_epi4_fused_identity_o4__multiply_s0_o3__add_s1_o2__square_root_s2__reciprocal_s3__multiply_s4_o1__multiply_s5_o0,1x8x256,627:unpacked;627:unpacked
76,663,omega_elementwise_twin_r3_n4_fused_multiply_o0_o1__multiply_o2_o3__subtract_s0_s1_fused_multiply_o0_o3__multiply_o2_o1__add_s0_s1,1x8x128,35:unpacked;635:unpacked;36:unpacked;635:unpacked
77,699,omega_cached_attention_q1_h1_g8_d256_s3f800000_ln511_up0_x4_e1_k1_ds,1x1x8x256,663:unpacked;666:unpacked;613:unpacked;614:unpacked;648:unpacked;651:unpacked;615:unpacked;660:unpacked;53:unpacked
78,699,omega_cached_attention_q1_h1_g8_d256_s3f800000_ln511_up0_x4_e1_k1_ds_merge,1x1x8x256,663:unpacked;666:unpacked;613:unpacked;614:unpacked;648:unpacked;651:unpacked;615:unpacked;660:unpacked;53:unpacked
79,701,omega_reduce_r5_o2_n2_multiply_add_zero,1x1x8x256x1536,616:Q4_0;699:unpacked
80,710,omega_reduce_r2_o1_n2_multiply_add_zero_epi5_fused_identity_o5__multiply_s0_o4__add_s1_o3__square_root_s2__reciprocal_s3__multiply_s4_o2__multiply_s5_o1__add_s6_o0,1x1536,701:unpacked;701:unpacked
81,718,omega_reduce_r2_o1_n2_multiply_add_zero_epi4_fused_identity_o4__multiply_s0_o3__add_s1_o2__square_root_s2__reciprocal_s3__multiply_s4_o1__multiply_s5_o0,1x1536,710:unpacked;710:unpacked
82,723,omega_reduce_r3_o2_n2_multiply_add_zero,1x1536x6144,718:unpacked;719:Q4_0
83,738,omega_reduce_r3_o2_n2_multiply_add_zero_epi9_fused_identity_o9__multiply_o5_o6__multiply_s1_o4__multiply_s2_o3__add_s3_o2__multiply_s4_o1__tanh_s5__add_s6_o0__multiply_o7_o8__multiply_s7_s8__multiply_s0_s9,1x1536x6144,718:unpacked;720:Q4_0
84,740,omega_reduce_r3_o2_n2_multiply_add_zero,1x6144x1536,721:Q4_0;738:unpacked
85,750,omega_reduce_r2_o1_n2_multiply_add_zero_epi5_fused_identity_o5__multiply_s0_o4__add_s1_o3__square_root_s2__reciprocal_s3__multiply_s4_o2__multiply_s5_o1__add_s6_o0,1x1536,740:unpacked;740:unpacked
86,766,omega_reduce_r3_o2_n2_multiply_add_zero_epi5_fused_identity_o5__identity_o0__multiply_s0_s0__multiply_s0_s2__multiply_s3_o3__add_s0_s4__multiply_s5_o2__tanh_s6__add_s7_o1__multiply_s0_o4__multiply_s8_s9__multiply_s1_s10,1x1536x256,750:unpacked;751:Q4_0
87,769,omega_reduce_r3_o2_n2_multiply_add_zero,1x256x1536,766:unpacked;767:Q4_0
88,781,omega_reduce_r2_o1_n2_multiply_add_zero_epi6_fused_identity_o6__multiply_s0_o4__add_s1_o3__square_root_s2__reciprocal_s3__multiply_s4_o2__multiply_s5_o1__add_s6_o0__multiply_s7_o5,1x1536,769:unpacked;769:unpacked
89,802,omega_reduce_r2_o1_n2_multiply_add_zero_epi4_fused_identity_o4__multiply_s0_o3__add_s1_o2__square_root_s2__reciprocal_s3__multiply_s4_o1__multiply_s5_o0,1x1536,781:unpacked;781:unpacked
90,804,omega_reduce_r4_o3_n2_multiply_add_zero,1x8x512x1536,786:Q4_0;802:unpacked
91,814,omega_reduce_r4_o3_n2_multiply_add_zero,1x1x512x1536,787:Q4_0;802:unpacked
92,822,omega_reduce_r3_o2_n2_multiply_add_zero_epi4_fused_identity_o4__multiply_s0_o3__add_s1_o2__square_root_s2__reciprocal_s3__multiply_s4_o1__multiply_s5_o0,1x1x512,814:unpacked;814:unpacked
93,828,omega_elementwise_twin_r3_n4_fused_multiply_o0_o1__multiply_o2_o3__add_s0_s1_fused_multiply_o0_o3__multiply_o2_o1__subtract_s0_s1,1x1x256,47:unpacked;822:unpacked;48:unpacked;822:unpacked
94,830,omega_reduce_r4_o3_n2_multiply_add_zero,1x1x512x1536,789:Q4_0;802:unpacked
95,837,omega_reduce_r3_o2_n2_multiply_add_zero_epi3_fused_identity_o3__multiply_s0_o2__add_s1_o1__square_root_s2__reciprocal_s3__multiply_s4_o0,1x1x512,830:unpacked;830:unpacked
96,812,omega_reduce_r3_o2_n2_multiply_add_zero_epi4_fused_identity_o4__multiply_s0_o3__add_s1_o2__square_root_s2__reciprocal_s3__multiply_s4_o1__multiply_s5_o0,1x8x512,804:unpacked;804:unpacked
97,840,omega_elementwise_twin_r3_n4_fused_multiply_o0_o1__multiply_o2_o3__subtract_s0_s1_fused_multiply_o0_o3__multiply_o2_o1__add_s0_s1,1x8x256,47:unpacked;812:unpacked;48:unpacked;812:unpacked
98,876,omega_cached_attention_q1_h1_g8_d512_s3f800000_ln9223372036854775808_up0_x4_e1_k1_ds,1x1x8x512,840:unpacked;843:unpacked;790:unpacked;791:unpacked;825:unpacked;828:unpacked;792:unpacked;837:unpacked;8:unpacked
99,876,omega_cached_attention_q1_h1_g8_d512_s3f800000_ln9223372036854775808_up0_x4_e1_k1_ds_merge,1x1x8x512,840:unpacked;843:unpacked;790:unpacked;791:unpacked;825:unpacked;828:unpacked;792:unpacked;837:unpacked;8:unpacked
100,878,omega_reduce_r5_o2_n2_multiply_add_zero,1x1x8x512x1536,793:Q4_0;876:unpacked
101,887,omega_reduce_r2_o1_n2_multiply_add_zero_epi5_fused_identity_o5__multiply_s0_o4__add_s1_o3__square_root_s2__reciprocal_s3__multiply_s4_o2__multiply_s5_o1__add_s6_o0,1x1536,878:unpacked;878:unpacked
102,895,omega_reduce_r2_o1_n2_multiply_add_zero_epi4_fused_identity_o4__multiply_s0_o3__add_s1_o2__square_root_s2__reciprocal_s3__multiply_s4_o1__multiply_s5_o0,1x1536,887:unpacked;887:unpacked
103,900,omega_reduce_r3_o2_n2_multiply_add_zero,1x1536x6144,895:unpacked;896:Q4_0
104,915,omega_reduce_r3_o2_n2_multiply_add_zero_epi9_fused_identity_o9__multiply_o5_o6__multiply_s1_o4__multiply_s2_o3__add_s3_o2__multiply_s4_o1__tanh_s5__add_s6_o0__multiply_o7_o8__multiply_s7_s8__multiply_s0_s9,1x1536x6144,895:unpacked;897:Q4_0
105,917,omega_reduce_r3_o2_n2_multiply_add_zero,1x6144x1536,898:Q4_0;915:unpacked
106,927,omega_reduce_r2_o1_n2_multiply_add_zero_epi5_fused_identity_o5__multiply_s0_o4__add_s1_o3__square_root_s2__reciprocal_s3__multiply_s4_o2__multiply_s5_o1__add_s6_o0,1x1536,917:unpacked;917:unpacked
107,943,omega_reduce_r3_o2_n2_multiply_add_zero_epi5_fused_identity_o5__identity_o0__multiply_s0_s0__multiply_s0_s2__multiply_s3_o3__add_s0_s4__multiply_s5_o2__tanh_s6__add_s7_o1__multiply_s0_o4__multiply_s8_s9__multiply_s1_s10,1x1536x256,927:unpacked;928:Q4_0
108,946,omega_reduce_r3_o2_n2_multiply_add_zero,1x256x1536,943:unpacked;944:Q4_0
109,958,omega_reduce_r2_o1_n2_multiply_add_zero_epi6_fused_identity_o6__multiply_s0_o4__add_s1_o3__square_root_s2__reciprocal_s3__multiply_s4_o2__multiply_s5_o1__add_s6_o0__multiply_s7_o5,1x1536,946:unpacked;946:unpacked
110,979,omega_reduce_r2_o1_n2_multiply_add_zero_epi4_fused_identity_o4__multiply_s0_o3__add_s1_o2__square_root_s2__reciprocal_s3__multiply_s4_o1__multiply_s5_o0,1x1536,958:unpacked;958:unpacked
111,981,omega_reduce_r4_o3_n2_multiply_add_zero,1x8x256x1536,963:Q4_0;979:unpacked
112,991,omega_reduce_r4_o3_n2_multiply_add_zero,1x1x256x1536,964:Q4_0;979:unpacked
113,999,omega_reduce_r3_o2_n2_multiply_add_zero_epi4_fused_identity_o4__multiply_s0_o3__add_s1_o2__square_root_s2__reciprocal_s3__multiply_s4_o1__multiply_s5_o0,1x1x256,991:unpacked;991:unpacked
114,1005,omega_elementwise_twin_r3_n4_fused_multiply_o0_o1__multiply_o2_o3__add_s0_s1_fused_multiply_o0_o3__multiply_o2_o1__subtract_s0_s1,1x1x128,35:unpacked;999:unpacked;36:unpacked;999:unpacked
115,1007,omega_reduce_r4_o3_n2_multiply_add_zero,1x1x256x1536,966:Q4_0;979:unpacked
116,1014,omega_reduce_r3_o2_n2_multiply_add_zero_epi3_fused_identity_o3__multiply_s0_o2__add_s1_o1__square_root_s2__reciprocal_s3__multiply_s4_o0,1x1x256,1007:unpacked;1007:unpacked
117,989,omega_reduce_r3_o2_n2_multiply_add_zero_epi4_fused_identity_o4__multiply_s0_o3__add_s1_o2__square_root_s2__reciprocal_s3__multiply_s4_o1__multiply_s5_o0,1x8x256,981:unpacked;981:unpacked
118,1017,omega_elementwise_twin_r3_n4_fused_multiply_o0_o1__multiply_o2_o3__subtract_s0_s1_fused_multiply_o0_o3__multiply_o2_o1__add_s0_s1,1x8x128,35:unpacked;989:unpacked;36:unpacked;989:unpacked
119,1053,omega_cached_attention_q1_h1_g8_d256_s3f800000_ln511_up0_x4_e1_k1_ds,1x1x8x256,1017:unpacked;1020:unpacked;967:unpacked;968:unpacked;1002:unpacked;1005:unpacked;969:unpacked;1014:unpacked;53:unpacked
120,1053,omega_cached_attention_q1_h1_g8_d256_s3f800000_ln511_up0_x4_e1_k1_ds_merge,1x1x8x256,1017:unpacked;1020:unpacked;967:unpacked;968:unpacked;1002:unpacked;1005:unpacked;969:unpacked;1014:unpacked;53:unpacked
121,1055,omega_reduce_r5_o2_n2_multiply_add_zero,1x1x8x256x1536,970:Q4_0;1053:unpacked
122,1064,omega_reduce_r2_o1_n2_multiply_add_zero_epi5_fused_identity_o5__multiply_s0_o4__add_s1_o3__square_root_s2__reciprocal_s3__multiply_s4_o2__multiply_s5_o1__add_s6_o0,1x1536,1055:unpacked;1055:unpacked
123,1072,omega_reduce_r2_o1_n2_multiply_add_zero_epi4_fused_identity_o4__multiply_s0_o3__add_s1_o2__square_root_s2__reciprocal_s3__multiply_s4_o1__multiply_s5_o0,1x1536,1064:unpacked;1064:unpacked
124,1077,omega_reduce_r3_o2_n2_multiply_add_zero,1x1536x6144,1072:unpacked;1073:Q4_0
125,1092,omega_reduce_r3_o2_n2_multiply_add_zero_epi9_fused_identity_o9__multiply_o5_o6__multiply_s1_o4__multiply_s2_o3__add_s3_o2__multiply_s4_o1__tanh_s5__add_s6_o0__multiply_o7_o8__multiply_s7_s8__multiply_s0_s9,1x1536x6144,1072:unpacked;1074:Q4_0
126,1094,omega_reduce_r3_o2_n2_multiply_add_zero,1x6144x1536,1075:Q4_0;1092:unpacked
127,1104,omega_reduce_r2_o1_n2_multiply_add_zero_epi5_fused_identity_o5__multiply_s0_o4__add_s1_o3__square_root_s2__reciprocal_s3__multiply_s4_o2__multiply_s5_o1__add_s6_o0,1x1536,1094:unpacked;1094:unpacked
128,1120,omega_reduce_r3_o2_n2_multiply_add_zero_epi5_fused_identity_o5__identity_o0__multiply_s0_s0__multiply_s0_s2__multiply_s3_o3__add_s0_s4__multiply_s5_o2__tanh_s6__add_s7_o1__multiply_s0_o4__multiply_s8_s9__multiply_s1_s10,1x1536x256,1104:unpacked;1105:Q4_0
129,1123,omega_reduce_r3_o2_n2_multiply_add_zero,1x256x1536,1120:unpacked;1121:Q4_0
130,1135,omega_reduce_r2_o1_n2_multiply_add_zero_epi6_fused_identity_o6__multiply_s0_o4__add_s1_o3__square_root_s2__reciprocal_s3__multiply_s4_o2__multiply_s5_o1__add_s6_o0__multiply_s7_o5,1x1536,1123:unpacked;1123:unpacked
131,1156,omega_reduce_r2_o1_n2_multiply_add_zero_epi4_fused_identity_o4__multiply_s0_o3__add_s1_o2__square_root_s2__reciprocal_s3__multiply_s4_o1__multiply_s5_o0,1x1536,1135:unpacked;1135:unpacked
132,1158,omega_reduce_r4_o3_n2_multiply_add_zero,1x8x256x1536,1140:Q4_0;1156:unpacked
133,1168,omega_reduce_r4_o3_n2_multiply_add_zero,1x1x256x1536,1141:Q4_0;1156:unpacked
134,1176,omega_reduce_r3_o2_n2_multiply_add_zero_epi4_fused_identity_o4__multiply_s0_o3__add_s1_o2__square_root_s2__reciprocal_s3__multiply_s4_o1__multiply_s5_o0,1x1x256,1168:unpacked;1168:unpacked
135,1182,omega_elementwise_twin_r3_n4_fused_multiply_o0_o1__multiply_o2_o3__add_s0_s1_fused_multiply_o0_o3__multiply_o2_o1__subtract_s0_s1,1x1x128,35:unpacked;1176:unpacked;36:unpacked;1176:unpacked
136,1184,omega_reduce_r4_o3_n2_multiply_add_zero,1x1x256x1536,1143:Q4_0;1156:unpacked
137,1191,omega_reduce_r3_o2_n2_multiply_add_zero_epi3_fused_identity_o3__multiply_s0_o2__add_s1_o1__square_root_s2__reciprocal_s3__multiply_s4_o0,1x1x256,1184:unpacked;1184:unpacked
138,1166,omega_reduce_r3_o2_n2_multiply_add_zero_epi4_fused_identity_o4__multiply_s0_o3__add_s1_o2__square_root_s2__reciprocal_s3__multiply_s4_o1__multiply_s5_o0,1x8x256,1158:unpacked;1158:unpacked
139,1194,omega_elementwise_twin_r3_n4_fused_multiply_o0_o1__multiply_o2_o3__subtract_s0_s1_fused_multiply_o0_o3__multiply_o2_o1__add_s0_s1,1x8x128,35:unpacked;1166:unpacked;36:unpacked;1166:unpacked
140,1230,omega_cached_attention_q1_h1_g8_d256_s3f800000_ln511_up0_x4_e1_k1_ds,1x1x8x256,1194:unpacked;1197:unpacked;1144:unpacked;1145:unpacked;1179:unpacked;1182:unpacked;1146:unpacked;1191:unpacked;53:unpacked
141,1230,omega_cached_attention_q1_h1_g8_d256_s3f800000_ln511_up0_x4_e1_k1_ds_merge,1x1x8x256,1194:unpacked;1197:unpacked;1144:unpacked;1145:unpacked;1179:unpacked;1182:unpacked;1146:unpacked;1191:unpacked;53:unpacked
142,1232,omega_reduce_r5_o2_n2_multiply_add_zero,1x1x8x256x1536,1147:Q4_0;1230:unpacked
143,1241,omega_reduce_r2_o1_n2_multiply_add_zero_epi5_fused_identity_o5__multiply_s0_o4__add_s1_o3__square_root_s2__reciprocal_s3__multiply_s4_o2__multiply_s5_o1__add_s6_o0,1x1536,1232:unpacked;1232:unpacked
144,1249,omega_reduce_r2_o1_n2_multiply_add_zero_epi4_fused_identity_o4__multiply_s0_o3__add_s1_o2__square_root_s2__reciprocal_s3__multiply_s4_o1__multiply_s5_o0,1x1536,1241:unpacked;1241:unpacked
145,1254,omega_reduce_r3_o2_n2_multiply_add_zero,1x1536x6144,1249:unpacked;1250:Q4_0
146,1269,omega_reduce_r3_o2_n2_multiply_add_zero_epi9_fused_identity_o9__multiply_o5_o6__multiply_s1_o4__multiply_s2_o3__add_s3_o2__multiply_s4_o1__tanh_s5__add_s6_o0__multiply_o7_o8__multiply_s7_s8__multiply_s0_s9,1x1536x6144,1249:unpacked;1251:Q4_0
147,1271,omega_reduce_r3_o2_n2_multiply_add_zero,1x6144x1536,1252:Q4_0;1269:unpacked
148,1281,omega_reduce_r2_o1_n2_multiply_add_zero_epi5_fused_identity_o5__multiply_s0_o4__add_s1_o3__square_root_s2__reciprocal_s3__multiply_s4_o2__multiply_s5_o1__add_s6_o0,1x1536,1271:unpacked;1271:unpacked
149,1297,omega_reduce_r3_o2_n2_multiply_add_zero_epi5_fused_identity_o5__identity_o0__multiply_s0_s0__multiply_s0_s2__multiply_s3_o3__add_s0_s4__multiply_s5_o2__tanh_s6__add_s7_o1__multiply_s0_o4__multiply_s8_s9__multiply_s1_s10,1x1536x256,1281:unpacked;1282:Q4_0
150,1300,omega_reduce_r3_o2_n2_multiply_add_zero,1x256x1536,1297:unpacked;1298:Q4_0
151,1312,omega_reduce_r2_o1_n2_multiply_add_zero_epi6_fused_identity_o6__multiply_s0_o4__add_s1_o3__square_root_s2__reciprocal_s3__multiply_s4_o2__multiply_s5_o1__add_s6_o0__multiply_s7_o5,1x1536,1300:unpacked;1300:unpacked
152,1333,omega_reduce_r2_o1_n2_multiply_add_zero_epi4_fused_identity_o4__multiply_s0_o3__add_s1_o2__square_root_s2__reciprocal_s3__multiply_s4_o1__multiply_s5_o0,1x1536,1312:unpacked;1312:unpacked
153,1335,omega_reduce_r4_o3_n2_multiply_add_zero,1x8x256x1536,1317:Q4_0;1333:unpacked
154,1345,omega_reduce_r4_o3_n2_multiply_add_zero,1x1x256x1536,1318:Q4_0;1333:unpacked
155,1353,omega_reduce_r3_o2_n2_multiply_add_zero_epi4_fused_identity_o4__multiply_s0_o3__add_s1_o2__square_root_s2__reciprocal_s3__multiply_s4_o1__multiply_s5_o0,1x1x256,1345:unpacked;1345:unpacked
156,1359,omega_elementwise_twin_r3_n4_fused_multiply_o0_o1__multiply_o2_o3__add_s0_s1_fused_multiply_o0_o3__multiply_o2_o1__subtract_s0_s1,1x1x128,35:unpacked;1353:unpacked;36:unpacked;1353:unpacked
157,1361,omega_reduce_r4_o3_n2_multiply_add_zero,1x1x256x1536,1320:Q4_0;1333:unpacked
158,1368,omega_reduce_r3_o2_n2_multiply_add_zero_epi3_fused_identity_o3__multiply_s0_o2__add_s1_o1__square_root_s2__reciprocal_s3__multiply_s4_o0,1x1x256,1361:unpacked;1361:unpacked
159,1343,omega_reduce_r3_o2_n2_multiply_add_zero_epi4_fused_identity_o4__multiply_s0_o3__add_s1_o2__square_root_s2__reciprocal_s3__multiply_s4_o1__multiply_s5_o0,1x8x256,1335:unpacked;1335:unpacked
160,1371,omega_elementwise_twin_r3_n4_fused_multiply_o0_o1__multiply_o2_o3__subtract_s0_s1_fused_multiply_o0_o3__multiply_o2_o1__add_s0_s1,1x8x128,35:unpacked;1343:unpacked;36:unpacked;1343:unpacked
161,1407,omega_cached_attention_q1_h1_g8_d256_s3f800000_ln511_up0_x4_e1_k1_ds,1x1x8x256,1371:unpacked;1374:unpacked;1321:unpacked;1322:unpacked;1356:unpacked;1359:unpacked;1323:unpacked;1368:unpacked;53:unpacked
162,1407,omega_cached_attention_q1_h1_g8_d256_s3f800000_ln511_up0_x4_e1_k1_ds_merge,1x1x8x256,1371:unpacked;1374:unpacked;1321:unpacked;1322:unpacked;1356:unpacked;1359:unpacked;1323:unpacked;1368:unpacked;53:unpacked
163,1409,omega_reduce_r5_o2_n2_multiply_add_zero,1x1x8x256x1536,1324:Q4_0;1407:unpacked
164,1418,omega_reduce_r2_o1_n2_multiply_add_zero_epi5_fused_identity_o5__multiply_s0_o4__add_s1_o3__square_root_s2__reciprocal_s3__multiply_s4_o2__multiply_s5_o1__add_s6_o0,1x1536,1409:unpacked;1409:unpacked
165,1426,omega_reduce_r2_o1_n2_multiply_add_zero_epi4_fused_identity_o4__multiply_s0_o3__add_s1_o2__square_root_s2__reciprocal_s3__multiply_s4_o1__multiply_s5_o0,1x1536,1418:unpacked;1418:unpacked
166,1431,omega_reduce_r3_o2_n2_multiply_add_zero,1x1536x6144,1426:unpacked;1427:Q4_0
167,1446,omega_reduce_r3_o2_n2_multiply_add_zero_epi9_fused_identity_o9__multiply_o5_o6__multiply_s1_o4__multiply_s2_o3__add_s3_o2__multiply_s4_o1__tanh_s5__add_s6_o0__multiply_o7_o8__multiply_s7_s8__multiply_s0_s9,1x1536x6144,1426:unpacked;1428:Q4_0
168,1448,omega_reduce_r3_o2_n2_multiply_add_zero,1x6144x1536,1429:Q4_0;1446:unpacked
169,1458,omega_reduce_r2_o1_n2_multiply_add_zero_epi5_fused_identity_o5__multiply_s0_o4__add_s1_o3__square_root_s2__reciprocal_s3__multiply_s4_o2__multiply_s5_o1__add_s6_o0,1x1536,1448:unpacked;1448:unpacked
170,1474,omega_reduce_r3_o2_n2_multiply_add_zero_epi5_fused_identity_o5__identity_o0__multiply_s0_s0__multiply_s0_s2__multiply_s3_o3__add_s0_s4__multiply_s5_o2__tanh_s6__add_s7_o1__multiply_s0_o4__multiply_s8_s9__multiply_s1_s10,1x1536x256,1458:unpacked;1459:Q4_0
171,1477,omega_reduce_r3_o2_n2_multiply_add_zero,1x256x1536,1474:unpacked;1475:Q4_0
172,1489,omega_reduce_r2_o1_n2_multiply_add_zero_epi6_fused_identity_o6__multiply_s0_o4__add_s1_o3__square_root_s2__reciprocal_s3__multiply_s4_o2__multiply_s5_o1__add_s6_o0__multiply_s7_o5,1x1536,1477:unpacked;1477:unpacked
173,1510,omega_reduce_r2_o1_n2_multiply_add_zero_epi4_fused_identity_o4__multiply_s0_o3__add_s1_o2__square_root_s2__reciprocal_s3__multiply_s4_o1__multiply_s5_o0,1x1536,1489:unpacked;1489:unpacked
174,1512,omega_reduce_r4_o3_n2_multiply_add_zero,1x8x256x1536,1494:Q4_0;1510:unpacked
175,1522,omega_reduce_r4_o3_n2_multiply_add_zero,1x1x256x1536,1495:Q4_0;1510:unpacked
176,1530,omega_reduce_r3_o2_n2_multiply_add_zero_epi4_fused_identity_o4__multiply_s0_o3__add_s1_o2__square_root_s2__reciprocal_s3__multiply_s4_o1__multiply_s5_o0,1x1x256,1522:unpacked;1522:unpacked
177,1536,omega_elementwise_twin_r3_n4_fused_multiply_o0_o1__multiply_o2_o3__add_s0_s1_fused_multiply_o0_o3__multiply_o2_o1__subtract_s0_s1,1x1x128,35:unpacked;1530:unpacked;36:unpacked;1530:unpacked
178,1538,omega_reduce_r4_o3_n2_multiply_add_zero,1x1x256x1536,1497:Q4_0;1510:unpacked
179,1545,omega_reduce_r3_o2_n2_multiply_add_zero_epi3_fused_identity_o3__multiply_s0_o2__add_s1_o1__square_root_s2__reciprocal_s3__multiply_s4_o0,1x1x256,1538:unpacked;1538:unpacked
180,1520,omega_reduce_r3_o2_n2_multiply_add_zero_epi4_fused_identity_o4__multiply_s0_o3__add_s1_o2__square_root_s2__reciprocal_s3__multiply_s4_o1__multiply_s5_o0,1x8x256,1512:unpacked;1512:unpacked
181,1548,omega_elementwise_twin_r3_n4_fused_multiply_o0_o1__multiply_o2_o3__subtract_s0_s1_fused_multiply_o0_o3__multiply_o2_o1__add_s0_s1,1x8x128,35:unpacked;1520:unpacked;36:unpacked;1520:unpacked
182,1584,omega_cached_attention_q1_h1_g8_d256_s3f800000_ln511_up0_x4_e1_k1_ds,1x1x8x256,1548:unpacked;1551:unpacked;1498:unpacked;1499:unpacked;1533:unpacked;1536:unpacked;1500:unpacked;1545:unpacked;53:unpacked
183,1584,omega_cached_attention_q1_h1_g8_d256_s3f800000_ln511_up0_x4_e1_k1_ds_merge,1x1x8x256,1548:unpacked;1551:unpacked;1498:unpacked;1499:unpacked;1533:unpacked;1536:unpacked;1500:unpacked;1545:unpacked;53:unpacked
184,1586,omega_reduce_r5_o2_n2_multiply_add_zero,1x1x8x256x1536,1501:Q4_0;1584:unpacked
185,1595,omega_reduce_r2_o1_n2_multiply_add_zero_epi5_fused_identity_o5__multiply_s0_o4__add_s1_o3__square_root_s2__reciprocal_s3__multiply_s4_o2__multiply_s5_o1__add_s6_o0,1x1536,1586:unpacked;1586:unpacked
186,1603,omega_reduce_r2_o1_n2_multiply_add_zero_epi4_fused_identity_o4__multiply_s0_o3__add_s1_o2__square_root_s2__reciprocal_s3__multiply_s4_o1__multiply_s5_o0,1x1536,1595:unpacked;1595:unpacked
187,1608,omega_reduce_r3_o2_n2_multiply_add_zero,1x1536x6144,1603:unpacked;1604:Q4_0
188,1623,omega_reduce_r3_o2_n2_multiply_add_zero_epi9_fused_identity_o9__multiply_o5_o6__multiply_s1_o4__multiply_s2_o3__add_s3_o2__multiply_s4_o1__tanh_s5__add_s6_o0__multiply_o7_o8__multiply_s7_s8__multiply_s0_s9,1x1536x6144,1603:unpacked;1605:Q4_0
189,1625,omega_reduce_r3_o2_n2_multiply_add_zero,1x6144x1536,1606:Q4_0;1623:unpacked
190,1635,omega_reduce_r2_o1_n2_multiply_add_zero_epi5_fused_identity_o5__multiply_s0_o4__add_s1_o3__square_root_s2__reciprocal_s3__multiply_s4_o2__multiply_s5_o1__add_s6_o0,1x1536,1625:unpacked;1625:unpacked
191,1651,omega_reduce_r3_o2_n2_multiply_add_zero_epi5_fused_identity_o5__identity_o0__multiply_s0_s0__multiply_s0_s2__multiply_s3_o3__add_s0_s4__multiply_s5_o2__tanh_s6__add_s7_o1__multiply_s0_o4__multiply_s8_s9__multiply_s1_s10,1x1536x256,1635:unpacked;1636:Q4_0
192,1654,omega_reduce_r3_o2_n2_multiply_add_zero,1x256x1536,1651:unpacked;1652:Q4_0
193,1666,omega_reduce_r2_o1_n2_multiply_add_zero_epi6_fused_identity_o6__multiply_s0_o4__add_s1_o3__square_root_s2__reciprocal_s3__multiply_s4_o2__multiply_s5_o1__add_s6_o0__multiply_s7_o5,1x1536,1654:unpacked;1654:unpacked
194,1687,omega_reduce_r2_o1_n2_multiply_add_zero_epi4_fused_identity_o4__multiply_s0_o3__add_s1_o2__square_root_s2__reciprocal_s3__multiply_s4_o1__multiply_s5_o0,1x1536,1666:unpacked;1666:unpacked
195,1689,omega_reduce_r4_o3_n2_multiply_add_zero,1x8x512x1536,1671:Q4_0;1687:unpacked
196,1699,omega_reduce_r4_o3_n2_multiply_add_zero,1x1x512x1536,1672:Q4_0;1687:unpacked
197,1707,omega_reduce_r3_o2_n2_multiply_add_zero_epi4_fused_identity_o4__multiply_s0_o3__add_s1_o2__square_root_s2__reciprocal_s3__multiply_s4_o1__multiply_s5_o0,1x1x512,1699:unpacked;1699:unpacked
198,1713,omega_elementwise_twin_r3_n4_fused_multiply_o0_o1__multiply_o2_o3__add_s0_s1_fused_multiply_o0_o3__multiply_o2_o1__subtract_s0_s1,1x1x256,47:unpacked;1707:unpacked;48:unpacked;1707:unpacked
199,1715,omega_reduce_r4_o3_n2_multiply_add_zero,1x1x512x1536,1674:Q4_0;1687:unpacked
200,1722,omega_reduce_r3_o2_n2_multiply_add_zero_epi3_fused_identity_o3__multiply_s0_o2__add_s1_o1__square_root_s2__reciprocal_s3__multiply_s4_o0,1x1x512,1715:unpacked;1715:unpacked
201,1697,omega_reduce_r3_o2_n2_multiply_add_zero_epi4_fused_identity_o4__multiply_s0_o3__add_s1_o2__square_root_s2__reciprocal_s3__multiply_s4_o1__multiply_s5_o0,1x8x512,1689:unpacked;1689:unpacked
202,1725,omega_elementwise_twin_r3_n4_fused_multiply_o0_o1__multiply_o2_o3__subtract_s0_s1_fused_multiply_o0_o3__multiply_o2_o1__add_s0_s1,1x8x256,47:unpacked;1697:unpacked;48:unpacked;1697:unpacked
203,1761,omega_cached_attention_q1_h1_g8_d512_s3f800000_ln9223372036854775808_up0_x4_e1_k1_ds,1x1x8x512,1725:unpacked;1728:unpacked;1675:unpacked;1676:unpacked;1710:unpacked;1713:unpacked;1677:unpacked;1722:unpacked;8:unpacked
204,1761,omega_cached_attention_q1_h1_g8_d512_s3f800000_ln9223372036854775808_up0_x4_e1_k1_ds_merge,1x1x8x512,1725:unpacked;1728:unpacked;1675:unpacked;1676:unpacked;1710:unpacked;1713:unpacked;1677:unpacked;1722:unpacked;8:unpacked
205,1763,omega_reduce_r5_o2_n2_multiply_add_zero,1x1x8x512x1536,1678:Q4_0;1761:unpacked
206,1772,omega_reduce_r2_o1_n2_multiply_add_zero_epi5_fused_identity_o5__multiply_s0_o4__add_s1_o3__square_root_s2__reciprocal_s3__multiply_s4_o2__multiply_s5_o1__add_s6_o0,1x1536,1763:unpacked;1763:unpacked
207,1780,omega_reduce_r2_o1_n2_multiply_add_zero_epi4_fused_identity_o4__multiply_s0_o3__add_s1_o2__square_root_s2__reciprocal_s3__multiply_s4_o1__multiply_s5_o0,1x1536,1772:unpacked;1772:unpacked
208,1785,omega_reduce_r3_o2_n2_multiply_add_zero,1x1536x6144,1780:unpacked;1781:Q4_0
209,1800,omega_reduce_r3_o2_n2_multiply_add_zero_epi9_fused_identity_o9__multiply_o5_o6__multiply_s1_o4__multiply_s2_o3__add_s3_o2__multiply_s4_o1__tanh_s5__add_s6_o0__multiply_o7_o8__multiply_s7_s8__multiply_s0_s9,1x1536x6144,1780:unpacked;1782:Q4_0
210,1802,omega_reduce_r3_o2_n2_multiply_add_zero,1x6144x1536,1783:Q4_0;1800:unpacked
211,1812,omega_reduce_r2_o1_n2_multiply_add_zero_epi5_fused_identity_o5__multiply_s0_o4__add_s1_o3__square_root_s2__reciprocal_s3__multiply_s4_o2__multiply_s5_o1__add_s6_o0,1x1536,1802:unpacked;1802:unpacked
212,1828,omega_reduce_r3_o2_n2_multiply_add_zero_epi5_fused_identity_o5__identity_o0__multiply_s0_s0__multiply_s0_s2__multiply_s3_o3__add_s0_s4__multiply_s5_o2__tanh_s6__add_s7_o1__multiply_s0_o4__multiply_s8_s9__multiply_s1_s10,1x1536x256,1812:unpacked;1813:Q4_0
213,1831,omega_reduce_r3_o2_n2_multiply_add_zero,1x256x1536,1828:unpacked;1829:Q4_0
214,1843,omega_reduce_r2_o1_n2_multiply_add_zero_epi6_fused_identity_o6__multiply_s0_o4__add_s1_o3__square_root_s2__reciprocal_s3__multiply_s4_o2__multiply_s5_o1__add_s6_o0__multiply_s7_o5,1x1536,1831:unpacked;1831:unpacked
215,1864,omega_reduce_r2_o1_n2_multiply_add_zero_epi4_fused_identity_o4__multiply_s0_o3__add_s1_o2__square_root_s2__reciprocal_s3__multiply_s4_o1__multiply_s5_o0,1x1536,1843:unpacked;1843:unpacked
216,1866,omega_reduce_r4_o3_n2_multiply_add_zero,1x8x256x1536,1848:Q4_0;1864:unpacked
217,1876,omega_reduce_r4_o3_n2_multiply_add_zero,1x1x256x1536,1849:Q4_0;1864:unpacked
218,1884,omega_reduce_r3_o2_n2_multiply_add_zero_epi4_fused_identity_o4__multiply_s0_o3__add_s1_o2__square_root_s2__reciprocal_s3__multiply_s4_o1__multiply_s5_o0,1x1x256,1876:unpacked;1876:unpacked
219,1890,omega_elementwise_twin_r3_n4_fused_multiply_o0_o1__multiply_o2_o3__add_s0_s1_fused_multiply_o0_o3__multiply_o2_o1__subtract_s0_s1,1x1x128,35:unpacked;1884:unpacked;36:unpacked;1884:unpacked
220,1892,omega_reduce_r4_o3_n2_multiply_add_zero,1x1x256x1536,1851:Q4_0;1864:unpacked
221,1899,omega_reduce_r3_o2_n2_multiply_add_zero_epi3_fused_identity_o3__multiply_s0_o2__add_s1_o1__square_root_s2__reciprocal_s3__multiply_s4_o0,1x1x256,1892:unpacked;1892:unpacked
222,1874,omega_reduce_r3_o2_n2_multiply_add_zero_epi4_fused_identity_o4__multiply_s0_o3__add_s1_o2__square_root_s2__reciprocal_s3__multiply_s4_o1__multiply_s5_o0,1x8x256,1866:unpacked;1866:unpacked
223,1902,omega_elementwise_twin_r3_n4_fused_multiply_o0_o1__multiply_o2_o3__subtract_s0_s1_fused_multiply_o0_o3__multiply_o2_o1__add_s0_s1,1x8x128,35:unpacked;1874:unpacked;36:unpacked;1874:unpacked
224,1938,omega_cached_attention_q1_h1_g8_d256_s3f800000_ln511_up0_x4_e1_k1_ds,1x1x8x256,1902:unpacked;1905:unpacked;1852:unpacked;1853:unpacked;1887:unpacked;1890:unpacked;1854:unpacked;1899:unpacked;53:unpacked
225,1938,omega_cached_attention_q1_h1_g8_d256_s3f800000_ln511_up0_x4_e1_k1_ds_merge,1x1x8x256,1902:unpacked;1905:unpacked;1852:unpacked;1853:unpacked;1887:unpacked;1890:unpacked;1854:unpacked;1899:unpacked;53:unpacked
226,1940,omega_reduce_r5_o2_n2_multiply_add_zero,1x1x8x256x1536,1855:Q4_0;1938:unpacked
227,1949,omega_reduce_r2_o1_n2_multiply_add_zero_epi5_fused_identity_o5__multiply_s0_o4__add_s1_o3__square_root_s2__reciprocal_s3__multiply_s4_o2__multiply_s5_o1__add_s6_o0,1x1536,1940:unpacked;1940:unpacked
228,1957,omega_reduce_r2_o1_n2_multiply_add_zero_epi4_fused_identity_o4__multiply_s0_o3__add_s1_o2__square_root_s2__reciprocal_s3__multiply_s4_o1__multiply_s5_o0,1x1536,1949:unpacked;1949:unpacked
229,1962,omega_reduce_r3_o2_n2_multiply_add_zero,1x1536x6144,1957:unpacked;1958:Q4_0
230,1977,omega_reduce_r3_o2_n2_multiply_add_zero_epi9_fused_identity_o9__multiply_o5_o6__multiply_s1_o4__multiply_s2_o3__add_s3_o2__multiply_s4_o1__tanh_s5__add_s6_o0__multiply_o7_o8__multiply_s7_s8__multiply_s0_s9,1x1536x6144,1957:unpacked;1959:Q4_0
231,1979,omega_reduce_r3_o2_n2_multiply_add_zero,1x6144x1536,1960:Q4_0;1977:unpacked
232,1989,omega_reduce_r2_o1_n2_multiply_add_zero_epi5_fused_identity_o5__multiply_s0_o4__add_s1_o3__square_root_s2__reciprocal_s3__multiply_s4_o2__multiply_s5_o1__add_s6_o0,1x1536,1979:unpacked;1979:unpacked
233,2005,omega_reduce_r3_o2_n2_multiply_add_zero_epi5_fused_identity_o5__identity_o0__multiply_s0_s0__multiply_s0_s2__multiply_s3_o3__add_s0_s4__multiply_s5_o2__tanh_s6__add_s7_o1__multiply_s0_o4__multiply_s8_s9__multiply_s1_s10,1x1536x256,1989:unpacked;1990:Q4_0
234,2008,omega_reduce_r3_o2_n2_multiply_add_zero,1x256x1536,2005:unpacked;2006:Q4_0
235,2020,omega_reduce_r2_o1_n2_multiply_add_zero_epi6_fused_identity_o6__multiply_s0_o4__add_s1_o3__square_root_s2__reciprocal_s3__multiply_s4_o2__multiply_s5_o1__add_s6_o0__multiply_s7_o5,1x1536,2008:unpacked;2008:unpacked
236,2041,omega_reduce_r2_o1_n2_multiply_add_zero_epi4_fused_identity_o4__multiply_s0_o3__add_s1_o2__square_root_s2__reciprocal_s3__multiply_s4_o1__multiply_s5_o0,1x1536,2020:unpacked;2020:unpacked
237,2043,omega_reduce_r4_o3_n2_multiply_add_zero,1x8x256x1536,2025:Q4_0;2041:unpacked
238,2053,omega_reduce_r4_o3_n2_multiply_add_zero,1x1x256x1536,2026:Q4_0;2041:unpacked
239,2061,omega_reduce_r3_o2_n2_multiply_add_zero_epi4_fused_identity_o4__multiply_s0_o3__add_s1_o2__square_root_s2__reciprocal_s3__multiply_s4_o1__multiply_s5_o0,1x1x256,2053:unpacked;2053:unpacked
240,2067,omega_elementwise_twin_r3_n4_fused_multiply_o0_o1__multiply_o2_o3__add_s0_s1_fused_multiply_o0_o3__multiply_o2_o1__subtract_s0_s1,1x1x128,35:unpacked;2061:unpacked;36:unpacked;2061:unpacked
241,2069,omega_reduce_r4_o3_n2_multiply_add_zero,1x1x256x1536,2028:Q4_0;2041:unpacked
242,2076,omega_reduce_r3_o2_n2_multiply_add_zero_epi3_fused_identity_o3__multiply_s0_o2__add_s1_o1__square_root_s2__reciprocal_s3__multiply_s4_o0,1x1x256,2069:unpacked;2069:unpacked
243,2051,omega_reduce_r3_o2_n2_multiply_add_zero_epi4_fused_identity_o4__multiply_s0_o3__add_s1_o2__square_root_s2__reciprocal_s3__multiply_s4_o1__multiply_s5_o0,1x8x256,2043:unpacked;2043:unpacked
244,2079,omega_elementwise_twin_r3_n4_fused_multiply_o0_o1__multiply_o2_o3__subtract_s0_s1_fused_multiply_o0_o3__multiply_o2_o1__add_s0_s1,1x8x128,35:unpacked;2051:unpacked;36:unpacked;2051:unpacked
245,2115,omega_cached_attention_q1_h1_g8_d256_s3f800000_ln511_up0_x4_e1_k1_ds,1x1x8x256,2079:unpacked;2082:unpacked;2029:unpacked;2030:unpacked;2064:unpacked;2067:unpacked;2031:unpacked;2076:unpacked;53:unpacked
246,2115,omega_cached_attention_q1_h1_g8_d256_s3f800000_ln511_up0_x4_e1_k1_ds_merge,1x1x8x256,2079:unpacked;2082:unpacked;2029:unpacked;2030:unpacked;2064:unpacked;2067:unpacked;2031:unpacked;2076:unpacked;53:unpacked
247,2117,omega_reduce_r5_o2_n2_multiply_add_zero,1x1x8x256x1536,2032:Q4_0;2115:unpacked
248,2126,omega_reduce_r2_o1_n2_multiply_add_zero_epi5_fused_identity_o5__multiply_s0_o4__add_s1_o3__square_root_s2__reciprocal_s3__multiply_s4_o2__multiply_s5_o1__add_s6_o0,1x1536,2117:unpacked;2117:unpacked
249,2134,omega_reduce_r2_o1_n2_multiply_add_zero_epi4_fused_identity_o4__multiply_s0_o3__add_s1_o2__square_root_s2__reciprocal_s3__multiply_s4_o1__multiply_s5_o0,1x1536,2126:unpacked;2126:unpacked
250,2139,omega_reduce_r3_o2_n2_multiply_add_zero,1x1536x6144,2134:unpacked;2135:Q4_0
251,2154,omega_reduce_r3_o2_n2_multiply_add_zero_epi9_fused_identity_o9__multiply_o5_o6__multiply_s1_o4__multiply_s2_o3__add_s3_o2__multiply_s4_o1__tanh_s5__add_s6_o0__multiply_o7_o8__multiply_s7_s8__multiply_s0_s9,1x1536x6144,2134:unpacked;2136:Q4_0
252,2156,omega_reduce_r3_o2_n2_multiply_add_zero,1x6144x1536,2137:Q4_0;2154:unpacked
253,2166,omega_reduce_r2_o1_n2_multiply_add_zero_epi5_fused_identity_o5__multiply_s0_o4__add_s1_o3__square_root_s2__reciprocal_s3__multiply_s4_o2__multiply_s5_o1__add_s6_o0,1x1536,2156:unpacked;2156:unpacked
254,2182,omega_reduce_r3_o2_n2_multiply_add_zero_epi5_fused_identity_o5__identity_o0__multiply_s0_s0__multiply_s0_s2__multiply_s3_o3__add_s0_s4__multiply_s5_o2__tanh_s6__add_s7_o1__multiply_s0_o4__multiply_s8_s9__multiply_s1_s10,1x1536x256,2166:unpacked;2167:Q4_0
255,2185,omega_reduce_r3_o2_n2_multiply_add_zero,1x256x1536,2182:unpacked;2183:Q4_0
256,2197,omega_reduce_r2_o1_n2_multiply_add_zero_epi6_fused_identity_o6__multiply_s0_o4__add_s1_o3__square_root_s2__reciprocal_s3__multiply_s4_o2__multiply_s5_o1__add_s6_o0__multiply_s7_o5,1x1536,2185:unpacked;2185:unpacked
257,2218,omega_reduce_r2_o1_n2_multiply_add_zero_epi4_fused_identity_o4__multiply_s0_o3__add_s1_o2__square_root_s2__reciprocal_s3__multiply_s4_o1__multiply_s5_o0,1x1536,2197:unpacked;2197:unpacked
258,2220,omega_reduce_r4_o3_n2_multiply_add_zero,1x8x256x1536,2202:Q4_0;2218:unpacked
259,2230,omega_reduce_r4_o3_n2_multiply_add_zero,1x1x256x1536,2203:Q4_0;2218:unpacked
260,2238,omega_reduce_r3_o2_n2_multiply_add_zero_epi4_fused_identity_o4__multiply_s0_o3__add_s1_o2__square_root_s2__reciprocal_s3__multiply_s4_o1__multiply_s5_o0,1x1x256,2230:unpacked;2230:unpacked
261,2244,omega_elementwise_twin_r3_n4_fused_multiply_o0_o1__multiply_o2_o3__add_s0_s1_fused_multiply_o0_o3__multiply_o2_o1__subtract_s0_s1,1x1x128,35:unpacked;2238:unpacked;36:unpacked;2238:unpacked
262,2246,omega_reduce_r4_o3_n2_multiply_add_zero,1x1x256x1536,2205:Q4_0;2218:unpacked
263,2253,omega_reduce_r3_o2_n2_multiply_add_zero_epi3_fused_identity_o3__multiply_s0_o2__add_s1_o1__square_root_s2__reciprocal_s3__multiply_s4_o0,1x1x256,2246:unpacked;2246:unpacked
264,2228,omega_reduce_r3_o2_n2_multiply_add_zero_epi4_fused_identity_o4__multiply_s0_o3__add_s1_o2__square_root_s2__reciprocal_s3__multiply_s4_o1__multiply_s5_o0,1x8x256,2220:unpacked;2220:unpacked
265,2256,omega_elementwise_twin_r3_n4_fused_multiply_o0_o1__multiply_o2_o3__subtract_s0_s1_fused_multiply_o0_o3__multiply_o2_o1__add_s0_s1,1x8x128,35:unpacked;2228:unpacked;36:unpacked;2228:unpacked
266,2292,omega_cached_attention_q1_h1_g8_d256_s3f800000_ln511_up0_x4_e1_k1_ds,1x1x8x256,2256:unpacked;2259:unpacked;2206:unpacked;2207:unpacked;2241:unpacked;2244:unpacked;2208:unpacked;2253:unpacked;53:unpacked
267,2292,omega_cached_attention_q1_h1_g8_d256_s3f800000_ln511_up0_x4_e1_k1_ds_merge,1x1x8x256,2256:unpacked;2259:unpacked;2206:unpacked;2207:unpacked;2241:unpacked;2244:unpacked;2208:unpacked;2253:unpacked;53:unpacked
268,2294,omega_reduce_r5_o2_n2_multiply_add_zero,1x1x8x256x1536,2209:Q4_0;2292:unpacked
269,2303,omega_reduce_r2_o1_n2_multiply_add_zero_epi5_fused_identity_o5__multiply_s0_o4__add_s1_o3__square_root_s2__reciprocal_s3__multiply_s4_o2__multiply_s5_o1__add_s6_o0,1x1536,2294:unpacked;2294:unpacked
270,2311,omega_reduce_r2_o1_n2_multiply_add_zero_epi4_fused_identity_o4__multiply_s0_o3__add_s1_o2__square_root_s2__reciprocal_s3__multiply_s4_o1__multiply_s5_o0,1x1536,2303:unpacked;2303:unpacked
271,2316,omega_reduce_r3_o2_n2_multiply_add_zero,1x1536x6144,2311:unpacked;2312:Q4_0
272,2331,omega_reduce_r3_o2_n2_multiply_add_zero_epi9_fused_identity_o9__multiply_o5_o6__multiply_s1_o4__multiply_s2_o3__add_s3_o2__multiply_s4_o1__tanh_s5__add_s6_o0__multiply_o7_o8__multiply_s7_s8__multiply_s0_s9,1x1536x6144,2311:unpacked;2313:Q4_0
273,2333,omega_reduce_r3_o2_n2_multiply_add_zero,1x6144x1536,2314:Q4_0;2331:unpacked
274,2343,omega_reduce_r2_o1_n2_multiply_add_zero_epi5_fused_identity_o5__multiply_s0_o4__add_s1_o3__square_root_s2__reciprocal_s3__multiply_s4_o2__multiply_s5_o1__add_s6_o0,1x1536,2333:unpacked;2333:unpacked
275,2359,omega_reduce_r3_o2_n2_multiply_add_zero_epi5_fused_identity_o5__identity_o0__multiply_s0_s0__multiply_s0_s2__multiply_s3_o3__add_s0_s4__multiply_s5_o2__tanh_s6__add_s7_o1__multiply_s0_o4__multiply_s8_s9__multiply_s1_s10,1x1536x256,2343:unpacked;2344:Q4_0
276,2362,omega_reduce_r3_o2_n2_multiply_add_zero,1x256x1536,2359:unpacked;2360:Q4_0
277,2374,omega_reduce_r2_o1_n2_multiply_add_zero_epi6_fused_identity_o6__multiply_s0_o4__add_s1_o3__square_root_s2__reciprocal_s3__multiply_s4_o2__multiply_s5_o1__add_s6_o0__multiply_s7_o5,1x1536,2362:unpacked;2362:unpacked
278,2395,omega_reduce_r2_o1_n2_multiply_add_zero_epi4_fused_identity_o4__multiply_s0_o3__add_s1_o2__square_root_s2__reciprocal_s3__multiply_s4_o1__multiply_s5_o0,1x1536,2374:unpacked;2374:unpacked
279,2397,omega_reduce_r4_o3_n2_multiply_add_zero,1x8x256x1536,2379:Q4_0;2395:unpacked
280,2407,omega_reduce_r4_o3_n2_multiply_add_zero,1x1x256x1536,2380:Q4_0;2395:unpacked
281,2415,omega_reduce_r3_o2_n2_multiply_add_zero_epi4_fused_identity_o4__multiply_s0_o3__add_s1_o2__square_root_s2__reciprocal_s3__multiply_s4_o1__multiply_s5_o0,1x1x256,2407:unpacked;2407:unpacked
282,2421,omega_elementwise_twin_r3_n4_fused_multiply_o0_o1__multiply_o2_o3__add_s0_s1_fused_multiply_o0_o3__multiply_o2_o1__subtract_s0_s1,1x1x128,35:unpacked;2415:unpacked;36:unpacked;2415:unpacked
283,2423,omega_reduce_r4_o3_n2_multiply_add_zero,1x1x256x1536,2382:Q4_0;2395:unpacked
284,2430,omega_reduce_r3_o2_n2_multiply_add_zero_epi3_fused_identity_o3__multiply_s0_o2__add_s1_o1__square_root_s2__reciprocal_s3__multiply_s4_o0,1x1x256,2423:unpacked;2423:unpacked
285,2405,omega_reduce_r3_o2_n2_multiply_add_zero_epi4_fused_identity_o4__multiply_s0_o3__add_s1_o2__square_root_s2__reciprocal_s3__multiply_s4_o1__multiply_s5_o0,1x8x256,2397:unpacked;2397:unpacked
286,2433,omega_elementwise_twin_r3_n4_fused_multiply_o0_o1__multiply_o2_o3__subtract_s0_s1_fused_multiply_o0_o3__multiply_o2_o1__add_s0_s1,1x8x128,35:unpacked;2405:unpacked;36:unpacked;2405:unpacked
287,2469,omega_cached_attention_q1_h1_g8_d256_s3f800000_ln511_up0_x4_e1_k1_ds,1x1x8x256,2433:unpacked;2436:unpacked;2383:unpacked;2384:unpacked;2418:unpacked;2421:unpacked;2385:unpacked;2430:unpacked;53:unpacked
288,2469,omega_cached_attention_q1_h1_g8_d256_s3f800000_ln511_up0_x4_e1_k1_ds_merge,1x1x8x256,2433:unpacked;2436:unpacked;2383:unpacked;2384:unpacked;2418:unpacked;2421:unpacked;2385:unpacked;2430:unpacked;53:unpacked
289,2471,omega_reduce_r5_o2_n2_multiply_add_zero,1x1x8x256x1536,2386:Q4_0;2469:unpacked
290,2480,omega_reduce_r2_o1_n2_multiply_add_zero_epi5_fused_identity_o5__multiply_s0_o4__add_s1_o3__square_root_s2__reciprocal_s3__multiply_s4_o2__multiply_s5_o1__add_s6_o0,1x1536,2471:unpacked;2471:unpacked
291,2488,omega_reduce_r2_o1_n2_multiply_add_zero_epi4_fused_identity_o4__multiply_s0_o3__add_s1_o2__square_root_s2__reciprocal_s3__multiply_s4_o1__multiply_s5_o0,1x1536,2480:unpacked;2480:unpacked
292,2493,omega_reduce_r3_o2_n2_multiply_add_zero,1x1536x6144,2488:unpacked;2489:Q4_0
293,2508,omega_reduce_r3_o2_n2_multiply_add_zero_epi9_fused_identity_o9__multiply_o5_o6__multiply_s1_o4__multiply_s2_o3__add_s3_o2__multiply_s4_o1__tanh_s5__add_s6_o0__multiply_o7_o8__multiply_s7_s8__multiply_s0_s9,1x1536x6144,2488:unpacked;2490:Q4_0
294,2510,omega_reduce_r3_o2_n2_multiply_add_zero,1x6144x1536,2491:Q4_0;2508:unpacked
295,2520,omega_reduce_r2_o1_n2_multiply_add_zero_epi5_fused_identity_o5__multiply_s0_o4__add_s1_o3__square_root_s2__reciprocal_s3__multiply_s4_o2__multiply_s5_o1__add_s6_o0,1x1536,2510:unpacked;2510:unpacked
296,2536,omega_reduce_r3_o2_n2_multiply_add_zero_epi5_fused_identity_o5__identity_o0__multiply_s0_s0__multiply_s0_s2__multiply_s3_o3__add_s0_s4__multiply_s5_o2__tanh_s6__add_s7_o1__multiply_s0_o4__multiply_s8_s9__multiply_s1_s10,1x1536x256,2520:unpacked;2521:Q4_0
297,2539,omega_reduce_r3_o2_n2_multiply_add_zero,1x256x1536,2536:unpacked;2537:Q4_0
298,2551,omega_reduce_r2_o1_n2_multiply_add_zero_epi6_fused_identity_o6__multiply_s0_o4__add_s1_o3__square_root_s2__reciprocal_s3__multiply_s4_o2__multiply_s5_o1__add_s6_o0__multiply_s7_o5,1x1536,2539:unpacked;2539:unpacked
299,2572,omega_reduce_r2_o1_n2_multiply_add_zero_epi4_fused_identity_o4__multiply_s0_o3__add_s1_o2__square_root_s2__reciprocal_s3__multiply_s4_o1__multiply_s5_o0,1x1536,2551:unpacked;2551:unpacked
300,2574,omega_reduce_r4_o3_n2_multiply_add_zero,1x8x512x1536,2556:Q4_0;2572:unpacked
301,2584,omega_reduce_r4_o3_n2_multiply_add_zero,1x1x512x1536,2557:Q4_0;2572:unpacked
302,2592,omega_reduce_r3_o2_n2_multiply_add_zero_epi4_fused_identity_o4__multiply_s0_o3__add_s1_o2__square_root_s2__reciprocal_s3__multiply_s4_o1__multiply_s5_o0,1x1x512,2584:unpacked;2584:unpacked
303,2598,omega_elementwise_twin_r3_n4_fused_multiply_o0_o1__multiply_o2_o3__add_s0_s1_fused_multiply_o0_o3__multiply_o2_o1__subtract_s0_s1,1x1x256,47:unpacked;2592:unpacked;48:unpacked;2592:unpacked
304,2600,omega_reduce_r4_o3_n2_multiply_add_zero,1x1x512x1536,2559:Q4_0;2572:unpacked
305,2607,omega_reduce_r3_o2_n2_multiply_add_zero_epi3_fused_identity_o3__multiply_s0_o2__add_s1_o1__square_root_s2__reciprocal_s3__multiply_s4_o0,1x1x512,2600:unpacked;2600:unpacked
306,2582,omega_reduce_r3_o2_n2_multiply_add_zero_epi4_fused_identity_o4__multiply_s0_o3__add_s1_o2__square_root_s2__reciprocal_s3__multiply_s4_o1__multiply_s5_o0,1x8x512,2574:unpacked;2574:unpacked
307,2610,omega_elementwise_twin_r3_n4_fused_multiply_o0_o1__multiply_o2_o3__subtract_s0_s1_fused_multiply_o0_o3__multiply_o2_o1__add_s0_s1,1x8x256,47:unpacked;2582:unpacked;48:unpacked;2582:unpacked
308,2646,omega_cached_attention_q1_h1_g8_d512_s3f800000_ln9223372036854775808_up0_x4_e1_k1_ds,1x1x8x512,2610:unpacked;2613:unpacked;2560:unpacked;2561:unpacked;2595:unpacked;2598:unpacked;2562:unpacked;2607:unpacked;8:unpacked
309,2646,omega_cached_attention_q1_h1_g8_d512_s3f800000_ln9223372036854775808_up0_x4_e1_k1_ds_merge,1x1x8x512,2610:unpacked;2613:unpacked;2560:unpacked;2561:unpacked;2595:unpacked;2598:unpacked;2562:unpacked;2607:unpacked;8:unpacked
310,2648,omega_reduce_r5_o2_n2_multiply_add_zero,1x1x8x512x1536,2563:Q4_0;2646:unpacked
311,2657,omega_reduce_r2_o1_n2_multiply_add_zero_epi5_fused_identity_o5__multiply_s0_o4__add_s1_o3__square_root_s2__reciprocal_s3__multiply_s4_o2__multiply_s5_o1__add_s6_o0,1x1536,2648:unpacked;2648:unpacked
312,2665,omega_reduce_r2_o1_n2_multiply_add_zero_epi4_fused_identity_o4__multiply_s0_o3__add_s1_o2__square_root_s2__reciprocal_s3__multiply_s4_o1__multiply_s5_o0,1x1536,2657:unpacked;2657:unpacked
313,2670,omega_reduce_r3_o2_n2_multiply_add_zero,1x1536x6144,2665:unpacked;2666:Q4_0
314,2685,omega_reduce_r3_o2_n2_multiply_add_zero_epi9_fused_identity_o9__multiply_o5_o6__multiply_s1_o4__multiply_s2_o3__add_s3_o2__multiply_s4_o1__tanh_s5__add_s6_o0__multiply_o7_o8__multiply_s7_s8__multiply_s0_s9,1x1536x6144,2665:unpacked;2667:Q4_0
315,2687,omega_reduce_r3_o2_n2_multiply_add_zero,1x6144x1536,2668:Q4_0;2685:unpacked
316,2697,omega_reduce_r2_o1_n2_multiply_add_zero_epi5_fused_identity_o5__multiply_s0_o4__add_s1_o3__square_root_s2__reciprocal_s3__multiply_s4_o2__multiply_s5_o1__add_s6_o0,1x1536,2687:unpacked;2687:unpacked
317,2713,omega_reduce_r3_o2_n2_multiply_add_zero_epi5_fused_identity_o5__identity_o0__multiply_s0_s0__multiply_s0_s2__multiply_s3_o3__add_s0_s4__multiply_s5_o2__tanh_s6__add_s7_o1__multiply_s0_o4__multiply_s8_s9__multiply_s1_s10,1x1536x256,2697:unpacked;2698:Q4_0
318,2716,omega_reduce_r3_o2_n2_multiply_add_zero,1x256x1536,2713:unpacked;2714:Q4_0
319,2728,omega_reduce_r2_o1_n2_multiply_add_zero_epi6_fused_identity_o6__multiply_s0_o4__add_s1_o3__square_root_s2__reciprocal_s3__multiply_s4_o2__multiply_s5_o1__add_s6_o0__multiply_s7_o5,1x1536,2716:unpacked;2716:unpacked
320,2743,omega_reduce_r2_o1_n2_multiply_add_zero_epi4_fused_identity_o4__multiply_s0_o3__add_s1_o2__square_root_s2__reciprocal_s3__multiply_s4_o1__multiply_s5_o0,1x1536,2728:unpacked;2728:unpacked
321,2745,omega_reduce_r4_o3_n2_multiply_add_zero,1x8x256x1536,2733:Q4_0;2743:unpacked
322,2753,omega_reduce_r3_o2_n2_multiply_add_zero_epi4_fused_identity_o4__multiply_s0_o3__add_s1_o2__square_root_s2__reciprocal_s3__multiply_s4_o1__multiply_s5_o0,1x8x256,2745:unpacked;2745:unpacked
323,2756,omega_elementwise_twin_r3_n4_fused_multiply_o0_o1__multiply_o2_o3__subtract_s0_s1_fused_multiply_o0_o3__multiply_o2_o1__add_s0_s1,1x8x128,35:unpacked;2753:unpacked;36:unpacked;2753:unpacked
324,2792,omega_cached_attention_q1_h1_g8_d256_s3f800000_ln511_up0_x4_e1_k1_ds,1x1x8x256,2756:unpacked;2759:unpacked;2383:unpacked;2384:unpacked;2418:unpacked;2421:unpacked;2385:unpacked;2430:unpacked;53:unpacked
325,2792,omega_cached_attention_q1_h1_g8_d256_s3f800000_ln511_up0_x4_e1_k1_ds_merge,1x1x8x256,2756:unpacked;2759:unpacked;2383:unpacked;2384:unpacked;2418:unpacked;2421:unpacked;2385:unpacked;2430:unpacked;53:unpacked
326,2794,omega_reduce_r5_o2_n2_multiply_add_zero,1x1x8x256x1536,2734:Q4_0;2792:unpacked
327,2803,omega_reduce_r2_o1_n2_multiply_add_zero_epi5_fused_identity_o5__multiply_s0_o4__add_s1_o3__square_root_s2__reciprocal_s3__multiply_s4_o2__multiply_s5_o1__add_s6_o0,1x1536,2794:unpacked;2794:unpacked
328,2811,omega_reduce_r2_o1_n2_multiply_add_zero_epi4_fused_identity_o4__multiply_s0_o3__add_s1_o2__square_root_s2__reciprocal_s3__multiply_s4_o1__multiply_s5_o0,1x1536,2803:unpacked;2803:unpacked
329,2816,omega_reduce_r3_o2_n2_multiply_add_zero,1x1536x12288,2811:unpacked;2812:Q4_0
330,2831,omega_reduce_r3_o2_n2_multiply_add_zero_epi9_fused_identity_o9__multiply_o5_o6__multiply_s1_o4__multiply_s2_o3__add_s3_o2__multiply_s4_o1__tanh_s5__add_s6_o0__multiply_o7_o8__multiply_s7_s8__multiply_s0_s9,1x1536x12288,2811:unpacked;2813:Q4_0
331,2833,omega_reduce_r3_o2_n2_multiply_add_zero,1x12288x1536,2814:Q4_0;2831:unpacked
332,2843,omega_reduce_r2_o1_n2_multiply_add_zero_epi5_fused_identity_o5__multiply_s0_o4__add_s1_o3__square_root_s2__reciprocal_s3__multiply_s4_o2__multiply_s5_o1__add_s6_o0,1x1536,2833:unpacked;2833:unpacked
333,2859,omega_reduce_r3_o2_n2_multiply_add_zero_epi5_fused_identity_o5__identity_o0__multiply_s0_s0__multiply_s0_s2__multiply_s3_o3__add_s0_s4__multiply_s5_o2__tanh_s6__add_s7_o1__multiply_s0_o4__multiply_s8_s9__multiply_s1_s10,1x1536x256,2843:unpacked;2844:Q4_0
334,2862,omega_reduce_r3_o2_n2_multiply_add_zero,1x256x1536,2859:unpacked;2860:Q4_0
335,2874,omega_reduce_r2_o1_n2_multiply_add_zero_epi6_fused_identity_o6__multiply_s0_o4__add_s1_o3__square_root_s2__reciprocal_s3__multiply_s4_o2__multiply_s5_o1__add_s6_o0__multiply_s7_o5,1x1536,2862:unpacked;2862:unpacked
336,2889,omega_reduce_r2_o1_n2_multiply_add_zero_epi4_fused_identity_o4__multiply_s0_o3__add_s1_o2__square_root_s2__reciprocal_s3__multiply_s4_o1__multiply_s5_o0,1x1536,2874:unpacked;2874:unpacked
337,2891,omega_reduce_r4_o3_n2_multiply_add_zero,1x8x256x1536,2879:Q4_0;2889:unpacked
338,2899,omega_reduce_r3_o2_n2_multiply_add_zero_epi4_fused_identity_o4__multiply_s0_o3__add_s1_o2__square_root_s2__reciprocal_s3__multiply_s4_o1__multiply_s5_o0,1x8x256,2891:unpacked;2891:unpacked
339,2902,omega_elementwise_twin_r3_n4_fused_multiply_o0_o1__multiply_o2_o3__subtract_s0_s1_fused_multiply_o0_o3__multiply_o2_o1__add_s0_s1,1x8x128,35:unpacked;2899:unpacked;36:unpacked;2899:unpacked
340,2938,omega_cached_attention_q1_h1_g8_d256_s3f800000_ln511_up0_x4_e1_k1_ds,1x1x8x256,2902:unpacked;2905:unpacked;2383:unpacked;2384:unpacked;2418:unpacked;2421:unpacked;2385:unpacked;2430:unpacked;53:unpacked
341,2938,omega_cached_attention_q1_h1_g8_d256_s3f800000_ln511_up0_x4_e1_k1_ds_merge,1x1x8x256,2902:unpacked;2905:unpacked;2383:unpacked;2384:unpacked;2418:unpacked;2421:unpacked;2385:unpacked;2430:unpacked;53:unpacked
342,2940,omega_reduce_r5_o2_n2_multiply_add_zero,1x1x8x256x1536,2880:Q4_0;2938:unpacked
343,2949,omega_reduce_r2_o1_n2_multiply_add_zero_epi5_fused_identity_o5__multiply_s0_o4__add_s1_o3__square_root_s2__reciprocal_s3__multiply_s4_o2__multiply_s5_o1__add_s6_o0,1x1536,2940:unpacked;2940:unpacked
344,2957,omega_reduce_r2_o1_n2_multiply_add_zero_epi4_fused_identity_o4__multiply_s0_o3__add_s1_o2__square_root_s2__reciprocal_s3__multiply_s4_o1__multiply_s5_o0,1x1536,2949:unpacked;2949:unpacked
345,2962,omega_reduce_r3_o2_n2_multiply_add_zero,1x1536x12288,2957:unpacked;2958:Q4_0
346,2977,omega_reduce_r3_o2_n2_multiply_add_zero_epi9_fused_identity_o9__multiply_o5_o6__multiply_s1_o4__multiply_s2_o3__add_s3_o2__multiply_s4_o1__tanh_s5__add_s6_o0__multiply_o7_o8__multiply_s7_s8__multiply_s0_s9,1x1536x12288,2957:unpacked;2959:Q4_0
347,2979,omega_reduce_r3_o2_n2_multiply_add_zero,1x12288x1536,2960:Q4_0;2977:unpacked
348,2989,omega_reduce_r2_o1_n2_multiply_add_zero_epi5_fused_identity_o5__multiply_s0_o4__add_s1_o3__square_root_s2__reciprocal_s3__multiply_s4_o2__multiply_s5_o1__add_s6_o0,1x1536,2979:unpacked;2979:unpacked
349,3005,omega_reduce_r3_o2_n2_multiply_add_zero_epi5_fused_identity_o5__identity_o0__multiply_s0_s0__multiply_s0_s2__multiply_s3_o3__add_s0_s4__multiply_s5_o2__tanh_s6__add_s7_o1__multiply_s0_o4__multiply_s8_s9__multiply_s1_s10,1x1536x256,2989:unpacked;2990:Q4_0
350,3008,omega_reduce_r3_o2_n2_multiply_add_zero,1x256x1536,3005:unpacked;3006:Q4_0
351,3020,omega_reduce_r2_o1_n2_multiply_add_zero_epi6_fused_identity_o6__multiply_s0_o4__add_s1_o3__square_root_s2__reciprocal_s3__multiply_s4_o2__multiply_s5_o1__add_s6_o0__multiply_s7_o5,1x1536,3008:unpacked;3008:unpacked
352,3035,omega_reduce_r2_o1_n2_multiply_add_zero_epi4_fused_identity_o4__multiply_s0_o3__add_s1_o2__square_root_s2__reciprocal_s3__multiply_s4_o1__multiply_s5_o0,1x1536,3020:unpacked;3020:unpacked
353,3037,omega_reduce_r4_o3_n2_multiply_add_zero,1x8x256x1536,3025:Q4_0;3035:unpacked
354,3045,omega_reduce_r3_o2_n2_multiply_add_zero_epi4_fused_identity_o4__multiply_s0_o3__add_s1_o2__square_root_s2__reciprocal_s3__multiply_s4_o1__multiply_s5_o0,1x8x256,3037:unpacked;3037:unpacked
355,3048,omega_elementwise_twin_r3_n4_fused_multiply_o0_o1__multiply_o2_o3__subtract_s0_s1_fused_multiply_o0_o3__multiply_o2_o1__add_s0_s1,1x8x128,35:unpacked;3045:unpacked;36:unpacked;3045:unpacked
356,3084,omega_cached_attention_q1_h1_g8_d256_s3f800000_ln511_up0_x4_e1_k1_ds,1x1x8x256,3048:unpacked;3051:unpacked;2383:unpacked;2384:unpacked;2418:unpacked;2421:unpacked;2385:unpacked;2430:unpacked;53:unpacked
357,3084,omega_cached_attention_q1_h1_g8_d256_s3f800000_ln511_up0_x4_e1_k1_ds_merge,1x1x8x256,3048:unpacked;3051:unpacked;2383:unpacked;2384:unpacked;2418:unpacked;2421:unpacked;2385:unpacked;2430:unpacked;53:unpacked
358,3086,omega_reduce_r5_o2_n2_multiply_add_zero,1x1x8x256x1536,3026:Q4_0;3084:unpacked
359,3095,omega_reduce_r2_o1_n2_multiply_add_zero_epi5_fused_identity_o5__multiply_s0_o4__add_s1_o3__square_root_s2__reciprocal_s3__multiply_s4_o2__multiply_s5_o1__add_s6_o0,1x1536,3086:unpacked;3086:unpacked
360,3103,omega_reduce_r2_o1_n2_multiply_add_zero_epi4_fused_identity_o4__multiply_s0_o3__add_s1_o2__square_root_s2__reciprocal_s3__multiply_s4_o1__multiply_s5_o0,1x1536,3095:unpacked;3095:unpacked
361,3108,omega_reduce_r3_o2_n2_multiply_add_zero,1x1536x12288,3103:unpacked;3104:Q4_0
362,3123,omega_reduce_r3_o2_n2_multiply_add_zero_epi9_fused_identity_o9__multiply_o5_o6__multiply_s1_o4__multiply_s2_o3__add_s3_o2__multiply_s4_o1__tanh_s5__add_s6_o0__multiply_o7_o8__multiply_s7_s8__multiply_s0_s9,1x1536x12288,3103:unpacked;3105:Q4_0
363,3125,omega_reduce_r3_o2_n2_multiply_add_zero,1x12288x1536,3106:Q4_0;3123:unpacked
364,3135,omega_reduce_r2_o1_n2_multiply_add_zero_epi5_fused_identity_o5__multiply_s0_o4__add_s1_o3__square_root_s2__reciprocal_s3__multiply_s4_o2__multiply_s5_o1__add_s6_o0,1x1536,3125:unpacked;3125:unpacked
365,3151,omega_reduce_r3_o2_n2_multiply_add_zero_epi5_fused_identity_o5__identity_o0__multiply_s0_s0__multiply_s0_s2__multiply_s3_o3__add_s0_s4__multiply_s5_o2__tanh_s6__add_s7_o1__multiply_s0_o4__multiply_s8_s9__multiply_s1_s10,1x1536x256,3135:unpacked;3136:Q4_0
366,3154,omega_reduce_r3_o2_n2_multiply_add_zero,1x256x1536,3151:unpacked;3152:Q4_0
367,3166,omega_reduce_r2_o1_n2_multiply_add_zero_epi6_fused_identity_o6__multiply_s0_o4__add_s1_o3__square_root_s2__reciprocal_s3__multiply_s4_o2__multiply_s5_o1__add_s6_o0__multiply_s7_o5,1x1536,3154:unpacked;3154:unpacked
368,3181,omega_reduce_r2_o1_n2_multiply_add_zero_epi4_fused_identity_o4__multiply_s0_o3__add_s1_o2__square_root_s2__reciprocal_s3__multiply_s4_o1__multiply_s5_o0,1x1536,3166:unpacked;3166:unpacked
369,3183,omega_reduce_r4_o3_n2_multiply_add_zero,1x8x256x1536,3171:Q4_0;3181:unpacked
370,3191,omega_reduce_r3_o2_n2_multiply_add_zero_epi4_fused_identity_o4__multiply_s0_o3__add_s1_o2__square_root_s2__reciprocal_s3__multiply_s4_o1__multiply_s5_o0,1x8x256,3183:unpacked;3183:unpacked
371,3194,omega_elementwise_twin_r3_n4_fused_multiply_o0_o1__multiply_o2_o3__subtract_s0_s1_fused_multiply_o0_o3__multiply_o2_o1__add_s0_s1,1x8x128,35:unpacked;3191:unpacked;36:unpacked;3191:unpacked
372,3230,omega_cached_attention_q1_h1_g8_d256_s3f800000_ln511_up0_x4_e1_k1_ds,1x1x8x256,3194:unpacked;3197:unpacked;2383:unpacked;2384:unpacked;2418:unpacked;2421:unpacked;2385:unpacked;2430:unpacked;53:unpacked
373,3230,omega_cached_attention_q1_h1_g8_d256_s3f800000_ln511_up0_x4_e1_k1_ds_merge,1x1x8x256,3194:unpacked;3197:unpacked;2383:unpacked;2384:unpacked;2418:unpacked;2421:unpacked;2385:unpacked;2430:unpacked;53:unpacked
374,3232,omega_reduce_r5_o2_n2_multiply_add_zero,1x1x8x256x1536,3172:Q4_0;3230:unpacked
375,3241,omega_reduce_r2_o1_n2_multiply_add_zero_epi5_fused_identity_o5__multiply_s0_o4__add_s1_o3__square_root_s2__reciprocal_s3__multiply_s4_o2__multiply_s5_o1__add_s6_o0,1x1536,3232:unpacked;3232:unpacked
376,3249,omega_reduce_r2_o1_n2_multiply_add_zero_epi4_fused_identity_o4__multiply_s0_o3__add_s1_o2__square_root_s2__reciprocal_s3__multiply_s4_o1__multiply_s5_o0,1x1536,3241:unpacked;3241:unpacked
377,3254,omega_reduce_r3_o2_n2_multiply_add_zero,1x1536x12288,3249:unpacked;3250:Q4_0
378,3269,omega_reduce_r3_o2_n2_multiply_add_zero_epi9_fused_identity_o9__multiply_o5_o6__multiply_s1_o4__multiply_s2_o3__add_s3_o2__multiply_s4_o1__tanh_s5__add_s6_o0__multiply_o7_o8__multiply_s7_s8__multiply_s0_s9,1x1536x12288,3249:unpacked;3251:Q4_0
379,3271,omega_reduce_r3_o2_n2_multiply_add_zero,1x12288x1536,3252:Q4_0;3269:unpacked
380,3281,omega_reduce_r2_o1_n2_multiply_add_zero_epi5_fused_identity_o5__multiply_s0_o4__add_s1_o3__square_root_s2__reciprocal_s3__multiply_s4_o2__multiply_s5_o1__add_s6_o0,1x1536,3271:unpacked;3271:unpacked
381,3297,omega_reduce_r3_o2_n2_multiply_add_zero_epi5_fused_identity_o5__identity_o0__multiply_s0_s0__multiply_s0_s2__multiply_s3_o3__add_s0_s4__multiply_s5_o2__tanh_s6__add_s7_o1__multiply_s0_o4__multiply_s8_s9__multiply_s1_s10,1x1536x256,3281:unpacked;3282:Q4_0
382,3300,omega_reduce_r3_o2_n2_multiply_add_zero,1x256x1536,3297:unpacked;3298:Q4_0
383,3312,omega_reduce_r2_o1_n2_multiply_add_zero_epi6_fused_identity_o6__multiply_s0_o4__add_s1_o3__square_root_s2__reciprocal_s3__multiply_s4_o2__multiply_s5_o1__add_s6_o0__multiply_s7_o5,1x1536,3300:unpacked;3300:unpacked
384,3327,omega_reduce_r2_o1_n2_multiply_add_zero_epi4_fused_identity_o4__multiply_s0_o3__add_s1_o2__square_root_s2__reciprocal_s3__multiply_s4_o1__multiply_s5_o0,1x1536,3312:unpacked;3312:unpacked
385,3329,omega_reduce_r4_o3_n2_multiply_add_zero,1x8x512x1536,3317:Q4_0;3327:unpacked
386,3337,omega_reduce_r3_o2_n2_multiply_add_zero_epi4_fused_identity_o4__multiply_s0_o3__add_s1_o2__square_root_s2__reciprocal_s3__multiply_s4_o1__multiply_s5_o0,1x8x512,3329:unpacked;3329:unpacked
387,3340,omega_elementwise_twin_r3_n4_fused_multiply_o0_o1__multiply_o2_o3__subtract_s0_s1_fused_multiply_o0_o3__multiply_o2_o1__add_s0_s1,1x8x256,47:unpacked;3337:unpacked;48:unpacked;3337:unpacked
388,3376,omega_cached_attention_q1_h1_g8_d512_s3f800000_ln9223372036854775808_up0_x4_e1_k1_ds,1x1x8x512,3340:unpacked;3343:unpacked;2560:unpacked;2561:unpacked;2595:unpacked;2598:unpacked;2562:unpacked;2607:unpacked;8:unpacked
389,3376,omega_cached_attention_q1_h1_g8_d512_s3f800000_ln9223372036854775808_up0_x4_e1_k1_ds_merge,1x1x8x512,3340:unpacked;3343:unpacked;2560:unpacked;2561:unpacked;2595:unpacked;2598:unpacked;2562:unpacked;2607:unpacked;8:unpacked
390,3378,omega_reduce_r5_o2_n2_multiply_add_zero,1x1x8x512x1536,3318:Q4_0;3376:unpacked
391,3387,omega_reduce_r2_o1_n2_multiply_add_zero_epi5_fused_identity_o5__multiply_s0_o4__add_s1_o3__square_root_s2__reciprocal_s3__multiply_s4_o2__multiply_s5_o1__add_s6_o0,1x1536,3378:unpacked;3378:unpacked
392,3395,omega_reduce_r2_o1_n2_multiply_add_zero_epi4_fused_identity_o4__multiply_s0_o3__add_s1_o2__square_root_s2__reciprocal_s3__multiply_s4_o1__multiply_s5_o0,1x1536,3387:unpacked;3387:unpacked
393,3400,omega_reduce_r3_o2_n2_multiply_add_zero,1x1536x12288,3395:unpacked;3396:Q4_0
394,3415,omega_reduce_r3_o2_n2_multiply_add_zero_epi9_fused_identity_o9__multiply_o5_o6__multiply_s1_o4__multiply_s2_o3__add_s3_o2__multiply_s4_o1__tanh_s5__add_s6_o0__multiply_o7_o8__multiply_s7_s8__multiply_s0_s9,1x1536x12288,3395:unpacked;3397:Q4_0
395,3417,omega_reduce_r3_o2_n2_multiply_add_zero,1x12288x1536,3398:Q4_0;3415:unpacked
396,3427,omega_reduce_r2_o1_n2_multiply_add_zero_epi5_fused_identity_o5__multiply_s0_o4__add_s1_o3__square_root_s2__reciprocal_s3__multiply_s4_o2__multiply_s5_o1__add_s6_o0,1x1536,3417:unpacked;3417:unpacked
397,3443,omega_reduce_r3_o2_n2_multiply_add_zero_epi5_fused_identity_o5__identity_o0__multiply_s0_s0__multiply_s0_s2__multiply_s3_o3__add_s0_s4__multiply_s5_o2__tanh_s6__add_s7_o1__multiply_s0_o4__multiply_s8_s9__multiply_s1_s10,1x1536x256,3427:unpacked;3428:Q4_0
398,3446,omega_reduce_r3_o2_n2_multiply_add_zero,1x256x1536,3443:unpacked;3444:Q4_0
399,3458,omega_reduce_r2_o1_n2_multiply_add_zero_epi6_fused_identity_o6__multiply_s0_o4__add_s1_o3__square_root_s2__reciprocal_s3__multiply_s4_o2__multiply_s5_o1__add_s6_o0__multiply_s7_o5,1x1536,3446:unpacked;3446:unpacked
400,3473,omega_reduce_r2_o1_n2_multiply_add_zero_epi4_fused_identity_o4__multiply_s0_o3__add_s1_o2__square_root_s2__reciprocal_s3__multiply_s4_o1__multiply_s5_o0,1x1536,3458:unpacked;3458:unpacked
401,3475,omega_reduce_r4_o3_n2_multiply_add_zero,1x8x256x1536,3463:Q4_0;3473:unpacked
402,3483,omega_reduce_r3_o2_n2_multiply_add_zero_epi4_fused_identity_o4__multiply_s0_o3__add_s1_o2__square_root_s2__reciprocal_s3__multiply_s4_o1__multiply_s5_o0,1x8x256,3475:unpacked;3475:unpacked
403,3486,omega_elementwise_twin_r3_n4_fused_multiply_o0_o1__multiply_o2_o3__subtract_s0_s1_fused_multiply_o0_o3__multiply_o2_o1__add_s0_s1,1x8x128,35:unpacked;3483:unpacked;36:unpacked;3483:unpacked
404,3522,omega_cached_attention_q1_h1_g8_d256_s3f800000_ln511_up0_x4_e1_k1_ds,1x1x8x256,3486:unpacked;3489:unpacked;2383:unpacked;2384:unpacked;2418:unpacked;2421:unpacked;2385:unpacked;2430:unpacked;53:unpacked
405,3522,omega_cached_attention_q1_h1_g8_d256_s3f800000_ln511_up0_x4_e1_k1_ds_merge,1x1x8x256,3486:unpacked;3489:unpacked;2383:unpacked;2384:unpacked;2418:unpacked;2421:unpacked;2385:unpacked;2430:unpacked;53:unpacked
406,3524,omega_reduce_r5_o2_n2_multiply_add_zero,1x1x8x256x1536,3464:Q4_0;3522:unpacked
407,3533,omega_reduce_r2_o1_n2_multiply_add_zero_epi5_fused_identity_o5__multiply_s0_o4__add_s1_o3__square_root_s2__reciprocal_s3__multiply_s4_o2__multiply_s5_o1__add_s6_o0,1x1536,3524:unpacked;3524:unpacked
408,3541,omega_reduce_r2_o1_n2_multiply_add_zero_epi4_fused_identity_o4__multiply_s0_o3__add_s1_o2__square_root_s2__reciprocal_s3__multiply_s4_o1__multiply_s5_o0,1x1536,3533:unpacked;3533:unpacked
409,3546,omega_reduce_r3_o2_n2_multiply_add_zero,1x1536x12288,3541:unpacked;3542:Q4_0
410,3561,omega_reduce_r3_o2_n2_multiply_add_zero_epi9_fused_identity_o9__multiply_o5_o6__multiply_s1_o4__multiply_s2_o3__add_s3_o2__multiply_s4_o1__tanh_s5__add_s6_o0__multiply_o7_o8__multiply_s7_s8__multiply_s0_s9,1x1536x12288,3541:unpacked;3543:Q4_0
411,3563,omega_reduce_r3_o2_n2_multiply_add_zero,1x12288x1536,3544:Q4_0;3561:unpacked
412,3573,omega_reduce_r2_o1_n2_multiply_add_zero_epi5_fused_identity_o5__multiply_s0_o4__add_s1_o3__square_root_s2__reciprocal_s3__multiply_s4_o2__multiply_s5_o1__add_s6_o0,1x1536,3563:unpacked;3563:unpacked
413,3589,omega_reduce_r3_o2_n2_multiply_add_zero_epi5_fused_identity_o5__identity_o0__multiply_s0_s0__multiply_s0_s2__multiply_s3_o3__add_s0_s4__multiply_s5_o2__tanh_s6__add_s7_o1__multiply_s0_o4__multiply_s8_s9__multiply_s1_s10,1x1536x256,3573:unpacked;3574:Q4_0
414,3592,omega_reduce_r3_o2_n2_multiply_add_zero,1x256x1536,3589:unpacked;3590:Q4_0
415,3604,omega_reduce_r2_o1_n2_multiply_add_zero_epi6_fused_identity_o6__multiply_s0_o4__add_s1_o3__square_root_s2__reciprocal_s3__multiply_s4_o2__multiply_s5_o1__add_s6_o0__multiply_s7_o5,1x1536,3592:unpacked;3592:unpacked
416,3619,omega_reduce_r2_o1_n2_multiply_add_zero_epi4_fused_identity_o4__multiply_s0_o3__add_s1_o2__square_root_s2__reciprocal_s3__multiply_s4_o1__multiply_s5_o0,1x1536,3604:unpacked;3604:unpacked
417,3621,omega_reduce_r4_o3_n2_multiply_add_zero,1x8x256x1536,3609:Q4_0;3619:unpacked
418,3629,omega_reduce_r3_o2_n2_multiply_add_zero_epi4_fused_identity_o4__multiply_s0_o3__add_s1_o2__square_root_s2__reciprocal_s3__multiply_s4_o1__multiply_s5_o0,1x8x256,3621:unpacked;3621:unpacked
419,3632,omega_elementwise_twin_r3_n4_fused_multiply_o0_o1__multiply_o2_o3__subtract_s0_s1_fused_multiply_o0_o3__multiply_o2_o1__add_s0_s1,1x8x128,35:unpacked;3629:unpacked;36:unpacked;3629:unpacked
420,3668,omega_cached_attention_q1_h1_g8_d256_s3f800000_ln511_up0_x4_e1_k1_ds,1x1x8x256,3632:unpacked;3635:unpacked;2383:unpacked;2384:unpacked;2418:unpacked;2421:unpacked;2385:unpacked;2430:unpacked;53:unpacked
421,3668,omega_cached_attention_q1_h1_g8_d256_s3f800000_ln511_up0_x4_e1_k1_ds_merge,1x1x8x256,3632:unpacked;3635:unpacked;2383:unpacked;2384:unpacked;2418:unpacked;2421:unpacked;2385:unpacked;2430:unpacked;53:unpacked
422,3670,omega_reduce_r5_o2_n2_multiply_add_zero,1x1x8x256x1536,3610:Q4_0;3668:unpacked
423,3679,omega_reduce_r2_o1_n2_multiply_add_zero_epi5_fused_identity_o5__multiply_s0_o4__add_s1_o3__square_root_s2__reciprocal_s3__multiply_s4_o2__multiply_s5_o1__add_s6_o0,1x1536,3670:unpacked;3670:unpacked
424,3687,omega_reduce_r2_o1_n2_multiply_add_zero_epi4_fused_identity_o4__multiply_s0_o3__add_s1_o2__square_root_s2__reciprocal_s3__multiply_s4_o1__multiply_s5_o0,1x1536,3679:unpacked;3679:unpacked
425,3692,omega_reduce_r3_o2_n2_multiply_add_zero,1x1536x12288,3687:unpacked;3688:Q4_0
426,3707,omega_reduce_r3_o2_n2_multiply_add_zero_epi9_fused_identity_o9__multiply_o5_o6__multiply_s1_o4__multiply_s2_o3__add_s3_o2__multiply_s4_o1__tanh_s5__add_s6_o0__multiply_o7_o8__multiply_s7_s8__multiply_s0_s9,1x1536x12288,3687:unpacked;3689:Q4_0
427,3709,omega_reduce_r3_o2_n2_multiply_add_zero,1x12288x1536,3690:Q4_0;3707:unpacked
428,3719,omega_reduce_r2_o1_n2_multiply_add_zero_epi5_fused_identity_o5__multiply_s0_o4__add_s1_o3__square_root_s2__reciprocal_s3__multiply_s4_o2__multiply_s5_o1__add_s6_o0,1x1536,3709:unpacked;3709:unpacked
429,3735,omega_reduce_r3_o2_n2_multiply_add_zero_epi5_fused_identity_o5__identity_o0__multiply_s0_s0__multiply_s0_s2__multiply_s3_o3__add_s0_s4__multiply_s5_o2__tanh_s6__add_s7_o1__multiply_s0_o4__multiply_s8_s9__multiply_s1_s10,1x1536x256,3719:unpacked;3720:Q4_0
430,3738,omega_reduce_r3_o2_n2_multiply_add_zero,1x256x1536,3735:unpacked;3736:Q4_0
431,3750,omega_reduce_r2_o1_n2_multiply_add_zero_epi6_fused_identity_o6__multiply_s0_o4__add_s1_o3__square_root_s2__reciprocal_s3__multiply_s4_o2__multiply_s5_o1__add_s6_o0__multiply_s7_o5,1x1536,3738:unpacked;3738:unpacked
432,3765,omega_reduce_r2_o1_n2_multiply_add_zero_epi4_fused_identity_o4__multiply_s0_o3__add_s1_o2__square_root_s2__reciprocal_s3__multiply_s4_o1__multiply_s5_o0,1x1536,3750:unpacked;3750:unpacked
433,3767,omega_reduce_r4_o3_n2_multiply_add_zero,1x8x256x1536,3755:Q4_0;3765:unpacked
434,3775,omega_reduce_r3_o2_n2_multiply_add_zero_epi4_fused_identity_o4__multiply_s0_o3__add_s1_o2__square_root_s2__reciprocal_s3__multiply_s4_o1__multiply_s5_o0,1x8x256,3767:unpacked;3767:unpacked
435,3778,omega_elementwise_twin_r3_n4_fused_multiply_o0_o1__multiply_o2_o3__subtract_s0_s1_fused_multiply_o0_o3__multiply_o2_o1__add_s0_s1,1x8x128,35:unpacked;3775:unpacked;36:unpacked;3775:unpacked
436,3814,omega_cached_attention_q1_h1_g8_d256_s3f800000_ln511_up0_x4_e1_k1_ds,1x1x8x256,3778:unpacked;3781:unpacked;2383:unpacked;2384:unpacked;2418:unpacked;2421:unpacked;2385:unpacked;2430:unpacked;53:unpacked
437,3814,omega_cached_attention_q1_h1_g8_d256_s3f800000_ln511_up0_x4_e1_k1_ds_merge,1x1x8x256,3778:unpacked;3781:unpacked;2383:unpacked;2384:unpacked;2418:unpacked;2421:unpacked;2385:unpacked;2430:unpacked;53:unpacked
438,3816,omega_reduce_r5_o2_n2_multiply_add_zero,1x1x8x256x1536,3756:Q4_0;3814:unpacked
439,3825,omega_reduce_r2_o1_n2_multiply_add_zero_epi5_fused_identity_o5__multiply_s0_o4__add_s1_o3__square_root_s2__reciprocal_s3__multiply_s4_o2__multiply_s5_o1__add_s6_o0,1x1536,3816:unpacked;3816:unpacked
440,3833,omega_reduce_r2_o1_n2_multiply_add_zero_epi4_fused_identity_o4__multiply_s0_o3__add_s1_o2__square_root_s2__reciprocal_s3__multiply_s4_o1__multiply_s5_o0,1x1536,3825:unpacked;3825:unpacked
441,3838,omega_reduce_r3_o2_n2_multiply_add_zero,1x1536x12288,3833:unpacked;3834:Q4_0
442,3853,omega_reduce_r3_o2_n2_multiply_add_zero_epi9_fused_identity_o9__multiply_o5_o6__multiply_s1_o4__multiply_s2_o3__add_s3_o2__multiply_s4_o1__tanh_s5__add_s6_o0__multiply_o7_o8__multiply_s7_s8__multiply_s0_s9,1x1536x12288,3833:unpacked;3835:Q4_0
443,3855,omega_reduce_r3_o2_n2_multiply_add_zero,1x12288x1536,3836:Q4_0;3853:unpacked
444,3865,omega_reduce_r2_o1_n2_multiply_add_zero_epi5_fused_identity_o5__multiply_s0_o4__add_s1_o3__square_root_s2__reciprocal_s3__multiply_s4_o2__multiply_s5_o1__add_s6_o0,1x1536,3855:unpacked;3855:unpacked
445,3881,omega_reduce_r3_o2_n2_multiply_add_zero_epi5_fused_identity_o5__identity_o0__multiply_s0_s0__multiply_s0_s2__multiply_s3_o3__add_s0_s4__multiply_s5_o2__tanh_s6__add_s7_o1__multiply_s0_o4__multiply_s8_s9__multiply_s1_s10,1x1536x256,3865:unpacked;3866:Q4_0
446,3884,omega_reduce_r3_o2_n2_multiply_add_zero,1x256x1536,3881:unpacked;3882:Q4_0
447,3896,omega_reduce_r2_o1_n2_multiply_add_zero_epi6_fused_identity_o6__multiply_s0_o4__add_s1_o3__square_root_s2__reciprocal_s3__multiply_s4_o2__multiply_s5_o1__add_s6_o0__multiply_s7_o5,1x1536,3884:unpacked;3884:unpacked
448,3911,omega_reduce_r2_o1_n2_multiply_add_zero_epi4_fused_identity_o4__multiply_s0_o3__add_s1_o2__square_root_s2__reciprocal_s3__multiply_s4_o1__multiply_s5_o0,1x1536,3896:unpacked;3896:unpacked
449,3913,omega_reduce_r4_o3_n2_multiply_add_zero,1x8x256x1536,3901:Q4_0;3911:unpacked
450,3921,omega_reduce_r3_o2_n2_multiply_add_zero_epi4_fused_identity_o4__multiply_s0_o3__add_s1_o2__square_root_s2__reciprocal_s3__multiply_s4_o1__multiply_s5_o0,1x8x256,3913:unpacked;3913:unpacked
451,3924,omega_elementwise_twin_r3_n4_fused_multiply_o0_o1__multiply_o2_o3__subtract_s0_s1_fused_multiply_o0_o3__multiply_o2_o1__add_s0_s1,1x8x128,35:unpacked;3921:unpacked;36:unpacked;3921:unpacked
452,3960,omega_cached_attention_q1_h1_g8_d256_s3f800000_ln511_up0_x4_e1_k1_ds,1x1x8x256,3924:unpacked;3927:unpacked;2383:unpacked;2384:unpacked;2418:unpacked;2421:unpacked;2385:unpacked;2430:unpacked;53:unpacked
453,3960,omega_cached_attention_q1_h1_g8_d256_s3f800000_ln511_up0_x4_e1_k1_ds_merge,1x1x8x256,3924:unpacked;3927:unpacked;2383:unpacked;2384:unpacked;2418:unpacked;2421:unpacked;2385:unpacked;2430:unpacked;53:unpacked
454,3962,omega_reduce_r5_o2_n2_multiply_add_zero,1x1x8x256x1536,3902:Q4_0;3960:unpacked
455,3971,omega_reduce_r2_o1_n2_multiply_add_zero_epi5_fused_identity_o5__multiply_s0_o4__add_s1_o3__square_root_s2__reciprocal_s3__multiply_s4_o2__multiply_s5_o1__add_s6_o0,1x1536,3962:unpacked;3962:unpacked
456,3979,omega_reduce_r2_o1_n2_multiply_add_zero_epi4_fused_identity_o4__multiply_s0_o3__add_s1_o2__square_root_s2__reciprocal_s3__multiply_s4_o1__multiply_s5_o0,1x1536,3971:unpacked;3971:unpacked
457,3984,omega_reduce_r3_o2_n2_multiply_add_zero,1x1536x12288,3979:unpacked;3980:Q4_0
458,3999,omega_reduce_r3_o2_n2_multiply_add_zero_epi9_fused_identity_o9__multiply_o5_o6__multiply_s1_o4__multiply_s2_o3__add_s3_o2__multiply_s4_o1__tanh_s5__add_s6_o0__multiply_o7_o8__multiply_s7_s8__multiply_s0_s9,1x1536x12288,3979:unpacked;3981:Q4_0
459,4001,omega_reduce_r3_o2_n2_multiply_add_zero,1x12288x1536,3982:Q4_0;3999:unpacked
460,4011,omega_reduce_r2_o1_n2_multiply_add_zero_epi5_fused_identity_o5__multiply_s0_o4__add_s1_o3__square_root_s2__reciprocal_s3__multiply_s4_o2__multiply_s5_o1__add_s6_o0,1x1536,4001:unpacked;4001:unpacked
461,4027,omega_reduce_r3_o2_n2_multiply_add_zero_epi5_fused_identity_o5__identity_o0__multiply_s0_s0__multiply_s0_s2__multiply_s3_o3__add_s0_s4__multiply_s5_o2__tanh_s6__add_s7_o1__multiply_s0_o4__multiply_s8_s9__multiply_s1_s10,1x1536x256,4011:unpacked;4012:Q4_0
462,4030,omega_reduce_r3_o2_n2_multiply_add_zero,1x256x1536,4027:unpacked;4028:Q4_0
463,4042,omega_reduce_r2_o1_n2_multiply_add_zero_epi6_fused_identity_o6__multiply_s0_o4__add_s1_o3__square_root_s2__reciprocal_s3__multiply_s4_o2__multiply_s5_o1__add_s6_o0__multiply_s7_o5,1x1536,4030:unpacked;4030:unpacked
464,4057,omega_reduce_r2_o1_n2_multiply_add_zero_epi4_fused_identity_o4__multiply_s0_o3__add_s1_o2__square_root_s2__reciprocal_s3__multiply_s4_o1__multiply_s5_o0,1x1536,4042:unpacked;4042:unpacked
465,4059,omega_reduce_r4_o3_n2_multiply_add_zero,1x8x512x1536,4047:Q4_0;4057:unpacked
466,4067,omega_reduce_r3_o2_n2_multiply_add_zero_epi4_fused_identity_o4__multiply_s0_o3__add_s1_o2__square_root_s2__reciprocal_s3__multiply_s4_o1__multiply_s5_o0,1x8x512,4059:unpacked;4059:unpacked
467,4070,omega_elementwise_twin_r3_n4_fused_multiply_o0_o1__multiply_o2_o3__subtract_s0_s1_fused_multiply_o0_o3__multiply_o2_o1__add_s0_s1,1x8x256,47:unpacked;4067:unpacked;48:unpacked;4067:unpacked
468,4106,omega_cached_attention_q1_h1_g8_d512_s3f800000_ln9223372036854775808_up0_x4_e1_k1_ds,1x1x8x512,4070:unpacked;4073:unpacked;2560:unpacked;2561:unpacked;2595:unpacked;2598:unpacked;2562:unpacked;2607:unpacked;8:unpacked
469,4106,omega_cached_attention_q1_h1_g8_d512_s3f800000_ln9223372036854775808_up0_x4_e1_k1_ds_merge,1x1x8x512,4070:unpacked;4073:unpacked;2560:unpacked;2561:unpacked;2595:unpacked;2598:unpacked;2562:unpacked;2607:unpacked;8:unpacked
470,4108,omega_reduce_r5_o2_n2_multiply_add_zero,1x1x8x512x1536,4048:Q4_0;4106:unpacked
471,4117,omega_reduce_r2_o1_n2_multiply_add_zero_epi5_fused_identity_o5__multiply_s0_o4__add_s1_o3__square_root_s2__reciprocal_s3__multiply_s4_o2__multiply_s5_o1__add_s6_o0,1x1536,4108:unpacked;4108:unpacked
472,4125,omega_reduce_r2_o1_n2_multiply_add_zero_epi4_fused_identity_o4__multiply_s0_o3__add_s1_o2__square_root_s2__reciprocal_s3__multiply_s4_o1__multiply_s5_o0,1x1536,4117:unpacked;4117:unpacked
473,4130,omega_reduce_r3_o2_n2_multiply_add_zero,1x1536x12288,4125:unpacked;4126:Q4_0
474,4145,omega_reduce_r3_o2_n2_multiply_add_zero_epi9_fused_identity_o9__multiply_o5_o6__multiply_s1_o4__multiply_s2_o3__add_s3_o2__multiply_s4_o1__tanh_s5__add_s6_o0__multiply_o7_o8__multiply_s7_s8__multiply_s0_s9,1x1536x12288,4125:unpacked;4127:Q4_0
475,4147,omega_reduce_r3_o2_n2_multiply_add_zero,1x12288x1536,4128:Q4_0;4145:unpacked
476,4157,omega_reduce_r2_o1_n2_multiply_add_zero_epi5_fused_identity_o5__multiply_s0_o4__add_s1_o3__square_root_s2__reciprocal_s3__multiply_s4_o2__multiply_s5_o1__add_s6_o0,1x1536,4147:unpacked;4147:unpacked
477,4173,omega_reduce_r3_o2_n2_multiply_add_zero_epi5_fused_identity_o5__identity_o0__multiply_s0_s0__multiply_s0_s2__multiply_s3_o3__add_s0_s4__multiply_s5_o2__tanh_s6__add_s7_o1__multiply_s0_o4__multiply_s8_s9__multiply_s1_s10,1x1536x256,4157:unpacked;4158:Q4_0
478,4176,omega_reduce_r3_o2_n2_multiply_add_zero,1x256x1536,4173:unpacked;4174:Q4_0
479,4188,omega_reduce_r2_o1_n2_multiply_add_zero_epi6_fused_identity_o6__multiply_s0_o4__add_s1_o3__square_root_s2__reciprocal_s3__multiply_s4_o2__multiply_s5_o1__add_s6_o0__multiply_s7_o5,1x1536,4176:unpacked;4176:unpacked
480,4203,omega_reduce_r2_o1_n2_multiply_add_zero_epi4_fused_identity_o4__multiply_s0_o3__add_s1_o2__square_root_s2__reciprocal_s3__multiply_s4_o1__multiply_s5_o0,1x1536,4188:unpacked;4188:unpacked
481,4205,omega_reduce_r4_o3_n2_multiply_add_zero,1x8x256x1536,4193:Q4_0;4203:unpacked
482,4213,omega_reduce_r3_o2_n2_multiply_add_zero_epi4_fused_identity_o4__multiply_s0_o3__add_s1_o2__square_root_s2__reciprocal_s3__multiply_s4_o1__multiply_s5_o0,1x8x256,4205:unpacked;4205:unpacked
483,4216,omega_elementwise_twin_r3_n4_fused_multiply_o0_o1__multiply_o2_o3__subtract_s0_s1_fused_multiply_o0_o3__multiply_o2_o1__add_s0_s1,1x8x128,35:unpacked;4213:unpacked;36:unpacked;4213:unpacked
484,4252,omega_cached_attention_q1_h1_g8_d256_s3f800000_ln511_up0_x4_e1_k1_ds,1x1x8x256,4216:unpacked;4219:unpacked;2383:unpacked;2384:unpacked;2418:unpacked;2421:unpacked;2385:unpacked;2430:unpacked;53:unpacked
485,4252,omega_cached_attention_q1_h1_g8_d256_s3f800000_ln511_up0_x4_e1_k1_ds_merge,1x1x8x256,4216:unpacked;4219:unpacked;2383:unpacked;2384:unpacked;2418:unpacked;2421:unpacked;2385:unpacked;2430:unpacked;53:unpacked
486,4254,omega_reduce_r5_o2_n2_multiply_add_zero,1x1x8x256x1536,4194:Q4_0;4252:unpacked
487,4263,omega_reduce_r2_o1_n2_multiply_add_zero_epi5_fused_identity_o5__multiply_s0_o4__add_s1_o3__square_root_s2__reciprocal_s3__multiply_s4_o2__multiply_s5_o1__add_s6_o0,1x1536,4254:unpacked;4254:unpacked
488,4271,omega_reduce_r2_o1_n2_multiply_add_zero_epi4_fused_identity_o4__multiply_s0_o3__add_s1_o2__square_root_s2__reciprocal_s3__multiply_s4_o1__multiply_s5_o0,1x1536,4263:unpacked;4263:unpacked
489,4276,omega_reduce_r3_o2_n2_multiply_add_zero,1x1536x12288,4271:unpacked;4272:Q4_0
490,4291,omega_reduce_r3_o2_n2_multiply_add_zero_epi9_fused_identity_o9__multiply_o5_o6__multiply_s1_o4__multiply_s2_o3__add_s3_o2__multiply_s4_o1__tanh_s5__add_s6_o0__multiply_o7_o8__multiply_s7_s8__multiply_s0_s9,1x1536x12288,4271:unpacked;4273:Q4_0
491,4293,omega_reduce_r3_o2_n2_multiply_add_zero,1x12288x1536,4274:Q4_0;4291:unpacked
492,4303,omega_reduce_r2_o1_n2_multiply_add_zero_epi5_fused_identity_o5__multiply_s0_o4__add_s1_o3__square_root_s2__reciprocal_s3__multiply_s4_o2__multiply_s5_o1__add_s6_o0,1x1536,4293:unpacked;4293:unpacked
493,4319,omega_reduce_r3_o2_n2_multiply_add_zero_epi5_fused_identity_o5__identity_o0__multiply_s0_s0__multiply_s0_s2__multiply_s3_o3__add_s0_s4__multiply_s5_o2__tanh_s6__add_s7_o1__multiply_s0_o4__multiply_s8_s9__multiply_s1_s10,1x1536x256,4303:unpacked;4304:Q4_0
494,4322,omega_reduce_r3_o2_n2_multiply_add_zero,1x256x1536,4319:unpacked;4320:Q4_0
495,4334,omega_reduce_r2_o1_n2_multiply_add_zero_epi6_fused_identity_o6__multiply_s0_o4__add_s1_o3__square_root_s2__reciprocal_s3__multiply_s4_o2__multiply_s5_o1__add_s6_o0__multiply_s7_o5,1x1536,4322:unpacked;4322:unpacked
496,4349,omega_reduce_r2_o1_n2_multiply_add_zero_epi4_fused_identity_o4__multiply_s0_o3__add_s1_o2__square_root_s2__reciprocal_s3__multiply_s4_o1__multiply_s5_o0,1x1536,4334:unpacked;4334:unpacked
497,4351,omega_reduce_r4_o3_n2_multiply_add_zero,1x8x256x1536,4339:Q4_0;4349:unpacked
498,4359,omega_reduce_r3_o2_n2_multiply_add_zero_epi4_fused_identity_o4__multiply_s0_o3__add_s1_o2__square_root_s2__reciprocal_s3__multiply_s4_o1__multiply_s5_o0,1x8x256,4351:unpacked;4351:unpacked
499,4362,omega_elementwise_twin_r3_n4_fused_multiply_o0_o1__multiply_o2_o3__subtract_s0_s1_fused_multiply_o0_o3__multiply_o2_o1__add_s0_s1,1x8x128,35:unpacked;4359:unpacked;36:unpacked;4359:unpacked
500,4398,omega_cached_attention_q1_h1_g8_d256_s3f800000_ln511_up0_x4_e1_k1_ds,1x1x8x256,4362:unpacked;4365:unpacked;2383:unpacked;2384:unpacked;2418:unpacked;2421:unpacked;2385:unpacked;2430:unpacked;53:unpacked
501,4398,omega_cached_attention_q1_h1_g8_d256_s3f800000_ln511_up0_x4_e1_k1_ds_merge,1x1x8x256,4362:unpacked;4365:unpacked;2383:unpacked;2384:unpacked;2418:unpacked;2421:unpacked;2385:unpacked;2430:unpacked;53:unpacked
502,4400,omega_reduce_r5_o2_n2_multiply_add_zero,1x1x8x256x1536,4340:Q4_0;4398:unpacked
503,4409,omega_reduce_r2_o1_n2_multiply_add_zero_epi5_fused_identity_o5__multiply_s0_o4__add_s1_o3__square_root_s2__reciprocal_s3__multiply_s4_o2__multiply_s5_o1__add_s6_o0,1x1536,4400:unpacked;4400:unpacked
504,4417,omega_reduce_r2_o1_n2_multiply_add_zero_epi4_fused_identity_o4__multiply_s0_o3__add_s1_o2__square_root_s2__reciprocal_s3__multiply_s4_o1__multiply_s5_o0,1x1536,4409:unpacked;4409:unpacked
505,4422,omega_reduce_r3_o2_n2_multiply_add_zero,1x1536x12288,4417:unpacked;4418:Q4_0
506,4437,omega_reduce_r3_o2_n2_multiply_add_zero_epi9_fused_identity_o9__multiply_o5_o6__multiply_s1_o4__multiply_s2_o3__add_s3_o2__multiply_s4_o1__tanh_s5__add_s6_o0__multiply_o7_o8__multiply_s7_s8__multiply_s0_s9,1x1536x12288,4417:unpacked;4419:Q4_0
507,4439,omega_reduce_r3_o2_n2_multiply_add_zero,1x12288x1536,4420:Q4_0;4437:unpacked
508,4449,omega_reduce_r2_o1_n2_multiply_add_zero_epi5_fused_identity_o5__multiply_s0_o4__add_s1_o3__square_root_s2__reciprocal_s3__multiply_s4_o2__multiply_s5_o1__add_s6_o0,1x1536,4439:unpacked;4439:unpacked
509,4465,omega_reduce_r3_o2_n2_multiply_add_zero_epi5_fused_identity_o5__identity_o0__multiply_s0_s0__multiply_s0_s2__multiply_s3_o3__add_s0_s4__multiply_s5_o2__tanh_s6__add_s7_o1__multiply_s0_o4__multiply_s8_s9__multiply_s1_s10,1x1536x256,4449:unpacked;4450:Q4_0
510,4468,omega_reduce_r3_o2_n2_multiply_add_zero,1x256x1536,4465:unpacked;4466:Q4_0
511,4480,omega_reduce_r2_o1_n2_multiply_add_zero_epi6_fused_identity_o6__multiply_s0_o4__add_s1_o3__square_root_s2__reciprocal_s3__multiply_s4_o2__multiply_s5_o1__add_s6_o0__multiply_s7_o5,1x1536,4468:unpacked;4468:unpacked
512,4495,omega_reduce_r2_o1_n2_multiply_add_zero_epi4_fused_identity_o4__multiply_s0_o3__add_s1_o2__square_root_s2__reciprocal_s3__multiply_s4_o1__multiply_s5_o0,1x1536,4480:unpacked;4480:unpacked
513,4497,omega_reduce_r4_o3_n2_multiply_add_zero,1x8x256x1536,4485:Q4_0;4495:unpacked
514,4505,omega_reduce_r3_o2_n2_multiply_add_zero_epi4_fused_identity_o4__multiply_s0_o3__add_s1_o2__square_root_s2__reciprocal_s3__multiply_s4_o1__multiply_s5_o0,1x8x256,4497:unpacked;4497:unpacked
515,4508,omega_elementwise_twin_r3_n4_fused_multiply_o0_o1__multiply_o2_o3__subtract_s0_s1_fused_multiply_o0_o3__multiply_o2_o1__add_s0_s1,1x8x128,35:unpacked;4505:unpacked;36:unpacked;4505:unpacked
516,4544,omega_cached_attention_q1_h1_g8_d256_s3f800000_ln511_up0_x4_e1_k1_ds,1x1x8x256,4508:unpacked;4511:unpacked;2383:unpacked;2384:unpacked;2418:unpacked;2421:unpacked;2385:unpacked;2430:unpacked;53:unpacked
517,4544,omega_cached_attention_q1_h1_g8_d256_s3f800000_ln511_up0_x4_e1_k1_ds_merge,1x1x8x256,4508:unpacked;4511:unpacked;2383:unpacked;2384:unpacked;2418:unpacked;2421:unpacked;2385:unpacked;2430:unpacked;53:unpacked
518,4546,omega_reduce_r5_o2_n2_multiply_add_zero,1x1x8x256x1536,4486:Q4_0;4544:unpacked
519,4555,omega_reduce_r2_o1_n2_multiply_add_zero_epi5_fused_identity_o5__multiply_s0_o4__add_s1_o3__square_root_s2__reciprocal_s3__multiply_s4_o2__multiply_s5_o1__add_s6_o0,1x1536,4546:unpacked;4546:unpacked
520,4563,omega_reduce_r2_o1_n2_multiply_add_zero_epi4_fused_identity_o4__multiply_s0_o3__add_s1_o2__square_root_s2__reciprocal_s3__multiply_s4_o1__multiply_s5_o0,1x1536,4555:unpacked;4555:unpacked
521,4568,omega_reduce_r3_o2_n2_multiply_add_zero,1x1536x12288,4563:unpacked;4564:Q4_0
522,4583,omega_reduce_r3_o2_n2_multiply_add_zero_epi9_fused_identity_o9__multiply_o5_o6__multiply_s1_o4__multiply_s2_o3__add_s3_o2__multiply_s4_o1__tanh_s5__add_s6_o0__multiply_o7_o8__multiply_s7_s8__multiply_s0_s9,1x1536x12288,4563:unpacked;4565:Q4_0
523,4585,omega_reduce_r3_o2_n2_multiply_add_zero,1x12288x1536,4566:Q4_0;4583:unpacked
524,4595,omega_reduce_r2_o1_n2_multiply_add_zero_epi5_fused_identity_o5__multiply_s0_o4__add_s1_o3__square_root_s2__reciprocal_s3__multiply_s4_o2__multiply_s5_o1__add_s6_o0,1x1536,4585:unpacked;4585:unpacked
525,4611,omega_reduce_r3_o2_n2_multiply_add_zero_epi5_fused_identity_o5__identity_o0__multiply_s0_s0__multiply_s0_s2__multiply_s3_o3__add_s0_s4__multiply_s5_o2__tanh_s6__add_s7_o1__multiply_s0_o4__multiply_s8_s9__multiply_s1_s10,1x1536x256,4595:unpacked;4596:Q4_0
526,4614,omega_reduce_r3_o2_n2_multiply_add_zero,1x256x1536,4611:unpacked;4612:Q4_0
527,4626,omega_reduce_r2_o1_n2_multiply_add_zero_epi6_fused_identity_o6__multiply_s0_o4__add_s1_o3__square_root_s2__reciprocal_s3__multiply_s4_o2__multiply_s5_o1__add_s6_o0__multiply_s7_o5,1x1536,4614:unpacked;4614:unpacked
528,4641,omega_reduce_r2_o1_n2_multiply_add_zero_epi4_fused_identity_o4__multiply_s0_o3__add_s1_o2__square_root_s2__reciprocal_s3__multiply_s4_o1__multiply_s5_o0,1x1536,4626:unpacked;4626:unpacked
529,4643,omega_reduce_r4_o3_n2_multiply_add_zero,1x8x256x1536,4631:Q4_0;4641:unpacked
530,4651,omega_reduce_r3_o2_n2_multiply_add_zero_epi4_fused_identity_o4__multiply_s0_o3__add_s1_o2__square_root_s2__reciprocal_s3__multiply_s4_o1__multiply_s5_o0,1x8x256,4643:unpacked;4643:unpacked
531,4654,omega_elementwise_twin_r3_n4_fused_multiply_o0_o1__multiply_o2_o3__subtract_s0_s1_fused_multiply_o0_o3__multiply_o2_o1__add_s0_s1,1x8x128,35:unpacked;4651:unpacked;36:unpacked;4651:unpacked
532,4690,omega_cached_attention_q1_h1_g8_d256_s3f800000_ln511_up0_x4_e1_k1_ds,1x1x8x256,4654:unpacked;4657:unpacked;2383:unpacked;2384:unpacked;2418:unpacked;2421:unpacked;2385:unpacked;2430:unpacked;53:unpacked
533,4690,omega_cached_attention_q1_h1_g8_d256_s3f800000_ln511_up0_x4_e1_k1_ds_merge,1x1x8x256,4654:unpacked;4657:unpacked;2383:unpacked;2384:unpacked;2418:unpacked;2421:unpacked;2385:unpacked;2430:unpacked;53:unpacked
534,4692,omega_reduce_r5_o2_n2_multiply_add_zero,1x1x8x256x1536,4632:Q4_0;4690:unpacked
535,4701,omega_reduce_r2_o1_n2_multiply_add_zero_epi5_fused_identity_o5__multiply_s0_o4__add_s1_o3__square_root_s2__reciprocal_s3__multiply_s4_o2__multiply_s5_o1__add_s6_o0,1x1536,4692:unpacked;4692:unpacked
536,4709,omega_reduce_r2_o1_n2_multiply_add_zero_epi4_fused_identity_o4__multiply_s0_o3__add_s1_o2__square_root_s2__reciprocal_s3__multiply_s4_o1__multiply_s5_o0,1x1536,4701:unpacked;4701:unpacked
537,4714,omega_reduce_r3_o2_n2_multiply_add_zero,1x1536x12288,4709:unpacked;4710:Q4_0
538,4729,omega_reduce_r3_o2_n2_multiply_add_zero_epi9_fused_identity_o9__multiply_o5_o6__multiply_s1_o4__multiply_s2_o3__add_s3_o2__multiply_s4_o1__tanh_s5__add_s6_o0__multiply_o7_o8__multiply_s7_s8__multiply_s0_s9,1x1536x12288,4709:unpacked;4711:Q4_0
539,4731,omega_reduce_r3_o2_n2_multiply_add_zero,1x12288x1536,4712:Q4_0;4729:unpacked
540,4741,omega_reduce_r2_o1_n2_multiply_add_zero_epi5_fused_identity_o5__multiply_s0_o4__add_s1_o3__square_root_s2__reciprocal_s3__multiply_s4_o2__multiply_s5_o1__add_s6_o0,1x1536,4731:unpacked;4731:unpacked
541,4757,omega_reduce_r3_o2_n2_multiply_add_zero_epi5_fused_identity_o5__identity_o0__multiply_s0_s0__multiply_s0_s2__multiply_s3_o3__add_s0_s4__multiply_s5_o2__tanh_s6__add_s7_o1__multiply_s0_o4__multiply_s8_s9__multiply_s1_s10,1x1536x256,4741:unpacked;4742:Q4_0
542,4760,omega_reduce_r3_o2_n2_multiply_add_zero,1x256x1536,4757:unpacked;4758:Q4_0
543,4772,omega_reduce_r2_o1_n2_multiply_add_zero_epi6_fused_identity_o6__multiply_s0_o4__add_s1_o3__square_root_s2__reciprocal_s3__multiply_s4_o2__multiply_s5_o1__add_s6_o0__multiply_s7_o5,1x1536,4760:unpacked;4760:unpacked
544,4787,omega_reduce_r2_o1_n2_multiply_add_zero_epi4_fused_identity_o4__multiply_s0_o3__add_s1_o2__square_root_s2__reciprocal_s3__multiply_s4_o1__multiply_s5_o0,1x1536,4772:unpacked;4772:unpacked
545,4789,omega_reduce_r4_o3_n2_multiply_add_zero,1x8x512x1536,4777:Q4_0;4787:unpacked
546,4797,omega_reduce_r3_o2_n2_multiply_add_zero_epi4_fused_identity_o4__multiply_s0_o3__add_s1_o2__square_root_s2__reciprocal_s3__multiply_s4_o1__multiply_s5_o0,1x8x512,4789:unpacked;4789:unpacked
547,4800,omega_elementwise_twin_r3_n4_fused_multiply_o0_o1__multiply_o2_o3__subtract_s0_s1_fused_multiply_o0_o3__multiply_o2_o1__add_s0_s1,1x8x256,47:unpacked;4797:unpacked;48:unpacked;4797:unpacked
548,4836,omega_cached_attention_q1_h1_g8_d512_s3f800000_ln9223372036854775808_up0_x4_e1_k1_ds,1x1x8x512,4800:unpacked;4803:unpacked;2560:unpacked;2561:unpacked;2595:unpacked;2598:unpacked;2562:unpacked;2607:unpacked;8:unpacked
549,4836,omega_cached_attention_q1_h1_g8_d512_s3f800000_ln9223372036854775808_up0_x4_e1_k1_ds_merge,1x1x8x512,4800:unpacked;4803:unpacked;2560:unpacked;2561:unpacked;2595:unpacked;2598:unpacked;2562:unpacked;2607:unpacked;8:unpacked
550,4838,omega_reduce_r5_o2_n2_multiply_add_zero,1x1x8x512x1536,4778:Q4_0;4836:unpacked
551,4847,omega_reduce_r2_o1_n2_multiply_add_zero_epi5_fused_identity_o5__multiply_s0_o4__add_s1_o3__square_root_s2__reciprocal_s3__multiply_s4_o2__multiply_s5_o1__add_s6_o0,1x1536,4838:unpacked;4838:unpacked
552,4855,omega_reduce_r2_o1_n2_multiply_add_zero_epi4_fused_identity_o4__multiply_s0_o3__add_s1_o2__square_root_s2__reciprocal_s3__multiply_s4_o1__multiply_s5_o0,1x1536,4847:unpacked;4847:unpacked
553,4860,omega_reduce_r3_o2_n2_multiply_add_zero,1x1536x12288,4855:unpacked;4856:Q4_0
554,4875,omega_reduce_r3_o2_n2_multiply_add_zero_epi9_fused_identity_o9__multiply_o5_o6__multiply_s1_o4__multiply_s2_o3__add_s3_o2__multiply_s4_o1__tanh_s5__add_s6_o0__multiply_o7_o8__multiply_s7_s8__multiply_s0_s9,1x1536x12288,4855:unpacked;4857:Q4_0
555,4877,omega_reduce_r3_o2_n2_multiply_add_zero,1x12288x1536,4858:Q4_0;4875:unpacked
556,4887,omega_reduce_r2_o1_n2_multiply_add_zero_epi5_fused_identity_o5__multiply_s0_o4__add_s1_o3__square_root_s2__reciprocal_s3__multiply_s4_o2__multiply_s5_o1__add_s6_o0,1x1536,4877:unpacked;4877:unpacked
557,4903,omega_reduce_r3_o2_n2_multiply_add_zero_epi5_fused_identity_o5__identity_o0__multiply_s0_s0__multiply_s0_s2__multiply_s3_o3__add_s0_s4__multiply_s5_o2__tanh_s6__add_s7_o1__multiply_s0_o4__multiply_s8_s9__multiply_s1_s10,1x1536x256,4887:unpacked;4888:Q4_0
558,4906,omega_reduce_r3_o2_n2_multiply_add_zero,1x256x1536,4903:unpacked;4904:Q4_0
559,4918,omega_reduce_r2_o1_n2_multiply_add_zero_epi6_fused_identity_o6__multiply_s0_o4__add_s1_o3__square_root_s2__reciprocal_s3__multiply_s4_o2__multiply_s5_o1__add_s6_o0__multiply_s7_o5,1x1536,4906:unpacked;4906:unpacked
560,4933,omega_reduce_r2_o1_n2_multiply_add_zero_epi4_fused_identity_o4__multiply_s0_o3__add_s1_o2__square_root_s2__reciprocal_s3__multiply_s4_o1__multiply_s5_o0,1x1536,4918:unpacked;4918:unpacked
561,4935,omega_reduce_r4_o3_n2_multiply_add_zero,1x8x256x1536,4923:Q4_0;4933:unpacked
562,4943,omega_reduce_r3_o2_n2_multiply_add_zero_epi4_fused_identity_o4__multiply_s0_o3__add_s1_o2__square_root_s2__reciprocal_s3__multiply_s4_o1__multiply_s5_o0,1x8x256,4935:unpacked;4935:unpacked
563,4946,omega_elementwise_twin_r3_n4_fused_multiply_o0_o1__multiply_o2_o3__subtract_s0_s1_fused_multiply_o0_o3__multiply_o2_o1__add_s0_s1,1x8x128,35:unpacked;4943:unpacked;36:unpacked;4943:unpacked
564,4982,omega_cached_attention_q1_h1_g8_d256_s3f800000_ln511_up0_x4_e1_k1_ds,1x1x8x256,4946:unpacked;4949:unpacked;2383:unpacked;2384:unpacked;2418:unpacked;2421:unpacked;2385:unpacked;2430:unpacked;53:unpacked
565,4982,omega_cached_attention_q1_h1_g8_d256_s3f800000_ln511_up0_x4_e1_k1_ds_merge,1x1x8x256,4946:unpacked;4949:unpacked;2383:unpacked;2384:unpacked;2418:unpacked;2421:unpacked;2385:unpacked;2430:unpacked;53:unpacked
566,4984,omega_reduce_r5_o2_n2_multiply_add_zero,1x1x8x256x1536,4924:Q4_0;4982:unpacked
567,4993,omega_reduce_r2_o1_n2_multiply_add_zero_epi5_fused_identity_o5__multiply_s0_o4__add_s1_o3__square_root_s2__reciprocal_s3__multiply_s4_o2__multiply_s5_o1__add_s6_o0,1x1536,4984:unpacked;4984:unpacked
568,5001,omega_reduce_r2_o1_n2_multiply_add_zero_epi4_fused_identity_o4__multiply_s0_o3__add_s1_o2__square_root_s2__reciprocal_s3__multiply_s4_o1__multiply_s5_o0,1x1536,4993:unpacked;4993:unpacked
569,5006,omega_reduce_r3_o2_n2_multiply_add_zero,1x1536x12288,5001:unpacked;5002:Q4_0
570,5021,omega_reduce_r3_o2_n2_multiply_add_zero_epi9_fused_identity_o9__multiply_o5_o6__multiply_s1_o4__multiply_s2_o3__add_s3_o2__multiply_s4_o1__tanh_s5__add_s6_o0__multiply_o7_o8__multiply_s7_s8__multiply_s0_s9,1x1536x12288,5001:unpacked;5003:Q4_0
571,5023,omega_reduce_r3_o2_n2_multiply_add_zero,1x12288x1536,5004:Q4_0;5021:unpacked
572,5033,omega_reduce_r2_o1_n2_multiply_add_zero_epi5_fused_identity_o5__multiply_s0_o4__add_s1_o3__square_root_s2__reciprocal_s3__multiply_s4_o2__multiply_s5_o1__add_s6_o0,1x1536,5023:unpacked;5023:unpacked
573,5049,omega_reduce_r3_o2_n2_multiply_add_zero_epi5_fused_identity_o5__identity_o0__multiply_s0_s0__multiply_s0_s2__multiply_s3_o3__add_s0_s4__multiply_s5_o2__tanh_s6__add_s7_o1__multiply_s0_o4__multiply_s8_s9__multiply_s1_s10,1x1536x256,5033:unpacked;5034:Q4_0
574,5052,omega_reduce_r3_o2_n2_multiply_add_zero,1x256x1536,5049:unpacked;5050:Q4_0
575,5064,omega_reduce_r2_o1_n2_multiply_add_zero_epi6_fused_identity_o6__multiply_s0_o4__add_s1_o3__square_root_s2__reciprocal_s3__multiply_s4_o2__multiply_s5_o1__add_s6_o0__multiply_s7_o5,1x1536,5052:unpacked;5052:unpacked
576,5079,omega_reduce_r2_o1_n2_multiply_add_zero_epi4_fused_identity_o4__multiply_s0_o3__add_s1_o2__square_root_s2__reciprocal_s3__multiply_s4_o1__multiply_s5_o0,1x1536,5064:unpacked;5064:unpacked
577,5081,omega_reduce_r4_o3_n2_multiply_add_zero,1x8x256x1536,5069:Q4_0;5079:unpacked
578,5089,omega_reduce_r3_o2_n2_multiply_add_zero_epi4_fused_identity_o4__multiply_s0_o3__add_s1_o2__square_root_s2__reciprocal_s3__multiply_s4_o1__multiply_s5_o0,1x8x256,5081:unpacked;5081:unpacked
579,5092,omega_elementwise_twin_r3_n4_fused_multiply_o0_o1__multiply_o2_o3__subtract_s0_s1_fused_multiply_o0_o3__multiply_o2_o1__add_s0_s1,1x8x128,35:unpacked;5089:unpacked;36:unpacked;5089:unpacked
580,5128,omega_cached_attention_q1_h1_g8_d256_s3f800000_ln511_up0_x4_e1_k1_ds,1x1x8x256,5092:unpacked;5095:unpacked;2383:unpacked;2384:unpacked;2418:unpacked;2421:unpacked;2385:unpacked;2430:unpacked;53:unpacked
581,5128,omega_cached_attention_q1_h1_g8_d256_s3f800000_ln511_up0_x4_e1_k1_ds_merge,1x1x8x256,5092:unpacked;5095:unpacked;2383:unpacked;2384:unpacked;2418:unpacked;2421:unpacked;2385:unpacked;2430:unpacked;53:unpacked
582,5130,omega_reduce_r5_o2_n2_multiply_add_zero,1x1x8x256x1536,5070:Q4_0;5128:unpacked
583,5139,omega_reduce_r2_o1_n2_multiply_add_zero_epi5_fused_identity_o5__multiply_s0_o4__add_s1_o3__square_root_s2__reciprocal_s3__multiply_s4_o2__multiply_s5_o1__add_s6_o0,1x1536,5130:unpacked;5130:unpacked
584,5147,omega_reduce_r2_o1_n2_multiply_add_zero_epi4_fused_identity_o4__multiply_s0_o3__add_s1_o2__square_root_s2__reciprocal_s3__multiply_s4_o1__multiply_s5_o0,1x1536,5139:unpacked;5139:unpacked
585,5152,omega_reduce_r3_o2_n2_multiply_add_zero,1x1536x12288,5147:unpacked;5148:Q4_0
586,5167,omega_reduce_r3_o2_n2_multiply_add_zero_epi9_fused_identity_o9__multiply_o5_o6__multiply_s1_o4__multiply_s2_o3__add_s3_o2__multiply_s4_o1__tanh_s5__add_s6_o0__multiply_o7_o8__multiply_s7_s8__multiply_s0_s9,1x1536x12288,5147:unpacked;5149:Q4_0
587,5169,omega_reduce_r3_o2_n2_multiply_add_zero,1x12288x1536,5150:Q4_0;5167:unpacked
588,5179,omega_reduce_r2_o1_n2_multiply_add_zero_epi5_fused_identity_o5__multiply_s0_o4__add_s1_o3__square_root_s2__reciprocal_s3__multiply_s4_o2__multiply_s5_o1__add_s6_o0,1x1536,5169:unpacked;5169:unpacked
589,5195,omega_reduce_r3_o2_n2_multiply_add_zero_epi5_fused_identity_o5__identity_o0__multiply_s0_s0__multiply_s0_s2__multiply_s3_o3__add_s0_s4__multiply_s5_o2__tanh_s6__add_s7_o1__multiply_s0_o4__multiply_s8_s9__multiply_s1_s10,1x1536x256,5179:unpacked;5180:Q4_0
590,5198,omega_reduce_r3_o2_n2_multiply_add_zero,1x256x1536,5195:unpacked;5196:Q4_0
591,5210,omega_reduce_r2_o1_n2_multiply_add_zero_epi6_fused_identity_o6__multiply_s0_o4__add_s1_o3__square_root_s2__reciprocal_s3__multiply_s4_o2__multiply_s5_o1__add_s6_o0__multiply_s7_o5,1x1536,5198:unpacked;5198:unpacked
592,5225,omega_reduce_r2_o1_n2_multiply_add_zero_epi4_fused_identity_o4__multiply_s0_o3__add_s1_o2__square_root_s2__reciprocal_s3__multiply_s4_o1__multiply_s5_o0,1x1536,5210:unpacked;5210:unpacked
593,5227,omega_reduce_r4_o3_n2_multiply_add_zero,1x8x256x1536,5215:Q4_0;5225:unpacked
594,5235,omega_reduce_r3_o2_n2_multiply_add_zero_epi4_fused_identity_o4__multiply_s0_o3__add_s1_o2__square_root_s2__reciprocal_s3__multiply_s4_o1__multiply_s5_o0,1x8x256,5227:unpacked;5227:unpacked
595,5238,omega_elementwise_twin_r3_n4_fused_multiply_o0_o1__multiply_o2_o3__subtract_s0_s1_fused_multiply_o0_o3__multiply_o2_o1__add_s0_s1,1x8x128,35:unpacked;5235:unpacked;36:unpacked;5235:unpacked
596,5274,omega_cached_attention_q1_h1_g8_d256_s3f800000_ln511_up0_x4_e1_k1_ds,1x1x8x256,5238:unpacked;5241:unpacked;2383:unpacked;2384:unpacked;2418:unpacked;2421:unpacked;2385:unpacked;2430:unpacked;53:unpacked
597,5274,omega_cached_attention_q1_h1_g8_d256_s3f800000_ln511_up0_x4_e1_k1_ds_merge,1x1x8x256,5238:unpacked;5241:unpacked;2383:unpacked;2384:unpacked;2418:unpacked;2421:unpacked;2385:unpacked;2430:unpacked;53:unpacked
598,5276,omega_reduce_r5_o2_n2_multiply_add_zero,1x1x8x256x1536,5216:Q4_0;5274:unpacked
599,5285,omega_reduce_r2_o1_n2_multiply_add_zero_epi5_fused_identity_o5__multiply_s0_o4__add_s1_o3__square_root_s2__reciprocal_s3__multiply_s4_o2__multiply_s5_o1__add_s6_o0,1x1536,5276:unpacked;5276:unpacked
600,5293,omega_reduce_r2_o1_n2_multiply_add_zero_epi4_fused_identity_o4__multiply_s0_o3__add_s1_o2__square_root_s2__reciprocal_s3__multiply_s4_o1__multiply_s5_o0,1x1536,5285:unpacked;5285:unpacked
601,5298,omega_reduce_r3_o2_n2_multiply_add_zero,1x1536x12288,5293:unpacked;5294:Q4_0
602,5313,omega_reduce_r3_o2_n2_multiply_add_zero_epi9_fused_identity_o9__multiply_o5_o6__multiply_s1_o4__multiply_s2_o3__add_s3_o2__multiply_s4_o1__tanh_s5__add_s6_o0__multiply_o7_o8__multiply_s7_s8__multiply_s0_s9,1x1536x12288,5293:unpacked;5295:Q4_0
603,5315,omega_reduce_r3_o2_n2_multiply_add_zero,1x12288x1536,5296:Q4_0;5313:unpacked
604,5325,omega_reduce_r2_o1_n2_multiply_add_zero_epi5_fused_identity_o5__multiply_s0_o4__add_s1_o3__square_root_s2__reciprocal_s3__multiply_s4_o2__multiply_s5_o1__add_s6_o0,1x1536,5315:unpacked;5315:unpacked
605,5341,omega_reduce_r3_o2_n2_multiply_add_zero_epi5_fused_identity_o5__identity_o0__multiply_s0_s0__multiply_s0_s2__multiply_s3_o3__add_s0_s4__multiply_s5_o2__tanh_s6__add_s7_o1__multiply_s0_o4__multiply_s8_s9__multiply_s1_s10,1x1536x256,5325:unpacked;5326:Q4_0
606,5344,omega_reduce_r3_o2_n2_multiply_add_zero,1x256x1536,5341:unpacked;5342:Q4_0
607,5356,omega_reduce_r2_o1_n2_multiply_add_zero_epi6_fused_identity_o6__multiply_s0_o4__add_s1_o3__square_root_s2__reciprocal_s3__multiply_s4_o2__multiply_s5_o1__add_s6_o0__multiply_s7_o5,1x1536,5344:unpacked;5344:unpacked
608,5371,omega_reduce_r2_o1_n2_multiply_add_zero_epi4_fused_identity_o4__multiply_s0_o3__add_s1_o2__square_root_s2__reciprocal_s3__multiply_s4_o1__multiply_s5_o0,1x1536,5356:unpacked;5356:unpacked
609,5373,omega_reduce_r4_o3_n2_multiply_add_zero,1x8x256x1536,5361:Q4_0;5371:unpacked
610,5381,omega_reduce_r3_o2_n2_multiply_add_zero_epi4_fused_identity_o4__multiply_s0_o3__add_s1_o2__square_root_s2__reciprocal_s3__multiply_s4_o1__multiply_s5_o0,1x8x256,5373:unpacked;5373:unpacked
611,5384,omega_elementwise_twin_r3_n4_fused_multiply_o0_o1__multiply_o2_o3__subtract_s0_s1_fused_multiply_o0_o3__multiply_o2_o1__add_s0_s1,1x8x128,35:unpacked;5381:unpacked;36:unpacked;5381:unpacked
612,5420,omega_cached_attention_q1_h1_g8_d256_s3f800000_ln511_up0_x4_e1_k1_ds,1x1x8x256,5384:unpacked;5387:unpacked;2383:unpacked;2384:unpacked;2418:unpacked;2421:unpacked;2385:unpacked;2430:unpacked;53:unpacked
613,5420,omega_cached_attention_q1_h1_g8_d256_s3f800000_ln511_up0_x4_e1_k1_ds_merge,1x1x8x256,5384:unpacked;5387:unpacked;2383:unpacked;2384:unpacked;2418:unpacked;2421:unpacked;2385:unpacked;2430:unpacked;53:unpacked
614,5422,omega_reduce_r5_o2_n2_multiply_add_zero,1x1x8x256x1536,5362:Q4_0;5420:unpacked
615,5431,omega_reduce_r2_o1_n2_multiply_add_zero_epi5_fused_identity_o5__multiply_s0_o4__add_s1_o3__square_root_s2__reciprocal_s3__multiply_s4_o2__multiply_s5_o1__add_s6_o0,1x1536,5422:unpacked;5422:unpacked
616,5439,omega_reduce_r2_o1_n2_multiply_add_zero_epi4_fused_identity_o4__multiply_s0_o3__add_s1_o2__square_root_s2__reciprocal_s3__multiply_s4_o1__multiply_s5_o0,1x1536,5431:unpacked;5431:unpacked
617,5444,omega_reduce_r3_o2_n2_multiply_add_zero,1x1536x12288,5439:unpacked;5440:Q4_0
618,5459,omega_reduce_r3_o2_n2_multiply_add_zero_epi9_fused_identity_o9__multiply_o5_o6__multiply_s1_o4__multiply_s2_o3__add_s3_o2__multiply_s4_o1__tanh_s5__add_s6_o0__multiply_o7_o8__multiply_s7_s8__multiply_s0_s9,1x1536x12288,5439:unpacked;5441:Q4_0
619,5461,omega_reduce_r3_o2_n2_multiply_add_zero,1x12288x1536,5442:Q4_0;5459:unpacked
620,5471,omega_reduce_r2_o1_n2_multiply_add_zero_epi5_fused_identity_o5__multiply_s0_o4__add_s1_o3__square_root_s2__reciprocal_s3__multiply_s4_o2__multiply_s5_o1__add_s6_o0,1x1536,5461:unpacked;5461:unpacked
621,5487,omega_reduce_r3_o2_n2_multiply_add_zero_epi5_fused_identity_o5__identity_o0__multiply_s0_s0__multiply_s0_s2__multiply_s3_o3__add_s0_s4__multiply_s5_o2__tanh_s6__add_s7_o1__multiply_s0_o4__multiply_s8_s9__multiply_s1_s10,1x1536x256,5471:unpacked;5472:Q4_0
622,5490,omega_reduce_r3_o2_n2_multiply_add_zero,1x256x1536,5487:unpacked;5488:Q4_0
623,5502,omega_reduce_r2_o1_n2_multiply_add_zero_epi6_fused_identity_o6__multiply_s0_o4__add_s1_o3__square_root_s2__reciprocal_s3__multiply_s4_o2__multiply_s5_o1__add_s6_o0__multiply_s7_o5,1x1536,5490:unpacked;5490:unpacked
624,5517,omega_reduce_r2_o1_n2_multiply_add_zero_epi4_fused_identity_o4__multiply_s0_o3__add_s1_o2__square_root_s2__reciprocal_s3__multiply_s4_o1__multiply_s5_o0,1x1536,5502:unpacked;5502:unpacked
625,5519,omega_reduce_r4_o3_n2_multiply_add_zero,1x8x512x1536,5507:Q4_0;5517:unpacked
626,5527,omega_reduce_r3_o2_n2_multiply_add_zero_epi4_fused_identity_o4__multiply_s0_o3__add_s1_o2__square_root_s2__reciprocal_s3__multiply_s4_o1__multiply_s5_o0,1x8x512,5519:unpacked;5519:unpacked
627,5530,omega_elementwise_twin_r3_n4_fused_multiply_o0_o1__multiply_o2_o3__subtract_s0_s1_fused_multiply_o0_o3__multiply_o2_o1__add_s0_s1,1x8x256,47:unpacked;5527:unpacked;48:unpacked;5527:unpacked
628,5566,omega_cached_attention_q1_h1_g8_d512_s3f800000_ln9223372036854775808_up0_x4_e1_k1_ds,1x1x8x512,5530:unpacked;5533:unpacked;2560:unpacked;2561:unpacked;2595:unpacked;2598:unpacked;2562:unpacked;2607:unpacked;8:unpacked
629,5566,omega_cached_attention_q1_h1_g8_d512_s3f800000_ln9223372036854775808_up0_x4_e1_k1_ds_merge,1x1x8x512,5530:unpacked;5533:unpacked;2560:unpacked;2561:unpacked;2595:unpacked;2598:unpacked;2562:unpacked;2607:unpacked;8:unpacked
630,5568,omega_reduce_r5_o2_n2_multiply_add_zero,1x1x8x512x1536,5508:Q4_0;5566:unpacked
631,5577,omega_reduce_r2_o1_n2_multiply_add_zero_epi5_fused_identity_o5__multiply_s0_o4__add_s1_o3__square_root_s2__reciprocal_s3__multiply_s4_o2__multiply_s5_o1__add_s6_o0,1x1536,5568:unpacked;5568:unpacked
632,5585,omega_reduce_r2_o1_n2_multiply_add_zero_epi4_fused_identity_o4__multiply_s0_o3__add_s1_o2__square_root_s2__reciprocal_s3__multiply_s4_o1__multiply_s5_o0,1x1536,5577:unpacked;5577:unpacked
633,5590,omega_reduce_r3_o2_n2_multiply_add_zero,1x1536x12288,5585:unpacked;5586:Q4_0
634,5605,omega_reduce_r3_o2_n2_multiply_add_zero_epi9_fused_identity_o9__multiply_o5_o6__multiply_s1_o4__multiply_s2_o3__add_s3_o2__multiply_s4_o1__tanh_s5__add_s6_o0__multiply_o7_o8__multiply_s7_s8__multiply_s0_s9,1x1536x12288,5585:unpacked;5587:Q4_0
635,5607,omega_reduce_r3_o2_n2_multiply_add_zero,1x12288x1536,5588:Q4_0;5605:unpacked
636,5617,omega_reduce_r2_o1_n2_multiply_add_zero_epi5_fused_identity_o5__multiply_s0_o4__add_s1_o3__square_root_s2__reciprocal_s3__multiply_s4_o2__multiply_s5_o1__add_s6_o0,1x1536,5607:unpacked;5607:unpacked
637,5633,omega_reduce_r3_o2_n2_multiply_add_zero_epi5_fused_identity_o5__identity_o0__multiply_s0_s0__multiply_s0_s2__multiply_s3_o3__add_s0_s4__multiply_s5_o2__tanh_s6__add_s7_o1__multiply_s0_o4__multiply_s8_s9__multiply_s1_s10,1x1536x256,5617:unpacked;5618:Q4_0
638,5636,omega_reduce_r3_o2_n2_multiply_add_zero,1x256x1536,5633:unpacked;5634:Q4_0
639,5648,omega_reduce_r2_o1_n2_multiply_add_zero_epi6_fused_identity_o6__multiply_s0_o4__add_s1_o3__square_root_s2__reciprocal_s3__multiply_s4_o2__multiply_s5_o1__add_s6_o0__multiply_s7_o5,1x1536,5636:unpacked;5636:unpacked
640,5657,omega_reduce_r2_o1_n2_multiply_add_zero_epi4_fused_identity_o4__multiply_s0_o3__add_s1_o2__square_root_s2__reciprocal_s3__multiply_s4_o1__multiply_s5_o0,1x1536,5648:unpacked;5648:unpacked
641,5659,omega_elementwise_r2_n1_identity_g1,1x1536,5657:unpacked
642,5666,omega_reduce_r3_o2_n2_multiply_add_zero_epi2_fused_identity_o2__divide_s0_o1__tanh_s1__multiply_s2_o0,1x1536x262144,5659:unpacked;5660:Q6K
643,5668,omega_elementwise_r3_n1_identity,1x512x512,5666:unpacked
644,5669,omega_reduce_r3_o2_n1_identity_maximum_negative_infinity,1x512x512,5668:unpacked
645,5670,omega_reduce_r2_o1_n1_identity_maximum_negative_infinity,1x512,5669:unpacked
646,5672,omega_iota_r1,512,
647,5673,omega_iota_r1,512,
648,5675,omega_elementwise_r1_n2_multiply,512,5672:unpacked;5674:unpacked
649,5679,omega_reduce_r3_o2_n5_fused_equal_o0_o1__add_o2_o3__select_s0_s1_o4_minimum_positive_infinity,1x512x512,5668:unpacked;5670:unpacked;5673:unpacked;5675:unpacked;5677:unpacked
650,5680,omega_reduce_r2_o1_n1_identity_minimum_positive_infinity,1x512,5679:unpacked
651,5686,omega_reduce_r3_o2_n4_fused_greater_o0_o1__greater_o2_o3__multiply_s0_s1_add_zero,1x512x512,5668:unpacked;5681:unpacked;5682:unpacked;5668:unpacked
652,5687,omega_reduce_r2_o1_n1_identity_add_zero,1x512,5686:unpacked
