raw arm=gemma4_e2b.base process=0 run=0 ms_per_token=11.7500
raw arm=gemma4_e2b.base process=0 run=1 ms_per_token=11.2530
raw arm=gemma4_e2b.base process=0 run=2 ms_per_token=11.4650
raw arm=gemma4_e2b.base process=0 run=3 ms_per_token=11.2780
raw arm=gemma4_e2b.base process=0 run=4 ms_per_token=13.8510
raw arm=gemma4_e2b.base process=0 run=5 ms_per_token=11.3070
raw arm=gemma4_e2b.base process=0 run=6 ms_per_token=11.2770
raw arm=gemma4_e2b.base process=0 run=7 ms_per_token=11.2300
raw arm=gemma4_e2b.s1_combine process=0 run=0 ms_per_token=11.8330
raw arm=gemma4_e2b.s1_combine process=0 run=1 ms_per_token=11.2940
raw arm=gemma4_e2b.s1_combine process=0 run=2 ms_per_token=11.3050
raw arm=gemma4_e2b.s1_combine process=0 run=3 ms_per_token=11.2970
raw arm=gemma4_e2b.s1_combine process=0 run=4 ms_per_token=11.2930
raw arm=gemma4_e2b.s1_combine process=0 run=5 ms_per_token=11.3060
raw arm=gemma4_e2b.s1_combine process=0 run=6 ms_per_token=11.3110
raw arm=gemma4_e2b.s1_combine process=0 run=7 ms_per_token=11.3250
raw arm=gemma4_e2b.s2_gemm process=0 run=0 ms_per_token=11.8530
raw arm=gemma4_e2b.s2_gemm process=0 run=1 ms_per_token=11.3010
raw arm=gemma4_e2b.s2_gemm process=0 run=2 ms_per_token=11.3680
raw arm=gemma4_e2b.s2_gemm process=0 run=3 ms_per_token=11.3430
raw arm=gemma4_e2b.s2_gemm process=0 run=4 ms_per_token=13.4700
raw arm=gemma4_e2b.s2_gemm process=0 run=5 ms_per_token=11.3520
raw arm=gemma4_e2b.s2_gemm process=0 run=6 ms_per_token=11.3310
raw arm=gemma4_e2b.s2_gemm process=0 run=7 ms_per_token=11.3520
raw arm=gemma4_e2b.s3_rope process=0 run=0 ms_per_token=11.7590
raw arm=gemma4_e2b.s3_rope process=0 run=1 ms_per_token=11.2480
raw arm=gemma4_e2b.s3_rope process=0 run=2 ms_per_token=11.3300
raw arm=gemma4_e2b.s3_rope process=0 run=3 ms_per_token=11.3160
raw arm=gemma4_e2b.s3_rope process=0 run=4 ms_per_token=11.2940
raw arm=gemma4_e2b.s3_rope process=0 run=5 ms_per_token=11.3250
raw arm=gemma4_e2b.s3_rope process=0 run=6 ms_per_token=11.2570
raw arm=gemma4_e2b.s3_rope process=0 run=7 ms_per_token=11.1670
raw arm=gemma4_e2b.s4_kvplace process=0 run=0 ms_per_token=11.8240
raw arm=gemma4_e2b.s4_kvplace process=0 run=1 ms_per_token=11.2820
raw arm=gemma4_e2b.s4_kvplace process=0 run=2 ms_per_token=11.2560
raw arm=gemma4_e2b.s4_kvplace process=0 run=3 ms_per_token=11.2280
raw arm=gemma4_e2b.s4_kvplace process=0 run=4 ms_per_token=11.2790
raw arm=gemma4_e2b.s4_kvplace process=0 run=5 ms_per_token=11.2730
raw arm=gemma4_e2b.s4_kvplace process=0 run=6 ms_per_token=11.2740
raw arm=gemma4_e2b.s4_kvplace process=0 run=7 ms_per_token=11.2460
raw arm=gemma4_e2b.s5_e2bdecode process=0 run=0 ms_per_token=11.9490
raw arm=gemma4_e2b.s5_e2bdecode process=0 run=1 ms_per_token=11.3930
raw arm=gemma4_e2b.s5_e2bdecode process=0 run=2 ms_per_token=11.3950
raw arm=gemma4_e2b.s5_e2bdecode process=0 run=3 ms_per_token=11.3690
raw arm=gemma4_e2b.s5_e2bdecode process=0 run=4 ms_per_token=12.8410
raw arm=gemma4_e2b.s5_e2bdecode process=0 run=5 ms_per_token=11.4430
raw arm=gemma4_e2b.s5_e2bdecode process=0 run=6 ms_per_token=11.4090
raw arm=gemma4_e2b.s5_e2bdecode process=0 run=7 ms_per_token=11.4060
raw arm=gemma4_e2b.s6_granitehost process=0 run=0 ms_per_token=11.9330
raw arm=gemma4_e2b.s6_granitehost process=0 run=1 ms_per_token=11.4240
raw arm=gemma4_e2b.s6_granitehost process=0 run=2 ms_per_token=11.4400
raw arm=gemma4_e2b.s6_granitehost process=0 run=3 ms_per_token=11.6780
raw arm=gemma4_e2b.s6_granitehost process=0 run=4 ms_per_token=11.3870
raw arm=gemma4_e2b.s6_granitehost process=0 run=5 ms_per_token=11.3860
raw arm=gemma4_e2b.s6_granitehost process=0 run=6 ms_per_token=11.3750
raw arm=gemma4_e2b.s6_granitehost process=0 run=7 ms_per_token=11.4110
raw arm=gemma4_e2b.tip process=0 run=0 ms_per_token=11.9170
raw arm=gemma4_e2b.tip process=0 run=1 ms_per_token=11.4200
raw arm=gemma4_e2b.tip process=0 run=2 ms_per_token=11.4130
raw arm=gemma4_e2b.tip process=0 run=3 ms_per_token=11.6350
raw arm=gemma4_e2b.tip process=0 run=4 ms_per_token=11.4170
raw arm=gemma4_e2b.tip process=0 run=5 ms_per_token=11.4010
raw arm=gemma4_e2b.tip process=0 run=6 ms_per_token=11.3840
raw arm=gemma4_e2b.tip process=0 run=7 ms_per_token=11.3890
raw arm=gemma4_e2b.off_combine process=0 run=0 ms_per_token=11.9380
raw arm=gemma4_e2b.off_combine process=0 run=1 ms_per_token=11.4610
raw arm=gemma4_e2b.off_combine process=0 run=2 ms_per_token=11.4360
raw arm=gemma4_e2b.off_combine process=0 run=3 ms_per_token=12.0540
raw arm=gemma4_e2b.off_combine process=0 run=4 ms_per_token=11.4230
raw arm=gemma4_e2b.off_combine process=0 run=5 ms_per_token=11.3930
raw arm=gemma4_e2b.off_combine process=0 run=6 ms_per_token=11.4420
raw arm=gemma4_e2b.off_combine process=0 run=7 ms_per_token=11.4400
raw arm=gemma4_e2b.off_rope process=0 run=0 ms_per_token=11.9560
raw arm=gemma4_e2b.off_rope process=0 run=1 ms_per_token=11.4610
raw arm=gemma4_e2b.off_rope process=0 run=2 ms_per_token=11.3910
raw arm=gemma4_e2b.off_rope process=0 run=3 ms_per_token=11.4750
raw arm=gemma4_e2b.off_rope process=0 run=4 ms_per_token=11.4530
raw arm=gemma4_e2b.off_rope process=0 run=5 ms_per_token=11.4820
raw arm=gemma4_e2b.off_rope process=0 run=6 ms_per_token=11.4660
raw arm=gemma4_e2b.off_rope process=0 run=7 ms_per_token=11.4540
raw arm=gemma4_e2b.off_bcastwidth process=0 run=0 ms_per_token=11.7690
raw arm=gemma4_e2b.off_bcastwidth process=0 run=1 ms_per_token=11.2530
raw arm=gemma4_e2b.off_bcastwidth process=0 run=2 ms_per_token=13.4340
raw arm=gemma4_e2b.off_bcastwidth process=0 run=3 ms_per_token=11.2430
raw arm=gemma4_e2b.off_bcastwidth process=0 run=4 ms_per_token=11.2420
raw arm=gemma4_e2b.off_bcastwidth process=0 run=5 ms_per_token=11.2650
raw arm=gemma4_e2b.off_bcastwidth process=0 run=6 ms_per_token=11.3020
raw arm=gemma4_e2b.off_bcastwidth process=0 run=7 ms_per_token=11.2800
raw arm=gemma4_e2b.off_simdfold process=0 run=0 ms_per_token=12.0050
raw arm=gemma4_e2b.off_simdfold process=0 run=1 ms_per_token=12.6750
raw arm=gemma4_e2b.off_simdfold process=0 run=2 ms_per_token=11.4870
raw arm=gemma4_e2b.off_simdfold process=0 run=3 ms_per_token=11.4660
raw arm=gemma4_e2b.off_simdfold process=0 run=4 ms_per_token=11.4940
raw arm=gemma4_e2b.off_simdfold process=0 run=5 ms_per_token=11.4710
raw arm=gemma4_e2b.off_simdfold process=0 run=6 ms_per_token=11.4810
raw arm=gemma4_e2b.off_simdfold process=0 run=7 ms_per_token=11.4390
raw arm=gemma4_e2b.off_q6krows process=0 run=0 ms_per_token=11.9610
raw arm=gemma4_e2b.off_q6krows process=0 run=1 ms_per_token=11.4560
raw arm=gemma4_e2b.off_q6krows process=0 run=2 ms_per_token=11.4330
raw arm=gemma4_e2b.off_q6krows process=0 run=3 ms_per_token=11.4370
raw arm=gemma4_e2b.off_q6krows process=0 run=4 ms_per_token=11.4440
raw arm=gemma4_e2b.off_q6krows process=0 run=5 ms_per_token=11.4420
raw arm=gemma4_e2b.off_q6krows process=0 run=6 ms_per_token=11.4570
raw arm=gemma4_e2b.off_q6krows process=0 run=7 ms_per_token=11.4420
raw arm=granite_moe.base process=0 run=0 ms_per_token=7.4280
raw arm=granite_moe.base process=0 run=1 ms_per_token=6.8760
raw arm=granite_moe.base process=0 run=2 ms_per_token=7.0500
raw arm=granite_moe.base process=0 run=3 ms_per_token=6.8380
raw arm=granite_moe.base process=0 run=4 ms_per_token=6.7640
raw arm=granite_moe.base process=0 run=5 ms_per_token=6.8420
raw arm=granite_moe.base process=0 run=6 ms_per_token=7.0230
raw arm=granite_moe.base process=0 run=7 ms_per_token=7.0350
raw arm=granite_moe.s1_combine process=0 run=0 ms_per_token=7.3110
raw arm=granite_moe.s1_combine process=0 run=1 ms_per_token=6.8680
raw arm=granite_moe.s1_combine process=0 run=2 ms_per_token=6.8470
raw arm=granite_moe.s1_combine process=0 run=3 ms_per_token=6.9080
raw arm=granite_moe.s1_combine process=0 run=4 ms_per_token=6.7590
raw arm=granite_moe.s1_combine process=0 run=5 ms_per_token=6.8490
raw arm=granite_moe.s1_combine process=0 run=6 ms_per_token=6.8270
raw arm=granite_moe.s1_combine process=0 run=7 ms_per_token=6.8810
raw arm=granite_moe.s2_gemm process=0 run=0 ms_per_token=7.1920
raw arm=granite_moe.s2_gemm process=0 run=1 ms_per_token=6.9510
raw arm=granite_moe.s2_gemm process=0 run=2 ms_per_token=6.8580
raw arm=granite_moe.s2_gemm process=0 run=3 ms_per_token=6.9730
raw arm=granite_moe.s2_gemm process=0 run=4 ms_per_token=6.9290
raw arm=granite_moe.s2_gemm process=0 run=5 ms_per_token=6.9180
raw arm=granite_moe.s2_gemm process=0 run=6 ms_per_token=7.0080
raw arm=granite_moe.s2_gemm process=0 run=7 ms_per_token=6.9710
raw arm=granite_moe.s3_rope process=0 run=0 ms_per_token=7.2300
raw arm=granite_moe.s3_rope process=0 run=1 ms_per_token=6.8290
raw arm=granite_moe.s3_rope process=0 run=2 ms_per_token=6.9690
raw arm=granite_moe.s3_rope process=0 run=3 ms_per_token=6.8760
raw arm=granite_moe.s3_rope process=0 run=4 ms_per_token=7.4810
raw arm=granite_moe.s3_rope process=0 run=5 ms_per_token=6.9740
raw arm=granite_moe.s3_rope process=0 run=6 ms_per_token=6.8790
raw arm=granite_moe.s3_rope process=0 run=7 ms_per_token=6.9470
raw arm=granite_moe.s4_kvplace process=0 run=0 ms_per_token=6.7250
raw arm=granite_moe.s4_kvplace process=0 run=1 ms_per_token=6.6290
raw arm=granite_moe.s4_kvplace process=0 run=2 ms_per_token=6.6470
raw arm=granite_moe.s4_kvplace process=0 run=3 ms_per_token=6.6940
raw arm=granite_moe.s4_kvplace process=0 run=4 ms_per_token=6.6760
raw arm=granite_moe.s4_kvplace process=0 run=5 ms_per_token=6.6420
raw arm=granite_moe.s4_kvplace process=0 run=6 ms_per_token=6.6420
raw arm=granite_moe.s4_kvplace process=0 run=7 ms_per_token=6.6410
raw arm=granite_moe.s5_e2bdecode process=0 run=0 ms_per_token=7.0210
raw arm=granite_moe.s5_e2bdecode process=0 run=1 ms_per_token=6.6620
raw arm=granite_moe.s5_e2bdecode process=0 run=2 ms_per_token=6.6480
raw arm=granite_moe.s5_e2bdecode process=0 run=3 ms_per_token=6.6980
raw arm=granite_moe.s5_e2bdecode process=0 run=4 ms_per_token=6.7170
raw arm=granite_moe.s5_e2bdecode process=0 run=5 ms_per_token=6.5870
raw arm=granite_moe.s5_e2bdecode process=0 run=6 ms_per_token=6.6570
raw arm=granite_moe.s5_e2bdecode process=0 run=7 ms_per_token=6.7620
raw arm=granite_moe.s6_granitehost process=0 run=0 ms_per_token=7.0270
raw arm=granite_moe.s6_granitehost process=0 run=1 ms_per_token=6.7550
raw arm=granite_moe.s6_granitehost process=0 run=2 ms_per_token=6.8640
raw arm=granite_moe.s6_granitehost process=0 run=3 ms_per_token=6.7740
raw arm=granite_moe.s6_granitehost process=0 run=4 ms_per_token=6.6600
raw arm=granite_moe.s6_granitehost process=0 run=5 ms_per_token=6.6440
raw arm=granite_moe.s6_granitehost process=0 run=6 ms_per_token=6.6310
raw arm=granite_moe.s6_granitehost process=0 run=7 ms_per_token=6.6800
raw arm=granite_moe.tip process=0 run=0 ms_per_token=6.9900
raw arm=granite_moe.tip process=0 run=1 ms_per_token=6.6720
raw arm=granite_moe.tip process=0 run=2 ms_per_token=6.6630
raw arm=granite_moe.tip process=0 run=3 ms_per_token=6.6950
raw arm=granite_moe.tip process=0 run=4 ms_per_token=6.7010
raw arm=granite_moe.tip process=0 run=5 ms_per_token=6.8210
raw arm=granite_moe.tip process=0 run=6 ms_per_token=6.6160
raw arm=granite_moe.tip process=0 run=7 ms_per_token=6.7380
raw arm=granite_moe.off_combine process=0 run=0 ms_per_token=6.9860
raw arm=granite_moe.off_combine process=0 run=1 ms_per_token=6.6930
raw arm=granite_moe.off_combine process=0 run=2 ms_per_token=6.6660
raw arm=granite_moe.off_combine process=0 run=3 ms_per_token=6.6900
raw arm=granite_moe.off_combine process=0 run=4 ms_per_token=6.7430
raw arm=granite_moe.off_combine process=0 run=5 ms_per_token=6.6990
raw arm=granite_moe.off_combine process=0 run=6 ms_per_token=6.6100
raw arm=granite_moe.off_combine process=0 run=7 ms_per_token=6.6920
raw arm=granite_moe.off_rope process=0 run=0 ms_per_token=7.0220
raw arm=granite_moe.off_rope process=0 run=1 ms_per_token=6.6380
raw arm=granite_moe.off_rope process=0 run=2 ms_per_token=6.6940
raw arm=granite_moe.off_rope process=0 run=3 ms_per_token=6.6560
raw arm=granite_moe.off_rope process=0 run=4 ms_per_token=6.6980
raw arm=granite_moe.off_rope process=0 run=5 ms_per_token=6.6760
raw arm=granite_moe.off_rope process=0 run=6 ms_per_token=6.6560
raw arm=granite_moe.off_rope process=0 run=7 ms_per_token=6.6400
raw arm=granite_moe.off_bcastwidth process=0 run=0 ms_per_token=7.0200
raw arm=granite_moe.off_bcastwidth process=0 run=1 ms_per_token=6.7050
raw arm=granite_moe.off_bcastwidth process=0 run=2 ms_per_token=6.6620
raw arm=granite_moe.off_bcastwidth process=0 run=3 ms_per_token=6.6210
raw arm=granite_moe.off_bcastwidth process=0 run=4 ms_per_token=6.6600
raw arm=granite_moe.off_bcastwidth process=0 run=5 ms_per_token=6.6630
raw arm=granite_moe.off_bcastwidth process=0 run=6 ms_per_token=6.6950
raw arm=granite_moe.off_bcastwidth process=0 run=7 ms_per_token=6.7550
raw arm=granite_moe.off_simdfold process=0 run=0 ms_per_token=7.0250
raw arm=granite_moe.off_simdfold process=0 run=1 ms_per_token=6.7600
raw arm=granite_moe.off_simdfold process=0 run=2 ms_per_token=6.7040
raw arm=granite_moe.off_simdfold process=0 run=3 ms_per_token=6.7800
raw arm=granite_moe.off_simdfold process=0 run=4 ms_per_token=6.7590
raw arm=granite_moe.off_simdfold process=0 run=5 ms_per_token=6.7470
raw arm=granite_moe.off_simdfold process=0 run=6 ms_per_token=6.7380
raw arm=granite_moe.off_simdfold process=0 run=7 ms_per_token=6.8740
raw arm=granite_moe.off_q6krows process=0 run=0 ms_per_token=7.0450
raw arm=granite_moe.off_q6krows process=0 run=1 ms_per_token=6.7320
raw arm=granite_moe.off_q6krows process=0 run=2 ms_per_token=6.6510
raw arm=granite_moe.off_q6krows process=0 run=3 ms_per_token=6.6800
raw arm=granite_moe.off_q6krows process=0 run=4 ms_per_token=6.6800
raw arm=granite_moe.off_q6krows process=0 run=5 ms_per_token=6.7330
raw arm=granite_moe.off_q6krows process=0 run=6 ms_per_token=6.8390
raw arm=granite_moe.off_q6krows process=0 run=7 ms_per_token=6.6770
raw arm=gemma4_e2b.s1_combine process=1 run=0 ms_per_token=11.3820
raw arm=gemma4_e2b.s1_combine process=1 run=1 ms_per_token=10.5320
raw arm=gemma4_e2b.s1_combine process=1 run=2 ms_per_token=11.3120
raw arm=gemma4_e2b.s1_combine process=1 run=3 ms_per_token=11.3180
raw arm=gemma4_e2b.s1_combine process=1 run=4 ms_per_token=11.2630
raw arm=gemma4_e2b.s1_combine process=1 run=5 ms_per_token=11.3340
raw arm=gemma4_e2b.s1_combine process=1 run=6 ms_per_token=11.3330
raw arm=gemma4_e2b.s1_combine process=1 run=7 ms_per_token=11.3190
raw arm=gemma4_e2b.s2_gemm process=1 run=0 ms_per_token=11.7540
raw arm=gemma4_e2b.s2_gemm process=1 run=1 ms_per_token=13.8130
raw arm=gemma4_e2b.s2_gemm process=1 run=2 ms_per_token=11.3100
raw arm=gemma4_e2b.s2_gemm process=1 run=3 ms_per_token=11.2980
raw arm=gemma4_e2b.s2_gemm process=1 run=4 ms_per_token=11.2870
raw arm=gemma4_e2b.s2_gemm process=1 run=5 ms_per_token=11.1960
raw arm=gemma4_e2b.s2_gemm process=1 run=6 ms_per_token=11.2660
raw arm=gemma4_e2b.s2_gemm process=1 run=7 ms_per_token=11.2940
raw arm=gemma4_e2b.s3_rope process=1 run=0 ms_per_token=11.8040
raw arm=gemma4_e2b.s3_rope process=1 run=1 ms_per_token=11.2060
raw arm=gemma4_e2b.s3_rope process=1 run=2 ms_per_token=11.3120
raw arm=gemma4_e2b.s3_rope process=1 run=3 ms_per_token=11.3200
raw arm=gemma4_e2b.s3_rope process=1 run=4 ms_per_token=11.3190
raw arm=gemma4_e2b.s3_rope process=1 run=5 ms_per_token=11.2920
raw arm=gemma4_e2b.s3_rope process=1 run=6 ms_per_token=11.2520
raw arm=gemma4_e2b.s3_rope process=1 run=7 ms_per_token=11.3170
raw arm=gemma4_e2b.s4_kvplace process=1 run=0 ms_per_token=11.7800
raw arm=gemma4_e2b.s4_kvplace process=1 run=1 ms_per_token=11.2530
raw arm=gemma4_e2b.s4_kvplace process=1 run=2 ms_per_token=11.1910
raw arm=gemma4_e2b.s4_kvplace process=1 run=3 ms_per_token=11.2540
raw arm=gemma4_e2b.s4_kvplace process=1 run=4 ms_per_token=11.2620
raw arm=gemma4_e2b.s4_kvplace process=1 run=5 ms_per_token=11.2570
raw arm=gemma4_e2b.s4_kvplace process=1 run=6 ms_per_token=11.2580
raw arm=gemma4_e2b.s4_kvplace process=1 run=7 ms_per_token=11.2450
raw arm=gemma4_e2b.s5_e2bdecode process=1 run=0 ms_per_token=11.9700
raw arm=gemma4_e2b.s5_e2bdecode process=1 run=1 ms_per_token=11.4410
raw arm=gemma4_e2b.s5_e2bdecode process=1 run=2 ms_per_token=11.4640
raw arm=gemma4_e2b.s5_e2bdecode process=1 run=3 ms_per_token=11.4020
raw arm=gemma4_e2b.s5_e2bdecode process=1 run=4 ms_per_token=11.4540
raw arm=gemma4_e2b.s5_e2bdecode process=1 run=5 ms_per_token=11.4580
raw arm=gemma4_e2b.s5_e2bdecode process=1 run=6 ms_per_token=11.4450
raw arm=gemma4_e2b.s5_e2bdecode process=1 run=7 ms_per_token=11.4880
raw arm=gemma4_e2b.s6_granitehost process=1 run=0 ms_per_token=11.9950
raw arm=gemma4_e2b.s6_granitehost process=1 run=1 ms_per_token=11.4580
raw arm=gemma4_e2b.s6_granitehost process=1 run=2 ms_per_token=11.4390
raw arm=gemma4_e2b.s6_granitehost process=1 run=3 ms_per_token=11.4370
raw arm=gemma4_e2b.s6_granitehost process=1 run=4 ms_per_token=11.3490
raw arm=gemma4_e2b.s6_granitehost process=1 run=5 ms_per_token=11.1590
raw arm=gemma4_e2b.s6_granitehost process=1 run=6 ms_per_token=11.3750
raw arm=gemma4_e2b.s6_granitehost process=1 run=7 ms_per_token=12.3260
raw arm=gemma4_e2b.tip process=1 run=0 ms_per_token=11.9520
raw arm=gemma4_e2b.tip process=1 run=1 ms_per_token=11.4930
raw arm=gemma4_e2b.tip process=1 run=2 ms_per_token=11.4880
raw arm=gemma4_e2b.tip process=1 run=3 ms_per_token=11.4690
raw arm=gemma4_e2b.tip process=1 run=4 ms_per_token=11.5150
raw arm=gemma4_e2b.tip process=1 run=5 ms_per_token=11.4680
raw arm=gemma4_e2b.tip process=1 run=6 ms_per_token=11.6250
raw arm=gemma4_e2b.tip process=1 run=7 ms_per_token=11.4310
raw arm=gemma4_e2b.off_combine process=1 run=0 ms_per_token=11.8830
raw arm=gemma4_e2b.off_combine process=1 run=1 ms_per_token=11.3250
raw arm=gemma4_e2b.off_combine process=1 run=2 ms_per_token=11.3680
raw arm=gemma4_e2b.off_combine process=1 run=3 ms_per_token=11.3810
raw arm=gemma4_e2b.off_combine process=1 run=4 ms_per_token=11.3970
raw arm=gemma4_e2b.off_combine process=1 run=5 ms_per_token=11.3580
raw arm=gemma4_e2b.off_combine process=1 run=6 ms_per_token=11.3430
raw arm=gemma4_e2b.off_combine process=1 run=7 ms_per_token=11.4080
raw arm=gemma4_e2b.off_rope process=1 run=0 ms_per_token=11.9210
raw arm=gemma4_e2b.off_rope process=1 run=1 ms_per_token=11.4080
raw arm=gemma4_e2b.off_rope process=1 run=2 ms_per_token=11.3210
raw arm=gemma4_e2b.off_rope process=1 run=3 ms_per_token=11.3940
raw arm=gemma4_e2b.off_rope process=1 run=4 ms_per_token=11.9680
raw arm=gemma4_e2b.off_rope process=1 run=5 ms_per_token=11.4380
raw arm=gemma4_e2b.off_rope process=1 run=6 ms_per_token=11.4160
raw arm=gemma4_e2b.off_rope process=1 run=7 ms_per_token=11.3640
raw arm=gemma4_e2b.off_bcastwidth process=1 run=0 ms_per_token=11.7560
raw arm=gemma4_e2b.off_bcastwidth process=1 run=1 ms_per_token=11.2620
raw arm=gemma4_e2b.off_bcastwidth process=1 run=2 ms_per_token=11.2500
raw arm=gemma4_e2b.off_bcastwidth process=1 run=3 ms_per_token=11.3920
raw arm=gemma4_e2b.off_bcastwidth process=1 run=4 ms_per_token=13.9070
raw arm=gemma4_e2b.off_bcastwidth process=1 run=5 ms_per_token=11.2320
raw arm=gemma4_e2b.off_bcastwidth process=1 run=6 ms_per_token=11.2850
raw arm=gemma4_e2b.off_bcastwidth process=1 run=7 ms_per_token=11.2660
raw arm=gemma4_e2b.off_simdfold process=1 run=0 ms_per_token=11.9610
raw arm=gemma4_e2b.off_simdfold process=1 run=1 ms_per_token=11.4810
raw arm=gemma4_e2b.off_simdfold process=1 run=2 ms_per_token=11.8240
raw arm=gemma4_e2b.off_simdfold process=1 run=3 ms_per_token=11.4580
raw arm=gemma4_e2b.off_simdfold process=1 run=4 ms_per_token=11.3880
raw arm=gemma4_e2b.off_simdfold process=1 run=5 ms_per_token=11.4490
raw arm=gemma4_e2b.off_simdfold process=1 run=6 ms_per_token=11.4510
raw arm=gemma4_e2b.off_simdfold process=1 run=7 ms_per_token=11.4520
raw arm=gemma4_e2b.off_q6krows process=1 run=0 ms_per_token=11.8950
raw arm=gemma4_e2b.off_q6krows process=1 run=1 ms_per_token=11.4450
raw arm=gemma4_e2b.off_q6krows process=1 run=2 ms_per_token=11.4460
raw arm=gemma4_e2b.off_q6krows process=1 run=3 ms_per_token=11.4760
raw arm=gemma4_e2b.off_q6krows process=1 run=4 ms_per_token=13.3940
raw arm=gemma4_e2b.off_q6krows process=1 run=5 ms_per_token=11.3500
raw arm=gemma4_e2b.off_q6krows process=1 run=6 ms_per_token=11.4940
raw arm=gemma4_e2b.off_q6krows process=1 run=7 ms_per_token=11.4340
raw arm=gemma4_e2b.base process=1 run=0 ms_per_token=11.7940
raw arm=gemma4_e2b.base process=1 run=1 ms_per_token=11.2510
raw arm=gemma4_e2b.base process=1 run=2 ms_per_token=11.3210
raw arm=gemma4_e2b.base process=1 run=3 ms_per_token=11.3120
raw arm=gemma4_e2b.base process=1 run=4 ms_per_token=12.0170
raw arm=gemma4_e2b.base process=1 run=5 ms_per_token=11.2780
raw arm=gemma4_e2b.base process=1 run=6 ms_per_token=11.2140
raw arm=gemma4_e2b.base process=1 run=7 ms_per_token=11.3100
raw arm=granite_moe.s1_combine process=1 run=0 ms_per_token=7.2890
raw arm=granite_moe.s1_combine process=1 run=1 ms_per_token=6.8620
raw arm=granite_moe.s1_combine process=1 run=2 ms_per_token=6.8150
raw arm=granite_moe.s1_combine process=1 run=3 ms_per_token=6.9440
raw arm=granite_moe.s1_combine process=1 run=4 ms_per_token=6.8920
raw arm=granite_moe.s1_combine process=1 run=5 ms_per_token=6.8370
raw arm=granite_moe.s1_combine process=1 run=6 ms_per_token=6.8990
raw arm=granite_moe.s1_combine process=1 run=7 ms_per_token=6.8540
raw arm=granite_moe.s2_gemm process=1 run=0 ms_per_token=7.1740
raw arm=granite_moe.s2_gemm process=1 run=1 ms_per_token=6.9180
raw arm=granite_moe.s2_gemm process=1 run=2 ms_per_token=6.9810
raw arm=granite_moe.s2_gemm process=1 run=3 ms_per_token=7.0200
raw arm=granite_moe.s2_gemm process=1 run=4 ms_per_token=6.9670
raw arm=granite_moe.s2_gemm process=1 run=5 ms_per_token=6.8730
raw arm=granite_moe.s2_gemm process=1 run=6 ms_per_token=6.9560
raw arm=granite_moe.s2_gemm process=1 run=7 ms_per_token=6.9260
raw arm=granite_moe.s3_rope process=1 run=0 ms_per_token=7.3580
raw arm=granite_moe.s3_rope process=1 run=1 ms_per_token=6.8560
raw arm=granite_moe.s3_rope process=1 run=2 ms_per_token=6.8270
raw arm=granite_moe.s3_rope process=1 run=3 ms_per_token=6.8660
raw arm=granite_moe.s3_rope process=1 run=4 ms_per_token=7.0400
raw arm=granite_moe.s3_rope process=1 run=5 ms_per_token=6.8310
raw arm=granite_moe.s3_rope process=1 run=6 ms_per_token=6.8380
raw arm=granite_moe.s3_rope process=1 run=7 ms_per_token=6.8410
raw arm=granite_moe.s4_kvplace process=1 run=0 ms_per_token=7.0220
raw arm=granite_moe.s4_kvplace process=1 run=1 ms_per_token=6.6530
raw arm=granite_moe.s4_kvplace process=1 run=2 ms_per_token=9.4690
raw arm=granite_moe.s4_kvplace process=1 run=3 ms_per_token=6.6630
raw arm=granite_moe.s4_kvplace process=1 run=4 ms_per_token=6.7340
raw arm=granite_moe.s4_kvplace process=1 run=5 ms_per_token=6.6300
raw arm=granite_moe.s4_kvplace process=1 run=6 ms_per_token=6.7490
raw arm=granite_moe.s4_kvplace process=1 run=7 ms_per_token=6.7340
raw arm=granite_moe.s5_e2bdecode process=1 run=0 ms_per_token=7.0290
raw arm=granite_moe.s5_e2bdecode process=1 run=1 ms_per_token=6.6900
raw arm=granite_moe.s5_e2bdecode process=1 run=2 ms_per_token=6.6490
raw arm=granite_moe.s5_e2bdecode process=1 run=3 ms_per_token=6.6170
raw arm=granite_moe.s5_e2bdecode process=1 run=4 ms_per_token=6.6320
raw arm=granite_moe.s5_e2bdecode process=1 run=5 ms_per_token=6.6470
raw arm=granite_moe.s5_e2bdecode process=1 run=6 ms_per_token=6.5890
raw arm=granite_moe.s5_e2bdecode process=1 run=7 ms_per_token=6.6960
raw arm=granite_moe.s6_granitehost process=1 run=0 ms_per_token=7.0130
raw arm=granite_moe.s6_granitehost process=1 run=1 ms_per_token=6.7120
raw arm=granite_moe.s6_granitehost process=1 run=2 ms_per_token=6.6930
raw arm=granite_moe.s6_granitehost process=1 run=3 ms_per_token=6.7250
raw arm=granite_moe.s6_granitehost process=1 run=4 ms_per_token=6.7690
raw arm=granite_moe.s6_granitehost process=1 run=5 ms_per_token=6.6720
raw arm=granite_moe.s6_granitehost process=1 run=6 ms_per_token=6.6650
raw arm=granite_moe.s6_granitehost process=1 run=7 ms_per_token=6.6680
raw arm=granite_moe.tip process=1 run=0 ms_per_token=6.9500
raw arm=granite_moe.tip process=1 run=1 ms_per_token=6.6290
raw arm=granite_moe.tip process=1 run=2 ms_per_token=6.7650
raw arm=granite_moe.tip process=1 run=3 ms_per_token=6.8380
raw arm=granite_moe.tip process=1 run=4 ms_per_token=6.6590
raw arm=granite_moe.tip process=1 run=5 ms_per_token=6.6380
raw arm=granite_moe.tip process=1 run=6 ms_per_token=6.7580
raw arm=granite_moe.tip process=1 run=7 ms_per_token=6.5860
raw arm=granite_moe.off_combine process=1 run=0 ms_per_token=7.0240
raw arm=granite_moe.off_combine process=1 run=1 ms_per_token=6.7040
raw arm=granite_moe.off_combine process=1 run=2 ms_per_token=6.6540
raw arm=granite_moe.off_combine process=1 run=3 ms_per_token=6.6940
raw arm=granite_moe.off_combine process=1 run=4 ms_per_token=6.6590
raw arm=granite_moe.off_combine process=1 run=5 ms_per_token=6.6990
raw arm=granite_moe.off_combine process=1 run=6 ms_per_token=6.7230
raw arm=granite_moe.off_combine process=1 run=7 ms_per_token=6.6340
raw arm=granite_moe.off_rope process=1 run=0 ms_per_token=7.0430
raw arm=granite_moe.off_rope process=1 run=1 ms_per_token=6.7010
raw arm=granite_moe.off_rope process=1 run=2 ms_per_token=6.7350
raw arm=granite_moe.off_rope process=1 run=3 ms_per_token=6.7700
raw arm=granite_moe.off_rope process=1 run=4 ms_per_token=6.6940
raw arm=granite_moe.off_rope process=1 run=5 ms_per_token=6.6700
raw arm=granite_moe.off_rope process=1 run=6 ms_per_token=6.6910
raw arm=granite_moe.off_rope process=1 run=7 ms_per_token=6.6770
raw arm=granite_moe.off_bcastwidth process=1 run=0 ms_per_token=7.0500
raw arm=granite_moe.off_bcastwidth process=1 run=1 ms_per_token=6.6770
raw arm=granite_moe.off_bcastwidth process=1 run=2 ms_per_token=6.7230
raw arm=granite_moe.off_bcastwidth process=1 run=3 ms_per_token=6.7000
raw arm=granite_moe.off_bcastwidth process=1 run=4 ms_per_token=6.6640
raw arm=granite_moe.off_bcastwidth process=1 run=5 ms_per_token=6.6870
raw arm=granite_moe.off_bcastwidth process=1 run=6 ms_per_token=6.7630
raw arm=granite_moe.off_bcastwidth process=1 run=7 ms_per_token=6.7570
raw arm=granite_moe.off_simdfold process=1 run=0 ms_per_token=6.9910
raw arm=granite_moe.off_simdfold process=1 run=1 ms_per_token=6.6960
raw arm=granite_moe.off_simdfold process=1 run=2 ms_per_token=6.6910
raw arm=granite_moe.off_simdfold process=1 run=3 ms_per_token=6.6700
raw arm=granite_moe.off_simdfold process=1 run=4 ms_per_token=6.6890
raw arm=granite_moe.off_simdfold process=1 run=5 ms_per_token=6.6700
raw arm=granite_moe.off_simdfold process=1 run=6 ms_per_token=6.7440
raw arm=granite_moe.off_simdfold process=1 run=7 ms_per_token=6.6660
raw arm=granite_moe.off_q6krows process=1 run=0 ms_per_token=7.0010
raw arm=granite_moe.off_q6krows process=1 run=1 ms_per_token=6.6630
raw arm=granite_moe.off_q6krows process=1 run=2 ms_per_token=6.7440
raw arm=granite_moe.off_q6krows process=1 run=3 ms_per_token=6.6920
raw arm=granite_moe.off_q6krows process=1 run=4 ms_per_token=6.7050
raw arm=granite_moe.off_q6krows process=1 run=5 ms_per_token=6.7110
raw arm=granite_moe.off_q6krows process=1 run=6 ms_per_token=6.7380
raw arm=granite_moe.off_q6krows process=1 run=7 ms_per_token=6.7210
raw arm=granite_moe.base process=1 run=0 ms_per_token=7.2900
raw arm=granite_moe.base process=1 run=1 ms_per_token=6.8800
raw arm=granite_moe.base process=1 run=2 ms_per_token=6.9850
raw arm=granite_moe.base process=1 run=3 ms_per_token=6.9310
raw arm=granite_moe.base process=1 run=4 ms_per_token=6.9250
raw arm=granite_moe.base process=1 run=5 ms_per_token=6.8200
raw arm=granite_moe.base process=1 run=6 ms_per_token=6.8970
raw arm=granite_moe.base process=1 run=7 ms_per_token=6.9470
raw arm=gemma4_e2b.s2_gemm process=2 run=0 ms_per_token=11.9350
raw arm=gemma4_e2b.s2_gemm process=2 run=1 ms_per_token=11.3650
raw arm=gemma4_e2b.s2_gemm process=2 run=2 ms_per_token=11.3650
raw arm=gemma4_e2b.s2_gemm process=2 run=3 ms_per_token=11.3450
raw arm=gemma4_e2b.s2_gemm process=2 run=4 ms_per_token=11.7320
raw arm=gemma4_e2b.s2_gemm process=2 run=5 ms_per_token=11.3330
raw arm=gemma4_e2b.s2_gemm process=2 run=6 ms_per_token=11.3360
raw arm=gemma4_e2b.s2_gemm process=2 run=7 ms_per_token=11.3380
raw arm=gemma4_e2b.s3_rope process=2 run=0 ms_per_token=11.7810
raw arm=gemma4_e2b.s3_rope process=2 run=1 ms_per_token=11.2900
raw arm=gemma4_e2b.s3_rope process=2 run=2 ms_per_token=11.3240
raw arm=gemma4_e2b.s3_rope process=2 run=3 ms_per_token=11.3040
raw arm=gemma4_e2b.s3_rope process=2 run=4 ms_per_token=11.3170
raw arm=gemma4_e2b.s3_rope process=2 run=5 ms_per_token=11.2930
raw arm=gemma4_e2b.s3_rope process=2 run=6 ms_per_token=11.2880
raw arm=gemma4_e2b.s3_rope process=2 run=7 ms_per_token=11.3320
raw arm=gemma4_e2b.s4_kvplace process=2 run=0 ms_per_token=11.7930
raw arm=gemma4_e2b.s4_kvplace process=2 run=1 ms_per_token=11.2690
raw arm=gemma4_e2b.s4_kvplace process=2 run=2 ms_per_token=11.3150
raw arm=gemma4_e2b.s4_kvplace process=2 run=3 ms_per_token=11.3110
raw arm=gemma4_e2b.s4_kvplace process=2 run=4 ms_per_token=11.2660
raw arm=gemma4_e2b.s4_kvplace process=2 run=5 ms_per_token=11.3010
raw arm=gemma4_e2b.s4_kvplace process=2 run=6 ms_per_token=13.1750
raw arm=gemma4_e2b.s4_kvplace process=2 run=7 ms_per_token=11.2700
raw arm=gemma4_e2b.s5_e2bdecode process=2 run=0 ms_per_token=12.0320
raw arm=gemma4_e2b.s5_e2bdecode process=2 run=1 ms_per_token=12.0330
raw arm=gemma4_e2b.s5_e2bdecode process=2 run=2 ms_per_token=11.4860
raw arm=gemma4_e2b.s5_e2bdecode process=2 run=3 ms_per_token=11.4900
raw arm=gemma4_e2b.s5_e2bdecode process=2 run=4 ms_per_token=11.5110
raw arm=gemma4_e2b.s5_e2bdecode process=2 run=5 ms_per_token=11.4230
raw arm=gemma4_e2b.s5_e2bdecode process=2 run=6 ms_per_token=11.3950
raw arm=gemma4_e2b.s5_e2bdecode process=2 run=7 ms_per_token=11.4930
raw arm=gemma4_e2b.s6_granitehost process=2 run=0 ms_per_token=11.9670
raw arm=gemma4_e2b.s6_granitehost process=2 run=1 ms_per_token=11.4230
raw arm=gemma4_e2b.s6_granitehost process=2 run=2 ms_per_token=11.3930
raw arm=gemma4_e2b.s6_granitehost process=2 run=3 ms_per_token=11.3990
raw arm=gemma4_e2b.s6_granitehost process=2 run=4 ms_per_token=11.4280
raw arm=gemma4_e2b.s6_granitehost process=2 run=5 ms_per_token=11.3920
raw arm=gemma4_e2b.s6_granitehost process=2 run=6 ms_per_token=12.7900
raw arm=gemma4_e2b.s6_granitehost process=2 run=7 ms_per_token=11.4630
raw arm=gemma4_e2b.tip process=2 run=0 ms_per_token=11.9600
raw arm=gemma4_e2b.tip process=2 run=1 ms_per_token=11.4150
raw arm=gemma4_e2b.tip process=2 run=2 ms_per_token=11.4370
raw arm=gemma4_e2b.tip process=2 run=3 ms_per_token=11.4330
raw arm=gemma4_e2b.tip process=2 run=4 ms_per_token=11.3800
raw arm=gemma4_e2b.tip process=2 run=5 ms_per_token=11.7150
raw arm=gemma4_e2b.tip process=2 run=6 ms_per_token=11.4480
raw arm=gemma4_e2b.tip process=2 run=7 ms_per_token=11.4480
raw arm=gemma4_e2b.off_combine process=2 run=0 ms_per_token=11.8600
raw arm=gemma4_e2b.off_combine process=2 run=1 ms_per_token=11.4090
raw arm=gemma4_e2b.off_combine process=2 run=2 ms_per_token=11.4150
raw arm=gemma4_e2b.off_combine process=2 run=3 ms_per_token=11.4110
raw arm=gemma4_e2b.off_combine process=2 run=4 ms_per_token=11.4750
raw arm=gemma4_e2b.off_combine process=2 run=5 ms_per_token=11.3830
raw arm=gemma4_e2b.off_combine process=2 run=6 ms_per_token=11.4690
raw arm=gemma4_e2b.off_combine process=2 run=7 ms_per_token=11.4300
raw arm=gemma4_e2b.off_rope process=2 run=0 ms_per_token=11.9290
raw arm=gemma4_e2b.off_rope process=2 run=1 ms_per_token=11.3820
raw arm=gemma4_e2b.off_rope process=2 run=2 ms_per_token=11.4590
raw arm=gemma4_e2b.off_rope process=2 run=3 ms_per_token=11.4380
raw arm=gemma4_e2b.off_rope process=2 run=4 ms_per_token=11.8790
raw arm=gemma4_e2b.off_rope process=2 run=5 ms_per_token=11.4570
raw arm=gemma4_e2b.off_rope process=2 run=6 ms_per_token=11.3830
raw arm=gemma4_e2b.off_rope process=2 run=7 ms_per_token=11.4260
raw arm=gemma4_e2b.off_bcastwidth process=2 run=0 ms_per_token=11.7890
raw arm=gemma4_e2b.off_bcastwidth process=2 run=1 ms_per_token=11.2420
raw arm=gemma4_e2b.off_bcastwidth process=2 run=2 ms_per_token=11.1720
raw arm=gemma4_e2b.off_bcastwidth process=2 run=3 ms_per_token=12.3720
raw arm=gemma4_e2b.off_bcastwidth process=2 run=4 ms_per_token=11.2550
raw arm=gemma4_e2b.off_bcastwidth process=2 run=5 ms_per_token=11.2490
raw arm=gemma4_e2b.off_bcastwidth process=2 run=6 ms_per_token=11.2090
raw arm=gemma4_e2b.off_bcastwidth process=2 run=7 ms_per_token=11.1900
raw arm=gemma4_e2b.off_simdfold process=2 run=0 ms_per_token=11.9450
raw arm=gemma4_e2b.off_simdfold process=2 run=1 ms_per_token=11.3910
raw arm=gemma4_e2b.off_simdfold process=2 run=2 ms_per_token=11.6280
raw arm=gemma4_e2b.off_simdfold process=2 run=3 ms_per_token=11.3700
raw arm=gemma4_e2b.off_simdfold process=2 run=4 ms_per_token=11.4560
raw arm=gemma4_e2b.off_simdfold process=2 run=5 ms_per_token=11.4420
raw arm=gemma4_e2b.off_simdfold process=2 run=6 ms_per_token=11.4690
raw arm=gemma4_e2b.off_simdfold process=2 run=7 ms_per_token=11.4760
raw arm=gemma4_e2b.off_q6krows process=2 run=0 ms_per_token=12.0100
raw arm=gemma4_e2b.off_q6krows process=2 run=1 ms_per_token=11.4660
raw arm=gemma4_e2b.off_q6krows process=2 run=2 ms_per_token=12.8790
raw arm=gemma4_e2b.off_q6krows process=2 run=3 ms_per_token=11.4810
raw arm=gemma4_e2b.off_q6krows process=2 run=4 ms_per_token=11.4070
raw arm=gemma4_e2b.off_q6krows process=2 run=5 ms_per_token=11.4740
raw arm=gemma4_e2b.off_q6krows process=2 run=6 ms_per_token=11.5000
raw arm=gemma4_e2b.off_q6krows process=2 run=7 ms_per_token=11.4900
raw arm=gemma4_e2b.base process=2 run=0 ms_per_token=11.7310
raw arm=gemma4_e2b.base process=2 run=1 ms_per_token=11.4800
raw arm=gemma4_e2b.base process=2 run=2 ms_per_token=11.3070
raw arm=gemma4_e2b.base process=2 run=3 ms_per_token=11.2610
raw arm=gemma4_e2b.base process=2 run=4 ms_per_token=11.2660
raw arm=gemma4_e2b.base process=2 run=5 ms_per_token=11.2240
raw arm=gemma4_e2b.base process=2 run=6 ms_per_token=11.2740
raw arm=gemma4_e2b.base process=2 run=7 ms_per_token=11.2990
raw arm=gemma4_e2b.s1_combine process=2 run=0 ms_per_token=11.8960
raw arm=gemma4_e2b.s1_combine process=2 run=1 ms_per_token=12.4990
raw arm=gemma4_e2b.s1_combine process=2 run=2 ms_per_token=11.4330
raw arm=gemma4_e2b.s1_combine process=2 run=3 ms_per_token=11.3340
raw arm=gemma4_e2b.s1_combine process=2 run=4 ms_per_token=11.3780
raw arm=gemma4_e2b.s1_combine process=2 run=5 ms_per_token=11.3310
raw arm=gemma4_e2b.s1_combine process=2 run=6 ms_per_token=11.3350
raw arm=gemma4_e2b.s1_combine process=2 run=7 ms_per_token=11.3820
raw arm=granite_moe.s2_gemm process=2 run=0 ms_per_token=7.3080
raw arm=granite_moe.s2_gemm process=2 run=1 ms_per_token=6.8740
raw arm=granite_moe.s2_gemm process=2 run=2 ms_per_token=6.8810
raw arm=granite_moe.s2_gemm process=2 run=3 ms_per_token=6.9250
raw arm=granite_moe.s2_gemm process=2 run=4 ms_per_token=6.8860
raw arm=granite_moe.s2_gemm process=2 run=5 ms_per_token=6.9010
raw arm=granite_moe.s2_gemm process=2 run=6 ms_per_token=6.8470
raw arm=granite_moe.s2_gemm process=2 run=7 ms_per_token=6.9670
raw arm=granite_moe.s3_rope process=2 run=0 ms_per_token=7.2640
raw arm=granite_moe.s3_rope process=2 run=1 ms_per_token=6.7820
raw arm=granite_moe.s3_rope process=2 run=2 ms_per_token=6.8580
raw arm=granite_moe.s3_rope process=2 run=3 ms_per_token=6.8400
raw arm=granite_moe.s3_rope process=2 run=4 ms_per_token=6.9850
raw arm=granite_moe.s3_rope process=2 run=5 ms_per_token=6.8570
raw arm=granite_moe.s3_rope process=2 run=6 ms_per_token=6.9480
raw arm=granite_moe.s3_rope process=2 run=7 ms_per_token=6.8840
raw arm=granite_moe.s4_kvplace process=2 run=0 ms_per_token=7.0130
raw arm=granite_moe.s4_kvplace process=2 run=1 ms_per_token=6.7160
raw arm=granite_moe.s4_kvplace process=2 run=2 ms_per_token=6.7040
raw arm=granite_moe.s4_kvplace process=2 run=3 ms_per_token=6.6300
raw arm=granite_moe.s4_kvplace process=2 run=4 ms_per_token=6.7390
raw arm=granite_moe.s4_kvplace process=2 run=5 ms_per_token=6.7200
raw arm=granite_moe.s4_kvplace process=2 run=6 ms_per_token=6.6530
raw arm=granite_moe.s4_kvplace process=2 run=7 ms_per_token=6.7040
raw arm=granite_moe.s5_e2bdecode process=2 run=0 ms_per_token=7.0340
raw arm=granite_moe.s5_e2bdecode process=2 run=1 ms_per_token=6.6610
raw arm=granite_moe.s5_e2bdecode process=2 run=2 ms_per_token=6.6870
raw arm=granite_moe.s5_e2bdecode process=2 run=3 ms_per_token=6.6620
raw arm=granite_moe.s5_e2bdecode process=2 run=4 ms_per_token=6.7620
raw arm=granite_moe.s5_e2bdecode process=2 run=5 ms_per_token=6.6940
raw arm=granite_moe.s5_e2bdecode process=2 run=6 ms_per_token=6.7040
raw arm=granite_moe.s5_e2bdecode process=2 run=7 ms_per_token=6.6060
raw arm=granite_moe.s6_granitehost process=2 run=0 ms_per_token=7.0300
raw arm=granite_moe.s6_granitehost process=2 run=1 ms_per_token=6.7470
raw arm=granite_moe.s6_granitehost process=2 run=2 ms_per_token=6.6430
raw arm=granite_moe.s6_granitehost process=2 run=3 ms_per_token=6.6600
raw arm=granite_moe.s6_granitehost process=2 run=4 ms_per_token=6.6830
raw arm=granite_moe.s6_granitehost process=2 run=5 ms_per_token=6.7050
raw arm=granite_moe.s6_granitehost process=2 run=6 ms_per_token=6.7360
raw arm=granite_moe.s6_granitehost process=2 run=7 ms_per_token=6.6160
raw arm=granite_moe.tip process=2 run=0 ms_per_token=7.0120
raw arm=granite_moe.tip process=2 run=1 ms_per_token=6.6420
raw arm=granite_moe.tip process=2 run=2 ms_per_token=6.6590
raw arm=granite_moe.tip process=2 run=3 ms_per_token=6.7480
raw arm=granite_moe.tip process=2 run=4 ms_per_token=6.6650
raw arm=granite_moe.tip process=2 run=5 ms_per_token=6.6590
raw arm=granite_moe.tip process=2 run=6 ms_per_token=6.6320
raw arm=granite_moe.tip process=2 run=7 ms_per_token=6.6650
raw arm=granite_moe.off_combine process=2 run=0 ms_per_token=7.0250
raw arm=granite_moe.off_combine process=2 run=1 ms_per_token=6.5630
raw arm=granite_moe.off_combine process=2 run=2 ms_per_token=6.7080
raw arm=granite_moe.off_combine process=2 run=3 ms_per_token=6.6830
raw arm=granite_moe.off_combine process=2 run=4 ms_per_token=6.7290
raw arm=granite_moe.off_combine process=2 run=5 ms_per_token=6.6810
raw arm=granite_moe.off_combine process=2 run=6 ms_per_token=6.6590
raw arm=granite_moe.off_combine process=2 run=7 ms_per_token=6.7200
raw arm=granite_moe.off_rope process=2 run=0 ms_per_token=7.0180
raw arm=granite_moe.off_rope process=2 run=1 ms_per_token=6.7950
raw arm=granite_moe.off_rope process=2 run=2 ms_per_token=6.6610
raw arm=granite_moe.off_rope process=2 run=3 ms_per_token=6.6710
raw arm=granite_moe.off_rope process=2 run=4 ms_per_token=6.7210
raw arm=granite_moe.off_rope process=2 run=5 ms_per_token=6.6990
raw arm=granite_moe.off_rope process=2 run=6 ms_per_token=6.6720
raw arm=granite_moe.off_rope process=2 run=7 ms_per_token=6.7120
raw arm=granite_moe.off_bcastwidth process=2 run=0 ms_per_token=6.9590
raw arm=granite_moe.off_bcastwidth process=2 run=1 ms_per_token=6.6730
raw arm=granite_moe.off_bcastwidth process=2 run=2 ms_per_token=6.6640
raw arm=granite_moe.off_bcastwidth process=2 run=3 ms_per_token=6.6720
raw arm=granite_moe.off_bcastwidth process=2 run=4 ms_per_token=6.6430
raw arm=granite_moe.off_bcastwidth process=2 run=5 ms_per_token=6.6920
raw arm=granite_moe.off_bcastwidth process=2 run=6 ms_per_token=6.7330
raw arm=granite_moe.off_bcastwidth process=2 run=7 ms_per_token=6.6280
raw arm=granite_moe.off_simdfold process=2 run=0 ms_per_token=7.0150
raw arm=granite_moe.off_simdfold process=2 run=1 ms_per_token=6.6590
raw arm=granite_moe.off_simdfold process=2 run=2 ms_per_token=6.7230
raw arm=granite_moe.off_simdfold process=2 run=3 ms_per_token=6.8000
raw arm=granite_moe.off_simdfold process=2 run=4 ms_per_token=6.7300
raw arm=granite_moe.off_simdfold process=2 run=5 ms_per_token=6.6790
raw arm=granite_moe.off_simdfold process=2 run=6 ms_per_token=6.6900
raw arm=granite_moe.off_simdfold process=2 run=7 ms_per_token=6.8790
raw arm=granite_moe.off_q6krows process=2 run=0 ms_per_token=7.0530
raw arm=granite_moe.off_q6krows process=2 run=1 ms_per_token=6.6630
raw arm=granite_moe.off_q6krows process=2 run=2 ms_per_token=6.7610
raw arm=granite_moe.off_q6krows process=2 run=3 ms_per_token=6.6890
raw arm=granite_moe.off_q6krows process=2 run=4 ms_per_token=6.7150
raw arm=granite_moe.off_q6krows process=2 run=5 ms_per_token=6.7870
raw arm=granite_moe.off_q6krows process=2 run=6 ms_per_token=6.6930
raw arm=granite_moe.off_q6krows process=2 run=7 ms_per_token=6.6260
raw arm=granite_moe.base process=2 run=0 ms_per_token=7.3280
raw arm=granite_moe.base process=2 run=1 ms_per_token=6.8380
raw arm=granite_moe.base process=2 run=2 ms_per_token=7.0540
raw arm=granite_moe.base process=2 run=3 ms_per_token=6.8750
raw arm=granite_moe.base process=2 run=4 ms_per_token=6.9150
raw arm=granite_moe.base process=2 run=5 ms_per_token=6.8590
raw arm=granite_moe.base process=2 run=6 ms_per_token=6.9820
raw arm=granite_moe.base process=2 run=7 ms_per_token=6.8940
raw arm=granite_moe.s1_combine process=2 run=0 ms_per_token=7.1930
raw arm=granite_moe.s1_combine process=2 run=1 ms_per_token=6.7150
raw arm=granite_moe.s1_combine process=2 run=2 ms_per_token=6.7870
raw arm=granite_moe.s1_combine process=2 run=3 ms_per_token=6.7890
raw arm=granite_moe.s1_combine process=2 run=4 ms_per_token=7.0390
raw arm=granite_moe.s1_combine process=2 run=5 ms_per_token=6.9260
raw arm=granite_moe.s1_combine process=2 run=6 ms_per_token=6.7760
raw arm=granite_moe.s1_combine process=2 run=7 ms_per_token=6.8190
arm=gemma4_e2b.base metric=ms_per_token process=0 run=1 value=11.2530 outlier=false
arm=gemma4_e2b.base metric=ms_per_token process=0 run=2 value=11.4650 outlier=true
arm=gemma4_e2b.base metric=ms_per_token process=0 run=3 value=11.2780 outlier=false
arm=gemma4_e2b.base metric=ms_per_token process=0 run=4 value=13.8510 outlier=true
arm=gemma4_e2b.base metric=ms_per_token process=0 run=5 value=11.3070 outlier=false
arm=gemma4_e2b.base metric=ms_per_token process=0 run=6 value=11.2770 outlier=false
arm=gemma4_e2b.base metric=ms_per_token process=0 run=7 value=11.2300 outlier=false
arm=gemma4_e2b.base metric=ms_per_token process=1 run=1 value=11.2510 outlier=false
arm=gemma4_e2b.base metric=ms_per_token process=1 run=2 value=11.3210 outlier=false
arm=gemma4_e2b.base metric=ms_per_token process=1 run=3 value=11.3120 outlier=false
arm=gemma4_e2b.base metric=ms_per_token process=1 run=4 value=12.0170 outlier=true
arm=gemma4_e2b.base metric=ms_per_token process=1 run=5 value=11.2780 outlier=false
arm=gemma4_e2b.base metric=ms_per_token process=1 run=6 value=11.2140 outlier=false
arm=gemma4_e2b.base metric=ms_per_token process=1 run=7 value=11.3100 outlier=false
arm=gemma4_e2b.base metric=ms_per_token process=2 run=1 value=11.4800 outlier=true
arm=gemma4_e2b.base metric=ms_per_token process=2 run=2 value=11.3070 outlier=false
arm=gemma4_e2b.base metric=ms_per_token process=2 run=3 value=11.2610 outlier=false
arm=gemma4_e2b.base metric=ms_per_token process=2 run=4 value=11.2660 outlier=false
arm=gemma4_e2b.base metric=ms_per_token process=2 run=5 value=11.2240 outlier=false
arm=gemma4_e2b.base metric=ms_per_token process=2 run=6 value=11.2740 outlier=false
arm=gemma4_e2b.base metric=ms_per_token process=2 run=7 value=11.2990 outlier=false
summary arm=gemma4_e2b.base metric=ms_per_token n_all=21 median_all=11.2780 cov_all_pct=4.91 min_all=11.2140 max_all=13.8510 | n_kept=17 median_kept=11.2770 mad_kept=0.0260 cov_kept_pct=0.28 min_kept=11.2140 max_kept=11.3210
arm=gemma4_e2b.base metric=prefill_ms process=0 run=1 value=588.0470 outlier=false
arm=gemma4_e2b.base metric=prefill_ms process=0 run=2 value=588.0160 outlier=false
arm=gemma4_e2b.base metric=prefill_ms process=0 run=3 value=592.9890 outlier=false
arm=gemma4_e2b.base metric=prefill_ms process=0 run=4 value=587.0450 outlier=false
arm=gemma4_e2b.base metric=prefill_ms process=0 run=5 value=621.9440 outlier=true
arm=gemma4_e2b.base metric=prefill_ms process=0 run=6 value=589.0220 outlier=false
arm=gemma4_e2b.base metric=prefill_ms process=0 run=7 value=588.0100 outlier=false
arm=gemma4_e2b.base metric=prefill_ms process=1 run=1 value=587.9810 outlier=false
arm=gemma4_e2b.base metric=prefill_ms process=1 run=2 value=590.0470 outlier=false
arm=gemma4_e2b.base metric=prefill_ms process=1 run=3 value=588.9760 outlier=false
arm=gemma4_e2b.base metric=prefill_ms process=1 run=4 value=590.0090 outlier=false
arm=gemma4_e2b.base metric=prefill_ms process=1 run=5 value=603.0350 outlier=true
arm=gemma4_e2b.base metric=prefill_ms process=1 run=6 value=590.9650 outlier=false
arm=gemma4_e2b.base metric=prefill_ms process=1 run=7 value=594.0610 outlier=true
arm=gemma4_e2b.base metric=prefill_ms process=2 run=1 value=588.9530 outlier=false
arm=gemma4_e2b.base metric=prefill_ms process=2 run=2 value=596.9430 outlier=true
arm=gemma4_e2b.base metric=prefill_ms process=2 run=3 value=588.9650 outlier=false
arm=gemma4_e2b.base metric=prefill_ms process=2 run=4 value=588.9840 outlier=false
arm=gemma4_e2b.base metric=prefill_ms process=2 run=5 value=587.9660 outlier=false
arm=gemma4_e2b.base metric=prefill_ms process=2 run=6 value=589.0530 outlier=false
arm=gemma4_e2b.base metric=prefill_ms process=2 run=7 value=590.0490 outlier=false
summary arm=gemma4_e2b.base metric=prefill_ms n_all=21 median_all=589.0220 cov_all_pct=1.29 min_all=587.0450 max_all=621.9440 | n_kept=17 median_kept=588.9760 mad_kept=0.9660 cov_kept_pct=0.23 min_kept=587.0450 max_kept=592.9890
arm=gemma4_e2b.base metric=ttft_ms process=0 run=1 value=588.0000 outlier=false
arm=gemma4_e2b.base metric=ttft_ms process=0 run=2 value=588.0000 outlier=false
arm=gemma4_e2b.base metric=ttft_ms process=0 run=3 value=593.0000 outlier=false
arm=gemma4_e2b.base metric=ttft_ms process=0 run=4 value=587.0000 outlier=false
arm=gemma4_e2b.base metric=ttft_ms process=0 run=5 value=622.0000 outlier=true
arm=gemma4_e2b.base metric=ttft_ms process=0 run=6 value=589.0000 outlier=false
arm=gemma4_e2b.base metric=ttft_ms process=0 run=7 value=588.0000 outlier=false
arm=gemma4_e2b.base metric=ttft_ms process=1 run=1 value=588.0000 outlier=false
arm=gemma4_e2b.base metric=ttft_ms process=1 run=2 value=590.0000 outlier=false
arm=gemma4_e2b.base metric=ttft_ms process=1 run=3 value=589.0000 outlier=false
arm=gemma4_e2b.base metric=ttft_ms process=1 run=4 value=590.0000 outlier=false
arm=gemma4_e2b.base metric=ttft_ms process=1 run=5 value=603.0000 outlier=true
arm=gemma4_e2b.base metric=ttft_ms process=1 run=6 value=591.0000 outlier=false
arm=gemma4_e2b.base metric=ttft_ms process=1 run=7 value=594.0000 outlier=true
arm=gemma4_e2b.base metric=ttft_ms process=2 run=1 value=589.0000 outlier=false
arm=gemma4_e2b.base metric=ttft_ms process=2 run=2 value=597.0000 outlier=true
arm=gemma4_e2b.base metric=ttft_ms process=2 run=3 value=589.0000 outlier=false
arm=gemma4_e2b.base metric=ttft_ms process=2 run=4 value=589.0000 outlier=false
arm=gemma4_e2b.base metric=ttft_ms process=2 run=5 value=588.0000 outlier=false
arm=gemma4_e2b.base metric=ttft_ms process=2 run=6 value=589.0000 outlier=false
arm=gemma4_e2b.base metric=ttft_ms process=2 run=7 value=590.0000 outlier=false
summary arm=gemma4_e2b.base metric=ttft_ms n_all=21 median_all=589.0000 cov_all_pct=1.29 min_all=587.0000 max_all=622.0000 | n_kept=17 median_kept=589.0000 mad_kept=1.0000 cov_kept_pct=0.23 min_kept=587.0000 max_kept=593.0000
memory arm=gemma4_e2b.base metric=peak_rss_bytes process=0 value=3918151680
memory arm=gemma4_e2b.base metric=peak_rss_bytes process=1 value=3913302016
memory arm=gemma4_e2b.base metric=peak_rss_bytes process=2 value=3858644992
summary arm=gemma4_e2b.base metric=peak_rss_bytes n=3 median=3913302016 max=3918151680
memory arm=gemma4_e2b.base metric=peak_footprint_bytes process=0 value=492464768
memory arm=gemma4_e2b.base metric=peak_footprint_bytes process=1 value=476178880
memory arm=gemma4_e2b.base metric=peak_footprint_bytes process=2 value=496576960
summary arm=gemma4_e2b.base metric=peak_footprint_bytes n=3 median=492464768 max=496576960
memory arm=gemma4_e2b.base metric=peak_gpu_bytes process=0 value=3657105408
memory arm=gemma4_e2b.base metric=peak_gpu_bytes process=1 value=3657105408
memory arm=gemma4_e2b.base metric=peak_gpu_bytes process=2 value=3657105408
summary arm=gemma4_e2b.base metric=peak_gpu_bytes n=3 median=3657105408 max=3657105408
extra arm=gemma4_e2b.base process=0 peers_present_at_exit=[]
extra arm=gemma4_e2b.base process=1 peers_present_at_exit=[]
extra arm=gemma4_e2b.base process=2 peers_present_at_exit=[]
arm=gemma4_e2b.s1_combine metric=ms_per_token process=0 run=1 value=11.2940 outlier=false
arm=gemma4_e2b.s1_combine metric=ms_per_token process=0 run=2 value=11.3050 outlier=false
arm=gemma4_e2b.s1_combine metric=ms_per_token process=0 run=3 value=11.2970 outlier=false
arm=gemma4_e2b.s1_combine metric=ms_per_token process=0 run=4 value=11.2930 outlier=false
arm=gemma4_e2b.s1_combine metric=ms_per_token process=0 run=5 value=11.3060 outlier=false
arm=gemma4_e2b.s1_combine metric=ms_per_token process=0 run=6 value=11.3110 outlier=false
arm=gemma4_e2b.s1_combine metric=ms_per_token process=0 run=7 value=11.3250 outlier=false
arm=gemma4_e2b.s1_combine metric=ms_per_token process=1 run=1 value=10.5320 outlier=true
arm=gemma4_e2b.s1_combine metric=ms_per_token process=1 run=2 value=11.3120 outlier=false
arm=gemma4_e2b.s1_combine metric=ms_per_token process=1 run=3 value=11.3180 outlier=false
arm=gemma4_e2b.s1_combine metric=ms_per_token process=1 run=4 value=11.2630 outlier=false
arm=gemma4_e2b.s1_combine metric=ms_per_token process=1 run=5 value=11.3340 outlier=false
arm=gemma4_e2b.s1_combine metric=ms_per_token process=1 run=6 value=11.3330 outlier=false
arm=gemma4_e2b.s1_combine metric=ms_per_token process=1 run=7 value=11.3190 outlier=false
arm=gemma4_e2b.s1_combine metric=ms_per_token process=2 run=1 value=12.4990 outlier=true
arm=gemma4_e2b.s1_combine metric=ms_per_token process=2 run=2 value=11.4330 outlier=true
arm=gemma4_e2b.s1_combine metric=ms_per_token process=2 run=3 value=11.3340 outlier=false
arm=gemma4_e2b.s1_combine metric=ms_per_token process=2 run=4 value=11.3780 outlier=false
arm=gemma4_e2b.s1_combine metric=ms_per_token process=2 run=5 value=11.3310 outlier=false
arm=gemma4_e2b.s1_combine metric=ms_per_token process=2 run=6 value=11.3350 outlier=false
arm=gemma4_e2b.s1_combine metric=ms_per_token process=2 run=7 value=11.3820 outlier=false
summary arm=gemma4_e2b.s1_combine metric=ms_per_token n_all=21 median_all=11.3190 cov_all_pct=2.74 min_all=10.5320 max_all=12.4990 | n_kept=18 median_kept=11.3185 mad_kept=0.0150 cov_kept_pct=0.25 min_kept=11.2630 max_kept=11.3820
arm=gemma4_e2b.s1_combine metric=prefill_ms process=0 run=1 value=586.9800 outlier=false
arm=gemma4_e2b.s1_combine metric=prefill_ms process=0 run=2 value=588.9740 outlier=false
arm=gemma4_e2b.s1_combine metric=prefill_ms process=0 run=3 value=587.9630 outlier=false
arm=gemma4_e2b.s1_combine metric=prefill_ms process=0 run=4 value=587.0080 outlier=false
arm=gemma4_e2b.s1_combine metric=prefill_ms process=0 run=5 value=585.9470 outlier=false
arm=gemma4_e2b.s1_combine metric=prefill_ms process=0 run=6 value=589.0590 outlier=false
arm=gemma4_e2b.s1_combine metric=prefill_ms process=0 run=7 value=589.0280 outlier=false
arm=gemma4_e2b.s1_combine metric=prefill_ms process=1 run=1 value=585.9780 outlier=false
arm=gemma4_e2b.s1_combine metric=prefill_ms process=1 run=2 value=586.0430 outlier=false
arm=gemma4_e2b.s1_combine metric=prefill_ms process=1 run=3 value=589.0160 outlier=false
arm=gemma4_e2b.s1_combine metric=prefill_ms process=1 run=4 value=588.9590 outlier=false
arm=gemma4_e2b.s1_combine metric=prefill_ms process=1 run=5 value=588.9370 outlier=false
arm=gemma4_e2b.s1_combine metric=prefill_ms process=1 run=6 value=588.9740 outlier=false
arm=gemma4_e2b.s1_combine metric=prefill_ms process=1 run=7 value=588.0430 outlier=false
arm=gemma4_e2b.s1_combine metric=prefill_ms process=2 run=1 value=590.0130 outlier=false
arm=gemma4_e2b.s1_combine metric=prefill_ms process=2 run=2 value=605.9810 outlier=true
arm=gemma4_e2b.s1_combine metric=prefill_ms process=2 run=3 value=586.9450 outlier=false
arm=gemma4_e2b.s1_combine metric=prefill_ms process=2 run=4 value=588.9500 outlier=false
arm=gemma4_e2b.s1_combine metric=prefill_ms process=2 run=5 value=587.0350 outlier=false
arm=gemma4_e2b.s1_combine metric=prefill_ms process=2 run=6 value=585.9680 outlier=false
arm=gemma4_e2b.s1_combine metric=prefill_ms process=2 run=7 value=589.0050 outlier=false
summary arm=gemma4_e2b.s1_combine metric=prefill_ms n_all=21 median_all=588.9370 cov_all_pct=0.69 min_all=585.9470 max_all=605.9810 | n_kept=20 median_kept=588.4900 mad_kept=0.5535 cov_kept_pct=0.22 min_kept=585.9470 max_kept=590.0130
arm=gemma4_e2b.s1_combine metric=ttft_ms process=0 run=1 value=587.0000 outlier=false
arm=gemma4_e2b.s1_combine metric=ttft_ms process=0 run=2 value=589.0000 outlier=false
arm=gemma4_e2b.s1_combine metric=ttft_ms process=0 run=3 value=588.0000 outlier=false
arm=gemma4_e2b.s1_combine metric=ttft_ms process=0 run=4 value=587.0000 outlier=false
arm=gemma4_e2b.s1_combine metric=ttft_ms process=0 run=5 value=586.0000 outlier=false
arm=gemma4_e2b.s1_combine metric=ttft_ms process=0 run=6 value=589.0000 outlier=false
arm=gemma4_e2b.s1_combine metric=ttft_ms process=0 run=7 value=589.0000 outlier=false
arm=gemma4_e2b.s1_combine metric=ttft_ms process=1 run=1 value=586.0000 outlier=false
arm=gemma4_e2b.s1_combine metric=ttft_ms process=1 run=2 value=586.0000 outlier=false
arm=gemma4_e2b.s1_combine metric=ttft_ms process=1 run=3 value=589.0000 outlier=false
arm=gemma4_e2b.s1_combine metric=ttft_ms process=1 run=4 value=589.0000 outlier=false
arm=gemma4_e2b.s1_combine metric=ttft_ms process=1 run=5 value=589.0000 outlier=false
arm=gemma4_e2b.s1_combine metric=ttft_ms process=1 run=6 value=589.0000 outlier=false
arm=gemma4_e2b.s1_combine metric=ttft_ms process=1 run=7 value=588.0000 outlier=false
arm=gemma4_e2b.s1_combine metric=ttft_ms process=2 run=1 value=590.0000 outlier=false
arm=gemma4_e2b.s1_combine metric=ttft_ms process=2 run=2 value=606.0000 outlier=true
arm=gemma4_e2b.s1_combine metric=ttft_ms process=2 run=3 value=587.0000 outlier=false
arm=gemma4_e2b.s1_combine metric=ttft_ms process=2 run=4 value=589.0000 outlier=false
arm=gemma4_e2b.s1_combine metric=ttft_ms process=2 run=5 value=587.0000 outlier=false
arm=gemma4_e2b.s1_combine metric=ttft_ms process=2 run=6 value=586.0000 outlier=false
arm=gemma4_e2b.s1_combine metric=ttft_ms process=2 run=7 value=589.0000 outlier=false
summary arm=gemma4_e2b.s1_combine metric=ttft_ms n_all=21 median_all=589.0000 cov_all_pct=0.69 min_all=586.0000 max_all=606.0000 | n_kept=20 median_kept=588.5000 mad_kept=0.5000 cov_kept_pct=0.22 min_kept=586.0000 max_kept=590.0000
memory arm=gemma4_e2b.s1_combine metric=peak_rss_bytes process=0 value=3862020096
memory arm=gemma4_e2b.s1_combine metric=peak_rss_bytes process=1 value=3908845568
memory arm=gemma4_e2b.s1_combine metric=peak_rss_bytes process=2 value=3870179328
summary arm=gemma4_e2b.s1_combine metric=peak_rss_bytes n=3 median=3870179328 max=3908845568
memory arm=gemma4_e2b.s1_combine metric=peak_footprint_bytes process=0 value=487418560
memory arm=gemma4_e2b.s1_combine metric=peak_footprint_bytes process=1 value=487041600
memory arm=gemma4_e2b.s1_combine metric=peak_footprint_bytes process=2 value=483175360
summary arm=gemma4_e2b.s1_combine metric=peak_footprint_bytes n=3 median=487041600 max=487418560
memory arm=gemma4_e2b.s1_combine metric=peak_gpu_bytes process=0 value=3657105408
memory arm=gemma4_e2b.s1_combine metric=peak_gpu_bytes process=1 value=3657105408
memory arm=gemma4_e2b.s1_combine metric=peak_gpu_bytes process=2 value=3657105408
summary arm=gemma4_e2b.s1_combine metric=peak_gpu_bytes n=3 median=3657105408 max=3657105408
extra arm=gemma4_e2b.s1_combine process=0 peers_present_at_exit=[]
extra arm=gemma4_e2b.s1_combine process=1 peers_present_at_exit=[]
extra arm=gemma4_e2b.s1_combine process=2 peers_present_at_exit=[]
arm=gemma4_e2b.s2_gemm metric=ms_per_token process=0 run=1 value=11.3010 outlier=false
arm=gemma4_e2b.s2_gemm metric=ms_per_token process=0 run=2 value=11.3680 outlier=false
arm=gemma4_e2b.s2_gemm metric=ms_per_token process=0 run=3 value=11.3430 outlier=false
arm=gemma4_e2b.s2_gemm metric=ms_per_token process=0 run=4 value=13.4700 outlier=true
arm=gemma4_e2b.s2_gemm metric=ms_per_token process=0 run=5 value=11.3520 outlier=false
arm=gemma4_e2b.s2_gemm metric=ms_per_token process=0 run=6 value=11.3310 outlier=false
arm=gemma4_e2b.s2_gemm metric=ms_per_token process=0 run=7 value=11.3520 outlier=false
arm=gemma4_e2b.s2_gemm metric=ms_per_token process=1 run=1 value=13.8130 outlier=true
arm=gemma4_e2b.s2_gemm metric=ms_per_token process=1 run=2 value=11.3100 outlier=false
arm=gemma4_e2b.s2_gemm metric=ms_per_token process=1 run=3 value=11.2980 outlier=false
arm=gemma4_e2b.s2_gemm metric=ms_per_token process=1 run=4 value=11.2870 outlier=false
arm=gemma4_e2b.s2_gemm metric=ms_per_token process=1 run=5 value=11.1960 outlier=true
arm=gemma4_e2b.s2_gemm metric=ms_per_token process=1 run=6 value=11.2660 outlier=false
arm=gemma4_e2b.s2_gemm metric=ms_per_token process=1 run=7 value=11.2940 outlier=false
arm=gemma4_e2b.s2_gemm metric=ms_per_token process=2 run=1 value=11.3650 outlier=false
arm=gemma4_e2b.s2_gemm metric=ms_per_token process=2 run=2 value=11.3650 outlier=false
arm=gemma4_e2b.s2_gemm metric=ms_per_token process=2 run=3 value=11.3450 outlier=false
arm=gemma4_e2b.s2_gemm metric=ms_per_token process=2 run=4 value=11.7320 outlier=true
arm=gemma4_e2b.s2_gemm metric=ms_per_token process=2 run=5 value=11.3330 outlier=false
arm=gemma4_e2b.s2_gemm metric=ms_per_token process=2 run=6 value=11.3360 outlier=false
arm=gemma4_e2b.s2_gemm metric=ms_per_token process=2 run=7 value=11.3380 outlier=false
summary arm=gemma4_e2b.s2_gemm metric=ms_per_token n_all=21 median_all=11.3380 cov_all_pct=5.91 min_all=11.1960 max_all=13.8130 | n_kept=17 median_kept=11.3360 mad_kept=0.0260 cov_kept_pct=0.26 min_kept=11.2660 max_kept=11.3680
arm=gemma4_e2b.s2_gemm metric=prefill_ms process=0 run=1 value=586.9510 outlier=false
arm=gemma4_e2b.s2_gemm metric=prefill_ms process=0 run=2 value=588.9620 outlier=false
arm=gemma4_e2b.s2_gemm metric=prefill_ms process=0 run=3 value=589.0400 outlier=false
arm=gemma4_e2b.s2_gemm metric=prefill_ms process=0 run=4 value=590.0600 outlier=false
arm=gemma4_e2b.s2_gemm metric=prefill_ms process=0 run=5 value=604.0200 outlier=true
arm=gemma4_e2b.s2_gemm metric=prefill_ms process=0 run=6 value=587.9800 outlier=false
arm=gemma4_e2b.s2_gemm metric=prefill_ms process=0 run=7 value=589.9600 outlier=false
arm=gemma4_e2b.s2_gemm metric=prefill_ms process=1 run=1 value=588.0630 outlier=false
arm=gemma4_e2b.s2_gemm metric=prefill_ms process=1 run=2 value=609.9650 outlier=true
arm=gemma4_e2b.s2_gemm metric=prefill_ms process=1 run=3 value=589.0270 outlier=false
arm=gemma4_e2b.s2_gemm metric=prefill_ms process=1 run=4 value=589.9770 outlier=false
arm=gemma4_e2b.s2_gemm metric=prefill_ms process=1 run=5 value=589.9460 outlier=false
arm=gemma4_e2b.s2_gemm metric=prefill_ms process=1 run=6 value=590.0570 outlier=false
arm=gemma4_e2b.s2_gemm metric=prefill_ms process=1 run=7 value=589.0030 outlier=false
arm=gemma4_e2b.s2_gemm metric=prefill_ms process=2 run=1 value=587.9380 outlier=false
arm=gemma4_e2b.s2_gemm metric=prefill_ms process=2 run=2 value=589.9590 outlier=false
arm=gemma4_e2b.s2_gemm metric=prefill_ms process=2 run=3 value=589.9850 outlier=false
arm=gemma4_e2b.s2_gemm metric=prefill_ms process=2 run=4 value=589.0080 outlier=false
arm=gemma4_e2b.s2_gemm metric=prefill_ms process=2 run=5 value=609.9470 outlier=true
arm=gemma4_e2b.s2_gemm metric=prefill_ms process=2 run=6 value=590.0560 outlier=false
arm=gemma4_e2b.s2_gemm metric=prefill_ms process=2 run=7 value=590.0360 outlier=false
summary arm=gemma4_e2b.s2_gemm metric=prefill_ms n_all=21 median_all=589.9590 cov_all_pct=1.13 min_all=586.9510 max_all=609.9650 | n_kept=18 median_kept=589.4930 mad_kept=0.5115 cov_kept_pct=0.16 min_kept=586.9510 max_kept=590.0600
arm=gemma4_e2b.s2_gemm metric=ttft_ms process=0 run=1 value=587.0000 outlier=false
arm=gemma4_e2b.s2_gemm metric=ttft_ms process=0 run=2 value=589.0000 outlier=false
arm=gemma4_e2b.s2_gemm metric=ttft_ms process=0 run=3 value=589.0000 outlier=false
arm=gemma4_e2b.s2_gemm metric=ttft_ms process=0 run=4 value=590.0000 outlier=false
arm=gemma4_e2b.s2_gemm metric=ttft_ms process=0 run=5 value=604.0000 outlier=true
arm=gemma4_e2b.s2_gemm metric=ttft_ms process=0 run=6 value=588.0000 outlier=false
arm=gemma4_e2b.s2_gemm metric=ttft_ms process=0 run=7 value=590.0000 outlier=false
arm=gemma4_e2b.s2_gemm metric=ttft_ms process=1 run=1 value=588.0000 outlier=false
arm=gemma4_e2b.s2_gemm metric=ttft_ms process=1 run=2 value=610.0000 outlier=true
arm=gemma4_e2b.s2_gemm metric=ttft_ms process=1 run=3 value=589.0000 outlier=false
arm=gemma4_e2b.s2_gemm metric=ttft_ms process=1 run=4 value=590.0000 outlier=false
arm=gemma4_e2b.s2_gemm metric=ttft_ms process=1 run=5 value=590.0000 outlier=false
arm=gemma4_e2b.s2_gemm metric=ttft_ms process=1 run=6 value=590.0000 outlier=false
arm=gemma4_e2b.s2_gemm metric=ttft_ms process=1 run=7 value=589.0000 outlier=false
arm=gemma4_e2b.s2_gemm metric=ttft_ms process=2 run=1 value=588.0000 outlier=false
arm=gemma4_e2b.s2_gemm metric=ttft_ms process=2 run=2 value=590.0000 outlier=false
arm=gemma4_e2b.s2_gemm metric=ttft_ms process=2 run=3 value=590.0000 outlier=false
arm=gemma4_e2b.s2_gemm metric=ttft_ms process=2 run=4 value=589.0000 outlier=false
arm=gemma4_e2b.s2_gemm metric=ttft_ms process=2 run=5 value=610.0000 outlier=true
arm=gemma4_e2b.s2_gemm metric=ttft_ms process=2 run=6 value=590.0000 outlier=false
arm=gemma4_e2b.s2_gemm metric=ttft_ms process=2 run=7 value=590.0000 outlier=false
summary arm=gemma4_e2b.s2_gemm metric=ttft_ms n_all=21 median_all=590.0000 cov_all_pct=1.13 min_all=587.0000 max_all=610.0000 | n_kept=18 median_kept=589.5000 mad_kept=0.5000 cov_kept_pct=0.16 min_kept=587.0000 max_kept=590.0000
memory arm=gemma4_e2b.s2_gemm metric=peak_rss_bytes process=0 value=3878813696
memory arm=gemma4_e2b.s2_gemm metric=peak_rss_bytes process=1 value=3907584000
memory arm=gemma4_e2b.s2_gemm metric=peak_rss_bytes process=2 value=3856515072
summary arm=gemma4_e2b.s2_gemm metric=peak_rss_bytes n=3 median=3878813696 max=3907584000
memory arm=gemma4_e2b.s2_gemm metric=peak_footprint_bytes process=0 value=482552576
memory arm=gemma4_e2b.s2_gemm metric=peak_footprint_bytes process=1 value=505342720
memory arm=gemma4_e2b.s2_gemm metric=peak_footprint_bytes process=2 value=484076352
summary arm=gemma4_e2b.s2_gemm metric=peak_footprint_bytes n=3 median=484076352 max=505342720
memory arm=gemma4_e2b.s2_gemm metric=peak_gpu_bytes process=0 value=3657105408
memory arm=gemma4_e2b.s2_gemm metric=peak_gpu_bytes process=1 value=3657105408
memory arm=gemma4_e2b.s2_gemm metric=peak_gpu_bytes process=2 value=3657105408
summary arm=gemma4_e2b.s2_gemm metric=peak_gpu_bytes n=3 median=3657105408 max=3657105408
extra arm=gemma4_e2b.s2_gemm process=0 peers_present_at_exit=[]
extra arm=gemma4_e2b.s2_gemm process=1 peers_present_at_exit=[]
extra arm=gemma4_e2b.s2_gemm process=2 peers_present_at_exit=[]
arm=gemma4_e2b.s3_rope metric=ms_per_token process=0 run=1 value=11.2480 outlier=false
arm=gemma4_e2b.s3_rope metric=ms_per_token process=0 run=2 value=11.3300 outlier=false
arm=gemma4_e2b.s3_rope metric=ms_per_token process=0 run=3 value=11.3160 outlier=false
arm=gemma4_e2b.s3_rope metric=ms_per_token process=0 run=4 value=11.2940 outlier=false
arm=gemma4_e2b.s3_rope metric=ms_per_token process=0 run=5 value=11.3250 outlier=false
arm=gemma4_e2b.s3_rope metric=ms_per_token process=0 run=6 value=11.2570 outlier=false
arm=gemma4_e2b.s3_rope metric=ms_per_token process=0 run=7 value=11.1670 outlier=true
arm=gemma4_e2b.s3_rope metric=ms_per_token process=1 run=1 value=11.2060 outlier=true
arm=gemma4_e2b.s3_rope metric=ms_per_token process=1 run=2 value=11.3120 outlier=false
arm=gemma4_e2b.s3_rope metric=ms_per_token process=1 run=3 value=11.3200 outlier=false
arm=gemma4_e2b.s3_rope metric=ms_per_token process=1 run=4 value=11.3190 outlier=false
arm=gemma4_e2b.s3_rope metric=ms_per_token process=1 run=5 value=11.2920 outlier=false
arm=gemma4_e2b.s3_rope metric=ms_per_token process=1 run=6 value=11.2520 outlier=false
arm=gemma4_e2b.s3_rope metric=ms_per_token process=1 run=7 value=11.3170 outlier=false
arm=gemma4_e2b.s3_rope metric=ms_per_token process=2 run=1 value=11.2900 outlier=false
arm=gemma4_e2b.s3_rope metric=ms_per_token process=2 run=2 value=11.3240 outlier=false
arm=gemma4_e2b.s3_rope metric=ms_per_token process=2 run=3 value=11.3040 outlier=false
arm=gemma4_e2b.s3_rope metric=ms_per_token process=2 run=4 value=11.3170 outlier=false
arm=gemma4_e2b.s3_rope metric=ms_per_token process=2 run=5 value=11.2930 outlier=false
arm=gemma4_e2b.s3_rope metric=ms_per_token process=2 run=6 value=11.2880 outlier=false
arm=gemma4_e2b.s3_rope metric=ms_per_token process=2 run=7 value=11.3320 outlier=false
summary arm=gemma4_e2b.s3_rope metric=ms_per_token n_all=21 median_all=11.3040 cov_all_pct=0.37 min_all=11.1670 max_all=11.3320 | n_kept=19 median_kept=11.3120 mad_kept=0.0180 cov_kept_pct=0.22 min_kept=11.2480 max_kept=11.3320
arm=gemma4_e2b.s3_rope metric=prefill_ms process=0 run=1 value=585.0620 outlier=false
arm=gemma4_e2b.s3_rope metric=prefill_ms process=0 run=2 value=585.9790 outlier=false
arm=gemma4_e2b.s3_rope metric=prefill_ms process=0 run=3 value=589.0380 outlier=false
arm=gemma4_e2b.s3_rope metric=prefill_ms process=0 run=4 value=584.9940 outlier=false
arm=gemma4_e2b.s3_rope metric=prefill_ms process=0 run=5 value=588.0500 outlier=false
arm=gemma4_e2b.s3_rope metric=prefill_ms process=0 run=6 value=586.9800 outlier=false
arm=gemma4_e2b.s3_rope metric=prefill_ms process=0 run=7 value=585.0280 outlier=false
arm=gemma4_e2b.s3_rope metric=prefill_ms process=1 run=1 value=586.0400 outlier=false
arm=gemma4_e2b.s3_rope metric=prefill_ms process=1 run=2 value=587.9540 outlier=false
arm=gemma4_e2b.s3_rope metric=prefill_ms process=1 run=3 value=588.9890 outlier=false
arm=gemma4_e2b.s3_rope metric=prefill_ms process=1 run=4 value=587.9930 outlier=false
arm=gemma4_e2b.s3_rope metric=prefill_ms process=1 run=5 value=587.9650 outlier=false
arm=gemma4_e2b.s3_rope metric=prefill_ms process=1 run=6 value=589.0510 outlier=false
arm=gemma4_e2b.s3_rope metric=prefill_ms process=1 run=7 value=587.9870 outlier=false
arm=gemma4_e2b.s3_rope metric=prefill_ms process=2 run=1 value=587.9390 outlier=false
arm=gemma4_e2b.s3_rope metric=prefill_ms process=2 run=2 value=588.9880 outlier=false
arm=gemma4_e2b.s3_rope metric=prefill_ms process=2 run=3 value=584.9860 outlier=false
arm=gemma4_e2b.s3_rope metric=prefill_ms process=2 run=4 value=589.0420 outlier=false
arm=gemma4_e2b.s3_rope metric=prefill_ms process=2 run=5 value=588.0580 outlier=false
arm=gemma4_e2b.s3_rope metric=prefill_ms process=2 run=6 value=586.0420 outlier=false
arm=gemma4_e2b.s3_rope metric=prefill_ms process=2 run=7 value=589.0020 outlier=false
summary arm=gemma4_e2b.s3_rope metric=prefill_ms n_all=21 median_all=587.9650 cov_all_pct=0.25 min_all=584.9860 max_all=589.0510 | n_kept=21 median_kept=587.9650 mad_kept=1.0370 cov_kept_pct=0.25 min_kept=584.9860 max_kept=589.0510
arm=gemma4_e2b.s3_rope metric=ttft_ms process=0 run=1 value=585.0000 outlier=false
arm=gemma4_e2b.s3_rope metric=ttft_ms process=0 run=2 value=586.0000 outlier=false
arm=gemma4_e2b.s3_rope metric=ttft_ms process=0 run=3 value=589.0000 outlier=false
arm=gemma4_e2b.s3_rope metric=ttft_ms process=0 run=4 value=585.0000 outlier=false
arm=gemma4_e2b.s3_rope metric=ttft_ms process=0 run=5 value=588.0000 outlier=false
arm=gemma4_e2b.s3_rope metric=ttft_ms process=0 run=6 value=587.0000 outlier=false
arm=gemma4_e2b.s3_rope metric=ttft_ms process=0 run=7 value=585.0000 outlier=false
arm=gemma4_e2b.s3_rope metric=ttft_ms process=1 run=1 value=586.0000 outlier=false
arm=gemma4_e2b.s3_rope metric=ttft_ms process=1 run=2 value=588.0000 outlier=false
arm=gemma4_e2b.s3_rope metric=ttft_ms process=1 run=3 value=589.0000 outlier=false
arm=gemma4_e2b.s3_rope metric=ttft_ms process=1 run=4 value=588.0000 outlier=false
arm=gemma4_e2b.s3_rope metric=ttft_ms process=1 run=5 value=588.0000 outlier=false
arm=gemma4_e2b.s3_rope metric=ttft_ms process=1 run=6 value=589.0000 outlier=false
arm=gemma4_e2b.s3_rope metric=ttft_ms process=1 run=7 value=588.0000 outlier=false
arm=gemma4_e2b.s3_rope metric=ttft_ms process=2 run=1 value=588.0000 outlier=false
arm=gemma4_e2b.s3_rope metric=ttft_ms process=2 run=2 value=589.0000 outlier=false
arm=gemma4_e2b.s3_rope metric=ttft_ms process=2 run=3 value=585.0000 outlier=false
arm=gemma4_e2b.s3_rope metric=ttft_ms process=2 run=4 value=589.0000 outlier=false
arm=gemma4_e2b.s3_rope metric=ttft_ms process=2 run=5 value=588.0000 outlier=false
arm=gemma4_e2b.s3_rope metric=ttft_ms process=2 run=6 value=586.0000 outlier=false
arm=gemma4_e2b.s3_rope metric=ttft_ms process=2 run=7 value=589.0000 outlier=false
summary arm=gemma4_e2b.s3_rope metric=ttft_ms n_all=21 median_all=588.0000 cov_all_pct=0.25 min_all=585.0000 max_all=589.0000 | n_kept=21 median_kept=588.0000 mad_kept=1.0000 cov_kept_pct=0.25 min_kept=585.0000 max_kept=589.0000
memory arm=gemma4_e2b.s3_rope metric=peak_rss_bytes process=0 value=3879174144
memory arm=gemma4_e2b.s3_rope metric=peak_rss_bytes process=1 value=3846438912
memory arm=gemma4_e2b.s3_rope metric=peak_rss_bytes process=2 value=3871064064
summary arm=gemma4_e2b.s3_rope metric=peak_rss_bytes n=3 median=3871064064 max=3879174144
memory arm=gemma4_e2b.s3_rope metric=peak_footprint_bytes process=0 value=498313856
memory arm=gemma4_e2b.s3_rope metric=peak_footprint_bytes process=1 value=484010432
memory arm=gemma4_e2b.s3_rope metric=peak_footprint_bytes process=2 value=510208768
summary arm=gemma4_e2b.s3_rope metric=peak_footprint_bytes n=3 median=498313856 max=510208768
memory arm=gemma4_e2b.s3_rope metric=peak_gpu_bytes process=0 value=3657105408
memory arm=gemma4_e2b.s3_rope metric=peak_gpu_bytes process=1 value=3657105408
memory arm=gemma4_e2b.s3_rope metric=peak_gpu_bytes process=2 value=3657105408
summary arm=gemma4_e2b.s3_rope metric=peak_gpu_bytes n=3 median=3657105408 max=3657105408
extra arm=gemma4_e2b.s3_rope process=0 peers_present_at_exit=[]
extra arm=gemma4_e2b.s3_rope process=1 peers_present_at_exit=[]
extra arm=gemma4_e2b.s3_rope process=2 peers_present_at_exit=[]
arm=gemma4_e2b.s4_kvplace metric=ms_per_token process=0 run=1 value=11.2820 outlier=false
arm=gemma4_e2b.s4_kvplace metric=ms_per_token process=0 run=2 value=11.2560 outlier=false
arm=gemma4_e2b.s4_kvplace metric=ms_per_token process=0 run=3 value=11.2280 outlier=false
arm=gemma4_e2b.s4_kvplace metric=ms_per_token process=0 run=4 value=11.2790 outlier=false
arm=gemma4_e2b.s4_kvplace metric=ms_per_token process=0 run=5 value=11.2730 outlier=false
arm=gemma4_e2b.s4_kvplace metric=ms_per_token process=0 run=6 value=11.2740 outlier=false
arm=gemma4_e2b.s4_kvplace metric=ms_per_token process=0 run=7 value=11.2460 outlier=false
arm=gemma4_e2b.s4_kvplace metric=ms_per_token process=1 run=1 value=11.2530 outlier=false
arm=gemma4_e2b.s4_kvplace metric=ms_per_token process=1 run=2 value=11.1910 outlier=true
arm=gemma4_e2b.s4_kvplace metric=ms_per_token process=1 run=3 value=11.2540 outlier=false
arm=gemma4_e2b.s4_kvplace metric=ms_per_token process=1 run=4 value=11.2620 outlier=false
arm=gemma4_e2b.s4_kvplace metric=ms_per_token process=1 run=5 value=11.2570 outlier=false
arm=gemma4_e2b.s4_kvplace metric=ms_per_token process=1 run=6 value=11.2580 outlier=false
arm=gemma4_e2b.s4_kvplace metric=ms_per_token process=1 run=7 value=11.2450 outlier=false
arm=gemma4_e2b.s4_kvplace metric=ms_per_token process=2 run=1 value=11.2690 outlier=false
arm=gemma4_e2b.s4_kvplace metric=ms_per_token process=2 run=2 value=11.3150 outlier=false
arm=gemma4_e2b.s4_kvplace metric=ms_per_token process=2 run=3 value=11.3110 outlier=false
arm=gemma4_e2b.s4_kvplace metric=ms_per_token process=2 run=4 value=11.2660 outlier=false
arm=gemma4_e2b.s4_kvplace metric=ms_per_token process=2 run=5 value=11.3010 outlier=false
arm=gemma4_e2b.s4_kvplace metric=ms_per_token process=2 run=6 value=13.1750 outlier=true
arm=gemma4_e2b.s4_kvplace metric=ms_per_token process=2 run=7 value=11.2700 outlier=false
summary arm=gemma4_e2b.s4_kvplace metric=ms_per_token n_all=21 median_all=11.2660 cov_all_pct=3.59 min_all=11.1910 max_all=13.1750 | n_kept=19 median_kept=11.2660 mad_kept=0.0120 cov_kept_pct=0.19 min_kept=11.2280 max_kept=11.3150
arm=gemma4_e2b.s4_kvplace metric=prefill_ms process=0 run=1 value=582.0600 outlier=false
arm=gemma4_e2b.s4_kvplace metric=prefill_ms process=0 run=2 value=581.9910 outlier=false
arm=gemma4_e2b.s4_kvplace metric=prefill_ms process=0 run=3 value=581.9740 outlier=false
arm=gemma4_e2b.s4_kvplace metric=prefill_ms process=0 run=4 value=581.9840 outlier=false
arm=gemma4_e2b.s4_kvplace metric=prefill_ms process=0 run=5 value=581.9810 outlier=false
arm=gemma4_e2b.s4_kvplace metric=prefill_ms process=0 run=6 value=582.0580 outlier=false
arm=gemma4_e2b.s4_kvplace metric=prefill_ms process=0 run=7 value=582.0050 outlier=false
arm=gemma4_e2b.s4_kvplace metric=prefill_ms process=1 run=1 value=582.0180 outlier=false
arm=gemma4_e2b.s4_kvplace metric=prefill_ms process=1 run=2 value=582.0020 outlier=false
arm=gemma4_e2b.s4_kvplace metric=prefill_ms process=1 run=3 value=582.0540 outlier=false
arm=gemma4_e2b.s4_kvplace metric=prefill_ms process=1 run=4 value=582.0390 outlier=false
arm=gemma4_e2b.s4_kvplace metric=prefill_ms process=1 run=5 value=581.9820 outlier=false
arm=gemma4_e2b.s4_kvplace metric=prefill_ms process=1 run=6 value=582.0390 outlier=false
arm=gemma4_e2b.s4_kvplace metric=prefill_ms process=1 run=7 value=582.0600 outlier=false
arm=gemma4_e2b.s4_kvplace metric=prefill_ms process=2 run=1 value=582.0350 outlier=false
arm=gemma4_e2b.s4_kvplace metric=prefill_ms process=2 run=2 value=582.0240 outlier=false
arm=gemma4_e2b.s4_kvplace metric=prefill_ms process=2 run=3 value=582.0220 outlier=false
arm=gemma4_e2b.s4_kvplace metric=prefill_ms process=2 run=4 value=582.0080 outlier=false
arm=gemma4_e2b.s4_kvplace metric=prefill_ms process=2 run=5 value=581.9500 outlier=false
arm=gemma4_e2b.s4_kvplace metric=prefill_ms process=2 run=6 value=582.0280 outlier=false
arm=gemma4_e2b.s4_kvplace metric=prefill_ms process=2 run=7 value=613.0290 outlier=true
summary arm=gemma4_e2b.s4_kvplace metric=prefill_ms n_all=21 median_all=582.0220 cov_all_pct=1.13 min_all=581.9500 max_all=613.0290 | n_kept=20 median_kept=582.0200 mad_kept=0.0240 cov_kept_pct=0.01 min_kept=581.9500 max_kept=582.0600
arm=gemma4_e2b.s4_kvplace metric=ttft_ms process=0 run=1 value=582.0000 outlier=false
arm=gemma4_e2b.s4_kvplace metric=ttft_ms process=0 run=2 value=582.0000 outlier=false
arm=gemma4_e2b.s4_kvplace metric=ttft_ms process=0 run=3 value=582.0000 outlier=false
arm=gemma4_e2b.s4_kvplace metric=ttft_ms process=0 run=4 value=582.0000 outlier=false
arm=gemma4_e2b.s4_kvplace metric=ttft_ms process=0 run=5 value=582.0000 outlier=false
arm=gemma4_e2b.s4_kvplace metric=ttft_ms process=0 run=6 value=582.0000 outlier=false
arm=gemma4_e2b.s4_kvplace metric=ttft_ms process=0 run=7 value=582.0000 outlier=false
arm=gemma4_e2b.s4_kvplace metric=ttft_ms process=1 run=1 value=582.0000 outlier=false
arm=gemma4_e2b.s4_kvplace metric=ttft_ms process=1 run=2 value=582.0000 outlier=false
arm=gemma4_e2b.s4_kvplace metric=ttft_ms process=1 run=3 value=582.0000 outlier=false
arm=gemma4_e2b.s4_kvplace metric=ttft_ms process=1 run=4 value=582.0000 outlier=false
arm=gemma4_e2b.s4_kvplace metric=ttft_ms process=1 run=5 value=582.0000 outlier=false
arm=gemma4_e2b.s4_kvplace metric=ttft_ms process=1 run=6 value=582.0000 outlier=false
arm=gemma4_e2b.s4_kvplace metric=ttft_ms process=1 run=7 value=582.0000 outlier=false
arm=gemma4_e2b.s4_kvplace metric=ttft_ms process=2 run=1 value=582.0000 outlier=false
arm=gemma4_e2b.s4_kvplace metric=ttft_ms process=2 run=2 value=582.0000 outlier=false
arm=gemma4_e2b.s4_kvplace metric=ttft_ms process=2 run=3 value=582.0000 outlier=false
arm=gemma4_e2b.s4_kvplace metric=ttft_ms process=2 run=4 value=582.0000 outlier=false
arm=gemma4_e2b.s4_kvplace metric=ttft_ms process=2 run=5 value=582.0000 outlier=false
arm=gemma4_e2b.s4_kvplace metric=ttft_ms process=2 run=6 value=582.0000 outlier=false
arm=gemma4_e2b.s4_kvplace metric=ttft_ms process=2 run=7 value=613.0000 outlier=false
summary arm=gemma4_e2b.s4_kvplace metric=ttft_ms n_all=21 median_all=582.0000 cov_all_pct=1.13 min_all=582.0000 max_all=613.0000 | n_kept=21 median_kept=582.0000 mad_kept=0.0000 cov_kept_pct=1.13 min_kept=582.0000 max_kept=613.0000
memory arm=gemma4_e2b.s4_kvplace metric=peak_rss_bytes process=0 value=3766927360
memory arm=gemma4_e2b.s4_kvplace metric=peak_rss_bytes process=1 value=3753721856
memory arm=gemma4_e2b.s4_kvplace metric=peak_rss_bytes process=2 value=3765207040
summary arm=gemma4_e2b.s4_kvplace metric=peak_rss_bytes n=3 median=3765207040 max=3766927360
memory arm=gemma4_e2b.s4_kvplace metric=peak_footprint_bytes process=0 value=430647744
memory arm=gemma4_e2b.s4_kvplace metric=peak_footprint_bytes process=1 value=419375488
memory arm=gemma4_e2b.s4_kvplace metric=peak_footprint_bytes process=2 value=423062016
summary arm=gemma4_e2b.s4_kvplace metric=peak_footprint_bytes n=3 median=423062016 max=430647744
memory arm=gemma4_e2b.s4_kvplace metric=peak_gpu_bytes process=0 value=3620749312
memory arm=gemma4_e2b.s4_kvplace metric=peak_gpu_bytes process=1 value=3620749312
memory arm=gemma4_e2b.s4_kvplace metric=peak_gpu_bytes process=2 value=3621748736
summary arm=gemma4_e2b.s4_kvplace metric=peak_gpu_bytes n=3 median=3620749312 max=3621748736
extra arm=gemma4_e2b.s4_kvplace process=0 peers_present_at_exit=[]
extra arm=gemma4_e2b.s4_kvplace process=1 peers_present_at_exit=[]
extra arm=gemma4_e2b.s4_kvplace process=2 peers_present_at_exit=[]
arm=gemma4_e2b.s5_e2bdecode metric=ms_per_token process=0 run=1 value=11.3930 outlier=false
arm=gemma4_e2b.s5_e2bdecode metric=ms_per_token process=0 run=2 value=11.3950 outlier=false
arm=gemma4_e2b.s5_e2bdecode metric=ms_per_token process=0 run=3 value=11.3690 outlier=false
arm=gemma4_e2b.s5_e2bdecode metric=ms_per_token process=0 run=4 value=12.8410 outlier=true
arm=gemma4_e2b.s5_e2bdecode metric=ms_per_token process=0 run=5 value=11.4430 outlier=false
arm=gemma4_e2b.s5_e2bdecode metric=ms_per_token process=0 run=6 value=11.4090 outlier=false
arm=gemma4_e2b.s5_e2bdecode metric=ms_per_token process=0 run=7 value=11.4060 outlier=false
arm=gemma4_e2b.s5_e2bdecode metric=ms_per_token process=1 run=1 value=11.4410 outlier=false
arm=gemma4_e2b.s5_e2bdecode metric=ms_per_token process=1 run=2 value=11.4640 outlier=false
arm=gemma4_e2b.s5_e2bdecode metric=ms_per_token process=1 run=3 value=11.4020 outlier=false
arm=gemma4_e2b.s5_e2bdecode metric=ms_per_token process=1 run=4 value=11.4540 outlier=false
arm=gemma4_e2b.s5_e2bdecode metric=ms_per_token process=1 run=5 value=11.4580 outlier=false
arm=gemma4_e2b.s5_e2bdecode metric=ms_per_token process=1 run=6 value=11.4450 outlier=false
arm=gemma4_e2b.s5_e2bdecode metric=ms_per_token process=1 run=7 value=11.4880 outlier=false
arm=gemma4_e2b.s5_e2bdecode metric=ms_per_token process=2 run=1 value=12.0330 outlier=true
arm=gemma4_e2b.s5_e2bdecode metric=ms_per_token process=2 run=2 value=11.4860 outlier=false
arm=gemma4_e2b.s5_e2bdecode metric=ms_per_token process=2 run=3 value=11.4900 outlier=false
arm=gemma4_e2b.s5_e2bdecode metric=ms_per_token process=2 run=4 value=11.5110 outlier=false
arm=gemma4_e2b.s5_e2bdecode metric=ms_per_token process=2 run=5 value=11.4230 outlier=false
arm=gemma4_e2b.s5_e2bdecode metric=ms_per_token process=2 run=6 value=11.3950 outlier=false
arm=gemma4_e2b.s5_e2bdecode metric=ms_per_token process=2 run=7 value=11.4930 outlier=false
summary arm=gemma4_e2b.s5_e2bdecode metric=ms_per_token n_all=21 median_all=11.4450 cov_all_pct=2.78 min_all=11.3690 max_all=12.8410 | n_kept=19 median_kept=11.4430 mad_kept=0.0410 cov_kept_pct=0.35 min_kept=11.3690 max_kept=11.5110
arm=gemma4_e2b.s5_e2bdecode metric=prefill_ms process=0 run=1 value=592.0480 outlier=false
arm=gemma4_e2b.s5_e2bdecode metric=prefill_ms process=0 run=2 value=592.0280 outlier=false
arm=gemma4_e2b.s5_e2bdecode metric=prefill_ms process=0 run=3 value=592.0410 outlier=false
arm=gemma4_e2b.s5_e2bdecode metric=prefill_ms process=0 run=4 value=591.9770 outlier=false
arm=gemma4_e2b.s5_e2bdecode metric=prefill_ms process=0 run=5 value=615.9740 outlier=true
arm=gemma4_e2b.s5_e2bdecode metric=prefill_ms process=0 run=6 value=590.9890 outlier=true
arm=gemma4_e2b.s5_e2bdecode metric=prefill_ms process=0 run=7 value=591.9770 outlier=false
arm=gemma4_e2b.s5_e2bdecode metric=prefill_ms process=1 run=1 value=592.0510 outlier=false
arm=gemma4_e2b.s5_e2bdecode metric=prefill_ms process=1 run=2 value=595.0300 outlier=true
arm=gemma4_e2b.s5_e2bdecode metric=prefill_ms process=1 run=3 value=591.9670 outlier=false
arm=gemma4_e2b.s5_e2bdecode metric=prefill_ms process=1 run=4 value=591.9410 outlier=false
arm=gemma4_e2b.s5_e2bdecode metric=prefill_ms process=1 run=5 value=592.0130 outlier=false
arm=gemma4_e2b.s5_e2bdecode metric=prefill_ms process=1 run=6 value=592.0340 outlier=false
arm=gemma4_e2b.s5_e2bdecode metric=prefill_ms process=1 run=7 value=592.0240 outlier=false
arm=gemma4_e2b.s5_e2bdecode metric=prefill_ms process=2 run=1 value=592.0520 outlier=false
arm=gemma4_e2b.s5_e2bdecode metric=prefill_ms process=2 run=2 value=603.9400 outlier=true
arm=gemma4_e2b.s5_e2bdecode metric=prefill_ms process=2 run=3 value=591.0200 outlier=true
arm=gemma4_e2b.s5_e2bdecode metric=prefill_ms process=2 run=4 value=590.9770 outlier=true
arm=gemma4_e2b.s5_e2bdecode metric=prefill_ms process=2 run=5 value=592.0380 outlier=false
arm=gemma4_e2b.s5_e2bdecode metric=prefill_ms process=2 run=6 value=590.9430 outlier=true
arm=gemma4_e2b.s5_e2bdecode metric=prefill_ms process=2 run=7 value=591.9590 outlier=false
summary arm=gemma4_e2b.s5_e2bdecode metric=prefill_ms n_all=21 median_all=592.0240 cov_all_pct=0.95 min_all=590.9430 max_all=615.9740 | n_kept=14 median_kept=592.0260 mad_kept=0.0235 cov_kept_pct=0.01 min_kept=591.9410 max_kept=592.0520
arm=gemma4_e2b.s5_e2bdecode metric=ttft_ms process=0 run=1 value=592.0000 outlier=false
arm=gemma4_e2b.s5_e2bdecode metric=ttft_ms process=0 run=2 value=592.0000 outlier=false
arm=gemma4_e2b.s5_e2bdecode metric=ttft_ms process=0 run=3 value=592.0000 outlier=false
arm=gemma4_e2b.s5_e2bdecode metric=ttft_ms process=0 run=4 value=592.0000 outlier=false
arm=gemma4_e2b.s5_e2bdecode metric=ttft_ms process=0 run=5 value=616.0000 outlier=false
arm=gemma4_e2b.s5_e2bdecode metric=ttft_ms process=0 run=6 value=591.0000 outlier=false
arm=gemma4_e2b.s5_e2bdecode metric=ttft_ms process=0 run=7 value=592.0000 outlier=false
arm=gemma4_e2b.s5_e2bdecode metric=ttft_ms process=1 run=1 value=592.0000 outlier=false
arm=gemma4_e2b.s5_e2bdecode metric=ttft_ms process=1 run=2 value=595.0000 outlier=false
arm=gemma4_e2b.s5_e2bdecode metric=ttft_ms process=1 run=3 value=592.0000 outlier=false
arm=gemma4_e2b.s5_e2bdecode metric=ttft_ms process=1 run=4 value=592.0000 outlier=false
arm=gemma4_e2b.s5_e2bdecode metric=ttft_ms process=1 run=5 value=592.0000 outlier=false
arm=gemma4_e2b.s5_e2bdecode metric=ttft_ms process=1 run=6 value=592.0000 outlier=false
arm=gemma4_e2b.s5_e2bdecode metric=ttft_ms process=1 run=7 value=592.0000 outlier=false
arm=gemma4_e2b.s5_e2bdecode metric=ttft_ms process=2 run=1 value=592.0000 outlier=false
arm=gemma4_e2b.s5_e2bdecode metric=ttft_ms process=2 run=2 value=604.0000 outlier=false
arm=gemma4_e2b.s5_e2bdecode metric=ttft_ms process=2 run=3 value=591.0000 outlier=false
arm=gemma4_e2b.s5_e2bdecode metric=ttft_ms process=2 run=4 value=591.0000 outlier=false
arm=gemma4_e2b.s5_e2bdecode metric=ttft_ms process=2 run=5 value=592.0000 outlier=false
arm=gemma4_e2b.s5_e2bdecode metric=ttft_ms process=2 run=6 value=591.0000 outlier=false
arm=gemma4_e2b.s5_e2bdecode metric=ttft_ms process=2 run=7 value=592.0000 outlier=false
summary arm=gemma4_e2b.s5_e2bdecode metric=ttft_ms n_all=21 median_all=592.0000 cov_all_pct=0.95 min_all=591.0000 max_all=616.0000 | n_kept=21 median_kept=592.0000 mad_kept=0.0000 cov_kept_pct=0.95 min_kept=591.0000 max_kept=616.0000
memory arm=gemma4_e2b.s5_e2bdecode metric=peak_rss_bytes process=0 value=3766779904
memory arm=gemma4_e2b.s5_e2bdecode metric=peak_rss_bytes process=1 value=3780657152
memory arm=gemma4_e2b.s5_e2bdecode metric=peak_rss_bytes process=2 value=3750248448
summary arm=gemma4_e2b.s5_e2bdecode metric=peak_rss_bytes n=3 median=3766779904 max=3780657152
memory arm=gemma4_e2b.s5_e2bdecode metric=peak_footprint_bytes process=0 value=428353920
memory arm=gemma4_e2b.s5_e2bdecode metric=peak_footprint_bytes process=1 value=419457408
memory arm=gemma4_e2b.s5_e2bdecode metric=peak_footprint_bytes process=2 value=424209152
summary arm=gemma4_e2b.s5_e2bdecode metric=peak_footprint_bytes n=3 median=424209152 max=428353920
memory arm=gemma4_e2b.s5_e2bdecode metric=peak_gpu_bytes process=0 value=3621748736
memory arm=gemma4_e2b.s5_e2bdecode metric=peak_gpu_bytes process=1 value=3621748736
memory arm=gemma4_e2b.s5_e2bdecode metric=peak_gpu_bytes process=2 value=3621748736
summary arm=gemma4_e2b.s5_e2bdecode metric=peak_gpu_bytes n=3 median=3621748736 max=3621748736
extra arm=gemma4_e2b.s5_e2bdecode process=0 peers_present_at_exit=[]
extra arm=gemma4_e2b.s5_e2bdecode process=1 peers_present_at_exit=[]
extra arm=gemma4_e2b.s5_e2bdecode process=2 peers_present_at_exit=[]
arm=gemma4_e2b.s6_granitehost metric=ms_per_token process=0 run=1 value=11.4240 outlier=false
arm=gemma4_e2b.s6_granitehost metric=ms_per_token process=0 run=2 value=11.4400 outlier=false
arm=gemma4_e2b.s6_granitehost metric=ms_per_token process=0 run=3 value=11.6780 outlier=true
arm=gemma4_e2b.s6_granitehost metric=ms_per_token process=0 run=4 value=11.3870 outlier=false
arm=gemma4_e2b.s6_granitehost metric=ms_per_token process=0 run=5 value=11.3860 outlier=false
arm=gemma4_e2b.s6_granitehost metric=ms_per_token process=0 run=6 value=11.3750 outlier=false
arm=gemma4_e2b.s6_granitehost metric=ms_per_token process=0 run=7 value=11.4110 outlier=false
arm=gemma4_e2b.s6_granitehost metric=ms_per_token process=1 run=1 value=11.4580 outlier=false
arm=gemma4_e2b.s6_granitehost metric=ms_per_token process=1 run=2 value=11.4390 outlier=false
arm=gemma4_e2b.s6_granitehost metric=ms_per_token process=1 run=3 value=11.4370 outlier=false
arm=gemma4_e2b.s6_granitehost metric=ms_per_token process=1 run=4 value=11.3490 outlier=false
arm=gemma4_e2b.s6_granitehost metric=ms_per_token process=1 run=5 value=11.1590 outlier=true
arm=gemma4_e2b.s6_granitehost metric=ms_per_token process=1 run=6 value=11.3750 outlier=false
arm=gemma4_e2b.s6_granitehost metric=ms_per_token process=1 run=7 value=12.3260 outlier=true
arm=gemma4_e2b.s6_granitehost metric=ms_per_token process=2 run=1 value=11.4230 outlier=false
arm=gemma4_e2b.s6_granitehost metric=ms_per_token process=2 run=2 value=11.3930 outlier=false
arm=gemma4_e2b.s6_granitehost metric=ms_per_token process=2 run=3 value=11.3990 outlier=false
arm=gemma4_e2b.s6_granitehost metric=ms_per_token process=2 run=4 value=11.4280 outlier=false
arm=gemma4_e2b.s6_granitehost metric=ms_per_token process=2 run=5 value=11.3920 outlier=false
arm=gemma4_e2b.s6_granitehost metric=ms_per_token process=2 run=6 value=12.7900 outlier=true
arm=gemma4_e2b.s6_granitehost metric=ms_per_token process=2 run=7 value=11.4630 outlier=false
summary arm=gemma4_e2b.s6_granitehost metric=ms_per_token n_all=21 median_all=11.4230 cov_all_pct=3.08 min_all=11.1590 max_all=12.7900 | n_kept=17 median_kept=11.4110 mad_kept=0.0250 cov_kept_pct=0.27 min_kept=11.3490 max_kept=11.4630
arm=gemma4_e2b.s6_granitehost metric=prefill_ms process=0 run=1 value=592.0040 outlier=false
arm=gemma4_e2b.s6_granitehost metric=prefill_ms process=0 run=2 value=591.9610 outlier=false
arm=gemma4_e2b.s6_granitehost metric=prefill_ms process=0 run=3 value=591.9750 outlier=false
arm=gemma4_e2b.s6_granitehost metric=prefill_ms process=0 run=4 value=600.0000 outlier=true
arm=gemma4_e2b.s6_granitehost metric=prefill_ms process=0 run=5 value=591.9980 outlier=false
arm=gemma4_e2b.s6_granitehost metric=prefill_ms process=0 run=6 value=591.9840 outlier=false
arm=gemma4_e2b.s6_granitehost metric=prefill_ms process=0 run=7 value=591.9870 outlier=false
arm=gemma4_e2b.s6_granitehost metric=prefill_ms process=1 run=1 value=591.9440 outlier=false
arm=gemma4_e2b.s6_granitehost metric=prefill_ms process=1 run=2 value=592.0010 outlier=false
arm=gemma4_e2b.s6_granitehost metric=prefill_ms process=1 run=3 value=592.0630 outlier=false
arm=gemma4_e2b.s6_granitehost metric=prefill_ms process=1 run=4 value=591.9370 outlier=false
arm=gemma4_e2b.s6_granitehost metric=prefill_ms process=1 run=5 value=592.0090 outlier=false
arm=gemma4_e2b.s6_granitehost metric=prefill_ms process=1 run=6 value=592.0560 outlier=false
arm=gemma4_e2b.s6_granitehost metric=prefill_ms process=1 run=7 value=590.9810 outlier=true
arm=gemma4_e2b.s6_granitehost metric=prefill_ms process=2 run=1 value=592.0170 outlier=false
arm=gemma4_e2b.s6_granitehost metric=prefill_ms process=2 run=2 value=593.0030 outlier=true
arm=gemma4_e2b.s6_granitehost metric=prefill_ms process=2 run=3 value=592.9740 outlier=true
arm=gemma4_e2b.s6_granitehost metric=prefill_ms process=2 run=4 value=591.9750 outlier=false
arm=gemma4_e2b.s6_granitehost metric=prefill_ms process=2 run=5 value=592.0480 outlier=false
arm=gemma4_e2b.s6_granitehost metric=prefill_ms process=2 run=6 value=592.0460 outlier=false
arm=gemma4_e2b.s6_granitehost metric=prefill_ms process=2 run=7 value=606.0470 outlier=true
summary arm=gemma4_e2b.s6_granitehost metric=prefill_ms n_all=21 median_all=592.0040 cov_all_pct=0.57 min_all=590.9810 max_all=606.0470 | n_kept=16 median_kept=591.9995 mad_kept=0.0245 cov_kept_pct=0.01 min_kept=591.9370 max_kept=592.0630
arm=gemma4_e2b.s6_granitehost metric=ttft_ms process=0 run=1 value=592.0000 outlier=false
arm=gemma4_e2b.s6_granitehost metric=ttft_ms process=0 run=2 value=592.0000 outlier=false
arm=gemma4_e2b.s6_granitehost metric=ttft_ms process=0 run=3 value=592.0000 outlier=false
arm=gemma4_e2b.s6_granitehost metric=ttft_ms process=0 run=4 value=600.0000 outlier=false
arm=gemma4_e2b.s6_granitehost metric=ttft_ms process=0 run=5 value=592.0000 outlier=false
arm=gemma4_e2b.s6_granitehost metric=ttft_ms process=0 run=6 value=592.0000 outlier=false
arm=gemma4_e2b.s6_granitehost metric=ttft_ms process=0 run=7 value=592.0000 outlier=false
arm=gemma4_e2b.s6_granitehost metric=ttft_ms process=1 run=1 value=592.0000 outlier=false
arm=gemma4_e2b.s6_granitehost metric=ttft_ms process=1 run=2 value=592.0000 outlier=false
arm=gemma4_e2b.s6_granitehost metric=ttft_ms process=1 run=3 value=592.0000 outlier=false
arm=gemma4_e2b.s6_granitehost metric=ttft_ms process=1 run=4 value=592.0000 outlier=false
arm=gemma4_e2b.s6_granitehost metric=ttft_ms process=1 run=5 value=592.0000 outlier=false
arm=gemma4_e2b.s6_granitehost metric=ttft_ms process=1 run=6 value=592.0000 outlier=false
arm=gemma4_e2b.s6_granitehost metric=ttft_ms process=1 run=7 value=591.0000 outlier=false
arm=gemma4_e2b.s6_granitehost metric=ttft_ms process=2 run=1 value=592.0000 outlier=false
arm=gemma4_e2b.s6_granitehost metric=ttft_ms process=2 run=2 value=593.0000 outlier=false
arm=gemma4_e2b.s6_granitehost metric=ttft_ms process=2 run=3 value=593.0000 outlier=false
arm=gemma4_e2b.s6_granitehost metric=ttft_ms process=2 run=4 value=592.0000 outlier=false
arm=gemma4_e2b.s6_granitehost metric=ttft_ms process=2 run=5 value=592.0000 outlier=false
arm=gemma4_e2b.s6_granitehost metric=ttft_ms process=2 run=6 value=592.0000 outlier=false
arm=gemma4_e2b.s6_granitehost metric=ttft_ms process=2 run=7 value=606.0000 outlier=false
summary arm=gemma4_e2b.s6_granitehost metric=ttft_ms n_all=21 median_all=592.0000 cov_all_pct=0.57 min_all=591.0000 max_all=606.0000 | n_kept=21 median_kept=592.0000 mad_kept=0.0000 cov_kept_pct=0.57 min_kept=591.0000 max_kept=606.0000
memory arm=gemma4_e2b.s6_granitehost metric=peak_rss_bytes process=0 value=3758882816
memory arm=gemma4_e2b.s6_granitehost metric=peak_rss_bytes process=1 value=3760586752
memory arm=gemma4_e2b.s6_granitehost metric=peak_rss_bytes process=2 value=3756326912
summary arm=gemma4_e2b.s6_granitehost metric=peak_rss_bytes n=3 median=3758882816 max=3760586752
memory arm=gemma4_e2b.s6_granitehost metric=peak_footprint_bytes process=0 value=420358720
memory arm=gemma4_e2b.s6_granitehost metric=peak_footprint_bytes process=1 value=422242816
memory arm=gemma4_e2b.s6_granitehost metric=peak_footprint_bytes process=2 value=421505408
summary arm=gemma4_e2b.s6_granitehost metric=peak_footprint_bytes n=3 median=421505408 max=422242816
memory arm=gemma4_e2b.s6_granitehost metric=peak_gpu_bytes process=0 value=3621748736
memory arm=gemma4_e2b.s6_granitehost metric=peak_gpu_bytes process=1 value=3621748736
memory arm=gemma4_e2b.s6_granitehost metric=peak_gpu_bytes process=2 value=3621748736
summary arm=gemma4_e2b.s6_granitehost metric=peak_gpu_bytes n=3 median=3621748736 max=3621748736
extra arm=gemma4_e2b.s6_granitehost process=0 peers_present_at_exit=[]
extra arm=gemma4_e2b.s6_granitehost process=1 peers_present_at_exit=[]
extra arm=gemma4_e2b.s6_granitehost process=2 peers_present_at_exit=[]
arm=gemma4_e2b.tip metric=ms_per_token process=0 run=1 value=11.4200 outlier=false
arm=gemma4_e2b.tip metric=ms_per_token process=0 run=2 value=11.4130 outlier=false
arm=gemma4_e2b.tip metric=ms_per_token process=0 run=3 value=11.6350 outlier=true
arm=gemma4_e2b.tip metric=ms_per_token process=0 run=4 value=11.4170 outlier=false
arm=gemma4_e2b.tip metric=ms_per_token process=0 run=5 value=11.4010 outlier=false
arm=gemma4_e2b.tip metric=ms_per_token process=0 run=6 value=11.3840 outlier=false
arm=gemma4_e2b.tip metric=ms_per_token process=0 run=7 value=11.3890 outlier=false
arm=gemma4_e2b.tip metric=ms_per_token process=1 run=1 value=11.4930 outlier=false
arm=gemma4_e2b.tip metric=ms_per_token process=1 run=2 value=11.4880 outlier=false
arm=gemma4_e2b.tip metric=ms_per_token process=1 run=3 value=11.4690 outlier=false
arm=gemma4_e2b.tip metric=ms_per_token process=1 run=4 value=11.5150 outlier=false
arm=gemma4_e2b.tip metric=ms_per_token process=1 run=5 value=11.4680 outlier=false
arm=gemma4_e2b.tip metric=ms_per_token process=1 run=6 value=11.6250 outlier=true
arm=gemma4_e2b.tip metric=ms_per_token process=1 run=7 value=11.4310 outlier=false
arm=gemma4_e2b.tip metric=ms_per_token process=2 run=1 value=11.4150 outlier=false
arm=gemma4_e2b.tip metric=ms_per_token process=2 run=2 value=11.4370 outlier=false
arm=gemma4_e2b.tip metric=ms_per_token process=2 run=3 value=11.4330 outlier=false
arm=gemma4_e2b.tip metric=ms_per_token process=2 run=4 value=11.3800 outlier=false
arm=gemma4_e2b.tip metric=ms_per_token process=2 run=5 value=11.7150 outlier=true
arm=gemma4_e2b.tip metric=ms_per_token process=2 run=6 value=11.4480 outlier=false
arm=gemma4_e2b.tip metric=ms_per_token process=2 run=7 value=11.4480 outlier=false
summary arm=gemma4_e2b.tip metric=ms_per_token n_all=21 median_all=11.4370 cov_all_pct=0.75 min_all=11.3800 max_all=11.7150 | n_kept=18 median_kept=11.4320 mad_kept=0.0250 cov_kept_pct=0.33 min_kept=11.3800 max_kept=11.5150
arm=gemma4_e2b.tip metric=prefill_ms process=0 run=1 value=592.0390 outlier=false
arm=gemma4_e2b.tip metric=prefill_ms process=0 run=2 value=591.9650 outlier=false
arm=gemma4_e2b.tip metric=prefill_ms process=0 run=3 value=593.0230 outlier=true
arm=gemma4_e2b.tip metric=prefill_ms process=0 run=4 value=603.0350 outlier=true
arm=gemma4_e2b.tip metric=prefill_ms process=0 run=5 value=592.0170 outlier=false
arm=gemma4_e2b.tip metric=prefill_ms process=0 run=6 value=591.9740 outlier=false
arm=gemma4_e2b.tip metric=prefill_ms process=0 run=7 value=592.0410 outlier=false
arm=gemma4_e2b.tip metric=prefill_ms process=1 run=1 value=591.9940 outlier=false
arm=gemma4_e2b.tip metric=prefill_ms process=1 run=2 value=591.9510 outlier=false
arm=gemma4_e2b.tip metric=prefill_ms process=1 run=3 value=593.0200 outlier=true
arm=gemma4_e2b.tip metric=prefill_ms process=1 run=4 value=591.9870 outlier=false
arm=gemma4_e2b.tip metric=prefill_ms process=1 run=5 value=593.0420 outlier=true
arm=gemma4_e2b.tip metric=prefill_ms process=1 run=6 value=592.0190 outlier=false
arm=gemma4_e2b.tip metric=prefill_ms process=1 run=7 value=600.0630 outlier=true
arm=gemma4_e2b.tip metric=prefill_ms process=2 run=1 value=592.0600 outlier=false
arm=gemma4_e2b.tip metric=prefill_ms process=2 run=2 value=592.0200 outlier=false
arm=gemma4_e2b.tip metric=prefill_ms process=2 run=3 value=591.9600 outlier=false
arm=gemma4_e2b.tip metric=prefill_ms process=2 run=4 value=592.0240 outlier=false
arm=gemma4_e2b.tip metric=prefill_ms process=2 run=5 value=592.0360 outlier=false
arm=gemma4_e2b.tip metric=prefill_ms process=2 run=6 value=600.0480 outlier=true
arm=gemma4_e2b.tip metric=prefill_ms process=2 run=7 value=591.9950 outlier=false
summary arm=gemma4_e2b.tip metric=prefill_ms n_all=21 median_all=592.0240 cov_all_pct=0.53 min_all=591.9510 max_all=603.0350 | n_kept=15 median_kept=592.0170 mad_kept=0.0230 cov_kept_pct=0.01 min_kept=591.9510 max_kept=592.0600
arm=gemma4_e2b.tip metric=ttft_ms process=0 run=1 value=592.0000 outlier=false
arm=gemma4_e2b.tip metric=ttft_ms process=0 run=2 value=592.0000 outlier=false
arm=gemma4_e2b.tip metric=ttft_ms process=0 run=3 value=593.0000 outlier=false
arm=gemma4_e2b.tip metric=ttft_ms process=0 run=4 value=603.0000 outlier=false
arm=gemma4_e2b.tip metric=ttft_ms process=0 run=5 value=592.0000 outlier=false
arm=gemma4_e2b.tip metric=ttft_ms process=0 run=6 value=592.0000 outlier=false
arm=gemma4_e2b.tip metric=ttft_ms process=0 run=7 value=592.0000 outlier=false
arm=gemma4_e2b.tip metric=ttft_ms process=1 run=1 value=592.0000 outlier=false
arm=gemma4_e2b.tip metric=ttft_ms process=1 run=2 value=592.0000 outlier=false
arm=gemma4_e2b.tip metric=ttft_ms process=1 run=3 value=593.0000 outlier=false
arm=gemma4_e2b.tip metric=ttft_ms process=1 run=4 value=592.0000 outlier=false
arm=gemma4_e2b.tip metric=ttft_ms process=1 run=5 value=593.0000 outlier=false
arm=gemma4_e2b.tip metric=ttft_ms process=1 run=6 value=592.0000 outlier=false
arm=gemma4_e2b.tip metric=ttft_ms process=1 run=7 value=600.0000 outlier=false
arm=gemma4_e2b.tip metric=ttft_ms process=2 run=1 value=592.0000 outlier=false
arm=gemma4_e2b.tip metric=ttft_ms process=2 run=2 value=592.0000 outlier=false
arm=gemma4_e2b.tip metric=ttft_ms process=2 run=3 value=592.0000 outlier=false
arm=gemma4_e2b.tip metric=ttft_ms process=2 run=4 value=592.0000 outlier=false
arm=gemma4_e2b.tip metric=ttft_ms process=2 run=5 value=592.0000 outlier=false
arm=gemma4_e2b.tip metric=ttft_ms process=2 run=6 value=600.0000 outlier=false
arm=gemma4_e2b.tip metric=ttft_ms process=2 run=7 value=592.0000 outlier=false
summary arm=gemma4_e2b.tip metric=ttft_ms n_all=21 median_all=592.0000 cov_all_pct=0.53 min_all=592.0000 max_all=603.0000 | n_kept=21 median_kept=592.0000 mad_kept=0.0000 cov_kept_pct=0.53 min_kept=592.0000 max_kept=603.0000
memory arm=gemma4_e2b.tip metric=peak_rss_bytes process=0 value=3792945152
memory arm=gemma4_e2b.tip metric=peak_rss_bytes process=1 value=3793747968
memory arm=gemma4_e2b.tip metric=peak_rss_bytes process=2 value=3762552832
summary arm=gemma4_e2b.tip metric=peak_rss_bytes n=3 median=3792945152 max=3793747968
memory arm=gemma4_e2b.tip metric=peak_footprint_bytes process=0 value=421800640
memory arm=gemma4_e2b.tip metric=peak_footprint_bytes process=1 value=434301504
memory arm=gemma4_e2b.tip metric=peak_footprint_bytes process=2 value=424257856
summary arm=gemma4_e2b.tip metric=peak_footprint_bytes n=3 median=424257856 max=434301504
memory arm=gemma4_e2b.tip metric=peak_gpu_bytes process=0 value=3621748736
memory arm=gemma4_e2b.tip metric=peak_gpu_bytes process=1 value=3621748736
memory arm=gemma4_e2b.tip metric=peak_gpu_bytes process=2 value=3621748736
summary arm=gemma4_e2b.tip metric=peak_gpu_bytes n=3 median=3621748736 max=3621748736
extra arm=gemma4_e2b.tip process=0 peers_present_at_exit=[]
extra arm=gemma4_e2b.tip process=1 peers_present_at_exit=[]
extra arm=gemma4_e2b.tip process=2 peers_present_at_exit=[]
arm=gemma4_e2b.off_combine metric=ms_per_token process=0 run=1 value=11.4610 outlier=false
arm=gemma4_e2b.off_combine metric=ms_per_token process=0 run=2 value=11.4360 outlier=false
arm=gemma4_e2b.off_combine metric=ms_per_token process=0 run=3 value=12.0540 outlier=true
arm=gemma4_e2b.off_combine metric=ms_per_token process=0 run=4 value=11.4230 outlier=false
arm=gemma4_e2b.off_combine metric=ms_per_token process=0 run=5 value=11.3930 outlier=false
arm=gemma4_e2b.off_combine metric=ms_per_token process=0 run=6 value=11.4420 outlier=false
arm=gemma4_e2b.off_combine metric=ms_per_token process=0 run=7 value=11.4400 outlier=false
arm=gemma4_e2b.off_combine metric=ms_per_token process=1 run=1 value=11.3250 outlier=false
arm=gemma4_e2b.off_combine metric=ms_per_token process=1 run=2 value=11.3680 outlier=false
arm=gemma4_e2b.off_combine metric=ms_per_token process=1 run=3 value=11.3810 outlier=false
arm=gemma4_e2b.off_combine metric=ms_per_token process=1 run=4 value=11.3970 outlier=false
arm=gemma4_e2b.off_combine metric=ms_per_token process=1 run=5 value=11.3580 outlier=false
arm=gemma4_e2b.off_combine metric=ms_per_token process=1 run=6 value=11.3430 outlier=false
arm=gemma4_e2b.off_combine metric=ms_per_token process=1 run=7 value=11.4080 outlier=false
arm=gemma4_e2b.off_combine metric=ms_per_token process=2 run=1 value=11.4090 outlier=false
arm=gemma4_e2b.off_combine metric=ms_per_token process=2 run=2 value=11.4150 outlier=false
arm=gemma4_e2b.off_combine metric=ms_per_token process=2 run=3 value=11.4110 outlier=false
arm=gemma4_e2b.off_combine metric=ms_per_token process=2 run=4 value=11.4750 outlier=false
arm=gemma4_e2b.off_combine metric=ms_per_token process=2 run=5 value=11.3830 outlier=false
arm=gemma4_e2b.off_combine metric=ms_per_token process=2 run=6 value=11.4690 outlier=false
arm=gemma4_e2b.off_combine metric=ms_per_token process=2 run=7 value=11.4300 outlier=false
summary arm=gemma4_e2b.off_combine metric=ms_per_token n_all=21 median_all=11.4110 cov_all_pct=1.25 min_all=11.3250 max_all=12.0540 | n_kept=20 median_kept=11.4100 mad_kept=0.0280 cov_kept_pct=0.35 min_kept=11.3250 max_kept=11.4750
arm=gemma4_e2b.off_combine metric=prefill_ms process=0 run=1 value=592.0030 outlier=false
arm=gemma4_e2b.off_combine metric=prefill_ms process=0 run=2 value=591.9430 outlier=false
arm=gemma4_e2b.off_combine metric=prefill_ms process=0 run=3 value=591.9720 outlier=false
arm=gemma4_e2b.off_combine metric=prefill_ms process=0 run=4 value=609.9420 outlier=true
arm=gemma4_e2b.off_combine metric=prefill_ms process=0 run=5 value=591.9530 outlier=false
arm=gemma4_e2b.off_combine metric=prefill_ms process=0 run=6 value=592.0280 outlier=false
arm=gemma4_e2b.off_combine metric=prefill_ms process=0 run=7 value=592.0030 outlier=false
arm=gemma4_e2b.off_combine metric=prefill_ms process=1 run=1 value=591.9410 outlier=false
arm=gemma4_e2b.off_combine metric=prefill_ms process=1 run=2 value=591.9590 outlier=false
arm=gemma4_e2b.off_combine metric=prefill_ms process=1 run=3 value=591.9910 outlier=false
arm=gemma4_e2b.off_combine metric=prefill_ms process=1 run=4 value=591.9420 outlier=false
arm=gemma4_e2b.off_combine metric=prefill_ms process=1 run=5 value=592.0560 outlier=false
arm=gemma4_e2b.off_combine metric=prefill_ms process=1 run=6 value=595.0350 outlier=true
arm=gemma4_e2b.off_combine metric=prefill_ms process=1 run=7 value=591.9910 outlier=false
arm=gemma4_e2b.off_combine metric=prefill_ms process=2 run=1 value=594.9410 outlier=true
arm=gemma4_e2b.off_combine metric=prefill_ms process=2 run=2 value=593.0630 outlier=true
arm=gemma4_e2b.off_combine metric=prefill_ms process=2 run=3 value=592.0210 outlier=false
arm=gemma4_e2b.off_combine metric=prefill_ms process=2 run=4 value=591.9560 outlier=false
arm=gemma4_e2b.off_combine metric=prefill_ms process=2 run=5 value=597.0380 outlier=true
arm=gemma4_e2b.off_combine metric=prefill_ms process=2 run=6 value=591.9560 outlier=false
arm=gemma4_e2b.off_combine metric=prefill_ms process=2 run=7 value=591.9580 outlier=false
summary arm=gemma4_e2b.off_combine metric=prefill_ms n_all=21 median_all=591.9910 cov_all_pct=0.66 min_all=591.9410 max_all=609.9420 | n_kept=16 median_kept=591.9655 mad_kept=0.0240 cov_kept_pct=0.01 min_kept=591.9410 max_kept=592.0560
arm=gemma4_e2b.off_combine metric=ttft_ms process=0 run=1 value=592.0000 outlier=false
arm=gemma4_e2b.off_combine metric=ttft_ms process=0 run=2 value=592.0000 outlier=false
arm=gemma4_e2b.off_combine metric=ttft_ms process=0 run=3 value=592.0000 outlier=false
arm=gemma4_e2b.off_combine metric=ttft_ms process=0 run=4 value=610.0000 outlier=false
arm=gemma4_e2b.off_combine metric=ttft_ms process=0 run=5 value=592.0000 outlier=false
arm=gemma4_e2b.off_combine metric=ttft_ms process=0 run=6 value=592.0000 outlier=false
arm=gemma4_e2b.off_combine metric=ttft_ms process=0 run=7 value=592.0000 outlier=false
arm=gemma4_e2b.off_combine metric=ttft_ms process=1 run=1 value=592.0000 outlier=false
arm=gemma4_e2b.off_combine metric=ttft_ms process=1 run=2 value=592.0000 outlier=false
arm=gemma4_e2b.off_combine metric=ttft_ms process=1 run=3 value=592.0000 outlier=false
arm=gemma4_e2b.off_combine metric=ttft_ms process=1 run=4 value=592.0000 outlier=false
arm=gemma4_e2b.off_combine metric=ttft_ms process=1 run=5 value=592.0000 outlier=false
arm=gemma4_e2b.off_combine metric=ttft_ms process=1 run=6 value=595.0000 outlier=false
arm=gemma4_e2b.off_combine metric=ttft_ms process=1 run=7 value=592.0000 outlier=false
arm=gemma4_e2b.off_combine metric=ttft_ms process=2 run=1 value=595.0000 outlier=false
arm=gemma4_e2b.off_combine metric=ttft_ms process=2 run=2 value=593.0000 outlier=false
arm=gemma4_e2b.off_combine metric=ttft_ms process=2 run=3 value=592.0000 outlier=false
arm=gemma4_e2b.off_combine metric=ttft_ms process=2 run=4 value=592.0000 outlier=false
arm=gemma4_e2b.off_combine metric=ttft_ms process=2 run=5 value=597.0000 outlier=false
arm=gemma4_e2b.off_combine metric=ttft_ms process=2 run=6 value=592.0000 outlier=false
arm=gemma4_e2b.off_combine metric=ttft_ms process=2 run=7 value=592.0000 outlier=false
summary arm=gemma4_e2b.off_combine metric=ttft_ms n_all=21 median_all=592.0000 cov_all_pct=0.66 min_all=592.0000 max_all=610.0000 | n_kept=21 median_kept=592.0000 mad_kept=0.0000 cov_kept_pct=0.66 min_kept=592.0000 max_kept=610.0000
memory arm=gemma4_e2b.off_combine metric=peak_rss_bytes process=0 value=3763978240
memory arm=gemma4_e2b.off_combine metric=peak_rss_bytes process=1 value=3782721536
memory arm=gemma4_e2b.off_combine metric=peak_rss_bytes process=2 value=3757768704
summary arm=gemma4_e2b.off_combine metric=peak_rss_bytes n=3 median=3763978240 max=3782721536
memory arm=gemma4_e2b.off_combine metric=peak_footprint_bytes process=0 value=425028160
memory arm=gemma4_e2b.off_combine metric=peak_footprint_bytes process=1 value=417393088
memory arm=gemma4_e2b.off_combine metric=peak_footprint_bytes process=2 value=426043968
summary arm=gemma4_e2b.off_combine metric=peak_footprint_bytes n=3 median=425028160 max=426043968
memory arm=gemma4_e2b.off_combine metric=peak_gpu_bytes process=0 value=3619749888
memory arm=gemma4_e2b.off_combine metric=peak_gpu_bytes process=1 value=3620749312
memory arm=gemma4_e2b.off_combine metric=peak_gpu_bytes process=2 value=3620749312
summary arm=gemma4_e2b.off_combine metric=peak_gpu_bytes n=3 median=3620749312 max=3620749312
extra arm=gemma4_e2b.off_combine process=0 peers_present_at_exit=[]
extra arm=gemma4_e2b.off_combine process=1 peers_present_at_exit=[]
extra arm=gemma4_e2b.off_combine process=2 peers_present_at_exit=[]
arm=gemma4_e2b.off_rope metric=ms_per_token process=0 run=1 value=11.4610 outlier=false
arm=gemma4_e2b.off_rope metric=ms_per_token process=0 run=2 value=11.3910 outlier=false
arm=gemma4_e2b.off_rope metric=ms_per_token process=0 run=3 value=11.4750 outlier=false
arm=gemma4_e2b.off_rope metric=ms_per_token process=0 run=4 value=11.4530 outlier=false
arm=gemma4_e2b.off_rope metric=ms_per_token process=0 run=5 value=11.4820 outlier=false
arm=gemma4_e2b.off_rope metric=ms_per_token process=0 run=6 value=11.4660 outlier=false
arm=gemma4_e2b.off_rope metric=ms_per_token process=0 run=7 value=11.4540 outlier=false
arm=gemma4_e2b.off_rope metric=ms_per_token process=1 run=1 value=11.4080 outlier=false
arm=gemma4_e2b.off_rope metric=ms_per_token process=1 run=2 value=11.3210 outlier=false
arm=gemma4_e2b.off_rope metric=ms_per_token process=1 run=3 value=11.3940 outlier=false
arm=gemma4_e2b.off_rope metric=ms_per_token process=1 run=4 value=11.9680 outlier=true
arm=gemma4_e2b.off_rope metric=ms_per_token process=1 run=5 value=11.4380 outlier=false
arm=gemma4_e2b.off_rope metric=ms_per_token process=1 run=6 value=11.4160 outlier=false
arm=gemma4_e2b.off_rope metric=ms_per_token process=1 run=7 value=11.3640 outlier=false
arm=gemma4_e2b.off_rope metric=ms_per_token process=2 run=1 value=11.3820 outlier=false
arm=gemma4_e2b.off_rope metric=ms_per_token process=2 run=2 value=11.4590 outlier=false
arm=gemma4_e2b.off_rope metric=ms_per_token process=2 run=3 value=11.4380 outlier=false
arm=gemma4_e2b.off_rope metric=ms_per_token process=2 run=4 value=11.8790 outlier=true
arm=gemma4_e2b.off_rope metric=ms_per_token process=2 run=5 value=11.4570 outlier=false
arm=gemma4_e2b.off_rope metric=ms_per_token process=2 run=6 value=11.3830 outlier=false
arm=gemma4_e2b.off_rope metric=ms_per_token process=2 run=7 value=11.4260 outlier=false
summary arm=gemma4_e2b.off_rope metric=ms_per_token n_all=21 median_all=11.4380 cov_all_pct=1.33 min_all=11.3210 max_all=11.9680 | n_kept=19 median_kept=11.4380 mad_kept=0.0280 cov_kept_pct=0.37 min_kept=11.3210 max_kept=11.4820
arm=gemma4_e2b.off_rope metric=prefill_ms process=0 run=1 value=592.9830 outlier=false
arm=gemma4_e2b.off_rope metric=prefill_ms process=0 run=2 value=592.9460 outlier=false
arm=gemma4_e2b.off_rope metric=prefill_ms process=0 run=3 value=596.9640 outlier=true
arm=gemma4_e2b.off_rope metric=prefill_ms process=0 run=4 value=592.9480 outlier=false
arm=gemma4_e2b.off_rope metric=prefill_ms process=0 run=5 value=593.0380 outlier=false
arm=gemma4_e2b.off_rope metric=prefill_ms process=0 run=6 value=593.0300 outlier=false
arm=gemma4_e2b.off_rope metric=prefill_ms process=0 run=7 value=592.9940 outlier=false
arm=gemma4_e2b.off_rope metric=prefill_ms process=1 run=1 value=593.0460 outlier=false
arm=gemma4_e2b.off_rope metric=prefill_ms process=1 run=2 value=592.0610 outlier=true
arm=gemma4_e2b.off_rope metric=prefill_ms process=1 run=3 value=592.9730 outlier=false
arm=gemma4_e2b.off_rope metric=prefill_ms process=1 run=4 value=592.9520 outlier=false
arm=gemma4_e2b.off_rope metric=prefill_ms process=1 run=5 value=614.0310 outlier=true
arm=gemma4_e2b.off_rope metric=prefill_ms process=1 run=6 value=593.0070 outlier=false
arm=gemma4_e2b.off_rope metric=prefill_ms process=1 run=7 value=593.0270 outlier=false
arm=gemma4_e2b.off_rope metric=prefill_ms process=2 run=1 value=593.0460 outlier=false
arm=gemma4_e2b.off_rope metric=prefill_ms process=2 run=2 value=593.0390 outlier=false
arm=gemma4_e2b.off_rope metric=prefill_ms process=2 run=3 value=593.0590 outlier=false
arm=gemma4_e2b.off_rope metric=prefill_ms process=2 run=4 value=592.9930 outlier=false
arm=gemma4_e2b.off_rope metric=prefill_ms process=2 run=5 value=608.9460 outlier=true
arm=gemma4_e2b.off_rope metric=prefill_ms process=2 run=6 value=592.9540 outlier=false
arm=gemma4_e2b.off_rope metric=prefill_ms process=2 run=7 value=592.0060 outlier=true
summary arm=gemma4_e2b.off_rope metric=prefill_ms n_all=21 median_all=593.0070 cov_all_pct=0.93 min_all=592.0060 max_all=614.0310 | n_kept=16 median_kept=593.0005 mad_kept=0.0380 cov_kept_pct=0.01 min_kept=592.9460 max_kept=593.0590
arm=gemma4_e2b.off_rope metric=ttft_ms process=0 run=1 value=593.0000 outlier=false
arm=gemma4_e2b.off_rope metric=ttft_ms process=0 run=2 value=593.0000 outlier=false
arm=gemma4_e2b.off_rope metric=ttft_ms process=0 run=3 value=597.0000 outlier=false
arm=gemma4_e2b.off_rope metric=ttft_ms process=0 run=4 value=593.0000 outlier=false
arm=gemma4_e2b.off_rope metric=ttft_ms process=0 run=5 value=593.0000 outlier=false
arm=gemma4_e2b.off_rope metric=ttft_ms process=0 run=6 value=593.0000 outlier=false
arm=gemma4_e2b.off_rope metric=ttft_ms process=0 run=7 value=593.0000 outlier=false
arm=gemma4_e2b.off_rope metric=ttft_ms process=1 run=1 value=593.0000 outlier=false
arm=gemma4_e2b.off_rope metric=ttft_ms process=1 run=2 value=592.0000 outlier=false
arm=gemma4_e2b.off_rope metric=ttft_ms process=1 run=3 value=593.0000 outlier=false
arm=gemma4_e2b.off_rope metric=ttft_ms process=1 run=4 value=593.0000 outlier=false
arm=gemma4_e2b.off_rope metric=ttft_ms process=1 run=5 value=614.0000 outlier=false
arm=gemma4_e2b.off_rope metric=ttft_ms process=1 run=6 value=593.0000 outlier=false
arm=gemma4_e2b.off_rope metric=ttft_ms process=1 run=7 value=593.0000 outlier=false
arm=gemma4_e2b.off_rope metric=ttft_ms process=2 run=1 value=593.0000 outlier=false
arm=gemma4_e2b.off_rope metric=ttft_ms process=2 run=2 value=593.0000 outlier=false
arm=gemma4_e2b.off_rope metric=ttft_ms process=2 run=3 value=593.0000 outlier=false
arm=gemma4_e2b.off_rope metric=ttft_ms process=2 run=4 value=593.0000 outlier=false
arm=gemma4_e2b.off_rope metric=ttft_ms process=2 run=5 value=609.0000 outlier=false
arm=gemma4_e2b.off_rope metric=ttft_ms process=2 run=6 value=593.0000 outlier=false
arm=gemma4_e2b.off_rope metric=ttft_ms process=2 run=7 value=592.0000 outlier=false
summary arm=gemma4_e2b.off_rope metric=ttft_ms n_all=21 median_all=593.0000 cov_all_pct=0.93 min_all=592.0000 max_all=614.0000 | n_kept=21 median_kept=593.0000 mad_kept=0.0000 cov_kept_pct=0.93 min_kept=592.0000 max_kept=614.0000
memory arm=gemma4_e2b.off_rope metric=peak_rss_bytes process=0 value=3782770688
memory arm=gemma4_e2b.off_rope metric=peak_rss_bytes process=1 value=3793960960
memory arm=gemma4_e2b.off_rope metric=peak_rss_bytes process=2 value=3791241216
summary arm=gemma4_e2b.off_rope metric=peak_rss_bytes n=3 median=3791241216 max=3793960960
memory arm=gemma4_e2b.off_rope metric=peak_footprint_bytes process=0 value=431008320
memory arm=gemma4_e2b.off_rope metric=peak_footprint_bytes process=1 value=431811136
memory arm=gemma4_e2b.off_rope metric=peak_footprint_bytes process=2 value=421669184
summary arm=gemma4_e2b.off_rope metric=peak_footprint_bytes n=3 median=431008320 max=431811136
memory arm=gemma4_e2b.off_rope metric=peak_gpu_bytes process=0 value=3620749312
memory arm=gemma4_e2b.off_rope metric=peak_gpu_bytes process=1 value=3621748736
memory arm=gemma4_e2b.off_rope metric=peak_gpu_bytes process=2 value=3621748736
summary arm=gemma4_e2b.off_rope metric=peak_gpu_bytes n=3 median=3621748736 max=3621748736
extra arm=gemma4_e2b.off_rope process=0 peers_present_at_exit=[]
extra arm=gemma4_e2b.off_rope process=1 peers_present_at_exit=[]
extra arm=gemma4_e2b.off_rope process=2 peers_present_at_exit=[]
arm=gemma4_e2b.off_bcastwidth metric=ms_per_token process=0 run=1 value=11.2530 outlier=false
arm=gemma4_e2b.off_bcastwidth metric=ms_per_token process=0 run=2 value=13.4340 outlier=true
arm=gemma4_e2b.off_bcastwidth metric=ms_per_token process=0 run=3 value=11.2430 outlier=false
arm=gemma4_e2b.off_bcastwidth metric=ms_per_token process=0 run=4 value=11.2420 outlier=false
arm=gemma4_e2b.off_bcastwidth metric=ms_per_token process=0 run=5 value=11.2650 outlier=false
arm=gemma4_e2b.off_bcastwidth metric=ms_per_token process=0 run=6 value=11.3020 outlier=false
arm=gemma4_e2b.off_bcastwidth metric=ms_per_token process=0 run=7 value=11.2800 outlier=false
arm=gemma4_e2b.off_bcastwidth metric=ms_per_token process=1 run=1 value=11.2620 outlier=false
arm=gemma4_e2b.off_bcastwidth metric=ms_per_token process=1 run=2 value=11.2500 outlier=false
arm=gemma4_e2b.off_bcastwidth metric=ms_per_token process=1 run=3 value=11.3920 outlier=true
arm=gemma4_e2b.off_bcastwidth metric=ms_per_token process=1 run=4 value=13.9070 outlier=true
arm=gemma4_e2b.off_bcastwidth metric=ms_per_token process=1 run=5 value=11.2320 outlier=false
arm=gemma4_e2b.off_bcastwidth metric=ms_per_token process=1 run=6 value=11.2850 outlier=false
arm=gemma4_e2b.off_bcastwidth metric=ms_per_token process=1 run=7 value=11.2660 outlier=false
arm=gemma4_e2b.off_bcastwidth metric=ms_per_token process=2 run=1 value=11.2420 outlier=false
arm=gemma4_e2b.off_bcastwidth metric=ms_per_token process=2 run=2 value=11.1720 outlier=false
arm=gemma4_e2b.off_bcastwidth metric=ms_per_token process=2 run=3 value=12.3720 outlier=true
arm=gemma4_e2b.off_bcastwidth metric=ms_per_token process=2 run=4 value=11.2550 outlier=false
arm=gemma4_e2b.off_bcastwidth metric=ms_per_token process=2 run=5 value=11.2490 outlier=false
arm=gemma4_e2b.off_bcastwidth metric=ms_per_token process=2 run=6 value=11.2090 outlier=false
arm=gemma4_e2b.off_bcastwidth metric=ms_per_token process=2 run=7 value=11.1900 outlier=false
summary arm=gemma4_e2b.off_bcastwidth metric=ms_per_token n_all=21 median_all=11.2550 cov_all_pct=6.38 min_all=11.1720 max_all=13.9070 | n_kept=17 median_kept=11.2500 mad_kept=0.0150 cov_kept_pct=0.28 min_kept=11.1720 max_kept=11.3020
arm=gemma4_e2b.off_bcastwidth metric=prefill_ms process=0 run=1 value=585.9660 outlier=false
arm=gemma4_e2b.off_bcastwidth metric=prefill_ms process=0 run=2 value=587.0470 outlier=true
arm=gemma4_e2b.off_bcastwidth metric=prefill_ms process=0 run=3 value=606.0620 outlier=true
arm=gemma4_e2b.off_bcastwidth metric=prefill_ms process=0 run=4 value=585.9660 outlier=false
arm=gemma4_e2b.off_bcastwidth metric=prefill_ms process=0 run=5 value=586.0300 outlier=false
arm=gemma4_e2b.off_bcastwidth metric=prefill_ms process=0 run=6 value=585.9380 outlier=false
arm=gemma4_e2b.off_bcastwidth metric=prefill_ms process=0 run=7 value=585.9870 outlier=false
arm=gemma4_e2b.off_bcastwidth metric=prefill_ms process=1 run=1 value=586.0420 outlier=false
arm=gemma4_e2b.off_bcastwidth metric=prefill_ms process=1 run=2 value=586.0010 outlier=false
arm=gemma4_e2b.off_bcastwidth metric=prefill_ms process=1 run=3 value=585.9490 outlier=false
arm=gemma4_e2b.off_bcastwidth metric=prefill_ms process=1 run=4 value=599.9510 outlier=true
arm=gemma4_e2b.off_bcastwidth metric=prefill_ms process=1 run=5 value=606.9930 outlier=true
arm=gemma4_e2b.off_bcastwidth metric=prefill_ms process=1 run=6 value=586.0160 outlier=false
arm=gemma4_e2b.off_bcastwidth metric=prefill_ms process=1 run=7 value=585.9440 outlier=false
arm=gemma4_e2b.off_bcastwidth metric=prefill_ms process=2 run=1 value=586.0490 outlier=false
arm=gemma4_e2b.off_bcastwidth metric=prefill_ms process=2 run=2 value=586.0500 outlier=false
arm=gemma4_e2b.off_bcastwidth metric=prefill_ms process=2 run=3 value=586.0460 outlier=false
arm=gemma4_e2b.off_bcastwidth metric=prefill_ms process=2 run=4 value=609.0020 outlier=true
arm=gemma4_e2b.off_bcastwidth metric=prefill_ms process=2 run=5 value=586.0110 outlier=false
arm=gemma4_e2b.off_bcastwidth metric=prefill_ms process=2 run=6 value=585.9720 outlier=false
arm=gemma4_e2b.off_bcastwidth metric=prefill_ms process=2 run=7 value=586.9960 outlier=true
summary arm=gemma4_e2b.off_bcastwidth metric=prefill_ms n_all=21 median_all=586.0300 cov_all_pct=1.32 min_all=585.9380 max_all=609.0020 | n_kept=15 median_kept=586.0010 mad_kept=0.0350 cov_kept_pct=0.01 min_kept=585.9380 max_kept=586.0500
arm=gemma4_e2b.off_bcastwidth metric=ttft_ms process=0 run=1 value=586.0000 outlier=false
arm=gemma4_e2b.off_bcastwidth metric=ttft_ms process=0 run=2 value=587.0000 outlier=false
arm=gemma4_e2b.off_bcastwidth metric=ttft_ms process=0 run=3 value=606.0000 outlier=false
arm=gemma4_e2b.off_bcastwidth metric=ttft_ms process=0 run=4 value=586.0000 outlier=false
arm=gemma4_e2b.off_bcastwidth metric=ttft_ms process=0 run=5 value=586.0000 outlier=false
arm=gemma4_e2b.off_bcastwidth metric=ttft_ms process=0 run=6 value=586.0000 outlier=false
arm=gemma4_e2b.off_bcastwidth metric=ttft_ms process=0 run=7 value=586.0000 outlier=false
arm=gemma4_e2b.off_bcastwidth metric=ttft_ms process=1 run=1 value=586.0000 outlier=false
arm=gemma4_e2b.off_bcastwidth metric=ttft_ms process=1 run=2 value=586.0000 outlier=false
arm=gemma4_e2b.off_bcastwidth metric=ttft_ms process=1 run=3 value=586.0000 outlier=false
arm=gemma4_e2b.off_bcastwidth metric=ttft_ms process=1 run=4 value=600.0000 outlier=false
arm=gemma4_e2b.off_bcastwidth metric=ttft_ms process=1 run=5 value=607.0000 outlier=false
arm=gemma4_e2b.off_bcastwidth metric=ttft_ms process=1 run=6 value=586.0000 outlier=false
arm=gemma4_e2b.off_bcastwidth metric=ttft_ms process=1 run=7 value=586.0000 outlier=false
arm=gemma4_e2b.off_bcastwidth metric=ttft_ms process=2 run=1 value=586.0000 outlier=false
arm=gemma4_e2b.off_bcastwidth metric=ttft_ms process=2 run=2 value=586.0000 outlier=false
arm=gemma4_e2b.off_bcastwidth metric=ttft_ms process=2 run=3 value=586.0000 outlier=false
arm=gemma4_e2b.off_bcastwidth metric=ttft_ms process=2 run=4 value=609.0000 outlier=false
arm=gemma4_e2b.off_bcastwidth metric=ttft_ms process=2 run=5 value=586.0000 outlier=false
arm=gemma4_e2b.off_bcastwidth metric=ttft_ms process=2 run=6 value=586.0000 outlier=false
arm=gemma4_e2b.off_bcastwidth metric=ttft_ms process=2 run=7 value=587.0000 outlier=false
summary arm=gemma4_e2b.off_bcastwidth metric=ttft_ms n_all=21 median_all=586.0000 cov_all_pct=1.31 min_all=586.0000 max_all=609.0000 | n_kept=21 median_kept=586.0000 mad_kept=0.0000 cov_kept_pct=1.31 min_kept=586.0000 max_kept=609.0000
memory arm=gemma4_e2b.off_bcastwidth metric=peak_rss_bytes process=0 value=3757768704
memory arm=gemma4_e2b.off_bcastwidth metric=peak_rss_bytes process=1 value=3773530112
memory arm=gemma4_e2b.off_bcastwidth metric=peak_rss_bytes process=2 value=3765043200
summary arm=gemma4_e2b.off_bcastwidth metric=peak_rss_bytes n=3 median=3765043200 max=3773530112
memory arm=gemma4_e2b.off_bcastwidth metric=peak_footprint_bytes process=0 value=419424960
memory arm=gemma4_e2b.off_bcastwidth metric=peak_footprint_bytes process=1 value=422259072
memory arm=gemma4_e2b.off_bcastwidth metric=peak_footprint_bytes process=2 value=427895168
summary arm=gemma4_e2b.off_bcastwidth metric=peak_footprint_bytes n=3 median=422259072 max=427895168
memory arm=gemma4_e2b.off_bcastwidth metric=peak_gpu_bytes process=0 value=3621748736
memory arm=gemma4_e2b.off_bcastwidth metric=peak_gpu_bytes process=1 value=3622256640
memory arm=gemma4_e2b.off_bcastwidth metric=peak_gpu_bytes process=2 value=3621748736
summary arm=gemma4_e2b.off_bcastwidth metric=peak_gpu_bytes n=3 median=3621748736 max=3622256640
extra arm=gemma4_e2b.off_bcastwidth process=0 peers_present_at_exit=[]
extra arm=gemma4_e2b.off_bcastwidth process=1 peers_present_at_exit=[]
extra arm=gemma4_e2b.off_bcastwidth process=2 peers_present_at_exit=[]
arm=gemma4_e2b.off_simdfold metric=ms_per_token process=0 run=1 value=12.6750 outlier=true
arm=gemma4_e2b.off_simdfold metric=ms_per_token process=0 run=2 value=11.4870 outlier=false
arm=gemma4_e2b.off_simdfold metric=ms_per_token process=0 run=3 value=11.4660 outlier=false
arm=gemma4_e2b.off_simdfold metric=ms_per_token process=0 run=4 value=11.4940 outlier=false
arm=gemma4_e2b.off_simdfold metric=ms_per_token process=0 run=5 value=11.4710 outlier=false
arm=gemma4_e2b.off_simdfold metric=ms_per_token process=0 run=6 value=11.4810 outlier=false
arm=gemma4_e2b.off_simdfold metric=ms_per_token process=0 run=7 value=11.4390 outlier=false
arm=gemma4_e2b.off_simdfold metric=ms_per_token process=1 run=1 value=11.4810 outlier=false
arm=gemma4_e2b.off_simdfold metric=ms_per_token process=1 run=2 value=11.8240 outlier=true
arm=gemma4_e2b.off_simdfold metric=ms_per_token process=1 run=3 value=11.4580 outlier=false
arm=gemma4_e2b.off_simdfold metric=ms_per_token process=1 run=4 value=11.3880 outlier=true
arm=gemma4_e2b.off_simdfold metric=ms_per_token process=1 run=5 value=11.4490 outlier=false
arm=gemma4_e2b.off_simdfold metric=ms_per_token process=1 run=6 value=11.4510 outlier=false
arm=gemma4_e2b.off_simdfold metric=ms_per_token process=1 run=7 value=11.4520 outlier=false
arm=gemma4_e2b.off_simdfold metric=ms_per_token process=2 run=1 value=11.3910 outlier=false
arm=gemma4_e2b.off_simdfold metric=ms_per_token process=2 run=2 value=11.6280 outlier=true
arm=gemma4_e2b.off_simdfold metric=ms_per_token process=2 run=3 value=11.3700 outlier=true
arm=gemma4_e2b.off_simdfold metric=ms_per_token process=2 run=4 value=11.4560 outlier=false
arm=gemma4_e2b.off_simdfold metric=ms_per_token process=2 run=5 value=11.4420 outlier=false
arm=gemma4_e2b.off_simdfold metric=ms_per_token process=2 run=6 value=11.4690 outlier=false
arm=gemma4_e2b.off_simdfold metric=ms_per_token process=2 run=7 value=11.4760 outlier=false
summary arm=gemma4_e2b.off_simdfold metric=ms_per_token n_all=21 median_all=11.4660 cov_all_pct=2.35 min_all=11.3700 max_all=12.6750 | n_kept=16 median_kept=11.4620 mad_kept=0.0135 cov_kept_pct=0.21 min_kept=11.3910 max_kept=11.4940
arm=gemma4_e2b.off_simdfold metric=prefill_ms process=0 run=1 value=592.0250 outlier=false
arm=gemma4_e2b.off_simdfold metric=prefill_ms process=0 run=2 value=620.0210 outlier=true
arm=gemma4_e2b.off_simdfold metric=prefill_ms process=0 run=3 value=591.9770 outlier=false
arm=gemma4_e2b.off_simdfold metric=prefill_ms process=0 run=4 value=591.9620 outlier=false
arm=gemma4_e2b.off_simdfold metric=prefill_ms process=0 run=5 value=592.0030 outlier=false
arm=gemma4_e2b.off_simdfold metric=prefill_ms process=0 run=6 value=593.0620 outlier=true
arm=gemma4_e2b.off_simdfold metric=prefill_ms process=0 run=7 value=591.9720 outlier=false
arm=gemma4_e2b.off_simdfold metric=prefill_ms process=1 run=1 value=593.9680 outlier=true
arm=gemma4_e2b.off_simdfold metric=prefill_ms process=1 run=2 value=591.9430 outlier=false
arm=gemma4_e2b.off_simdfold metric=prefill_ms process=1 run=3 value=601.0530 outlier=true
arm=gemma4_e2b.off_simdfold metric=prefill_ms process=1 run=4 value=591.9830 outlier=false
arm=gemma4_e2b.off_simdfold metric=prefill_ms process=1 run=5 value=592.0610 outlier=false
arm=gemma4_e2b.off_simdfold metric=prefill_ms process=1 run=6 value=591.9390 outlier=false
arm=gemma4_e2b.off_simdfold metric=prefill_ms process=1 run=7 value=591.9690 outlier=false
arm=gemma4_e2b.off_simdfold metric=prefill_ms process=2 run=1 value=592.0370 outlier=false
arm=gemma4_e2b.off_simdfold metric=prefill_ms process=2 run=2 value=592.0370 outlier=false
arm=gemma4_e2b.off_simdfold metric=prefill_ms process=2 run=3 value=596.9640 outlier=true
arm=gemma4_e2b.off_simdfold metric=prefill_ms process=2 run=4 value=592.0460 outlier=false
arm=gemma4_e2b.off_simdfold metric=prefill_ms process=2 run=5 value=591.9390 outlier=false
arm=gemma4_e2b.off_simdfold metric=prefill_ms process=2 run=6 value=593.0270 outlier=true
arm=gemma4_e2b.off_simdfold metric=prefill_ms process=2 run=7 value=591.9840 outlier=false
summary arm=gemma4_e2b.off_simdfold metric=prefill_ms n_all=21 median_all=592.0250 cov_all_pct=1.04 min_all=591.9390 max_all=620.0210 | n_kept=15 median_kept=591.9830 mad_kept=0.0400 cov_kept_pct=0.01 min_kept=591.9390 max_kept=592.0610
arm=gemma4_e2b.off_simdfold metric=ttft_ms process=0 run=1 value=592.0000 outlier=false
arm=gemma4_e2b.off_simdfold metric=ttft_ms process=0 run=2 value=620.0000 outlier=false
arm=gemma4_e2b.off_simdfold metric=ttft_ms process=0 run=3 value=592.0000 outlier=false
arm=gemma4_e2b.off_simdfold metric=ttft_ms process=0 run=4 value=592.0000 outlier=false
arm=gemma4_e2b.off_simdfold metric=ttft_ms process=0 run=5 value=592.0000 outlier=false
arm=gemma4_e2b.off_simdfold metric=ttft_ms process=0 run=6 value=593.0000 outlier=false
arm=gemma4_e2b.off_simdfold metric=ttft_ms process=0 run=7 value=592.0000 outlier=false
arm=gemma4_e2b.off_simdfold metric=ttft_ms process=1 run=1 value=594.0000 outlier=false
arm=gemma4_e2b.off_simdfold metric=ttft_ms process=1 run=2 value=592.0000 outlier=false
arm=gemma4_e2b.off_simdfold metric=ttft_ms process=1 run=3 value=601.0000 outlier=false
arm=gemma4_e2b.off_simdfold metric=ttft_ms process=1 run=4 value=592.0000 outlier=false
arm=gemma4_e2b.off_simdfold metric=ttft_ms process=1 run=5 value=592.0000 outlier=false
arm=gemma4_e2b.off_simdfold metric=ttft_ms process=1 run=6 value=592.0000 outlier=false
arm=gemma4_e2b.off_simdfold metric=ttft_ms process=1 run=7 value=592.0000 outlier=false
arm=gemma4_e2b.off_simdfold metric=ttft_ms process=2 run=1 value=592.0000 outlier=false
arm=gemma4_e2b.off_simdfold metric=ttft_ms process=2 run=2 value=592.0000 outlier=false
arm=gemma4_e2b.off_simdfold metric=ttft_ms process=2 run=3 value=597.0000 outlier=false
arm=gemma4_e2b.off_simdfold metric=ttft_ms process=2 run=4 value=592.0000 outlier=false
arm=gemma4_e2b.off_simdfold metric=ttft_ms process=2 run=5 value=592.0000 outlier=false
arm=gemma4_e2b.off_simdfold metric=ttft_ms process=2 run=6 value=593.0000 outlier=false
arm=gemma4_e2b.off_simdfold metric=ttft_ms process=2 run=7 value=592.0000 outlier=false
summary arm=gemma4_e2b.off_simdfold metric=ttft_ms n_all=21 median_all=592.0000 cov_all_pct=1.04 min_all=592.0000 max_all=620.0000 | n_kept=21 median_kept=592.0000 mad_kept=0.0000 cov_kept_pct=1.04 min_kept=592.0000 max_kept=620.0000
memory arm=gemma4_e2b.off_simdfold metric=peak_rss_bytes process=0 value=3757981696
memory arm=gemma4_e2b.off_simdfold metric=peak_rss_bytes process=1 value=3772989440
memory arm=gemma4_e2b.off_simdfold metric=peak_rss_bytes process=2 value=3760291840
summary arm=gemma4_e2b.off_simdfold metric=peak_rss_bytes n=3 median=3760291840 max=3772989440
memory arm=gemma4_e2b.off_simdfold metric=peak_footprint_bytes process=0 value=427600256
memory arm=gemma4_e2b.off_simdfold metric=peak_footprint_bytes process=1 value=422423168
memory arm=gemma4_e2b.off_simdfold metric=peak_footprint_bytes process=2 value=421849920
summary arm=gemma4_e2b.off_simdfold metric=peak_footprint_bytes n=3 median=422423168 max=427600256
memory arm=gemma4_e2b.off_simdfold metric=peak_gpu_bytes process=0 value=3621748736
memory arm=gemma4_e2b.off_simdfold metric=peak_gpu_bytes process=1 value=3621748736
memory arm=gemma4_e2b.off_simdfold metric=peak_gpu_bytes process=2 value=3621748736
summary arm=gemma4_e2b.off_simdfold metric=peak_gpu_bytes n=3 median=3621748736 max=3621748736
extra arm=gemma4_e2b.off_simdfold process=0 peers_present_at_exit=[]
extra arm=gemma4_e2b.off_simdfold process=1 peers_present_at_exit=[]
extra arm=gemma4_e2b.off_simdfold process=2 peers_present_at_exit=[]
arm=gemma4_e2b.off_q6krows metric=ms_per_token process=0 run=1 value=11.4560 outlier=false
arm=gemma4_e2b.off_q6krows metric=ms_per_token process=0 run=2 value=11.4330 outlier=false
arm=gemma4_e2b.off_q6krows metric=ms_per_token process=0 run=3 value=11.4370 outlier=false
arm=gemma4_e2b.off_q6krows metric=ms_per_token process=0 run=4 value=11.4440 outlier=false
arm=gemma4_e2b.off_q6krows metric=ms_per_token process=0 run=5 value=11.4420 outlier=false
arm=gemma4_e2b.off_q6krows metric=ms_per_token process=0 run=6 value=11.4570 outlier=false
arm=gemma4_e2b.off_q6krows metric=ms_per_token process=0 run=7 value=11.4420 outlier=false
arm=gemma4_e2b.off_q6krows metric=ms_per_token process=1 run=1 value=11.4450 outlier=false
arm=gemma4_e2b.off_q6krows metric=ms_per_token process=1 run=2 value=11.4460 outlier=false
arm=gemma4_e2b.off_q6krows metric=ms_per_token process=1 run=3 value=11.4760 outlier=false
arm=gemma4_e2b.off_q6krows metric=ms_per_token process=1 run=4 value=13.3940 outlier=true
arm=gemma4_e2b.off_q6krows metric=ms_per_token process=1 run=5 value=11.3500 outlier=true
arm=gemma4_e2b.off_q6krows metric=ms_per_token process=1 run=6 value=11.4940 outlier=false
arm=gemma4_e2b.off_q6krows metric=ms_per_token process=1 run=7 value=11.4340 outlier=false
arm=gemma4_e2b.off_q6krows metric=ms_per_token process=2 run=1 value=11.4660 outlier=false
arm=gemma4_e2b.off_q6krows metric=ms_per_token process=2 run=2 value=12.8790 outlier=true
arm=gemma4_e2b.off_q6krows metric=ms_per_token process=2 run=3 value=11.4810 outlier=false
arm=gemma4_e2b.off_q6krows metric=ms_per_token process=2 run=4 value=11.4070 outlier=false
arm=gemma4_e2b.off_q6krows metric=ms_per_token process=2 run=5 value=11.4740 outlier=false
arm=gemma4_e2b.off_q6krows metric=ms_per_token process=2 run=6 value=11.5000 outlier=false
arm=gemma4_e2b.off_q6krows metric=ms_per_token process=2 run=7 value=11.4900 outlier=false
summary arm=gemma4_e2b.off_q6krows metric=ms_per_token n_all=21 median_all=11.4560 cov_all_pct=4.32 min_all=11.3500 max_all=13.3940 | n_kept=18 median_kept=11.4510 mad_kept=0.0160 cov_kept_pct=0.21 min_kept=11.4070 max_kept=11.5000
arm=gemma4_e2b.off_q6krows metric=prefill_ms process=0 run=1 value=592.0420 outlier=false
arm=gemma4_e2b.off_q6krows metric=prefill_ms process=0 run=2 value=592.9990 outlier=true
arm=gemma4_e2b.off_q6krows metric=prefill_ms process=0 run=3 value=592.0030 outlier=false
arm=gemma4_e2b.off_q6krows metric=prefill_ms process=0 run=4 value=591.9380 outlier=false
arm=gemma4_e2b.off_q6krows metric=prefill_ms process=0 run=5 value=592.0370 outlier=false
arm=gemma4_e2b.off_q6krows metric=prefill_ms process=0 run=6 value=591.9670 outlier=false
arm=gemma4_e2b.off_q6krows metric=prefill_ms process=0 run=7 value=591.9470 outlier=false
arm=gemma4_e2b.off_q6krows metric=prefill_ms process=1 run=1 value=592.0420 outlier=false
arm=gemma4_e2b.off_q6krows metric=prefill_ms process=1 run=2 value=591.9990 outlier=false
arm=gemma4_e2b.off_q6krows metric=prefill_ms process=1 run=3 value=592.9380 outlier=true
arm=gemma4_e2b.off_q6krows metric=prefill_ms process=1 run=4 value=592.0050 outlier=false
arm=gemma4_e2b.off_q6krows metric=prefill_ms process=1 run=5 value=603.0100 outlier=true
arm=gemma4_e2b.off_q6krows metric=prefill_ms process=1 run=6 value=593.0630 outlier=true
arm=gemma4_e2b.off_q6krows metric=prefill_ms process=1 run=7 value=592.0270 outlier=false
arm=gemma4_e2b.off_q6krows metric=prefill_ms process=2 run=1 value=591.9820 outlier=false
arm=gemma4_e2b.off_q6krows metric=prefill_ms process=2 run=2 value=592.0160 outlier=false
arm=gemma4_e2b.off_q6krows metric=prefill_ms process=2 run=3 value=619.0030 outlier=true
arm=gemma4_e2b.off_q6krows metric=prefill_ms process=2 run=4 value=592.0580 outlier=false
arm=gemma4_e2b.off_q6krows metric=prefill_ms process=2 run=5 value=592.0110 outlier=false
arm=gemma4_e2b.off_q6krows metric=prefill_ms process=2 run=6 value=592.0580 outlier=false
arm=gemma4_e2b.off_q6krows metric=prefill_ms process=2 run=7 value=592.0300 outlier=false
summary arm=gemma4_e2b.off_q6krows metric=prefill_ms n_all=21 median_all=592.0300 cov_all_pct=1.02 min_all=591.9380 max_all=619.0030 | n_kept=16 median_kept=592.0135 mad_kept=0.0260 cov_kept_pct=0.01 min_kept=591.9380 max_kept=592.0580
arm=gemma4_e2b.off_q6krows metric=ttft_ms process=0 run=1 value=592.0000 outlier=false
arm=gemma4_e2b.off_q6krows metric=ttft_ms process=0 run=2 value=593.0000 outlier=false
arm=gemma4_e2b.off_q6krows metric=ttft_ms process=0 run=3 value=592.0000 outlier=false
arm=gemma4_e2b.off_q6krows metric=ttft_ms process=0 run=4 value=592.0000 outlier=false
arm=gemma4_e2b.off_q6krows metric=ttft_ms process=0 run=5 value=592.0000 outlier=false
arm=gemma4_e2b.off_q6krows metric=ttft_ms process=0 run=6 value=592.0000 outlier=false
arm=gemma4_e2b.off_q6krows metric=ttft_ms process=0 run=7 value=592.0000 outlier=false
arm=gemma4_e2b.off_q6krows metric=ttft_ms process=1 run=1 value=592.0000 outlier=false
arm=gemma4_e2b.off_q6krows metric=ttft_ms process=1 run=2 value=592.0000 outlier=false
arm=gemma4_e2b.off_q6krows metric=ttft_ms process=1 run=3 value=593.0000 outlier=false
arm=gemma4_e2b.off_q6krows metric=ttft_ms process=1 run=4 value=592.0000 outlier=false
arm=gemma4_e2b.off_q6krows metric=ttft_ms process=1 run=5 value=603.0000 outlier=false
arm=gemma4_e2b.off_q6krows metric=ttft_ms process=1 run=6 value=593.0000 outlier=false
arm=gemma4_e2b.off_q6krows metric=ttft_ms process=1 run=7 value=592.0000 outlier=false
arm=gemma4_e2b.off_q6krows metric=ttft_ms process=2 run=1 value=592.0000 outlier=false
arm=gemma4_e2b.off_q6krows metric=ttft_ms process=2 run=2 value=592.0000 outlier=false
arm=gemma4_e2b.off_q6krows metric=ttft_ms process=2 run=3 value=619.0000 outlier=false
arm=gemma4_e2b.off_q6krows metric=ttft_ms process=2 run=4 value=592.0000 outlier=false
arm=gemma4_e2b.off_q6krows metric=ttft_ms process=2 run=5 value=592.0000 outlier=false
arm=gemma4_e2b.off_q6krows metric=ttft_ms process=2 run=6 value=592.0000 outlier=false
arm=gemma4_e2b.off_q6krows metric=ttft_ms process=2 run=7 value=592.0000 outlier=false
summary arm=gemma4_e2b.off_q6krows metric=ttft_ms n_all=21 median_all=592.0000 cov_all_pct=1.02 min_all=592.0000 max_all=619.0000 | n_kept=21 median_kept=592.0000 mad_kept=0.0000 cov_kept_pct=1.02 min_kept=592.0000 max_kept=619.0000
memory arm=gemma4_e2b.off_q6krows metric=peak_rss_bytes process=0 value=3756621824
memory arm=gemma4_e2b.off_q6krows metric=peak_rss_bytes process=1 value=3767959552
memory arm=gemma4_e2b.off_q6krows metric=peak_rss_bytes process=2 value=3751526400
summary arm=gemma4_e2b.off_q6krows metric=peak_rss_bytes n=3 median=3756621824 max=3767959552
memory arm=gemma4_e2b.off_q6krows metric=peak_footprint_bytes process=0 value=424765696
memory arm=gemma4_e2b.off_q6krows metric=peak_footprint_bytes process=1 value=433859008
memory arm=gemma4_e2b.off_q6krows metric=peak_footprint_bytes process=2 value=423537216
summary arm=gemma4_e2b.off_q6krows metric=peak_footprint_bytes n=3 median=424765696 max=433859008
memory arm=gemma4_e2b.off_q6krows metric=peak_gpu_bytes process=0 value=3621748736
memory arm=gemma4_e2b.off_q6krows metric=peak_gpu_bytes process=1 value=3621748736
memory arm=gemma4_e2b.off_q6krows metric=peak_gpu_bytes process=2 value=3621748736
summary arm=gemma4_e2b.off_q6krows metric=peak_gpu_bytes n=3 median=3621748736 max=3621748736
extra arm=gemma4_e2b.off_q6krows process=0 peers_present_at_exit=[]
extra arm=gemma4_e2b.off_q6krows process=1 peers_present_at_exit=[]
extra arm=gemma4_e2b.off_q6krows process=2 peers_present_at_exit=[]
arm=granite_moe.base metric=ms_per_token process=0 run=1 value=6.8760 outlier=false
arm=granite_moe.base metric=ms_per_token process=0 run=2 value=7.0500 outlier=false
arm=granite_moe.base metric=ms_per_token process=0 run=3 value=6.8380 outlier=false
arm=granite_moe.base metric=ms_per_token process=0 run=4 value=6.7640 outlier=false
arm=granite_moe.base metric=ms_per_token process=0 run=5 value=6.8420 outlier=false
arm=granite_moe.base metric=ms_per_token process=0 run=6 value=7.0230 outlier=false
arm=granite_moe.base metric=ms_per_token process=0 run=7 value=7.0350 outlier=false
arm=granite_moe.base metric=ms_per_token process=1 run=1 value=6.8800 outlier=false
arm=granite_moe.base metric=ms_per_token process=1 run=2 value=6.9850 outlier=false
arm=granite_moe.base metric=ms_per_token process=1 run=3 value=6.9310 outlier=false
arm=granite_moe.base metric=ms_per_token process=1 run=4 value=6.9250 outlier=false
arm=granite_moe.base metric=ms_per_token process=1 run=5 value=6.8200 outlier=false
arm=granite_moe.base metric=ms_per_token process=1 run=6 value=6.8970 outlier=false
arm=granite_moe.base metric=ms_per_token process=1 run=7 value=6.9470 outlier=false
arm=granite_moe.base metric=ms_per_token process=2 run=1 value=6.8380 outlier=false
arm=granite_moe.base metric=ms_per_token process=2 run=2 value=7.0540 outlier=false
arm=granite_moe.base metric=ms_per_token process=2 run=3 value=6.8750 outlier=false
arm=granite_moe.base metric=ms_per_token process=2 run=4 value=6.9150 outlier=false
arm=granite_moe.base metric=ms_per_token process=2 run=5 value=6.8590 outlier=false
arm=granite_moe.base metric=ms_per_token process=2 run=6 value=6.9820 outlier=false
arm=granite_moe.base metric=ms_per_token process=2 run=7 value=6.8940 outlier=false
summary arm=granite_moe.base metric=ms_per_token n_all=21 median_all=6.8970 cov_all_pct=1.14 min_all=6.7640 max_all=7.0540 | n_kept=21 median_kept=6.8970 mad_kept=0.0550 cov_kept_pct=1.14 min_kept=6.7640 max_kept=7.0540
arm=granite_moe.base metric=prefill_ms process=0 run=1 value=375.9500 outlier=false
arm=granite_moe.base metric=prefill_ms process=0 run=2 value=373.9570 outlier=false
arm=granite_moe.base metric=prefill_ms process=0 run=3 value=366.0110 outlier=false
arm=granite_moe.base metric=prefill_ms process=0 run=4 value=382.9760 outlier=false
arm=granite_moe.base metric=prefill_ms process=0 run=5 value=367.0240 outlier=false
arm=granite_moe.base metric=prefill_ms process=0 run=6 value=375.9880 outlier=false
arm=granite_moe.base metric=prefill_ms process=0 run=7 value=385.0330 outlier=false
arm=granite_moe.base metric=prefill_ms process=1 run=1 value=384.0520 outlier=false
arm=granite_moe.base metric=prefill_ms process=1 run=2 value=365.9390 outlier=false
arm=granite_moe.base metric=prefill_ms process=1 run=3 value=379.0620 outlier=false
arm=granite_moe.base metric=prefill_ms process=1 run=4 value=388.9920 outlier=false
arm=granite_moe.base metric=prefill_ms process=1 run=5 value=369.0630 outlier=false
arm=granite_moe.base metric=prefill_ms process=1 run=6 value=368.0360 outlier=false
arm=granite_moe.base metric=prefill_ms process=1 run=7 value=371.9460 outlier=false
arm=granite_moe.base metric=prefill_ms process=2 run=1 value=372.0010 outlier=false
arm=granite_moe.base metric=prefill_ms process=2 run=2 value=366.0030 outlier=false
arm=granite_moe.base metric=prefill_ms process=2 run=3 value=366.0410 outlier=false
arm=granite_moe.base metric=prefill_ms process=2 run=4 value=384.0240 outlier=false
arm=granite_moe.base metric=prefill_ms process=2 run=5 value=380.0050 outlier=false
arm=granite_moe.base metric=prefill_ms process=2 run=6 value=367.0510 outlier=false
arm=granite_moe.base metric=prefill_ms process=2 run=7 value=380.9650 outlier=false
summary arm=granite_moe.base metric=prefill_ms n_all=21 median_all=373.9570 cov_all_pct=1.98 min_all=365.9390 max_all=388.9920 | n_kept=21 median_kept=373.9570 mad_kept=6.9330 cov_kept_pct=1.98 min_kept=365.9390 max_kept=388.9920
arm=granite_moe.base metric=ttft_ms process=0 run=1 value=376.0000 outlier=false
arm=granite_moe.base metric=ttft_ms process=0 run=2 value=374.0000 outlier=false
arm=granite_moe.base metric=ttft_ms process=0 run=3 value=366.0000 outlier=false
arm=granite_moe.base metric=ttft_ms process=0 run=4 value=383.0000 outlier=false
arm=granite_moe.base metric=ttft_ms process=0 run=5 value=367.0000 outlier=false
arm=granite_moe.base metric=ttft_ms process=0 run=6 value=376.0000 outlier=false
arm=granite_moe.base metric=ttft_ms process=0 run=7 value=385.0000 outlier=false
arm=granite_moe.base metric=ttft_ms process=1 run=1 value=384.0000 outlier=false
arm=granite_moe.base metric=ttft_ms process=1 run=2 value=366.0000 outlier=false
arm=granite_moe.base metric=ttft_ms process=1 run=3 value=379.0000 outlier=false
arm=granite_moe.base metric=ttft_ms process=1 run=4 value=389.0000 outlier=false
arm=granite_moe.base metric=ttft_ms process=1 run=5 value=369.0000 outlier=false
arm=granite_moe.base metric=ttft_ms process=1 run=6 value=368.0000 outlier=false
arm=granite_moe.base metric=ttft_ms process=1 run=7 value=372.0000 outlier=false
arm=granite_moe.base metric=ttft_ms process=2 run=1 value=372.0000 outlier=false
arm=granite_moe.base metric=ttft_ms process=2 run=2 value=366.0000 outlier=false
arm=granite_moe.base metric=ttft_ms process=2 run=3 value=366.0000 outlier=false
arm=granite_moe.base metric=ttft_ms process=2 run=4 value=384.0000 outlier=false
arm=granite_moe.base metric=ttft_ms process=2 run=5 value=380.0000 outlier=false
arm=granite_moe.base metric=ttft_ms process=2 run=6 value=367.0000 outlier=false
arm=granite_moe.base metric=ttft_ms process=2 run=7 value=381.0000 outlier=false
summary arm=granite_moe.base metric=ttft_ms n_all=21 median_all=374.0000 cov_all_pct=1.98 min_all=366.0000 max_all=389.0000 | n_kept=21 median_kept=374.0000 mad_kept=7.0000 cov_kept_pct=1.98 min_kept=366.0000 max_kept=389.0000
memory arm=granite_moe.base metric=peak_rss_bytes process=0 value=2476654592
memory arm=granite_moe.base metric=peak_rss_bytes process=1 value=2506260480
memory arm=granite_moe.base metric=peak_rss_bytes process=2 value=2372468736
summary arm=granite_moe.base metric=peak_rss_bytes n=3 median=2476654592 max=2506260480
memory arm=granite_moe.base metric=peak_footprint_bytes process=0 value=643176384
memory arm=granite_moe.base metric=peak_footprint_bytes process=1 value=611244096
memory arm=granite_moe.base metric=peak_footprint_bytes process=2 value=611964544
summary arm=granite_moe.base metric=peak_footprint_bytes n=3 median=611964544 max=643176384
memory arm=granite_moe.base metric=peak_gpu_bytes process=0 value=1707655168
memory arm=granite_moe.base metric=peak_gpu_bytes process=1 value=1707655168
memory arm=granite_moe.base metric=peak_gpu_bytes process=2 value=1707655168
summary arm=granite_moe.base metric=peak_gpu_bytes n=3 median=1707655168 max=1707655168
extra arm=granite_moe.base process=0 peers_present_at_exit=[]
extra arm=granite_moe.base process=1 peers_present_at_exit=[]
extra arm=granite_moe.base process=2 peers_present_at_exit=[]
arm=granite_moe.s1_combine metric=ms_per_token process=0 run=1 value=6.8680 outlier=false
arm=granite_moe.s1_combine metric=ms_per_token process=0 run=2 value=6.8470 outlier=false
arm=granite_moe.s1_combine metric=ms_per_token process=0 run=3 value=6.9080 outlier=false
arm=granite_moe.s1_combine metric=ms_per_token process=0 run=4 value=6.7590 outlier=false
arm=granite_moe.s1_combine metric=ms_per_token process=0 run=5 value=6.8490 outlier=false
arm=granite_moe.s1_combine metric=ms_per_token process=0 run=6 value=6.8270 outlier=false
arm=granite_moe.s1_combine metric=ms_per_token process=0 run=7 value=6.8810 outlier=false
arm=granite_moe.s1_combine metric=ms_per_token process=1 run=1 value=6.8620 outlier=false
arm=granite_moe.s1_combine metric=ms_per_token process=1 run=2 value=6.8150 outlier=false
arm=granite_moe.s1_combine metric=ms_per_token process=1 run=3 value=6.9440 outlier=false
arm=granite_moe.s1_combine metric=ms_per_token process=1 run=4 value=6.8920 outlier=false
arm=granite_moe.s1_combine metric=ms_per_token process=1 run=5 value=6.8370 outlier=false
arm=granite_moe.s1_combine metric=ms_per_token process=1 run=6 value=6.8990 outlier=false
arm=granite_moe.s1_combine metric=ms_per_token process=1 run=7 value=6.8540 outlier=false
arm=granite_moe.s1_combine metric=ms_per_token process=2 run=1 value=6.7150 outlier=false
arm=granite_moe.s1_combine metric=ms_per_token process=2 run=2 value=6.7870 outlier=false
arm=granite_moe.s1_combine metric=ms_per_token process=2 run=3 value=6.7890 outlier=false
arm=granite_moe.s1_combine metric=ms_per_token process=2 run=4 value=7.0390 outlier=false
arm=granite_moe.s1_combine metric=ms_per_token process=2 run=5 value=6.9260 outlier=false
arm=granite_moe.s1_combine metric=ms_per_token process=2 run=6 value=6.7760 outlier=false
arm=granite_moe.s1_combine metric=ms_per_token process=2 run=7 value=6.8190 outlier=false
summary arm=granite_moe.s1_combine metric=ms_per_token n_all=21 median_all=6.8490 cov_all_pct=1.02 min_all=6.7150 max_all=7.0390 | n_kept=21 median_kept=6.8490 mad_kept=0.0430 cov_kept_pct=1.02 min_kept=6.7150 max_kept=7.0390
arm=granite_moe.s1_combine metric=prefill_ms process=0 run=1 value=288.0350 outlier=false
arm=granite_moe.s1_combine metric=prefill_ms process=0 run=2 value=296.9470 outlier=false
arm=granite_moe.s1_combine metric=prefill_ms process=0 run=3 value=280.9500 outlier=false
arm=granite_moe.s1_combine metric=prefill_ms process=0 run=4 value=283.0310 outlier=false
arm=granite_moe.s1_combine metric=prefill_ms process=0 run=5 value=301.9530 outlier=false
arm=granite_moe.s1_combine metric=prefill_ms process=0 run=6 value=296.0300 outlier=false
arm=granite_moe.s1_combine metric=prefill_ms process=0 run=7 value=296.9630 outlier=false
arm=granite_moe.s1_combine metric=prefill_ms process=1 run=1 value=290.0150 outlier=false
arm=granite_moe.s1_combine metric=prefill_ms process=1 run=2 value=292.9550 outlier=false
arm=granite_moe.s1_combine metric=prefill_ms process=1 run=3 value=290.0230 outlier=false
arm=granite_moe.s1_combine metric=prefill_ms process=1 run=4 value=285.0470 outlier=false
arm=granite_moe.s1_combine metric=prefill_ms process=1 run=5 value=297.9940 outlier=false
arm=granite_moe.s1_combine metric=prefill_ms process=1 run=6 value=282.0350 outlier=false
arm=granite_moe.s1_combine metric=prefill_ms process=1 run=7 value=295.9540 outlier=false
arm=granite_moe.s1_combine metric=prefill_ms process=2 run=1 value=298.0480 outlier=false
arm=granite_moe.s1_combine metric=prefill_ms process=2 run=2 value=294.0250 outlier=false
arm=granite_moe.s1_combine metric=prefill_ms process=2 run=3 value=297.0340 outlier=false
arm=granite_moe.s1_combine metric=prefill_ms process=2 run=4 value=292.9770 outlier=false
arm=granite_moe.s1_combine metric=prefill_ms process=2 run=5 value=287.9680 outlier=false
arm=granite_moe.s1_combine metric=prefill_ms process=2 run=6 value=304.9830 outlier=false
arm=granite_moe.s1_combine metric=prefill_ms process=2 run=7 value=281.9870 outlier=false
summary arm=granite_moe.s1_combine metric=prefill_ms n_all=21 median_all=292.9770 cov_all_pct=2.29 min_all=280.9500 max_all=304.9830 | n_kept=21 median_kept=292.9770 mad_kept=4.9420 cov_kept_pct=2.29 min_kept=280.9500 max_kept=304.9830
arm=granite_moe.s1_combine metric=ttft_ms process=0 run=1 value=288.0000 outlier=false
arm=granite_moe.s1_combine metric=ttft_ms process=0 run=2 value=297.0000 outlier=false
arm=granite_moe.s1_combine metric=ttft_ms process=0 run=3 value=281.0000 outlier=false
arm=granite_moe.s1_combine metric=ttft_ms process=0 run=4 value=283.0000 outlier=false
arm=granite_moe.s1_combine metric=ttft_ms process=0 run=5 value=302.0000 outlier=false
arm=granite_moe.s1_combine metric=ttft_ms process=0 run=6 value=296.0000 outlier=false
arm=granite_moe.s1_combine metric=ttft_ms process=0 run=7 value=297.0000 outlier=false
arm=granite_moe.s1_combine metric=ttft_ms process=1 run=1 value=290.0000 outlier=false
arm=granite_moe.s1_combine metric=ttft_ms process=1 run=2 value=293.0000 outlier=false
arm=granite_moe.s1_combine metric=ttft_ms process=1 run=3 value=290.0000 outlier=false
arm=granite_moe.s1_combine metric=ttft_ms process=1 run=4 value=285.0000 outlier=false
arm=granite_moe.s1_combine metric=ttft_ms process=1 run=5 value=298.0000 outlier=false
arm=granite_moe.s1_combine metric=ttft_ms process=1 run=6 value=282.0000 outlier=false
arm=granite_moe.s1_combine metric=ttft_ms process=1 run=7 value=296.0000 outlier=false
arm=granite_moe.s1_combine metric=ttft_ms process=2 run=1 value=298.0000 outlier=false
arm=granite_moe.s1_combine metric=ttft_ms process=2 run=2 value=294.0000 outlier=false
arm=granite_moe.s1_combine metric=ttft_ms process=2 run=3 value=297.0000 outlier=false
arm=granite_moe.s1_combine metric=ttft_ms process=2 run=4 value=293.0000 outlier=false
arm=granite_moe.s1_combine metric=ttft_ms process=2 run=5 value=288.0000 outlier=false
arm=granite_moe.s1_combine metric=ttft_ms process=2 run=6 value=305.0000 outlier=false
arm=granite_moe.s1_combine metric=ttft_ms process=2 run=7 value=282.0000 outlier=false
summary arm=granite_moe.s1_combine metric=ttft_ms n_all=21 median_all=293.0000 cov_all_pct=2.30 min_all=281.0000 max_all=305.0000 | n_kept=21 median_kept=293.0000 mad_kept=5.0000 cov_kept_pct=2.30 min_kept=281.0000 max_kept=305.0000
memory arm=granite_moe.s1_combine metric=peak_rss_bytes process=0 value=2367307776
memory arm=granite_moe.s1_combine metric=peak_rss_bytes process=1 value=2493431808
memory arm=granite_moe.s1_combine metric=peak_rss_bytes process=2 value=2538930176
summary arm=granite_moe.s1_combine metric=peak_rss_bytes n=3 median=2493431808 max=2538930176
memory arm=granite_moe.s1_combine metric=peak_footprint_bytes process=0 value=615618432
memory arm=granite_moe.s1_combine metric=peak_footprint_bytes process=1 value=647206912
memory arm=granite_moe.s1_combine metric=peak_footprint_bytes process=2 value=634525888
summary arm=granite_moe.s1_combine metric=peak_footprint_bytes n=3 median=634525888 max=647206912
memory arm=granite_moe.s1_combine metric=peak_gpu_bytes process=0 value=1707655168
memory arm=granite_moe.s1_combine metric=peak_gpu_bytes process=1 value=1707655168
memory arm=granite_moe.s1_combine metric=peak_gpu_bytes process=2 value=1707655168
summary arm=granite_moe.s1_combine metric=peak_gpu_bytes n=3 median=1707655168 max=1707655168
extra arm=granite_moe.s1_combine process=0 peers_present_at_exit=[]
extra arm=granite_moe.s1_combine process=1 peers_present_at_exit=[]
extra arm=granite_moe.s1_combine process=2 peers_present_at_exit=[]
arm=granite_moe.s2_gemm metric=ms_per_token process=0 run=1 value=6.9510 outlier=false
arm=granite_moe.s2_gemm metric=ms_per_token process=0 run=2 value=6.8580 outlier=false
arm=granite_moe.s2_gemm metric=ms_per_token process=0 run=3 value=6.9730 outlier=false
arm=granite_moe.s2_gemm metric=ms_per_token process=0 run=4 value=6.9290 outlier=false
arm=granite_moe.s2_gemm metric=ms_per_token process=0 run=5 value=6.9180 outlier=false
arm=granite_moe.s2_gemm metric=ms_per_token process=0 run=6 value=7.0080 outlier=false
arm=granite_moe.s2_gemm metric=ms_per_token process=0 run=7 value=6.9710 outlier=false
arm=granite_moe.s2_gemm metric=ms_per_token process=1 run=1 value=6.9180 outlier=false
arm=granite_moe.s2_gemm metric=ms_per_token process=1 run=2 value=6.9810 outlier=false
arm=granite_moe.s2_gemm metric=ms_per_token process=1 run=3 value=7.0200 outlier=false
arm=granite_moe.s2_gemm metric=ms_per_token process=1 run=4 value=6.9670 outlier=false
arm=granite_moe.s2_gemm metric=ms_per_token process=1 run=5 value=6.8730 outlier=false
arm=granite_moe.s2_gemm metric=ms_per_token process=1 run=6 value=6.9560 outlier=false
arm=granite_moe.s2_gemm metric=ms_per_token process=1 run=7 value=6.9260 outlier=false
arm=granite_moe.s2_gemm metric=ms_per_token process=2 run=1 value=6.8740 outlier=false
arm=granite_moe.s2_gemm metric=ms_per_token process=2 run=2 value=6.8810 outlier=false
arm=granite_moe.s2_gemm metric=ms_per_token process=2 run=3 value=6.9250 outlier=false
arm=granite_moe.s2_gemm metric=ms_per_token process=2 run=4 value=6.8860 outlier=false
arm=granite_moe.s2_gemm metric=ms_per_token process=2 run=5 value=6.9010 outlier=false
arm=granite_moe.s2_gemm metric=ms_per_token process=2 run=6 value=6.8470 outlier=false
arm=granite_moe.s2_gemm metric=ms_per_token process=2 run=7 value=6.9670 outlier=false
summary arm=granite_moe.s2_gemm metric=ms_per_token n_all=21 median_all=6.9260 cov_all_pct=0.69 min_all=6.8470 max_all=7.0200 | n_kept=21 median_kept=6.9260 mad_kept=0.0410 cov_kept_pct=0.69 min_kept=6.8470 max_kept=7.0200
arm=granite_moe.s2_gemm metric=prefill_ms process=0 run=1 value=291.0420 outlier=false
arm=granite_moe.s2_gemm metric=prefill_ms process=0 run=2 value=293.9560 outlier=false
arm=granite_moe.s2_gemm metric=prefill_ms process=0 run=3 value=285.0140 outlier=false
arm=granite_moe.s2_gemm metric=prefill_ms process=0 run=4 value=293.9570 outlier=false
arm=granite_moe.s2_gemm metric=prefill_ms process=0 run=5 value=299.0160 outlier=false
arm=granite_moe.s2_gemm metric=prefill_ms process=0 run=6 value=285.0470 outlier=false
arm=granite_moe.s2_gemm metric=prefill_ms process=0 run=7 value=284.0210 outlier=false
arm=granite_moe.s2_gemm metric=prefill_ms process=1 run=1 value=302.9890 outlier=false
arm=granite_moe.s2_gemm metric=prefill_ms process=1 run=2 value=285.0000 outlier=false
arm=granite_moe.s2_gemm metric=prefill_ms process=1 run=3 value=298.9500 outlier=false
arm=granite_moe.s2_gemm metric=prefill_ms process=1 run=4 value=296.9920 outlier=false
arm=granite_moe.s2_gemm metric=prefill_ms process=1 run=5 value=297.9870 outlier=false
arm=granite_moe.s2_gemm metric=prefill_ms process=1 run=6 value=279.9520 outlier=false
arm=granite_moe.s2_gemm metric=prefill_ms process=1 run=7 value=294.9660 outlier=false
arm=granite_moe.s2_gemm metric=prefill_ms process=2 run=1 value=294.9470 outlier=false
arm=granite_moe.s2_gemm metric=prefill_ms process=2 run=2 value=297.0560 outlier=false
arm=granite_moe.s2_gemm metric=prefill_ms process=2 run=3 value=295.9710 outlier=false
arm=granite_moe.s2_gemm metric=prefill_ms process=2 run=4 value=293.0390 outlier=false
arm=granite_moe.s2_gemm metric=prefill_ms process=2 run=5 value=301.0570 outlier=false
arm=granite_moe.s2_gemm metric=prefill_ms process=2 run=6 value=285.0140 outlier=false
arm=granite_moe.s2_gemm metric=prefill_ms process=2 run=7 value=286.9980 outlier=false
summary arm=granite_moe.s2_gemm metric=prefill_ms n_all=21 median_all=293.9570 cov_all_pct=2.18 min_all=279.9520 max_all=302.9890 | n_kept=21 median_kept=293.9570 mad_kept=4.9930 cov_kept_pct=2.18 min_kept=279.9520 max_kept=302.9890
arm=granite_moe.s2_gemm metric=ttft_ms process=0 run=1 value=291.0000 outlier=false
arm=granite_moe.s2_gemm metric=ttft_ms process=0 run=2 value=294.0000 outlier=false
arm=granite_moe.s2_gemm metric=ttft_ms process=0 run=3 value=285.0000 outlier=false
arm=granite_moe.s2_gemm metric=ttft_ms process=0 run=4 value=294.0000 outlier=false
arm=granite_moe.s2_gemm metric=ttft_ms process=0 run=5 value=299.0000 outlier=false
arm=granite_moe.s2_gemm metric=ttft_ms process=0 run=6 value=285.0000 outlier=false
arm=granite_moe.s2_gemm metric=ttft_ms process=0 run=7 value=284.0000 outlier=false
arm=granite_moe.s2_gemm metric=ttft_ms process=1 run=1 value=303.0000 outlier=false
arm=granite_moe.s2_gemm metric=ttft_ms process=1 run=2 value=285.0000 outlier=false
arm=granite_moe.s2_gemm metric=ttft_ms process=1 run=3 value=299.0000 outlier=false
arm=granite_moe.s2_gemm metric=ttft_ms process=1 run=4 value=297.0000 outlier=false
arm=granite_moe.s2_gemm metric=ttft_ms process=1 run=5 value=298.0000 outlier=false
arm=granite_moe.s2_gemm metric=ttft_ms process=1 run=6 value=280.0000 outlier=false
arm=granite_moe.s2_gemm metric=ttft_ms process=1 run=7 value=295.0000 outlier=false
arm=granite_moe.s2_gemm metric=ttft_ms process=2 run=1 value=295.0000 outlier=false
arm=granite_moe.s2_gemm metric=ttft_ms process=2 run=2 value=297.0000 outlier=false
arm=granite_moe.s2_gemm metric=ttft_ms process=2 run=3 value=296.0000 outlier=false
arm=granite_moe.s2_gemm metric=ttft_ms process=2 run=4 value=293.0000 outlier=false
arm=granite_moe.s2_gemm metric=ttft_ms process=2 run=5 value=301.0000 outlier=false
arm=granite_moe.s2_gemm metric=ttft_ms process=2 run=6 value=285.0000 outlier=false
arm=granite_moe.s2_gemm metric=ttft_ms process=2 run=7 value=287.0000 outlier=false
summary arm=granite_moe.s2_gemm metric=ttft_ms n_all=21 median_all=294.0000 cov_all_pct=2.18 min_all=280.0000 max_all=303.0000 | n_kept=21 median_kept=294.0000 mad_kept=5.0000 cov_kept_pct=2.18 min_kept=280.0000 max_kept=303.0000
memory arm=granite_moe.s2_gemm metric=peak_rss_bytes process=0 value=2409644032
memory arm=granite_moe.s2_gemm metric=peak_rss_bytes process=1 value=2475507712
memory arm=granite_moe.s2_gemm metric=peak_rss_bytes process=2 value=2359361536
summary arm=granite_moe.s2_gemm metric=peak_rss_bytes n=3 median=2409644032 max=2475507712
memory arm=granite_moe.s2_gemm metric=peak_footprint_bytes process=0 value=625023040
memory arm=granite_moe.s2_gemm metric=peak_footprint_bytes process=1 value=616486592
memory arm=granite_moe.s2_gemm metric=peak_footprint_bytes process=2 value=619616192
summary arm=granite_moe.s2_gemm metric=peak_footprint_bytes n=3 median=619616192 max=625023040
memory arm=granite_moe.s2_gemm metric=peak_gpu_bytes process=0 value=1707655168
memory arm=granite_moe.s2_gemm metric=peak_gpu_bytes process=1 value=1707655168
memory arm=granite_moe.s2_gemm metric=peak_gpu_bytes process=2 value=1707655168
summary arm=granite_moe.s2_gemm metric=peak_gpu_bytes n=3 median=1707655168 max=1707655168
extra arm=granite_moe.s2_gemm process=0 peers_present_at_exit=[]
extra arm=granite_moe.s2_gemm process=1 peers_present_at_exit=[]
extra arm=granite_moe.s2_gemm process=2 peers_present_at_exit=[]
arm=granite_moe.s3_rope metric=ms_per_token process=0 run=1 value=6.8290 outlier=false
arm=granite_moe.s3_rope metric=ms_per_token process=0 run=2 value=6.9690 outlier=false
arm=granite_moe.s3_rope metric=ms_per_token process=0 run=3 value=6.8760 outlier=false
arm=granite_moe.s3_rope metric=ms_per_token process=0 run=4 value=7.4810 outlier=true
arm=granite_moe.s3_rope metric=ms_per_token process=0 run=5 value=6.9740 outlier=false
arm=granite_moe.s3_rope metric=ms_per_token process=0 run=6 value=6.8790 outlier=false
arm=granite_moe.s3_rope metric=ms_per_token process=0 run=7 value=6.9470 outlier=false
arm=granite_moe.s3_rope metric=ms_per_token process=1 run=1 value=6.8560 outlier=false
arm=granite_moe.s3_rope metric=ms_per_token process=1 run=2 value=6.8270 outlier=false
arm=granite_moe.s3_rope metric=ms_per_token process=1 run=3 value=6.8660 outlier=false
arm=granite_moe.s3_rope metric=ms_per_token process=1 run=4 value=7.0400 outlier=true
arm=granite_moe.s3_rope metric=ms_per_token process=1 run=5 value=6.8310 outlier=false
arm=granite_moe.s3_rope metric=ms_per_token process=1 run=6 value=6.8380 outlier=false
arm=granite_moe.s3_rope metric=ms_per_token process=1 run=7 value=6.8410 outlier=false
arm=granite_moe.s3_rope metric=ms_per_token process=2 run=1 value=6.7820 outlier=false
arm=granite_moe.s3_rope metric=ms_per_token process=2 run=2 value=6.8580 outlier=false
arm=granite_moe.s3_rope metric=ms_per_token process=2 run=3 value=6.8400 outlier=false
arm=granite_moe.s3_rope metric=ms_per_token process=2 run=4 value=6.9850 outlier=false
arm=granite_moe.s3_rope metric=ms_per_token process=2 run=5 value=6.8570 outlier=false
arm=granite_moe.s3_rope metric=ms_per_token process=2 run=6 value=6.9480 outlier=false
arm=granite_moe.s3_rope metric=ms_per_token process=2 run=7 value=6.8840 outlier=false
summary arm=granite_moe.s3_rope metric=ms_per_token n_all=21 median_all=6.8660 cov_all_pct=2.05 min_all=6.7820 max_all=7.4810 | n_kept=19 median_kept=6.8580 mad_kept=0.0260 cov_kept_pct=0.82 min_kept=6.7820 max_kept=6.9850
arm=granite_moe.s3_rope metric=prefill_ms process=0 run=1 value=292.0450 outlier=false
arm=granite_moe.s3_rope metric=prefill_ms process=0 run=2 value=298.9570 outlier=false
arm=granite_moe.s3_rope metric=prefill_ms process=0 run=3 value=281.0520 outlier=false
arm=granite_moe.s3_rope metric=prefill_ms process=0 run=4 value=283.9480 outlier=false
arm=granite_moe.s3_rope metric=prefill_ms process=0 run=5 value=310.9900 outlier=false
arm=granite_moe.s3_rope metric=prefill_ms process=0 run=6 value=296.0430 outlier=false
arm=granite_moe.s3_rope metric=prefill_ms process=0 run=7 value=292.0240 outlier=false
arm=granite_moe.s3_rope metric=prefill_ms process=1 run=1 value=283.9980 outlier=false
arm=granite_moe.s3_rope metric=prefill_ms process=1 run=2 value=298.9640 outlier=false
arm=granite_moe.s3_rope metric=prefill_ms process=1 run=3 value=279.9820 outlier=false
arm=granite_moe.s3_rope metric=prefill_ms process=1 run=4 value=291.9740 outlier=false
arm=granite_moe.s3_rope metric=prefill_ms process=1 run=5 value=297.0200 outlier=false
arm=granite_moe.s3_rope metric=prefill_ms process=1 run=6 value=285.9890 outlier=false
arm=granite_moe.s3_rope metric=prefill_ms process=1 run=7 value=300.9490 outlier=false
arm=granite_moe.s3_rope metric=prefill_ms process=2 run=1 value=291.0380 outlier=false
arm=granite_moe.s3_rope metric=prefill_ms process=2 run=2 value=285.0510 outlier=false
arm=granite_moe.s3_rope metric=prefill_ms process=2 run=3 value=282.0540 outlier=false
arm=granite_moe.s3_rope metric=prefill_ms process=2 run=4 value=292.9870 outlier=false
arm=granite_moe.s3_rope metric=prefill_ms process=2 run=5 value=301.9680 outlier=false
arm=granite_moe.s3_rope metric=prefill_ms process=2 run=6 value=279.9490 outlier=false
arm=granite_moe.s3_rope metric=prefill_ms process=2 run=7 value=283.0160 outlier=false
summary arm=granite_moe.s3_rope metric=prefill_ms n_all=21 median_all=291.9740 cov_all_pct=2.87 min_all=279.9490 max_all=310.9900 | n_kept=21 median_kept=291.9740 mad_kept=6.9900 cov_kept_pct=2.87 min_kept=279.9490 max_kept=310.9900
arm=granite_moe.s3_rope metric=ttft_ms process=0 run=1 value=292.0000 outlier=false
arm=granite_moe.s3_rope metric=ttft_ms process=0 run=2 value=299.0000 outlier=false
arm=granite_moe.s3_rope metric=ttft_ms process=0 run=3 value=281.0000 outlier=false
arm=granite_moe.s3_rope metric=ttft_ms process=0 run=4 value=284.0000 outlier=false
arm=granite_moe.s3_rope metric=ttft_ms process=0 run=5 value=311.0000 outlier=false
arm=granite_moe.s3_rope metric=ttft_ms process=0 run=6 value=296.0000 outlier=false
arm=granite_moe.s3_rope metric=ttft_ms process=0 run=7 value=292.0000 outlier=false
arm=granite_moe.s3_rope metric=ttft_ms process=1 run=1 value=284.0000 outlier=false
arm=granite_moe.s3_rope metric=ttft_ms process=1 run=2 value=299.0000 outlier=false
arm=granite_moe.s3_rope metric=ttft_ms process=1 run=3 value=280.0000 outlier=false
arm=granite_moe.s3_rope metric=ttft_ms process=1 run=4 value=292.0000 outlier=false
arm=granite_moe.s3_rope metric=ttft_ms process=1 run=5 value=297.0000 outlier=false
arm=granite_moe.s3_rope metric=ttft_ms process=1 run=6 value=286.0000 outlier=false
arm=granite_moe.s3_rope metric=ttft_ms process=1 run=7 value=301.0000 outlier=false
arm=granite_moe.s3_rope metric=ttft_ms process=2 run=1 value=291.0000 outlier=false
arm=granite_moe.s3_rope metric=ttft_ms process=2 run=2 value=285.0000 outlier=false
arm=granite_moe.s3_rope metric=ttft_ms process=2 run=3 value=282.0000 outlier=false
arm=granite_moe.s3_rope metric=ttft_ms process=2 run=4 value=293.0000 outlier=false
arm=granite_moe.s3_rope metric=ttft_ms process=2 run=5 value=302.0000 outlier=false
arm=granite_moe.s3_rope metric=ttft_ms process=2 run=6 value=280.0000 outlier=false
arm=granite_moe.s3_rope metric=ttft_ms process=2 run=7 value=283.0000 outlier=false
summary arm=granite_moe.s3_rope metric=ttft_ms n_all=21 median_all=292.0000 cov_all_pct=2.87 min_all=280.0000 max_all=311.0000 | n_kept=21 median_kept=292.0000 mad_kept=7.0000 cov_kept_pct=2.87 min_kept=280.0000 max_kept=311.0000
memory arm=granite_moe.s3_rope metric=peak_rss_bytes process=0 value=2610905088
memory arm=granite_moe.s3_rope metric=peak_rss_bytes process=1 value=2484289536
memory arm=granite_moe.s3_rope metric=peak_rss_bytes process=2 value=2371862528
summary arm=granite_moe.s3_rope metric=peak_rss_bytes n=3 median=2484289536 max=2610905088
memory arm=granite_moe.s3_rope metric=peak_footprint_bytes process=0 value=613570368
memory arm=granite_moe.s3_rope metric=peak_footprint_bytes process=1 value=609179584
memory arm=granite_moe.s3_rope metric=peak_footprint_bytes process=2 value=611587776
summary arm=granite_moe.s3_rope metric=peak_footprint_bytes n=3 median=611587776 max=613570368
memory arm=granite_moe.s3_rope metric=peak_gpu_bytes process=0 value=1707655168
memory arm=granite_moe.s3_rope metric=peak_gpu_bytes process=1 value=1707655168
memory arm=granite_moe.s3_rope metric=peak_gpu_bytes process=2 value=1707655168
summary arm=granite_moe.s3_rope metric=peak_gpu_bytes n=3 median=1707655168 max=1707655168
extra arm=granite_moe.s3_rope process=0 peers_present_at_exit=[]
extra arm=granite_moe.s3_rope process=1 peers_present_at_exit=[]
extra arm=granite_moe.s3_rope process=2 peers_present_at_exit=[]
arm=granite_moe.s4_kvplace metric=ms_per_token process=0 run=1 value=6.6290 outlier=false
arm=granite_moe.s4_kvplace metric=ms_per_token process=0 run=2 value=6.6470 outlier=false
arm=granite_moe.s4_kvplace metric=ms_per_token process=0 run=3 value=6.6940 outlier=false
arm=granite_moe.s4_kvplace metric=ms_per_token process=0 run=4 value=6.6760 outlier=false
arm=granite_moe.s4_kvplace metric=ms_per_token process=0 run=5 value=6.6420 outlier=false
arm=granite_moe.s4_kvplace metric=ms_per_token process=0 run=6 value=6.6420 outlier=false
arm=granite_moe.s4_kvplace metric=ms_per_token process=0 run=7 value=6.6410 outlier=false
arm=granite_moe.s4_kvplace metric=ms_per_token process=1 run=1 value=6.6530 outlier=false
arm=granite_moe.s4_kvplace metric=ms_per_token process=1 run=2 value=9.4690 outlier=true
arm=granite_moe.s4_kvplace metric=ms_per_token process=1 run=3 value=6.6630 outlier=false
arm=granite_moe.s4_kvplace metric=ms_per_token process=1 run=4 value=6.7340 outlier=false
arm=granite_moe.s4_kvplace metric=ms_per_token process=1 run=5 value=6.6300 outlier=false
arm=granite_moe.s4_kvplace metric=ms_per_token process=1 run=6 value=6.7490 outlier=false
arm=granite_moe.s4_kvplace metric=ms_per_token process=1 run=7 value=6.7340 outlier=false
arm=granite_moe.s4_kvplace metric=ms_per_token process=2 run=1 value=6.7160 outlier=false
arm=granite_moe.s4_kvplace metric=ms_per_token process=2 run=2 value=6.7040 outlier=false
arm=granite_moe.s4_kvplace metric=ms_per_token process=2 run=3 value=6.6300 outlier=false
arm=granite_moe.s4_kvplace metric=ms_per_token process=2 run=4 value=6.7390 outlier=false
arm=granite_moe.s4_kvplace metric=ms_per_token process=2 run=5 value=6.7200 outlier=false
arm=granite_moe.s4_kvplace metric=ms_per_token process=2 run=6 value=6.6530 outlier=false
arm=granite_moe.s4_kvplace metric=ms_per_token process=2 run=7 value=6.7040 outlier=false
summary arm=granite_moe.s4_kvplace metric=ms_per_token n_all=21 median_all=6.6760 cov_all_pct=8.74 min_all=6.6290 max_all=9.4690 | n_kept=20 median_kept=6.6695 mad_kept=0.0345 cov_kept_pct=0.61 min_kept=6.6290 max_kept=6.7490
arm=granite_moe.s4_kvplace metric=prefill_ms process=0 run=1 value=264.9700 outlier=false
arm=granite_moe.s4_kvplace metric=prefill_ms process=0 run=2 value=265.9810 outlier=false
arm=granite_moe.s4_kvplace metric=prefill_ms process=0 run=3 value=265.9810 outlier=false
arm=granite_moe.s4_kvplace metric=prefill_ms process=0 run=4 value=265.9850 outlier=false
arm=granite_moe.s4_kvplace metric=prefill_ms process=0 run=5 value=265.0590 outlier=false
arm=granite_moe.s4_kvplace metric=prefill_ms process=0 run=6 value=266.0020 outlier=false
arm=granite_moe.s4_kvplace metric=prefill_ms process=0 run=7 value=264.9580 outlier=false
arm=granite_moe.s4_kvplace metric=prefill_ms process=1 run=1 value=265.9810 outlier=false
arm=granite_moe.s4_kvplace metric=prefill_ms process=1 run=2 value=263.9900 outlier=false
arm=granite_moe.s4_kvplace metric=prefill_ms process=1 run=3 value=285.9740 outlier=true
arm=granite_moe.s4_kvplace metric=prefill_ms process=1 run=4 value=267.0060 outlier=false
arm=granite_moe.s4_kvplace metric=prefill_ms process=1 run=5 value=266.0620 outlier=false
arm=granite_moe.s4_kvplace metric=prefill_ms process=1 run=6 value=265.9690 outlier=false
arm=granite_moe.s4_kvplace metric=prefill_ms process=1 run=7 value=264.9490 outlier=false
arm=granite_moe.s4_kvplace metric=prefill_ms process=2 run=1 value=265.9840 outlier=false
arm=granite_moe.s4_kvplace metric=prefill_ms process=2 run=2 value=266.0210 outlier=false
arm=granite_moe.s4_kvplace metric=prefill_ms process=2 run=3 value=265.0170 outlier=false
arm=granite_moe.s4_kvplace metric=prefill_ms process=2 run=4 value=267.0250 outlier=false
arm=granite_moe.s4_kvplace metric=prefill_ms process=2 run=5 value=265.9880 outlier=false
arm=granite_moe.s4_kvplace metric=prefill_ms process=2 run=6 value=267.0540 outlier=false
arm=granite_moe.s4_kvplace metric=prefill_ms process=2 run=7 value=266.9640 outlier=false
summary arm=granite_moe.s4_kvplace metric=prefill_ms n_all=21 median_all=265.9840 cov_all_pct=1.63 min_all=263.9900 max_all=285.9740 | n_kept=20 median_kept=265.9825 mad_kept=0.5015 cov_kept_pct=0.30 min_kept=263.9900 max_kept=267.0540
arm=granite_moe.s4_kvplace metric=ttft_ms process=0 run=1 value=265.0000 outlier=false
arm=granite_moe.s4_kvplace metric=ttft_ms process=0 run=2 value=266.0000 outlier=false
arm=granite_moe.s4_kvplace metric=ttft_ms process=0 run=3 value=266.0000 outlier=false
arm=granite_moe.s4_kvplace metric=ttft_ms process=0 run=4 value=266.0000 outlier=false
arm=granite_moe.s4_kvplace metric=ttft_ms process=0 run=5 value=265.0000 outlier=false
arm=granite_moe.s4_kvplace metric=ttft_ms process=0 run=6 value=266.0000 outlier=false
arm=granite_moe.s4_kvplace metric=ttft_ms process=0 run=7 value=265.0000 outlier=false
arm=granite_moe.s4_kvplace metric=ttft_ms process=1 run=1 value=266.0000 outlier=false
arm=granite_moe.s4_kvplace metric=ttft_ms process=1 run=2 value=264.0000 outlier=false
arm=granite_moe.s4_kvplace metric=ttft_ms process=1 run=3 value=286.0000 outlier=true
arm=granite_moe.s4_kvplace metric=ttft_ms process=1 run=4 value=267.0000 outlier=false
arm=granite_moe.s4_kvplace metric=ttft_ms process=1 run=5 value=266.0000 outlier=false
arm=granite_moe.s4_kvplace metric=ttft_ms process=1 run=6 value=266.0000 outlier=false
arm=granite_moe.s4_kvplace metric=ttft_ms process=1 run=7 value=265.0000 outlier=false
arm=granite_moe.s4_kvplace metric=ttft_ms process=2 run=1 value=266.0000 outlier=false
arm=granite_moe.s4_kvplace metric=ttft_ms process=2 run=2 value=266.0000 outlier=false
arm=granite_moe.s4_kvplace metric=ttft_ms process=2 run=3 value=265.0000 outlier=false
arm=granite_moe.s4_kvplace metric=ttft_ms process=2 run=4 value=267.0000 outlier=false
arm=granite_moe.s4_kvplace metric=ttft_ms process=2 run=5 value=266.0000 outlier=false
arm=granite_moe.s4_kvplace metric=ttft_ms process=2 run=6 value=267.0000 outlier=false
arm=granite_moe.s4_kvplace metric=ttft_ms process=2 run=7 value=267.0000 outlier=false
summary arm=granite_moe.s4_kvplace metric=ttft_ms n_all=21 median_all=266.0000 cov_all_pct=1.63 min_all=264.0000 max_all=286.0000 | n_kept=20 median_kept=266.0000 mad_kept=0.5000 cov_kept_pct=0.30 min_kept=264.0000 max_kept=267.0000
memory arm=granite_moe.s4_kvplace metric=peak_rss_bytes process=0 value=1873575936
memory arm=granite_moe.s4_kvplace metric=peak_rss_bytes process=1 value=2087567360
memory arm=granite_moe.s4_kvplace metric=peak_rss_bytes process=2 value=1877999616
summary arm=granite_moe.s4_kvplace metric=peak_rss_bytes n=3 median=1877999616 max=2087567360
memory arm=granite_moe.s4_kvplace metric=peak_footprint_bytes process=0 value=367219776
memory arm=granite_moe.s4_kvplace metric=peak_footprint_bytes process=1 value=366564992
memory arm=granite_moe.s4_kvplace metric=peak_footprint_bytes process=2 value=368923776
summary arm=granite_moe.s4_kvplace metric=peak_footprint_bytes n=3 median=367219776 max=368923776
memory arm=granite_moe.s4_kvplace metric=peak_gpu_bytes process=0 value=1728069632
memory arm=granite_moe.s4_kvplace metric=peak_gpu_bytes process=1 value=1728069632
memory arm=granite_moe.s4_kvplace metric=peak_gpu_bytes process=2 value=1728069632
summary arm=granite_moe.s4_kvplace metric=peak_gpu_bytes n=3 median=1728069632 max=1728069632
extra arm=granite_moe.s4_kvplace process=0 peers_present_at_exit=[]
extra arm=granite_moe.s4_kvplace process=1 peers_present_at_exit=[]
extra arm=granite_moe.s4_kvplace process=2 peers_present_at_exit=[]
arm=granite_moe.s5_e2bdecode metric=ms_per_token process=0 run=1 value=6.6620 outlier=false
arm=granite_moe.s5_e2bdecode metric=ms_per_token process=0 run=2 value=6.6480 outlier=false
arm=granite_moe.s5_e2bdecode metric=ms_per_token process=0 run=3 value=6.6980 outlier=false
arm=granite_moe.s5_e2bdecode metric=ms_per_token process=0 run=4 value=6.7170 outlier=false
arm=granite_moe.s5_e2bdecode metric=ms_per_token process=0 run=5 value=6.5870 outlier=false
arm=granite_moe.s5_e2bdecode metric=ms_per_token process=0 run=6 value=6.6570 outlier=false
arm=granite_moe.s5_e2bdecode metric=ms_per_token process=0 run=7 value=6.7620 outlier=false
arm=granite_moe.s5_e2bdecode metric=ms_per_token process=1 run=1 value=6.6900 outlier=false
arm=granite_moe.s5_e2bdecode metric=ms_per_token process=1 run=2 value=6.6490 outlier=false
arm=granite_moe.s5_e2bdecode metric=ms_per_token process=1 run=3 value=6.6170 outlier=false
arm=granite_moe.s5_e2bdecode metric=ms_per_token process=1 run=4 value=6.6320 outlier=false
arm=granite_moe.s5_e2bdecode metric=ms_per_token process=1 run=5 value=6.6470 outlier=false
arm=granite_moe.s5_e2bdecode metric=ms_per_token process=1 run=6 value=6.5890 outlier=false
arm=granite_moe.s5_e2bdecode metric=ms_per_token process=1 run=7 value=6.6960 outlier=false
arm=granite_moe.s5_e2bdecode metric=ms_per_token process=2 run=1 value=6.6610 outlier=false
arm=granite_moe.s5_e2bdecode metric=ms_per_token process=2 run=2 value=6.6870 outlier=false
arm=granite_moe.s5_e2bdecode metric=ms_per_token process=2 run=3 value=6.6620 outlier=false
arm=granite_moe.s5_e2bdecode metric=ms_per_token process=2 run=4 value=6.7620 outlier=false
arm=granite_moe.s5_e2bdecode metric=ms_per_token process=2 run=5 value=6.6940 outlier=false
arm=granite_moe.s5_e2bdecode metric=ms_per_token process=2 run=6 value=6.7040 outlier=false
arm=granite_moe.s5_e2bdecode metric=ms_per_token process=2 run=7 value=6.6060 outlier=false
summary arm=granite_moe.s5_e2bdecode metric=ms_per_token n_all=21 median_all=6.6620 cov_all_pct=0.71 min_all=6.5870 max_all=6.7620 | n_kept=21 median_kept=6.6620 mad_kept=0.0320 cov_kept_pct=0.71 min_kept=6.5870 max_kept=6.7620
arm=granite_moe.s5_e2bdecode metric=prefill_ms process=0 run=1 value=265.0080 outlier=false
arm=granite_moe.s5_e2bdecode metric=prefill_ms process=0 run=2 value=266.0150 outlier=false
arm=granite_moe.s5_e2bdecode metric=prefill_ms process=0 run=3 value=265.0560 outlier=false
arm=granite_moe.s5_e2bdecode metric=prefill_ms process=0 run=4 value=265.9800 outlier=false
arm=granite_moe.s5_e2bdecode metric=prefill_ms process=0 run=5 value=266.0150 outlier=false
arm=granite_moe.s5_e2bdecode metric=prefill_ms process=0 run=6 value=263.9480 outlier=false
arm=granite_moe.s5_e2bdecode metric=prefill_ms process=0 run=7 value=267.0280 outlier=false
arm=granite_moe.s5_e2bdecode metric=prefill_ms process=1 run=1 value=264.9860 outlier=false
arm=granite_moe.s5_e2bdecode metric=prefill_ms process=1 run=2 value=264.9560 outlier=false
arm=granite_moe.s5_e2bdecode metric=prefill_ms process=1 run=3 value=264.0200 outlier=false
arm=granite_moe.s5_e2bdecode metric=prefill_ms process=1 run=4 value=266.0040 outlier=false
arm=granite_moe.s5_e2bdecode metric=prefill_ms process=1 run=5 value=265.0550 outlier=false
arm=granite_moe.s5_e2bdecode metric=prefill_ms process=1 run=6 value=265.0040 outlier=false
arm=granite_moe.s5_e2bdecode metric=prefill_ms process=1 run=7 value=264.9910 outlier=false
arm=granite_moe.s5_e2bdecode metric=prefill_ms process=2 run=1 value=266.0470 outlier=false
arm=granite_moe.s5_e2bdecode metric=prefill_ms process=2 run=2 value=265.9420 outlier=false
arm=granite_moe.s5_e2bdecode metric=prefill_ms process=2 run=3 value=265.0540 outlier=false
arm=granite_moe.s5_e2bdecode metric=prefill_ms process=2 run=4 value=266.0590 outlier=false
arm=granite_moe.s5_e2bdecode metric=prefill_ms process=2 run=5 value=266.9720 outlier=false
arm=granite_moe.s5_e2bdecode metric=prefill_ms process=2 run=6 value=264.9930 outlier=false
arm=granite_moe.s5_e2bdecode metric=prefill_ms process=2 run=7 value=264.9570 outlier=false
summary arm=granite_moe.s5_e2bdecode metric=prefill_ms n_all=21 median_all=265.0550 cov_all_pct=0.30 min_all=263.9480 max_all=267.0280 | n_kept=21 median_kept=265.0550 mad_kept=0.8870 cov_kept_pct=0.30 min_kept=263.9480 max_kept=267.0280
arm=granite_moe.s5_e2bdecode metric=ttft_ms process=0 run=1 value=265.0000 outlier=false
arm=granite_moe.s5_e2bdecode metric=ttft_ms process=0 run=2 value=266.0000 outlier=false
arm=granite_moe.s5_e2bdecode metric=ttft_ms process=0 run=3 value=265.0000 outlier=false
arm=granite_moe.s5_e2bdecode metric=ttft_ms process=0 run=4 value=266.0000 outlier=false
arm=granite_moe.s5_e2bdecode metric=ttft_ms process=0 run=5 value=266.0000 outlier=false
arm=granite_moe.s5_e2bdecode metric=ttft_ms process=0 run=6 value=264.0000 outlier=false
arm=granite_moe.s5_e2bdecode metric=ttft_ms process=0 run=7 value=267.0000 outlier=false
arm=granite_moe.s5_e2bdecode metric=ttft_ms process=1 run=1 value=265.0000 outlier=false
arm=granite_moe.s5_e2bdecode metric=ttft_ms process=1 run=2 value=265.0000 outlier=false
arm=granite_moe.s5_e2bdecode metric=ttft_ms process=1 run=3 value=264.0000 outlier=false
arm=granite_moe.s5_e2bdecode metric=ttft_ms process=1 run=4 value=266.0000 outlier=false
arm=granite_moe.s5_e2bdecode metric=ttft_ms process=1 run=5 value=265.0000 outlier=false
arm=granite_moe.s5_e2bdecode metric=ttft_ms process=1 run=6 value=265.0000 outlier=false
arm=granite_moe.s5_e2bdecode metric=ttft_ms process=1 run=7 value=265.0000 outlier=false
arm=granite_moe.s5_e2bdecode metric=ttft_ms process=2 run=1 value=266.0000 outlier=false
arm=granite_moe.s5_e2bdecode metric=ttft_ms process=2 run=2 value=266.0000 outlier=false
arm=granite_moe.s5_e2bdecode metric=ttft_ms process=2 run=3 value=265.0000 outlier=false
arm=granite_moe.s5_e2bdecode metric=ttft_ms process=2 run=4 value=266.0000 outlier=false
arm=granite_moe.s5_e2bdecode metric=ttft_ms process=2 run=5 value=267.0000 outlier=false
arm=granite_moe.s5_e2bdecode metric=ttft_ms process=2 run=6 value=265.0000 outlier=false
arm=granite_moe.s5_e2bdecode metric=ttft_ms process=2 run=7 value=265.0000 outlier=false
summary arm=granite_moe.s5_e2bdecode metric=ttft_ms n_all=21 median_all=265.0000 cov_all_pct=0.30 min_all=264.0000 max_all=267.0000 | n_kept=21 median_kept=265.0000 mad_kept=1.0000 cov_kept_pct=0.30 min_kept=264.0000 max_kept=267.0000
memory arm=granite_moe.s5_e2bdecode metric=peak_rss_bytes process=0 value=1986838528
memory arm=granite_moe.s5_e2bdecode metric=peak_rss_bytes process=1 value=1989378048
memory arm=granite_moe.s5_e2bdecode metric=peak_rss_bytes process=2 value=1875968000
summary arm=granite_moe.s5_e2bdecode metric=peak_rss_bytes n=3 median=1986838528 max=1989378048
memory arm=granite_moe.s5_e2bdecode metric=peak_footprint_bytes process=0 value=366433728
memory arm=granite_moe.s5_e2bdecode metric=peak_footprint_bytes process=1 value=365745600
memory arm=granite_moe.s5_e2bdecode metric=peak_footprint_bytes process=2 value=367416320
summary arm=granite_moe.s5_e2bdecode metric=peak_footprint_bytes n=3 median=366433728 max=367416320
memory arm=granite_moe.s5_e2bdecode metric=peak_gpu_bytes process=0 value=1728069632
memory arm=granite_moe.s5_e2bdecode metric=peak_gpu_bytes process=1 value=1728069632
memory arm=granite_moe.s5_e2bdecode metric=peak_gpu_bytes process=2 value=1728069632
summary arm=granite_moe.s5_e2bdecode metric=peak_gpu_bytes n=3 median=1728069632 max=1728069632
extra arm=granite_moe.s5_e2bdecode process=0 peers_present_at_exit=[]
extra arm=granite_moe.s5_e2bdecode process=1 peers_present_at_exit=[]
extra arm=granite_moe.s5_e2bdecode process=2 peers_present_at_exit=[]
arm=granite_moe.s6_granitehost metric=ms_per_token process=0 run=1 value=6.7550 outlier=false
arm=granite_moe.s6_granitehost metric=ms_per_token process=0 run=2 value=6.8640 outlier=true
arm=granite_moe.s6_granitehost metric=ms_per_token process=0 run=3 value=6.7740 outlier=false
arm=granite_moe.s6_granitehost metric=ms_per_token process=0 run=4 value=6.6600 outlier=false
arm=granite_moe.s6_granitehost metric=ms_per_token process=0 run=5 value=6.6440 outlier=false
arm=granite_moe.s6_granitehost metric=ms_per_token process=0 run=6 value=6.6310 outlier=false
arm=granite_moe.s6_granitehost metric=ms_per_token process=0 run=7 value=6.6800 outlier=false
arm=granite_moe.s6_granitehost metric=ms_per_token process=1 run=1 value=6.7120 outlier=false
arm=granite_moe.s6_granitehost metric=ms_per_token process=1 run=2 value=6.6930 outlier=false
arm=granite_moe.s6_granitehost metric=ms_per_token process=1 run=3 value=6.7250 outlier=false
arm=granite_moe.s6_granitehost metric=ms_per_token process=1 run=4 value=6.7690 outlier=false
arm=granite_moe.s6_granitehost metric=ms_per_token process=1 run=5 value=6.6720 outlier=false
arm=granite_moe.s6_granitehost metric=ms_per_token process=1 run=6 value=6.6650 outlier=false
arm=granite_moe.s6_granitehost metric=ms_per_token process=1 run=7 value=6.6680 outlier=false
arm=granite_moe.s6_granitehost metric=ms_per_token process=2 run=1 value=6.7470 outlier=false
arm=granite_moe.s6_granitehost metric=ms_per_token process=2 run=2 value=6.6430 outlier=false
arm=granite_moe.s6_granitehost metric=ms_per_token process=2 run=3 value=6.6600 outlier=false
arm=granite_moe.s6_granitehost metric=ms_per_token process=2 run=4 value=6.6830 outlier=false
arm=granite_moe.s6_granitehost metric=ms_per_token process=2 run=5 value=6.7050 outlier=false
arm=granite_moe.s6_granitehost metric=ms_per_token process=2 run=6 value=6.7360 outlier=false
arm=granite_moe.s6_granitehost metric=ms_per_token process=2 run=7 value=6.6160 outlier=false
summary arm=granite_moe.s6_granitehost metric=ms_per_token n_all=21 median_all=6.6830 cov_all_pct=0.86 min_all=6.6160 max_all=6.8640 | n_kept=20 median_kept=6.6815 mad_kept=0.0340 cov_kept_pct=0.68 min_kept=6.6160 max_kept=6.7740
arm=granite_moe.s6_granitehost metric=prefill_ms process=0 run=1 value=264.9910 outlier=false
arm=granite_moe.s6_granitehost metric=prefill_ms process=0 run=2 value=267.0270 outlier=false
arm=granite_moe.s6_granitehost metric=prefill_ms process=0 run=3 value=265.0070 outlier=false
arm=granite_moe.s6_granitehost metric=prefill_ms process=0 run=4 value=265.9590 outlier=false
arm=granite_moe.s6_granitehost metric=prefill_ms process=0 run=5 value=266.0050 outlier=false
arm=granite_moe.s6_granitehost metric=prefill_ms process=0 run=6 value=264.9890 outlier=false
arm=granite_moe.s6_granitehost metric=prefill_ms process=0 run=7 value=266.0380 outlier=false
arm=granite_moe.s6_granitehost metric=prefill_ms process=1 run=1 value=265.9520 outlier=false
arm=granite_moe.s6_granitehost metric=prefill_ms process=1 run=2 value=265.9960 outlier=false
arm=granite_moe.s6_granitehost metric=prefill_ms process=1 run=3 value=265.0090 outlier=false
arm=granite_moe.s6_granitehost metric=prefill_ms process=1 run=4 value=264.9770 outlier=false
arm=granite_moe.s6_granitehost metric=prefill_ms process=1 run=5 value=265.0440 outlier=false
arm=granite_moe.s6_granitehost metric=prefill_ms process=1 run=6 value=265.0060 outlier=false
arm=granite_moe.s6_granitehost metric=prefill_ms process=1 run=7 value=263.9390 outlier=false
arm=granite_moe.s6_granitehost metric=prefill_ms process=2 run=1 value=265.9660 outlier=false
arm=granite_moe.s6_granitehost metric=prefill_ms process=2 run=2 value=265.9820 outlier=false
arm=granite_moe.s6_granitehost metric=prefill_ms process=2 run=3 value=265.0320 outlier=false
arm=granite_moe.s6_granitehost metric=prefill_ms process=2 run=4 value=266.0390 outlier=false
arm=granite_moe.s6_granitehost metric=prefill_ms process=2 run=5 value=265.0070 outlier=false
arm=granite_moe.s6_granitehost metric=prefill_ms process=2 run=6 value=264.9620 outlier=false
arm=granite_moe.s6_granitehost metric=prefill_ms process=2 run=7 value=265.9600 outlier=false
summary arm=granite_moe.s6_granitehost metric=prefill_ms n_all=21 median_all=265.0440 cov_all_pct=0.25 min_all=263.9390 max_all=267.0270 | n_kept=21 median_kept=265.0440 mad_kept=0.9080 cov_kept_pct=0.25 min_kept=263.9390 max_kept=267.0270
arm=granite_moe.s6_granitehost metric=ttft_ms process=0 run=1 value=265.0000 outlier=false
arm=granite_moe.s6_granitehost metric=ttft_ms process=0 run=2 value=267.0000 outlier=false
arm=granite_moe.s6_granitehost metric=ttft_ms process=0 run=3 value=265.0000 outlier=false
arm=granite_moe.s6_granitehost metric=ttft_ms process=0 run=4 value=266.0000 outlier=false
arm=granite_moe.s6_granitehost metric=ttft_ms process=0 run=5 value=266.0000 outlier=false
arm=granite_moe.s6_granitehost metric=ttft_ms process=0 run=6 value=265.0000 outlier=false
arm=granite_moe.s6_granitehost metric=ttft_ms process=0 run=7 value=266.0000 outlier=false
arm=granite_moe.s6_granitehost metric=ttft_ms process=1 run=1 value=266.0000 outlier=false
arm=granite_moe.s6_granitehost metric=ttft_ms process=1 run=2 value=266.0000 outlier=false
arm=granite_moe.s6_granitehost metric=ttft_ms process=1 run=3 value=265.0000 outlier=false
arm=granite_moe.s6_granitehost metric=ttft_ms process=1 run=4 value=265.0000 outlier=false
arm=granite_moe.s6_granitehost metric=ttft_ms process=1 run=5 value=265.0000 outlier=false
arm=granite_moe.s6_granitehost metric=ttft_ms process=1 run=6 value=265.0000 outlier=false
arm=granite_moe.s6_granitehost metric=ttft_ms process=1 run=7 value=264.0000 outlier=false
arm=granite_moe.s6_granitehost metric=ttft_ms process=2 run=1 value=266.0000 outlier=false
arm=granite_moe.s6_granitehost metric=ttft_ms process=2 run=2 value=266.0000 outlier=false
arm=granite_moe.s6_granitehost metric=ttft_ms process=2 run=3 value=265.0000 outlier=false
arm=granite_moe.s6_granitehost metric=ttft_ms process=2 run=4 value=266.0000 outlier=false
arm=granite_moe.s6_granitehost metric=ttft_ms process=2 run=5 value=265.0000 outlier=false
arm=granite_moe.s6_granitehost metric=ttft_ms process=2 run=6 value=265.0000 outlier=false
arm=granite_moe.s6_granitehost metric=ttft_ms process=2 run=7 value=266.0000 outlier=false
summary arm=granite_moe.s6_granitehost metric=ttft_ms n_all=21 median_all=265.0000 cov_all_pct=0.25 min_all=264.0000 max_all=267.0000 | n_kept=21 median_kept=265.0000 mad_kept=1.0000 cov_kept_pct=0.25 min_kept=264.0000 max_kept=267.0000
memory arm=granite_moe.s6_granitehost metric=peak_rss_bytes process=0 value=1996423168
memory arm=granite_moe.s6_granitehost metric=peak_rss_bytes process=1 value=1878163456
memory arm=granite_moe.s6_granitehost metric=peak_rss_bytes process=2 value=1987837952
summary arm=granite_moe.s6_granitehost metric=peak_rss_bytes n=3 median=1987837952 max=1996423168
memory arm=granite_moe.s6_granitehost metric=peak_footprint_bytes process=0 value=367629504
memory arm=granite_moe.s6_granitehost metric=peak_footprint_bytes process=1 value=366351488
memory arm=granite_moe.s6_granitehost metric=peak_footprint_bytes process=2 value=365204608
summary arm=granite_moe.s6_granitehost metric=peak_footprint_bytes n=3 median=366351488 max=367629504
memory arm=granite_moe.s6_granitehost metric=peak_gpu_bytes process=0 value=1728069632
memory arm=granite_moe.s6_granitehost metric=peak_gpu_bytes process=1 value=1728069632
memory arm=granite_moe.s6_granitehost metric=peak_gpu_bytes process=2 value=1728069632
summary arm=granite_moe.s6_granitehost metric=peak_gpu_bytes n=3 median=1728069632 max=1728069632
extra arm=granite_moe.s6_granitehost process=0 peers_present_at_exit=[]
extra arm=granite_moe.s6_granitehost process=1 peers_present_at_exit=[]
extra arm=granite_moe.s6_granitehost process=2 peers_present_at_exit=[]
arm=granite_moe.tip metric=ms_per_token process=0 run=1 value=6.6720 outlier=false
arm=granite_moe.tip metric=ms_per_token process=0 run=2 value=6.6630 outlier=false
arm=granite_moe.tip metric=ms_per_token process=0 run=3 value=6.6950 outlier=false
arm=granite_moe.tip metric=ms_per_token process=0 run=4 value=6.7010 outlier=false
arm=granite_moe.tip metric=ms_per_token process=0 run=5 value=6.8210 outlier=true
arm=granite_moe.tip metric=ms_per_token process=0 run=6 value=6.6160 outlier=false
arm=granite_moe.tip metric=ms_per_token process=0 run=7 value=6.7380 outlier=false
arm=granite_moe.tip metric=ms_per_token process=1 run=1 value=6.6290 outlier=false
arm=granite_moe.tip metric=ms_per_token process=1 run=2 value=6.7650 outlier=false
arm=granite_moe.tip metric=ms_per_token process=1 run=3 value=6.8380 outlier=true
arm=granite_moe.tip metric=ms_per_token process=1 run=4 value=6.6590 outlier=false
arm=granite_moe.tip metric=ms_per_token process=1 run=5 value=6.6380 outlier=false
arm=granite_moe.tip metric=ms_per_token process=1 run=6 value=6.7580 outlier=false
arm=granite_moe.tip metric=ms_per_token process=1 run=7 value=6.5860 outlier=false
arm=granite_moe.tip metric=ms_per_token process=2 run=1 value=6.6420 outlier=false
arm=granite_moe.tip metric=ms_per_token process=2 run=2 value=6.6590 outlier=false
arm=granite_moe.tip metric=ms_per_token process=2 run=3 value=6.7480 outlier=false
arm=granite_moe.tip metric=ms_per_token process=2 run=4 value=6.6650 outlier=false
arm=granite_moe.tip metric=ms_per_token process=2 run=5 value=6.6590 outlier=false
arm=granite_moe.tip metric=ms_per_token process=2 run=6 value=6.6320 outlier=false
arm=granite_moe.tip metric=ms_per_token process=2 run=7 value=6.6650 outlier=false
summary arm=granite_moe.tip metric=ms_per_token n_all=21 median_all=6.6650 cov_all_pct=0.97 min_all=6.5860 max_all=6.8380 | n_kept=19 median_kept=6.6630 mad_kept=0.0310 cov_kept_pct=0.72 min_kept=6.5860 max_kept=6.7650
arm=granite_moe.tip metric=prefill_ms process=0 run=1 value=263.9480 outlier=false
arm=granite_moe.tip metric=prefill_ms process=0 run=2 value=266.0610 outlier=false
arm=granite_moe.tip metric=prefill_ms process=0 run=3 value=266.0130 outlier=false
arm=granite_moe.tip metric=prefill_ms process=0 run=4 value=266.0180 outlier=false
arm=granite_moe.tip metric=prefill_ms process=0 run=5 value=264.9820 outlier=false
arm=granite_moe.tip metric=prefill_ms process=0 run=6 value=267.0510 outlier=false
arm=granite_moe.tip metric=prefill_ms process=0 run=7 value=264.9780 outlier=false
arm=granite_moe.tip metric=prefill_ms process=1 run=1 value=264.9640 outlier=false
arm=granite_moe.tip metric=prefill_ms process=1 run=2 value=265.9970 outlier=false
arm=granite_moe.tip metric=prefill_ms process=1 run=3 value=268.0480 outlier=false
arm=granite_moe.tip metric=prefill_ms process=1 run=4 value=265.0330 outlier=false
arm=granite_moe.tip metric=prefill_ms process=1 run=5 value=265.0550 outlier=false
arm=granite_moe.tip metric=prefill_ms process=1 run=6 value=264.9740 outlier=false
arm=granite_moe.tip metric=prefill_ms process=1 run=7 value=265.9810 outlier=false
arm=granite_moe.tip metric=prefill_ms process=2 run=1 value=265.9910 outlier=false
arm=granite_moe.tip metric=prefill_ms process=2 run=2 value=264.0560 outlier=false
arm=granite_moe.tip metric=prefill_ms process=2 run=3 value=266.0430 outlier=false
arm=granite_moe.tip metric=prefill_ms process=2 run=4 value=263.9880 outlier=false
arm=granite_moe.tip metric=prefill_ms process=2 run=5 value=266.0560 outlier=false
arm=granite_moe.tip metric=prefill_ms process=2 run=6 value=265.0340 outlier=false
arm=granite_moe.tip metric=prefill_ms process=2 run=7 value=265.9830 outlier=false
summary arm=granite_moe.tip metric=prefill_ms n_all=21 median_all=265.9810 cov_all_pct=0.37 min_all=263.9480 max_all=268.0480 | n_kept=21 median_kept=265.9810 mad_kept=0.9470 cov_kept_pct=0.37 min_kept=263.9480 max_kept=268.0480
arm=granite_moe.tip metric=ttft_ms process=0 run=1 value=264.0000 outlier=false
arm=granite_moe.tip metric=ttft_ms process=0 run=2 value=266.0000 outlier=false
arm=granite_moe.tip metric=ttft_ms process=0 run=3 value=266.0000 outlier=false
arm=granite_moe.tip metric=ttft_ms process=0 run=4 value=266.0000 outlier=false
arm=granite_moe.tip metric=ttft_ms process=0 run=5 value=265.0000 outlier=false
arm=granite_moe.tip metric=ttft_ms process=0 run=6 value=267.0000 outlier=false
arm=granite_moe.tip metric=ttft_ms process=0 run=7 value=265.0000 outlier=false
arm=granite_moe.tip metric=ttft_ms process=1 run=1 value=265.0000 outlier=false
arm=granite_moe.tip metric=ttft_ms process=1 run=2 value=266.0000 outlier=false
arm=granite_moe.tip metric=ttft_ms process=1 run=3 value=268.0000 outlier=false
arm=granite_moe.tip metric=ttft_ms process=1 run=4 value=265.0000 outlier=false
arm=granite_moe.tip metric=ttft_ms process=1 run=5 value=265.0000 outlier=false
arm=granite_moe.tip metric=ttft_ms process=1 run=6 value=265.0000 outlier=false
arm=granite_moe.tip metric=ttft_ms process=1 run=7 value=266.0000 outlier=false
arm=granite_moe.tip metric=ttft_ms process=2 run=1 value=266.0000 outlier=false
arm=granite_moe.tip metric=ttft_ms process=2 run=2 value=264.0000 outlier=false
arm=granite_moe.tip metric=ttft_ms process=2 run=3 value=266.0000 outlier=false
arm=granite_moe.tip metric=ttft_ms process=2 run=4 value=264.0000 outlier=false
arm=granite_moe.tip metric=ttft_ms process=2 run=5 value=266.0000 outlier=false
arm=granite_moe.tip metric=ttft_ms process=2 run=6 value=265.0000 outlier=false
arm=granite_moe.tip metric=ttft_ms process=2 run=7 value=266.0000 outlier=false
summary arm=granite_moe.tip metric=ttft_ms n_all=21 median_all=266.0000 cov_all_pct=0.36 min_all=264.0000 max_all=268.0000 | n_kept=21 median_kept=266.0000 mad_kept=1.0000 cov_kept_pct=0.36 min_kept=264.0000 max_kept=268.0000
memory arm=granite_moe.tip metric=peak_rss_bytes process=0 value=1981464576
memory arm=granite_moe.tip metric=peak_rss_bytes process=1 value=1980956672
memory arm=granite_moe.tip metric=peak_rss_bytes process=2 value=1987657728
summary arm=granite_moe.tip metric=peak_rss_bytes n=3 median=1981464576 max=1987657728
memory arm=granite_moe.tip metric=peak_footprint_bytes process=0 value=365942272
memory arm=granite_moe.tip metric=peak_footprint_bytes process=1 value=365483392
memory arm=granite_moe.tip metric=peak_footprint_bytes process=2 value=365417728
summary arm=granite_moe.tip metric=peak_footprint_bytes n=3 median=365483392 max=365942272
memory arm=granite_moe.tip metric=peak_gpu_bytes process=0 value=1728069632
memory arm=granite_moe.tip metric=peak_gpu_bytes process=1 value=1728069632
memory arm=granite_moe.tip metric=peak_gpu_bytes process=2 value=1728069632
summary arm=granite_moe.tip metric=peak_gpu_bytes n=3 median=1728069632 max=1728069632
extra arm=granite_moe.tip process=0 peers_present_at_exit=[]
extra arm=granite_moe.tip process=1 peers_present_at_exit=[]
extra arm=granite_moe.tip process=2 peers_present_at_exit=[]
arm=granite_moe.off_combine metric=ms_per_token process=0 run=1 value=6.6930 outlier=false
arm=granite_moe.off_combine metric=ms_per_token process=0 run=2 value=6.6660 outlier=false
arm=granite_moe.off_combine metric=ms_per_token process=0 run=3 value=6.6900 outlier=false
arm=granite_moe.off_combine metric=ms_per_token process=0 run=4 value=6.7430 outlier=false
arm=granite_moe.off_combine metric=ms_per_token process=0 run=5 value=6.6990 outlier=false
arm=granite_moe.off_combine metric=ms_per_token process=0 run=6 value=6.6100 outlier=false
arm=granite_moe.off_combine metric=ms_per_token process=0 run=7 value=6.6920 outlier=false
arm=granite_moe.off_combine metric=ms_per_token process=1 run=1 value=6.7040 outlier=false
arm=granite_moe.off_combine metric=ms_per_token process=1 run=2 value=6.6540 outlier=false
arm=granite_moe.off_combine metric=ms_per_token process=1 run=3 value=6.6940 outlier=false
arm=granite_moe.off_combine metric=ms_per_token process=1 run=4 value=6.6590 outlier=false
arm=granite_moe.off_combine metric=ms_per_token process=1 run=5 value=6.6990 outlier=false
arm=granite_moe.off_combine metric=ms_per_token process=1 run=6 value=6.7230 outlier=false
arm=granite_moe.off_combine metric=ms_per_token process=1 run=7 value=6.6340 outlier=false
arm=granite_moe.off_combine metric=ms_per_token process=2 run=1 value=6.5630 outlier=true
arm=granite_moe.off_combine metric=ms_per_token process=2 run=2 value=6.7080 outlier=false
arm=granite_moe.off_combine metric=ms_per_token process=2 run=3 value=6.6830 outlier=false
arm=granite_moe.off_combine metric=ms_per_token process=2 run=4 value=6.7290 outlier=false
arm=granite_moe.off_combine metric=ms_per_token process=2 run=5 value=6.6810 outlier=false
arm=granite_moe.off_combine metric=ms_per_token process=2 run=6 value=6.6590 outlier=false
arm=granite_moe.off_combine metric=ms_per_token process=2 run=7 value=6.7200 outlier=false
summary arm=granite_moe.off_combine metric=ms_per_token n_all=21 median_all=6.6920 cov_all_pct=0.61 min_all=6.5630 max_all=6.7430 | n_kept=20 median_kept=6.6925 mad_kept=0.0210 cov_kept_pct=0.48 min_kept=6.6100 max_kept=6.7430
arm=granite_moe.off_combine metric=prefill_ms process=0 run=1 value=349.9870 outlier=false
arm=granite_moe.off_combine metric=prefill_ms process=0 run=2 value=351.9460 outlier=false
arm=granite_moe.off_combine metric=prefill_ms process=0 run=3 value=351.0630 outlier=false
arm=granite_moe.off_combine metric=prefill_ms process=0 run=4 value=350.9780 outlier=false
arm=granite_moe.off_combine metric=prefill_ms process=0 run=5 value=351.9840 outlier=false
arm=granite_moe.off_combine metric=prefill_ms process=0 run=6 value=351.0550 outlier=false
arm=granite_moe.off_combine metric=prefill_ms process=0 run=7 value=349.0600 outlier=false
arm=granite_moe.off_combine metric=prefill_ms process=1 run=1 value=349.9560 outlier=false
arm=granite_moe.off_combine metric=prefill_ms process=1 run=2 value=352.0600 outlier=false
arm=granite_moe.off_combine metric=prefill_ms process=1 run=3 value=351.9820 outlier=false
arm=granite_moe.off_combine metric=prefill_ms process=1 run=4 value=350.9950 outlier=false
arm=granite_moe.off_combine metric=prefill_ms process=1 run=5 value=349.9990 outlier=false
arm=granite_moe.off_combine metric=prefill_ms process=1 run=6 value=350.0100 outlier=false
arm=granite_moe.off_combine metric=prefill_ms process=1 run=7 value=350.9950 outlier=false
arm=granite_moe.off_combine metric=prefill_ms process=2 run=1 value=350.0230 outlier=false
arm=granite_moe.off_combine metric=prefill_ms process=2 run=2 value=350.0050 outlier=false
arm=granite_moe.off_combine metric=prefill_ms process=2 run=3 value=350.9690 outlier=false
arm=granite_moe.off_combine metric=prefill_ms process=2 run=4 value=351.0500 outlier=false
arm=granite_moe.off_combine metric=prefill_ms process=2 run=5 value=351.0250 outlier=false
arm=granite_moe.off_combine metric=prefill_ms process=2 run=6 value=351.0210 outlier=false
arm=granite_moe.off_combine metric=prefill_ms process=2 run=7 value=350.9610 outlier=false
summary arm=granite_moe.off_combine metric=prefill_ms n_all=21 median_all=350.9950 cov_all_pct=0.22 min_all=349.0600 max_all=352.0600 | n_kept=21 median_kept=350.9950 mad_kept=0.9510 cov_kept_pct=0.22 min_kept=349.0600 max_kept=352.0600
arm=granite_moe.off_combine metric=ttft_ms process=0 run=1 value=350.0000 outlier=false
arm=granite_moe.off_combine metric=ttft_ms process=0 run=2 value=352.0000 outlier=false
arm=granite_moe.off_combine metric=ttft_ms process=0 run=3 value=351.0000 outlier=false
arm=granite_moe.off_combine metric=ttft_ms process=0 run=4 value=351.0000 outlier=false
arm=granite_moe.off_combine metric=ttft_ms process=0 run=5 value=352.0000 outlier=false
arm=granite_moe.off_combine metric=ttft_ms process=0 run=6 value=351.0000 outlier=false
arm=granite_moe.off_combine metric=ttft_ms process=0 run=7 value=349.0000 outlier=false
arm=granite_moe.off_combine metric=ttft_ms process=1 run=1 value=350.0000 outlier=false
arm=granite_moe.off_combine metric=ttft_ms process=1 run=2 value=352.0000 outlier=false
arm=granite_moe.off_combine metric=ttft_ms process=1 run=3 value=352.0000 outlier=false
arm=granite_moe.off_combine metric=ttft_ms process=1 run=4 value=351.0000 outlier=false
arm=granite_moe.off_combine metric=ttft_ms process=1 run=5 value=350.0000 outlier=false
arm=granite_moe.off_combine metric=ttft_ms process=1 run=6 value=350.0000 outlier=false
arm=granite_moe.off_combine metric=ttft_ms process=1 run=7 value=351.0000 outlier=false
arm=granite_moe.off_combine metric=ttft_ms process=2 run=1 value=350.0000 outlier=false
arm=granite_moe.off_combine metric=ttft_ms process=2 run=2 value=350.0000 outlier=false
arm=granite_moe.off_combine metric=ttft_ms process=2 run=3 value=351.0000 outlier=false
arm=granite_moe.off_combine metric=ttft_ms process=2 run=4 value=351.0000 outlier=false
arm=granite_moe.off_combine metric=ttft_ms process=2 run=5 value=351.0000 outlier=false
arm=granite_moe.off_combine metric=ttft_ms process=2 run=6 value=351.0000 outlier=false
arm=granite_moe.off_combine metric=ttft_ms process=2 run=7 value=351.0000 outlier=false
summary arm=granite_moe.off_combine metric=ttft_ms n_all=21 median_all=351.0000 cov_all_pct=0.23 min_all=349.0000 max_all=352.0000 | n_kept=21 median_kept=351.0000 mad_kept=1.0000 cov_kept_pct=0.23 min_kept=349.0000 max_kept=352.0000
memory arm=granite_moe.off_combine metric=peak_rss_bytes process=0 value=2103508992
memory arm=granite_moe.off_combine metric=peak_rss_bytes process=1 value=1987395584
memory arm=granite_moe.off_combine metric=peak_rss_bytes process=2 value=1885093888
summary arm=granite_moe.off_combine metric=peak_rss_bytes n=3 median=1987395584 max=2103508992
memory arm=granite_moe.off_combine metric=peak_footprint_bytes process=0 value=365614656
memory arm=granite_moe.off_combine metric=peak_footprint_bytes process=1 value=365368704
memory arm=granite_moe.off_combine metric=peak_footprint_bytes process=2 value=373527936
summary arm=granite_moe.off_combine metric=peak_footprint_bytes n=3 median=365614656 max=373527936
memory arm=granite_moe.off_combine metric=peak_gpu_bytes process=0 value=1728069632
memory arm=granite_moe.off_combine metric=peak_gpu_bytes process=1 value=1728069632
memory arm=granite_moe.off_combine metric=peak_gpu_bytes process=2 value=1728069632
summary arm=granite_moe.off_combine metric=peak_gpu_bytes n=3 median=1728069632 max=1728069632
extra arm=granite_moe.off_combine process=0 peers_present_at_exit=[]
extra arm=granite_moe.off_combine process=1 peers_present_at_exit=[]
extra arm=granite_moe.off_combine process=2 peers_present_at_exit=[]
arm=granite_moe.off_rope metric=ms_per_token process=0 run=1 value=6.6380 outlier=false
arm=granite_moe.off_rope metric=ms_per_token process=0 run=2 value=6.6940 outlier=false
arm=granite_moe.off_rope metric=ms_per_token process=0 run=3 value=6.6560 outlier=false
arm=granite_moe.off_rope metric=ms_per_token process=0 run=4 value=6.6980 outlier=false
arm=granite_moe.off_rope metric=ms_per_token process=0 run=5 value=6.6760 outlier=false
arm=granite_moe.off_rope metric=ms_per_token process=0 run=6 value=6.6560 outlier=false
arm=granite_moe.off_rope metric=ms_per_token process=0 run=7 value=6.6400 outlier=false
arm=granite_moe.off_rope metric=ms_per_token process=1 run=1 value=6.7010 outlier=false
arm=granite_moe.off_rope metric=ms_per_token process=1 run=2 value=6.7350 outlier=false
arm=granite_moe.off_rope metric=ms_per_token process=1 run=3 value=6.7700 outlier=false
arm=granite_moe.off_rope metric=ms_per_token process=1 run=4 value=6.6940 outlier=false
arm=granite_moe.off_rope metric=ms_per_token process=1 run=5 value=6.6700 outlier=false
arm=granite_moe.off_rope metric=ms_per_token process=1 run=6 value=6.6910 outlier=false
arm=granite_moe.off_rope metric=ms_per_token process=1 run=7 value=6.6770 outlier=false
arm=granite_moe.off_rope metric=ms_per_token process=2 run=1 value=6.7950 outlier=true
arm=granite_moe.off_rope metric=ms_per_token process=2 run=2 value=6.6610 outlier=false
arm=granite_moe.off_rope metric=ms_per_token process=2 run=3 value=6.6710 outlier=false
arm=granite_moe.off_rope metric=ms_per_token process=2 run=4 value=6.7210 outlier=false
arm=granite_moe.off_rope metric=ms_per_token process=2 run=5 value=6.6990 outlier=false
arm=granite_moe.off_rope metric=ms_per_token process=2 run=6 value=6.6720 outlier=false
arm=granite_moe.off_rope metric=ms_per_token process=2 run=7 value=6.7120 outlier=false
summary arm=granite_moe.off_rope metric=ms_per_token n_all=21 median_all=6.6910 cov_all_pct=0.57 min_all=6.6380 max_all=6.7950 | n_kept=20 median_kept=6.6840 mad_kept=0.0160 cov_kept_pct=0.47 min_kept=6.6380 max_kept=6.7700
arm=granite_moe.off_rope metric=prefill_ms process=0 run=1 value=266.0630 outlier=false
arm=granite_moe.off_rope metric=prefill_ms process=0 run=2 value=264.9990 outlier=true
arm=granite_moe.off_rope metric=prefill_ms process=0 run=3 value=264.9410 outlier=true
arm=granite_moe.off_rope metric=prefill_ms process=0 run=4 value=264.0170 outlier=true
arm=granite_moe.off_rope metric=prefill_ms process=0 run=5 value=267.0140 outlier=true
arm=granite_moe.off_rope metric=prefill_ms process=0 run=6 value=265.9570 outlier=false
arm=granite_moe.off_rope metric=prefill_ms process=0 run=7 value=264.0410 outlier=true
arm=granite_moe.off_rope metric=prefill_ms process=1 run=1 value=266.0360 outlier=false
arm=granite_moe.off_rope metric=prefill_ms process=1 run=2 value=265.9610 outlier=false
arm=granite_moe.off_rope metric=prefill_ms process=1 run=3 value=266.0120 outlier=false
arm=granite_moe.off_rope metric=prefill_ms process=1 run=4 value=265.0260 outlier=true
arm=granite_moe.off_rope metric=prefill_ms process=1 run=5 value=265.9870 outlier=false
arm=granite_moe.off_rope metric=prefill_ms process=1 run=6 value=267.0570 outlier=true
arm=granite_moe.off_rope metric=prefill_ms process=1 run=7 value=266.0620 outlier=false
arm=granite_moe.off_rope metric=prefill_ms process=2 run=1 value=265.9460 outlier=false
arm=granite_moe.off_rope metric=prefill_ms process=2 run=2 value=266.0140 outlier=false
arm=granite_moe.off_rope metric=prefill_ms process=2 run=3 value=266.0190 outlier=false
arm=granite_moe.off_rope metric=prefill_ms process=2 run=4 value=264.0230 outlier=true
arm=granite_moe.off_rope metric=prefill_ms process=2 run=5 value=265.9980 outlier=false
arm=granite_moe.off_rope metric=prefill_ms process=2 run=6 value=266.0170 outlier=false
arm=granite_moe.off_rope metric=prefill_ms process=2 run=7 value=266.9600 outlier=true
summary arm=granite_moe.off_rope metric=prefill_ms n_all=21 median_all=265.9980 cov_all_pct=0.33 min_all=264.0170 max_all=267.0570 | n_kept=12 median_kept=266.0130 mad_kept=0.0245 cov_kept_pct=0.01 min_kept=265.9460 max_kept=266.0630
arm=granite_moe.off_rope metric=ttft_ms process=0 run=1 value=266.0000 outlier=false
arm=granite_moe.off_rope metric=ttft_ms process=0 run=2 value=265.0000 outlier=false
arm=granite_moe.off_rope metric=ttft_ms process=0 run=3 value=265.0000 outlier=false
arm=granite_moe.off_rope metric=ttft_ms process=0 run=4 value=264.0000 outlier=false
arm=granite_moe.off_rope metric=ttft_ms process=0 run=5 value=267.0000 outlier=false
arm=granite_moe.off_rope metric=ttft_ms process=0 run=6 value=266.0000 outlier=false
arm=granite_moe.off_rope metric=ttft_ms process=0 run=7 value=264.0000 outlier=false
arm=granite_moe.off_rope metric=ttft_ms process=1 run=1 value=266.0000 outlier=false
arm=granite_moe.off_rope metric=ttft_ms process=1 run=2 value=266.0000 outlier=false
arm=granite_moe.off_rope metric=ttft_ms process=1 run=3 value=266.0000 outlier=false
arm=granite_moe.off_rope metric=ttft_ms process=1 run=4 value=265.0000 outlier=false
arm=granite_moe.off_rope metric=ttft_ms process=1 run=5 value=266.0000 outlier=false
arm=granite_moe.off_rope metric=ttft_ms process=1 run=6 value=267.0000 outlier=false
arm=granite_moe.off_rope metric=ttft_ms process=1 run=7 value=266.0000 outlier=false
arm=granite_moe.off_rope metric=ttft_ms process=2 run=1 value=266.0000 outlier=false
arm=granite_moe.off_rope metric=ttft_ms process=2 run=2 value=266.0000 outlier=false
arm=granite_moe.off_rope metric=ttft_ms process=2 run=3 value=266.0000 outlier=false
arm=granite_moe.off_rope metric=ttft_ms process=2 run=4 value=264.0000 outlier=false
arm=granite_moe.off_rope metric=ttft_ms process=2 run=5 value=266.0000 outlier=false
arm=granite_moe.off_rope metric=ttft_ms process=2 run=6 value=266.0000 outlier=false
arm=granite_moe.off_rope metric=ttft_ms process=2 run=7 value=267.0000 outlier=false
summary arm=granite_moe.off_rope metric=ttft_ms n_all=21 median_all=266.0000 cov_all_pct=0.33 min_all=264.0000 max_all=267.0000 | n_kept=21 median_kept=266.0000 mad_kept=0.0000 cov_kept_pct=0.33 min_kept=264.0000 max_kept=267.0000
memory arm=granite_moe.off_rope metric=peak_rss_bytes process=0 value=1991049216
memory arm=granite_moe.off_rope metric=peak_rss_bytes process=1 value=1903230976
memory arm=granite_moe.off_rope metric=peak_rss_bytes process=2 value=1880358912
summary arm=granite_moe.off_rope metric=peak_rss_bytes n=3 median=1903230976 max=1991049216
memory arm=granite_moe.off_rope metric=peak_footprint_bytes process=0 value=364762432
memory arm=granite_moe.off_rope metric=peak_footprint_bytes process=1 value=367481984
memory arm=granite_moe.off_rope metric=peak_footprint_bytes process=2 value=366564544
summary arm=granite_moe.off_rope metric=peak_footprint_bytes n=3 median=366564544 max=367481984
memory arm=granite_moe.off_rope metric=peak_gpu_bytes process=0 value=1728069632
memory arm=granite_moe.off_rope metric=peak_gpu_bytes process=1 value=1728069632
memory arm=granite_moe.off_rope metric=peak_gpu_bytes process=2 value=1728069632
summary arm=granite_moe.off_rope metric=peak_gpu_bytes n=3 median=1728069632 max=1728069632
extra arm=granite_moe.off_rope process=0 peers_present_at_exit=[]
extra arm=granite_moe.off_rope process=1 peers_present_at_exit=[]
extra arm=granite_moe.off_rope process=2 peers_present_at_exit=[]
arm=granite_moe.off_bcastwidth metric=ms_per_token process=0 run=1 value=6.7050 outlier=false
arm=granite_moe.off_bcastwidth metric=ms_per_token process=0 run=2 value=6.6620 outlier=false
arm=granite_moe.off_bcastwidth metric=ms_per_token process=0 run=3 value=6.6210 outlier=false
arm=granite_moe.off_bcastwidth metric=ms_per_token process=0 run=4 value=6.6600 outlier=false
arm=granite_moe.off_bcastwidth metric=ms_per_token process=0 run=5 value=6.6630 outlier=false
arm=granite_moe.off_bcastwidth metric=ms_per_token process=0 run=6 value=6.6950 outlier=false
arm=granite_moe.off_bcastwidth metric=ms_per_token process=0 run=7 value=6.7550 outlier=false
arm=granite_moe.off_bcastwidth metric=ms_per_token process=1 run=1 value=6.6770 outlier=false
arm=granite_moe.off_bcastwidth metric=ms_per_token process=1 run=2 value=6.7230 outlier=false
arm=granite_moe.off_bcastwidth metric=ms_per_token process=1 run=3 value=6.7000 outlier=false
arm=granite_moe.off_bcastwidth metric=ms_per_token process=1 run=4 value=6.6640 outlier=false
arm=granite_moe.off_bcastwidth metric=ms_per_token process=1 run=5 value=6.6870 outlier=false
arm=granite_moe.off_bcastwidth metric=ms_per_token process=1 run=6 value=6.7630 outlier=true
arm=granite_moe.off_bcastwidth metric=ms_per_token process=1 run=7 value=6.7570 outlier=false
arm=granite_moe.off_bcastwidth metric=ms_per_token process=2 run=1 value=6.6730 outlier=false
arm=granite_moe.off_bcastwidth metric=ms_per_token process=2 run=2 value=6.6640 outlier=false
arm=granite_moe.off_bcastwidth metric=ms_per_token process=2 run=3 value=6.6720 outlier=false
arm=granite_moe.off_bcastwidth metric=ms_per_token process=2 run=4 value=6.6430 outlier=false
arm=granite_moe.off_bcastwidth metric=ms_per_token process=2 run=5 value=6.6920 outlier=false
arm=granite_moe.off_bcastwidth metric=ms_per_token process=2 run=6 value=6.7330 outlier=false
arm=granite_moe.off_bcastwidth metric=ms_per_token process=2 run=7 value=6.6280 outlier=false
summary arm=granite_moe.off_bcastwidth metric=ms_per_token n_all=21 median_all=6.6770 cov_all_pct=0.59 min_all=6.6210 max_all=6.7630 | n_kept=20 median_kept=6.6750 mad_kept=0.0185 cov_kept_pct=0.55 min_kept=6.6210 max_kept=6.7570
arm=granite_moe.off_bcastwidth metric=prefill_ms process=0 run=1 value=265.9400 outlier=false
arm=granite_moe.off_bcastwidth metric=prefill_ms process=0 run=2 value=265.9520 outlier=false
arm=granite_moe.off_bcastwidth metric=prefill_ms process=0 run=3 value=265.9710 outlier=false
arm=granite_moe.off_bcastwidth metric=prefill_ms process=0 run=4 value=264.9610 outlier=true
arm=granite_moe.off_bcastwidth metric=prefill_ms process=0 run=5 value=266.0580 outlier=false
arm=granite_moe.off_bcastwidth metric=prefill_ms process=0 run=6 value=265.0060 outlier=true
arm=granite_moe.off_bcastwidth metric=prefill_ms process=0 run=7 value=265.0010 outlier=true
arm=granite_moe.off_bcastwidth metric=prefill_ms process=1 run=1 value=266.0500 outlier=false
arm=granite_moe.off_bcastwidth metric=prefill_ms process=1 run=2 value=266.0080 outlier=false
arm=granite_moe.off_bcastwidth metric=prefill_ms process=1 run=3 value=266.0530 outlier=false
arm=granite_moe.off_bcastwidth metric=prefill_ms process=1 run=4 value=265.0550 outlier=true
arm=granite_moe.off_bcastwidth metric=prefill_ms process=1 run=5 value=265.9770 outlier=false
arm=granite_moe.off_bcastwidth metric=prefill_ms process=1 run=6 value=264.9760 outlier=true
arm=granite_moe.off_bcastwidth metric=prefill_ms process=1 run=7 value=264.9700 outlier=true
arm=granite_moe.off_bcastwidth metric=prefill_ms process=2 run=1 value=266.0230 outlier=false
arm=granite_moe.off_bcastwidth metric=prefill_ms process=2 run=2 value=266.0410 outlier=false
arm=granite_moe.off_bcastwidth metric=prefill_ms process=2 run=3 value=265.9530 outlier=false
arm=granite_moe.off_bcastwidth metric=prefill_ms process=2 run=4 value=265.9740 outlier=false
arm=granite_moe.off_bcastwidth metric=prefill_ms process=2 run=5 value=265.9600 outlier=false
arm=granite_moe.off_bcastwidth metric=prefill_ms process=2 run=6 value=264.9980 outlier=true
arm=granite_moe.off_bcastwidth metric=prefill_ms process=2 run=7 value=264.9760 outlier=true
summary arm=granite_moe.off_bcastwidth metric=prefill_ms n_all=21 median_all=265.9530 cov_all_pct=0.18 min_all=264.9610 max_all=266.0580 | n_kept=13 median_kept=265.9770 mad_kept=0.0310 cov_kept_pct=0.02 min_kept=265.9400 max_kept=266.0580
arm=granite_moe.off_bcastwidth metric=ttft_ms process=0 run=1 value=266.0000 outlier=false
arm=granite_moe.off_bcastwidth metric=ttft_ms process=0 run=2 value=266.0000 outlier=false
arm=granite_moe.off_bcastwidth metric=ttft_ms process=0 run=3 value=266.0000 outlier=false
arm=granite_moe.off_bcastwidth metric=ttft_ms process=0 run=4 value=265.0000 outlier=false
arm=granite_moe.off_bcastwidth metric=ttft_ms process=0 run=5 value=266.0000 outlier=false
arm=granite_moe.off_bcastwidth metric=ttft_ms process=0 run=6 value=265.0000 outlier=false
arm=granite_moe.off_bcastwidth metric=ttft_ms process=0 run=7 value=265.0000 outlier=false
arm=granite_moe.off_bcastwidth metric=ttft_ms process=1 run=1 value=266.0000 outlier=false
arm=granite_moe.off_bcastwidth metric=ttft_ms process=1 run=2 value=266.0000 outlier=false
arm=granite_moe.off_bcastwidth metric=ttft_ms process=1 run=3 value=266.0000 outlier=false
arm=granite_moe.off_bcastwidth metric=ttft_ms process=1 run=4 value=265.0000 outlier=false
arm=granite_moe.off_bcastwidth metric=ttft_ms process=1 run=5 value=266.0000 outlier=false
arm=granite_moe.off_bcastwidth metric=ttft_ms process=1 run=6 value=265.0000 outlier=false
arm=granite_moe.off_bcastwidth metric=ttft_ms process=1 run=7 value=265.0000 outlier=false
arm=granite_moe.off_bcastwidth metric=ttft_ms process=2 run=1 value=266.0000 outlier=false
arm=granite_moe.off_bcastwidth metric=ttft_ms process=2 run=2 value=266.0000 outlier=false
arm=granite_moe.off_bcastwidth metric=ttft_ms process=2 run=3 value=266.0000 outlier=false
arm=granite_moe.off_bcastwidth metric=ttft_ms process=2 run=4 value=266.0000 outlier=false
arm=granite_moe.off_bcastwidth metric=ttft_ms process=2 run=5 value=266.0000 outlier=false
arm=granite_moe.off_bcastwidth metric=ttft_ms process=2 run=6 value=265.0000 outlier=false
arm=granite_moe.off_bcastwidth metric=ttft_ms process=2 run=7 value=265.0000 outlier=false
summary arm=granite_moe.off_bcastwidth metric=ttft_ms n_all=21 median_all=266.0000 cov_all_pct=0.18 min_all=265.0000 max_all=266.0000 | n_kept=21 median_kept=266.0000 mad_kept=0.0000 cov_kept_pct=0.18 min_kept=265.0000 max_kept=266.0000
memory arm=granite_moe.off_bcastwidth metric=peak_rss_bytes process=0 value=1987051520
memory arm=granite_moe.off_bcastwidth metric=peak_rss_bytes process=1 value=1876705280
memory arm=granite_moe.off_bcastwidth metric=peak_rss_bytes process=2 value=1879310336
summary arm=granite_moe.off_bcastwidth metric=peak_rss_bytes n=3 median=1879310336 max=1987051520
memory arm=granite_moe.off_bcastwidth metric=peak_footprint_bytes process=0 value=364467584
memory arm=granite_moe.off_bcastwidth metric=peak_footprint_bytes process=1 value=368891136
memory arm=granite_moe.off_bcastwidth metric=peak_footprint_bytes process=2 value=368284864
summary arm=granite_moe.off_bcastwidth metric=peak_footprint_bytes n=3 median=368284864 max=368891136
memory arm=granite_moe.off_bcastwidth metric=peak_gpu_bytes process=0 value=1728069632
memory arm=granite_moe.off_bcastwidth metric=peak_gpu_bytes process=1 value=1728069632
memory arm=granite_moe.off_bcastwidth metric=peak_gpu_bytes process=2 value=1728069632
summary arm=granite_moe.off_bcastwidth metric=peak_gpu_bytes n=3 median=1728069632 max=1728069632
extra arm=granite_moe.off_bcastwidth process=0 peers_present_at_exit=[]
extra arm=granite_moe.off_bcastwidth process=1 peers_present_at_exit=[]
extra arm=granite_moe.off_bcastwidth process=2 peers_present_at_exit=[]
arm=granite_moe.off_simdfold metric=ms_per_token process=0 run=1 value=6.7600 outlier=false
arm=granite_moe.off_simdfold metric=ms_per_token process=0 run=2 value=6.7040 outlier=false
arm=granite_moe.off_simdfold metric=ms_per_token process=0 run=3 value=6.7800 outlier=false
arm=granite_moe.off_simdfold metric=ms_per_token process=0 run=4 value=6.7590 outlier=false
arm=granite_moe.off_simdfold metric=ms_per_token process=0 run=5 value=6.7470 outlier=false
arm=granite_moe.off_simdfold metric=ms_per_token process=0 run=6 value=6.7380 outlier=false
arm=granite_moe.off_simdfold metric=ms_per_token process=0 run=7 value=6.8740 outlier=false
arm=granite_moe.off_simdfold metric=ms_per_token process=1 run=1 value=6.6960 outlier=false
arm=granite_moe.off_simdfold metric=ms_per_token process=1 run=2 value=6.6910 outlier=false
arm=granite_moe.off_simdfold metric=ms_per_token process=1 run=3 value=6.6700 outlier=false
arm=granite_moe.off_simdfold metric=ms_per_token process=1 run=4 value=6.6890 outlier=false
arm=granite_moe.off_simdfold metric=ms_per_token process=1 run=5 value=6.6700 outlier=false
arm=granite_moe.off_simdfold metric=ms_per_token process=1 run=6 value=6.7440 outlier=false
arm=granite_moe.off_simdfold metric=ms_per_token process=1 run=7 value=6.6660 outlier=false
arm=granite_moe.off_simdfold metric=ms_per_token process=2 run=1 value=6.6590 outlier=false
arm=granite_moe.off_simdfold metric=ms_per_token process=2 run=2 value=6.7230 outlier=false
arm=granite_moe.off_simdfold metric=ms_per_token process=2 run=3 value=6.8000 outlier=false
arm=granite_moe.off_simdfold metric=ms_per_token process=2 run=4 value=6.7300 outlier=false
arm=granite_moe.off_simdfold metric=ms_per_token process=2 run=5 value=6.6790 outlier=false
arm=granite_moe.off_simdfold metric=ms_per_token process=2 run=6 value=6.6900 outlier=false
arm=granite_moe.off_simdfold metric=ms_per_token process=2 run=7 value=6.8790 outlier=false
summary arm=granite_moe.off_simdfold metric=ms_per_token n_all=21 median_all=6.7230 cov_all_pct=0.91 min_all=6.6590 max_all=6.8790 | n_kept=21 median_kept=6.7230 mad_kept=0.0360 cov_kept_pct=0.91 min_kept=6.6590 max_kept=6.8790
arm=granite_moe.off_simdfold metric=prefill_ms process=0 run=1 value=266.0590 outlier=false
arm=granite_moe.off_simdfold metric=prefill_ms process=0 run=2 value=264.9680 outlier=false
arm=granite_moe.off_simdfold metric=prefill_ms process=0 run=3 value=264.9640 outlier=false
arm=granite_moe.off_simdfold metric=prefill_ms process=0 run=4 value=265.9980 outlier=false
arm=granite_moe.off_simdfold metric=prefill_ms process=0 run=5 value=265.9710 outlier=false
arm=granite_moe.off_simdfold metric=prefill_ms process=0 run=6 value=266.0540 outlier=false
arm=granite_moe.off_simdfold metric=prefill_ms process=0 run=7 value=264.9820 outlier=false
arm=granite_moe.off_simdfold metric=prefill_ms process=1 run=1 value=266.0290 outlier=false
arm=granite_moe.off_simdfold metric=prefill_ms process=1 run=2 value=266.0230 outlier=false
arm=granite_moe.off_simdfold metric=prefill_ms process=1 run=3 value=268.0270 outlier=false
arm=granite_moe.off_simdfold metric=prefill_ms process=1 run=4 value=265.0170 outlier=false
arm=granite_moe.off_simdfold metric=prefill_ms process=1 run=5 value=266.9680 outlier=false
arm=granite_moe.off_simdfold metric=prefill_ms process=1 run=6 value=265.9450 outlier=false
arm=granite_moe.off_simdfold metric=prefill_ms process=1 run=7 value=267.0290 outlier=false
arm=granite_moe.off_simdfold metric=prefill_ms process=2 run=1 value=264.9560 outlier=false
arm=granite_moe.off_simdfold metric=prefill_ms process=2 run=2 value=267.0260 outlier=false
arm=granite_moe.off_simdfold metric=prefill_ms process=2 run=3 value=265.0100 outlier=false
arm=granite_moe.off_simdfold metric=prefill_ms process=2 run=4 value=266.0310 outlier=false
arm=granite_moe.off_simdfold metric=prefill_ms process=2 run=5 value=266.0540 outlier=false
arm=granite_moe.off_simdfold metric=prefill_ms process=2 run=6 value=266.0320 outlier=false
arm=granite_moe.off_simdfold metric=prefill_ms process=2 run=7 value=264.9990 outlier=false
summary arm=granite_moe.off_simdfold metric=prefill_ms n_all=21 median_all=266.0230 cov_all_pct=0.31 min_all=264.9560 max_all=268.0270 | n_kept=21 median_kept=266.0230 mad_kept=0.9450 cov_kept_pct=0.31 min_kept=264.9560 max_kept=268.0270
arm=granite_moe.off_simdfold metric=ttft_ms process=0 run=1 value=266.0000 outlier=false
arm=granite_moe.off_simdfold metric=ttft_ms process=0 run=2 value=265.0000 outlier=false
arm=granite_moe.off_simdfold metric=ttft_ms process=0 run=3 value=265.0000 outlier=false
arm=granite_moe.off_simdfold metric=ttft_ms process=0 run=4 value=266.0000 outlier=false
arm=granite_moe.off_simdfold metric=ttft_ms process=0 run=5 value=266.0000 outlier=false
arm=granite_moe.off_simdfold metric=ttft_ms process=0 run=6 value=266.0000 outlier=false
arm=granite_moe.off_simdfold metric=ttft_ms process=0 run=7 value=265.0000 outlier=false
arm=granite_moe.off_simdfold metric=ttft_ms process=1 run=1 value=266.0000 outlier=false
arm=granite_moe.off_simdfold metric=ttft_ms process=1 run=2 value=266.0000 outlier=false
arm=granite_moe.off_simdfold metric=ttft_ms process=1 run=3 value=268.0000 outlier=false
arm=granite_moe.off_simdfold metric=ttft_ms process=1 run=4 value=265.0000 outlier=false
arm=granite_moe.off_simdfold metric=ttft_ms process=1 run=5 value=267.0000 outlier=false
arm=granite_moe.off_simdfold metric=ttft_ms process=1 run=6 value=266.0000 outlier=false
arm=granite_moe.off_simdfold metric=ttft_ms process=1 run=7 value=267.0000 outlier=false
arm=granite_moe.off_simdfold metric=ttft_ms process=2 run=1 value=265.0000 outlier=false
arm=granite_moe.off_simdfold metric=ttft_ms process=2 run=2 value=267.0000 outlier=false
arm=granite_moe.off_simdfold metric=ttft_ms process=2 run=3 value=265.0000 outlier=false
arm=granite_moe.off_simdfold metric=ttft_ms process=2 run=4 value=266.0000 outlier=false
arm=granite_moe.off_simdfold metric=ttft_ms process=2 run=5 value=266.0000 outlier=false
arm=granite_moe.off_simdfold metric=ttft_ms process=2 run=6 value=266.0000 outlier=false
arm=granite_moe.off_simdfold metric=ttft_ms process=2 run=7 value=265.0000 outlier=false
summary arm=granite_moe.off_simdfold metric=ttft_ms n_all=21 median_all=266.0000 cov_all_pct=0.30 min_all=265.0000 max_all=268.0000 | n_kept=21 median_kept=266.0000 mad_kept=1.0000 cov_kept_pct=0.30 min_kept=265.0000 max_kept=268.0000
memory arm=granite_moe.off_simdfold metric=peak_rss_bytes process=0 value=1875591168
memory arm=granite_moe.off_simdfold metric=peak_rss_bytes process=1 value=1989066752
memory arm=granite_moe.off_simdfold metric=peak_rss_bytes process=2 value=1991180288
summary arm=granite_moe.off_simdfold metric=peak_rss_bytes n=3 median=1989066752 max=1991180288
memory arm=granite_moe.off_simdfold metric=peak_footprint_bytes process=0 value=366449984
memory arm=granite_moe.off_simdfold metric=peak_footprint_bytes process=1 value=366548736
memory arm=granite_moe.off_simdfold metric=peak_footprint_bytes process=2 value=367531264
summary arm=granite_moe.off_simdfold metric=peak_footprint_bytes n=3 median=366548736 max=367531264
memory arm=granite_moe.off_simdfold metric=peak_gpu_bytes process=0 value=1728069632
memory arm=granite_moe.off_simdfold metric=peak_gpu_bytes process=1 value=1728069632
memory arm=granite_moe.off_simdfold metric=peak_gpu_bytes process=2 value=1728069632
summary arm=granite_moe.off_simdfold metric=peak_gpu_bytes n=3 median=1728069632 max=1728069632
extra arm=granite_moe.off_simdfold process=0 peers_present_at_exit=[]
extra arm=granite_moe.off_simdfold process=1 peers_present_at_exit=[]
extra arm=granite_moe.off_simdfold process=2 peers_present_at_exit=[]
arm=granite_moe.off_q6krows metric=ms_per_token process=0 run=1 value=6.7320 outlier=false
arm=granite_moe.off_q6krows metric=ms_per_token process=0 run=2 value=6.6510 outlier=false
arm=granite_moe.off_q6krows metric=ms_per_token process=0 run=3 value=6.6800 outlier=false
arm=granite_moe.off_q6krows metric=ms_per_token process=0 run=4 value=6.6800 outlier=false
arm=granite_moe.off_q6krows metric=ms_per_token process=0 run=5 value=6.7330 outlier=false
arm=granite_moe.off_q6krows metric=ms_per_token process=0 run=6 value=6.8390 outlier=true
arm=granite_moe.off_q6krows metric=ms_per_token process=0 run=7 value=6.6770 outlier=false
arm=granite_moe.off_q6krows metric=ms_per_token process=1 run=1 value=6.6630 outlier=false
arm=granite_moe.off_q6krows metric=ms_per_token process=1 run=2 value=6.7440 outlier=false
arm=granite_moe.off_q6krows metric=ms_per_token process=1 run=3 value=6.6920 outlier=false
arm=granite_moe.off_q6krows metric=ms_per_token process=1 run=4 value=6.7050 outlier=false
arm=granite_moe.off_q6krows metric=ms_per_token process=1 run=5 value=6.7110 outlier=false
arm=granite_moe.off_q6krows metric=ms_per_token process=1 run=6 value=6.7380 outlier=false
arm=granite_moe.off_q6krows metric=ms_per_token process=1 run=7 value=6.7210 outlier=false
arm=granite_moe.off_q6krows metric=ms_per_token process=2 run=1 value=6.6630 outlier=false
arm=granite_moe.off_q6krows metric=ms_per_token process=2 run=2 value=6.7610 outlier=false
arm=granite_moe.off_q6krows metric=ms_per_token process=2 run=3 value=6.6890 outlier=false
arm=granite_moe.off_q6krows metric=ms_per_token process=2 run=4 value=6.7150 outlier=false
arm=granite_moe.off_q6krows metric=ms_per_token process=2 run=5 value=6.7870 outlier=false
arm=granite_moe.off_q6krows metric=ms_per_token process=2 run=6 value=6.6930 outlier=false
arm=granite_moe.off_q6krows metric=ms_per_token process=2 run=7 value=6.6260 outlier=false
summary arm=granite_moe.off_q6krows metric=ms_per_token n_all=21 median_all=6.7050 cov_all_pct=0.71 min_all=6.6260 max_all=6.8390 | n_kept=20 median_kept=6.6990 mad_kept=0.0275 cov_kept_pct=0.57 min_kept=6.6260 max_kept=6.7870
arm=granite_moe.off_q6krows metric=prefill_ms process=0 run=1 value=265.9770 outlier=false
arm=granite_moe.off_q6krows metric=prefill_ms process=0 run=2 value=264.9520 outlier=false
arm=granite_moe.off_q6krows metric=prefill_ms process=0 run=3 value=266.9650 outlier=false
arm=granite_moe.off_q6krows metric=prefill_ms process=0 run=4 value=266.9990 outlier=false
arm=granite_moe.off_q6krows metric=prefill_ms process=0 run=5 value=265.9860 outlier=false
arm=granite_moe.off_q6krows metric=prefill_ms process=0 run=6 value=265.9950 outlier=false
arm=granite_moe.off_q6krows metric=prefill_ms process=0 run=7 value=263.9790 outlier=false
arm=granite_moe.off_q6krows metric=prefill_ms process=1 run=1 value=263.9860 outlier=false
arm=granite_moe.off_q6krows metric=prefill_ms process=1 run=2 value=265.9680 outlier=false
arm=granite_moe.off_q6krows metric=prefill_ms process=1 run=3 value=266.9470 outlier=false
arm=granite_moe.off_q6krows metric=prefill_ms process=1 run=4 value=263.9680 outlier=false
arm=granite_moe.off_q6krows metric=prefill_ms process=1 run=5 value=264.9440 outlier=false
arm=granite_moe.off_q6krows metric=prefill_ms process=1 run=6 value=263.9650 outlier=false
arm=granite_moe.off_q6krows metric=prefill_ms process=1 run=7 value=266.0130 outlier=false
arm=granite_moe.off_q6krows metric=prefill_ms process=2 run=1 value=264.9980 outlier=false
arm=granite_moe.off_q6krows metric=prefill_ms process=2 run=2 value=264.9870 outlier=false
arm=granite_moe.off_q6krows metric=prefill_ms process=2 run=3 value=266.0460 outlier=false
arm=granite_moe.off_q6krows metric=prefill_ms process=2 run=4 value=265.0330 outlier=false
arm=granite_moe.off_q6krows metric=prefill_ms process=2 run=5 value=265.0500 outlier=false
arm=granite_moe.off_q6krows metric=prefill_ms process=2 run=6 value=264.0070 outlier=false
arm=granite_moe.off_q6krows metric=prefill_ms process=2 run=7 value=265.0020 outlier=false
summary arm=granite_moe.off_q6krows metric=prefill_ms n_all=21 median_all=265.0330 cov_all_pct=0.37 min_all=263.9650 max_all=266.9990 | n_kept=21 median_kept=265.0330 mad_kept=0.9620 cov_kept_pct=0.37 min_kept=263.9650 max_kept=266.9990
arm=granite_moe.off_q6krows metric=ttft_ms process=0 run=1 value=266.0000 outlier=false
arm=granite_moe.off_q6krows metric=ttft_ms process=0 run=2 value=265.0000 outlier=false
arm=granite_moe.off_q6krows metric=ttft_ms process=0 run=3 value=267.0000 outlier=false
arm=granite_moe.off_q6krows metric=ttft_ms process=0 run=4 value=267.0000 outlier=false
arm=granite_moe.off_q6krows metric=ttft_ms process=0 run=5 value=266.0000 outlier=false
arm=granite_moe.off_q6krows metric=ttft_ms process=0 run=6 value=266.0000 outlier=false
arm=granite_moe.off_q6krows metric=ttft_ms process=0 run=7 value=264.0000 outlier=false
arm=granite_moe.off_q6krows metric=ttft_ms process=1 run=1 value=264.0000 outlier=false
arm=granite_moe.off_q6krows metric=ttft_ms process=1 run=2 value=266.0000 outlier=false
arm=granite_moe.off_q6krows metric=ttft_ms process=1 run=3 value=267.0000 outlier=false
arm=granite_moe.off_q6krows metric=ttft_ms process=1 run=4 value=264.0000 outlier=false
arm=granite_moe.off_q6krows metric=ttft_ms process=1 run=5 value=265.0000 outlier=false
arm=granite_moe.off_q6krows metric=ttft_ms process=1 run=6 value=264.0000 outlier=false
arm=granite_moe.off_q6krows metric=ttft_ms process=1 run=7 value=266.0000 outlier=false
arm=granite_moe.off_q6krows metric=ttft_ms process=2 run=1 value=265.0000 outlier=false
arm=granite_moe.off_q6krows metric=ttft_ms process=2 run=2 value=265.0000 outlier=false
arm=granite_moe.off_q6krows metric=ttft_ms process=2 run=3 value=266.0000 outlier=false
arm=granite_moe.off_q6krows metric=ttft_ms process=2 run=4 value=265.0000 outlier=false
arm=granite_moe.off_q6krows metric=ttft_ms process=2 run=5 value=265.0000 outlier=false
arm=granite_moe.off_q6krows metric=ttft_ms process=2 run=6 value=264.0000 outlier=false
arm=granite_moe.off_q6krows metric=ttft_ms process=2 run=7 value=265.0000 outlier=false
summary arm=granite_moe.off_q6krows metric=ttft_ms n_all=21 median_all=265.0000 cov_all_pct=0.37 min_all=264.0000 max_all=267.0000 | n_kept=21 median_kept=265.0000 mad_kept=1.0000 cov_kept_pct=0.37 min_kept=264.0000 max_kept=267.0000
memory arm=granite_moe.off_q6krows metric=peak_rss_bytes process=0 value=2043641856
memory arm=granite_moe.off_q6krows metric=peak_rss_bytes process=1 value=1992687616
memory arm=granite_moe.off_q6krows metric=peak_rss_bytes process=2 value=1876934656
summary arm=granite_moe.off_q6krows metric=peak_rss_bytes n=3 median=1992687616 max=2043641856
memory arm=granite_moe.off_q6krows metric=peak_footprint_bytes process=0 value=368612928
memory arm=granite_moe.off_q6krows metric=peak_footprint_bytes process=1 value=365548928
memory arm=granite_moe.off_q6krows metric=peak_footprint_bytes process=2 value=367809728
summary arm=granite_moe.off_q6krows metric=peak_footprint_bytes n=3 median=367809728 max=368612928
memory arm=granite_moe.off_q6krows metric=peak_gpu_bytes process=0 value=1728069632
memory arm=granite_moe.off_q6krows metric=peak_gpu_bytes process=1 value=1728069632
memory arm=granite_moe.off_q6krows metric=peak_gpu_bytes process=2 value=1728069632
summary arm=granite_moe.off_q6krows metric=peak_gpu_bytes n=3 median=1728069632 max=1728069632
extra arm=granite_moe.off_q6krows process=0 peers_present_at_exit=[]
extra arm=granite_moe.off_q6krows process=1 peers_present_at_exit=[]
extra arm=granite_moe.off_q6krows process=2 peers_present_at_exit=[]
bound metric=ms_per_token arm=gemma4_e2b.s1_combine vs=gemma4_e2b.base arm_median=11.3185 reference_median=11.2770 delta=0.0415 limit=0.2255 within=true
bound metric=prefill_ms arm=gemma4_e2b.s1_combine vs=gemma4_e2b.base arm_median=588.4900 reference_median=588.9760 delta=-0.4860 limit=11.7795 within=true
bound metric=ttft_ms arm=gemma4_e2b.s1_combine vs=gemma4_e2b.base arm_median=588.5000 reference_median=589.0000 delta=-0.5000 limit=11.7800 within=true
bound metric=peak_rss_bytes arm=gemma4_e2b.s1_combine vs=gemma4_e2b.base arm_median=3870179328 reference_median=3913302016 delta=-43122688 limit=78266040 within=true
bound metric=peak_footprint_bytes arm=gemma4_e2b.s1_combine vs=gemma4_e2b.base arm_median=487041600 reference_median=492464768 delta=-5423168 limit=9849295 within=true
bound metric=peak_gpu_bytes arm=gemma4_e2b.s1_combine vs=gemma4_e2b.base arm_median=3657105408 reference_median=3657105408 delta=0 limit=73142108 within=true
bound metric=ms_per_token arm=gemma4_e2b.s2_gemm vs=gemma4_e2b.base arm_median=11.3360 reference_median=11.2770 delta=0.0590 limit=0.2255 within=true
bound metric=prefill_ms arm=gemma4_e2b.s2_gemm vs=gemma4_e2b.base arm_median=589.4930 reference_median=588.9760 delta=0.5170 limit=11.7795 within=true
bound metric=ttft_ms arm=gemma4_e2b.s2_gemm vs=gemma4_e2b.base arm_median=589.5000 reference_median=589.0000 delta=0.5000 limit=11.7800 within=true
bound metric=peak_rss_bytes arm=gemma4_e2b.s2_gemm vs=gemma4_e2b.base arm_median=3878813696 reference_median=3913302016 delta=-34488320 limit=78266040 within=true
bound metric=peak_footprint_bytes arm=gemma4_e2b.s2_gemm vs=gemma4_e2b.base arm_median=484076352 reference_median=492464768 delta=-8388416 limit=9849295 within=true
bound metric=peak_gpu_bytes arm=gemma4_e2b.s2_gemm vs=gemma4_e2b.base arm_median=3657105408 reference_median=3657105408 delta=0 limit=73142108 within=true
bound metric=ms_per_token arm=gemma4_e2b.s2_gemm vs=gemma4_e2b.s1_combine arm_median=11.3360 reference_median=11.3185 delta=0.0175 limit=0.2264 within=true
bound metric=prefill_ms arm=gemma4_e2b.s2_gemm vs=gemma4_e2b.s1_combine arm_median=589.4930 reference_median=588.4900 delta=1.0030 limit=11.7698 within=true
bound metric=ttft_ms arm=gemma4_e2b.s2_gemm vs=gemma4_e2b.s1_combine arm_median=589.5000 reference_median=588.5000 delta=1.0000 limit=11.7700 within=true
bound metric=peak_rss_bytes arm=gemma4_e2b.s2_gemm vs=gemma4_e2b.s1_combine arm_median=3878813696 reference_median=3870179328 delta=8634368 limit=77403587 within=true
bound metric=peak_footprint_bytes arm=gemma4_e2b.s2_gemm vs=gemma4_e2b.s1_combine arm_median=484076352 reference_median=487041600 delta=-2965248 limit=9740832 within=true
bound metric=peak_gpu_bytes arm=gemma4_e2b.s2_gemm vs=gemma4_e2b.s1_combine arm_median=3657105408 reference_median=3657105408 delta=0 limit=73142108 within=true
bound metric=ms_per_token arm=gemma4_e2b.s3_rope vs=gemma4_e2b.base arm_median=11.3120 reference_median=11.2770 delta=0.0350 limit=0.2255 within=true
bound metric=prefill_ms arm=gemma4_e2b.s3_rope vs=gemma4_e2b.base arm_median=587.9650 reference_median=588.9760 delta=-1.0110 limit=11.7795 within=true
bound metric=ttft_ms arm=gemma4_e2b.s3_rope vs=gemma4_e2b.base arm_median=588.0000 reference_median=589.0000 delta=-1.0000 limit=11.7800 within=true
bound metric=peak_rss_bytes arm=gemma4_e2b.s3_rope vs=gemma4_e2b.base arm_median=3871064064 reference_median=3913302016 delta=-42237952 limit=78266040 within=true
bound metric=peak_footprint_bytes arm=gemma4_e2b.s3_rope vs=gemma4_e2b.base arm_median=498313856 reference_median=492464768 delta=5849088 limit=9849295 within=true
bound metric=peak_gpu_bytes arm=gemma4_e2b.s3_rope vs=gemma4_e2b.base arm_median=3657105408 reference_median=3657105408 delta=0 limit=73142108 within=true
bound metric=ms_per_token arm=gemma4_e2b.s3_rope vs=gemma4_e2b.s1_combine arm_median=11.3120 reference_median=11.3185 delta=-0.0065 limit=0.2264 within=true
bound metric=prefill_ms arm=gemma4_e2b.s3_rope vs=gemma4_e2b.s1_combine arm_median=587.9650 reference_median=588.4900 delta=-0.5250 limit=11.7698 within=true
bound metric=ttft_ms arm=gemma4_e2b.s3_rope vs=gemma4_e2b.s1_combine arm_median=588.0000 reference_median=588.5000 delta=-0.5000 limit=11.7700 within=true
bound metric=peak_rss_bytes arm=gemma4_e2b.s3_rope vs=gemma4_e2b.s1_combine arm_median=3871064064 reference_median=3870179328 delta=884736 limit=77403587 within=true
bound metric=peak_footprint_bytes arm=gemma4_e2b.s3_rope vs=gemma4_e2b.s1_combine arm_median=498313856 reference_median=487041600 delta=11272256 limit=9740832 within=false
bound metric=peak_gpu_bytes arm=gemma4_e2b.s3_rope vs=gemma4_e2b.s1_combine arm_median=3657105408 reference_median=3657105408 delta=0 limit=73142108 within=true
bound metric=ms_per_token arm=gemma4_e2b.s3_rope vs=gemma4_e2b.s2_gemm arm_median=11.3120 reference_median=11.3360 delta=-0.0240 limit=0.2267 within=true
bound metric=prefill_ms arm=gemma4_e2b.s3_rope vs=gemma4_e2b.s2_gemm arm_median=587.9650 reference_median=589.4930 delta=-1.5280 limit=11.7899 within=true
bound metric=ttft_ms arm=gemma4_e2b.s3_rope vs=gemma4_e2b.s2_gemm arm_median=588.0000 reference_median=589.5000 delta=-1.5000 limit=11.7900 within=true
bound metric=peak_rss_bytes arm=gemma4_e2b.s3_rope vs=gemma4_e2b.s2_gemm arm_median=3871064064 reference_median=3878813696 delta=-7749632 limit=77576274 within=true
bound metric=peak_footprint_bytes arm=gemma4_e2b.s3_rope vs=gemma4_e2b.s2_gemm arm_median=498313856 reference_median=484076352 delta=14237504 limit=9681527 within=false
bound metric=peak_gpu_bytes arm=gemma4_e2b.s3_rope vs=gemma4_e2b.s2_gemm arm_median=3657105408 reference_median=3657105408 delta=0 limit=73142108 within=true
bound metric=ms_per_token arm=gemma4_e2b.s4_kvplace vs=gemma4_e2b.base arm_median=11.2660 reference_median=11.2770 delta=-0.0110 limit=0.2255 within=true
bound metric=prefill_ms arm=gemma4_e2b.s4_kvplace vs=gemma4_e2b.base arm_median=582.0200 reference_median=588.9760 delta=-6.9560 limit=11.7795 within=true
bound metric=ttft_ms arm=gemma4_e2b.s4_kvplace vs=gemma4_e2b.base arm_median=582.0000 reference_median=589.0000 delta=-7.0000 limit=11.7800 within=true
bound metric=peak_rss_bytes arm=gemma4_e2b.s4_kvplace vs=gemma4_e2b.base arm_median=3765207040 reference_median=3913302016 delta=-148094976 limit=78266040 within=true
bound metric=peak_footprint_bytes arm=gemma4_e2b.s4_kvplace vs=gemma4_e2b.base arm_median=423062016 reference_median=492464768 delta=-69402752 limit=9849295 within=true
bound metric=peak_gpu_bytes arm=gemma4_e2b.s4_kvplace vs=gemma4_e2b.base arm_median=3620749312 reference_median=3657105408 delta=-36356096 limit=73142108 within=true
bound metric=ms_per_token arm=gemma4_e2b.s4_kvplace vs=gemma4_e2b.s1_combine arm_median=11.2660 reference_median=11.3185 delta=-0.0525 limit=0.2264 within=true
bound metric=prefill_ms arm=gemma4_e2b.s4_kvplace vs=gemma4_e2b.s1_combine arm_median=582.0200 reference_median=588.4900 delta=-6.4700 limit=11.7698 within=true
bound metric=ttft_ms arm=gemma4_e2b.s4_kvplace vs=gemma4_e2b.s1_combine arm_median=582.0000 reference_median=588.5000 delta=-6.5000 limit=11.7700 within=true
bound metric=peak_rss_bytes arm=gemma4_e2b.s4_kvplace vs=gemma4_e2b.s1_combine arm_median=3765207040 reference_median=3870179328 delta=-104972288 limit=77403587 within=true
bound metric=peak_footprint_bytes arm=gemma4_e2b.s4_kvplace vs=gemma4_e2b.s1_combine arm_median=423062016 reference_median=487041600 delta=-63979584 limit=9740832 within=true
bound metric=peak_gpu_bytes arm=gemma4_e2b.s4_kvplace vs=gemma4_e2b.s1_combine arm_median=3620749312 reference_median=3657105408 delta=-36356096 limit=73142108 within=true
bound metric=ms_per_token arm=gemma4_e2b.s4_kvplace vs=gemma4_e2b.s2_gemm arm_median=11.2660 reference_median=11.3360 delta=-0.0700 limit=0.2267 within=true
bound metric=prefill_ms arm=gemma4_e2b.s4_kvplace vs=gemma4_e2b.s2_gemm arm_median=582.0200 reference_median=589.4930 delta=-7.4730 limit=11.7899 within=true
bound metric=ttft_ms arm=gemma4_e2b.s4_kvplace vs=gemma4_e2b.s2_gemm arm_median=582.0000 reference_median=589.5000 delta=-7.5000 limit=11.7900 within=true
bound metric=peak_rss_bytes arm=gemma4_e2b.s4_kvplace vs=gemma4_e2b.s2_gemm arm_median=3765207040 reference_median=3878813696 delta=-113606656 limit=77576274 within=true
bound metric=peak_footprint_bytes arm=gemma4_e2b.s4_kvplace vs=gemma4_e2b.s2_gemm arm_median=423062016 reference_median=484076352 delta=-61014336 limit=9681527 within=true
bound metric=peak_gpu_bytes arm=gemma4_e2b.s4_kvplace vs=gemma4_e2b.s2_gemm arm_median=3620749312 reference_median=3657105408 delta=-36356096 limit=73142108 within=true
bound metric=ms_per_token arm=gemma4_e2b.s4_kvplace vs=gemma4_e2b.s3_rope arm_median=11.2660 reference_median=11.3120 delta=-0.0460 limit=0.2262 within=true
bound metric=prefill_ms arm=gemma4_e2b.s4_kvplace vs=gemma4_e2b.s3_rope arm_median=582.0200 reference_median=587.9650 delta=-5.9450 limit=11.7593 within=true
bound metric=ttft_ms arm=gemma4_e2b.s4_kvplace vs=gemma4_e2b.s3_rope arm_median=582.0000 reference_median=588.0000 delta=-6.0000 limit=11.7600 within=true
bound metric=peak_rss_bytes arm=gemma4_e2b.s4_kvplace vs=gemma4_e2b.s3_rope arm_median=3765207040 reference_median=3871064064 delta=-105857024 limit=77421281 within=true
bound metric=peak_footprint_bytes arm=gemma4_e2b.s4_kvplace vs=gemma4_e2b.s3_rope arm_median=423062016 reference_median=498313856 delta=-75251840 limit=9966277 within=true
bound metric=peak_gpu_bytes arm=gemma4_e2b.s4_kvplace vs=gemma4_e2b.s3_rope arm_median=3620749312 reference_median=3657105408 delta=-36356096 limit=73142108 within=true
bound metric=ms_per_token arm=gemma4_e2b.s5_e2bdecode vs=gemma4_e2b.base arm_median=11.4430 reference_median=11.2770 delta=0.1660 limit=0.2255 within=true
bound metric=prefill_ms arm=gemma4_e2b.s5_e2bdecode vs=gemma4_e2b.base arm_median=592.0260 reference_median=588.9760 delta=3.0500 limit=11.7795 within=true
bound metric=ttft_ms arm=gemma4_e2b.s5_e2bdecode vs=gemma4_e2b.base arm_median=592.0000 reference_median=589.0000 delta=3.0000 limit=11.7800 within=true
bound metric=peak_rss_bytes arm=gemma4_e2b.s5_e2bdecode vs=gemma4_e2b.base arm_median=3766779904 reference_median=3913302016 delta=-146522112 limit=78266040 within=true
bound metric=peak_footprint_bytes arm=gemma4_e2b.s5_e2bdecode vs=gemma4_e2b.base arm_median=424209152 reference_median=492464768 delta=-68255616 limit=9849295 within=true
bound metric=peak_gpu_bytes arm=gemma4_e2b.s5_e2bdecode vs=gemma4_e2b.base arm_median=3621748736 reference_median=3657105408 delta=-35356672 limit=73142108 within=true
bound metric=ms_per_token arm=gemma4_e2b.s5_e2bdecode vs=gemma4_e2b.s1_combine arm_median=11.4430 reference_median=11.3185 delta=0.1245 limit=0.2264 within=true
bound metric=prefill_ms arm=gemma4_e2b.s5_e2bdecode vs=gemma4_e2b.s1_combine arm_median=592.0260 reference_median=588.4900 delta=3.5360 limit=11.7698 within=true
bound metric=ttft_ms arm=gemma4_e2b.s5_e2bdecode vs=gemma4_e2b.s1_combine arm_median=592.0000 reference_median=588.5000 delta=3.5000 limit=11.7700 within=true
bound metric=peak_rss_bytes arm=gemma4_e2b.s5_e2bdecode vs=gemma4_e2b.s1_combine arm_median=3766779904 reference_median=3870179328 delta=-103399424 limit=77403587 within=true
bound metric=peak_footprint_bytes arm=gemma4_e2b.s5_e2bdecode vs=gemma4_e2b.s1_combine arm_median=424209152 reference_median=487041600 delta=-62832448 limit=9740832 within=true
bound metric=peak_gpu_bytes arm=gemma4_e2b.s5_e2bdecode vs=gemma4_e2b.s1_combine arm_median=3621748736 reference_median=3657105408 delta=-35356672 limit=73142108 within=true
bound metric=ms_per_token arm=gemma4_e2b.s5_e2bdecode vs=gemma4_e2b.s2_gemm arm_median=11.4430 reference_median=11.3360 delta=0.1070 limit=0.2267 within=true
bound metric=prefill_ms arm=gemma4_e2b.s5_e2bdecode vs=gemma4_e2b.s2_gemm arm_median=592.0260 reference_median=589.4930 delta=2.5330 limit=11.7899 within=true
bound metric=ttft_ms arm=gemma4_e2b.s5_e2bdecode vs=gemma4_e2b.s2_gemm arm_median=592.0000 reference_median=589.5000 delta=2.5000 limit=11.7900 within=true
bound metric=peak_rss_bytes arm=gemma4_e2b.s5_e2bdecode vs=gemma4_e2b.s2_gemm arm_median=3766779904 reference_median=3878813696 delta=-112033792 limit=77576274 within=true
bound metric=peak_footprint_bytes arm=gemma4_e2b.s5_e2bdecode vs=gemma4_e2b.s2_gemm arm_median=424209152 reference_median=484076352 delta=-59867200 limit=9681527 within=true
bound metric=peak_gpu_bytes arm=gemma4_e2b.s5_e2bdecode vs=gemma4_e2b.s2_gemm arm_median=3621748736 reference_median=3657105408 delta=-35356672 limit=73142108 within=true
bound metric=ms_per_token arm=gemma4_e2b.s5_e2bdecode vs=gemma4_e2b.s3_rope arm_median=11.4430 reference_median=11.3120 delta=0.1310 limit=0.2262 within=true
bound metric=prefill_ms arm=gemma4_e2b.s5_e2bdecode vs=gemma4_e2b.s3_rope arm_median=592.0260 reference_median=587.9650 delta=4.0610 limit=11.7593 within=true
bound metric=ttft_ms arm=gemma4_e2b.s5_e2bdecode vs=gemma4_e2b.s3_rope arm_median=592.0000 reference_median=588.0000 delta=4.0000 limit=11.7600 within=true
bound metric=peak_rss_bytes arm=gemma4_e2b.s5_e2bdecode vs=gemma4_e2b.s3_rope arm_median=3766779904 reference_median=3871064064 delta=-104284160 limit=77421281 within=true
bound metric=peak_footprint_bytes arm=gemma4_e2b.s5_e2bdecode vs=gemma4_e2b.s3_rope arm_median=424209152 reference_median=498313856 delta=-74104704 limit=9966277 within=true
bound metric=peak_gpu_bytes arm=gemma4_e2b.s5_e2bdecode vs=gemma4_e2b.s3_rope arm_median=3621748736 reference_median=3657105408 delta=-35356672 limit=73142108 within=true
bound metric=ms_per_token arm=gemma4_e2b.s5_e2bdecode vs=gemma4_e2b.s4_kvplace arm_median=11.4430 reference_median=11.2660 delta=0.1770 limit=0.2253 within=true
bound metric=prefill_ms arm=gemma4_e2b.s5_e2bdecode vs=gemma4_e2b.s4_kvplace arm_median=592.0260 reference_median=582.0200 delta=10.0060 limit=11.6404 within=true
bound metric=ttft_ms arm=gemma4_e2b.s5_e2bdecode vs=gemma4_e2b.s4_kvplace arm_median=592.0000 reference_median=582.0000 delta=10.0000 limit=11.6400 within=true
bound metric=peak_rss_bytes arm=gemma4_e2b.s5_e2bdecode vs=gemma4_e2b.s4_kvplace arm_median=3766779904 reference_median=3765207040 delta=1572864 limit=75304141 within=true
bound metric=peak_footprint_bytes arm=gemma4_e2b.s5_e2bdecode vs=gemma4_e2b.s4_kvplace arm_median=424209152 reference_median=423062016 delta=1147136 limit=8461240 within=true
bound metric=peak_gpu_bytes arm=gemma4_e2b.s5_e2bdecode vs=gemma4_e2b.s4_kvplace arm_median=3621748736 reference_median=3620749312 delta=999424 limit=72414986 within=true
bound metric=ms_per_token arm=gemma4_e2b.s6_granitehost vs=gemma4_e2b.base arm_median=11.4110 reference_median=11.2770 delta=0.1340 limit=0.2255 within=true
bound metric=prefill_ms arm=gemma4_e2b.s6_granitehost vs=gemma4_e2b.base arm_median=591.9995 reference_median=588.9760 delta=3.0235 limit=11.7795 within=true
bound metric=ttft_ms arm=gemma4_e2b.s6_granitehost vs=gemma4_e2b.base arm_median=592.0000 reference_median=589.0000 delta=3.0000 limit=11.7800 within=true
bound metric=peak_rss_bytes arm=gemma4_e2b.s6_granitehost vs=gemma4_e2b.base arm_median=3758882816 reference_median=3913302016 delta=-154419200 limit=78266040 within=true
bound metric=peak_footprint_bytes arm=gemma4_e2b.s6_granitehost vs=gemma4_e2b.base arm_median=421505408 reference_median=492464768 delta=-70959360 limit=9849295 within=true
bound metric=peak_gpu_bytes arm=gemma4_e2b.s6_granitehost vs=gemma4_e2b.base arm_median=3621748736 reference_median=3657105408 delta=-35356672 limit=73142108 within=true
bound metric=ms_per_token arm=gemma4_e2b.s6_granitehost vs=gemma4_e2b.s1_combine arm_median=11.4110 reference_median=11.3185 delta=0.0925 limit=0.2264 within=true
bound metric=prefill_ms arm=gemma4_e2b.s6_granitehost vs=gemma4_e2b.s1_combine arm_median=591.9995 reference_median=588.4900 delta=3.5095 limit=11.7698 within=true
bound metric=ttft_ms arm=gemma4_e2b.s6_granitehost vs=gemma4_e2b.s1_combine arm_median=592.0000 reference_median=588.5000 delta=3.5000 limit=11.7700 within=true
bound metric=peak_rss_bytes arm=gemma4_e2b.s6_granitehost vs=gemma4_e2b.s1_combine arm_median=3758882816 reference_median=3870179328 delta=-111296512 limit=77403587 within=true
bound metric=peak_footprint_bytes arm=gemma4_e2b.s6_granitehost vs=gemma4_e2b.s1_combine arm_median=421505408 reference_median=487041600 delta=-65536192 limit=9740832 within=true
bound metric=peak_gpu_bytes arm=gemma4_e2b.s6_granitehost vs=gemma4_e2b.s1_combine arm_median=3621748736 reference_median=3657105408 delta=-35356672 limit=73142108 within=true
bound metric=ms_per_token arm=gemma4_e2b.s6_granitehost vs=gemma4_e2b.s2_gemm arm_median=11.4110 reference_median=11.3360 delta=0.0750 limit=0.2267 within=true
bound metric=prefill_ms arm=gemma4_e2b.s6_granitehost vs=gemma4_e2b.s2_gemm arm_median=591.9995 reference_median=589.4930 delta=2.5065 limit=11.7899 within=true
bound metric=ttft_ms arm=gemma4_e2b.s6_granitehost vs=gemma4_e2b.s2_gemm arm_median=592.0000 reference_median=589.5000 delta=2.5000 limit=11.7900 within=true
bound metric=peak_rss_bytes arm=gemma4_e2b.s6_granitehost vs=gemma4_e2b.s2_gemm arm_median=3758882816 reference_median=3878813696 delta=-119930880 limit=77576274 within=true
bound metric=peak_footprint_bytes arm=gemma4_e2b.s6_granitehost vs=gemma4_e2b.s2_gemm arm_median=421505408 reference_median=484076352 delta=-62570944 limit=9681527 within=true
bound metric=peak_gpu_bytes arm=gemma4_e2b.s6_granitehost vs=gemma4_e2b.s2_gemm arm_median=3621748736 reference_median=3657105408 delta=-35356672 limit=73142108 within=true
bound metric=ms_per_token arm=gemma4_e2b.s6_granitehost vs=gemma4_e2b.s3_rope arm_median=11.4110 reference_median=11.3120 delta=0.0990 limit=0.2262 within=true
bound metric=prefill_ms arm=gemma4_e2b.s6_granitehost vs=gemma4_e2b.s3_rope arm_median=591.9995 reference_median=587.9650 delta=4.0345 limit=11.7593 within=true
bound metric=ttft_ms arm=gemma4_e2b.s6_granitehost vs=gemma4_e2b.s3_rope arm_median=592.0000 reference_median=588.0000 delta=4.0000 limit=11.7600 within=true
bound metric=peak_rss_bytes arm=gemma4_e2b.s6_granitehost vs=gemma4_e2b.s3_rope arm_median=3758882816 reference_median=3871064064 delta=-112181248 limit=77421281 within=true
bound metric=peak_footprint_bytes arm=gemma4_e2b.s6_granitehost vs=gemma4_e2b.s3_rope arm_median=421505408 reference_median=498313856 delta=-76808448 limit=9966277 within=true
bound metric=peak_gpu_bytes arm=gemma4_e2b.s6_granitehost vs=gemma4_e2b.s3_rope arm_median=3621748736 reference_median=3657105408 delta=-35356672 limit=73142108 within=true
bound metric=ms_per_token arm=gemma4_e2b.s6_granitehost vs=gemma4_e2b.s4_kvplace arm_median=11.4110 reference_median=11.2660 delta=0.1450 limit=0.2253 within=true
bound metric=prefill_ms arm=gemma4_e2b.s6_granitehost vs=gemma4_e2b.s4_kvplace arm_median=591.9995 reference_median=582.0200 delta=9.9795 limit=11.6404 within=true
bound metric=ttft_ms arm=gemma4_e2b.s6_granitehost vs=gemma4_e2b.s4_kvplace arm_median=592.0000 reference_median=582.0000 delta=10.0000 limit=11.6400 within=true
bound metric=peak_rss_bytes arm=gemma4_e2b.s6_granitehost vs=gemma4_e2b.s4_kvplace arm_median=3758882816 reference_median=3765207040 delta=-6324224 limit=75304141 within=true
bound metric=peak_footprint_bytes arm=gemma4_e2b.s6_granitehost vs=gemma4_e2b.s4_kvplace arm_median=421505408 reference_median=423062016 delta=-1556608 limit=8461240 within=true
bound metric=peak_gpu_bytes arm=gemma4_e2b.s6_granitehost vs=gemma4_e2b.s4_kvplace arm_median=3621748736 reference_median=3620749312 delta=999424 limit=72414986 within=true
bound metric=ms_per_token arm=gemma4_e2b.s6_granitehost vs=gemma4_e2b.s5_e2bdecode arm_median=11.4110 reference_median=11.4430 delta=-0.0320 limit=0.2289 within=true
bound metric=prefill_ms arm=gemma4_e2b.s6_granitehost vs=gemma4_e2b.s5_e2bdecode arm_median=591.9995 reference_median=592.0260 delta=-0.0265 limit=11.8405 within=true
bound metric=ttft_ms arm=gemma4_e2b.s6_granitehost vs=gemma4_e2b.s5_e2bdecode arm_median=592.0000 reference_median=592.0000 delta=0.0000 limit=11.8400 within=true
bound metric=peak_rss_bytes arm=gemma4_e2b.s6_granitehost vs=gemma4_e2b.s5_e2bdecode arm_median=3758882816 reference_median=3766779904 delta=-7897088 limit=75335598 within=true
bound metric=peak_footprint_bytes arm=gemma4_e2b.s6_granitehost vs=gemma4_e2b.s5_e2bdecode arm_median=421505408 reference_median=424209152 delta=-2703744 limit=8484183 within=true
bound metric=peak_gpu_bytes arm=gemma4_e2b.s6_granitehost vs=gemma4_e2b.s5_e2bdecode arm_median=3621748736 reference_median=3621748736 delta=0 limit=72434975 within=true
bound metric=ms_per_token arm=gemma4_e2b.tip vs=gemma4_e2b.base arm_median=11.4320 reference_median=11.2770 delta=0.1550 limit=0.2255 within=true
bound metric=prefill_ms arm=gemma4_e2b.tip vs=gemma4_e2b.base arm_median=592.0170 reference_median=588.9760 delta=3.0410 limit=11.7795 within=true
bound metric=ttft_ms arm=gemma4_e2b.tip vs=gemma4_e2b.base arm_median=592.0000 reference_median=589.0000 delta=3.0000 limit=11.7800 within=true
bound metric=peak_rss_bytes arm=gemma4_e2b.tip vs=gemma4_e2b.base arm_median=3792945152 reference_median=3913302016 delta=-120356864 limit=78266040 within=true
bound metric=peak_footprint_bytes arm=gemma4_e2b.tip vs=gemma4_e2b.base arm_median=424257856 reference_median=492464768 delta=-68206912 limit=9849295 within=true
bound metric=peak_gpu_bytes arm=gemma4_e2b.tip vs=gemma4_e2b.base arm_median=3621748736 reference_median=3657105408 delta=-35356672 limit=73142108 within=true
bound metric=ms_per_token arm=gemma4_e2b.tip vs=gemma4_e2b.s1_combine arm_median=11.4320 reference_median=11.3185 delta=0.1135 limit=0.2264 within=true
bound metric=prefill_ms arm=gemma4_e2b.tip vs=gemma4_e2b.s1_combine arm_median=592.0170 reference_median=588.4900 delta=3.5270 limit=11.7698 within=true
bound metric=ttft_ms arm=gemma4_e2b.tip vs=gemma4_e2b.s1_combine arm_median=592.0000 reference_median=588.5000 delta=3.5000 limit=11.7700 within=true
bound metric=peak_rss_bytes arm=gemma4_e2b.tip vs=gemma4_e2b.s1_combine arm_median=3792945152 reference_median=3870179328 delta=-77234176 limit=77403587 within=true
bound metric=peak_footprint_bytes arm=gemma4_e2b.tip vs=gemma4_e2b.s1_combine arm_median=424257856 reference_median=487041600 delta=-62783744 limit=9740832 within=true
bound metric=peak_gpu_bytes arm=gemma4_e2b.tip vs=gemma4_e2b.s1_combine arm_median=3621748736 reference_median=3657105408 delta=-35356672 limit=73142108 within=true
bound metric=ms_per_token arm=gemma4_e2b.tip vs=gemma4_e2b.s2_gemm arm_median=11.4320 reference_median=11.3360 delta=0.0960 limit=0.2267 within=true
bound metric=prefill_ms arm=gemma4_e2b.tip vs=gemma4_e2b.s2_gemm arm_median=592.0170 reference_median=589.4930 delta=2.5240 limit=11.7899 within=true
bound metric=ttft_ms arm=gemma4_e2b.tip vs=gemma4_e2b.s2_gemm arm_median=592.0000 reference_median=589.5000 delta=2.5000 limit=11.7900 within=true
bound metric=peak_rss_bytes arm=gemma4_e2b.tip vs=gemma4_e2b.s2_gemm arm_median=3792945152 reference_median=3878813696 delta=-85868544 limit=77576274 within=true
bound metric=peak_footprint_bytes arm=gemma4_e2b.tip vs=gemma4_e2b.s2_gemm arm_median=424257856 reference_median=484076352 delta=-59818496 limit=9681527 within=true
bound metric=peak_gpu_bytes arm=gemma4_e2b.tip vs=gemma4_e2b.s2_gemm arm_median=3621748736 reference_median=3657105408 delta=-35356672 limit=73142108 within=true
bound metric=ms_per_token arm=gemma4_e2b.tip vs=gemma4_e2b.s3_rope arm_median=11.4320 reference_median=11.3120 delta=0.1200 limit=0.2262 within=true
bound metric=prefill_ms arm=gemma4_e2b.tip vs=gemma4_e2b.s3_rope arm_median=592.0170 reference_median=587.9650 delta=4.0520 limit=11.7593 within=true
bound metric=ttft_ms arm=gemma4_e2b.tip vs=gemma4_e2b.s3_rope arm_median=592.0000 reference_median=588.0000 delta=4.0000 limit=11.7600 within=true
bound metric=peak_rss_bytes arm=gemma4_e2b.tip vs=gemma4_e2b.s3_rope arm_median=3792945152 reference_median=3871064064 delta=-78118912 limit=77421281 within=true
bound metric=peak_footprint_bytes arm=gemma4_e2b.tip vs=gemma4_e2b.s3_rope arm_median=424257856 reference_median=498313856 delta=-74056000 limit=9966277 within=true
bound metric=peak_gpu_bytes arm=gemma4_e2b.tip vs=gemma4_e2b.s3_rope arm_median=3621748736 reference_median=3657105408 delta=-35356672 limit=73142108 within=true
bound metric=ms_per_token arm=gemma4_e2b.tip vs=gemma4_e2b.s4_kvplace arm_median=11.4320 reference_median=11.2660 delta=0.1660 limit=0.2253 within=true
bound metric=prefill_ms arm=gemma4_e2b.tip vs=gemma4_e2b.s4_kvplace arm_median=592.0170 reference_median=582.0200 delta=9.9970 limit=11.6404 within=true
bound metric=ttft_ms arm=gemma4_e2b.tip vs=gemma4_e2b.s4_kvplace arm_median=592.0000 reference_median=582.0000 delta=10.0000 limit=11.6400 within=true
bound metric=peak_rss_bytes arm=gemma4_e2b.tip vs=gemma4_e2b.s4_kvplace arm_median=3792945152 reference_median=3765207040 delta=27738112 limit=75304141 within=true
bound metric=peak_footprint_bytes arm=gemma4_e2b.tip vs=gemma4_e2b.s4_kvplace arm_median=424257856 reference_median=423062016 delta=1195840 limit=8461240 within=true
bound metric=peak_gpu_bytes arm=gemma4_e2b.tip vs=gemma4_e2b.s4_kvplace arm_median=3621748736 reference_median=3620749312 delta=999424 limit=72414986 within=true
bound metric=ms_per_token arm=gemma4_e2b.tip vs=gemma4_e2b.s5_e2bdecode arm_median=11.4320 reference_median=11.4430 delta=-0.0110 limit=0.2289 within=true
bound metric=prefill_ms arm=gemma4_e2b.tip vs=gemma4_e2b.s5_e2bdecode arm_median=592.0170 reference_median=592.0260 delta=-0.0090 limit=11.8405 within=true
bound metric=ttft_ms arm=gemma4_e2b.tip vs=gemma4_e2b.s5_e2bdecode arm_median=592.0000 reference_median=592.0000 delta=0.0000 limit=11.8400 within=true
bound metric=peak_rss_bytes arm=gemma4_e2b.tip vs=gemma4_e2b.s5_e2bdecode arm_median=3792945152 reference_median=3766779904 delta=26165248 limit=75335598 within=true
bound metric=peak_footprint_bytes arm=gemma4_e2b.tip vs=gemma4_e2b.s5_e2bdecode arm_median=424257856 reference_median=424209152 delta=48704 limit=8484183 within=true
bound metric=peak_gpu_bytes arm=gemma4_e2b.tip vs=gemma4_e2b.s5_e2bdecode arm_median=3621748736 reference_median=3621748736 delta=0 limit=72434975 within=true
bound metric=ms_per_token arm=gemma4_e2b.tip vs=gemma4_e2b.s6_granitehost arm_median=11.4320 reference_median=11.4110 delta=0.0210 limit=0.2282 within=true
bound metric=prefill_ms arm=gemma4_e2b.tip vs=gemma4_e2b.s6_granitehost arm_median=592.0170 reference_median=591.9995 delta=0.0175 limit=11.8400 within=true
bound metric=ttft_ms arm=gemma4_e2b.tip vs=gemma4_e2b.s6_granitehost arm_median=592.0000 reference_median=592.0000 delta=0.0000 limit=11.8400 within=true
bound metric=peak_rss_bytes arm=gemma4_e2b.tip vs=gemma4_e2b.s6_granitehost arm_median=3792945152 reference_median=3758882816 delta=34062336 limit=75177656 within=true
bound metric=peak_footprint_bytes arm=gemma4_e2b.tip vs=gemma4_e2b.s6_granitehost arm_median=424257856 reference_median=421505408 delta=2752448 limit=8430108 within=true
bound metric=peak_gpu_bytes arm=gemma4_e2b.tip vs=gemma4_e2b.s6_granitehost arm_median=3621748736 reference_median=3621748736 delta=0 limit=72434975 within=true
bound metric=ms_per_token arm=gemma4_e2b.off_combine vs=gemma4_e2b.base arm_median=11.4100 reference_median=11.2770 delta=0.1330 limit=0.2255 within=true
bound metric=prefill_ms arm=gemma4_e2b.off_combine vs=gemma4_e2b.base arm_median=591.9655 reference_median=588.9760 delta=2.9895 limit=11.7795 within=true
bound metric=ttft_ms arm=gemma4_e2b.off_combine vs=gemma4_e2b.base arm_median=592.0000 reference_median=589.0000 delta=3.0000 limit=11.7800 within=true
bound metric=peak_rss_bytes arm=gemma4_e2b.off_combine vs=gemma4_e2b.base arm_median=3763978240 reference_median=3913302016 delta=-149323776 limit=78266040 within=true
bound metric=peak_footprint_bytes arm=gemma4_e2b.off_combine vs=gemma4_e2b.base arm_median=425028160 reference_median=492464768 delta=-67436608 limit=9849295 within=true
bound metric=peak_gpu_bytes arm=gemma4_e2b.off_combine vs=gemma4_e2b.base arm_median=3620749312 reference_median=3657105408 delta=-36356096 limit=73142108 within=true
bound metric=ms_per_token arm=gemma4_e2b.off_combine vs=gemma4_e2b.s1_combine arm_median=11.4100 reference_median=11.3185 delta=0.0915 limit=0.2264 within=true
bound metric=prefill_ms arm=gemma4_e2b.off_combine vs=gemma4_e2b.s1_combine arm_median=591.9655 reference_median=588.4900 delta=3.4755 limit=11.7698 within=true
bound metric=ttft_ms arm=gemma4_e2b.off_combine vs=gemma4_e2b.s1_combine arm_median=592.0000 reference_median=588.5000 delta=3.5000 limit=11.7700 within=true
bound metric=peak_rss_bytes arm=gemma4_e2b.off_combine vs=gemma4_e2b.s1_combine arm_median=3763978240 reference_median=3870179328 delta=-106201088 limit=77403587 within=true
bound metric=peak_footprint_bytes arm=gemma4_e2b.off_combine vs=gemma4_e2b.s1_combine arm_median=425028160 reference_median=487041600 delta=-62013440 limit=9740832 within=true
bound metric=peak_gpu_bytes arm=gemma4_e2b.off_combine vs=gemma4_e2b.s1_combine arm_median=3620749312 reference_median=3657105408 delta=-36356096 limit=73142108 within=true
bound metric=ms_per_token arm=gemma4_e2b.off_combine vs=gemma4_e2b.s2_gemm arm_median=11.4100 reference_median=11.3360 delta=0.0740 limit=0.2267 within=true
bound metric=prefill_ms arm=gemma4_e2b.off_combine vs=gemma4_e2b.s2_gemm arm_median=591.9655 reference_median=589.4930 delta=2.4725 limit=11.7899 within=true
bound metric=ttft_ms arm=gemma4_e2b.off_combine vs=gemma4_e2b.s2_gemm arm_median=592.0000 reference_median=589.5000 delta=2.5000 limit=11.7900 within=true
bound metric=peak_rss_bytes arm=gemma4_e2b.off_combine vs=gemma4_e2b.s2_gemm arm_median=3763978240 reference_median=3878813696 delta=-114835456 limit=77576274 within=true
bound metric=peak_footprint_bytes arm=gemma4_e2b.off_combine vs=gemma4_e2b.s2_gemm arm_median=425028160 reference_median=484076352 delta=-59048192 limit=9681527 within=true
bound metric=peak_gpu_bytes arm=gemma4_e2b.off_combine vs=gemma4_e2b.s2_gemm arm_median=3620749312 reference_median=3657105408 delta=-36356096 limit=73142108 within=true
bound metric=ms_per_token arm=gemma4_e2b.off_combine vs=gemma4_e2b.s3_rope arm_median=11.4100 reference_median=11.3120 delta=0.0980 limit=0.2262 within=true
bound metric=prefill_ms arm=gemma4_e2b.off_combine vs=gemma4_e2b.s3_rope arm_median=591.9655 reference_median=587.9650 delta=4.0005 limit=11.7593 within=true
bound metric=ttft_ms arm=gemma4_e2b.off_combine vs=gemma4_e2b.s3_rope arm_median=592.0000 reference_median=588.0000 delta=4.0000 limit=11.7600 within=true
bound metric=peak_rss_bytes arm=gemma4_e2b.off_combine vs=gemma4_e2b.s3_rope arm_median=3763978240 reference_median=3871064064 delta=-107085824 limit=77421281 within=true
bound metric=peak_footprint_bytes arm=gemma4_e2b.off_combine vs=gemma4_e2b.s3_rope arm_median=425028160 reference_median=498313856 delta=-73285696 limit=9966277 within=true
bound metric=peak_gpu_bytes arm=gemma4_e2b.off_combine vs=gemma4_e2b.s3_rope arm_median=3620749312 reference_median=3657105408 delta=-36356096 limit=73142108 within=true
bound metric=ms_per_token arm=gemma4_e2b.off_combine vs=gemma4_e2b.s4_kvplace arm_median=11.4100 reference_median=11.2660 delta=0.1440 limit=0.2253 within=true
bound metric=prefill_ms arm=gemma4_e2b.off_combine vs=gemma4_e2b.s4_kvplace arm_median=591.9655 reference_median=582.0200 delta=9.9455 limit=11.6404 within=true
bound metric=ttft_ms arm=gemma4_e2b.off_combine vs=gemma4_e2b.s4_kvplace arm_median=592.0000 reference_median=582.0000 delta=10.0000 limit=11.6400 within=true
bound metric=peak_rss_bytes arm=gemma4_e2b.off_combine vs=gemma4_e2b.s4_kvplace arm_median=3763978240 reference_median=3765207040 delta=-1228800 limit=75304141 within=true
bound metric=peak_footprint_bytes arm=gemma4_e2b.off_combine vs=gemma4_e2b.s4_kvplace arm_median=425028160 reference_median=423062016 delta=1966144 limit=8461240 within=true
bound metric=peak_gpu_bytes arm=gemma4_e2b.off_combine vs=gemma4_e2b.s4_kvplace arm_median=3620749312 reference_median=3620749312 delta=0 limit=72414986 within=true
bound metric=ms_per_token arm=gemma4_e2b.off_combine vs=gemma4_e2b.s5_e2bdecode arm_median=11.4100 reference_median=11.4430 delta=-0.0330 limit=0.2289 within=true
bound metric=prefill_ms arm=gemma4_e2b.off_combine vs=gemma4_e2b.s5_e2bdecode arm_median=591.9655 reference_median=592.0260 delta=-0.0605 limit=11.8405 within=true
bound metric=ttft_ms arm=gemma4_e2b.off_combine vs=gemma4_e2b.s5_e2bdecode arm_median=592.0000 reference_median=592.0000 delta=0.0000 limit=11.8400 within=true
bound metric=peak_rss_bytes arm=gemma4_e2b.off_combine vs=gemma4_e2b.s5_e2bdecode arm_median=3763978240 reference_median=3766779904 delta=-2801664 limit=75335598 within=true
bound metric=peak_footprint_bytes arm=gemma4_e2b.off_combine vs=gemma4_e2b.s5_e2bdecode arm_median=425028160 reference_median=424209152 delta=819008 limit=8484183 within=true
bound metric=peak_gpu_bytes arm=gemma4_e2b.off_combine vs=gemma4_e2b.s5_e2bdecode arm_median=3620749312 reference_median=3621748736 delta=-999424 limit=72434975 within=true
bound metric=ms_per_token arm=gemma4_e2b.off_combine vs=gemma4_e2b.s6_granitehost arm_median=11.4100 reference_median=11.4110 delta=-0.0010 limit=0.2282 within=true
bound metric=prefill_ms arm=gemma4_e2b.off_combine vs=gemma4_e2b.s6_granitehost arm_median=591.9655 reference_median=591.9995 delta=-0.0340 limit=11.8400 within=true
bound metric=ttft_ms arm=gemma4_e2b.off_combine vs=gemma4_e2b.s6_granitehost arm_median=592.0000 reference_median=592.0000 delta=0.0000 limit=11.8400 within=true
bound metric=peak_rss_bytes arm=gemma4_e2b.off_combine vs=gemma4_e2b.s6_granitehost arm_median=3763978240 reference_median=3758882816 delta=5095424 limit=75177656 within=true
bound metric=peak_footprint_bytes arm=gemma4_e2b.off_combine vs=gemma4_e2b.s6_granitehost arm_median=425028160 reference_median=421505408 delta=3522752 limit=8430108 within=true
bound metric=peak_gpu_bytes arm=gemma4_e2b.off_combine vs=gemma4_e2b.s6_granitehost arm_median=3620749312 reference_median=3621748736 delta=-999424 limit=72434975 within=true
bound metric=ms_per_token arm=gemma4_e2b.off_combine vs=gemma4_e2b.tip arm_median=11.4100 reference_median=11.4320 delta=-0.0220 limit=0.2286 within=true
bound metric=prefill_ms arm=gemma4_e2b.off_combine vs=gemma4_e2b.tip arm_median=591.9655 reference_median=592.0170 delta=-0.0515 limit=11.8403 within=true
bound metric=ttft_ms arm=gemma4_e2b.off_combine vs=gemma4_e2b.tip arm_median=592.0000 reference_median=592.0000 delta=0.0000 limit=11.8400 within=true
bound metric=peak_rss_bytes arm=gemma4_e2b.off_combine vs=gemma4_e2b.tip arm_median=3763978240 reference_median=3792945152 delta=-28966912 limit=75858903 within=true
bound metric=peak_footprint_bytes arm=gemma4_e2b.off_combine vs=gemma4_e2b.tip arm_median=425028160 reference_median=424257856 delta=770304 limit=8485157 within=true
bound metric=peak_gpu_bytes arm=gemma4_e2b.off_combine vs=gemma4_e2b.tip arm_median=3620749312 reference_median=3621748736 delta=-999424 limit=72434975 within=true
bound metric=ms_per_token arm=gemma4_e2b.off_rope vs=gemma4_e2b.base arm_median=11.4380 reference_median=11.2770 delta=0.1610 limit=0.2255 within=true
bound metric=prefill_ms arm=gemma4_e2b.off_rope vs=gemma4_e2b.base arm_median=593.0005 reference_median=588.9760 delta=4.0245 limit=11.7795 within=true
bound metric=ttft_ms arm=gemma4_e2b.off_rope vs=gemma4_e2b.base arm_median=593.0000 reference_median=589.0000 delta=4.0000 limit=11.7800 within=true
bound metric=peak_rss_bytes arm=gemma4_e2b.off_rope vs=gemma4_e2b.base arm_median=3791241216 reference_median=3913302016 delta=-122060800 limit=78266040 within=true
bound metric=peak_footprint_bytes arm=gemma4_e2b.off_rope vs=gemma4_e2b.base arm_median=431008320 reference_median=492464768 delta=-61456448 limit=9849295 within=true
bound metric=peak_gpu_bytes arm=gemma4_e2b.off_rope vs=gemma4_e2b.base arm_median=3621748736 reference_median=3657105408 delta=-35356672 limit=73142108 within=true
bound metric=ms_per_token arm=gemma4_e2b.off_rope vs=gemma4_e2b.s1_combine arm_median=11.4380 reference_median=11.3185 delta=0.1195 limit=0.2264 within=true
bound metric=prefill_ms arm=gemma4_e2b.off_rope vs=gemma4_e2b.s1_combine arm_median=593.0005 reference_median=588.4900 delta=4.5105 limit=11.7698 within=true
bound metric=ttft_ms arm=gemma4_e2b.off_rope vs=gemma4_e2b.s1_combine arm_median=593.0000 reference_median=588.5000 delta=4.5000 limit=11.7700 within=true
bound metric=peak_rss_bytes arm=gemma4_e2b.off_rope vs=gemma4_e2b.s1_combine arm_median=3791241216 reference_median=3870179328 delta=-78938112 limit=77403587 within=true
bound metric=peak_footprint_bytes arm=gemma4_e2b.off_rope vs=gemma4_e2b.s1_combine arm_median=431008320 reference_median=487041600 delta=-56033280 limit=9740832 within=true
bound metric=peak_gpu_bytes arm=gemma4_e2b.off_rope vs=gemma4_e2b.s1_combine arm_median=3621748736 reference_median=3657105408 delta=-35356672 limit=73142108 within=true
bound metric=ms_per_token arm=gemma4_e2b.off_rope vs=gemma4_e2b.s2_gemm arm_median=11.4380 reference_median=11.3360 delta=0.1020 limit=0.2267 within=true
bound metric=prefill_ms arm=gemma4_e2b.off_rope vs=gemma4_e2b.s2_gemm arm_median=593.0005 reference_median=589.4930 delta=3.5075 limit=11.7899 within=true
bound metric=ttft_ms arm=gemma4_e2b.off_rope vs=gemma4_e2b.s2_gemm arm_median=593.0000 reference_median=589.5000 delta=3.5000 limit=11.7900 within=true
bound metric=peak_rss_bytes arm=gemma4_e2b.off_rope vs=gemma4_e2b.s2_gemm arm_median=3791241216 reference_median=3878813696 delta=-87572480 limit=77576274 within=true
bound metric=peak_footprint_bytes arm=gemma4_e2b.off_rope vs=gemma4_e2b.s2_gemm arm_median=431008320 reference_median=484076352 delta=-53068032 limit=9681527 within=true
bound metric=peak_gpu_bytes arm=gemma4_e2b.off_rope vs=gemma4_e2b.s2_gemm arm_median=3621748736 reference_median=3657105408 delta=-35356672 limit=73142108 within=true
bound metric=ms_per_token arm=gemma4_e2b.off_rope vs=gemma4_e2b.s3_rope arm_median=11.4380 reference_median=11.3120 delta=0.1260 limit=0.2262 within=true
bound metric=prefill_ms arm=gemma4_e2b.off_rope vs=gemma4_e2b.s3_rope arm_median=593.0005 reference_median=587.9650 delta=5.0355 limit=11.7593 within=true
bound metric=ttft_ms arm=gemma4_e2b.off_rope vs=gemma4_e2b.s3_rope arm_median=593.0000 reference_median=588.0000 delta=5.0000 limit=11.7600 within=true
bound metric=peak_rss_bytes arm=gemma4_e2b.off_rope vs=gemma4_e2b.s3_rope arm_median=3791241216 reference_median=3871064064 delta=-79822848 limit=77421281 within=true
bound metric=peak_footprint_bytes arm=gemma4_e2b.off_rope vs=gemma4_e2b.s3_rope arm_median=431008320 reference_median=498313856 delta=-67305536 limit=9966277 within=true
bound metric=peak_gpu_bytes arm=gemma4_e2b.off_rope vs=gemma4_e2b.s3_rope arm_median=3621748736 reference_median=3657105408 delta=-35356672 limit=73142108 within=true
bound metric=ms_per_token arm=gemma4_e2b.off_rope vs=gemma4_e2b.s4_kvplace arm_median=11.4380 reference_median=11.2660 delta=0.1720 limit=0.2253 within=true
bound metric=prefill_ms arm=gemma4_e2b.off_rope vs=gemma4_e2b.s4_kvplace arm_median=593.0005 reference_median=582.0200 delta=10.9805 limit=11.6404 within=true
bound metric=ttft_ms arm=gemma4_e2b.off_rope vs=gemma4_e2b.s4_kvplace arm_median=593.0000 reference_median=582.0000 delta=11.0000 limit=11.6400 within=true
bound metric=peak_rss_bytes arm=gemma4_e2b.off_rope vs=gemma4_e2b.s4_kvplace arm_median=3791241216 reference_median=3765207040 delta=26034176 limit=75304141 within=true
bound metric=peak_footprint_bytes arm=gemma4_e2b.off_rope vs=gemma4_e2b.s4_kvplace arm_median=431008320 reference_median=423062016 delta=7946304 limit=8461240 within=true
bound metric=peak_gpu_bytes arm=gemma4_e2b.off_rope vs=gemma4_e2b.s4_kvplace arm_median=3621748736 reference_median=3620749312 delta=999424 limit=72414986 within=true
bound metric=ms_per_token arm=gemma4_e2b.off_rope vs=gemma4_e2b.s5_e2bdecode arm_median=11.4380 reference_median=11.4430 delta=-0.0050 limit=0.2289 within=true
bound metric=prefill_ms arm=gemma4_e2b.off_rope vs=gemma4_e2b.s5_e2bdecode arm_median=593.0005 reference_median=592.0260 delta=0.9745 limit=11.8405 within=true
bound metric=ttft_ms arm=gemma4_e2b.off_rope vs=gemma4_e2b.s5_e2bdecode arm_median=593.0000 reference_median=592.0000 delta=1.0000 limit=11.8400 within=true
bound metric=peak_rss_bytes arm=gemma4_e2b.off_rope vs=gemma4_e2b.s5_e2bdecode arm_median=3791241216 reference_median=3766779904 delta=24461312 limit=75335598 within=true
bound metric=peak_footprint_bytes arm=gemma4_e2b.off_rope vs=gemma4_e2b.s5_e2bdecode arm_median=431008320 reference_median=424209152 delta=6799168 limit=8484183 within=true
bound metric=peak_gpu_bytes arm=gemma4_e2b.off_rope vs=gemma4_e2b.s5_e2bdecode arm_median=3621748736 reference_median=3621748736 delta=0 limit=72434975 within=true
bound metric=ms_per_token arm=gemma4_e2b.off_rope vs=gemma4_e2b.s6_granitehost arm_median=11.4380 reference_median=11.4110 delta=0.0270 limit=0.2282 within=true
bound metric=prefill_ms arm=gemma4_e2b.off_rope vs=gemma4_e2b.s6_granitehost arm_median=593.0005 reference_median=591.9995 delta=1.0010 limit=11.8400 within=true
bound metric=ttft_ms arm=gemma4_e2b.off_rope vs=gemma4_e2b.s6_granitehost arm_median=593.0000 reference_median=592.0000 delta=1.0000 limit=11.8400 within=true
bound metric=peak_rss_bytes arm=gemma4_e2b.off_rope vs=gemma4_e2b.s6_granitehost arm_median=3791241216 reference_median=3758882816 delta=32358400 limit=75177656 within=true
bound metric=peak_footprint_bytes arm=gemma4_e2b.off_rope vs=gemma4_e2b.s6_granitehost arm_median=431008320 reference_median=421505408 delta=9502912 limit=8430108 within=false
bound metric=peak_gpu_bytes arm=gemma4_e2b.off_rope vs=gemma4_e2b.s6_granitehost arm_median=3621748736 reference_median=3621748736 delta=0 limit=72434975 within=true
bound metric=ms_per_token arm=gemma4_e2b.off_rope vs=gemma4_e2b.tip arm_median=11.4380 reference_median=11.4320 delta=0.0060 limit=0.2286 within=true
bound metric=prefill_ms arm=gemma4_e2b.off_rope vs=gemma4_e2b.tip arm_median=593.0005 reference_median=592.0170 delta=0.9835 limit=11.8403 within=true
bound metric=ttft_ms arm=gemma4_e2b.off_rope vs=gemma4_e2b.tip arm_median=593.0000 reference_median=592.0000 delta=1.0000 limit=11.8400 within=true
bound metric=peak_rss_bytes arm=gemma4_e2b.off_rope vs=gemma4_e2b.tip arm_median=3791241216 reference_median=3792945152 delta=-1703936 limit=75858903 within=true
bound metric=peak_footprint_bytes arm=gemma4_e2b.off_rope vs=gemma4_e2b.tip arm_median=431008320 reference_median=424257856 delta=6750464 limit=8485157 within=true
bound metric=peak_gpu_bytes arm=gemma4_e2b.off_rope vs=gemma4_e2b.tip arm_median=3621748736 reference_median=3621748736 delta=0 limit=72434975 within=true
bound metric=ms_per_token arm=gemma4_e2b.off_rope vs=gemma4_e2b.off_combine arm_median=11.4380 reference_median=11.4100 delta=0.0280 limit=0.2282 within=true
bound metric=prefill_ms arm=gemma4_e2b.off_rope vs=gemma4_e2b.off_combine arm_median=593.0005 reference_median=591.9655 delta=1.0350 limit=11.8393 within=true
bound metric=ttft_ms arm=gemma4_e2b.off_rope vs=gemma4_e2b.off_combine arm_median=593.0000 reference_median=592.0000 delta=1.0000 limit=11.8400 within=true
bound metric=peak_rss_bytes arm=gemma4_e2b.off_rope vs=gemma4_e2b.off_combine arm_median=3791241216 reference_median=3763978240 delta=27262976 limit=75279565 within=true
bound metric=peak_footprint_bytes arm=gemma4_e2b.off_rope vs=gemma4_e2b.off_combine arm_median=431008320 reference_median=425028160 delta=5980160 limit=8500563 within=true
bound metric=peak_gpu_bytes arm=gemma4_e2b.off_rope vs=gemma4_e2b.off_combine arm_median=3621748736 reference_median=3620749312 delta=999424 limit=72414986 within=true
bound metric=ms_per_token arm=gemma4_e2b.off_bcastwidth vs=gemma4_e2b.base arm_median=11.2500 reference_median=11.2770 delta=-0.0270 limit=0.2255 within=true
bound metric=prefill_ms arm=gemma4_e2b.off_bcastwidth vs=gemma4_e2b.base arm_median=586.0010 reference_median=588.9760 delta=-2.9750 limit=11.7795 within=true
bound metric=ttft_ms arm=gemma4_e2b.off_bcastwidth vs=gemma4_e2b.base arm_median=586.0000 reference_median=589.0000 delta=-3.0000 limit=11.7800 within=true
bound metric=peak_rss_bytes arm=gemma4_e2b.off_bcastwidth vs=gemma4_e2b.base arm_median=3765043200 reference_median=3913302016 delta=-148258816 limit=78266040 within=true
bound metric=peak_footprint_bytes arm=gemma4_e2b.off_bcastwidth vs=gemma4_e2b.base arm_median=422259072 reference_median=492464768 delta=-70205696 limit=9849295 within=true
bound metric=peak_gpu_bytes arm=gemma4_e2b.off_bcastwidth vs=gemma4_e2b.base arm_median=3621748736 reference_median=3657105408 delta=-35356672 limit=73142108 within=true
bound metric=ms_per_token arm=gemma4_e2b.off_bcastwidth vs=gemma4_e2b.s1_combine arm_median=11.2500 reference_median=11.3185 delta=-0.0685 limit=0.2264 within=true
bound metric=prefill_ms arm=gemma4_e2b.off_bcastwidth vs=gemma4_e2b.s1_combine arm_median=586.0010 reference_median=588.4900 delta=-2.4890 limit=11.7698 within=true
bound metric=ttft_ms arm=gemma4_e2b.off_bcastwidth vs=gemma4_e2b.s1_combine arm_median=586.0000 reference_median=588.5000 delta=-2.5000 limit=11.7700 within=true
bound metric=peak_rss_bytes arm=gemma4_e2b.off_bcastwidth vs=gemma4_e2b.s1_combine arm_median=3765043200 reference_median=3870179328 delta=-105136128 limit=77403587 within=true
bound metric=peak_footprint_bytes arm=gemma4_e2b.off_bcastwidth vs=gemma4_e2b.s1_combine arm_median=422259072 reference_median=487041600 delta=-64782528 limit=9740832 within=true
bound metric=peak_gpu_bytes arm=gemma4_e2b.off_bcastwidth vs=gemma4_e2b.s1_combine arm_median=3621748736 reference_median=3657105408 delta=-35356672 limit=73142108 within=true
bound metric=ms_per_token arm=gemma4_e2b.off_bcastwidth vs=gemma4_e2b.s2_gemm arm_median=11.2500 reference_median=11.3360 delta=-0.0860 limit=0.2267 within=true
bound metric=prefill_ms arm=gemma4_e2b.off_bcastwidth vs=gemma4_e2b.s2_gemm arm_median=586.0010 reference_median=589.4930 delta=-3.4920 limit=11.7899 within=true
bound metric=ttft_ms arm=gemma4_e2b.off_bcastwidth vs=gemma4_e2b.s2_gemm arm_median=586.0000 reference_median=589.5000 delta=-3.5000 limit=11.7900 within=true
bound metric=peak_rss_bytes arm=gemma4_e2b.off_bcastwidth vs=gemma4_e2b.s2_gemm arm_median=3765043200 reference_median=3878813696 delta=-113770496 limit=77576274 within=true
bound metric=peak_footprint_bytes arm=gemma4_e2b.off_bcastwidth vs=gemma4_e2b.s2_gemm arm_median=422259072 reference_median=484076352 delta=-61817280 limit=9681527 within=true
bound metric=peak_gpu_bytes arm=gemma4_e2b.off_bcastwidth vs=gemma4_e2b.s2_gemm arm_median=3621748736 reference_median=3657105408 delta=-35356672 limit=73142108 within=true
bound metric=ms_per_token arm=gemma4_e2b.off_bcastwidth vs=gemma4_e2b.s3_rope arm_median=11.2500 reference_median=11.3120 delta=-0.0620 limit=0.2262 within=true
bound metric=prefill_ms arm=gemma4_e2b.off_bcastwidth vs=gemma4_e2b.s3_rope arm_median=586.0010 reference_median=587.9650 delta=-1.9640 limit=11.7593 within=true
bound metric=ttft_ms arm=gemma4_e2b.off_bcastwidth vs=gemma4_e2b.s3_rope arm_median=586.0000 reference_median=588.0000 delta=-2.0000 limit=11.7600 within=true
bound metric=peak_rss_bytes arm=gemma4_e2b.off_bcastwidth vs=gemma4_e2b.s3_rope arm_median=3765043200 reference_median=3871064064 delta=-106020864 limit=77421281 within=true
bound metric=peak_footprint_bytes arm=gemma4_e2b.off_bcastwidth vs=gemma4_e2b.s3_rope arm_median=422259072 reference_median=498313856 delta=-76054784 limit=9966277 within=true
bound metric=peak_gpu_bytes arm=gemma4_e2b.off_bcastwidth vs=gemma4_e2b.s3_rope arm_median=3621748736 reference_median=3657105408 delta=-35356672 limit=73142108 within=true
bound metric=ms_per_token arm=gemma4_e2b.off_bcastwidth vs=gemma4_e2b.s4_kvplace arm_median=11.2500 reference_median=11.2660 delta=-0.0160 limit=0.2253 within=true
bound metric=prefill_ms arm=gemma4_e2b.off_bcastwidth vs=gemma4_e2b.s4_kvplace arm_median=586.0010 reference_median=582.0200 delta=3.9810 limit=11.6404 within=true
bound metric=ttft_ms arm=gemma4_e2b.off_bcastwidth vs=gemma4_e2b.s4_kvplace arm_median=586.0000 reference_median=582.0000 delta=4.0000 limit=11.6400 within=true
bound metric=peak_rss_bytes arm=gemma4_e2b.off_bcastwidth vs=gemma4_e2b.s4_kvplace arm_median=3765043200 reference_median=3765207040 delta=-163840 limit=75304141 within=true
bound metric=peak_footprint_bytes arm=gemma4_e2b.off_bcastwidth vs=gemma4_e2b.s4_kvplace arm_median=422259072 reference_median=423062016 delta=-802944 limit=8461240 within=true
bound metric=peak_gpu_bytes arm=gemma4_e2b.off_bcastwidth vs=gemma4_e2b.s4_kvplace arm_median=3621748736 reference_median=3620749312 delta=999424 limit=72414986 within=true
bound metric=ms_per_token arm=gemma4_e2b.off_bcastwidth vs=gemma4_e2b.s5_e2bdecode arm_median=11.2500 reference_median=11.4430 delta=-0.1930 limit=0.2289 within=true
bound metric=prefill_ms arm=gemma4_e2b.off_bcastwidth vs=gemma4_e2b.s5_e2bdecode arm_median=586.0010 reference_median=592.0260 delta=-6.0250 limit=11.8405 within=true
bound metric=ttft_ms arm=gemma4_e2b.off_bcastwidth vs=gemma4_e2b.s5_e2bdecode arm_median=586.0000 reference_median=592.0000 delta=-6.0000 limit=11.8400 within=true
bound metric=peak_rss_bytes arm=gemma4_e2b.off_bcastwidth vs=gemma4_e2b.s5_e2bdecode arm_median=3765043200 reference_median=3766779904 delta=-1736704 limit=75335598 within=true
bound metric=peak_footprint_bytes arm=gemma4_e2b.off_bcastwidth vs=gemma4_e2b.s5_e2bdecode arm_median=422259072 reference_median=424209152 delta=-1950080 limit=8484183 within=true
bound metric=peak_gpu_bytes arm=gemma4_e2b.off_bcastwidth vs=gemma4_e2b.s5_e2bdecode arm_median=3621748736 reference_median=3621748736 delta=0 limit=72434975 within=true
bound metric=ms_per_token arm=gemma4_e2b.off_bcastwidth vs=gemma4_e2b.s6_granitehost arm_median=11.2500 reference_median=11.4110 delta=-0.1610 limit=0.2282 within=true
bound metric=prefill_ms arm=gemma4_e2b.off_bcastwidth vs=gemma4_e2b.s6_granitehost arm_median=586.0010 reference_median=591.9995 delta=-5.9985 limit=11.8400 within=true
bound metric=ttft_ms arm=gemma4_e2b.off_bcastwidth vs=gemma4_e2b.s6_granitehost arm_median=586.0000 reference_median=592.0000 delta=-6.0000 limit=11.8400 within=true
bound metric=peak_rss_bytes arm=gemma4_e2b.off_bcastwidth vs=gemma4_e2b.s6_granitehost arm_median=3765043200 reference_median=3758882816 delta=6160384 limit=75177656 within=true
bound metric=peak_footprint_bytes arm=gemma4_e2b.off_bcastwidth vs=gemma4_e2b.s6_granitehost arm_median=422259072 reference_median=421505408 delta=753664 limit=8430108 within=true
bound metric=peak_gpu_bytes arm=gemma4_e2b.off_bcastwidth vs=gemma4_e2b.s6_granitehost arm_median=3621748736 reference_median=3621748736 delta=0 limit=72434975 within=true
bound metric=ms_per_token arm=gemma4_e2b.off_bcastwidth vs=gemma4_e2b.tip arm_median=11.2500 reference_median=11.4320 delta=-0.1820 limit=0.2286 within=true
bound metric=prefill_ms arm=gemma4_e2b.off_bcastwidth vs=gemma4_e2b.tip arm_median=586.0010 reference_median=592.0170 delta=-6.0160 limit=11.8403 within=true
bound metric=ttft_ms arm=gemma4_e2b.off_bcastwidth vs=gemma4_e2b.tip arm_median=586.0000 reference_median=592.0000 delta=-6.0000 limit=11.8400 within=true
bound metric=peak_rss_bytes arm=gemma4_e2b.off_bcastwidth vs=gemma4_e2b.tip arm_median=3765043200 reference_median=3792945152 delta=-27901952 limit=75858903 within=true
bound metric=peak_footprint_bytes arm=gemma4_e2b.off_bcastwidth vs=gemma4_e2b.tip arm_median=422259072 reference_median=424257856 delta=-1998784 limit=8485157 within=true
bound metric=peak_gpu_bytes arm=gemma4_e2b.off_bcastwidth vs=gemma4_e2b.tip arm_median=3621748736 reference_median=3621748736 delta=0 limit=72434975 within=true
bound metric=ms_per_token arm=gemma4_e2b.off_bcastwidth vs=gemma4_e2b.off_combine arm_median=11.2500 reference_median=11.4100 delta=-0.1600 limit=0.2282 within=true
bound metric=prefill_ms arm=gemma4_e2b.off_bcastwidth vs=gemma4_e2b.off_combine arm_median=586.0010 reference_median=591.9655 delta=-5.9645 limit=11.8393 within=true
bound metric=ttft_ms arm=gemma4_e2b.off_bcastwidth vs=gemma4_e2b.off_combine arm_median=586.0000 reference_median=592.0000 delta=-6.0000 limit=11.8400 within=true
bound metric=peak_rss_bytes arm=gemma4_e2b.off_bcastwidth vs=gemma4_e2b.off_combine arm_median=3765043200 reference_median=3763978240 delta=1064960 limit=75279565 within=true
bound metric=peak_footprint_bytes arm=gemma4_e2b.off_bcastwidth vs=gemma4_e2b.off_combine arm_median=422259072 reference_median=425028160 delta=-2769088 limit=8500563 within=true
bound metric=peak_gpu_bytes arm=gemma4_e2b.off_bcastwidth vs=gemma4_e2b.off_combine arm_median=3621748736 reference_median=3620749312 delta=999424 limit=72414986 within=true
bound metric=ms_per_token arm=gemma4_e2b.off_bcastwidth vs=gemma4_e2b.off_rope arm_median=11.2500 reference_median=11.4380 delta=-0.1880 limit=0.2288 within=true
bound metric=prefill_ms arm=gemma4_e2b.off_bcastwidth vs=gemma4_e2b.off_rope arm_median=586.0010 reference_median=593.0005 delta=-6.9995 limit=11.8600 within=true
bound metric=ttft_ms arm=gemma4_e2b.off_bcastwidth vs=gemma4_e2b.off_rope arm_median=586.0000 reference_median=593.0000 delta=-7.0000 limit=11.8600 within=true
bound metric=peak_rss_bytes arm=gemma4_e2b.off_bcastwidth vs=gemma4_e2b.off_rope arm_median=3765043200 reference_median=3791241216 delta=-26198016 limit=75824824 within=true
bound metric=peak_footprint_bytes arm=gemma4_e2b.off_bcastwidth vs=gemma4_e2b.off_rope arm_median=422259072 reference_median=431008320 delta=-8749248 limit=8620166 within=true
bound metric=peak_gpu_bytes arm=gemma4_e2b.off_bcastwidth vs=gemma4_e2b.off_rope arm_median=3621748736 reference_median=3621748736 delta=0 limit=72434975 within=true
bound metric=ms_per_token arm=gemma4_e2b.off_simdfold vs=gemma4_e2b.base arm_median=11.4620 reference_median=11.2770 delta=0.1850 limit=0.2255 within=true
bound metric=prefill_ms arm=gemma4_e2b.off_simdfold vs=gemma4_e2b.base arm_median=591.9830 reference_median=588.9760 delta=3.0070 limit=11.7795 within=true
bound metric=ttft_ms arm=gemma4_e2b.off_simdfold vs=gemma4_e2b.base arm_median=592.0000 reference_median=589.0000 delta=3.0000 limit=11.7800 within=true
bound metric=peak_rss_bytes arm=gemma4_e2b.off_simdfold vs=gemma4_e2b.base arm_median=3760291840 reference_median=3913302016 delta=-153010176 limit=78266040 within=true
bound metric=peak_footprint_bytes arm=gemma4_e2b.off_simdfold vs=gemma4_e2b.base arm_median=422423168 reference_median=492464768 delta=-70041600 limit=9849295 within=true
bound metric=peak_gpu_bytes arm=gemma4_e2b.off_simdfold vs=gemma4_e2b.base arm_median=3621748736 reference_median=3657105408 delta=-35356672 limit=73142108 within=true
bound metric=ms_per_token arm=gemma4_e2b.off_simdfold vs=gemma4_e2b.s1_combine arm_median=11.4620 reference_median=11.3185 delta=0.1435 limit=0.2264 within=true
bound metric=prefill_ms arm=gemma4_e2b.off_simdfold vs=gemma4_e2b.s1_combine arm_median=591.9830 reference_median=588.4900 delta=3.4930 limit=11.7698 within=true
bound metric=ttft_ms arm=gemma4_e2b.off_simdfold vs=gemma4_e2b.s1_combine arm_median=592.0000 reference_median=588.5000 delta=3.5000 limit=11.7700 within=true
bound metric=peak_rss_bytes arm=gemma4_e2b.off_simdfold vs=gemma4_e2b.s1_combine arm_median=3760291840 reference_median=3870179328 delta=-109887488 limit=77403587 within=true
bound metric=peak_footprint_bytes arm=gemma4_e2b.off_simdfold vs=gemma4_e2b.s1_combine arm_median=422423168 reference_median=487041600 delta=-64618432 limit=9740832 within=true
bound metric=peak_gpu_bytes arm=gemma4_e2b.off_simdfold vs=gemma4_e2b.s1_combine arm_median=3621748736 reference_median=3657105408 delta=-35356672 limit=73142108 within=true
bound metric=ms_per_token arm=gemma4_e2b.off_simdfold vs=gemma4_e2b.s2_gemm arm_median=11.4620 reference_median=11.3360 delta=0.1260 limit=0.2267 within=true
bound metric=prefill_ms arm=gemma4_e2b.off_simdfold vs=gemma4_e2b.s2_gemm arm_median=591.9830 reference_median=589.4930 delta=2.4900 limit=11.7899 within=true
bound metric=ttft_ms arm=gemma4_e2b.off_simdfold vs=gemma4_e2b.s2_gemm arm_median=592.0000 reference_median=589.5000 delta=2.5000 limit=11.7900 within=true
bound metric=peak_rss_bytes arm=gemma4_e2b.off_simdfold vs=gemma4_e2b.s2_gemm arm_median=3760291840 reference_median=3878813696 delta=-118521856 limit=77576274 within=true
bound metric=peak_footprint_bytes arm=gemma4_e2b.off_simdfold vs=gemma4_e2b.s2_gemm arm_median=422423168 reference_median=484076352 delta=-61653184 limit=9681527 within=true
bound metric=peak_gpu_bytes arm=gemma4_e2b.off_simdfold vs=gemma4_e2b.s2_gemm arm_median=3621748736 reference_median=3657105408 delta=-35356672 limit=73142108 within=true
bound metric=ms_per_token arm=gemma4_e2b.off_simdfold vs=gemma4_e2b.s3_rope arm_median=11.4620 reference_median=11.3120 delta=0.1500 limit=0.2262 within=true
bound metric=prefill_ms arm=gemma4_e2b.off_simdfold vs=gemma4_e2b.s3_rope arm_median=591.9830 reference_median=587.9650 delta=4.0180 limit=11.7593 within=true
bound metric=ttft_ms arm=gemma4_e2b.off_simdfold vs=gemma4_e2b.s3_rope arm_median=592.0000 reference_median=588.0000 delta=4.0000 limit=11.7600 within=true
bound metric=peak_rss_bytes arm=gemma4_e2b.off_simdfold vs=gemma4_e2b.s3_rope arm_median=3760291840 reference_median=3871064064 delta=-110772224 limit=77421281 within=true
bound metric=peak_footprint_bytes arm=gemma4_e2b.off_simdfold vs=gemma4_e2b.s3_rope arm_median=422423168 reference_median=498313856 delta=-75890688 limit=9966277 within=true
bound metric=peak_gpu_bytes arm=gemma4_e2b.off_simdfold vs=gemma4_e2b.s3_rope arm_median=3621748736 reference_median=3657105408 delta=-35356672 limit=73142108 within=true
bound metric=ms_per_token arm=gemma4_e2b.off_simdfold vs=gemma4_e2b.s4_kvplace arm_median=11.4620 reference_median=11.2660 delta=0.1960 limit=0.2253 within=true
bound metric=prefill_ms arm=gemma4_e2b.off_simdfold vs=gemma4_e2b.s4_kvplace arm_median=591.9830 reference_median=582.0200 delta=9.9630 limit=11.6404 within=true
bound metric=ttft_ms arm=gemma4_e2b.off_simdfold vs=gemma4_e2b.s4_kvplace arm_median=592.0000 reference_median=582.0000 delta=10.0000 limit=11.6400 within=true
bound metric=peak_rss_bytes arm=gemma4_e2b.off_simdfold vs=gemma4_e2b.s4_kvplace arm_median=3760291840 reference_median=3765207040 delta=-4915200 limit=75304141 within=true
bound metric=peak_footprint_bytes arm=gemma4_e2b.off_simdfold vs=gemma4_e2b.s4_kvplace arm_median=422423168 reference_median=423062016 delta=-638848 limit=8461240 within=true
bound metric=peak_gpu_bytes arm=gemma4_e2b.off_simdfold vs=gemma4_e2b.s4_kvplace arm_median=3621748736 reference_median=3620749312 delta=999424 limit=72414986 within=true
bound metric=ms_per_token arm=gemma4_e2b.off_simdfold vs=gemma4_e2b.s5_e2bdecode arm_median=11.4620 reference_median=11.4430 delta=0.0190 limit=0.2289 within=true
bound metric=prefill_ms arm=gemma4_e2b.off_simdfold vs=gemma4_e2b.s5_e2bdecode arm_median=591.9830 reference_median=592.0260 delta=-0.0430 limit=11.8405 within=true
bound metric=ttft_ms arm=gemma4_e2b.off_simdfold vs=gemma4_e2b.s5_e2bdecode arm_median=592.0000 reference_median=592.0000 delta=0.0000 limit=11.8400 within=true
bound metric=peak_rss_bytes arm=gemma4_e2b.off_simdfold vs=gemma4_e2b.s5_e2bdecode arm_median=3760291840 reference_median=3766779904 delta=-6488064 limit=75335598 within=true
bound metric=peak_footprint_bytes arm=gemma4_e2b.off_simdfold vs=gemma4_e2b.s5_e2bdecode arm_median=422423168 reference_median=424209152 delta=-1785984 limit=8484183 within=true
bound metric=peak_gpu_bytes arm=gemma4_e2b.off_simdfold vs=gemma4_e2b.s5_e2bdecode arm_median=3621748736 reference_median=3621748736 delta=0 limit=72434975 within=true
bound metric=ms_per_token arm=gemma4_e2b.off_simdfold vs=gemma4_e2b.s6_granitehost arm_median=11.4620 reference_median=11.4110 delta=0.0510 limit=0.2282 within=true
bound metric=prefill_ms arm=gemma4_e2b.off_simdfold vs=gemma4_e2b.s6_granitehost arm_median=591.9830 reference_median=591.9995 delta=-0.0165 limit=11.8400 within=true
bound metric=ttft_ms arm=gemma4_e2b.off_simdfold vs=gemma4_e2b.s6_granitehost arm_median=592.0000 reference_median=592.0000 delta=0.0000 limit=11.8400 within=true
bound metric=peak_rss_bytes arm=gemma4_e2b.off_simdfold vs=gemma4_e2b.s6_granitehost arm_median=3760291840 reference_median=3758882816 delta=1409024 limit=75177656 within=true
bound metric=peak_footprint_bytes arm=gemma4_e2b.off_simdfold vs=gemma4_e2b.s6_granitehost arm_median=422423168 reference_median=421505408 delta=917760 limit=8430108 within=true
bound metric=peak_gpu_bytes arm=gemma4_e2b.off_simdfold vs=gemma4_e2b.s6_granitehost arm_median=3621748736 reference_median=3621748736 delta=0 limit=72434975 within=true
bound metric=ms_per_token arm=gemma4_e2b.off_simdfold vs=gemma4_e2b.tip arm_median=11.4620 reference_median=11.4320 delta=0.0300 limit=0.2286 within=true
bound metric=prefill_ms arm=gemma4_e2b.off_simdfold vs=gemma4_e2b.tip arm_median=591.9830 reference_median=592.0170 delta=-0.0340 limit=11.8403 within=true
bound metric=ttft_ms arm=gemma4_e2b.off_simdfold vs=gemma4_e2b.tip arm_median=592.0000 reference_median=592.0000 delta=0.0000 limit=11.8400 within=true
bound metric=peak_rss_bytes arm=gemma4_e2b.off_simdfold vs=gemma4_e2b.tip arm_median=3760291840 reference_median=3792945152 delta=-32653312 limit=75858903 within=true
bound metric=peak_footprint_bytes arm=gemma4_e2b.off_simdfold vs=gemma4_e2b.tip arm_median=422423168 reference_median=424257856 delta=-1834688 limit=8485157 within=true
bound metric=peak_gpu_bytes arm=gemma4_e2b.off_simdfold vs=gemma4_e2b.tip arm_median=3621748736 reference_median=3621748736 delta=0 limit=72434975 within=true
bound metric=ms_per_token arm=gemma4_e2b.off_simdfold vs=gemma4_e2b.off_combine arm_median=11.4620 reference_median=11.4100 delta=0.0520 limit=0.2282 within=true
bound metric=prefill_ms arm=gemma4_e2b.off_simdfold vs=gemma4_e2b.off_combine arm_median=591.9830 reference_median=591.9655 delta=0.0175 limit=11.8393 within=true
bound metric=ttft_ms arm=gemma4_e2b.off_simdfold vs=gemma4_e2b.off_combine arm_median=592.0000 reference_median=592.0000 delta=0.0000 limit=11.8400 within=true
bound metric=peak_rss_bytes arm=gemma4_e2b.off_simdfold vs=gemma4_e2b.off_combine arm_median=3760291840 reference_median=3763978240 delta=-3686400 limit=75279565 within=true
bound metric=peak_footprint_bytes arm=gemma4_e2b.off_simdfold vs=gemma4_e2b.off_combine arm_median=422423168 reference_median=425028160 delta=-2604992 limit=8500563 within=true
bound metric=peak_gpu_bytes arm=gemma4_e2b.off_simdfold vs=gemma4_e2b.off_combine arm_median=3621748736 reference_median=3620749312 delta=999424 limit=72414986 within=true
bound metric=ms_per_token arm=gemma4_e2b.off_simdfold vs=gemma4_e2b.off_rope arm_median=11.4620 reference_median=11.4380 delta=0.0240 limit=0.2288 within=true
bound metric=prefill_ms arm=gemma4_e2b.off_simdfold vs=gemma4_e2b.off_rope arm_median=591.9830 reference_median=593.0005 delta=-1.0175 limit=11.8600 within=true
bound metric=ttft_ms arm=gemma4_e2b.off_simdfold vs=gemma4_e2b.off_rope arm_median=592.0000 reference_median=593.0000 delta=-1.0000 limit=11.8600 within=true
bound metric=peak_rss_bytes arm=gemma4_e2b.off_simdfold vs=gemma4_e2b.off_rope arm_median=3760291840 reference_median=3791241216 delta=-30949376 limit=75824824 within=true
bound metric=peak_footprint_bytes arm=gemma4_e2b.off_simdfold vs=gemma4_e2b.off_rope arm_median=422423168 reference_median=431008320 delta=-8585152 limit=8620166 within=true
bound metric=peak_gpu_bytes arm=gemma4_e2b.off_simdfold vs=gemma4_e2b.off_rope arm_median=3621748736 reference_median=3621748736 delta=0 limit=72434975 within=true
bound metric=ms_per_token arm=gemma4_e2b.off_simdfold vs=gemma4_e2b.off_bcastwidth arm_median=11.4620 reference_median=11.2500 delta=0.2120 limit=0.2250 within=true
bound metric=prefill_ms arm=gemma4_e2b.off_simdfold vs=gemma4_e2b.off_bcastwidth arm_median=591.9830 reference_median=586.0010 delta=5.9820 limit=11.7200 within=true
bound metric=ttft_ms arm=gemma4_e2b.off_simdfold vs=gemma4_e2b.off_bcastwidth arm_median=592.0000 reference_median=586.0000 delta=6.0000 limit=11.7200 within=true
bound metric=peak_rss_bytes arm=gemma4_e2b.off_simdfold vs=gemma4_e2b.off_bcastwidth arm_median=3760291840 reference_median=3765043200 delta=-4751360 limit=75300864 within=true
bound metric=peak_footprint_bytes arm=gemma4_e2b.off_simdfold vs=gemma4_e2b.off_bcastwidth arm_median=422423168 reference_median=422259072 delta=164096 limit=8445181 within=true
bound metric=peak_gpu_bytes arm=gemma4_e2b.off_simdfold vs=gemma4_e2b.off_bcastwidth arm_median=3621748736 reference_median=3621748736 delta=0 limit=72434975 within=true
bound metric=ms_per_token arm=gemma4_e2b.off_q6krows vs=gemma4_e2b.base arm_median=11.4510 reference_median=11.2770 delta=0.1740 limit=0.2255 within=true
bound metric=prefill_ms arm=gemma4_e2b.off_q6krows vs=gemma4_e2b.base arm_median=592.0135 reference_median=588.9760 delta=3.0375 limit=11.7795 within=true
bound metric=ttft_ms arm=gemma4_e2b.off_q6krows vs=gemma4_e2b.base arm_median=592.0000 reference_median=589.0000 delta=3.0000 limit=11.7800 within=true
bound metric=peak_rss_bytes arm=gemma4_e2b.off_q6krows vs=gemma4_e2b.base arm_median=3756621824 reference_median=3913302016 delta=-156680192 limit=78266040 within=true
bound metric=peak_footprint_bytes arm=gemma4_e2b.off_q6krows vs=gemma4_e2b.base arm_median=424765696 reference_median=492464768 delta=-67699072 limit=9849295 within=true
bound metric=peak_gpu_bytes arm=gemma4_e2b.off_q6krows vs=gemma4_e2b.base arm_median=3621748736 reference_median=3657105408 delta=-35356672 limit=73142108 within=true
bound metric=ms_per_token arm=gemma4_e2b.off_q6krows vs=gemma4_e2b.s1_combine arm_median=11.4510 reference_median=11.3185 delta=0.1325 limit=0.2264 within=true
bound metric=prefill_ms arm=gemma4_e2b.off_q6krows vs=gemma4_e2b.s1_combine arm_median=592.0135 reference_median=588.4900 delta=3.5235 limit=11.7698 within=true
bound metric=ttft_ms arm=gemma4_e2b.off_q6krows vs=gemma4_e2b.s1_combine arm_median=592.0000 reference_median=588.5000 delta=3.5000 limit=11.7700 within=true
bound metric=peak_rss_bytes arm=gemma4_e2b.off_q6krows vs=gemma4_e2b.s1_combine arm_median=3756621824 reference_median=3870179328 delta=-113557504 limit=77403587 within=true
bound metric=peak_footprint_bytes arm=gemma4_e2b.off_q6krows vs=gemma4_e2b.s1_combine arm_median=424765696 reference_median=487041600 delta=-62275904 limit=9740832 within=true
bound metric=peak_gpu_bytes arm=gemma4_e2b.off_q6krows vs=gemma4_e2b.s1_combine arm_median=3621748736 reference_median=3657105408 delta=-35356672 limit=73142108 within=true
bound metric=ms_per_token arm=gemma4_e2b.off_q6krows vs=gemma4_e2b.s2_gemm arm_median=11.4510 reference_median=11.3360 delta=0.1150 limit=0.2267 within=true
bound metric=prefill_ms arm=gemma4_e2b.off_q6krows vs=gemma4_e2b.s2_gemm arm_median=592.0135 reference_median=589.4930 delta=2.5205 limit=11.7899 within=true
bound metric=ttft_ms arm=gemma4_e2b.off_q6krows vs=gemma4_e2b.s2_gemm arm_median=592.0000 reference_median=589.5000 delta=2.5000 limit=11.7900 within=true
bound metric=peak_rss_bytes arm=gemma4_e2b.off_q6krows vs=gemma4_e2b.s2_gemm arm_median=3756621824 reference_median=3878813696 delta=-122191872 limit=77576274 within=true
bound metric=peak_footprint_bytes arm=gemma4_e2b.off_q6krows vs=gemma4_e2b.s2_gemm arm_median=424765696 reference_median=484076352 delta=-59310656 limit=9681527 within=true
bound metric=peak_gpu_bytes arm=gemma4_e2b.off_q6krows vs=gemma4_e2b.s2_gemm arm_median=3621748736 reference_median=3657105408 delta=-35356672 limit=73142108 within=true
bound metric=ms_per_token arm=gemma4_e2b.off_q6krows vs=gemma4_e2b.s3_rope arm_median=11.4510 reference_median=11.3120 delta=0.1390 limit=0.2262 within=true
bound metric=prefill_ms arm=gemma4_e2b.off_q6krows vs=gemma4_e2b.s3_rope arm_median=592.0135 reference_median=587.9650 delta=4.0485 limit=11.7593 within=true
bound metric=ttft_ms arm=gemma4_e2b.off_q6krows vs=gemma4_e2b.s3_rope arm_median=592.0000 reference_median=588.0000 delta=4.0000 limit=11.7600 within=true
bound metric=peak_rss_bytes arm=gemma4_e2b.off_q6krows vs=gemma4_e2b.s3_rope arm_median=3756621824 reference_median=3871064064 delta=-114442240 limit=77421281 within=true
bound metric=peak_footprint_bytes arm=gemma4_e2b.off_q6krows vs=gemma4_e2b.s3_rope arm_median=424765696 reference_median=498313856 delta=-73548160 limit=9966277 within=true
bound metric=peak_gpu_bytes arm=gemma4_e2b.off_q6krows vs=gemma4_e2b.s3_rope arm_median=3621748736 reference_median=3657105408 delta=-35356672 limit=73142108 within=true
bound metric=ms_per_token arm=gemma4_e2b.off_q6krows vs=gemma4_e2b.s4_kvplace arm_median=11.4510 reference_median=11.2660 delta=0.1850 limit=0.2253 within=true
bound metric=prefill_ms arm=gemma4_e2b.off_q6krows vs=gemma4_e2b.s4_kvplace arm_median=592.0135 reference_median=582.0200 delta=9.9935 limit=11.6404 within=true
bound metric=ttft_ms arm=gemma4_e2b.off_q6krows vs=gemma4_e2b.s4_kvplace arm_median=592.0000 reference_median=582.0000 delta=10.0000 limit=11.6400 within=true
bound metric=peak_rss_bytes arm=gemma4_e2b.off_q6krows vs=gemma4_e2b.s4_kvplace arm_median=3756621824 reference_median=3765207040 delta=-8585216 limit=75304141 within=true
bound metric=peak_footprint_bytes arm=gemma4_e2b.off_q6krows vs=gemma4_e2b.s4_kvplace arm_median=424765696 reference_median=423062016 delta=1703680 limit=8461240 within=true
bound metric=peak_gpu_bytes arm=gemma4_e2b.off_q6krows vs=gemma4_e2b.s4_kvplace arm_median=3621748736 reference_median=3620749312 delta=999424 limit=72414986 within=true
bound metric=ms_per_token arm=gemma4_e2b.off_q6krows vs=gemma4_e2b.s5_e2bdecode arm_median=11.4510 reference_median=11.4430 delta=0.0080 limit=0.2289 within=true
bound metric=prefill_ms arm=gemma4_e2b.off_q6krows vs=gemma4_e2b.s5_e2bdecode arm_median=592.0135 reference_median=592.0260 delta=-0.0125 limit=11.8405 within=true
bound metric=ttft_ms arm=gemma4_e2b.off_q6krows vs=gemma4_e2b.s5_e2bdecode arm_median=592.0000 reference_median=592.0000 delta=0.0000 limit=11.8400 within=true
bound metric=peak_rss_bytes arm=gemma4_e2b.off_q6krows vs=gemma4_e2b.s5_e2bdecode arm_median=3756621824 reference_median=3766779904 delta=-10158080 limit=75335598 within=true
bound metric=peak_footprint_bytes arm=gemma4_e2b.off_q6krows vs=gemma4_e2b.s5_e2bdecode arm_median=424765696 reference_median=424209152 delta=556544 limit=8484183 within=true
bound metric=peak_gpu_bytes arm=gemma4_e2b.off_q6krows vs=gemma4_e2b.s5_e2bdecode arm_median=3621748736 reference_median=3621748736 delta=0 limit=72434975 within=true
bound metric=ms_per_token arm=gemma4_e2b.off_q6krows vs=gemma4_e2b.s6_granitehost arm_median=11.4510 reference_median=11.4110 delta=0.0400 limit=0.2282 within=true
bound metric=prefill_ms arm=gemma4_e2b.off_q6krows vs=gemma4_e2b.s6_granitehost arm_median=592.0135 reference_median=591.9995 delta=0.0140 limit=11.8400 within=true
bound metric=ttft_ms arm=gemma4_e2b.off_q6krows vs=gemma4_e2b.s6_granitehost arm_median=592.0000 reference_median=592.0000 delta=0.0000 limit=11.8400 within=true
bound metric=peak_rss_bytes arm=gemma4_e2b.off_q6krows vs=gemma4_e2b.s6_granitehost arm_median=3756621824 reference_median=3758882816 delta=-2260992 limit=75177656 within=true
bound metric=peak_footprint_bytes arm=gemma4_e2b.off_q6krows vs=gemma4_e2b.s6_granitehost arm_median=424765696 reference_median=421505408 delta=3260288 limit=8430108 within=true
bound metric=peak_gpu_bytes arm=gemma4_e2b.off_q6krows vs=gemma4_e2b.s6_granitehost arm_median=3621748736 reference_median=3621748736 delta=0 limit=72434975 within=true
bound metric=ms_per_token arm=gemma4_e2b.off_q6krows vs=gemma4_e2b.tip arm_median=11.4510 reference_median=11.4320 delta=0.0190 limit=0.2286 within=true
bound metric=prefill_ms arm=gemma4_e2b.off_q6krows vs=gemma4_e2b.tip arm_median=592.0135 reference_median=592.0170 delta=-0.0035 limit=11.8403 within=true
bound metric=ttft_ms arm=gemma4_e2b.off_q6krows vs=gemma4_e2b.tip arm_median=592.0000 reference_median=592.0000 delta=0.0000 limit=11.8400 within=true
bound metric=peak_rss_bytes arm=gemma4_e2b.off_q6krows vs=gemma4_e2b.tip arm_median=3756621824 reference_median=3792945152 delta=-36323328 limit=75858903 within=true
bound metric=peak_footprint_bytes arm=gemma4_e2b.off_q6krows vs=gemma4_e2b.tip arm_median=424765696 reference_median=424257856 delta=507840 limit=8485157 within=true
bound metric=peak_gpu_bytes arm=gemma4_e2b.off_q6krows vs=gemma4_e2b.tip arm_median=3621748736 reference_median=3621748736 delta=0 limit=72434975 within=true
bound metric=ms_per_token arm=gemma4_e2b.off_q6krows vs=gemma4_e2b.off_combine arm_median=11.4510 reference_median=11.4100 delta=0.0410 limit=0.2282 within=true
bound metric=prefill_ms arm=gemma4_e2b.off_q6krows vs=gemma4_e2b.off_combine arm_median=592.0135 reference_median=591.9655 delta=0.0480 limit=11.8393 within=true
bound metric=ttft_ms arm=gemma4_e2b.off_q6krows vs=gemma4_e2b.off_combine arm_median=592.0000 reference_median=592.0000 delta=0.0000 limit=11.8400 within=true
bound metric=peak_rss_bytes arm=gemma4_e2b.off_q6krows vs=gemma4_e2b.off_combine arm_median=3756621824 reference_median=3763978240 delta=-7356416 limit=75279565 within=true
bound metric=peak_footprint_bytes arm=gemma4_e2b.off_q6krows vs=gemma4_e2b.off_combine arm_median=424765696 reference_median=425028160 delta=-262464 limit=8500563 within=true
bound metric=peak_gpu_bytes arm=gemma4_e2b.off_q6krows vs=gemma4_e2b.off_combine arm_median=3621748736 reference_median=3620749312 delta=999424 limit=72414986 within=true
bound metric=ms_per_token arm=gemma4_e2b.off_q6krows vs=gemma4_e2b.off_rope arm_median=11.4510 reference_median=11.4380 delta=0.0130 limit=0.2288 within=true
bound metric=prefill_ms arm=gemma4_e2b.off_q6krows vs=gemma4_e2b.off_rope arm_median=592.0135 reference_median=593.0005 delta=-0.9870 limit=11.8600 within=true
bound metric=ttft_ms arm=gemma4_e2b.off_q6krows vs=gemma4_e2b.off_rope arm_median=592.0000 reference_median=593.0000 delta=-1.0000 limit=11.8600 within=true
bound metric=peak_rss_bytes arm=gemma4_e2b.off_q6krows vs=gemma4_e2b.off_rope arm_median=3756621824 reference_median=3791241216 delta=-34619392 limit=75824824 within=true
bound metric=peak_footprint_bytes arm=gemma4_e2b.off_q6krows vs=gemma4_e2b.off_rope arm_median=424765696 reference_median=431008320 delta=-6242624 limit=8620166 within=true
bound metric=peak_gpu_bytes arm=gemma4_e2b.off_q6krows vs=gemma4_e2b.off_rope arm_median=3621748736 reference_median=3621748736 delta=0 limit=72434975 within=true
bound metric=ms_per_token arm=gemma4_e2b.off_q6krows vs=gemma4_e2b.off_bcastwidth arm_median=11.4510 reference_median=11.2500 delta=0.2010 limit=0.2250 within=true
bound metric=prefill_ms arm=gemma4_e2b.off_q6krows vs=gemma4_e2b.off_bcastwidth arm_median=592.0135 reference_median=586.0010 delta=6.0125 limit=11.7200 within=true
bound metric=ttft_ms arm=gemma4_e2b.off_q6krows vs=gemma4_e2b.off_bcastwidth arm_median=592.0000 reference_median=586.0000 delta=6.0000 limit=11.7200 within=true
bound metric=peak_rss_bytes arm=gemma4_e2b.off_q6krows vs=gemma4_e2b.off_bcastwidth arm_median=3756621824 reference_median=3765043200 delta=-8421376 limit=75300864 within=true
bound metric=peak_footprint_bytes arm=gemma4_e2b.off_q6krows vs=gemma4_e2b.off_bcastwidth arm_median=424765696 reference_median=422259072 delta=2506624 limit=8445181 within=true
bound metric=peak_gpu_bytes arm=gemma4_e2b.off_q6krows vs=gemma4_e2b.off_bcastwidth arm_median=3621748736 reference_median=3621748736 delta=0 limit=72434975 within=true
bound metric=ms_per_token arm=gemma4_e2b.off_q6krows vs=gemma4_e2b.off_simdfold arm_median=11.4510 reference_median=11.4620 delta=-0.0110 limit=0.2292 within=true
bound metric=prefill_ms arm=gemma4_e2b.off_q6krows vs=gemma4_e2b.off_simdfold arm_median=592.0135 reference_median=591.9830 delta=0.0305 limit=11.8397 within=true
bound metric=ttft_ms arm=gemma4_e2b.off_q6krows vs=gemma4_e2b.off_simdfold arm_median=592.0000 reference_median=592.0000 delta=0.0000 limit=11.8400 within=true
bound metric=peak_rss_bytes arm=gemma4_e2b.off_q6krows vs=gemma4_e2b.off_simdfold arm_median=3756621824 reference_median=3760291840 delta=-3670016 limit=75205837 within=true
bound metric=peak_footprint_bytes arm=gemma4_e2b.off_q6krows vs=gemma4_e2b.off_simdfold arm_median=424765696 reference_median=422423168 delta=2342528 limit=8448463 within=true
bound metric=peak_gpu_bytes arm=gemma4_e2b.off_q6krows vs=gemma4_e2b.off_simdfold arm_median=3621748736 reference_median=3621748736 delta=0 limit=72434975 within=true
bound metric=ms_per_token arm=granite_moe.s1_combine vs=granite_moe.base arm_median=6.8490 reference_median=6.8970 delta=-0.0480 limit=0.1379 within=true
bound metric=prefill_ms arm=granite_moe.s1_combine vs=granite_moe.base arm_median=292.9770 reference_median=373.9570 delta=-80.9800 limit=7.4791 within=true
bound metric=ttft_ms arm=granite_moe.s1_combine vs=granite_moe.base arm_median=293.0000 reference_median=374.0000 delta=-81.0000 limit=7.4800 within=true
bound metric=peak_rss_bytes arm=granite_moe.s1_combine vs=granite_moe.base arm_median=2493431808 reference_median=2476654592 delta=16777216 limit=49533092 within=true
bound metric=peak_footprint_bytes arm=granite_moe.s1_combine vs=granite_moe.base arm_median=634525888 reference_median=611964544 delta=22561344 limit=12239291 within=false
bound metric=peak_gpu_bytes arm=granite_moe.s1_combine vs=granite_moe.base arm_median=1707655168 reference_median=1707655168 delta=0 limit=34153103 within=true
bound metric=ms_per_token arm=granite_moe.s2_gemm vs=granite_moe.base arm_median=6.9260 reference_median=6.8970 delta=0.0290 limit=0.1379 within=true
bound metric=prefill_ms arm=granite_moe.s2_gemm vs=granite_moe.base arm_median=293.9570 reference_median=373.9570 delta=-80.0000 limit=7.4791 within=true
bound metric=ttft_ms arm=granite_moe.s2_gemm vs=granite_moe.base arm_median=294.0000 reference_median=374.0000 delta=-80.0000 limit=7.4800 within=true
bound metric=peak_rss_bytes arm=granite_moe.s2_gemm vs=granite_moe.base arm_median=2409644032 reference_median=2476654592 delta=-67010560 limit=49533092 within=true
bound metric=peak_footprint_bytes arm=granite_moe.s2_gemm vs=granite_moe.base arm_median=619616192 reference_median=611964544 delta=7651648 limit=12239291 within=true
bound metric=peak_gpu_bytes arm=granite_moe.s2_gemm vs=granite_moe.base arm_median=1707655168 reference_median=1707655168 delta=0 limit=34153103 within=true
bound metric=ms_per_token arm=granite_moe.s2_gemm vs=granite_moe.s1_combine arm_median=6.9260 reference_median=6.8490 delta=0.0770 limit=0.1370 within=true
bound metric=prefill_ms arm=granite_moe.s2_gemm vs=granite_moe.s1_combine arm_median=293.9570 reference_median=292.9770 delta=0.9800 limit=5.8595 within=true
bound metric=ttft_ms arm=granite_moe.s2_gemm vs=granite_moe.s1_combine arm_median=294.0000 reference_median=293.0000 delta=1.0000 limit=5.8600 within=true
bound metric=peak_rss_bytes arm=granite_moe.s2_gemm vs=granite_moe.s1_combine arm_median=2409644032 reference_median=2493431808 delta=-83787776 limit=49868636 within=true
bound metric=peak_footprint_bytes arm=granite_moe.s2_gemm vs=granite_moe.s1_combine arm_median=619616192 reference_median=634525888 delta=-14909696 limit=12690518 within=true
bound metric=peak_gpu_bytes arm=granite_moe.s2_gemm vs=granite_moe.s1_combine arm_median=1707655168 reference_median=1707655168 delta=0 limit=34153103 within=true
bound metric=ms_per_token arm=granite_moe.s3_rope vs=granite_moe.base arm_median=6.8580 reference_median=6.8970 delta=-0.0390 limit=0.1379 within=true
bound metric=prefill_ms arm=granite_moe.s3_rope vs=granite_moe.base arm_median=291.9740 reference_median=373.9570 delta=-81.9830 limit=7.4791 within=true
bound metric=ttft_ms arm=granite_moe.s3_rope vs=granite_moe.base arm_median=292.0000 reference_median=374.0000 delta=-82.0000 limit=7.4800 within=true
bound metric=peak_rss_bytes arm=granite_moe.s3_rope vs=granite_moe.base arm_median=2484289536 reference_median=2476654592 delta=7634944 limit=49533092 within=true
bound metric=peak_footprint_bytes arm=granite_moe.s3_rope vs=granite_moe.base arm_median=611587776 reference_median=611964544 delta=-376768 limit=12239291 within=true
bound metric=peak_gpu_bytes arm=granite_moe.s3_rope vs=granite_moe.base arm_median=1707655168 reference_median=1707655168 delta=0 limit=34153103 within=true
bound metric=ms_per_token arm=granite_moe.s3_rope vs=granite_moe.s1_combine arm_median=6.8580 reference_median=6.8490 delta=0.0090 limit=0.1370 within=true
bound metric=prefill_ms arm=granite_moe.s3_rope vs=granite_moe.s1_combine arm_median=291.9740 reference_median=292.9770 delta=-1.0030 limit=5.8595 within=true
bound metric=ttft_ms arm=granite_moe.s3_rope vs=granite_moe.s1_combine arm_median=292.0000 reference_median=293.0000 delta=-1.0000 limit=5.8600 within=true
bound metric=peak_rss_bytes arm=granite_moe.s3_rope vs=granite_moe.s1_combine arm_median=2484289536 reference_median=2493431808 delta=-9142272 limit=49868636 within=true
bound metric=peak_footprint_bytes arm=granite_moe.s3_rope vs=granite_moe.s1_combine arm_median=611587776 reference_median=634525888 delta=-22938112 limit=12690518 within=true
bound metric=peak_gpu_bytes arm=granite_moe.s3_rope vs=granite_moe.s1_combine arm_median=1707655168 reference_median=1707655168 delta=0 limit=34153103 within=true
bound metric=ms_per_token arm=granite_moe.s3_rope vs=granite_moe.s2_gemm arm_median=6.8580 reference_median=6.9260 delta=-0.0680 limit=0.1385 within=true
bound metric=prefill_ms arm=granite_moe.s3_rope vs=granite_moe.s2_gemm arm_median=291.9740 reference_median=293.9570 delta=-1.9830 limit=5.8791 within=true
bound metric=ttft_ms arm=granite_moe.s3_rope vs=granite_moe.s2_gemm arm_median=292.0000 reference_median=294.0000 delta=-2.0000 limit=5.8800 within=true
bound metric=peak_rss_bytes arm=granite_moe.s3_rope vs=granite_moe.s2_gemm arm_median=2484289536 reference_median=2409644032 delta=74645504 limit=48192881 within=false
bound metric=peak_footprint_bytes arm=granite_moe.s3_rope vs=granite_moe.s2_gemm arm_median=611587776 reference_median=619616192 delta=-8028416 limit=12392324 within=true
bound metric=peak_gpu_bytes arm=granite_moe.s3_rope vs=granite_moe.s2_gemm arm_median=1707655168 reference_median=1707655168 delta=0 limit=34153103 within=true
bound metric=ms_per_token arm=granite_moe.s4_kvplace vs=granite_moe.base arm_median=6.6695 reference_median=6.8970 delta=-0.2275 limit=0.1379 within=true
bound metric=prefill_ms arm=granite_moe.s4_kvplace vs=granite_moe.base arm_median=265.9825 reference_median=373.9570 delta=-107.9745 limit=7.4791 within=true
bound metric=ttft_ms arm=granite_moe.s4_kvplace vs=granite_moe.base arm_median=266.0000 reference_median=374.0000 delta=-108.0000 limit=7.4800 within=true
bound metric=peak_rss_bytes arm=granite_moe.s4_kvplace vs=granite_moe.base arm_median=1877999616 reference_median=2476654592 delta=-598654976 limit=49533092 within=true
bound metric=peak_footprint_bytes arm=granite_moe.s4_kvplace vs=granite_moe.base arm_median=367219776 reference_median=611964544 delta=-244744768 limit=12239291 within=true
bound metric=peak_gpu_bytes arm=granite_moe.s4_kvplace vs=granite_moe.base arm_median=1728069632 reference_median=1707655168 delta=20414464 limit=34153103 within=true
bound metric=ms_per_token arm=granite_moe.s4_kvplace vs=granite_moe.s1_combine arm_median=6.6695 reference_median=6.8490 delta=-0.1795 limit=0.1370 within=true
bound metric=prefill_ms arm=granite_moe.s4_kvplace vs=granite_moe.s1_combine arm_median=265.9825 reference_median=292.9770 delta=-26.9945 limit=5.8595 within=true
bound metric=ttft_ms arm=granite_moe.s4_kvplace vs=granite_moe.s1_combine arm_median=266.0000 reference_median=293.0000 delta=-27.0000 limit=5.8600 within=true
bound metric=peak_rss_bytes arm=granite_moe.s4_kvplace vs=granite_moe.s1_combine arm_median=1877999616 reference_median=2493431808 delta=-615432192 limit=49868636 within=true
bound metric=peak_footprint_bytes arm=granite_moe.s4_kvplace vs=granite_moe.s1_combine arm_median=367219776 reference_median=634525888 delta=-267306112 limit=12690518 within=true
bound metric=peak_gpu_bytes arm=granite_moe.s4_kvplace vs=granite_moe.s1_combine arm_median=1728069632 reference_median=1707655168 delta=20414464 limit=34153103 within=true
bound metric=ms_per_token arm=granite_moe.s4_kvplace vs=granite_moe.s2_gemm arm_median=6.6695 reference_median=6.9260 delta=-0.2565 limit=0.1385 within=true
bound metric=prefill_ms arm=granite_moe.s4_kvplace vs=granite_moe.s2_gemm arm_median=265.9825 reference_median=293.9570 delta=-27.9745 limit=5.8791 within=true
bound metric=ttft_ms arm=granite_moe.s4_kvplace vs=granite_moe.s2_gemm arm_median=266.0000 reference_median=294.0000 delta=-28.0000 limit=5.8800 within=true
bound metric=peak_rss_bytes arm=granite_moe.s4_kvplace vs=granite_moe.s2_gemm arm_median=1877999616 reference_median=2409644032 delta=-531644416 limit=48192881 within=true
bound metric=peak_footprint_bytes arm=granite_moe.s4_kvplace vs=granite_moe.s2_gemm arm_median=367219776 reference_median=619616192 delta=-252396416 limit=12392324 within=true
bound metric=peak_gpu_bytes arm=granite_moe.s4_kvplace vs=granite_moe.s2_gemm arm_median=1728069632 reference_median=1707655168 delta=20414464 limit=34153103 within=true
bound metric=ms_per_token arm=granite_moe.s4_kvplace vs=granite_moe.s3_rope arm_median=6.6695 reference_median=6.8580 delta=-0.1885 limit=0.1372 within=true
bound metric=prefill_ms arm=granite_moe.s4_kvplace vs=granite_moe.s3_rope arm_median=265.9825 reference_median=291.9740 delta=-25.9915 limit=6.9900 within=true
bound metric=ttft_ms arm=granite_moe.s4_kvplace vs=granite_moe.s3_rope arm_median=266.0000 reference_median=292.0000 delta=-26.0000 limit=7.0000 within=true
bound metric=peak_rss_bytes arm=granite_moe.s4_kvplace vs=granite_moe.s3_rope arm_median=1877999616 reference_median=2484289536 delta=-606289920 limit=49685791 within=true
bound metric=peak_footprint_bytes arm=granite_moe.s4_kvplace vs=granite_moe.s3_rope arm_median=367219776 reference_median=611587776 delta=-244368000 limit=12231756 within=true
bound metric=peak_gpu_bytes arm=granite_moe.s4_kvplace vs=granite_moe.s3_rope arm_median=1728069632 reference_median=1707655168 delta=20414464 limit=34153103 within=true
bound metric=ms_per_token arm=granite_moe.s5_e2bdecode vs=granite_moe.base arm_median=6.6620 reference_median=6.8970 delta=-0.2350 limit=0.1379 within=true
bound metric=prefill_ms arm=granite_moe.s5_e2bdecode vs=granite_moe.base arm_median=265.0550 reference_median=373.9570 delta=-108.9020 limit=7.4791 within=true
bound metric=ttft_ms arm=granite_moe.s5_e2bdecode vs=granite_moe.base arm_median=265.0000 reference_median=374.0000 delta=-109.0000 limit=7.4800 within=true
bound metric=peak_rss_bytes arm=granite_moe.s5_e2bdecode vs=granite_moe.base arm_median=1986838528 reference_median=2476654592 delta=-489816064 limit=49533092 within=true
bound metric=peak_footprint_bytes arm=granite_moe.s5_e2bdecode vs=granite_moe.base arm_median=366433728 reference_median=611964544 delta=-245530816 limit=12239291 within=true
bound metric=peak_gpu_bytes arm=granite_moe.s5_e2bdecode vs=granite_moe.base arm_median=1728069632 reference_median=1707655168 delta=20414464 limit=34153103 within=true
bound metric=ms_per_token arm=granite_moe.s5_e2bdecode vs=granite_moe.s1_combine arm_median=6.6620 reference_median=6.8490 delta=-0.1870 limit=0.1370 within=true
bound metric=prefill_ms arm=granite_moe.s5_e2bdecode vs=granite_moe.s1_combine arm_median=265.0550 reference_median=292.9770 delta=-27.9220 limit=5.8595 within=true
bound metric=ttft_ms arm=granite_moe.s5_e2bdecode vs=granite_moe.s1_combine arm_median=265.0000 reference_median=293.0000 delta=-28.0000 limit=5.8600 within=true
bound metric=peak_rss_bytes arm=granite_moe.s5_e2bdecode vs=granite_moe.s1_combine arm_median=1986838528 reference_median=2493431808 delta=-506593280 limit=49868636 within=true
bound metric=peak_footprint_bytes arm=granite_moe.s5_e2bdecode vs=granite_moe.s1_combine arm_median=366433728 reference_median=634525888 delta=-268092160 limit=12690518 within=true
bound metric=peak_gpu_bytes arm=granite_moe.s5_e2bdecode vs=granite_moe.s1_combine arm_median=1728069632 reference_median=1707655168 delta=20414464 limit=34153103 within=true
bound metric=ms_per_token arm=granite_moe.s5_e2bdecode vs=granite_moe.s2_gemm arm_median=6.6620 reference_median=6.9260 delta=-0.2640 limit=0.1385 within=true
bound metric=prefill_ms arm=granite_moe.s5_e2bdecode vs=granite_moe.s2_gemm arm_median=265.0550 reference_median=293.9570 delta=-28.9020 limit=5.8791 within=true
bound metric=ttft_ms arm=granite_moe.s5_e2bdecode vs=granite_moe.s2_gemm arm_median=265.0000 reference_median=294.0000 delta=-29.0000 limit=5.8800 within=true
bound metric=peak_rss_bytes arm=granite_moe.s5_e2bdecode vs=granite_moe.s2_gemm arm_median=1986838528 reference_median=2409644032 delta=-422805504 limit=48192881 within=true
bound metric=peak_footprint_bytes arm=granite_moe.s5_e2bdecode vs=granite_moe.s2_gemm arm_median=366433728 reference_median=619616192 delta=-253182464 limit=12392324 within=true
bound metric=peak_gpu_bytes arm=granite_moe.s5_e2bdecode vs=granite_moe.s2_gemm arm_median=1728069632 reference_median=1707655168 delta=20414464 limit=34153103 within=true
bound metric=ms_per_token arm=granite_moe.s5_e2bdecode vs=granite_moe.s3_rope arm_median=6.6620 reference_median=6.8580 delta=-0.1960 limit=0.1372 within=true
bound metric=prefill_ms arm=granite_moe.s5_e2bdecode vs=granite_moe.s3_rope arm_median=265.0550 reference_median=291.9740 delta=-26.9190 limit=6.9900 within=true
bound metric=ttft_ms arm=granite_moe.s5_e2bdecode vs=granite_moe.s3_rope arm_median=265.0000 reference_median=292.0000 delta=-27.0000 limit=7.0000 within=true
bound metric=peak_rss_bytes arm=granite_moe.s5_e2bdecode vs=granite_moe.s3_rope arm_median=1986838528 reference_median=2484289536 delta=-497451008 limit=49685791 within=true
bound metric=peak_footprint_bytes arm=granite_moe.s5_e2bdecode vs=granite_moe.s3_rope arm_median=366433728 reference_median=611587776 delta=-245154048 limit=12231756 within=true
bound metric=peak_gpu_bytes arm=granite_moe.s5_e2bdecode vs=granite_moe.s3_rope arm_median=1728069632 reference_median=1707655168 delta=20414464 limit=34153103 within=true
bound metric=ms_per_token arm=granite_moe.s5_e2bdecode vs=granite_moe.s4_kvplace arm_median=6.6620 reference_median=6.6695 delta=-0.0075 limit=0.1334 within=true
bound metric=prefill_ms arm=granite_moe.s5_e2bdecode vs=granite_moe.s4_kvplace arm_median=265.0550 reference_median=265.9825 delta=-0.9275 limit=5.3197 within=true
bound metric=ttft_ms arm=granite_moe.s5_e2bdecode vs=granite_moe.s4_kvplace arm_median=265.0000 reference_median=266.0000 delta=-1.0000 limit=5.3200 within=true
bound metric=peak_rss_bytes arm=granite_moe.s5_e2bdecode vs=granite_moe.s4_kvplace arm_median=1986838528 reference_median=1877999616 delta=108838912 limit=37559992 within=false
bound metric=peak_footprint_bytes arm=granite_moe.s5_e2bdecode vs=granite_moe.s4_kvplace arm_median=366433728 reference_median=367219776 delta=-786048 limit=7344396 within=true
bound metric=peak_gpu_bytes arm=granite_moe.s5_e2bdecode vs=granite_moe.s4_kvplace arm_median=1728069632 reference_median=1728069632 delta=0 limit=34561393 within=true
bound metric=ms_per_token arm=granite_moe.s6_granitehost vs=granite_moe.base arm_median=6.6815 reference_median=6.8970 delta=-0.2155 limit=0.1379 within=true
bound metric=prefill_ms arm=granite_moe.s6_granitehost vs=granite_moe.base arm_median=265.0440 reference_median=373.9570 delta=-108.9130 limit=7.4791 within=true
bound metric=ttft_ms arm=granite_moe.s6_granitehost vs=granite_moe.base arm_median=265.0000 reference_median=374.0000 delta=-109.0000 limit=7.4800 within=true
bound metric=peak_rss_bytes arm=granite_moe.s6_granitehost vs=granite_moe.base arm_median=1987837952 reference_median=2476654592 delta=-488816640 limit=49533092 within=true
bound metric=peak_footprint_bytes arm=granite_moe.s6_granitehost vs=granite_moe.base arm_median=366351488 reference_median=611964544 delta=-245613056 limit=12239291 within=true
bound metric=peak_gpu_bytes arm=granite_moe.s6_granitehost vs=granite_moe.base arm_median=1728069632 reference_median=1707655168 delta=20414464 limit=34153103 within=true
bound metric=ms_per_token arm=granite_moe.s6_granitehost vs=granite_moe.s1_combine arm_median=6.6815 reference_median=6.8490 delta=-0.1675 limit=0.1370 within=true
bound metric=prefill_ms arm=granite_moe.s6_granitehost vs=granite_moe.s1_combine arm_median=265.0440 reference_median=292.9770 delta=-27.9330 limit=5.8595 within=true
bound metric=ttft_ms arm=granite_moe.s6_granitehost vs=granite_moe.s1_combine arm_median=265.0000 reference_median=293.0000 delta=-28.0000 limit=5.8600 within=true
bound metric=peak_rss_bytes arm=granite_moe.s6_granitehost vs=granite_moe.s1_combine arm_median=1987837952 reference_median=2493431808 delta=-505593856 limit=49868636 within=true
bound metric=peak_footprint_bytes arm=granite_moe.s6_granitehost vs=granite_moe.s1_combine arm_median=366351488 reference_median=634525888 delta=-268174400 limit=12690518 within=true
bound metric=peak_gpu_bytes arm=granite_moe.s6_granitehost vs=granite_moe.s1_combine arm_median=1728069632 reference_median=1707655168 delta=20414464 limit=34153103 within=true
bound metric=ms_per_token arm=granite_moe.s6_granitehost vs=granite_moe.s2_gemm arm_median=6.6815 reference_median=6.9260 delta=-0.2445 limit=0.1385 within=true
bound metric=prefill_ms arm=granite_moe.s6_granitehost vs=granite_moe.s2_gemm arm_median=265.0440 reference_median=293.9570 delta=-28.9130 limit=5.8791 within=true
bound metric=ttft_ms arm=granite_moe.s6_granitehost vs=granite_moe.s2_gemm arm_median=265.0000 reference_median=294.0000 delta=-29.0000 limit=5.8800 within=true
bound metric=peak_rss_bytes arm=granite_moe.s6_granitehost vs=granite_moe.s2_gemm arm_median=1987837952 reference_median=2409644032 delta=-421806080 limit=48192881 within=true
bound metric=peak_footprint_bytes arm=granite_moe.s6_granitehost vs=granite_moe.s2_gemm arm_median=366351488 reference_median=619616192 delta=-253264704 limit=12392324 within=true
bound metric=peak_gpu_bytes arm=granite_moe.s6_granitehost vs=granite_moe.s2_gemm arm_median=1728069632 reference_median=1707655168 delta=20414464 limit=34153103 within=true
bound metric=ms_per_token arm=granite_moe.s6_granitehost vs=granite_moe.s3_rope arm_median=6.6815 reference_median=6.8580 delta=-0.1765 limit=0.1372 within=true
bound metric=prefill_ms arm=granite_moe.s6_granitehost vs=granite_moe.s3_rope arm_median=265.0440 reference_median=291.9740 delta=-26.9300 limit=6.9900 within=true
bound metric=ttft_ms arm=granite_moe.s6_granitehost vs=granite_moe.s3_rope arm_median=265.0000 reference_median=292.0000 delta=-27.0000 limit=7.0000 within=true
bound metric=peak_rss_bytes arm=granite_moe.s6_granitehost vs=granite_moe.s3_rope arm_median=1987837952 reference_median=2484289536 delta=-496451584 limit=49685791 within=true
bound metric=peak_footprint_bytes arm=granite_moe.s6_granitehost vs=granite_moe.s3_rope arm_median=366351488 reference_median=611587776 delta=-245236288 limit=12231756 within=true
bound metric=peak_gpu_bytes arm=granite_moe.s6_granitehost vs=granite_moe.s3_rope arm_median=1728069632 reference_median=1707655168 delta=20414464 limit=34153103 within=true
bound metric=ms_per_token arm=granite_moe.s6_granitehost vs=granite_moe.s4_kvplace arm_median=6.6815 reference_median=6.6695 delta=0.0120 limit=0.1334 within=true
bound metric=prefill_ms arm=granite_moe.s6_granitehost vs=granite_moe.s4_kvplace arm_median=265.0440 reference_median=265.9825 delta=-0.9385 limit=5.3197 within=true
bound metric=ttft_ms arm=granite_moe.s6_granitehost vs=granite_moe.s4_kvplace arm_median=265.0000 reference_median=266.0000 delta=-1.0000 limit=5.3200 within=true
bound metric=peak_rss_bytes arm=granite_moe.s6_granitehost vs=granite_moe.s4_kvplace arm_median=1987837952 reference_median=1877999616 delta=109838336 limit=37559992 within=false
bound metric=peak_footprint_bytes arm=granite_moe.s6_granitehost vs=granite_moe.s4_kvplace arm_median=366351488 reference_median=367219776 delta=-868288 limit=7344396 within=true
bound metric=peak_gpu_bytes arm=granite_moe.s6_granitehost vs=granite_moe.s4_kvplace arm_median=1728069632 reference_median=1728069632 delta=0 limit=34561393 within=true
bound metric=ms_per_token arm=granite_moe.s6_granitehost vs=granite_moe.s5_e2bdecode arm_median=6.6815 reference_median=6.6620 delta=0.0195 limit=0.1332 within=true
bound metric=prefill_ms arm=granite_moe.s6_granitehost vs=granite_moe.s5_e2bdecode arm_median=265.0440 reference_median=265.0550 delta=-0.0110 limit=5.3011 within=true
bound metric=ttft_ms arm=granite_moe.s6_granitehost vs=granite_moe.s5_e2bdecode arm_median=265.0000 reference_median=265.0000 delta=0.0000 limit=5.3000 within=true
bound metric=peak_rss_bytes arm=granite_moe.s6_granitehost vs=granite_moe.s5_e2bdecode arm_median=1987837952 reference_median=1986838528 delta=999424 limit=39736771 within=true
bound metric=peak_footprint_bytes arm=granite_moe.s6_granitehost vs=granite_moe.s5_e2bdecode arm_median=366351488 reference_median=366433728 delta=-82240 limit=7328675 within=true
bound metric=peak_gpu_bytes arm=granite_moe.s6_granitehost vs=granite_moe.s5_e2bdecode arm_median=1728069632 reference_median=1728069632 delta=0 limit=34561393 within=true
bound metric=ms_per_token arm=granite_moe.tip vs=granite_moe.base arm_median=6.6630 reference_median=6.8970 delta=-0.2340 limit=0.1379 within=true
bound metric=prefill_ms arm=granite_moe.tip vs=granite_moe.base arm_median=265.9810 reference_median=373.9570 delta=-107.9760 limit=7.4791 within=true
bound metric=ttft_ms arm=granite_moe.tip vs=granite_moe.base arm_median=266.0000 reference_median=374.0000 delta=-108.0000 limit=7.4800 within=true
bound metric=peak_rss_bytes arm=granite_moe.tip vs=granite_moe.base arm_median=1981464576 reference_median=2476654592 delta=-495190016 limit=49533092 within=true
bound metric=peak_footprint_bytes arm=granite_moe.tip vs=granite_moe.base arm_median=365483392 reference_median=611964544 delta=-246481152 limit=12239291 within=true
bound metric=peak_gpu_bytes arm=granite_moe.tip vs=granite_moe.base arm_median=1728069632 reference_median=1707655168 delta=20414464 limit=34153103 within=true
bound metric=ms_per_token arm=granite_moe.tip vs=granite_moe.s1_combine arm_median=6.6630 reference_median=6.8490 delta=-0.1860 limit=0.1370 within=true
bound metric=prefill_ms arm=granite_moe.tip vs=granite_moe.s1_combine arm_median=265.9810 reference_median=292.9770 delta=-26.9960 limit=5.8595 within=true
bound metric=ttft_ms arm=granite_moe.tip vs=granite_moe.s1_combine arm_median=266.0000 reference_median=293.0000 delta=-27.0000 limit=5.8600 within=true
bound metric=peak_rss_bytes arm=granite_moe.tip vs=granite_moe.s1_combine arm_median=1981464576 reference_median=2493431808 delta=-511967232 limit=49868636 within=true
bound metric=peak_footprint_bytes arm=granite_moe.tip vs=granite_moe.s1_combine arm_median=365483392 reference_median=634525888 delta=-269042496 limit=12690518 within=true
bound metric=peak_gpu_bytes arm=granite_moe.tip vs=granite_moe.s1_combine arm_median=1728069632 reference_median=1707655168 delta=20414464 limit=34153103 within=true
bound metric=ms_per_token arm=granite_moe.tip vs=granite_moe.s2_gemm arm_median=6.6630 reference_median=6.9260 delta=-0.2630 limit=0.1385 within=true
bound metric=prefill_ms arm=granite_moe.tip vs=granite_moe.s2_gemm arm_median=265.9810 reference_median=293.9570 delta=-27.9760 limit=5.8791 within=true
bound metric=ttft_ms arm=granite_moe.tip vs=granite_moe.s2_gemm arm_median=266.0000 reference_median=294.0000 delta=-28.0000 limit=5.8800 within=true
bound metric=peak_rss_bytes arm=granite_moe.tip vs=granite_moe.s2_gemm arm_median=1981464576 reference_median=2409644032 delta=-428179456 limit=48192881 within=true
bound metric=peak_footprint_bytes arm=granite_moe.tip vs=granite_moe.s2_gemm arm_median=365483392 reference_median=619616192 delta=-254132800 limit=12392324 within=true
bound metric=peak_gpu_bytes arm=granite_moe.tip vs=granite_moe.s2_gemm arm_median=1728069632 reference_median=1707655168 delta=20414464 limit=34153103 within=true
bound metric=ms_per_token arm=granite_moe.tip vs=granite_moe.s3_rope arm_median=6.6630 reference_median=6.8580 delta=-0.1950 limit=0.1372 within=true
bound metric=prefill_ms arm=granite_moe.tip vs=granite_moe.s3_rope arm_median=265.9810 reference_median=291.9740 delta=-25.9930 limit=6.9900 within=true
bound metric=ttft_ms arm=granite_moe.tip vs=granite_moe.s3_rope arm_median=266.0000 reference_median=292.0000 delta=-26.0000 limit=7.0000 within=true
bound metric=peak_rss_bytes arm=granite_moe.tip vs=granite_moe.s3_rope arm_median=1981464576 reference_median=2484289536 delta=-502824960 limit=49685791 within=true
bound metric=peak_footprint_bytes arm=granite_moe.tip vs=granite_moe.s3_rope arm_median=365483392 reference_median=611587776 delta=-246104384 limit=12231756 within=true
bound metric=peak_gpu_bytes arm=granite_moe.tip vs=granite_moe.s3_rope arm_median=1728069632 reference_median=1707655168 delta=20414464 limit=34153103 within=true
bound metric=ms_per_token arm=granite_moe.tip vs=granite_moe.s4_kvplace arm_median=6.6630 reference_median=6.6695 delta=-0.0065 limit=0.1334 within=true
bound metric=prefill_ms arm=granite_moe.tip vs=granite_moe.s4_kvplace arm_median=265.9810 reference_median=265.9825 delta=-0.0015 limit=5.3197 within=true
bound metric=ttft_ms arm=granite_moe.tip vs=granite_moe.s4_kvplace arm_median=266.0000 reference_median=266.0000 delta=0.0000 limit=5.3200 within=true
bound metric=peak_rss_bytes arm=granite_moe.tip vs=granite_moe.s4_kvplace arm_median=1981464576 reference_median=1877999616 delta=103464960 limit=37559992 within=false
bound metric=peak_footprint_bytes arm=granite_moe.tip vs=granite_moe.s4_kvplace arm_median=365483392 reference_median=367219776 delta=-1736384 limit=7344396 within=true
bound metric=peak_gpu_bytes arm=granite_moe.tip vs=granite_moe.s4_kvplace arm_median=1728069632 reference_median=1728069632 delta=0 limit=34561393 within=true
bound metric=ms_per_token arm=granite_moe.tip vs=granite_moe.s5_e2bdecode arm_median=6.6630 reference_median=6.6620 delta=0.0010 limit=0.1332 within=true
bound metric=prefill_ms arm=granite_moe.tip vs=granite_moe.s5_e2bdecode arm_median=265.9810 reference_median=265.0550 delta=0.9260 limit=5.3011 within=true
bound metric=ttft_ms arm=granite_moe.tip vs=granite_moe.s5_e2bdecode arm_median=266.0000 reference_median=265.0000 delta=1.0000 limit=5.3000 within=true
bound metric=peak_rss_bytes arm=granite_moe.tip vs=granite_moe.s5_e2bdecode arm_median=1981464576 reference_median=1986838528 delta=-5373952 limit=39736771 within=true
bound metric=peak_footprint_bytes arm=granite_moe.tip vs=granite_moe.s5_e2bdecode arm_median=365483392 reference_median=366433728 delta=-950336 limit=7328675 within=true
bound metric=peak_gpu_bytes arm=granite_moe.tip vs=granite_moe.s5_e2bdecode arm_median=1728069632 reference_median=1728069632 delta=0 limit=34561393 within=true
bound metric=ms_per_token arm=granite_moe.tip vs=granite_moe.s6_granitehost arm_median=6.6630 reference_median=6.6815 delta=-0.0185 limit=0.1336 within=true
bound metric=prefill_ms arm=granite_moe.tip vs=granite_moe.s6_granitehost arm_median=265.9810 reference_median=265.0440 delta=0.9370 limit=5.3009 within=true
bound metric=ttft_ms arm=granite_moe.tip vs=granite_moe.s6_granitehost arm_median=266.0000 reference_median=265.0000 delta=1.0000 limit=5.3000 within=true
bound metric=peak_rss_bytes arm=granite_moe.tip vs=granite_moe.s6_granitehost arm_median=1981464576 reference_median=1987837952 delta=-6373376 limit=39756759 within=true
bound metric=peak_footprint_bytes arm=granite_moe.tip vs=granite_moe.s6_granitehost arm_median=365483392 reference_median=366351488 delta=-868096 limit=7327030 within=true
bound metric=peak_gpu_bytes arm=granite_moe.tip vs=granite_moe.s6_granitehost arm_median=1728069632 reference_median=1728069632 delta=0 limit=34561393 within=true
bound metric=ms_per_token arm=granite_moe.off_combine vs=granite_moe.base arm_median=6.6925 reference_median=6.8970 delta=-0.2045 limit=0.1379 within=true
bound metric=prefill_ms arm=granite_moe.off_combine vs=granite_moe.base arm_median=350.9950 reference_median=373.9570 delta=-22.9620 limit=7.4791 within=true
bound metric=ttft_ms arm=granite_moe.off_combine vs=granite_moe.base arm_median=351.0000 reference_median=374.0000 delta=-23.0000 limit=7.4800 within=true
bound metric=peak_rss_bytes arm=granite_moe.off_combine vs=granite_moe.base arm_median=1987395584 reference_median=2476654592 delta=-489259008 limit=49533092 within=true
bound metric=peak_footprint_bytes arm=granite_moe.off_combine vs=granite_moe.base arm_median=365614656 reference_median=611964544 delta=-246349888 limit=12239291 within=true
bound metric=peak_gpu_bytes arm=granite_moe.off_combine vs=granite_moe.base arm_median=1728069632 reference_median=1707655168 delta=20414464 limit=34153103 within=true
bound metric=ms_per_token arm=granite_moe.off_combine vs=granite_moe.s1_combine arm_median=6.6925 reference_median=6.8490 delta=-0.1565 limit=0.1370 within=true
bound metric=prefill_ms arm=granite_moe.off_combine vs=granite_moe.s1_combine arm_median=350.9950 reference_median=292.9770 delta=58.0180 limit=5.8595 within=false
bound metric=ttft_ms arm=granite_moe.off_combine vs=granite_moe.s1_combine arm_median=351.0000 reference_median=293.0000 delta=58.0000 limit=5.8600 within=false
bound metric=peak_rss_bytes arm=granite_moe.off_combine vs=granite_moe.s1_combine arm_median=1987395584 reference_median=2493431808 delta=-506036224 limit=49868636 within=true
bound metric=peak_footprint_bytes arm=granite_moe.off_combine vs=granite_moe.s1_combine arm_median=365614656 reference_median=634525888 delta=-268911232 limit=12690518 within=true
bound metric=peak_gpu_bytes arm=granite_moe.off_combine vs=granite_moe.s1_combine arm_median=1728069632 reference_median=1707655168 delta=20414464 limit=34153103 within=true
bound metric=ms_per_token arm=granite_moe.off_combine vs=granite_moe.s2_gemm arm_median=6.6925 reference_median=6.9260 delta=-0.2335 limit=0.1385 within=true
bound metric=prefill_ms arm=granite_moe.off_combine vs=granite_moe.s2_gemm arm_median=350.9950 reference_median=293.9570 delta=57.0380 limit=5.8791 within=false
bound metric=ttft_ms arm=granite_moe.off_combine vs=granite_moe.s2_gemm arm_median=351.0000 reference_median=294.0000 delta=57.0000 limit=5.8800 within=false
bound metric=peak_rss_bytes arm=granite_moe.off_combine vs=granite_moe.s2_gemm arm_median=1987395584 reference_median=2409644032 delta=-422248448 limit=48192881 within=true
bound metric=peak_footprint_bytes arm=granite_moe.off_combine vs=granite_moe.s2_gemm arm_median=365614656 reference_median=619616192 delta=-254001536 limit=12392324 within=true
bound metric=peak_gpu_bytes arm=granite_moe.off_combine vs=granite_moe.s2_gemm arm_median=1728069632 reference_median=1707655168 delta=20414464 limit=34153103 within=true
bound metric=ms_per_token arm=granite_moe.off_combine vs=granite_moe.s3_rope arm_median=6.6925 reference_median=6.8580 delta=-0.1655 limit=0.1372 within=true
bound metric=prefill_ms arm=granite_moe.off_combine vs=granite_moe.s3_rope arm_median=350.9950 reference_median=291.9740 delta=59.0210 limit=6.9900 within=false
bound metric=ttft_ms arm=granite_moe.off_combine vs=granite_moe.s3_rope arm_median=351.0000 reference_median=292.0000 delta=59.0000 limit=7.0000 within=false
bound metric=peak_rss_bytes arm=granite_moe.off_combine vs=granite_moe.s3_rope arm_median=1987395584 reference_median=2484289536 delta=-496893952 limit=49685791 within=true
bound metric=peak_footprint_bytes arm=granite_moe.off_combine vs=granite_moe.s3_rope arm_median=365614656 reference_median=611587776 delta=-245973120 limit=12231756 within=true
bound metric=peak_gpu_bytes arm=granite_moe.off_combine vs=granite_moe.s3_rope arm_median=1728069632 reference_median=1707655168 delta=20414464 limit=34153103 within=true
bound metric=ms_per_token arm=granite_moe.off_combine vs=granite_moe.s4_kvplace arm_median=6.6925 reference_median=6.6695 delta=0.0230 limit=0.1334 within=true
bound metric=prefill_ms arm=granite_moe.off_combine vs=granite_moe.s4_kvplace arm_median=350.9950 reference_median=265.9825 delta=85.0125 limit=5.3197 within=false
bound metric=ttft_ms arm=granite_moe.off_combine vs=granite_moe.s4_kvplace arm_median=351.0000 reference_median=266.0000 delta=85.0000 limit=5.3200 within=false
bound metric=peak_rss_bytes arm=granite_moe.off_combine vs=granite_moe.s4_kvplace arm_median=1987395584 reference_median=1877999616 delta=109395968 limit=37559992 within=false
bound metric=peak_footprint_bytes arm=granite_moe.off_combine vs=granite_moe.s4_kvplace arm_median=365614656 reference_median=367219776 delta=-1605120 limit=7344396 within=true
bound metric=peak_gpu_bytes arm=granite_moe.off_combine vs=granite_moe.s4_kvplace arm_median=1728069632 reference_median=1728069632 delta=0 limit=34561393 within=true
bound metric=ms_per_token arm=granite_moe.off_combine vs=granite_moe.s5_e2bdecode arm_median=6.6925 reference_median=6.6620 delta=0.0305 limit=0.1332 within=true
bound metric=prefill_ms arm=granite_moe.off_combine vs=granite_moe.s5_e2bdecode arm_median=350.9950 reference_median=265.0550 delta=85.9400 limit=5.3011 within=false
bound metric=ttft_ms arm=granite_moe.off_combine vs=granite_moe.s5_e2bdecode arm_median=351.0000 reference_median=265.0000 delta=86.0000 limit=5.3000 within=false
bound metric=peak_rss_bytes arm=granite_moe.off_combine vs=granite_moe.s5_e2bdecode arm_median=1987395584 reference_median=1986838528 delta=557056 limit=39736771 within=true
bound metric=peak_footprint_bytes arm=granite_moe.off_combine vs=granite_moe.s5_e2bdecode arm_median=365614656 reference_median=366433728 delta=-819072 limit=7328675 within=true
bound metric=peak_gpu_bytes arm=granite_moe.off_combine vs=granite_moe.s5_e2bdecode arm_median=1728069632 reference_median=1728069632 delta=0 limit=34561393 within=true
bound metric=ms_per_token arm=granite_moe.off_combine vs=granite_moe.s6_granitehost arm_median=6.6925 reference_median=6.6815 delta=0.0110 limit=0.1336 within=true
bound metric=prefill_ms arm=granite_moe.off_combine vs=granite_moe.s6_granitehost arm_median=350.9950 reference_median=265.0440 delta=85.9510 limit=5.3009 within=false
bound metric=ttft_ms arm=granite_moe.off_combine vs=granite_moe.s6_granitehost arm_median=351.0000 reference_median=265.0000 delta=86.0000 limit=5.3000 within=false
bound metric=peak_rss_bytes arm=granite_moe.off_combine vs=granite_moe.s6_granitehost arm_median=1987395584 reference_median=1987837952 delta=-442368 limit=39756759 within=true
bound metric=peak_footprint_bytes arm=granite_moe.off_combine vs=granite_moe.s6_granitehost arm_median=365614656 reference_median=366351488 delta=-736832 limit=7327030 within=true
bound metric=peak_gpu_bytes arm=granite_moe.off_combine vs=granite_moe.s6_granitehost arm_median=1728069632 reference_median=1728069632 delta=0 limit=34561393 within=true
bound metric=ms_per_token arm=granite_moe.off_combine vs=granite_moe.tip arm_median=6.6925 reference_median=6.6630 delta=0.0295 limit=0.1333 within=true
bound metric=prefill_ms arm=granite_moe.off_combine vs=granite_moe.tip arm_median=350.9950 reference_median=265.9810 delta=85.0140 limit=5.3196 within=false
bound metric=ttft_ms arm=granite_moe.off_combine vs=granite_moe.tip arm_median=351.0000 reference_median=266.0000 delta=85.0000 limit=5.3200 within=false
bound metric=peak_rss_bytes arm=granite_moe.off_combine vs=granite_moe.tip arm_median=1987395584 reference_median=1981464576 delta=5931008 limit=39629292 within=true
bound metric=peak_footprint_bytes arm=granite_moe.off_combine vs=granite_moe.tip arm_median=365614656 reference_median=365483392 delta=131264 limit=7309668 within=true
bound metric=peak_gpu_bytes arm=granite_moe.off_combine vs=granite_moe.tip arm_median=1728069632 reference_median=1728069632 delta=0 limit=34561393 within=true
bound metric=ms_per_token arm=granite_moe.off_rope vs=granite_moe.base arm_median=6.6840 reference_median=6.8970 delta=-0.2130 limit=0.1379 within=true
bound metric=prefill_ms arm=granite_moe.off_rope vs=granite_moe.base arm_median=266.0130 reference_median=373.9570 delta=-107.9440 limit=7.4791 within=true
bound metric=ttft_ms arm=granite_moe.off_rope vs=granite_moe.base arm_median=266.0000 reference_median=374.0000 delta=-108.0000 limit=7.4800 within=true
bound metric=peak_rss_bytes arm=granite_moe.off_rope vs=granite_moe.base arm_median=1903230976 reference_median=2476654592 delta=-573423616 limit=49533092 within=true
bound metric=peak_footprint_bytes arm=granite_moe.off_rope vs=granite_moe.base arm_median=366564544 reference_median=611964544 delta=-245400000 limit=12239291 within=true
bound metric=peak_gpu_bytes arm=granite_moe.off_rope vs=granite_moe.base arm_median=1728069632 reference_median=1707655168 delta=20414464 limit=34153103 within=true
bound metric=ms_per_token arm=granite_moe.off_rope vs=granite_moe.s1_combine arm_median=6.6840 reference_median=6.8490 delta=-0.1650 limit=0.1370 within=true
bound metric=prefill_ms arm=granite_moe.off_rope vs=granite_moe.s1_combine arm_median=266.0130 reference_median=292.9770 delta=-26.9640 limit=5.8595 within=true
bound metric=ttft_ms arm=granite_moe.off_rope vs=granite_moe.s1_combine arm_median=266.0000 reference_median=293.0000 delta=-27.0000 limit=5.8600 within=true
bound metric=peak_rss_bytes arm=granite_moe.off_rope vs=granite_moe.s1_combine arm_median=1903230976 reference_median=2493431808 delta=-590200832 limit=49868636 within=true
bound metric=peak_footprint_bytes arm=granite_moe.off_rope vs=granite_moe.s1_combine arm_median=366564544 reference_median=634525888 delta=-267961344 limit=12690518 within=true
bound metric=peak_gpu_bytes arm=granite_moe.off_rope vs=granite_moe.s1_combine arm_median=1728069632 reference_median=1707655168 delta=20414464 limit=34153103 within=true
bound metric=ms_per_token arm=granite_moe.off_rope vs=granite_moe.s2_gemm arm_median=6.6840 reference_median=6.9260 delta=-0.2420 limit=0.1385 within=true
bound metric=prefill_ms arm=granite_moe.off_rope vs=granite_moe.s2_gemm arm_median=266.0130 reference_median=293.9570 delta=-27.9440 limit=5.8791 within=true
bound metric=ttft_ms arm=granite_moe.off_rope vs=granite_moe.s2_gemm arm_median=266.0000 reference_median=294.0000 delta=-28.0000 limit=5.8800 within=true
bound metric=peak_rss_bytes arm=granite_moe.off_rope vs=granite_moe.s2_gemm arm_median=1903230976 reference_median=2409644032 delta=-506413056 limit=48192881 within=true
bound metric=peak_footprint_bytes arm=granite_moe.off_rope vs=granite_moe.s2_gemm arm_median=366564544 reference_median=619616192 delta=-253051648 limit=12392324 within=true
bound metric=peak_gpu_bytes arm=granite_moe.off_rope vs=granite_moe.s2_gemm arm_median=1728069632 reference_median=1707655168 delta=20414464 limit=34153103 within=true
bound metric=ms_per_token arm=granite_moe.off_rope vs=granite_moe.s3_rope arm_median=6.6840 reference_median=6.8580 delta=-0.1740 limit=0.1372 within=true
bound metric=prefill_ms arm=granite_moe.off_rope vs=granite_moe.s3_rope arm_median=266.0130 reference_median=291.9740 delta=-25.9610 limit=6.9900 within=true
bound metric=ttft_ms arm=granite_moe.off_rope vs=granite_moe.s3_rope arm_median=266.0000 reference_median=292.0000 delta=-26.0000 limit=7.0000 within=true
bound metric=peak_rss_bytes arm=granite_moe.off_rope vs=granite_moe.s3_rope arm_median=1903230976 reference_median=2484289536 delta=-581058560 limit=49685791 within=true
bound metric=peak_footprint_bytes arm=granite_moe.off_rope vs=granite_moe.s3_rope arm_median=366564544 reference_median=611587776 delta=-245023232 limit=12231756 within=true
bound metric=peak_gpu_bytes arm=granite_moe.off_rope vs=granite_moe.s3_rope arm_median=1728069632 reference_median=1707655168 delta=20414464 limit=34153103 within=true
bound metric=ms_per_token arm=granite_moe.off_rope vs=granite_moe.s4_kvplace arm_median=6.6840 reference_median=6.6695 delta=0.0145 limit=0.1334 within=true
bound metric=prefill_ms arm=granite_moe.off_rope vs=granite_moe.s4_kvplace arm_median=266.0130 reference_median=265.9825 delta=0.0305 limit=5.3197 within=true
bound metric=ttft_ms arm=granite_moe.off_rope vs=granite_moe.s4_kvplace arm_median=266.0000 reference_median=266.0000 delta=0.0000 limit=5.3200 within=true
bound metric=peak_rss_bytes arm=granite_moe.off_rope vs=granite_moe.s4_kvplace arm_median=1903230976 reference_median=1877999616 delta=25231360 limit=37559992 within=true
bound metric=peak_footprint_bytes arm=granite_moe.off_rope vs=granite_moe.s4_kvplace arm_median=366564544 reference_median=367219776 delta=-655232 limit=7344396 within=true
bound metric=peak_gpu_bytes arm=granite_moe.off_rope vs=granite_moe.s4_kvplace arm_median=1728069632 reference_median=1728069632 delta=0 limit=34561393 within=true
bound metric=ms_per_token arm=granite_moe.off_rope vs=granite_moe.s5_e2bdecode arm_median=6.6840 reference_median=6.6620 delta=0.0220 limit=0.1332 within=true
bound metric=prefill_ms arm=granite_moe.off_rope vs=granite_moe.s5_e2bdecode arm_median=266.0130 reference_median=265.0550 delta=0.9580 limit=5.3011 within=true
bound metric=ttft_ms arm=granite_moe.off_rope vs=granite_moe.s5_e2bdecode arm_median=266.0000 reference_median=265.0000 delta=1.0000 limit=5.3000 within=true
bound metric=peak_rss_bytes arm=granite_moe.off_rope vs=granite_moe.s5_e2bdecode arm_median=1903230976 reference_median=1986838528 delta=-83607552 limit=39736771 within=true
bound metric=peak_footprint_bytes arm=granite_moe.off_rope vs=granite_moe.s5_e2bdecode arm_median=366564544 reference_median=366433728 delta=130816 limit=7328675 within=true
bound metric=peak_gpu_bytes arm=granite_moe.off_rope vs=granite_moe.s5_e2bdecode arm_median=1728069632 reference_median=1728069632 delta=0 limit=34561393 within=true
bound metric=ms_per_token arm=granite_moe.off_rope vs=granite_moe.s6_granitehost arm_median=6.6840 reference_median=6.6815 delta=0.0025 limit=0.1336 within=true
bound metric=prefill_ms arm=granite_moe.off_rope vs=granite_moe.s6_granitehost arm_median=266.0130 reference_median=265.0440 delta=0.9690 limit=5.3009 within=true
bound metric=ttft_ms arm=granite_moe.off_rope vs=granite_moe.s6_granitehost arm_median=266.0000 reference_median=265.0000 delta=1.0000 limit=5.3000 within=true
bound metric=peak_rss_bytes arm=granite_moe.off_rope vs=granite_moe.s6_granitehost arm_median=1903230976 reference_median=1987837952 delta=-84606976 limit=39756759 within=true
bound metric=peak_footprint_bytes arm=granite_moe.off_rope vs=granite_moe.s6_granitehost arm_median=366564544 reference_median=366351488 delta=213056 limit=7327030 within=true
bound metric=peak_gpu_bytes arm=granite_moe.off_rope vs=granite_moe.s6_granitehost arm_median=1728069632 reference_median=1728069632 delta=0 limit=34561393 within=true
bound metric=ms_per_token arm=granite_moe.off_rope vs=granite_moe.tip arm_median=6.6840 reference_median=6.6630 delta=0.0210 limit=0.1333 within=true
bound metric=prefill_ms arm=granite_moe.off_rope vs=granite_moe.tip arm_median=266.0130 reference_median=265.9810 delta=0.0320 limit=5.3196 within=true
bound metric=ttft_ms arm=granite_moe.off_rope vs=granite_moe.tip arm_median=266.0000 reference_median=266.0000 delta=0.0000 limit=5.3200 within=true
bound metric=peak_rss_bytes arm=granite_moe.off_rope vs=granite_moe.tip arm_median=1903230976 reference_median=1981464576 delta=-78233600 limit=39629292 within=true
bound metric=peak_footprint_bytes arm=granite_moe.off_rope vs=granite_moe.tip arm_median=366564544 reference_median=365483392 delta=1081152 limit=7309668 within=true
bound metric=peak_gpu_bytes arm=granite_moe.off_rope vs=granite_moe.tip arm_median=1728069632 reference_median=1728069632 delta=0 limit=34561393 within=true
bound metric=ms_per_token arm=granite_moe.off_rope vs=granite_moe.off_combine arm_median=6.6840 reference_median=6.6925 delta=-0.0085 limit=0.1338 within=true
bound metric=prefill_ms arm=granite_moe.off_rope vs=granite_moe.off_combine arm_median=266.0130 reference_median=350.9950 delta=-84.9820 limit=7.0199 within=true
bound metric=ttft_ms arm=granite_moe.off_rope vs=granite_moe.off_combine arm_median=266.0000 reference_median=351.0000 delta=-85.0000 limit=7.0200 within=true
bound metric=peak_rss_bytes arm=granite_moe.off_rope vs=granite_moe.off_combine arm_median=1903230976 reference_median=1987395584 delta=-84164608 limit=39747912 within=true
bound metric=peak_footprint_bytes arm=granite_moe.off_rope vs=granite_moe.off_combine arm_median=366564544 reference_median=365614656 delta=949888 limit=7312293 within=true
bound metric=peak_gpu_bytes arm=granite_moe.off_rope vs=granite_moe.off_combine arm_median=1728069632 reference_median=1728069632 delta=0 limit=34561393 within=true
bound metric=ms_per_token arm=granite_moe.off_bcastwidth vs=granite_moe.base arm_median=6.6750 reference_median=6.8970 delta=-0.2220 limit=0.1379 within=true
bound metric=prefill_ms arm=granite_moe.off_bcastwidth vs=granite_moe.base arm_median=265.9770 reference_median=373.9570 delta=-107.9800 limit=7.4791 within=true
bound metric=ttft_ms arm=granite_moe.off_bcastwidth vs=granite_moe.base arm_median=266.0000 reference_median=374.0000 delta=-108.0000 limit=7.4800 within=true
bound metric=peak_rss_bytes arm=granite_moe.off_bcastwidth vs=granite_moe.base arm_median=1879310336 reference_median=2476654592 delta=-597344256 limit=49533092 within=true
bound metric=peak_footprint_bytes arm=granite_moe.off_bcastwidth vs=granite_moe.base arm_median=368284864 reference_median=611964544 delta=-243679680 limit=12239291 within=true
bound metric=peak_gpu_bytes arm=granite_moe.off_bcastwidth vs=granite_moe.base arm_median=1728069632 reference_median=1707655168 delta=20414464 limit=34153103 within=true
bound metric=ms_per_token arm=granite_moe.off_bcastwidth vs=granite_moe.s1_combine arm_median=6.6750 reference_median=6.8490 delta=-0.1740 limit=0.1370 within=true
bound metric=prefill_ms arm=granite_moe.off_bcastwidth vs=granite_moe.s1_combine arm_median=265.9770 reference_median=292.9770 delta=-27.0000 limit=5.8595 within=true
bound metric=ttft_ms arm=granite_moe.off_bcastwidth vs=granite_moe.s1_combine arm_median=266.0000 reference_median=293.0000 delta=-27.0000 limit=5.8600 within=true
bound metric=peak_rss_bytes arm=granite_moe.off_bcastwidth vs=granite_moe.s1_combine arm_median=1879310336 reference_median=2493431808 delta=-614121472 limit=49868636 within=true
bound metric=peak_footprint_bytes arm=granite_moe.off_bcastwidth vs=granite_moe.s1_combine arm_median=368284864 reference_median=634525888 delta=-266241024 limit=12690518 within=true
bound metric=peak_gpu_bytes arm=granite_moe.off_bcastwidth vs=granite_moe.s1_combine arm_median=1728069632 reference_median=1707655168 delta=20414464 limit=34153103 within=true
bound metric=ms_per_token arm=granite_moe.off_bcastwidth vs=granite_moe.s2_gemm arm_median=6.6750 reference_median=6.9260 delta=-0.2510 limit=0.1385 within=true
bound metric=prefill_ms arm=granite_moe.off_bcastwidth vs=granite_moe.s2_gemm arm_median=265.9770 reference_median=293.9570 delta=-27.9800 limit=5.8791 within=true
bound metric=ttft_ms arm=granite_moe.off_bcastwidth vs=granite_moe.s2_gemm arm_median=266.0000 reference_median=294.0000 delta=-28.0000 limit=5.8800 within=true
bound metric=peak_rss_bytes arm=granite_moe.off_bcastwidth vs=granite_moe.s2_gemm arm_median=1879310336 reference_median=2409644032 delta=-530333696 limit=48192881 within=true
bound metric=peak_footprint_bytes arm=granite_moe.off_bcastwidth vs=granite_moe.s2_gemm arm_median=368284864 reference_median=619616192 delta=-251331328 limit=12392324 within=true
bound metric=peak_gpu_bytes arm=granite_moe.off_bcastwidth vs=granite_moe.s2_gemm arm_median=1728069632 reference_median=1707655168 delta=20414464 limit=34153103 within=true
bound metric=ms_per_token arm=granite_moe.off_bcastwidth vs=granite_moe.s3_rope arm_median=6.6750 reference_median=6.8580 delta=-0.1830 limit=0.1372 within=true
bound metric=prefill_ms arm=granite_moe.off_bcastwidth vs=granite_moe.s3_rope arm_median=265.9770 reference_median=291.9740 delta=-25.9970 limit=6.9900 within=true
bound metric=ttft_ms arm=granite_moe.off_bcastwidth vs=granite_moe.s3_rope arm_median=266.0000 reference_median=292.0000 delta=-26.0000 limit=7.0000 within=true
bound metric=peak_rss_bytes arm=granite_moe.off_bcastwidth vs=granite_moe.s3_rope arm_median=1879310336 reference_median=2484289536 delta=-604979200 limit=49685791 within=true
bound metric=peak_footprint_bytes arm=granite_moe.off_bcastwidth vs=granite_moe.s3_rope arm_median=368284864 reference_median=611587776 delta=-243302912 limit=12231756 within=true
bound metric=peak_gpu_bytes arm=granite_moe.off_bcastwidth vs=granite_moe.s3_rope arm_median=1728069632 reference_median=1707655168 delta=20414464 limit=34153103 within=true
bound metric=ms_per_token arm=granite_moe.off_bcastwidth vs=granite_moe.s4_kvplace arm_median=6.6750 reference_median=6.6695 delta=0.0055 limit=0.1334 within=true
bound metric=prefill_ms arm=granite_moe.off_bcastwidth vs=granite_moe.s4_kvplace arm_median=265.9770 reference_median=265.9825 delta=-0.0055 limit=5.3197 within=true
bound metric=ttft_ms arm=granite_moe.off_bcastwidth vs=granite_moe.s4_kvplace arm_median=266.0000 reference_median=266.0000 delta=0.0000 limit=5.3200 within=true
bound metric=peak_rss_bytes arm=granite_moe.off_bcastwidth vs=granite_moe.s4_kvplace arm_median=1879310336 reference_median=1877999616 delta=1310720 limit=37559992 within=true
bound metric=peak_footprint_bytes arm=granite_moe.off_bcastwidth vs=granite_moe.s4_kvplace arm_median=368284864 reference_median=367219776 delta=1065088 limit=7344396 within=true
bound metric=peak_gpu_bytes arm=granite_moe.off_bcastwidth vs=granite_moe.s4_kvplace arm_median=1728069632 reference_median=1728069632 delta=0 limit=34561393 within=true
bound metric=ms_per_token arm=granite_moe.off_bcastwidth vs=granite_moe.s5_e2bdecode arm_median=6.6750 reference_median=6.6620 delta=0.0130 limit=0.1332 within=true
bound metric=prefill_ms arm=granite_moe.off_bcastwidth vs=granite_moe.s5_e2bdecode arm_median=265.9770 reference_median=265.0550 delta=0.9220 limit=5.3011 within=true
bound metric=ttft_ms arm=granite_moe.off_bcastwidth vs=granite_moe.s5_e2bdecode arm_median=266.0000 reference_median=265.0000 delta=1.0000 limit=5.3000 within=true
bound metric=peak_rss_bytes arm=granite_moe.off_bcastwidth vs=granite_moe.s5_e2bdecode arm_median=1879310336 reference_median=1986838528 delta=-107528192 limit=39736771 within=true
bound metric=peak_footprint_bytes arm=granite_moe.off_bcastwidth vs=granite_moe.s5_e2bdecode arm_median=368284864 reference_median=366433728 delta=1851136 limit=7328675 within=true
bound metric=peak_gpu_bytes arm=granite_moe.off_bcastwidth vs=granite_moe.s5_e2bdecode arm_median=1728069632 reference_median=1728069632 delta=0 limit=34561393 within=true
bound metric=ms_per_token arm=granite_moe.off_bcastwidth vs=granite_moe.s6_granitehost arm_median=6.6750 reference_median=6.6815 delta=-0.0065 limit=0.1336 within=true
bound metric=prefill_ms arm=granite_moe.off_bcastwidth vs=granite_moe.s6_granitehost arm_median=265.9770 reference_median=265.0440 delta=0.9330 limit=5.3009 within=true
bound metric=ttft_ms arm=granite_moe.off_bcastwidth vs=granite_moe.s6_granitehost arm_median=266.0000 reference_median=265.0000 delta=1.0000 limit=5.3000 within=true
bound metric=peak_rss_bytes arm=granite_moe.off_bcastwidth vs=granite_moe.s6_granitehost arm_median=1879310336 reference_median=1987837952 delta=-108527616 limit=39756759 within=true
bound metric=peak_footprint_bytes arm=granite_moe.off_bcastwidth vs=granite_moe.s6_granitehost arm_median=368284864 reference_median=366351488 delta=1933376 limit=7327030 within=true
bound metric=peak_gpu_bytes arm=granite_moe.off_bcastwidth vs=granite_moe.s6_granitehost arm_median=1728069632 reference_median=1728069632 delta=0 limit=34561393 within=true
bound metric=ms_per_token arm=granite_moe.off_bcastwidth vs=granite_moe.tip arm_median=6.6750 reference_median=6.6630 delta=0.0120 limit=0.1333 within=true
bound metric=prefill_ms arm=granite_moe.off_bcastwidth vs=granite_moe.tip arm_median=265.9770 reference_median=265.9810 delta=-0.0040 limit=5.3196 within=true
bound metric=ttft_ms arm=granite_moe.off_bcastwidth vs=granite_moe.tip arm_median=266.0000 reference_median=266.0000 delta=0.0000 limit=5.3200 within=true
bound metric=peak_rss_bytes arm=granite_moe.off_bcastwidth vs=granite_moe.tip arm_median=1879310336 reference_median=1981464576 delta=-102154240 limit=39629292 within=true
bound metric=peak_footprint_bytes arm=granite_moe.off_bcastwidth vs=granite_moe.tip arm_median=368284864 reference_median=365483392 delta=2801472 limit=7309668 within=true
bound metric=peak_gpu_bytes arm=granite_moe.off_bcastwidth vs=granite_moe.tip arm_median=1728069632 reference_median=1728069632 delta=0 limit=34561393 within=true
bound metric=ms_per_token arm=granite_moe.off_bcastwidth vs=granite_moe.off_combine arm_median=6.6750 reference_median=6.6925 delta=-0.0175 limit=0.1338 within=true
bound metric=prefill_ms arm=granite_moe.off_bcastwidth vs=granite_moe.off_combine arm_median=265.9770 reference_median=350.9950 delta=-85.0180 limit=7.0199 within=true
bound metric=ttft_ms arm=granite_moe.off_bcastwidth vs=granite_moe.off_combine arm_median=266.0000 reference_median=351.0000 delta=-85.0000 limit=7.0200 within=true
bound metric=peak_rss_bytes arm=granite_moe.off_bcastwidth vs=granite_moe.off_combine arm_median=1879310336 reference_median=1987395584 delta=-108085248 limit=39747912 within=true
bound metric=peak_footprint_bytes arm=granite_moe.off_bcastwidth vs=granite_moe.off_combine arm_median=368284864 reference_median=365614656 delta=2670208 limit=7312293 within=true
bound metric=peak_gpu_bytes arm=granite_moe.off_bcastwidth vs=granite_moe.off_combine arm_median=1728069632 reference_median=1728069632 delta=0 limit=34561393 within=true
bound metric=ms_per_token arm=granite_moe.off_bcastwidth vs=granite_moe.off_rope arm_median=6.6750 reference_median=6.6840 delta=-0.0090 limit=0.1337 within=true
bound metric=prefill_ms arm=granite_moe.off_bcastwidth vs=granite_moe.off_rope arm_median=265.9770 reference_median=266.0130 delta=-0.0360 limit=5.3203 within=true
bound metric=ttft_ms arm=granite_moe.off_bcastwidth vs=granite_moe.off_rope arm_median=266.0000 reference_median=266.0000 delta=0.0000 limit=5.3200 within=true
bound metric=peak_rss_bytes arm=granite_moe.off_bcastwidth vs=granite_moe.off_rope arm_median=1879310336 reference_median=1903230976 delta=-23920640 limit=38064620 within=true
bound metric=peak_footprint_bytes arm=granite_moe.off_bcastwidth vs=granite_moe.off_rope arm_median=368284864 reference_median=366564544 delta=1720320 limit=7331291 within=true
bound metric=peak_gpu_bytes arm=granite_moe.off_bcastwidth vs=granite_moe.off_rope arm_median=1728069632 reference_median=1728069632 delta=0 limit=34561393 within=true
bound metric=ms_per_token arm=granite_moe.off_simdfold vs=granite_moe.base arm_median=6.7230 reference_median=6.8970 delta=-0.1740 limit=0.1379 within=true
bound metric=prefill_ms arm=granite_moe.off_simdfold vs=granite_moe.base arm_median=266.0230 reference_median=373.9570 delta=-107.9340 limit=7.4791 within=true
bound metric=ttft_ms arm=granite_moe.off_simdfold vs=granite_moe.base arm_median=266.0000 reference_median=374.0000 delta=-108.0000 limit=7.4800 within=true
bound metric=peak_rss_bytes arm=granite_moe.off_simdfold vs=granite_moe.base arm_median=1989066752 reference_median=2476654592 delta=-487587840 limit=49533092 within=true
bound metric=peak_footprint_bytes arm=granite_moe.off_simdfold vs=granite_moe.base arm_median=366548736 reference_median=611964544 delta=-245415808 limit=12239291 within=true
bound metric=peak_gpu_bytes arm=granite_moe.off_simdfold vs=granite_moe.base arm_median=1728069632 reference_median=1707655168 delta=20414464 limit=34153103 within=true
bound metric=ms_per_token arm=granite_moe.off_simdfold vs=granite_moe.s1_combine arm_median=6.7230 reference_median=6.8490 delta=-0.1260 limit=0.1370 within=true
bound metric=prefill_ms arm=granite_moe.off_simdfold vs=granite_moe.s1_combine arm_median=266.0230 reference_median=292.9770 delta=-26.9540 limit=5.8595 within=true
bound metric=ttft_ms arm=granite_moe.off_simdfold vs=granite_moe.s1_combine arm_median=266.0000 reference_median=293.0000 delta=-27.0000 limit=5.8600 within=true
bound metric=peak_rss_bytes arm=granite_moe.off_simdfold vs=granite_moe.s1_combine arm_median=1989066752 reference_median=2493431808 delta=-504365056 limit=49868636 within=true
bound metric=peak_footprint_bytes arm=granite_moe.off_simdfold vs=granite_moe.s1_combine arm_median=366548736 reference_median=634525888 delta=-267977152 limit=12690518 within=true
bound metric=peak_gpu_bytes arm=granite_moe.off_simdfold vs=granite_moe.s1_combine arm_median=1728069632 reference_median=1707655168 delta=20414464 limit=34153103 within=true
bound metric=ms_per_token arm=granite_moe.off_simdfold vs=granite_moe.s2_gemm arm_median=6.7230 reference_median=6.9260 delta=-0.2030 limit=0.1385 within=true
bound metric=prefill_ms arm=granite_moe.off_simdfold vs=granite_moe.s2_gemm arm_median=266.0230 reference_median=293.9570 delta=-27.9340 limit=5.8791 within=true
bound metric=ttft_ms arm=granite_moe.off_simdfold vs=granite_moe.s2_gemm arm_median=266.0000 reference_median=294.0000 delta=-28.0000 limit=5.8800 within=true
bound metric=peak_rss_bytes arm=granite_moe.off_simdfold vs=granite_moe.s2_gemm arm_median=1989066752 reference_median=2409644032 delta=-420577280 limit=48192881 within=true
bound metric=peak_footprint_bytes arm=granite_moe.off_simdfold vs=granite_moe.s2_gemm arm_median=366548736 reference_median=619616192 delta=-253067456 limit=12392324 within=true
bound metric=peak_gpu_bytes arm=granite_moe.off_simdfold vs=granite_moe.s2_gemm arm_median=1728069632 reference_median=1707655168 delta=20414464 limit=34153103 within=true
bound metric=ms_per_token arm=granite_moe.off_simdfold vs=granite_moe.s3_rope arm_median=6.7230 reference_median=6.8580 delta=-0.1350 limit=0.1372 within=true
bound metric=prefill_ms arm=granite_moe.off_simdfold vs=granite_moe.s3_rope arm_median=266.0230 reference_median=291.9740 delta=-25.9510 limit=6.9900 within=true
bound metric=ttft_ms arm=granite_moe.off_simdfold vs=granite_moe.s3_rope arm_median=266.0000 reference_median=292.0000 delta=-26.0000 limit=7.0000 within=true
bound metric=peak_rss_bytes arm=granite_moe.off_simdfold vs=granite_moe.s3_rope arm_median=1989066752 reference_median=2484289536 delta=-495222784 limit=49685791 within=true
bound metric=peak_footprint_bytes arm=granite_moe.off_simdfold vs=granite_moe.s3_rope arm_median=366548736 reference_median=611587776 delta=-245039040 limit=12231756 within=true
bound metric=peak_gpu_bytes arm=granite_moe.off_simdfold vs=granite_moe.s3_rope arm_median=1728069632 reference_median=1707655168 delta=20414464 limit=34153103 within=true
bound metric=ms_per_token arm=granite_moe.off_simdfold vs=granite_moe.s4_kvplace arm_median=6.7230 reference_median=6.6695 delta=0.0535 limit=0.1334 within=true
bound metric=prefill_ms arm=granite_moe.off_simdfold vs=granite_moe.s4_kvplace arm_median=266.0230 reference_median=265.9825 delta=0.0405 limit=5.3197 within=true
bound metric=ttft_ms arm=granite_moe.off_simdfold vs=granite_moe.s4_kvplace arm_median=266.0000 reference_median=266.0000 delta=0.0000 limit=5.3200 within=true
bound metric=peak_rss_bytes arm=granite_moe.off_simdfold vs=granite_moe.s4_kvplace arm_median=1989066752 reference_median=1877999616 delta=111067136 limit=37559992 within=false
bound metric=peak_footprint_bytes arm=granite_moe.off_simdfold vs=granite_moe.s4_kvplace arm_median=366548736 reference_median=367219776 delta=-671040 limit=7344396 within=true
bound metric=peak_gpu_bytes arm=granite_moe.off_simdfold vs=granite_moe.s4_kvplace arm_median=1728069632 reference_median=1728069632 delta=0 limit=34561393 within=true
bound metric=ms_per_token arm=granite_moe.off_simdfold vs=granite_moe.s5_e2bdecode arm_median=6.7230 reference_median=6.6620 delta=0.0610 limit=0.1332 within=true
bound metric=prefill_ms arm=granite_moe.off_simdfold vs=granite_moe.s5_e2bdecode arm_median=266.0230 reference_median=265.0550 delta=0.9680 limit=5.3011 within=true
bound metric=ttft_ms arm=granite_moe.off_simdfold vs=granite_moe.s5_e2bdecode arm_median=266.0000 reference_median=265.0000 delta=1.0000 limit=5.3000 within=true
bound metric=peak_rss_bytes arm=granite_moe.off_simdfold vs=granite_moe.s5_e2bdecode arm_median=1989066752 reference_median=1986838528 delta=2228224 limit=39736771 within=true
bound metric=peak_footprint_bytes arm=granite_moe.off_simdfold vs=granite_moe.s5_e2bdecode arm_median=366548736 reference_median=366433728 delta=115008 limit=7328675 within=true
bound metric=peak_gpu_bytes arm=granite_moe.off_simdfold vs=granite_moe.s5_e2bdecode arm_median=1728069632 reference_median=1728069632 delta=0 limit=34561393 within=true
bound metric=ms_per_token arm=granite_moe.off_simdfold vs=granite_moe.s6_granitehost arm_median=6.7230 reference_median=6.6815 delta=0.0415 limit=0.1336 within=true
bound metric=prefill_ms arm=granite_moe.off_simdfold vs=granite_moe.s6_granitehost arm_median=266.0230 reference_median=265.0440 delta=0.9790 limit=5.3009 within=true
bound metric=ttft_ms arm=granite_moe.off_simdfold vs=granite_moe.s6_granitehost arm_median=266.0000 reference_median=265.0000 delta=1.0000 limit=5.3000 within=true
bound metric=peak_rss_bytes arm=granite_moe.off_simdfold vs=granite_moe.s6_granitehost arm_median=1989066752 reference_median=1987837952 delta=1228800 limit=39756759 within=true
bound metric=peak_footprint_bytes arm=granite_moe.off_simdfold vs=granite_moe.s6_granitehost arm_median=366548736 reference_median=366351488 delta=197248 limit=7327030 within=true
bound metric=peak_gpu_bytes arm=granite_moe.off_simdfold vs=granite_moe.s6_granitehost arm_median=1728069632 reference_median=1728069632 delta=0 limit=34561393 within=true
bound metric=ms_per_token arm=granite_moe.off_simdfold vs=granite_moe.tip arm_median=6.7230 reference_median=6.6630 delta=0.0600 limit=0.1333 within=true
bound metric=prefill_ms arm=granite_moe.off_simdfold vs=granite_moe.tip arm_median=266.0230 reference_median=265.9810 delta=0.0420 limit=5.3196 within=true
bound metric=ttft_ms arm=granite_moe.off_simdfold vs=granite_moe.tip arm_median=266.0000 reference_median=266.0000 delta=0.0000 limit=5.3200 within=true
bound metric=peak_rss_bytes arm=granite_moe.off_simdfold vs=granite_moe.tip arm_median=1989066752 reference_median=1981464576 delta=7602176 limit=39629292 within=true
bound metric=peak_footprint_bytes arm=granite_moe.off_simdfold vs=granite_moe.tip arm_median=366548736 reference_median=365483392 delta=1065344 limit=7309668 within=true
bound metric=peak_gpu_bytes arm=granite_moe.off_simdfold vs=granite_moe.tip arm_median=1728069632 reference_median=1728069632 delta=0 limit=34561393 within=true
bound metric=ms_per_token arm=granite_moe.off_simdfold vs=granite_moe.off_combine arm_median=6.7230 reference_median=6.6925 delta=0.0305 limit=0.1338 within=true
bound metric=prefill_ms arm=granite_moe.off_simdfold vs=granite_moe.off_combine arm_median=266.0230 reference_median=350.9950 delta=-84.9720 limit=7.0199 within=true
bound metric=ttft_ms arm=granite_moe.off_simdfold vs=granite_moe.off_combine arm_median=266.0000 reference_median=351.0000 delta=-85.0000 limit=7.0200 within=true
bound metric=peak_rss_bytes arm=granite_moe.off_simdfold vs=granite_moe.off_combine arm_median=1989066752 reference_median=1987395584 delta=1671168 limit=39747912 within=true
bound metric=peak_footprint_bytes arm=granite_moe.off_simdfold vs=granite_moe.off_combine arm_median=366548736 reference_median=365614656 delta=934080 limit=7312293 within=true
bound metric=peak_gpu_bytes arm=granite_moe.off_simdfold vs=granite_moe.off_combine arm_median=1728069632 reference_median=1728069632 delta=0 limit=34561393 within=true
bound metric=ms_per_token arm=granite_moe.off_simdfold vs=granite_moe.off_rope arm_median=6.7230 reference_median=6.6840 delta=0.0390 limit=0.1337 within=true
bound metric=prefill_ms arm=granite_moe.off_simdfold vs=granite_moe.off_rope arm_median=266.0230 reference_median=266.0130 delta=0.0100 limit=5.3203 within=true
bound metric=ttft_ms arm=granite_moe.off_simdfold vs=granite_moe.off_rope arm_median=266.0000 reference_median=266.0000 delta=0.0000 limit=5.3200 within=true
bound metric=peak_rss_bytes arm=granite_moe.off_simdfold vs=granite_moe.off_rope arm_median=1989066752 reference_median=1903230976 delta=85835776 limit=38064620 within=false
bound metric=peak_footprint_bytes arm=granite_moe.off_simdfold vs=granite_moe.off_rope arm_median=366548736 reference_median=366564544 delta=-15808 limit=7331291 within=true
bound metric=peak_gpu_bytes arm=granite_moe.off_simdfold vs=granite_moe.off_rope arm_median=1728069632 reference_median=1728069632 delta=0 limit=34561393 within=true
bound metric=ms_per_token arm=granite_moe.off_simdfold vs=granite_moe.off_bcastwidth arm_median=6.7230 reference_median=6.6750 delta=0.0480 limit=0.1335 within=true
bound metric=prefill_ms arm=granite_moe.off_simdfold vs=granite_moe.off_bcastwidth arm_median=266.0230 reference_median=265.9770 delta=0.0460 limit=5.3195 within=true
bound metric=ttft_ms arm=granite_moe.off_simdfold vs=granite_moe.off_bcastwidth arm_median=266.0000 reference_median=266.0000 delta=0.0000 limit=5.3200 within=true
bound metric=peak_rss_bytes arm=granite_moe.off_simdfold vs=granite_moe.off_bcastwidth arm_median=1989066752 reference_median=1879310336 delta=109756416 limit=37586207 within=false
bound metric=peak_footprint_bytes arm=granite_moe.off_simdfold vs=granite_moe.off_bcastwidth arm_median=366548736 reference_median=368284864 delta=-1736128 limit=7365697 within=true
bound metric=peak_gpu_bytes arm=granite_moe.off_simdfold vs=granite_moe.off_bcastwidth arm_median=1728069632 reference_median=1728069632 delta=0 limit=34561393 within=true
bound metric=ms_per_token arm=granite_moe.off_q6krows vs=granite_moe.base arm_median=6.6990 reference_median=6.8970 delta=-0.1980 limit=0.1379 within=true
bound metric=prefill_ms arm=granite_moe.off_q6krows vs=granite_moe.base arm_median=265.0330 reference_median=373.9570 delta=-108.9240 limit=7.4791 within=true
bound metric=ttft_ms arm=granite_moe.off_q6krows vs=granite_moe.base arm_median=265.0000 reference_median=374.0000 delta=-109.0000 limit=7.4800 within=true
bound metric=peak_rss_bytes arm=granite_moe.off_q6krows vs=granite_moe.base arm_median=1992687616 reference_median=2476654592 delta=-483966976 limit=49533092 within=true
bound metric=peak_footprint_bytes arm=granite_moe.off_q6krows vs=granite_moe.base arm_median=367809728 reference_median=611964544 delta=-244154816 limit=12239291 within=true
bound metric=peak_gpu_bytes arm=granite_moe.off_q6krows vs=granite_moe.base arm_median=1728069632 reference_median=1707655168 delta=20414464 limit=34153103 within=true
bound metric=ms_per_token arm=granite_moe.off_q6krows vs=granite_moe.s1_combine arm_median=6.6990 reference_median=6.8490 delta=-0.1500 limit=0.1370 within=true
bound metric=prefill_ms arm=granite_moe.off_q6krows vs=granite_moe.s1_combine arm_median=265.0330 reference_median=292.9770 delta=-27.9440 limit=5.8595 within=true
bound metric=ttft_ms arm=granite_moe.off_q6krows vs=granite_moe.s1_combine arm_median=265.0000 reference_median=293.0000 delta=-28.0000 limit=5.8600 within=true
bound metric=peak_rss_bytes arm=granite_moe.off_q6krows vs=granite_moe.s1_combine arm_median=1992687616 reference_median=2493431808 delta=-500744192 limit=49868636 within=true
bound metric=peak_footprint_bytes arm=granite_moe.off_q6krows vs=granite_moe.s1_combine arm_median=367809728 reference_median=634525888 delta=-266716160 limit=12690518 within=true
bound metric=peak_gpu_bytes arm=granite_moe.off_q6krows vs=granite_moe.s1_combine arm_median=1728069632 reference_median=1707655168 delta=20414464 limit=34153103 within=true
bound metric=ms_per_token arm=granite_moe.off_q6krows vs=granite_moe.s2_gemm arm_median=6.6990 reference_median=6.9260 delta=-0.2270 limit=0.1385 within=true
bound metric=prefill_ms arm=granite_moe.off_q6krows vs=granite_moe.s2_gemm arm_median=265.0330 reference_median=293.9570 delta=-28.9240 limit=5.8791 within=true
bound metric=ttft_ms arm=granite_moe.off_q6krows vs=granite_moe.s2_gemm arm_median=265.0000 reference_median=294.0000 delta=-29.0000 limit=5.8800 within=true
bound metric=peak_rss_bytes arm=granite_moe.off_q6krows vs=granite_moe.s2_gemm arm_median=1992687616 reference_median=2409644032 delta=-416956416 limit=48192881 within=true
bound metric=peak_footprint_bytes arm=granite_moe.off_q6krows vs=granite_moe.s2_gemm arm_median=367809728 reference_median=619616192 delta=-251806464 limit=12392324 within=true
bound metric=peak_gpu_bytes arm=granite_moe.off_q6krows vs=granite_moe.s2_gemm arm_median=1728069632 reference_median=1707655168 delta=20414464 limit=34153103 within=true
bound metric=ms_per_token arm=granite_moe.off_q6krows vs=granite_moe.s3_rope arm_median=6.6990 reference_median=6.8580 delta=-0.1590 limit=0.1372 within=true
bound metric=prefill_ms arm=granite_moe.off_q6krows vs=granite_moe.s3_rope arm_median=265.0330 reference_median=291.9740 delta=-26.9410 limit=6.9900 within=true
bound metric=ttft_ms arm=granite_moe.off_q6krows vs=granite_moe.s3_rope arm_median=265.0000 reference_median=292.0000 delta=-27.0000 limit=7.0000 within=true
bound metric=peak_rss_bytes arm=granite_moe.off_q6krows vs=granite_moe.s3_rope arm_median=1992687616 reference_median=2484289536 delta=-491601920 limit=49685791 within=true
bound metric=peak_footprint_bytes arm=granite_moe.off_q6krows vs=granite_moe.s3_rope arm_median=367809728 reference_median=611587776 delta=-243778048 limit=12231756 within=true
bound metric=peak_gpu_bytes arm=granite_moe.off_q6krows vs=granite_moe.s3_rope arm_median=1728069632 reference_median=1707655168 delta=20414464 limit=34153103 within=true
bound metric=ms_per_token arm=granite_moe.off_q6krows vs=granite_moe.s4_kvplace arm_median=6.6990 reference_median=6.6695 delta=0.0295 limit=0.1334 within=true
bound metric=prefill_ms arm=granite_moe.off_q6krows vs=granite_moe.s4_kvplace arm_median=265.0330 reference_median=265.9825 delta=-0.9495 limit=5.3197 within=true
bound metric=ttft_ms arm=granite_moe.off_q6krows vs=granite_moe.s4_kvplace arm_median=265.0000 reference_median=266.0000 delta=-1.0000 limit=5.3200 within=true
bound metric=peak_rss_bytes arm=granite_moe.off_q6krows vs=granite_moe.s4_kvplace arm_median=1992687616 reference_median=1877999616 delta=114688000 limit=37559992 within=false
bound metric=peak_footprint_bytes arm=granite_moe.off_q6krows vs=granite_moe.s4_kvplace arm_median=367809728 reference_median=367219776 delta=589952 limit=7344396 within=true
bound metric=peak_gpu_bytes arm=granite_moe.off_q6krows vs=granite_moe.s4_kvplace arm_median=1728069632 reference_median=1728069632 delta=0 limit=34561393 within=true
bound metric=ms_per_token arm=granite_moe.off_q6krows vs=granite_moe.s5_e2bdecode arm_median=6.6990 reference_median=6.6620 delta=0.0370 limit=0.1332 within=true
bound metric=prefill_ms arm=granite_moe.off_q6krows vs=granite_moe.s5_e2bdecode arm_median=265.0330 reference_median=265.0550 delta=-0.0220 limit=5.3011 within=true
bound metric=ttft_ms arm=granite_moe.off_q6krows vs=granite_moe.s5_e2bdecode arm_median=265.0000 reference_median=265.0000 delta=0.0000 limit=5.3000 within=true
bound metric=peak_rss_bytes arm=granite_moe.off_q6krows vs=granite_moe.s5_e2bdecode arm_median=1992687616 reference_median=1986838528 delta=5849088 limit=39736771 within=true
bound metric=peak_footprint_bytes arm=granite_moe.off_q6krows vs=granite_moe.s5_e2bdecode arm_median=367809728 reference_median=366433728 delta=1376000 limit=7328675 within=true
bound metric=peak_gpu_bytes arm=granite_moe.off_q6krows vs=granite_moe.s5_e2bdecode arm_median=1728069632 reference_median=1728069632 delta=0 limit=34561393 within=true
bound metric=ms_per_token arm=granite_moe.off_q6krows vs=granite_moe.s6_granitehost arm_median=6.6990 reference_median=6.6815 delta=0.0175 limit=0.1336 within=true
bound metric=prefill_ms arm=granite_moe.off_q6krows vs=granite_moe.s6_granitehost arm_median=265.0330 reference_median=265.0440 delta=-0.0110 limit=5.3009 within=true
bound metric=ttft_ms arm=granite_moe.off_q6krows vs=granite_moe.s6_granitehost arm_median=265.0000 reference_median=265.0000 delta=0.0000 limit=5.3000 within=true
bound metric=peak_rss_bytes arm=granite_moe.off_q6krows vs=granite_moe.s6_granitehost arm_median=1992687616 reference_median=1987837952 delta=4849664 limit=39756759 within=true
bound metric=peak_footprint_bytes arm=granite_moe.off_q6krows vs=granite_moe.s6_granitehost arm_median=367809728 reference_median=366351488 delta=1458240 limit=7327030 within=true
bound metric=peak_gpu_bytes arm=granite_moe.off_q6krows vs=granite_moe.s6_granitehost arm_median=1728069632 reference_median=1728069632 delta=0 limit=34561393 within=true
bound metric=ms_per_token arm=granite_moe.off_q6krows vs=granite_moe.tip arm_median=6.6990 reference_median=6.6630 delta=0.0360 limit=0.1333 within=true
bound metric=prefill_ms arm=granite_moe.off_q6krows vs=granite_moe.tip arm_median=265.0330 reference_median=265.9810 delta=-0.9480 limit=5.3196 within=true
bound metric=ttft_ms arm=granite_moe.off_q6krows vs=granite_moe.tip arm_median=265.0000 reference_median=266.0000 delta=-1.0000 limit=5.3200 within=true
bound metric=peak_rss_bytes arm=granite_moe.off_q6krows vs=granite_moe.tip arm_median=1992687616 reference_median=1981464576 delta=11223040 limit=39629292 within=true
bound metric=peak_footprint_bytes arm=granite_moe.off_q6krows vs=granite_moe.tip arm_median=367809728 reference_median=365483392 delta=2326336 limit=7309668 within=true
bound metric=peak_gpu_bytes arm=granite_moe.off_q6krows vs=granite_moe.tip arm_median=1728069632 reference_median=1728069632 delta=0 limit=34561393 within=true
bound metric=ms_per_token arm=granite_moe.off_q6krows vs=granite_moe.off_combine arm_median=6.6990 reference_median=6.6925 delta=0.0065 limit=0.1338 within=true
bound metric=prefill_ms arm=granite_moe.off_q6krows vs=granite_moe.off_combine arm_median=265.0330 reference_median=350.9950 delta=-85.9620 limit=7.0199 within=true
bound metric=ttft_ms arm=granite_moe.off_q6krows vs=granite_moe.off_combine arm_median=265.0000 reference_median=351.0000 delta=-86.0000 limit=7.0200 within=true
bound metric=peak_rss_bytes arm=granite_moe.off_q6krows vs=granite_moe.off_combine arm_median=1992687616 reference_median=1987395584 delta=5292032 limit=39747912 within=true
bound metric=peak_footprint_bytes arm=granite_moe.off_q6krows vs=granite_moe.off_combine arm_median=367809728 reference_median=365614656 delta=2195072 limit=7312293 within=true
bound metric=peak_gpu_bytes arm=granite_moe.off_q6krows vs=granite_moe.off_combine arm_median=1728069632 reference_median=1728069632 delta=0 limit=34561393 within=true
bound metric=ms_per_token arm=granite_moe.off_q6krows vs=granite_moe.off_rope arm_median=6.6990 reference_median=6.6840 delta=0.0150 limit=0.1337 within=true
bound metric=prefill_ms arm=granite_moe.off_q6krows vs=granite_moe.off_rope arm_median=265.0330 reference_median=266.0130 delta=-0.9800 limit=5.3203 within=true
bound metric=ttft_ms arm=granite_moe.off_q6krows vs=granite_moe.off_rope arm_median=265.0000 reference_median=266.0000 delta=-1.0000 limit=5.3200 within=true
bound metric=peak_rss_bytes arm=granite_moe.off_q6krows vs=granite_moe.off_rope arm_median=1992687616 reference_median=1903230976 delta=89456640 limit=38064620 within=false
bound metric=peak_footprint_bytes arm=granite_moe.off_q6krows vs=granite_moe.off_rope arm_median=367809728 reference_median=366564544 delta=1245184 limit=7331291 within=true
bound metric=peak_gpu_bytes arm=granite_moe.off_q6krows vs=granite_moe.off_rope arm_median=1728069632 reference_median=1728069632 delta=0 limit=34561393 within=true
bound metric=ms_per_token arm=granite_moe.off_q6krows vs=granite_moe.off_bcastwidth arm_median=6.6990 reference_median=6.6750 delta=0.0240 limit=0.1335 within=true
bound metric=prefill_ms arm=granite_moe.off_q6krows vs=granite_moe.off_bcastwidth arm_median=265.0330 reference_median=265.9770 delta=-0.9440 limit=5.3195 within=true
bound metric=ttft_ms arm=granite_moe.off_q6krows vs=granite_moe.off_bcastwidth arm_median=265.0000 reference_median=266.0000 delta=-1.0000 limit=5.3200 within=true
bound metric=peak_rss_bytes arm=granite_moe.off_q6krows vs=granite_moe.off_bcastwidth arm_median=1992687616 reference_median=1879310336 delta=113377280 limit=37586207 within=false
bound metric=peak_footprint_bytes arm=granite_moe.off_q6krows vs=granite_moe.off_bcastwidth arm_median=367809728 reference_median=368284864 delta=-475136 limit=7365697 within=true
bound metric=peak_gpu_bytes arm=granite_moe.off_q6krows vs=granite_moe.off_bcastwidth arm_median=1728069632 reference_median=1728069632 delta=0 limit=34561393 within=true
bound metric=ms_per_token arm=granite_moe.off_q6krows vs=granite_moe.off_simdfold arm_median=6.6990 reference_median=6.7230 delta=-0.0240 limit=0.1345 within=true
bound metric=prefill_ms arm=granite_moe.off_q6krows vs=granite_moe.off_simdfold arm_median=265.0330 reference_median=266.0230 delta=-0.9900 limit=5.3205 within=true
bound metric=ttft_ms arm=granite_moe.off_q6krows vs=granite_moe.off_simdfold arm_median=265.0000 reference_median=266.0000 delta=-1.0000 limit=5.3200 within=true
bound metric=peak_rss_bytes arm=granite_moe.off_q6krows vs=granite_moe.off_simdfold arm_median=1992687616 reference_median=1989066752 delta=3620864 limit=39781335 within=true
bound metric=peak_footprint_bytes arm=granite_moe.off_q6krows vs=granite_moe.off_simdfold arm_median=367809728 reference_median=366548736 delta=1260992 limit=7330975 within=true
bound metric=peak_gpu_bytes arm=granite_moe.off_q6krows vs=granite_moe.off_simdfold arm_median=1728069632 reference_median=1728069632 delta=0 limit=34561393 within=true
