index,step,chunk_index,node,class,kind,entry,grid_threads,operand_codecs,extents
0,0,1,3,constant,constant,omega_constant_r0_v421cc471,1,,[]
1,0,1,5,constant,constant,omega_constant_r0_v3a2aaaab,1,,[]
2,0,1,7,constant,constant,omega_constant_r0_v3f800000,1,,[]
3,0,1,11,constant,constant,omega_constant_r0_v41800000,1,,[]
4,0,1,4,elementwise fused_identity_o0__multiply_s0_o1_g10,elementwise,omega_elementwise_r2_n2_fused_identity_o0__multiply_s0_o1_g10,1491456,Q6K|unpacked,[971, 1536]
5,0,1,16,constant,constant,omega_constant_r0_v3cd105eb,1,,[]
6,0,1,19,constant,constant,omega_constant_r0_v3b800000,1,,[]
7,0,1,21,constant,constant,omega_constant_r0_v3b800000,1,,[]
8,0,1,25,iota,iota,omega_iota_r1,971,,[971]
9,0,1,26,iota,iota,omega_iota_r1,971,,[971]
10,0,1,29,constant,constant,omega_constant_r0_v43ff8000,1,,[]
11,0,1,32,constant,constant,omega_constant_r0_vff800000,1,,[]
12,0,1,33,constant,constant,omega_constant_r0_v3b000000,1,,[]
13,0,1,41,iota,iota,omega_iota_r1,971,,[971]
14,0,1,42,iota,iota,omega_iota_r1,512,,[512]
15,0,1,43,elementwise add,elementwise,omega_elementwise_r1_n2_add,971,unpacked|unpacked,[971]
16,0,1,45,constant,constant,omega_constant_r0_v3f800000,1,,[]
17,0,1,48,constant,constant,omega_constant_r0_vff800000,1,,[]
18,0,1,50,constant,constant,omega_constant_r0_v43ff8000,1,,[]
19,0,1,17,matvec Float16,keep::reduce fold,omega_reduce_r3_o2_n2_multiply_add_zero_epi1_fused_identity_o1__multiply_s0_o0,2227240960,unpacked|Float16,[971, 1536, 8960]
20,0,1,12,elementwise fused_identity_o0__multiply_s0_o1_g10,elementwise,omega_elementwise_r2_n2_fused_identity_o0__multiply_s0_o1_g10,8700160,Q6K|unpacked,[971, 8960]
21,0,1,64,identity copy,elementwise,omega_elementwise_r2_n1_identity,248576,unpacked,[971, 256]
22,0,1,75,constant,constant,omega_constant_r0_v3f3504f3,1,,[]
23,0,1,93,RMSNorm sumsq + fused epilogue,keep::reduce fold,omega_reduce_r2_o1_n2_multiply_add_zero_epi4_fused_identity_o4__multiply_s0_o3__add_s1_o2__square_root_s2__reciprocal_s3__multiply_s4_o1__multiply_s5_o0,248576,unpacked|unpacked,[971, 1536]
24,0,1,95,matvec Q4_0,keep::reduce fold,omega_reduce_r4_o3_n2_multiply_add_zero,126976,Q4_0|unpacked,[971, 8, 256, 1536]
25,0,1,97,RMSNorm sumsq,keep::reduce fold,omega_reduce_r3_o2_n2_multiply_add_zero,497152,unpacked|unpacked,[971, 8, 256]
26,0,1,105,matvec Q4_0,keep::reduce fold,omega_reduce_r4_o3_n2_multiply_add_zero,15872,Q4_0|unpacked,[971, 1, 256, 1536]
27,0,1,107,RMSNorm sumsq,keep::reduce fold,omega_reduce_r3_o2_n2_multiply_add_zero,62144,unpacked|unpacked,[971, 1, 256]
28,0,1,113,norm apply,elementwise,omega_elementwise_r3_n5_fused_multiply_o3_o4__add_s0_o2__square_root_s1__reciprocal_s2__multiply_s3_o1__multiply_s4_o0,248576,unpacked|unpacked|unpacked|unpacked|unpacked,[971, 1, 256]
29,0,1,119,RoPE,elementwise,omega_elementwise_r3_n4_fused_multiply_o0_o1__multiply_o2_o3__add_s0_s1,124288,unpacked|unpacked|unpacked|unpacked,[971, 1, 128]
30,0,1,116,RoPE,elementwise,omega_elementwise_r3_n4_fused_multiply_o0_o1__multiply_o2_o3__subtract_s0_s1,124288,unpacked|unpacked|unpacked|unpacked,[971, 1, 128]
31,0,1,121,matvec Q4_0,keep::reduce fold,omega_reduce_r4_o3_n2_multiply_add_zero,15872,Q4_0|unpacked,[971, 1, 256, 1536]
32,0,1,123,RMSNorm sumsq,keep::reduce fold,omega_reduce_r3_o2_n2_multiply_add_zero,62144,unpacked|unpacked,[971, 1, 256]
33,0,1,128,norm apply,elementwise,omega_elementwise_r3_n4_fused_multiply_o2_o3__add_s0_o1__square_root_s1__reciprocal_s2__multiply_s3_o0,248576,unpacked|unpacked|unpacked|unpacked,[971, 1, 256]
34,0,1,103,norm apply,elementwise,omega_elementwise_r3_n5_fused_multiply_o3_o4__add_s0_o2__square_root_s1__reciprocal_s2__multiply_s3_o1__multiply_s4_o0,1988608,unpacked|unpacked|unpacked|unpacked|unpacked,[971, 8, 256]
35,0,1,131,RoPE,elementwise,omega_elementwise_r3_n4_fused_multiply_o0_o1__multiply_o2_o3__subtract_s0_s1,994304,unpacked|unpacked|unpacked|unpacked,[971, 8, 128]
36,0,1,134,RoPE,elementwise,omega_elementwise_r3_n4_fused_multiply_o0_o1__multiply_o2_o3__add_s0_s1,994304,unpacked|unpacked|unpacked|unpacked,[971, 8, 128]
37,0,1,135,identity copy,elementwise,omega_elementwise_r4_n1_identity,994304,unpacked,[971, 1, 8, 128]
38,0,1,136,identity copy,elementwise,omega_elementwise_r4_n1_identity,994304,unpacked,[971, 1, 8, 128]
39,0,1,140,attention dot,keep::reduce fold,omega_reduce_r5_o4_n2_multiply_add_zero,31744,unpacked|unpacked,[971, 512, 1, 8, 128]
40,0,1,52,elementwise fused_subtract_o1_o2__subtract_s0_o3__greater_o0_s1__subtract_o4_o5__greater_s3_o6__maximum_s2_s4,elementwise,omega_elementwise_r2_n7_fused_subtract_o1_o2__subtract_s0_o3__greater_o0_s1__subtract_o4_o5__greater_s3_o6__maximum_s2_s4,497152,unpacked|unpacked|unpacked|unpacked|unpacked|unpacked|unpacked,[971, 512]
41,0,1,147,attention dot,keep::reduce fold,omega_reduce_r5_o4_n2_multiply_add_zero,63488,unpacked|unpacked,[971, 971, 1, 8, 128]
42,0,1,31,elementwise fused_greater_o0_o1__subtract_o2_o3__greater_s1_o4__maximum_s0_s2,elementwise,omega_elementwise_r2_n5_fused_greater_o0_o1__subtract_o2_o3__greater_s1_o4__maximum_s0_s2,942841,unpacked|unpacked|unpacked|unpacked|unpacked,[971, 971]
43,0,1,143,attention dot,keep::reduce fold,omega_reduce_r5_o4_n2_multiply_add_zero_epi3_fused_identity_o3__add_s0_o2__select_o0_o1_s1,31744,unpacked|unpacked,[971, 512, 1, 8, 128]
44,0,1,150,attention dot,keep::reduce fold,omega_reduce_r5_o4_n2_multiply_add_zero_epi3_fused_identity_o3__add_s0_o2__select_o0_o1_s1,63488,unpacked|unpacked,[971, 971, 1, 8, 128]
45,0,1,152,softmax max,keep::reduce fold,omega_reduce_r4_o3_n1_identity_maximum_negative_infinity,1988608,unpacked,[971, 971, 1, 8]
46,0,1,153,softmax max,keep::reduce fold,omega_reduce_r4_o3_n1_identity_maximum_negative_infinity_epi1_fused_identity_o1__maximum_s0_o0,994304,unpacked,[971, 512, 1, 8]
47,0,1,155,softmax exp,elementwise,omega_elementwise_r4_n2_fused_subtract_o0_o1__exponential_s0,3977216,unpacked|unpacked,[971, 512, 1, 8]
48,0,1,158,softmax sum,keep::reduce fold,omega_reduce_r4_o3_n1_identity_add_zero,994304,unpacked,[971, 512, 1, 8]
49,0,1,157,softmax exp,elementwise,omega_elementwise_r4_n2_fused_subtract_o0_o1__exponential_s0,7542728,unpacked|unpacked,[971, 971, 1, 8]
50,0,1,159,softmax sum,keep::reduce fold,omega_reduce_r4_o3_n1_identity_add_zero,1988608,unpacked,[971, 971, 1, 8]
51,0,1,163,attention AV,keep::reduce fold,omega_reduce_r5_o4_n2_multiply_add_zero,15872,unpacked|unpacked,[971, 512, 1, 8, 256]
52,0,1,165,attention AV,keep::reduce fold,omega_reduce_r5_o4_n2_multiply_add_zero,15872,unpacked|unpacked,[971, 971, 1, 8, 256]
53,0,1,167,RoPE,elementwise,omega_elementwise_r4_n4_fused_add_o0_o1__reciprocal_s0__add_o2_o3__multiply_s1_s2,1988608,unpacked|unpacked|unpacked|unpacked,[971, 1, 8, 256]
54,0,1,169,matvec Q4_0,keep::reduce fold,omega_reduce_r5_o2_n2_multiply_add_zero,95232,Q4_0|unpacked,[971, 1, 8, 256, 1536]
55,0,1,171,RMSNorm sumsq,keep::reduce fold,omega_reduce_r2_o1_n2_multiply_add_zero,248576,unpacked|unpacked,[971, 1536]
56,0,1,178,norm apply,elementwise,omega_elementwise_r2_n6_fused_multiply_o4_o5__add_s0_o3__square_root_s1__reciprocal_s2__multiply_s3_o2__multiply_s4_o1__add_s5_o0,1491456,unpacked|unpacked|unpacked|unpacked|unpacked|unpacked,[971, 1536]
57,0,1,186,RMSNorm sumsq + fused epilogue,keep::reduce fold,omega_reduce_r2_o1_n2_multiply_add_zero_epi4_fused_identity_o4__multiply_s0_o3__add_s1_o2__square_root_s2__reciprocal_s3__multiply_s4_o1__multiply_s5_o0,248576,unpacked|unpacked,[971, 1536]
58,0,1,191,matvec Q4_0,keep::reduce fold,omega_reduce_r3_o2_n2_multiply_add_zero,380928,unpacked|Q4_0,[971, 1536, 6144]
59,0,1,194,constant,constant,omega_constant_r0_v3f000000,1,,[]
60,0,1,195,constant,constant,omega_constant_r0_v3d372713,1,,[]
61,0,1,196,constant,constant,omega_constant_r0_v3f4c422a,1,,[]
62,0,1,206,matvec Q4_0,keep::reduce fold,omega_reduce_r3_o2_n2_multiply_add_zero_epi9_fused_identity_o9__multiply_o5_o6__multiply_s1_o4__multiply_s2_o3__add_s3_o2__multiply_s4_o1__tanh_s5__add_s6_o0__multiply_o7_o8__multiply_s7_s8__multiply_s0_s9,380928,unpacked|Q4_0,[971, 1536, 6144]
63,0,1,208,matvec Q4_0,keep::reduce fold,omega_reduce_r3_o2_n2_multiply_add_zero,95232,Q4_0|unpacked,[971, 6144, 1536]
64,0,1,211,RMSNorm sumsq,keep::reduce fold,omega_reduce_r2_o1_n2_multiply_add_zero,248576,unpacked|unpacked,[971, 1536]
65,0,1,218,norm apply,elementwise,omega_elementwise_r2_n6_fused_multiply_o4_o5__add_s0_o3__square_root_s1__reciprocal_s2__multiply_s3_o2__multiply_s4_o1__add_s5_o0,1491456,unpacked|unpacked|unpacked|unpacked|unpacked|unpacked,[971, 1536]
66,0,1,221,matvec Q4_0,keep::reduce fold,omega_reduce_r3_o2_n2_multiply_add_zero,15872,unpacked|Q4_0,[971, 1536, 256]
67,0,1,222,constant,constant,omega_constant_r0_v3f000000,1,,[]
68,0,1,223,constant,constant,omega_constant_r0_v3d372713,1,,[]
69,0,1,224,constant,constant,omega_constant_r0_v3f4c422a,1,,[]
70,0,1,234,RMSNorm sumsq + fused epilogue,keep::reduce fold,omega_reduce_r2_o1_n2_multiply_add_zero_epi15_fused_identity_o15__identity_o0__multiply_s0_o4__add_s2_o3__square_root_s3__reciprocal_s4__multiply_s5_o2__multiply_s6_o1__add_s1_s7__multiply_s8_o5__multiply_o11_o12__multiply_s10_o10__multiply_s11_o9__add_s12_o8__multiply_s13_o7__tanh_s14__add_s15_o6__multiply_o13_o14__multiply_s16_s17__multiply_s9_s18,62144,unpacked|unpacked,[971, 256]
71,0,1,237,matvec Q4_0,keep::reduce fold,omega_reduce_r3_o2_n2_multiply_add_zero,95232,unpacked|Q4_0,[971, 256, 1536]
72,0,1,240,RMSNorm sumsq,keep::reduce fold,omega_reduce_r2_o1_n2_multiply_add_zero,248576,unpacked|unpacked,[971, 1536]
73,0,1,253,identity copy,elementwise,omega_elementwise_r2_n1_identity,248576,unpacked,[971, 256]
74,0,1,264,constant,constant,omega_constant_r0_v3f3504f3,1,,[]
75,0,1,249,norm apply,elementwise,omega_elementwise_r2_n7_fused_multiply_o4_o5__add_s0_o3__square_root_s1__reciprocal_s2__multiply_s3_o2__multiply_s4_o1__add_s5_o0__multiply_s6_o6,1491456,unpacked|unpacked|unpacked|unpacked|unpacked|unpacked|unpacked,[971, 1536]
76,0,1,282,RMSNorm sumsq + fused epilogue,keep::reduce fold,omega_reduce_r2_o1_n2_multiply_add_zero_epi4_fused_identity_o4__multiply_s0_o3__add_s1_o2__square_root_s2__reciprocal_s3__multiply_s4_o1__multiply_s5_o0,248576,unpacked|unpacked,[971, 1536]
77,0,1,284,matvec Q4_0,keep::reduce fold,omega_reduce_r4_o3_n2_multiply_add_zero,126976,Q4_0|unpacked,[971, 8, 256, 1536]
78,0,1,286,RMSNorm sumsq,keep::reduce fold,omega_reduce_r3_o2_n2_multiply_add_zero,497152,unpacked|unpacked,[971, 8, 256]
79,0,1,294,matvec Q4_0,keep::reduce fold,omega_reduce_r4_o3_n2_multiply_add_zero,15872,Q4_0|unpacked,[971, 1, 256, 1536]
80,0,1,296,RMSNorm sumsq,keep::reduce fold,omega_reduce_r3_o2_n2_multiply_add_zero,62144,unpacked|unpacked,[971, 1, 256]
81,0,1,302,norm apply,elementwise,omega_elementwise_r3_n5_fused_multiply_o3_o4__add_s0_o2__square_root_s1__reciprocal_s2__multiply_s3_o1__multiply_s4_o0,248576,unpacked|unpacked|unpacked|unpacked|unpacked,[971, 1, 256]
82,0,1,308,RoPE,elementwise,omega_elementwise_r3_n4_fused_multiply_o0_o1__multiply_o2_o3__add_s0_s1,124288,unpacked|unpacked|unpacked|unpacked,[971, 1, 128]
83,0,1,305,RoPE,elementwise,omega_elementwise_r3_n4_fused_multiply_o0_o1__multiply_o2_o3__subtract_s0_s1,124288,unpacked|unpacked|unpacked|unpacked,[971, 1, 128]
84,0,1,310,matvec Q4_0,keep::reduce fold,omega_reduce_r4_o3_n2_multiply_add_zero,15872,Q4_0|unpacked,[971, 1, 256, 1536]
85,0,1,312,RMSNorm sumsq,keep::reduce fold,omega_reduce_r3_o2_n2_multiply_add_zero,62144,unpacked|unpacked,[971, 1, 256]
86,0,1,317,norm apply,elementwise,omega_elementwise_r3_n4_fused_multiply_o2_o3__add_s0_o1__square_root_s1__reciprocal_s2__multiply_s3_o0,248576,unpacked|unpacked|unpacked|unpacked,[971, 1, 256]
87,0,1,292,norm apply,elementwise,omega_elementwise_r3_n5_fused_multiply_o3_o4__add_s0_o2__square_root_s1__reciprocal_s2__multiply_s3_o1__multiply_s4_o0,1988608,unpacked|unpacked|unpacked|unpacked|unpacked,[971, 8, 256]
88,0,1,320,RoPE,elementwise,omega_elementwise_r3_n4_fused_multiply_o0_o1__multiply_o2_o3__subtract_s0_s1,994304,unpacked|unpacked|unpacked|unpacked,[971, 8, 128]
89,0,1,323,RoPE,elementwise,omega_elementwise_r3_n4_fused_multiply_o0_o1__multiply_o2_o3__add_s0_s1,994304,unpacked|unpacked|unpacked|unpacked,[971, 8, 128]
90,0,1,324,identity copy,elementwise,omega_elementwise_r4_n1_identity,994304,unpacked,[971, 1, 8, 128]
91,0,1,325,identity copy,elementwise,omega_elementwise_r4_n1_identity,994304,unpacked,[971, 1, 8, 128]
92,0,1,329,attention dot,keep::reduce fold,omega_reduce_r5_o4_n2_multiply_add_zero,31744,unpacked|unpacked,[971, 512, 1, 8, 128]
93,0,1,336,attention dot,keep::reduce fold,omega_reduce_r5_o4_n2_multiply_add_zero,63488,unpacked|unpacked,[971, 971, 1, 8, 128]
94,0,1,332,attention dot,keep::reduce fold,omega_reduce_r5_o4_n2_multiply_add_zero_epi3_fused_identity_o3__add_s0_o2__select_o0_o1_s1,31744,unpacked|unpacked,[971, 512, 1, 8, 128]
95,0,1,339,attention dot,keep::reduce fold,omega_reduce_r5_o4_n2_multiply_add_zero_epi3_fused_identity_o3__add_s0_o2__select_o0_o1_s1,63488,unpacked|unpacked,[971, 971, 1, 8, 128]
96,0,1,341,softmax max,keep::reduce fold,omega_reduce_r4_o3_n1_identity_maximum_negative_infinity,1988608,unpacked,[971, 971, 1, 8]
97,0,1,342,softmax max,keep::reduce fold,omega_reduce_r4_o3_n1_identity_maximum_negative_infinity_epi1_fused_identity_o1__maximum_s0_o0,994304,unpacked,[971, 512, 1, 8]
98,0,1,344,softmax exp,elementwise,omega_elementwise_r4_n2_fused_subtract_o0_o1__exponential_s0,3977216,unpacked|unpacked,[971, 512, 1, 8]
99,0,1,347,softmax sum,keep::reduce fold,omega_reduce_r4_o3_n1_identity_add_zero,994304,unpacked,[971, 512, 1, 8]
100,0,1,346,softmax exp,elementwise,omega_elementwise_r4_n2_fused_subtract_o0_o1__exponential_s0,7542728,unpacked|unpacked,[971, 971, 1, 8]
101,0,1,348,softmax sum,keep::reduce fold,omega_reduce_r4_o3_n1_identity_add_zero,1988608,unpacked,[971, 971, 1, 8]
102,0,1,352,attention AV,keep::reduce fold,omega_reduce_r5_o4_n2_multiply_add_zero,15872,unpacked|unpacked,[971, 512, 1, 8, 256]
103,0,1,354,attention AV,keep::reduce fold,omega_reduce_r5_o4_n2_multiply_add_zero,15872,unpacked|unpacked,[971, 971, 1, 8, 256]
104,0,1,356,RoPE,elementwise,omega_elementwise_r4_n4_fused_add_o0_o1__reciprocal_s0__add_o2_o3__multiply_s1_s2,1988608,unpacked|unpacked|unpacked|unpacked,[971, 1, 8, 256]
105,0,1,358,matvec Q4_0,keep::reduce fold,omega_reduce_r5_o2_n2_multiply_add_zero,95232,Q4_0|unpacked,[971, 1, 8, 256, 1536]
106,0,1,360,RMSNorm sumsq,keep::reduce fold,omega_reduce_r2_o1_n2_multiply_add_zero,248576,unpacked|unpacked,[971, 1536]
107,0,1,367,norm apply,elementwise,omega_elementwise_r2_n6_fused_multiply_o4_o5__add_s0_o3__square_root_s1__reciprocal_s2__multiply_s3_o2__multiply_s4_o1__add_s5_o0,1491456,unpacked|unpacked|unpacked|unpacked|unpacked|unpacked,[971, 1536]
108,0,1,375,RMSNorm sumsq + fused epilogue,keep::reduce fold,omega_reduce_r2_o1_n2_multiply_add_zero_epi4_fused_identity_o4__multiply_s0_o3__add_s1_o2__square_root_s2__reciprocal_s3__multiply_s4_o1__multiply_s5_o0,248576,unpacked|unpacked,[971, 1536]
109,0,1,380,matvec Q4_0,keep::reduce fold,omega_reduce_r3_o2_n2_multiply_add_zero,380928,unpacked|Q4_0,[971, 1536, 6144]
110,0,1,383,constant,constant,omega_constant_r0_v3f000000,1,,[]
111,0,1,384,constant,constant,omega_constant_r0_v3d372713,1,,[]
112,0,1,385,constant,constant,omega_constant_r0_v3f4c422a,1,,[]
113,0,1,395,matvec Q4_0,keep::reduce fold,omega_reduce_r3_o2_n2_multiply_add_zero_epi9_fused_identity_o9__multiply_o5_o6__multiply_s1_o4__multiply_s2_o3__add_s3_o2__multiply_s4_o1__tanh_s5__add_s6_o0__multiply_o7_o8__multiply_s7_s8__multiply_s0_s9,380928,unpacked|Q4_0,[971, 1536, 6144]
114,0,1,397,matvec Q4_0,keep::reduce fold,omega_reduce_r3_o2_n2_multiply_add_zero,95232,Q4_0|unpacked,[971, 6144, 1536]
115,0,1,400,RMSNorm sumsq,keep::reduce fold,omega_reduce_r2_o1_n2_multiply_add_zero,248576,unpacked|unpacked,[971, 1536]
116,0,1,407,norm apply,elementwise,omega_elementwise_r2_n6_fused_multiply_o4_o5__add_s0_o3__square_root_s1__reciprocal_s2__multiply_s3_o2__multiply_s4_o1__add_s5_o0,1491456,unpacked|unpacked|unpacked|unpacked|unpacked|unpacked,[971, 1536]
117,0,1,410,matvec Q4_0,keep::reduce fold,omega_reduce_r3_o2_n2_multiply_add_zero,15872,unpacked|Q4_0,[971, 1536, 256]
118,0,1,411,constant,constant,omega_constant_r0_v3f000000,1,,[]
119,0,1,412,constant,constant,omega_constant_r0_v3d372713,1,,[]
120,0,1,413,constant,constant,omega_constant_r0_v3f4c422a,1,,[]
121,0,1,423,RMSNorm sumsq + fused epilogue,keep::reduce fold,omega_reduce_r2_o1_n2_multiply_add_zero_epi15_fused_identity_o15__identity_o0__multiply_s0_o4__add_s2_o3__square_root_s3__reciprocal_s4__multiply_s5_o2__multiply_s6_o1__add_s1_s7__multiply_s8_o5__multiply_o11_o12__multiply_s10_o10__multiply_s11_o9__add_s12_o8__multiply_s13_o7__tanh_s14__add_s15_o6__multiply_o13_o14__multiply_s16_s17__multiply_s9_s18,62144,unpacked|unpacked,[971, 256]
122,0,1,426,matvec Q4_0,keep::reduce fold,omega_reduce_r3_o2_n2_multiply_add_zero,95232,unpacked|Q4_0,[971, 256, 1536]
123,0,1,429,RMSNorm sumsq,keep::reduce fold,omega_reduce_r2_o1_n2_multiply_add_zero,248576,unpacked|unpacked,[971, 1536]
124,0,1,442,identity copy,elementwise,omega_elementwise_r2_n1_identity,248576,unpacked,[971, 256]
125,0,1,453,constant,constant,omega_constant_r0_v3f3504f3,1,,[]
126,0,1,438,norm apply,elementwise,omega_elementwise_r2_n7_fused_multiply_o4_o5__add_s0_o3__square_root_s1__reciprocal_s2__multiply_s3_o2__multiply_s4_o1__add_s5_o0__multiply_s6_o6,1491456,unpacked|unpacked|unpacked|unpacked|unpacked|unpacked|unpacked,[971, 1536]
127,0,1,471,RMSNorm sumsq + fused epilogue,keep::reduce fold,omega_reduce_r2_o1_n2_multiply_add_zero_epi4_fused_identity_o4__multiply_s0_o3__add_s1_o2__square_root_s2__reciprocal_s3__multiply_s4_o1__multiply_s5_o0,248576,unpacked|unpacked,[971, 1536]
128,0,1,473,matvec Q4_0,keep::reduce fold,omega_reduce_r4_o3_n2_multiply_add_zero,126976,Q4_0|unpacked,[971, 8, 256, 1536]
129,0,1,475,RMSNorm sumsq,keep::reduce fold,omega_reduce_r3_o2_n2_multiply_add_zero,497152,unpacked|unpacked,[971, 8, 256]
130,0,1,483,matvec Q4_0,keep::reduce fold,omega_reduce_r4_o3_n2_multiply_add_zero,15872,Q4_0|unpacked,[971, 1, 256, 1536]
131,0,1,485,RMSNorm sumsq,keep::reduce fold,omega_reduce_r3_o2_n2_multiply_add_zero,62144,unpacked|unpacked,[971, 1, 256]
132,0,1,491,norm apply,elementwise,omega_elementwise_r3_n5_fused_multiply_o3_o4__add_s0_o2__square_root_s1__reciprocal_s2__multiply_s3_o1__multiply_s4_o0,248576,unpacked|unpacked|unpacked|unpacked|unpacked,[971, 1, 256]
133,0,1,497,RoPE,elementwise,omega_elementwise_r3_n4_fused_multiply_o0_o1__multiply_o2_o3__add_s0_s1,124288,unpacked|unpacked|unpacked|unpacked,[971, 1, 128]
134,0,1,494,RoPE,elementwise,omega_elementwise_r3_n4_fused_multiply_o0_o1__multiply_o2_o3__subtract_s0_s1,124288,unpacked|unpacked|unpacked|unpacked,[971, 1, 128]
135,0,1,499,matvec Q4_0,keep::reduce fold,omega_reduce_r4_o3_n2_multiply_add_zero,15872,Q4_0|unpacked,[971, 1, 256, 1536]
136,0,1,501,RMSNorm sumsq,keep::reduce fold,omega_reduce_r3_o2_n2_multiply_add_zero,62144,unpacked|unpacked,[971, 1, 256]
137,0,1,506,norm apply,elementwise,omega_elementwise_r3_n4_fused_multiply_o2_o3__add_s0_o1__square_root_s1__reciprocal_s2__multiply_s3_o0,248576,unpacked|unpacked|unpacked|unpacked,[971, 1, 256]
138,0,1,481,norm apply,elementwise,omega_elementwise_r3_n5_fused_multiply_o3_o4__add_s0_o2__square_root_s1__reciprocal_s2__multiply_s3_o1__multiply_s4_o0,1988608,unpacked|unpacked|unpacked|unpacked|unpacked,[971, 8, 256]
139,0,1,509,RoPE,elementwise,omega_elementwise_r3_n4_fused_multiply_o0_o1__multiply_o2_o3__subtract_s0_s1,994304,unpacked|unpacked|unpacked|unpacked,[971, 8, 128]
140,0,1,512,RoPE,elementwise,omega_elementwise_r3_n4_fused_multiply_o0_o1__multiply_o2_o3__add_s0_s1,994304,unpacked|unpacked|unpacked|unpacked,[971, 8, 128]
141,0,1,513,identity copy,elementwise,omega_elementwise_r4_n1_identity,994304,unpacked,[971, 1, 8, 128]
142,0,1,514,identity copy,elementwise,omega_elementwise_r4_n1_identity,994304,unpacked,[971, 1, 8, 128]
143,0,1,518,attention dot,keep::reduce fold,omega_reduce_r5_o4_n2_multiply_add_zero,31744,unpacked|unpacked,[971, 512, 1, 8, 128]
144,0,1,525,attention dot,keep::reduce fold,omega_reduce_r5_o4_n2_multiply_add_zero,63488,unpacked|unpacked,[971, 971, 1, 8, 128]
145,0,1,521,attention dot,keep::reduce fold,omega_reduce_r5_o4_n2_multiply_add_zero_epi3_fused_identity_o3__add_s0_o2__select_o0_o1_s1,31744,unpacked|unpacked,[971, 512, 1, 8, 128]
146,0,1,528,attention dot,keep::reduce fold,omega_reduce_r5_o4_n2_multiply_add_zero_epi3_fused_identity_o3__add_s0_o2__select_o0_o1_s1,63488,unpacked|unpacked,[971, 971, 1, 8, 128]
147,0,1,530,softmax max,keep::reduce fold,omega_reduce_r4_o3_n1_identity_maximum_negative_infinity,1988608,unpacked,[971, 971, 1, 8]
148,0,1,531,softmax max,keep::reduce fold,omega_reduce_r4_o3_n1_identity_maximum_negative_infinity_epi1_fused_identity_o1__maximum_s0_o0,994304,unpacked,[971, 512, 1, 8]
149,0,1,533,softmax exp,elementwise,omega_elementwise_r4_n2_fused_subtract_o0_o1__exponential_s0,3977216,unpacked|unpacked,[971, 512, 1, 8]
150,0,1,536,softmax sum,keep::reduce fold,omega_reduce_r4_o3_n1_identity_add_zero,994304,unpacked,[971, 512, 1, 8]
151,0,1,535,softmax exp,elementwise,omega_elementwise_r4_n2_fused_subtract_o0_o1__exponential_s0,7542728,unpacked|unpacked,[971, 971, 1, 8]
152,0,1,537,softmax sum,keep::reduce fold,omega_reduce_r4_o3_n1_identity_add_zero,1988608,unpacked,[971, 971, 1, 8]
153,0,1,541,attention AV,keep::reduce fold,omega_reduce_r5_o4_n2_multiply_add_zero,15872,unpacked|unpacked,[971, 512, 1, 8, 256]
154,0,1,543,attention AV,keep::reduce fold,omega_reduce_r5_o4_n2_multiply_add_zero,15872,unpacked|unpacked,[971, 971, 1, 8, 256]
155,0,1,545,RoPE,elementwise,omega_elementwise_r4_n4_fused_add_o0_o1__reciprocal_s0__add_o2_o3__multiply_s1_s2,1988608,unpacked|unpacked|unpacked|unpacked,[971, 1, 8, 256]
156,0,1,547,matvec Q4_0,keep::reduce fold,omega_reduce_r5_o2_n2_multiply_add_zero,95232,Q4_0|unpacked,[971, 1, 8, 256, 1536]
157,0,1,549,RMSNorm sumsq,keep::reduce fold,omega_reduce_r2_o1_n2_multiply_add_zero,248576,unpacked|unpacked,[971, 1536]
158,0,1,556,norm apply,elementwise,omega_elementwise_r2_n6_fused_multiply_o4_o5__add_s0_o3__square_root_s1__reciprocal_s2__multiply_s3_o2__multiply_s4_o1__add_s5_o0,1491456,unpacked|unpacked|unpacked|unpacked|unpacked|unpacked,[971, 1536]
159,0,1,564,RMSNorm sumsq + fused epilogue,keep::reduce fold,omega_reduce_r2_o1_n2_multiply_add_zero_epi4_fused_identity_o4__multiply_s0_o3__add_s1_o2__square_root_s2__reciprocal_s3__multiply_s4_o1__multiply_s5_o0,248576,unpacked|unpacked,[971, 1536]
160,0,1,569,matvec Q4_0,keep::reduce fold,omega_reduce_r3_o2_n2_multiply_add_zero,380928,unpacked|Q4_0,[971, 1536, 6144]
161,0,1,572,constant,constant,omega_constant_r0_v3f000000,1,,[]
162,0,1,573,constant,constant,omega_constant_r0_v3d372713,1,,[]
163,0,1,574,constant,constant,omega_constant_r0_v3f4c422a,1,,[]
164,0,1,584,matvec Q4_0,keep::reduce fold,omega_reduce_r3_o2_n2_multiply_add_zero_epi9_fused_identity_o9__multiply_o5_o6__multiply_s1_o4__multiply_s2_o3__add_s3_o2__multiply_s4_o1__tanh_s5__add_s6_o0__multiply_o7_o8__multiply_s7_s8__multiply_s0_s9,380928,unpacked|Q4_0,[971, 1536, 6144]
165,0,1,586,matvec Q4_0,keep::reduce fold,omega_reduce_r3_o2_n2_multiply_add_zero,95232,Q4_0|unpacked,[971, 6144, 1536]
166,0,1,589,RMSNorm sumsq,keep::reduce fold,omega_reduce_r2_o1_n2_multiply_add_zero,248576,unpacked|unpacked,[971, 1536]
167,0,1,596,norm apply,elementwise,omega_elementwise_r2_n6_fused_multiply_o4_o5__add_s0_o3__square_root_s1__reciprocal_s2__multiply_s3_o2__multiply_s4_o1__add_s5_o0,1491456,unpacked|unpacked|unpacked|unpacked|unpacked|unpacked,[971, 1536]
168,0,1,599,matvec Q4_0,keep::reduce fold,omega_reduce_r3_o2_n2_multiply_add_zero,15872,unpacked|Q4_0,[971, 1536, 256]
169,0,1,600,constant,constant,omega_constant_r0_v3f000000,1,,[]
170,0,1,601,constant,constant,omega_constant_r0_v3d372713,1,,[]
171,0,1,602,constant,constant,omega_constant_r0_v3f4c422a,1,,[]
172,0,1,612,RMSNorm sumsq + fused epilogue,keep::reduce fold,omega_reduce_r2_o1_n2_multiply_add_zero_epi15_fused_identity_o15__identity_o0__multiply_s0_o4__add_s2_o3__square_root_s3__reciprocal_s4__multiply_s5_o2__multiply_s6_o1__add_s1_s7__multiply_s8_o5__multiply_o11_o12__multiply_s10_o10__multiply_s11_o9__add_s12_o8__multiply_s13_o7__tanh_s14__add_s15_o6__multiply_o13_o14__multiply_s16_s17__multiply_s9_s18,62144,unpacked|unpacked,[971, 256]
173,0,1,615,matvec Q4_0,keep::reduce fold,omega_reduce_r3_o2_n2_multiply_add_zero,95232,unpacked|Q4_0,[971, 256, 1536]
174,0,1,618,RMSNorm sumsq,keep::reduce fold,omega_reduce_r2_o1_n2_multiply_add_zero,248576,unpacked|unpacked,[971, 1536]
175,0,1,631,identity copy,elementwise,omega_elementwise_r2_n1_identity,248576,unpacked,[971, 256]
176,0,1,642,constant,constant,omega_constant_r0_v3f3504f3,1,,[]
177,0,1,627,norm apply,elementwise,omega_elementwise_r2_n7_fused_multiply_o4_o5__add_s0_o3__square_root_s1__reciprocal_s2__multiply_s3_o2__multiply_s4_o1__add_s5_o0__multiply_s6_o6,1491456,unpacked|unpacked|unpacked|unpacked|unpacked|unpacked|unpacked,[971, 1536]
178,0,1,660,RMSNorm sumsq + fused epilogue,keep::reduce fold,omega_reduce_r2_o1_n2_multiply_add_zero_epi4_fused_identity_o4__multiply_s0_o3__add_s1_o2__square_root_s2__reciprocal_s3__multiply_s4_o1__multiply_s5_o0,248576,unpacked|unpacked,[971, 1536]
179,0,1,662,matvec Q4_0,keep::reduce fold,omega_reduce_r4_o3_n2_multiply_add_zero,126976,Q4_0|unpacked,[971, 8, 256, 1536]
180,0,1,664,RMSNorm sumsq,keep::reduce fold,omega_reduce_r3_o2_n2_multiply_add_zero,497152,unpacked|unpacked,[971, 8, 256]
181,0,1,672,matvec Q4_0,keep::reduce fold,omega_reduce_r4_o3_n2_multiply_add_zero,15872,Q4_0|unpacked,[971, 1, 256, 1536]
182,0,1,674,RMSNorm sumsq,keep::reduce fold,omega_reduce_r3_o2_n2_multiply_add_zero,62144,unpacked|unpacked,[971, 1, 256]
183,0,1,680,norm apply,elementwise,omega_elementwise_r3_n5_fused_multiply_o3_o4__add_s0_o2__square_root_s1__reciprocal_s2__multiply_s3_o1__multiply_s4_o0,248576,unpacked|unpacked|unpacked|unpacked|unpacked,[971, 1, 256]
184,0,1,686,RoPE,elementwise,omega_elementwise_r3_n4_fused_multiply_o0_o1__multiply_o2_o3__add_s0_s1,124288,unpacked|unpacked|unpacked|unpacked,[971, 1, 128]
185,0,1,683,RoPE,elementwise,omega_elementwise_r3_n4_fused_multiply_o0_o1__multiply_o2_o3__subtract_s0_s1,124288,unpacked|unpacked|unpacked|unpacked,[971, 1, 128]
186,0,1,688,matvec Q4_0,keep::reduce fold,omega_reduce_r4_o3_n2_multiply_add_zero,15872,Q4_0|unpacked,[971, 1, 256, 1536]
187,0,1,690,RMSNorm sumsq,keep::reduce fold,omega_reduce_r3_o2_n2_multiply_add_zero,62144,unpacked|unpacked,[971, 1, 256]
188,0,1,695,norm apply,elementwise,omega_elementwise_r3_n4_fused_multiply_o2_o3__add_s0_o1__square_root_s1__reciprocal_s2__multiply_s3_o0,248576,unpacked|unpacked|unpacked|unpacked,[971, 1, 256]
189,0,1,670,norm apply,elementwise,omega_elementwise_r3_n5_fused_multiply_o3_o4__add_s0_o2__square_root_s1__reciprocal_s2__multiply_s3_o1__multiply_s4_o0,1988608,unpacked|unpacked|unpacked|unpacked|unpacked,[971, 8, 256]
190,0,1,698,RoPE,elementwise,omega_elementwise_r3_n4_fused_multiply_o0_o1__multiply_o2_o3__subtract_s0_s1,994304,unpacked|unpacked|unpacked|unpacked,[971, 8, 128]
191,0,1,701,RoPE,elementwise,omega_elementwise_r3_n4_fused_multiply_o0_o1__multiply_o2_o3__add_s0_s1,994304,unpacked|unpacked|unpacked|unpacked,[971, 8, 128]
192,0,1,702,identity copy,elementwise,omega_elementwise_r4_n1_identity,994304,unpacked,[971, 1, 8, 128]
193,0,1,703,identity copy,elementwise,omega_elementwise_r4_n1_identity,994304,unpacked,[971, 1, 8, 128]
194,0,1,707,attention dot,keep::reduce fold,omega_reduce_r5_o4_n2_multiply_add_zero,31744,unpacked|unpacked,[971, 512, 1, 8, 128]
195,0,1,714,attention dot,keep::reduce fold,omega_reduce_r5_o4_n2_multiply_add_zero,63488,unpacked|unpacked,[971, 971, 1, 8, 128]
196,0,1,710,attention dot,keep::reduce fold,omega_reduce_r5_o4_n2_multiply_add_zero_epi3_fused_identity_o3__add_s0_o2__select_o0_o1_s1,31744,unpacked|unpacked,[971, 512, 1, 8, 128]
197,0,1,717,attention dot,keep::reduce fold,omega_reduce_r5_o4_n2_multiply_add_zero_epi3_fused_identity_o3__add_s0_o2__select_o0_o1_s1,63488,unpacked|unpacked,[971, 971, 1, 8, 128]
198,0,1,719,softmax max,keep::reduce fold,omega_reduce_r4_o3_n1_identity_maximum_negative_infinity,1988608,unpacked,[971, 971, 1, 8]
199,0,1,720,softmax max,keep::reduce fold,omega_reduce_r4_o3_n1_identity_maximum_negative_infinity_epi1_fused_identity_o1__maximum_s0_o0,994304,unpacked,[971, 512, 1, 8]
200,0,1,722,softmax exp,elementwise,omega_elementwise_r4_n2_fused_subtract_o0_o1__exponential_s0,3977216,unpacked|unpacked,[971, 512, 1, 8]
201,0,1,725,softmax sum,keep::reduce fold,omega_reduce_r4_o3_n1_identity_add_zero,994304,unpacked,[971, 512, 1, 8]
202,0,1,724,softmax exp,elementwise,omega_elementwise_r4_n2_fused_subtract_o0_o1__exponential_s0,7542728,unpacked|unpacked,[971, 971, 1, 8]
203,0,1,726,softmax sum,keep::reduce fold,omega_reduce_r4_o3_n1_identity_add_zero,1988608,unpacked,[971, 971, 1, 8]
204,0,1,730,attention AV,keep::reduce fold,omega_reduce_r5_o4_n2_multiply_add_zero,15872,unpacked|unpacked,[971, 512, 1, 8, 256]
205,0,1,732,attention AV,keep::reduce fold,omega_reduce_r5_o4_n2_multiply_add_zero,15872,unpacked|unpacked,[971, 971, 1, 8, 256]
206,0,1,734,RoPE,elementwise,omega_elementwise_r4_n4_fused_add_o0_o1__reciprocal_s0__add_o2_o3__multiply_s1_s2,1988608,unpacked|unpacked|unpacked|unpacked,[971, 1, 8, 256]
207,0,1,736,matvec Q4_0,keep::reduce fold,omega_reduce_r5_o2_n2_multiply_add_zero,95232,Q4_0|unpacked,[971, 1, 8, 256, 1536]
208,0,1,738,RMSNorm sumsq,keep::reduce fold,omega_reduce_r2_o1_n2_multiply_add_zero,248576,unpacked|unpacked,[971, 1536]
209,0,1,745,norm apply,elementwise,omega_elementwise_r2_n6_fused_multiply_o4_o5__add_s0_o3__square_root_s1__reciprocal_s2__multiply_s3_o2__multiply_s4_o1__add_s5_o0,1491456,unpacked|unpacked|unpacked|unpacked|unpacked|unpacked,[971, 1536]
210,0,1,753,RMSNorm sumsq + fused epilogue,keep::reduce fold,omega_reduce_r2_o1_n2_multiply_add_zero_epi4_fused_identity_o4__multiply_s0_o3__add_s1_o2__square_root_s2__reciprocal_s3__multiply_s4_o1__multiply_s5_o0,248576,unpacked|unpacked,[971, 1536]
211,0,1,758,matvec Q4_0,keep::reduce fold,omega_reduce_r3_o2_n2_multiply_add_zero,380928,unpacked|Q4_0,[971, 1536, 6144]
212,0,1,761,constant,constant,omega_constant_r0_v3f000000,1,,[]
213,0,1,762,constant,constant,omega_constant_r0_v3d372713,1,,[]
214,0,1,763,constant,constant,omega_constant_r0_v3f4c422a,1,,[]
215,0,1,773,matvec Q4_0,keep::reduce fold,omega_reduce_r3_o2_n2_multiply_add_zero_epi9_fused_identity_o9__multiply_o5_o6__multiply_s1_o4__multiply_s2_o3__add_s3_o2__multiply_s4_o1__tanh_s5__add_s6_o0__multiply_o7_o8__multiply_s7_s8__multiply_s0_s9,380928,unpacked|Q4_0,[971, 1536, 6144]
216,0,1,775,matvec Q4_0,keep::reduce fold,omega_reduce_r3_o2_n2_multiply_add_zero,95232,Q4_0|unpacked,[971, 6144, 1536]
217,0,1,778,RMSNorm sumsq,keep::reduce fold,omega_reduce_r2_o1_n2_multiply_add_zero,248576,unpacked|unpacked,[971, 1536]
218,0,1,785,norm apply,elementwise,omega_elementwise_r2_n6_fused_multiply_o4_o5__add_s0_o3__square_root_s1__reciprocal_s2__multiply_s3_o2__multiply_s4_o1__add_s5_o0,1491456,unpacked|unpacked|unpacked|unpacked|unpacked|unpacked,[971, 1536]
219,0,1,788,matvec Q4_0,keep::reduce fold,omega_reduce_r3_o2_n2_multiply_add_zero,15872,unpacked|Q4_0,[971, 1536, 256]
220,0,1,789,constant,constant,omega_constant_r0_v3f000000,1,,[]
221,0,1,790,constant,constant,omega_constant_r0_v3d372713,1,,[]
222,0,1,791,constant,constant,omega_constant_r0_v3f4c422a,1,,[]
223,0,1,801,RMSNorm sumsq + fused epilogue,keep::reduce fold,omega_reduce_r2_o1_n2_multiply_add_zero_epi15_fused_identity_o15__identity_o0__multiply_s0_o4__add_s2_o3__square_root_s3__reciprocal_s4__multiply_s5_o2__multiply_s6_o1__add_s1_s7__multiply_s8_o5__multiply_o11_o12__multiply_s10_o10__multiply_s11_o9__add_s12_o8__multiply_s13_o7__tanh_s14__add_s15_o6__multiply_o13_o14__multiply_s16_s17__multiply_s9_s18,62144,unpacked|unpacked,[971, 256]
224,0,1,804,matvec Q4_0,keep::reduce fold,omega_reduce_r3_o2_n2_multiply_add_zero,95232,unpacked|Q4_0,[971, 256, 1536]
225,0,1,807,RMSNorm sumsq,keep::reduce fold,omega_reduce_r2_o1_n2_multiply_add_zero,248576,unpacked|unpacked,[971, 1536]
226,0,1,820,identity copy,elementwise,omega_elementwise_r2_n1_identity,248576,unpacked,[971, 256]
227,0,1,831,constant,constant,omega_constant_r0_v3f3504f3,1,,[]
228,0,1,816,norm apply,elementwise,omega_elementwise_r2_n7_fused_multiply_o4_o5__add_s0_o3__square_root_s1__reciprocal_s2__multiply_s3_o2__multiply_s4_o1__add_s5_o0__multiply_s6_o6,1491456,unpacked|unpacked|unpacked|unpacked|unpacked|unpacked|unpacked,[971, 1536]
229,0,1,849,RMSNorm sumsq + fused epilogue,keep::reduce fold,omega_reduce_r2_o1_n2_multiply_add_zero_epi4_fused_identity_o4__multiply_s0_o3__add_s1_o2__square_root_s2__reciprocal_s3__multiply_s4_o1__multiply_s5_o0,248576,unpacked|unpacked,[971, 1536]
230,0,1,851,matvec Q4_0,keep::reduce fold,omega_reduce_r4_o3_n2_multiply_add_zero,253952,Q4_0|unpacked,[971, 8, 512, 1536]
231,0,1,853,RMSNorm sumsq,keep::reduce fold,omega_reduce_r3_o2_n2_multiply_add_zero,994304,unpacked|unpacked,[971, 8, 512]
232,0,1,861,matvec Q4_0,keep::reduce fold,omega_reduce_r4_o3_n2_multiply_add_zero,31744,Q4_0|unpacked,[971, 1, 512, 1536]
233,0,1,863,RMSNorm sumsq,keep::reduce fold,omega_reduce_r3_o2_n2_multiply_add_zero,124288,unpacked|unpacked,[971, 1, 512]
234,0,1,869,norm apply,elementwise,omega_elementwise_r3_n5_fused_multiply_o3_o4__add_s0_o2__square_root_s1__reciprocal_s2__multiply_s3_o1__multiply_s4_o0,497152,unpacked|unpacked|unpacked|unpacked|unpacked,[971, 1, 512]
235,0,1,875,RoPE,elementwise,omega_elementwise_r3_n4_fused_multiply_o0_o1__multiply_o2_o3__add_s0_s1,248576,unpacked|unpacked|unpacked|unpacked,[971, 1, 256]
236,0,1,872,RoPE,elementwise,omega_elementwise_r3_n4_fused_multiply_o0_o1__multiply_o2_o3__subtract_s0_s1,248576,unpacked|unpacked|unpacked|unpacked,[971, 1, 256]
237,0,1,877,matvec Q4_0,keep::reduce fold,omega_reduce_r4_o3_n2_multiply_add_zero,31744,Q4_0|unpacked,[971, 1, 512, 1536]
238,0,1,879,RMSNorm sumsq,keep::reduce fold,omega_reduce_r3_o2_n2_multiply_add_zero,124288,unpacked|unpacked,[971, 1, 512]
239,0,1,884,norm apply,elementwise,omega_elementwise_r3_n4_fused_multiply_o2_o3__add_s0_o1__square_root_s1__reciprocal_s2__multiply_s3_o0,497152,unpacked|unpacked|unpacked|unpacked,[971, 1, 512]
240,0,1,859,norm apply,elementwise,omega_elementwise_r3_n5_fused_multiply_o3_o4__add_s0_o2__square_root_s1__reciprocal_s2__multiply_s3_o1__multiply_s4_o0,3977216,unpacked|unpacked|unpacked|unpacked|unpacked,[971, 8, 512]
241,0,1,887,RoPE,elementwise,omega_elementwise_r3_n4_fused_multiply_o0_o1__multiply_o2_o3__subtract_s0_s1,1988608,unpacked|unpacked|unpacked|unpacked,[971, 8, 256]
242,0,1,890,RoPE,elementwise,omega_elementwise_r3_n4_fused_multiply_o0_o1__multiply_o2_o3__add_s0_s1,1988608,unpacked|unpacked|unpacked|unpacked,[971, 8, 256]
243,0,1,923,cached attention partial,cached_attention,omega_cached_attention_q971_c992_n971_h1_g8_d512_s3f800000_ln9223372036854775808_up0_cb,248576,unpacked|unpacked|unpacked|unpacked|unpacked|unpacked|unpacked|unpacked|unpacked,[971, 1, 8, 512]
244,0,1,925,matvec Q4_0,keep::reduce fold,omega_reduce_r5_o2_n2_multiply_add_zero,95232,Q4_0|unpacked,[971, 1, 8, 512, 1536]
245,0,1,927,RMSNorm sumsq,keep::reduce fold,omega_reduce_r2_o1_n2_multiply_add_zero,248576,unpacked|unpacked,[971, 1536]
246,0,1,934,norm apply,elementwise,omega_elementwise_r2_n6_fused_multiply_o4_o5__add_s0_o3__square_root_s1__reciprocal_s2__multiply_s3_o2__multiply_s4_o1__add_s5_o0,1491456,unpacked|unpacked|unpacked|unpacked|unpacked|unpacked,[971, 1536]
247,0,1,942,RMSNorm sumsq + fused epilogue,keep::reduce fold,omega_reduce_r2_o1_n2_multiply_add_zero_epi4_fused_identity_o4__multiply_s0_o3__add_s1_o2__square_root_s2__reciprocal_s3__multiply_s4_o1__multiply_s5_o0,248576,unpacked|unpacked,[971, 1536]
248,0,1,947,matvec Q4_0,keep::reduce fold,omega_reduce_r3_o2_n2_multiply_add_zero,380928,unpacked|Q4_0,[971, 1536, 6144]
249,0,1,950,constant,constant,omega_constant_r0_v3f000000,1,,[]
250,0,1,951,constant,constant,omega_constant_r0_v3d372713,1,,[]
251,0,1,952,constant,constant,omega_constant_r0_v3f4c422a,1,,[]
252,0,1,962,matvec Q4_0,keep::reduce fold,omega_reduce_r3_o2_n2_multiply_add_zero_epi9_fused_identity_o9__multiply_o5_o6__multiply_s1_o4__multiply_s2_o3__add_s3_o2__multiply_s4_o1__tanh_s5__add_s6_o0__multiply_o7_o8__multiply_s7_s8__multiply_s0_s9,380928,unpacked|Q4_0,[971, 1536, 6144]
253,0,1,964,matvec Q4_0,keep::reduce fold,omega_reduce_r3_o2_n2_multiply_add_zero,95232,Q4_0|unpacked,[971, 6144, 1536]
254,0,1,967,RMSNorm sumsq,keep::reduce fold,omega_reduce_r2_o1_n2_multiply_add_zero,248576,unpacked|unpacked,[971, 1536]
255,0,1,974,norm apply,elementwise,omega_elementwise_r2_n6_fused_multiply_o4_o5__add_s0_o3__square_root_s1__reciprocal_s2__multiply_s3_o2__multiply_s4_o1__add_s5_o0,1491456,unpacked|unpacked|unpacked|unpacked|unpacked|unpacked,[971, 1536]
256,0,1,977,matvec Q4_0,keep::reduce fold,omega_reduce_r3_o2_n2_multiply_add_zero,15872,unpacked|Q4_0,[971, 1536, 256]
257,0,1,978,constant,constant,omega_constant_r0_v3f000000,1,,[]
258,0,1,979,constant,constant,omega_constant_r0_v3d372713,1,,[]
259,0,1,980,constant,constant,omega_constant_r0_v3f4c422a,1,,[]
260,0,1,990,RMSNorm sumsq + fused epilogue,keep::reduce fold,omega_reduce_r2_o1_n2_multiply_add_zero_epi15_fused_identity_o15__identity_o0__multiply_s0_o4__add_s2_o3__square_root_s3__reciprocal_s4__multiply_s5_o2__multiply_s6_o1__add_s1_s7__multiply_s8_o5__multiply_o11_o12__multiply_s10_o10__multiply_s11_o9__add_s12_o8__multiply_s13_o7__tanh_s14__add_s15_o6__multiply_o13_o14__multiply_s16_s17__multiply_s9_s18,62144,unpacked|unpacked,[971, 256]
261,0,1,993,matvec Q4_0,keep::reduce fold,omega_reduce_r3_o2_n2_multiply_add_zero,95232,unpacked|Q4_0,[971, 256, 1536]
262,0,1,996,RMSNorm sumsq,keep::reduce fold,omega_reduce_r2_o1_n2_multiply_add_zero,248576,unpacked|unpacked,[971, 1536]
263,0,1,1009,identity copy,elementwise,omega_elementwise_r2_n1_identity,248576,unpacked,[971, 256]
264,0,1,1020,constant,constant,omega_constant_r0_v3f3504f3,1,,[]
265,0,1,1005,norm apply,elementwise,omega_elementwise_r2_n7_fused_multiply_o4_o5__add_s0_o3__square_root_s1__reciprocal_s2__multiply_s3_o2__multiply_s4_o1__add_s5_o0__multiply_s6_o6,1491456,unpacked|unpacked|unpacked|unpacked|unpacked|unpacked|unpacked,[971, 1536]
266,0,1,1038,RMSNorm sumsq + fused epilogue,keep::reduce fold,omega_reduce_r2_o1_n2_multiply_add_zero_epi4_fused_identity_o4__multiply_s0_o3__add_s1_o2__square_root_s2__reciprocal_s3__multiply_s4_o1__multiply_s5_o0,248576,unpacked|unpacked,[971, 1536]
267,0,1,1040,matvec Q4_0,keep::reduce fold,omega_reduce_r4_o3_n2_multiply_add_zero,126976,Q4_0|unpacked,[971, 8, 256, 1536]
268,0,1,1042,RMSNorm sumsq,keep::reduce fold,omega_reduce_r3_o2_n2_multiply_add_zero,497152,unpacked|unpacked,[971, 8, 256]
269,0,1,1050,matvec Q4_0,keep::reduce fold,omega_reduce_r4_o3_n2_multiply_add_zero,15872,Q4_0|unpacked,[971, 1, 256, 1536]
270,0,1,1052,RMSNorm sumsq,keep::reduce fold,omega_reduce_r3_o2_n2_multiply_add_zero,62144,unpacked|unpacked,[971, 1, 256]
271,0,1,1058,norm apply,elementwise,omega_elementwise_r3_n5_fused_multiply_o3_o4__add_s0_o2__square_root_s1__reciprocal_s2__multiply_s3_o1__multiply_s4_o0,248576,unpacked|unpacked|unpacked|unpacked|unpacked,[971, 1, 256]
272,0,1,1064,RoPE,elementwise,omega_elementwise_r3_n4_fused_multiply_o0_o1__multiply_o2_o3__add_s0_s1,124288,unpacked|unpacked|unpacked|unpacked,[971, 1, 128]
273,0,1,1061,RoPE,elementwise,omega_elementwise_r3_n4_fused_multiply_o0_o1__multiply_o2_o3__subtract_s0_s1,124288,unpacked|unpacked|unpacked|unpacked,[971, 1, 128]
274,0,1,1066,matvec Q4_0,keep::reduce fold,omega_reduce_r4_o3_n2_multiply_add_zero,15872,Q4_0|unpacked,[971, 1, 256, 1536]
275,0,1,1068,RMSNorm sumsq,keep::reduce fold,omega_reduce_r3_o2_n2_multiply_add_zero,62144,unpacked|unpacked,[971, 1, 256]
276,0,1,1073,norm apply,elementwise,omega_elementwise_r3_n4_fused_multiply_o2_o3__add_s0_o1__square_root_s1__reciprocal_s2__multiply_s3_o0,248576,unpacked|unpacked|unpacked|unpacked,[971, 1, 256]
277,0,1,1048,norm apply,elementwise,omega_elementwise_r3_n5_fused_multiply_o3_o4__add_s0_o2__square_root_s1__reciprocal_s2__multiply_s3_o1__multiply_s4_o0,1988608,unpacked|unpacked|unpacked|unpacked|unpacked,[971, 8, 256]
278,0,1,1076,RoPE,elementwise,omega_elementwise_r3_n4_fused_multiply_o0_o1__multiply_o2_o3__subtract_s0_s1,994304,unpacked|unpacked|unpacked|unpacked,[971, 8, 128]
279,0,1,1079,RoPE,elementwise,omega_elementwise_r3_n4_fused_multiply_o0_o1__multiply_o2_o3__add_s0_s1,994304,unpacked|unpacked|unpacked|unpacked,[971, 8, 128]
280,0,1,1080,identity copy,elementwise,omega_elementwise_r4_n1_identity,994304,unpacked,[971, 1, 8, 128]
281,0,1,1081,identity copy,elementwise,omega_elementwise_r4_n1_identity,994304,unpacked,[971, 1, 8, 128]
282,0,1,1085,attention dot,keep::reduce fold,omega_reduce_r5_o4_n2_multiply_add_zero,31744,unpacked|unpacked,[971, 512, 1, 8, 128]
283,0,1,1092,attention dot,keep::reduce fold,omega_reduce_r5_o4_n2_multiply_add_zero,63488,unpacked|unpacked,[971, 971, 1, 8, 128]
284,0,1,1088,attention dot,keep::reduce fold,omega_reduce_r5_o4_n2_multiply_add_zero_epi3_fused_identity_o3__add_s0_o2__select_o0_o1_s1,31744,unpacked|unpacked,[971, 512, 1, 8, 128]
285,0,1,1095,attention dot,keep::reduce fold,omega_reduce_r5_o4_n2_multiply_add_zero_epi3_fused_identity_o3__add_s0_o2__select_o0_o1_s1,63488,unpacked|unpacked,[971, 971, 1, 8, 128]
286,0,1,1097,softmax max,keep::reduce fold,omega_reduce_r4_o3_n1_identity_maximum_negative_infinity,1988608,unpacked,[971, 971, 1, 8]
287,0,1,1098,softmax max,keep::reduce fold,omega_reduce_r4_o3_n1_identity_maximum_negative_infinity_epi1_fused_identity_o1__maximum_s0_o0,994304,unpacked,[971, 512, 1, 8]
288,0,1,1100,softmax exp,elementwise,omega_elementwise_r4_n2_fused_subtract_o0_o1__exponential_s0,3977216,unpacked|unpacked,[971, 512, 1, 8]
289,0,1,1103,softmax sum,keep::reduce fold,omega_reduce_r4_o3_n1_identity_add_zero,994304,unpacked,[971, 512, 1, 8]
290,0,1,1102,softmax exp,elementwise,omega_elementwise_r4_n2_fused_subtract_o0_o1__exponential_s0,7542728,unpacked|unpacked,[971, 971, 1, 8]
291,0,1,1104,softmax sum,keep::reduce fold,omega_reduce_r4_o3_n1_identity_add_zero,1988608,unpacked,[971, 971, 1, 8]
292,0,1,1108,attention AV,keep::reduce fold,omega_reduce_r5_o4_n2_multiply_add_zero,15872,unpacked|unpacked,[971, 512, 1, 8, 256]
293,0,1,1110,attention AV,keep::reduce fold,omega_reduce_r5_o4_n2_multiply_add_zero,15872,unpacked|unpacked,[971, 971, 1, 8, 256]
294,0,1,1112,RoPE,elementwise,omega_elementwise_r4_n4_fused_add_o0_o1__reciprocal_s0__add_o2_o3__multiply_s1_s2,1988608,unpacked|unpacked|unpacked|unpacked,[971, 1, 8, 256]
295,0,1,1114,matvec Q4_0,keep::reduce fold,omega_reduce_r5_o2_n2_multiply_add_zero,95232,Q4_0|unpacked,[971, 1, 8, 256, 1536]
296,0,1,1116,RMSNorm sumsq,keep::reduce fold,omega_reduce_r2_o1_n2_multiply_add_zero,248576,unpacked|unpacked,[971, 1536]
297,0,1,1123,norm apply,elementwise,omega_elementwise_r2_n6_fused_multiply_o4_o5__add_s0_o3__square_root_s1__reciprocal_s2__multiply_s3_o2__multiply_s4_o1__add_s5_o0,1491456,unpacked|unpacked|unpacked|unpacked|unpacked|unpacked,[971, 1536]
298,0,1,1131,RMSNorm sumsq + fused epilogue,keep::reduce fold,omega_reduce_r2_o1_n2_multiply_add_zero_epi4_fused_identity_o4__multiply_s0_o3__add_s1_o2__square_root_s2__reciprocal_s3__multiply_s4_o1__multiply_s5_o0,248576,unpacked|unpacked,[971, 1536]
299,0,1,1136,matvec Q4_0,keep::reduce fold,omega_reduce_r3_o2_n2_multiply_add_zero,380928,unpacked|Q4_0,[971, 1536, 6144]
300,0,1,1139,constant,constant,omega_constant_r0_v3f000000,1,,[]
301,0,1,1140,constant,constant,omega_constant_r0_v3d372713,1,,[]
302,0,1,1141,constant,constant,omega_constant_r0_v3f4c422a,1,,[]
303,0,1,1151,matvec Q4_0,keep::reduce fold,omega_reduce_r3_o2_n2_multiply_add_zero_epi9_fused_identity_o9__multiply_o5_o6__multiply_s1_o4__multiply_s2_o3__add_s3_o2__multiply_s4_o1__tanh_s5__add_s6_o0__multiply_o7_o8__multiply_s7_s8__multiply_s0_s9,380928,unpacked|Q4_0,[971, 1536, 6144]
304,0,1,1153,matvec Q4_0,keep::reduce fold,omega_reduce_r3_o2_n2_multiply_add_zero,95232,Q4_0|unpacked,[971, 6144, 1536]
305,0,1,1156,RMSNorm sumsq,keep::reduce fold,omega_reduce_r2_o1_n2_multiply_add_zero,248576,unpacked|unpacked,[971, 1536]
306,0,1,1163,norm apply,elementwise,omega_elementwise_r2_n6_fused_multiply_o4_o5__add_s0_o3__square_root_s1__reciprocal_s2__multiply_s3_o2__multiply_s4_o1__add_s5_o0,1491456,unpacked|unpacked|unpacked|unpacked|unpacked|unpacked,[971, 1536]
307,0,1,1166,matvec Q4_0,keep::reduce fold,omega_reduce_r3_o2_n2_multiply_add_zero,15872,unpacked|Q4_0,[971, 1536, 256]
308,0,1,1167,constant,constant,omega_constant_r0_v3f000000,1,,[]
309,0,1,1168,constant,constant,omega_constant_r0_v3d372713,1,,[]
310,0,1,1169,constant,constant,omega_constant_r0_v3f4c422a,1,,[]
311,0,1,1179,RMSNorm sumsq + fused epilogue,keep::reduce fold,omega_reduce_r2_o1_n2_multiply_add_zero_epi15_fused_identity_o15__identity_o0__multiply_s0_o4__add_s2_o3__square_root_s3__reciprocal_s4__multiply_s5_o2__multiply_s6_o1__add_s1_s7__multiply_s8_o5__multiply_o11_o12__multiply_s10_o10__multiply_s11_o9__add_s12_o8__multiply_s13_o7__tanh_s14__add_s15_o6__multiply_o13_o14__multiply_s16_s17__multiply_s9_s18,62144,unpacked|unpacked,[971, 256]
312,0,1,1182,matvec Q4_0,keep::reduce fold,omega_reduce_r3_o2_n2_multiply_add_zero,95232,unpacked|Q4_0,[971, 256, 1536]
313,0,1,1185,RMSNorm sumsq,keep::reduce fold,omega_reduce_r2_o1_n2_multiply_add_zero,248576,unpacked|unpacked,[971, 1536]
314,0,1,1198,identity copy,elementwise,omega_elementwise_r2_n1_identity,248576,unpacked,[971, 256]
315,0,1,1209,constant,constant,omega_constant_r0_v3f3504f3,1,,[]
316,0,1,1194,norm apply,elementwise,omega_elementwise_r2_n7_fused_multiply_o4_o5__add_s0_o3__square_root_s1__reciprocal_s2__multiply_s3_o2__multiply_s4_o1__add_s5_o0__multiply_s6_o6,1491456,unpacked|unpacked|unpacked|unpacked|unpacked|unpacked|unpacked,[971, 1536]
317,0,1,1227,RMSNorm sumsq + fused epilogue,keep::reduce fold,omega_reduce_r2_o1_n2_multiply_add_zero_epi4_fused_identity_o4__multiply_s0_o3__add_s1_o2__square_root_s2__reciprocal_s3__multiply_s4_o1__multiply_s5_o0,248576,unpacked|unpacked,[971, 1536]
318,0,1,1229,matvec Q4_0,keep::reduce fold,omega_reduce_r4_o3_n2_multiply_add_zero,126976,Q4_0|unpacked,[971, 8, 256, 1536]
319,0,1,1231,RMSNorm sumsq,keep::reduce fold,omega_reduce_r3_o2_n2_multiply_add_zero,497152,unpacked|unpacked,[971, 8, 256]
320,0,1,1239,matvec Q4_0,keep::reduce fold,omega_reduce_r4_o3_n2_multiply_add_zero,15872,Q4_0|unpacked,[971, 1, 256, 1536]
321,0,1,1241,RMSNorm sumsq,keep::reduce fold,omega_reduce_r3_o2_n2_multiply_add_zero,62144,unpacked|unpacked,[971, 1, 256]
322,0,1,1247,norm apply,elementwise,omega_elementwise_r3_n5_fused_multiply_o3_o4__add_s0_o2__square_root_s1__reciprocal_s2__multiply_s3_o1__multiply_s4_o0,248576,unpacked|unpacked|unpacked|unpacked|unpacked,[971, 1, 256]
323,0,1,1253,RoPE,elementwise,omega_elementwise_r3_n4_fused_multiply_o0_o1__multiply_o2_o3__add_s0_s1,124288,unpacked|unpacked|unpacked|unpacked,[971, 1, 128]
324,0,1,1250,RoPE,elementwise,omega_elementwise_r3_n4_fused_multiply_o0_o1__multiply_o2_o3__subtract_s0_s1,124288,unpacked|unpacked|unpacked|unpacked,[971, 1, 128]
325,0,1,1255,matvec Q4_0,keep::reduce fold,omega_reduce_r4_o3_n2_multiply_add_zero,15872,Q4_0|unpacked,[971, 1, 256, 1536]
326,0,1,1257,RMSNorm sumsq,keep::reduce fold,omega_reduce_r3_o2_n2_multiply_add_zero,62144,unpacked|unpacked,[971, 1, 256]
327,0,1,1262,norm apply,elementwise,omega_elementwise_r3_n4_fused_multiply_o2_o3__add_s0_o1__square_root_s1__reciprocal_s2__multiply_s3_o0,248576,unpacked|unpacked|unpacked|unpacked,[971, 1, 256]
328,0,1,1237,norm apply,elementwise,omega_elementwise_r3_n5_fused_multiply_o3_o4__add_s0_o2__square_root_s1__reciprocal_s2__multiply_s3_o1__multiply_s4_o0,1988608,unpacked|unpacked|unpacked|unpacked|unpacked,[971, 8, 256]
329,0,1,1265,RoPE,elementwise,omega_elementwise_r3_n4_fused_multiply_o0_o1__multiply_o2_o3__subtract_s0_s1,994304,unpacked|unpacked|unpacked|unpacked,[971, 8, 128]
330,0,1,1268,RoPE,elementwise,omega_elementwise_r3_n4_fused_multiply_o0_o1__multiply_o2_o3__add_s0_s1,994304,unpacked|unpacked|unpacked|unpacked,[971, 8, 128]
331,0,1,1269,identity copy,elementwise,omega_elementwise_r4_n1_identity,994304,unpacked,[971, 1, 8, 128]
332,0,1,1270,identity copy,elementwise,omega_elementwise_r4_n1_identity,994304,unpacked,[971, 1, 8, 128]
333,0,1,1274,attention dot,keep::reduce fold,omega_reduce_r5_o4_n2_multiply_add_zero,31744,unpacked|unpacked,[971, 512, 1, 8, 128]
334,0,1,1281,attention dot,keep::reduce fold,omega_reduce_r5_o4_n2_multiply_add_zero,63488,unpacked|unpacked,[971, 971, 1, 8, 128]
335,0,1,1277,attention dot,keep::reduce fold,omega_reduce_r5_o4_n2_multiply_add_zero_epi3_fused_identity_o3__add_s0_o2__select_o0_o1_s1,31744,unpacked|unpacked,[971, 512, 1, 8, 128]
336,0,1,1284,attention dot,keep::reduce fold,omega_reduce_r5_o4_n2_multiply_add_zero_epi3_fused_identity_o3__add_s0_o2__select_o0_o1_s1,63488,unpacked|unpacked,[971, 971, 1, 8, 128]
337,0,1,1286,softmax max,keep::reduce fold,omega_reduce_r4_o3_n1_identity_maximum_negative_infinity,1988608,unpacked,[971, 971, 1, 8]
338,0,1,1287,softmax max,keep::reduce fold,omega_reduce_r4_o3_n1_identity_maximum_negative_infinity_epi1_fused_identity_o1__maximum_s0_o0,994304,unpacked,[971, 512, 1, 8]
339,0,1,1289,softmax exp,elementwise,omega_elementwise_r4_n2_fused_subtract_o0_o1__exponential_s0,3977216,unpacked|unpacked,[971, 512, 1, 8]
340,0,1,1292,softmax sum,keep::reduce fold,omega_reduce_r4_o3_n1_identity_add_zero,994304,unpacked,[971, 512, 1, 8]
341,0,1,1291,softmax exp,elementwise,omega_elementwise_r4_n2_fused_subtract_o0_o1__exponential_s0,7542728,unpacked|unpacked,[971, 971, 1, 8]
342,0,1,1293,softmax sum,keep::reduce fold,omega_reduce_r4_o3_n1_identity_add_zero,1988608,unpacked,[971, 971, 1, 8]
343,0,1,1297,attention AV,keep::reduce fold,omega_reduce_r5_o4_n2_multiply_add_zero,15872,unpacked|unpacked,[971, 512, 1, 8, 256]
344,0,1,1299,attention AV,keep::reduce fold,omega_reduce_r5_o4_n2_multiply_add_zero,15872,unpacked|unpacked,[971, 971, 1, 8, 256]
345,0,1,1301,RoPE,elementwise,omega_elementwise_r4_n4_fused_add_o0_o1__reciprocal_s0__add_o2_o3__multiply_s1_s2,1988608,unpacked|unpacked|unpacked|unpacked,[971, 1, 8, 256]
346,0,1,1303,matvec Q4_0,keep::reduce fold,omega_reduce_r5_o2_n2_multiply_add_zero,95232,Q4_0|unpacked,[971, 1, 8, 256, 1536]
347,0,1,1305,RMSNorm sumsq,keep::reduce fold,omega_reduce_r2_o1_n2_multiply_add_zero,248576,unpacked|unpacked,[971, 1536]
348,0,1,1312,norm apply,elementwise,omega_elementwise_r2_n6_fused_multiply_o4_o5__add_s0_o3__square_root_s1__reciprocal_s2__multiply_s3_o2__multiply_s4_o1__add_s5_o0,1491456,unpacked|unpacked|unpacked|unpacked|unpacked|unpacked,[971, 1536]
349,0,1,1320,RMSNorm sumsq + fused epilogue,keep::reduce fold,omega_reduce_r2_o1_n2_multiply_add_zero_epi4_fused_identity_o4__multiply_s0_o3__add_s1_o2__square_root_s2__reciprocal_s3__multiply_s4_o1__multiply_s5_o0,248576,unpacked|unpacked,[971, 1536]
350,0,1,1325,matvec Q4_0,keep::reduce fold,omega_reduce_r3_o2_n2_multiply_add_zero,380928,unpacked|Q4_0,[971, 1536, 6144]
351,0,1,1328,constant,constant,omega_constant_r0_v3f000000,1,,[]
352,0,1,1329,constant,constant,omega_constant_r0_v3d372713,1,,[]
353,0,1,1330,constant,constant,omega_constant_r0_v3f4c422a,1,,[]
354,0,1,1340,matvec Q4_0,keep::reduce fold,omega_reduce_r3_o2_n2_multiply_add_zero_epi9_fused_identity_o9__multiply_o5_o6__multiply_s1_o4__multiply_s2_o3__add_s3_o2__multiply_s4_o1__tanh_s5__add_s6_o0__multiply_o7_o8__multiply_s7_s8__multiply_s0_s9,380928,unpacked|Q4_0,[971, 1536, 6144]
355,0,1,1342,matvec Q4_0,keep::reduce fold,omega_reduce_r3_o2_n2_multiply_add_zero,95232,Q4_0|unpacked,[971, 6144, 1536]
356,0,1,1345,RMSNorm sumsq,keep::reduce fold,omega_reduce_r2_o1_n2_multiply_add_zero,248576,unpacked|unpacked,[971, 1536]
357,0,1,1352,norm apply,elementwise,omega_elementwise_r2_n6_fused_multiply_o4_o5__add_s0_o3__square_root_s1__reciprocal_s2__multiply_s3_o2__multiply_s4_o1__add_s5_o0,1491456,unpacked|unpacked|unpacked|unpacked|unpacked|unpacked,[971, 1536]
358,0,1,1355,matvec Q4_0,keep::reduce fold,omega_reduce_r3_o2_n2_multiply_add_zero,15872,unpacked|Q4_0,[971, 1536, 256]
359,0,1,1356,constant,constant,omega_constant_r0_v3f000000,1,,[]
360,0,1,1357,constant,constant,omega_constant_r0_v3d372713,1,,[]
361,0,1,1358,constant,constant,omega_constant_r0_v3f4c422a,1,,[]
362,0,1,1368,RMSNorm sumsq + fused epilogue,keep::reduce fold,omega_reduce_r2_o1_n2_multiply_add_zero_epi15_fused_identity_o15__identity_o0__multiply_s0_o4__add_s2_o3__square_root_s3__reciprocal_s4__multiply_s5_o2__multiply_s6_o1__add_s1_s7__multiply_s8_o5__multiply_o11_o12__multiply_s10_o10__multiply_s11_o9__add_s12_o8__multiply_s13_o7__tanh_s14__add_s15_o6__multiply_o13_o14__multiply_s16_s17__multiply_s9_s18,62144,unpacked|unpacked,[971, 256]
363,0,1,1371,matvec Q4_0,keep::reduce fold,omega_reduce_r3_o2_n2_multiply_add_zero,95232,unpacked|Q4_0,[971, 256, 1536]
364,0,1,1374,RMSNorm sumsq,keep::reduce fold,omega_reduce_r2_o1_n2_multiply_add_zero,248576,unpacked|unpacked,[971, 1536]
365,0,1,1387,identity copy,elementwise,omega_elementwise_r2_n1_identity,248576,unpacked,[971, 256]
366,0,1,1398,constant,constant,omega_constant_r0_v3f3504f3,1,,[]
367,0,1,1383,norm apply,elementwise,omega_elementwise_r2_n7_fused_multiply_o4_o5__add_s0_o3__square_root_s1__reciprocal_s2__multiply_s3_o2__multiply_s4_o1__add_s5_o0__multiply_s6_o6,1491456,unpacked|unpacked|unpacked|unpacked|unpacked|unpacked|unpacked,[971, 1536]
368,0,1,1416,RMSNorm sumsq + fused epilogue,keep::reduce fold,omega_reduce_r2_o1_n2_multiply_add_zero_epi4_fused_identity_o4__multiply_s0_o3__add_s1_o2__square_root_s2__reciprocal_s3__multiply_s4_o1__multiply_s5_o0,248576,unpacked|unpacked,[971, 1536]
369,0,1,1418,matvec Q4_0,keep::reduce fold,omega_reduce_r4_o3_n2_multiply_add_zero,126976,Q4_0|unpacked,[971, 8, 256, 1536]
370,0,1,1420,RMSNorm sumsq,keep::reduce fold,omega_reduce_r3_o2_n2_multiply_add_zero,497152,unpacked|unpacked,[971, 8, 256]
371,0,1,1428,matvec Q4_0,keep::reduce fold,omega_reduce_r4_o3_n2_multiply_add_zero,15872,Q4_0|unpacked,[971, 1, 256, 1536]
372,0,1,1430,RMSNorm sumsq,keep::reduce fold,omega_reduce_r3_o2_n2_multiply_add_zero,62144,unpacked|unpacked,[971, 1, 256]
373,0,1,1436,norm apply,elementwise,omega_elementwise_r3_n5_fused_multiply_o3_o4__add_s0_o2__square_root_s1__reciprocal_s2__multiply_s3_o1__multiply_s4_o0,248576,unpacked|unpacked|unpacked|unpacked|unpacked,[971, 1, 256]
374,0,1,1442,RoPE,elementwise,omega_elementwise_r3_n4_fused_multiply_o0_o1__multiply_o2_o3__add_s0_s1,124288,unpacked|unpacked|unpacked|unpacked,[971, 1, 128]
375,0,1,1439,RoPE,elementwise,omega_elementwise_r3_n4_fused_multiply_o0_o1__multiply_o2_o3__subtract_s0_s1,124288,unpacked|unpacked|unpacked|unpacked,[971, 1, 128]
376,0,1,1444,matvec Q4_0,keep::reduce fold,omega_reduce_r4_o3_n2_multiply_add_zero,15872,Q4_0|unpacked,[971, 1, 256, 1536]
377,0,1,1446,RMSNorm sumsq,keep::reduce fold,omega_reduce_r3_o2_n2_multiply_add_zero,62144,unpacked|unpacked,[971, 1, 256]
378,0,1,1451,norm apply,elementwise,omega_elementwise_r3_n4_fused_multiply_o2_o3__add_s0_o1__square_root_s1__reciprocal_s2__multiply_s3_o0,248576,unpacked|unpacked|unpacked|unpacked,[971, 1, 256]
379,0,1,1426,norm apply,elementwise,omega_elementwise_r3_n5_fused_multiply_o3_o4__add_s0_o2__square_root_s1__reciprocal_s2__multiply_s3_o1__multiply_s4_o0,1988608,unpacked|unpacked|unpacked|unpacked|unpacked,[971, 8, 256]
380,0,1,1454,RoPE,elementwise,omega_elementwise_r3_n4_fused_multiply_o0_o1__multiply_o2_o3__subtract_s0_s1,994304,unpacked|unpacked|unpacked|unpacked,[971, 8, 128]
381,0,1,1457,RoPE,elementwise,omega_elementwise_r3_n4_fused_multiply_o0_o1__multiply_o2_o3__add_s0_s1,994304,unpacked|unpacked|unpacked|unpacked,[971, 8, 128]
382,0,1,1458,identity copy,elementwise,omega_elementwise_r4_n1_identity,994304,unpacked,[971, 1, 8, 128]
383,0,1,1459,identity copy,elementwise,omega_elementwise_r4_n1_identity,994304,unpacked,[971, 1, 8, 128]
384,0,1,1463,attention dot,keep::reduce fold,omega_reduce_r5_o4_n2_multiply_add_zero,31744,unpacked|unpacked,[971, 512, 1, 8, 128]
385,0,1,1470,attention dot,keep::reduce fold,omega_reduce_r5_o4_n2_multiply_add_zero,63488,unpacked|unpacked,[971, 971, 1, 8, 128]
386,0,1,1466,attention dot,keep::reduce fold,omega_reduce_r5_o4_n2_multiply_add_zero_epi3_fused_identity_o3__add_s0_o2__select_o0_o1_s1,31744,unpacked|unpacked,[971, 512, 1, 8, 128]
387,0,1,1473,attention dot,keep::reduce fold,omega_reduce_r5_o4_n2_multiply_add_zero_epi3_fused_identity_o3__add_s0_o2__select_o0_o1_s1,63488,unpacked|unpacked,[971, 971, 1, 8, 128]
388,0,1,1475,softmax max,keep::reduce fold,omega_reduce_r4_o3_n1_identity_maximum_negative_infinity,1988608,unpacked,[971, 971, 1, 8]
389,0,1,1476,softmax max,keep::reduce fold,omega_reduce_r4_o3_n1_identity_maximum_negative_infinity_epi1_fused_identity_o1__maximum_s0_o0,994304,unpacked,[971, 512, 1, 8]
390,0,1,1478,softmax exp,elementwise,omega_elementwise_r4_n2_fused_subtract_o0_o1__exponential_s0,3977216,unpacked|unpacked,[971, 512, 1, 8]
391,0,1,1481,softmax sum,keep::reduce fold,omega_reduce_r4_o3_n1_identity_add_zero,994304,unpacked,[971, 512, 1, 8]
392,0,1,1480,softmax exp,elementwise,omega_elementwise_r4_n2_fused_subtract_o0_o1__exponential_s0,7542728,unpacked|unpacked,[971, 971, 1, 8]
393,0,1,1482,softmax sum,keep::reduce fold,omega_reduce_r4_o3_n1_identity_add_zero,1988608,unpacked,[971, 971, 1, 8]
394,0,1,1486,attention AV,keep::reduce fold,omega_reduce_r5_o4_n2_multiply_add_zero,15872,unpacked|unpacked,[971, 512, 1, 8, 256]
395,0,1,1488,attention AV,keep::reduce fold,omega_reduce_r5_o4_n2_multiply_add_zero,15872,unpacked|unpacked,[971, 971, 1, 8, 256]
396,0,1,1490,RoPE,elementwise,omega_elementwise_r4_n4_fused_add_o0_o1__reciprocal_s0__add_o2_o3__multiply_s1_s2,1988608,unpacked|unpacked|unpacked|unpacked,[971, 1, 8, 256]
397,0,1,1492,matvec Q4_0,keep::reduce fold,omega_reduce_r5_o2_n2_multiply_add_zero,95232,Q4_0|unpacked,[971, 1, 8, 256, 1536]
398,0,1,1494,RMSNorm sumsq,keep::reduce fold,omega_reduce_r2_o1_n2_multiply_add_zero,248576,unpacked|unpacked,[971, 1536]
399,0,1,1501,norm apply,elementwise,omega_elementwise_r2_n6_fused_multiply_o4_o5__add_s0_o3__square_root_s1__reciprocal_s2__multiply_s3_o2__multiply_s4_o1__add_s5_o0,1491456,unpacked|unpacked|unpacked|unpacked|unpacked|unpacked,[971, 1536]
400,0,1,1509,RMSNorm sumsq + fused epilogue,keep::reduce fold,omega_reduce_r2_o1_n2_multiply_add_zero_epi4_fused_identity_o4__multiply_s0_o3__add_s1_o2__square_root_s2__reciprocal_s3__multiply_s4_o1__multiply_s5_o0,248576,unpacked|unpacked,[971, 1536]
401,0,1,1514,matvec Q4_0,keep::reduce fold,omega_reduce_r3_o2_n2_multiply_add_zero,380928,unpacked|Q4_0,[971, 1536, 6144]
402,0,1,1517,constant,constant,omega_constant_r0_v3f000000,1,,[]
403,0,1,1518,constant,constant,omega_constant_r0_v3d372713,1,,[]
404,0,1,1519,constant,constant,omega_constant_r0_v3f4c422a,1,,[]
405,0,1,1529,matvec Q4_0,keep::reduce fold,omega_reduce_r3_o2_n2_multiply_add_zero_epi9_fused_identity_o9__multiply_o5_o6__multiply_s1_o4__multiply_s2_o3__add_s3_o2__multiply_s4_o1__tanh_s5__add_s6_o0__multiply_o7_o8__multiply_s7_s8__multiply_s0_s9,380928,unpacked|Q4_0,[971, 1536, 6144]
406,0,1,1531,matvec Q4_0,keep::reduce fold,omega_reduce_r3_o2_n2_multiply_add_zero,95232,Q4_0|unpacked,[971, 6144, 1536]
407,0,1,1534,RMSNorm sumsq,keep::reduce fold,omega_reduce_r2_o1_n2_multiply_add_zero,248576,unpacked|unpacked,[971, 1536]
408,0,1,1541,norm apply,elementwise,omega_elementwise_r2_n6_fused_multiply_o4_o5__add_s0_o3__square_root_s1__reciprocal_s2__multiply_s3_o2__multiply_s4_o1__add_s5_o0,1491456,unpacked|unpacked|unpacked|unpacked|unpacked|unpacked,[971, 1536]
409,0,1,1544,matvec Q4_0,keep::reduce fold,omega_reduce_r3_o2_n2_multiply_add_zero,15872,unpacked|Q4_0,[971, 1536, 256]
410,0,1,1545,constant,constant,omega_constant_r0_v3f000000,1,,[]
411,0,1,1546,constant,constant,omega_constant_r0_v3d372713,1,,[]
412,0,1,1547,constant,constant,omega_constant_r0_v3f4c422a,1,,[]
413,0,1,1557,RMSNorm sumsq + fused epilogue,keep::reduce fold,omega_reduce_r2_o1_n2_multiply_add_zero_epi15_fused_identity_o15__identity_o0__multiply_s0_o4__add_s2_o3__square_root_s3__reciprocal_s4__multiply_s5_o2__multiply_s6_o1__add_s1_s7__multiply_s8_o5__multiply_o11_o12__multiply_s10_o10__multiply_s11_o9__add_s12_o8__multiply_s13_o7__tanh_s14__add_s15_o6__multiply_o13_o14__multiply_s16_s17__multiply_s9_s18,62144,unpacked|unpacked,[971, 256]
414,0,1,1560,matvec Q4_0,keep::reduce fold,omega_reduce_r3_o2_n2_multiply_add_zero,95232,unpacked|Q4_0,[971, 256, 1536]
415,0,1,1563,RMSNorm sumsq,keep::reduce fold,omega_reduce_r2_o1_n2_multiply_add_zero,248576,unpacked|unpacked,[971, 1536]
416,0,1,1576,identity copy,elementwise,omega_elementwise_r2_n1_identity,248576,unpacked,[971, 256]
417,0,1,1587,constant,constant,omega_constant_r0_v3f3504f3,1,,[]
418,0,1,1572,norm apply,elementwise,omega_elementwise_r2_n7_fused_multiply_o4_o5__add_s0_o3__square_root_s1__reciprocal_s2__multiply_s3_o2__multiply_s4_o1__add_s5_o0__multiply_s6_o6,1491456,unpacked|unpacked|unpacked|unpacked|unpacked|unpacked|unpacked,[971, 1536]
419,0,1,1605,RMSNorm sumsq + fused epilogue,keep::reduce fold,omega_reduce_r2_o1_n2_multiply_add_zero_epi4_fused_identity_o4__multiply_s0_o3__add_s1_o2__square_root_s2__reciprocal_s3__multiply_s4_o1__multiply_s5_o0,248576,unpacked|unpacked,[971, 1536]
420,0,1,1607,matvec Q4_0,keep::reduce fold,omega_reduce_r4_o3_n2_multiply_add_zero,126976,Q4_0|unpacked,[971, 8, 256, 1536]
421,0,1,1609,RMSNorm sumsq,keep::reduce fold,omega_reduce_r3_o2_n2_multiply_add_zero,497152,unpacked|unpacked,[971, 8, 256]
422,0,1,1617,matvec Q4_0,keep::reduce fold,omega_reduce_r4_o3_n2_multiply_add_zero,15872,Q4_0|unpacked,[971, 1, 256, 1536]
423,0,1,1619,RMSNorm sumsq,keep::reduce fold,omega_reduce_r3_o2_n2_multiply_add_zero,62144,unpacked|unpacked,[971, 1, 256]
424,0,1,1625,norm apply,elementwise,omega_elementwise_r3_n5_fused_multiply_o3_o4__add_s0_o2__square_root_s1__reciprocal_s2__multiply_s3_o1__multiply_s4_o0,248576,unpacked|unpacked|unpacked|unpacked|unpacked,[971, 1, 256]
425,0,1,1631,RoPE,elementwise,omega_elementwise_r3_n4_fused_multiply_o0_o1__multiply_o2_o3__add_s0_s1,124288,unpacked|unpacked|unpacked|unpacked,[971, 1, 128]
426,0,1,1628,RoPE,elementwise,omega_elementwise_r3_n4_fused_multiply_o0_o1__multiply_o2_o3__subtract_s0_s1,124288,unpacked|unpacked|unpacked|unpacked,[971, 1, 128]
427,0,1,1633,matvec Q4_0,keep::reduce fold,omega_reduce_r4_o3_n2_multiply_add_zero,15872,Q4_0|unpacked,[971, 1, 256, 1536]
428,0,1,1635,RMSNorm sumsq,keep::reduce fold,omega_reduce_r3_o2_n2_multiply_add_zero,62144,unpacked|unpacked,[971, 1, 256]
429,0,1,1640,norm apply,elementwise,omega_elementwise_r3_n4_fused_multiply_o2_o3__add_s0_o1__square_root_s1__reciprocal_s2__multiply_s3_o0,248576,unpacked|unpacked|unpacked|unpacked,[971, 1, 256]
430,0,1,1615,norm apply,elementwise,omega_elementwise_r3_n5_fused_multiply_o3_o4__add_s0_o2__square_root_s1__reciprocal_s2__multiply_s3_o1__multiply_s4_o0,1988608,unpacked|unpacked|unpacked|unpacked|unpacked,[971, 8, 256]
431,0,1,1643,RoPE,elementwise,omega_elementwise_r3_n4_fused_multiply_o0_o1__multiply_o2_o3__subtract_s0_s1,994304,unpacked|unpacked|unpacked|unpacked,[971, 8, 128]
432,0,1,1646,RoPE,elementwise,omega_elementwise_r3_n4_fused_multiply_o0_o1__multiply_o2_o3__add_s0_s1,994304,unpacked|unpacked|unpacked|unpacked,[971, 8, 128]
433,0,1,1647,identity copy,elementwise,omega_elementwise_r4_n1_identity,994304,unpacked,[971, 1, 8, 128]
434,0,1,1648,identity copy,elementwise,omega_elementwise_r4_n1_identity,994304,unpacked,[971, 1, 8, 128]
435,0,1,1652,attention dot,keep::reduce fold,omega_reduce_r5_o4_n2_multiply_add_zero,31744,unpacked|unpacked,[971, 512, 1, 8, 128]
436,0,1,1659,attention dot,keep::reduce fold,omega_reduce_r5_o4_n2_multiply_add_zero,63488,unpacked|unpacked,[971, 971, 1, 8, 128]
437,0,1,1655,attention dot,keep::reduce fold,omega_reduce_r5_o4_n2_multiply_add_zero_epi3_fused_identity_o3__add_s0_o2__select_o0_o1_s1,31744,unpacked|unpacked,[971, 512, 1, 8, 128]
438,0,1,1662,attention dot,keep::reduce fold,omega_reduce_r5_o4_n2_multiply_add_zero_epi3_fused_identity_o3__add_s0_o2__select_o0_o1_s1,63488,unpacked|unpacked,[971, 971, 1, 8, 128]
439,0,1,1664,softmax max,keep::reduce fold,omega_reduce_r4_o3_n1_identity_maximum_negative_infinity,1988608,unpacked,[971, 971, 1, 8]
440,0,1,1665,softmax max,keep::reduce fold,omega_reduce_r4_o3_n1_identity_maximum_negative_infinity_epi1_fused_identity_o1__maximum_s0_o0,994304,unpacked,[971, 512, 1, 8]
441,0,1,1667,softmax exp,elementwise,omega_elementwise_r4_n2_fused_subtract_o0_o1__exponential_s0,3977216,unpacked|unpacked,[971, 512, 1, 8]
442,0,1,1670,softmax sum,keep::reduce fold,omega_reduce_r4_o3_n1_identity_add_zero,994304,unpacked,[971, 512, 1, 8]
443,0,1,1669,softmax exp,elementwise,omega_elementwise_r4_n2_fused_subtract_o0_o1__exponential_s0,7542728,unpacked|unpacked,[971, 971, 1, 8]
444,0,1,1671,softmax sum,keep::reduce fold,omega_reduce_r4_o3_n1_identity_add_zero,1988608,unpacked,[971, 971, 1, 8]
445,0,1,1675,attention AV,keep::reduce fold,omega_reduce_r5_o4_n2_multiply_add_zero,15872,unpacked|unpacked,[971, 512, 1, 8, 256]
446,0,1,1677,attention AV,keep::reduce fold,omega_reduce_r5_o4_n2_multiply_add_zero,15872,unpacked|unpacked,[971, 971, 1, 8, 256]
447,0,1,1679,RoPE,elementwise,omega_elementwise_r4_n4_fused_add_o0_o1__reciprocal_s0__add_o2_o3__multiply_s1_s2,1988608,unpacked|unpacked|unpacked|unpacked,[971, 1, 8, 256]
448,0,1,1681,matvec Q4_0,keep::reduce fold,omega_reduce_r5_o2_n2_multiply_add_zero,95232,Q4_0|unpacked,[971, 1, 8, 256, 1536]
449,0,1,1683,RMSNorm sumsq,keep::reduce fold,omega_reduce_r2_o1_n2_multiply_add_zero,248576,unpacked|unpacked,[971, 1536]
450,0,1,1690,norm apply,elementwise,omega_elementwise_r2_n6_fused_multiply_o4_o5__add_s0_o3__square_root_s1__reciprocal_s2__multiply_s3_o2__multiply_s4_o1__add_s5_o0,1491456,unpacked|unpacked|unpacked|unpacked|unpacked|unpacked,[971, 1536]
451,0,1,1698,RMSNorm sumsq + fused epilogue,keep::reduce fold,omega_reduce_r2_o1_n2_multiply_add_zero_epi4_fused_identity_o4__multiply_s0_o3__add_s1_o2__square_root_s2__reciprocal_s3__multiply_s4_o1__multiply_s5_o0,248576,unpacked|unpacked,[971, 1536]
452,0,1,1703,matvec Q4_0,keep::reduce fold,omega_reduce_r3_o2_n2_multiply_add_zero,380928,unpacked|Q4_0,[971, 1536, 6144]
453,0,1,1706,constant,constant,omega_constant_r0_v3f000000,1,,[]
454,0,1,1707,constant,constant,omega_constant_r0_v3d372713,1,,[]
455,0,1,1708,constant,constant,omega_constant_r0_v3f4c422a,1,,[]
456,0,1,1718,matvec Q4_0,keep::reduce fold,omega_reduce_r3_o2_n2_multiply_add_zero_epi9_fused_identity_o9__multiply_o5_o6__multiply_s1_o4__multiply_s2_o3__add_s3_o2__multiply_s4_o1__tanh_s5__add_s6_o0__multiply_o7_o8__multiply_s7_s8__multiply_s0_s9,380928,unpacked|Q4_0,[971, 1536, 6144]
457,0,1,1720,matvec Q4_0,keep::reduce fold,omega_reduce_r3_o2_n2_multiply_add_zero,95232,Q4_0|unpacked,[971, 6144, 1536]
458,0,1,1723,RMSNorm sumsq,keep::reduce fold,omega_reduce_r2_o1_n2_multiply_add_zero,248576,unpacked|unpacked,[971, 1536]
459,0,1,1730,norm apply,elementwise,omega_elementwise_r2_n6_fused_multiply_o4_o5__add_s0_o3__square_root_s1__reciprocal_s2__multiply_s3_o2__multiply_s4_o1__add_s5_o0,1491456,unpacked|unpacked|unpacked|unpacked|unpacked|unpacked,[971, 1536]
460,0,1,1733,matvec Q4_0,keep::reduce fold,omega_reduce_r3_o2_n2_multiply_add_zero,15872,unpacked|Q4_0,[971, 1536, 256]
461,0,1,1734,constant,constant,omega_constant_r0_v3f000000,1,,[]
462,0,1,1735,constant,constant,omega_constant_r0_v3d372713,1,,[]
463,0,1,1736,constant,constant,omega_constant_r0_v3f4c422a,1,,[]
464,0,1,1746,RMSNorm sumsq + fused epilogue,keep::reduce fold,omega_reduce_r2_o1_n2_multiply_add_zero_epi15_fused_identity_o15__identity_o0__multiply_s0_o4__add_s2_o3__square_root_s3__reciprocal_s4__multiply_s5_o2__multiply_s6_o1__add_s1_s7__multiply_s8_o5__multiply_o11_o12__multiply_s10_o10__multiply_s11_o9__add_s12_o8__multiply_s13_o7__tanh_s14__add_s15_o6__multiply_o13_o14__multiply_s16_s17__multiply_s9_s18,62144,unpacked|unpacked,[971, 256]
465,0,1,1749,matvec Q4_0,keep::reduce fold,omega_reduce_r3_o2_n2_multiply_add_zero,95232,unpacked|Q4_0,[971, 256, 1536]
466,0,1,1752,RMSNorm sumsq,keep::reduce fold,omega_reduce_r2_o1_n2_multiply_add_zero,248576,unpacked|unpacked,[971, 1536]
467,0,1,1765,identity copy,elementwise,omega_elementwise_r2_n1_identity,248576,unpacked,[971, 256]
468,0,1,1776,constant,constant,omega_constant_r0_v3f3504f3,1,,[]
469,0,1,1761,norm apply,elementwise,omega_elementwise_r2_n7_fused_multiply_o4_o5__add_s0_o3__square_root_s1__reciprocal_s2__multiply_s3_o2__multiply_s4_o1__add_s5_o0__multiply_s6_o6,1491456,unpacked|unpacked|unpacked|unpacked|unpacked|unpacked|unpacked,[971, 1536]
470,0,1,1794,RMSNorm sumsq + fused epilogue,keep::reduce fold,omega_reduce_r2_o1_n2_multiply_add_zero_epi4_fused_identity_o4__multiply_s0_o3__add_s1_o2__square_root_s2__reciprocal_s3__multiply_s4_o1__multiply_s5_o0,248576,unpacked|unpacked,[971, 1536]
471,0,1,1796,matvec Q4_0,keep::reduce fold,omega_reduce_r4_o3_n2_multiply_add_zero,253952,Q4_0|unpacked,[971, 8, 512, 1536]
472,0,1,1798,RMSNorm sumsq,keep::reduce fold,omega_reduce_r3_o2_n2_multiply_add_zero,994304,unpacked|unpacked,[971, 8, 512]
473,0,1,1806,matvec Q4_0,keep::reduce fold,omega_reduce_r4_o3_n2_multiply_add_zero,31744,Q4_0|unpacked,[971, 1, 512, 1536]
474,0,1,1808,RMSNorm sumsq,keep::reduce fold,omega_reduce_r3_o2_n2_multiply_add_zero,124288,unpacked|unpacked,[971, 1, 512]
475,0,1,1814,norm apply,elementwise,omega_elementwise_r3_n5_fused_multiply_o3_o4__add_s0_o2__square_root_s1__reciprocal_s2__multiply_s3_o1__multiply_s4_o0,497152,unpacked|unpacked|unpacked|unpacked|unpacked,[971, 1, 512]
476,0,1,1820,RoPE,elementwise,omega_elementwise_r3_n4_fused_multiply_o0_o1__multiply_o2_o3__add_s0_s1,248576,unpacked|unpacked|unpacked|unpacked,[971, 1, 256]
477,0,1,1817,RoPE,elementwise,omega_elementwise_r3_n4_fused_multiply_o0_o1__multiply_o2_o3__subtract_s0_s1,248576,unpacked|unpacked|unpacked|unpacked,[971, 1, 256]
478,0,1,1822,matvec Q4_0,keep::reduce fold,omega_reduce_r4_o3_n2_multiply_add_zero,31744,Q4_0|unpacked,[971, 1, 512, 1536]
479,0,1,1824,RMSNorm sumsq,keep::reduce fold,omega_reduce_r3_o2_n2_multiply_add_zero,124288,unpacked|unpacked,[971, 1, 512]
480,0,1,1829,norm apply,elementwise,omega_elementwise_r3_n4_fused_multiply_o2_o3__add_s0_o1__square_root_s1__reciprocal_s2__multiply_s3_o0,497152,unpacked|unpacked|unpacked|unpacked,[971, 1, 512]
481,0,1,1804,norm apply,elementwise,omega_elementwise_r3_n5_fused_multiply_o3_o4__add_s0_o2__square_root_s1__reciprocal_s2__multiply_s3_o1__multiply_s4_o0,3977216,unpacked|unpacked|unpacked|unpacked|unpacked,[971, 8, 512]
482,0,1,1832,RoPE,elementwise,omega_elementwise_r3_n4_fused_multiply_o0_o1__multiply_o2_o3__subtract_s0_s1,1988608,unpacked|unpacked|unpacked|unpacked,[971, 8, 256]
483,0,1,1835,RoPE,elementwise,omega_elementwise_r3_n4_fused_multiply_o0_o1__multiply_o2_o3__add_s0_s1,1988608,unpacked|unpacked|unpacked|unpacked,[971, 8, 256]
484,0,1,1868,cached attention partial,cached_attention,omega_cached_attention_q971_c992_n971_h1_g8_d512_s3f800000_ln9223372036854775808_up0_cb,248576,unpacked|unpacked|unpacked|unpacked|unpacked|unpacked|unpacked|unpacked|unpacked,[971, 1, 8, 512]
485,0,1,1870,matvec Q4_0,keep::reduce fold,omega_reduce_r5_o2_n2_multiply_add_zero,95232,Q4_0|unpacked,[971, 1, 8, 512, 1536]
486,0,1,1872,RMSNorm sumsq,keep::reduce fold,omega_reduce_r2_o1_n2_multiply_add_zero,248576,unpacked|unpacked,[971, 1536]
487,0,1,1879,norm apply,elementwise,omega_elementwise_r2_n6_fused_multiply_o4_o5__add_s0_o3__square_root_s1__reciprocal_s2__multiply_s3_o2__multiply_s4_o1__add_s5_o0,1491456,unpacked|unpacked|unpacked|unpacked|unpacked|unpacked,[971, 1536]
488,0,1,1887,RMSNorm sumsq + fused epilogue,keep::reduce fold,omega_reduce_r2_o1_n2_multiply_add_zero_epi4_fused_identity_o4__multiply_s0_o3__add_s1_o2__square_root_s2__reciprocal_s3__multiply_s4_o1__multiply_s5_o0,248576,unpacked|unpacked,[971, 1536]
489,0,1,1892,matvec Q4_0,keep::reduce fold,omega_reduce_r3_o2_n2_multiply_add_zero,380928,unpacked|Q4_0,[971, 1536, 6144]
490,0,1,1895,constant,constant,omega_constant_r0_v3f000000,1,,[]
491,0,1,1896,constant,constant,omega_constant_r0_v3d372713,1,,[]
492,0,1,1897,constant,constant,omega_constant_r0_v3f4c422a,1,,[]
493,0,1,1907,matvec Q4_0,keep::reduce fold,omega_reduce_r3_o2_n2_multiply_add_zero_epi9_fused_identity_o9__multiply_o5_o6__multiply_s1_o4__multiply_s2_o3__add_s3_o2__multiply_s4_o1__tanh_s5__add_s6_o0__multiply_o7_o8__multiply_s7_s8__multiply_s0_s9,380928,unpacked|Q4_0,[971, 1536, 6144]
494,0,1,1909,matvec Q4_0,keep::reduce fold,omega_reduce_r3_o2_n2_multiply_add_zero,95232,Q4_0|unpacked,[971, 6144, 1536]
495,0,1,1912,RMSNorm sumsq,keep::reduce fold,omega_reduce_r2_o1_n2_multiply_add_zero,248576,unpacked|unpacked,[971, 1536]
496,0,1,1919,norm apply,elementwise,omega_elementwise_r2_n6_fused_multiply_o4_o5__add_s0_o3__square_root_s1__reciprocal_s2__multiply_s3_o2__multiply_s4_o1__add_s5_o0,1491456,unpacked|unpacked|unpacked|unpacked|unpacked|unpacked,[971, 1536]
497,0,1,1922,matvec Q4_0,keep::reduce fold,omega_reduce_r3_o2_n2_multiply_add_zero,15872,unpacked|Q4_0,[971, 1536, 256]
498,0,1,1923,constant,constant,omega_constant_r0_v3f000000,1,,[]
499,0,1,1924,constant,constant,omega_constant_r0_v3d372713,1,,[]
500,0,1,1925,constant,constant,omega_constant_r0_v3f4c422a,1,,[]
501,0,1,1935,RMSNorm sumsq + fused epilogue,keep::reduce fold,omega_reduce_r2_o1_n2_multiply_add_zero_epi15_fused_identity_o15__identity_o0__multiply_s0_o4__add_s2_o3__square_root_s3__reciprocal_s4__multiply_s5_o2__multiply_s6_o1__add_s1_s7__multiply_s8_o5__multiply_o11_o12__multiply_s10_o10__multiply_s11_o9__add_s12_o8__multiply_s13_o7__tanh_s14__add_s15_o6__multiply_o13_o14__multiply_s16_s17__multiply_s9_s18,62144,unpacked|unpacked,[971, 256]
502,0,1,1938,matvec Q4_0,keep::reduce fold,omega_reduce_r3_o2_n2_multiply_add_zero,95232,unpacked|Q4_0,[971, 256, 1536]
503,0,1,1941,RMSNorm sumsq,keep::reduce fold,omega_reduce_r2_o1_n2_multiply_add_zero,248576,unpacked|unpacked,[971, 1536]
504,0,1,1954,identity copy,elementwise,omega_elementwise_r2_n1_identity,248576,unpacked,[971, 256]
505,0,1,1965,constant,constant,omega_constant_r0_v3f3504f3,1,,[]
506,0,1,1950,norm apply,elementwise,omega_elementwise_r2_n7_fused_multiply_o4_o5__add_s0_o3__square_root_s1__reciprocal_s2__multiply_s3_o2__multiply_s4_o1__add_s5_o0__multiply_s6_o6,1491456,unpacked|unpacked|unpacked|unpacked|unpacked|unpacked|unpacked,[971, 1536]
507,0,1,1983,RMSNorm sumsq + fused epilogue,keep::reduce fold,omega_reduce_r2_o1_n2_multiply_add_zero_epi4_fused_identity_o4__multiply_s0_o3__add_s1_o2__square_root_s2__reciprocal_s3__multiply_s4_o1__multiply_s5_o0,248576,unpacked|unpacked,[971, 1536]
508,0,1,1985,matvec Q4_0,keep::reduce fold,omega_reduce_r4_o3_n2_multiply_add_zero,126976,Q4_0|unpacked,[971, 8, 256, 1536]
509,0,1,1987,RMSNorm sumsq,keep::reduce fold,omega_reduce_r3_o2_n2_multiply_add_zero,497152,unpacked|unpacked,[971, 8, 256]
510,0,1,1995,matvec Q4_0,keep::reduce fold,omega_reduce_r4_o3_n2_multiply_add_zero,15872,Q4_0|unpacked,[971, 1, 256, 1536]
511,0,1,1997,RMSNorm sumsq,keep::reduce fold,omega_reduce_r3_o2_n2_multiply_add_zero,62144,unpacked|unpacked,[971, 1, 256]
512,0,1,2003,norm apply,elementwise,omega_elementwise_r3_n5_fused_multiply_o3_o4__add_s0_o2__square_root_s1__reciprocal_s2__multiply_s3_o1__multiply_s4_o0,248576,unpacked|unpacked|unpacked|unpacked|unpacked,[971, 1, 256]
513,0,1,2009,RoPE,elementwise,omega_elementwise_r3_n4_fused_multiply_o0_o1__multiply_o2_o3__add_s0_s1,124288,unpacked|unpacked|unpacked|unpacked,[971, 1, 128]
514,0,1,2006,RoPE,elementwise,omega_elementwise_r3_n4_fused_multiply_o0_o1__multiply_o2_o3__subtract_s0_s1,124288,unpacked|unpacked|unpacked|unpacked,[971, 1, 128]
515,0,1,2011,matvec Q4_0,keep::reduce fold,omega_reduce_r4_o3_n2_multiply_add_zero,15872,Q4_0|unpacked,[971, 1, 256, 1536]
516,0,1,2013,RMSNorm sumsq,keep::reduce fold,omega_reduce_r3_o2_n2_multiply_add_zero,62144,unpacked|unpacked,[971, 1, 256]
517,0,1,2018,norm apply,elementwise,omega_elementwise_r3_n4_fused_multiply_o2_o3__add_s0_o1__square_root_s1__reciprocal_s2__multiply_s3_o0,248576,unpacked|unpacked|unpacked|unpacked,[971, 1, 256]
518,0,1,1993,norm apply,elementwise,omega_elementwise_r3_n5_fused_multiply_o3_o4__add_s0_o2__square_root_s1__reciprocal_s2__multiply_s3_o1__multiply_s4_o0,1988608,unpacked|unpacked|unpacked|unpacked|unpacked,[971, 8, 256]
519,0,1,2021,RoPE,elementwise,omega_elementwise_r3_n4_fused_multiply_o0_o1__multiply_o2_o3__subtract_s0_s1,994304,unpacked|unpacked|unpacked|unpacked,[971, 8, 128]
520,0,1,2024,RoPE,elementwise,omega_elementwise_r3_n4_fused_multiply_o0_o1__multiply_o2_o3__add_s0_s1,994304,unpacked|unpacked|unpacked|unpacked,[971, 8, 128]
521,0,1,2025,identity copy,elementwise,omega_elementwise_r4_n1_identity,994304,unpacked,[971, 1, 8, 128]
522,0,1,2026,identity copy,elementwise,omega_elementwise_r4_n1_identity,994304,unpacked,[971, 1, 8, 128]
523,0,1,2030,attention dot,keep::reduce fold,omega_reduce_r5_o4_n2_multiply_add_zero,31744,unpacked|unpacked,[971, 512, 1, 8, 128]
524,0,1,2037,attention dot,keep::reduce fold,omega_reduce_r5_o4_n2_multiply_add_zero,63488,unpacked|unpacked,[971, 971, 1, 8, 128]
525,0,1,2033,attention dot,keep::reduce fold,omega_reduce_r5_o4_n2_multiply_add_zero_epi3_fused_identity_o3__add_s0_o2__select_o0_o1_s1,31744,unpacked|unpacked,[971, 512, 1, 8, 128]
526,0,1,2040,attention dot,keep::reduce fold,omega_reduce_r5_o4_n2_multiply_add_zero_epi3_fused_identity_o3__add_s0_o2__select_o0_o1_s1,63488,unpacked|unpacked,[971, 971, 1, 8, 128]
527,0,1,2042,softmax max,keep::reduce fold,omega_reduce_r4_o3_n1_identity_maximum_negative_infinity,1988608,unpacked,[971, 971, 1, 8]
528,0,1,2043,softmax max,keep::reduce fold,omega_reduce_r4_o3_n1_identity_maximum_negative_infinity_epi1_fused_identity_o1__maximum_s0_o0,994304,unpacked,[971, 512, 1, 8]
529,0,1,2045,softmax exp,elementwise,omega_elementwise_r4_n2_fused_subtract_o0_o1__exponential_s0,3977216,unpacked|unpacked,[971, 512, 1, 8]
530,0,1,2048,softmax sum,keep::reduce fold,omega_reduce_r4_o3_n1_identity_add_zero,994304,unpacked,[971, 512, 1, 8]
531,0,1,2047,softmax exp,elementwise,omega_elementwise_r4_n2_fused_subtract_o0_o1__exponential_s0,7542728,unpacked|unpacked,[971, 971, 1, 8]
532,0,1,2049,softmax sum,keep::reduce fold,omega_reduce_r4_o3_n1_identity_add_zero,1988608,unpacked,[971, 971, 1, 8]
533,0,1,2053,attention AV,keep::reduce fold,omega_reduce_r5_o4_n2_multiply_add_zero,15872,unpacked|unpacked,[971, 512, 1, 8, 256]
534,0,1,2055,attention AV,keep::reduce fold,omega_reduce_r5_o4_n2_multiply_add_zero,15872,unpacked|unpacked,[971, 971, 1, 8, 256]
535,0,1,2057,RoPE,elementwise,omega_elementwise_r4_n4_fused_add_o0_o1__reciprocal_s0__add_o2_o3__multiply_s1_s2,1988608,unpacked|unpacked|unpacked|unpacked,[971, 1, 8, 256]
536,0,1,2059,matvec Q4_0,keep::reduce fold,omega_reduce_r5_o2_n2_multiply_add_zero,95232,Q4_0|unpacked,[971, 1, 8, 256, 1536]
537,0,1,2061,RMSNorm sumsq,keep::reduce fold,omega_reduce_r2_o1_n2_multiply_add_zero,248576,unpacked|unpacked,[971, 1536]
538,0,1,2068,norm apply,elementwise,omega_elementwise_r2_n6_fused_multiply_o4_o5__add_s0_o3__square_root_s1__reciprocal_s2__multiply_s3_o2__multiply_s4_o1__add_s5_o0,1491456,unpacked|unpacked|unpacked|unpacked|unpacked|unpacked,[971, 1536]
539,0,1,2076,RMSNorm sumsq + fused epilogue,keep::reduce fold,omega_reduce_r2_o1_n2_multiply_add_zero_epi4_fused_identity_o4__multiply_s0_o3__add_s1_o2__square_root_s2__reciprocal_s3__multiply_s4_o1__multiply_s5_o0,248576,unpacked|unpacked,[971, 1536]
540,0,1,2081,matvec Q4_0,keep::reduce fold,omega_reduce_r3_o2_n2_multiply_add_zero,380928,unpacked|Q4_0,[971, 1536, 6144]
541,0,1,2084,constant,constant,omega_constant_r0_v3f000000,1,,[]
542,0,1,2085,constant,constant,omega_constant_r0_v3d372713,1,,[]
543,0,1,2086,constant,constant,omega_constant_r0_v3f4c422a,1,,[]
544,0,1,2096,matvec Q4_0,keep::reduce fold,omega_reduce_r3_o2_n2_multiply_add_zero_epi9_fused_identity_o9__multiply_o5_o6__multiply_s1_o4__multiply_s2_o3__add_s3_o2__multiply_s4_o1__tanh_s5__add_s6_o0__multiply_o7_o8__multiply_s7_s8__multiply_s0_s9,380928,unpacked|Q4_0,[971, 1536, 6144]
545,0,1,2098,matvec Q4_0,keep::reduce fold,omega_reduce_r3_o2_n2_multiply_add_zero,95232,Q4_0|unpacked,[971, 6144, 1536]
546,0,1,2101,RMSNorm sumsq,keep::reduce fold,omega_reduce_r2_o1_n2_multiply_add_zero,248576,unpacked|unpacked,[971, 1536]
547,0,1,2108,norm apply,elementwise,omega_elementwise_r2_n6_fused_multiply_o4_o5__add_s0_o3__square_root_s1__reciprocal_s2__multiply_s3_o2__multiply_s4_o1__add_s5_o0,1491456,unpacked|unpacked|unpacked|unpacked|unpacked|unpacked,[971, 1536]
548,0,1,2111,matvec Q4_0,keep::reduce fold,omega_reduce_r3_o2_n2_multiply_add_zero,15872,unpacked|Q4_0,[971, 1536, 256]
549,0,1,2112,constant,constant,omega_constant_r0_v3f000000,1,,[]
550,0,1,2113,constant,constant,omega_constant_r0_v3d372713,1,,[]
551,0,1,2114,constant,constant,omega_constant_r0_v3f4c422a,1,,[]
552,0,1,2124,RMSNorm sumsq + fused epilogue,keep::reduce fold,omega_reduce_r2_o1_n2_multiply_add_zero_epi15_fused_identity_o15__identity_o0__multiply_s0_o4__add_s2_o3__square_root_s3__reciprocal_s4__multiply_s5_o2__multiply_s6_o1__add_s1_s7__multiply_s8_o5__multiply_o11_o12__multiply_s10_o10__multiply_s11_o9__add_s12_o8__multiply_s13_o7__tanh_s14__add_s15_o6__multiply_o13_o14__multiply_s16_s17__multiply_s9_s18,62144,unpacked|unpacked,[971, 256]
553,0,1,2127,matvec Q4_0,keep::reduce fold,omega_reduce_r3_o2_n2_multiply_add_zero,95232,unpacked|Q4_0,[971, 256, 1536]
554,0,1,2130,RMSNorm sumsq,keep::reduce fold,omega_reduce_r2_o1_n2_multiply_add_zero,248576,unpacked|unpacked,[971, 1536]
555,0,1,2143,identity copy,elementwise,omega_elementwise_r2_n1_identity,248576,unpacked,[971, 256]
556,0,1,2154,constant,constant,omega_constant_r0_v3f3504f3,1,,[]
557,0,1,2139,norm apply,elementwise,omega_elementwise_r2_n7_fused_multiply_o4_o5__add_s0_o3__square_root_s1__reciprocal_s2__multiply_s3_o2__multiply_s4_o1__add_s5_o0__multiply_s6_o6,1491456,unpacked|unpacked|unpacked|unpacked|unpacked|unpacked|unpacked,[971, 1536]
558,0,1,2172,RMSNorm sumsq + fused epilogue,keep::reduce fold,omega_reduce_r2_o1_n2_multiply_add_zero_epi4_fused_identity_o4__multiply_s0_o3__add_s1_o2__square_root_s2__reciprocal_s3__multiply_s4_o1__multiply_s5_o0,248576,unpacked|unpacked,[971, 1536]
559,0,1,2174,matvec Q4_0,keep::reduce fold,omega_reduce_r4_o3_n2_multiply_add_zero,126976,Q4_0|unpacked,[971, 8, 256, 1536]
560,0,1,2176,RMSNorm sumsq,keep::reduce fold,omega_reduce_r3_o2_n2_multiply_add_zero,497152,unpacked|unpacked,[971, 8, 256]
561,0,1,2184,matvec Q4_0,keep::reduce fold,omega_reduce_r4_o3_n2_multiply_add_zero,15872,Q4_0|unpacked,[971, 1, 256, 1536]
562,0,1,2186,RMSNorm sumsq,keep::reduce fold,omega_reduce_r3_o2_n2_multiply_add_zero,62144,unpacked|unpacked,[971, 1, 256]
563,0,1,2192,norm apply,elementwise,omega_elementwise_r3_n5_fused_multiply_o3_o4__add_s0_o2__square_root_s1__reciprocal_s2__multiply_s3_o1__multiply_s4_o0,248576,unpacked|unpacked|unpacked|unpacked|unpacked,[971, 1, 256]
564,0,1,2198,RoPE,elementwise,omega_elementwise_r3_n4_fused_multiply_o0_o1__multiply_o2_o3__add_s0_s1,124288,unpacked|unpacked|unpacked|unpacked,[971, 1, 128]
565,0,1,2195,RoPE,elementwise,omega_elementwise_r3_n4_fused_multiply_o0_o1__multiply_o2_o3__subtract_s0_s1,124288,unpacked|unpacked|unpacked|unpacked,[971, 1, 128]
566,0,1,2200,matvec Q4_0,keep::reduce fold,omega_reduce_r4_o3_n2_multiply_add_zero,15872,Q4_0|unpacked,[971, 1, 256, 1536]
567,0,1,2202,RMSNorm sumsq,keep::reduce fold,omega_reduce_r3_o2_n2_multiply_add_zero,62144,unpacked|unpacked,[971, 1, 256]
568,0,1,2207,norm apply,elementwise,omega_elementwise_r3_n4_fused_multiply_o2_o3__add_s0_o1__square_root_s1__reciprocal_s2__multiply_s3_o0,248576,unpacked|unpacked|unpacked|unpacked,[971, 1, 256]
569,0,1,2182,norm apply,elementwise,omega_elementwise_r3_n5_fused_multiply_o3_o4__add_s0_o2__square_root_s1__reciprocal_s2__multiply_s3_o1__multiply_s4_o0,1988608,unpacked|unpacked|unpacked|unpacked|unpacked,[971, 8, 256]
570,0,1,2210,RoPE,elementwise,omega_elementwise_r3_n4_fused_multiply_o0_o1__multiply_o2_o3__subtract_s0_s1,994304,unpacked|unpacked|unpacked|unpacked,[971, 8, 128]
571,0,1,2213,RoPE,elementwise,omega_elementwise_r3_n4_fused_multiply_o0_o1__multiply_o2_o3__add_s0_s1,994304,unpacked|unpacked|unpacked|unpacked,[971, 8, 128]
572,0,1,2214,identity copy,elementwise,omega_elementwise_r4_n1_identity,994304,unpacked,[971, 1, 8, 128]
573,0,1,2215,identity copy,elementwise,omega_elementwise_r4_n1_identity,994304,unpacked,[971, 1, 8, 128]
574,0,1,2219,attention dot,keep::reduce fold,omega_reduce_r5_o4_n2_multiply_add_zero,31744,unpacked|unpacked,[971, 512, 1, 8, 128]
575,0,1,2226,attention dot,keep::reduce fold,omega_reduce_r5_o4_n2_multiply_add_zero,63488,unpacked|unpacked,[971, 971, 1, 8, 128]
576,0,1,2222,attention dot,keep::reduce fold,omega_reduce_r5_o4_n2_multiply_add_zero_epi3_fused_identity_o3__add_s0_o2__select_o0_o1_s1,31744,unpacked|unpacked,[971, 512, 1, 8, 128]
577,0,1,2229,attention dot,keep::reduce fold,omega_reduce_r5_o4_n2_multiply_add_zero_epi3_fused_identity_o3__add_s0_o2__select_o0_o1_s1,63488,unpacked|unpacked,[971, 971, 1, 8, 128]
578,0,1,2231,softmax max,keep::reduce fold,omega_reduce_r4_o3_n1_identity_maximum_negative_infinity,1988608,unpacked,[971, 971, 1, 8]
579,0,1,2232,softmax max,keep::reduce fold,omega_reduce_r4_o3_n1_identity_maximum_negative_infinity_epi1_fused_identity_o1__maximum_s0_o0,994304,unpacked,[971, 512, 1, 8]
580,0,1,2234,softmax exp,elementwise,omega_elementwise_r4_n2_fused_subtract_o0_o1__exponential_s0,3977216,unpacked|unpacked,[971, 512, 1, 8]
581,0,1,2237,softmax sum,keep::reduce fold,omega_reduce_r4_o3_n1_identity_add_zero,994304,unpacked,[971, 512, 1, 8]
582,0,1,2236,softmax exp,elementwise,omega_elementwise_r4_n2_fused_subtract_o0_o1__exponential_s0,7542728,unpacked|unpacked,[971, 971, 1, 8]
583,0,1,2238,softmax sum,keep::reduce fold,omega_reduce_r4_o3_n1_identity_add_zero,1988608,unpacked,[971, 971, 1, 8]
584,0,1,2242,attention AV,keep::reduce fold,omega_reduce_r5_o4_n2_multiply_add_zero,15872,unpacked|unpacked,[971, 512, 1, 8, 256]
585,0,1,2244,attention AV,keep::reduce fold,omega_reduce_r5_o4_n2_multiply_add_zero,15872,unpacked|unpacked,[971, 971, 1, 8, 256]
586,0,1,2246,RoPE,elementwise,omega_elementwise_r4_n4_fused_add_o0_o1__reciprocal_s0__add_o2_o3__multiply_s1_s2,1988608,unpacked|unpacked|unpacked|unpacked,[971, 1, 8, 256]
587,0,1,2248,matvec Q4_0,keep::reduce fold,omega_reduce_r5_o2_n2_multiply_add_zero,95232,Q4_0|unpacked,[971, 1, 8, 256, 1536]
588,0,1,2250,RMSNorm sumsq,keep::reduce fold,omega_reduce_r2_o1_n2_multiply_add_zero,248576,unpacked|unpacked,[971, 1536]
589,0,1,2257,norm apply,elementwise,omega_elementwise_r2_n6_fused_multiply_o4_o5__add_s0_o3__square_root_s1__reciprocal_s2__multiply_s3_o2__multiply_s4_o1__add_s5_o0,1491456,unpacked|unpacked|unpacked|unpacked|unpacked|unpacked,[971, 1536]
590,0,1,2265,RMSNorm sumsq + fused epilogue,keep::reduce fold,omega_reduce_r2_o1_n2_multiply_add_zero_epi4_fused_identity_o4__multiply_s0_o3__add_s1_o2__square_root_s2__reciprocal_s3__multiply_s4_o1__multiply_s5_o0,248576,unpacked|unpacked,[971, 1536]
591,0,1,2270,matvec Q4_0,keep::reduce fold,omega_reduce_r3_o2_n2_multiply_add_zero,380928,unpacked|Q4_0,[971, 1536, 6144]
592,0,1,2273,constant,constant,omega_constant_r0_v3f000000,1,,[]
593,0,1,2274,constant,constant,omega_constant_r0_v3d372713,1,,[]
594,0,1,2275,constant,constant,omega_constant_r0_v3f4c422a,1,,[]
595,0,1,2285,matvec Q4_0,keep::reduce fold,omega_reduce_r3_o2_n2_multiply_add_zero_epi9_fused_identity_o9__multiply_o5_o6__multiply_s1_o4__multiply_s2_o3__add_s3_o2__multiply_s4_o1__tanh_s5__add_s6_o0__multiply_o7_o8__multiply_s7_s8__multiply_s0_s9,380928,unpacked|Q4_0,[971, 1536, 6144]
596,0,1,2287,matvec Q4_0,keep::reduce fold,omega_reduce_r3_o2_n2_multiply_add_zero,95232,Q4_0|unpacked,[971, 6144, 1536]
597,0,1,2290,RMSNorm sumsq,keep::reduce fold,omega_reduce_r2_o1_n2_multiply_add_zero,248576,unpacked|unpacked,[971, 1536]
598,0,1,2297,norm apply,elementwise,omega_elementwise_r2_n6_fused_multiply_o4_o5__add_s0_o3__square_root_s1__reciprocal_s2__multiply_s3_o2__multiply_s4_o1__add_s5_o0,1491456,unpacked|unpacked|unpacked|unpacked|unpacked|unpacked,[971, 1536]
599,0,1,2300,matvec Q4_0,keep::reduce fold,omega_reduce_r3_o2_n2_multiply_add_zero,15872,unpacked|Q4_0,[971, 1536, 256]
600,0,1,2301,constant,constant,omega_constant_r0_v3f000000,1,,[]
601,0,1,2302,constant,constant,omega_constant_r0_v3d372713,1,,[]
602,0,1,2303,constant,constant,omega_constant_r0_v3f4c422a,1,,[]
603,0,1,2313,RMSNorm sumsq + fused epilogue,keep::reduce fold,omega_reduce_r2_o1_n2_multiply_add_zero_epi15_fused_identity_o15__identity_o0__multiply_s0_o4__add_s2_o3__square_root_s3__reciprocal_s4__multiply_s5_o2__multiply_s6_o1__add_s1_s7__multiply_s8_o5__multiply_o11_o12__multiply_s10_o10__multiply_s11_o9__add_s12_o8__multiply_s13_o7__tanh_s14__add_s15_o6__multiply_o13_o14__multiply_s16_s17__multiply_s9_s18,62144,unpacked|unpacked,[971, 256]
604,0,1,2316,matvec Q4_0,keep::reduce fold,omega_reduce_r3_o2_n2_multiply_add_zero,95232,unpacked|Q4_0,[971, 256, 1536]
605,0,1,2319,RMSNorm sumsq,keep::reduce fold,omega_reduce_r2_o1_n2_multiply_add_zero,248576,unpacked|unpacked,[971, 1536]
606,0,1,2332,identity copy,elementwise,omega_elementwise_r2_n1_identity,248576,unpacked,[971, 256]
607,0,1,2343,constant,constant,omega_constant_r0_v3f3504f3,1,,[]
608,0,1,2328,norm apply,elementwise,omega_elementwise_r2_n7_fused_multiply_o4_o5__add_s0_o3__square_root_s1__reciprocal_s2__multiply_s3_o2__multiply_s4_o1__add_s5_o0__multiply_s6_o6,1491456,unpacked|unpacked|unpacked|unpacked|unpacked|unpacked|unpacked,[971, 1536]
609,0,1,2361,RMSNorm sumsq + fused epilogue,keep::reduce fold,omega_reduce_r2_o1_n2_multiply_add_zero_epi4_fused_identity_o4__multiply_s0_o3__add_s1_o2__square_root_s2__reciprocal_s3__multiply_s4_o1__multiply_s5_o0,248576,unpacked|unpacked,[971, 1536]
610,0,1,2363,matvec Q4_0,keep::reduce fold,omega_reduce_r4_o3_n2_multiply_add_zero,126976,Q4_0|unpacked,[971, 8, 256, 1536]
611,0,1,2365,RMSNorm sumsq,keep::reduce fold,omega_reduce_r3_o2_n2_multiply_add_zero,497152,unpacked|unpacked,[971, 8, 256]
612,0,1,2373,matvec Q4_0,keep::reduce fold,omega_reduce_r4_o3_n2_multiply_add_zero,15872,Q4_0|unpacked,[971, 1, 256, 1536]
613,0,1,2375,RMSNorm sumsq,keep::reduce fold,omega_reduce_r3_o2_n2_multiply_add_zero,62144,unpacked|unpacked,[971, 1, 256]
614,0,1,2381,norm apply,elementwise,omega_elementwise_r3_n5_fused_multiply_o3_o4__add_s0_o2__square_root_s1__reciprocal_s2__multiply_s3_o1__multiply_s4_o0,248576,unpacked|unpacked|unpacked|unpacked|unpacked,[971, 1, 256]
615,0,1,2387,RoPE,elementwise,omega_elementwise_r3_n4_fused_multiply_o0_o1__multiply_o2_o3__add_s0_s1,124288,unpacked|unpacked|unpacked|unpacked,[971, 1, 128]
616,0,1,2384,RoPE,elementwise,omega_elementwise_r3_n4_fused_multiply_o0_o1__multiply_o2_o3__subtract_s0_s1,124288,unpacked|unpacked|unpacked|unpacked,[971, 1, 128]
617,0,1,2389,matvec Q4_0,keep::reduce fold,omega_reduce_r4_o3_n2_multiply_add_zero,15872,Q4_0|unpacked,[971, 1, 256, 1536]
618,0,1,2391,RMSNorm sumsq,keep::reduce fold,omega_reduce_r3_o2_n2_multiply_add_zero,62144,unpacked|unpacked,[971, 1, 256]
619,0,1,2396,norm apply,elementwise,omega_elementwise_r3_n4_fused_multiply_o2_o3__add_s0_o1__square_root_s1__reciprocal_s2__multiply_s3_o0,248576,unpacked|unpacked|unpacked|unpacked,[971, 1, 256]
620,0,1,2371,norm apply,elementwise,omega_elementwise_r3_n5_fused_multiply_o3_o4__add_s0_o2__square_root_s1__reciprocal_s2__multiply_s3_o1__multiply_s4_o0,1988608,unpacked|unpacked|unpacked|unpacked|unpacked,[971, 8, 256]
621,0,1,2399,RoPE,elementwise,omega_elementwise_r3_n4_fused_multiply_o0_o1__multiply_o2_o3__subtract_s0_s1,994304,unpacked|unpacked|unpacked|unpacked,[971, 8, 128]
622,0,1,2402,RoPE,elementwise,omega_elementwise_r3_n4_fused_multiply_o0_o1__multiply_o2_o3__add_s0_s1,994304,unpacked|unpacked|unpacked|unpacked,[971, 8, 128]
623,0,1,2403,identity copy,elementwise,omega_elementwise_r4_n1_identity,994304,unpacked,[971, 1, 8, 128]
624,0,1,2404,identity copy,elementwise,omega_elementwise_r4_n1_identity,994304,unpacked,[971, 1, 8, 128]
625,0,1,2408,attention dot,keep::reduce fold,omega_reduce_r5_o4_n2_multiply_add_zero,31744,unpacked|unpacked,[971, 512, 1, 8, 128]
626,0,1,2415,attention dot,keep::reduce fold,omega_reduce_r5_o4_n2_multiply_add_zero,63488,unpacked|unpacked,[971, 971, 1, 8, 128]
627,0,1,2411,attention dot,keep::reduce fold,omega_reduce_r5_o4_n2_multiply_add_zero_epi3_fused_identity_o3__add_s0_o2__select_o0_o1_s1,31744,unpacked|unpacked,[971, 512, 1, 8, 128]
628,0,1,2418,attention dot,keep::reduce fold,omega_reduce_r5_o4_n2_multiply_add_zero_epi3_fused_identity_o3__add_s0_o2__select_o0_o1_s1,63488,unpacked|unpacked,[971, 971, 1, 8, 128]
629,0,1,2420,softmax max,keep::reduce fold,omega_reduce_r4_o3_n1_identity_maximum_negative_infinity,1988608,unpacked,[971, 971, 1, 8]
630,0,1,2421,softmax max,keep::reduce fold,omega_reduce_r4_o3_n1_identity_maximum_negative_infinity_epi1_fused_identity_o1__maximum_s0_o0,994304,unpacked,[971, 512, 1, 8]
631,0,1,2423,softmax exp,elementwise,omega_elementwise_r4_n2_fused_subtract_o0_o1__exponential_s0,3977216,unpacked|unpacked,[971, 512, 1, 8]
632,0,1,2426,softmax sum,keep::reduce fold,omega_reduce_r4_o3_n1_identity_add_zero,994304,unpacked,[971, 512, 1, 8]
633,0,1,2425,softmax exp,elementwise,omega_elementwise_r4_n2_fused_subtract_o0_o1__exponential_s0,7542728,unpacked|unpacked,[971, 971, 1, 8]
634,0,1,2427,softmax sum,keep::reduce fold,omega_reduce_r4_o3_n1_identity_add_zero,1988608,unpacked,[971, 971, 1, 8]
635,0,1,2431,attention AV,keep::reduce fold,omega_reduce_r5_o4_n2_multiply_add_zero,15872,unpacked|unpacked,[971, 512, 1, 8, 256]
636,0,1,2433,attention AV,keep::reduce fold,omega_reduce_r5_o4_n2_multiply_add_zero,15872,unpacked|unpacked,[971, 971, 1, 8, 256]
637,0,1,2435,RoPE,elementwise,omega_elementwise_r4_n4_fused_add_o0_o1__reciprocal_s0__add_o2_o3__multiply_s1_s2,1988608,unpacked|unpacked|unpacked|unpacked,[971, 1, 8, 256]
638,0,1,2437,matvec Q4_0,keep::reduce fold,omega_reduce_r5_o2_n2_multiply_add_zero,95232,Q4_0|unpacked,[971, 1, 8, 256, 1536]
639,0,1,2439,RMSNorm sumsq,keep::reduce fold,omega_reduce_r2_o1_n2_multiply_add_zero,248576,unpacked|unpacked,[971, 1536]
640,0,1,2446,norm apply,elementwise,omega_elementwise_r2_n6_fused_multiply_o4_o5__add_s0_o3__square_root_s1__reciprocal_s2__multiply_s3_o2__multiply_s4_o1__add_s5_o0,1491456,unpacked|unpacked|unpacked|unpacked|unpacked|unpacked,[971, 1536]
641,0,1,2454,RMSNorm sumsq + fused epilogue,keep::reduce fold,omega_reduce_r2_o1_n2_multiply_add_zero_epi4_fused_identity_o4__multiply_s0_o3__add_s1_o2__square_root_s2__reciprocal_s3__multiply_s4_o1__multiply_s5_o0,248576,unpacked|unpacked,[971, 1536]
642,0,1,2459,matvec Q4_0,keep::reduce fold,omega_reduce_r3_o2_n2_multiply_add_zero,380928,unpacked|Q4_0,[971, 1536, 6144]
643,0,1,2462,constant,constant,omega_constant_r0_v3f000000,1,,[]
644,0,1,2463,constant,constant,omega_constant_r0_v3d372713,1,,[]
645,0,1,2464,constant,constant,omega_constant_r0_v3f4c422a,1,,[]
646,0,1,2474,matvec Q4_0,keep::reduce fold,omega_reduce_r3_o2_n2_multiply_add_zero_epi9_fused_identity_o9__multiply_o5_o6__multiply_s1_o4__multiply_s2_o3__add_s3_o2__multiply_s4_o1__tanh_s5__add_s6_o0__multiply_o7_o8__multiply_s7_s8__multiply_s0_s9,380928,unpacked|Q4_0,[971, 1536, 6144]
647,0,1,2476,matvec Q4_0,keep::reduce fold,omega_reduce_r3_o2_n2_multiply_add_zero,95232,Q4_0|unpacked,[971, 6144, 1536]
648,0,1,2479,RMSNorm sumsq,keep::reduce fold,omega_reduce_r2_o1_n2_multiply_add_zero,248576,unpacked|unpacked,[971, 1536]
649,0,1,2486,norm apply,elementwise,omega_elementwise_r2_n6_fused_multiply_o4_o5__add_s0_o3__square_root_s1__reciprocal_s2__multiply_s3_o2__multiply_s4_o1__add_s5_o0,1491456,unpacked|unpacked|unpacked|unpacked|unpacked|unpacked,[971, 1536]
650,0,1,2489,matvec Q4_0,keep::reduce fold,omega_reduce_r3_o2_n2_multiply_add_zero,15872,unpacked|Q4_0,[971, 1536, 256]
651,0,1,2490,constant,constant,omega_constant_r0_v3f000000,1,,[]
652,0,1,2491,constant,constant,omega_constant_r0_v3d372713,1,,[]
653,0,1,2492,constant,constant,omega_constant_r0_v3f4c422a,1,,[]
654,0,1,2502,RMSNorm sumsq + fused epilogue,keep::reduce fold,omega_reduce_r2_o1_n2_multiply_add_zero_epi15_fused_identity_o15__identity_o0__multiply_s0_o4__add_s2_o3__square_root_s3__reciprocal_s4__multiply_s5_o2__multiply_s6_o1__add_s1_s7__multiply_s8_o5__multiply_o11_o12__multiply_s10_o10__multiply_s11_o9__add_s12_o8__multiply_s13_o7__tanh_s14__add_s15_o6__multiply_o13_o14__multiply_s16_s17__multiply_s9_s18,62144,unpacked|unpacked,[971, 256]
655,0,1,2505,matvec Q4_0,keep::reduce fold,omega_reduce_r3_o2_n2_multiply_add_zero,95232,unpacked|Q4_0,[971, 256, 1536]
656,0,1,2508,RMSNorm sumsq,keep::reduce fold,omega_reduce_r2_o1_n2_multiply_add_zero,248576,unpacked|unpacked,[971, 1536]
657,0,1,2521,identity copy,elementwise,omega_elementwise_r2_n1_identity,248576,unpacked,[971, 256]
658,0,1,2532,constant,constant,omega_constant_r0_v3f3504f3,1,,[]
659,0,1,2517,norm apply,elementwise,omega_elementwise_r2_n7_fused_multiply_o4_o5__add_s0_o3__square_root_s1__reciprocal_s2__multiply_s3_o2__multiply_s4_o1__add_s5_o0__multiply_s6_o6,1491456,unpacked|unpacked|unpacked|unpacked|unpacked|unpacked|unpacked,[971, 1536]
660,0,1,2550,RMSNorm sumsq + fused epilogue,keep::reduce fold,omega_reduce_r2_o1_n2_multiply_add_zero_epi4_fused_identity_o4__multiply_s0_o3__add_s1_o2__square_root_s2__reciprocal_s3__multiply_s4_o1__multiply_s5_o0,248576,unpacked|unpacked,[971, 1536]
661,0,1,2552,matvec Q4_0,keep::reduce fold,omega_reduce_r4_o3_n2_multiply_add_zero,126976,Q4_0|unpacked,[971, 8, 256, 1536]
662,0,1,2554,RMSNorm sumsq,keep::reduce fold,omega_reduce_r3_o2_n2_multiply_add_zero,497152,unpacked|unpacked,[971, 8, 256]
663,0,1,2562,matvec Q4_0,keep::reduce fold,omega_reduce_r4_o3_n2_multiply_add_zero,15872,Q4_0|unpacked,[971, 1, 256, 1536]
664,0,1,2564,RMSNorm sumsq,keep::reduce fold,omega_reduce_r3_o2_n2_multiply_add_zero,62144,unpacked|unpacked,[971, 1, 256]
665,0,1,2570,norm apply,elementwise,omega_elementwise_r3_n5_fused_multiply_o3_o4__add_s0_o2__square_root_s1__reciprocal_s2__multiply_s3_o1__multiply_s4_o0,248576,unpacked|unpacked|unpacked|unpacked|unpacked,[971, 1, 256]
666,0,1,2576,RoPE,elementwise,omega_elementwise_r3_n4_fused_multiply_o0_o1__multiply_o2_o3__add_s0_s1,124288,unpacked|unpacked|unpacked|unpacked,[971, 1, 128]
667,0,1,2573,RoPE,elementwise,omega_elementwise_r3_n4_fused_multiply_o0_o1__multiply_o2_o3__subtract_s0_s1,124288,unpacked|unpacked|unpacked|unpacked,[971, 1, 128]
668,0,1,2578,matvec Q4_0,keep::reduce fold,omega_reduce_r4_o3_n2_multiply_add_zero,15872,Q4_0|unpacked,[971, 1, 256, 1536]
669,0,1,2580,RMSNorm sumsq,keep::reduce fold,omega_reduce_r3_o2_n2_multiply_add_zero,62144,unpacked|unpacked,[971, 1, 256]
670,0,1,2585,norm apply,elementwise,omega_elementwise_r3_n4_fused_multiply_o2_o3__add_s0_o1__square_root_s1__reciprocal_s2__multiply_s3_o0,248576,unpacked|unpacked|unpacked|unpacked,[971, 1, 256]
671,0,1,2560,norm apply,elementwise,omega_elementwise_r3_n5_fused_multiply_o3_o4__add_s0_o2__square_root_s1__reciprocal_s2__multiply_s3_o1__multiply_s4_o0,1988608,unpacked|unpacked|unpacked|unpacked|unpacked,[971, 8, 256]
672,0,1,2588,RoPE,elementwise,omega_elementwise_r3_n4_fused_multiply_o0_o1__multiply_o2_o3__subtract_s0_s1,994304,unpacked|unpacked|unpacked|unpacked,[971, 8, 128]
673,0,1,2591,RoPE,elementwise,omega_elementwise_r3_n4_fused_multiply_o0_o1__multiply_o2_o3__add_s0_s1,994304,unpacked|unpacked|unpacked|unpacked,[971, 8, 128]
674,0,1,2592,identity copy,elementwise,omega_elementwise_r4_n1_identity,994304,unpacked,[971, 1, 8, 128]
675,0,1,2593,identity copy,elementwise,omega_elementwise_r4_n1_identity,994304,unpacked,[971, 1, 8, 128]
676,0,1,2597,attention dot,keep::reduce fold,omega_reduce_r5_o4_n2_multiply_add_zero,31744,unpacked|unpacked,[971, 512, 1, 8, 128]
677,0,1,2604,attention dot,keep::reduce fold,omega_reduce_r5_o4_n2_multiply_add_zero,63488,unpacked|unpacked,[971, 971, 1, 8, 128]
678,0,1,2600,attention dot,keep::reduce fold,omega_reduce_r5_o4_n2_multiply_add_zero_epi3_fused_identity_o3__add_s0_o2__select_o0_o1_s1,31744,unpacked|unpacked,[971, 512, 1, 8, 128]
679,0,1,2607,attention dot,keep::reduce fold,omega_reduce_r5_o4_n2_multiply_add_zero_epi3_fused_identity_o3__add_s0_o2__select_o0_o1_s1,63488,unpacked|unpacked,[971, 971, 1, 8, 128]
680,0,1,2609,softmax max,keep::reduce fold,omega_reduce_r4_o3_n1_identity_maximum_negative_infinity,1988608,unpacked,[971, 971, 1, 8]
681,0,1,2610,softmax max,keep::reduce fold,omega_reduce_r4_o3_n1_identity_maximum_negative_infinity_epi1_fused_identity_o1__maximum_s0_o0,994304,unpacked,[971, 512, 1, 8]
682,0,1,2612,softmax exp,elementwise,omega_elementwise_r4_n2_fused_subtract_o0_o1__exponential_s0,3977216,unpacked|unpacked,[971, 512, 1, 8]
683,0,1,2615,softmax sum,keep::reduce fold,omega_reduce_r4_o3_n1_identity_add_zero,994304,unpacked,[971, 512, 1, 8]
684,0,1,2614,softmax exp,elementwise,omega_elementwise_r4_n2_fused_subtract_o0_o1__exponential_s0,7542728,unpacked|unpacked,[971, 971, 1, 8]
685,0,1,2616,softmax sum,keep::reduce fold,omega_reduce_r4_o3_n1_identity_add_zero,1988608,unpacked,[971, 971, 1, 8]
686,0,1,2620,attention AV,keep::reduce fold,omega_reduce_r5_o4_n2_multiply_add_zero,15872,unpacked|unpacked,[971, 512, 1, 8, 256]
687,0,1,2622,attention AV,keep::reduce fold,omega_reduce_r5_o4_n2_multiply_add_zero,15872,unpacked|unpacked,[971, 971, 1, 8, 256]
688,0,1,2624,RoPE,elementwise,omega_elementwise_r4_n4_fused_add_o0_o1__reciprocal_s0__add_o2_o3__multiply_s1_s2,1988608,unpacked|unpacked|unpacked|unpacked,[971, 1, 8, 256]
689,0,1,2626,matvec Q4_0,keep::reduce fold,omega_reduce_r5_o2_n2_multiply_add_zero,95232,Q4_0|unpacked,[971, 1, 8, 256, 1536]
690,0,1,2628,RMSNorm sumsq,keep::reduce fold,omega_reduce_r2_o1_n2_multiply_add_zero,248576,unpacked|unpacked,[971, 1536]
691,0,1,2635,norm apply,elementwise,omega_elementwise_r2_n6_fused_multiply_o4_o5__add_s0_o3__square_root_s1__reciprocal_s2__multiply_s3_o2__multiply_s4_o1__add_s5_o0,1491456,unpacked|unpacked|unpacked|unpacked|unpacked|unpacked,[971, 1536]
692,0,1,2643,RMSNorm sumsq + fused epilogue,keep::reduce fold,omega_reduce_r2_o1_n2_multiply_add_zero_epi4_fused_identity_o4__multiply_s0_o3__add_s1_o2__square_root_s2__reciprocal_s3__multiply_s4_o1__multiply_s5_o0,248576,unpacked|unpacked,[971, 1536]
693,0,1,2648,matvec Q4_0,keep::reduce fold,omega_reduce_r3_o2_n2_multiply_add_zero,380928,unpacked|Q4_0,[971, 1536, 6144]
694,0,1,2651,constant,constant,omega_constant_r0_v3f000000,1,,[]
695,0,1,2652,constant,constant,omega_constant_r0_v3d372713,1,,[]
696,0,1,2653,constant,constant,omega_constant_r0_v3f4c422a,1,,[]
697,0,1,2663,matvec Q4_0,keep::reduce fold,omega_reduce_r3_o2_n2_multiply_add_zero_epi9_fused_identity_o9__multiply_o5_o6__multiply_s1_o4__multiply_s2_o3__add_s3_o2__multiply_s4_o1__tanh_s5__add_s6_o0__multiply_o7_o8__multiply_s7_s8__multiply_s0_s9,380928,unpacked|Q4_0,[971, 1536, 6144]
698,0,1,2665,matvec Q4_0,keep::reduce fold,omega_reduce_r3_o2_n2_multiply_add_zero,95232,Q4_0|unpacked,[971, 6144, 1536]
699,0,1,2668,RMSNorm sumsq,keep::reduce fold,omega_reduce_r2_o1_n2_multiply_add_zero,248576,unpacked|unpacked,[971, 1536]
700,0,1,2675,norm apply,elementwise,omega_elementwise_r2_n6_fused_multiply_o4_o5__add_s0_o3__square_root_s1__reciprocal_s2__multiply_s3_o2__multiply_s4_o1__add_s5_o0,1491456,unpacked|unpacked|unpacked|unpacked|unpacked|unpacked,[971, 1536]
701,0,1,2678,matvec Q4_0,keep::reduce fold,omega_reduce_r3_o2_n2_multiply_add_zero,15872,unpacked|Q4_0,[971, 1536, 256]
702,0,1,2679,constant,constant,omega_constant_r0_v3f000000,1,,[]
703,0,1,2680,constant,constant,omega_constant_r0_v3d372713,1,,[]
704,0,1,2681,constant,constant,omega_constant_r0_v3f4c422a,1,,[]
705,0,1,2691,RMSNorm sumsq + fused epilogue,keep::reduce fold,omega_reduce_r2_o1_n2_multiply_add_zero_epi15_fused_identity_o15__identity_o0__multiply_s0_o4__add_s2_o3__square_root_s3__reciprocal_s4__multiply_s5_o2__multiply_s6_o1__add_s1_s7__multiply_s8_o5__multiply_o11_o12__multiply_s10_o10__multiply_s11_o9__add_s12_o8__multiply_s13_o7__tanh_s14__add_s15_o6__multiply_o13_o14__multiply_s16_s17__multiply_s9_s18,62144,unpacked|unpacked,[971, 256]
706,0,1,2694,matvec Q4_0,keep::reduce fold,omega_reduce_r3_o2_n2_multiply_add_zero,95232,unpacked|Q4_0,[971, 256, 1536]
707,0,1,2697,RMSNorm sumsq,keep::reduce fold,omega_reduce_r2_o1_n2_multiply_add_zero,248576,unpacked|unpacked,[971, 1536]
708,0,1,2710,identity copy,elementwise,omega_elementwise_r2_n1_identity,248576,unpacked,[971, 256]
709,0,1,2721,constant,constant,omega_constant_r0_v3f3504f3,1,,[]
710,0,1,2706,norm apply,elementwise,omega_elementwise_r2_n7_fused_multiply_o4_o5__add_s0_o3__square_root_s1__reciprocal_s2__multiply_s3_o2__multiply_s4_o1__add_s5_o0__multiply_s6_o6,1491456,unpacked|unpacked|unpacked|unpacked|unpacked|unpacked|unpacked,[971, 1536]
711,0,1,2739,RMSNorm sumsq + fused epilogue,keep::reduce fold,omega_reduce_r2_o1_n2_multiply_add_zero_epi4_fused_identity_o4__multiply_s0_o3__add_s1_o2__square_root_s2__reciprocal_s3__multiply_s4_o1__multiply_s5_o0,248576,unpacked|unpacked,[971, 1536]
712,0,1,2741,matvec Q4_0,keep::reduce fold,omega_reduce_r4_o3_n2_multiply_add_zero,253952,Q4_0|unpacked,[971, 8, 512, 1536]
713,0,1,2743,RMSNorm sumsq,keep::reduce fold,omega_reduce_r3_o2_n2_multiply_add_zero,994304,unpacked|unpacked,[971, 8, 512]
714,0,1,2751,matvec Q4_0,keep::reduce fold,omega_reduce_r4_o3_n2_multiply_add_zero,31744,Q4_0|unpacked,[971, 1, 512, 1536]
715,0,1,2753,RMSNorm sumsq,keep::reduce fold,omega_reduce_r3_o2_n2_multiply_add_zero,124288,unpacked|unpacked,[971, 1, 512]
716,0,1,2759,norm apply,elementwise,omega_elementwise_r3_n5_fused_multiply_o3_o4__add_s0_o2__square_root_s1__reciprocal_s2__multiply_s3_o1__multiply_s4_o0,497152,unpacked|unpacked|unpacked|unpacked|unpacked,[971, 1, 512]
717,0,1,2765,RoPE,elementwise,omega_elementwise_r3_n4_fused_multiply_o0_o1__multiply_o2_o3__add_s0_s1,248576,unpacked|unpacked|unpacked|unpacked,[971, 1, 256]
718,0,1,2762,RoPE,elementwise,omega_elementwise_r3_n4_fused_multiply_o0_o1__multiply_o2_o3__subtract_s0_s1,248576,unpacked|unpacked|unpacked|unpacked,[971, 1, 256]
719,0,1,2767,matvec Q4_0,keep::reduce fold,omega_reduce_r4_o3_n2_multiply_add_zero,31744,Q4_0|unpacked,[971, 1, 512, 1536]
720,0,1,2769,RMSNorm sumsq,keep::reduce fold,omega_reduce_r3_o2_n2_multiply_add_zero,124288,unpacked|unpacked,[971, 1, 512]
721,0,1,2774,norm apply,elementwise,omega_elementwise_r3_n4_fused_multiply_o2_o3__add_s0_o1__square_root_s1__reciprocal_s2__multiply_s3_o0,497152,unpacked|unpacked|unpacked|unpacked,[971, 1, 512]
722,0,1,2749,norm apply,elementwise,omega_elementwise_r3_n5_fused_multiply_o3_o4__add_s0_o2__square_root_s1__reciprocal_s2__multiply_s3_o1__multiply_s4_o0,3977216,unpacked|unpacked|unpacked|unpacked|unpacked,[971, 8, 512]
723,0,1,2777,RoPE,elementwise,omega_elementwise_r3_n4_fused_multiply_o0_o1__multiply_o2_o3__subtract_s0_s1,1988608,unpacked|unpacked|unpacked|unpacked,[971, 8, 256]
724,0,1,2780,RoPE,elementwise,omega_elementwise_r3_n4_fused_multiply_o0_o1__multiply_o2_o3__add_s0_s1,1988608,unpacked|unpacked|unpacked|unpacked,[971, 8, 256]
725,0,1,2813,cached attention partial,cached_attention,omega_cached_attention_q971_c992_n971_h1_g8_d512_s3f800000_ln9223372036854775808_up0_cb,248576,unpacked|unpacked|unpacked|unpacked|unpacked|unpacked|unpacked|unpacked|unpacked,[971, 1, 8, 512]
726,0,1,2815,matvec Q4_0,keep::reduce fold,omega_reduce_r5_o2_n2_multiply_add_zero,95232,Q4_0|unpacked,[971, 1, 8, 512, 1536]
727,0,1,2817,RMSNorm sumsq,keep::reduce fold,omega_reduce_r2_o1_n2_multiply_add_zero,248576,unpacked|unpacked,[971, 1536]
728,0,1,2824,norm apply,elementwise,omega_elementwise_r2_n6_fused_multiply_o4_o5__add_s0_o3__square_root_s1__reciprocal_s2__multiply_s3_o2__multiply_s4_o1__add_s5_o0,1491456,unpacked|unpacked|unpacked|unpacked|unpacked|unpacked,[971, 1536]
729,0,1,2832,RMSNorm sumsq + fused epilogue,keep::reduce fold,omega_reduce_r2_o1_n2_multiply_add_zero_epi4_fused_identity_o4__multiply_s0_o3__add_s1_o2__square_root_s2__reciprocal_s3__multiply_s4_o1__multiply_s5_o0,248576,unpacked|unpacked,[971, 1536]
730,0,1,2837,matvec Q4_0,keep::reduce fold,omega_reduce_r3_o2_n2_multiply_add_zero,380928,unpacked|Q4_0,[971, 1536, 6144]
731,0,1,2840,constant,constant,omega_constant_r0_v3f000000,1,,[]
732,0,1,2841,constant,constant,omega_constant_r0_v3d372713,1,,[]
733,0,1,2842,constant,constant,omega_constant_r0_v3f4c422a,1,,[]
734,0,1,2852,matvec Q4_0,keep::reduce fold,omega_reduce_r3_o2_n2_multiply_add_zero_epi9_fused_identity_o9__multiply_o5_o6__multiply_s1_o4__multiply_s2_o3__add_s3_o2__multiply_s4_o1__tanh_s5__add_s6_o0__multiply_o7_o8__multiply_s7_s8__multiply_s0_s9,380928,unpacked|Q4_0,[971, 1536, 6144]
735,0,1,2854,matvec Q4_0,keep::reduce fold,omega_reduce_r3_o2_n2_multiply_add_zero,95232,Q4_0|unpacked,[971, 6144, 1536]
736,0,1,2857,RMSNorm sumsq,keep::reduce fold,omega_reduce_r2_o1_n2_multiply_add_zero,248576,unpacked|unpacked,[971, 1536]
737,0,1,2864,norm apply,elementwise,omega_elementwise_r2_n6_fused_multiply_o4_o5__add_s0_o3__square_root_s1__reciprocal_s2__multiply_s3_o2__multiply_s4_o1__add_s5_o0,1491456,unpacked|unpacked|unpacked|unpacked|unpacked|unpacked,[971, 1536]
738,0,1,2867,matvec Q4_0,keep::reduce fold,omega_reduce_r3_o2_n2_multiply_add_zero,15872,unpacked|Q4_0,[971, 1536, 256]
739,0,1,2868,constant,constant,omega_constant_r0_v3f000000,1,,[]
740,0,1,2869,constant,constant,omega_constant_r0_v3d372713,1,,[]
741,0,1,2870,constant,constant,omega_constant_r0_v3f4c422a,1,,[]
742,0,1,2880,RMSNorm sumsq + fused epilogue,keep::reduce fold,omega_reduce_r2_o1_n2_multiply_add_zero_epi15_fused_identity_o15__identity_o0__multiply_s0_o4__add_s2_o3__square_root_s3__reciprocal_s4__multiply_s5_o2__multiply_s6_o1__add_s1_s7__multiply_s8_o5__multiply_o11_o12__multiply_s10_o10__multiply_s11_o9__add_s12_o8__multiply_s13_o7__tanh_s14__add_s15_o6__multiply_o13_o14__multiply_s16_s17__multiply_s9_s18,62144,unpacked|unpacked,[971, 256]
743,0,1,2883,matvec Q4_0,keep::reduce fold,omega_reduce_r3_o2_n2_multiply_add_zero,95232,unpacked|Q4_0,[971, 256, 1536]
744,0,1,2886,RMSNorm sumsq,keep::reduce fold,omega_reduce_r2_o1_n2_multiply_add_zero,248576,unpacked|unpacked,[971, 1536]
745,0,1,2899,identity copy,elementwise,omega_elementwise_r2_n1_identity,248576,unpacked,[971, 256]
746,0,1,2910,constant,constant,omega_constant_r0_v3f3504f3,1,,[]
747,0,1,2895,norm apply,elementwise,omega_elementwise_r2_n7_fused_multiply_o4_o5__add_s0_o3__square_root_s1__reciprocal_s2__multiply_s3_o2__multiply_s4_o1__add_s5_o0__multiply_s6_o6,1491456,unpacked|unpacked|unpacked|unpacked|unpacked|unpacked|unpacked,[971, 1536]
748,0,1,2922,RMSNorm sumsq + fused epilogue,keep::reduce fold,omega_reduce_r2_o1_n2_multiply_add_zero_epi4_fused_identity_o4__multiply_s0_o3__add_s1_o2__square_root_s2__reciprocal_s3__multiply_s4_o1__multiply_s5_o0,248576,unpacked|unpacked,[971, 1536]
749,0,1,2924,matvec Q4_0,keep::reduce fold,omega_reduce_r4_o3_n2_multiply_add_zero,126976,Q4_0|unpacked,[971, 8, 256, 1536]
750,0,1,2926,RMSNorm sumsq,keep::reduce fold,omega_reduce_r3_o2_n2_multiply_add_zero,497152,unpacked|unpacked,[971, 8, 256]
751,0,1,2932,norm apply,elementwise,omega_elementwise_r3_n5_fused_multiply_o3_o4__add_s0_o2__square_root_s1__reciprocal_s2__multiply_s3_o1__multiply_s4_o0,1988608,unpacked|unpacked|unpacked|unpacked|unpacked,[971, 8, 256]
752,0,1,2935,RoPE,elementwise,omega_elementwise_r3_n4_fused_multiply_o0_o1__multiply_o2_o3__subtract_s0_s1,994304,unpacked|unpacked|unpacked|unpacked,[971, 8, 128]
753,0,1,2938,RoPE,elementwise,omega_elementwise_r3_n4_fused_multiply_o0_o1__multiply_o2_o3__add_s0_s1,994304,unpacked|unpacked|unpacked|unpacked,[971, 8, 128]
754,0,1,2939,identity copy,elementwise,omega_elementwise_r4_n1_identity,994304,unpacked,[971, 1, 8, 128]
755,0,1,2940,identity copy,elementwise,omega_elementwise_r4_n1_identity,994304,unpacked,[971, 1, 8, 128]
756,0,1,2944,attention dot,keep::reduce fold,omega_reduce_r5_o4_n2_multiply_add_zero,31744,unpacked|unpacked,[971, 512, 1, 8, 128]
757,0,1,2951,attention dot,keep::reduce fold,omega_reduce_r5_o4_n2_multiply_add_zero,63488,unpacked|unpacked,[971, 971, 1, 8, 128]
758,0,1,2947,attention dot,keep::reduce fold,omega_reduce_r5_o4_n2_multiply_add_zero_epi3_fused_identity_o3__add_s0_o2__select_o0_o1_s1,31744,unpacked|unpacked,[971, 512, 1, 8, 128]
759,0,1,2954,attention dot,keep::reduce fold,omega_reduce_r5_o4_n2_multiply_add_zero_epi3_fused_identity_o3__add_s0_o2__select_o0_o1_s1,63488,unpacked|unpacked,[971, 971, 1, 8, 128]
760,0,1,2956,softmax max,keep::reduce fold,omega_reduce_r4_o3_n1_identity_maximum_negative_infinity,1988608,unpacked,[971, 971, 1, 8]
761,0,1,2957,softmax max,keep::reduce fold,omega_reduce_r4_o3_n1_identity_maximum_negative_infinity_epi1_fused_identity_o1__maximum_s0_o0,994304,unpacked,[971, 512, 1, 8]
762,0,1,2959,softmax exp,elementwise,omega_elementwise_r4_n2_fused_subtract_o0_o1__exponential_s0,3977216,unpacked|unpacked,[971, 512, 1, 8]
763,0,1,2962,softmax sum,keep::reduce fold,omega_reduce_r4_o3_n1_identity_add_zero,994304,unpacked,[971, 512, 1, 8]
764,0,1,2961,softmax exp,elementwise,omega_elementwise_r4_n2_fused_subtract_o0_o1__exponential_s0,7542728,unpacked|unpacked,[971, 971, 1, 8]
765,0,1,2963,softmax sum,keep::reduce fold,omega_reduce_r4_o3_n1_identity_add_zero,1988608,unpacked,[971, 971, 1, 8]
766,0,1,2967,attention AV,keep::reduce fold,omega_reduce_r5_o4_n2_multiply_add_zero,15872,unpacked|unpacked,[971, 512, 1, 8, 256]
767,0,1,2969,attention AV,keep::reduce fold,omega_reduce_r5_o4_n2_multiply_add_zero,15872,unpacked|unpacked,[971, 971, 1, 8, 256]
768,0,1,2971,RoPE,elementwise,omega_elementwise_r4_n4_fused_add_o0_o1__reciprocal_s0__add_o2_o3__multiply_s1_s2,1988608,unpacked|unpacked|unpacked|unpacked,[971, 1, 8, 256]
769,0,1,2973,matvec Q4_0,keep::reduce fold,omega_reduce_r5_o2_n2_multiply_add_zero,95232,Q4_0|unpacked,[971, 1, 8, 256, 1536]
770,0,1,2975,RMSNorm sumsq,keep::reduce fold,omega_reduce_r2_o1_n2_multiply_add_zero,248576,unpacked|unpacked,[971, 1536]
771,0,1,2982,norm apply,elementwise,omega_elementwise_r2_n6_fused_multiply_o4_o5__add_s0_o3__square_root_s1__reciprocal_s2__multiply_s3_o2__multiply_s4_o1__add_s5_o0,1491456,unpacked|unpacked|unpacked|unpacked|unpacked|unpacked,[971, 1536]
772,0,1,2990,RMSNorm sumsq + fused epilogue,keep::reduce fold,omega_reduce_r2_o1_n2_multiply_add_zero_epi4_fused_identity_o4__multiply_s0_o3__add_s1_o2__square_root_s2__reciprocal_s3__multiply_s4_o1__multiply_s5_o0,248576,unpacked|unpacked,[971, 1536]
773,0,1,2995,matvec Q4_0,keep::reduce fold,omega_reduce_r3_o2_n2_multiply_add_zero,761856,unpacked|Q4_0,[971, 1536, 12288]
774,0,1,2998,constant,constant,omega_constant_r0_v3f000000,1,,[]
775,0,1,2999,constant,constant,omega_constant_r0_v3d372713,1,,[]
776,0,1,3000,constant,constant,omega_constant_r0_v3f4c422a,1,,[]
777,0,1,3010,matvec Q4_0,keep::reduce fold,omega_reduce_r3_o2_n2_multiply_add_zero_epi9_fused_identity_o9__multiply_o5_o6__multiply_s1_o4__multiply_s2_o3__add_s3_o2__multiply_s4_o1__tanh_s5__add_s6_o0__multiply_o7_o8__multiply_s7_s8__multiply_s0_s9,761856,unpacked|Q4_0,[971, 1536, 12288]
778,0,1,3012,matvec Q4_0,keep::reduce fold,omega_reduce_r3_o2_n2_multiply_add_zero,95232,Q4_0|unpacked,[971, 12288, 1536]
779,0,1,3015,RMSNorm sumsq,keep::reduce fold,omega_reduce_r2_o1_n2_multiply_add_zero,248576,unpacked|unpacked,[971, 1536]
780,0,1,3022,norm apply,elementwise,omega_elementwise_r2_n6_fused_multiply_o4_o5__add_s0_o3__square_root_s1__reciprocal_s2__multiply_s3_o2__multiply_s4_o1__add_s5_o0,1491456,unpacked|unpacked|unpacked|unpacked|unpacked|unpacked,[971, 1536]
781,0,1,3025,matvec Q4_0,keep::reduce fold,omega_reduce_r3_o2_n2_multiply_add_zero,15872,unpacked|Q4_0,[971, 1536, 256]
782,0,1,3026,constant,constant,omega_constant_r0_v3f000000,1,,[]
783,0,1,3027,constant,constant,omega_constant_r0_v3d372713,1,,[]
784,0,1,3028,constant,constant,omega_constant_r0_v3f4c422a,1,,[]
785,0,1,3038,RMSNorm sumsq + fused epilogue,keep::reduce fold,omega_reduce_r2_o1_n2_multiply_add_zero_epi15_fused_identity_o15__identity_o0__multiply_s0_o4__add_s2_o3__square_root_s3__reciprocal_s4__multiply_s5_o2__multiply_s6_o1__add_s1_s7__multiply_s8_o5__multiply_o11_o12__multiply_s10_o10__multiply_s11_o9__add_s12_o8__multiply_s13_o7__tanh_s14__add_s15_o6__multiply_o13_o14__multiply_s16_s17__multiply_s9_s18,62144,unpacked|unpacked,[971, 256]
786,0,1,3041,matvec Q4_0,keep::reduce fold,omega_reduce_r3_o2_n2_multiply_add_zero,95232,unpacked|Q4_0,[971, 256, 1536]
787,0,1,3044,RMSNorm sumsq,keep::reduce fold,omega_reduce_r2_o1_n2_multiply_add_zero,248576,unpacked|unpacked,[971, 1536]
788,0,1,3057,identity copy,elementwise,omega_elementwise_r2_n1_identity,248576,unpacked,[971, 256]
789,0,1,3068,constant,constant,omega_constant_r0_v3f3504f3,1,,[]
790,0,1,3053,norm apply,elementwise,omega_elementwise_r2_n7_fused_multiply_o4_o5__add_s0_o3__square_root_s1__reciprocal_s2__multiply_s3_o2__multiply_s4_o1__add_s5_o0__multiply_s6_o6,1491456,unpacked|unpacked|unpacked|unpacked|unpacked|unpacked|unpacked,[971, 1536]
791,0,1,3080,RMSNorm sumsq + fused epilogue,keep::reduce fold,omega_reduce_r2_o1_n2_multiply_add_zero_epi4_fused_identity_o4__multiply_s0_o3__add_s1_o2__square_root_s2__reciprocal_s3__multiply_s4_o1__multiply_s5_o0,248576,unpacked|unpacked,[971, 1536]
792,0,1,3082,matvec Q4_0,keep::reduce fold,omega_reduce_r4_o3_n2_multiply_add_zero,126976,Q4_0|unpacked,[971, 8, 256, 1536]
793,0,1,3084,RMSNorm sumsq,keep::reduce fold,omega_reduce_r3_o2_n2_multiply_add_zero,497152,unpacked|unpacked,[971, 8, 256]
794,0,1,3090,norm apply,elementwise,omega_elementwise_r3_n5_fused_multiply_o3_o4__add_s0_o2__square_root_s1__reciprocal_s2__multiply_s3_o1__multiply_s4_o0,1988608,unpacked|unpacked|unpacked|unpacked|unpacked,[971, 8, 256]
795,0,1,3093,RoPE,elementwise,omega_elementwise_r3_n4_fused_multiply_o0_o1__multiply_o2_o3__subtract_s0_s1,994304,unpacked|unpacked|unpacked|unpacked,[971, 8, 128]
796,0,1,3096,RoPE,elementwise,omega_elementwise_r3_n4_fused_multiply_o0_o1__multiply_o2_o3__add_s0_s1,994304,unpacked|unpacked|unpacked|unpacked,[971, 8, 128]
797,0,1,3097,identity copy,elementwise,omega_elementwise_r4_n1_identity,994304,unpacked,[971, 1, 8, 128]
798,0,1,3098,identity copy,elementwise,omega_elementwise_r4_n1_identity,994304,unpacked,[971, 1, 8, 128]
799,0,1,3102,attention dot,keep::reduce fold,omega_reduce_r5_o4_n2_multiply_add_zero,31744,unpacked|unpacked,[971, 512, 1, 8, 128]
800,0,1,3109,attention dot,keep::reduce fold,omega_reduce_r5_o4_n2_multiply_add_zero,63488,unpacked|unpacked,[971, 971, 1, 8, 128]
801,0,1,3105,attention dot,keep::reduce fold,omega_reduce_r5_o4_n2_multiply_add_zero_epi3_fused_identity_o3__add_s0_o2__select_o0_o1_s1,31744,unpacked|unpacked,[971, 512, 1, 8, 128]
802,0,1,3112,attention dot,keep::reduce fold,omega_reduce_r5_o4_n2_multiply_add_zero_epi3_fused_identity_o3__add_s0_o2__select_o0_o1_s1,63488,unpacked|unpacked,[971, 971, 1, 8, 128]
803,0,1,3114,softmax max,keep::reduce fold,omega_reduce_r4_o3_n1_identity_maximum_negative_infinity,1988608,unpacked,[971, 971, 1, 8]
804,0,1,3115,softmax max,keep::reduce fold,omega_reduce_r4_o3_n1_identity_maximum_negative_infinity_epi1_fused_identity_o1__maximum_s0_o0,994304,unpacked,[971, 512, 1, 8]
805,0,1,3117,softmax exp,elementwise,omega_elementwise_r4_n2_fused_subtract_o0_o1__exponential_s0,3977216,unpacked|unpacked,[971, 512, 1, 8]
806,0,1,3120,softmax sum,keep::reduce fold,omega_reduce_r4_o3_n1_identity_add_zero,994304,unpacked,[971, 512, 1, 8]
807,0,1,3119,softmax exp,elementwise,omega_elementwise_r4_n2_fused_subtract_o0_o1__exponential_s0,7542728,unpacked|unpacked,[971, 971, 1, 8]
808,0,1,3121,softmax sum,keep::reduce fold,omega_reduce_r4_o3_n1_identity_add_zero,1988608,unpacked,[971, 971, 1, 8]
809,0,1,3125,attention AV,keep::reduce fold,omega_reduce_r5_o4_n2_multiply_add_zero,15872,unpacked|unpacked,[971, 512, 1, 8, 256]
810,0,1,3127,attention AV,keep::reduce fold,omega_reduce_r5_o4_n2_multiply_add_zero,15872,unpacked|unpacked,[971, 971, 1, 8, 256]
811,0,1,3129,RoPE,elementwise,omega_elementwise_r4_n4_fused_add_o0_o1__reciprocal_s0__add_o2_o3__multiply_s1_s2,1988608,unpacked|unpacked|unpacked|unpacked,[971, 1, 8, 256]
812,0,1,3131,matvec Q4_0,keep::reduce fold,omega_reduce_r5_o2_n2_multiply_add_zero,95232,Q4_0|unpacked,[971, 1, 8, 256, 1536]
813,0,1,3133,RMSNorm sumsq,keep::reduce fold,omega_reduce_r2_o1_n2_multiply_add_zero,248576,unpacked|unpacked,[971, 1536]
814,0,1,3140,norm apply,elementwise,omega_elementwise_r2_n6_fused_multiply_o4_o5__add_s0_o3__square_root_s1__reciprocal_s2__multiply_s3_o2__multiply_s4_o1__add_s5_o0,1491456,unpacked|unpacked|unpacked|unpacked|unpacked|unpacked,[971, 1536]
815,0,1,3148,RMSNorm sumsq + fused epilogue,keep::reduce fold,omega_reduce_r2_o1_n2_multiply_add_zero_epi4_fused_identity_o4__multiply_s0_o3__add_s1_o2__square_root_s2__reciprocal_s3__multiply_s4_o1__multiply_s5_o0,248576,unpacked|unpacked,[971, 1536]
816,0,1,3153,matvec Q4_0,keep::reduce fold,omega_reduce_r3_o2_n2_multiply_add_zero,761856,unpacked|Q4_0,[971, 1536, 12288]
817,0,1,3156,constant,constant,omega_constant_r0_v3f000000,1,,[]
818,0,1,3157,constant,constant,omega_constant_r0_v3d372713,1,,[]
819,0,1,3158,constant,constant,omega_constant_r0_v3f4c422a,1,,[]
820,0,1,3168,matvec Q4_0,keep::reduce fold,omega_reduce_r3_o2_n2_multiply_add_zero_epi9_fused_identity_o9__multiply_o5_o6__multiply_s1_o4__multiply_s2_o3__add_s3_o2__multiply_s4_o1__tanh_s5__add_s6_o0__multiply_o7_o8__multiply_s7_s8__multiply_s0_s9,761856,unpacked|Q4_0,[971, 1536, 12288]
821,0,1,3170,matvec Q4_0,keep::reduce fold,omega_reduce_r3_o2_n2_multiply_add_zero,95232,Q4_0|unpacked,[971, 12288, 1536]
822,0,1,3173,RMSNorm sumsq,keep::reduce fold,omega_reduce_r2_o1_n2_multiply_add_zero,248576,unpacked|unpacked,[971, 1536]
823,0,1,3180,norm apply,elementwise,omega_elementwise_r2_n6_fused_multiply_o4_o5__add_s0_o3__square_root_s1__reciprocal_s2__multiply_s3_o2__multiply_s4_o1__add_s5_o0,1491456,unpacked|unpacked|unpacked|unpacked|unpacked|unpacked,[971, 1536]
824,0,1,3183,matvec Q4_0,keep::reduce fold,omega_reduce_r3_o2_n2_multiply_add_zero,15872,unpacked|Q4_0,[971, 1536, 256]
825,0,1,3184,constant,constant,omega_constant_r0_v3f000000,1,,[]
826,0,1,3185,constant,constant,omega_constant_r0_v3d372713,1,,[]
827,0,1,3186,constant,constant,omega_constant_r0_v3f4c422a,1,,[]
828,0,1,3196,RMSNorm sumsq + fused epilogue,keep::reduce fold,omega_reduce_r2_o1_n2_multiply_add_zero_epi15_fused_identity_o15__identity_o0__multiply_s0_o4__add_s2_o3__square_root_s3__reciprocal_s4__multiply_s5_o2__multiply_s6_o1__add_s1_s7__multiply_s8_o5__multiply_o11_o12__multiply_s10_o10__multiply_s11_o9__add_s12_o8__multiply_s13_o7__tanh_s14__add_s15_o6__multiply_o13_o14__multiply_s16_s17__multiply_s9_s18,62144,unpacked|unpacked,[971, 256]
829,0,1,3199,matvec Q4_0,keep::reduce fold,omega_reduce_r3_o2_n2_multiply_add_zero,95232,unpacked|Q4_0,[971, 256, 1536]
830,0,1,3202,RMSNorm sumsq,keep::reduce fold,omega_reduce_r2_o1_n2_multiply_add_zero,248576,unpacked|unpacked,[971, 1536]
831,0,1,3215,identity copy,elementwise,omega_elementwise_r2_n1_identity,248576,unpacked,[971, 256]
832,0,1,3226,constant,constant,omega_constant_r0_v3f3504f3,1,,[]
833,0,1,3211,norm apply,elementwise,omega_elementwise_r2_n7_fused_multiply_o4_o5__add_s0_o3__square_root_s1__reciprocal_s2__multiply_s3_o2__multiply_s4_o1__add_s5_o0__multiply_s6_o6,1491456,unpacked|unpacked|unpacked|unpacked|unpacked|unpacked|unpacked,[971, 1536]
834,0,1,3238,RMSNorm sumsq + fused epilogue,keep::reduce fold,omega_reduce_r2_o1_n2_multiply_add_zero_epi4_fused_identity_o4__multiply_s0_o3__add_s1_o2__square_root_s2__reciprocal_s3__multiply_s4_o1__multiply_s5_o0,248576,unpacked|unpacked,[971, 1536]
835,0,1,3240,matvec Q4_0,keep::reduce fold,omega_reduce_r4_o3_n2_multiply_add_zero,126976,Q4_0|unpacked,[971, 8, 256, 1536]
836,0,1,3242,RMSNorm sumsq,keep::reduce fold,omega_reduce_r3_o2_n2_multiply_add_zero,497152,unpacked|unpacked,[971, 8, 256]
837,0,1,3248,norm apply,elementwise,omega_elementwise_r3_n5_fused_multiply_o3_o4__add_s0_o2__square_root_s1__reciprocal_s2__multiply_s3_o1__multiply_s4_o0,1988608,unpacked|unpacked|unpacked|unpacked|unpacked,[971, 8, 256]
838,0,1,3251,RoPE,elementwise,omega_elementwise_r3_n4_fused_multiply_o0_o1__multiply_o2_o3__subtract_s0_s1,994304,unpacked|unpacked|unpacked|unpacked,[971, 8, 128]
839,0,1,3254,RoPE,elementwise,omega_elementwise_r3_n4_fused_multiply_o0_o1__multiply_o2_o3__add_s0_s1,994304,unpacked|unpacked|unpacked|unpacked,[971, 8, 128]
840,0,1,3255,identity copy,elementwise,omega_elementwise_r4_n1_identity,994304,unpacked,[971, 1, 8, 128]
841,0,1,3256,identity copy,elementwise,omega_elementwise_r4_n1_identity,994304,unpacked,[971, 1, 8, 128]
842,0,1,3260,attention dot,keep::reduce fold,omega_reduce_r5_o4_n2_multiply_add_zero,31744,unpacked|unpacked,[971, 512, 1, 8, 128]
843,0,1,3267,attention dot,keep::reduce fold,omega_reduce_r5_o4_n2_multiply_add_zero,63488,unpacked|unpacked,[971, 971, 1, 8, 128]
844,0,1,3263,attention dot,keep::reduce fold,omega_reduce_r5_o4_n2_multiply_add_zero_epi3_fused_identity_o3__add_s0_o2__select_o0_o1_s1,31744,unpacked|unpacked,[971, 512, 1, 8, 128]
845,0,1,3270,attention dot,keep::reduce fold,omega_reduce_r5_o4_n2_multiply_add_zero_epi3_fused_identity_o3__add_s0_o2__select_o0_o1_s1,63488,unpacked|unpacked,[971, 971, 1, 8, 128]
846,0,1,3272,softmax max,keep::reduce fold,omega_reduce_r4_o3_n1_identity_maximum_negative_infinity,1988608,unpacked,[971, 971, 1, 8]
847,0,1,3273,softmax max,keep::reduce fold,omega_reduce_r4_o3_n1_identity_maximum_negative_infinity_epi1_fused_identity_o1__maximum_s0_o0,994304,unpacked,[971, 512, 1, 8]
848,0,1,3275,softmax exp,elementwise,omega_elementwise_r4_n2_fused_subtract_o0_o1__exponential_s0,3977216,unpacked|unpacked,[971, 512, 1, 8]
849,0,1,3278,softmax sum,keep::reduce fold,omega_reduce_r4_o3_n1_identity_add_zero,994304,unpacked,[971, 512, 1, 8]
850,0,1,3277,softmax exp,elementwise,omega_elementwise_r4_n2_fused_subtract_o0_o1__exponential_s0,7542728,unpacked|unpacked,[971, 971, 1, 8]
851,0,1,3279,softmax sum,keep::reduce fold,omega_reduce_r4_o3_n1_identity_add_zero,1988608,unpacked,[971, 971, 1, 8]
852,0,1,3283,attention AV,keep::reduce fold,omega_reduce_r5_o4_n2_multiply_add_zero,15872,unpacked|unpacked,[971, 512, 1, 8, 256]
853,0,1,3285,attention AV,keep::reduce fold,omega_reduce_r5_o4_n2_multiply_add_zero,15872,unpacked|unpacked,[971, 971, 1, 8, 256]
854,0,1,3287,RoPE,elementwise,omega_elementwise_r4_n4_fused_add_o0_o1__reciprocal_s0__add_o2_o3__multiply_s1_s2,1988608,unpacked|unpacked|unpacked|unpacked,[971, 1, 8, 256]
855,0,1,3289,matvec Q4_0,keep::reduce fold,omega_reduce_r5_o2_n2_multiply_add_zero,95232,Q4_0|unpacked,[971, 1, 8, 256, 1536]
856,0,1,3291,RMSNorm sumsq,keep::reduce fold,omega_reduce_r2_o1_n2_multiply_add_zero,248576,unpacked|unpacked,[971, 1536]
857,0,1,3298,norm apply,elementwise,omega_elementwise_r2_n6_fused_multiply_o4_o5__add_s0_o3__square_root_s1__reciprocal_s2__multiply_s3_o2__multiply_s4_o1__add_s5_o0,1491456,unpacked|unpacked|unpacked|unpacked|unpacked|unpacked,[971, 1536]
858,0,1,3306,RMSNorm sumsq + fused epilogue,keep::reduce fold,omega_reduce_r2_o1_n2_multiply_add_zero_epi4_fused_identity_o4__multiply_s0_o3__add_s1_o2__square_root_s2__reciprocal_s3__multiply_s4_o1__multiply_s5_o0,248576,unpacked|unpacked,[971, 1536]
859,0,1,3311,matvec Q4_0,keep::reduce fold,omega_reduce_r3_o2_n2_multiply_add_zero,761856,unpacked|Q4_0,[971, 1536, 12288]
860,0,1,3314,constant,constant,omega_constant_r0_v3f000000,1,,[]
861,0,1,3315,constant,constant,omega_constant_r0_v3d372713,1,,[]
862,0,1,3316,constant,constant,omega_constant_r0_v3f4c422a,1,,[]
863,0,1,3326,matvec Q4_0,keep::reduce fold,omega_reduce_r3_o2_n2_multiply_add_zero_epi9_fused_identity_o9__multiply_o5_o6__multiply_s1_o4__multiply_s2_o3__add_s3_o2__multiply_s4_o1__tanh_s5__add_s6_o0__multiply_o7_o8__multiply_s7_s8__multiply_s0_s9,761856,unpacked|Q4_0,[971, 1536, 12288]
864,0,1,3328,matvec Q4_0,keep::reduce fold,omega_reduce_r3_o2_n2_multiply_add_zero,95232,Q4_0|unpacked,[971, 12288, 1536]
865,0,1,3331,RMSNorm sumsq,keep::reduce fold,omega_reduce_r2_o1_n2_multiply_add_zero,248576,unpacked|unpacked,[971, 1536]
866,0,1,3338,norm apply,elementwise,omega_elementwise_r2_n6_fused_multiply_o4_o5__add_s0_o3__square_root_s1__reciprocal_s2__multiply_s3_o2__multiply_s4_o1__add_s5_o0,1491456,unpacked|unpacked|unpacked|unpacked|unpacked|unpacked,[971, 1536]
867,0,1,3341,matvec Q4_0,keep::reduce fold,omega_reduce_r3_o2_n2_multiply_add_zero,15872,unpacked|Q4_0,[971, 1536, 256]
868,0,1,3342,constant,constant,omega_constant_r0_v3f000000,1,,[]
869,0,1,3343,constant,constant,omega_constant_r0_v3d372713,1,,[]
870,0,1,3344,constant,constant,omega_constant_r0_v3f4c422a,1,,[]
871,0,1,3354,RMSNorm sumsq + fused epilogue,keep::reduce fold,omega_reduce_r2_o1_n2_multiply_add_zero_epi15_fused_identity_o15__identity_o0__multiply_s0_o4__add_s2_o3__square_root_s3__reciprocal_s4__multiply_s5_o2__multiply_s6_o1__add_s1_s7__multiply_s8_o5__multiply_o11_o12__multiply_s10_o10__multiply_s11_o9__add_s12_o8__multiply_s13_o7__tanh_s14__add_s15_o6__multiply_o13_o14__multiply_s16_s17__multiply_s9_s18,62144,unpacked|unpacked,[971, 256]
872,0,1,3357,matvec Q4_0,keep::reduce fold,omega_reduce_r3_o2_n2_multiply_add_zero,95232,unpacked|Q4_0,[971, 256, 1536]
873,0,1,3360,RMSNorm sumsq,keep::reduce fold,omega_reduce_r2_o1_n2_multiply_add_zero,248576,unpacked|unpacked,[971, 1536]
874,0,1,3373,identity copy,elementwise,omega_elementwise_r2_n1_identity,248576,unpacked,[971, 256]
875,0,1,3384,constant,constant,omega_constant_r0_v3f3504f3,1,,[]
876,0,1,3369,norm apply,elementwise,omega_elementwise_r2_n7_fused_multiply_o4_o5__add_s0_o3__square_root_s1__reciprocal_s2__multiply_s3_o2__multiply_s4_o1__add_s5_o0__multiply_s6_o6,1491456,unpacked|unpacked|unpacked|unpacked|unpacked|unpacked|unpacked,[971, 1536]
877,0,1,3396,RMSNorm sumsq + fused epilogue,keep::reduce fold,omega_reduce_r2_o1_n2_multiply_add_zero_epi4_fused_identity_o4__multiply_s0_o3__add_s1_o2__square_root_s2__reciprocal_s3__multiply_s4_o1__multiply_s5_o0,248576,unpacked|unpacked,[971, 1536]
878,0,1,3398,matvec Q4_0,keep::reduce fold,omega_reduce_r4_o3_n2_multiply_add_zero,126976,Q4_0|unpacked,[971, 8, 256, 1536]
879,0,1,3400,RMSNorm sumsq,keep::reduce fold,omega_reduce_r3_o2_n2_multiply_add_zero,497152,unpacked|unpacked,[971, 8, 256]
880,0,1,3406,norm apply,elementwise,omega_elementwise_r3_n5_fused_multiply_o3_o4__add_s0_o2__square_root_s1__reciprocal_s2__multiply_s3_o1__multiply_s4_o0,1988608,unpacked|unpacked|unpacked|unpacked|unpacked,[971, 8, 256]
881,0,1,3409,RoPE,elementwise,omega_elementwise_r3_n4_fused_multiply_o0_o1__multiply_o2_o3__subtract_s0_s1,994304,unpacked|unpacked|unpacked|unpacked,[971, 8, 128]
882,0,1,3412,RoPE,elementwise,omega_elementwise_r3_n4_fused_multiply_o0_o1__multiply_o2_o3__add_s0_s1,994304,unpacked|unpacked|unpacked|unpacked,[971, 8, 128]
883,0,1,3413,identity copy,elementwise,omega_elementwise_r4_n1_identity,994304,unpacked,[971, 1, 8, 128]
884,0,1,3414,identity copy,elementwise,omega_elementwise_r4_n1_identity,994304,unpacked,[971, 1, 8, 128]
885,0,1,3418,attention dot,keep::reduce fold,omega_reduce_r5_o4_n2_multiply_add_zero,31744,unpacked|unpacked,[971, 512, 1, 8, 128]
886,0,1,3425,attention dot,keep::reduce fold,omega_reduce_r5_o4_n2_multiply_add_zero,63488,unpacked|unpacked,[971, 971, 1, 8, 128]
887,0,1,3421,attention dot,keep::reduce fold,omega_reduce_r5_o4_n2_multiply_add_zero_epi3_fused_identity_o3__add_s0_o2__select_o0_o1_s1,31744,unpacked|unpacked,[971, 512, 1, 8, 128]
888,0,1,3428,attention dot,keep::reduce fold,omega_reduce_r5_o4_n2_multiply_add_zero_epi3_fused_identity_o3__add_s0_o2__select_o0_o1_s1,63488,unpacked|unpacked,[971, 971, 1, 8, 128]
889,0,1,3430,softmax max,keep::reduce fold,omega_reduce_r4_o3_n1_identity_maximum_negative_infinity,1988608,unpacked,[971, 971, 1, 8]
890,0,1,3431,softmax max,keep::reduce fold,omega_reduce_r4_o3_n1_identity_maximum_negative_infinity_epi1_fused_identity_o1__maximum_s0_o0,994304,unpacked,[971, 512, 1, 8]
891,0,1,3433,softmax exp,elementwise,omega_elementwise_r4_n2_fused_subtract_o0_o1__exponential_s0,3977216,unpacked|unpacked,[971, 512, 1, 8]
892,0,1,3436,softmax sum,keep::reduce fold,omega_reduce_r4_o3_n1_identity_add_zero,994304,unpacked,[971, 512, 1, 8]
893,0,1,3435,softmax exp,elementwise,omega_elementwise_r4_n2_fused_subtract_o0_o1__exponential_s0,7542728,unpacked|unpacked,[971, 971, 1, 8]
894,0,1,3437,softmax sum,keep::reduce fold,omega_reduce_r4_o3_n1_identity_add_zero,1988608,unpacked,[971, 971, 1, 8]
895,0,1,3441,attention AV,keep::reduce fold,omega_reduce_r5_o4_n2_multiply_add_zero,15872,unpacked|unpacked,[971, 512, 1, 8, 256]
896,0,1,3443,attention AV,keep::reduce fold,omega_reduce_r5_o4_n2_multiply_add_zero,15872,unpacked|unpacked,[971, 971, 1, 8, 256]
897,0,1,3445,RoPE,elementwise,omega_elementwise_r4_n4_fused_add_o0_o1__reciprocal_s0__add_o2_o3__multiply_s1_s2,1988608,unpacked|unpacked|unpacked|unpacked,[971, 1, 8, 256]
898,0,1,3447,matvec Q4_0,keep::reduce fold,omega_reduce_r5_o2_n2_multiply_add_zero,95232,Q4_0|unpacked,[971, 1, 8, 256, 1536]
899,0,1,3449,RMSNorm sumsq,keep::reduce fold,omega_reduce_r2_o1_n2_multiply_add_zero,248576,unpacked|unpacked,[971, 1536]
900,0,1,3456,norm apply,elementwise,omega_elementwise_r2_n6_fused_multiply_o4_o5__add_s0_o3__square_root_s1__reciprocal_s2__multiply_s3_o2__multiply_s4_o1__add_s5_o0,1491456,unpacked|unpacked|unpacked|unpacked|unpacked|unpacked,[971, 1536]
901,0,1,3464,RMSNorm sumsq + fused epilogue,keep::reduce fold,omega_reduce_r2_o1_n2_multiply_add_zero_epi4_fused_identity_o4__multiply_s0_o3__add_s1_o2__square_root_s2__reciprocal_s3__multiply_s4_o1__multiply_s5_o0,248576,unpacked|unpacked,[971, 1536]
902,0,1,3469,matvec Q4_0,keep::reduce fold,omega_reduce_r3_o2_n2_multiply_add_zero,761856,unpacked|Q4_0,[971, 1536, 12288]
903,0,1,3472,constant,constant,omega_constant_r0_v3f000000,1,,[]
904,0,1,3473,constant,constant,omega_constant_r0_v3d372713,1,,[]
905,0,1,3474,constant,constant,omega_constant_r0_v3f4c422a,1,,[]
906,0,1,3484,matvec Q4_0,keep::reduce fold,omega_reduce_r3_o2_n2_multiply_add_zero_epi9_fused_identity_o9__multiply_o5_o6__multiply_s1_o4__multiply_s2_o3__add_s3_o2__multiply_s4_o1__tanh_s5__add_s6_o0__multiply_o7_o8__multiply_s7_s8__multiply_s0_s9,761856,unpacked|Q4_0,[971, 1536, 12288]
907,0,1,3486,matvec Q4_0,keep::reduce fold,omega_reduce_r3_o2_n2_multiply_add_zero,95232,Q4_0|unpacked,[971, 12288, 1536]
908,0,1,3489,RMSNorm sumsq,keep::reduce fold,omega_reduce_r2_o1_n2_multiply_add_zero,248576,unpacked|unpacked,[971, 1536]
909,0,1,3496,norm apply,elementwise,omega_elementwise_r2_n6_fused_multiply_o4_o5__add_s0_o3__square_root_s1__reciprocal_s2__multiply_s3_o2__multiply_s4_o1__add_s5_o0,1491456,unpacked|unpacked|unpacked|unpacked|unpacked|unpacked,[971, 1536]
910,0,1,3499,matvec Q4_0,keep::reduce fold,omega_reduce_r3_o2_n2_multiply_add_zero,15872,unpacked|Q4_0,[971, 1536, 256]
911,0,1,3500,constant,constant,omega_constant_r0_v3f000000,1,,[]
912,0,1,3501,constant,constant,omega_constant_r0_v3d372713,1,,[]
913,0,1,3502,constant,constant,omega_constant_r0_v3f4c422a,1,,[]
914,0,1,3512,RMSNorm sumsq + fused epilogue,keep::reduce fold,omega_reduce_r2_o1_n2_multiply_add_zero_epi15_fused_identity_o15__identity_o0__multiply_s0_o4__add_s2_o3__square_root_s3__reciprocal_s4__multiply_s5_o2__multiply_s6_o1__add_s1_s7__multiply_s8_o5__multiply_o11_o12__multiply_s10_o10__multiply_s11_o9__add_s12_o8__multiply_s13_o7__tanh_s14__add_s15_o6__multiply_o13_o14__multiply_s16_s17__multiply_s9_s18,62144,unpacked|unpacked,[971, 256]
915,0,1,3515,matvec Q4_0,keep::reduce fold,omega_reduce_r3_o2_n2_multiply_add_zero,95232,unpacked|Q4_0,[971, 256, 1536]
916,0,1,3518,RMSNorm sumsq,keep::reduce fold,omega_reduce_r2_o1_n2_multiply_add_zero,248576,unpacked|unpacked,[971, 1536]
917,0,1,3531,identity copy,elementwise,omega_elementwise_r2_n1_identity,248576,unpacked,[971, 256]
918,0,1,3542,constant,constant,omega_constant_r0_v3f3504f3,1,,[]
919,0,1,3527,norm apply,elementwise,omega_elementwise_r2_n7_fused_multiply_o4_o5__add_s0_o3__square_root_s1__reciprocal_s2__multiply_s3_o2__multiply_s4_o1__add_s5_o0__multiply_s6_o6,1491456,unpacked|unpacked|unpacked|unpacked|unpacked|unpacked|unpacked,[971, 1536]
920,0,1,3554,RMSNorm sumsq + fused epilogue,keep::reduce fold,omega_reduce_r2_o1_n2_multiply_add_zero_epi4_fused_identity_o4__multiply_s0_o3__add_s1_o2__square_root_s2__reciprocal_s3__multiply_s4_o1__multiply_s5_o0,248576,unpacked|unpacked,[971, 1536]
921,0,1,3556,matvec Q4_0,keep::reduce fold,omega_reduce_r4_o3_n2_multiply_add_zero,253952,Q4_0|unpacked,[971, 8, 512, 1536]
922,0,1,3558,RMSNorm sumsq,keep::reduce fold,omega_reduce_r3_o2_n2_multiply_add_zero,994304,unpacked|unpacked,[971, 8, 512]
923,0,1,3564,norm apply,elementwise,omega_elementwise_r3_n5_fused_multiply_o3_o4__add_s0_o2__square_root_s1__reciprocal_s2__multiply_s3_o1__multiply_s4_o0,3977216,unpacked|unpacked|unpacked|unpacked|unpacked,[971, 8, 512]
924,0,1,3567,RoPE,elementwise,omega_elementwise_r3_n4_fused_multiply_o0_o1__multiply_o2_o3__subtract_s0_s1,1988608,unpacked|unpacked|unpacked|unpacked,[971, 8, 256]
925,0,1,3570,RoPE,elementwise,omega_elementwise_r3_n4_fused_multiply_o0_o1__multiply_o2_o3__add_s0_s1,1988608,unpacked|unpacked|unpacked|unpacked,[971, 8, 256]
926,0,1,3603,cached attention partial,cached_attention,omega_cached_attention_q971_c992_n971_h1_g8_d512_s3f800000_ln9223372036854775808_up0_cb,248576,unpacked|unpacked|unpacked|unpacked|unpacked|unpacked|unpacked|unpacked|unpacked,[971, 1, 8, 512]
927,0,1,3605,matvec Q4_0,keep::reduce fold,omega_reduce_r5_o2_n2_multiply_add_zero,95232,Q4_0|unpacked,[971, 1, 8, 512, 1536]
928,0,1,3607,RMSNorm sumsq,keep::reduce fold,omega_reduce_r2_o1_n2_multiply_add_zero,248576,unpacked|unpacked,[971, 1536]
929,0,1,3614,norm apply,elementwise,omega_elementwise_r2_n6_fused_multiply_o4_o5__add_s0_o3__square_root_s1__reciprocal_s2__multiply_s3_o2__multiply_s4_o1__add_s5_o0,1491456,unpacked|unpacked|unpacked|unpacked|unpacked|unpacked,[971, 1536]
930,0,1,3622,RMSNorm sumsq + fused epilogue,keep::reduce fold,omega_reduce_r2_o1_n2_multiply_add_zero_epi4_fused_identity_o4__multiply_s0_o3__add_s1_o2__square_root_s2__reciprocal_s3__multiply_s4_o1__multiply_s5_o0,248576,unpacked|unpacked,[971, 1536]
931,0,1,3627,matvec Q4_0,keep::reduce fold,omega_reduce_r3_o2_n2_multiply_add_zero,761856,unpacked|Q4_0,[971, 1536, 12288]
932,0,1,3630,constant,constant,omega_constant_r0_v3f000000,1,,[]
933,0,1,3631,constant,constant,omega_constant_r0_v3d372713,1,,[]
934,0,1,3632,constant,constant,omega_constant_r0_v3f4c422a,1,,[]
935,0,1,3642,matvec Q4_0,keep::reduce fold,omega_reduce_r3_o2_n2_multiply_add_zero_epi9_fused_identity_o9__multiply_o5_o6__multiply_s1_o4__multiply_s2_o3__add_s3_o2__multiply_s4_o1__tanh_s5__add_s6_o0__multiply_o7_o8__multiply_s7_s8__multiply_s0_s9,761856,unpacked|Q4_0,[971, 1536, 12288]
936,0,1,3644,matvec Q4_0,keep::reduce fold,omega_reduce_r3_o2_n2_multiply_add_zero,95232,Q4_0|unpacked,[971, 12288, 1536]
937,0,1,3647,RMSNorm sumsq,keep::reduce fold,omega_reduce_r2_o1_n2_multiply_add_zero,248576,unpacked|unpacked,[971, 1536]
938,0,1,3654,norm apply,elementwise,omega_elementwise_r2_n6_fused_multiply_o4_o5__add_s0_o3__square_root_s1__reciprocal_s2__multiply_s3_o2__multiply_s4_o1__add_s5_o0,1491456,unpacked|unpacked|unpacked|unpacked|unpacked|unpacked,[971, 1536]
939,0,1,3657,matvec Q4_0,keep::reduce fold,omega_reduce_r3_o2_n2_multiply_add_zero,15872,unpacked|Q4_0,[971, 1536, 256]
940,0,1,3658,constant,constant,omega_constant_r0_v3f000000,1,,[]
941,0,1,3659,constant,constant,omega_constant_r0_v3d372713,1,,[]
942,0,1,3660,constant,constant,omega_constant_r0_v3f4c422a,1,,[]
943,0,1,3670,RMSNorm sumsq + fused epilogue,keep::reduce fold,omega_reduce_r2_o1_n2_multiply_add_zero_epi15_fused_identity_o15__identity_o0__multiply_s0_o4__add_s2_o3__square_root_s3__reciprocal_s4__multiply_s5_o2__multiply_s6_o1__add_s1_s7__multiply_s8_o5__multiply_o11_o12__multiply_s10_o10__multiply_s11_o9__add_s12_o8__multiply_s13_o7__tanh_s14__add_s15_o6__multiply_o13_o14__multiply_s16_s17__multiply_s9_s18,62144,unpacked|unpacked,[971, 256]
944,0,1,3673,matvec Q4_0,keep::reduce fold,omega_reduce_r3_o2_n2_multiply_add_zero,95232,unpacked|Q4_0,[971, 256, 1536]
945,0,1,3676,RMSNorm sumsq,keep::reduce fold,omega_reduce_r2_o1_n2_multiply_add_zero,248576,unpacked|unpacked,[971, 1536]
946,0,1,3689,identity copy,elementwise,omega_elementwise_r2_n1_identity,248576,unpacked,[971, 256]
947,0,1,3700,constant,constant,omega_constant_r0_v3f3504f3,1,,[]
948,0,1,3685,norm apply,elementwise,omega_elementwise_r2_n7_fused_multiply_o4_o5__add_s0_o3__square_root_s1__reciprocal_s2__multiply_s3_o2__multiply_s4_o1__add_s5_o0__multiply_s6_o6,1491456,unpacked|unpacked|unpacked|unpacked|unpacked|unpacked|unpacked,[971, 1536]
949,0,1,3712,RMSNorm sumsq + fused epilogue,keep::reduce fold,omega_reduce_r2_o1_n2_multiply_add_zero_epi4_fused_identity_o4__multiply_s0_o3__add_s1_o2__square_root_s2__reciprocal_s3__multiply_s4_o1__multiply_s5_o0,248576,unpacked|unpacked,[971, 1536]
950,0,1,3714,matvec Q4_0,keep::reduce fold,omega_reduce_r4_o3_n2_multiply_add_zero,126976,Q4_0|unpacked,[971, 8, 256, 1536]
951,0,1,3716,RMSNorm sumsq,keep::reduce fold,omega_reduce_r3_o2_n2_multiply_add_zero,497152,unpacked|unpacked,[971, 8, 256]
952,0,1,3722,norm apply,elementwise,omega_elementwise_r3_n5_fused_multiply_o3_o4__add_s0_o2__square_root_s1__reciprocal_s2__multiply_s3_o1__multiply_s4_o0,1988608,unpacked|unpacked|unpacked|unpacked|unpacked,[971, 8, 256]
953,0,1,3725,RoPE,elementwise,omega_elementwise_r3_n4_fused_multiply_o0_o1__multiply_o2_o3__subtract_s0_s1,994304,unpacked|unpacked|unpacked|unpacked,[971, 8, 128]
954,0,1,3728,RoPE,elementwise,omega_elementwise_r3_n4_fused_multiply_o0_o1__multiply_o2_o3__add_s0_s1,994304,unpacked|unpacked|unpacked|unpacked,[971, 8, 128]
955,0,1,3729,identity copy,elementwise,omega_elementwise_r4_n1_identity,994304,unpacked,[971, 1, 8, 128]
956,0,1,3730,identity copy,elementwise,omega_elementwise_r4_n1_identity,994304,unpacked,[971, 1, 8, 128]
957,0,1,3734,attention dot,keep::reduce fold,omega_reduce_r5_o4_n2_multiply_add_zero,31744,unpacked|unpacked,[971, 512, 1, 8, 128]
958,0,1,3741,attention dot,keep::reduce fold,omega_reduce_r5_o4_n2_multiply_add_zero,63488,unpacked|unpacked,[971, 971, 1, 8, 128]
959,0,1,3737,attention dot,keep::reduce fold,omega_reduce_r5_o4_n2_multiply_add_zero_epi3_fused_identity_o3__add_s0_o2__select_o0_o1_s1,31744,unpacked|unpacked,[971, 512, 1, 8, 128]
960,0,1,3744,attention dot,keep::reduce fold,omega_reduce_r5_o4_n2_multiply_add_zero_epi3_fused_identity_o3__add_s0_o2__select_o0_o1_s1,63488,unpacked|unpacked,[971, 971, 1, 8, 128]
961,0,1,3746,softmax max,keep::reduce fold,omega_reduce_r4_o3_n1_identity_maximum_negative_infinity,1988608,unpacked,[971, 971, 1, 8]
962,0,1,3747,softmax max,keep::reduce fold,omega_reduce_r4_o3_n1_identity_maximum_negative_infinity_epi1_fused_identity_o1__maximum_s0_o0,994304,unpacked,[971, 512, 1, 8]
963,0,1,3749,softmax exp,elementwise,omega_elementwise_r4_n2_fused_subtract_o0_o1__exponential_s0,3977216,unpacked|unpacked,[971, 512, 1, 8]
964,0,1,3752,softmax sum,keep::reduce fold,omega_reduce_r4_o3_n1_identity_add_zero,994304,unpacked,[971, 512, 1, 8]
965,0,1,3751,softmax exp,elementwise,omega_elementwise_r4_n2_fused_subtract_o0_o1__exponential_s0,7542728,unpacked|unpacked,[971, 971, 1, 8]
966,0,1,3753,softmax sum,keep::reduce fold,omega_reduce_r4_o3_n1_identity_add_zero,1988608,unpacked,[971, 971, 1, 8]
967,0,1,3757,attention AV,keep::reduce fold,omega_reduce_r5_o4_n2_multiply_add_zero,15872,unpacked|unpacked,[971, 512, 1, 8, 256]
968,0,1,3759,attention AV,keep::reduce fold,omega_reduce_r5_o4_n2_multiply_add_zero,15872,unpacked|unpacked,[971, 971, 1, 8, 256]
969,0,1,3761,RoPE,elementwise,omega_elementwise_r4_n4_fused_add_o0_o1__reciprocal_s0__add_o2_o3__multiply_s1_s2,1988608,unpacked|unpacked|unpacked|unpacked,[971, 1, 8, 256]
970,0,1,3763,matvec Q4_0,keep::reduce fold,omega_reduce_r5_o2_n2_multiply_add_zero,95232,Q4_0|unpacked,[971, 1, 8, 256, 1536]
971,0,1,3765,RMSNorm sumsq,keep::reduce fold,omega_reduce_r2_o1_n2_multiply_add_zero,248576,unpacked|unpacked,[971, 1536]
972,0,1,3772,norm apply,elementwise,omega_elementwise_r2_n6_fused_multiply_o4_o5__add_s0_o3__square_root_s1__reciprocal_s2__multiply_s3_o2__multiply_s4_o1__add_s5_o0,1491456,unpacked|unpacked|unpacked|unpacked|unpacked|unpacked,[971, 1536]
973,0,1,3780,RMSNorm sumsq + fused epilogue,keep::reduce fold,omega_reduce_r2_o1_n2_multiply_add_zero_epi4_fused_identity_o4__multiply_s0_o3__add_s1_o2__square_root_s2__reciprocal_s3__multiply_s4_o1__multiply_s5_o0,248576,unpacked|unpacked,[971, 1536]
974,0,1,3785,matvec Q4_0,keep::reduce fold,omega_reduce_r3_o2_n2_multiply_add_zero,761856,unpacked|Q4_0,[971, 1536, 12288]
975,0,1,3788,constant,constant,omega_constant_r0_v3f000000,1,,[]
976,0,1,3789,constant,constant,omega_constant_r0_v3d372713,1,,[]
977,0,1,3790,constant,constant,omega_constant_r0_v3f4c422a,1,,[]
978,0,1,3800,matvec Q4_0,keep::reduce fold,omega_reduce_r3_o2_n2_multiply_add_zero_epi9_fused_identity_o9__multiply_o5_o6__multiply_s1_o4__multiply_s2_o3__add_s3_o2__multiply_s4_o1__tanh_s5__add_s6_o0__multiply_o7_o8__multiply_s7_s8__multiply_s0_s9,761856,unpacked|Q4_0,[971, 1536, 12288]
979,0,1,3802,matvec Q4_0,keep::reduce fold,omega_reduce_r3_o2_n2_multiply_add_zero,95232,Q4_0|unpacked,[971, 12288, 1536]
980,0,1,3805,RMSNorm sumsq,keep::reduce fold,omega_reduce_r2_o1_n2_multiply_add_zero,248576,unpacked|unpacked,[971, 1536]
981,0,1,3812,norm apply,elementwise,omega_elementwise_r2_n6_fused_multiply_o4_o5__add_s0_o3__square_root_s1__reciprocal_s2__multiply_s3_o2__multiply_s4_o1__add_s5_o0,1491456,unpacked|unpacked|unpacked|unpacked|unpacked|unpacked,[971, 1536]
982,0,1,3815,matvec Q4_0,keep::reduce fold,omega_reduce_r3_o2_n2_multiply_add_zero,15872,unpacked|Q4_0,[971, 1536, 256]
983,0,1,3816,constant,constant,omega_constant_r0_v3f000000,1,,[]
984,0,1,3817,constant,constant,omega_constant_r0_v3d372713,1,,[]
985,0,1,3818,constant,constant,omega_constant_r0_v3f4c422a,1,,[]
986,0,1,3828,RMSNorm sumsq + fused epilogue,keep::reduce fold,omega_reduce_r2_o1_n2_multiply_add_zero_epi15_fused_identity_o15__identity_o0__multiply_s0_o4__add_s2_o3__square_root_s3__reciprocal_s4__multiply_s5_o2__multiply_s6_o1__add_s1_s7__multiply_s8_o5__multiply_o11_o12__multiply_s10_o10__multiply_s11_o9__add_s12_o8__multiply_s13_o7__tanh_s14__add_s15_o6__multiply_o13_o14__multiply_s16_s17__multiply_s9_s18,62144,unpacked|unpacked,[971, 256]
987,0,1,3831,matvec Q4_0,keep::reduce fold,omega_reduce_r3_o2_n2_multiply_add_zero,95232,unpacked|Q4_0,[971, 256, 1536]
988,0,1,3834,RMSNorm sumsq,keep::reduce fold,omega_reduce_r2_o1_n2_multiply_add_zero,248576,unpacked|unpacked,[971, 1536]
989,0,1,3847,identity copy,elementwise,omega_elementwise_r2_n1_identity,248576,unpacked,[971, 256]
990,0,1,3858,constant,constant,omega_constant_r0_v3f3504f3,1,,[]
991,0,1,3843,norm apply,elementwise,omega_elementwise_r2_n7_fused_multiply_o4_o5__add_s0_o3__square_root_s1__reciprocal_s2__multiply_s3_o2__multiply_s4_o1__add_s5_o0__multiply_s6_o6,1491456,unpacked|unpacked|unpacked|unpacked|unpacked|unpacked|unpacked,[971, 1536]
992,0,1,3870,RMSNorm sumsq + fused epilogue,keep::reduce fold,omega_reduce_r2_o1_n2_multiply_add_zero_epi4_fused_identity_o4__multiply_s0_o3__add_s1_o2__square_root_s2__reciprocal_s3__multiply_s4_o1__multiply_s5_o0,248576,unpacked|unpacked,[971, 1536]
993,0,1,3872,matvec Q4_0,keep::reduce fold,omega_reduce_r4_o3_n2_multiply_add_zero,126976,Q4_0|unpacked,[971, 8, 256, 1536]
994,0,1,3874,RMSNorm sumsq,keep::reduce fold,omega_reduce_r3_o2_n2_multiply_add_zero,497152,unpacked|unpacked,[971, 8, 256]
995,0,1,3880,norm apply,elementwise,omega_elementwise_r3_n5_fused_multiply_o3_o4__add_s0_o2__square_root_s1__reciprocal_s2__multiply_s3_o1__multiply_s4_o0,1988608,unpacked|unpacked|unpacked|unpacked|unpacked,[971, 8, 256]
996,0,1,3883,RoPE,elementwise,omega_elementwise_r3_n4_fused_multiply_o0_o1__multiply_o2_o3__subtract_s0_s1,994304,unpacked|unpacked|unpacked|unpacked,[971, 8, 128]
997,0,1,3886,RoPE,elementwise,omega_elementwise_r3_n4_fused_multiply_o0_o1__multiply_o2_o3__add_s0_s1,994304,unpacked|unpacked|unpacked|unpacked,[971, 8, 128]
998,0,1,3887,identity copy,elementwise,omega_elementwise_r4_n1_identity,994304,unpacked,[971, 1, 8, 128]
999,0,1,3888,identity copy,elementwise,omega_elementwise_r4_n1_identity,994304,unpacked,[971, 1, 8, 128]
1000,0,1,3892,attention dot,keep::reduce fold,omega_reduce_r5_o4_n2_multiply_add_zero,31744,unpacked|unpacked,[971, 512, 1, 8, 128]
1001,0,1,3899,attention dot,keep::reduce fold,omega_reduce_r5_o4_n2_multiply_add_zero,63488,unpacked|unpacked,[971, 971, 1, 8, 128]
1002,0,1,3895,attention dot,keep::reduce fold,omega_reduce_r5_o4_n2_multiply_add_zero_epi3_fused_identity_o3__add_s0_o2__select_o0_o1_s1,31744,unpacked|unpacked,[971, 512, 1, 8, 128]
1003,0,1,3902,attention dot,keep::reduce fold,omega_reduce_r5_o4_n2_multiply_add_zero_epi3_fused_identity_o3__add_s0_o2__select_o0_o1_s1,63488,unpacked|unpacked,[971, 971, 1, 8, 128]
1004,0,1,3904,softmax max,keep::reduce fold,omega_reduce_r4_o3_n1_identity_maximum_negative_infinity,1988608,unpacked,[971, 971, 1, 8]
1005,0,1,3905,softmax max,keep::reduce fold,omega_reduce_r4_o3_n1_identity_maximum_negative_infinity_epi1_fused_identity_o1__maximum_s0_o0,994304,unpacked,[971, 512, 1, 8]
1006,0,1,3907,softmax exp,elementwise,omega_elementwise_r4_n2_fused_subtract_o0_o1__exponential_s0,3977216,unpacked|unpacked,[971, 512, 1, 8]
1007,0,1,3910,softmax sum,keep::reduce fold,omega_reduce_r4_o3_n1_identity_add_zero,994304,unpacked,[971, 512, 1, 8]
1008,0,1,3909,softmax exp,elementwise,omega_elementwise_r4_n2_fused_subtract_o0_o1__exponential_s0,7542728,unpacked|unpacked,[971, 971, 1, 8]
1009,0,1,3911,softmax sum,keep::reduce fold,omega_reduce_r4_o3_n1_identity_add_zero,1988608,unpacked,[971, 971, 1, 8]
1010,0,1,3915,attention AV,keep::reduce fold,omega_reduce_r5_o4_n2_multiply_add_zero,15872,unpacked|unpacked,[971, 512, 1, 8, 256]
1011,0,1,3917,attention AV,keep::reduce fold,omega_reduce_r5_o4_n2_multiply_add_zero,15872,unpacked|unpacked,[971, 971, 1, 8, 256]
1012,0,1,3919,RoPE,elementwise,omega_elementwise_r4_n4_fused_add_o0_o1__reciprocal_s0__add_o2_o3__multiply_s1_s2,1988608,unpacked|unpacked|unpacked|unpacked,[971, 1, 8, 256]
1013,0,1,3921,matvec Q4_0,keep::reduce fold,omega_reduce_r5_o2_n2_multiply_add_zero,95232,Q4_0|unpacked,[971, 1, 8, 256, 1536]
1014,0,1,3923,RMSNorm sumsq,keep::reduce fold,omega_reduce_r2_o1_n2_multiply_add_zero,248576,unpacked|unpacked,[971, 1536]
1015,0,1,3930,norm apply,elementwise,omega_elementwise_r2_n6_fused_multiply_o4_o5__add_s0_o3__square_root_s1__reciprocal_s2__multiply_s3_o2__multiply_s4_o1__add_s5_o0,1491456,unpacked|unpacked|unpacked|unpacked|unpacked|unpacked,[971, 1536]
1016,0,1,3938,RMSNorm sumsq + fused epilogue,keep::reduce fold,omega_reduce_r2_o1_n2_multiply_add_zero_epi4_fused_identity_o4__multiply_s0_o3__add_s1_o2__square_root_s2__reciprocal_s3__multiply_s4_o1__multiply_s5_o0,248576,unpacked|unpacked,[971, 1536]
1017,0,1,3943,matvec Q4_0,keep::reduce fold,omega_reduce_r3_o2_n2_multiply_add_zero,761856,unpacked|Q4_0,[971, 1536, 12288]
1018,0,1,3946,constant,constant,omega_constant_r0_v3f000000,1,,[]
1019,0,1,3947,constant,constant,omega_constant_r0_v3d372713,1,,[]
1020,0,1,3948,constant,constant,omega_constant_r0_v3f4c422a,1,,[]
1021,0,1,3958,matvec Q4_0,keep::reduce fold,omega_reduce_r3_o2_n2_multiply_add_zero_epi9_fused_identity_o9__multiply_o5_o6__multiply_s1_o4__multiply_s2_o3__add_s3_o2__multiply_s4_o1__tanh_s5__add_s6_o0__multiply_o7_o8__multiply_s7_s8__multiply_s0_s9,761856,unpacked|Q4_0,[971, 1536, 12288]
1022,0,1,3960,matvec Q4_0,keep::reduce fold,omega_reduce_r3_o2_n2_multiply_add_zero,95232,Q4_0|unpacked,[971, 12288, 1536]
1023,0,1,3963,RMSNorm sumsq,keep::reduce fold,omega_reduce_r2_o1_n2_multiply_add_zero,248576,unpacked|unpacked,[971, 1536]
1024,0,1,3970,norm apply,elementwise,omega_elementwise_r2_n6_fused_multiply_o4_o5__add_s0_o3__square_root_s1__reciprocal_s2__multiply_s3_o2__multiply_s4_o1__add_s5_o0,1491456,unpacked|unpacked|unpacked|unpacked|unpacked|unpacked,[971, 1536]
1025,0,1,3973,matvec Q4_0,keep::reduce fold,omega_reduce_r3_o2_n2_multiply_add_zero,15872,unpacked|Q4_0,[971, 1536, 256]
1026,0,1,3974,constant,constant,omega_constant_r0_v3f000000,1,,[]
1027,0,1,3975,constant,constant,omega_constant_r0_v3d372713,1,,[]
1028,0,1,3976,constant,constant,omega_constant_r0_v3f4c422a,1,,[]
1029,0,1,3986,RMSNorm sumsq + fused epilogue,keep::reduce fold,omega_reduce_r2_o1_n2_multiply_add_zero_epi15_fused_identity_o15__identity_o0__multiply_s0_o4__add_s2_o3__square_root_s3__reciprocal_s4__multiply_s5_o2__multiply_s6_o1__add_s1_s7__multiply_s8_o5__multiply_o11_o12__multiply_s10_o10__multiply_s11_o9__add_s12_o8__multiply_s13_o7__tanh_s14__add_s15_o6__multiply_o13_o14__multiply_s16_s17__multiply_s9_s18,62144,unpacked|unpacked,[971, 256]
1030,0,1,3989,matvec Q4_0,keep::reduce fold,omega_reduce_r3_o2_n2_multiply_add_zero,95232,unpacked|Q4_0,[971, 256, 1536]
1031,0,1,3992,RMSNorm sumsq,keep::reduce fold,omega_reduce_r2_o1_n2_multiply_add_zero,248576,unpacked|unpacked,[971, 1536]
1032,0,1,4005,identity copy,elementwise,omega_elementwise_r2_n1_identity,248576,unpacked,[971, 256]
1033,0,1,4016,constant,constant,omega_constant_r0_v3f3504f3,1,,[]
1034,0,1,4001,norm apply,elementwise,omega_elementwise_r2_n7_fused_multiply_o4_o5__add_s0_o3__square_root_s1__reciprocal_s2__multiply_s3_o2__multiply_s4_o1__add_s5_o0__multiply_s6_o6,1491456,unpacked|unpacked|unpacked|unpacked|unpacked|unpacked|unpacked,[971, 1536]
1035,0,1,4028,RMSNorm sumsq + fused epilogue,keep::reduce fold,omega_reduce_r2_o1_n2_multiply_add_zero_epi4_fused_identity_o4__multiply_s0_o3__add_s1_o2__square_root_s2__reciprocal_s3__multiply_s4_o1__multiply_s5_o0,248576,unpacked|unpacked,[971, 1536]
1036,0,1,4030,matvec Q4_0,keep::reduce fold,omega_reduce_r4_o3_n2_multiply_add_zero,126976,Q4_0|unpacked,[971, 8, 256, 1536]
1037,0,1,4032,RMSNorm sumsq,keep::reduce fold,omega_reduce_r3_o2_n2_multiply_add_zero,497152,unpacked|unpacked,[971, 8, 256]
1038,0,1,4038,norm apply,elementwise,omega_elementwise_r3_n5_fused_multiply_o3_o4__add_s0_o2__square_root_s1__reciprocal_s2__multiply_s3_o1__multiply_s4_o0,1988608,unpacked|unpacked|unpacked|unpacked|unpacked,[971, 8, 256]
1039,0,1,4041,RoPE,elementwise,omega_elementwise_r3_n4_fused_multiply_o0_o1__multiply_o2_o3__subtract_s0_s1,994304,unpacked|unpacked|unpacked|unpacked,[971, 8, 128]
1040,0,1,4044,RoPE,elementwise,omega_elementwise_r3_n4_fused_multiply_o0_o1__multiply_o2_o3__add_s0_s1,994304,unpacked|unpacked|unpacked|unpacked,[971, 8, 128]
1041,0,1,4045,identity copy,elementwise,omega_elementwise_r4_n1_identity,994304,unpacked,[971, 1, 8, 128]
1042,0,1,4046,identity copy,elementwise,omega_elementwise_r4_n1_identity,994304,unpacked,[971, 1, 8, 128]
1043,0,1,4050,attention dot,keep::reduce fold,omega_reduce_r5_o4_n2_multiply_add_zero,31744,unpacked|unpacked,[971, 512, 1, 8, 128]
1044,0,1,4057,attention dot,keep::reduce fold,omega_reduce_r5_o4_n2_multiply_add_zero,63488,unpacked|unpacked,[971, 971, 1, 8, 128]
1045,0,1,4053,attention dot,keep::reduce fold,omega_reduce_r5_o4_n2_multiply_add_zero_epi3_fused_identity_o3__add_s0_o2__select_o0_o1_s1,31744,unpacked|unpacked,[971, 512, 1, 8, 128]
1046,0,1,4060,attention dot,keep::reduce fold,omega_reduce_r5_o4_n2_multiply_add_zero_epi3_fused_identity_o3__add_s0_o2__select_o0_o1_s1,63488,unpacked|unpacked,[971, 971, 1, 8, 128]
1047,0,1,4062,softmax max,keep::reduce fold,omega_reduce_r4_o3_n1_identity_maximum_negative_infinity,1988608,unpacked,[971, 971, 1, 8]
1048,0,1,4063,softmax max,keep::reduce fold,omega_reduce_r4_o3_n1_identity_maximum_negative_infinity_epi1_fused_identity_o1__maximum_s0_o0,994304,unpacked,[971, 512, 1, 8]
1049,0,1,4065,softmax exp,elementwise,omega_elementwise_r4_n2_fused_subtract_o0_o1__exponential_s0,3977216,unpacked|unpacked,[971, 512, 1, 8]
1050,0,1,4068,softmax sum,keep::reduce fold,omega_reduce_r4_o3_n1_identity_add_zero,994304,unpacked,[971, 512, 1, 8]
1051,0,1,4067,softmax exp,elementwise,omega_elementwise_r4_n2_fused_subtract_o0_o1__exponential_s0,7542728,unpacked|unpacked,[971, 971, 1, 8]
1052,0,1,4069,softmax sum,keep::reduce fold,omega_reduce_r4_o3_n1_identity_add_zero,1988608,unpacked,[971, 971, 1, 8]
1053,0,1,4073,attention AV,keep::reduce fold,omega_reduce_r5_o4_n2_multiply_add_zero,15872,unpacked|unpacked,[971, 512, 1, 8, 256]
1054,0,1,4075,attention AV,keep::reduce fold,omega_reduce_r5_o4_n2_multiply_add_zero,15872,unpacked|unpacked,[971, 971, 1, 8, 256]
1055,0,1,4077,RoPE,elementwise,omega_elementwise_r4_n4_fused_add_o0_o1__reciprocal_s0__add_o2_o3__multiply_s1_s2,1988608,unpacked|unpacked|unpacked|unpacked,[971, 1, 8, 256]
1056,0,1,4079,matvec Q4_0,keep::reduce fold,omega_reduce_r5_o2_n2_multiply_add_zero,95232,Q4_0|unpacked,[971, 1, 8, 256, 1536]
1057,0,1,4081,RMSNorm sumsq,keep::reduce fold,omega_reduce_r2_o1_n2_multiply_add_zero,248576,unpacked|unpacked,[971, 1536]
1058,0,1,4088,norm apply,elementwise,omega_elementwise_r2_n6_fused_multiply_o4_o5__add_s0_o3__square_root_s1__reciprocal_s2__multiply_s3_o2__multiply_s4_o1__add_s5_o0,1491456,unpacked|unpacked|unpacked|unpacked|unpacked|unpacked,[971, 1536]
1059,0,1,4096,RMSNorm sumsq + fused epilogue,keep::reduce fold,omega_reduce_r2_o1_n2_multiply_add_zero_epi4_fused_identity_o4__multiply_s0_o3__add_s1_o2__square_root_s2__reciprocal_s3__multiply_s4_o1__multiply_s5_o0,248576,unpacked|unpacked,[971, 1536]
1060,0,1,4101,matvec Q4_0,keep::reduce fold,omega_reduce_r3_o2_n2_multiply_add_zero,761856,unpacked|Q4_0,[971, 1536, 12288]
1061,0,1,4104,constant,constant,omega_constant_r0_v3f000000,1,,[]
1062,0,1,4105,constant,constant,omega_constant_r0_v3d372713,1,,[]
1063,0,1,4106,constant,constant,omega_constant_r0_v3f4c422a,1,,[]
1064,0,1,4116,matvec Q4_0,keep::reduce fold,omega_reduce_r3_o2_n2_multiply_add_zero_epi9_fused_identity_o9__multiply_o5_o6__multiply_s1_o4__multiply_s2_o3__add_s3_o2__multiply_s4_o1__tanh_s5__add_s6_o0__multiply_o7_o8__multiply_s7_s8__multiply_s0_s9,761856,unpacked|Q4_0,[971, 1536, 12288]
1065,0,1,4118,matvec Q4_0,keep::reduce fold,omega_reduce_r3_o2_n2_multiply_add_zero,95232,Q4_0|unpacked,[971, 12288, 1536]
1066,0,1,4121,RMSNorm sumsq,keep::reduce fold,omega_reduce_r2_o1_n2_multiply_add_zero,248576,unpacked|unpacked,[971, 1536]
1067,0,1,4128,norm apply,elementwise,omega_elementwise_r2_n6_fused_multiply_o4_o5__add_s0_o3__square_root_s1__reciprocal_s2__multiply_s3_o2__multiply_s4_o1__add_s5_o0,1491456,unpacked|unpacked|unpacked|unpacked|unpacked|unpacked,[971, 1536]
1068,0,1,4131,matvec Q4_0,keep::reduce fold,omega_reduce_r3_o2_n2_multiply_add_zero,15872,unpacked|Q4_0,[971, 1536, 256]
1069,0,1,4132,constant,constant,omega_constant_r0_v3f000000,1,,[]
1070,0,1,4133,constant,constant,omega_constant_r0_v3d372713,1,,[]
1071,0,1,4134,constant,constant,omega_constant_r0_v3f4c422a,1,,[]
1072,0,1,4144,RMSNorm sumsq + fused epilogue,keep::reduce fold,omega_reduce_r2_o1_n2_multiply_add_zero_epi15_fused_identity_o15__identity_o0__multiply_s0_o4__add_s2_o3__square_root_s3__reciprocal_s4__multiply_s5_o2__multiply_s6_o1__add_s1_s7__multiply_s8_o5__multiply_o11_o12__multiply_s10_o10__multiply_s11_o9__add_s12_o8__multiply_s13_o7__tanh_s14__add_s15_o6__multiply_o13_o14__multiply_s16_s17__multiply_s9_s18,62144,unpacked|unpacked,[971, 256]
1073,0,1,4147,matvec Q4_0,keep::reduce fold,omega_reduce_r3_o2_n2_multiply_add_zero,95232,unpacked|Q4_0,[971, 256, 1536]
1074,0,1,4150,RMSNorm sumsq,keep::reduce fold,omega_reduce_r2_o1_n2_multiply_add_zero,248576,unpacked|unpacked,[971, 1536]
1075,0,1,4163,identity copy,elementwise,omega_elementwise_r2_n1_identity,248576,unpacked,[971, 256]
1076,0,1,4174,constant,constant,omega_constant_r0_v3f3504f3,1,,[]
1077,0,1,4159,norm apply,elementwise,omega_elementwise_r2_n7_fused_multiply_o4_o5__add_s0_o3__square_root_s1__reciprocal_s2__multiply_s3_o2__multiply_s4_o1__add_s5_o0__multiply_s6_o6,1491456,unpacked|unpacked|unpacked|unpacked|unpacked|unpacked|unpacked,[971, 1536]
1078,0,1,4186,RMSNorm sumsq + fused epilogue,keep::reduce fold,omega_reduce_r2_o1_n2_multiply_add_zero_epi4_fused_identity_o4__multiply_s0_o3__add_s1_o2__square_root_s2__reciprocal_s3__multiply_s4_o1__multiply_s5_o0,248576,unpacked|unpacked,[971, 1536]
1079,0,1,4188,matvec Q4_0,keep::reduce fold,omega_reduce_r4_o3_n2_multiply_add_zero,126976,Q4_0|unpacked,[971, 8, 256, 1536]
1080,0,1,4190,RMSNorm sumsq,keep::reduce fold,omega_reduce_r3_o2_n2_multiply_add_zero,497152,unpacked|unpacked,[971, 8, 256]
1081,0,1,4196,norm apply,elementwise,omega_elementwise_r3_n5_fused_multiply_o3_o4__add_s0_o2__square_root_s1__reciprocal_s2__multiply_s3_o1__multiply_s4_o0,1988608,unpacked|unpacked|unpacked|unpacked|unpacked,[971, 8, 256]
1082,0,1,4199,RoPE,elementwise,omega_elementwise_r3_n4_fused_multiply_o0_o1__multiply_o2_o3__subtract_s0_s1,994304,unpacked|unpacked|unpacked|unpacked,[971, 8, 128]
1083,0,1,4202,RoPE,elementwise,omega_elementwise_r3_n4_fused_multiply_o0_o1__multiply_o2_o3__add_s0_s1,994304,unpacked|unpacked|unpacked|unpacked,[971, 8, 128]
1084,0,1,4203,identity copy,elementwise,omega_elementwise_r4_n1_identity,994304,unpacked,[971, 1, 8, 128]
1085,0,1,4204,identity copy,elementwise,omega_elementwise_r4_n1_identity,994304,unpacked,[971, 1, 8, 128]
1086,0,1,4208,attention dot,keep::reduce fold,omega_reduce_r5_o4_n2_multiply_add_zero,31744,unpacked|unpacked,[971, 512, 1, 8, 128]
1087,0,1,4215,attention dot,keep::reduce fold,omega_reduce_r5_o4_n2_multiply_add_zero,63488,unpacked|unpacked,[971, 971, 1, 8, 128]
1088,0,1,4211,attention dot,keep::reduce fold,omega_reduce_r5_o4_n2_multiply_add_zero_epi3_fused_identity_o3__add_s0_o2__select_o0_o1_s1,31744,unpacked|unpacked,[971, 512, 1, 8, 128]
1089,0,1,4218,attention dot,keep::reduce fold,omega_reduce_r5_o4_n2_multiply_add_zero_epi3_fused_identity_o3__add_s0_o2__select_o0_o1_s1,63488,unpacked|unpacked,[971, 971, 1, 8, 128]
1090,0,1,4220,softmax max,keep::reduce fold,omega_reduce_r4_o3_n1_identity_maximum_negative_infinity,1988608,unpacked,[971, 971, 1, 8]
1091,0,1,4221,softmax max,keep::reduce fold,omega_reduce_r4_o3_n1_identity_maximum_negative_infinity_epi1_fused_identity_o1__maximum_s0_o0,994304,unpacked,[971, 512, 1, 8]
1092,0,1,4223,softmax exp,elementwise,omega_elementwise_r4_n2_fused_subtract_o0_o1__exponential_s0,3977216,unpacked|unpacked,[971, 512, 1, 8]
1093,0,1,4226,softmax sum,keep::reduce fold,omega_reduce_r4_o3_n1_identity_add_zero,994304,unpacked,[971, 512, 1, 8]
1094,0,1,4225,softmax exp,elementwise,omega_elementwise_r4_n2_fused_subtract_o0_o1__exponential_s0,7542728,unpacked|unpacked,[971, 971, 1, 8]
1095,0,1,4227,softmax sum,keep::reduce fold,omega_reduce_r4_o3_n1_identity_add_zero,1988608,unpacked,[971, 971, 1, 8]
1096,0,1,4231,attention AV,keep::reduce fold,omega_reduce_r5_o4_n2_multiply_add_zero,15872,unpacked|unpacked,[971, 512, 1, 8, 256]
1097,0,1,4233,attention AV,keep::reduce fold,omega_reduce_r5_o4_n2_multiply_add_zero,15872,unpacked|unpacked,[971, 971, 1, 8, 256]
1098,0,1,4235,RoPE,elementwise,omega_elementwise_r4_n4_fused_add_o0_o1__reciprocal_s0__add_o2_o3__multiply_s1_s2,1988608,unpacked|unpacked|unpacked|unpacked,[971, 1, 8, 256]
1099,0,1,4237,matvec Q4_0,keep::reduce fold,omega_reduce_r5_o2_n2_multiply_add_zero,95232,Q4_0|unpacked,[971, 1, 8, 256, 1536]
1100,0,1,4239,RMSNorm sumsq,keep::reduce fold,omega_reduce_r2_o1_n2_multiply_add_zero,248576,unpacked|unpacked,[971, 1536]
1101,0,1,4246,norm apply,elementwise,omega_elementwise_r2_n6_fused_multiply_o4_o5__add_s0_o3__square_root_s1__reciprocal_s2__multiply_s3_o2__multiply_s4_o1__add_s5_o0,1491456,unpacked|unpacked|unpacked|unpacked|unpacked|unpacked,[971, 1536]
1102,0,1,4254,RMSNorm sumsq + fused epilogue,keep::reduce fold,omega_reduce_r2_o1_n2_multiply_add_zero_epi4_fused_identity_o4__multiply_s0_o3__add_s1_o2__square_root_s2__reciprocal_s3__multiply_s4_o1__multiply_s5_o0,248576,unpacked|unpacked,[971, 1536]
1103,0,1,4259,matvec Q4_0,keep::reduce fold,omega_reduce_r3_o2_n2_multiply_add_zero,761856,unpacked|Q4_0,[971, 1536, 12288]
1104,0,1,4262,constant,constant,omega_constant_r0_v3f000000,1,,[]
1105,0,1,4263,constant,constant,omega_constant_r0_v3d372713,1,,[]
1106,0,1,4264,constant,constant,omega_constant_r0_v3f4c422a,1,,[]
1107,0,1,4274,matvec Q4_0,keep::reduce fold,omega_reduce_r3_o2_n2_multiply_add_zero_epi9_fused_identity_o9__multiply_o5_o6__multiply_s1_o4__multiply_s2_o3__add_s3_o2__multiply_s4_o1__tanh_s5__add_s6_o0__multiply_o7_o8__multiply_s7_s8__multiply_s0_s9,761856,unpacked|Q4_0,[971, 1536, 12288]
1108,0,1,4276,matvec Q4_0,keep::reduce fold,omega_reduce_r3_o2_n2_multiply_add_zero,95232,Q4_0|unpacked,[971, 12288, 1536]
1109,0,1,4279,RMSNorm sumsq,keep::reduce fold,omega_reduce_r2_o1_n2_multiply_add_zero,248576,unpacked|unpacked,[971, 1536]
1110,0,1,4286,norm apply,elementwise,omega_elementwise_r2_n6_fused_multiply_o4_o5__add_s0_o3__square_root_s1__reciprocal_s2__multiply_s3_o2__multiply_s4_o1__add_s5_o0,1491456,unpacked|unpacked|unpacked|unpacked|unpacked|unpacked,[971, 1536]
1111,0,1,4289,matvec Q4_0,keep::reduce fold,omega_reduce_r3_o2_n2_multiply_add_zero,15872,unpacked|Q4_0,[971, 1536, 256]
1112,0,1,4290,constant,constant,omega_constant_r0_v3f000000,1,,[]
1113,0,1,4291,constant,constant,omega_constant_r0_v3d372713,1,,[]
1114,0,1,4292,constant,constant,omega_constant_r0_v3f4c422a,1,,[]
1115,0,1,4302,RMSNorm sumsq + fused epilogue,keep::reduce fold,omega_reduce_r2_o1_n2_multiply_add_zero_epi15_fused_identity_o15__identity_o0__multiply_s0_o4__add_s2_o3__square_root_s3__reciprocal_s4__multiply_s5_o2__multiply_s6_o1__add_s1_s7__multiply_s8_o5__multiply_o11_o12__multiply_s10_o10__multiply_s11_o9__add_s12_o8__multiply_s13_o7__tanh_s14__add_s15_o6__multiply_o13_o14__multiply_s16_s17__multiply_s9_s18,62144,unpacked|unpacked,[971, 256]
1116,0,1,4305,matvec Q4_0,keep::reduce fold,omega_reduce_r3_o2_n2_multiply_add_zero,95232,unpacked|Q4_0,[971, 256, 1536]
1117,0,1,4308,RMSNorm sumsq,keep::reduce fold,omega_reduce_r2_o1_n2_multiply_add_zero,248576,unpacked|unpacked,[971, 1536]
1118,0,1,4321,identity copy,elementwise,omega_elementwise_r2_n1_identity,248576,unpacked,[971, 256]
1119,0,1,4332,constant,constant,omega_constant_r0_v3f3504f3,1,,[]
1120,0,1,4317,norm apply,elementwise,omega_elementwise_r2_n7_fused_multiply_o4_o5__add_s0_o3__square_root_s1__reciprocal_s2__multiply_s3_o2__multiply_s4_o1__add_s5_o0__multiply_s6_o6,1491456,unpacked|unpacked|unpacked|unpacked|unpacked|unpacked|unpacked,[971, 1536]
1121,0,1,4344,RMSNorm sumsq + fused epilogue,keep::reduce fold,omega_reduce_r2_o1_n2_multiply_add_zero_epi4_fused_identity_o4__multiply_s0_o3__add_s1_o2__square_root_s2__reciprocal_s3__multiply_s4_o1__multiply_s5_o0,248576,unpacked|unpacked,[971, 1536]
1122,0,1,4346,matvec Q4_0,keep::reduce fold,omega_reduce_r4_o3_n2_multiply_add_zero,253952,Q4_0|unpacked,[971, 8, 512, 1536]
1123,0,1,4348,RMSNorm sumsq,keep::reduce fold,omega_reduce_r3_o2_n2_multiply_add_zero,994304,unpacked|unpacked,[971, 8, 512]
1124,0,1,4354,norm apply,elementwise,omega_elementwise_r3_n5_fused_multiply_o3_o4__add_s0_o2__square_root_s1__reciprocal_s2__multiply_s3_o1__multiply_s4_o0,3977216,unpacked|unpacked|unpacked|unpacked|unpacked,[971, 8, 512]
1125,0,1,4357,RoPE,elementwise,omega_elementwise_r3_n4_fused_multiply_o0_o1__multiply_o2_o3__subtract_s0_s1,1988608,unpacked|unpacked|unpacked|unpacked,[971, 8, 256]
1126,0,1,4360,RoPE,elementwise,omega_elementwise_r3_n4_fused_multiply_o0_o1__multiply_o2_o3__add_s0_s1,1988608,unpacked|unpacked|unpacked|unpacked,[971, 8, 256]
1127,0,1,4393,cached attention partial,cached_attention,omega_cached_attention_q971_c992_n971_h1_g8_d512_s3f800000_ln9223372036854775808_up0_cb,248576,unpacked|unpacked|unpacked|unpacked|unpacked|unpacked|unpacked|unpacked|unpacked,[971, 1, 8, 512]
1128,0,1,4395,matvec Q4_0,keep::reduce fold,omega_reduce_r5_o2_n2_multiply_add_zero,95232,Q4_0|unpacked,[971, 1, 8, 512, 1536]
1129,0,1,4397,RMSNorm sumsq,keep::reduce fold,omega_reduce_r2_o1_n2_multiply_add_zero,248576,unpacked|unpacked,[971, 1536]
1130,0,1,4404,norm apply,elementwise,omega_elementwise_r2_n6_fused_multiply_o4_o5__add_s0_o3__square_root_s1__reciprocal_s2__multiply_s3_o2__multiply_s4_o1__add_s5_o0,1491456,unpacked|unpacked|unpacked|unpacked|unpacked|unpacked,[971, 1536]
1131,0,1,4412,RMSNorm sumsq + fused epilogue,keep::reduce fold,omega_reduce_r2_o1_n2_multiply_add_zero_epi4_fused_identity_o4__multiply_s0_o3__add_s1_o2__square_root_s2__reciprocal_s3__multiply_s4_o1__multiply_s5_o0,248576,unpacked|unpacked,[971, 1536]
1132,0,1,4417,matvec Q4_0,keep::reduce fold,omega_reduce_r3_o2_n2_multiply_add_zero,761856,unpacked|Q4_0,[971, 1536, 12288]
1133,0,1,4420,constant,constant,omega_constant_r0_v3f000000,1,,[]
1134,0,1,4421,constant,constant,omega_constant_r0_v3d372713,1,,[]
1135,0,1,4422,constant,constant,omega_constant_r0_v3f4c422a,1,,[]
1136,0,1,4432,matvec Q4_0,keep::reduce fold,omega_reduce_r3_o2_n2_multiply_add_zero_epi9_fused_identity_o9__multiply_o5_o6__multiply_s1_o4__multiply_s2_o3__add_s3_o2__multiply_s4_o1__tanh_s5__add_s6_o0__multiply_o7_o8__multiply_s7_s8__multiply_s0_s9,761856,unpacked|Q4_0,[971, 1536, 12288]
1137,0,1,4434,matvec Q4_0,keep::reduce fold,omega_reduce_r3_o2_n2_multiply_add_zero,95232,Q4_0|unpacked,[971, 12288, 1536]
1138,0,1,4437,RMSNorm sumsq,keep::reduce fold,omega_reduce_r2_o1_n2_multiply_add_zero,248576,unpacked|unpacked,[971, 1536]
1139,0,1,4444,norm apply,elementwise,omega_elementwise_r2_n6_fused_multiply_o4_o5__add_s0_o3__square_root_s1__reciprocal_s2__multiply_s3_o2__multiply_s4_o1__add_s5_o0,1491456,unpacked|unpacked|unpacked|unpacked|unpacked|unpacked,[971, 1536]
1140,0,1,4447,matvec Q4_0,keep::reduce fold,omega_reduce_r3_o2_n2_multiply_add_zero,15872,unpacked|Q4_0,[971, 1536, 256]
1141,0,1,4448,constant,constant,omega_constant_r0_v3f000000,1,,[]
1142,0,1,4449,constant,constant,omega_constant_r0_v3d372713,1,,[]
1143,0,1,4450,constant,constant,omega_constant_r0_v3f4c422a,1,,[]
1144,0,1,4460,RMSNorm sumsq + fused epilogue,keep::reduce fold,omega_reduce_r2_o1_n2_multiply_add_zero_epi15_fused_identity_o15__identity_o0__multiply_s0_o4__add_s2_o3__square_root_s3__reciprocal_s4__multiply_s5_o2__multiply_s6_o1__add_s1_s7__multiply_s8_o5__multiply_o11_o12__multiply_s10_o10__multiply_s11_o9__add_s12_o8__multiply_s13_o7__tanh_s14__add_s15_o6__multiply_o13_o14__multiply_s16_s17__multiply_s9_s18,62144,unpacked|unpacked,[971, 256]
1145,0,1,4463,matvec Q4_0,keep::reduce fold,omega_reduce_r3_o2_n2_multiply_add_zero,95232,unpacked|Q4_0,[971, 256, 1536]
1146,0,1,4466,RMSNorm sumsq,keep::reduce fold,omega_reduce_r2_o1_n2_multiply_add_zero,248576,unpacked|unpacked,[971, 1536]
1147,0,1,4479,identity copy,elementwise,omega_elementwise_r2_n1_identity,248576,unpacked,[971, 256]
1148,0,1,4490,constant,constant,omega_constant_r0_v3f3504f3,1,,[]
1149,0,1,4475,norm apply,elementwise,omega_elementwise_r2_n7_fused_multiply_o4_o5__add_s0_o3__square_root_s1__reciprocal_s2__multiply_s3_o2__multiply_s4_o1__add_s5_o0__multiply_s6_o6,1491456,unpacked|unpacked|unpacked|unpacked|unpacked|unpacked|unpacked,[971, 1536]
1150,0,1,4502,RMSNorm sumsq + fused epilogue,keep::reduce fold,omega_reduce_r2_o1_n2_multiply_add_zero_epi4_fused_identity_o4__multiply_s0_o3__add_s1_o2__square_root_s2__reciprocal_s3__multiply_s4_o1__multiply_s5_o0,248576,unpacked|unpacked,[971, 1536]
1151,0,1,4504,matvec Q4_0,keep::reduce fold,omega_reduce_r4_o3_n2_multiply_add_zero,126976,Q4_0|unpacked,[971, 8, 256, 1536]
1152,0,1,4506,RMSNorm sumsq,keep::reduce fold,omega_reduce_r3_o2_n2_multiply_add_zero,497152,unpacked|unpacked,[971, 8, 256]
1153,0,1,4512,norm apply,elementwise,omega_elementwise_r3_n5_fused_multiply_o3_o4__add_s0_o2__square_root_s1__reciprocal_s2__multiply_s3_o1__multiply_s4_o0,1988608,unpacked|unpacked|unpacked|unpacked|unpacked,[971, 8, 256]
1154,0,1,4515,RoPE,elementwise,omega_elementwise_r3_n4_fused_multiply_o0_o1__multiply_o2_o3__subtract_s0_s1,994304,unpacked|unpacked|unpacked|unpacked,[971, 8, 128]
1155,0,1,4518,RoPE,elementwise,omega_elementwise_r3_n4_fused_multiply_o0_o1__multiply_o2_o3__add_s0_s1,994304,unpacked|unpacked|unpacked|unpacked,[971, 8, 128]
1156,0,1,4519,identity copy,elementwise,omega_elementwise_r4_n1_identity,994304,unpacked,[971, 1, 8, 128]
1157,0,1,4520,identity copy,elementwise,omega_elementwise_r4_n1_identity,994304,unpacked,[971, 1, 8, 128]
1158,0,1,4524,attention dot,keep::reduce fold,omega_reduce_r5_o4_n2_multiply_add_zero,31744,unpacked|unpacked,[971, 512, 1, 8, 128]
1159,0,1,4531,attention dot,keep::reduce fold,omega_reduce_r5_o4_n2_multiply_add_zero,63488,unpacked|unpacked,[971, 971, 1, 8, 128]
1160,0,1,4527,attention dot,keep::reduce fold,omega_reduce_r5_o4_n2_multiply_add_zero_epi3_fused_identity_o3__add_s0_o2__select_o0_o1_s1,31744,unpacked|unpacked,[971, 512, 1, 8, 128]
1161,0,1,4534,attention dot,keep::reduce fold,omega_reduce_r5_o4_n2_multiply_add_zero_epi3_fused_identity_o3__add_s0_o2__select_o0_o1_s1,63488,unpacked|unpacked,[971, 971, 1, 8, 128]
1162,0,1,4536,softmax max,keep::reduce fold,omega_reduce_r4_o3_n1_identity_maximum_negative_infinity,1988608,unpacked,[971, 971, 1, 8]
1163,0,1,4537,softmax max,keep::reduce fold,omega_reduce_r4_o3_n1_identity_maximum_negative_infinity_epi1_fused_identity_o1__maximum_s0_o0,994304,unpacked,[971, 512, 1, 8]
1164,0,1,4539,softmax exp,elementwise,omega_elementwise_r4_n2_fused_subtract_o0_o1__exponential_s0,3977216,unpacked|unpacked,[971, 512, 1, 8]
1165,0,1,4542,softmax sum,keep::reduce fold,omega_reduce_r4_o3_n1_identity_add_zero,994304,unpacked,[971, 512, 1, 8]
1166,0,1,4541,softmax exp,elementwise,omega_elementwise_r4_n2_fused_subtract_o0_o1__exponential_s0,7542728,unpacked|unpacked,[971, 971, 1, 8]
1167,0,1,4543,softmax sum,keep::reduce fold,omega_reduce_r4_o3_n1_identity_add_zero,1988608,unpacked,[971, 971, 1, 8]
1168,0,1,4547,attention AV,keep::reduce fold,omega_reduce_r5_o4_n2_multiply_add_zero,15872,unpacked|unpacked,[971, 512, 1, 8, 256]
1169,0,1,4549,attention AV,keep::reduce fold,omega_reduce_r5_o4_n2_multiply_add_zero,15872,unpacked|unpacked,[971, 971, 1, 8, 256]
1170,0,1,4551,RoPE,elementwise,omega_elementwise_r4_n4_fused_add_o0_o1__reciprocal_s0__add_o2_o3__multiply_s1_s2,1988608,unpacked|unpacked|unpacked|unpacked,[971, 1, 8, 256]
1171,0,1,4553,matvec Q4_0,keep::reduce fold,omega_reduce_r5_o2_n2_multiply_add_zero,95232,Q4_0|unpacked,[971, 1, 8, 256, 1536]
1172,0,1,4555,RMSNorm sumsq,keep::reduce fold,omega_reduce_r2_o1_n2_multiply_add_zero,248576,unpacked|unpacked,[971, 1536]
1173,0,1,4562,norm apply,elementwise,omega_elementwise_r2_n6_fused_multiply_o4_o5__add_s0_o3__square_root_s1__reciprocal_s2__multiply_s3_o2__multiply_s4_o1__add_s5_o0,1491456,unpacked|unpacked|unpacked|unpacked|unpacked|unpacked,[971, 1536]
1174,0,1,4570,RMSNorm sumsq + fused epilogue,keep::reduce fold,omega_reduce_r2_o1_n2_multiply_add_zero_epi4_fused_identity_o4__multiply_s0_o3__add_s1_o2__square_root_s2__reciprocal_s3__multiply_s4_o1__multiply_s5_o0,248576,unpacked|unpacked,[971, 1536]
1175,0,1,4575,matvec Q4_0,keep::reduce fold,omega_reduce_r3_o2_n2_multiply_add_zero,761856,unpacked|Q4_0,[971, 1536, 12288]
1176,0,1,4578,constant,constant,omega_constant_r0_v3f000000,1,,[]
1177,0,1,4579,constant,constant,omega_constant_r0_v3d372713,1,,[]
1178,0,1,4580,constant,constant,omega_constant_r0_v3f4c422a,1,,[]
1179,0,1,4590,matvec Q4_0,keep::reduce fold,omega_reduce_r3_o2_n2_multiply_add_zero_epi9_fused_identity_o9__multiply_o5_o6__multiply_s1_o4__multiply_s2_o3__add_s3_o2__multiply_s4_o1__tanh_s5__add_s6_o0__multiply_o7_o8__multiply_s7_s8__multiply_s0_s9,761856,unpacked|Q4_0,[971, 1536, 12288]
1180,0,1,4592,matvec Q4_0,keep::reduce fold,omega_reduce_r3_o2_n2_multiply_add_zero,95232,Q4_0|unpacked,[971, 12288, 1536]
1181,0,1,4595,RMSNorm sumsq,keep::reduce fold,omega_reduce_r2_o1_n2_multiply_add_zero,248576,unpacked|unpacked,[971, 1536]
1182,0,1,4602,norm apply,elementwise,omega_elementwise_r2_n6_fused_multiply_o4_o5__add_s0_o3__square_root_s1__reciprocal_s2__multiply_s3_o2__multiply_s4_o1__add_s5_o0,1491456,unpacked|unpacked|unpacked|unpacked|unpacked|unpacked,[971, 1536]
1183,0,1,4605,matvec Q4_0,keep::reduce fold,omega_reduce_r3_o2_n2_multiply_add_zero,15872,unpacked|Q4_0,[971, 1536, 256]
1184,0,1,4606,constant,constant,omega_constant_r0_v3f000000,1,,[]
1185,0,1,4607,constant,constant,omega_constant_r0_v3d372713,1,,[]
1186,0,1,4608,constant,constant,omega_constant_r0_v3f4c422a,1,,[]
1187,0,1,4618,RMSNorm sumsq + fused epilogue,keep::reduce fold,omega_reduce_r2_o1_n2_multiply_add_zero_epi15_fused_identity_o15__identity_o0__multiply_s0_o4__add_s2_o3__square_root_s3__reciprocal_s4__multiply_s5_o2__multiply_s6_o1__add_s1_s7__multiply_s8_o5__multiply_o11_o12__multiply_s10_o10__multiply_s11_o9__add_s12_o8__multiply_s13_o7__tanh_s14__add_s15_o6__multiply_o13_o14__multiply_s16_s17__multiply_s9_s18,62144,unpacked|unpacked,[971, 256]
1188,0,1,4621,matvec Q4_0,keep::reduce fold,omega_reduce_r3_o2_n2_multiply_add_zero,95232,unpacked|Q4_0,[971, 256, 1536]
1189,0,1,4624,RMSNorm sumsq,keep::reduce fold,omega_reduce_r2_o1_n2_multiply_add_zero,248576,unpacked|unpacked,[971, 1536]
1190,0,1,4637,identity copy,elementwise,omega_elementwise_r2_n1_identity,248576,unpacked,[971, 256]
1191,0,1,4648,constant,constant,omega_constant_r0_v3f3504f3,1,,[]
1192,0,1,4633,norm apply,elementwise,omega_elementwise_r2_n7_fused_multiply_o4_o5__add_s0_o3__square_root_s1__reciprocal_s2__multiply_s3_o2__multiply_s4_o1__add_s5_o0__multiply_s6_o6,1491456,unpacked|unpacked|unpacked|unpacked|unpacked|unpacked|unpacked,[971, 1536]
1193,0,1,4660,RMSNorm sumsq + fused epilogue,keep::reduce fold,omega_reduce_r2_o1_n2_multiply_add_zero_epi4_fused_identity_o4__multiply_s0_o3__add_s1_o2__square_root_s2__reciprocal_s3__multiply_s4_o1__multiply_s5_o0,248576,unpacked|unpacked,[971, 1536]
1194,0,1,4662,matvec Q4_0,keep::reduce fold,omega_reduce_r4_o3_n2_multiply_add_zero,126976,Q4_0|unpacked,[971, 8, 256, 1536]
1195,0,1,4664,RMSNorm sumsq,keep::reduce fold,omega_reduce_r3_o2_n2_multiply_add_zero,497152,unpacked|unpacked,[971, 8, 256]
1196,0,1,4670,norm apply,elementwise,omega_elementwise_r3_n5_fused_multiply_o3_o4__add_s0_o2__square_root_s1__reciprocal_s2__multiply_s3_o1__multiply_s4_o0,1988608,unpacked|unpacked|unpacked|unpacked|unpacked,[971, 8, 256]
1197,0,1,4673,RoPE,elementwise,omega_elementwise_r3_n4_fused_multiply_o0_o1__multiply_o2_o3__subtract_s0_s1,994304,unpacked|unpacked|unpacked|unpacked,[971, 8, 128]
1198,0,1,4676,RoPE,elementwise,omega_elementwise_r3_n4_fused_multiply_o0_o1__multiply_o2_o3__add_s0_s1,994304,unpacked|unpacked|unpacked|unpacked,[971, 8, 128]
1199,0,1,4677,identity copy,elementwise,omega_elementwise_r4_n1_identity,994304,unpacked,[971, 1, 8, 128]
1200,0,1,4678,identity copy,elementwise,omega_elementwise_r4_n1_identity,994304,unpacked,[971, 1, 8, 128]
1201,0,1,4682,attention dot,keep::reduce fold,omega_reduce_r5_o4_n2_multiply_add_zero,31744,unpacked|unpacked,[971, 512, 1, 8, 128]
1202,0,1,4689,attention dot,keep::reduce fold,omega_reduce_r5_o4_n2_multiply_add_zero,63488,unpacked|unpacked,[971, 971, 1, 8, 128]
1203,0,1,4685,attention dot,keep::reduce fold,omega_reduce_r5_o4_n2_multiply_add_zero_epi3_fused_identity_o3__add_s0_o2__select_o0_o1_s1,31744,unpacked|unpacked,[971, 512, 1, 8, 128]
1204,0,1,4692,attention dot,keep::reduce fold,omega_reduce_r5_o4_n2_multiply_add_zero_epi3_fused_identity_o3__add_s0_o2__select_o0_o1_s1,63488,unpacked|unpacked,[971, 971, 1, 8, 128]
1205,0,1,4694,softmax max,keep::reduce fold,omega_reduce_r4_o3_n1_identity_maximum_negative_infinity,1988608,unpacked,[971, 971, 1, 8]
1206,0,1,4695,softmax max,keep::reduce fold,omega_reduce_r4_o3_n1_identity_maximum_negative_infinity_epi1_fused_identity_o1__maximum_s0_o0,994304,unpacked,[971, 512, 1, 8]
1207,0,1,4697,softmax exp,elementwise,omega_elementwise_r4_n2_fused_subtract_o0_o1__exponential_s0,3977216,unpacked|unpacked,[971, 512, 1, 8]
1208,0,1,4700,softmax sum,keep::reduce fold,omega_reduce_r4_o3_n1_identity_add_zero,994304,unpacked,[971, 512, 1, 8]
1209,0,1,4699,softmax exp,elementwise,omega_elementwise_r4_n2_fused_subtract_o0_o1__exponential_s0,7542728,unpacked|unpacked,[971, 971, 1, 8]
1210,0,1,4701,softmax sum,keep::reduce fold,omega_reduce_r4_o3_n1_identity_add_zero,1988608,unpacked,[971, 971, 1, 8]
1211,0,1,4705,attention AV,keep::reduce fold,omega_reduce_r5_o4_n2_multiply_add_zero,15872,unpacked|unpacked,[971, 512, 1, 8, 256]
1212,0,1,4707,attention AV,keep::reduce fold,omega_reduce_r5_o4_n2_multiply_add_zero,15872,unpacked|unpacked,[971, 971, 1, 8, 256]
1213,0,1,4709,RoPE,elementwise,omega_elementwise_r4_n4_fused_add_o0_o1__reciprocal_s0__add_o2_o3__multiply_s1_s2,1988608,unpacked|unpacked|unpacked|unpacked,[971, 1, 8, 256]
1214,0,1,4711,matvec Q4_0,keep::reduce fold,omega_reduce_r5_o2_n2_multiply_add_zero,95232,Q4_0|unpacked,[971, 1, 8, 256, 1536]
1215,0,1,4713,RMSNorm sumsq,keep::reduce fold,omega_reduce_r2_o1_n2_multiply_add_zero,248576,unpacked|unpacked,[971, 1536]
1216,0,1,4720,norm apply,elementwise,omega_elementwise_r2_n6_fused_multiply_o4_o5__add_s0_o3__square_root_s1__reciprocal_s2__multiply_s3_o2__multiply_s4_o1__add_s5_o0,1491456,unpacked|unpacked|unpacked|unpacked|unpacked|unpacked,[971, 1536]
1217,0,1,4728,RMSNorm sumsq + fused epilogue,keep::reduce fold,omega_reduce_r2_o1_n2_multiply_add_zero_epi4_fused_identity_o4__multiply_s0_o3__add_s1_o2__square_root_s2__reciprocal_s3__multiply_s4_o1__multiply_s5_o0,248576,unpacked|unpacked,[971, 1536]
1218,0,1,4733,matvec Q4_0,keep::reduce fold,omega_reduce_r3_o2_n2_multiply_add_zero,761856,unpacked|Q4_0,[971, 1536, 12288]
1219,0,1,4736,constant,constant,omega_constant_r0_v3f000000,1,,[]
1220,0,1,4737,constant,constant,omega_constant_r0_v3d372713,1,,[]
1221,0,1,4738,constant,constant,omega_constant_r0_v3f4c422a,1,,[]
1222,0,1,4748,matvec Q4_0,keep::reduce fold,omega_reduce_r3_o2_n2_multiply_add_zero_epi9_fused_identity_o9__multiply_o5_o6__multiply_s1_o4__multiply_s2_o3__add_s3_o2__multiply_s4_o1__tanh_s5__add_s6_o0__multiply_o7_o8__multiply_s7_s8__multiply_s0_s9,761856,unpacked|Q4_0,[971, 1536, 12288]
1223,0,1,4750,matvec Q4_0,keep::reduce fold,omega_reduce_r3_o2_n2_multiply_add_zero,95232,Q4_0|unpacked,[971, 12288, 1536]
1224,0,1,4753,RMSNorm sumsq,keep::reduce fold,omega_reduce_r2_o1_n2_multiply_add_zero,248576,unpacked|unpacked,[971, 1536]
1225,0,1,4760,norm apply,elementwise,omega_elementwise_r2_n6_fused_multiply_o4_o5__add_s0_o3__square_root_s1__reciprocal_s2__multiply_s3_o2__multiply_s4_o1__add_s5_o0,1491456,unpacked|unpacked|unpacked|unpacked|unpacked|unpacked,[971, 1536]
1226,0,1,4763,matvec Q4_0,keep::reduce fold,omega_reduce_r3_o2_n2_multiply_add_zero,15872,unpacked|Q4_0,[971, 1536, 256]
1227,0,1,4764,constant,constant,omega_constant_r0_v3f000000,1,,[]
1228,0,1,4765,constant,constant,omega_constant_r0_v3d372713,1,,[]
1229,0,1,4766,constant,constant,omega_constant_r0_v3f4c422a,1,,[]
1230,0,1,4776,RMSNorm sumsq + fused epilogue,keep::reduce fold,omega_reduce_r2_o1_n2_multiply_add_zero_epi15_fused_identity_o15__identity_o0__multiply_s0_o4__add_s2_o3__square_root_s3__reciprocal_s4__multiply_s5_o2__multiply_s6_o1__add_s1_s7__multiply_s8_o5__multiply_o11_o12__multiply_s10_o10__multiply_s11_o9__add_s12_o8__multiply_s13_o7__tanh_s14__add_s15_o6__multiply_o13_o14__multiply_s16_s17__multiply_s9_s18,62144,unpacked|unpacked,[971, 256]
1231,0,1,4779,matvec Q4_0,keep::reduce fold,omega_reduce_r3_o2_n2_multiply_add_zero,95232,unpacked|Q4_0,[971, 256, 1536]
1232,0,1,4782,RMSNorm sumsq,keep::reduce fold,omega_reduce_r2_o1_n2_multiply_add_zero,248576,unpacked|unpacked,[971, 1536]
1233,0,1,4795,identity copy,elementwise,omega_elementwise_r2_n1_identity,248576,unpacked,[971, 256]
1234,0,1,4806,constant,constant,omega_constant_r0_v3f3504f3,1,,[]
1235,0,1,4791,norm apply,elementwise,omega_elementwise_r2_n7_fused_multiply_o4_o5__add_s0_o3__square_root_s1__reciprocal_s2__multiply_s3_o2__multiply_s4_o1__add_s5_o0__multiply_s6_o6,1491456,unpacked|unpacked|unpacked|unpacked|unpacked|unpacked|unpacked,[971, 1536]
1236,0,1,4818,RMSNorm sumsq + fused epilogue,keep::reduce fold,omega_reduce_r2_o1_n2_multiply_add_zero_epi4_fused_identity_o4__multiply_s0_o3__add_s1_o2__square_root_s2__reciprocal_s3__multiply_s4_o1__multiply_s5_o0,248576,unpacked|unpacked,[971, 1536]
1237,0,1,4820,matvec Q4_0,keep::reduce fold,omega_reduce_r4_o3_n2_multiply_add_zero,126976,Q4_0|unpacked,[971, 8, 256, 1536]
1238,0,1,4822,RMSNorm sumsq,keep::reduce fold,omega_reduce_r3_o2_n2_multiply_add_zero,497152,unpacked|unpacked,[971, 8, 256]
1239,0,1,4828,norm apply,elementwise,omega_elementwise_r3_n5_fused_multiply_o3_o4__add_s0_o2__square_root_s1__reciprocal_s2__multiply_s3_o1__multiply_s4_o0,1988608,unpacked|unpacked|unpacked|unpacked|unpacked,[971, 8, 256]
1240,0,1,4831,RoPE,elementwise,omega_elementwise_r3_n4_fused_multiply_o0_o1__multiply_o2_o3__subtract_s0_s1,994304,unpacked|unpacked|unpacked|unpacked,[971, 8, 128]
1241,0,1,4834,RoPE,elementwise,omega_elementwise_r3_n4_fused_multiply_o0_o1__multiply_o2_o3__add_s0_s1,994304,unpacked|unpacked|unpacked|unpacked,[971, 8, 128]
1242,0,1,4835,identity copy,elementwise,omega_elementwise_r4_n1_identity,994304,unpacked,[971, 1, 8, 128]
1243,0,1,4836,identity copy,elementwise,omega_elementwise_r4_n1_identity,994304,unpacked,[971, 1, 8, 128]
1244,0,1,4840,attention dot,keep::reduce fold,omega_reduce_r5_o4_n2_multiply_add_zero,31744,unpacked|unpacked,[971, 512, 1, 8, 128]
1245,0,1,4847,attention dot,keep::reduce fold,omega_reduce_r5_o4_n2_multiply_add_zero,63488,unpacked|unpacked,[971, 971, 1, 8, 128]
1246,0,1,4843,attention dot,keep::reduce fold,omega_reduce_r5_o4_n2_multiply_add_zero_epi3_fused_identity_o3__add_s0_o2__select_o0_o1_s1,31744,unpacked|unpacked,[971, 512, 1, 8, 128]
1247,0,1,4850,attention dot,keep::reduce fold,omega_reduce_r5_o4_n2_multiply_add_zero_epi3_fused_identity_o3__add_s0_o2__select_o0_o1_s1,63488,unpacked|unpacked,[971, 971, 1, 8, 128]
1248,0,1,4852,softmax max,keep::reduce fold,omega_reduce_r4_o3_n1_identity_maximum_negative_infinity,1988608,unpacked,[971, 971, 1, 8]
1249,0,1,4853,softmax max,keep::reduce fold,omega_reduce_r4_o3_n1_identity_maximum_negative_infinity_epi1_fused_identity_o1__maximum_s0_o0,994304,unpacked,[971, 512, 1, 8]
1250,0,1,4855,softmax exp,elementwise,omega_elementwise_r4_n2_fused_subtract_o0_o1__exponential_s0,3977216,unpacked|unpacked,[971, 512, 1, 8]
1251,0,1,4858,softmax sum,keep::reduce fold,omega_reduce_r4_o3_n1_identity_add_zero,994304,unpacked,[971, 512, 1, 8]
1252,0,1,4857,softmax exp,elementwise,omega_elementwise_r4_n2_fused_subtract_o0_o1__exponential_s0,7542728,unpacked|unpacked,[971, 971, 1, 8]
1253,0,1,4859,softmax sum,keep::reduce fold,omega_reduce_r4_o3_n1_identity_add_zero,1988608,unpacked,[971, 971, 1, 8]
1254,0,1,4863,attention AV,keep::reduce fold,omega_reduce_r5_o4_n2_multiply_add_zero,15872,unpacked|unpacked,[971, 512, 1, 8, 256]
1255,0,1,4865,attention AV,keep::reduce fold,omega_reduce_r5_o4_n2_multiply_add_zero,15872,unpacked|unpacked,[971, 971, 1, 8, 256]
1256,0,1,4867,RoPE,elementwise,omega_elementwise_r4_n4_fused_add_o0_o1__reciprocal_s0__add_o2_o3__multiply_s1_s2,1988608,unpacked|unpacked|unpacked|unpacked,[971, 1, 8, 256]
1257,0,1,4869,matvec Q4_0,keep::reduce fold,omega_reduce_r5_o2_n2_multiply_add_zero,95232,Q4_0|unpacked,[971, 1, 8, 256, 1536]
1258,0,1,4871,RMSNorm sumsq,keep::reduce fold,omega_reduce_r2_o1_n2_multiply_add_zero,248576,unpacked|unpacked,[971, 1536]
1259,0,1,4878,norm apply,elementwise,omega_elementwise_r2_n6_fused_multiply_o4_o5__add_s0_o3__square_root_s1__reciprocal_s2__multiply_s3_o2__multiply_s4_o1__add_s5_o0,1491456,unpacked|unpacked|unpacked|unpacked|unpacked|unpacked,[971, 1536]
1260,0,1,4886,RMSNorm sumsq + fused epilogue,keep::reduce fold,omega_reduce_r2_o1_n2_multiply_add_zero_epi4_fused_identity_o4__multiply_s0_o3__add_s1_o2__square_root_s2__reciprocal_s3__multiply_s4_o1__multiply_s5_o0,248576,unpacked|unpacked,[971, 1536]
1261,0,1,4891,matvec Q4_0,keep::reduce fold,omega_reduce_r3_o2_n2_multiply_add_zero,761856,unpacked|Q4_0,[971, 1536, 12288]
1262,0,1,4894,constant,constant,omega_constant_r0_v3f000000,1,,[]
1263,0,1,4895,constant,constant,omega_constant_r0_v3d372713,1,,[]
1264,0,1,4896,constant,constant,omega_constant_r0_v3f4c422a,1,,[]
1265,0,1,4906,matvec Q4_0,keep::reduce fold,omega_reduce_r3_o2_n2_multiply_add_zero_epi9_fused_identity_o9__multiply_o5_o6__multiply_s1_o4__multiply_s2_o3__add_s3_o2__multiply_s4_o1__tanh_s5__add_s6_o0__multiply_o7_o8__multiply_s7_s8__multiply_s0_s9,761856,unpacked|Q4_0,[971, 1536, 12288]
1266,0,1,4908,matvec Q4_0,keep::reduce fold,omega_reduce_r3_o2_n2_multiply_add_zero,95232,Q4_0|unpacked,[971, 12288, 1536]
1267,0,1,4911,RMSNorm sumsq,keep::reduce fold,omega_reduce_r2_o1_n2_multiply_add_zero,248576,unpacked|unpacked,[971, 1536]
1268,0,1,4918,norm apply,elementwise,omega_elementwise_r2_n6_fused_multiply_o4_o5__add_s0_o3__square_root_s1__reciprocal_s2__multiply_s3_o2__multiply_s4_o1__add_s5_o0,1491456,unpacked|unpacked|unpacked|unpacked|unpacked|unpacked,[971, 1536]
1269,0,1,4921,matvec Q4_0,keep::reduce fold,omega_reduce_r3_o2_n2_multiply_add_zero,15872,unpacked|Q4_0,[971, 1536, 256]
1270,0,1,4922,constant,constant,omega_constant_r0_v3f000000,1,,[]
1271,0,1,4923,constant,constant,omega_constant_r0_v3d372713,1,,[]
1272,0,1,4924,constant,constant,omega_constant_r0_v3f4c422a,1,,[]
1273,0,1,4934,RMSNorm sumsq + fused epilogue,keep::reduce fold,omega_reduce_r2_o1_n2_multiply_add_zero_epi15_fused_identity_o15__identity_o0__multiply_s0_o4__add_s2_o3__square_root_s3__reciprocal_s4__multiply_s5_o2__multiply_s6_o1__add_s1_s7__multiply_s8_o5__multiply_o11_o12__multiply_s10_o10__multiply_s11_o9__add_s12_o8__multiply_s13_o7__tanh_s14__add_s15_o6__multiply_o13_o14__multiply_s16_s17__multiply_s9_s18,62144,unpacked|unpacked,[971, 256]
1274,0,1,4937,matvec Q4_0,keep::reduce fold,omega_reduce_r3_o2_n2_multiply_add_zero,95232,unpacked|Q4_0,[971, 256, 1536]
1275,0,1,4940,RMSNorm sumsq,keep::reduce fold,omega_reduce_r2_o1_n2_multiply_add_zero,248576,unpacked|unpacked,[971, 1536]
1276,0,1,4953,identity copy,elementwise,omega_elementwise_r2_n1_identity,248576,unpacked,[971, 256]
1277,0,1,4964,constant,constant,omega_constant_r0_v3f3504f3,1,,[]
1278,0,1,4949,norm apply,elementwise,omega_elementwise_r2_n7_fused_multiply_o4_o5__add_s0_o3__square_root_s1__reciprocal_s2__multiply_s3_o2__multiply_s4_o1__add_s5_o0__multiply_s6_o6,1491456,unpacked|unpacked|unpacked|unpacked|unpacked|unpacked|unpacked,[971, 1536]
1279,0,1,4976,RMSNorm sumsq + fused epilogue,keep::reduce fold,omega_reduce_r2_o1_n2_multiply_add_zero_epi4_fused_identity_o4__multiply_s0_o3__add_s1_o2__square_root_s2__reciprocal_s3__multiply_s4_o1__multiply_s5_o0,248576,unpacked|unpacked,[971, 1536]
1280,0,1,4978,matvec Q4_0,keep::reduce fold,omega_reduce_r4_o3_n2_multiply_add_zero,126976,Q4_0|unpacked,[971, 8, 256, 1536]
1281,0,1,4980,RMSNorm sumsq,keep::reduce fold,omega_reduce_r3_o2_n2_multiply_add_zero,497152,unpacked|unpacked,[971, 8, 256]
1282,0,1,4986,norm apply,elementwise,omega_elementwise_r3_n5_fused_multiply_o3_o4__add_s0_o2__square_root_s1__reciprocal_s2__multiply_s3_o1__multiply_s4_o0,1988608,unpacked|unpacked|unpacked|unpacked|unpacked,[971, 8, 256]
1283,0,1,4989,RoPE,elementwise,omega_elementwise_r3_n4_fused_multiply_o0_o1__multiply_o2_o3__subtract_s0_s1,994304,unpacked|unpacked|unpacked|unpacked,[971, 8, 128]
1284,0,1,4992,RoPE,elementwise,omega_elementwise_r3_n4_fused_multiply_o0_o1__multiply_o2_o3__add_s0_s1,994304,unpacked|unpacked|unpacked|unpacked,[971, 8, 128]
1285,0,1,4993,identity copy,elementwise,omega_elementwise_r4_n1_identity,994304,unpacked,[971, 1, 8, 128]
1286,0,1,4994,identity copy,elementwise,omega_elementwise_r4_n1_identity,994304,unpacked,[971, 1, 8, 128]
1287,0,1,4998,attention dot,keep::reduce fold,omega_reduce_r5_o4_n2_multiply_add_zero,31744,unpacked|unpacked,[971, 512, 1, 8, 128]
1288,0,1,5005,attention dot,keep::reduce fold,omega_reduce_r5_o4_n2_multiply_add_zero,63488,unpacked|unpacked,[971, 971, 1, 8, 128]
1289,0,1,5001,attention dot,keep::reduce fold,omega_reduce_r5_o4_n2_multiply_add_zero_epi3_fused_identity_o3__add_s0_o2__select_o0_o1_s1,31744,unpacked|unpacked,[971, 512, 1, 8, 128]
1290,0,1,5008,attention dot,keep::reduce fold,omega_reduce_r5_o4_n2_multiply_add_zero_epi3_fused_identity_o3__add_s0_o2__select_o0_o1_s1,63488,unpacked|unpacked,[971, 971, 1, 8, 128]
1291,0,1,5010,softmax max,keep::reduce fold,omega_reduce_r4_o3_n1_identity_maximum_negative_infinity,1988608,unpacked,[971, 971, 1, 8]
1292,0,1,5011,softmax max,keep::reduce fold,omega_reduce_r4_o3_n1_identity_maximum_negative_infinity_epi1_fused_identity_o1__maximum_s0_o0,994304,unpacked,[971, 512, 1, 8]
1293,0,1,5013,softmax exp,elementwise,omega_elementwise_r4_n2_fused_subtract_o0_o1__exponential_s0,3977216,unpacked|unpacked,[971, 512, 1, 8]
1294,0,1,5016,softmax sum,keep::reduce fold,omega_reduce_r4_o3_n1_identity_add_zero,994304,unpacked,[971, 512, 1, 8]
1295,0,1,5015,softmax exp,elementwise,omega_elementwise_r4_n2_fused_subtract_o0_o1__exponential_s0,7542728,unpacked|unpacked,[971, 971, 1, 8]
1296,0,1,5017,softmax sum,keep::reduce fold,omega_reduce_r4_o3_n1_identity_add_zero,1988608,unpacked,[971, 971, 1, 8]
1297,0,1,5021,attention AV,keep::reduce fold,omega_reduce_r5_o4_n2_multiply_add_zero,15872,unpacked|unpacked,[971, 512, 1, 8, 256]
1298,0,1,5023,attention AV,keep::reduce fold,omega_reduce_r5_o4_n2_multiply_add_zero,15872,unpacked|unpacked,[971, 971, 1, 8, 256]
1299,0,1,5025,RoPE,elementwise,omega_elementwise_r4_n4_fused_add_o0_o1__reciprocal_s0__add_o2_o3__multiply_s1_s2,1988608,unpacked|unpacked|unpacked|unpacked,[971, 1, 8, 256]
1300,0,1,5027,matvec Q4_0,keep::reduce fold,omega_reduce_r5_o2_n2_multiply_add_zero,95232,Q4_0|unpacked,[971, 1, 8, 256, 1536]
1301,0,1,5029,RMSNorm sumsq,keep::reduce fold,omega_reduce_r2_o1_n2_multiply_add_zero,248576,unpacked|unpacked,[971, 1536]
1302,0,1,5036,norm apply,elementwise,omega_elementwise_r2_n6_fused_multiply_o4_o5__add_s0_o3__square_root_s1__reciprocal_s2__multiply_s3_o2__multiply_s4_o1__add_s5_o0,1491456,unpacked|unpacked|unpacked|unpacked|unpacked|unpacked,[971, 1536]
1303,0,1,5044,RMSNorm sumsq + fused epilogue,keep::reduce fold,omega_reduce_r2_o1_n2_multiply_add_zero_epi4_fused_identity_o4__multiply_s0_o3__add_s1_o2__square_root_s2__reciprocal_s3__multiply_s4_o1__multiply_s5_o0,248576,unpacked|unpacked,[971, 1536]
1304,0,1,5049,matvec Q4_0,keep::reduce fold,omega_reduce_r3_o2_n2_multiply_add_zero,761856,unpacked|Q4_0,[971, 1536, 12288]
1305,0,1,5052,constant,constant,omega_constant_r0_v3f000000,1,,[]
1306,0,1,5053,constant,constant,omega_constant_r0_v3d372713,1,,[]
1307,0,1,5054,constant,constant,omega_constant_r0_v3f4c422a,1,,[]
1308,0,1,5064,matvec Q4_0,keep::reduce fold,omega_reduce_r3_o2_n2_multiply_add_zero_epi9_fused_identity_o9__multiply_o5_o6__multiply_s1_o4__multiply_s2_o3__add_s3_o2__multiply_s4_o1__tanh_s5__add_s6_o0__multiply_o7_o8__multiply_s7_s8__multiply_s0_s9,761856,unpacked|Q4_0,[971, 1536, 12288]
1309,0,1,5066,matvec Q4_0,keep::reduce fold,omega_reduce_r3_o2_n2_multiply_add_zero,95232,Q4_0|unpacked,[971, 12288, 1536]
1310,0,1,5069,RMSNorm sumsq,keep::reduce fold,omega_reduce_r2_o1_n2_multiply_add_zero,248576,unpacked|unpacked,[971, 1536]
1311,0,1,5076,norm apply,elementwise,omega_elementwise_r2_n6_fused_multiply_o4_o5__add_s0_o3__square_root_s1__reciprocal_s2__multiply_s3_o2__multiply_s4_o1__add_s5_o0,1491456,unpacked|unpacked|unpacked|unpacked|unpacked|unpacked,[971, 1536]
1312,0,1,5079,matvec Q4_0,keep::reduce fold,omega_reduce_r3_o2_n2_multiply_add_zero,15872,unpacked|Q4_0,[971, 1536, 256]
1313,0,1,5080,constant,constant,omega_constant_r0_v3f000000,1,,[]
1314,0,1,5081,constant,constant,omega_constant_r0_v3d372713,1,,[]
1315,0,1,5082,constant,constant,omega_constant_r0_v3f4c422a,1,,[]
1316,0,1,5092,RMSNorm sumsq + fused epilogue,keep::reduce fold,omega_reduce_r2_o1_n2_multiply_add_zero_epi15_fused_identity_o15__identity_o0__multiply_s0_o4__add_s2_o3__square_root_s3__reciprocal_s4__multiply_s5_o2__multiply_s6_o1__add_s1_s7__multiply_s8_o5__multiply_o11_o12__multiply_s10_o10__multiply_s11_o9__add_s12_o8__multiply_s13_o7__tanh_s14__add_s15_o6__multiply_o13_o14__multiply_s16_s17__multiply_s9_s18,62144,unpacked|unpacked,[971, 256]
1317,0,1,5095,matvec Q4_0,keep::reduce fold,omega_reduce_r3_o2_n2_multiply_add_zero,95232,unpacked|Q4_0,[971, 256, 1536]
1318,0,1,5098,RMSNorm sumsq,keep::reduce fold,omega_reduce_r2_o1_n2_multiply_add_zero,248576,unpacked|unpacked,[971, 1536]
1319,0,1,5111,identity copy,elementwise,omega_elementwise_r2_n1_identity,248576,unpacked,[971, 256]
1320,0,1,5122,constant,constant,omega_constant_r0_v3f3504f3,1,,[]
1321,0,1,5107,norm apply,elementwise,omega_elementwise_r2_n7_fused_multiply_o4_o5__add_s0_o3__square_root_s1__reciprocal_s2__multiply_s3_o2__multiply_s4_o1__add_s5_o0__multiply_s6_o6,1491456,unpacked|unpacked|unpacked|unpacked|unpacked|unpacked|unpacked,[971, 1536]
1322,0,1,5134,RMSNorm sumsq + fused epilogue,keep::reduce fold,omega_reduce_r2_o1_n2_multiply_add_zero_epi4_fused_identity_o4__multiply_s0_o3__add_s1_o2__square_root_s2__reciprocal_s3__multiply_s4_o1__multiply_s5_o0,248576,unpacked|unpacked,[971, 1536]
1323,0,1,5136,matvec Q4_0,keep::reduce fold,omega_reduce_r4_o3_n2_multiply_add_zero,253952,Q4_0|unpacked,[971, 8, 512, 1536]
1324,0,1,5138,RMSNorm sumsq,keep::reduce fold,omega_reduce_r3_o2_n2_multiply_add_zero,994304,unpacked|unpacked,[971, 8, 512]
1325,0,1,5144,norm apply,elementwise,omega_elementwise_r3_n5_fused_multiply_o3_o4__add_s0_o2__square_root_s1__reciprocal_s2__multiply_s3_o1__multiply_s4_o0,3977216,unpacked|unpacked|unpacked|unpacked|unpacked,[971, 8, 512]
1326,0,1,5147,RoPE,elementwise,omega_elementwise_r3_n4_fused_multiply_o0_o1__multiply_o2_o3__subtract_s0_s1,1988608,unpacked|unpacked|unpacked|unpacked,[971, 8, 256]
1327,0,1,5150,RoPE,elementwise,omega_elementwise_r3_n4_fused_multiply_o0_o1__multiply_o2_o3__add_s0_s1,1988608,unpacked|unpacked|unpacked|unpacked,[971, 8, 256]
1328,0,1,5183,cached attention partial,cached_attention,omega_cached_attention_q971_c992_n971_h1_g8_d512_s3f800000_ln9223372036854775808_up0_cb,248576,unpacked|unpacked|unpacked|unpacked|unpacked|unpacked|unpacked|unpacked|unpacked,[971, 1, 8, 512]
1329,0,1,5185,matvec Q4_0,keep::reduce fold,omega_reduce_r5_o2_n2_multiply_add_zero,95232,Q4_0|unpacked,[971, 1, 8, 512, 1536]
1330,0,1,5187,RMSNorm sumsq,keep::reduce fold,omega_reduce_r2_o1_n2_multiply_add_zero,248576,unpacked|unpacked,[971, 1536]
1331,0,1,5194,norm apply,elementwise,omega_elementwise_r2_n6_fused_multiply_o4_o5__add_s0_o3__square_root_s1__reciprocal_s2__multiply_s3_o2__multiply_s4_o1__add_s5_o0,1491456,unpacked|unpacked|unpacked|unpacked|unpacked|unpacked,[971, 1536]
1332,0,1,5202,RMSNorm sumsq + fused epilogue,keep::reduce fold,omega_reduce_r2_o1_n2_multiply_add_zero_epi4_fused_identity_o4__multiply_s0_o3__add_s1_o2__square_root_s2__reciprocal_s3__multiply_s4_o1__multiply_s5_o0,248576,unpacked|unpacked,[971, 1536]
1333,0,1,5207,matvec Q4_0,keep::reduce fold,omega_reduce_r3_o2_n2_multiply_add_zero,761856,unpacked|Q4_0,[971, 1536, 12288]
1334,0,1,5210,constant,constant,omega_constant_r0_v3f000000,1,,[]
1335,0,1,5211,constant,constant,omega_constant_r0_v3d372713,1,,[]
1336,0,1,5212,constant,constant,omega_constant_r0_v3f4c422a,1,,[]
1337,0,1,5222,matvec Q4_0,keep::reduce fold,omega_reduce_r3_o2_n2_multiply_add_zero_epi9_fused_identity_o9__multiply_o5_o6__multiply_s1_o4__multiply_s2_o3__add_s3_o2__multiply_s4_o1__tanh_s5__add_s6_o0__multiply_o7_o8__multiply_s7_s8__multiply_s0_s9,761856,unpacked|Q4_0,[971, 1536, 12288]
1338,0,1,5224,matvec Q4_0,keep::reduce fold,omega_reduce_r3_o2_n2_multiply_add_zero,95232,Q4_0|unpacked,[971, 12288, 1536]
1339,0,1,5227,RMSNorm sumsq,keep::reduce fold,omega_reduce_r2_o1_n2_multiply_add_zero,248576,unpacked|unpacked,[971, 1536]
1340,0,1,5234,norm apply,elementwise,omega_elementwise_r2_n6_fused_multiply_o4_o5__add_s0_o3__square_root_s1__reciprocal_s2__multiply_s3_o2__multiply_s4_o1__add_s5_o0,1491456,unpacked|unpacked|unpacked|unpacked|unpacked|unpacked,[971, 1536]
1341,0,1,5237,matvec Q4_0,keep::reduce fold,omega_reduce_r3_o2_n2_multiply_add_zero,15872,unpacked|Q4_0,[971, 1536, 256]
1342,0,1,5238,constant,constant,omega_constant_r0_v3f000000,1,,[]
1343,0,1,5239,constant,constant,omega_constant_r0_v3d372713,1,,[]
1344,0,1,5240,constant,constant,omega_constant_r0_v3f4c422a,1,,[]
1345,0,1,5250,RMSNorm sumsq + fused epilogue,keep::reduce fold,omega_reduce_r2_o1_n2_multiply_add_zero_epi15_fused_identity_o15__identity_o0__multiply_s0_o4__add_s2_o3__square_root_s3__reciprocal_s4__multiply_s5_o2__multiply_s6_o1__add_s1_s7__multiply_s8_o5__multiply_o11_o12__multiply_s10_o10__multiply_s11_o9__add_s12_o8__multiply_s13_o7__tanh_s14__add_s15_o6__multiply_o13_o14__multiply_s16_s17__multiply_s9_s18,62144,unpacked|unpacked,[971, 256]
1346,0,1,5253,matvec Q4_0,keep::reduce fold,omega_reduce_r3_o2_n2_multiply_add_zero,95232,unpacked|Q4_0,[971, 256, 1536]
1347,0,1,5256,RMSNorm sumsq,keep::reduce fold,omega_reduce_r2_o1_n2_multiply_add_zero,248576,unpacked|unpacked,[971, 1536]
1348,0,1,5269,identity copy,elementwise,omega_elementwise_r2_n1_identity,248576,unpacked,[971, 256]
1349,0,1,5280,constant,constant,omega_constant_r0_v3f3504f3,1,,[]
1350,0,1,5265,norm apply,elementwise,omega_elementwise_r2_n7_fused_multiply_o4_o5__add_s0_o3__square_root_s1__reciprocal_s2__multiply_s3_o2__multiply_s4_o1__add_s5_o0__multiply_s6_o6,1491456,unpacked|unpacked|unpacked|unpacked|unpacked|unpacked|unpacked,[971, 1536]
1351,0,1,5292,RMSNorm sumsq + fused epilogue,keep::reduce fold,omega_reduce_r2_o1_n2_multiply_add_zero_epi4_fused_identity_o4__multiply_s0_o3__add_s1_o2__square_root_s2__reciprocal_s3__multiply_s4_o1__multiply_s5_o0,248576,unpacked|unpacked,[971, 1536]
1352,0,1,5294,matvec Q4_0,keep::reduce fold,omega_reduce_r4_o3_n2_multiply_add_zero,126976,Q4_0|unpacked,[971, 8, 256, 1536]
1353,0,1,5296,RMSNorm sumsq,keep::reduce fold,omega_reduce_r3_o2_n2_multiply_add_zero,497152,unpacked|unpacked,[971, 8, 256]
1354,0,1,5302,norm apply,elementwise,omega_elementwise_r3_n5_fused_multiply_o3_o4__add_s0_o2__square_root_s1__reciprocal_s2__multiply_s3_o1__multiply_s4_o0,1988608,unpacked|unpacked|unpacked|unpacked|unpacked,[971, 8, 256]
1355,0,1,5305,RoPE,elementwise,omega_elementwise_r3_n4_fused_multiply_o0_o1__multiply_o2_o3__subtract_s0_s1,994304,unpacked|unpacked|unpacked|unpacked,[971, 8, 128]
1356,0,1,5308,RoPE,elementwise,omega_elementwise_r3_n4_fused_multiply_o0_o1__multiply_o2_o3__add_s0_s1,994304,unpacked|unpacked|unpacked|unpacked,[971, 8, 128]
1357,0,1,5309,identity copy,elementwise,omega_elementwise_r4_n1_identity,994304,unpacked,[971, 1, 8, 128]
1358,0,1,5310,identity copy,elementwise,omega_elementwise_r4_n1_identity,994304,unpacked,[971, 1, 8, 128]
1359,0,1,5314,attention dot,keep::reduce fold,omega_reduce_r5_o4_n2_multiply_add_zero,31744,unpacked|unpacked,[971, 512, 1, 8, 128]
1360,0,1,5321,attention dot,keep::reduce fold,omega_reduce_r5_o4_n2_multiply_add_zero,63488,unpacked|unpacked,[971, 971, 1, 8, 128]
1361,0,1,5317,attention dot,keep::reduce fold,omega_reduce_r5_o4_n2_multiply_add_zero_epi3_fused_identity_o3__add_s0_o2__select_o0_o1_s1,31744,unpacked|unpacked,[971, 512, 1, 8, 128]
1362,0,1,5324,attention dot,keep::reduce fold,omega_reduce_r5_o4_n2_multiply_add_zero_epi3_fused_identity_o3__add_s0_o2__select_o0_o1_s1,63488,unpacked|unpacked,[971, 971, 1, 8, 128]
1363,0,1,5326,softmax max,keep::reduce fold,omega_reduce_r4_o3_n1_identity_maximum_negative_infinity,1988608,unpacked,[971, 971, 1, 8]
1364,0,1,5327,softmax max,keep::reduce fold,omega_reduce_r4_o3_n1_identity_maximum_negative_infinity_epi1_fused_identity_o1__maximum_s0_o0,994304,unpacked,[971, 512, 1, 8]
1365,0,1,5329,softmax exp,elementwise,omega_elementwise_r4_n2_fused_subtract_o0_o1__exponential_s0,3977216,unpacked|unpacked,[971, 512, 1, 8]
1366,0,1,5332,softmax sum,keep::reduce fold,omega_reduce_r4_o3_n1_identity_add_zero,994304,unpacked,[971, 512, 1, 8]
1367,0,1,5331,softmax exp,elementwise,omega_elementwise_r4_n2_fused_subtract_o0_o1__exponential_s0,7542728,unpacked|unpacked,[971, 971, 1, 8]
1368,0,1,5333,softmax sum,keep::reduce fold,omega_reduce_r4_o3_n1_identity_add_zero,1988608,unpacked,[971, 971, 1, 8]
1369,0,1,5337,attention AV,keep::reduce fold,omega_reduce_r5_o4_n2_multiply_add_zero,15872,unpacked|unpacked,[971, 512, 1, 8, 256]
1370,0,1,5339,attention AV,keep::reduce fold,omega_reduce_r5_o4_n2_multiply_add_zero,15872,unpacked|unpacked,[971, 971, 1, 8, 256]
1371,0,1,5341,RoPE,elementwise,omega_elementwise_r4_n4_fused_add_o0_o1__reciprocal_s0__add_o2_o3__multiply_s1_s2,1988608,unpacked|unpacked|unpacked|unpacked,[971, 1, 8, 256]
1372,0,1,5343,matvec Q4_0,keep::reduce fold,omega_reduce_r5_o2_n2_multiply_add_zero,95232,Q4_0|unpacked,[971, 1, 8, 256, 1536]
1373,0,1,5345,RMSNorm sumsq,keep::reduce fold,omega_reduce_r2_o1_n2_multiply_add_zero,248576,unpacked|unpacked,[971, 1536]
1374,0,1,5352,norm apply,elementwise,omega_elementwise_r2_n6_fused_multiply_o4_o5__add_s0_o3__square_root_s1__reciprocal_s2__multiply_s3_o2__multiply_s4_o1__add_s5_o0,1491456,unpacked|unpacked|unpacked|unpacked|unpacked|unpacked,[971, 1536]
1375,0,1,5360,RMSNorm sumsq + fused epilogue,keep::reduce fold,omega_reduce_r2_o1_n2_multiply_add_zero_epi4_fused_identity_o4__multiply_s0_o3__add_s1_o2__square_root_s2__reciprocal_s3__multiply_s4_o1__multiply_s5_o0,248576,unpacked|unpacked,[971, 1536]
1376,0,1,5365,matvec Q4_0,keep::reduce fold,omega_reduce_r3_o2_n2_multiply_add_zero,761856,unpacked|Q4_0,[971, 1536, 12288]
1377,0,1,5368,constant,constant,omega_constant_r0_v3f000000,1,,[]
1378,0,1,5369,constant,constant,omega_constant_r0_v3d372713,1,,[]
1379,0,1,5370,constant,constant,omega_constant_r0_v3f4c422a,1,,[]
1380,0,1,5380,matvec Q4_0,keep::reduce fold,omega_reduce_r3_o2_n2_multiply_add_zero_epi9_fused_identity_o9__multiply_o5_o6__multiply_s1_o4__multiply_s2_o3__add_s3_o2__multiply_s4_o1__tanh_s5__add_s6_o0__multiply_o7_o8__multiply_s7_s8__multiply_s0_s9,761856,unpacked|Q4_0,[971, 1536, 12288]
1381,0,1,5382,matvec Q4_0,keep::reduce fold,omega_reduce_r3_o2_n2_multiply_add_zero,95232,Q4_0|unpacked,[971, 12288, 1536]
1382,0,1,5385,RMSNorm sumsq,keep::reduce fold,omega_reduce_r2_o1_n2_multiply_add_zero,248576,unpacked|unpacked,[971, 1536]
1383,0,1,5392,norm apply,elementwise,omega_elementwise_r2_n6_fused_multiply_o4_o5__add_s0_o3__square_root_s1__reciprocal_s2__multiply_s3_o2__multiply_s4_o1__add_s5_o0,1491456,unpacked|unpacked|unpacked|unpacked|unpacked|unpacked,[971, 1536]
1384,0,1,5395,matvec Q4_0,keep::reduce fold,omega_reduce_r3_o2_n2_multiply_add_zero,15872,unpacked|Q4_0,[971, 1536, 256]
1385,0,1,5396,constant,constant,omega_constant_r0_v3f000000,1,,[]
1386,0,1,5397,constant,constant,omega_constant_r0_v3d372713,1,,[]
1387,0,1,5398,constant,constant,omega_constant_r0_v3f4c422a,1,,[]
1388,0,1,5408,RMSNorm sumsq + fused epilogue,keep::reduce fold,omega_reduce_r2_o1_n2_multiply_add_zero_epi15_fused_identity_o15__identity_o0__multiply_s0_o4__add_s2_o3__square_root_s3__reciprocal_s4__multiply_s5_o2__multiply_s6_o1__add_s1_s7__multiply_s8_o5__multiply_o11_o12__multiply_s10_o10__multiply_s11_o9__add_s12_o8__multiply_s13_o7__tanh_s14__add_s15_o6__multiply_o13_o14__multiply_s16_s17__multiply_s9_s18,62144,unpacked|unpacked,[971, 256]
1389,0,1,5411,matvec Q4_0,keep::reduce fold,omega_reduce_r3_o2_n2_multiply_add_zero,95232,unpacked|Q4_0,[971, 256, 1536]
1390,0,1,5414,RMSNorm sumsq,keep::reduce fold,omega_reduce_r2_o1_n2_multiply_add_zero,248576,unpacked|unpacked,[971, 1536]
1391,0,1,5427,identity copy,elementwise,omega_elementwise_r2_n1_identity,248576,unpacked,[971, 256]
1392,0,1,5438,constant,constant,omega_constant_r0_v3f3504f3,1,,[]
1393,0,1,5423,norm apply,elementwise,omega_elementwise_r2_n7_fused_multiply_o4_o5__add_s0_o3__square_root_s1__reciprocal_s2__multiply_s3_o2__multiply_s4_o1__add_s5_o0__multiply_s6_o6,1491456,unpacked|unpacked|unpacked|unpacked|unpacked|unpacked|unpacked,[971, 1536]
1394,0,1,5450,RMSNorm sumsq + fused epilogue,keep::reduce fold,omega_reduce_r2_o1_n2_multiply_add_zero_epi4_fused_identity_o4__multiply_s0_o3__add_s1_o2__square_root_s2__reciprocal_s3__multiply_s4_o1__multiply_s5_o0,248576,unpacked|unpacked,[971, 1536]
1395,0,1,5452,matvec Q4_0,keep::reduce fold,omega_reduce_r4_o3_n2_multiply_add_zero,126976,Q4_0|unpacked,[971, 8, 256, 1536]
1396,0,1,5454,RMSNorm sumsq,keep::reduce fold,omega_reduce_r3_o2_n2_multiply_add_zero,497152,unpacked|unpacked,[971, 8, 256]
1397,0,1,5460,norm apply,elementwise,omega_elementwise_r3_n5_fused_multiply_o3_o4__add_s0_o2__square_root_s1__reciprocal_s2__multiply_s3_o1__multiply_s4_o0,1988608,unpacked|unpacked|unpacked|unpacked|unpacked,[971, 8, 256]
1398,0,1,5463,RoPE,elementwise,omega_elementwise_r3_n4_fused_multiply_o0_o1__multiply_o2_o3__subtract_s0_s1,994304,unpacked|unpacked|unpacked|unpacked,[971, 8, 128]
1399,0,1,5466,RoPE,elementwise,omega_elementwise_r3_n4_fused_multiply_o0_o1__multiply_o2_o3__add_s0_s1,994304,unpacked|unpacked|unpacked|unpacked,[971, 8, 128]
1400,0,1,5467,identity copy,elementwise,omega_elementwise_r4_n1_identity,994304,unpacked,[971, 1, 8, 128]
1401,0,1,5468,identity copy,elementwise,omega_elementwise_r4_n1_identity,994304,unpacked,[971, 1, 8, 128]
1402,0,1,5472,attention dot,keep::reduce fold,omega_reduce_r5_o4_n2_multiply_add_zero,31744,unpacked|unpacked,[971, 512, 1, 8, 128]
1403,0,1,5479,attention dot,keep::reduce fold,omega_reduce_r5_o4_n2_multiply_add_zero,63488,unpacked|unpacked,[971, 971, 1, 8, 128]
1404,0,1,5475,attention dot,keep::reduce fold,omega_reduce_r5_o4_n2_multiply_add_zero_epi3_fused_identity_o3__add_s0_o2__select_o0_o1_s1,31744,unpacked|unpacked,[971, 512, 1, 8, 128]
1405,0,1,5482,attention dot,keep::reduce fold,omega_reduce_r5_o4_n2_multiply_add_zero_epi3_fused_identity_o3__add_s0_o2__select_o0_o1_s1,63488,unpacked|unpacked,[971, 971, 1, 8, 128]
1406,0,1,5484,softmax max,keep::reduce fold,omega_reduce_r4_o3_n1_identity_maximum_negative_infinity,1988608,unpacked,[971, 971, 1, 8]
1407,0,1,5485,softmax max,keep::reduce fold,omega_reduce_r4_o3_n1_identity_maximum_negative_infinity_epi1_fused_identity_o1__maximum_s0_o0,994304,unpacked,[971, 512, 1, 8]
1408,0,1,5487,softmax exp,elementwise,omega_elementwise_r4_n2_fused_subtract_o0_o1__exponential_s0,3977216,unpacked|unpacked,[971, 512, 1, 8]
1409,0,1,5490,softmax sum,keep::reduce fold,omega_reduce_r4_o3_n1_identity_add_zero,994304,unpacked,[971, 512, 1, 8]
1410,0,1,5489,softmax exp,elementwise,omega_elementwise_r4_n2_fused_subtract_o0_o1__exponential_s0,7542728,unpacked|unpacked,[971, 971, 1, 8]
1411,0,1,5491,softmax sum,keep::reduce fold,omega_reduce_r4_o3_n1_identity_add_zero,1988608,unpacked,[971, 971, 1, 8]
1412,0,1,5495,attention AV,keep::reduce fold,omega_reduce_r5_o4_n2_multiply_add_zero,15872,unpacked|unpacked,[971, 512, 1, 8, 256]
1413,0,1,5497,attention AV,keep::reduce fold,omega_reduce_r5_o4_n2_multiply_add_zero,15872,unpacked|unpacked,[971, 971, 1, 8, 256]
1414,0,1,5499,RoPE,elementwise,omega_elementwise_r4_n4_fused_add_o0_o1__reciprocal_s0__add_o2_o3__multiply_s1_s2,1988608,unpacked|unpacked|unpacked|unpacked,[971, 1, 8, 256]
1415,0,1,5501,matvec Q4_0,keep::reduce fold,omega_reduce_r5_o2_n2_multiply_add_zero,95232,Q4_0|unpacked,[971, 1, 8, 256, 1536]
1416,0,1,5503,RMSNorm sumsq,keep::reduce fold,omega_reduce_r2_o1_n2_multiply_add_zero,248576,unpacked|unpacked,[971, 1536]
1417,0,1,5510,norm apply,elementwise,omega_elementwise_r2_n6_fused_multiply_o4_o5__add_s0_o3__square_root_s1__reciprocal_s2__multiply_s3_o2__multiply_s4_o1__add_s5_o0,1491456,unpacked|unpacked|unpacked|unpacked|unpacked|unpacked,[971, 1536]
1418,0,1,5518,RMSNorm sumsq + fused epilogue,keep::reduce fold,omega_reduce_r2_o1_n2_multiply_add_zero_epi4_fused_identity_o4__multiply_s0_o3__add_s1_o2__square_root_s2__reciprocal_s3__multiply_s4_o1__multiply_s5_o0,248576,unpacked|unpacked,[971, 1536]
1419,0,1,5523,matvec Q4_0,keep::reduce fold,omega_reduce_r3_o2_n2_multiply_add_zero,761856,unpacked|Q4_0,[971, 1536, 12288]
1420,0,1,5526,constant,constant,omega_constant_r0_v3f000000,1,,[]
1421,0,1,5527,constant,constant,omega_constant_r0_v3d372713,1,,[]
1422,0,1,5528,constant,constant,omega_constant_r0_v3f4c422a,1,,[]
1423,0,1,5538,matvec Q4_0,keep::reduce fold,omega_reduce_r3_o2_n2_multiply_add_zero_epi9_fused_identity_o9__multiply_o5_o6__multiply_s1_o4__multiply_s2_o3__add_s3_o2__multiply_s4_o1__tanh_s5__add_s6_o0__multiply_o7_o8__multiply_s7_s8__multiply_s0_s9,761856,unpacked|Q4_0,[971, 1536, 12288]
1424,0,1,5540,matvec Q4_0,keep::reduce fold,omega_reduce_r3_o2_n2_multiply_add_zero,95232,Q4_0|unpacked,[971, 12288, 1536]
1425,0,1,5543,RMSNorm sumsq,keep::reduce fold,omega_reduce_r2_o1_n2_multiply_add_zero,248576,unpacked|unpacked,[971, 1536]
1426,0,1,5550,norm apply,elementwise,omega_elementwise_r2_n6_fused_multiply_o4_o5__add_s0_o3__square_root_s1__reciprocal_s2__multiply_s3_o2__multiply_s4_o1__add_s5_o0,1491456,unpacked|unpacked|unpacked|unpacked|unpacked|unpacked,[971, 1536]
1427,0,1,5553,matvec Q4_0,keep::reduce fold,omega_reduce_r3_o2_n2_multiply_add_zero,15872,unpacked|Q4_0,[971, 1536, 256]
1428,0,1,5554,constant,constant,omega_constant_r0_v3f000000,1,,[]
1429,0,1,5555,constant,constant,omega_constant_r0_v3d372713,1,,[]
1430,0,1,5556,constant,constant,omega_constant_r0_v3f4c422a,1,,[]
1431,0,1,5566,RMSNorm sumsq + fused epilogue,keep::reduce fold,omega_reduce_r2_o1_n2_multiply_add_zero_epi15_fused_identity_o15__identity_o0__multiply_s0_o4__add_s2_o3__square_root_s3__reciprocal_s4__multiply_s5_o2__multiply_s6_o1__add_s1_s7__multiply_s8_o5__multiply_o11_o12__multiply_s10_o10__multiply_s11_o9__add_s12_o8__multiply_s13_o7__tanh_s14__add_s15_o6__multiply_o13_o14__multiply_s16_s17__multiply_s9_s18,62144,unpacked|unpacked,[971, 256]
1432,0,1,5569,matvec Q4_0,keep::reduce fold,omega_reduce_r3_o2_n2_multiply_add_zero,95232,unpacked|Q4_0,[971, 256, 1536]
1433,0,1,5572,RMSNorm sumsq,keep::reduce fold,omega_reduce_r2_o1_n2_multiply_add_zero,248576,unpacked|unpacked,[971, 1536]
1434,0,1,5585,identity copy,elementwise,omega_elementwise_r2_n1_identity,248576,unpacked,[971, 256]
1435,0,1,5596,constant,constant,omega_constant_r0_v3f3504f3,1,,[]
1436,0,1,5581,norm apply,elementwise,omega_elementwise_r2_n7_fused_multiply_o4_o5__add_s0_o3__square_root_s1__reciprocal_s2__multiply_s3_o2__multiply_s4_o1__add_s5_o0__multiply_s6_o6,1491456,unpacked|unpacked|unpacked|unpacked|unpacked|unpacked|unpacked,[971, 1536]
1437,0,1,5608,RMSNorm sumsq + fused epilogue,keep::reduce fold,omega_reduce_r2_o1_n2_multiply_add_zero_epi4_fused_identity_o4__multiply_s0_o3__add_s1_o2__square_root_s2__reciprocal_s3__multiply_s4_o1__multiply_s5_o0,248576,unpacked|unpacked,[971, 1536]
1438,0,1,5610,matvec Q4_0,keep::reduce fold,omega_reduce_r4_o3_n2_multiply_add_zero,126976,Q4_0|unpacked,[971, 8, 256, 1536]
1439,0,1,5612,RMSNorm sumsq,keep::reduce fold,omega_reduce_r3_o2_n2_multiply_add_zero,497152,unpacked|unpacked,[971, 8, 256]
1440,0,1,5618,norm apply,elementwise,omega_elementwise_r3_n5_fused_multiply_o3_o4__add_s0_o2__square_root_s1__reciprocal_s2__multiply_s3_o1__multiply_s4_o0,1988608,unpacked|unpacked|unpacked|unpacked|unpacked,[971, 8, 256]
1441,0,1,5621,RoPE,elementwise,omega_elementwise_r3_n4_fused_multiply_o0_o1__multiply_o2_o3__subtract_s0_s1,994304,unpacked|unpacked|unpacked|unpacked,[971, 8, 128]
1442,0,1,5624,RoPE,elementwise,omega_elementwise_r3_n4_fused_multiply_o0_o1__multiply_o2_o3__add_s0_s1,994304,unpacked|unpacked|unpacked|unpacked,[971, 8, 128]
1443,0,1,5625,identity copy,elementwise,omega_elementwise_r4_n1_identity,994304,unpacked,[971, 1, 8, 128]
1444,0,1,5626,identity copy,elementwise,omega_elementwise_r4_n1_identity,994304,unpacked,[971, 1, 8, 128]
1445,0,1,5630,attention dot,keep::reduce fold,omega_reduce_r5_o4_n2_multiply_add_zero,31744,unpacked|unpacked,[971, 512, 1, 8, 128]
1446,0,1,5637,attention dot,keep::reduce fold,omega_reduce_r5_o4_n2_multiply_add_zero,63488,unpacked|unpacked,[971, 971, 1, 8, 128]
1447,0,1,5633,attention dot,keep::reduce fold,omega_reduce_r5_o4_n2_multiply_add_zero_epi3_fused_identity_o3__add_s0_o2__select_o0_o1_s1,31744,unpacked|unpacked,[971, 512, 1, 8, 128]
1448,0,1,5640,attention dot,keep::reduce fold,omega_reduce_r5_o4_n2_multiply_add_zero_epi3_fused_identity_o3__add_s0_o2__select_o0_o1_s1,63488,unpacked|unpacked,[971, 971, 1, 8, 128]
1449,0,1,5642,softmax max,keep::reduce fold,omega_reduce_r4_o3_n1_identity_maximum_negative_infinity,1988608,unpacked,[971, 971, 1, 8]
1450,0,1,5643,softmax max,keep::reduce fold,omega_reduce_r4_o3_n1_identity_maximum_negative_infinity_epi1_fused_identity_o1__maximum_s0_o0,994304,unpacked,[971, 512, 1, 8]
1451,0,1,5645,softmax exp,elementwise,omega_elementwise_r4_n2_fused_subtract_o0_o1__exponential_s0,3977216,unpacked|unpacked,[971, 512, 1, 8]
1452,0,1,5648,softmax sum,keep::reduce fold,omega_reduce_r4_o3_n1_identity_add_zero,994304,unpacked,[971, 512, 1, 8]
1453,0,1,5647,softmax exp,elementwise,omega_elementwise_r4_n2_fused_subtract_o0_o1__exponential_s0,7542728,unpacked|unpacked,[971, 971, 1, 8]
1454,0,1,5649,softmax sum,keep::reduce fold,omega_reduce_r4_o3_n1_identity_add_zero,1988608,unpacked,[971, 971, 1, 8]
1455,0,1,5653,attention AV,keep::reduce fold,omega_reduce_r5_o4_n2_multiply_add_zero,15872,unpacked|unpacked,[971, 512, 1, 8, 256]
1456,0,1,5655,attention AV,keep::reduce fold,omega_reduce_r5_o4_n2_multiply_add_zero,15872,unpacked|unpacked,[971, 971, 1, 8, 256]
1457,0,1,5657,RoPE,elementwise,omega_elementwise_r4_n4_fused_add_o0_o1__reciprocal_s0__add_o2_o3__multiply_s1_s2,1988608,unpacked|unpacked|unpacked|unpacked,[971, 1, 8, 256]
1458,0,1,5659,matvec Q4_0,keep::reduce fold,omega_reduce_r5_o2_n2_multiply_add_zero,95232,Q4_0|unpacked,[971, 1, 8, 256, 1536]
1459,0,1,5661,RMSNorm sumsq,keep::reduce fold,omega_reduce_r2_o1_n2_multiply_add_zero,248576,unpacked|unpacked,[971, 1536]
1460,0,1,5668,norm apply,elementwise,omega_elementwise_r2_n6_fused_multiply_o4_o5__add_s0_o3__square_root_s1__reciprocal_s2__multiply_s3_o2__multiply_s4_o1__add_s5_o0,1491456,unpacked|unpacked|unpacked|unpacked|unpacked|unpacked,[971, 1536]
1461,0,1,5676,RMSNorm sumsq + fused epilogue,keep::reduce fold,omega_reduce_r2_o1_n2_multiply_add_zero_epi4_fused_identity_o4__multiply_s0_o3__add_s1_o2__square_root_s2__reciprocal_s3__multiply_s4_o1__multiply_s5_o0,248576,unpacked|unpacked,[971, 1536]
1462,0,1,5681,matvec Q4_0,keep::reduce fold,omega_reduce_r3_o2_n2_multiply_add_zero,761856,unpacked|Q4_0,[971, 1536, 12288]
1463,0,1,5684,constant,constant,omega_constant_r0_v3f000000,1,,[]
1464,0,1,5685,constant,constant,omega_constant_r0_v3d372713,1,,[]
1465,0,1,5686,constant,constant,omega_constant_r0_v3f4c422a,1,,[]
1466,0,1,5696,matvec Q4_0,keep::reduce fold,omega_reduce_r3_o2_n2_multiply_add_zero_epi9_fused_identity_o9__multiply_o5_o6__multiply_s1_o4__multiply_s2_o3__add_s3_o2__multiply_s4_o1__tanh_s5__add_s6_o0__multiply_o7_o8__multiply_s7_s8__multiply_s0_s9,761856,unpacked|Q4_0,[971, 1536, 12288]
1467,0,1,5698,matvec Q4_0,keep::reduce fold,omega_reduce_r3_o2_n2_multiply_add_zero,95232,Q4_0|unpacked,[971, 12288, 1536]
1468,0,1,5701,RMSNorm sumsq,keep::reduce fold,omega_reduce_r2_o1_n2_multiply_add_zero,248576,unpacked|unpacked,[971, 1536]
1469,0,1,5708,norm apply,elementwise,omega_elementwise_r2_n6_fused_multiply_o4_o5__add_s0_o3__square_root_s1__reciprocal_s2__multiply_s3_o2__multiply_s4_o1__add_s5_o0,1491456,unpacked|unpacked|unpacked|unpacked|unpacked|unpacked,[971, 1536]
1470,0,1,5711,matvec Q4_0,keep::reduce fold,omega_reduce_r3_o2_n2_multiply_add_zero,15872,unpacked|Q4_0,[971, 1536, 256]
1471,0,1,5712,constant,constant,omega_constant_r0_v3f000000,1,,[]
1472,0,1,5713,constant,constant,omega_constant_r0_v3d372713,1,,[]
1473,0,1,5714,constant,constant,omega_constant_r0_v3f4c422a,1,,[]
1474,0,1,5724,RMSNorm sumsq + fused epilogue,keep::reduce fold,omega_reduce_r2_o1_n2_multiply_add_zero_epi15_fused_identity_o15__identity_o0__multiply_s0_o4__add_s2_o3__square_root_s3__reciprocal_s4__multiply_s5_o2__multiply_s6_o1__add_s1_s7__multiply_s8_o5__multiply_o11_o12__multiply_s10_o10__multiply_s11_o9__add_s12_o8__multiply_s13_o7__tanh_s14__add_s15_o6__multiply_o13_o14__multiply_s16_s17__multiply_s9_s18,62144,unpacked|unpacked,[971, 256]
1475,0,1,5727,matvec Q4_0,keep::reduce fold,omega_reduce_r3_o2_n2_multiply_add_zero,95232,unpacked|Q4_0,[971, 256, 1536]
1476,0,1,5730,RMSNorm sumsq,keep::reduce fold,omega_reduce_r2_o1_n2_multiply_add_zero,248576,unpacked|unpacked,[971, 1536]
1477,0,1,5743,identity copy,elementwise,omega_elementwise_r2_n1_identity,248576,unpacked,[971, 256]
1478,0,1,5754,constant,constant,omega_constant_r0_v3f3504f3,1,,[]
1479,0,1,5739,norm apply,elementwise,omega_elementwise_r2_n7_fused_multiply_o4_o5__add_s0_o3__square_root_s1__reciprocal_s2__multiply_s3_o2__multiply_s4_o1__add_s5_o0__multiply_s6_o6,1491456,unpacked|unpacked|unpacked|unpacked|unpacked|unpacked|unpacked,[971, 1536]
1480,0,1,5766,RMSNorm sumsq + fused epilogue,keep::reduce fold,omega_reduce_r2_o1_n2_multiply_add_zero_epi4_fused_identity_o4__multiply_s0_o3__add_s1_o2__square_root_s2__reciprocal_s3__multiply_s4_o1__multiply_s5_o0,248576,unpacked|unpacked,[971, 1536]
1481,0,1,5768,matvec Q4_0,keep::reduce fold,omega_reduce_r4_o3_n2_multiply_add_zero,126976,Q4_0|unpacked,[971, 8, 256, 1536]
1482,0,1,5770,RMSNorm sumsq,keep::reduce fold,omega_reduce_r3_o2_n2_multiply_add_zero,497152,unpacked|unpacked,[971, 8, 256]
1483,0,1,5776,norm apply,elementwise,omega_elementwise_r3_n5_fused_multiply_o3_o4__add_s0_o2__square_root_s1__reciprocal_s2__multiply_s3_o1__multiply_s4_o0,1988608,unpacked|unpacked|unpacked|unpacked|unpacked,[971, 8, 256]
1484,0,1,5779,RoPE,elementwise,omega_elementwise_r3_n4_fused_multiply_o0_o1__multiply_o2_o3__subtract_s0_s1,994304,unpacked|unpacked|unpacked|unpacked,[971, 8, 128]
1485,0,1,5782,RoPE,elementwise,omega_elementwise_r3_n4_fused_multiply_o0_o1__multiply_o2_o3__add_s0_s1,994304,unpacked|unpacked|unpacked|unpacked,[971, 8, 128]
1486,0,1,5783,identity copy,elementwise,omega_elementwise_r4_n1_identity,994304,unpacked,[971, 1, 8, 128]
1487,0,1,5784,identity copy,elementwise,omega_elementwise_r4_n1_identity,994304,unpacked,[971, 1, 8, 128]
1488,0,1,5788,attention dot,keep::reduce fold,omega_reduce_r5_o4_n2_multiply_add_zero,31744,unpacked|unpacked,[971, 512, 1, 8, 128]
1489,0,1,5795,attention dot,keep::reduce fold,omega_reduce_r5_o4_n2_multiply_add_zero,63488,unpacked|unpacked,[971, 971, 1, 8, 128]
1490,0,1,5791,attention dot,keep::reduce fold,omega_reduce_r5_o4_n2_multiply_add_zero_epi3_fused_identity_o3__add_s0_o2__select_o0_o1_s1,31744,unpacked|unpacked,[971, 512, 1, 8, 128]
1491,0,1,5798,attention dot,keep::reduce fold,omega_reduce_r5_o4_n2_multiply_add_zero_epi3_fused_identity_o3__add_s0_o2__select_o0_o1_s1,63488,unpacked|unpacked,[971, 971, 1, 8, 128]
1492,0,1,5800,softmax max,keep::reduce fold,omega_reduce_r4_o3_n1_identity_maximum_negative_infinity,1988608,unpacked,[971, 971, 1, 8]
1493,0,1,5801,softmax max,keep::reduce fold,omega_reduce_r4_o3_n1_identity_maximum_negative_infinity_epi1_fused_identity_o1__maximum_s0_o0,994304,unpacked,[971, 512, 1, 8]
1494,0,1,5803,softmax exp,elementwise,omega_elementwise_r4_n2_fused_subtract_o0_o1__exponential_s0,3977216,unpacked|unpacked,[971, 512, 1, 8]
1495,0,1,5806,softmax sum,keep::reduce fold,omega_reduce_r4_o3_n1_identity_add_zero,994304,unpacked,[971, 512, 1, 8]
1496,0,1,5805,softmax exp,elementwise,omega_elementwise_r4_n2_fused_subtract_o0_o1__exponential_s0,7542728,unpacked|unpacked,[971, 971, 1, 8]
1497,0,1,5807,softmax sum,keep::reduce fold,omega_reduce_r4_o3_n1_identity_add_zero,1988608,unpacked,[971, 971, 1, 8]
1498,0,1,5811,attention AV,keep::reduce fold,omega_reduce_r5_o4_n2_multiply_add_zero,15872,unpacked|unpacked,[971, 512, 1, 8, 256]
1499,0,1,5813,attention AV,keep::reduce fold,omega_reduce_r5_o4_n2_multiply_add_zero,15872,unpacked|unpacked,[971, 971, 1, 8, 256]
1500,0,1,5815,RoPE,elementwise,omega_elementwise_r4_n4_fused_add_o0_o1__reciprocal_s0__add_o2_o3__multiply_s1_s2,1988608,unpacked|unpacked|unpacked|unpacked,[971, 1, 8, 256]
1501,0,1,5817,matvec Q4_0,keep::reduce fold,omega_reduce_r5_o2_n2_multiply_add_zero,95232,Q4_0|unpacked,[971, 1, 8, 256, 1536]
1502,0,1,5819,RMSNorm sumsq,keep::reduce fold,omega_reduce_r2_o1_n2_multiply_add_zero,248576,unpacked|unpacked,[971, 1536]
1503,0,1,5826,norm apply,elementwise,omega_elementwise_r2_n6_fused_multiply_o4_o5__add_s0_o3__square_root_s1__reciprocal_s2__multiply_s3_o2__multiply_s4_o1__add_s5_o0,1491456,unpacked|unpacked|unpacked|unpacked|unpacked|unpacked,[971, 1536]
1504,0,1,5834,RMSNorm sumsq + fused epilogue,keep::reduce fold,omega_reduce_r2_o1_n2_multiply_add_zero_epi4_fused_identity_o4__multiply_s0_o3__add_s1_o2__square_root_s2__reciprocal_s3__multiply_s4_o1__multiply_s5_o0,248576,unpacked|unpacked,[971, 1536]
1505,0,1,5839,matvec Q4_0,keep::reduce fold,omega_reduce_r3_o2_n2_multiply_add_zero,761856,unpacked|Q4_0,[971, 1536, 12288]
1506,0,1,5842,constant,constant,omega_constant_r0_v3f000000,1,,[]
1507,0,1,5843,constant,constant,omega_constant_r0_v3d372713,1,,[]
1508,0,1,5844,constant,constant,omega_constant_r0_v3f4c422a,1,,[]
1509,0,1,5854,matvec Q4_0,keep::reduce fold,omega_reduce_r3_o2_n2_multiply_add_zero_epi9_fused_identity_o9__multiply_o5_o6__multiply_s1_o4__multiply_s2_o3__add_s3_o2__multiply_s4_o1__tanh_s5__add_s6_o0__multiply_o7_o8__multiply_s7_s8__multiply_s0_s9,761856,unpacked|Q4_0,[971, 1536, 12288]
1510,0,1,5856,matvec Q4_0,keep::reduce fold,omega_reduce_r3_o2_n2_multiply_add_zero,95232,Q4_0|unpacked,[971, 12288, 1536]
1511,0,1,5859,RMSNorm sumsq,keep::reduce fold,omega_reduce_r2_o1_n2_multiply_add_zero,248576,unpacked|unpacked,[971, 1536]
1512,0,1,5866,norm apply,elementwise,omega_elementwise_r2_n6_fused_multiply_o4_o5__add_s0_o3__square_root_s1__reciprocal_s2__multiply_s3_o2__multiply_s4_o1__add_s5_o0,1491456,unpacked|unpacked|unpacked|unpacked|unpacked|unpacked,[971, 1536]
1513,0,1,5869,matvec Q4_0,keep::reduce fold,omega_reduce_r3_o2_n2_multiply_add_zero,15872,unpacked|Q4_0,[971, 1536, 256]
1514,0,1,5870,constant,constant,omega_constant_r0_v3f000000,1,,[]
1515,0,1,5871,constant,constant,omega_constant_r0_v3d372713,1,,[]
1516,0,1,5872,constant,constant,omega_constant_r0_v3f4c422a,1,,[]
1517,0,1,5882,RMSNorm sumsq + fused epilogue,keep::reduce fold,omega_reduce_r2_o1_n2_multiply_add_zero_epi15_fused_identity_o15__identity_o0__multiply_s0_o4__add_s2_o3__square_root_s3__reciprocal_s4__multiply_s5_o2__multiply_s6_o1__add_s1_s7__multiply_s8_o5__multiply_o11_o12__multiply_s10_o10__multiply_s11_o9__add_s12_o8__multiply_s13_o7__tanh_s14__add_s15_o6__multiply_o13_o14__multiply_s16_s17__multiply_s9_s18,62144,unpacked|unpacked,[971, 256]
1518,0,1,5885,matvec Q4_0,keep::reduce fold,omega_reduce_r3_o2_n2_multiply_add_zero,95232,unpacked|Q4_0,[971, 256, 1536]
1519,0,1,5888,RMSNorm sumsq,keep::reduce fold,omega_reduce_r2_o1_n2_multiply_add_zero,248576,unpacked|unpacked,[971, 1536]
1520,0,1,5901,identity copy,elementwise,omega_elementwise_r2_n1_identity,248576,unpacked,[971, 256]
1521,0,1,5912,constant,constant,omega_constant_r0_v3f3504f3,1,,[]
1522,0,1,5897,norm apply,elementwise,omega_elementwise_r2_n7_fused_multiply_o4_o5__add_s0_o3__square_root_s1__reciprocal_s2__multiply_s3_o2__multiply_s4_o1__add_s5_o0__multiply_s6_o6,1491456,unpacked|unpacked|unpacked|unpacked|unpacked|unpacked|unpacked,[971, 1536]
1523,0,1,5924,RMSNorm sumsq + fused epilogue,keep::reduce fold,omega_reduce_r2_o1_n2_multiply_add_zero_epi4_fused_identity_o4__multiply_s0_o3__add_s1_o2__square_root_s2__reciprocal_s3__multiply_s4_o1__multiply_s5_o0,248576,unpacked|unpacked,[971, 1536]
1524,0,1,5926,matvec Q4_0,keep::reduce fold,omega_reduce_r4_o3_n2_multiply_add_zero,253952,Q4_0|unpacked,[971, 8, 512, 1536]
1525,0,1,5928,RMSNorm sumsq,keep::reduce fold,omega_reduce_r3_o2_n2_multiply_add_zero,994304,unpacked|unpacked,[971, 8, 512]
1526,0,1,5934,norm apply,elementwise,omega_elementwise_r3_n5_fused_multiply_o3_o4__add_s0_o2__square_root_s1__reciprocal_s2__multiply_s3_o1__multiply_s4_o0,3977216,unpacked|unpacked|unpacked|unpacked|unpacked,[971, 8, 512]
1527,0,1,5937,RoPE,elementwise,omega_elementwise_r3_n4_fused_multiply_o0_o1__multiply_o2_o3__subtract_s0_s1,1988608,unpacked|unpacked|unpacked|unpacked,[971, 8, 256]
1528,0,1,5940,RoPE,elementwise,omega_elementwise_r3_n4_fused_multiply_o0_o1__multiply_o2_o3__add_s0_s1,1988608,unpacked|unpacked|unpacked|unpacked,[971, 8, 256]
1529,0,1,5973,cached attention partial,cached_attention,omega_cached_attention_q971_c992_n971_h1_g8_d512_s3f800000_ln9223372036854775808_up0_cb,248576,unpacked|unpacked|unpacked|unpacked|unpacked|unpacked|unpacked|unpacked|unpacked,[971, 1, 8, 512]
1530,0,1,5975,matvec Q4_0,keep::reduce fold,omega_reduce_r5_o2_n2_multiply_add_zero,95232,Q4_0|unpacked,[971, 1, 8, 512, 1536]
1531,0,1,5977,RMSNorm sumsq,keep::reduce fold,omega_reduce_r2_o1_n2_multiply_add_zero,248576,unpacked|unpacked,[971, 1536]
1532,0,1,5984,norm apply,elementwise,omega_elementwise_r2_n6_fused_multiply_o4_o5__add_s0_o3__square_root_s1__reciprocal_s2__multiply_s3_o2__multiply_s4_o1__add_s5_o0,1491456,unpacked|unpacked|unpacked|unpacked|unpacked|unpacked,[971, 1536]
1533,0,1,5992,RMSNorm sumsq + fused epilogue,keep::reduce fold,omega_reduce_r2_o1_n2_multiply_add_zero_epi4_fused_identity_o4__multiply_s0_o3__add_s1_o2__square_root_s2__reciprocal_s3__multiply_s4_o1__multiply_s5_o0,248576,unpacked|unpacked,[971, 1536]
1534,0,1,5997,matvec Q4_0,keep::reduce fold,omega_reduce_r3_o2_n2_multiply_add_zero,761856,unpacked|Q4_0,[971, 1536, 12288]
1535,0,1,6000,constant,constant,omega_constant_r0_v3f000000,1,,[]
1536,0,1,6001,constant,constant,omega_constant_r0_v3d372713,1,,[]
1537,0,1,6002,constant,constant,omega_constant_r0_v3f4c422a,1,,[]
1538,0,1,6012,matvec Q4_0,keep::reduce fold,omega_reduce_r3_o2_n2_multiply_add_zero_epi9_fused_identity_o9__multiply_o5_o6__multiply_s1_o4__multiply_s2_o3__add_s3_o2__multiply_s4_o1__tanh_s5__add_s6_o0__multiply_o7_o8__multiply_s7_s8__multiply_s0_s9,761856,unpacked|Q4_0,[971, 1536, 12288]
1539,0,1,6014,matvec Q4_0,keep::reduce fold,omega_reduce_r3_o2_n2_multiply_add_zero,95232,Q4_0|unpacked,[971, 12288, 1536]
1540,0,1,6017,RMSNorm sumsq,keep::reduce fold,omega_reduce_r2_o1_n2_multiply_add_zero,248576,unpacked|unpacked,[971, 1536]
1541,0,1,6024,norm apply,elementwise,omega_elementwise_r2_n6_fused_multiply_o4_o5__add_s0_o3__square_root_s1__reciprocal_s2__multiply_s3_o2__multiply_s4_o1__add_s5_o0,1491456,unpacked|unpacked|unpacked|unpacked|unpacked|unpacked,[971, 1536]
1542,0,1,6027,matvec Q4_0,keep::reduce fold,omega_reduce_r3_o2_n2_multiply_add_zero,15872,unpacked|Q4_0,[971, 1536, 256]
1543,0,1,6028,constant,constant,omega_constant_r0_v3f000000,1,,[]
1544,0,1,6029,constant,constant,omega_constant_r0_v3d372713,1,,[]
1545,0,1,6030,constant,constant,omega_constant_r0_v3f4c422a,1,,[]
1546,0,1,6040,RMSNorm sumsq + fused epilogue,keep::reduce fold,omega_reduce_r2_o1_n2_multiply_add_zero_epi15_fused_identity_o15__identity_o0__multiply_s0_o4__add_s2_o3__square_root_s3__reciprocal_s4__multiply_s5_o2__multiply_s6_o1__add_s1_s7__multiply_s8_o5__multiply_o11_o12__multiply_s10_o10__multiply_s11_o9__add_s12_o8__multiply_s13_o7__tanh_s14__add_s15_o6__multiply_o13_o14__multiply_s16_s17__multiply_s9_s18,62144,unpacked|unpacked,[971, 256]
1547,0,1,6043,matvec Q4_0,keep::reduce fold,omega_reduce_r3_o2_n2_multiply_add_zero,95232,unpacked|Q4_0,[971, 256, 1536]
1548,0,1,6046,RMSNorm sumsq,keep::reduce fold,omega_reduce_r2_o1_n2_multiply_add_zero,248576,unpacked|unpacked,[971, 1536]
1549,0,1,6055,norm apply,elementwise,omega_elementwise_r2_n7_fused_multiply_o4_o5__add_s0_o3__square_root_s1__reciprocal_s2__multiply_s3_o2__multiply_s4_o1__add_s5_o0__multiply_s6_o6,1491456,unpacked|unpacked|unpacked|unpacked|unpacked|unpacked|unpacked,[971, 1536]
1550,0,1,6064,RMSNorm sumsq + fused epilogue,keep::reduce fold,omega_reduce_r2_o1_n2_multiply_add_zero_epi4_fused_identity_o4__multiply_s0_o3__add_s1_o2__square_root_s2__reciprocal_s3__multiply_s4_o1__multiply_s5_o0,248576,unpacked|unpacked,[971, 1536]
1551,0,1,6066,elementwise identity_g1,elementwise,omega_elementwise_r2_n1_identity_g1,1536,unpacked,[1, 1536]
1552,0,1,6070,constant,constant,omega_constant_r0_v41f00000,1,,[]
1553,0,1,6073,head,keep::reduce fold,omega_reduce_r3_o2_n2_multiply_add_zero_epi2_fused_identity_o2__divide_s0_o1__tanh_s1__multiply_s2_o0,8388608,unpacked|Q6K,[1, 1536, 262144]
1554,0,1,6075,identity copy,elementwise,omega_elementwise_r3_n1_identity,262144,unpacked,[1, 512, 512]
1555,0,1,6076,softmax max,keep::reduce fold,omega_reduce_r3_o2_n1_identity_maximum_negative_infinity,65536,unpacked,[1, 512, 512]
1556,0,1,6077,softmax max,keep::reduce fold,omega_reduce_r2_o1_n1_identity_maximum_negative_infinity,128,unpacked,[1, 512]
1557,0,1,6079,iota,iota,omega_iota_r1,512,,[512]
1558,0,1,6080,iota,iota,omega_iota_r1,512,,[512]
1559,0,1,6081,constant,constant,omega_constant_r0_v44000000,1,,[]
1560,0,1,6084,constant,constant,omega_constant_r0_v48800000,1,,[]
1561,0,1,6082,elementwise multiply,elementwise,omega_elementwise_r1_n2_multiply,512,unpacked|unpacked,[512]
1562,0,1,6086,UNCLASSIFIED omega_reduce_r3_o2_n5_fused_equal_o0_o1__add_o2_o3__select_s0_s1_o4_minimum_positive_infinity,keep::reduce fold,omega_reduce_r3_o2_n5_fused_equal_o0_o1__add_o2_o3__select_s0_s1_o4_minimum_positive_infinity,65536,unpacked|unpacked|unpacked|unpacked|unpacked,[1, 512, 512]
1563,0,1,6087,UNCLASSIFIED omega_reduce_r2_o1_n1_identity_minimum_positive_infinity,keep::reduce fold,omega_reduce_r2_o1_n1_identity_minimum_positive_infinity,128,unpacked,[1, 512]
1564,0,1,6088,constant,constant,omega_constant_r0_vff7fffff,1,,[]
1565,0,1,6089,constant,constant,omega_constant_r0_v7f7fffff,1,,[]
1566,0,1,6093,matvec f32,keep::reduce fold,omega_reduce_r3_o2_n4_fused_greater_o0_o1__greater_o2_o3__multiply_s0_s1_add_zero,65536,unpacked|unpacked|unpacked|unpacked,[1, 512, 512]
1567,0,1,6094,softmax sum,keep::reduce fold,omega_reduce_r2_o1_n1_identity_add_zero,128,unpacked,[1, 512]
