index,step,chunk_index,node,class,kind,entry,grid_threads,operand_codecs,extents
0,0,1,3,constant,constant,omega_constant_r0_v421cc471,1,,[]
1,0,1,5,constant,constant,omega_constant_r0_v3a2aaaab,1,,[]
2,0,1,7,constant,constant,omega_constant_r0_v3f800000,1,,[]
3,0,1,11,constant,constant,omega_constant_r0_v41800000,1,,[]
4,0,1,4,elementwise fused_identity_o0__multiply_s0_o1_g10,elementwise,omega_elementwise_r2_n2_fused_identity_o0__multiply_s0_o1_g10,1491456,Q6K|unpacked,[971, 1536]
5,0,1,16,constant,constant,omega_constant_r0_v3cd105eb,1,,[]
6,0,1,19,constant,constant,omega_constant_r0_v3b800000,1,,[]
7,0,1,17,matvec Float16,keep::reduce fold,omega_reduce_r3_o2_n2_multiply_add_zero_epi1_fused_identity_o1__multiply_s0_o0,555520,unpacked|Float16,[971, 1536, 8960]
8,0,1,12,elementwise fused_identity_o0__multiply_s0_o1_g10,elementwise,omega_elementwise_r2_n2_fused_identity_o0__multiply_s0_o1_g10,8700160,Q6K|unpacked,[971, 8960]
9,0,1,20,identity copy,elementwise,omega_elementwise_r3_n1_identity,8700160,unpacked,[971, 35, 256]
10,0,1,31,constant,constant,omega_constant_r0_v3f3504f3,1,,[]
11,0,1,34,constant,constant,omega_constant_r0_v3b800000,1,,[]
12,0,1,46,constant,constant,omega_constant_r0_v3b000000,1,,[]
13,0,1,32,RMSNorm sumsq + fused epilogue,keep::reduce fold,omega_reduce_r3_o2_n2_multiply_add_zero_epi6_fused_identity_o6__identity_o0__multiply_s0_o4__add_s2_o3__square_root_s3__reciprocal_s4__multiply_s5_o2__multiply_s6_o1__add_s1_s7__multiply_s8_o5,2175040,unpacked|unpacked,[971, 35, 256]
14,0,1,94,RMSNorm sumsq + fused epilogue,keep::reduce fold,omega_reduce_r2_o1_n2_multiply_add_zero_epi4_fused_identity_o4__multiply_s0_o3__add_s1_o2__square_root_s2__reciprocal_s3__multiply_s4_o1__multiply_s5_o0,248576,unpacked|unpacked,[971, 1536]
15,0,1,96,matvec Q4_0,keep::reduce fold,omega_reduce_r4_o3_n2_multiply_add_zero,126976,Q4_0|unpacked,[971, 8, 256, 1536]
16,0,1,106,matvec Q4_0,keep::reduce fold,omega_reduce_r4_o3_n2_multiply_add_zero,15872,Q4_0|unpacked,[971, 1, 256, 1536]
17,0,1,114,RMSNorm sumsq + fused epilogue,keep::reduce fold,omega_reduce_r3_o2_n2_multiply_add_zero_epi4_fused_identity_o4__multiply_s0_o3__add_s1_o2__square_root_s2__reciprocal_s3__multiply_s4_o1__multiply_s5_o0,62144,unpacked|unpacked,[971, 1, 256]
18,0,1,120,UNCLASSIFIED omega_elementwise_twin_r3_n4_fused_multiply_o0_o1__multiply_o2_o3__add_s0_s1_fused_multiply_o0_o3__multiply_o2_o1__subtract_s0_s1,elementwise_twin,omega_elementwise_twin_r3_n4_fused_multiply_o0_o1__multiply_o2_o3__add_s0_s1_fused_multiply_o0_o3__multiply_o2_o1__subtract_s0_s1,124288,unpacked|unpacked|unpacked|unpacked,[971, 1, 128]
19,0,1,122,matvec Q4_0,keep::reduce fold,omega_reduce_r4_o3_n2_multiply_add_zero,15872,Q4_0|unpacked,[971, 1, 256, 1536]
20,0,1,129,RMSNorm sumsq + fused epilogue,keep::reduce fold,omega_reduce_r3_o2_n2_multiply_add_zero_epi3_fused_identity_o3__multiply_s0_o2__add_s1_o1__square_root_s2__reciprocal_s3__multiply_s4_o0,62144,unpacked|unpacked,[971, 1, 256]
21,0,1,104,RMSNorm sumsq + fused epilogue,keep::reduce fold,omega_reduce_r3_o2_n2_multiply_add_zero_epi4_fused_identity_o4__multiply_s0_o3__add_s1_o2__square_root_s2__reciprocal_s3__multiply_s4_o1__multiply_s5_o0,497152,unpacked|unpacked,[971, 8, 256]
22,0,1,132,UNCLASSIFIED omega_elementwise_twin_r3_n4_fused_multiply_o0_o1__multiply_o2_o3__subtract_s0_s1_fused_multiply_o0_o3__multiply_o2_o1__add_s0_s1,elementwise_twin,omega_elementwise_twin_r3_n4_fused_multiply_o0_o1__multiply_o2_o3__subtract_s0_s1_fused_multiply_o0_o3__multiply_o2_o1__add_s0_s1,994304,unpacked|unpacked|unpacked|unpacked,[971, 8, 128]
23,0,1,168,cached attention partial,cached_attention,omega_cached_attention_h1_g8_d256_s3f800000_ln511_up0_r2_n4_b128_rt,62208,unpacked|unpacked|unpacked|unpacked|unpacked|unpacked|unpacked|unpacked|unpacked,[971, 1, 8, 256]
24,0,1,170,matvec Q4_0,keep::reduce fold,omega_reduce_r5_o2_n2_multiply_add_zero,95232,Q4_0|unpacked,[971, 1, 8, 256, 1536]
25,0,1,179,RMSNorm sumsq + fused epilogue,keep::reduce fold,omega_reduce_r2_o1_n2_multiply_add_zero_epi5_fused_identity_o5__multiply_s0_o4__add_s1_o3__square_root_s2__reciprocal_s3__multiply_s4_o2__multiply_s5_o1__add_s6_o0,248576,unpacked|unpacked,[971, 1536]
26,0,1,187,RMSNorm sumsq + fused epilogue,keep::reduce fold,omega_reduce_r2_o1_n2_multiply_add_zero_epi4_fused_identity_o4__multiply_s0_o3__add_s1_o2__square_root_s2__reciprocal_s3__multiply_s4_o1__multiply_s5_o0,248576,unpacked|unpacked,[971, 1536]
27,0,1,192,matvec Q4_0,keep::reduce fold,omega_reduce_r3_o2_n2_multiply_add_zero,380928,unpacked|Q4_0,[971, 1536, 6144]
28,0,1,195,constant,constant,omega_constant_r0_v3f000000,1,,[]
29,0,1,196,constant,constant,omega_constant_r0_v3d372713,1,,[]
30,0,1,197,constant,constant,omega_constant_r0_v3f4c422a,1,,[]
31,0,1,207,matvec Q4_0,keep::reduce fold,omega_reduce_r3_o2_n2_multiply_add_zero_epi9_fused_identity_o9__multiply_o5_o6__multiply_s1_o4__multiply_s2_o3__add_s3_o2__multiply_s4_o1__tanh_s5__add_s6_o0__multiply_o7_o8__multiply_s7_s8__multiply_s0_s9,380928,unpacked|Q4_0,[971, 1536, 6144]
32,0,1,209,matvec Q4_0,keep::reduce fold,omega_reduce_r3_o2_n2_multiply_add_zero,95232,Q4_0|unpacked,[971, 6144, 1536]
33,0,1,219,RMSNorm sumsq + fused epilogue,keep::reduce fold,omega_reduce_r2_o1_n2_multiply_add_zero_epi5_fused_identity_o5__multiply_s0_o4__add_s1_o3__square_root_s2__reciprocal_s3__multiply_s4_o2__multiply_s5_o1__add_s6_o0,248576,unpacked|unpacked,[971, 1536]
34,0,1,223,constant,constant,omega_constant_r0_v3f000000,1,,[]
35,0,1,224,constant,constant,omega_constant_r0_v3d372713,1,,[]
36,0,1,225,constant,constant,omega_constant_r0_v3f4c422a,1,,[]
37,0,1,235,matvec Q4_0,keep::reduce fold,omega_reduce_r3_o2_n2_multiply_add_zero_epi5_fused_identity_o5__identity_o0__multiply_s0_s0__multiply_s0_s2__multiply_s3_o3__add_s0_s4__multiply_s5_o2__tanh_s6__add_s7_o1__multiply_s0_o4__multiply_s8_s9__multiply_s1_s10,15872,unpacked|Q4_0,[971, 1536, 256]
38,0,1,238,matvec Q4_0,keep::reduce fold,omega_reduce_r3_o2_n2_multiply_add_zero,95232,unpacked|Q4_0,[971, 256, 1536]
39,0,1,250,RMSNorm sumsq + fused epilogue,keep::reduce fold,omega_reduce_r2_o1_n2_multiply_add_zero_epi6_fused_identity_o6__multiply_s0_o4__add_s1_o3__square_root_s2__reciprocal_s3__multiply_s4_o2__multiply_s5_o1__add_s6_o0__multiply_s7_o5,248576,unpacked|unpacked,[971, 1536]
40,0,1,271,RMSNorm sumsq + fused epilogue,keep::reduce fold,omega_reduce_r2_o1_n2_multiply_add_zero_epi4_fused_identity_o4__multiply_s0_o3__add_s1_o2__square_root_s2__reciprocal_s3__multiply_s4_o1__multiply_s5_o0,248576,unpacked|unpacked,[971, 1536]
41,0,1,273,matvec Q4_0,keep::reduce fold,omega_reduce_r4_o3_n2_multiply_add_zero,126976,Q4_0|unpacked,[971, 8, 256, 1536]
42,0,1,283,matvec Q4_0,keep::reduce fold,omega_reduce_r4_o3_n2_multiply_add_zero,15872,Q4_0|unpacked,[971, 1, 256, 1536]
43,0,1,291,RMSNorm sumsq + fused epilogue,keep::reduce fold,omega_reduce_r3_o2_n2_multiply_add_zero_epi4_fused_identity_o4__multiply_s0_o3__add_s1_o2__square_root_s2__reciprocal_s3__multiply_s4_o1__multiply_s5_o0,62144,unpacked|unpacked,[971, 1, 256]
44,0,1,297,UNCLASSIFIED omega_elementwise_twin_r3_n4_fused_multiply_o0_o1__multiply_o2_o3__add_s0_s1_fused_multiply_o0_o3__multiply_o2_o1__subtract_s0_s1,elementwise_twin,omega_elementwise_twin_r3_n4_fused_multiply_o0_o1__multiply_o2_o3__add_s0_s1_fused_multiply_o0_o3__multiply_o2_o1__subtract_s0_s1,124288,unpacked|unpacked|unpacked|unpacked,[971, 1, 128]
45,0,1,299,matvec Q4_0,keep::reduce fold,omega_reduce_r4_o3_n2_multiply_add_zero,15872,Q4_0|unpacked,[971, 1, 256, 1536]
46,0,1,306,RMSNorm sumsq + fused epilogue,keep::reduce fold,omega_reduce_r3_o2_n2_multiply_add_zero_epi3_fused_identity_o3__multiply_s0_o2__add_s1_o1__square_root_s2__reciprocal_s3__multiply_s4_o0,62144,unpacked|unpacked,[971, 1, 256]
47,0,1,281,RMSNorm sumsq + fused epilogue,keep::reduce fold,omega_reduce_r3_o2_n2_multiply_add_zero_epi4_fused_identity_o4__multiply_s0_o3__add_s1_o2__square_root_s2__reciprocal_s3__multiply_s4_o1__multiply_s5_o0,497152,unpacked|unpacked,[971, 8, 256]
48,0,1,309,UNCLASSIFIED omega_elementwise_twin_r3_n4_fused_multiply_o0_o1__multiply_o2_o3__subtract_s0_s1_fused_multiply_o0_o3__multiply_o2_o1__add_s0_s1,elementwise_twin,omega_elementwise_twin_r3_n4_fused_multiply_o0_o1__multiply_o2_o3__subtract_s0_s1_fused_multiply_o0_o3__multiply_o2_o1__add_s0_s1,994304,unpacked|unpacked|unpacked|unpacked,[971, 8, 128]
49,0,1,345,cached attention partial,cached_attention,omega_cached_attention_h1_g8_d256_s3f800000_ln511_up0_r2_n4_b128_rt,62208,unpacked|unpacked|unpacked|unpacked|unpacked|unpacked|unpacked|unpacked|unpacked,[971, 1, 8, 256]
50,0,1,347,matvec Q4_0,keep::reduce fold,omega_reduce_r5_o2_n2_multiply_add_zero,95232,Q4_0|unpacked,[971, 1, 8, 256, 1536]
51,0,1,356,RMSNorm sumsq + fused epilogue,keep::reduce fold,omega_reduce_r2_o1_n2_multiply_add_zero_epi5_fused_identity_o5__multiply_s0_o4__add_s1_o3__square_root_s2__reciprocal_s3__multiply_s4_o2__multiply_s5_o1__add_s6_o0,248576,unpacked|unpacked,[971, 1536]
52,0,1,364,RMSNorm sumsq + fused epilogue,keep::reduce fold,omega_reduce_r2_o1_n2_multiply_add_zero_epi4_fused_identity_o4__multiply_s0_o3__add_s1_o2__square_root_s2__reciprocal_s3__multiply_s4_o1__multiply_s5_o0,248576,unpacked|unpacked,[971, 1536]
53,0,1,369,matvec Q4_0,keep::reduce fold,omega_reduce_r3_o2_n2_multiply_add_zero,380928,unpacked|Q4_0,[971, 1536, 6144]
54,0,1,372,constant,constant,omega_constant_r0_v3f000000,1,,[]
55,0,1,373,constant,constant,omega_constant_r0_v3d372713,1,,[]
56,0,1,374,constant,constant,omega_constant_r0_v3f4c422a,1,,[]
57,0,1,384,matvec Q4_0,keep::reduce fold,omega_reduce_r3_o2_n2_multiply_add_zero_epi9_fused_identity_o9__multiply_o5_o6__multiply_s1_o4__multiply_s2_o3__add_s3_o2__multiply_s4_o1__tanh_s5__add_s6_o0__multiply_o7_o8__multiply_s7_s8__multiply_s0_s9,380928,unpacked|Q4_0,[971, 1536, 6144]
58,0,1,386,matvec Q4_0,keep::reduce fold,omega_reduce_r3_o2_n2_multiply_add_zero,95232,Q4_0|unpacked,[971, 6144, 1536]
59,0,1,396,RMSNorm sumsq + fused epilogue,keep::reduce fold,omega_reduce_r2_o1_n2_multiply_add_zero_epi5_fused_identity_o5__multiply_s0_o4__add_s1_o3__square_root_s2__reciprocal_s3__multiply_s4_o2__multiply_s5_o1__add_s6_o0,248576,unpacked|unpacked,[971, 1536]
60,0,1,400,constant,constant,omega_constant_r0_v3f000000,1,,[]
61,0,1,401,constant,constant,omega_constant_r0_v3d372713,1,,[]
62,0,1,402,constant,constant,omega_constant_r0_v3f4c422a,1,,[]
63,0,1,412,matvec Q4_0,keep::reduce fold,omega_reduce_r3_o2_n2_multiply_add_zero_epi5_fused_identity_o5__identity_o0__multiply_s0_s0__multiply_s0_s2__multiply_s3_o3__add_s0_s4__multiply_s5_o2__tanh_s6__add_s7_o1__multiply_s0_o4__multiply_s8_s9__multiply_s1_s10,15872,unpacked|Q4_0,[971, 1536, 256]
64,0,1,415,matvec Q4_0,keep::reduce fold,omega_reduce_r3_o2_n2_multiply_add_zero,95232,unpacked|Q4_0,[971, 256, 1536]
65,0,1,427,RMSNorm sumsq + fused epilogue,keep::reduce fold,omega_reduce_r2_o1_n2_multiply_add_zero_epi6_fused_identity_o6__multiply_s0_o4__add_s1_o3__square_root_s2__reciprocal_s3__multiply_s4_o2__multiply_s5_o1__add_s6_o0__multiply_s7_o5,248576,unpacked|unpacked,[971, 1536]
66,0,1,448,RMSNorm sumsq + fused epilogue,keep::reduce fold,omega_reduce_r2_o1_n2_multiply_add_zero_epi4_fused_identity_o4__multiply_s0_o3__add_s1_o2__square_root_s2__reciprocal_s3__multiply_s4_o1__multiply_s5_o0,248576,unpacked|unpacked,[971, 1536]
67,0,1,450,matvec Q4_0,keep::reduce fold,omega_reduce_r4_o3_n2_multiply_add_zero,126976,Q4_0|unpacked,[971, 8, 256, 1536]
68,0,1,460,matvec Q4_0,keep::reduce fold,omega_reduce_r4_o3_n2_multiply_add_zero,15872,Q4_0|unpacked,[971, 1, 256, 1536]
69,0,1,468,RMSNorm sumsq + fused epilogue,keep::reduce fold,omega_reduce_r3_o2_n2_multiply_add_zero_epi4_fused_identity_o4__multiply_s0_o3__add_s1_o2__square_root_s2__reciprocal_s3__multiply_s4_o1__multiply_s5_o0,62144,unpacked|unpacked,[971, 1, 256]
70,0,1,474,UNCLASSIFIED omega_elementwise_twin_r3_n4_fused_multiply_o0_o1__multiply_o2_o3__add_s0_s1_fused_multiply_o0_o3__multiply_o2_o1__subtract_s0_s1,elementwise_twin,omega_elementwise_twin_r3_n4_fused_multiply_o0_o1__multiply_o2_o3__add_s0_s1_fused_multiply_o0_o3__multiply_o2_o1__subtract_s0_s1,124288,unpacked|unpacked|unpacked|unpacked,[971, 1, 128]
71,0,1,476,matvec Q4_0,keep::reduce fold,omega_reduce_r4_o3_n2_multiply_add_zero,15872,Q4_0|unpacked,[971, 1, 256, 1536]
72,0,1,483,RMSNorm sumsq + fused epilogue,keep::reduce fold,omega_reduce_r3_o2_n2_multiply_add_zero_epi3_fused_identity_o3__multiply_s0_o2__add_s1_o1__square_root_s2__reciprocal_s3__multiply_s4_o0,62144,unpacked|unpacked,[971, 1, 256]
73,0,1,458,RMSNorm sumsq + fused epilogue,keep::reduce fold,omega_reduce_r3_o2_n2_multiply_add_zero_epi4_fused_identity_o4__multiply_s0_o3__add_s1_o2__square_root_s2__reciprocal_s3__multiply_s4_o1__multiply_s5_o0,497152,unpacked|unpacked,[971, 8, 256]
74,0,1,486,UNCLASSIFIED omega_elementwise_twin_r3_n4_fused_multiply_o0_o1__multiply_o2_o3__subtract_s0_s1_fused_multiply_o0_o3__multiply_o2_o1__add_s0_s1,elementwise_twin,omega_elementwise_twin_r3_n4_fused_multiply_o0_o1__multiply_o2_o3__subtract_s0_s1_fused_multiply_o0_o3__multiply_o2_o1__add_s0_s1,994304,unpacked|unpacked|unpacked|unpacked,[971, 8, 128]
75,0,1,522,cached attention partial,cached_attention,omega_cached_attention_h1_g8_d256_s3f800000_ln511_up0_r2_n4_b128_rt,62208,unpacked|unpacked|unpacked|unpacked|unpacked|unpacked|unpacked|unpacked|unpacked,[971, 1, 8, 256]
76,0,1,524,matvec Q4_0,keep::reduce fold,omega_reduce_r5_o2_n2_multiply_add_zero,95232,Q4_0|unpacked,[971, 1, 8, 256, 1536]
77,0,1,533,RMSNorm sumsq + fused epilogue,keep::reduce fold,omega_reduce_r2_o1_n2_multiply_add_zero_epi5_fused_identity_o5__multiply_s0_o4__add_s1_o3__square_root_s2__reciprocal_s3__multiply_s4_o2__multiply_s5_o1__add_s6_o0,248576,unpacked|unpacked,[971, 1536]
78,0,1,541,RMSNorm sumsq + fused epilogue,keep::reduce fold,omega_reduce_r2_o1_n2_multiply_add_zero_epi4_fused_identity_o4__multiply_s0_o3__add_s1_o2__square_root_s2__reciprocal_s3__multiply_s4_o1__multiply_s5_o0,248576,unpacked|unpacked,[971, 1536]
79,0,1,546,matvec Q4_0,keep::reduce fold,omega_reduce_r3_o2_n2_multiply_add_zero,380928,unpacked|Q4_0,[971, 1536, 6144]
80,0,1,549,constant,constant,omega_constant_r0_v3f000000,1,,[]
81,0,1,550,constant,constant,omega_constant_r0_v3d372713,1,,[]
82,0,1,551,constant,constant,omega_constant_r0_v3f4c422a,1,,[]
83,0,1,561,matvec Q4_0,keep::reduce fold,omega_reduce_r3_o2_n2_multiply_add_zero_epi9_fused_identity_o9__multiply_o5_o6__multiply_s1_o4__multiply_s2_o3__add_s3_o2__multiply_s4_o1__tanh_s5__add_s6_o0__multiply_o7_o8__multiply_s7_s8__multiply_s0_s9,380928,unpacked|Q4_0,[971, 1536, 6144]
84,0,1,563,matvec Q4_0,keep::reduce fold,omega_reduce_r3_o2_n2_multiply_add_zero,95232,Q4_0|unpacked,[971, 6144, 1536]
85,0,1,573,RMSNorm sumsq + fused epilogue,keep::reduce fold,omega_reduce_r2_o1_n2_multiply_add_zero_epi5_fused_identity_o5__multiply_s0_o4__add_s1_o3__square_root_s2__reciprocal_s3__multiply_s4_o2__multiply_s5_o1__add_s6_o0,248576,unpacked|unpacked,[971, 1536]
86,0,1,577,constant,constant,omega_constant_r0_v3f000000,1,,[]
87,0,1,578,constant,constant,omega_constant_r0_v3d372713,1,,[]
88,0,1,579,constant,constant,omega_constant_r0_v3f4c422a,1,,[]
89,0,1,589,matvec Q4_0,keep::reduce fold,omega_reduce_r3_o2_n2_multiply_add_zero_epi5_fused_identity_o5__identity_o0__multiply_s0_s0__multiply_s0_s2__multiply_s3_o3__add_s0_s4__multiply_s5_o2__tanh_s6__add_s7_o1__multiply_s0_o4__multiply_s8_s9__multiply_s1_s10,15872,unpacked|Q4_0,[971, 1536, 256]
90,0,1,592,matvec Q4_0,keep::reduce fold,omega_reduce_r3_o2_n2_multiply_add_zero,95232,unpacked|Q4_0,[971, 256, 1536]
91,0,1,604,RMSNorm sumsq + fused epilogue,keep::reduce fold,omega_reduce_r2_o1_n2_multiply_add_zero_epi6_fused_identity_o6__multiply_s0_o4__add_s1_o3__square_root_s2__reciprocal_s3__multiply_s4_o2__multiply_s5_o1__add_s6_o0__multiply_s7_o5,248576,unpacked|unpacked,[971, 1536]
92,0,1,625,RMSNorm sumsq + fused epilogue,keep::reduce fold,omega_reduce_r2_o1_n2_multiply_add_zero_epi4_fused_identity_o4__multiply_s0_o3__add_s1_o2__square_root_s2__reciprocal_s3__multiply_s4_o1__multiply_s5_o0,248576,unpacked|unpacked,[971, 1536]
93,0,1,627,matvec Q4_0,keep::reduce fold,omega_reduce_r4_o3_n2_multiply_add_zero,126976,Q4_0|unpacked,[971, 8, 256, 1536]
94,0,1,637,matvec Q4_0,keep::reduce fold,omega_reduce_r4_o3_n2_multiply_add_zero,15872,Q4_0|unpacked,[971, 1, 256, 1536]
95,0,1,645,RMSNorm sumsq + fused epilogue,keep::reduce fold,omega_reduce_r3_o2_n2_multiply_add_zero_epi4_fused_identity_o4__multiply_s0_o3__add_s1_o2__square_root_s2__reciprocal_s3__multiply_s4_o1__multiply_s5_o0,62144,unpacked|unpacked,[971, 1, 256]
96,0,1,651,UNCLASSIFIED omega_elementwise_twin_r3_n4_fused_multiply_o0_o1__multiply_o2_o3__add_s0_s1_fused_multiply_o0_o3__multiply_o2_o1__subtract_s0_s1,elementwise_twin,omega_elementwise_twin_r3_n4_fused_multiply_o0_o1__multiply_o2_o3__add_s0_s1_fused_multiply_o0_o3__multiply_o2_o1__subtract_s0_s1,124288,unpacked|unpacked|unpacked|unpacked,[971, 1, 128]
97,0,1,653,matvec Q4_0,keep::reduce fold,omega_reduce_r4_o3_n2_multiply_add_zero,15872,Q4_0|unpacked,[971, 1, 256, 1536]
98,0,1,660,RMSNorm sumsq + fused epilogue,keep::reduce fold,omega_reduce_r3_o2_n2_multiply_add_zero_epi3_fused_identity_o3__multiply_s0_o2__add_s1_o1__square_root_s2__reciprocal_s3__multiply_s4_o0,62144,unpacked|unpacked,[971, 1, 256]
99,0,1,635,RMSNorm sumsq + fused epilogue,keep::reduce fold,omega_reduce_r3_o2_n2_multiply_add_zero_epi4_fused_identity_o4__multiply_s0_o3__add_s1_o2__square_root_s2__reciprocal_s3__multiply_s4_o1__multiply_s5_o0,497152,unpacked|unpacked,[971, 8, 256]
100,0,1,663,UNCLASSIFIED omega_elementwise_twin_r3_n4_fused_multiply_o0_o1__multiply_o2_o3__subtract_s0_s1_fused_multiply_o0_o3__multiply_o2_o1__add_s0_s1,elementwise_twin,omega_elementwise_twin_r3_n4_fused_multiply_o0_o1__multiply_o2_o3__subtract_s0_s1_fused_multiply_o0_o3__multiply_o2_o1__add_s0_s1,994304,unpacked|unpacked|unpacked|unpacked,[971, 8, 128]
101,0,1,699,cached attention partial,cached_attention,omega_cached_attention_h1_g8_d256_s3f800000_ln511_up0_r2_n4_b128_rt,62208,unpacked|unpacked|unpacked|unpacked|unpacked|unpacked|unpacked|unpacked|unpacked,[971, 1, 8, 256]
102,0,1,701,matvec Q4_0,keep::reduce fold,omega_reduce_r5_o2_n2_multiply_add_zero,95232,Q4_0|unpacked,[971, 1, 8, 256, 1536]
103,0,1,710,RMSNorm sumsq + fused epilogue,keep::reduce fold,omega_reduce_r2_o1_n2_multiply_add_zero_epi5_fused_identity_o5__multiply_s0_o4__add_s1_o3__square_root_s2__reciprocal_s3__multiply_s4_o2__multiply_s5_o1__add_s6_o0,248576,unpacked|unpacked,[971, 1536]
104,0,1,718,RMSNorm sumsq + fused epilogue,keep::reduce fold,omega_reduce_r2_o1_n2_multiply_add_zero_epi4_fused_identity_o4__multiply_s0_o3__add_s1_o2__square_root_s2__reciprocal_s3__multiply_s4_o1__multiply_s5_o0,248576,unpacked|unpacked,[971, 1536]
105,0,1,723,matvec Q4_0,keep::reduce fold,omega_reduce_r3_o2_n2_multiply_add_zero,380928,unpacked|Q4_0,[971, 1536, 6144]
106,0,1,726,constant,constant,omega_constant_r0_v3f000000,1,,[]
107,0,1,727,constant,constant,omega_constant_r0_v3d372713,1,,[]
108,0,1,728,constant,constant,omega_constant_r0_v3f4c422a,1,,[]
109,0,1,738,matvec Q4_0,keep::reduce fold,omega_reduce_r3_o2_n2_multiply_add_zero_epi9_fused_identity_o9__multiply_o5_o6__multiply_s1_o4__multiply_s2_o3__add_s3_o2__multiply_s4_o1__tanh_s5__add_s6_o0__multiply_o7_o8__multiply_s7_s8__multiply_s0_s9,380928,unpacked|Q4_0,[971, 1536, 6144]
110,0,1,740,matvec Q4_0,keep::reduce fold,omega_reduce_r3_o2_n2_multiply_add_zero,95232,Q4_0|unpacked,[971, 6144, 1536]
111,0,1,750,RMSNorm sumsq + fused epilogue,keep::reduce fold,omega_reduce_r2_o1_n2_multiply_add_zero_epi5_fused_identity_o5__multiply_s0_o4__add_s1_o3__square_root_s2__reciprocal_s3__multiply_s4_o2__multiply_s5_o1__add_s6_o0,248576,unpacked|unpacked,[971, 1536]
112,0,1,754,constant,constant,omega_constant_r0_v3f000000,1,,[]
113,0,1,755,constant,constant,omega_constant_r0_v3d372713,1,,[]
114,0,1,756,constant,constant,omega_constant_r0_v3f4c422a,1,,[]
115,0,1,766,matvec Q4_0,keep::reduce fold,omega_reduce_r3_o2_n2_multiply_add_zero_epi5_fused_identity_o5__identity_o0__multiply_s0_s0__multiply_s0_s2__multiply_s3_o3__add_s0_s4__multiply_s5_o2__tanh_s6__add_s7_o1__multiply_s0_o4__multiply_s8_s9__multiply_s1_s10,15872,unpacked|Q4_0,[971, 1536, 256]
116,0,1,769,matvec Q4_0,keep::reduce fold,omega_reduce_r3_o2_n2_multiply_add_zero,95232,unpacked|Q4_0,[971, 256, 1536]
117,0,1,781,RMSNorm sumsq + fused epilogue,keep::reduce fold,omega_reduce_r2_o1_n2_multiply_add_zero_epi6_fused_identity_o6__multiply_s0_o4__add_s1_o3__square_root_s2__reciprocal_s3__multiply_s4_o2__multiply_s5_o1__add_s6_o0__multiply_s7_o5,248576,unpacked|unpacked,[971, 1536]
118,0,1,802,RMSNorm sumsq + fused epilogue,keep::reduce fold,omega_reduce_r2_o1_n2_multiply_add_zero_epi4_fused_identity_o4__multiply_s0_o3__add_s1_o2__square_root_s2__reciprocal_s3__multiply_s4_o1__multiply_s5_o0,248576,unpacked|unpacked,[971, 1536]
119,0,1,804,matvec Q4_0,keep::reduce fold,omega_reduce_r4_o3_n2_multiply_add_zero,253952,Q4_0|unpacked,[971, 8, 512, 1536]
120,0,1,814,matvec Q4_0,keep::reduce fold,omega_reduce_r4_o3_n2_multiply_add_zero,31744,Q4_0|unpacked,[971, 1, 512, 1536]
121,0,1,822,RMSNorm sumsq + fused epilogue,keep::reduce fold,omega_reduce_r3_o2_n2_multiply_add_zero_epi4_fused_identity_o4__multiply_s0_o3__add_s1_o2__square_root_s2__reciprocal_s3__multiply_s4_o1__multiply_s5_o0,124288,unpacked|unpacked,[971, 1, 512]
122,0,1,828,UNCLASSIFIED omega_elementwise_twin_r3_n4_fused_multiply_o0_o1__multiply_o2_o3__add_s0_s1_fused_multiply_o0_o3__multiply_o2_o1__subtract_s0_s1,elementwise_twin,omega_elementwise_twin_r3_n4_fused_multiply_o0_o1__multiply_o2_o3__add_s0_s1_fused_multiply_o0_o3__multiply_o2_o1__subtract_s0_s1,248576,unpacked|unpacked|unpacked|unpacked,[971, 1, 256]
123,0,1,830,matvec Q4_0,keep::reduce fold,omega_reduce_r4_o3_n2_multiply_add_zero,31744,Q4_0|unpacked,[971, 1, 512, 1536]
124,0,1,837,RMSNorm sumsq + fused epilogue,keep::reduce fold,omega_reduce_r3_o2_n2_multiply_add_zero_epi3_fused_identity_o3__multiply_s0_o2__add_s1_o1__square_root_s2__reciprocal_s3__multiply_s4_o0,124288,unpacked|unpacked,[971, 1, 512]
125,0,1,812,RMSNorm sumsq + fused epilogue,keep::reduce fold,omega_reduce_r3_o2_n2_multiply_add_zero_epi4_fused_identity_o4__multiply_s0_o3__add_s1_o2__square_root_s2__reciprocal_s3__multiply_s4_o1__multiply_s5_o0,994304,unpacked|unpacked,[971, 8, 512]
126,0,1,840,UNCLASSIFIED omega_elementwise_twin_r3_n4_fused_multiply_o0_o1__multiply_o2_o3__subtract_s0_s1_fused_multiply_o0_o3__multiply_o2_o1__add_s0_s1,elementwise_twin,omega_elementwise_twin_r3_n4_fused_multiply_o0_o1__multiply_o2_o3__subtract_s0_s1_fused_multiply_o0_o3__multiply_o2_o1__add_s0_s1,1988608,unpacked|unpacked|unpacked|unpacked,[971, 8, 256]
127,0,1,876,cached attention partial,cached_attention,omega_cached_attention_h1_g8_d512_s3f800000_ln9223372036854775808_up0_r2_n8_b128_rt,124416,unpacked|unpacked|unpacked|unpacked|unpacked|unpacked|unpacked|unpacked|unpacked,[971, 1, 8, 512]
128,0,1,878,matvec Q4_0,keep::reduce fold,omega_reduce_r5_o2_n2_multiply_add_zero,95232,Q4_0|unpacked,[971, 1, 8, 512, 1536]
129,0,1,887,RMSNorm sumsq + fused epilogue,keep::reduce fold,omega_reduce_r2_o1_n2_multiply_add_zero_epi5_fused_identity_o5__multiply_s0_o4__add_s1_o3__square_root_s2__reciprocal_s3__multiply_s4_o2__multiply_s5_o1__add_s6_o0,248576,unpacked|unpacked,[971, 1536]
130,0,1,895,RMSNorm sumsq + fused epilogue,keep::reduce fold,omega_reduce_r2_o1_n2_multiply_add_zero_epi4_fused_identity_o4__multiply_s0_o3__add_s1_o2__square_root_s2__reciprocal_s3__multiply_s4_o1__multiply_s5_o0,248576,unpacked|unpacked,[971, 1536]
131,0,1,900,matvec Q4_0,keep::reduce fold,omega_reduce_r3_o2_n2_multiply_add_zero,380928,unpacked|Q4_0,[971, 1536, 6144]
132,0,1,903,constant,constant,omega_constant_r0_v3f000000,1,,[]
133,0,1,904,constant,constant,omega_constant_r0_v3d372713,1,,[]
134,0,1,905,constant,constant,omega_constant_r0_v3f4c422a,1,,[]
135,0,1,915,matvec Q4_0,keep::reduce fold,omega_reduce_r3_o2_n2_multiply_add_zero_epi9_fused_identity_o9__multiply_o5_o6__multiply_s1_o4__multiply_s2_o3__add_s3_o2__multiply_s4_o1__tanh_s5__add_s6_o0__multiply_o7_o8__multiply_s7_s8__multiply_s0_s9,380928,unpacked|Q4_0,[971, 1536, 6144]
136,0,1,917,matvec Q4_0,keep::reduce fold,omega_reduce_r3_o2_n2_multiply_add_zero,95232,Q4_0|unpacked,[971, 6144, 1536]
137,0,1,927,RMSNorm sumsq + fused epilogue,keep::reduce fold,omega_reduce_r2_o1_n2_multiply_add_zero_epi5_fused_identity_o5__multiply_s0_o4__add_s1_o3__square_root_s2__reciprocal_s3__multiply_s4_o2__multiply_s5_o1__add_s6_o0,248576,unpacked|unpacked,[971, 1536]
138,0,1,931,constant,constant,omega_constant_r0_v3f000000,1,,[]
139,0,1,932,constant,constant,omega_constant_r0_v3d372713,1,,[]
140,0,1,933,constant,constant,omega_constant_r0_v3f4c422a,1,,[]
141,0,1,943,matvec Q4_0,keep::reduce fold,omega_reduce_r3_o2_n2_multiply_add_zero_epi5_fused_identity_o5__identity_o0__multiply_s0_s0__multiply_s0_s2__multiply_s3_o3__add_s0_s4__multiply_s5_o2__tanh_s6__add_s7_o1__multiply_s0_o4__multiply_s8_s9__multiply_s1_s10,15872,unpacked|Q4_0,[971, 1536, 256]
142,0,1,946,matvec Q4_0,keep::reduce fold,omega_reduce_r3_o2_n2_multiply_add_zero,95232,unpacked|Q4_0,[971, 256, 1536]
143,0,1,958,RMSNorm sumsq + fused epilogue,keep::reduce fold,omega_reduce_r2_o1_n2_multiply_add_zero_epi6_fused_identity_o6__multiply_s0_o4__add_s1_o3__square_root_s2__reciprocal_s3__multiply_s4_o2__multiply_s5_o1__add_s6_o0__multiply_s7_o5,248576,unpacked|unpacked,[971, 1536]
144,0,1,979,RMSNorm sumsq + fused epilogue,keep::reduce fold,omega_reduce_r2_o1_n2_multiply_add_zero_epi4_fused_identity_o4__multiply_s0_o3__add_s1_o2__square_root_s2__reciprocal_s3__multiply_s4_o1__multiply_s5_o0,248576,unpacked|unpacked,[971, 1536]
145,0,1,981,matvec Q4_0,keep::reduce fold,omega_reduce_r4_o3_n2_multiply_add_zero,126976,Q4_0|unpacked,[971, 8, 256, 1536]
146,0,1,991,matvec Q4_0,keep::reduce fold,omega_reduce_r4_o3_n2_multiply_add_zero,15872,Q4_0|unpacked,[971, 1, 256, 1536]
147,0,1,999,RMSNorm sumsq + fused epilogue,keep::reduce fold,omega_reduce_r3_o2_n2_multiply_add_zero_epi4_fused_identity_o4__multiply_s0_o3__add_s1_o2__square_root_s2__reciprocal_s3__multiply_s4_o1__multiply_s5_o0,62144,unpacked|unpacked,[971, 1, 256]
148,0,1,1005,UNCLASSIFIED omega_elementwise_twin_r3_n4_fused_multiply_o0_o1__multiply_o2_o3__add_s0_s1_fused_multiply_o0_o3__multiply_o2_o1__subtract_s0_s1,elementwise_twin,omega_elementwise_twin_r3_n4_fused_multiply_o0_o1__multiply_o2_o3__add_s0_s1_fused_multiply_o0_o3__multiply_o2_o1__subtract_s0_s1,124288,unpacked|unpacked|unpacked|unpacked,[971, 1, 128]
149,0,1,1007,matvec Q4_0,keep::reduce fold,omega_reduce_r4_o3_n2_multiply_add_zero,15872,Q4_0|unpacked,[971, 1, 256, 1536]
150,0,1,1014,RMSNorm sumsq + fused epilogue,keep::reduce fold,omega_reduce_r3_o2_n2_multiply_add_zero_epi3_fused_identity_o3__multiply_s0_o2__add_s1_o1__square_root_s2__reciprocal_s3__multiply_s4_o0,62144,unpacked|unpacked,[971, 1, 256]
151,0,1,989,RMSNorm sumsq + fused epilogue,keep::reduce fold,omega_reduce_r3_o2_n2_multiply_add_zero_epi4_fused_identity_o4__multiply_s0_o3__add_s1_o2__square_root_s2__reciprocal_s3__multiply_s4_o1__multiply_s5_o0,497152,unpacked|unpacked,[971, 8, 256]
152,0,1,1017,UNCLASSIFIED omega_elementwise_twin_r3_n4_fused_multiply_o0_o1__multiply_o2_o3__subtract_s0_s1_fused_multiply_o0_o3__multiply_o2_o1__add_s0_s1,elementwise_twin,omega_elementwise_twin_r3_n4_fused_multiply_o0_o1__multiply_o2_o3__subtract_s0_s1_fused_multiply_o0_o3__multiply_o2_o1__add_s0_s1,994304,unpacked|unpacked|unpacked|unpacked,[971, 8, 128]
153,0,1,1053,cached attention partial,cached_attention,omega_cached_attention_h1_g8_d256_s3f800000_ln511_up0_r2_n4_b128_rt,62208,unpacked|unpacked|unpacked|unpacked|unpacked|unpacked|unpacked|unpacked|unpacked,[971, 1, 8, 256]
154,0,1,1055,matvec Q4_0,keep::reduce fold,omega_reduce_r5_o2_n2_multiply_add_zero,95232,Q4_0|unpacked,[971, 1, 8, 256, 1536]
155,0,1,1064,RMSNorm sumsq + fused epilogue,keep::reduce fold,omega_reduce_r2_o1_n2_multiply_add_zero_epi5_fused_identity_o5__multiply_s0_o4__add_s1_o3__square_root_s2__reciprocal_s3__multiply_s4_o2__multiply_s5_o1__add_s6_o0,248576,unpacked|unpacked,[971, 1536]
156,0,1,1072,RMSNorm sumsq + fused epilogue,keep::reduce fold,omega_reduce_r2_o1_n2_multiply_add_zero_epi4_fused_identity_o4__multiply_s0_o3__add_s1_o2__square_root_s2__reciprocal_s3__multiply_s4_o1__multiply_s5_o0,248576,unpacked|unpacked,[971, 1536]
157,0,1,1077,matvec Q4_0,keep::reduce fold,omega_reduce_r3_o2_n2_multiply_add_zero,380928,unpacked|Q4_0,[971, 1536, 6144]
158,0,1,1080,constant,constant,omega_constant_r0_v3f000000,1,,[]
159,0,1,1081,constant,constant,omega_constant_r0_v3d372713,1,,[]
160,0,1,1082,constant,constant,omega_constant_r0_v3f4c422a,1,,[]
161,0,1,1092,matvec Q4_0,keep::reduce fold,omega_reduce_r3_o2_n2_multiply_add_zero_epi9_fused_identity_o9__multiply_o5_o6__multiply_s1_o4__multiply_s2_o3__add_s3_o2__multiply_s4_o1__tanh_s5__add_s6_o0__multiply_o7_o8__multiply_s7_s8__multiply_s0_s9,380928,unpacked|Q4_0,[971, 1536, 6144]
162,0,1,1094,matvec Q4_0,keep::reduce fold,omega_reduce_r3_o2_n2_multiply_add_zero,95232,Q4_0|unpacked,[971, 6144, 1536]
163,0,1,1104,RMSNorm sumsq + fused epilogue,keep::reduce fold,omega_reduce_r2_o1_n2_multiply_add_zero_epi5_fused_identity_o5__multiply_s0_o4__add_s1_o3__square_root_s2__reciprocal_s3__multiply_s4_o2__multiply_s5_o1__add_s6_o0,248576,unpacked|unpacked,[971, 1536]
164,0,1,1108,constant,constant,omega_constant_r0_v3f000000,1,,[]
165,0,1,1109,constant,constant,omega_constant_r0_v3d372713,1,,[]
166,0,1,1110,constant,constant,omega_constant_r0_v3f4c422a,1,,[]
167,0,1,1120,matvec Q4_0,keep::reduce fold,omega_reduce_r3_o2_n2_multiply_add_zero_epi5_fused_identity_o5__identity_o0__multiply_s0_s0__multiply_s0_s2__multiply_s3_o3__add_s0_s4__multiply_s5_o2__tanh_s6__add_s7_o1__multiply_s0_o4__multiply_s8_s9__multiply_s1_s10,15872,unpacked|Q4_0,[971, 1536, 256]
168,0,1,1123,matvec Q4_0,keep::reduce fold,omega_reduce_r3_o2_n2_multiply_add_zero,95232,unpacked|Q4_0,[971, 256, 1536]
169,0,1,1135,RMSNorm sumsq + fused epilogue,keep::reduce fold,omega_reduce_r2_o1_n2_multiply_add_zero_epi6_fused_identity_o6__multiply_s0_o4__add_s1_o3__square_root_s2__reciprocal_s3__multiply_s4_o2__multiply_s5_o1__add_s6_o0__multiply_s7_o5,248576,unpacked|unpacked,[971, 1536]
170,0,1,1156,RMSNorm sumsq + fused epilogue,keep::reduce fold,omega_reduce_r2_o1_n2_multiply_add_zero_epi4_fused_identity_o4__multiply_s0_o3__add_s1_o2__square_root_s2__reciprocal_s3__multiply_s4_o1__multiply_s5_o0,248576,unpacked|unpacked,[971, 1536]
171,0,1,1158,matvec Q4_0,keep::reduce fold,omega_reduce_r4_o3_n2_multiply_add_zero,126976,Q4_0|unpacked,[971, 8, 256, 1536]
172,0,1,1168,matvec Q4_0,keep::reduce fold,omega_reduce_r4_o3_n2_multiply_add_zero,15872,Q4_0|unpacked,[971, 1, 256, 1536]
173,0,1,1176,RMSNorm sumsq + fused epilogue,keep::reduce fold,omega_reduce_r3_o2_n2_multiply_add_zero_epi4_fused_identity_o4__multiply_s0_o3__add_s1_o2__square_root_s2__reciprocal_s3__multiply_s4_o1__multiply_s5_o0,62144,unpacked|unpacked,[971, 1, 256]
174,0,1,1182,UNCLASSIFIED omega_elementwise_twin_r3_n4_fused_multiply_o0_o1__multiply_o2_o3__add_s0_s1_fused_multiply_o0_o3__multiply_o2_o1__subtract_s0_s1,elementwise_twin,omega_elementwise_twin_r3_n4_fused_multiply_o0_o1__multiply_o2_o3__add_s0_s1_fused_multiply_o0_o3__multiply_o2_o1__subtract_s0_s1,124288,unpacked|unpacked|unpacked|unpacked,[971, 1, 128]
175,0,1,1184,matvec Q4_0,keep::reduce fold,omega_reduce_r4_o3_n2_multiply_add_zero,15872,Q4_0|unpacked,[971, 1, 256, 1536]
176,0,1,1191,RMSNorm sumsq + fused epilogue,keep::reduce fold,omega_reduce_r3_o2_n2_multiply_add_zero_epi3_fused_identity_o3__multiply_s0_o2__add_s1_o1__square_root_s2__reciprocal_s3__multiply_s4_o0,62144,unpacked|unpacked,[971, 1, 256]
177,0,1,1166,RMSNorm sumsq + fused epilogue,keep::reduce fold,omega_reduce_r3_o2_n2_multiply_add_zero_epi4_fused_identity_o4__multiply_s0_o3__add_s1_o2__square_root_s2__reciprocal_s3__multiply_s4_o1__multiply_s5_o0,497152,unpacked|unpacked,[971, 8, 256]
178,0,1,1194,UNCLASSIFIED omega_elementwise_twin_r3_n4_fused_multiply_o0_o1__multiply_o2_o3__subtract_s0_s1_fused_multiply_o0_o3__multiply_o2_o1__add_s0_s1,elementwise_twin,omega_elementwise_twin_r3_n4_fused_multiply_o0_o1__multiply_o2_o3__subtract_s0_s1_fused_multiply_o0_o3__multiply_o2_o1__add_s0_s1,994304,unpacked|unpacked|unpacked|unpacked,[971, 8, 128]
179,0,1,1230,cached attention partial,cached_attention,omega_cached_attention_h1_g8_d256_s3f800000_ln511_up0_r2_n4_b128_rt,62208,unpacked|unpacked|unpacked|unpacked|unpacked|unpacked|unpacked|unpacked|unpacked,[971, 1, 8, 256]
180,0,1,1232,matvec Q4_0,keep::reduce fold,omega_reduce_r5_o2_n2_multiply_add_zero,95232,Q4_0|unpacked,[971, 1, 8, 256, 1536]
181,0,1,1241,RMSNorm sumsq + fused epilogue,keep::reduce fold,omega_reduce_r2_o1_n2_multiply_add_zero_epi5_fused_identity_o5__multiply_s0_o4__add_s1_o3__square_root_s2__reciprocal_s3__multiply_s4_o2__multiply_s5_o1__add_s6_o0,248576,unpacked|unpacked,[971, 1536]
182,0,1,1249,RMSNorm sumsq + fused epilogue,keep::reduce fold,omega_reduce_r2_o1_n2_multiply_add_zero_epi4_fused_identity_o4__multiply_s0_o3__add_s1_o2__square_root_s2__reciprocal_s3__multiply_s4_o1__multiply_s5_o0,248576,unpacked|unpacked,[971, 1536]
183,0,1,1254,matvec Q4_0,keep::reduce fold,omega_reduce_r3_o2_n2_multiply_add_zero,380928,unpacked|Q4_0,[971, 1536, 6144]
184,0,1,1257,constant,constant,omega_constant_r0_v3f000000,1,,[]
185,0,1,1258,constant,constant,omega_constant_r0_v3d372713,1,,[]
186,0,1,1259,constant,constant,omega_constant_r0_v3f4c422a,1,,[]
187,0,1,1269,matvec Q4_0,keep::reduce fold,omega_reduce_r3_o2_n2_multiply_add_zero_epi9_fused_identity_o9__multiply_o5_o6__multiply_s1_o4__multiply_s2_o3__add_s3_o2__multiply_s4_o1__tanh_s5__add_s6_o0__multiply_o7_o8__multiply_s7_s8__multiply_s0_s9,380928,unpacked|Q4_0,[971, 1536, 6144]
188,0,1,1271,matvec Q4_0,keep::reduce fold,omega_reduce_r3_o2_n2_multiply_add_zero,95232,Q4_0|unpacked,[971, 6144, 1536]
189,0,1,1281,RMSNorm sumsq + fused epilogue,keep::reduce fold,omega_reduce_r2_o1_n2_multiply_add_zero_epi5_fused_identity_o5__multiply_s0_o4__add_s1_o3__square_root_s2__reciprocal_s3__multiply_s4_o2__multiply_s5_o1__add_s6_o0,248576,unpacked|unpacked,[971, 1536]
190,0,1,1285,constant,constant,omega_constant_r0_v3f000000,1,,[]
191,0,1,1286,constant,constant,omega_constant_r0_v3d372713,1,,[]
192,0,1,1287,constant,constant,omega_constant_r0_v3f4c422a,1,,[]
193,0,1,1297,matvec Q4_0,keep::reduce fold,omega_reduce_r3_o2_n2_multiply_add_zero_epi5_fused_identity_o5__identity_o0__multiply_s0_s0__multiply_s0_s2__multiply_s3_o3__add_s0_s4__multiply_s5_o2__tanh_s6__add_s7_o1__multiply_s0_o4__multiply_s8_s9__multiply_s1_s10,15872,unpacked|Q4_0,[971, 1536, 256]
194,0,1,1300,matvec Q4_0,keep::reduce fold,omega_reduce_r3_o2_n2_multiply_add_zero,95232,unpacked|Q4_0,[971, 256, 1536]
195,0,1,1312,RMSNorm sumsq + fused epilogue,keep::reduce fold,omega_reduce_r2_o1_n2_multiply_add_zero_epi6_fused_identity_o6__multiply_s0_o4__add_s1_o3__square_root_s2__reciprocal_s3__multiply_s4_o2__multiply_s5_o1__add_s6_o0__multiply_s7_o5,248576,unpacked|unpacked,[971, 1536]
196,0,1,1333,RMSNorm sumsq + fused epilogue,keep::reduce fold,omega_reduce_r2_o1_n2_multiply_add_zero_epi4_fused_identity_o4__multiply_s0_o3__add_s1_o2__square_root_s2__reciprocal_s3__multiply_s4_o1__multiply_s5_o0,248576,unpacked|unpacked,[971, 1536]
197,0,1,1335,matvec Q4_0,keep::reduce fold,omega_reduce_r4_o3_n2_multiply_add_zero,126976,Q4_0|unpacked,[971, 8, 256, 1536]
198,0,1,1345,matvec Q4_0,keep::reduce fold,omega_reduce_r4_o3_n2_multiply_add_zero,15872,Q4_0|unpacked,[971, 1, 256, 1536]
199,0,1,1353,RMSNorm sumsq + fused epilogue,keep::reduce fold,omega_reduce_r3_o2_n2_multiply_add_zero_epi4_fused_identity_o4__multiply_s0_o3__add_s1_o2__square_root_s2__reciprocal_s3__multiply_s4_o1__multiply_s5_o0,62144,unpacked|unpacked,[971, 1, 256]
200,0,1,1359,UNCLASSIFIED omega_elementwise_twin_r3_n4_fused_multiply_o0_o1__multiply_o2_o3__add_s0_s1_fused_multiply_o0_o3__multiply_o2_o1__subtract_s0_s1,elementwise_twin,omega_elementwise_twin_r3_n4_fused_multiply_o0_o1__multiply_o2_o3__add_s0_s1_fused_multiply_o0_o3__multiply_o2_o1__subtract_s0_s1,124288,unpacked|unpacked|unpacked|unpacked,[971, 1, 128]
201,0,1,1361,matvec Q4_0,keep::reduce fold,omega_reduce_r4_o3_n2_multiply_add_zero,15872,Q4_0|unpacked,[971, 1, 256, 1536]
202,0,1,1368,RMSNorm sumsq + fused epilogue,keep::reduce fold,omega_reduce_r3_o2_n2_multiply_add_zero_epi3_fused_identity_o3__multiply_s0_o2__add_s1_o1__square_root_s2__reciprocal_s3__multiply_s4_o0,62144,unpacked|unpacked,[971, 1, 256]
203,0,1,1343,RMSNorm sumsq + fused epilogue,keep::reduce fold,omega_reduce_r3_o2_n2_multiply_add_zero_epi4_fused_identity_o4__multiply_s0_o3__add_s1_o2__square_root_s2__reciprocal_s3__multiply_s4_o1__multiply_s5_o0,497152,unpacked|unpacked,[971, 8, 256]
204,0,1,1371,UNCLASSIFIED omega_elementwise_twin_r3_n4_fused_multiply_o0_o1__multiply_o2_o3__subtract_s0_s1_fused_multiply_o0_o3__multiply_o2_o1__add_s0_s1,elementwise_twin,omega_elementwise_twin_r3_n4_fused_multiply_o0_o1__multiply_o2_o3__subtract_s0_s1_fused_multiply_o0_o3__multiply_o2_o1__add_s0_s1,994304,unpacked|unpacked|unpacked|unpacked,[971, 8, 128]
205,0,1,1407,cached attention partial,cached_attention,omega_cached_attention_h1_g8_d256_s3f800000_ln511_up0_r2_n4_b128_rt,62208,unpacked|unpacked|unpacked|unpacked|unpacked|unpacked|unpacked|unpacked|unpacked,[971, 1, 8, 256]
206,0,1,1409,matvec Q4_0,keep::reduce fold,omega_reduce_r5_o2_n2_multiply_add_zero,95232,Q4_0|unpacked,[971, 1, 8, 256, 1536]
207,0,1,1418,RMSNorm sumsq + fused epilogue,keep::reduce fold,omega_reduce_r2_o1_n2_multiply_add_zero_epi5_fused_identity_o5__multiply_s0_o4__add_s1_o3__square_root_s2__reciprocal_s3__multiply_s4_o2__multiply_s5_o1__add_s6_o0,248576,unpacked|unpacked,[971, 1536]
208,0,1,1426,RMSNorm sumsq + fused epilogue,keep::reduce fold,omega_reduce_r2_o1_n2_multiply_add_zero_epi4_fused_identity_o4__multiply_s0_o3__add_s1_o2__square_root_s2__reciprocal_s3__multiply_s4_o1__multiply_s5_o0,248576,unpacked|unpacked,[971, 1536]
209,0,1,1431,matvec Q4_0,keep::reduce fold,omega_reduce_r3_o2_n2_multiply_add_zero,380928,unpacked|Q4_0,[971, 1536, 6144]
210,0,1,1434,constant,constant,omega_constant_r0_v3f000000,1,,[]
211,0,1,1435,constant,constant,omega_constant_r0_v3d372713,1,,[]
212,0,1,1436,constant,constant,omega_constant_r0_v3f4c422a,1,,[]
213,0,1,1446,matvec Q4_0,keep::reduce fold,omega_reduce_r3_o2_n2_multiply_add_zero_epi9_fused_identity_o9__multiply_o5_o6__multiply_s1_o4__multiply_s2_o3__add_s3_o2__multiply_s4_o1__tanh_s5__add_s6_o0__multiply_o7_o8__multiply_s7_s8__multiply_s0_s9,380928,unpacked|Q4_0,[971, 1536, 6144]
214,0,1,1448,matvec Q4_0,keep::reduce fold,omega_reduce_r3_o2_n2_multiply_add_zero,95232,Q4_0|unpacked,[971, 6144, 1536]
215,0,1,1458,RMSNorm sumsq + fused epilogue,keep::reduce fold,omega_reduce_r2_o1_n2_multiply_add_zero_epi5_fused_identity_o5__multiply_s0_o4__add_s1_o3__square_root_s2__reciprocal_s3__multiply_s4_o2__multiply_s5_o1__add_s6_o0,248576,unpacked|unpacked,[971, 1536]
216,0,1,1462,constant,constant,omega_constant_r0_v3f000000,1,,[]
217,0,1,1463,constant,constant,omega_constant_r0_v3d372713,1,,[]
218,0,1,1464,constant,constant,omega_constant_r0_v3f4c422a,1,,[]
219,0,1,1474,matvec Q4_0,keep::reduce fold,omega_reduce_r3_o2_n2_multiply_add_zero_epi5_fused_identity_o5__identity_o0__multiply_s0_s0__multiply_s0_s2__multiply_s3_o3__add_s0_s4__multiply_s5_o2__tanh_s6__add_s7_o1__multiply_s0_o4__multiply_s8_s9__multiply_s1_s10,15872,unpacked|Q4_0,[971, 1536, 256]
220,0,1,1477,matvec Q4_0,keep::reduce fold,omega_reduce_r3_o2_n2_multiply_add_zero,95232,unpacked|Q4_0,[971, 256, 1536]
221,0,1,1489,RMSNorm sumsq + fused epilogue,keep::reduce fold,omega_reduce_r2_o1_n2_multiply_add_zero_epi6_fused_identity_o6__multiply_s0_o4__add_s1_o3__square_root_s2__reciprocal_s3__multiply_s4_o2__multiply_s5_o1__add_s6_o0__multiply_s7_o5,248576,unpacked|unpacked,[971, 1536]
222,0,1,1510,RMSNorm sumsq + fused epilogue,keep::reduce fold,omega_reduce_r2_o1_n2_multiply_add_zero_epi4_fused_identity_o4__multiply_s0_o3__add_s1_o2__square_root_s2__reciprocal_s3__multiply_s4_o1__multiply_s5_o0,248576,unpacked|unpacked,[971, 1536]
223,0,1,1512,matvec Q4_0,keep::reduce fold,omega_reduce_r4_o3_n2_multiply_add_zero,126976,Q4_0|unpacked,[971, 8, 256, 1536]
224,0,1,1522,matvec Q4_0,keep::reduce fold,omega_reduce_r4_o3_n2_multiply_add_zero,15872,Q4_0|unpacked,[971, 1, 256, 1536]
225,0,1,1530,RMSNorm sumsq + fused epilogue,keep::reduce fold,omega_reduce_r3_o2_n2_multiply_add_zero_epi4_fused_identity_o4__multiply_s0_o3__add_s1_o2__square_root_s2__reciprocal_s3__multiply_s4_o1__multiply_s5_o0,62144,unpacked|unpacked,[971, 1, 256]
226,0,1,1536,UNCLASSIFIED omega_elementwise_twin_r3_n4_fused_multiply_o0_o1__multiply_o2_o3__add_s0_s1_fused_multiply_o0_o3__multiply_o2_o1__subtract_s0_s1,elementwise_twin,omega_elementwise_twin_r3_n4_fused_multiply_o0_o1__multiply_o2_o3__add_s0_s1_fused_multiply_o0_o3__multiply_o2_o1__subtract_s0_s1,124288,unpacked|unpacked|unpacked|unpacked,[971, 1, 128]
227,0,1,1538,matvec Q4_0,keep::reduce fold,omega_reduce_r4_o3_n2_multiply_add_zero,15872,Q4_0|unpacked,[971, 1, 256, 1536]
228,0,1,1545,RMSNorm sumsq + fused epilogue,keep::reduce fold,omega_reduce_r3_o2_n2_multiply_add_zero_epi3_fused_identity_o3__multiply_s0_o2__add_s1_o1__square_root_s2__reciprocal_s3__multiply_s4_o0,62144,unpacked|unpacked,[971, 1, 256]
229,0,1,1520,RMSNorm sumsq + fused epilogue,keep::reduce fold,omega_reduce_r3_o2_n2_multiply_add_zero_epi4_fused_identity_o4__multiply_s0_o3__add_s1_o2__square_root_s2__reciprocal_s3__multiply_s4_o1__multiply_s5_o0,497152,unpacked|unpacked,[971, 8, 256]
230,0,1,1548,UNCLASSIFIED omega_elementwise_twin_r3_n4_fused_multiply_o0_o1__multiply_o2_o3__subtract_s0_s1_fused_multiply_o0_o3__multiply_o2_o1__add_s0_s1,elementwise_twin,omega_elementwise_twin_r3_n4_fused_multiply_o0_o1__multiply_o2_o3__subtract_s0_s1_fused_multiply_o0_o3__multiply_o2_o1__add_s0_s1,994304,unpacked|unpacked|unpacked|unpacked,[971, 8, 128]
231,0,1,1584,cached attention partial,cached_attention,omega_cached_attention_h1_g8_d256_s3f800000_ln511_up0_r2_n4_b128_rt,62208,unpacked|unpacked|unpacked|unpacked|unpacked|unpacked|unpacked|unpacked|unpacked,[971, 1, 8, 256]
232,0,1,1586,matvec Q4_0,keep::reduce fold,omega_reduce_r5_o2_n2_multiply_add_zero,95232,Q4_0|unpacked,[971, 1, 8, 256, 1536]
233,0,1,1595,RMSNorm sumsq + fused epilogue,keep::reduce fold,omega_reduce_r2_o1_n2_multiply_add_zero_epi5_fused_identity_o5__multiply_s0_o4__add_s1_o3__square_root_s2__reciprocal_s3__multiply_s4_o2__multiply_s5_o1__add_s6_o0,248576,unpacked|unpacked,[971, 1536]
234,0,1,1603,RMSNorm sumsq + fused epilogue,keep::reduce fold,omega_reduce_r2_o1_n2_multiply_add_zero_epi4_fused_identity_o4__multiply_s0_o3__add_s1_o2__square_root_s2__reciprocal_s3__multiply_s4_o1__multiply_s5_o0,248576,unpacked|unpacked,[971, 1536]
235,0,1,1608,matvec Q4_0,keep::reduce fold,omega_reduce_r3_o2_n2_multiply_add_zero,380928,unpacked|Q4_0,[971, 1536, 6144]
236,0,1,1611,constant,constant,omega_constant_r0_v3f000000,1,,[]
237,0,1,1612,constant,constant,omega_constant_r0_v3d372713,1,,[]
238,0,1,1613,constant,constant,omega_constant_r0_v3f4c422a,1,,[]
239,0,1,1623,matvec Q4_0,keep::reduce fold,omega_reduce_r3_o2_n2_multiply_add_zero_epi9_fused_identity_o9__multiply_o5_o6__multiply_s1_o4__multiply_s2_o3__add_s3_o2__multiply_s4_o1__tanh_s5__add_s6_o0__multiply_o7_o8__multiply_s7_s8__multiply_s0_s9,380928,unpacked|Q4_0,[971, 1536, 6144]
240,0,1,1625,matvec Q4_0,keep::reduce fold,omega_reduce_r3_o2_n2_multiply_add_zero,95232,Q4_0|unpacked,[971, 6144, 1536]
241,0,1,1635,RMSNorm sumsq + fused epilogue,keep::reduce fold,omega_reduce_r2_o1_n2_multiply_add_zero_epi5_fused_identity_o5__multiply_s0_o4__add_s1_o3__square_root_s2__reciprocal_s3__multiply_s4_o2__multiply_s5_o1__add_s6_o0,248576,unpacked|unpacked,[971, 1536]
242,0,1,1639,constant,constant,omega_constant_r0_v3f000000,1,,[]
243,0,1,1640,constant,constant,omega_constant_r0_v3d372713,1,,[]
244,0,1,1641,constant,constant,omega_constant_r0_v3f4c422a,1,,[]
245,0,1,1651,matvec Q4_0,keep::reduce fold,omega_reduce_r3_o2_n2_multiply_add_zero_epi5_fused_identity_o5__identity_o0__multiply_s0_s0__multiply_s0_s2__multiply_s3_o3__add_s0_s4__multiply_s5_o2__tanh_s6__add_s7_o1__multiply_s0_o4__multiply_s8_s9__multiply_s1_s10,15872,unpacked|Q4_0,[971, 1536, 256]
246,0,1,1654,matvec Q4_0,keep::reduce fold,omega_reduce_r3_o2_n2_multiply_add_zero,95232,unpacked|Q4_0,[971, 256, 1536]
247,0,1,1666,RMSNorm sumsq + fused epilogue,keep::reduce fold,omega_reduce_r2_o1_n2_multiply_add_zero_epi6_fused_identity_o6__multiply_s0_o4__add_s1_o3__square_root_s2__reciprocal_s3__multiply_s4_o2__multiply_s5_o1__add_s6_o0__multiply_s7_o5,248576,unpacked|unpacked,[971, 1536]
248,0,1,1687,RMSNorm sumsq + fused epilogue,keep::reduce fold,omega_reduce_r2_o1_n2_multiply_add_zero_epi4_fused_identity_o4__multiply_s0_o3__add_s1_o2__square_root_s2__reciprocal_s3__multiply_s4_o1__multiply_s5_o0,248576,unpacked|unpacked,[971, 1536]
249,0,1,1689,matvec Q4_0,keep::reduce fold,omega_reduce_r4_o3_n2_multiply_add_zero,253952,Q4_0|unpacked,[971, 8, 512, 1536]
250,0,1,1699,matvec Q4_0,keep::reduce fold,omega_reduce_r4_o3_n2_multiply_add_zero,31744,Q4_0|unpacked,[971, 1, 512, 1536]
251,0,1,1707,RMSNorm sumsq + fused epilogue,keep::reduce fold,omega_reduce_r3_o2_n2_multiply_add_zero_epi4_fused_identity_o4__multiply_s0_o3__add_s1_o2__square_root_s2__reciprocal_s3__multiply_s4_o1__multiply_s5_o0,124288,unpacked|unpacked,[971, 1, 512]
252,0,1,1713,UNCLASSIFIED omega_elementwise_twin_r3_n4_fused_multiply_o0_o1__multiply_o2_o3__add_s0_s1_fused_multiply_o0_o3__multiply_o2_o1__subtract_s0_s1,elementwise_twin,omega_elementwise_twin_r3_n4_fused_multiply_o0_o1__multiply_o2_o3__add_s0_s1_fused_multiply_o0_o3__multiply_o2_o1__subtract_s0_s1,248576,unpacked|unpacked|unpacked|unpacked,[971, 1, 256]
253,0,1,1715,matvec Q4_0,keep::reduce fold,omega_reduce_r4_o3_n2_multiply_add_zero,31744,Q4_0|unpacked,[971, 1, 512, 1536]
254,0,1,1722,RMSNorm sumsq + fused epilogue,keep::reduce fold,omega_reduce_r3_o2_n2_multiply_add_zero_epi3_fused_identity_o3__multiply_s0_o2__add_s1_o1__square_root_s2__reciprocal_s3__multiply_s4_o0,124288,unpacked|unpacked,[971, 1, 512]
255,0,1,1697,RMSNorm sumsq + fused epilogue,keep::reduce fold,omega_reduce_r3_o2_n2_multiply_add_zero_epi4_fused_identity_o4__multiply_s0_o3__add_s1_o2__square_root_s2__reciprocal_s3__multiply_s4_o1__multiply_s5_o0,994304,unpacked|unpacked,[971, 8, 512]
256,0,1,1725,UNCLASSIFIED omega_elementwise_twin_r3_n4_fused_multiply_o0_o1__multiply_o2_o3__subtract_s0_s1_fused_multiply_o0_o3__multiply_o2_o1__add_s0_s1,elementwise_twin,omega_elementwise_twin_r3_n4_fused_multiply_o0_o1__multiply_o2_o3__subtract_s0_s1_fused_multiply_o0_o3__multiply_o2_o1__add_s0_s1,1988608,unpacked|unpacked|unpacked|unpacked,[971, 8, 256]
257,0,1,1761,cached attention partial,cached_attention,omega_cached_attention_h1_g8_d512_s3f800000_ln9223372036854775808_up0_r2_n8_b128_rt,124416,unpacked|unpacked|unpacked|unpacked|unpacked|unpacked|unpacked|unpacked|unpacked,[971, 1, 8, 512]
258,0,1,1763,matvec Q4_0,keep::reduce fold,omega_reduce_r5_o2_n2_multiply_add_zero,95232,Q4_0|unpacked,[971, 1, 8, 512, 1536]
259,0,1,1772,RMSNorm sumsq + fused epilogue,keep::reduce fold,omega_reduce_r2_o1_n2_multiply_add_zero_epi5_fused_identity_o5__multiply_s0_o4__add_s1_o3__square_root_s2__reciprocal_s3__multiply_s4_o2__multiply_s5_o1__add_s6_o0,248576,unpacked|unpacked,[971, 1536]
260,0,1,1780,RMSNorm sumsq + fused epilogue,keep::reduce fold,omega_reduce_r2_o1_n2_multiply_add_zero_epi4_fused_identity_o4__multiply_s0_o3__add_s1_o2__square_root_s2__reciprocal_s3__multiply_s4_o1__multiply_s5_o0,248576,unpacked|unpacked,[971, 1536]
261,0,1,1785,matvec Q4_0,keep::reduce fold,omega_reduce_r3_o2_n2_multiply_add_zero,380928,unpacked|Q4_0,[971, 1536, 6144]
262,0,1,1788,constant,constant,omega_constant_r0_v3f000000,1,,[]
263,0,1,1789,constant,constant,omega_constant_r0_v3d372713,1,,[]
264,0,1,1790,constant,constant,omega_constant_r0_v3f4c422a,1,,[]
265,0,1,1800,matvec Q4_0,keep::reduce fold,omega_reduce_r3_o2_n2_multiply_add_zero_epi9_fused_identity_o9__multiply_o5_o6__multiply_s1_o4__multiply_s2_o3__add_s3_o2__multiply_s4_o1__tanh_s5__add_s6_o0__multiply_o7_o8__multiply_s7_s8__multiply_s0_s9,380928,unpacked|Q4_0,[971, 1536, 6144]
266,0,1,1802,matvec Q4_0,keep::reduce fold,omega_reduce_r3_o2_n2_multiply_add_zero,95232,Q4_0|unpacked,[971, 6144, 1536]
267,0,1,1812,RMSNorm sumsq + fused epilogue,keep::reduce fold,omega_reduce_r2_o1_n2_multiply_add_zero_epi5_fused_identity_o5__multiply_s0_o4__add_s1_o3__square_root_s2__reciprocal_s3__multiply_s4_o2__multiply_s5_o1__add_s6_o0,248576,unpacked|unpacked,[971, 1536]
268,0,1,1816,constant,constant,omega_constant_r0_v3f000000,1,,[]
269,0,1,1817,constant,constant,omega_constant_r0_v3d372713,1,,[]
270,0,1,1818,constant,constant,omega_constant_r0_v3f4c422a,1,,[]
271,0,1,1828,matvec Q4_0,keep::reduce fold,omega_reduce_r3_o2_n2_multiply_add_zero_epi5_fused_identity_o5__identity_o0__multiply_s0_s0__multiply_s0_s2__multiply_s3_o3__add_s0_s4__multiply_s5_o2__tanh_s6__add_s7_o1__multiply_s0_o4__multiply_s8_s9__multiply_s1_s10,15872,unpacked|Q4_0,[971, 1536, 256]
272,0,1,1831,matvec Q4_0,keep::reduce fold,omega_reduce_r3_o2_n2_multiply_add_zero,95232,unpacked|Q4_0,[971, 256, 1536]
273,0,1,1843,RMSNorm sumsq + fused epilogue,keep::reduce fold,omega_reduce_r2_o1_n2_multiply_add_zero_epi6_fused_identity_o6__multiply_s0_o4__add_s1_o3__square_root_s2__reciprocal_s3__multiply_s4_o2__multiply_s5_o1__add_s6_o0__multiply_s7_o5,248576,unpacked|unpacked,[971, 1536]
274,0,1,1864,RMSNorm sumsq + fused epilogue,keep::reduce fold,omega_reduce_r2_o1_n2_multiply_add_zero_epi4_fused_identity_o4__multiply_s0_o3__add_s1_o2__square_root_s2__reciprocal_s3__multiply_s4_o1__multiply_s5_o0,248576,unpacked|unpacked,[971, 1536]
275,0,1,1866,matvec Q4_0,keep::reduce fold,omega_reduce_r4_o3_n2_multiply_add_zero,126976,Q4_0|unpacked,[971, 8, 256, 1536]
276,0,1,1876,matvec Q4_0,keep::reduce fold,omega_reduce_r4_o3_n2_multiply_add_zero,15872,Q4_0|unpacked,[971, 1, 256, 1536]
277,0,1,1884,RMSNorm sumsq + fused epilogue,keep::reduce fold,omega_reduce_r3_o2_n2_multiply_add_zero_epi4_fused_identity_o4__multiply_s0_o3__add_s1_o2__square_root_s2__reciprocal_s3__multiply_s4_o1__multiply_s5_o0,62144,unpacked|unpacked,[971, 1, 256]
278,0,1,1890,UNCLASSIFIED omega_elementwise_twin_r3_n4_fused_multiply_o0_o1__multiply_o2_o3__add_s0_s1_fused_multiply_o0_o3__multiply_o2_o1__subtract_s0_s1,elementwise_twin,omega_elementwise_twin_r3_n4_fused_multiply_o0_o1__multiply_o2_o3__add_s0_s1_fused_multiply_o0_o3__multiply_o2_o1__subtract_s0_s1,124288,unpacked|unpacked|unpacked|unpacked,[971, 1, 128]
279,0,1,1892,matvec Q4_0,keep::reduce fold,omega_reduce_r4_o3_n2_multiply_add_zero,15872,Q4_0|unpacked,[971, 1, 256, 1536]
280,0,1,1899,RMSNorm sumsq + fused epilogue,keep::reduce fold,omega_reduce_r3_o2_n2_multiply_add_zero_epi3_fused_identity_o3__multiply_s0_o2__add_s1_o1__square_root_s2__reciprocal_s3__multiply_s4_o0,62144,unpacked|unpacked,[971, 1, 256]
281,0,1,1874,RMSNorm sumsq + fused epilogue,keep::reduce fold,omega_reduce_r3_o2_n2_multiply_add_zero_epi4_fused_identity_o4__multiply_s0_o3__add_s1_o2__square_root_s2__reciprocal_s3__multiply_s4_o1__multiply_s5_o0,497152,unpacked|unpacked,[971, 8, 256]
282,0,1,1902,UNCLASSIFIED omega_elementwise_twin_r3_n4_fused_multiply_o0_o1__multiply_o2_o3__subtract_s0_s1_fused_multiply_o0_o3__multiply_o2_o1__add_s0_s1,elementwise_twin,omega_elementwise_twin_r3_n4_fused_multiply_o0_o1__multiply_o2_o3__subtract_s0_s1_fused_multiply_o0_o3__multiply_o2_o1__add_s0_s1,994304,unpacked|unpacked|unpacked|unpacked,[971, 8, 128]
283,0,1,1938,cached attention partial,cached_attention,omega_cached_attention_h1_g8_d256_s3f800000_ln511_up0_r2_n4_b128_rt,62208,unpacked|unpacked|unpacked|unpacked|unpacked|unpacked|unpacked|unpacked|unpacked,[971, 1, 8, 256]
284,0,1,1940,matvec Q4_0,keep::reduce fold,omega_reduce_r5_o2_n2_multiply_add_zero,95232,Q4_0|unpacked,[971, 1, 8, 256, 1536]
285,0,1,1949,RMSNorm sumsq + fused epilogue,keep::reduce fold,omega_reduce_r2_o1_n2_multiply_add_zero_epi5_fused_identity_o5__multiply_s0_o4__add_s1_o3__square_root_s2__reciprocal_s3__multiply_s4_o2__multiply_s5_o1__add_s6_o0,248576,unpacked|unpacked,[971, 1536]
286,0,1,1957,RMSNorm sumsq + fused epilogue,keep::reduce fold,omega_reduce_r2_o1_n2_multiply_add_zero_epi4_fused_identity_o4__multiply_s0_o3__add_s1_o2__square_root_s2__reciprocal_s3__multiply_s4_o1__multiply_s5_o0,248576,unpacked|unpacked,[971, 1536]
287,0,1,1962,matvec Q4_0,keep::reduce fold,omega_reduce_r3_o2_n2_multiply_add_zero,380928,unpacked|Q4_0,[971, 1536, 6144]
288,0,1,1965,constant,constant,omega_constant_r0_v3f000000,1,,[]
289,0,1,1966,constant,constant,omega_constant_r0_v3d372713,1,,[]
290,0,1,1967,constant,constant,omega_constant_r0_v3f4c422a,1,,[]
291,0,1,1977,matvec Q4_0,keep::reduce fold,omega_reduce_r3_o2_n2_multiply_add_zero_epi9_fused_identity_o9__multiply_o5_o6__multiply_s1_o4__multiply_s2_o3__add_s3_o2__multiply_s4_o1__tanh_s5__add_s6_o0__multiply_o7_o8__multiply_s7_s8__multiply_s0_s9,380928,unpacked|Q4_0,[971, 1536, 6144]
292,0,1,1979,matvec Q4_0,keep::reduce fold,omega_reduce_r3_o2_n2_multiply_add_zero,95232,Q4_0|unpacked,[971, 6144, 1536]
293,0,1,1989,RMSNorm sumsq + fused epilogue,keep::reduce fold,omega_reduce_r2_o1_n2_multiply_add_zero_epi5_fused_identity_o5__multiply_s0_o4__add_s1_o3__square_root_s2__reciprocal_s3__multiply_s4_o2__multiply_s5_o1__add_s6_o0,248576,unpacked|unpacked,[971, 1536]
294,0,1,1993,constant,constant,omega_constant_r0_v3f000000,1,,[]
295,0,1,1994,constant,constant,omega_constant_r0_v3d372713,1,,[]
296,0,1,1995,constant,constant,omega_constant_r0_v3f4c422a,1,,[]
297,0,1,2005,matvec Q4_0,keep::reduce fold,omega_reduce_r3_o2_n2_multiply_add_zero_epi5_fused_identity_o5__identity_o0__multiply_s0_s0__multiply_s0_s2__multiply_s3_o3__add_s0_s4__multiply_s5_o2__tanh_s6__add_s7_o1__multiply_s0_o4__multiply_s8_s9__multiply_s1_s10,15872,unpacked|Q4_0,[971, 1536, 256]
298,0,1,2008,matvec Q4_0,keep::reduce fold,omega_reduce_r3_o2_n2_multiply_add_zero,95232,unpacked|Q4_0,[971, 256, 1536]
299,0,1,2020,RMSNorm sumsq + fused epilogue,keep::reduce fold,omega_reduce_r2_o1_n2_multiply_add_zero_epi6_fused_identity_o6__multiply_s0_o4__add_s1_o3__square_root_s2__reciprocal_s3__multiply_s4_o2__multiply_s5_o1__add_s6_o0__multiply_s7_o5,248576,unpacked|unpacked,[971, 1536]
300,0,1,2041,RMSNorm sumsq + fused epilogue,keep::reduce fold,omega_reduce_r2_o1_n2_multiply_add_zero_epi4_fused_identity_o4__multiply_s0_o3__add_s1_o2__square_root_s2__reciprocal_s3__multiply_s4_o1__multiply_s5_o0,248576,unpacked|unpacked,[971, 1536]
301,0,1,2043,matvec Q4_0,keep::reduce fold,omega_reduce_r4_o3_n2_multiply_add_zero,126976,Q4_0|unpacked,[971, 8, 256, 1536]
302,0,1,2053,matvec Q4_0,keep::reduce fold,omega_reduce_r4_o3_n2_multiply_add_zero,15872,Q4_0|unpacked,[971, 1, 256, 1536]
303,0,1,2061,RMSNorm sumsq + fused epilogue,keep::reduce fold,omega_reduce_r3_o2_n2_multiply_add_zero_epi4_fused_identity_o4__multiply_s0_o3__add_s1_o2__square_root_s2__reciprocal_s3__multiply_s4_o1__multiply_s5_o0,62144,unpacked|unpacked,[971, 1, 256]
304,0,1,2067,UNCLASSIFIED omega_elementwise_twin_r3_n4_fused_multiply_o0_o1__multiply_o2_o3__add_s0_s1_fused_multiply_o0_o3__multiply_o2_o1__subtract_s0_s1,elementwise_twin,omega_elementwise_twin_r3_n4_fused_multiply_o0_o1__multiply_o2_o3__add_s0_s1_fused_multiply_o0_o3__multiply_o2_o1__subtract_s0_s1,124288,unpacked|unpacked|unpacked|unpacked,[971, 1, 128]
305,0,1,2069,matvec Q4_0,keep::reduce fold,omega_reduce_r4_o3_n2_multiply_add_zero,15872,Q4_0|unpacked,[971, 1, 256, 1536]
306,0,1,2076,RMSNorm sumsq + fused epilogue,keep::reduce fold,omega_reduce_r3_o2_n2_multiply_add_zero_epi3_fused_identity_o3__multiply_s0_o2__add_s1_o1__square_root_s2__reciprocal_s3__multiply_s4_o0,62144,unpacked|unpacked,[971, 1, 256]
307,0,1,2051,RMSNorm sumsq + fused epilogue,keep::reduce fold,omega_reduce_r3_o2_n2_multiply_add_zero_epi4_fused_identity_o4__multiply_s0_o3__add_s1_o2__square_root_s2__reciprocal_s3__multiply_s4_o1__multiply_s5_o0,497152,unpacked|unpacked,[971, 8, 256]
308,0,1,2079,UNCLASSIFIED omega_elementwise_twin_r3_n4_fused_multiply_o0_o1__multiply_o2_o3__subtract_s0_s1_fused_multiply_o0_o3__multiply_o2_o1__add_s0_s1,elementwise_twin,omega_elementwise_twin_r3_n4_fused_multiply_o0_o1__multiply_o2_o3__subtract_s0_s1_fused_multiply_o0_o3__multiply_o2_o1__add_s0_s1,994304,unpacked|unpacked|unpacked|unpacked,[971, 8, 128]
309,0,1,2115,cached attention partial,cached_attention,omega_cached_attention_h1_g8_d256_s3f800000_ln511_up0_r2_n4_b128_rt,62208,unpacked|unpacked|unpacked|unpacked|unpacked|unpacked|unpacked|unpacked|unpacked,[971, 1, 8, 256]
310,0,1,2117,matvec Q4_0,keep::reduce fold,omega_reduce_r5_o2_n2_multiply_add_zero,95232,Q4_0|unpacked,[971, 1, 8, 256, 1536]
311,0,1,2126,RMSNorm sumsq + fused epilogue,keep::reduce fold,omega_reduce_r2_o1_n2_multiply_add_zero_epi5_fused_identity_o5__multiply_s0_o4__add_s1_o3__square_root_s2__reciprocal_s3__multiply_s4_o2__multiply_s5_o1__add_s6_o0,248576,unpacked|unpacked,[971, 1536]
312,0,1,2134,RMSNorm sumsq + fused epilogue,keep::reduce fold,omega_reduce_r2_o1_n2_multiply_add_zero_epi4_fused_identity_o4__multiply_s0_o3__add_s1_o2__square_root_s2__reciprocal_s3__multiply_s4_o1__multiply_s5_o0,248576,unpacked|unpacked,[971, 1536]
313,0,1,2139,matvec Q4_0,keep::reduce fold,omega_reduce_r3_o2_n2_multiply_add_zero,380928,unpacked|Q4_0,[971, 1536, 6144]
314,0,1,2142,constant,constant,omega_constant_r0_v3f000000,1,,[]
315,0,1,2143,constant,constant,omega_constant_r0_v3d372713,1,,[]
316,0,1,2144,constant,constant,omega_constant_r0_v3f4c422a,1,,[]
317,0,1,2154,matvec Q4_0,keep::reduce fold,omega_reduce_r3_o2_n2_multiply_add_zero_epi9_fused_identity_o9__multiply_o5_o6__multiply_s1_o4__multiply_s2_o3__add_s3_o2__multiply_s4_o1__tanh_s5__add_s6_o0__multiply_o7_o8__multiply_s7_s8__multiply_s0_s9,380928,unpacked|Q4_0,[971, 1536, 6144]
318,0,1,2156,matvec Q4_0,keep::reduce fold,omega_reduce_r3_o2_n2_multiply_add_zero,95232,Q4_0|unpacked,[971, 6144, 1536]
319,0,1,2166,RMSNorm sumsq + fused epilogue,keep::reduce fold,omega_reduce_r2_o1_n2_multiply_add_zero_epi5_fused_identity_o5__multiply_s0_o4__add_s1_o3__square_root_s2__reciprocal_s3__multiply_s4_o2__multiply_s5_o1__add_s6_o0,248576,unpacked|unpacked,[971, 1536]
320,0,1,2170,constant,constant,omega_constant_r0_v3f000000,1,,[]
321,0,1,2171,constant,constant,omega_constant_r0_v3d372713,1,,[]
322,0,1,2172,constant,constant,omega_constant_r0_v3f4c422a,1,,[]
323,0,1,2182,matvec Q4_0,keep::reduce fold,omega_reduce_r3_o2_n2_multiply_add_zero_epi5_fused_identity_o5__identity_o0__multiply_s0_s0__multiply_s0_s2__multiply_s3_o3__add_s0_s4__multiply_s5_o2__tanh_s6__add_s7_o1__multiply_s0_o4__multiply_s8_s9__multiply_s1_s10,15872,unpacked|Q4_0,[971, 1536, 256]
324,0,1,2185,matvec Q4_0,keep::reduce fold,omega_reduce_r3_o2_n2_multiply_add_zero,95232,unpacked|Q4_0,[971, 256, 1536]
325,0,1,2197,RMSNorm sumsq + fused epilogue,keep::reduce fold,omega_reduce_r2_o1_n2_multiply_add_zero_epi6_fused_identity_o6__multiply_s0_o4__add_s1_o3__square_root_s2__reciprocal_s3__multiply_s4_o2__multiply_s5_o1__add_s6_o0__multiply_s7_o5,248576,unpacked|unpacked,[971, 1536]
326,0,1,2218,RMSNorm sumsq + fused epilogue,keep::reduce fold,omega_reduce_r2_o1_n2_multiply_add_zero_epi4_fused_identity_o4__multiply_s0_o3__add_s1_o2__square_root_s2__reciprocal_s3__multiply_s4_o1__multiply_s5_o0,248576,unpacked|unpacked,[971, 1536]
327,0,1,2220,matvec Q4_0,keep::reduce fold,omega_reduce_r4_o3_n2_multiply_add_zero,126976,Q4_0|unpacked,[971, 8, 256, 1536]
328,0,1,2230,matvec Q4_0,keep::reduce fold,omega_reduce_r4_o3_n2_multiply_add_zero,15872,Q4_0|unpacked,[971, 1, 256, 1536]
329,0,1,2238,RMSNorm sumsq + fused epilogue,keep::reduce fold,omega_reduce_r3_o2_n2_multiply_add_zero_epi4_fused_identity_o4__multiply_s0_o3__add_s1_o2__square_root_s2__reciprocal_s3__multiply_s4_o1__multiply_s5_o0,62144,unpacked|unpacked,[971, 1, 256]
330,0,1,2244,UNCLASSIFIED omega_elementwise_twin_r3_n4_fused_multiply_o0_o1__multiply_o2_o3__add_s0_s1_fused_multiply_o0_o3__multiply_o2_o1__subtract_s0_s1,elementwise_twin,omega_elementwise_twin_r3_n4_fused_multiply_o0_o1__multiply_o2_o3__add_s0_s1_fused_multiply_o0_o3__multiply_o2_o1__subtract_s0_s1,124288,unpacked|unpacked|unpacked|unpacked,[971, 1, 128]
331,0,1,2246,matvec Q4_0,keep::reduce fold,omega_reduce_r4_o3_n2_multiply_add_zero,15872,Q4_0|unpacked,[971, 1, 256, 1536]
332,0,1,2253,RMSNorm sumsq + fused epilogue,keep::reduce fold,omega_reduce_r3_o2_n2_multiply_add_zero_epi3_fused_identity_o3__multiply_s0_o2__add_s1_o1__square_root_s2__reciprocal_s3__multiply_s4_o0,62144,unpacked|unpacked,[971, 1, 256]
333,0,1,2228,RMSNorm sumsq + fused epilogue,keep::reduce fold,omega_reduce_r3_o2_n2_multiply_add_zero_epi4_fused_identity_o4__multiply_s0_o3__add_s1_o2__square_root_s2__reciprocal_s3__multiply_s4_o1__multiply_s5_o0,497152,unpacked|unpacked,[971, 8, 256]
334,0,1,2256,UNCLASSIFIED omega_elementwise_twin_r3_n4_fused_multiply_o0_o1__multiply_o2_o3__subtract_s0_s1_fused_multiply_o0_o3__multiply_o2_o1__add_s0_s1,elementwise_twin,omega_elementwise_twin_r3_n4_fused_multiply_o0_o1__multiply_o2_o3__subtract_s0_s1_fused_multiply_o0_o3__multiply_o2_o1__add_s0_s1,994304,unpacked|unpacked|unpacked|unpacked,[971, 8, 128]
335,0,1,2292,cached attention partial,cached_attention,omega_cached_attention_h1_g8_d256_s3f800000_ln511_up0_r2_n4_b128_rt,62208,unpacked|unpacked|unpacked|unpacked|unpacked|unpacked|unpacked|unpacked|unpacked,[971, 1, 8, 256]
336,0,1,2294,matvec Q4_0,keep::reduce fold,omega_reduce_r5_o2_n2_multiply_add_zero,95232,Q4_0|unpacked,[971, 1, 8, 256, 1536]
337,0,1,2303,RMSNorm sumsq + fused epilogue,keep::reduce fold,omega_reduce_r2_o1_n2_multiply_add_zero_epi5_fused_identity_o5__multiply_s0_o4__add_s1_o3__square_root_s2__reciprocal_s3__multiply_s4_o2__multiply_s5_o1__add_s6_o0,248576,unpacked|unpacked,[971, 1536]
338,0,1,2311,RMSNorm sumsq + fused epilogue,keep::reduce fold,omega_reduce_r2_o1_n2_multiply_add_zero_epi4_fused_identity_o4__multiply_s0_o3__add_s1_o2__square_root_s2__reciprocal_s3__multiply_s4_o1__multiply_s5_o0,248576,unpacked|unpacked,[971, 1536]
339,0,1,2316,matvec Q4_0,keep::reduce fold,omega_reduce_r3_o2_n2_multiply_add_zero,380928,unpacked|Q4_0,[971, 1536, 6144]
340,0,1,2319,constant,constant,omega_constant_r0_v3f000000,1,,[]
341,0,1,2320,constant,constant,omega_constant_r0_v3d372713,1,,[]
342,0,1,2321,constant,constant,omega_constant_r0_v3f4c422a,1,,[]
343,0,1,2331,matvec Q4_0,keep::reduce fold,omega_reduce_r3_o2_n2_multiply_add_zero_epi9_fused_identity_o9__multiply_o5_o6__multiply_s1_o4__multiply_s2_o3__add_s3_o2__multiply_s4_o1__tanh_s5__add_s6_o0__multiply_o7_o8__multiply_s7_s8__multiply_s0_s9,380928,unpacked|Q4_0,[971, 1536, 6144]
344,0,1,2333,matvec Q4_0,keep::reduce fold,omega_reduce_r3_o2_n2_multiply_add_zero,95232,Q4_0|unpacked,[971, 6144, 1536]
345,0,1,2343,RMSNorm sumsq + fused epilogue,keep::reduce fold,omega_reduce_r2_o1_n2_multiply_add_zero_epi5_fused_identity_o5__multiply_s0_o4__add_s1_o3__square_root_s2__reciprocal_s3__multiply_s4_o2__multiply_s5_o1__add_s6_o0,248576,unpacked|unpacked,[971, 1536]
346,0,1,2347,constant,constant,omega_constant_r0_v3f000000,1,,[]
347,0,1,2348,constant,constant,omega_constant_r0_v3d372713,1,,[]
348,0,1,2349,constant,constant,omega_constant_r0_v3f4c422a,1,,[]
349,0,1,2359,matvec Q4_0,keep::reduce fold,omega_reduce_r3_o2_n2_multiply_add_zero_epi5_fused_identity_o5__identity_o0__multiply_s0_s0__multiply_s0_s2__multiply_s3_o3__add_s0_s4__multiply_s5_o2__tanh_s6__add_s7_o1__multiply_s0_o4__multiply_s8_s9__multiply_s1_s10,15872,unpacked|Q4_0,[971, 1536, 256]
350,0,1,2362,matvec Q4_0,keep::reduce fold,omega_reduce_r3_o2_n2_multiply_add_zero,95232,unpacked|Q4_0,[971, 256, 1536]
351,0,1,2374,RMSNorm sumsq + fused epilogue,keep::reduce fold,omega_reduce_r2_o1_n2_multiply_add_zero_epi6_fused_identity_o6__multiply_s0_o4__add_s1_o3__square_root_s2__reciprocal_s3__multiply_s4_o2__multiply_s5_o1__add_s6_o0__multiply_s7_o5,248576,unpacked|unpacked,[971, 1536]
352,0,1,2395,RMSNorm sumsq + fused epilogue,keep::reduce fold,omega_reduce_r2_o1_n2_multiply_add_zero_epi4_fused_identity_o4__multiply_s0_o3__add_s1_o2__square_root_s2__reciprocal_s3__multiply_s4_o1__multiply_s5_o0,248576,unpacked|unpacked,[971, 1536]
353,0,1,2397,matvec Q4_0,keep::reduce fold,omega_reduce_r4_o3_n2_multiply_add_zero,126976,Q4_0|unpacked,[971, 8, 256, 1536]
354,0,1,2407,matvec Q4_0,keep::reduce fold,omega_reduce_r4_o3_n2_multiply_add_zero,15872,Q4_0|unpacked,[971, 1, 256, 1536]
355,0,1,2415,RMSNorm sumsq + fused epilogue,keep::reduce fold,omega_reduce_r3_o2_n2_multiply_add_zero_epi4_fused_identity_o4__multiply_s0_o3__add_s1_o2__square_root_s2__reciprocal_s3__multiply_s4_o1__multiply_s5_o0,62144,unpacked|unpacked,[971, 1, 256]
356,0,1,2421,UNCLASSIFIED omega_elementwise_twin_r3_n4_fused_multiply_o0_o1__multiply_o2_o3__add_s0_s1_fused_multiply_o0_o3__multiply_o2_o1__subtract_s0_s1,elementwise_twin,omega_elementwise_twin_r3_n4_fused_multiply_o0_o1__multiply_o2_o3__add_s0_s1_fused_multiply_o0_o3__multiply_o2_o1__subtract_s0_s1,124288,unpacked|unpacked|unpacked|unpacked,[971, 1, 128]
357,0,1,2423,matvec Q4_0,keep::reduce fold,omega_reduce_r4_o3_n2_multiply_add_zero,15872,Q4_0|unpacked,[971, 1, 256, 1536]
358,0,1,2430,RMSNorm sumsq + fused epilogue,keep::reduce fold,omega_reduce_r3_o2_n2_multiply_add_zero_epi3_fused_identity_o3__multiply_s0_o2__add_s1_o1__square_root_s2__reciprocal_s3__multiply_s4_o0,62144,unpacked|unpacked,[971, 1, 256]
359,0,1,2405,RMSNorm sumsq + fused epilogue,keep::reduce fold,omega_reduce_r3_o2_n2_multiply_add_zero_epi4_fused_identity_o4__multiply_s0_o3__add_s1_o2__square_root_s2__reciprocal_s3__multiply_s4_o1__multiply_s5_o0,497152,unpacked|unpacked,[971, 8, 256]
360,0,1,2433,UNCLASSIFIED omega_elementwise_twin_r3_n4_fused_multiply_o0_o1__multiply_o2_o3__subtract_s0_s1_fused_multiply_o0_o3__multiply_o2_o1__add_s0_s1,elementwise_twin,omega_elementwise_twin_r3_n4_fused_multiply_o0_o1__multiply_o2_o3__subtract_s0_s1_fused_multiply_o0_o3__multiply_o2_o1__add_s0_s1,994304,unpacked|unpacked|unpacked|unpacked,[971, 8, 128]
361,0,1,2469,cached attention partial,cached_attention,omega_cached_attention_h1_g8_d256_s3f800000_ln511_up0_r2_n4_b128_rt,62208,unpacked|unpacked|unpacked|unpacked|unpacked|unpacked|unpacked|unpacked|unpacked,[971, 1, 8, 256]
362,0,1,2471,matvec Q4_0,keep::reduce fold,omega_reduce_r5_o2_n2_multiply_add_zero,95232,Q4_0|unpacked,[971, 1, 8, 256, 1536]
363,0,1,2480,RMSNorm sumsq + fused epilogue,keep::reduce fold,omega_reduce_r2_o1_n2_multiply_add_zero_epi5_fused_identity_o5__multiply_s0_o4__add_s1_o3__square_root_s2__reciprocal_s3__multiply_s4_o2__multiply_s5_o1__add_s6_o0,248576,unpacked|unpacked,[971, 1536]
364,0,1,2488,RMSNorm sumsq + fused epilogue,keep::reduce fold,omega_reduce_r2_o1_n2_multiply_add_zero_epi4_fused_identity_o4__multiply_s0_o3__add_s1_o2__square_root_s2__reciprocal_s3__multiply_s4_o1__multiply_s5_o0,248576,unpacked|unpacked,[971, 1536]
365,0,1,2493,matvec Q4_0,keep::reduce fold,omega_reduce_r3_o2_n2_multiply_add_zero,380928,unpacked|Q4_0,[971, 1536, 6144]
366,0,1,2496,constant,constant,omega_constant_r0_v3f000000,1,,[]
367,0,1,2497,constant,constant,omega_constant_r0_v3d372713,1,,[]
368,0,1,2498,constant,constant,omega_constant_r0_v3f4c422a,1,,[]
369,0,1,2508,matvec Q4_0,keep::reduce fold,omega_reduce_r3_o2_n2_multiply_add_zero_epi9_fused_identity_o9__multiply_o5_o6__multiply_s1_o4__multiply_s2_o3__add_s3_o2__multiply_s4_o1__tanh_s5__add_s6_o0__multiply_o7_o8__multiply_s7_s8__multiply_s0_s9,380928,unpacked|Q4_0,[971, 1536, 6144]
370,0,1,2510,matvec Q4_0,keep::reduce fold,omega_reduce_r3_o2_n2_multiply_add_zero,95232,Q4_0|unpacked,[971, 6144, 1536]
371,0,1,2520,RMSNorm sumsq + fused epilogue,keep::reduce fold,omega_reduce_r2_o1_n2_multiply_add_zero_epi5_fused_identity_o5__multiply_s0_o4__add_s1_o3__square_root_s2__reciprocal_s3__multiply_s4_o2__multiply_s5_o1__add_s6_o0,248576,unpacked|unpacked,[971, 1536]
372,0,1,2524,constant,constant,omega_constant_r0_v3f000000,1,,[]
373,0,1,2525,constant,constant,omega_constant_r0_v3d372713,1,,[]
374,0,1,2526,constant,constant,omega_constant_r0_v3f4c422a,1,,[]
375,0,1,2536,matvec Q4_0,keep::reduce fold,omega_reduce_r3_o2_n2_multiply_add_zero_epi5_fused_identity_o5__identity_o0__multiply_s0_s0__multiply_s0_s2__multiply_s3_o3__add_s0_s4__multiply_s5_o2__tanh_s6__add_s7_o1__multiply_s0_o4__multiply_s8_s9__multiply_s1_s10,15872,unpacked|Q4_0,[971, 1536, 256]
376,0,1,2539,matvec Q4_0,keep::reduce fold,omega_reduce_r3_o2_n2_multiply_add_zero,95232,unpacked|Q4_0,[971, 256, 1536]
377,0,1,2551,RMSNorm sumsq + fused epilogue,keep::reduce fold,omega_reduce_r2_o1_n2_multiply_add_zero_epi6_fused_identity_o6__multiply_s0_o4__add_s1_o3__square_root_s2__reciprocal_s3__multiply_s4_o2__multiply_s5_o1__add_s6_o0__multiply_s7_o5,248576,unpacked|unpacked,[971, 1536]
378,0,1,2572,RMSNorm sumsq + fused epilogue,keep::reduce fold,omega_reduce_r2_o1_n2_multiply_add_zero_epi4_fused_identity_o4__multiply_s0_o3__add_s1_o2__square_root_s2__reciprocal_s3__multiply_s4_o1__multiply_s5_o0,248576,unpacked|unpacked,[971, 1536]
379,0,1,2574,matvec Q4_0,keep::reduce fold,omega_reduce_r4_o3_n2_multiply_add_zero,253952,Q4_0|unpacked,[971, 8, 512, 1536]
380,0,1,2584,matvec Q4_0,keep::reduce fold,omega_reduce_r4_o3_n2_multiply_add_zero,31744,Q4_0|unpacked,[971, 1, 512, 1536]
381,0,1,2592,RMSNorm sumsq + fused epilogue,keep::reduce fold,omega_reduce_r3_o2_n2_multiply_add_zero_epi4_fused_identity_o4__multiply_s0_o3__add_s1_o2__square_root_s2__reciprocal_s3__multiply_s4_o1__multiply_s5_o0,124288,unpacked|unpacked,[971, 1, 512]
382,0,1,2598,UNCLASSIFIED omega_elementwise_twin_r3_n4_fused_multiply_o0_o1__multiply_o2_o3__add_s0_s1_fused_multiply_o0_o3__multiply_o2_o1__subtract_s0_s1,elementwise_twin,omega_elementwise_twin_r3_n4_fused_multiply_o0_o1__multiply_o2_o3__add_s0_s1_fused_multiply_o0_o3__multiply_o2_o1__subtract_s0_s1,248576,unpacked|unpacked|unpacked|unpacked,[971, 1, 256]
383,0,1,2600,matvec Q4_0,keep::reduce fold,omega_reduce_r4_o3_n2_multiply_add_zero,31744,Q4_0|unpacked,[971, 1, 512, 1536]
384,0,1,2607,RMSNorm sumsq + fused epilogue,keep::reduce fold,omega_reduce_r3_o2_n2_multiply_add_zero_epi3_fused_identity_o3__multiply_s0_o2__add_s1_o1__square_root_s2__reciprocal_s3__multiply_s4_o0,124288,unpacked|unpacked,[971, 1, 512]
385,0,1,2582,RMSNorm sumsq + fused epilogue,keep::reduce fold,omega_reduce_r3_o2_n2_multiply_add_zero_epi4_fused_identity_o4__multiply_s0_o3__add_s1_o2__square_root_s2__reciprocal_s3__multiply_s4_o1__multiply_s5_o0,994304,unpacked|unpacked,[971, 8, 512]
386,0,1,2610,UNCLASSIFIED omega_elementwise_twin_r3_n4_fused_multiply_o0_o1__multiply_o2_o3__subtract_s0_s1_fused_multiply_o0_o3__multiply_o2_o1__add_s0_s1,elementwise_twin,omega_elementwise_twin_r3_n4_fused_multiply_o0_o1__multiply_o2_o3__subtract_s0_s1_fused_multiply_o0_o3__multiply_o2_o1__add_s0_s1,1988608,unpacked|unpacked|unpacked|unpacked,[971, 8, 256]
387,0,1,2646,cached attention partial,cached_attention,omega_cached_attention_h1_g8_d512_s3f800000_ln9223372036854775808_up0_r2_n8_b128_rt,124416,unpacked|unpacked|unpacked|unpacked|unpacked|unpacked|unpacked|unpacked|unpacked,[971, 1, 8, 512]
388,0,1,2648,matvec Q4_0,keep::reduce fold,omega_reduce_r5_o2_n2_multiply_add_zero,95232,Q4_0|unpacked,[971, 1, 8, 512, 1536]
389,0,1,2657,RMSNorm sumsq + fused epilogue,keep::reduce fold,omega_reduce_r2_o1_n2_multiply_add_zero_epi5_fused_identity_o5__multiply_s0_o4__add_s1_o3__square_root_s2__reciprocal_s3__multiply_s4_o2__multiply_s5_o1__add_s6_o0,248576,unpacked|unpacked,[971, 1536]
390,0,1,2665,RMSNorm sumsq + fused epilogue,keep::reduce fold,omega_reduce_r2_o1_n2_multiply_add_zero_epi4_fused_identity_o4__multiply_s0_o3__add_s1_o2__square_root_s2__reciprocal_s3__multiply_s4_o1__multiply_s5_o0,248576,unpacked|unpacked,[971, 1536]
391,0,1,2670,matvec Q4_0,keep::reduce fold,omega_reduce_r3_o2_n2_multiply_add_zero,380928,unpacked|Q4_0,[971, 1536, 6144]
392,0,1,2673,constant,constant,omega_constant_r0_v3f000000,1,,[]
393,0,1,2674,constant,constant,omega_constant_r0_v3d372713,1,,[]
394,0,1,2675,constant,constant,omega_constant_r0_v3f4c422a,1,,[]
395,0,1,2685,matvec Q4_0,keep::reduce fold,omega_reduce_r3_o2_n2_multiply_add_zero_epi9_fused_identity_o9__multiply_o5_o6__multiply_s1_o4__multiply_s2_o3__add_s3_o2__multiply_s4_o1__tanh_s5__add_s6_o0__multiply_o7_o8__multiply_s7_s8__multiply_s0_s9,380928,unpacked|Q4_0,[971, 1536, 6144]
396,0,1,2687,matvec Q4_0,keep::reduce fold,omega_reduce_r3_o2_n2_multiply_add_zero,95232,Q4_0|unpacked,[971, 6144, 1536]
397,0,1,2697,RMSNorm sumsq + fused epilogue,keep::reduce fold,omega_reduce_r2_o1_n2_multiply_add_zero_epi5_fused_identity_o5__multiply_s0_o4__add_s1_o3__square_root_s2__reciprocal_s3__multiply_s4_o2__multiply_s5_o1__add_s6_o0,248576,unpacked|unpacked,[971, 1536]
398,0,1,2701,constant,constant,omega_constant_r0_v3f000000,1,,[]
399,0,1,2702,constant,constant,omega_constant_r0_v3d372713,1,,[]
400,0,1,2703,constant,constant,omega_constant_r0_v3f4c422a,1,,[]
401,0,1,2713,matvec Q4_0,keep::reduce fold,omega_reduce_r3_o2_n2_multiply_add_zero_epi5_fused_identity_o5__identity_o0__multiply_s0_s0__multiply_s0_s2__multiply_s3_o3__add_s0_s4__multiply_s5_o2__tanh_s6__add_s7_o1__multiply_s0_o4__multiply_s8_s9__multiply_s1_s10,15872,unpacked|Q4_0,[971, 1536, 256]
402,0,1,2716,matvec Q4_0,keep::reduce fold,omega_reduce_r3_o2_n2_multiply_add_zero,95232,unpacked|Q4_0,[971, 256, 1536]
403,0,1,2728,RMSNorm sumsq + fused epilogue,keep::reduce fold,omega_reduce_r2_o1_n2_multiply_add_zero_epi6_fused_identity_o6__multiply_s0_o4__add_s1_o3__square_root_s2__reciprocal_s3__multiply_s4_o2__multiply_s5_o1__add_s6_o0__multiply_s7_o5,248576,unpacked|unpacked,[971, 1536]
404,0,1,2743,RMSNorm sumsq + fused epilogue,keep::reduce fold,omega_reduce_r2_o1_n2_multiply_add_zero_epi4_fused_identity_o4__multiply_s0_o3__add_s1_o2__square_root_s2__reciprocal_s3__multiply_s4_o1__multiply_s5_o0,248576,unpacked|unpacked,[971, 1536]
405,0,1,2745,matvec Q4_0,keep::reduce fold,omega_reduce_r4_o3_n2_multiply_add_zero,126976,Q4_0|unpacked,[971, 8, 256, 1536]
406,0,1,2753,RMSNorm sumsq + fused epilogue,keep::reduce fold,omega_reduce_r3_o2_n2_multiply_add_zero_epi4_fused_identity_o4__multiply_s0_o3__add_s1_o2__square_root_s2__reciprocal_s3__multiply_s4_o1__multiply_s5_o0,497152,unpacked|unpacked,[971, 8, 256]
407,0,1,2756,UNCLASSIFIED omega_elementwise_twin_r3_n4_fused_multiply_o0_o1__multiply_o2_o3__subtract_s0_s1_fused_multiply_o0_o3__multiply_o2_o1__add_s0_s1,elementwise_twin,omega_elementwise_twin_r3_n4_fused_multiply_o0_o1__multiply_o2_o3__subtract_s0_s1_fused_multiply_o0_o3__multiply_o2_o1__add_s0_s1,994304,unpacked|unpacked|unpacked|unpacked,[971, 8, 128]
408,0,1,2792,cached attention partial,cached_attention,omega_cached_attention_h1_g8_d256_s3f800000_ln511_up0_r2_n4_b128_rt,62208,unpacked|unpacked|unpacked|unpacked|unpacked|unpacked|unpacked|unpacked|unpacked,[971, 1, 8, 256]
409,0,1,2794,matvec Q4_0,keep::reduce fold,omega_reduce_r5_o2_n2_multiply_add_zero,95232,Q4_0|unpacked,[971, 1, 8, 256, 1536]
410,0,1,2803,RMSNorm sumsq + fused epilogue,keep::reduce fold,omega_reduce_r2_o1_n2_multiply_add_zero_epi5_fused_identity_o5__multiply_s0_o4__add_s1_o3__square_root_s2__reciprocal_s3__multiply_s4_o2__multiply_s5_o1__add_s6_o0,248576,unpacked|unpacked,[971, 1536]
411,0,1,2811,RMSNorm sumsq + fused epilogue,keep::reduce fold,omega_reduce_r2_o1_n2_multiply_add_zero_epi4_fused_identity_o4__multiply_s0_o3__add_s1_o2__square_root_s2__reciprocal_s3__multiply_s4_o1__multiply_s5_o0,248576,unpacked|unpacked,[971, 1536]
412,0,1,2816,matvec Q4_0,keep::reduce fold,omega_reduce_r3_o2_n2_multiply_add_zero,761856,unpacked|Q4_0,[971, 1536, 12288]
413,0,1,2819,constant,constant,omega_constant_r0_v3f000000,1,,[]
414,0,1,2820,constant,constant,omega_constant_r0_v3d372713,1,,[]
415,0,1,2821,constant,constant,omega_constant_r0_v3f4c422a,1,,[]
416,0,1,2831,matvec Q4_0,keep::reduce fold,omega_reduce_r3_o2_n2_multiply_add_zero_epi9_fused_identity_o9__multiply_o5_o6__multiply_s1_o4__multiply_s2_o3__add_s3_o2__multiply_s4_o1__tanh_s5__add_s6_o0__multiply_o7_o8__multiply_s7_s8__multiply_s0_s9,761856,unpacked|Q4_0,[971, 1536, 12288]
417,0,1,2833,matvec Q4_0,keep::reduce fold,omega_reduce_r3_o2_n2_multiply_add_zero,95232,Q4_0|unpacked,[971, 12288, 1536]
418,0,1,2843,RMSNorm sumsq + fused epilogue,keep::reduce fold,omega_reduce_r2_o1_n2_multiply_add_zero_epi5_fused_identity_o5__multiply_s0_o4__add_s1_o3__square_root_s2__reciprocal_s3__multiply_s4_o2__multiply_s5_o1__add_s6_o0,248576,unpacked|unpacked,[971, 1536]
419,0,1,2847,constant,constant,omega_constant_r0_v3f000000,1,,[]
420,0,1,2848,constant,constant,omega_constant_r0_v3d372713,1,,[]
421,0,1,2849,constant,constant,omega_constant_r0_v3f4c422a,1,,[]
422,0,1,2859,matvec Q4_0,keep::reduce fold,omega_reduce_r3_o2_n2_multiply_add_zero_epi5_fused_identity_o5__identity_o0__multiply_s0_s0__multiply_s0_s2__multiply_s3_o3__add_s0_s4__multiply_s5_o2__tanh_s6__add_s7_o1__multiply_s0_o4__multiply_s8_s9__multiply_s1_s10,15872,unpacked|Q4_0,[971, 1536, 256]
423,0,1,2862,matvec Q4_0,keep::reduce fold,omega_reduce_r3_o2_n2_multiply_add_zero,95232,unpacked|Q4_0,[971, 256, 1536]
424,0,1,2874,RMSNorm sumsq + fused epilogue,keep::reduce fold,omega_reduce_r2_o1_n2_multiply_add_zero_epi6_fused_identity_o6__multiply_s0_o4__add_s1_o3__square_root_s2__reciprocal_s3__multiply_s4_o2__multiply_s5_o1__add_s6_o0__multiply_s7_o5,248576,unpacked|unpacked,[971, 1536]
425,0,1,2889,RMSNorm sumsq + fused epilogue,keep::reduce fold,omega_reduce_r2_o1_n2_multiply_add_zero_epi4_fused_identity_o4__multiply_s0_o3__add_s1_o2__square_root_s2__reciprocal_s3__multiply_s4_o1__multiply_s5_o0,248576,unpacked|unpacked,[971, 1536]
426,0,1,2891,matvec Q4_0,keep::reduce fold,omega_reduce_r4_o3_n2_multiply_add_zero,126976,Q4_0|unpacked,[971, 8, 256, 1536]
427,0,1,2899,RMSNorm sumsq + fused epilogue,keep::reduce fold,omega_reduce_r3_o2_n2_multiply_add_zero_epi4_fused_identity_o4__multiply_s0_o3__add_s1_o2__square_root_s2__reciprocal_s3__multiply_s4_o1__multiply_s5_o0,497152,unpacked|unpacked,[971, 8, 256]
428,0,1,2902,UNCLASSIFIED omega_elementwise_twin_r3_n4_fused_multiply_o0_o1__multiply_o2_o3__subtract_s0_s1_fused_multiply_o0_o3__multiply_o2_o1__add_s0_s1,elementwise_twin,omega_elementwise_twin_r3_n4_fused_multiply_o0_o1__multiply_o2_o3__subtract_s0_s1_fused_multiply_o0_o3__multiply_o2_o1__add_s0_s1,994304,unpacked|unpacked|unpacked|unpacked,[971, 8, 128]
429,0,1,2938,cached attention partial,cached_attention,omega_cached_attention_h1_g8_d256_s3f800000_ln511_up0_r2_n4_b128_rt,62208,unpacked|unpacked|unpacked|unpacked|unpacked|unpacked|unpacked|unpacked|unpacked,[971, 1, 8, 256]
430,0,1,2940,matvec Q4_0,keep::reduce fold,omega_reduce_r5_o2_n2_multiply_add_zero,95232,Q4_0|unpacked,[971, 1, 8, 256, 1536]
431,0,1,2949,RMSNorm sumsq + fused epilogue,keep::reduce fold,omega_reduce_r2_o1_n2_multiply_add_zero_epi5_fused_identity_o5__multiply_s0_o4__add_s1_o3__square_root_s2__reciprocal_s3__multiply_s4_o2__multiply_s5_o1__add_s6_o0,248576,unpacked|unpacked,[971, 1536]
432,0,1,2957,RMSNorm sumsq + fused epilogue,keep::reduce fold,omega_reduce_r2_o1_n2_multiply_add_zero_epi4_fused_identity_o4__multiply_s0_o3__add_s1_o2__square_root_s2__reciprocal_s3__multiply_s4_o1__multiply_s5_o0,248576,unpacked|unpacked,[971, 1536]
433,0,1,2962,matvec Q4_0,keep::reduce fold,omega_reduce_r3_o2_n2_multiply_add_zero,761856,unpacked|Q4_0,[971, 1536, 12288]
434,0,1,2965,constant,constant,omega_constant_r0_v3f000000,1,,[]
435,0,1,2966,constant,constant,omega_constant_r0_v3d372713,1,,[]
436,0,1,2967,constant,constant,omega_constant_r0_v3f4c422a,1,,[]
437,0,1,2977,matvec Q4_0,keep::reduce fold,omega_reduce_r3_o2_n2_multiply_add_zero_epi9_fused_identity_o9__multiply_o5_o6__multiply_s1_o4__multiply_s2_o3__add_s3_o2__multiply_s4_o1__tanh_s5__add_s6_o0__multiply_o7_o8__multiply_s7_s8__multiply_s0_s9,761856,unpacked|Q4_0,[971, 1536, 12288]
438,0,1,2979,matvec Q4_0,keep::reduce fold,omega_reduce_r3_o2_n2_multiply_add_zero,95232,Q4_0|unpacked,[971, 12288, 1536]
439,0,1,2989,RMSNorm sumsq + fused epilogue,keep::reduce fold,omega_reduce_r2_o1_n2_multiply_add_zero_epi5_fused_identity_o5__multiply_s0_o4__add_s1_o3__square_root_s2__reciprocal_s3__multiply_s4_o2__multiply_s5_o1__add_s6_o0,248576,unpacked|unpacked,[971, 1536]
440,0,1,2993,constant,constant,omega_constant_r0_v3f000000,1,,[]
441,0,1,2994,constant,constant,omega_constant_r0_v3d372713,1,,[]
442,0,1,2995,constant,constant,omega_constant_r0_v3f4c422a,1,,[]
443,0,1,3005,matvec Q4_0,keep::reduce fold,omega_reduce_r3_o2_n2_multiply_add_zero_epi5_fused_identity_o5__identity_o0__multiply_s0_s0__multiply_s0_s2__multiply_s3_o3__add_s0_s4__multiply_s5_o2__tanh_s6__add_s7_o1__multiply_s0_o4__multiply_s8_s9__multiply_s1_s10,15872,unpacked|Q4_0,[971, 1536, 256]
444,0,1,3008,matvec Q4_0,keep::reduce fold,omega_reduce_r3_o2_n2_multiply_add_zero,95232,unpacked|Q4_0,[971, 256, 1536]
445,0,1,3020,RMSNorm sumsq + fused epilogue,keep::reduce fold,omega_reduce_r2_o1_n2_multiply_add_zero_epi6_fused_identity_o6__multiply_s0_o4__add_s1_o3__square_root_s2__reciprocal_s3__multiply_s4_o2__multiply_s5_o1__add_s6_o0__multiply_s7_o5,248576,unpacked|unpacked,[971, 1536]
446,0,1,3035,RMSNorm sumsq + fused epilogue,keep::reduce fold,omega_reduce_r2_o1_n2_multiply_add_zero_epi4_fused_identity_o4__multiply_s0_o3__add_s1_o2__square_root_s2__reciprocal_s3__multiply_s4_o1__multiply_s5_o0,248576,unpacked|unpacked,[971, 1536]
447,0,1,3037,matvec Q4_0,keep::reduce fold,omega_reduce_r4_o3_n2_multiply_add_zero,126976,Q4_0|unpacked,[971, 8, 256, 1536]
448,0,1,3045,RMSNorm sumsq + fused epilogue,keep::reduce fold,omega_reduce_r3_o2_n2_multiply_add_zero_epi4_fused_identity_o4__multiply_s0_o3__add_s1_o2__square_root_s2__reciprocal_s3__multiply_s4_o1__multiply_s5_o0,497152,unpacked|unpacked,[971, 8, 256]
449,0,1,3048,UNCLASSIFIED omega_elementwise_twin_r3_n4_fused_multiply_o0_o1__multiply_o2_o3__subtract_s0_s1_fused_multiply_o0_o3__multiply_o2_o1__add_s0_s1,elementwise_twin,omega_elementwise_twin_r3_n4_fused_multiply_o0_o1__multiply_o2_o3__subtract_s0_s1_fused_multiply_o0_o3__multiply_o2_o1__add_s0_s1,994304,unpacked|unpacked|unpacked|unpacked,[971, 8, 128]
450,0,1,3084,cached attention partial,cached_attention,omega_cached_attention_h1_g8_d256_s3f800000_ln511_up0_r2_n4_b128_rt,62208,unpacked|unpacked|unpacked|unpacked|unpacked|unpacked|unpacked|unpacked|unpacked,[971, 1, 8, 256]
451,0,1,3086,matvec Q4_0,keep::reduce fold,omega_reduce_r5_o2_n2_multiply_add_zero,95232,Q4_0|unpacked,[971, 1, 8, 256, 1536]
452,0,1,3095,RMSNorm sumsq + fused epilogue,keep::reduce fold,omega_reduce_r2_o1_n2_multiply_add_zero_epi5_fused_identity_o5__multiply_s0_o4__add_s1_o3__square_root_s2__reciprocal_s3__multiply_s4_o2__multiply_s5_o1__add_s6_o0,248576,unpacked|unpacked,[971, 1536]
453,0,1,3103,RMSNorm sumsq + fused epilogue,keep::reduce fold,omega_reduce_r2_o1_n2_multiply_add_zero_epi4_fused_identity_o4__multiply_s0_o3__add_s1_o2__square_root_s2__reciprocal_s3__multiply_s4_o1__multiply_s5_o0,248576,unpacked|unpacked,[971, 1536]
454,0,1,3108,matvec Q4_0,keep::reduce fold,omega_reduce_r3_o2_n2_multiply_add_zero,761856,unpacked|Q4_0,[971, 1536, 12288]
455,0,1,3111,constant,constant,omega_constant_r0_v3f000000,1,,[]
456,0,1,3112,constant,constant,omega_constant_r0_v3d372713,1,,[]
457,0,1,3113,constant,constant,omega_constant_r0_v3f4c422a,1,,[]
458,0,1,3123,matvec Q4_0,keep::reduce fold,omega_reduce_r3_o2_n2_multiply_add_zero_epi9_fused_identity_o9__multiply_o5_o6__multiply_s1_o4__multiply_s2_o3__add_s3_o2__multiply_s4_o1__tanh_s5__add_s6_o0__multiply_o7_o8__multiply_s7_s8__multiply_s0_s9,761856,unpacked|Q4_0,[971, 1536, 12288]
459,0,1,3125,matvec Q4_0,keep::reduce fold,omega_reduce_r3_o2_n2_multiply_add_zero,95232,Q4_0|unpacked,[971, 12288, 1536]
460,0,1,3135,RMSNorm sumsq + fused epilogue,keep::reduce fold,omega_reduce_r2_o1_n2_multiply_add_zero_epi5_fused_identity_o5__multiply_s0_o4__add_s1_o3__square_root_s2__reciprocal_s3__multiply_s4_o2__multiply_s5_o1__add_s6_o0,248576,unpacked|unpacked,[971, 1536]
461,0,1,3139,constant,constant,omega_constant_r0_v3f000000,1,,[]
462,0,1,3140,constant,constant,omega_constant_r0_v3d372713,1,,[]
463,0,1,3141,constant,constant,omega_constant_r0_v3f4c422a,1,,[]
464,0,1,3151,matvec Q4_0,keep::reduce fold,omega_reduce_r3_o2_n2_multiply_add_zero_epi5_fused_identity_o5__identity_o0__multiply_s0_s0__multiply_s0_s2__multiply_s3_o3__add_s0_s4__multiply_s5_o2__tanh_s6__add_s7_o1__multiply_s0_o4__multiply_s8_s9__multiply_s1_s10,15872,unpacked|Q4_0,[971, 1536, 256]
465,0,1,3154,matvec Q4_0,keep::reduce fold,omega_reduce_r3_o2_n2_multiply_add_zero,95232,unpacked|Q4_0,[971, 256, 1536]
466,0,1,3166,RMSNorm sumsq + fused epilogue,keep::reduce fold,omega_reduce_r2_o1_n2_multiply_add_zero_epi6_fused_identity_o6__multiply_s0_o4__add_s1_o3__square_root_s2__reciprocal_s3__multiply_s4_o2__multiply_s5_o1__add_s6_o0__multiply_s7_o5,248576,unpacked|unpacked,[971, 1536]
467,0,1,3181,RMSNorm sumsq + fused epilogue,keep::reduce fold,omega_reduce_r2_o1_n2_multiply_add_zero_epi4_fused_identity_o4__multiply_s0_o3__add_s1_o2__square_root_s2__reciprocal_s3__multiply_s4_o1__multiply_s5_o0,248576,unpacked|unpacked,[971, 1536]
468,0,1,3183,matvec Q4_0,keep::reduce fold,omega_reduce_r4_o3_n2_multiply_add_zero,126976,Q4_0|unpacked,[971, 8, 256, 1536]
469,0,1,3191,RMSNorm sumsq + fused epilogue,keep::reduce fold,omega_reduce_r3_o2_n2_multiply_add_zero_epi4_fused_identity_o4__multiply_s0_o3__add_s1_o2__square_root_s2__reciprocal_s3__multiply_s4_o1__multiply_s5_o0,497152,unpacked|unpacked,[971, 8, 256]
470,0,1,3194,UNCLASSIFIED omega_elementwise_twin_r3_n4_fused_multiply_o0_o1__multiply_o2_o3__subtract_s0_s1_fused_multiply_o0_o3__multiply_o2_o1__add_s0_s1,elementwise_twin,omega_elementwise_twin_r3_n4_fused_multiply_o0_o1__multiply_o2_o3__subtract_s0_s1_fused_multiply_o0_o3__multiply_o2_o1__add_s0_s1,994304,unpacked|unpacked|unpacked|unpacked,[971, 8, 128]
471,0,1,3230,cached attention partial,cached_attention,omega_cached_attention_h1_g8_d256_s3f800000_ln511_up0_r2_n4_b128_rt,62208,unpacked|unpacked|unpacked|unpacked|unpacked|unpacked|unpacked|unpacked|unpacked,[971, 1, 8, 256]
472,0,1,3232,matvec Q4_0,keep::reduce fold,omega_reduce_r5_o2_n2_multiply_add_zero,95232,Q4_0|unpacked,[971, 1, 8, 256, 1536]
473,0,1,3241,RMSNorm sumsq + fused epilogue,keep::reduce fold,omega_reduce_r2_o1_n2_multiply_add_zero_epi5_fused_identity_o5__multiply_s0_o4__add_s1_o3__square_root_s2__reciprocal_s3__multiply_s4_o2__multiply_s5_o1__add_s6_o0,248576,unpacked|unpacked,[971, 1536]
474,0,1,3249,RMSNorm sumsq + fused epilogue,keep::reduce fold,omega_reduce_r2_o1_n2_multiply_add_zero_epi4_fused_identity_o4__multiply_s0_o3__add_s1_o2__square_root_s2__reciprocal_s3__multiply_s4_o1__multiply_s5_o0,248576,unpacked|unpacked,[971, 1536]
475,0,1,3254,matvec Q4_0,keep::reduce fold,omega_reduce_r3_o2_n2_multiply_add_zero,761856,unpacked|Q4_0,[971, 1536, 12288]
476,0,1,3257,constant,constant,omega_constant_r0_v3f000000,1,,[]
477,0,1,3258,constant,constant,omega_constant_r0_v3d372713,1,,[]
478,0,1,3259,constant,constant,omega_constant_r0_v3f4c422a,1,,[]
479,0,1,3269,matvec Q4_0,keep::reduce fold,omega_reduce_r3_o2_n2_multiply_add_zero_epi9_fused_identity_o9__multiply_o5_o6__multiply_s1_o4__multiply_s2_o3__add_s3_o2__multiply_s4_o1__tanh_s5__add_s6_o0__multiply_o7_o8__multiply_s7_s8__multiply_s0_s9,761856,unpacked|Q4_0,[971, 1536, 12288]
480,0,1,3271,matvec Q4_0,keep::reduce fold,omega_reduce_r3_o2_n2_multiply_add_zero,95232,Q4_0|unpacked,[971, 12288, 1536]
481,0,1,3281,RMSNorm sumsq + fused epilogue,keep::reduce fold,omega_reduce_r2_o1_n2_multiply_add_zero_epi5_fused_identity_o5__multiply_s0_o4__add_s1_o3__square_root_s2__reciprocal_s3__multiply_s4_o2__multiply_s5_o1__add_s6_o0,248576,unpacked|unpacked,[971, 1536]
482,0,1,3285,constant,constant,omega_constant_r0_v3f000000,1,,[]
483,0,1,3286,constant,constant,omega_constant_r0_v3d372713,1,,[]
484,0,1,3287,constant,constant,omega_constant_r0_v3f4c422a,1,,[]
485,0,1,3297,matvec Q4_0,keep::reduce fold,omega_reduce_r3_o2_n2_multiply_add_zero_epi5_fused_identity_o5__identity_o0__multiply_s0_s0__multiply_s0_s2__multiply_s3_o3__add_s0_s4__multiply_s5_o2__tanh_s6__add_s7_o1__multiply_s0_o4__multiply_s8_s9__multiply_s1_s10,15872,unpacked|Q4_0,[971, 1536, 256]
486,0,1,3300,matvec Q4_0,keep::reduce fold,omega_reduce_r3_o2_n2_multiply_add_zero,95232,unpacked|Q4_0,[971, 256, 1536]
487,0,1,3312,RMSNorm sumsq + fused epilogue,keep::reduce fold,omega_reduce_r2_o1_n2_multiply_add_zero_epi6_fused_identity_o6__multiply_s0_o4__add_s1_o3__square_root_s2__reciprocal_s3__multiply_s4_o2__multiply_s5_o1__add_s6_o0__multiply_s7_o5,248576,unpacked|unpacked,[971, 1536]
488,0,1,3327,RMSNorm sumsq + fused epilogue,keep::reduce fold,omega_reduce_r2_o1_n2_multiply_add_zero_epi4_fused_identity_o4__multiply_s0_o3__add_s1_o2__square_root_s2__reciprocal_s3__multiply_s4_o1__multiply_s5_o0,248576,unpacked|unpacked,[971, 1536]
489,0,1,3329,matvec Q4_0,keep::reduce fold,omega_reduce_r4_o3_n2_multiply_add_zero,253952,Q4_0|unpacked,[971, 8, 512, 1536]
490,0,1,3337,RMSNorm sumsq + fused epilogue,keep::reduce fold,omega_reduce_r3_o2_n2_multiply_add_zero_epi4_fused_identity_o4__multiply_s0_o3__add_s1_o2__square_root_s2__reciprocal_s3__multiply_s4_o1__multiply_s5_o0,994304,unpacked|unpacked,[971, 8, 512]
491,0,1,3340,UNCLASSIFIED omega_elementwise_twin_r3_n4_fused_multiply_o0_o1__multiply_o2_o3__subtract_s0_s1_fused_multiply_o0_o3__multiply_o2_o1__add_s0_s1,elementwise_twin,omega_elementwise_twin_r3_n4_fused_multiply_o0_o1__multiply_o2_o3__subtract_s0_s1_fused_multiply_o0_o3__multiply_o2_o1__add_s0_s1,1988608,unpacked|unpacked|unpacked|unpacked,[971, 8, 256]
492,0,1,3376,cached attention partial,cached_attention,omega_cached_attention_h1_g8_d512_s3f800000_ln9223372036854775808_up0_r2_n8_b128_rt,124416,unpacked|unpacked|unpacked|unpacked|unpacked|unpacked|unpacked|unpacked|unpacked,[971, 1, 8, 512]
493,0,1,3378,matvec Q4_0,keep::reduce fold,omega_reduce_r5_o2_n2_multiply_add_zero,95232,Q4_0|unpacked,[971, 1, 8, 512, 1536]
494,0,1,3387,RMSNorm sumsq + fused epilogue,keep::reduce fold,omega_reduce_r2_o1_n2_multiply_add_zero_epi5_fused_identity_o5__multiply_s0_o4__add_s1_o3__square_root_s2__reciprocal_s3__multiply_s4_o2__multiply_s5_o1__add_s6_o0,248576,unpacked|unpacked,[971, 1536]
495,0,1,3395,RMSNorm sumsq + fused epilogue,keep::reduce fold,omega_reduce_r2_o1_n2_multiply_add_zero_epi4_fused_identity_o4__multiply_s0_o3__add_s1_o2__square_root_s2__reciprocal_s3__multiply_s4_o1__multiply_s5_o0,248576,unpacked|unpacked,[971, 1536]
496,0,1,3400,matvec Q4_0,keep::reduce fold,omega_reduce_r3_o2_n2_multiply_add_zero,761856,unpacked|Q4_0,[971, 1536, 12288]
497,0,1,3403,constant,constant,omega_constant_r0_v3f000000,1,,[]
498,0,1,3404,constant,constant,omega_constant_r0_v3d372713,1,,[]
499,0,1,3405,constant,constant,omega_constant_r0_v3f4c422a,1,,[]
500,0,1,3415,matvec Q4_0,keep::reduce fold,omega_reduce_r3_o2_n2_multiply_add_zero_epi9_fused_identity_o9__multiply_o5_o6__multiply_s1_o4__multiply_s2_o3__add_s3_o2__multiply_s4_o1__tanh_s5__add_s6_o0__multiply_o7_o8__multiply_s7_s8__multiply_s0_s9,761856,unpacked|Q4_0,[971, 1536, 12288]
501,0,1,3417,matvec Q4_0,keep::reduce fold,omega_reduce_r3_o2_n2_multiply_add_zero,95232,Q4_0|unpacked,[971, 12288, 1536]
502,0,1,3427,RMSNorm sumsq + fused epilogue,keep::reduce fold,omega_reduce_r2_o1_n2_multiply_add_zero_epi5_fused_identity_o5__multiply_s0_o4__add_s1_o3__square_root_s2__reciprocal_s3__multiply_s4_o2__multiply_s5_o1__add_s6_o0,248576,unpacked|unpacked,[971, 1536]
503,0,1,3431,constant,constant,omega_constant_r0_v3f000000,1,,[]
504,0,1,3432,constant,constant,omega_constant_r0_v3d372713,1,,[]
505,0,1,3433,constant,constant,omega_constant_r0_v3f4c422a,1,,[]
506,0,1,3443,matvec Q4_0,keep::reduce fold,omega_reduce_r3_o2_n2_multiply_add_zero_epi5_fused_identity_o5__identity_o0__multiply_s0_s0__multiply_s0_s2__multiply_s3_o3__add_s0_s4__multiply_s5_o2__tanh_s6__add_s7_o1__multiply_s0_o4__multiply_s8_s9__multiply_s1_s10,15872,unpacked|Q4_0,[971, 1536, 256]
507,0,1,3446,matvec Q4_0,keep::reduce fold,omega_reduce_r3_o2_n2_multiply_add_zero,95232,unpacked|Q4_0,[971, 256, 1536]
508,0,1,3458,RMSNorm sumsq + fused epilogue,keep::reduce fold,omega_reduce_r2_o1_n2_multiply_add_zero_epi6_fused_identity_o6__multiply_s0_o4__add_s1_o3__square_root_s2__reciprocal_s3__multiply_s4_o2__multiply_s5_o1__add_s6_o0__multiply_s7_o5,248576,unpacked|unpacked,[971, 1536]
509,0,1,3473,RMSNorm sumsq + fused epilogue,keep::reduce fold,omega_reduce_r2_o1_n2_multiply_add_zero_epi4_fused_identity_o4__multiply_s0_o3__add_s1_o2__square_root_s2__reciprocal_s3__multiply_s4_o1__multiply_s5_o0,248576,unpacked|unpacked,[971, 1536]
510,0,1,3475,matvec Q4_0,keep::reduce fold,omega_reduce_r4_o3_n2_multiply_add_zero,126976,Q4_0|unpacked,[971, 8, 256, 1536]
511,0,1,3483,RMSNorm sumsq + fused epilogue,keep::reduce fold,omega_reduce_r3_o2_n2_multiply_add_zero_epi4_fused_identity_o4__multiply_s0_o3__add_s1_o2__square_root_s2__reciprocal_s3__multiply_s4_o1__multiply_s5_o0,497152,unpacked|unpacked,[971, 8, 256]
512,0,1,3486,UNCLASSIFIED omega_elementwise_twin_r3_n4_fused_multiply_o0_o1__multiply_o2_o3__subtract_s0_s1_fused_multiply_o0_o3__multiply_o2_o1__add_s0_s1,elementwise_twin,omega_elementwise_twin_r3_n4_fused_multiply_o0_o1__multiply_o2_o3__subtract_s0_s1_fused_multiply_o0_o3__multiply_o2_o1__add_s0_s1,994304,unpacked|unpacked|unpacked|unpacked,[971, 8, 128]
513,0,1,3522,cached attention partial,cached_attention,omega_cached_attention_h1_g8_d256_s3f800000_ln511_up0_r2_n4_b128_rt,62208,unpacked|unpacked|unpacked|unpacked|unpacked|unpacked|unpacked|unpacked|unpacked,[971, 1, 8, 256]
514,0,1,3524,matvec Q4_0,keep::reduce fold,omega_reduce_r5_o2_n2_multiply_add_zero,95232,Q4_0|unpacked,[971, 1, 8, 256, 1536]
515,0,1,3533,RMSNorm sumsq + fused epilogue,keep::reduce fold,omega_reduce_r2_o1_n2_multiply_add_zero_epi5_fused_identity_o5__multiply_s0_o4__add_s1_o3__square_root_s2__reciprocal_s3__multiply_s4_o2__multiply_s5_o1__add_s6_o0,248576,unpacked|unpacked,[971, 1536]
516,0,1,3541,RMSNorm sumsq + fused epilogue,keep::reduce fold,omega_reduce_r2_o1_n2_multiply_add_zero_epi4_fused_identity_o4__multiply_s0_o3__add_s1_o2__square_root_s2__reciprocal_s3__multiply_s4_o1__multiply_s5_o0,248576,unpacked|unpacked,[971, 1536]
517,0,1,3546,matvec Q4_0,keep::reduce fold,omega_reduce_r3_o2_n2_multiply_add_zero,761856,unpacked|Q4_0,[971, 1536, 12288]
518,0,1,3549,constant,constant,omega_constant_r0_v3f000000,1,,[]
519,0,1,3550,constant,constant,omega_constant_r0_v3d372713,1,,[]
520,0,1,3551,constant,constant,omega_constant_r0_v3f4c422a,1,,[]
521,0,1,3561,matvec Q4_0,keep::reduce fold,omega_reduce_r3_o2_n2_multiply_add_zero_epi9_fused_identity_o9__multiply_o5_o6__multiply_s1_o4__multiply_s2_o3__add_s3_o2__multiply_s4_o1__tanh_s5__add_s6_o0__multiply_o7_o8__multiply_s7_s8__multiply_s0_s9,761856,unpacked|Q4_0,[971, 1536, 12288]
522,0,1,3563,matvec Q4_0,keep::reduce fold,omega_reduce_r3_o2_n2_multiply_add_zero,95232,Q4_0|unpacked,[971, 12288, 1536]
523,0,1,3573,RMSNorm sumsq + fused epilogue,keep::reduce fold,omega_reduce_r2_o1_n2_multiply_add_zero_epi5_fused_identity_o5__multiply_s0_o4__add_s1_o3__square_root_s2__reciprocal_s3__multiply_s4_o2__multiply_s5_o1__add_s6_o0,248576,unpacked|unpacked,[971, 1536]
524,0,1,3577,constant,constant,omega_constant_r0_v3f000000,1,,[]
525,0,1,3578,constant,constant,omega_constant_r0_v3d372713,1,,[]
526,0,1,3579,constant,constant,omega_constant_r0_v3f4c422a,1,,[]
527,0,1,3589,matvec Q4_0,keep::reduce fold,omega_reduce_r3_o2_n2_multiply_add_zero_epi5_fused_identity_o5__identity_o0__multiply_s0_s0__multiply_s0_s2__multiply_s3_o3__add_s0_s4__multiply_s5_o2__tanh_s6__add_s7_o1__multiply_s0_o4__multiply_s8_s9__multiply_s1_s10,15872,unpacked|Q4_0,[971, 1536, 256]
528,0,1,3592,matvec Q4_0,keep::reduce fold,omega_reduce_r3_o2_n2_multiply_add_zero,95232,unpacked|Q4_0,[971, 256, 1536]
529,0,1,3604,RMSNorm sumsq + fused epilogue,keep::reduce fold,omega_reduce_r2_o1_n2_multiply_add_zero_epi6_fused_identity_o6__multiply_s0_o4__add_s1_o3__square_root_s2__reciprocal_s3__multiply_s4_o2__multiply_s5_o1__add_s6_o0__multiply_s7_o5,248576,unpacked|unpacked,[971, 1536]
530,0,1,3619,RMSNorm sumsq + fused epilogue,keep::reduce fold,omega_reduce_r2_o1_n2_multiply_add_zero_epi4_fused_identity_o4__multiply_s0_o3__add_s1_o2__square_root_s2__reciprocal_s3__multiply_s4_o1__multiply_s5_o0,248576,unpacked|unpacked,[971, 1536]
531,0,1,3621,matvec Q4_0,keep::reduce fold,omega_reduce_r4_o3_n2_multiply_add_zero,126976,Q4_0|unpacked,[971, 8, 256, 1536]
532,0,1,3629,RMSNorm sumsq + fused epilogue,keep::reduce fold,omega_reduce_r3_o2_n2_multiply_add_zero_epi4_fused_identity_o4__multiply_s0_o3__add_s1_o2__square_root_s2__reciprocal_s3__multiply_s4_o1__multiply_s5_o0,497152,unpacked|unpacked,[971, 8, 256]
533,0,1,3632,UNCLASSIFIED omega_elementwise_twin_r3_n4_fused_multiply_o0_o1__multiply_o2_o3__subtract_s0_s1_fused_multiply_o0_o3__multiply_o2_o1__add_s0_s1,elementwise_twin,omega_elementwise_twin_r3_n4_fused_multiply_o0_o1__multiply_o2_o3__subtract_s0_s1_fused_multiply_o0_o3__multiply_o2_o1__add_s0_s1,994304,unpacked|unpacked|unpacked|unpacked,[971, 8, 128]
534,0,1,3668,cached attention partial,cached_attention,omega_cached_attention_h1_g8_d256_s3f800000_ln511_up0_r2_n4_b128_rt,62208,unpacked|unpacked|unpacked|unpacked|unpacked|unpacked|unpacked|unpacked|unpacked,[971, 1, 8, 256]
535,0,1,3670,matvec Q4_0,keep::reduce fold,omega_reduce_r5_o2_n2_multiply_add_zero,95232,Q4_0|unpacked,[971, 1, 8, 256, 1536]
536,0,1,3679,RMSNorm sumsq + fused epilogue,keep::reduce fold,omega_reduce_r2_o1_n2_multiply_add_zero_epi5_fused_identity_o5__multiply_s0_o4__add_s1_o3__square_root_s2__reciprocal_s3__multiply_s4_o2__multiply_s5_o1__add_s6_o0,248576,unpacked|unpacked,[971, 1536]
537,0,1,3687,RMSNorm sumsq + fused epilogue,keep::reduce fold,omega_reduce_r2_o1_n2_multiply_add_zero_epi4_fused_identity_o4__multiply_s0_o3__add_s1_o2__square_root_s2__reciprocal_s3__multiply_s4_o1__multiply_s5_o0,248576,unpacked|unpacked,[971, 1536]
538,0,1,3692,matvec Q4_0,keep::reduce fold,omega_reduce_r3_o2_n2_multiply_add_zero,761856,unpacked|Q4_0,[971, 1536, 12288]
539,0,1,3695,constant,constant,omega_constant_r0_v3f000000,1,,[]
540,0,1,3696,constant,constant,omega_constant_r0_v3d372713,1,,[]
541,0,1,3697,constant,constant,omega_constant_r0_v3f4c422a,1,,[]
542,0,1,3707,matvec Q4_0,keep::reduce fold,omega_reduce_r3_o2_n2_multiply_add_zero_epi9_fused_identity_o9__multiply_o5_o6__multiply_s1_o4__multiply_s2_o3__add_s3_o2__multiply_s4_o1__tanh_s5__add_s6_o0__multiply_o7_o8__multiply_s7_s8__multiply_s0_s9,761856,unpacked|Q4_0,[971, 1536, 12288]
543,0,1,3709,matvec Q4_0,keep::reduce fold,omega_reduce_r3_o2_n2_multiply_add_zero,95232,Q4_0|unpacked,[971, 12288, 1536]
544,0,1,3719,RMSNorm sumsq + fused epilogue,keep::reduce fold,omega_reduce_r2_o1_n2_multiply_add_zero_epi5_fused_identity_o5__multiply_s0_o4__add_s1_o3__square_root_s2__reciprocal_s3__multiply_s4_o2__multiply_s5_o1__add_s6_o0,248576,unpacked|unpacked,[971, 1536]
545,0,1,3723,constant,constant,omega_constant_r0_v3f000000,1,,[]
546,0,1,3724,constant,constant,omega_constant_r0_v3d372713,1,,[]
547,0,1,3725,constant,constant,omega_constant_r0_v3f4c422a,1,,[]
548,0,1,3735,matvec Q4_0,keep::reduce fold,omega_reduce_r3_o2_n2_multiply_add_zero_epi5_fused_identity_o5__identity_o0__multiply_s0_s0__multiply_s0_s2__multiply_s3_o3__add_s0_s4__multiply_s5_o2__tanh_s6__add_s7_o1__multiply_s0_o4__multiply_s8_s9__multiply_s1_s10,15872,unpacked|Q4_0,[971, 1536, 256]
549,0,1,3738,matvec Q4_0,keep::reduce fold,omega_reduce_r3_o2_n2_multiply_add_zero,95232,unpacked|Q4_0,[971, 256, 1536]
550,0,1,3750,RMSNorm sumsq + fused epilogue,keep::reduce fold,omega_reduce_r2_o1_n2_multiply_add_zero_epi6_fused_identity_o6__multiply_s0_o4__add_s1_o3__square_root_s2__reciprocal_s3__multiply_s4_o2__multiply_s5_o1__add_s6_o0__multiply_s7_o5,248576,unpacked|unpacked,[971, 1536]
551,0,1,3765,RMSNorm sumsq + fused epilogue,keep::reduce fold,omega_reduce_r2_o1_n2_multiply_add_zero_epi4_fused_identity_o4__multiply_s0_o3__add_s1_o2__square_root_s2__reciprocal_s3__multiply_s4_o1__multiply_s5_o0,248576,unpacked|unpacked,[971, 1536]
552,0,1,3767,matvec Q4_0,keep::reduce fold,omega_reduce_r4_o3_n2_multiply_add_zero,126976,Q4_0|unpacked,[971, 8, 256, 1536]
553,0,1,3775,RMSNorm sumsq + fused epilogue,keep::reduce fold,omega_reduce_r3_o2_n2_multiply_add_zero_epi4_fused_identity_o4__multiply_s0_o3__add_s1_o2__square_root_s2__reciprocal_s3__multiply_s4_o1__multiply_s5_o0,497152,unpacked|unpacked,[971, 8, 256]
554,0,1,3778,UNCLASSIFIED omega_elementwise_twin_r3_n4_fused_multiply_o0_o1__multiply_o2_o3__subtract_s0_s1_fused_multiply_o0_o3__multiply_o2_o1__add_s0_s1,elementwise_twin,omega_elementwise_twin_r3_n4_fused_multiply_o0_o1__multiply_o2_o3__subtract_s0_s1_fused_multiply_o0_o3__multiply_o2_o1__add_s0_s1,994304,unpacked|unpacked|unpacked|unpacked,[971, 8, 128]
555,0,1,3814,cached attention partial,cached_attention,omega_cached_attention_h1_g8_d256_s3f800000_ln511_up0_r2_n4_b128_rt,62208,unpacked|unpacked|unpacked|unpacked|unpacked|unpacked|unpacked|unpacked|unpacked,[971, 1, 8, 256]
556,0,1,3816,matvec Q4_0,keep::reduce fold,omega_reduce_r5_o2_n2_multiply_add_zero,95232,Q4_0|unpacked,[971, 1, 8, 256, 1536]
557,0,1,3825,RMSNorm sumsq + fused epilogue,keep::reduce fold,omega_reduce_r2_o1_n2_multiply_add_zero_epi5_fused_identity_o5__multiply_s0_o4__add_s1_o3__square_root_s2__reciprocal_s3__multiply_s4_o2__multiply_s5_o1__add_s6_o0,248576,unpacked|unpacked,[971, 1536]
558,0,1,3833,RMSNorm sumsq + fused epilogue,keep::reduce fold,omega_reduce_r2_o1_n2_multiply_add_zero_epi4_fused_identity_o4__multiply_s0_o3__add_s1_o2__square_root_s2__reciprocal_s3__multiply_s4_o1__multiply_s5_o0,248576,unpacked|unpacked,[971, 1536]
559,0,1,3838,matvec Q4_0,keep::reduce fold,omega_reduce_r3_o2_n2_multiply_add_zero,761856,unpacked|Q4_0,[971, 1536, 12288]
560,0,1,3841,constant,constant,omega_constant_r0_v3f000000,1,,[]
561,0,1,3842,constant,constant,omega_constant_r0_v3d372713,1,,[]
562,0,1,3843,constant,constant,omega_constant_r0_v3f4c422a,1,,[]
563,0,1,3853,matvec Q4_0,keep::reduce fold,omega_reduce_r3_o2_n2_multiply_add_zero_epi9_fused_identity_o9__multiply_o5_o6__multiply_s1_o4__multiply_s2_o3__add_s3_o2__multiply_s4_o1__tanh_s5__add_s6_o0__multiply_o7_o8__multiply_s7_s8__multiply_s0_s9,761856,unpacked|Q4_0,[971, 1536, 12288]
564,0,1,3855,matvec Q4_0,keep::reduce fold,omega_reduce_r3_o2_n2_multiply_add_zero,95232,Q4_0|unpacked,[971, 12288, 1536]
565,0,1,3865,RMSNorm sumsq + fused epilogue,keep::reduce fold,omega_reduce_r2_o1_n2_multiply_add_zero_epi5_fused_identity_o5__multiply_s0_o4__add_s1_o3__square_root_s2__reciprocal_s3__multiply_s4_o2__multiply_s5_o1__add_s6_o0,248576,unpacked|unpacked,[971, 1536]
566,0,1,3869,constant,constant,omega_constant_r0_v3f000000,1,,[]
567,0,1,3870,constant,constant,omega_constant_r0_v3d372713,1,,[]
568,0,1,3871,constant,constant,omega_constant_r0_v3f4c422a,1,,[]
569,0,1,3881,matvec Q4_0,keep::reduce fold,omega_reduce_r3_o2_n2_multiply_add_zero_epi5_fused_identity_o5__identity_o0__multiply_s0_s0__multiply_s0_s2__multiply_s3_o3__add_s0_s4__multiply_s5_o2__tanh_s6__add_s7_o1__multiply_s0_o4__multiply_s8_s9__multiply_s1_s10,15872,unpacked|Q4_0,[971, 1536, 256]
570,0,1,3884,matvec Q4_0,keep::reduce fold,omega_reduce_r3_o2_n2_multiply_add_zero,95232,unpacked|Q4_0,[971, 256, 1536]
571,0,1,3896,RMSNorm sumsq + fused epilogue,keep::reduce fold,omega_reduce_r2_o1_n2_multiply_add_zero_epi6_fused_identity_o6__multiply_s0_o4__add_s1_o3__square_root_s2__reciprocal_s3__multiply_s4_o2__multiply_s5_o1__add_s6_o0__multiply_s7_o5,248576,unpacked|unpacked,[971, 1536]
572,0,1,3911,RMSNorm sumsq + fused epilogue,keep::reduce fold,omega_reduce_r2_o1_n2_multiply_add_zero_epi4_fused_identity_o4__multiply_s0_o3__add_s1_o2__square_root_s2__reciprocal_s3__multiply_s4_o1__multiply_s5_o0,248576,unpacked|unpacked,[971, 1536]
573,0,1,3913,matvec Q4_0,keep::reduce fold,omega_reduce_r4_o3_n2_multiply_add_zero,126976,Q4_0|unpacked,[971, 8, 256, 1536]
574,0,1,3921,RMSNorm sumsq + fused epilogue,keep::reduce fold,omega_reduce_r3_o2_n2_multiply_add_zero_epi4_fused_identity_o4__multiply_s0_o3__add_s1_o2__square_root_s2__reciprocal_s3__multiply_s4_o1__multiply_s5_o0,497152,unpacked|unpacked,[971, 8, 256]
575,0,1,3924,UNCLASSIFIED omega_elementwise_twin_r3_n4_fused_multiply_o0_o1__multiply_o2_o3__subtract_s0_s1_fused_multiply_o0_o3__multiply_o2_o1__add_s0_s1,elementwise_twin,omega_elementwise_twin_r3_n4_fused_multiply_o0_o1__multiply_o2_o3__subtract_s0_s1_fused_multiply_o0_o3__multiply_o2_o1__add_s0_s1,994304,unpacked|unpacked|unpacked|unpacked,[971, 8, 128]
576,0,1,3960,cached attention partial,cached_attention,omega_cached_attention_h1_g8_d256_s3f800000_ln511_up0_r2_n4_b128_rt,62208,unpacked|unpacked|unpacked|unpacked|unpacked|unpacked|unpacked|unpacked|unpacked,[971, 1, 8, 256]
577,0,1,3962,matvec Q4_0,keep::reduce fold,omega_reduce_r5_o2_n2_multiply_add_zero,95232,Q4_0|unpacked,[971, 1, 8, 256, 1536]
578,0,1,3971,RMSNorm sumsq + fused epilogue,keep::reduce fold,omega_reduce_r2_o1_n2_multiply_add_zero_epi5_fused_identity_o5__multiply_s0_o4__add_s1_o3__square_root_s2__reciprocal_s3__multiply_s4_o2__multiply_s5_o1__add_s6_o0,248576,unpacked|unpacked,[971, 1536]
579,0,1,3979,RMSNorm sumsq + fused epilogue,keep::reduce fold,omega_reduce_r2_o1_n2_multiply_add_zero_epi4_fused_identity_o4__multiply_s0_o3__add_s1_o2__square_root_s2__reciprocal_s3__multiply_s4_o1__multiply_s5_o0,248576,unpacked|unpacked,[971, 1536]
580,0,1,3984,matvec Q4_0,keep::reduce fold,omega_reduce_r3_o2_n2_multiply_add_zero,761856,unpacked|Q4_0,[971, 1536, 12288]
581,0,1,3987,constant,constant,omega_constant_r0_v3f000000,1,,[]
582,0,1,3988,constant,constant,omega_constant_r0_v3d372713,1,,[]
583,0,1,3989,constant,constant,omega_constant_r0_v3f4c422a,1,,[]
584,0,1,3999,matvec Q4_0,keep::reduce fold,omega_reduce_r3_o2_n2_multiply_add_zero_epi9_fused_identity_o9__multiply_o5_o6__multiply_s1_o4__multiply_s2_o3__add_s3_o2__multiply_s4_o1__tanh_s5__add_s6_o0__multiply_o7_o8__multiply_s7_s8__multiply_s0_s9,761856,unpacked|Q4_0,[971, 1536, 12288]
585,0,1,4001,matvec Q4_0,keep::reduce fold,omega_reduce_r3_o2_n2_multiply_add_zero,95232,Q4_0|unpacked,[971, 12288, 1536]
586,0,1,4011,RMSNorm sumsq + fused epilogue,keep::reduce fold,omega_reduce_r2_o1_n2_multiply_add_zero_epi5_fused_identity_o5__multiply_s0_o4__add_s1_o3__square_root_s2__reciprocal_s3__multiply_s4_o2__multiply_s5_o1__add_s6_o0,248576,unpacked|unpacked,[971, 1536]
587,0,1,4015,constant,constant,omega_constant_r0_v3f000000,1,,[]
588,0,1,4016,constant,constant,omega_constant_r0_v3d372713,1,,[]
589,0,1,4017,constant,constant,omega_constant_r0_v3f4c422a,1,,[]
590,0,1,4027,matvec Q4_0,keep::reduce fold,omega_reduce_r3_o2_n2_multiply_add_zero_epi5_fused_identity_o5__identity_o0__multiply_s0_s0__multiply_s0_s2__multiply_s3_o3__add_s0_s4__multiply_s5_o2__tanh_s6__add_s7_o1__multiply_s0_o4__multiply_s8_s9__multiply_s1_s10,15872,unpacked|Q4_0,[971, 1536, 256]
591,0,1,4030,matvec Q4_0,keep::reduce fold,omega_reduce_r3_o2_n2_multiply_add_zero,95232,unpacked|Q4_0,[971, 256, 1536]
592,0,1,4042,RMSNorm sumsq + fused epilogue,keep::reduce fold,omega_reduce_r2_o1_n2_multiply_add_zero_epi6_fused_identity_o6__multiply_s0_o4__add_s1_o3__square_root_s2__reciprocal_s3__multiply_s4_o2__multiply_s5_o1__add_s6_o0__multiply_s7_o5,248576,unpacked|unpacked,[971, 1536]
593,0,1,4057,RMSNorm sumsq + fused epilogue,keep::reduce fold,omega_reduce_r2_o1_n2_multiply_add_zero_epi4_fused_identity_o4__multiply_s0_o3__add_s1_o2__square_root_s2__reciprocal_s3__multiply_s4_o1__multiply_s5_o0,248576,unpacked|unpacked,[971, 1536]
594,0,1,4059,matvec Q4_0,keep::reduce fold,omega_reduce_r4_o3_n2_multiply_add_zero,253952,Q4_0|unpacked,[971, 8, 512, 1536]
595,0,1,4067,RMSNorm sumsq + fused epilogue,keep::reduce fold,omega_reduce_r3_o2_n2_multiply_add_zero_epi4_fused_identity_o4__multiply_s0_o3__add_s1_o2__square_root_s2__reciprocal_s3__multiply_s4_o1__multiply_s5_o0,994304,unpacked|unpacked,[971, 8, 512]
596,0,1,4070,UNCLASSIFIED omega_elementwise_twin_r3_n4_fused_multiply_o0_o1__multiply_o2_o3__subtract_s0_s1_fused_multiply_o0_o3__multiply_o2_o1__add_s0_s1,elementwise_twin,omega_elementwise_twin_r3_n4_fused_multiply_o0_o1__multiply_o2_o3__subtract_s0_s1_fused_multiply_o0_o3__multiply_o2_o1__add_s0_s1,1988608,unpacked|unpacked|unpacked|unpacked,[971, 8, 256]
597,0,1,4106,cached attention partial,cached_attention,omega_cached_attention_h1_g8_d512_s3f800000_ln9223372036854775808_up0_r2_n8_b128_rt,124416,unpacked|unpacked|unpacked|unpacked|unpacked|unpacked|unpacked|unpacked|unpacked,[971, 1, 8, 512]
598,0,1,4108,matvec Q4_0,keep::reduce fold,omega_reduce_r5_o2_n2_multiply_add_zero,95232,Q4_0|unpacked,[971, 1, 8, 512, 1536]
599,0,1,4117,RMSNorm sumsq + fused epilogue,keep::reduce fold,omega_reduce_r2_o1_n2_multiply_add_zero_epi5_fused_identity_o5__multiply_s0_o4__add_s1_o3__square_root_s2__reciprocal_s3__multiply_s4_o2__multiply_s5_o1__add_s6_o0,248576,unpacked|unpacked,[971, 1536]
600,0,1,4125,RMSNorm sumsq + fused epilogue,keep::reduce fold,omega_reduce_r2_o1_n2_multiply_add_zero_epi4_fused_identity_o4__multiply_s0_o3__add_s1_o2__square_root_s2__reciprocal_s3__multiply_s4_o1__multiply_s5_o0,248576,unpacked|unpacked,[971, 1536]
601,0,1,4130,matvec Q4_0,keep::reduce fold,omega_reduce_r3_o2_n2_multiply_add_zero,761856,unpacked|Q4_0,[971, 1536, 12288]
602,0,1,4133,constant,constant,omega_constant_r0_v3f000000,1,,[]
603,0,1,4134,constant,constant,omega_constant_r0_v3d372713,1,,[]
604,0,1,4135,constant,constant,omega_constant_r0_v3f4c422a,1,,[]
605,0,1,4145,matvec Q4_0,keep::reduce fold,omega_reduce_r3_o2_n2_multiply_add_zero_epi9_fused_identity_o9__multiply_o5_o6__multiply_s1_o4__multiply_s2_o3__add_s3_o2__multiply_s4_o1__tanh_s5__add_s6_o0__multiply_o7_o8__multiply_s7_s8__multiply_s0_s9,761856,unpacked|Q4_0,[971, 1536, 12288]
606,0,1,4147,matvec Q4_0,keep::reduce fold,omega_reduce_r3_o2_n2_multiply_add_zero,95232,Q4_0|unpacked,[971, 12288, 1536]
607,0,1,4157,RMSNorm sumsq + fused epilogue,keep::reduce fold,omega_reduce_r2_o1_n2_multiply_add_zero_epi5_fused_identity_o5__multiply_s0_o4__add_s1_o3__square_root_s2__reciprocal_s3__multiply_s4_o2__multiply_s5_o1__add_s6_o0,248576,unpacked|unpacked,[971, 1536]
608,0,1,4161,constant,constant,omega_constant_r0_v3f000000,1,,[]
609,0,1,4162,constant,constant,omega_constant_r0_v3d372713,1,,[]
610,0,1,4163,constant,constant,omega_constant_r0_v3f4c422a,1,,[]
611,0,1,4173,matvec Q4_0,keep::reduce fold,omega_reduce_r3_o2_n2_multiply_add_zero_epi5_fused_identity_o5__identity_o0__multiply_s0_s0__multiply_s0_s2__multiply_s3_o3__add_s0_s4__multiply_s5_o2__tanh_s6__add_s7_o1__multiply_s0_o4__multiply_s8_s9__multiply_s1_s10,15872,unpacked|Q4_0,[971, 1536, 256]
612,0,1,4176,matvec Q4_0,keep::reduce fold,omega_reduce_r3_o2_n2_multiply_add_zero,95232,unpacked|Q4_0,[971, 256, 1536]
613,0,1,4188,RMSNorm sumsq + fused epilogue,keep::reduce fold,omega_reduce_r2_o1_n2_multiply_add_zero_epi6_fused_identity_o6__multiply_s0_o4__add_s1_o3__square_root_s2__reciprocal_s3__multiply_s4_o2__multiply_s5_o1__add_s6_o0__multiply_s7_o5,248576,unpacked|unpacked,[971, 1536]
614,0,1,4203,RMSNorm sumsq + fused epilogue,keep::reduce fold,omega_reduce_r2_o1_n2_multiply_add_zero_epi4_fused_identity_o4__multiply_s0_o3__add_s1_o2__square_root_s2__reciprocal_s3__multiply_s4_o1__multiply_s5_o0,248576,unpacked|unpacked,[971, 1536]
615,0,1,4205,matvec Q4_0,keep::reduce fold,omega_reduce_r4_o3_n2_multiply_add_zero,126976,Q4_0|unpacked,[971, 8, 256, 1536]
616,0,1,4213,RMSNorm sumsq + fused epilogue,keep::reduce fold,omega_reduce_r3_o2_n2_multiply_add_zero_epi4_fused_identity_o4__multiply_s0_o3__add_s1_o2__square_root_s2__reciprocal_s3__multiply_s4_o1__multiply_s5_o0,497152,unpacked|unpacked,[971, 8, 256]
617,0,1,4216,UNCLASSIFIED omega_elementwise_twin_r3_n4_fused_multiply_o0_o1__multiply_o2_o3__subtract_s0_s1_fused_multiply_o0_o3__multiply_o2_o1__add_s0_s1,elementwise_twin,omega_elementwise_twin_r3_n4_fused_multiply_o0_o1__multiply_o2_o3__subtract_s0_s1_fused_multiply_o0_o3__multiply_o2_o1__add_s0_s1,994304,unpacked|unpacked|unpacked|unpacked,[971, 8, 128]
618,0,1,4252,cached attention partial,cached_attention,omega_cached_attention_h1_g8_d256_s3f800000_ln511_up0_r2_n4_b128_rt,62208,unpacked|unpacked|unpacked|unpacked|unpacked|unpacked|unpacked|unpacked|unpacked,[971, 1, 8, 256]
619,0,1,4254,matvec Q4_0,keep::reduce fold,omega_reduce_r5_o2_n2_multiply_add_zero,95232,Q4_0|unpacked,[971, 1, 8, 256, 1536]
620,0,1,4263,RMSNorm sumsq + fused epilogue,keep::reduce fold,omega_reduce_r2_o1_n2_multiply_add_zero_epi5_fused_identity_o5__multiply_s0_o4__add_s1_o3__square_root_s2__reciprocal_s3__multiply_s4_o2__multiply_s5_o1__add_s6_o0,248576,unpacked|unpacked,[971, 1536]
621,0,1,4271,RMSNorm sumsq + fused epilogue,keep::reduce fold,omega_reduce_r2_o1_n2_multiply_add_zero_epi4_fused_identity_o4__multiply_s0_o3__add_s1_o2__square_root_s2__reciprocal_s3__multiply_s4_o1__multiply_s5_o0,248576,unpacked|unpacked,[971, 1536]
622,0,1,4276,matvec Q4_0,keep::reduce fold,omega_reduce_r3_o2_n2_multiply_add_zero,761856,unpacked|Q4_0,[971, 1536, 12288]
623,0,1,4279,constant,constant,omega_constant_r0_v3f000000,1,,[]
624,0,1,4280,constant,constant,omega_constant_r0_v3d372713,1,,[]
625,0,1,4281,constant,constant,omega_constant_r0_v3f4c422a,1,,[]
626,0,1,4291,matvec Q4_0,keep::reduce fold,omega_reduce_r3_o2_n2_multiply_add_zero_epi9_fused_identity_o9__multiply_o5_o6__multiply_s1_o4__multiply_s2_o3__add_s3_o2__multiply_s4_o1__tanh_s5__add_s6_o0__multiply_o7_o8__multiply_s7_s8__multiply_s0_s9,761856,unpacked|Q4_0,[971, 1536, 12288]
627,0,1,4293,matvec Q4_0,keep::reduce fold,omega_reduce_r3_o2_n2_multiply_add_zero,95232,Q4_0|unpacked,[971, 12288, 1536]
628,0,1,4303,RMSNorm sumsq + fused epilogue,keep::reduce fold,omega_reduce_r2_o1_n2_multiply_add_zero_epi5_fused_identity_o5__multiply_s0_o4__add_s1_o3__square_root_s2__reciprocal_s3__multiply_s4_o2__multiply_s5_o1__add_s6_o0,248576,unpacked|unpacked,[971, 1536]
629,0,1,4307,constant,constant,omega_constant_r0_v3f000000,1,,[]
630,0,1,4308,constant,constant,omega_constant_r0_v3d372713,1,,[]
631,0,1,4309,constant,constant,omega_constant_r0_v3f4c422a,1,,[]
632,0,1,4319,matvec Q4_0,keep::reduce fold,omega_reduce_r3_o2_n2_multiply_add_zero_epi5_fused_identity_o5__identity_o0__multiply_s0_s0__multiply_s0_s2__multiply_s3_o3__add_s0_s4__multiply_s5_o2__tanh_s6__add_s7_o1__multiply_s0_o4__multiply_s8_s9__multiply_s1_s10,15872,unpacked|Q4_0,[971, 1536, 256]
633,0,1,4322,matvec Q4_0,keep::reduce fold,omega_reduce_r3_o2_n2_multiply_add_zero,95232,unpacked|Q4_0,[971, 256, 1536]
634,0,1,4334,RMSNorm sumsq + fused epilogue,keep::reduce fold,omega_reduce_r2_o1_n2_multiply_add_zero_epi6_fused_identity_o6__multiply_s0_o4__add_s1_o3__square_root_s2__reciprocal_s3__multiply_s4_o2__multiply_s5_o1__add_s6_o0__multiply_s7_o5,248576,unpacked|unpacked,[971, 1536]
635,0,1,4349,RMSNorm sumsq + fused epilogue,keep::reduce fold,omega_reduce_r2_o1_n2_multiply_add_zero_epi4_fused_identity_o4__multiply_s0_o3__add_s1_o2__square_root_s2__reciprocal_s3__multiply_s4_o1__multiply_s5_o0,248576,unpacked|unpacked,[971, 1536]
636,0,1,4351,matvec Q4_0,keep::reduce fold,omega_reduce_r4_o3_n2_multiply_add_zero,126976,Q4_0|unpacked,[971, 8, 256, 1536]
637,0,1,4359,RMSNorm sumsq + fused epilogue,keep::reduce fold,omega_reduce_r3_o2_n2_multiply_add_zero_epi4_fused_identity_o4__multiply_s0_o3__add_s1_o2__square_root_s2__reciprocal_s3__multiply_s4_o1__multiply_s5_o0,497152,unpacked|unpacked,[971, 8, 256]
638,0,1,4362,UNCLASSIFIED omega_elementwise_twin_r3_n4_fused_multiply_o0_o1__multiply_o2_o3__subtract_s0_s1_fused_multiply_o0_o3__multiply_o2_o1__add_s0_s1,elementwise_twin,omega_elementwise_twin_r3_n4_fused_multiply_o0_o1__multiply_o2_o3__subtract_s0_s1_fused_multiply_o0_o3__multiply_o2_o1__add_s0_s1,994304,unpacked|unpacked|unpacked|unpacked,[971, 8, 128]
639,0,1,4398,cached attention partial,cached_attention,omega_cached_attention_h1_g8_d256_s3f800000_ln511_up0_r2_n4_b128_rt,62208,unpacked|unpacked|unpacked|unpacked|unpacked|unpacked|unpacked|unpacked|unpacked,[971, 1, 8, 256]
640,0,1,4400,matvec Q4_0,keep::reduce fold,omega_reduce_r5_o2_n2_multiply_add_zero,95232,Q4_0|unpacked,[971, 1, 8, 256, 1536]
641,0,1,4409,RMSNorm sumsq + fused epilogue,keep::reduce fold,omega_reduce_r2_o1_n2_multiply_add_zero_epi5_fused_identity_o5__multiply_s0_o4__add_s1_o3__square_root_s2__reciprocal_s3__multiply_s4_o2__multiply_s5_o1__add_s6_o0,248576,unpacked|unpacked,[971, 1536]
642,0,1,4417,RMSNorm sumsq + fused epilogue,keep::reduce fold,omega_reduce_r2_o1_n2_multiply_add_zero_epi4_fused_identity_o4__multiply_s0_o3__add_s1_o2__square_root_s2__reciprocal_s3__multiply_s4_o1__multiply_s5_o0,248576,unpacked|unpacked,[971, 1536]
643,0,1,4422,matvec Q4_0,keep::reduce fold,omega_reduce_r3_o2_n2_multiply_add_zero,761856,unpacked|Q4_0,[971, 1536, 12288]
644,0,1,4425,constant,constant,omega_constant_r0_v3f000000,1,,[]
645,0,1,4426,constant,constant,omega_constant_r0_v3d372713,1,,[]
646,0,1,4427,constant,constant,omega_constant_r0_v3f4c422a,1,,[]
647,0,1,4437,matvec Q4_0,keep::reduce fold,omega_reduce_r3_o2_n2_multiply_add_zero_epi9_fused_identity_o9__multiply_o5_o6__multiply_s1_o4__multiply_s2_o3__add_s3_o2__multiply_s4_o1__tanh_s5__add_s6_o0__multiply_o7_o8__multiply_s7_s8__multiply_s0_s9,761856,unpacked|Q4_0,[971, 1536, 12288]
648,0,1,4439,matvec Q4_0,keep::reduce fold,omega_reduce_r3_o2_n2_multiply_add_zero,95232,Q4_0|unpacked,[971, 12288, 1536]
649,0,1,4449,RMSNorm sumsq + fused epilogue,keep::reduce fold,omega_reduce_r2_o1_n2_multiply_add_zero_epi5_fused_identity_o5__multiply_s0_o4__add_s1_o3__square_root_s2__reciprocal_s3__multiply_s4_o2__multiply_s5_o1__add_s6_o0,248576,unpacked|unpacked,[971, 1536]
650,0,1,4453,constant,constant,omega_constant_r0_v3f000000,1,,[]
651,0,1,4454,constant,constant,omega_constant_r0_v3d372713,1,,[]
652,0,1,4455,constant,constant,omega_constant_r0_v3f4c422a,1,,[]
653,0,1,4465,matvec Q4_0,keep::reduce fold,omega_reduce_r3_o2_n2_multiply_add_zero_epi5_fused_identity_o5__identity_o0__multiply_s0_s0__multiply_s0_s2__multiply_s3_o3__add_s0_s4__multiply_s5_o2__tanh_s6__add_s7_o1__multiply_s0_o4__multiply_s8_s9__multiply_s1_s10,15872,unpacked|Q4_0,[971, 1536, 256]
654,0,1,4468,matvec Q4_0,keep::reduce fold,omega_reduce_r3_o2_n2_multiply_add_zero,95232,unpacked|Q4_0,[971, 256, 1536]
655,0,1,4480,RMSNorm sumsq + fused epilogue,keep::reduce fold,omega_reduce_r2_o1_n2_multiply_add_zero_epi6_fused_identity_o6__multiply_s0_o4__add_s1_o3__square_root_s2__reciprocal_s3__multiply_s4_o2__multiply_s5_o1__add_s6_o0__multiply_s7_o5,248576,unpacked|unpacked,[971, 1536]
656,0,1,4495,RMSNorm sumsq + fused epilogue,keep::reduce fold,omega_reduce_r2_o1_n2_multiply_add_zero_epi4_fused_identity_o4__multiply_s0_o3__add_s1_o2__square_root_s2__reciprocal_s3__multiply_s4_o1__multiply_s5_o0,248576,unpacked|unpacked,[971, 1536]
657,0,1,4497,matvec Q4_0,keep::reduce fold,omega_reduce_r4_o3_n2_multiply_add_zero,126976,Q4_0|unpacked,[971, 8, 256, 1536]
658,0,1,4505,RMSNorm sumsq + fused epilogue,keep::reduce fold,omega_reduce_r3_o2_n2_multiply_add_zero_epi4_fused_identity_o4__multiply_s0_o3__add_s1_o2__square_root_s2__reciprocal_s3__multiply_s4_o1__multiply_s5_o0,497152,unpacked|unpacked,[971, 8, 256]
659,0,1,4508,UNCLASSIFIED omega_elementwise_twin_r3_n4_fused_multiply_o0_o1__multiply_o2_o3__subtract_s0_s1_fused_multiply_o0_o3__multiply_o2_o1__add_s0_s1,elementwise_twin,omega_elementwise_twin_r3_n4_fused_multiply_o0_o1__multiply_o2_o3__subtract_s0_s1_fused_multiply_o0_o3__multiply_o2_o1__add_s0_s1,994304,unpacked|unpacked|unpacked|unpacked,[971, 8, 128]
660,0,1,4544,cached attention partial,cached_attention,omega_cached_attention_h1_g8_d256_s3f800000_ln511_up0_r2_n4_b128_rt,62208,unpacked|unpacked|unpacked|unpacked|unpacked|unpacked|unpacked|unpacked|unpacked,[971, 1, 8, 256]
661,0,1,4546,matvec Q4_0,keep::reduce fold,omega_reduce_r5_o2_n2_multiply_add_zero,95232,Q4_0|unpacked,[971, 1, 8, 256, 1536]
662,0,1,4555,RMSNorm sumsq + fused epilogue,keep::reduce fold,omega_reduce_r2_o1_n2_multiply_add_zero_epi5_fused_identity_o5__multiply_s0_o4__add_s1_o3__square_root_s2__reciprocal_s3__multiply_s4_o2__multiply_s5_o1__add_s6_o0,248576,unpacked|unpacked,[971, 1536]
663,0,1,4563,RMSNorm sumsq + fused epilogue,keep::reduce fold,omega_reduce_r2_o1_n2_multiply_add_zero_epi4_fused_identity_o4__multiply_s0_o3__add_s1_o2__square_root_s2__reciprocal_s3__multiply_s4_o1__multiply_s5_o0,248576,unpacked|unpacked,[971, 1536]
664,0,1,4568,matvec Q4_0,keep::reduce fold,omega_reduce_r3_o2_n2_multiply_add_zero,761856,unpacked|Q4_0,[971, 1536, 12288]
665,0,1,4571,constant,constant,omega_constant_r0_v3f000000,1,,[]
666,0,1,4572,constant,constant,omega_constant_r0_v3d372713,1,,[]
667,0,1,4573,constant,constant,omega_constant_r0_v3f4c422a,1,,[]
668,0,1,4583,matvec Q4_0,keep::reduce fold,omega_reduce_r3_o2_n2_multiply_add_zero_epi9_fused_identity_o9__multiply_o5_o6__multiply_s1_o4__multiply_s2_o3__add_s3_o2__multiply_s4_o1__tanh_s5__add_s6_o0__multiply_o7_o8__multiply_s7_s8__multiply_s0_s9,761856,unpacked|Q4_0,[971, 1536, 12288]
669,0,1,4585,matvec Q4_0,keep::reduce fold,omega_reduce_r3_o2_n2_multiply_add_zero,95232,Q4_0|unpacked,[971, 12288, 1536]
670,0,1,4595,RMSNorm sumsq + fused epilogue,keep::reduce fold,omega_reduce_r2_o1_n2_multiply_add_zero_epi5_fused_identity_o5__multiply_s0_o4__add_s1_o3__square_root_s2__reciprocal_s3__multiply_s4_o2__multiply_s5_o1__add_s6_o0,248576,unpacked|unpacked,[971, 1536]
671,0,1,4599,constant,constant,omega_constant_r0_v3f000000,1,,[]
672,0,1,4600,constant,constant,omega_constant_r0_v3d372713,1,,[]
673,0,1,4601,constant,constant,omega_constant_r0_v3f4c422a,1,,[]
674,0,1,4611,matvec Q4_0,keep::reduce fold,omega_reduce_r3_o2_n2_multiply_add_zero_epi5_fused_identity_o5__identity_o0__multiply_s0_s0__multiply_s0_s2__multiply_s3_o3__add_s0_s4__multiply_s5_o2__tanh_s6__add_s7_o1__multiply_s0_o4__multiply_s8_s9__multiply_s1_s10,15872,unpacked|Q4_0,[971, 1536, 256]
675,0,1,4614,matvec Q4_0,keep::reduce fold,omega_reduce_r3_o2_n2_multiply_add_zero,95232,unpacked|Q4_0,[971, 256, 1536]
676,0,1,4626,RMSNorm sumsq + fused epilogue,keep::reduce fold,omega_reduce_r2_o1_n2_multiply_add_zero_epi6_fused_identity_o6__multiply_s0_o4__add_s1_o3__square_root_s2__reciprocal_s3__multiply_s4_o2__multiply_s5_o1__add_s6_o0__multiply_s7_o5,248576,unpacked|unpacked,[971, 1536]
677,0,1,4641,RMSNorm sumsq + fused epilogue,keep::reduce fold,omega_reduce_r2_o1_n2_multiply_add_zero_epi4_fused_identity_o4__multiply_s0_o3__add_s1_o2__square_root_s2__reciprocal_s3__multiply_s4_o1__multiply_s5_o0,248576,unpacked|unpacked,[971, 1536]
678,0,1,4643,matvec Q4_0,keep::reduce fold,omega_reduce_r4_o3_n2_multiply_add_zero,126976,Q4_0|unpacked,[971, 8, 256, 1536]
679,0,1,4651,RMSNorm sumsq + fused epilogue,keep::reduce fold,omega_reduce_r3_o2_n2_multiply_add_zero_epi4_fused_identity_o4__multiply_s0_o3__add_s1_o2__square_root_s2__reciprocal_s3__multiply_s4_o1__multiply_s5_o0,497152,unpacked|unpacked,[971, 8, 256]
680,0,1,4654,UNCLASSIFIED omega_elementwise_twin_r3_n4_fused_multiply_o0_o1__multiply_o2_o3__subtract_s0_s1_fused_multiply_o0_o3__multiply_o2_o1__add_s0_s1,elementwise_twin,omega_elementwise_twin_r3_n4_fused_multiply_o0_o1__multiply_o2_o3__subtract_s0_s1_fused_multiply_o0_o3__multiply_o2_o1__add_s0_s1,994304,unpacked|unpacked|unpacked|unpacked,[971, 8, 128]
681,0,1,4690,cached attention partial,cached_attention,omega_cached_attention_h1_g8_d256_s3f800000_ln511_up0_r2_n4_b128_rt,62208,unpacked|unpacked|unpacked|unpacked|unpacked|unpacked|unpacked|unpacked|unpacked,[971, 1, 8, 256]
682,0,1,4692,matvec Q4_0,keep::reduce fold,omega_reduce_r5_o2_n2_multiply_add_zero,95232,Q4_0|unpacked,[971, 1, 8, 256, 1536]
683,0,1,4701,RMSNorm sumsq + fused epilogue,keep::reduce fold,omega_reduce_r2_o1_n2_multiply_add_zero_epi5_fused_identity_o5__multiply_s0_o4__add_s1_o3__square_root_s2__reciprocal_s3__multiply_s4_o2__multiply_s5_o1__add_s6_o0,248576,unpacked|unpacked,[971, 1536]
684,0,1,4709,RMSNorm sumsq + fused epilogue,keep::reduce fold,omega_reduce_r2_o1_n2_multiply_add_zero_epi4_fused_identity_o4__multiply_s0_o3__add_s1_o2__square_root_s2__reciprocal_s3__multiply_s4_o1__multiply_s5_o0,248576,unpacked|unpacked,[971, 1536]
685,0,1,4714,matvec Q4_0,keep::reduce fold,omega_reduce_r3_o2_n2_multiply_add_zero,761856,unpacked|Q4_0,[971, 1536, 12288]
686,0,1,4717,constant,constant,omega_constant_r0_v3f000000,1,,[]
687,0,1,4718,constant,constant,omega_constant_r0_v3d372713,1,,[]
688,0,1,4719,constant,constant,omega_constant_r0_v3f4c422a,1,,[]
689,0,1,4729,matvec Q4_0,keep::reduce fold,omega_reduce_r3_o2_n2_multiply_add_zero_epi9_fused_identity_o9__multiply_o5_o6__multiply_s1_o4__multiply_s2_o3__add_s3_o2__multiply_s4_o1__tanh_s5__add_s6_o0__multiply_o7_o8__multiply_s7_s8__multiply_s0_s9,761856,unpacked|Q4_0,[971, 1536, 12288]
690,0,1,4731,matvec Q4_0,keep::reduce fold,omega_reduce_r3_o2_n2_multiply_add_zero,95232,Q4_0|unpacked,[971, 12288, 1536]
691,0,1,4741,RMSNorm sumsq + fused epilogue,keep::reduce fold,omega_reduce_r2_o1_n2_multiply_add_zero_epi5_fused_identity_o5__multiply_s0_o4__add_s1_o3__square_root_s2__reciprocal_s3__multiply_s4_o2__multiply_s5_o1__add_s6_o0,248576,unpacked|unpacked,[971, 1536]
692,0,1,4745,constant,constant,omega_constant_r0_v3f000000,1,,[]
693,0,1,4746,constant,constant,omega_constant_r0_v3d372713,1,,[]
694,0,1,4747,constant,constant,omega_constant_r0_v3f4c422a,1,,[]
695,0,1,4757,matvec Q4_0,keep::reduce fold,omega_reduce_r3_o2_n2_multiply_add_zero_epi5_fused_identity_o5__identity_o0__multiply_s0_s0__multiply_s0_s2__multiply_s3_o3__add_s0_s4__multiply_s5_o2__tanh_s6__add_s7_o1__multiply_s0_o4__multiply_s8_s9__multiply_s1_s10,15872,unpacked|Q4_0,[971, 1536, 256]
696,0,1,4760,matvec Q4_0,keep::reduce fold,omega_reduce_r3_o2_n2_multiply_add_zero,95232,unpacked|Q4_0,[971, 256, 1536]
697,0,1,4772,RMSNorm sumsq + fused epilogue,keep::reduce fold,omega_reduce_r2_o1_n2_multiply_add_zero_epi6_fused_identity_o6__multiply_s0_o4__add_s1_o3__square_root_s2__reciprocal_s3__multiply_s4_o2__multiply_s5_o1__add_s6_o0__multiply_s7_o5,248576,unpacked|unpacked,[971, 1536]
698,0,1,4787,RMSNorm sumsq + fused epilogue,keep::reduce fold,omega_reduce_r2_o1_n2_multiply_add_zero_epi4_fused_identity_o4__multiply_s0_o3__add_s1_o2__square_root_s2__reciprocal_s3__multiply_s4_o1__multiply_s5_o0,248576,unpacked|unpacked,[971, 1536]
699,0,1,4789,matvec Q4_0,keep::reduce fold,omega_reduce_r4_o3_n2_multiply_add_zero,253952,Q4_0|unpacked,[971, 8, 512, 1536]
700,0,1,4797,RMSNorm sumsq + fused epilogue,keep::reduce fold,omega_reduce_r3_o2_n2_multiply_add_zero_epi4_fused_identity_o4__multiply_s0_o3__add_s1_o2__square_root_s2__reciprocal_s3__multiply_s4_o1__multiply_s5_o0,994304,unpacked|unpacked,[971, 8, 512]
701,0,1,4800,UNCLASSIFIED omega_elementwise_twin_r3_n4_fused_multiply_o0_o1__multiply_o2_o3__subtract_s0_s1_fused_multiply_o0_o3__multiply_o2_o1__add_s0_s1,elementwise_twin,omega_elementwise_twin_r3_n4_fused_multiply_o0_o1__multiply_o2_o3__subtract_s0_s1_fused_multiply_o0_o3__multiply_o2_o1__add_s0_s1,1988608,unpacked|unpacked|unpacked|unpacked,[971, 8, 256]
702,0,1,4836,cached attention partial,cached_attention,omega_cached_attention_h1_g8_d512_s3f800000_ln9223372036854775808_up0_r2_n8_b128_rt,124416,unpacked|unpacked|unpacked|unpacked|unpacked|unpacked|unpacked|unpacked|unpacked,[971, 1, 8, 512]
703,0,1,4838,matvec Q4_0,keep::reduce fold,omega_reduce_r5_o2_n2_multiply_add_zero,95232,Q4_0|unpacked,[971, 1, 8, 512, 1536]
704,0,1,4847,RMSNorm sumsq + fused epilogue,keep::reduce fold,omega_reduce_r2_o1_n2_multiply_add_zero_epi5_fused_identity_o5__multiply_s0_o4__add_s1_o3__square_root_s2__reciprocal_s3__multiply_s4_o2__multiply_s5_o1__add_s6_o0,248576,unpacked|unpacked,[971, 1536]
705,0,1,4855,RMSNorm sumsq + fused epilogue,keep::reduce fold,omega_reduce_r2_o1_n2_multiply_add_zero_epi4_fused_identity_o4__multiply_s0_o3__add_s1_o2__square_root_s2__reciprocal_s3__multiply_s4_o1__multiply_s5_o0,248576,unpacked|unpacked,[971, 1536]
706,0,1,4860,matvec Q4_0,keep::reduce fold,omega_reduce_r3_o2_n2_multiply_add_zero,761856,unpacked|Q4_0,[971, 1536, 12288]
707,0,1,4863,constant,constant,omega_constant_r0_v3f000000,1,,[]
708,0,1,4864,constant,constant,omega_constant_r0_v3d372713,1,,[]
709,0,1,4865,constant,constant,omega_constant_r0_v3f4c422a,1,,[]
710,0,1,4875,matvec Q4_0,keep::reduce fold,omega_reduce_r3_o2_n2_multiply_add_zero_epi9_fused_identity_o9__multiply_o5_o6__multiply_s1_o4__multiply_s2_o3__add_s3_o2__multiply_s4_o1__tanh_s5__add_s6_o0__multiply_o7_o8__multiply_s7_s8__multiply_s0_s9,761856,unpacked|Q4_0,[971, 1536, 12288]
711,0,1,4877,matvec Q4_0,keep::reduce fold,omega_reduce_r3_o2_n2_multiply_add_zero,95232,Q4_0|unpacked,[971, 12288, 1536]
712,0,1,4887,RMSNorm sumsq + fused epilogue,keep::reduce fold,omega_reduce_r2_o1_n2_multiply_add_zero_epi5_fused_identity_o5__multiply_s0_o4__add_s1_o3__square_root_s2__reciprocal_s3__multiply_s4_o2__multiply_s5_o1__add_s6_o0,248576,unpacked|unpacked,[971, 1536]
713,0,1,4891,constant,constant,omega_constant_r0_v3f000000,1,,[]
714,0,1,4892,constant,constant,omega_constant_r0_v3d372713,1,,[]
715,0,1,4893,constant,constant,omega_constant_r0_v3f4c422a,1,,[]
716,0,1,4903,matvec Q4_0,keep::reduce fold,omega_reduce_r3_o2_n2_multiply_add_zero_epi5_fused_identity_o5__identity_o0__multiply_s0_s0__multiply_s0_s2__multiply_s3_o3__add_s0_s4__multiply_s5_o2__tanh_s6__add_s7_o1__multiply_s0_o4__multiply_s8_s9__multiply_s1_s10,15872,unpacked|Q4_0,[971, 1536, 256]
717,0,1,4906,matvec Q4_0,keep::reduce fold,omega_reduce_r3_o2_n2_multiply_add_zero,95232,unpacked|Q4_0,[971, 256, 1536]
718,0,1,4918,RMSNorm sumsq + fused epilogue,keep::reduce fold,omega_reduce_r2_o1_n2_multiply_add_zero_epi6_fused_identity_o6__multiply_s0_o4__add_s1_o3__square_root_s2__reciprocal_s3__multiply_s4_o2__multiply_s5_o1__add_s6_o0__multiply_s7_o5,248576,unpacked|unpacked,[971, 1536]
719,0,1,4933,RMSNorm sumsq + fused epilogue,keep::reduce fold,omega_reduce_r2_o1_n2_multiply_add_zero_epi4_fused_identity_o4__multiply_s0_o3__add_s1_o2__square_root_s2__reciprocal_s3__multiply_s4_o1__multiply_s5_o0,248576,unpacked|unpacked,[971, 1536]
720,0,1,4935,matvec Q4_0,keep::reduce fold,omega_reduce_r4_o3_n2_multiply_add_zero,126976,Q4_0|unpacked,[971, 8, 256, 1536]
721,0,1,4943,RMSNorm sumsq + fused epilogue,keep::reduce fold,omega_reduce_r3_o2_n2_multiply_add_zero_epi4_fused_identity_o4__multiply_s0_o3__add_s1_o2__square_root_s2__reciprocal_s3__multiply_s4_o1__multiply_s5_o0,497152,unpacked|unpacked,[971, 8, 256]
722,0,1,4946,UNCLASSIFIED omega_elementwise_twin_r3_n4_fused_multiply_o0_o1__multiply_o2_o3__subtract_s0_s1_fused_multiply_o0_o3__multiply_o2_o1__add_s0_s1,elementwise_twin,omega_elementwise_twin_r3_n4_fused_multiply_o0_o1__multiply_o2_o3__subtract_s0_s1_fused_multiply_o0_o3__multiply_o2_o1__add_s0_s1,994304,unpacked|unpacked|unpacked|unpacked,[971, 8, 128]
723,0,1,4982,cached attention partial,cached_attention,omega_cached_attention_h1_g8_d256_s3f800000_ln511_up0_r2_n4_b128_rt,62208,unpacked|unpacked|unpacked|unpacked|unpacked|unpacked|unpacked|unpacked|unpacked,[971, 1, 8, 256]
724,0,1,4984,matvec Q4_0,keep::reduce fold,omega_reduce_r5_o2_n2_multiply_add_zero,95232,Q4_0|unpacked,[971, 1, 8, 256, 1536]
725,0,1,4993,RMSNorm sumsq + fused epilogue,keep::reduce fold,omega_reduce_r2_o1_n2_multiply_add_zero_epi5_fused_identity_o5__multiply_s0_o4__add_s1_o3__square_root_s2__reciprocal_s3__multiply_s4_o2__multiply_s5_o1__add_s6_o0,248576,unpacked|unpacked,[971, 1536]
726,0,1,5001,RMSNorm sumsq + fused epilogue,keep::reduce fold,omega_reduce_r2_o1_n2_multiply_add_zero_epi4_fused_identity_o4__multiply_s0_o3__add_s1_o2__square_root_s2__reciprocal_s3__multiply_s4_o1__multiply_s5_o0,248576,unpacked|unpacked,[971, 1536]
727,0,1,5006,matvec Q4_0,keep::reduce fold,omega_reduce_r3_o2_n2_multiply_add_zero,761856,unpacked|Q4_0,[971, 1536, 12288]
728,0,1,5009,constant,constant,omega_constant_r0_v3f000000,1,,[]
729,0,1,5010,constant,constant,omega_constant_r0_v3d372713,1,,[]
730,0,1,5011,constant,constant,omega_constant_r0_v3f4c422a,1,,[]
731,0,1,5021,matvec Q4_0,keep::reduce fold,omega_reduce_r3_o2_n2_multiply_add_zero_epi9_fused_identity_o9__multiply_o5_o6__multiply_s1_o4__multiply_s2_o3__add_s3_o2__multiply_s4_o1__tanh_s5__add_s6_o0__multiply_o7_o8__multiply_s7_s8__multiply_s0_s9,761856,unpacked|Q4_0,[971, 1536, 12288]
732,0,1,5023,matvec Q4_0,keep::reduce fold,omega_reduce_r3_o2_n2_multiply_add_zero,95232,Q4_0|unpacked,[971, 12288, 1536]
733,0,1,5033,RMSNorm sumsq + fused epilogue,keep::reduce fold,omega_reduce_r2_o1_n2_multiply_add_zero_epi5_fused_identity_o5__multiply_s0_o4__add_s1_o3__square_root_s2__reciprocal_s3__multiply_s4_o2__multiply_s5_o1__add_s6_o0,248576,unpacked|unpacked,[971, 1536]
734,0,1,5037,constant,constant,omega_constant_r0_v3f000000,1,,[]
735,0,1,5038,constant,constant,omega_constant_r0_v3d372713,1,,[]
736,0,1,5039,constant,constant,omega_constant_r0_v3f4c422a,1,,[]
737,0,1,5049,matvec Q4_0,keep::reduce fold,omega_reduce_r3_o2_n2_multiply_add_zero_epi5_fused_identity_o5__identity_o0__multiply_s0_s0__multiply_s0_s2__multiply_s3_o3__add_s0_s4__multiply_s5_o2__tanh_s6__add_s7_o1__multiply_s0_o4__multiply_s8_s9__multiply_s1_s10,15872,unpacked|Q4_0,[971, 1536, 256]
738,0,1,5052,matvec Q4_0,keep::reduce fold,omega_reduce_r3_o2_n2_multiply_add_zero,95232,unpacked|Q4_0,[971, 256, 1536]
739,0,1,5064,RMSNorm sumsq + fused epilogue,keep::reduce fold,omega_reduce_r2_o1_n2_multiply_add_zero_epi6_fused_identity_o6__multiply_s0_o4__add_s1_o3__square_root_s2__reciprocal_s3__multiply_s4_o2__multiply_s5_o1__add_s6_o0__multiply_s7_o5,248576,unpacked|unpacked,[971, 1536]
740,0,1,5079,RMSNorm sumsq + fused epilogue,keep::reduce fold,omega_reduce_r2_o1_n2_multiply_add_zero_epi4_fused_identity_o4__multiply_s0_o3__add_s1_o2__square_root_s2__reciprocal_s3__multiply_s4_o1__multiply_s5_o0,248576,unpacked|unpacked,[971, 1536]
741,0,1,5081,matvec Q4_0,keep::reduce fold,omega_reduce_r4_o3_n2_multiply_add_zero,126976,Q4_0|unpacked,[971, 8, 256, 1536]
742,0,1,5089,RMSNorm sumsq + fused epilogue,keep::reduce fold,omega_reduce_r3_o2_n2_multiply_add_zero_epi4_fused_identity_o4__multiply_s0_o3__add_s1_o2__square_root_s2__reciprocal_s3__multiply_s4_o1__multiply_s5_o0,497152,unpacked|unpacked,[971, 8, 256]
743,0,1,5092,UNCLASSIFIED omega_elementwise_twin_r3_n4_fused_multiply_o0_o1__multiply_o2_o3__subtract_s0_s1_fused_multiply_o0_o3__multiply_o2_o1__add_s0_s1,elementwise_twin,omega_elementwise_twin_r3_n4_fused_multiply_o0_o1__multiply_o2_o3__subtract_s0_s1_fused_multiply_o0_o3__multiply_o2_o1__add_s0_s1,994304,unpacked|unpacked|unpacked|unpacked,[971, 8, 128]
744,0,1,5128,cached attention partial,cached_attention,omega_cached_attention_h1_g8_d256_s3f800000_ln511_up0_r2_n4_b128_rt,62208,unpacked|unpacked|unpacked|unpacked|unpacked|unpacked|unpacked|unpacked|unpacked,[971, 1, 8, 256]
745,0,1,5130,matvec Q4_0,keep::reduce fold,omega_reduce_r5_o2_n2_multiply_add_zero,95232,Q4_0|unpacked,[971, 1, 8, 256, 1536]
746,0,1,5139,RMSNorm sumsq + fused epilogue,keep::reduce fold,omega_reduce_r2_o1_n2_multiply_add_zero_epi5_fused_identity_o5__multiply_s0_o4__add_s1_o3__square_root_s2__reciprocal_s3__multiply_s4_o2__multiply_s5_o1__add_s6_o0,248576,unpacked|unpacked,[971, 1536]
747,0,1,5147,RMSNorm sumsq + fused epilogue,keep::reduce fold,omega_reduce_r2_o1_n2_multiply_add_zero_epi4_fused_identity_o4__multiply_s0_o3__add_s1_o2__square_root_s2__reciprocal_s3__multiply_s4_o1__multiply_s5_o0,248576,unpacked|unpacked,[971, 1536]
748,0,1,5152,matvec Q4_0,keep::reduce fold,omega_reduce_r3_o2_n2_multiply_add_zero,761856,unpacked|Q4_0,[971, 1536, 12288]
749,0,1,5155,constant,constant,omega_constant_r0_v3f000000,1,,[]
750,0,1,5156,constant,constant,omega_constant_r0_v3d372713,1,,[]
751,0,1,5157,constant,constant,omega_constant_r0_v3f4c422a,1,,[]
752,0,1,5167,matvec Q4_0,keep::reduce fold,omega_reduce_r3_o2_n2_multiply_add_zero_epi9_fused_identity_o9__multiply_o5_o6__multiply_s1_o4__multiply_s2_o3__add_s3_o2__multiply_s4_o1__tanh_s5__add_s6_o0__multiply_o7_o8__multiply_s7_s8__multiply_s0_s9,761856,unpacked|Q4_0,[971, 1536, 12288]
753,0,1,5169,matvec Q4_0,keep::reduce fold,omega_reduce_r3_o2_n2_multiply_add_zero,95232,Q4_0|unpacked,[971, 12288, 1536]
754,0,1,5179,RMSNorm sumsq + fused epilogue,keep::reduce fold,omega_reduce_r2_o1_n2_multiply_add_zero_epi5_fused_identity_o5__multiply_s0_o4__add_s1_o3__square_root_s2__reciprocal_s3__multiply_s4_o2__multiply_s5_o1__add_s6_o0,248576,unpacked|unpacked,[971, 1536]
755,0,1,5183,constant,constant,omega_constant_r0_v3f000000,1,,[]
756,0,1,5184,constant,constant,omega_constant_r0_v3d372713,1,,[]
757,0,1,5185,constant,constant,omega_constant_r0_v3f4c422a,1,,[]
758,0,1,5195,matvec Q4_0,keep::reduce fold,omega_reduce_r3_o2_n2_multiply_add_zero_epi5_fused_identity_o5__identity_o0__multiply_s0_s0__multiply_s0_s2__multiply_s3_o3__add_s0_s4__multiply_s5_o2__tanh_s6__add_s7_o1__multiply_s0_o4__multiply_s8_s9__multiply_s1_s10,15872,unpacked|Q4_0,[971, 1536, 256]
759,0,1,5198,matvec Q4_0,keep::reduce fold,omega_reduce_r3_o2_n2_multiply_add_zero,95232,unpacked|Q4_0,[971, 256, 1536]
760,0,1,5210,RMSNorm sumsq + fused epilogue,keep::reduce fold,omega_reduce_r2_o1_n2_multiply_add_zero_epi6_fused_identity_o6__multiply_s0_o4__add_s1_o3__square_root_s2__reciprocal_s3__multiply_s4_o2__multiply_s5_o1__add_s6_o0__multiply_s7_o5,248576,unpacked|unpacked,[971, 1536]
761,0,1,5225,RMSNorm sumsq + fused epilogue,keep::reduce fold,omega_reduce_r2_o1_n2_multiply_add_zero_epi4_fused_identity_o4__multiply_s0_o3__add_s1_o2__square_root_s2__reciprocal_s3__multiply_s4_o1__multiply_s5_o0,248576,unpacked|unpacked,[971, 1536]
762,0,1,5227,matvec Q4_0,keep::reduce fold,omega_reduce_r4_o3_n2_multiply_add_zero,126976,Q4_0|unpacked,[971, 8, 256, 1536]
763,0,1,5235,RMSNorm sumsq + fused epilogue,keep::reduce fold,omega_reduce_r3_o2_n2_multiply_add_zero_epi4_fused_identity_o4__multiply_s0_o3__add_s1_o2__square_root_s2__reciprocal_s3__multiply_s4_o1__multiply_s5_o0,497152,unpacked|unpacked,[971, 8, 256]
764,0,1,5238,UNCLASSIFIED omega_elementwise_twin_r3_n4_fused_multiply_o0_o1__multiply_o2_o3__subtract_s0_s1_fused_multiply_o0_o3__multiply_o2_o1__add_s0_s1,elementwise_twin,omega_elementwise_twin_r3_n4_fused_multiply_o0_o1__multiply_o2_o3__subtract_s0_s1_fused_multiply_o0_o3__multiply_o2_o1__add_s0_s1,994304,unpacked|unpacked|unpacked|unpacked,[971, 8, 128]
765,0,1,5274,cached attention partial,cached_attention,omega_cached_attention_h1_g8_d256_s3f800000_ln511_up0_r2_n4_b128_rt,62208,unpacked|unpacked|unpacked|unpacked|unpacked|unpacked|unpacked|unpacked|unpacked,[971, 1, 8, 256]
766,0,1,5276,matvec Q4_0,keep::reduce fold,omega_reduce_r5_o2_n2_multiply_add_zero,95232,Q4_0|unpacked,[971, 1, 8, 256, 1536]
767,0,1,5285,RMSNorm sumsq + fused epilogue,keep::reduce fold,omega_reduce_r2_o1_n2_multiply_add_zero_epi5_fused_identity_o5__multiply_s0_o4__add_s1_o3__square_root_s2__reciprocal_s3__multiply_s4_o2__multiply_s5_o1__add_s6_o0,248576,unpacked|unpacked,[971, 1536]
768,0,1,5293,RMSNorm sumsq + fused epilogue,keep::reduce fold,omega_reduce_r2_o1_n2_multiply_add_zero_epi4_fused_identity_o4__multiply_s0_o3__add_s1_o2__square_root_s2__reciprocal_s3__multiply_s4_o1__multiply_s5_o0,248576,unpacked|unpacked,[971, 1536]
769,0,1,5298,matvec Q4_0,keep::reduce fold,omega_reduce_r3_o2_n2_multiply_add_zero,761856,unpacked|Q4_0,[971, 1536, 12288]
770,0,1,5301,constant,constant,omega_constant_r0_v3f000000,1,,[]
771,0,1,5302,constant,constant,omega_constant_r0_v3d372713,1,,[]
772,0,1,5303,constant,constant,omega_constant_r0_v3f4c422a,1,,[]
773,0,1,5313,matvec Q4_0,keep::reduce fold,omega_reduce_r3_o2_n2_multiply_add_zero_epi9_fused_identity_o9__multiply_o5_o6__multiply_s1_o4__multiply_s2_o3__add_s3_o2__multiply_s4_o1__tanh_s5__add_s6_o0__multiply_o7_o8__multiply_s7_s8__multiply_s0_s9,761856,unpacked|Q4_0,[971, 1536, 12288]
774,0,1,5315,matvec Q4_0,keep::reduce fold,omega_reduce_r3_o2_n2_multiply_add_zero,95232,Q4_0|unpacked,[971, 12288, 1536]
775,0,1,5325,RMSNorm sumsq + fused epilogue,keep::reduce fold,omega_reduce_r2_o1_n2_multiply_add_zero_epi5_fused_identity_o5__multiply_s0_o4__add_s1_o3__square_root_s2__reciprocal_s3__multiply_s4_o2__multiply_s5_o1__add_s6_o0,248576,unpacked|unpacked,[971, 1536]
776,0,1,5329,constant,constant,omega_constant_r0_v3f000000,1,,[]
777,0,1,5330,constant,constant,omega_constant_r0_v3d372713,1,,[]
778,0,1,5331,constant,constant,omega_constant_r0_v3f4c422a,1,,[]
779,0,1,5341,matvec Q4_0,keep::reduce fold,omega_reduce_r3_o2_n2_multiply_add_zero_epi5_fused_identity_o5__identity_o0__multiply_s0_s0__multiply_s0_s2__multiply_s3_o3__add_s0_s4__multiply_s5_o2__tanh_s6__add_s7_o1__multiply_s0_o4__multiply_s8_s9__multiply_s1_s10,15872,unpacked|Q4_0,[971, 1536, 256]
780,0,1,5344,matvec Q4_0,keep::reduce fold,omega_reduce_r3_o2_n2_multiply_add_zero,95232,unpacked|Q4_0,[971, 256, 1536]
781,0,1,5356,RMSNorm sumsq + fused epilogue,keep::reduce fold,omega_reduce_r2_o1_n2_multiply_add_zero_epi6_fused_identity_o6__multiply_s0_o4__add_s1_o3__square_root_s2__reciprocal_s3__multiply_s4_o2__multiply_s5_o1__add_s6_o0__multiply_s7_o5,248576,unpacked|unpacked,[971, 1536]
782,0,1,5371,RMSNorm sumsq + fused epilogue,keep::reduce fold,omega_reduce_r2_o1_n2_multiply_add_zero_epi4_fused_identity_o4__multiply_s0_o3__add_s1_o2__square_root_s2__reciprocal_s3__multiply_s4_o1__multiply_s5_o0,248576,unpacked|unpacked,[971, 1536]
783,0,1,5373,matvec Q4_0,keep::reduce fold,omega_reduce_r4_o3_n2_multiply_add_zero,126976,Q4_0|unpacked,[971, 8, 256, 1536]
784,0,1,5381,RMSNorm sumsq + fused epilogue,keep::reduce fold,omega_reduce_r3_o2_n2_multiply_add_zero_epi4_fused_identity_o4__multiply_s0_o3__add_s1_o2__square_root_s2__reciprocal_s3__multiply_s4_o1__multiply_s5_o0,497152,unpacked|unpacked,[971, 8, 256]
785,0,1,5384,UNCLASSIFIED omega_elementwise_twin_r3_n4_fused_multiply_o0_o1__multiply_o2_o3__subtract_s0_s1_fused_multiply_o0_o3__multiply_o2_o1__add_s0_s1,elementwise_twin,omega_elementwise_twin_r3_n4_fused_multiply_o0_o1__multiply_o2_o3__subtract_s0_s1_fused_multiply_o0_o3__multiply_o2_o1__add_s0_s1,994304,unpacked|unpacked|unpacked|unpacked,[971, 8, 128]
786,0,1,5420,cached attention partial,cached_attention,omega_cached_attention_h1_g8_d256_s3f800000_ln511_up0_r2_n4_b128_rt,62208,unpacked|unpacked|unpacked|unpacked|unpacked|unpacked|unpacked|unpacked|unpacked,[971, 1, 8, 256]
787,0,1,5422,matvec Q4_0,keep::reduce fold,omega_reduce_r5_o2_n2_multiply_add_zero,95232,Q4_0|unpacked,[971, 1, 8, 256, 1536]
788,0,1,5431,RMSNorm sumsq + fused epilogue,keep::reduce fold,omega_reduce_r2_o1_n2_multiply_add_zero_epi5_fused_identity_o5__multiply_s0_o4__add_s1_o3__square_root_s2__reciprocal_s3__multiply_s4_o2__multiply_s5_o1__add_s6_o0,248576,unpacked|unpacked,[971, 1536]
789,0,1,5439,RMSNorm sumsq + fused epilogue,keep::reduce fold,omega_reduce_r2_o1_n2_multiply_add_zero_epi4_fused_identity_o4__multiply_s0_o3__add_s1_o2__square_root_s2__reciprocal_s3__multiply_s4_o1__multiply_s5_o0,248576,unpacked|unpacked,[971, 1536]
790,0,1,5444,matvec Q4_0,keep::reduce fold,omega_reduce_r3_o2_n2_multiply_add_zero,761856,unpacked|Q4_0,[971, 1536, 12288]
791,0,1,5447,constant,constant,omega_constant_r0_v3f000000,1,,[]
792,0,1,5448,constant,constant,omega_constant_r0_v3d372713,1,,[]
793,0,1,5449,constant,constant,omega_constant_r0_v3f4c422a,1,,[]
794,0,1,5459,matvec Q4_0,keep::reduce fold,omega_reduce_r3_o2_n2_multiply_add_zero_epi9_fused_identity_o9__multiply_o5_o6__multiply_s1_o4__multiply_s2_o3__add_s3_o2__multiply_s4_o1__tanh_s5__add_s6_o0__multiply_o7_o8__multiply_s7_s8__multiply_s0_s9,761856,unpacked|Q4_0,[971, 1536, 12288]
795,0,1,5461,matvec Q4_0,keep::reduce fold,omega_reduce_r3_o2_n2_multiply_add_zero,95232,Q4_0|unpacked,[971, 12288, 1536]
796,0,1,5471,RMSNorm sumsq + fused epilogue,keep::reduce fold,omega_reduce_r2_o1_n2_multiply_add_zero_epi5_fused_identity_o5__multiply_s0_o4__add_s1_o3__square_root_s2__reciprocal_s3__multiply_s4_o2__multiply_s5_o1__add_s6_o0,248576,unpacked|unpacked,[971, 1536]
797,0,1,5475,constant,constant,omega_constant_r0_v3f000000,1,,[]
798,0,1,5476,constant,constant,omega_constant_r0_v3d372713,1,,[]
799,0,1,5477,constant,constant,omega_constant_r0_v3f4c422a,1,,[]
800,0,1,5487,matvec Q4_0,keep::reduce fold,omega_reduce_r3_o2_n2_multiply_add_zero_epi5_fused_identity_o5__identity_o0__multiply_s0_s0__multiply_s0_s2__multiply_s3_o3__add_s0_s4__multiply_s5_o2__tanh_s6__add_s7_o1__multiply_s0_o4__multiply_s8_s9__multiply_s1_s10,15872,unpacked|Q4_0,[971, 1536, 256]
801,0,1,5490,matvec Q4_0,keep::reduce fold,omega_reduce_r3_o2_n2_multiply_add_zero,95232,unpacked|Q4_0,[971, 256, 1536]
802,0,1,5502,RMSNorm sumsq + fused epilogue,keep::reduce fold,omega_reduce_r2_o1_n2_multiply_add_zero_epi6_fused_identity_o6__multiply_s0_o4__add_s1_o3__square_root_s2__reciprocal_s3__multiply_s4_o2__multiply_s5_o1__add_s6_o0__multiply_s7_o5,248576,unpacked|unpacked,[971, 1536]
803,0,1,5517,RMSNorm sumsq + fused epilogue,keep::reduce fold,omega_reduce_r2_o1_n2_multiply_add_zero_epi4_fused_identity_o4__multiply_s0_o3__add_s1_o2__square_root_s2__reciprocal_s3__multiply_s4_o1__multiply_s5_o0,248576,unpacked|unpacked,[971, 1536]
804,0,1,5519,matvec Q4_0,keep::reduce fold,omega_reduce_r4_o3_n2_multiply_add_zero,253952,Q4_0|unpacked,[971, 8, 512, 1536]
805,0,1,5527,RMSNorm sumsq + fused epilogue,keep::reduce fold,omega_reduce_r3_o2_n2_multiply_add_zero_epi4_fused_identity_o4__multiply_s0_o3__add_s1_o2__square_root_s2__reciprocal_s3__multiply_s4_o1__multiply_s5_o0,994304,unpacked|unpacked,[971, 8, 512]
806,0,1,5530,UNCLASSIFIED omega_elementwise_twin_r3_n4_fused_multiply_o0_o1__multiply_o2_o3__subtract_s0_s1_fused_multiply_o0_o3__multiply_o2_o1__add_s0_s1,elementwise_twin,omega_elementwise_twin_r3_n4_fused_multiply_o0_o1__multiply_o2_o3__subtract_s0_s1_fused_multiply_o0_o3__multiply_o2_o1__add_s0_s1,1988608,unpacked|unpacked|unpacked|unpacked,[971, 8, 256]
807,0,1,5566,cached attention partial,cached_attention,omega_cached_attention_h1_g8_d512_s3f800000_ln9223372036854775808_up0_r2_n8_b128_rt,124416,unpacked|unpacked|unpacked|unpacked|unpacked|unpacked|unpacked|unpacked|unpacked,[971, 1, 8, 512]
808,0,1,5568,matvec Q4_0,keep::reduce fold,omega_reduce_r5_o2_n2_multiply_add_zero,95232,Q4_0|unpacked,[971, 1, 8, 512, 1536]
809,0,1,5577,RMSNorm sumsq + fused epilogue,keep::reduce fold,omega_reduce_r2_o1_n2_multiply_add_zero_epi5_fused_identity_o5__multiply_s0_o4__add_s1_o3__square_root_s2__reciprocal_s3__multiply_s4_o2__multiply_s5_o1__add_s6_o0,248576,unpacked|unpacked,[971, 1536]
810,0,1,5585,RMSNorm sumsq + fused epilogue,keep::reduce fold,omega_reduce_r2_o1_n2_multiply_add_zero_epi4_fused_identity_o4__multiply_s0_o3__add_s1_o2__square_root_s2__reciprocal_s3__multiply_s4_o1__multiply_s5_o0,248576,unpacked|unpacked,[971, 1536]
811,0,1,5590,matvec Q4_0,keep::reduce fold,omega_reduce_r3_o2_n2_multiply_add_zero,761856,unpacked|Q4_0,[971, 1536, 12288]
812,0,1,5593,constant,constant,omega_constant_r0_v3f000000,1,,[]
813,0,1,5594,constant,constant,omega_constant_r0_v3d372713,1,,[]
814,0,1,5595,constant,constant,omega_constant_r0_v3f4c422a,1,,[]
815,0,1,5605,matvec Q4_0,keep::reduce fold,omega_reduce_r3_o2_n2_multiply_add_zero_epi9_fused_identity_o9__multiply_o5_o6__multiply_s1_o4__multiply_s2_o3__add_s3_o2__multiply_s4_o1__tanh_s5__add_s6_o0__multiply_o7_o8__multiply_s7_s8__multiply_s0_s9,761856,unpacked|Q4_0,[971, 1536, 12288]
816,0,1,5607,matvec Q4_0,keep::reduce fold,omega_reduce_r3_o2_n2_multiply_add_zero,95232,Q4_0|unpacked,[971, 12288, 1536]
817,0,1,5617,RMSNorm sumsq + fused epilogue,keep::reduce fold,omega_reduce_r2_o1_n2_multiply_add_zero_epi5_fused_identity_o5__multiply_s0_o4__add_s1_o3__square_root_s2__reciprocal_s3__multiply_s4_o2__multiply_s5_o1__add_s6_o0,248576,unpacked|unpacked,[971, 1536]
818,0,1,5621,constant,constant,omega_constant_r0_v3f000000,1,,[]
819,0,1,5622,constant,constant,omega_constant_r0_v3d372713,1,,[]
820,0,1,5623,constant,constant,omega_constant_r0_v3f4c422a,1,,[]
821,0,1,5633,matvec Q4_0,keep::reduce fold,omega_reduce_r3_o2_n2_multiply_add_zero_epi5_fused_identity_o5__identity_o0__multiply_s0_s0__multiply_s0_s2__multiply_s3_o3__add_s0_s4__multiply_s5_o2__tanh_s6__add_s7_o1__multiply_s0_o4__multiply_s8_s9__multiply_s1_s10,15872,unpacked|Q4_0,[971, 1536, 256]
822,0,1,5636,matvec Q4_0,keep::reduce fold,omega_reduce_r3_o2_n2_multiply_add_zero,95232,unpacked|Q4_0,[971, 256, 1536]
823,0,1,5648,RMSNorm sumsq + fused epilogue,keep::reduce fold,omega_reduce_r2_o1_n2_multiply_add_zero_epi6_fused_identity_o6__multiply_s0_o4__add_s1_o3__square_root_s2__reciprocal_s3__multiply_s4_o2__multiply_s5_o1__add_s6_o0__multiply_s7_o5,248576,unpacked|unpacked,[971, 1536]
824,0,1,5657,RMSNorm sumsq + fused epilogue,keep::reduce fold,omega_reduce_r2_o1_n2_multiply_add_zero_epi4_fused_identity_o4__multiply_s0_o3__add_s1_o2__square_root_s2__reciprocal_s3__multiply_s4_o1__multiply_s5_o0,248576,unpacked|unpacked,[971, 1536]
825,0,1,5659,elementwise identity_g1,elementwise,omega_elementwise_r2_n1_identity_g1,1536,unpacked,[1, 1536]
826,0,1,5663,constant,constant,omega_constant_r0_v41f00000,1,,[]
827,0,1,5666,head,keep::reduce fold,omega_reduce_r3_o2_n2_multiply_add_zero_epi2_fused_identity_o2__divide_s0_o1__tanh_s1__multiply_s2_o0,4194304,unpacked|Q6K,[1, 1536, 262144]
828,0,1,5668,identity copy,elementwise,omega_elementwise_r3_n1_identity,262144,unpacked,[1, 512, 512]
829,0,1,5669,softmax max,keep::reduce fold,omega_reduce_r3_o2_n1_identity_maximum_negative_infinity,65536,unpacked,[1, 512, 512]
830,0,1,5670,softmax max,keep::reduce fold,omega_reduce_r2_o1_n1_identity_maximum_negative_infinity,128,unpacked,[1, 512]
831,0,1,5672,iota,iota,omega_iota_r1,512,,[512]
832,0,1,5673,iota,iota,omega_iota_r1,512,,[512]
833,0,1,5674,constant,constant,omega_constant_r0_v44000000,1,,[]
834,0,1,5677,constant,constant,omega_constant_r0_v48800000,1,,[]
835,0,1,5675,elementwise multiply,elementwise,omega_elementwise_r1_n2_multiply,512,unpacked|unpacked,[512]
836,0,1,5679,UNCLASSIFIED omega_reduce_r3_o2_n5_fused_equal_o0_o1__add_o2_o3__select_s0_s1_o4_minimum_positive_infinity,keep::reduce fold,omega_reduce_r3_o2_n5_fused_equal_o0_o1__add_o2_o3__select_s0_s1_o4_minimum_positive_infinity,65536,unpacked|unpacked|unpacked|unpacked|unpacked,[1, 512, 512]
837,0,1,5680,UNCLASSIFIED omega_reduce_r2_o1_n1_identity_minimum_positive_infinity,keep::reduce fold,omega_reduce_r2_o1_n1_identity_minimum_positive_infinity,128,unpacked,[1, 512]
838,0,1,5681,constant,constant,omega_constant_r0_vff7fffff,1,,[]
839,0,1,5682,constant,constant,omega_constant_r0_v7f7fffff,1,,[]
840,0,1,5686,matvec f32,keep::reduce fold,omega_reduce_r3_o2_n4_fused_greater_o0_o1__greater_o2_o3__multiply_s0_s1_add_zero,65536,unpacked|unpacked|unpacked|unpacked,[1, 512, 512]
841,0,1,5687,softmax sum,keep::reduce fold,omega_reduce_r2_o1_n1_identity_add_zero,128,unpacked,[1, 512]
