index,step,chunk_index,node,class,kind,entry,grid_threads,operand_codecs,extents
0,0,1,3,constant,constant,omega_constant_r0_v41400000,1,,[]
1,0,1,5,constant,constant,omega_constant_r0_v3a800000,1,,[]
2,0,1,7,constant,constant,omega_constant_r0_v3f800000,1,,[]
3,0,1,9,constant,constant,omega_constant_r0_v3e6147ae,1,,[]
4,0,1,4,elementwise fused_identity_o0__multiply_s0_o1_g10,elementwise,omega_elementwise_r2_n2_fused_identity_o0__multiply_s0_o1_g10,1024000,Q8_0|unpacked,[1000, 1024]
5,0,1,38,RMSNorm sumsq + fused epilogue,keep::reduce fold,omega_reduce_r2_o1_n2_multiply_add_zero_epi4_fused_identity_o4__multiply_s0_o3__add_s1_o2__square_root_s2__reciprocal_s3__multiply_s4_o1__multiply_s5_o0,256000,unpacked|unpacked,[1000, 1024]
6,0,1,44,matvec Q8_0,keep::reduce fold,omega_reduce_r4_o3_n2_multiply_add_zero,512000,Q8_0|unpacked,[1000, 8, 64, 1024]
7,0,1,40,matvec Q8_0,keep::reduce fold,omega_reduce_r4_o3_n2_multiply_add_zero,1024000,Q8_0|unpacked,[1000, 16, 64, 1024]
8,0,1,42,matvec Q8_0,keep::reduce fold,omega_reduce_r4_o3_n2_multiply_add_zero,512000,Q8_0|unpacked,[1000, 8, 64, 1024]
9,0,1,56,RoPE,elementwise,omega_elementwise_r3_n4_fused_multiply_o0_o1__multiply_o2_o3__add_s0_s1,256000,unpacked|unpacked|unpacked|unpacked,[1000, 8, 32]
10,0,1,53,RoPE,elementwise,omega_elementwise_r3_n4_fused_multiply_o0_o1__multiply_o2_o3__subtract_s0_s1,256000,unpacked|unpacked|unpacked|unpacked,[1000, 8, 32]
11,0,1,47,RoPE,elementwise,omega_elementwise_r3_n4_fused_multiply_o0_o1__multiply_o2_o3__subtract_s0_s1,512000,unpacked|unpacked|unpacked|unpacked,[1000, 16, 32]
12,0,1,50,RoPE,elementwise,omega_elementwise_r3_n4_fused_multiply_o0_o1__multiply_o2_o3__add_s0_s1,512000,unpacked|unpacked|unpacked|unpacked,[1000, 16, 32]
13,0,1,89,cached attention partial,cached_attention,omega_cached_attention_q1000_c1024_n1000_h8_g2_d64_s3c800000_ln9223372036854775808_up0_cb,2048000,unpacked|unpacked|unpacked|unpacked|unpacked|unpacked|unpacked|unpacked|unpacked,[1000, 8, 2, 64]
14,0,1,93,matvec Q8_0,keep::reduce fold,omega_reduce_r5_o2_n2_multiply_add_zero_epi2_fused_identity_o2__multiply_s0_o1__add_s1_o0,1024000,Q8_0|unpacked,[1000, 8, 2, 64, 1024]
15,0,1,101,RMSNorm sumsq + fused epilogue,keep::reduce fold,omega_reduce_r2_o1_n2_multiply_add_zero_epi4_fused_identity_o4__multiply_s0_o3__add_s1_o2__square_root_s2__reciprocal_s3__multiply_s4_o1__multiply_s5_o0,256000,unpacked|unpacked,[1000, 1024]
16,0,1,103,matvec f32,keep::reduce fold,omega_reduce_r3_o2_n2_multiply_add_zero,4096,unpacked|unpacked,[1000, 1024, 32]
17,0,1,104,iota,iota,omega_iota_r1,32,,[32]
18,0,1,105,constant,constant,omega_constant_r0_vff800000,1,,[]
19,0,1,106,softmax max,keep::reduce fold,omega_reduce_r2_o1_n1_identity_maximum_negative_infinity,32000,unpacked,[1000, 32]
20,0,1,107,elementwise equal,elementwise,omega_elementwise_r2_n2_equal,32000,unpacked|unpacked,[1000, 32]
21,0,1,109,softmax max,keep::reduce fold,omega_reduce_r2_o1_n2_multiply_maximum_zero,32000,unpacked|unpacked,[1000, 32]
22,0,1,113,matvec Q8_0,keep::reduce fold,omega_reduce_r3_o2_n2_multiply_add_zero_g10,2048,Q8_0|unpacked,[1000, 1024, 512]
23,0,1,121,matvec Q8_0,keep::reduce fold,omega_reduce_r3_o2_n2_multiply_add_zero_epi3_fused_identity_o3__negate_o2__exponential_s1__add_s2_o1__reciprocal_s3__multiply_s4_o0__multiply_s0_s5_g10,2048,Q8_0|unpacked,[1000, 1024, 512]
24,0,1,111,softmax exp,elementwise,omega_elementwise_r1_n2_fused_subtract_o0_o1__exponential_s0,1000,unpacked|unpacked,[1000]
25,0,1,125,elementwise select,elementwise,omega_elementwise_r2_n3_select,32000,unpacked|unpacked|unpacked,[1000, 32]
26,0,1,126,softmax max,keep::reduce fold,omega_reduce_r2_o1_n1_identity_maximum_negative_infinity,32000,unpacked,[1000, 32]
27,0,1,127,elementwise equal,elementwise,omega_elementwise_r2_n2_equal,32000,unpacked|unpacked,[1000, 32]
28,0,1,129,softmax max,keep::reduce fold,omega_reduce_r2_o1_n2_multiply_maximum_zero,32000,unpacked|unpacked,[1000, 32]
29,0,1,133,matvec Q8_0,keep::reduce fold,omega_reduce_r3_o2_n2_multiply_add_zero_g10,2048,Q8_0|unpacked,[1000, 1024, 512]
30,0,1,141,matvec Q8_0,keep::reduce fold,omega_reduce_r3_o2_n2_multiply_add_zero_epi3_fused_identity_o3__negate_o2__exponential_s1__add_s2_o1__reciprocal_s3__multiply_s4_o0__multiply_s0_s5_g10,2048,Q8_0|unpacked,[1000, 1024, 512]
31,0,1,143,matvec Q8_0,keep::reduce fold,omega_reduce_r3_o2_n2_multiply_add_zero_g10,4096,Q8_0|unpacked,[1000, 512, 1024]
32,0,1,131,softmax exp,elementwise,omega_elementwise_r1_n2_fused_subtract_o0_o1__exponential_s0,1000,unpacked|unpacked,[1000]
33,0,1,147,elementwise select,elementwise,omega_elementwise_r2_n3_select,32000,unpacked|unpacked|unpacked,[1000, 32]
34,0,1,148,softmax max,keep::reduce fold,omega_reduce_r2_o1_n1_identity_maximum_negative_infinity,32000,unpacked,[1000, 32]
35,0,1,149,elementwise equal,elementwise,omega_elementwise_r2_n2_equal,32000,unpacked|unpacked,[1000, 32]
36,0,1,151,softmax max,keep::reduce fold,omega_reduce_r2_o1_n2_multiply_maximum_zero,32000,unpacked|unpacked,[1000, 32]
37,0,1,155,matvec Q8_0,keep::reduce fold,omega_reduce_r3_o2_n2_multiply_add_zero_g10,2048,Q8_0|unpacked,[1000, 1024, 512]
38,0,1,163,matvec Q8_0,keep::reduce fold,omega_reduce_r3_o2_n2_multiply_add_zero_epi3_fused_identity_o3__negate_o2__exponential_s1__add_s2_o1__reciprocal_s3__multiply_s4_o0__multiply_s0_s5_g10,2048,Q8_0|unpacked,[1000, 1024, 512]
39,0,1,165,matvec Q8_0,keep::reduce fold,omega_reduce_r3_o2_n2_multiply_add_zero_g10,4096,Q8_0|unpacked,[1000, 512, 1024]
40,0,1,153,softmax exp,elementwise,omega_elementwise_r1_n2_fused_subtract_o0_o1__exponential_s0,1000,unpacked|unpacked,[1000]
41,0,1,169,elementwise select,elementwise,omega_elementwise_r2_n3_select,32000,unpacked|unpacked|unpacked,[1000, 32]
42,0,1,170,softmax max,keep::reduce fold,omega_reduce_r2_o1_n1_identity_maximum_negative_infinity,32000,unpacked,[1000, 32]
43,0,1,171,elementwise equal,elementwise,omega_elementwise_r2_n2_equal,32000,unpacked|unpacked,[1000, 32]
44,0,1,173,softmax max,keep::reduce fold,omega_reduce_r2_o1_n2_multiply_maximum_zero,32000,unpacked|unpacked,[1000, 32]
45,0,1,177,matvec Q8_0,keep::reduce fold,omega_reduce_r3_o2_n2_multiply_add_zero_g10,2048,Q8_0|unpacked,[1000, 1024, 512]
46,0,1,185,matvec Q8_0,keep::reduce fold,omega_reduce_r3_o2_n2_multiply_add_zero_epi3_fused_identity_o3__negate_o2__exponential_s1__add_s2_o1__reciprocal_s3__multiply_s4_o0__multiply_s0_s5_g10,2048,Q8_0|unpacked,[1000, 1024, 512]
47,0,1,187,matvec Q8_0,keep::reduce fold,omega_reduce_r3_o2_n2_multiply_add_zero_g10,4096,Q8_0|unpacked,[1000, 512, 1024]
48,0,1,175,softmax exp,elementwise,omega_elementwise_r1_n2_fused_subtract_o0_o1__exponential_s0,1000,unpacked|unpacked,[1000]
49,0,1,191,elementwise select,elementwise,omega_elementwise_r2_n3_select,32000,unpacked|unpacked|unpacked,[1000, 32]
50,0,1,192,softmax max,keep::reduce fold,omega_reduce_r2_o1_n1_identity_maximum_negative_infinity,32000,unpacked,[1000, 32]
51,0,1,193,elementwise equal,elementwise,omega_elementwise_r2_n2_equal,32000,unpacked|unpacked,[1000, 32]
52,0,1,195,softmax max,keep::reduce fold,omega_reduce_r2_o1_n2_multiply_maximum_zero,32000,unpacked|unpacked,[1000, 32]
53,0,1,199,matvec Q8_0,keep::reduce fold,omega_reduce_r3_o2_n2_multiply_add_zero_g10,2048,Q8_0|unpacked,[1000, 1024, 512]
54,0,1,207,matvec Q8_0,keep::reduce fold,omega_reduce_r3_o2_n2_multiply_add_zero_epi3_fused_identity_o3__negate_o2__exponential_s1__add_s2_o1__reciprocal_s3__multiply_s4_o0__multiply_s0_s5_g10,2048,Q8_0|unpacked,[1000, 1024, 512]
55,0,1,209,matvec Q8_0,keep::reduce fold,omega_reduce_r3_o2_n2_multiply_add_zero_g10,4096,Q8_0|unpacked,[1000, 512, 1024]
56,0,1,197,softmax exp,elementwise,omega_elementwise_r1_n2_fused_subtract_o0_o1__exponential_s0,1000,unpacked|unpacked,[1000]
57,0,1,213,elementwise select,elementwise,omega_elementwise_r2_n3_select,32000,unpacked|unpacked|unpacked,[1000, 32]
58,0,1,214,softmax max,keep::reduce fold,omega_reduce_r2_o1_n1_identity_maximum_negative_infinity,32000,unpacked,[1000, 32]
59,0,1,215,elementwise equal,elementwise,omega_elementwise_r2_n2_equal,32000,unpacked|unpacked,[1000, 32]
60,0,1,217,softmax max,keep::reduce fold,omega_reduce_r2_o1_n2_multiply_maximum_zero,32000,unpacked|unpacked,[1000, 32]
61,0,1,221,matvec Q8_0,keep::reduce fold,omega_reduce_r3_o2_n2_multiply_add_zero_g10,2048,Q8_0|unpacked,[1000, 1024, 512]
62,0,1,229,matvec Q8_0,keep::reduce fold,omega_reduce_r3_o2_n2_multiply_add_zero_epi3_fused_identity_o3__negate_o2__exponential_s1__add_s2_o1__reciprocal_s3__multiply_s4_o0__multiply_s0_s5_g10,2048,Q8_0|unpacked,[1000, 1024, 512]
63,0,1,231,matvec Q8_0,keep::reduce fold,omega_reduce_r3_o2_n2_multiply_add_zero_g10,4096,Q8_0|unpacked,[1000, 512, 1024]
64,0,1,219,softmax exp,elementwise,omega_elementwise_r1_n2_fused_subtract_o0_o1__exponential_s0,1000,unpacked|unpacked,[1000]
65,0,1,235,elementwise select,elementwise,omega_elementwise_r2_n3_select,32000,unpacked|unpacked|unpacked,[1000, 32]
66,0,1,236,softmax max,keep::reduce fold,omega_reduce_r2_o1_n1_identity_maximum_negative_infinity,32000,unpacked,[1000, 32]
67,0,1,237,elementwise equal,elementwise,omega_elementwise_r2_n2_equal,32000,unpacked|unpacked,[1000, 32]
68,0,1,239,softmax max,keep::reduce fold,omega_reduce_r2_o1_n2_multiply_maximum_zero,32000,unpacked|unpacked,[1000, 32]
69,0,1,243,matvec Q8_0,keep::reduce fold,omega_reduce_r3_o2_n2_multiply_add_zero_g10,2048,Q8_0|unpacked,[1000, 1024, 512]
70,0,1,251,matvec Q8_0,keep::reduce fold,omega_reduce_r3_o2_n2_multiply_add_zero_epi3_fused_identity_o3__negate_o2__exponential_s1__add_s2_o1__reciprocal_s3__multiply_s4_o0__multiply_s0_s5_g10,2048,Q8_0|unpacked,[1000, 1024, 512]
71,0,1,253,matvec Q8_0,keep::reduce fold,omega_reduce_r3_o2_n2_multiply_add_zero_g10,4096,Q8_0|unpacked,[1000, 512, 1024]
72,0,1,241,softmax exp,elementwise,omega_elementwise_r1_n2_fused_subtract_o0_o1__exponential_s0,1000,unpacked|unpacked,[1000]
73,0,1,257,elementwise select,elementwise,omega_elementwise_r2_n3_select,32000,unpacked|unpacked|unpacked,[1000, 32]
74,0,1,258,softmax max,keep::reduce fold,omega_reduce_r2_o1_n1_identity_maximum_negative_infinity,32000,unpacked,[1000, 32]
75,0,1,261,softmax max,keep::reduce fold,omega_reduce_r2_o1_n3_fused_equal_o1_o2__multiply_s0_o0_maximum_zero,32000,unpacked|unpacked|unpacked,[1000, 32]
76,0,1,265,matvec Q8_0,keep::reduce fold,omega_reduce_r3_o2_n2_multiply_add_zero_g10,2048,Q8_0|unpacked,[1000, 1024, 512]
77,0,1,273,matvec Q8_0,keep::reduce fold,omega_reduce_r3_o2_n2_multiply_add_zero_epi3_fused_identity_o3__negate_o2__exponential_s1__add_s2_o1__reciprocal_s3__multiply_s4_o0__multiply_s0_s5_g10,2048,Q8_0|unpacked,[1000, 1024, 512]
78,0,1,275,matvec Q8_0,keep::reduce fold,omega_reduce_r3_o2_n2_multiply_add_zero_g10,4096,Q8_0|unpacked,[1000, 512, 1024]
79,0,1,263,softmax exp,elementwise,omega_elementwise_r1_n2_fused_subtract_o0_o1__exponential_s0,1000,unpacked|unpacked,[1000]
80,0,1,282,matvec Q8_0,keep::reduce fold,omega_reduce_r3_o2_n2_multiply_add_zero_epi25_fused_identity_o25__multiply_s0_o2__multiply_o3_o4__add_s1_s2__multiply_o5_o6__add_s3_s4__multiply_o7_o8__add_s5_s6__multiply_o9_o10__add_s7_s8__multiply_o11_o12__add_s9_s10__multiply_o13_o14__add_s11_s12__multiply_o15_o16__add_s13_s14__add_o17_o18__add_s16_o19__add_s17_o20__add_s18_o21__add_s19_o22__add_s20_o23__add_s21_o24__reciprocal_s22__multiply_s15_s23__multiply_s24_o1__add_s25_o0_g10,4096,Q8_0|unpacked,[1000, 512, 1024]
81,0,1,303,RMSNorm sumsq + fused epilogue,keep::reduce fold,omega_reduce_r2_o1_n2_multiply_add_zero_epi4_fused_identity_o4__multiply_s0_o3__add_s1_o2__square_root_s2__reciprocal_s3__multiply_s4_o1__multiply_s5_o0,256000,unpacked|unpacked,[1000, 1024]
82,0,1,309,matvec Q8_0,keep::reduce fold,omega_reduce_r4_o3_n2_multiply_add_zero,512000,Q8_0|unpacked,[1000, 8, 64, 1024]
83,0,1,305,matvec Q8_0,keep::reduce fold,omega_reduce_r4_o3_n2_multiply_add_zero,1024000,Q8_0|unpacked,[1000, 16, 64, 1024]
84,0,1,307,matvec Q8_0,keep::reduce fold,omega_reduce_r4_o3_n2_multiply_add_zero,512000,Q8_0|unpacked,[1000, 8, 64, 1024]
85,0,1,321,RoPE,elementwise,omega_elementwise_r3_n4_fused_multiply_o0_o1__multiply_o2_o3__add_s0_s1,256000,unpacked|unpacked|unpacked|unpacked,[1000, 8, 32]
86,0,1,318,RoPE,elementwise,omega_elementwise_r3_n4_fused_multiply_o0_o1__multiply_o2_o3__subtract_s0_s1,256000,unpacked|unpacked|unpacked|unpacked,[1000, 8, 32]
87,0,1,312,RoPE,elementwise,omega_elementwise_r3_n4_fused_multiply_o0_o1__multiply_o2_o3__subtract_s0_s1,512000,unpacked|unpacked|unpacked|unpacked,[1000, 16, 32]
88,0,1,315,RoPE,elementwise,omega_elementwise_r3_n4_fused_multiply_o0_o1__multiply_o2_o3__add_s0_s1,512000,unpacked|unpacked|unpacked|unpacked,[1000, 16, 32]
89,0,1,354,cached attention partial,cached_attention,omega_cached_attention_q1000_c1024_n1000_h8_g2_d64_s3c800000_ln9223372036854775808_up0_cb,2048000,unpacked|unpacked|unpacked|unpacked|unpacked|unpacked|unpacked|unpacked|unpacked,[1000, 8, 2, 64]
90,0,1,358,matvec Q8_0,keep::reduce fold,omega_reduce_r5_o2_n2_multiply_add_zero_epi2_fused_identity_o2__multiply_s0_o1__add_s1_o0,1024000,Q8_0|unpacked,[1000, 8, 2, 64, 1024]
91,0,1,366,RMSNorm sumsq + fused epilogue,keep::reduce fold,omega_reduce_r2_o1_n2_multiply_add_zero_epi4_fused_identity_o4__multiply_s0_o3__add_s1_o2__square_root_s2__reciprocal_s3__multiply_s4_o1__multiply_s5_o0,256000,unpacked|unpacked,[1000, 1024]
92,0,1,368,matvec f32,keep::reduce fold,omega_reduce_r3_o2_n2_multiply_add_zero,4096,unpacked|unpacked,[1000, 1024, 32]
93,0,1,369,iota,iota,omega_iota_r1,32,,[32]
94,0,1,370,constant,constant,omega_constant_r0_vff800000,1,,[]
95,0,1,371,softmax max,keep::reduce fold,omega_reduce_r2_o1_n1_identity_maximum_negative_infinity,32000,unpacked,[1000, 32]
96,0,1,372,elementwise equal,elementwise,omega_elementwise_r2_n2_equal,32000,unpacked|unpacked,[1000, 32]
97,0,1,374,softmax max,keep::reduce fold,omega_reduce_r2_o1_n2_multiply_maximum_zero,32000,unpacked|unpacked,[1000, 32]
98,0,1,378,matvec Q8_0,keep::reduce fold,omega_reduce_r3_o2_n2_multiply_add_zero_g10,2048,Q8_0|unpacked,[1000, 1024, 512]
99,0,1,386,matvec Q8_0,keep::reduce fold,omega_reduce_r3_o2_n2_multiply_add_zero_epi3_fused_identity_o3__negate_o2__exponential_s1__add_s2_o1__reciprocal_s3__multiply_s4_o0__multiply_s0_s5_g10,2048,Q8_0|unpacked,[1000, 1024, 512]
100,0,1,376,softmax exp,elementwise,omega_elementwise_r1_n2_fused_subtract_o0_o1__exponential_s0,1000,unpacked|unpacked,[1000]
101,0,1,390,elementwise select,elementwise,omega_elementwise_r2_n3_select,32000,unpacked|unpacked|unpacked,[1000, 32]
102,0,1,391,softmax max,keep::reduce fold,omega_reduce_r2_o1_n1_identity_maximum_negative_infinity,32000,unpacked,[1000, 32]
103,0,1,392,elementwise equal,elementwise,omega_elementwise_r2_n2_equal,32000,unpacked|unpacked,[1000, 32]
104,0,1,394,softmax max,keep::reduce fold,omega_reduce_r2_o1_n2_multiply_maximum_zero,32000,unpacked|unpacked,[1000, 32]
105,0,1,398,matvec Q8_0,keep::reduce fold,omega_reduce_r3_o2_n2_multiply_add_zero_g10,2048,Q8_0|unpacked,[1000, 1024, 512]
106,0,1,406,matvec Q8_0,keep::reduce fold,omega_reduce_r3_o2_n2_multiply_add_zero_epi3_fused_identity_o3__negate_o2__exponential_s1__add_s2_o1__reciprocal_s3__multiply_s4_o0__multiply_s0_s5_g10,2048,Q8_0|unpacked,[1000, 1024, 512]
107,0,1,408,matvec Q8_0,keep::reduce fold,omega_reduce_r3_o2_n2_multiply_add_zero_g10,4096,Q8_0|unpacked,[1000, 512, 1024]
108,0,1,396,softmax exp,elementwise,omega_elementwise_r1_n2_fused_subtract_o0_o1__exponential_s0,1000,unpacked|unpacked,[1000]
109,0,1,412,elementwise select,elementwise,omega_elementwise_r2_n3_select,32000,unpacked|unpacked|unpacked,[1000, 32]
110,0,1,413,softmax max,keep::reduce fold,omega_reduce_r2_o1_n1_identity_maximum_negative_infinity,32000,unpacked,[1000, 32]
111,0,1,414,elementwise equal,elementwise,omega_elementwise_r2_n2_equal,32000,unpacked|unpacked,[1000, 32]
112,0,1,416,softmax max,keep::reduce fold,omega_reduce_r2_o1_n2_multiply_maximum_zero,32000,unpacked|unpacked,[1000, 32]
113,0,1,420,matvec Q8_0,keep::reduce fold,omega_reduce_r3_o2_n2_multiply_add_zero_g10,2048,Q8_0|unpacked,[1000, 1024, 512]
114,0,1,428,matvec Q8_0,keep::reduce fold,omega_reduce_r3_o2_n2_multiply_add_zero_epi3_fused_identity_o3__negate_o2__exponential_s1__add_s2_o1__reciprocal_s3__multiply_s4_o0__multiply_s0_s5_g10,2048,Q8_0|unpacked,[1000, 1024, 512]
115,0,1,430,matvec Q8_0,keep::reduce fold,omega_reduce_r3_o2_n2_multiply_add_zero_g10,4096,Q8_0|unpacked,[1000, 512, 1024]
116,0,1,418,softmax exp,elementwise,omega_elementwise_r1_n2_fused_subtract_o0_o1__exponential_s0,1000,unpacked|unpacked,[1000]
117,0,1,434,elementwise select,elementwise,omega_elementwise_r2_n3_select,32000,unpacked|unpacked|unpacked,[1000, 32]
118,0,1,435,softmax max,keep::reduce fold,omega_reduce_r2_o1_n1_identity_maximum_negative_infinity,32000,unpacked,[1000, 32]
119,0,1,436,elementwise equal,elementwise,omega_elementwise_r2_n2_equal,32000,unpacked|unpacked,[1000, 32]
120,0,1,438,softmax max,keep::reduce fold,omega_reduce_r2_o1_n2_multiply_maximum_zero,32000,unpacked|unpacked,[1000, 32]
121,0,1,442,matvec Q8_0,keep::reduce fold,omega_reduce_r3_o2_n2_multiply_add_zero_g10,2048,Q8_0|unpacked,[1000, 1024, 512]
122,0,1,450,matvec Q8_0,keep::reduce fold,omega_reduce_r3_o2_n2_multiply_add_zero_epi3_fused_identity_o3__negate_o2__exponential_s1__add_s2_o1__reciprocal_s3__multiply_s4_o0__multiply_s0_s5_g10,2048,Q8_0|unpacked,[1000, 1024, 512]
123,0,1,452,matvec Q8_0,keep::reduce fold,omega_reduce_r3_o2_n2_multiply_add_zero_g10,4096,Q8_0|unpacked,[1000, 512, 1024]
124,0,1,440,softmax exp,elementwise,omega_elementwise_r1_n2_fused_subtract_o0_o1__exponential_s0,1000,unpacked|unpacked,[1000]
125,0,1,456,elementwise select,elementwise,omega_elementwise_r2_n3_select,32000,unpacked|unpacked|unpacked,[1000, 32]
126,0,1,457,softmax max,keep::reduce fold,omega_reduce_r2_o1_n1_identity_maximum_negative_infinity,32000,unpacked,[1000, 32]
127,0,1,458,elementwise equal,elementwise,omega_elementwise_r2_n2_equal,32000,unpacked|unpacked,[1000, 32]
128,0,1,460,softmax max,keep::reduce fold,omega_reduce_r2_o1_n2_multiply_maximum_zero,32000,unpacked|unpacked,[1000, 32]
129,0,1,464,matvec Q8_0,keep::reduce fold,omega_reduce_r3_o2_n2_multiply_add_zero_g10,2048,Q8_0|unpacked,[1000, 1024, 512]
130,0,1,472,matvec Q8_0,keep::reduce fold,omega_reduce_r3_o2_n2_multiply_add_zero_epi3_fused_identity_o3__negate_o2__exponential_s1__add_s2_o1__reciprocal_s3__multiply_s4_o0__multiply_s0_s5_g10,2048,Q8_0|unpacked,[1000, 1024, 512]
131,0,1,474,matvec Q8_0,keep::reduce fold,omega_reduce_r3_o2_n2_multiply_add_zero_g10,4096,Q8_0|unpacked,[1000, 512, 1024]
132,0,1,462,softmax exp,elementwise,omega_elementwise_r1_n2_fused_subtract_o0_o1__exponential_s0,1000,unpacked|unpacked,[1000]
133,0,1,478,elementwise select,elementwise,omega_elementwise_r2_n3_select,32000,unpacked|unpacked|unpacked,[1000, 32]
134,0,1,479,softmax max,keep::reduce fold,omega_reduce_r2_o1_n1_identity_maximum_negative_infinity,32000,unpacked,[1000, 32]
135,0,1,480,elementwise equal,elementwise,omega_elementwise_r2_n2_equal,32000,unpacked|unpacked,[1000, 32]
136,0,1,482,softmax max,keep::reduce fold,omega_reduce_r2_o1_n2_multiply_maximum_zero,32000,unpacked|unpacked,[1000, 32]
137,0,1,486,matvec Q8_0,keep::reduce fold,omega_reduce_r3_o2_n2_multiply_add_zero_g10,2048,Q8_0|unpacked,[1000, 1024, 512]
138,0,1,494,matvec Q8_0,keep::reduce fold,omega_reduce_r3_o2_n2_multiply_add_zero_epi3_fused_identity_o3__negate_o2__exponential_s1__add_s2_o1__reciprocal_s3__multiply_s4_o0__multiply_s0_s5_g10,2048,Q8_0|unpacked,[1000, 1024, 512]
139,0,1,496,matvec Q8_0,keep::reduce fold,omega_reduce_r3_o2_n2_multiply_add_zero_g10,4096,Q8_0|unpacked,[1000, 512, 1024]
140,0,1,484,softmax exp,elementwise,omega_elementwise_r1_n2_fused_subtract_o0_o1__exponential_s0,1000,unpacked|unpacked,[1000]
141,0,1,500,elementwise select,elementwise,omega_elementwise_r2_n3_select,32000,unpacked|unpacked|unpacked,[1000, 32]
142,0,1,501,softmax max,keep::reduce fold,omega_reduce_r2_o1_n1_identity_maximum_negative_infinity,32000,unpacked,[1000, 32]
143,0,1,502,elementwise equal,elementwise,omega_elementwise_r2_n2_equal,32000,unpacked|unpacked,[1000, 32]
144,0,1,504,softmax max,keep::reduce fold,omega_reduce_r2_o1_n2_multiply_maximum_zero,32000,unpacked|unpacked,[1000, 32]
145,0,1,508,matvec Q8_0,keep::reduce fold,omega_reduce_r3_o2_n2_multiply_add_zero_g10,2048,Q8_0|unpacked,[1000, 1024, 512]
146,0,1,516,matvec Q8_0,keep::reduce fold,omega_reduce_r3_o2_n2_multiply_add_zero_epi3_fused_identity_o3__negate_o2__exponential_s1__add_s2_o1__reciprocal_s3__multiply_s4_o0__multiply_s0_s5_g10,2048,Q8_0|unpacked,[1000, 1024, 512]
147,0,1,518,matvec Q8_0,keep::reduce fold,omega_reduce_r3_o2_n2_multiply_add_zero_g10,4096,Q8_0|unpacked,[1000, 512, 1024]
148,0,1,506,softmax exp,elementwise,omega_elementwise_r1_n2_fused_subtract_o0_o1__exponential_s0,1000,unpacked|unpacked,[1000]
149,0,1,522,elementwise select,elementwise,omega_elementwise_r2_n3_select,32000,unpacked|unpacked|unpacked,[1000, 32]
150,0,1,523,softmax max,keep::reduce fold,omega_reduce_r2_o1_n1_identity_maximum_negative_infinity,32000,unpacked,[1000, 32]
151,0,1,526,softmax max,keep::reduce fold,omega_reduce_r2_o1_n3_fused_equal_o1_o2__multiply_s0_o0_maximum_zero,32000,unpacked|unpacked|unpacked,[1000, 32]
152,0,1,530,matvec Q8_0,keep::reduce fold,omega_reduce_r3_o2_n2_multiply_add_zero_g10,2048,Q8_0|unpacked,[1000, 1024, 512]
153,0,1,538,matvec Q8_0,keep::reduce fold,omega_reduce_r3_o2_n2_multiply_add_zero_epi3_fused_identity_o3__negate_o2__exponential_s1__add_s2_o1__reciprocal_s3__multiply_s4_o0__multiply_s0_s5_g10,2048,Q8_0|unpacked,[1000, 1024, 512]
154,0,1,540,matvec Q8_0,keep::reduce fold,omega_reduce_r3_o2_n2_multiply_add_zero_g10,4096,Q8_0|unpacked,[1000, 512, 1024]
155,0,1,528,softmax exp,elementwise,omega_elementwise_r1_n2_fused_subtract_o0_o1__exponential_s0,1000,unpacked|unpacked,[1000]
156,0,1,547,matvec Q8_0,keep::reduce fold,omega_reduce_r3_o2_n2_multiply_add_zero_epi25_fused_identity_o25__multiply_s0_o2__multiply_o3_o4__add_s1_s2__multiply_o5_o6__add_s3_s4__multiply_o7_o8__add_s5_s6__multiply_o9_o10__add_s7_s8__multiply_o11_o12__add_s9_s10__multiply_o13_o14__add_s11_s12__multiply_o15_o16__add_s13_s14__add_o17_o18__add_s16_o19__add_s17_o20__add_s18_o21__add_s19_o22__add_s20_o23__add_s21_o24__reciprocal_s22__multiply_s15_s23__multiply_s24_o1__add_s25_o0_g10,4096,Q8_0|unpacked,[1000, 512, 1024]
157,0,1,568,RMSNorm sumsq + fused epilogue,keep::reduce fold,omega_reduce_r2_o1_n2_multiply_add_zero_epi4_fused_identity_o4__multiply_s0_o3__add_s1_o2__square_root_s2__reciprocal_s3__multiply_s4_o1__multiply_s5_o0,256000,unpacked|unpacked,[1000, 1024]
158,0,1,574,matvec Q8_0,keep::reduce fold,omega_reduce_r4_o3_n2_multiply_add_zero,512000,Q8_0|unpacked,[1000, 8, 64, 1024]
159,0,1,570,matvec Q8_0,keep::reduce fold,omega_reduce_r4_o3_n2_multiply_add_zero,1024000,Q8_0|unpacked,[1000, 16, 64, 1024]
160,0,1,572,matvec Q8_0,keep::reduce fold,omega_reduce_r4_o3_n2_multiply_add_zero,512000,Q8_0|unpacked,[1000, 8, 64, 1024]
161,0,1,586,RoPE,elementwise,omega_elementwise_r3_n4_fused_multiply_o0_o1__multiply_o2_o3__add_s0_s1,256000,unpacked|unpacked|unpacked|unpacked,[1000, 8, 32]
162,0,1,583,RoPE,elementwise,omega_elementwise_r3_n4_fused_multiply_o0_o1__multiply_o2_o3__subtract_s0_s1,256000,unpacked|unpacked|unpacked|unpacked,[1000, 8, 32]
163,0,1,577,RoPE,elementwise,omega_elementwise_r3_n4_fused_multiply_o0_o1__multiply_o2_o3__subtract_s0_s1,512000,unpacked|unpacked|unpacked|unpacked,[1000, 16, 32]
164,0,1,580,RoPE,elementwise,omega_elementwise_r3_n4_fused_multiply_o0_o1__multiply_o2_o3__add_s0_s1,512000,unpacked|unpacked|unpacked|unpacked,[1000, 16, 32]
165,0,1,619,cached attention partial,cached_attention,omega_cached_attention_q1000_c1024_n1000_h8_g2_d64_s3c800000_ln9223372036854775808_up0_cb,2048000,unpacked|unpacked|unpacked|unpacked|unpacked|unpacked|unpacked|unpacked|unpacked,[1000, 8, 2, 64]
166,0,1,623,matvec Q8_0,keep::reduce fold,omega_reduce_r5_o2_n2_multiply_add_zero_epi2_fused_identity_o2__multiply_s0_o1__add_s1_o0,1024000,Q8_0|unpacked,[1000, 8, 2, 64, 1024]
167,0,1,631,RMSNorm sumsq + fused epilogue,keep::reduce fold,omega_reduce_r2_o1_n2_multiply_add_zero_epi4_fused_identity_o4__multiply_s0_o3__add_s1_o2__square_root_s2__reciprocal_s3__multiply_s4_o1__multiply_s5_o0,256000,unpacked|unpacked,[1000, 1024]
168,0,1,633,matvec f32,keep::reduce fold,omega_reduce_r3_o2_n2_multiply_add_zero,4096,unpacked|unpacked,[1000, 1024, 32]
169,0,1,634,iota,iota,omega_iota_r1,32,,[32]
170,0,1,635,constant,constant,omega_constant_r0_vff800000,1,,[]
171,0,1,636,softmax max,keep::reduce fold,omega_reduce_r2_o1_n1_identity_maximum_negative_infinity,32000,unpacked,[1000, 32]
172,0,1,637,elementwise equal,elementwise,omega_elementwise_r2_n2_equal,32000,unpacked|unpacked,[1000, 32]
173,0,1,639,softmax max,keep::reduce fold,omega_reduce_r2_o1_n2_multiply_maximum_zero,32000,unpacked|unpacked,[1000, 32]
174,0,1,643,matvec Q8_0,keep::reduce fold,omega_reduce_r3_o2_n2_multiply_add_zero_g10,2048,Q8_0|unpacked,[1000, 1024, 512]
175,0,1,651,matvec Q8_0,keep::reduce fold,omega_reduce_r3_o2_n2_multiply_add_zero_epi3_fused_identity_o3__negate_o2__exponential_s1__add_s2_o1__reciprocal_s3__multiply_s4_o0__multiply_s0_s5_g10,2048,Q8_0|unpacked,[1000, 1024, 512]
176,0,1,641,softmax exp,elementwise,omega_elementwise_r1_n2_fused_subtract_o0_o1__exponential_s0,1000,unpacked|unpacked,[1000]
177,0,1,655,elementwise select,elementwise,omega_elementwise_r2_n3_select,32000,unpacked|unpacked|unpacked,[1000, 32]
178,0,1,656,softmax max,keep::reduce fold,omega_reduce_r2_o1_n1_identity_maximum_negative_infinity,32000,unpacked,[1000, 32]
179,0,1,657,elementwise equal,elementwise,omega_elementwise_r2_n2_equal,32000,unpacked|unpacked,[1000, 32]
180,0,1,659,softmax max,keep::reduce fold,omega_reduce_r2_o1_n2_multiply_maximum_zero,32000,unpacked|unpacked,[1000, 32]
181,0,1,663,matvec Q8_0,keep::reduce fold,omega_reduce_r3_o2_n2_multiply_add_zero_g10,2048,Q8_0|unpacked,[1000, 1024, 512]
182,0,1,671,matvec Q8_0,keep::reduce fold,omega_reduce_r3_o2_n2_multiply_add_zero_epi3_fused_identity_o3__negate_o2__exponential_s1__add_s2_o1__reciprocal_s3__multiply_s4_o0__multiply_s0_s5_g10,2048,Q8_0|unpacked,[1000, 1024, 512]
183,0,1,673,matvec Q8_0,keep::reduce fold,omega_reduce_r3_o2_n2_multiply_add_zero_g10,4096,Q8_0|unpacked,[1000, 512, 1024]
184,0,1,661,softmax exp,elementwise,omega_elementwise_r1_n2_fused_subtract_o0_o1__exponential_s0,1000,unpacked|unpacked,[1000]
185,0,1,677,elementwise select,elementwise,omega_elementwise_r2_n3_select,32000,unpacked|unpacked|unpacked,[1000, 32]
186,0,1,678,softmax max,keep::reduce fold,omega_reduce_r2_o1_n1_identity_maximum_negative_infinity,32000,unpacked,[1000, 32]
187,0,1,679,elementwise equal,elementwise,omega_elementwise_r2_n2_equal,32000,unpacked|unpacked,[1000, 32]
188,0,1,681,softmax max,keep::reduce fold,omega_reduce_r2_o1_n2_multiply_maximum_zero,32000,unpacked|unpacked,[1000, 32]
189,0,1,685,matvec Q8_0,keep::reduce fold,omega_reduce_r3_o2_n2_multiply_add_zero_g10,2048,Q8_0|unpacked,[1000, 1024, 512]
190,0,1,693,matvec Q8_0,keep::reduce fold,omega_reduce_r3_o2_n2_multiply_add_zero_epi3_fused_identity_o3__negate_o2__exponential_s1__add_s2_o1__reciprocal_s3__multiply_s4_o0__multiply_s0_s5_g10,2048,Q8_0|unpacked,[1000, 1024, 512]
191,0,1,695,matvec Q8_0,keep::reduce fold,omega_reduce_r3_o2_n2_multiply_add_zero_g10,4096,Q8_0|unpacked,[1000, 512, 1024]
192,0,1,683,softmax exp,elementwise,omega_elementwise_r1_n2_fused_subtract_o0_o1__exponential_s0,1000,unpacked|unpacked,[1000]
193,0,1,699,elementwise select,elementwise,omega_elementwise_r2_n3_select,32000,unpacked|unpacked|unpacked,[1000, 32]
194,0,1,700,softmax max,keep::reduce fold,omega_reduce_r2_o1_n1_identity_maximum_negative_infinity,32000,unpacked,[1000, 32]
195,0,1,701,elementwise equal,elementwise,omega_elementwise_r2_n2_equal,32000,unpacked|unpacked,[1000, 32]
196,0,1,703,softmax max,keep::reduce fold,omega_reduce_r2_o1_n2_multiply_maximum_zero,32000,unpacked|unpacked,[1000, 32]
197,0,1,707,matvec Q8_0,keep::reduce fold,omega_reduce_r3_o2_n2_multiply_add_zero_g10,2048,Q8_0|unpacked,[1000, 1024, 512]
198,0,1,715,matvec Q8_0,keep::reduce fold,omega_reduce_r3_o2_n2_multiply_add_zero_epi3_fused_identity_o3__negate_o2__exponential_s1__add_s2_o1__reciprocal_s3__multiply_s4_o0__multiply_s0_s5_g10,2048,Q8_0|unpacked,[1000, 1024, 512]
199,0,1,717,matvec Q8_0,keep::reduce fold,omega_reduce_r3_o2_n2_multiply_add_zero_g10,4096,Q8_0|unpacked,[1000, 512, 1024]
200,0,1,705,softmax exp,elementwise,omega_elementwise_r1_n2_fused_subtract_o0_o1__exponential_s0,1000,unpacked|unpacked,[1000]
201,0,1,721,elementwise select,elementwise,omega_elementwise_r2_n3_select,32000,unpacked|unpacked|unpacked,[1000, 32]
202,0,1,722,softmax max,keep::reduce fold,omega_reduce_r2_o1_n1_identity_maximum_negative_infinity,32000,unpacked,[1000, 32]
203,0,1,723,elementwise equal,elementwise,omega_elementwise_r2_n2_equal,32000,unpacked|unpacked,[1000, 32]
204,0,1,725,softmax max,keep::reduce fold,omega_reduce_r2_o1_n2_multiply_maximum_zero,32000,unpacked|unpacked,[1000, 32]
205,0,1,729,matvec Q8_0,keep::reduce fold,omega_reduce_r3_o2_n2_multiply_add_zero_g10,2048,Q8_0|unpacked,[1000, 1024, 512]
206,0,1,737,matvec Q8_0,keep::reduce fold,omega_reduce_r3_o2_n2_multiply_add_zero_epi3_fused_identity_o3__negate_o2__exponential_s1__add_s2_o1__reciprocal_s3__multiply_s4_o0__multiply_s0_s5_g10,2048,Q8_0|unpacked,[1000, 1024, 512]
207,0,1,739,matvec Q8_0,keep::reduce fold,omega_reduce_r3_o2_n2_multiply_add_zero_g10,4096,Q8_0|unpacked,[1000, 512, 1024]
208,0,1,727,softmax exp,elementwise,omega_elementwise_r1_n2_fused_subtract_o0_o1__exponential_s0,1000,unpacked|unpacked,[1000]
209,0,1,743,elementwise select,elementwise,omega_elementwise_r2_n3_select,32000,unpacked|unpacked|unpacked,[1000, 32]
210,0,1,744,softmax max,keep::reduce fold,omega_reduce_r2_o1_n1_identity_maximum_negative_infinity,32000,unpacked,[1000, 32]
211,0,1,745,elementwise equal,elementwise,omega_elementwise_r2_n2_equal,32000,unpacked|unpacked,[1000, 32]
212,0,1,747,softmax max,keep::reduce fold,omega_reduce_r2_o1_n2_multiply_maximum_zero,32000,unpacked|unpacked,[1000, 32]
213,0,1,751,matvec Q8_0,keep::reduce fold,omega_reduce_r3_o2_n2_multiply_add_zero_g10,2048,Q8_0|unpacked,[1000, 1024, 512]
214,0,1,759,matvec Q8_0,keep::reduce fold,omega_reduce_r3_o2_n2_multiply_add_zero_epi3_fused_identity_o3__negate_o2__exponential_s1__add_s2_o1__reciprocal_s3__multiply_s4_o0__multiply_s0_s5_g10,2048,Q8_0|unpacked,[1000, 1024, 512]
215,0,1,761,matvec Q8_0,keep::reduce fold,omega_reduce_r3_o2_n2_multiply_add_zero_g10,4096,Q8_0|unpacked,[1000, 512, 1024]
216,0,1,749,softmax exp,elementwise,omega_elementwise_r1_n2_fused_subtract_o0_o1__exponential_s0,1000,unpacked|unpacked,[1000]
217,0,1,765,elementwise select,elementwise,omega_elementwise_r2_n3_select,32000,unpacked|unpacked|unpacked,[1000, 32]
218,0,1,766,softmax max,keep::reduce fold,omega_reduce_r2_o1_n1_identity_maximum_negative_infinity,32000,unpacked,[1000, 32]
219,0,1,767,elementwise equal,elementwise,omega_elementwise_r2_n2_equal,32000,unpacked|unpacked,[1000, 32]
220,0,1,769,softmax max,keep::reduce fold,omega_reduce_r2_o1_n2_multiply_maximum_zero,32000,unpacked|unpacked,[1000, 32]
221,0,1,773,matvec Q8_0,keep::reduce fold,omega_reduce_r3_o2_n2_multiply_add_zero_g10,2048,Q8_0|unpacked,[1000, 1024, 512]
222,0,1,781,matvec Q8_0,keep::reduce fold,omega_reduce_r3_o2_n2_multiply_add_zero_epi3_fused_identity_o3__negate_o2__exponential_s1__add_s2_o1__reciprocal_s3__multiply_s4_o0__multiply_s0_s5_g10,2048,Q8_0|unpacked,[1000, 1024, 512]
223,0,1,783,matvec Q8_0,keep::reduce fold,omega_reduce_r3_o2_n2_multiply_add_zero_g10,4096,Q8_0|unpacked,[1000, 512, 1024]
224,0,1,771,softmax exp,elementwise,omega_elementwise_r1_n2_fused_subtract_o0_o1__exponential_s0,1000,unpacked|unpacked,[1000]
225,0,1,787,elementwise select,elementwise,omega_elementwise_r2_n3_select,32000,unpacked|unpacked|unpacked,[1000, 32]
226,0,1,788,softmax max,keep::reduce fold,omega_reduce_r2_o1_n1_identity_maximum_negative_infinity,32000,unpacked,[1000, 32]
227,0,1,791,softmax max,keep::reduce fold,omega_reduce_r2_o1_n3_fused_equal_o1_o2__multiply_s0_o0_maximum_zero,32000,unpacked|unpacked|unpacked,[1000, 32]
228,0,1,795,matvec Q8_0,keep::reduce fold,omega_reduce_r3_o2_n2_multiply_add_zero_g10,2048,Q8_0|unpacked,[1000, 1024, 512]
229,0,1,803,matvec Q8_0,keep::reduce fold,omega_reduce_r3_o2_n2_multiply_add_zero_epi3_fused_identity_o3__negate_o2__exponential_s1__add_s2_o1__reciprocal_s3__multiply_s4_o0__multiply_s0_s5_g10,2048,Q8_0|unpacked,[1000, 1024, 512]
230,0,1,805,matvec Q8_0,keep::reduce fold,omega_reduce_r3_o2_n2_multiply_add_zero_g10,4096,Q8_0|unpacked,[1000, 512, 1024]
231,0,1,793,softmax exp,elementwise,omega_elementwise_r1_n2_fused_subtract_o0_o1__exponential_s0,1000,unpacked|unpacked,[1000]
232,0,1,812,matvec Q8_0,keep::reduce fold,omega_reduce_r3_o2_n2_multiply_add_zero_epi25_fused_identity_o25__multiply_s0_o2__multiply_o3_o4__add_s1_s2__multiply_o5_o6__add_s3_s4__multiply_o7_o8__add_s5_s6__multiply_o9_o10__add_s7_s8__multiply_o11_o12__add_s9_s10__multiply_o13_o14__add_s11_s12__multiply_o15_o16__add_s13_s14__add_o17_o18__add_s16_o19__add_s17_o20__add_s18_o21__add_s19_o22__add_s20_o23__add_s21_o24__reciprocal_s22__multiply_s15_s23__multiply_s24_o1__add_s25_o0_g10,4096,Q8_0|unpacked,[1000, 512, 1024]
233,0,1,833,RMSNorm sumsq + fused epilogue,keep::reduce fold,omega_reduce_r2_o1_n2_multiply_add_zero_epi4_fused_identity_o4__multiply_s0_o3__add_s1_o2__square_root_s2__reciprocal_s3__multiply_s4_o1__multiply_s5_o0,256000,unpacked|unpacked,[1000, 1024]
234,0,1,839,matvec Q8_0,keep::reduce fold,omega_reduce_r4_o3_n2_multiply_add_zero,512000,Q8_0|unpacked,[1000, 8, 64, 1024]
235,0,1,835,matvec Q8_0,keep::reduce fold,omega_reduce_r4_o3_n2_multiply_add_zero,1024000,Q8_0|unpacked,[1000, 16, 64, 1024]
236,0,1,837,matvec Q8_0,keep::reduce fold,omega_reduce_r4_o3_n2_multiply_add_zero,512000,Q8_0|unpacked,[1000, 8, 64, 1024]
237,0,1,851,RoPE,elementwise,omega_elementwise_r3_n4_fused_multiply_o0_o1__multiply_o2_o3__add_s0_s1,256000,unpacked|unpacked|unpacked|unpacked,[1000, 8, 32]
238,0,1,848,RoPE,elementwise,omega_elementwise_r3_n4_fused_multiply_o0_o1__multiply_o2_o3__subtract_s0_s1,256000,unpacked|unpacked|unpacked|unpacked,[1000, 8, 32]
239,0,1,842,RoPE,elementwise,omega_elementwise_r3_n4_fused_multiply_o0_o1__multiply_o2_o3__subtract_s0_s1,512000,unpacked|unpacked|unpacked|unpacked,[1000, 16, 32]
240,0,1,845,RoPE,elementwise,omega_elementwise_r3_n4_fused_multiply_o0_o1__multiply_o2_o3__add_s0_s1,512000,unpacked|unpacked|unpacked|unpacked,[1000, 16, 32]
241,0,1,884,cached attention partial,cached_attention,omega_cached_attention_q1000_c1024_n1000_h8_g2_d64_s3c800000_ln9223372036854775808_up0_cb,2048000,unpacked|unpacked|unpacked|unpacked|unpacked|unpacked|unpacked|unpacked|unpacked,[1000, 8, 2, 64]
242,0,1,888,matvec Q8_0,keep::reduce fold,omega_reduce_r5_o2_n2_multiply_add_zero_epi2_fused_identity_o2__multiply_s0_o1__add_s1_o0,1024000,Q8_0|unpacked,[1000, 8, 2, 64, 1024]
243,0,1,896,RMSNorm sumsq + fused epilogue,keep::reduce fold,omega_reduce_r2_o1_n2_multiply_add_zero_epi4_fused_identity_o4__multiply_s0_o3__add_s1_o2__square_root_s2__reciprocal_s3__multiply_s4_o1__multiply_s5_o0,256000,unpacked|unpacked,[1000, 1024]
244,0,1,898,matvec f32,keep::reduce fold,omega_reduce_r3_o2_n2_multiply_add_zero,4096,unpacked|unpacked,[1000, 1024, 32]
245,0,1,899,iota,iota,omega_iota_r1,32,,[32]
246,0,1,900,constant,constant,omega_constant_r0_vff800000,1,,[]
247,0,1,901,softmax max,keep::reduce fold,omega_reduce_r2_o1_n1_identity_maximum_negative_infinity,32000,unpacked,[1000, 32]
248,0,1,902,elementwise equal,elementwise,omega_elementwise_r2_n2_equal,32000,unpacked|unpacked,[1000, 32]
249,0,1,904,softmax max,keep::reduce fold,omega_reduce_r2_o1_n2_multiply_maximum_zero,32000,unpacked|unpacked,[1000, 32]
250,0,1,908,matvec Q8_0,keep::reduce fold,omega_reduce_r3_o2_n2_multiply_add_zero_g10,2048,Q8_0|unpacked,[1000, 1024, 512]
251,0,1,916,matvec Q8_0,keep::reduce fold,omega_reduce_r3_o2_n2_multiply_add_zero_epi3_fused_identity_o3__negate_o2__exponential_s1__add_s2_o1__reciprocal_s3__multiply_s4_o0__multiply_s0_s5_g10,2048,Q8_0|unpacked,[1000, 1024, 512]
252,0,1,906,softmax exp,elementwise,omega_elementwise_r1_n2_fused_subtract_o0_o1__exponential_s0,1000,unpacked|unpacked,[1000]
253,0,1,920,elementwise select,elementwise,omega_elementwise_r2_n3_select,32000,unpacked|unpacked|unpacked,[1000, 32]
254,0,1,921,softmax max,keep::reduce fold,omega_reduce_r2_o1_n1_identity_maximum_negative_infinity,32000,unpacked,[1000, 32]
255,0,1,922,elementwise equal,elementwise,omega_elementwise_r2_n2_equal,32000,unpacked|unpacked,[1000, 32]
256,0,1,924,softmax max,keep::reduce fold,omega_reduce_r2_o1_n2_multiply_maximum_zero,32000,unpacked|unpacked,[1000, 32]
257,0,1,928,matvec Q8_0,keep::reduce fold,omega_reduce_r3_o2_n2_multiply_add_zero_g10,2048,Q8_0|unpacked,[1000, 1024, 512]
258,0,1,936,matvec Q8_0,keep::reduce fold,omega_reduce_r3_o2_n2_multiply_add_zero_epi3_fused_identity_o3__negate_o2__exponential_s1__add_s2_o1__reciprocal_s3__multiply_s4_o0__multiply_s0_s5_g10,2048,Q8_0|unpacked,[1000, 1024, 512]
259,0,1,938,matvec Q8_0,keep::reduce fold,omega_reduce_r3_o2_n2_multiply_add_zero_g10,4096,Q8_0|unpacked,[1000, 512, 1024]
260,0,1,926,softmax exp,elementwise,omega_elementwise_r1_n2_fused_subtract_o0_o1__exponential_s0,1000,unpacked|unpacked,[1000]
261,0,1,942,elementwise select,elementwise,omega_elementwise_r2_n3_select,32000,unpacked|unpacked|unpacked,[1000, 32]
262,0,1,943,softmax max,keep::reduce fold,omega_reduce_r2_o1_n1_identity_maximum_negative_infinity,32000,unpacked,[1000, 32]
263,0,1,944,elementwise equal,elementwise,omega_elementwise_r2_n2_equal,32000,unpacked|unpacked,[1000, 32]
264,0,1,946,softmax max,keep::reduce fold,omega_reduce_r2_o1_n2_multiply_maximum_zero,32000,unpacked|unpacked,[1000, 32]
265,0,1,950,matvec Q8_0,keep::reduce fold,omega_reduce_r3_o2_n2_multiply_add_zero_g10,2048,Q8_0|unpacked,[1000, 1024, 512]
266,0,1,958,matvec Q8_0,keep::reduce fold,omega_reduce_r3_o2_n2_multiply_add_zero_epi3_fused_identity_o3__negate_o2__exponential_s1__add_s2_o1__reciprocal_s3__multiply_s4_o0__multiply_s0_s5_g10,2048,Q8_0|unpacked,[1000, 1024, 512]
267,0,1,960,matvec Q8_0,keep::reduce fold,omega_reduce_r3_o2_n2_multiply_add_zero_g10,4096,Q8_0|unpacked,[1000, 512, 1024]
268,0,1,948,softmax exp,elementwise,omega_elementwise_r1_n2_fused_subtract_o0_o1__exponential_s0,1000,unpacked|unpacked,[1000]
269,0,1,964,elementwise select,elementwise,omega_elementwise_r2_n3_select,32000,unpacked|unpacked|unpacked,[1000, 32]
270,0,1,965,softmax max,keep::reduce fold,omega_reduce_r2_o1_n1_identity_maximum_negative_infinity,32000,unpacked,[1000, 32]
271,0,1,966,elementwise equal,elementwise,omega_elementwise_r2_n2_equal,32000,unpacked|unpacked,[1000, 32]
272,0,1,968,softmax max,keep::reduce fold,omega_reduce_r2_o1_n2_multiply_maximum_zero,32000,unpacked|unpacked,[1000, 32]
273,0,1,972,matvec Q8_0,keep::reduce fold,omega_reduce_r3_o2_n2_multiply_add_zero_g10,2048,Q8_0|unpacked,[1000, 1024, 512]
274,0,1,980,matvec Q8_0,keep::reduce fold,omega_reduce_r3_o2_n2_multiply_add_zero_epi3_fused_identity_o3__negate_o2__exponential_s1__add_s2_o1__reciprocal_s3__multiply_s4_o0__multiply_s0_s5_g10,2048,Q8_0|unpacked,[1000, 1024, 512]
275,0,1,982,matvec Q8_0,keep::reduce fold,omega_reduce_r3_o2_n2_multiply_add_zero_g10,4096,Q8_0|unpacked,[1000, 512, 1024]
276,0,1,970,softmax exp,elementwise,omega_elementwise_r1_n2_fused_subtract_o0_o1__exponential_s0,1000,unpacked|unpacked,[1000]
277,0,1,986,elementwise select,elementwise,omega_elementwise_r2_n3_select,32000,unpacked|unpacked|unpacked,[1000, 32]
278,0,1,987,softmax max,keep::reduce fold,omega_reduce_r2_o1_n1_identity_maximum_negative_infinity,32000,unpacked,[1000, 32]
279,0,1,988,elementwise equal,elementwise,omega_elementwise_r2_n2_equal,32000,unpacked|unpacked,[1000, 32]
280,0,1,990,softmax max,keep::reduce fold,omega_reduce_r2_o1_n2_multiply_maximum_zero,32000,unpacked|unpacked,[1000, 32]
281,0,1,994,matvec Q8_0,keep::reduce fold,omega_reduce_r3_o2_n2_multiply_add_zero_g10,2048,Q8_0|unpacked,[1000, 1024, 512]
282,0,1,1002,matvec Q8_0,keep::reduce fold,omega_reduce_r3_o2_n2_multiply_add_zero_epi3_fused_identity_o3__negate_o2__exponential_s1__add_s2_o1__reciprocal_s3__multiply_s4_o0__multiply_s0_s5_g10,2048,Q8_0|unpacked,[1000, 1024, 512]
283,0,1,1004,matvec Q8_0,keep::reduce fold,omega_reduce_r3_o2_n2_multiply_add_zero_g10,4096,Q8_0|unpacked,[1000, 512, 1024]
284,0,1,992,softmax exp,elementwise,omega_elementwise_r1_n2_fused_subtract_o0_o1__exponential_s0,1000,unpacked|unpacked,[1000]
285,0,1,1008,elementwise select,elementwise,omega_elementwise_r2_n3_select,32000,unpacked|unpacked|unpacked,[1000, 32]
286,0,1,1009,softmax max,keep::reduce fold,omega_reduce_r2_o1_n1_identity_maximum_negative_infinity,32000,unpacked,[1000, 32]
287,0,1,1010,elementwise equal,elementwise,omega_elementwise_r2_n2_equal,32000,unpacked|unpacked,[1000, 32]
288,0,1,1012,softmax max,keep::reduce fold,omega_reduce_r2_o1_n2_multiply_maximum_zero,32000,unpacked|unpacked,[1000, 32]
289,0,1,1016,matvec Q8_0,keep::reduce fold,omega_reduce_r3_o2_n2_multiply_add_zero_g10,2048,Q8_0|unpacked,[1000, 1024, 512]
290,0,1,1024,matvec Q8_0,keep::reduce fold,omega_reduce_r3_o2_n2_multiply_add_zero_epi3_fused_identity_o3__negate_o2__exponential_s1__add_s2_o1__reciprocal_s3__multiply_s4_o0__multiply_s0_s5_g10,2048,Q8_0|unpacked,[1000, 1024, 512]
291,0,1,1026,matvec Q8_0,keep::reduce fold,omega_reduce_r3_o2_n2_multiply_add_zero_g10,4096,Q8_0|unpacked,[1000, 512, 1024]
292,0,1,1014,softmax exp,elementwise,omega_elementwise_r1_n2_fused_subtract_o0_o1__exponential_s0,1000,unpacked|unpacked,[1000]
293,0,1,1030,elementwise select,elementwise,omega_elementwise_r2_n3_select,32000,unpacked|unpacked|unpacked,[1000, 32]
294,0,1,1031,softmax max,keep::reduce fold,omega_reduce_r2_o1_n1_identity_maximum_negative_infinity,32000,unpacked,[1000, 32]
295,0,1,1032,elementwise equal,elementwise,omega_elementwise_r2_n2_equal,32000,unpacked|unpacked,[1000, 32]
296,0,1,1034,softmax max,keep::reduce fold,omega_reduce_r2_o1_n2_multiply_maximum_zero,32000,unpacked|unpacked,[1000, 32]
297,0,1,1038,matvec Q8_0,keep::reduce fold,omega_reduce_r3_o2_n2_multiply_add_zero_g10,2048,Q8_0|unpacked,[1000, 1024, 512]
298,0,1,1046,matvec Q8_0,keep::reduce fold,omega_reduce_r3_o2_n2_multiply_add_zero_epi3_fused_identity_o3__negate_o2__exponential_s1__add_s2_o1__reciprocal_s3__multiply_s4_o0__multiply_s0_s5_g10,2048,Q8_0|unpacked,[1000, 1024, 512]
299,0,1,1048,matvec Q8_0,keep::reduce fold,omega_reduce_r3_o2_n2_multiply_add_zero_g10,4096,Q8_0|unpacked,[1000, 512, 1024]
300,0,1,1036,softmax exp,elementwise,omega_elementwise_r1_n2_fused_subtract_o0_o1__exponential_s0,1000,unpacked|unpacked,[1000]
301,0,1,1052,elementwise select,elementwise,omega_elementwise_r2_n3_select,32000,unpacked|unpacked|unpacked,[1000, 32]
302,0,1,1053,softmax max,keep::reduce fold,omega_reduce_r2_o1_n1_identity_maximum_negative_infinity,32000,unpacked,[1000, 32]
303,0,1,1056,softmax max,keep::reduce fold,omega_reduce_r2_o1_n3_fused_equal_o1_o2__multiply_s0_o0_maximum_zero,32000,unpacked|unpacked|unpacked,[1000, 32]
304,0,1,1060,matvec Q8_0,keep::reduce fold,omega_reduce_r3_o2_n2_multiply_add_zero_g10,2048,Q8_0|unpacked,[1000, 1024, 512]
305,0,1,1068,matvec Q8_0,keep::reduce fold,omega_reduce_r3_o2_n2_multiply_add_zero_epi3_fused_identity_o3__negate_o2__exponential_s1__add_s2_o1__reciprocal_s3__multiply_s4_o0__multiply_s0_s5_g10,2048,Q8_0|unpacked,[1000, 1024, 512]
306,0,1,1070,matvec Q8_0,keep::reduce fold,omega_reduce_r3_o2_n2_multiply_add_zero_g10,4096,Q8_0|unpacked,[1000, 512, 1024]
307,0,1,1058,softmax exp,elementwise,omega_elementwise_r1_n2_fused_subtract_o0_o1__exponential_s0,1000,unpacked|unpacked,[1000]
308,0,1,1077,matvec Q8_0,keep::reduce fold,omega_reduce_r3_o2_n2_multiply_add_zero_epi25_fused_identity_o25__multiply_s0_o2__multiply_o3_o4__add_s1_s2__multiply_o5_o6__add_s3_s4__multiply_o7_o8__add_s5_s6__multiply_o9_o10__add_s7_s8__multiply_o11_o12__add_s9_s10__multiply_o13_o14__add_s11_s12__multiply_o15_o16__add_s13_s14__add_o17_o18__add_s16_o19__add_s17_o20__add_s18_o21__add_s19_o22__add_s20_o23__add_s21_o24__reciprocal_s22__multiply_s15_s23__multiply_s24_o1__add_s25_o0_g10,4096,Q8_0|unpacked,[1000, 512, 1024]
309,0,1,1098,RMSNorm sumsq + fused epilogue,keep::reduce fold,omega_reduce_r2_o1_n2_multiply_add_zero_epi4_fused_identity_o4__multiply_s0_o3__add_s1_o2__square_root_s2__reciprocal_s3__multiply_s4_o1__multiply_s5_o0,256000,unpacked|unpacked,[1000, 1024]
310,0,1,1104,matvec Q8_0,keep::reduce fold,omega_reduce_r4_o3_n2_multiply_add_zero,512000,Q8_0|unpacked,[1000, 8, 64, 1024]
311,0,1,1100,matvec Q8_0,keep::reduce fold,omega_reduce_r4_o3_n2_multiply_add_zero,1024000,Q8_0|unpacked,[1000, 16, 64, 1024]
312,0,1,1102,matvec Q8_0,keep::reduce fold,omega_reduce_r4_o3_n2_multiply_add_zero,512000,Q8_0|unpacked,[1000, 8, 64, 1024]
313,0,1,1116,RoPE,elementwise,omega_elementwise_r3_n4_fused_multiply_o0_o1__multiply_o2_o3__add_s0_s1,256000,unpacked|unpacked|unpacked|unpacked,[1000, 8, 32]
314,0,1,1113,RoPE,elementwise,omega_elementwise_r3_n4_fused_multiply_o0_o1__multiply_o2_o3__subtract_s0_s1,256000,unpacked|unpacked|unpacked|unpacked,[1000, 8, 32]
315,0,1,1107,RoPE,elementwise,omega_elementwise_r3_n4_fused_multiply_o0_o1__multiply_o2_o3__subtract_s0_s1,512000,unpacked|unpacked|unpacked|unpacked,[1000, 16, 32]
316,0,1,1110,RoPE,elementwise,omega_elementwise_r3_n4_fused_multiply_o0_o1__multiply_o2_o3__add_s0_s1,512000,unpacked|unpacked|unpacked|unpacked,[1000, 16, 32]
317,0,1,1149,cached attention partial,cached_attention,omega_cached_attention_q1000_c1024_n1000_h8_g2_d64_s3c800000_ln9223372036854775808_up0_cb,2048000,unpacked|unpacked|unpacked|unpacked|unpacked|unpacked|unpacked|unpacked|unpacked,[1000, 8, 2, 64]
318,0,1,1153,matvec Q8_0,keep::reduce fold,omega_reduce_r5_o2_n2_multiply_add_zero_epi2_fused_identity_o2__multiply_s0_o1__add_s1_o0,1024000,Q8_0|unpacked,[1000, 8, 2, 64, 1024]
319,0,1,1161,RMSNorm sumsq + fused epilogue,keep::reduce fold,omega_reduce_r2_o1_n2_multiply_add_zero_epi4_fused_identity_o4__multiply_s0_o3__add_s1_o2__square_root_s2__reciprocal_s3__multiply_s4_o1__multiply_s5_o0,256000,unpacked|unpacked,[1000, 1024]
320,0,1,1163,matvec f32,keep::reduce fold,omega_reduce_r3_o2_n2_multiply_add_zero,4096,unpacked|unpacked,[1000, 1024, 32]
321,0,1,1164,iota,iota,omega_iota_r1,32,,[32]
322,0,1,1165,constant,constant,omega_constant_r0_vff800000,1,,[]
323,0,1,1166,softmax max,keep::reduce fold,omega_reduce_r2_o1_n1_identity_maximum_negative_infinity,32000,unpacked,[1000, 32]
324,0,1,1167,elementwise equal,elementwise,omega_elementwise_r2_n2_equal,32000,unpacked|unpacked,[1000, 32]
325,0,1,1169,softmax max,keep::reduce fold,omega_reduce_r2_o1_n2_multiply_maximum_zero,32000,unpacked|unpacked,[1000, 32]
326,0,1,1173,matvec Q8_0,keep::reduce fold,omega_reduce_r3_o2_n2_multiply_add_zero_g10,2048,Q8_0|unpacked,[1000, 1024, 512]
327,0,1,1181,matvec Q8_0,keep::reduce fold,omega_reduce_r3_o2_n2_multiply_add_zero_epi3_fused_identity_o3__negate_o2__exponential_s1__add_s2_o1__reciprocal_s3__multiply_s4_o0__multiply_s0_s5_g10,2048,Q8_0|unpacked,[1000, 1024, 512]
328,0,1,1171,softmax exp,elementwise,omega_elementwise_r1_n2_fused_subtract_o0_o1__exponential_s0,1000,unpacked|unpacked,[1000]
329,0,1,1185,elementwise select,elementwise,omega_elementwise_r2_n3_select,32000,unpacked|unpacked|unpacked,[1000, 32]
330,0,1,1186,softmax max,keep::reduce fold,omega_reduce_r2_o1_n1_identity_maximum_negative_infinity,32000,unpacked,[1000, 32]
331,0,1,1187,elementwise equal,elementwise,omega_elementwise_r2_n2_equal,32000,unpacked|unpacked,[1000, 32]
332,0,1,1189,softmax max,keep::reduce fold,omega_reduce_r2_o1_n2_multiply_maximum_zero,32000,unpacked|unpacked,[1000, 32]
333,0,1,1193,matvec Q8_0,keep::reduce fold,omega_reduce_r3_o2_n2_multiply_add_zero_g10,2048,Q8_0|unpacked,[1000, 1024, 512]
334,0,1,1201,matvec Q8_0,keep::reduce fold,omega_reduce_r3_o2_n2_multiply_add_zero_epi3_fused_identity_o3__negate_o2__exponential_s1__add_s2_o1__reciprocal_s3__multiply_s4_o0__multiply_s0_s5_g10,2048,Q8_0|unpacked,[1000, 1024, 512]
335,0,1,1203,matvec Q8_0,keep::reduce fold,omega_reduce_r3_o2_n2_multiply_add_zero_g10,4096,Q8_0|unpacked,[1000, 512, 1024]
336,0,1,1191,softmax exp,elementwise,omega_elementwise_r1_n2_fused_subtract_o0_o1__exponential_s0,1000,unpacked|unpacked,[1000]
337,0,1,1207,elementwise select,elementwise,omega_elementwise_r2_n3_select,32000,unpacked|unpacked|unpacked,[1000, 32]
338,0,1,1208,softmax max,keep::reduce fold,omega_reduce_r2_o1_n1_identity_maximum_negative_infinity,32000,unpacked,[1000, 32]
339,0,1,1209,elementwise equal,elementwise,omega_elementwise_r2_n2_equal,32000,unpacked|unpacked,[1000, 32]
340,0,1,1211,softmax max,keep::reduce fold,omega_reduce_r2_o1_n2_multiply_maximum_zero,32000,unpacked|unpacked,[1000, 32]
341,0,1,1215,matvec Q8_0,keep::reduce fold,omega_reduce_r3_o2_n2_multiply_add_zero_g10,2048,Q8_0|unpacked,[1000, 1024, 512]
342,0,1,1223,matvec Q8_0,keep::reduce fold,omega_reduce_r3_o2_n2_multiply_add_zero_epi3_fused_identity_o3__negate_o2__exponential_s1__add_s2_o1__reciprocal_s3__multiply_s4_o0__multiply_s0_s5_g10,2048,Q8_0|unpacked,[1000, 1024, 512]
343,0,1,1225,matvec Q8_0,keep::reduce fold,omega_reduce_r3_o2_n2_multiply_add_zero_g10,4096,Q8_0|unpacked,[1000, 512, 1024]
344,0,1,1213,softmax exp,elementwise,omega_elementwise_r1_n2_fused_subtract_o0_o1__exponential_s0,1000,unpacked|unpacked,[1000]
345,0,1,1229,elementwise select,elementwise,omega_elementwise_r2_n3_select,32000,unpacked|unpacked|unpacked,[1000, 32]
346,0,1,1230,softmax max,keep::reduce fold,omega_reduce_r2_o1_n1_identity_maximum_negative_infinity,32000,unpacked,[1000, 32]
347,0,1,1231,elementwise equal,elementwise,omega_elementwise_r2_n2_equal,32000,unpacked|unpacked,[1000, 32]
348,0,1,1233,softmax max,keep::reduce fold,omega_reduce_r2_o1_n2_multiply_maximum_zero,32000,unpacked|unpacked,[1000, 32]
349,0,1,1237,matvec Q8_0,keep::reduce fold,omega_reduce_r3_o2_n2_multiply_add_zero_g10,2048,Q8_0|unpacked,[1000, 1024, 512]
350,0,1,1245,matvec Q8_0,keep::reduce fold,omega_reduce_r3_o2_n2_multiply_add_zero_epi3_fused_identity_o3__negate_o2__exponential_s1__add_s2_o1__reciprocal_s3__multiply_s4_o0__multiply_s0_s5_g10,2048,Q8_0|unpacked,[1000, 1024, 512]
351,0,1,1247,matvec Q8_0,keep::reduce fold,omega_reduce_r3_o2_n2_multiply_add_zero_g10,4096,Q8_0|unpacked,[1000, 512, 1024]
352,0,1,1235,softmax exp,elementwise,omega_elementwise_r1_n2_fused_subtract_o0_o1__exponential_s0,1000,unpacked|unpacked,[1000]
353,0,1,1251,elementwise select,elementwise,omega_elementwise_r2_n3_select,32000,unpacked|unpacked|unpacked,[1000, 32]
354,0,1,1252,softmax max,keep::reduce fold,omega_reduce_r2_o1_n1_identity_maximum_negative_infinity,32000,unpacked,[1000, 32]
355,0,1,1253,elementwise equal,elementwise,omega_elementwise_r2_n2_equal,32000,unpacked|unpacked,[1000, 32]
356,0,1,1255,softmax max,keep::reduce fold,omega_reduce_r2_o1_n2_multiply_maximum_zero,32000,unpacked|unpacked,[1000, 32]
357,0,1,1259,matvec Q8_0,keep::reduce fold,omega_reduce_r3_o2_n2_multiply_add_zero_g10,2048,Q8_0|unpacked,[1000, 1024, 512]
358,0,1,1267,matvec Q8_0,keep::reduce fold,omega_reduce_r3_o2_n2_multiply_add_zero_epi3_fused_identity_o3__negate_o2__exponential_s1__add_s2_o1__reciprocal_s3__multiply_s4_o0__multiply_s0_s5_g10,2048,Q8_0|unpacked,[1000, 1024, 512]
359,0,1,1269,matvec Q8_0,keep::reduce fold,omega_reduce_r3_o2_n2_multiply_add_zero_g10,4096,Q8_0|unpacked,[1000, 512, 1024]
360,0,1,1257,softmax exp,elementwise,omega_elementwise_r1_n2_fused_subtract_o0_o1__exponential_s0,1000,unpacked|unpacked,[1000]
361,0,1,1273,elementwise select,elementwise,omega_elementwise_r2_n3_select,32000,unpacked|unpacked|unpacked,[1000, 32]
362,0,1,1274,softmax max,keep::reduce fold,omega_reduce_r2_o1_n1_identity_maximum_negative_infinity,32000,unpacked,[1000, 32]
363,0,1,1275,elementwise equal,elementwise,omega_elementwise_r2_n2_equal,32000,unpacked|unpacked,[1000, 32]
364,0,1,1277,softmax max,keep::reduce fold,omega_reduce_r2_o1_n2_multiply_maximum_zero,32000,unpacked|unpacked,[1000, 32]
365,0,1,1281,matvec Q8_0,keep::reduce fold,omega_reduce_r3_o2_n2_multiply_add_zero_g10,2048,Q8_0|unpacked,[1000, 1024, 512]
366,0,1,1289,matvec Q8_0,keep::reduce fold,omega_reduce_r3_o2_n2_multiply_add_zero_epi3_fused_identity_o3__negate_o2__exponential_s1__add_s2_o1__reciprocal_s3__multiply_s4_o0__multiply_s0_s5_g10,2048,Q8_0|unpacked,[1000, 1024, 512]
367,0,1,1291,matvec Q8_0,keep::reduce fold,omega_reduce_r3_o2_n2_multiply_add_zero_g10,4096,Q8_0|unpacked,[1000, 512, 1024]
368,0,1,1279,softmax exp,elementwise,omega_elementwise_r1_n2_fused_subtract_o0_o1__exponential_s0,1000,unpacked|unpacked,[1000]
369,0,1,1295,elementwise select,elementwise,omega_elementwise_r2_n3_select,32000,unpacked|unpacked|unpacked,[1000, 32]
370,0,1,1296,softmax max,keep::reduce fold,omega_reduce_r2_o1_n1_identity_maximum_negative_infinity,32000,unpacked,[1000, 32]
371,0,1,1297,elementwise equal,elementwise,omega_elementwise_r2_n2_equal,32000,unpacked|unpacked,[1000, 32]
372,0,1,1299,softmax max,keep::reduce fold,omega_reduce_r2_o1_n2_multiply_maximum_zero,32000,unpacked|unpacked,[1000, 32]
373,0,1,1303,matvec Q8_0,keep::reduce fold,omega_reduce_r3_o2_n2_multiply_add_zero_g10,2048,Q8_0|unpacked,[1000, 1024, 512]
374,0,1,1311,matvec Q8_0,keep::reduce fold,omega_reduce_r3_o2_n2_multiply_add_zero_epi3_fused_identity_o3__negate_o2__exponential_s1__add_s2_o1__reciprocal_s3__multiply_s4_o0__multiply_s0_s5_g10,2048,Q8_0|unpacked,[1000, 1024, 512]
375,0,1,1313,matvec Q8_0,keep::reduce fold,omega_reduce_r3_o2_n2_multiply_add_zero_g10,4096,Q8_0|unpacked,[1000, 512, 1024]
376,0,1,1301,softmax exp,elementwise,omega_elementwise_r1_n2_fused_subtract_o0_o1__exponential_s0,1000,unpacked|unpacked,[1000]
377,0,1,1317,elementwise select,elementwise,omega_elementwise_r2_n3_select,32000,unpacked|unpacked|unpacked,[1000, 32]
378,0,1,1318,softmax max,keep::reduce fold,omega_reduce_r2_o1_n1_identity_maximum_negative_infinity,32000,unpacked,[1000, 32]
379,0,1,1321,softmax max,keep::reduce fold,omega_reduce_r2_o1_n3_fused_equal_o1_o2__multiply_s0_o0_maximum_zero,32000,unpacked|unpacked|unpacked,[1000, 32]
380,0,1,1325,matvec Q8_0,keep::reduce fold,omega_reduce_r3_o2_n2_multiply_add_zero_g10,2048,Q8_0|unpacked,[1000, 1024, 512]
381,0,1,1333,matvec Q8_0,keep::reduce fold,omega_reduce_r3_o2_n2_multiply_add_zero_epi3_fused_identity_o3__negate_o2__exponential_s1__add_s2_o1__reciprocal_s3__multiply_s4_o0__multiply_s0_s5_g10,2048,Q8_0|unpacked,[1000, 1024, 512]
382,0,1,1335,matvec Q8_0,keep::reduce fold,omega_reduce_r3_o2_n2_multiply_add_zero_g10,4096,Q8_0|unpacked,[1000, 512, 1024]
383,0,1,1323,softmax exp,elementwise,omega_elementwise_r1_n2_fused_subtract_o0_o1__exponential_s0,1000,unpacked|unpacked,[1000]
384,0,1,1342,matvec Q8_0,keep::reduce fold,omega_reduce_r3_o2_n2_multiply_add_zero_epi25_fused_identity_o25__multiply_s0_o2__multiply_o3_o4__add_s1_s2__multiply_o5_o6__add_s3_s4__multiply_o7_o8__add_s5_s6__multiply_o9_o10__add_s7_s8__multiply_o11_o12__add_s9_s10__multiply_o13_o14__add_s11_s12__multiply_o15_o16__add_s13_s14__add_o17_o18__add_s16_o19__add_s17_o20__add_s18_o21__add_s19_o22__add_s20_o23__add_s21_o24__reciprocal_s22__multiply_s15_s23__multiply_s24_o1__add_s25_o0_g10,4096,Q8_0|unpacked,[1000, 512, 1024]
385,0,1,1363,RMSNorm sumsq + fused epilogue,keep::reduce fold,omega_reduce_r2_o1_n2_multiply_add_zero_epi4_fused_identity_o4__multiply_s0_o3__add_s1_o2__square_root_s2__reciprocal_s3__multiply_s4_o1__multiply_s5_o0,256000,unpacked|unpacked,[1000, 1024]
386,0,1,1369,matvec Q8_0,keep::reduce fold,omega_reduce_r4_o3_n2_multiply_add_zero,512000,Q8_0|unpacked,[1000, 8, 64, 1024]
387,0,1,1365,matvec Q8_0,keep::reduce fold,omega_reduce_r4_o3_n2_multiply_add_zero,1024000,Q8_0|unpacked,[1000, 16, 64, 1024]
388,0,1,1367,matvec Q8_0,keep::reduce fold,omega_reduce_r4_o3_n2_multiply_add_zero,512000,Q8_0|unpacked,[1000, 8, 64, 1024]
389,0,1,1381,RoPE,elementwise,omega_elementwise_r3_n4_fused_multiply_o0_o1__multiply_o2_o3__add_s0_s1,256000,unpacked|unpacked|unpacked|unpacked,[1000, 8, 32]
390,0,1,1378,RoPE,elementwise,omega_elementwise_r3_n4_fused_multiply_o0_o1__multiply_o2_o3__subtract_s0_s1,256000,unpacked|unpacked|unpacked|unpacked,[1000, 8, 32]
391,0,1,1372,RoPE,elementwise,omega_elementwise_r3_n4_fused_multiply_o0_o1__multiply_o2_o3__subtract_s0_s1,512000,unpacked|unpacked|unpacked|unpacked,[1000, 16, 32]
392,0,1,1375,RoPE,elementwise,omega_elementwise_r3_n4_fused_multiply_o0_o1__multiply_o2_o3__add_s0_s1,512000,unpacked|unpacked|unpacked|unpacked,[1000, 16, 32]
393,0,1,1414,cached attention partial,cached_attention,omega_cached_attention_q1000_c1024_n1000_h8_g2_d64_s3c800000_ln9223372036854775808_up0_cb,2048000,unpacked|unpacked|unpacked|unpacked|unpacked|unpacked|unpacked|unpacked|unpacked,[1000, 8, 2, 64]
394,0,1,1418,matvec Q8_0,keep::reduce fold,omega_reduce_r5_o2_n2_multiply_add_zero_epi2_fused_identity_o2__multiply_s0_o1__add_s1_o0,1024000,Q8_0|unpacked,[1000, 8, 2, 64, 1024]
395,0,1,1426,RMSNorm sumsq + fused epilogue,keep::reduce fold,omega_reduce_r2_o1_n2_multiply_add_zero_epi4_fused_identity_o4__multiply_s0_o3__add_s1_o2__square_root_s2__reciprocal_s3__multiply_s4_o1__multiply_s5_o0,256000,unpacked|unpacked,[1000, 1024]
396,0,1,1428,matvec f32,keep::reduce fold,omega_reduce_r3_o2_n2_multiply_add_zero,4096,unpacked|unpacked,[1000, 1024, 32]
397,0,1,1429,iota,iota,omega_iota_r1,32,,[32]
398,0,1,1430,constant,constant,omega_constant_r0_vff800000,1,,[]
399,0,1,1431,softmax max,keep::reduce fold,omega_reduce_r2_o1_n1_identity_maximum_negative_infinity,32000,unpacked,[1000, 32]
400,0,1,1432,elementwise equal,elementwise,omega_elementwise_r2_n2_equal,32000,unpacked|unpacked,[1000, 32]
401,0,1,1434,softmax max,keep::reduce fold,omega_reduce_r2_o1_n2_multiply_maximum_zero,32000,unpacked|unpacked,[1000, 32]
402,0,1,1438,matvec Q8_0,keep::reduce fold,omega_reduce_r3_o2_n2_multiply_add_zero_g10,2048,Q8_0|unpacked,[1000, 1024, 512]
403,0,1,1446,matvec Q8_0,keep::reduce fold,omega_reduce_r3_o2_n2_multiply_add_zero_epi3_fused_identity_o3__negate_o2__exponential_s1__add_s2_o1__reciprocal_s3__multiply_s4_o0__multiply_s0_s5_g10,2048,Q8_0|unpacked,[1000, 1024, 512]
404,0,1,1436,softmax exp,elementwise,omega_elementwise_r1_n2_fused_subtract_o0_o1__exponential_s0,1000,unpacked|unpacked,[1000]
405,0,1,1450,elementwise select,elementwise,omega_elementwise_r2_n3_select,32000,unpacked|unpacked|unpacked,[1000, 32]
406,0,1,1451,softmax max,keep::reduce fold,omega_reduce_r2_o1_n1_identity_maximum_negative_infinity,32000,unpacked,[1000, 32]
407,0,1,1452,elementwise equal,elementwise,omega_elementwise_r2_n2_equal,32000,unpacked|unpacked,[1000, 32]
408,0,1,1454,softmax max,keep::reduce fold,omega_reduce_r2_o1_n2_multiply_maximum_zero,32000,unpacked|unpacked,[1000, 32]
409,0,1,1458,matvec Q8_0,keep::reduce fold,omega_reduce_r3_o2_n2_multiply_add_zero_g10,2048,Q8_0|unpacked,[1000, 1024, 512]
410,0,1,1466,matvec Q8_0,keep::reduce fold,omega_reduce_r3_o2_n2_multiply_add_zero_epi3_fused_identity_o3__negate_o2__exponential_s1__add_s2_o1__reciprocal_s3__multiply_s4_o0__multiply_s0_s5_g10,2048,Q8_0|unpacked,[1000, 1024, 512]
411,0,1,1468,matvec Q8_0,keep::reduce fold,omega_reduce_r3_o2_n2_multiply_add_zero_g10,4096,Q8_0|unpacked,[1000, 512, 1024]
412,0,1,1456,softmax exp,elementwise,omega_elementwise_r1_n2_fused_subtract_o0_o1__exponential_s0,1000,unpacked|unpacked,[1000]
413,0,1,1472,elementwise select,elementwise,omega_elementwise_r2_n3_select,32000,unpacked|unpacked|unpacked,[1000, 32]
414,0,1,1473,softmax max,keep::reduce fold,omega_reduce_r2_o1_n1_identity_maximum_negative_infinity,32000,unpacked,[1000, 32]
415,0,1,1474,elementwise equal,elementwise,omega_elementwise_r2_n2_equal,32000,unpacked|unpacked,[1000, 32]
416,0,1,1476,softmax max,keep::reduce fold,omega_reduce_r2_o1_n2_multiply_maximum_zero,32000,unpacked|unpacked,[1000, 32]
417,0,1,1480,matvec Q8_0,keep::reduce fold,omega_reduce_r3_o2_n2_multiply_add_zero_g10,2048,Q8_0|unpacked,[1000, 1024, 512]
418,0,1,1488,matvec Q8_0,keep::reduce fold,omega_reduce_r3_o2_n2_multiply_add_zero_epi3_fused_identity_o3__negate_o2__exponential_s1__add_s2_o1__reciprocal_s3__multiply_s4_o0__multiply_s0_s5_g10,2048,Q8_0|unpacked,[1000, 1024, 512]
419,0,1,1490,matvec Q8_0,keep::reduce fold,omega_reduce_r3_o2_n2_multiply_add_zero_g10,4096,Q8_0|unpacked,[1000, 512, 1024]
420,0,1,1478,softmax exp,elementwise,omega_elementwise_r1_n2_fused_subtract_o0_o1__exponential_s0,1000,unpacked|unpacked,[1000]
421,0,1,1494,elementwise select,elementwise,omega_elementwise_r2_n3_select,32000,unpacked|unpacked|unpacked,[1000, 32]
422,0,1,1495,softmax max,keep::reduce fold,omega_reduce_r2_o1_n1_identity_maximum_negative_infinity,32000,unpacked,[1000, 32]
423,0,1,1496,elementwise equal,elementwise,omega_elementwise_r2_n2_equal,32000,unpacked|unpacked,[1000, 32]
424,0,1,1498,softmax max,keep::reduce fold,omega_reduce_r2_o1_n2_multiply_maximum_zero,32000,unpacked|unpacked,[1000, 32]
425,0,1,1502,matvec Q8_0,keep::reduce fold,omega_reduce_r3_o2_n2_multiply_add_zero_g10,2048,Q8_0|unpacked,[1000, 1024, 512]
426,0,1,1510,matvec Q8_0,keep::reduce fold,omega_reduce_r3_o2_n2_multiply_add_zero_epi3_fused_identity_o3__negate_o2__exponential_s1__add_s2_o1__reciprocal_s3__multiply_s4_o0__multiply_s0_s5_g10,2048,Q8_0|unpacked,[1000, 1024, 512]
427,0,1,1512,matvec Q8_0,keep::reduce fold,omega_reduce_r3_o2_n2_multiply_add_zero_g10,4096,Q8_0|unpacked,[1000, 512, 1024]
428,0,1,1500,softmax exp,elementwise,omega_elementwise_r1_n2_fused_subtract_o0_o1__exponential_s0,1000,unpacked|unpacked,[1000]
429,0,1,1516,elementwise select,elementwise,omega_elementwise_r2_n3_select,32000,unpacked|unpacked|unpacked,[1000, 32]
430,0,1,1517,softmax max,keep::reduce fold,omega_reduce_r2_o1_n1_identity_maximum_negative_infinity,32000,unpacked,[1000, 32]
431,0,1,1518,elementwise equal,elementwise,omega_elementwise_r2_n2_equal,32000,unpacked|unpacked,[1000, 32]
432,0,1,1520,softmax max,keep::reduce fold,omega_reduce_r2_o1_n2_multiply_maximum_zero,32000,unpacked|unpacked,[1000, 32]
433,0,1,1524,matvec Q8_0,keep::reduce fold,omega_reduce_r3_o2_n2_multiply_add_zero_g10,2048,Q8_0|unpacked,[1000, 1024, 512]
434,0,1,1532,matvec Q8_0,keep::reduce fold,omega_reduce_r3_o2_n2_multiply_add_zero_epi3_fused_identity_o3__negate_o2__exponential_s1__add_s2_o1__reciprocal_s3__multiply_s4_o0__multiply_s0_s5_g10,2048,Q8_0|unpacked,[1000, 1024, 512]
435,0,1,1534,matvec Q8_0,keep::reduce fold,omega_reduce_r3_o2_n2_multiply_add_zero_g10,4096,Q8_0|unpacked,[1000, 512, 1024]
436,0,1,1522,softmax exp,elementwise,omega_elementwise_r1_n2_fused_subtract_o0_o1__exponential_s0,1000,unpacked|unpacked,[1000]
437,0,1,1538,elementwise select,elementwise,omega_elementwise_r2_n3_select,32000,unpacked|unpacked|unpacked,[1000, 32]
438,0,1,1539,softmax max,keep::reduce fold,omega_reduce_r2_o1_n1_identity_maximum_negative_infinity,32000,unpacked,[1000, 32]
439,0,1,1540,elementwise equal,elementwise,omega_elementwise_r2_n2_equal,32000,unpacked|unpacked,[1000, 32]
440,0,1,1542,softmax max,keep::reduce fold,omega_reduce_r2_o1_n2_multiply_maximum_zero,32000,unpacked|unpacked,[1000, 32]
441,0,1,1546,matvec Q8_0,keep::reduce fold,omega_reduce_r3_o2_n2_multiply_add_zero_g10,2048,Q8_0|unpacked,[1000, 1024, 512]
442,0,1,1554,matvec Q8_0,keep::reduce fold,omega_reduce_r3_o2_n2_multiply_add_zero_epi3_fused_identity_o3__negate_o2__exponential_s1__add_s2_o1__reciprocal_s3__multiply_s4_o0__multiply_s0_s5_g10,2048,Q8_0|unpacked,[1000, 1024, 512]
443,0,1,1556,matvec Q8_0,keep::reduce fold,omega_reduce_r3_o2_n2_multiply_add_zero_g10,4096,Q8_0|unpacked,[1000, 512, 1024]
444,0,1,1544,softmax exp,elementwise,omega_elementwise_r1_n2_fused_subtract_o0_o1__exponential_s0,1000,unpacked|unpacked,[1000]
445,0,1,1560,elementwise select,elementwise,omega_elementwise_r2_n3_select,32000,unpacked|unpacked|unpacked,[1000, 32]
446,0,1,1561,softmax max,keep::reduce fold,omega_reduce_r2_o1_n1_identity_maximum_negative_infinity,32000,unpacked,[1000, 32]
447,0,1,1562,elementwise equal,elementwise,omega_elementwise_r2_n2_equal,32000,unpacked|unpacked,[1000, 32]
448,0,1,1564,softmax max,keep::reduce fold,omega_reduce_r2_o1_n2_multiply_maximum_zero,32000,unpacked|unpacked,[1000, 32]
449,0,1,1568,matvec Q8_0,keep::reduce fold,omega_reduce_r3_o2_n2_multiply_add_zero_g10,2048,Q8_0|unpacked,[1000, 1024, 512]
450,0,1,1576,matvec Q8_0,keep::reduce fold,omega_reduce_r3_o2_n2_multiply_add_zero_epi3_fused_identity_o3__negate_o2__exponential_s1__add_s2_o1__reciprocal_s3__multiply_s4_o0__multiply_s0_s5_g10,2048,Q8_0|unpacked,[1000, 1024, 512]
451,0,1,1578,matvec Q8_0,keep::reduce fold,omega_reduce_r3_o2_n2_multiply_add_zero_g10,4096,Q8_0|unpacked,[1000, 512, 1024]
452,0,1,1566,softmax exp,elementwise,omega_elementwise_r1_n2_fused_subtract_o0_o1__exponential_s0,1000,unpacked|unpacked,[1000]
453,0,1,1582,elementwise select,elementwise,omega_elementwise_r2_n3_select,32000,unpacked|unpacked|unpacked,[1000, 32]
454,0,1,1583,softmax max,keep::reduce fold,omega_reduce_r2_o1_n1_identity_maximum_negative_infinity,32000,unpacked,[1000, 32]
455,0,1,1586,softmax max,keep::reduce fold,omega_reduce_r2_o1_n3_fused_equal_o1_o2__multiply_s0_o0_maximum_zero,32000,unpacked|unpacked|unpacked,[1000, 32]
456,0,1,1590,matvec Q8_0,keep::reduce fold,omega_reduce_r3_o2_n2_multiply_add_zero_g10,2048,Q8_0|unpacked,[1000, 1024, 512]
457,0,1,1598,matvec Q8_0,keep::reduce fold,omega_reduce_r3_o2_n2_multiply_add_zero_epi3_fused_identity_o3__negate_o2__exponential_s1__add_s2_o1__reciprocal_s3__multiply_s4_o0__multiply_s0_s5_g10,2048,Q8_0|unpacked,[1000, 1024, 512]
458,0,1,1600,matvec Q8_0,keep::reduce fold,omega_reduce_r3_o2_n2_multiply_add_zero_g10,4096,Q8_0|unpacked,[1000, 512, 1024]
459,0,1,1588,softmax exp,elementwise,omega_elementwise_r1_n2_fused_subtract_o0_o1__exponential_s0,1000,unpacked|unpacked,[1000]
460,0,1,1607,matvec Q8_0,keep::reduce fold,omega_reduce_r3_o2_n2_multiply_add_zero_epi25_fused_identity_o25__multiply_s0_o2__multiply_o3_o4__add_s1_s2__multiply_o5_o6__add_s3_s4__multiply_o7_o8__add_s5_s6__multiply_o9_o10__add_s7_s8__multiply_o11_o12__add_s9_s10__multiply_o13_o14__add_s11_s12__multiply_o15_o16__add_s13_s14__add_o17_o18__add_s16_o19__add_s17_o20__add_s18_o21__add_s19_o22__add_s20_o23__add_s21_o24__reciprocal_s22__multiply_s15_s23__multiply_s24_o1__add_s25_o0_g10,4096,Q8_0|unpacked,[1000, 512, 1024]
461,0,1,1628,RMSNorm sumsq + fused epilogue,keep::reduce fold,omega_reduce_r2_o1_n2_multiply_add_zero_epi4_fused_identity_o4__multiply_s0_o3__add_s1_o2__square_root_s2__reciprocal_s3__multiply_s4_o1__multiply_s5_o0,256000,unpacked|unpacked,[1000, 1024]
462,0,1,1634,matvec Q8_0,keep::reduce fold,omega_reduce_r4_o3_n2_multiply_add_zero,512000,Q8_0|unpacked,[1000, 8, 64, 1024]
463,0,1,1630,matvec Q8_0,keep::reduce fold,omega_reduce_r4_o3_n2_multiply_add_zero,1024000,Q8_0|unpacked,[1000, 16, 64, 1024]
464,0,1,1632,matvec Q8_0,keep::reduce fold,omega_reduce_r4_o3_n2_multiply_add_zero,512000,Q8_0|unpacked,[1000, 8, 64, 1024]
465,0,1,1646,RoPE,elementwise,omega_elementwise_r3_n4_fused_multiply_o0_o1__multiply_o2_o3__add_s0_s1,256000,unpacked|unpacked|unpacked|unpacked,[1000, 8, 32]
466,0,1,1643,RoPE,elementwise,omega_elementwise_r3_n4_fused_multiply_o0_o1__multiply_o2_o3__subtract_s0_s1,256000,unpacked|unpacked|unpacked|unpacked,[1000, 8, 32]
467,0,1,1637,RoPE,elementwise,omega_elementwise_r3_n4_fused_multiply_o0_o1__multiply_o2_o3__subtract_s0_s1,512000,unpacked|unpacked|unpacked|unpacked,[1000, 16, 32]
468,0,1,1640,RoPE,elementwise,omega_elementwise_r3_n4_fused_multiply_o0_o1__multiply_o2_o3__add_s0_s1,512000,unpacked|unpacked|unpacked|unpacked,[1000, 16, 32]
469,0,1,1679,cached attention partial,cached_attention,omega_cached_attention_q1000_c1024_n1000_h8_g2_d64_s3c800000_ln9223372036854775808_up0_cb,2048000,unpacked|unpacked|unpacked|unpacked|unpacked|unpacked|unpacked|unpacked|unpacked,[1000, 8, 2, 64]
470,0,1,1683,matvec Q8_0,keep::reduce fold,omega_reduce_r5_o2_n2_multiply_add_zero_epi2_fused_identity_o2__multiply_s0_o1__add_s1_o0,1024000,Q8_0|unpacked,[1000, 8, 2, 64, 1024]
471,0,1,1691,RMSNorm sumsq + fused epilogue,keep::reduce fold,omega_reduce_r2_o1_n2_multiply_add_zero_epi4_fused_identity_o4__multiply_s0_o3__add_s1_o2__square_root_s2__reciprocal_s3__multiply_s4_o1__multiply_s5_o0,256000,unpacked|unpacked,[1000, 1024]
472,0,1,1693,matvec f32,keep::reduce fold,omega_reduce_r3_o2_n2_multiply_add_zero,4096,unpacked|unpacked,[1000, 1024, 32]
473,0,1,1694,iota,iota,omega_iota_r1,32,,[32]
474,0,1,1695,constant,constant,omega_constant_r0_vff800000,1,,[]
475,0,1,1696,softmax max,keep::reduce fold,omega_reduce_r2_o1_n1_identity_maximum_negative_infinity,32000,unpacked,[1000, 32]
476,0,1,1697,elementwise equal,elementwise,omega_elementwise_r2_n2_equal,32000,unpacked|unpacked,[1000, 32]
477,0,1,1699,softmax max,keep::reduce fold,omega_reduce_r2_o1_n2_multiply_maximum_zero,32000,unpacked|unpacked,[1000, 32]
478,0,1,1703,matvec Q8_0,keep::reduce fold,omega_reduce_r3_o2_n2_multiply_add_zero_g10,2048,Q8_0|unpacked,[1000, 1024, 512]
479,0,1,1711,matvec Q8_0,keep::reduce fold,omega_reduce_r3_o2_n2_multiply_add_zero_epi3_fused_identity_o3__negate_o2__exponential_s1__add_s2_o1__reciprocal_s3__multiply_s4_o0__multiply_s0_s5_g10,2048,Q8_0|unpacked,[1000, 1024, 512]
480,0,1,1701,softmax exp,elementwise,omega_elementwise_r1_n2_fused_subtract_o0_o1__exponential_s0,1000,unpacked|unpacked,[1000]
481,0,1,1715,elementwise select,elementwise,omega_elementwise_r2_n3_select,32000,unpacked|unpacked|unpacked,[1000, 32]
482,0,1,1716,softmax max,keep::reduce fold,omega_reduce_r2_o1_n1_identity_maximum_negative_infinity,32000,unpacked,[1000, 32]
483,0,1,1717,elementwise equal,elementwise,omega_elementwise_r2_n2_equal,32000,unpacked|unpacked,[1000, 32]
484,0,1,1719,softmax max,keep::reduce fold,omega_reduce_r2_o1_n2_multiply_maximum_zero,32000,unpacked|unpacked,[1000, 32]
485,0,1,1723,matvec Q8_0,keep::reduce fold,omega_reduce_r3_o2_n2_multiply_add_zero_g10,2048,Q8_0|unpacked,[1000, 1024, 512]
486,0,1,1731,matvec Q8_0,keep::reduce fold,omega_reduce_r3_o2_n2_multiply_add_zero_epi3_fused_identity_o3__negate_o2__exponential_s1__add_s2_o1__reciprocal_s3__multiply_s4_o0__multiply_s0_s5_g10,2048,Q8_0|unpacked,[1000, 1024, 512]
487,0,1,1733,matvec Q8_0,keep::reduce fold,omega_reduce_r3_o2_n2_multiply_add_zero_g10,4096,Q8_0|unpacked,[1000, 512, 1024]
488,0,1,1721,softmax exp,elementwise,omega_elementwise_r1_n2_fused_subtract_o0_o1__exponential_s0,1000,unpacked|unpacked,[1000]
489,0,1,1737,elementwise select,elementwise,omega_elementwise_r2_n3_select,32000,unpacked|unpacked|unpacked,[1000, 32]
490,0,1,1738,softmax max,keep::reduce fold,omega_reduce_r2_o1_n1_identity_maximum_negative_infinity,32000,unpacked,[1000, 32]
491,0,1,1739,elementwise equal,elementwise,omega_elementwise_r2_n2_equal,32000,unpacked|unpacked,[1000, 32]
492,0,1,1741,softmax max,keep::reduce fold,omega_reduce_r2_o1_n2_multiply_maximum_zero,32000,unpacked|unpacked,[1000, 32]
493,0,1,1745,matvec Q8_0,keep::reduce fold,omega_reduce_r3_o2_n2_multiply_add_zero_g10,2048,Q8_0|unpacked,[1000, 1024, 512]
494,0,1,1753,matvec Q8_0,keep::reduce fold,omega_reduce_r3_o2_n2_multiply_add_zero_epi3_fused_identity_o3__negate_o2__exponential_s1__add_s2_o1__reciprocal_s3__multiply_s4_o0__multiply_s0_s5_g10,2048,Q8_0|unpacked,[1000, 1024, 512]
495,0,1,1755,matvec Q8_0,keep::reduce fold,omega_reduce_r3_o2_n2_multiply_add_zero_g10,4096,Q8_0|unpacked,[1000, 512, 1024]
496,0,1,1743,softmax exp,elementwise,omega_elementwise_r1_n2_fused_subtract_o0_o1__exponential_s0,1000,unpacked|unpacked,[1000]
497,0,1,1759,elementwise select,elementwise,omega_elementwise_r2_n3_select,32000,unpacked|unpacked|unpacked,[1000, 32]
498,0,1,1760,softmax max,keep::reduce fold,omega_reduce_r2_o1_n1_identity_maximum_negative_infinity,32000,unpacked,[1000, 32]
499,0,1,1761,elementwise equal,elementwise,omega_elementwise_r2_n2_equal,32000,unpacked|unpacked,[1000, 32]
500,0,1,1763,softmax max,keep::reduce fold,omega_reduce_r2_o1_n2_multiply_maximum_zero,32000,unpacked|unpacked,[1000, 32]
501,0,1,1767,matvec Q8_0,keep::reduce fold,omega_reduce_r3_o2_n2_multiply_add_zero_g10,2048,Q8_0|unpacked,[1000, 1024, 512]
502,0,1,1775,matvec Q8_0,keep::reduce fold,omega_reduce_r3_o2_n2_multiply_add_zero_epi3_fused_identity_o3__negate_o2__exponential_s1__add_s2_o1__reciprocal_s3__multiply_s4_o0__multiply_s0_s5_g10,2048,Q8_0|unpacked,[1000, 1024, 512]
503,0,1,1777,matvec Q8_0,keep::reduce fold,omega_reduce_r3_o2_n2_multiply_add_zero_g10,4096,Q8_0|unpacked,[1000, 512, 1024]
504,0,1,1765,softmax exp,elementwise,omega_elementwise_r1_n2_fused_subtract_o0_o1__exponential_s0,1000,unpacked|unpacked,[1000]
505,0,1,1781,elementwise select,elementwise,omega_elementwise_r2_n3_select,32000,unpacked|unpacked|unpacked,[1000, 32]
506,0,1,1782,softmax max,keep::reduce fold,omega_reduce_r2_o1_n1_identity_maximum_negative_infinity,32000,unpacked,[1000, 32]
507,0,1,1783,elementwise equal,elementwise,omega_elementwise_r2_n2_equal,32000,unpacked|unpacked,[1000, 32]
508,0,1,1785,softmax max,keep::reduce fold,omega_reduce_r2_o1_n2_multiply_maximum_zero,32000,unpacked|unpacked,[1000, 32]
509,0,1,1789,matvec Q8_0,keep::reduce fold,omega_reduce_r3_o2_n2_multiply_add_zero_g10,2048,Q8_0|unpacked,[1000, 1024, 512]
510,0,1,1797,matvec Q8_0,keep::reduce fold,omega_reduce_r3_o2_n2_multiply_add_zero_epi3_fused_identity_o3__negate_o2__exponential_s1__add_s2_o1__reciprocal_s3__multiply_s4_o0__multiply_s0_s5_g10,2048,Q8_0|unpacked,[1000, 1024, 512]
511,0,1,1799,matvec Q8_0,keep::reduce fold,omega_reduce_r3_o2_n2_multiply_add_zero_g10,4096,Q8_0|unpacked,[1000, 512, 1024]
512,0,1,1787,softmax exp,elementwise,omega_elementwise_r1_n2_fused_subtract_o0_o1__exponential_s0,1000,unpacked|unpacked,[1000]
513,0,1,1803,elementwise select,elementwise,omega_elementwise_r2_n3_select,32000,unpacked|unpacked|unpacked,[1000, 32]
514,0,1,1804,softmax max,keep::reduce fold,omega_reduce_r2_o1_n1_identity_maximum_negative_infinity,32000,unpacked,[1000, 32]
515,0,1,1805,elementwise equal,elementwise,omega_elementwise_r2_n2_equal,32000,unpacked|unpacked,[1000, 32]
516,0,1,1807,softmax max,keep::reduce fold,omega_reduce_r2_o1_n2_multiply_maximum_zero,32000,unpacked|unpacked,[1000, 32]
517,0,1,1811,matvec Q8_0,keep::reduce fold,omega_reduce_r3_o2_n2_multiply_add_zero_g10,2048,Q8_0|unpacked,[1000, 1024, 512]
518,0,1,1819,matvec Q8_0,keep::reduce fold,omega_reduce_r3_o2_n2_multiply_add_zero_epi3_fused_identity_o3__negate_o2__exponential_s1__add_s2_o1__reciprocal_s3__multiply_s4_o0__multiply_s0_s5_g10,2048,Q8_0|unpacked,[1000, 1024, 512]
519,0,1,1821,matvec Q8_0,keep::reduce fold,omega_reduce_r3_o2_n2_multiply_add_zero_g10,4096,Q8_0|unpacked,[1000, 512, 1024]
520,0,1,1809,softmax exp,elementwise,omega_elementwise_r1_n2_fused_subtract_o0_o1__exponential_s0,1000,unpacked|unpacked,[1000]
521,0,1,1825,elementwise select,elementwise,omega_elementwise_r2_n3_select,32000,unpacked|unpacked|unpacked,[1000, 32]
522,0,1,1826,softmax max,keep::reduce fold,omega_reduce_r2_o1_n1_identity_maximum_negative_infinity,32000,unpacked,[1000, 32]
523,0,1,1827,elementwise equal,elementwise,omega_elementwise_r2_n2_equal,32000,unpacked|unpacked,[1000, 32]
524,0,1,1829,softmax max,keep::reduce fold,omega_reduce_r2_o1_n2_multiply_maximum_zero,32000,unpacked|unpacked,[1000, 32]
525,0,1,1833,matvec Q8_0,keep::reduce fold,omega_reduce_r3_o2_n2_multiply_add_zero_g10,2048,Q8_0|unpacked,[1000, 1024, 512]
526,0,1,1841,matvec Q8_0,keep::reduce fold,omega_reduce_r3_o2_n2_multiply_add_zero_epi3_fused_identity_o3__negate_o2__exponential_s1__add_s2_o1__reciprocal_s3__multiply_s4_o0__multiply_s0_s5_g10,2048,Q8_0|unpacked,[1000, 1024, 512]
527,0,1,1843,matvec Q8_0,keep::reduce fold,omega_reduce_r3_o2_n2_multiply_add_zero_g10,4096,Q8_0|unpacked,[1000, 512, 1024]
528,0,1,1831,softmax exp,elementwise,omega_elementwise_r1_n2_fused_subtract_o0_o1__exponential_s0,1000,unpacked|unpacked,[1000]
529,0,1,1847,elementwise select,elementwise,omega_elementwise_r2_n3_select,32000,unpacked|unpacked|unpacked,[1000, 32]
530,0,1,1848,softmax max,keep::reduce fold,omega_reduce_r2_o1_n1_identity_maximum_negative_infinity,32000,unpacked,[1000, 32]
531,0,1,1851,softmax max,keep::reduce fold,omega_reduce_r2_o1_n3_fused_equal_o1_o2__multiply_s0_o0_maximum_zero,32000,unpacked|unpacked|unpacked,[1000, 32]
532,0,1,1855,matvec Q8_0,keep::reduce fold,omega_reduce_r3_o2_n2_multiply_add_zero_g10,2048,Q8_0|unpacked,[1000, 1024, 512]
533,0,1,1863,matvec Q8_0,keep::reduce fold,omega_reduce_r3_o2_n2_multiply_add_zero_epi3_fused_identity_o3__negate_o2__exponential_s1__add_s2_o1__reciprocal_s3__multiply_s4_o0__multiply_s0_s5_g10,2048,Q8_0|unpacked,[1000, 1024, 512]
534,0,1,1865,matvec Q8_0,keep::reduce fold,omega_reduce_r3_o2_n2_multiply_add_zero_g10,4096,Q8_0|unpacked,[1000, 512, 1024]
535,0,1,1853,softmax exp,elementwise,omega_elementwise_r1_n2_fused_subtract_o0_o1__exponential_s0,1000,unpacked|unpacked,[1000]
536,0,1,1872,matvec Q8_0,keep::reduce fold,omega_reduce_r3_o2_n2_multiply_add_zero_epi25_fused_identity_o25__multiply_s0_o2__multiply_o3_o4__add_s1_s2__multiply_o5_o6__add_s3_s4__multiply_o7_o8__add_s5_s6__multiply_o9_o10__add_s7_s8__multiply_o11_o12__add_s9_s10__multiply_o13_o14__add_s11_s12__multiply_o15_o16__add_s13_s14__add_o17_o18__add_s16_o19__add_s17_o20__add_s18_o21__add_s19_o22__add_s20_o23__add_s21_o24__reciprocal_s22__multiply_s15_s23__multiply_s24_o1__add_s25_o0_g10,4096,Q8_0|unpacked,[1000, 512, 1024]
537,0,1,1893,RMSNorm sumsq + fused epilogue,keep::reduce fold,omega_reduce_r2_o1_n2_multiply_add_zero_epi4_fused_identity_o4__multiply_s0_o3__add_s1_o2__square_root_s2__reciprocal_s3__multiply_s4_o1__multiply_s5_o0,256000,unpacked|unpacked,[1000, 1024]
538,0,1,1899,matvec Q8_0,keep::reduce fold,omega_reduce_r4_o3_n2_multiply_add_zero,512000,Q8_0|unpacked,[1000, 8, 64, 1024]
539,0,1,1895,matvec Q8_0,keep::reduce fold,omega_reduce_r4_o3_n2_multiply_add_zero,1024000,Q8_0|unpacked,[1000, 16, 64, 1024]
540,0,1,1897,matvec Q8_0,keep::reduce fold,omega_reduce_r4_o3_n2_multiply_add_zero,512000,Q8_0|unpacked,[1000, 8, 64, 1024]
541,0,1,1911,RoPE,elementwise,omega_elementwise_r3_n4_fused_multiply_o0_o1__multiply_o2_o3__add_s0_s1,256000,unpacked|unpacked|unpacked|unpacked,[1000, 8, 32]
542,0,1,1908,RoPE,elementwise,omega_elementwise_r3_n4_fused_multiply_o0_o1__multiply_o2_o3__subtract_s0_s1,256000,unpacked|unpacked|unpacked|unpacked,[1000, 8, 32]
543,0,1,1902,RoPE,elementwise,omega_elementwise_r3_n4_fused_multiply_o0_o1__multiply_o2_o3__subtract_s0_s1,512000,unpacked|unpacked|unpacked|unpacked,[1000, 16, 32]
544,0,1,1905,RoPE,elementwise,omega_elementwise_r3_n4_fused_multiply_o0_o1__multiply_o2_o3__add_s0_s1,512000,unpacked|unpacked|unpacked|unpacked,[1000, 16, 32]
545,0,1,1944,cached attention partial,cached_attention,omega_cached_attention_q1000_c1024_n1000_h8_g2_d64_s3c800000_ln9223372036854775808_up0_cb,2048000,unpacked|unpacked|unpacked|unpacked|unpacked|unpacked|unpacked|unpacked|unpacked,[1000, 8, 2, 64]
546,0,1,1948,matvec Q8_0,keep::reduce fold,omega_reduce_r5_o2_n2_multiply_add_zero_epi2_fused_identity_o2__multiply_s0_o1__add_s1_o0,1024000,Q8_0|unpacked,[1000, 8, 2, 64, 1024]
547,0,1,1956,RMSNorm sumsq + fused epilogue,keep::reduce fold,omega_reduce_r2_o1_n2_multiply_add_zero_epi4_fused_identity_o4__multiply_s0_o3__add_s1_o2__square_root_s2__reciprocal_s3__multiply_s4_o1__multiply_s5_o0,256000,unpacked|unpacked,[1000, 1024]
548,0,1,1958,matvec f32,keep::reduce fold,omega_reduce_r3_o2_n2_multiply_add_zero,4096,unpacked|unpacked,[1000, 1024, 32]
549,0,1,1959,iota,iota,omega_iota_r1,32,,[32]
550,0,1,1960,constant,constant,omega_constant_r0_vff800000,1,,[]
551,0,1,1961,softmax max,keep::reduce fold,omega_reduce_r2_o1_n1_identity_maximum_negative_infinity,32000,unpacked,[1000, 32]
552,0,1,1962,elementwise equal,elementwise,omega_elementwise_r2_n2_equal,32000,unpacked|unpacked,[1000, 32]
553,0,1,1964,softmax max,keep::reduce fold,omega_reduce_r2_o1_n2_multiply_maximum_zero,32000,unpacked|unpacked,[1000, 32]
554,0,1,1968,matvec Q8_0,keep::reduce fold,omega_reduce_r3_o2_n2_multiply_add_zero_g10,2048,Q8_0|unpacked,[1000, 1024, 512]
555,0,1,1976,matvec Q8_0,keep::reduce fold,omega_reduce_r3_o2_n2_multiply_add_zero_epi3_fused_identity_o3__negate_o2__exponential_s1__add_s2_o1__reciprocal_s3__multiply_s4_o0__multiply_s0_s5_g10,2048,Q8_0|unpacked,[1000, 1024, 512]
556,0,1,1966,softmax exp,elementwise,omega_elementwise_r1_n2_fused_subtract_o0_o1__exponential_s0,1000,unpacked|unpacked,[1000]
557,0,1,1980,elementwise select,elementwise,omega_elementwise_r2_n3_select,32000,unpacked|unpacked|unpacked,[1000, 32]
558,0,1,1981,softmax max,keep::reduce fold,omega_reduce_r2_o1_n1_identity_maximum_negative_infinity,32000,unpacked,[1000, 32]
559,0,1,1982,elementwise equal,elementwise,omega_elementwise_r2_n2_equal,32000,unpacked|unpacked,[1000, 32]
560,0,1,1984,softmax max,keep::reduce fold,omega_reduce_r2_o1_n2_multiply_maximum_zero,32000,unpacked|unpacked,[1000, 32]
561,0,1,1988,matvec Q8_0,keep::reduce fold,omega_reduce_r3_o2_n2_multiply_add_zero_g10,2048,Q8_0|unpacked,[1000, 1024, 512]
562,0,1,1996,matvec Q8_0,keep::reduce fold,omega_reduce_r3_o2_n2_multiply_add_zero_epi3_fused_identity_o3__negate_o2__exponential_s1__add_s2_o1__reciprocal_s3__multiply_s4_o0__multiply_s0_s5_g10,2048,Q8_0|unpacked,[1000, 1024, 512]
563,0,1,1998,matvec Q8_0,keep::reduce fold,omega_reduce_r3_o2_n2_multiply_add_zero_g10,4096,Q8_0|unpacked,[1000, 512, 1024]
564,0,1,1986,softmax exp,elementwise,omega_elementwise_r1_n2_fused_subtract_o0_o1__exponential_s0,1000,unpacked|unpacked,[1000]
565,0,1,2002,elementwise select,elementwise,omega_elementwise_r2_n3_select,32000,unpacked|unpacked|unpacked,[1000, 32]
566,0,1,2003,softmax max,keep::reduce fold,omega_reduce_r2_o1_n1_identity_maximum_negative_infinity,32000,unpacked,[1000, 32]
567,0,1,2004,elementwise equal,elementwise,omega_elementwise_r2_n2_equal,32000,unpacked|unpacked,[1000, 32]
568,0,1,2006,softmax max,keep::reduce fold,omega_reduce_r2_o1_n2_multiply_maximum_zero,32000,unpacked|unpacked,[1000, 32]
569,0,1,2010,matvec Q8_0,keep::reduce fold,omega_reduce_r3_o2_n2_multiply_add_zero_g10,2048,Q8_0|unpacked,[1000, 1024, 512]
570,0,1,2018,matvec Q8_0,keep::reduce fold,omega_reduce_r3_o2_n2_multiply_add_zero_epi3_fused_identity_o3__negate_o2__exponential_s1__add_s2_o1__reciprocal_s3__multiply_s4_o0__multiply_s0_s5_g10,2048,Q8_0|unpacked,[1000, 1024, 512]
571,0,1,2020,matvec Q8_0,keep::reduce fold,omega_reduce_r3_o2_n2_multiply_add_zero_g10,4096,Q8_0|unpacked,[1000, 512, 1024]
572,0,1,2008,softmax exp,elementwise,omega_elementwise_r1_n2_fused_subtract_o0_o1__exponential_s0,1000,unpacked|unpacked,[1000]
573,0,1,2024,elementwise select,elementwise,omega_elementwise_r2_n3_select,32000,unpacked|unpacked|unpacked,[1000, 32]
574,0,1,2025,softmax max,keep::reduce fold,omega_reduce_r2_o1_n1_identity_maximum_negative_infinity,32000,unpacked,[1000, 32]
575,0,1,2026,elementwise equal,elementwise,omega_elementwise_r2_n2_equal,32000,unpacked|unpacked,[1000, 32]
576,0,1,2028,softmax max,keep::reduce fold,omega_reduce_r2_o1_n2_multiply_maximum_zero,32000,unpacked|unpacked,[1000, 32]
577,0,1,2032,matvec Q8_0,keep::reduce fold,omega_reduce_r3_o2_n2_multiply_add_zero_g10,2048,Q8_0|unpacked,[1000, 1024, 512]
578,0,1,2040,matvec Q8_0,keep::reduce fold,omega_reduce_r3_o2_n2_multiply_add_zero_epi3_fused_identity_o3__negate_o2__exponential_s1__add_s2_o1__reciprocal_s3__multiply_s4_o0__multiply_s0_s5_g10,2048,Q8_0|unpacked,[1000, 1024, 512]
579,0,1,2042,matvec Q8_0,keep::reduce fold,omega_reduce_r3_o2_n2_multiply_add_zero_g10,4096,Q8_0|unpacked,[1000, 512, 1024]
580,0,1,2030,softmax exp,elementwise,omega_elementwise_r1_n2_fused_subtract_o0_o1__exponential_s0,1000,unpacked|unpacked,[1000]
581,0,1,2046,elementwise select,elementwise,omega_elementwise_r2_n3_select,32000,unpacked|unpacked|unpacked,[1000, 32]
582,0,1,2047,softmax max,keep::reduce fold,omega_reduce_r2_o1_n1_identity_maximum_negative_infinity,32000,unpacked,[1000, 32]
583,0,1,2048,elementwise equal,elementwise,omega_elementwise_r2_n2_equal,32000,unpacked|unpacked,[1000, 32]
584,0,1,2050,softmax max,keep::reduce fold,omega_reduce_r2_o1_n2_multiply_maximum_zero,32000,unpacked|unpacked,[1000, 32]
585,0,1,2054,matvec Q8_0,keep::reduce fold,omega_reduce_r3_o2_n2_multiply_add_zero_g10,2048,Q8_0|unpacked,[1000, 1024, 512]
586,0,1,2062,matvec Q8_0,keep::reduce fold,omega_reduce_r3_o2_n2_multiply_add_zero_epi3_fused_identity_o3__negate_o2__exponential_s1__add_s2_o1__reciprocal_s3__multiply_s4_o0__multiply_s0_s5_g10,2048,Q8_0|unpacked,[1000, 1024, 512]
587,0,1,2064,matvec Q8_0,keep::reduce fold,omega_reduce_r3_o2_n2_multiply_add_zero_g10,4096,Q8_0|unpacked,[1000, 512, 1024]
588,0,1,2052,softmax exp,elementwise,omega_elementwise_r1_n2_fused_subtract_o0_o1__exponential_s0,1000,unpacked|unpacked,[1000]
589,0,1,2068,elementwise select,elementwise,omega_elementwise_r2_n3_select,32000,unpacked|unpacked|unpacked,[1000, 32]
590,0,1,2069,softmax max,keep::reduce fold,omega_reduce_r2_o1_n1_identity_maximum_negative_infinity,32000,unpacked,[1000, 32]
591,0,1,2070,elementwise equal,elementwise,omega_elementwise_r2_n2_equal,32000,unpacked|unpacked,[1000, 32]
592,0,1,2072,softmax max,keep::reduce fold,omega_reduce_r2_o1_n2_multiply_maximum_zero,32000,unpacked|unpacked,[1000, 32]
593,0,1,2076,matvec Q8_0,keep::reduce fold,omega_reduce_r3_o2_n2_multiply_add_zero_g10,2048,Q8_0|unpacked,[1000, 1024, 512]
594,0,1,2084,matvec Q8_0,keep::reduce fold,omega_reduce_r3_o2_n2_multiply_add_zero_epi3_fused_identity_o3__negate_o2__exponential_s1__add_s2_o1__reciprocal_s3__multiply_s4_o0__multiply_s0_s5_g10,2048,Q8_0|unpacked,[1000, 1024, 512]
595,0,1,2086,matvec Q8_0,keep::reduce fold,omega_reduce_r3_o2_n2_multiply_add_zero_g10,4096,Q8_0|unpacked,[1000, 512, 1024]
596,0,1,2074,softmax exp,elementwise,omega_elementwise_r1_n2_fused_subtract_o0_o1__exponential_s0,1000,unpacked|unpacked,[1000]
597,0,1,2090,elementwise select,elementwise,omega_elementwise_r2_n3_select,32000,unpacked|unpacked|unpacked,[1000, 32]
598,0,1,2091,softmax max,keep::reduce fold,omega_reduce_r2_o1_n1_identity_maximum_negative_infinity,32000,unpacked,[1000, 32]
599,0,1,2092,elementwise equal,elementwise,omega_elementwise_r2_n2_equal,32000,unpacked|unpacked,[1000, 32]
600,0,1,2094,softmax max,keep::reduce fold,omega_reduce_r2_o1_n2_multiply_maximum_zero,32000,unpacked|unpacked,[1000, 32]
601,0,1,2098,matvec Q8_0,keep::reduce fold,omega_reduce_r3_o2_n2_multiply_add_zero_g10,2048,Q8_0|unpacked,[1000, 1024, 512]
602,0,1,2106,matvec Q8_0,keep::reduce fold,omega_reduce_r3_o2_n2_multiply_add_zero_epi3_fused_identity_o3__negate_o2__exponential_s1__add_s2_o1__reciprocal_s3__multiply_s4_o0__multiply_s0_s5_g10,2048,Q8_0|unpacked,[1000, 1024, 512]
603,0,1,2108,matvec Q8_0,keep::reduce fold,omega_reduce_r3_o2_n2_multiply_add_zero_g10,4096,Q8_0|unpacked,[1000, 512, 1024]
604,0,1,2096,softmax exp,elementwise,omega_elementwise_r1_n2_fused_subtract_o0_o1__exponential_s0,1000,unpacked|unpacked,[1000]
605,0,1,2112,elementwise select,elementwise,omega_elementwise_r2_n3_select,32000,unpacked|unpacked|unpacked,[1000, 32]
606,0,1,2113,softmax max,keep::reduce fold,omega_reduce_r2_o1_n1_identity_maximum_negative_infinity,32000,unpacked,[1000, 32]
607,0,1,2116,softmax max,keep::reduce fold,omega_reduce_r2_o1_n3_fused_equal_o1_o2__multiply_s0_o0_maximum_zero,32000,unpacked|unpacked|unpacked,[1000, 32]
608,0,1,2120,matvec Q8_0,keep::reduce fold,omega_reduce_r3_o2_n2_multiply_add_zero_g10,2048,Q8_0|unpacked,[1000, 1024, 512]
609,0,1,2128,matvec Q8_0,keep::reduce fold,omega_reduce_r3_o2_n2_multiply_add_zero_epi3_fused_identity_o3__negate_o2__exponential_s1__add_s2_o1__reciprocal_s3__multiply_s4_o0__multiply_s0_s5_g10,2048,Q8_0|unpacked,[1000, 1024, 512]
610,0,1,2130,matvec Q8_0,keep::reduce fold,omega_reduce_r3_o2_n2_multiply_add_zero_g10,4096,Q8_0|unpacked,[1000, 512, 1024]
611,0,1,2118,softmax exp,elementwise,omega_elementwise_r1_n2_fused_subtract_o0_o1__exponential_s0,1000,unpacked|unpacked,[1000]
612,0,1,2137,matvec Q8_0,keep::reduce fold,omega_reduce_r3_o2_n2_multiply_add_zero_epi25_fused_identity_o25__multiply_s0_o2__multiply_o3_o4__add_s1_s2__multiply_o5_o6__add_s3_s4__multiply_o7_o8__add_s5_s6__multiply_o9_o10__add_s7_s8__multiply_o11_o12__add_s9_s10__multiply_o13_o14__add_s11_s12__multiply_o15_o16__add_s13_s14__add_o17_o18__add_s16_o19__add_s17_o20__add_s18_o21__add_s19_o22__add_s20_o23__add_s21_o24__reciprocal_s22__multiply_s15_s23__multiply_s24_o1__add_s25_o0_g10,4096,Q8_0|unpacked,[1000, 512, 1024]
613,0,1,2158,RMSNorm sumsq + fused epilogue,keep::reduce fold,omega_reduce_r2_o1_n2_multiply_add_zero_epi4_fused_identity_o4__multiply_s0_o3__add_s1_o2__square_root_s2__reciprocal_s3__multiply_s4_o1__multiply_s5_o0,256000,unpacked|unpacked,[1000, 1024]
614,0,1,2164,matvec Q8_0,keep::reduce fold,omega_reduce_r4_o3_n2_multiply_add_zero,512000,Q8_0|unpacked,[1000, 8, 64, 1024]
615,0,1,2160,matvec Q8_0,keep::reduce fold,omega_reduce_r4_o3_n2_multiply_add_zero,1024000,Q8_0|unpacked,[1000, 16, 64, 1024]
616,0,1,2162,matvec Q8_0,keep::reduce fold,omega_reduce_r4_o3_n2_multiply_add_zero,512000,Q8_0|unpacked,[1000, 8, 64, 1024]
617,0,1,2176,RoPE,elementwise,omega_elementwise_r3_n4_fused_multiply_o0_o1__multiply_o2_o3__add_s0_s1,256000,unpacked|unpacked|unpacked|unpacked,[1000, 8, 32]
618,0,1,2173,RoPE,elementwise,omega_elementwise_r3_n4_fused_multiply_o0_o1__multiply_o2_o3__subtract_s0_s1,256000,unpacked|unpacked|unpacked|unpacked,[1000, 8, 32]
619,0,1,2167,RoPE,elementwise,omega_elementwise_r3_n4_fused_multiply_o0_o1__multiply_o2_o3__subtract_s0_s1,512000,unpacked|unpacked|unpacked|unpacked,[1000, 16, 32]
620,0,1,2170,RoPE,elementwise,omega_elementwise_r3_n4_fused_multiply_o0_o1__multiply_o2_o3__add_s0_s1,512000,unpacked|unpacked|unpacked|unpacked,[1000, 16, 32]
621,0,1,2209,cached attention partial,cached_attention,omega_cached_attention_q1000_c1024_n1000_h8_g2_d64_s3c800000_ln9223372036854775808_up0_cb,2048000,unpacked|unpacked|unpacked|unpacked|unpacked|unpacked|unpacked|unpacked|unpacked,[1000, 8, 2, 64]
622,0,1,2213,matvec Q8_0,keep::reduce fold,omega_reduce_r5_o2_n2_multiply_add_zero_epi2_fused_identity_o2__multiply_s0_o1__add_s1_o0,1024000,Q8_0|unpacked,[1000, 8, 2, 64, 1024]
623,0,1,2221,RMSNorm sumsq + fused epilogue,keep::reduce fold,omega_reduce_r2_o1_n2_multiply_add_zero_epi4_fused_identity_o4__multiply_s0_o3__add_s1_o2__square_root_s2__reciprocal_s3__multiply_s4_o1__multiply_s5_o0,256000,unpacked|unpacked,[1000, 1024]
624,0,1,2223,matvec f32,keep::reduce fold,omega_reduce_r3_o2_n2_multiply_add_zero,4096,unpacked|unpacked,[1000, 1024, 32]
625,0,1,2224,iota,iota,omega_iota_r1,32,,[32]
626,0,1,2225,constant,constant,omega_constant_r0_vff800000,1,,[]
627,0,1,2226,softmax max,keep::reduce fold,omega_reduce_r2_o1_n1_identity_maximum_negative_infinity,32000,unpacked,[1000, 32]
628,0,1,2227,elementwise equal,elementwise,omega_elementwise_r2_n2_equal,32000,unpacked|unpacked,[1000, 32]
629,0,1,2229,softmax max,keep::reduce fold,omega_reduce_r2_o1_n2_multiply_maximum_zero,32000,unpacked|unpacked,[1000, 32]
630,0,1,2233,matvec Q8_0,keep::reduce fold,omega_reduce_r3_o2_n2_multiply_add_zero_g10,2048,Q8_0|unpacked,[1000, 1024, 512]
631,0,1,2241,matvec Q8_0,keep::reduce fold,omega_reduce_r3_o2_n2_multiply_add_zero_epi3_fused_identity_o3__negate_o2__exponential_s1__add_s2_o1__reciprocal_s3__multiply_s4_o0__multiply_s0_s5_g10,2048,Q8_0|unpacked,[1000, 1024, 512]
632,0,1,2231,softmax exp,elementwise,omega_elementwise_r1_n2_fused_subtract_o0_o1__exponential_s0,1000,unpacked|unpacked,[1000]
633,0,1,2245,elementwise select,elementwise,omega_elementwise_r2_n3_select,32000,unpacked|unpacked|unpacked,[1000, 32]
634,0,1,2246,softmax max,keep::reduce fold,omega_reduce_r2_o1_n1_identity_maximum_negative_infinity,32000,unpacked,[1000, 32]
635,0,1,2247,elementwise equal,elementwise,omega_elementwise_r2_n2_equal,32000,unpacked|unpacked,[1000, 32]
636,0,1,2249,softmax max,keep::reduce fold,omega_reduce_r2_o1_n2_multiply_maximum_zero,32000,unpacked|unpacked,[1000, 32]
637,0,1,2253,matvec Q8_0,keep::reduce fold,omega_reduce_r3_o2_n2_multiply_add_zero_g10,2048,Q8_0|unpacked,[1000, 1024, 512]
638,0,1,2261,matvec Q8_0,keep::reduce fold,omega_reduce_r3_o2_n2_multiply_add_zero_epi3_fused_identity_o3__negate_o2__exponential_s1__add_s2_o1__reciprocal_s3__multiply_s4_o0__multiply_s0_s5_g10,2048,Q8_0|unpacked,[1000, 1024, 512]
639,0,1,2263,matvec Q8_0,keep::reduce fold,omega_reduce_r3_o2_n2_multiply_add_zero_g10,4096,Q8_0|unpacked,[1000, 512, 1024]
640,0,1,2251,softmax exp,elementwise,omega_elementwise_r1_n2_fused_subtract_o0_o1__exponential_s0,1000,unpacked|unpacked,[1000]
641,0,1,2267,elementwise select,elementwise,omega_elementwise_r2_n3_select,32000,unpacked|unpacked|unpacked,[1000, 32]
642,0,1,2268,softmax max,keep::reduce fold,omega_reduce_r2_o1_n1_identity_maximum_negative_infinity,32000,unpacked,[1000, 32]
643,0,1,2269,elementwise equal,elementwise,omega_elementwise_r2_n2_equal,32000,unpacked|unpacked,[1000, 32]
644,0,1,2271,softmax max,keep::reduce fold,omega_reduce_r2_o1_n2_multiply_maximum_zero,32000,unpacked|unpacked,[1000, 32]
645,0,1,2275,matvec Q8_0,keep::reduce fold,omega_reduce_r3_o2_n2_multiply_add_zero_g10,2048,Q8_0|unpacked,[1000, 1024, 512]
646,0,1,2283,matvec Q8_0,keep::reduce fold,omega_reduce_r3_o2_n2_multiply_add_zero_epi3_fused_identity_o3__negate_o2__exponential_s1__add_s2_o1__reciprocal_s3__multiply_s4_o0__multiply_s0_s5_g10,2048,Q8_0|unpacked,[1000, 1024, 512]
647,0,1,2285,matvec Q8_0,keep::reduce fold,omega_reduce_r3_o2_n2_multiply_add_zero_g10,4096,Q8_0|unpacked,[1000, 512, 1024]
648,0,1,2273,softmax exp,elementwise,omega_elementwise_r1_n2_fused_subtract_o0_o1__exponential_s0,1000,unpacked|unpacked,[1000]
649,0,1,2289,elementwise select,elementwise,omega_elementwise_r2_n3_select,32000,unpacked|unpacked|unpacked,[1000, 32]
650,0,1,2290,softmax max,keep::reduce fold,omega_reduce_r2_o1_n1_identity_maximum_negative_infinity,32000,unpacked,[1000, 32]
651,0,1,2291,elementwise equal,elementwise,omega_elementwise_r2_n2_equal,32000,unpacked|unpacked,[1000, 32]
652,0,1,2293,softmax max,keep::reduce fold,omega_reduce_r2_o1_n2_multiply_maximum_zero,32000,unpacked|unpacked,[1000, 32]
653,0,1,2297,matvec Q8_0,keep::reduce fold,omega_reduce_r3_o2_n2_multiply_add_zero_g10,2048,Q8_0|unpacked,[1000, 1024, 512]
654,0,1,2305,matvec Q8_0,keep::reduce fold,omega_reduce_r3_o2_n2_multiply_add_zero_epi3_fused_identity_o3__negate_o2__exponential_s1__add_s2_o1__reciprocal_s3__multiply_s4_o0__multiply_s0_s5_g10,2048,Q8_0|unpacked,[1000, 1024, 512]
655,0,1,2307,matvec Q8_0,keep::reduce fold,omega_reduce_r3_o2_n2_multiply_add_zero_g10,4096,Q8_0|unpacked,[1000, 512, 1024]
656,0,1,2295,softmax exp,elementwise,omega_elementwise_r1_n2_fused_subtract_o0_o1__exponential_s0,1000,unpacked|unpacked,[1000]
657,0,1,2311,elementwise select,elementwise,omega_elementwise_r2_n3_select,32000,unpacked|unpacked|unpacked,[1000, 32]
658,0,1,2312,softmax max,keep::reduce fold,omega_reduce_r2_o1_n1_identity_maximum_negative_infinity,32000,unpacked,[1000, 32]
659,0,1,2313,elementwise equal,elementwise,omega_elementwise_r2_n2_equal,32000,unpacked|unpacked,[1000, 32]
660,0,1,2315,softmax max,keep::reduce fold,omega_reduce_r2_o1_n2_multiply_maximum_zero,32000,unpacked|unpacked,[1000, 32]
661,0,1,2319,matvec Q8_0,keep::reduce fold,omega_reduce_r3_o2_n2_multiply_add_zero_g10,2048,Q8_0|unpacked,[1000, 1024, 512]
662,0,1,2327,matvec Q8_0,keep::reduce fold,omega_reduce_r3_o2_n2_multiply_add_zero_epi3_fused_identity_o3__negate_o2__exponential_s1__add_s2_o1__reciprocal_s3__multiply_s4_o0__multiply_s0_s5_g10,2048,Q8_0|unpacked,[1000, 1024, 512]
663,0,1,2329,matvec Q8_0,keep::reduce fold,omega_reduce_r3_o2_n2_multiply_add_zero_g10,4096,Q8_0|unpacked,[1000, 512, 1024]
664,0,1,2317,softmax exp,elementwise,omega_elementwise_r1_n2_fused_subtract_o0_o1__exponential_s0,1000,unpacked|unpacked,[1000]
665,0,1,2333,elementwise select,elementwise,omega_elementwise_r2_n3_select,32000,unpacked|unpacked|unpacked,[1000, 32]
666,0,1,2334,softmax max,keep::reduce fold,omega_reduce_r2_o1_n1_identity_maximum_negative_infinity,32000,unpacked,[1000, 32]
667,0,1,2335,elementwise equal,elementwise,omega_elementwise_r2_n2_equal,32000,unpacked|unpacked,[1000, 32]
668,0,1,2337,softmax max,keep::reduce fold,omega_reduce_r2_o1_n2_multiply_maximum_zero,32000,unpacked|unpacked,[1000, 32]
669,0,1,2341,matvec Q8_0,keep::reduce fold,omega_reduce_r3_o2_n2_multiply_add_zero_g10,2048,Q8_0|unpacked,[1000, 1024, 512]
670,0,1,2349,matvec Q8_0,keep::reduce fold,omega_reduce_r3_o2_n2_multiply_add_zero_epi3_fused_identity_o3__negate_o2__exponential_s1__add_s2_o1__reciprocal_s3__multiply_s4_o0__multiply_s0_s5_g10,2048,Q8_0|unpacked,[1000, 1024, 512]
671,0,1,2351,matvec Q8_0,keep::reduce fold,omega_reduce_r3_o2_n2_multiply_add_zero_g10,4096,Q8_0|unpacked,[1000, 512, 1024]
672,0,1,2339,softmax exp,elementwise,omega_elementwise_r1_n2_fused_subtract_o0_o1__exponential_s0,1000,unpacked|unpacked,[1000]
673,0,1,2355,elementwise select,elementwise,omega_elementwise_r2_n3_select,32000,unpacked|unpacked|unpacked,[1000, 32]
674,0,1,2356,softmax max,keep::reduce fold,omega_reduce_r2_o1_n1_identity_maximum_negative_infinity,32000,unpacked,[1000, 32]
675,0,1,2357,elementwise equal,elementwise,omega_elementwise_r2_n2_equal,32000,unpacked|unpacked,[1000, 32]
676,0,1,2359,softmax max,keep::reduce fold,omega_reduce_r2_o1_n2_multiply_maximum_zero,32000,unpacked|unpacked,[1000, 32]
677,0,1,2363,matvec Q8_0,keep::reduce fold,omega_reduce_r3_o2_n2_multiply_add_zero_g10,2048,Q8_0|unpacked,[1000, 1024, 512]
678,0,1,2371,matvec Q8_0,keep::reduce fold,omega_reduce_r3_o2_n2_multiply_add_zero_epi3_fused_identity_o3__negate_o2__exponential_s1__add_s2_o1__reciprocal_s3__multiply_s4_o0__multiply_s0_s5_g10,2048,Q8_0|unpacked,[1000, 1024, 512]
679,0,1,2373,matvec Q8_0,keep::reduce fold,omega_reduce_r3_o2_n2_multiply_add_zero_g10,4096,Q8_0|unpacked,[1000, 512, 1024]
680,0,1,2361,softmax exp,elementwise,omega_elementwise_r1_n2_fused_subtract_o0_o1__exponential_s0,1000,unpacked|unpacked,[1000]
681,0,1,2377,elementwise select,elementwise,omega_elementwise_r2_n3_select,32000,unpacked|unpacked|unpacked,[1000, 32]
682,0,1,2378,softmax max,keep::reduce fold,omega_reduce_r2_o1_n1_identity_maximum_negative_infinity,32000,unpacked,[1000, 32]
683,0,1,2381,softmax max,keep::reduce fold,omega_reduce_r2_o1_n3_fused_equal_o1_o2__multiply_s0_o0_maximum_zero,32000,unpacked|unpacked|unpacked,[1000, 32]
684,0,1,2385,matvec Q8_0,keep::reduce fold,omega_reduce_r3_o2_n2_multiply_add_zero_g10,2048,Q8_0|unpacked,[1000, 1024, 512]
685,0,1,2393,matvec Q8_0,keep::reduce fold,omega_reduce_r3_o2_n2_multiply_add_zero_epi3_fused_identity_o3__negate_o2__exponential_s1__add_s2_o1__reciprocal_s3__multiply_s4_o0__multiply_s0_s5_g10,2048,Q8_0|unpacked,[1000, 1024, 512]
686,0,1,2395,matvec Q8_0,keep::reduce fold,omega_reduce_r3_o2_n2_multiply_add_zero_g10,4096,Q8_0|unpacked,[1000, 512, 1024]
687,0,1,2383,softmax exp,elementwise,omega_elementwise_r1_n2_fused_subtract_o0_o1__exponential_s0,1000,unpacked|unpacked,[1000]
688,0,1,2402,matvec Q8_0,keep::reduce fold,omega_reduce_r3_o2_n2_multiply_add_zero_epi25_fused_identity_o25__multiply_s0_o2__multiply_o3_o4__add_s1_s2__multiply_o5_o6__add_s3_s4__multiply_o7_o8__add_s5_s6__multiply_o9_o10__add_s7_s8__multiply_o11_o12__add_s9_s10__multiply_o13_o14__add_s11_s12__multiply_o15_o16__add_s13_s14__add_o17_o18__add_s16_o19__add_s17_o20__add_s18_o21__add_s19_o22__add_s20_o23__add_s21_o24__reciprocal_s22__multiply_s15_s23__multiply_s24_o1__add_s25_o0_g10,4096,Q8_0|unpacked,[1000, 512, 1024]
689,0,1,2423,RMSNorm sumsq + fused epilogue,keep::reduce fold,omega_reduce_r2_o1_n2_multiply_add_zero_epi4_fused_identity_o4__multiply_s0_o3__add_s1_o2__square_root_s2__reciprocal_s3__multiply_s4_o1__multiply_s5_o0,256000,unpacked|unpacked,[1000, 1024]
690,0,1,2429,matvec Q8_0,keep::reduce fold,omega_reduce_r4_o3_n2_multiply_add_zero,512000,Q8_0|unpacked,[1000, 8, 64, 1024]
691,0,1,2425,matvec Q8_0,keep::reduce fold,omega_reduce_r4_o3_n2_multiply_add_zero,1024000,Q8_0|unpacked,[1000, 16, 64, 1024]
692,0,1,2427,matvec Q8_0,keep::reduce fold,omega_reduce_r4_o3_n2_multiply_add_zero,512000,Q8_0|unpacked,[1000, 8, 64, 1024]
693,0,1,2441,RoPE,elementwise,omega_elementwise_r3_n4_fused_multiply_o0_o1__multiply_o2_o3__add_s0_s1,256000,unpacked|unpacked|unpacked|unpacked,[1000, 8, 32]
694,0,1,2438,RoPE,elementwise,omega_elementwise_r3_n4_fused_multiply_o0_o1__multiply_o2_o3__subtract_s0_s1,256000,unpacked|unpacked|unpacked|unpacked,[1000, 8, 32]
695,0,1,2432,RoPE,elementwise,omega_elementwise_r3_n4_fused_multiply_o0_o1__multiply_o2_o3__subtract_s0_s1,512000,unpacked|unpacked|unpacked|unpacked,[1000, 16, 32]
696,0,1,2435,RoPE,elementwise,omega_elementwise_r3_n4_fused_multiply_o0_o1__multiply_o2_o3__add_s0_s1,512000,unpacked|unpacked|unpacked|unpacked,[1000, 16, 32]
697,0,1,2474,cached attention partial,cached_attention,omega_cached_attention_q1000_c1024_n1000_h8_g2_d64_s3c800000_ln9223372036854775808_up0_cb,2048000,unpacked|unpacked|unpacked|unpacked|unpacked|unpacked|unpacked|unpacked|unpacked,[1000, 8, 2, 64]
698,0,1,2478,matvec Q8_0,keep::reduce fold,omega_reduce_r5_o2_n2_multiply_add_zero_epi2_fused_identity_o2__multiply_s0_o1__add_s1_o0,1024000,Q8_0|unpacked,[1000, 8, 2, 64, 1024]
699,0,1,2486,RMSNorm sumsq + fused epilogue,keep::reduce fold,omega_reduce_r2_o1_n2_multiply_add_zero_epi4_fused_identity_o4__multiply_s0_o3__add_s1_o2__square_root_s2__reciprocal_s3__multiply_s4_o1__multiply_s5_o0,256000,unpacked|unpacked,[1000, 1024]
700,0,1,2488,matvec f32,keep::reduce fold,omega_reduce_r3_o2_n2_multiply_add_zero,4096,unpacked|unpacked,[1000, 1024, 32]
701,0,1,2489,iota,iota,omega_iota_r1,32,,[32]
702,0,1,2490,constant,constant,omega_constant_r0_vff800000,1,,[]
703,0,1,2491,softmax max,keep::reduce fold,omega_reduce_r2_o1_n1_identity_maximum_negative_infinity,32000,unpacked,[1000, 32]
704,0,1,2492,elementwise equal,elementwise,omega_elementwise_r2_n2_equal,32000,unpacked|unpacked,[1000, 32]
705,0,1,2494,softmax max,keep::reduce fold,omega_reduce_r2_o1_n2_multiply_maximum_zero,32000,unpacked|unpacked,[1000, 32]
706,0,1,2498,matvec Q8_0,keep::reduce fold,omega_reduce_r3_o2_n2_multiply_add_zero_g10,2048,Q8_0|unpacked,[1000, 1024, 512]
707,0,1,2506,matvec Q8_0,keep::reduce fold,omega_reduce_r3_o2_n2_multiply_add_zero_epi3_fused_identity_o3__negate_o2__exponential_s1__add_s2_o1__reciprocal_s3__multiply_s4_o0__multiply_s0_s5_g10,2048,Q8_0|unpacked,[1000, 1024, 512]
708,0,1,2496,softmax exp,elementwise,omega_elementwise_r1_n2_fused_subtract_o0_o1__exponential_s0,1000,unpacked|unpacked,[1000]
709,0,1,2510,elementwise select,elementwise,omega_elementwise_r2_n3_select,32000,unpacked|unpacked|unpacked,[1000, 32]
710,0,1,2511,softmax max,keep::reduce fold,omega_reduce_r2_o1_n1_identity_maximum_negative_infinity,32000,unpacked,[1000, 32]
711,0,1,2512,elementwise equal,elementwise,omega_elementwise_r2_n2_equal,32000,unpacked|unpacked,[1000, 32]
712,0,1,2514,softmax max,keep::reduce fold,omega_reduce_r2_o1_n2_multiply_maximum_zero,32000,unpacked|unpacked,[1000, 32]
713,0,1,2518,matvec Q8_0,keep::reduce fold,omega_reduce_r3_o2_n2_multiply_add_zero_g10,2048,Q8_0|unpacked,[1000, 1024, 512]
714,0,1,2526,matvec Q8_0,keep::reduce fold,omega_reduce_r3_o2_n2_multiply_add_zero_epi3_fused_identity_o3__negate_o2__exponential_s1__add_s2_o1__reciprocal_s3__multiply_s4_o0__multiply_s0_s5_g10,2048,Q8_0|unpacked,[1000, 1024, 512]
715,0,1,2528,matvec Q8_0,keep::reduce fold,omega_reduce_r3_o2_n2_multiply_add_zero_g10,4096,Q8_0|unpacked,[1000, 512, 1024]
716,0,1,2516,softmax exp,elementwise,omega_elementwise_r1_n2_fused_subtract_o0_o1__exponential_s0,1000,unpacked|unpacked,[1000]
717,0,1,2532,elementwise select,elementwise,omega_elementwise_r2_n3_select,32000,unpacked|unpacked|unpacked,[1000, 32]
718,0,1,2533,softmax max,keep::reduce fold,omega_reduce_r2_o1_n1_identity_maximum_negative_infinity,32000,unpacked,[1000, 32]
719,0,1,2534,elementwise equal,elementwise,omega_elementwise_r2_n2_equal,32000,unpacked|unpacked,[1000, 32]
720,0,1,2536,softmax max,keep::reduce fold,omega_reduce_r2_o1_n2_multiply_maximum_zero,32000,unpacked|unpacked,[1000, 32]
721,0,1,2540,matvec Q8_0,keep::reduce fold,omega_reduce_r3_o2_n2_multiply_add_zero_g10,2048,Q8_0|unpacked,[1000, 1024, 512]
722,0,1,2548,matvec Q8_0,keep::reduce fold,omega_reduce_r3_o2_n2_multiply_add_zero_epi3_fused_identity_o3__negate_o2__exponential_s1__add_s2_o1__reciprocal_s3__multiply_s4_o0__multiply_s0_s5_g10,2048,Q8_0|unpacked,[1000, 1024, 512]
723,0,1,2550,matvec Q8_0,keep::reduce fold,omega_reduce_r3_o2_n2_multiply_add_zero_g10,4096,Q8_0|unpacked,[1000, 512, 1024]
724,0,1,2538,softmax exp,elementwise,omega_elementwise_r1_n2_fused_subtract_o0_o1__exponential_s0,1000,unpacked|unpacked,[1000]
725,0,1,2554,elementwise select,elementwise,omega_elementwise_r2_n3_select,32000,unpacked|unpacked|unpacked,[1000, 32]
726,0,1,2555,softmax max,keep::reduce fold,omega_reduce_r2_o1_n1_identity_maximum_negative_infinity,32000,unpacked,[1000, 32]
727,0,1,2556,elementwise equal,elementwise,omega_elementwise_r2_n2_equal,32000,unpacked|unpacked,[1000, 32]
728,0,1,2558,softmax max,keep::reduce fold,omega_reduce_r2_o1_n2_multiply_maximum_zero,32000,unpacked|unpacked,[1000, 32]
729,0,1,2562,matvec Q8_0,keep::reduce fold,omega_reduce_r3_o2_n2_multiply_add_zero_g10,2048,Q8_0|unpacked,[1000, 1024, 512]
730,0,1,2570,matvec Q8_0,keep::reduce fold,omega_reduce_r3_o2_n2_multiply_add_zero_epi3_fused_identity_o3__negate_o2__exponential_s1__add_s2_o1__reciprocal_s3__multiply_s4_o0__multiply_s0_s5_g10,2048,Q8_0|unpacked,[1000, 1024, 512]
731,0,1,2572,matvec Q8_0,keep::reduce fold,omega_reduce_r3_o2_n2_multiply_add_zero_g10,4096,Q8_0|unpacked,[1000, 512, 1024]
732,0,1,2560,softmax exp,elementwise,omega_elementwise_r1_n2_fused_subtract_o0_o1__exponential_s0,1000,unpacked|unpacked,[1000]
733,0,1,2576,elementwise select,elementwise,omega_elementwise_r2_n3_select,32000,unpacked|unpacked|unpacked,[1000, 32]
734,0,1,2577,softmax max,keep::reduce fold,omega_reduce_r2_o1_n1_identity_maximum_negative_infinity,32000,unpacked,[1000, 32]
735,0,1,2578,elementwise equal,elementwise,omega_elementwise_r2_n2_equal,32000,unpacked|unpacked,[1000, 32]
736,0,1,2580,softmax max,keep::reduce fold,omega_reduce_r2_o1_n2_multiply_maximum_zero,32000,unpacked|unpacked,[1000, 32]
737,0,1,2584,matvec Q8_0,keep::reduce fold,omega_reduce_r3_o2_n2_multiply_add_zero_g10,2048,Q8_0|unpacked,[1000, 1024, 512]
738,0,1,2592,matvec Q8_0,keep::reduce fold,omega_reduce_r3_o2_n2_multiply_add_zero_epi3_fused_identity_o3__negate_o2__exponential_s1__add_s2_o1__reciprocal_s3__multiply_s4_o0__multiply_s0_s5_g10,2048,Q8_0|unpacked,[1000, 1024, 512]
739,0,1,2594,matvec Q8_0,keep::reduce fold,omega_reduce_r3_o2_n2_multiply_add_zero_g10,4096,Q8_0|unpacked,[1000, 512, 1024]
740,0,1,2582,softmax exp,elementwise,omega_elementwise_r1_n2_fused_subtract_o0_o1__exponential_s0,1000,unpacked|unpacked,[1000]
741,0,1,2598,elementwise select,elementwise,omega_elementwise_r2_n3_select,32000,unpacked|unpacked|unpacked,[1000, 32]
742,0,1,2599,softmax max,keep::reduce fold,omega_reduce_r2_o1_n1_identity_maximum_negative_infinity,32000,unpacked,[1000, 32]
743,0,1,2600,elementwise equal,elementwise,omega_elementwise_r2_n2_equal,32000,unpacked|unpacked,[1000, 32]
744,0,1,2602,softmax max,keep::reduce fold,omega_reduce_r2_o1_n2_multiply_maximum_zero,32000,unpacked|unpacked,[1000, 32]
745,0,1,2606,matvec Q8_0,keep::reduce fold,omega_reduce_r3_o2_n2_multiply_add_zero_g10,2048,Q8_0|unpacked,[1000, 1024, 512]
746,0,1,2614,matvec Q8_0,keep::reduce fold,omega_reduce_r3_o2_n2_multiply_add_zero_epi3_fused_identity_o3__negate_o2__exponential_s1__add_s2_o1__reciprocal_s3__multiply_s4_o0__multiply_s0_s5_g10,2048,Q8_0|unpacked,[1000, 1024, 512]
747,0,1,2616,matvec Q8_0,keep::reduce fold,omega_reduce_r3_o2_n2_multiply_add_zero_g10,4096,Q8_0|unpacked,[1000, 512, 1024]
748,0,1,2604,softmax exp,elementwise,omega_elementwise_r1_n2_fused_subtract_o0_o1__exponential_s0,1000,unpacked|unpacked,[1000]
749,0,1,2620,elementwise select,elementwise,omega_elementwise_r2_n3_select,32000,unpacked|unpacked|unpacked,[1000, 32]
750,0,1,2621,softmax max,keep::reduce fold,omega_reduce_r2_o1_n1_identity_maximum_negative_infinity,32000,unpacked,[1000, 32]
751,0,1,2622,elementwise equal,elementwise,omega_elementwise_r2_n2_equal,32000,unpacked|unpacked,[1000, 32]
752,0,1,2624,softmax max,keep::reduce fold,omega_reduce_r2_o1_n2_multiply_maximum_zero,32000,unpacked|unpacked,[1000, 32]
753,0,1,2628,matvec Q8_0,keep::reduce fold,omega_reduce_r3_o2_n2_multiply_add_zero_g10,2048,Q8_0|unpacked,[1000, 1024, 512]
754,0,1,2636,matvec Q8_0,keep::reduce fold,omega_reduce_r3_o2_n2_multiply_add_zero_epi3_fused_identity_o3__negate_o2__exponential_s1__add_s2_o1__reciprocal_s3__multiply_s4_o0__multiply_s0_s5_g10,2048,Q8_0|unpacked,[1000, 1024, 512]
755,0,1,2638,matvec Q8_0,keep::reduce fold,omega_reduce_r3_o2_n2_multiply_add_zero_g10,4096,Q8_0|unpacked,[1000, 512, 1024]
756,0,1,2626,softmax exp,elementwise,omega_elementwise_r1_n2_fused_subtract_o0_o1__exponential_s0,1000,unpacked|unpacked,[1000]
757,0,1,2642,elementwise select,elementwise,omega_elementwise_r2_n3_select,32000,unpacked|unpacked|unpacked,[1000, 32]
758,0,1,2643,softmax max,keep::reduce fold,omega_reduce_r2_o1_n1_identity_maximum_negative_infinity,32000,unpacked,[1000, 32]
759,0,1,2646,softmax max,keep::reduce fold,omega_reduce_r2_o1_n3_fused_equal_o1_o2__multiply_s0_o0_maximum_zero,32000,unpacked|unpacked|unpacked,[1000, 32]
760,0,1,2650,matvec Q8_0,keep::reduce fold,omega_reduce_r3_o2_n2_multiply_add_zero_g10,2048,Q8_0|unpacked,[1000, 1024, 512]
761,0,1,2658,matvec Q8_0,keep::reduce fold,omega_reduce_r3_o2_n2_multiply_add_zero_epi3_fused_identity_o3__negate_o2__exponential_s1__add_s2_o1__reciprocal_s3__multiply_s4_o0__multiply_s0_s5_g10,2048,Q8_0|unpacked,[1000, 1024, 512]
762,0,1,2660,matvec Q8_0,keep::reduce fold,omega_reduce_r3_o2_n2_multiply_add_zero_g10,4096,Q8_0|unpacked,[1000, 512, 1024]
763,0,1,2648,softmax exp,elementwise,omega_elementwise_r1_n2_fused_subtract_o0_o1__exponential_s0,1000,unpacked|unpacked,[1000]
764,0,1,2667,matvec Q8_0,keep::reduce fold,omega_reduce_r3_o2_n2_multiply_add_zero_epi25_fused_identity_o25__multiply_s0_o2__multiply_o3_o4__add_s1_s2__multiply_o5_o6__add_s3_s4__multiply_o7_o8__add_s5_s6__multiply_o9_o10__add_s7_s8__multiply_o11_o12__add_s9_s10__multiply_o13_o14__add_s11_s12__multiply_o15_o16__add_s13_s14__add_o17_o18__add_s16_o19__add_s17_o20__add_s18_o21__add_s19_o22__add_s20_o23__add_s21_o24__reciprocal_s22__multiply_s15_s23__multiply_s24_o1__add_s25_o0_g10,4096,Q8_0|unpacked,[1000, 512, 1024]
765,0,1,2688,RMSNorm sumsq + fused epilogue,keep::reduce fold,omega_reduce_r2_o1_n2_multiply_add_zero_epi4_fused_identity_o4__multiply_s0_o3__add_s1_o2__square_root_s2__reciprocal_s3__multiply_s4_o1__multiply_s5_o0,256000,unpacked|unpacked,[1000, 1024]
766,0,1,2694,matvec Q8_0,keep::reduce fold,omega_reduce_r4_o3_n2_multiply_add_zero,512000,Q8_0|unpacked,[1000, 8, 64, 1024]
767,0,1,2690,matvec Q8_0,keep::reduce fold,omega_reduce_r4_o3_n2_multiply_add_zero,1024000,Q8_0|unpacked,[1000, 16, 64, 1024]
768,0,1,2692,matvec Q8_0,keep::reduce fold,omega_reduce_r4_o3_n2_multiply_add_zero,512000,Q8_0|unpacked,[1000, 8, 64, 1024]
769,0,1,2706,RoPE,elementwise,omega_elementwise_r3_n4_fused_multiply_o0_o1__multiply_o2_o3__add_s0_s1,256000,unpacked|unpacked|unpacked|unpacked,[1000, 8, 32]
770,0,1,2703,RoPE,elementwise,omega_elementwise_r3_n4_fused_multiply_o0_o1__multiply_o2_o3__subtract_s0_s1,256000,unpacked|unpacked|unpacked|unpacked,[1000, 8, 32]
771,0,1,2697,RoPE,elementwise,omega_elementwise_r3_n4_fused_multiply_o0_o1__multiply_o2_o3__subtract_s0_s1,512000,unpacked|unpacked|unpacked|unpacked,[1000, 16, 32]
772,0,1,2700,RoPE,elementwise,omega_elementwise_r3_n4_fused_multiply_o0_o1__multiply_o2_o3__add_s0_s1,512000,unpacked|unpacked|unpacked|unpacked,[1000, 16, 32]
773,0,1,2739,cached attention partial,cached_attention,omega_cached_attention_q1000_c1024_n1000_h8_g2_d64_s3c800000_ln9223372036854775808_up0_cb,2048000,unpacked|unpacked|unpacked|unpacked|unpacked|unpacked|unpacked|unpacked|unpacked,[1000, 8, 2, 64]
774,0,1,2743,matvec Q8_0,keep::reduce fold,omega_reduce_r5_o2_n2_multiply_add_zero_epi2_fused_identity_o2__multiply_s0_o1__add_s1_o0,1024000,Q8_0|unpacked,[1000, 8, 2, 64, 1024]
775,0,1,2751,RMSNorm sumsq + fused epilogue,keep::reduce fold,omega_reduce_r2_o1_n2_multiply_add_zero_epi4_fused_identity_o4__multiply_s0_o3__add_s1_o2__square_root_s2__reciprocal_s3__multiply_s4_o1__multiply_s5_o0,256000,unpacked|unpacked,[1000, 1024]
776,0,1,2753,matvec f32,keep::reduce fold,omega_reduce_r3_o2_n2_multiply_add_zero,4096,unpacked|unpacked,[1000, 1024, 32]
777,0,1,2754,iota,iota,omega_iota_r1,32,,[32]
778,0,1,2755,constant,constant,omega_constant_r0_vff800000,1,,[]
779,0,1,2756,softmax max,keep::reduce fold,omega_reduce_r2_o1_n1_identity_maximum_negative_infinity,32000,unpacked,[1000, 32]
780,0,1,2757,elementwise equal,elementwise,omega_elementwise_r2_n2_equal,32000,unpacked|unpacked,[1000, 32]
781,0,1,2759,softmax max,keep::reduce fold,omega_reduce_r2_o1_n2_multiply_maximum_zero,32000,unpacked|unpacked,[1000, 32]
782,0,1,2763,matvec Q8_0,keep::reduce fold,omega_reduce_r3_o2_n2_multiply_add_zero_g10,2048,Q8_0|unpacked,[1000, 1024, 512]
783,0,1,2771,matvec Q8_0,keep::reduce fold,omega_reduce_r3_o2_n2_multiply_add_zero_epi3_fused_identity_o3__negate_o2__exponential_s1__add_s2_o1__reciprocal_s3__multiply_s4_o0__multiply_s0_s5_g10,2048,Q8_0|unpacked,[1000, 1024, 512]
784,0,1,2761,softmax exp,elementwise,omega_elementwise_r1_n2_fused_subtract_o0_o1__exponential_s0,1000,unpacked|unpacked,[1000]
785,0,1,2775,elementwise select,elementwise,omega_elementwise_r2_n3_select,32000,unpacked|unpacked|unpacked,[1000, 32]
786,0,1,2776,softmax max,keep::reduce fold,omega_reduce_r2_o1_n1_identity_maximum_negative_infinity,32000,unpacked,[1000, 32]
787,0,1,2777,elementwise equal,elementwise,omega_elementwise_r2_n2_equal,32000,unpacked|unpacked,[1000, 32]
788,0,1,2779,softmax max,keep::reduce fold,omega_reduce_r2_o1_n2_multiply_maximum_zero,32000,unpacked|unpacked,[1000, 32]
789,0,1,2783,matvec Q8_0,keep::reduce fold,omega_reduce_r3_o2_n2_multiply_add_zero_g10,2048,Q8_0|unpacked,[1000, 1024, 512]
790,0,1,2791,matvec Q8_0,keep::reduce fold,omega_reduce_r3_o2_n2_multiply_add_zero_epi3_fused_identity_o3__negate_o2__exponential_s1__add_s2_o1__reciprocal_s3__multiply_s4_o0__multiply_s0_s5_g10,2048,Q8_0|unpacked,[1000, 1024, 512]
791,0,1,2793,matvec Q8_0,keep::reduce fold,omega_reduce_r3_o2_n2_multiply_add_zero_g10,4096,Q8_0|unpacked,[1000, 512, 1024]
792,0,1,2781,softmax exp,elementwise,omega_elementwise_r1_n2_fused_subtract_o0_o1__exponential_s0,1000,unpacked|unpacked,[1000]
793,0,1,2797,elementwise select,elementwise,omega_elementwise_r2_n3_select,32000,unpacked|unpacked|unpacked,[1000, 32]
794,0,1,2798,softmax max,keep::reduce fold,omega_reduce_r2_o1_n1_identity_maximum_negative_infinity,32000,unpacked,[1000, 32]
795,0,1,2799,elementwise equal,elementwise,omega_elementwise_r2_n2_equal,32000,unpacked|unpacked,[1000, 32]
796,0,1,2801,softmax max,keep::reduce fold,omega_reduce_r2_o1_n2_multiply_maximum_zero,32000,unpacked|unpacked,[1000, 32]
797,0,1,2805,matvec Q8_0,keep::reduce fold,omega_reduce_r3_o2_n2_multiply_add_zero_g10,2048,Q8_0|unpacked,[1000, 1024, 512]
798,0,1,2813,matvec Q8_0,keep::reduce fold,omega_reduce_r3_o2_n2_multiply_add_zero_epi3_fused_identity_o3__negate_o2__exponential_s1__add_s2_o1__reciprocal_s3__multiply_s4_o0__multiply_s0_s5_g10,2048,Q8_0|unpacked,[1000, 1024, 512]
799,0,1,2815,matvec Q8_0,keep::reduce fold,omega_reduce_r3_o2_n2_multiply_add_zero_g10,4096,Q8_0|unpacked,[1000, 512, 1024]
800,0,1,2803,softmax exp,elementwise,omega_elementwise_r1_n2_fused_subtract_o0_o1__exponential_s0,1000,unpacked|unpacked,[1000]
801,0,1,2819,elementwise select,elementwise,omega_elementwise_r2_n3_select,32000,unpacked|unpacked|unpacked,[1000, 32]
802,0,1,2820,softmax max,keep::reduce fold,omega_reduce_r2_o1_n1_identity_maximum_negative_infinity,32000,unpacked,[1000, 32]
803,0,1,2821,elementwise equal,elementwise,omega_elementwise_r2_n2_equal,32000,unpacked|unpacked,[1000, 32]
804,0,1,2823,softmax max,keep::reduce fold,omega_reduce_r2_o1_n2_multiply_maximum_zero,32000,unpacked|unpacked,[1000, 32]
805,0,1,2827,matvec Q8_0,keep::reduce fold,omega_reduce_r3_o2_n2_multiply_add_zero_g10,2048,Q8_0|unpacked,[1000, 1024, 512]
806,0,1,2835,matvec Q8_0,keep::reduce fold,omega_reduce_r3_o2_n2_multiply_add_zero_epi3_fused_identity_o3__negate_o2__exponential_s1__add_s2_o1__reciprocal_s3__multiply_s4_o0__multiply_s0_s5_g10,2048,Q8_0|unpacked,[1000, 1024, 512]
807,0,1,2837,matvec Q8_0,keep::reduce fold,omega_reduce_r3_o2_n2_multiply_add_zero_g10,4096,Q8_0|unpacked,[1000, 512, 1024]
808,0,1,2825,softmax exp,elementwise,omega_elementwise_r1_n2_fused_subtract_o0_o1__exponential_s0,1000,unpacked|unpacked,[1000]
809,0,1,2841,elementwise select,elementwise,omega_elementwise_r2_n3_select,32000,unpacked|unpacked|unpacked,[1000, 32]
810,0,1,2842,softmax max,keep::reduce fold,omega_reduce_r2_o1_n1_identity_maximum_negative_infinity,32000,unpacked,[1000, 32]
811,0,1,2843,elementwise equal,elementwise,omega_elementwise_r2_n2_equal,32000,unpacked|unpacked,[1000, 32]
812,0,1,2845,softmax max,keep::reduce fold,omega_reduce_r2_o1_n2_multiply_maximum_zero,32000,unpacked|unpacked,[1000, 32]
813,0,1,2849,matvec Q8_0,keep::reduce fold,omega_reduce_r3_o2_n2_multiply_add_zero_g10,2048,Q8_0|unpacked,[1000, 1024, 512]
814,0,1,2857,matvec Q8_0,keep::reduce fold,omega_reduce_r3_o2_n2_multiply_add_zero_epi3_fused_identity_o3__negate_o2__exponential_s1__add_s2_o1__reciprocal_s3__multiply_s4_o0__multiply_s0_s5_g10,2048,Q8_0|unpacked,[1000, 1024, 512]
815,0,1,2859,matvec Q8_0,keep::reduce fold,omega_reduce_r3_o2_n2_multiply_add_zero_g10,4096,Q8_0|unpacked,[1000, 512, 1024]
816,0,1,2847,softmax exp,elementwise,omega_elementwise_r1_n2_fused_subtract_o0_o1__exponential_s0,1000,unpacked|unpacked,[1000]
817,0,1,2863,elementwise select,elementwise,omega_elementwise_r2_n3_select,32000,unpacked|unpacked|unpacked,[1000, 32]
818,0,1,2864,softmax max,keep::reduce fold,omega_reduce_r2_o1_n1_identity_maximum_negative_infinity,32000,unpacked,[1000, 32]
819,0,1,2865,elementwise equal,elementwise,omega_elementwise_r2_n2_equal,32000,unpacked|unpacked,[1000, 32]
820,0,1,2867,softmax max,keep::reduce fold,omega_reduce_r2_o1_n2_multiply_maximum_zero,32000,unpacked|unpacked,[1000, 32]
821,0,1,2871,matvec Q8_0,keep::reduce fold,omega_reduce_r3_o2_n2_multiply_add_zero_g10,2048,Q8_0|unpacked,[1000, 1024, 512]
822,0,1,2879,matvec Q8_0,keep::reduce fold,omega_reduce_r3_o2_n2_multiply_add_zero_epi3_fused_identity_o3__negate_o2__exponential_s1__add_s2_o1__reciprocal_s3__multiply_s4_o0__multiply_s0_s5_g10,2048,Q8_0|unpacked,[1000, 1024, 512]
823,0,1,2881,matvec Q8_0,keep::reduce fold,omega_reduce_r3_o2_n2_multiply_add_zero_g10,4096,Q8_0|unpacked,[1000, 512, 1024]
824,0,1,2869,softmax exp,elementwise,omega_elementwise_r1_n2_fused_subtract_o0_o1__exponential_s0,1000,unpacked|unpacked,[1000]
825,0,1,2885,elementwise select,elementwise,omega_elementwise_r2_n3_select,32000,unpacked|unpacked|unpacked,[1000, 32]
826,0,1,2886,softmax max,keep::reduce fold,omega_reduce_r2_o1_n1_identity_maximum_negative_infinity,32000,unpacked,[1000, 32]
827,0,1,2887,elementwise equal,elementwise,omega_elementwise_r2_n2_equal,32000,unpacked|unpacked,[1000, 32]
828,0,1,2889,softmax max,keep::reduce fold,omega_reduce_r2_o1_n2_multiply_maximum_zero,32000,unpacked|unpacked,[1000, 32]
829,0,1,2893,matvec Q8_0,keep::reduce fold,omega_reduce_r3_o2_n2_multiply_add_zero_g10,2048,Q8_0|unpacked,[1000, 1024, 512]
830,0,1,2901,matvec Q8_0,keep::reduce fold,omega_reduce_r3_o2_n2_multiply_add_zero_epi3_fused_identity_o3__negate_o2__exponential_s1__add_s2_o1__reciprocal_s3__multiply_s4_o0__multiply_s0_s5_g10,2048,Q8_0|unpacked,[1000, 1024, 512]
831,0,1,2903,matvec Q8_0,keep::reduce fold,omega_reduce_r3_o2_n2_multiply_add_zero_g10,4096,Q8_0|unpacked,[1000, 512, 1024]
832,0,1,2891,softmax exp,elementwise,omega_elementwise_r1_n2_fused_subtract_o0_o1__exponential_s0,1000,unpacked|unpacked,[1000]
833,0,1,2907,elementwise select,elementwise,omega_elementwise_r2_n3_select,32000,unpacked|unpacked|unpacked,[1000, 32]
834,0,1,2908,softmax max,keep::reduce fold,omega_reduce_r2_o1_n1_identity_maximum_negative_infinity,32000,unpacked,[1000, 32]
835,0,1,2911,softmax max,keep::reduce fold,omega_reduce_r2_o1_n3_fused_equal_o1_o2__multiply_s0_o0_maximum_zero,32000,unpacked|unpacked|unpacked,[1000, 32]
836,0,1,2915,matvec Q8_0,keep::reduce fold,omega_reduce_r3_o2_n2_multiply_add_zero_g10,2048,Q8_0|unpacked,[1000, 1024, 512]
837,0,1,2923,matvec Q8_0,keep::reduce fold,omega_reduce_r3_o2_n2_multiply_add_zero_epi3_fused_identity_o3__negate_o2__exponential_s1__add_s2_o1__reciprocal_s3__multiply_s4_o0__multiply_s0_s5_g10,2048,Q8_0|unpacked,[1000, 1024, 512]
838,0,1,2925,matvec Q8_0,keep::reduce fold,omega_reduce_r3_o2_n2_multiply_add_zero_g10,4096,Q8_0|unpacked,[1000, 512, 1024]
839,0,1,2913,softmax exp,elementwise,omega_elementwise_r1_n2_fused_subtract_o0_o1__exponential_s0,1000,unpacked|unpacked,[1000]
840,0,1,2932,matvec Q8_0,keep::reduce fold,omega_reduce_r3_o2_n2_multiply_add_zero_epi25_fused_identity_o25__multiply_s0_o2__multiply_o3_o4__add_s1_s2__multiply_o5_o6__add_s3_s4__multiply_o7_o8__add_s5_s6__multiply_o9_o10__add_s7_s8__multiply_o11_o12__add_s9_s10__multiply_o13_o14__add_s11_s12__multiply_o15_o16__add_s13_s14__add_o17_o18__add_s16_o19__add_s17_o20__add_s18_o21__add_s19_o22__add_s20_o23__add_s21_o24__reciprocal_s22__multiply_s15_s23__multiply_s24_o1__add_s25_o0_g10,4096,Q8_0|unpacked,[1000, 512, 1024]
841,0,1,2953,RMSNorm sumsq + fused epilogue,keep::reduce fold,omega_reduce_r2_o1_n2_multiply_add_zero_epi4_fused_identity_o4__multiply_s0_o3__add_s1_o2__square_root_s2__reciprocal_s3__multiply_s4_o1__multiply_s5_o0,256000,unpacked|unpacked,[1000, 1024]
842,0,1,2959,matvec Q8_0,keep::reduce fold,omega_reduce_r4_o3_n2_multiply_add_zero,512000,Q8_0|unpacked,[1000, 8, 64, 1024]
843,0,1,2955,matvec Q8_0,keep::reduce fold,omega_reduce_r4_o3_n2_multiply_add_zero,1024000,Q8_0|unpacked,[1000, 16, 64, 1024]
844,0,1,2957,matvec Q8_0,keep::reduce fold,omega_reduce_r4_o3_n2_multiply_add_zero,512000,Q8_0|unpacked,[1000, 8, 64, 1024]
845,0,1,2971,RoPE,elementwise,omega_elementwise_r3_n4_fused_multiply_o0_o1__multiply_o2_o3__add_s0_s1,256000,unpacked|unpacked|unpacked|unpacked,[1000, 8, 32]
846,0,1,2968,RoPE,elementwise,omega_elementwise_r3_n4_fused_multiply_o0_o1__multiply_o2_o3__subtract_s0_s1,256000,unpacked|unpacked|unpacked|unpacked,[1000, 8, 32]
847,0,1,2962,RoPE,elementwise,omega_elementwise_r3_n4_fused_multiply_o0_o1__multiply_o2_o3__subtract_s0_s1,512000,unpacked|unpacked|unpacked|unpacked,[1000, 16, 32]
848,0,1,2965,RoPE,elementwise,omega_elementwise_r3_n4_fused_multiply_o0_o1__multiply_o2_o3__add_s0_s1,512000,unpacked|unpacked|unpacked|unpacked,[1000, 16, 32]
849,0,1,3004,cached attention partial,cached_attention,omega_cached_attention_q1000_c1024_n1000_h8_g2_d64_s3c800000_ln9223372036854775808_up0_cb,2048000,unpacked|unpacked|unpacked|unpacked|unpacked|unpacked|unpacked|unpacked|unpacked,[1000, 8, 2, 64]
850,0,1,3008,matvec Q8_0,keep::reduce fold,omega_reduce_r5_o2_n2_multiply_add_zero_epi2_fused_identity_o2__multiply_s0_o1__add_s1_o0,1024000,Q8_0|unpacked,[1000, 8, 2, 64, 1024]
851,0,1,3016,RMSNorm sumsq + fused epilogue,keep::reduce fold,omega_reduce_r2_o1_n2_multiply_add_zero_epi4_fused_identity_o4__multiply_s0_o3__add_s1_o2__square_root_s2__reciprocal_s3__multiply_s4_o1__multiply_s5_o0,256000,unpacked|unpacked,[1000, 1024]
852,0,1,3018,matvec f32,keep::reduce fold,omega_reduce_r3_o2_n2_multiply_add_zero,4096,unpacked|unpacked,[1000, 1024, 32]
853,0,1,3019,iota,iota,omega_iota_r1,32,,[32]
854,0,1,3020,constant,constant,omega_constant_r0_vff800000,1,,[]
855,0,1,3021,softmax max,keep::reduce fold,omega_reduce_r2_o1_n1_identity_maximum_negative_infinity,32000,unpacked,[1000, 32]
856,0,1,3022,elementwise equal,elementwise,omega_elementwise_r2_n2_equal,32000,unpacked|unpacked,[1000, 32]
857,0,1,3024,softmax max,keep::reduce fold,omega_reduce_r2_o1_n2_multiply_maximum_zero,32000,unpacked|unpacked,[1000, 32]
858,0,1,3028,matvec Q8_0,keep::reduce fold,omega_reduce_r3_o2_n2_multiply_add_zero_g10,2048,Q8_0|unpacked,[1000, 1024, 512]
859,0,1,3036,matvec Q8_0,keep::reduce fold,omega_reduce_r3_o2_n2_multiply_add_zero_epi3_fused_identity_o3__negate_o2__exponential_s1__add_s2_o1__reciprocal_s3__multiply_s4_o0__multiply_s0_s5_g10,2048,Q8_0|unpacked,[1000, 1024, 512]
860,0,1,3026,softmax exp,elementwise,omega_elementwise_r1_n2_fused_subtract_o0_o1__exponential_s0,1000,unpacked|unpacked,[1000]
861,0,1,3040,elementwise select,elementwise,omega_elementwise_r2_n3_select,32000,unpacked|unpacked|unpacked,[1000, 32]
862,0,1,3041,softmax max,keep::reduce fold,omega_reduce_r2_o1_n1_identity_maximum_negative_infinity,32000,unpacked,[1000, 32]
863,0,1,3042,elementwise equal,elementwise,omega_elementwise_r2_n2_equal,32000,unpacked|unpacked,[1000, 32]
864,0,1,3044,softmax max,keep::reduce fold,omega_reduce_r2_o1_n2_multiply_maximum_zero,32000,unpacked|unpacked,[1000, 32]
865,0,1,3048,matvec Q8_0,keep::reduce fold,omega_reduce_r3_o2_n2_multiply_add_zero_g10,2048,Q8_0|unpacked,[1000, 1024, 512]
866,0,1,3056,matvec Q8_0,keep::reduce fold,omega_reduce_r3_o2_n2_multiply_add_zero_epi3_fused_identity_o3__negate_o2__exponential_s1__add_s2_o1__reciprocal_s3__multiply_s4_o0__multiply_s0_s5_g10,2048,Q8_0|unpacked,[1000, 1024, 512]
867,0,1,3058,matvec Q8_0,keep::reduce fold,omega_reduce_r3_o2_n2_multiply_add_zero_g10,4096,Q8_0|unpacked,[1000, 512, 1024]
868,0,1,3046,softmax exp,elementwise,omega_elementwise_r1_n2_fused_subtract_o0_o1__exponential_s0,1000,unpacked|unpacked,[1000]
869,0,1,3062,elementwise select,elementwise,omega_elementwise_r2_n3_select,32000,unpacked|unpacked|unpacked,[1000, 32]
870,0,1,3063,softmax max,keep::reduce fold,omega_reduce_r2_o1_n1_identity_maximum_negative_infinity,32000,unpacked,[1000, 32]
871,0,1,3064,elementwise equal,elementwise,omega_elementwise_r2_n2_equal,32000,unpacked|unpacked,[1000, 32]
872,0,1,3066,softmax max,keep::reduce fold,omega_reduce_r2_o1_n2_multiply_maximum_zero,32000,unpacked|unpacked,[1000, 32]
873,0,1,3070,matvec Q8_0,keep::reduce fold,omega_reduce_r3_o2_n2_multiply_add_zero_g10,2048,Q8_0|unpacked,[1000, 1024, 512]
874,0,1,3078,matvec Q8_0,keep::reduce fold,omega_reduce_r3_o2_n2_multiply_add_zero_epi3_fused_identity_o3__negate_o2__exponential_s1__add_s2_o1__reciprocal_s3__multiply_s4_o0__multiply_s0_s5_g10,2048,Q8_0|unpacked,[1000, 1024, 512]
875,0,1,3080,matvec Q8_0,keep::reduce fold,omega_reduce_r3_o2_n2_multiply_add_zero_g10,4096,Q8_0|unpacked,[1000, 512, 1024]
876,0,1,3068,softmax exp,elementwise,omega_elementwise_r1_n2_fused_subtract_o0_o1__exponential_s0,1000,unpacked|unpacked,[1000]
877,0,1,3084,elementwise select,elementwise,omega_elementwise_r2_n3_select,32000,unpacked|unpacked|unpacked,[1000, 32]
878,0,1,3085,softmax max,keep::reduce fold,omega_reduce_r2_o1_n1_identity_maximum_negative_infinity,32000,unpacked,[1000, 32]
879,0,1,3086,elementwise equal,elementwise,omega_elementwise_r2_n2_equal,32000,unpacked|unpacked,[1000, 32]
880,0,1,3088,softmax max,keep::reduce fold,omega_reduce_r2_o1_n2_multiply_maximum_zero,32000,unpacked|unpacked,[1000, 32]
881,0,1,3092,matvec Q8_0,keep::reduce fold,omega_reduce_r3_o2_n2_multiply_add_zero_g10,2048,Q8_0|unpacked,[1000, 1024, 512]
882,0,1,3100,matvec Q8_0,keep::reduce fold,omega_reduce_r3_o2_n2_multiply_add_zero_epi3_fused_identity_o3__negate_o2__exponential_s1__add_s2_o1__reciprocal_s3__multiply_s4_o0__multiply_s0_s5_g10,2048,Q8_0|unpacked,[1000, 1024, 512]
883,0,1,3102,matvec Q8_0,keep::reduce fold,omega_reduce_r3_o2_n2_multiply_add_zero_g10,4096,Q8_0|unpacked,[1000, 512, 1024]
884,0,1,3090,softmax exp,elementwise,omega_elementwise_r1_n2_fused_subtract_o0_o1__exponential_s0,1000,unpacked|unpacked,[1000]
885,0,1,3106,elementwise select,elementwise,omega_elementwise_r2_n3_select,32000,unpacked|unpacked|unpacked,[1000, 32]
886,0,1,3107,softmax max,keep::reduce fold,omega_reduce_r2_o1_n1_identity_maximum_negative_infinity,32000,unpacked,[1000, 32]
887,0,1,3108,elementwise equal,elementwise,omega_elementwise_r2_n2_equal,32000,unpacked|unpacked,[1000, 32]
888,0,1,3110,softmax max,keep::reduce fold,omega_reduce_r2_o1_n2_multiply_maximum_zero,32000,unpacked|unpacked,[1000, 32]
889,0,1,3114,matvec Q8_0,keep::reduce fold,omega_reduce_r3_o2_n2_multiply_add_zero_g10,2048,Q8_0|unpacked,[1000, 1024, 512]
890,0,1,3122,matvec Q8_0,keep::reduce fold,omega_reduce_r3_o2_n2_multiply_add_zero_epi3_fused_identity_o3__negate_o2__exponential_s1__add_s2_o1__reciprocal_s3__multiply_s4_o0__multiply_s0_s5_g10,2048,Q8_0|unpacked,[1000, 1024, 512]
891,0,1,3124,matvec Q8_0,keep::reduce fold,omega_reduce_r3_o2_n2_multiply_add_zero_g10,4096,Q8_0|unpacked,[1000, 512, 1024]
892,0,1,3112,softmax exp,elementwise,omega_elementwise_r1_n2_fused_subtract_o0_o1__exponential_s0,1000,unpacked|unpacked,[1000]
893,0,1,3128,elementwise select,elementwise,omega_elementwise_r2_n3_select,32000,unpacked|unpacked|unpacked,[1000, 32]
894,0,1,3129,softmax max,keep::reduce fold,omega_reduce_r2_o1_n1_identity_maximum_negative_infinity,32000,unpacked,[1000, 32]
895,0,1,3130,elementwise equal,elementwise,omega_elementwise_r2_n2_equal,32000,unpacked|unpacked,[1000, 32]
896,0,1,3132,softmax max,keep::reduce fold,omega_reduce_r2_o1_n2_multiply_maximum_zero,32000,unpacked|unpacked,[1000, 32]
897,0,1,3136,matvec Q8_0,keep::reduce fold,omega_reduce_r3_o2_n2_multiply_add_zero_g10,2048,Q8_0|unpacked,[1000, 1024, 512]
898,0,1,3144,matvec Q8_0,keep::reduce fold,omega_reduce_r3_o2_n2_multiply_add_zero_epi3_fused_identity_o3__negate_o2__exponential_s1__add_s2_o1__reciprocal_s3__multiply_s4_o0__multiply_s0_s5_g10,2048,Q8_0|unpacked,[1000, 1024, 512]
899,0,1,3146,matvec Q8_0,keep::reduce fold,omega_reduce_r3_o2_n2_multiply_add_zero_g10,4096,Q8_0|unpacked,[1000, 512, 1024]
900,0,1,3134,softmax exp,elementwise,omega_elementwise_r1_n2_fused_subtract_o0_o1__exponential_s0,1000,unpacked|unpacked,[1000]
901,0,1,3150,elementwise select,elementwise,omega_elementwise_r2_n3_select,32000,unpacked|unpacked|unpacked,[1000, 32]
902,0,1,3151,softmax max,keep::reduce fold,omega_reduce_r2_o1_n1_identity_maximum_negative_infinity,32000,unpacked,[1000, 32]
903,0,1,3152,elementwise equal,elementwise,omega_elementwise_r2_n2_equal,32000,unpacked|unpacked,[1000, 32]
904,0,1,3154,softmax max,keep::reduce fold,omega_reduce_r2_o1_n2_multiply_maximum_zero,32000,unpacked|unpacked,[1000, 32]
905,0,1,3158,matvec Q8_0,keep::reduce fold,omega_reduce_r3_o2_n2_multiply_add_zero_g10,2048,Q8_0|unpacked,[1000, 1024, 512]
906,0,1,3166,matvec Q8_0,keep::reduce fold,omega_reduce_r3_o2_n2_multiply_add_zero_epi3_fused_identity_o3__negate_o2__exponential_s1__add_s2_o1__reciprocal_s3__multiply_s4_o0__multiply_s0_s5_g10,2048,Q8_0|unpacked,[1000, 1024, 512]
907,0,1,3168,matvec Q8_0,keep::reduce fold,omega_reduce_r3_o2_n2_multiply_add_zero_g10,4096,Q8_0|unpacked,[1000, 512, 1024]
908,0,1,3156,softmax exp,elementwise,omega_elementwise_r1_n2_fused_subtract_o0_o1__exponential_s0,1000,unpacked|unpacked,[1000]
909,0,1,3172,elementwise select,elementwise,omega_elementwise_r2_n3_select,32000,unpacked|unpacked|unpacked,[1000, 32]
910,0,1,3173,softmax max,keep::reduce fold,omega_reduce_r2_o1_n1_identity_maximum_negative_infinity,32000,unpacked,[1000, 32]
911,0,1,3176,softmax max,keep::reduce fold,omega_reduce_r2_o1_n3_fused_equal_o1_o2__multiply_s0_o0_maximum_zero,32000,unpacked|unpacked|unpacked,[1000, 32]
912,0,1,3180,matvec Q8_0,keep::reduce fold,omega_reduce_r3_o2_n2_multiply_add_zero_g10,2048,Q8_0|unpacked,[1000, 1024, 512]
913,0,1,3188,matvec Q8_0,keep::reduce fold,omega_reduce_r3_o2_n2_multiply_add_zero_epi3_fused_identity_o3__negate_o2__exponential_s1__add_s2_o1__reciprocal_s3__multiply_s4_o0__multiply_s0_s5_g10,2048,Q8_0|unpacked,[1000, 1024, 512]
914,0,1,3190,matvec Q8_0,keep::reduce fold,omega_reduce_r3_o2_n2_multiply_add_zero_g10,4096,Q8_0|unpacked,[1000, 512, 1024]
915,0,1,3178,softmax exp,elementwise,omega_elementwise_r1_n2_fused_subtract_o0_o1__exponential_s0,1000,unpacked|unpacked,[1000]
916,0,1,3197,matvec Q8_0,keep::reduce fold,omega_reduce_r3_o2_n2_multiply_add_zero_epi25_fused_identity_o25__multiply_s0_o2__multiply_o3_o4__add_s1_s2__multiply_o5_o6__add_s3_s4__multiply_o7_o8__add_s5_s6__multiply_o9_o10__add_s7_s8__multiply_o11_o12__add_s9_s10__multiply_o13_o14__add_s11_s12__multiply_o15_o16__add_s13_s14__add_o17_o18__add_s16_o19__add_s17_o20__add_s18_o21__add_s19_o22__add_s20_o23__add_s21_o24__reciprocal_s22__multiply_s15_s23__multiply_s24_o1__add_s25_o0_g10,4096,Q8_0|unpacked,[1000, 512, 1024]
917,0,1,3218,RMSNorm sumsq + fused epilogue,keep::reduce fold,omega_reduce_r2_o1_n2_multiply_add_zero_epi4_fused_identity_o4__multiply_s0_o3__add_s1_o2__square_root_s2__reciprocal_s3__multiply_s4_o1__multiply_s5_o0,256000,unpacked|unpacked,[1000, 1024]
918,0,1,3224,matvec Q8_0,keep::reduce fold,omega_reduce_r4_o3_n2_multiply_add_zero,512000,Q8_0|unpacked,[1000, 8, 64, 1024]
919,0,1,3220,matvec Q8_0,keep::reduce fold,omega_reduce_r4_o3_n2_multiply_add_zero,1024000,Q8_0|unpacked,[1000, 16, 64, 1024]
920,0,1,3222,matvec Q8_0,keep::reduce fold,omega_reduce_r4_o3_n2_multiply_add_zero,512000,Q8_0|unpacked,[1000, 8, 64, 1024]
921,0,1,3236,RoPE,elementwise,omega_elementwise_r3_n4_fused_multiply_o0_o1__multiply_o2_o3__add_s0_s1,256000,unpacked|unpacked|unpacked|unpacked,[1000, 8, 32]
922,0,1,3233,RoPE,elementwise,omega_elementwise_r3_n4_fused_multiply_o0_o1__multiply_o2_o3__subtract_s0_s1,256000,unpacked|unpacked|unpacked|unpacked,[1000, 8, 32]
923,0,1,3227,RoPE,elementwise,omega_elementwise_r3_n4_fused_multiply_o0_o1__multiply_o2_o3__subtract_s0_s1,512000,unpacked|unpacked|unpacked|unpacked,[1000, 16, 32]
924,0,1,3230,RoPE,elementwise,omega_elementwise_r3_n4_fused_multiply_o0_o1__multiply_o2_o3__add_s0_s1,512000,unpacked|unpacked|unpacked|unpacked,[1000, 16, 32]
925,0,1,3269,cached attention partial,cached_attention,omega_cached_attention_q1000_c1024_n1000_h8_g2_d64_s3c800000_ln9223372036854775808_up0_cb,2048000,unpacked|unpacked|unpacked|unpacked|unpacked|unpacked|unpacked|unpacked|unpacked,[1000, 8, 2, 64]
926,0,1,3273,matvec Q8_0,keep::reduce fold,omega_reduce_r5_o2_n2_multiply_add_zero_epi2_fused_identity_o2__multiply_s0_o1__add_s1_o0,1024000,Q8_0|unpacked,[1000, 8, 2, 64, 1024]
927,0,1,3281,RMSNorm sumsq + fused epilogue,keep::reduce fold,omega_reduce_r2_o1_n2_multiply_add_zero_epi4_fused_identity_o4__multiply_s0_o3__add_s1_o2__square_root_s2__reciprocal_s3__multiply_s4_o1__multiply_s5_o0,256000,unpacked|unpacked,[1000, 1024]
928,0,1,3283,matvec f32,keep::reduce fold,omega_reduce_r3_o2_n2_multiply_add_zero,4096,unpacked|unpacked,[1000, 1024, 32]
929,0,1,3284,iota,iota,omega_iota_r1,32,,[32]
930,0,1,3285,constant,constant,omega_constant_r0_vff800000,1,,[]
931,0,1,3286,softmax max,keep::reduce fold,omega_reduce_r2_o1_n1_identity_maximum_negative_infinity,32000,unpacked,[1000, 32]
932,0,1,3287,elementwise equal,elementwise,omega_elementwise_r2_n2_equal,32000,unpacked|unpacked,[1000, 32]
933,0,1,3289,softmax max,keep::reduce fold,omega_reduce_r2_o1_n2_multiply_maximum_zero,32000,unpacked|unpacked,[1000, 32]
934,0,1,3293,matvec Q8_0,keep::reduce fold,omega_reduce_r3_o2_n2_multiply_add_zero_g10,2048,Q8_0|unpacked,[1000, 1024, 512]
935,0,1,3301,matvec Q8_0,keep::reduce fold,omega_reduce_r3_o2_n2_multiply_add_zero_epi3_fused_identity_o3__negate_o2__exponential_s1__add_s2_o1__reciprocal_s3__multiply_s4_o0__multiply_s0_s5_g10,2048,Q8_0|unpacked,[1000, 1024, 512]
936,0,1,3291,softmax exp,elementwise,omega_elementwise_r1_n2_fused_subtract_o0_o1__exponential_s0,1000,unpacked|unpacked,[1000]
937,0,1,3305,elementwise select,elementwise,omega_elementwise_r2_n3_select,32000,unpacked|unpacked|unpacked,[1000, 32]
938,0,1,3306,softmax max,keep::reduce fold,omega_reduce_r2_o1_n1_identity_maximum_negative_infinity,32000,unpacked,[1000, 32]
939,0,1,3307,elementwise equal,elementwise,omega_elementwise_r2_n2_equal,32000,unpacked|unpacked,[1000, 32]
940,0,1,3309,softmax max,keep::reduce fold,omega_reduce_r2_o1_n2_multiply_maximum_zero,32000,unpacked|unpacked,[1000, 32]
941,0,1,3313,matvec Q8_0,keep::reduce fold,omega_reduce_r3_o2_n2_multiply_add_zero_g10,2048,Q8_0|unpacked,[1000, 1024, 512]
942,0,1,3321,matvec Q8_0,keep::reduce fold,omega_reduce_r3_o2_n2_multiply_add_zero_epi3_fused_identity_o3__negate_o2__exponential_s1__add_s2_o1__reciprocal_s3__multiply_s4_o0__multiply_s0_s5_g10,2048,Q8_0|unpacked,[1000, 1024, 512]
943,0,1,3323,matvec Q8_0,keep::reduce fold,omega_reduce_r3_o2_n2_multiply_add_zero_g10,4096,Q8_0|unpacked,[1000, 512, 1024]
944,0,1,3311,softmax exp,elementwise,omega_elementwise_r1_n2_fused_subtract_o0_o1__exponential_s0,1000,unpacked|unpacked,[1000]
945,0,1,3327,elementwise select,elementwise,omega_elementwise_r2_n3_select,32000,unpacked|unpacked|unpacked,[1000, 32]
946,0,1,3328,softmax max,keep::reduce fold,omega_reduce_r2_o1_n1_identity_maximum_negative_infinity,32000,unpacked,[1000, 32]
947,0,1,3329,elementwise equal,elementwise,omega_elementwise_r2_n2_equal,32000,unpacked|unpacked,[1000, 32]
948,0,1,3331,softmax max,keep::reduce fold,omega_reduce_r2_o1_n2_multiply_maximum_zero,32000,unpacked|unpacked,[1000, 32]
949,0,1,3335,matvec Q8_0,keep::reduce fold,omega_reduce_r3_o2_n2_multiply_add_zero_g10,2048,Q8_0|unpacked,[1000, 1024, 512]
950,0,1,3343,matvec Q8_0,keep::reduce fold,omega_reduce_r3_o2_n2_multiply_add_zero_epi3_fused_identity_o3__negate_o2__exponential_s1__add_s2_o1__reciprocal_s3__multiply_s4_o0__multiply_s0_s5_g10,2048,Q8_0|unpacked,[1000, 1024, 512]
951,0,1,3345,matvec Q8_0,keep::reduce fold,omega_reduce_r3_o2_n2_multiply_add_zero_g10,4096,Q8_0|unpacked,[1000, 512, 1024]
952,0,1,3333,softmax exp,elementwise,omega_elementwise_r1_n2_fused_subtract_o0_o1__exponential_s0,1000,unpacked|unpacked,[1000]
953,0,1,3349,elementwise select,elementwise,omega_elementwise_r2_n3_select,32000,unpacked|unpacked|unpacked,[1000, 32]
954,0,1,3350,softmax max,keep::reduce fold,omega_reduce_r2_o1_n1_identity_maximum_negative_infinity,32000,unpacked,[1000, 32]
955,0,1,3351,elementwise equal,elementwise,omega_elementwise_r2_n2_equal,32000,unpacked|unpacked,[1000, 32]
956,0,1,3353,softmax max,keep::reduce fold,omega_reduce_r2_o1_n2_multiply_maximum_zero,32000,unpacked|unpacked,[1000, 32]
957,0,1,3357,matvec Q8_0,keep::reduce fold,omega_reduce_r3_o2_n2_multiply_add_zero_g10,2048,Q8_0|unpacked,[1000, 1024, 512]
958,0,1,3365,matvec Q8_0,keep::reduce fold,omega_reduce_r3_o2_n2_multiply_add_zero_epi3_fused_identity_o3__negate_o2__exponential_s1__add_s2_o1__reciprocal_s3__multiply_s4_o0__multiply_s0_s5_g10,2048,Q8_0|unpacked,[1000, 1024, 512]
959,0,1,3367,matvec Q8_0,keep::reduce fold,omega_reduce_r3_o2_n2_multiply_add_zero_g10,4096,Q8_0|unpacked,[1000, 512, 1024]
960,0,1,3355,softmax exp,elementwise,omega_elementwise_r1_n2_fused_subtract_o0_o1__exponential_s0,1000,unpacked|unpacked,[1000]
961,0,1,3371,elementwise select,elementwise,omega_elementwise_r2_n3_select,32000,unpacked|unpacked|unpacked,[1000, 32]
962,0,1,3372,softmax max,keep::reduce fold,omega_reduce_r2_o1_n1_identity_maximum_negative_infinity,32000,unpacked,[1000, 32]
963,0,1,3373,elementwise equal,elementwise,omega_elementwise_r2_n2_equal,32000,unpacked|unpacked,[1000, 32]
964,0,1,3375,softmax max,keep::reduce fold,omega_reduce_r2_o1_n2_multiply_maximum_zero,32000,unpacked|unpacked,[1000, 32]
965,0,1,3379,matvec Q8_0,keep::reduce fold,omega_reduce_r3_o2_n2_multiply_add_zero_g10,2048,Q8_0|unpacked,[1000, 1024, 512]
966,0,1,3387,matvec Q8_0,keep::reduce fold,omega_reduce_r3_o2_n2_multiply_add_zero_epi3_fused_identity_o3__negate_o2__exponential_s1__add_s2_o1__reciprocal_s3__multiply_s4_o0__multiply_s0_s5_g10,2048,Q8_0|unpacked,[1000, 1024, 512]
967,0,1,3389,matvec Q8_0,keep::reduce fold,omega_reduce_r3_o2_n2_multiply_add_zero_g10,4096,Q8_0|unpacked,[1000, 512, 1024]
968,0,1,3377,softmax exp,elementwise,omega_elementwise_r1_n2_fused_subtract_o0_o1__exponential_s0,1000,unpacked|unpacked,[1000]
969,0,1,3393,elementwise select,elementwise,omega_elementwise_r2_n3_select,32000,unpacked|unpacked|unpacked,[1000, 32]
970,0,1,3394,softmax max,keep::reduce fold,omega_reduce_r2_o1_n1_identity_maximum_negative_infinity,32000,unpacked,[1000, 32]
971,0,1,3395,elementwise equal,elementwise,omega_elementwise_r2_n2_equal,32000,unpacked|unpacked,[1000, 32]
972,0,1,3397,softmax max,keep::reduce fold,omega_reduce_r2_o1_n2_multiply_maximum_zero,32000,unpacked|unpacked,[1000, 32]
973,0,1,3401,matvec Q8_0,keep::reduce fold,omega_reduce_r3_o2_n2_multiply_add_zero_g10,2048,Q8_0|unpacked,[1000, 1024, 512]
974,0,1,3409,matvec Q8_0,keep::reduce fold,omega_reduce_r3_o2_n2_multiply_add_zero_epi3_fused_identity_o3__negate_o2__exponential_s1__add_s2_o1__reciprocal_s3__multiply_s4_o0__multiply_s0_s5_g10,2048,Q8_0|unpacked,[1000, 1024, 512]
975,0,1,3411,matvec Q8_0,keep::reduce fold,omega_reduce_r3_o2_n2_multiply_add_zero_g10,4096,Q8_0|unpacked,[1000, 512, 1024]
976,0,1,3399,softmax exp,elementwise,omega_elementwise_r1_n2_fused_subtract_o0_o1__exponential_s0,1000,unpacked|unpacked,[1000]
977,0,1,3415,elementwise select,elementwise,omega_elementwise_r2_n3_select,32000,unpacked|unpacked|unpacked,[1000, 32]
978,0,1,3416,softmax max,keep::reduce fold,omega_reduce_r2_o1_n1_identity_maximum_negative_infinity,32000,unpacked,[1000, 32]
979,0,1,3417,elementwise equal,elementwise,omega_elementwise_r2_n2_equal,32000,unpacked|unpacked,[1000, 32]
980,0,1,3419,softmax max,keep::reduce fold,omega_reduce_r2_o1_n2_multiply_maximum_zero,32000,unpacked|unpacked,[1000, 32]
981,0,1,3423,matvec Q8_0,keep::reduce fold,omega_reduce_r3_o2_n2_multiply_add_zero_g10,2048,Q8_0|unpacked,[1000, 1024, 512]
982,0,1,3431,matvec Q8_0,keep::reduce fold,omega_reduce_r3_o2_n2_multiply_add_zero_epi3_fused_identity_o3__negate_o2__exponential_s1__add_s2_o1__reciprocal_s3__multiply_s4_o0__multiply_s0_s5_g10,2048,Q8_0|unpacked,[1000, 1024, 512]
983,0,1,3433,matvec Q8_0,keep::reduce fold,omega_reduce_r3_o2_n2_multiply_add_zero_g10,4096,Q8_0|unpacked,[1000, 512, 1024]
984,0,1,3421,softmax exp,elementwise,omega_elementwise_r1_n2_fused_subtract_o0_o1__exponential_s0,1000,unpacked|unpacked,[1000]
985,0,1,3437,elementwise select,elementwise,omega_elementwise_r2_n3_select,32000,unpacked|unpacked|unpacked,[1000, 32]
986,0,1,3438,softmax max,keep::reduce fold,omega_reduce_r2_o1_n1_identity_maximum_negative_infinity,32000,unpacked,[1000, 32]
987,0,1,3441,softmax max,keep::reduce fold,omega_reduce_r2_o1_n3_fused_equal_o1_o2__multiply_s0_o0_maximum_zero,32000,unpacked|unpacked|unpacked,[1000, 32]
988,0,1,3445,matvec Q8_0,keep::reduce fold,omega_reduce_r3_o2_n2_multiply_add_zero_g10,2048,Q8_0|unpacked,[1000, 1024, 512]
989,0,1,3453,matvec Q8_0,keep::reduce fold,omega_reduce_r3_o2_n2_multiply_add_zero_epi3_fused_identity_o3__negate_o2__exponential_s1__add_s2_o1__reciprocal_s3__multiply_s4_o0__multiply_s0_s5_g10,2048,Q8_0|unpacked,[1000, 1024, 512]
990,0,1,3455,matvec Q8_0,keep::reduce fold,omega_reduce_r3_o2_n2_multiply_add_zero_g10,4096,Q8_0|unpacked,[1000, 512, 1024]
991,0,1,3443,softmax exp,elementwise,omega_elementwise_r1_n2_fused_subtract_o0_o1__exponential_s0,1000,unpacked|unpacked,[1000]
992,0,1,3462,matvec Q8_0,keep::reduce fold,omega_reduce_r3_o2_n2_multiply_add_zero_epi25_fused_identity_o25__multiply_s0_o2__multiply_o3_o4__add_s1_s2__multiply_o5_o6__add_s3_s4__multiply_o7_o8__add_s5_s6__multiply_o9_o10__add_s7_s8__multiply_o11_o12__add_s9_s10__multiply_o13_o14__add_s11_s12__multiply_o15_o16__add_s13_s14__add_o17_o18__add_s16_o19__add_s17_o20__add_s18_o21__add_s19_o22__add_s20_o23__add_s21_o24__reciprocal_s22__multiply_s15_s23__multiply_s24_o1__add_s25_o0_g10,4096,Q8_0|unpacked,[1000, 512, 1024]
993,0,1,3483,RMSNorm sumsq + fused epilogue,keep::reduce fold,omega_reduce_r2_o1_n2_multiply_add_zero_epi4_fused_identity_o4__multiply_s0_o3__add_s1_o2__square_root_s2__reciprocal_s3__multiply_s4_o1__multiply_s5_o0,256000,unpacked|unpacked,[1000, 1024]
994,0,1,3489,matvec Q8_0,keep::reduce fold,omega_reduce_r4_o3_n2_multiply_add_zero,512000,Q8_0|unpacked,[1000, 8, 64, 1024]
995,0,1,3485,matvec Q8_0,keep::reduce fold,omega_reduce_r4_o3_n2_multiply_add_zero,1024000,Q8_0|unpacked,[1000, 16, 64, 1024]
996,0,1,3487,matvec Q8_0,keep::reduce fold,omega_reduce_r4_o3_n2_multiply_add_zero,512000,Q8_0|unpacked,[1000, 8, 64, 1024]
997,0,1,3501,RoPE,elementwise,omega_elementwise_r3_n4_fused_multiply_o0_o1__multiply_o2_o3__add_s0_s1,256000,unpacked|unpacked|unpacked|unpacked,[1000, 8, 32]
998,0,1,3498,RoPE,elementwise,omega_elementwise_r3_n4_fused_multiply_o0_o1__multiply_o2_o3__subtract_s0_s1,256000,unpacked|unpacked|unpacked|unpacked,[1000, 8, 32]
999,0,1,3492,RoPE,elementwise,omega_elementwise_r3_n4_fused_multiply_o0_o1__multiply_o2_o3__subtract_s0_s1,512000,unpacked|unpacked|unpacked|unpacked,[1000, 16, 32]
1000,0,1,3495,RoPE,elementwise,omega_elementwise_r3_n4_fused_multiply_o0_o1__multiply_o2_o3__add_s0_s1,512000,unpacked|unpacked|unpacked|unpacked,[1000, 16, 32]
1001,0,1,3534,cached attention partial,cached_attention,omega_cached_attention_q1000_c1024_n1000_h8_g2_d64_s3c800000_ln9223372036854775808_up0_cb,2048000,unpacked|unpacked|unpacked|unpacked|unpacked|unpacked|unpacked|unpacked|unpacked,[1000, 8, 2, 64]
1002,0,1,3538,matvec Q8_0,keep::reduce fold,omega_reduce_r5_o2_n2_multiply_add_zero_epi2_fused_identity_o2__multiply_s0_o1__add_s1_o0,1024000,Q8_0|unpacked,[1000, 8, 2, 64, 1024]
1003,0,1,3546,RMSNorm sumsq + fused epilogue,keep::reduce fold,omega_reduce_r2_o1_n2_multiply_add_zero_epi4_fused_identity_o4__multiply_s0_o3__add_s1_o2__square_root_s2__reciprocal_s3__multiply_s4_o1__multiply_s5_o0,256000,unpacked|unpacked,[1000, 1024]
1004,0,1,3548,matvec f32,keep::reduce fold,omega_reduce_r3_o2_n2_multiply_add_zero,4096,unpacked|unpacked,[1000, 1024, 32]
1005,0,1,3549,iota,iota,omega_iota_r1,32,,[32]
1006,0,1,3550,constant,constant,omega_constant_r0_vff800000,1,,[]
1007,0,1,3551,softmax max,keep::reduce fold,omega_reduce_r2_o1_n1_identity_maximum_negative_infinity,32000,unpacked,[1000, 32]
1008,0,1,3552,elementwise equal,elementwise,omega_elementwise_r2_n2_equal,32000,unpacked|unpacked,[1000, 32]
1009,0,1,3554,softmax max,keep::reduce fold,omega_reduce_r2_o1_n2_multiply_maximum_zero,32000,unpacked|unpacked,[1000, 32]
1010,0,1,3558,matvec Q8_0,keep::reduce fold,omega_reduce_r3_o2_n2_multiply_add_zero_g10,2048,Q8_0|unpacked,[1000, 1024, 512]
1011,0,1,3566,matvec Q8_0,keep::reduce fold,omega_reduce_r3_o2_n2_multiply_add_zero_epi3_fused_identity_o3__negate_o2__exponential_s1__add_s2_o1__reciprocal_s3__multiply_s4_o0__multiply_s0_s5_g10,2048,Q8_0|unpacked,[1000, 1024, 512]
1012,0,1,3556,softmax exp,elementwise,omega_elementwise_r1_n2_fused_subtract_o0_o1__exponential_s0,1000,unpacked|unpacked,[1000]
1013,0,1,3570,elementwise select,elementwise,omega_elementwise_r2_n3_select,32000,unpacked|unpacked|unpacked,[1000, 32]
1014,0,1,3571,softmax max,keep::reduce fold,omega_reduce_r2_o1_n1_identity_maximum_negative_infinity,32000,unpacked,[1000, 32]
1015,0,1,3572,elementwise equal,elementwise,omega_elementwise_r2_n2_equal,32000,unpacked|unpacked,[1000, 32]
1016,0,1,3574,softmax max,keep::reduce fold,omega_reduce_r2_o1_n2_multiply_maximum_zero,32000,unpacked|unpacked,[1000, 32]
1017,0,1,3578,matvec Q8_0,keep::reduce fold,omega_reduce_r3_o2_n2_multiply_add_zero_g10,2048,Q8_0|unpacked,[1000, 1024, 512]
1018,0,1,3586,matvec Q8_0,keep::reduce fold,omega_reduce_r3_o2_n2_multiply_add_zero_epi3_fused_identity_o3__negate_o2__exponential_s1__add_s2_o1__reciprocal_s3__multiply_s4_o0__multiply_s0_s5_g10,2048,Q8_0|unpacked,[1000, 1024, 512]
1019,0,1,3588,matvec Q8_0,keep::reduce fold,omega_reduce_r3_o2_n2_multiply_add_zero_g10,4096,Q8_0|unpacked,[1000, 512, 1024]
1020,0,1,3576,softmax exp,elementwise,omega_elementwise_r1_n2_fused_subtract_o0_o1__exponential_s0,1000,unpacked|unpacked,[1000]
1021,0,1,3592,elementwise select,elementwise,omega_elementwise_r2_n3_select,32000,unpacked|unpacked|unpacked,[1000, 32]
1022,0,1,3593,softmax max,keep::reduce fold,omega_reduce_r2_o1_n1_identity_maximum_negative_infinity,32000,unpacked,[1000, 32]
1023,0,1,3594,elementwise equal,elementwise,omega_elementwise_r2_n2_equal,32000,unpacked|unpacked,[1000, 32]
1024,0,1,3596,softmax max,keep::reduce fold,omega_reduce_r2_o1_n2_multiply_maximum_zero,32000,unpacked|unpacked,[1000, 32]
1025,0,1,3600,matvec Q8_0,keep::reduce fold,omega_reduce_r3_o2_n2_multiply_add_zero_g10,2048,Q8_0|unpacked,[1000, 1024, 512]
1026,0,1,3608,matvec Q8_0,keep::reduce fold,omega_reduce_r3_o2_n2_multiply_add_zero_epi3_fused_identity_o3__negate_o2__exponential_s1__add_s2_o1__reciprocal_s3__multiply_s4_o0__multiply_s0_s5_g10,2048,Q8_0|unpacked,[1000, 1024, 512]
1027,0,1,3610,matvec Q8_0,keep::reduce fold,omega_reduce_r3_o2_n2_multiply_add_zero_g10,4096,Q8_0|unpacked,[1000, 512, 1024]
1028,0,1,3598,softmax exp,elementwise,omega_elementwise_r1_n2_fused_subtract_o0_o1__exponential_s0,1000,unpacked|unpacked,[1000]
1029,0,1,3614,elementwise select,elementwise,omega_elementwise_r2_n3_select,32000,unpacked|unpacked|unpacked,[1000, 32]
1030,0,1,3615,softmax max,keep::reduce fold,omega_reduce_r2_o1_n1_identity_maximum_negative_infinity,32000,unpacked,[1000, 32]
1031,0,1,3616,elementwise equal,elementwise,omega_elementwise_r2_n2_equal,32000,unpacked|unpacked,[1000, 32]
1032,0,1,3618,softmax max,keep::reduce fold,omega_reduce_r2_o1_n2_multiply_maximum_zero,32000,unpacked|unpacked,[1000, 32]
1033,0,1,3622,matvec Q8_0,keep::reduce fold,omega_reduce_r3_o2_n2_multiply_add_zero_g10,2048,Q8_0|unpacked,[1000, 1024, 512]
1034,0,1,3630,matvec Q8_0,keep::reduce fold,omega_reduce_r3_o2_n2_multiply_add_zero_epi3_fused_identity_o3__negate_o2__exponential_s1__add_s2_o1__reciprocal_s3__multiply_s4_o0__multiply_s0_s5_g10,2048,Q8_0|unpacked,[1000, 1024, 512]
1035,0,1,3632,matvec Q8_0,keep::reduce fold,omega_reduce_r3_o2_n2_multiply_add_zero_g10,4096,Q8_0|unpacked,[1000, 512, 1024]
1036,0,1,3620,softmax exp,elementwise,omega_elementwise_r1_n2_fused_subtract_o0_o1__exponential_s0,1000,unpacked|unpacked,[1000]
1037,0,1,3636,elementwise select,elementwise,omega_elementwise_r2_n3_select,32000,unpacked|unpacked|unpacked,[1000, 32]
1038,0,1,3637,softmax max,keep::reduce fold,omega_reduce_r2_o1_n1_identity_maximum_negative_infinity,32000,unpacked,[1000, 32]
1039,0,1,3638,elementwise equal,elementwise,omega_elementwise_r2_n2_equal,32000,unpacked|unpacked,[1000, 32]
1040,0,1,3640,softmax max,keep::reduce fold,omega_reduce_r2_o1_n2_multiply_maximum_zero,32000,unpacked|unpacked,[1000, 32]
1041,0,1,3644,matvec Q8_0,keep::reduce fold,omega_reduce_r3_o2_n2_multiply_add_zero_g10,2048,Q8_0|unpacked,[1000, 1024, 512]
1042,0,1,3652,matvec Q8_0,keep::reduce fold,omega_reduce_r3_o2_n2_multiply_add_zero_epi3_fused_identity_o3__negate_o2__exponential_s1__add_s2_o1__reciprocal_s3__multiply_s4_o0__multiply_s0_s5_g10,2048,Q8_0|unpacked,[1000, 1024, 512]
1043,0,1,3654,matvec Q8_0,keep::reduce fold,omega_reduce_r3_o2_n2_multiply_add_zero_g10,4096,Q8_0|unpacked,[1000, 512, 1024]
1044,0,1,3642,softmax exp,elementwise,omega_elementwise_r1_n2_fused_subtract_o0_o1__exponential_s0,1000,unpacked|unpacked,[1000]
1045,0,1,3658,elementwise select,elementwise,omega_elementwise_r2_n3_select,32000,unpacked|unpacked|unpacked,[1000, 32]
1046,0,1,3659,softmax max,keep::reduce fold,omega_reduce_r2_o1_n1_identity_maximum_negative_infinity,32000,unpacked,[1000, 32]
1047,0,1,3660,elementwise equal,elementwise,omega_elementwise_r2_n2_equal,32000,unpacked|unpacked,[1000, 32]
1048,0,1,3662,softmax max,keep::reduce fold,omega_reduce_r2_o1_n2_multiply_maximum_zero,32000,unpacked|unpacked,[1000, 32]
1049,0,1,3666,matvec Q8_0,keep::reduce fold,omega_reduce_r3_o2_n2_multiply_add_zero_g10,2048,Q8_0|unpacked,[1000, 1024, 512]
1050,0,1,3674,matvec Q8_0,keep::reduce fold,omega_reduce_r3_o2_n2_multiply_add_zero_epi3_fused_identity_o3__negate_o2__exponential_s1__add_s2_o1__reciprocal_s3__multiply_s4_o0__multiply_s0_s5_g10,2048,Q8_0|unpacked,[1000, 1024, 512]
1051,0,1,3676,matvec Q8_0,keep::reduce fold,omega_reduce_r3_o2_n2_multiply_add_zero_g10,4096,Q8_0|unpacked,[1000, 512, 1024]
1052,0,1,3664,softmax exp,elementwise,omega_elementwise_r1_n2_fused_subtract_o0_o1__exponential_s0,1000,unpacked|unpacked,[1000]
1053,0,1,3680,elementwise select,elementwise,omega_elementwise_r2_n3_select,32000,unpacked|unpacked|unpacked,[1000, 32]
1054,0,1,3681,softmax max,keep::reduce fold,omega_reduce_r2_o1_n1_identity_maximum_negative_infinity,32000,unpacked,[1000, 32]
1055,0,1,3682,elementwise equal,elementwise,omega_elementwise_r2_n2_equal,32000,unpacked|unpacked,[1000, 32]
1056,0,1,3684,softmax max,keep::reduce fold,omega_reduce_r2_o1_n2_multiply_maximum_zero,32000,unpacked|unpacked,[1000, 32]
1057,0,1,3688,matvec Q8_0,keep::reduce fold,omega_reduce_r3_o2_n2_multiply_add_zero_g10,2048,Q8_0|unpacked,[1000, 1024, 512]
1058,0,1,3696,matvec Q8_0,keep::reduce fold,omega_reduce_r3_o2_n2_multiply_add_zero_epi3_fused_identity_o3__negate_o2__exponential_s1__add_s2_o1__reciprocal_s3__multiply_s4_o0__multiply_s0_s5_g10,2048,Q8_0|unpacked,[1000, 1024, 512]
1059,0,1,3698,matvec Q8_0,keep::reduce fold,omega_reduce_r3_o2_n2_multiply_add_zero_g10,4096,Q8_0|unpacked,[1000, 512, 1024]
1060,0,1,3686,softmax exp,elementwise,omega_elementwise_r1_n2_fused_subtract_o0_o1__exponential_s0,1000,unpacked|unpacked,[1000]
1061,0,1,3702,elementwise select,elementwise,omega_elementwise_r2_n3_select,32000,unpacked|unpacked|unpacked,[1000, 32]
1062,0,1,3703,softmax max,keep::reduce fold,omega_reduce_r2_o1_n1_identity_maximum_negative_infinity,32000,unpacked,[1000, 32]
1063,0,1,3706,softmax max,keep::reduce fold,omega_reduce_r2_o1_n3_fused_equal_o1_o2__multiply_s0_o0_maximum_zero,32000,unpacked|unpacked|unpacked,[1000, 32]
1064,0,1,3710,matvec Q8_0,keep::reduce fold,omega_reduce_r3_o2_n2_multiply_add_zero_g10,2048,Q8_0|unpacked,[1000, 1024, 512]
1065,0,1,3718,matvec Q8_0,keep::reduce fold,omega_reduce_r3_o2_n2_multiply_add_zero_epi3_fused_identity_o3__negate_o2__exponential_s1__add_s2_o1__reciprocal_s3__multiply_s4_o0__multiply_s0_s5_g10,2048,Q8_0|unpacked,[1000, 1024, 512]
1066,0,1,3720,matvec Q8_0,keep::reduce fold,omega_reduce_r3_o2_n2_multiply_add_zero_g10,4096,Q8_0|unpacked,[1000, 512, 1024]
1067,0,1,3708,softmax exp,elementwise,omega_elementwise_r1_n2_fused_subtract_o0_o1__exponential_s0,1000,unpacked|unpacked,[1000]
1068,0,1,3727,matvec Q8_0,keep::reduce fold,omega_reduce_r3_o2_n2_multiply_add_zero_epi25_fused_identity_o25__multiply_s0_o2__multiply_o3_o4__add_s1_s2__multiply_o5_o6__add_s3_s4__multiply_o7_o8__add_s5_s6__multiply_o9_o10__add_s7_s8__multiply_o11_o12__add_s9_s10__multiply_o13_o14__add_s11_s12__multiply_o15_o16__add_s13_s14__add_o17_o18__add_s16_o19__add_s17_o20__add_s18_o21__add_s19_o22__add_s20_o23__add_s21_o24__reciprocal_s22__multiply_s15_s23__multiply_s24_o1__add_s25_o0_g10,4096,Q8_0|unpacked,[1000, 512, 1024]
1069,0,1,3748,RMSNorm sumsq + fused epilogue,keep::reduce fold,omega_reduce_r2_o1_n2_multiply_add_zero_epi4_fused_identity_o4__multiply_s0_o3__add_s1_o2__square_root_s2__reciprocal_s3__multiply_s4_o1__multiply_s5_o0,256000,unpacked|unpacked,[1000, 1024]
1070,0,1,3754,matvec Q8_0,keep::reduce fold,omega_reduce_r4_o3_n2_multiply_add_zero,512000,Q8_0|unpacked,[1000, 8, 64, 1024]
1071,0,1,3750,matvec Q8_0,keep::reduce fold,omega_reduce_r4_o3_n2_multiply_add_zero,1024000,Q8_0|unpacked,[1000, 16, 64, 1024]
1072,0,1,3752,matvec Q8_0,keep::reduce fold,omega_reduce_r4_o3_n2_multiply_add_zero,512000,Q8_0|unpacked,[1000, 8, 64, 1024]
1073,0,1,3766,RoPE,elementwise,omega_elementwise_r3_n4_fused_multiply_o0_o1__multiply_o2_o3__add_s0_s1,256000,unpacked|unpacked|unpacked|unpacked,[1000, 8, 32]
1074,0,1,3763,RoPE,elementwise,omega_elementwise_r3_n4_fused_multiply_o0_o1__multiply_o2_o3__subtract_s0_s1,256000,unpacked|unpacked|unpacked|unpacked,[1000, 8, 32]
1075,0,1,3757,RoPE,elementwise,omega_elementwise_r3_n4_fused_multiply_o0_o1__multiply_o2_o3__subtract_s0_s1,512000,unpacked|unpacked|unpacked|unpacked,[1000, 16, 32]
1076,0,1,3760,RoPE,elementwise,omega_elementwise_r3_n4_fused_multiply_o0_o1__multiply_o2_o3__add_s0_s1,512000,unpacked|unpacked|unpacked|unpacked,[1000, 16, 32]
1077,0,1,3799,cached attention partial,cached_attention,omega_cached_attention_q1000_c1024_n1000_h8_g2_d64_s3c800000_ln9223372036854775808_up0_cb,2048000,unpacked|unpacked|unpacked|unpacked|unpacked|unpacked|unpacked|unpacked|unpacked,[1000, 8, 2, 64]
1078,0,1,3803,matvec Q8_0,keep::reduce fold,omega_reduce_r5_o2_n2_multiply_add_zero_epi2_fused_identity_o2__multiply_s0_o1__add_s1_o0,1024000,Q8_0|unpacked,[1000, 8, 2, 64, 1024]
1079,0,1,3811,RMSNorm sumsq + fused epilogue,keep::reduce fold,omega_reduce_r2_o1_n2_multiply_add_zero_epi4_fused_identity_o4__multiply_s0_o3__add_s1_o2__square_root_s2__reciprocal_s3__multiply_s4_o1__multiply_s5_o0,256000,unpacked|unpacked,[1000, 1024]
1080,0,1,3813,matvec f32,keep::reduce fold,omega_reduce_r3_o2_n2_multiply_add_zero,4096,unpacked|unpacked,[1000, 1024, 32]
1081,0,1,3814,iota,iota,omega_iota_r1,32,,[32]
1082,0,1,3815,constant,constant,omega_constant_r0_vff800000,1,,[]
1083,0,1,3816,softmax max,keep::reduce fold,omega_reduce_r2_o1_n1_identity_maximum_negative_infinity,32000,unpacked,[1000, 32]
1084,0,1,3817,elementwise equal,elementwise,omega_elementwise_r2_n2_equal,32000,unpacked|unpacked,[1000, 32]
1085,0,1,3819,softmax max,keep::reduce fold,omega_reduce_r2_o1_n2_multiply_maximum_zero,32000,unpacked|unpacked,[1000, 32]
1086,0,1,3823,matvec Q8_0,keep::reduce fold,omega_reduce_r3_o2_n2_multiply_add_zero_g10,2048,Q8_0|unpacked,[1000, 1024, 512]
1087,0,1,3831,matvec Q8_0,keep::reduce fold,omega_reduce_r3_o2_n2_multiply_add_zero_epi3_fused_identity_o3__negate_o2__exponential_s1__add_s2_o1__reciprocal_s3__multiply_s4_o0__multiply_s0_s5_g10,2048,Q8_0|unpacked,[1000, 1024, 512]
1088,0,1,3821,softmax exp,elementwise,omega_elementwise_r1_n2_fused_subtract_o0_o1__exponential_s0,1000,unpacked|unpacked,[1000]
1089,0,1,3835,elementwise select,elementwise,omega_elementwise_r2_n3_select,32000,unpacked|unpacked|unpacked,[1000, 32]
1090,0,1,3836,softmax max,keep::reduce fold,omega_reduce_r2_o1_n1_identity_maximum_negative_infinity,32000,unpacked,[1000, 32]
1091,0,1,3837,elementwise equal,elementwise,omega_elementwise_r2_n2_equal,32000,unpacked|unpacked,[1000, 32]
1092,0,1,3839,softmax max,keep::reduce fold,omega_reduce_r2_o1_n2_multiply_maximum_zero,32000,unpacked|unpacked,[1000, 32]
1093,0,1,3843,matvec Q8_0,keep::reduce fold,omega_reduce_r3_o2_n2_multiply_add_zero_g10,2048,Q8_0|unpacked,[1000, 1024, 512]
1094,0,1,3851,matvec Q8_0,keep::reduce fold,omega_reduce_r3_o2_n2_multiply_add_zero_epi3_fused_identity_o3__negate_o2__exponential_s1__add_s2_o1__reciprocal_s3__multiply_s4_o0__multiply_s0_s5_g10,2048,Q8_0|unpacked,[1000, 1024, 512]
1095,0,1,3853,matvec Q8_0,keep::reduce fold,omega_reduce_r3_o2_n2_multiply_add_zero_g10,4096,Q8_0|unpacked,[1000, 512, 1024]
1096,0,1,3841,softmax exp,elementwise,omega_elementwise_r1_n2_fused_subtract_o0_o1__exponential_s0,1000,unpacked|unpacked,[1000]
1097,0,1,3857,elementwise select,elementwise,omega_elementwise_r2_n3_select,32000,unpacked|unpacked|unpacked,[1000, 32]
1098,0,1,3858,softmax max,keep::reduce fold,omega_reduce_r2_o1_n1_identity_maximum_negative_infinity,32000,unpacked,[1000, 32]
1099,0,1,3859,elementwise equal,elementwise,omega_elementwise_r2_n2_equal,32000,unpacked|unpacked,[1000, 32]
1100,0,1,3861,softmax max,keep::reduce fold,omega_reduce_r2_o1_n2_multiply_maximum_zero,32000,unpacked|unpacked,[1000, 32]
1101,0,1,3865,matvec Q8_0,keep::reduce fold,omega_reduce_r3_o2_n2_multiply_add_zero_g10,2048,Q8_0|unpacked,[1000, 1024, 512]
1102,0,1,3873,matvec Q8_0,keep::reduce fold,omega_reduce_r3_o2_n2_multiply_add_zero_epi3_fused_identity_o3__negate_o2__exponential_s1__add_s2_o1__reciprocal_s3__multiply_s4_o0__multiply_s0_s5_g10,2048,Q8_0|unpacked,[1000, 1024, 512]
1103,0,1,3875,matvec Q8_0,keep::reduce fold,omega_reduce_r3_o2_n2_multiply_add_zero_g10,4096,Q8_0|unpacked,[1000, 512, 1024]
1104,0,1,3863,softmax exp,elementwise,omega_elementwise_r1_n2_fused_subtract_o0_o1__exponential_s0,1000,unpacked|unpacked,[1000]
1105,0,1,3879,elementwise select,elementwise,omega_elementwise_r2_n3_select,32000,unpacked|unpacked|unpacked,[1000, 32]
1106,0,1,3880,softmax max,keep::reduce fold,omega_reduce_r2_o1_n1_identity_maximum_negative_infinity,32000,unpacked,[1000, 32]
1107,0,1,3881,elementwise equal,elementwise,omega_elementwise_r2_n2_equal,32000,unpacked|unpacked,[1000, 32]
1108,0,1,3883,softmax max,keep::reduce fold,omega_reduce_r2_o1_n2_multiply_maximum_zero,32000,unpacked|unpacked,[1000, 32]
1109,0,1,3887,matvec Q8_0,keep::reduce fold,omega_reduce_r3_o2_n2_multiply_add_zero_g10,2048,Q8_0|unpacked,[1000, 1024, 512]
1110,0,1,3895,matvec Q8_0,keep::reduce fold,omega_reduce_r3_o2_n2_multiply_add_zero_epi3_fused_identity_o3__negate_o2__exponential_s1__add_s2_o1__reciprocal_s3__multiply_s4_o0__multiply_s0_s5_g10,2048,Q8_0|unpacked,[1000, 1024, 512]
1111,0,1,3897,matvec Q8_0,keep::reduce fold,omega_reduce_r3_o2_n2_multiply_add_zero_g10,4096,Q8_0|unpacked,[1000, 512, 1024]
1112,0,1,3885,softmax exp,elementwise,omega_elementwise_r1_n2_fused_subtract_o0_o1__exponential_s0,1000,unpacked|unpacked,[1000]
1113,0,1,3901,elementwise select,elementwise,omega_elementwise_r2_n3_select,32000,unpacked|unpacked|unpacked,[1000, 32]
1114,0,1,3902,softmax max,keep::reduce fold,omega_reduce_r2_o1_n1_identity_maximum_negative_infinity,32000,unpacked,[1000, 32]
1115,0,1,3903,elementwise equal,elementwise,omega_elementwise_r2_n2_equal,32000,unpacked|unpacked,[1000, 32]
1116,0,1,3905,softmax max,keep::reduce fold,omega_reduce_r2_o1_n2_multiply_maximum_zero,32000,unpacked|unpacked,[1000, 32]
1117,0,1,3909,matvec Q8_0,keep::reduce fold,omega_reduce_r3_o2_n2_multiply_add_zero_g10,2048,Q8_0|unpacked,[1000, 1024, 512]
1118,0,1,3917,matvec Q8_0,keep::reduce fold,omega_reduce_r3_o2_n2_multiply_add_zero_epi3_fused_identity_o3__negate_o2__exponential_s1__add_s2_o1__reciprocal_s3__multiply_s4_o0__multiply_s0_s5_g10,2048,Q8_0|unpacked,[1000, 1024, 512]
1119,0,1,3919,matvec Q8_0,keep::reduce fold,omega_reduce_r3_o2_n2_multiply_add_zero_g10,4096,Q8_0|unpacked,[1000, 512, 1024]
1120,0,1,3907,softmax exp,elementwise,omega_elementwise_r1_n2_fused_subtract_o0_o1__exponential_s0,1000,unpacked|unpacked,[1000]
1121,0,1,3923,elementwise select,elementwise,omega_elementwise_r2_n3_select,32000,unpacked|unpacked|unpacked,[1000, 32]
1122,0,1,3924,softmax max,keep::reduce fold,omega_reduce_r2_o1_n1_identity_maximum_negative_infinity,32000,unpacked,[1000, 32]
1123,0,1,3925,elementwise equal,elementwise,omega_elementwise_r2_n2_equal,32000,unpacked|unpacked,[1000, 32]
1124,0,1,3927,softmax max,keep::reduce fold,omega_reduce_r2_o1_n2_multiply_maximum_zero,32000,unpacked|unpacked,[1000, 32]
1125,0,1,3931,matvec Q8_0,keep::reduce fold,omega_reduce_r3_o2_n2_multiply_add_zero_g10,2048,Q8_0|unpacked,[1000, 1024, 512]
1126,0,1,3939,matvec Q8_0,keep::reduce fold,omega_reduce_r3_o2_n2_multiply_add_zero_epi3_fused_identity_o3__negate_o2__exponential_s1__add_s2_o1__reciprocal_s3__multiply_s4_o0__multiply_s0_s5_g10,2048,Q8_0|unpacked,[1000, 1024, 512]
1127,0,1,3941,matvec Q8_0,keep::reduce fold,omega_reduce_r3_o2_n2_multiply_add_zero_g10,4096,Q8_0|unpacked,[1000, 512, 1024]
1128,0,1,3929,softmax exp,elementwise,omega_elementwise_r1_n2_fused_subtract_o0_o1__exponential_s0,1000,unpacked|unpacked,[1000]
1129,0,1,3945,elementwise select,elementwise,omega_elementwise_r2_n3_select,32000,unpacked|unpacked|unpacked,[1000, 32]
1130,0,1,3946,softmax max,keep::reduce fold,omega_reduce_r2_o1_n1_identity_maximum_negative_infinity,32000,unpacked,[1000, 32]
1131,0,1,3947,elementwise equal,elementwise,omega_elementwise_r2_n2_equal,32000,unpacked|unpacked,[1000, 32]
1132,0,1,3949,softmax max,keep::reduce fold,omega_reduce_r2_o1_n2_multiply_maximum_zero,32000,unpacked|unpacked,[1000, 32]
1133,0,1,3953,matvec Q8_0,keep::reduce fold,omega_reduce_r3_o2_n2_multiply_add_zero_g10,2048,Q8_0|unpacked,[1000, 1024, 512]
1134,0,1,3961,matvec Q8_0,keep::reduce fold,omega_reduce_r3_o2_n2_multiply_add_zero_epi3_fused_identity_o3__negate_o2__exponential_s1__add_s2_o1__reciprocal_s3__multiply_s4_o0__multiply_s0_s5_g10,2048,Q8_0|unpacked,[1000, 1024, 512]
1135,0,1,3963,matvec Q8_0,keep::reduce fold,omega_reduce_r3_o2_n2_multiply_add_zero_g10,4096,Q8_0|unpacked,[1000, 512, 1024]
1136,0,1,3951,softmax exp,elementwise,omega_elementwise_r1_n2_fused_subtract_o0_o1__exponential_s0,1000,unpacked|unpacked,[1000]
1137,0,1,3967,elementwise select,elementwise,omega_elementwise_r2_n3_select,32000,unpacked|unpacked|unpacked,[1000, 32]
1138,0,1,3968,softmax max,keep::reduce fold,omega_reduce_r2_o1_n1_identity_maximum_negative_infinity,32000,unpacked,[1000, 32]
1139,0,1,3971,softmax max,keep::reduce fold,omega_reduce_r2_o1_n3_fused_equal_o1_o2__multiply_s0_o0_maximum_zero,32000,unpacked|unpacked|unpacked,[1000, 32]
1140,0,1,3975,matvec Q8_0,keep::reduce fold,omega_reduce_r3_o2_n2_multiply_add_zero_g10,2048,Q8_0|unpacked,[1000, 1024, 512]
1141,0,1,3983,matvec Q8_0,keep::reduce fold,omega_reduce_r3_o2_n2_multiply_add_zero_epi3_fused_identity_o3__negate_o2__exponential_s1__add_s2_o1__reciprocal_s3__multiply_s4_o0__multiply_s0_s5_g10,2048,Q8_0|unpacked,[1000, 1024, 512]
1142,0,1,3985,matvec Q8_0,keep::reduce fold,omega_reduce_r3_o2_n2_multiply_add_zero_g10,4096,Q8_0|unpacked,[1000, 512, 1024]
1143,0,1,3973,softmax exp,elementwise,omega_elementwise_r1_n2_fused_subtract_o0_o1__exponential_s0,1000,unpacked|unpacked,[1000]
1144,0,1,3992,matvec Q8_0,keep::reduce fold,omega_reduce_r3_o2_n2_multiply_add_zero_epi25_fused_identity_o25__multiply_s0_o2__multiply_o3_o4__add_s1_s2__multiply_o5_o6__add_s3_s4__multiply_o7_o8__add_s5_s6__multiply_o9_o10__add_s7_s8__multiply_o11_o12__add_s9_s10__multiply_o13_o14__add_s11_s12__multiply_o15_o16__add_s13_s14__add_o17_o18__add_s16_o19__add_s17_o20__add_s18_o21__add_s19_o22__add_s20_o23__add_s21_o24__reciprocal_s22__multiply_s15_s23__multiply_s24_o1__add_s25_o0_g10,4096,Q8_0|unpacked,[1000, 512, 1024]
1145,0,1,4013,RMSNorm sumsq + fused epilogue,keep::reduce fold,omega_reduce_r2_o1_n2_multiply_add_zero_epi4_fused_identity_o4__multiply_s0_o3__add_s1_o2__square_root_s2__reciprocal_s3__multiply_s4_o1__multiply_s5_o0,256000,unpacked|unpacked,[1000, 1024]
1146,0,1,4019,matvec Q8_0,keep::reduce fold,omega_reduce_r4_o3_n2_multiply_add_zero,512000,Q8_0|unpacked,[1000, 8, 64, 1024]
1147,0,1,4015,matvec Q8_0,keep::reduce fold,omega_reduce_r4_o3_n2_multiply_add_zero,1024000,Q8_0|unpacked,[1000, 16, 64, 1024]
1148,0,1,4017,matvec Q8_0,keep::reduce fold,omega_reduce_r4_o3_n2_multiply_add_zero,512000,Q8_0|unpacked,[1000, 8, 64, 1024]
1149,0,1,4031,RoPE,elementwise,omega_elementwise_r3_n4_fused_multiply_o0_o1__multiply_o2_o3__add_s0_s1,256000,unpacked|unpacked|unpacked|unpacked,[1000, 8, 32]
1150,0,1,4028,RoPE,elementwise,omega_elementwise_r3_n4_fused_multiply_o0_o1__multiply_o2_o3__subtract_s0_s1,256000,unpacked|unpacked|unpacked|unpacked,[1000, 8, 32]
1151,0,1,4022,RoPE,elementwise,omega_elementwise_r3_n4_fused_multiply_o0_o1__multiply_o2_o3__subtract_s0_s1,512000,unpacked|unpacked|unpacked|unpacked,[1000, 16, 32]
1152,0,1,4025,RoPE,elementwise,omega_elementwise_r3_n4_fused_multiply_o0_o1__multiply_o2_o3__add_s0_s1,512000,unpacked|unpacked|unpacked|unpacked,[1000, 16, 32]
1153,0,1,4064,cached attention partial,cached_attention,omega_cached_attention_q1000_c1024_n1000_h8_g2_d64_s3c800000_ln9223372036854775808_up0_cb,2048000,unpacked|unpacked|unpacked|unpacked|unpacked|unpacked|unpacked|unpacked|unpacked,[1000, 8, 2, 64]
1154,0,1,4068,matvec Q8_0,keep::reduce fold,omega_reduce_r5_o2_n2_multiply_add_zero_epi2_fused_identity_o2__multiply_s0_o1__add_s1_o0,1024000,Q8_0|unpacked,[1000, 8, 2, 64, 1024]
1155,0,1,4076,RMSNorm sumsq + fused epilogue,keep::reduce fold,omega_reduce_r2_o1_n2_multiply_add_zero_epi4_fused_identity_o4__multiply_s0_o3__add_s1_o2__square_root_s2__reciprocal_s3__multiply_s4_o1__multiply_s5_o0,256000,unpacked|unpacked,[1000, 1024]
1156,0,1,4078,matvec f32,keep::reduce fold,omega_reduce_r3_o2_n2_multiply_add_zero,4096,unpacked|unpacked,[1000, 1024, 32]
1157,0,1,4079,iota,iota,omega_iota_r1,32,,[32]
1158,0,1,4080,constant,constant,omega_constant_r0_vff800000,1,,[]
1159,0,1,4081,softmax max,keep::reduce fold,omega_reduce_r2_o1_n1_identity_maximum_negative_infinity,32000,unpacked,[1000, 32]
1160,0,1,4082,elementwise equal,elementwise,omega_elementwise_r2_n2_equal,32000,unpacked|unpacked,[1000, 32]
1161,0,1,4084,softmax max,keep::reduce fold,omega_reduce_r2_o1_n2_multiply_maximum_zero,32000,unpacked|unpacked,[1000, 32]
1162,0,1,4088,matvec Q8_0,keep::reduce fold,omega_reduce_r3_o2_n2_multiply_add_zero_g10,2048,Q8_0|unpacked,[1000, 1024, 512]
1163,0,1,4096,matvec Q8_0,keep::reduce fold,omega_reduce_r3_o2_n2_multiply_add_zero_epi3_fused_identity_o3__negate_o2__exponential_s1__add_s2_o1__reciprocal_s3__multiply_s4_o0__multiply_s0_s5_g10,2048,Q8_0|unpacked,[1000, 1024, 512]
1164,0,1,4086,softmax exp,elementwise,omega_elementwise_r1_n2_fused_subtract_o0_o1__exponential_s0,1000,unpacked|unpacked,[1000]
1165,0,1,4100,elementwise select,elementwise,omega_elementwise_r2_n3_select,32000,unpacked|unpacked|unpacked,[1000, 32]
1166,0,1,4101,softmax max,keep::reduce fold,omega_reduce_r2_o1_n1_identity_maximum_negative_infinity,32000,unpacked,[1000, 32]
1167,0,1,4102,elementwise equal,elementwise,omega_elementwise_r2_n2_equal,32000,unpacked|unpacked,[1000, 32]
1168,0,1,4104,softmax max,keep::reduce fold,omega_reduce_r2_o1_n2_multiply_maximum_zero,32000,unpacked|unpacked,[1000, 32]
1169,0,1,4108,matvec Q8_0,keep::reduce fold,omega_reduce_r3_o2_n2_multiply_add_zero_g10,2048,Q8_0|unpacked,[1000, 1024, 512]
1170,0,1,4116,matvec Q8_0,keep::reduce fold,omega_reduce_r3_o2_n2_multiply_add_zero_epi3_fused_identity_o3__negate_o2__exponential_s1__add_s2_o1__reciprocal_s3__multiply_s4_o0__multiply_s0_s5_g10,2048,Q8_0|unpacked,[1000, 1024, 512]
1171,0,1,4118,matvec Q8_0,keep::reduce fold,omega_reduce_r3_o2_n2_multiply_add_zero_g10,4096,Q8_0|unpacked,[1000, 512, 1024]
1172,0,1,4106,softmax exp,elementwise,omega_elementwise_r1_n2_fused_subtract_o0_o1__exponential_s0,1000,unpacked|unpacked,[1000]
1173,0,1,4122,elementwise select,elementwise,omega_elementwise_r2_n3_select,32000,unpacked|unpacked|unpacked,[1000, 32]
1174,0,1,4123,softmax max,keep::reduce fold,omega_reduce_r2_o1_n1_identity_maximum_negative_infinity,32000,unpacked,[1000, 32]
1175,0,1,4124,elementwise equal,elementwise,omega_elementwise_r2_n2_equal,32000,unpacked|unpacked,[1000, 32]
1176,0,1,4126,softmax max,keep::reduce fold,omega_reduce_r2_o1_n2_multiply_maximum_zero,32000,unpacked|unpacked,[1000, 32]
1177,0,1,4130,matvec Q8_0,keep::reduce fold,omega_reduce_r3_o2_n2_multiply_add_zero_g10,2048,Q8_0|unpacked,[1000, 1024, 512]
1178,0,1,4138,matvec Q8_0,keep::reduce fold,omega_reduce_r3_o2_n2_multiply_add_zero_epi3_fused_identity_o3__negate_o2__exponential_s1__add_s2_o1__reciprocal_s3__multiply_s4_o0__multiply_s0_s5_g10,2048,Q8_0|unpacked,[1000, 1024, 512]
1179,0,1,4140,matvec Q8_0,keep::reduce fold,omega_reduce_r3_o2_n2_multiply_add_zero_g10,4096,Q8_0|unpacked,[1000, 512, 1024]
1180,0,1,4128,softmax exp,elementwise,omega_elementwise_r1_n2_fused_subtract_o0_o1__exponential_s0,1000,unpacked|unpacked,[1000]
1181,0,1,4144,elementwise select,elementwise,omega_elementwise_r2_n3_select,32000,unpacked|unpacked|unpacked,[1000, 32]
1182,0,1,4145,softmax max,keep::reduce fold,omega_reduce_r2_o1_n1_identity_maximum_negative_infinity,32000,unpacked,[1000, 32]
1183,0,1,4146,elementwise equal,elementwise,omega_elementwise_r2_n2_equal,32000,unpacked|unpacked,[1000, 32]
1184,0,1,4148,softmax max,keep::reduce fold,omega_reduce_r2_o1_n2_multiply_maximum_zero,32000,unpacked|unpacked,[1000, 32]
1185,0,1,4152,matvec Q8_0,keep::reduce fold,omega_reduce_r3_o2_n2_multiply_add_zero_g10,2048,Q8_0|unpacked,[1000, 1024, 512]
1186,0,1,4160,matvec Q8_0,keep::reduce fold,omega_reduce_r3_o2_n2_multiply_add_zero_epi3_fused_identity_o3__negate_o2__exponential_s1__add_s2_o1__reciprocal_s3__multiply_s4_o0__multiply_s0_s5_g10,2048,Q8_0|unpacked,[1000, 1024, 512]
1187,0,1,4162,matvec Q8_0,keep::reduce fold,omega_reduce_r3_o2_n2_multiply_add_zero_g10,4096,Q8_0|unpacked,[1000, 512, 1024]
1188,0,1,4150,softmax exp,elementwise,omega_elementwise_r1_n2_fused_subtract_o0_o1__exponential_s0,1000,unpacked|unpacked,[1000]
1189,0,1,4166,elementwise select,elementwise,omega_elementwise_r2_n3_select,32000,unpacked|unpacked|unpacked,[1000, 32]
1190,0,1,4167,softmax max,keep::reduce fold,omega_reduce_r2_o1_n1_identity_maximum_negative_infinity,32000,unpacked,[1000, 32]
1191,0,1,4168,elementwise equal,elementwise,omega_elementwise_r2_n2_equal,32000,unpacked|unpacked,[1000, 32]
1192,0,1,4170,softmax max,keep::reduce fold,omega_reduce_r2_o1_n2_multiply_maximum_zero,32000,unpacked|unpacked,[1000, 32]
1193,0,1,4174,matvec Q8_0,keep::reduce fold,omega_reduce_r3_o2_n2_multiply_add_zero_g10,2048,Q8_0|unpacked,[1000, 1024, 512]
1194,0,1,4182,matvec Q8_0,keep::reduce fold,omega_reduce_r3_o2_n2_multiply_add_zero_epi3_fused_identity_o3__negate_o2__exponential_s1__add_s2_o1__reciprocal_s3__multiply_s4_o0__multiply_s0_s5_g10,2048,Q8_0|unpacked,[1000, 1024, 512]
1195,0,1,4184,matvec Q8_0,keep::reduce fold,omega_reduce_r3_o2_n2_multiply_add_zero_g10,4096,Q8_0|unpacked,[1000, 512, 1024]
1196,0,1,4172,softmax exp,elementwise,omega_elementwise_r1_n2_fused_subtract_o0_o1__exponential_s0,1000,unpacked|unpacked,[1000]
1197,0,1,4188,elementwise select,elementwise,omega_elementwise_r2_n3_select,32000,unpacked|unpacked|unpacked,[1000, 32]
1198,0,1,4189,softmax max,keep::reduce fold,omega_reduce_r2_o1_n1_identity_maximum_negative_infinity,32000,unpacked,[1000, 32]
1199,0,1,4190,elementwise equal,elementwise,omega_elementwise_r2_n2_equal,32000,unpacked|unpacked,[1000, 32]
1200,0,1,4192,softmax max,keep::reduce fold,omega_reduce_r2_o1_n2_multiply_maximum_zero,32000,unpacked|unpacked,[1000, 32]
1201,0,1,4196,matvec Q8_0,keep::reduce fold,omega_reduce_r3_o2_n2_multiply_add_zero_g10,2048,Q8_0|unpacked,[1000, 1024, 512]
1202,0,1,4204,matvec Q8_0,keep::reduce fold,omega_reduce_r3_o2_n2_multiply_add_zero_epi3_fused_identity_o3__negate_o2__exponential_s1__add_s2_o1__reciprocal_s3__multiply_s4_o0__multiply_s0_s5_g10,2048,Q8_0|unpacked,[1000, 1024, 512]
1203,0,1,4206,matvec Q8_0,keep::reduce fold,omega_reduce_r3_o2_n2_multiply_add_zero_g10,4096,Q8_0|unpacked,[1000, 512, 1024]
1204,0,1,4194,softmax exp,elementwise,omega_elementwise_r1_n2_fused_subtract_o0_o1__exponential_s0,1000,unpacked|unpacked,[1000]
1205,0,1,4210,elementwise select,elementwise,omega_elementwise_r2_n3_select,32000,unpacked|unpacked|unpacked,[1000, 32]
1206,0,1,4211,softmax max,keep::reduce fold,omega_reduce_r2_o1_n1_identity_maximum_negative_infinity,32000,unpacked,[1000, 32]
1207,0,1,4212,elementwise equal,elementwise,omega_elementwise_r2_n2_equal,32000,unpacked|unpacked,[1000, 32]
1208,0,1,4214,softmax max,keep::reduce fold,omega_reduce_r2_o1_n2_multiply_maximum_zero,32000,unpacked|unpacked,[1000, 32]
1209,0,1,4218,matvec Q8_0,keep::reduce fold,omega_reduce_r3_o2_n2_multiply_add_zero_g10,2048,Q8_0|unpacked,[1000, 1024, 512]
1210,0,1,4226,matvec Q8_0,keep::reduce fold,omega_reduce_r3_o2_n2_multiply_add_zero_epi3_fused_identity_o3__negate_o2__exponential_s1__add_s2_o1__reciprocal_s3__multiply_s4_o0__multiply_s0_s5_g10,2048,Q8_0|unpacked,[1000, 1024, 512]
1211,0,1,4228,matvec Q8_0,keep::reduce fold,omega_reduce_r3_o2_n2_multiply_add_zero_g10,4096,Q8_0|unpacked,[1000, 512, 1024]
1212,0,1,4216,softmax exp,elementwise,omega_elementwise_r1_n2_fused_subtract_o0_o1__exponential_s0,1000,unpacked|unpacked,[1000]
1213,0,1,4232,elementwise select,elementwise,omega_elementwise_r2_n3_select,32000,unpacked|unpacked|unpacked,[1000, 32]
1214,0,1,4233,softmax max,keep::reduce fold,omega_reduce_r2_o1_n1_identity_maximum_negative_infinity,32000,unpacked,[1000, 32]
1215,0,1,4236,softmax max,keep::reduce fold,omega_reduce_r2_o1_n3_fused_equal_o1_o2__multiply_s0_o0_maximum_zero,32000,unpacked|unpacked|unpacked,[1000, 32]
1216,0,1,4240,matvec Q8_0,keep::reduce fold,omega_reduce_r3_o2_n2_multiply_add_zero_g10,2048,Q8_0|unpacked,[1000, 1024, 512]
1217,0,1,4248,matvec Q8_0,keep::reduce fold,omega_reduce_r3_o2_n2_multiply_add_zero_epi3_fused_identity_o3__negate_o2__exponential_s1__add_s2_o1__reciprocal_s3__multiply_s4_o0__multiply_s0_s5_g10,2048,Q8_0|unpacked,[1000, 1024, 512]
1218,0,1,4250,matvec Q8_0,keep::reduce fold,omega_reduce_r3_o2_n2_multiply_add_zero_g10,4096,Q8_0|unpacked,[1000, 512, 1024]
1219,0,1,4238,softmax exp,elementwise,omega_elementwise_r1_n2_fused_subtract_o0_o1__exponential_s0,1000,unpacked|unpacked,[1000]
1220,0,1,4257,matvec Q8_0,keep::reduce fold,omega_reduce_r3_o2_n2_multiply_add_zero_epi25_fused_identity_o25__multiply_s0_o2__multiply_o3_o4__add_s1_s2__multiply_o5_o6__add_s3_s4__multiply_o7_o8__add_s5_s6__multiply_o9_o10__add_s7_s8__multiply_o11_o12__add_s9_s10__multiply_o13_o14__add_s11_s12__multiply_o15_o16__add_s13_s14__add_o17_o18__add_s16_o19__add_s17_o20__add_s18_o21__add_s19_o22__add_s20_o23__add_s21_o24__reciprocal_s22__multiply_s15_s23__multiply_s24_o1__add_s25_o0_g10,4096,Q8_0|unpacked,[1000, 512, 1024]
1221,0,1,4278,RMSNorm sumsq + fused epilogue,keep::reduce fold,omega_reduce_r2_o1_n2_multiply_add_zero_epi4_fused_identity_o4__multiply_s0_o3__add_s1_o2__square_root_s2__reciprocal_s3__multiply_s4_o1__multiply_s5_o0,256000,unpacked|unpacked,[1000, 1024]
1222,0,1,4284,matvec Q8_0,keep::reduce fold,omega_reduce_r4_o3_n2_multiply_add_zero,512000,Q8_0|unpacked,[1000, 8, 64, 1024]
1223,0,1,4280,matvec Q8_0,keep::reduce fold,omega_reduce_r4_o3_n2_multiply_add_zero,1024000,Q8_0|unpacked,[1000, 16, 64, 1024]
1224,0,1,4282,matvec Q8_0,keep::reduce fold,omega_reduce_r4_o3_n2_multiply_add_zero,512000,Q8_0|unpacked,[1000, 8, 64, 1024]
1225,0,1,4296,RoPE,elementwise,omega_elementwise_r3_n4_fused_multiply_o0_o1__multiply_o2_o3__add_s0_s1,256000,unpacked|unpacked|unpacked|unpacked,[1000, 8, 32]
1226,0,1,4293,RoPE,elementwise,omega_elementwise_r3_n4_fused_multiply_o0_o1__multiply_o2_o3__subtract_s0_s1,256000,unpacked|unpacked|unpacked|unpacked,[1000, 8, 32]
1227,0,1,4287,RoPE,elementwise,omega_elementwise_r3_n4_fused_multiply_o0_o1__multiply_o2_o3__subtract_s0_s1,512000,unpacked|unpacked|unpacked|unpacked,[1000, 16, 32]
1228,0,1,4290,RoPE,elementwise,omega_elementwise_r3_n4_fused_multiply_o0_o1__multiply_o2_o3__add_s0_s1,512000,unpacked|unpacked|unpacked|unpacked,[1000, 16, 32]
1229,0,1,4329,cached attention partial,cached_attention,omega_cached_attention_q1000_c1024_n1000_h8_g2_d64_s3c800000_ln9223372036854775808_up0_cb,2048000,unpacked|unpacked|unpacked|unpacked|unpacked|unpacked|unpacked|unpacked|unpacked,[1000, 8, 2, 64]
1230,0,1,4333,matvec Q8_0,keep::reduce fold,omega_reduce_r5_o2_n2_multiply_add_zero_epi2_fused_identity_o2__multiply_s0_o1__add_s1_o0,1024000,Q8_0|unpacked,[1000, 8, 2, 64, 1024]
1231,0,1,4341,RMSNorm sumsq + fused epilogue,keep::reduce fold,omega_reduce_r2_o1_n2_multiply_add_zero_epi4_fused_identity_o4__multiply_s0_o3__add_s1_o2__square_root_s2__reciprocal_s3__multiply_s4_o1__multiply_s5_o0,256000,unpacked|unpacked,[1000, 1024]
1232,0,1,4343,matvec f32,keep::reduce fold,omega_reduce_r3_o2_n2_multiply_add_zero,4096,unpacked|unpacked,[1000, 1024, 32]
1233,0,1,4344,iota,iota,omega_iota_r1,32,,[32]
1234,0,1,4345,constant,constant,omega_constant_r0_vff800000,1,,[]
1235,0,1,4346,softmax max,keep::reduce fold,omega_reduce_r2_o1_n1_identity_maximum_negative_infinity,32000,unpacked,[1000, 32]
1236,0,1,4347,elementwise equal,elementwise,omega_elementwise_r2_n2_equal,32000,unpacked|unpacked,[1000, 32]
1237,0,1,4349,softmax max,keep::reduce fold,omega_reduce_r2_o1_n2_multiply_maximum_zero,32000,unpacked|unpacked,[1000, 32]
1238,0,1,4353,matvec Q8_0,keep::reduce fold,omega_reduce_r3_o2_n2_multiply_add_zero_g10,2048,Q8_0|unpacked,[1000, 1024, 512]
1239,0,1,4361,matvec Q8_0,keep::reduce fold,omega_reduce_r3_o2_n2_multiply_add_zero_epi3_fused_identity_o3__negate_o2__exponential_s1__add_s2_o1__reciprocal_s3__multiply_s4_o0__multiply_s0_s5_g10,2048,Q8_0|unpacked,[1000, 1024, 512]
1240,0,1,4351,softmax exp,elementwise,omega_elementwise_r1_n2_fused_subtract_o0_o1__exponential_s0,1000,unpacked|unpacked,[1000]
1241,0,1,4365,elementwise select,elementwise,omega_elementwise_r2_n3_select,32000,unpacked|unpacked|unpacked,[1000, 32]
1242,0,1,4366,softmax max,keep::reduce fold,omega_reduce_r2_o1_n1_identity_maximum_negative_infinity,32000,unpacked,[1000, 32]
1243,0,1,4367,elementwise equal,elementwise,omega_elementwise_r2_n2_equal,32000,unpacked|unpacked,[1000, 32]
1244,0,1,4369,softmax max,keep::reduce fold,omega_reduce_r2_o1_n2_multiply_maximum_zero,32000,unpacked|unpacked,[1000, 32]
1245,0,1,4373,matvec Q8_0,keep::reduce fold,omega_reduce_r3_o2_n2_multiply_add_zero_g10,2048,Q8_0|unpacked,[1000, 1024, 512]
1246,0,1,4381,matvec Q8_0,keep::reduce fold,omega_reduce_r3_o2_n2_multiply_add_zero_epi3_fused_identity_o3__negate_o2__exponential_s1__add_s2_o1__reciprocal_s3__multiply_s4_o0__multiply_s0_s5_g10,2048,Q8_0|unpacked,[1000, 1024, 512]
1247,0,1,4383,matvec Q8_0,keep::reduce fold,omega_reduce_r3_o2_n2_multiply_add_zero_g10,4096,Q8_0|unpacked,[1000, 512, 1024]
1248,0,1,4371,softmax exp,elementwise,omega_elementwise_r1_n2_fused_subtract_o0_o1__exponential_s0,1000,unpacked|unpacked,[1000]
1249,0,1,4387,elementwise select,elementwise,omega_elementwise_r2_n3_select,32000,unpacked|unpacked|unpacked,[1000, 32]
1250,0,1,4388,softmax max,keep::reduce fold,omega_reduce_r2_o1_n1_identity_maximum_negative_infinity,32000,unpacked,[1000, 32]
1251,0,1,4389,elementwise equal,elementwise,omega_elementwise_r2_n2_equal,32000,unpacked|unpacked,[1000, 32]
1252,0,1,4391,softmax max,keep::reduce fold,omega_reduce_r2_o1_n2_multiply_maximum_zero,32000,unpacked|unpacked,[1000, 32]
1253,0,1,4395,matvec Q8_0,keep::reduce fold,omega_reduce_r3_o2_n2_multiply_add_zero_g10,2048,Q8_0|unpacked,[1000, 1024, 512]
1254,0,1,4403,matvec Q8_0,keep::reduce fold,omega_reduce_r3_o2_n2_multiply_add_zero_epi3_fused_identity_o3__negate_o2__exponential_s1__add_s2_o1__reciprocal_s3__multiply_s4_o0__multiply_s0_s5_g10,2048,Q8_0|unpacked,[1000, 1024, 512]
1255,0,1,4405,matvec Q8_0,keep::reduce fold,omega_reduce_r3_o2_n2_multiply_add_zero_g10,4096,Q8_0|unpacked,[1000, 512, 1024]
1256,0,1,4393,softmax exp,elementwise,omega_elementwise_r1_n2_fused_subtract_o0_o1__exponential_s0,1000,unpacked|unpacked,[1000]
1257,0,1,4409,elementwise select,elementwise,omega_elementwise_r2_n3_select,32000,unpacked|unpacked|unpacked,[1000, 32]
1258,0,1,4410,softmax max,keep::reduce fold,omega_reduce_r2_o1_n1_identity_maximum_negative_infinity,32000,unpacked,[1000, 32]
1259,0,1,4411,elementwise equal,elementwise,omega_elementwise_r2_n2_equal,32000,unpacked|unpacked,[1000, 32]
1260,0,1,4413,softmax max,keep::reduce fold,omega_reduce_r2_o1_n2_multiply_maximum_zero,32000,unpacked|unpacked,[1000, 32]
1261,0,1,4417,matvec Q8_0,keep::reduce fold,omega_reduce_r3_o2_n2_multiply_add_zero_g10,2048,Q8_0|unpacked,[1000, 1024, 512]
1262,0,1,4425,matvec Q8_0,keep::reduce fold,omega_reduce_r3_o2_n2_multiply_add_zero_epi3_fused_identity_o3__negate_o2__exponential_s1__add_s2_o1__reciprocal_s3__multiply_s4_o0__multiply_s0_s5_g10,2048,Q8_0|unpacked,[1000, 1024, 512]
1263,0,1,4427,matvec Q8_0,keep::reduce fold,omega_reduce_r3_o2_n2_multiply_add_zero_g10,4096,Q8_0|unpacked,[1000, 512, 1024]
1264,0,1,4415,softmax exp,elementwise,omega_elementwise_r1_n2_fused_subtract_o0_o1__exponential_s0,1000,unpacked|unpacked,[1000]
1265,0,1,4431,elementwise select,elementwise,omega_elementwise_r2_n3_select,32000,unpacked|unpacked|unpacked,[1000, 32]
1266,0,1,4432,softmax max,keep::reduce fold,omega_reduce_r2_o1_n1_identity_maximum_negative_infinity,32000,unpacked,[1000, 32]
1267,0,1,4433,elementwise equal,elementwise,omega_elementwise_r2_n2_equal,32000,unpacked|unpacked,[1000, 32]
1268,0,1,4435,softmax max,keep::reduce fold,omega_reduce_r2_o1_n2_multiply_maximum_zero,32000,unpacked|unpacked,[1000, 32]
1269,0,1,4439,matvec Q8_0,keep::reduce fold,omega_reduce_r3_o2_n2_multiply_add_zero_g10,2048,Q8_0|unpacked,[1000, 1024, 512]
1270,0,1,4447,matvec Q8_0,keep::reduce fold,omega_reduce_r3_o2_n2_multiply_add_zero_epi3_fused_identity_o3__negate_o2__exponential_s1__add_s2_o1__reciprocal_s3__multiply_s4_o0__multiply_s0_s5_g10,2048,Q8_0|unpacked,[1000, 1024, 512]
1271,0,1,4449,matvec Q8_0,keep::reduce fold,omega_reduce_r3_o2_n2_multiply_add_zero_g10,4096,Q8_0|unpacked,[1000, 512, 1024]
1272,0,1,4437,softmax exp,elementwise,omega_elementwise_r1_n2_fused_subtract_o0_o1__exponential_s0,1000,unpacked|unpacked,[1000]
1273,0,1,4453,elementwise select,elementwise,omega_elementwise_r2_n3_select,32000,unpacked|unpacked|unpacked,[1000, 32]
1274,0,1,4454,softmax max,keep::reduce fold,omega_reduce_r2_o1_n1_identity_maximum_negative_infinity,32000,unpacked,[1000, 32]
1275,0,1,4455,elementwise equal,elementwise,omega_elementwise_r2_n2_equal,32000,unpacked|unpacked,[1000, 32]
1276,0,1,4457,softmax max,keep::reduce fold,omega_reduce_r2_o1_n2_multiply_maximum_zero,32000,unpacked|unpacked,[1000, 32]
1277,0,1,4461,matvec Q8_0,keep::reduce fold,omega_reduce_r3_o2_n2_multiply_add_zero_g10,2048,Q8_0|unpacked,[1000, 1024, 512]
1278,0,1,4469,matvec Q8_0,keep::reduce fold,omega_reduce_r3_o2_n2_multiply_add_zero_epi3_fused_identity_o3__negate_o2__exponential_s1__add_s2_o1__reciprocal_s3__multiply_s4_o0__multiply_s0_s5_g10,2048,Q8_0|unpacked,[1000, 1024, 512]
1279,0,1,4471,matvec Q8_0,keep::reduce fold,omega_reduce_r3_o2_n2_multiply_add_zero_g10,4096,Q8_0|unpacked,[1000, 512, 1024]
1280,0,1,4459,softmax exp,elementwise,omega_elementwise_r1_n2_fused_subtract_o0_o1__exponential_s0,1000,unpacked|unpacked,[1000]
1281,0,1,4475,elementwise select,elementwise,omega_elementwise_r2_n3_select,32000,unpacked|unpacked|unpacked,[1000, 32]
1282,0,1,4476,softmax max,keep::reduce fold,omega_reduce_r2_o1_n1_identity_maximum_negative_infinity,32000,unpacked,[1000, 32]
1283,0,1,4477,elementwise equal,elementwise,omega_elementwise_r2_n2_equal,32000,unpacked|unpacked,[1000, 32]
1284,0,1,4479,softmax max,keep::reduce fold,omega_reduce_r2_o1_n2_multiply_maximum_zero,32000,unpacked|unpacked,[1000, 32]
1285,0,1,4483,matvec Q8_0,keep::reduce fold,omega_reduce_r3_o2_n2_multiply_add_zero_g10,2048,Q8_0|unpacked,[1000, 1024, 512]
1286,0,1,4491,matvec Q8_0,keep::reduce fold,omega_reduce_r3_o2_n2_multiply_add_zero_epi3_fused_identity_o3__negate_o2__exponential_s1__add_s2_o1__reciprocal_s3__multiply_s4_o0__multiply_s0_s5_g10,2048,Q8_0|unpacked,[1000, 1024, 512]
1287,0,1,4493,matvec Q8_0,keep::reduce fold,omega_reduce_r3_o2_n2_multiply_add_zero_g10,4096,Q8_0|unpacked,[1000, 512, 1024]
1288,0,1,4481,softmax exp,elementwise,omega_elementwise_r1_n2_fused_subtract_o0_o1__exponential_s0,1000,unpacked|unpacked,[1000]
1289,0,1,4497,elementwise select,elementwise,omega_elementwise_r2_n3_select,32000,unpacked|unpacked|unpacked,[1000, 32]
1290,0,1,4498,softmax max,keep::reduce fold,omega_reduce_r2_o1_n1_identity_maximum_negative_infinity,32000,unpacked,[1000, 32]
1291,0,1,4501,softmax max,keep::reduce fold,omega_reduce_r2_o1_n3_fused_equal_o1_o2__multiply_s0_o0_maximum_zero,32000,unpacked|unpacked|unpacked,[1000, 32]
1292,0,1,4505,matvec Q8_0,keep::reduce fold,omega_reduce_r3_o2_n2_multiply_add_zero_g10,2048,Q8_0|unpacked,[1000, 1024, 512]
1293,0,1,4513,matvec Q8_0,keep::reduce fold,omega_reduce_r3_o2_n2_multiply_add_zero_epi3_fused_identity_o3__negate_o2__exponential_s1__add_s2_o1__reciprocal_s3__multiply_s4_o0__multiply_s0_s5_g10,2048,Q8_0|unpacked,[1000, 1024, 512]
1294,0,1,4515,matvec Q8_0,keep::reduce fold,omega_reduce_r3_o2_n2_multiply_add_zero_g10,4096,Q8_0|unpacked,[1000, 512, 1024]
1295,0,1,4503,softmax exp,elementwise,omega_elementwise_r1_n2_fused_subtract_o0_o1__exponential_s0,1000,unpacked|unpacked,[1000]
1296,0,1,4522,matvec Q8_0,keep::reduce fold,omega_reduce_r3_o2_n2_multiply_add_zero_epi25_fused_identity_o25__multiply_s0_o2__multiply_o3_o4__add_s1_s2__multiply_o5_o6__add_s3_s4__multiply_o7_o8__add_s5_s6__multiply_o9_o10__add_s7_s8__multiply_o11_o12__add_s9_s10__multiply_o13_o14__add_s11_s12__multiply_o15_o16__add_s13_s14__add_o17_o18__add_s16_o19__add_s17_o20__add_s18_o21__add_s19_o22__add_s20_o23__add_s21_o24__reciprocal_s22__multiply_s15_s23__multiply_s24_o1__add_s25_o0_g10,4096,Q8_0|unpacked,[1000, 512, 1024]
1297,0,1,4543,RMSNorm sumsq + fused epilogue,keep::reduce fold,omega_reduce_r2_o1_n2_multiply_add_zero_epi4_fused_identity_o4__multiply_s0_o3__add_s1_o2__square_root_s2__reciprocal_s3__multiply_s4_o1__multiply_s5_o0,256000,unpacked|unpacked,[1000, 1024]
1298,0,1,4549,matvec Q8_0,keep::reduce fold,omega_reduce_r4_o3_n2_multiply_add_zero,512000,Q8_0|unpacked,[1000, 8, 64, 1024]
1299,0,1,4545,matvec Q8_0,keep::reduce fold,omega_reduce_r4_o3_n2_multiply_add_zero,1024000,Q8_0|unpacked,[1000, 16, 64, 1024]
1300,0,1,4547,matvec Q8_0,keep::reduce fold,omega_reduce_r4_o3_n2_multiply_add_zero,512000,Q8_0|unpacked,[1000, 8, 64, 1024]
1301,0,1,4561,RoPE,elementwise,omega_elementwise_r3_n4_fused_multiply_o0_o1__multiply_o2_o3__add_s0_s1,256000,unpacked|unpacked|unpacked|unpacked,[1000, 8, 32]
1302,0,1,4558,RoPE,elementwise,omega_elementwise_r3_n4_fused_multiply_o0_o1__multiply_o2_o3__subtract_s0_s1,256000,unpacked|unpacked|unpacked|unpacked,[1000, 8, 32]
1303,0,1,4552,RoPE,elementwise,omega_elementwise_r3_n4_fused_multiply_o0_o1__multiply_o2_o3__subtract_s0_s1,512000,unpacked|unpacked|unpacked|unpacked,[1000, 16, 32]
1304,0,1,4555,RoPE,elementwise,omega_elementwise_r3_n4_fused_multiply_o0_o1__multiply_o2_o3__add_s0_s1,512000,unpacked|unpacked|unpacked|unpacked,[1000, 16, 32]
1305,0,1,4594,cached attention partial,cached_attention,omega_cached_attention_q1000_c1024_n1000_h8_g2_d64_s3c800000_ln9223372036854775808_up0_cb,2048000,unpacked|unpacked|unpacked|unpacked|unpacked|unpacked|unpacked|unpacked|unpacked,[1000, 8, 2, 64]
1306,0,1,4598,matvec Q8_0,keep::reduce fold,omega_reduce_r5_o2_n2_multiply_add_zero_epi2_fused_identity_o2__multiply_s0_o1__add_s1_o0,1024000,Q8_0|unpacked,[1000, 8, 2, 64, 1024]
1307,0,1,4606,RMSNorm sumsq + fused epilogue,keep::reduce fold,omega_reduce_r2_o1_n2_multiply_add_zero_epi4_fused_identity_o4__multiply_s0_o3__add_s1_o2__square_root_s2__reciprocal_s3__multiply_s4_o1__multiply_s5_o0,256000,unpacked|unpacked,[1000, 1024]
1308,0,1,4608,matvec f32,keep::reduce fold,omega_reduce_r3_o2_n2_multiply_add_zero,4096,unpacked|unpacked,[1000, 1024, 32]
1309,0,1,4609,iota,iota,omega_iota_r1,32,,[32]
1310,0,1,4610,constant,constant,omega_constant_r0_vff800000,1,,[]
1311,0,1,4611,softmax max,keep::reduce fold,omega_reduce_r2_o1_n1_identity_maximum_negative_infinity,32000,unpacked,[1000, 32]
1312,0,1,4612,elementwise equal,elementwise,omega_elementwise_r2_n2_equal,32000,unpacked|unpacked,[1000, 32]
1313,0,1,4614,softmax max,keep::reduce fold,omega_reduce_r2_o1_n2_multiply_maximum_zero,32000,unpacked|unpacked,[1000, 32]
1314,0,1,4618,matvec Q8_0,keep::reduce fold,omega_reduce_r3_o2_n2_multiply_add_zero_g10,2048,Q8_0|unpacked,[1000, 1024, 512]
1315,0,1,4626,matvec Q8_0,keep::reduce fold,omega_reduce_r3_o2_n2_multiply_add_zero_epi3_fused_identity_o3__negate_o2__exponential_s1__add_s2_o1__reciprocal_s3__multiply_s4_o0__multiply_s0_s5_g10,2048,Q8_0|unpacked,[1000, 1024, 512]
1316,0,1,4616,softmax exp,elementwise,omega_elementwise_r1_n2_fused_subtract_o0_o1__exponential_s0,1000,unpacked|unpacked,[1000]
1317,0,1,4630,elementwise select,elementwise,omega_elementwise_r2_n3_select,32000,unpacked|unpacked|unpacked,[1000, 32]
1318,0,1,4631,softmax max,keep::reduce fold,omega_reduce_r2_o1_n1_identity_maximum_negative_infinity,32000,unpacked,[1000, 32]
1319,0,1,4632,elementwise equal,elementwise,omega_elementwise_r2_n2_equal,32000,unpacked|unpacked,[1000, 32]
1320,0,1,4634,softmax max,keep::reduce fold,omega_reduce_r2_o1_n2_multiply_maximum_zero,32000,unpacked|unpacked,[1000, 32]
1321,0,1,4638,matvec Q8_0,keep::reduce fold,omega_reduce_r3_o2_n2_multiply_add_zero_g10,2048,Q8_0|unpacked,[1000, 1024, 512]
1322,0,1,4646,matvec Q8_0,keep::reduce fold,omega_reduce_r3_o2_n2_multiply_add_zero_epi3_fused_identity_o3__negate_o2__exponential_s1__add_s2_o1__reciprocal_s3__multiply_s4_o0__multiply_s0_s5_g10,2048,Q8_0|unpacked,[1000, 1024, 512]
1323,0,1,4648,matvec Q8_0,keep::reduce fold,omega_reduce_r3_o2_n2_multiply_add_zero_g10,4096,Q8_0|unpacked,[1000, 512, 1024]
1324,0,1,4636,softmax exp,elementwise,omega_elementwise_r1_n2_fused_subtract_o0_o1__exponential_s0,1000,unpacked|unpacked,[1000]
1325,0,1,4652,elementwise select,elementwise,omega_elementwise_r2_n3_select,32000,unpacked|unpacked|unpacked,[1000, 32]
1326,0,1,4653,softmax max,keep::reduce fold,omega_reduce_r2_o1_n1_identity_maximum_negative_infinity,32000,unpacked,[1000, 32]
1327,0,1,4654,elementwise equal,elementwise,omega_elementwise_r2_n2_equal,32000,unpacked|unpacked,[1000, 32]
1328,0,1,4656,softmax max,keep::reduce fold,omega_reduce_r2_o1_n2_multiply_maximum_zero,32000,unpacked|unpacked,[1000, 32]
1329,0,1,4660,matvec Q8_0,keep::reduce fold,omega_reduce_r3_o2_n2_multiply_add_zero_g10,2048,Q8_0|unpacked,[1000, 1024, 512]
1330,0,1,4668,matvec Q8_0,keep::reduce fold,omega_reduce_r3_o2_n2_multiply_add_zero_epi3_fused_identity_o3__negate_o2__exponential_s1__add_s2_o1__reciprocal_s3__multiply_s4_o0__multiply_s0_s5_g10,2048,Q8_0|unpacked,[1000, 1024, 512]
1331,0,1,4670,matvec Q8_0,keep::reduce fold,omega_reduce_r3_o2_n2_multiply_add_zero_g10,4096,Q8_0|unpacked,[1000, 512, 1024]
1332,0,1,4658,softmax exp,elementwise,omega_elementwise_r1_n2_fused_subtract_o0_o1__exponential_s0,1000,unpacked|unpacked,[1000]
1333,0,1,4674,elementwise select,elementwise,omega_elementwise_r2_n3_select,32000,unpacked|unpacked|unpacked,[1000, 32]
1334,0,1,4675,softmax max,keep::reduce fold,omega_reduce_r2_o1_n1_identity_maximum_negative_infinity,32000,unpacked,[1000, 32]
1335,0,1,4676,elementwise equal,elementwise,omega_elementwise_r2_n2_equal,32000,unpacked|unpacked,[1000, 32]
1336,0,1,4678,softmax max,keep::reduce fold,omega_reduce_r2_o1_n2_multiply_maximum_zero,32000,unpacked|unpacked,[1000, 32]
1337,0,1,4682,matvec Q8_0,keep::reduce fold,omega_reduce_r3_o2_n2_multiply_add_zero_g10,2048,Q8_0|unpacked,[1000, 1024, 512]
1338,0,1,4690,matvec Q8_0,keep::reduce fold,omega_reduce_r3_o2_n2_multiply_add_zero_epi3_fused_identity_o3__negate_o2__exponential_s1__add_s2_o1__reciprocal_s3__multiply_s4_o0__multiply_s0_s5_g10,2048,Q8_0|unpacked,[1000, 1024, 512]
1339,0,1,4692,matvec Q8_0,keep::reduce fold,omega_reduce_r3_o2_n2_multiply_add_zero_g10,4096,Q8_0|unpacked,[1000, 512, 1024]
1340,0,1,4680,softmax exp,elementwise,omega_elementwise_r1_n2_fused_subtract_o0_o1__exponential_s0,1000,unpacked|unpacked,[1000]
1341,0,1,4696,elementwise select,elementwise,omega_elementwise_r2_n3_select,32000,unpacked|unpacked|unpacked,[1000, 32]
1342,0,1,4697,softmax max,keep::reduce fold,omega_reduce_r2_o1_n1_identity_maximum_negative_infinity,32000,unpacked,[1000, 32]
1343,0,1,4698,elementwise equal,elementwise,omega_elementwise_r2_n2_equal,32000,unpacked|unpacked,[1000, 32]
1344,0,1,4700,softmax max,keep::reduce fold,omega_reduce_r2_o1_n2_multiply_maximum_zero,32000,unpacked|unpacked,[1000, 32]
1345,0,1,4704,matvec Q8_0,keep::reduce fold,omega_reduce_r3_o2_n2_multiply_add_zero_g10,2048,Q8_0|unpacked,[1000, 1024, 512]
1346,0,1,4712,matvec Q8_0,keep::reduce fold,omega_reduce_r3_o2_n2_multiply_add_zero_epi3_fused_identity_o3__negate_o2__exponential_s1__add_s2_o1__reciprocal_s3__multiply_s4_o0__multiply_s0_s5_g10,2048,Q8_0|unpacked,[1000, 1024, 512]
1347,0,1,4714,matvec Q8_0,keep::reduce fold,omega_reduce_r3_o2_n2_multiply_add_zero_g10,4096,Q8_0|unpacked,[1000, 512, 1024]
1348,0,1,4702,softmax exp,elementwise,omega_elementwise_r1_n2_fused_subtract_o0_o1__exponential_s0,1000,unpacked|unpacked,[1000]
1349,0,1,4718,elementwise select,elementwise,omega_elementwise_r2_n3_select,32000,unpacked|unpacked|unpacked,[1000, 32]
1350,0,1,4719,softmax max,keep::reduce fold,omega_reduce_r2_o1_n1_identity_maximum_negative_infinity,32000,unpacked,[1000, 32]
1351,0,1,4720,elementwise equal,elementwise,omega_elementwise_r2_n2_equal,32000,unpacked|unpacked,[1000, 32]
1352,0,1,4722,softmax max,keep::reduce fold,omega_reduce_r2_o1_n2_multiply_maximum_zero,32000,unpacked|unpacked,[1000, 32]
1353,0,1,4726,matvec Q8_0,keep::reduce fold,omega_reduce_r3_o2_n2_multiply_add_zero_g10,2048,Q8_0|unpacked,[1000, 1024, 512]
1354,0,1,4734,matvec Q8_0,keep::reduce fold,omega_reduce_r3_o2_n2_multiply_add_zero_epi3_fused_identity_o3__negate_o2__exponential_s1__add_s2_o1__reciprocal_s3__multiply_s4_o0__multiply_s0_s5_g10,2048,Q8_0|unpacked,[1000, 1024, 512]
1355,0,1,4736,matvec Q8_0,keep::reduce fold,omega_reduce_r3_o2_n2_multiply_add_zero_g10,4096,Q8_0|unpacked,[1000, 512, 1024]
1356,0,1,4724,softmax exp,elementwise,omega_elementwise_r1_n2_fused_subtract_o0_o1__exponential_s0,1000,unpacked|unpacked,[1000]
1357,0,1,4740,elementwise select,elementwise,omega_elementwise_r2_n3_select,32000,unpacked|unpacked|unpacked,[1000, 32]
1358,0,1,4741,softmax max,keep::reduce fold,omega_reduce_r2_o1_n1_identity_maximum_negative_infinity,32000,unpacked,[1000, 32]
1359,0,1,4742,elementwise equal,elementwise,omega_elementwise_r2_n2_equal,32000,unpacked|unpacked,[1000, 32]
1360,0,1,4744,softmax max,keep::reduce fold,omega_reduce_r2_o1_n2_multiply_maximum_zero,32000,unpacked|unpacked,[1000, 32]
1361,0,1,4748,matvec Q8_0,keep::reduce fold,omega_reduce_r3_o2_n2_multiply_add_zero_g10,2048,Q8_0|unpacked,[1000, 1024, 512]
1362,0,1,4756,matvec Q8_0,keep::reduce fold,omega_reduce_r3_o2_n2_multiply_add_zero_epi3_fused_identity_o3__negate_o2__exponential_s1__add_s2_o1__reciprocal_s3__multiply_s4_o0__multiply_s0_s5_g10,2048,Q8_0|unpacked,[1000, 1024, 512]
1363,0,1,4758,matvec Q8_0,keep::reduce fold,omega_reduce_r3_o2_n2_multiply_add_zero_g10,4096,Q8_0|unpacked,[1000, 512, 1024]
1364,0,1,4746,softmax exp,elementwise,omega_elementwise_r1_n2_fused_subtract_o0_o1__exponential_s0,1000,unpacked|unpacked,[1000]
1365,0,1,4762,elementwise select,elementwise,omega_elementwise_r2_n3_select,32000,unpacked|unpacked|unpacked,[1000, 32]
1366,0,1,4763,softmax max,keep::reduce fold,omega_reduce_r2_o1_n1_identity_maximum_negative_infinity,32000,unpacked,[1000, 32]
1367,0,1,4766,softmax max,keep::reduce fold,omega_reduce_r2_o1_n3_fused_equal_o1_o2__multiply_s0_o0_maximum_zero,32000,unpacked|unpacked|unpacked,[1000, 32]
1368,0,1,4770,matvec Q8_0,keep::reduce fold,omega_reduce_r3_o2_n2_multiply_add_zero_g10,2048,Q8_0|unpacked,[1000, 1024, 512]
1369,0,1,4778,matvec Q8_0,keep::reduce fold,omega_reduce_r3_o2_n2_multiply_add_zero_epi3_fused_identity_o3__negate_o2__exponential_s1__add_s2_o1__reciprocal_s3__multiply_s4_o0__multiply_s0_s5_g10,2048,Q8_0|unpacked,[1000, 1024, 512]
1370,0,1,4780,matvec Q8_0,keep::reduce fold,omega_reduce_r3_o2_n2_multiply_add_zero_g10,4096,Q8_0|unpacked,[1000, 512, 1024]
1371,0,1,4768,softmax exp,elementwise,omega_elementwise_r1_n2_fused_subtract_o0_o1__exponential_s0,1000,unpacked|unpacked,[1000]
1372,0,1,4787,matvec Q8_0,keep::reduce fold,omega_reduce_r3_o2_n2_multiply_add_zero_epi25_fused_identity_o25__multiply_s0_o2__multiply_o3_o4__add_s1_s2__multiply_o5_o6__add_s3_s4__multiply_o7_o8__add_s5_s6__multiply_o9_o10__add_s7_s8__multiply_o11_o12__add_s9_s10__multiply_o13_o14__add_s11_s12__multiply_o15_o16__add_s13_s14__add_o17_o18__add_s16_o19__add_s17_o20__add_s18_o21__add_s19_o22__add_s20_o23__add_s21_o24__reciprocal_s22__multiply_s15_s23__multiply_s24_o1__add_s25_o0_g10,4096,Q8_0|unpacked,[1000, 512, 1024]
1373,0,1,4808,RMSNorm sumsq + fused epilogue,keep::reduce fold,omega_reduce_r2_o1_n2_multiply_add_zero_epi4_fused_identity_o4__multiply_s0_o3__add_s1_o2__square_root_s2__reciprocal_s3__multiply_s4_o1__multiply_s5_o0,256000,unpacked|unpacked,[1000, 1024]
1374,0,1,4814,matvec Q8_0,keep::reduce fold,omega_reduce_r4_o3_n2_multiply_add_zero,512000,Q8_0|unpacked,[1000, 8, 64, 1024]
1375,0,1,4810,matvec Q8_0,keep::reduce fold,omega_reduce_r4_o3_n2_multiply_add_zero,1024000,Q8_0|unpacked,[1000, 16, 64, 1024]
1376,0,1,4812,matvec Q8_0,keep::reduce fold,omega_reduce_r4_o3_n2_multiply_add_zero,512000,Q8_0|unpacked,[1000, 8, 64, 1024]
1377,0,1,4826,RoPE,elementwise,omega_elementwise_r3_n4_fused_multiply_o0_o1__multiply_o2_o3__add_s0_s1,256000,unpacked|unpacked|unpacked|unpacked,[1000, 8, 32]
1378,0,1,4823,RoPE,elementwise,omega_elementwise_r3_n4_fused_multiply_o0_o1__multiply_o2_o3__subtract_s0_s1,256000,unpacked|unpacked|unpacked|unpacked,[1000, 8, 32]
1379,0,1,4817,RoPE,elementwise,omega_elementwise_r3_n4_fused_multiply_o0_o1__multiply_o2_o3__subtract_s0_s1,512000,unpacked|unpacked|unpacked|unpacked,[1000, 16, 32]
1380,0,1,4820,RoPE,elementwise,omega_elementwise_r3_n4_fused_multiply_o0_o1__multiply_o2_o3__add_s0_s1,512000,unpacked|unpacked|unpacked|unpacked,[1000, 16, 32]
1381,0,1,4859,cached attention partial,cached_attention,omega_cached_attention_q1000_c1024_n1000_h8_g2_d64_s3c800000_ln9223372036854775808_up0_cb,2048000,unpacked|unpacked|unpacked|unpacked|unpacked|unpacked|unpacked|unpacked|unpacked,[1000, 8, 2, 64]
1382,0,1,4863,matvec Q8_0,keep::reduce fold,omega_reduce_r5_o2_n2_multiply_add_zero_epi2_fused_identity_o2__multiply_s0_o1__add_s1_o0,1024000,Q8_0|unpacked,[1000, 8, 2, 64, 1024]
1383,0,1,4871,RMSNorm sumsq + fused epilogue,keep::reduce fold,omega_reduce_r2_o1_n2_multiply_add_zero_epi4_fused_identity_o4__multiply_s0_o3__add_s1_o2__square_root_s2__reciprocal_s3__multiply_s4_o1__multiply_s5_o0,256000,unpacked|unpacked,[1000, 1024]
1384,0,1,4873,matvec f32,keep::reduce fold,omega_reduce_r3_o2_n2_multiply_add_zero,4096,unpacked|unpacked,[1000, 1024, 32]
1385,0,1,4874,iota,iota,omega_iota_r1,32,,[32]
1386,0,1,4875,constant,constant,omega_constant_r0_vff800000,1,,[]
1387,0,1,4876,softmax max,keep::reduce fold,omega_reduce_r2_o1_n1_identity_maximum_negative_infinity,32000,unpacked,[1000, 32]
1388,0,1,4877,elementwise equal,elementwise,omega_elementwise_r2_n2_equal,32000,unpacked|unpacked,[1000, 32]
1389,0,1,4879,softmax max,keep::reduce fold,omega_reduce_r2_o1_n2_multiply_maximum_zero,32000,unpacked|unpacked,[1000, 32]
1390,0,1,4883,matvec Q8_0,keep::reduce fold,omega_reduce_r3_o2_n2_multiply_add_zero_g10,2048,Q8_0|unpacked,[1000, 1024, 512]
1391,0,1,4891,matvec Q8_0,keep::reduce fold,omega_reduce_r3_o2_n2_multiply_add_zero_epi3_fused_identity_o3__negate_o2__exponential_s1__add_s2_o1__reciprocal_s3__multiply_s4_o0__multiply_s0_s5_g10,2048,Q8_0|unpacked,[1000, 1024, 512]
1392,0,1,4881,softmax exp,elementwise,omega_elementwise_r1_n2_fused_subtract_o0_o1__exponential_s0,1000,unpacked|unpacked,[1000]
1393,0,1,4895,elementwise select,elementwise,omega_elementwise_r2_n3_select,32000,unpacked|unpacked|unpacked,[1000, 32]
1394,0,1,4896,softmax max,keep::reduce fold,omega_reduce_r2_o1_n1_identity_maximum_negative_infinity,32000,unpacked,[1000, 32]
1395,0,1,4897,elementwise equal,elementwise,omega_elementwise_r2_n2_equal,32000,unpacked|unpacked,[1000, 32]
1396,0,1,4899,softmax max,keep::reduce fold,omega_reduce_r2_o1_n2_multiply_maximum_zero,32000,unpacked|unpacked,[1000, 32]
1397,0,1,4903,matvec Q8_0,keep::reduce fold,omega_reduce_r3_o2_n2_multiply_add_zero_g10,2048,Q8_0|unpacked,[1000, 1024, 512]
1398,0,1,4911,matvec Q8_0,keep::reduce fold,omega_reduce_r3_o2_n2_multiply_add_zero_epi3_fused_identity_o3__negate_o2__exponential_s1__add_s2_o1__reciprocal_s3__multiply_s4_o0__multiply_s0_s5_g10,2048,Q8_0|unpacked,[1000, 1024, 512]
1399,0,1,4913,matvec Q8_0,keep::reduce fold,omega_reduce_r3_o2_n2_multiply_add_zero_g10,4096,Q8_0|unpacked,[1000, 512, 1024]
1400,0,1,4901,softmax exp,elementwise,omega_elementwise_r1_n2_fused_subtract_o0_o1__exponential_s0,1000,unpacked|unpacked,[1000]
1401,0,1,4917,elementwise select,elementwise,omega_elementwise_r2_n3_select,32000,unpacked|unpacked|unpacked,[1000, 32]
1402,0,1,4918,softmax max,keep::reduce fold,omega_reduce_r2_o1_n1_identity_maximum_negative_infinity,32000,unpacked,[1000, 32]
1403,0,1,4919,elementwise equal,elementwise,omega_elementwise_r2_n2_equal,32000,unpacked|unpacked,[1000, 32]
1404,0,1,4921,softmax max,keep::reduce fold,omega_reduce_r2_o1_n2_multiply_maximum_zero,32000,unpacked|unpacked,[1000, 32]
1405,0,1,4925,matvec Q8_0,keep::reduce fold,omega_reduce_r3_o2_n2_multiply_add_zero_g10,2048,Q8_0|unpacked,[1000, 1024, 512]
1406,0,1,4933,matvec Q8_0,keep::reduce fold,omega_reduce_r3_o2_n2_multiply_add_zero_epi3_fused_identity_o3__negate_o2__exponential_s1__add_s2_o1__reciprocal_s3__multiply_s4_o0__multiply_s0_s5_g10,2048,Q8_0|unpacked,[1000, 1024, 512]
1407,0,1,4935,matvec Q8_0,keep::reduce fold,omega_reduce_r3_o2_n2_multiply_add_zero_g10,4096,Q8_0|unpacked,[1000, 512, 1024]
1408,0,1,4923,softmax exp,elementwise,omega_elementwise_r1_n2_fused_subtract_o0_o1__exponential_s0,1000,unpacked|unpacked,[1000]
1409,0,1,4939,elementwise select,elementwise,omega_elementwise_r2_n3_select,32000,unpacked|unpacked|unpacked,[1000, 32]
1410,0,1,4940,softmax max,keep::reduce fold,omega_reduce_r2_o1_n1_identity_maximum_negative_infinity,32000,unpacked,[1000, 32]
1411,0,1,4941,elementwise equal,elementwise,omega_elementwise_r2_n2_equal,32000,unpacked|unpacked,[1000, 32]
1412,0,1,4943,softmax max,keep::reduce fold,omega_reduce_r2_o1_n2_multiply_maximum_zero,32000,unpacked|unpacked,[1000, 32]
1413,0,1,4947,matvec Q8_0,keep::reduce fold,omega_reduce_r3_o2_n2_multiply_add_zero_g10,2048,Q8_0|unpacked,[1000, 1024, 512]
1414,0,1,4955,matvec Q8_0,keep::reduce fold,omega_reduce_r3_o2_n2_multiply_add_zero_epi3_fused_identity_o3__negate_o2__exponential_s1__add_s2_o1__reciprocal_s3__multiply_s4_o0__multiply_s0_s5_g10,2048,Q8_0|unpacked,[1000, 1024, 512]
1415,0,1,4957,matvec Q8_0,keep::reduce fold,omega_reduce_r3_o2_n2_multiply_add_zero_g10,4096,Q8_0|unpacked,[1000, 512, 1024]
1416,0,1,4945,softmax exp,elementwise,omega_elementwise_r1_n2_fused_subtract_o0_o1__exponential_s0,1000,unpacked|unpacked,[1000]
1417,0,1,4961,elementwise select,elementwise,omega_elementwise_r2_n3_select,32000,unpacked|unpacked|unpacked,[1000, 32]
1418,0,1,4962,softmax max,keep::reduce fold,omega_reduce_r2_o1_n1_identity_maximum_negative_infinity,32000,unpacked,[1000, 32]
1419,0,1,4963,elementwise equal,elementwise,omega_elementwise_r2_n2_equal,32000,unpacked|unpacked,[1000, 32]
1420,0,1,4965,softmax max,keep::reduce fold,omega_reduce_r2_o1_n2_multiply_maximum_zero,32000,unpacked|unpacked,[1000, 32]
1421,0,1,4969,matvec Q8_0,keep::reduce fold,omega_reduce_r3_o2_n2_multiply_add_zero_g10,2048,Q8_0|unpacked,[1000, 1024, 512]
1422,0,1,4977,matvec Q8_0,keep::reduce fold,omega_reduce_r3_o2_n2_multiply_add_zero_epi3_fused_identity_o3__negate_o2__exponential_s1__add_s2_o1__reciprocal_s3__multiply_s4_o0__multiply_s0_s5_g10,2048,Q8_0|unpacked,[1000, 1024, 512]
1423,0,1,4979,matvec Q8_0,keep::reduce fold,omega_reduce_r3_o2_n2_multiply_add_zero_g10,4096,Q8_0|unpacked,[1000, 512, 1024]
1424,0,1,4967,softmax exp,elementwise,omega_elementwise_r1_n2_fused_subtract_o0_o1__exponential_s0,1000,unpacked|unpacked,[1000]
1425,0,1,4983,elementwise select,elementwise,omega_elementwise_r2_n3_select,32000,unpacked|unpacked|unpacked,[1000, 32]
1426,0,1,4984,softmax max,keep::reduce fold,omega_reduce_r2_o1_n1_identity_maximum_negative_infinity,32000,unpacked,[1000, 32]
1427,0,1,4985,elementwise equal,elementwise,omega_elementwise_r2_n2_equal,32000,unpacked|unpacked,[1000, 32]
1428,0,1,4987,softmax max,keep::reduce fold,omega_reduce_r2_o1_n2_multiply_maximum_zero,32000,unpacked|unpacked,[1000, 32]
1429,0,1,4991,matvec Q8_0,keep::reduce fold,omega_reduce_r3_o2_n2_multiply_add_zero_g10,2048,Q8_0|unpacked,[1000, 1024, 512]
1430,0,1,4999,matvec Q8_0,keep::reduce fold,omega_reduce_r3_o2_n2_multiply_add_zero_epi3_fused_identity_o3__negate_o2__exponential_s1__add_s2_o1__reciprocal_s3__multiply_s4_o0__multiply_s0_s5_g10,2048,Q8_0|unpacked,[1000, 1024, 512]
1431,0,1,5001,matvec Q8_0,keep::reduce fold,omega_reduce_r3_o2_n2_multiply_add_zero_g10,4096,Q8_0|unpacked,[1000, 512, 1024]
1432,0,1,4989,softmax exp,elementwise,omega_elementwise_r1_n2_fused_subtract_o0_o1__exponential_s0,1000,unpacked|unpacked,[1000]
1433,0,1,5005,elementwise select,elementwise,omega_elementwise_r2_n3_select,32000,unpacked|unpacked|unpacked,[1000, 32]
1434,0,1,5006,softmax max,keep::reduce fold,omega_reduce_r2_o1_n1_identity_maximum_negative_infinity,32000,unpacked,[1000, 32]
1435,0,1,5007,elementwise equal,elementwise,omega_elementwise_r2_n2_equal,32000,unpacked|unpacked,[1000, 32]
1436,0,1,5009,softmax max,keep::reduce fold,omega_reduce_r2_o1_n2_multiply_maximum_zero,32000,unpacked|unpacked,[1000, 32]
1437,0,1,5013,matvec Q8_0,keep::reduce fold,omega_reduce_r3_o2_n2_multiply_add_zero_g10,2048,Q8_0|unpacked,[1000, 1024, 512]
1438,0,1,5021,matvec Q8_0,keep::reduce fold,omega_reduce_r3_o2_n2_multiply_add_zero_epi3_fused_identity_o3__negate_o2__exponential_s1__add_s2_o1__reciprocal_s3__multiply_s4_o0__multiply_s0_s5_g10,2048,Q8_0|unpacked,[1000, 1024, 512]
1439,0,1,5023,matvec Q8_0,keep::reduce fold,omega_reduce_r3_o2_n2_multiply_add_zero_g10,4096,Q8_0|unpacked,[1000, 512, 1024]
1440,0,1,5011,softmax exp,elementwise,omega_elementwise_r1_n2_fused_subtract_o0_o1__exponential_s0,1000,unpacked|unpacked,[1000]
1441,0,1,5027,elementwise select,elementwise,omega_elementwise_r2_n3_select,32000,unpacked|unpacked|unpacked,[1000, 32]
1442,0,1,5028,softmax max,keep::reduce fold,omega_reduce_r2_o1_n1_identity_maximum_negative_infinity,32000,unpacked,[1000, 32]
1443,0,1,5031,softmax max,keep::reduce fold,omega_reduce_r2_o1_n3_fused_equal_o1_o2__multiply_s0_o0_maximum_zero,32000,unpacked|unpacked|unpacked,[1000, 32]
1444,0,1,5035,matvec Q8_0,keep::reduce fold,omega_reduce_r3_o2_n2_multiply_add_zero_g10,2048,Q8_0|unpacked,[1000, 1024, 512]
1445,0,1,5043,matvec Q8_0,keep::reduce fold,omega_reduce_r3_o2_n2_multiply_add_zero_epi3_fused_identity_o3__negate_o2__exponential_s1__add_s2_o1__reciprocal_s3__multiply_s4_o0__multiply_s0_s5_g10,2048,Q8_0|unpacked,[1000, 1024, 512]
1446,0,1,5045,matvec Q8_0,keep::reduce fold,omega_reduce_r3_o2_n2_multiply_add_zero_g10,4096,Q8_0|unpacked,[1000, 512, 1024]
1447,0,1,5033,softmax exp,elementwise,omega_elementwise_r1_n2_fused_subtract_o0_o1__exponential_s0,1000,unpacked|unpacked,[1000]
1448,0,1,5052,matvec Q8_0,keep::reduce fold,omega_reduce_r3_o2_n2_multiply_add_zero_epi25_fused_identity_o25__multiply_s0_o2__multiply_o3_o4__add_s1_s2__multiply_o5_o6__add_s3_s4__multiply_o7_o8__add_s5_s6__multiply_o9_o10__add_s7_s8__multiply_o11_o12__add_s9_s10__multiply_o13_o14__add_s11_s12__multiply_o15_o16__add_s13_s14__add_o17_o18__add_s16_o19__add_s17_o20__add_s18_o21__add_s19_o22__add_s20_o23__add_s21_o24__reciprocal_s22__multiply_s15_s23__multiply_s24_o1__add_s25_o0_g10,4096,Q8_0|unpacked,[1000, 512, 1024]
1449,0,1,5073,RMSNorm sumsq + fused epilogue,keep::reduce fold,omega_reduce_r2_o1_n2_multiply_add_zero_epi4_fused_identity_o4__multiply_s0_o3__add_s1_o2__square_root_s2__reciprocal_s3__multiply_s4_o1__multiply_s5_o0,256000,unpacked|unpacked,[1000, 1024]
1450,0,1,5079,matvec Q8_0,keep::reduce fold,omega_reduce_r4_o3_n2_multiply_add_zero,512000,Q8_0|unpacked,[1000, 8, 64, 1024]
1451,0,1,5075,matvec Q8_0,keep::reduce fold,omega_reduce_r4_o3_n2_multiply_add_zero,1024000,Q8_0|unpacked,[1000, 16, 64, 1024]
1452,0,1,5077,matvec Q8_0,keep::reduce fold,omega_reduce_r4_o3_n2_multiply_add_zero,512000,Q8_0|unpacked,[1000, 8, 64, 1024]
1453,0,1,5091,RoPE,elementwise,omega_elementwise_r3_n4_fused_multiply_o0_o1__multiply_o2_o3__add_s0_s1,256000,unpacked|unpacked|unpacked|unpacked,[1000, 8, 32]
1454,0,1,5088,RoPE,elementwise,omega_elementwise_r3_n4_fused_multiply_o0_o1__multiply_o2_o3__subtract_s0_s1,256000,unpacked|unpacked|unpacked|unpacked,[1000, 8, 32]
1455,0,1,5082,RoPE,elementwise,omega_elementwise_r3_n4_fused_multiply_o0_o1__multiply_o2_o3__subtract_s0_s1,512000,unpacked|unpacked|unpacked|unpacked,[1000, 16, 32]
1456,0,1,5085,RoPE,elementwise,omega_elementwise_r3_n4_fused_multiply_o0_o1__multiply_o2_o3__add_s0_s1,512000,unpacked|unpacked|unpacked|unpacked,[1000, 16, 32]
1457,0,1,5124,cached attention partial,cached_attention,omega_cached_attention_q1000_c1024_n1000_h8_g2_d64_s3c800000_ln9223372036854775808_up0_cb,2048000,unpacked|unpacked|unpacked|unpacked|unpacked|unpacked|unpacked|unpacked|unpacked,[1000, 8, 2, 64]
1458,0,1,5128,matvec Q8_0,keep::reduce fold,omega_reduce_r5_o2_n2_multiply_add_zero_epi2_fused_identity_o2__multiply_s0_o1__add_s1_o0,1024000,Q8_0|unpacked,[1000, 8, 2, 64, 1024]
1459,0,1,5136,RMSNorm sumsq + fused epilogue,keep::reduce fold,omega_reduce_r2_o1_n2_multiply_add_zero_epi4_fused_identity_o4__multiply_s0_o3__add_s1_o2__square_root_s2__reciprocal_s3__multiply_s4_o1__multiply_s5_o0,256000,unpacked|unpacked,[1000, 1024]
1460,0,1,5138,matvec f32,keep::reduce fold,omega_reduce_r3_o2_n2_multiply_add_zero,4096,unpacked|unpacked,[1000, 1024, 32]
1461,0,1,5139,iota,iota,omega_iota_r1,32,,[32]
1462,0,1,5140,constant,constant,omega_constant_r0_vff800000,1,,[]
1463,0,1,5141,softmax max,keep::reduce fold,omega_reduce_r2_o1_n1_identity_maximum_negative_infinity,32000,unpacked,[1000, 32]
1464,0,1,5142,elementwise equal,elementwise,omega_elementwise_r2_n2_equal,32000,unpacked|unpacked,[1000, 32]
1465,0,1,5144,softmax max,keep::reduce fold,omega_reduce_r2_o1_n2_multiply_maximum_zero,32000,unpacked|unpacked,[1000, 32]
1466,0,1,5148,matvec Q8_0,keep::reduce fold,omega_reduce_r3_o2_n2_multiply_add_zero_g10,2048,Q8_0|unpacked,[1000, 1024, 512]
1467,0,1,5156,matvec Q8_0,keep::reduce fold,omega_reduce_r3_o2_n2_multiply_add_zero_epi3_fused_identity_o3__negate_o2__exponential_s1__add_s2_o1__reciprocal_s3__multiply_s4_o0__multiply_s0_s5_g10,2048,Q8_0|unpacked,[1000, 1024, 512]
1468,0,1,5146,softmax exp,elementwise,omega_elementwise_r1_n2_fused_subtract_o0_o1__exponential_s0,1000,unpacked|unpacked,[1000]
1469,0,1,5160,elementwise select,elementwise,omega_elementwise_r2_n3_select,32000,unpacked|unpacked|unpacked,[1000, 32]
1470,0,1,5161,softmax max,keep::reduce fold,omega_reduce_r2_o1_n1_identity_maximum_negative_infinity,32000,unpacked,[1000, 32]
1471,0,1,5162,elementwise equal,elementwise,omega_elementwise_r2_n2_equal,32000,unpacked|unpacked,[1000, 32]
1472,0,1,5164,softmax max,keep::reduce fold,omega_reduce_r2_o1_n2_multiply_maximum_zero,32000,unpacked|unpacked,[1000, 32]
1473,0,1,5168,matvec Q8_0,keep::reduce fold,omega_reduce_r3_o2_n2_multiply_add_zero_g10,2048,Q8_0|unpacked,[1000, 1024, 512]
1474,0,1,5176,matvec Q8_0,keep::reduce fold,omega_reduce_r3_o2_n2_multiply_add_zero_epi3_fused_identity_o3__negate_o2__exponential_s1__add_s2_o1__reciprocal_s3__multiply_s4_o0__multiply_s0_s5_g10,2048,Q8_0|unpacked,[1000, 1024, 512]
1475,0,1,5178,matvec Q8_0,keep::reduce fold,omega_reduce_r3_o2_n2_multiply_add_zero_g10,4096,Q8_0|unpacked,[1000, 512, 1024]
1476,0,1,5166,softmax exp,elementwise,omega_elementwise_r1_n2_fused_subtract_o0_o1__exponential_s0,1000,unpacked|unpacked,[1000]
1477,0,1,5182,elementwise select,elementwise,omega_elementwise_r2_n3_select,32000,unpacked|unpacked|unpacked,[1000, 32]
1478,0,1,5183,softmax max,keep::reduce fold,omega_reduce_r2_o1_n1_identity_maximum_negative_infinity,32000,unpacked,[1000, 32]
1479,0,1,5184,elementwise equal,elementwise,omega_elementwise_r2_n2_equal,32000,unpacked|unpacked,[1000, 32]
1480,0,1,5186,softmax max,keep::reduce fold,omega_reduce_r2_o1_n2_multiply_maximum_zero,32000,unpacked|unpacked,[1000, 32]
1481,0,1,5190,matvec Q8_0,keep::reduce fold,omega_reduce_r3_o2_n2_multiply_add_zero_g10,2048,Q8_0|unpacked,[1000, 1024, 512]
1482,0,1,5198,matvec Q8_0,keep::reduce fold,omega_reduce_r3_o2_n2_multiply_add_zero_epi3_fused_identity_o3__negate_o2__exponential_s1__add_s2_o1__reciprocal_s3__multiply_s4_o0__multiply_s0_s5_g10,2048,Q8_0|unpacked,[1000, 1024, 512]
1483,0,1,5200,matvec Q8_0,keep::reduce fold,omega_reduce_r3_o2_n2_multiply_add_zero_g10,4096,Q8_0|unpacked,[1000, 512, 1024]
1484,0,1,5188,softmax exp,elementwise,omega_elementwise_r1_n2_fused_subtract_o0_o1__exponential_s0,1000,unpacked|unpacked,[1000]
1485,0,1,5204,elementwise select,elementwise,omega_elementwise_r2_n3_select,32000,unpacked|unpacked|unpacked,[1000, 32]
1486,0,1,5205,softmax max,keep::reduce fold,omega_reduce_r2_o1_n1_identity_maximum_negative_infinity,32000,unpacked,[1000, 32]
1487,0,1,5206,elementwise equal,elementwise,omega_elementwise_r2_n2_equal,32000,unpacked|unpacked,[1000, 32]
1488,0,1,5208,softmax max,keep::reduce fold,omega_reduce_r2_o1_n2_multiply_maximum_zero,32000,unpacked|unpacked,[1000, 32]
1489,0,1,5212,matvec Q8_0,keep::reduce fold,omega_reduce_r3_o2_n2_multiply_add_zero_g10,2048,Q8_0|unpacked,[1000, 1024, 512]
1490,0,1,5220,matvec Q8_0,keep::reduce fold,omega_reduce_r3_o2_n2_multiply_add_zero_epi3_fused_identity_o3__negate_o2__exponential_s1__add_s2_o1__reciprocal_s3__multiply_s4_o0__multiply_s0_s5_g10,2048,Q8_0|unpacked,[1000, 1024, 512]
1491,0,1,5222,matvec Q8_0,keep::reduce fold,omega_reduce_r3_o2_n2_multiply_add_zero_g10,4096,Q8_0|unpacked,[1000, 512, 1024]
1492,0,1,5210,softmax exp,elementwise,omega_elementwise_r1_n2_fused_subtract_o0_o1__exponential_s0,1000,unpacked|unpacked,[1000]
1493,0,1,5226,elementwise select,elementwise,omega_elementwise_r2_n3_select,32000,unpacked|unpacked|unpacked,[1000, 32]
1494,0,1,5227,softmax max,keep::reduce fold,omega_reduce_r2_o1_n1_identity_maximum_negative_infinity,32000,unpacked,[1000, 32]
1495,0,1,5228,elementwise equal,elementwise,omega_elementwise_r2_n2_equal,32000,unpacked|unpacked,[1000, 32]
1496,0,1,5230,softmax max,keep::reduce fold,omega_reduce_r2_o1_n2_multiply_maximum_zero,32000,unpacked|unpacked,[1000, 32]
1497,0,1,5234,matvec Q8_0,keep::reduce fold,omega_reduce_r3_o2_n2_multiply_add_zero_g10,2048,Q8_0|unpacked,[1000, 1024, 512]
1498,0,1,5242,matvec Q8_0,keep::reduce fold,omega_reduce_r3_o2_n2_multiply_add_zero_epi3_fused_identity_o3__negate_o2__exponential_s1__add_s2_o1__reciprocal_s3__multiply_s4_o0__multiply_s0_s5_g10,2048,Q8_0|unpacked,[1000, 1024, 512]
1499,0,1,5244,matvec Q8_0,keep::reduce fold,omega_reduce_r3_o2_n2_multiply_add_zero_g10,4096,Q8_0|unpacked,[1000, 512, 1024]
1500,0,1,5232,softmax exp,elementwise,omega_elementwise_r1_n2_fused_subtract_o0_o1__exponential_s0,1000,unpacked|unpacked,[1000]
1501,0,1,5248,elementwise select,elementwise,omega_elementwise_r2_n3_select,32000,unpacked|unpacked|unpacked,[1000, 32]
1502,0,1,5249,softmax max,keep::reduce fold,omega_reduce_r2_o1_n1_identity_maximum_negative_infinity,32000,unpacked,[1000, 32]
1503,0,1,5250,elementwise equal,elementwise,omega_elementwise_r2_n2_equal,32000,unpacked|unpacked,[1000, 32]
1504,0,1,5252,softmax max,keep::reduce fold,omega_reduce_r2_o1_n2_multiply_maximum_zero,32000,unpacked|unpacked,[1000, 32]
1505,0,1,5256,matvec Q8_0,keep::reduce fold,omega_reduce_r3_o2_n2_multiply_add_zero_g10,2048,Q8_0|unpacked,[1000, 1024, 512]
1506,0,1,5264,matvec Q8_0,keep::reduce fold,omega_reduce_r3_o2_n2_multiply_add_zero_epi3_fused_identity_o3__negate_o2__exponential_s1__add_s2_o1__reciprocal_s3__multiply_s4_o0__multiply_s0_s5_g10,2048,Q8_0|unpacked,[1000, 1024, 512]
1507,0,1,5266,matvec Q8_0,keep::reduce fold,omega_reduce_r3_o2_n2_multiply_add_zero_g10,4096,Q8_0|unpacked,[1000, 512, 1024]
1508,0,1,5254,softmax exp,elementwise,omega_elementwise_r1_n2_fused_subtract_o0_o1__exponential_s0,1000,unpacked|unpacked,[1000]
1509,0,1,5270,elementwise select,elementwise,omega_elementwise_r2_n3_select,32000,unpacked|unpacked|unpacked,[1000, 32]
1510,0,1,5271,softmax max,keep::reduce fold,omega_reduce_r2_o1_n1_identity_maximum_negative_infinity,32000,unpacked,[1000, 32]
1511,0,1,5272,elementwise equal,elementwise,omega_elementwise_r2_n2_equal,32000,unpacked|unpacked,[1000, 32]
1512,0,1,5274,softmax max,keep::reduce fold,omega_reduce_r2_o1_n2_multiply_maximum_zero,32000,unpacked|unpacked,[1000, 32]
1513,0,1,5278,matvec Q8_0,keep::reduce fold,omega_reduce_r3_o2_n2_multiply_add_zero_g10,2048,Q8_0|unpacked,[1000, 1024, 512]
1514,0,1,5286,matvec Q8_0,keep::reduce fold,omega_reduce_r3_o2_n2_multiply_add_zero_epi3_fused_identity_o3__negate_o2__exponential_s1__add_s2_o1__reciprocal_s3__multiply_s4_o0__multiply_s0_s5_g10,2048,Q8_0|unpacked,[1000, 1024, 512]
1515,0,1,5288,matvec Q8_0,keep::reduce fold,omega_reduce_r3_o2_n2_multiply_add_zero_g10,4096,Q8_0|unpacked,[1000, 512, 1024]
1516,0,1,5276,softmax exp,elementwise,omega_elementwise_r1_n2_fused_subtract_o0_o1__exponential_s0,1000,unpacked|unpacked,[1000]
1517,0,1,5292,elementwise select,elementwise,omega_elementwise_r2_n3_select,32000,unpacked|unpacked|unpacked,[1000, 32]
1518,0,1,5293,softmax max,keep::reduce fold,omega_reduce_r2_o1_n1_identity_maximum_negative_infinity,32000,unpacked,[1000, 32]
1519,0,1,5296,softmax max,keep::reduce fold,omega_reduce_r2_o1_n3_fused_equal_o1_o2__multiply_s0_o0_maximum_zero,32000,unpacked|unpacked|unpacked,[1000, 32]
1520,0,1,5300,matvec Q8_0,keep::reduce fold,omega_reduce_r3_o2_n2_multiply_add_zero_g10,2048,Q8_0|unpacked,[1000, 1024, 512]
1521,0,1,5308,matvec Q8_0,keep::reduce fold,omega_reduce_r3_o2_n2_multiply_add_zero_epi3_fused_identity_o3__negate_o2__exponential_s1__add_s2_o1__reciprocal_s3__multiply_s4_o0__multiply_s0_s5_g10,2048,Q8_0|unpacked,[1000, 1024, 512]
1522,0,1,5310,matvec Q8_0,keep::reduce fold,omega_reduce_r3_o2_n2_multiply_add_zero_g10,4096,Q8_0|unpacked,[1000, 512, 1024]
1523,0,1,5298,softmax exp,elementwise,omega_elementwise_r1_n2_fused_subtract_o0_o1__exponential_s0,1000,unpacked|unpacked,[1000]
1524,0,1,5317,matvec Q8_0,keep::reduce fold,omega_reduce_r3_o2_n2_multiply_add_zero_epi25_fused_identity_o25__multiply_s0_o2__multiply_o3_o4__add_s1_s2__multiply_o5_o6__add_s3_s4__multiply_o7_o8__add_s5_s6__multiply_o9_o10__add_s7_s8__multiply_o11_o12__add_s9_s10__multiply_o13_o14__add_s11_s12__multiply_o15_o16__add_s13_s14__add_o17_o18__add_s16_o19__add_s17_o20__add_s18_o21__add_s19_o22__add_s20_o23__add_s21_o24__reciprocal_s22__multiply_s15_s23__multiply_s24_o1__add_s25_o0_g10,4096,Q8_0|unpacked,[1000, 512, 1024]
1525,0,1,5338,RMSNorm sumsq + fused epilogue,keep::reduce fold,omega_reduce_r2_o1_n2_multiply_add_zero_epi4_fused_identity_o4__multiply_s0_o3__add_s1_o2__square_root_s2__reciprocal_s3__multiply_s4_o1__multiply_s5_o0,256000,unpacked|unpacked,[1000, 1024]
1526,0,1,5344,matvec Q8_0,keep::reduce fold,omega_reduce_r4_o3_n2_multiply_add_zero,512000,Q8_0|unpacked,[1000, 8, 64, 1024]
1527,0,1,5340,matvec Q8_0,keep::reduce fold,omega_reduce_r4_o3_n2_multiply_add_zero,1024000,Q8_0|unpacked,[1000, 16, 64, 1024]
1528,0,1,5342,matvec Q8_0,keep::reduce fold,omega_reduce_r4_o3_n2_multiply_add_zero,512000,Q8_0|unpacked,[1000, 8, 64, 1024]
1529,0,1,5356,RoPE,elementwise,omega_elementwise_r3_n4_fused_multiply_o0_o1__multiply_o2_o3__add_s0_s1,256000,unpacked|unpacked|unpacked|unpacked,[1000, 8, 32]
1530,0,1,5353,RoPE,elementwise,omega_elementwise_r3_n4_fused_multiply_o0_o1__multiply_o2_o3__subtract_s0_s1,256000,unpacked|unpacked|unpacked|unpacked,[1000, 8, 32]
1531,0,1,5347,RoPE,elementwise,omega_elementwise_r3_n4_fused_multiply_o0_o1__multiply_o2_o3__subtract_s0_s1,512000,unpacked|unpacked|unpacked|unpacked,[1000, 16, 32]
1532,0,1,5350,RoPE,elementwise,omega_elementwise_r3_n4_fused_multiply_o0_o1__multiply_o2_o3__add_s0_s1,512000,unpacked|unpacked|unpacked|unpacked,[1000, 16, 32]
1533,0,1,5389,cached attention partial,cached_attention,omega_cached_attention_q1000_c1024_n1000_h8_g2_d64_s3c800000_ln9223372036854775808_up0_cb,2048000,unpacked|unpacked|unpacked|unpacked|unpacked|unpacked|unpacked|unpacked|unpacked,[1000, 8, 2, 64]
1534,0,1,5393,matvec Q8_0,keep::reduce fold,omega_reduce_r5_o2_n2_multiply_add_zero_epi2_fused_identity_o2__multiply_s0_o1__add_s1_o0,1024000,Q8_0|unpacked,[1000, 8, 2, 64, 1024]
1535,0,1,5401,RMSNorm sumsq + fused epilogue,keep::reduce fold,omega_reduce_r2_o1_n2_multiply_add_zero_epi4_fused_identity_o4__multiply_s0_o3__add_s1_o2__square_root_s2__reciprocal_s3__multiply_s4_o1__multiply_s5_o0,256000,unpacked|unpacked,[1000, 1024]
1536,0,1,5403,matvec f32,keep::reduce fold,omega_reduce_r3_o2_n2_multiply_add_zero,4096,unpacked|unpacked,[1000, 1024, 32]
1537,0,1,5404,iota,iota,omega_iota_r1,32,,[32]
1538,0,1,5405,constant,constant,omega_constant_r0_vff800000,1,,[]
1539,0,1,5406,softmax max,keep::reduce fold,omega_reduce_r2_o1_n1_identity_maximum_negative_infinity,32000,unpacked,[1000, 32]
1540,0,1,5407,elementwise equal,elementwise,omega_elementwise_r2_n2_equal,32000,unpacked|unpacked,[1000, 32]
1541,0,1,5409,softmax max,keep::reduce fold,omega_reduce_r2_o1_n2_multiply_maximum_zero,32000,unpacked|unpacked,[1000, 32]
1542,0,1,5413,matvec Q8_0,keep::reduce fold,omega_reduce_r3_o2_n2_multiply_add_zero_g10,2048,Q8_0|unpacked,[1000, 1024, 512]
1543,0,1,5421,matvec Q8_0,keep::reduce fold,omega_reduce_r3_o2_n2_multiply_add_zero_epi3_fused_identity_o3__negate_o2__exponential_s1__add_s2_o1__reciprocal_s3__multiply_s4_o0__multiply_s0_s5_g10,2048,Q8_0|unpacked,[1000, 1024, 512]
1544,0,1,5411,softmax exp,elementwise,omega_elementwise_r1_n2_fused_subtract_o0_o1__exponential_s0,1000,unpacked|unpacked,[1000]
1545,0,1,5425,elementwise select,elementwise,omega_elementwise_r2_n3_select,32000,unpacked|unpacked|unpacked,[1000, 32]
1546,0,1,5426,softmax max,keep::reduce fold,omega_reduce_r2_o1_n1_identity_maximum_negative_infinity,32000,unpacked,[1000, 32]
1547,0,1,5427,elementwise equal,elementwise,omega_elementwise_r2_n2_equal,32000,unpacked|unpacked,[1000, 32]
1548,0,1,5429,softmax max,keep::reduce fold,omega_reduce_r2_o1_n2_multiply_maximum_zero,32000,unpacked|unpacked,[1000, 32]
1549,0,1,5433,matvec Q8_0,keep::reduce fold,omega_reduce_r3_o2_n2_multiply_add_zero_g10,2048,Q8_0|unpacked,[1000, 1024, 512]
1550,0,1,5441,matvec Q8_0,keep::reduce fold,omega_reduce_r3_o2_n2_multiply_add_zero_epi3_fused_identity_o3__negate_o2__exponential_s1__add_s2_o1__reciprocal_s3__multiply_s4_o0__multiply_s0_s5_g10,2048,Q8_0|unpacked,[1000, 1024, 512]
1551,0,1,5443,matvec Q8_0,keep::reduce fold,omega_reduce_r3_o2_n2_multiply_add_zero_g10,4096,Q8_0|unpacked,[1000, 512, 1024]
1552,0,1,5431,softmax exp,elementwise,omega_elementwise_r1_n2_fused_subtract_o0_o1__exponential_s0,1000,unpacked|unpacked,[1000]
1553,0,1,5447,elementwise select,elementwise,omega_elementwise_r2_n3_select,32000,unpacked|unpacked|unpacked,[1000, 32]
1554,0,1,5448,softmax max,keep::reduce fold,omega_reduce_r2_o1_n1_identity_maximum_negative_infinity,32000,unpacked,[1000, 32]
1555,0,1,5449,elementwise equal,elementwise,omega_elementwise_r2_n2_equal,32000,unpacked|unpacked,[1000, 32]
1556,0,1,5451,softmax max,keep::reduce fold,omega_reduce_r2_o1_n2_multiply_maximum_zero,32000,unpacked|unpacked,[1000, 32]
1557,0,1,5455,matvec Q8_0,keep::reduce fold,omega_reduce_r3_o2_n2_multiply_add_zero_g10,2048,Q8_0|unpacked,[1000, 1024, 512]
1558,0,1,5463,matvec Q8_0,keep::reduce fold,omega_reduce_r3_o2_n2_multiply_add_zero_epi3_fused_identity_o3__negate_o2__exponential_s1__add_s2_o1__reciprocal_s3__multiply_s4_o0__multiply_s0_s5_g10,2048,Q8_0|unpacked,[1000, 1024, 512]
1559,0,1,5465,matvec Q8_0,keep::reduce fold,omega_reduce_r3_o2_n2_multiply_add_zero_g10,4096,Q8_0|unpacked,[1000, 512, 1024]
1560,0,1,5453,softmax exp,elementwise,omega_elementwise_r1_n2_fused_subtract_o0_o1__exponential_s0,1000,unpacked|unpacked,[1000]
1561,0,1,5469,elementwise select,elementwise,omega_elementwise_r2_n3_select,32000,unpacked|unpacked|unpacked,[1000, 32]
1562,0,1,5470,softmax max,keep::reduce fold,omega_reduce_r2_o1_n1_identity_maximum_negative_infinity,32000,unpacked,[1000, 32]
1563,0,1,5471,elementwise equal,elementwise,omega_elementwise_r2_n2_equal,32000,unpacked|unpacked,[1000, 32]
1564,0,1,5473,softmax max,keep::reduce fold,omega_reduce_r2_o1_n2_multiply_maximum_zero,32000,unpacked|unpacked,[1000, 32]
1565,0,1,5477,matvec Q8_0,keep::reduce fold,omega_reduce_r3_o2_n2_multiply_add_zero_g10,2048,Q8_0|unpacked,[1000, 1024, 512]
1566,0,1,5485,matvec Q8_0,keep::reduce fold,omega_reduce_r3_o2_n2_multiply_add_zero_epi3_fused_identity_o3__negate_o2__exponential_s1__add_s2_o1__reciprocal_s3__multiply_s4_o0__multiply_s0_s5_g10,2048,Q8_0|unpacked,[1000, 1024, 512]
1567,0,1,5487,matvec Q8_0,keep::reduce fold,omega_reduce_r3_o2_n2_multiply_add_zero_g10,4096,Q8_0|unpacked,[1000, 512, 1024]
1568,0,1,5475,softmax exp,elementwise,omega_elementwise_r1_n2_fused_subtract_o0_o1__exponential_s0,1000,unpacked|unpacked,[1000]
1569,0,1,5491,elementwise select,elementwise,omega_elementwise_r2_n3_select,32000,unpacked|unpacked|unpacked,[1000, 32]
1570,0,1,5492,softmax max,keep::reduce fold,omega_reduce_r2_o1_n1_identity_maximum_negative_infinity,32000,unpacked,[1000, 32]
1571,0,1,5493,elementwise equal,elementwise,omega_elementwise_r2_n2_equal,32000,unpacked|unpacked,[1000, 32]
1572,0,1,5495,softmax max,keep::reduce fold,omega_reduce_r2_o1_n2_multiply_maximum_zero,32000,unpacked|unpacked,[1000, 32]
1573,0,1,5499,matvec Q8_0,keep::reduce fold,omega_reduce_r3_o2_n2_multiply_add_zero_g10,2048,Q8_0|unpacked,[1000, 1024, 512]
1574,0,1,5507,matvec Q8_0,keep::reduce fold,omega_reduce_r3_o2_n2_multiply_add_zero_epi3_fused_identity_o3__negate_o2__exponential_s1__add_s2_o1__reciprocal_s3__multiply_s4_o0__multiply_s0_s5_g10,2048,Q8_0|unpacked,[1000, 1024, 512]
1575,0,1,5509,matvec Q8_0,keep::reduce fold,omega_reduce_r3_o2_n2_multiply_add_zero_g10,4096,Q8_0|unpacked,[1000, 512, 1024]
1576,0,1,5497,softmax exp,elementwise,omega_elementwise_r1_n2_fused_subtract_o0_o1__exponential_s0,1000,unpacked|unpacked,[1000]
1577,0,1,5513,elementwise select,elementwise,omega_elementwise_r2_n3_select,32000,unpacked|unpacked|unpacked,[1000, 32]
1578,0,1,5514,softmax max,keep::reduce fold,omega_reduce_r2_o1_n1_identity_maximum_negative_infinity,32000,unpacked,[1000, 32]
1579,0,1,5515,elementwise equal,elementwise,omega_elementwise_r2_n2_equal,32000,unpacked|unpacked,[1000, 32]
1580,0,1,5517,softmax max,keep::reduce fold,omega_reduce_r2_o1_n2_multiply_maximum_zero,32000,unpacked|unpacked,[1000, 32]
1581,0,1,5521,matvec Q8_0,keep::reduce fold,omega_reduce_r3_o2_n2_multiply_add_zero_g10,2048,Q8_0|unpacked,[1000, 1024, 512]
1582,0,1,5529,matvec Q8_0,keep::reduce fold,omega_reduce_r3_o2_n2_multiply_add_zero_epi3_fused_identity_o3__negate_o2__exponential_s1__add_s2_o1__reciprocal_s3__multiply_s4_o0__multiply_s0_s5_g10,2048,Q8_0|unpacked,[1000, 1024, 512]
1583,0,1,5531,matvec Q8_0,keep::reduce fold,omega_reduce_r3_o2_n2_multiply_add_zero_g10,4096,Q8_0|unpacked,[1000, 512, 1024]
1584,0,1,5519,softmax exp,elementwise,omega_elementwise_r1_n2_fused_subtract_o0_o1__exponential_s0,1000,unpacked|unpacked,[1000]
1585,0,1,5535,elementwise select,elementwise,omega_elementwise_r2_n3_select,32000,unpacked|unpacked|unpacked,[1000, 32]
1586,0,1,5536,softmax max,keep::reduce fold,omega_reduce_r2_o1_n1_identity_maximum_negative_infinity,32000,unpacked,[1000, 32]
1587,0,1,5537,elementwise equal,elementwise,omega_elementwise_r2_n2_equal,32000,unpacked|unpacked,[1000, 32]
1588,0,1,5539,softmax max,keep::reduce fold,omega_reduce_r2_o1_n2_multiply_maximum_zero,32000,unpacked|unpacked,[1000, 32]
1589,0,1,5543,matvec Q8_0,keep::reduce fold,omega_reduce_r3_o2_n2_multiply_add_zero_g10,2048,Q8_0|unpacked,[1000, 1024, 512]
1590,0,1,5551,matvec Q8_0,keep::reduce fold,omega_reduce_r3_o2_n2_multiply_add_zero_epi3_fused_identity_o3__negate_o2__exponential_s1__add_s2_o1__reciprocal_s3__multiply_s4_o0__multiply_s0_s5_g10,2048,Q8_0|unpacked,[1000, 1024, 512]
1591,0,1,5553,matvec Q8_0,keep::reduce fold,omega_reduce_r3_o2_n2_multiply_add_zero_g10,4096,Q8_0|unpacked,[1000, 512, 1024]
1592,0,1,5541,softmax exp,elementwise,omega_elementwise_r1_n2_fused_subtract_o0_o1__exponential_s0,1000,unpacked|unpacked,[1000]
1593,0,1,5557,elementwise select,elementwise,omega_elementwise_r2_n3_select,32000,unpacked|unpacked|unpacked,[1000, 32]
1594,0,1,5558,softmax max,keep::reduce fold,omega_reduce_r2_o1_n1_identity_maximum_negative_infinity,32000,unpacked,[1000, 32]
1595,0,1,5561,softmax max,keep::reduce fold,omega_reduce_r2_o1_n3_fused_equal_o1_o2__multiply_s0_o0_maximum_zero,32000,unpacked|unpacked|unpacked,[1000, 32]
1596,0,1,5565,matvec Q8_0,keep::reduce fold,omega_reduce_r3_o2_n2_multiply_add_zero_g10,2048,Q8_0|unpacked,[1000, 1024, 512]
1597,0,1,5573,matvec Q8_0,keep::reduce fold,omega_reduce_r3_o2_n2_multiply_add_zero_epi3_fused_identity_o3__negate_o2__exponential_s1__add_s2_o1__reciprocal_s3__multiply_s4_o0__multiply_s0_s5_g10,2048,Q8_0|unpacked,[1000, 1024, 512]
1598,0,1,5575,matvec Q8_0,keep::reduce fold,omega_reduce_r3_o2_n2_multiply_add_zero_g10,4096,Q8_0|unpacked,[1000, 512, 1024]
1599,0,1,5563,softmax exp,elementwise,omega_elementwise_r1_n2_fused_subtract_o0_o1__exponential_s0,1000,unpacked|unpacked,[1000]
1600,0,1,5582,matvec Q8_0,keep::reduce fold,omega_reduce_r3_o2_n2_multiply_add_zero_epi25_fused_identity_o25__multiply_s0_o2__multiply_o3_o4__add_s1_s2__multiply_o5_o6__add_s3_s4__multiply_o7_o8__add_s5_s6__multiply_o9_o10__add_s7_s8__multiply_o11_o12__add_s9_s10__multiply_o13_o14__add_s11_s12__multiply_o15_o16__add_s13_s14__add_o17_o18__add_s16_o19__add_s17_o20__add_s18_o21__add_s19_o22__add_s20_o23__add_s21_o24__reciprocal_s22__multiply_s15_s23__multiply_s24_o1__add_s25_o0_g10,4096,Q8_0|unpacked,[1000, 512, 1024]
1601,0,1,5603,RMSNorm sumsq + fused epilogue,keep::reduce fold,omega_reduce_r2_o1_n2_multiply_add_zero_epi4_fused_identity_o4__multiply_s0_o3__add_s1_o2__square_root_s2__reciprocal_s3__multiply_s4_o1__multiply_s5_o0,256000,unpacked|unpacked,[1000, 1024]
1602,0,1,5609,matvec Q8_0,keep::reduce fold,omega_reduce_r4_o3_n2_multiply_add_zero,512000,Q8_0|unpacked,[1000, 8, 64, 1024]
1603,0,1,5605,matvec Q8_0,keep::reduce fold,omega_reduce_r4_o3_n2_multiply_add_zero,1024000,Q8_0|unpacked,[1000, 16, 64, 1024]
1604,0,1,5607,matvec Q8_0,keep::reduce fold,omega_reduce_r4_o3_n2_multiply_add_zero,512000,Q8_0|unpacked,[1000, 8, 64, 1024]
1605,0,1,5621,RoPE,elementwise,omega_elementwise_r3_n4_fused_multiply_o0_o1__multiply_o2_o3__add_s0_s1,256000,unpacked|unpacked|unpacked|unpacked,[1000, 8, 32]
1606,0,1,5618,RoPE,elementwise,omega_elementwise_r3_n4_fused_multiply_o0_o1__multiply_o2_o3__subtract_s0_s1,256000,unpacked|unpacked|unpacked|unpacked,[1000, 8, 32]
1607,0,1,5612,RoPE,elementwise,omega_elementwise_r3_n4_fused_multiply_o0_o1__multiply_o2_o3__subtract_s0_s1,512000,unpacked|unpacked|unpacked|unpacked,[1000, 16, 32]
1608,0,1,5615,RoPE,elementwise,omega_elementwise_r3_n4_fused_multiply_o0_o1__multiply_o2_o3__add_s0_s1,512000,unpacked|unpacked|unpacked|unpacked,[1000, 16, 32]
1609,0,1,5654,cached attention partial,cached_attention,omega_cached_attention_q1000_c1024_n1000_h8_g2_d64_s3c800000_ln9223372036854775808_up0_cb,2048000,unpacked|unpacked|unpacked|unpacked|unpacked|unpacked|unpacked|unpacked|unpacked,[1000, 8, 2, 64]
1610,0,1,5658,matvec Q8_0,keep::reduce fold,omega_reduce_r5_o2_n2_multiply_add_zero_epi2_fused_identity_o2__multiply_s0_o1__add_s1_o0,1024000,Q8_0|unpacked,[1000, 8, 2, 64, 1024]
1611,0,1,5666,RMSNorm sumsq + fused epilogue,keep::reduce fold,omega_reduce_r2_o1_n2_multiply_add_zero_epi4_fused_identity_o4__multiply_s0_o3__add_s1_o2__square_root_s2__reciprocal_s3__multiply_s4_o1__multiply_s5_o0,256000,unpacked|unpacked,[1000, 1024]
1612,0,1,5668,matvec f32,keep::reduce fold,omega_reduce_r3_o2_n2_multiply_add_zero,4096,unpacked|unpacked,[1000, 1024, 32]
1613,0,1,5669,iota,iota,omega_iota_r1,32,,[32]
1614,0,1,5670,constant,constant,omega_constant_r0_vff800000,1,,[]
1615,0,1,5671,softmax max,keep::reduce fold,omega_reduce_r2_o1_n1_identity_maximum_negative_infinity,32000,unpacked,[1000, 32]
1616,0,1,5672,elementwise equal,elementwise,omega_elementwise_r2_n2_equal,32000,unpacked|unpacked,[1000, 32]
1617,0,1,5674,softmax max,keep::reduce fold,omega_reduce_r2_o1_n2_multiply_maximum_zero,32000,unpacked|unpacked,[1000, 32]
1618,0,1,5678,matvec Q8_0,keep::reduce fold,omega_reduce_r3_o2_n2_multiply_add_zero_g10,2048,Q8_0|unpacked,[1000, 1024, 512]
1619,0,1,5686,matvec Q8_0,keep::reduce fold,omega_reduce_r3_o2_n2_multiply_add_zero_epi3_fused_identity_o3__negate_o2__exponential_s1__add_s2_o1__reciprocal_s3__multiply_s4_o0__multiply_s0_s5_g10,2048,Q8_0|unpacked,[1000, 1024, 512]
1620,0,1,5676,softmax exp,elementwise,omega_elementwise_r1_n2_fused_subtract_o0_o1__exponential_s0,1000,unpacked|unpacked,[1000]
1621,0,1,5690,elementwise select,elementwise,omega_elementwise_r2_n3_select,32000,unpacked|unpacked|unpacked,[1000, 32]
1622,0,1,5691,softmax max,keep::reduce fold,omega_reduce_r2_o1_n1_identity_maximum_negative_infinity,32000,unpacked,[1000, 32]
1623,0,1,5692,elementwise equal,elementwise,omega_elementwise_r2_n2_equal,32000,unpacked|unpacked,[1000, 32]
1624,0,1,5694,softmax max,keep::reduce fold,omega_reduce_r2_o1_n2_multiply_maximum_zero,32000,unpacked|unpacked,[1000, 32]
1625,0,1,5698,matvec Q8_0,keep::reduce fold,omega_reduce_r3_o2_n2_multiply_add_zero_g10,2048,Q8_0|unpacked,[1000, 1024, 512]
1626,0,1,5706,matvec Q8_0,keep::reduce fold,omega_reduce_r3_o2_n2_multiply_add_zero_epi3_fused_identity_o3__negate_o2__exponential_s1__add_s2_o1__reciprocal_s3__multiply_s4_o0__multiply_s0_s5_g10,2048,Q8_0|unpacked,[1000, 1024, 512]
1627,0,1,5708,matvec Q8_0,keep::reduce fold,omega_reduce_r3_o2_n2_multiply_add_zero_g10,4096,Q8_0|unpacked,[1000, 512, 1024]
1628,0,1,5696,softmax exp,elementwise,omega_elementwise_r1_n2_fused_subtract_o0_o1__exponential_s0,1000,unpacked|unpacked,[1000]
1629,0,1,5712,elementwise select,elementwise,omega_elementwise_r2_n3_select,32000,unpacked|unpacked|unpacked,[1000, 32]
1630,0,1,5713,softmax max,keep::reduce fold,omega_reduce_r2_o1_n1_identity_maximum_negative_infinity,32000,unpacked,[1000, 32]
1631,0,1,5714,elementwise equal,elementwise,omega_elementwise_r2_n2_equal,32000,unpacked|unpacked,[1000, 32]
1632,0,1,5716,softmax max,keep::reduce fold,omega_reduce_r2_o1_n2_multiply_maximum_zero,32000,unpacked|unpacked,[1000, 32]
1633,0,1,5720,matvec Q8_0,keep::reduce fold,omega_reduce_r3_o2_n2_multiply_add_zero_g10,2048,Q8_0|unpacked,[1000, 1024, 512]
1634,0,1,5728,matvec Q8_0,keep::reduce fold,omega_reduce_r3_o2_n2_multiply_add_zero_epi3_fused_identity_o3__negate_o2__exponential_s1__add_s2_o1__reciprocal_s3__multiply_s4_o0__multiply_s0_s5_g10,2048,Q8_0|unpacked,[1000, 1024, 512]
1635,0,1,5730,matvec Q8_0,keep::reduce fold,omega_reduce_r3_o2_n2_multiply_add_zero_g10,4096,Q8_0|unpacked,[1000, 512, 1024]
1636,0,1,5718,softmax exp,elementwise,omega_elementwise_r1_n2_fused_subtract_o0_o1__exponential_s0,1000,unpacked|unpacked,[1000]
1637,0,1,5734,elementwise select,elementwise,omega_elementwise_r2_n3_select,32000,unpacked|unpacked|unpacked,[1000, 32]
1638,0,1,5735,softmax max,keep::reduce fold,omega_reduce_r2_o1_n1_identity_maximum_negative_infinity,32000,unpacked,[1000, 32]
1639,0,1,5736,elementwise equal,elementwise,omega_elementwise_r2_n2_equal,32000,unpacked|unpacked,[1000, 32]
1640,0,1,5738,softmax max,keep::reduce fold,omega_reduce_r2_o1_n2_multiply_maximum_zero,32000,unpacked|unpacked,[1000, 32]
1641,0,1,5742,matvec Q8_0,keep::reduce fold,omega_reduce_r3_o2_n2_multiply_add_zero_g10,2048,Q8_0|unpacked,[1000, 1024, 512]
1642,0,1,5750,matvec Q8_0,keep::reduce fold,omega_reduce_r3_o2_n2_multiply_add_zero_epi3_fused_identity_o3__negate_o2__exponential_s1__add_s2_o1__reciprocal_s3__multiply_s4_o0__multiply_s0_s5_g10,2048,Q8_0|unpacked,[1000, 1024, 512]
1643,0,1,5752,matvec Q8_0,keep::reduce fold,omega_reduce_r3_o2_n2_multiply_add_zero_g10,4096,Q8_0|unpacked,[1000, 512, 1024]
1644,0,1,5740,softmax exp,elementwise,omega_elementwise_r1_n2_fused_subtract_o0_o1__exponential_s0,1000,unpacked|unpacked,[1000]
1645,0,1,5756,elementwise select,elementwise,omega_elementwise_r2_n3_select,32000,unpacked|unpacked|unpacked,[1000, 32]
1646,0,1,5757,softmax max,keep::reduce fold,omega_reduce_r2_o1_n1_identity_maximum_negative_infinity,32000,unpacked,[1000, 32]
1647,0,1,5758,elementwise equal,elementwise,omega_elementwise_r2_n2_equal,32000,unpacked|unpacked,[1000, 32]
1648,0,1,5760,softmax max,keep::reduce fold,omega_reduce_r2_o1_n2_multiply_maximum_zero,32000,unpacked|unpacked,[1000, 32]
1649,0,1,5764,matvec Q8_0,keep::reduce fold,omega_reduce_r3_o2_n2_multiply_add_zero_g10,2048,Q8_0|unpacked,[1000, 1024, 512]
1650,0,1,5772,matvec Q8_0,keep::reduce fold,omega_reduce_r3_o2_n2_multiply_add_zero_epi3_fused_identity_o3__negate_o2__exponential_s1__add_s2_o1__reciprocal_s3__multiply_s4_o0__multiply_s0_s5_g10,2048,Q8_0|unpacked,[1000, 1024, 512]
1651,0,1,5774,matvec Q8_0,keep::reduce fold,omega_reduce_r3_o2_n2_multiply_add_zero_g10,4096,Q8_0|unpacked,[1000, 512, 1024]
1652,0,1,5762,softmax exp,elementwise,omega_elementwise_r1_n2_fused_subtract_o0_o1__exponential_s0,1000,unpacked|unpacked,[1000]
1653,0,1,5778,elementwise select,elementwise,omega_elementwise_r2_n3_select,32000,unpacked|unpacked|unpacked,[1000, 32]
1654,0,1,5779,softmax max,keep::reduce fold,omega_reduce_r2_o1_n1_identity_maximum_negative_infinity,32000,unpacked,[1000, 32]
1655,0,1,5780,elementwise equal,elementwise,omega_elementwise_r2_n2_equal,32000,unpacked|unpacked,[1000, 32]
1656,0,1,5782,softmax max,keep::reduce fold,omega_reduce_r2_o1_n2_multiply_maximum_zero,32000,unpacked|unpacked,[1000, 32]
1657,0,1,5786,matvec Q8_0,keep::reduce fold,omega_reduce_r3_o2_n2_multiply_add_zero_g10,2048,Q8_0|unpacked,[1000, 1024, 512]
1658,0,1,5794,matvec Q8_0,keep::reduce fold,omega_reduce_r3_o2_n2_multiply_add_zero_epi3_fused_identity_o3__negate_o2__exponential_s1__add_s2_o1__reciprocal_s3__multiply_s4_o0__multiply_s0_s5_g10,2048,Q8_0|unpacked,[1000, 1024, 512]
1659,0,1,5796,matvec Q8_0,keep::reduce fold,omega_reduce_r3_o2_n2_multiply_add_zero_g10,4096,Q8_0|unpacked,[1000, 512, 1024]
1660,0,1,5784,softmax exp,elementwise,omega_elementwise_r1_n2_fused_subtract_o0_o1__exponential_s0,1000,unpacked|unpacked,[1000]
1661,0,1,5800,elementwise select,elementwise,omega_elementwise_r2_n3_select,32000,unpacked|unpacked|unpacked,[1000, 32]
1662,0,1,5801,softmax max,keep::reduce fold,omega_reduce_r2_o1_n1_identity_maximum_negative_infinity,32000,unpacked,[1000, 32]
1663,0,1,5802,elementwise equal,elementwise,omega_elementwise_r2_n2_equal,32000,unpacked|unpacked,[1000, 32]
1664,0,1,5804,softmax max,keep::reduce fold,omega_reduce_r2_o1_n2_multiply_maximum_zero,32000,unpacked|unpacked,[1000, 32]
1665,0,1,5808,matvec Q8_0,keep::reduce fold,omega_reduce_r3_o2_n2_multiply_add_zero_g10,2048,Q8_0|unpacked,[1000, 1024, 512]
1666,0,1,5816,matvec Q8_0,keep::reduce fold,omega_reduce_r3_o2_n2_multiply_add_zero_epi3_fused_identity_o3__negate_o2__exponential_s1__add_s2_o1__reciprocal_s3__multiply_s4_o0__multiply_s0_s5_g10,2048,Q8_0|unpacked,[1000, 1024, 512]
1667,0,1,5818,matvec Q8_0,keep::reduce fold,omega_reduce_r3_o2_n2_multiply_add_zero_g10,4096,Q8_0|unpacked,[1000, 512, 1024]
1668,0,1,5806,softmax exp,elementwise,omega_elementwise_r1_n2_fused_subtract_o0_o1__exponential_s0,1000,unpacked|unpacked,[1000]
1669,0,1,5822,elementwise select,elementwise,omega_elementwise_r2_n3_select,32000,unpacked|unpacked|unpacked,[1000, 32]
1670,0,1,5823,softmax max,keep::reduce fold,omega_reduce_r2_o1_n1_identity_maximum_negative_infinity,32000,unpacked,[1000, 32]
1671,0,1,5826,softmax max,keep::reduce fold,omega_reduce_r2_o1_n3_fused_equal_o1_o2__multiply_s0_o0_maximum_zero,32000,unpacked|unpacked|unpacked,[1000, 32]
1672,0,1,5830,matvec Q8_0,keep::reduce fold,omega_reduce_r3_o2_n2_multiply_add_zero_g10,2048,Q8_0|unpacked,[1000, 1024, 512]
1673,0,1,5838,matvec Q8_0,keep::reduce fold,omega_reduce_r3_o2_n2_multiply_add_zero_epi3_fused_identity_o3__negate_o2__exponential_s1__add_s2_o1__reciprocal_s3__multiply_s4_o0__multiply_s0_s5_g10,2048,Q8_0|unpacked,[1000, 1024, 512]
1674,0,1,5840,matvec Q8_0,keep::reduce fold,omega_reduce_r3_o2_n2_multiply_add_zero_g10,4096,Q8_0|unpacked,[1000, 512, 1024]
1675,0,1,5828,softmax exp,elementwise,omega_elementwise_r1_n2_fused_subtract_o0_o1__exponential_s0,1000,unpacked|unpacked,[1000]
1676,0,1,5847,matvec Q8_0,keep::reduce fold,omega_reduce_r3_o2_n2_multiply_add_zero_epi25_fused_identity_o25__multiply_s0_o2__multiply_o3_o4__add_s1_s2__multiply_o5_o6__add_s3_s4__multiply_o7_o8__add_s5_s6__multiply_o9_o10__add_s7_s8__multiply_o11_o12__add_s9_s10__multiply_o13_o14__add_s11_s12__multiply_o15_o16__add_s13_s14__add_o17_o18__add_s16_o19__add_s17_o20__add_s18_o21__add_s19_o22__add_s20_o23__add_s21_o24__reciprocal_s22__multiply_s15_s23__multiply_s24_o1__add_s25_o0_g10,4096,Q8_0|unpacked,[1000, 512, 1024]
1677,0,1,5868,RMSNorm sumsq + fused epilogue,keep::reduce fold,omega_reduce_r2_o1_n2_multiply_add_zero_epi4_fused_identity_o4__multiply_s0_o3__add_s1_o2__square_root_s2__reciprocal_s3__multiply_s4_o1__multiply_s5_o0,256000,unpacked|unpacked,[1000, 1024]
1678,0,1,5874,matvec Q8_0,keep::reduce fold,omega_reduce_r4_o3_n2_multiply_add_zero,512000,Q8_0|unpacked,[1000, 8, 64, 1024]
1679,0,1,5870,matvec Q8_0,keep::reduce fold,omega_reduce_r4_o3_n2_multiply_add_zero,1024000,Q8_0|unpacked,[1000, 16, 64, 1024]
1680,0,1,5872,matvec Q8_0,keep::reduce fold,omega_reduce_r4_o3_n2_multiply_add_zero,512000,Q8_0|unpacked,[1000, 8, 64, 1024]
1681,0,1,5886,RoPE,elementwise,omega_elementwise_r3_n4_fused_multiply_o0_o1__multiply_o2_o3__add_s0_s1,256000,unpacked|unpacked|unpacked|unpacked,[1000, 8, 32]
1682,0,1,5883,RoPE,elementwise,omega_elementwise_r3_n4_fused_multiply_o0_o1__multiply_o2_o3__subtract_s0_s1,256000,unpacked|unpacked|unpacked|unpacked,[1000, 8, 32]
1683,0,1,5877,RoPE,elementwise,omega_elementwise_r3_n4_fused_multiply_o0_o1__multiply_o2_o3__subtract_s0_s1,512000,unpacked|unpacked|unpacked|unpacked,[1000, 16, 32]
1684,0,1,5880,RoPE,elementwise,omega_elementwise_r3_n4_fused_multiply_o0_o1__multiply_o2_o3__add_s0_s1,512000,unpacked|unpacked|unpacked|unpacked,[1000, 16, 32]
1685,0,1,5919,cached attention partial,cached_attention,omega_cached_attention_q1000_c1024_n1000_h8_g2_d64_s3c800000_ln9223372036854775808_up0_cb,2048000,unpacked|unpacked|unpacked|unpacked|unpacked|unpacked|unpacked|unpacked|unpacked,[1000, 8, 2, 64]
1686,0,1,5923,matvec Q8_0,keep::reduce fold,omega_reduce_r5_o2_n2_multiply_add_zero_epi2_fused_identity_o2__multiply_s0_o1__add_s1_o0,1024000,Q8_0|unpacked,[1000, 8, 2, 64, 1024]
1687,0,1,5931,RMSNorm sumsq + fused epilogue,keep::reduce fold,omega_reduce_r2_o1_n2_multiply_add_zero_epi4_fused_identity_o4__multiply_s0_o3__add_s1_o2__square_root_s2__reciprocal_s3__multiply_s4_o1__multiply_s5_o0,256000,unpacked|unpacked,[1000, 1024]
1688,0,1,5933,matvec f32,keep::reduce fold,omega_reduce_r3_o2_n2_multiply_add_zero,4096,unpacked|unpacked,[1000, 1024, 32]
1689,0,1,5934,iota,iota,omega_iota_r1,32,,[32]
1690,0,1,5935,constant,constant,omega_constant_r0_vff800000,1,,[]
1691,0,1,5936,softmax max,keep::reduce fold,omega_reduce_r2_o1_n1_identity_maximum_negative_infinity,32000,unpacked,[1000, 32]
1692,0,1,5937,elementwise equal,elementwise,omega_elementwise_r2_n2_equal,32000,unpacked|unpacked,[1000, 32]
1693,0,1,5939,softmax max,keep::reduce fold,omega_reduce_r2_o1_n2_multiply_maximum_zero,32000,unpacked|unpacked,[1000, 32]
1694,0,1,5943,matvec Q8_0,keep::reduce fold,omega_reduce_r3_o2_n2_multiply_add_zero_g10,2048,Q8_0|unpacked,[1000, 1024, 512]
1695,0,1,5951,matvec Q8_0,keep::reduce fold,omega_reduce_r3_o2_n2_multiply_add_zero_epi3_fused_identity_o3__negate_o2__exponential_s1__add_s2_o1__reciprocal_s3__multiply_s4_o0__multiply_s0_s5_g10,2048,Q8_0|unpacked,[1000, 1024, 512]
1696,0,1,5941,softmax exp,elementwise,omega_elementwise_r1_n2_fused_subtract_o0_o1__exponential_s0,1000,unpacked|unpacked,[1000]
1697,0,1,5955,elementwise select,elementwise,omega_elementwise_r2_n3_select,32000,unpacked|unpacked|unpacked,[1000, 32]
1698,0,1,5956,softmax max,keep::reduce fold,omega_reduce_r2_o1_n1_identity_maximum_negative_infinity,32000,unpacked,[1000, 32]
1699,0,1,5957,elementwise equal,elementwise,omega_elementwise_r2_n2_equal,32000,unpacked|unpacked,[1000, 32]
1700,0,1,5959,softmax max,keep::reduce fold,omega_reduce_r2_o1_n2_multiply_maximum_zero,32000,unpacked|unpacked,[1000, 32]
1701,0,1,5963,matvec Q8_0,keep::reduce fold,omega_reduce_r3_o2_n2_multiply_add_zero_g10,2048,Q8_0|unpacked,[1000, 1024, 512]
1702,0,1,5971,matvec Q8_0,keep::reduce fold,omega_reduce_r3_o2_n2_multiply_add_zero_epi3_fused_identity_o3__negate_o2__exponential_s1__add_s2_o1__reciprocal_s3__multiply_s4_o0__multiply_s0_s5_g10,2048,Q8_0|unpacked,[1000, 1024, 512]
1703,0,1,5973,matvec Q8_0,keep::reduce fold,omega_reduce_r3_o2_n2_multiply_add_zero_g10,4096,Q8_0|unpacked,[1000, 512, 1024]
1704,0,1,5961,softmax exp,elementwise,omega_elementwise_r1_n2_fused_subtract_o0_o1__exponential_s0,1000,unpacked|unpacked,[1000]
1705,0,1,5977,elementwise select,elementwise,omega_elementwise_r2_n3_select,32000,unpacked|unpacked|unpacked,[1000, 32]
1706,0,1,5978,softmax max,keep::reduce fold,omega_reduce_r2_o1_n1_identity_maximum_negative_infinity,32000,unpacked,[1000, 32]
1707,0,1,5979,elementwise equal,elementwise,omega_elementwise_r2_n2_equal,32000,unpacked|unpacked,[1000, 32]
1708,0,1,5981,softmax max,keep::reduce fold,omega_reduce_r2_o1_n2_multiply_maximum_zero,32000,unpacked|unpacked,[1000, 32]
1709,0,1,5985,matvec Q8_0,keep::reduce fold,omega_reduce_r3_o2_n2_multiply_add_zero_g10,2048,Q8_0|unpacked,[1000, 1024, 512]
1710,0,1,5993,matvec Q8_0,keep::reduce fold,omega_reduce_r3_o2_n2_multiply_add_zero_epi3_fused_identity_o3__negate_o2__exponential_s1__add_s2_o1__reciprocal_s3__multiply_s4_o0__multiply_s0_s5_g10,2048,Q8_0|unpacked,[1000, 1024, 512]
1711,0,1,5995,matvec Q8_0,keep::reduce fold,omega_reduce_r3_o2_n2_multiply_add_zero_g10,4096,Q8_0|unpacked,[1000, 512, 1024]
1712,0,1,5983,softmax exp,elementwise,omega_elementwise_r1_n2_fused_subtract_o0_o1__exponential_s0,1000,unpacked|unpacked,[1000]
1713,0,1,5999,elementwise select,elementwise,omega_elementwise_r2_n3_select,32000,unpacked|unpacked|unpacked,[1000, 32]
1714,0,1,6000,softmax max,keep::reduce fold,omega_reduce_r2_o1_n1_identity_maximum_negative_infinity,32000,unpacked,[1000, 32]
1715,0,1,6001,elementwise equal,elementwise,omega_elementwise_r2_n2_equal,32000,unpacked|unpacked,[1000, 32]
1716,0,1,6003,softmax max,keep::reduce fold,omega_reduce_r2_o1_n2_multiply_maximum_zero,32000,unpacked|unpacked,[1000, 32]
1717,0,1,6007,matvec Q8_0,keep::reduce fold,omega_reduce_r3_o2_n2_multiply_add_zero_g10,2048,Q8_0|unpacked,[1000, 1024, 512]
1718,0,1,6015,matvec Q8_0,keep::reduce fold,omega_reduce_r3_o2_n2_multiply_add_zero_epi3_fused_identity_o3__negate_o2__exponential_s1__add_s2_o1__reciprocal_s3__multiply_s4_o0__multiply_s0_s5_g10,2048,Q8_0|unpacked,[1000, 1024, 512]
1719,0,1,6017,matvec Q8_0,keep::reduce fold,omega_reduce_r3_o2_n2_multiply_add_zero_g10,4096,Q8_0|unpacked,[1000, 512, 1024]
1720,0,1,6005,softmax exp,elementwise,omega_elementwise_r1_n2_fused_subtract_o0_o1__exponential_s0,1000,unpacked|unpacked,[1000]
1721,0,1,6021,elementwise select,elementwise,omega_elementwise_r2_n3_select,32000,unpacked|unpacked|unpacked,[1000, 32]
1722,0,1,6022,softmax max,keep::reduce fold,omega_reduce_r2_o1_n1_identity_maximum_negative_infinity,32000,unpacked,[1000, 32]
1723,0,1,6023,elementwise equal,elementwise,omega_elementwise_r2_n2_equal,32000,unpacked|unpacked,[1000, 32]
1724,0,1,6025,softmax max,keep::reduce fold,omega_reduce_r2_o1_n2_multiply_maximum_zero,32000,unpacked|unpacked,[1000, 32]
1725,0,1,6029,matvec Q8_0,keep::reduce fold,omega_reduce_r3_o2_n2_multiply_add_zero_g10,2048,Q8_0|unpacked,[1000, 1024, 512]
1726,0,1,6037,matvec Q8_0,keep::reduce fold,omega_reduce_r3_o2_n2_multiply_add_zero_epi3_fused_identity_o3__negate_o2__exponential_s1__add_s2_o1__reciprocal_s3__multiply_s4_o0__multiply_s0_s5_g10,2048,Q8_0|unpacked,[1000, 1024, 512]
1727,0,1,6039,matvec Q8_0,keep::reduce fold,omega_reduce_r3_o2_n2_multiply_add_zero_g10,4096,Q8_0|unpacked,[1000, 512, 1024]
1728,0,1,6027,softmax exp,elementwise,omega_elementwise_r1_n2_fused_subtract_o0_o1__exponential_s0,1000,unpacked|unpacked,[1000]
1729,0,1,6043,elementwise select,elementwise,omega_elementwise_r2_n3_select,32000,unpacked|unpacked|unpacked,[1000, 32]
1730,0,1,6044,softmax max,keep::reduce fold,omega_reduce_r2_o1_n1_identity_maximum_negative_infinity,32000,unpacked,[1000, 32]
1731,0,1,6045,elementwise equal,elementwise,omega_elementwise_r2_n2_equal,32000,unpacked|unpacked,[1000, 32]
1732,0,1,6047,softmax max,keep::reduce fold,omega_reduce_r2_o1_n2_multiply_maximum_zero,32000,unpacked|unpacked,[1000, 32]
1733,0,1,6051,matvec Q8_0,keep::reduce fold,omega_reduce_r3_o2_n2_multiply_add_zero_g10,2048,Q8_0|unpacked,[1000, 1024, 512]
1734,0,1,6059,matvec Q8_0,keep::reduce fold,omega_reduce_r3_o2_n2_multiply_add_zero_epi3_fused_identity_o3__negate_o2__exponential_s1__add_s2_o1__reciprocal_s3__multiply_s4_o0__multiply_s0_s5_g10,2048,Q8_0|unpacked,[1000, 1024, 512]
1735,0,1,6061,matvec Q8_0,keep::reduce fold,omega_reduce_r3_o2_n2_multiply_add_zero_g10,4096,Q8_0|unpacked,[1000, 512, 1024]
1736,0,1,6049,softmax exp,elementwise,omega_elementwise_r1_n2_fused_subtract_o0_o1__exponential_s0,1000,unpacked|unpacked,[1000]
1737,0,1,6065,elementwise select,elementwise,omega_elementwise_r2_n3_select,32000,unpacked|unpacked|unpacked,[1000, 32]
1738,0,1,6066,softmax max,keep::reduce fold,omega_reduce_r2_o1_n1_identity_maximum_negative_infinity,32000,unpacked,[1000, 32]
1739,0,1,6067,elementwise equal,elementwise,omega_elementwise_r2_n2_equal,32000,unpacked|unpacked,[1000, 32]
1740,0,1,6069,softmax max,keep::reduce fold,omega_reduce_r2_o1_n2_multiply_maximum_zero,32000,unpacked|unpacked,[1000, 32]
1741,0,1,6073,matvec Q8_0,keep::reduce fold,omega_reduce_r3_o2_n2_multiply_add_zero_g10,2048,Q8_0|unpacked,[1000, 1024, 512]
1742,0,1,6081,matvec Q8_0,keep::reduce fold,omega_reduce_r3_o2_n2_multiply_add_zero_epi3_fused_identity_o3__negate_o2__exponential_s1__add_s2_o1__reciprocal_s3__multiply_s4_o0__multiply_s0_s5_g10,2048,Q8_0|unpacked,[1000, 1024, 512]
1743,0,1,6083,matvec Q8_0,keep::reduce fold,omega_reduce_r3_o2_n2_multiply_add_zero_g10,4096,Q8_0|unpacked,[1000, 512, 1024]
1744,0,1,6071,softmax exp,elementwise,omega_elementwise_r1_n2_fused_subtract_o0_o1__exponential_s0,1000,unpacked|unpacked,[1000]
1745,0,1,6087,elementwise select,elementwise,omega_elementwise_r2_n3_select,32000,unpacked|unpacked|unpacked,[1000, 32]
1746,0,1,6088,softmax max,keep::reduce fold,omega_reduce_r2_o1_n1_identity_maximum_negative_infinity,32000,unpacked,[1000, 32]
1747,0,1,6091,softmax max,keep::reduce fold,omega_reduce_r2_o1_n3_fused_equal_o1_o2__multiply_s0_o0_maximum_zero,32000,unpacked|unpacked|unpacked,[1000, 32]
1748,0,1,6095,matvec Q8_0,keep::reduce fold,omega_reduce_r3_o2_n2_multiply_add_zero_g10,2048,Q8_0|unpacked,[1000, 1024, 512]
1749,0,1,6103,matvec Q8_0,keep::reduce fold,omega_reduce_r3_o2_n2_multiply_add_zero_epi3_fused_identity_o3__negate_o2__exponential_s1__add_s2_o1__reciprocal_s3__multiply_s4_o0__multiply_s0_s5_g10,2048,Q8_0|unpacked,[1000, 1024, 512]
1750,0,1,6105,matvec Q8_0,keep::reduce fold,omega_reduce_r3_o2_n2_multiply_add_zero_g10,4096,Q8_0|unpacked,[1000, 512, 1024]
1751,0,1,6093,softmax exp,elementwise,omega_elementwise_r1_n2_fused_subtract_o0_o1__exponential_s0,1000,unpacked|unpacked,[1000]
1752,0,1,6112,matvec Q8_0,keep::reduce fold,omega_reduce_r3_o2_n2_multiply_add_zero_epi25_fused_identity_o25__multiply_s0_o2__multiply_o3_o4__add_s1_s2__multiply_o5_o6__add_s3_s4__multiply_o7_o8__add_s5_s6__multiply_o9_o10__add_s7_s8__multiply_o11_o12__add_s9_s10__multiply_o13_o14__add_s11_s12__multiply_o15_o16__add_s13_s14__add_o17_o18__add_s16_o19__add_s17_o20__add_s18_o21__add_s19_o22__add_s20_o23__add_s21_o24__reciprocal_s22__multiply_s15_s23__multiply_s24_o1__add_s25_o0_g10,4096,Q8_0|unpacked,[1000, 512, 1024]
1753,0,1,6133,RMSNorm sumsq + fused epilogue,keep::reduce fold,omega_reduce_r2_o1_n2_multiply_add_zero_epi4_fused_identity_o4__multiply_s0_o3__add_s1_o2__square_root_s2__reciprocal_s3__multiply_s4_o1__multiply_s5_o0,256000,unpacked|unpacked,[1000, 1024]
1754,0,1,6139,matvec Q8_0,keep::reduce fold,omega_reduce_r4_o3_n2_multiply_add_zero,512000,Q8_0|unpacked,[1000, 8, 64, 1024]
1755,0,1,6135,matvec Q8_0,keep::reduce fold,omega_reduce_r4_o3_n2_multiply_add_zero,1024000,Q8_0|unpacked,[1000, 16, 64, 1024]
1756,0,1,6137,matvec Q8_0,keep::reduce fold,omega_reduce_r4_o3_n2_multiply_add_zero,512000,Q8_0|unpacked,[1000, 8, 64, 1024]
1757,0,1,6151,RoPE,elementwise,omega_elementwise_r3_n4_fused_multiply_o0_o1__multiply_o2_o3__add_s0_s1,256000,unpacked|unpacked|unpacked|unpacked,[1000, 8, 32]
1758,0,1,6148,RoPE,elementwise,omega_elementwise_r3_n4_fused_multiply_o0_o1__multiply_o2_o3__subtract_s0_s1,256000,unpacked|unpacked|unpacked|unpacked,[1000, 8, 32]
1759,0,1,6142,RoPE,elementwise,omega_elementwise_r3_n4_fused_multiply_o0_o1__multiply_o2_o3__subtract_s0_s1,512000,unpacked|unpacked|unpacked|unpacked,[1000, 16, 32]
1760,0,1,6145,RoPE,elementwise,omega_elementwise_r3_n4_fused_multiply_o0_o1__multiply_o2_o3__add_s0_s1,512000,unpacked|unpacked|unpacked|unpacked,[1000, 16, 32]
1761,0,1,6184,cached attention partial,cached_attention,omega_cached_attention_q1000_c1024_n1000_h8_g2_d64_s3c800000_ln9223372036854775808_up0_cb,2048000,unpacked|unpacked|unpacked|unpacked|unpacked|unpacked|unpacked|unpacked|unpacked,[1000, 8, 2, 64]
1762,0,1,6188,matvec Q8_0,keep::reduce fold,omega_reduce_r5_o2_n2_multiply_add_zero_epi2_fused_identity_o2__multiply_s0_o1__add_s1_o0,1024000,Q8_0|unpacked,[1000, 8, 2, 64, 1024]
1763,0,1,6196,RMSNorm sumsq + fused epilogue,keep::reduce fold,omega_reduce_r2_o1_n2_multiply_add_zero_epi4_fused_identity_o4__multiply_s0_o3__add_s1_o2__square_root_s2__reciprocal_s3__multiply_s4_o1__multiply_s5_o0,256000,unpacked|unpacked,[1000, 1024]
1764,0,1,6198,matvec f32,keep::reduce fold,omega_reduce_r3_o2_n2_multiply_add_zero,4096,unpacked|unpacked,[1000, 1024, 32]
1765,0,1,6199,iota,iota,omega_iota_r1,32,,[32]
1766,0,1,6200,constant,constant,omega_constant_r0_vff800000,1,,[]
1767,0,1,6201,softmax max,keep::reduce fold,omega_reduce_r2_o1_n1_identity_maximum_negative_infinity,32000,unpacked,[1000, 32]
1768,0,1,6202,elementwise equal,elementwise,omega_elementwise_r2_n2_equal,32000,unpacked|unpacked,[1000, 32]
1769,0,1,6204,softmax max,keep::reduce fold,omega_reduce_r2_o1_n2_multiply_maximum_zero,32000,unpacked|unpacked,[1000, 32]
1770,0,1,6208,matvec Q8_0,keep::reduce fold,omega_reduce_r3_o2_n2_multiply_add_zero_g10,2048,Q8_0|unpacked,[1000, 1024, 512]
1771,0,1,6216,matvec Q8_0,keep::reduce fold,omega_reduce_r3_o2_n2_multiply_add_zero_epi3_fused_identity_o3__negate_o2__exponential_s1__add_s2_o1__reciprocal_s3__multiply_s4_o0__multiply_s0_s5_g10,2048,Q8_0|unpacked,[1000, 1024, 512]
1772,0,1,6206,softmax exp,elementwise,omega_elementwise_r1_n2_fused_subtract_o0_o1__exponential_s0,1000,unpacked|unpacked,[1000]
1773,0,1,6220,elementwise select,elementwise,omega_elementwise_r2_n3_select,32000,unpacked|unpacked|unpacked,[1000, 32]
1774,0,1,6221,softmax max,keep::reduce fold,omega_reduce_r2_o1_n1_identity_maximum_negative_infinity,32000,unpacked,[1000, 32]
1775,0,1,6222,elementwise equal,elementwise,omega_elementwise_r2_n2_equal,32000,unpacked|unpacked,[1000, 32]
1776,0,1,6224,softmax max,keep::reduce fold,omega_reduce_r2_o1_n2_multiply_maximum_zero,32000,unpacked|unpacked,[1000, 32]
1777,0,1,6228,matvec Q8_0,keep::reduce fold,omega_reduce_r3_o2_n2_multiply_add_zero_g10,2048,Q8_0|unpacked,[1000, 1024, 512]
1778,0,1,6236,matvec Q8_0,keep::reduce fold,omega_reduce_r3_o2_n2_multiply_add_zero_epi3_fused_identity_o3__negate_o2__exponential_s1__add_s2_o1__reciprocal_s3__multiply_s4_o0__multiply_s0_s5_g10,2048,Q8_0|unpacked,[1000, 1024, 512]
1779,0,1,6238,matvec Q8_0,keep::reduce fold,omega_reduce_r3_o2_n2_multiply_add_zero_g10,4096,Q8_0|unpacked,[1000, 512, 1024]
1780,0,1,6226,softmax exp,elementwise,omega_elementwise_r1_n2_fused_subtract_o0_o1__exponential_s0,1000,unpacked|unpacked,[1000]
1781,0,1,6242,elementwise select,elementwise,omega_elementwise_r2_n3_select,32000,unpacked|unpacked|unpacked,[1000, 32]
1782,0,1,6243,softmax max,keep::reduce fold,omega_reduce_r2_o1_n1_identity_maximum_negative_infinity,32000,unpacked,[1000, 32]
1783,0,1,6244,elementwise equal,elementwise,omega_elementwise_r2_n2_equal,32000,unpacked|unpacked,[1000, 32]
1784,0,1,6246,softmax max,keep::reduce fold,omega_reduce_r2_o1_n2_multiply_maximum_zero,32000,unpacked|unpacked,[1000, 32]
1785,0,1,6250,matvec Q8_0,keep::reduce fold,omega_reduce_r3_o2_n2_multiply_add_zero_g10,2048,Q8_0|unpacked,[1000, 1024, 512]
1786,0,1,6258,matvec Q8_0,keep::reduce fold,omega_reduce_r3_o2_n2_multiply_add_zero_epi3_fused_identity_o3__negate_o2__exponential_s1__add_s2_o1__reciprocal_s3__multiply_s4_o0__multiply_s0_s5_g10,2048,Q8_0|unpacked,[1000, 1024, 512]
1787,0,1,6260,matvec Q8_0,keep::reduce fold,omega_reduce_r3_o2_n2_multiply_add_zero_g10,4096,Q8_0|unpacked,[1000, 512, 1024]
1788,0,1,6248,softmax exp,elementwise,omega_elementwise_r1_n2_fused_subtract_o0_o1__exponential_s0,1000,unpacked|unpacked,[1000]
1789,0,1,6264,elementwise select,elementwise,omega_elementwise_r2_n3_select,32000,unpacked|unpacked|unpacked,[1000, 32]
1790,0,1,6265,softmax max,keep::reduce fold,omega_reduce_r2_o1_n1_identity_maximum_negative_infinity,32000,unpacked,[1000, 32]
1791,0,1,6266,elementwise equal,elementwise,omega_elementwise_r2_n2_equal,32000,unpacked|unpacked,[1000, 32]
1792,0,1,6268,softmax max,keep::reduce fold,omega_reduce_r2_o1_n2_multiply_maximum_zero,32000,unpacked|unpacked,[1000, 32]
1793,0,1,6272,matvec Q8_0,keep::reduce fold,omega_reduce_r3_o2_n2_multiply_add_zero_g10,2048,Q8_0|unpacked,[1000, 1024, 512]
1794,0,1,6280,matvec Q8_0,keep::reduce fold,omega_reduce_r3_o2_n2_multiply_add_zero_epi3_fused_identity_o3__negate_o2__exponential_s1__add_s2_o1__reciprocal_s3__multiply_s4_o0__multiply_s0_s5_g10,2048,Q8_0|unpacked,[1000, 1024, 512]
1795,0,1,6282,matvec Q8_0,keep::reduce fold,omega_reduce_r3_o2_n2_multiply_add_zero_g10,4096,Q8_0|unpacked,[1000, 512, 1024]
1796,0,1,6270,softmax exp,elementwise,omega_elementwise_r1_n2_fused_subtract_o0_o1__exponential_s0,1000,unpacked|unpacked,[1000]
1797,0,1,6286,elementwise select,elementwise,omega_elementwise_r2_n3_select,32000,unpacked|unpacked|unpacked,[1000, 32]
1798,0,1,6287,softmax max,keep::reduce fold,omega_reduce_r2_o1_n1_identity_maximum_negative_infinity,32000,unpacked,[1000, 32]
1799,0,1,6288,elementwise equal,elementwise,omega_elementwise_r2_n2_equal,32000,unpacked|unpacked,[1000, 32]
1800,0,1,6290,softmax max,keep::reduce fold,omega_reduce_r2_o1_n2_multiply_maximum_zero,32000,unpacked|unpacked,[1000, 32]
1801,0,1,6294,matvec Q8_0,keep::reduce fold,omega_reduce_r3_o2_n2_multiply_add_zero_g10,2048,Q8_0|unpacked,[1000, 1024, 512]
1802,0,1,6302,matvec Q8_0,keep::reduce fold,omega_reduce_r3_o2_n2_multiply_add_zero_epi3_fused_identity_o3__negate_o2__exponential_s1__add_s2_o1__reciprocal_s3__multiply_s4_o0__multiply_s0_s5_g10,2048,Q8_0|unpacked,[1000, 1024, 512]
1803,0,1,6304,matvec Q8_0,keep::reduce fold,omega_reduce_r3_o2_n2_multiply_add_zero_g10,4096,Q8_0|unpacked,[1000, 512, 1024]
1804,0,1,6292,softmax exp,elementwise,omega_elementwise_r1_n2_fused_subtract_o0_o1__exponential_s0,1000,unpacked|unpacked,[1000]
1805,0,1,6308,elementwise select,elementwise,omega_elementwise_r2_n3_select,32000,unpacked|unpacked|unpacked,[1000, 32]
1806,0,1,6309,softmax max,keep::reduce fold,omega_reduce_r2_o1_n1_identity_maximum_negative_infinity,32000,unpacked,[1000, 32]
1807,0,1,6310,elementwise equal,elementwise,omega_elementwise_r2_n2_equal,32000,unpacked|unpacked,[1000, 32]
1808,0,1,6312,softmax max,keep::reduce fold,omega_reduce_r2_o1_n2_multiply_maximum_zero,32000,unpacked|unpacked,[1000, 32]
1809,0,1,6316,matvec Q8_0,keep::reduce fold,omega_reduce_r3_o2_n2_multiply_add_zero_g10,2048,Q8_0|unpacked,[1000, 1024, 512]
1810,0,1,6324,matvec Q8_0,keep::reduce fold,omega_reduce_r3_o2_n2_multiply_add_zero_epi3_fused_identity_o3__negate_o2__exponential_s1__add_s2_o1__reciprocal_s3__multiply_s4_o0__multiply_s0_s5_g10,2048,Q8_0|unpacked,[1000, 1024, 512]
1811,0,1,6326,matvec Q8_0,keep::reduce fold,omega_reduce_r3_o2_n2_multiply_add_zero_g10,4096,Q8_0|unpacked,[1000, 512, 1024]
1812,0,1,6314,softmax exp,elementwise,omega_elementwise_r1_n2_fused_subtract_o0_o1__exponential_s0,1000,unpacked|unpacked,[1000]
1813,0,1,6330,elementwise select,elementwise,omega_elementwise_r2_n3_select,32000,unpacked|unpacked|unpacked,[1000, 32]
1814,0,1,6331,softmax max,keep::reduce fold,omega_reduce_r2_o1_n1_identity_maximum_negative_infinity,32000,unpacked,[1000, 32]
1815,0,1,6332,elementwise equal,elementwise,omega_elementwise_r2_n2_equal,32000,unpacked|unpacked,[1000, 32]
1816,0,1,6334,softmax max,keep::reduce fold,omega_reduce_r2_o1_n2_multiply_maximum_zero,32000,unpacked|unpacked,[1000, 32]
1817,0,1,6338,matvec Q8_0,keep::reduce fold,omega_reduce_r3_o2_n2_multiply_add_zero_g10,2048,Q8_0|unpacked,[1000, 1024, 512]
1818,0,1,6346,matvec Q8_0,keep::reduce fold,omega_reduce_r3_o2_n2_multiply_add_zero_epi3_fused_identity_o3__negate_o2__exponential_s1__add_s2_o1__reciprocal_s3__multiply_s4_o0__multiply_s0_s5_g10,2048,Q8_0|unpacked,[1000, 1024, 512]
1819,0,1,6348,matvec Q8_0,keep::reduce fold,omega_reduce_r3_o2_n2_multiply_add_zero_g10,4096,Q8_0|unpacked,[1000, 512, 1024]
1820,0,1,6336,softmax exp,elementwise,omega_elementwise_r1_n2_fused_subtract_o0_o1__exponential_s0,1000,unpacked|unpacked,[1000]
1821,0,1,6352,elementwise select,elementwise,omega_elementwise_r2_n3_select,32000,unpacked|unpacked|unpacked,[1000, 32]
1822,0,1,6353,softmax max,keep::reduce fold,omega_reduce_r2_o1_n1_identity_maximum_negative_infinity,32000,unpacked,[1000, 32]
1823,0,1,6356,softmax max,keep::reduce fold,omega_reduce_r2_o1_n3_fused_equal_o1_o2__multiply_s0_o0_maximum_zero,32000,unpacked|unpacked|unpacked,[1000, 32]
1824,0,1,6360,matvec Q8_0,keep::reduce fold,omega_reduce_r3_o2_n2_multiply_add_zero_g10,2048,Q8_0|unpacked,[1000, 1024, 512]
1825,0,1,6368,matvec Q8_0,keep::reduce fold,omega_reduce_r3_o2_n2_multiply_add_zero_epi3_fused_identity_o3__negate_o2__exponential_s1__add_s2_o1__reciprocal_s3__multiply_s4_o0__multiply_s0_s5_g10,2048,Q8_0|unpacked,[1000, 1024, 512]
1826,0,1,6370,matvec Q8_0,keep::reduce fold,omega_reduce_r3_o2_n2_multiply_add_zero_g10,4096,Q8_0|unpacked,[1000, 512, 1024]
1827,0,1,6358,softmax exp,elementwise,omega_elementwise_r1_n2_fused_subtract_o0_o1__exponential_s0,1000,unpacked|unpacked,[1000]
1828,0,1,6377,matvec Q8_0,keep::reduce fold,omega_reduce_r3_o2_n2_multiply_add_zero_epi25_fused_identity_o25__multiply_s0_o2__multiply_o3_o4__add_s1_s2__multiply_o5_o6__add_s3_s4__multiply_o7_o8__add_s5_s6__multiply_o9_o10__add_s7_s8__multiply_o11_o12__add_s9_s10__multiply_o13_o14__add_s11_s12__multiply_o15_o16__add_s13_s14__add_o17_o18__add_s16_o19__add_s17_o20__add_s18_o21__add_s19_o22__add_s20_o23__add_s21_o24__reciprocal_s22__multiply_s15_s23__multiply_s24_o1__add_s25_o0_g10,4096,Q8_0|unpacked,[1000, 512, 1024]
1829,0,1,6386,RMSNorm sumsq + fused epilogue,keep::reduce fold,omega_reduce_r2_o1_n2_multiply_add_zero_epi4_fused_identity_o4__multiply_s0_o3__add_s1_o2__square_root_s2__reciprocal_s3__multiply_s4_o1__multiply_s5_o0,256000,unpacked|unpacked,[1000, 1024]
1830,0,1,6388,elementwise identity_g1,elementwise,omega_elementwise_r2_n1_identity_g1,1024,unpacked,[1, 1024]
1831,0,1,6392,constant,constant,omega_constant_r0_v3e2aaaab,1,,[]
1832,0,1,6393,matvec Q8_0,keep::reduce fold,omega_reduce_r3_o2_n2_multiply_add_zero_epi1_fused_identity_o1__multiply_s0_o0,393248,unpacked|Q8_0,[1, 1024, 49155]
1833,0,1,6395,identity copy,elementwise,omega_elementwise_r3_n1_identity,49155,unpacked,[1, 113, 435]
1834,0,1,6396,softmax max,keep::reduce fold,omega_reduce_r3_o2_n1_identity_maximum_negative_infinity,14464,unpacked,[1, 113, 435]
1835,0,1,6397,softmax max,keep::reduce fold,omega_reduce_r2_o1_n1_identity_maximum_negative_infinity,32,unpacked,[1, 113]
1836,0,1,6399,iota,iota,omega_iota_r1,113,,[113]
1837,0,1,6400,iota,iota,omega_iota_r1,435,,[435]
1838,0,1,6401,constant,constant,omega_constant_r0_v43d98000,1,,[]
1839,0,1,6404,constant,constant,omega_constant_r0_v47400300,1,,[]
1840,0,1,6402,elementwise multiply,elementwise,omega_elementwise_r1_n2_multiply,113,unpacked|unpacked,[113]
1841,0,1,6406,UNCLASSIFIED omega_reduce_r3_o2_n5_fused_equal_o0_o1__add_o2_o3__select_s0_s1_o4_minimum_positive_infinity,keep::reduce fold,omega_reduce_r3_o2_n5_fused_equal_o0_o1__add_o2_o3__select_s0_s1_o4_minimum_positive_infinity,14464,unpacked|unpacked|unpacked|unpacked|unpacked,[1, 113, 435]
1842,0,1,6407,UNCLASSIFIED omega_reduce_r2_o1_n1_identity_minimum_positive_infinity,keep::reduce fold,omega_reduce_r2_o1_n1_identity_minimum_positive_infinity,32,unpacked,[1, 113]
1843,0,1,6408,constant,constant,omega_constant_r0_vff7fffff,1,,[]
1844,0,1,6409,constant,constant,omega_constant_r0_v7f7fffff,1,,[]
1845,0,1,6413,matvec f32,keep::reduce fold,omega_reduce_r3_o2_n4_fused_greater_o0_o1__greater_o2_o3__multiply_s0_s1_add_zero,14464,unpacked|unpacked|unpacked|unpacked,[1, 113, 435]
1846,0,1,6414,softmax sum,keep::reduce fold,omega_reduce_r2_o1_n1_identity_add_zero,32,unpacked,[1, 113]
