raw arm=gemma4_e2b.base process=0 run=0 ms_per_token=11.0410
raw arm=gemma4_e2b.base process=0 run=1 ms_per_token=10.6930
raw arm=gemma4_e2b.base process=0 run=2 ms_per_token=10.5610
raw arm=gemma4_e2b.base process=0 run=3 ms_per_token=11.4930
raw arm=gemma4_e2b.base process=0 run=4 ms_per_token=12.3370
raw arm=gemma4_e2b.base process=0 run=5 ms_per_token=12.3330
raw arm=gemma4_e2b.base process=0 run=6 ms_per_token=11.3580
raw arm=gemma4_e2b.base process=0 run=7 ms_per_token=10.6870
raw arm=gemma4_e2b.tip process=0 run=0 ms_per_token=11.0480
raw arm=gemma4_e2b.tip process=0 run=1 ms_per_token=10.9700
raw arm=gemma4_e2b.tip process=0 run=2 ms_per_token=11.1990
raw arm=gemma4_e2b.tip process=0 run=3 ms_per_token=11.3440
raw arm=gemma4_e2b.tip process=0 run=4 ms_per_token=11.0820
raw arm=gemma4_e2b.tip process=0 run=5 ms_per_token=10.6990
raw arm=gemma4_e2b.tip process=0 run=6 ms_per_token=10.7660
raw arm=gemma4_e2b.tip process=0 run=7 ms_per_token=10.9440
raw arm=gemma4_e2b.control process=0 run=0 ms_per_token=10.9600
raw arm=gemma4_e2b.control process=0 run=1 ms_per_token=11.3160
raw arm=gemma4_e2b.control process=0 run=2 ms_per_token=10.7840
raw arm=gemma4_e2b.control process=0 run=3 ms_per_token=10.8890
raw arm=gemma4_e2b.control process=0 run=4 ms_per_token=10.8170
raw arm=gemma4_e2b.control process=0 run=5 ms_per_token=10.8910
raw arm=gemma4_e2b.control process=0 run=6 ms_per_token=10.8770
raw arm=gemma4_e2b.control process=0 run=7 ms_per_token=10.8780
raw arm=granite_moe.base process=0 run=0 ms_per_token=5.8740
raw arm=granite_moe.base process=0 run=1 ms_per_token=5.5330
raw arm=granite_moe.base process=0 run=2 ms_per_token=5.4830
raw arm=granite_moe.base process=0 run=3 ms_per_token=5.5890
raw arm=granite_moe.base process=0 run=4 ms_per_token=5.5340
raw arm=granite_moe.base process=0 run=5 ms_per_token=5.5340
raw arm=granite_moe.base process=0 run=6 ms_per_token=5.5500
raw arm=granite_moe.base process=0 run=7 ms_per_token=5.5410
raw arm=granite_moe.tip process=0 run=0 ms_per_token=5.9000
raw arm=granite_moe.tip process=0 run=1 ms_per_token=5.5670
raw arm=granite_moe.tip process=0 run=2 ms_per_token=5.5550
raw arm=granite_moe.tip process=0 run=3 ms_per_token=5.5790
raw arm=granite_moe.tip process=0 run=4 ms_per_token=5.5740
raw arm=granite_moe.tip process=0 run=5 ms_per_token=5.5960
raw arm=granite_moe.tip process=0 run=6 ms_per_token=5.5000
raw arm=granite_moe.tip process=0 run=7 ms_per_token=5.5650
raw arm=granite_moe.control process=0 run=0 ms_per_token=5.9350
raw arm=granite_moe.control process=0 run=1 ms_per_token=5.5800
raw arm=granite_moe.control process=0 run=2 ms_per_token=5.5550
raw arm=granite_moe.control process=0 run=3 ms_per_token=5.5770
raw arm=granite_moe.control process=0 run=4 ms_per_token=5.5740
raw arm=granite_moe.control process=0 run=5 ms_per_token=5.5620
raw arm=granite_moe.control process=0 run=6 ms_per_token=5.5900
raw arm=granite_moe.control process=0 run=7 ms_per_token=5.5600
raw arm=gemma4_e2b.tip process=1 run=0 ms_per_token=11.1030
raw arm=gemma4_e2b.tip process=1 run=1 ms_per_token=11.4690
raw arm=gemma4_e2b.tip process=1 run=2 ms_per_token=10.8800
raw arm=gemma4_e2b.tip process=1 run=3 ms_per_token=10.8800
raw arm=gemma4_e2b.tip process=1 run=4 ms_per_token=11.1530
raw arm=gemma4_e2b.tip process=1 run=5 ms_per_token=10.8390
raw arm=gemma4_e2b.tip process=1 run=6 ms_per_token=10.8490
raw arm=gemma4_e2b.tip process=1 run=7 ms_per_token=10.8020
raw arm=gemma4_e2b.control process=1 run=0 ms_per_token=11.0780
raw arm=gemma4_e2b.control process=1 run=1 ms_per_token=10.7100
raw arm=gemma4_e2b.control process=1 run=2 ms_per_token=10.7230
raw arm=gemma4_e2b.control process=1 run=3 ms_per_token=10.7140
raw arm=gemma4_e2b.control process=1 run=4 ms_per_token=10.6520
raw arm=gemma4_e2b.control process=1 run=5 ms_per_token=10.6800
raw arm=gemma4_e2b.control process=1 run=6 ms_per_token=10.6820
raw arm=gemma4_e2b.control process=1 run=7 ms_per_token=10.7190
raw arm=gemma4_e2b.base process=1 run=0 ms_per_token=11.4300
raw arm=gemma4_e2b.base process=1 run=1 ms_per_token=10.7550
raw arm=gemma4_e2b.base process=1 run=2 ms_per_token=10.7110
raw arm=gemma4_e2b.base process=1 run=3 ms_per_token=12.3610
raw arm=gemma4_e2b.base process=1 run=4 ms_per_token=12.7140
raw arm=gemma4_e2b.base process=1 run=5 ms_per_token=12.7580
raw arm=gemma4_e2b.base process=1 run=6 ms_per_token=10.7810
raw arm=gemma4_e2b.base process=1 run=7 ms_per_token=10.7550
raw arm=granite_moe.tip process=1 run=0 ms_per_token=5.8580
raw arm=granite_moe.tip process=1 run=1 ms_per_token=5.5390
raw arm=granite_moe.tip process=1 run=2 ms_per_token=5.5480
raw arm=granite_moe.tip process=1 run=3 ms_per_token=5.5920
raw arm=granite_moe.tip process=1 run=4 ms_per_token=5.5490
raw arm=granite_moe.tip process=1 run=5 ms_per_token=5.5640
raw arm=granite_moe.tip process=1 run=6 ms_per_token=5.5330
raw arm=granite_moe.tip process=1 run=7 ms_per_token=5.5350
raw arm=granite_moe.control process=1 run=0 ms_per_token=5.9180
raw arm=granite_moe.control process=1 run=1 ms_per_token=5.5300
raw arm=granite_moe.control process=1 run=2 ms_per_token=5.5730
raw arm=granite_moe.control process=1 run=3 ms_per_token=5.5750
raw arm=granite_moe.control process=1 run=4 ms_per_token=5.5700
raw arm=granite_moe.control process=1 run=5 ms_per_token=5.5280
raw arm=granite_moe.control process=1 run=6 ms_per_token=5.5520
raw arm=granite_moe.control process=1 run=7 ms_per_token=5.6060
raw arm=granite_moe.base process=1 run=0 ms_per_token=5.8920
raw arm=granite_moe.base process=1 run=1 ms_per_token=5.5510
raw arm=granite_moe.base process=1 run=2 ms_per_token=5.5430
raw arm=granite_moe.base process=1 run=3 ms_per_token=5.5350
raw arm=granite_moe.base process=1 run=4 ms_per_token=5.5410
raw arm=granite_moe.base process=1 run=5 ms_per_token=5.5430
raw arm=granite_moe.base process=1 run=6 ms_per_token=5.5380
raw arm=granite_moe.base process=1 run=7 ms_per_token=5.5460
raw arm=gemma4_e2b.control process=2 run=0 ms_per_token=11.1670
raw arm=gemma4_e2b.control process=2 run=1 ms_per_token=11.7190
raw arm=gemma4_e2b.control process=2 run=2 ms_per_token=11.6430
raw arm=gemma4_e2b.control process=2 run=3 ms_per_token=11.6530
raw arm=gemma4_e2b.control process=2 run=4 ms_per_token=11.3630
raw arm=gemma4_e2b.control process=2 run=5 ms_per_token=11.1780
raw arm=gemma4_e2b.control process=2 run=6 ms_per_token=11.0080
raw arm=gemma4_e2b.control process=2 run=7 ms_per_token=11.4790
raw arm=gemma4_e2b.base process=2 run=0 ms_per_token=11.5460
raw arm=gemma4_e2b.base process=2 run=1 ms_per_token=11.9330
raw arm=gemma4_e2b.base process=2 run=2 ms_per_token=11.6850
raw arm=gemma4_e2b.base process=2 run=3 ms_per_token=11.7990
raw arm=gemma4_e2b.base process=2 run=4 ms_per_token=11.9480
raw arm=gemma4_e2b.base process=2 run=5 ms_per_token=11.8030
raw arm=gemma4_e2b.base process=2 run=6 ms_per_token=11.6520
raw arm=gemma4_e2b.base process=2 run=7 ms_per_token=11.9870
raw arm=gemma4_e2b.tip process=2 run=0 ms_per_token=12.0820
raw arm=gemma4_e2b.tip process=2 run=1 ms_per_token=11.2780
raw arm=gemma4_e2b.tip process=2 run=2 ms_per_token=10.7770
raw arm=gemma4_e2b.tip process=2 run=3 ms_per_token=10.7320
raw arm=gemma4_e2b.tip process=2 run=4 ms_per_token=10.9670
raw arm=gemma4_e2b.tip process=2 run=5 ms_per_token=10.7720
raw arm=gemma4_e2b.tip process=2 run=6 ms_per_token=10.7920
raw arm=gemma4_e2b.tip process=2 run=7 ms_per_token=10.6860
raw arm=granite_moe.control process=2 run=0 ms_per_token=5.9130
raw arm=granite_moe.control process=2 run=1 ms_per_token=5.6050
raw arm=granite_moe.control process=2 run=2 ms_per_token=5.5440
raw arm=granite_moe.control process=2 run=3 ms_per_token=5.5250
raw arm=granite_moe.control process=2 run=4 ms_per_token=5.5470
raw arm=granite_moe.control process=2 run=5 ms_per_token=5.5330
raw arm=granite_moe.control process=2 run=6 ms_per_token=5.5170
raw arm=granite_moe.control process=2 run=7 ms_per_token=5.5450
raw arm=granite_moe.base process=2 run=0 ms_per_token=5.8490
raw arm=granite_moe.base process=2 run=1 ms_per_token=5.5360
raw arm=granite_moe.base process=2 run=2 ms_per_token=5.4930
raw arm=granite_moe.base process=2 run=3 ms_per_token=5.5470
raw arm=granite_moe.base process=2 run=4 ms_per_token=5.5140
raw arm=granite_moe.base process=2 run=5 ms_per_token=5.5470
raw arm=granite_moe.base process=2 run=6 ms_per_token=5.5220
raw arm=granite_moe.base process=2 run=7 ms_per_token=5.5260
raw arm=granite_moe.tip process=2 run=0 ms_per_token=5.9350
raw arm=granite_moe.tip process=2 run=1 ms_per_token=5.5980
raw arm=granite_moe.tip process=2 run=2 ms_per_token=5.5850
raw arm=granite_moe.tip process=2 run=3 ms_per_token=5.5960
raw arm=granite_moe.tip process=2 run=4 ms_per_token=5.5850
raw arm=granite_moe.tip process=2 run=5 ms_per_token=5.5860
raw arm=granite_moe.tip process=2 run=6 ms_per_token=5.6190
raw arm=granite_moe.tip process=2 run=7 ms_per_token=5.5620
arm=gemma4_e2b.base metric=ms_per_token process=0 run=1 value=10.6930 outlier=false
arm=gemma4_e2b.base metric=ms_per_token process=0 run=2 value=10.5610 outlier=false
arm=gemma4_e2b.base metric=ms_per_token process=0 run=3 value=11.4930 outlier=false
arm=gemma4_e2b.base metric=ms_per_token process=0 run=4 value=12.3370 outlier=false
arm=gemma4_e2b.base metric=ms_per_token process=0 run=5 value=12.3330 outlier=false
arm=gemma4_e2b.base metric=ms_per_token process=0 run=6 value=11.3580 outlier=false
arm=gemma4_e2b.base metric=ms_per_token process=0 run=7 value=10.6870 outlier=false
arm=gemma4_e2b.base metric=ms_per_token process=1 run=1 value=10.7550 outlier=false
arm=gemma4_e2b.base metric=ms_per_token process=1 run=2 value=10.7110 outlier=false
arm=gemma4_e2b.base metric=ms_per_token process=1 run=3 value=12.3610 outlier=false
arm=gemma4_e2b.base metric=ms_per_token process=1 run=4 value=12.7140 outlier=false
arm=gemma4_e2b.base metric=ms_per_token process=1 run=5 value=12.7580 outlier=false
arm=gemma4_e2b.base metric=ms_per_token process=1 run=6 value=10.7810 outlier=false
arm=gemma4_e2b.base metric=ms_per_token process=1 run=7 value=10.7550 outlier=false
arm=gemma4_e2b.base metric=ms_per_token process=2 run=1 value=11.9330 outlier=false
arm=gemma4_e2b.base metric=ms_per_token process=2 run=2 value=11.6850 outlier=false
arm=gemma4_e2b.base metric=ms_per_token process=2 run=3 value=11.7990 outlier=false
arm=gemma4_e2b.base metric=ms_per_token process=2 run=4 value=11.9480 outlier=false
arm=gemma4_e2b.base metric=ms_per_token process=2 run=5 value=11.8030 outlier=false
arm=gemma4_e2b.base metric=ms_per_token process=2 run=6 value=11.6520 outlier=false
arm=gemma4_e2b.base metric=ms_per_token process=2 run=7 value=11.9870 outlier=false
summary arm=gemma4_e2b.base metric=ms_per_token n_all=21 median_all=11.6850 cov_all_pct=6.08 min_all=10.5610 max_all=12.7580 | n_kept=21 median_kept=11.6850 mad_kept=0.6520 cov_kept_pct=6.08 min_kept=10.5610 max_kept=12.7580
arm=gemma4_e2b.base metric=prefill_ms process=0 run=1 value=88.0000 outlier=false
arm=gemma4_e2b.base metric=prefill_ms process=0 run=2 value=90.9850 outlier=false
arm=gemma4_e2b.base metric=prefill_ms process=0 run=3 value=89.9700 outlier=false
arm=gemma4_e2b.base metric=prefill_ms process=0 run=4 value=108.9890 outlier=true
arm=gemma4_e2b.base metric=prefill_ms process=0 run=5 value=117.0570 outlier=true
arm=gemma4_e2b.base metric=prefill_ms process=0 run=6 value=100.0580 outlier=false
arm=gemma4_e2b.base metric=prefill_ms process=0 run=7 value=89.0110 outlier=false
arm=gemma4_e2b.base metric=prefill_ms process=1 run=1 value=90.9970 outlier=false
arm=gemma4_e2b.base metric=prefill_ms process=1 run=2 value=87.9770 outlier=false
arm=gemma4_e2b.base metric=prefill_ms process=1 run=3 value=88.0130 outlier=false
arm=gemma4_e2b.base metric=prefill_ms process=1 run=4 value=98.9770 outlier=false
arm=gemma4_e2b.base metric=prefill_ms process=1 run=5 value=91.0180 outlier=false
arm=gemma4_e2b.base metric=prefill_ms process=1 run=6 value=91.0530 outlier=false
arm=gemma4_e2b.base metric=prefill_ms process=1 run=7 value=88.0370 outlier=false
arm=gemma4_e2b.base metric=prefill_ms process=2 run=1 value=95.0600 outlier=false
arm=gemma4_e2b.base metric=prefill_ms process=2 run=2 value=87.0030 outlier=false
arm=gemma4_e2b.base metric=prefill_ms process=2 run=3 value=91.0390 outlier=false
arm=gemma4_e2b.base metric=prefill_ms process=2 run=4 value=92.9630 outlier=false
arm=gemma4_e2b.base metric=prefill_ms process=2 run=5 value=95.0310 outlier=false
arm=gemma4_e2b.base metric=prefill_ms process=2 run=6 value=95.0300 outlier=false
arm=gemma4_e2b.base metric=prefill_ms process=2 run=7 value=88.9460 outlier=false
summary arm=gemma4_e2b.base metric=prefill_ms n_all=21 median_all=91.0180 cov_all_pct=7.81 min_all=87.0030 max_all=117.0570 | n_kept=19 median_kept=90.9970 mad_kept=2.9600 cov_kept_pct=4.00 min_kept=87.0030 max_kept=100.0580
arm=gemma4_e2b.base metric=ttft_ms process=0 run=1 value=88.0000 outlier=false
arm=gemma4_e2b.base metric=ttft_ms process=0 run=2 value=91.0000 outlier=false
arm=gemma4_e2b.base metric=ttft_ms process=0 run=3 value=90.0000 outlier=false
arm=gemma4_e2b.base metric=ttft_ms process=0 run=4 value=109.0000 outlier=true
arm=gemma4_e2b.base metric=ttft_ms process=0 run=5 value=117.0000 outlier=true
arm=gemma4_e2b.base metric=ttft_ms process=0 run=6 value=100.0000 outlier=false
arm=gemma4_e2b.base metric=ttft_ms process=0 run=7 value=89.0000 outlier=false
arm=gemma4_e2b.base metric=ttft_ms process=1 run=1 value=91.0000 outlier=false
arm=gemma4_e2b.base metric=ttft_ms process=1 run=2 value=88.0000 outlier=false
arm=gemma4_e2b.base metric=ttft_ms process=1 run=3 value=88.0000 outlier=false
arm=gemma4_e2b.base metric=ttft_ms process=1 run=4 value=99.0000 outlier=false
arm=gemma4_e2b.base metric=ttft_ms process=1 run=5 value=91.0000 outlier=false
arm=gemma4_e2b.base metric=ttft_ms process=1 run=6 value=91.0000 outlier=false
arm=gemma4_e2b.base metric=ttft_ms process=1 run=7 value=88.0000 outlier=false
arm=gemma4_e2b.base metric=ttft_ms process=2 run=1 value=95.0000 outlier=false
arm=gemma4_e2b.base metric=ttft_ms process=2 run=2 value=87.0000 outlier=false
arm=gemma4_e2b.base metric=ttft_ms process=2 run=3 value=91.0000 outlier=false
arm=gemma4_e2b.base metric=ttft_ms process=2 run=4 value=93.0000 outlier=false
arm=gemma4_e2b.base metric=ttft_ms process=2 run=5 value=95.0000 outlier=false
arm=gemma4_e2b.base metric=ttft_ms process=2 run=6 value=95.0000 outlier=false
arm=gemma4_e2b.base metric=ttft_ms process=2 run=7 value=89.0000 outlier=false
summary arm=gemma4_e2b.base metric=ttft_ms n_all=21 median_all=91.0000 cov_all_pct=7.80 min_all=87.0000 max_all=117.0000 | n_kept=19 median_kept=91.0000 mad_kept=3.0000 cov_kept_pct=3.98 min_kept=87.0000 max_kept=100.0000
arm=gemma4_e2b.base metric=wall_ms process=0 run=1 value=1446.0110 outlier=false
arm=gemma4_e2b.base metric=wall_ms process=0 run=2 value=1432.2320 outlier=false
arm=gemma4_e2b.base metric=wall_ms process=0 run=3 value=1549.5810 outlier=false
arm=gemma4_e2b.base metric=wall_ms process=0 run=4 value=1675.7880 outlier=false
arm=gemma4_e2b.base metric=wall_ms process=0 run=5 value=1683.3480 outlier=false
arm=gemma4_e2b.base metric=wall_ms process=0 run=6 value=1542.5240 outlier=false
arm=gemma4_e2b.base metric=wall_ms process=0 run=7 value=1446.2600 outlier=false
arm=gemma4_e2b.base metric=wall_ms process=1 run=1 value=1456.8820 outlier=false
arm=gemma4_e2b.base metric=wall_ms process=1 run=2 value=1448.2740 outlier=false
arm=gemma4_e2b.base metric=wall_ms process=1 run=3 value=1657.8600 outlier=false
arm=gemma4_e2b.base metric=wall_ms process=1 run=4 value=1713.6550 outlier=false
arm=gemma4_e2b.base metric=wall_ms process=1 run=5 value=1711.2840 outlier=false
arm=gemma4_e2b.base metric=wall_ms process=1 run=6 value=1460.2400 outlier=false
arm=gemma4_e2b.base metric=wall_ms process=1 run=7 value=1453.9220 outlier=false
arm=gemma4_e2b.base metric=wall_ms process=2 run=1 value=1610.5510 outlier=false
arm=gemma4_e2b.base metric=wall_ms process=2 run=2 value=1570.9980 outlier=false
arm=gemma4_e2b.base metric=wall_ms process=2 run=3 value=1589.5120 outlier=false
arm=gemma4_e2b.base metric=wall_ms process=2 run=4 value=1610.3590 outlier=false
arm=gemma4_e2b.base metric=wall_ms process=2 run=5 value=1594.0120 outlier=false
arm=gemma4_e2b.base metric=wall_ms process=2 run=6 value=1574.8340 outlier=false
arm=gemma4_e2b.base metric=wall_ms process=2 run=7 value=1611.2950 outlier=false
summary arm=gemma4_e2b.base metric=wall_ms n_all=21 median_all=1574.8340 cov_all_pct=5.94 min_all=1432.2320 max_all=1713.6550 | n_kept=21 median_kept=1574.8340 mad_kept=100.9540 cov_kept_pct=5.94 min_kept=1432.2320 max_kept=1713.6550
arm=gemma4_e2b.base metric=tokens_generated process=0 run=1 value=128.0000 outlier=false
arm=gemma4_e2b.base metric=tokens_generated process=0 run=2 value=128.0000 outlier=false
arm=gemma4_e2b.base metric=tokens_generated process=0 run=3 value=128.0000 outlier=false
arm=gemma4_e2b.base metric=tokens_generated process=0 run=4 value=128.0000 outlier=false
arm=gemma4_e2b.base metric=tokens_generated process=0 run=5 value=128.0000 outlier=false
arm=gemma4_e2b.base metric=tokens_generated process=0 run=6 value=128.0000 outlier=false
arm=gemma4_e2b.base metric=tokens_generated process=0 run=7 value=128.0000 outlier=false
arm=gemma4_e2b.base metric=tokens_generated process=1 run=1 value=128.0000 outlier=false
arm=gemma4_e2b.base metric=tokens_generated process=1 run=2 value=128.0000 outlier=false
arm=gemma4_e2b.base metric=tokens_generated process=1 run=3 value=128.0000 outlier=false
arm=gemma4_e2b.base metric=tokens_generated process=1 run=4 value=128.0000 outlier=false
arm=gemma4_e2b.base metric=tokens_generated process=1 run=5 value=128.0000 outlier=false
arm=gemma4_e2b.base metric=tokens_generated process=1 run=6 value=128.0000 outlier=false
arm=gemma4_e2b.base metric=tokens_generated process=1 run=7 value=128.0000 outlier=false
arm=gemma4_e2b.base metric=tokens_generated process=2 run=1 value=128.0000 outlier=false
arm=gemma4_e2b.base metric=tokens_generated process=2 run=2 value=128.0000 outlier=false
arm=gemma4_e2b.base metric=tokens_generated process=2 run=3 value=128.0000 outlier=false
arm=gemma4_e2b.base metric=tokens_generated process=2 run=4 value=128.0000 outlier=false
arm=gemma4_e2b.base metric=tokens_generated process=2 run=5 value=128.0000 outlier=false
arm=gemma4_e2b.base metric=tokens_generated process=2 run=6 value=128.0000 outlier=false
arm=gemma4_e2b.base metric=tokens_generated process=2 run=7 value=128.0000 outlier=false
summary arm=gemma4_e2b.base metric=tokens_generated n_all=21 median_all=128.0000 cov_all_pct=0.00 min_all=128.0000 max_all=128.0000 | n_kept=21 median_kept=128.0000 mad_kept=0.0000 cov_kept_pct=0.00 min_kept=128.0000 max_kept=128.0000
arm=gemma4_e2b.base metric=cpu_ms process=0 run=1 value=352.2360 outlier=false
arm=gemma4_e2b.base metric=cpu_ms process=0 run=2 value=289.3330 outlier=false
arm=gemma4_e2b.base metric=cpu_ms process=0 run=3 value=450.9390 outlier=false
arm=gemma4_e2b.base metric=cpu_ms process=0 run=4 value=291.8760 outlier=false
arm=gemma4_e2b.base metric=cpu_ms process=0 run=5 value=244.4260 outlier=false
arm=gemma4_e2b.base metric=cpu_ms process=0 run=6 value=242.8160 outlier=false
arm=gemma4_e2b.base metric=cpu_ms process=0 run=7 value=255.0760 outlier=false
arm=gemma4_e2b.base metric=cpu_ms process=1 run=1 value=254.8870 outlier=false
arm=gemma4_e2b.base metric=cpu_ms process=1 run=2 value=243.4890 outlier=false
arm=gemma4_e2b.base metric=cpu_ms process=1 run=3 value=612.5160 outlier=false
arm=gemma4_e2b.base metric=cpu_ms process=1 run=4 value=684.1590 outlier=false
arm=gemma4_e2b.base metric=cpu_ms process=1 run=5 value=652.0690 outlier=false
arm=gemma4_e2b.base metric=cpu_ms process=1 run=6 value=253.5170 outlier=false
arm=gemma4_e2b.base metric=cpu_ms process=1 run=7 value=243.4550 outlier=false
arm=gemma4_e2b.base metric=cpu_ms process=2 run=1 value=592.1440 outlier=false
arm=gemma4_e2b.base metric=cpu_ms process=2 run=2 value=571.0330 outlier=false
arm=gemma4_e2b.base metric=cpu_ms process=2 run=3 value=578.3730 outlier=false
arm=gemma4_e2b.base metric=cpu_ms process=2 run=4 value=641.8260 outlier=false
arm=gemma4_e2b.base metric=cpu_ms process=2 run=5 value=570.5760 outlier=false
arm=gemma4_e2b.base metric=cpu_ms process=2 run=6 value=475.5860 outlier=false
arm=gemma4_e2b.base metric=cpu_ms process=2 run=7 value=607.2750 outlier=false
summary arm=gemma4_e2b.base metric=cpu_ms n_all=21 median_all=450.9390 cov_all_pct=38.65 min_all=242.8160 max_all=684.1590 | n_kept=21 median_kept=450.9390 mad_kept=161.6060 cov_kept_pct=38.65 min_kept=242.8160 max_kept=684.1590
arm=gemma4_e2b.base metric=cpu_pct process=0 run=1 value=24.3600 outlier=false
arm=gemma4_e2b.base metric=cpu_pct process=0 run=2 value=20.2000 outlier=false
arm=gemma4_e2b.base metric=cpu_pct process=0 run=3 value=29.1000 outlier=false
arm=gemma4_e2b.base metric=cpu_pct process=0 run=4 value=17.4200 outlier=false
arm=gemma4_e2b.base metric=cpu_pct process=0 run=5 value=14.5200 outlier=false
arm=gemma4_e2b.base metric=cpu_pct process=0 run=6 value=15.7400 outlier=false
arm=gemma4_e2b.base metric=cpu_pct process=0 run=7 value=17.6400 outlier=false
arm=gemma4_e2b.base metric=cpu_pct process=1 run=1 value=17.5000 outlier=false
arm=gemma4_e2b.base metric=cpu_pct process=1 run=2 value=16.8100 outlier=false
arm=gemma4_e2b.base metric=cpu_pct process=1 run=3 value=36.9500 outlier=false
arm=gemma4_e2b.base metric=cpu_pct process=1 run=4 value=39.9200 outlier=false
arm=gemma4_e2b.base metric=cpu_pct process=1 run=5 value=38.1000 outlier=false
arm=gemma4_e2b.base metric=cpu_pct process=1 run=6 value=17.3600 outlier=false
arm=gemma4_e2b.base metric=cpu_pct process=1 run=7 value=16.7400 outlier=false
arm=gemma4_e2b.base metric=cpu_pct process=2 run=1 value=36.7700 outlier=false
arm=gemma4_e2b.base metric=cpu_pct process=2 run=2 value=36.3500 outlier=false
arm=gemma4_e2b.base metric=cpu_pct process=2 run=3 value=36.3900 outlier=false
arm=gemma4_e2b.base metric=cpu_pct process=2 run=4 value=39.8600 outlier=false
arm=gemma4_e2b.base metric=cpu_pct process=2 run=5 value=35.7900 outlier=false
arm=gemma4_e2b.base metric=cpu_pct process=2 run=6 value=30.2000 outlier=false
arm=gemma4_e2b.base metric=cpu_pct process=2 run=7 value=37.6900 outlier=false
summary arm=gemma4_e2b.base metric=cpu_pct n_all=21 median_all=29.1000 cov_all_pct=35.04 min_all=14.5200 max_all=39.9200 | n_kept=21 median_kept=29.1000 mad_kept=9.0000 cov_kept_pct=35.04 min_kept=14.5200 max_kept=39.9200
memory arm=gemma4_e2b.base metric=peak_rss_bytes process=0 value=3631120384
memory arm=gemma4_e2b.base metric=peak_rss_bytes process=1 value=3646767104
memory arm=gemma4_e2b.base metric=peak_rss_bytes process=2 value=3635822592
summary arm=gemma4_e2b.base metric=peak_rss_bytes n=3 median=3635822592 max=3646767104
memory arm=gemma4_e2b.base metric=peak_footprint_bytes process=0 value=212314176
memory arm=gemma4_e2b.base metric=peak_footprint_bytes process=1 value=211101888
memory arm=gemma4_e2b.base metric=peak_footprint_bytes process=2 value=207005952
summary arm=gemma4_e2b.base metric=peak_footprint_bytes n=3 median=211101888 max=212314176
memory arm=gemma4_e2b.base metric=peak_gpu_bytes process=0 value=3390078976
memory arm=gemma4_e2b.base metric=peak_gpu_bytes process=1 value=3389947904
memory arm=gemma4_e2b.base metric=peak_gpu_bytes process=2 value=3389947904
summary arm=gemma4_e2b.base metric=peak_gpu_bytes n=3 median=3389947904 max=3390078976
extra arm=gemma4_e2b.base process=0 box_gpu_device_utilization_pct_before_launch=Some(76) (ioreg sampler, box-level, not this process)
extra arm=gemma4_e2b.base process=0 peers_present_at_exit=[]
extra arm=gemma4_e2b.base process=1 box_gpu_device_utilization_pct_before_launch=Some(94) (ioreg sampler, box-level, not this process)
extra arm=gemma4_e2b.base process=1 peers_present_at_exit=[]
extra arm=gemma4_e2b.base process=2 box_gpu_device_utilization_pct_before_launch=Some(91) (ioreg sampler, box-level, not this process)
extra arm=gemma4_e2b.base process=2 peers_present_at_exit=[]
arm=gemma4_e2b.tip metric=ms_per_token process=0 run=1 value=10.9700 outlier=false
arm=gemma4_e2b.tip metric=ms_per_token process=0 run=2 value=11.1990 outlier=false
arm=gemma4_e2b.tip metric=ms_per_token process=0 run=3 value=11.3440 outlier=false
arm=gemma4_e2b.tip metric=ms_per_token process=0 run=4 value=11.0820 outlier=false
arm=gemma4_e2b.tip metric=ms_per_token process=0 run=5 value=10.6990 outlier=false
arm=gemma4_e2b.tip metric=ms_per_token process=0 run=6 value=10.7660 outlier=false
arm=gemma4_e2b.tip metric=ms_per_token process=0 run=7 value=10.9440 outlier=false
arm=gemma4_e2b.tip metric=ms_per_token process=1 run=1 value=11.4690 outlier=true
arm=gemma4_e2b.tip metric=ms_per_token process=1 run=2 value=10.8800 outlier=false
arm=gemma4_e2b.tip metric=ms_per_token process=1 run=3 value=10.8800 outlier=false
arm=gemma4_e2b.tip metric=ms_per_token process=1 run=4 value=11.1530 outlier=false
arm=gemma4_e2b.tip metric=ms_per_token process=1 run=5 value=10.8390 outlier=false
arm=gemma4_e2b.tip metric=ms_per_token process=1 run=6 value=10.8490 outlier=false
arm=gemma4_e2b.tip metric=ms_per_token process=1 run=7 value=10.8020 outlier=false
arm=gemma4_e2b.tip metric=ms_per_token process=2 run=1 value=11.2780 outlier=false
arm=gemma4_e2b.tip metric=ms_per_token process=2 run=2 value=10.7770 outlier=false
arm=gemma4_e2b.tip metric=ms_per_token process=2 run=3 value=10.7320 outlier=false
arm=gemma4_e2b.tip metric=ms_per_token process=2 run=4 value=10.9670 outlier=false
arm=gemma4_e2b.tip metric=ms_per_token process=2 run=5 value=10.7720 outlier=false
arm=gemma4_e2b.tip metric=ms_per_token process=2 run=6 value=10.7920 outlier=false
arm=gemma4_e2b.tip metric=ms_per_token process=2 run=7 value=10.6860 outlier=false
summary arm=gemma4_e2b.tip metric=ms_per_token n_all=21 median_all=10.8800 cov_all_pct=2.00 min_all=10.6860 max_all=11.4690 | n_kept=20 median_kept=10.8645 mad_kept=0.1005 cov_kept_pct=1.74 min_kept=10.6860 max_kept=11.3440
arm=gemma4_e2b.tip metric=prefill_ms process=0 run=1 value=91.9820 outlier=false
arm=gemma4_e2b.tip metric=prefill_ms process=0 run=2 value=88.0180 outlier=false
arm=gemma4_e2b.tip metric=prefill_ms process=0 run=3 value=90.0050 outlier=false
arm=gemma4_e2b.tip metric=prefill_ms process=0 run=4 value=90.0580 outlier=false
arm=gemma4_e2b.tip metric=prefill_ms process=0 run=5 value=92.9530 outlier=false
arm=gemma4_e2b.tip metric=prefill_ms process=0 run=6 value=88.9660 outlier=false
arm=gemma4_e2b.tip metric=prefill_ms process=0 run=7 value=92.0020 outlier=false
arm=gemma4_e2b.tip metric=prefill_ms process=1 run=1 value=88.0190 outlier=false
arm=gemma4_e2b.tip metric=prefill_ms process=1 run=2 value=89.0050 outlier=false
arm=gemma4_e2b.tip metric=prefill_ms process=1 run=3 value=87.9690 outlier=false
arm=gemma4_e2b.tip metric=prefill_ms process=1 run=4 value=87.9680 outlier=false
arm=gemma4_e2b.tip metric=prefill_ms process=1 run=5 value=94.0460 outlier=true
arm=gemma4_e2b.tip metric=prefill_ms process=1 run=6 value=88.0510 outlier=false
arm=gemma4_e2b.tip metric=prefill_ms process=1 run=7 value=87.9760 outlier=false
arm=gemma4_e2b.tip metric=prefill_ms process=2 run=1 value=91.0380 outlier=false
arm=gemma4_e2b.tip metric=prefill_ms process=2 run=2 value=86.9820 outlier=false
arm=gemma4_e2b.tip metric=prefill_ms process=2 run=3 value=91.9990 outlier=false
arm=gemma4_e2b.tip metric=prefill_ms process=2 run=4 value=87.9520 outlier=false
arm=gemma4_e2b.tip metric=prefill_ms process=2 run=5 value=86.9900 outlier=false
arm=gemma4_e2b.tip metric=prefill_ms process=2 run=6 value=87.9790 outlier=false
arm=gemma4_e2b.tip metric=prefill_ms process=2 run=7 value=89.9430 outlier=false
summary arm=gemma4_e2b.tip metric=prefill_ms n_all=21 median_all=88.9660 cov_all_pct=2.26 min_all=86.9820 max_all=94.0460 | n_kept=20 median_kept=88.5085 mad_kept=0.9955 cov_kept_pct=2.01 min_kept=86.9820 max_kept=92.9530
arm=gemma4_e2b.tip metric=ttft_ms process=0 run=1 value=92.0000 outlier=false
arm=gemma4_e2b.tip metric=ttft_ms process=0 run=2 value=88.0000 outlier=false
arm=gemma4_e2b.tip metric=ttft_ms process=0 run=3 value=90.0000 outlier=false
arm=gemma4_e2b.tip metric=ttft_ms process=0 run=4 value=90.0000 outlier=false
arm=gemma4_e2b.tip metric=ttft_ms process=0 run=5 value=93.0000 outlier=false
arm=gemma4_e2b.tip metric=ttft_ms process=0 run=6 value=89.0000 outlier=false
arm=gemma4_e2b.tip metric=ttft_ms process=0 run=7 value=92.0000 outlier=false
arm=gemma4_e2b.tip metric=ttft_ms process=1 run=1 value=88.0000 outlier=false
arm=gemma4_e2b.tip metric=ttft_ms process=1 run=2 value=89.0000 outlier=false
arm=gemma4_e2b.tip metric=ttft_ms process=1 run=3 value=88.0000 outlier=false
arm=gemma4_e2b.tip metric=ttft_ms process=1 run=4 value=88.0000 outlier=false
arm=gemma4_e2b.tip metric=ttft_ms process=1 run=5 value=94.0000 outlier=true
arm=gemma4_e2b.tip metric=ttft_ms process=1 run=6 value=88.0000 outlier=false
arm=gemma4_e2b.tip metric=ttft_ms process=1 run=7 value=88.0000 outlier=false
arm=gemma4_e2b.tip metric=ttft_ms process=2 run=1 value=91.0000 outlier=false
arm=gemma4_e2b.tip metric=ttft_ms process=2 run=2 value=87.0000 outlier=false
arm=gemma4_e2b.tip metric=ttft_ms process=2 run=3 value=92.0000 outlier=false
arm=gemma4_e2b.tip metric=ttft_ms process=2 run=4 value=88.0000 outlier=false
arm=gemma4_e2b.tip metric=ttft_ms process=2 run=5 value=87.0000 outlier=false
arm=gemma4_e2b.tip metric=ttft_ms process=2 run=6 value=88.0000 outlier=false
arm=gemma4_e2b.tip metric=ttft_ms process=2 run=7 value=90.0000 outlier=false
summary arm=gemma4_e2b.tip metric=ttft_ms n_all=21 median_all=89.0000 cov_all_pct=2.25 min_all=87.0000 max_all=94.0000 | n_kept=20 median_kept=88.5000 mad_kept=1.0000 cov_kept_pct=2.01 min_kept=87.0000 max_kept=93.0000
arm=gemma4_e2b.tip metric=wall_ms process=0 run=1 value=1485.1720 outlier=false
arm=gemma4_e2b.tip metric=wall_ms process=0 run=2 value=1510.2910 outlier=false
arm=gemma4_e2b.tip metric=wall_ms process=0 run=3 value=1530.6930 outlier=false
arm=gemma4_e2b.tip metric=wall_ms process=0 run=4 value=1497.4720 outlier=false
arm=gemma4_e2b.tip metric=wall_ms process=0 run=5 value=1451.7260 outlier=false
arm=gemma4_e2b.tip metric=wall_ms process=0 run=6 value=1456.2480 outlier=false
arm=gemma4_e2b.tip metric=wall_ms process=0 run=7 value=1481.8900 outlier=false
arm=gemma4_e2b.tip metric=wall_ms process=1 run=1 value=1544.5820 outlier=true
arm=gemma4_e2b.tip metric=wall_ms process=1 run=2 value=1470.7650 outlier=false
arm=gemma4_e2b.tip metric=wall_ms process=1 run=3 value=1469.7290 outlier=false
arm=gemma4_e2b.tip metric=wall_ms process=1 run=4 value=1504.3990 outlier=false
arm=gemma4_e2b.tip metric=wall_ms process=1 run=5 value=1470.5990 outlier=false
arm=gemma4_e2b.tip metric=wall_ms process=1 run=6 value=1465.8740 outlier=false
arm=gemma4_e2b.tip metric=wall_ms process=1 run=7 value=1459.8300 outlier=false
arm=gemma4_e2b.tip metric=wall_ms process=2 run=1 value=1523.3440 outlier=false
arm=gemma4_e2b.tip metric=wall_ms process=2 run=2 value=1455.6610 outlier=false
arm=gemma4_e2b.tip metric=wall_ms process=2 run=3 value=1454.9630 outlier=false
arm=gemma4_e2b.tip metric=wall_ms process=2 run=4 value=1480.7610 outlier=false
arm=gemma4_e2b.tip metric=wall_ms process=2 run=5 value=1455.0340 outlier=false
arm=gemma4_e2b.tip metric=wall_ms process=2 run=6 value=1458.5630 outlier=false
arm=gemma4_e2b.tip metric=wall_ms process=2 run=7 value=1447.0650 outlier=false
summary arm=gemma4_e2b.tip metric=wall_ms n_all=21 median_all=1470.5990 cov_all_pct=1.87 min_all=1447.0650 max_all=1544.5820 | n_kept=20 median_kept=1470.1640 mad_kept=14.7555 cov_kept_pct=1.64 min_kept=1447.0650 max_kept=1530.6930
arm=gemma4_e2b.tip metric=tokens_generated process=0 run=1 value=128.0000 outlier=false
arm=gemma4_e2b.tip metric=tokens_generated process=0 run=2 value=128.0000 outlier=false
arm=gemma4_e2b.tip metric=tokens_generated process=0 run=3 value=128.0000 outlier=false
arm=gemma4_e2b.tip metric=tokens_generated process=0 run=4 value=128.0000 outlier=false
arm=gemma4_e2b.tip metric=tokens_generated process=0 run=5 value=128.0000 outlier=false
arm=gemma4_e2b.tip metric=tokens_generated process=0 run=6 value=128.0000 outlier=false
arm=gemma4_e2b.tip metric=tokens_generated process=0 run=7 value=128.0000 outlier=false
arm=gemma4_e2b.tip metric=tokens_generated process=1 run=1 value=128.0000 outlier=false
arm=gemma4_e2b.tip metric=tokens_generated process=1 run=2 value=128.0000 outlier=false
arm=gemma4_e2b.tip metric=tokens_generated process=1 run=3 value=128.0000 outlier=false
arm=gemma4_e2b.tip metric=tokens_generated process=1 run=4 value=128.0000 outlier=false
arm=gemma4_e2b.tip metric=tokens_generated process=1 run=5 value=128.0000 outlier=false
arm=gemma4_e2b.tip metric=tokens_generated process=1 run=6 value=128.0000 outlier=false
arm=gemma4_e2b.tip metric=tokens_generated process=1 run=7 value=128.0000 outlier=false
arm=gemma4_e2b.tip metric=tokens_generated process=2 run=1 value=128.0000 outlier=false
arm=gemma4_e2b.tip metric=tokens_generated process=2 run=2 value=128.0000 outlier=false
arm=gemma4_e2b.tip metric=tokens_generated process=2 run=3 value=128.0000 outlier=false
arm=gemma4_e2b.tip metric=tokens_generated process=2 run=4 value=128.0000 outlier=false
arm=gemma4_e2b.tip metric=tokens_generated process=2 run=5 value=128.0000 outlier=false
arm=gemma4_e2b.tip metric=tokens_generated process=2 run=6 value=128.0000 outlier=false
arm=gemma4_e2b.tip metric=tokens_generated process=2 run=7 value=128.0000 outlier=false
summary arm=gemma4_e2b.tip metric=tokens_generated n_all=21 median_all=128.0000 cov_all_pct=0.00 min_all=128.0000 max_all=128.0000 | n_kept=21 median_kept=128.0000 mad_kept=0.0000 cov_kept_pct=0.00 min_kept=128.0000 max_kept=128.0000
arm=gemma4_e2b.tip metric=cpu_ms process=0 run=1 value=322.1390 outlier=false
arm=gemma4_e2b.tip metric=cpu_ms process=0 run=2 value=361.2060 outlier=false
arm=gemma4_e2b.tip metric=cpu_ms process=0 run=3 value=438.4820 outlier=false
arm=gemma4_e2b.tip metric=cpu_ms process=0 run=4 value=370.6370 outlier=false
arm=gemma4_e2b.tip metric=cpu_ms process=0 run=5 value=375.6690 outlier=false
arm=gemma4_e2b.tip metric=cpu_ms process=0 run=6 value=330.6010 outlier=false
arm=gemma4_e2b.tip metric=cpu_ms process=0 run=7 value=443.9490 outlier=false
arm=gemma4_e2b.tip metric=cpu_ms process=1 run=1 value=427.0710 outlier=false
arm=gemma4_e2b.tip metric=cpu_ms process=1 run=2 value=234.3700 outlier=false
arm=gemma4_e2b.tip metric=cpu_ms process=1 run=3 value=226.8810 outlier=false
arm=gemma4_e2b.tip metric=cpu_ms process=1 run=4 value=328.5160 outlier=false
arm=gemma4_e2b.tip metric=cpu_ms process=1 run=5 value=230.3260 outlier=false
arm=gemma4_e2b.tip metric=cpu_ms process=1 run=6 value=225.0170 outlier=false
arm=gemma4_e2b.tip metric=cpu_ms process=1 run=7 value=226.0210 outlier=false
arm=gemma4_e2b.tip metric=cpu_ms process=2 run=1 value=382.2730 outlier=false
arm=gemma4_e2b.tip metric=cpu_ms process=2 run=2 value=261.0200 outlier=false
arm=gemma4_e2b.tip metric=cpu_ms process=2 run=3 value=263.6840 outlier=false
arm=gemma4_e2b.tip metric=cpu_ms process=2 run=4 value=307.1090 outlier=false
arm=gemma4_e2b.tip metric=cpu_ms process=2 run=5 value=224.8940 outlier=false
arm=gemma4_e2b.tip metric=cpu_ms process=2 run=6 value=235.2870 outlier=false
arm=gemma4_e2b.tip metric=cpu_ms process=2 run=7 value=241.5850 outlier=false
summary arm=gemma4_e2b.tip metric=cpu_ms n_all=21 median_all=307.1090 cov_all_pct=24.59 min_all=224.8940 max_all=443.9490 | n_kept=21 median_kept=307.1090 mad_kept=71.8220 cov_kept_pct=24.59 min_kept=224.8940 max_kept=443.9490
arm=gemma4_e2b.tip metric=cpu_pct process=0 run=1 value=21.6900 outlier=false
arm=gemma4_e2b.tip metric=cpu_pct process=0 run=2 value=23.9200 outlier=false
arm=gemma4_e2b.tip metric=cpu_pct process=0 run=3 value=28.6500 outlier=false
arm=gemma4_e2b.tip metric=cpu_pct process=0 run=4 value=24.7500 outlier=false
arm=gemma4_e2b.tip metric=cpu_pct process=0 run=5 value=25.8800 outlier=false
arm=gemma4_e2b.tip metric=cpu_pct process=0 run=6 value=22.7000 outlier=false
arm=gemma4_e2b.tip metric=cpu_pct process=0 run=7 value=29.9600 outlier=false
arm=gemma4_e2b.tip metric=cpu_pct process=1 run=1 value=27.6500 outlier=false
arm=gemma4_e2b.tip metric=cpu_pct process=1 run=2 value=15.9400 outlier=false
arm=gemma4_e2b.tip metric=cpu_pct process=1 run=3 value=15.4400 outlier=false
arm=gemma4_e2b.tip metric=cpu_pct process=1 run=4 value=21.8400 outlier=false
arm=gemma4_e2b.tip metric=cpu_pct process=1 run=5 value=15.6600 outlier=false
arm=gemma4_e2b.tip metric=cpu_pct process=1 run=6 value=15.3500 outlier=false
arm=gemma4_e2b.tip metric=cpu_pct process=1 run=7 value=15.4800 outlier=false
arm=gemma4_e2b.tip metric=cpu_pct process=2 run=1 value=25.0900 outlier=false
arm=gemma4_e2b.tip metric=cpu_pct process=2 run=2 value=17.9300 outlier=false
arm=gemma4_e2b.tip metric=cpu_pct process=2 run=3 value=18.1200 outlier=false
arm=gemma4_e2b.tip metric=cpu_pct process=2 run=4 value=20.7400 outlier=false
arm=gemma4_e2b.tip metric=cpu_pct process=2 run=5 value=15.4600 outlier=false
arm=gemma4_e2b.tip metric=cpu_pct process=2 run=6 value=16.1300 outlier=false
arm=gemma4_e2b.tip metric=cpu_pct process=2 run=7 value=16.6900 outlier=false
summary arm=gemma4_e2b.tip metric=cpu_pct n_all=21 median_all=20.7400 cov_all_pct=23.24 min_all=15.3500 max_all=29.9600 | n_kept=21 median_kept=20.7400 mad_kept=4.6100 cov_kept_pct=23.24 min_kept=15.3500 max_kept=29.9600
memory arm=gemma4_e2b.tip metric=peak_rss_bytes process=0 value=3638870016
memory arm=gemma4_e2b.tip metric=peak_rss_bytes process=1 value=3634511872
memory arm=gemma4_e2b.tip metric=peak_rss_bytes process=2 value=3631136768
summary arm=gemma4_e2b.tip metric=peak_rss_bytes n=3 median=3634511872 max=3638870016
memory arm=gemma4_e2b.tip metric=peak_footprint_bytes process=0 value=211856000
memory arm=gemma4_e2b.tip metric=peak_footprint_bytes process=1 value=197912832
memory arm=gemma4_e2b.tip metric=peak_footprint_bytes process=2 value=204613888
summary arm=gemma4_e2b.tip metric=peak_footprint_bytes n=3 median=204613888 max=211856000
memory arm=gemma4_e2b.tip metric=peak_gpu_bytes process=0 value=3389947904
memory arm=gemma4_e2b.tip metric=peak_gpu_bytes process=1 value=3389947904
memory arm=gemma4_e2b.tip metric=peak_gpu_bytes process=2 value=3389947904
summary arm=gemma4_e2b.tip metric=peak_gpu_bytes n=3 median=3389947904 max=3389947904
extra arm=gemma4_e2b.tip process=0 box_gpu_device_utilization_pct_before_launch=Some(94) (ioreg sampler, box-level, not this process)
extra arm=gemma4_e2b.tip process=0 peers_present_at_exit=[]
extra arm=gemma4_e2b.tip process=1 box_gpu_device_utilization_pct_before_launch=Some(93) (ioreg sampler, box-level, not this process)
extra arm=gemma4_e2b.tip process=1 peers_present_at_exit=[]
extra arm=gemma4_e2b.tip process=2 box_gpu_device_utilization_pct_before_launch=Some(89) (ioreg sampler, box-level, not this process)
extra arm=gemma4_e2b.tip process=2 peers_present_at_exit=[]
arm=gemma4_e2b.control metric=ms_per_token process=0 run=1 value=11.3160 outlier=false
arm=gemma4_e2b.control metric=ms_per_token process=0 run=2 value=10.7840 outlier=false
arm=gemma4_e2b.control metric=ms_per_token process=0 run=3 value=10.8890 outlier=false
arm=gemma4_e2b.control metric=ms_per_token process=0 run=4 value=10.8170 outlier=false
arm=gemma4_e2b.control metric=ms_per_token process=0 run=5 value=10.8910 outlier=false
arm=gemma4_e2b.control metric=ms_per_token process=0 run=6 value=10.8770 outlier=false
arm=gemma4_e2b.control metric=ms_per_token process=0 run=7 value=10.8780 outlier=false
arm=gemma4_e2b.control metric=ms_per_token process=1 run=1 value=10.7100 outlier=false
arm=gemma4_e2b.control metric=ms_per_token process=1 run=2 value=10.7230 outlier=false
arm=gemma4_e2b.control metric=ms_per_token process=1 run=3 value=10.7140 outlier=false
arm=gemma4_e2b.control metric=ms_per_token process=1 run=4 value=10.6520 outlier=false
arm=gemma4_e2b.control metric=ms_per_token process=1 run=5 value=10.6800 outlier=false
arm=gemma4_e2b.control metric=ms_per_token process=1 run=6 value=10.6820 outlier=false
arm=gemma4_e2b.control metric=ms_per_token process=1 run=7 value=10.7190 outlier=false
arm=gemma4_e2b.control metric=ms_per_token process=2 run=1 value=11.7190 outlier=true
arm=gemma4_e2b.control metric=ms_per_token process=2 run=2 value=11.6430 outlier=true
arm=gemma4_e2b.control metric=ms_per_token process=2 run=3 value=11.6530 outlier=true
arm=gemma4_e2b.control metric=ms_per_token process=2 run=4 value=11.3630 outlier=false
arm=gemma4_e2b.control metric=ms_per_token process=2 run=5 value=11.1780 outlier=false
arm=gemma4_e2b.control metric=ms_per_token process=2 run=6 value=11.0080 outlier=false
arm=gemma4_e2b.control metric=ms_per_token process=2 run=7 value=11.4790 outlier=false
summary arm=gemma4_e2b.control metric=ms_per_token n_all=21 median_all=10.8780 cov_all_pct=3.21 min_all=10.6520 max_all=11.7190 | n_kept=18 median_kept=10.8470 mad_kept=0.1350 cov_kept_pct=2.29 min_kept=10.6520 max_kept=11.4790
arm=gemma4_e2b.control metric=prefill_ms process=0 run=1 value=88.0520 outlier=false
arm=gemma4_e2b.control metric=prefill_ms process=0 run=2 value=89.0190 outlier=false
arm=gemma4_e2b.control metric=prefill_ms process=0 run=3 value=87.9820 outlier=false
arm=gemma4_e2b.control metric=prefill_ms process=0 run=4 value=88.0350 outlier=false
arm=gemma4_e2b.control metric=prefill_ms process=0 run=5 value=88.0160 outlier=false
arm=gemma4_e2b.control metric=prefill_ms process=0 run=6 value=87.9410 outlier=false
arm=gemma4_e2b.control metric=prefill_ms process=0 run=7 value=87.9670 outlier=false
arm=gemma4_e2b.control metric=prefill_ms process=1 run=1 value=87.9580 outlier=false
arm=gemma4_e2b.control metric=prefill_ms process=1 run=2 value=87.0490 outlier=false
arm=gemma4_e2b.control metric=prefill_ms process=1 run=3 value=89.0090 outlier=false
arm=gemma4_e2b.control metric=prefill_ms process=1 run=4 value=87.9980 outlier=false
arm=gemma4_e2b.control metric=prefill_ms process=1 run=5 value=89.9390 outlier=false
arm=gemma4_e2b.control metric=prefill_ms process=1 run=6 value=87.9630 outlier=false
arm=gemma4_e2b.control metric=prefill_ms process=1 run=7 value=88.9880 outlier=false
arm=gemma4_e2b.control metric=prefill_ms process=2 run=1 value=88.0130 outlier=false
arm=gemma4_e2b.control metric=prefill_ms process=2 run=2 value=89.9460 outlier=false
arm=gemma4_e2b.control metric=prefill_ms process=2 run=3 value=91.0130 outlier=false
arm=gemma4_e2b.control metric=prefill_ms process=2 run=4 value=94.9450 outlier=true
arm=gemma4_e2b.control metric=prefill_ms process=2 run=5 value=89.0330 outlier=false
arm=gemma4_e2b.control metric=prefill_ms process=2 run=6 value=87.0050 outlier=false
arm=gemma4_e2b.control metric=prefill_ms process=2 run=7 value=90.9490 outlier=false
summary arm=gemma4_e2b.control metric=prefill_ms n_all=21 median_all=88.0350 cov_all_pct=1.94 min_all=87.0050 max_all=94.9450 | n_kept=20 median_kept=88.0255 mad_kept=0.5235 cov_kept_pct=1.24 min_kept=87.0050 max_kept=91.0130
arm=gemma4_e2b.control metric=ttft_ms process=0 run=1 value=88.0000 outlier=false
arm=gemma4_e2b.control metric=ttft_ms process=0 run=2 value=89.0000 outlier=false
arm=gemma4_e2b.control metric=ttft_ms process=0 run=3 value=88.0000 outlier=false
arm=gemma4_e2b.control metric=ttft_ms process=0 run=4 value=88.0000 outlier=false
arm=gemma4_e2b.control metric=ttft_ms process=0 run=5 value=88.0000 outlier=false
arm=gemma4_e2b.control metric=ttft_ms process=0 run=6 value=88.0000 outlier=false
arm=gemma4_e2b.control metric=ttft_ms process=0 run=7 value=88.0000 outlier=false
arm=gemma4_e2b.control metric=ttft_ms process=1 run=1 value=88.0000 outlier=false
arm=gemma4_e2b.control metric=ttft_ms process=1 run=2 value=87.0000 outlier=false
arm=gemma4_e2b.control metric=ttft_ms process=1 run=3 value=89.0000 outlier=false
arm=gemma4_e2b.control metric=ttft_ms process=1 run=4 value=88.0000 outlier=false
arm=gemma4_e2b.control metric=ttft_ms process=1 run=5 value=90.0000 outlier=false
arm=gemma4_e2b.control metric=ttft_ms process=1 run=6 value=88.0000 outlier=false
arm=gemma4_e2b.control metric=ttft_ms process=1 run=7 value=89.0000 outlier=false
arm=gemma4_e2b.control metric=ttft_ms process=2 run=1 value=88.0000 outlier=false
arm=gemma4_e2b.control metric=ttft_ms process=2 run=2 value=90.0000 outlier=false
arm=gemma4_e2b.control metric=ttft_ms process=2 run=3 value=91.0000 outlier=false
arm=gemma4_e2b.control metric=ttft_ms process=2 run=4 value=95.0000 outlier=true
arm=gemma4_e2b.control metric=ttft_ms process=2 run=5 value=89.0000 outlier=false
arm=gemma4_e2b.control metric=ttft_ms process=2 run=6 value=87.0000 outlier=false
arm=gemma4_e2b.control metric=ttft_ms process=2 run=7 value=91.0000 outlier=false
summary arm=gemma4_e2b.control metric=ttft_ms n_all=21 median_all=88.0000 cov_all_pct=1.96 min_all=87.0000 max_all=95.0000 | n_kept=20 median_kept=88.0000 mad_kept=0.5000 cov_kept_pct=1.26 min_kept=87.0000 max_kept=91.0000
arm=gemma4_e2b.control metric=wall_ms process=0 run=1 value=1525.1840 outlier=false
arm=gemma4_e2b.control metric=wall_ms process=0 run=2 value=1458.5870 outlier=false
arm=gemma4_e2b.control metric=wall_ms process=0 run=3 value=1470.8850 outlier=false
arm=gemma4_e2b.control metric=wall_ms process=0 run=4 value=1461.7940 outlier=false
arm=gemma4_e2b.control metric=wall_ms process=0 run=5 value=1471.1730 outlier=false
arm=gemma4_e2b.control metric=wall_ms process=0 run=6 value=1469.3200 outlier=false
arm=gemma4_e2b.control metric=wall_ms process=0 run=7 value=1469.4730 outlier=false
arm=gemma4_e2b.control metric=wall_ms process=1 run=1 value=1448.1280 outlier=false
arm=gemma4_e2b.control metric=wall_ms process=1 run=2 value=1448.8700 outlier=false
arm=gemma4_e2b.control metric=wall_ms process=1 run=3 value=1449.6870 outlier=false
arm=gemma4_e2b.control metric=wall_ms process=1 run=4 value=1440.8020 outlier=false
arm=gemma4_e2b.control metric=wall_ms process=1 run=5 value=1446.2990 outlier=false
arm=gemma4_e2b.control metric=wall_ms process=1 run=6 value=1444.5770 outlier=false
arm=gemma4_e2b.control metric=wall_ms process=1 run=7 value=1450.3010 outlier=false
arm=gemma4_e2b.control metric=wall_ms process=2 run=1 value=1576.3260 outlier=true
arm=gemma4_e2b.control metric=wall_ms process=2 run=2 value=1568.6070 outlier=true
arm=gemma4_e2b.control metric=wall_ms process=2 run=3 value=1570.9440 outlier=true
arm=gemma4_e2b.control metric=wall_ms process=2 run=4 value=1538.0460 outlier=false
arm=gemma4_e2b.control metric=wall_ms process=2 run=5 value=1508.6390 outlier=false
arm=gemma4_e2b.control metric=wall_ms process=2 run=6 value=1485.0210 outlier=false
arm=gemma4_e2b.control metric=wall_ms process=2 run=7 value=1548.7820 outlier=false
summary arm=gemma4_e2b.control metric=wall_ms n_all=21 median_all=1469.4730 cov_all_pct=3.07 min_all=1440.8020 max_all=1576.3260 | n_kept=18 median_kept=1465.5570 mad_kept=17.0580 cov_kept_pct=2.22 min_kept=1440.8020 max_kept=1548.7820
arm=gemma4_e2b.control metric=tokens_generated process=0 run=1 value=128.0000 outlier=false
arm=gemma4_e2b.control metric=tokens_generated process=0 run=2 value=128.0000 outlier=false
arm=gemma4_e2b.control metric=tokens_generated process=0 run=3 value=128.0000 outlier=false
arm=gemma4_e2b.control metric=tokens_generated process=0 run=4 value=128.0000 outlier=false
arm=gemma4_e2b.control metric=tokens_generated process=0 run=5 value=128.0000 outlier=false
arm=gemma4_e2b.control metric=tokens_generated process=0 run=6 value=128.0000 outlier=false
arm=gemma4_e2b.control metric=tokens_generated process=0 run=7 value=128.0000 outlier=false
arm=gemma4_e2b.control metric=tokens_generated process=1 run=1 value=128.0000 outlier=false
arm=gemma4_e2b.control metric=tokens_generated process=1 run=2 value=128.0000 outlier=false
arm=gemma4_e2b.control metric=tokens_generated process=1 run=3 value=128.0000 outlier=false
arm=gemma4_e2b.control metric=tokens_generated process=1 run=4 value=128.0000 outlier=false
arm=gemma4_e2b.control metric=tokens_generated process=1 run=5 value=128.0000 outlier=false
arm=gemma4_e2b.control metric=tokens_generated process=1 run=6 value=128.0000 outlier=false
arm=gemma4_e2b.control metric=tokens_generated process=1 run=7 value=128.0000 outlier=false
arm=gemma4_e2b.control metric=tokens_generated process=2 run=1 value=128.0000 outlier=false
arm=gemma4_e2b.control metric=tokens_generated process=2 run=2 value=128.0000 outlier=false
arm=gemma4_e2b.control metric=tokens_generated process=2 run=3 value=128.0000 outlier=false
arm=gemma4_e2b.control metric=tokens_generated process=2 run=4 value=128.0000 outlier=false
arm=gemma4_e2b.control metric=tokens_generated process=2 run=5 value=128.0000 outlier=false
arm=gemma4_e2b.control metric=tokens_generated process=2 run=6 value=128.0000 outlier=false
arm=gemma4_e2b.control metric=tokens_generated process=2 run=7 value=128.0000 outlier=false
summary arm=gemma4_e2b.control metric=tokens_generated n_all=21 median_all=128.0000 cov_all_pct=0.00 min_all=128.0000 max_all=128.0000 | n_kept=21 median_kept=128.0000 mad_kept=0.0000 cov_kept_pct=0.00 min_kept=128.0000 max_kept=128.0000
arm=gemma4_e2b.control metric=cpu_ms process=0 run=1 value=393.8040 outlier=false
arm=gemma4_e2b.control metric=cpu_ms process=0 run=2 value=223.1840 outlier=false
arm=gemma4_e2b.control metric=cpu_ms process=0 run=3 value=256.9540 outlier=false
arm=gemma4_e2b.control metric=cpu_ms process=0 run=4 value=238.7910 outlier=false
arm=gemma4_e2b.control metric=cpu_ms process=0 run=5 value=219.8780 outlier=false
arm=gemma4_e2b.control metric=cpu_ms process=0 run=6 value=219.7530 outlier=false
arm=gemma4_e2b.control metric=cpu_ms process=0 run=7 value=219.8450 outlier=false
arm=gemma4_e2b.control metric=cpu_ms process=1 run=1 value=247.4790 outlier=false
arm=gemma4_e2b.control metric=cpu_ms process=1 run=2 value=245.4180 outlier=false
arm=gemma4_e2b.control metric=cpu_ms process=1 run=3 value=249.2890 outlier=false
arm=gemma4_e2b.control metric=cpu_ms process=1 run=4 value=266.4530 outlier=false
arm=gemma4_e2b.control metric=cpu_ms process=1 run=5 value=274.7230 outlier=false
arm=gemma4_e2b.control metric=cpu_ms process=1 run=6 value=257.3720 outlier=false
arm=gemma4_e2b.control metric=cpu_ms process=1 run=7 value=244.3560 outlier=false
arm=gemma4_e2b.control metric=cpu_ms process=2 run=1 value=548.4440 outlier=true
arm=gemma4_e2b.control metric=cpu_ms process=2 run=2 value=539.3700 outlier=true
arm=gemma4_e2b.control metric=cpu_ms process=2 run=3 value=529.0810 outlier=true
arm=gemma4_e2b.control metric=cpu_ms process=2 run=4 value=461.3490 outlier=true
arm=gemma4_e2b.control metric=cpu_ms process=2 run=5 value=443.4310 outlier=true
arm=gemma4_e2b.control metric=cpu_ms process=2 run=6 value=360.5620 outlier=false
arm=gemma4_e2b.control metric=cpu_ms process=2 run=7 value=528.4410 outlier=true
summary arm=gemma4_e2b.control metric=cpu_ms n_all=21 median_all=257.3720 cov_all_pct=36.46 min_all=219.7530 max_all=548.4440 | n_kept=15 median_kept=247.4790 mad_kept=18.9740 cov_kept_pct=18.66 min_kept=219.7530 max_kept=393.8040
arm=gemma4_e2b.control metric=cpu_pct process=0 run=1 value=25.8200 outlier=false
arm=gemma4_e2b.control metric=cpu_pct process=0 run=2 value=15.3000 outlier=false
arm=gemma4_e2b.control metric=cpu_pct process=0 run=3 value=17.4700 outlier=false
arm=gemma4_e2b.control metric=cpu_pct process=0 run=4 value=16.3400 outlier=false
arm=gemma4_e2b.control metric=cpu_pct process=0 run=5 value=14.9500 outlier=false
arm=gemma4_e2b.control metric=cpu_pct process=0 run=6 value=14.9600 outlier=false
arm=gemma4_e2b.control metric=cpu_pct process=0 run=7 value=14.9600 outlier=false
arm=gemma4_e2b.control metric=cpu_pct process=1 run=1 value=17.0900 outlier=false
arm=gemma4_e2b.control metric=cpu_pct process=1 run=2 value=16.9400 outlier=false
arm=gemma4_e2b.control metric=cpu_pct process=1 run=3 value=17.2000 outlier=false
arm=gemma4_e2b.control metric=cpu_pct process=1 run=4 value=18.4900 outlier=false
arm=gemma4_e2b.control metric=cpu_pct process=1 run=5 value=18.9900 outlier=false
arm=gemma4_e2b.control metric=cpu_pct process=1 run=6 value=17.8200 outlier=false
arm=gemma4_e2b.control metric=cpu_pct process=1 run=7 value=16.8500 outlier=false
arm=gemma4_e2b.control metric=cpu_pct process=2 run=1 value=34.7900 outlier=true
arm=gemma4_e2b.control metric=cpu_pct process=2 run=2 value=34.3900 outlier=true
arm=gemma4_e2b.control metric=cpu_pct process=2 run=3 value=33.6800 outlier=true
arm=gemma4_e2b.control metric=cpu_pct process=2 run=4 value=30.0000 outlier=false
arm=gemma4_e2b.control metric=cpu_pct process=2 run=5 value=29.3900 outlier=false
arm=gemma4_e2b.control metric=cpu_pct process=2 run=6 value=24.2800 outlier=false
arm=gemma4_e2b.control metric=cpu_pct process=2 run=7 value=34.1200 outlier=true
summary arm=gemma4_e2b.control metric=cpu_pct n_all=21 median_all=17.8200 cov_all_pct=33.11 min_all=14.9500 max_all=34.7900 | n_kept=17 median_kept=17.2000 mad_kept=1.7900 cov_kept_pct=24.98 min_kept=14.9500 max_kept=30.0000
memory arm=gemma4_e2b.control metric=peak_rss_bytes process=0 value=3622617088
memory arm=gemma4_e2b.control metric=peak_rss_bytes process=1 value=3637755904
memory arm=gemma4_e2b.control metric=peak_rss_bytes process=2 value=3641425920
summary arm=gemma4_e2b.control metric=peak_rss_bytes n=3 median=3637755904 max=3641425920
memory arm=gemma4_e2b.control metric=peak_footprint_bytes process=0 value=205842688
memory arm=gemma4_e2b.control metric=peak_footprint_bytes process=1 value=208234944
memory arm=gemma4_e2b.control metric=peak_footprint_bytes process=2 value=212543744
summary arm=gemma4_e2b.control metric=peak_footprint_bytes n=3 median=208234944 max=212543744
memory arm=gemma4_e2b.control metric=peak_gpu_bytes process=0 value=3389947904
memory arm=gemma4_e2b.control metric=peak_gpu_bytes process=1 value=3389947904
memory arm=gemma4_e2b.control metric=peak_gpu_bytes process=2 value=3390078976
summary arm=gemma4_e2b.control metric=peak_gpu_bytes n=3 median=3389947904 max=3390078976
extra arm=gemma4_e2b.control process=0 box_gpu_device_utilization_pct_before_launch=Some(92) (ioreg sampler, box-level, not this process)
extra arm=gemma4_e2b.control process=0 peers_present_at_exit=[]
extra arm=gemma4_e2b.control process=1 box_gpu_device_utilization_pct_before_launch=Some(94) (ioreg sampler, box-level, not this process)
extra arm=gemma4_e2b.control process=1 peers_present_at_exit=[]
extra arm=gemma4_e2b.control process=2 box_gpu_device_utilization_pct_before_launch=Some(93) (ioreg sampler, box-level, not this process)
extra arm=gemma4_e2b.control process=2 peers_present_at_exit=[]
arm=granite_moe.base metric=ms_per_token process=0 run=1 value=5.5330 outlier=false
arm=granite_moe.base metric=ms_per_token process=0 run=2 value=5.4830 outlier=true
arm=granite_moe.base metric=ms_per_token process=0 run=3 value=5.5890 outlier=true
arm=granite_moe.base metric=ms_per_token process=0 run=4 value=5.5340 outlier=false
arm=granite_moe.base metric=ms_per_token process=0 run=5 value=5.5340 outlier=false
arm=granite_moe.base metric=ms_per_token process=0 run=6 value=5.5500 outlier=false
arm=granite_moe.base metric=ms_per_token process=0 run=7 value=5.5410 outlier=false
arm=granite_moe.base metric=ms_per_token process=1 run=1 value=5.5510 outlier=false
arm=granite_moe.base metric=ms_per_token process=1 run=2 value=5.5430 outlier=false
arm=granite_moe.base metric=ms_per_token process=1 run=3 value=5.5350 outlier=false
arm=granite_moe.base metric=ms_per_token process=1 run=4 value=5.5410 outlier=false
arm=granite_moe.base metric=ms_per_token process=1 run=5 value=5.5430 outlier=false
arm=granite_moe.base metric=ms_per_token process=1 run=6 value=5.5380 outlier=false
arm=granite_moe.base metric=ms_per_token process=1 run=7 value=5.5460 outlier=false
arm=granite_moe.base metric=ms_per_token process=2 run=1 value=5.5360 outlier=false
arm=granite_moe.base metric=ms_per_token process=2 run=2 value=5.4930 outlier=true
arm=granite_moe.base metric=ms_per_token process=2 run=3 value=5.5470 outlier=false
arm=granite_moe.base metric=ms_per_token process=2 run=4 value=5.5140 outlier=false
arm=granite_moe.base metric=ms_per_token process=2 run=5 value=5.5470 outlier=false
arm=granite_moe.base metric=ms_per_token process=2 run=6 value=5.5220 outlier=false
arm=granite_moe.base metric=ms_per_token process=2 run=7 value=5.5260 outlier=false
summary arm=granite_moe.base metric=ms_per_token n_all=21 median_all=5.5380 cov_all_pct=0.38 min_all=5.4830 max_all=5.5890 | n_kept=18 median_kept=5.5395 mad_kept=0.0060 cov_kept_pct=0.17 min_kept=5.5140 max_kept=5.5510
arm=granite_moe.base metric=prefill_ms process=0 run=1 value=41.9790 outlier=false
arm=granite_moe.base metric=prefill_ms process=0 run=2 value=42.0390 outlier=false
arm=granite_moe.base metric=prefill_ms process=0 run=3 value=42.0470 outlier=false
arm=granite_moe.base metric=prefill_ms process=0 run=4 value=43.9730 outlier=true
arm=granite_moe.base metric=prefill_ms process=0 run=5 value=41.9900 outlier=false
arm=granite_moe.base metric=prefill_ms process=0 run=6 value=42.0000 outlier=false
arm=granite_moe.base metric=prefill_ms process=0 run=7 value=42.0450 outlier=false
arm=granite_moe.base metric=prefill_ms process=1 run=1 value=42.0100 outlier=false
arm=granite_moe.base metric=prefill_ms process=1 run=2 value=41.9420 outlier=false
arm=granite_moe.base metric=prefill_ms process=1 run=3 value=41.9620 outlier=false
arm=granite_moe.base metric=prefill_ms process=1 run=4 value=41.9690 outlier=false
arm=granite_moe.base metric=prefill_ms process=1 run=5 value=41.9820 outlier=false
arm=granite_moe.base metric=prefill_ms process=1 run=6 value=42.0160 outlier=false
arm=granite_moe.base metric=prefill_ms process=1 run=7 value=42.0340 outlier=false
arm=granite_moe.base metric=prefill_ms process=2 run=1 value=42.0560 outlier=false
arm=granite_moe.base metric=prefill_ms process=2 run=2 value=42.0090 outlier=false
arm=granite_moe.base metric=prefill_ms process=2 run=3 value=41.9680 outlier=false
arm=granite_moe.base metric=prefill_ms process=2 run=4 value=42.9450 outlier=true
arm=granite_moe.base metric=prefill_ms process=2 run=5 value=43.0510 outlier=true
arm=granite_moe.base metric=prefill_ms process=2 run=6 value=43.0550 outlier=true
arm=granite_moe.base metric=prefill_ms process=2 run=7 value=43.0510 outlier=true
summary arm=granite_moe.base metric=prefill_ms n_all=21 median_all=42.0160 cov_all_pct=1.30 min_all=41.9420 max_all=43.9730 | n_kept=16 median_kept=42.0045 mad_kept=0.0320 cov_kept_pct=0.08 min_kept=41.9420 max_kept=42.0560
arm=granite_moe.base metric=ttft_ms process=0 run=1 value=42.0000 outlier=false
arm=granite_moe.base metric=ttft_ms process=0 run=2 value=42.0000 outlier=false
arm=granite_moe.base metric=ttft_ms process=0 run=3 value=42.0000 outlier=false
arm=granite_moe.base metric=ttft_ms process=0 run=4 value=44.0000 outlier=false
arm=granite_moe.base metric=ttft_ms process=0 run=5 value=42.0000 outlier=false
arm=granite_moe.base metric=ttft_ms process=0 run=6 value=42.0000 outlier=false
arm=granite_moe.base metric=ttft_ms process=0 run=7 value=42.0000 outlier=false
arm=granite_moe.base metric=ttft_ms process=1 run=1 value=42.0000 outlier=false
arm=granite_moe.base metric=ttft_ms process=1 run=2 value=42.0000 outlier=false
arm=granite_moe.base metric=ttft_ms process=1 run=3 value=42.0000 outlier=false
arm=granite_moe.base metric=ttft_ms process=1 run=4 value=42.0000 outlier=false
arm=granite_moe.base metric=ttft_ms process=1 run=5 value=42.0000 outlier=false
arm=granite_moe.base metric=ttft_ms process=1 run=6 value=42.0000 outlier=false
arm=granite_moe.base metric=ttft_ms process=1 run=7 value=42.0000 outlier=false
arm=granite_moe.base metric=ttft_ms process=2 run=1 value=42.0000 outlier=false
arm=granite_moe.base metric=ttft_ms process=2 run=2 value=42.0000 outlier=false
arm=granite_moe.base metric=ttft_ms process=2 run=3 value=42.0000 outlier=false
arm=granite_moe.base metric=ttft_ms process=2 run=4 value=43.0000 outlier=false
arm=granite_moe.base metric=ttft_ms process=2 run=5 value=43.0000 outlier=false
arm=granite_moe.base metric=ttft_ms process=2 run=6 value=43.0000 outlier=false
arm=granite_moe.base metric=ttft_ms process=2 run=7 value=43.0000 outlier=false
summary arm=granite_moe.base metric=ttft_ms n_all=21 median_all=42.0000 cov_all_pct=1.29 min_all=42.0000 max_all=44.0000 | n_kept=21 median_kept=42.0000 mad_kept=0.0000 cov_kept_pct=1.29 min_kept=42.0000 max_kept=44.0000
arm=granite_moe.base metric=wall_ms process=0 run=1 value=744.6700 outlier=false
arm=granite_moe.base metric=wall_ms process=0 run=2 value=738.3800 outlier=true
arm=granite_moe.base metric=wall_ms process=0 run=3 value=751.8500 outlier=true
arm=granite_moe.base metric=wall_ms process=0 run=4 value=746.7910 outlier=false
arm=granite_moe.base metric=wall_ms process=0 run=5 value=744.8080 outlier=false
arm=granite_moe.base metric=wall_ms process=0 run=6 value=746.8500 outlier=false
arm=granite_moe.base metric=wall_ms process=0 run=7 value=745.7520 outlier=false
arm=granite_moe.base metric=wall_ms process=1 run=1 value=746.9870 outlier=false
arm=granite_moe.base metric=wall_ms process=1 run=2 value=745.9030 outlier=false
arm=granite_moe.base metric=wall_ms process=1 run=3 value=744.9070 outlier=false
arm=granite_moe.base metric=wall_ms process=1 run=4 value=745.6760 outlier=false
arm=granite_moe.base metric=wall_ms process=1 run=5 value=745.9430 outlier=false
arm=granite_moe.base metric=wall_ms process=1 run=6 value=745.3420 outlier=false
arm=granite_moe.base metric=wall_ms process=1 run=7 value=746.3760 outlier=false
arm=granite_moe.base metric=wall_ms process=2 run=1 value=745.1280 outlier=false
arm=granite_moe.base metric=wall_ms process=2 run=2 value=739.6200 outlier=true
arm=granite_moe.base metric=wall_ms process=2 run=3 value=746.4370 outlier=false
arm=granite_moe.base metric=wall_ms process=2 run=4 value=743.2230 outlier=false
arm=granite_moe.base metric=wall_ms process=2 run=5 value=747.5200 outlier=false
arm=granite_moe.base metric=wall_ms process=2 run=6 value=744.3490 outlier=false
arm=granite_moe.base metric=wall_ms process=2 run=7 value=744.8530 outlier=false
summary arm=granite_moe.base metric=wall_ms n_all=21 median_all=745.6760 cov_all_pct=0.35 min_all=738.3800 max_all=751.8500 | n_kept=18 median_kept=745.7140 mad_kept=0.8340 cov_kept_pct=0.14 min_kept=743.2230 max_kept=747.5200
arm=granite_moe.base metric=tokens_generated process=0 run=1 value=128.0000 outlier=false
arm=granite_moe.base metric=tokens_generated process=0 run=2 value=128.0000 outlier=false
arm=granite_moe.base metric=tokens_generated process=0 run=3 value=128.0000 outlier=false
arm=granite_moe.base metric=tokens_generated process=0 run=4 value=128.0000 outlier=false
arm=granite_moe.base metric=tokens_generated process=0 run=5 value=128.0000 outlier=false
arm=granite_moe.base metric=tokens_generated process=0 run=6 value=128.0000 outlier=false
arm=granite_moe.base metric=tokens_generated process=0 run=7 value=128.0000 outlier=false
arm=granite_moe.base metric=tokens_generated process=1 run=1 value=128.0000 outlier=false
arm=granite_moe.base metric=tokens_generated process=1 run=2 value=128.0000 outlier=false
arm=granite_moe.base metric=tokens_generated process=1 run=3 value=128.0000 outlier=false
arm=granite_moe.base metric=tokens_generated process=1 run=4 value=128.0000 outlier=false
arm=granite_moe.base metric=tokens_generated process=1 run=5 value=128.0000 outlier=false
arm=granite_moe.base metric=tokens_generated process=1 run=6 value=128.0000 outlier=false
arm=granite_moe.base metric=tokens_generated process=1 run=7 value=128.0000 outlier=false
arm=granite_moe.base metric=tokens_generated process=2 run=1 value=128.0000 outlier=false
arm=granite_moe.base metric=tokens_generated process=2 run=2 value=128.0000 outlier=false
arm=granite_moe.base metric=tokens_generated process=2 run=3 value=128.0000 outlier=false
arm=granite_moe.base metric=tokens_generated process=2 run=4 value=128.0000 outlier=false
arm=granite_moe.base metric=tokens_generated process=2 run=5 value=128.0000 outlier=false
arm=granite_moe.base metric=tokens_generated process=2 run=6 value=128.0000 outlier=false
arm=granite_moe.base metric=tokens_generated process=2 run=7 value=128.0000 outlier=false
summary arm=granite_moe.base metric=tokens_generated n_all=21 median_all=128.0000 cov_all_pct=0.00 min_all=128.0000 max_all=128.0000 | n_kept=21 median_kept=128.0000 mad_kept=0.0000 cov_kept_pct=0.00 min_kept=128.0000 max_kept=128.0000
arm=granite_moe.base metric=cpu_ms process=0 run=1 value=166.1340 outlier=false
arm=granite_moe.base metric=cpu_ms process=0 run=2 value=166.3700 outlier=false
arm=granite_moe.base metric=cpu_ms process=0 run=3 value=210.5340 outlier=true
arm=granite_moe.base metric=cpu_ms process=0 run=4 value=168.7330 outlier=false
arm=granite_moe.base metric=cpu_ms process=0 run=5 value=166.7340 outlier=false
arm=granite_moe.base metric=cpu_ms process=0 run=6 value=163.6250 outlier=false
arm=granite_moe.base metric=cpu_ms process=0 run=7 value=166.8950 outlier=false
arm=granite_moe.base metric=cpu_ms process=1 run=1 value=177.9450 outlier=false
arm=granite_moe.base metric=cpu_ms process=1 run=2 value=164.4810 outlier=false
arm=granite_moe.base metric=cpu_ms process=1 run=3 value=167.2950 outlier=false
arm=granite_moe.base metric=cpu_ms process=1 run=4 value=167.7130 outlier=false
arm=granite_moe.base metric=cpu_ms process=1 run=5 value=162.5670 outlier=false
arm=granite_moe.base metric=cpu_ms process=1 run=6 value=163.7680 outlier=false
arm=granite_moe.base metric=cpu_ms process=1 run=7 value=165.6610 outlier=false
arm=granite_moe.base metric=cpu_ms process=2 run=1 value=199.4740 outlier=true
arm=granite_moe.base metric=cpu_ms process=2 run=2 value=200.0890 outlier=true
arm=granite_moe.base metric=cpu_ms process=2 run=3 value=195.7370 outlier=true
arm=granite_moe.base metric=cpu_ms process=2 run=4 value=200.2190 outlier=true
arm=granite_moe.base metric=cpu_ms process=2 run=5 value=202.8030 outlier=true
arm=granite_moe.base metric=cpu_ms process=2 run=6 value=194.1250 outlier=true
arm=granite_moe.base metric=cpu_ms process=2 run=7 value=199.3580 outlier=true
summary arm=granite_moe.base metric=cpu_ms n_all=21 median_all=167.7130 cov_all_pct=9.35 min_all=162.5670 max_all=210.5340 | n_kept=13 median_kept=166.3700 mad_kept=1.3430 cov_kept_pct=2.19 min_kept=162.5670 max_kept=177.9450
arm=granite_moe.base metric=cpu_pct process=0 run=1 value=22.3100 outlier=false
arm=granite_moe.base metric=cpu_pct process=0 run=2 value=22.5300 outlier=false
arm=granite_moe.base metric=cpu_pct process=0 run=3 value=28.0000 outlier=true
arm=granite_moe.base metric=cpu_pct process=0 run=4 value=22.5900 outlier=false
arm=granite_moe.base metric=cpu_pct process=0 run=5 value=22.3900 outlier=false
arm=granite_moe.base metric=cpu_pct process=0 run=6 value=21.9100 outlier=false
arm=granite_moe.base metric=cpu_pct process=0 run=7 value=22.3800 outlier=false
arm=granite_moe.base metric=cpu_pct process=1 run=1 value=23.8200 outlier=false
arm=granite_moe.base metric=cpu_pct process=1 run=2 value=22.0500 outlier=false
arm=granite_moe.base metric=cpu_pct process=1 run=3 value=22.4600 outlier=false
arm=granite_moe.base metric=cpu_pct process=1 run=4 value=22.4900 outlier=false
arm=granite_moe.base metric=cpu_pct process=1 run=5 value=21.7900 outlier=false
arm=granite_moe.base metric=cpu_pct process=1 run=6 value=21.9700 outlier=false
arm=granite_moe.base metric=cpu_pct process=1 run=7 value=22.2000 outlier=false
arm=granite_moe.base metric=cpu_pct process=2 run=1 value=26.7700 outlier=true
arm=granite_moe.base metric=cpu_pct process=2 run=2 value=27.0500 outlier=true
arm=granite_moe.base metric=cpu_pct process=2 run=3 value=26.2200 outlier=true
arm=granite_moe.base metric=cpu_pct process=2 run=4 value=26.9400 outlier=true
arm=granite_moe.base metric=cpu_pct process=2 run=5 value=27.1300 outlier=true
arm=granite_moe.base metric=cpu_pct process=2 run=6 value=26.0800 outlier=true
arm=granite_moe.base metric=cpu_pct process=2 run=7 value=26.7600 outlier=true
summary arm=granite_moe.base metric=cpu_pct n_all=21 median_all=22.5300 cov_all_pct=9.30 min_all=21.7900 max_all=28.0000 | n_kept=13 median_kept=22.3800 mad_kept=0.1800 cov_kept_pct=2.16 min_kept=21.7900 max_kept=23.8200
memory arm=granite_moe.base metric=peak_rss_bytes process=0 value=1602289664
memory arm=granite_moe.base metric=peak_rss_bytes process=1 value=1607761920
memory arm=granite_moe.base metric=peak_rss_bytes process=2 value=1624014848
summary arm=granite_moe.base metric=peak_rss_bytes n=3 median=1607761920 max=1624014848
memory arm=granite_moe.base metric=peak_footprint_bytes process=0 value=126440256
memory arm=granite_moe.base metric=peak_footprint_bytes process=1 value=128324416
memory arm=granite_moe.base metric=peak_footprint_bytes process=2 value=131355328
summary arm=granite_moe.base metric=peak_footprint_bytes n=3 median=128324416 max=131355328
memory arm=granite_moe.base metric=peak_gpu_bytes process=0 value=1483063296
memory arm=granite_moe.base metric=peak_gpu_bytes process=1 value=1483063296
memory arm=granite_moe.base metric=peak_gpu_bytes process=2 value=1483063296
summary arm=granite_moe.base metric=peak_gpu_bytes n=3 median=1483063296 max=1483063296
extra arm=granite_moe.base process=0 box_gpu_device_utilization_pct_before_launch=Some(95) (ioreg sampler, box-level, not this process)
extra arm=granite_moe.base process=0 peers_present_at_exit=[]
extra arm=granite_moe.base process=1 box_gpu_device_utilization_pct_before_launch=Some(92) (ioreg sampler, box-level, not this process)
extra arm=granite_moe.base process=1 peers_present_at_exit=[]
extra arm=granite_moe.base process=2 box_gpu_device_utilization_pct_before_launch=Some(92) (ioreg sampler, box-level, not this process)
extra arm=granite_moe.base process=2 peers_present_at_exit=[]
arm=granite_moe.tip metric=ms_per_token process=0 run=1 value=5.5670 outlier=false
arm=granite_moe.tip metric=ms_per_token process=0 run=2 value=5.5550 outlier=false
arm=granite_moe.tip metric=ms_per_token process=0 run=3 value=5.5790 outlier=false
arm=granite_moe.tip metric=ms_per_token process=0 run=4 value=5.5740 outlier=false
arm=granite_moe.tip metric=ms_per_token process=0 run=5 value=5.5960 outlier=false
arm=granite_moe.tip metric=ms_per_token process=0 run=6 value=5.5000 outlier=false
arm=granite_moe.tip metric=ms_per_token process=0 run=7 value=5.5650 outlier=false
arm=granite_moe.tip metric=ms_per_token process=1 run=1 value=5.5390 outlier=false
arm=granite_moe.tip metric=ms_per_token process=1 run=2 value=5.5480 outlier=false
arm=granite_moe.tip metric=ms_per_token process=1 run=3 value=5.5920 outlier=false
arm=granite_moe.tip metric=ms_per_token process=1 run=4 value=5.5490 outlier=false
arm=granite_moe.tip metric=ms_per_token process=1 run=5 value=5.5640 outlier=false
arm=granite_moe.tip metric=ms_per_token process=1 run=6 value=5.5330 outlier=false
arm=granite_moe.tip metric=ms_per_token process=1 run=7 value=5.5350 outlier=false
arm=granite_moe.tip metric=ms_per_token process=2 run=1 value=5.5980 outlier=false
arm=granite_moe.tip metric=ms_per_token process=2 run=2 value=5.5850 outlier=false
arm=granite_moe.tip metric=ms_per_token process=2 run=3 value=5.5960 outlier=false
arm=granite_moe.tip metric=ms_per_token process=2 run=4 value=5.5850 outlier=false
arm=granite_moe.tip metric=ms_per_token process=2 run=5 value=5.5860 outlier=false
arm=granite_moe.tip metric=ms_per_token process=2 run=6 value=5.6190 outlier=false
arm=granite_moe.tip metric=ms_per_token process=2 run=7 value=5.5620 outlier=false
summary arm=granite_moe.tip metric=ms_per_token n_all=21 median_all=5.5670 cov_all_pct=0.49 min_all=5.5000 max_all=5.6190 | n_kept=21 median_kept=5.5670 mad_kept=0.0190 cov_kept_pct=0.49 min_kept=5.5000 max_kept=5.6190
arm=granite_moe.tip metric=prefill_ms process=0 run=1 value=40.0060 outlier=false
arm=granite_moe.tip metric=prefill_ms process=0 run=2 value=40.0430 outlier=false
arm=granite_moe.tip metric=prefill_ms process=0 run=3 value=40.0380 outlier=false
arm=granite_moe.tip metric=prefill_ms process=0 run=4 value=39.9920 outlier=false
arm=granite_moe.tip metric=prefill_ms process=0 run=5 value=40.0460 outlier=false
arm=granite_moe.tip metric=prefill_ms process=0 run=6 value=40.0090 outlier=false
arm=granite_moe.tip metric=prefill_ms process=0 run=7 value=40.0550 outlier=false
arm=granite_moe.tip metric=prefill_ms process=1 run=1 value=40.0080 outlier=false
arm=granite_moe.tip metric=prefill_ms process=1 run=2 value=39.0330 outlier=true
arm=granite_moe.tip metric=prefill_ms process=1 run=3 value=40.9500 outlier=true
arm=granite_moe.tip metric=prefill_ms process=1 run=4 value=40.0450 outlier=false
arm=granite_moe.tip metric=prefill_ms process=1 run=5 value=39.0220 outlier=true
arm=granite_moe.tip metric=prefill_ms process=1 run=6 value=39.9650 outlier=false
arm=granite_moe.tip metric=prefill_ms process=1 run=7 value=40.9800 outlier=true
arm=granite_moe.tip metric=prefill_ms process=2 run=1 value=40.0390 outlier=false
arm=granite_moe.tip metric=prefill_ms process=2 run=2 value=40.0210 outlier=false
arm=granite_moe.tip metric=prefill_ms process=2 run=3 value=40.0110 outlier=false
arm=granite_moe.tip metric=prefill_ms process=2 run=4 value=39.9710 outlier=false
arm=granite_moe.tip metric=prefill_ms process=2 run=5 value=40.0230 outlier=false
arm=granite_moe.tip metric=prefill_ms process=2 run=6 value=40.0610 outlier=false
arm=granite_moe.tip metric=prefill_ms process=2 run=7 value=42.0610 outlier=true
summary arm=granite_moe.tip metric=prefill_ms n_all=21 median_all=40.0230 cov_all_pct=1.51 min_all=39.0220 max_all=42.0610 | n_kept=16 median_kept=40.0220 mad_kept=0.0190 cov_kept_pct=0.07 min_kept=39.9650 max_kept=40.0610
arm=granite_moe.tip metric=ttft_ms process=0 run=1 value=40.0000 outlier=false
arm=granite_moe.tip metric=ttft_ms process=0 run=2 value=40.0000 outlier=false
arm=granite_moe.tip metric=ttft_ms process=0 run=3 value=40.0000 outlier=false
arm=granite_moe.tip metric=ttft_ms process=0 run=4 value=40.0000 outlier=false
arm=granite_moe.tip metric=ttft_ms process=0 run=5 value=40.0000 outlier=false
arm=granite_moe.tip metric=ttft_ms process=0 run=6 value=40.0000 outlier=false
arm=granite_moe.tip metric=ttft_ms process=0 run=7 value=40.0000 outlier=false
arm=granite_moe.tip metric=ttft_ms process=1 run=1 value=40.0000 outlier=false
arm=granite_moe.tip metric=ttft_ms process=1 run=2 value=39.0000 outlier=false
arm=granite_moe.tip metric=ttft_ms process=1 run=3 value=41.0000 outlier=false
arm=granite_moe.tip metric=ttft_ms process=1 run=4 value=40.0000 outlier=false
arm=granite_moe.tip metric=ttft_ms process=1 run=5 value=39.0000 outlier=false
arm=granite_moe.tip metric=ttft_ms process=1 run=6 value=40.0000 outlier=false
arm=granite_moe.tip metric=ttft_ms process=1 run=7 value=41.0000 outlier=false
arm=granite_moe.tip metric=ttft_ms process=2 run=1 value=40.0000 outlier=false
arm=granite_moe.tip metric=ttft_ms process=2 run=2 value=40.0000 outlier=false
arm=granite_moe.tip metric=ttft_ms process=2 run=3 value=40.0000 outlier=false
arm=granite_moe.tip metric=ttft_ms process=2 run=4 value=40.0000 outlier=false
arm=granite_moe.tip metric=ttft_ms process=2 run=5 value=40.0000 outlier=false
arm=granite_moe.tip metric=ttft_ms process=2 run=6 value=40.0000 outlier=false
arm=granite_moe.tip metric=ttft_ms process=2 run=7 value=42.0000 outlier=false
summary arm=granite_moe.tip metric=ttft_ms n_all=21 median_all=40.0000 cov_all_pct=1.52 min_all=39.0000 max_all=42.0000 | n_kept=21 median_kept=40.0000 mad_kept=0.0000 cov_kept_pct=1.52 min_kept=39.0000 max_kept=42.0000
arm=granite_moe.tip metric=wall_ms process=0 run=1 value=747.0150 outlier=false
arm=granite_moe.tip metric=wall_ms process=0 run=2 value=745.5280 outlier=false
arm=granite_moe.tip metric=wall_ms process=0 run=3 value=748.5710 outlier=false
arm=granite_moe.tip metric=wall_ms process=0 run=4 value=747.8900 outlier=false
arm=granite_moe.tip metric=wall_ms process=0 run=5 value=750.7380 outlier=false
arm=granite_moe.tip metric=wall_ms process=0 run=6 value=738.5090 outlier=false
arm=granite_moe.tip metric=wall_ms process=0 run=7 value=746.8100 outlier=false
arm=granite_moe.tip metric=wall_ms process=1 run=1 value=743.4610 outlier=false
arm=granite_moe.tip metric=wall_ms process=1 run=2 value=743.6290 outlier=false
arm=granite_moe.tip metric=wall_ms process=1 run=3 value=751.1340 outlier=false
arm=granite_moe.tip metric=wall_ms process=1 run=4 value=744.7680 outlier=false
arm=granite_moe.tip metric=wall_ms process=1 run=5 value=745.6500 outlier=false
arm=granite_moe.tip metric=wall_ms process=1 run=6 value=742.6560 outlier=false
arm=granite_moe.tip metric=wall_ms process=1 run=7 value=743.9250 outlier=false
arm=granite_moe.tip metric=wall_ms process=2 run=1 value=750.9850 outlier=false
arm=granite_moe.tip metric=wall_ms process=2 run=2 value=749.3160 outlier=false
arm=granite_moe.tip metric=wall_ms process=2 run=3 value=750.7030 outlier=false
arm=granite_moe.tip metric=wall_ms process=2 run=4 value=749.2660 outlier=false
arm=granite_moe.tip metric=wall_ms process=2 run=5 value=749.4450 outlier=false
arm=granite_moe.tip metric=wall_ms process=2 run=6 value=753.6740 outlier=false
arm=granite_moe.tip metric=wall_ms process=2 run=7 value=748.4350 outlier=false
summary arm=granite_moe.tip metric=wall_ms n_all=21 median_all=747.8900 cov_all_pct=0.47 min_all=738.5090 max_all=753.6740 | n_kept=21 median_kept=747.8900 mad_kept=2.8130 cov_kept_pct=0.47 min_kept=738.5090 max_kept=753.6740
arm=granite_moe.tip metric=tokens_generated process=0 run=1 value=128.0000 outlier=false
arm=granite_moe.tip metric=tokens_generated process=0 run=2 value=128.0000 outlier=false
arm=granite_moe.tip metric=tokens_generated process=0 run=3 value=128.0000 outlier=false
arm=granite_moe.tip metric=tokens_generated process=0 run=4 value=128.0000 outlier=false
arm=granite_moe.tip metric=tokens_generated process=0 run=5 value=128.0000 outlier=false
arm=granite_moe.tip metric=tokens_generated process=0 run=6 value=128.0000 outlier=false
arm=granite_moe.tip metric=tokens_generated process=0 run=7 value=128.0000 outlier=false
arm=granite_moe.tip metric=tokens_generated process=1 run=1 value=128.0000 outlier=false
arm=granite_moe.tip metric=tokens_generated process=1 run=2 value=128.0000 outlier=false
arm=granite_moe.tip metric=tokens_generated process=1 run=3 value=128.0000 outlier=false
arm=granite_moe.tip metric=tokens_generated process=1 run=4 value=128.0000 outlier=false
arm=granite_moe.tip metric=tokens_generated process=1 run=5 value=128.0000 outlier=false
arm=granite_moe.tip metric=tokens_generated process=1 run=6 value=128.0000 outlier=false
arm=granite_moe.tip metric=tokens_generated process=1 run=7 value=128.0000 outlier=false
arm=granite_moe.tip metric=tokens_generated process=2 run=1 value=128.0000 outlier=false
arm=granite_moe.tip metric=tokens_generated process=2 run=2 value=128.0000 outlier=false
arm=granite_moe.tip metric=tokens_generated process=2 run=3 value=128.0000 outlier=false
arm=granite_moe.tip metric=tokens_generated process=2 run=4 value=128.0000 outlier=false
arm=granite_moe.tip metric=tokens_generated process=2 run=5 value=128.0000 outlier=false
arm=granite_moe.tip metric=tokens_generated process=2 run=6 value=128.0000 outlier=false
arm=granite_moe.tip metric=tokens_generated process=2 run=7 value=128.0000 outlier=false
summary arm=granite_moe.tip metric=tokens_generated n_all=21 median_all=128.0000 cov_all_pct=0.00 min_all=128.0000 max_all=128.0000 | n_kept=21 median_kept=128.0000 mad_kept=0.0000 cov_kept_pct=0.00 min_kept=128.0000 max_kept=128.0000
arm=granite_moe.tip metric=cpu_ms process=0 run=1 value=166.3610 outlier=false
arm=granite_moe.tip metric=cpu_ms process=0 run=2 value=164.7710 outlier=false
arm=granite_moe.tip metric=cpu_ms process=0 run=3 value=168.3450 outlier=false
arm=granite_moe.tip metric=cpu_ms process=0 run=4 value=168.4680 outlier=false
arm=granite_moe.tip metric=cpu_ms process=0 run=5 value=167.0310 outlier=false
arm=granite_moe.tip metric=cpu_ms process=0 run=6 value=169.4630 outlier=false
arm=granite_moe.tip metric=cpu_ms process=0 run=7 value=168.6140 outlier=false
arm=granite_moe.tip metric=cpu_ms process=1 run=1 value=180.5790 outlier=false
arm=granite_moe.tip metric=cpu_ms process=1 run=2 value=184.2720 outlier=false
arm=granite_moe.tip metric=cpu_ms process=1 run=3 value=199.7040 outlier=false
arm=granite_moe.tip metric=cpu_ms process=1 run=4 value=184.0660 outlier=false
arm=granite_moe.tip metric=cpu_ms process=1 run=5 value=188.2750 outlier=false
arm=granite_moe.tip metric=cpu_ms process=1 run=6 value=186.1140 outlier=false
arm=granite_moe.tip metric=cpu_ms process=1 run=7 value=185.7370 outlier=false
arm=granite_moe.tip metric=cpu_ms process=2 run=1 value=172.0650 outlier=false
arm=granite_moe.tip metric=cpu_ms process=2 run=2 value=169.9930 outlier=false
arm=granite_moe.tip metric=cpu_ms process=2 run=3 value=177.1900 outlier=false
arm=granite_moe.tip metric=cpu_ms process=2 run=4 value=171.0290 outlier=false
arm=granite_moe.tip metric=cpu_ms process=2 run=5 value=174.1140 outlier=false
arm=granite_moe.tip metric=cpu_ms process=2 run=6 value=214.5330 outlier=true
arm=granite_moe.tip metric=cpu_ms process=2 run=7 value=198.7860 outlier=false
summary arm=granite_moe.tip metric=cpu_ms n_all=21 median_all=174.1140 cov_all_pct=7.18 min_all=164.7710 max_all=214.5330 | n_kept=20 median_kept=173.0895 mad_kept=6.3935 cov_kept_pct=5.84 min_kept=164.7710 max_kept=199.7040
arm=granite_moe.tip metric=cpu_pct process=0 run=1 value=22.2700 outlier=false
arm=granite_moe.tip metric=cpu_pct process=0 run=2 value=22.1000 outlier=false
arm=granite_moe.tip metric=cpu_pct process=0 run=3 value=22.4900 outlier=false
arm=granite_moe.tip metric=cpu_pct process=0 run=4 value=22.5300 outlier=false
arm=granite_moe.tip metric=cpu_pct process=0 run=5 value=22.2500 outlier=false
arm=granite_moe.tip metric=cpu_pct process=0 run=6 value=22.9500 outlier=false
arm=granite_moe.tip metric=cpu_pct process=0 run=7 value=22.5800 outlier=false
arm=granite_moe.tip metric=cpu_pct process=1 run=1 value=24.2900 outlier=false
arm=granite_moe.tip metric=cpu_pct process=1 run=2 value=24.7800 outlier=false
arm=granite_moe.tip metric=cpu_pct process=1 run=3 value=26.5900 outlier=false
arm=granite_moe.tip metric=cpu_pct process=1 run=4 value=24.7100 outlier=false
arm=granite_moe.tip metric=cpu_pct process=1 run=5 value=25.2500 outlier=false
arm=granite_moe.tip metric=cpu_pct process=1 run=6 value=25.0600 outlier=false
arm=granite_moe.tip metric=cpu_pct process=1 run=7 value=24.9700 outlier=false
arm=granite_moe.tip metric=cpu_pct process=2 run=1 value=22.9100 outlier=false
arm=granite_moe.tip metric=cpu_pct process=2 run=2 value=22.6900 outlier=false
arm=granite_moe.tip metric=cpu_pct process=2 run=3 value=23.6000 outlier=false
arm=granite_moe.tip metric=cpu_pct process=2 run=4 value=22.8300 outlier=false
arm=granite_moe.tip metric=cpu_pct process=2 run=5 value=23.2300 outlier=false
arm=granite_moe.tip metric=cpu_pct process=2 run=6 value=28.4600 outlier=true
arm=granite_moe.tip metric=cpu_pct process=2 run=7 value=26.5600 outlier=false
summary arm=granite_moe.tip metric=cpu_pct n_all=21 median_all=23.2300 cov_all_pct=7.07 min_all=22.1000 max_all=28.4600 | n_kept=20 median_kept=23.0900 mad_kept=0.8300 cov_kept_pct=5.88 min_kept=22.1000 max_kept=26.5900
memory arm=granite_moe.tip metric=peak_rss_bytes process=0 value=1600798720
memory arm=granite_moe.tip metric=peak_rss_bytes process=1 value=1648492544
memory arm=granite_moe.tip metric=peak_rss_bytes process=2 value=1617281024
summary arm=granite_moe.tip metric=peak_rss_bytes n=3 median=1617281024 max=1648492544
memory arm=granite_moe.tip metric=peak_footprint_bytes process=0 value=126128896
memory arm=granite_moe.tip metric=peak_footprint_bytes process=1 value=131240896
memory arm=granite_moe.tip metric=peak_footprint_bytes process=2 value=126030720
summary arm=granite_moe.tip metric=peak_footprint_bytes n=3 median=126128896 max=131240896
memory arm=granite_moe.tip metric=peak_gpu_bytes process=0 value=1483194368
memory arm=granite_moe.tip metric=peak_gpu_bytes process=1 value=1483194368
memory arm=granite_moe.tip metric=peak_gpu_bytes process=2 value=1483194368
summary arm=granite_moe.tip metric=peak_gpu_bytes n=3 median=1483194368 max=1483194368
extra arm=granite_moe.tip process=0 box_gpu_device_utilization_pct_before_launch=Some(93) (ioreg sampler, box-level, not this process)
extra arm=granite_moe.tip process=0 peers_present_at_exit=[]
extra arm=granite_moe.tip process=1 box_gpu_device_utilization_pct_before_launch=Some(90) (ioreg sampler, box-level, not this process)
extra arm=granite_moe.tip process=1 peers_present_at_exit=[]
extra arm=granite_moe.tip process=2 box_gpu_device_utilization_pct_before_launch=Some(92) (ioreg sampler, box-level, not this process)
extra arm=granite_moe.tip process=2 peers_present_at_exit=[]
arm=granite_moe.control metric=ms_per_token process=0 run=1 value=5.5800 outlier=false
arm=granite_moe.control metric=ms_per_token process=0 run=2 value=5.5550 outlier=false
arm=granite_moe.control metric=ms_per_token process=0 run=3 value=5.5770 outlier=false
arm=granite_moe.control metric=ms_per_token process=0 run=4 value=5.5740 outlier=false
arm=granite_moe.control metric=ms_per_token process=0 run=5 value=5.5620 outlier=false
arm=granite_moe.control metric=ms_per_token process=0 run=6 value=5.5900 outlier=false
arm=granite_moe.control metric=ms_per_token process=0 run=7 value=5.5600 outlier=false
arm=granite_moe.control metric=ms_per_token process=1 run=1 value=5.5300 outlier=false
arm=granite_moe.control metric=ms_per_token process=1 run=2 value=5.5730 outlier=false
arm=granite_moe.control metric=ms_per_token process=1 run=3 value=5.5750 outlier=false
arm=granite_moe.control metric=ms_per_token process=1 run=4 value=5.5700 outlier=false
arm=granite_moe.control metric=ms_per_token process=1 run=5 value=5.5280 outlier=false
arm=granite_moe.control metric=ms_per_token process=1 run=6 value=5.5520 outlier=false
arm=granite_moe.control metric=ms_per_token process=1 run=7 value=5.6060 outlier=false
arm=granite_moe.control metric=ms_per_token process=2 run=1 value=5.6050 outlier=false
arm=granite_moe.control metric=ms_per_token process=2 run=2 value=5.5440 outlier=false
arm=granite_moe.control metric=ms_per_token process=2 run=3 value=5.5250 outlier=false
arm=granite_moe.control metric=ms_per_token process=2 run=4 value=5.5470 outlier=false
arm=granite_moe.control metric=ms_per_token process=2 run=5 value=5.5330 outlier=false
arm=granite_moe.control metric=ms_per_token process=2 run=6 value=5.5170 outlier=false
arm=granite_moe.control metric=ms_per_token process=2 run=7 value=5.5450 outlier=false
summary arm=granite_moe.control metric=ms_per_token n_all=21 median_all=5.5600 cov_all_pct=0.45 min_all=5.5170 max_all=5.6060 | n_kept=21 median_kept=5.5600 mad_kept=0.0160 cov_kept_pct=0.45 min_kept=5.5170 max_kept=5.6060
arm=granite_moe.control metric=prefill_ms process=0 run=1 value=40.0390 outlier=false
arm=granite_moe.control metric=prefill_ms process=0 run=2 value=40.0630 outlier=false
arm=granite_moe.control metric=prefill_ms process=0 run=3 value=40.0620 outlier=false
arm=granite_moe.control metric=prefill_ms process=0 run=4 value=40.0040 outlier=false
arm=granite_moe.control metric=prefill_ms process=0 run=5 value=39.9560 outlier=false
arm=granite_moe.control metric=prefill_ms process=0 run=6 value=39.9720 outlier=false
arm=granite_moe.control metric=prefill_ms process=0 run=7 value=39.9670 outlier=false
arm=granite_moe.control metric=prefill_ms process=1 run=1 value=40.0470 outlier=false
arm=granite_moe.control metric=prefill_ms process=1 run=2 value=40.0130 outlier=false
arm=granite_moe.control metric=prefill_ms process=1 run=3 value=38.9630 outlier=true
arm=granite_moe.control metric=prefill_ms process=1 run=4 value=39.9590 outlier=false
arm=granite_moe.control metric=prefill_ms process=1 run=5 value=40.0360 outlier=false
arm=granite_moe.control metric=prefill_ms process=1 run=6 value=40.0110 outlier=false
arm=granite_moe.control metric=prefill_ms process=1 run=7 value=40.0600 outlier=false
arm=granite_moe.control metric=prefill_ms process=2 run=1 value=40.0530 outlier=false
arm=granite_moe.control metric=prefill_ms process=2 run=2 value=40.0110 outlier=false
arm=granite_moe.control metric=prefill_ms process=2 run=3 value=39.9490 outlier=false
arm=granite_moe.control metric=prefill_ms process=2 run=4 value=39.9400 outlier=false
arm=granite_moe.control metric=prefill_ms process=2 run=5 value=39.9590 outlier=false
arm=granite_moe.control metric=prefill_ms process=2 run=6 value=40.0360 outlier=false
arm=granite_moe.control metric=prefill_ms process=2 run=7 value=40.0010 outlier=false
summary arm=granite_moe.control metric=prefill_ms n_all=21 median_all=40.0110 cov_all_pct=0.57 min_all=38.9630 max_all=40.0630 | n_kept=20 median_kept=40.0110 mad_kept=0.0405 cov_kept_pct=0.10 min_kept=39.9400 max_kept=40.0630
arm=granite_moe.control metric=ttft_ms process=0 run=1 value=40.0000 outlier=false
arm=granite_moe.control metric=ttft_ms process=0 run=2 value=40.0000 outlier=false
arm=granite_moe.control metric=ttft_ms process=0 run=3 value=40.0000 outlier=false
arm=granite_moe.control metric=ttft_ms process=0 run=4 value=40.0000 outlier=false
arm=granite_moe.control metric=ttft_ms process=0 run=5 value=40.0000 outlier=false
arm=granite_moe.control metric=ttft_ms process=0 run=6 value=40.0000 outlier=false
arm=granite_moe.control metric=ttft_ms process=0 run=7 value=40.0000 outlier=false
arm=granite_moe.control metric=ttft_ms process=1 run=1 value=40.0000 outlier=false
arm=granite_moe.control metric=ttft_ms process=1 run=2 value=40.0000 outlier=false
arm=granite_moe.control metric=ttft_ms process=1 run=3 value=39.0000 outlier=false
arm=granite_moe.control metric=ttft_ms process=1 run=4 value=40.0000 outlier=false
arm=granite_moe.control metric=ttft_ms process=1 run=5 value=40.0000 outlier=false
arm=granite_moe.control metric=ttft_ms process=1 run=6 value=40.0000 outlier=false
arm=granite_moe.control metric=ttft_ms process=1 run=7 value=40.0000 outlier=false
arm=granite_moe.control metric=ttft_ms process=2 run=1 value=40.0000 outlier=false
arm=granite_moe.control metric=ttft_ms process=2 run=2 value=40.0000 outlier=false
arm=granite_moe.control metric=ttft_ms process=2 run=3 value=40.0000 outlier=false
arm=granite_moe.control metric=ttft_ms process=2 run=4 value=40.0000 outlier=false
arm=granite_moe.control metric=ttft_ms process=2 run=5 value=40.0000 outlier=false
arm=granite_moe.control metric=ttft_ms process=2 run=6 value=40.0000 outlier=false
arm=granite_moe.control metric=ttft_ms process=2 run=7 value=40.0000 outlier=false
summary arm=granite_moe.control metric=ttft_ms n_all=21 median_all=40.0000 cov_all_pct=0.53 min_all=39.0000 max_all=40.0000 | n_kept=21 median_kept=40.0000 mad_kept=0.0000 cov_kept_pct=0.53 min_kept=39.0000 max_kept=40.0000
arm=granite_moe.control metric=wall_ms process=0 run=1 value=748.6990 outlier=false
arm=granite_moe.control metric=wall_ms process=0 run=2 value=745.5480 outlier=false
arm=granite_moe.control metric=wall_ms process=0 run=3 value=748.3410 outlier=false
arm=granite_moe.control metric=wall_ms process=0 run=4 value=747.9020 outlier=false
arm=granite_moe.control metric=wall_ms process=0 run=5 value=746.3300 outlier=false
arm=granite_moe.control metric=wall_ms process=0 run=6 value=749.9020 outlier=false
arm=granite_moe.control metric=wall_ms process=0 run=7 value=746.0870 outlier=false
arm=granite_moe.control metric=wall_ms process=1 run=1 value=742.3570 outlier=false
arm=granite_moe.control metric=wall_ms process=1 run=2 value=747.7840 outlier=false
arm=granite_moe.control metric=wall_ms process=1 run=3 value=746.9880 outlier=false
arm=granite_moe.control metric=wall_ms process=1 run=4 value=747.3490 outlier=false
arm=granite_moe.control metric=wall_ms process=1 run=5 value=742.0920 outlier=false
arm=granite_moe.control metric=wall_ms process=1 run=6 value=745.1150 outlier=false
arm=granite_moe.control metric=wall_ms process=1 run=7 value=752.0220 outlier=false
arm=granite_moe.control metric=wall_ms process=2 run=1 value=751.8880 outlier=false
arm=granite_moe.control metric=wall_ms process=2 run=2 value=744.0990 outlier=false
arm=granite_moe.control metric=wall_ms process=2 run=3 value=741.6240 outlier=false
arm=granite_moe.control metric=wall_ms process=2 run=4 value=744.4090 outlier=false
arm=granite_moe.control metric=wall_ms process=2 run=5 value=742.6500 outlier=false
arm=granite_moe.control metric=wall_ms process=2 run=6 value=740.6950 outlier=false
arm=granite_moe.control metric=wall_ms process=2 run=7 value=744.2160 outlier=false
summary arm=granite_moe.control metric=wall_ms n_all=21 median_all=746.0870 cov_all_pct=0.42 min_all=740.6950 max_all=752.0220 | n_kept=21 median_kept=746.0870 mad_kept=1.9880 cov_kept_pct=0.42 min_kept=740.6950 max_kept=752.0220
arm=granite_moe.control metric=tokens_generated process=0 run=1 value=128.0000 outlier=false
arm=granite_moe.control metric=tokens_generated process=0 run=2 value=128.0000 outlier=false
arm=granite_moe.control metric=tokens_generated process=0 run=3 value=128.0000 outlier=false
arm=granite_moe.control metric=tokens_generated process=0 run=4 value=128.0000 outlier=false
arm=granite_moe.control metric=tokens_generated process=0 run=5 value=128.0000 outlier=false
arm=granite_moe.control metric=tokens_generated process=0 run=6 value=128.0000 outlier=false
arm=granite_moe.control metric=tokens_generated process=0 run=7 value=128.0000 outlier=false
arm=granite_moe.control metric=tokens_generated process=1 run=1 value=128.0000 outlier=false
arm=granite_moe.control metric=tokens_generated process=1 run=2 value=128.0000 outlier=false
arm=granite_moe.control metric=tokens_generated process=1 run=3 value=128.0000 outlier=false
arm=granite_moe.control metric=tokens_generated process=1 run=4 value=128.0000 outlier=false
arm=granite_moe.control metric=tokens_generated process=1 run=5 value=128.0000 outlier=false
arm=granite_moe.control metric=tokens_generated process=1 run=6 value=128.0000 outlier=false
arm=granite_moe.control metric=tokens_generated process=1 run=7 value=128.0000 outlier=false
arm=granite_moe.control metric=tokens_generated process=2 run=1 value=128.0000 outlier=false
arm=granite_moe.control metric=tokens_generated process=2 run=2 value=128.0000 outlier=false
arm=granite_moe.control metric=tokens_generated process=2 run=3 value=128.0000 outlier=false
arm=granite_moe.control metric=tokens_generated process=2 run=4 value=128.0000 outlier=false
arm=granite_moe.control metric=tokens_generated process=2 run=5 value=128.0000 outlier=false
arm=granite_moe.control metric=tokens_generated process=2 run=6 value=128.0000 outlier=false
arm=granite_moe.control metric=tokens_generated process=2 run=7 value=128.0000 outlier=false
summary arm=granite_moe.control metric=tokens_generated n_all=21 median_all=128.0000 cov_all_pct=0.00 min_all=128.0000 max_all=128.0000 | n_kept=21 median_kept=128.0000 mad_kept=0.0000 cov_kept_pct=0.00 min_kept=128.0000 max_kept=128.0000
arm=granite_moe.control metric=cpu_ms process=0 run=1 value=161.8530 outlier=false
arm=granite_moe.control metric=cpu_ms process=0 run=2 value=167.7800 outlier=false
arm=granite_moe.control metric=cpu_ms process=0 run=3 value=162.5070 outlier=false
arm=granite_moe.control metric=cpu_ms process=0 run=4 value=161.9490 outlier=false
arm=granite_moe.control metric=cpu_ms process=0 run=5 value=165.6550 outlier=false
arm=granite_moe.control metric=cpu_ms process=0 run=6 value=164.5370 outlier=false
arm=granite_moe.control metric=cpu_ms process=0 run=7 value=162.8280 outlier=false
arm=granite_moe.control metric=cpu_ms process=1 run=1 value=192.8640 outlier=false
arm=granite_moe.control metric=cpu_ms process=1 run=2 value=166.1110 outlier=false
arm=granite_moe.control metric=cpu_ms process=1 run=3 value=167.1020 outlier=false
arm=granite_moe.control metric=cpu_ms process=1 run=4 value=176.0490 outlier=false
arm=granite_moe.control metric=cpu_ms process=1 run=5 value=171.2840 outlier=false
arm=granite_moe.control metric=cpu_ms process=1 run=6 value=192.8630 outlier=false
arm=granite_moe.control metric=cpu_ms process=1 run=7 value=188.2720 outlier=false
arm=granite_moe.control metric=cpu_ms process=2 run=1 value=171.7740 outlier=false
arm=granite_moe.control metric=cpu_ms process=2 run=2 value=221.9150 outlier=true
arm=granite_moe.control metric=cpu_ms process=2 run=3 value=199.0770 outlier=false
arm=granite_moe.control metric=cpu_ms process=2 run=4 value=186.9950 outlier=false
arm=granite_moe.control metric=cpu_ms process=2 run=5 value=175.0000 outlier=false
arm=granite_moe.control metric=cpu_ms process=2 run=6 value=200.4730 outlier=false
arm=granite_moe.control metric=cpu_ms process=2 run=7 value=190.8910 outlier=false
summary arm=granite_moe.control metric=cpu_ms n_all=21 median_all=171.7740 cov_all_pct=9.03 min_all=161.8530 max_all=221.9150 | n_kept=20 median_kept=171.5290 mad_kept=8.8615 cov_kept_pct=7.47 min_kept=161.8530 max_kept=200.4730
arm=granite_moe.control metric=cpu_pct process=0 run=1 value=21.6200 outlier=false
arm=granite_moe.control metric=cpu_pct process=0 run=2 value=22.5000 outlier=false
arm=granite_moe.control metric=cpu_pct process=0 run=3 value=21.7200 outlier=false
arm=granite_moe.control metric=cpu_pct process=0 run=4 value=21.6500 outlier=false
arm=granite_moe.control metric=cpu_pct process=0 run=5 value=22.2000 outlier=false
arm=granite_moe.control metric=cpu_pct process=0 run=6 value=21.9400 outlier=false
arm=granite_moe.control metric=cpu_pct process=0 run=7 value=21.8200 outlier=false
arm=granite_moe.control metric=cpu_pct process=1 run=1 value=25.9800 outlier=false
arm=granite_moe.control metric=cpu_pct process=1 run=2 value=22.2100 outlier=false
arm=granite_moe.control metric=cpu_pct process=1 run=3 value=22.3700 outlier=false
arm=granite_moe.control metric=cpu_pct process=1 run=4 value=23.5600 outlier=false
arm=granite_moe.control metric=cpu_pct process=1 run=5 value=23.0800 outlier=false
arm=granite_moe.control metric=cpu_pct process=1 run=6 value=25.8800 outlier=false
arm=granite_moe.control metric=cpu_pct process=1 run=7 value=25.0400 outlier=false
arm=granite_moe.control metric=cpu_pct process=2 run=1 value=22.8500 outlier=false
arm=granite_moe.control metric=cpu_pct process=2 run=2 value=29.8200 outlier=true
arm=granite_moe.control metric=cpu_pct process=2 run=3 value=26.8400 outlier=false
arm=granite_moe.control metric=cpu_pct process=2 run=4 value=25.1200 outlier=false
arm=granite_moe.control metric=cpu_pct process=2 run=5 value=23.5600 outlier=false
arm=granite_moe.control metric=cpu_pct process=2 run=6 value=27.0700 outlier=false
arm=granite_moe.control metric=cpu_pct process=2 run=7 value=25.6500 outlier=false
summary arm=granite_moe.control metric=cpu_pct n_all=21 median_all=23.0800 cov_all_pct=9.26 min_all=21.6200 max_all=29.8200 | n_kept=20 median_kept=22.9650 mad_kept=1.1950 cov_kept_pct=7.72 min_kept=21.6200 max_kept=27.0700
memory arm=granite_moe.control metric=peak_rss_bytes process=0 value=1592344576
memory arm=granite_moe.control metric=peak_rss_bytes process=1 value=1613430784
memory arm=granite_moe.control metric=peak_rss_bytes process=2 value=1619804160
summary arm=granite_moe.control metric=peak_rss_bytes n=3 median=1613430784 max=1619804160
memory arm=granite_moe.control metric=peak_footprint_bytes process=0 value=127832704
memory arm=granite_moe.control metric=peak_footprint_bytes process=1 value=133796672
memory arm=granite_moe.control metric=peak_footprint_bytes process=2 value=127915008
summary arm=granite_moe.control metric=peak_footprint_bytes n=3 median=127915008 max=133796672
memory arm=granite_moe.control metric=peak_gpu_bytes process=0 value=1483194368
memory arm=granite_moe.control metric=peak_gpu_bytes process=1 value=1483194368
memory arm=granite_moe.control metric=peak_gpu_bytes process=2 value=1483194368
summary arm=granite_moe.control metric=peak_gpu_bytes n=3 median=1483194368 max=1483194368
extra arm=granite_moe.control process=0 box_gpu_device_utilization_pct_before_launch=Some(92) (ioreg sampler, box-level, not this process)
extra arm=granite_moe.control process=0 peers_present_at_exit=[]
extra arm=granite_moe.control process=1 box_gpu_device_utilization_pct_before_launch=Some(92) (ioreg sampler, box-level, not this process)
extra arm=granite_moe.control process=1 peers_present_at_exit=[]
extra arm=granite_moe.control process=2 box_gpu_device_utilization_pct_before_launch=Some(94) (ioreg sampler, box-level, not this process)
extra arm=granite_moe.control process=2 peers_present_at_exit=[]
bound metric=ms_per_token arm=gemma4_e2b.tip vs=gemma4_e2b.base arm_median=10.8645 reference_median=11.6850 delta=-0.8205 limit=0.6520 within=true
bound metric=prefill_ms arm=gemma4_e2b.tip vs=gemma4_e2b.base arm_median=88.5085 reference_median=90.9970 delta=-2.4885 limit=2.9600 within=true
bound metric=ttft_ms arm=gemma4_e2b.tip vs=gemma4_e2b.base arm_median=88.5000 reference_median=91.0000 delta=-2.5000 limit=3.0000 within=true
bound metric=wall_ms arm=gemma4_e2b.tip vs=gemma4_e2b.base arm_median=1470.1640 reference_median=1574.8340 delta=-104.6700 limit=100.9540 within=true
bound metric=cpu_ms arm=gemma4_e2b.tip vs=gemma4_e2b.base arm_median=307.1090 reference_median=450.9390 delta=-143.8300 limit=161.6060 within=true
bound metric=peak_rss_bytes arm=gemma4_e2b.tip vs=gemma4_e2b.base arm_median=3634511872 reference_median=3635822592 delta=-1310720 limit=72716452 within=true
bound metric=peak_footprint_bytes arm=gemma4_e2b.tip vs=gemma4_e2b.base arm_median=204613888 reference_median=211101888 delta=-6488000 limit=4222038 within=true
bound metric=peak_gpu_bytes arm=gemma4_e2b.tip vs=gemma4_e2b.base arm_median=3389947904 reference_median=3389947904 delta=0 limit=67798958 within=true
bound metric=ms_per_token arm=gemma4_e2b.control vs=gemma4_e2b.base arm_median=10.8470 reference_median=11.6850 delta=-0.8380 limit=0.6520 within=true
bound metric=prefill_ms arm=gemma4_e2b.control vs=gemma4_e2b.base arm_median=88.0255 reference_median=90.9970 delta=-2.9715 limit=2.9600 within=true
bound metric=ttft_ms arm=gemma4_e2b.control vs=gemma4_e2b.base arm_median=88.0000 reference_median=91.0000 delta=-3.0000 limit=3.0000 within=true
bound metric=wall_ms arm=gemma4_e2b.control vs=gemma4_e2b.base arm_median=1465.5570 reference_median=1574.8340 delta=-109.2770 limit=100.9540 within=true
bound metric=cpu_ms arm=gemma4_e2b.control vs=gemma4_e2b.base arm_median=247.4790 reference_median=450.9390 delta=-203.4600 limit=161.6060 within=true
bound metric=peak_rss_bytes arm=gemma4_e2b.control vs=gemma4_e2b.base arm_median=3637755904 reference_median=3635822592 delta=1933312 limit=72716452 within=true
bound metric=peak_footprint_bytes arm=gemma4_e2b.control vs=gemma4_e2b.base arm_median=208234944 reference_median=211101888 delta=-2866944 limit=4222038 within=true
bound metric=peak_gpu_bytes arm=gemma4_e2b.control vs=gemma4_e2b.base arm_median=3389947904 reference_median=3389947904 delta=0 limit=67798958 within=true
bound metric=ms_per_token arm=gemma4_e2b.control vs=gemma4_e2b.tip arm_median=10.8470 reference_median=10.8645 delta=-0.0175 limit=0.2173 within=true
bound metric=prefill_ms arm=gemma4_e2b.control vs=gemma4_e2b.tip arm_median=88.0255 reference_median=88.5085 delta=-0.4830 limit=1.7702 within=true
bound metric=ttft_ms arm=gemma4_e2b.control vs=gemma4_e2b.tip arm_median=88.0000 reference_median=88.5000 delta=-0.5000 limit=1.7700 within=true
bound metric=wall_ms arm=gemma4_e2b.control vs=gemma4_e2b.tip arm_median=1465.5570 reference_median=1470.1640 delta=-4.6070 limit=29.4033 within=true
bound metric=cpu_ms arm=gemma4_e2b.control vs=gemma4_e2b.tip arm_median=247.4790 reference_median=307.1090 delta=-59.6300 limit=71.8220 within=true
bound metric=peak_rss_bytes arm=gemma4_e2b.control vs=gemma4_e2b.tip arm_median=3637755904 reference_median=3634511872 delta=3244032 limit=72690237 within=true
bound metric=peak_footprint_bytes arm=gemma4_e2b.control vs=gemma4_e2b.tip arm_median=208234944 reference_median=204613888 delta=3621056 limit=4092278 within=true
bound metric=peak_gpu_bytes arm=gemma4_e2b.control vs=gemma4_e2b.tip arm_median=3389947904 reference_median=3389947904 delta=0 limit=67798958 within=true
bound metric=ms_per_token arm=granite_moe.tip vs=granite_moe.base arm_median=5.5670 reference_median=5.5395 delta=0.0275 limit=0.1108 within=true
bound metric=prefill_ms arm=granite_moe.tip vs=granite_moe.base arm_median=40.0220 reference_median=42.0045 delta=-1.9825 limit=0.8401 within=true
bound metric=ttft_ms arm=granite_moe.tip vs=granite_moe.base arm_median=40.0000 reference_median=42.0000 delta=-2.0000 limit=0.8400 within=true
bound metric=wall_ms arm=granite_moe.tip vs=granite_moe.base arm_median=747.8900 reference_median=745.7140 delta=2.1760 limit=14.9143 within=true
bound metric=cpu_ms arm=granite_moe.tip vs=granite_moe.base arm_median=173.0895 reference_median=166.3700 delta=6.7195 limit=3.3274 within=false
bound metric=peak_rss_bytes arm=granite_moe.tip vs=granite_moe.base arm_median=1617281024 reference_median=1607761920 delta=9519104 limit=32155238 within=true
bound metric=peak_footprint_bytes arm=granite_moe.tip vs=granite_moe.base arm_median=126128896 reference_median=128324416 delta=-2195520 limit=2566488 within=true
bound metric=peak_gpu_bytes arm=granite_moe.tip vs=granite_moe.base arm_median=1483194368 reference_median=1483063296 delta=131072 limit=29661266 within=true
bound metric=ms_per_token arm=granite_moe.control vs=granite_moe.base arm_median=5.5600 reference_median=5.5395 delta=0.0205 limit=0.1108 within=true
bound metric=prefill_ms arm=granite_moe.control vs=granite_moe.base arm_median=40.0110 reference_median=42.0045 delta=-1.9935 limit=0.8401 within=true
bound metric=ttft_ms arm=granite_moe.control vs=granite_moe.base arm_median=40.0000 reference_median=42.0000 delta=-2.0000 limit=0.8400 within=true
bound metric=wall_ms arm=granite_moe.control vs=granite_moe.base arm_median=746.0870 reference_median=745.7140 delta=0.3730 limit=14.9143 within=true
bound metric=cpu_ms arm=granite_moe.control vs=granite_moe.base arm_median=171.5290 reference_median=166.3700 delta=5.1590 limit=3.3274 within=false
bound metric=peak_rss_bytes arm=granite_moe.control vs=granite_moe.base arm_median=1613430784 reference_median=1607761920 delta=5668864 limit=32155238 within=true
bound metric=peak_footprint_bytes arm=granite_moe.control vs=granite_moe.base arm_median=127915008 reference_median=128324416 delta=-409408 limit=2566488 within=true
bound metric=peak_gpu_bytes arm=granite_moe.control vs=granite_moe.base arm_median=1483194368 reference_median=1483063296 delta=131072 limit=29661266 within=true
bound metric=ms_per_token arm=granite_moe.control vs=granite_moe.tip arm_median=5.5600 reference_median=5.5670 delta=-0.0070 limit=0.1113 within=true
bound metric=prefill_ms arm=granite_moe.control vs=granite_moe.tip arm_median=40.0110 reference_median=40.0220 delta=-0.0110 limit=0.8004 within=true
bound metric=ttft_ms arm=granite_moe.control vs=granite_moe.tip arm_median=40.0000 reference_median=40.0000 delta=0.0000 limit=0.8000 within=true
bound metric=wall_ms arm=granite_moe.control vs=granite_moe.tip arm_median=746.0870 reference_median=747.8900 delta=-1.8030 limit=14.9578 within=true
bound metric=cpu_ms arm=granite_moe.control vs=granite_moe.tip arm_median=171.5290 reference_median=173.0895 delta=-1.5605 limit=6.3935 within=true
bound metric=peak_rss_bytes arm=granite_moe.control vs=granite_moe.tip arm_median=1613430784 reference_median=1617281024 delta=-3850240 limit=32345620 within=true
bound metric=peak_footprint_bytes arm=granite_moe.control vs=granite_moe.tip arm_median=127915008 reference_median=126128896 delta=1786112 limit=2522578 within=true
bound metric=peak_gpu_bytes arm=granite_moe.control vs=granite_moe.tip arm_median=1483194368 reference_median=1483194368 delta=0 limit=29663887 within=true
