2026-10-08T15:21:57.786891459Z DEBUG omega::metal::placements_execute_named: chunk_phase step=0 chunk=1 phase=scheduled start_raw_s=678345.249819083 end_raw_s=678345.249819083
2026-10-08T15:21:58.026791834Z DEBUG omega::metal::placements_execute_named: chunk_phase step=0 chunk=1 phase=gpu start_raw_s=678345.2498572917 end_raw_s=678345.489587125
2026-10-08T15:21:58.078705250Z DEBUG omega::metal::placements_execute_named: chunk_phase step=1 chunk=1 phase=scheduled start_raw_s=678345.541637125 end_raw_s=678345.541637125
2026-10-08T15:21:58.078873959Z DEBUG omega::metal::placements_execute_named: chunk_phase step=1 chunk=3 phase=scheduled start_raw_s=678345.541806708 end_raw_s=678345.541806708
2026-10-08T15:21:58.079276917Z DEBUG omega::metal::placements_execute_named: chunk_phase step=1 chunk=5 phase=scheduled start_raw_s=678345.542209791 end_raw_s=678345.542209791
2026-10-08T15:21:58.079633334Z DEBUG omega::metal::placements_execute_named: chunk_phase step=1 chunk=2 phase=gpu start_raw_s=678345.542233375 end_raw_s=678345.5424755
2026-10-08T15:21:58.079787875Z DEBUG omega::metal::placements_execute_named: chunk_phase step=1 chunk=7 phase=scheduled start_raw_s=678345.542720791 end_raw_s=678345.542720791
2026-10-08T15:21:58.080069750Z DEBUG omega::metal::placements_execute_named: chunk_phase step=1 chunk=3 phase=gpu start_raw_s=678345.5424945417 end_raw_s=678345.5428978751
2026-10-08T15:21:58.080554417Z DEBUG omega::metal::placements_execute_named: chunk_phase step=1 chunk=4 phase=gpu start_raw_s=678345.5429267917 end_raw_s=678345.5433898751
2026-10-08T15:21:58.081237667Z DEBUG omega::metal::placements_execute_named: chunk_phase step=1 chunk=5 phase=gpu start_raw_s=678345.5434150001 end_raw_s=678345.5440608751
2026-10-08T15:21:58.082151250Z DEBUG omega::metal::placements_execute_named: chunk_phase step=1 chunk=6 phase=gpu start_raw_s=678345.5440972917 end_raw_s=678345.5449845417
2026-10-08T15:21:58.083371792Z DEBUG omega::metal::placements_execute_named: chunk_phase step=1 chunk=7 phase=gpu start_raw_s=678345.5450119167 end_raw_s=678345.5461882501
2026-10-08T15:21:58.085034084Z DEBUG omega::metal::placements_execute_named: chunk_phase step=1 chunk=8 phase=gpu start_raw_s=678345.5462285001 end_raw_s=678345.54782075
2026-10-08T15:21:58.078745459Z DEBUG omega::metal::placements_execute_named: chunk_phase step=1 chunk=2 phase=scheduled start_raw_s=678345.541676333 end_raw_s=678345.541676333
2026-10-08T15:21:58.079047250Z DEBUG omega::metal::placements_execute_named: chunk_phase step=1 chunk=4 phase=scheduled start_raw_s=678345.541980083 end_raw_s=678345.541980083
2026-10-08T15:21:58.079393334Z DEBUG omega::metal::placements_execute_named: chunk_phase step=1 chunk=1 phase=gpu start_raw_s=678345.5418902917 end_raw_s=678345.54221
2026-10-08T15:21:58.079532250Z DEBUG omega::metal::placements_execute_named: chunk_phase step=1 chunk=6 phase=scheduled start_raw_s=678345.542465166 end_raw_s=678345.542465166
2026-10-08T15:21:58.080142875Z DEBUG omega::metal::placements_execute_named: chunk_phase step=1 chunk=8 phase=scheduled start_raw_s=678345.543075875 end_raw_s=678345.543075875
2026-10-08T15:21:58.085726542Z DEBUG omega::metal::placements_execute_named: chunk_phase step=2 chunk=4 phase=scheduled start_raw_s=678345.548659416 end_raw_s=678345.548659416
2026-10-08T15:21:58.086095834Z DEBUG omega::metal::placements_execute_named: chunk_phase step=2 chunk=6 phase=scheduled start_raw_s=678345.549028708 end_raw_s=678345.549028708
2026-10-08T15:21:58.086582209Z DEBUG omega::metal::placements_execute_named: chunk_phase step=2 chunk=3 phase=gpu start_raw_s=678345.549017375 end_raw_s=678345.5494062917
2026-10-08T15:21:58.086697959Z DEBUG omega::metal::placements_execute_named: chunk_phase step=2 chunk=8 phase=scheduled start_raw_s=678345.549630916 end_raw_s=678345.549630916
2026-10-08T15:21:58.091872000Z DEBUG omega::metal::placements_execute_named: chunk_phase step=3 chunk=1 phase=scheduled start_raw_s=678345.554804375 end_raw_s=678345.554804375
2026-10-08T15:21:58.092006959Z DEBUG omega::metal::placements_execute_named: chunk_phase step=3 chunk=3 phase=scheduled start_raw_s=678345.554935875 end_raw_s=678345.554935875
2026-10-08T15:21:58.092116792Z DEBUG omega::metal::placements_execute_named: chunk_phase step=3 chunk=4 phase=scheduled start_raw_s=678345.555049708 end_raw_s=678345.555049708
2026-10-08T15:21:58.085494667Z DEBUG omega::metal::placements_execute_named: chunk_phase step=2 chunk=1 phase=scheduled start_raw_s=678345.548427208 end_raw_s=678345.548427208
2026-10-08T15:21:58.085497875Z DEBUG omega::metal::placements_execute_named: chunk_phase step=2 chunk=2 phase=scheduled start_raw_s=678345.548429 end_raw_s=678345.548429
2026-10-08T15:21:58.085611334Z DEBUG omega::metal::placements_execute_named: chunk_phase step=2 chunk=3 phase=scheduled start_raw_s=678345.548544083 end_raw_s=678345.548544083
2026-10-08T15:21:58.085888375Z DEBUG omega::metal::placements_execute_named: chunk_phase step=2 chunk=5 phase=scheduled start_raw_s=678345.548821291 end_raw_s=678345.548821291
2026-10-08T15:21:58.085889709Z DEBUG omega::metal::placements_execute_named: chunk_phase step=2 chunk=1 phase=gpu start_raw_s=678345.548487875 end_raw_s=678345.5487515001
2026-10-08T15:21:58.086173125Z DEBUG omega::metal::placements_execute_named: chunk_phase step=2 chunk=2 phase=gpu start_raw_s=678345.548774 end_raw_s=678345.548995375
2026-10-08T15:21:58.086368209Z DEBUG omega::metal::placements_execute_named: chunk_phase step=2 chunk=7 phase=scheduled start_raw_s=678345.549301125 end_raw_s=678345.549301125
2026-10-08T15:21:58.087044667Z DEBUG omega::metal::placements_execute_named: chunk_phase step=2 chunk=4 phase=gpu start_raw_s=678345.5494285417 end_raw_s=678345.549883125
2026-10-08T15:21:58.087747417Z DEBUG omega::metal::placements_execute_named: chunk_phase step=2 chunk=5 phase=gpu start_raw_s=678345.549909375 end_raw_s=678345.550581375
2026-10-08T15:21:58.088663792Z DEBUG omega::metal::placements_execute_named: chunk_phase step=2 chunk=6 phase=gpu start_raw_s=678345.5506119167 end_raw_s=678345.5514824167
2026-10-08T15:21:58.089882000Z DEBUG omega::metal::placements_execute_named: chunk_phase step=2 chunk=7 phase=gpu start_raw_s=678345.5515121251 end_raw_s=678345.5526901251
2026-10-08T15:21:58.091480542Z DEBUG omega::metal::placements_execute_named: chunk_phase step=2 chunk=8 phase=gpu start_raw_s=678345.552734875 end_raw_s=678345.5543002917
2026-10-08T15:21:58.091894084Z DEBUG omega::metal::placements_execute_named: chunk_phase step=3 chunk=2 phase=scheduled start_raw_s=678345.554826958 end_raw_s=678345.554826958
2026-10-08T15:21:58.092275209Z DEBUG omega::metal::placements_execute_named: chunk_phase step=3 chunk=5 phase=scheduled start_raw_s=678345.55520825 end_raw_s=678345.55520825
2026-10-08T15:21:58.092330375Z DEBUG omega::metal::placements_execute_named: chunk_phase step=3 chunk=1 phase=gpu start_raw_s=678345.554879375 end_raw_s=678345.5551457917
2026-10-08T15:21:58.092482000Z DEBUG omega::metal::placements_execute_named: chunk_phase step=3 chunk=6 phase=scheduled start_raw_s=678345.555414875 end_raw_s=678345.555414875
2026-10-08T15:21:58.092997792Z DEBUG omega::metal::placements_execute_named: chunk_phase step=3 chunk=3 phase=gpu start_raw_s=678345.5554145001 end_raw_s=678345.555807
2026-10-08T15:21:58.093063542Z DEBUG omega::metal::placements_execute_named: chunk_phase step=3 chunk=8 phase=scheduled start_raw_s=678345.55599675 end_raw_s=678345.55599675
2026-10-08T15:21:58.098352792Z DEBUG omega::metal::placements_execute_named: chunk_phase step=4 chunk=1 phase=scheduled start_raw_s=678345.561285541 end_raw_s=678345.561285541
2026-10-08T15:21:58.098356334Z DEBUG omega::metal::placements_execute_named: chunk_phase step=4 chunk=2 phase=scheduled start_raw_s=678345.561289625 end_raw_s=678345.561289625
2026-10-08T15:21:58.098474125Z DEBUG omega::metal::placements_execute_named: chunk_phase step=4 chunk=3 phase=scheduled start_raw_s=678345.561406916 end_raw_s=678345.561406916
2026-10-08T15:21:58.098738167Z DEBUG omega::metal::placements_execute_named: chunk_phase step=4 chunk=5 phase=scheduled start_raw_s=678345.561671083 end_raw_s=678345.561671083
2026-10-08T15:21:58.099029500Z DEBUG omega::metal::placements_execute_named: chunk_phase step=4 chunk=2 phase=gpu start_raw_s=678345.5616277917 end_raw_s=678345.56185725
2026-10-08T15:21:58.092568250Z DEBUG omega::metal::placements_execute_named: chunk_phase step=3 chunk=2 phase=gpu start_raw_s=678345.5551657501 end_raw_s=678345.555389125
2026-10-08T15:21:58.092754500Z DEBUG omega::metal::placements_execute_named: chunk_phase step=3 chunk=7 phase=scheduled start_raw_s=678345.555687416 end_raw_s=678345.555687416
2026-10-08T15:21:58.093436084Z DEBUG omega::metal::placements_execute_named: chunk_phase step=3 chunk=4 phase=gpu start_raw_s=678345.55582825 end_raw_s=678345.5562805417
2026-10-08T15:21:58.094135417Z DEBUG omega::metal::placements_execute_named: chunk_phase step=3 chunk=5 phase=gpu start_raw_s=678345.5563039167 end_raw_s=678345.556979
2026-10-08T15:21:58.095048375Z DEBUG omega::metal::placements_execute_named: chunk_phase step=3 chunk=6 phase=gpu start_raw_s=678345.5570051667 end_raw_s=678345.5578901668
2026-10-08T15:21:58.096294584Z DEBUG omega::metal::placements_execute_named: chunk_phase step=3 chunk=7 phase=gpu start_raw_s=678345.5579139167 end_raw_s=678345.559132375
2026-10-08T15:21:58.097925667Z DEBUG omega::metal::placements_execute_named: chunk_phase step=3 chunk=8 phase=gpu start_raw_s=678345.55916375 end_raw_s=678345.560718875
2026-10-08T15:21:58.098587292Z DEBUG omega::metal::placements_execute_named: chunk_phase step=4 chunk=4 phase=scheduled start_raw_s=678345.561520208 end_raw_s=678345.561520208
2026-10-08T15:21:58.098792167Z DEBUG omega::metal::placements_execute_named: chunk_phase step=4 chunk=1 phase=gpu start_raw_s=678345.5613420417 end_raw_s=678345.5616070417
2026-10-08T15:21:58.098948709Z DEBUG omega::metal::placements_execute_named: chunk_phase step=4 chunk=6 phase=scheduled start_raw_s=678345.561881625 end_raw_s=678345.561881625
2026-10-08T15:21:58.099221917Z DEBUG omega::metal::placements_execute_named: chunk_phase step=4 chunk=7 phase=scheduled start_raw_s=678345.562154791 end_raw_s=678345.562154791
2026-10-08T15:21:58.099898250Z DEBUG omega::metal::placements_execute_named: chunk_phase step=4 chunk=4 phase=gpu start_raw_s=678345.562280375 end_raw_s=678345.5627399167
2026-10-08T15:21:58.100591709Z DEBUG omega::metal::placements_execute_named: chunk_phase step=4 chunk=5 phase=gpu start_raw_s=678345.5627675 end_raw_s=678345.5634371251
2026-10-08T15:21:58.101506959Z DEBUG omega::metal::placements_execute_named: chunk_phase step=4 chunk=6 phase=gpu start_raw_s=678345.5634665 end_raw_s=678345.564353875
2026-10-08T15:21:58.102744000Z DEBUG omega::metal::placements_execute_named: chunk_phase step=4 chunk=7 phase=gpu start_raw_s=678345.56437975 end_raw_s=678345.5655879168
2026-10-08T15:21:58.104372334Z DEBUG omega::metal::placements_execute_named: chunk_phase step=4 chunk=8 phase=gpu start_raw_s=678345.5656127917 end_raw_s=678345.56720675
2026-10-08T15:21:58.104711542Z DEBUG omega::metal::placements_execute_named: chunk_phase step=5 chunk=1 phase=scheduled start_raw_s=678345.567644416 end_raw_s=678345.567644416
2026-10-08T15:21:58.104854667Z DEBUG omega::metal::placements_execute_named: chunk_phase step=5 chunk=3 phase=scheduled start_raw_s=678345.567787583 end_raw_s=678345.567787583
2026-10-08T15:21:58.105120125Z DEBUG omega::metal::placements_execute_named: chunk_phase step=5 chunk=1 phase=gpu start_raw_s=678345.567705375 end_raw_s=678345.5679685418
2026-10-08T15:21:58.105126292Z DEBUG omega::metal::placements_execute_named: chunk_phase step=5 chunk=5 phase=scheduled start_raw_s=678345.568059458 end_raw_s=678345.568059458
2026-10-08T15:21:58.105363750Z DEBUG omega::metal::placements_execute_named: chunk_phase step=5 chunk=2 phase=gpu start_raw_s=678345.5679887917 end_raw_s=678345.56821175
2026-10-08T15:21:58.105586167Z DEBUG omega::metal::placements_execute_named: chunk_phase step=5 chunk=7 phase=scheduled start_raw_s=678345.568519166 end_raw_s=678345.568519166
2026-10-08T15:21:58.099430667Z DEBUG omega::metal::placements_execute_named: chunk_phase step=4 chunk=3 phase=gpu start_raw_s=678345.5618670001 end_raw_s=678345.5622577501
2026-10-08T15:21:58.099531500Z DEBUG omega::metal::placements_execute_named: chunk_phase step=4 chunk=8 phase=scheduled start_raw_s=678345.562464666 end_raw_s=678345.562464666
2026-10-08T15:21:58.104738500Z DEBUG omega::metal::placements_execute_named: chunk_phase step=5 chunk=2 phase=scheduled start_raw_s=678345.567671625 end_raw_s=678345.567671625
2026-10-08T15:21:58.104966500Z DEBUG omega::metal::placements_execute_named: chunk_phase step=5 chunk=4 phase=scheduled start_raw_s=678345.567899416 end_raw_s=678345.567899416
2026-10-08T15:21:58.105319542Z DEBUG omega::metal::placements_execute_named: chunk_phase step=5 chunk=6 phase=scheduled start_raw_s=678345.568252416 end_raw_s=678345.568252416
2026-10-08T15:21:58.105798792Z DEBUG omega::metal::placements_execute_named: chunk_phase step=5 chunk=3 phase=gpu start_raw_s=678345.568233 end_raw_s=678345.5686234167
2026-10-08T15:21:58.105900292Z DEBUG omega::metal::placements_execute_named: chunk_phase step=5 chunk=8 phase=scheduled start_raw_s=678345.568833416 end_raw_s=678345.568833416
2026-10-08T15:21:58.106250084Z DEBUG omega::metal::placements_execute_named: chunk_phase step=5 chunk=4 phase=gpu start_raw_s=678345.5686473751 end_raw_s=678345.5690917918
2026-10-08T15:21:58.106942417Z DEBUG omega::metal::placements_execute_named: chunk_phase step=5 chunk=5 phase=gpu start_raw_s=678345.56911625 end_raw_s=678345.5697807501
2026-10-08T15:21:58.107835417Z DEBUG omega::metal::placements_execute_named: chunk_phase step=5 chunk=6 phase=gpu start_raw_s=678345.5698067917 end_raw_s=678345.570659125
2026-10-08T15:21:58.109055125Z DEBUG omega::metal::placements_execute_named: chunk_phase step=5 chunk=7 phase=gpu start_raw_s=678345.570689875 end_raw_s=678345.5718993751
2026-10-08T15:21:58.110692500Z DEBUG omega::metal::placements_execute_named: chunk_phase step=5 chunk=8 phase=gpu start_raw_s=678345.57192875 end_raw_s=678345.57352925
2026-10-08T15:21:58.111029750Z DEBUG omega::metal::placements_execute_named: chunk_phase step=6 chunk=1 phase=scheduled start_raw_s=678345.573962583 end_raw_s=678345.573962583
2026-10-08T15:21:58.111168250Z DEBUG omega::metal::placements_execute_named: chunk_phase step=6 chunk=3 phase=scheduled start_raw_s=678345.574101166 end_raw_s=678345.574101166
2026-10-08T15:21:58.111430792Z DEBUG omega::metal::placements_execute_named: chunk_phase step=6 chunk=5 phase=scheduled start_raw_s=678345.574363708 end_raw_s=678345.574363708
2026-10-08T15:21:58.111737667Z DEBUG omega::metal::placements_execute_named: chunk_phase step=6 chunk=2 phase=gpu start_raw_s=678345.5743183751 end_raw_s=678345.5745405001
2026-10-08T15:21:58.111913167Z DEBUG omega::metal::placements_execute_named: chunk_phase step=6 chunk=7 phase=scheduled start_raw_s=678345.574846083 end_raw_s=678345.574846083
2026-10-08T15:21:58.112593792Z DEBUG omega::metal::placements_execute_named: chunk_phase step=6 chunk=4 phase=gpu start_raw_s=678345.574971375 end_raw_s=678345.575420625
2026-10-08T15:21:58.111054042Z DEBUG omega::metal::placements_execute_named: chunk_phase step=6 chunk=2 phase=scheduled start_raw_s=678345.573987125 end_raw_s=678345.573987125
2026-10-08T15:21:58.111279917Z DEBUG omega::metal::placements_execute_named: chunk_phase step=6 chunk=4 phase=scheduled start_raw_s=678345.574212833 end_raw_s=678345.574212833
2026-10-08T15:21:58.111458375Z DEBUG omega::metal::placements_execute_named: chunk_phase step=6 chunk=1 phase=gpu start_raw_s=678345.574031375 end_raw_s=678345.5742927917
2026-10-08T15:21:58.111634834Z DEBUG omega::metal::placements_execute_named: chunk_phase step=6 chunk=6 phase=scheduled start_raw_s=678345.574567708 end_raw_s=678345.574567708
2026-10-08T15:21:58.112124959Z DEBUG omega::metal::placements_execute_named: chunk_phase step=6 chunk=3 phase=gpu start_raw_s=678345.5745615 end_raw_s=678345.574950375
2026-10-08T15:21:58.112221334Z DEBUG omega::metal::placements_execute_named: chunk_phase step=6 chunk=8 phase=scheduled start_raw_s=678345.575154375 end_raw_s=678345.575154375
2026-10-08T15:21:58.113257959Z DEBUG omega::metal::placements_execute_named: chunk_phase step=6 chunk=5 phase=gpu start_raw_s=678345.575444375 end_raw_s=678345.5760931667
2026-10-08T15:21:58.114163959Z DEBUG omega::metal::placements_execute_named: chunk_phase step=6 chunk=6 phase=gpu start_raw_s=678345.57612175 end_raw_s=678345.577006625
2026-10-08T15:21:58.115421875Z DEBUG omega::metal::placements_execute_named: chunk_phase step=6 chunk=7 phase=gpu start_raw_s=678345.5770320001 end_raw_s=678345.578246
2026-10-08T15:21:58.117023042Z DEBUG omega::metal::placements_execute_named: chunk_phase step=6 chunk=8 phase=gpu start_raw_s=678345.578279 end_raw_s=678345.5798611251
2026-10-08T15:21:58.117369000Z DEBUG omega::metal::placements_execute_named: chunk_phase step=7 chunk=1 phase=scheduled start_raw_s=678345.580301791 end_raw_s=678345.580301791
2026-10-08T15:21:58.117390084Z DEBUG omega::metal::placements_execute_named: chunk_phase step=7 chunk=2 phase=scheduled start_raw_s=678345.58032325 end_raw_s=678345.58032325
2026-10-08T15:21:58.117512834Z DEBUG omega::metal::placements_execute_named: chunk_phase step=7 chunk=3 phase=scheduled start_raw_s=678345.580445833 end_raw_s=678345.580445833
2026-10-08T15:21:58.117787709Z DEBUG omega::metal::placements_execute_named: chunk_phase step=7 chunk=1 phase=gpu start_raw_s=678345.5803730417 end_raw_s=678345.5806345
2026-10-08T15:21:58.117794292Z DEBUG omega::metal::placements_execute_named: chunk_phase step=7 chunk=5 phase=scheduled start_raw_s=678345.580727541 end_raw_s=678345.580727541
2026-10-08T15:21:58.118054625Z DEBUG omega::metal::placements_execute_named: chunk_phase step=7 chunk=2 phase=gpu start_raw_s=678345.5806561251 end_raw_s=678345.580877125
2026-10-08T15:21:58.118242375Z DEBUG omega::metal::placements_execute_named: chunk_phase step=7 chunk=7 phase=scheduled start_raw_s=678345.58117525 end_raw_s=678345.58117525
2026-10-08T15:21:58.118929959Z DEBUG omega::metal::placements_execute_named: chunk_phase step=7 chunk=4 phase=gpu start_raw_s=678345.5813051667 end_raw_s=678345.5817714167
2026-10-08T15:21:58.119598625Z DEBUG omega::metal::placements_execute_named: chunk_phase step=7 chunk=5 phase=gpu start_raw_s=678345.5817952501 end_raw_s=678345.5824256251
2026-10-08T15:21:58.117626000Z DEBUG omega::metal::placements_execute_named: chunk_phase step=7 chunk=4 phase=scheduled start_raw_s=678345.580558833 end_raw_s=678345.580558833
2026-10-08T15:21:58.117977000Z DEBUG omega::metal::placements_execute_named: chunk_phase step=7 chunk=6 phase=scheduled start_raw_s=678345.580909916 end_raw_s=678345.580909916
2026-10-08T15:21:58.118455084Z DEBUG omega::metal::placements_execute_named: chunk_phase step=7 chunk=3 phase=gpu start_raw_s=678345.5808976667 end_raw_s=678345.5812850001
2026-10-08T15:21:58.118548250Z DEBUG omega::metal::placements_execute_named: chunk_phase step=7 chunk=8 phase=scheduled start_raw_s=678345.581481333 end_raw_s=678345.581481333
2026-10-08T15:21:58.120482459Z DEBUG omega::metal::placements_execute_named: chunk_phase step=7 chunk=6 phase=gpu start_raw_s=678345.5824512917 end_raw_s=678345.5833205001
2026-10-08T15:21:58.121735792Z DEBUG omega::metal::placements_execute_named: chunk_phase step=7 chunk=7 phase=gpu start_raw_s=678345.5833451251 end_raw_s=678345.5845632501
2026-10-08T15:21:58.123371542Z DEBUG omega::metal::placements_execute_named: chunk_phase step=7 chunk=8 phase=gpu start_raw_s=678345.584598875 end_raw_s=678345.5861990417
2026-10-08T15:21:58.123695917Z DEBUG omega::metal::placements_execute_named: chunk_phase step=8 chunk=1 phase=scheduled start_raw_s=678345.586628791 end_raw_s=678345.586628791
2026-10-08T15:21:58.123839042Z DEBUG omega::metal::placements_execute_named: chunk_phase step=8 chunk=3 phase=scheduled start_raw_s=678345.586772 end_raw_s=678345.586772
2026-10-08T15:21:58.124386209Z DEBUG omega::metal::placements_execute_named: chunk_phase step=8 chunk=2 phase=gpu start_raw_s=678345.5869748751 end_raw_s=678345.5871984167
2026-10-08T15:21:58.124568250Z DEBUG omega::metal::placements_execute_named: chunk_phase step=8 chunk=7 phase=scheduled start_raw_s=678345.587501125 end_raw_s=678345.587501125
2026-10-08T15:21:58.125259750Z DEBUG omega::metal::placements_execute_named: chunk_phase step=8 chunk=4 phase=gpu start_raw_s=678345.587630625 end_raw_s=678345.5880981251
2026-10-08T15:21:58.125975292Z DEBUG omega::metal::placements_execute_named: chunk_phase step=8 chunk=5 phase=gpu start_raw_s=678345.5881238751 end_raw_s=678345.588797
2026-10-08T15:21:58.123721459Z DEBUG omega::metal::placements_execute_named: chunk_phase step=8 chunk=2 phase=scheduled start_raw_s=678345.5866545 end_raw_s=678345.5866545
2026-10-08T15:21:58.123948042Z DEBUG omega::metal::placements_execute_named: chunk_phase step=8 chunk=4 phase=scheduled start_raw_s=678345.586881 end_raw_s=678345.586881
2026-10-08T15:21:58.124166000Z DEBUG omega::metal::placements_execute_named: chunk_phase step=8 chunk=1 phase=gpu start_raw_s=678345.5867062917 end_raw_s=678345.586965625
2026-10-08T15:21:58.124172292Z DEBUG omega::metal::placements_execute_named: chunk_phase step=8 chunk=5 phase=scheduled start_raw_s=678345.5871055 end_raw_s=678345.5871055
2026-10-08T15:21:58.124308667Z DEBUG omega::metal::placements_execute_named: chunk_phase step=8 chunk=6 phase=scheduled start_raw_s=678345.587241583 end_raw_s=678345.587241583
2026-10-08T15:21:58.124781292Z DEBUG omega::metal::placements_execute_named: chunk_phase step=8 chunk=3 phase=gpu start_raw_s=678345.587221125 end_raw_s=678345.5876092501
2026-10-08T15:21:58.124871375Z DEBUG omega::metal::placements_execute_named: chunk_phase step=8 chunk=8 phase=scheduled start_raw_s=678345.587804458 end_raw_s=678345.587804458
2026-10-08T15:21:58.126828959Z DEBUG omega::metal::placements_execute_named: chunk_phase step=8 chunk=6 phase=gpu start_raw_s=678345.58882425 end_raw_s=678345.5896626667
2026-10-08T15:21:58.128050917Z DEBUG omega::metal::placements_execute_named: chunk_phase step=8 chunk=7 phase=gpu start_raw_s=678345.5896833751 end_raw_s=678345.5908835417
2026-10-08T15:21:58.129686625Z DEBUG omega::metal::placements_execute_named: chunk_phase step=8 chunk=8 phase=gpu start_raw_s=678345.5909102501 end_raw_s=678345.592521625
2026-10-08T15:21:58.130025750Z DEBUG omega::metal::placements_execute_named: chunk_phase step=9 chunk=1 phase=scheduled start_raw_s=678345.592958666 end_raw_s=678345.592958666
2026-10-08T15:21:58.130173167Z DEBUG omega::metal::placements_execute_named: chunk_phase step=9 chunk=3 phase=scheduled start_raw_s=678345.593106125 end_raw_s=678345.593106125
2026-10-08T15:21:58.130465667Z DEBUG omega::metal::placements_execute_named: chunk_phase step=9 chunk=5 phase=scheduled start_raw_s=678345.59339875 end_raw_s=678345.59339875
2026-10-08T15:21:58.130790417Z DEBUG omega::metal::placements_execute_named: chunk_phase step=9 chunk=2 phase=gpu start_raw_s=678345.5933066667 end_raw_s=678345.593528
2026-10-08T15:21:58.130918792Z DEBUG omega::metal::placements_execute_named: chunk_phase step=9 chunk=7 phase=scheduled start_raw_s=678345.593851666 end_raw_s=678345.593851666
2026-10-08T15:21:58.131593334Z DEBUG omega::metal::placements_execute_named: chunk_phase step=9 chunk=4 phase=gpu start_raw_s=678345.5939667501 end_raw_s=678345.5944267918
2026-10-08T15:21:58.132363417Z DEBUG omega::metal::placements_execute_named: chunk_phase step=9 chunk=5 phase=gpu start_raw_s=678345.594455375 end_raw_s=678345.5951240417
2026-10-08T15:21:58.130054292Z DEBUG omega::metal::placements_execute_named: chunk_phase step=9 chunk=2 phase=scheduled start_raw_s=678345.592987333 end_raw_s=678345.592987333
2026-10-08T15:21:58.130287959Z DEBUG omega::metal::placements_execute_named: chunk_phase step=9 chunk=4 phase=scheduled start_raw_s=678345.593220875 end_raw_s=678345.593220875
2026-10-08T15:21:58.130433292Z DEBUG omega::metal::placements_execute_named: chunk_phase step=9 chunk=1 phase=gpu start_raw_s=678345.5930192501 end_raw_s=678345.5932859167
2026-10-08T15:21:58.130660417Z DEBUG omega::metal::placements_execute_named: chunk_phase step=9 chunk=6 phase=scheduled start_raw_s=678345.593593333 end_raw_s=678345.593593333
2026-10-08T15:21:58.131120709Z DEBUG omega::metal::placements_execute_named: chunk_phase step=9 chunk=3 phase=gpu start_raw_s=678345.593552125 end_raw_s=678345.59394225
2026-10-08T15:21:58.131232167Z DEBUG omega::metal::placements_execute_named: chunk_phase step=9 chunk=8 phase=scheduled start_raw_s=678345.594165333 end_raw_s=678345.594165333
2026-10-08T15:21:58.133147375Z DEBUG omega::metal::placements_execute_named: chunk_phase step=9 chunk=6 phase=gpu start_raw_s=678345.595149875 end_raw_s=678345.5959777917
2026-10-08T15:21:58.134403125Z DEBUG omega::metal::placements_execute_named: chunk_phase step=9 chunk=7 phase=gpu start_raw_s=678345.5960052917 end_raw_s=678345.5972338751
2026-10-08T15:21:58.136037875Z DEBUG omega::metal::placements_execute_named: chunk_phase step=9 chunk=8 phase=gpu start_raw_s=678345.5972620001 end_raw_s=678345.598872625
2026-10-08T15:21:58.136365834Z DEBUG omega::metal::placements_execute_named: chunk_phase step=10 chunk=1 phase=scheduled start_raw_s=678345.599298625 end_raw_s=678345.599298625
2026-10-08T15:21:58.136506209Z DEBUG omega::metal::placements_execute_named: chunk_phase step=10 chunk=3 phase=scheduled start_raw_s=678345.599439125 end_raw_s=678345.599439125
2026-10-08T15:21:58.136775917Z DEBUG omega::metal::placements_execute_named: chunk_phase step=10 chunk=1 phase=gpu start_raw_s=678345.5993695001 end_raw_s=678345.599627875
2026-10-08T15:21:58.136780792Z DEBUG omega::metal::placements_execute_named: chunk_phase step=10 chunk=5 phase=scheduled start_raw_s=678345.599714 end_raw_s=678345.599714
2026-10-08T15:21:58.137050959Z DEBUG omega::metal::placements_execute_named: chunk_phase step=10 chunk=2 phase=gpu start_raw_s=678345.599648625 end_raw_s=678345.59987
2026-10-08T15:21:58.137237167Z DEBUG omega::metal::placements_execute_named: chunk_phase step=10 chunk=7 phase=scheduled start_raw_s=678345.600170041 end_raw_s=678345.600170041
2026-10-08T15:21:58.137926334Z DEBUG omega::metal::placements_execute_named: chunk_phase step=10 chunk=4 phase=gpu start_raw_s=678345.6003030001 end_raw_s=678345.60077425
2026-10-08T15:21:58.138645917Z DEBUG omega::metal::placements_execute_named: chunk_phase step=10 chunk=5 phase=gpu start_raw_s=678345.600801 end_raw_s=678345.6014866667
2026-10-08T15:21:58.139543834Z DEBUG omega::metal::placements_execute_named: chunk_phase step=10 chunk=6 phase=gpu start_raw_s=678345.60151525 end_raw_s=678345.602362875
2026-10-08T15:21:58.136391375Z DEBUG omega::metal::placements_execute_named: chunk_phase step=10 chunk=2 phase=scheduled start_raw_s=678345.599324458 end_raw_s=678345.599324458
2026-10-08T15:21:58.136619834Z DEBUG omega::metal::placements_execute_named: chunk_phase step=10 chunk=4 phase=scheduled start_raw_s=678345.599552791 end_raw_s=678345.599552791
2026-10-08T15:21:58.136973334Z DEBUG omega::metal::placements_execute_named: chunk_phase step=10 chunk=6 phase=scheduled start_raw_s=678345.59990625 end_raw_s=678345.59990625
2026-10-08T15:21:58.137453875Z DEBUG omega::metal::placements_execute_named: chunk_phase step=10 chunk=3 phase=gpu start_raw_s=678345.59989125 end_raw_s=678345.600282375
2026-10-08T15:21:58.137542875Z DEBUG omega::metal::placements_execute_named: chunk_phase step=10 chunk=8 phase=scheduled start_raw_s=678345.600475958 end_raw_s=678345.600475958
2026-10-08T15:21:58.140749625Z DEBUG omega::metal::placements_execute_named: chunk_phase step=10 chunk=7 phase=gpu start_raw_s=678345.6023931251 end_raw_s=678345.6035841667
2026-10-08T15:21:58.142359459Z DEBUG omega::metal::placements_execute_named: chunk_phase step=10 chunk=8 phase=gpu start_raw_s=678345.6035953751 end_raw_s=678345.605194375
2026-10-08T15:21:58.142674834Z DEBUG omega::metal::placements_execute_named: chunk_phase step=11 chunk=1 phase=scheduled start_raw_s=678345.605607666 end_raw_s=678345.605607666
2026-10-08T15:21:58.142815459Z DEBUG omega::metal::placements_execute_named: chunk_phase step=11 chunk=3 phase=scheduled start_raw_s=678345.605748416 end_raw_s=678345.605748416
2026-10-08T15:21:58.143075709Z DEBUG omega::metal::placements_execute_named: chunk_phase step=11 chunk=5 phase=scheduled start_raw_s=678345.606008625 end_raw_s=678345.606008625
2026-10-08T15:21:58.143076959Z DEBUG omega::metal::placements_execute_named: chunk_phase step=11 chunk=1 phase=gpu start_raw_s=678345.605678875 end_raw_s=678345.605937375
2026-10-08T15:21:58.143358709Z DEBUG omega::metal::placements_execute_named: chunk_phase step=11 chunk=2 phase=gpu start_raw_s=678345.6059607917 end_raw_s=678345.6061821667
2026-10-08T15:21:58.143547917Z DEBUG omega::metal::placements_execute_named: chunk_phase step=11 chunk=7 phase=scheduled start_raw_s=678345.606480833 end_raw_s=678345.606480833
2026-10-08T15:21:58.144243167Z DEBUG omega::metal::placements_execute_named: chunk_phase step=11 chunk=4 phase=gpu start_raw_s=678345.6066162917 end_raw_s=678345.6070815
2026-10-08T15:21:58.144933709Z DEBUG omega::metal::placements_execute_named: chunk_phase step=11 chunk=5 phase=gpu start_raw_s=678345.6071082917 end_raw_s=678345.607781625
2026-10-08T15:21:58.145841209Z DEBUG omega::metal::placements_execute_named: chunk_phase step=11 chunk=6 phase=gpu start_raw_s=678345.607807375 end_raw_s=678345.6086897501
2026-10-08T15:21:58.142700375Z DEBUG omega::metal::placements_execute_named: chunk_phase step=11 chunk=2 phase=scheduled start_raw_s=678345.605633416 end_raw_s=678345.605633416
2026-10-08T15:21:58.142927792Z DEBUG omega::metal::placements_execute_named: chunk_phase step=11 chunk=4 phase=scheduled start_raw_s=678345.605860708 end_raw_s=678345.605860708
2026-10-08T15:21:58.143280750Z DEBUG omega::metal::placements_execute_named: chunk_phase step=11 chunk=6 phase=scheduled start_raw_s=678345.60621375 end_raw_s=678345.60621375
2026-10-08T15:21:58.143770000Z DEBUG omega::metal::placements_execute_named: chunk_phase step=11 chunk=3 phase=gpu start_raw_s=678345.606202875 end_raw_s=678345.606595875
2026-10-08T15:21:58.143860292Z DEBUG omega::metal::placements_execute_named: chunk_phase step=11 chunk=8 phase=scheduled start_raw_s=678345.606793375 end_raw_s=678345.606793375
2026-10-08T15:21:57.696607542Z DEBUG omega::metal::placements_execute_named: step_phase step=0 phase=prepare start_raw_s=678345.120784166 end_raw_s=678345.15954
2026-10-08T15:21:58.147054292Z DEBUG omega::metal::placements_execute_named: chunk_phase step=11 chunk=7 phase=gpu start_raw_s=678345.6087136667 end_raw_s=678345.6098887917
2026-10-08T15:21:58.148695875Z DEBUG omega::metal::placements_execute_named: chunk_phase step=11 chunk=8 phase=gpu start_raw_s=678345.609920625 end_raw_s=678345.611521875
2026-10-08T15:21:58.149027709Z DEBUG omega::metal::placements_execute_named: chunk_phase step=12 chunk=1 phase=scheduled start_raw_s=678345.611960583 end_raw_s=678345.611960583
2026-10-08T15:21:58.149285584Z DEBUG omega::metal::placements_execute_named: chunk_phase step=12 chunk=4 phase=scheduled start_raw_s=678345.6122185 end_raw_s=678345.6122185
2026-10-08T15:21:58.149493959Z DEBUG omega::metal::placements_execute_named: chunk_phase step=12 chunk=1 phase=gpu start_raw_s=678345.61203125 end_raw_s=678345.61229225
2026-10-08T15:21:58.149643459Z DEBUG omega::metal::placements_execute_named: chunk_phase step=12 chunk=6 phase=scheduled start_raw_s=678345.612576375 end_raw_s=678345.612576375
2026-10-08T15:21:58.150102042Z DEBUG omega::metal::placements_execute_named: chunk_phase step=12 chunk=3 phase=gpu start_raw_s=678345.6125461668 end_raw_s=678345.61293525
2026-10-08T15:21:58.150202167Z DEBUG omega::metal::placements_execute_named: chunk_phase step=12 chunk=8 phase=scheduled start_raw_s=678345.61313525 end_raw_s=678345.61313525
2026-10-08T15:21:58.149050334Z DEBUG omega::metal::placements_execute_named: chunk_phase step=12 chunk=2 phase=scheduled start_raw_s=678345.611983416 end_raw_s=678345.611983416
2026-10-08T15:21:58.149170709Z DEBUG omega::metal::placements_execute_named: chunk_phase step=12 chunk=3 phase=scheduled start_raw_s=678345.612103625 end_raw_s=678345.612103625
2026-10-08T15:21:58.149516542Z DEBUG omega::metal::placements_execute_named: chunk_phase step=12 chunk=5 phase=scheduled start_raw_s=678345.612448958 end_raw_s=678345.612448958
2026-10-08T15:21:58.149687834Z DEBUG omega::metal::placements_execute_named: chunk_phase step=12 chunk=2 phase=gpu start_raw_s=678345.612302875 end_raw_s=678345.6125238751
2026-10-08T15:21:58.149903084Z DEBUG omega::metal::placements_execute_named: chunk_phase step=12 chunk=7 phase=scheduled start_raw_s=678345.612835958 end_raw_s=678345.612835958
2026-10-08T15:21:58.150580334Z DEBUG omega::metal::placements_execute_named: chunk_phase step=12 chunk=4 phase=gpu start_raw_s=678345.612956375 end_raw_s=678345.613425125
2026-10-08T15:21:58.151283584Z DEBUG omega::metal::placements_execute_named: chunk_phase step=12 chunk=5 phase=gpu start_raw_s=678345.6134491251 end_raw_s=678345.61412375
2026-10-08T15:21:58.152190334Z DEBUG omega::metal::placements_execute_named: chunk_phase step=12 chunk=6 phase=gpu start_raw_s=678345.614150375 end_raw_s=678345.6150320417
2026-10-08T15:21:58.155382000Z DEBUG omega::metal::placements_execute_named: chunk_phase step=13 chunk=2 phase=scheduled start_raw_s=678345.618314875 end_raw_s=678345.618314875
2026-10-08T15:21:58.155596042Z DEBUG omega::metal::placements_execute_named: chunk_phase step=13 chunk=4 phase=scheduled start_raw_s=678345.618528958 end_raw_s=678345.618528958
2026-10-08T15:21:58.155762375Z DEBUG omega::metal::placements_execute_named: chunk_phase step=13 chunk=1 phase=gpu start_raw_s=678345.6183279167 end_raw_s=678345.618588375
2026-10-08T15:21:58.156020834Z DEBUG omega::metal::placements_execute_named: chunk_phase step=13 chunk=2 phase=gpu start_raw_s=678345.6186070001 end_raw_s=678345.6188319167
2026-10-08T15:21:58.156205292Z DEBUG omega::metal::placements_execute_named: chunk_phase step=13 chunk=7 phase=scheduled start_raw_s=678345.61913825 end_raw_s=678345.61913825
2026-10-08T15:21:58.156887542Z DEBUG omega::metal::placements_execute_named: chunk_phase step=13 chunk=4 phase=gpu start_raw_s=678345.6192668751 end_raw_s=678345.6197321251
2026-10-08T15:21:58.157562917Z DEBUG omega::metal::placements_execute_named: chunk_phase step=13 chunk=5 phase=gpu start_raw_s=678345.619756625 end_raw_s=678345.6204226667
2026-10-08T15:21:58.158489125Z DEBUG omega::metal::placements_execute_named: chunk_phase step=13 chunk=6 phase=gpu start_raw_s=678345.62043425 end_raw_s=678345.6213279167
2026-10-08T15:21:58.159708500Z DEBUG omega::metal::placements_execute_named: chunk_phase step=13 chunk=7 phase=gpu start_raw_s=678345.6213526668 end_raw_s=678345.6225237501
2026-10-08T15:21:58.153391417Z DEBUG omega::metal::placements_execute_named: chunk_phase step=12 chunk=7 phase=gpu start_raw_s=678345.61505875 end_raw_s=678345.6162191667
2026-10-08T15:21:58.155007625Z DEBUG omega::metal::placements_execute_named: chunk_phase step=12 chunk=8 phase=gpu start_raw_s=678345.6162526667 end_raw_s=678345.61785125
2026-10-08T15:21:58.155334250Z DEBUG omega::metal::placements_execute_named: chunk_phase step=13 chunk=1 phase=scheduled start_raw_s=678345.618267125 end_raw_s=678345.618267125
2026-10-08T15:21:58.155482209Z DEBUG omega::metal::placements_execute_named: chunk_phase step=13 chunk=3 phase=scheduled start_raw_s=678345.618415166 end_raw_s=678345.618415166
2026-10-08T15:21:58.155777167Z DEBUG omega::metal::placements_execute_named: chunk_phase step=13 chunk=5 phase=scheduled start_raw_s=678345.618710375 end_raw_s=678345.618710375
2026-10-08T15:21:58.155943375Z DEBUG omega::metal::placements_execute_named: chunk_phase step=13 chunk=6 phase=scheduled start_raw_s=678345.61887625 end_raw_s=678345.61887625
2026-10-08T15:21:58.156417917Z DEBUG omega::metal::placements_execute_named: chunk_phase step=13 chunk=3 phase=gpu start_raw_s=678345.6188552917 end_raw_s=678345.619245625
2026-10-08T15:21:58.156500709Z DEBUG omega::metal::placements_execute_named: chunk_phase step=13 chunk=8 phase=scheduled start_raw_s=678345.619433791 end_raw_s=678345.619433791
2026-10-08T15:21:57.731042417Z DEBUG omega::metal::placements_execute_named: step_phase step=0 phase=pre_encode start_raw_s=678345.160005 end_raw_s=678345.193975333
2026-10-08T15:21:58.161294459Z DEBUG omega::metal::placements_execute_named: chunk_phase step=13 chunk=8 phase=gpu start_raw_s=678345.622557125 end_raw_s=678345.624132125
2026-10-08T15:21:58.161694959Z DEBUG omega::metal::placements_execute_named: chunk_phase step=14 chunk=1 phase=scheduled start_raw_s=678345.624627875 end_raw_s=678345.624627875
2026-10-08T15:21:58.161695750Z DEBUG omega::metal::placements_execute_named: chunk_phase step=14 chunk=2 phase=scheduled start_raw_s=678345.624629041 end_raw_s=678345.624629041
2026-10-08T15:21:58.161925042Z DEBUG omega::metal::placements_execute_named: chunk_phase step=14 chunk=4 phase=scheduled start_raw_s=678345.624858 end_raw_s=678345.624858
2026-10-08T15:21:58.162262584Z DEBUG omega::metal::placements_execute_named: chunk_phase step=14 chunk=6 phase=scheduled start_raw_s=678345.6251955 end_raw_s=678345.6251955
2026-10-08T15:21:58.162768125Z DEBUG omega::metal::placements_execute_named: chunk_phase step=14 chunk=3 phase=gpu start_raw_s=678345.6252120417 end_raw_s=678345.6256012501
2026-10-08T15:21:58.162848167Z DEBUG omega::metal::placements_execute_named: chunk_phase step=14 chunk=8 phase=scheduled start_raw_s=678345.62578125 end_raw_s=678345.62578125
2026-10-08T15:21:58.161814375Z DEBUG omega::metal::placements_execute_named: chunk_phase step=14 chunk=3 phase=scheduled start_raw_s=678345.62474725 end_raw_s=678345.62474725
2026-10-08T15:21:58.162079334Z DEBUG omega::metal::placements_execute_named: chunk_phase step=14 chunk=5 phase=scheduled start_raw_s=678345.625012291 end_raw_s=678345.625012291
2026-10-08T15:21:58.162080750Z DEBUG omega::metal::placements_execute_named: chunk_phase step=14 chunk=1 phase=gpu start_raw_s=678345.6246821667 end_raw_s=678345.6249445417
2026-10-08T15:21:58.162366917Z DEBUG omega::metal::placements_execute_named: chunk_phase step=14 chunk=2 phase=gpu start_raw_s=678345.624965375 end_raw_s=678345.625187375
2026-10-08T15:21:58.162547417Z DEBUG omega::metal::placements_execute_named: chunk_phase step=14 chunk=7 phase=scheduled start_raw_s=678345.625480291 end_raw_s=678345.625480291
2026-10-08T15:21:58.163254542Z DEBUG omega::metal::placements_execute_named: chunk_phase step=14 chunk=4 phase=gpu start_raw_s=678345.6256220001 end_raw_s=678345.62609375
2026-10-08T15:21:58.163957750Z DEBUG omega::metal::placements_execute_named: chunk_phase step=14 chunk=5 phase=gpu start_raw_s=678345.6261176667 end_raw_s=678345.62679875
2026-10-08T15:21:58.164863084Z DEBUG omega::metal::placements_execute_named: chunk_phase step=14 chunk=6 phase=gpu start_raw_s=678345.6268241251 end_raw_s=678345.627695875
2026-10-08T15:21:58.166066584Z DEBUG omega::metal::placements_execute_named: chunk_phase step=14 chunk=7 phase=gpu start_raw_s=678345.6277257917 end_raw_s=678345.628903875
2026-10-08T15:21:58.167966834Z DEBUG omega::metal::placements_execute_named: chunk_phase step=15 chunk=2 phase=scheduled start_raw_s=678345.6309 end_raw_s=678345.6309
2026-10-08T15:21:58.168080000Z DEBUG omega::metal::placements_execute_named: chunk_phase step=15 chunk=3 phase=scheduled start_raw_s=678345.631013 end_raw_s=678345.631013
2026-10-08T15:21:58.168335875Z DEBUG omega::metal::placements_execute_named: chunk_phase step=15 chunk=5 phase=scheduled start_raw_s=678345.631268833 end_raw_s=678345.631268833
2026-10-08T15:21:58.168634000Z DEBUG omega::metal::placements_execute_named: chunk_phase step=15 chunk=2 phase=gpu start_raw_s=678345.63123175 end_raw_s=678345.6314523751
2026-10-08T15:21:58.168809042Z DEBUG omega::metal::placements_execute_named: chunk_phase step=15 chunk=7 phase=scheduled start_raw_s=678345.631741958 end_raw_s=678345.631741958
2026-10-08T15:21:58.169518375Z DEBUG omega::metal::placements_execute_named: chunk_phase step=15 chunk=4 phase=gpu start_raw_s=678345.6318928751 end_raw_s=678345.632361375
2026-10-08T15:21:58.170219459Z DEBUG omega::metal::placements_execute_named: chunk_phase step=15 chunk=5 phase=gpu start_raw_s=678345.6323886667 end_raw_s=678345.6330674167
2026-10-08T15:21:58.171145667Z DEBUG omega::metal::placements_execute_named: chunk_phase step=15 chunk=6 phase=gpu start_raw_s=678345.633093875 end_raw_s=678345.633968875
2026-10-08T15:21:58.172452750Z DEBUG omega::metal::placements_execute_named: chunk_phase step=15 chunk=7 phase=gpu start_raw_s=678345.633993 end_raw_s=678345.6352128751
2026-10-08T15:21:58.167612292Z DEBUG omega::metal::placements_execute_named: chunk_phase step=14 chunk=8 phase=gpu start_raw_s=678345.6289332501 end_raw_s=678345.6304475417
2026-10-08T15:21:58.167944292Z DEBUG omega::metal::placements_execute_named: chunk_phase step=15 chunk=1 phase=scheduled start_raw_s=678345.630877125 end_raw_s=678345.630877125
2026-10-08T15:21:58.168188500Z DEBUG omega::metal::placements_execute_named: chunk_phase step=15 chunk=4 phase=scheduled start_raw_s=678345.631121458 end_raw_s=678345.631121458
2026-10-08T15:21:58.168364375Z DEBUG omega::metal::placements_execute_named: chunk_phase step=15 chunk=1 phase=gpu start_raw_s=678345.63094625 end_raw_s=678345.6312117917
2026-10-08T15:21:58.168543750Z DEBUG omega::metal::placements_execute_named: chunk_phase step=15 chunk=6 phase=scheduled start_raw_s=678345.631476708 end_raw_s=678345.631476708
2026-10-08T15:21:58.169043250Z DEBUG omega::metal::placements_execute_named: chunk_phase step=15 chunk=3 phase=gpu start_raw_s=678345.63147675 end_raw_s=678345.631872
2026-10-08T15:21:58.169114875Z DEBUG omega::metal::placements_execute_named: chunk_phase step=15 chunk=8 phase=scheduled start_raw_s=678345.632048 end_raw_s=678345.632048
2026-10-08T15:21:57.735574625Z DEBUG omega::metal::placements_execute_named: chunk_phase step=0 chunk=1 phase=encode start_raw_s=678345.193975333 end_raw_s=678345.198473625
2026-10-08T15:21:57.735574959Z DEBUG omega::metal::placements_execute_named: chunk_phase step=0 chunk=1 phase=commit start_raw_s=678345.198475791 end_raw_s=678345.1985075
2026-10-08T15:21:58.026836667Z DEBUG omega::metal::placements_execute_named: token_breakdown_gpu commit_call_ms=0.03175 commit_to_gpu_start_ms=51.381500670686364 gpu_busy_ms=239.7298333235085 gpu_end_to_wait_return_ms=0.14383200580516586 sum_ms=291.286916 final_commit_to_wait_ms=291.286916 gpu_start_raw_s=678345.2498572917 gpu_end_raw_s=678345.489587125 commit_call_start_raw_s=678345.198475791 wait_return_extra_ms=291.25395799999995 chunks=1 first_commit_to_first_gpu_start_ms=51.381500670686364 encode_overlap_ms=0
2026-10-08T15:21:58.026838917Z DEBUG omega::metal::placements_execute_named: chunk_record step=0 plan_shape=prefill chunk=1 chunk_count=1 op_first=0 op_last=382 encode_start_ms=0 encode_end_ms=4.498334 commit_at_ms=4.5005 commit_ms=0.03175 gpu_start_ms=55.88195868767798 gpu_end_ms=295.6117920111865 commit_to_gpu_start_ms=51.38145868767798 gpu_idle_before_ms=55.88195868767798
2026-10-08T15:21:58.026885542Z DEBUG proxima_model_interop::generate::decode: token_breakdown_argmax_split step=0 scan_ms=0 debug_ms=0
2026-10-08T15:21:58.026887667Z DEBUG proxima_model_interop::generate::decode: token_breakdown_gaps step=0 root_select_ms=0.157875 post_evaluate_ms=0.001958 pre_logits_ms=0.004166 checksum_ms=0 fetch_ms=0.001375 argmax_ms=0.000375 logits_hash_ms=0.000041
2026-10-08T15:21:58.026890834Z INFO proxima_model_interop::generate::load_model: token_breakdown: per-decode-step wall-clock attribution step=0 new_count=1000 cached_len_before=0 step_wall_ms=379.595125 apply_serving_config_ms=0 build_position_inputs_ms=0.449 named_blocks_weights_ms=9.90175 named_blocks_kv_ms=9.90075 kv_cache_upload_bytes=0 ssm_state_transfer_bytes=0 evaluate_ms=369.068625 layer_cache_append_ms=0.008166 layer_cache_append_bytes=0 greedy_pick_ms=0.001583
2026-10-08T15:21:58.026908042Z INFO proxima_model_interop::generate::load_model: token_breakdown_metal: per-decode-step metal stage attribution step=0 prepare_calls=1 prepare_ms=38.755833 emit_calls=0 emit_ms=0 pipeline_hits=350 pipeline_misses=33 pipeline_compile_ms=25.017333 block_upload_calls=31 block_upload_ms=0 block_offered_bytes=56890376 block_copied_bytes=264008 block_nocopy_bound_bytes=3145728 block_offset_bound_bytes=53480640 op_setup_calls=383 op_setup_ms=0.275916 pipeline_lookup_calls=0 pipeline_lookup_ms=0 encode_dispatch_calls=383 physical_dispatch_calls=455 encode_dispatch_ms=1.202833 gpu_exec_calls=1 gpu_exec_ms=291.286875 readback_calls=2 readback_ms=0.010416 readback_bytes=8 nocopy_uploads=24 copying_uploads=6 nocopy_reuses=0 resident_uploads=0 resident_reuses=0 mapping_offset_uploads=1 mapping_rebound_blocks=0 mapping_residency_rung=prefault expert_mapping_candidate_uploads=0 expert_mapping_missed_uploads=0 nocopy_cache_len=25 resident_cache_len=0 resident_cache_bytes=0 uniform_cache_len=0 phys_footprint_bytes=5948062912 device_allocated_bytes=1597063168 output_buffer_allocations=375 output_buffer_allocated_bytes=60759156 checkpoint_mapping_buffer_bytes=1422245888 expert_mapping_buffer_bytes=0 plan_uniform_writes=383 retire_scan_calls=893 retire_scan_ms=0.073958 expert_buffers_lookup_calls=383 expert_buffers_lookup_ms=0.257083 placement_resolve_calls=383 placement_resolve_ms=1.1135 loop_head_calls=383 loop_head_ms=1.510333 encoder_finish_ms=0.004166 pre_encode_calls=1 pre_encode_ms=33.971083 resolve_plan_ms=0 prepare_infer_ms=0.4095 prepare_validate_ms=0.121916 prepare_bind_ms=37.107916 prepare_optimize_ms=0.813875 prepare_retire_ms=0.298833 build_plan_uniforms_ms=1.066291 resolve_steps_ms=33.490041 uniform_buffer_allocations=383 barriers=0 barriers_raw=0 barriers_waw=0 barriers_war=0 barriers_waw_war_arena_recycled=0 barriers_waw_war_persistent=0 expert_source_cache_hits=0 expert_source_cache_misses=0 expert_source_cache_cold_misses=0 expert_source_cache_replacement_misses=0 expert_source_reuse_copy_bytes=0 expert_source_reuse_copy_ms=0 plan_cache_len=0 plan_hits=0 plan_misses=1 plan_refits=0 plan_arena_allocated_bytes=0 segment_arena_allocated_bytes=0 placed_arena_allocated_bytes=54212140 ablation=false kind_filter=
2026-10-08T15:21:58.174107834Z DEBUG omega::metal::placements_execute_named: chunk_phase step=15 chunk=8 phase=gpu start_raw_s=678345.6352449167 end_raw_s=678345.636812625
2026-10-08T15:21:58.174452667Z DEBUG omega::metal::placements_execute_named: chunk_phase step=16 chunk=1 phase=scheduled start_raw_s=678345.637385375 end_raw_s=678345.637385375
2026-10-08T15:21:58.174738834Z DEBUG omega::metal::placements_execute_named: chunk_phase step=16 chunk=4 phase=scheduled start_raw_s=678345.637671708 end_raw_s=678345.637671708
2026-10-08T15:21:58.174894042Z DEBUG omega::metal::placements_execute_named: chunk_phase step=16 chunk=1 phase=gpu start_raw_s=678345.637444625 end_raw_s=678345.6377045417
2026-10-08T15:21:58.174900875Z DEBUG omega::metal::placements_execute_named: chunk_phase step=16 chunk=5 phase=scheduled start_raw_s=678345.637834083 end_raw_s=678345.637834083
2026-10-08T15:21:58.175096292Z DEBUG omega::metal::placements_execute_named: chunk_phase step=16 chunk=2 phase=gpu start_raw_s=678345.63772625 end_raw_s=678345.637950625
2026-10-08T15:21:58.175099209Z DEBUG omega::metal::placements_execute_named: chunk_phase step=16 chunk=6 phase=scheduled start_raw_s=678345.638032416 end_raw_s=678345.638032416
2026-10-08T15:21:58.175534000Z DEBUG omega::metal::placements_execute_named: chunk_phase step=16 chunk=3 phase=gpu start_raw_s=678345.63797225 end_raw_s=678345.6383637501
2026-10-08T15:21:58.175669792Z DEBUG omega::metal::placements_execute_named: chunk_phase step=16 chunk=8 phase=scheduled start_raw_s=678345.638602833 end_raw_s=678345.638602833
2026-10-08T15:21:58.174527667Z DEBUG omega::metal::placements_execute_named: chunk_phase step=16 chunk=2 phase=scheduled start_raw_s=678345.637460583 end_raw_s=678345.637460583
2026-10-08T15:21:58.174619084Z DEBUG omega::metal::placements_execute_named: chunk_phase step=16 chunk=3 phase=scheduled start_raw_s=678345.637552041 end_raw_s=678345.637552041
2026-10-08T15:21:58.175352834Z DEBUG omega::metal::placements_execute_named: chunk_phase step=16 chunk=7 phase=scheduled start_raw_s=678345.638285708 end_raw_s=678345.638285708
2026-10-08T15:21:58.175999750Z DEBUG omega::metal::placements_execute_named: chunk_phase step=16 chunk=4 phase=gpu start_raw_s=678345.63838425 end_raw_s=678345.6388451667
2026-10-08T15:21:58.176695959Z DEBUG omega::metal::placements_execute_named: chunk_phase step=16 chunk=5 phase=gpu start_raw_s=678345.6388692501 end_raw_s=678345.6395389168
2026-10-08T15:21:58.177620084Z DEBUG omega::metal::placements_execute_named: chunk_phase step=16 chunk=6 phase=gpu start_raw_s=678345.6395664167 end_raw_s=678345.640464
2026-10-08T15:21:58.178880834Z DEBUG omega::metal::placements_execute_named: chunk_phase step=16 chunk=7 phase=gpu start_raw_s=678345.6404885 end_raw_s=678345.641709625
2026-10-08T15:21:58.180505459Z DEBUG omega::metal::placements_execute_named: chunk_phase step=16 chunk=8 phase=gpu start_raw_s=678345.641745 end_raw_s=678345.6433361251
2026-10-08T15:21:58.180862834Z DEBUG omega::metal::placements_execute_named: chunk_phase step=17 chunk=2 phase=scheduled start_raw_s=678345.643795666 end_raw_s=678345.643795666
2026-10-08T15:21:58.180975542Z DEBUG omega::metal::placements_execute_named: chunk_phase step=17 chunk=3 phase=scheduled start_raw_s=678345.643908458 end_raw_s=678345.643908458
2026-10-08T15:21:58.181237334Z DEBUG omega::metal::placements_execute_named: chunk_phase step=17 chunk=5 phase=scheduled start_raw_s=678345.64417025 end_raw_s=678345.64417025
2026-10-08T15:21:58.181534250Z DEBUG omega::metal::placements_execute_named: chunk_phase step=17 chunk=2 phase=gpu start_raw_s=678345.644129875 end_raw_s=678345.64435225
2026-10-08T15:21:58.181700834Z DEBUG omega::metal::placements_execute_named: chunk_phase step=17 chunk=7 phase=scheduled start_raw_s=678345.64463375 end_raw_s=678345.64463375
2026-10-08T15:21:58.182410875Z DEBUG omega::metal::placements_execute_named: chunk_phase step=17 chunk=4 phase=gpu start_raw_s=678345.644790375 end_raw_s=678345.6452467917
2026-10-08T15:21:58.183102084Z DEBUG omega::metal::placements_execute_named: chunk_phase step=17 chunk=5 phase=gpu start_raw_s=678345.6452592501 end_raw_s=678345.6459356251
2026-10-08T15:21:58.184005250Z DEBUG omega::metal::placements_execute_named: chunk_phase step=17 chunk=6 phase=gpu start_raw_s=678345.645967 end_raw_s=678345.6468415001
2026-10-08T15:21:58.185259209Z DEBUG omega::metal::placements_execute_named: chunk_phase step=17 chunk=7 phase=gpu start_raw_s=678345.6468670417 end_raw_s=678345.6480912501
2026-10-08T15:21:58.186895209Z DEBUG omega::metal::placements_execute_named: chunk_phase step=17 chunk=8 phase=gpu start_raw_s=678345.6481245001 end_raw_s=678345.6497201667
2026-10-08T15:21:58.187240625Z DEBUG omega::metal::placements_execute_named: chunk_phase step=18 chunk=1 phase=scheduled start_raw_s=678345.650173583 end_raw_s=678345.650173583
2026-10-08T15:21:58.187383084Z DEBUG omega::metal::placements_execute_named: chunk_phase step=18 chunk=3 phase=scheduled start_raw_s=678345.650316083 end_raw_s=678345.650316083
2026-10-08T15:21:58.180837959Z DEBUG omega::metal::placements_execute_named: chunk_phase step=17 chunk=1 phase=scheduled start_raw_s=678345.643770833 end_raw_s=678345.643770833
2026-10-08T15:21:58.181084375Z DEBUG omega::metal::placements_execute_named: chunk_phase step=17 chunk=4 phase=scheduled start_raw_s=678345.64401725 end_raw_s=678345.64401725
2026-10-08T15:21:58.181265542Z DEBUG omega::metal::placements_execute_named: chunk_phase step=17 chunk=1 phase=gpu start_raw_s=678345.64384775 end_raw_s=678345.6441080001
2026-10-08T15:21:58.181433125Z DEBUG omega::metal::placements_execute_named: chunk_phase step=17 chunk=6 phase=scheduled start_raw_s=678345.644366083 end_raw_s=678345.644366083
2026-10-08T15:21:58.181940334Z DEBUG omega::metal::placements_execute_named: chunk_phase step=17 chunk=3 phase=gpu start_raw_s=678345.6443772917 end_raw_s=678345.644769
2026-10-08T15:21:58.182002792Z DEBUG omega::metal::placements_execute_named: chunk_phase step=17 chunk=8 phase=scheduled start_raw_s=678345.644935875 end_raw_s=678345.644935875
2026-10-08T15:21:58.187269709Z DEBUG omega::metal::placements_execute_named: chunk_phase step=18 chunk=2 phase=scheduled start_raw_s=678345.6502 end_raw_s=678345.6502
2026-10-08T15:21:58.187498584Z DEBUG omega::metal::placements_execute_named: chunk_phase step=18 chunk=4 phase=scheduled start_raw_s=678345.650431541 end_raw_s=678345.650431541
2026-10-08T15:21:58.187887500Z DEBUG omega::metal::placements_execute_named: chunk_phase step=18 chunk=2 phase=gpu start_raw_s=678345.6505178751 end_raw_s=678345.65073875
2026-10-08T15:21:58.188127084Z DEBUG omega::metal::placements_execute_named: chunk_phase step=18 chunk=7 phase=scheduled start_raw_s=678345.651059916 end_raw_s=678345.651059916
2026-10-08T15:21:58.188786750Z DEBUG omega::metal::placements_execute_named: chunk_phase step=18 chunk=4 phase=gpu start_raw_s=678345.651169875 end_raw_s=678345.6516305417
2026-10-08T15:21:58.189498250Z DEBUG omega::metal::placements_execute_named: chunk_phase step=18 chunk=5 phase=gpu start_raw_s=678345.6516555 end_raw_s=678345.6523346667
2026-10-08T15:21:58.190391375Z DEBUG omega::metal::placements_execute_named: chunk_phase step=18 chunk=6 phase=gpu start_raw_s=678345.6523650417 end_raw_s=678345.653224875
2026-10-08T15:21:58.191609542Z DEBUG omega::metal::placements_execute_named: chunk_phase step=18 chunk=7 phase=gpu start_raw_s=678345.653250625 end_raw_s=678345.6544385001
2026-10-08T15:21:58.193246334Z DEBUG omega::metal::placements_execute_named: chunk_phase step=18 chunk=8 phase=gpu start_raw_s=678345.654475625 end_raw_s=678345.65609075
2026-10-08T15:21:58.193597084Z DEBUG omega::metal::placements_execute_named: chunk_phase step=19 chunk=1 phase=scheduled start_raw_s=678345.65653 end_raw_s=678345.65653
2026-10-08T15:21:58.193738042Z DEBUG omega::metal::placements_execute_named: chunk_phase step=19 chunk=3 phase=scheduled start_raw_s=678345.656671 end_raw_s=678345.656671
2026-10-08T15:21:58.194015042Z DEBUG omega::metal::placements_execute_named: chunk_phase step=19 chunk=1 phase=gpu start_raw_s=678345.6566016667 end_raw_s=678345.6568645
2026-10-08T15:21:58.194020625Z DEBUG omega::metal::placements_execute_named: chunk_phase step=19 chunk=5 phase=scheduled start_raw_s=678345.656953833 end_raw_s=678345.656953833
2026-10-08T15:21:58.194208209Z DEBUG omega::metal::placements_execute_named: chunk_phase step=19 chunk=6 phase=scheduled start_raw_s=678345.657141041 end_raw_s=678345.657141041
2026-10-08T15:21:58.187672750Z DEBUG omega::metal::placements_execute_named: chunk_phase step=18 chunk=1 phase=gpu start_raw_s=678345.6502346251 end_raw_s=678345.6504966667
2026-10-08T15:21:58.187679334Z DEBUG omega::metal::placements_execute_named: chunk_phase step=18 chunk=5 phase=scheduled start_raw_s=678345.650612541 end_raw_s=678345.650612541
2026-10-08T15:21:58.187859792Z DEBUG omega::metal::placements_execute_named: chunk_phase step=18 chunk=6 phase=scheduled start_raw_s=678345.650792666 end_raw_s=678345.650792666
2026-10-08T15:21:58.188314917Z DEBUG omega::metal::placements_execute_named: chunk_phase step=18 chunk=3 phase=gpu start_raw_s=678345.6507593751 end_raw_s=678345.6511491251
2026-10-08T15:21:58.188431917Z DEBUG omega::metal::placements_execute_named: chunk_phase step=18 chunk=8 phase=scheduled start_raw_s=678345.651365 end_raw_s=678345.651365
2026-10-08T15:21:58.193619917Z DEBUG omega::metal::placements_execute_named: chunk_phase step=19 chunk=2 phase=scheduled start_raw_s=678345.656553 end_raw_s=678345.656553
2026-10-08T15:21:58.193855292Z DEBUG omega::metal::placements_execute_named: chunk_phase step=19 chunk=4 phase=scheduled start_raw_s=678345.656788125 end_raw_s=678345.656788125
2026-10-08T15:21:58.194268459Z DEBUG omega::metal::placements_execute_named: chunk_phase step=19 chunk=2 phase=gpu start_raw_s=678345.6568844167 end_raw_s=678345.6571075
2026-10-08T15:21:58.194692584Z DEBUG omega::metal::placements_execute_named: chunk_phase step=19 chunk=3 phase=gpu start_raw_s=678345.6571281251 end_raw_s=678345.6575232501
2026-10-08T15:21:58.194872459Z DEBUG omega::metal::placements_execute_named: chunk_phase step=19 chunk=8 phase=scheduled start_raw_s=678345.657805291 end_raw_s=678345.657805291
2026-10-08T15:21:58.199777417Z DEBUG omega::metal::placements_execute_named: chunk_phase step=20 chunk=1 phase=scheduled start_raw_s=678345.662710083 end_raw_s=678345.662710083
2026-10-08T15:21:58.199910709Z DEBUG omega::metal::placements_execute_named: chunk_phase step=20 chunk=3 phase=scheduled start_raw_s=678345.662843583 end_raw_s=678345.662843583
2026-10-08T15:21:58.200197000Z DEBUG omega::metal::placements_execute_named: chunk_phase step=20 chunk=1 phase=gpu start_raw_s=678345.6627752917 end_raw_s=678345.663038625
2026-10-08T15:21:58.200204042Z DEBUG omega::metal::placements_execute_named: chunk_phase step=20 chunk=5 phase=scheduled start_raw_s=678345.663137208 end_raw_s=678345.663137208
2026-10-08T15:21:58.200389000Z DEBUG omega::metal::placements_execute_named: chunk_phase step=20 chunk=6 phase=scheduled start_raw_s=678345.663321791 end_raw_s=678345.663321791
2026-10-08T15:21:58.200862334Z DEBUG omega::metal::placements_execute_named: chunk_phase step=20 chunk=3 phase=gpu start_raw_s=678345.663308625 end_raw_s=678345.6637040417
2026-10-08T15:21:58.201013375Z DEBUG omega::metal::placements_execute_named: chunk_phase step=20 chunk=8 phase=scheduled start_raw_s=678345.663946375 end_raw_s=678345.663946375
2026-10-08T15:21:58.194586834Z DEBUG omega::metal::placements_execute_named: chunk_phase step=19 chunk=7 phase=scheduled start_raw_s=678345.657506083 end_raw_s=678345.657506083
2026-10-08T15:21:58.195150667Z DEBUG omega::metal::placements_execute_named: chunk_phase step=19 chunk=4 phase=gpu start_raw_s=678345.6575377918 end_raw_s=678345.657980125
2026-10-08T15:21:58.195804917Z DEBUG omega::metal::placements_execute_named: chunk_phase step=19 chunk=5 phase=gpu start_raw_s=678345.65800475 end_raw_s=678345.658625
2026-10-08T15:21:58.196631250Z DEBUG omega::metal::placements_execute_named: chunk_phase step=19 chunk=6 phase=gpu start_raw_s=678345.6586495 end_raw_s=678345.65945975
2026-10-08T15:21:58.197799167Z DEBUG omega::metal::placements_execute_named: chunk_phase step=19 chunk=7 phase=gpu start_raw_s=678345.6594826251 end_raw_s=678345.660606625
2026-10-08T15:21:58.199293209Z DEBUG omega::metal::placements_execute_named: chunk_phase step=19 chunk=8 phase=gpu start_raw_s=678345.6606375417 end_raw_s=678345.66212
2026-10-08T15:21:58.199788584Z DEBUG omega::metal::placements_execute_named: chunk_phase step=20 chunk=2 phase=scheduled start_raw_s=678345.662721291 end_raw_s=678345.662721291
2026-10-08T15:21:58.200025750Z DEBUG omega::metal::placements_execute_named: chunk_phase step=20 chunk=4 phase=scheduled start_raw_s=678345.662958625 end_raw_s=678345.662958625
2026-10-08T15:21:58.200459875Z DEBUG omega::metal::placements_execute_named: chunk_phase step=20 chunk=2 phase=gpu start_raw_s=678345.6630640418 end_raw_s=678345.6632875
2026-10-08T15:21:58.200666084Z DEBUG omega::metal::placements_execute_named: chunk_phase step=20 chunk=7 phase=scheduled start_raw_s=678345.663599041 end_raw_s=678345.663599041
2026-10-08T15:21:58.201323750Z DEBUG omega::metal::placements_execute_named: chunk_phase step=20 chunk=4 phase=gpu start_raw_s=678345.6637248751 end_raw_s=678345.664168
2026-10-08T15:21:58.206356917Z DEBUG omega::metal::placements_execute_named: chunk_phase step=21 chunk=4 phase=scheduled start_raw_s=678345.669289833 end_raw_s=678345.669289833
2026-10-08T15:21:58.206804000Z DEBUG omega::metal::placements_execute_named: chunk_phase step=21 chunk=2 phase=gpu start_raw_s=678345.6693959167 end_raw_s=678345.669621625
2026-10-08T15:21:58.207000334Z DEBUG omega::metal::placements_execute_named: chunk_phase step=21 chunk=7 phase=scheduled start_raw_s=678345.669933041 end_raw_s=678345.669933041
2026-10-08T15:21:58.207730000Z DEBUG omega::metal::placements_execute_named: chunk_phase step=21 chunk=4 phase=gpu start_raw_s=678345.670057875 end_raw_s=678345.6705003751
2026-10-08T15:21:58.208394084Z DEBUG omega::metal::placements_execute_named: chunk_phase step=21 chunk=5 phase=gpu start_raw_s=678345.6705290417 end_raw_s=678345.671212375
2026-10-08T15:21:58.202090417Z DEBUG omega::metal::placements_execute_named: chunk_phase step=20 chunk=5 phase=gpu start_raw_s=678345.664192875 end_raw_s=678345.6649168751
2026-10-08T15:21:58.202937167Z DEBUG omega::metal::placements_execute_named: chunk_phase step=20 chunk=6 phase=gpu start_raw_s=678345.664944125 end_raw_s=678345.6657665
2026-10-08T15:21:58.204090292Z DEBUG omega::metal::placements_execute_named: chunk_phase step=20 chunk=7 phase=gpu start_raw_s=678345.6657904168 end_raw_s=678345.66690325
2026-10-08T15:21:58.205663625Z DEBUG omega::metal::placements_execute_named: chunk_phase step=20 chunk=8 phase=gpu start_raw_s=678345.666935 end_raw_s=678345.6684643751
2026-10-08T15:21:58.206115167Z DEBUG omega::metal::placements_execute_named: chunk_phase step=21 chunk=1 phase=scheduled start_raw_s=678345.66904775 end_raw_s=678345.66904775
2026-10-08T15:21:58.206116125Z DEBUG omega::metal::placements_execute_named: chunk_phase step=21 chunk=2 phase=scheduled start_raw_s=678345.669049375 end_raw_s=678345.669049375
2026-10-08T15:21:58.206234334Z DEBUG omega::metal::placements_execute_named: chunk_phase step=21 chunk=3 phase=scheduled start_raw_s=678345.66916725 end_raw_s=678345.66916725
2026-10-08T15:21:58.206510917Z DEBUG omega::metal::placements_execute_named: chunk_phase step=21 chunk=5 phase=scheduled start_raw_s=678345.669443875 end_raw_s=678345.669443875
2026-10-08T15:21:58.206512125Z DEBUG omega::metal::placements_execute_named: chunk_phase step=21 chunk=1 phase=gpu start_raw_s=678345.66911425 end_raw_s=678345.6693751251
2026-10-08T15:21:58.206719792Z DEBUG omega::metal::placements_execute_named: chunk_phase step=21 chunk=6 phase=scheduled start_raw_s=678345.669652708 end_raw_s=678345.669652708
2026-10-08T15:21:58.207211792Z DEBUG omega::metal::placements_execute_named: chunk_phase step=21 chunk=3 phase=gpu start_raw_s=678345.6696432501 end_raw_s=678345.6700379167
2026-10-08T15:21:58.207325834Z DEBUG omega::metal::placements_execute_named: chunk_phase step=21 chunk=8 phase=scheduled start_raw_s=678345.670259 end_raw_s=678345.670259
2026-10-08T15:21:58.209278292Z DEBUG omega::metal::placements_execute_named: chunk_phase step=21 chunk=6 phase=gpu start_raw_s=678345.6712384167 end_raw_s=678345.672115375
2026-10-08T15:21:58.210541042Z DEBUG omega::metal::placements_execute_named: chunk_phase step=21 chunk=7 phase=gpu start_raw_s=678345.6721412917 end_raw_s=678345.6733607501
2026-10-08T15:21:58.212110959Z DEBUG omega::metal::placements_execute_named: chunk_phase step=21 chunk=8 phase=gpu start_raw_s=678345.6733945417 end_raw_s=678345.6749422917
2026-10-08T15:21:58.212526834Z DEBUG omega::metal::placements_execute_named: chunk_phase step=22 chunk=1 phase=scheduled start_raw_s=678345.6754595 end_raw_s=678345.6754595
2026-10-08T15:21:58.212576417Z DEBUG omega::metal::placements_execute_named: chunk_phase step=22 chunk=2 phase=scheduled start_raw_s=678345.67550925 end_raw_s=678345.67550925
2026-10-08T15:21:58.212936667Z DEBUG omega::metal::placements_execute_named: chunk_phase step=22 chunk=1 phase=gpu start_raw_s=678345.6755285417 end_raw_s=678345.6757915
2026-10-08T15:21:58.213004667Z DEBUG omega::metal::placements_execute_named: chunk_phase step=22 chunk=5 phase=scheduled start_raw_s=678345.6759375 end_raw_s=678345.6759375
2026-10-08T15:21:58.213210584Z DEBUG omega::metal::placements_execute_named: chunk_phase step=22 chunk=6 phase=scheduled start_raw_s=678345.676143541 end_raw_s=678345.676143541
2026-10-08T15:21:58.213586834Z DEBUG omega::metal::placements_execute_named: chunk_phase step=22 chunk=3 phase=gpu start_raw_s=678345.676055875 end_raw_s=678345.676450875
2026-10-08T15:21:58.213869500Z DEBUG omega::metal::placements_execute_named: chunk_phase step=22 chunk=8 phase=scheduled start_raw_s=678345.6768025 end_raw_s=678345.6768025
2026-10-08T15:21:58.212676875Z DEBUG omega::metal::placements_execute_named: chunk_phase step=22 chunk=3 phase=scheduled start_raw_s=678345.675609666 end_raw_s=678345.675609666
2026-10-08T15:21:58.212824709Z DEBUG omega::metal::placements_execute_named: chunk_phase step=22 chunk=4 phase=scheduled start_raw_s=678345.675757666 end_raw_s=678345.675757666
2026-10-08T15:21:58.213196459Z DEBUG omega::metal::placements_execute_named: chunk_phase step=22 chunk=2 phase=gpu start_raw_s=678345.6758075417 end_raw_s=678345.676035125
2026-10-08T15:21:58.213491167Z DEBUG omega::metal::placements_execute_named: chunk_phase step=22 chunk=7 phase=scheduled start_raw_s=678345.676424125 end_raw_s=678345.676424125
2026-10-08T15:21:58.214105625Z DEBUG omega::metal::placements_execute_named: chunk_phase step=22 chunk=4 phase=gpu start_raw_s=678345.676464875 end_raw_s=678345.6769137917
2026-10-08T15:21:58.214783209Z DEBUG omega::metal::placements_execute_named: chunk_phase step=22 chunk=5 phase=gpu start_raw_s=678345.6769402501 end_raw_s=678345.67762175
2026-10-08T15:21:58.219187250Z DEBUG omega::metal::placements_execute_named: chunk_phase step=23 chunk=2 phase=scheduled start_raw_s=678345.682120208 end_raw_s=678345.682120208
2026-10-08T15:21:58.219685292Z DEBUG omega::metal::placements_execute_named: chunk_phase step=23 chunk=2 phase=gpu start_raw_s=678345.6823096668 end_raw_s=678345.6825326667
2026-10-08T15:21:58.219745334Z DEBUG omega::metal::placements_execute_named: chunk_phase step=23 chunk=4 phase=scheduled start_raw_s=678345.68267825 end_raw_s=678345.68267825
2026-10-08T15:21:58.220576750Z DEBUG omega::metal::placements_execute_named: chunk_phase step=23 chunk=4 phase=gpu start_raw_s=678345.6829700001 end_raw_s=678345.683419
2026-10-08T15:21:58.220724709Z DEBUG omega::metal::placements_execute_named: chunk_phase step=23 chunk=6 phase=scheduled start_raw_s=678345.683657583 end_raw_s=678345.683657583
2026-10-08T15:21:58.222081834Z DEBUG omega::metal::placements_execute_named: chunk_phase step=23 chunk=6 phase=gpu start_raw_s=678345.68410025 end_raw_s=678345.6849171667
2026-10-08T15:21:58.215653750Z DEBUG omega::metal::placements_execute_named: chunk_phase step=22 chunk=6 phase=gpu start_raw_s=678345.6776490001 end_raw_s=678345.67847275
2026-10-08T15:21:58.216943875Z DEBUG omega::metal::placements_execute_named: chunk_phase step=22 chunk=7 phase=gpu start_raw_s=678345.678498375 end_raw_s=678345.6797315
2026-10-08T15:21:58.218539125Z DEBUG omega::metal::placements_execute_named: chunk_phase step=22 chunk=8 phase=gpu start_raw_s=678345.679768 end_raw_s=678345.6813766251
2026-10-08T15:21:58.219026834Z DEBUG omega::metal::placements_execute_named: chunk_phase step=23 chunk=1 phase=scheduled start_raw_s=678345.681959708 end_raw_s=678345.681959708
2026-10-08T15:21:58.219440584Z DEBUG omega::metal::placements_execute_named: chunk_phase step=23 chunk=1 phase=gpu start_raw_s=678345.6820248751 end_raw_s=678345.682288875
2026-10-08T15:21:58.219443000Z DEBUG omega::metal::placements_execute_named: chunk_phase step=23 chunk=3 phase=scheduled start_raw_s=678345.68237625 end_raw_s=678345.68237625
2026-10-08T15:21:58.220099709Z DEBUG omega::metal::placements_execute_named: chunk_phase step=23 chunk=3 phase=gpu start_raw_s=678345.6825535417 end_raw_s=678345.6829487917
2026-10-08T15:21:58.220172375Z DEBUG omega::metal::placements_execute_named: chunk_phase step=23 chunk=5 phase=scheduled start_raw_s=678345.683105333 end_raw_s=678345.683105333
2026-10-08T15:21:58.221229167Z DEBUG omega::metal::placements_execute_named: chunk_phase step=23 chunk=5 phase=gpu start_raw_s=678345.683444125 end_raw_s=678345.6840720001
2026-10-08T15:21:58.221490667Z DEBUG omega::metal::placements_execute_named: chunk_phase step=23 chunk=7 phase=scheduled start_raw_s=678345.684423541 end_raw_s=678345.684423541
2026-10-08T15:21:58.222432000Z DEBUG omega::metal::placements_execute_named: chunk_phase step=23 chunk=8 phase=scheduled start_raw_s=678345.685365083 end_raw_s=678345.685365083
2026-10-08T15:21:58.223273375Z DEBUG omega::metal::placements_execute_named: chunk_phase step=23 chunk=7 phase=gpu start_raw_s=678345.68494175 end_raw_s=678345.68610425
2026-10-08T15:21:58.224920084Z DEBUG omega::metal::placements_execute_named: chunk_phase step=23 chunk=8 phase=gpu start_raw_s=678345.6861385 end_raw_s=678345.68775875
2026-10-08T15:21:58.065337875Z DEBUG omega::metal::placements_execute_named: span=3797d417e52be85f step_phase step=1 phase=prepare start_raw_s=678345.49006375 end_raw_s=678345.528271041
2026-10-08T15:21:58.075843584Z DEBUG omega::metal::placements_execute_named: step_phase step=1 phase=pre_encode start_raw_s=678345.528780375 end_raw_s=678345.538776875
2026-10-08T15:21:58.078515500Z DEBUG omega::metal::placements_execute_named: chunk_phase step=1 chunk=1 phase=encode start_raw_s=678345.538776875 end_raw_s=678345.54143525
2026-10-08T15:21:58.078515792Z DEBUG omega::metal::placements_execute_named: chunk_phase step=1 chunk=1 phase=commit start_raw_s=678345.541436125 end_raw_s=678345.541448041
2026-10-08T15:21:58.078632834Z DEBUG omega::metal::placements_execute_named: chunk_phase step=1 chunk=2 phase=encode start_raw_s=678345.54144925 end_raw_s=678345.541564041
2026-10-08T15:21:58.078633084Z DEBUG omega::metal::placements_execute_named: chunk_phase step=1 chunk=2 phase=commit start_raw_s=678345.541564333 end_raw_s=678345.541565708
2026-10-08T15:21:58.078787375Z DEBUG omega::metal::placements_execute_named: chunk_phase step=1 chunk=3 phase=encode start_raw_s=678345.541566666 end_raw_s=678345.541716958
2026-10-08T15:21:58.078787625Z DEBUG omega::metal::placements_execute_named: chunk_phase step=1 chunk=3 phase=commit start_raw_s=678345.541717208 end_raw_s=678345.541720333
2026-10-08T15:21:58.078958875Z DEBUG omega::metal::placements_execute_named: chunk_phase step=1 chunk=4 phase=encode start_raw_s=678345.541721125 end_raw_s=678345.541888791
2026-10-08T15:21:58.078959250Z DEBUG omega::metal::placements_execute_named: chunk_phase step=1 chunk=4 phase=commit start_raw_s=678345.541889 end_raw_s=678345.541891833
2026-10-08T15:21:58.079178542Z DEBUG omega::metal::placements_execute_named: chunk_phase step=1 chunk=5 phase=encode start_raw_s=678345.54189275 end_raw_s=678345.542107916
2026-10-08T15:21:58.079179334Z DEBUG omega::metal::placements_execute_named: chunk_phase step=1 chunk=5 phase=commit start_raw_s=678345.542108166 end_raw_s=678345.542111083
2026-10-08T15:21:58.079415459Z DEBUG omega::metal::placements_execute_named: chunk_phase step=1 chunk=6 phase=encode start_raw_s=678345.542112833 end_raw_s=678345.542345041
2026-10-08T15:21:58.079416042Z DEBUG omega::metal::placements_execute_named: chunk_phase step=1 chunk=6 phase=commit start_raw_s=678345.542345208 end_raw_s=678345.542348333
2026-10-08T15:21:58.079686792Z DEBUG omega::metal::placements_execute_named: chunk_phase step=1 chunk=7 phase=encode start_raw_s=678345.542349541 end_raw_s=678345.542616958
2026-10-08T15:21:58.079687125Z DEBUG omega::metal::placements_execute_named: chunk_phase step=1 chunk=7 phase=commit start_raw_s=678345.542617041 end_raw_s=678345.54261975
2026-10-08T15:21:58.080029125Z DEBUG omega::metal::placements_execute_named: chunk_phase step=1 chunk=8 phase=encode start_raw_s=678345.542620625 end_raw_s=678345.542959958
2026-10-08T15:21:58.080029542Z DEBUG omega::metal::placements_execute_named: chunk_phase step=1 chunk=8 phase=commit start_raw_s=678345.542960333 end_raw_s=678345.542962375
2026-10-08T15:21:58.085063292Z DEBUG omega::metal::placements_execute_named: token_breakdown_gpu commit_call_ms=0.002042 commit_to_gpu_start_ms=0 gpu_busy_ms=5.930458311922848 gpu_end_to_wait_return_ms=0 sum_ms=5.9325003119228485 final_commit_to_wait_ms=5.034125 gpu_start_raw_s=678345.5418902917 gpu_end_raw_s=678345.54782075 commit_call_start_raw_s=678345.542960333 wait_return_extra_ms=5.031167 chunks=8 first_commit_to_first_gpu_start_ms=0.4541667876765132 encode_overlap_ms=1.510625
2026-10-08T15:21:58.085065125Z DEBUG omega::metal::placements_execute_named: chunk_record step=1 plan_shape=decode chunk=1 chunk_count=8 op_first=0 op_last=23 encode_start_ms=0 encode_end_ms=2.6583330000000003 commit_at_ms=2.65925 commit_ms=0.011916000000000001 gpu_start_ms=3.1134167220443487 gpu_end_ms=3.4331249771639705 commit_to_gpu_start_ms=0.4541667220443486 gpu_idle_before_ms=3.1134167220443487
2026-10-08T15:21:58.085066334Z DEBUG omega::metal::placements_execute_named: chunk_record step=1 plan_shape=decode chunk=2 chunk_count=8 op_first=24 op_last=40 encode_start_ms=2.6723749999999997 encode_end_ms=2.787166 commit_at_ms=2.787458 commit_ms=0.0014169999999999999 gpu_start_ms=3.4565000096336007 gpu_end_ms=3.698625019751489 commit_to_gpu_start_ms=0.6690420096336007 gpu_idle_before_ms=0.02337503246963024
2026-10-08T15:21:58.085067375Z DEBUG omega::metal::placements_execute_named: chunk_record step=1 plan_shape=decode chunk=3 chunk_count=8 op_first=41 op_last=64 encode_start_ms=2.78975 encode_end_ms=2.940083 commit_at_ms=2.940333 commit_ms=0.003125 gpu_start_ms=3.7176667246967554 gpu_end_ms=4.121000063605607 commit_to_gpu_start_ms=0.7773337246967555 gpu_idle_before_ms=0.019041704945266247
2026-10-08T15:21:58.085068042Z DEBUG omega::metal::placements_execute_named: chunk_record step=1 plan_shape=decode chunk=4 chunk_count=8 op_first=65 op_last=96 encode_start_ms=2.94425 encode_end_ms=3.111875 commit_at_ms=3.112125 commit_ms=0.002833 gpu_start_ms=4.1499166982248425 gpu_end_ms=4.613000084646046 commit_to_gpu_start_ms=1.0377916982248427 gpu_idle_before_ms=0.028916634619235992
2026-10-08T15:21:58.085068542Z DEBUG omega::metal::placements_execute_named: chunk_record step=1 plan_shape=decode chunk=5 chunk_count=8 op_first=97 op_last=139 encode_start_ms=3.1158330000000003 encode_end_ms=3.3310000000000004 commit_at_ms=3.3313330000000003 commit_ms=0.002875 gpu_start_ms=4.638125072233379 gpu_end_ms=5.284000071696937 commit_to_gpu_start_ms=1.3067920722333786 gpu_idle_before_ms=0.025124987587332726
2026-10-08T15:21:58.085069042Z DEBUG omega::metal::placements_execute_named: chunk_record step=1 plan_shape=decode chunk=6 chunk_count=8 op_first=140 op_last=197 encode_start_ms=3.335916 encode_end_ms=3.5681659999999997 commit_at_ms=3.568333 commit_ms=0.003125 gpu_start_ms=5.3204166470095515 gpu_end_ms=6.207666709087789 commit_to_gpu_start_ms=1.7520836470095515 gpu_idle_before_ms=0.03641657531261444
2026-10-08T15:21:58.085069709Z DEBUG omega::metal::placements_execute_named: chunk_record step=1 plan_shape=decode chunk=7 chunk_count=8 op_first=198 op_last=275 encode_start_ms=3.572625 encode_end_ms=3.8400410000000003 commit_at_ms=3.840166 commit_ms=0.0027089999999999996 gpu_start_ms=6.235041655600071 gpu_end_ms=7.411375059746206 commit_to_gpu_start_ms=2.394875655600071 gpu_idle_before_ms=0.027374946512281895
2026-10-08T15:21:58.085070625Z DEBUG omega::metal::placements_execute_named: chunk_record step=1 plan_shape=decode chunk=8 chunk_count=8 op_first=276 op_last=382 encode_start_ms=3.843708 encode_end_ms=4.183041 commit_at_ms=4.183458 commit_ms=0.002042 gpu_start_ms=7.451625075191259 gpu_end_ms=9.043875033967197 commit_to_gpu_start_ms=3.2681670751912595 gpu_idle_before_ms=0.04025001544505358
2026-10-08T15:21:58.085094667Z DEBUG proxima_model_interop::generate::decode: token_breakdown_argmax_split step=1 scan_ms=0 debug_ms=0
2026-10-08T15:21:58.085095500Z DEBUG proxima_model_interop::generate::decode: token_breakdown_gaps step=1 root_select_ms=0.053541 post_evaluate_ms=0.001875 pre_logits_ms=0.002791 checksum_ms=0 fetch_ms=0.001291 argmax_ms=0.000458 logits_hash_ms=0.000166
2026-10-08T15:21:58.085096792Z INFO proxima_model_interop::generate::load_model: token_breakdown: per-decode-step wall-clock attribution step=1 new_count=1 cached_len_before=1000 step_wall_ms=58.164416 apply_serving_config_ms=0.000375 build_position_inputs_ms=0.002083 named_blocks_weights_ms=0.093875 named_blocks_kv_ms=0.089916 kv_cache_upload_bytes=0 ssm_state_transfer_bytes=0 evaluate_ms=58.007291 layer_cache_append_ms=0.0005 layer_cache_append_bytes=0 greedy_pick_ms=0.000166
2026-10-08T15:21:58.085108292Z INFO proxima_model_interop::generate::load_model: token_breakdown_metal: per-decode-step metal stage attribution step=1 prepare_calls=1 prepare_ms=38.207291 emit_calls=0 emit_ms=0 pipeline_hits=373 pipeline_misses=10 pipeline_compile_ms=4.884125 block_upload_calls=6 block_upload_ms=0 block_offered_bytes=272 block_copied_bytes=272 block_nocopy_bound_bytes=0 block_offset_bound_bytes=0 op_setup_calls=383 op_setup_ms=0.020625 pipeline_lookup_calls=0 pipeline_lookup_ms=0 encode_dispatch_calls=383 physical_dispatch_calls=407 encode_dispatch_ms=0.786375 gpu_exec_calls=8 gpu_exec_ms=5.034083 readback_calls=2 readback_ms=0.00525 readback_bytes=8 nocopy_uploads=0 copying_uploads=6 nocopy_reuses=0 resident_uploads=0 resident_reuses=0 mapping_offset_uploads=0 mapping_rebound_blocks=0 mapping_residency_rung=prefault expert_mapping_candidate_uploads=0 expert_mapping_missed_uploads=0 nocopy_cache_len=25 resident_cache_len=0 resident_cache_bytes=0 uniform_cache_len=1 phys_footprint_bytes=5958237440 device_allocated_bytes=1598881792 output_buffer_allocations=252 output_buffer_allocated_bytes=3446156 checkpoint_mapping_buffer_bytes=1422245888 expert_mapping_buffer_bytes=0 plan_uniform_writes=383 retire_scan_calls=893 retire_scan_ms=0.073791 expert_buffers_lookup_calls=383 expert_buffers_lookup_ms=0.250625 placement_resolve_calls=383 placement_resolve_ms=1.23525 loop_head_calls=383 loop_head_ms=1.388083 encoder_finish_ms=0.000208 pre_encode_calls=1 pre_encode_ms=9.996833 resolve_plan_ms=38.72025 prepare_infer_ms=0.52425 prepare_validate_ms=0.117125 prepare_bind_ms=36.432583 prepare_optimize_ms=0.830333 prepare_retire_ms=0.300583 build_plan_uniforms_ms=1.077375 resolve_steps_ms=9.865375 uniform_buffer_allocations=383 barriers=0 barriers_raw=0 barriers_waw=0 barriers_war=0 barriers_waw_war_arena_recycled=0 barriers_waw_war_persistent=0 expert_source_cache_hits=0 expert_source_cache_misses=0 expert_source_cache_cold_misses=0 expert_source_cache_replacement_misses=0 expert_source_reuse_copy_bytes=0 expert_source_reuse_copy_ms=0 plan_cache_len=0 plan_hits=0 plan_misses=2 plan_refits=0 plan_arena_allocated_bytes=0 segment_arena_allocated_bytes=0 placed_arena_allocated_bytes=54414264 ablation=false kind_filter=
2026-10-08T15:21:58.085315167Z DEBUG omega::metal::placements_execute_named: step_phase step=2 phase=pre_encode start_raw_s=678345.548179291 end_raw_s=678345.54824825
2026-10-08T15:21:58.085390875Z DEBUG omega::metal::placements_execute_named: chunk_phase step=2 chunk=1 phase=encode start_raw_s=678345.54824825 end_raw_s=678345.548319875
2026-10-08T15:21:58.085391167Z DEBUG omega::metal::placements_execute_named: chunk_phase step=2 chunk=1 phase=commit start_raw_s=678345.548320041 end_raw_s=678345.548323833
2026-10-08T15:21:58.085454625Z DEBUG omega::metal::placements_execute_named: chunk_phase step=2 chunk=2 phase=encode start_raw_s=678345.548324666 end_raw_s=678345.548387
2026-10-08T15:21:58.085454792Z DEBUG omega::metal::placements_execute_named: chunk_phase step=2 chunk=2 phase=commit start_raw_s=678345.548387083 end_raw_s=678345.548387708
2026-10-08T15:21:58.085547917Z DEBUG omega::metal::placements_execute_named: chunk_phase step=2 chunk=3 phase=encode start_raw_s=678345.548388291 end_raw_s=678345.548478708
2026-10-08T15:21:58.085548125Z DEBUG omega::metal::placements_execute_named: chunk_phase step=2 chunk=3 phase=commit start_raw_s=678345.548478791 end_raw_s=678345.548480875
2026-10-08T15:21:58.085664042Z DEBUG omega::metal::placements_execute_named: chunk_phase step=2 chunk=4 phase=encode start_raw_s=678345.548481708 end_raw_s=678345.548595041
2026-10-08T15:21:58.085664209Z DEBUG omega::metal::placements_execute_named: chunk_phase step=2 chunk=4 phase=commit start_raw_s=678345.548595125 end_raw_s=678345.548597125
2026-10-08T15:21:58.085820000Z DEBUG omega::metal::placements_execute_named: chunk_phase step=2 chunk=5 phase=encode start_raw_s=678345.548597833 end_raw_s=678345.5487505
2026-10-08T15:21:58.085820334Z DEBUG omega::metal::placements_execute_named: chunk_phase step=2 chunk=5 phase=commit start_raw_s=678345.548750666 end_raw_s=678345.548752791
2026-10-08T15:21:58.086021459Z DEBUG omega::metal::placements_execute_named: chunk_phase step=2 chunk=6 phase=encode start_raw_s=678345.548754 end_raw_s=678345.548951958
2026-10-08T15:21:58.086021750Z DEBUG omega::metal::placements_execute_named: chunk_phase step=2 chunk=6 phase=commit start_raw_s=678345.548952041 end_raw_s=678345.548954458
2026-10-08T15:21:58.086287334Z DEBUG omega::metal::placements_execute_named: chunk_phase step=2 chunk=7 phase=encode start_raw_s=678345.548955416 end_raw_s=678345.549215541
2026-10-08T15:21:58.086287625Z DEBUG omega::metal::placements_execute_named: chunk_phase step=2 chunk=7 phase=commit start_raw_s=678345.549215625 end_raw_s=678345.54922025
2026-10-08T15:21:58.086622292Z DEBUG omega::metal::placements_execute_named: chunk_phase step=2 chunk=8 phase=encode start_raw_s=678345.549221125 end_raw_s=678345.549553166
2026-10-08T15:21:58.086622625Z DEBUG omega::metal::placements_execute_named: chunk_phase step=2 chunk=8 phase=commit start_raw_s=678345.549553416 end_raw_s=678345.549555375
2026-10-08T15:21:58.091503417Z DEBUG omega::metal::placements_execute_named: token_breakdown_gpu commit_call_ms=0.001959 commit_to_gpu_start_ms=0 gpu_busy_ms=5.812416668049991 gpu_end_to_wait_return_ms=0 sum_ms=5.814375668049991 final_commit_to_wait_ms=4.882375 gpu_start_raw_s=678345.548487875 gpu_end_raw_s=678345.5543002917 commit_call_start_raw_s=678345.549553416 wait_return_extra_ms=4.879708 chunks=8 first_commit_to_first_gpu_start_ms=0.16783399041742086 encode_overlap_ms=1.2285830000000002
2026-10-08T15:21:58.091504084Z DEBUG omega::metal::placements_execute_named: chunk_record step=2 plan_shape=decode chunk=1 chunk_count=8 op_first=0 op_last=23 encode_start_ms=0 encode_end_ms=0.071583 commit_at_ms=0.07179100000000001 commit_ms=0.003834 gpu_start_ms=0.23962499108165503 gpu_end_ms=0.5032500484958291 commit_to_gpu_start_ms=0.16783399108165503 gpu_idle_before_ms=0.23962499108165503
2026-10-08T15:21:58.091504500Z DEBUG omega::metal::placements_execute_named: chunk_record step=2 plan_shape=decode chunk=2 chunk_count=8 op_first=24 op_last=40 encode_start_ms=0.076416 encode_end_ms=0.138708 commit_at_ms=0.13883299999999998 commit_ms=0.000625 gpu_start_ms=0.5257499869912863 gpu_end_ms=0.74712501373142 commit_to_gpu_start_ms=0.3869169869912863 gpu_idle_before_ms=0.022499938495457172
2026-10-08T15:21:58.091504834Z DEBUG omega::metal::placements_execute_named: chunk_record step=2 plan_shape=decode chunk=3 chunk_count=8 op_first=41 op_last=64 encode_start_ms=0.13999999999999999 encode_end_ms=0.230416 commit_at_ms=0.230541 commit_ms=0.002084 gpu_start_ms=0.7691249484196305 gpu_end_ms=1.1580416467040777 commit_to_gpu_start_ms=0.5385839484196305 gpu_idle_before_ms=0.021999934688210487
2026-10-08T15:21:58.091505167Z DEBUG omega::metal::placements_execute_named: chunk_record step=2 plan_shape=decode chunk=4 chunk_count=8 op_first=65 op_last=96 encode_start_ms=0.233458 encode_end_ms=0.346791 commit_at_ms=0.346875 commit_ms=0.002 gpu_start_ms=1.1802916415035725 gpu_end_ms=1.6348749632015824 commit_to_gpu_start_ms=0.8334166415035724 gpu_idle_before_ms=0.022249994799494743
2026-10-08T15:21:58.091505500Z DEBUG omega::metal::placements_execute_named: chunk_record step=2 plan_shape=decode chunk=5 chunk_count=8 op_first=97 op_last=139 encode_start_ms=0.349541 encode_end_ms=0.502208 commit_at_ms=0.502416 commit_ms=0.002125 gpu_start_ms=1.6611249884590507 gpu_end_ms=2.333124983124435 commit_to_gpu_start_ms=1.1587089884590507 gpu_idle_before_ms=0.026250025257468224
2026-10-08T15:21:58.091505875Z DEBUG omega::metal::placements_execute_named: chunk_record step=2 plan_shape=decode chunk=6 chunk_count=8 op_first=140 op_last=197 encode_start_ms=0.50575 encode_end_ms=0.703708 commit_at_ms=0.703791 commit_ms=0.0024590000000000002 gpu_start_ms=2.363666659221053 gpu_end_ms=3.2341666519641876 commit_to_gpu_start_ms=1.659875659221053 gpu_idle_before_ms=0.030541676096618176
2026-10-08T15:21:58.091506209Z DEBUG omega::metal::placements_execute_named: chunk_record step=2 plan_shape=decode chunk=7 chunk_count=8 op_first=198 op_last=275 encode_start_ms=0.707125 encode_end_ms=0.967291 commit_at_ms=0.967416 commit_ms=0.004625 gpu_start_ms=3.2638750271871686 gpu_end_ms=4.441875033080578 commit_to_gpu_start_ms=2.2964590271871685 gpu_idle_before_ms=0.029708375222980976
2026-10-08T15:21:58.091506542Z DEBUG omega::metal::placements_execute_named: chunk_record step=2 plan_shape=decode chunk=8 chunk_count=8 op_first=276 op_last=382 encode_start_ms=0.972833 encode_end_ms=1.304916 commit_at_ms=1.305166 commit_ms=0.001959 gpu_start_ms=4.48662496637553 gpu_end_ms=6.052041659131646 commit_to_gpu_start_ms=3.18145896637553 gpu_idle_before_ms=0.044749933294951916
2026-10-08T15:21:58.091521959Z DEBUG proxima_model_interop::generate::decode: token_breakdown_argmax_split step=2 scan_ms=0 debug_ms=0
2026-10-08T15:21:58.091522334Z DEBUG proxima_model_interop::generate::decode: token_breakdown_gaps step=2 root_select_ms=0.042083 post_evaluate_ms=0.001125 pre_logits_ms=0.001541 checksum_ms=0 fetch_ms=0.000791 argmax_ms=0.000333 logits_hash_ms=0
2026-10-08T15:21:58.091523125Z INFO proxima_model_interop::generate::load_model: token_breakdown: per-decode-step wall-clock attribution step=2 new_count=1 cached_len_before=1001 step_wall_ms=6.406208 apply_serving_config_ms=0.000416 build_position_inputs_ms=0.002 named_blocks_weights_ms=0.024 named_blocks_kv_ms=0.023041 kv_cache_upload_bytes=0 ssm_state_transfer_bytes=0 evaluate_ms=6.333458 layer_cache_append_ms=0.000208 layer_cache_append_bytes=0 greedy_pick_ms=0.000041
2026-10-08T15:21:58.091529834Z INFO proxima_model_interop::generate::load_model: token_breakdown_metal: per-decode-step metal stage attribution step=2 prepare_calls=0 prepare_ms=0 emit_calls=0 emit_ms=0 pipeline_hits=0 pipeline_misses=0 pipeline_compile_ms=0 block_upload_calls=6 block_upload_ms=0 block_offered_bytes=272 block_copied_bytes=272 block_nocopy_bound_bytes=0 block_offset_bound_bytes=0 op_setup_calls=374 op_setup_ms=0.00675 pipeline_lookup_calls=0 pipeline_lookup_ms=0 encode_dispatch_calls=374 physical_dispatch_calls=398 encode_dispatch_ms=0.744333 gpu_exec_calls=8 gpu_exec_ms=4.882333 readback_calls=2 readback_ms=0.004458 readback_bytes=8 nocopy_uploads=0 copying_uploads=6 nocopy_reuses=0 resident_uploads=0 resident_reuses=0 mapping_offset_uploads=0 mapping_rebound_blocks=4 mapping_residency_rung=prefault expert_mapping_candidate_uploads=0 expert_mapping_missed_uploads=0 nocopy_cache_len=25 resident_cache_len=0 resident_cache_bytes=0 uniform_cache_len=1 phys_footprint_bytes=5958237440 device_allocated_bytes=1598881792 output_buffer_allocations=0 output_buffer_allocated_bytes=0 checkpoint_mapping_buffer_bytes=1422245888 expert_mapping_buffer_bytes=0 plan_uniform_writes=0 retire_scan_calls=893 retire_scan_ms=0.072041 expert_buffers_lookup_calls=374 expert_buffers_lookup_ms=0.243541 placement_resolve_calls=374 placement_resolve_ms=0.031875 loop_head_calls=383 loop_head_ms=0.0955 encoder_finish_ms=0.000166 pre_encode_calls=1 pre_encode_ms=0.069541 resolve_plan_ms=0.000208 prepare_infer_ms=0 prepare_validate_ms=0 prepare_bind_ms=0 prepare_optimize_ms=0 prepare_retire_ms=0 build_plan_uniforms_ms=0 resolve_steps_ms=0 uniform_buffer_allocations=0 barriers=0 barriers_raw=0 barriers_waw=0 barriers_war=0 barriers_waw_war_arena_recycled=0 barriers_waw_war_persistent=0 expert_source_cache_hits=0 expert_source_cache_misses=0 expert_source_cache_cold_misses=0 expert_source_cache_replacement_misses=0 expert_source_reuse_copy_bytes=0 expert_source_reuse_copy_ms=0 plan_cache_len=0 plan_hits=1 plan_misses=2 plan_refits=0 plan_arena_allocated_bytes=0 segment_arena_allocated_bytes=0 placed_arena_allocated_bytes=54414264 ablation=false kind_filter=
2026-10-08T15:21:58.091703125Z DEBUG omega::metal::placements_execute_named: step_phase step=3 phase=pre_encode start_raw_s=678345.554571541 end_raw_s=678345.554636375
2026-10-08T15:21:58.091776959Z DEBUG omega::metal::placements_execute_named: chunk_phase step=3 chunk=1 phase=encode start_raw_s=678345.554636375 end_raw_s=678345.554706666
2026-10-08T15:21:58.091777334Z DEBUG omega::metal::placements_execute_named: chunk_phase step=3 chunk=1 phase=commit start_raw_s=678345.55470675 end_raw_s=678345.554709833
2026-10-08T15:21:58.091841542Z DEBUG omega::metal::placements_execute_named: chunk_phase step=3 chunk=2 phase=encode start_raw_s=678345.554710833 end_raw_s=678345.554773833
2026-10-08T15:21:58.091841834Z DEBUG omega::metal::placements_execute_named: chunk_phase step=3 chunk=2 phase=commit start_raw_s=678345.554773916 end_raw_s=678345.554774541
2026-10-08T15:21:58.091935459Z DEBUG omega::metal::placements_execute_named: chunk_phase step=3 chunk=3 phase=encode start_raw_s=678345.554775333 end_raw_s=678345.554866458
2026-10-08T15:21:58.091935625Z DEBUG omega::metal::placements_execute_named: chunk_phase step=3 chunk=3 phase=commit start_raw_s=678345.554866541 end_raw_s=678345.554868541
2026-10-08T15:21:58.092049792Z DEBUG omega::metal::placements_execute_named: chunk_phase step=3 chunk=4 phase=encode start_raw_s=678345.554869125 end_raw_s=678345.5549805
2026-10-08T15:21:58.092050084Z DEBUG omega::metal::placements_execute_named: chunk_phase step=3 chunk=4 phase=commit start_raw_s=678345.554980583 end_raw_s=678345.554982875
2026-10-08T15:21:58.092208167Z DEBUG omega::metal::placements_execute_named: chunk_phase step=3 chunk=5 phase=encode start_raw_s=678345.55498375 end_raw_s=678345.555138041
2026-10-08T15:21:58.092208334Z DEBUG omega::metal::placements_execute_named: chunk_phase step=3 chunk=5 phase=commit start_raw_s=678345.555138208 end_raw_s=678345.555140708
2026-10-08T15:21:58.092410875Z DEBUG omega::metal::placements_execute_named: chunk_phase step=3 chunk=6 phase=encode start_raw_s=678345.555141958 end_raw_s=678345.555341541
2026-10-08T15:21:58.092411042Z DEBUG omega::metal::placements_execute_named: chunk_phase step=3 chunk=6 phase=commit start_raw_s=678345.555341666 end_raw_s=678345.555344
2026-10-08T15:21:58.092678917Z DEBUG omega::metal::placements_execute_named: chunk_phase step=3 chunk=7 phase=encode start_raw_s=678345.555344541 end_raw_s=678345.555609166
2026-10-08T15:21:58.092679084Z DEBUG omega::metal::placements_execute_named: chunk_phase step=3 chunk=7 phase=commit start_raw_s=678345.55560925 end_raw_s=678345.555612041
2026-10-08T15:21:58.092998542Z DEBUG omega::metal::placements_execute_named: chunk_phase step=3 chunk=8 phase=encode start_raw_s=678345.555612583 end_raw_s=678345.555928541
2026-10-08T15:21:58.092998792Z DEBUG omega::metal::placements_execute_named: chunk_phase step=3 chunk=8 phase=commit start_raw_s=678345.555928875 end_raw_s=678345.555931583
2026-10-08T15:21:58.097948000Z DEBUG omega::metal::placements_execute_named: token_breakdown_gpu commit_call_ms=0.00275 commit_to_gpu_start_ms=0 gpu_busy_ms=5.8394999941810966 gpu_end_to_wait_return_ms=0 sum_ms=5.842249994181096 final_commit_to_wait_ms=4.951208 gpu_start_raw_s=678345.554879375 gpu_end_raw_s=678345.560718875 commit_call_start_raw_s=678345.555928875 wait_return_extra_ms=4.94775 chunks=8 first_commit_to_first_gpu_start_ms=0.17262506298720837 encode_overlap_ms=1.217917
2026-10-08T15:21:58.097948709Z DEBUG omega::metal::placements_execute_named: chunk_record step=3 plan_shape=decode chunk=1 chunk_count=8 op_first=0 op_last=23 encode_start_ms=0 encode_end_ms=0.07025 commit_at_ms=0.07037500000000001 commit_ms=0.003083 gpu_start_ms=0.2429999876767397 gpu_end_ms=0.5094166845083237 commit_to_gpu_start_ms=0.17262498767673967 gpu_idle_before_ms=0.2429999876767397
2026-10-08T15:21:58.097949125Z DEBUG omega::metal::placements_execute_named: chunk_record step=3 plan_shape=decode chunk=2 chunk_count=8 op_first=24 op_last=40 encode_start_ms=0.074458 encode_end_ms=0.13741599999999998 commit_at_ms=0.137541 commit_ms=0.000625 gpu_start_ms=0.5293750436976552 gpu_end_ms=0.7527499692514539 commit_to_gpu_start_ms=0.3918340436976552 gpu_idle_before_ms=0.01995835918933153
2026-10-08T15:21:58.097949500Z DEBUG omega::metal::placements_execute_named: chunk_record step=3 plan_shape=decode chunk=3 chunk_count=8 op_first=41 op_last=64 encode_start_ms=0.138958 encode_end_ms=0.230083 commit_at_ms=0.23016599999999998 commit_ms=0.002 gpu_start_ms=0.7781250169500709 gpu_end_ms=1.170624978840351 commit_to_gpu_start_ms=0.5479590169500709 gpu_idle_before_ms=0.02537504769861698
2026-10-08T15:21:58.097949834Z DEBUG omega::metal::placements_execute_named: chunk_record step=3 plan_shape=decode chunk=4 chunk_count=8 op_first=65 op_last=96 encode_start_ms=0.232708 encode_end_ms=0.344083 commit_at_ms=0.34420799999999996 commit_ms=0.0022919999999999998 gpu_start_ms=1.1918749660253525 gpu_end_ms=1.6441666521131992 commit_to_gpu_start_ms=0.8476669660253525 gpu_idle_before_ms=0.021249987185001373
2026-10-08T15:21:58.097950167Z DEBUG omega::metal::placements_execute_named: chunk_record step=3 plan_shape=decode chunk=5 chunk_count=8 op_first=97 op_last=139 encode_start_ms=0.347333 encode_end_ms=0.5016660000000001 commit_at_ms=0.5018330000000001 commit_ms=0.0025 gpu_start_ms=1.6675416845828295 gpu_end_ms=2.3426249390468 commit_to_gpu_start_ms=1.1657086845828295 gpu_idle_before_ms=0.02337503246963024
2026-10-08T15:21:58.097950500Z DEBUG omega::metal::placements_execute_named: chunk_record step=3 plan_shape=decode chunk=6 chunk_count=8 op_first=140 op_last=197 encode_start_ms=0.505541 encode_end_ms=0.7051660000000001 commit_at_ms=0.705291 commit_ms=0.002334 gpu_start_ms=2.3687916109338403 gpu_end_ms=3.2537917140871286 commit_to_gpu_start_ms=1.6635006109338404 gpu_idle_before_ms=0.026166671887040138
2026-10-08T15:21:58.097950834Z DEBUG omega::metal::placements_execute_named: chunk_record step=3 plan_shape=decode chunk=7 chunk_count=8 op_first=198 op_last=275 encode_start_ms=0.708166 encode_end_ms=0.97275 commit_at_ms=0.972875 commit_ms=0.002791 gpu_start_ms=3.2775416038930416 gpu_end_ms=4.496000008657575 commit_to_gpu_start_ms=2.3046666038930415 gpu_idle_before_ms=0.02374988980591297
2026-10-08T15:21:58.097951167Z DEBUG omega::metal::placements_execute_named: chunk_record step=3 plan_shape=decode chunk=8 chunk_count=8 op_first=276 op_last=382 encode_start_ms=0.976208 encode_end_ms=1.292166 commit_at_ms=1.2925 commit_ms=0.00275 gpu_start_ms=4.52737498562783 gpu_end_ms=6.082499981857836 commit_to_gpu_start_ms=3.23487498562783 gpu_idle_before_ms=0.031374976970255375
2026-10-08T15:21:58.097967667Z DEBUG proxima_model_interop::generate::decode: token_breakdown_argmax_split step=3 scan_ms=0 debug_ms=0
2026-10-08T15:21:58.097968084Z DEBUG proxima_model_interop::generate::decode: token_breakdown_gaps step=3 root_select_ms=0.035 post_evaluate_ms=0.001166 pre_logits_ms=0.001875 checksum_ms=0 fetch_ms=0.001041 argmax_ms=0.000458 logits_hash_ms=0
2026-10-08T15:21:58.097969000Z INFO proxima_model_interop::generate::load_model: token_breakdown: per-decode-step wall-clock attribution step=3 new_count=1 cached_len_before=1002 step_wall_ms=6.429875 apply_serving_config_ms=0.000083 build_position_inputs_ms=0.001083 named_blocks_weights_ms=0.015666 named_blocks_kv_ms=0.014791 kv_cache_upload_bytes=0 ssm_state_transfer_bytes=0 evaluate_ms=6.373458 layer_cache_append_ms=0.000291 layer_cache_append_bytes=0 greedy_pick_ms=0
2026-10-08T15:21:58.097976667Z INFO proxima_model_interop::generate::load_model: token_breakdown_metal: per-decode-step metal stage attribution step=3 prepare_calls=0 prepare_ms=0 emit_calls=0 emit_ms=0 pipeline_hits=0 pipeline_misses=0 pipeline_compile_ms=0 block_upload_calls=6 block_upload_ms=0 block_offered_bytes=272 block_copied_bytes=272 block_nocopy_bound_bytes=0 block_offset_bound_bytes=0 op_setup_calls=374 op_setup_ms=0.007583 pipeline_lookup_calls=0 pipeline_lookup_ms=0 encode_dispatch_calls=374 physical_dispatch_calls=398 encode_dispatch_ms=0.73675 gpu_exec_calls=8 gpu_exec_ms=4.951125 readback_calls=2 readback_ms=0.004416 readback_bytes=8 nocopy_uploads=0 copying_uploads=6 nocopy_reuses=0 resident_uploads=0 resident_reuses=0 mapping_offset_uploads=0 mapping_rebound_blocks=4 mapping_residency_rung=prefault expert_mapping_candidate_uploads=0 expert_mapping_missed_uploads=0 nocopy_cache_len=25 resident_cache_len=0 resident_cache_bytes=0 uniform_cache_len=1 phys_footprint_bytes=5958270208 device_allocated_bytes=1598881792 output_buffer_allocations=0 output_buffer_allocated_bytes=0 checkpoint_mapping_buffer_bytes=1422245888 expert_mapping_buffer_bytes=0 plan_uniform_writes=0 retire_scan_calls=893 retire_scan_ms=0.073458 expert_buffers_lookup_calls=374 expert_buffers_lookup_ms=0.252625 placement_resolve_calls=374 placement_resolve_ms=0.0325 loop_head_calls=383 loop_head_ms=0.087166 encoder_finish_ms=0.000166 pre_encode_calls=1 pre_encode_ms=0.065083 resolve_plan_ms=0.000208 prepare_infer_ms=0 prepare_validate_ms=0 prepare_bind_ms=0 prepare_optimize_ms=0 prepare_retire_ms=0 build_plan_uniforms_ms=0 resolve_steps_ms=0 uniform_buffer_allocations=0 barriers=0 barriers_raw=0 barriers_waw=0 barriers_war=0 barriers_waw_war_arena_recycled=0 barriers_waw_war_persistent=0 expert_source_cache_hits=0 expert_source_cache_misses=0 expert_source_cache_cold_misses=0 expert_source_cache_replacement_misses=0 expert_source_reuse_copy_bytes=0 expert_source_reuse_copy_ms=0 plan_cache_len=0 plan_hits=2 plan_misses=2 plan_refits=0 plan_arena_allocated_bytes=0 segment_arena_allocated_bytes=0 placed_arena_allocated_bytes=54414264 ablation=false kind_filter=
2026-10-08T15:21:58.098174459Z DEBUG omega::metal::placements_execute_named: step_phase step=4 phase=pre_encode start_raw_s=678345.561031833 end_raw_s=678345.561107666
2026-10-08T15:21:58.098252209Z DEBUG omega::metal::placements_execute_named: chunk_phase step=4 chunk=1 phase=encode start_raw_s=678345.561107666 end_raw_s=678345.561180291
2026-10-08T15:21:58.098254167Z DEBUG omega::metal::placements_execute_named: chunk_phase step=4 chunk=1 phase=commit start_raw_s=678345.561180625 end_raw_s=678345.561185125
2026-10-08T15:21:58.098318500Z DEBUG omega::metal::placements_execute_named: chunk_phase step=4 chunk=2 phase=encode start_raw_s=678345.561187833 end_raw_s=678345.561250375
2026-10-08T15:21:58.098318667Z DEBUG omega::metal::placements_execute_named: chunk_phase step=4 chunk=2 phase=commit start_raw_s=678345.5612505 end_raw_s=678345.561251583
2026-10-08T15:21:58.098411209Z DEBUG omega::metal::placements_execute_named: chunk_phase step=4 chunk=3 phase=encode start_raw_s=678345.561252166 end_raw_s=678345.56134175
2026-10-08T15:21:58.098411417Z DEBUG omega::metal::placements_execute_named: chunk_phase step=4 chunk=3 phase=commit start_raw_s=678345.561341833 end_raw_s=678345.561344291
2026-10-08T15:21:58.098525167Z DEBUG omega::metal::placements_execute_named: chunk_phase step=4 chunk=4 phase=encode start_raw_s=678345.561345041 end_raw_s=678345.561456125
2026-10-08T15:21:58.098525334Z DEBUG omega::metal::placements_execute_named: chunk_phase step=4 chunk=4 phase=commit start_raw_s=678345.56145625 end_raw_s=678345.56145825
2026-10-08T15:21:58.098680334Z DEBUG omega::metal::placements_execute_named: chunk_phase step=4 chunk=5 phase=encode start_raw_s=678345.561458791 end_raw_s=678345.561611041
2026-10-08T15:21:58.098680500Z DEBUG omega::metal::placements_execute_named: chunk_phase step=4 chunk=5 phase=commit start_raw_s=678345.561611291 end_raw_s=678345.56161325
2026-10-08T15:21:58.098886375Z DEBUG omega::metal::placements_execute_named: chunk_phase step=4 chunk=6 phase=encode start_raw_s=678345.561614 end_raw_s=678345.56181675
2026-10-08T15:21:58.098886542Z DEBUG omega::metal::placements_execute_named: chunk_phase step=4 chunk=6 phase=commit start_raw_s=678345.561816833 end_raw_s=678345.561819375
2026-10-08T15:21:58.099156792Z DEBUG omega::metal::placements_execute_named: chunk_phase step=4 chunk=7 phase=encode start_raw_s=678345.561820041 end_raw_s=678345.562087041
2026-10-08T15:21:58.099156959Z DEBUG omega::metal::placements_execute_named: chunk_phase step=4 chunk=7 phase=commit start_raw_s=678345.562087166 end_raw_s=678345.562089875
2026-10-08T15:21:58.099480667Z DEBUG omega::metal::placements_execute_named: chunk_phase step=4 chunk=8 phase=encode start_raw_s=678345.562090458 end_raw_s=678345.562411583
2026-10-08T15:21:58.099480834Z DEBUG omega::metal::placements_execute_named: chunk_phase step=4 chunk=8 phase=commit start_raw_s=678345.562411875 end_raw_s=678345.562413875
2026-10-08T15:21:58.104391084Z DEBUG omega::metal::placements_execute_named: token_breakdown_gpu commit_call_ms=0.002041 commit_to_gpu_start_ms=0 gpu_busy_ms=5.864708335138857 gpu_end_to_wait_return_ms=0 sum_ms=5.8667493351388575 final_commit_to_wait_ms=4.911708 gpu_start_raw_s=678345.5613420417 gpu_end_raw_s=678345.56720675 commit_call_start_raw_s=678345.562411875 wait_return_extra_ms=4.909208 chunks=8 first_commit_to_first_gpu_start_ms=0.1614167122170329 encode_overlap_ms=1.223917
2026-10-08T15:21:58.104391750Z DEBUG omega::metal::placements_execute_named: chunk_record step=4 plan_shape=decode chunk=1 chunk_count=8 op_first=0 op_last=23 encode_start_ms=0 encode_end_ms=0.072584 commit_at_ms=0.07295900000000001 commit_ms=0.0045000000000000005 gpu_start_ms=0.2343757078051567 gpu_end_ms=0.4993757465854287 commit_to_gpu_start_ms=0.1614167078051567 gpu_idle_before_ms=0.2343757078051567
2026-10-08T15:21:58.104392209Z DEBUG omega::metal::placements_execute_named: chunk_record step=4 plan_shape=decode chunk=2 chunk_count=8 op_first=24 op_last=40 encode_start_ms=0.080125 encode_end_ms=0.142667 commit_at_ms=0.142834 commit_ms=0.001083 gpu_start_ms=0.5201257299631834 gpu_end_ms=0.7495840545743704 commit_to_gpu_start_ms=0.3772917299631834 gpu_idle_before_ms=0.020749983377754688
2026-10-08T15:21:58.104392542Z DEBUG omega::metal::placements_execute_named: chunk_record step=4 plan_shape=decode chunk=3 chunk_count=8 op_first=41 op_last=64 encode_start_ms=0.144459 encode_end_ms=0.234084 commit_at_ms=0.234209 commit_ms=0.0024159999999999997 gpu_start_ms=0.7593340706080198 gpu_end_ms=1.1500840773805976 commit_to_gpu_start_ms=0.5251250706080198 gpu_idle_before_ms=0.009750016033649445
2026-10-08T15:21:58.104392875Z DEBUG omega::metal::placements_execute_named: chunk_record step=4 plan_shape=decode chunk=4 chunk_count=8 op_first=65 op_last=96 encode_start_ms=0.237334 encode_end_ms=0.348459 commit_at_ms=0.348584 commit_ms=0.002041 gpu_start_ms=1.172709045931697 gpu_end_ms=1.6322507290169597 commit_to_gpu_start_ms=0.8241250459316969 gpu_idle_before_ms=0.0226249685510993
2026-10-08T15:21:58.104393209Z DEBUG omega::metal::placements_execute_named: chunk_record step=4 plan_shape=decode chunk=5 chunk_count=8 op_first=97 op_last=139 encode_start_ms=0.35112499999999996 encode_end_ms=0.503375 commit_at_ms=0.503667 commit_ms=0.001917 gpu_start_ms=1.6598340589553118 gpu_end_ms=2.3294590646401048 commit_to_gpu_start_ms=1.1561670589553117 gpu_idle_before_ms=0.027583329938352108
2026-10-08T15:21:58.104393542Z DEBUG omega::metal::placements_execute_named: chunk_record step=4 plan_shape=decode chunk=6 chunk_count=8 op_first=140 op_last=197 encode_start_ms=0.506292 encode_end_ms=0.709042 commit_at_ms=0.709167 commit_ms=0.002542 gpu_start_ms=2.3588340263813734 gpu_end_ms=3.2462090020999312 commit_to_gpu_start_ms=1.6496670263813735 gpu_idle_before_ms=0.029374961741268635
2026-10-08T15:21:58.104393834Z DEBUG omega::metal::placements_execute_named: chunk_record step=4 plan_shape=decode chunk=7 chunk_count=8 op_first=198 op_last=275 encode_start_ms=0.712375 encode_end_ms=0.979375 commit_at_ms=0.9794999999999999 commit_ms=0.0027089999999999996 gpu_start_ms=3.272084053605795 gpu_end_ms=4.480250761844218 commit_to_gpu_start_ms=2.292584053605795 gpu_idle_before_ms=0.025875051505863667
2026-10-08T15:21:58.104394125Z DEBUG omega::metal::placements_execute_named: chunk_record step=4 plan_shape=decode chunk=8 chunk_count=8 op_first=276 op_last=382 encode_start_ms=0.9827499999999999 encode_end_ms=1.303875 commit_at_ms=1.304209 commit_ms=0.002041 gpu_start_ms=4.505125689320266 gpu_end_ms=6.099084042944014 commit_to_gpu_start_ms=3.200916689320266 gpu_idle_before_ms=0.02487492747604847
2026-10-08T15:21:58.104407459Z DEBUG proxima_model_interop::generate::decode: token_breakdown_argmax_split step=4 scan_ms=0 debug_ms=0
2026-10-08T15:21:58.104407834Z DEBUG proxima_model_interop::generate::decode: token_breakdown_gaps step=4 root_select_ms=0.044083 post_evaluate_ms=0.001 pre_logits_ms=0.001416 checksum_ms=0 fetch_ms=0.00075 argmax_ms=0.000333 logits_hash_ms=0.000041
2026-10-08T15:21:58.104408500Z INFO proxima_model_interop::generate::load_model: token_breakdown: per-decode-step wall-clock attribution step=4 new_count=1 cached_len_before=1003 step_wall_ms=6.423166 apply_serving_config_ms=0.000208 build_position_inputs_ms=0.001458 named_blocks_weights_ms=0.019166 named_blocks_kv_ms=0.0185 kv_cache_upload_bytes=0 ssm_state_transfer_bytes=0 evaluate_ms=6.354708 layer_cache_append_ms=0.000125 layer_cache_append_bytes=0 greedy_pick_ms=0.000041
2026-10-08T15:21:58.104416875Z INFO proxima_model_interop::generate::load_model: token_breakdown_metal: per-decode-step metal stage attribution step=4 prepare_calls=0 prepare_ms=0 emit_calls=0 emit_ms=0 pipeline_hits=0 pipeline_misses=0 pipeline_compile_ms=0 block_upload_calls=6 block_upload_ms=0 block_offered_bytes=272 block_copied_bytes=272 block_nocopy_bound_bytes=0 block_offset_bound_bytes=0 op_setup_calls=374 op_setup_ms=0.008208 pipeline_lookup_calls=0 pipeline_lookup_ms=0 encode_dispatch_calls=374 physical_dispatch_calls=398 encode_dispatch_ms=0.741333 gpu_exec_calls=8 gpu_exec_ms=4.911666 readback_calls=2 readback_ms=0.004125 readback_bytes=8 nocopy_uploads=0 copying_uploads=6 nocopy_reuses=0 resident_uploads=0 resident_reuses=0 mapping_offset_uploads=0 mapping_rebound_blocks=4 mapping_residency_rung=prefault expert_mapping_candidate_uploads=0 expert_mapping_missed_uploads=0 nocopy_cache_len=25 resident_cache_len=0 resident_cache_bytes=0 uniform_cache_len=1 phys_footprint_bytes=5958515968 device_allocated_bytes=1598881792 output_buffer_allocations=0 output_buffer_allocated_bytes=0 checkpoint_mapping_buffer_bytes=1422245888 expert_mapping_buffer_bytes=0 plan_uniform_writes=0 retire_scan_calls=893 retire_scan_ms=0.070833 expert_buffers_lookup_calls=374 expert_buffers_lookup_ms=0.260375 placement_resolve_calls=374 placement_resolve_ms=0.032416 loop_head_calls=383 loop_head_ms=0.085208 encoder_finish_ms=0.000291 pre_encode_calls=1 pre_encode_ms=0.076125 resolve_plan_ms=0.000208 prepare_infer_ms=0 prepare_validate_ms=0 prepare_bind_ms=0 prepare_optimize_ms=0 prepare_retire_ms=0 build_plan_uniforms_ms=0 resolve_steps_ms=0 uniform_buffer_allocations=0 barriers=0 barriers_raw=0 barriers_waw=0 barriers_war=0 barriers_waw_war_arena_recycled=0 barriers_waw_war_persistent=0 expert_source_cache_hits=0 expert_source_cache_misses=0 expert_source_cache_cold_misses=0 expert_source_cache_replacement_misses=0 expert_source_reuse_copy_bytes=0 expert_source_reuse_copy_ms=0 plan_cache_len=0 plan_hits=3 plan_misses=2 plan_refits=0 plan_arena_allocated_bytes=0 segment_arena_allocated_bytes=0 placed_arena_allocated_bytes=54414264 ablation=false kind_filter=
2026-10-08T15:21:58.104583125Z DEBUG omega::metal::placements_execute_named: step_phase step=5 phase=pre_encode start_raw_s=678345.567448625 end_raw_s=678345.567516375
2026-10-08T15:21:58.104652709Z DEBUG omega::metal::placements_execute_named: chunk_phase step=5 chunk=1 phase=encode start_raw_s=678345.567516375 end_raw_s=678345.567582333
2026-10-08T15:21:58.104652875Z DEBUG omega::metal::placements_execute_named: chunk_phase step=5 chunk=1 phase=commit start_raw_s=678345.567582583 end_raw_s=678345.567585708
2026-10-08T15:21:58.104715625Z DEBUG omega::metal::placements_execute_named: chunk_phase step=5 chunk=2 phase=encode start_raw_s=678345.567586375 end_raw_s=678345.567646208
2026-10-08T15:21:58.104715792Z DEBUG omega::metal::placements_execute_named: chunk_phase step=5 chunk=2 phase=commit start_raw_s=678345.567646375 end_raw_s=678345.567648708
2026-10-08T15:21:58.104802750Z DEBUG omega::metal::placements_execute_named: chunk_phase step=5 chunk=3 phase=encode start_raw_s=678345.567649291 end_raw_s=678345.567733583
2026-10-08T15:21:58.104802917Z DEBUG omega::metal::placements_execute_named: chunk_phase step=5 chunk=3 phase=commit start_raw_s=678345.567733666 end_raw_s=678345.567735833
2026-10-08T15:21:58.104913417Z DEBUG omega::metal::placements_execute_named: chunk_phase step=5 chunk=4 phase=encode start_raw_s=678345.567736416 end_raw_s=678345.567844666
2026-10-08T15:21:58.104915500Z DEBUG omega::metal::placements_execute_named: chunk_phase step=5 chunk=4 phase=commit start_raw_s=678345.56784475 end_raw_s=678345.567846541
2026-10-08T15:21:58.105064292Z DEBUG omega::metal::placements_execute_named: chunk_phase step=5 chunk=5 phase=encode start_raw_s=678345.567849125 end_raw_s=678345.567994583
2026-10-08T15:21:58.105064500Z DEBUG omega::metal::placements_execute_named: chunk_phase step=5 chunk=5 phase=commit start_raw_s=678345.56799475 end_raw_s=678345.567997291
2026-10-08T15:21:58.105261209Z DEBUG omega::metal::placements_execute_named: chunk_phase step=5 chunk=6 phase=encode start_raw_s=678345.567998125 end_raw_s=678345.56819175
2026-10-08T15:21:58.105261500Z DEBUG omega::metal::placements_execute_named: chunk_phase step=5 chunk=6 phase=commit start_raw_s=678345.568191875 end_raw_s=678345.568194333
2026-10-08T15:21:58.105518167Z DEBUG omega::metal::placements_execute_named: chunk_phase step=5 chunk=7 phase=encode start_raw_s=678345.568195166 end_raw_s=678345.568448875
2026-10-08T15:21:58.105518334Z DEBUG omega::metal::placements_execute_named: chunk_phase step=5 chunk=7 phase=commit start_raw_s=678345.568448958 end_raw_s=678345.56845125
2026-10-08T15:21:58.105845917Z DEBUG omega::metal::placements_execute_named: chunk_phase step=5 chunk=8 phase=encode start_raw_s=678345.568451833 end_raw_s=678345.568776458
2026-10-08T15:21:58.105846042Z DEBUG omega::metal::placements_execute_named: chunk_phase step=5 chunk=8 phase=commit start_raw_s=678345.568776708 end_raw_s=678345.568779125
2026-10-08T15:21:58.110711167Z DEBUG omega::metal::placements_execute_named: token_breakdown_gpu commit_call_ms=0.002458 commit_to_gpu_start_ms=0 gpu_busy_ms=5.823874962516129 gpu_end_to_wait_return_ms=0 sum_ms=5.826332962516129 final_commit_to_wait_ms=4.866958 gpu_start_raw_s=678345.567705375 gpu_end_raw_s=678345.57352925 commit_call_start_raw_s=678345.568776708 wait_return_extra_ms=4.863959 chunks=8 first_commit_to_first_gpu_start_ms=0.12279197108000517 encode_overlap_ms=1.1902499999999998
2026-10-08T15:21:58.110711792Z DEBUG omega::metal::placements_execute_named: chunk_record step=5 plan_shape=decode chunk=1 chunk_count=8 op_first=0 op_last=23 encode_start_ms=0 encode_end_ms=0.065916 commit_at_ms=0.066208 commit_ms=0.003125 gpu_start_ms=0.18900004215538502 gpu_end_ms=0.45216677244752645 commit_to_gpu_start_ms=0.12279204215538501 gpu_idle_before_ms=0.18900004215538502
2026-10-08T15:21:58.110712125Z DEBUG omega::metal::placements_execute_named: chunk_record step=5 plan_shape=decode chunk=2 chunk_count=8 op_first=24 op_last=40 encode_start_ms=0.06995799999999999 encode_end_ms=0.12979100000000002 commit_at_ms=0.13004100000000002 commit_ms=0.0022919999999999998 gpu_start_ms=0.47241675201803446 gpu_end_ms=0.6953750271350145 commit_to_gpu_start_ms=0.34237575201803444 gpu_idle_before_ms=0.020249979570508003
2026-10-08T15:21:58.110712459Z DEBUG omega::metal::placements_execute_named: chunk_record step=5 plan_shape=decode chunk=3 chunk_count=8 op_first=41 op_last=64 encode_start_ms=0.132916 encode_end_ms=0.217166 commit_at_ms=0.21729099999999998 commit_ms=0.002209 gpu_start_ms=0.7166250143200159 gpu_end_ms=1.1070417240262032 commit_to_gpu_start_ms=0.4993340143200159 gpu_idle_before_ms=0.021249987185001373
2026-10-08T15:21:58.110712792Z DEBUG omega::metal::placements_execute_named: chunk_record step=5 plan_shape=decode chunk=4 chunk_count=8 op_first=65 op_last=96 encode_start_ms=0.22004100000000001 encode_end_ms=0.328291 commit_at_ms=0.328375 commit_ms=0.001791 gpu_start_ms=1.1310001136735082 gpu_end_ms=1.57541676890105 commit_to_gpu_start_ms=0.8026251136735082 gpu_idle_before_ms=0.023958389647305012
2026-10-08T15:21:58.110713125Z DEBUG omega::metal::placements_execute_named: chunk_record step=5 plan_shape=decode chunk=5 chunk_count=8 op_first=97 op_last=139 encode_start_ms=0.33275 encode_end_ms=0.47820799999999997 commit_at_ms=0.478375 commit_ms=0.002541 gpu_start_ms=1.59987504594028 gpu_end_ms=2.264375099912286 commit_to_gpu_start_ms=1.12150004594028 gpu_idle_before_ms=0.02445827703922987
2026-10-08T15:21:58.110713542Z DEBUG omega::metal::placements_execute_named: chunk_record step=5 plan_shape=decode chunk=6 chunk_count=8 op_first=140 op_last=197 encode_start_ms=0.481708 encode_end_ms=0.675375 commit_at_ms=0.6755 commit_ms=0.002458 gpu_start_ms=2.290416741743684 gpu_end_ms=3.1427500071004033 commit_to_gpu_start_ms=1.6149167417436838 gpu_idle_before_ms=0.02604164183139801
2026-10-08T15:21:58.110713875Z DEBUG omega::metal::placements_execute_named: chunk_record step=5 plan_shape=decode chunk=7 chunk_count=8 op_first=198 op_last=275 encode_start_ms=0.67875 encode_end_ms=0.9325 commit_at_ms=0.9325829999999999 commit_ms=0.0022919999999999998 gpu_start_ms=3.1735000666230917 gpu_end_ms=4.3830000795423985 commit_to_gpu_start_ms=2.2409170666230915 gpu_idle_before_ms=0.03075005952268839
2026-10-08T15:21:58.110714209Z DEBUG omega::metal::placements_execute_named: chunk_record step=5 plan_shape=decode chunk=8 chunk_count=8 op_first=276 op_last=382 encode_start_ms=0.935458 encode_end_ms=1.260041 commit_at_ms=1.260333 commit_ms=0.002458 gpu_start_ms=4.412375041283667 gpu_end_ms=6.012875004671514 commit_to_gpu_start_ms=3.152042041283667 gpu_idle_before_ms=0.029374961741268635
2026-10-08T15:21:58.110727167Z DEBUG proxima_model_interop::generate::decode: token_breakdown_argmax_split step=5 scan_ms=0 debug_ms=0
2026-10-08T15:21:58.110727500Z DEBUG proxima_model_interop::generate::decode: token_breakdown_gaps step=5 root_select_ms=0.03175 post_evaluate_ms=0.000916 pre_logits_ms=0.001375 checksum_ms=0 fetch_ms=0.000708 argmax_ms=0.000375 logits_hash_ms=0.000041
2026-10-08T15:21:58.110728125Z INFO proxima_model_interop::generate::load_model: token_breakdown: per-decode-step wall-clock attribution step=5 new_count=1 cached_len_before=1004 step_wall_ms=6.304375 apply_serving_config_ms=0.000083 build_position_inputs_ms=0.000958 named_blocks_weights_ms=0.013875 named_blocks_kv_ms=0.013208 kv_cache_upload_bytes=0 ssm_state_transfer_bytes=0 evaluate_ms=6.25425 layer_cache_append_ms=0.000083 layer_cache_append_bytes=0 greedy_pick_ms=0
2026-10-08T15:21:58.110736417Z INFO proxima_model_interop::generate::load_model: token_breakdown_metal: per-decode-step metal stage attribution step=5 prepare_calls=0 prepare_ms=0 emit_calls=0 emit_ms=0 pipeline_hits=0 pipeline_misses=0 pipeline_compile_ms=0 block_upload_calls=6 block_upload_ms=0 block_offered_bytes=272 block_copied_bytes=272 block_nocopy_bound_bytes=0 block_offset_bound_bytes=0 op_setup_calls=374 op_setup_ms=0.006458 pipeline_lookup_calls=0 pipeline_lookup_ms=0 encode_dispatch_calls=374 physical_dispatch_calls=398 encode_dispatch_ms=0.723958 gpu_exec_calls=8 gpu_exec_ms=4.866916 readback_calls=2 readback_ms=0.003916 readback_bytes=8 nocopy_uploads=0 copying_uploads=6 nocopy_reuses=0 resident_uploads=0 resident_reuses=0 mapping_offset_uploads=0 mapping_rebound_blocks=4 mapping_residency_rung=prefault expert_mapping_candidate_uploads=0 expert_mapping_missed_uploads=0 nocopy_cache_len=25 resident_cache_len=0 resident_cache_bytes=0 uniform_cache_len=1 phys_footprint_bytes=5958614272 device_allocated_bytes=1598881792 output_buffer_allocations=0 output_buffer_allocated_bytes=0 checkpoint_mapping_buffer_bytes=1422245888 expert_mapping_buffer_bytes=0 plan_uniform_writes=0 retire_scan_calls=893 retire_scan_ms=0.07025 expert_buffers_lookup_calls=374 expert_buffers_lookup_ms=0.2475 placement_resolve_calls=374 placement_resolve_ms=0.030333 loop_head_calls=383 loop_head_ms=0.08125 encoder_finish_ms=0.00025 pre_encode_calls=1 pre_encode_ms=0.068 resolve_plan_ms=0.000208 prepare_infer_ms=0 prepare_validate_ms=0 prepare_bind_ms=0 prepare_optimize_ms=0 prepare_retire_ms=0 build_plan_uniforms_ms=0 resolve_steps_ms=0 uniform_buffer_allocations=0 barriers=0 barriers_raw=0 barriers_waw=0 barriers_war=0 barriers_waw_war_arena_recycled=0 barriers_waw_war_persistent=0 expert_source_cache_hits=0 expert_source_cache_misses=0 expert_source_cache_cold_misses=0 expert_source_cache_replacement_misses=0 expert_source_reuse_copy_bytes=0 expert_source_reuse_copy_ms=0 plan_cache_len=0 plan_hits=4 plan_misses=2 plan_refits=0 plan_arena_allocated_bytes=0 segment_arena_allocated_bytes=0 placed_arena_allocated_bytes=54414264 ablation=false kind_filter=
2026-10-08T15:21:58.110895417Z DEBUG omega::metal::placements_execute_named: step_phase step=6 phase=pre_encode start_raw_s=678345.573765166 end_raw_s=678345.573828666
2026-10-08T15:21:58.110969209Z DEBUG omega::metal::placements_execute_named: chunk_phase step=6 chunk=1 phase=encode start_raw_s=678345.573828666 end_raw_s=678345.573898916
2026-10-08T15:21:58.110969375Z DEBUG omega::metal::placements_execute_named: chunk_phase step=6 chunk=1 phase=commit start_raw_s=678345.573899125 end_raw_s=678345.573902208
2026-10-08T15:21:58.111032167Z DEBUG omega::metal::placements_execute_named: chunk_phase step=6 chunk=2 phase=encode start_raw_s=678345.573903 end_raw_s=678345.573963125
2026-10-08T15:21:58.111032334Z DEBUG omega::metal::placements_execute_named: chunk_phase step=6 chunk=2 phase=commit start_raw_s=678345.573963208 end_raw_s=678345.573965166
2026-10-08T15:21:58.111119167Z DEBUG omega::metal::placements_execute_named: chunk_phase step=6 chunk=3 phase=encode start_raw_s=678345.573966 end_raw_s=678345.574050458
2026-10-08T15:21:58.111119334Z DEBUG omega::metal::placements_execute_named: chunk_phase step=6 chunk=3 phase=commit start_raw_s=678345.5740505 end_raw_s=678345.574052291
2026-10-08T15:21:58.111229959Z DEBUG omega::metal::placements_execute_named: chunk_phase step=6 chunk=4 phase=encode start_raw_s=678345.574052833 end_raw_s=678345.574160916
2026-10-08T15:21:58.111230125Z DEBUG omega::metal::placements_execute_named: chunk_phase step=6 chunk=4 phase=commit start_raw_s=678345.574161041 end_raw_s=678345.574163083
2026-10-08T15:21:58.111380584Z DEBUG omega::metal::placements_execute_named: chunk_phase step=6 chunk=5 phase=encode start_raw_s=678345.574163625 end_raw_s=678345.574311375
2026-10-08T15:21:58.111380959Z DEBUG omega::metal::placements_execute_named: chunk_phase step=6 chunk=5 phase=commit start_raw_s=678345.574311583 end_raw_s=678345.574313583
2026-10-08T15:21:58.111572292Z DEBUG omega::metal::placements_execute_named: chunk_phase step=6 chunk=6 phase=encode start_raw_s=678345.574314458 end_raw_s=678345.574502958
2026-10-08T15:21:58.111572459Z DEBUG omega::metal::placements_execute_named: chunk_phase step=6 chunk=6 phase=commit start_raw_s=678345.574503083 end_raw_s=678345.574505416
2026-10-08T15:21:58.111838542Z DEBUG omega::metal::placements_execute_named: chunk_phase step=6 chunk=7 phase=encode start_raw_s=678345.574505958 end_raw_s=678345.574769541
2026-10-08T15:21:58.111838709Z DEBUG omega::metal::placements_execute_named: chunk_phase step=6 chunk=7 phase=commit start_raw_s=678345.574769625 end_raw_s=678345.574771625
2026-10-08T15:21:58.112163167Z DEBUG omega::metal::placements_execute_named: chunk_phase step=6 chunk=8 phase=encode start_raw_s=678345.574772333 end_raw_s=678345.575092166
2026-10-08T15:21:58.112163334Z DEBUG omega::metal::placements_execute_named: chunk_phase step=6 chunk=8 phase=commit start_raw_s=678345.575092416 end_raw_s=678345.575094541
2026-10-08T15:21:58.117042667Z DEBUG omega::metal::placements_execute_named: token_breakdown_gpu commit_call_ms=0.002209 commit_to_gpu_start_ms=0 gpu_busy_ms=5.829750094562769 gpu_end_to_wait_return_ms=0 sum_ms=5.831959094562769 final_commit_to_wait_ms=4.882708 gpu_start_raw_s=678345.574031375 gpu_end_raw_s=678345.5798611251 commit_call_start_raw_s=678345.575092416 wait_return_extra_ms=4.878167 chunks=8 first_commit_to_first_gpu_start_ms=0.13225001748651266 encode_overlap_ms=1.18925
2026-10-08T15:21:58.117043375Z DEBUG omega::metal::placements_execute_named: chunk_record step=6 plan_shape=decode chunk=1 chunk_count=8 op_first=0 op_last=23 encode_start_ms=0 encode_end_ms=0.07029099999999999 commit_at_ms=0.07050000000000001 commit_ms=0.003083 gpu_start_ms=0.20270899403840303 gpu_end_ms=0.46412565279752016 commit_to_gpu_start_ms=0.13220899403840303 gpu_idle_before_ms=0.20270899403840303
2026-10-08T15:21:58.117043792Z DEBUG omega::metal::placements_execute_named: chunk_record step=6 plan_shape=decode chunk=2 chunk_count=8 op_first=24 op_last=40 encode_start_ms=0.07437500000000001 encode_end_ms=0.134458 commit_at_ms=0.134583 commit_ms=0.001958 gpu_start_ms=0.48970908392220736 gpu_end_ms=0.7118340581655502 commit_to_gpu_start_ms=0.35512608392220735 gpu_idle_before_ms=0.025583431124687195
2026-10-08T15:21:58.117044125Z DEBUG omega::metal::placements_execute_named: chunk_record step=6 plan_shape=decode chunk=3 chunk_count=8 op_first=41 op_last=64 encode_start_ms=0.137375 encode_end_ms=0.221791 commit_at_ms=0.221916 commit_ms=0.00175 gpu_start_ms=0.7328339852392673 gpu_end_ms=1.1217090068385005 commit_to_gpu_start_ms=0.5109179852392673 gpu_idle_before_ms=0.020999927073717117
2026-10-08T15:21:58.117044500Z DEBUG omega::metal::placements_execute_named: chunk_record step=6 plan_shape=decode chunk=4 chunk_count=8 op_first=65 op_last=96 encode_start_ms=0.224208 encode_end_ms=0.332291 commit_at_ms=0.332416 commit_ms=0.002042 gpu_start_ms=1.1427090503275394 gpu_end_ms=1.591959036886692 commit_to_gpu_start_ms=0.8102930503275394 gpu_idle_before_ms=0.021000043489038944
2026-10-08T15:21:58.117044875Z DEBUG omega::metal::placements_execute_named: chunk_record step=6 plan_shape=decode chunk=5 chunk_count=8 op_first=97 op_last=139 encode_start_ms=0.334958 encode_end_ms=0.48275 commit_at_ms=0.482958 commit_ms=0.002 gpu_start_ms=1.6157090431079268 gpu_end_ms=2.264500712044537 commit_to_gpu_start_ms=1.1327510431079268 gpu_idle_before_ms=0.0237500062212348
2026-10-08T15:21:58.117045250Z DEBUG omega::metal::placements_execute_named: chunk_record step=6 plan_shape=decode chunk=6 chunk_count=8 op_first=140 op_last=197 encode_start_ms=0.48579100000000003 encode_end_ms=0.6743330000000001 commit_at_ms=0.674458 commit_ms=0.002333 gpu_start_ms=2.2930840495973825 gpu_end_ms=3.177959006279707 commit_to_gpu_start_ms=1.6186260495973825 gpu_idle_before_ms=0.028583337552845478
2026-10-08T15:21:58.117045542Z DEBUG omega::metal::placements_execute_named: chunk_record step=6 plan_shape=decode chunk=7 chunk_count=8 op_first=198 op_last=275 encode_start_ms=0.677333 encode_end_ms=0.940875 commit_at_ms=0.941 commit_ms=0.002 gpu_start_ms=3.203334053978324 gpu_end_ms=4.417333984747529 commit_to_gpu_start_ms=2.262334053978324 gpu_idle_before_ms=0.02537504769861698
2026-10-08T15:21:58.117045875Z DEBUG omega::metal::placements_execute_named: chunk_record step=6 plan_shape=decode chunk=8 chunk_count=8 op_first=276 op_last=382 encode_start_ms=0.943666 encode_end_ms=1.263541 commit_at_ms=1.263791 commit_ms=0.002209 gpu_start_ms=4.450334003195167 gpu_end_ms=6.032459088601172 commit_to_gpu_start_ms=3.1865430031951663 gpu_idle_before_ms=0.03300001844763756
2026-10-08T15:21:58.117059125Z DEBUG proxima_model_interop::generate::decode: token_breakdown_argmax_split step=6 scan_ms=0 debug_ms=0
2026-10-08T15:21:58.117059500Z DEBUG proxima_model_interop::generate::decode: token_breakdown_gaps step=6 root_select_ms=0.03075 post_evaluate_ms=0.001083 pre_logits_ms=0.0015 checksum_ms=0.000041 fetch_ms=0.000833 argmax_ms=0.00025 logits_hash_ms=0.000083
2026-10-08T15:21:58.117060292Z INFO proxima_model_interop::generate::load_model: token_breakdown: per-decode-step wall-clock attribution step=6 new_count=1 cached_len_before=1005 step_wall_ms=6.316833 apply_serving_config_ms=0.000041 build_position_inputs_ms=0.001166 named_blocks_weights_ms=0.01325 named_blocks_kv_ms=0.012666 kv_cache_upload_bytes=0 ssm_state_transfer_bytes=0 evaluate_ms=6.267833 layer_cache_append_ms=0.000166 layer_cache_append_bytes=0 greedy_pick_ms=0
2026-10-08T15:21:58.117069209Z INFO proxima_model_interop::generate::load_model: token_breakdown_metal: per-decode-step metal stage attribution step=6 prepare_calls=0 prepare_ms=0 emit_calls=0 emit_ms=0 pipeline_hits=0 pipeline_misses=0 pipeline_compile_ms=0 block_upload_calls=6 block_upload_ms=0 block_offered_bytes=272 block_copied_bytes=272 block_nocopy_bound_bytes=0 block_offset_bound_bytes=0 op_setup_calls=374 op_setup_ms=0.006916 pipeline_lookup_calls=0 pipeline_lookup_ms=0 encode_dispatch_calls=374 physical_dispatch_calls=398 encode_dispatch_ms=0.722041 gpu_exec_calls=8 gpu_exec_ms=4.882625 readback_calls=2 readback_ms=0.003833 readback_bytes=8 nocopy_uploads=0 copying_uploads=6 nocopy_reuses=0 resident_uploads=0 resident_reuses=0 mapping_offset_uploads=0 mapping_rebound_blocks=4 mapping_residency_rung=prefault expert_mapping_candidate_uploads=0 expert_mapping_missed_uploads=0 nocopy_cache_len=25 resident_cache_len=0 resident_cache_bytes=0 uniform_cache_len=1 phys_footprint_bytes=5958728960 device_allocated_bytes=1598881792 output_buffer_allocations=0 output_buffer_allocated_bytes=0 checkpoint_mapping_buffer_bytes=1422245888 expert_mapping_buffer_bytes=0 plan_uniform_writes=0 retire_scan_calls=893 retire_scan_ms=0.07125 expert_buffers_lookup_calls=374 expert_buffers_lookup_ms=0.244333 placement_resolve_calls=374 placement_resolve_ms=0.030583 loop_head_calls=383 loop_head_ms=0.084041 encoder_finish_ms=0.00025 pre_encode_calls=1 pre_encode_ms=0.063875 resolve_plan_ms=0.000166 prepare_infer_ms=0 prepare_validate_ms=0 prepare_bind_ms=0 prepare_optimize_ms=0 prepare_retire_ms=0 build_plan_uniforms_ms=0 resolve_steps_ms=0 uniform_buffer_allocations=0 barriers=0 barriers_raw=0 barriers_waw=0 barriers_war=0 barriers_waw_war_arena_recycled=0 barriers_waw_war_persistent=0 expert_source_cache_hits=0 expert_source_cache_misses=0 expert_source_cache_cold_misses=0 expert_source_cache_replacement_misses=0 expert_source_reuse_copy_bytes=0 expert_source_reuse_copy_ms=0 plan_cache_len=0 plan_hits=5 plan_misses=2 plan_refits=0 plan_arena_allocated_bytes=0 segment_arena_allocated_bytes=0 placed_arena_allocated_bytes=54414264 ablation=false kind_filter=
2026-10-08T15:21:58.117236250Z DEBUG omega::metal::placements_execute_named: step_phase step=7 phase=pre_encode start_raw_s=678345.580104666 end_raw_s=678345.580169541
2026-10-08T15:21:58.117306750Z DEBUG omega::metal::placements_execute_named: chunk_phase step=7 chunk=1 phase=encode start_raw_s=678345.580169541 end_raw_s=678345.580236666
2026-10-08T15:21:58.117306917Z DEBUG omega::metal::placements_execute_named: chunk_phase step=7 chunk=1 phase=commit start_raw_s=678345.580236833 end_raw_s=678345.580239833
2026-10-08T15:21:58.117369042Z DEBUG omega::metal::placements_execute_named: chunk_phase step=7 chunk=2 phase=encode start_raw_s=678345.580240416 end_raw_s=678345.580300125
2026-10-08T15:21:58.117369334Z DEBUG omega::metal::placements_execute_named: chunk_phase step=7 chunk=2 phase=commit start_raw_s=678345.580300208 end_raw_s=678345.580301916
2026-10-08T15:21:58.117463125Z DEBUG omega::metal::placements_execute_named: chunk_phase step=7 chunk=3 phase=encode start_raw_s=678345.580302958 end_raw_s=678345.58039425
2026-10-08T15:21:58.117463334Z DEBUG omega::metal::placements_execute_named: chunk_phase step=7 chunk=3 phase=commit start_raw_s=678345.580394333 end_raw_s=678345.580396208
2026-10-08T15:21:58.117577292Z DEBUG omega::metal::placements_execute_named: chunk_phase step=7 chunk=4 phase=encode start_raw_s=678345.580396833 end_raw_s=678345.580508416
2026-10-08T15:21:58.117577459Z DEBUG omega::metal::placements_execute_named: chunk_phase step=7 chunk=4 phase=commit start_raw_s=678345.580508541 end_raw_s=678345.580510375
2026-10-08T15:21:58.117726042Z DEBUG omega::metal::placements_execute_named: chunk_phase step=7 chunk=5 phase=encode start_raw_s=678345.580510958 end_raw_s=678345.580657041
2026-10-08T15:21:58.117726209Z DEBUG omega::metal::placements_execute_named: chunk_phase step=7 chunk=5 phase=commit start_raw_s=678345.58065725 end_raw_s=678345.580659083
2026-10-08T15:21:58.117921959Z DEBUG omega::metal::placements_execute_named: chunk_phase step=7 chunk=6 phase=encode start_raw_s=678345.580659833 end_raw_s=678345.580852583
2026-10-08T15:21:58.117922125Z DEBUG omega::metal::placements_execute_named: chunk_phase step=7 chunk=6 phase=commit start_raw_s=678345.580852666 end_raw_s=678345.580855041
2026-10-08T15:21:58.118180667Z DEBUG omega::metal::placements_execute_named: chunk_phase step=7 chunk=7 phase=encode start_raw_s=678345.580855625 end_raw_s=678345.581111291
2026-10-08T15:21:58.118180834Z DEBUG omega::metal::placements_execute_named: chunk_phase step=7 chunk=7 phase=commit start_raw_s=678345.581111375 end_raw_s=678345.581113791
2026-10-08T15:21:58.118493334Z DEBUG omega::metal::placements_execute_named: chunk_phase step=7 chunk=8 phase=encode start_raw_s=678345.581114333 end_raw_s=678345.581424291
2026-10-08T15:21:58.118493542Z DEBUG omega::metal::placements_execute_named: chunk_phase step=7 chunk=8 phase=commit start_raw_s=678345.581424625 end_raw_s=678345.581426583
2026-10-08T15:21:58.123389625Z DEBUG omega::metal::placements_execute_named: token_breakdown_gpu commit_call_ms=0.002 commit_to_gpu_start_ms=0 gpu_busy_ms=5.826000007800758 gpu_end_to_wait_return_ms=0 sum_ms=5.828000007800758 final_commit_to_wait_ms=4.897583 gpu_start_raw_s=678345.5803730417 gpu_end_raw_s=678345.5861990417 commit_call_start_raw_s=678345.581424625 wait_return_extra_ms=4.8950000000000005 chunks=8 first_commit_to_first_gpu_start_ms=0.13620872050523758 encode_overlap_ms=1.184042
2026-10-08T15:21:58.123390250Z DEBUG omega::metal::placements_execute_named: chunk_record step=7 plan_shape=decode chunk=1 chunk_count=8 op_first=0 op_last=23 encode_start_ms=0 encode_end_ms=0.067125 commit_at_ms=0.067334 commit_ms=0.0029579999999999997 gpu_start_ms=0.20350073464214802 gpu_end_ms=0.4649590700864792 commit_to_gpu_start_ms=0.136166734642148 gpu_idle_before_ms=0.20350073464214802
2026-10-08T15:21:58.123390709Z DEBUG omega::metal::placements_execute_named: chunk_record step=7 plan_shape=decode chunk=2 chunk_count=8 op_first=24 op_last=40 encode_start_ms=0.07083400000000001 encode_end_ms=0.130584 commit_at_ms=0.130667 commit_ms=0.00175 gpu_start_ms=0.48658414743840694 gpu_end_ms=0.7075840840116143 commit_to_gpu_start_ms=0.35591714743840697 gpu_idle_before_ms=0.021625077351927757
2026-10-08T15:21:58.123391042Z DEBUG omega::metal::placements_execute_named: chunk_record step=7 plan_shape=decode chunk=3 chunk_count=8 op_first=41 op_last=64 encode_start_ms=0.13341699999999998 encode_end_ms=0.224667 commit_at_ms=0.224792 commit_ms=0.0018750000000000001 gpu_start_ms=0.7281258003786206 gpu_end_ms=1.1154591338708997 commit_to_gpu_start_ms=0.5033338003786206 gpu_idle_before_ms=0.020541716367006302
2026-10-08T15:21:58.123391459Z DEBUG omega::metal::placements_execute_named: chunk_record step=7 plan_shape=decode chunk=4 chunk_count=8 op_first=65 op_last=96 encode_start_ms=0.22725 encode_end_ms=0.338875 commit_at_ms=0.339 commit_ms=0.001834 gpu_start_ms=1.1356257600709796 gpu_end_ms=1.6018757596611977 commit_to_gpu_start_ms=0.7966257600709796 gpu_idle_before_ms=0.020166626200079918
2026-10-08T15:21:58.123391750Z DEBUG omega::metal::placements_execute_named: chunk_record step=7 plan_shape=decode chunk=5 chunk_count=8 op_first=97 op_last=139 encode_start_ms=0.341417 encode_end_ms=0.4875 commit_at_ms=0.487709 commit_ms=0.001833 gpu_start_ms=1.6257091192528605 gpu_end_ms=2.2560841171070933 commit_to_gpu_start_ms=1.1380001192528606 gpu_idle_before_ms=0.023833359591662884
2026-10-08T15:21:58.123392084Z DEBUG omega::metal::placements_execute_named: chunk_record step=7 plan_shape=decode chunk=6 chunk_count=8 op_first=140 op_last=197 encode_start_ms=0.490292 encode_end_ms=0.683 commit_at_ms=0.683125 commit_ms=0.002375 gpu_start_ms=2.281750785186887 gpu_end_ms=3.1509591499343514 commit_to_gpu_start_ms=1.5986257851868868 gpu_idle_before_ms=0.025666668079793453
2026-10-08T15:21:58.123392375Z DEBUG omega::metal::placements_execute_named: chunk_record step=7 plan_shape=decode chunk=7 chunk_count=8 op_first=198 op_last=275 encode_start_ms=0.686042 encode_end_ms=0.941709 commit_at_ms=0.9418340000000001 commit_ms=0.0024159999999999997 gpu_start_ms=3.1755841337144375 gpu_end_ms=4.393709124997258 commit_to_gpu_start_ms=2.2337501337144374 gpu_idle_before_ms=0.02462498378008604
2026-10-08T15:21:58.123392709Z DEBUG omega::metal::placements_execute_named: chunk_record step=7 plan_shape=decode chunk=8 chunk_count=8 op_first=276 op_last=382 encode_start_ms=0.94475 encode_end_ms=1.25475 commit_at_ms=1.255084 commit_ms=0.002 gpu_start_ms=4.4293340761214495 gpu_end_ms=6.029500742442906 commit_to_gpu_start_ms=3.1742500761214494 gpu_idle_before_ms=0.035624951124191284
2026-10-08T15:21:58.123405084Z DEBUG proxima_model_interop::generate::decode: token_breakdown_argmax_split step=7 scan_ms=0 debug_ms=0
2026-10-08T15:21:58.123405459Z DEBUG proxima_model_interop::generate::decode: token_breakdown_gaps step=7 root_select_ms=0.032833 post_evaluate_ms=0.000791 pre_logits_ms=0.00125 checksum_ms=0 fetch_ms=0.000791 argmax_ms=0.000208 logits_hash_ms=0.000041
2026-10-08T15:21:58.123406042Z INFO proxima_model_interop::generate::load_model: token_breakdown: per-decode-step wall-clock attribution step=7 new_count=1 cached_len_before=1006 step_wall_ms=6.329791 apply_serving_config_ms=0.000125 build_position_inputs_ms=0.001083 named_blocks_weights_ms=0.014625 named_blocks_kv_ms=0.013958 kv_cache_upload_bytes=0 ssm_state_transfer_bytes=0 evaluate_ms=6.277833 layer_cache_append_ms=0.000125 layer_cache_append_bytes=0 greedy_pick_ms=0
2026-10-08T15:21:58.123413625Z INFO proxima_model_interop::generate::load_model: token_breakdown_metal: per-decode-step metal stage attribution step=7 prepare_calls=0 prepare_ms=0 emit_calls=0 emit_ms=0 pipeline_hits=0 pipeline_misses=0 pipeline_compile_ms=0 block_upload_calls=6 block_upload_ms=0 block_offered_bytes=272 block_copied_bytes=272 block_nocopy_bound_bytes=0 block_offset_bound_bytes=0 op_setup_calls=374 op_setup_ms=0.006375 pipeline_lookup_calls=0 pipeline_lookup_ms=0 encode_dispatch_calls=374 physical_dispatch_calls=398 encode_dispatch_ms=0.715125 gpu_exec_calls=8 gpu_exec_ms=4.897541 readback_calls=2 readback_ms=0.003833 readback_bytes=8 nocopy_uploads=0 copying_uploads=6 nocopy_reuses=0 resident_uploads=0 resident_reuses=0 mapping_offset_uploads=0 mapping_rebound_blocks=2 mapping_residency_rung=prefault expert_mapping_candidate_uploads=0 expert_mapping_missed_uploads=0 nocopy_cache_len=25 resident_cache_len=0 resident_cache_bytes=0 uniform_cache_len=1 phys_footprint_bytes=5958810880 device_allocated_bytes=1598881792 output_buffer_allocations=0 output_buffer_allocated_bytes=0 checkpoint_mapping_buffer_bytes=1422245888 expert_mapping_buffer_bytes=0 plan_uniform_writes=0 retire_scan_calls=893 retire_scan_ms=0.06875 expert_buffers_lookup_calls=374 expert_buffers_lookup_ms=0.249875 placement_resolve_calls=374 placement_resolve_ms=0.029416 loop_head_calls=383 loop_head_ms=0.083625 encoder_finish_ms=0.000208 pre_encode_calls=1 pre_encode_ms=0.06525 resolve_plan_ms=0.000166 prepare_infer_ms=0 prepare_validate_ms=0 prepare_bind_ms=0 prepare_optimize_ms=0 prepare_retire_ms=0 build_plan_uniforms_ms=0 resolve_steps_ms=0 uniform_buffer_allocations=0 barriers=0 barriers_raw=0 barriers_waw=0 barriers_war=0 barriers_waw_war_arena_recycled=0 barriers_waw_war_persistent=0 expert_source_cache_hits=0 expert_source_cache_misses=0 expert_source_cache_cold_misses=0 expert_source_cache_replacement_misses=0 expert_source_reuse_copy_bytes=0 expert_source_reuse_copy_ms=0 plan_cache_len=0 plan_hits=6 plan_misses=2 plan_refits=0 plan_arena_allocated_bytes=0 segment_arena_allocated_bytes=0 placed_arena_allocated_bytes=54414264 ablation=false kind_filter=
2026-10-08T15:21:58.123569292Z DEBUG omega::metal::placements_execute_named: step_phase step=8 phase=pre_encode start_raw_s=678345.586439416 end_raw_s=678345.586502625
2026-10-08T15:21:58.123638334Z DEBUG omega::metal::placements_execute_named: chunk_phase step=8 chunk=1 phase=encode start_raw_s=678345.586502625 end_raw_s=678345.586568083
2026-10-08T15:21:58.123638500Z DEBUG omega::metal::placements_execute_named: chunk_phase step=8 chunk=1 phase=commit start_raw_s=678345.586568291 end_raw_s=678345.586571333
2026-10-08T15:21:58.123701417Z DEBUG omega::metal::placements_execute_named: chunk_phase step=8 chunk=2 phase=encode start_raw_s=678345.586572083 end_raw_s=678345.586631583
2026-10-08T15:21:58.123701625Z DEBUG omega::metal::placements_execute_named: chunk_phase step=8 chunk=2 phase=commit start_raw_s=678345.58663175 end_raw_s=678345.5866345
2026-10-08T15:21:58.123787375Z DEBUG omega::metal::placements_execute_named: chunk_phase step=8 chunk=3 phase=encode start_raw_s=678345.586635166 end_raw_s=678345.586718625
2026-10-08T15:21:58.123787500Z DEBUG omega::metal::placements_execute_named: chunk_phase step=8 chunk=3 phase=commit start_raw_s=678345.586718708 end_raw_s=678345.5867205
2026-10-08T15:21:58.123897417Z DEBUG omega::metal::placements_execute_named: chunk_phase step=8 chunk=4 phase=encode start_raw_s=678345.586721 end_raw_s=678345.586828541
2026-10-08T15:21:58.123897584Z DEBUG omega::metal::placements_execute_named: chunk_phase step=8 chunk=4 phase=commit start_raw_s=678345.586828625 end_raw_s=678345.5868305
2026-10-08T15:21:58.124055792Z DEBUG omega::metal::placements_execute_named: chunk_phase step=8 chunk=5 phase=encode start_raw_s=678345.586831083 end_raw_s=678345.586986375
2026-10-08T15:21:58.124056125Z DEBUG omega::metal::placements_execute_named: chunk_phase step=8 chunk=5 phase=commit start_raw_s=678345.5869865 end_raw_s=678345.586988791
2026-10-08T15:21:58.124254292Z DEBUG omega::metal::placements_execute_named: chunk_phase step=8 chunk=6 phase=encode start_raw_s=678345.58698975 end_raw_s=678345.587184916
2026-10-08T15:21:58.124254417Z DEBUG omega::metal::placements_execute_named: chunk_phase step=8 chunk=6 phase=commit start_raw_s=678345.587185 end_raw_s=678345.587187375
2026-10-08T15:21:58.124510042Z DEBUG omega::metal::placements_execute_named: chunk_phase step=8 chunk=7 phase=encode start_raw_s=678345.587187916 end_raw_s=678345.587440833
2026-10-08T15:21:58.124512167Z DEBUG omega::metal::placements_execute_named: chunk_phase step=8 chunk=7 phase=commit start_raw_s=678345.587440916 end_raw_s=678345.587443125
2026-10-08T15:21:58.124827584Z DEBUG omega::metal::placements_execute_named: chunk_phase step=8 chunk=8 phase=encode start_raw_s=678345.587445833 end_raw_s=678345.587758125
2026-10-08T15:21:58.124827709Z DEBUG omega::metal::placements_execute_named: chunk_phase step=8 chunk=8 phase=commit start_raw_s=678345.587758333 end_raw_s=678345.587760833
2026-10-08T15:21:58.129707500Z DEBUG omega::metal::placements_execute_named: token_breakdown_gpu commit_call_ms=0.0025 commit_to_gpu_start_ms=0 gpu_busy_ms=5.815333337523043 gpu_end_to_wait_return_ms=0 sum_ms=5.8178333375230435 final_commit_to_wait_ms=4.881583 gpu_start_raw_s=678345.5867062917 gpu_end_raw_s=678345.592521625 commit_call_start_raw_s=678345.587758333 wait_return_extra_ms=4.878667 chunks=8 first_commit_to_first_gpu_start_ms=0.1380007015541196 encode_overlap_ms=1.1861249999999999
2026-10-08T15:21:58.129708167Z DEBUG omega::metal::placements_execute_named: chunk_record step=8 plan_shape=decode chunk=1 chunk_count=8 op_first=0 op_last=23 encode_start_ms=0 encode_end_ms=0.0655 commit_at_ms=0.065708 commit_ms=0.003084 gpu_start_ms=0.2036666264757514 gpu_end_ms=0.46300003305077553 commit_to_gpu_start_ms=0.1379586264757514 gpu_idle_before_ms=0.2036666264757514
2026-10-08T15:21:58.129710917Z DEBUG omega::metal::placements_execute_named: chunk_record step=8 plan_shape=decode chunk=2 chunk_count=8 op_first=24 op_last=40 encode_start_ms=0.06949999999999999 encode_end_ms=0.129 commit_at_ms=0.129167 commit_ms=0.00275 gpu_start_ms=0.4722500452771783 gpu_end_ms=0.6957916775718331 commit_to_gpu_start_ms=0.34308304527717826 gpu_idle_before_ms=0.00925001222640276
2026-10-08T15:21:58.129711459Z DEBUG omega::metal::placements_execute_named: chunk_record step=8 plan_shape=decode chunk=3 chunk_count=8 op_first=41 op_last=64 encode_start_ms=0.132542 encode_end_ms=0.216042 commit_at_ms=0.216125 commit_ms=0.001792 gpu_start_ms=0.7184999994933605 gpu_end_ms=1.1066250735893846 commit_to_gpu_start_ms=0.5023749994933605 gpu_idle_before_ms=0.022708321921527386
2026-10-08T15:21:58.129711875Z DEBUG omega::metal::placements_execute_named: chunk_record step=8 plan_shape=decode chunk=4 chunk_count=8 op_first=65 op_last=96 encode_start_ms=0.218417 encode_end_ms=0.325958 commit_at_ms=0.326042 commit_ms=0.001916 gpu_start_ms=1.1279999744147062 gpu_end_ms=1.595500041730702 commit_to_gpu_start_ms=0.8019579744147063 gpu_idle_before_ms=0.021374900825321674
2026-10-08T15:21:58.129712209Z DEBUG omega::metal::placements_execute_named: chunk_record step=8 plan_shape=decode chunk=5 chunk_count=8 op_first=97 op_last=139 encode_start_ms=0.328458 encode_end_ms=0.48375 commit_at_ms=0.483917 commit_ms=0.002291 gpu_start_ms=1.6212500631809235 gpu_end_ms=2.2943749791011214 commit_to_gpu_start_ms=1.1373330631809235 gpu_idle_before_ms=0.02575002145022154
2026-10-08T15:21:58.129712542Z DEBUG omega::metal::placements_execute_named: chunk_record step=8 plan_shape=decode chunk=6 chunk_count=8 op_first=140 op_last=197 encode_start_ms=0.487125 encode_end_ms=0.6823330000000001 commit_at_ms=0.682458 commit_ms=0.002334 gpu_start_ms=2.321625011973083 gpu_end_ms=3.1600416405126452 commit_to_gpu_start_ms=1.639167011973083 gpu_idle_before_ms=0.027250032871961594
2026-10-08T15:21:58.129712834Z DEBUG omega::metal::placements_execute_named: chunk_record step=8 plan_shape=decode chunk=7 chunk_count=8 op_first=198 op_last=275 encode_start_ms=0.685333 encode_end_ms=0.938208 commit_at_ms=0.938333 commit_ms=0.0022500000000000003 gpu_start_ms=3.1807500636205077 gpu_end_ms=4.380916710942984 commit_to_gpu_start_ms=2.2424170636205076 gpu_idle_before_ms=0.020708423107862473
2026-10-08T15:21:58.129713167Z DEBUG omega::metal::placements_execute_named: chunk_record step=8 plan_shape=decode chunk=8 chunk_count=8 op_first=276 op_last=382 encode_start_ms=0.9432079999999999 encode_end_ms=1.2555 commit_at_ms=1.25575 commit_ms=0.0025 gpu_start_ms=4.4076250633224845 gpu_end_ms=6.0189999639987946 commit_to_gpu_start_ms=3.1518750633224846 gpu_idle_before_ms=0.026708352379500866
2026-10-08T15:21:58.129726000Z DEBUG proxima_model_interop::generate::decode: token_breakdown_argmax_split step=8 scan_ms=0 debug_ms=0
2026-10-08T15:21:58.129726375Z DEBUG proxima_model_interop::generate::decode: token_breakdown_gaps step=8 root_select_ms=0.029375 post_evaluate_ms=0.000916 pre_logits_ms=0.0015 checksum_ms=0 fetch_ms=0.000791 argmax_ms=0.000208 logits_hash_ms=0.000041
2026-10-08T15:21:58.129727084Z INFO proxima_model_interop::generate::load_model: token_breakdown: per-decode-step wall-clock attribution step=8 new_count=1 cached_len_before=1007 step_wall_ms=6.307 apply_serving_config_ms=0.000083 build_position_inputs_ms=0.000916 named_blocks_weights_ms=0.013041 named_blocks_kv_ms=0.012416 kv_cache_upload_bytes=0 ssm_state_transfer_bytes=0 evaluate_ms=6.259833 layer_cache_append_ms=0.000166 layer_cache_append_bytes=0 greedy_pick_ms=0
2026-10-08T15:21:58.129733542Z INFO proxima_model_interop::generate::load_model: token_breakdown_metal: per-decode-step metal stage attribution step=8 prepare_calls=0 prepare_ms=0 emit_calls=0 emit_ms=0 pipeline_hits=0 pipeline_misses=0 pipeline_compile_ms=0 block_upload_calls=6 block_upload_ms=0 block_offered_bytes=272 block_copied_bytes=272 block_nocopy_bound_bytes=0 block_offset_bound_bytes=0 op_setup_calls=374 op_setup_ms=0.007583 pipeline_lookup_calls=0 pipeline_lookup_ms=0 encode_dispatch_calls=374 physical_dispatch_calls=398 encode_dispatch_ms=0.72 gpu_exec_calls=8 gpu_exec_ms=4.881541 readback_calls=2 readback_ms=0.00375 readback_bytes=8 nocopy_uploads=0 copying_uploads=6 nocopy_reuses=0 resident_uploads=0 resident_reuses=0 mapping_offset_uploads=0 mapping_rebound_blocks=4 mapping_residency_rung=prefault expert_mapping_candidate_uploads=0 expert_mapping_missed_uploads=0 nocopy_cache_len=25 resident_cache_len=0 resident_cache_bytes=0 uniform_cache_len=1 phys_footprint_bytes=5958941952 device_allocated_bytes=1598881792 output_buffer_allocations=0 output_buffer_allocated_bytes=0 checkpoint_mapping_buffer_bytes=1422245888 expert_mapping_buffer_bytes=0 plan_uniform_writes=0 retire_scan_calls=893 retire_scan_ms=0.069833 expert_buffers_lookup_calls=374 expert_buffers_lookup_ms=0.238166 placement_resolve_calls=374 placement_resolve_ms=0.039125 loop_head_calls=383 loop_head_ms=0.079833 encoder_finish_ms=0.00025 pre_encode_calls=1 pre_encode_ms=0.063375 resolve_plan_ms=0.000166 prepare_infer_ms=0 prepare_validate_ms=0 prepare_bind_ms=0 prepare_optimize_ms=0 prepare_retire_ms=0 build_plan_uniforms_ms=0 resolve_steps_ms=0 uniform_buffer_allocations=0 barriers=0 barriers_raw=0 barriers_waw=0 barriers_war=0 barriers_waw_war_arena_recycled=0 barriers_waw_war_persistent=0 expert_source_cache_hits=0 expert_source_cache_misses=0 expert_source_cache_cold_misses=0 expert_source_cache_replacement_misses=0 expert_source_reuse_copy_bytes=0 expert_source_reuse_copy_ms=0 plan_cache_len=0 plan_hits=7 plan_misses=2 plan_refits=0 plan_arena_allocated_bytes=0 segment_arena_allocated_bytes=0 placed_arena_allocated_bytes=54414264 ablation=false kind_filter=
2026-10-08T15:21:58.129893584Z DEBUG omega::metal::placements_execute_named: step_phase step=9 phase=pre_encode start_raw_s=678345.592763291 end_raw_s=678345.592826916
2026-10-08T15:21:58.129965584Z DEBUG omega::metal::placements_execute_named: chunk_phase step=9 chunk=1 phase=encode start_raw_s=678345.592826916 end_raw_s=678345.592894666
2026-10-08T15:21:58.129965792Z DEBUG omega::metal::placements_execute_named: chunk_phase step=9 chunk=1 phase=commit start_raw_s=678345.592894875 end_raw_s=678345.592898583
2026-10-08T15:21:58.130031334Z DEBUG omega::metal::placements_execute_named: chunk_phase step=9 chunk=2 phase=encode start_raw_s=678345.592899291 end_raw_s=678345.592961041
2026-10-08T15:21:58.130031542Z DEBUG omega::metal::placements_execute_named: chunk_phase step=9 chunk=2 phase=commit start_raw_s=678345.592961208 end_raw_s=678345.592964416
2026-10-08T15:21:58.130121959Z DEBUG omega::metal::placements_execute_named: chunk_phase step=9 chunk=3 phase=encode start_raw_s=678345.592965041 end_raw_s=678345.593052791
2026-10-08T15:21:58.130122084Z DEBUG omega::metal::placements_execute_named: chunk_phase step=9 chunk=3 phase=commit start_raw_s=678345.593052875 end_raw_s=678345.593055083
2026-10-08T15:21:58.130236250Z DEBUG omega::metal::placements_execute_named: chunk_phase step=9 chunk=4 phase=encode start_raw_s=678345.593055583 end_raw_s=678345.593166625
2026-10-08T15:21:58.130236417Z DEBUG omega::metal::placements_execute_named: chunk_phase step=9 chunk=4 phase=commit start_raw_s=678345.593166708 end_raw_s=678345.593169375
2026-10-08T15:21:58.130391125Z DEBUG omega::metal::placements_execute_named: chunk_phase step=9 chunk=5 phase=encode start_raw_s=678345.593170125 end_raw_s=678345.593320916
2026-10-08T15:21:58.130391292Z DEBUG omega::metal::placements_execute_named: chunk_phase step=9 chunk=5 phase=commit start_raw_s=678345.593321125 end_raw_s=678345.593324125
2026-10-08T15:21:58.130587500Z DEBUG omega::metal::placements_execute_named: chunk_phase step=9 chunk=6 phase=encode start_raw_s=678345.593325 end_raw_s=678345.593518
2026-10-08T15:21:58.130587667Z DEBUG omega::metal::placements_execute_named: chunk_phase step=9 chunk=6 phase=commit start_raw_s=678345.593518083 end_raw_s=678345.593520583
2026-10-08T15:21:58.130852042Z DEBUG omega::metal::placements_execute_named: chunk_phase step=9 chunk=7 phase=encode start_raw_s=678345.59352125 end_raw_s=678345.593782625
2026-10-08T15:21:58.130852167Z DEBUG omega::metal::placements_execute_named: chunk_phase step=9 chunk=7 phase=commit start_raw_s=678345.593782708 end_raw_s=678345.593785166
2026-10-08T15:21:58.131176959Z DEBUG omega::metal::placements_execute_named: chunk_phase step=9 chunk=8 phase=encode start_raw_s=678345.593785666 end_raw_s=678345.59410725
2026-10-08T15:21:58.131177084Z DEBUG omega::metal::placements_execute_named: chunk_phase step=9 chunk=8 phase=commit start_raw_s=678345.594107458 end_raw_s=678345.594110208
2026-10-08T15:21:58.136056209Z DEBUG omega::metal::placements_execute_named: token_breakdown_gpu commit_call_ms=0.00275 commit_to_gpu_start_ms=0 gpu_busy_ms=5.85337495431304 gpu_end_to_wait_return_ms=0 sum_ms=5.85612495431304 final_commit_to_wait_ms=4.881291 gpu_start_raw_s=678345.5930192501 gpu_end_raw_s=678345.598872625 commit_call_start_raw_s=678345.594107458 wait_return_extra_ms=4.878167 chunks=8 first_commit_to_first_gpu_start_ms=0.12437510304152966 encode_overlap_ms=1.208084
2026-10-08T15:21:58.136056834Z DEBUG omega::metal::placements_execute_named: chunk_record step=9 plan_shape=decode chunk=1 chunk_count=8 op_first=0 op_last=23 encode_start_ms=0 encode_end_ms=0.06774999999999999 commit_at_ms=0.06804099999999999 commit_ms=0.003709 gpu_start_ms=0.1923340605571866 gpu_end_ms=0.459000701084733 commit_to_gpu_start_ms=0.12429306055718661 gpu_idle_before_ms=0.1923340605571866
2026-10-08T15:21:58.136057292Z DEBUG omega::metal::placements_execute_named: chunk_record step=9 plan_shape=decode chunk=2 chunk_count=8 op_first=24 op_last=40 encode_start_ms=0.072375 encode_end_ms=0.13416599999999998 commit_at_ms=0.13433299999999998 commit_ms=0.00325 gpu_start_ms=0.4797506844624877 gpu_end_ms=0.7010840345174074 commit_to_gpu_start_ms=0.3454176844624877 gpu_idle_before_ms=0.020749983377754688
2026-10-08T15:21:58.136057625Z DEBUG omega::metal::placements_execute_named: chunk_record step=9 plan_shape=decode chunk=3 chunk_count=8 op_first=41 op_last=64 encode_start_ms=0.138125 encode_end_ms=0.225875 commit_at_ms=0.22599999999999998 commit_ms=0.002208 gpu_start_ms=0.7252090144902468 gpu_end_ms=1.1153339873999357 commit_to_gpu_start_ms=0.4992090144902468 gpu_idle_before_ms=0.024124979972839355
2026-10-08T15:21:58.136058000Z DEBUG omega::metal::placements_execute_named: chunk_record step=9 plan_shape=decode chunk=4 chunk_count=8 op_first=65 op_last=96 encode_start_ms=0.228708 encode_end_ms=0.33975 commit_at_ms=0.339833 commit_ms=0.002667 gpu_start_ms=1.1398340575397015 gpu_end_ms=1.599875744432211 commit_to_gpu_start_ms=0.8000010575397014 gpu_idle_before_ms=0.02450007013976574
2026-10-08T15:21:58.136058334Z DEBUG omega::metal::placements_execute_named: chunk_record step=9 plan_shape=decode chunk=5 chunk_count=8 op_first=97 op_last=139 encode_start_ms=0.343208 encode_end_ms=0.49404099999999995 commit_at_ms=0.49425 commit_ms=0.003 gpu_start_ms=1.6284589655697346 gpu_end_ms=2.2971256403252482 commit_to_gpu_start_ms=1.1342089655697345 gpu_idle_before_ms=0.02858322113752365
2026-10-08T15:21:58.136058667Z DEBUG omega::metal::placements_execute_named: chunk_record step=9 plan_shape=decode chunk=6 chunk_count=8 op_first=140 op_last=197 encode_start_ms=0.49808299999999994 encode_end_ms=0.691083 commit_at_ms=0.691208 commit_ms=0.0025 gpu_start_ms=2.322959015145898 gpu_end_ms=3.1508756801486015 commit_to_gpu_start_ms=1.6317510151458978 gpu_idle_before_ms=0.025833374820649624
2026-10-08T15:21:58.136058959Z DEBUG omega::metal::placements_execute_named: chunk_record step=9 plan_shape=decode chunk=7 chunk_count=8 op_first=198 op_last=275 encode_start_ms=0.694375 encode_end_ms=0.95575 commit_at_ms=0.955833 commit_ms=0.002458 gpu_start_ms=3.1783756567165256 gpu_end_ms=4.406959051266313 commit_to_gpu_start_ms=2.2225426567165254 gpu_idle_before_ms=0.027499976567924023
2026-10-08T15:21:58.136059292Z DEBUG omega::metal::placements_execute_named: chunk_record step=9 plan_shape=decode chunk=8 chunk_count=8 op_first=276 op_last=382 encode_start_ms=0.958791 encode_end_ms=1.280333 commit_at_ms=1.2806250000000001 commit_ms=0.00275 gpu_start_ms=4.435084061697125 gpu_end_ms=6.045709014870226 commit_to_gpu_start_ms=3.1544590616971253 gpu_idle_before_ms=0.028125010430812836
2026-10-08T15:21:58.136071417Z DEBUG proxima_model_interop::generate::decode: token_breakdown_argmax_split step=9 scan_ms=0 debug_ms=0
2026-10-08T15:21:58.136071750Z DEBUG proxima_model_interop::generate::decode: token_breakdown_gaps step=9 root_select_ms=0.031 post_evaluate_ms=0.000833 pre_logits_ms=0.001291 checksum_ms=0 fetch_ms=0.000708 argmax_ms=0.00025 logits_hash_ms=0
2026-10-08T15:21:58.136072375Z INFO proxima_model_interop::generate::load_model: token_breakdown: per-decode-step wall-clock attribution step=9 new_count=1 cached_len_before=1008 step_wall_ms=6.333 apply_serving_config_ms=0.000083 build_position_inputs_ms=0.001125 named_blocks_weights_ms=0.013833 named_blocks_kv_ms=0.013125 kv_cache_upload_bytes=0 ssm_state_transfer_bytes=0 evaluate_ms=6.28375 layer_cache_append_ms=0.000166 layer_cache_append_bytes=0 greedy_pick_ms=0
2026-10-08T15:21:58.136080000Z INFO proxima_model_interop::generate::load_model: token_breakdown_metal: per-decode-step metal stage attribution step=9 prepare_calls=0 prepare_ms=0 emit_calls=0 emit_ms=0 pipeline_hits=0 pipeline_misses=0 pipeline_compile_ms=0 block_upload_calls=6 block_upload_ms=0 block_offered_bytes=272 block_copied_bytes=272 block_nocopy_bound_bytes=0 block_offset_bound_bytes=0 op_setup_calls=374 op_setup_ms=0.006666 pipeline_lookup_calls=0 pipeline_lookup_ms=0 encode_dispatch_calls=374 physical_dispatch_calls=398 encode_dispatch_ms=0.727416 gpu_exec_calls=8 gpu_exec_ms=4.88125 readback_calls=2 readback_ms=0.003875 readback_bytes=8 nocopy_uploads=0 copying_uploads=6 nocopy_reuses=0 resident_uploads=0 resident_reuses=0 mapping_offset_uploads=0 mapping_rebound_blocks=4 mapping_residency_rung=prefault expert_mapping_candidate_uploads=0 expert_mapping_missed_uploads=0 nocopy_cache_len=25 resident_cache_len=0 resident_cache_bytes=0 uniform_cache_len=1 phys_footprint_bytes=5959023872 device_allocated_bytes=1598881792 output_buffer_allocations=0 output_buffer_allocated_bytes=0 checkpoint_mapping_buffer_bytes=1422245888 expert_mapping_buffer_bytes=0 plan_uniform_writes=0 retire_scan_calls=893 retire_scan_ms=0.069708 expert_buffers_lookup_calls=374 expert_buffers_lookup_ms=0.253291 placement_resolve_calls=374 placement_resolve_ms=0.029333 loop_head_calls=383 loop_head_ms=0.083875 encoder_finish_ms=0.000333 pre_encode_calls=1 pre_encode_ms=0.063791 resolve_plan_ms=0.000166 prepare_infer_ms=0 prepare_validate_ms=0 prepare_bind_ms=0 prepare_optimize_ms=0 prepare_retire_ms=0 build_plan_uniforms_ms=0 resolve_steps_ms=0 uniform_buffer_allocations=0 barriers=0 barriers_raw=0 barriers_waw=0 barriers_war=0 barriers_waw_war_arena_recycled=0 barriers_waw_war_persistent=0 expert_source_cache_hits=0 expert_source_cache_misses=0 expert_source_cache_cold_misses=0 expert_source_cache_replacement_misses=0 expert_source_reuse_copy_bytes=0 expert_source_reuse_copy_ms=0 plan_cache_len=0 plan_hits=8 plan_misses=2 plan_refits=0 plan_arena_allocated_bytes=0 segment_arena_allocated_bytes=0 placed_arena_allocated_bytes=54414264 ablation=false kind_filter=
2026-10-08T15:21:58.136238750Z DEBUG omega::metal::placements_execute_named: step_phase step=10 phase=pre_encode start_raw_s=678345.599107375 end_raw_s=678345.599172083
2026-10-08T15:21:58.136306875Z DEBUG omega::metal::placements_execute_named: chunk_phase step=10 chunk=1 phase=encode start_raw_s=678345.599172083 end_raw_s=678345.599236791
2026-10-08T15:21:58.136307125Z DEBUG omega::metal::placements_execute_named: chunk_phase step=10 chunk=1 phase=commit start_raw_s=678345.599236958 end_raw_s=678345.599239958
2026-10-08T15:21:58.136369459Z DEBUG omega::metal::placements_execute_named: chunk_phase step=10 chunk=2 phase=encode start_raw_s=678345.599240625 end_raw_s=678345.599300166
2026-10-08T15:21:58.136369667Z DEBUG omega::metal::placements_execute_named: chunk_phase step=10 chunk=2 phase=commit start_raw_s=678345.599300333 end_raw_s=678345.5993025
2026-10-08T15:21:58.136458375Z DEBUG omega::metal::placements_execute_named: chunk_phase step=10 chunk=3 phase=encode start_raw_s=678345.599303208 end_raw_s=678345.5993895
2026-10-08T15:21:58.136458584Z DEBUG omega::metal::placements_execute_named: chunk_phase step=10 chunk=3 phase=commit start_raw_s=678345.599389583 end_raw_s=678345.599391458
2026-10-08T15:21:58.136571542Z DEBUG omega::metal::placements_execute_named: chunk_phase step=10 chunk=4 phase=encode start_raw_s=678345.599392166 end_raw_s=678345.599502541
2026-10-08T15:21:58.136571709Z DEBUG omega::metal::placements_execute_named: chunk_phase step=10 chunk=4 phase=commit start_raw_s=678345.599502625 end_raw_s=678345.599504625
2026-10-08T15:21:58.136721459Z DEBUG omega::metal::placements_execute_named: chunk_phase step=10 chunk=5 phase=encode start_raw_s=678345.599505208 end_raw_s=678345.599652291
2026-10-08T15:21:58.136721625Z DEBUG omega::metal::placements_execute_named: chunk_phase step=10 chunk=5 phase=commit start_raw_s=678345.599652458 end_raw_s=678345.599654416
2026-10-08T15:21:58.136909292Z DEBUG omega::metal::placements_execute_named: chunk_phase step=10 chunk=6 phase=encode start_raw_s=678345.599655125 end_raw_s=678345.599839916
2026-10-08T15:21:58.136911417Z DEBUG omega::metal::placements_execute_named: chunk_phase step=10 chunk=6 phase=commit start_raw_s=678345.599840041 end_raw_s=678345.599842375
2026-10-08T15:21:58.137167667Z DEBUG omega::metal::placements_execute_named: chunk_phase step=10 chunk=7 phase=encode start_raw_s=678345.599845041 end_raw_s=678345.600098208
2026-10-08T15:21:58.137167834Z DEBUG omega::metal::placements_execute_named: chunk_phase step=10 chunk=7 phase=commit start_raw_s=678345.600098291 end_raw_s=678345.600100791
2026-10-08T15:21:58.137484209Z DEBUG omega::metal::placements_execute_named: chunk_phase step=10 chunk=8 phase=encode start_raw_s=678345.600101333 end_raw_s=678345.600414916
2026-10-08T15:21:58.137484375Z DEBUG omega::metal::placements_execute_named: chunk_phase step=10 chunk=8 phase=commit start_raw_s=678345.600415166 end_raw_s=678345.600417458
2026-10-08T15:21:58.142377584Z DEBUG omega::metal::placements_execute_named: token_breakdown_gpu commit_call_ms=0.0022919999999999998 commit_to_gpu_start_ms=0 gpu_busy_ms=5.824874970130622 gpu_end_to_wait_return_ms=0 sum_ms=5.827166970130622 final_commit_to_wait_ms=4.894875 gpu_start_raw_s=678345.5993695001 gpu_end_raw_s=678345.605194375 commit_call_start_raw_s=678345.600415166 wait_return_extra_ms=4.892208 chunks=8 first_commit_to_first_gpu_start_ms=0.13254210352897644 encode_overlap_ms=1.174417
2026-10-08T15:21:58.142378042Z DEBUG omega::metal::placements_execute_named: chunk_record step=10 plan_shape=decode chunk=1 chunk_count=8 op_first=0 op_last=23 encode_start_ms=0 encode_end_ms=0.064667 commit_at_ms=0.064875 commit_ms=0.003 gpu_start_ms=0.19741710275411606 gpu_end_ms=0.45579206198453903 commit_to_gpu_start_ms=0.13254210275411604 gpu_idle_before_ms=0.19741710275411606
2026-10-08T15:21:58.142378459Z DEBUG omega::metal::placements_execute_named: chunk_record step=10 plan_shape=decode chunk=2 chunk_count=8 op_first=24 op_last=40 encode_start_ms=0.06854199999999999 encode_end_ms=0.128083 commit_at_ms=0.12825 commit_ms=0.002167 gpu_start_ms=0.4765420453622937 gpu_end_ms=0.6979170721024275 commit_to_gpu_start_ms=0.34829204536229375 gpu_idle_before_ms=0.020749983377754688
2026-10-08T15:21:58.142378917Z DEBUG omega::metal::placements_execute_named: chunk_record step=10 plan_shape=decode chunk=3 chunk_count=8 op_first=41 op_last=64 encode_start_ms=0.131083 encode_end_ms=0.217375 commit_at_ms=0.2175 commit_ms=0.0018750000000000001 gpu_start_ms=0.7191670592874289 gpu_end_ms=1.1102920398116112 commit_to_gpu_start_ms=0.5016670592874288 gpu_idle_before_ms=0.021249987185001373
2026-10-08T15:21:58.142379250Z DEBUG omega::metal::placements_execute_named: chunk_record step=10 plan_shape=decode chunk=4 chunk_count=8 op_first=65 op_last=96 encode_start_ms=0.22008299999999997 encode_end_ms=0.330417 commit_at_ms=0.330542 commit_ms=0.002 gpu_start_ms=1.1309171095490456 gpu_end_ms=1.6021670307964087 commit_to_gpu_start_ms=0.8003751095490456 gpu_idle_before_ms=0.020625069737434387
2026-10-08T15:21:58.142379584Z DEBUG omega::metal::placements_execute_named: chunk_record step=10 plan_shape=decode chunk=5 chunk_count=8 op_first=97 op_last=139 encode_start_ms=0.333125 encode_end_ms=0.48020799999999997 commit_at_ms=0.48041700000000004 commit_ms=0.001958 gpu_start_ms=1.6289170598611236 gpu_end_ms=2.3145837476477027 commit_to_gpu_start_ms=1.1485000598611235 gpu_idle_before_ms=0.02675002906471491
2026-10-08T15:21:58.142379917Z DEBUG omega::metal::placements_execute_named: chunk_record step=10 plan_shape=decode chunk=6 chunk_count=8 op_first=140 op_last=197 encode_start_ms=0.483 encode_end_ms=0.6678329999999999 commit_at_ms=0.6679579999999999 commit_ms=0.002334 gpu_start_ms=2.343167085200548 gpu_end_ms=3.190792049281299 commit_to_gpu_start_ms=1.6752090852005481 gpu_idle_before_ms=0.028583337552845478
2026-10-08T15:21:58.142380209Z DEBUG omega::metal::placements_execute_named: chunk_record step=10 plan_shape=decode chunk=7 chunk_count=8 op_first=198 op_last=275 encode_start_ms=0.672917 encode_end_ms=0.926083 commit_at_ms=0.926208 commit_ms=0.0025 gpu_start_ms=3.221042104996741 gpu_end_ms=4.412083770148456 commit_to_gpu_start_ms=2.294834104996741 gpu_idle_before_ms=0.030250055715441704
2026-10-08T15:21:58.142380542Z DEBUG omega::metal::placements_execute_named: chunk_record step=10 plan_shape=decode chunk=8 chunk_count=8 op_first=276 op_last=382 encode_start_ms=0.9292499999999999 encode_end_ms=1.242833 commit_at_ms=1.2430830000000002 commit_ms=0.0022919999999999998 gpu_start_ms=4.4232921209186316 gpu_end_ms=6.0222920728847384 commit_to_gpu_start_ms=3.180209120918631 gpu_idle_before_ms=0.011208350770175457
2026-10-08T15:21:58.142391959Z DEBUG proxima_model_interop::generate::decode: token_breakdown_argmax_split step=10 scan_ms=0 debug_ms=0
2026-10-08T15:21:58.142392292Z DEBUG proxima_model_interop::generate::decode: token_breakdown_gaps step=10 root_select_ms=0.029708 post_evaluate_ms=0.000833 pre_logits_ms=0.001166 checksum_ms=0 fetch_ms=0.000666 argmax_ms=0.000125 logits_hash_ms=0
2026-10-08T15:21:58.142392875Z INFO proxima_model_interop::generate::load_model: token_breakdown: per-decode-step wall-clock attribution step=10 new_count=1 cached_len_before=1009 step_wall_ms=6.308041 apply_serving_config_ms=0.000125 build_position_inputs_ms=0.000958 named_blocks_weights_ms=0.014 named_blocks_kv_ms=0.013291 kv_cache_upload_bytes=0 ssm_state_transfer_bytes=0 evaluate_ms=6.260291 layer_cache_append_ms=0.000125 layer_cache_append_bytes=0 greedy_pick_ms=0.000041
2026-10-08T15:21:58.142398125Z INFO proxima_model_interop::generate::load_model: token_breakdown_metal: per-decode-step metal stage attribution step=10 prepare_calls=0 prepare_ms=0 emit_calls=0 emit_ms=0 pipeline_hits=0 pipeline_misses=0 pipeline_compile_ms=0 block_upload_calls=6 block_upload_ms=0 block_offered_bytes=272 block_copied_bytes=272 block_nocopy_bound_bytes=0 block_offset_bound_bytes=0 op_setup_calls=374 op_setup_ms=0.007541 pipeline_lookup_calls=0 pipeline_lookup_ms=0 encode_dispatch_calls=374 physical_dispatch_calls=398 encode_dispatch_ms=0.713416 gpu_exec_calls=8 gpu_exec_ms=4.894833 readback_calls=2 readback_ms=0.003666 readback_bytes=8 nocopy_uploads=0 copying_uploads=6 nocopy_reuses=0 resident_uploads=0 resident_reuses=0 mapping_offset_uploads=0 mapping_rebound_blocks=4 mapping_residency_rung=prefault expert_mapping_candidate_uploads=0 expert_mapping_missed_uploads=0 nocopy_cache_len=25 resident_cache_len=0 resident_cache_bytes=0 uniform_cache_len=1 phys_footprint_bytes=5959154944 device_allocated_bytes=1598881792 output_buffer_allocations=0 output_buffer_allocated_bytes=0 checkpoint_mapping_buffer_bytes=1422245888 expert_mapping_buffer_bytes=0 plan_uniform_writes=0 retire_scan_calls=893 retire_scan_ms=0.067666 expert_buffers_lookup_calls=374 expert_buffers_lookup_ms=0.243833 placement_resolve_calls=374 placement_resolve_ms=0.029875 loop_head_calls=383 loop_head_ms=0.08075 encoder_finish_ms=0.00025 pre_encode_calls=1 pre_encode_ms=0.064916 resolve_plan_ms=0.000166 prepare_infer_ms=0 prepare_validate_ms=0 prepare_bind_ms=0 prepare_optimize_ms=0 prepare_retire_ms=0 build_plan_uniforms_ms=0 resolve_steps_ms=0 uniform_buffer_allocations=0 barriers=0 barriers_raw=0 barriers_waw=0 barriers_war=0 barriers_waw_war_arena_recycled=0 barriers_waw_war_persistent=0 expert_source_cache_hits=0 expert_source_cache_misses=0 expert_source_cache_cold_misses=0 expert_source_cache_replacement_misses=0 expert_source_reuse_copy_bytes=0 expert_source_reuse_copy_ms=0 plan_cache_len=0 plan_hits=9 plan_misses=2 plan_refits=0 plan_arena_allocated_bytes=0 segment_arena_allocated_bytes=0 placed_arena_allocated_bytes=54414264 ablation=false kind_filter=
2026-10-08T15:21:58.142546750Z DEBUG omega::metal::placements_execute_named: step_phase step=11 phase=pre_encode start_raw_s=678345.605423875 end_raw_s=678345.605480041
2026-10-08T15:21:58.142617084Z DEBUG omega::metal::placements_execute_named: chunk_phase step=11 chunk=1 phase=encode start_raw_s=678345.605480041 end_raw_s=678345.605546708
2026-10-08T15:21:58.142617250Z DEBUG omega::metal::placements_execute_named: chunk_phase step=11 chunk=1 phase=commit start_raw_s=678345.605546833 end_raw_s=678345.605550125
2026-10-08T15:21:58.142680084Z DEBUG omega::metal::placements_execute_named: chunk_phase step=11 chunk=2 phase=encode start_raw_s=678345.60555075 end_raw_s=678345.605610291
2026-10-08T15:21:58.142680250Z DEBUG omega::metal::placements_execute_named: chunk_phase step=11 chunk=2 phase=commit start_raw_s=678345.605610416 end_raw_s=678345.605613208
2026-10-08T15:21:58.142769125Z DEBUG omega::metal::placements_execute_named: chunk_phase step=11 chunk=3 phase=encode start_raw_s=678345.60561375 end_raw_s=678345.60570025
2026-10-08T15:21:58.142769292Z DEBUG omega::metal::placements_execute_named: chunk_phase step=11 chunk=3 phase=commit start_raw_s=678345.605700333 end_raw_s=678345.60570225
2026-10-08T15:21:58.142880250Z DEBUG omega::metal::placements_execute_named: chunk_phase step=11 chunk=4 phase=encode start_raw_s=678345.605702791 end_raw_s=678345.605811375
2026-10-08T15:21:58.142880417Z DEBUG omega::metal::placements_execute_named: chunk_phase step=11 chunk=4 phase=commit start_raw_s=678345.605811458 end_raw_s=678345.605813333
2026-10-08T15:21:58.143027709Z DEBUG omega::metal::placements_execute_named: chunk_phase step=11 chunk=5 phase=encode start_raw_s=678345.605813916 end_raw_s=678345.605958708
2026-10-08T15:21:58.143027834Z DEBUG omega::metal::placements_execute_named: chunk_phase step=11 chunk=5 phase=commit start_raw_s=678345.605958875 end_raw_s=678345.60596075
2026-10-08T15:21:58.143221750Z DEBUG omega::metal::placements_execute_named: chunk_phase step=11 chunk=6 phase=encode start_raw_s=678345.605961333 end_raw_s=678345.606152541
2026-10-08T15:21:58.143222084Z DEBUG omega::metal::placements_execute_named: chunk_phase step=11 chunk=6 phase=commit start_raw_s=678345.606152666 end_raw_s=678345.606154833
2026-10-08T15:21:58.143486750Z DEBUG omega::metal::placements_execute_named: chunk_phase step=11 chunk=7 phase=encode start_raw_s=678345.606155583 end_raw_s=678345.606417333
2026-10-08T15:21:58.143486917Z DEBUG omega::metal::placements_execute_named: chunk_phase step=11 chunk=7 phase=commit start_raw_s=678345.606417416 end_raw_s=678345.606419875
2026-10-08T15:21:58.143807209Z DEBUG omega::metal::placements_execute_named: chunk_phase step=11 chunk=8 phase=encode start_raw_s=678345.606420416 end_raw_s=678345.606738291
2026-10-08T15:21:58.143807375Z DEBUG omega::metal::placements_execute_named: chunk_phase step=11 chunk=8 phase=commit start_raw_s=678345.6067385 end_raw_s=678345.606740416
2026-10-08T15:21:58.148714542Z DEBUG omega::metal::placements_execute_named: token_breakdown_gpu commit_call_ms=0.001917 commit_to_gpu_start_ms=0 gpu_busy_ms=5.843000020831823 gpu_end_to_wait_return_ms=0 sum_ms=5.844917020831823 final_commit_to_wait_ms=4.9085 gpu_start_raw_s=678345.605678875 gpu_end_raw_s=678345.611521875 commit_call_start_raw_s=678345.6067385 wait_return_extra_ms=4.905792 chunks=8 first_commit_to_first_gpu_start_ms=0.13204198330640793 encode_overlap_ms=1.1876659999999999
2026-10-08T15:21:58.148715209Z DEBUG omega::metal::placements_execute_named: chunk_record step=11 plan_shape=decode chunk=1 chunk_count=8 op_first=0 op_last=23 encode_start_ms=0 encode_end_ms=0.066625 commit_at_ms=0.066834 commit_ms=0.00325 gpu_start_ms=0.19883399363607168 gpu_end_ms=0.4573339829221368 commit_to_gpu_start_ms=0.13199999363607168 gpu_idle_before_ms=0.19883399363607168
2026-10-08T15:21:58.148715709Z DEBUG omega::metal::placements_execute_named: chunk_record step=11 plan_shape=decode chunk=2 chunk_count=8 op_first=24 op_last=40 encode_start_ms=0.07066700000000001 encode_end_ms=0.130209 commit_at_ms=0.13037500000000002 commit_ms=0.002792 gpu_start_ms=0.48075069207698107 gpu_end_ms=0.7021257188171148 commit_to_gpu_start_ms=0.35037569207698105 gpu_idle_before_ms=0.023416709154844284
2026-10-08T15:21:58.148716084Z DEBUG omega::metal::placements_execute_named: chunk_record step=11 plan_shape=decode chunk=3 chunk_count=8 op_first=41 op_last=64 encode_start_ms=0.133709 encode_end_ms=0.220167 commit_at_ms=0.220292 commit_ms=0.001917 gpu_start_ms=0.7228340255096555 gpu_end_ms=1.1158339912071824 commit_to_gpu_start_ms=0.5025420255096555 gpu_idle_before_ms=0.020708306692540646
2026-10-08T15:21:58.148716417Z DEBUG omega::metal::placements_execute_named: chunk_record step=11 plan_shape=decode chunk=4 chunk_count=8 op_first=65 op_last=96 encode_start_ms=0.22275 encode_end_ms=0.331334 commit_at_ms=0.33141699999999996 commit_ms=0.0018750000000000001 gpu_start_ms=1.1362506775185466 gpu_end_ms=1.6014589928090572 commit_to_gpu_start_ms=0.8048336775185466 gpu_idle_before_ms=0.020416686311364174
2026-10-08T15:21:58.148716792Z DEBUG omega::metal::placements_execute_named: chunk_record step=11 plan_shape=decode chunk=5 chunk_count=8 op_first=97 op_last=139 encode_start_ms=0.33383399999999996 encode_end_ms=0.47862499999999997 commit_at_ms=0.478834 commit_ms=0.0018750000000000001 gpu_start_ms=1.6282506985589862 gpu_end_ms=2.3015839979052544 commit_to_gpu_start_ms=1.1494166985589862 gpu_idle_before_ms=0.02679170574992895
2026-10-08T15:21:58.148717084Z DEBUG omega::metal::placements_execute_named: chunk_record step=11 plan_shape=decode chunk=6 chunk_count=8 op_first=140 op_last=197 encode_start_ms=0.48129200000000005 encode_end_ms=0.6725 commit_at_ms=0.672625 commit_ms=0.002167 gpu_start_ms=2.327334019355476 gpu_end_ms=3.2097090734168887 commit_to_gpu_start_ms=1.6547090193554759 gpu_idle_before_ms=0.02575002145022154
2026-10-08T15:21:58.148717417Z DEBUG omega::metal::placements_execute_named: chunk_record step=11 plan_shape=decode chunk=7 chunk_count=8 op_first=198 op_last=275 encode_start_ms=0.675542 encode_end_ms=0.937292 commit_at_ms=0.937375 commit_ms=0.0024590000000000002 gpu_start_ms=3.233625669963658 gpu_end_ms=4.408750683069229 commit_to_gpu_start_ms=2.296250669963658 gpu_idle_before_ms=0.023916596546769142
2026-10-08T15:21:58.148717709Z DEBUG omega::metal::placements_execute_named: chunk_record step=11 plan_shape=decode chunk=8 chunk_count=8 op_first=276 op_last=382 encode_start_ms=0.940334 encode_end_ms=1.25825 commit_at_ms=1.2585000000000002 commit_ms=0.001917 gpu_start_ms=4.440583987161517 gpu_end_ms=6.041834014467895 commit_to_gpu_start_ms=3.182083987161517 gpu_idle_before_ms=0.03183330409228802
2026-10-08T15:21:58.148730000Z DEBUG proxima_model_interop::generate::decode: token_breakdown_argmax_split step=11 scan_ms=0 debug_ms=0
2026-10-08T15:21:58.148730375Z DEBUG proxima_model_interop::generate::decode: token_breakdown_gaps step=11 root_select_ms=0.03125 post_evaluate_ms=0.000916 pre_logits_ms=0.001333 checksum_ms=0.000083 fetch_ms=0.000708 argmax_ms=0.000166 logits_hash_ms=0
2026-10-08T15:21:58.148731042Z INFO proxima_model_interop::generate::load_model: token_breakdown: per-decode-step wall-clock attribution step=11 new_count=1 cached_len_before=1010 step_wall_ms=6.327833 apply_serving_config_ms=0.000083 build_position_inputs_ms=0.000875 named_blocks_weights_ms=0.012875 named_blocks_kv_ms=0.012291 kv_cache_upload_bytes=0 ssm_state_transfer_bytes=0 evaluate_ms=6.279541 layer_cache_append_ms=0.000041 layer_cache_append_bytes=0 greedy_pick_ms=0
2026-10-08T15:21:58.148739584Z INFO proxima_model_interop::generate::load_model: token_breakdown_metal: per-decode-step metal stage attribution step=11 prepare_calls=0 prepare_ms=0 emit_calls=0 emit_ms=0 pipeline_hits=0 pipeline_misses=0 pipeline_compile_ms=0 block_upload_calls=6 block_upload_ms=0 block_offered_bytes=272 block_copied_bytes=272 block_nocopy_bound_bytes=0 block_offset_bound_bytes=0 op_setup_calls=374 op_setup_ms=0.007083 pipeline_lookup_calls=0 pipeline_lookup_ms=0 encode_dispatch_calls=374 physical_dispatch_calls=398 encode_dispatch_ms=0.722083 gpu_exec_calls=8 gpu_exec_ms=4.908458 readback_calls=2 readback_ms=0.003833 readback_bytes=8 nocopy_uploads=0 copying_uploads=6 nocopy_reuses=0 resident_uploads=0 resident_reuses=0 mapping_offset_uploads=0 mapping_rebound_blocks=4 mapping_residency_rung=prefault expert_mapping_candidate_uploads=0 expert_mapping_missed_uploads=0 nocopy_cache_len=25 resident_cache_len=0 resident_cache_bytes=0 uniform_cache_len=1 phys_footprint_bytes=5959269632 device_allocated_bytes=1598881792 output_buffer_allocations=0 output_buffer_allocated_bytes=0 checkpoint_mapping_buffer_bytes=1422245888 expert_mapping_buffer_bytes=0 plan_uniform_writes=0 retire_scan_calls=893 retire_scan_ms=0.068708 expert_buffers_lookup_calls=374 expert_buffers_lookup_ms=0.251333 placement_resolve_calls=374 placement_resolve_ms=0.029 loop_head_calls=383 loop_head_ms=0.081125 encoder_finish_ms=0.000166 pre_encode_calls=1 pre_encode_ms=0.056375 resolve_plan_ms=0.000166 prepare_infer_ms=0 prepare_validate_ms=0 prepare_bind_ms=0 prepare_optimize_ms=0 prepare_retire_ms=0 build_plan_uniforms_ms=0 resolve_steps_ms=0 uniform_buffer_allocations=0 barriers=0 barriers_raw=0 barriers_waw=0 barriers_war=0 barriers_waw_war_arena_recycled=0 barriers_waw_war_persistent=0 expert_source_cache_hits=0 expert_source_cache_misses=0 expert_source_cache_cold_misses=0 expert_source_cache_replacement_misses=0 expert_source_reuse_copy_bytes=0 expert_source_reuse_copy_ms=0 plan_cache_len=0 plan_hits=10 plan_misses=2 plan_refits=0 plan_arena_allocated_bytes=0 segment_arena_allocated_bytes=0 placed_arena_allocated_bytes=54414264 ablation=false kind_filter=
2026-10-08T15:21:58.148900750Z DEBUG omega::metal::placements_execute_named: step_phase step=12 phase=pre_encode start_raw_s=678345.611771916 end_raw_s=678345.611834041
2026-10-08T15:21:58.148969167Z DEBUG omega::metal::placements_execute_named: chunk_phase step=12 chunk=1 phase=encode start_raw_s=678345.611834041 end_raw_s=678345.611899
2026-10-08T15:21:58.148969292Z DEBUG omega::metal::placements_execute_named: chunk_phase step=12 chunk=1 phase=commit start_raw_s=678345.611899166 end_raw_s=678345.611902208
2026-10-08T15:21:58.149030667Z DEBUG omega::metal::placements_execute_named: chunk_phase step=12 chunk=2 phase=encode start_raw_s=678345.611902791 end_raw_s=678345.611961875
2026-10-08T15:21:58.149030959Z DEBUG omega::metal::placements_execute_named: chunk_phase step=12 chunk=2 phase=commit start_raw_s=678345.611962 end_raw_s=678345.611963708
2026-10-08T15:21:58.149117167Z DEBUG omega::metal::placements_execute_named: chunk_phase step=12 chunk=3 phase=encode start_raw_s=678345.6119645 end_raw_s=678345.612048333
2026-10-08T15:21:58.149117292Z DEBUG omega::metal::placements_execute_named: chunk_phase step=12 chunk=3 phase=commit start_raw_s=678345.612048416 end_raw_s=678345.612050291
2026-10-08T15:21:58.149234084Z DEBUG omega::metal::placements_execute_named: chunk_phase step=12 chunk=4 phase=encode start_raw_s=678345.612050791 end_raw_s=678345.612164791
2026-10-08T15:21:58.149234250Z DEBUG omega::metal::placements_execute_named: chunk_phase step=12 chunk=4 phase=commit start_raw_s=678345.612164875 end_raw_s=678345.612167208
2026-10-08T15:21:58.149397875Z DEBUG omega::metal::placements_execute_named: chunk_phase step=12 chunk=5 phase=encode start_raw_s=678345.61216775 end_raw_s=678345.612328541
2026-10-08T15:21:58.149398042Z DEBUG omega::metal::placements_execute_named: chunk_phase step=12 chunk=5 phase=commit start_raw_s=678345.61232875 end_raw_s=678345.612330916
2026-10-08T15:21:58.149591834Z DEBUG omega::metal::placements_execute_named: chunk_phase step=12 chunk=6 phase=encode start_raw_s=678345.612331541 end_raw_s=678345.612523041
2026-10-08T15:21:58.149592000Z DEBUG omega::metal::placements_execute_named: chunk_phase step=12 chunk=6 phase=commit start_raw_s=678345.612523166 end_raw_s=678345.612524958
2026-10-08T15:21:58.149843209Z DEBUG omega::metal::placements_execute_named: chunk_phase step=12 chunk=7 phase=encode start_raw_s=678345.6125255 end_raw_s=678345.612773708
2026-10-08T15:21:58.149843375Z DEBUG omega::metal::placements_execute_named: chunk_phase step=12 chunk=7 phase=commit start_raw_s=678345.612773791 end_raw_s=678345.612776333
2026-10-08T15:21:58.150157542Z DEBUG omega::metal::placements_execute_named: chunk_phase step=12 chunk=8 phase=encode start_raw_s=678345.612776875 end_raw_s=678345.613088541
2026-10-08T15:21:58.150157792Z DEBUG omega::metal::placements_execute_named: chunk_phase step=12 chunk=8 phase=commit start_raw_s=678345.613088791 end_raw_s=678345.613090791
2026-10-08T15:21:58.155026167Z DEBUG omega::metal::placements_execute_named: token_breakdown_gpu commit_call_ms=0.002 commit_to_gpu_start_ms=0 gpu_busy_ms=5.819999962113798 gpu_end_to_wait_return_ms=0 sum_ms=5.8219999621137974 final_commit_to_wait_ms=4.869958 gpu_start_raw_s=678345.61203125 gpu_end_raw_s=678345.61785125 commit_call_start_raw_s=678345.613088791 wait_return_extra_ms=4.867417 chunks=8 first_commit_to_first_gpu_start_ms=0.13208400923758745 encode_overlap_ms=1.185875
2026-10-08T15:21:58.155026792Z DEBUG omega::metal::placements_execute_named: chunk_record step=12 plan_shape=decode chunk=1 chunk_count=8 op_first=0 op_last=23 encode_start_ms=0 encode_end_ms=0.06499999999999999 commit_at_ms=0.065166 commit_ms=0.003042 gpu_start_ms=0.19720906857401133 gpu_end_ms=0.45820907689630985 commit_to_gpu_start_ms=0.13204306857401132 gpu_idle_before_ms=0.19720906857401133
2026-10-08T15:21:58.155027125Z DEBUG omega::metal::placements_execute_named: chunk_record step=12 plan_shape=decode chunk=2 chunk_count=8 op_first=24 op_last=40 encode_start_ms=0.068791 encode_end_ms=0.127833 commit_at_ms=0.128 commit_ms=0.001708 gpu_start_ms=0.46883407048881054 gpu_end_ms=0.6898341234773397 commit_to_gpu_start_ms=0.34083407048881054 gpu_idle_before_ms=0.010624993592500687
2026-10-08T15:21:58.155027459Z DEBUG omega::metal::placements_execute_named: chunk_record step=12 plan_shape=decode chunk=3 chunk_count=8 op_first=41 op_last=64 encode_start_ms=0.130458 encode_end_ms=0.214333 commit_at_ms=0.214416 commit_ms=0.0018750000000000001 gpu_start_ms=0.7121257949620485 gpu_end_ms=1.10120908357203 commit_to_gpu_start_ms=0.49770979496204854 gpu_idle_before_ms=0.022291671484708786
2026-10-08T15:21:58.155027917Z DEBUG omega::metal::placements_execute_named: chunk_record step=12 plan_shape=decode chunk=4 chunk_count=8 op_first=65 op_last=96 encode_start_ms=0.216791 encode_end_ms=0.330791 commit_at_ms=0.330916 commit_ms=0.0022919999999999998 gpu_start_ms=1.1223340407013893 gpu_end_ms=1.5910840593278408 commit_to_gpu_start_ms=0.7914180407013893 gpu_idle_before_ms=0.021124957129359245
2026-10-08T15:21:58.155028209Z DEBUG omega::metal::placements_execute_named: chunk_record step=12 plan_shape=decode chunk=5 chunk_count=8 op_first=97 op_last=139 encode_start_ms=0.333708 encode_end_ms=0.494541 commit_at_ms=0.49474999999999997 commit_ms=0.002166 gpu_start_ms=1.6150841256603599 gpu_end_ms=2.289709053002298 commit_to_gpu_start_ms=1.1203341256603598 gpu_idle_before_ms=0.024000066332519054
2026-10-08T15:21:58.155028542Z DEBUG omega::metal::placements_execute_named: chunk_record step=12 plan_shape=decode chunk=6 chunk_count=8 op_first=140 op_last=197 encode_start_ms=0.4975 encode_end_ms=0.689041 commit_at_ms=0.689166 commit_ms=0.001792 gpu_start_ms=2.3163340520113707 gpu_end_ms=3.1980007188394666 commit_to_gpu_start_ms=1.6271680520113707 gpu_idle_before_ms=0.02662499900907278
2026-10-08T15:21:58.155028875Z DEBUG omega::metal::placements_execute_named: chunk_record step=12 plan_shape=decode chunk=7 chunk_count=8 op_first=198 op_last=275 encode_start_ms=0.6915 encode_end_ms=0.939666 commit_at_ms=0.939791 commit_ms=0.002542 gpu_start_ms=3.2247090712189674 gpu_end_ms=4.3851257069036365 commit_to_gpu_start_ms=2.2849180712189674 gpu_idle_before_ms=0.026708352379500866
2026-10-08T15:21:58.155029250Z DEBUG omega::metal::placements_execute_named: chunk_record step=12 plan_shape=decode chunk=8 chunk_count=8 op_first=276 op_last=382 encode_start_ms=0.942875 encode_end_ms=1.2545 commit_at_ms=1.254791 commit_ms=0.002 gpu_start_ms=4.418625729158521 gpu_end_ms=6.017209030687809 commit_to_gpu_start_ms=3.1638347291585207 gpu_idle_before_ms=0.03350002225488424
2026-10-08T15:21:58.155041375Z DEBUG proxima_model_interop::generate::decode: token_breakdown_argmax_split step=12 scan_ms=0 debug_ms=0
2026-10-08T15:21:58.155041709Z DEBUG proxima_model_interop::generate::decode: token_breakdown_gaps step=12 root_select_ms=0.032958 post_evaluate_ms=0.000833 pre_logits_ms=0.001375 checksum_ms=0 fetch_ms=0.000791 argmax_ms=0.000333 logits_hash_ms=0.000041
2026-10-08T15:21:58.155042375Z INFO proxima_model_interop::generate::load_model: token_breakdown: per-decode-step wall-clock attribution step=12 new_count=1 cached_len_before=1011 step_wall_ms=6.297958 apply_serving_config_ms=0.000125 build_position_inputs_ms=0.001041 named_blocks_weights_ms=0.014958 named_blocks_kv_ms=0.01425 kv_cache_upload_bytes=0 ssm_state_transfer_bytes=0 evaluate_ms=6.245416 layer_cache_append_ms=0.000166 layer_cache_append_bytes=0 greedy_pick_ms=0
2026-10-08T15:21:58.155047625Z INFO proxima_model_interop::generate::load_model: token_breakdown_metal: per-decode-step metal stage attribution step=12 prepare_calls=0 prepare_ms=0 emit_calls=0 emit_ms=0 pipeline_hits=0 pipeline_misses=0 pipeline_compile_ms=0 block_upload_calls=6 block_upload_ms=0 block_offered_bytes=272 block_copied_bytes=272 block_nocopy_bound_bytes=0 block_offset_bound_bytes=0 op_setup_calls=374 op_setup_ms=0.007166 pipeline_lookup_calls=0 pipeline_lookup_ms=0 encode_dispatch_calls=374 physical_dispatch_calls=398 encode_dispatch_ms=0.728041 gpu_exec_calls=8 gpu_exec_ms=4.869875 readback_calls=2 readback_ms=0.003708 readback_bytes=8 nocopy_uploads=0 copying_uploads=6 nocopy_reuses=0 resident_uploads=0 resident_reuses=0 mapping_offset_uploads=0 mapping_rebound_blocks=2 mapping_residency_rung=prefault expert_mapping_candidate_uploads=0 expert_mapping_missed_uploads=0 nocopy_cache_len=25 resident_cache_len=0 resident_cache_bytes=0 uniform_cache_len=1 phys_footprint_bytes=5959384320 device_allocated_bytes=1598881792 output_buffer_allocations=0 output_buffer_allocated_bytes=0 checkpoint_mapping_buffer_bytes=1422245888 expert_mapping_buffer_bytes=0 plan_uniform_writes=0 retire_scan_calls=893 retire_scan_ms=0.067833 expert_buffers_lookup_calls=374 expert_buffers_lookup_ms=0.242458 placement_resolve_calls=374 placement_resolve_ms=0.028875 loop_head_calls=383 loop_head_ms=0.080916 encoder_finish_ms=0.000166 pre_encode_calls=1 pre_encode_ms=0.062333 resolve_plan_ms=0.000208 prepare_infer_ms=0 prepare_validate_ms=0 prepare_bind_ms=0 prepare_optimize_ms=0 prepare_retire_ms=0 build_plan_uniforms_ms=0 resolve_steps_ms=0 uniform_buffer_allocations=0 barriers=0 barriers_raw=0 barriers_waw=0 barriers_war=0 barriers_waw_war_arena_recycled=0 barriers_waw_war_persistent=0 expert_source_cache_hits=0 expert_source_cache_misses=0 expert_source_cache_cold_misses=0 expert_source_cache_replacement_misses=0 expert_source_reuse_copy_bytes=0 expert_source_reuse_copy_ms=0 plan_cache_len=0 plan_hits=11 plan_misses=2 plan_refits=0 plan_arena_allocated_bytes=0 segment_arena_allocated_bytes=0 placed_arena_allocated_bytes=54414264 ablation=false kind_filter=
2026-10-08T15:21:58.155204917Z DEBUG omega::metal::placements_execute_named: step_phase step=13 phase=pre_encode start_raw_s=678345.618079708 end_raw_s=678345.618138208
2026-10-08T15:21:58.155275125Z DEBUG omega::metal::placements_execute_named: chunk_phase step=13 chunk=1 phase=encode start_raw_s=678345.618138208 end_raw_s=678345.618204666
2026-10-08T15:21:58.155275250Z DEBUG omega::metal::placements_execute_named: chunk_phase step=13 chunk=1 phase=commit start_raw_s=678345.618204875 end_raw_s=678345.618208125
2026-10-08T15:21:58.155340125Z DEBUG omega::metal::placements_execute_named: chunk_phase step=13 chunk=2 phase=encode start_raw_s=678345.61820875 end_raw_s=678345.618270833
2026-10-08T15:21:58.155340292Z DEBUG omega::metal::placements_execute_named: chunk_phase step=13 chunk=2 phase=commit start_raw_s=678345.618271 end_raw_s=678345.618273208
2026-10-08T15:21:58.155432959Z DEBUG omega::metal::placements_execute_named: chunk_phase step=13 chunk=3 phase=encode start_raw_s=678345.618273791 end_raw_s=678345.618364166
2026-10-08T15:21:58.155433167Z DEBUG omega::metal::placements_execute_named: chunk_phase step=13 chunk=3 phase=commit start_raw_s=678345.61836425 end_raw_s=678345.618366083
2026-10-08T15:21:58.155545667Z DEBUG omega::metal::placements_execute_named: chunk_phase step=13 chunk=4 phase=encode start_raw_s=678345.618366666 end_raw_s=678345.618476791
2026-10-08T15:21:58.155545834Z DEBUG omega::metal::placements_execute_named: chunk_phase step=13 chunk=4 phase=commit start_raw_s=678345.618476875 end_raw_s=678345.618478791
2026-10-08T15:21:58.155692375Z DEBUG omega::metal::placements_execute_named: chunk_phase step=13 chunk=5 phase=encode start_raw_s=678345.618479333 end_raw_s=678345.618622958
2026-10-08T15:21:58.155692500Z DEBUG omega::metal::placements_execute_named: chunk_phase step=13 chunk=5 phase=commit start_raw_s=678345.618623083 end_raw_s=678345.618625375
2026-10-08T15:21:58.155880834Z DEBUG omega::metal::placements_execute_named: chunk_phase step=13 chunk=6 phase=encode start_raw_s=678345.618626 end_raw_s=678345.618811458
2026-10-08T15:21:58.155881209Z DEBUG omega::metal::placements_execute_named: chunk_phase step=13 chunk=6 phase=commit start_raw_s=678345.618811583 end_raw_s=678345.618813916
2026-10-08T15:21:58.156137709Z DEBUG omega::metal::placements_execute_named: chunk_phase step=13 chunk=7 phase=encode start_raw_s=678345.618814708 end_raw_s=678345.619068375
2026-10-08T15:21:58.156137875Z DEBUG omega::metal::placements_execute_named: chunk_phase step=13 chunk=7 phase=commit start_raw_s=678345.619068458 end_raw_s=678345.619070833
2026-10-08T15:21:58.156451459Z DEBUG omega::metal::placements_execute_named: chunk_phase step=13 chunk=8 phase=encode start_raw_s=678345.619071375 end_raw_s=678345.619382208
2026-10-08T15:21:58.156451625Z DEBUG omega::metal::placements_execute_named: chunk_phase step=13 chunk=8 phase=commit start_raw_s=678345.619382458 end_raw_s=678345.61938475
2026-10-08T15:21:58.161314625Z DEBUG omega::metal::placements_execute_named: token_breakdown_gpu commit_call_ms=0.0022919999999999998 commit_to_gpu_start_ms=0 gpu_busy_ms=5.804208340123296 gpu_end_to_wait_return_ms=0 sum_ms=5.8065003401232955 final_commit_to_wait_ms=4.864708 gpu_start_raw_s=678345.6183279167 gpu_end_raw_s=678345.624132125 commit_call_start_raw_s=678345.619382458 wait_return_extra_ms=4.861917 chunks=8 first_commit_to_first_gpu_start_ms=0.12304168194532394 encode_overlap_ms=1.1735840000000002
2026-10-08T15:21:58.161315459Z DEBUG omega::metal::placements_execute_named: chunk_record step=13 plan_shape=decode chunk=1 chunk_count=8 op_first=0 op_last=23 encode_start_ms=0 encode_end_ms=0.066458 commit_at_ms=0.066667 commit_ms=0.00325 gpu_start_ms=0.18970866221934557 gpu_end_ms=0.45016699004918337 commit_to_gpu_start_ms=0.12304166221934557 gpu_idle_before_ms=0.18970866221934557
2026-10-08T15:21:58.161315959Z DEBUG omega::metal::placements_execute_named: chunk_record step=13 plan_shape=decode chunk=2 chunk_count=8 op_first=24 op_last=40 encode_start_ms=0.07054200000000001 encode_end_ms=0.132583 commit_at_ms=0.13279200000000002 commit_ms=0.0022500000000000003 gpu_start_ms=0.468792044557631 gpu_end_ms=0.6937086582183838 commit_to_gpu_start_ms=0.336000044557631 gpu_idle_before_ms=0.018625054508447647
2026-10-08T15:21:58.161316292Z DEBUG omega::metal::placements_execute_named: chunk_record step=13 plan_shape=decode chunk=3 chunk_count=8 op_first=41 op_last=64 encode_start_ms=0.13558299999999998 encode_end_ms=0.22595800000000002 commit_at_ms=0.226042 commit_ms=0.001833 gpu_start_ms=0.717083690688014 gpu_end_ms=1.1074169306084514 commit_to_gpu_start_ms=0.49104169068801407 gpu_idle_before_ms=0.02337503246963024
2026-10-08T15:21:58.161316625Z DEBUG omega::metal::placements_execute_named: chunk_record step=13 plan_shape=decode chunk=4 chunk_count=8 op_first=65 op_last=96 encode_start_ms=0.228458 encode_end_ms=0.338542 commit_at_ms=0.338667 commit_ms=0.001916 gpu_start_ms=1.1286670342087746 gpu_end_ms=1.5939170261844993 commit_to_gpu_start_ms=0.7900000342087745 gpu_idle_before_ms=0.0212501036003232
2026-10-08T15:21:58.161316917Z DEBUG omega::metal::placements_execute_named: chunk_record step=13 plan_shape=decode chunk=5 chunk_count=8 op_first=97 op_last=139 encode_start_ms=0.341125 encode_end_ms=0.48470799999999997 commit_at_ms=0.48491700000000004 commit_ms=0.002291 gpu_start_ms=1.6184169799089432 gpu_end_ms=2.2844586055725813 commit_to_gpu_start_ms=1.1334999799089431 gpu_idle_before_ms=0.024499953724443913
2026-10-08T15:21:58.161317250Z DEBUG omega::metal::placements_execute_named: chunk_record step=13 plan_shape=decode chunk=6 chunk_count=8 op_first=140 op_last=197 encode_start_ms=0.487792 encode_end_ms=0.67325 commit_at_ms=0.6733750000000001 commit_ms=0.002333 gpu_start_ms=2.2960419300943613 gpu_end_ms=3.1897086882963777 commit_to_gpu_start_ms=1.6226669300943612 gpu_idle_before_ms=0.011583324521780014
2026-10-08T15:21:58.161317542Z DEBUG omega::metal::placements_execute_named: chunk_record step=13 plan_shape=decode chunk=7 chunk_count=8 op_first=198 op_last=275 encode_start_ms=0.6765 encode_end_ms=0.930167 commit_at_ms=0.930292 commit_ms=0.002333 gpu_start_ms=3.214458702132106 gpu_end_ms=4.38554200809449 commit_to_gpu_start_ms=2.2841667021321057 gpu_idle_before_ms=0.02475001383572817
2026-10-08T15:21:58.161317875Z DEBUG omega::metal::placements_execute_named: chunk_record step=13 plan_shape=decode chunk=8 chunk_count=8 op_first=276 op_last=382 encode_start_ms=0.9331670000000001 encode_end_ms=1.2439580000000001 commit_at_ms=1.2442499999999999 commit_ms=0.0022919999999999998 gpu_start_ms=4.418917000293732 gpu_end_ms=5.993917002342641 commit_to_gpu_start_ms=3.1746670002937316 gpu_idle_before_ms=0.033374992199242115
2026-10-08T15:21:58.161330709Z DEBUG proxima_model_interop::generate::decode: token_breakdown_argmax_split step=13 scan_ms=0 debug_ms=0
2026-10-08T15:21:58.161331042Z DEBUG proxima_model_interop::generate::decode: token_breakdown_gaps step=13 root_select_ms=0.034083 post_evaluate_ms=0.000916 pre_logits_ms=0.001208 checksum_ms=0 fetch_ms=0.000708 argmax_ms=0.000208 logits_hash_ms=0
2026-10-08T15:21:58.161331709Z INFO proxima_model_interop::generate::load_model: token_breakdown: per-decode-step wall-clock attribution step=13 new_count=1 cached_len_before=1012 step_wall_ms=6.277208 apply_serving_config_ms=0.000125 build_position_inputs_ms=0.000958 named_blocks_weights_ms=0.013625 named_blocks_kv_ms=0.013 kv_cache_upload_bytes=0 ssm_state_transfer_bytes=0 evaluate_ms=6.225208 layer_cache_append_ms=0.000125 layer_cache_append_bytes=0 greedy_pick_ms=0
2026-10-08T15:21:58.161379167Z INFO proxima_model_interop::generate::load_model: token_breakdown_metal: per-decode-step metal stage attribution step=13 prepare_calls=0 prepare_ms=0 emit_calls=0 emit_ms=0 pipeline_hits=0 pipeline_misses=0 pipeline_compile_ms=0 block_upload_calls=6 block_upload_ms=0 block_offered_bytes=272 block_copied_bytes=272 block_nocopy_bound_bytes=0 block_offset_bound_bytes=0 op_setup_calls=374 op_setup_ms=0.006291 pipeline_lookup_calls=0 pipeline_lookup_ms=0 encode_dispatch_calls=374 physical_dispatch_calls=398 encode_dispatch_ms=0.716208 gpu_exec_calls=8 gpu_exec_ms=4.864625 readback_calls=2 readback_ms=0.003666 readback_bytes=8 nocopy_uploads=0 copying_uploads=6 nocopy_reuses=0 resident_uploads=0 resident_reuses=0 mapping_offset_uploads=0 mapping_rebound_blocks=4 mapping_residency_rung=prefault expert_mapping_candidate_uploads=0 expert_mapping_missed_uploads=0 nocopy_cache_len=25 resident_cache_len=0 resident_cache_bytes=0 uniform_cache_len=1 phys_footprint_bytes=5959499008 device_allocated_bytes=1598881792 output_buffer_allocations=0 output_buffer_allocated_bytes=0 checkpoint_mapping_buffer_bytes=1422245888 expert_mapping_buffer_bytes=0 plan_uniform_writes=0 retire_scan_calls=893 retire_scan_ms=0.068 expert_buffers_lookup_calls=374 expert_buffers_lookup_ms=0.243666 placement_resolve_calls=374 placement_resolve_ms=0.028291 loop_head_calls=383 loop_head_ms=0.080125 encoder_finish_ms=0.00025 pre_encode_calls=1 pre_encode_ms=0.058708 resolve_plan_ms=0.000166 prepare_infer_ms=0 prepare_validate_ms=0 prepare_bind_ms=0 prepare_optimize_ms=0 prepare_retire_ms=0 build_plan_uniforms_ms=0 resolve_steps_ms=0 uniform_buffer_allocations=0 barriers=0 barriers_raw=0 barriers_waw=0 barriers_war=0 barriers_waw_war_arena_recycled=0 barriers_waw_war_persistent=0 expert_source_cache_hits=0 expert_source_cache_misses=0 expert_source_cache_cold_misses=0 expert_source_cache_replacement_misses=0 expert_source_reuse_copy_bytes=0 expert_source_reuse_copy_ms=0 plan_cache_len=0 plan_hits=12 plan_misses=2 plan_refits=0 plan_arena_allocated_bytes=0 segment_arena_allocated_bytes=0 placed_arena_allocated_bytes=54414264 ablation=false kind_filter=
2026-10-08T15:21:58.161544584Z DEBUG omega::metal::placements_execute_named: step_phase step=14 phase=pre_encode start_raw_s=678345.624414291 end_raw_s=678345.624477833
2026-10-08T15:21:58.161613667Z DEBUG omega::metal::placements_execute_named: chunk_phase step=14 chunk=1 phase=encode start_raw_s=678345.624477833 end_raw_s=678345.624543125
2026-10-08T15:21:58.161613792Z DEBUG omega::metal::placements_execute_named: chunk_phase step=14 chunk=1 phase=commit start_raw_s=678345.624543416 end_raw_s=678345.624546666
2026-10-08T15:21:58.161675709Z DEBUG omega::metal::placements_execute_named: chunk_phase step=14 chunk=2 phase=encode start_raw_s=678345.624547291 end_raw_s=678345.62460725
2026-10-08T15:21:58.161675875Z DEBUG omega::metal::placements_execute_named: chunk_phase step=14 chunk=2 phase=commit start_raw_s=678345.624607333 end_raw_s=678345.624608833
2026-10-08T15:21:58.161766000Z DEBUG omega::metal::placements_execute_named: chunk_phase step=14 chunk=3 phase=encode start_raw_s=678345.624609375 end_raw_s=678345.624697166
2026-10-08T15:21:58.161766209Z DEBUG omega::metal::placements_execute_named: chunk_phase step=14 chunk=3 phase=commit start_raw_s=678345.62469725 end_raw_s=678345.624699083
2026-10-08T15:21:58.161876750Z DEBUG omega::metal::placements_execute_named: chunk_phase step=14 chunk=4 phase=encode start_raw_s=678345.624699708 end_raw_s=678345.624808
2026-10-08T15:21:58.161878709Z DEBUG omega::metal::placements_execute_named: chunk_phase step=14 chunk=4 phase=commit start_raw_s=678345.624808083 end_raw_s=678345.624809875
2026-10-08T15:21:58.162026042Z DEBUG omega::metal::placements_execute_named: chunk_phase step=14 chunk=5 phase=encode start_raw_s=678345.624812375 end_raw_s=678345.624957125
2026-10-08T15:21:58.162026209Z DEBUG omega::metal::placements_execute_named: chunk_phase step=14 chunk=5 phase=commit start_raw_s=678345.624957291 end_raw_s=678345.624959083
2026-10-08T15:21:58.162218334Z DEBUG omega::metal::placements_execute_named: chunk_phase step=14 chunk=6 phase=encode start_raw_s=678345.624959666 end_raw_s=678345.625149083
2026-10-08T15:21:58.162218500Z DEBUG omega::metal::placements_execute_named: chunk_phase step=14 chunk=6 phase=commit start_raw_s=678345.625149166 end_raw_s=678345.625151416
2026-10-08T15:21:58.162478000Z DEBUG omega::metal::placements_execute_named: chunk_phase step=14 chunk=7 phase=encode start_raw_s=678345.625152041 end_raw_s=678345.625409125
2026-10-08T15:21:58.162478167Z DEBUG omega::metal::placements_execute_named: chunk_phase step=14 chunk=7 phase=commit start_raw_s=678345.625409208 end_raw_s=678345.625411125
2026-10-08T15:21:58.162792959Z DEBUG omega::metal::placements_execute_named: chunk_phase step=14 chunk=8 phase=encode start_raw_s=678345.625411666 end_raw_s=678345.625723833
2026-10-08T15:21:58.162793084Z DEBUG omega::metal::placements_execute_named: chunk_phase step=14 chunk=8 phase=commit start_raw_s=678345.625724041 end_raw_s=678345.625726208
2026-10-08T15:21:58.167630917Z DEBUG omega::metal::placements_execute_named: token_breakdown_gpu commit_call_ms=0.002125 commit_to_gpu_start_ms=0 gpu_busy_ms=5.765374982729554 gpu_end_to_wait_return_ms=0 sum_ms=5.7674999827295546 final_commit_to_wait_ms=4.839416 gpu_start_raw_s=678345.6246821667 gpu_end_raw_s=678345.6304475417 commit_call_start_raw_s=678345.625724041 wait_return_extra_ms=4.836875 chunks=8 first_commit_to_first_gpu_start_ms=0.13875076547265053 encode_overlap_ms=1.176625
2026-10-08T15:21:58.167631459Z DEBUG omega::metal::placements_execute_named: chunk_record step=14 plan_shape=decode chunk=1 chunk_count=8 op_first=0 op_last=23 encode_start_ms=0 encode_end_ms=0.06525 commit_at_ms=0.065583 commit_ms=0.00325 gpu_start_ms=0.20433368626981974 gpu_end_ms=0.4667086759582162 commit_to_gpu_start_ms=0.13875068626981973 gpu_idle_before_ms=0.20433368626981974
2026-10-08T15:21:58.167632084Z DEBUG omega::metal::placements_execute_named: chunk_record step=14 plan_shape=decode chunk=2 chunk_count=8 op_first=24 op_last=40 encode_start_ms=0.06945799999999999 encode_end_ms=0.129375 commit_at_ms=0.1295 commit_ms=0.0015 gpu_start_ms=0.48754201270639896 gpu_end_ms=0.7095419568940997 commit_to_gpu_start_ms=0.35804201270639896 gpu_idle_before_ms=0.020833336748182774
2026-10-08T15:21:58.167632417Z DEBUG omega::metal::placements_execute_named: chunk_record step=14 plan_shape=decode chunk=3 chunk_count=8 op_first=41 op_last=64 encode_start_ms=0.1315 encode_end_ms=0.219333 commit_at_ms=0.219417 commit_ms=0.0018750000000000001 gpu_start_ms=0.7342086173593998 gpu_end_ms=1.1234170524403453 commit_to_gpu_start_ms=0.5147916173593998 gpu_idle_before_ms=0.024666660465300083
2026-10-08T15:21:58.167632750Z DEBUG omega::metal::placements_execute_named: chunk_record step=14 plan_shape=decode chunk=4 chunk_count=8 op_first=65 op_last=96 encode_start_ms=0.221833 encode_end_ms=0.330125 commit_at_ms=0.33025 commit_ms=0.001792 gpu_start_ms=1.1441670358181 gpu_end_ms=1.6159169608727098 commit_to_gpu_start_ms=0.8139170358181 gpu_idle_before_ms=0.020749983377754688
2026-10-08T15:21:58.167633125Z DEBUG omega::metal::placements_execute_named: chunk_record step=14 plan_shape=decode chunk=5 chunk_count=8 op_first=97 op_last=139 encode_start_ms=0.3345 encode_end_ms=0.479292 commit_at_ms=0.479458 commit_ms=0.001792 gpu_start_ms=1.6398336738348007 gpu_end_ms=2.3209169739857316 commit_to_gpu_start_ms=1.1603756738348008 gpu_idle_before_ms=0.02391671296209097
2026-10-08T15:21:58.167633417Z DEBUG omega::metal::placements_execute_named: chunk_record step=14 plan_shape=decode chunk=6 chunk_count=8 op_first=140 op_last=197 encode_start_ms=0.48183299999999996 encode_end_ms=0.6712079999999999 commit_at_ms=0.671333 commit_ms=0.0022500000000000003 gpu_start_ms=2.3462920216843486 gpu_end_ms=3.218041965737939 commit_to_gpu_start_ms=1.6749590216843486 gpu_idle_before_ms=0.02537504769861698
2026-10-08T15:21:58.167633750Z DEBUG omega::metal::placements_execute_named: chunk_record step=14 plan_shape=decode chunk=7 chunk_count=8 op_first=198 op_last=275 encode_start_ms=0.6741670000000001 encode_end_ms=0.931292 commit_at_ms=0.9313750000000001 commit_ms=0.001917 gpu_start_ms=3.2479586079716682 gpu_end_ms=4.426041967235506 commit_to_gpu_start_ms=2.316583607971668 gpu_idle_before_ms=0.029916642233729362
2026-10-08T15:21:58.167634042Z DEBUG omega::metal::placements_execute_named: chunk_record step=14 plan_shape=decode chunk=8 chunk_count=8 op_first=276 op_last=382 encode_start_ms=0.9337920000000001 encode_end_ms=1.245958 commit_at_ms=1.2462499999999999 commit_ms=0.002125 gpu_start_ms=4.455417045392096 gpu_end_ms=5.969708668999374 commit_to_gpu_start_ms=3.209167045392096 gpu_idle_before_ms=0.02937507815659046
2026-10-08T15:21:58.167646500Z DEBUG proxima_model_interop::generate::decode: token_breakdown_argmax_split step=14 scan_ms=0 debug_ms=0
2026-10-08T15:21:58.167646792Z DEBUG proxima_model_interop::generate::decode: token_breakdown_gaps step=14 root_select_ms=0.032791 post_evaluate_ms=0.000833 pre_logits_ms=0.001458 checksum_ms=0 fetch_ms=0.000791 argmax_ms=0.000333 logits_hash_ms=0
2026-10-08T15:21:58.167647500Z INFO proxima_model_interop::generate::load_model: token_breakdown: per-decode-step wall-clock attribution step=14 new_count=1 cached_len_before=1013 step_wall_ms=6.262208 apply_serving_config_ms=0.000083 build_position_inputs_ms=0.001083 named_blocks_weights_ms=0.015208 named_blocks_kv_ms=0.014666 kv_cache_upload_bytes=0 ssm_state_transfer_bytes=0 evaluate_ms=6.209666 layer_cache_append_ms=0.000166 layer_cache_append_bytes=0 greedy_pick_ms=0
2026-10-08T15:21:58.167655375Z INFO proxima_model_interop::generate::load_model: token_breakdown_metal: per-decode-step metal stage attribution step=14 prepare_calls=0 prepare_ms=0 emit_calls=0 emit_ms=0 pipeline_hits=0 pipeline_misses=0 pipeline_compile_ms=0 block_upload_calls=6 block_upload_ms=0 block_offered_bytes=272 block_copied_bytes=272 block_nocopy_bound_bytes=0 block_offset_bound_bytes=0 op_setup_calls=374 op_setup_ms=0.007166 pipeline_lookup_calls=0 pipeline_lookup_ms=0 encode_dispatch_calls=374 physical_dispatch_calls=398 encode_dispatch_ms=0.7185 gpu_exec_calls=8 gpu_exec_ms=4.839375 readback_calls=2 readback_ms=0.00375 readback_bytes=8 nocopy_uploads=0 copying_uploads=6 nocopy_reuses=0 resident_uploads=0 resident_reuses=0 mapping_offset_uploads=0 mapping_rebound_blocks=4 mapping_residency_rung=prefault expert_mapping_candidate_uploads=0 expert_mapping_missed_uploads=0 nocopy_cache_len=25 resident_cache_len=0 resident_cache_bytes=0 uniform_cache_len=1 phys_footprint_bytes=5959564544 device_allocated_bytes=1598881792 output_buffer_allocations=0 output_buffer_allocated_bytes=0 checkpoint_mapping_buffer_bytes=1422245888 expert_mapping_buffer_bytes=0 plan_uniform_writes=0 retire_scan_calls=893 retire_scan_ms=0.068333 expert_buffers_lookup_calls=374 expert_buffers_lookup_ms=0.239083 placement_resolve_calls=374 placement_resolve_ms=0.028208 loop_head_calls=383 loop_head_ms=0.08425 encoder_finish_ms=0.000166 pre_encode_calls=1 pre_encode_ms=0.063916 resolve_plan_ms=0.000166 prepare_infer_ms=0 prepare_validate_ms=0 prepare_bind_ms=0 prepare_optimize_ms=0 prepare_retire_ms=0 build_plan_uniforms_ms=0 resolve_steps_ms=0 uniform_buffer_allocations=0 barriers=0 barriers_raw=0 barriers_waw=0 barriers_war=0 barriers_waw_war_arena_recycled=0 barriers_waw_war_persistent=0 expert_source_cache_hits=0 expert_source_cache_misses=0 expert_source_cache_cold_misses=0 expert_source_cache_replacement_misses=0 expert_source_reuse_copy_bytes=0 expert_source_reuse_copy_ms=0 plan_cache_len=0 plan_hits=13 plan_misses=2 plan_refits=0 plan_arena_allocated_bytes=0 segment_arena_allocated_bytes=0 placed_arena_allocated_bytes=54414264 ablation=false kind_filter=
2026-10-08T15:21:58.167814250Z DEBUG omega::metal::placements_execute_named: step_phase step=15 phase=pre_encode start_raw_s=678345.630684416 end_raw_s=678345.630747541
2026-10-08T15:21:58.167884709Z DEBUG omega::metal::placements_execute_named: chunk_phase step=15 chunk=1 phase=encode start_raw_s=678345.630747541 end_raw_s=678345.630814958
2026-10-08T15:21:58.167884875Z DEBUG omega::metal::placements_execute_named: chunk_phase step=15 chunk=1 phase=commit start_raw_s=678345.630815125 end_raw_s=678345.630817791
2026-10-08T15:21:58.167946792Z DEBUG omega::metal::placements_execute_named: chunk_phase step=15 chunk=2 phase=encode start_raw_s=678345.630818375 end_raw_s=678345.630878041
2026-10-08T15:21:58.167947084Z DEBUG omega::metal::placements_execute_named: chunk_phase step=15 chunk=2 phase=commit start_raw_s=678345.63087825 end_raw_s=678345.630879833
2026-10-08T15:21:58.168032459Z DEBUG omega::metal::placements_execute_named: chunk_phase step=15 chunk=3 phase=encode start_raw_s=678345.630880625 end_raw_s=678345.630963708
2026-10-08T15:21:58.168032625Z DEBUG omega::metal::placements_execute_named: chunk_phase step=15 chunk=3 phase=commit start_raw_s=678345.630963791 end_raw_s=678345.630965625
2026-10-08T15:21:58.168141417Z DEBUG omega::metal::placements_execute_named: chunk_phase step=15 chunk=4 phase=encode start_raw_s=678345.630966125 end_raw_s=678345.631072208
2026-10-08T15:21:58.168141542Z DEBUG omega::metal::placements_execute_named: chunk_phase step=15 chunk=4 phase=commit start_raw_s=678345.631072291 end_raw_s=678345.6310745
2026-10-08T15:21:58.168288042Z DEBUG omega::metal::placements_execute_named: chunk_phase step=15 chunk=5 phase=encode start_raw_s=678345.631075041 end_raw_s=678345.631219083
2026-10-08T15:21:58.168288209Z DEBUG omega::metal::placements_execute_named: chunk_phase step=15 chunk=5 phase=commit start_raw_s=678345.63121925 end_raw_s=678345.631221083
2026-10-08T15:21:58.168487875Z DEBUG omega::metal::placements_execute_named: chunk_phase step=15 chunk=6 phase=encode start_raw_s=678345.631221708 end_raw_s=678345.631418416
2026-10-08T15:21:58.168488042Z DEBUG omega::metal::placements_execute_named: chunk_phase step=15 chunk=6 phase=commit start_raw_s=678345.6314185 end_raw_s=678345.631421
2026-10-08T15:21:58.168744750Z DEBUG omega::metal::placements_execute_named: chunk_phase step=15 chunk=7 phase=encode start_raw_s=678345.631421541 end_raw_s=678345.631673833
2026-10-08T15:21:58.168744959Z DEBUG omega::metal::placements_execute_named: chunk_phase step=15 chunk=7 phase=commit start_raw_s=678345.631673916 end_raw_s=678345.631676
2026-10-08T15:21:58.169060709Z DEBUG omega::metal::placements_execute_named: chunk_phase step=15 chunk=8 phase=encode start_raw_s=678345.631678458 end_raw_s=678345.631991625
2026-10-08T15:21:58.169061000Z DEBUG omega::metal::placements_execute_named: chunk_phase step=15 chunk=8 phase=commit start_raw_s=678345.631991833 end_raw_s=678345.631993958
2026-10-08T15:21:58.174126625Z DEBUG omega::metal::placements_execute_named: token_breakdown_gpu commit_call_ms=0.002125 commit_to_gpu_start_ms=0 gpu_busy_ms=5.866374936886132 gpu_end_to_wait_return_ms=0 sum_ms=5.868499936886132 final_commit_to_wait_ms=5.067291 gpu_start_raw_s=678345.63094625 gpu_end_raw_s=678345.636812625 commit_call_start_raw_s=678345.631991833 wait_return_extra_ms=5.0646249999999995 chunks=8 first_commit_to_first_gpu_start_ms=0.131125096231699 encode_overlap_ms=1.1733749999999998
2026-10-08T15:21:58.174127167Z DEBUG omega::metal::placements_execute_named: chunk_record step=15 plan_shape=decode chunk=1 chunk_count=8 op_first=0 op_last=23 encode_start_ms=0 encode_end_ms=0.067416 commit_at_ms=0.067625 commit_ms=0.002666 gpu_start_ms=0.19870907999575138 gpu_end_ms=0.4642506828531623 commit_to_gpu_start_ms=0.1310840799957514 gpu_idle_before_ms=0.19870907999575138
2026-10-08T15:21:58.174127625Z DEBUG omega::metal::placements_execute_named: chunk_record step=15 plan_shape=decode chunk=2 chunk_count=8 op_first=24 op_last=40 encode_start_ms=0.07083300000000001 encode_end_ms=0.1305 commit_at_ms=0.13075 commit_ms=0.001583 gpu_start_ms=0.4842090420424938 gpu_end_ms=0.7048341212794185 commit_to_gpu_start_ms=0.3534590420424938 gpu_idle_before_ms=0.01995835918933153
2026-10-08T15:21:58.174128000Z DEBUG omega::metal::placements_execute_named: chunk_record step=15 plan_shape=decode chunk=3 chunk_count=8 op_first=41 op_last=64 encode_start_ms=0.133083 encode_end_ms=0.21620799999999998 commit_at_ms=0.21629099999999998 commit_ms=0.001834 gpu_start_ms=0.7292090449482203 gpu_end_ms=1.1244590859860182 commit_to_gpu_start_ms=0.5129180449482202 gpu_idle_before_ms=0.024374923668801785
2026-10-08T15:21:58.174128334Z DEBUG omega::metal::placements_execute_named: chunk_record step=15 plan_shape=decode chunk=4 chunk_count=8 op_first=65 op_last=96 encode_start_ms=0.21862499999999999 encode_end_ms=0.324708 commit_at_ms=0.324791 commit_ms=0.002209 gpu_start_ms=1.145334099419415 gpu_end_ms=1.6138340579345822 commit_to_gpu_start_ms=0.820543099419415 gpu_idle_before_ms=0.020875013433396816
2026-10-08T15:21:58.174128667Z DEBUG omega::metal::placements_execute_named: chunk_record step=15 plan_shape=decode chunk=5 chunk_count=8 op_first=97 op_last=139 encode_start_ms=0.32754099999999997 encode_end_ms=0.47154100000000004 commit_at_ms=0.47175 commit_ms=0.001833 gpu_start_ms=1.6411257674917579 gpu_end_ms=2.3198757553473115 commit_to_gpu_start_ms=1.1693757674917578 gpu_idle_before_ms=0.027291709557175636
2026-10-08T15:21:58.174128959Z DEBUG omega::metal::placements_execute_named: chunk_record step=15 plan_shape=decode chunk=6 chunk_count=8 op_first=140 op_last=197 encode_start_ms=0.474166 encode_end_ms=0.670875 commit_at_ms=0.671 commit_ms=0.0025 gpu_start_ms=2.346334047615528 gpu_end_ms=3.2213340746238828 commit_to_gpu_start_ms=1.675334047615528 gpu_idle_before_ms=0.02645829226821661
2026-10-08T15:21:58.174129292Z DEBUG omega::metal::placements_execute_named: chunk_record step=15 plan_shape=decode chunk=7 chunk_count=8 op_first=198 op_last=275 encode_start_ms=0.674 encode_end_ms=0.926291 commit_at_ms=0.926416 commit_ms=0.002084 gpu_start_ms=3.245459054596722 gpu_end_ms=4.465334117412567 commit_to_gpu_start_ms=2.319043054596722 gpu_idle_before_ms=0.024124979972839355
2026-10-08T15:21:58.174129584Z DEBUG omega::metal::placements_execute_named: chunk_record step=15 plan_shape=decode chunk=8 chunk_count=8 op_first=276 op_last=382 encode_start_ms=0.930958 encode_end_ms=1.244083 commit_at_ms=1.2443330000000001 commit_ms=0.002125 gpu_start_ms=4.4973756885156035 gpu_end_ms=6.065084016881883 commit_to_gpu_start_ms=3.2530426885156034 gpu_idle_before_ms=0.032041571103036404
2026-10-08T15:21:58.174141209Z DEBUG proxima_model_interop::generate::decode: token_breakdown_argmax_split step=15 scan_ms=0 debug_ms=0
2026-10-08T15:21:58.174141542Z DEBUG proxima_model_interop::generate::decode: token_breakdown_gaps step=15 root_select_ms=0.030166 post_evaluate_ms=0.000791 pre_logits_ms=0.001166 checksum_ms=0 fetch_ms=0.000666 argmax_ms=0.000208 logits_hash_ms=0
2026-10-08T15:21:58.174142209Z INFO proxima_model_interop::generate::load_model: token_breakdown: per-decode-step wall-clock attribution step=15 new_count=1 cached_len_before=1014 step_wall_ms=6.479875 apply_serving_config_ms=0.000083 build_position_inputs_ms=0.000875 named_blocks_weights_ms=0.013625 named_blocks_kv_ms=0.012916 kv_cache_upload_bytes=0 ssm_state_transfer_bytes=0 evaluate_ms=6.432083 layer_cache_append_ms=0.000125 layer_cache_append_bytes=0 greedy_pick_ms=0.000041
2026-10-08T15:21:58.174150167Z INFO proxima_model_interop::generate::load_model: token_breakdown_metal: per-decode-step metal stage attribution step=15 prepare_calls=0 prepare_ms=0 emit_calls=0 emit_ms=0 pipeline_hits=0 pipeline_misses=0 pipeline_compile_ms=0 block_upload_calls=6 block_upload_ms=0 block_offered_bytes=272 block_copied_bytes=272 block_nocopy_bound_bytes=0 block_offset_bound_bytes=0 op_setup_calls=374 op_setup_ms=0.007583 pipeline_lookup_calls=0 pipeline_lookup_ms=0 encode_dispatch_calls=374 physical_dispatch_calls=398 encode_dispatch_ms=0.717625 gpu_exec_calls=8 gpu_exec_ms=5.06725 readback_calls=2 readback_ms=0.003666 readback_bytes=8 nocopy_uploads=0 copying_uploads=6 nocopy_reuses=0 resident_uploads=0 resident_reuses=0 mapping_offset_uploads=0 mapping_rebound_blocks=4 mapping_residency_rung=prefault expert_mapping_candidate_uploads=0 expert_mapping_missed_uploads=0 nocopy_cache_len=25 resident_cache_len=0 resident_cache_bytes=0 uniform_cache_len=1 phys_footprint_bytes=5959695616 device_allocated_bytes=1598881792 output_buffer_allocations=0 output_buffer_allocated_bytes=0 checkpoint_mapping_buffer_bytes=1422245888 expert_mapping_buffer_bytes=0 plan_uniform_writes=0 retire_scan_calls=893 retire_scan_ms=0.067916 expert_buffers_lookup_calls=374 expert_buffers_lookup_ms=0.244125 placement_resolve_calls=374 placement_resolve_ms=0.029833 loop_head_calls=383 loop_head_ms=0.080375 encoder_finish_ms=0.000208 pre_encode_calls=1 pre_encode_ms=0.063333 resolve_plan_ms=0.000166 prepare_infer_ms=0 prepare_validate_ms=0 prepare_bind_ms=0 prepare_optimize_ms=0 prepare_retire_ms=0 build_plan_uniforms_ms=0 resolve_steps_ms=0 uniform_buffer_allocations=0 barriers=0 barriers_raw=0 barriers_waw=0 barriers_war=0 barriers_waw_war_arena_recycled=0 barriers_waw_war_persistent=0 expert_source_cache_hits=0 expert_source_cache_misses=0 expert_source_cache_cold_misses=0 expert_source_cache_replacement_misses=0 expert_source_reuse_copy_bytes=0 expert_source_reuse_copy_ms=0 plan_cache_len=0 plan_hits=14 plan_misses=2 plan_refits=0 plan_arena_allocated_bytes=0 segment_arena_allocated_bytes=0 placed_arena_allocated_bytes=54414264 ablation=false kind_filter=
2026-10-08T15:21:58.174304084Z DEBUG omega::metal::placements_execute_named: step_phase step=16 phase=pre_encode start_raw_s=678345.637177291 end_raw_s=678345.637237375
2026-10-08T15:21:58.174379167Z DEBUG omega::metal::placements_execute_named: chunk_phase step=16 chunk=1 phase=encode start_raw_s=678345.637237375 end_raw_s=678345.63730875
2026-10-08T15:21:58.174379334Z DEBUG omega::metal::placements_execute_named: chunk_phase step=16 chunk=1 phase=commit start_raw_s=678345.637308916 end_raw_s=678345.63731225
2026-10-08T15:21:58.174469542Z DEBUG omega::metal::placements_execute_named: chunk_phase step=16 chunk=2 phase=encode start_raw_s=678345.637312833 end_raw_s=678345.637397208
2026-10-08T15:21:58.174469750Z DEBUG omega::metal::placements_execute_named: chunk_phase step=16 chunk=2 phase=commit start_raw_s=678345.637397541 end_raw_s=678345.637402208
2026-10-08T15:21:58.174569250Z DEBUG omega::metal::placements_execute_named: chunk_phase step=16 chunk=3 phase=encode start_raw_s=678345.63740325 end_raw_s=678345.6374985
2026-10-08T15:21:58.174569584Z DEBUG omega::metal::placements_execute_named: chunk_phase step=16 chunk=3 phase=commit start_raw_s=678345.637498625 end_raw_s=678345.637502291
2026-10-08T15:21:58.174687167Z DEBUG omega::metal::placements_execute_named: chunk_phase step=16 chunk=4 phase=encode start_raw_s=678345.637503083 end_raw_s=678345.637617958
2026-10-08T15:21:58.174687334Z DEBUG omega::metal::placements_execute_named: chunk_phase step=16 chunk=4 phase=commit start_raw_s=678345.637618041 end_raw_s=678345.63762025
2026-10-08T15:21:58.174839375Z DEBUG omega::metal::placements_execute_named: chunk_phase step=16 chunk=5 phase=encode start_raw_s=678345.637620833 end_raw_s=678345.637769625
2026-10-08T15:21:58.174839500Z DEBUG omega::metal::placements_execute_named: chunk_phase step=16 chunk=5 phase=commit start_raw_s=678345.637769958 end_raw_s=678345.637772291
2026-10-08T15:21:58.175032584Z DEBUG omega::metal::placements_execute_named: chunk_phase step=16 chunk=6 phase=encode start_raw_s=678345.637773 end_raw_s=678345.637963291
2026-10-08T15:21:58.175032750Z DEBUG omega::metal::placements_execute_named: chunk_phase step=16 chunk=6 phase=commit start_raw_s=678345.637963416 end_raw_s=678345.637965625
2026-10-08T15:21:58.175292542Z DEBUG omega::metal::placements_execute_named: chunk_phase step=16 chunk=7 phase=encode start_raw_s=678345.637966333 end_raw_s=678345.638223
2026-10-08T15:21:58.175292709Z DEBUG omega::metal::placements_execute_named: chunk_phase step=16 chunk=7 phase=commit start_raw_s=678345.638223125 end_raw_s=678345.638225625
2026-10-08T15:21:58.175615084Z DEBUG omega::metal::placements_execute_named: chunk_phase step=16 chunk=8 phase=encode start_raw_s=678345.638226333 end_raw_s=678345.63854525
2026-10-08T15:21:58.175615375Z DEBUG omega::metal::placements_execute_named: chunk_phase step=16 chunk=8 phase=commit start_raw_s=678345.638545541 end_raw_s=678345.638548208
2026-10-08T15:21:58.180525250Z DEBUG omega::metal::placements_execute_named: token_breakdown_gpu commit_call_ms=0.0026249999999999997 commit_to_gpu_start_ms=0 gpu_busy_ms=5.891500040888786 gpu_end_to_wait_return_ms=0 sum_ms=5.894125040888786 final_commit_to_wait_ms=4.912208 gpu_start_raw_s=678345.637444625 gpu_end_raw_s=678345.6433361251 commit_call_start_raw_s=678345.638545541 wait_return_extra_ms=4.908709 chunks=8 first_commit_to_first_gpu_start_ms=0.13570906594395638 encode_overlap_ms=1.2325409999999999
2026-10-08T15:21:58.180525959Z DEBUG omega::metal::placements_execute_named: chunk_record step=16 plan_shape=decode chunk=1 chunk_count=8 op_first=0 op_last=23 encode_start_ms=0 encode_end_ms=0.071375 commit_at_ms=0.071583 commit_ms=0.003334 gpu_start_ms=0.20725000649690628 gpu_end_ms=0.46716665383428335 commit_to_gpu_start_ms=0.13566700649690627 gpu_idle_before_ms=0.20725000649690628
2026-10-08T15:21:58.180526459Z DEBUG omega::metal::placements_execute_named: chunk_record step=16 plan_shape=decode chunk=2 chunk_count=8 op_first=24 op_last=40 encode_start_ms=0.07550000000000001 encode_end_ms=0.159875 commit_at_ms=0.16020800000000002 commit_ms=0.004667 gpu_start_ms=0.48887496814131737 gpu_end_ms=0.7132500177249312 commit_to_gpu_start_ms=0.32866696814131735 gpu_idle_before_ms=0.021708314307034016
2026-10-08T15:21:58.180526792Z DEBUG omega::metal::placements_execute_named: chunk_record step=16 plan_shape=decode chunk=3 chunk_count=8 op_first=41 op_last=64 encode_start_ms=0.165875 encode_end_ms=0.261125 commit_at_ms=0.26129199999999997 commit_ms=0.003708 gpu_start_ms=0.7348749786615372 gpu_end_ms=1.1263750493526459 commit_to_gpu_start_ms=0.4735829786615372 gpu_idle_before_ms=0.02162496093660593
2026-10-08T15:21:58.180527125Z DEBUG omega::metal::placements_execute_named: chunk_record step=16 plan_shape=decode chunk=4 chunk_count=8 op_first=65 op_last=96 encode_start_ms=0.265708 encode_end_ms=0.380583 commit_at_ms=0.380708 commit_ms=0.002209 gpu_start_ms=1.1468749726191163 gpu_end_ms=1.607791637070477 commit_to_gpu_start_ms=0.7661669726191163 gpu_idle_before_ms=0.020499923266470432
2026-10-08T15:21:58.180527459Z DEBUG omega::metal::placements_execute_named: chunk_record step=16 plan_shape=decode chunk=5 chunk_count=8 op_first=97 op_last=139 encode_start_ms=0.38345799999999997 encode_end_ms=0.532292 commit_at_ms=0.532625 commit_ms=0.002375 gpu_start_ms=1.6318750567734241 gpu_end_ms=2.301541739143431 commit_to_gpu_start_ms=1.0992500567734242 gpu_idle_before_ms=0.02408341970294714
2026-10-08T15:21:58.180527792Z DEBUG omega::metal::placements_execute_named: chunk_record step=16 plan_shape=decode chunk=6 chunk_count=8 op_first=140 op_last=197 encode_start_ms=0.535667 encode_end_ms=0.725958 commit_at_ms=0.726083 commit_ms=0.0022500000000000003 gpu_start_ms=2.329041715711355 gpu_end_ms=3.226625034585595 commit_to_gpu_start_ms=1.6029587157113552 gpu_idle_before_ms=0.027499976567924023
2026-10-08T15:21:58.180528084Z DEBUG omega::metal::placements_execute_named: chunk_record step=16 plan_shape=decode chunk=7 chunk_count=8 op_first=198 op_last=275 encode_start_ms=0.7290000000000001 encode_end_ms=0.985667 commit_at_ms=0.985833 commit_ms=0.0024590000000000002 gpu_start_ms=3.251124988310039 gpu_end_ms=4.47225000243634 commit_to_gpu_start_ms=2.265291988310039 gpu_idle_before_ms=0.024499953724443913
2026-10-08T15:21:58.180528417Z DEBUG omega::metal::placements_execute_named: chunk_record step=16 plan_shape=decode chunk=8 chunk_count=8 op_first=276 op_last=382 encode_start_ms=0.9890000000000001 encode_end_ms=1.307917 commit_at_ms=1.30825 commit_ms=0.0026249999999999997 gpu_start_ms=4.507625009864569 gpu_end_ms=6.098750047385693 commit_to_gpu_start_ms=3.1993750098645686 gpu_idle_before_ms=0.035375007428228855
2026-10-08T15:21:58.180540875Z DEBUG proxima_model_interop::generate::decode: token_breakdown_argmax_split step=16 scan_ms=0 debug_ms=0
2026-10-08T15:21:58.180541167Z DEBUG proxima_model_interop::generate::decode: token_breakdown_gaps step=16 root_select_ms=0.031666 post_evaluate_ms=0.000833 pre_logits_ms=0.001375 checksum_ms=0 fetch_ms=0.000708 argmax_ms=0.000291 logits_hash_ms=0
2026-10-08T15:21:58.180541959Z INFO proxima_model_interop::generate::load_model: token_breakdown: per-decode-step wall-clock attribution step=16 new_count=1 cached_len_before=1015 step_wall_ms=6.387 apply_serving_config_ms=0.000083 build_position_inputs_ms=0.000791 named_blocks_weights_ms=0.013333 named_blocks_kv_ms=0.012708 kv_cache_upload_bytes=0 ssm_state_transfer_bytes=0 evaluate_ms=6.33775 layer_cache_append_ms=0.000125 layer_cache_append_bytes=0 greedy_pick_ms=0
2026-10-08T15:21:58.180550459Z INFO proxima_model_interop::generate::load_model: token_breakdown_metal: per-decode-step metal stage attribution step=16 prepare_calls=0 prepare_ms=0 emit_calls=0 emit_ms=0 pipeline_hits=0 pipeline_misses=0 pipeline_compile_ms=0 block_upload_calls=6 block_upload_ms=0 block_offered_bytes=272 block_copied_bytes=272 block_nocopy_bound_bytes=0 block_offset_bound_bytes=0 op_setup_calls=374 op_setup_ms=0.009416 pipeline_lookup_calls=0 pipeline_lookup_ms=0 encode_dispatch_calls=374 physical_dispatch_calls=398 encode_dispatch_ms=0.749291 gpu_exec_calls=8 gpu_exec_ms=4.912166 readback_calls=2 readback_ms=0.003791 readback_bytes=8 nocopy_uploads=0 copying_uploads=6 nocopy_reuses=0 resident_uploads=0 resident_reuses=0 mapping_offset_uploads=0 mapping_rebound_blocks=4 mapping_residency_rung=prefault expert_mapping_candidate_uploads=0 expert_mapping_missed_uploads=0 nocopy_cache_len=25 resident_cache_len=0 resident_cache_bytes=0 uniform_cache_len=1 phys_footprint_bytes=5959761152 device_allocated_bytes=1598881792 output_buffer_allocations=0 output_buffer_allocated_bytes=0 checkpoint_mapping_buffer_bytes=1422245888 expert_mapping_buffer_bytes=0 plan_uniform_writes=0 retire_scan_calls=893 retire_scan_ms=0.069833 expert_buffers_lookup_calls=374 expert_buffers_lookup_ms=0.249208 placement_resolve_calls=374 placement_resolve_ms=0.031625 loop_head_calls=383 loop_head_ms=0.08425 encoder_finish_ms=0.00025 pre_encode_calls=1 pre_encode_ms=0.060291 resolve_plan_ms=0.000166 prepare_infer_ms=0 prepare_validate_ms=0 prepare_bind_ms=0 prepare_optimize_ms=0 prepare_retire_ms=0 build_plan_uniforms_ms=0 resolve_steps_ms=0 uniform_buffer_allocations=0 barriers=0 barriers_raw=0 barriers_waw=0 barriers_war=0 barriers_waw_war_arena_recycled=0 barriers_waw_war_persistent=0 expert_source_cache_hits=0 expert_source_cache_misses=0 expert_source_cache_cold_misses=0 expert_source_cache_replacement_misses=0 expert_source_reuse_copy_bytes=0 expert_source_reuse_copy_ms=0 plan_cache_len=0 plan_hits=15 plan_misses=2 plan_refits=0 plan_arena_allocated_bytes=0 segment_arena_allocated_bytes=0 placed_arena_allocated_bytes=54414264 ablation=false kind_filter=
2026-10-08T15:21:58.180709792Z DEBUG omega::metal::placements_execute_named: step_phase step=17 phase=pre_encode start_raw_s=678345.643583333 end_raw_s=678345.643643041
2026-10-08T15:21:58.180776875Z DEBUG omega::metal::placements_execute_named: chunk_phase step=17 chunk=1 phase=encode start_raw_s=678345.643643041 end_raw_s=678345.643706041
2026-10-08T15:21:58.180777042Z DEBUG omega::metal::placements_execute_named: chunk_phase step=17 chunk=1 phase=commit start_raw_s=678345.643706291 end_raw_s=678345.643709916
2026-10-08T15:21:58.180839209Z DEBUG omega::metal::placements_execute_named: chunk_phase step=17 chunk=2 phase=encode start_raw_s=678345.643710541 end_raw_s=678345.643770291
2026-10-08T15:21:58.180839375Z DEBUG omega::metal::placements_execute_named: chunk_phase step=17 chunk=2 phase=commit start_raw_s=678345.643770375 end_raw_s=678345.643772166
2026-10-08T15:21:58.180925750Z DEBUG omega::metal::placements_execute_named: chunk_phase step=17 chunk=3 phase=encode start_raw_s=678345.643772875 end_raw_s=678345.643857208
2026-10-08T15:21:58.180925875Z DEBUG omega::metal::placements_execute_named: chunk_phase step=17 chunk=3 phase=commit start_raw_s=678345.643857291 end_raw_s=678345.643858875
2026-10-08T15:21:58.181033792Z DEBUG omega::metal::placements_execute_named: chunk_phase step=17 chunk=4 phase=encode start_raw_s=678345.643859375 end_raw_s=678345.643965291
2026-10-08T15:21:58.181034000Z DEBUG omega::metal::placements_execute_named: chunk_phase step=17 chunk=4 phase=commit start_raw_s=678345.643965333 end_raw_s=678345.643966916
2026-10-08T15:21:58.181182875Z DEBUG omega::metal::placements_execute_named: chunk_phase step=17 chunk=5 phase=encode start_raw_s=678345.643967458 end_raw_s=678345.644113583
2026-10-08T15:21:58.181183042Z DEBUG omega::metal::placements_execute_named: chunk_phase step=17 chunk=5 phase=commit start_raw_s=678345.644113916 end_raw_s=678345.644115875
2026-10-08T15:21:58.181375750Z DEBUG omega::metal::placements_execute_named: chunk_phase step=17 chunk=6 phase=encode start_raw_s=678345.644116541 end_raw_s=678345.644304291
2026-10-08T15:21:58.181375917Z DEBUG omega::metal::placements_execute_named: chunk_phase step=17 chunk=6 phase=commit start_raw_s=678345.644304375 end_raw_s=678345.644306541
2026-10-08T15:21:58.181638500Z DEBUG omega::metal::placements_execute_named: chunk_phase step=17 chunk=7 phase=encode start_raw_s=678345.644309583 end_raw_s=678345.644569416
2026-10-08T15:21:58.181638667Z DEBUG omega::metal::placements_execute_named: chunk_phase step=17 chunk=7 phase=commit start_raw_s=678345.6445695 end_raw_s=678345.644571625
2026-10-08T15:21:58.181955834Z DEBUG omega::metal::placements_execute_named: chunk_phase step=17 chunk=8 phase=encode start_raw_s=678345.644572166 end_raw_s=678345.64488675
2026-10-08T15:21:58.181956042Z DEBUG omega::metal::placements_execute_named: chunk_phase step=17 chunk=8 phase=commit start_raw_s=678345.644887 end_raw_s=678345.644889041
2026-10-08T15:21:58.186902917Z DEBUG omega::metal::placements_execute_named: token_breakdown_gpu commit_call_ms=0.002041 commit_to_gpu_start_ms=0 gpu_busy_ms=5.872416659258306 gpu_end_to_wait_return_ms=0 sum_ms=5.874457659258306 final_commit_to_wait_ms=4.947958 gpu_start_raw_s=678345.64384775 gpu_end_raw_s=678345.6497201667 commit_call_start_raw_s=678345.644887 wait_return_extra_ms=4.945291 chunks=8 first_commit_to_first_gpu_start_ms=0.14145905151963234 encode_overlap_ms=1.176334
2026-10-08T15:21:58.186903625Z DEBUG omega::metal::placements_execute_named: chunk_record step=17 plan_shape=decode chunk=1 chunk_count=8 op_first=0 op_last=23 encode_start_ms=0 encode_end_ms=0.063 commit_at_ms=0.06325 commit_ms=0.003625 gpu_start_ms=0.20470900926738977 gpu_end_ms=0.4649590700864792 commit_to_gpu_start_ms=0.14145900926738977 gpu_idle_before_ms=0.20470900926738977
2026-10-08T15:21:58.186904209Z DEBUG omega::metal::placements_execute_named: chunk_record step=17 plan_shape=decode chunk=2 chunk_count=8 op_first=24 op_last=40 encode_start_ms=0.067459 encode_end_ms=0.12720900000000002 commit_at_ms=0.127334 commit_ms=0.001791 gpu_start_ms=0.48683397471904755 gpu_end_ms=0.7092090090736747 commit_to_gpu_start_ms=0.35949997471904754 gpu_idle_before_ms=0.02187490463256836
2026-10-08T15:21:58.186904625Z DEBUG omega::metal::placements_execute_named: chunk_record step=17 plan_shape=decode chunk=3 chunk_count=8 op_first=41 op_last=64 encode_start_ms=0.129834 encode_end_ms=0.21412499999999998 commit_at_ms=0.21425 commit_ms=0.001584 gpu_start_ms=0.7342506432905793 gpu_end_ms=1.1259589809924364 commit_to_gpu_start_ms=0.5200006432905793 gpu_idle_before_ms=0.02504163421690464
2026-10-08T15:21:58.186905125Z DEBUG omega::metal::placements_execute_named: chunk_record step=17 plan_shape=decode chunk=4 chunk_count=8 op_first=65 op_last=96 encode_start_ms=0.216334 encode_end_ms=0.322209 commit_at_ms=0.322292 commit_ms=0.001583 gpu_start_ms=1.14733399823308 gpu_end_ms=1.6037506284192204 commit_to_gpu_start_ms=0.8250419982330799 gpu_idle_before_ms=0.0213750172406435
2026-10-08T15:21:58.186905667Z DEBUG omega::metal::placements_execute_named: chunk_record step=17 plan_shape=decode chunk=5 chunk_count=8 op_first=97 op_last=139 encode_start_ms=0.324417 encode_end_ms=0.470542 commit_at_ms=0.470875 commit_ms=0.001959 gpu_start_ms=1.6162090469151735 gpu_end_ms=2.292584045790136 commit_to_gpu_start_ms=1.1453340469151736 gpu_idle_before_ms=0.012458418495953083
2026-10-08T15:21:58.186906084Z DEBUG omega::metal::placements_execute_named: chunk_record step=17 plan_shape=decode chunk=6 chunk_count=8 op_first=140 op_last=197 encode_start_ms=0.473459 encode_end_ms=0.66125 commit_at_ms=0.661334 commit_ms=0.002208 gpu_start_ms=2.3239590227603912 gpu_end_ms=3.198459045961499 commit_to_gpu_start_ms=1.6626250227603911 gpu_idle_before_ms=0.031374976970255375
2026-10-08T15:21:58.186906500Z DEBUG omega::metal::placements_execute_named: chunk_record step=17 plan_shape=decode chunk=7 chunk_count=8 op_first=198 op_last=275 encode_start_ms=0.6665 encode_end_ms=0.926334 commit_at_ms=0.926459 commit_ms=0.002125 gpu_start_ms=3.2240006839856505 gpu_end_ms=4.4482090743258595 commit_to_gpu_start_ms=2.2975416839856506 gpu_idle_before_ms=0.025541638024151325
2026-10-08T15:21:58.186906834Z DEBUG omega::metal::placements_execute_named: chunk_record step=17 plan_shape=decode chunk=8 chunk_count=8 op_first=276 op_last=382 encode_start_ms=0.929084 encode_end_ms=1.243709 commit_at_ms=1.243959 commit_ms=0.002041 gpu_start_ms=4.4814590364694595 gpu_end_ms=6.077125668525696 commit_to_gpu_start_ms=3.2375000364694593 gpu_idle_before_ms=0.03324996214359999
2026-10-08T15:21:58.186921667Z DEBUG proxima_model_interop::generate::decode: token_breakdown_argmax_split step=17 scan_ms=0 debug_ms=0
2026-10-08T15:21:58.186922042Z DEBUG proxima_model_interop::generate::decode: token_breakdown_gaps step=17 root_select_ms=0.031708 post_evaluate_ms=0.001041 pre_logits_ms=0.001416 checksum_ms=0 fetch_ms=0.00075 argmax_ms=0.000333 logits_hash_ms=0.000041
2026-10-08T15:21:58.186922709Z INFO proxima_model_interop::generate::load_model: token_breakdown: per-decode-step wall-clock attribution step=17 new_count=1 cached_len_before=1016 step_wall_ms=6.367333 apply_serving_config_ms=0.000083 build_position_inputs_ms=0.000958 named_blocks_weights_ms=0.014583 named_blocks_kv_ms=0.014 kv_cache_upload_bytes=0 ssm_state_transfer_bytes=0 evaluate_ms=6.316541 layer_cache_append_ms=0.000041 layer_cache_append_bytes=0 greedy_pick_ms=0
2026-10-08T15:21:58.186929917Z INFO proxima_model_interop::generate::load_model: token_breakdown_metal: per-decode-step metal stage attribution step=17 prepare_calls=0 prepare_ms=0 emit_calls=0 emit_ms=0 pipeline_hits=0 pipeline_misses=0 pipeline_compile_ms=0 block_upload_calls=6 block_upload_ms=0 block_offered_bytes=272 block_copied_bytes=272 block_nocopy_bound_bytes=0 block_offset_bound_bytes=0 op_setup_calls=374 op_setup_ms=0.006666 pipeline_lookup_calls=0 pipeline_lookup_ms=0 encode_dispatch_calls=374 physical_dispatch_calls=398 encode_dispatch_ms=0.715125 gpu_exec_calls=8 gpu_exec_ms=4.947833 readback_calls=2 readback_ms=0.004333 readback_bytes=8 nocopy_uploads=0 copying_uploads=6 nocopy_reuses=0 resident_uploads=0 resident_reuses=0 mapping_offset_uploads=0 mapping_rebound_blocks=2 mapping_residency_rung=prefault expert_mapping_candidate_uploads=0 expert_mapping_missed_uploads=0 nocopy_cache_len=25 resident_cache_len=0 resident_cache_bytes=0 uniform_cache_len=1 phys_footprint_bytes=5959826688 device_allocated_bytes=1598881792 output_buffer_allocations=0 output_buffer_allocated_bytes=0 checkpoint_mapping_buffer_bytes=1422245888 expert_mapping_buffer_bytes=0 plan_uniform_writes=0 retire_scan_calls=893 retire_scan_ms=0.067916 expert_buffers_lookup_calls=374 expert_buffers_lookup_ms=0.245958 placement_resolve_calls=374 placement_resolve_ms=0.0295 loop_head_calls=383 loop_head_ms=0.080166 encoder_finish_ms=0.000208 pre_encode_calls=1 pre_encode_ms=0.060083 resolve_plan_ms=0.000208 prepare_infer_ms=0 prepare_validate_ms=0 prepare_bind_ms=0 prepare_optimize_ms=0 prepare_retire_ms=0 build_plan_uniforms_ms=0 resolve_steps_ms=0 uniform_buffer_allocations=0 barriers=0 barriers_raw=0 barriers_waw=0 barriers_war=0 barriers_waw_war_arena_recycled=0 barriers_waw_war_persistent=0 expert_source_cache_hits=0 expert_source_cache_misses=0 expert_source_cache_cold_misses=0 expert_source_cache_replacement_misses=0 expert_source_reuse_copy_bytes=0 expert_source_reuse_copy_ms=0 plan_cache_len=0 plan_hits=16 plan_misses=2 plan_refits=0 plan_arena_allocated_bytes=0 segment_arena_allocated_bytes=0 placed_arena_allocated_bytes=54414264 ablation=false kind_filter=
2026-10-08T15:21:58.187102334Z DEBUG omega::metal::placements_execute_named: step_phase step=18 phase=pre_encode start_raw_s=678345.649967083 end_raw_s=678345.650035583
2026-10-08T15:21:58.187179792Z DEBUG omega::metal::placements_execute_named: chunk_phase step=18 chunk=1 phase=encode start_raw_s=678345.650035583 end_raw_s=678345.650109125
2026-10-08T15:21:58.187179959Z DEBUG omega::metal::placements_execute_named: chunk_phase step=18 chunk=1 phase=commit start_raw_s=678345.650109333 end_raw_s=678345.65011275
2026-10-08T15:21:58.187244709Z DEBUG omega::metal::placements_execute_named: chunk_phase step=18 chunk=2 phase=encode start_raw_s=678345.650113458 end_raw_s=678345.650175375
2026-10-08T15:21:58.187244917Z DEBUG omega::metal::placements_execute_named: chunk_phase step=18 chunk=2 phase=commit start_raw_s=678345.6501755 end_raw_s=678345.650177666
2026-10-08T15:21:58.187332917Z DEBUG omega::metal::placements_execute_named: chunk_phase step=18 chunk=3 phase=encode start_raw_s=678345.650178416 end_raw_s=678345.650264166
2026-10-08T15:21:58.187333167Z DEBUG omega::metal::placements_execute_named: chunk_phase step=18 chunk=3 phase=commit start_raw_s=678345.650264208 end_raw_s=678345.650265958
2026-10-08T15:21:58.187448917Z DEBUG omega::metal::placements_execute_named: chunk_phase step=18 chunk=4 phase=encode start_raw_s=678345.650266625 end_raw_s=678345.650380083
2026-10-08T15:21:58.187449084Z DEBUG omega::metal::placements_execute_named: chunk_phase step=18 chunk=4 phase=commit start_raw_s=678345.650380166 end_raw_s=678345.650382041
2026-10-08T15:21:58.187603750Z DEBUG omega::metal::placements_execute_named: chunk_phase step=18 chunk=5 phase=encode start_raw_s=678345.650382583 end_raw_s=678345.650534583
2026-10-08T15:21:58.187603917Z DEBUG omega::metal::placements_execute_named: chunk_phase step=18 chunk=5 phase=commit start_raw_s=678345.65053475 end_raw_s=678345.650536708
2026-10-08T15:21:58.187799209Z DEBUG omega::metal::placements_execute_named: chunk_phase step=18 chunk=6 phase=encode start_raw_s=678345.650537416 end_raw_s=678345.65073025
2026-10-08T15:21:58.187799375Z DEBUG omega::metal::placements_execute_named: chunk_phase step=18 chunk=6 phase=commit start_raw_s=678345.650730333 end_raw_s=678345.650732333
2026-10-08T15:21:58.188056125Z DEBUG omega::metal::placements_execute_named: chunk_phase step=18 chunk=7 phase=encode start_raw_s=678345.650732875 end_raw_s=678345.650987208
2026-10-08T15:21:58.188056292Z DEBUG omega::metal::placements_execute_named: chunk_phase step=18 chunk=7 phase=commit start_raw_s=678345.650987291 end_raw_s=678345.650989208
2026-10-08T15:21:58.188374792Z DEBUG omega::metal::placements_execute_named: chunk_phase step=18 chunk=8 phase=encode start_raw_s=678345.650989791 end_raw_s=678345.651305833
2026-10-08T15:21:58.188374917Z DEBUG omega::metal::placements_execute_named: chunk_phase step=18 chunk=8 phase=commit start_raw_s=678345.651306083 end_raw_s=678345.651308041
2026-10-08T15:21:58.193266584Z DEBUG omega::metal::placements_execute_named: token_breakdown_gpu commit_call_ms=0.001958 commit_to_gpu_start_ms=0 gpu_busy_ms=5.856124917045236 gpu_end_to_wait_return_ms=0 sum_ms=5.858082917045236 final_commit_to_wait_ms=4.892708 gpu_start_raw_s=678345.6502346251 gpu_end_raw_s=678345.65609075 commit_call_start_raw_s=678345.651306083 wait_return_extra_ms=4.890375 chunks=8 first_commit_to_first_gpu_start_ms=0.12529210653156042 encode_overlap_ms=1.1925
2026-10-08T15:21:58.193267292Z DEBUG omega::metal::placements_execute_named: chunk_record step=18 plan_shape=decode chunk=1 chunk_count=8 op_first=0 op_last=23 encode_start_ms=0 encode_end_ms=0.073542 commit_at_ms=0.073792 commit_ms=0.003417 gpu_start_ms=0.19904214423149824 gpu_end_ms=0.46108372043818235 commit_to_gpu_start_ms=0.12525014423149824 gpu_idle_before_ms=0.19904214423149824
2026-10-08T15:21:58.193267792Z DEBUG omega::metal::placements_execute_named: chunk_record step=18 plan_shape=decode chunk=2 chunk_count=8 op_first=24 op_last=40 encode_start_ms=0.077875 encode_end_ms=0.139834 commit_at_ms=0.13999999999999999 commit_ms=0.002125 gpu_start_ms=0.4822921473532915 gpu_end_ms=0.7031670538708568 commit_to_gpu_start_ms=0.3422921473532915 gpu_idle_before_ms=0.021208426915109158
2026-10-08T15:21:58.193268250Z DEBUG omega::metal::placements_execute_named: chunk_record step=18 plan_shape=decode chunk=3 chunk_count=8 op_first=41 op_last=64 encode_start_ms=0.142834 encode_end_ms=0.22858399999999998 commit_at_ms=0.228709 commit_ms=0.001708 gpu_start_ms=0.7237921236082911 gpu_end_ms=1.1135421227663755 commit_to_gpu_start_ms=0.49508312360829115 gpu_idle_before_ms=0.020625069737434387
2026-10-08T15:21:58.193268667Z DEBUG omega::metal::placements_execute_named: chunk_record step=18 plan_shape=decode chunk=4 chunk_count=8 op_first=65 op_last=96 encode_start_ms=0.231084 encode_end_ms=0.34450000000000003 commit_at_ms=0.344625 commit_ms=0.0018750000000000001 gpu_start_ms=1.1342921061441302 gpu_end_ms=1.5949587104842067 commit_to_gpu_start_ms=0.7896671061441303 gpu_idle_before_ms=0.020749983377754688
2026-10-08T15:21:58.193269042Z DEBUG omega::metal::placements_execute_named: chunk_record step=18 plan_shape=decode chunk=5 chunk_count=8 op_first=97 op_last=139 encode_start_ms=0.347 encode_end_ms=0.499042 commit_at_ms=0.49925 commit_ms=0.001917 gpu_start_ms=1.619917107746005 gpu_end_ms=2.2990837460383773 commit_to_gpu_start_ms=1.120667107746005 gpu_idle_before_ms=0.024958397261798382
2026-10-08T15:21:58.193269417Z DEBUG omega::metal::placements_execute_named: chunk_record step=18 plan_shape=decode chunk=6 chunk_count=8 op_first=140 op_last=197 encode_start_ms=0.5018750000000001 encode_end_ms=0.694667 commit_at_ms=0.694792 commit_ms=0.002 gpu_start_ms=2.3294587153941393 gpu_end_ms=3.189292037859559 commit_to_gpu_start_ms=1.6346667153941392 gpu_idle_before_ms=0.030374969355762005
2026-10-08T15:21:58.193269792Z DEBUG omega::metal::placements_execute_named: chunk_record step=18 plan_shape=decode chunk=7 chunk_count=8 op_first=198 op_last=275 encode_start_ms=0.6972919999999999 encode_end_ms=0.9516249999999999 commit_at_ms=0.95175 commit_ms=0.001917 gpu_start_ms=3.2150420593097806 gpu_end_ms=4.402917111292481 commit_to_gpu_start_ms=2.2632920593097805 gpu_idle_before_ms=0.02575002145022154
2026-10-08T15:21:58.193270125Z DEBUG omega::metal::placements_execute_named: chunk_record step=18 plan_shape=decode chunk=8 chunk_count=8 op_first=276 op_last=382 encode_start_ms=0.95425 encode_end_ms=1.2702499999999999 commit_at_ms=1.2705419999999998 commit_ms=0.001958 gpu_start_ms=4.440042073838413 gpu_end_ms=6.055167061276734 commit_to_gpu_start_ms=3.169500073838413 gpu_idle_before_ms=0.03712496254593134
2026-10-08T15:21:58.193283875Z DEBUG proxima_model_interop::generate::decode: token_breakdown_argmax_split step=18 scan_ms=0 debug_ms=0
2026-10-08T15:21:58.193284292Z DEBUG proxima_model_interop::generate::decode: token_breakdown_gaps step=18 root_select_ms=0.033375 post_evaluate_ms=0.000958 pre_logits_ms=0.001416 checksum_ms=0.000041 fetch_ms=0.00075 argmax_ms=0.00025 logits_hash_ms=0.000083
2026-10-08T15:21:58.193285084Z INFO proxima_model_interop::generate::load_model: token_breakdown: per-decode-step wall-clock attribution step=18 new_count=1 cached_len_before=1017 step_wall_ms=6.348083 apply_serving_config_ms=0.000125 build_position_inputs_ms=0.00125 named_blocks_weights_ms=0.015708 named_blocks_kv_ms=0.015083 kv_cache_upload_bytes=0 ssm_state_transfer_bytes=0 evaluate_ms=6.293958 layer_cache_append_ms=0.000125 layer_cache_append_bytes=0 greedy_pick_ms=0
2026-10-08T15:21:58.193291792Z INFO proxima_model_interop::generate::load_model: token_breakdown_metal: per-decode-step metal stage attribution step=18 prepare_calls=0 prepare_ms=0 emit_calls=0 emit_ms=0 pipeline_hits=0 pipeline_misses=0 pipeline_compile_ms=0 block_upload_calls=6 block_upload_ms=0 block_offered_bytes=272 block_copied_bytes=272 block_nocopy_bound_bytes=0 block_offset_bound_bytes=0 op_setup_calls=374 op_setup_ms=0.007791 pipeline_lookup_calls=0 pipeline_lookup_ms=0 encode_dispatch_calls=374 physical_dispatch_calls=398 encode_dispatch_ms=0.7315 gpu_exec_calls=8 gpu_exec_ms=4.892666 readback_calls=2 readback_ms=0.003833 readback_bytes=8 nocopy_uploads=0 copying_uploads=6 nocopy_reuses=0 resident_uploads=0 resident_reuses=0 mapping_offset_uploads=0 mapping_rebound_blocks=4 mapping_residency_rung=prefault expert_mapping_candidate_uploads=0 expert_mapping_missed_uploads=0 nocopy_cache_len=25 resident_cache_len=0 resident_cache_bytes=0 uniform_cache_len=1 phys_footprint_bytes=5959908608 device_allocated_bytes=1598881792 output_buffer_allocations=0 output_buffer_allocated_bytes=0 checkpoint_mapping_buffer_bytes=1422245888 expert_mapping_buffer_bytes=0 plan_uniform_writes=0 retire_scan_calls=893 retire_scan_ms=0.069791 expert_buffers_lookup_calls=374 expert_buffers_lookup_ms=0.250333 placement_resolve_calls=374 placement_resolve_ms=0.032916 loop_head_calls=383 loop_head_ms=0.080458 encoder_finish_ms=0.000208 pre_encode_calls=1 pre_encode_ms=0.068875 resolve_plan_ms=0.000166 prepare_infer_ms=0 prepare_validate_ms=0 prepare_bind_ms=0 prepare_optimize_ms=0 prepare_retire_ms=0 build_plan_uniforms_ms=0 resolve_steps_ms=0 uniform_buffer_allocations=0 barriers=0 barriers_raw=0 barriers_waw=0 barriers_war=0 barriers_waw_war_arena_recycled=0 barriers_waw_war_persistent=0 expert_source_cache_hits=0 expert_source_cache_misses=0 expert_source_cache_cold_misses=0 expert_source_cache_replacement_misses=0 expert_source_reuse_copy_bytes=0 expert_source_reuse_copy_ms=0 plan_cache_len=0 plan_hits=17 plan_misses=2 plan_refits=0 plan_arena_allocated_bytes=0 segment_arena_allocated_bytes=0 placed_arena_allocated_bytes=54414264 ablation=false kind_filter=
2026-10-08T15:21:58.193463959Z DEBUG omega::metal::placements_execute_named: step_phase step=19 phase=pre_encode start_raw_s=678345.656328708 end_raw_s=678345.656397166
2026-10-08T15:21:58.193537542Z DEBUG omega::metal::placements_execute_named: chunk_phase step=19 chunk=1 phase=encode start_raw_s=678345.656397166 end_raw_s=678345.656466625
2026-10-08T15:21:58.193537709Z DEBUG omega::metal::placements_execute_named: chunk_phase step=19 chunk=1 phase=commit start_raw_s=678345.656466875 end_raw_s=678345.6564705
2026-10-08T15:21:58.193600125Z DEBUG omega::metal::placements_execute_named: chunk_phase step=19 chunk=2 phase=encode start_raw_s=678345.656471208 end_raw_s=678345.65653125
2026-10-08T15:21:58.193600292Z DEBUG omega::metal::placements_execute_named: chunk_phase step=19 chunk=2 phase=commit start_raw_s=678345.656531458 end_raw_s=678345.656533041
2026-10-08T15:21:58.193690792Z DEBUG omega::metal::placements_execute_named: chunk_phase step=19 chunk=3 phase=encode start_raw_s=678345.656533833 end_raw_s=678345.656622041
2026-10-08T15:21:58.193691125Z DEBUG omega::metal::placements_execute_named: chunk_phase step=19 chunk=3 phase=commit start_raw_s=678345.656622125 end_raw_s=678345.656623875
2026-10-08T15:21:58.193807042Z DEBUG omega::metal::placements_execute_named: chunk_phase step=19 chunk=4 phase=encode start_raw_s=678345.65662475 end_raw_s=678345.65673825
2026-10-08T15:21:58.193807167Z DEBUG omega::metal::placements_execute_named: chunk_phase step=19 chunk=4 phase=commit start_raw_s=678345.656738333 end_raw_s=678345.656740125
2026-10-08T15:21:58.193959167Z DEBUG omega::metal::placements_execute_named: chunk_phase step=19 chunk=5 phase=encode start_raw_s=678345.656740666 end_raw_s=678345.656890083
2026-10-08T15:21:58.193959334Z DEBUG omega::metal::placements_execute_named: chunk_phase step=19 chunk=5 phase=commit start_raw_s=678345.65689025 end_raw_s=678345.656892166
2026-10-08T15:21:58.194159709Z DEBUG omega::metal::placements_execute_named: chunk_phase step=19 chunk=6 phase=encode start_raw_s=678345.656892916 end_raw_s=678345.657089708
2026-10-08T15:21:58.194160042Z DEBUG omega::metal::placements_execute_named: chunk_phase step=19 chunk=6 phase=commit start_raw_s=678345.657089833 end_raw_s=678345.657092791
2026-10-08T15:21:58.194439792Z DEBUG omega::metal::placements_execute_named: chunk_phase step=19 chunk=7 phase=encode start_raw_s=678345.657093583 end_raw_s=678345.657367416
2026-10-08T15:21:58.194440000Z DEBUG omega::metal::placements_execute_named: chunk_phase step=19 chunk=7 phase=commit start_raw_s=678345.657367541 end_raw_s=678345.6573705
2026-10-08T15:21:58.194797042Z DEBUG omega::metal::placements_execute_named: chunk_phase step=19 chunk=8 phase=encode start_raw_s=678345.6573735 end_raw_s=678345.657726208
2026-10-08T15:21:58.194797250Z DEBUG omega::metal::placements_execute_named: chunk_phase step=19 chunk=8 phase=commit start_raw_s=678345.657726458 end_raw_s=678345.657730166
2026-10-08T15:21:58.199328167Z DEBUG omega::metal::placements_execute_named: token_breakdown_gpu commit_call_ms=0.003708 commit_to_gpu_start_ms=0 gpu_busy_ms=5.518333287909627 gpu_end_to_wait_return_ms=0 sum_ms=5.522041287909627 final_commit_to_wait_ms=4.530208 gpu_start_raw_s=678345.6566016667 gpu_end_raw_s=678345.66212 commit_call_start_raw_s=678345.657726458 wait_return_extra_ms=4.525834000000001 chunks=8 first_commit_to_first_gpu_start_ms=0.13479171320796013 encode_overlap_ms=1.255167
2026-10-08T15:21:58.199329417Z DEBUG omega::metal::placements_execute_named: chunk_record step=19 plan_shape=decode chunk=1 chunk_count=8 op_first=0 op_last=23 encode_start_ms=0 encode_end_ms=0.069417 commit_at_ms=0.06970900000000001 commit_ms=0.003625 gpu_start_ms=0.2045007422566414 gpu_end_ms=0.4673340590670705 commit_to_gpu_start_ms=0.13479174225664137 gpu_idle_before_ms=0.2045007422566414
2026-10-08T15:21:58.199329959Z DEBUG omega::metal::placements_execute_named: chunk_record step=19 plan_shape=decode chunk=2 chunk_count=8 op_first=24 op_last=40 encode_start_ms=0.074 encode_end_ms=0.134084 commit_at_ms=0.134292 commit_ms=0.001583 gpu_start_ms=0.487250741571188 gpu_end_ms=0.7103340467438102 commit_to_gpu_start_ms=0.352958741571188 gpu_idle_before_ms=0.01991668250411749
2026-10-08T15:21:58.199330334Z DEBUG omega::metal::placements_execute_named: chunk_record step=19 plan_shape=decode chunk=3 chunk_count=8 op_first=41 op_last=64 encode_start_ms=0.136625 encode_end_ms=0.224834 commit_at_ms=0.224959 commit_ms=0.001791 gpu_start_ms=0.7309591164812446 gpu_end_ms=1.1260841274634004 commit_to_gpu_start_ms=0.5060001164812445 gpu_idle_before_ms=0.020625069737434387
2026-10-08T15:21:58.199330667Z DEBUG omega::metal::placements_execute_named: chunk_record step=19 plan_shape=decode chunk=4 chunk_count=8 op_first=65 op_last=96 encode_start_ms=0.227584 encode_end_ms=0.341084 commit_at_ms=0.341167 commit_ms=0.001792 gpu_start_ms=1.1406257981434464 gpu_end_ms=1.5829590847715735 commit_to_gpu_start_ms=0.7994587981434464 gpu_idle_before_ms=0.014541670680046082
2026-10-08T15:21:58.199331000Z DEBUG omega::metal::placements_execute_named: chunk_record step=19 plan_shape=decode chunk=5 chunk_count=8 op_first=97 op_last=139 encode_start_ms=0.3435 encode_end_ms=0.49287500000000006 commit_at_ms=0.49308399999999997 commit_ms=0.001916 gpu_start_ms=1.6075840685516596 gpu_end_ms=2.2278340766206384 commit_to_gpu_start_ms=1.1145000685516595 gpu_idle_before_ms=0.02462498378008604
2026-10-08T15:21:58.199331500Z DEBUG omega::metal::placements_execute_named: chunk_record step=19 plan_shape=decode chunk=6 chunk_count=8 op_first=140 op_last=197 encode_start_ms=0.49574999999999997 encode_end_ms=0.692542 commit_at_ms=0.692667 commit_ms=0.0029579999999999997 gpu_start_ms=2.2523340303450823 gpu_end_ms=3.0625840881839395 commit_to_gpu_start_ms=1.5596670303450821 gpu_idle_before_ms=0.024499953724443913
2026-10-08T15:21:58.199331834Z DEBUG omega::metal::placements_execute_named: chunk_record step=19 plan_shape=decode chunk=7 chunk_count=8 op_first=198 op_last=275 encode_start_ms=0.696417 encode_end_ms=0.97025 commit_at_ms=0.970375 commit_ms=0.002959 gpu_start_ms=3.085459116846323 gpu_end_ms=4.209459060803056 commit_to_gpu_start_ms=2.1150841168463232 gpu_idle_before_ms=0.022875028662383556
2026-10-08T15:21:58.199332167Z DEBUG omega::metal::placements_execute_named: chunk_record step=19 plan_shape=decode chunk=8 chunk_count=8 op_first=276 op_last=382 encode_start_ms=0.976292 encode_end_ms=1.3290419999999998 commit_at_ms=1.329334 commit_ms=0.003708 gpu_start_ms=4.2403757106512785 gpu_end_ms=5.722834030166268 commit_to_gpu_start_ms=2.9110417106512783 gpu_idle_before_ms=0.030916649848222733
2026-10-08T15:21:58.199362667Z DEBUG proxima_model_interop::generate::decode: token_breakdown_argmax_split step=19 scan_ms=0 debug_ms=0
2026-10-08T15:21:58.199363167Z DEBUG proxima_model_interop::generate::decode: token_breakdown_gaps step=19 root_select_ms=0.033083 post_evaluate_ms=0.001291 pre_logits_ms=0.001875 checksum_ms=0 fetch_ms=0.000916 argmax_ms=0.000291 logits_hash_ms=0
2026-10-08T15:21:58.199365042Z INFO proxima_model_interop::generate::load_model: token_breakdown: per-decode-step wall-clock attribution step=19 new_count=1 cached_len_before=1018 step_wall_ms=6.063708 apply_serving_config_ms=0.000041 build_position_inputs_ms=0.001083 named_blocks_weights_ms=0.014666 named_blocks_kv_ms=0.014041 kv_cache_upload_bytes=0 ssm_state_transfer_bytes=0 evaluate_ms=6.009833 layer_cache_append_ms=0.000458 layer_cache_append_bytes=0 greedy_pick_ms=0
2026-10-08T15:21:58.199375250Z INFO proxima_model_interop::generate::load_model: token_breakdown_metal: per-decode-step metal stage attribution step=19 prepare_calls=0 prepare_ms=0 emit_calls=0 emit_ms=0 pipeline_hits=0 pipeline_misses=0 pipeline_compile_ms=0 block_upload_calls=6 block_upload_ms=0 block_offered_bytes=272 block_copied_bytes=272 block_nocopy_bound_bytes=0 block_offset_bound_bytes=0 op_setup_calls=374 op_setup_ms=0.008208 pipeline_lookup_calls=0 pipeline_lookup_ms=0 encode_dispatch_calls=374 physical_dispatch_calls=398 encode_dispatch_ms=0.751041 gpu_exec_calls=8 gpu_exec_ms=4.530041 readback_calls=2 readback_ms=0.0045 readback_bytes=8 nocopy_uploads=0 copying_uploads=6 nocopy_reuses=0 resident_uploads=0 resident_reuses=0 mapping_offset_uploads=0 mapping_rebound_blocks=4 mapping_residency_rung=prefault expert_mapping_candidate_uploads=0 expert_mapping_missed_uploads=0 nocopy_cache_len=25 resident_cache_len=0 resident_cache_bytes=0 uniform_cache_len=1 phys_footprint_bytes=5960072448 device_allocated_bytes=1598881792 output_buffer_allocations=0 output_buffer_allocated_bytes=0 checkpoint_mapping_buffer_bytes=1422245888 expert_mapping_buffer_bytes=0 plan_uniform_writes=0 retire_scan_calls=893 retire_scan_ms=0.070416 expert_buffers_lookup_calls=374 expert_buffers_lookup_ms=0.268625 placement_resolve_calls=374 placement_resolve_ms=0.031 loop_head_calls=383 loop_head_ms=0.092916 encoder_finish_ms=0.000291 pre_encode_calls=1 pre_encode_ms=0.06875 resolve_plan_ms=0.000208 prepare_infer_ms=0 prepare_validate_ms=0 prepare_bind_ms=0 prepare_optimize_ms=0 prepare_retire_ms=0 build_plan_uniforms_ms=0 resolve_steps_ms=0 uniform_buffer_allocations=0 barriers=0 barriers_raw=0 barriers_waw=0 barriers_war=0 barriers_waw_war_arena_recycled=0 barriers_waw_war_persistent=0 expert_source_cache_hits=0 expert_source_cache_misses=0 expert_source_cache_cold_misses=0 expert_source_cache_replacement_misses=0 expert_source_reuse_copy_bytes=0 expert_source_reuse_copy_ms=0 plan_cache_len=0 plan_hits=18 plan_misses=2 plan_refits=0 plan_arena_allocated_bytes=0 segment_arena_allocated_bytes=0 placed_arena_allocated_bytes=54414264 ablation=false kind_filter=
2026-10-08T15:21:58.199602375Z DEBUG omega::metal::placements_execute_named: step_phase step=20 phase=pre_encode start_raw_s=678345.662447666 end_raw_s=678345.662535541
2026-10-08T15:21:58.199688584Z DEBUG omega::metal::placements_execute_named: chunk_phase step=20 chunk=1 phase=encode start_raw_s=678345.662535541 end_raw_s=678345.662616625
2026-10-08T15:21:58.199688750Z DEBUG omega::metal::placements_execute_named: chunk_phase step=20 chunk=1 phase=commit start_raw_s=678345.662617 end_raw_s=678345.6626215
2026-10-08T15:21:58.199757417Z DEBUG omega::metal::placements_execute_named: chunk_phase step=20 chunk=2 phase=encode start_raw_s=678345.662622291 end_raw_s=678345.662689541
2026-10-08T15:21:58.199757584Z DEBUG omega::metal::placements_execute_named: chunk_phase step=20 chunk=2 phase=commit start_raw_s=678345.662689666 end_raw_s=678345.662690458
2026-10-08T15:21:58.199851459Z DEBUG omega::metal::placements_execute_named: chunk_phase step=20 chunk=3 phase=encode start_raw_s=678345.662691083 end_raw_s=678345.662782041
2026-10-08T15:21:58.199851625Z DEBUG omega::metal::placements_execute_named: chunk_phase step=20 chunk=3 phase=commit start_raw_s=678345.662782125 end_raw_s=678345.6627845
2026-10-08T15:21:58.199968709Z DEBUG omega::metal::placements_execute_named: chunk_phase step=20 chunk=4 phase=encode start_raw_s=678345.662785125 end_raw_s=678345.662899625
2026-10-08T15:21:58.199968875Z DEBUG omega::metal::placements_execute_named: chunk_phase step=20 chunk=4 phase=commit start_raw_s=678345.662899708 end_raw_s=678345.662901791
2026-10-08T15:21:58.200130584Z DEBUG omega::metal::placements_execute_named: chunk_phase step=20 chunk=5 phase=encode start_raw_s=678345.662902375 end_raw_s=678345.663060916
2026-10-08T15:21:58.200130917Z DEBUG omega::metal::placements_execute_named: chunk_phase step=20 chunk=5 phase=commit start_raw_s=678345.663061125 end_raw_s=678345.663063541
2026-10-08T15:21:58.200329250Z DEBUG omega::metal::placements_execute_named: chunk_phase step=20 chunk=6 phase=encode start_raw_s=678345.663064416 end_raw_s=678345.663259875
2026-10-08T15:21:58.200331334Z DEBUG omega::metal::placements_execute_named: chunk_phase step=20 chunk=6 phase=commit start_raw_s=678345.663259958 end_raw_s=678345.663262375
2026-10-08T15:21:58.200601042Z DEBUG omega::metal::placements_execute_named: chunk_phase step=20 chunk=7 phase=encode start_raw_s=678345.663264833 end_raw_s=678345.663531916
2026-10-08T15:21:58.200601417Z DEBUG omega::metal::placements_execute_named: chunk_phase step=20 chunk=7 phase=commit start_raw_s=678345.663532 end_raw_s=678345.663534125
2026-10-08T15:21:58.200953959Z DEBUG omega::metal::placements_execute_named: chunk_phase step=20 chunk=8 phase=encode start_raw_s=678345.663534916 end_raw_s=678345.663884125
2026-10-08T15:21:58.200954292Z DEBUG omega::metal::placements_execute_named: chunk_phase step=20 chunk=8 phase=commit start_raw_s=678345.663884416 end_raw_s=678345.663887125
2026-10-08T15:21:58.205678334Z DEBUG omega::metal::placements_execute_named: token_breakdown_gpu commit_call_ms=0.002667 commit_to_gpu_start_ms=0 gpu_busy_ms=5.689083365723491 gpu_end_to_wait_return_ms=0 sum_ms=5.6917503657234905 final_commit_to_wait_ms=4.725416 gpu_start_raw_s=678345.6627752917 gpu_end_raw_s=678345.6684643751 commit_call_start_raw_s=678345.663884416 wait_return_extra_ms=4.721875000000001 chunks=8 first_commit_to_first_gpu_start_ms=0.15829165931791067 encode_overlap_ms=1.2619580000000001
2026-10-08T15:21:58.205679292Z DEBUG omega::metal::placements_execute_named: chunk_record step=20 plan_shape=decode chunk=1 chunk_count=8 op_first=0 op_last=23 encode_start_ms=0 encode_end_ms=0.08112499999999999 commit_at_ms=0.0815 commit_ms=0.0045000000000000005 gpu_start_ms=0.23975071962922812 gpu_end_ms=0.5030840402469039 commit_to_gpu_start_ms=0.1582507196292281 gpu_idle_before_ms=0.23975071962922812
2026-10-08T15:21:58.205679750Z DEBUG omega::metal::placements_execute_named: chunk_record step=20 plan_shape=decode chunk=2 chunk_count=8 op_first=24 op_last=40 encode_start_ms=0.08679100000000001 encode_end_ms=0.154 commit_at_ms=0.154166 commit_ms=0.000792 gpu_start_ms=0.5285007646307349 gpu_end_ms=0.7519590435549617 commit_to_gpu_start_ms=0.3743347646307349 gpu_idle_before_ms=0.025416724383831024
2026-10-08T15:21:58.205680125Z DEBUG omega::metal::placements_execute_named: chunk_record step=20 plan_shape=decode chunk=3 chunk_count=8 op_first=41 op_last=64 encode_start_ms=0.155583 encode_end_ms=0.24649999999999997 commit_at_ms=0.24662499999999998 commit_ms=0.002375 gpu_start_ms=0.7730840006843209 gpu_end_ms=1.168500748462975 commit_to_gpu_start_ms=0.5264590006843209 gpu_idle_before_ms=0.021124957129359245
2026-10-08T15:21:58.205680459Z DEBUG omega::metal::placements_execute_named: chunk_record step=20 plan_shape=decode chunk=4 chunk_count=8 op_first=65 op_last=96 encode_start_ms=0.249583 encode_end_ms=0.364083 commit_at_ms=0.364208 commit_ms=0.0020829999999999998 gpu_start_ms=1.1893340852111578 gpu_end_ms=1.632458996027708 commit_to_gpu_start_ms=0.8251260852111578 gpu_idle_before_ms=0.020833336748182774
2026-10-08T15:21:58.205683500Z DEBUG omega::metal::placements_execute_named: chunk_record step=20 plan_shape=decode chunk=5 chunk_count=8 op_first=97 op_last=139 encode_start_ms=0.366833 encode_end_ms=0.525375 commit_at_ms=0.525625 commit_ms=0.0024159999999999997 gpu_start_ms=1.6573340399190784 gpu_end_ms=2.3813340812921524 commit_to_gpu_start_ms=1.1317090399190783 gpu_idle_before_ms=0.024875043891370296
2026-10-08T15:21:58.205683792Z DEBUG omega::metal::placements_execute_named: chunk_record step=20 plan_shape=decode chunk=6 chunk_count=8 op_first=140 op_last=197 encode_start_ms=0.5288750000000001 encode_end_ms=0.724333 commit_at_ms=0.7244579999999999 commit_ms=0.002417 gpu_start_ms=2.408583997748792 gpu_end_ms=3.23095906060189 commit_to_gpu_start_ms=1.6841259977487923 gpu_idle_before_ms=0.027249916456639767
2026-10-08T15:21:58.205684125Z DEBUG omega::metal::placements_execute_named: chunk_record step=20 plan_shape=decode chunk=7 chunk_count=8 op_first=198 op_last=275 encode_start_ms=0.7292909999999999 encode_end_ms=0.9963750000000001 commit_at_ms=0.9964999999999999 commit_ms=0.002166 gpu_start_ms=3.254875773563981 gpu_end_ms=4.367709043435752 commit_to_gpu_start_ms=2.258375773563981 gpu_idle_before_ms=0.02391671296209097
2026-10-08T15:21:58.205684500Z DEBUG omega::metal::placements_execute_named: chunk_record step=20 plan_shape=decode chunk=8 chunk_count=8 op_first=276 op_last=382 encode_start_ms=0.999375 encode_end_ms=1.348583 commit_at_ms=1.3489579999999999 commit_ms=0.002667 gpu_start_ms=4.399458994157612 gpu_end_ms=5.928834085352719 commit_to_gpu_start_ms=3.0505009941576127 gpu_idle_before_ms=0.03174995072185993
2026-10-08T15:21:58.205702250Z DEBUG proxima_model_interop::generate::decode: token_breakdown_argmax_split step=20 scan_ms=0 debug_ms=0
2026-10-08T15:21:58.205702750Z DEBUG proxima_model_interop::generate::decode: token_breakdown_gaps step=20 root_select_ms=0.046833 post_evaluate_ms=0.00125 pre_logits_ms=0.001708 checksum_ms=0.000041 fetch_ms=0.001 argmax_ms=0.000291 logits_hash_ms=0.000041
2026-10-08T15:21:58.205703709Z INFO proxima_model_interop::generate::load_model: token_breakdown: per-decode-step wall-clock attribution step=20 new_count=1 cached_len_before=1019 step_wall_ms=6.317333 apply_serving_config_ms=0.000166 build_position_inputs_ms=0.001625 named_blocks_weights_ms=0.019708 named_blocks_kv_ms=0.018791 kv_cache_upload_bytes=0 ssm_state_transfer_bytes=0 evaluate_ms=6.240083 layer_cache_append_ms=0.000416 layer_cache_append_bytes=0 greedy_pick_ms=0.000041
2026-10-08T15:21:58.205712584Z INFO proxima_model_interop::generate::load_model: token_breakdown_metal: per-decode-step metal stage attribution step=20 prepare_calls=0 prepare_ms=0 emit_calls=0 emit_ms=0 pipeline_hits=0 pipeline_misses=0 pipeline_compile_ms=0 block_upload_calls=6 block_upload_ms=0 block_offered_bytes=272 block_copied_bytes=272 block_nocopy_bound_bytes=0 block_offset_bound_bytes=0 op_setup_calls=374 op_setup_ms=0.008708 pipeline_lookup_calls=0 pipeline_lookup_ms=0 encode_dispatch_calls=374 physical_dispatch_calls=398 encode_dispatch_ms=0.758291 gpu_exec_calls=8 gpu_exec_ms=4.72525 readback_calls=2 readback_ms=0.004916 readback_bytes=8 nocopy_uploads=0 copying_uploads=6 nocopy_reuses=0 resident_uploads=0 resident_reuses=0 mapping_offset_uploads=0 mapping_rebound_blocks=4 mapping_residency_rung=prefault expert_mapping_candidate_uploads=0 expert_mapping_missed_uploads=0 nocopy_cache_len=25 resident_cache_len=0 resident_cache_bytes=0 uniform_cache_len=1 phys_footprint_bytes=5960760640 device_allocated_bytes=1598881792 output_buffer_allocations=0 output_buffer_allocated_bytes=0 checkpoint_mapping_buffer_bytes=1422245888 expert_mapping_buffer_bytes=0 plan_uniform_writes=0 retire_scan_calls=893 retire_scan_ms=0.074125 expert_buffers_lookup_calls=374 expert_buffers_lookup_ms=0.260625 placement_resolve_calls=374 placement_resolve_ms=0.033125 loop_head_calls=383 loop_head_ms=0.100333 encoder_finish_ms=0.00025 pre_encode_calls=1 pre_encode_ms=0.088291 resolve_plan_ms=0.000208 prepare_infer_ms=0 prepare_validate_ms=0 prepare_bind_ms=0 prepare_optimize_ms=0 prepare_retire_ms=0 build_plan_uniforms_ms=0 resolve_steps_ms=0 uniform_buffer_allocations=0 barriers=0 barriers_raw=0 barriers_waw=0 barriers_war=0 barriers_waw_war_arena_recycled=0 barriers_waw_war_persistent=0 expert_source_cache_hits=0 expert_source_cache_misses=0 expert_source_cache_cold_misses=0 expert_source_cache_replacement_misses=0 expert_source_reuse_copy_bytes=0 expert_source_reuse_copy_ms=0 plan_cache_len=0 plan_hits=19 plan_misses=2 plan_refits=0 plan_arena_allocated_bytes=0 segment_arena_allocated_bytes=0 placed_arena_allocated_bytes=54414264 ablation=false kind_filter=
2026-10-08T15:21:58.205921084Z DEBUG omega::metal::placements_execute_named: step_phase step=21 phase=pre_encode start_raw_s=678345.668767625 end_raw_s=678345.66885425
2026-10-08T15:21:58.206012584Z DEBUG omega::metal::placements_execute_named: chunk_phase step=21 chunk=1 phase=encode start_raw_s=678345.66885425 end_raw_s=678345.668940458
2026-10-08T15:21:58.206012750Z DEBUG omega::metal::placements_execute_named: chunk_phase step=21 chunk=1 phase=commit start_raw_s=678345.668940708 end_raw_s=678345.6689455
2026-10-08T15:21:58.206078542Z DEBUG omega::metal::placements_execute_named: chunk_phase step=21 chunk=2 phase=encode start_raw_s=678345.66894625 end_raw_s=678345.669010833
2026-10-08T15:21:58.206078709Z DEBUG omega::metal::placements_execute_named: chunk_phase step=21 chunk=2 phase=commit start_raw_s=678345.669010916 end_raw_s=678345.669011666
2026-10-08T15:21:58.206177667Z DEBUG omega::metal::placements_execute_named: chunk_phase step=21 chunk=3 phase=encode start_raw_s=678345.669012208 end_raw_s=678345.669107458
2026-10-08T15:21:58.206177834Z DEBUG omega::metal::placements_execute_named: chunk_phase step=21 chunk=3 phase=commit start_raw_s=678345.669107541 end_raw_s=678345.669110708
2026-10-08T15:21:58.206298084Z DEBUG omega::metal::placements_execute_named: chunk_phase step=21 chunk=4 phase=encode start_raw_s=678345.669111333 end_raw_s=678345.669229041
2026-10-08T15:21:58.206298417Z DEBUG omega::metal::placements_execute_named: chunk_phase step=21 chunk=4 phase=commit start_raw_s=678345.669229125 end_raw_s=678345.669231166
2026-10-08T15:21:58.206455792Z DEBUG omega::metal::placements_execute_named: chunk_phase step=21 chunk=5 phase=encode start_raw_s=678345.669231916 end_raw_s=678345.669386541
2026-10-08T15:21:58.206455959Z DEBUG omega::metal::placements_execute_named: chunk_phase step=21 chunk=5 phase=commit start_raw_s=678345.66938675 end_raw_s=678345.66938875
2026-10-08T15:21:58.206657959Z DEBUG omega::metal::placements_execute_named: chunk_phase step=21 chunk=6 phase=encode start_raw_s=678345.669389458 end_raw_s=678345.669588833
2026-10-08T15:21:58.206658125Z DEBUG omega::metal::placements_execute_named: chunk_phase step=21 chunk=6 phase=commit start_raw_s=678345.669588916 end_raw_s=678345.669591041
2026-10-08T15:21:58.206930542Z DEBUG omega::metal::placements_execute_named: chunk_phase step=21 chunk=7 phase=encode start_raw_s=678345.669591625 end_raw_s=678345.669861416
2026-10-08T15:21:58.206930750Z DEBUG omega::metal::placements_execute_named: chunk_phase step=21 chunk=7 phase=commit start_raw_s=678345.669861541 end_raw_s=678345.669863625
2026-10-08T15:21:58.207273292Z DEBUG omega::metal::placements_execute_named: chunk_phase step=21 chunk=8 phase=encode start_raw_s=678345.66986425 end_raw_s=678345.670203791
2026-10-08T15:21:58.207273417Z DEBUG omega::metal::placements_execute_named: chunk_phase step=21 chunk=8 phase=commit start_raw_s=678345.670204041 end_raw_s=678345.670206541
2026-10-08T15:21:58.212125709Z DEBUG omega::metal::placements_execute_named: token_breakdown_gpu commit_call_ms=0.0025 commit_to_gpu_start_ms=0 gpu_busy_ms=5.828041699714959 gpu_end_to_wait_return_ms=0 sum_ms=5.830541699714959 final_commit_to_wait_ms=4.853291 gpu_start_raw_s=678345.66911425 gpu_end_raw_s=678345.6749422917 commit_call_start_raw_s=678345.670204041 wait_return_extra_ms=4.850083 chunks=8 first_commit_to_first_gpu_start_ms=0.1735419500619173 encode_overlap_ms=1.257625
2026-10-08T15:21:58.212126792Z DEBUG omega::metal::placements_execute_named: chunk_record step=21 plan_shape=decode chunk=1 chunk_count=8 op_first=0 op_last=23 encode_start_ms=0 encode_end_ms=0.08620799999999999 commit_at_ms=0.08645800000000001 commit_ms=0.004792 gpu_start_ms=0.26000000070780516 gpu_end_ms=0.5208750953897834 commit_to_gpu_start_ms=0.17354200070780515 gpu_idle_before_ms=0.26000000070780516
2026-10-08T15:21:58.212127334Z DEBUG omega::metal::placements_execute_named: chunk_record step=21 plan_shape=decode chunk=2 chunk_count=8 op_first=24 op_last=40 encode_start_ms=0.092 encode_end_ms=0.156541 commit_at_ms=0.156666 commit_ms=0.00075 gpu_start_ms=0.5416667554527521 gpu_end_ms=0.767374993301928 commit_to_gpu_start_ms=0.38500075545275214 gpu_idle_before_ms=0.02079166006296873
2026-10-08T15:21:58.212127709Z DEBUG omega::metal::placements_execute_named: chunk_record step=21 plan_shape=decode chunk=3 chunk_count=8 op_first=41 op_last=64 encode_start_ms=0.15795800000000002 encode_end_ms=0.253166 commit_at_ms=0.253291 commit_ms=0.003167 gpu_start_ms=0.7890000706538558 gpu_end_ms=1.183666754513979 commit_to_gpu_start_ms=0.5357090706538559 gpu_idle_before_ms=0.021625077351927757
2026-10-08T15:21:58.212128209Z DEBUG omega::metal::placements_execute_named: chunk_record step=21 plan_shape=decode chunk=4 chunk_count=8 op_first=65 op_last=96 encode_start_ms=0.257041 encode_end_ms=0.37474999999999997 commit_at_ms=0.374875 commit_ms=0.002041 gpu_start_ms=1.2036249972879887 gpu_end_ms=1.6461251070722938 commit_to_gpu_start_ms=0.8287499972879886 gpu_idle_before_ms=0.019958242774009705
2026-10-08T15:21:58.212128542Z DEBUG omega::metal::placements_execute_named: chunk_record step=21 plan_shape=decode chunk=5 chunk_count=8 op_first=97 op_last=139 encode_start_ms=0.377625 encode_end_ms=0.532291 commit_at_ms=0.5325 commit_ms=0.002 gpu_start_ms=1.6747916815802455 gpu_end_ms=2.3581250570714474 commit_to_gpu_start_ms=1.1422916815802455 gpu_idle_before_ms=0.028666574507951736
2026-10-08T15:21:58.212129167Z DEBUG omega::metal::placements_execute_named: chunk_record step=21 plan_shape=decode chunk=6 chunk_count=8 op_first=140 op_last=197 encode_start_ms=0.535166 encode_end_ms=0.734541 commit_at_ms=0.734708 commit_ms=0.002125 gpu_start_ms=2.3841666989028454 gpu_end_ms=3.2611250644549727 commit_to_gpu_start_ms=1.6494586989028455 gpu_idle_before_ms=0.02604164183139801
2026-10-08T15:21:58.212129500Z DEBUG omega::metal::placements_execute_named: chunk_record step=21 plan_shape=decode chunk=7 chunk_count=8 op_first=198 op_last=275 encode_start_ms=0.737375 encode_end_ms=1.007166 commit_at_ms=1.007291 commit_ms=0.002084 gpu_start_ms=3.2870416762307286 gpu_end_ms=4.506500088609755 commit_to_gpu_start_ms=2.2797506762307287 gpu_idle_before_ms=0.025916611775755882
2026-10-08T15:21:58.212129959Z DEBUG omega::metal::placements_execute_named: chunk_record step=21 plan_shape=decode chunk=8 chunk_count=8 op_first=276 op_last=382 encode_start_ms=1.0099580000000001 encode_end_ms=1.3495409999999999 commit_at_ms=1.349791 commit_ms=0.0025 gpu_start_ms=4.540291731245816 gpu_end_ms=6.088041700422764 commit_to_gpu_start_ms=3.190500731245816 gpu_idle_before_ms=0.033791642636060715
2026-10-08T15:21:58.212148417Z DEBUG proxima_model_interop::generate::decode: token_breakdown_argmax_split step=21 scan_ms=0 debug_ms=0
2026-10-08T15:21:58.212148917Z DEBUG proxima_model_interop::generate::decode: token_breakdown_gaps step=21 root_select_ms=0.036375 post_evaluate_ms=0.001333 pre_logits_ms=0.001875 checksum_ms=0 fetch_ms=0.001 argmax_ms=0.000291 logits_hash_ms=0
2026-10-08T15:21:58.212149875Z INFO proxima_model_interop::generate::load_model: token_breakdown: per-decode-step wall-clock attribution step=21 new_count=1 cached_len_before=1020 step_wall_ms=6.43125 apply_serving_config_ms=0.000291 build_position_inputs_ms=0.001625 named_blocks_weights_ms=0.0225 named_blocks_kv_ms=0.02175 kv_cache_upload_bytes=0 ssm_state_transfer_bytes=0 evaluate_ms=6.365625 layer_cache_append_ms=0.00025 layer_cache_append_bytes=0 greedy_pick_ms=0
2026-10-08T15:21:58.212159542Z INFO proxima_model_interop::generate::load_model: token_breakdown_metal: per-decode-step metal stage attribution step=21 prepare_calls=0 prepare_ms=0 emit_calls=0 emit_ms=0 pipeline_hits=0 pipeline_misses=0 pipeline_compile_ms=0 block_upload_calls=6 block_upload_ms=0 block_offered_bytes=272 block_copied_bytes=272 block_nocopy_bound_bytes=0 block_offset_bound_bytes=0 op_setup_calls=374 op_setup_ms=0.009583 pipeline_lookup_calls=0 pipeline_lookup_ms=0 encode_dispatch_calls=374 physical_dispatch_calls=398 encode_dispatch_ms=0.756958 gpu_exec_calls=8 gpu_exec_ms=4.853166 readback_calls=2 readback_ms=0.004541 readback_bytes=8 nocopy_uploads=0 copying_uploads=6 nocopy_reuses=0 resident_uploads=0 resident_reuses=0 mapping_offset_uploads=0 mapping_rebound_blocks=2 mapping_residency_rung=prefault expert_mapping_candidate_uploads=0 expert_mapping_missed_uploads=0 nocopy_cache_len=25 resident_cache_len=0 resident_cache_bytes=0 uniform_cache_len=1 phys_footprint_bytes=5960842560 device_allocated_bytes=1598881792 output_buffer_allocations=0 output_buffer_allocated_bytes=0 checkpoint_mapping_buffer_bytes=1422245888 expert_mapping_buffer_bytes=0 plan_uniform_writes=0 retire_scan_calls=893 retire_scan_ms=0.073291 expert_buffers_lookup_calls=374 expert_buffers_lookup_ms=0.269458 placement_resolve_calls=374 placement_resolve_ms=0.030833 loop_head_calls=383 loop_head_ms=0.098333 encoder_finish_ms=0.00025 pre_encode_calls=1 pre_encode_ms=0.086958 resolve_plan_ms=0.00025 prepare_infer_ms=0 prepare_validate_ms=0 prepare_bind_ms=0 prepare_optimize_ms=0 prepare_retire_ms=0 build_plan_uniforms_ms=0 resolve_steps_ms=0 uniform_buffer_allocations=0 barriers=0 barriers_raw=0 barriers_waw=0 barriers_war=0 barriers_waw_war_arena_recycled=0 barriers_waw_war_persistent=0 expert_source_cache_hits=0 expert_source_cache_misses=0 expert_source_cache_cold_misses=0 expert_source_cache_replacement_misses=0 expert_source_reuse_copy_bytes=0 expert_source_reuse_copy_ms=0 plan_cache_len=0 plan_hits=20 plan_misses=2 plan_refits=0 plan_arena_allocated_bytes=0 segment_arena_allocated_bytes=0 placed_arena_allocated_bytes=54414264 ablation=false kind_filter=
2026-10-08T15:21:58.212374750Z DEBUG omega::metal::placements_execute_named: step_phase step=22 phase=pre_encode start_raw_s=678345.675220875 end_raw_s=678345.675307916
2026-10-08T15:21:58.212463084Z DEBUG omega::metal::placements_execute_named: chunk_phase step=22 chunk=1 phase=encode start_raw_s=678345.675307916 end_raw_s=678345.675389625
2026-10-08T15:21:58.212463417Z DEBUG omega::metal::placements_execute_named: chunk_phase step=22 chunk=1 phase=commit start_raw_s=678345.675390041 end_raw_s=678345.675395875
2026-10-08T15:21:58.212534584Z DEBUG omega::metal::placements_execute_named: chunk_phase step=22 chunk=2 phase=encode start_raw_s=678345.675396958 end_raw_s=678345.67546475
2026-10-08T15:21:58.212534875Z DEBUG omega::metal::placements_execute_named: chunk_phase step=22 chunk=2 phase=commit start_raw_s=678345.675464875 end_raw_s=678345.675467541
2026-10-08T15:21:58.212630209Z DEBUG omega::metal::placements_execute_named: chunk_phase step=22 chunk=3 phase=encode start_raw_s=678345.675468375 end_raw_s=678345.675560625
2026-10-08T15:21:58.212630542Z DEBUG omega::metal::placements_execute_named: chunk_phase step=22 chunk=3 phase=commit start_raw_s=678345.675560708 end_raw_s=678345.675563166
2026-10-08T15:21:58.212786625Z DEBUG omega::metal::placements_execute_named: chunk_phase step=22 chunk=4 phase=encode start_raw_s=678345.675564083 end_raw_s=678345.675716375
2026-10-08T15:21:58.212786834Z DEBUG omega::metal::placements_execute_named: chunk_phase step=22 chunk=4 phase=commit start_raw_s=678345.675716541 end_raw_s=678345.675719666
2026-10-08T15:21:58.212957334Z DEBUG omega::metal::placements_execute_named: chunk_phase step=22 chunk=5 phase=encode start_raw_s=678345.675720333 end_raw_s=678345.67588725
2026-10-08T15:21:58.212957500Z DEBUG omega::metal::placements_execute_named: chunk_phase step=22 chunk=5 phase=commit start_raw_s=678345.675887458 end_raw_s=678345.675890208
2026-10-08T15:21:58.213165209Z DEBUG omega::metal::placements_execute_named: chunk_phase step=22 chunk=6 phase=encode start_raw_s=678345.675891041 end_raw_s=678345.676095041
2026-10-08T15:21:58.213165542Z DEBUG omega::metal::placements_execute_named: chunk_phase step=22 chunk=6 phase=commit start_raw_s=678345.676095125 end_raw_s=678345.676098208
2026-10-08T15:21:58.213444084Z DEBUG omega::metal::placements_execute_named: chunk_phase step=22 chunk=7 phase=encode start_raw_s=678345.676099083 end_raw_s=678345.676374833
2026-10-08T15:21:58.213444375Z DEBUG omega::metal::placements_execute_named: chunk_phase step=22 chunk=7 phase=commit start_raw_s=678345.676374916 end_raw_s=678345.676377041
2026-10-08T15:21:58.213808209Z DEBUG omega::metal::placements_execute_named: chunk_phase step=22 chunk=8 phase=encode start_raw_s=678345.676378 end_raw_s=678345.676738333
2026-10-08T15:21:58.213808500Z DEBUG omega::metal::placements_execute_named: chunk_phase step=22 chunk=8 phase=commit start_raw_s=678345.676738625 end_raw_s=678345.676741375
2026-10-08T15:21:58.218551917Z DEBUG omega::metal::placements_execute_named: token_breakdown_gpu commit_call_ms=0.0027089999999999996 commit_to_gpu_start_ms=0 gpu_busy_ms=5.848083412274718 gpu_end_to_wait_return_ms=0 sum_ms=5.850792412274719 final_commit_to_wait_ms=4.745291 gpu_start_raw_s=678345.6755285417 gpu_end_raw_s=678345.6813766251 commit_call_start_raw_s=678345.676738625 wait_return_extra_ms=4.741834000000001 chunks=8 first_commit_to_first_gpu_start_ms=0.13850070536136627 encode_overlap_ms=1.3415409999999999
2026-10-08T15:21:58.218552709Z DEBUG omega::metal::placements_execute_named: chunk_record step=22 plan_shape=decode chunk=1 chunk_count=8 op_first=0 op_last=23 encode_start_ms=0 encode_end_ms=0.081709 commit_at_ms=0.082125 commit_ms=0.005834000000000001 gpu_start_ms=0.22062566131353378 gpu_end_ms=0.483584008179605 commit_to_gpu_start_ms=0.13850066131353378 gpu_idle_before_ms=0.22062566131353378
2026-10-08T15:21:58.218553084Z DEBUG omega::metal::placements_execute_named: chunk_record step=22 plan_shape=decode chunk=2 chunk_count=8 op_first=24 op_last=40 encode_start_ms=0.089 encode_end_ms=0.156792 commit_at_ms=0.156959 commit_ms=0.002666 gpu_start_ms=0.49962569028139114 gpu_end_ms=0.7272090297192335 commit_to_gpu_start_ms=0.3426666902813912 gpu_idle_before_ms=0.016041682101786137
2026-10-08T15:21:58.218553500Z DEBUG omega::metal::placements_execute_named: chunk_record step=22 plan_shape=decode chunk=3 chunk_count=8 op_first=41 op_last=64 encode_start_ms=0.160459 encode_end_ms=0.252667 commit_at_ms=0.252792 commit_ms=0.002458 gpu_start_ms=0.7479590130969882 gpu_end_ms=1.1429589940235019 commit_to_gpu_start_ms=0.4951670130969882 gpu_idle_before_ms=0.020749983377754688
2026-10-08T15:21:58.218553875Z DEBUG omega::metal::placements_execute_named: chunk_record step=22 plan_shape=decode chunk=4 chunk_count=8 op_first=65 op_last=96 encode_start_ms=0.256125 encode_end_ms=0.408459 commit_at_ms=0.408625 commit_ms=0.003125 gpu_start_ms=1.1569589842110872 gpu_end_ms=1.6058756737038493 commit_to_gpu_start_ms=0.7483339842110872 gpu_idle_before_ms=0.013999990187585354
2026-10-08T15:21:58.218554209Z DEBUG omega::metal::placements_execute_named: chunk_record step=22 plan_shape=decode chunk=5 chunk_count=8 op_first=97 op_last=139 encode_start_ms=0.412417 encode_end_ms=0.579292 commit_at_ms=0.579542 commit_ms=0.00275 gpu_start_ms=1.6323340823873878 gpu_end_ms=2.3138340329751372 commit_to_gpu_start_ms=1.0527920823873878 gpu_idle_before_ms=0.026458408683538437
2026-10-08T15:21:58.218554709Z DEBUG omega::metal::placements_execute_named: chunk_record step=22 plan_shape=decode chunk=6 chunk_count=8 op_first=140 op_last=197 encode_start_ms=0.5830839999999999 encode_end_ms=0.787084 commit_at_ms=0.7872089999999999 commit_ms=0.003083 gpu_start_ms=2.341084065847099 gpu_end_ms=3.164833993650973 commit_to_gpu_start_ms=1.553875065847099 gpu_idle_before_ms=0.027250032871961594
2026-10-08T15:21:58.218555209Z DEBUG omega::metal::placements_execute_named: chunk_record step=22 plan_shape=decode chunk=7 chunk_count=8 op_first=198 op_last=275 encode_start_ms=0.7911250000000001 encode_end_ms=1.0668749999999998 commit_at_ms=1.067 commit_ms=0.002125 gpu_start_ms=3.1904589850455523 gpu_end_ms=4.423583974130452 commit_to_gpu_start_ms=2.123458985045552 gpu_idle_before_ms=0.02562499139457941
2026-10-08T15:21:58.218555542Z DEBUG omega::metal::placements_execute_named: chunk_record step=22 plan_shape=decode chunk=8 chunk_count=8 op_first=276 op_last=382 encode_start_ms=1.070084 encode_end_ms=1.430375 commit_at_ms=1.43075 commit_ms=0.0027089999999999996 gpu_start_ms=4.460084019228816 gpu_end_ms=6.068709073588252 commit_to_gpu_start_ms=3.0293340192288163 gpu_idle_before_ms=0.03650004509836435
2026-10-08T15:21:58.218570542Z DEBUG proxima_model_interop::generate::decode: token_breakdown_argmax_split step=22 scan_ms=0 debug_ms=0
2026-10-08T15:21:58.218570959Z DEBUG proxima_model_interop::generate::decode: token_breakdown_gaps step=22 root_select_ms=0.039 post_evaluate_ms=0.001125 pre_logits_ms=0.001458 checksum_ms=0 fetch_ms=0.000833 argmax_ms=0.000333 logits_hash_ms=0.000083
2026-10-08T15:21:58.218571625Z INFO proxima_model_interop::generate::load_model: token_breakdown: per-decode-step wall-clock attribution step=22 new_count=1 cached_len_before=1021 step_wall_ms=6.40575 apply_serving_config_ms=0.000166 build_position_inputs_ms=0.001416 named_blocks_weights_ms=0.021791 named_blocks_kv_ms=0.020958 kv_cache_upload_bytes=0 ssm_state_transfer_bytes=0 evaluate_ms=6.339416 layer_cache_append_ms=0.000125 layer_cache_append_bytes=0 greedy_pick_ms=0.000041
2026-10-08T15:21:58.218579000Z INFO proxima_model_interop::generate::load_model: token_breakdown_metal: per-decode-step metal stage attribution step=22 prepare_calls=0 prepare_ms=0 emit_calls=0 emit_ms=0 pipeline_hits=0 pipeline_misses=0 pipeline_compile_ms=0 block_upload_calls=6 block_upload_ms=0 block_offered_bytes=272 block_copied_bytes=272 block_nocopy_bound_bytes=0 block_offset_bound_bytes=0 op_setup_calls=374 op_setup_ms=0.0085 pipeline_lookup_calls=0 pipeline_lookup_ms=0 encode_dispatch_calls=374 physical_dispatch_calls=398 encode_dispatch_ms=0.804333 gpu_exec_calls=8 gpu_exec_ms=4.745166 readback_calls=2 readback_ms=0.004583 readback_bytes=8 nocopy_uploads=0 copying_uploads=6 nocopy_reuses=0 resident_uploads=0 resident_reuses=0 mapping_offset_uploads=0 mapping_rebound_blocks=4 mapping_residency_rung=prefault expert_mapping_candidate_uploads=0 expert_mapping_missed_uploads=0 nocopy_cache_len=25 resident_cache_len=0 resident_cache_bytes=0 uniform_cache_len=1 phys_footprint_bytes=5960924480 device_allocated_bytes=1598881792 output_buffer_allocations=0 output_buffer_allocated_bytes=0 checkpoint_mapping_buffer_bytes=1422245888 expert_mapping_buffer_bytes=0 plan_uniform_writes=0 retire_scan_calls=893 retire_scan_ms=0.0825 expert_buffers_lookup_calls=374 expert_buffers_lookup_ms=0.2795 placement_resolve_calls=374 placement_resolve_ms=0.035666 loop_head_calls=383 loop_head_ms=0.096666 encoder_finish_ms=0.00025 pre_encode_calls=1 pre_encode_ms=0.087416 resolve_plan_ms=0.00025 prepare_infer_ms=0 prepare_validate_ms=0 prepare_bind_ms=0 prepare_optimize_ms=0 prepare_retire_ms=0 build_plan_uniforms_ms=0 resolve_steps_ms=0 uniform_buffer_allocations=0 barriers=0 barriers_raw=0 barriers_waw=0 barriers_war=0 barriers_waw_war_arena_recycled=0 barriers_waw_war_persistent=0 expert_source_cache_hits=0 expert_source_cache_misses=0 expert_source_cache_cold_misses=0 expert_source_cache_replacement_misses=0 expert_source_reuse_copy_bytes=0 expert_source_reuse_copy_ms=0 plan_cache_len=0 plan_hits=21 plan_misses=2 plan_refits=0 plan_arena_allocated_bytes=0 segment_arena_allocated_bytes=0 placed_arena_allocated_bytes=54414264 ablation=false kind_filter=
2026-10-08T15:21:58.218761375Z DEBUG omega::metal::placements_execute_named: step_phase step=23 phase=pre_encode start_raw_s=678345.681621666 end_raw_s=678345.681694625
2026-10-08T15:21:58.218980042Z DEBUG omega::metal::placements_execute_named: chunk_phase step=23 chunk=1 phase=encode start_raw_s=678345.681694625 end_raw_s=678345.681909083
2026-10-08T15:21:58.218980375Z DEBUG omega::metal::placements_execute_named: chunk_phase step=23 chunk=1 phase=commit start_raw_s=678345.681909291 end_raw_s=678345.681913
2026-10-08T15:21:58.219153625Z DEBUG omega::metal::placements_execute_named: chunk_phase step=23 chunk=2 phase=encode start_raw_s=678345.681913916 end_raw_s=678345.682083875
2026-10-08T15:21:58.219153917Z DEBUG omega::metal::placements_execute_named: chunk_phase step=23 chunk=2 phase=commit start_raw_s=678345.682084 end_raw_s=678345.682086666
2026-10-08T15:21:58.219391542Z DEBUG omega::metal::placements_execute_named: chunk_phase step=23 chunk=3 phase=encode start_raw_s=678345.682087416 end_raw_s=678345.682322291
2026-10-08T15:21:58.219391750Z DEBUG omega::metal::placements_execute_named: chunk_phase step=23 chunk=3 phase=commit start_raw_s=678345.682322416 end_raw_s=678345.682324625
2026-10-08T15:21:58.219702459Z DEBUG omega::metal::placements_execute_named: chunk_phase step=23 chunk=4 phase=encode start_raw_s=678345.68232525 end_raw_s=678345.68263275
2026-10-08T15:21:58.219702750Z DEBUG omega::metal::placements_execute_named: chunk_phase step=23 chunk=4 phase=commit start_raw_s=678345.682632875 end_raw_s=678345.682635541
2026-10-08T15:21:58.220130917Z DEBUG omega::metal::placements_execute_named: chunk_phase step=23 chunk=5 phase=encode start_raw_s=678345.68263625 end_raw_s=678345.683060875
2026-10-08T15:21:58.220131209Z DEBUG omega::metal::placements_execute_named: chunk_phase step=23 chunk=5 phase=commit start_raw_s=678345.683061083 end_raw_s=678345.683063875
2026-10-08T15:21:58.220677125Z DEBUG omega::metal::placements_execute_named: chunk_phase step=23 chunk=6 phase=encode start_raw_s=678345.683064708 end_raw_s=678345.683607166
2026-10-08T15:21:58.220677584Z DEBUG omega::metal::placements_execute_named: chunk_phase step=23 chunk=6 phase=commit start_raw_s=678345.68360725 end_raw_s=678345.683610208
2026-10-08T15:21:58.222373625Z DEBUG omega::metal::placements_execute_named: chunk_phase step=23 chunk=8 phase=encode start_raw_s=678345.684354625 end_raw_s=678345.685303041
2026-10-08T15:21:58.222374042Z DEBUG omega::metal::placements_execute_named: chunk_phase step=23 chunk=8 phase=commit start_raw_s=678345.6853035 end_raw_s=678345.685306833
2026-10-08T15:21:58.224930750Z DEBUG omega::metal::placements_execute_named: token_breakdown_gpu commit_call_ms=0.003333 commit_to_gpu_start_ms=0 gpu_busy_ms=5.733874975703657 gpu_end_to_wait_return_ms=0 sum_ms=5.737207975703656 final_commit_to_wait_ms=2.559333 gpu_start_raw_s=678345.6820248751 gpu_end_raw_s=678345.68775875 commit_call_start_raw_s=678345.6853035 wait_return_extra_ms=2.555208 chunks=8 first_commit_to_first_gpu_start_ms=0.1155841164290905 encode_overlap_ms=3.3892919999999997
2026-10-08T15:21:58.224931459Z DEBUG omega::metal::placements_execute_named: chunk_record step=23 plan_shape=decode chunk=1 chunk_count=8 op_first=0 op_last=23 encode_start_ms=0 encode_end_ms=0.214458 commit_at_ms=0.214708 commit_ms=0.003709 gpu_start_ms=0.330250128172338 gpu_end_ms=0.5942500429227948 commit_to_gpu_start_ms=0.115542128172338 gpu_idle_before_ms=0.330250128172338
2026-10-08T15:21:58.224931875Z DEBUG omega::metal::placements_execute_named: chunk_record step=23 plan_shape=decode chunk=2 chunk_count=8 op_first=24 op_last=40 encode_start_ms=0.219292 encode_end_ms=0.38925 commit_at_ms=0.38941699999999996 commit_ms=0.002666 gpu_start_ms=0.6150418194010854 gpu_end_ms=0.8380417712032795 commit_to_gpu_start_ms=0.22562481940108542 gpu_idle_before_ms=0.020791776478290558
2026-10-08T15:21:58.224932334Z DEBUG omega::metal::placements_execute_named: chunk_record step=23 plan_shape=decode chunk=3 chunk_count=8 op_first=41 op_last=64 encode_start_ms=0.392833 encode_end_ms=0.627708 commit_at_ms=0.627833 commit_ms=0.002209 gpu_start_ms=0.8589167846366763 gpu_end_ms=1.2541667092591524 commit_to_gpu_start_ms=0.23108378463667634 gpu_idle_before_ms=0.020875013433396816
2026-10-08T15:21:58.224932834Z DEBUG omega::metal::placements_execute_named: chunk_record step=23 plan_shape=decode chunk=4 chunk_count=8 op_first=65 op_last=96 encode_start_ms=0.630667 encode_end_ms=0.938167 commit_at_ms=0.938292 commit_ms=0.002666 gpu_start_ms=1.2753751361742616 gpu_end_ms=1.72437506262213 commit_to_gpu_start_ms=0.33708313617426156 gpu_idle_before_ms=0.021208426915109158
2026-10-08T15:21:58.224933209Z DEBUG omega::metal::placements_execute_named: chunk_record step=23 plan_shape=decode chunk=5 chunk_count=8 op_first=97 op_last=139 encode_start_ms=0.9416249999999999 encode_end_ms=1.366292 commit_at_ms=1.3665 commit_ms=0.002792 gpu_start_ms=1.7495000502094626 gpu_end_ms=2.377375145442784 commit_to_gpu_start_ms=0.3830000502094626 gpu_idle_before_ms=0.025124987587332726
2026-10-08T15:21:58.224933584Z DEBUG omega::metal::placements_execute_named: chunk_record step=23 plan_shape=decode chunk=6 chunk_count=8 op_first=140 op_last=197 encode_start_ms=1.370083 encode_end_ms=1.912542 commit_at_ms=1.9126670000000001 commit_ms=0.0029579999999999997 gpu_start_ms=2.405625069513917 gpu_end_ms=3.2225417671725154 commit_to_gpu_start_ms=0.49295806951391685 gpu_idle_before_ms=0.028249924071133137
2026-10-08T15:21:58.224934000Z DEBUG omega::metal::placements_execute_named: chunk_record step=23 plan_shape=decode chunk=7 chunk_count=8 op_first=198 op_last=275 encode_start_ms=1.916625 encode_end_ms=2.656167 commit_at_ms=2.656292 commit_ms=0.002791 gpu_start_ms=3.2471250742673874 gpu_end_ms=4.409625078551471 commit_to_gpu_start_ms=0.5908330742673873 gpu_idle_before_ms=0.024583307094871998
2026-10-08T15:21:58.224934334Z DEBUG omega::metal::placements_execute_named: chunk_record step=23 plan_shape=decode chunk=8 chunk_count=8 op_first=276 op_last=382 encode_start_ms=2.6600420000000002 encode_end_ms=3.608417 commit_at_ms=3.608917 commit_ms=0.003333 gpu_start_ms=4.443875048309565 gpu_end_ms=6.064125103875995 commit_to_gpu_start_ms=0.8349580483095647 gpu_idle_before_ms=0.03424996975809336
2026-10-08T15:21:58.224952084Z DEBUG proxima_model_interop::generate::decode: token_breakdown_argmax_split step=23 scan_ms=0 debug_ms=0
2026-10-08T15:21:58.224952584Z DEBUG proxima_model_interop::generate::decode: token_breakdown_gaps step=23 root_select_ms=0.033916 post_evaluate_ms=0.001291 pre_logits_ms=0.00175 checksum_ms=0 fetch_ms=0.001041 argmax_ms=0.000416 logits_hash_ms=0
2026-10-08T15:21:58.224953459Z INFO proxima_model_interop::generate::load_model: token_breakdown: per-decode-step wall-clock attribution step=23 new_count=1 cached_len_before=1022 step_wall_ms=6.365916 apply_serving_config_ms=0.000166 build_position_inputs_ms=0.00125 named_blocks_weights_ms=0.016 named_blocks_kv_ms=0.015208 kv_cache_upload_bytes=0 ssm_state_transfer_bytes=0 evaluate_ms=6.310083 layer_cache_append_ms=0.000166 layer_cache_append_bytes=0 greedy_pick_ms=0
2026-10-08T15:21:58.224962042Z INFO proxima_model_interop::generate::load_model: token_breakdown_metal: per-decode-step metal stage attribution step=23 prepare_calls=0 prepare_ms=0 emit_calls=0 emit_ms=0 pipeline_hits=0 pipeline_misses=0 pipeline_compile_ms=0 block_upload_calls=6 block_upload_ms=0 block_offered_bytes=272 block_copied_bytes=272 block_nocopy_bound_bytes=0 block_offset_bound_bytes=0 op_setup_calls=374 op_setup_ms=0.008583 pipeline_lookup_calls=0 pipeline_lookup_ms=0 encode_dispatch_calls=374 physical_dispatch_calls=398 encode_dispatch_ms=2.993833 gpu_exec_calls=8 gpu_exec_ms=2.55925 readback_calls=2 readback_ms=0.004708 readback_bytes=8 nocopy_uploads=0 copying_uploads=6 nocopy_reuses=0 resident_uploads=0 resident_reuses=0 mapping_offset_uploads=0 mapping_rebound_blocks=4 mapping_residency_rung=prefault expert_mapping_candidate_uploads=0 expert_mapping_missed_uploads=0 nocopy_cache_len=25 resident_cache_len=0 resident_cache_bytes=0 uniform_cache_len=1 phys_footprint_bytes=5961383232 device_allocated_bytes=1598881792 output_buffer_allocations=0 output_buffer_allocated_bytes=0 checkpoint_mapping_buffer_bytes=1422245888 expert_mapping_buffer_bytes=0 plan_uniform_writes=0 retire_scan_calls=893 retire_scan_ms=0.079625 expert_buffers_lookup_calls=374 expert_buffers_lookup_ms=0.276625 placement_resolve_calls=374 placement_resolve_ms=0.0345 loop_head_calls=383 loop_head_ms=0.0955 encoder_finish_ms=0.000375 pre_encode_calls=1 pre_encode_ms=0.073208 resolve_plan_ms=0.000208 prepare_infer_ms=0 prepare_validate_ms=0 prepare_bind_ms=0 prepare_optimize_ms=0 prepare_retire_ms=0 build_plan_uniforms_ms=0 resolve_steps_ms=0 uniform_buffer_allocations=0 barriers=0 barriers_raw=0 barriers_waw=0 barriers_war=0 barriers_waw_war_arena_recycled=0 barriers_waw_war_persistent=0 expert_source_cache_hits=0 expert_source_cache_misses=0 expert_source_cache_cold_misses=0 expert_source_cache_replacement_misses=0 expert_source_reuse_copy_bytes=0 expert_source_reuse_copy_ms=0 plan_cache_len=0 plan_hits=22 plan_misses=2 plan_refits=0 plan_arena_allocated_bytes=0 segment_arena_allocated_bytes=0 placed_arena_allocated_bytes=54414264 ablation=false kind_filter=
2026-10-08T15:21:58.221420667Z DEBUG omega::metal::placements_execute_named: chunk_phase step=23 chunk=7 phase=encode start_raw_s=678345.68361125 end_raw_s=678345.684350791
2026-10-08T15:21:58.221420959Z DEBUG omega::metal::placements_execute_named: chunk_phase step=23 chunk=7 phase=commit start_raw_s=678345.684350875 end_raw_s=678345.684353666
