   Compiling omega v0.1.0 (/Users/brianbruggeman/repos/slot-0/proxima-combine2-base/omega)
    Finished `gate` profile [optimized] target(s) in 26.05s
────────────
 Nextest run ID b7552e9f-94c3-48ec-80c0-a0269e201a03 with nextest profile: default
    Starting 765 tests across 105 binaries (16 tests skipped)
        PASS [   0.010s] (  1/765) omega config::tests::an_environment_with_no_omega_variables_loads_the_default_policy
        PASS [   0.010s] (  2/765) omega config::tests::the_pipeline_cache_knobs_come_from_omega_variables
        PASS [   0.010s] (  3/765) omega grid::tests::a_product_that_fits_is_returned_exactly
        PASS [   0.010s] (  4/765) omega backend::tests::every_engine_name_round_trips_through_from_str
        PASS [   0.010s] (  5/765) omega backend::tests::from_env_with_a_known_name_resolves_to_its_variant
        PASS [   0.010s] (  6/765) omega backend::tests::from_env_with_an_unknown_name_errors_without_falling_back
        PASS [   0.010s] (  7/765) omega backend::tests::from_env_unset_falls_back_to_the_compiled_default
        PASS [   0.012s] (  8/765) omega backend::tests::an_unknown_engine_name_lists_the_known_ones
        PASS [   0.012s] (  9/765) omega backend::tests::metal_plan_rejects_malformed_expert_sources_at_the_public_execution_boundary
        PASS [   0.015s] ( 10/765) omega backend::tests::gpu_expert_source_gate_rejects_a_nonempty_substitution_table
        PASS [   0.009s] ( 11/765) omega identity::numeric_policy_cache_token_tests::a_single_permission_differs_from_bit_exact
        PASS [   0.009s] ( 12/765) omega grid::tests::an_empty_product_is_one_thread
        PASS [   0.009s] ( 13/765) omega identity::numeric_policy_cache_token_tests::the_three_presets_produce_distinct_tokens
        PASS [   0.011s] ( 14/765) omega grid::tests::a_product_that_wraps_u64_is_a_named_error_not_a_truncated_count
        PASS [   0.202s] ( 15/765) omega metal::arena_encode_dispatch_finish::arena_tests::uniform_contents_change_per_step_while_the_buffer_identity_does_not
        PASS [   0.203s] ( 16/765) omega metal::arena_encode_dispatch_finish::arena_tests::two_ops_with_identical_uniform_bytes_get_distinct_plan_owned_buffers
        PASS [   0.207s] ( 17/765) omega metal::arena_encode_dispatch_finish::arena_tests::live_buffer_count_bounded_in_steady_state
        PASS [   0.210s] ( 18/765) omega metal::arena_encode_dispatch_finish::arena_tests::an_extent_change_forces_a_documented_realloc
        PASS [   0.212s] ( 19/765) omega metal::arena_encode_dispatch_finish::arena_tests::a_pooled_slot_is_never_rebound_before_its_last_consumers_position
        PASS [   0.212s] ( 20/765) omega metal::arena_encode_dispatch_finish::arena_tests::a_programs_output_buffer_is_never_in_the_free_list
        PASS [   0.010s] ( 21/765) omega metal::arena_encode_dispatch_finish::attention_scratch_len_tests::row_tiled_scratch_is_sized_by_the_forms_own_split_count
        PASS [   0.010s] ( 22/765) omega metal::arena_encode_dispatch_finish::attention_scratch_len_tests::decode_split_positions_keep_their_own_scratch
        PASS [   0.011s] ( 23/765) omega metal::arena_encode_dispatch_finish::attention_scratch_len_tests::decode_dispatch_still_reserves_the_compiled_split_maximum
        PASS [   0.011s] ( 24/765) omega metal::arena_encode_dispatch_finish::attention_scratch_len_tests::prefill_dispatch_sizes_scratch_by_the_real_split_count_not_the_compiled_max
        PASS [   0.011s] ( 25/765) omega metal::arena_encode_dispatch_finish::attention_scratch_len_tests::the_row_tiled_positions_of_a_plan_share_one_scratch_sized_at_the_widest
        PASS [   0.014s] ( 26/765) omega metal::arena_encode_dispatch_finish::block_node_attribution_tests::declaration_ordered_blocks_plan_cleanly
        PASS [   0.010s] ( 27/765) omega metal::arena_encode_dispatch_finish::expert_payload_descriptor_tests::all_expert_arena_descriptors_keep_mmap_relative_offsets
        PASS [   0.011s] ( 28/765) omega metal::arena_encode_dispatch_finish::block_node_attribution_tests::weight_first_blocks_against_activation_first_program_names_the_true_node
        PASS [   0.011s] ( 29/765) omega metal::arena_encode_dispatch_finish::expert_payload_descriptor_tests::live_input_mask_filters_dead_expert_blocks_and_keeps_requested_roots
        PASS [   0.010s] ( 30/765) omega metal::arena_encode_dispatch_finish::expert_payload_descriptor_tests::mixed_hobbit_entries_keep_codec_and_byte_spans_separate
        PASS [   0.012s] ( 31/765) omega metal::arena_encode_dispatch_finish::expert_payload_descriptor_tests::mixed_hobbit_entries_accept_q3k_runtime_decoder
        PASS [   0.010s] ( 32/765) omega metal::arena_encode_dispatch_finish::expert_payload_descriptor_tests::selected_hobbit_descriptor_offsets_follow_compact_payload_order
        PASS [   0.010s] ( 33/765) omega metal::arena_encode_dispatch_finish::expert_payload_descriptor_tests::selected_hobbit_entries_compact_payload_but_keep_original_ids
        PASS [   0.010s] ( 34/765) omega metal::arena_encode_dispatch_finish::expert_payload_descriptor_tests::selected_hobbit_preserves_sparse_original_expert_indices
        PASS [   0.011s] ( 35/765) omega metal::arena_encode_dispatch_finish::expert_payload_descriptor_tests::substituted_expert_stack_is_absent_from_ordinary_uploads
        PASS [   0.011s] ( 36/765) omega metal::arena_encode_dispatch_finish::expert_payload_descriptor_tests::selected_hobbit_q6k_entry_keeps_codec_and_descriptor_tag
        PASS [   0.011s] ( 37/765) omega metal::arena_encode_dispatch_finish::expert_payload_descriptor_tests::transient_staging_accepts_a_smaller_mixed_codec_table
        PASS [   0.010s] ( 38/765) omega metal::arena_encode_dispatch_finish::expert_payload_descriptor_tests::transient_staging_rejects_a_full_size_expert_stack_before_upload
        PASS [   0.010s] ( 39/765) omega metal::arena_encode_dispatch_finish::hazard_tracker_tests::a_missing_operand_buffer_is_an_error_not_a_dropped_hazard
        PASS [   0.011s] ( 40/765) omega metal::arena_encode_dispatch_finish::hazard_tracker_tests::a_binding_list_gaining_a_read_is_barriered_with_no_second_call_site_to_update
        PASS [   0.010s] ( 41/765) omega metal::arena_encode_dispatch_finish::hazard_tracker_tests::a_sibling_op_between_the_split_write_and_the_merge_read_does_not_hide_the_scratch_raw_hazard
        PASS [   0.011s] ( 42/765) omega metal::arena_encode_dispatch_finish::hazard_tracker_tests::arena_slot_reuse_after_a_read_emits_a_war_barrier
        PASS [   0.010s] ( 43/765) omega metal::arena_encode_dispatch_finish::hazard_tracker_tests::hazard_walk_over_bindings_matches_the_decode_shaped_fixtures_expected_trace
        PASS [   0.010s] ( 44/765) omega metal::arena_encode_dispatch_finish::hazard_tracker_tests::independent_producers_share_no_barrier_but_their_joint_consumer_does
        PASS [   0.010s] ( 45/765) omega metal::arena_encode_dispatch_finish::hazard_tracker_tests::last_reader_table_protects_a_fused_epilogues_sibling_read
        PASS [   0.010s] ( 46/765) omega metal::arena_encode_dispatch_finish::hazard_tracker_tests::logical_retirement_preserves_arena_identity_hazards
        PASS [   0.012s] ( 47/765) omega metal::arena_encode_dispatch_finish::hazard_tracker_tests::merged_dispatch_records_all_eight_outputs_against_one_shared_input_set
        PASS [   0.012s] ( 48/765) omega metal::arena_encode_dispatch_finish::merge_pipeline_key_tests::a_merge_kernel_that_took_the_flat_form_never_shares_a_key_with_its_linear_sibling
        PASS [   0.012s] ( 49/765) omega metal::arena_encode_dispatch_finish::plan_query_rows_tests::cap_scales_linearly_with_the_callers_own_new_count
        PASS [   0.013s] ( 50/765) omega metal::arena_encode_dispatch_finish::hazard_tracker_tests::production_sequence_barriers_before_the_raw_and_war_ops_only
        PASS [   0.268s] ( 51/765) omega metal::arena_encode_dispatch_finish::arena_tests::execute_plan_never_builds_the_arena_or_uniforms_for_the_unplaced_path
        PASS [   0.011s] ( 52/765) omega metal::arena_encode_dispatch_finish::plan_query_rows_tests::expert_count_leading_op_never_inflates_the_decode_cap
        PASS [   0.266s] ( 53/765) omega metal::arena_encode_dispatch_finish::arena_tests::pooled_output_equals_the_cpu_oracle_on_a_real_forward
        PASS [   0.014s] ( 54/765) omega metal::arena_encode_dispatch_finish::plan_query_rows_tests::decode_step_bind_row_count_is_one
        PASS [   0.012s] ( 55/765) omega metal::arena_encode_dispatch_finish::plan_query_rows_tests::gemma4_e2b_prefill_admits_its_true_peak_at_the_bind_time_row_count
        PASS [   0.010s] ( 56/765) omega metal::arena_encode_dispatch_finish::plan_query_rows_tests::symbols_less_caller_defaults_to_one_row
        PASS [   0.010s] ( 57/765) omega metal::arena_encode_dispatch_finish::plan_query_rows_tests::thousand_row_prefill_shape_fits_the_scaled_cap
        PASS [   0.010s] ( 58/765) omega metal::arena_encode_dispatch_finish::plan_query_rows_tests::oversized_peak_at_the_same_row_count_is_still_rejected
        PASS [   0.282s] ( 59/765) omega metal::arena_encode_dispatch_finish::arena_tests::a_serial_plan_packs_released_outputs_of_different_lengths_into_one_buffer
        PASS [   0.275s] ( 60/765) omega metal::arena_encode_dispatch_finish::arena_tests::serial_packed_and_concurrent_whole_slot_runs_return_the_same_bits
        PASS [   0.010s] ( 61/765) omega metal::arena_layout::tests::packed_outputs_live_together_never_share_bytes
        PASS [   0.011s] ( 62/765) omega metal::arena_layout::tests::packed_buffer_is_never_smaller_than_the_live_peak
        PASS [   0.010s] ( 63/765) omega metal::arena_layout::tests::packed_range_serves_a_later_output_of_a_different_length
        PASS [   0.010s] ( 64/765) omega metal::arena_layout::tests::packed_stacked_block_needs_the_hidden_and_down_buffers_not_the_sum_of_size_classes
        PASS [   0.013s] ( 65/765) omega metal::arena_layout::tests::packed_placement_is_disjoint_for_pseudo_random_programs
        PASS [   0.010s] ( 66/765) omega metal::arena_layout::tests::packing_an_empty_plan_allocates_only_the_empty_shared_buffer
        PASS [   0.009s] ( 67/765) omega metal::arena_layout::tests::whole_slots_hand_a_released_buffer_to_a_later_output_of_the_same_length
        PASS [   0.009s] ( 68/765) omega metal::command_buffer_failed_label_tests::present_label_is_kept_verbatim
        PASS [   0.009s] ( 69/765) omega metal::command_buffer_failed_label_tests::nil_label_becomes_unlabeled_marker
        PASS [   0.010s] ( 70/765) omega metal::arena_layout::tests::whole_slots_keep_a_resident_output_out_of_the_free_list
        PASS [   0.010s] ( 71/765) omega metal::command_buffer_failed_label_tests::empty_label_is_kept_not_replaced
        PASS [   0.009s] ( 72/765) omega metal::device_buffers_arena_plan::block_buffer_reusable_tests::a_first_call_with_no_recorded_identity_is_never_reused
        PASS [   0.009s] ( 73/765) omega metal::device_buffers_arena_plan::block_buffer_reusable_tests::a_non_resident_block_is_never_reused_even_at_the_same_address
        PASS [   0.009s] ( 74/765) omega metal::device_buffers_arena_plan::block_buffer_reusable_tests::a_resident_block_at_the_same_address_and_length_is_reused
        PASS [   0.009s] ( 75/765) omega metal::device_buffers_arena_plan::block_buffer_reusable_tests::a_resident_block_whose_address_moved_is_rebuilt
        PASS [   0.009s] ( 76/765) omega metal::device_buffers_arena_plan::block_buffer_reusable_tests::a_resident_block_whose_length_changed_is_rebuilt
        PASS [   0.010s] ( 77/765) omega metal::device_buffers_arena_plan::command_buffer_failed_context_tests::display_names_each_failing_encoder_and_its_error_state
        PASS [   0.010s] ( 78/765) omega metal::device_buffers_arena_plan::command_buffer_failed_context_tests::display_names_the_failing_chunk_and_its_op_range
        PASS [   0.011s] ( 79/765) omega metal::device_buffers_arena_plan::command_buffer_failed_context_tests::single_buffer_diagnostics_read_as_untracked_rather_than_a_fabricated_position
        PASS [   0.009s] ( 80/765) omega metal::pipeline_disk_cache::tests::digest_is_stable_and_changes_with_every_field
        PASS [   0.009s] ( 81/765) omega metal::pipeline_disk_cache::tests::digest_separates_fields_that_concatenate_alike
        PASS [   0.010s] ( 82/765) omega metal::pipeline_disk_cache::tests::eviction_counts_partial_writes_against_the_budget
        PASS [   0.009s] ( 83/765) omega metal::pipeline_disk_cache::tests::eviction_keeps_everything_when_the_files_fit
        PASS [   0.008s] ( 84/765) omega metal::pipeline_disk_cache::tests::eviction_of_a_missing_directory_is_an_error_not_a_silent_zero
        PASS [   0.010s] ( 85/765) omega metal::pipeline_disk_cache::tests::eviction_removes_the_oldest_cache_files_until_the_budget_holds
        PASS [   0.008s] ( 86/765) omega metal::pipeline_disk_cache::tests::location_follows_the_config_switches
        PASS [   0.172s] ( 87/765) omega metal::arena_encode_dispatch_finish::uniform_cache_tests::uniform_buffer_reuses_still_counts_hits
        PASS [   0.146s] ( 88/765) omega metal::pipeline_buffers_upload::checkpoint_mapping_release_tests::expert_mapping_resolves_a_misaligned_arena_slice_and_unregisters
        PASS [   0.145s] ( 89/765) omega metal::pipeline_buffers_upload::checkpoint_mapping_release_tests::packed_upload_prefers_the_registered_expert_mapping
        PASS [   0.178s] ( 90/765) omega metal::arena_encode_dispatch_finish::uniform_cache_tests::a_cache_hit_refreshes_the_use_tick
        PASS [   0.141s] ( 91/765) omega metal::pipeline_buffers_upload::checkpoint_mapping_release_tests::unregister_only_clears_the_currently_registered_identity
        PASS [   0.011s] ( 92/765) omega metal::placements_execute_named::chunk_boundary_tests::two_chunks_keep_the_even_split_because_a_head_would_leave_one_tail_chunk
        PASS [   0.012s] ( 93/765) omega metal::placements_execute_named::chunk_boundary_tests::a_plan_no_longer_than_the_head_falls_back_to_the_even_split
        PASS [   0.011s] ( 94/765) omega metal::placements_execute_named::chunk_boundary_tests::one_chunk_or_an_empty_plan_has_no_boundaries
        PASS [   0.011s] ( 95/765) omega metal::prepare_uniforms_pack::numeric_policy_construction_tests::metal_math_mode_round_trips_through_numeric_policy
        PASS [   0.013s] ( 96/765) omega metal::placements_execute_named::chunk_boundary_tests::gemma4_decode_step_gets_a_short_head_and_an_even_tail
        PASS [   0.009s] ( 97/765) omega metal::prepare_uniforms_pack::numeric_policy_construction_tests::plan_refuses_a_mismatched_policy_instead_of_silently_narrowing
        PASS [   0.009s] ( 98/765) omega metal::prepare_uniforms_pack::numeric_policy_construction_tests::set_math_mode_narrows_within_the_bound_policy_but_never_widens_it
        PASS [   0.009s] ( 99/765) omega metal::prepare_uniforms_pack::numeric_policy_construction_tests::plan_records_the_policy_it_bound_under_not_a_later_default
        PASS [   0.194s] (100/765) omega metal::arena_encode_dispatch_finish::uniform_cache_tests::filling_past_capacity_evicts_the_least_recently_used_entry
        PASS [   0.011s] (101/765) omega metal::prepare_uniforms_pack::numeric_policy_construction_tests::numeric_policy_projection_never_grants_more_than_the_policy_allows
        PASS [   0.009s] (102/765) omega metal::prepare_uniforms_pack::pack_uniforms_byte_len_tests::decode_split_uniforms_carry_the_bind_time_counts_and_match_the_byte_len
        PASS [   0.009s] (103/765) omega metal::prepare_uniforms_pack::pack_uniforms_byte_len_tests::elementwise_byte_len_matches_the_real_packed_bytes
        PASS [   0.010s] (104/765) omega metal::prepare_uniforms_pack::pack_uniforms_byte_len_tests::reduce_byte_len_matches_the_real_packed_bytes
        PASS [   0.011s] (105/765) omega metal::prepare_uniforms_pack::pack_uniforms_byte_len_tests::row_tiled_uniforms_carry_the_row_head_count_and_the_split_count_and_match_the_byte_len
        PASS [   0.011s] (106/765) omega metal::resident_nocopy_cache::cross_plan_resident_reuse_tests::a_host_range_the_global_caches_have_never_seen_is_not_resolved
        PASS [   0.205s] (107/765) omega metal::pipeline_disk_cache::tests::a_compiled_pipeline_is_published_then_loaded_and_computes_the_same_bytes
        PASS [   0.206s] (108/765) omega metal::pipeline_disk_cache::tests::a_corrupt_archive_file_is_replaced_by_a_fresh_compile
        PASS [   0.207s] (109/765) omega metal::pipeline_disk_cache::tests::an_archive_larger_than_the_budget_is_evicted_but_the_pipeline_still_runs
        PASS [   0.164s] (110/765) omega metal::pipeline_disk_cache::tests::math_mode_and_source_each_name_a_separate_archive
        PASS [   0.108s] (111/765) omega metal::resident_nocopy_cache::resident_buffer_cache_tests::a_resident_name_rebound_to_a_different_length_is_rejected
        PASS [   0.135s] (112/765) omega metal::resident_nocopy_cache::nocopy_buffer_cache_tests::the_same_nocopy_name_still_hits_the_cache
        PASS [   0.133s] (113/765) omega metal::resident_nocopy_cache::resident_buffer_cache_tests::a_resident_cache_hit_adds_no_bytes_to_the_copied_counter
        PASS [   0.169s] (114/765) omega metal::resident_nocopy_cache::nocopy_buffer_cache_tests::a_nocopy_name_rebound_to_a_different_length_is_rejected
        PASS [   0.168s] (115/765) omega metal::resident_nocopy_cache::nocopy_buffer_cache_tests::release_resident_names_evicts_only_the_named_entry
        PASS [   0.180s] (116/765) omega metal::resident_nocopy_cache::cross_plan_resident_reuse_tests::a_checkpoint_mapped_block_is_resolved_from_the_global_cache_without_an_offer
        PASS [   0.168s] (117/765) omega metal::resident_nocopy_cache::nocopy_buffer_cache_tests::an_unnamed_upload_is_never_cached
        PASS [   0.133s] (118/765) omega metal::resident_nocopy_cache::resident_buffer_cache_tests::a_resident_name_rebound_to_a_different_host_pointer_is_rejected
        PASS [   0.171s] (119/765) omega metal::resident_nocopy_cache::nocopy_buffer_cache_tests::a_nocopy_name_rebound_to_a_different_host_pointer_is_rejected
        PASS [   0.178s] (120/765) omega metal::resident_nocopy_cache::cross_plan_resident_reuse_tests::a_resident_name_rebound_to_different_bytes_is_rejected_not_silently_reused
        PASS [   0.010s] (121/765) omega msl::attn_rows_tests::row_tiled_splits_matches_the_grid_table
        PASS [   0.010s] (122/765) omega msl::attn_rows_tests::eight_kv_head_chunks_split_the_keys_until_the_target_threadgroups_are_filled
        PASS [   0.011s] (123/765) omega msl::attn_rows_tests::rows_per_threadgroup_follows_the_reuse_registers_memory_and_occupancy_budgets
        PASS [   0.011s] (124/765) omega msl::attn_rows_tests::a_launch_past_u32_threads_takes_the_flat_form_through_the_one_grid_decision
        PASS [   0.014s] (125/765) omega msl::attn_rows_tests::shapes_the_tile_cannot_serve_stay_on_the_one_dispatch_form
        PASS [   0.010s] (126/765) omega msl::attn_rows_tests::simdgroups_follow_the_reference_head_dim_rule_and_never_fall_below_two
        PASS [   0.010s] (127/765) omega msl::attn_rows_tests::the_declared_arrays_stay_inside_the_budget_at_every_admitted_shape
        PASS [   0.010s] (128/765) omega msl::attn_rows_tests::the_decode_split_baseline_bakes_the_new_key_count
        PASS [   0.010s] (129/765) omega msl::attn_rows_tests::the_k_row_softmax_weights_kernel_folds_the_new_range_in_key_order
        PASS [   0.010s] (130/765) omega msl::attn_rows_tests::the_k_row_softmax_weights_kernel_rejects_a_layout_not_collapsed_to_the_row_axes
        PASS [   0.009s] (131/765) omega msl::attn_rows_tests::the_one_row_softmax_weights_kernel_is_unchanged_with_the_rows_feature_on
        PASS [   0.010s] (132/765) omega msl::attn_rows_tests::the_partial_dispatches_one_threadgroup_per_kv_head_row_tile_and_split
        PASS [   0.011s] (133/765) omega msl::attn_rows_tests::the_row_count_the_policy_and_the_head_group_choose_the_form
        PASS [   0.015s] (134/765) omega msl::attn_rows_tests::the_kernel_source_carries_the_tile_decode_the_band_and_the_interleaved_store
        PASS [   0.009s] (135/765) omega msl::attn_rows_tests::the_row_tiled_kernel_declines_a_half_precision_op
        PASS [   0.012s] (136/765) omega msl::attn_rows_tests::the_split_binds_scratch_and_the_merge_runs_one_threadgroup_per_row_and_head
        PASS [   0.010s] (137/765) omega msl::attn_split_tests::a_twelve_operand_single_range_op_is_named_as_the_dynamic_form
        PASS [   0.010s] (138/765) omega msl::attn_split_tests::decode_split::shapes_and_policies_the_split_cannot_serve_stay_one_dispatch
        PASS [   0.010s] (139/765) omega msl::attn_split_tests::decode_split::the_merge_is_llamas_reduce_eight_groups_of_a_full_simdgroup_per_split
        PASS [   0.009s] (140/765) omega msl::attn_split_tests::decode_split::the_merge_rejects_a_head_dim_that_is_not_a_whole_float4_lane_set
        PASS [   0.009s] (141/765) omega msl::attn_split_tests::decode_split::the_partial_dispatches_one_threadgroup_per_head_and_split
        PASS [   0.011s] (142/765) omega msl::attn_split_tests::decode_split::the_partial_kernel_source_carries_the_split_grid_and_the_interleaved_store
        PASS [   0.012s] (143/765) omega msl::attn_split_tests::decode_split::the_simdgroup_walk_visits_every_key_of_a_split_exactly_once
        PASS [   0.008s] (144/765) omega msl::attn_split_tests::decode_split::the_single_range_writer_stores_the_same_interleaved_layout
        PASS [   0.008s] (145/765) omega msl::attn_split_tests::decode_split::the_split_and_chunk_counts_follow_the_bucket_capacity
        PASS [   0.008s] (146/765) omega msl::attn_split_tests::decode_split::the_split_binds_scratch_and_a_merge_follows_above_one_split
        PASS [   0.009s] (147/765) omega msl::attn_split_tests::decode_split::the_split_merge_algebra_matches_single_pass_on_the_four_key_fixture
        PASS [   0.008s] (148/765) omega msl::attn_split_tests::decode_split::the_split_partial_and_the_interleaved_merge_past_u32_threads_launch_flat_with_a_widened_source
        PASS [   0.010s] (149/765) omega msl::attn_split_tests::golden_identity::attention_sources_match_the_recorded_main_goldens
        PASS [   0.015s] (150/765) omega msl::attn_split_tests::decode_split::the_split_slices_partition_the_live_band_exactly_once
        PASS [   0.009s] (151/765) omega msl::attn_split_tests::split_limit_accepts_the_simd_width_and_rejects_more_with_a_typed_error
        PASS [   0.008s] (152/765) omega msl::attn_split_tests::the_form_classifier_reads_the_operand_count_and_the_row_discriminator
        PASS [   0.008s] (153/765) omega msl::attn_split_tests::the_scalar_kernel_bounds_the_new_range_by_the_window_only_when_the_window_cuts_it
        PASS [   0.009s] (154/765) omega msl::cooperative_fold_tests::bit_exact_policy_keeps_the_serial_fold_and_never_batches
        PASS [   0.008s] (155/765) omega msl::cooperative_fold_tests::cooperative_fold_issues_every_slot_load_before_the_first_fold
        PASS [   0.009s] (156/765) omega msl::cooperative_fold_tests::cooperative_fold_keeps_slot_order_so_the_sum_is_the_serial_sum
        PASS [   0.009s] (157/765) omega msl::tests::a_gather_free_op_names_and_binds_exactly_as_before_gather_existed
        PASS [   0.009s] (158/765) omega msl::tests::a_keep_scan_over_zero_axes_is_rejected
        PASS [   0.009s] (159/765) omega msl::tests::a_gather_op_emits_an_indices_binding_and_the_fetch_uniforms
        PASS [   0.009s] (160/765) omega msl::tests::a_gather_kernel_binds_and_declares_the_fault_buffer
        PASS [   0.008s] (161/765) omega msl::tests::a_select_reduction_body_is_rejected
        PASS [   0.009s] (162/765) omega msl::tests::block_staged_attention_rejects_a_head_dim_not_a_multiple_of_eight
        PASS [   0.009s] (163/765) omega msl::tests::block_staged_v_accumulate_falls_back_to_scalar_when_head_dim_not_32_aligned
        PASS [   0.009s] (164/765) omega msl::tests::an_arity_mismatched_op_is_rejected
        PASS [   0.109s] (165/765) omega metal::resident_nocopy_cache::resident_buffer_cache_tests::release_resident_names_evicts_only_the_named_resident_copy
        PASS [   0.109s] (166/765) omega metal::resident_nocopy_cache::resident_buffer_cache_tests::name_keyed_cache_never_serves_a_different_names_content
        PASS [   0.109s] (167/765) omega metal::resident_nocopy_cache::resident_buffer_cache_tests::the_same_resident_name_still_hits_the_cache
        PASS [   0.110s] (168/765) omega metal::resident_nocopy_cache::resident_buffer_cache_tests::pre_fix_address_keyed_cache_served_stale_content_across_names
        PASS [   0.009s] (169/765) omega msl::tests::block_staged_v_accumulate_uses_float4_and_a_cross_ty_reduce_when_aligned
        PASS [   0.009s] (170/765) omega msl::tests::block_width_one_renders_the_strictly_sequential_body_never_the_block_staged_one
        PASS [   0.009s] (171/765) omega msl::tests::cached_attention_at_one_chunk_never_emits_context_chunk_machinery
        PASS [   0.010s] (172/765) omega msl::tests::block_width_above_one_renders_the_block_staged_body_under_llama_relaxed
        PASS [   0.009s] (173/765) omega msl::tests::cached_attention_emits_one_online_softmax_dispatch
        PASS [   0.009s] (174/765) omega msl::tests::cached_attention_two_dispatch_form_is_inert_under_bit_exact
        PASS [   0.009s] (175/765) omega msl::tests::cached_softmax_weights_render_is_deterministic_and_width_dependent
        PASS [   0.011s] (176/765) omega msl::tests::classify_tiled_gemm_admits_todays_real_sized_block_k_for_both_codecs
        PASS [   0.010s] (177/765) omega msl::tests::codec_without_a_tiled_decode_description_never_takes_the_tiled_gemm_path::q4_1
        PASS [   0.014s] (178/765) omega msl::tests::codec_without_a_tiled_decode_description_never_takes_the_tiled_gemm_path::bfloat16
        PASS [   0.010s] (179/765) omega msl::tests::codec_without_a_tiled_decode_description_never_takes_the_tiled_gemm_path::iq4_nl
        PASS [   0.013s] (180/765) omega msl::tests::codec_without_a_tiled_decode_description_never_takes_the_tiled_gemm_path::q2k
        PASS [   0.010s] (181/765) omega msl::tests::context_chunk_merge_is_gated_by_numeric_policy_for_a_real_64_key_context
        PASS [   0.009s] (182/765) omega msl::tests::coord_index32_generic_reduce_source_differs_only_in_coordinate_lines
        PASS [   0.010s] (183/765) omega msl::tests::cooperative_identity_token_rejects_a_non_cooperative_reduce_op
        PASS [   0.010s] (184/765) omega msl::tests::coord_index32_single_token_shape_is_admitted_with_same_narrowing
        PASS [   0.009s] (185/765) omega msl::tests::cumsum_op_emits_a_scan_kernel_with_one_thread_per_line
        PASS [   0.010s] (186/765) omega msl::tests::decode_shape_stays_on_the_row_blocked_path_with_tiled_gemm_compiled_in
        PASS [   0.011s] (187/765) omega msl::tests::dense_batched_gemm_admission_is_switch_gated
        PASS [   0.010s] (188/765) omega msl::tests::dense_batched_restage_msl_dump_for_the_real_weather_score_shape
        PASS [   0.010s] (189/765) omega msl::tests::dense_batched_gemm_grid_spec_matches_tiled_shape
        PASS [   0.010s] (190/765) omega msl::tests::dense_layout_accepts_contiguous_and_rejects_broadcast
        PASS [   0.012s] (191/765) omega msl::tests::distinct_dtype_on_the_same_shape_yields_distinct_cache_keys_and_source
        PASS [   0.010s] (192/765) omega msl::tests::distinct_output_axis_set_at_the_same_output_rank_yields_distinct_cache_keys_and_source
        PASS [   0.011s] (193/765) omega msl::tests::distinct_output_rank_at_same_total_rank_yields_distinct_cache_keys_and_source
        PASS [   0.009s] (194/765) omega msl::tests::dynamic_cached_attention_kernel_identity_is_stable_across_kv_capacity_buckets
        PASS [   0.010s] (195/765) omega msl::tests::distinct_packed_codec_on_the_same_shape_yields_distinct_cache_keys_and_source
        PASS [   0.009s] (196/765) omega msl::tests::effective_context_chunk_cap_clamps_below_the_threadgroup_budget_for_qwen35_shape
        PASS [   0.010s] (197/765) omega msl::tests::effective_context_chunk_cap_holds_the_compiled_cap_for_the_openchat_shape
        PASS [   0.010s] (198/765) omega msl::tests::dynamic_tgmem_kernel_argument_and_launch_length_always_agree
        PASS [   0.010s] (199/765) omega msl::tests::elementwise_op_emits_one_input_one_output_and_a_matching_grid
        PASS [   0.012s] (200/765) omega msl::tests::elementwise_broadcast_decodes_omitted_axes_before_selected_axes
        PASS [   0.009s] (201/765) omega msl::tests::elementwise_unit_leading_axis_is_never_decoded
        PASS [   0.010s] (202/765) omega msl::tests::elementwise_outermost_modulo_elision_changes_the_kernel_cache_key
        PASS [   0.010s] (203/765) omega msl::tests::emit_is_deterministic_byte_equal
        PASS [   0.135s] (204/765) omega msl::attn_rows_tests::the_new_range_visits_every_key_a_row_of_the_tile_can_see_exactly_once
        PASS [   0.010s] (205/765) omega msl::tests::epilogue_operand_reuse::a_cooperative_fold_keeps_its_duplicate_operand_load
        FAIL [   0.010s] (206/765) omega msl::tests::epilogue_operand_reuse::a_fused_epilogue_finishes_each_row_of_the_simdgroup_on_its_own_lane
  stdout ───

    running 1 test
    test msl::tests::epilogue_operand_reuse::a_fused_epilogue_finishes_each_row_of_the_simdgroup_on_its_own_lane ... FAILED

    failures:

    failures:
        msl::tests::epilogue_operand_reuse::a_fused_epilogue_finishes_each_row_of_the_simdgroup_on_its_own_lane

    test result: FAILED. 0 passed; 1 failed; 0 ignored; 0 measured; 392 filtered out; finished in 0.00s

  stderr ───

    thread 'msl::tests::epilogue_operand_reuse::a_fused_epilogue_finishes_each_row_of_the_simdgroup_on_its_own_lane' (74956732) panicked at omega/src/msl/tests.rs:7947:9:
    four rows per simdgroup, one lane each:
    #include <metal_stdlib>
    using namespace metal;

    inline float proxima_erf(float x) {
        float sign = x < 0.0f ? -1.0f : 1.0f;
        float magnitude = fabs(x);
        float t = 1.0f / fma(0.3275911f, magnitude, 1.0f);
        float poly = t * fma(fma(fma(fma(1.061405429f, t, -1.453152027f), t, 1.421413741f), t, -0.284496736f), t, 0.254829592f);
        return sign * fma(poly, -exp(-magnitude * magnitude), 1.0f);
    }


    static inline float q2k_element(device const uchar *block, uint index) {
        device const uchar *scales = block;
        device const uchar *qs = block + 16;
        ushort d_bits = (ushort)((uint)block[80] | ((uint)block[81] << 8));
        ushort dmin_bits = (ushort)((uint)block[82] | ((uint)block[83] << 8));
        float d = (float)as_type<half>(d_bits);
        float dmin = (float)as_type<half>(dmin_bits);

        uint chunk = index / 128u;
        uint within = index % 128u;
        uint group = within / 32u;
        uint local = within % 32u;
        uint sub_block = chunk * 8u + group * 2u + (local >= 16u ? 1u : 0u);
        uchar scale_min = scales[sub_block];
        float scale = d * (float)(scale_min & 0x0Fu);
        float minimum = dmin * (float)(scale_min >> 4u);
        uchar level = (qs[chunk * 32u + local] >> (2u * group)) & 0x03u;
        return scale * (float)level - minimum;
    }


    // ports proxima_gguf::quant::q3_k::unpack_scale -- the same bit-interleaved
    // 6-bit unpack q4k_scale_min/q5k_scale_min use for a (scale, min) pair,
    // restated here for a scale-only code (no min), same posture as
    // q5k_scale_min restating q4k_scale_min.
    static inline int q3k_unpack_scale(device const uchar *scales, uint sub_block) {
        uchar low = (sub_block < 8u) ? (scales[sub_block] & 0x0Fu) : (scales[sub_block - 8u] >> 4u);
        uchar high = (scales[8u + sub_block % 4u] >> (2u * (sub_block / 4u))) & 0x03u;
        int combined = (int)(low | (high << 4u));
        return combined - 32;
    }

    // one Q3_K super-block's per-sub-block (16-element) scale and high-bit
    // MASK, decoded ONCE for a run of elements sharing both -- same
    // amortization q4k_header_for/q5k_header_for make, at Q3_K's own 16-element
    // sub-block granularity rather than their 32-element one.
    struct q3k_header { float scale; uchar mask; };

    static inline q3k_header q3k_header_for(device const uchar *block, uint index) {
        device const uchar *scales = block + 96;
        ushort d_bits = (ushort)((uint)block[108] | ((uint)block[109] << 8));
        float d = (float)as_type<half>(d_bits);

        uint chunk = index / 128u;
        uint rem = index % 128u;
        uint j = rem / 32u;
        uint local32 = rem % 32u;
        bool low = local32 < 16u;
        uint sub_block = 8u * chunk + 2u * j + (low ? 0u : 1u);

        q3k_header header;
        header.scale = d * (float)q3k_unpack_scale(scales, sub_block);
        header.mask = (uchar)(1u << (4u * chunk + j));
        return header;
    }

    // one element, given its sub-block's already-decoded header.
    static inline float q3k_value(device const uchar *block, uint index, q3k_header header) {
        device const uchar *hmask = block;
        device const uchar *qs = block + 32;

        uint chunk = index / 128u;
        uint rem = index % 128u;
        uint j = rem / 32u;
        uint local32 = rem % 32u;

        uchar level = (qs[chunk * 32u + local32] >> (2u * j)) & 0x03u;
        float correction = (hmask[local32] & header.mask) != 0u ? 0.0f : 4.0f;
        return header.scale * ((float)level - correction);
    }

    // element `index` of one Q3_K super-block, decoding its own header first --
    // the generic per-element path (`operand_read`'s non-row-blocked callers)
    // has no amortized header to reuse across elements, same posture as
    // q5k_element/q6k_element.
    static inline float q3k_element(device const uchar *block, uint index) {
        return q3k_value(block, index, q3k_header_for(block, index));
    }


    static inline float q3k_pair_dot(device const uchar *block, uint iq, uint ir, thread const float *yl, thread const float *yh) {
        device const uchar *hmask = block;
        device const uchar *qs = block + 32;
        uint low_index = 64u * iq + 8u * ir;
        q3k_header h0 = q3k_header_for(block, low_index);
        q3k_header h1 = q3k_header_for(block, low_index + 32u);
        q3k_header h2 = q3k_header_for(block, low_index + 128u);
        q3k_header h3 = q3k_header_for(block, low_index + 160u);
        uint shift0 = 4u * iq;
        uint shift1 = shift0 + 2u;
        uint byte_offset = 8u * ir;
        float result = 0.0f;
        for (uint l = 0u; l < 8u; ++l) {
            uchar q1 = qs[byte_offset + l];
            uchar q2 = qs[32u + byte_offset + l];
            uchar hm = hmask[byte_offset + l];
            float low0 = (float)((q1 >> shift0) & 0x03u) - ((hm & h0.mask) != 0u ? 0.0f : 4.0f);
            float low1 = (float)((q1 >> shift1) & 0x03u) - ((hm & h1.mask) != 0u ? 0.0f : 4.0f);
            float high0 = (float)((q2 >> shift0) & 0x03u) - ((hm & h2.mask) != 0u ? 0.0f : 4.0f);
            float high1 = (float)((q2 >> shift1) & 0x03u) - ((hm & h3.mask) != 0u ? 0.0f : 4.0f);
            result += h0.scale * low0 * yl[l];
            result += h1.scale * low1 * yl[l + 8u];
            result += h2.scale * high0 * yh[l];
            result += h3.scale * high1 * yh[l + 8u];
        }
        return result;
    }


    // ports proxima_gguf::quant::q4_k::get_scale_min_k4
    static inline uchar2 q4k_scale_min(device const uchar *scales, uint sub_block) {
        if (sub_block < 4u) {
            return uchar2(scales[sub_block] & 63, scales[sub_block + 4u] & 63);
        }
        uchar scale = (scales[sub_block + 4u] & 0x0F) | ((scales[sub_block - 4u] >> 6) << 4);
        uchar minimum = (scales[sub_block + 4u] >> 4) | ((scales[sub_block] >> 6) << 4);
        return uchar2(scale, minimum);
    }

    // element `index` (0..256) of one Q4_K super-block, byte-for-byte the value
    // proxima_gguf::quant::q4_k::dequantize_block writes at the same index.
    static inline float q4k_element(device const uchar *block, uint index) {
        ushort d_bits = (ushort)((uint)block[0] | ((uint)block[1] << 8));
        ushort dmin_bits = (ushort)((uint)block[2] | ((uint)block[3] << 8));
        float d = (float)as_type<half>(d_bits);
        float dmin = (float)as_type<half>(dmin_bits);

        device const uchar *scales = block + 4;
        device const uchar *qs = block + 16;

        uint group = index / 64u;
        uint within = index % 64u;
        bool low_nibble = within < 32u;
        uint sub_block = 2u * group + (low_nibble ? 0u : 1u);
        uint byte_index = group * 32u + (within % 32u);

        uchar2 scale_min = q4k_scale_min(scales, sub_block);
        float scale = d * (float)scale_min.x;
        float minimum = dmin * (float)scale_min.y;
        uchar nibble = low_nibble ? (qs[byte_index] & 0x0F) : (qs[byte_index] >> 4);
        return scale * (float)nibble - minimum;
    }

    // A super-block's per-sub-block scale and min, decoded ONCE for a run of
    // elements inside that sub-block. `d`, `dmin` and the 6-bit scale/min pair
    // are constant across all 32 elements of a sub-block, so deriving them per
    // element (what `q4k_element` does) is 8-40x the arithmetic of the nibble
    // extract it feeds. ggml decodes once per super-block and spends ~1.6 ops
    // per weight; this is the same amortization.
    struct q4k_header { float scale; float minimum; };

    static inline q4k_header q4k_header_for(device const uchar *block, uint index) {
        ushort d_bits = (ushort)((uint)block[0] | ((uint)block[1] << 8));
        ushort dmin_bits = (ushort)((uint)block[2] | ((uint)block[3] << 8));
        device const uchar *scales = block + 4;
        uint group = index / 64u;
        uint within = index % 64u;
        uint sub_block = 2u * group + (within < 32u ? 0u : 1u);
        uchar2 scale_min = q4k_scale_min(scales, sub_block);
        q4k_header header;
        header.scale = (float)as_type<half>(d_bits) * (float)scale_min.x;
        header.minimum = (float)as_type<half>(dmin_bits) * (float)scale_min.y;
        return header;
    }

    // one element, given its sub-block's already-decoded header. This is the
    // whole per-element cost in the tiled loop: one byte load, one mask or
    // shift, one fma.
    static inline float q4k_value(device const uchar *block, uint index, q4k_header header) {
        device const uchar *qs = block + 16;
        uint group = index / 64u;
        uint within = index % 64u;
        uint byte_index = group * 32u + (within % 32u);
        uchar nibble = (within < 32u) ? (qs[byte_index] & 0x0F) : (qs[byte_index] >> 4);
        return header.scale * (float)nibble - header.minimum;
    }

    static inline float q4k_pair_dot(device const uchar *block, uint iq, uint ir, thread const float *yl, thread const float *yh) {
        device const uchar *qs = block + 16;
        // ggml's q1/q2 pointers are uint16_t, so its +32 offset advances 64 bytes.
        uint byte_base = 32u * iq + 8u * ir;
        // `qs` sits at offset 16 in a 144-byte block (both even), and `byte_base`
        // is always a multiple of 8, so every `ushort` word below is 2-byte
        // aligned -- matches ggml's `(device const uint16_t *)qs + 16*iq + 4*ir`.
        device const ushort *word_low = (device const ushort *)(qs + byte_base);
        device const ushort *word_high = (device const ushort *)(qs + byte_base + 64u);
        uint low_index = 64u * iq + 8u * ir;
        q4k_header h0 = q4k_header_for(block, low_index);
        q4k_header h1 = q4k_header_for(block, low_index + 32u);
        q4k_header h2 = q4k_header_for(block, low_index + 128u);
        q4k_header h3 = q4k_header_for(block, low_index + 160u);
        float result = 0.0f;
        for (uint i = 0u; i < 4u; ++i) {
            uint word1 = (uint)word_low[i];
            uint word2 = (uint)word_high[i];
            result += (h0.scale * (float)(word1 & 0x0Fu) - h0.minimum) * yl[2u * i + 0u];
            result += (h0.scale * (float)((word1 >> 8) & 0x0Fu) - h0.minimum) * yl[2u * i + 1u];
            result += (h1.scale * (float)((word1 >> 4) & 0x0Fu) - h1.minimum) * yl[2u * i + 8u];
            result += (h1.scale * (float)((word1 >> 12) & 0x0Fu) - h1.minimum) * yl[2u * i + 9u];
            result += (h2.scale * (float)(word2 & 0x0Fu) - h2.minimum) * yh[2u * i + 0u];
            result += (h2.scale * (float)((word2 >> 8) & 0x0Fu) - h2.minimum) * yh[2u * i + 1u];
            result += (h3.scale * (float)((word2 >> 4) & 0x0Fu) - h3.minimum) * yh[2u * i + 8u];
            result += (h3.scale * (float)((word2 >> 12) & 0x0Fu) - h3.minimum) * yh[2u * i + 9u];
        }
        return result;
    }

    // `q4k_pair_dot` generalized across an activation GROUP: `push_packed_row_
    // multi_row_body`'s own per-element `operand_read` loop (`docs/discipline.md`
    // ROW 389) decoded this row's header/nibble words once PER TOKEN instead of
    // once per weight-block iteration, because it never shared this function's
    // `word_low`/`word_high`/`h0..h3` decode across the group. `q4k_pair_dot_mr`
    // pulls that decode out of the per-token loop: `word_low`/`word_high` and
    // `h0..h3` are read/derived exactly once, then the eight-fma accumulate
    // below runs once per token, gathering that ONE token's 16+16 `yl`/`yh`
    // floats from `other_ptr` (via `other_base[s]`/`other_stride`/
    // `other_ib_offset`) immediately before folding them.
    //
    // CORRECTION (perf/prefill-packed-row-decode): a first version of this
    // function took pre-gathered `yl_group[cap][16]`/`yh_group[cap][16]` thread
    // arrays instead -- 256 live private floats at `cap = 8` -- and measured
    // SLOWER on a 31-token prefill than the generic per-element body it
    // replaced (step-0 GPU 13.0s on main vs 15.1-21.8s on that version). Arrays
    // sized by `cap` force Metal to reserve that much thread/private storage
    // for the whole per-block-iteration accumulate regardless of how many of
    // those `cap` slots are actually live at once, collapsing occupancy. This
    // version stages one token's `yl`/`yh` at a time inside the `s` loop below,
    // so live private state is ~40 floats (`yl`, `yh`, `result_s`, `result[]`)
    // no matter how large `cap` gets -- at the cost of re-issuing `other_ptr`'s
    // device loads once per output row (`rows_per_simdgroup`, 4 for `Q4_K`)
    // instead of once shared across all four; each repeat reads the SAME
    // address as the other three (same lane, same token, same sub-block
    // offset), so it costs a cache hit, not additional HBM traffic.
    static inline void q4k_pair_dot_mr(device const uchar *block, uint iq, uint ir, device const float *other_ptr, thread const long *other_base, long other_stride, long other_ib_offset, uint cap, thread float *result) {
        device const uchar *qs = block + 16;
        uint byte_base = 32u * iq + 8u * ir;
        device const ushort *word_low = (device const ushort *)(qs + byte_base);
        device const ushort *word_high = (device const ushort *)(qs + byte_base + 64u);
        uint low_index = 64u * iq + 8u * ir;
        q4k_header h0 = q4k_header_for(block, low_index);
        q4k_header h1 = q4k_header_for(block, low_index + 32u);
        q4k_header h2 = q4k_header_for(block, low_index + 128u);
        q4k_header h3 = q4k_header_for(block, low_index + 160u);
        ushort w1[4]; ushort w2[4];
        for (uint i = 0u; i < 4u; ++i) { w1[i] = word_low[i]; w2[i] = word_high[i]; }
        long lane_offset = (long)(64u * iq + 8u * ir) * other_stride;
        for (uint s = 0u; s < cap; ++s) {
            device const float *y4 = other_ptr + other_base[s] + other_ib_offset + lane_offset;
            float yl[16];
            float yh[16];
            for (uint i = 0u; i < 8u; ++i) {
                yl[i] = y4[(long)i * other_stride];
                yl[i + 8u] = y4[(long)(i + 32u) * other_stride];
                yh[i] = y4[(long)(i + 128u) * other_stride];
                yh[i + 8u] = y4[(long)(i + 160u) * other_stride];
            }
            float result_s = 0.0f;
            for (uint i = 0u; i < 4u; ++i) {
                uint word1 = (uint)w1[i];
                uint word2 = (uint)w2[i];
                result_s += (h0.scale * (float)(word1 & 0x0Fu) - h0.minimum) * yl[2u * i + 0u];
                result_s += (h0.scale * (float)((word1 >> 8) & 0x0Fu) - h0.minimum) * yl[2u * i + 1u];
                result_s += (h1.scale * (float)((word1 >> 4) & 0x0Fu) - h1.minimum) * yl[2u * i + 8u];
                result_s += (h1.scale * (float)((word1 >> 12) & 0x0Fu) - h1.minimum) * yl[2u * i + 9u];
                result_s += (h2.scale * (float)(word2 & 0x0Fu) - h2.minimum) * yh[2u * i + 0u];
                result_s += (h2.scale * (float)((word2 >> 8) & 0x0Fu) - h2.minimum) * yh[2u * i + 1u];
                result_s += (h3.scale * (float)((word2 >> 4) & 0x0Fu) - h3.minimum) * yh[2u * i + 8u];
                result_s += (h3.scale * (float)((word2 >> 12) & 0x0Fu) - h3.minimum) * yh[2u * i + 9u];
            }
            result[s] = result_s;
        }
    }

    // Eight consecutive levels from TWO 32-bit loads instead of eight byte
    // loads. A lane's run is `slot .. slot+7` and never crosses a 32-element
    // sub-block boundary, so all eight share a group and a nibble half, and
    // their bytes are eight CONSECUTIVE bytes of `qs`. `slot % 32` is one of
    // {0,8,16,24} and a super-block is 144 bytes (a multiple of 16), so the
    // address is 4-byte aligned and the `uint` cast is sound.
    //
    // CORRECTION (perf/metal-q4k-mask-fma): the claim this comment used to make
    // here -- "ggml does the same thing one width down ... the nibble extract is
    // cheap and the LOAD is what costs" -- is FALSE, verified against
    // `ggml-metal.metal:5157-5165` (`kernel_mul_mv_q4_K_f32_impl`). ggml does NOT
    // shift at all: it masks four FIXED bit positions (`q1[i] & 0x000F/0x0F00/
    // 0x00F0/0xF000`) straight off a `uint16_t` load and folds the resulting
    // 1x/16x/256x residual scale into the per-sub-block combine
    // (`ggml-metal.metal:5171-5175`). This function instead computes a RUNTIME
    // `shift` (0 or 4, not known at compile time) and adds it into every one of
    // the eight extractions below, which ggml's masked form has no equivalent
    // of. See `push_q4k_product_reduce_body`'s `metal-q4k-mask-fma` arm (Rust,
    // not MSL -- it generates the masked loop inline so it stays generic over
    // this kernel's `element_type`) for the mask-without-shift port of ggml's
    // actual technique, adapted to this function's one-nibble-per-byte layout
    // (ggml's is two-nibbles-per-byte interleaved across two sub-blocks per
    // load, a different packing this file's lane mapping does not share).
    static inline void q4k_run8(device const uchar *block, uint index, thread float *out) {
        device const uchar *qs = block + 16;
        uint group = index / 64u;
        uint within = index % 64u;
        uint byte_index = group * 32u + (within % 32u);
        device const uint *words = (device const uint *)(qs + byte_index);
        uint w0 = words[0];
        uint w1 = words[1];
        uint shift = (within < 32u) ? 0u : 4u;
        out[0] = (float)((w0 >> (shift +  0u)) & 0xFu);
        out[1] = (float)((w0 >> (shift +  8u)) & 0xFu);
        out[2] = (float)((w0 >> (shift + 16u)) & 0xFu);
        out[3] = (float)((w0 >> (shift + 24u)) & 0xFu);
        out[4] = (float)((w1 >> (shift +  0u)) & 0xFu);
        out[5] = (float)((w1 >> (shift +  8u)) & 0xFu);
        out[6] = (float)((w1 >> (shift + 16u)) & 0xFu);
        out[7] = (float)((w1 >> (shift + 24u)) & 0xFu);
    }

    // `metal-q4k-single-fetch` (opt-in, see `push_q4k_single_fetch_body`): ONE
    // 8-byte (two-word) load, BOTH nibble halves of it -- eight low-nibble
    // levels (elements `low_index .. low_index+8`) AND the eight high-nibble
    // levels of the SAME bytes (elements `low_index+32 .. low_index+40`, ggml's
    // and `dequantize_row_q4_K`'s own "32 elements apart, same byte" pairing —
    // see `q4_k.rs::dequantize_block`'s doc). `q4k_run8` above issues this exact
    // load TWICE for the pair of lanes that owns a byte range (once per nibble
    // half); this issues it ONCE and reads out both halves, which is the whole
    // point of the feature. `low_index` must be a "low" index (`index % 64 <
    // 32`) — callers only ever pass one of `sf_low_base + c*8`.
    static inline void q4k_run8_dual(
        device const uchar *block,
        uint low_index,
        thread float *out_low,
        thread float *out_high
    ) {
        device const uchar *qs = block + 16;
        uint group = low_index / 64u;
        uint within = low_index % 64u;
        uint byte_index = group * 32u + within;
        device const uint *words = (device const uint *)(qs + byte_index);
        uint w0 = words[0];
        uint w1 = words[1];
        out_low[0] = (float)((w0 >>  0u) & 0xFu);
        out_low[1] = (float)((w0 >>  8u) & 0xFu);
        out_low[2] = (float)((w0 >> 16u) & 0xFu);
        out_low[3] = (float)((w0 >> 24u) & 0xFu);
        out_low[4] = (float)((w1 >>  0u) & 0xFu);
        out_low[5] = (float)((w1 >>  8u) & 0xFu);
        out_low[6] = (float)((w1 >> 16u) & 0xFu);
        out_low[7] = (float)((w1 >> 24u) & 0xFu);
        out_high[0] = (float)((w0 >>  4u) & 0xFu);
        out_high[1] = (float)((w0 >> 12u) & 0xFu);
        out_high[2] = (float)((w0 >> 20u) & 0xFu);
        out_high[3] = (float)((w0 >> 28u) & 0xFu);
        out_high[4] = (float)((w1 >>  4u) & 0xFu);
        out_high[5] = (float)((w1 >> 12u) & 0xFu);
        out_high[6] = (float)((w1 >> 20u) & 0xFu);
        out_high[7] = (float)((w1 >> 28u) & 0xFu);
    }


    // ports proxima_gguf::quant::q5_k::get_scale_min_k4 -- byte-for-byte the
    // same function q4k_scale_min above computes, restated here rather than
    // shared (see this constant's own doc).
    static inline uchar2 q5k_scale_min(device const uchar *scales, uint sub_block) {
        if (sub_block < 4u) {
            return uchar2(scales[sub_block] & 63, scales[sub_block + 4u] & 63);
        }
        uchar scale = (scales[sub_block + 4u] & 0x0F) | ((scales[sub_block - 4u] >> 6) << 4);
        uchar minimum = (scales[sub_block + 4u] >> 4) | ((scales[sub_block] >> 6) << 4);
        return uchar2(scale, minimum);
    }

    // one Q5_K super-block's per-sub-block scale, min, and high-bit MASK,
    // decoded ONCE for a run of elements inside that sub-block -- the same
    // amortization q4k_header_for makes, widened to also carry which `qh` bit
    // this sub-block's elements read (constant across the whole 32-element
    // sub-block: `chunk` and "low or high half" are both fixed for it).
    struct q5k_header { float scale; float minimum; uchar mask; };

    static inline q5k_header q5k_header_for(device const uchar *block, uint index) {
        ushort d_bits = (ushort)((uint)block[0] | ((uint)block[1] << 8));
        ushort dmin_bits = (ushort)((uint)block[2] | ((uint)block[3] << 8));
        device const uchar *scales = block + 4;

        uint chunk = index / 64u;
        uint within = index % 64u;
        bool low = within < 32u;
        uint sub_block = 2u * chunk + (low ? 0u : 1u);

        uchar2 scale_min = q5k_scale_min(scales, sub_block);
        q5k_header header;
        header.scale = (float)as_type<half>(d_bits) * (float)scale_min.x;
        header.minimum = (float)as_type<half>(dmin_bits) * (float)scale_min.y;
        header.mask = low ? (uchar)(1u << (2u * chunk)) : (uchar)(2u << (2u * chunk));
        return header;
    }

    // one element, given its sub-block's already-decoded header. `qh` is
    // indexed by `offset` (0..32) alone, never by `chunk` -- the same
    // within-sub-block-position indexing `dequantize_block`'s own doc calls
    // out as `Q5_K`'s "easiest to get silently wrong" trap: two elements in
    // DIFFERENT chunks but the SAME local offset read different BITS of the
    // SAME `qh` byte (the header's own `mask` is what picks the right bit).
    static inline float q5k_value(device const uchar *block, uint index, q5k_header header) {
        device const uchar *qh = block + 16;
        device const uchar *qs = block + 48;

        uint chunk = index / 64u;
        uint within = index % 64u;
        bool low = within < 32u;
        uint offset = within % 32u;

        uchar qs_byte = qs[chunk * 32u + offset];
        uchar nibble = low ? (qs_byte & 0x0Fu) : (qs_byte >> 4u);
        float high = (qh[offset] & header.mask) != 0u ? 16.0f : 0.0f;
        return header.scale * ((float)nibble + high) - header.minimum;
    }

    // element `index` of one Q5_K super-block, decoding its own header first --
    // the generic per-element path (`operand_read`'s non-row-blocked callers)
    // has no amortized header to reuse across elements, unlike the row-blocked
    // path's `q5k_header_for` decoded once per sub-block.
    static inline float q5k_element(device const uchar *block, uint index) {
        return q5k_value(block, index, q5k_header_for(block, index));
    }


    static inline float q5k_pair_dot(device const uchar *block, uint iq, uint ir, thread const float *yl, thread const float *yh) {
        device const uchar *qh = block + 16;
        device const uchar *qs = block + 48;
        uint byte_base = 32u * iq + 8u * ir;
        // `qs`/`qh` start at offsets 48/16 in a 176-byte block (all multiples of
        // 8), and `byte_base`/`8*ir` are themselves multiples of 8, so each
        // `ulong` below reads its 8-byte run of `l` in one 8-byte-aligned load
        // instead of eight scalar `uchar` loads.
        ulong q1_word = *(device const ulong *)(qs + byte_base);
        ulong q2_word = *(device const ulong *)(qs + byte_base + 64u);
        ulong h_word = *(device const ulong *)(qh + 8u * ir);
        uint low_index = 64u * iq + 8u * ir;
        q5k_header h0 = q5k_header_for(block, low_index);
        q5k_header h1 = q5k_header_for(block, low_index + 32u);
        q5k_header h2 = q5k_header_for(block, low_index + 128u);
        q5k_header h3 = q5k_header_for(block, low_index + 160u);
        uchar hm1 = (uchar)(1u << (2u * iq));
        uchar hm2 = (uchar)(hm1 << 1u);
        uchar hm3 = (uchar)(hm1 << 4u);
        uchar hm4 = (uchar)(hm2 << 4u);
        float result = 0.0f;
        for (uint l = 0u; l < 8u; ++l) {
            uchar q1 = (uchar)((q1_word >> (8u * l)) & 0xFFu);
            uchar q2 = (uchar)((q2_word >> (8u * l)) & 0xFFu);
            uchar h = (uchar)((h_word >> (8u * l)) & 0xFFu);
            float low0 = (float)(q1 & 0x0Fu) + ((h & hm1) != 0u ? 16.0f : 0.0f);
            float low1 = (float)(q1 >> 4u) + ((h & hm2) != 0u ? 16.0f : 0.0f);
            float high0 = (float)(q2 & 0x0Fu) + ((h & hm3) != 0u ? 16.0f : 0.0f);
            float high1 = (float)(q2 >> 4u) + ((h & hm4) != 0u ? 16.0f : 0.0f);
            result += (h0.scale * low0 - h0.minimum) * yl[l];
            result += (h1.scale * low1 - h1.minimum) * yl[l + 8u];
            result += (h2.scale * high0 - h2.minimum) * yh[l];
            result += (h3.scale * high1 - h3.minimum) * yh[l + 8u];
        }
        return result;
    }


    // one Q6_K super-block's scale `d` -- decoded ONCE per super-block by the
    // row-blocked path (see push_packed_row_blocked_body), since it is constant
    // across all 256 elements (unlike Q4_K's per-sub-block header).
    struct q6k_header { float d; };

    static inline q6k_header q6k_header_for(device const uchar *block) {
        ushort d_bits = (ushort)((uint)block[208] | ((uint)block[209] << 8));
        q6k_header header;
        header.d = (float)as_type<half>(d_bits);
        return header;
    }

    // element `index` (0..256) of one Q6_K super-block, given its super-block's
    // already-decoded `d` -- byte-for-byte the value
    // proxima_gguf::quant::q6_k::dequantize_block writes at the same index.
    static inline float q6k_value(device const uchar *block, uint index, q6k_header header) {
        uint half_index = index / 128u;
        uint local = index % 128u;
        uint l = local % 32u;
        uint lane = local / 32u;
        uint sub_block_in_half = l / 16u;

        device const uchar *ql = block + half_index * 64u;
        device const uchar *qh = block + 128u + half_index * 32u;
        device const uchar *scales = block + 192u;

        uchar ql_byte = (lane % 2u == 0u) ? ql[l] : ql[l + 32u];
        uchar nibble = (lane < 2u) ? (ql_byte & 0x0Fu) : (ql_byte >> 4u);
        uchar high2 = (qh[l] >> (uchar)(lane * 2u)) & 0x03u;
        uchar level = nibble | (high2 << 4u);

        uchar scale_byte = scales[half_index * 8u + sub_block_in_half + lane * 2u];
        float scale = (float)(char)scale_byte;
        float quant = (float)level - 32.0f;
        return header.d * scale * quant;
    }

    // element `index` of one Q6_K super-block, decoding its own header first --
    // the generic per-element path (`operand_read`'s non-row-blocked callers)
    // has no amortized header to reuse across elements, unlike the row-blocked
    // path's `q6k_header_for` decoded once per super-block.
    static inline float q6k_element(device const uchar *block, uint index) {
        return q6k_value(block, index, q6k_header_for(block));
    }


    static inline float q6k_pair_dot(device const uchar *block, uint iq, uint ir, thread const float *yl, thread const float *yh) {
        device const uchar *ql = block;
        device const uchar *qh = block + 128u;
        device const uchar *scales = block + 192u;
        q6k_header hdr = q6k_header_for(block);

        uint l_base = 8u * ir;
        // `l_base` (0/8/16/24) and its +32/+64/+96 siblings are all even, and
        // `block` itself always lands on an even byte (210-byte stride, always
        // even) -- so every `ushort` load below is 2-byte aligned. A `uint`
        // load would need `l_base` 4-byte aligned AND `block` 4-byte aligned;
        // neither holds for every super-block index, so `ushort` is the
        // widest load this layout can support unconditionally (see this
        // constant's own doc).
        device const ushort *ql_a = (device const ushort *)(ql + l_base);
        device const ushort *ql_b = (device const ushort *)(ql + 32u + l_base);
        device const ushort *ql_c = (device const ushort *)(ql + 64u + l_base);
        device const ushort *ql_d = (device const ushort *)(ql + 96u + l_base);
        device const ushort *qh_0 = (device const ushort *)(qh + l_base);
        device const ushort *qh_1 = (device const ushort *)(qh + 32u + l_base);

        uint sub = (l_base < 16u) ? 0u : 1u;
        float scale_a = (float)(char)scales[sub + 4u * iq];
        float scale_b = (float)(char)scales[sub + 4u * iq + 2u];
        float scale_c = (float)(char)scales[8u + sub + 4u * iq];
        float scale_d = (float)(char)scales[8u + sub + 4u * iq + 2u];

        uint shift_lo = 4u * iq;
        uint shift_hi = shift_lo + 2u;
        uchar nibble_shift = (iq == 0u) ? 0u : 4u;

        float result = 0.0f;
        for (uint w = 0u; w < 4u; ++w) {
            ushort ql_a_word = ql_a[w];
            ushort ql_b_word = ql_b[w];
            ushort ql_c_word = ql_c[w];
            ushort ql_d_word = ql_d[w];
            ushort qh_0_word = qh_0[w];
            ushort qh_1_word = qh_1[w];
            for (uint bshift = 0u; bshift < 16u; bshift += 8u) {
                uint i = 2u * w + (bshift / 8u);
                uchar ql_a_byte = (uchar)((ql_a_word >> bshift) & 0xFFu);
                uchar ql_b_byte = (uchar)((ql_b_word >> bshift) & 0xFFu);
                uchar ql_c_byte = (uchar)((ql_c_word >> bshift) & 0xFFu);
                uchar ql_d_byte = (uchar)((ql_d_word >> bshift) & 0xFFu);
                uchar qh_0_byte = (uchar)((qh_0_word >> bshift) & 0xFFu);
                uchar qh_1_byte = (uchar)((qh_1_word >> bshift) & 0xFFu);

                float level_a = (float)(((ql_a_byte >> nibble_shift) & 0x0Fu) | (((qh_0_byte >> shift_lo) & 0x03u) << 4u)) - 32.0f;
                float level_b = (float)(((ql_b_byte >> nibble_shift) & 0x0Fu) | (((qh_0_byte >> shift_hi) & 0x03u) << 4u)) - 32.0f;
                float level_c = (float)(((ql_c_byte >> nibble_shift) & 0x0Fu) | (((qh_1_byte >> shift_lo) & 0x03u) << 4u)) - 32.0f;
                float level_d = (float)(((ql_d_byte >> nibble_shift) & 0x0Fu) | (((qh_1_byte >> shift_hi) & 0x03u) << 4u)) - 32.0f;

                result += (hdr.d * scale_a * level_a) * yl[i];
                result += (hdr.d * scale_b * level_b) * yl[i + 8u];
                result += (hdr.d * scale_c * level_c) * yh[i];
                result += (hdr.d * scale_d * level_d) * yh[i + 8u];
            }
        }
        return result;
    }


    struct ExpertPayloadDescriptor {
        uint expert_index;
        uint codec;
        uint byte_offset;
        uint byte_length;
        uint out_dim;
        uint in_dim;
        uint epoch;
        uint reserved;
    };
    static inline float mixed_expert_element(device const uchar *payload,
                                             device const ExpertPayloadDescriptor *descriptor,
                                             uint expert,
                                             uint element) {
        ExpertPayloadDescriptor selected = descriptor[expert];
        device const uchar *block = payload + selected.byte_offset;
        if (selected.codec == 1u) {
            return q2k_element(block + (element / 256u) * 84u, element % 256u);
        }
        if (selected.codec == 2u) {
            return q4k_element(block + (element / 256u) * 144u, element % 256u);
        }
        if (selected.codec == 3u) {
            return q6k_element(block + (element / 256u) * 210u, element % 256u);
        }
        if (selected.codec == 4u) {
            return q3k_element(block + (element / 256u) * 110u, element % 256u);
        }
        return 0.0f;
    }
    static inline float mixed_expert_element_from_offset(
            device const uchar *payload,
            device const ExpertPayloadDescriptor *descriptor,
            uint expert,
            long full_offset,
            long expert_stride,
            uint codec) {
        long local = full_offset - (long)expert * expert_stride;
        if (codec == 1u) {
            device const uchar *block = payload + descriptor[expert].byte_offset +
                (uint)(local / 256l) * 84u;
            return q2k_element(block, (uint)(local % 256l));
        }
        if (codec == 2u) {
            device const uchar *block = payload + descriptor[expert].byte_offset +
                (uint)(local / 256l) * 144u;
            return q4k_element(block, (uint)(local % 256l));
        }
        if (codec == 3u) {
            device const uchar *block = payload + descriptor[expert].byte_offset +
                (uint)(local / 256l) * 210u;
            return q6k_element(block, (uint)(local % 256l));
        }
        if (codec == 4u) {
            device const uchar *block = payload + descriptor[expert].byte_offset +
                (uint)(local / 256l) * 110u;
            return q3k_element(block, (uint)(local % 256l));
        }
        return 0.0f;
    }
    static inline float mixed_expert_element_from_local(
            device const uchar *base,
            uint codec,
            long local) {
        if (codec == 1u) {
            return q2k_element(base + (uint)(local / 256l) * 84u, (uint)(local % 256l));
        }
        if (codec == 2u) {
            return q4k_element(base + (uint)(local / 256l) * 144u, (uint)(local % 256l));
        }
        if (codec == 3u) {
            return q6k_element(base + (uint)(local / 256l) * 210u, (uint)(local % 256l));
        }
        if (codec == 4u) {
            return q3k_element(base + (uint)(local / 256l) * 110u, (uint)(local % 256l));
        }
        return 0.0f;
    }


    static inline float uniform_expert_element_from_offset_q2k(
            device const uchar *payload,
            device const ExpertPayloadDescriptor *descriptor,
            uint expert,
            long full_offset,
            long expert_stride) {
        long local = full_offset - (long)expert * expert_stride;
        device const uchar *block = payload + descriptor[expert].byte_offset +
            (uint)(local / 256l) * 84u;
        return q2k_element(block, (uint)(local % 256l));
    }
    static inline float uniform_expert_element_from_offset_q3k(
            device const uchar *payload,
            device const ExpertPayloadDescriptor *descriptor,
            uint expert,
            long full_offset,
            long expert_stride) {
        long local = full_offset - (long)expert * expert_stride;
        device const uchar *block = payload + descriptor[expert].byte_offset +
            (uint)(local / 256l) * 110u;
        return q3k_element(block, (uint)(local % 256l));
    }
    static inline float uniform_expert_element_from_offset_q4k(
            device const uchar *payload,
            device const ExpertPayloadDescriptor *descriptor,
            uint expert,
            long full_offset,
            long expert_stride) {
        long local = full_offset - (long)expert * expert_stride;
        device const uchar *block = payload + descriptor[expert].byte_offset +
            (uint)(local / 256l) * 144u;
        return q4k_element(block, (uint)(local % 256l));
    }
    static inline float uniform_expert_element_from_offset_q5k(
            device const uchar *payload,
            device const ExpertPayloadDescriptor *descriptor,
            uint expert,
            long full_offset,
            long expert_stride) {
        long local = full_offset - (long)expert * expert_stride;
        device const uchar *block = payload + descriptor[expert].byte_offset +
            (uint)(local / 256l) * 176u;
        return q5k_element(block, (uint)(local % 256l));
    }
    static inline float uniform_expert_element_from_offset_q6k(
            device const uchar *payload,
            device const ExpertPayloadDescriptor *descriptor,
            uint expert,
            long full_offset,
            long expert_stride) {
        long local = full_offset - (long)expert * expert_stride;
        device const uchar *block = payload + descriptor[expert].byte_offset +
            (uint)(local / 256l) * 210u;
        return q6k_element(block, (uint)(local % 256l));
    }


    // element `index` (0..32) of one Q8_0 block, byte-for-byte the value
    // proxima_gguf::quant::q8_0::dequantize_block writes at the same index.
    static inline float q8_0_element(device const uchar *block, uint index) {
        ushort d_bits = (ushort)((uint)block[0] | ((uint)block[1] << 8));
        float d = (float)as_type<half>(d_bits);
        char level = (char)block[2u + index];
        return (float)level * d;
    }


    static inline float q8_0_super_element(device const uchar *superblock, uint index) {
        return q8_0_element(superblock + (index / 32u) * 34u, index % 32u);
    }


    static inline float q8_0_pair_dot(device const uchar *superblock, uint slot, thread const float *acts) {
        device const uchar *block = superblock + (slot / 32u) * 34u;
        ushort d_bits = (ushort)((uint)block[0] | ((uint)block[1] << 8));
        float d = (float)as_type<half>(d_bits);
        device const uchar *levels = block + 2;
        float result = 0.0f;
        for (uint j = 0u; j < 32u; ++j) {
            result += d * (float)((char)levels[j]) * acts[j];
        }
        return result;
    }


    // element `index` (0..32) of one Q4_0 block, byte-for-byte the value
    // proxima_gguf::quant::q4_0::dequantize_block writes at the same index.
    static inline float q4_0_element(device const uchar *block, uint index) {
        ushort d_bits = (ushort)((uint)block[0] | ((uint)block[1] << 8));
        float d = (float)as_type<half>(d_bits);
        uchar byte = block[2u + (index % 16u)];
        int nibble = (index < 16u) ? (int)(byte & 0x0Fu) : (int)(byte >> 4u);
        return (float)(nibble - 8) * d;
    }


    static inline float q4_0_super_element(device const uchar *superblock, uint index) {
        return q4_0_element(superblock + (index / 32u) * 18u, index % 32u);
    }


    static inline float q4_0_pair_dot(device const uchar *superblock, uint slot, thread const float *acts) {
        device const uchar *block = superblock + (slot / 32u) * 18u;
        ushort d_bits = (ushort)((uint)block[0] | ((uint)block[1] << 8));
        float d = (float)as_type<half>(d_bits);
        device const uchar *qs = block + 2;
        float result = 0.0f;
        for (uint j = 0u; j < 16u; ++j) {
            uchar byte = qs[j];
            float low = (float)((int)(byte & 0x0Fu) - 8);
            float high = (float)((int)(byte >> 4u) - 8);
            result += d * low * acts[j];
            result += d * high * acts[j + 16u];
        }
        return result;
    }


    static inline float q4_0_block_scale(device const uchar *block) {
        ushort d_bits = (ushort)((uint)block[0] | ((uint)block[1] << 8));
        return (float)as_type<half>(d_bits);
    }

    static inline void q4_0_run8(device const uchar *block, uint index, thread float *out) {
        device const uchar *qs = block + 2;
        uint shift = (index < 16u) ? 0u : 4u;
        uint base = index % 16u;
        for (uint j = 0u; j < 8u; ++j) {
            uchar byte = qs[base + j];
            out[j] = (float)((byte >> shift) & 0x0Fu);
        }
    }


    // element `index` (0..32) of one Q5_1 block, byte-for-byte the value
    // proxima_gguf::quant::q5_1::dequantize_block writes at the same index.
    static inline float q5_1_element(device const uchar *block, uint index) {
        ushort d_bits = (ushort)((uint)block[0] | ((uint)block[1] << 8));
        ushort m_bits = (ushort)((uint)block[2] | ((uint)block[3] << 8));
        float delta = (float)as_type<half>(d_bits);
        float minimum = (float)as_type<half>(m_bits);
        uint qh = (uint)block[4] | ((uint)block[5] << 8) | ((uint)block[6] << 16) | ((uint)block[7] << 24);
        bool high_half = index >= 16u;
        uint local = high_half ? (index - 16u) : index;
        uchar byte = block[8u + local];
        uint level;
        if (high_half) {
            uint high_bit = (qh >> (local + 12u)) & 0x10u;
            level = (uint)(byte >> 4u) | high_bit;
        } else {
            uint high_bit = ((qh >> local) << 4u) & 0x10u;
            level = (uint)(byte & 0x0Fu) | high_bit;
        }
        return (float)level * delta + minimum;
    }


    // element `index` (0..32) of one Q5_0 block, byte-for-byte the value
    // proxima_gguf::quant::q5_0::dequantize_block writes at the same index.
    static inline float q5_0_element(device const uchar *block, uint index) {
        ushort d_bits = (ushort)((uint)block[0] | ((uint)block[1] << 8));
        float delta = (float)as_type<half>(d_bits);
        uint qh = (uint)block[2] | ((uint)block[3] << 8) | ((uint)block[4] << 16) | ((uint)block[5] << 24);
        bool high_half = index >= 16u;
        uint local = high_half ? (index - 16u) : index;
        uchar byte = block[6u + local];
        uint level;
        if (high_half) {
            uint high_bit = (qh >> (local + 12u)) & 0x10u;
            level = (uint)(byte >> 4u) | high_bit;
        } else {
            uint high_bit = ((qh >> local) << 4u) & 0x10u;
            level = (uint)(byte & 0x0Fu) | high_bit;
        }
        return ((float)level - 16.0f) * delta;
    }


    // element `index` (always 0 -- BFloat16 has no super-block) of one BFloat16
    // block: the top 16 bits of the f32 this pair of bytes came from,
    // reconstructed by shifting them back into place.
    static inline float bf16_element(device const uchar *block, uint index) {
        (void)index;
        uint bits = ((uint)block[0] | ((uint)block[1] << 8)) << 16u;
        return as_type<float>(bits);
    }

    struct Uniforms {
        long output_total;
        long reduction_total;
        long output_extents[2];
        long reduction_extents[1];
        long operand_base[2];
        long operand_strides[2][3];
        long out_base;
        long out_strides[3];
        long epilogue_operand_base[3];
        long epilogue_operand_strides[3][2];
    };

    kernel void omega_reduce_r3_o2_n2_multiply_add_zero_epi3_fused_multiply_o0_o1__add_s0_o2__multiply_o3_s1(
        device const uchar* in0 [[buffer(0)]],
        device const float* in1 [[buffer(1)]],
        device const float* epi0 [[buffer(2)]],
        device const float* epi1 [[buffer(3)]],
        device const float* epi2 [[buffer(4)]],
        device float* out [[buffer(5)]],
        constant Uniforms& u [[buffer(6)]],
        uint gid [[thread_position_in_grid]],
        uint tptg [[threads_per_threadgroup]])
    {
        uint tptg_width = tptg;
        long output_index = (long)gid / (long)tptg_width;
        uint tiitg = (uint)((long)gid % (long)tptg_width);
        uint sgitg = tiitg / 32u;
        uint lane = tiitg % 32u;
        uint split = tptg_width / 32u;
        long group_first = output_index * 4;
        float sumf[4];
        for (int q = 0; q < 4; ++q) { sumf[q] = 0.0f; }
        long weight_base[4];
        long other_base[4];
        long coord_q_cache[4][3];
        long weight_row_stride = u.operand_strides[0][1];
        long other_row_stride = u.operand_strides[1][1];
        for (int q = 0; q < 4; ++q) {
            long flat = group_first + q;
            for (int d = 0; d < 3; ++d) { coord_q_cache[q][d] = 0; }
            coord_q_cache[q][1] = flat;
            weight_base[q] = u.operand_base[0] + flat * weight_row_stride;
            other_base[q] = u.operand_base[1] + flat * other_row_stride;
        }
        long other_stride = u.operand_strides[1][2];
        uint ix = (uint)lane / 8u;
        uint it = (uint)lane % 8u;
        uint slot = it * 32u;
        float acts[32];
        int super_blocks = (int)u.reduction_total / 256;
        int ib_first = (int)(ix + sgitg * 4u);
        int ib_step = (int)(4u * split);
        long blk_step = (long)ib_step * 144;
        device const uchar *blk_ptr[4];
        for (int q = 0; q < 4; ++q) {
            blk_ptr[q] = in0 + ((long)((int)weight_base[q] / 256) + (long)ib_first) * 144;
        }
        long acts_step = (long)ib_step * 256;
        device const float *acts_row = in1 + other_base[0] + (long)ib_first * 256 + (long)slot;
        for (int ib = ib_first; ib < super_blocks; ib += ib_step) {
            for (int j = 0; j < 32; ++j) {
                acts[j] = acts_row[j];
            }
            for (int q = 0; q < 4; ++q) {
                device const uchar *blk = blk_ptr[q];
                sumf[q] = sumf[q] + q4_0_pair_dot(blk, slot, acts);
            }
            for (int q = 0; q < 4; ++q) { blk_ptr[q] += blk_step; }
            acts_row += acts_step;
        }
        threadgroup float partial_sums[4][8];
        for (int q = 0; q < 4; ++q) {
            float reduced = simd_sum(sumf[q]);
            if (lane == 0u) { partial_sums[q][sgitg] = reduced; }
        }
        threadgroup_barrier(mem_flags::mem_threadgroup);
        if (sgitg == 0u && lane == 0u) {
            for (int q = 0; q < 4; ++q) {
                float total = partial_sums[q][0];
                for (uint s = 1u; s < split; ++s) {
                    total = (total + partial_sums[q][s]);
                }
                long flat = group_first + q;
                if (flat < u.output_total) {
                    long out_offset = u.out_base;
                    out_offset += coord_q_cache[q][0] * u.out_strides[0];
                    out_offset += coord_q_cache[q][1] * u.out_strides[1];
                    out_offset += coord_q_cache[q][2] * u.out_strides[2];
                    float epi_scratch[4];
                    long epi_off0 = u.epilogue_operand_base[0];
                    epi_off0 += coord_q_cache[q][0] * u.epilogue_operand_strides[0][0];
                    epi_off0 += coord_q_cache[q][1] * u.epilogue_operand_strides[0][1];
                    epi_scratch[0] = epi0[epi_off0];
                    long epi_off1 = u.epilogue_operand_base[1];
                    epi_off1 += coord_q_cache[q][0] * u.epilogue_operand_strides[1][0];
                    epi_off1 += coord_q_cache[q][1] * u.epilogue_operand_strides[1][1];
                    epi_scratch[1] = epi1[epi_off1];
                    long epi_off2 = u.epilogue_operand_base[2];
                    epi_off2 += coord_q_cache[q][0] * u.epilogue_operand_strides[2][0];
                    epi_off2 += coord_q_cache[q][1] * u.epilogue_operand_strides[2][1];
                    epi_scratch[2] = epi2[epi_off2];
                    epi_scratch[3] = total;
                    float epi_step0 = (epi_scratch[0] * epi_scratch[1]);
                    float epi_step1 = (epi_step0 + epi_scratch[2]);
                    float epi_step2 = (epi_scratch[3] * epi_step1);
                    out[out_offset] = epi_step2;
                }
            }
        }
    }

    note: run with `RUST_BACKTRACE=1` environment variable to display a backtrace

        FAIL [   0.011s] (207/765) omega msl::tests::epilogue_operand_reuse::a_plain_matvec_finishes_each_row_of_the_simdgroup_on_its_own_lane
  stdout ───

    running 1 test
    test msl::tests::epilogue_operand_reuse::a_plain_matvec_finishes_each_row_of_the_simdgroup_on_its_own_lane ... FAILED

    failures:

    failures:
        msl::tests::epilogue_operand_reuse::a_plain_matvec_finishes_each_row_of_the_simdgroup_on_its_own_lane

    test result: FAILED. 0 passed; 1 failed; 0 ignored; 0 measured; 392 filtered out; finished in 0.00s

  stderr ───

    thread 'msl::tests::epilogue_operand_reuse::a_plain_matvec_finishes_each_row_of_the_simdgroup_on_its_own_lane' (74956734) panicked at omega/src/msl/tests.rs:7972:9:
    four rows per simdgroup, one lane each:
    #include <metal_stdlib>
    using namespace metal;

    inline float proxima_erf(float x) {
        float sign = x < 0.0f ? -1.0f : 1.0f;
        float magnitude = fabs(x);
        float t = 1.0f / fma(0.3275911f, magnitude, 1.0f);
        float poly = t * fma(fma(fma(fma(1.061405429f, t, -1.453152027f), t, 1.421413741f), t, -0.284496736f), t, 0.254829592f);
        return sign * fma(poly, -exp(-magnitude * magnitude), 1.0f);
    }


    static inline float q2k_element(device const uchar *block, uint index) {
        device const uchar *scales = block;
        device const uchar *qs = block + 16;
        ushort d_bits = (ushort)((uint)block[80] | ((uint)block[81] << 8));
        ushort dmin_bits = (ushort)((uint)block[82] | ((uint)block[83] << 8));
        float d = (float)as_type<half>(d_bits);
        float dmin = (float)as_type<half>(dmin_bits);

        uint chunk = index / 128u;
        uint within = index % 128u;
        uint group = within / 32u;
        uint local = within % 32u;
        uint sub_block = chunk * 8u + group * 2u + (local >= 16u ? 1u : 0u);
        uchar scale_min = scales[sub_block];
        float scale = d * (float)(scale_min & 0x0Fu);
        float minimum = dmin * (float)(scale_min >> 4u);
        uchar level = (qs[chunk * 32u + local] >> (2u * group)) & 0x03u;
        return scale * (float)level - minimum;
    }


    // ports proxima_gguf::quant::q3_k::unpack_scale -- the same bit-interleaved
    // 6-bit unpack q4k_scale_min/q5k_scale_min use for a (scale, min) pair,
    // restated here for a scale-only code (no min), same posture as
    // q5k_scale_min restating q4k_scale_min.
    static inline int q3k_unpack_scale(device const uchar *scales, uint sub_block) {
        uchar low = (sub_block < 8u) ? (scales[sub_block] & 0x0Fu) : (scales[sub_block - 8u] >> 4u);
        uchar high = (scales[8u + sub_block % 4u] >> (2u * (sub_block / 4u))) & 0x03u;
        int combined = (int)(low | (high << 4u));
        return combined - 32;
    }

    // one Q3_K super-block's per-sub-block (16-element) scale and high-bit
    // MASK, decoded ONCE for a run of elements sharing both -- same
    // amortization q4k_header_for/q5k_header_for make, at Q3_K's own 16-element
    // sub-block granularity rather than their 32-element one.
    struct q3k_header { float scale; uchar mask; };

    static inline q3k_header q3k_header_for(device const uchar *block, uint index) {
        device const uchar *scales = block + 96;
        ushort d_bits = (ushort)((uint)block[108] | ((uint)block[109] << 8));
        float d = (float)as_type<half>(d_bits);

        uint chunk = index / 128u;
        uint rem = index % 128u;
        uint j = rem / 32u;
        uint local32 = rem % 32u;
        bool low = local32 < 16u;
        uint sub_block = 8u * chunk + 2u * j + (low ? 0u : 1u);

        q3k_header header;
        header.scale = d * (float)q3k_unpack_scale(scales, sub_block);
        header.mask = (uchar)(1u << (4u * chunk + j));
        return header;
    }

    // one element, given its sub-block's already-decoded header.
    static inline float q3k_value(device const uchar *block, uint index, q3k_header header) {
        device const uchar *hmask = block;
        device const uchar *qs = block + 32;

        uint chunk = index / 128u;
        uint rem = index % 128u;
        uint j = rem / 32u;
        uint local32 = rem % 32u;

        uchar level = (qs[chunk * 32u + local32] >> (2u * j)) & 0x03u;
        float correction = (hmask[local32] & header.mask) != 0u ? 0.0f : 4.0f;
        return header.scale * ((float)level - correction);
    }

    // element `index` of one Q3_K super-block, decoding its own header first --
    // the generic per-element path (`operand_read`'s non-row-blocked callers)
    // has no amortized header to reuse across elements, same posture as
    // q5k_element/q6k_element.
    static inline float q3k_element(device const uchar *block, uint index) {
        return q3k_value(block, index, q3k_header_for(block, index));
    }


    static inline float q3k_pair_dot(device const uchar *block, uint iq, uint ir, thread const float *yl, thread const float *yh) {
        device const uchar *hmask = block;
        device const uchar *qs = block + 32;
        uint low_index = 64u * iq + 8u * ir;
        q3k_header h0 = q3k_header_for(block, low_index);
        q3k_header h1 = q3k_header_for(block, low_index + 32u);
        q3k_header h2 = q3k_header_for(block, low_index + 128u);
        q3k_header h3 = q3k_header_for(block, low_index + 160u);
        uint shift0 = 4u * iq;
        uint shift1 = shift0 + 2u;
        uint byte_offset = 8u * ir;
        float result = 0.0f;
        for (uint l = 0u; l < 8u; ++l) {
            uchar q1 = qs[byte_offset + l];
            uchar q2 = qs[32u + byte_offset + l];
            uchar hm = hmask[byte_offset + l];
            float low0 = (float)((q1 >> shift0) & 0x03u) - ((hm & h0.mask) != 0u ? 0.0f : 4.0f);
            float low1 = (float)((q1 >> shift1) & 0x03u) - ((hm & h1.mask) != 0u ? 0.0f : 4.0f);
            float high0 = (float)((q2 >> shift0) & 0x03u) - ((hm & h2.mask) != 0u ? 0.0f : 4.0f);
            float high1 = (float)((q2 >> shift1) & 0x03u) - ((hm & h3.mask) != 0u ? 0.0f : 4.0f);
            result += h0.scale * low0 * yl[l];
            result += h1.scale * low1 * yl[l + 8u];
            result += h2.scale * high0 * yh[l];
            result += h3.scale * high1 * yh[l + 8u];
        }
        return result;
    }


    // ports proxima_gguf::quant::q4_k::get_scale_min_k4
    static inline uchar2 q4k_scale_min(device const uchar *scales, uint sub_block) {
        if (sub_block < 4u) {
            return uchar2(scales[sub_block] & 63, scales[sub_block + 4u] & 63);
        }
        uchar scale = (scales[sub_block + 4u] & 0x0F) | ((scales[sub_block - 4u] >> 6) << 4);
        uchar minimum = (scales[sub_block + 4u] >> 4) | ((scales[sub_block] >> 6) << 4);
        return uchar2(scale, minimum);
    }

    // element `index` (0..256) of one Q4_K super-block, byte-for-byte the value
    // proxima_gguf::quant::q4_k::dequantize_block writes at the same index.
    static inline float q4k_element(device const uchar *block, uint index) {
        ushort d_bits = (ushort)((uint)block[0] | ((uint)block[1] << 8));
        ushort dmin_bits = (ushort)((uint)block[2] | ((uint)block[3] << 8));
        float d = (float)as_type<half>(d_bits);
        float dmin = (float)as_type<half>(dmin_bits);

        device const uchar *scales = block + 4;
        device const uchar *qs = block + 16;

        uint group = index / 64u;
        uint within = index % 64u;
        bool low_nibble = within < 32u;
        uint sub_block = 2u * group + (low_nibble ? 0u : 1u);
        uint byte_index = group * 32u + (within % 32u);

        uchar2 scale_min = q4k_scale_min(scales, sub_block);
        float scale = d * (float)scale_min.x;
        float minimum = dmin * (float)scale_min.y;
        uchar nibble = low_nibble ? (qs[byte_index] & 0x0F) : (qs[byte_index] >> 4);
        return scale * (float)nibble - minimum;
    }

    // A super-block's per-sub-block scale and min, decoded ONCE for a run of
    // elements inside that sub-block. `d`, `dmin` and the 6-bit scale/min pair
    // are constant across all 32 elements of a sub-block, so deriving them per
    // element (what `q4k_element` does) is 8-40x the arithmetic of the nibble
    // extract it feeds. ggml decodes once per super-block and spends ~1.6 ops
    // per weight; this is the same amortization.
    struct q4k_header { float scale; float minimum; };

    static inline q4k_header q4k_header_for(device const uchar *block, uint index) {
        ushort d_bits = (ushort)((uint)block[0] | ((uint)block[1] << 8));
        ushort dmin_bits = (ushort)((uint)block[2] | ((uint)block[3] << 8));
        device const uchar *scales = block + 4;
        uint group = index / 64u;
        uint within = index % 64u;
        uint sub_block = 2u * group + (within < 32u ? 0u : 1u);
        uchar2 scale_min = q4k_scale_min(scales, sub_block);
        q4k_header header;
        header.scale = (float)as_type<half>(d_bits) * (float)scale_min.x;
        header.minimum = (float)as_type<half>(dmin_bits) * (float)scale_min.y;
        return header;
    }

    // one element, given its sub-block's already-decoded header. This is the
    // whole per-element cost in the tiled loop: one byte load, one mask or
    // shift, one fma.
    static inline float q4k_value(device const uchar *block, uint index, q4k_header header) {
        device const uchar *qs = block + 16;
        uint group = index / 64u;
        uint within = index % 64u;
        uint byte_index = group * 32u + (within % 32u);
        uchar nibble = (within < 32u) ? (qs[byte_index] & 0x0F) : (qs[byte_index] >> 4);
        return header.scale * (float)nibble - header.minimum;
    }

    static inline float q4k_pair_dot(device const uchar *block, uint iq, uint ir, thread const float *yl, thread const float *yh) {
        device const uchar *qs = block + 16;
        // ggml's q1/q2 pointers are uint16_t, so its +32 offset advances 64 bytes.
        uint byte_base = 32u * iq + 8u * ir;
        // `qs` sits at offset 16 in a 144-byte block (both even), and `byte_base`
        // is always a multiple of 8, so every `ushort` word below is 2-byte
        // aligned -- matches ggml's `(device const uint16_t *)qs + 16*iq + 4*ir`.
        device const ushort *word_low = (device const ushort *)(qs + byte_base);
        device const ushort *word_high = (device const ushort *)(qs + byte_base + 64u);
        uint low_index = 64u * iq + 8u * ir;
        q4k_header h0 = q4k_header_for(block, low_index);
        q4k_header h1 = q4k_header_for(block, low_index + 32u);
        q4k_header h2 = q4k_header_for(block, low_index + 128u);
        q4k_header h3 = q4k_header_for(block, low_index + 160u);
        float result = 0.0f;
        for (uint i = 0u; i < 4u; ++i) {
            uint word1 = (uint)word_low[i];
            uint word2 = (uint)word_high[i];
            result += (h0.scale * (float)(word1 & 0x0Fu) - h0.minimum) * yl[2u * i + 0u];
            result += (h0.scale * (float)((word1 >> 8) & 0x0Fu) - h0.minimum) * yl[2u * i + 1u];
            result += (h1.scale * (float)((word1 >> 4) & 0x0Fu) - h1.minimum) * yl[2u * i + 8u];
            result += (h1.scale * (float)((word1 >> 12) & 0x0Fu) - h1.minimum) * yl[2u * i + 9u];
            result += (h2.scale * (float)(word2 & 0x0Fu) - h2.minimum) * yh[2u * i + 0u];
            result += (h2.scale * (float)((word2 >> 8) & 0x0Fu) - h2.minimum) * yh[2u * i + 1u];
            result += (h3.scale * (float)((word2 >> 4) & 0x0Fu) - h3.minimum) * yh[2u * i + 8u];
            result += (h3.scale * (float)((word2 >> 12) & 0x0Fu) - h3.minimum) * yh[2u * i + 9u];
        }
        return result;
    }

    // `q4k_pair_dot` generalized across an activation GROUP: `push_packed_row_
    // multi_row_body`'s own per-element `operand_read` loop (`docs/discipline.md`
    // ROW 389) decoded this row's header/nibble words once PER TOKEN instead of
    // once per weight-block iteration, because it never shared this function's
    // `word_low`/`word_high`/`h0..h3` decode across the group. `q4k_pair_dot_mr`
    // pulls that decode out of the per-token loop: `word_low`/`word_high` and
    // `h0..h3` are read/derived exactly once, then the eight-fma accumulate
    // below runs once per token, gathering that ONE token's 16+16 `yl`/`yh`
    // floats from `other_ptr` (via `other_base[s]`/`other_stride`/
    // `other_ib_offset`) immediately before folding them.
    //
    // CORRECTION (perf/prefill-packed-row-decode): a first version of this
    // function took pre-gathered `yl_group[cap][16]`/`yh_group[cap][16]` thread
    // arrays instead -- 256 live private floats at `cap = 8` -- and measured
    // SLOWER on a 31-token prefill than the generic per-element body it
    // replaced (step-0 GPU 13.0s on main vs 15.1-21.8s on that version). Arrays
    // sized by `cap` force Metal to reserve that much thread/private storage
    // for the whole per-block-iteration accumulate regardless of how many of
    // those `cap` slots are actually live at once, collapsing occupancy. This
    // version stages one token's `yl`/`yh` at a time inside the `s` loop below,
    // so live private state is ~40 floats (`yl`, `yh`, `result_s`, `result[]`)
    // no matter how large `cap` gets -- at the cost of re-issuing `other_ptr`'s
    // device loads once per output row (`rows_per_simdgroup`, 4 for `Q4_K`)
    // instead of once shared across all four; each repeat reads the SAME
    // address as the other three (same lane, same token, same sub-block
    // offset), so it costs a cache hit, not additional HBM traffic.
    static inline void q4k_pair_dot_mr(device const uchar *block, uint iq, uint ir, device const float *other_ptr, thread const long *other_base, long other_stride, long other_ib_offset, uint cap, thread float *result) {
        device const uchar *qs = block + 16;
        uint byte_base = 32u * iq + 8u * ir;
        device const ushort *word_low = (device const ushort *)(qs + byte_base);
        device const ushort *word_high = (device const ushort *)(qs + byte_base + 64u);
        uint low_index = 64u * iq + 8u * ir;
        q4k_header h0 = q4k_header_for(block, low_index);
        q4k_header h1 = q4k_header_for(block, low_index + 32u);
        q4k_header h2 = q4k_header_for(block, low_index + 128u);
        q4k_header h3 = q4k_header_for(block, low_index + 160u);
        ushort w1[4]; ushort w2[4];
        for (uint i = 0u; i < 4u; ++i) { w1[i] = word_low[i]; w2[i] = word_high[i]; }
        long lane_offset = (long)(64u * iq + 8u * ir) * other_stride;
        for (uint s = 0u; s < cap; ++s) {
            device const float *y4 = other_ptr + other_base[s] + other_ib_offset + lane_offset;
            float yl[16];
            float yh[16];
            for (uint i = 0u; i < 8u; ++i) {
                yl[i] = y4[(long)i * other_stride];
                yl[i + 8u] = y4[(long)(i + 32u) * other_stride];
                yh[i] = y4[(long)(i + 128u) * other_stride];
                yh[i + 8u] = y4[(long)(i + 160u) * other_stride];
            }
            float result_s = 0.0f;
            for (uint i = 0u; i < 4u; ++i) {
                uint word1 = (uint)w1[i];
                uint word2 = (uint)w2[i];
                result_s += (h0.scale * (float)(word1 & 0x0Fu) - h0.minimum) * yl[2u * i + 0u];
                result_s += (h0.scale * (float)((word1 >> 8) & 0x0Fu) - h0.minimum) * yl[2u * i + 1u];
                result_s += (h1.scale * (float)((word1 >> 4) & 0x0Fu) - h1.minimum) * yl[2u * i + 8u];
                result_s += (h1.scale * (float)((word1 >> 12) & 0x0Fu) - h1.minimum) * yl[2u * i + 9u];
                result_s += (h2.scale * (float)(word2 & 0x0Fu) - h2.minimum) * yh[2u * i + 0u];
                result_s += (h2.scale * (float)((word2 >> 8) & 0x0Fu) - h2.minimum) * yh[2u * i + 1u];
                result_s += (h3.scale * (float)((word2 >> 4) & 0x0Fu) - h3.minimum) * yh[2u * i + 8u];
                result_s += (h3.scale * (float)((word2 >> 12) & 0x0Fu) - h3.minimum) * yh[2u * i + 9u];
            }
            result[s] = result_s;
        }
    }

    // Eight consecutive levels from TWO 32-bit loads instead of eight byte
    // loads. A lane's run is `slot .. slot+7` and never crosses a 32-element
    // sub-block boundary, so all eight share a group and a nibble half, and
    // their bytes are eight CONSECUTIVE bytes of `qs`. `slot % 32` is one of
    // {0,8,16,24} and a super-block is 144 bytes (a multiple of 16), so the
    // address is 4-byte aligned and the `uint` cast is sound.
    //
    // CORRECTION (perf/metal-q4k-mask-fma): the claim this comment used to make
    // here -- "ggml does the same thing one width down ... the nibble extract is
    // cheap and the LOAD is what costs" -- is FALSE, verified against
    // `ggml-metal.metal:5157-5165` (`kernel_mul_mv_q4_K_f32_impl`). ggml does NOT
    // shift at all: it masks four FIXED bit positions (`q1[i] & 0x000F/0x0F00/
    // 0x00F0/0xF000`) straight off a `uint16_t` load and folds the resulting
    // 1x/16x/256x residual scale into the per-sub-block combine
    // (`ggml-metal.metal:5171-5175`). This function instead computes a RUNTIME
    // `shift` (0 or 4, not known at compile time) and adds it into every one of
    // the eight extractions below, which ggml's masked form has no equivalent
    // of. See `push_q4k_product_reduce_body`'s `metal-q4k-mask-fma` arm (Rust,
    // not MSL -- it generates the masked loop inline so it stays generic over
    // this kernel's `element_type`) for the mask-without-shift port of ggml's
    // actual technique, adapted to this function's one-nibble-per-byte layout
    // (ggml's is two-nibbles-per-byte interleaved across two sub-blocks per
    // load, a different packing this file's lane mapping does not share).
    static inline void q4k_run8(device const uchar *block, uint index, thread float *out) {
        device const uchar *qs = block + 16;
        uint group = index / 64u;
        uint within = index % 64u;
        uint byte_index = group * 32u + (within % 32u);
        device const uint *words = (device const uint *)(qs + byte_index);
        uint w0 = words[0];
        uint w1 = words[1];
        uint shift = (within < 32u) ? 0u : 4u;
        out[0] = (float)((w0 >> (shift +  0u)) & 0xFu);
        out[1] = (float)((w0 >> (shift +  8u)) & 0xFu);
        out[2] = (float)((w0 >> (shift + 16u)) & 0xFu);
        out[3] = (float)((w0 >> (shift + 24u)) & 0xFu);
        out[4] = (float)((w1 >> (shift +  0u)) & 0xFu);
        out[5] = (float)((w1 >> (shift +  8u)) & 0xFu);
        out[6] = (float)((w1 >> (shift + 16u)) & 0xFu);
        out[7] = (float)((w1 >> (shift + 24u)) & 0xFu);
    }

    // `metal-q4k-single-fetch` (opt-in, see `push_q4k_single_fetch_body`): ONE
    // 8-byte (two-word) load, BOTH nibble halves of it -- eight low-nibble
    // levels (elements `low_index .. low_index+8`) AND the eight high-nibble
    // levels of the SAME bytes (elements `low_index+32 .. low_index+40`, ggml's
    // and `dequantize_row_q4_K`'s own "32 elements apart, same byte" pairing —
    // see `q4_k.rs::dequantize_block`'s doc). `q4k_run8` above issues this exact
    // load TWICE for the pair of lanes that owns a byte range (once per nibble
    // half); this issues it ONCE and reads out both halves, which is the whole
    // point of the feature. `low_index` must be a "low" index (`index % 64 <
    // 32`) — callers only ever pass one of `sf_low_base + c*8`.
    static inline void q4k_run8_dual(
        device const uchar *block,
        uint low_index,
        thread float *out_low,
        thread float *out_high
    ) {
        device const uchar *qs = block + 16;
        uint group = low_index / 64u;
        uint within = low_index % 64u;
        uint byte_index = group * 32u + within;
        device const uint *words = (device const uint *)(qs + byte_index);
        uint w0 = words[0];
        uint w1 = words[1];
        out_low[0] = (float)((w0 >>  0u) & 0xFu);
        out_low[1] = (float)((w0 >>  8u) & 0xFu);
        out_low[2] = (float)((w0 >> 16u) & 0xFu);
        out_low[3] = (float)((w0 >> 24u) & 0xFu);
        out_low[4] = (float)((w1 >>  0u) & 0xFu);
        out_low[5] = (float)((w1 >>  8u) & 0xFu);
        out_low[6] = (float)((w1 >> 16u) & 0xFu);
        out_low[7] = (float)((w1 >> 24u) & 0xFu);
        out_high[0] = (float)((w0 >>  4u) & 0xFu);
        out_high[1] = (float)((w0 >> 12u) & 0xFu);
        out_high[2] = (float)((w0 >> 20u) & 0xFu);
        out_high[3] = (float)((w0 >> 28u) & 0xFu);
        out_high[4] = (float)((w1 >>  4u) & 0xFu);
        out_high[5] = (float)((w1 >> 12u) & 0xFu);
        out_high[6] = (float)((w1 >> 20u) & 0xFu);
        out_high[7] = (float)((w1 >> 28u) & 0xFu);
    }


    // ports proxima_gguf::quant::q5_k::get_scale_min_k4 -- byte-for-byte the
    // same function q4k_scale_min above computes, restated here rather than
    // shared (see this constant's own doc).
    static inline uchar2 q5k_scale_min(device const uchar *scales, uint sub_block) {
        if (sub_block < 4u) {
            return uchar2(scales[sub_block] & 63, scales[sub_block + 4u] & 63);
        }
        uchar scale = (scales[sub_block + 4u] & 0x0F) | ((scales[sub_block - 4u] >> 6) << 4);
        uchar minimum = (scales[sub_block + 4u] >> 4) | ((scales[sub_block] >> 6) << 4);
        return uchar2(scale, minimum);
    }

    // one Q5_K super-block's per-sub-block scale, min, and high-bit MASK,
    // decoded ONCE for a run of elements inside that sub-block -- the same
    // amortization q4k_header_for makes, widened to also carry which `qh` bit
    // this sub-block's elements read (constant across the whole 32-element
    // sub-block: `chunk` and "low or high half" are both fixed for it).
    struct q5k_header { float scale; float minimum; uchar mask; };

    static inline q5k_header q5k_header_for(device const uchar *block, uint index) {
        ushort d_bits = (ushort)((uint)block[0] | ((uint)block[1] << 8));
        ushort dmin_bits = (ushort)((uint)block[2] | ((uint)block[3] << 8));
        device const uchar *scales = block + 4;

        uint chunk = index / 64u;
        uint within = index % 64u;
        bool low = within < 32u;
        uint sub_block = 2u * chunk + (low ? 0u : 1u);

        uchar2 scale_min = q5k_scale_min(scales, sub_block);
        q5k_header header;
        header.scale = (float)as_type<half>(d_bits) * (float)scale_min.x;
        header.minimum = (float)as_type<half>(dmin_bits) * (float)scale_min.y;
        header.mask = low ? (uchar)(1u << (2u * chunk)) : (uchar)(2u << (2u * chunk));
        return header;
    }

    // one element, given its sub-block's already-decoded header. `qh` is
    // indexed by `offset` (0..32) alone, never by `chunk` -- the same
    // within-sub-block-position indexing `dequantize_block`'s own doc calls
    // out as `Q5_K`'s "easiest to get silently wrong" trap: two elements in
    // DIFFERENT chunks but the SAME local offset read different BITS of the
    // SAME `qh` byte (the header's own `mask` is what picks the right bit).
    static inline float q5k_value(device const uchar *block, uint index, q5k_header header) {
        device const uchar *qh = block + 16;
        device const uchar *qs = block + 48;

        uint chunk = index / 64u;
        uint within = index % 64u;
        bool low = within < 32u;
        uint offset = within % 32u;

        uchar qs_byte = qs[chunk * 32u + offset];
        uchar nibble = low ? (qs_byte & 0x0Fu) : (qs_byte >> 4u);
        float high = (qh[offset] & header.mask) != 0u ? 16.0f : 0.0f;
        return header.scale * ((float)nibble + high) - header.minimum;
    }

    // element `index` of one Q5_K super-block, decoding its own header first --
    // the generic per-element path (`operand_read`'s non-row-blocked callers)
    // has no amortized header to reuse across elements, unlike the row-blocked
    // path's `q5k_header_for` decoded once per sub-block.
    static inline float q5k_element(device const uchar *block, uint index) {
        return q5k_value(block, index, q5k_header_for(block, index));
    }


    static inline float q5k_pair_dot(device const uchar *block, uint iq, uint ir, thread const float *yl, thread const float *yh) {
        device const uchar *qh = block + 16;
        device const uchar *qs = block + 48;
        uint byte_base = 32u * iq + 8u * ir;
        // `qs`/`qh` start at offsets 48/16 in a 176-byte block (all multiples of
        // 8), and `byte_base`/`8*ir` are themselves multiples of 8, so each
        // `ulong` below reads its 8-byte run of `l` in one 8-byte-aligned load
        // instead of eight scalar `uchar` loads.
        ulong q1_word = *(device const ulong *)(qs + byte_base);
        ulong q2_word = *(device const ulong *)(qs + byte_base + 64u);
        ulong h_word = *(device const ulong *)(qh + 8u * ir);
        uint low_index = 64u * iq + 8u * ir;
        q5k_header h0 = q5k_header_for(block, low_index);
        q5k_header h1 = q5k_header_for(block, low_index + 32u);
        q5k_header h2 = q5k_header_for(block, low_index + 128u);
        q5k_header h3 = q5k_header_for(block, low_index + 160u);
        uchar hm1 = (uchar)(1u << (2u * iq));
        uchar hm2 = (uchar)(hm1 << 1u);
        uchar hm3 = (uchar)(hm1 << 4u);
        uchar hm4 = (uchar)(hm2 << 4u);
        float result = 0.0f;
        for (uint l = 0u; l < 8u; ++l) {
            uchar q1 = (uchar)((q1_word >> (8u * l)) & 0xFFu);
            uchar q2 = (uchar)((q2_word >> (8u * l)) & 0xFFu);
            uchar h = (uchar)((h_word >> (8u * l)) & 0xFFu);
            float low0 = (float)(q1 & 0x0Fu) + ((h & hm1) != 0u ? 16.0f : 0.0f);
            float low1 = (float)(q1 >> 4u) + ((h & hm2) != 0u ? 16.0f : 0.0f);
            float high0 = (float)(q2 & 0x0Fu) + ((h & hm3) != 0u ? 16.0f : 0.0f);
            float high1 = (float)(q2 >> 4u) + ((h & hm4) != 0u ? 16.0f : 0.0f);
            result += (h0.scale * low0 - h0.minimum) * yl[l];
            result += (h1.scale * low1 - h1.minimum) * yl[l + 8u];
            result += (h2.scale * high0 - h2.minimum) * yh[l];
            result += (h3.scale * high1 - h3.minimum) * yh[l + 8u];
        }
        return result;
    }


    // one Q6_K super-block's scale `d` -- decoded ONCE per super-block by the
    // row-blocked path (see push_packed_row_blocked_body), since it is constant
    // across all 256 elements (unlike Q4_K's per-sub-block header).
    struct q6k_header { float d; };

    static inline q6k_header q6k_header_for(device const uchar *block) {
        ushort d_bits = (ushort)((uint)block[208] | ((uint)block[209] << 8));
        q6k_header header;
        header.d = (float)as_type<half>(d_bits);
        return header;
    }

    // element `index` (0..256) of one Q6_K super-block, given its super-block's
    // already-decoded `d` -- byte-for-byte the value
    // proxima_gguf::quant::q6_k::dequantize_block writes at the same index.
    static inline float q6k_value(device const uchar *block, uint index, q6k_header header) {
        uint half_index = index / 128u;
        uint local = index % 128u;
        uint l = local % 32u;
        uint lane = local / 32u;
        uint sub_block_in_half = l / 16u;

        device const uchar *ql = block + half_index * 64u;
        device const uchar *qh = block + 128u + half_index * 32u;
        device const uchar *scales = block + 192u;

        uchar ql_byte = (lane % 2u == 0u) ? ql[l] : ql[l + 32u];
        uchar nibble = (lane < 2u) ? (ql_byte & 0x0Fu) : (ql_byte >> 4u);
        uchar high2 = (qh[l] >> (uchar)(lane * 2u)) & 0x03u;
        uchar level = nibble | (high2 << 4u);

        uchar scale_byte = scales[half_index * 8u + sub_block_in_half + lane * 2u];
        float scale = (float)(char)scale_byte;
        float quant = (float)level - 32.0f;
        return header.d * scale * quant;
    }

    // element `index` of one Q6_K super-block, decoding its own header first --
    // the generic per-element path (`operand_read`'s non-row-blocked callers)
    // has no amortized header to reuse across elements, unlike the row-blocked
    // path's `q6k_header_for` decoded once per super-block.
    static inline float q6k_element(device const uchar *block, uint index) {
        return q6k_value(block, index, q6k_header_for(block));
    }


    static inline float q6k_pair_dot(device const uchar *block, uint iq, uint ir, thread const float *yl, thread const float *yh) {
        device const uchar *ql = block;
        device const uchar *qh = block + 128u;
        device const uchar *scales = block + 192u;
        q6k_header hdr = q6k_header_for(block);

        uint l_base = 8u * ir;
        // `l_base` (0/8/16/24) and its +32/+64/+96 siblings are all even, and
        // `block` itself always lands on an even byte (210-byte stride, always
        // even) -- so every `ushort` load below is 2-byte aligned. A `uint`
        // load would need `l_base` 4-byte aligned AND `block` 4-byte aligned;
        // neither holds for every super-block index, so `ushort` is the
        // widest load this layout can support unconditionally (see this
        // constant's own doc).
        device const ushort *ql_a = (device const ushort *)(ql + l_base);
        device const ushort *ql_b = (device const ushort *)(ql + 32u + l_base);
        device const ushort *ql_c = (device const ushort *)(ql + 64u + l_base);
        device const ushort *ql_d = (device const ushort *)(ql + 96u + l_base);
        device const ushort *qh_0 = (device const ushort *)(qh + l_base);
        device const ushort *qh_1 = (device const ushort *)(qh + 32u + l_base);

        uint sub = (l_base < 16u) ? 0u : 1u;
        float scale_a = (float)(char)scales[sub + 4u * iq];
        float scale_b = (float)(char)scales[sub + 4u * iq + 2u];
        float scale_c = (float)(char)scales[8u + sub + 4u * iq];
        float scale_d = (float)(char)scales[8u + sub + 4u * iq + 2u];

        uint shift_lo = 4u * iq;
        uint shift_hi = shift_lo + 2u;
        uchar nibble_shift = (iq == 0u) ? 0u : 4u;

        float result = 0.0f;
        for (uint w = 0u; w < 4u; ++w) {
            ushort ql_a_word = ql_a[w];
            ushort ql_b_word = ql_b[w];
            ushort ql_c_word = ql_c[w];
            ushort ql_d_word = ql_d[w];
            ushort qh_0_word = qh_0[w];
            ushort qh_1_word = qh_1[w];
            for (uint bshift = 0u; bshift < 16u; bshift += 8u) {
                uint i = 2u * w + (bshift / 8u);
                uchar ql_a_byte = (uchar)((ql_a_word >> bshift) & 0xFFu);
                uchar ql_b_byte = (uchar)((ql_b_word >> bshift) & 0xFFu);
                uchar ql_c_byte = (uchar)((ql_c_word >> bshift) & 0xFFu);
                uchar ql_d_byte = (uchar)((ql_d_word >> bshift) & 0xFFu);
                uchar qh_0_byte = (uchar)((qh_0_word >> bshift) & 0xFFu);
                uchar qh_1_byte = (uchar)((qh_1_word >> bshift) & 0xFFu);

                float level_a = (float)(((ql_a_byte >> nibble_shift) & 0x0Fu) | (((qh_0_byte >> shift_lo) & 0x03u) << 4u)) - 32.0f;
                float level_b = (float)(((ql_b_byte >> nibble_shift) & 0x0Fu) | (((qh_0_byte >> shift_hi) & 0x03u) << 4u)) - 32.0f;
                float level_c = (float)(((ql_c_byte >> nibble_shift) & 0x0Fu) | (((qh_1_byte >> shift_lo) & 0x03u) << 4u)) - 32.0f;
                float level_d = (float)(((ql_d_byte >> nibble_shift) & 0x0Fu) | (((qh_1_byte >> shift_hi) & 0x03u) << 4u)) - 32.0f;

                result += (hdr.d * scale_a * level_a) * yl[i];
                result += (hdr.d * scale_b * level_b) * yl[i + 8u];
                result += (hdr.d * scale_c * level_c) * yh[i];
                result += (hdr.d * scale_d * level_d) * yh[i + 8u];
            }
        }
        return result;
    }


    struct ExpertPayloadDescriptor {
        uint expert_index;
        uint codec;
        uint byte_offset;
        uint byte_length;
        uint out_dim;
        uint in_dim;
        uint epoch;
        uint reserved;
    };
    static inline float mixed_expert_element(device const uchar *payload,
                                             device const ExpertPayloadDescriptor *descriptor,
                                             uint expert,
                                             uint element) {
        ExpertPayloadDescriptor selected = descriptor[expert];
        device const uchar *block = payload + selected.byte_offset;
        if (selected.codec == 1u) {
            return q2k_element(block + (element / 256u) * 84u, element % 256u);
        }
        if (selected.codec == 2u) {
            return q4k_element(block + (element / 256u) * 144u, element % 256u);
        }
        if (selected.codec == 3u) {
            return q6k_element(block + (element / 256u) * 210u, element % 256u);
        }
        if (selected.codec == 4u) {
            return q3k_element(block + (element / 256u) * 110u, element % 256u);
        }
        return 0.0f;
    }
    static inline float mixed_expert_element_from_offset(
            device const uchar *payload,
            device const ExpertPayloadDescriptor *descriptor,
            uint expert,
            long full_offset,
            long expert_stride,
            uint codec) {
        long local = full_offset - (long)expert * expert_stride;
        if (codec == 1u) {
            device const uchar *block = payload + descriptor[expert].byte_offset +
                (uint)(local / 256l) * 84u;
            return q2k_element(block, (uint)(local % 256l));
        }
        if (codec == 2u) {
            device const uchar *block = payload + descriptor[expert].byte_offset +
                (uint)(local / 256l) * 144u;
            return q4k_element(block, (uint)(local % 256l));
        }
        if (codec == 3u) {
            device const uchar *block = payload + descriptor[expert].byte_offset +
                (uint)(local / 256l) * 210u;
            return q6k_element(block, (uint)(local % 256l));
        }
        if (codec == 4u) {
            device const uchar *block = payload + descriptor[expert].byte_offset +
                (uint)(local / 256l) * 110u;
            return q3k_element(block, (uint)(local % 256l));
        }
        return 0.0f;
    }
    static inline float mixed_expert_element_from_local(
            device const uchar *base,
            uint codec,
            long local) {
        if (codec == 1u) {
            return q2k_element(base + (uint)(local / 256l) * 84u, (uint)(local % 256l));
        }
        if (codec == 2u) {
            return q4k_element(base + (uint)(local / 256l) * 144u, (uint)(local % 256l));
        }
        if (codec == 3u) {
            return q6k_element(base + (uint)(local / 256l) * 210u, (uint)(local % 256l));
        }
        if (codec == 4u) {
            return q3k_element(base + (uint)(local / 256l) * 110u, (uint)(local % 256l));
        }
        return 0.0f;
    }


    static inline float uniform_expert_element_from_offset_q2k(
            device const uchar *payload,
            device const ExpertPayloadDescriptor *descriptor,
            uint expert,
            long full_offset,
            long expert_stride) {
        long local = full_offset - (long)expert * expert_stride;
        device const uchar *block = payload + descriptor[expert].byte_offset +
            (uint)(local / 256l) * 84u;
        return q2k_element(block, (uint)(local % 256l));
    }
    static inline float uniform_expert_element_from_offset_q3k(
            device const uchar *payload,
            device const ExpertPayloadDescriptor *descriptor,
            uint expert,
            long full_offset,
            long expert_stride) {
        long local = full_offset - (long)expert * expert_stride;
        device const uchar *block = payload + descriptor[expert].byte_offset +
            (uint)(local / 256l) * 110u;
        return q3k_element(block, (uint)(local % 256l));
    }
    static inline float uniform_expert_element_from_offset_q4k(
            device const uchar *payload,
            device const ExpertPayloadDescriptor *descriptor,
            uint expert,
            long full_offset,
            long expert_stride) {
        long local = full_offset - (long)expert * expert_stride;
        device const uchar *block = payload + descriptor[expert].byte_offset +
            (uint)(local / 256l) * 144u;
        return q4k_element(block, (uint)(local % 256l));
    }
    static inline float uniform_expert_element_from_offset_q5k(
            device const uchar *payload,
            device const ExpertPayloadDescriptor *descriptor,
            uint expert,
            long full_offset,
            long expert_stride) {
        long local = full_offset - (long)expert * expert_stride;
        device const uchar *block = payload + descriptor[expert].byte_offset +
            (uint)(local / 256l) * 176u;
        return q5k_element(block, (uint)(local % 256l));
    }
    static inline float uniform_expert_element_from_offset_q6k(
            device const uchar *payload,
            device const ExpertPayloadDescriptor *descriptor,
            uint expert,
            long full_offset,
            long expert_stride) {
        long local = full_offset - (long)expert * expert_stride;
        device const uchar *block = payload + descriptor[expert].byte_offset +
            (uint)(local / 256l) * 210u;
        return q6k_element(block, (uint)(local % 256l));
    }


    // element `index` (0..32) of one Q8_0 block, byte-for-byte the value
    // proxima_gguf::quant::q8_0::dequantize_block writes at the same index.
    static inline float q8_0_element(device const uchar *block, uint index) {
        ushort d_bits = (ushort)((uint)block[0] | ((uint)block[1] << 8));
        float d = (float)as_type<half>(d_bits);
        char level = (char)block[2u + index];
        return (float)level * d;
    }


    static inline float q8_0_super_element(device const uchar *superblock, uint index) {
        return q8_0_element(superblock + (index / 32u) * 34u, index % 32u);
    }


    static inline float q8_0_pair_dot(device const uchar *superblock, uint slot, thread const float *acts) {
        device const uchar *block = superblock + (slot / 32u) * 34u;
        ushort d_bits = (ushort)((uint)block[0] | ((uint)block[1] << 8));
        float d = (float)as_type<half>(d_bits);
        device const uchar *levels = block + 2;
        float result = 0.0f;
        for (uint j = 0u; j < 32u; ++j) {
            result += d * (float)((char)levels[j]) * acts[j];
        }
        return result;
    }


    // element `index` (0..32) of one Q4_0 block, byte-for-byte the value
    // proxima_gguf::quant::q4_0::dequantize_block writes at the same index.
    static inline float q4_0_element(device const uchar *block, uint index) {
        ushort d_bits = (ushort)((uint)block[0] | ((uint)block[1] << 8));
        float d = (float)as_type<half>(d_bits);
        uchar byte = block[2u + (index % 16u)];
        int nibble = (index < 16u) ? (int)(byte & 0x0Fu) : (int)(byte >> 4u);
        return (float)(nibble - 8) * d;
    }


    static inline float q4_0_super_element(device const uchar *superblock, uint index) {
        return q4_0_element(superblock + (index / 32u) * 18u, index % 32u);
    }


    static inline float q4_0_pair_dot(device const uchar *superblock, uint slot, thread const float *acts) {
        device const uchar *block = superblock + (slot / 32u) * 18u;
        ushort d_bits = (ushort)((uint)block[0] | ((uint)block[1] << 8));
        float d = (float)as_type<half>(d_bits);
        device const uchar *qs = block + 2;
        float result = 0.0f;
        for (uint j = 0u; j < 16u; ++j) {
            uchar byte = qs[j];
            float low = (float)((int)(byte & 0x0Fu) - 8);
            float high = (float)((int)(byte >> 4u) - 8);
            result += d * low * acts[j];
            result += d * high * acts[j + 16u];
        }
        return result;
    }


    static inline float q4_0_block_scale(device const uchar *block) {
        ushort d_bits = (ushort)((uint)block[0] | ((uint)block[1] << 8));
        return (float)as_type<half>(d_bits);
    }

    static inline void q4_0_run8(device const uchar *block, uint index, thread float *out) {
        device const uchar *qs = block + 2;
        uint shift = (index < 16u) ? 0u : 4u;
        uint base = index % 16u;
        for (uint j = 0u; j < 8u; ++j) {
            uchar byte = qs[base + j];
            out[j] = (float)((byte >> shift) & 0x0Fu);
        }
    }


    // element `index` (0..32) of one Q5_1 block, byte-for-byte the value
    // proxima_gguf::quant::q5_1::dequantize_block writes at the same index.
    static inline float q5_1_element(device const uchar *block, uint index) {
        ushort d_bits = (ushort)((uint)block[0] | ((uint)block[1] << 8));
        ushort m_bits = (ushort)((uint)block[2] | ((uint)block[3] << 8));
        float delta = (float)as_type<half>(d_bits);
        float minimum = (float)as_type<half>(m_bits);
        uint qh = (uint)block[4] | ((uint)block[5] << 8) | ((uint)block[6] << 16) | ((uint)block[7] << 24);
        bool high_half = index >= 16u;
        uint local = high_half ? (index - 16u) : index;
        uchar byte = block[8u + local];
        uint level;
        if (high_half) {
            uint high_bit = (qh >> (local + 12u)) & 0x10u;
            level = (uint)(byte >> 4u) | high_bit;
        } else {
            uint high_bit = ((qh >> local) << 4u) & 0x10u;
            level = (uint)(byte & 0x0Fu) | high_bit;
        }
        return (float)level * delta + minimum;
    }


    // element `index` (0..32) of one Q5_0 block, byte-for-byte the value
    // proxima_gguf::quant::q5_0::dequantize_block writes at the same index.
    static inline float q5_0_element(device const uchar *block, uint index) {
        ushort d_bits = (ushort)((uint)block[0] | ((uint)block[1] << 8));
        float delta = (float)as_type<half>(d_bits);
        uint qh = (uint)block[2] | ((uint)block[3] << 8) | ((uint)block[4] << 16) | ((uint)block[5] << 24);
        bool high_half = index >= 16u;
        uint local = high_half ? (index - 16u) : index;
        uchar byte = block[6u + local];
        uint level;
        if (high_half) {
            uint high_bit = (qh >> (local + 12u)) & 0x10u;
            level = (uint)(byte >> 4u) | high_bit;
        } else {
            uint high_bit = ((qh >> local) << 4u) & 0x10u;
            level = (uint)(byte & 0x0Fu) | high_bit;
        }
        return ((float)level - 16.0f) * delta;
    }


    // element `index` (always 0 -- BFloat16 has no super-block) of one BFloat16
    // block: the top 16 bits of the f32 this pair of bytes came from,
    // reconstructed by shifting them back into place.
    static inline float bf16_element(device const uchar *block, uint index) {
        (void)index;
        uint bits = ((uint)block[0] | ((uint)block[1] << 8)) << 16u;
        return as_type<float>(bits);
    }

    struct Uniforms {
        long output_total;
        long reduction_total;
        long output_extents[2];
        long reduction_extents[1];
        long operand_base[2];
        long operand_strides[2][3];
        long out_base;
        long out_strides[3];
    };

    kernel void omega_reduce_r3_o2_n2_multiply_add_zero(
        device const uchar* in0 [[buffer(0)]],
        device const float* in1 [[buffer(1)]],
        device float* out [[buffer(2)]],
        constant Uniforms& u [[buffer(3)]],
        uint gid [[thread_position_in_grid]],
        uint tptg [[threads_per_threadgroup]])
    {
        uint tptg_width = tptg;
        long output_index = (long)gid / (long)tptg_width;
        uint tiitg = (uint)((long)gid % (long)tptg_width);
        uint sgitg = tiitg / 32u;
        uint lane = tiitg % 32u;
        uint split = tptg_width / 32u;
        long group_first = output_index * 4;
        float sumf[4];
        for (int q = 0; q < 4; ++q) { sumf[q] = 0.0f; }
        long weight_base[4];
        long other_base[4];
        long coord_q_cache[4][3];
        long weight_row_stride = u.operand_strides[0][1];
        long other_row_stride = u.operand_strides[1][1];
        for (int q = 0; q < 4; ++q) {
            long flat = group_first + q;
            for (int d = 0; d < 3; ++d) { coord_q_cache[q][d] = 0; }
            coord_q_cache[q][1] = flat;
            weight_base[q] = u.operand_base[0] + flat * weight_row_stride;
            other_base[q] = u.operand_base[1] + flat * other_row_stride;
        }
        long other_stride = u.operand_strides[1][2];
        uint ix = (uint)lane / 8u;
        uint it = (uint)lane % 8u;
        uint slot = it * 32u;
        float acts[32];
        int super_blocks = (int)u.reduction_total / 256;
        int ib_first = (int)(ix + sgitg * 4u);
        int ib_step = (int)(4u * split);
        long blk_step = (long)ib_step * 144;
        device const uchar *blk_ptr[4];
        for (int q = 0; q < 4; ++q) {
            blk_ptr[q] = in0 + ((long)((int)weight_base[q] / 256) + (long)ib_first) * 144;
        }
        long acts_step = (long)ib_step * 256;
        device const float *acts_row = in1 + other_base[0] + (long)ib_first * 256 + (long)slot;
        for (int ib = ib_first; ib < super_blocks; ib += ib_step) {
            for (int j = 0; j < 32; ++j) {
                acts[j] = acts_row[j];
            }
            for (int q = 0; q < 4; ++q) {
                device const uchar *blk = blk_ptr[q];
                sumf[q] = sumf[q] + q4_0_pair_dot(blk, slot, acts);
            }
            for (int q = 0; q < 4; ++q) { blk_ptr[q] += blk_step; }
            acts_row += acts_step;
        }
        threadgroup float partial_sums[4][8];
        for (int q = 0; q < 4; ++q) {
            float reduced = simd_sum(sumf[q]);
            if (lane == 0u) { partial_sums[q][sgitg] = reduced; }
        }
        threadgroup_barrier(mem_flags::mem_threadgroup);
        if (sgitg == 0u && lane == 0u) {
            for (int q = 0; q < 4; ++q) {
                float total = partial_sums[q][0];
                for (uint s = 1u; s < split; ++s) {
                    total = (total + partial_sums[q][s]);
                }
                long flat = group_first + q;
                if (flat < u.output_total) {
                    long out_offset = u.out_base;
                    out_offset += coord_q_cache[q][0] * u.out_strides[0];
                    out_offset += coord_q_cache[q][1] * u.out_strides[1];
                    out_offset += coord_q_cache[q][2] * u.out_strides[2];
                    out[out_offset] = total;
                }
            }
        }
    }

    note: run with `RUST_BACKTRACE=1` environment variable to display a backtrace

        PASS [   0.009s] (208/765) omega msl::tests::epilogue_operand_reuse::a_repeated_epilogue_operand_is_loaded_from_device_memory_once
        PASS [   0.009s] (209/765) omega msl::tests::epilogue_operand_reuse::aliases_map_every_mention_of_one_tensor_to_its_first
        PASS [   0.011s] (210/765) omega msl::tests::epilogue_operand_reuse::a_round_batched_reduce_carries_its_epilogue_repeats_in_its_identity
        PASS [   0.009s] (211/765) omega msl::tests::epilogue_operand_reuse::the_repeat_pattern_is_part_of_the_pipeline_identity
        PASS [   0.010s] (212/765) omega msl::tests::epilogue_operand_reuse::distinct_epilogue_operands_each_keep_their_own_load
        PASS [   0.009s] (213/765) omega msl::tests::epilogue_operand_reuse::the_same_source_at_a_different_layout_is_not_an_alias
        PASS [   0.011s] (214/765) omega msl::tests::every_axis_that_changes_emitted_source_also_changes_kernel_cache_key
        PASS [   0.010s] (215/765) omega msl::tests::expert_grouped_decode_description::a_described_expert_codec_is_admitted_and_stages_through_the_shared_cursor::float16
        PASS [   0.012s] (216/765) omega msl::tests::expert_codec_declared_once_when_both_substitution_markers_fire
        PASS [   0.012s] (217/765) omega msl::tests::expert_grouped_decode_description::a_described_expert_codec_is_admitted_and_stages_through_the_shared_cursor::q3k
        PASS [   0.010s] (218/765) omega msl::tests::expert_grouped_decode_description::a_described_expert_codec_is_admitted_and_stages_through_the_shared_cursor::q4k
        PASS [   0.009s] (219/765) omega msl::tests::expert_grouped_decode_description::a_described_expert_codec_is_admitted_and_stages_through_the_shared_cursor::q5_1
        PASS [   0.011s] (220/765) omega msl::tests::expert_grouped_decode_description::a_described_expert_codec_is_admitted_and_stages_through_the_shared_cursor::q4_0
        PASS [   0.010s] (221/765) omega msl::tests::expert_grouped_decode_description::a_described_expert_codec_is_admitted_and_stages_through_the_shared_cursor::q5_0
        PASS [   0.010s] (222/765) omega msl::tests::expert_grouped_decode_description::a_described_expert_codec_is_admitted_and_stages_through_the_shared_cursor::q5k
        PASS [   0.010s] (223/765) omega msl::tests::expert_grouped_decode_description::a_described_expert_codec_is_admitted_and_stages_through_the_shared_cursor::q6k
        PASS [   0.011s] (224/765) omega msl::tests::expert_grouped_decode_description::a_described_expert_codec_is_admitted_and_stages_through_the_shared_cursor::q8_0
        PASS [   0.009s] (225/765) omega msl::tests::expert_grouped_decode_description::the_grouped_k_step_is_the_staged_k_step_every_description_divides_into_or_out_of
        PASS [   0.010s] (226/765) omega msl::tests::expert_grouped_decode_description::the_grouped_kernel_no_longer_hard_codes_a_q8_0_block
        PASS [   0.183s] (227/765) omega msl::attn_rows_tests::every_cached_and_new_key_is_scored_by_exactly_one_split
        PASS [   0.010s] (228/765) omega msl::tests::expert_grouped_gemm::a_codec_without_a_decode_description_is_rejected_by_name::bfloat16
        PASS [   0.010s] (229/765) omega msl::tests::expert_grouped_gemm::a_codec_without_a_decode_description_is_rejected_by_name::q2k
        PASS [   0.010s] (230/765) omega msl::tests::expert_grouped_gemm::a_codec_without_a_decode_description_is_rejected_by_name::iq4_nl
        PASS [   0.010s] (231/765) omega msl::tests::expert_grouped_gemm::a_q8_0_expert_gather_at_prefill_width_is_admitted_as_expert_grouped
        PASS [   0.010s] (232/765) omega msl::tests::expert_grouped_gemm::a_stacked_decode_step_stays_below_the_tiled_minimum_and_keeps_the_matvec
        PASS [   0.010s] (233/765) omega msl::tests::expert_grouped_gemm::a_stacked_down_below_the_tiled_minimum_is_single_row_matvecs_at_every_width
        PASS [   0.011s] (234/765) omega msl::tests::expert_grouped_gemm::a_stacked_down_whose_activation_differs_per_selected_expert_is_admitted_too
        PASS [   0.011s] (235/765) omega msl::tests::expert_grouped_gemm::a_stacked_gate_and_down_whose_slots_fill_the_tiles_keep_the_tiled_classification
        PASS [   0.009s] (236/765) omega msl::tests::expert_grouped_gemm::a_stacked_gate_over_sequence_and_selected_axes_is_one_expert_grouped_op
        PASS [   0.009s] (237/765) omega msl::tests::expert_grouped_gemm::below_the_tiled_token_minimum_the_gather_stays_on_the_dense_kernel
        PASS [   0.010s] (238/765) omega msl::tests::expert_grouped_gemm::expert_grouped_dispatch_is_one_z_slice_per_expert_and_row_tiles_times_parts_groups
        PASS [   0.010s] (239/765) omega msl::tests::expert_grouped_gemm::routed_rows_at_the_tiled_minimum_still_refuse_the_shared_weight_row_body
        PASS [   0.010s] (240/765) omega msl::tests::expert_grouped_gemm::the_pipeline_identity_names_the_expert_grouped_body
        PASS [   0.011s] (241/765) omega msl::tests::expert_grouped_gemm::routed_rows_below_the_tiled_minimum_are_single_row_matvecs_each_on_its_own_expert
        PASS [   0.011s] (242/765) omega msl::tests::expert_grouped_gemm::the_rendered_kernel_ranks_tokens_by_prefix_sum_and_reports_a_bad_route
        PASS [   0.009s] (243/765) omega msl::tests::expert_grouped_gemm::the_stacked_op_renders_one_kernel_that_decomposes_the_flat_token_into_both_axes
        PASS [   0.010s] (244/765) omega msl::tests::expert_grouped_gemm::the_stacked_pipeline_identity_differs_from_the_single_axis_one
        PASS [   0.010s] (245/765) omega msl::tests::expert_source_emission_appends_payload_and_descriptor_bindings
        PASS [   0.010s] (246/765) omega msl::tests::flat_grid_form::a_batched_launch_whose_slice_fits_but_whose_whole_grid_does_not_takes_the_flat_form
        PASS [   0.010s] (247/765) omega msl::tests::flat_grid_form::a_composite_threadgroup_count_above_u32_max_splits_across_both_axes
        PASS [   0.010s] (248/765) omega msl::tests::flat_grid_form::a_flat_launch_is_re_cut_for_a_pipeline_that_cannot_run_the_pinned_width
        PASS [   0.011s] (249/765) omega msl::tests::expert_source_uses_descriptor_codec_instead_of_checkpoint_codec
        PASS [   0.010s] (250/765) omega msl::tests::flat_grid_form::a_grid_that_fits_a_32_bit_thread_index_keeps_the_linear_form
        PASS [   0.011s] (251/765) omega msl::tests::flat_grid_form::a_grid_with_more_threadgroups_than_two_axes_can_hold_is_rejected
        PASS [   0.009s] (252/765) omega msl::tests::flat_grid_form::a_pinned_threadgroup_width_that_does_not_divide_the_grid_launches_one_simdgroup_wide
        PASS [   0.009s] (253/765) omega msl::tests::flat_grid_form::a_pinned_width_that_does_not_divide_the_grid_is_refused_for_a_kernel_that_reads_it
        PASS [   0.009s] (254/765) omega msl::tests::flat_grid_form::cached_attention_with_grouped_queries_is_refused_when_its_width_does_not_divide_the_grid
        PASS [   0.010s] (255/765) omega msl::tests::flat_grid_form::a_threadgroup_count_with_no_divisor_to_spill_into_y_is_rejected
        PASS [   0.009s] (256/765) omega msl::tests::flat_grid_form::expert_source_substitution_refuses_the_flat_form
        PASS [   0.011s] (257/765) omega msl::tests::flat_grid_form::a_thread_count_that_wraps_u64_is_rejected_instead_of_truncated
        PASS [   0.011s] (258/765) omega msl::tests::flat_grid_form::every_kernel_past_the_thread_index_renders_and_dispatches_the_flat_form_together
        PASS [   0.009s] (259/765) omega msl::tests::flat_grid_form::the_rectangle_never_launches_a_threadgroup_the_grid_does_not_need
        PASS [   0.010s] (260/765) omega msl::tests::flat_grid_form::the_flat_form_gets_its_own_pipeline_identity_and_the_linear_sibling_keeps_its_own
        PASS [   0.010s] (261/765) omega msl::tests::flat_grid_form::the_dense_batched_gemm_one_d_form_past_the_thread_index_reads_its_batch_from_the_flat_group_z
        PASS [   0.009s] (262/765) omega msl::tests::flat_grid_form::the_split_k_packed_row_body_gets_its_threadgroup_width_back_as_a_local
        PASS [   0.009s] (263/765) omega msl::tests::flat_grid_form::the_tile_coordinate_launch_is_never_re_cut_for_a_pipeline_width
        PASS [   0.010s] (264/765) omega msl::tests::flat_grid_form::the_tile_coordinate_form_needs_no_widening_however_wide_the_grid
        PASS [   0.009s] (265/765) omega msl::tests::forty_key_plan_uses_the_per_query_head_grid_with_no_merge_under_either_policy
        PASS [   0.011s] (266/765) omega msl::tests::flat_grid_form::the_tiled_gemm_one_d_form_past_the_thread_index_takes_the_flat_form
        PASS [   0.009s] (267/765) omega msl::tests::forty_keys_stays_one_split_under_bit_exact_but_splits_under_llama_relaxed
        PASS [   0.010s] (268/765) omega msl::tests::fused_matmul_op_emits_two_inputs_a_reduction_loop_and_a_row_by_col_grid
        PASS [   0.010s] (269/765) omega msl::tests::grid2d_kernel_attribute_form_and_dispatched_grid_always_agree
        PASS [   0.011s] (270/765) omega msl::tests::half_precision_codec_never_takes_the_row_blocked_path_even_at_a_256_extent::bfloat16
        PASS [   0.011s] (271/765) omega msl::tests::half_precision_codec_never_takes_the_row_blocked_path_even_at_a_256_extent::float16
        PASS [   0.010s] (272/765) omega msl::tests::long_contexts_split_across_more_than_one_threadgroup_under_llama_relaxed
        PASS [   0.009s] (273/765) omega msl::tests::long_contexts_stay_one_split_under_bit_exact
        PASS [   0.010s] (274/765) omega msl::tests::many_token_matmul_takes_the_tiled_gemm_path
        PASS [   0.010s] (275/765) omega msl::tests::mm_layout_decodes_before_the_first_barrier_and_ends_the_loop_on_the_multiplies
        PASS [   0.010s] (276/765) omega msl::tests::mm_layout_default_on_renders_unless_explicitly_disabled_or_the_weight_stage_is_off
        PASS [   0.010s] (277/765) omega msl::tests::mm_layout_loads_fragments_untransposed_and_stores_the_accumulators_transposed
        PASS [   0.011s] (278/765) omega msl::tests::mm_layout_reads_a_unit_stride_activation_at_k0_and_a_strided_one_through_the_accessor
        PASS [   0.011s] (279/765) omega msl::tests::multi_row_index32_27_token_shape_gets_i32_suffix_with_unchanged_geometry
        PASS [   0.011s] (280/765) omega msl::tests::multi_row_index32_decode_shape_keeps_current_key_source_grid_and_width
        PASS [   0.012s] (281/765) omega msl::tests::multi_head_shaped_matmul_stays_on_the_row_blocked_path_regardless_of_token_count
        PASS [   0.010s] (282/765) omega msl::tests::multi_row_index32_oversized_shape_not_admitted
        FAIL [   0.009s] (283/765) omega msl::tests::multi_row_kernel_folds_only_the_activation_rows_the_op_has
  stdout ───

    running 1 test
    test msl::tests::multi_row_kernel_folds_only_the_activation_rows_the_op_has ... FAILED

    failures:

    failures:
        msl::tests::multi_row_kernel_folds_only_the_activation_rows_the_op_has

    test result: FAILED. 0 passed; 1 failed; 0 ignored; 0 measured; 392 filtered out; finished in 0.00s

  stderr ───

    thread 'msl::tests::multi_row_kernel_folds_only_the_activation_rows_the_op_has' (74957000) panicked at omega/src/msl/tests.rs:7343:9:
    assertion `left == right` failed: 2 tokens must dispatch 1 token group(s) of 64 simdgroups
      left: 16384
     right: 2048
    note: run with `RUST_BACKTRACE=1` environment variable to display a backtrace

        PASS [   0.010s] (284/765) omega msl::tests::multi_row_unroll_27_token_shape_gets_u_suffix_with_unchanged_geometry
        PASS [   0.012s] (285/765) omega msl::tests::multi_row_unroll_decode_shape_keeps_current_key_source_grid_and_width
        PASS [   0.010s] (286/765) omega msl::tests::one_token_gathered_q4k_matmul_uses_row_blocked_gather_body
        PASS [   0.010s] (287/765) omega msl::tests::output_axis_order_at_the_same_axis_set_yields_distinct_cache_keys_and_source
        PASS [   0.009s] (288/765) omega msl::tests::per_query_head_grid_narrows_threadgroup_width_without_changing_total_threads
        PASS [   0.011s] (289/765) omega msl::tests::preamble_contains_mixed_expert_codec_selector
        FAIL [   0.011s] (290/765) omega msl::tests::push_packed_row_blocked_body_emits_a_q4_0_row_blocked_kernel
  stdout ───

    running 1 test
    test msl::tests::push_packed_row_blocked_body_emits_a_q4_0_row_blocked_kernel ... FAILED

    failures:

    failures:
        msl::tests::push_packed_row_blocked_body_emits_a_q4_0_row_blocked_kernel

    test result: FAILED. 0 passed; 1 failed; 0 ignored; 0 measured; 392 filtered out; finished in 0.00s

  stderr ───

    thread 'msl::tests::push_packed_row_blocked_body_emits_a_q4_0_row_blocked_kernel' (74957025) panicked at omega/src/msl/tests.rs:5100:9:
    metal-q4_0-native must render ggml's inline nibble dot:     long group_first = output_index * 4;
        float sumf[4];
        for (int q = 0; q < 4; ++q) { sumf[q] = 0.0f; }
        long weight_base[4];
        long other_base[4];
        long coord_q_cache[4][2];
        for (int q = 0; q < 4; ++q) {
            long flat = group_first + q;
            long remaining_q = flat;
            for (int d = 0; d < 2; ++d) { coord_q_cache[q][d] = 0; }
            coord_q_cache[q][1] = remaining_q % u.output_extents[1]; remaining_q /= u.output_extents[1];
            coord_q_cache[q][0] = remaining_q % u.output_extents[0]; remaining_q /= u.output_extents[0];
            long wb = u.operand_base[0];
            long ob = u.operand_base[1];
            wb += coord_q_cache[q][0] * u.operand_strides[0][0];
            ob += coord_q_cache[q][0] * u.operand_strides[1][0];
            wb += coord_q_cache[q][1] * u.operand_strides[0][1];
            ob += coord_q_cache[q][1] * u.operand_strides[1][1];
            weight_base[q] = wb;
            other_base[q] = ob;
        }
        long other_stride = u.operand_strides[1][1];
        uint ix = (uint)lane / 8u;
        uint it = (uint)lane % 8u;
        uint slot = it * 32u;
        float acts[32];
        int super_blocks = (int)u.reduction_total / 256;
        int ib_first = (int)(ix + sgitg * 4u);
        int ib_step = (int)(4u * split);
        long blk_step = (long)ib_step * 144;
        device const uchar *blk_ptr[4];
        for (int q = 0; q < 4; ++q) {
            blk_ptr[q] = in0 + ((long)((int)weight_base[q] / 256) + (long)ib_first) * 144;
        }
        long acts_step = (long)ib_step * 256;
        device const float *acts_row = in1 + other_base[0] + (long)ib_first * 256 + (long)slot;
        for (int ib = ib_first; ib < super_blocks; ib += ib_step) {
            for (int j = 0; j < 32; ++j) {
                acts[j] = acts_row[j];
            }
            for (int q = 0; q < 4; ++q) {
                device const uchar *blk = blk_ptr[q];
                sumf[q] = sumf[q] + q4_0_pair_dot(blk, slot, acts);
            }
            for (int q = 0; q < 4; ++q) { blk_ptr[q] += blk_step; }
            acts_row += acts_step;
        }
        threadgroup float partial_sums[4][8];
        for (int q = 0; q < 4; ++q) {
            float reduced = simd_sum(sumf[q]);
            if (lane == 0u) { partial_sums[q][sgitg] = reduced; }
        }
        threadgroup_barrier(mem_flags::mem_threadgroup);
        if (sgitg == 0u && lane == 0u) {
            for (int q = 0; q < 4; ++q) {
                float total = partial_sums[q][0];
                for (uint s = 1u; s < split; ++s) {
                    total = (total + partial_sums[q][s]);
                }
                long flat = group_first + q;
                if (flat < u.output_total) {
                    long out_offset = u.out_base;
                    out_offset += coord_q_cache[q][0] * u.out_strides[0];
                    out_offset += coord_q_cache[q][1] * u.out_strides[1];
                    out[out_offset] = total;
                }
            }
        }

    note: run with `RUST_BACKTRACE=1` environment variable to display a backtrace

        PASS [   0.009s] (291/765) omega msl::tests::push_packed_row_blocked_body_emits_a_q8_0_row_blocked_kernel
        PASS [   0.012s] (292/765) omega msl::tests::packed_row_activation_cap_is_the_smallest_power_of_two_holding_the_tokens_up_to_the_group
        PASS [   0.054s] (293/765) omega msl::tests::flat_grid_form::the_cached_attention_merge_kernel_past_the_thread_index_takes_the_flat_form_and_compiles
        PASS [   0.011s] (294/765) omega msl::tests::push_packed_row_blocked_body_rejects_a_non_k_quant_codec
        PASS [   0.009s] (295/765) omega msl::tests::push_tiled_gemm_body_rejects_an_empty_token_axis_group
        PASS [   0.010s] (296/765) omega msl::tests::push_tiled_gemm_body_rejects_an_axis_not_in_output_axes
        PASS [   0.060s] (297/765) omega msl::tests::flat_grid_form::cached_attention_with_grouped_queries_past_the_thread_index_launches_its_pinned_width_and_compiles
        PASS [   0.011s] (298/765) omega msl::tests::q4_0_broadcast_epilogue_declines_tiled_gemm_admission_without_erroring
        FAIL [   0.010s] (299/765) omega msl::tests::q4_0_codec_takes_the_row_blocked_path_at_a_256_extent
  stdout ───

    running 1 test
    test msl::tests::q4_0_codec_takes_the_row_blocked_path_at_a_256_extent ... FAILED

    failures:

    failures:
        msl::tests::q4_0_codec_takes_the_row_blocked_path_at_a_256_extent

    test result: FAILED. 0 passed; 1 failed; 0 ignored; 0 measured; 392 filtered out; finished in 0.00s

  stderr ───

    thread 'msl::tests::q4_0_codec_takes_the_row_blocked_path_at_a_256_extent' (74957050) panicked at omega/src/msl/tests.rs:1533:9:
    metal-q4_0-native must render ggml's inline nibble dot for a plain-product Q4_0 matmul:
    #include <metal_stdlib>
    using namespace metal;

    inline float proxima_erf(float x) {
        float sign = x < 0.0f ? -1.0f : 1.0f;
        float magnitude = fabs(x);
        float t = 1.0f / fma(0.3275911f, magnitude, 1.0f);
        float poly = t * fma(fma(fma(fma(1.061405429f, t, -1.453152027f), t, 1.421413741f), t, -0.284496736f), t, 0.254829592f);
        return sign * fma(poly, -exp(-magnitude * magnitude), 1.0f);
    }


    static inline float q2k_element(device const uchar *block, uint index) {
        device const uchar *scales = block;
        device const uchar *qs = block + 16;
        ushort d_bits = (ushort)((uint)block[80] | ((uint)block[81] << 8));
        ushort dmin_bits = (ushort)((uint)block[82] | ((uint)block[83] << 8));
        float d = (float)as_type<half>(d_bits);
        float dmin = (float)as_type<half>(dmin_bits);

        uint chunk = index / 128u;
        uint within = index % 128u;
        uint group = within / 32u;
        uint local = within % 32u;
        uint sub_block = chunk * 8u + group * 2u + (local >= 16u ? 1u : 0u);
        uchar scale_min = scales[sub_block];
        float scale = d * (float)(scale_min & 0x0Fu);
        float minimum = dmin * (float)(scale_min >> 4u);
        uchar level = (qs[chunk * 32u + local] >> (2u * group)) & 0x03u;
        return scale * (float)level - minimum;
    }


    // ports proxima_gguf::quant::q3_k::unpack_scale -- the same bit-interleaved
    // 6-bit unpack q4k_scale_min/q5k_scale_min use for a (scale, min) pair,
    // restated here for a scale-only code (no min), same posture as
    // q5k_scale_min restating q4k_scale_min.
    static inline int q3k_unpack_scale(device const uchar *scales, uint sub_block) {
        uchar low = (sub_block < 8u) ? (scales[sub_block] & 0x0Fu) : (scales[sub_block - 8u] >> 4u);
        uchar high = (scales[8u + sub_block % 4u] >> (2u * (sub_block / 4u))) & 0x03u;
        int combined = (int)(low | (high << 4u));
        return combined - 32;
    }

    // one Q3_K super-block's per-sub-block (16-element) scale and high-bit
    // MASK, decoded ONCE for a run of elements sharing both -- same
    // amortization q4k_header_for/q5k_header_for make, at Q3_K's own 16-element
    // sub-block granularity rather than their 32-element one.
    struct q3k_header { float scale; uchar mask; };

    static inline q3k_header q3k_header_for(device const uchar *block, uint index) {
        device const uchar *scales = block + 96;
        ushort d_bits = (ushort)((uint)block[108] | ((uint)block[109] << 8));
        float d = (float)as_type<half>(d_bits);

        uint chunk = index / 128u;
        uint rem = index % 128u;
        uint j = rem / 32u;
        uint local32 = rem % 32u;
        bool low = local32 < 16u;
        uint sub_block = 8u * chunk + 2u * j + (low ? 0u : 1u);

        q3k_header header;
        header.scale = d * (float)q3k_unpack_scale(scales, sub_block);
        header.mask = (uchar)(1u << (4u * chunk + j));
        return header;
    }

    // one element, given its sub-block's already-decoded header.
    static inline float q3k_value(device const uchar *block, uint index, q3k_header header) {
        device const uchar *hmask = block;
        device const uchar *qs = block + 32;

        uint chunk = index / 128u;
        uint rem = index % 128u;
        uint j = rem / 32u;
        uint local32 = rem % 32u;

        uchar level = (qs[chunk * 32u + local32] >> (2u * j)) & 0x03u;
        float correction = (hmask[local32] & header.mask) != 0u ? 0.0f : 4.0f;
        return header.scale * ((float)level - correction);
    }

    // element `index` of one Q3_K super-block, decoding its own header first --
    // the generic per-element path (`operand_read`'s non-row-blocked callers)
    // has no amortized header to reuse across elements, same posture as
    // q5k_element/q6k_element.
    static inline float q3k_element(device const uchar *block, uint index) {
        return q3k_value(block, index, q3k_header_for(block, index));
    }


    static inline float q3k_pair_dot(device const uchar *block, uint iq, uint ir, thread const float *yl, thread const float *yh) {
        device const uchar *hmask = block;
        device const uchar *qs = block + 32;
        uint low_index = 64u * iq + 8u * ir;
        q3k_header h0 = q3k_header_for(block, low_index);
        q3k_header h1 = q3k_header_for(block, low_index + 32u);
        q3k_header h2 = q3k_header_for(block, low_index + 128u);
        q3k_header h3 = q3k_header_for(block, low_index + 160u);
        uint shift0 = 4u * iq;
        uint shift1 = shift0 + 2u;
        uint byte_offset = 8u * ir;
        float result = 0.0f;
        for (uint l = 0u; l < 8u; ++l) {
            uchar q1 = qs[byte_offset + l];
            uchar q2 = qs[32u + byte_offset + l];
            uchar hm = hmask[byte_offset + l];
            float low0 = (float)((q1 >> shift0) & 0x03u) - ((hm & h0.mask) != 0u ? 0.0f : 4.0f);
            float low1 = (float)((q1 >> shift1) & 0x03u) - ((hm & h1.mask) != 0u ? 0.0f : 4.0f);
            float high0 = (float)((q2 >> shift0) & 0x03u) - ((hm & h2.mask) != 0u ? 0.0f : 4.0f);
            float high1 = (float)((q2 >> shift1) & 0x03u) - ((hm & h3.mask) != 0u ? 0.0f : 4.0f);
            result += h0.scale * low0 * yl[l];
            result += h1.scale * low1 * yl[l + 8u];
            result += h2.scale * high0 * yh[l];
            result += h3.scale * high1 * yh[l + 8u];
        }
        return result;
    }


    // ports proxima_gguf::quant::q4_k::get_scale_min_k4
    static inline uchar2 q4k_scale_min(device const uchar *scales, uint sub_block) {
        if (sub_block < 4u) {
            return uchar2(scales[sub_block] & 63, scales[sub_block + 4u] & 63);
        }
        uchar scale = (scales[sub_block + 4u] & 0x0F) | ((scales[sub_block - 4u] >> 6) << 4);
        uchar minimum = (scales[sub_block + 4u] >> 4) | ((scales[sub_block] >> 6) << 4);
        return uchar2(scale, minimum);
    }

    // element `index` (0..256) of one Q4_K super-block, byte-for-byte the value
    // proxima_gguf::quant::q4_k::dequantize_block writes at the same index.
    static inline float q4k_element(device const uchar *block, uint index) {
        ushort d_bits = (ushort)((uint)block[0] | ((uint)block[1] << 8));
        ushort dmin_bits = (ushort)((uint)block[2] | ((uint)block[3] << 8));
        float d = (float)as_type<half>(d_bits);
        float dmin = (float)as_type<half>(dmin_bits);

        device const uchar *scales = block + 4;
        device const uchar *qs = block + 16;

        uint group = index / 64u;
        uint within = index % 64u;
        bool low_nibble = within < 32u;
        uint sub_block = 2u * group + (low_nibble ? 0u : 1u);
        uint byte_index = group * 32u + (within % 32u);

        uchar2 scale_min = q4k_scale_min(scales, sub_block);
        float scale = d * (float)scale_min.x;
        float minimum = dmin * (float)scale_min.y;
        uchar nibble = low_nibble ? (qs[byte_index] & 0x0F) : (qs[byte_index] >> 4);
        return scale * (float)nibble - minimum;
    }

    // A super-block's per-sub-block scale and min, decoded ONCE for a run of
    // elements inside that sub-block. `d`, `dmin` and the 6-bit scale/min pair
    // are constant across all 32 elements of a sub-block, so deriving them per
    // element (what `q4k_element` does) is 8-40x the arithmetic of the nibble
    // extract it feeds. ggml decodes once per super-block and spends ~1.6 ops
    // per weight; this is the same amortization.
    struct q4k_header { float scale; float minimum; };

    static inline q4k_header q4k_header_for(device const uchar *block, uint index) {
        ushort d_bits = (ushort)((uint)block[0] | ((uint)block[1] << 8));
        ushort dmin_bits = (ushort)((uint)block[2] | ((uint)block[3] << 8));
        device const uchar *scales = block + 4;
        uint group = index / 64u;
        uint within = index % 64u;
        uint sub_block = 2u * group + (within < 32u ? 0u : 1u);
        uchar2 scale_min = q4k_scale_min(scales, sub_block);
        q4k_header header;
        header.scale = (float)as_type<half>(d_bits) * (float)scale_min.x;
        header.minimum = (float)as_type<half>(dmin_bits) * (float)scale_min.y;
        return header;
    }

    // one element, given its sub-block's already-decoded header. This is the
    // whole per-element cost in the tiled loop: one byte load, one mask or
    // shift, one fma.
    static inline float q4k_value(device const uchar *block, uint index, q4k_header header) {
        device const uchar *qs = block + 16;
        uint group = index / 64u;
        uint within = index % 64u;
        uint byte_index = group * 32u + (within % 32u);
        uchar nibble = (within < 32u) ? (qs[byte_index] & 0x0F) : (qs[byte_index] >> 4);
        return header.scale * (float)nibble - header.minimum;
    }

    static inline float q4k_pair_dot(device const uchar *block, uint iq, uint ir, thread const float *yl, thread const float *yh) {
        device const uchar *qs = block + 16;
        // ggml's q1/q2 pointers are uint16_t, so its +32 offset advances 64 bytes.
        uint byte_base = 32u * iq + 8u * ir;
        // `qs` sits at offset 16 in a 144-byte block (both even), and `byte_base`
        // is always a multiple of 8, so every `ushort` word below is 2-byte
        // aligned -- matches ggml's `(device const uint16_t *)qs + 16*iq + 4*ir`.
        device const ushort *word_low = (device const ushort *)(qs + byte_base);
        device const ushort *word_high = (device const ushort *)(qs + byte_base + 64u);
        uint low_index = 64u * iq + 8u * ir;
        q4k_header h0 = q4k_header_for(block, low_index);
        q4k_header h1 = q4k_header_for(block, low_index + 32u);
        q4k_header h2 = q4k_header_for(block, low_index + 128u);
        q4k_header h3 = q4k_header_for(block, low_index + 160u);
        float result = 0.0f;
        for (uint i = 0u; i < 4u; ++i) {
            uint word1 = (uint)word_low[i];
            uint word2 = (uint)word_high[i];
            result += (h0.scale * (float)(word1 & 0x0Fu) - h0.minimum) * yl[2u * i + 0u];
            result += (h0.scale * (float)((word1 >> 8) & 0x0Fu) - h0.minimum) * yl[2u * i + 1u];
            result += (h1.scale * (float)((word1 >> 4) & 0x0Fu) - h1.minimum) * yl[2u * i + 8u];
            result += (h1.scale * (float)((word1 >> 12) & 0x0Fu) - h1.minimum) * yl[2u * i + 9u];
            result += (h2.scale * (float)(word2 & 0x0Fu) - h2.minimum) * yh[2u * i + 0u];
            result += (h2.scale * (float)((word2 >> 8) & 0x0Fu) - h2.minimum) * yh[2u * i + 1u];
            result += (h3.scale * (float)((word2 >> 4) & 0x0Fu) - h3.minimum) * yh[2u * i + 8u];
            result += (h3.scale * (float)((word2 >> 12) & 0x0Fu) - h3.minimum) * yh[2u * i + 9u];
        }
        return result;
    }

    // `q4k_pair_dot` generalized across an activation GROUP: `push_packed_row_
    // multi_row_body`'s own per-element `operand_read` loop (`docs/discipline.md`
    // ROW 389) decoded this row's header/nibble words once PER TOKEN instead of
    // once per weight-block iteration, because it never shared this function's
    // `word_low`/`word_high`/`h0..h3` decode across the group. `q4k_pair_dot_mr`
    // pulls that decode out of the per-token loop: `word_low`/`word_high` and
    // `h0..h3` are read/derived exactly once, then the eight-fma accumulate
    // below runs once per token, gathering that ONE token's 16+16 `yl`/`yh`
    // floats from `other_ptr` (via `other_base[s]`/`other_stride`/
    // `other_ib_offset`) immediately before folding them.
    //
    // CORRECTION (perf/prefill-packed-row-decode): a first version of this
    // function took pre-gathered `yl_group[cap][16]`/`yh_group[cap][16]` thread
    // arrays instead -- 256 live private floats at `cap = 8` -- and measured
    // SLOWER on a 31-token prefill than the generic per-element body it
    // replaced (step-0 GPU 13.0s on main vs 15.1-21.8s on that version). Arrays
    // sized by `cap` force Metal to reserve that much thread/private storage
    // for the whole per-block-iteration accumulate regardless of how many of
    // those `cap` slots are actually live at once, collapsing occupancy. This
    // version stages one token's `yl`/`yh` at a time inside the `s` loop below,
    // so live private state is ~40 floats (`yl`, `yh`, `result_s`, `result[]`)
    // no matter how large `cap` gets -- at the cost of re-issuing `other_ptr`'s
    // device loads once per output row (`rows_per_simdgroup`, 4 for `Q4_K`)
    // instead of once shared across all four; each repeat reads the SAME
    // address as the other three (same lane, same token, same sub-block
    // offset), so it costs a cache hit, not additional HBM traffic.
    static inline void q4k_pair_dot_mr(device const uchar *block, uint iq, uint ir, device const float *other_ptr, thread const long *other_base, long other_stride, long other_ib_offset, uint cap, thread float *result) {
        device const uchar *qs = block + 16;
        uint byte_base = 32u * iq + 8u * ir;
        device const ushort *word_low = (device const ushort *)(qs + byte_base);
        device const ushort *word_high = (device const ushort *)(qs + byte_base + 64u);
        uint low_index = 64u * iq + 8u * ir;
        q4k_header h0 = q4k_header_for(block, low_index);
        q4k_header h1 = q4k_header_for(block, low_index + 32u);
        q4k_header h2 = q4k_header_for(block, low_index + 128u);
        q4k_header h3 = q4k_header_for(block, low_index + 160u);
        ushort w1[4]; ushort w2[4];
        for (uint i = 0u; i < 4u; ++i) { w1[i] = word_low[i]; w2[i] = word_high[i]; }
        long lane_offset = (long)(64u * iq + 8u * ir) * other_stride;
        for (uint s = 0u; s < cap; ++s) {
            device const float *y4 = other_ptr + other_base[s] + other_ib_offset + lane_offset;
            float yl[16];
            float yh[16];
            for (uint i = 0u; i < 8u; ++i) {
                yl[i] = y4[(long)i * other_stride];
                yl[i + 8u] = y4[(long)(i + 32u) * other_stride];
                yh[i] = y4[(long)(i + 128u) * other_stride];
                yh[i + 8u] = y4[(long)(i + 160u) * other_stride];
            }
            float result_s = 0.0f;
            for (uint i = 0u; i < 4u; ++i) {
                uint word1 = (uint)w1[i];
                uint word2 = (uint)w2[i];
                result_s += (h0.scale * (float)(word1 & 0x0Fu) - h0.minimum) * yl[2u * i + 0u];
                result_s += (h0.scale * (float)((word1 >> 8) & 0x0Fu) - h0.minimum) * yl[2u * i + 1u];
                result_s += (h1.scale * (float)((word1 >> 4) & 0x0Fu) - h1.minimum) * yl[2u * i + 8u];
                result_s += (h1.scale * (float)((word1 >> 12) & 0x0Fu) - h1.minimum) * yl[2u * i + 9u];
                result_s += (h2.scale * (float)(word2 & 0x0Fu) - h2.minimum) * yh[2u * i + 0u];
                result_s += (h2.scale * (float)((word2 >> 8) & 0x0Fu) - h2.minimum) * yh[2u * i + 1u];
                result_s += (h3.scale * (float)((word2 >> 4) & 0x0Fu) - h3.minimum) * yh[2u * i + 8u];
                result_s += (h3.scale * (float)((word2 >> 12) & 0x0Fu) - h3.minimum) * yh[2u * i + 9u];
            }
            result[s] = result_s;
        }
    }

    // Eight consecutive levels from TWO 32-bit loads instead of eight byte
    // loads. A lane's run is `slot .. slot+7` and never crosses a 32-element
    // sub-block boundary, so all eight share a group and a nibble half, and
    // their bytes are eight CONSECUTIVE bytes of `qs`. `slot % 32` is one of
    // {0,8,16,24} and a super-block is 144 bytes (a multiple of 16), so the
    // address is 4-byte aligned and the `uint` cast is sound.
    //
    // CORRECTION (perf/metal-q4k-mask-fma): the claim this comment used to make
    // here -- "ggml does the same thing one width down ... the nibble extract is
    // cheap and the LOAD is what costs" -- is FALSE, verified against
    // `ggml-metal.metal:5157-5165` (`kernel_mul_mv_q4_K_f32_impl`). ggml does NOT
    // shift at all: it masks four FIXED bit positions (`q1[i] & 0x000F/0x0F00/
    // 0x00F0/0xF000`) straight off a `uint16_t` load and folds the resulting
    // 1x/16x/256x residual scale into the per-sub-block combine
    // (`ggml-metal.metal:5171-5175`). This function instead computes a RUNTIME
    // `shift` (0 or 4, not known at compile time) and adds it into every one of
    // the eight extractions below, which ggml's masked form has no equivalent
    // of. See `push_q4k_product_reduce_body`'s `metal-q4k-mask-fma` arm (Rust,
    // not MSL -- it generates the masked loop inline so it stays generic over
    // this kernel's `element_type`) for the mask-without-shift port of ggml's
    // actual technique, adapted to this function's one-nibble-per-byte layout
    // (ggml's is two-nibbles-per-byte interleaved across two sub-blocks per
    // load, a different packing this file's lane mapping does not share).
    static inline void q4k_run8(device const uchar *block, uint index, thread float *out) {
        device const uchar *qs = block + 16;
        uint group = index / 64u;
        uint within = index % 64u;
        uint byte_index = group * 32u + (within % 32u);
        device const uint *words = (device const uint *)(qs + byte_index);
        uint w0 = words[0];
        uint w1 = words[1];
        uint shift = (within < 32u) ? 0u : 4u;
        out[0] = (float)((w0 >> (shift +  0u)) & 0xFu);
        out[1] = (float)((w0 >> (shift +  8u)) & 0xFu);
        out[2] = (float)((w0 >> (shift + 16u)) & 0xFu);
        out[3] = (float)((w0 >> (shift + 24u)) & 0xFu);
        out[4] = (float)((w1 >> (shift +  0u)) & 0xFu);
        out[5] = (float)((w1 >> (shift +  8u)) & 0xFu);
        out[6] = (float)((w1 >> (shift + 16u)) & 0xFu);
        out[7] = (float)((w1 >> (shift + 24u)) & 0xFu);
    }

    // `metal-q4k-single-fetch` (opt-in, see `push_q4k_single_fetch_body`): ONE
    // 8-byte (two-word) load, BOTH nibble halves of it -- eight low-nibble
    // levels (elements `low_index .. low_index+8`) AND the eight high-nibble
    // levels of the SAME bytes (elements `low_index+32 .. low_index+40`, ggml's
    // and `dequantize_row_q4_K`'s own "32 elements apart, same byte" pairing —
    // see `q4_k.rs::dequantize_block`'s doc). `q4k_run8` above issues this exact
    // load TWICE for the pair of lanes that owns a byte range (once per nibble
    // half); this issues it ONCE and reads out both halves, which is the whole
    // point of the feature. `low_index` must be a "low" index (`index % 64 <
    // 32`) — callers only ever pass one of `sf_low_base + c*8`.
    static inline void q4k_run8_dual(
        device const uchar *block,
        uint low_index,
        thread float *out_low,
        thread float *out_high
    ) {
        device const uchar *qs = block + 16;
        uint group = low_index / 64u;
        uint within = low_index % 64u;
        uint byte_index = group * 32u + within;
        device const uint *words = (device const uint *)(qs + byte_index);
        uint w0 = words[0];
        uint w1 = words[1];
        out_low[0] = (float)((w0 >>  0u) & 0xFu);
        out_low[1] = (float)((w0 >>  8u) & 0xFu);
        out_low[2] = (float)((w0 >> 16u) & 0xFu);
        out_low[3] = (float)((w0 >> 24u) & 0xFu);
        out_low[4] = (float)((w1 >>  0u) & 0xFu);
        out_low[5] = (float)((w1 >>  8u) & 0xFu);
        out_low[6] = (float)((w1 >> 16u) & 0xFu);
        out_low[7] = (float)((w1 >> 24u) & 0xFu);
        out_high[0] = (float)((w0 >>  4u) & 0xFu);
        out_high[1] = (float)((w0 >> 12u) & 0xFu);
        out_high[2] = (float)((w0 >> 20u) & 0xFu);
        out_high[3] = (float)((w0 >> 28u) & 0xFu);
        out_high[4] = (float)((w1 >>  4u) & 0xFu);
        out_high[5] = (float)((w1 >> 12u) & 0xFu);
        out_high[6] = (float)((w1 >> 20u) & 0xFu);
        out_high[7] = (float)((w1 >> 28u) & 0xFu);
    }


    // ports proxima_gguf::quant::q5_k::get_scale_min_k4 -- byte-for-byte the
    // same function q4k_scale_min above computes, restated here rather than
    // shared (see this constant's own doc).
    static inline uchar2 q5k_scale_min(device const uchar *scales, uint sub_block) {
        if (sub_block < 4u) {
            return uchar2(scales[sub_block] & 63, scales[sub_block + 4u] & 63);
        }
        uchar scale = (scales[sub_block + 4u] & 0x0F) | ((scales[sub_block - 4u] >> 6) << 4);
        uchar minimum = (scales[sub_block + 4u] >> 4) | ((scales[sub_block] >> 6) << 4);
        return uchar2(scale, minimum);
    }

    // one Q5_K super-block's per-sub-block scale, min, and high-bit MASK,
    // decoded ONCE for a run of elements inside that sub-block -- the same
    // amortization q4k_header_for makes, widened to also carry which `qh` bit
    // this sub-block's elements read (constant across the whole 32-element
    // sub-block: `chunk` and "low or high half" are both fixed for it).
    struct q5k_header { float scale; float minimum; uchar mask; };

    static inline q5k_header q5k_header_for(device const uchar *block, uint index) {
        ushort d_bits = (ushort)((uint)block[0] | ((uint)block[1] << 8));
        ushort dmin_bits = (ushort)((uint)block[2] | ((uint)block[3] << 8));
        device const uchar *scales = block + 4;

        uint chunk = index / 64u;
        uint within = index % 64u;
        bool low = within < 32u;
        uint sub_block = 2u * chunk + (low ? 0u : 1u);

        uchar2 scale_min = q5k_scale_min(scales, sub_block);
        q5k_header header;
        header.scale = (float)as_type<half>(d_bits) * (float)scale_min.x;
        header.minimum = (float)as_type<half>(dmin_bits) * (float)scale_min.y;
        header.mask = low ? (uchar)(1u << (2u * chunk)) : (uchar)(2u << (2u * chunk));
        return header;
    }

    // one element, given its sub-block's already-decoded header. `qh` is
    // indexed by `offset` (0..32) alone, never by `chunk` -- the same
    // within-sub-block-position indexing `dequantize_block`'s own doc calls
    // out as `Q5_K`'s "easiest to get silently wrong" trap: two elements in
    // DIFFERENT chunks but the SAME local offset read different BITS of the
    // SAME `qh` byte (the header's own `mask` is what picks the right bit).
    static inline float q5k_value(device const uchar *block, uint index, q5k_header header) {
        device const uchar *qh = block + 16;
        device const uchar *qs = block + 48;

        uint chunk = index / 64u;
        uint within = index % 64u;
        bool low = within < 32u;
        uint offset = within % 32u;

        uchar qs_byte = qs[chunk * 32u + offset];
        uchar nibble = low ? (qs_byte & 0x0Fu) : (qs_byte >> 4u);
        float high = (qh[offset] & header.mask) != 0u ? 16.0f : 0.0f;
        return header.scale * ((float)nibble + high) - header.minimum;
    }

    // element `index` of one Q5_K super-block, decoding its own header first --
    // the generic per-element path (`operand_read`'s non-row-blocked callers)
    // has no amortized header to reuse across elements, unlike the row-blocked
    // path's `q5k_header_for` decoded once per sub-block.
    static inline float q5k_element(device const uchar *block, uint index) {
        return q5k_value(block, index, q5k_header_for(block, index));
    }


    static inline float q5k_pair_dot(device const uchar *block, uint iq, uint ir, thread const float *yl, thread const float *yh) {
        device const uchar *qh = block + 16;
        device const uchar *qs = block + 48;
        uint byte_base = 32u * iq + 8u * ir;
        // `qs`/`qh` start at offsets 48/16 in a 176-byte block (all multiples of
        // 8), and `byte_base`/`8*ir` are themselves multiples of 8, so each
        // `ulong` below reads its 8-byte run of `l` in one 8-byte-aligned load
        // instead of eight scalar `uchar` loads.
        ulong q1_word = *(device const ulong *)(qs + byte_base);
        ulong q2_word = *(device const ulong *)(qs + byte_base + 64u);
        ulong h_word = *(device const ulong *)(qh + 8u * ir);
        uint low_index = 64u * iq + 8u * ir;
        q5k_header h0 = q5k_header_for(block, low_index);
        q5k_header h1 = q5k_header_for(block, low_index + 32u);
        q5k_header h2 = q5k_header_for(block, low_index + 128u);
        q5k_header h3 = q5k_header_for(block, low_index + 160u);
        uchar hm1 = (uchar)(1u << (2u * iq));
        uchar hm2 = (uchar)(hm1 << 1u);
        uchar hm3 = (uchar)(hm1 << 4u);
        uchar hm4 = (uchar)(hm2 << 4u);
        float result = 0.0f;
        for (uint l = 0u; l < 8u; ++l) {
            uchar q1 = (uchar)((q1_word >> (8u * l)) & 0xFFu);
            uchar q2 = (uchar)((q2_word >> (8u * l)) & 0xFFu);
            uchar h = (uchar)((h_word >> (8u * l)) & 0xFFu);
            float low0 = (float)(q1 & 0x0Fu) + ((h & hm1) != 0u ? 16.0f : 0.0f);
            float low1 = (float)(q1 >> 4u) + ((h & hm2) != 0u ? 16.0f : 0.0f);
            float high0 = (float)(q2 & 0x0Fu) + ((h & hm3) != 0u ? 16.0f : 0.0f);
            float high1 = (float)(q2 >> 4u) + ((h & hm4) != 0u ? 16.0f : 0.0f);
            result += (h0.scale * low0 - h0.minimum) * yl[l];
            result += (h1.scale * low1 - h1.minimum) * yl[l + 8u];
            result += (h2.scale * high0 - h2.minimum) * yh[l];
            result += (h3.scale * high1 - h3.minimum) * yh[l + 8u];
        }
        return result;
    }


    // one Q6_K super-block's scale `d` -- decoded ONCE per super-block by the
    // row-blocked path (see push_packed_row_blocked_body), since it is constant
    // across all 256 elements (unlike Q4_K's per-sub-block header).
    struct q6k_header { float d; };

    static inline q6k_header q6k_header_for(device const uchar *block) {
        ushort d_bits = (ushort)((uint)block[208] | ((uint)block[209] << 8));
        q6k_header header;
        header.d = (float)as_type<half>(d_bits);
        return header;
    }

    // element `index` (0..256) of one Q6_K super-block, given its super-block's
    // already-decoded `d` -- byte-for-byte the value
    // proxima_gguf::quant::q6_k::dequantize_block writes at the same index.
    static inline float q6k_value(device const uchar *block, uint index, q6k_header header) {
        uint half_index = index / 128u;
        uint local = index % 128u;
        uint l = local % 32u;
        uint lane = local / 32u;
        uint sub_block_in_half = l / 16u;

        device const uchar *ql = block + half_index * 64u;
        device const uchar *qh = block + 128u + half_index * 32u;
        device const uchar *scales = block + 192u;

        uchar ql_byte = (lane % 2u == 0u) ? ql[l] : ql[l + 32u];
        uchar nibble = (lane < 2u) ? (ql_byte & 0x0Fu) : (ql_byte >> 4u);
        uchar high2 = (qh[l] >> (uchar)(lane * 2u)) & 0x03u;
        uchar level = nibble | (high2 << 4u);

        uchar scale_byte = scales[half_index * 8u + sub_block_in_half + lane * 2u];
        float scale = (float)(char)scale_byte;
        float quant = (float)level - 32.0f;
        return header.d * scale * quant;
    }

    // element `index` of one Q6_K super-block, decoding its own header first --
    // the generic per-element path (`operand_read`'s non-row-blocked callers)
    // has no amortized header to reuse across elements, unlike the row-blocked
    // path's `q6k_header_for` decoded once per super-block.
    static inline float q6k_element(device const uchar *block, uint index) {
        return q6k_value(block, index, q6k_header_for(block));
    }


    static inline float q6k_pair_dot(device const uchar *block, uint iq, uint ir, thread const float *yl, thread const float *yh) {
        device const uchar *ql = block;
        device const uchar *qh = block + 128u;
        device const uchar *scales = block + 192u;
        q6k_header hdr = q6k_header_for(block);

        uint l_base = 8u * ir;
        // `l_base` (0/8/16/24) and its +32/+64/+96 siblings are all even, and
        // `block` itself always lands on an even byte (210-byte stride, always
        // even) -- so every `ushort` load below is 2-byte aligned. A `uint`
        // load would need `l_base` 4-byte aligned AND `block` 4-byte aligned;
        // neither holds for every super-block index, so `ushort` is the
        // widest load this layout can support unconditionally (see this
        // constant's own doc).
        device const ushort *ql_a = (device const ushort *)(ql + l_base);
        device const ushort *ql_b = (device const ushort *)(ql + 32u + l_base);
        device const ushort *ql_c = (device const ushort *)(ql + 64u + l_base);
        device const ushort *ql_d = (device const ushort *)(ql + 96u + l_base);
        device const ushort *qh_0 = (device const ushort *)(qh + l_base);
        device const ushort *qh_1 = (device const ushort *)(qh + 32u + l_base);

        uint sub = (l_base < 16u) ? 0u : 1u;
        float scale_a = (float)(char)scales[sub + 4u * iq];
        float scale_b = (float)(char)scales[sub + 4u * iq + 2u];
        float scale_c = (float)(char)scales[8u + sub + 4u * iq];
        float scale_d = (float)(char)scales[8u + sub + 4u * iq + 2u];

        uint shift_lo = 4u * iq;
        uint shift_hi = shift_lo + 2u;
        uchar nibble_shift = (iq == 0u) ? 0u : 4u;

        float result = 0.0f;
        for (uint w = 0u; w < 4u; ++w) {
            ushort ql_a_word = ql_a[w];
            ushort ql_b_word = ql_b[w];
            ushort ql_c_word = ql_c[w];
            ushort ql_d_word = ql_d[w];
            ushort qh_0_word = qh_0[w];
            ushort qh_1_word = qh_1[w];
            for (uint bshift = 0u; bshift < 16u; bshift += 8u) {
                uint i = 2u * w + (bshift / 8u);
                uchar ql_a_byte = (uchar)((ql_a_word >> bshift) & 0xFFu);
                uchar ql_b_byte = (uchar)((ql_b_word >> bshift) & 0xFFu);
                uchar ql_c_byte = (uchar)((ql_c_word >> bshift) & 0xFFu);
                uchar ql_d_byte = (uchar)((ql_d_word >> bshift) & 0xFFu);
                uchar qh_0_byte = (uchar)((qh_0_word >> bshift) & 0xFFu);
                uchar qh_1_byte = (uchar)((qh_1_word >> bshift) & 0xFFu);

                float level_a = (float)(((ql_a_byte >> nibble_shift) & 0x0Fu) | (((qh_0_byte >> shift_lo) & 0x03u) << 4u)) - 32.0f;
                float level_b = (float)(((ql_b_byte >> nibble_shift) & 0x0Fu) | (((qh_0_byte >> shift_hi) & 0x03u) << 4u)) - 32.0f;
                float level_c = (float)(((ql_c_byte >> nibble_shift) & 0x0Fu) | (((qh_1_byte >> shift_lo) & 0x03u) << 4u)) - 32.0f;
                float level_d = (float)(((ql_d_byte >> nibble_shift) & 0x0Fu) | (((qh_1_byte >> shift_hi) & 0x03u) << 4u)) - 32.0f;

                result += (hdr.d * scale_a * level_a) * yl[i];
                result += (hdr.d * scale_b * level_b) * yl[i + 8u];
                result += (hdr.d * scale_c * level_c) * yh[i];
                result += (hdr.d * scale_d * level_d) * yh[i + 8u];
            }
        }
        return result;
    }


    struct ExpertPayloadDescriptor {
        uint expert_index;
        uint codec;
        uint byte_offset;
        uint byte_length;
        uint out_dim;
        uint in_dim;
        uint epoch;
        uint reserved;
    };
    static inline float mixed_expert_element(device const uchar *payload,
                                             device const ExpertPayloadDescriptor *descriptor,
                                             uint expert,
                                             uint element) {
        ExpertPayloadDescriptor selected = descriptor[expert];
        device const uchar *block = payload + selected.byte_offset;
        if (selected.codec == 1u) {
            return q2k_element(block + (element / 256u) * 84u, element % 256u);
        }
        if (selected.codec == 2u) {
            return q4k_element(block + (element / 256u) * 144u, element % 256u);
        }
        if (selected.codec == 3u) {
            return q6k_element(block + (element / 256u) * 210u, element % 256u);
        }
        if (selected.codec == 4u) {
            return q3k_element(block + (element / 256u) * 110u, element % 256u);
        }
        return 0.0f;
    }
    static inline float mixed_expert_element_from_offset(
            device const uchar *payload,
            device const ExpertPayloadDescriptor *descriptor,
            uint expert,
            long full_offset,
            long expert_stride,
            uint codec) {
        long local = full_offset - (long)expert * expert_stride;
        if (codec == 1u) {
            device const uchar *block = payload + descriptor[expert].byte_offset +
                (uint)(local / 256l) * 84u;
            return q2k_element(block, (uint)(local % 256l));
        }
        if (codec == 2u) {
            device const uchar *block = payload + descriptor[expert].byte_offset +
                (uint)(local / 256l) * 144u;
            return q4k_element(block, (uint)(local % 256l));
        }
        if (codec == 3u) {
            device const uchar *block = payload + descriptor[expert].byte_offset +
                (uint)(local / 256l) * 210u;
            return q6k_element(block, (uint)(local % 256l));
        }
        if (codec == 4u) {
            device const uchar *block = payload + descriptor[expert].byte_offset +
                (uint)(local / 256l) * 110u;
            return q3k_element(block, (uint)(local % 256l));
        }
        return 0.0f;
    }
    static inline float mixed_expert_element_from_local(
            device const uchar *base,
            uint codec,
            long local) {
        if (codec == 1u) {
            return q2k_element(base + (uint)(local / 256l) * 84u, (uint)(local % 256l));
        }
        if (codec == 2u) {
            return q4k_element(base + (uint)(local / 256l) * 144u, (uint)(local % 256l));
        }
        if (codec == 3u) {
            return q6k_element(base + (uint)(local / 256l) * 210u, (uint)(local % 256l));
        }
        if (codec == 4u) {
            return q3k_element(base + (uint)(local / 256l) * 110u, (uint)(local % 256l));
        }
        return 0.0f;
    }


    static inline float uniform_expert_element_from_offset_q2k(
            device const uchar *payload,
            device const ExpertPayloadDescriptor *descriptor,
            uint expert,
            long full_offset,
            long expert_stride) {
        long local = full_offset - (long)expert * expert_stride;
        device const uchar *block = payload + descriptor[expert].byte_offset +
            (uint)(local / 256l) * 84u;
        return q2k_element(block, (uint)(local % 256l));
    }
    static inline float uniform_expert_element_from_offset_q3k(
            device const uchar *payload,
            device const ExpertPayloadDescriptor *descriptor,
            uint expert,
            long full_offset,
            long expert_stride) {
        long local = full_offset - (long)expert * expert_stride;
        device const uchar *block = payload + descriptor[expert].byte_offset +
            (uint)(local / 256l) * 110u;
        return q3k_element(block, (uint)(local % 256l));
    }
    static inline float uniform_expert_element_from_offset_q4k(
            device const uchar *payload,
            device const ExpertPayloadDescriptor *descriptor,
            uint expert,
            long full_offset,
            long expert_stride) {
        long local = full_offset - (long)expert * expert_stride;
        device const uchar *block = payload + descriptor[expert].byte_offset +
            (uint)(local / 256l) * 144u;
        return q4k_element(block, (uint)(local % 256l));
    }
    static inline float uniform_expert_element_from_offset_q5k(
            device const uchar *payload,
            device const ExpertPayloadDescriptor *descriptor,
            uint expert,
            long full_offset,
            long expert_stride) {
        long local = full_offset - (long)expert * expert_stride;
        device const uchar *block = payload + descriptor[expert].byte_offset +
            (uint)(local / 256l) * 176u;
        return q5k_element(block, (uint)(local % 256l));
    }
    static inline float uniform_expert_element_from_offset_q6k(
            device const uchar *payload,
            device const ExpertPayloadDescriptor *descriptor,
            uint expert,
            long full_offset,
            long expert_stride) {
        long local = full_offset - (long)expert * expert_stride;
        device const uchar *block = payload + descriptor[expert].byte_offset +
            (uint)(local / 256l) * 210u;
        return q6k_element(block, (uint)(local % 256l));
    }


    // element `index` (0..32) of one Q8_0 block, byte-for-byte the value
    // proxima_gguf::quant::q8_0::dequantize_block writes at the same index.
    static inline float q8_0_element(device const uchar *block, uint index) {
        ushort d_bits = (ushort)((uint)block[0] | ((uint)block[1] << 8));
        float d = (float)as_type<half>(d_bits);
        char level = (char)block[2u + index];
        return (float)level * d;
    }


    static inline float q8_0_super_element(device const uchar *superblock, uint index) {
        return q8_0_element(superblock + (index / 32u) * 34u, index % 32u);
    }


    static inline float q8_0_pair_dot(device const uchar *superblock, uint slot, thread const float *acts) {
        device const uchar *block = superblock + (slot / 32u) * 34u;
        ushort d_bits = (ushort)((uint)block[0] | ((uint)block[1] << 8));
        float d = (float)as_type<half>(d_bits);
        device const uchar *levels = block + 2;
        float result = 0.0f;
        for (uint j = 0u; j < 32u; ++j) {
            result += d * (float)((char)levels[j]) * acts[j];
        }
        return result;
    }


    // element `index` (0..32) of one Q4_0 block, byte-for-byte the value
    // proxima_gguf::quant::q4_0::dequantize_block writes at the same index.
    static inline float q4_0_element(device const uchar *block, uint index) {
        ushort d_bits = (ushort)((uint)block[0] | ((uint)block[1] << 8));
        float d = (float)as_type<half>(d_bits);
        uchar byte = block[2u + (index % 16u)];
        int nibble = (index < 16u) ? (int)(byte & 0x0Fu) : (int)(byte >> 4u);
        return (float)(nibble - 8) * d;
    }


    static inline float q4_0_super_element(device const uchar *superblock, uint index) {
        return q4_0_element(superblock + (index / 32u) * 18u, index % 32u);
    }


    static inline float q4_0_pair_dot(device const uchar *superblock, uint slot, thread const float *acts) {
        device const uchar *block = superblock + (slot / 32u) * 18u;
        ushort d_bits = (ushort)((uint)block[0] | ((uint)block[1] << 8));
        float d = (float)as_type<half>(d_bits);
        device const uchar *qs = block + 2;
        float result = 0.0f;
        for (uint j = 0u; j < 16u; ++j) {
            uchar byte = qs[j];
            float low = (float)((int)(byte & 0x0Fu) - 8);
            float high = (float)((int)(byte >> 4u) - 8);
            result += d * low * acts[j];
            result += d * high * acts[j + 16u];
        }
        return result;
    }


    static inline float q4_0_block_scale(device const uchar *block) {
        ushort d_bits = (ushort)((uint)block[0] | ((uint)block[1] << 8));
        return (float)as_type<half>(d_bits);
    }

    static inline void q4_0_run8(device const uchar *block, uint index, thread float *out) {
        device const uchar *qs = block + 2;
        uint shift = (index < 16u) ? 0u : 4u;
        uint base = index % 16u;
        for (uint j = 0u; j < 8u; ++j) {
            uchar byte = qs[base + j];
            out[j] = (float)((byte >> shift) & 0x0Fu);
        }
    }


    // element `index` (0..32) of one Q5_1 block, byte-for-byte the value
    // proxima_gguf::quant::q5_1::dequantize_block writes at the same index.
    static inline float q5_1_element(device const uchar *block, uint index) {
        ushort d_bits = (ushort)((uint)block[0] | ((uint)block[1] << 8));
        ushort m_bits = (ushort)((uint)block[2] | ((uint)block[3] << 8));
        float delta = (float)as_type<half>(d_bits);
        float minimum = (float)as_type<half>(m_bits);
        uint qh = (uint)block[4] | ((uint)block[5] << 8) | ((uint)block[6] << 16) | ((uint)block[7] << 24);
        bool high_half = index >= 16u;
        uint local = high_half ? (index - 16u) : index;
        uchar byte = block[8u + local];
        uint level;
        if (high_half) {
            uint high_bit = (qh >> (local + 12u)) & 0x10u;
            level = (uint)(byte >> 4u) | high_bit;
        } else {
            uint high_bit = ((qh >> local) << 4u) & 0x10u;
            level = (uint)(byte & 0x0Fu) | high_bit;
        }
        return (float)level * delta + minimum;
    }


    // element `index` (0..32) of one Q5_0 block, byte-for-byte the value
    // proxima_gguf::quant::q5_0::dequantize_block writes at the same index.
    static inline float q5_0_element(device const uchar *block, uint index) {
        ushort d_bits = (ushort)((uint)block[0] | ((uint)block[1] << 8));
        float delta = (float)as_type<half>(d_bits);
        uint qh = (uint)block[2] | ((uint)block[3] << 8) | ((uint)block[4] << 16) | ((uint)block[5] << 24);
        bool high_half = index >= 16u;
        uint local = high_half ? (index - 16u) : index;
        uchar byte = block[6u + local];
        uint level;
        if (high_half) {
            uint high_bit = (qh >> (local + 12u)) & 0x10u;
            level = (uint)(byte >> 4u) | high_bit;
        } else {
            uint high_bit = ((qh >> local) << 4u) & 0x10u;
            level = (uint)(byte & 0x0Fu) | high_bit;
        }
        return ((float)level - 16.0f) * delta;
    }


    // element `index` (always 0 -- BFloat16 has no super-block) of one BFloat16
    // block: the top 16 bits of the f32 this pair of bytes came from,
    // reconstructed by shifting them back into place.
    static inline float bf16_element(device const uchar *block, uint index) {
        (void)index;
        uint bits = ((uint)block[0] | ((uint)block[1] << 8)) << 16u;
        return as_type<float>(bits);
    }

    struct Uniforms {
        long output_total;
        long reduction_total;
        long output_extents[2];
        long reduction_extents[1];
        long operand_base[2];
        long operand_strides[2][3];
        long out_base;
        long out_strides[3];
    };

    kernel void omega_reduce_r3_o2_n2_multiply_add_zero(
        device const uchar* in0 [[buffer(0)]],
        device const float* in1 [[buffer(1)]],
        device float* out [[buffer(2)]],
        constant Uniforms& u [[buffer(3)]],
        uint gid [[thread_position_in_grid]],
        uint tptg [[threads_per_threadgroup]])
    {
        uint tptg_width = tptg;
        long output_index = (long)gid / (long)tptg_width;
        uint tiitg = (uint)((long)gid % (long)tptg_width);
        uint sgitg = tiitg / 32u;
        uint lane = tiitg % 32u;
        uint split = tptg_width / 32u;
        long group_first = output_index * 4;
        float sumf[4];
        for (int q = 0; q < 4; ++q) { sumf[q] = 0.0f; }
        long weight_base[4];
        long other_base[4];
        long coord_q_cache[4][3];
        for (int q = 0; q < 4; ++q) {
            long flat = group_first + q;
            long remaining_q = flat;
            for (int d = 0; d < 3; ++d) { coord_q_cache[q][d] = 0; }
            coord_q_cache[q][1] = remaining_q % u.output_extents[1]; remaining_q /= u.output_extents[1];
            coord_q_cache[q][0] = remaining_q % u.output_extents[0]; remaining_q /= u.output_extents[0];
            long wb = u.operand_base[0];
            long ob = u.operand_base[1];
            wb += coord_q_cache[q][0] * u.operand_strides[0][0];
            ob += coord_q_cache[q][0] * u.operand_strides[1][0];
            wb += coord_q_cache[q][1] * u.operand_strides[0][1];
            ob += coord_q_cache[q][1] * u.operand_strides[1][1];
            weight_base[q] = wb;
            other_base[q] = ob;
        }
        long other_stride = u.operand_strides[1][2];
        uint ix = (uint)lane / 8u;
        uint it = (uint)lane % 8u;
        uint slot = it * 32u;
        float acts[32];
        int super_blocks = (int)u.reduction_total / 256;
        int ib_first = (int)(ix + sgitg * 4u);
        int ib_step = (int)(4u * split);
        long blk_step = (long)ib_step * 144;
        device const uchar *blk_ptr[4];
        for (int q = 0; q < 4; ++q) {
            blk_ptr[q] = in0 + ((long)((int)weight_base[q] / 256) + (long)ib_first) * 144;
        }
        long acts_step = (long)ib_step * 256 * other_stride;
        device const float *acts_row = in1 + other_base[0] + (long)ib_first * 256 * other_stride + (long)slot * other_stride;
        for (int ib = ib_first; ib < super_blocks; ib += ib_step) {
            for (int j = 0; j < 32; ++j) {
                acts[j] = acts_row[(long)j * other_stride];
            }
            for (int q = 0; q < 4; ++q) {
                device const uchar *blk = blk_ptr[q];
                sumf[q] = sumf[q] + q4_0_pair_dot(blk, slot, acts);
            }
            for (int q = 0; q < 4; ++q) { blk_ptr[q] += blk_step; }
            acts_row += acts_step;
        }
        threadgroup float partial_sums[4][8];
        for (int q = 0; q < 4; ++q) {
            float reduced = simd_sum(sumf[q]);
            if (lane == 0u) { partial_sums[q][sgitg] = reduced; }
        }
        threadgroup_barrier(mem_flags::mem_threadgroup);
        if (sgitg == 0u && lane == 0u) {
            for (int q = 0; q < 4; ++q) {
                float total = partial_sums[q][0];
                for (uint s = 1u; s < split; ++s) {
                    total = (total + partial_sums[q][s]);
                }
                long flat = group_first + q;
                if (flat < u.output_total) {
                    long out_offset = u.out_base;
                    out_offset += coord_q_cache[q][0] * u.out_strides[0];
                    out_offset += coord_q_cache[q][1] * u.out_strides[1];
                    out_offset += coord_q_cache[q][2] * u.out_strides[2];
                    out[out_offset] = total;
                }
            }
        }
    }

    note: run with `RUST_BACKTRACE=1` environment variable to display a backtrace

        PASS [   0.011s] (300/765) omega msl::tests::q4_0_codec_falls_back_to_per_element_for_a_non_plain_product_reduce
        PASS [   0.011s] (301/765) omega msl::tests::q4_0_never_takes_the_tiled_gemm_path_with_the_switch_explicitly_off
        PASS [   0.011s] (302/765) omega msl::tests::q4_0_takes_the_tiled_gemm_path_when_unset
        PASS [   0.009s] (303/765) omega msl::tests::q4k_row_blocked_matmul_uses_paired_nibble_decode
        PASS [   0.010s] (304/765) omega msl::tests::q4_0_takes_the_tiled_gemm_path_with_the_switch_on
        PASS [   0.009s] (305/765) omega msl::tests::q5k_row_blocked_matmul_uses_paired_nibble_decode
        PASS [   0.010s] (306/765) omega msl::tests::q4k_row_blocked_non_add_reduce_keeps_the_per_element_path
        PASS [   0.010s] (307/765) omega msl::tests::q6k_row_blocked_matmul_uses_paired_nibble_decode
        PASS [   0.011s] (308/765) omega msl::tests::rank_select_entry_and_grid_follow_rows_and_keep_flag
        PASS [   0.009s] (309/765) omega msl::tests::rank_select_render_emits_kernel_entry_bindings_and_grid
        PASS [   0.010s] (310/765) omega msl::tests::reduce_routes_on_reduced_axis_length_against_min_len::at_threshold_2
        PASS [   0.011s] (311/765) omega msl::tests::rank_select_render_declares_four_passes
        PASS [   0.010s] (312/765) omega msl::tests::reduce_routes_on_reduced_axis_length_against_min_len::sum_squares_4096
        PASS [   0.011s] (313/765) omega msl::tests::reduce_routes_on_reduced_axis_length_against_min_len::attended_34
        PASS [   0.012s] (314/765) omega msl::tests::reduce_routes_on_reduced_axis_length_against_min_len::score_even_odd_64
        PASS [   0.010s] (315/765) omega msl::tests::reduce_routes_on_reduced_axis_length_against_min_len::unit_axis
        PASS [   0.009s] (316/765) omega msl::tests::reduction_literal_default_is_none_and_key_carries_no_rl_token
        PASS [   0.009s] (317/765) omega msl::tests::render_cached_attention_never_declares_past_the_threadgroup_budget
        PASS [   0.010s] (318/765) omega msl::tests::render_cached_attention_omits_the_merge_block_under_bit_exact_policy
        PASS [   0.010s] (319/765) omega msl::tests::render_cached_attention_rejects_an_elementwise_bound_op
        PASS [   0.010s] (320/765) omega msl::tests::render_reduce_rejects_a_broadcast_reduce_epilogue
        PASS [   0.010s] (321/765) omega msl::tests::render_reduce_rejects_an_elementwise_bound_op
        PASS [   0.009s] (322/765) omega msl::tests::render_scan_rejects_an_elementwise_bound_op
        PASS [   0.012s] (323/765) omega msl::tests::routed_q4k_reduce_uses_cooperative_gather_fetch
        PASS [   0.009s] (324/765) omega msl::tests::simd_combine_fn_rejects_a_non_cooperative_reduce_op
        PASS [   0.009s] (325/765) omega msl::tests::same_structure_different_extents_yield_identical_source_but_different_grid
        PASS [   0.011s] (326/765) omega msl::tests::same_structure_different_extents_share_one_cache_key
        PASS [   0.010s] (327/765) omega msl::tests::softmax_runtime_rows_default_off_is_byte_identical_to_the_literal_bound_emit
        PASS [   0.009s] (328/765) omega msl::tests::split_count_never_exceeds_the_compiled_maximum
        PASS [   0.012s] (329/765) omega msl::tests::softmax_runtime_rows_on_changes_only_the_bound_and_the_name
        PASS [   0.010s] (330/765) omega msl::tests::split_k_engages_for_a_1024_row_op_and_declines_for_a_14336_row_op
        PASS [   0.011s] (331/765) omega msl::tests::splits_for_has_a_knee_at_the_scaled_divisor_threshold
        PASS [   0.011s] (332/765) omega msl::tests::staging_switches_default_on_render_unless_explicitly_disabled
        PASS [   0.009s] (333/765) omega msl::tests::the_row_ceiling_overrides_a_simdgroup_target_that_would_otherwise_split
        PASS [   0.009s] (334/765) omega msl::tests::tiled_decode_description::a_described_codec_at_prefill_width_is_admitted_and_stages_through_its_own_description::q3k
        PASS [   0.010s] (335/765) omega msl::tests::tiled_decode_description::a_described_codec_at_prefill_width_is_admitted_and_stages_through_its_own_description::float16
        PASS [   0.011s] (336/765) omega msl::tests::tiled_decode_description::a_described_codec_at_prefill_width_is_admitted_and_stages_through_its_own_description::q4_0
        PASS [   0.011s] (337/765) omega msl::tests::tiled_decode_description::a_described_codec_at_prefill_width_is_admitted_and_stages_through_its_own_description::q4k
        PASS [   0.010s] (338/765) omega msl::tests::tiled_decode_description::a_described_codec_at_prefill_width_is_admitted_and_stages_through_its_own_description::q5_0
        PASS [   0.012s] (339/765) omega msl::tests::tiled_decode_description::a_described_codec_at_prefill_width_is_admitted_and_stages_through_its_own_description::q5_1
        PASS [   0.010s] (340/765) omega msl::tests::tiled_decode_description::a_described_codec_at_prefill_width_is_admitted_and_stages_through_its_own_description::q6k
        PASS [   0.011s] (341/765) omega msl::tests::tiled_decode_description::a_described_codec_at_prefill_width_is_admitted_and_stages_through_its_own_description::q5k
        PASS [   0.009s] (342/765) omega msl::tests::tiled_decode_description::a_flat_codec_is_admitted_at_any_whole_block_extent_the_row_blocked_kernel_refuses::float16
        PASS [   0.011s] (343/765) omega msl::tests::tiled_decode_description::a_described_codec_at_prefill_width_is_admitted_and_stages_through_its_own_description::q8_0
        PASS [   0.011s] (344/765) omega msl::tests::tiled_decode_description::a_flat_codec_is_admitted_at_any_whole_block_extent_the_row_blocked_kernel_refuses::q5_0
        PASS [   0.012s] (345/765) omega msl::tests::tiled_decode_description::a_flat_codec_is_admitted_at_any_whole_block_extent_the_row_blocked_kernel_refuses::q5_1
        PASS [   0.010s] (346/765) omega msl::tests::tiled_decode_description::a_float16_weight_binds_as_half_and_is_viewed_as_bytes_for_the_cursor
        PASS [   0.011s] (347/765) omega msl::tests::tiled_decode_description::a_flat_codec_is_admitted_at_any_whole_block_extent_the_row_blocked_kernel_refuses::q8_0
        PASS [   0.011s] (348/765) omega msl::tests::tiled_decode_description::a_k_quant_extent_that_is_not_a_whole_super_block_is_refused_by_extent::q3k
        PASS [   0.009s] (349/765) omega msl::tests::tiled_decode_description::a_k_quant_extent_that_is_not_a_whole_super_block_is_refused_by_extent::q5k
        PASS [   0.009s] (350/765) omega msl::tests::tiled_decode_description::codecs_without_a_description_have_no_chunk_width::bfloat16
        PASS [   0.009s] (351/765) omega msl::tests::tiled_decode_description::a_k_quant_extent_that_is_not_a_whole_super_block_is_refused_by_extent::q6k
        PASS [   0.009s] (352/765) omega msl::tests::tiled_decode_description::codecs_without_a_description_have_no_chunk_width::iq4_nl
        PASS [   0.011s] (353/765) omega msl::tests::tiled_decode_description::a_kernel_off_the_tiled_path_carries_no_description
        PASS [   0.010s] (354/765) omega msl::tests::tiled_decode_description::codecs_without_a_description_have_no_chunk_width::mxfp4
        PASS [   0.010s] (355/765) omega msl::tests::tiled_decode_description::codecs_without_a_description_have_no_chunk_width::q2k
        PASS [   0.010s] (356/765) omega msl::tests::tiled_decode_description::codecs_without_a_description_have_no_chunk_width::q4_1
        PASS [   0.009s] (357/765) omega msl::tests::tiled_decode_description::every_described_codec_stages_one_k_step_per_chunk_and_block_k_must_be_whole_decode_runs
        PASS [   0.012s] (358/765) omega msl::tests::tiled_decode_description::codecs_without_a_description_have_no_chunk_width::q8_k
        PASS [   0.009s] (359/765) omega msl::tests::tiled_decode_description::every_description_agrees_with_the_codec_geometry_and_defines_exactly_its_function
        PASS [   0.009s] (360/765) omega msl::tests::tiled_decode_description::the_disable_list_keeps_exactly_the_named_codecs_on_the_row_blocked_or_generic_kernel::q3k
        PASS [   0.010s] (361/765) omega msl::tests::tiled_decode_description::the_cursor_advances_a_whole_block_when_the_block_divides_the_k_step_and_wraps_the_slot_otherwise
        PASS [   0.009s] (362/765) omega msl::tests::tiled_decode_description::the_disable_list_keeps_exactly_the_named_codecs_on_the_row_blocked_or_generic_kernel::q5_0
        PASS [   0.011s] (363/765) omega msl::tests::tiled_decode_description::the_disable_list_keeps_exactly_the_named_codecs_on_the_row_blocked_or_generic_kernel::float16
        PASS [   0.011s] (364/765) omega msl::tests::tiled_decode_description::the_disable_list_keeps_exactly_the_named_codecs_on_the_row_blocked_or_generic_kernel::q5_1
        PASS [   0.010s] (365/765) omega msl::tests::tiled_decode_description::the_disable_list_keeps_exactly_the_named_codecs_on_the_row_blocked_or_generic_kernel::q5k
        PASS [   0.009s] (366/765) omega msl::tests::tiled_decode_description::the_disable_list_keeps_exactly_the_named_codecs_on_the_row_blocked_or_generic_kernel::q6k
        PASS [   0.011s] (367/765) omega msl::tests::tiled_decode_description::the_disable_list_keeps_exactly_the_named_codecs_on_the_row_blocked_or_generic_kernel::q8_0
        PASS [   0.011s] (368/765) omega msl::tests::tiled_decode_description::the_q4_0_switch_is_q4_0s_alone_and_names_the_codec_it_turned_off
        PASS [   0.010s] (369/765) omega msl::tests::tiled_decode_description::the_wide_and_per_row_schedules_decode_through_the_same_description::q3k
        PASS [   0.010s] (370/765) omega msl::tests::tiled_decode_description::the_wide_and_per_row_schedules_decode_through_the_same_description::float16
        PASS [   0.010s] (371/765) omega msl::tests::tiled_decode_description::the_wide_and_per_row_schedules_decode_through_the_same_description::q4_0
        PASS [   0.010s] (372/765) omega msl::tests::tiled_decode_description::the_wide_and_per_row_schedules_decode_through_the_same_description::q4k
        PASS [   0.012s] (373/765) omega msl::tests::tiled_decode_description::the_wide_and_per_row_schedules_decode_through_the_same_description::q5_0
        PASS [   0.010s] (374/765) omega msl::tests::tiled_decode_description::the_wide_and_per_row_schedules_decode_through_the_same_description::q5_1
        PASS [   0.010s] (375/765) omega msl::tests::tiled_decode_description::the_wide_and_per_row_schedules_decode_through_the_same_description::q5k
        PASS [   0.012s] (376/765) omega msl::tests::tiled_decode_description::the_wide_and_per_row_schedules_decode_through_the_same_description::q6k
        PASS [   0.009s] (377/765) omega msl::tests::tiled_gemm_block_k_chunk_aligned_rejects_a_ragged_combination
        PASS [   0.010s] (378/765) omega msl::tests::tiled_decode_description::the_wide_and_per_row_schedules_decode_through_the_same_description::q8_0
        PASS [   0.008s] (379/765) omega msl::tests::wide_weight_stage_emits_wide_decode_and_vector_stores_when_switch_on
        PASS [   0.009s] (380/765) omega msl::tests::wide_weight_stage_emits_the_described_q4_0_decode_when_switch_on
        PASS [   0.010s] (381/765) omega msl::tests::uniform_expert_source_retains_packed_row_decoder
        PASS [   0.010s] (382/765) omega msl::tests::wide_weight_stage_msl_dump_for_the_real_q4_0_shape
        PASS [   0.010s] (383/765) omega msl::tests::wide_weight_stage_never_applies_to_the_dense_batched_gemm_path
        PASS [   0.011s] (384/765) omega msl::tests::wide_weight_stage_unset_stages_tiled_q4_0_through_the_cursor_decoder_and_packed_row_q4_0_never_carries_it
        PASS [   0.011s] (385/765) omega msl::twin_elementwise_tests::a_plain_elementwise_kernel_declares_no_extra_output
        PASS [   0.009s] (386/765) omega msl::twin_elementwise_tests::one_kernel_reads_each_operand_once_and_stores_two_outputs::adjacent_pairs
        PASS [   0.010s] (387/765) omega msl::twin_elementwise_tests::the_second_output_is_bound_right_past_the_kernels_own_bindings::adjacent_pairs
        PASS [   0.011s] (388/765) omega msl::twin_elementwise_tests::the_second_output_is_bound_right_past_the_kernels_own_bindings::split_half
        PASS [   0.011s] (389/765) omega msl::twin_elementwise_tests::the_twin_entry_name_differs_from_both_plain_halves_it_replaces
        PASS [   0.012s] (390/765) omega msl::twin_elementwise_tests::one_kernel_reads_each_operand_once_and_stores_two_outputs::split_half
        PASS [   0.012s] (391/765) omega sized::tests::selection_min_rows_is_the_toml_value
        PASS [   0.010s] (392/765) omega::attn_multi_axis_tiled_gemm_parity metal_decode_shaped_attention_matmul_stays_on_the_row_blocked_vector_path
        PASS [   0.237s] (393/765) omega::bf16_real_checkpoint_parity metal_matmul_on_real_mlp_gate_biases_bf16_bytes_matches_the_dequantized_f32_cpu_path
        PASS [   0.264s] (394/765) omega::attn_multi_axis_tiled_gemm_parity metal_takes_the_tiled_path_and_agrees_with_the_independent_reference_on_a_two_axis_feature_group
        PASS [   0.404s] (395/765) omega::backend_parity the_same_process_runs_one_plan_on_cpu_and_the_next_on_metal
        PASS [   0.405s] (396/765) omega::backend_parity the_wrapper_agrees_with_itself_across_cpu_and_metal
        PASS [   0.414s] (397/765) omega::cached_attention_coop_load_parity the_single_range_fused_kernel_holds_parity_at_every_kv_capacity_bucket_padding
        PASS [   0.031s] (398/765) omega::cached_attention_row_tiled_cpu_gate rows_under_one_fragment_of_a_two_group_head_keep_the_one_dispatch_kernel_and_the_cpu_oracle_agrees
        PASS [   0.451s] (399/765) omega::cached_attention_coop_load_parity m_greater_than_one_prefill_holds_parity_past_the_split_knee
        PASS [   0.520s] (400/765) omega::cached_attention_partial_rotary_parity five_hundred_twelve_keys_holds_partial_rotary_parity_past_the_split_knee
        PASS [   0.442s] (401/765) omega::cached_attention_partial_rotary_parity forty_keys_holds_partial_rotary_parity_under_bit_exact
        PASS [   0.457s] (402/765) omega::cached_attention_partial_rotary_parity forty_keys_with_three_padded_rows_holds_partial_rotary_parity
        PASS [   0.903s] (403/765) omega::cached_attention_decode_split_compile_gate the_decode_split_partial_compiles_with_the_metal_toolchain
        PASS [   0.018s] (404/765) omega::cached_attention_two_pass_wiring_dump dump_qwen35_partial_rotary_op_text
        PASS [   0.589s] (405/765) omega::cached_attention_row_tiled_parity rows_under_one_fragment_of_a_two_group_head_hold_one_dispatch_parity_with_the_cpu_evaluator
        PASS [   0.360s] (406/765) omega::cached_attention_rows_compile_gate the_k_row_softmax_weights_kernels_compile_with_the_metal_toolchain
        PASS [   1.099s] (407/765) omega::cached_attention_decode_split_parity the_decode_split_kernels_hold_parity_with_the_cpu_evaluator_across_split_counts
        PASS [   0.225s] (408/765) omega::chunked_command_buffer_status chunked_command_buffers_match_the_unsplit_run_bitwise_and_check_every_status
        PASS [   0.559s] (409/765) omega::cached_attention_rows_compile_gate the_row_tiled_partial_compiles_with_the_metal_toolchain
        PASS [   0.219s] (410/765) omega::coord_index32_ab boundary_output_total_not_multiple_of_width_bit_exact
        PASS [   0.213s] (411/765) omega::coord_index32_ab plain_generic_reduce_bit_exact
        PASS [   0.162s] (412/765) omega::dense_batched_direct_store_parity dense_batch_innermost_matches_restage_path_at_the_real_hippo_prefill_shape
        PASS [   0.196s] (413/765) omega::decode_step_telemetry_budget one_steady_state_decode_step_stays_under_the_debug_level_event_budget
        PASS [   1.665s] (414/765) omega::cached_attention_decode_split_compile_gate every_lane_layout_and_load_batch_the_sweep_reaches_compiles
        PASS [   0.150s] (415/765) omega::dense_batched_direct_store_parity dense_direct_store_matches_restage_path_with_a_partial_edge_tile
        PASS [   0.169s] (416/765) omega::dense_batched_direct_store_parity dense_direct_store_matches_restage_path_at_a_fully_interior_batched_shape
        PASS [   0.233s] (417/765) omega::dense_batched_direct_store_parity dense_batch_innermost_matches_restage_path_at_the_real_weather_prefill_shape
        PASS [   0.189s] (418/765) omega::elementwise_twin_dispatch both_halves_land_in_caller_placed_cache_buffers_at_nonzero_offsets::adjacent_pairs
        PASS [   0.163s] (419/765) omega::elementwise_twin_dispatch both_halves_land_in_caller_placed_cache_buffers_at_nonzero_offsets::split_half
        PASS [   0.232s] (420/765) omega::dense_batched_direct_store_parity dense_feature_fastest_matches_restage_path_at_the_real_weather_attended_shape
        PASS [   0.089s] (421/765) omega::elementwise_twin_dispatch the_metal_rope_pair_matches_the_cpu_reference_for_each_pairing::split_half_full_rotary
        PASS [   0.101s] (422/765) omega::elementwise_twin_dispatch the_metal_rope_pair_matches_the_cpu_reference_for_each_pairing::adjacent_pairs
        PASS [   0.161s] (423/765) omega::elementwise_twin_dispatch only_the_second_half_placed_still_writes_the_first_into_the_arena
        PASS [   0.118s] (424/765) omega::elementwise_twin_dispatch the_metal_rope_pair_matches_the_cpu_reference_for_each_pairing::split_half_partial_rotary
        PASS [   0.117s] (425/765) omega::elementwise_twin_dispatch the_twin_dispatch_reproduces_the_two_dispatch_plan_bit_for_bit::adjacent_pairs
        PASS [   0.083s] (426/765) omega::elementwise_twin_dispatch the_twin_dispatch_reproduces_the_two_dispatch_plan_bit_for_bit::split_half_full_rotary
        PASS [   0.119s] (427/765) omega::elementwise_twin_dispatch the_twin_dispatch_reproduces_the_two_dispatch_plan_bit_for_bit::split_half_partial_rotary
        PASS [   0.190s] (428/765) omega::expert_grouped_gemm_parity a_fused_epilogue_reads_its_operands_at_the_scattered_token
        PASS [   0.193s] (429/765) omega::expert_grouped_gemm_parity an_expert_index_past_the_slab_raises_the_same_error_as_cpu
        PASS [   0.160s] (430/765) omega::expert_grouped_gemm_parity below_the_tiled_token_minimum_the_dense_gather_kernel_runs
        PASS [   0.077s] (431/765) omega::expert_grouped_gemm_parity one_expert_receiving_every_token_spans_every_token_tile
        PASS [   2.237s] (432/765) omega::cached_attention_row_tiled_cpu_gate the_kernel_transcription_reproduces_the_cpu_oracle_on_the_programs_own_activations
        PASS [   2.227s] (433/765) omega::cached_attention_row_tiled_cpu_gate the_verify_program_binds_row_tiled_attention_and_the_cpu_oracle_agrees_with_the_unfused_chain
        PASS [   0.213s] (434/765) omega::expert_grouped_gemm_parity heavy_expert_and_empty_experts_match_the_f32_oracle
        PASS [   0.219s] (435/765) omega::expert_grouped_gemm_parity control_an_oracle_routed_to_other_experts_disagrees_by_a_gross_factor
        PASS [   0.101s] (436/765) omega::expert_grouped_gemm_parity ragged_rows_and_tokens_match_the_f32_oracle
        PASS [   0.095s] (437/765) omega::expert_grouped_gemm_parity tokens_cycling_through_every_expert_match_the_f32_oracle
        PASS [   0.229s] (438/765) omega::expert_grouped_gemm_stacked_parity a_stacked_down_at_a_decode_step_takes_the_packed_matvec_not_the_dense_gather
        PASS [   0.312s] (439/765) omega::expert_grouped_gemm_stacked_parity a_fused_epilogue_reads_its_operands_at_the_sequence_and_selected_coordinates
        PASS [   0.379s] (440/765) omega::expert_grouped_gemm_stacked_parity a_per_selected_activation_down_over_top_k_routing_matches_the_f32_oracle
        PASS [   0.119s] (441/765) omega::expert_grouped_gemm_stacked_parity an_expert_index_past_the_slab_raises_the_same_error_as_cpu
        PASS [   0.178s] (442/765) omega::expert_grouped_gemm_stacked_parity below_the_tiled_token_minimum_the_stacked_op_keeps_the_dense_gather_kernel
        PASS [   0.469s] (443/765) omega::expert_grouped_gemm_stacked_parity a_stacked_projection_at_decode_and_verify_widths_matches_the_f32_oracle
        PASS [   0.169s] (444/765) omega::f16_real_checkpoint_parity metal_matmul_on_real_ffn_gate_inp_f16_bytes_matches_the_dequantized_f32_cpu_path
        PASS [   0.331s] (445/765) omega::expert_grouped_gemm_stacked_parity one_expert_named_by_most_tokens_spans_many_token_tiles
        PASS [   0.261s] (446/765) omega::expert_grouped_gemm_stacked_parity ragged_rows_and_tokens_match_the_f32_oracle
        PASS [   0.730s] (447/765) omega::expert_grouped_gemm_stacked_parity a_shared_activation_gate_over_top_k_routing_matches_the_f32_oracle
        PASS [   0.014s] (448/765) omega::flat_grid_compile_gate the_packed_row_fixtures_take_the_launch_widths_their_labels_name
        PASS [   0.420s] (449/765) omega::expert_grouped_gemm_stacked_parity control_an_oracle_routed_to_other_experts_disagrees_by_a_gross_factor
        PASS [   0.639s] (450/765) omega::gdn_sequence_projection_parity qwen35_sequence_tail_projection_matches_cpu_on_packed_weight
        PASS [   0.673s] (451/765) omega::flat_grid_compile_gate every_flat_form_kernel_compiles_with_the_metal_toolchain
        PASS [   0.105s] (452/765) omega::grid_thread_index_overflow the_accumulation_bound_admits_the_cpu_f32_evaluation_of_the_same_rows
        PASS [   0.104s] (453/765) omega::grid_thread_index_overflow the_accumulation_bound_rejects_a_corrupted_output_element
        PASS [   0.358s] (454/765) omega::grid_thread_index_overflow tiled_per_layer_projection_at_1880_rows_is_fully_populated_and_inside_the_f32_accumulation_bound
        PASS [   0.419s] (455/765) omega::grid_thread_index_overflow tiled_per_layer_projection_at_1873_rows_is_fully_populated_and_inside_the_f32_accumulation_bound
        PASS [   4.566s] (456/765) omega::cached_attention_row_tiled_parity the_row_tiled_kernels_hold_parity_with_the_cpu_evaluator_across_rows_and_cached_lengths
        PASS [   0.630s] (457/765) omega::horizontal_merge_dispatch dispatch_and_hazard_counts_match_the_design_note
        PASS [   4.232s] (458/765) omega::cached_softmax_weights_rows_parity the_fused_k_row_softmax_weights_return_the_unfused_chains_bytes
        PASS [   0.601s] (459/765) omega::horizontal_merge_dispatch eight_independent_matvecs_run_unmerged_today
        PASS [   0.010s] (460/765) omega::lowering_census decode_m1_every_weight_family_takes_the_packed_row_blocked_pair_dot_body
        PASS [   0.010s] (461/765) omega::lowering_census long_prompt_m256_every_weight_family_takes_the_multi_row_body
        PASS [   0.009s] (462/765) omega::lowering_census prefill_m31_every_weight_family_takes_the_multi_row_body
        PASS [   0.177s] (463/765) omega::horizontal_merge_dispatch lazy_activation_and_output_exercise_the_fresh_allocation_path
        PASS [   0.009s] (464/765) omega::lowering_census prefill_m8_every_weight_family_takes_the_multi_row_body
        PASS [   0.061s] (465/765) omega::metal_output_placement a_call_that_fails_before_its_commit_drops_the_closure_unrun
        PASS [   0.144s] (466/765) omega::horizontal_merge_dispatch raw_split_member_forces_its_own_dispatch
        PASS [   0.095s] (467/765) omega::metal_output_placement a_placed_buffer_holds_both_runs_data_at_their_own_offsets
        PASS [   0.144s] (468/765) omega::metal_output_placement a_four_dimensional_state_round_trips_through_placement
        PASS [   0.104s] (469/765) omega::metal_output_placement a_program_reads_a_placed_write_from_a_later_op_in_the_same_call
        PASS [   0.110s] (470/765) omega::metal_output_placement a_placed_input_can_be_planned_without_a_named_host_payload
        PASS [   0.378s] (471/765) omega::metal_compile_gate emitted_source_compiles_with_the_metal_toolchain
        PASS [   0.113s] (472/765) omega::metal_output_placement the_overlapping_call_runs_its_closure_once_and_returns_the_plain_calls_output
        PASS [   0.144s] (473/765) omega::metal_parity a_multi_operand_elementwise_fusion_chain_matches_cpu_on_a_real_device
        PASS [   2.246s] (474/765) omega::grid_thread_index_overflow per_layer_projection_at_the_last_linear_row_count_is_fully_populated
        PASS [   0.009s] (475/765) omega::metal_parity block_count_mismatch_produces_the_same_tensor_error_as_cpu
        PASS [   0.009s] (476/765) omega::metal_parity block_size_mismatch_produces_the_same_tensor_error_as_cpu
        PASS [   0.182s] (477/765) omega::metal_parity attention_block_spec_parity_matches_within_epsilon
        PASS [   0.662s] (478/765) omega::horizontal_merge_dispatch mixed_buffer_member_does_not_merge
        PASS [   0.192s] (479/765) omega::metal_parity axis_reduce_parity_holds_across_the_cooperative_serial_length_boundary
        PASS [   0.194s] (480/765) omega::metal_parity axis_reduce_parity_holds_for_every_cooperative_reduce_body
        PASS [   0.126s] (481/765) omega::metal_parity conv_window_parity_matches_within_epsilon
        PASS [   0.178s] (482/765) omega::metal_parity cached_dense_kernel_does_not_override_reordered_head_split_layout
        PASS [   0.119s] (483/765) omega::metal_parity embedding_lookup_parity_is_exact_for_integer_valued_inputs
        PASS [   0.127s] (484/765) omega::metal_parity cumsum_parity_matches_exactly
        PASS [   0.118s] (485/765) omega::metal_parity embedding_matmul_parity_matches_within_epsilon
        PASS [   0.080s] (486/765) omega::metal_parity matmul_parity_holds_over_a_contraction_spanning_multiple_simd_lanes
        PASS [   0.127s] (487/765) omega::metal_parity matmul_parity_is_within_f16_epsilon_of_the_f32_cpu_oracle
        PASS [   0.144s] (488/765) omega::metal_parity matmul_parity_is_exact_for_integer_valued_inputs
        PASS [   0.138s] (489/765) omega::metal_parity metal_matmul_on_packed_q4k_weights_matches_the_dequantized_f32_cpu_path
        PASS [   0.152s] (490/765) omega::metal_parity metal_matmul_on_packed_q4k_weights_matches_the_dequantized_f32_cpu_path_at_tile_scale
        PASS [   0.154s] (491/765) omega::metal_parity metal_matmul_on_packed_q5k_weights_matches_the_dequantized_f32_cpu_path
        PASS [   0.094s] (492/765) omega::metal_parity metal_matmul_parity_across_codec_and_dtype::float32_at_float32
        PASS [   0.147s] (493/765) omega::metal_parity metal_matmul_parity_across_codec_and_dtype::float32_at_float16
        PASS [   0.172s] (494/765) omega::metal_parity metal_matmul_on_packed_q6k_weights_matches_the_dequantized_f32_cpu_path
        PASS [   0.133s] (495/765) omega::metal_parity metal_matmul_parity_across_codec_and_dtype::q4_0_at_float32
        PASS [   0.135s] (496/765) omega::metal_parity metal_matmul_parity_across_codec_and_dtype::q4_0_at_float16
        PASS [   0.128s] (497/765) omega::metal_parity metal_matmul_parity_across_codec_and_dtype::q4k_at_float16
        PASS [   0.087s] (498/765) omega::metal_parity metal_matmul_parity_across_codec_and_dtype::q5k_at_float32
        PASS [   0.135s] (499/765) omega::metal_parity metal_matmul_parity_across_codec_and_dtype::q4k_at_float32
        PASS [   0.116s] (500/765) omega::metal_parity metal_matmul_parity_across_codec_and_dtype::q5k_at_float16
        PASS [   0.118s] (501/765) omega::metal_parity metal_matmul_parity_across_codec_and_dtype::q6k_at_float32
        PASS [   0.162s] (502/765) omega::metal_parity metal_matmul_parity_across_codec_and_dtype::q6k_at_float16
        PASS [   0.128s] (503/765) omega::metal_parity multi_output_parity_covers_both_an_intermediate_and_the_root
        PASS [   0.143s] (504/765) omega::metal_parity metal_matmul_parity_across_codec_and_dtype::q8_0_at_float32
        PASS [   0.153s] (505/765) omega::metal_parity metal_matmul_parity_across_codec_and_dtype::q8_0_at_float16
        PASS [   0.121s] (506/765) omega::metal_parity multiply_sqrt_reciprocal_chain_matches_cpu_on_a_real_device
        PASS [   0.126s] (507/765) omega::metal_parity out_of_range_gather_index_produces_the_same_error_on_cpu_and_metal
        PASS [   0.126s] (508/765) omega::metal_parity reciprocal_parity_matches_within_epsilon
        PASS [   0.137s] (509/765) omega::metal_parity page_aligned_input_takes_the_no_copy_metal_upload_path
        PASS [   0.146s] (510/765) omega::metal_parity softmax_parity_matches_within_epsilon
        PASS [   5.597s] (511/765) omega::coord_index32_ab attention_shape_608x8x128_bit_exact
        PASS [   0.150s] (512/765) omega::metal_parity square_root_parity_matches_within_epsilon
        PASS [   0.153s] (513/765) omega::metal_parity symbolic_extent_parity_holds_across_two_different_bindings
        PASS [   0.223s] (514/765) omega::metal_parity tanh_chain_parity_matches_within_epsilon
        PASS [   0.225s] (515/765) omega::metal_parity tanh_parity_saturates_instead_of_nan_on_large_magnitude_inputs
        PASS [   0.206s] (516/765) omega::metal_real_forward fused_cached_attention_root_agrees_between_cpu_and_metal
        PASS [   0.063s] (517/765) omega::mixed_expert_metal_execution mixed_expert_source_rejects_unsupported_codec_before_device_execution
        PASS [   0.308s] (518/765) omega::metal_real_forward metal_runs_the_real_forward_graph_and_agrees_with_the_cpu
        PASS [   3.665s] (519/765) omega::grid_thread_index_overflow per_layer_projection_at_1880_rows_is_fully_populated_and_matches_the_cpu_oracle
        PASS [   0.278s] (520/765) omega::mixed_expert_metal_execution mixed_kernel_cache_keeps_each_route_index_binding
        PASS [   3.738s] (521/765) omega::grid_thread_index_overflow per_layer_projection_at_1873_rows_is_fully_populated_and_matches_the_cpu_oracle
        PASS [   0.260s] (522/765) omega::mixed_expert_metal_execution mixed_q2k_q4k_expert_source_executes_on_metal
        PASS [   0.336s] (523/765) omega::mixed_expert_metal_execution mixed_expert_source_and_recurrent_state_placement_share_one_execution
        PASS [   0.211s] (524/765) omega::mixed_expert_metal_execution q3k_q4k_seven_rows_route_distinct_high_experts_matches_cpu
        PASS [   0.230s] (525/765) omega::onnx_metal_parity an_onnx_lowered_mlp_runs_on_metal_at_cpu_parity_through_the_backend_wrapper
        PASS [   0.173s] (526/765) omega::packed_row_attn_output_shape_parity q4_0_attention_output_k2048_rows6_masks_the_lanes_past_the_last_row
        PASS [   0.189s] (527/765) omega::packed_row_attn_output_shape_parity q4_0_attention_output_k2048_rows4_fills_exactly_one_simdgroup
        PASS [   0.226s] (528/765) omega::packed_row_attn_output_shape_parity q4_0_attention_output_k2048_rows1536_every_lane_writes_its_own_row
        PASS [   0.149s] (529/765) omega::packed_row_multi_activation_parity q4k_eight_activation_rows_match_independent_reference
        PASS [   0.657s] (530/765) omega::metal_real_forward running_the_same_plan_twice_reproduces_the_first_run_exactly
        PASS [   0.718s] (531/765) omega::metal_real_forward metal_agrees_with_cpu_on_a_nonempty_kv_cache
        PASS [   0.201s] (532/765) omega::packed_row_multi_activation_parity q4k_eight_activation_rows_is_byte_identical_across_twenty_runs
        PASS [   0.163s] (533/765) omega::packed_row_multi_activation_parity q4k_nine_activation_rows_crosses_the_tile_boundary_and_matches_reference
        PASS [   0.203s] (534/765) omega::packed_row_multi_activation_parity q5k_eight_activation_rows_match_independent_reference
        PASS [   0.203s] (535/765) omega::packed_row_multi_activation_parity q5k_four_activation_rows_match_independent_reference
        PASS [   0.201s] (536/765) omega::packed_row_multi_activation_parity q5k_nine_activation_rows_crosses_the_tile_boundary_and_matches_reference
        PASS [   0.186s] (537/765) omega::packed_row_multi_activation_parity q5k_single_activation_row_matches_independent_reference
        PASS [   0.210s] (538/765) omega::packed_row_multi_activation_parity q4k_two_activation_rows_match_independent_reference
        PASS [   0.224s] (539/765) omega::packed_row_multi_activation_parity q4k_single_activation_row_matches_independent_reference
        PASS [   0.264s] (540/765) omega::packed_row_multi_activation_parity q4k_four_activation_rows_match_independent_reference
        PASS [   0.155s] (541/765) omega::packed_row_multi_activation_parity q5k_two_activation_rows_match_independent_reference
        PASS [   0.198s] (542/765) omega::packed_row_multi_row_epilogue_pairs q4_0_tokens3_k1536_rows6_masks_the_pairs_past_the_last_row
        PASS [   0.209s] (543/765) omega::packed_row_multi_row_epilogue_pairs q4_0_tokens2_k1536_rows1536_two_pairs_per_row_group
        PASS [   0.156s] (544/765) omega::packed_row_multi_row_epilogue_pairs q4_0_tokens4_k1536_rows1536_sixteen_pairs
        PASS [   0.257s] (545/765) omega::packed_row_multi_activation_parity q6k_four_activation_rows_match_independent_reference
        PASS [   0.258s] (546/765) omega::packed_row_multi_activation_parity q6k_single_activation_row_matches_independent_reference
        PASS [   0.263s] (547/765) omega::packed_row_multi_activation_parity q6k_nine_activation_rows_crosses_the_tile_boundary_and_matches_reference
        PASS [   0.271s] (548/765) omega::packed_row_multi_activation_parity q6k_two_activation_rows_match_independent_reference
        PASS [   0.279s] (549/765) omega::packed_row_multi_activation_parity q6k_eight_activation_rows_match_independent_reference
        PASS [   0.159s] (550/765) omega::packed_row_multi_row_epilogue_pairs q4_0_tokens9_k1536_rows256_second_token_group_is_partial
        PASS [   0.159s] (551/765) omega::packed_row_multi_row_epilogue_pairs q4_0_tokens8_k1536_rows512_thirty_two_pairs_fill_one_round_of_lanes
        PASS [   0.171s] (552/765) omega::packed_row_multi_row_epilogue_pairs q6k_tokens4_k1536_rows512_one_row_per_simdgroup
        PASS [   0.169s] (553/765) omega::packed_row_multi_row_epilogue_pairs q6k_tokens8_k1536_rows64_pair_index_is_the_token_slot
        PASS [   8.127s] (554/765) omega::cached_attention_row_tiled_parity the_row_tiled_kernels_hold_parity_with_the_cpu_evaluator_at_prefill_widths
        PASS [  10.416s] (555/765) omega::coord_index32_ab attention_shape_608x8x256_bit_exact
        PASS [   0.314s] (556/765) omega::packed_row_multi_row_index32_ab q4_0_tokens1_k1536_rows6144_single_token
        PASS [   0.453s] (557/765) omega::packed_row_multi_row_index32_ab q4_0_tokens27_k1536_rows12288
        PASS [   0.986s] (558/765) omega::packed_row_multi_row_index32_ab q4_0_tokens600_k12288_rows1536
        PASS [   0.619s] (559/765) omega::packed_row_multi_row_index32_ab q4_0_tokens600_k1536_rows12288
        PASS [   0.237s] (560/765) omega::packed_row_multi_row_index32_ab q4_0_tokens9_k1536_rows6144_tail
        PASS [   2.019s] (561/765) omega::packed_row_multi_row_index32_ab q4k_tokens1_k1536_rows6144_single_token
        PASS [   7.992s] (562/765) omega::packed_row_multi_row_index32_ab q4k_tokens27_k1536_rows12288_not_admitted
        PASS [   7.994s] (563/765) omega::packed_row_multi_row_index32_ab q4k_tokens600_k1536_rows12288_not_admitted
        PASS [   4.012s] (564/765) omega::packed_row_multi_row_index32_ab q4k_tokens9_k1536_rows6144_tail_not_admitted
        PASS [   0.951s] (565/765) omega::packed_row_multi_row_index32_ab q6k_tokens1_k1536_rows6144_single_token
        PASS [   1.795s] (566/765) omega::packed_row_multi_row_index32_ab q6k_tokens27_k1536_rows12288
        PASS [   2.047s] (567/765) omega::packed_row_multi_row_index32_ab q6k_tokens600_k12288_rows1536
        PASS [   2.042s] (568/765) omega::packed_row_multi_row_index32_ab q6k_tokens600_k1536_rows12288
        PASS [   0.911s] (569/765) omega::packed_row_multi_row_index32_ab q6k_tokens9_k1536_rows6144_tail
        PASS [   0.351s] (570/765) omega::packed_row_multi_row_index32_ab q8_0_tokens1_k1536_rows6144_single_token
        PASS [   0.598s] (571/765) omega::packed_row_multi_row_index32_ab q8_0_tokens27_k1536_rows12288
        PASS [   1.074s] (572/765) omega::packed_row_multi_row_index32_ab q8_0_tokens600_k12288_rows1536
        PASS [   0.723s] (573/765) omega::packed_row_multi_row_index32_ab q8_0_tokens600_k1536_rows12288
        PASS [   0.307s] (574/765) omega::packed_row_multi_row_index32_ab q8_0_tokens9_k1536_rows6144_tail
        PASS [   0.249s] (575/765) omega::packed_row_multi_row_unroll_ab q4_0_tokens1_k1536_rows6144_single_token
        PASS [   0.308s] (576/765) omega::packed_row_multi_row_unroll_ab q4_0_tokens9_k1536_rows6144_tail
        PASS [   0.361s] (577/765) omega::packed_row_multi_row_unroll_ab q4_0_tokens27_k1536_rows12288
        PASS [   0.480s] (578/765) omega::packed_row_multi_row_unroll_ab q4_0_tokens600_k1536_rows12288
        PASS [   0.537s] (579/765) omega::packed_row_multi_row_unroll_ab q6k_tokens1_k1536_rows6144_single_token
        PASS [   0.670s] (580/765) omega::packed_row_multi_row_unroll_ab q4_0_tokens600_k12288_rows1536
        PASS [   0.294s] (581/765) omega::packed_row_multi_row_unroll_ab q8_0_tokens1_k1536_rows6144_single_token
        PASS [   0.407s] (582/765) omega::packed_row_multi_row_unroll_ab q8_0_tokens27_k1536_rows12288
        PASS [   0.624s] (583/765) omega::packed_row_multi_row_unroll_ab q6k_tokens9_k1536_rows6144_tail
        PASS [   1.185s] (584/765) omega::packed_row_multi_row_unroll_ab q4k_tokens1_k1536_rows6144_single_token
        PASS [   1.089s] (585/765) omega::packed_row_multi_row_unroll_ab q6k_tokens27_k1536_rows12288
        PASS [   0.243s] (586/765) omega::packed_row_multi_row_unroll_ab q8_0_tokens9_k1536_rows6144_tail
        PASS [   0.257s] (587/765) omega::packed_row_q4_0_multi_row_hoist_ab tokens1_k1536_rows6144_routes_unaffected_by_hoist
        PASS [   0.647s] (588/765) omega::packed_row_multi_row_unroll_ab q8_0_tokens600_k12288_rows1536
        PASS [   1.270s] (589/765) omega::packed_row_multi_row_unroll_ab q6k_tokens600_k12288_rows1536
        PASS [   1.233s] (590/765) omega::packed_row_multi_row_unroll_ab q6k_tokens600_k1536_rows12288
        PASS [   0.200s] (591/765) omega::packed_row_q4_0_multi_row_hoist_ab tokens27_k1536_rows2048_bit_exact_across_hoist
        PASS [   0.585s] (592/765) omega::packed_row_multi_row_unroll_ab q8_0_tokens600_k1536_rows12288
        PASS [   0.145s] (593/765) omega::packed_row_q4_0_multi_row_pair_lane_ab distinct_activation_rows_produce_distinct_output_rows
        FAIL [   0.518s] (594/765) omega::packed_row_q4_0_multi_row_hoist_ab tokens27_k1536_rows12288_bit_exact_across_hoist
  stdout ───

    running 1 test
    test tokens27_k1536_rows12288_bit_exact_across_hoist ... FAILED

    failures:

    failures:
        tokens27_k1536_rows12288_bit_exact_across_hoist

    test result: FAILED. 0 passed; 1 failed; 0 ignored; 0 measured; 7 filtered out; finished in 0.50s

  stderr ───

    thread 'tokens27_k1536_rows12288_bit_exact_across_hoist' (74961459) panicked at omega/tests/packed_row_q4_0_multi_row_hoist_ab.rs:135:53:
    metal runs the matmul on a real device: CommandBufferFailed { status: 5, code: 1, log: "Internal Error (0000000e:Internal Error)", context: CommandBufferFailureContext { chunk_index: 0, chunk_count: 1, dispatch_count: 1, first_op_label: "keep::reduce fold", last_op_label: "keep::reduce fold", buffer_label: Some("omega.single.execute_plan_inner"), gpu_start_s: 650818.5384943751, gpu_end_s: 650818.728482375, encoder_status_requested: false, encoder_infos: [] } }
    note: run with `RUST_BACKTRACE=1` environment variable to display a backtrace

        PASS [   0.275s] (595/765) omega::packed_row_q4_0_multi_row_hoist_ab tokens8_k1536_rows6144_bit_exact_across_hoist
        PASS [   0.538s] (596/765) omega::packed_row_q4_0_multi_row_hoist_ab tokens27_k12288_rows1536_bit_exact_across_hoist
        PASS [   0.242s] (597/765) omega::packed_row_q4_0_multi_row_hoist_ab tokens9_k1536_rows6144_bit_exact_across_hoist_partial_group
        PASS [   0.409s] (598/765) omega::packed_row_q4_0_multi_row_hoist_ab tokens27_k1536_rows6144_bit_exact_across_hoist
        PASS [   0.169s] (599/765) omega::packed_row_q4_0_multi_row_pair_lane_ab the_generic_arm_is_reachable_and_sums_in_a_different_order
        PASS [   0.165s] (600/765) omega::packed_row_q4_0_multi_row_pair_lane_ab tokens2_k1536_rows4096_match_the_oracle
        PASS [   0.170s] (601/765) omega::packed_row_q4_0_multi_row_pair_lane_ab tokens2_k256_rows64_match_the_oracle_with_two_groups
        PASS [   0.186s] (602/765) omega::packed_row_q4_0_multi_row_pair_lane_ab tokens2_rows6_fewer_rows_than_two_groups_match_the_oracle
        PASS [   0.196s] (603/765) omega::packed_row_q4_0_multi_row_pair_lane_ab tokens3_k1536_rows2048_match_the_oracle_through_a_padded_cap
        PASS [   0.223s] (604/765) omega::packed_row_q4_0_multi_row_pair_lane_ab tokens2_k6144_rows1536_match_the_oracle_over_forty_eight_groups
        PASS [   0.137s] (605/765) omega::packed_row_q4_0_multi_row_pair_lane_ab tokens3_k1536_rows512_strided_activation_stays_on_the_generic_arm_and_matches_the_oracle
        FAIL [   0.026s] (606/765) omega::packed_row_rows_per_simdgroup_ab default_env_emits_node_94_shape_for_diffing_against_the_capture
  stdout ───

    running 1 test
    test default_env_emits_node_94_shape_for_diffing_against_the_capture ... FAILED

    failures:

    failures:
        default_env_emits_node_94_shape_for_diffing_against_the_capture

    test result: FAILED. 0 passed; 1 failed; 0 ignored; 0 measured; 6 filtered out; finished in 0.01s

  stderr ───

    thread 'default_env_emits_node_94_shape_for_diffing_against_the_capture' (74961648) panicked at omega/tests/packed_row_rows_per_simdgroup_ab.rs:217:9:
    node 94's shape must take ggml's inline Q4_0 dot under metal-q4_0-native:
    #include <metal_stdlib>
    using namespace metal;

    inline float proxima_erf(float x) {
        float sign = x < 0.0f ? -1.0f : 1.0f;
        float magnitude = fabs(x);
        float t = 1.0f / fma(0.3275911f, magnitude, 1.0f);
        float poly = t * fma(fma(fma(fma(1.061405429f, t, -1.453152027f), t, 1.421413741f), t, -0.284496736f), t, 0.254829592f);
        return sign * fma(poly, -exp(-magnitude * magnitude), 1.0f);
    }


    static inline float q2k_element(device const uchar *block, uint index) {
        device const uchar *scales = block;
        device const uchar *qs = block + 16;
        ushort d_bits = (ushort)((uint)block[80] | ((uint)block[81] << 8));
        ushort dmin_bits = (ushort)((uint)block[82] | ((uint)block[83] << 8));
        float d = (float)as_type<half>(d_bits);
        float dmin = (float)as_type<half>(dmin_bits);

        uint chunk = index / 128u;
        uint within = index % 128u;
        uint group = within / 32u;
        uint local = within % 32u;
        uint sub_block = chunk * 8u + group * 2u + (local >= 16u ? 1u : 0u);
        uchar scale_min = scales[sub_block];
        float scale = d * (float)(scale_min & 0x0Fu);
        float minimum = dmin * (float)(scale_min >> 4u);
        uchar level = (qs[chunk * 32u + local] >> (2u * group)) & 0x03u;
        return scale * (float)level - minimum;
    }


    // ports proxima_gguf::quant::q3_k::unpack_scale -- the same bit-interleaved
    // 6-bit unpack q4k_scale_min/q5k_scale_min use for a (scale, min) pair,
    // restated here for a scale-only code (no min), same posture as
    // q5k_scale_min restating q4k_scale_min.
    static inline int q3k_unpack_scale(device const uchar *scales, uint sub_block) {
        uchar low = (sub_block < 8u) ? (scales[sub_block] & 0x0Fu) : (scales[sub_block - 8u] >> 4u);
        uchar high = (scales[8u + sub_block % 4u] >> (2u * (sub_block / 4u))) & 0x03u;
        int combined = (int)(low | (high << 4u));
        return combined - 32;
    }

    // one Q3_K super-block's per-sub-block (16-element) scale and high-bit
    // MASK, decoded ONCE for a run of elements sharing both -- same
    // amortization q4k_header_for/q5k_header_for make, at Q3_K's own 16-element
    // sub-block granularity rather than their 32-element one.
    struct q3k_header { float scale; uchar mask; };

    static inline q3k_header q3k_header_for(device const uchar *block, uint index) {
        device const uchar *scales = block + 96;
        ushort d_bits = (ushort)((uint)block[108] | ((uint)block[109] << 8));
        float d = (float)as_type<half>(d_bits);

        uint chunk = index / 128u;
        uint rem = index % 128u;
        uint j = rem / 32u;
        uint local32 = rem % 32u;
        bool low = local32 < 16u;
        uint sub_block = 8u * chunk + 2u * j + (low ? 0u : 1u);

        q3k_header header;
        header.scale = d * (float)q3k_unpack_scale(scales, sub_block);
        header.mask = (uchar)(1u << (4u * chunk + j));
        return header;
    }

    // one element, given its sub-block's already-decoded header.
    static inline float q3k_value(device const uchar *block, uint index, q3k_header header) {
        device const uchar *hmask = block;
        device const uchar *qs = block + 32;

        uint chunk = index / 128u;
        uint rem = index % 128u;
        uint j = rem / 32u;
        uint local32 = rem % 32u;

        uchar level = (qs[chunk * 32u + local32] >> (2u * j)) & 0x03u;
        float correction = (hmask[local32] & header.mask) != 0u ? 0.0f : 4.0f;
        return header.scale * ((float)level - correction);
    }

    // element `index` of one Q3_K super-block, decoding its own header first --
    // the generic per-element path (`operand_read`'s non-row-blocked callers)
    // has no amortized header to reuse across elements, same posture as
    // q5k_element/q6k_element.
    static inline float q3k_element(device const uchar *block, uint index) {
        return q3k_value(block, index, q3k_header_for(block, index));
    }


    static inline float q3k_pair_dot(device const uchar *block, uint iq, uint ir, thread const float *yl, thread const float *yh) {
        device const uchar *hmask = block;
        device const uchar *qs = block + 32;
        uint low_index = 64u * iq + 8u * ir;
        q3k_header h0 = q3k_header_for(block, low_index);
        q3k_header h1 = q3k_header_for(block, low_index + 32u);
        q3k_header h2 = q3k_header_for(block, low_index + 128u);
        q3k_header h3 = q3k_header_for(block, low_index + 160u);
        uint shift0 = 4u * iq;
        uint shift1 = shift0 + 2u;
        uint byte_offset = 8u * ir;
        float result = 0.0f;
        for (uint l = 0u; l < 8u; ++l) {
            uchar q1 = qs[byte_offset + l];
            uchar q2 = qs[32u + byte_offset + l];
            uchar hm = hmask[byte_offset + l];
            float low0 = (float)((q1 >> shift0) & 0x03u) - ((hm & h0.mask) != 0u ? 0.0f : 4.0f);
            float low1 = (float)((q1 >> shift1) & 0x03u) - ((hm & h1.mask) != 0u ? 0.0f : 4.0f);
            float high0 = (float)((q2 >> shift0) & 0x03u) - ((hm & h2.mask) != 0u ? 0.0f : 4.0f);
            float high1 = (float)((q2 >> shift1) & 0x03u) - ((hm & h3.mask) != 0u ? 0.0f : 4.0f);
            result += h0.scale * low0 * yl[l];
            result += h1.scale * low1 * yl[l + 8u];
            result += h2.scale * high0 * yh[l];
            result += h3.scale * high1 * yh[l + 8u];
        }
        return result;
    }


    // ports proxima_gguf::quant::q4_k::get_scale_min_k4
    static inline uchar2 q4k_scale_min(device const uchar *scales, uint sub_block) {
        if (sub_block < 4u) {
            return uchar2(scales[sub_block] & 63, scales[sub_block + 4u] & 63);
        }
        uchar scale = (scales[sub_block + 4u] & 0x0F) | ((scales[sub_block - 4u] >> 6) << 4);
        uchar minimum = (scales[sub_block + 4u] >> 4) | ((scales[sub_block] >> 6) << 4);
        return uchar2(scale, minimum);
    }

    // element `index` (0..256) of one Q4_K super-block, byte-for-byte the value
    // proxima_gguf::quant::q4_k::dequantize_block writes at the same index.
    static inline float q4k_element(device const uchar *block, uint index) {
        ushort d_bits = (ushort)((uint)block[0] | ((uint)block[1] << 8));
        ushort dmin_bits = (ushort)((uint)block[2] | ((uint)block[3] << 8));
        float d = (float)as_type<half>(d_bits);
        float dmin = (float)as_type<half>(dmin_bits);

        device const uchar *scales = block + 4;
        device const uchar *qs = block + 16;

        uint group = index / 64u;
        uint within = index % 64u;
        bool low_nibble = within < 32u;
        uint sub_block = 2u * group + (low_nibble ? 0u : 1u);
        uint byte_index = group * 32u + (within % 32u);

        uchar2 scale_min = q4k_scale_min(scales, sub_block);
        float scale = d * (float)scale_min.x;
        float minimum = dmin * (float)scale_min.y;
        uchar nibble = low_nibble ? (qs[byte_index] & 0x0F) : (qs[byte_index] >> 4);
        return scale * (float)nibble - minimum;
    }

    // A super-block's per-sub-block scale and min, decoded ONCE for a run of
    // elements inside that sub-block. `d`, `dmin` and the 6-bit scale/min pair
    // are constant across all 32 elements of a sub-block, so deriving them per
    // element (what `q4k_element` does) is 8-40x the arithmetic of the nibble
    // extract it feeds. ggml decodes once per super-block and spends ~1.6 ops
    // per weight; this is the same amortization.
    struct q4k_header { float scale; float minimum; };

    static inline q4k_header q4k_header_for(device const uchar *block, uint index) {
        ushort d_bits = (ushort)((uint)block[0] | ((uint)block[1] << 8));
        ushort dmin_bits = (ushort)((uint)block[2] | ((uint)block[3] << 8));
        device const uchar *scales = block + 4;
        uint group = index / 64u;
        uint within = index % 64u;
        uint sub_block = 2u * group + (within < 32u ? 0u : 1u);
        uchar2 scale_min = q4k_scale_min(scales, sub_block);
        q4k_header header;
        header.scale = (float)as_type<half>(d_bits) * (float)scale_min.x;
        header.minimum = (float)as_type<half>(dmin_bits) * (float)scale_min.y;
        return header;
    }

    // one element, given its sub-block's already-decoded header. This is the
    // whole per-element cost in the tiled loop: one byte load, one mask or
    // shift, one fma.
    static inline float q4k_value(device const uchar *block, uint index, q4k_header header) {
        device const uchar *qs = block + 16;
        uint group = index / 64u;
        uint within = index % 64u;
        uint byte_index = group * 32u + (within % 32u);
        uchar nibble = (within < 32u) ? (qs[byte_index] & 0x0F) : (qs[byte_index] >> 4);
        return header.scale * (float)nibble - header.minimum;
    }

    static inline float q4k_pair_dot(device const uchar *block, uint iq, uint ir, thread const float *yl, thread const float *yh) {
        device const uchar *qs = block + 16;
        // ggml's q1/q2 pointers are uint16_t, so its +32 offset advances 64 bytes.
        uint byte_base = 32u * iq + 8u * ir;
        // `qs` sits at offset 16 in a 144-byte block (both even), and `byte_base`
        // is always a multiple of 8, so every `ushort` word below is 2-byte
        // aligned -- matches ggml's `(device const uint16_t *)qs + 16*iq + 4*ir`.
        device const ushort *word_low = (device const ushort *)(qs + byte_base);
        device const ushort *word_high = (device const ushort *)(qs + byte_base + 64u);
        uint low_index = 64u * iq + 8u * ir;
        q4k_header h0 = q4k_header_for(block, low_index);
        q4k_header h1 = q4k_header_for(block, low_index + 32u);
        q4k_header h2 = q4k_header_for(block, low_index + 128u);
        q4k_header h3 = q4k_header_for(block, low_index + 160u);
        float result = 0.0f;
        for (uint i = 0u; i < 4u; ++i) {
            uint word1 = (uint)word_low[i];
            uint word2 = (uint)word_high[i];
            result += (h0.scale * (float)(word1 & 0x0Fu) - h0.minimum) * yl[2u * i + 0u];
            result += (h0.scale * (float)((word1 >> 8) & 0x0Fu) - h0.minimum) * yl[2u * i + 1u];
            result += (h1.scale * (float)((word1 >> 4) & 0x0Fu) - h1.minimum) * yl[2u * i + 8u];
            result += (h1.scale * (float)((word1 >> 12) & 0x0Fu) - h1.minimum) * yl[2u * i + 9u];
            result += (h2.scale * (float)(word2 & 0x0Fu) - h2.minimum) * yh[2u * i + 0u];
            result += (h2.scale * (float)((word2 >> 8) & 0x0Fu) - h2.minimum) * yh[2u * i + 1u];
            result += (h3.scale * (float)((word2 >> 4) & 0x0Fu) - h3.minimum) * yh[2u * i + 8u];
            result += (h3.scale * (float)((word2 >> 12) & 0x0Fu) - h3.minimum) * yh[2u * i + 9u];
        }
        return result;
    }

    // `q4k_pair_dot` generalized across an activation GROUP: `push_packed_row_
    // multi_row_body`'s own per-element `operand_read` loop (`docs/discipline.md`
    // ROW 389) decoded this row's header/nibble words once PER TOKEN instead of
    // once per weight-block iteration, because it never shared this function's
    // `word_low`/`word_high`/`h0..h3` decode across the group. `q4k_pair_dot_mr`
    // pulls that decode out of the per-token loop: `word_low`/`word_high` and
    // `h0..h3` are read/derived exactly once, then the eight-fma accumulate
    // below runs once per token, gathering that ONE token's 16+16 `yl`/`yh`
    // floats from `other_ptr` (via `other_base[s]`/`other_stride`/
    // `other_ib_offset`) immediately before folding them.
    //
    // CORRECTION (perf/prefill-packed-row-decode): a first version of this
    // function took pre-gathered `yl_group[cap][16]`/`yh_group[cap][16]` thread
    // arrays instead -- 256 live private floats at `cap = 8` -- and measured
    // SLOWER on a 31-token prefill than the generic per-element body it
    // replaced (step-0 GPU 13.0s on main vs 15.1-21.8s on that version). Arrays
    // sized by `cap` force Metal to reserve that much thread/private storage
    // for the whole per-block-iteration accumulate regardless of how many of
    // those `cap` slots are actually live at once, collapsing occupancy. This
    // version stages one token's `yl`/`yh` at a time inside the `s` loop below,
    // so live private state is ~40 floats (`yl`, `yh`, `result_s`, `result[]`)
    // no matter how large `cap` gets -- at the cost of re-issuing `other_ptr`'s
    // device loads once per output row (`rows_per_simdgroup`, 4 for `Q4_K`)
    // instead of once shared across all four; each repeat reads the SAME
    // address as the other three (same lane, same token, same sub-block
    // offset), so it costs a cache hit, not additional HBM traffic.
    static inline void q4k_pair_dot_mr(device const uchar *block, uint iq, uint ir, device const float *other_ptr, thread const long *other_base, long other_stride, long other_ib_offset, uint cap, thread float *result) {
        device const uchar *qs = block + 16;
        uint byte_base = 32u * iq + 8u * ir;
        device const ushort *word_low = (device const ushort *)(qs + byte_base);
        device const ushort *word_high = (device const ushort *)(qs + byte_base + 64u);
        uint low_index = 64u * iq + 8u * ir;
        q4k_header h0 = q4k_header_for(block, low_index);
        q4k_header h1 = q4k_header_for(block, low_index + 32u);
        q4k_header h2 = q4k_header_for(block, low_index + 128u);
        q4k_header h3 = q4k_header_for(block, low_index + 160u);
        ushort w1[4]; ushort w2[4];
        for (uint i = 0u; i < 4u; ++i) { w1[i] = word_low[i]; w2[i] = word_high[i]; }
        long lane_offset = (long)(64u * iq + 8u * ir) * other_stride;
        for (uint s = 0u; s < cap; ++s) {
            device const float *y4 = other_ptr + other_base[s] + other_ib_offset + lane_offset;
            float yl[16];
            float yh[16];
            for (uint i = 0u; i < 8u; ++i) {
                yl[i] = y4[(long)i * other_stride];
                yl[i + 8u] = y4[(long)(i + 32u) * other_stride];
                yh[i] = y4[(long)(i + 128u) * other_stride];
                yh[i + 8u] = y4[(long)(i + 160u) * other_stride];
            }
            float result_s = 0.0f;
            for (uint i = 0u; i < 4u; ++i) {
                uint word1 = (uint)w1[i];
                uint word2 = (uint)w2[i];
                result_s += (h0.scale * (float)(word1 & 0x0Fu) - h0.minimum) * yl[2u * i + 0u];
                result_s += (h0.scale * (float)((word1 >> 8) & 0x0Fu) - h0.minimum) * yl[2u * i + 1u];
                result_s += (h1.scale * (float)((word1 >> 4) & 0x0Fu) - h1.minimum) * yl[2u * i + 8u];
                result_s += (h1.scale * (float)((word1 >> 12) & 0x0Fu) - h1.minimum) * yl[2u * i + 9u];
                result_s += (h2.scale * (float)(word2 & 0x0Fu) - h2.minimum) * yh[2u * i + 0u];
                result_s += (h2.scale * (float)((word2 >> 8) & 0x0Fu) - h2.minimum) * yh[2u * i + 1u];
                result_s += (h3.scale * (float)((word2 >> 4) & 0x0Fu) - h3.minimum) * yh[2u * i + 8u];
                result_s += (h3.scale * (float)((word2 >> 12) & 0x0Fu) - h3.minimum) * yh[2u * i + 9u];
            }
            result[s] = result_s;
        }
    }

    // Eight consecutive levels from TWO 32-bit loads instead of eight byte
    // loads. A lane's run is `slot .. slot+7` and never crosses a 32-element
    // sub-block boundary, so all eight share a group and a nibble half, and
    // their bytes are eight CONSECUTIVE bytes of `qs`. `slot % 32` is one of
    // {0,8,16,24} and a super-block is 144 bytes (a multiple of 16), so the
    // address is 4-byte aligned and the `uint` cast is sound.
    //
    // CORRECTION (perf/metal-q4k-mask-fma): the claim this comment used to make
    // here -- "ggml does the same thing one width down ... the nibble extract is
    // cheap and the LOAD is what costs" -- is FALSE, verified against
    // `ggml-metal.metal:5157-5165` (`kernel_mul_mv_q4_K_f32_impl`). ggml does NOT
    // shift at all: it masks four FIXED bit positions (`q1[i] & 0x000F/0x0F00/
    // 0x00F0/0xF000`) straight off a `uint16_t` load and folds the resulting
    // 1x/16x/256x residual scale into the per-sub-block combine
    // (`ggml-metal.metal:5171-5175`). This function instead computes a RUNTIME
    // `shift` (0 or 4, not known at compile time) and adds it into every one of
    // the eight extractions below, which ggml's masked form has no equivalent
    // of. See `push_q4k_product_reduce_body`'s `metal-q4k-mask-fma` arm (Rust,
    // not MSL -- it generates the masked loop inline so it stays generic over
    // this kernel's `element_type`) for the mask-without-shift port of ggml's
    // actual technique, adapted to this function's one-nibble-per-byte layout
    // (ggml's is two-nibbles-per-byte interleaved across two sub-blocks per
    // load, a different packing this file's lane mapping does not share).
    static inline void q4k_run8(device const uchar *block, uint index, thread float *out) {
        device const uchar *qs = block + 16;
        uint group = index / 64u;
        uint within = index % 64u;
        uint byte_index = group * 32u + (within % 32u);
        device const uint *words = (device const uint *)(qs + byte_index);
        uint w0 = words[0];
        uint w1 = words[1];
        uint shift = (within < 32u) ? 0u : 4u;
        out[0] = (float)((w0 >> (shift +  0u)) & 0xFu);
        out[1] = (float)((w0 >> (shift +  8u)) & 0xFu);
        out[2] = (float)((w0 >> (shift + 16u)) & 0xFu);
        out[3] = (float)((w0 >> (shift + 24u)) & 0xFu);
        out[4] = (float)((w1 >> (shift +  0u)) & 0xFu);
        out[5] = (float)((w1 >> (shift +  8u)) & 0xFu);
        out[6] = (float)((w1 >> (shift + 16u)) & 0xFu);
        out[7] = (float)((w1 >> (shift + 24u)) & 0xFu);
    }

    // `metal-q4k-single-fetch` (opt-in, see `push_q4k_single_fetch_body`): ONE
    // 8-byte (two-word) load, BOTH nibble halves of it -- eight low-nibble
    // levels (elements `low_index .. low_index+8`) AND the eight high-nibble
    // levels of the SAME bytes (elements `low_index+32 .. low_index+40`, ggml's
    // and `dequantize_row_q4_K`'s own "32 elements apart, same byte" pairing —
    // see `q4_k.rs::dequantize_block`'s doc). `q4k_run8` above issues this exact
    // load TWICE for the pair of lanes that owns a byte range (once per nibble
    // half); this issues it ONCE and reads out both halves, which is the whole
    // point of the feature. `low_index` must be a "low" index (`index % 64 <
    // 32`) — callers only ever pass one of `sf_low_base + c*8`.
    static inline void q4k_run8_dual(
        device const uchar *block,
        uint low_index,
        thread float *out_low,
        thread float *out_high
    ) {
        device const uchar *qs = block + 16;
        uint group = low_index / 64u;
        uint within = low_index % 64u;
        uint byte_index = group * 32u + within;
        device const uint *words = (device const uint *)(qs + byte_index);
        uint w0 = words[0];
        uint w1 = words[1];
        out_low[0] = (float)((w0 >>  0u) & 0xFu);
        out_low[1] = (float)((w0 >>  8u) & 0xFu);
        out_low[2] = (float)((w0 >> 16u) & 0xFu);
        out_low[3] = (float)((w0 >> 24u) & 0xFu);
        out_low[4] = (float)((w1 >>  0u) & 0xFu);
        out_low[5] = (float)((w1 >>  8u) & 0xFu);
        out_low[6] = (float)((w1 >> 16u) & 0xFu);
        out_low[7] = (float)((w1 >> 24u) & 0xFu);
        out_high[0] = (float)((w0 >>  4u) & 0xFu);
        out_high[1] = (float)((w0 >> 12u) & 0xFu);
        out_high[2] = (float)((w0 >> 20u) & 0xFu);
        out_high[3] = (float)((w0 >> 28u) & 0xFu);
        out_high[4] = (float)((w1 >>  4u) & 0xFu);
        out_high[5] = (float)((w1 >> 12u) & 0xFu);
        out_high[6] = (float)((w1 >> 20u) & 0xFu);
        out_high[7] = (float)((w1 >> 28u) & 0xFu);
    }


    // ports proxima_gguf::quant::q5_k::get_scale_min_k4 -- byte-for-byte the
    // same function q4k_scale_min above computes, restated here rather than
    // shared (see this constant's own doc).
    static inline uchar2 q5k_scale_min(device const uchar *scales, uint sub_block) {
        if (sub_block < 4u) {
            return uchar2(scales[sub_block] & 63, scales[sub_block + 4u] & 63);
        }
        uchar scale = (scales[sub_block + 4u] & 0x0F) | ((scales[sub_block - 4u] >> 6) << 4);
        uchar minimum = (scales[sub_block + 4u] >> 4) | ((scales[sub_block] >> 6) << 4);
        return uchar2(scale, minimum);
    }

    // one Q5_K super-block's per-sub-block scale, min, and high-bit MASK,
    // decoded ONCE for a run of elements inside that sub-block -- the same
    // amortization q4k_header_for makes, widened to also carry which `qh` bit
    // this sub-block's elements read (constant across the whole 32-element
    // sub-block: `chunk` and "low or high half" are both fixed for it).
    struct q5k_header { float scale; float minimum; uchar mask; };

    static inline q5k_header q5k_header_for(device const uchar *block, uint index) {
        ushort d_bits = (ushort)((uint)block[0] | ((uint)block[1] << 8));
        ushort dmin_bits = (ushort)((uint)block[2] | ((uint)block[3] << 8));
        device const uchar *scales = block + 4;

        uint chunk = index / 64u;
        uint within = index % 64u;
        bool low = within < 32u;
        uint sub_block = 2u * chunk + (low ? 0u : 1u);

        uchar2 scale_min = q5k_scale_min(scales, sub_block);
        q5k_header header;
        header.scale = (float)as_type<half>(d_bits) * (float)scale_min.x;
        header.minimum = (float)as_type<half>(dmin_bits) * (float)scale_min.y;
        header.mask = low ? (uchar)(1u << (2u * chunk)) : (uchar)(2u << (2u * chunk));
        return header;
    }

    // one element, given its sub-block's already-decoded header. `qh` is
    // indexed by `offset` (0..32) alone, never by `chunk` -- the same
    // within-sub-block-position indexing `dequantize_block`'s own doc calls
    // out as `Q5_K`'s "easiest to get silently wrong" trap: two elements in
    // DIFFERENT chunks but the SAME local offset read different BITS of the
    // SAME `qh` byte (the header's own `mask` is what picks the right bit).
    static inline float q5k_value(device const uchar *block, uint index, q5k_header header) {
        device const uchar *qh = block + 16;
        device const uchar *qs = block + 48;

        uint chunk = index / 64u;
        uint within = index % 64u;
        bool low = within < 32u;
        uint offset = within % 32u;

        uchar qs_byte = qs[chunk * 32u + offset];
        uchar nibble = low ? (qs_byte & 0x0Fu) : (qs_byte >> 4u);
        float high = (qh[offset] & header.mask) != 0u ? 16.0f : 0.0f;
        return header.scale * ((float)nibble + high) - header.minimum;
    }

    // element `index` of one Q5_K super-block, decoding its own header first --
    // the generic per-element path (`operand_read`'s non-row-blocked callers)
    // has no amortized header to reuse across elements, unlike the row-blocked
    // path's `q5k_header_for` decoded once per sub-block.
    static inline float q5k_element(device const uchar *block, uint index) {
        return q5k_value(block, index, q5k_header_for(block, index));
    }


    static inline float q5k_pair_dot(device const uchar *block, uint iq, uint ir, thread const float *yl, thread const float *yh) {
        device const uchar *qh = block + 16;
        device const uchar *qs = block + 48;
        uint byte_base = 32u * iq + 8u * ir;
        // `qs`/`qh` start at offsets 48/16 in a 176-byte block (all multiples of
        // 8), and `byte_base`/`8*ir` are themselves multiples of 8, so each
        // `ulong` below reads its 8-byte run of `l` in one 8-byte-aligned load
        // instead of eight scalar `uchar` loads.
        ulong q1_word = *(device const ulong *)(qs + byte_base);
        ulong q2_word = *(device const ulong *)(qs + byte_base + 64u);
        ulong h_word = *(device const ulong *)(qh + 8u * ir);
        uint low_index = 64u * iq + 8u * ir;
        q5k_header h0 = q5k_header_for(block, low_index);
        q5k_header h1 = q5k_header_for(block, low_index + 32u);
        q5k_header h2 = q5k_header_for(block, low_index + 128u);
        q5k_header h3 = q5k_header_for(block, low_index + 160u);
        uchar hm1 = (uchar)(1u << (2u * iq));
        uchar hm2 = (uchar)(hm1 << 1u);
        uchar hm3 = (uchar)(hm1 << 4u);
        uchar hm4 = (uchar)(hm2 << 4u);
        float result = 0.0f;
        for (uint l = 0u; l < 8u; ++l) {
            uchar q1 = (uchar)((q1_word >> (8u * l)) & 0xFFu);
            uchar q2 = (uchar)((q2_word >> (8u * l)) & 0xFFu);
            uchar h = (uchar)((h_word >> (8u * l)) & 0xFFu);
            float low0 = (float)(q1 & 0x0Fu) + ((h & hm1) != 0u ? 16.0f : 0.0f);
            float low1 = (float)(q1 >> 4u) + ((h & hm2) != 0u ? 16.0f : 0.0f);
            float high0 = (float)(q2 & 0x0Fu) + ((h & hm3) != 0u ? 16.0f : 0.0f);
            float high1 = (float)(q2 >> 4u) + ((h & hm4) != 0u ? 16.0f : 0.0f);
            result += (h0.scale * low0 - h0.minimum) * yl[l];
            result += (h1.scale * low1 - h1.minimum) * yl[l + 8u];
            result += (h2.scale * high0 - h2.minimum) * yh[l];
            result += (h3.scale * high1 - h3.minimum) * yh[l + 8u];
        }
        return result;
    }


    // one Q6_K super-block's scale `d` -- decoded ONCE per super-block by the
    // row-blocked path (see push_packed_row_blocked_body), since it is constant
    // across all 256 elements (unlike Q4_K's per-sub-block header).
    struct q6k_header { float d; };

    static inline q6k_header q6k_header_for(device const uchar *block) {
        ushort d_bits = (ushort)((uint)block[208] | ((uint)block[209] << 8));
        q6k_header header;
        header.d = (float)as_type<half>(d_bits);
        return header;
    }

    // element `index` (0..256) of one Q6_K super-block, given its super-block's
    // already-decoded `d` -- byte-for-byte the value
    // proxima_gguf::quant::q6_k::dequantize_block writes at the same index.
    static inline float q6k_value(device const uchar *block, uint index, q6k_header header) {
        uint half_index = index / 128u;
        uint local = index % 128u;
        uint l = local % 32u;
        uint lane = local / 32u;
        uint sub_block_in_half = l / 16u;

        device const uchar *ql = block + half_index * 64u;
        device const uchar *qh = block + 128u + half_index * 32u;
        device const uchar *scales = block + 192u;

        uchar ql_byte = (lane % 2u == 0u) ? ql[l] : ql[l + 32u];
        uchar nibble = (lane < 2u) ? (ql_byte & 0x0Fu) : (ql_byte >> 4u);
        uchar high2 = (qh[l] >> (uchar)(lane * 2u)) & 0x03u;
        uchar level = nibble | (high2 << 4u);

        uchar scale_byte = scales[half_index * 8u + sub_block_in_half + lane * 2u];
        float scale = (float)(char)scale_byte;
        float quant = (float)level - 32.0f;
        return header.d * scale * quant;
    }

    // element `index` of one Q6_K super-block, decoding its own header first --
    // the generic per-element path (`operand_read`'s non-row-blocked callers)
    // has no amortized header to reuse across elements, unlike the row-blocked
    // path's `q6k_header_for` decoded once per super-block.
    static inline float q6k_element(device const uchar *block, uint index) {
        return q6k_value(block, index, q6k_header_for(block));
    }


    static inline float q6k_pair_dot(device const uchar *block, uint iq, uint ir, thread const float *yl, thread const float *yh) {
        device const uchar *ql = block;
        device const uchar *qh = block + 128u;
        device const uchar *scales = block + 192u;
        q6k_header hdr = q6k_header_for(block);

        uint l_base = 8u * ir;
        // `l_base` (0/8/16/24) and its +32/+64/+96 siblings are all even, and
        // `block` itself always lands on an even byte (210-byte stride, always
        // even) -- so every `ushort` load below is 2-byte aligned. A `uint`
        // load would need `l_base` 4-byte aligned AND `block` 4-byte aligned;
        // neither holds for every super-block index, so `ushort` is the
        // widest load this layout can support unconditionally (see this
        // constant's own doc).
        device const ushort *ql_a = (device const ushort *)(ql + l_base);
        device const ushort *ql_b = (device const ushort *)(ql + 32u + l_base);
        device const ushort *ql_c = (device const ushort *)(ql + 64u + l_base);
        device const ushort *ql_d = (device const ushort *)(ql + 96u + l_base);
        device const ushort *qh_0 = (device const ushort *)(qh + l_base);
        device const ushort *qh_1 = (device const ushort *)(qh + 32u + l_base);

        uint sub = (l_base < 16u) ? 0u : 1u;
        float scale_a = (float)(char)scales[sub + 4u * iq];
        float scale_b = (float)(char)scales[sub + 4u * iq + 2u];
        float scale_c = (float)(char)scales[8u + sub + 4u * iq];
        float scale_d = (float)(char)scales[8u + sub + 4u * iq + 2u];

        uint shift_lo = 4u * iq;
        uint shift_hi = shift_lo + 2u;
        uchar nibble_shift = (iq == 0u) ? 0u : 4u;

        float result = 0.0f;
        for (uint w = 0u; w < 4u; ++w) {
            ushort ql_a_word = ql_a[w];
            ushort ql_b_word = ql_b[w];
            ushort ql_c_word = ql_c[w];
            ushort ql_d_word = ql_d[w];
            ushort qh_0_word = qh_0[w];
            ushort qh_1_word = qh_1[w];
            for (uint bshift = 0u; bshift < 16u; bshift += 8u) {
                uint i = 2u * w + (bshift / 8u);
                uchar ql_a_byte = (uchar)((ql_a_word >> bshift) & 0xFFu);
                uchar ql_b_byte = (uchar)((ql_b_word >> bshift) & 0xFFu);
                uchar ql_c_byte = (uchar)((ql_c_word >> bshift) & 0xFFu);
                uchar ql_d_byte = (uchar)((ql_d_word >> bshift) & 0xFFu);
                uchar qh_0_byte = (uchar)((qh_0_word >> bshift) & 0xFFu);
                uchar qh_1_byte = (uchar)((qh_1_word >> bshift) & 0xFFu);

                float level_a = (float)(((ql_a_byte >> nibble_shift) & 0x0Fu) | (((qh_0_byte >> shift_lo) & 0x03u) << 4u)) - 32.0f;
                float level_b = (float)(((ql_b_byte >> nibble_shift) & 0x0Fu) | (((qh_0_byte >> shift_hi) & 0x03u) << 4u)) - 32.0f;
                float level_c = (float)(((ql_c_byte >> nibble_shift) & 0x0Fu) | (((qh_1_byte >> shift_lo) & 0x03u) << 4u)) - 32.0f;
                float level_d = (float)(((ql_d_byte >> nibble_shift) & 0x0Fu) | (((qh_1_byte >> shift_hi) & 0x03u) << 4u)) - 32.0f;

                result += (hdr.d * scale_a * level_a) * yl[i];
                result += (hdr.d * scale_b * level_b) * yl[i + 8u];
                result += (hdr.d * scale_c * level_c) * yh[i];
                result += (hdr.d * scale_d * level_d) * yh[i + 8u];
            }
        }
        return result;
    }


    struct ExpertPayloadDescriptor {
        uint expert_index;
        uint codec;
        uint byte_offset;
        uint byte_length;
        uint out_dim;
        uint in_dim;
        uint epoch;
        uint reserved;
    };
    static inline float mixed_expert_element(device const uchar *payload,
                                             device const ExpertPayloadDescriptor *descriptor,
                                             uint expert,
                                             uint element) {
        ExpertPayloadDescriptor selected = descriptor[expert];
        device const uchar *block = payload + selected.byte_offset;
        if (selected.codec == 1u) {
            return q2k_element(block + (element / 256u) * 84u, element % 256u);
        }
        if (selected.codec == 2u) {
            return q4k_element(block + (element / 256u) * 144u, element % 256u);
        }
        if (selected.codec == 3u) {
            return q6k_element(block + (element / 256u) * 210u, element % 256u);
        }
        if (selected.codec == 4u) {
            return q3k_element(block + (element / 256u) * 110u, element % 256u);
        }
        return 0.0f;
    }
    static inline float mixed_expert_element_from_offset(
            device const uchar *payload,
            device const ExpertPayloadDescriptor *descriptor,
            uint expert,
            long full_offset,
            long expert_stride,
            uint codec) {
        long local = full_offset - (long)expert * expert_stride;
        if (codec == 1u) {
            device const uchar *block = payload + descriptor[expert].byte_offset +
                (uint)(local / 256l) * 84u;
            return q2k_element(block, (uint)(local % 256l));
        }
        if (codec == 2u) {
            device const uchar *block = payload + descriptor[expert].byte_offset +
                (uint)(local / 256l) * 144u;
            return q4k_element(block, (uint)(local % 256l));
        }
        if (codec == 3u) {
            device const uchar *block = payload + descriptor[expert].byte_offset +
                (uint)(local / 256l) * 210u;
            return q6k_element(block, (uint)(local % 256l));
        }
        if (codec == 4u) {
            device const uchar *block = payload + descriptor[expert].byte_offset +
                (uint)(local / 256l) * 110u;
            return q3k_element(block, (uint)(local % 256l));
        }
        return 0.0f;
    }
    static inline float mixed_expert_element_from_local(
            device const uchar *base,
            uint codec,
            long local) {
        if (codec == 1u) {
            return q2k_element(base + (uint)(local / 256l) * 84u, (uint)(local % 256l));
        }
        if (codec == 2u) {
            return q4k_element(base + (uint)(local / 256l) * 144u, (uint)(local % 256l));
        }
        if (codec == 3u) {
            return q6k_element(base + (uint)(local / 256l) * 210u, (uint)(local % 256l));
        }
        if (codec == 4u) {
            return q3k_element(base + (uint)(local / 256l) * 110u, (uint)(local % 256l));
        }
        return 0.0f;
    }


    static inline float uniform_expert_element_from_offset_q2k(
            device const uchar *payload,
            device const ExpertPayloadDescriptor *descriptor,
            uint expert,
            long full_offset,
            long expert_stride) {
        long local = full_offset - (long)expert * expert_stride;
        device const uchar *block = payload + descriptor[expert].byte_offset +
            (uint)(local / 256l) * 84u;
        return q2k_element(block, (uint)(local % 256l));
    }
    static inline float uniform_expert_element_from_offset_q3k(
            device const uchar *payload,
            device const ExpertPayloadDescriptor *descriptor,
            uint expert,
            long full_offset,
            long expert_stride) {
        long local = full_offset - (long)expert * expert_stride;
        device const uchar *block = payload + descriptor[expert].byte_offset +
            (uint)(local / 256l) * 110u;
        return q3k_element(block, (uint)(local % 256l));
    }
    static inline float uniform_expert_element_from_offset_q4k(
            device const uchar *payload,
            device const ExpertPayloadDescriptor *descriptor,
            uint expert,
            long full_offset,
            long expert_stride) {
        long local = full_offset - (long)expert * expert_stride;
        device const uchar *block = payload + descriptor[expert].byte_offset +
            (uint)(local / 256l) * 144u;
        return q4k_element(block, (uint)(local % 256l));
    }
    static inline float uniform_expert_element_from_offset_q5k(
            device const uchar *payload,
            device const ExpertPayloadDescriptor *descriptor,
            uint expert,
            long full_offset,
            long expert_stride) {
        long local = full_offset - (long)expert * expert_stride;
        device const uchar *block = payload + descriptor[expert].byte_offset +
            (uint)(local / 256l) * 176u;
        return q5k_element(block, (uint)(local % 256l));
    }
    static inline float uniform_expert_element_from_offset_q6k(
            device const uchar *payload,
            device const ExpertPayloadDescriptor *descriptor,
            uint expert,
            long full_offset,
            long expert_stride) {
        long local = full_offset - (long)expert * expert_stride;
        device const uchar *block = payload + descriptor[expert].byte_offset +
            (uint)(local / 256l) * 210u;
        return q6k_element(block, (uint)(local % 256l));
    }


    // element `index` (0..32) of one Q8_0 block, byte-for-byte the value
    // proxima_gguf::quant::q8_0::dequantize_block writes at the same index.
    static inline float q8_0_element(device const uchar *block, uint index) {
        ushort d_bits = (ushort)((uint)block[0] | ((uint)block[1] << 8));
        float d = (float)as_type<half>(d_bits);
        char level = (char)block[2u + index];
        return (float)level * d;
    }


    static inline float q8_0_super_element(device const uchar *superblock, uint index) {
        return q8_0_element(superblock + (index / 32u) * 34u, index % 32u);
    }


    static inline float q8_0_pair_dot(device const uchar *superblock, uint slot, thread const float *acts) {
        device const uchar *block = superblock + (slot / 32u) * 34u;
        ushort d_bits = (ushort)((uint)block[0] | ((uint)block[1] << 8));
        float d = (float)as_type<half>(d_bits);
        device const uchar *levels = block + 2;
        float result = 0.0f;
        for (uint j = 0u; j < 32u; ++j) {
            result += d * (float)((char)levels[j]) * acts[j];
        }
        return result;
    }


    // element `index` (0..32) of one Q4_0 block, byte-for-byte the value
    // proxima_gguf::quant::q4_0::dequantize_block writes at the same index.
    static inline float q4_0_element(device const uchar *block, uint index) {
        ushort d_bits = (ushort)((uint)block[0] | ((uint)block[1] << 8));
        float d = (float)as_type<half>(d_bits);
        uchar byte = block[2u + (index % 16u)];
        int nibble = (index < 16u) ? (int)(byte & 0x0Fu) : (int)(byte >> 4u);
        return (float)(nibble - 8) * d;
    }


    static inline float q4_0_super_element(device const uchar *superblock, uint index) {
        return q4_0_element(superblock + (index / 32u) * 18u, index % 32u);
    }


    static inline float q4_0_pair_dot(device const uchar *superblock, uint slot, thread const float *acts) {
        device const uchar *block = superblock + (slot / 32u) * 18u;
        ushort d_bits = (ushort)((uint)block[0] | ((uint)block[1] << 8));
        float d = (float)as_type<half>(d_bits);
        device const uchar *qs = block + 2;
        float result = 0.0f;
        for (uint j = 0u; j < 16u; ++j) {
            uchar byte = qs[j];
            float low = (float)((int)(byte & 0x0Fu) - 8);
            float high = (float)((int)(byte >> 4u) - 8);
            result += d * low * acts[j];
            result += d * high * acts[j + 16u];
        }
        return result;
    }


    static inline float q4_0_block_scale(device const uchar *block) {
        ushort d_bits = (ushort)((uint)block[0] | ((uint)block[1] << 8));
        return (float)as_type<half>(d_bits);
    }

    static inline void q4_0_run8(device const uchar *block, uint index, thread float *out) {
        device const uchar *qs = block + 2;
        uint shift = (index < 16u) ? 0u : 4u;
        uint base = index % 16u;
        for (uint j = 0u; j < 8u; ++j) {
            uchar byte = qs[base + j];
            out[j] = (float)((byte >> shift) & 0x0Fu);
        }
    }


    // element `index` (0..32) of one Q5_1 block, byte-for-byte the value
    // proxima_gguf::quant::q5_1::dequantize_block writes at the same index.
    static inline float q5_1_element(device const uchar *block, uint index) {
        ushort d_bits = (ushort)((uint)block[0] | ((uint)block[1] << 8));
        ushort m_bits = (ushort)((uint)block[2] | ((uint)block[3] << 8));
        float delta = (float)as_type<half>(d_bits);
        float minimum = (float)as_type<half>(m_bits);
        uint qh = (uint)block[4] | ((uint)block[5] << 8) | ((uint)block[6] << 16) | ((uint)block[7] << 24);
        bool high_half = index >= 16u;
        uint local = high_half ? (index - 16u) : index;
        uchar byte = block[8u + local];
        uint level;
        if (high_half) {
            uint high_bit = (qh >> (local + 12u)) & 0x10u;
            level = (uint)(byte >> 4u) | high_bit;
        } else {
            uint high_bit = ((qh >> local) << 4u) & 0x10u;
            level = (uint)(byte & 0x0Fu) | high_bit;
        }
        return (float)level * delta + minimum;
    }


    // element `index` (0..32) of one Q5_0 block, byte-for-byte the value
    // proxima_gguf::quant::q5_0::dequantize_block writes at the same index.
    static inline float q5_0_element(device const uchar *block, uint index) {
        ushort d_bits = (ushort)((uint)block[0] | ((uint)block[1] << 8));
        float delta = (float)as_type<half>(d_bits);
        uint qh = (uint)block[2] | ((uint)block[3] << 8) | ((uint)block[4] << 16) | ((uint)block[5] << 24);
        bool high_half = index >= 16u;
        uint local = high_half ? (index - 16u) : index;
        uchar byte = block[6u + local];
        uint level;
        if (high_half) {
            uint high_bit = (qh >> (local + 12u)) & 0x10u;
            level = (uint)(byte >> 4u) | high_bit;
        } else {
            uint high_bit = ((qh >> local) << 4u) & 0x10u;
            level = (uint)(byte & 0x0Fu) | high_bit;
        }
        return ((float)level - 16.0f) * delta;
    }


    // element `index` (always 0 -- BFloat16 has no super-block) of one BFloat16
    // block: the top 16 bits of the f32 this pair of bytes came from,
    // reconstructed by shifting them back into place.
    static inline float bf16_element(device const uchar *block, uint index) {
        (void)index;
        uint bits = ((uint)block[0] | ((uint)block[1] << 8)) << 16u;
        return as_type<float>(bits);
    }

    struct Uniforms {
        long output_total;
        long reduction_total;
        long output_extents[2];
        long reduction_extents[1];
        long operand_base[2];
        long operand_strides[2][3];
        long out_base;
        long out_strides[3];
    };

    kernel void omega_reduce_r3_o2_n2_multiply_add_zero(
        device const uchar* in0 [[buffer(0)]],
        device const float* in1 [[buffer(1)]],
        device float* out [[buffer(2)]],
        constant Uniforms& u [[buffer(3)]],
        uint gid [[thread_position_in_grid]],
        uint tptg [[threads_per_threadgroup]])
    {
        uint tptg_width = tptg;
        long output_index = (long)gid / (long)tptg_width;
        uint tiitg = (uint)((long)gid % (long)tptg_width);
        uint sgitg = tiitg / 32u;
        uint lane = tiitg % 32u;
        uint split = tptg_width / 32u;
        long group_first = output_index * 4;
        float sumf[4];
        for (int q = 0; q < 4; ++q) { sumf[q] = 0.0f; }
        long weight_base[4];
        long other_base[4];
        long coord_q_cache[4][3];
        long weight_row_stride = u.operand_strides[0][1];
        long other_row_stride = u.operand_strides[1][1];
        for (int q = 0; q < 4; ++q) {
            long flat = group_first + q;
            for (int d = 0; d < 3; ++d) { coord_q_cache[q][d] = 0; }
            coord_q_cache[q][1] = flat;
            weight_base[q] = u.operand_base[0] + flat * weight_row_stride;
            other_base[q] = u.operand_base[1] + flat * other_row_stride;
        }
        long other_stride = u.operand_strides[1][2];
        uint ix = (uint)lane / 8u;
        uint it = (uint)lane % 8u;
        uint slot = it * 32u;
        float acts[32];
        int super_blocks = (int)u.reduction_total / 256;
        int ib_first = (int)(ix + sgitg * 4u);
        int ib_step = (int)(4u * split);
        long blk_step = (long)ib_step * 144;
        device const uchar *blk_ptr[4];
        for (int q = 0; q < 4; ++q) {
            blk_ptr[q] = in0 + ((long)((int)weight_base[q] / 256) + (long)ib_first) * 144;
        }
        long acts_step = (long)ib_step * 256;
        device const float *acts_row = in1 + other_base[0] + (long)ib_first * 256 + (long)slot;
        for (int ib = ib_first; ib < super_blocks; ib += ib_step) {
            for (int j = 0; j < 32; ++j) {
                acts[j] = acts_row[j];
            }
            for (int q = 0; q < 4; ++q) {
                device const uchar *blk = blk_ptr[q];
                sumf[q] = sumf[q] + q4_0_pair_dot(blk, slot, acts);
            }
            for (int q = 0; q < 4; ++q) { blk_ptr[q] += blk_step; }
            acts_row += acts_step;
        }
        threadgroup float partial_sums[4][8];
        for (int q = 0; q < 4; ++q) {
            float reduced = simd_sum(sumf[q]);
            if (lane == 0u) { partial_sums[q][sgitg] = reduced; }
        }
        threadgroup_barrier(mem_flags::mem_threadgroup);
        if (sgitg == 0u && lane == 0u) {
            for (int q = 0; q < 4; ++q) {
                float total = partial_sums[q][0];
                for (uint s = 1u; s < split; ++s) {
                    total = (total + partial_sums[q][s]);
                }
                long flat = group_first + q;
                if (flat < u.output_total) {
                    long out_offset = u.out_base;
                    out_offset += coord_q_cache[q][0] * u.out_strides[0];
                    out_offset += coord_q_cache[q][1] * u.out_strides[1];
                    out_offset += coord_q_cache[q][2] * u.out_strides[2];
                    out[out_offset] = total;
                }
            }
        }
    }

    note: run with `RUST_BACKTRACE=1` environment variable to display a backtrace

        PASS [   2.173s] (607/765) omega::packed_row_multi_row_unroll_ab q4k_tokens9_k1536_rows6144_tail_not_admitted
        PASS [   0.165s] (608/765) omega::packed_row_q4_0_multi_row_pair_lane_ab tokens4_k1536_rows1536_fused_epilogue_matches_the_oracle
        PASS [   0.628s] (609/765) omega::packed_row_q4_0_multi_row_hoist_ab tokens510_k1536_rows6144_bit_exact_across_hoist_long_bucket
        PASS [   0.167s] (610/765) omega::packed_row_q4_0_multi_row_pair_lane_ab tokens4_k1536_rows2048_match_the_oracle
        PASS [   0.164s] (611/765) omega::packed_row_q4_0_multi_row_pair_lane_ab tokens8_k1536_rows512_fused_epilogue_matches_the_oracle_with_thirty_two_pairs
        PASS [   0.161s] (612/765) omega::packed_row_q4_0_multi_row_pair_lane_ab tokens9_k1536_rows1024_match_the_oracle_across_a_partial_second_group
        PASS [   0.194s] (613/765) omega::packed_row_q4_0_multi_row_pair_lane_ab tokens8_k1536_rows2048_match_the_oracle
        PASS [   0.165s] (614/765) omega::packed_row_rows_per_simdgroup_ab k1536_rows1540_tail_not_divisible_by_eight_bit_exact
        PASS [   0.166s] (615/765) omega::packed_row_rows_per_simdgroup_ab k1536_rows256_bit_exact_across_row_group_widths
        PASS [   0.207s] (616/765) omega::packed_row_rows_per_simdgroup_ab k1536_rows2048_bit_exact_across_row_group_widths
        PASS [   0.185s] (617/765) omega::packed_row_rows_per_simdgroup_ab k1536_rows6144_bit_exact_across_row_group_widths
        PASS [   0.187s] (618/765) omega::packed_row_rows_per_simdgroup_ab k2048_rows1536_bit_exact_across_row_group_widths
        PASS [   0.129s] (619/765) omega::packed_row_single_token_epilogue q4_0_one_token_k256_rows3_fills_fewer_rows_than_one_group
        PASS [   0.172s] (620/765) omega::packed_row_single_token_epilogue q4_0_one_token_k1536_rows6_masks_the_lanes_past_the_last_row
        PASS [   0.182s] (621/765) omega::packed_row_single_token_epilogue q4_0_one_token_k1536_rows1536_every_lane_writes_its_own_row
        PASS [   0.084s] (622/765) omega::placed_buffer_over placed_buffer_over_mmap_range_round_trips
        PASS [   0.235s] (623/765) omega::packed_row_rows_per_simdgroup_ab k6144_rows1536_bit_exact_across_row_group_widths
        PASS [   0.124s] (624/765) omega::packed_row_single_token_epilogue q4_0_one_token_k256_rows5_leaves_a_partial_group_of_one_row
        PASS [   0.009s] (625/765) omega::q2k_unpack q2k_block_geometry_matches_the_gguf_codec
        PASS [   0.008s] (626/765) omega::q2k_unpack q2k_unpack_index_arithmetic_matches_the_gguf_codec_bit_exactly
        PASS [   0.008s] (627/765) omega::q3k_unpack q3k_block_geometry_matches_the_gguf_codec
        PASS [   0.008s] (628/765) omega::q3k_unpack q3k_scale_trails_the_block_not_leads_it
        PASS [   0.008s] (629/765) omega::q3k_unpack q3k_unpack_index_arithmetic_matches_the_gguf_codec_bit_exactly
        PASS [   0.078s] (630/765) omega::q2k_unpack q2k_unpack_msl_assembles_with_the_real_metal_toolchain
        PASS [   0.056s] (631/765) omega::q3k_unpack q3k_unpack_msl_assembles_with_the_real_metal_toolchain
        PASS [   0.216s] (632/765) omega::packed_row_single_token_epilogue q6_k_one_token_k1024_rows7_folds_one_row_per_simdgroup
        PASS [   0.127s] (633/765) omega::q2k_metal_parity q2k_metal_matmul_matches_dequantized_cpu
        PASS [   0.271s] (634/765) omega::plan_refit_parity refit_declines_and_leaves_the_plan_executable_when_the_new_position_count_moves
        PASS [   0.212s] (635/765) omega::q4_0_real_checkpoint_parity metal_multi_token600_on_real_attn_k_q4_0_bytes_matches_f32_cpu
        PASS [   0.277s] (636/765) omega::q4_0_real_checkpoint_parity metal_multi_token27_on_real_attn_k_q4_0_bytes_matches_f32_cpu
        PASS [   0.297s] (637/765) omega::q4_0_real_checkpoint_parity metal_matmul_on_real_attn_k_q4_0_bytes_matches_the_dequantized_f32_cpu_path
        PASS [   0.444s] (638/765) omega::plan_refit_parity single_range_refit_matches_a_fresh_plan_across_bucket_crossings
        PASS [   0.013s] (639/765) omega::q4_0_unpack q4_0_block_geometry_matches_the_gguf_codec
        PASS [   0.015s] (640/765) omega::q4_0_unpack q4_0_has_no_sub_block_structure
        PASS [   0.017s] (641/765) omega::q4_0_unpack q4_0_unpack_index_arithmetic_matches_the_gguf_codec_bit_exactly
        PASS [   0.047s] (642/765) omega::q4_0_unpack q4_0_unpack_msl_assembles_with_the_real_metal_toolchain
        PASS [   0.611s] (643/765) omega::plan_refit_parity multi_row_refit_matches_a_fresh_plan_across_bucket_crossings
        PASS [   0.590s] (644/765) omega::plan_refit_parity two_range_refit_matches_a_fresh_plan_across_bucket_crossings
        PASS [   0.464s] (645/765) omega::q4_0_tiled_gemm_batched_run8_parity attn_q_projection_batched_run8_matches_row_blocked_and_f32_oracle
        PASS [   0.157s] (646/765) omega::q4k_ggml_port_parity ggml_port_matches_dequantized_f32_cpu_on_real_attn_q_weight
        PASS [   0.201s] (647/765) omega::q4k_ggml_port_parity ggml_port_matches_dequantized_f32_cpu_on_a_ragged_row_count_and_short_k
        PASS [   0.112s] (648/765) omega::q4k_ggml_port_parity ggml_port_matches_dequantized_f32_cpu_on_real_ffn_up_weight
        PASS [   0.461s] (649/765) omega::q4_0_tiled_gemm_batched_run8_parity attn_q_projection_batched_run8_matches_row_blocked_and_f32_oracle_with_a_fused_epilogue
        PASS [   0.156s] (650/765) omega::q4k_ggml_port_strided_activation ggml_port_matches_the_reference_against_an_interleaved_non_unit_stride_activation
        PASS [   0.009s] (651/765) omega::q4k_unpack q4k_block_geometry_matches_the_gguf_codec
        PASS [   0.008s] (652/765) omega::q4k_unpack q4k_low_and_high_nibbles_of_one_byte_land_32_elements_apart
        PASS [   0.145s] (653/765) omega::q4k_ggml_port_strided_activation ggml_port_matches_the_reference_with_a_unit_stride_contiguous_activation
        PASS [   0.009s] (654/765) omega::q4k_unpack q4k_unpack_index_arithmetic_matches_the_gguf_codec_bit_exactly
        PASS [   0.045s] (655/765) omega::q4k_unpack q4k_unpack_msl_assembles_with_the_real_metal_toolchain
        PASS [   0.214s] (656/765) omega::q4k_matmul_layout metal_agrees_with_cpu_and_the_independent_reference_on_a_q4k_weight_declared_reduction_axis_first
        PASS [   0.103s] (657/765) omega::q5k_real_checkpoint_parity metal_matmul_on_real_ffn_down_q5k_bytes_matches_the_dequantized_f32_cpu_path
        PASS [   0.156s] (658/765) omega::q4k_real_checkpoint_parity metal_matmul_on_real_attn_q_q4k_bytes_matches_the_dequantized_f32_cpu_path
        PASS [   0.516s] (659/765) omega::q4_0_tiled_gemm_batched_run8_parity ffn_gate_projection_batched_run8_matches_row_blocked_and_f32_oracle
        PASS [   0.016s] (660/765) omega::q5k_unpack q5k_block_geometry_matches_the_gguf_codec
        PASS [   0.013s] (661/765) omega::q5k_unpack q5k_qh_bit_is_selected_by_mask_not_by_a_second_qh_index
        PASS [   0.481s] (662/765) omega::q4_0_tiled_gemm_batched_run8_parity ffn_gate_projection_batched_run8_matches_row_blocked_and_f32_oracle_with_a_fused_epilogue
        PASS [   0.012s] (663/765) omega::q5k_unpack q5k_unpack_index_arithmetic_matches_the_gguf_codec_bit_exactly
        PASS [   0.222s] (664/765) omega::q4k_real_checkpoint_parity metal_matmul_on_real_attn_q_q4k_bytes_at_the_split_k_starved_row_count_matches_the_dequantized_f32_cpu_path
        PASS [   0.011s] (665/765) omega::q6k_unpack q6k_block_geometry_matches_the_gguf_codec
        PASS [   0.011s] (666/765) omega::q6k_unpack q6k_scale_trails_the_block_not_leads_it
        PASS [   0.009s] (667/765) omega::q6k_unpack q6k_unpack_index_arithmetic_matches_the_gguf_codec_bit_exactly
        PASS [   0.050s] (668/765) omega::q5k_unpack q5k_unpack_msl_assembles_with_the_real_metal_toolchain
        PASS [   0.045s] (669/765) omega::q6k_unpack q6k_unpack_msl_assembles_with_the_real_metal_toolchain
        PASS [   0.009s] (670/765) omega::q8_0_unpack q8_0_block_geometry_matches_the_gguf_codec
        PASS [   0.008s] (671/765) omega::q8_0_unpack q8_0_has_no_sub_block_structure
        PASS [   0.185s] (672/765) omega::q5k_real_checkpoint_parity q5k_pair_dot_matmul_on_real_ffn_down_q5k_bytes_matches_the_dequantized_f32_cpu_path
        PASS [   0.008s] (673/765) omega::q8_0_unpack q8_0_unpack_index_arithmetic_matches_the_gguf_codec_bit_exactly
        PASS [   0.047s] (674/765) omega::q8_0_unpack q8_0_unpack_msl_assembles_with_the_real_metal_toolchain
        PASS [   0.146s] (675/765) omega::q8_0_real_checkpoint_parity metal_matmul_on_real_attn_k_q8_0_bytes_matches_the_dequantized_f32_cpu_path
        PASS [   0.194s] (676/765) omega::q6k_real_checkpoint_parity metal_matmul_on_real_output_weight_q6k_bytes_matches_the_dequantized_f32_cpu_path
        PASS [   0.436s] (677/765) omega::q4k_real_checkpoint_parity metal_matmul_on_real_attn_q_q4k_bytes_at_the_split_k_boundary_row_count_matches_the_dequantized_f32_cpu_path
        PASS [   0.210s] (678/765) omega::q6k_matmul_strided_activation metal_agrees_with_the_independent_reference_on_a_q6k_weight_against_an_interleaved_non_unit_stride_activation
        PASS [   0.230s] (679/765) omega::q6k_ggml_port_strided_activation ggml_port_matches_the_reference_with_a_unit_stride_contiguous_activation
        PASS [   0.243s] (680/765) omega::q6k_ggml_port_strided_activation ggml_port_matches_the_reference_against_an_interleaved_non_unit_stride_activation
        PASS [   0.249s] (681/765) omega::reduce_epilogue_fusion_parity the_fused_epilogue_holds_parity_at_every_kv_capacity_bucket_padding
        PASS [   0.204s] (682/765) omega::reduce_epilogue_fusion_parity the_rmsnorm_broadcast_epilogue_holds_parity_on_a_real_hidden_width
        PASS [   0.244s] (683/765) omega::reduce_epilogue_fusion_parity the_fused_epilogue_is_byte_identical_across_twenty_dispatches
        PASS [   0.272s] (684/765) omega::tiled_gemm_codec_parity dense_1024_by_512_projection_shape_matches_for_q8_0
        PASS [   0.407s] (685/765) omega::rmsnorm_epilogue_bit_identity hidden_and_single_head_norms_keep_every_bit_under_the_bit_exact_policy
        PASS [   0.215s] (686/765) omega::tiled_gemm_codec_parity dense_tiled_gemm_matches_the_cpu_dequant_oracle_with_partial_row_and_token_tiles::q3k
        PASS [   0.265s] (687/765) omega::tiled_gemm_codec_parity dense_per_layer_projection_shape_matches_for_float16
        PASS [   0.241s] (688/765) omega::tiled_gemm_codec_parity dense_tiled_gemm_matches_the_cpu_dequant_oracle_with_partial_row_and_token_tiles::float16
        PASS [   0.195s] (689/765) omega::tiled_gemm_codec_parity dense_tiled_gemm_matches_the_cpu_dequant_oracle_with_partial_row_and_token_tiles::q4_0
        PASS [   0.512s] (690/765) omega::tiled_gemm_codec_parity control_dense_oracle_built_from_other_weights_disagrees_by_a_gross_factor
        PASS [   0.201s] (691/765) omega::tiled_gemm_codec_parity dense_tiled_gemm_matches_the_cpu_dequant_oracle_with_partial_row_and_token_tiles::q5_1
        PASS [   0.210s] (692/765) omega::tiled_gemm_codec_parity dense_tiled_gemm_matches_the_cpu_dequant_oracle_with_partial_row_and_token_tiles::q5_0
        PASS [   0.193s] (693/765) omega::tiled_gemm_codec_parity dense_tiled_gemm_matches_the_cpu_dequant_oracle_with_partial_row_and_token_tiles::q5k
        PASS [   0.216s] (694/765) omega::tiled_gemm_codec_parity dense_tiled_gemm_matches_the_cpu_dequant_oracle_with_partial_row_and_token_tiles::q4k
        PASS [   0.154s] (695/765) omega::tiled_gemm_codec_parity dense_tiled_gemm_matches_the_cpu_dequant_oracle_with_partial_row_and_token_tiles::q8_0
        PASS [   0.179s] (696/765) omega::tiled_gemm_codec_parity dense_tiled_gemm_matches_the_cpu_dequant_oracle_with_partial_row_and_token_tiles::q6k
        PASS [   0.700s] (697/765) omega::rmsnorm_epilogue_bit_identity every_gemma4_norm_shape_stays_within_ten_ulp_of_the_unfused_pair
        PASS [   0.722s] (698/765) omega::tiled_gemm_codec_parity control_grouped_oracle_built_from_other_experts_disagrees_by_a_gross_factor
        PASS [   4.373s] (699/765) omega::packed_row_multi_row_unroll_ab q4k_tokens27_k1536_rows12288_not_admitted
        PASS [   4.374s] (700/765) omega::packed_row_multi_row_unroll_ab q4k_tokens600_k1536_rows12288_not_admitted
        PASS [   0.252s] (701/765) omega::tiled_gemm_codec_parity expert_grouped_gemm_matches_the_cpu_dequant_oracle_for_a_heavy_expert_and_empty_experts::q4_0
        PASS [   0.254s] (702/765) omega::tiled_gemm_codec_parity expert_grouped_gemm_matches_the_cpu_dequant_oracle_for_a_heavy_expert_and_empty_experts::float16
        PASS [   0.201s] (703/765) omega::tiled_gemm_codec_parity expert_grouped_gemm_matches_the_cpu_dequant_oracle_for_a_heavy_expert_and_empty_experts::q5_0
        PASS [   0.256s] (704/765) omega::tiled_gemm_codec_parity expert_grouped_gemm_matches_the_cpu_dequant_oracle_for_a_heavy_expert_and_empty_experts::q3k
        PASS [   0.203s] (705/765) omega::tiled_gemm_codec_parity expert_grouped_gemm_matches_the_cpu_dequant_oracle_for_a_heavy_expert_and_empty_experts::q5_1
        PASS [   0.303s] (706/765) omega::tiled_gemm_codec_parity expert_grouped_gemm_matches_the_cpu_dequant_oracle_for_a_heavy_expert_and_empty_experts::q4k
        PASS [   0.250s] (707/765) omega::tiled_gemm_codec_parity expert_grouped_gemm_matches_the_cpu_dequant_oracle_for_a_heavy_expert_and_empty_experts::q5k
        PASS [   0.206s] (708/765) omega::tiled_gemm_codec_parity expert_grouped_gemm_matches_the_cpu_dequant_oracle_for_a_heavy_expert_and_empty_experts::q6k
        PASS [   0.175s] (709/765) omega::tiled_gemm_codec_parity expert_grouped_gemm_runs_flat_codecs_at_an_extent_the_row_blocked_kernel_refuses::q8_0
        PASS [   0.176s] (710/765) omega::tiled_gemm_codec_parity expert_grouped_gemm_runs_flat_codecs_at_an_extent_the_row_blocked_kernel_refuses::q5_1
        PASS [   0.097s] (711/765) omega::tiled_gemm_codec_parity flat_codecs_run_the_tiled_gemm_at_an_extent_the_row_blocked_kernel_refuses::q8_0
        PASS [   0.010s] (712/765) omega::tiled_gemm_codec_parity the_q5_1_encoder_round_trips_through_the_cpu_dequantizer_within_one_step
        PASS [   0.010s] (713/765) omega::tiled_gemm_codec_parity the_q5_0_encoder_round_trips_through_the_cpu_dequantizer_within_one_step
        PASS [   0.237s] (714/765) omega::tiled_gemm_codec_parity flat_codecs_run_the_tiled_gemm_at_an_extent_the_row_blocked_kernel_refuses::q4_0
        PASS [   0.184s] (715/765) omega::tiled_gemm_codec_parity flat_codecs_run_the_tiled_gemm_at_an_extent_the_row_blocked_kernel_refuses::q5_1
        PASS [   0.206s] (716/765) omega::tiled_gemm_codec_parity flat_codecs_run_the_tiled_gemm_at_an_extent_the_row_blocked_kernel_refuses::q5_0
        PASS [   0.259s] (717/765) omega::tiled_gemm_codec_parity flat_codecs_run_the_tiled_gemm_at_an_extent_the_row_blocked_kernel_refuses::float16
        PASS [   0.274s] (718/765) omega::tiled_gemm_codec_parity expert_grouped_gemm_runs_flat_codecs_at_an_extent_the_row_blocked_kernel_refuses::q5_0
        PASS [   0.318s] (719/765) omega::tiled_gemm_codec_parity expert_grouped_gemm_runs_flat_codecs_at_an_extent_the_row_blocked_kernel_refuses::float16
        PASS [   0.322s] (720/765) omega::tiled_gemm_codec_parity expert_grouped_gemm_matches_the_cpu_dequant_oracle_for_a_heavy_expert_and_empty_experts::q8_0
        PASS [   0.238s] (721/765) omega::tiled_gemm_grid2d_parity dense_score_grid2d_matches_flattened_gid_with_a_partial_edge_tile
        PASS [   0.342s] (722/765) omega::tiled_gemm_direct_store_parity direct_store_matches_restage_path_with_a_partial_edge_tile
        PASS [   0.298s] (723/765) omega::tiled_gemm_grid2d_parity dense_pv_grid2d_matches_flattened_gid_at_the_real_weather_attended_shape
        PASS [   0.294s] (724/765) omega::tiled_gemm_grid2d_parity dense_pv_grid2d_matches_flattened_gid_combined_with_direct_store
        PASS [   0.293s] (725/765) omega::tiled_gemm_grid2d_parity dense_score_grid2d_matches_flattened_gid_combined_with_direct_store
        PASS [   0.379s] (726/765) omega::tiled_gemm_direct_store_parity direct_store_matches_restage_path_at_a_fully_interior_shape
        PASS [   0.306s] (727/765) omega::tiled_gemm_grid2d_parity dense_score_grid2d_matches_flattened_gid_at_the_real_weather_prefill_shape
        PASS [   0.384s] (728/765) omega::tiled_gemm_direct_store_parity direct_store_matches_restage_path_at_the_minimum_admitted_token_count
        PASS [   0.289s] (729/765) omega::tiled_gemm_grid2d_parity q4_0_grid2d_matches_flattened_gid_at_a_fully_interior_shape
        PASS [   0.298s] (730/765) omega::tiled_gemm_grid2d_parity q4_0_grid2d_matches_flattened_gid_combined_with_direct_store
        PASS [   0.223s] (731/765) omega::tiled_gemm_grid2d_parity q4_0_grid2d_matches_flattened_gid_with_a_partial_edge_tile
        PASS [   0.322s] (732/765) omega::tiled_gemm_grid2d_parity q4_0_grid2d_matches_flattened_gid_combined_with_wws_and_direct_store
        PASS [   0.281s] (733/765) omega::tiled_gemm_mm_layout_parity q4_0_dynamic_threadgroup_memory_matches_the_declared_array_with_partial_tiles
        PASS [   0.270s] (734/765) omega::tiled_gemm_mm_layout_parity q4_0_mm_layout_matches_row_major_at_the_gemma4_prefill_width
        PASS [   0.317s] (735/765) omega::tiled_gemm_grid2d_parity q4k_grid2d_matches_flattened_gid_combined_with_wws_and_direct_store
        PASS [   0.327s] (736/765) omega::tiled_gemm_grid2d_parity q4k_grid2d_matches_flattened_gid_at_a_fully_interior_shape
        PASS [   0.324s] (737/765) omega::tiled_gemm_grid2d_parity q4k_grid2d_matches_flattened_gid_with_a_partial_edge_tile
        PASS [   0.376s] (738/765) omega::tiled_gemm_grid2d_parity q4_0_grid2d_matches_flattened_gid_combined_with_wide_weight_stage
        PASS [   0.318s] (739/765) omega::tiled_gemm_mm_layout_parity q4_0_dynamic_threadgroup_memory_matches_the_declared_array_on_the_row_major_layout
        PASS [   0.334s] (740/765) omega::tiled_gemm_mm_layout_parity q4_0_dynamic_threadgroup_memory_matches_the_declared_array_at_the_gemma4_prefill_width
        PASS [   0.283s] (741/765) omega::tiled_gemm_mm_layout_parity q4_0_mm_layout_matches_row_major_at_the_gemma4_prefill_width_with_the_direct_store_default
        PASS [   0.299s] (742/765) omega::tiled_gemm_mm_layout_parity q4_0_mm_layout_matches_row_major_with_a_partial_feature_tile
        PASS [   0.275s] (743/765) omega::tiled_gemm_staging_switches_parity attn_q_all_staging_switches_match_the_f32_oracle_at_a_boundary_token_count
        PASS [   0.345s] (744/765) omega::tiled_gemm_mm_layout_parity q4_0_mm_layout_matches_row_major_with_a_full_tile_grid
        PASS [   0.310s] (745/765) omega::tiled_gemm_mm_layout_parity q4k_mm_layout_matches_row_major_with_a_full_tile_grid
        PASS [   0.349s] (746/765) omega::tiled_gemm_mm_layout_parity q4_0_mm_layout_matches_row_major_combined_with_direct_store
        PASS [   0.347s] (747/765) omega::tiled_gemm_mm_layout_parity q4_0_mm_layout_matches_row_major_on_the_generic_activation_read
        PASS [   0.317s] (748/765) omega::tiled_gemm_mm_layout_parity q4k_mm_layout_matches_row_major_with_partial_tiles
        PASS [   0.335s] (749/765) omega::tiled_gemm_mm_layout_parity q4_0_mm_layout_matches_row_major_with_a_partial_token_tile
        PASS [   0.336s] (750/765) omega::tiled_gemm_mm_layout_parity q4k_dynamic_threadgroup_memory_matches_the_declared_array_with_partial_tiles
        PASS [   0.184s] (751/765) omega::tiled_gemm_staging_switches_parity attn_q_all_staging_switches_match_the_f32_oracle_at_min_tokens
        PASS [   0.240s] (752/765) omega::tiled_gemm_staging_switches_parity ffn_gate_all_staging_switches_match_the_f32_oracle_at_a_boundary_token_count
        PASS [   0.243s] (753/765) omega::tiled_gemm_staging_switches_parity attn_q_all_staging_switches_match_the_f32_oracle_at_prefill_token_count
        PASS [   0.218s] (754/765) omega::wide_cooperative_reduce_key_collision cooperative_reduce_extents_never_share_a_pipeline_cache_entry
        PASS [   0.283s] (755/765) omega::tiled_gemm_wide_weight_stage_parity q4_0_wide_weight_stage_matches_default_path_at_a_fully_interior_shape
        PASS [   0.285s] (756/765) omega::tiled_gemm_wide_weight_stage_parity q4_0_wide_weight_stage_matches_default_path_with_a_partial_edge_tile
        PASS [   0.293s] (757/765) omega::tiled_gemm_wide_weight_stage_parity q4_0_wide_weight_stage_matches_default_path_combined_with_direct_store
        PASS [   0.299s] (758/765) omega::tiled_gemm_wide_weight_stage_parity q4k_wide_weight_stage_matches_default_path_at_a_fully_interior_shape
        PASS [   0.294s] (759/765) omega::tiled_gemm_wide_weight_stage_parity q4k_wide_weight_stage_matches_default_path_with_a_partial_edge_tile
        PASS [   0.144s] (760/765) omega::wide_cooperative_reduce_ragged wide_cooperative_reduce_add_holds_parity_on_ragged_extents
        PASS [   0.144s] (761/765) omega::wide_cooperative_reduce_ragged wide_cooperative_reduce_maximum_holds_parity_on_ragged_extents
        PASS [   0.115s] (762/765) omega::wide_cooperative_reduce_ragged wide_cooperative_reduce_minimum_holds_parity_on_ragged_extents
        PASS [   0.108s] (763/765) omega::wide_cooperative_reduce_ragged wide_cooperative_reduce_multiply_holds_parity_on_ragged_extents
        PASS [   0.615s] (764/765) omega::training_step_parity a_training_step_runs_on_metal_at_cpu_parity
        PASS [   0.638s] (765/765) omega::training_step_parity ten_training_steps_rebind_state_and_the_loss_drops_on_metal
────────────
     Summary [  54.226s] 765 tests run: 758 passed, 7 failed, 16 skipped
        FAIL [   0.010s] (206/765) omega msl::tests::epilogue_operand_reuse::a_fused_epilogue_finishes_each_row_of_the_simdgroup_on_its_own_lane
        FAIL [   0.011s] (207/765) omega msl::tests::epilogue_operand_reuse::a_plain_matvec_finishes_each_row_of_the_simdgroup_on_its_own_lane
        FAIL [   0.009s] (283/765) omega msl::tests::multi_row_kernel_folds_only_the_activation_rows_the_op_has
        FAIL [   0.011s] (290/765) omega msl::tests::push_packed_row_blocked_body_emits_a_q4_0_row_blocked_kernel
        FAIL [   0.010s] (299/765) omega msl::tests::q4_0_codec_takes_the_row_blocked_path_at_a_256_extent
        FAIL [   0.518s] (594/765) omega::packed_row_q4_0_multi_row_hoist_ab tokens27_k1536_rows12288_bit_exact_across_hoist
        FAIL [   0.026s] (606/765) omega::packed_row_rows_per_simdgroup_ab default_env_emits_node_94_shape_for_diffing_against_the_capture
error: test run failed
