index,step,chunk_index,node,class,kind,entry,grid_threads,operand_codecs,extents
0,23,1,4,elementwise fused_identity_o0__multiply_s0_o1_g10,elementwise,omega_elementwise_r2_n2_fused_identity_o0__multiply_s0_o1_g10,1536,Q6K|unpacked,[1, 1536]
1,23,1,17,matvec Float16,keep::reduce fold,omega_reduce_r3_o2_n2_multiply_add_zero_epi1_fused_identity_o1__multiply_s0_o0,2293760,unpacked|Float16,[1, 1536, 8960]
2,23,1,12,elementwise fused_identity_o0__multiply_s0_o1_g10,elementwise,omega_elementwise_r2_n2_fused_identity_o0__multiply_s0_o1_g10,8960,Q6K|unpacked,[1, 8960]
3,23,1,20,identity copy,elementwise,omega_elementwise_r3_n1_identity,8960,unpacked,[1, 35, 256]
4,23,1,32,RMSNorm sumsq + fused epilogue,keep::reduce fold,omega_reduce_r3_o2_n2_multiply_add_zero_epi6_fused_identity_o6__identity_o0__multiply_s0_o4__add_s2_o3__square_root_s3__reciprocal_s4__multiply_s5_o2__multiply_s6_o1__add_s1_s7__multiply_s8_o5,2240,unpacked|unpacked,[1, 35, 256]
5,23,1,94,RMSNorm sumsq + fused epilogue,keep::reduce fold,omega_reduce_r2_o1_n2_multiply_add_zero_epi4_fused_identity_o4__multiply_s0_o3__add_s1_o2__square_root_s2__reciprocal_s3__multiply_s4_o1__multiply_s5_o0,256,unpacked|unpacked,[1, 1536]
6,23,1,96,matvec Q4_0,keep::reduce fold,omega_reduce_r4_o3_n2_multiply_add_zero,16384,Q4_0|unpacked,[1, 8, 256, 1536]
7,23,1,106,matvec Q4_0,keep::reduce fold,omega_reduce_r4_o3_n2_multiply_add_zero,2048,Q4_0|unpacked,[1, 1, 256, 1536]
8,23,1,114,RMSNorm sumsq + fused epilogue,keep::reduce fold,omega_reduce_r3_o2_n2_multiply_add_zero_epi4_fused_identity_o4__multiply_s0_o3__add_s1_o2__square_root_s2__reciprocal_s3__multiply_s4_o1__multiply_s5_o0,64,unpacked|unpacked,[1, 1, 256]
9,23,1,120,UNCLASSIFIED omega_elementwise_twin_r3_n4_fused_multiply_o0_o1__multiply_o2_o3__add_s0_s1_fused_multiply_o0_o3__multiply_o2_o1__subtract_s0_s1,elementwise_twin,omega_elementwise_twin_r3_n4_fused_multiply_o0_o1__multiply_o2_o3__add_s0_s1_fused_multiply_o0_o3__multiply_o2_o1__subtract_s0_s1,128,unpacked|unpacked|unpacked|unpacked,[1, 1, 128]
10,23,1,122,matvec Q4_0,keep::reduce fold,omega_reduce_r4_o3_n2_multiply_add_zero,2048,Q4_0|unpacked,[1, 1, 256, 1536]
11,23,1,129,RMSNorm sumsq + fused epilogue,keep::reduce fold,omega_reduce_r3_o2_n2_multiply_add_zero_epi3_fused_identity_o3__multiply_s0_o2__add_s1_o1__square_root_s2__reciprocal_s3__multiply_s4_o0,64,unpacked|unpacked,[1, 1, 256]
12,23,1,104,RMSNorm sumsq + fused epilogue,keep::reduce fold,omega_reduce_r3_o2_n2_multiply_add_zero_epi4_fused_identity_o4__multiply_s0_o3__add_s1_o2__square_root_s2__reciprocal_s3__multiply_s4_o1__multiply_s5_o0,512,unpacked|unpacked,[1, 8, 256]
13,23,1,132,UNCLASSIFIED omega_elementwise_twin_r3_n4_fused_multiply_o0_o1__multiply_o2_o3__subtract_s0_s1_fused_multiply_o0_o3__multiply_o2_o1__add_s0_s1,elementwise_twin,omega_elementwise_twin_r3_n4_fused_multiply_o0_o1__multiply_o2_o3__subtract_s0_s1_fused_multiply_o0_o3__multiply_o2_o1__add_s0_s1,1024,unpacked|unpacked|unpacked|unpacked,[1, 8, 128]
14,23,1,168,cached attention partial,cached_attention,omega_cached_attention_q1_h1_g8_d256_s3f800000_ln511_up0_x4_e1_k1_ds,17408,unpacked|unpacked|unpacked|unpacked|unpacked|unpacked|unpacked|unpacked|unpacked,[1, 1, 8, 256]
15,23,1,168,cached attention merge,cached_attention,omega_cached_attention_q1_h1_g8_d256_s3f800000_ln511_up0_x4_e1_k1_ds_merge,8192,unpacked|unpacked|unpacked|unpacked|unpacked|unpacked|unpacked|unpacked|unpacked,[1, 1, 8, 256]
16,23,2,170,matvec Q4_0,keep::reduce fold,omega_reduce_r5_o2_n2_multiply_add_zero,12288,Q4_0|unpacked,[1, 1, 8, 256, 1536]
17,23,2,179,RMSNorm sumsq + fused epilogue,keep::reduce fold,omega_reduce_r2_o1_n2_multiply_add_zero_epi5_fused_identity_o5__multiply_s0_o4__add_s1_o3__square_root_s2__reciprocal_s3__multiply_s4_o2__multiply_s5_o1__add_s6_o0,256,unpacked|unpacked,[1, 1536]
18,23,2,187,RMSNorm sumsq + fused epilogue,keep::reduce fold,omega_reduce_r2_o1_n2_multiply_add_zero_epi4_fused_identity_o4__multiply_s0_o3__add_s1_o2__square_root_s2__reciprocal_s3__multiply_s4_o1__multiply_s5_o0,256,unpacked|unpacked,[1, 1536]
19,23,2,192,matvec Q4_0,keep::reduce fold,omega_reduce_r3_o2_n2_multiply_add_zero,49152,unpacked|Q4_0,[1, 1536, 6144]
20,23,2,207,matvec Q4_0,keep::reduce fold,omega_reduce_r3_o2_n2_multiply_add_zero_epi9_fused_identity_o9__multiply_o5_o6__multiply_s1_o4__multiply_s2_o3__add_s3_o2__multiply_s4_o1__tanh_s5__add_s6_o0__multiply_o7_o8__multiply_s7_s8__multiply_s0_s9,49152,unpacked|Q4_0,[1, 1536, 6144]
21,23,2,209,matvec Q4_0,keep::reduce fold,omega_reduce_r3_o2_n2_multiply_add_zero,12288,Q4_0|unpacked,[1, 6144, 1536]
22,23,2,219,RMSNorm sumsq + fused epilogue,keep::reduce fold,omega_reduce_r2_o1_n2_multiply_add_zero_epi5_fused_identity_o5__multiply_s0_o4__add_s1_o3__square_root_s2__reciprocal_s3__multiply_s4_o2__multiply_s5_o1__add_s6_o0,256,unpacked|unpacked,[1, 1536]
23,23,2,235,matvec Q4_0,keep::reduce fold,omega_reduce_r3_o2_n2_multiply_add_zero_epi5_fused_identity_o5__identity_o0__multiply_s0_s0__multiply_s0_s2__multiply_s3_o3__add_s0_s4__multiply_s5_o2__tanh_s6__add_s7_o1__multiply_s0_o4__multiply_s8_s9__multiply_s1_s10,2048,unpacked|Q4_0,[1, 1536, 256]
24,23,2,238,matvec Q4_0,keep::reduce fold,omega_reduce_r3_o2_n2_multiply_add_zero,12288,unpacked|Q4_0,[1, 256, 1536]
25,23,2,250,RMSNorm sumsq + fused epilogue,keep::reduce fold,omega_reduce_r2_o1_n2_multiply_add_zero_epi6_fused_identity_o6__multiply_s0_o4__add_s1_o3__square_root_s2__reciprocal_s3__multiply_s4_o2__multiply_s5_o1__add_s6_o0__multiply_s7_o5,256,unpacked|unpacked,[1, 1536]
26,23,2,271,RMSNorm sumsq + fused epilogue,keep::reduce fold,omega_reduce_r2_o1_n2_multiply_add_zero_epi4_fused_identity_o4__multiply_s0_o3__add_s1_o2__square_root_s2__reciprocal_s3__multiply_s4_o1__multiply_s5_o0,256,unpacked|unpacked,[1, 1536]
27,23,2,273,matvec Q4_0,keep::reduce fold,omega_reduce_r4_o3_n2_multiply_add_zero,16384,Q4_0|unpacked,[1, 8, 256, 1536]
28,23,2,283,matvec Q4_0,keep::reduce fold,omega_reduce_r4_o3_n2_multiply_add_zero,2048,Q4_0|unpacked,[1, 1, 256, 1536]
29,23,2,291,RMSNorm sumsq + fused epilogue,keep::reduce fold,omega_reduce_r3_o2_n2_multiply_add_zero_epi4_fused_identity_o4__multiply_s0_o3__add_s1_o2__square_root_s2__reciprocal_s3__multiply_s4_o1__multiply_s5_o0,64,unpacked|unpacked,[1, 1, 256]
30,23,2,297,UNCLASSIFIED omega_elementwise_twin_r3_n4_fused_multiply_o0_o1__multiply_o2_o3__add_s0_s1_fused_multiply_o0_o3__multiply_o2_o1__subtract_s0_s1,elementwise_twin,omega_elementwise_twin_r3_n4_fused_multiply_o0_o1__multiply_o2_o3__add_s0_s1_fused_multiply_o0_o3__multiply_o2_o1__subtract_s0_s1,128,unpacked|unpacked|unpacked|unpacked,[1, 1, 128]
31,23,2,299,matvec Q4_0,keep::reduce fold,omega_reduce_r4_o3_n2_multiply_add_zero,2048,Q4_0|unpacked,[1, 1, 256, 1536]
32,23,2,306,RMSNorm sumsq + fused epilogue,keep::reduce fold,omega_reduce_r3_o2_n2_multiply_add_zero_epi3_fused_identity_o3__multiply_s0_o2__add_s1_o1__square_root_s2__reciprocal_s3__multiply_s4_o0,64,unpacked|unpacked,[1, 1, 256]
33,23,2,281,RMSNorm sumsq + fused epilogue,keep::reduce fold,omega_reduce_r3_o2_n2_multiply_add_zero_epi4_fused_identity_o4__multiply_s0_o3__add_s1_o2__square_root_s2__reciprocal_s3__multiply_s4_o1__multiply_s5_o0,512,unpacked|unpacked,[1, 8, 256]
34,23,2,309,UNCLASSIFIED omega_elementwise_twin_r3_n4_fused_multiply_o0_o1__multiply_o2_o3__subtract_s0_s1_fused_multiply_o0_o3__multiply_o2_o1__add_s0_s1,elementwise_twin,omega_elementwise_twin_r3_n4_fused_multiply_o0_o1__multiply_o2_o3__subtract_s0_s1_fused_multiply_o0_o3__multiply_o2_o1__add_s0_s1,1024,unpacked|unpacked|unpacked|unpacked,[1, 8, 128]
35,23,2,345,cached attention partial,cached_attention,omega_cached_attention_q1_h1_g8_d256_s3f800000_ln511_up0_x4_e1_k1_ds,17408,unpacked|unpacked|unpacked|unpacked|unpacked|unpacked|unpacked|unpacked|unpacked,[1, 1, 8, 256]
36,23,2,345,cached attention merge,cached_attention,omega_cached_attention_q1_h1_g8_d256_s3f800000_ln511_up0_x4_e1_k1_ds_merge,8192,unpacked|unpacked|unpacked|unpacked|unpacked|unpacked|unpacked|unpacked|unpacked,[1, 1, 8, 256]
37,23,2,347,matvec Q4_0,keep::reduce fold,omega_reduce_r5_o2_n2_multiply_add_zero,12288,Q4_0|unpacked,[1, 1, 8, 256, 1536]
38,23,2,356,RMSNorm sumsq + fused epilogue,keep::reduce fold,omega_reduce_r2_o1_n2_multiply_add_zero_epi5_fused_identity_o5__multiply_s0_o4__add_s1_o3__square_root_s2__reciprocal_s3__multiply_s4_o2__multiply_s5_o1__add_s6_o0,256,unpacked|unpacked,[1, 1536]
39,23,2,364,RMSNorm sumsq + fused epilogue,keep::reduce fold,omega_reduce_r2_o1_n2_multiply_add_zero_epi4_fused_identity_o4__multiply_s0_o3__add_s1_o2__square_root_s2__reciprocal_s3__multiply_s4_o1__multiply_s5_o0,256,unpacked|unpacked,[1, 1536]
40,23,2,369,matvec Q4_0,keep::reduce fold,omega_reduce_r3_o2_n2_multiply_add_zero,49152,unpacked|Q4_0,[1, 1536, 6144]
41,23,2,384,matvec Q4_0,keep::reduce fold,omega_reduce_r3_o2_n2_multiply_add_zero_epi9_fused_identity_o9__multiply_o5_o6__multiply_s1_o4__multiply_s2_o3__add_s3_o2__multiply_s4_o1__tanh_s5__add_s6_o0__multiply_o7_o8__multiply_s7_s8__multiply_s0_s9,49152,unpacked|Q4_0,[1, 1536, 6144]
42,23,2,386,matvec Q4_0,keep::reduce fold,omega_reduce_r3_o2_n2_multiply_add_zero,12288,Q4_0|unpacked,[1, 6144, 1536]
43,23,2,396,RMSNorm sumsq + fused epilogue,keep::reduce fold,omega_reduce_r2_o1_n2_multiply_add_zero_epi5_fused_identity_o5__multiply_s0_o4__add_s1_o3__square_root_s2__reciprocal_s3__multiply_s4_o2__multiply_s5_o1__add_s6_o0,256,unpacked|unpacked,[1, 1536]
44,23,2,412,matvec Q4_0,keep::reduce fold,omega_reduce_r3_o2_n2_multiply_add_zero_epi5_fused_identity_o5__identity_o0__multiply_s0_s0__multiply_s0_s2__multiply_s3_o3__add_s0_s4__multiply_s5_o2__tanh_s6__add_s7_o1__multiply_s0_o4__multiply_s8_s9__multiply_s1_s10,2048,unpacked|Q4_0,[1, 1536, 256]
45,23,2,415,matvec Q4_0,keep::reduce fold,omega_reduce_r3_o2_n2_multiply_add_zero,12288,unpacked|Q4_0,[1, 256, 1536]
46,23,2,427,RMSNorm sumsq + fused epilogue,keep::reduce fold,omega_reduce_r2_o1_n2_multiply_add_zero_epi6_fused_identity_o6__multiply_s0_o4__add_s1_o3__square_root_s2__reciprocal_s3__multiply_s4_o2__multiply_s5_o1__add_s6_o0__multiply_s7_o5,256,unpacked|unpacked,[1, 1536]
47,23,2,448,RMSNorm sumsq + fused epilogue,keep::reduce fold,omega_reduce_r2_o1_n2_multiply_add_zero_epi4_fused_identity_o4__multiply_s0_o3__add_s1_o2__square_root_s2__reciprocal_s3__multiply_s4_o1__multiply_s5_o0,256,unpacked|unpacked,[1, 1536]
48,23,2,450,matvec Q4_0,keep::reduce fold,omega_reduce_r4_o3_n2_multiply_add_zero,16384,Q4_0|unpacked,[1, 8, 256, 1536]
49,23,2,460,matvec Q4_0,keep::reduce fold,omega_reduce_r4_o3_n2_multiply_add_zero,2048,Q4_0|unpacked,[1, 1, 256, 1536]
50,23,2,468,RMSNorm sumsq + fused epilogue,keep::reduce fold,omega_reduce_r3_o2_n2_multiply_add_zero_epi4_fused_identity_o4__multiply_s0_o3__add_s1_o2__square_root_s2__reciprocal_s3__multiply_s4_o1__multiply_s5_o0,64,unpacked|unpacked,[1, 1, 256]
51,23,2,474,UNCLASSIFIED omega_elementwise_twin_r3_n4_fused_multiply_o0_o1__multiply_o2_o3__add_s0_s1_fused_multiply_o0_o3__multiply_o2_o1__subtract_s0_s1,elementwise_twin,omega_elementwise_twin_r3_n4_fused_multiply_o0_o1__multiply_o2_o3__add_s0_s1_fused_multiply_o0_o3__multiply_o2_o1__subtract_s0_s1,128,unpacked|unpacked|unpacked|unpacked,[1, 1, 128]
52,23,2,476,matvec Q4_0,keep::reduce fold,omega_reduce_r4_o3_n2_multiply_add_zero,2048,Q4_0|unpacked,[1, 1, 256, 1536]
53,23,2,483,RMSNorm sumsq + fused epilogue,keep::reduce fold,omega_reduce_r3_o2_n2_multiply_add_zero_epi3_fused_identity_o3__multiply_s0_o2__add_s1_o1__square_root_s2__reciprocal_s3__multiply_s4_o0,64,unpacked|unpacked,[1, 1, 256]
54,23,2,458,RMSNorm sumsq + fused epilogue,keep::reduce fold,omega_reduce_r3_o2_n2_multiply_add_zero_epi4_fused_identity_o4__multiply_s0_o3__add_s1_o2__square_root_s2__reciprocal_s3__multiply_s4_o1__multiply_s5_o0,512,unpacked|unpacked,[1, 8, 256]
55,23,2,486,UNCLASSIFIED omega_elementwise_twin_r3_n4_fused_multiply_o0_o1__multiply_o2_o3__subtract_s0_s1_fused_multiply_o0_o3__multiply_o2_o1__add_s0_s1,elementwise_twin,omega_elementwise_twin_r3_n4_fused_multiply_o0_o1__multiply_o2_o3__subtract_s0_s1_fused_multiply_o0_o3__multiply_o2_o1__add_s0_s1,1024,unpacked|unpacked|unpacked|unpacked,[1, 8, 128]
56,23,2,522,cached attention partial,cached_attention,omega_cached_attention_q1_h1_g8_d256_s3f800000_ln511_up0_x4_e1_k1_ds,17408,unpacked|unpacked|unpacked|unpacked|unpacked|unpacked|unpacked|unpacked|unpacked,[1, 1, 8, 256]
57,23,2,522,cached attention merge,cached_attention,omega_cached_attention_q1_h1_g8_d256_s3f800000_ln511_up0_x4_e1_k1_ds_merge,8192,unpacked|unpacked|unpacked|unpacked|unpacked|unpacked|unpacked|unpacked|unpacked,[1, 1, 8, 256]
58,23,2,524,matvec Q4_0,keep::reduce fold,omega_reduce_r5_o2_n2_multiply_add_zero,12288,Q4_0|unpacked,[1, 1, 8, 256, 1536]
59,23,2,533,RMSNorm sumsq + fused epilogue,keep::reduce fold,omega_reduce_r2_o1_n2_multiply_add_zero_epi5_fused_identity_o5__multiply_s0_o4__add_s1_o3__square_root_s2__reciprocal_s3__multiply_s4_o2__multiply_s5_o1__add_s6_o0,256,unpacked|unpacked,[1, 1536]
60,23,2,541,RMSNorm sumsq + fused epilogue,keep::reduce fold,omega_reduce_r2_o1_n2_multiply_add_zero_epi4_fused_identity_o4__multiply_s0_o3__add_s1_o2__square_root_s2__reciprocal_s3__multiply_s4_o1__multiply_s5_o0,256,unpacked|unpacked,[1, 1536]
61,23,2,546,matvec Q4_0,keep::reduce fold,omega_reduce_r3_o2_n2_multiply_add_zero,49152,unpacked|Q4_0,[1, 1536, 6144]
62,23,2,561,matvec Q4_0,keep::reduce fold,omega_reduce_r3_o2_n2_multiply_add_zero_epi9_fused_identity_o9__multiply_o5_o6__multiply_s1_o4__multiply_s2_o3__add_s3_o2__multiply_s4_o1__tanh_s5__add_s6_o0__multiply_o7_o8__multiply_s7_s8__multiply_s0_s9,49152,unpacked|Q4_0,[1, 1536, 6144]
63,23,2,563,matvec Q4_0,keep::reduce fold,omega_reduce_r3_o2_n2_multiply_add_zero,12288,Q4_0|unpacked,[1, 6144, 1536]
64,23,2,573,RMSNorm sumsq + fused epilogue,keep::reduce fold,omega_reduce_r2_o1_n2_multiply_add_zero_epi5_fused_identity_o5__multiply_s0_o4__add_s1_o3__square_root_s2__reciprocal_s3__multiply_s4_o2__multiply_s5_o1__add_s6_o0,256,unpacked|unpacked,[1, 1536]
65,23,2,589,matvec Q4_0,keep::reduce fold,omega_reduce_r3_o2_n2_multiply_add_zero_epi5_fused_identity_o5__identity_o0__multiply_s0_s0__multiply_s0_s2__multiply_s3_o3__add_s0_s4__multiply_s5_o2__tanh_s6__add_s7_o1__multiply_s0_o4__multiply_s8_s9__multiply_s1_s10,2048,unpacked|Q4_0,[1, 1536, 256]
66,23,2,592,matvec Q4_0,keep::reduce fold,omega_reduce_r3_o2_n2_multiply_add_zero,12288,unpacked|Q4_0,[1, 256, 1536]
67,23,2,604,RMSNorm sumsq + fused epilogue,keep::reduce fold,omega_reduce_r2_o1_n2_multiply_add_zero_epi6_fused_identity_o6__multiply_s0_o4__add_s1_o3__square_root_s2__reciprocal_s3__multiply_s4_o2__multiply_s5_o1__add_s6_o0__multiply_s7_o5,256,unpacked|unpacked,[1, 1536]
68,23,2,625,RMSNorm sumsq + fused epilogue,keep::reduce fold,omega_reduce_r2_o1_n2_multiply_add_zero_epi4_fused_identity_o4__multiply_s0_o3__add_s1_o2__square_root_s2__reciprocal_s3__multiply_s4_o1__multiply_s5_o0,256,unpacked|unpacked,[1, 1536]
69,23,2,627,matvec Q4_0,keep::reduce fold,omega_reduce_r4_o3_n2_multiply_add_zero,16384,Q4_0|unpacked,[1, 8, 256, 1536]
70,23,2,637,matvec Q4_0,keep::reduce fold,omega_reduce_r4_o3_n2_multiply_add_zero,2048,Q4_0|unpacked,[1, 1, 256, 1536]
71,23,2,645,RMSNorm sumsq + fused epilogue,keep::reduce fold,omega_reduce_r3_o2_n2_multiply_add_zero_epi4_fused_identity_o4__multiply_s0_o3__add_s1_o2__square_root_s2__reciprocal_s3__multiply_s4_o1__multiply_s5_o0,64,unpacked|unpacked,[1, 1, 256]
72,23,2,651,UNCLASSIFIED omega_elementwise_twin_r3_n4_fused_multiply_o0_o1__multiply_o2_o3__add_s0_s1_fused_multiply_o0_o3__multiply_o2_o1__subtract_s0_s1,elementwise_twin,omega_elementwise_twin_r3_n4_fused_multiply_o0_o1__multiply_o2_o3__add_s0_s1_fused_multiply_o0_o3__multiply_o2_o1__subtract_s0_s1,128,unpacked|unpacked|unpacked|unpacked,[1, 1, 128]
73,23,2,653,matvec Q4_0,keep::reduce fold,omega_reduce_r4_o3_n2_multiply_add_zero,2048,Q4_0|unpacked,[1, 1, 256, 1536]
74,23,2,660,RMSNorm sumsq + fused epilogue,keep::reduce fold,omega_reduce_r3_o2_n2_multiply_add_zero_epi3_fused_identity_o3__multiply_s0_o2__add_s1_o1__square_root_s2__reciprocal_s3__multiply_s4_o0,64,unpacked|unpacked,[1, 1, 256]
75,23,2,635,RMSNorm sumsq + fused epilogue,keep::reduce fold,omega_reduce_r3_o2_n2_multiply_add_zero_epi4_fused_identity_o4__multiply_s0_o3__add_s1_o2__square_root_s2__reciprocal_s3__multiply_s4_o1__multiply_s5_o0,512,unpacked|unpacked,[1, 8, 256]
76,23,2,663,UNCLASSIFIED omega_elementwise_twin_r3_n4_fused_multiply_o0_o1__multiply_o2_o3__subtract_s0_s1_fused_multiply_o0_o3__multiply_o2_o1__add_s0_s1,elementwise_twin,omega_elementwise_twin_r3_n4_fused_multiply_o0_o1__multiply_o2_o3__subtract_s0_s1_fused_multiply_o0_o3__multiply_o2_o1__add_s0_s1,1024,unpacked|unpacked|unpacked|unpacked,[1, 8, 128]
77,23,2,699,cached attention partial,cached_attention,omega_cached_attention_q1_h1_g8_d256_s3f800000_ln511_up0_x4_e1_k1_ds,17408,unpacked|unpacked|unpacked|unpacked|unpacked|unpacked|unpacked|unpacked|unpacked,[1, 1, 8, 256]
78,23,2,699,cached attention merge,cached_attention,omega_cached_attention_q1_h1_g8_d256_s3f800000_ln511_up0_x4_e1_k1_ds_merge,8192,unpacked|unpacked|unpacked|unpacked|unpacked|unpacked|unpacked|unpacked|unpacked,[1, 1, 8, 256]
79,23,2,701,matvec Q4_0,keep::reduce fold,omega_reduce_r5_o2_n2_multiply_add_zero,12288,Q4_0|unpacked,[1, 1, 8, 256, 1536]
80,23,2,710,RMSNorm sumsq + fused epilogue,keep::reduce fold,omega_reduce_r2_o1_n2_multiply_add_zero_epi5_fused_identity_o5__multiply_s0_o4__add_s1_o3__square_root_s2__reciprocal_s3__multiply_s4_o2__multiply_s5_o1__add_s6_o0,256,unpacked|unpacked,[1, 1536]
81,23,2,718,RMSNorm sumsq + fused epilogue,keep::reduce fold,omega_reduce_r2_o1_n2_multiply_add_zero_epi4_fused_identity_o4__multiply_s0_o3__add_s1_o2__square_root_s2__reciprocal_s3__multiply_s4_o1__multiply_s5_o0,256,unpacked|unpacked,[1, 1536]
82,23,2,723,matvec Q4_0,keep::reduce fold,omega_reduce_r3_o2_n2_multiply_add_zero,49152,unpacked|Q4_0,[1, 1536, 6144]
83,23,2,738,matvec Q4_0,keep::reduce fold,omega_reduce_r3_o2_n2_multiply_add_zero_epi9_fused_identity_o9__multiply_o5_o6__multiply_s1_o4__multiply_s2_o3__add_s3_o2__multiply_s4_o1__tanh_s5__add_s6_o0__multiply_o7_o8__multiply_s7_s8__multiply_s0_s9,49152,unpacked|Q4_0,[1, 1536, 6144]
84,23,2,740,matvec Q4_0,keep::reduce fold,omega_reduce_r3_o2_n2_multiply_add_zero,12288,Q4_0|unpacked,[1, 6144, 1536]
85,23,2,750,RMSNorm sumsq + fused epilogue,keep::reduce fold,omega_reduce_r2_o1_n2_multiply_add_zero_epi5_fused_identity_o5__multiply_s0_o4__add_s1_o3__square_root_s2__reciprocal_s3__multiply_s4_o2__multiply_s5_o1__add_s6_o0,256,unpacked|unpacked,[1, 1536]
86,23,2,766,matvec Q4_0,keep::reduce fold,omega_reduce_r3_o2_n2_multiply_add_zero_epi5_fused_identity_o5__identity_o0__multiply_s0_s0__multiply_s0_s2__multiply_s3_o3__add_s0_s4__multiply_s5_o2__tanh_s6__add_s7_o1__multiply_s0_o4__multiply_s8_s9__multiply_s1_s10,2048,unpacked|Q4_0,[1, 1536, 256]
87,23,2,769,matvec Q4_0,keep::reduce fold,omega_reduce_r3_o2_n2_multiply_add_zero,12288,unpacked|Q4_0,[1, 256, 1536]
88,23,2,781,RMSNorm sumsq + fused epilogue,keep::reduce fold,omega_reduce_r2_o1_n2_multiply_add_zero_epi6_fused_identity_o6__multiply_s0_o4__add_s1_o3__square_root_s2__reciprocal_s3__multiply_s4_o2__multiply_s5_o1__add_s6_o0__multiply_s7_o5,256,unpacked|unpacked,[1, 1536]
89,23,2,802,RMSNorm sumsq + fused epilogue,keep::reduce fold,omega_reduce_r2_o1_n2_multiply_add_zero_epi4_fused_identity_o4__multiply_s0_o3__add_s1_o2__square_root_s2__reciprocal_s3__multiply_s4_o1__multiply_s5_o0,256,unpacked|unpacked,[1, 1536]
90,23,2,804,matvec Q4_0,keep::reduce fold,omega_reduce_r4_o3_n2_multiply_add_zero,32768,Q4_0|unpacked,[1, 8, 512, 1536]
91,23,2,814,matvec Q4_0,keep::reduce fold,omega_reduce_r4_o3_n2_multiply_add_zero,4096,Q4_0|unpacked,[1, 1, 512, 1536]
92,23,2,822,RMSNorm sumsq + fused epilogue,keep::reduce fold,omega_reduce_r3_o2_n2_multiply_add_zero_epi4_fused_identity_o4__multiply_s0_o3__add_s1_o2__square_root_s2__reciprocal_s3__multiply_s4_o1__multiply_s5_o0,128,unpacked|unpacked,[1, 1, 512]
93,23,2,828,UNCLASSIFIED omega_elementwise_twin_r3_n4_fused_multiply_o0_o1__multiply_o2_o3__add_s0_s1_fused_multiply_o0_o3__multiply_o2_o1__subtract_s0_s1,elementwise_twin,omega_elementwise_twin_r3_n4_fused_multiply_o0_o1__multiply_o2_o3__add_s0_s1_fused_multiply_o0_o3__multiply_o2_o1__subtract_s0_s1,256,unpacked|unpacked|unpacked|unpacked,[1, 1, 256]
94,23,2,830,matvec Q4_0,keep::reduce fold,omega_reduce_r4_o3_n2_multiply_add_zero,4096,Q4_0|unpacked,[1, 1, 512, 1536]
95,23,2,837,RMSNorm sumsq + fused epilogue,keep::reduce fold,omega_reduce_r3_o2_n2_multiply_add_zero_epi3_fused_identity_o3__multiply_s0_o2__add_s1_o1__square_root_s2__reciprocal_s3__multiply_s4_o0,128,unpacked|unpacked,[1, 1, 512]
96,23,2,812,RMSNorm sumsq + fused epilogue,keep::reduce fold,omega_reduce_r3_o2_n2_multiply_add_zero_epi4_fused_identity_o4__multiply_s0_o3__add_s1_o2__square_root_s2__reciprocal_s3__multiply_s4_o1__multiply_s5_o0,1024,unpacked|unpacked,[1, 8, 512]
97,23,2,840,UNCLASSIFIED omega_elementwise_twin_r3_n4_fused_multiply_o0_o1__multiply_o2_o3__subtract_s0_s1_fused_multiply_o0_o3__multiply_o2_o1__add_s0_s1,elementwise_twin,omega_elementwise_twin_r3_n4_fused_multiply_o0_o1__multiply_o2_o3__subtract_s0_s1_fused_multiply_o0_o3__multiply_o2_o1__add_s0_s1,2048,unpacked|unpacked|unpacked|unpacked,[1, 8, 256]
98,23,2,876,cached attention partial,cached_attention,omega_cached_attention_q1_h1_g8_d512_s3f800000_ln9223372036854775808_up0_x4_e1_k1_ds,32768,unpacked|unpacked|unpacked|unpacked|unpacked|unpacked|unpacked|unpacked|unpacked,[1, 1, 8, 512]
99,23,2,876,cached attention merge,cached_attention,omega_cached_attention_q1_h1_g8_d512_s3f800000_ln9223372036854775808_up0_x4_e1_k1_ds_merge,8192,unpacked|unpacked|unpacked|unpacked|unpacked|unpacked|unpacked|unpacked|unpacked,[1, 1, 8, 512]
100,23,2,878,matvec Q4_0,keep::reduce fold,omega_reduce_r5_o2_n2_multiply_add_zero,12288,Q4_0|unpacked,[1, 1, 8, 512, 1536]
101,23,2,887,RMSNorm sumsq + fused epilogue,keep::reduce fold,omega_reduce_r2_o1_n2_multiply_add_zero_epi5_fused_identity_o5__multiply_s0_o4__add_s1_o3__square_root_s2__reciprocal_s3__multiply_s4_o2__multiply_s5_o1__add_s6_o0,256,unpacked|unpacked,[1, 1536]
102,23,2,895,RMSNorm sumsq + fused epilogue,keep::reduce fold,omega_reduce_r2_o1_n2_multiply_add_zero_epi4_fused_identity_o4__multiply_s0_o3__add_s1_o2__square_root_s2__reciprocal_s3__multiply_s4_o1__multiply_s5_o0,256,unpacked|unpacked,[1, 1536]
103,23,2,900,matvec Q4_0,keep::reduce fold,omega_reduce_r3_o2_n2_multiply_add_zero,49152,unpacked|Q4_0,[1, 1536, 6144]
104,23,2,915,matvec Q4_0,keep::reduce fold,omega_reduce_r3_o2_n2_multiply_add_zero_epi9_fused_identity_o9__multiply_o5_o6__multiply_s1_o4__multiply_s2_o3__add_s3_o2__multiply_s4_o1__tanh_s5__add_s6_o0__multiply_o7_o8__multiply_s7_s8__multiply_s0_s9,49152,unpacked|Q4_0,[1, 1536, 6144]
105,23,2,917,matvec Q4_0,keep::reduce fold,omega_reduce_r3_o2_n2_multiply_add_zero,12288,Q4_0|unpacked,[1, 6144, 1536]
106,23,2,927,RMSNorm sumsq + fused epilogue,keep::reduce fold,omega_reduce_r2_o1_n2_multiply_add_zero_epi5_fused_identity_o5__multiply_s0_o4__add_s1_o3__square_root_s2__reciprocal_s3__multiply_s4_o2__multiply_s5_o1__add_s6_o0,256,unpacked|unpacked,[1, 1536]
107,23,3,943,matvec Q4_0,keep::reduce fold,omega_reduce_r3_o2_n2_multiply_add_zero_epi5_fused_identity_o5__identity_o0__multiply_s0_s0__multiply_s0_s2__multiply_s3_o3__add_s0_s4__multiply_s5_o2__tanh_s6__add_s7_o1__multiply_s0_o4__multiply_s8_s9__multiply_s1_s10,2048,unpacked|Q4_0,[1, 1536, 256]
108,23,3,946,matvec Q4_0,keep::reduce fold,omega_reduce_r3_o2_n2_multiply_add_zero,12288,unpacked|Q4_0,[1, 256, 1536]
109,23,3,958,RMSNorm sumsq + fused epilogue,keep::reduce fold,omega_reduce_r2_o1_n2_multiply_add_zero_epi6_fused_identity_o6__multiply_s0_o4__add_s1_o3__square_root_s2__reciprocal_s3__multiply_s4_o2__multiply_s5_o1__add_s6_o0__multiply_s7_o5,256,unpacked|unpacked,[1, 1536]
110,23,3,979,RMSNorm sumsq + fused epilogue,keep::reduce fold,omega_reduce_r2_o1_n2_multiply_add_zero_epi4_fused_identity_o4__multiply_s0_o3__add_s1_o2__square_root_s2__reciprocal_s3__multiply_s4_o1__multiply_s5_o0,256,unpacked|unpacked,[1, 1536]
111,23,3,981,matvec Q4_0,keep::reduce fold,omega_reduce_r4_o3_n2_multiply_add_zero,16384,Q4_0|unpacked,[1, 8, 256, 1536]
112,23,3,991,matvec Q4_0,keep::reduce fold,omega_reduce_r4_o3_n2_multiply_add_zero,2048,Q4_0|unpacked,[1, 1, 256, 1536]
113,23,3,999,RMSNorm sumsq + fused epilogue,keep::reduce fold,omega_reduce_r3_o2_n2_multiply_add_zero_epi4_fused_identity_o4__multiply_s0_o3__add_s1_o2__square_root_s2__reciprocal_s3__multiply_s4_o1__multiply_s5_o0,64,unpacked|unpacked,[1, 1, 256]
114,23,3,1005,UNCLASSIFIED omega_elementwise_twin_r3_n4_fused_multiply_o0_o1__multiply_o2_o3__add_s0_s1_fused_multiply_o0_o3__multiply_o2_o1__subtract_s0_s1,elementwise_twin,omega_elementwise_twin_r3_n4_fused_multiply_o0_o1__multiply_o2_o3__add_s0_s1_fused_multiply_o0_o3__multiply_o2_o1__subtract_s0_s1,128,unpacked|unpacked|unpacked|unpacked,[1, 1, 128]
115,23,3,1007,matvec Q4_0,keep::reduce fold,omega_reduce_r4_o3_n2_multiply_add_zero,2048,Q4_0|unpacked,[1, 1, 256, 1536]
116,23,3,1014,RMSNorm sumsq + fused epilogue,keep::reduce fold,omega_reduce_r3_o2_n2_multiply_add_zero_epi3_fused_identity_o3__multiply_s0_o2__add_s1_o1__square_root_s2__reciprocal_s3__multiply_s4_o0,64,unpacked|unpacked,[1, 1, 256]
117,23,3,989,RMSNorm sumsq + fused epilogue,keep::reduce fold,omega_reduce_r3_o2_n2_multiply_add_zero_epi4_fused_identity_o4__multiply_s0_o3__add_s1_o2__square_root_s2__reciprocal_s3__multiply_s4_o1__multiply_s5_o0,512,unpacked|unpacked,[1, 8, 256]
118,23,3,1017,UNCLASSIFIED omega_elementwise_twin_r3_n4_fused_multiply_o0_o1__multiply_o2_o3__subtract_s0_s1_fused_multiply_o0_o3__multiply_o2_o1__add_s0_s1,elementwise_twin,omega_elementwise_twin_r3_n4_fused_multiply_o0_o1__multiply_o2_o3__subtract_s0_s1_fused_multiply_o0_o3__multiply_o2_o1__add_s0_s1,1024,unpacked|unpacked|unpacked|unpacked,[1, 8, 128]
119,23,3,1053,cached attention partial,cached_attention,omega_cached_attention_q1_h1_g8_d256_s3f800000_ln511_up0_x4_e1_k1_ds,17408,unpacked|unpacked|unpacked|unpacked|unpacked|unpacked|unpacked|unpacked|unpacked,[1, 1, 8, 256]
120,23,3,1053,cached attention merge,cached_attention,omega_cached_attention_q1_h1_g8_d256_s3f800000_ln511_up0_x4_e1_k1_ds_merge,8192,unpacked|unpacked|unpacked|unpacked|unpacked|unpacked|unpacked|unpacked|unpacked,[1, 1, 8, 256]
121,23,3,1055,matvec Q4_0,keep::reduce fold,omega_reduce_r5_o2_n2_multiply_add_zero,12288,Q4_0|unpacked,[1, 1, 8, 256, 1536]
122,23,3,1064,RMSNorm sumsq + fused epilogue,keep::reduce fold,omega_reduce_r2_o1_n2_multiply_add_zero_epi5_fused_identity_o5__multiply_s0_o4__add_s1_o3__square_root_s2__reciprocal_s3__multiply_s4_o2__multiply_s5_o1__add_s6_o0,256,unpacked|unpacked,[1, 1536]
123,23,3,1072,RMSNorm sumsq + fused epilogue,keep::reduce fold,omega_reduce_r2_o1_n2_multiply_add_zero_epi4_fused_identity_o4__multiply_s0_o3__add_s1_o2__square_root_s2__reciprocal_s3__multiply_s4_o1__multiply_s5_o0,256,unpacked|unpacked,[1, 1536]
124,23,3,1077,matvec Q4_0,keep::reduce fold,omega_reduce_r3_o2_n2_multiply_add_zero,49152,unpacked|Q4_0,[1, 1536, 6144]
125,23,3,1092,matvec Q4_0,keep::reduce fold,omega_reduce_r3_o2_n2_multiply_add_zero_epi9_fused_identity_o9__multiply_o5_o6__multiply_s1_o4__multiply_s2_o3__add_s3_o2__multiply_s4_o1__tanh_s5__add_s6_o0__multiply_o7_o8__multiply_s7_s8__multiply_s0_s9,49152,unpacked|Q4_0,[1, 1536, 6144]
126,23,3,1094,matvec Q4_0,keep::reduce fold,omega_reduce_r3_o2_n2_multiply_add_zero,12288,Q4_0|unpacked,[1, 6144, 1536]
127,23,3,1104,RMSNorm sumsq + fused epilogue,keep::reduce fold,omega_reduce_r2_o1_n2_multiply_add_zero_epi5_fused_identity_o5__multiply_s0_o4__add_s1_o3__square_root_s2__reciprocal_s3__multiply_s4_o2__multiply_s5_o1__add_s6_o0,256,unpacked|unpacked,[1, 1536]
128,23,3,1120,matvec Q4_0,keep::reduce fold,omega_reduce_r3_o2_n2_multiply_add_zero_epi5_fused_identity_o5__identity_o0__multiply_s0_s0__multiply_s0_s2__multiply_s3_o3__add_s0_s4__multiply_s5_o2__tanh_s6__add_s7_o1__multiply_s0_o4__multiply_s8_s9__multiply_s1_s10,2048,unpacked|Q4_0,[1, 1536, 256]
129,23,3,1123,matvec Q4_0,keep::reduce fold,omega_reduce_r3_o2_n2_multiply_add_zero,12288,unpacked|Q4_0,[1, 256, 1536]
130,23,3,1135,RMSNorm sumsq + fused epilogue,keep::reduce fold,omega_reduce_r2_o1_n2_multiply_add_zero_epi6_fused_identity_o6__multiply_s0_o4__add_s1_o3__square_root_s2__reciprocal_s3__multiply_s4_o2__multiply_s5_o1__add_s6_o0__multiply_s7_o5,256,unpacked|unpacked,[1, 1536]
131,23,3,1156,RMSNorm sumsq + fused epilogue,keep::reduce fold,omega_reduce_r2_o1_n2_multiply_add_zero_epi4_fused_identity_o4__multiply_s0_o3__add_s1_o2__square_root_s2__reciprocal_s3__multiply_s4_o1__multiply_s5_o0,256,unpacked|unpacked,[1, 1536]
132,23,3,1158,matvec Q4_0,keep::reduce fold,omega_reduce_r4_o3_n2_multiply_add_zero,16384,Q4_0|unpacked,[1, 8, 256, 1536]
133,23,3,1168,matvec Q4_0,keep::reduce fold,omega_reduce_r4_o3_n2_multiply_add_zero,2048,Q4_0|unpacked,[1, 1, 256, 1536]
134,23,3,1176,RMSNorm sumsq + fused epilogue,keep::reduce fold,omega_reduce_r3_o2_n2_multiply_add_zero_epi4_fused_identity_o4__multiply_s0_o3__add_s1_o2__square_root_s2__reciprocal_s3__multiply_s4_o1__multiply_s5_o0,64,unpacked|unpacked,[1, 1, 256]
135,23,3,1182,UNCLASSIFIED omega_elementwise_twin_r3_n4_fused_multiply_o0_o1__multiply_o2_o3__add_s0_s1_fused_multiply_o0_o3__multiply_o2_o1__subtract_s0_s1,elementwise_twin,omega_elementwise_twin_r3_n4_fused_multiply_o0_o1__multiply_o2_o3__add_s0_s1_fused_multiply_o0_o3__multiply_o2_o1__subtract_s0_s1,128,unpacked|unpacked|unpacked|unpacked,[1, 1, 128]
136,23,3,1184,matvec Q4_0,keep::reduce fold,omega_reduce_r4_o3_n2_multiply_add_zero,2048,Q4_0|unpacked,[1, 1, 256, 1536]
137,23,3,1191,RMSNorm sumsq + fused epilogue,keep::reduce fold,omega_reduce_r3_o2_n2_multiply_add_zero_epi3_fused_identity_o3__multiply_s0_o2__add_s1_o1__square_root_s2__reciprocal_s3__multiply_s4_o0,64,unpacked|unpacked,[1, 1, 256]
138,23,3,1166,RMSNorm sumsq + fused epilogue,keep::reduce fold,omega_reduce_r3_o2_n2_multiply_add_zero_epi4_fused_identity_o4__multiply_s0_o3__add_s1_o2__square_root_s2__reciprocal_s3__multiply_s4_o1__multiply_s5_o0,512,unpacked|unpacked,[1, 8, 256]
139,23,3,1194,UNCLASSIFIED omega_elementwise_twin_r3_n4_fused_multiply_o0_o1__multiply_o2_o3__subtract_s0_s1_fused_multiply_o0_o3__multiply_o2_o1__add_s0_s1,elementwise_twin,omega_elementwise_twin_r3_n4_fused_multiply_o0_o1__multiply_o2_o3__subtract_s0_s1_fused_multiply_o0_o3__multiply_o2_o1__add_s0_s1,1024,unpacked|unpacked|unpacked|unpacked,[1, 8, 128]
140,23,3,1230,cached attention partial,cached_attention,omega_cached_attention_q1_h1_g8_d256_s3f800000_ln511_up0_x4_e1_k1_ds,17408,unpacked|unpacked|unpacked|unpacked|unpacked|unpacked|unpacked|unpacked|unpacked,[1, 1, 8, 256]
141,23,3,1230,cached attention merge,cached_attention,omega_cached_attention_q1_h1_g8_d256_s3f800000_ln511_up0_x4_e1_k1_ds_merge,8192,unpacked|unpacked|unpacked|unpacked|unpacked|unpacked|unpacked|unpacked|unpacked,[1, 1, 8, 256]
142,23,3,1232,matvec Q4_0,keep::reduce fold,omega_reduce_r5_o2_n2_multiply_add_zero,12288,Q4_0|unpacked,[1, 1, 8, 256, 1536]
143,23,3,1241,RMSNorm sumsq + fused epilogue,keep::reduce fold,omega_reduce_r2_o1_n2_multiply_add_zero_epi5_fused_identity_o5__multiply_s0_o4__add_s1_o3__square_root_s2__reciprocal_s3__multiply_s4_o2__multiply_s5_o1__add_s6_o0,256,unpacked|unpacked,[1, 1536]
144,23,3,1249,RMSNorm sumsq + fused epilogue,keep::reduce fold,omega_reduce_r2_o1_n2_multiply_add_zero_epi4_fused_identity_o4__multiply_s0_o3__add_s1_o2__square_root_s2__reciprocal_s3__multiply_s4_o1__multiply_s5_o0,256,unpacked|unpacked,[1, 1536]
145,23,3,1254,matvec Q4_0,keep::reduce fold,omega_reduce_r3_o2_n2_multiply_add_zero,49152,unpacked|Q4_0,[1, 1536, 6144]
146,23,3,1269,matvec Q4_0,keep::reduce fold,omega_reduce_r3_o2_n2_multiply_add_zero_epi9_fused_identity_o9__multiply_o5_o6__multiply_s1_o4__multiply_s2_o3__add_s3_o2__multiply_s4_o1__tanh_s5__add_s6_o0__multiply_o7_o8__multiply_s7_s8__multiply_s0_s9,49152,unpacked|Q4_0,[1, 1536, 6144]
147,23,3,1271,matvec Q4_0,keep::reduce fold,omega_reduce_r3_o2_n2_multiply_add_zero,12288,Q4_0|unpacked,[1, 6144, 1536]
148,23,3,1281,RMSNorm sumsq + fused epilogue,keep::reduce fold,omega_reduce_r2_o1_n2_multiply_add_zero_epi5_fused_identity_o5__multiply_s0_o4__add_s1_o3__square_root_s2__reciprocal_s3__multiply_s4_o2__multiply_s5_o1__add_s6_o0,256,unpacked|unpacked,[1, 1536]
149,23,3,1297,matvec Q4_0,keep::reduce fold,omega_reduce_r3_o2_n2_multiply_add_zero_epi5_fused_identity_o5__identity_o0__multiply_s0_s0__multiply_s0_s2__multiply_s3_o3__add_s0_s4__multiply_s5_o2__tanh_s6__add_s7_o1__multiply_s0_o4__multiply_s8_s9__multiply_s1_s10,2048,unpacked|Q4_0,[1, 1536, 256]
150,23,3,1300,matvec Q4_0,keep::reduce fold,omega_reduce_r3_o2_n2_multiply_add_zero,12288,unpacked|Q4_0,[1, 256, 1536]
151,23,3,1312,RMSNorm sumsq + fused epilogue,keep::reduce fold,omega_reduce_r2_o1_n2_multiply_add_zero_epi6_fused_identity_o6__multiply_s0_o4__add_s1_o3__square_root_s2__reciprocal_s3__multiply_s4_o2__multiply_s5_o1__add_s6_o0__multiply_s7_o5,256,unpacked|unpacked,[1, 1536]
152,23,3,1333,RMSNorm sumsq + fused epilogue,keep::reduce fold,omega_reduce_r2_o1_n2_multiply_add_zero_epi4_fused_identity_o4__multiply_s0_o3__add_s1_o2__square_root_s2__reciprocal_s3__multiply_s4_o1__multiply_s5_o0,256,unpacked|unpacked,[1, 1536]
153,23,3,1335,matvec Q4_0,keep::reduce fold,omega_reduce_r4_o3_n2_multiply_add_zero,16384,Q4_0|unpacked,[1, 8, 256, 1536]
154,23,3,1345,matvec Q4_0,keep::reduce fold,omega_reduce_r4_o3_n2_multiply_add_zero,2048,Q4_0|unpacked,[1, 1, 256, 1536]
155,23,3,1353,RMSNorm sumsq + fused epilogue,keep::reduce fold,omega_reduce_r3_o2_n2_multiply_add_zero_epi4_fused_identity_o4__multiply_s0_o3__add_s1_o2__square_root_s2__reciprocal_s3__multiply_s4_o1__multiply_s5_o0,64,unpacked|unpacked,[1, 1, 256]
156,23,3,1359,UNCLASSIFIED omega_elementwise_twin_r3_n4_fused_multiply_o0_o1__multiply_o2_o3__add_s0_s1_fused_multiply_o0_o3__multiply_o2_o1__subtract_s0_s1,elementwise_twin,omega_elementwise_twin_r3_n4_fused_multiply_o0_o1__multiply_o2_o3__add_s0_s1_fused_multiply_o0_o3__multiply_o2_o1__subtract_s0_s1,128,unpacked|unpacked|unpacked|unpacked,[1, 1, 128]
157,23,3,1361,matvec Q4_0,keep::reduce fold,omega_reduce_r4_o3_n2_multiply_add_zero,2048,Q4_0|unpacked,[1, 1, 256, 1536]
158,23,3,1368,RMSNorm sumsq + fused epilogue,keep::reduce fold,omega_reduce_r3_o2_n2_multiply_add_zero_epi3_fused_identity_o3__multiply_s0_o2__add_s1_o1__square_root_s2__reciprocal_s3__multiply_s4_o0,64,unpacked|unpacked,[1, 1, 256]
159,23,3,1343,RMSNorm sumsq + fused epilogue,keep::reduce fold,omega_reduce_r3_o2_n2_multiply_add_zero_epi4_fused_identity_o4__multiply_s0_o3__add_s1_o2__square_root_s2__reciprocal_s3__multiply_s4_o1__multiply_s5_o0,512,unpacked|unpacked,[1, 8, 256]
160,23,3,1371,UNCLASSIFIED omega_elementwise_twin_r3_n4_fused_multiply_o0_o1__multiply_o2_o3__subtract_s0_s1_fused_multiply_o0_o3__multiply_o2_o1__add_s0_s1,elementwise_twin,omega_elementwise_twin_r3_n4_fused_multiply_o0_o1__multiply_o2_o3__subtract_s0_s1_fused_multiply_o0_o3__multiply_o2_o1__add_s0_s1,1024,unpacked|unpacked|unpacked|unpacked,[1, 8, 128]
161,23,3,1407,cached attention partial,cached_attention,omega_cached_attention_q1_h1_g8_d256_s3f800000_ln511_up0_x4_e1_k1_ds,17408,unpacked|unpacked|unpacked|unpacked|unpacked|unpacked|unpacked|unpacked|unpacked,[1, 1, 8, 256]
162,23,3,1407,cached attention merge,cached_attention,omega_cached_attention_q1_h1_g8_d256_s3f800000_ln511_up0_x4_e1_k1_ds_merge,8192,unpacked|unpacked|unpacked|unpacked|unpacked|unpacked|unpacked|unpacked|unpacked,[1, 1, 8, 256]
163,23,3,1409,matvec Q4_0,keep::reduce fold,omega_reduce_r5_o2_n2_multiply_add_zero,12288,Q4_0|unpacked,[1, 1, 8, 256, 1536]
164,23,3,1418,RMSNorm sumsq + fused epilogue,keep::reduce fold,omega_reduce_r2_o1_n2_multiply_add_zero_epi5_fused_identity_o5__multiply_s0_o4__add_s1_o3__square_root_s2__reciprocal_s3__multiply_s4_o2__multiply_s5_o1__add_s6_o0,256,unpacked|unpacked,[1, 1536]
165,23,3,1426,RMSNorm sumsq + fused epilogue,keep::reduce fold,omega_reduce_r2_o1_n2_multiply_add_zero_epi4_fused_identity_o4__multiply_s0_o3__add_s1_o2__square_root_s2__reciprocal_s3__multiply_s4_o1__multiply_s5_o0,256,unpacked|unpacked,[1, 1536]
166,23,3,1431,matvec Q4_0,keep::reduce fold,omega_reduce_r3_o2_n2_multiply_add_zero,49152,unpacked|Q4_0,[1, 1536, 6144]
167,23,3,1446,matvec Q4_0,keep::reduce fold,omega_reduce_r3_o2_n2_multiply_add_zero_epi9_fused_identity_o9__multiply_o5_o6__multiply_s1_o4__multiply_s2_o3__add_s3_o2__multiply_s4_o1__tanh_s5__add_s6_o0__multiply_o7_o8__multiply_s7_s8__multiply_s0_s9,49152,unpacked|Q4_0,[1, 1536, 6144]
168,23,3,1448,matvec Q4_0,keep::reduce fold,omega_reduce_r3_o2_n2_multiply_add_zero,12288,Q4_0|unpacked,[1, 6144, 1536]
169,23,3,1458,RMSNorm sumsq + fused epilogue,keep::reduce fold,omega_reduce_r2_o1_n2_multiply_add_zero_epi5_fused_identity_o5__multiply_s0_o4__add_s1_o3__square_root_s2__reciprocal_s3__multiply_s4_o2__multiply_s5_o1__add_s6_o0,256,unpacked|unpacked,[1, 1536]
170,23,3,1474,matvec Q4_0,keep::reduce fold,omega_reduce_r3_o2_n2_multiply_add_zero_epi5_fused_identity_o5__identity_o0__multiply_s0_s0__multiply_s0_s2__multiply_s3_o3__add_s0_s4__multiply_s5_o2__tanh_s6__add_s7_o1__multiply_s0_o4__multiply_s8_s9__multiply_s1_s10,2048,unpacked|Q4_0,[1, 1536, 256]
171,23,3,1477,matvec Q4_0,keep::reduce fold,omega_reduce_r3_o2_n2_multiply_add_zero,12288,unpacked|Q4_0,[1, 256, 1536]
172,23,3,1489,RMSNorm sumsq + fused epilogue,keep::reduce fold,omega_reduce_r2_o1_n2_multiply_add_zero_epi6_fused_identity_o6__multiply_s0_o4__add_s1_o3__square_root_s2__reciprocal_s3__multiply_s4_o2__multiply_s5_o1__add_s6_o0__multiply_s7_o5,256,unpacked|unpacked,[1, 1536]
173,23,3,1510,RMSNorm sumsq + fused epilogue,keep::reduce fold,omega_reduce_r2_o1_n2_multiply_add_zero_epi4_fused_identity_o4__multiply_s0_o3__add_s1_o2__square_root_s2__reciprocal_s3__multiply_s4_o1__multiply_s5_o0,256,unpacked|unpacked,[1, 1536]
174,23,3,1512,matvec Q4_0,keep::reduce fold,omega_reduce_r4_o3_n2_multiply_add_zero,16384,Q4_0|unpacked,[1, 8, 256, 1536]
175,23,3,1522,matvec Q4_0,keep::reduce fold,omega_reduce_r4_o3_n2_multiply_add_zero,2048,Q4_0|unpacked,[1, 1, 256, 1536]
176,23,3,1530,RMSNorm sumsq + fused epilogue,keep::reduce fold,omega_reduce_r3_o2_n2_multiply_add_zero_epi4_fused_identity_o4__multiply_s0_o3__add_s1_o2__square_root_s2__reciprocal_s3__multiply_s4_o1__multiply_s5_o0,64,unpacked|unpacked,[1, 1, 256]
177,23,3,1536,UNCLASSIFIED omega_elementwise_twin_r3_n4_fused_multiply_o0_o1__multiply_o2_o3__add_s0_s1_fused_multiply_o0_o3__multiply_o2_o1__subtract_s0_s1,elementwise_twin,omega_elementwise_twin_r3_n4_fused_multiply_o0_o1__multiply_o2_o3__add_s0_s1_fused_multiply_o0_o3__multiply_o2_o1__subtract_s0_s1,128,unpacked|unpacked|unpacked|unpacked,[1, 1, 128]
178,23,3,1538,matvec Q4_0,keep::reduce fold,omega_reduce_r4_o3_n2_multiply_add_zero,2048,Q4_0|unpacked,[1, 1, 256, 1536]
179,23,3,1545,RMSNorm sumsq + fused epilogue,keep::reduce fold,omega_reduce_r3_o2_n2_multiply_add_zero_epi3_fused_identity_o3__multiply_s0_o2__add_s1_o1__square_root_s2__reciprocal_s3__multiply_s4_o0,64,unpacked|unpacked,[1, 1, 256]
180,23,3,1520,RMSNorm sumsq + fused epilogue,keep::reduce fold,omega_reduce_r3_o2_n2_multiply_add_zero_epi4_fused_identity_o4__multiply_s0_o3__add_s1_o2__square_root_s2__reciprocal_s3__multiply_s4_o1__multiply_s5_o0,512,unpacked|unpacked,[1, 8, 256]
181,23,3,1548,UNCLASSIFIED omega_elementwise_twin_r3_n4_fused_multiply_o0_o1__multiply_o2_o3__subtract_s0_s1_fused_multiply_o0_o3__multiply_o2_o1__add_s0_s1,elementwise_twin,omega_elementwise_twin_r3_n4_fused_multiply_o0_o1__multiply_o2_o3__subtract_s0_s1_fused_multiply_o0_o3__multiply_o2_o1__add_s0_s1,1024,unpacked|unpacked|unpacked|unpacked,[1, 8, 128]
182,23,3,1584,cached attention partial,cached_attention,omega_cached_attention_q1_h1_g8_d256_s3f800000_ln511_up0_x4_e1_k1_ds,17408,unpacked|unpacked|unpacked|unpacked|unpacked|unpacked|unpacked|unpacked|unpacked,[1, 1, 8, 256]
183,23,3,1584,cached attention merge,cached_attention,omega_cached_attention_q1_h1_g8_d256_s3f800000_ln511_up0_x4_e1_k1_ds_merge,8192,unpacked|unpacked|unpacked|unpacked|unpacked|unpacked|unpacked|unpacked|unpacked,[1, 1, 8, 256]
184,23,3,1586,matvec Q4_0,keep::reduce fold,omega_reduce_r5_o2_n2_multiply_add_zero,12288,Q4_0|unpacked,[1, 1, 8, 256, 1536]
185,23,3,1595,RMSNorm sumsq + fused epilogue,keep::reduce fold,omega_reduce_r2_o1_n2_multiply_add_zero_epi5_fused_identity_o5__multiply_s0_o4__add_s1_o3__square_root_s2__reciprocal_s3__multiply_s4_o2__multiply_s5_o1__add_s6_o0,256,unpacked|unpacked,[1, 1536]
186,23,3,1603,RMSNorm sumsq + fused epilogue,keep::reduce fold,omega_reduce_r2_o1_n2_multiply_add_zero_epi4_fused_identity_o4__multiply_s0_o3__add_s1_o2__square_root_s2__reciprocal_s3__multiply_s4_o1__multiply_s5_o0,256,unpacked|unpacked,[1, 1536]
187,23,3,1608,matvec Q4_0,keep::reduce fold,omega_reduce_r3_o2_n2_multiply_add_zero,49152,unpacked|Q4_0,[1, 1536, 6144]
188,23,3,1623,matvec Q4_0,keep::reduce fold,omega_reduce_r3_o2_n2_multiply_add_zero_epi9_fused_identity_o9__multiply_o5_o6__multiply_s1_o4__multiply_s2_o3__add_s3_o2__multiply_s4_o1__tanh_s5__add_s6_o0__multiply_o7_o8__multiply_s7_s8__multiply_s0_s9,49152,unpacked|Q4_0,[1, 1536, 6144]
189,23,3,1625,matvec Q4_0,keep::reduce fold,omega_reduce_r3_o2_n2_multiply_add_zero,12288,Q4_0|unpacked,[1, 6144, 1536]
190,23,3,1635,RMSNorm sumsq + fused epilogue,keep::reduce fold,omega_reduce_r2_o1_n2_multiply_add_zero_epi5_fused_identity_o5__multiply_s0_o4__add_s1_o3__square_root_s2__reciprocal_s3__multiply_s4_o2__multiply_s5_o1__add_s6_o0,256,unpacked|unpacked,[1, 1536]
191,23,3,1651,matvec Q4_0,keep::reduce fold,omega_reduce_r3_o2_n2_multiply_add_zero_epi5_fused_identity_o5__identity_o0__multiply_s0_s0__multiply_s0_s2__multiply_s3_o3__add_s0_s4__multiply_s5_o2__tanh_s6__add_s7_o1__multiply_s0_o4__multiply_s8_s9__multiply_s1_s10,2048,unpacked|Q4_0,[1, 1536, 256]
192,23,3,1654,matvec Q4_0,keep::reduce fold,omega_reduce_r3_o2_n2_multiply_add_zero,12288,unpacked|Q4_0,[1, 256, 1536]
193,23,3,1666,RMSNorm sumsq + fused epilogue,keep::reduce fold,omega_reduce_r2_o1_n2_multiply_add_zero_epi6_fused_identity_o6__multiply_s0_o4__add_s1_o3__square_root_s2__reciprocal_s3__multiply_s4_o2__multiply_s5_o1__add_s6_o0__multiply_s7_o5,256,unpacked|unpacked,[1, 1536]
194,23,3,1687,RMSNorm sumsq + fused epilogue,keep::reduce fold,omega_reduce_r2_o1_n2_multiply_add_zero_epi4_fused_identity_o4__multiply_s0_o3__add_s1_o2__square_root_s2__reciprocal_s3__multiply_s4_o1__multiply_s5_o0,256,unpacked|unpacked,[1, 1536]
195,23,3,1689,matvec Q4_0,keep::reduce fold,omega_reduce_r4_o3_n2_multiply_add_zero,32768,Q4_0|unpacked,[1, 8, 512, 1536]
196,23,3,1699,matvec Q4_0,keep::reduce fold,omega_reduce_r4_o3_n2_multiply_add_zero,4096,Q4_0|unpacked,[1, 1, 512, 1536]
197,23,3,1707,RMSNorm sumsq + fused epilogue,keep::reduce fold,omega_reduce_r3_o2_n2_multiply_add_zero_epi4_fused_identity_o4__multiply_s0_o3__add_s1_o2__square_root_s2__reciprocal_s3__multiply_s4_o1__multiply_s5_o0,128,unpacked|unpacked,[1, 1, 512]
198,23,3,1713,UNCLASSIFIED omega_elementwise_twin_r3_n4_fused_multiply_o0_o1__multiply_o2_o3__add_s0_s1_fused_multiply_o0_o3__multiply_o2_o1__subtract_s0_s1,elementwise_twin,omega_elementwise_twin_r3_n4_fused_multiply_o0_o1__multiply_o2_o3__add_s0_s1_fused_multiply_o0_o3__multiply_o2_o1__subtract_s0_s1,256,unpacked|unpacked|unpacked|unpacked,[1, 1, 256]
199,23,3,1715,matvec Q4_0,keep::reduce fold,omega_reduce_r4_o3_n2_multiply_add_zero,4096,Q4_0|unpacked,[1, 1, 512, 1536]
200,23,3,1722,RMSNorm sumsq + fused epilogue,keep::reduce fold,omega_reduce_r3_o2_n2_multiply_add_zero_epi3_fused_identity_o3__multiply_s0_o2__add_s1_o1__square_root_s2__reciprocal_s3__multiply_s4_o0,128,unpacked|unpacked,[1, 1, 512]
201,23,3,1697,RMSNorm sumsq + fused epilogue,keep::reduce fold,omega_reduce_r3_o2_n2_multiply_add_zero_epi4_fused_identity_o4__multiply_s0_o3__add_s1_o2__square_root_s2__reciprocal_s3__multiply_s4_o1__multiply_s5_o0,1024,unpacked|unpacked,[1, 8, 512]
202,23,3,1725,UNCLASSIFIED omega_elementwise_twin_r3_n4_fused_multiply_o0_o1__multiply_o2_o3__subtract_s0_s1_fused_multiply_o0_o3__multiply_o2_o1__add_s0_s1,elementwise_twin,omega_elementwise_twin_r3_n4_fused_multiply_o0_o1__multiply_o2_o3__subtract_s0_s1_fused_multiply_o0_o3__multiply_o2_o1__add_s0_s1,2048,unpacked|unpacked|unpacked|unpacked,[1, 8, 256]
203,23,4,1761,cached attention partial,cached_attention,omega_cached_attention_q1_h1_g8_d512_s3f800000_ln9223372036854775808_up0_x4_e1_k1_ds,32768,unpacked|unpacked|unpacked|unpacked|unpacked|unpacked|unpacked|unpacked|unpacked,[1, 1, 8, 512]
204,23,4,1761,cached attention merge,cached_attention,omega_cached_attention_q1_h1_g8_d512_s3f800000_ln9223372036854775808_up0_x4_e1_k1_ds_merge,8192,unpacked|unpacked|unpacked|unpacked|unpacked|unpacked|unpacked|unpacked|unpacked,[1, 1, 8, 512]
205,23,4,1763,matvec Q4_0,keep::reduce fold,omega_reduce_r5_o2_n2_multiply_add_zero,12288,Q4_0|unpacked,[1, 1, 8, 512, 1536]
206,23,4,1772,RMSNorm sumsq + fused epilogue,keep::reduce fold,omega_reduce_r2_o1_n2_multiply_add_zero_epi5_fused_identity_o5__multiply_s0_o4__add_s1_o3__square_root_s2__reciprocal_s3__multiply_s4_o2__multiply_s5_o1__add_s6_o0,256,unpacked|unpacked,[1, 1536]
207,23,4,1780,RMSNorm sumsq + fused epilogue,keep::reduce fold,omega_reduce_r2_o1_n2_multiply_add_zero_epi4_fused_identity_o4__multiply_s0_o3__add_s1_o2__square_root_s2__reciprocal_s3__multiply_s4_o1__multiply_s5_o0,256,unpacked|unpacked,[1, 1536]
208,23,4,1785,matvec Q4_0,keep::reduce fold,omega_reduce_r3_o2_n2_multiply_add_zero,49152,unpacked|Q4_0,[1, 1536, 6144]
209,23,4,1800,matvec Q4_0,keep::reduce fold,omega_reduce_r3_o2_n2_multiply_add_zero_epi9_fused_identity_o9__multiply_o5_o6__multiply_s1_o4__multiply_s2_o3__add_s3_o2__multiply_s4_o1__tanh_s5__add_s6_o0__multiply_o7_o8__multiply_s7_s8__multiply_s0_s9,49152,unpacked|Q4_0,[1, 1536, 6144]
210,23,4,1802,matvec Q4_0,keep::reduce fold,omega_reduce_r3_o2_n2_multiply_add_zero,12288,Q4_0|unpacked,[1, 6144, 1536]
211,23,4,1812,RMSNorm sumsq + fused epilogue,keep::reduce fold,omega_reduce_r2_o1_n2_multiply_add_zero_epi5_fused_identity_o5__multiply_s0_o4__add_s1_o3__square_root_s2__reciprocal_s3__multiply_s4_o2__multiply_s5_o1__add_s6_o0,256,unpacked|unpacked,[1, 1536]
212,23,4,1828,matvec Q4_0,keep::reduce fold,omega_reduce_r3_o2_n2_multiply_add_zero_epi5_fused_identity_o5__identity_o0__multiply_s0_s0__multiply_s0_s2__multiply_s3_o3__add_s0_s4__multiply_s5_o2__tanh_s6__add_s7_o1__multiply_s0_o4__multiply_s8_s9__multiply_s1_s10,2048,unpacked|Q4_0,[1, 1536, 256]
213,23,4,1831,matvec Q4_0,keep::reduce fold,omega_reduce_r3_o2_n2_multiply_add_zero,12288,unpacked|Q4_0,[1, 256, 1536]
214,23,4,1843,RMSNorm sumsq + fused epilogue,keep::reduce fold,omega_reduce_r2_o1_n2_multiply_add_zero_epi6_fused_identity_o6__multiply_s0_o4__add_s1_o3__square_root_s2__reciprocal_s3__multiply_s4_o2__multiply_s5_o1__add_s6_o0__multiply_s7_o5,256,unpacked|unpacked,[1, 1536]
215,23,4,1864,RMSNorm sumsq + fused epilogue,keep::reduce fold,omega_reduce_r2_o1_n2_multiply_add_zero_epi4_fused_identity_o4__multiply_s0_o3__add_s1_o2__square_root_s2__reciprocal_s3__multiply_s4_o1__multiply_s5_o0,256,unpacked|unpacked,[1, 1536]
216,23,4,1866,matvec Q4_0,keep::reduce fold,omega_reduce_r4_o3_n2_multiply_add_zero,16384,Q4_0|unpacked,[1, 8, 256, 1536]
217,23,4,1876,matvec Q4_0,keep::reduce fold,omega_reduce_r4_o3_n2_multiply_add_zero,2048,Q4_0|unpacked,[1, 1, 256, 1536]
218,23,4,1884,RMSNorm sumsq + fused epilogue,keep::reduce fold,omega_reduce_r3_o2_n2_multiply_add_zero_epi4_fused_identity_o4__multiply_s0_o3__add_s1_o2__square_root_s2__reciprocal_s3__multiply_s4_o1__multiply_s5_o0,64,unpacked|unpacked,[1, 1, 256]
219,23,4,1890,UNCLASSIFIED omega_elementwise_twin_r3_n4_fused_multiply_o0_o1__multiply_o2_o3__add_s0_s1_fused_multiply_o0_o3__multiply_o2_o1__subtract_s0_s1,elementwise_twin,omega_elementwise_twin_r3_n4_fused_multiply_o0_o1__multiply_o2_o3__add_s0_s1_fused_multiply_o0_o3__multiply_o2_o1__subtract_s0_s1,128,unpacked|unpacked|unpacked|unpacked,[1, 1, 128]
220,23,4,1892,matvec Q4_0,keep::reduce fold,omega_reduce_r4_o3_n2_multiply_add_zero,2048,Q4_0|unpacked,[1, 1, 256, 1536]
221,23,4,1899,RMSNorm sumsq + fused epilogue,keep::reduce fold,omega_reduce_r3_o2_n2_multiply_add_zero_epi3_fused_identity_o3__multiply_s0_o2__add_s1_o1__square_root_s2__reciprocal_s3__multiply_s4_o0,64,unpacked|unpacked,[1, 1, 256]
222,23,4,1874,RMSNorm sumsq + fused epilogue,keep::reduce fold,omega_reduce_r3_o2_n2_multiply_add_zero_epi4_fused_identity_o4__multiply_s0_o3__add_s1_o2__square_root_s2__reciprocal_s3__multiply_s4_o1__multiply_s5_o0,512,unpacked|unpacked,[1, 8, 256]
223,23,4,1902,UNCLASSIFIED omega_elementwise_twin_r3_n4_fused_multiply_o0_o1__multiply_o2_o3__subtract_s0_s1_fused_multiply_o0_o3__multiply_o2_o1__add_s0_s1,elementwise_twin,omega_elementwise_twin_r3_n4_fused_multiply_o0_o1__multiply_o2_o3__subtract_s0_s1_fused_multiply_o0_o3__multiply_o2_o1__add_s0_s1,1024,unpacked|unpacked|unpacked|unpacked,[1, 8, 128]
224,23,4,1938,cached attention partial,cached_attention,omega_cached_attention_q1_h1_g8_d256_s3f800000_ln511_up0_x4_e1_k1_ds,17408,unpacked|unpacked|unpacked|unpacked|unpacked|unpacked|unpacked|unpacked|unpacked,[1, 1, 8, 256]
225,23,4,1938,cached attention merge,cached_attention,omega_cached_attention_q1_h1_g8_d256_s3f800000_ln511_up0_x4_e1_k1_ds_merge,8192,unpacked|unpacked|unpacked|unpacked|unpacked|unpacked|unpacked|unpacked|unpacked,[1, 1, 8, 256]
226,23,4,1940,matvec Q4_0,keep::reduce fold,omega_reduce_r5_o2_n2_multiply_add_zero,12288,Q4_0|unpacked,[1, 1, 8, 256, 1536]
227,23,4,1949,RMSNorm sumsq + fused epilogue,keep::reduce fold,omega_reduce_r2_o1_n2_multiply_add_zero_epi5_fused_identity_o5__multiply_s0_o4__add_s1_o3__square_root_s2__reciprocal_s3__multiply_s4_o2__multiply_s5_o1__add_s6_o0,256,unpacked|unpacked,[1, 1536]
228,23,4,1957,RMSNorm sumsq + fused epilogue,keep::reduce fold,omega_reduce_r2_o1_n2_multiply_add_zero_epi4_fused_identity_o4__multiply_s0_o3__add_s1_o2__square_root_s2__reciprocal_s3__multiply_s4_o1__multiply_s5_o0,256,unpacked|unpacked,[1, 1536]
229,23,4,1962,matvec Q4_0,keep::reduce fold,omega_reduce_r3_o2_n2_multiply_add_zero,49152,unpacked|Q4_0,[1, 1536, 6144]
230,23,4,1977,matvec Q4_0,keep::reduce fold,omega_reduce_r3_o2_n2_multiply_add_zero_epi9_fused_identity_o9__multiply_o5_o6__multiply_s1_o4__multiply_s2_o3__add_s3_o2__multiply_s4_o1__tanh_s5__add_s6_o0__multiply_o7_o8__multiply_s7_s8__multiply_s0_s9,49152,unpacked|Q4_0,[1, 1536, 6144]
231,23,4,1979,matvec Q4_0,keep::reduce fold,omega_reduce_r3_o2_n2_multiply_add_zero,12288,Q4_0|unpacked,[1, 6144, 1536]
232,23,4,1989,RMSNorm sumsq + fused epilogue,keep::reduce fold,omega_reduce_r2_o1_n2_multiply_add_zero_epi5_fused_identity_o5__multiply_s0_o4__add_s1_o3__square_root_s2__reciprocal_s3__multiply_s4_o2__multiply_s5_o1__add_s6_o0,256,unpacked|unpacked,[1, 1536]
233,23,4,2005,matvec Q4_0,keep::reduce fold,omega_reduce_r3_o2_n2_multiply_add_zero_epi5_fused_identity_o5__identity_o0__multiply_s0_s0__multiply_s0_s2__multiply_s3_o3__add_s0_s4__multiply_s5_o2__tanh_s6__add_s7_o1__multiply_s0_o4__multiply_s8_s9__multiply_s1_s10,2048,unpacked|Q4_0,[1, 1536, 256]
234,23,4,2008,matvec Q4_0,keep::reduce fold,omega_reduce_r3_o2_n2_multiply_add_zero,12288,unpacked|Q4_0,[1, 256, 1536]
235,23,4,2020,RMSNorm sumsq + fused epilogue,keep::reduce fold,omega_reduce_r2_o1_n2_multiply_add_zero_epi6_fused_identity_o6__multiply_s0_o4__add_s1_o3__square_root_s2__reciprocal_s3__multiply_s4_o2__multiply_s5_o1__add_s6_o0__multiply_s7_o5,256,unpacked|unpacked,[1, 1536]
236,23,4,2041,RMSNorm sumsq + fused epilogue,keep::reduce fold,omega_reduce_r2_o1_n2_multiply_add_zero_epi4_fused_identity_o4__multiply_s0_o3__add_s1_o2__square_root_s2__reciprocal_s3__multiply_s4_o1__multiply_s5_o0,256,unpacked|unpacked,[1, 1536]
237,23,4,2043,matvec Q4_0,keep::reduce fold,omega_reduce_r4_o3_n2_multiply_add_zero,16384,Q4_0|unpacked,[1, 8, 256, 1536]
238,23,4,2053,matvec Q4_0,keep::reduce fold,omega_reduce_r4_o3_n2_multiply_add_zero,2048,Q4_0|unpacked,[1, 1, 256, 1536]
239,23,4,2061,RMSNorm sumsq + fused epilogue,keep::reduce fold,omega_reduce_r3_o2_n2_multiply_add_zero_epi4_fused_identity_o4__multiply_s0_o3__add_s1_o2__square_root_s2__reciprocal_s3__multiply_s4_o1__multiply_s5_o0,64,unpacked|unpacked,[1, 1, 256]
240,23,4,2067,UNCLASSIFIED omega_elementwise_twin_r3_n4_fused_multiply_o0_o1__multiply_o2_o3__add_s0_s1_fused_multiply_o0_o3__multiply_o2_o1__subtract_s0_s1,elementwise_twin,omega_elementwise_twin_r3_n4_fused_multiply_o0_o1__multiply_o2_o3__add_s0_s1_fused_multiply_o0_o3__multiply_o2_o1__subtract_s0_s1,128,unpacked|unpacked|unpacked|unpacked,[1, 1, 128]
241,23,4,2069,matvec Q4_0,keep::reduce fold,omega_reduce_r4_o3_n2_multiply_add_zero,2048,Q4_0|unpacked,[1, 1, 256, 1536]
242,23,4,2076,RMSNorm sumsq + fused epilogue,keep::reduce fold,omega_reduce_r3_o2_n2_multiply_add_zero_epi3_fused_identity_o3__multiply_s0_o2__add_s1_o1__square_root_s2__reciprocal_s3__multiply_s4_o0,64,unpacked|unpacked,[1, 1, 256]
243,23,4,2051,RMSNorm sumsq + fused epilogue,keep::reduce fold,omega_reduce_r3_o2_n2_multiply_add_zero_epi4_fused_identity_o4__multiply_s0_o3__add_s1_o2__square_root_s2__reciprocal_s3__multiply_s4_o1__multiply_s5_o0,512,unpacked|unpacked,[1, 8, 256]
244,23,4,2079,UNCLASSIFIED omega_elementwise_twin_r3_n4_fused_multiply_o0_o1__multiply_o2_o3__subtract_s0_s1_fused_multiply_o0_o3__multiply_o2_o1__add_s0_s1,elementwise_twin,omega_elementwise_twin_r3_n4_fused_multiply_o0_o1__multiply_o2_o3__subtract_s0_s1_fused_multiply_o0_o3__multiply_o2_o1__add_s0_s1,1024,unpacked|unpacked|unpacked|unpacked,[1, 8, 128]
245,23,4,2115,cached attention partial,cached_attention,omega_cached_attention_q1_h1_g8_d256_s3f800000_ln511_up0_x4_e1_k1_ds,17408,unpacked|unpacked|unpacked|unpacked|unpacked|unpacked|unpacked|unpacked|unpacked,[1, 1, 8, 256]
246,23,4,2115,cached attention merge,cached_attention,omega_cached_attention_q1_h1_g8_d256_s3f800000_ln511_up0_x4_e1_k1_ds_merge,8192,unpacked|unpacked|unpacked|unpacked|unpacked|unpacked|unpacked|unpacked|unpacked,[1, 1, 8, 256]
247,23,4,2117,matvec Q4_0,keep::reduce fold,omega_reduce_r5_o2_n2_multiply_add_zero,12288,Q4_0|unpacked,[1, 1, 8, 256, 1536]
248,23,4,2126,RMSNorm sumsq + fused epilogue,keep::reduce fold,omega_reduce_r2_o1_n2_multiply_add_zero_epi5_fused_identity_o5__multiply_s0_o4__add_s1_o3__square_root_s2__reciprocal_s3__multiply_s4_o2__multiply_s5_o1__add_s6_o0,256,unpacked|unpacked,[1, 1536]
249,23,4,2134,RMSNorm sumsq + fused epilogue,keep::reduce fold,omega_reduce_r2_o1_n2_multiply_add_zero_epi4_fused_identity_o4__multiply_s0_o3__add_s1_o2__square_root_s2__reciprocal_s3__multiply_s4_o1__multiply_s5_o0,256,unpacked|unpacked,[1, 1536]
250,23,4,2139,matvec Q4_0,keep::reduce fold,omega_reduce_r3_o2_n2_multiply_add_zero,49152,unpacked|Q4_0,[1, 1536, 6144]
251,23,4,2154,matvec Q4_0,keep::reduce fold,omega_reduce_r3_o2_n2_multiply_add_zero_epi9_fused_identity_o9__multiply_o5_o6__multiply_s1_o4__multiply_s2_o3__add_s3_o2__multiply_s4_o1__tanh_s5__add_s6_o0__multiply_o7_o8__multiply_s7_s8__multiply_s0_s9,49152,unpacked|Q4_0,[1, 1536, 6144]
252,23,4,2156,matvec Q4_0,keep::reduce fold,omega_reduce_r3_o2_n2_multiply_add_zero,12288,Q4_0|unpacked,[1, 6144, 1536]
253,23,4,2166,RMSNorm sumsq + fused epilogue,keep::reduce fold,omega_reduce_r2_o1_n2_multiply_add_zero_epi5_fused_identity_o5__multiply_s0_o4__add_s1_o3__square_root_s2__reciprocal_s3__multiply_s4_o2__multiply_s5_o1__add_s6_o0,256,unpacked|unpacked,[1, 1536]
254,23,4,2182,matvec Q4_0,keep::reduce fold,omega_reduce_r3_o2_n2_multiply_add_zero_epi5_fused_identity_o5__identity_o0__multiply_s0_s0__multiply_s0_s2__multiply_s3_o3__add_s0_s4__multiply_s5_o2__tanh_s6__add_s7_o1__multiply_s0_o4__multiply_s8_s9__multiply_s1_s10,2048,unpacked|Q4_0,[1, 1536, 256]
255,23,4,2185,matvec Q4_0,keep::reduce fold,omega_reduce_r3_o2_n2_multiply_add_zero,12288,unpacked|Q4_0,[1, 256, 1536]
256,23,4,2197,RMSNorm sumsq + fused epilogue,keep::reduce fold,omega_reduce_r2_o1_n2_multiply_add_zero_epi6_fused_identity_o6__multiply_s0_o4__add_s1_o3__square_root_s2__reciprocal_s3__multiply_s4_o2__multiply_s5_o1__add_s6_o0__multiply_s7_o5,256,unpacked|unpacked,[1, 1536]
257,23,4,2218,RMSNorm sumsq + fused epilogue,keep::reduce fold,omega_reduce_r2_o1_n2_multiply_add_zero_epi4_fused_identity_o4__multiply_s0_o3__add_s1_o2__square_root_s2__reciprocal_s3__multiply_s4_o1__multiply_s5_o0,256,unpacked|unpacked,[1, 1536]
258,23,4,2220,matvec Q4_0,keep::reduce fold,omega_reduce_r4_o3_n2_multiply_add_zero,16384,Q4_0|unpacked,[1, 8, 256, 1536]
259,23,4,2230,matvec Q4_0,keep::reduce fold,omega_reduce_r4_o3_n2_multiply_add_zero,2048,Q4_0|unpacked,[1, 1, 256, 1536]
260,23,4,2238,RMSNorm sumsq + fused epilogue,keep::reduce fold,omega_reduce_r3_o2_n2_multiply_add_zero_epi4_fused_identity_o4__multiply_s0_o3__add_s1_o2__square_root_s2__reciprocal_s3__multiply_s4_o1__multiply_s5_o0,64,unpacked|unpacked,[1, 1, 256]
261,23,4,2244,UNCLASSIFIED omega_elementwise_twin_r3_n4_fused_multiply_o0_o1__multiply_o2_o3__add_s0_s1_fused_multiply_o0_o3__multiply_o2_o1__subtract_s0_s1,elementwise_twin,omega_elementwise_twin_r3_n4_fused_multiply_o0_o1__multiply_o2_o3__add_s0_s1_fused_multiply_o0_o3__multiply_o2_o1__subtract_s0_s1,128,unpacked|unpacked|unpacked|unpacked,[1, 1, 128]
262,23,4,2246,matvec Q4_0,keep::reduce fold,omega_reduce_r4_o3_n2_multiply_add_zero,2048,Q4_0|unpacked,[1, 1, 256, 1536]
263,23,4,2253,RMSNorm sumsq + fused epilogue,keep::reduce fold,omega_reduce_r3_o2_n2_multiply_add_zero_epi3_fused_identity_o3__multiply_s0_o2__add_s1_o1__square_root_s2__reciprocal_s3__multiply_s4_o0,64,unpacked|unpacked,[1, 1, 256]
264,23,4,2228,RMSNorm sumsq + fused epilogue,keep::reduce fold,omega_reduce_r3_o2_n2_multiply_add_zero_epi4_fused_identity_o4__multiply_s0_o3__add_s1_o2__square_root_s2__reciprocal_s3__multiply_s4_o1__multiply_s5_o0,512,unpacked|unpacked,[1, 8, 256]
265,23,4,2256,UNCLASSIFIED omega_elementwise_twin_r3_n4_fused_multiply_o0_o1__multiply_o2_o3__subtract_s0_s1_fused_multiply_o0_o3__multiply_o2_o1__add_s0_s1,elementwise_twin,omega_elementwise_twin_r3_n4_fused_multiply_o0_o1__multiply_o2_o3__subtract_s0_s1_fused_multiply_o0_o3__multiply_o2_o1__add_s0_s1,1024,unpacked|unpacked|unpacked|unpacked,[1, 8, 128]
266,23,4,2292,cached attention partial,cached_attention,omega_cached_attention_q1_h1_g8_d256_s3f800000_ln511_up0_x4_e1_k1_ds,17408,unpacked|unpacked|unpacked|unpacked|unpacked|unpacked|unpacked|unpacked|unpacked,[1, 1, 8, 256]
267,23,4,2292,cached attention merge,cached_attention,omega_cached_attention_q1_h1_g8_d256_s3f800000_ln511_up0_x4_e1_k1_ds_merge,8192,unpacked|unpacked|unpacked|unpacked|unpacked|unpacked|unpacked|unpacked|unpacked,[1, 1, 8, 256]
268,23,4,2294,matvec Q4_0,keep::reduce fold,omega_reduce_r5_o2_n2_multiply_add_zero,12288,Q4_0|unpacked,[1, 1, 8, 256, 1536]
269,23,4,2303,RMSNorm sumsq + fused epilogue,keep::reduce fold,omega_reduce_r2_o1_n2_multiply_add_zero_epi5_fused_identity_o5__multiply_s0_o4__add_s1_o3__square_root_s2__reciprocal_s3__multiply_s4_o2__multiply_s5_o1__add_s6_o0,256,unpacked|unpacked,[1, 1536]
270,23,4,2311,RMSNorm sumsq + fused epilogue,keep::reduce fold,omega_reduce_r2_o1_n2_multiply_add_zero_epi4_fused_identity_o4__multiply_s0_o3__add_s1_o2__square_root_s2__reciprocal_s3__multiply_s4_o1__multiply_s5_o0,256,unpacked|unpacked,[1, 1536]
271,23,4,2316,matvec Q4_0,keep::reduce fold,omega_reduce_r3_o2_n2_multiply_add_zero,49152,unpacked|Q4_0,[1, 1536, 6144]
272,23,4,2331,matvec Q4_0,keep::reduce fold,omega_reduce_r3_o2_n2_multiply_add_zero_epi9_fused_identity_o9__multiply_o5_o6__multiply_s1_o4__multiply_s2_o3__add_s3_o2__multiply_s4_o1__tanh_s5__add_s6_o0__multiply_o7_o8__multiply_s7_s8__multiply_s0_s9,49152,unpacked|Q4_0,[1, 1536, 6144]
273,23,4,2333,matvec Q4_0,keep::reduce fold,omega_reduce_r3_o2_n2_multiply_add_zero,12288,Q4_0|unpacked,[1, 6144, 1536]
274,23,4,2343,RMSNorm sumsq + fused epilogue,keep::reduce fold,omega_reduce_r2_o1_n2_multiply_add_zero_epi5_fused_identity_o5__multiply_s0_o4__add_s1_o3__square_root_s2__reciprocal_s3__multiply_s4_o2__multiply_s5_o1__add_s6_o0,256,unpacked|unpacked,[1, 1536]
275,23,4,2359,matvec Q4_0,keep::reduce fold,omega_reduce_r3_o2_n2_multiply_add_zero_epi5_fused_identity_o5__identity_o0__multiply_s0_s0__multiply_s0_s2__multiply_s3_o3__add_s0_s4__multiply_s5_o2__tanh_s6__add_s7_o1__multiply_s0_o4__multiply_s8_s9__multiply_s1_s10,2048,unpacked|Q4_0,[1, 1536, 256]
276,23,4,2362,matvec Q4_0,keep::reduce fold,omega_reduce_r3_o2_n2_multiply_add_zero,12288,unpacked|Q4_0,[1, 256, 1536]
277,23,4,2374,RMSNorm sumsq + fused epilogue,keep::reduce fold,omega_reduce_r2_o1_n2_multiply_add_zero_epi6_fused_identity_o6__multiply_s0_o4__add_s1_o3__square_root_s2__reciprocal_s3__multiply_s4_o2__multiply_s5_o1__add_s6_o0__multiply_s7_o5,256,unpacked|unpacked,[1, 1536]
278,23,4,2395,RMSNorm sumsq + fused epilogue,keep::reduce fold,omega_reduce_r2_o1_n2_multiply_add_zero_epi4_fused_identity_o4__multiply_s0_o3__add_s1_o2__square_root_s2__reciprocal_s3__multiply_s4_o1__multiply_s5_o0,256,unpacked|unpacked,[1, 1536]
279,23,4,2397,matvec Q4_0,keep::reduce fold,omega_reduce_r4_o3_n2_multiply_add_zero,16384,Q4_0|unpacked,[1, 8, 256, 1536]
280,23,4,2407,matvec Q4_0,keep::reduce fold,omega_reduce_r4_o3_n2_multiply_add_zero,2048,Q4_0|unpacked,[1, 1, 256, 1536]
281,23,4,2415,RMSNorm sumsq + fused epilogue,keep::reduce fold,omega_reduce_r3_o2_n2_multiply_add_zero_epi4_fused_identity_o4__multiply_s0_o3__add_s1_o2__square_root_s2__reciprocal_s3__multiply_s4_o1__multiply_s5_o0,64,unpacked|unpacked,[1, 1, 256]
282,23,4,2421,UNCLASSIFIED omega_elementwise_twin_r3_n4_fused_multiply_o0_o1__multiply_o2_o3__add_s0_s1_fused_multiply_o0_o3__multiply_o2_o1__subtract_s0_s1,elementwise_twin,omega_elementwise_twin_r3_n4_fused_multiply_o0_o1__multiply_o2_o3__add_s0_s1_fused_multiply_o0_o3__multiply_o2_o1__subtract_s0_s1,128,unpacked|unpacked|unpacked|unpacked,[1, 1, 128]
283,23,4,2423,matvec Q4_0,keep::reduce fold,omega_reduce_r4_o3_n2_multiply_add_zero,2048,Q4_0|unpacked,[1, 1, 256, 1536]
284,23,4,2430,RMSNorm sumsq + fused epilogue,keep::reduce fold,omega_reduce_r3_o2_n2_multiply_add_zero_epi3_fused_identity_o3__multiply_s0_o2__add_s1_o1__square_root_s2__reciprocal_s3__multiply_s4_o0,64,unpacked|unpacked,[1, 1, 256]
285,23,4,2405,RMSNorm sumsq + fused epilogue,keep::reduce fold,omega_reduce_r3_o2_n2_multiply_add_zero_epi4_fused_identity_o4__multiply_s0_o3__add_s1_o2__square_root_s2__reciprocal_s3__multiply_s4_o1__multiply_s5_o0,512,unpacked|unpacked,[1, 8, 256]
286,23,4,2433,UNCLASSIFIED omega_elementwise_twin_r3_n4_fused_multiply_o0_o1__multiply_o2_o3__subtract_s0_s1_fused_multiply_o0_o3__multiply_o2_o1__add_s0_s1,elementwise_twin,omega_elementwise_twin_r3_n4_fused_multiply_o0_o1__multiply_o2_o3__subtract_s0_s1_fused_multiply_o0_o3__multiply_o2_o1__add_s0_s1,1024,unpacked|unpacked|unpacked|unpacked,[1, 8, 128]
287,23,4,2469,cached attention partial,cached_attention,omega_cached_attention_q1_h1_g8_d256_s3f800000_ln511_up0_x4_e1_k1_ds,17408,unpacked|unpacked|unpacked|unpacked|unpacked|unpacked|unpacked|unpacked|unpacked,[1, 1, 8, 256]
288,23,4,2469,cached attention merge,cached_attention,omega_cached_attention_q1_h1_g8_d256_s3f800000_ln511_up0_x4_e1_k1_ds_merge,8192,unpacked|unpacked|unpacked|unpacked|unpacked|unpacked|unpacked|unpacked|unpacked,[1, 1, 8, 256]
289,23,4,2471,matvec Q4_0,keep::reduce fold,omega_reduce_r5_o2_n2_multiply_add_zero,12288,Q4_0|unpacked,[1, 1, 8, 256, 1536]
290,23,4,2480,RMSNorm sumsq + fused epilogue,keep::reduce fold,omega_reduce_r2_o1_n2_multiply_add_zero_epi5_fused_identity_o5__multiply_s0_o4__add_s1_o3__square_root_s2__reciprocal_s3__multiply_s4_o2__multiply_s5_o1__add_s6_o0,256,unpacked|unpacked,[1, 1536]
291,23,4,2488,RMSNorm sumsq + fused epilogue,keep::reduce fold,omega_reduce_r2_o1_n2_multiply_add_zero_epi4_fused_identity_o4__multiply_s0_o3__add_s1_o2__square_root_s2__reciprocal_s3__multiply_s4_o1__multiply_s5_o0,256,unpacked|unpacked,[1, 1536]
292,23,4,2493,matvec Q4_0,keep::reduce fold,omega_reduce_r3_o2_n2_multiply_add_zero,49152,unpacked|Q4_0,[1, 1536, 6144]
293,23,4,2508,matvec Q4_0,keep::reduce fold,omega_reduce_r3_o2_n2_multiply_add_zero_epi9_fused_identity_o9__multiply_o5_o6__multiply_s1_o4__multiply_s2_o3__add_s3_o2__multiply_s4_o1__tanh_s5__add_s6_o0__multiply_o7_o8__multiply_s7_s8__multiply_s0_s9,49152,unpacked|Q4_0,[1, 1536, 6144]
294,23,4,2510,matvec Q4_0,keep::reduce fold,omega_reduce_r3_o2_n2_multiply_add_zero,12288,Q4_0|unpacked,[1, 6144, 1536]
295,23,4,2520,RMSNorm sumsq + fused epilogue,keep::reduce fold,omega_reduce_r2_o1_n2_multiply_add_zero_epi5_fused_identity_o5__multiply_s0_o4__add_s1_o3__square_root_s2__reciprocal_s3__multiply_s4_o2__multiply_s5_o1__add_s6_o0,256,unpacked|unpacked,[1, 1536]
296,23,5,2536,matvec Q4_0,keep::reduce fold,omega_reduce_r3_o2_n2_multiply_add_zero_epi5_fused_identity_o5__identity_o0__multiply_s0_s0__multiply_s0_s2__multiply_s3_o3__add_s0_s4__multiply_s5_o2__tanh_s6__add_s7_o1__multiply_s0_o4__multiply_s8_s9__multiply_s1_s10,2048,unpacked|Q4_0,[1, 1536, 256]
297,23,5,2539,matvec Q4_0,keep::reduce fold,omega_reduce_r3_o2_n2_multiply_add_zero,12288,unpacked|Q4_0,[1, 256, 1536]
298,23,5,2551,RMSNorm sumsq + fused epilogue,keep::reduce fold,omega_reduce_r2_o1_n2_multiply_add_zero_epi6_fused_identity_o6__multiply_s0_o4__add_s1_o3__square_root_s2__reciprocal_s3__multiply_s4_o2__multiply_s5_o1__add_s6_o0__multiply_s7_o5,256,unpacked|unpacked,[1, 1536]
299,23,5,2572,RMSNorm sumsq + fused epilogue,keep::reduce fold,omega_reduce_r2_o1_n2_multiply_add_zero_epi4_fused_identity_o4__multiply_s0_o3__add_s1_o2__square_root_s2__reciprocal_s3__multiply_s4_o1__multiply_s5_o0,256,unpacked|unpacked,[1, 1536]
300,23,5,2574,matvec Q4_0,keep::reduce fold,omega_reduce_r4_o3_n2_multiply_add_zero,32768,Q4_0|unpacked,[1, 8, 512, 1536]
301,23,5,2584,matvec Q4_0,keep::reduce fold,omega_reduce_r4_o3_n2_multiply_add_zero,4096,Q4_0|unpacked,[1, 1, 512, 1536]
302,23,5,2592,RMSNorm sumsq + fused epilogue,keep::reduce fold,omega_reduce_r3_o2_n2_multiply_add_zero_epi4_fused_identity_o4__multiply_s0_o3__add_s1_o2__square_root_s2__reciprocal_s3__multiply_s4_o1__multiply_s5_o0,128,unpacked|unpacked,[1, 1, 512]
303,23,5,2598,UNCLASSIFIED omega_elementwise_twin_r3_n4_fused_multiply_o0_o1__multiply_o2_o3__add_s0_s1_fused_multiply_o0_o3__multiply_o2_o1__subtract_s0_s1,elementwise_twin,omega_elementwise_twin_r3_n4_fused_multiply_o0_o1__multiply_o2_o3__add_s0_s1_fused_multiply_o0_o3__multiply_o2_o1__subtract_s0_s1,256,unpacked|unpacked|unpacked|unpacked,[1, 1, 256]
304,23,5,2600,matvec Q4_0,keep::reduce fold,omega_reduce_r4_o3_n2_multiply_add_zero,4096,Q4_0|unpacked,[1, 1, 512, 1536]
305,23,5,2607,RMSNorm sumsq + fused epilogue,keep::reduce fold,omega_reduce_r3_o2_n2_multiply_add_zero_epi3_fused_identity_o3__multiply_s0_o2__add_s1_o1__square_root_s2__reciprocal_s3__multiply_s4_o0,128,unpacked|unpacked,[1, 1, 512]
306,23,5,2582,RMSNorm sumsq + fused epilogue,keep::reduce fold,omega_reduce_r3_o2_n2_multiply_add_zero_epi4_fused_identity_o4__multiply_s0_o3__add_s1_o2__square_root_s2__reciprocal_s3__multiply_s4_o1__multiply_s5_o0,1024,unpacked|unpacked,[1, 8, 512]
307,23,5,2610,UNCLASSIFIED omega_elementwise_twin_r3_n4_fused_multiply_o0_o1__multiply_o2_o3__subtract_s0_s1_fused_multiply_o0_o3__multiply_o2_o1__add_s0_s1,elementwise_twin,omega_elementwise_twin_r3_n4_fused_multiply_o0_o1__multiply_o2_o3__subtract_s0_s1_fused_multiply_o0_o3__multiply_o2_o1__add_s0_s1,2048,unpacked|unpacked|unpacked|unpacked,[1, 8, 256]
308,23,5,2646,cached attention partial,cached_attention,omega_cached_attention_q1_h1_g8_d512_s3f800000_ln9223372036854775808_up0_x4_e1_k1_ds,32768,unpacked|unpacked|unpacked|unpacked|unpacked|unpacked|unpacked|unpacked|unpacked,[1, 1, 8, 512]
309,23,5,2646,cached attention merge,cached_attention,omega_cached_attention_q1_h1_g8_d512_s3f800000_ln9223372036854775808_up0_x4_e1_k1_ds_merge,8192,unpacked|unpacked|unpacked|unpacked|unpacked|unpacked|unpacked|unpacked|unpacked,[1, 1, 8, 512]
310,23,5,2648,matvec Q4_0,keep::reduce fold,omega_reduce_r5_o2_n2_multiply_add_zero,12288,Q4_0|unpacked,[1, 1, 8, 512, 1536]
311,23,5,2657,RMSNorm sumsq + fused epilogue,keep::reduce fold,omega_reduce_r2_o1_n2_multiply_add_zero_epi5_fused_identity_o5__multiply_s0_o4__add_s1_o3__square_root_s2__reciprocal_s3__multiply_s4_o2__multiply_s5_o1__add_s6_o0,256,unpacked|unpacked,[1, 1536]
312,23,5,2665,RMSNorm sumsq + fused epilogue,keep::reduce fold,omega_reduce_r2_o1_n2_multiply_add_zero_epi4_fused_identity_o4__multiply_s0_o3__add_s1_o2__square_root_s2__reciprocal_s3__multiply_s4_o1__multiply_s5_o0,256,unpacked|unpacked,[1, 1536]
313,23,5,2670,matvec Q4_0,keep::reduce fold,omega_reduce_r3_o2_n2_multiply_add_zero,49152,unpacked|Q4_0,[1, 1536, 6144]
314,23,5,2685,matvec Q4_0,keep::reduce fold,omega_reduce_r3_o2_n2_multiply_add_zero_epi9_fused_identity_o9__multiply_o5_o6__multiply_s1_o4__multiply_s2_o3__add_s3_o2__multiply_s4_o1__tanh_s5__add_s6_o0__multiply_o7_o8__multiply_s7_s8__multiply_s0_s9,49152,unpacked|Q4_0,[1, 1536, 6144]
315,23,5,2687,matvec Q4_0,keep::reduce fold,omega_reduce_r3_o2_n2_multiply_add_zero,12288,Q4_0|unpacked,[1, 6144, 1536]
316,23,5,2697,RMSNorm sumsq + fused epilogue,keep::reduce fold,omega_reduce_r2_o1_n2_multiply_add_zero_epi5_fused_identity_o5__multiply_s0_o4__add_s1_o3__square_root_s2__reciprocal_s3__multiply_s4_o2__multiply_s5_o1__add_s6_o0,256,unpacked|unpacked,[1, 1536]
317,23,5,2713,matvec Q4_0,keep::reduce fold,omega_reduce_r3_o2_n2_multiply_add_zero_epi5_fused_identity_o5__identity_o0__multiply_s0_s0__multiply_s0_s2__multiply_s3_o3__add_s0_s4__multiply_s5_o2__tanh_s6__add_s7_o1__multiply_s0_o4__multiply_s8_s9__multiply_s1_s10,2048,unpacked|Q4_0,[1, 1536, 256]
318,23,5,2716,matvec Q4_0,keep::reduce fold,omega_reduce_r3_o2_n2_multiply_add_zero,12288,unpacked|Q4_0,[1, 256, 1536]
319,23,5,2728,RMSNorm sumsq + fused epilogue,keep::reduce fold,omega_reduce_r2_o1_n2_multiply_add_zero_epi6_fused_identity_o6__multiply_s0_o4__add_s1_o3__square_root_s2__reciprocal_s3__multiply_s4_o2__multiply_s5_o1__add_s6_o0__multiply_s7_o5,256,unpacked|unpacked,[1, 1536]
320,23,5,2743,RMSNorm sumsq + fused epilogue,keep::reduce fold,omega_reduce_r2_o1_n2_multiply_add_zero_epi4_fused_identity_o4__multiply_s0_o3__add_s1_o2__square_root_s2__reciprocal_s3__multiply_s4_o1__multiply_s5_o0,256,unpacked|unpacked,[1, 1536]
321,23,5,2745,matvec Q4_0,keep::reduce fold,omega_reduce_r4_o3_n2_multiply_add_zero,16384,Q4_0|unpacked,[1, 8, 256, 1536]
322,23,5,2753,RMSNorm sumsq + fused epilogue,keep::reduce fold,omega_reduce_r3_o2_n2_multiply_add_zero_epi4_fused_identity_o4__multiply_s0_o3__add_s1_o2__square_root_s2__reciprocal_s3__multiply_s4_o1__multiply_s5_o0,512,unpacked|unpacked,[1, 8, 256]
323,23,5,2756,UNCLASSIFIED omega_elementwise_twin_r3_n4_fused_multiply_o0_o1__multiply_o2_o3__subtract_s0_s1_fused_multiply_o0_o3__multiply_o2_o1__add_s0_s1,elementwise_twin,omega_elementwise_twin_r3_n4_fused_multiply_o0_o1__multiply_o2_o3__subtract_s0_s1_fused_multiply_o0_o3__multiply_o2_o1__add_s0_s1,1024,unpacked|unpacked|unpacked|unpacked,[1, 8, 128]
324,23,5,2792,cached attention partial,cached_attention,omega_cached_attention_q1_h1_g8_d256_s3f800000_ln511_up0_x4_e1_k1_ds,17408,unpacked|unpacked|unpacked|unpacked|unpacked|unpacked|unpacked|unpacked|unpacked,[1, 1, 8, 256]
325,23,5,2792,cached attention merge,cached_attention,omega_cached_attention_q1_h1_g8_d256_s3f800000_ln511_up0_x4_e1_k1_ds_merge,8192,unpacked|unpacked|unpacked|unpacked|unpacked|unpacked|unpacked|unpacked|unpacked,[1, 1, 8, 256]
326,23,5,2794,matvec Q4_0,keep::reduce fold,omega_reduce_r5_o2_n2_multiply_add_zero,12288,Q4_0|unpacked,[1, 1, 8, 256, 1536]
327,23,5,2803,RMSNorm sumsq + fused epilogue,keep::reduce fold,omega_reduce_r2_o1_n2_multiply_add_zero_epi5_fused_identity_o5__multiply_s0_o4__add_s1_o3__square_root_s2__reciprocal_s3__multiply_s4_o2__multiply_s5_o1__add_s6_o0,256,unpacked|unpacked,[1, 1536]
328,23,5,2811,RMSNorm sumsq + fused epilogue,keep::reduce fold,omega_reduce_r2_o1_n2_multiply_add_zero_epi4_fused_identity_o4__multiply_s0_o3__add_s1_o2__square_root_s2__reciprocal_s3__multiply_s4_o1__multiply_s5_o0,256,unpacked|unpacked,[1, 1536]
329,23,5,2816,matvec Q4_0,keep::reduce fold,omega_reduce_r3_o2_n2_multiply_add_zero,98304,unpacked|Q4_0,[1, 1536, 12288]
330,23,5,2831,matvec Q4_0,keep::reduce fold,omega_reduce_r3_o2_n2_multiply_add_zero_epi9_fused_identity_o9__multiply_o5_o6__multiply_s1_o4__multiply_s2_o3__add_s3_o2__multiply_s4_o1__tanh_s5__add_s6_o0__multiply_o7_o8__multiply_s7_s8__multiply_s0_s9,98304,unpacked|Q4_0,[1, 1536, 12288]
331,23,5,2833,matvec Q4_0,keep::reduce fold,omega_reduce_r3_o2_n2_multiply_add_zero,12288,Q4_0|unpacked,[1, 12288, 1536]
332,23,5,2843,RMSNorm sumsq + fused epilogue,keep::reduce fold,omega_reduce_r2_o1_n2_multiply_add_zero_epi5_fused_identity_o5__multiply_s0_o4__add_s1_o3__square_root_s2__reciprocal_s3__multiply_s4_o2__multiply_s5_o1__add_s6_o0,256,unpacked|unpacked,[1, 1536]
333,23,5,2859,matvec Q4_0,keep::reduce fold,omega_reduce_r3_o2_n2_multiply_add_zero_epi5_fused_identity_o5__identity_o0__multiply_s0_s0__multiply_s0_s2__multiply_s3_o3__add_s0_s4__multiply_s5_o2__tanh_s6__add_s7_o1__multiply_s0_o4__multiply_s8_s9__multiply_s1_s10,2048,unpacked|Q4_0,[1, 1536, 256]
334,23,5,2862,matvec Q4_0,keep::reduce fold,omega_reduce_r3_o2_n2_multiply_add_zero,12288,unpacked|Q4_0,[1, 256, 1536]
335,23,5,2874,RMSNorm sumsq + fused epilogue,keep::reduce fold,omega_reduce_r2_o1_n2_multiply_add_zero_epi6_fused_identity_o6__multiply_s0_o4__add_s1_o3__square_root_s2__reciprocal_s3__multiply_s4_o2__multiply_s5_o1__add_s6_o0__multiply_s7_o5,256,unpacked|unpacked,[1, 1536]
336,23,5,2889,RMSNorm sumsq + fused epilogue,keep::reduce fold,omega_reduce_r2_o1_n2_multiply_add_zero_epi4_fused_identity_o4__multiply_s0_o3__add_s1_o2__square_root_s2__reciprocal_s3__multiply_s4_o1__multiply_s5_o0,256,unpacked|unpacked,[1, 1536]
337,23,5,2891,matvec Q4_0,keep::reduce fold,omega_reduce_r4_o3_n2_multiply_add_zero,16384,Q4_0|unpacked,[1, 8, 256, 1536]
338,23,5,2899,RMSNorm sumsq + fused epilogue,keep::reduce fold,omega_reduce_r3_o2_n2_multiply_add_zero_epi4_fused_identity_o4__multiply_s0_o3__add_s1_o2__square_root_s2__reciprocal_s3__multiply_s4_o1__multiply_s5_o0,512,unpacked|unpacked,[1, 8, 256]
339,23,5,2902,UNCLASSIFIED omega_elementwise_twin_r3_n4_fused_multiply_o0_o1__multiply_o2_o3__subtract_s0_s1_fused_multiply_o0_o3__multiply_o2_o1__add_s0_s1,elementwise_twin,omega_elementwise_twin_r3_n4_fused_multiply_o0_o1__multiply_o2_o3__subtract_s0_s1_fused_multiply_o0_o3__multiply_o2_o1__add_s0_s1,1024,unpacked|unpacked|unpacked|unpacked,[1, 8, 128]
340,23,5,2938,cached attention partial,cached_attention,omega_cached_attention_q1_h1_g8_d256_s3f800000_ln511_up0_x4_e1_k1_ds,17408,unpacked|unpacked|unpacked|unpacked|unpacked|unpacked|unpacked|unpacked|unpacked,[1, 1, 8, 256]
341,23,5,2938,cached attention merge,cached_attention,omega_cached_attention_q1_h1_g8_d256_s3f800000_ln511_up0_x4_e1_k1_ds_merge,8192,unpacked|unpacked|unpacked|unpacked|unpacked|unpacked|unpacked|unpacked|unpacked,[1, 1, 8, 256]
342,23,5,2940,matvec Q4_0,keep::reduce fold,omega_reduce_r5_o2_n2_multiply_add_zero,12288,Q4_0|unpacked,[1, 1, 8, 256, 1536]
343,23,5,2949,RMSNorm sumsq + fused epilogue,keep::reduce fold,omega_reduce_r2_o1_n2_multiply_add_zero_epi5_fused_identity_o5__multiply_s0_o4__add_s1_o3__square_root_s2__reciprocal_s3__multiply_s4_o2__multiply_s5_o1__add_s6_o0,256,unpacked|unpacked,[1, 1536]
344,23,5,2957,RMSNorm sumsq + fused epilogue,keep::reduce fold,omega_reduce_r2_o1_n2_multiply_add_zero_epi4_fused_identity_o4__multiply_s0_o3__add_s1_o2__square_root_s2__reciprocal_s3__multiply_s4_o1__multiply_s5_o0,256,unpacked|unpacked,[1, 1536]
345,23,5,2962,matvec Q4_0,keep::reduce fold,omega_reduce_r3_o2_n2_multiply_add_zero,98304,unpacked|Q4_0,[1, 1536, 12288]
346,23,5,2977,matvec Q4_0,keep::reduce fold,omega_reduce_r3_o2_n2_multiply_add_zero_epi9_fused_identity_o9__multiply_o5_o6__multiply_s1_o4__multiply_s2_o3__add_s3_o2__multiply_s4_o1__tanh_s5__add_s6_o0__multiply_o7_o8__multiply_s7_s8__multiply_s0_s9,98304,unpacked|Q4_0,[1, 1536, 12288]
347,23,5,2979,matvec Q4_0,keep::reduce fold,omega_reduce_r3_o2_n2_multiply_add_zero,12288,Q4_0|unpacked,[1, 12288, 1536]
348,23,5,2989,RMSNorm sumsq + fused epilogue,keep::reduce fold,omega_reduce_r2_o1_n2_multiply_add_zero_epi5_fused_identity_o5__multiply_s0_o4__add_s1_o3__square_root_s2__reciprocal_s3__multiply_s4_o2__multiply_s5_o1__add_s6_o0,256,unpacked|unpacked,[1, 1536]
349,23,5,3005,matvec Q4_0,keep::reduce fold,omega_reduce_r3_o2_n2_multiply_add_zero_epi5_fused_identity_o5__identity_o0__multiply_s0_s0__multiply_s0_s2__multiply_s3_o3__add_s0_s4__multiply_s5_o2__tanh_s6__add_s7_o1__multiply_s0_o4__multiply_s8_s9__multiply_s1_s10,2048,unpacked|Q4_0,[1, 1536, 256]
350,23,5,3008,matvec Q4_0,keep::reduce fold,omega_reduce_r3_o2_n2_multiply_add_zero,12288,unpacked|Q4_0,[1, 256, 1536]
351,23,5,3020,RMSNorm sumsq + fused epilogue,keep::reduce fold,omega_reduce_r2_o1_n2_multiply_add_zero_epi6_fused_identity_o6__multiply_s0_o4__add_s1_o3__square_root_s2__reciprocal_s3__multiply_s4_o2__multiply_s5_o1__add_s6_o0__multiply_s7_o5,256,unpacked|unpacked,[1, 1536]
352,23,5,3035,RMSNorm sumsq + fused epilogue,keep::reduce fold,omega_reduce_r2_o1_n2_multiply_add_zero_epi4_fused_identity_o4__multiply_s0_o3__add_s1_o2__square_root_s2__reciprocal_s3__multiply_s4_o1__multiply_s5_o0,256,unpacked|unpacked,[1, 1536]
353,23,5,3037,matvec Q4_0,keep::reduce fold,omega_reduce_r4_o3_n2_multiply_add_zero,16384,Q4_0|unpacked,[1, 8, 256, 1536]
354,23,5,3045,RMSNorm sumsq + fused epilogue,keep::reduce fold,omega_reduce_r3_o2_n2_multiply_add_zero_epi4_fused_identity_o4__multiply_s0_o3__add_s1_o2__square_root_s2__reciprocal_s3__multiply_s4_o1__multiply_s5_o0,512,unpacked|unpacked,[1, 8, 256]
355,23,5,3048,UNCLASSIFIED omega_elementwise_twin_r3_n4_fused_multiply_o0_o1__multiply_o2_o3__subtract_s0_s1_fused_multiply_o0_o3__multiply_o2_o1__add_s0_s1,elementwise_twin,omega_elementwise_twin_r3_n4_fused_multiply_o0_o1__multiply_o2_o3__subtract_s0_s1_fused_multiply_o0_o3__multiply_o2_o1__add_s0_s1,1024,unpacked|unpacked|unpacked|unpacked,[1, 8, 128]
356,23,5,3084,cached attention partial,cached_attention,omega_cached_attention_q1_h1_g8_d256_s3f800000_ln511_up0_x4_e1_k1_ds,17408,unpacked|unpacked|unpacked|unpacked|unpacked|unpacked|unpacked|unpacked|unpacked,[1, 1, 8, 256]
357,23,5,3084,cached attention merge,cached_attention,omega_cached_attention_q1_h1_g8_d256_s3f800000_ln511_up0_x4_e1_k1_ds_merge,8192,unpacked|unpacked|unpacked|unpacked|unpacked|unpacked|unpacked|unpacked|unpacked,[1, 1, 8, 256]
358,23,5,3086,matvec Q4_0,keep::reduce fold,omega_reduce_r5_o2_n2_multiply_add_zero,12288,Q4_0|unpacked,[1, 1, 8, 256, 1536]
359,23,5,3095,RMSNorm sumsq + fused epilogue,keep::reduce fold,omega_reduce_r2_o1_n2_multiply_add_zero_epi5_fused_identity_o5__multiply_s0_o4__add_s1_o3__square_root_s2__reciprocal_s3__multiply_s4_o2__multiply_s5_o1__add_s6_o0,256,unpacked|unpacked,[1, 1536]
360,23,5,3103,RMSNorm sumsq + fused epilogue,keep::reduce fold,omega_reduce_r2_o1_n2_multiply_add_zero_epi4_fused_identity_o4__multiply_s0_o3__add_s1_o2__square_root_s2__reciprocal_s3__multiply_s4_o1__multiply_s5_o0,256,unpacked|unpacked,[1, 1536]
361,23,5,3108,matvec Q4_0,keep::reduce fold,omega_reduce_r3_o2_n2_multiply_add_zero,98304,unpacked|Q4_0,[1, 1536, 12288]
362,23,5,3123,matvec Q4_0,keep::reduce fold,omega_reduce_r3_o2_n2_multiply_add_zero_epi9_fused_identity_o9__multiply_o5_o6__multiply_s1_o4__multiply_s2_o3__add_s3_o2__multiply_s4_o1__tanh_s5__add_s6_o0__multiply_o7_o8__multiply_s7_s8__multiply_s0_s9,98304,unpacked|Q4_0,[1, 1536, 12288]
363,23,5,3125,matvec Q4_0,keep::reduce fold,omega_reduce_r3_o2_n2_multiply_add_zero,12288,Q4_0|unpacked,[1, 12288, 1536]
364,23,5,3135,RMSNorm sumsq + fused epilogue,keep::reduce fold,omega_reduce_r2_o1_n2_multiply_add_zero_epi5_fused_identity_o5__multiply_s0_o4__add_s1_o3__square_root_s2__reciprocal_s3__multiply_s4_o2__multiply_s5_o1__add_s6_o0,256,unpacked|unpacked,[1, 1536]
365,23,5,3151,matvec Q4_0,keep::reduce fold,omega_reduce_r3_o2_n2_multiply_add_zero_epi5_fused_identity_o5__identity_o0__multiply_s0_s0__multiply_s0_s2__multiply_s3_o3__add_s0_s4__multiply_s5_o2__tanh_s6__add_s7_o1__multiply_s0_o4__multiply_s8_s9__multiply_s1_s10,2048,unpacked|Q4_0,[1, 1536, 256]
366,23,5,3154,matvec Q4_0,keep::reduce fold,omega_reduce_r3_o2_n2_multiply_add_zero,12288,unpacked|Q4_0,[1, 256, 1536]
367,23,5,3166,RMSNorm sumsq + fused epilogue,keep::reduce fold,omega_reduce_r2_o1_n2_multiply_add_zero_epi6_fused_identity_o6__multiply_s0_o4__add_s1_o3__square_root_s2__reciprocal_s3__multiply_s4_o2__multiply_s5_o1__add_s6_o0__multiply_s7_o5,256,unpacked|unpacked,[1, 1536]
368,23,5,3181,RMSNorm sumsq + fused epilogue,keep::reduce fold,omega_reduce_r2_o1_n2_multiply_add_zero_epi4_fused_identity_o4__multiply_s0_o3__add_s1_o2__square_root_s2__reciprocal_s3__multiply_s4_o1__multiply_s5_o0,256,unpacked|unpacked,[1, 1536]
369,23,5,3183,matvec Q4_0,keep::reduce fold,omega_reduce_r4_o3_n2_multiply_add_zero,16384,Q4_0|unpacked,[1, 8, 256, 1536]
370,23,5,3191,RMSNorm sumsq + fused epilogue,keep::reduce fold,omega_reduce_r3_o2_n2_multiply_add_zero_epi4_fused_identity_o4__multiply_s0_o3__add_s1_o2__square_root_s2__reciprocal_s3__multiply_s4_o1__multiply_s5_o0,512,unpacked|unpacked,[1, 8, 256]
371,23,5,3194,UNCLASSIFIED omega_elementwise_twin_r3_n4_fused_multiply_o0_o1__multiply_o2_o3__subtract_s0_s1_fused_multiply_o0_o3__multiply_o2_o1__add_s0_s1,elementwise_twin,omega_elementwise_twin_r3_n4_fused_multiply_o0_o1__multiply_o2_o3__subtract_s0_s1_fused_multiply_o0_o3__multiply_o2_o1__add_s0_s1,1024,unpacked|unpacked|unpacked|unpacked,[1, 8, 128]
372,23,5,3230,cached attention partial,cached_attention,omega_cached_attention_q1_h1_g8_d256_s3f800000_ln511_up0_x4_e1_k1_ds,17408,unpacked|unpacked|unpacked|unpacked|unpacked|unpacked|unpacked|unpacked|unpacked,[1, 1, 8, 256]
373,23,5,3230,cached attention merge,cached_attention,omega_cached_attention_q1_h1_g8_d256_s3f800000_ln511_up0_x4_e1_k1_ds_merge,8192,unpacked|unpacked|unpacked|unpacked|unpacked|unpacked|unpacked|unpacked|unpacked,[1, 1, 8, 256]
374,23,5,3232,matvec Q4_0,keep::reduce fold,omega_reduce_r5_o2_n2_multiply_add_zero,12288,Q4_0|unpacked,[1, 1, 8, 256, 1536]
375,23,5,3241,RMSNorm sumsq + fused epilogue,keep::reduce fold,omega_reduce_r2_o1_n2_multiply_add_zero_epi5_fused_identity_o5__multiply_s0_o4__add_s1_o3__square_root_s2__reciprocal_s3__multiply_s4_o2__multiply_s5_o1__add_s6_o0,256,unpacked|unpacked,[1, 1536]
376,23,5,3249,RMSNorm sumsq + fused epilogue,keep::reduce fold,omega_reduce_r2_o1_n2_multiply_add_zero_epi4_fused_identity_o4__multiply_s0_o3__add_s1_o2__square_root_s2__reciprocal_s3__multiply_s4_o1__multiply_s5_o0,256,unpacked|unpacked,[1, 1536]
377,23,5,3254,matvec Q4_0,keep::reduce fold,omega_reduce_r3_o2_n2_multiply_add_zero,98304,unpacked|Q4_0,[1, 1536, 12288]
378,23,5,3269,matvec Q4_0,keep::reduce fold,omega_reduce_r3_o2_n2_multiply_add_zero_epi9_fused_identity_o9__multiply_o5_o6__multiply_s1_o4__multiply_s2_o3__add_s3_o2__multiply_s4_o1__tanh_s5__add_s6_o0__multiply_o7_o8__multiply_s7_s8__multiply_s0_s9,98304,unpacked|Q4_0,[1, 1536, 12288]
379,23,5,3271,matvec Q4_0,keep::reduce fold,omega_reduce_r3_o2_n2_multiply_add_zero,12288,Q4_0|unpacked,[1, 12288, 1536]
380,23,5,3281,RMSNorm sumsq + fused epilogue,keep::reduce fold,omega_reduce_r2_o1_n2_multiply_add_zero_epi5_fused_identity_o5__multiply_s0_o4__add_s1_o3__square_root_s2__reciprocal_s3__multiply_s4_o2__multiply_s5_o1__add_s6_o0,256,unpacked|unpacked,[1, 1536]
381,23,5,3297,matvec Q4_0,keep::reduce fold,omega_reduce_r3_o2_n2_multiply_add_zero_epi5_fused_identity_o5__identity_o0__multiply_s0_s0__multiply_s0_s2__multiply_s3_o3__add_s0_s4__multiply_s5_o2__tanh_s6__add_s7_o1__multiply_s0_o4__multiply_s8_s9__multiply_s1_s10,2048,unpacked|Q4_0,[1, 1536, 256]
382,23,5,3300,matvec Q4_0,keep::reduce fold,omega_reduce_r3_o2_n2_multiply_add_zero,12288,unpacked|Q4_0,[1, 256, 1536]
383,23,5,3312,RMSNorm sumsq + fused epilogue,keep::reduce fold,omega_reduce_r2_o1_n2_multiply_add_zero_epi6_fused_identity_o6__multiply_s0_o4__add_s1_o3__square_root_s2__reciprocal_s3__multiply_s4_o2__multiply_s5_o1__add_s6_o0__multiply_s7_o5,256,unpacked|unpacked,[1, 1536]
384,23,5,3327,RMSNorm sumsq + fused epilogue,keep::reduce fold,omega_reduce_r2_o1_n2_multiply_add_zero_epi4_fused_identity_o4__multiply_s0_o3__add_s1_o2__square_root_s2__reciprocal_s3__multiply_s4_o1__multiply_s5_o0,256,unpacked|unpacked,[1, 1536]
385,23,5,3329,matvec Q4_0,keep::reduce fold,omega_reduce_r4_o3_n2_multiply_add_zero,32768,Q4_0|unpacked,[1, 8, 512, 1536]
386,23,5,3337,RMSNorm sumsq + fused epilogue,keep::reduce fold,omega_reduce_r3_o2_n2_multiply_add_zero_epi4_fused_identity_o4__multiply_s0_o3__add_s1_o2__square_root_s2__reciprocal_s3__multiply_s4_o1__multiply_s5_o0,1024,unpacked|unpacked,[1, 8, 512]
387,23,6,3340,UNCLASSIFIED omega_elementwise_twin_r3_n4_fused_multiply_o0_o1__multiply_o2_o3__subtract_s0_s1_fused_multiply_o0_o3__multiply_o2_o1__add_s0_s1,elementwise_twin,omega_elementwise_twin_r3_n4_fused_multiply_o0_o1__multiply_o2_o3__subtract_s0_s1_fused_multiply_o0_o3__multiply_o2_o1__add_s0_s1,2048,unpacked|unpacked|unpacked|unpacked,[1, 8, 256]
388,23,6,3376,cached attention partial,cached_attention,omega_cached_attention_q1_h1_g8_d512_s3f800000_ln9223372036854775808_up0_x4_e1_k1_ds,32768,unpacked|unpacked|unpacked|unpacked|unpacked|unpacked|unpacked|unpacked|unpacked,[1, 1, 8, 512]
389,23,6,3376,cached attention merge,cached_attention,omega_cached_attention_q1_h1_g8_d512_s3f800000_ln9223372036854775808_up0_x4_e1_k1_ds_merge,8192,unpacked|unpacked|unpacked|unpacked|unpacked|unpacked|unpacked|unpacked|unpacked,[1, 1, 8, 512]
390,23,6,3378,matvec Q4_0,keep::reduce fold,omega_reduce_r5_o2_n2_multiply_add_zero,12288,Q4_0|unpacked,[1, 1, 8, 512, 1536]
391,23,6,3387,RMSNorm sumsq + fused epilogue,keep::reduce fold,omega_reduce_r2_o1_n2_multiply_add_zero_epi5_fused_identity_o5__multiply_s0_o4__add_s1_o3__square_root_s2__reciprocal_s3__multiply_s4_o2__multiply_s5_o1__add_s6_o0,256,unpacked|unpacked,[1, 1536]
392,23,6,3395,RMSNorm sumsq + fused epilogue,keep::reduce fold,omega_reduce_r2_o1_n2_multiply_add_zero_epi4_fused_identity_o4__multiply_s0_o3__add_s1_o2__square_root_s2__reciprocal_s3__multiply_s4_o1__multiply_s5_o0,256,unpacked|unpacked,[1, 1536]
393,23,6,3400,matvec Q4_0,keep::reduce fold,omega_reduce_r3_o2_n2_multiply_add_zero,98304,unpacked|Q4_0,[1, 1536, 12288]
394,23,6,3415,matvec Q4_0,keep::reduce fold,omega_reduce_r3_o2_n2_multiply_add_zero_epi9_fused_identity_o9__multiply_o5_o6__multiply_s1_o4__multiply_s2_o3__add_s3_o2__multiply_s4_o1__tanh_s5__add_s6_o0__multiply_o7_o8__multiply_s7_s8__multiply_s0_s9,98304,unpacked|Q4_0,[1, 1536, 12288]
395,23,6,3417,matvec Q4_0,keep::reduce fold,omega_reduce_r3_o2_n2_multiply_add_zero,12288,Q4_0|unpacked,[1, 12288, 1536]
396,23,6,3427,RMSNorm sumsq + fused epilogue,keep::reduce fold,omega_reduce_r2_o1_n2_multiply_add_zero_epi5_fused_identity_o5__multiply_s0_o4__add_s1_o3__square_root_s2__reciprocal_s3__multiply_s4_o2__multiply_s5_o1__add_s6_o0,256,unpacked|unpacked,[1, 1536]
397,23,6,3443,matvec Q4_0,keep::reduce fold,omega_reduce_r3_o2_n2_multiply_add_zero_epi5_fused_identity_o5__identity_o0__multiply_s0_s0__multiply_s0_s2__multiply_s3_o3__add_s0_s4__multiply_s5_o2__tanh_s6__add_s7_o1__multiply_s0_o4__multiply_s8_s9__multiply_s1_s10,2048,unpacked|Q4_0,[1, 1536, 256]
398,23,6,3446,matvec Q4_0,keep::reduce fold,omega_reduce_r3_o2_n2_multiply_add_zero,12288,unpacked|Q4_0,[1, 256, 1536]
399,23,6,3458,RMSNorm sumsq + fused epilogue,keep::reduce fold,omega_reduce_r2_o1_n2_multiply_add_zero_epi6_fused_identity_o6__multiply_s0_o4__add_s1_o3__square_root_s2__reciprocal_s3__multiply_s4_o2__multiply_s5_o1__add_s6_o0__multiply_s7_o5,256,unpacked|unpacked,[1, 1536]
400,23,6,3473,RMSNorm sumsq + fused epilogue,keep::reduce fold,omega_reduce_r2_o1_n2_multiply_add_zero_epi4_fused_identity_o4__multiply_s0_o3__add_s1_o2__square_root_s2__reciprocal_s3__multiply_s4_o1__multiply_s5_o0,256,unpacked|unpacked,[1, 1536]
401,23,6,3475,matvec Q4_0,keep::reduce fold,omega_reduce_r4_o3_n2_multiply_add_zero,16384,Q4_0|unpacked,[1, 8, 256, 1536]
402,23,6,3483,RMSNorm sumsq + fused epilogue,keep::reduce fold,omega_reduce_r3_o2_n2_multiply_add_zero_epi4_fused_identity_o4__multiply_s0_o3__add_s1_o2__square_root_s2__reciprocal_s3__multiply_s4_o1__multiply_s5_o0,512,unpacked|unpacked,[1, 8, 256]
403,23,6,3486,UNCLASSIFIED omega_elementwise_twin_r3_n4_fused_multiply_o0_o1__multiply_o2_o3__subtract_s0_s1_fused_multiply_o0_o3__multiply_o2_o1__add_s0_s1,elementwise_twin,omega_elementwise_twin_r3_n4_fused_multiply_o0_o1__multiply_o2_o3__subtract_s0_s1_fused_multiply_o0_o3__multiply_o2_o1__add_s0_s1,1024,unpacked|unpacked|unpacked|unpacked,[1, 8, 128]
404,23,6,3522,cached attention partial,cached_attention,omega_cached_attention_q1_h1_g8_d256_s3f800000_ln511_up0_x4_e1_k1_ds,17408,unpacked|unpacked|unpacked|unpacked|unpacked|unpacked|unpacked|unpacked|unpacked,[1, 1, 8, 256]
405,23,6,3522,cached attention merge,cached_attention,omega_cached_attention_q1_h1_g8_d256_s3f800000_ln511_up0_x4_e1_k1_ds_merge,8192,unpacked|unpacked|unpacked|unpacked|unpacked|unpacked|unpacked|unpacked|unpacked,[1, 1, 8, 256]
406,23,6,3524,matvec Q4_0,keep::reduce fold,omega_reduce_r5_o2_n2_multiply_add_zero,12288,Q4_0|unpacked,[1, 1, 8, 256, 1536]
407,23,6,3533,RMSNorm sumsq + fused epilogue,keep::reduce fold,omega_reduce_r2_o1_n2_multiply_add_zero_epi5_fused_identity_o5__multiply_s0_o4__add_s1_o3__square_root_s2__reciprocal_s3__multiply_s4_o2__multiply_s5_o1__add_s6_o0,256,unpacked|unpacked,[1, 1536]
408,23,6,3541,RMSNorm sumsq + fused epilogue,keep::reduce fold,omega_reduce_r2_o1_n2_multiply_add_zero_epi4_fused_identity_o4__multiply_s0_o3__add_s1_o2__square_root_s2__reciprocal_s3__multiply_s4_o1__multiply_s5_o0,256,unpacked|unpacked,[1, 1536]
409,23,6,3546,matvec Q4_0,keep::reduce fold,omega_reduce_r3_o2_n2_multiply_add_zero,98304,unpacked|Q4_0,[1, 1536, 12288]
410,23,6,3561,matvec Q4_0,keep::reduce fold,omega_reduce_r3_o2_n2_multiply_add_zero_epi9_fused_identity_o9__multiply_o5_o6__multiply_s1_o4__multiply_s2_o3__add_s3_o2__multiply_s4_o1__tanh_s5__add_s6_o0__multiply_o7_o8__multiply_s7_s8__multiply_s0_s9,98304,unpacked|Q4_0,[1, 1536, 12288]
411,23,6,3563,matvec Q4_0,keep::reduce fold,omega_reduce_r3_o2_n2_multiply_add_zero,12288,Q4_0|unpacked,[1, 12288, 1536]
412,23,6,3573,RMSNorm sumsq + fused epilogue,keep::reduce fold,omega_reduce_r2_o1_n2_multiply_add_zero_epi5_fused_identity_o5__multiply_s0_o4__add_s1_o3__square_root_s2__reciprocal_s3__multiply_s4_o2__multiply_s5_o1__add_s6_o0,256,unpacked|unpacked,[1, 1536]
413,23,6,3589,matvec Q4_0,keep::reduce fold,omega_reduce_r3_o2_n2_multiply_add_zero_epi5_fused_identity_o5__identity_o0__multiply_s0_s0__multiply_s0_s2__multiply_s3_o3__add_s0_s4__multiply_s5_o2__tanh_s6__add_s7_o1__multiply_s0_o4__multiply_s8_s9__multiply_s1_s10,2048,unpacked|Q4_0,[1, 1536, 256]
414,23,6,3592,matvec Q4_0,keep::reduce fold,omega_reduce_r3_o2_n2_multiply_add_zero,12288,unpacked|Q4_0,[1, 256, 1536]
415,23,6,3604,RMSNorm sumsq + fused epilogue,keep::reduce fold,omega_reduce_r2_o1_n2_multiply_add_zero_epi6_fused_identity_o6__multiply_s0_o4__add_s1_o3__square_root_s2__reciprocal_s3__multiply_s4_o2__multiply_s5_o1__add_s6_o0__multiply_s7_o5,256,unpacked|unpacked,[1, 1536]
416,23,6,3619,RMSNorm sumsq + fused epilogue,keep::reduce fold,omega_reduce_r2_o1_n2_multiply_add_zero_epi4_fused_identity_o4__multiply_s0_o3__add_s1_o2__square_root_s2__reciprocal_s3__multiply_s4_o1__multiply_s5_o0,256,unpacked|unpacked,[1, 1536]
417,23,6,3621,matvec Q4_0,keep::reduce fold,omega_reduce_r4_o3_n2_multiply_add_zero,16384,Q4_0|unpacked,[1, 8, 256, 1536]
418,23,6,3629,RMSNorm sumsq + fused epilogue,keep::reduce fold,omega_reduce_r3_o2_n2_multiply_add_zero_epi4_fused_identity_o4__multiply_s0_o3__add_s1_o2__square_root_s2__reciprocal_s3__multiply_s4_o1__multiply_s5_o0,512,unpacked|unpacked,[1, 8, 256]
419,23,6,3632,UNCLASSIFIED omega_elementwise_twin_r3_n4_fused_multiply_o0_o1__multiply_o2_o3__subtract_s0_s1_fused_multiply_o0_o3__multiply_o2_o1__add_s0_s1,elementwise_twin,omega_elementwise_twin_r3_n4_fused_multiply_o0_o1__multiply_o2_o3__subtract_s0_s1_fused_multiply_o0_o3__multiply_o2_o1__add_s0_s1,1024,unpacked|unpacked|unpacked|unpacked,[1, 8, 128]
420,23,6,3668,cached attention partial,cached_attention,omega_cached_attention_q1_h1_g8_d256_s3f800000_ln511_up0_x4_e1_k1_ds,17408,unpacked|unpacked|unpacked|unpacked|unpacked|unpacked|unpacked|unpacked|unpacked,[1, 1, 8, 256]
421,23,6,3668,cached attention merge,cached_attention,omega_cached_attention_q1_h1_g8_d256_s3f800000_ln511_up0_x4_e1_k1_ds_merge,8192,unpacked|unpacked|unpacked|unpacked|unpacked|unpacked|unpacked|unpacked|unpacked,[1, 1, 8, 256]
422,23,6,3670,matvec Q4_0,keep::reduce fold,omega_reduce_r5_o2_n2_multiply_add_zero,12288,Q4_0|unpacked,[1, 1, 8, 256, 1536]
423,23,6,3679,RMSNorm sumsq + fused epilogue,keep::reduce fold,omega_reduce_r2_o1_n2_multiply_add_zero_epi5_fused_identity_o5__multiply_s0_o4__add_s1_o3__square_root_s2__reciprocal_s3__multiply_s4_o2__multiply_s5_o1__add_s6_o0,256,unpacked|unpacked,[1, 1536]
424,23,6,3687,RMSNorm sumsq + fused epilogue,keep::reduce fold,omega_reduce_r2_o1_n2_multiply_add_zero_epi4_fused_identity_o4__multiply_s0_o3__add_s1_o2__square_root_s2__reciprocal_s3__multiply_s4_o1__multiply_s5_o0,256,unpacked|unpacked,[1, 1536]
425,23,6,3692,matvec Q4_0,keep::reduce fold,omega_reduce_r3_o2_n2_multiply_add_zero,98304,unpacked|Q4_0,[1, 1536, 12288]
426,23,6,3707,matvec Q4_0,keep::reduce fold,omega_reduce_r3_o2_n2_multiply_add_zero_epi9_fused_identity_o9__multiply_o5_o6__multiply_s1_o4__multiply_s2_o3__add_s3_o2__multiply_s4_o1__tanh_s5__add_s6_o0__multiply_o7_o8__multiply_s7_s8__multiply_s0_s9,98304,unpacked|Q4_0,[1, 1536, 12288]
427,23,6,3709,matvec Q4_0,keep::reduce fold,omega_reduce_r3_o2_n2_multiply_add_zero,12288,Q4_0|unpacked,[1, 12288, 1536]
428,23,6,3719,RMSNorm sumsq + fused epilogue,keep::reduce fold,omega_reduce_r2_o1_n2_multiply_add_zero_epi5_fused_identity_o5__multiply_s0_o4__add_s1_o3__square_root_s2__reciprocal_s3__multiply_s4_o2__multiply_s5_o1__add_s6_o0,256,unpacked|unpacked,[1, 1536]
429,23,6,3735,matvec Q4_0,keep::reduce fold,omega_reduce_r3_o2_n2_multiply_add_zero_epi5_fused_identity_o5__identity_o0__multiply_s0_s0__multiply_s0_s2__multiply_s3_o3__add_s0_s4__multiply_s5_o2__tanh_s6__add_s7_o1__multiply_s0_o4__multiply_s8_s9__multiply_s1_s10,2048,unpacked|Q4_0,[1, 1536, 256]
430,23,6,3738,matvec Q4_0,keep::reduce fold,omega_reduce_r3_o2_n2_multiply_add_zero,12288,unpacked|Q4_0,[1, 256, 1536]
431,23,6,3750,RMSNorm sumsq + fused epilogue,keep::reduce fold,omega_reduce_r2_o1_n2_multiply_add_zero_epi6_fused_identity_o6__multiply_s0_o4__add_s1_o3__square_root_s2__reciprocal_s3__multiply_s4_o2__multiply_s5_o1__add_s6_o0__multiply_s7_o5,256,unpacked|unpacked,[1, 1536]
432,23,6,3765,RMSNorm sumsq + fused epilogue,keep::reduce fold,omega_reduce_r2_o1_n2_multiply_add_zero_epi4_fused_identity_o4__multiply_s0_o3__add_s1_o2__square_root_s2__reciprocal_s3__multiply_s4_o1__multiply_s5_o0,256,unpacked|unpacked,[1, 1536]
433,23,6,3767,matvec Q4_0,keep::reduce fold,omega_reduce_r4_o3_n2_multiply_add_zero,16384,Q4_0|unpacked,[1, 8, 256, 1536]
434,23,6,3775,RMSNorm sumsq + fused epilogue,keep::reduce fold,omega_reduce_r3_o2_n2_multiply_add_zero_epi4_fused_identity_o4__multiply_s0_o3__add_s1_o2__square_root_s2__reciprocal_s3__multiply_s4_o1__multiply_s5_o0,512,unpacked|unpacked,[1, 8, 256]
435,23,6,3778,UNCLASSIFIED omega_elementwise_twin_r3_n4_fused_multiply_o0_o1__multiply_o2_o3__subtract_s0_s1_fused_multiply_o0_o3__multiply_o2_o1__add_s0_s1,elementwise_twin,omega_elementwise_twin_r3_n4_fused_multiply_o0_o1__multiply_o2_o3__subtract_s0_s1_fused_multiply_o0_o3__multiply_o2_o1__add_s0_s1,1024,unpacked|unpacked|unpacked|unpacked,[1, 8, 128]
436,23,6,3814,cached attention partial,cached_attention,omega_cached_attention_q1_h1_g8_d256_s3f800000_ln511_up0_x4_e1_k1_ds,17408,unpacked|unpacked|unpacked|unpacked|unpacked|unpacked|unpacked|unpacked|unpacked,[1, 1, 8, 256]
437,23,6,3814,cached attention merge,cached_attention,omega_cached_attention_q1_h1_g8_d256_s3f800000_ln511_up0_x4_e1_k1_ds_merge,8192,unpacked|unpacked|unpacked|unpacked|unpacked|unpacked|unpacked|unpacked|unpacked,[1, 1, 8, 256]
438,23,6,3816,matvec Q4_0,keep::reduce fold,omega_reduce_r5_o2_n2_multiply_add_zero,12288,Q4_0|unpacked,[1, 1, 8, 256, 1536]
439,23,6,3825,RMSNorm sumsq + fused epilogue,keep::reduce fold,omega_reduce_r2_o1_n2_multiply_add_zero_epi5_fused_identity_o5__multiply_s0_o4__add_s1_o3__square_root_s2__reciprocal_s3__multiply_s4_o2__multiply_s5_o1__add_s6_o0,256,unpacked|unpacked,[1, 1536]
440,23,6,3833,RMSNorm sumsq + fused epilogue,keep::reduce fold,omega_reduce_r2_o1_n2_multiply_add_zero_epi4_fused_identity_o4__multiply_s0_o3__add_s1_o2__square_root_s2__reciprocal_s3__multiply_s4_o1__multiply_s5_o0,256,unpacked|unpacked,[1, 1536]
441,23,6,3838,matvec Q4_0,keep::reduce fold,omega_reduce_r3_o2_n2_multiply_add_zero,98304,unpacked|Q4_0,[1, 1536, 12288]
442,23,6,3853,matvec Q4_0,keep::reduce fold,omega_reduce_r3_o2_n2_multiply_add_zero_epi9_fused_identity_o9__multiply_o5_o6__multiply_s1_o4__multiply_s2_o3__add_s3_o2__multiply_s4_o1__tanh_s5__add_s6_o0__multiply_o7_o8__multiply_s7_s8__multiply_s0_s9,98304,unpacked|Q4_0,[1, 1536, 12288]
443,23,6,3855,matvec Q4_0,keep::reduce fold,omega_reduce_r3_o2_n2_multiply_add_zero,12288,Q4_0|unpacked,[1, 12288, 1536]
444,23,6,3865,RMSNorm sumsq + fused epilogue,keep::reduce fold,omega_reduce_r2_o1_n2_multiply_add_zero_epi5_fused_identity_o5__multiply_s0_o4__add_s1_o3__square_root_s2__reciprocal_s3__multiply_s4_o2__multiply_s5_o1__add_s6_o0,256,unpacked|unpacked,[1, 1536]
445,23,6,3881,matvec Q4_0,keep::reduce fold,omega_reduce_r3_o2_n2_multiply_add_zero_epi5_fused_identity_o5__identity_o0__multiply_s0_s0__multiply_s0_s2__multiply_s3_o3__add_s0_s4__multiply_s5_o2__tanh_s6__add_s7_o1__multiply_s0_o4__multiply_s8_s9__multiply_s1_s10,2048,unpacked|Q4_0,[1, 1536, 256]
446,23,6,3884,matvec Q4_0,keep::reduce fold,omega_reduce_r3_o2_n2_multiply_add_zero,12288,unpacked|Q4_0,[1, 256, 1536]
447,23,6,3896,RMSNorm sumsq + fused epilogue,keep::reduce fold,omega_reduce_r2_o1_n2_multiply_add_zero_epi6_fused_identity_o6__multiply_s0_o4__add_s1_o3__square_root_s2__reciprocal_s3__multiply_s4_o2__multiply_s5_o1__add_s6_o0__multiply_s7_o5,256,unpacked|unpacked,[1, 1536]
448,23,6,3911,RMSNorm sumsq + fused epilogue,keep::reduce fold,omega_reduce_r2_o1_n2_multiply_add_zero_epi4_fused_identity_o4__multiply_s0_o3__add_s1_o2__square_root_s2__reciprocal_s3__multiply_s4_o1__multiply_s5_o0,256,unpacked|unpacked,[1, 1536]
449,23,6,3913,matvec Q4_0,keep::reduce fold,omega_reduce_r4_o3_n2_multiply_add_zero,16384,Q4_0|unpacked,[1, 8, 256, 1536]
450,23,6,3921,RMSNorm sumsq + fused epilogue,keep::reduce fold,omega_reduce_r3_o2_n2_multiply_add_zero_epi4_fused_identity_o4__multiply_s0_o3__add_s1_o2__square_root_s2__reciprocal_s3__multiply_s4_o1__multiply_s5_o0,512,unpacked|unpacked,[1, 8, 256]
451,23,6,3924,UNCLASSIFIED omega_elementwise_twin_r3_n4_fused_multiply_o0_o1__multiply_o2_o3__subtract_s0_s1_fused_multiply_o0_o3__multiply_o2_o1__add_s0_s1,elementwise_twin,omega_elementwise_twin_r3_n4_fused_multiply_o0_o1__multiply_o2_o3__subtract_s0_s1_fused_multiply_o0_o3__multiply_o2_o1__add_s0_s1,1024,unpacked|unpacked|unpacked|unpacked,[1, 8, 128]
452,23,6,3960,cached attention partial,cached_attention,omega_cached_attention_q1_h1_g8_d256_s3f800000_ln511_up0_x4_e1_k1_ds,17408,unpacked|unpacked|unpacked|unpacked|unpacked|unpacked|unpacked|unpacked|unpacked,[1, 1, 8, 256]
453,23,6,3960,cached attention merge,cached_attention,omega_cached_attention_q1_h1_g8_d256_s3f800000_ln511_up0_x4_e1_k1_ds_merge,8192,unpacked|unpacked|unpacked|unpacked|unpacked|unpacked|unpacked|unpacked|unpacked,[1, 1, 8, 256]
454,23,6,3962,matvec Q4_0,keep::reduce fold,omega_reduce_r5_o2_n2_multiply_add_zero,12288,Q4_0|unpacked,[1, 1, 8, 256, 1536]
455,23,6,3971,RMSNorm sumsq + fused epilogue,keep::reduce fold,omega_reduce_r2_o1_n2_multiply_add_zero_epi5_fused_identity_o5__multiply_s0_o4__add_s1_o3__square_root_s2__reciprocal_s3__multiply_s4_o2__multiply_s5_o1__add_s6_o0,256,unpacked|unpacked,[1, 1536]
456,23,6,3979,RMSNorm sumsq + fused epilogue,keep::reduce fold,omega_reduce_r2_o1_n2_multiply_add_zero_epi4_fused_identity_o4__multiply_s0_o3__add_s1_o2__square_root_s2__reciprocal_s3__multiply_s4_o1__multiply_s5_o0,256,unpacked|unpacked,[1, 1536]
457,23,6,3984,matvec Q4_0,keep::reduce fold,omega_reduce_r3_o2_n2_multiply_add_zero,98304,unpacked|Q4_0,[1, 1536, 12288]
458,23,6,3999,matvec Q4_0,keep::reduce fold,omega_reduce_r3_o2_n2_multiply_add_zero_epi9_fused_identity_o9__multiply_o5_o6__multiply_s1_o4__multiply_s2_o3__add_s3_o2__multiply_s4_o1__tanh_s5__add_s6_o0__multiply_o7_o8__multiply_s7_s8__multiply_s0_s9,98304,unpacked|Q4_0,[1, 1536, 12288]
459,23,6,4001,matvec Q4_0,keep::reduce fold,omega_reduce_r3_o2_n2_multiply_add_zero,12288,Q4_0|unpacked,[1, 12288, 1536]
460,23,6,4011,RMSNorm sumsq + fused epilogue,keep::reduce fold,omega_reduce_r2_o1_n2_multiply_add_zero_epi5_fused_identity_o5__multiply_s0_o4__add_s1_o3__square_root_s2__reciprocal_s3__multiply_s4_o2__multiply_s5_o1__add_s6_o0,256,unpacked|unpacked,[1, 1536]
461,23,6,4027,matvec Q4_0,keep::reduce fold,omega_reduce_r3_o2_n2_multiply_add_zero_epi5_fused_identity_o5__identity_o0__multiply_s0_s0__multiply_s0_s2__multiply_s3_o3__add_s0_s4__multiply_s5_o2__tanh_s6__add_s7_o1__multiply_s0_o4__multiply_s8_s9__multiply_s1_s10,2048,unpacked|Q4_0,[1, 1536, 256]
462,23,6,4030,matvec Q4_0,keep::reduce fold,omega_reduce_r3_o2_n2_multiply_add_zero,12288,unpacked|Q4_0,[1, 256, 1536]
463,23,6,4042,RMSNorm sumsq + fused epilogue,keep::reduce fold,omega_reduce_r2_o1_n2_multiply_add_zero_epi6_fused_identity_o6__multiply_s0_o4__add_s1_o3__square_root_s2__reciprocal_s3__multiply_s4_o2__multiply_s5_o1__add_s6_o0__multiply_s7_o5,256,unpacked|unpacked,[1, 1536]
464,23,6,4057,RMSNorm sumsq + fused epilogue,keep::reduce fold,omega_reduce_r2_o1_n2_multiply_add_zero_epi4_fused_identity_o4__multiply_s0_o3__add_s1_o2__square_root_s2__reciprocal_s3__multiply_s4_o1__multiply_s5_o0,256,unpacked|unpacked,[1, 1536]
465,23,6,4059,matvec Q4_0,keep::reduce fold,omega_reduce_r4_o3_n2_multiply_add_zero,32768,Q4_0|unpacked,[1, 8, 512, 1536]
466,23,6,4067,RMSNorm sumsq + fused epilogue,keep::reduce fold,omega_reduce_r3_o2_n2_multiply_add_zero_epi4_fused_identity_o4__multiply_s0_o3__add_s1_o2__square_root_s2__reciprocal_s3__multiply_s4_o1__multiply_s5_o0,1024,unpacked|unpacked,[1, 8, 512]
467,23,6,4070,UNCLASSIFIED omega_elementwise_twin_r3_n4_fused_multiply_o0_o1__multiply_o2_o3__subtract_s0_s1_fused_multiply_o0_o3__multiply_o2_o1__add_s0_s1,elementwise_twin,omega_elementwise_twin_r3_n4_fused_multiply_o0_o1__multiply_o2_o3__subtract_s0_s1_fused_multiply_o0_o3__multiply_o2_o1__add_s0_s1,2048,unpacked|unpacked|unpacked|unpacked,[1, 8, 256]
468,23,6,4106,cached attention partial,cached_attention,omega_cached_attention_q1_h1_g8_d512_s3f800000_ln9223372036854775808_up0_x4_e1_k1_ds,32768,unpacked|unpacked|unpacked|unpacked|unpacked|unpacked|unpacked|unpacked|unpacked,[1, 1, 8, 512]
469,23,6,4106,cached attention merge,cached_attention,omega_cached_attention_q1_h1_g8_d512_s3f800000_ln9223372036854775808_up0_x4_e1_k1_ds_merge,8192,unpacked|unpacked|unpacked|unpacked|unpacked|unpacked|unpacked|unpacked|unpacked,[1, 1, 8, 512]
470,23,6,4108,matvec Q4_0,keep::reduce fold,omega_reduce_r5_o2_n2_multiply_add_zero,12288,Q4_0|unpacked,[1, 1, 8, 512, 1536]
471,23,6,4117,RMSNorm sumsq + fused epilogue,keep::reduce fold,omega_reduce_r2_o1_n2_multiply_add_zero_epi5_fused_identity_o5__multiply_s0_o4__add_s1_o3__square_root_s2__reciprocal_s3__multiply_s4_o2__multiply_s5_o1__add_s6_o0,256,unpacked|unpacked,[1, 1536]
472,23,6,4125,RMSNorm sumsq + fused epilogue,keep::reduce fold,omega_reduce_r2_o1_n2_multiply_add_zero_epi4_fused_identity_o4__multiply_s0_o3__add_s1_o2__square_root_s2__reciprocal_s3__multiply_s4_o1__multiply_s5_o0,256,unpacked|unpacked,[1, 1536]
473,23,6,4130,matvec Q4_0,keep::reduce fold,omega_reduce_r3_o2_n2_multiply_add_zero,98304,unpacked|Q4_0,[1, 1536, 12288]
474,23,6,4145,matvec Q4_0,keep::reduce fold,omega_reduce_r3_o2_n2_multiply_add_zero_epi9_fused_identity_o9__multiply_o5_o6__multiply_s1_o4__multiply_s2_o3__add_s3_o2__multiply_s4_o1__tanh_s5__add_s6_o0__multiply_o7_o8__multiply_s7_s8__multiply_s0_s9,98304,unpacked|Q4_0,[1, 1536, 12288]
475,23,6,4147,matvec Q4_0,keep::reduce fold,omega_reduce_r3_o2_n2_multiply_add_zero,12288,Q4_0|unpacked,[1, 12288, 1536]
476,23,6,4157,RMSNorm sumsq + fused epilogue,keep::reduce fold,omega_reduce_r2_o1_n2_multiply_add_zero_epi5_fused_identity_o5__multiply_s0_o4__add_s1_o3__square_root_s2__reciprocal_s3__multiply_s4_o2__multiply_s5_o1__add_s6_o0,256,unpacked|unpacked,[1, 1536]
477,23,7,4173,matvec Q4_0,keep::reduce fold,omega_reduce_r3_o2_n2_multiply_add_zero_epi5_fused_identity_o5__identity_o0__multiply_s0_s0__multiply_s0_s2__multiply_s3_o3__add_s0_s4__multiply_s5_o2__tanh_s6__add_s7_o1__multiply_s0_o4__multiply_s8_s9__multiply_s1_s10,2048,unpacked|Q4_0,[1, 1536, 256]
478,23,7,4176,matvec Q4_0,keep::reduce fold,omega_reduce_r3_o2_n2_multiply_add_zero,12288,unpacked|Q4_0,[1, 256, 1536]
479,23,7,4188,RMSNorm sumsq + fused epilogue,keep::reduce fold,omega_reduce_r2_o1_n2_multiply_add_zero_epi6_fused_identity_o6__multiply_s0_o4__add_s1_o3__square_root_s2__reciprocal_s3__multiply_s4_o2__multiply_s5_o1__add_s6_o0__multiply_s7_o5,256,unpacked|unpacked,[1, 1536]
480,23,7,4203,RMSNorm sumsq + fused epilogue,keep::reduce fold,omega_reduce_r2_o1_n2_multiply_add_zero_epi4_fused_identity_o4__multiply_s0_o3__add_s1_o2__square_root_s2__reciprocal_s3__multiply_s4_o1__multiply_s5_o0,256,unpacked|unpacked,[1, 1536]
481,23,7,4205,matvec Q4_0,keep::reduce fold,omega_reduce_r4_o3_n2_multiply_add_zero,16384,Q4_0|unpacked,[1, 8, 256, 1536]
482,23,7,4213,RMSNorm sumsq + fused epilogue,keep::reduce fold,omega_reduce_r3_o2_n2_multiply_add_zero_epi4_fused_identity_o4__multiply_s0_o3__add_s1_o2__square_root_s2__reciprocal_s3__multiply_s4_o1__multiply_s5_o0,512,unpacked|unpacked,[1, 8, 256]
483,23,7,4216,UNCLASSIFIED omega_elementwise_twin_r3_n4_fused_multiply_o0_o1__multiply_o2_o3__subtract_s0_s1_fused_multiply_o0_o3__multiply_o2_o1__add_s0_s1,elementwise_twin,omega_elementwise_twin_r3_n4_fused_multiply_o0_o1__multiply_o2_o3__subtract_s0_s1_fused_multiply_o0_o3__multiply_o2_o1__add_s0_s1,1024,unpacked|unpacked|unpacked|unpacked,[1, 8, 128]
484,23,7,4252,cached attention partial,cached_attention,omega_cached_attention_q1_h1_g8_d256_s3f800000_ln511_up0_x4_e1_k1_ds,17408,unpacked|unpacked|unpacked|unpacked|unpacked|unpacked|unpacked|unpacked|unpacked,[1, 1, 8, 256]
485,23,7,4252,cached attention merge,cached_attention,omega_cached_attention_q1_h1_g8_d256_s3f800000_ln511_up0_x4_e1_k1_ds_merge,8192,unpacked|unpacked|unpacked|unpacked|unpacked|unpacked|unpacked|unpacked|unpacked,[1, 1, 8, 256]
486,23,7,4254,matvec Q4_0,keep::reduce fold,omega_reduce_r5_o2_n2_multiply_add_zero,12288,Q4_0|unpacked,[1, 1, 8, 256, 1536]
487,23,7,4263,RMSNorm sumsq + fused epilogue,keep::reduce fold,omega_reduce_r2_o1_n2_multiply_add_zero_epi5_fused_identity_o5__multiply_s0_o4__add_s1_o3__square_root_s2__reciprocal_s3__multiply_s4_o2__multiply_s5_o1__add_s6_o0,256,unpacked|unpacked,[1, 1536]
488,23,7,4271,RMSNorm sumsq + fused epilogue,keep::reduce fold,omega_reduce_r2_o1_n2_multiply_add_zero_epi4_fused_identity_o4__multiply_s0_o3__add_s1_o2__square_root_s2__reciprocal_s3__multiply_s4_o1__multiply_s5_o0,256,unpacked|unpacked,[1, 1536]
489,23,7,4276,matvec Q4_0,keep::reduce fold,omega_reduce_r3_o2_n2_multiply_add_zero,98304,unpacked|Q4_0,[1, 1536, 12288]
490,23,7,4291,matvec Q4_0,keep::reduce fold,omega_reduce_r3_o2_n2_multiply_add_zero_epi9_fused_identity_o9__multiply_o5_o6__multiply_s1_o4__multiply_s2_o3__add_s3_o2__multiply_s4_o1__tanh_s5__add_s6_o0__multiply_o7_o8__multiply_s7_s8__multiply_s0_s9,98304,unpacked|Q4_0,[1, 1536, 12288]
491,23,7,4293,matvec Q4_0,keep::reduce fold,omega_reduce_r3_o2_n2_multiply_add_zero,12288,Q4_0|unpacked,[1, 12288, 1536]
492,23,7,4303,RMSNorm sumsq + fused epilogue,keep::reduce fold,omega_reduce_r2_o1_n2_multiply_add_zero_epi5_fused_identity_o5__multiply_s0_o4__add_s1_o3__square_root_s2__reciprocal_s3__multiply_s4_o2__multiply_s5_o1__add_s6_o0,256,unpacked|unpacked,[1, 1536]
493,23,7,4319,matvec Q4_0,keep::reduce fold,omega_reduce_r3_o2_n2_multiply_add_zero_epi5_fused_identity_o5__identity_o0__multiply_s0_s0__multiply_s0_s2__multiply_s3_o3__add_s0_s4__multiply_s5_o2__tanh_s6__add_s7_o1__multiply_s0_o4__multiply_s8_s9__multiply_s1_s10,2048,unpacked|Q4_0,[1, 1536, 256]
494,23,7,4322,matvec Q4_0,keep::reduce fold,omega_reduce_r3_o2_n2_multiply_add_zero,12288,unpacked|Q4_0,[1, 256, 1536]
495,23,7,4334,RMSNorm sumsq + fused epilogue,keep::reduce fold,omega_reduce_r2_o1_n2_multiply_add_zero_epi6_fused_identity_o6__multiply_s0_o4__add_s1_o3__square_root_s2__reciprocal_s3__multiply_s4_o2__multiply_s5_o1__add_s6_o0__multiply_s7_o5,256,unpacked|unpacked,[1, 1536]
496,23,7,4349,RMSNorm sumsq + fused epilogue,keep::reduce fold,omega_reduce_r2_o1_n2_multiply_add_zero_epi4_fused_identity_o4__multiply_s0_o3__add_s1_o2__square_root_s2__reciprocal_s3__multiply_s4_o1__multiply_s5_o0,256,unpacked|unpacked,[1, 1536]
497,23,7,4351,matvec Q4_0,keep::reduce fold,omega_reduce_r4_o3_n2_multiply_add_zero,16384,Q4_0|unpacked,[1, 8, 256, 1536]
498,23,7,4359,RMSNorm sumsq + fused epilogue,keep::reduce fold,omega_reduce_r3_o2_n2_multiply_add_zero_epi4_fused_identity_o4__multiply_s0_o3__add_s1_o2__square_root_s2__reciprocal_s3__multiply_s4_o1__multiply_s5_o0,512,unpacked|unpacked,[1, 8, 256]
499,23,7,4362,UNCLASSIFIED omega_elementwise_twin_r3_n4_fused_multiply_o0_o1__multiply_o2_o3__subtract_s0_s1_fused_multiply_o0_o3__multiply_o2_o1__add_s0_s1,elementwise_twin,omega_elementwise_twin_r3_n4_fused_multiply_o0_o1__multiply_o2_o3__subtract_s0_s1_fused_multiply_o0_o3__multiply_o2_o1__add_s0_s1,1024,unpacked|unpacked|unpacked|unpacked,[1, 8, 128]
500,23,7,4398,cached attention partial,cached_attention,omega_cached_attention_q1_h1_g8_d256_s3f800000_ln511_up0_x4_e1_k1_ds,17408,unpacked|unpacked|unpacked|unpacked|unpacked|unpacked|unpacked|unpacked|unpacked,[1, 1, 8, 256]
501,23,7,4398,cached attention merge,cached_attention,omega_cached_attention_q1_h1_g8_d256_s3f800000_ln511_up0_x4_e1_k1_ds_merge,8192,unpacked|unpacked|unpacked|unpacked|unpacked|unpacked|unpacked|unpacked|unpacked,[1, 1, 8, 256]
502,23,7,4400,matvec Q4_0,keep::reduce fold,omega_reduce_r5_o2_n2_multiply_add_zero,12288,Q4_0|unpacked,[1, 1, 8, 256, 1536]
503,23,7,4409,RMSNorm sumsq + fused epilogue,keep::reduce fold,omega_reduce_r2_o1_n2_multiply_add_zero_epi5_fused_identity_o5__multiply_s0_o4__add_s1_o3__square_root_s2__reciprocal_s3__multiply_s4_o2__multiply_s5_o1__add_s6_o0,256,unpacked|unpacked,[1, 1536]
504,23,7,4417,RMSNorm sumsq + fused epilogue,keep::reduce fold,omega_reduce_r2_o1_n2_multiply_add_zero_epi4_fused_identity_o4__multiply_s0_o3__add_s1_o2__square_root_s2__reciprocal_s3__multiply_s4_o1__multiply_s5_o0,256,unpacked|unpacked,[1, 1536]
505,23,7,4422,matvec Q4_0,keep::reduce fold,omega_reduce_r3_o2_n2_multiply_add_zero,98304,unpacked|Q4_0,[1, 1536, 12288]
506,23,7,4437,matvec Q4_0,keep::reduce fold,omega_reduce_r3_o2_n2_multiply_add_zero_epi9_fused_identity_o9__multiply_o5_o6__multiply_s1_o4__multiply_s2_o3__add_s3_o2__multiply_s4_o1__tanh_s5__add_s6_o0__multiply_o7_o8__multiply_s7_s8__multiply_s0_s9,98304,unpacked|Q4_0,[1, 1536, 12288]
507,23,7,4439,matvec Q4_0,keep::reduce fold,omega_reduce_r3_o2_n2_multiply_add_zero,12288,Q4_0|unpacked,[1, 12288, 1536]
508,23,7,4449,RMSNorm sumsq + fused epilogue,keep::reduce fold,omega_reduce_r2_o1_n2_multiply_add_zero_epi5_fused_identity_o5__multiply_s0_o4__add_s1_o3__square_root_s2__reciprocal_s3__multiply_s4_o2__multiply_s5_o1__add_s6_o0,256,unpacked|unpacked,[1, 1536]
509,23,7,4465,matvec Q4_0,keep::reduce fold,omega_reduce_r3_o2_n2_multiply_add_zero_epi5_fused_identity_o5__identity_o0__multiply_s0_s0__multiply_s0_s2__multiply_s3_o3__add_s0_s4__multiply_s5_o2__tanh_s6__add_s7_o1__multiply_s0_o4__multiply_s8_s9__multiply_s1_s10,2048,unpacked|Q4_0,[1, 1536, 256]
510,23,7,4468,matvec Q4_0,keep::reduce fold,omega_reduce_r3_o2_n2_multiply_add_zero,12288,unpacked|Q4_0,[1, 256, 1536]
511,23,7,4480,RMSNorm sumsq + fused epilogue,keep::reduce fold,omega_reduce_r2_o1_n2_multiply_add_zero_epi6_fused_identity_o6__multiply_s0_o4__add_s1_o3__square_root_s2__reciprocal_s3__multiply_s4_o2__multiply_s5_o1__add_s6_o0__multiply_s7_o5,256,unpacked|unpacked,[1, 1536]
512,23,7,4495,RMSNorm sumsq + fused epilogue,keep::reduce fold,omega_reduce_r2_o1_n2_multiply_add_zero_epi4_fused_identity_o4__multiply_s0_o3__add_s1_o2__square_root_s2__reciprocal_s3__multiply_s4_o1__multiply_s5_o0,256,unpacked|unpacked,[1, 1536]
513,23,7,4497,matvec Q4_0,keep::reduce fold,omega_reduce_r4_o3_n2_multiply_add_zero,16384,Q4_0|unpacked,[1, 8, 256, 1536]
514,23,7,4505,RMSNorm sumsq + fused epilogue,keep::reduce fold,omega_reduce_r3_o2_n2_multiply_add_zero_epi4_fused_identity_o4__multiply_s0_o3__add_s1_o2__square_root_s2__reciprocal_s3__multiply_s4_o1__multiply_s5_o0,512,unpacked|unpacked,[1, 8, 256]
515,23,7,4508,UNCLASSIFIED omega_elementwise_twin_r3_n4_fused_multiply_o0_o1__multiply_o2_o3__subtract_s0_s1_fused_multiply_o0_o3__multiply_o2_o1__add_s0_s1,elementwise_twin,omega_elementwise_twin_r3_n4_fused_multiply_o0_o1__multiply_o2_o3__subtract_s0_s1_fused_multiply_o0_o3__multiply_o2_o1__add_s0_s1,1024,unpacked|unpacked|unpacked|unpacked,[1, 8, 128]
516,23,7,4544,cached attention partial,cached_attention,omega_cached_attention_q1_h1_g8_d256_s3f800000_ln511_up0_x4_e1_k1_ds,17408,unpacked|unpacked|unpacked|unpacked|unpacked|unpacked|unpacked|unpacked|unpacked,[1, 1, 8, 256]
517,23,7,4544,cached attention merge,cached_attention,omega_cached_attention_q1_h1_g8_d256_s3f800000_ln511_up0_x4_e1_k1_ds_merge,8192,unpacked|unpacked|unpacked|unpacked|unpacked|unpacked|unpacked|unpacked|unpacked,[1, 1, 8, 256]
518,23,7,4546,matvec Q4_0,keep::reduce fold,omega_reduce_r5_o2_n2_multiply_add_zero,12288,Q4_0|unpacked,[1, 1, 8, 256, 1536]
519,23,7,4555,RMSNorm sumsq + fused epilogue,keep::reduce fold,omega_reduce_r2_o1_n2_multiply_add_zero_epi5_fused_identity_o5__multiply_s0_o4__add_s1_o3__square_root_s2__reciprocal_s3__multiply_s4_o2__multiply_s5_o1__add_s6_o0,256,unpacked|unpacked,[1, 1536]
520,23,7,4563,RMSNorm sumsq + fused epilogue,keep::reduce fold,omega_reduce_r2_o1_n2_multiply_add_zero_epi4_fused_identity_o4__multiply_s0_o3__add_s1_o2__square_root_s2__reciprocal_s3__multiply_s4_o1__multiply_s5_o0,256,unpacked|unpacked,[1, 1536]
521,23,7,4568,matvec Q4_0,keep::reduce fold,omega_reduce_r3_o2_n2_multiply_add_zero,98304,unpacked|Q4_0,[1, 1536, 12288]
522,23,7,4583,matvec Q4_0,keep::reduce fold,omega_reduce_r3_o2_n2_multiply_add_zero_epi9_fused_identity_o9__multiply_o5_o6__multiply_s1_o4__multiply_s2_o3__add_s3_o2__multiply_s4_o1__tanh_s5__add_s6_o0__multiply_o7_o8__multiply_s7_s8__multiply_s0_s9,98304,unpacked|Q4_0,[1, 1536, 12288]
523,23,7,4585,matvec Q4_0,keep::reduce fold,omega_reduce_r3_o2_n2_multiply_add_zero,12288,Q4_0|unpacked,[1, 12288, 1536]
524,23,7,4595,RMSNorm sumsq + fused epilogue,keep::reduce fold,omega_reduce_r2_o1_n2_multiply_add_zero_epi5_fused_identity_o5__multiply_s0_o4__add_s1_o3__square_root_s2__reciprocal_s3__multiply_s4_o2__multiply_s5_o1__add_s6_o0,256,unpacked|unpacked,[1, 1536]
525,23,7,4611,matvec Q4_0,keep::reduce fold,omega_reduce_r3_o2_n2_multiply_add_zero_epi5_fused_identity_o5__identity_o0__multiply_s0_s0__multiply_s0_s2__multiply_s3_o3__add_s0_s4__multiply_s5_o2__tanh_s6__add_s7_o1__multiply_s0_o4__multiply_s8_s9__multiply_s1_s10,2048,unpacked|Q4_0,[1, 1536, 256]
526,23,7,4614,matvec Q4_0,keep::reduce fold,omega_reduce_r3_o2_n2_multiply_add_zero,12288,unpacked|Q4_0,[1, 256, 1536]
527,23,7,4626,RMSNorm sumsq + fused epilogue,keep::reduce fold,omega_reduce_r2_o1_n2_multiply_add_zero_epi6_fused_identity_o6__multiply_s0_o4__add_s1_o3__square_root_s2__reciprocal_s3__multiply_s4_o2__multiply_s5_o1__add_s6_o0__multiply_s7_o5,256,unpacked|unpacked,[1, 1536]
528,23,7,4641,RMSNorm sumsq + fused epilogue,keep::reduce fold,omega_reduce_r2_o1_n2_multiply_add_zero_epi4_fused_identity_o4__multiply_s0_o3__add_s1_o2__square_root_s2__reciprocal_s3__multiply_s4_o1__multiply_s5_o0,256,unpacked|unpacked,[1, 1536]
529,23,7,4643,matvec Q4_0,keep::reduce fold,omega_reduce_r4_o3_n2_multiply_add_zero,16384,Q4_0|unpacked,[1, 8, 256, 1536]
530,23,7,4651,RMSNorm sumsq + fused epilogue,keep::reduce fold,omega_reduce_r3_o2_n2_multiply_add_zero_epi4_fused_identity_o4__multiply_s0_o3__add_s1_o2__square_root_s2__reciprocal_s3__multiply_s4_o1__multiply_s5_o0,512,unpacked|unpacked,[1, 8, 256]
531,23,7,4654,UNCLASSIFIED omega_elementwise_twin_r3_n4_fused_multiply_o0_o1__multiply_o2_o3__subtract_s0_s1_fused_multiply_o0_o3__multiply_o2_o1__add_s0_s1,elementwise_twin,omega_elementwise_twin_r3_n4_fused_multiply_o0_o1__multiply_o2_o3__subtract_s0_s1_fused_multiply_o0_o3__multiply_o2_o1__add_s0_s1,1024,unpacked|unpacked|unpacked|unpacked,[1, 8, 128]
532,23,7,4690,cached attention partial,cached_attention,omega_cached_attention_q1_h1_g8_d256_s3f800000_ln511_up0_x4_e1_k1_ds,17408,unpacked|unpacked|unpacked|unpacked|unpacked|unpacked|unpacked|unpacked|unpacked,[1, 1, 8, 256]
533,23,7,4690,cached attention merge,cached_attention,omega_cached_attention_q1_h1_g8_d256_s3f800000_ln511_up0_x4_e1_k1_ds_merge,8192,unpacked|unpacked|unpacked|unpacked|unpacked|unpacked|unpacked|unpacked|unpacked,[1, 1, 8, 256]
534,23,7,4692,matvec Q4_0,keep::reduce fold,omega_reduce_r5_o2_n2_multiply_add_zero,12288,Q4_0|unpacked,[1, 1, 8, 256, 1536]
535,23,7,4701,RMSNorm sumsq + fused epilogue,keep::reduce fold,omega_reduce_r2_o1_n2_multiply_add_zero_epi5_fused_identity_o5__multiply_s0_o4__add_s1_o3__square_root_s2__reciprocal_s3__multiply_s4_o2__multiply_s5_o1__add_s6_o0,256,unpacked|unpacked,[1, 1536]
536,23,7,4709,RMSNorm sumsq + fused epilogue,keep::reduce fold,omega_reduce_r2_o1_n2_multiply_add_zero_epi4_fused_identity_o4__multiply_s0_o3__add_s1_o2__square_root_s2__reciprocal_s3__multiply_s4_o1__multiply_s5_o0,256,unpacked|unpacked,[1, 1536]
537,23,7,4714,matvec Q4_0,keep::reduce fold,omega_reduce_r3_o2_n2_multiply_add_zero,98304,unpacked|Q4_0,[1, 1536, 12288]
538,23,7,4729,matvec Q4_0,keep::reduce fold,omega_reduce_r3_o2_n2_multiply_add_zero_epi9_fused_identity_o9__multiply_o5_o6__multiply_s1_o4__multiply_s2_o3__add_s3_o2__multiply_s4_o1__tanh_s5__add_s6_o0__multiply_o7_o8__multiply_s7_s8__multiply_s0_s9,98304,unpacked|Q4_0,[1, 1536, 12288]
539,23,7,4731,matvec Q4_0,keep::reduce fold,omega_reduce_r3_o2_n2_multiply_add_zero,12288,Q4_0|unpacked,[1, 12288, 1536]
540,23,7,4741,RMSNorm sumsq + fused epilogue,keep::reduce fold,omega_reduce_r2_o1_n2_multiply_add_zero_epi5_fused_identity_o5__multiply_s0_o4__add_s1_o3__square_root_s2__reciprocal_s3__multiply_s4_o2__multiply_s5_o1__add_s6_o0,256,unpacked|unpacked,[1, 1536]
541,23,7,4757,matvec Q4_0,keep::reduce fold,omega_reduce_r3_o2_n2_multiply_add_zero_epi5_fused_identity_o5__identity_o0__multiply_s0_s0__multiply_s0_s2__multiply_s3_o3__add_s0_s4__multiply_s5_o2__tanh_s6__add_s7_o1__multiply_s0_o4__multiply_s8_s9__multiply_s1_s10,2048,unpacked|Q4_0,[1, 1536, 256]
542,23,7,4760,matvec Q4_0,keep::reduce fold,omega_reduce_r3_o2_n2_multiply_add_zero,12288,unpacked|Q4_0,[1, 256, 1536]
543,23,7,4772,RMSNorm sumsq + fused epilogue,keep::reduce fold,omega_reduce_r2_o1_n2_multiply_add_zero_epi6_fused_identity_o6__multiply_s0_o4__add_s1_o3__square_root_s2__reciprocal_s3__multiply_s4_o2__multiply_s5_o1__add_s6_o0__multiply_s7_o5,256,unpacked|unpacked,[1, 1536]
544,23,7,4787,RMSNorm sumsq + fused epilogue,keep::reduce fold,omega_reduce_r2_o1_n2_multiply_add_zero_epi4_fused_identity_o4__multiply_s0_o3__add_s1_o2__square_root_s2__reciprocal_s3__multiply_s4_o1__multiply_s5_o0,256,unpacked|unpacked,[1, 1536]
545,23,7,4789,matvec Q4_0,keep::reduce fold,omega_reduce_r4_o3_n2_multiply_add_zero,32768,Q4_0|unpacked,[1, 8, 512, 1536]
546,23,7,4797,RMSNorm sumsq + fused epilogue,keep::reduce fold,omega_reduce_r3_o2_n2_multiply_add_zero_epi4_fused_identity_o4__multiply_s0_o3__add_s1_o2__square_root_s2__reciprocal_s3__multiply_s4_o1__multiply_s5_o0,1024,unpacked|unpacked,[1, 8, 512]
547,23,7,4800,UNCLASSIFIED omega_elementwise_twin_r3_n4_fused_multiply_o0_o1__multiply_o2_o3__subtract_s0_s1_fused_multiply_o0_o3__multiply_o2_o1__add_s0_s1,elementwise_twin,omega_elementwise_twin_r3_n4_fused_multiply_o0_o1__multiply_o2_o3__subtract_s0_s1_fused_multiply_o0_o3__multiply_o2_o1__add_s0_s1,2048,unpacked|unpacked|unpacked|unpacked,[1, 8, 256]
548,23,7,4836,cached attention partial,cached_attention,omega_cached_attention_q1_h1_g8_d512_s3f800000_ln9223372036854775808_up0_x4_e1_k1_ds,32768,unpacked|unpacked|unpacked|unpacked|unpacked|unpacked|unpacked|unpacked|unpacked,[1, 1, 8, 512]
549,23,7,4836,cached attention merge,cached_attention,omega_cached_attention_q1_h1_g8_d512_s3f800000_ln9223372036854775808_up0_x4_e1_k1_ds_merge,8192,unpacked|unpacked|unpacked|unpacked|unpacked|unpacked|unpacked|unpacked|unpacked,[1, 1, 8, 512]
550,23,7,4838,matvec Q4_0,keep::reduce fold,omega_reduce_r5_o2_n2_multiply_add_zero,12288,Q4_0|unpacked,[1, 1, 8, 512, 1536]
551,23,7,4847,RMSNorm sumsq + fused epilogue,keep::reduce fold,omega_reduce_r2_o1_n2_multiply_add_zero_epi5_fused_identity_o5__multiply_s0_o4__add_s1_o3__square_root_s2__reciprocal_s3__multiply_s4_o2__multiply_s5_o1__add_s6_o0,256,unpacked|unpacked,[1, 1536]
552,23,7,4855,RMSNorm sumsq + fused epilogue,keep::reduce fold,omega_reduce_r2_o1_n2_multiply_add_zero_epi4_fused_identity_o4__multiply_s0_o3__add_s1_o2__square_root_s2__reciprocal_s3__multiply_s4_o1__multiply_s5_o0,256,unpacked|unpacked,[1, 1536]
553,23,7,4860,matvec Q4_0,keep::reduce fold,omega_reduce_r3_o2_n2_multiply_add_zero,98304,unpacked|Q4_0,[1, 1536, 12288]
554,23,7,4875,matvec Q4_0,keep::reduce fold,omega_reduce_r3_o2_n2_multiply_add_zero_epi9_fused_identity_o9__multiply_o5_o6__multiply_s1_o4__multiply_s2_o3__add_s3_o2__multiply_s4_o1__tanh_s5__add_s6_o0__multiply_o7_o8__multiply_s7_s8__multiply_s0_s9,98304,unpacked|Q4_0,[1, 1536, 12288]
555,23,7,4877,matvec Q4_0,keep::reduce fold,omega_reduce_r3_o2_n2_multiply_add_zero,12288,Q4_0|unpacked,[1, 12288, 1536]
556,23,7,4887,RMSNorm sumsq + fused epilogue,keep::reduce fold,omega_reduce_r2_o1_n2_multiply_add_zero_epi5_fused_identity_o5__multiply_s0_o4__add_s1_o3__square_root_s2__reciprocal_s3__multiply_s4_o2__multiply_s5_o1__add_s6_o0,256,unpacked|unpacked,[1, 1536]
557,23,7,4903,matvec Q4_0,keep::reduce fold,omega_reduce_r3_o2_n2_multiply_add_zero_epi5_fused_identity_o5__identity_o0__multiply_s0_s0__multiply_s0_s2__multiply_s3_o3__add_s0_s4__multiply_s5_o2__tanh_s6__add_s7_o1__multiply_s0_o4__multiply_s8_s9__multiply_s1_s10,2048,unpacked|Q4_0,[1, 1536, 256]
558,23,7,4906,matvec Q4_0,keep::reduce fold,omega_reduce_r3_o2_n2_multiply_add_zero,12288,unpacked|Q4_0,[1, 256, 1536]
559,23,7,4918,RMSNorm sumsq + fused epilogue,keep::reduce fold,omega_reduce_r2_o1_n2_multiply_add_zero_epi6_fused_identity_o6__multiply_s0_o4__add_s1_o3__square_root_s2__reciprocal_s3__multiply_s4_o2__multiply_s5_o1__add_s6_o0__multiply_s7_o5,256,unpacked|unpacked,[1, 1536]
560,23,7,4933,RMSNorm sumsq + fused epilogue,keep::reduce fold,omega_reduce_r2_o1_n2_multiply_add_zero_epi4_fused_identity_o4__multiply_s0_o3__add_s1_o2__square_root_s2__reciprocal_s3__multiply_s4_o1__multiply_s5_o0,256,unpacked|unpacked,[1, 1536]
561,23,7,4935,matvec Q4_0,keep::reduce fold,omega_reduce_r4_o3_n2_multiply_add_zero,16384,Q4_0|unpacked,[1, 8, 256, 1536]
562,23,7,4943,RMSNorm sumsq + fused epilogue,keep::reduce fold,omega_reduce_r3_o2_n2_multiply_add_zero_epi4_fused_identity_o4__multiply_s0_o3__add_s1_o2__square_root_s2__reciprocal_s3__multiply_s4_o1__multiply_s5_o0,512,unpacked|unpacked,[1, 8, 256]
563,23,7,4946,UNCLASSIFIED omega_elementwise_twin_r3_n4_fused_multiply_o0_o1__multiply_o2_o3__subtract_s0_s1_fused_multiply_o0_o3__multiply_o2_o1__add_s0_s1,elementwise_twin,omega_elementwise_twin_r3_n4_fused_multiply_o0_o1__multiply_o2_o3__subtract_s0_s1_fused_multiply_o0_o3__multiply_o2_o1__add_s0_s1,1024,unpacked|unpacked|unpacked|unpacked,[1, 8, 128]
564,23,7,4982,cached attention partial,cached_attention,omega_cached_attention_q1_h1_g8_d256_s3f800000_ln511_up0_x4_e1_k1_ds,17408,unpacked|unpacked|unpacked|unpacked|unpacked|unpacked|unpacked|unpacked|unpacked,[1, 1, 8, 256]
565,23,7,4982,cached attention merge,cached_attention,omega_cached_attention_q1_h1_g8_d256_s3f800000_ln511_up0_x4_e1_k1_ds_merge,8192,unpacked|unpacked|unpacked|unpacked|unpacked|unpacked|unpacked|unpacked|unpacked,[1, 1, 8, 256]
566,23,7,4984,matvec Q4_0,keep::reduce fold,omega_reduce_r5_o2_n2_multiply_add_zero,12288,Q4_0|unpacked,[1, 1, 8, 256, 1536]
567,23,8,4993,RMSNorm sumsq + fused epilogue,keep::reduce fold,omega_reduce_r2_o1_n2_multiply_add_zero_epi5_fused_identity_o5__multiply_s0_o4__add_s1_o3__square_root_s2__reciprocal_s3__multiply_s4_o2__multiply_s5_o1__add_s6_o0,256,unpacked|unpacked,[1, 1536]
568,23,8,5001,RMSNorm sumsq + fused epilogue,keep::reduce fold,omega_reduce_r2_o1_n2_multiply_add_zero_epi4_fused_identity_o4__multiply_s0_o3__add_s1_o2__square_root_s2__reciprocal_s3__multiply_s4_o1__multiply_s5_o0,256,unpacked|unpacked,[1, 1536]
569,23,8,5006,matvec Q4_0,keep::reduce fold,omega_reduce_r3_o2_n2_multiply_add_zero,98304,unpacked|Q4_0,[1, 1536, 12288]
570,23,8,5021,matvec Q4_0,keep::reduce fold,omega_reduce_r3_o2_n2_multiply_add_zero_epi9_fused_identity_o9__multiply_o5_o6__multiply_s1_o4__multiply_s2_o3__add_s3_o2__multiply_s4_o1__tanh_s5__add_s6_o0__multiply_o7_o8__multiply_s7_s8__multiply_s0_s9,98304,unpacked|Q4_0,[1, 1536, 12288]
571,23,8,5023,matvec Q4_0,keep::reduce fold,omega_reduce_r3_o2_n2_multiply_add_zero,12288,Q4_0|unpacked,[1, 12288, 1536]
572,23,8,5033,RMSNorm sumsq + fused epilogue,keep::reduce fold,omega_reduce_r2_o1_n2_multiply_add_zero_epi5_fused_identity_o5__multiply_s0_o4__add_s1_o3__square_root_s2__reciprocal_s3__multiply_s4_o2__multiply_s5_o1__add_s6_o0,256,unpacked|unpacked,[1, 1536]
573,23,8,5049,matvec Q4_0,keep::reduce fold,omega_reduce_r3_o2_n2_multiply_add_zero_epi5_fused_identity_o5__identity_o0__multiply_s0_s0__multiply_s0_s2__multiply_s3_o3__add_s0_s4__multiply_s5_o2__tanh_s6__add_s7_o1__multiply_s0_o4__multiply_s8_s9__multiply_s1_s10,2048,unpacked|Q4_0,[1, 1536, 256]
574,23,8,5052,matvec Q4_0,keep::reduce fold,omega_reduce_r3_o2_n2_multiply_add_zero,12288,unpacked|Q4_0,[1, 256, 1536]
575,23,8,5064,RMSNorm sumsq + fused epilogue,keep::reduce fold,omega_reduce_r2_o1_n2_multiply_add_zero_epi6_fused_identity_o6__multiply_s0_o4__add_s1_o3__square_root_s2__reciprocal_s3__multiply_s4_o2__multiply_s5_o1__add_s6_o0__multiply_s7_o5,256,unpacked|unpacked,[1, 1536]
576,23,8,5079,RMSNorm sumsq + fused epilogue,keep::reduce fold,omega_reduce_r2_o1_n2_multiply_add_zero_epi4_fused_identity_o4__multiply_s0_o3__add_s1_o2__square_root_s2__reciprocal_s3__multiply_s4_o1__multiply_s5_o0,256,unpacked|unpacked,[1, 1536]
577,23,8,5081,matvec Q4_0,keep::reduce fold,omega_reduce_r4_o3_n2_multiply_add_zero,16384,Q4_0|unpacked,[1, 8, 256, 1536]
578,23,8,5089,RMSNorm sumsq + fused epilogue,keep::reduce fold,omega_reduce_r3_o2_n2_multiply_add_zero_epi4_fused_identity_o4__multiply_s0_o3__add_s1_o2__square_root_s2__reciprocal_s3__multiply_s4_o1__multiply_s5_o0,512,unpacked|unpacked,[1, 8, 256]
579,23,8,5092,UNCLASSIFIED omega_elementwise_twin_r3_n4_fused_multiply_o0_o1__multiply_o2_o3__subtract_s0_s1_fused_multiply_o0_o3__multiply_o2_o1__add_s0_s1,elementwise_twin,omega_elementwise_twin_r3_n4_fused_multiply_o0_o1__multiply_o2_o3__subtract_s0_s1_fused_multiply_o0_o3__multiply_o2_o1__add_s0_s1,1024,unpacked|unpacked|unpacked|unpacked,[1, 8, 128]
580,23,8,5128,cached attention partial,cached_attention,omega_cached_attention_q1_h1_g8_d256_s3f800000_ln511_up0_x4_e1_k1_ds,17408,unpacked|unpacked|unpacked|unpacked|unpacked|unpacked|unpacked|unpacked|unpacked,[1, 1, 8, 256]
581,23,8,5128,cached attention merge,cached_attention,omega_cached_attention_q1_h1_g8_d256_s3f800000_ln511_up0_x4_e1_k1_ds_merge,8192,unpacked|unpacked|unpacked|unpacked|unpacked|unpacked|unpacked|unpacked|unpacked,[1, 1, 8, 256]
582,23,8,5130,matvec Q4_0,keep::reduce fold,omega_reduce_r5_o2_n2_multiply_add_zero,12288,Q4_0|unpacked,[1, 1, 8, 256, 1536]
583,23,8,5139,RMSNorm sumsq + fused epilogue,keep::reduce fold,omega_reduce_r2_o1_n2_multiply_add_zero_epi5_fused_identity_o5__multiply_s0_o4__add_s1_o3__square_root_s2__reciprocal_s3__multiply_s4_o2__multiply_s5_o1__add_s6_o0,256,unpacked|unpacked,[1, 1536]
584,23,8,5147,RMSNorm sumsq + fused epilogue,keep::reduce fold,omega_reduce_r2_o1_n2_multiply_add_zero_epi4_fused_identity_o4__multiply_s0_o3__add_s1_o2__square_root_s2__reciprocal_s3__multiply_s4_o1__multiply_s5_o0,256,unpacked|unpacked,[1, 1536]
585,23,8,5152,matvec Q4_0,keep::reduce fold,omega_reduce_r3_o2_n2_multiply_add_zero,98304,unpacked|Q4_0,[1, 1536, 12288]
586,23,8,5167,matvec Q4_0,keep::reduce fold,omega_reduce_r3_o2_n2_multiply_add_zero_epi9_fused_identity_o9__multiply_o5_o6__multiply_s1_o4__multiply_s2_o3__add_s3_o2__multiply_s4_o1__tanh_s5__add_s6_o0__multiply_o7_o8__multiply_s7_s8__multiply_s0_s9,98304,unpacked|Q4_0,[1, 1536, 12288]
587,23,8,5169,matvec Q4_0,keep::reduce fold,omega_reduce_r3_o2_n2_multiply_add_zero,12288,Q4_0|unpacked,[1, 12288, 1536]
588,23,8,5179,RMSNorm sumsq + fused epilogue,keep::reduce fold,omega_reduce_r2_o1_n2_multiply_add_zero_epi5_fused_identity_o5__multiply_s0_o4__add_s1_o3__square_root_s2__reciprocal_s3__multiply_s4_o2__multiply_s5_o1__add_s6_o0,256,unpacked|unpacked,[1, 1536]
589,23,8,5195,matvec Q4_0,keep::reduce fold,omega_reduce_r3_o2_n2_multiply_add_zero_epi5_fused_identity_o5__identity_o0__multiply_s0_s0__multiply_s0_s2__multiply_s3_o3__add_s0_s4__multiply_s5_o2__tanh_s6__add_s7_o1__multiply_s0_o4__multiply_s8_s9__multiply_s1_s10,2048,unpacked|Q4_0,[1, 1536, 256]
590,23,8,5198,matvec Q4_0,keep::reduce fold,omega_reduce_r3_o2_n2_multiply_add_zero,12288,unpacked|Q4_0,[1, 256, 1536]
591,23,8,5210,RMSNorm sumsq + fused epilogue,keep::reduce fold,omega_reduce_r2_o1_n2_multiply_add_zero_epi6_fused_identity_o6__multiply_s0_o4__add_s1_o3__square_root_s2__reciprocal_s3__multiply_s4_o2__multiply_s5_o1__add_s6_o0__multiply_s7_o5,256,unpacked|unpacked,[1, 1536]
592,23,8,5225,RMSNorm sumsq + fused epilogue,keep::reduce fold,omega_reduce_r2_o1_n2_multiply_add_zero_epi4_fused_identity_o4__multiply_s0_o3__add_s1_o2__square_root_s2__reciprocal_s3__multiply_s4_o1__multiply_s5_o0,256,unpacked|unpacked,[1, 1536]
593,23,8,5227,matvec Q4_0,keep::reduce fold,omega_reduce_r4_o3_n2_multiply_add_zero,16384,Q4_0|unpacked,[1, 8, 256, 1536]
594,23,8,5235,RMSNorm sumsq + fused epilogue,keep::reduce fold,omega_reduce_r3_o2_n2_multiply_add_zero_epi4_fused_identity_o4__multiply_s0_o3__add_s1_o2__square_root_s2__reciprocal_s3__multiply_s4_o1__multiply_s5_o0,512,unpacked|unpacked,[1, 8, 256]
595,23,8,5238,UNCLASSIFIED omega_elementwise_twin_r3_n4_fused_multiply_o0_o1__multiply_o2_o3__subtract_s0_s1_fused_multiply_o0_o3__multiply_o2_o1__add_s0_s1,elementwise_twin,omega_elementwise_twin_r3_n4_fused_multiply_o0_o1__multiply_o2_o3__subtract_s0_s1_fused_multiply_o0_o3__multiply_o2_o1__add_s0_s1,1024,unpacked|unpacked|unpacked|unpacked,[1, 8, 128]
596,23,8,5274,cached attention partial,cached_attention,omega_cached_attention_q1_h1_g8_d256_s3f800000_ln511_up0_x4_e1_k1_ds,17408,unpacked|unpacked|unpacked|unpacked|unpacked|unpacked|unpacked|unpacked|unpacked,[1, 1, 8, 256]
597,23,8,5274,cached attention merge,cached_attention,omega_cached_attention_q1_h1_g8_d256_s3f800000_ln511_up0_x4_e1_k1_ds_merge,8192,unpacked|unpacked|unpacked|unpacked|unpacked|unpacked|unpacked|unpacked|unpacked,[1, 1, 8, 256]
598,23,8,5276,matvec Q4_0,keep::reduce fold,omega_reduce_r5_o2_n2_multiply_add_zero,12288,Q4_0|unpacked,[1, 1, 8, 256, 1536]
599,23,8,5285,RMSNorm sumsq + fused epilogue,keep::reduce fold,omega_reduce_r2_o1_n2_multiply_add_zero_epi5_fused_identity_o5__multiply_s0_o4__add_s1_o3__square_root_s2__reciprocal_s3__multiply_s4_o2__multiply_s5_o1__add_s6_o0,256,unpacked|unpacked,[1, 1536]
600,23,8,5293,RMSNorm sumsq + fused epilogue,keep::reduce fold,omega_reduce_r2_o1_n2_multiply_add_zero_epi4_fused_identity_o4__multiply_s0_o3__add_s1_o2__square_root_s2__reciprocal_s3__multiply_s4_o1__multiply_s5_o0,256,unpacked|unpacked,[1, 1536]
601,23,8,5298,matvec Q4_0,keep::reduce fold,omega_reduce_r3_o2_n2_multiply_add_zero,98304,unpacked|Q4_0,[1, 1536, 12288]
602,23,8,5313,matvec Q4_0,keep::reduce fold,omega_reduce_r3_o2_n2_multiply_add_zero_epi9_fused_identity_o9__multiply_o5_o6__multiply_s1_o4__multiply_s2_o3__add_s3_o2__multiply_s4_o1__tanh_s5__add_s6_o0__multiply_o7_o8__multiply_s7_s8__multiply_s0_s9,98304,unpacked|Q4_0,[1, 1536, 12288]
603,23,8,5315,matvec Q4_0,keep::reduce fold,omega_reduce_r3_o2_n2_multiply_add_zero,12288,Q4_0|unpacked,[1, 12288, 1536]
604,23,8,5325,RMSNorm sumsq + fused epilogue,keep::reduce fold,omega_reduce_r2_o1_n2_multiply_add_zero_epi5_fused_identity_o5__multiply_s0_o4__add_s1_o3__square_root_s2__reciprocal_s3__multiply_s4_o2__multiply_s5_o1__add_s6_o0,256,unpacked|unpacked,[1, 1536]
605,23,8,5341,matvec Q4_0,keep::reduce fold,omega_reduce_r3_o2_n2_multiply_add_zero_epi5_fused_identity_o5__identity_o0__multiply_s0_s0__multiply_s0_s2__multiply_s3_o3__add_s0_s4__multiply_s5_o2__tanh_s6__add_s7_o1__multiply_s0_o4__multiply_s8_s9__multiply_s1_s10,2048,unpacked|Q4_0,[1, 1536, 256]
606,23,8,5344,matvec Q4_0,keep::reduce fold,omega_reduce_r3_o2_n2_multiply_add_zero,12288,unpacked|Q4_0,[1, 256, 1536]
607,23,8,5356,RMSNorm sumsq + fused epilogue,keep::reduce fold,omega_reduce_r2_o1_n2_multiply_add_zero_epi6_fused_identity_o6__multiply_s0_o4__add_s1_o3__square_root_s2__reciprocal_s3__multiply_s4_o2__multiply_s5_o1__add_s6_o0__multiply_s7_o5,256,unpacked|unpacked,[1, 1536]
608,23,8,5371,RMSNorm sumsq + fused epilogue,keep::reduce fold,omega_reduce_r2_o1_n2_multiply_add_zero_epi4_fused_identity_o4__multiply_s0_o3__add_s1_o2__square_root_s2__reciprocal_s3__multiply_s4_o1__multiply_s5_o0,256,unpacked|unpacked,[1, 1536]
609,23,8,5373,matvec Q4_0,keep::reduce fold,omega_reduce_r4_o3_n2_multiply_add_zero,16384,Q4_0|unpacked,[1, 8, 256, 1536]
610,23,8,5381,RMSNorm sumsq + fused epilogue,keep::reduce fold,omega_reduce_r3_o2_n2_multiply_add_zero_epi4_fused_identity_o4__multiply_s0_o3__add_s1_o2__square_root_s2__reciprocal_s3__multiply_s4_o1__multiply_s5_o0,512,unpacked|unpacked,[1, 8, 256]
611,23,8,5384,UNCLASSIFIED omega_elementwise_twin_r3_n4_fused_multiply_o0_o1__multiply_o2_o3__subtract_s0_s1_fused_multiply_o0_o3__multiply_o2_o1__add_s0_s1,elementwise_twin,omega_elementwise_twin_r3_n4_fused_multiply_o0_o1__multiply_o2_o3__subtract_s0_s1_fused_multiply_o0_o3__multiply_o2_o1__add_s0_s1,1024,unpacked|unpacked|unpacked|unpacked,[1, 8, 128]
612,23,8,5420,cached attention partial,cached_attention,omega_cached_attention_q1_h1_g8_d256_s3f800000_ln511_up0_x4_e1_k1_ds,17408,unpacked|unpacked|unpacked|unpacked|unpacked|unpacked|unpacked|unpacked|unpacked,[1, 1, 8, 256]
613,23,8,5420,cached attention merge,cached_attention,omega_cached_attention_q1_h1_g8_d256_s3f800000_ln511_up0_x4_e1_k1_ds_merge,8192,unpacked|unpacked|unpacked|unpacked|unpacked|unpacked|unpacked|unpacked|unpacked,[1, 1, 8, 256]
614,23,8,5422,matvec Q4_0,keep::reduce fold,omega_reduce_r5_o2_n2_multiply_add_zero,12288,Q4_0|unpacked,[1, 1, 8, 256, 1536]
615,23,8,5431,RMSNorm sumsq + fused epilogue,keep::reduce fold,omega_reduce_r2_o1_n2_multiply_add_zero_epi5_fused_identity_o5__multiply_s0_o4__add_s1_o3__square_root_s2__reciprocal_s3__multiply_s4_o2__multiply_s5_o1__add_s6_o0,256,unpacked|unpacked,[1, 1536]
616,23,8,5439,RMSNorm sumsq + fused epilogue,keep::reduce fold,omega_reduce_r2_o1_n2_multiply_add_zero_epi4_fused_identity_o4__multiply_s0_o3__add_s1_o2__square_root_s2__reciprocal_s3__multiply_s4_o1__multiply_s5_o0,256,unpacked|unpacked,[1, 1536]
617,23,8,5444,matvec Q4_0,keep::reduce fold,omega_reduce_r3_o2_n2_multiply_add_zero,98304,unpacked|Q4_0,[1, 1536, 12288]
618,23,8,5459,matvec Q4_0,keep::reduce fold,omega_reduce_r3_o2_n2_multiply_add_zero_epi9_fused_identity_o9__multiply_o5_o6__multiply_s1_o4__multiply_s2_o3__add_s3_o2__multiply_s4_o1__tanh_s5__add_s6_o0__multiply_o7_o8__multiply_s7_s8__multiply_s0_s9,98304,unpacked|Q4_0,[1, 1536, 12288]
619,23,8,5461,matvec Q4_0,keep::reduce fold,omega_reduce_r3_o2_n2_multiply_add_zero,12288,Q4_0|unpacked,[1, 12288, 1536]
620,23,8,5471,RMSNorm sumsq + fused epilogue,keep::reduce fold,omega_reduce_r2_o1_n2_multiply_add_zero_epi5_fused_identity_o5__multiply_s0_o4__add_s1_o3__square_root_s2__reciprocal_s3__multiply_s4_o2__multiply_s5_o1__add_s6_o0,256,unpacked|unpacked,[1, 1536]
621,23,8,5487,matvec Q4_0,keep::reduce fold,omega_reduce_r3_o2_n2_multiply_add_zero_epi5_fused_identity_o5__identity_o0__multiply_s0_s0__multiply_s0_s2__multiply_s3_o3__add_s0_s4__multiply_s5_o2__tanh_s6__add_s7_o1__multiply_s0_o4__multiply_s8_s9__multiply_s1_s10,2048,unpacked|Q4_0,[1, 1536, 256]
622,23,8,5490,matvec Q4_0,keep::reduce fold,omega_reduce_r3_o2_n2_multiply_add_zero,12288,unpacked|Q4_0,[1, 256, 1536]
623,23,8,5502,RMSNorm sumsq + fused epilogue,keep::reduce fold,omega_reduce_r2_o1_n2_multiply_add_zero_epi6_fused_identity_o6__multiply_s0_o4__add_s1_o3__square_root_s2__reciprocal_s3__multiply_s4_o2__multiply_s5_o1__add_s6_o0__multiply_s7_o5,256,unpacked|unpacked,[1, 1536]
624,23,8,5517,RMSNorm sumsq + fused epilogue,keep::reduce fold,omega_reduce_r2_o1_n2_multiply_add_zero_epi4_fused_identity_o4__multiply_s0_o3__add_s1_o2__square_root_s2__reciprocal_s3__multiply_s4_o1__multiply_s5_o0,256,unpacked|unpacked,[1, 1536]
625,23,8,5519,matvec Q4_0,keep::reduce fold,omega_reduce_r4_o3_n2_multiply_add_zero,32768,Q4_0|unpacked,[1, 8, 512, 1536]
626,23,8,5527,RMSNorm sumsq + fused epilogue,keep::reduce fold,omega_reduce_r3_o2_n2_multiply_add_zero_epi4_fused_identity_o4__multiply_s0_o3__add_s1_o2__square_root_s2__reciprocal_s3__multiply_s4_o1__multiply_s5_o0,1024,unpacked|unpacked,[1, 8, 512]
627,23,8,5530,UNCLASSIFIED omega_elementwise_twin_r3_n4_fused_multiply_o0_o1__multiply_o2_o3__subtract_s0_s1_fused_multiply_o0_o3__multiply_o2_o1__add_s0_s1,elementwise_twin,omega_elementwise_twin_r3_n4_fused_multiply_o0_o1__multiply_o2_o3__subtract_s0_s1_fused_multiply_o0_o3__multiply_o2_o1__add_s0_s1,2048,unpacked|unpacked|unpacked|unpacked,[1, 8, 256]
628,23,8,5566,cached attention partial,cached_attention,omega_cached_attention_q1_h1_g8_d512_s3f800000_ln9223372036854775808_up0_x4_e1_k1_ds,32768,unpacked|unpacked|unpacked|unpacked|unpacked|unpacked|unpacked|unpacked|unpacked,[1, 1, 8, 512]
629,23,8,5566,cached attention merge,cached_attention,omega_cached_attention_q1_h1_g8_d512_s3f800000_ln9223372036854775808_up0_x4_e1_k1_ds_merge,8192,unpacked|unpacked|unpacked|unpacked|unpacked|unpacked|unpacked|unpacked|unpacked,[1, 1, 8, 512]
630,23,8,5568,matvec Q4_0,keep::reduce fold,omega_reduce_r5_o2_n2_multiply_add_zero,12288,Q4_0|unpacked,[1, 1, 8, 512, 1536]
631,23,8,5577,RMSNorm sumsq + fused epilogue,keep::reduce fold,omega_reduce_r2_o1_n2_multiply_add_zero_epi5_fused_identity_o5__multiply_s0_o4__add_s1_o3__square_root_s2__reciprocal_s3__multiply_s4_o2__multiply_s5_o1__add_s6_o0,256,unpacked|unpacked,[1, 1536]
632,23,8,5585,RMSNorm sumsq + fused epilogue,keep::reduce fold,omega_reduce_r2_o1_n2_multiply_add_zero_epi4_fused_identity_o4__multiply_s0_o3__add_s1_o2__square_root_s2__reciprocal_s3__multiply_s4_o1__multiply_s5_o0,256,unpacked|unpacked,[1, 1536]
633,23,8,5590,matvec Q4_0,keep::reduce fold,omega_reduce_r3_o2_n2_multiply_add_zero,98304,unpacked|Q4_0,[1, 1536, 12288]
634,23,8,5605,matvec Q4_0,keep::reduce fold,omega_reduce_r3_o2_n2_multiply_add_zero_epi9_fused_identity_o9__multiply_o5_o6__multiply_s1_o4__multiply_s2_o3__add_s3_o2__multiply_s4_o1__tanh_s5__add_s6_o0__multiply_o7_o8__multiply_s7_s8__multiply_s0_s9,98304,unpacked|Q4_0,[1, 1536, 12288]
635,23,8,5607,matvec Q4_0,keep::reduce fold,omega_reduce_r3_o2_n2_multiply_add_zero,12288,Q4_0|unpacked,[1, 12288, 1536]
636,23,8,5617,RMSNorm sumsq + fused epilogue,keep::reduce fold,omega_reduce_r2_o1_n2_multiply_add_zero_epi5_fused_identity_o5__multiply_s0_o4__add_s1_o3__square_root_s2__reciprocal_s3__multiply_s4_o2__multiply_s5_o1__add_s6_o0,256,unpacked|unpacked,[1, 1536]
637,23,8,5633,matvec Q4_0,keep::reduce fold,omega_reduce_r3_o2_n2_multiply_add_zero_epi5_fused_identity_o5__identity_o0__multiply_s0_s0__multiply_s0_s2__multiply_s3_o3__add_s0_s4__multiply_s5_o2__tanh_s6__add_s7_o1__multiply_s0_o4__multiply_s8_s9__multiply_s1_s10,2048,unpacked|Q4_0,[1, 1536, 256]
638,23,8,5636,matvec Q4_0,keep::reduce fold,omega_reduce_r3_o2_n2_multiply_add_zero,12288,unpacked|Q4_0,[1, 256, 1536]
639,23,8,5648,RMSNorm sumsq + fused epilogue,keep::reduce fold,omega_reduce_r2_o1_n2_multiply_add_zero_epi6_fused_identity_o6__multiply_s0_o4__add_s1_o3__square_root_s2__reciprocal_s3__multiply_s4_o2__multiply_s5_o1__add_s6_o0__multiply_s7_o5,256,unpacked|unpacked,[1, 1536]
640,23,8,5657,RMSNorm sumsq + fused epilogue,keep::reduce fold,omega_reduce_r2_o1_n2_multiply_add_zero_epi4_fused_identity_o4__multiply_s0_o3__add_s1_o2__square_root_s2__reciprocal_s3__multiply_s4_o1__multiply_s5_o0,256,unpacked|unpacked,[1, 1536]
641,23,8,5659,elementwise identity_g1,elementwise,omega_elementwise_r2_n1_identity_g1,1536,unpacked,[1, 1536]
642,23,8,5666,head,keep::reduce fold,omega_reduce_r3_o2_n2_multiply_add_zero_epi2_fused_identity_o2__divide_s0_o1__tanh_s1__multiply_s2_o0,4194304,unpacked|Q6K,[1, 1536, 262144]
643,23,8,5668,identity copy,elementwise,omega_elementwise_r3_n1_identity,262144,unpacked,[1, 512, 512]
644,23,8,5669,softmax max,keep::reduce fold,omega_reduce_r3_o2_n1_identity_maximum_negative_infinity,65536,unpacked,[1, 512, 512]
645,23,8,5670,softmax max,keep::reduce fold,omega_reduce_r2_o1_n1_identity_maximum_negative_infinity,128,unpacked,[1, 512]
646,23,8,5672,iota,iota,omega_iota_r1,512,,[512]
647,23,8,5673,iota,iota,omega_iota_r1,512,,[512]
648,23,8,5675,elementwise multiply,elementwise,omega_elementwise_r1_n2_multiply,512,unpacked|unpacked,[512]
649,23,8,5679,UNCLASSIFIED omega_reduce_r3_o2_n5_fused_equal_o0_o1__add_o2_o3__select_s0_s1_o4_minimum_positive_infinity,keep::reduce fold,omega_reduce_r3_o2_n5_fused_equal_o0_o1__add_o2_o3__select_s0_s1_o4_minimum_positive_infinity,65536,unpacked|unpacked|unpacked|unpacked|unpacked,[1, 512, 512]
650,23,8,5680,UNCLASSIFIED omega_reduce_r2_o1_n1_identity_minimum_positive_infinity,keep::reduce fold,omega_reduce_r2_o1_n1_identity_minimum_positive_infinity,128,unpacked,[1, 512]
651,23,8,5686,matvec f32,keep::reduce fold,omega_reduce_r3_o2_n4_fused_greater_o0_o1__greater_o2_o3__multiply_s0_s1_add_zero,65536,unpacked|unpacked|unpacked|unpacked,[1, 512, 512]
652,23,8,5687,softmax sum,keep::reduce fold,omega_reduce_r2_o1_n1_identity_add_zero,128,unpacked,[1, 512]
