index,node,kernel,grid_threads,threadgroups,buffer_bindings,bytes_bound_full,static_threadgroup_bytes,dynamic_threadgroup_bytes,pipeline_switch,live_barrier_before,node_keyed_barrier_before,node_and_slot_keyed_barrier_before,isolated_marginal_ns,recorded_mean_us,empty_same_bindings_mean_us,empty_minimal_bindings_mean_us,empty_one_threadgroup_mean_us,recorded_unordered_mean_us
0,4,omega_elementwise_r2_n2_fused_identity_o0__multiply_s0_o1_g10,1536,2,6,1380335336,0,0,1,0,0,0,16387,16.229,1.995,1.924,1.683,7.623
1,17,omega_reduce_r3_o2_n2_multiply_add_zero_epi1_fused_identity_o1__multiply_s0_o0,2293760,8960,5,3335677156,32,0,1,0,1,1,115131,16.229,1.995,1.924,1.683,7.623
2,12,omega_elementwise_r2_n2_fused_identity_o0__multiply_s0_o1_g10,8960,9,6,3307203048,0,0,1,0,0,1,17548,16.229,1.995,1.924,1.683,7.623
3,20,omega_elementwise_r3_n1_identity,8960,9,3,2040320,0,0,1,0,1,1,2899,16.229,1.995,1.924,1.683,7.623
4,32,omega_reduce_r3_o2_n2_multiply_add_zero_epi6_fused_identity_o6__identity_o0__multiply_s0_o4__add_s2_o3__square_root_s3__reciprocal_s4__multiply_s5_o2__multiply_s6_o1__add_s1_s7__multiply_s8_o5,2240,35,10,3311104236,16,0,1,0,1,1,6542,16.229,1.995,1.924,1.683,7.623
5,94,omega_reduce_r2_o1_n2_multiply_add_zero_epi4_fused_identity_o4__multiply_s0_o3__add_s1_o2__square_root_s2__reciprocal_s3__multiply_s4_o1__multiply_s5_o0,256,1,8,1052683240,32,0,1,0,0,1,5893,16.229,1.995,1.924,1.683,7.623
6,96,omega_reduce_r4_o3_n2_multiply_add_zero,16384,256,4,1049228256,0,0,1,0,1,1,10667,16.229,1.995,1.924,1.683,7.623
7,106,omega_reduce_r4_o3_n2_multiply_add_zero,2048,32,4,1051211232,0,0,1,0,0,1,5738,16.229,1.995,1.924,1.683,7.623
8,114,omega_reduce_r3_o2_n2_multiply_add_zero_epi4_fused_identity_o4__multiply_s0_o3__add_s1_o2__square_root_s2__reciprocal_s3__multiply_s4_o1__multiply_s5_o0,64,1,8,1053065192,16,0,1,0,1,1,5131,16.229,1.995,1.924,1.683,7.623
9,120,omega_elementwise_twin_r3_n4_fused_multiply_o0_o1__multiply_o2_o3__add_s0_s1_fused_multiply_o0_o3__multiply_o2_o1__subtract_s0_s1,128,1,7,2178560,0,0,1,0,1,1,2810,16.229,1.995,1.924,1.683,7.623
10,122,omega_reduce_r4_o3_n2_multiply_add_zero,2048,32,4,1047442912,0,0,1,0,0,1,5738,16.229,1.995,1.924,1.683,7.623
11,129,omega_reduce_r3_o2_n2_multiply_add_zero_epi3_fused_identity_o3__multiply_s0_o2__add_s1_o1__square_root_s2__reciprocal_s3__multiply_s4_o0,64,1,7,3221512,16,0,1,0,1,1,5018,16.229,1.995,1.924,1.683,7.623
12,104,omega_reduce_r3_o2_n2_multiply_add_zero_epi4_fused_identity_o4__multiply_s0_o3__add_s1_o2__square_root_s2__reciprocal_s3__multiply_s4_o1__multiply_s5_o0,512,8,8,1049571304,16,0,1,0,0,1,5411,16.229,1.995,1.924,1.683,7.623
13,132,omega_elementwise_twin_r3_n4_fused_multiply_o0_o1__multiply_o2_o3__subtract_s0_s1_fused_multiply_o0_o3__multiply_o2_o1__add_s0_s1,1024,1,7,4171008,0,0,1,0,1,1,4125,16.229,1.995,1.924,1.683,7.623
14,168,omega_cached_attention_q1_h1_g8_d256_s3f800000_ln511_up0_x4_e1_k1_ds,17408,136,11,3776260,4128,0,1,0,1,1,21536,16.229,1.995,1.924,1.683,7.623
15,168,omega_cached_attention_q1_h1_g8_d256_s3f800000_ln511_up0_x4_e1_k1_ds_merge,8192,8,3,1320448,0,0,1,0,1,1,5393,16.229,1.995,1.924,1.683,7.623
16,170,omega_reduce_r5_o2_n2_multiply_add_zero,12288,192,4,1050997728,0,0,1,0,1,1,9560,16.229,1.995,1.924,1.683,7.623
17,179,omega_reduce_r2_o1_n2_multiply_add_zero_epi5_fused_identity_o5__multiply_s0_o4__add_s1_o3__square_root_s2__reciprocal_s3__multiply_s4_o2__multiply_s5_o1__add_s6_o0,256,1,9,1034041800,32,0,1,0,1,1,6982,16.229,1.995,1.924,1.683,7.623
18,187,omega_reduce_r2_o1_n2_multiply_add_zero_epi4_fused_identity_o4__multiply_s0_o3__add_s1_o2__square_root_s2__reciprocal_s3__multiply_s4_o1__multiply_s5_o0,256,1,8,1038535656,32,0,1,0,1,1,5893,16.229,1.995,1.924,1.683,7.623
19,192,omega_reduce_r3_o2_n2_multiply_add_zero,49152,768,4,1041880544,0,0,1,0,1,1,19488,16.229,1.995,1.924,1.683,7.623
20,207,omega_reduce_r3_o2_n2_multiply_add_zero_epi9_fused_identity_o9__multiply_o5_o6__multiply_s1_o4__multiply_s2_o3__add_s3_o2__multiply_s4_o1__tanh_s5__add_s6_o0__multiply_o7_o8__multiply_s7_s8__multiply_s0_s9,49152,768,13,1041822448,0,0,1,0,1,1,20577,16.229,1.995,1.924,1.683,7.623
21,209,omega_reduce_r3_o2_n2_multiply_add_zero,12288,192,4,1047220192,0,0,1,0,1,1,20464,16.229,1.995,1.924,1.683,7.623
22,219,omega_reduce_r2_o1_n2_multiply_add_zero_epi5_fused_identity_o5__multiply_s0_o4__add_s1_o3__square_root_s2__reciprocal_s3__multiply_s4_o2__multiply_s5_o1__add_s6_o0,256,1,9,1034198984,32,0,1,0,1,1,6982,16.229,1.995,1.924,1.683,7.623
23,235,omega_reduce_r3_o2_n2_multiply_add_zero_epi5_fused_identity_o5__identity_o0__multiply_s0_s0__multiply_s0_s2__multiply_s3_o3__add_s0_s4__multiply_s5_o2__tanh_s6__add_s7_o1__multiply_s0_o4__multiply_s8_s9__multiply_s1_s10,2048,32,9,1032242416,0,0,1,0,1,1,6333,16.229,1.995,1.924,1.683,7.623
24,238,omega_reduce_r3_o2_n2_multiply_add_zero,12288,192,4,1031061184,0,0,1,0,1,1,5089,16.229,1.995,1.924,1.683,7.623
25,250,omega_reduce_r2_o1_n2_multiply_add_zero_epi6_fused_identity_o6__multiply_s0_o4__add_s1_o3__square_root_s2__reciprocal_s3__multiply_s4_o2__multiply_s5_o1__add_s6_o0__multiply_s7_o5,256,1,10,2063205544,32,0,1,0,1,1,6506,16.229,1.995,1.924,1.683,7.623
26,271,omega_reduce_r2_o1_n2_multiply_add_zero_epi4_fused_identity_o4__multiply_s0_o3__add_s1_o2__square_root_s2__reciprocal_s3__multiply_s4_o1__multiply_s5_o0,256,1,8,1032683976,32,0,1,0,1,1,5893,16.229,1.995,1.924,1.683,7.623
27,273,omega_reduce_r4_o3_n2_multiply_add_zero,16384,256,4,1028846528,0,0,1,0,1,1,10667,16.229,1.995,1.924,1.683,7.623
28,283,omega_reduce_r4_o3_n2_multiply_add_zero,2048,32,4,1030829504,0,0,1,0,0,1,5738,16.229,1.995,1.924,1.683,7.623
29,291,omega_reduce_r3_o2_n2_multiply_add_zero_epi4_fused_identity_o4__multiply_s0_o3__add_s1_o2__square_root_s2__reciprocal_s3__multiply_s4_o1__multiply_s5_o0,64,1,8,1032676296,16,0,1,0,1,1,5131,16.229,1.995,1.924,1.683,7.623
30,297,omega_elementwise_twin_r3_n4_fused_multiply_o0_o1__multiply_o2_o3__add_s0_s1_fused_multiply_o0_o3__multiply_o2_o1__subtract_s0_s1,128,1,7,2164224,0,0,1,0,1,1,2810,16.229,1.995,1.924,1.683,7.623
31,299,omega_reduce_r4_o3_n2_multiply_add_zero,2048,32,4,1027061184,0,0,1,0,0,1,5738,16.229,1.995,1.924,1.683,7.623
32,306,omega_reduce_r3_o2_n2_multiply_add_zero_epi3_fused_identity_o3__multiply_s0_o2__add_s1_o1__square_root_s2__reciprocal_s3__multiply_s4_o0,64,1,7,3221512,16,0,1,0,1,1,5018,16.229,1.995,1.924,1.683,7.623
33,281,omega_reduce_r3_o2_n2_multiply_add_zero_epi4_fused_identity_o4__multiply_s0_o3__add_s1_o2__square_root_s2__reciprocal_s3__multiply_s4_o1__multiply_s5_o0,512,8,8,1029189576,16,0,1,0,0,1,5411,16.229,1.995,1.924,1.683,7.623
34,309,omega_elementwise_twin_r3_n4_fused_multiply_o0_o1__multiply_o2_o3__subtract_s0_s1_fused_multiply_o0_o3__multiply_o2_o1__add_s0_s1,1024,1,7,4158208,0,0,1,0,1,1,4125,16.229,1.995,1.924,1.683,7.623
35,345,omega_cached_attention_q1_h1_g8_d256_s3f800000_ln511_up0_x4_e1_k1_ds,17408,136,11,3763460,4128,0,1,0,1,1,21536,16.229,1.995,1.924,1.683,7.623
36,345,omega_cached_attention_q1_h1_g8_d256_s3f800000_ln511_up0_x4_e1_k1_ds_merge,8192,8,3,1320448,0,0,1,0,1,1,5393,16.229,1.995,1.924,1.683,7.623
37,347,omega_reduce_r5_o2_n2_multiply_add_zero,12288,192,4,1030616000,0,0,1,0,1,1,9560,16.229,1.995,1.924,1.683,7.623
38,356,omega_reduce_r2_o1_n2_multiply_add_zero_epi5_fused_identity_o5__multiply_s0_o4__add_s1_o3__square_root_s2__reciprocal_s3__multiply_s4_o2__multiply_s5_o1__add_s6_o0,256,1,9,1013787560,32,0,1,0,1,1,6982,16.229,1.995,1.924,1.683,7.623
39,364,omega_reduce_r2_o1_n2_multiply_add_zero_epi4_fused_identity_o4__multiply_s0_o3__add_s1_o2__square_root_s2__reciprocal_s3__multiply_s4_o1__multiply_s5_o0,256,1,8,1018153928,32,0,1,0,1,1,5893,16.229,1.995,1.924,1.683,7.623
40,369,omega_reduce_r3_o2_n2_multiply_add_zero,49152,768,4,1021498816,0,0,1,0,1,1,19488,16.229,1.995,1.924,1.683,7.623
41,384,omega_reduce_r3_o2_n2_multiply_add_zero_epi9_fused_identity_o9__multiply_o5_o6__multiply_s1_o4__multiply_s2_o3__add_s3_o2__multiply_s4_o1__tanh_s5__add_s6_o0__multiply_o7_o8__multiply_s7_s8__multiply_s0_s9,49152,768,13,1021440720,0,0,1,0,1,1,20577,16.229,1.995,1.924,1.683,7.623
42,386,omega_reduce_r3_o2_n2_multiply_add_zero,12288,192,4,1026838464,0,0,1,0,1,1,20464,16.229,1.995,1.924,1.683,7.623
43,396,omega_reduce_r2_o1_n2_multiply_add_zero_epi5_fused_identity_o5__multiply_s0_o4__add_s1_o3__square_root_s2__reciprocal_s3__multiply_s4_o2__multiply_s5_o1__add_s6_o0,256,1,9,1013817256,32,0,1,0,1,1,6982,16.229,1.995,1.924,1.683,7.623
44,412,omega_reduce_r3_o2_n2_multiply_add_zero_epi5_fused_identity_o5__identity_o0__multiply_s0_s0__multiply_s0_s2__multiply_s3_o3__add_s0_s4__multiply_s5_o2__tanh_s6__add_s7_o1__multiply_s0_o4__multiply_s8_s9__multiply_s1_s10,2048,32,9,1011860688,0,0,1,0,1,1,6458,16.229,1.995,1.924,1.683,7.623
45,415,omega_reduce_r3_o2_n2_multiply_add_zero,12288,192,4,1010679456,0,0,1,0,1,1,5089,16.229,1.995,1.924,1.683,7.623
46,427,omega_reduce_r2_o1_n2_multiply_add_zero_epi6_fused_identity_o6__multiply_s0_o4__add_s1_o3__square_root_s2__reciprocal_s3__multiply_s4_o2__multiply_s5_o1__add_s6_o0__multiply_s7_o5,256,1,10,2022442088,32,0,1,0,1,1,6506,16.229,1.995,1.924,1.683,7.623
47,448,omega_reduce_r2_o1_n2_multiply_add_zero_epi4_fused_identity_o4__multiply_s0_o3__add_s1_o2__square_root_s2__reciprocal_s3__multiply_s4_o1__multiply_s5_o0,256,1,8,1012302248,32,0,1,0,1,1,5893,16.229,1.995,1.924,1.683,7.623
48,450,omega_reduce_r4_o3_n2_multiply_add_zero,16384,256,4,1008464800,0,0,1,0,1,1,10667,16.229,1.995,1.924,1.683,7.623
49,460,omega_reduce_r4_o3_n2_multiply_add_zero,2048,32,4,1010447776,0,0,1,0,0,1,5738,16.229,1.995,1.924,1.683,7.623
50,468,omega_reduce_r3_o2_n2_multiply_add_zero_epi4_fused_identity_o4__multiply_s0_o3__add_s1_o2__square_root_s2__reciprocal_s3__multiply_s4_o1__multiply_s5_o0,64,1,8,1012294568,16,0,1,0,1,1,5131,16.229,1.995,1.924,1.683,7.623
51,474,omega_elementwise_twin_r3_n4_fused_multiply_o0_o1__multiply_o2_o3__add_s0_s1_fused_multiply_o0_o3__multiply_o2_o1__subtract_s0_s1,128,1,7,2164224,0,0,1,0,1,1,2810,16.229,1.995,1.924,1.683,7.623
52,476,omega_reduce_r4_o3_n2_multiply_add_zero,2048,32,4,1006679456,0,0,1,0,0,1,5738,16.229,1.995,1.924,1.683,7.623
53,483,omega_reduce_r3_o2_n2_multiply_add_zero_epi3_fused_identity_o3__multiply_s0_o2__add_s1_o1__square_root_s2__reciprocal_s3__multiply_s4_o0,64,1,7,3221512,16,0,1,0,1,1,5018,16.229,1.995,1.924,1.683,7.623
54,458,omega_reduce_r3_o2_n2_multiply_add_zero_epi4_fused_identity_o4__multiply_s0_o3__add_s1_o2__square_root_s2__reciprocal_s3__multiply_s4_o1__multiply_s5_o0,512,8,8,1008807848,16,0,1,0,0,1,5411,16.229,1.995,1.924,1.683,7.623
55,486,omega_elementwise_twin_r3_n4_fused_multiply_o0_o1__multiply_o2_o3__subtract_s0_s1_fused_multiply_o0_o3__multiply_o2_o1__add_s0_s1,1024,1,7,4158208,0,0,1,0,1,1,4125,16.229,1.995,1.924,1.683,7.623
56,522,omega_cached_attention_q1_h1_g8_d256_s3f800000_ln511_up0_x4_e1_k1_ds,17408,136,11,3763460,4128,0,1,0,1,1,21536,16.229,1.995,1.924,1.683,7.623
57,522,omega_cached_attention_q1_h1_g8_d256_s3f800000_ln511_up0_x4_e1_k1_ds_merge,8192,8,3,1320448,0,0,1,0,1,1,5393,16.229,1.995,1.924,1.683,7.623
58,524,omega_reduce_r5_o2_n2_multiply_add_zero,12288,192,4,1010234272,0,0,1,0,1,1,9560,16.229,1.995,1.924,1.683,7.623
59,533,omega_reduce_r2_o1_n2_multiply_add_zero_epi5_fused_identity_o5__multiply_s0_o4__add_s1_o3__square_root_s2__reciprocal_s3__multiply_s4_o2__multiply_s5_o1__add_s6_o0,256,1,9,993405832,32,0,1,0,1,1,6982,16.229,1.995,1.924,1.683,7.623
60,541,omega_reduce_r2_o1_n2_multiply_add_zero_epi4_fused_identity_o4__multiply_s0_o3__add_s1_o2__square_root_s2__reciprocal_s3__multiply_s4_o1__multiply_s5_o0,256,1,8,997772200,32,0,1,0,1,1,5893,16.229,1.995,1.924,1.683,7.623
61,546,omega_reduce_r3_o2_n2_multiply_add_zero,49152,768,4,1001117088,0,0,1,0,1,1,19488,16.229,1.995,1.924,1.683,7.623
62,561,omega_reduce_r3_o2_n2_multiply_add_zero_epi9_fused_identity_o9__multiply_o5_o6__multiply_s1_o4__multiply_s2_o3__add_s3_o2__multiply_s4_o1__tanh_s5__add_s6_o0__multiply_o7_o8__multiply_s7_s8__multiply_s0_s9,49152,768,13,1001058992,0,0,1,0,1,1,20577,16.229,1.995,1.924,1.683,7.623
63,563,omega_reduce_r3_o2_n2_multiply_add_zero,12288,192,4,1006456736,0,0,1,0,1,1,20464,16.229,1.995,1.924,1.683,7.623
64,573,omega_reduce_r2_o1_n2_multiply_add_zero_epi5_fused_identity_o5__multiply_s0_o4__add_s1_o3__square_root_s2__reciprocal_s3__multiply_s4_o2__multiply_s5_o1__add_s6_o0,256,1,9,993435528,32,0,1,0,1,1,6982,16.229,1.995,1.924,1.683,7.623
65,589,omega_reduce_r3_o2_n2_multiply_add_zero_epi5_fused_identity_o5__identity_o0__multiply_s0_s0__multiply_s0_s2__multiply_s3_o3__add_s0_s4__multiply_s5_o2__tanh_s6__add_s7_o1__multiply_s0_o4__multiply_s8_s9__multiply_s1_s10,2048,32,9,991478960,0,0,1,0,1,1,6310,16.229,1.995,1.924,1.683,7.623
66,592,omega_reduce_r3_o2_n2_multiply_add_zero,12288,192,4,990297728,0,0,1,0,1,1,5089,16.229,1.995,1.924,1.683,7.623
67,604,omega_reduce_r2_o1_n2_multiply_add_zero_epi6_fused_identity_o6__multiply_s0_o4__add_s1_o3__square_root_s2__reciprocal_s3__multiply_s4_o2__multiply_s5_o1__add_s6_o0__multiply_s7_o5,256,1,10,1981678632,32,0,1,0,1,1,6506,16.229,1.995,1.924,1.683,7.623
68,625,omega_reduce_r2_o1_n2_multiply_add_zero_epi4_fused_identity_o4__multiply_s0_o3__add_s1_o2__square_root_s2__reciprocal_s3__multiply_s4_o1__multiply_s5_o0,256,1,8,991920520,32,0,1,0,1,1,5893,16.229,1.995,1.924,1.683,7.623
69,627,omega_reduce_r4_o3_n2_multiply_add_zero,16384,256,4,988083072,0,0,1,0,1,1,10667,16.229,1.995,1.924,1.683,7.623
70,637,omega_reduce_r4_o3_n2_multiply_add_zero,2048,32,4,990066048,0,0,1,0,0,1,5738,16.229,1.995,1.924,1.683,7.623
71,645,omega_reduce_r3_o2_n2_multiply_add_zero_epi4_fused_identity_o4__multiply_s0_o3__add_s1_o2__square_root_s2__reciprocal_s3__multiply_s4_o1__multiply_s5_o0,64,1,8,991912840,16,0,1,0,1,1,5131,16.229,1.995,1.924,1.683,7.623
72,651,omega_elementwise_twin_r3_n4_fused_multiply_o0_o1__multiply_o2_o3__add_s0_s1_fused_multiply_o0_o3__multiply_o2_o1__subtract_s0_s1,128,1,7,2164224,0,0,1,0,1,1,2810,16.229,1.995,1.924,1.683,7.623
73,653,omega_reduce_r4_o3_n2_multiply_add_zero,2048,32,4,986297728,0,0,1,0,0,1,5738,16.229,1.995,1.924,1.683,7.623
74,660,omega_reduce_r3_o2_n2_multiply_add_zero_epi3_fused_identity_o3__multiply_s0_o2__add_s1_o1__square_root_s2__reciprocal_s3__multiply_s4_o0,64,1,7,3221512,16,0,1,0,1,1,5018,16.229,1.995,1.924,1.683,7.623
75,635,omega_reduce_r3_o2_n2_multiply_add_zero_epi4_fused_identity_o4__multiply_s0_o3__add_s1_o2__square_root_s2__reciprocal_s3__multiply_s4_o1__multiply_s5_o0,512,8,8,988426120,16,0,1,0,0,1,5411,16.229,1.995,1.924,1.683,7.623
76,663,omega_elementwise_twin_r3_n4_fused_multiply_o0_o1__multiply_o2_o3__subtract_s0_s1_fused_multiply_o0_o3__multiply_o2_o1__add_s0_s1,1024,1,7,4158208,0,0,1,0,1,1,4125,16.229,1.995,1.924,1.683,7.623
77,699,omega_cached_attention_q1_h1_g8_d256_s3f800000_ln511_up0_x4_e1_k1_ds,17408,136,11,3763460,4128,0,1,0,1,1,21536,16.229,1.995,1.924,1.683,7.623
78,699,omega_cached_attention_q1_h1_g8_d256_s3f800000_ln511_up0_x4_e1_k1_ds_merge,8192,8,3,1320448,0,0,1,0,1,1,5393,16.229,1.995,1.924,1.683,7.623
79,701,omega_reduce_r5_o2_n2_multiply_add_zero,12288,192,4,989852544,0,0,1,0,1,1,9560,16.229,1.995,1.924,1.683,7.623
80,710,omega_reduce_r2_o1_n2_multiply_add_zero_epi5_fused_identity_o5__multiply_s0_o4__add_s1_o3__square_root_s2__reciprocal_s3__multiply_s4_o2__multiply_s5_o1__add_s6_o0,256,1,9,973024104,32,0,1,0,1,1,6982,16.229,1.995,1.924,1.683,7.623
81,718,omega_reduce_r2_o1_n2_multiply_add_zero_epi4_fused_identity_o4__multiply_s0_o3__add_s1_o2__square_root_s2__reciprocal_s3__multiply_s4_o1__multiply_s5_o0,256,1,8,977390472,32,0,1,0,1,1,5893,16.229,1.995,1.924,1.683,7.623
82,723,omega_reduce_r3_o2_n2_multiply_add_zero,49152,768,4,980735360,0,0,1,0,1,1,19488,16.229,1.995,1.924,1.683,7.623
83,738,omega_reduce_r3_o2_n2_multiply_add_zero_epi9_fused_identity_o9__multiply_o5_o6__multiply_s1_o4__multiply_s2_o3__add_s3_o2__multiply_s4_o1__tanh_s5__add_s6_o0__multiply_o7_o8__multiply_s7_s8__multiply_s0_s9,49152,768,13,980677264,0,0,1,0,1,1,20577,16.229,1.995,1.924,1.683,7.623
84,740,omega_reduce_r3_o2_n2_multiply_add_zero,12288,192,4,986075008,0,0,1,0,1,1,20464,16.229,1.995,1.924,1.683,7.623
85,750,omega_reduce_r2_o1_n2_multiply_add_zero_epi5_fused_identity_o5__multiply_s0_o4__add_s1_o3__square_root_s2__reciprocal_s3__multiply_s4_o2__multiply_s5_o1__add_s6_o0,256,1,9,973053800,32,0,1,0,1,1,6982,16.229,1.995,1.924,1.683,7.623
86,766,omega_reduce_r3_o2_n2_multiply_add_zero_epi5_fused_identity_o5__identity_o0__multiply_s0_s0__multiply_s0_s2__multiply_s3_o3__add_s0_s4__multiply_s5_o2__tanh_s6__add_s7_o1__multiply_s0_o4__multiply_s8_s9__multiply_s1_s10,2048,32,9,971097232,0,0,1,0,1,1,6274,16.229,1.995,1.924,1.683,7.623
87,769,omega_reduce_r3_o2_n2_multiply_add_zero,12288,192,4,969916000,0,0,1,0,1,1,5089,16.229,1.995,1.924,1.683,7.623
88,781,omega_reduce_r2_o1_n2_multiply_add_zero_epi6_fused_identity_o6__multiply_s0_o4__add_s1_o3__square_root_s2__reciprocal_s3__multiply_s4_o2__multiply_s5_o1__add_s6_o0__multiply_s7_o5,256,1,10,1940881896,32,0,1,0,1,1,6506,16.229,1.995,1.924,1.683,7.623
89,802,omega_reduce_r2_o1_n2_multiply_add_zero_epi4_fused_identity_o4__multiply_s0_o3__add_s1_o2__square_root_s2__reciprocal_s3__multiply_s4_o1__multiply_s5_o0,256,1,8,971208552,32,0,1,0,1,1,5893,16.229,1.995,1.924,1.683,7.623
90,804,omega_reduce_r4_o3_n2_multiply_add_zero,32768,512,4,965701472,0,0,1,0,1,1,18143,16.229,1.995,1.924,1.683,7.623
91,814,omega_reduce_r4_o3_n2_multiply_add_zero,4096,64,4,969667936,0,0,1,0,0,1,6321,16.229,1.995,1.924,1.683,7.623
92,822,omega_reduce_r3_o2_n2_multiply_add_zero_epi4_fused_identity_o4__multiply_s0_o3__add_s1_o2__square_root_s2__reciprocal_s3__multiply_s4_o1__multiply_s5_o0,128,1,8,971283304,16,0,1,0,1,1,5643,16.229,1.995,1.924,1.683,7.623
93,828,omega_elementwise_twin_r3_n4_fused_multiply_o0_o1__multiply_o2_o3__add_s0_s1_fused_multiply_o0_o3__multiply_o2_o1__subtract_s0_s1,256,1,7,2258432,0,0,1,0,1,1,2869,16.229,1.995,1.924,1.683,7.623
94,830,omega_reduce_r4_o3_n2_multiply_add_zero,4096,64,4,962137440,0,0,1,0,0,1,6321,16.229,1.995,1.924,1.683,7.623
95,837,omega_reduce_r3_o2_n2_multiply_add_zero_epi3_fused_identity_o3__multiply_s0_o2__add_s1_o1__square_root_s2__reciprocal_s3__multiply_s4_o0,128,1,7,3294216,16,0,1,0,1,1,4905,16.229,1.995,1.924,1.683,7.623
96,812,omega_reduce_r3_o2_n2_multiply_add_zero_epi4_fused_identity_o4__multiply_s0_o3__add_s1_o2__square_root_s2__reciprocal_s3__multiply_s4_o1__multiply_s5_o0,1024,8,8,964275048,16,0,1,0,0,1,5625,16.229,1.995,1.924,1.683,7.623
97,840,omega_elementwise_twin_r3_n4_fused_multiply_o0_o1__multiply_o2_o3__subtract_s0_s1_fused_multiply_o0_o3__multiply_o2_o1__add_s0_s1,2048,2,7,4118784,0,0,1,0,1,1,4768,16.229,1.995,1.924,1.683,7.623
98,876,omega_cached_attention_q1_h1_g8_d512_s3f800000_ln9223372036854775808_up0_x4_e1_k1_ds,32768,256,11,7409412,8224,0,1,0,1,1,40423,16.229,1.995,1.924,1.683,7.623
99,876,omega_cached_attention_q1_h1_g8_d512_s3f800000_ln9223372036854775808_up0_x4_e1_k1_ds_merge,8192,8,3,1582592,0,0,1,0,1,1,7750,16.229,1.995,1.924,1.683,7.623
100,878,omega_reduce_r5_o2_n2_multiply_add_zero,12288,192,4,969240416,0,0,1,0,1,1,15125,16.229,1.995,1.924,1.683,7.623
101,887,omega_reduce_r2_o1_n2_multiply_add_zero_epi5_fused_identity_o5__multiply_s0_o4__add_s1_o3__square_root_s2__reciprocal_s3__multiply_s4_o2__multiply_s5_o1__add_s6_o0,256,1,9,948594248,32,0,1,0,1,1,6982,16.229,1.995,1.924,1.683,7.623
102,895,omega_reduce_r2_o1_n2_multiply_add_zero_epi4_fused_identity_o4__multiply_s0_o3__add_s1_o2__square_root_s2__reciprocal_s3__multiply_s4_o1__multiply_s5_o0,256,1,8,953011048,32,0,1,0,1,1,5893,16.229,1.995,1.924,1.683,7.623
103,900,omega_reduce_r3_o2_n2_multiply_add_zero,49152,768,4,956376672,0,0,1,0,1,1,19488,16.229,1.995,1.924,1.683,7.623
104,915,omega_reduce_r3_o2_n2_multiply_add_zero_epi9_fused_identity_o9__multiply_o5_o6__multiply_s1_o4__multiply_s2_o3__add_s3_o2__multiply_s4_o1__tanh_s5__add_s6_o0__multiply_o7_o8__multiply_s7_s8__multiply_s0_s9,49152,768,13,956318576,0,0,1,0,1,1,20577,16.229,1.995,1.924,1.683,7.623
105,917,omega_reduce_r3_o2_n2_multiply_add_zero,12288,192,4,961709920,0,0,1,0,1,1,20464,16.229,1.995,1.924,1.683,7.623
106,927,omega_reduce_r2_o1_n2_multiply_add_zero_epi5_fused_identity_o5__multiply_s0_o4__add_s1_o3__square_root_s2__reciprocal_s3__multiply_s4_o2__multiply_s5_o1__add_s6_o0,256,1,9,948681800,32,0,1,0,1,1,6982,16.229,1.995,1.924,1.683,7.623
107,943,omega_reduce_r3_o2_n2_multiply_add_zero_epi5_fused_identity_o5__identity_o0__multiply_s0_s0__multiply_s0_s2__multiply_s3_o3__add_s0_s4__multiply_s5_o2__tanh_s6__add_s7_o1__multiply_s0_o4__multiply_s8_s9__multiply_s1_s10,2048,32,9,946732144,0,0,1,0,1,1,6310,16.229,1.995,1.924,1.683,7.623
108,946,omega_reduce_r3_o2_n2_multiply_add_zero,12288,192,4,945550912,0,0,1,0,1,1,5089,16.229,1.995,1.924,1.683,7.623
109,958,omega_reduce_r2_o1_n2_multiply_add_zero_epi6_fused_identity_o6__multiply_s0_o4__add_s1_o3__square_root_s2__reciprocal_s3__multiply_s4_o2__multiply_s5_o1__add_s6_o0__multiply_s7_o5,256,1,10,1892185000,32,0,1,0,1,1,6506,16.229,1.995,1.924,1.683,7.623
110,979,omega_reduce_r2_o1_n2_multiply_add_zero_epi4_fused_identity_o4__multiply_s0_o3__add_s1_o2__square_root_s2__reciprocal_s3__multiply_s4_o1__multiply_s5_o0,256,1,8,947173704,32,0,1,0,1,1,5893,16.229,1.995,1.924,1.683,7.623
111,981,omega_reduce_r4_o3_n2_multiply_add_zero,16384,256,4,943336256,0,0,1,0,1,1,10667,16.229,1.995,1.924,1.683,7.623
112,991,omega_reduce_r4_o3_n2_multiply_add_zero,2048,32,4,945319232,0,0,1,0,0,1,5738,16.229,1.995,1.924,1.683,7.623
113,999,omega_reduce_r3_o2_n2_multiply_add_zero_epi4_fused_identity_o4__multiply_s0_o3__add_s1_o2__square_root_s2__reciprocal_s3__multiply_s4_o1__multiply_s5_o0,64,1,8,947166024,16,0,1,0,1,1,5131,16.229,1.995,1.924,1.683,7.623
114,1005,omega_elementwise_twin_r3_n4_fused_multiply_o0_o1__multiply_o2_o3__add_s0_s1_fused_multiply_o0_o3__multiply_o2_o1__subtract_s0_s1,128,1,7,2164224,0,0,1,0,1,1,2810,16.229,1.995,1.924,1.683,7.623
115,1007,omega_reduce_r4_o3_n2_multiply_add_zero,2048,32,4,941550912,0,0,1,0,0,1,5738,16.229,1.995,1.924,1.683,7.623
116,1014,omega_reduce_r3_o2_n2_multiply_add_zero_epi3_fused_identity_o3__multiply_s0_o2__add_s1_o1__square_root_s2__reciprocal_s3__multiply_s4_o0,64,1,7,3221512,16,0,1,0,1,1,5018,16.229,1.995,1.924,1.683,7.623
117,989,omega_reduce_r3_o2_n2_multiply_add_zero_epi4_fused_identity_o4__multiply_s0_o3__add_s1_o2__square_root_s2__reciprocal_s3__multiply_s4_o1__multiply_s5_o0,512,8,8,943679304,16,0,1,0,0,1,5411,16.229,1.995,1.924,1.683,7.623
118,1017,omega_elementwise_twin_r3_n4_fused_multiply_o0_o1__multiply_o2_o3__subtract_s0_s1_fused_multiply_o0_o3__multiply_o2_o1__add_s0_s1,1024,1,7,4158208,0,0,1,0,1,1,4125,16.229,1.995,1.924,1.683,7.623
119,1053,omega_cached_attention_q1_h1_g8_d256_s3f800000_ln511_up0_x4_e1_k1_ds,17408,136,11,3763460,4128,0,1,0,1,1,21536,16.229,1.995,1.924,1.683,7.623
120,1053,omega_cached_attention_q1_h1_g8_d256_s3f800000_ln511_up0_x4_e1_k1_ds_merge,8192,8,3,1320448,0,0,1,0,1,1,5393,16.229,1.995,1.924,1.683,7.623
121,1055,omega_reduce_r5_o2_n2_multiply_add_zero,12288,192,4,945105728,0,0,1,0,1,1,9560,16.229,1.995,1.924,1.683,7.623
122,1064,omega_reduce_r2_o1_n2_multiply_add_zero_epi5_fused_identity_o5__multiply_s0_o4__add_s1_o3__square_root_s2__reciprocal_s3__multiply_s4_o2__multiply_s5_o1__add_s6_o0,256,1,9,928277288,32,0,1,0,1,1,6982,16.229,1.995,1.924,1.683,7.623
123,1072,omega_reduce_r2_o1_n2_multiply_add_zero_epi4_fused_identity_o4__multiply_s0_o3__add_s1_o2__square_root_s2__reciprocal_s3__multiply_s4_o1__multiply_s5_o0,256,1,8,932643656,32,0,1,0,1,1,5893,16.229,1.995,1.924,1.683,7.623
124,1077,omega_reduce_r3_o2_n2_multiply_add_zero,49152,768,4,935988544,0,0,1,0,1,1,19488,16.229,1.995,1.924,1.683,7.623
125,1092,omega_reduce_r3_o2_n2_multiply_add_zero_epi9_fused_identity_o9__multiply_o5_o6__multiply_s1_o4__multiply_s2_o3__add_s3_o2__multiply_s4_o1__tanh_s5__add_s6_o0__multiply_o7_o8__multiply_s7_s8__multiply_s0_s9,49152,768,13,935930448,0,0,1,0,1,1,20577,16.229,1.995,1.924,1.683,7.623
126,1094,omega_reduce_r3_o2_n2_multiply_add_zero,12288,192,4,941328192,0,0,1,0,1,1,20464,16.229,1.995,1.924,1.683,7.623
127,1104,omega_reduce_r2_o1_n2_multiply_add_zero_epi5_fused_identity_o5__multiply_s0_o4__add_s1_o3__square_root_s2__reciprocal_s3__multiply_s4_o2__multiply_s5_o1__add_s6_o0,256,1,9,928306984,32,0,1,0,1,1,6982,16.229,1.995,1.924,1.683,7.623
128,1120,omega_reduce_r3_o2_n2_multiply_add_zero_epi5_fused_identity_o5__identity_o0__multiply_s0_s0__multiply_s0_s2__multiply_s3_o3__add_s0_s4__multiply_s5_o2__tanh_s6__add_s7_o1__multiply_s0_o4__multiply_s8_s9__multiply_s1_s10,2048,32,9,926350416,0,0,1,0,1,1,6274,16.229,1.995,1.924,1.683,7.623
129,1123,omega_reduce_r3_o2_n2_multiply_add_zero,12288,192,4,925169184,0,0,1,0,1,1,5089,16.229,1.995,1.924,1.683,7.623
130,1135,omega_reduce_r2_o1_n2_multiply_add_zero_epi6_fused_identity_o6__multiply_s0_o4__add_s1_o3__square_root_s2__reciprocal_s3__multiply_s4_o2__multiply_s5_o1__add_s6_o0__multiply_s7_o5,256,1,10,1851421544,32,0,1,0,1,1,6506,16.229,1.995,1.924,1.683,7.623
131,1156,omega_reduce_r2_o1_n2_multiply_add_zero_epi4_fused_identity_o4__multiply_s0_o3__add_s1_o2__square_root_s2__reciprocal_s3__multiply_s4_o1__multiply_s5_o0,256,1,8,926791976,32,0,1,0,1,1,5893,16.229,1.995,1.924,1.683,7.623
132,1158,omega_reduce_r4_o3_n2_multiply_add_zero,16384,256,4,922954528,0,0,1,0,1,1,10667,16.229,1.995,1.924,1.683,7.623
133,1168,omega_reduce_r4_o3_n2_multiply_add_zero,2048,32,4,924937504,0,0,1,0,0,1,5738,16.229,1.995,1.924,1.683,7.623
134,1176,omega_reduce_r3_o2_n2_multiply_add_zero_epi4_fused_identity_o4__multiply_s0_o3__add_s1_o2__square_root_s2__reciprocal_s3__multiply_s4_o1__multiply_s5_o0,64,1,8,926784296,16,0,1,0,1,1,5131,16.229,1.995,1.924,1.683,7.623
135,1182,omega_elementwise_twin_r3_n4_fused_multiply_o0_o1__multiply_o2_o3__add_s0_s1_fused_multiply_o0_o3__multiply_o2_o1__subtract_s0_s1,128,1,7,2164224,0,0,1,0,1,1,2810,16.229,1.995,1.924,1.683,7.623
136,1184,omega_reduce_r4_o3_n2_multiply_add_zero,2048,32,4,921169184,0,0,1,0,0,1,5738,16.229,1.995,1.924,1.683,7.623
137,1191,omega_reduce_r3_o2_n2_multiply_add_zero_epi3_fused_identity_o3__multiply_s0_o2__add_s1_o1__square_root_s2__reciprocal_s3__multiply_s4_o0,64,1,7,3221512,16,0,1,0,1,1,5018,16.229,1.995,1.924,1.683,7.623
138,1166,omega_reduce_r3_o2_n2_multiply_add_zero_epi4_fused_identity_o4__multiply_s0_o3__add_s1_o2__square_root_s2__reciprocal_s3__multiply_s4_o1__multiply_s5_o0,512,8,8,923297576,16,0,1,0,0,1,5411,16.229,1.995,1.924,1.683,7.623
139,1194,omega_elementwise_twin_r3_n4_fused_multiply_o0_o1__multiply_o2_o3__subtract_s0_s1_fused_multiply_o0_o3__multiply_o2_o1__add_s0_s1,1024,1,7,4158208,0,0,1,0,1,1,4125,16.229,1.995,1.924,1.683,7.623
140,1230,omega_cached_attention_q1_h1_g8_d256_s3f800000_ln511_up0_x4_e1_k1_ds,17408,136,11,3763460,4128,0,1,0,1,1,21536,16.229,1.995,1.924,1.683,7.623
141,1230,omega_cached_attention_q1_h1_g8_d256_s3f800000_ln511_up0_x4_e1_k1_ds_merge,8192,8,3,1320448,0,0,1,0,1,1,5393,16.229,1.995,1.924,1.683,7.623
142,1232,omega_reduce_r5_o2_n2_multiply_add_zero,12288,192,4,924724000,0,0,1,0,1,1,9560,16.229,1.995,1.924,1.683,7.623
143,1241,omega_reduce_r2_o1_n2_multiply_add_zero_epi5_fused_identity_o5__multiply_s0_o4__add_s1_o3__square_root_s2__reciprocal_s3__multiply_s4_o2__multiply_s5_o1__add_s6_o0,256,1,9,907895560,32,0,1,0,1,1,6982,16.229,1.995,1.924,1.683,7.623
144,1249,omega_reduce_r2_o1_n2_multiply_add_zero_epi4_fused_identity_o4__multiply_s0_o3__add_s1_o2__square_root_s2__reciprocal_s3__multiply_s4_o1__multiply_s5_o0,256,1,8,912261928,32,0,1,0,1,1,5893,16.229,1.995,1.924,1.683,7.623
145,1254,omega_reduce_r3_o2_n2_multiply_add_zero,49152,768,4,915606816,0,0,1,0,1,1,19488,16.229,1.995,1.924,1.683,7.623
146,1269,omega_reduce_r3_o2_n2_multiply_add_zero_epi9_fused_identity_o9__multiply_o5_o6__multiply_s1_o4__multiply_s2_o3__add_s3_o2__multiply_s4_o1__tanh_s5__add_s6_o0__multiply_o7_o8__multiply_s7_s8__multiply_s0_s9,49152,768,13,915548720,0,0,1,0,1,1,20577,16.229,1.995,1.924,1.683,7.623
147,1271,omega_reduce_r3_o2_n2_multiply_add_zero,12288,192,4,920946464,0,0,1,0,1,1,20464,16.229,1.995,1.924,1.683,7.623
148,1281,omega_reduce_r2_o1_n2_multiply_add_zero_epi5_fused_identity_o5__multiply_s0_o4__add_s1_o3__square_root_s2__reciprocal_s3__multiply_s4_o2__multiply_s5_o1__add_s6_o0,256,1,9,907925256,32,0,1,0,1,1,6982,16.229,1.995,1.924,1.683,7.623
149,1297,omega_reduce_r3_o2_n2_multiply_add_zero_epi5_fused_identity_o5__identity_o0__multiply_s0_s0__multiply_s0_s2__multiply_s3_o3__add_s0_s4__multiply_s5_o2__tanh_s6__add_s7_o1__multiply_s0_o4__multiply_s8_s9__multiply_s1_s10,2048,32,9,905968688,0,0,1,0,1,1,6339,16.229,1.995,1.924,1.683,7.623
150,1300,omega_reduce_r3_o2_n2_multiply_add_zero,12288,192,4,904787456,0,0,1,0,1,1,5089,16.229,1.995,1.924,1.683,7.623
151,1312,omega_reduce_r2_o1_n2_multiply_add_zero_epi6_fused_identity_o6__multiply_s0_o4__add_s1_o3__square_root_s2__reciprocal_s3__multiply_s4_o2__multiply_s5_o1__add_s6_o0__multiply_s7_o5,256,1,10,1810658088,32,0,1,0,1,1,6506,16.229,1.995,1.924,1.683,7.623
152,1333,omega_reduce_r2_o1_n2_multiply_add_zero_epi4_fused_identity_o4__multiply_s0_o3__add_s1_o2__square_root_s2__reciprocal_s3__multiply_s4_o1__multiply_s5_o0,256,1,8,906410248,32,0,1,0,1,1,5893,16.229,1.995,1.924,1.683,7.623
153,1335,omega_reduce_r4_o3_n2_multiply_add_zero,16384,256,4,902572800,0,0,1,0,1,1,10667,16.229,1.995,1.924,1.683,7.623
154,1345,omega_reduce_r4_o3_n2_multiply_add_zero,2048,32,4,904555776,0,0,1,0,0,1,5738,16.229,1.995,1.924,1.683,7.623
155,1353,omega_reduce_r3_o2_n2_multiply_add_zero_epi4_fused_identity_o4__multiply_s0_o3__add_s1_o2__square_root_s2__reciprocal_s3__multiply_s4_o1__multiply_s5_o0,64,1,8,906402568,16,0,1,0,1,1,5131,16.229,1.995,1.924,1.683,7.623
156,1359,omega_elementwise_twin_r3_n4_fused_multiply_o0_o1__multiply_o2_o3__add_s0_s1_fused_multiply_o0_o3__multiply_o2_o1__subtract_s0_s1,128,1,7,2164224,0,0,1,0,1,1,2810,16.229,1.995,1.924,1.683,7.623
157,1361,omega_reduce_r4_o3_n2_multiply_add_zero,2048,32,4,900787456,0,0,1,0,0,1,5738,16.229,1.995,1.924,1.683,7.623
158,1368,omega_reduce_r3_o2_n2_multiply_add_zero_epi3_fused_identity_o3__multiply_s0_o2__add_s1_o1__square_root_s2__reciprocal_s3__multiply_s4_o0,64,1,7,3221512,16,0,1,0,1,1,5018,16.229,1.995,1.924,1.683,7.623
159,1343,omega_reduce_r3_o2_n2_multiply_add_zero_epi4_fused_identity_o4__multiply_s0_o3__add_s1_o2__square_root_s2__reciprocal_s3__multiply_s4_o1__multiply_s5_o0,512,8,8,902915848,16,0,1,0,0,1,5411,16.229,1.995,1.924,1.683,7.623
160,1371,omega_elementwise_twin_r3_n4_fused_multiply_o0_o1__multiply_o2_o3__subtract_s0_s1_fused_multiply_o0_o3__multiply_o2_o1__add_s0_s1,1024,1,7,4158208,0,0,1,0,1,1,4125,16.229,1.995,1.924,1.683,7.623
161,1407,omega_cached_attention_q1_h1_g8_d256_s3f800000_ln511_up0_x4_e1_k1_ds,17408,136,11,3763460,4128,0,1,0,1,1,21536,16.229,1.995,1.924,1.683,7.623
162,1407,omega_cached_attention_q1_h1_g8_d256_s3f800000_ln511_up0_x4_e1_k1_ds_merge,8192,8,3,1320448,0,0,1,0,1,1,5393,16.229,1.995,1.924,1.683,7.623
163,1409,omega_reduce_r5_o2_n2_multiply_add_zero,12288,192,4,904342272,0,0,1,0,1,1,9560,16.229,1.995,1.924,1.683,7.623
164,1418,omega_reduce_r2_o1_n2_multiply_add_zero_epi5_fused_identity_o5__multiply_s0_o4__add_s1_o3__square_root_s2__reciprocal_s3__multiply_s4_o2__multiply_s5_o1__add_s6_o0,256,1,9,887513832,32,0,1,0,1,1,6982,16.229,1.995,1.924,1.683,7.623
165,1426,omega_reduce_r2_o1_n2_multiply_add_zero_epi4_fused_identity_o4__multiply_s0_o3__add_s1_o2__square_root_s2__reciprocal_s3__multiply_s4_o1__multiply_s5_o0,256,1,8,891880200,32,0,1,0,1,1,5893,16.229,1.995,1.924,1.683,7.623
166,1431,omega_reduce_r3_o2_n2_multiply_add_zero,49152,768,4,895225088,0,0,1,0,1,1,19488,16.229,1.995,1.924,1.683,7.623
167,1446,omega_reduce_r3_o2_n2_multiply_add_zero_epi9_fused_identity_o9__multiply_o5_o6__multiply_s1_o4__multiply_s2_o3__add_s3_o2__multiply_s4_o1__tanh_s5__add_s6_o0__multiply_o7_o8__multiply_s7_s8__multiply_s0_s9,49152,768,13,895166992,0,0,1,0,1,1,20577,16.229,1.995,1.924,1.683,7.623
168,1448,omega_reduce_r3_o2_n2_multiply_add_zero,12288,192,4,900564736,0,0,1,0,1,1,20464,16.229,1.995,1.924,1.683,7.623
169,1458,omega_reduce_r2_o1_n2_multiply_add_zero_epi5_fused_identity_o5__multiply_s0_o4__add_s1_o3__square_root_s2__reciprocal_s3__multiply_s4_o2__multiply_s5_o1__add_s6_o0,256,1,9,887543528,32,0,1,0,1,1,6982,16.229,1.995,1.924,1.683,7.623
170,1474,omega_reduce_r3_o2_n2_multiply_add_zero_epi5_fused_identity_o5__identity_o0__multiply_s0_s0__multiply_s0_s2__multiply_s3_o3__add_s0_s4__multiply_s5_o2__tanh_s6__add_s7_o1__multiply_s0_o4__multiply_s8_s9__multiply_s1_s10,2048,32,9,885586960,0,0,1,0,1,1,6310,16.229,1.995,1.924,1.683,7.623
171,1477,omega_reduce_r3_o2_n2_multiply_add_zero,12288,192,4,884405728,0,0,1,0,1,1,5089,16.229,1.995,1.924,1.683,7.623
172,1489,omega_reduce_r2_o1_n2_multiply_add_zero_epi6_fused_identity_o6__multiply_s0_o4__add_s1_o3__square_root_s2__reciprocal_s3__multiply_s4_o2__multiply_s5_o1__add_s6_o0__multiply_s7_o5,256,1,10,1769894632,32,0,1,0,1,1,6506,16.229,1.995,1.924,1.683,7.623
173,1510,omega_reduce_r2_o1_n2_multiply_add_zero_epi4_fused_identity_o4__multiply_s0_o3__add_s1_o2__square_root_s2__reciprocal_s3__multiply_s4_o1__multiply_s5_o0,256,1,8,886028520,32,0,1,0,1,1,5893,16.229,1.995,1.924,1.683,7.623
174,1512,omega_reduce_r4_o3_n2_multiply_add_zero,16384,256,4,882191072,0,0,1,0,1,1,10667,16.229,1.995,1.924,1.683,7.623
175,1522,omega_reduce_r4_o3_n2_multiply_add_zero,2048,32,4,884174048,0,0,1,0,0,1,5738,16.229,1.995,1.924,1.683,7.623
176,1530,omega_reduce_r3_o2_n2_multiply_add_zero_epi4_fused_identity_o4__multiply_s0_o3__add_s1_o2__square_root_s2__reciprocal_s3__multiply_s4_o1__multiply_s5_o0,64,1,8,886020840,16,0,1,0,1,1,5131,16.229,1.995,1.924,1.683,7.623
177,1536,omega_elementwise_twin_r3_n4_fused_multiply_o0_o1__multiply_o2_o3__add_s0_s1_fused_multiply_o0_o3__multiply_o2_o1__subtract_s0_s1,128,1,7,2164224,0,0,1,0,1,1,2810,16.229,1.995,1.924,1.683,7.623
178,1538,omega_reduce_r4_o3_n2_multiply_add_zero,2048,32,4,880405728,0,0,1,0,0,1,5738,16.229,1.995,1.924,1.683,7.623
179,1545,omega_reduce_r3_o2_n2_multiply_add_zero_epi3_fused_identity_o3__multiply_s0_o2__add_s1_o1__square_root_s2__reciprocal_s3__multiply_s4_o0,64,1,7,3221512,16,0,1,0,1,1,5018,16.229,1.995,1.924,1.683,7.623
180,1520,omega_reduce_r3_o2_n2_multiply_add_zero_epi4_fused_identity_o4__multiply_s0_o3__add_s1_o2__square_root_s2__reciprocal_s3__multiply_s4_o1__multiply_s5_o0,512,8,8,882534120,16,0,1,0,0,1,5411,16.229,1.995,1.924,1.683,7.623
181,1548,omega_elementwise_twin_r3_n4_fused_multiply_o0_o1__multiply_o2_o3__subtract_s0_s1_fused_multiply_o0_o3__multiply_o2_o1__add_s0_s1,1024,1,7,4158208,0,0,1,0,1,1,4125,16.229,1.995,1.924,1.683,7.623
182,1584,omega_cached_attention_q1_h1_g8_d256_s3f800000_ln511_up0_x4_e1_k1_ds,17408,136,11,3763460,4128,0,1,0,1,1,21536,16.229,1.995,1.924,1.683,7.623
183,1584,omega_cached_attention_q1_h1_g8_d256_s3f800000_ln511_up0_x4_e1_k1_ds_merge,8192,8,3,1320448,0,0,1,0,1,1,5393,16.229,1.995,1.924,1.683,7.623
184,1586,omega_reduce_r5_o2_n2_multiply_add_zero,12288,192,4,883960544,0,0,1,0,1,1,9560,16.229,1.995,1.924,1.683,7.623
185,1595,omega_reduce_r2_o1_n2_multiply_add_zero_epi5_fused_identity_o5__multiply_s0_o4__add_s1_o3__square_root_s2__reciprocal_s3__multiply_s4_o2__multiply_s5_o1__add_s6_o0,256,1,9,867132104,32,0,1,0,1,1,6982,16.229,1.995,1.924,1.683,7.623
186,1603,omega_reduce_r2_o1_n2_multiply_add_zero_epi4_fused_identity_o4__multiply_s0_o3__add_s1_o2__square_root_s2__reciprocal_s3__multiply_s4_o1__multiply_s5_o0,256,1,8,871498472,32,0,1,0,1,1,5893,16.229,1.995,1.924,1.683,7.623
187,1608,omega_reduce_r3_o2_n2_multiply_add_zero,49152,768,4,874843360,0,0,1,0,1,1,19488,16.229,1.995,1.924,1.683,7.623
188,1623,omega_reduce_r3_o2_n2_multiply_add_zero_epi9_fused_identity_o9__multiply_o5_o6__multiply_s1_o4__multiply_s2_o3__add_s3_o2__multiply_s4_o1__tanh_s5__add_s6_o0__multiply_o7_o8__multiply_s7_s8__multiply_s0_s9,49152,768,13,874785264,0,0,1,0,1,1,20577,16.229,1.995,1.924,1.683,7.623
189,1625,omega_reduce_r3_o2_n2_multiply_add_zero,12288,192,4,880183008,0,0,1,0,1,1,20464,16.229,1.995,1.924,1.683,7.623
190,1635,omega_reduce_r2_o1_n2_multiply_add_zero_epi5_fused_identity_o5__multiply_s0_o4__add_s1_o3__square_root_s2__reciprocal_s3__multiply_s4_o2__multiply_s5_o1__add_s6_o0,256,1,9,867161800,32,0,1,0,1,1,6982,16.229,1.995,1.924,1.683,7.623
191,1651,omega_reduce_r3_o2_n2_multiply_add_zero_epi5_fused_identity_o5__identity_o0__multiply_s0_s0__multiply_s0_s2__multiply_s3_o3__add_s0_s4__multiply_s5_o2__tanh_s6__add_s7_o1__multiply_s0_o4__multiply_s8_s9__multiply_s1_s10,2048,32,9,865205232,0,0,1,0,1,1,6268,16.229,1.995,1.924,1.683,7.623
192,1654,omega_reduce_r3_o2_n2_multiply_add_zero,12288,192,4,864024000,0,0,1,0,1,1,5089,16.229,1.995,1.924,1.683,7.623
193,1666,omega_reduce_r2_o1_n2_multiply_add_zero_epi6_fused_identity_o6__multiply_s0_o4__add_s1_o3__square_root_s2__reciprocal_s3__multiply_s4_o2__multiply_s5_o1__add_s6_o0__multiply_s7_o5,256,1,10,1729097896,32,0,1,0,1,1,6506,16.229,1.995,1.924,1.683,7.623
194,1687,omega_reduce_r2_o1_n2_multiply_add_zero_epi4_fused_identity_o4__multiply_s0_o3__add_s1_o2__square_root_s2__reciprocal_s3__multiply_s4_o1__multiply_s5_o0,256,1,8,865316552,32,0,1,0,1,1,5893,16.229,1.995,1.924,1.683,7.623
195,1689,omega_reduce_r4_o3_n2_multiply_add_zero,32768,512,4,859809472,0,0,1,0,1,1,18143,16.229,1.995,1.924,1.683,7.623
196,1699,omega_reduce_r4_o3_n2_multiply_add_zero,4096,64,4,863775936,0,0,1,0,0,1,6321,16.229,1.995,1.924,1.683,7.623
197,1707,omega_reduce_r3_o2_n2_multiply_add_zero_epi4_fused_identity_o4__multiply_s0_o3__add_s1_o2__square_root_s2__reciprocal_s3__multiply_s4_o1__multiply_s5_o0,128,1,8,865391304,16,0,1,0,1,1,5643,16.229,1.995,1.924,1.683,7.623
198,1713,omega_elementwise_twin_r3_n4_fused_multiply_o0_o1__multiply_o2_o3__add_s0_s1_fused_multiply_o0_o3__multiply_o2_o1__subtract_s0_s1,256,1,7,2258432,0,0,1,0,1,1,2869,16.229,1.995,1.924,1.683,7.623
199,1715,omega_reduce_r4_o3_n2_multiply_add_zero,4096,64,4,856245440,0,0,1,0,0,1,6321,16.229,1.995,1.924,1.683,7.623
200,1722,omega_reduce_r3_o2_n2_multiply_add_zero_epi3_fused_identity_o3__multiply_s0_o2__add_s1_o1__square_root_s2__reciprocal_s3__multiply_s4_o0,128,1,7,3294216,16,0,1,0,1,1,4905,16.229,1.995,1.924,1.683,7.623
201,1697,omega_reduce_r3_o2_n2_multiply_add_zero_epi4_fused_identity_o4__multiply_s0_o3__add_s1_o2__square_root_s2__reciprocal_s3__multiply_s4_o1__multiply_s5_o0,1024,8,8,858383048,16,0,1,0,0,1,5625,16.229,1.995,1.924,1.683,7.623
202,1725,omega_elementwise_twin_r3_n4_fused_multiply_o0_o1__multiply_o2_o3__subtract_s0_s1_fused_multiply_o0_o3__multiply_o2_o1__add_s0_s1,2048,2,7,4118784,0,0,1,0,1,1,4768,16.229,1.995,1.924,1.683,7.623
203,1761,omega_cached_attention_q1_h1_g8_d512_s3f800000_ln9223372036854775808_up0_x4_e1_k1_ds,32768,256,11,7409412,8224,0,1,0,1,1,40423,16.229,1.995,1.924,1.683,7.623
204,1761,omega_cached_attention_q1_h1_g8_d512_s3f800000_ln9223372036854775808_up0_x4_e1_k1_ds_merge,8192,8,3,1582592,0,0,1,0,1,1,7750,16.229,1.995,1.924,1.683,7.623
205,1763,omega_reduce_r5_o2_n2_multiply_add_zero,12288,192,4,863348416,0,0,1,0,1,1,15125,16.229,1.995,1.924,1.683,7.623
206,1772,omega_reduce_r2_o1_n2_multiply_add_zero_epi5_fused_identity_o5__multiply_s0_o4__add_s1_o3__square_root_s2__reciprocal_s3__multiply_s4_o2__multiply_s5_o1__add_s6_o0,256,1,9,842702248,32,0,1,0,1,1,6982,16.229,1.995,1.924,1.683,7.623
207,1780,omega_reduce_r2_o1_n2_multiply_add_zero_epi4_fused_identity_o4__multiply_s0_o3__add_s1_o2__square_root_s2__reciprocal_s3__multiply_s4_o1__multiply_s5_o0,256,1,8,847119048,32,0,1,0,1,1,5893,16.229,1.995,1.924,1.683,7.623
208,1785,omega_reduce_r3_o2_n2_multiply_add_zero,49152,768,4,850484672,0,0,1,0,1,1,19488,16.229,1.995,1.924,1.683,7.623
209,1800,omega_reduce_r3_o2_n2_multiply_add_zero_epi9_fused_identity_o9__multiply_o5_o6__multiply_s1_o4__multiply_s2_o3__add_s3_o2__multiply_s4_o1__tanh_s5__add_s6_o0__multiply_o7_o8__multiply_s7_s8__multiply_s0_s9,49152,768,13,850426576,0,0,1,0,1,1,20577,16.229,1.995,1.924,1.683,7.623
210,1802,omega_reduce_r3_o2_n2_multiply_add_zero,12288,192,4,855817920,0,0,1,0,1,1,20464,16.229,1.995,1.924,1.683,7.623
211,1812,omega_reduce_r2_o1_n2_multiply_add_zero_epi5_fused_identity_o5__multiply_s0_o4__add_s1_o3__square_root_s2__reciprocal_s3__multiply_s4_o2__multiply_s5_o1__add_s6_o0,256,1,9,842789800,32,0,1,0,1,1,6982,16.229,1.995,1.924,1.683,7.623
212,1828,omega_reduce_r3_o2_n2_multiply_add_zero_epi5_fused_identity_o5__identity_o0__multiply_s0_s0__multiply_s0_s2__multiply_s3_o3__add_s0_s4__multiply_s5_o2__tanh_s6__add_s7_o1__multiply_s0_o4__multiply_s8_s9__multiply_s1_s10,2048,32,9,840840144,0,0,1,0,1,1,6369,16.229,1.995,1.924,1.683,7.623
213,1831,omega_reduce_r3_o2_n2_multiply_add_zero,12288,192,4,839658912,0,0,1,0,1,1,5089,16.229,1.995,1.924,1.683,7.623
214,1843,omega_reduce_r2_o1_n2_multiply_add_zero_epi6_fused_identity_o6__multiply_s0_o4__add_s1_o3__square_root_s2__reciprocal_s3__multiply_s4_o2__multiply_s5_o1__add_s6_o0__multiply_s7_o5,256,1,10,1680401000,32,0,1,0,1,1,6506,16.229,1.995,1.924,1.683,7.623
215,1864,omega_reduce_r2_o1_n2_multiply_add_zero_epi4_fused_identity_o4__multiply_s0_o3__add_s1_o2__square_root_s2__reciprocal_s3__multiply_s4_o1__multiply_s5_o0,256,1,8,841281704,32,0,1,0,1,1,5893,16.229,1.995,1.924,1.683,7.623
216,1866,omega_reduce_r4_o3_n2_multiply_add_zero,16384,256,4,837444256,0,0,1,0,1,1,10667,16.229,1.995,1.924,1.683,7.623
217,1876,omega_reduce_r4_o3_n2_multiply_add_zero,2048,32,4,839427232,0,0,1,0,0,1,5738,16.229,1.995,1.924,1.683,7.623
218,1884,omega_reduce_r3_o2_n2_multiply_add_zero_epi4_fused_identity_o4__multiply_s0_o3__add_s1_o2__square_root_s2__reciprocal_s3__multiply_s4_o1__multiply_s5_o0,64,1,8,841274024,16,0,1,0,1,1,5131,16.229,1.995,1.924,1.683,7.623
219,1890,omega_elementwise_twin_r3_n4_fused_multiply_o0_o1__multiply_o2_o3__add_s0_s1_fused_multiply_o0_o3__multiply_o2_o1__subtract_s0_s1,128,1,7,2164224,0,0,1,0,1,1,2810,16.229,1.995,1.924,1.683,7.623
220,1892,omega_reduce_r4_o3_n2_multiply_add_zero,2048,32,4,835658912,0,0,1,0,0,1,5738,16.229,1.995,1.924,1.683,7.623
221,1899,omega_reduce_r3_o2_n2_multiply_add_zero_epi3_fused_identity_o3__multiply_s0_o2__add_s1_o1__square_root_s2__reciprocal_s3__multiply_s4_o0,64,1,7,3221512,16,0,1,0,1,1,5018,16.229,1.995,1.924,1.683,7.623
222,1874,omega_reduce_r3_o2_n2_multiply_add_zero_epi4_fused_identity_o4__multiply_s0_o3__add_s1_o2__square_root_s2__reciprocal_s3__multiply_s4_o1__multiply_s5_o0,512,8,8,837787304,16,0,1,0,0,1,5411,16.229,1.995,1.924,1.683,7.623
223,1902,omega_elementwise_twin_r3_n4_fused_multiply_o0_o1__multiply_o2_o3__subtract_s0_s1_fused_multiply_o0_o3__multiply_o2_o1__add_s0_s1,1024,1,7,4158208,0,0,1,0,1,1,4125,16.229,1.995,1.924,1.683,7.623
224,1938,omega_cached_attention_q1_h1_g8_d256_s3f800000_ln511_up0_x4_e1_k1_ds,17408,136,11,3763460,4128,0,1,0,1,1,21536,16.229,1.995,1.924,1.683,7.623
225,1938,omega_cached_attention_q1_h1_g8_d256_s3f800000_ln511_up0_x4_e1_k1_ds_merge,8192,8,3,1320448,0,0,1,0,1,1,5393,16.229,1.995,1.924,1.683,7.623
226,1940,omega_reduce_r5_o2_n2_multiply_add_zero,12288,192,4,839213728,0,0,1,0,1,1,9560,16.229,1.995,1.924,1.683,7.623
227,1949,omega_reduce_r2_o1_n2_multiply_add_zero_epi5_fused_identity_o5__multiply_s0_o4__add_s1_o3__square_root_s2__reciprocal_s3__multiply_s4_o2__multiply_s5_o1__add_s6_o0,256,1,9,822385288,32,0,1,0,1,1,6982,16.229,1.995,1.924,1.683,7.623
228,1957,omega_reduce_r2_o1_n2_multiply_add_zero_epi4_fused_identity_o4__multiply_s0_o3__add_s1_o2__square_root_s2__reciprocal_s3__multiply_s4_o1__multiply_s5_o0,256,1,8,826751656,32,0,1,0,1,1,5893,16.229,1.995,1.924,1.683,7.623
229,1962,omega_reduce_r3_o2_n2_multiply_add_zero,49152,768,4,830096544,0,0,1,0,1,1,19488,16.229,1.995,1.924,1.683,7.623
230,1977,omega_reduce_r3_o2_n2_multiply_add_zero_epi9_fused_identity_o9__multiply_o5_o6__multiply_s1_o4__multiply_s2_o3__add_s3_o2__multiply_s4_o1__tanh_s5__add_s6_o0__multiply_o7_o8__multiply_s7_s8__multiply_s0_s9,49152,768,13,830038448,0,0,1,0,1,1,20577,16.229,1.995,1.924,1.683,7.623
231,1979,omega_reduce_r3_o2_n2_multiply_add_zero,12288,192,4,835436192,0,0,1,0,1,1,20464,16.229,1.995,1.924,1.683,7.623
232,1989,omega_reduce_r2_o1_n2_multiply_add_zero_epi5_fused_identity_o5__multiply_s0_o4__add_s1_o3__square_root_s2__reciprocal_s3__multiply_s4_o2__multiply_s5_o1__add_s6_o0,256,1,9,822414984,32,0,1,0,1,1,6982,16.229,1.995,1.924,1.683,7.623
233,2005,omega_reduce_r3_o2_n2_multiply_add_zero_epi5_fused_identity_o5__identity_o0__multiply_s0_s0__multiply_s0_s2__multiply_s3_o3__add_s0_s4__multiply_s5_o2__tanh_s6__add_s7_o1__multiply_s0_o4__multiply_s8_s9__multiply_s1_s10,2048,32,9,820458416,0,0,1,0,1,1,6280,16.229,1.995,1.924,1.683,7.623
234,2008,omega_reduce_r3_o2_n2_multiply_add_zero,12288,192,4,819277184,0,0,1,0,1,1,5089,16.229,1.995,1.924,1.683,7.623
235,2020,omega_reduce_r2_o1_n2_multiply_add_zero_epi6_fused_identity_o6__multiply_s0_o4__add_s1_o3__square_root_s2__reciprocal_s3__multiply_s4_o2__multiply_s5_o1__add_s6_o0__multiply_s7_o5,256,1,10,1639637544,32,0,1,0,1,1,6506,16.229,1.995,1.924,1.683,7.623
236,2041,omega_reduce_r2_o1_n2_multiply_add_zero_epi4_fused_identity_o4__multiply_s0_o3__add_s1_o2__square_root_s2__reciprocal_s3__multiply_s4_o1__multiply_s5_o0,256,1,8,820899976,32,0,1,0,1,1,5893,16.229,1.995,1.924,1.683,7.623
237,2043,omega_reduce_r4_o3_n2_multiply_add_zero,16384,256,4,817062528,0,0,1,0,1,1,10667,16.229,1.995,1.924,1.683,7.623
238,2053,omega_reduce_r4_o3_n2_multiply_add_zero,2048,32,4,819045504,0,0,1,0,0,1,5738,16.229,1.995,1.924,1.683,7.623
239,2061,omega_reduce_r3_o2_n2_multiply_add_zero_epi4_fused_identity_o4__multiply_s0_o3__add_s1_o2__square_root_s2__reciprocal_s3__multiply_s4_o1__multiply_s5_o0,64,1,8,820892296,16,0,1,0,1,1,5131,16.229,1.995,1.924,1.683,7.623
240,2067,omega_elementwise_twin_r3_n4_fused_multiply_o0_o1__multiply_o2_o3__add_s0_s1_fused_multiply_o0_o3__multiply_o2_o1__subtract_s0_s1,128,1,7,2164224,0,0,1,0,1,1,2810,16.229,1.995,1.924,1.683,7.623
241,2069,omega_reduce_r4_o3_n2_multiply_add_zero,2048,32,4,815277184,0,0,1,0,0,1,5738,16.229,1.995,1.924,1.683,7.623
242,2076,omega_reduce_r3_o2_n2_multiply_add_zero_epi3_fused_identity_o3__multiply_s0_o2__add_s1_o1__square_root_s2__reciprocal_s3__multiply_s4_o0,64,1,7,3221512,16,0,1,0,1,1,5018,16.229,1.995,1.924,1.683,7.623
243,2051,omega_reduce_r3_o2_n2_multiply_add_zero_epi4_fused_identity_o4__multiply_s0_o3__add_s1_o2__square_root_s2__reciprocal_s3__multiply_s4_o1__multiply_s5_o0,512,8,8,817405576,16,0,1,0,0,1,5411,16.229,1.995,1.924,1.683,7.623
244,2079,omega_elementwise_twin_r3_n4_fused_multiply_o0_o1__multiply_o2_o3__subtract_s0_s1_fused_multiply_o0_o3__multiply_o2_o1__add_s0_s1,1024,1,7,4158208,0,0,1,0,1,1,4125,16.229,1.995,1.924,1.683,7.623
245,2115,omega_cached_attention_q1_h1_g8_d256_s3f800000_ln511_up0_x4_e1_k1_ds,17408,136,11,3763460,4128,0,1,0,1,1,21536,16.229,1.995,1.924,1.683,7.623
246,2115,omega_cached_attention_q1_h1_g8_d256_s3f800000_ln511_up0_x4_e1_k1_ds_merge,8192,8,3,1320448,0,0,1,0,1,1,5393,16.229,1.995,1.924,1.683,7.623
247,2117,omega_reduce_r5_o2_n2_multiply_add_zero,12288,192,4,818832000,0,0,1,0,1,1,9560,16.229,1.995,1.924,1.683,7.623
248,2126,omega_reduce_r2_o1_n2_multiply_add_zero_epi5_fused_identity_o5__multiply_s0_o4__add_s1_o3__square_root_s2__reciprocal_s3__multiply_s4_o2__multiply_s5_o1__add_s6_o0,256,1,9,802003560,32,0,1,0,1,1,6982,16.229,1.995,1.924,1.683,7.623
249,2134,omega_reduce_r2_o1_n2_multiply_add_zero_epi4_fused_identity_o4__multiply_s0_o3__add_s1_o2__square_root_s2__reciprocal_s3__multiply_s4_o1__multiply_s5_o0,256,1,8,806369928,32,0,1,0,1,1,5893,16.229,1.995,1.924,1.683,7.623
250,2139,omega_reduce_r3_o2_n2_multiply_add_zero,49152,768,4,809714816,0,0,1,0,1,1,19488,16.229,1.995,1.924,1.683,7.623
251,2154,omega_reduce_r3_o2_n2_multiply_add_zero_epi9_fused_identity_o9__multiply_o5_o6__multiply_s1_o4__multiply_s2_o3__add_s3_o2__multiply_s4_o1__tanh_s5__add_s6_o0__multiply_o7_o8__multiply_s7_s8__multiply_s0_s9,49152,768,13,809656720,0,0,1,0,1,1,20577,16.229,1.995,1.924,1.683,7.623
252,2156,omega_reduce_r3_o2_n2_multiply_add_zero,12288,192,4,815054464,0,0,1,0,1,1,20464,16.229,1.995,1.924,1.683,7.623
253,2166,omega_reduce_r2_o1_n2_multiply_add_zero_epi5_fused_identity_o5__multiply_s0_o4__add_s1_o3__square_root_s2__reciprocal_s3__multiply_s4_o2__multiply_s5_o1__add_s6_o0,256,1,9,802033256,32,0,1,0,1,1,6982,16.229,1.995,1.924,1.683,7.623
254,2182,omega_reduce_r3_o2_n2_multiply_add_zero_epi5_fused_identity_o5__identity_o0__multiply_s0_s0__multiply_s0_s2__multiply_s3_o3__add_s0_s4__multiply_s5_o2__tanh_s6__add_s7_o1__multiply_s0_o4__multiply_s8_s9__multiply_s1_s10,2048,32,9,800076688,0,0,1,0,1,1,6357,16.229,1.995,1.924,1.683,7.623
255,2185,omega_reduce_r3_o2_n2_multiply_add_zero,12288,192,4,798895456,0,0,1,0,1,1,5089,16.229,1.995,1.924,1.683,7.623
256,2197,omega_reduce_r2_o1_n2_multiply_add_zero_epi6_fused_identity_o6__multiply_s0_o4__add_s1_o3__square_root_s2__reciprocal_s3__multiply_s4_o2__multiply_s5_o1__add_s6_o0__multiply_s7_o5,256,1,10,1598874088,32,0,1,0,1,1,6506,16.229,1.995,1.924,1.683,7.623
257,2218,omega_reduce_r2_o1_n2_multiply_add_zero_epi4_fused_identity_o4__multiply_s0_o3__add_s1_o2__square_root_s2__reciprocal_s3__multiply_s4_o1__multiply_s5_o0,256,1,8,800518248,32,0,1,0,1,1,5893,16.229,1.995,1.924,1.683,7.623
258,2220,omega_reduce_r4_o3_n2_multiply_add_zero,16384,256,4,796680800,0,0,1,0,1,1,10667,16.229,1.995,1.924,1.683,7.623
259,2230,omega_reduce_r4_o3_n2_multiply_add_zero,2048,32,4,798663776,0,0,1,0,0,1,5738,16.229,1.995,1.924,1.683,7.623
260,2238,omega_reduce_r3_o2_n2_multiply_add_zero_epi4_fused_identity_o4__multiply_s0_o3__add_s1_o2__square_root_s2__reciprocal_s3__multiply_s4_o1__multiply_s5_o0,64,1,8,800510568,16,0,1,0,1,1,5131,16.229,1.995,1.924,1.683,7.623
261,2244,omega_elementwise_twin_r3_n4_fused_multiply_o0_o1__multiply_o2_o3__add_s0_s1_fused_multiply_o0_o3__multiply_o2_o1__subtract_s0_s1,128,1,7,2164224,0,0,1,0,1,1,2810,16.229,1.995,1.924,1.683,7.623
262,2246,omega_reduce_r4_o3_n2_multiply_add_zero,2048,32,4,794895456,0,0,1,0,0,1,5738,16.229,1.995,1.924,1.683,7.623
263,2253,omega_reduce_r3_o2_n2_multiply_add_zero_epi3_fused_identity_o3__multiply_s0_o2__add_s1_o1__square_root_s2__reciprocal_s3__multiply_s4_o0,64,1,7,3221512,16,0,1,0,1,1,5018,16.229,1.995,1.924,1.683,7.623
264,2228,omega_reduce_r3_o2_n2_multiply_add_zero_epi4_fused_identity_o4__multiply_s0_o3__add_s1_o2__square_root_s2__reciprocal_s3__multiply_s4_o1__multiply_s5_o0,512,8,8,797023848,16,0,1,0,0,1,5411,16.229,1.995,1.924,1.683,7.623
265,2256,omega_elementwise_twin_r3_n4_fused_multiply_o0_o1__multiply_o2_o3__subtract_s0_s1_fused_multiply_o0_o3__multiply_o2_o1__add_s0_s1,1024,1,7,4158208,0,0,1,0,1,1,4125,16.229,1.995,1.924,1.683,7.623
266,2292,omega_cached_attention_q1_h1_g8_d256_s3f800000_ln511_up0_x4_e1_k1_ds,17408,136,11,3763460,4128,0,1,0,1,1,21536,16.229,1.995,1.924,1.683,7.623
267,2292,omega_cached_attention_q1_h1_g8_d256_s3f800000_ln511_up0_x4_e1_k1_ds_merge,8192,8,3,1320448,0,0,1,0,1,1,5393,16.229,1.995,1.924,1.683,7.623
268,2294,omega_reduce_r5_o2_n2_multiply_add_zero,12288,192,4,798450272,0,0,1,0,1,1,9560,16.229,1.995,1.924,1.683,7.623
269,2303,omega_reduce_r2_o1_n2_multiply_add_zero_epi5_fused_identity_o5__multiply_s0_o4__add_s1_o3__square_root_s2__reciprocal_s3__multiply_s4_o2__multiply_s5_o1__add_s6_o0,256,1,9,781621832,32,0,1,0,1,1,6982,16.229,1.995,1.924,1.683,7.623
270,2311,omega_reduce_r2_o1_n2_multiply_add_zero_epi4_fused_identity_o4__multiply_s0_o3__add_s1_o2__square_root_s2__reciprocal_s3__multiply_s4_o1__multiply_s5_o0,256,1,8,785988200,32,0,1,0,1,1,5893,16.229,1.995,1.924,1.683,7.623
271,2316,omega_reduce_r3_o2_n2_multiply_add_zero,49152,768,4,789333088,0,0,1,0,1,1,19488,16.229,1.995,1.924,1.683,7.623
272,2331,omega_reduce_r3_o2_n2_multiply_add_zero_epi9_fused_identity_o9__multiply_o5_o6__multiply_s1_o4__multiply_s2_o3__add_s3_o2__multiply_s4_o1__tanh_s5__add_s6_o0__multiply_o7_o8__multiply_s7_s8__multiply_s0_s9,49152,768,13,789274992,0,0,1,0,1,1,20577,16.229,1.995,1.924,1.683,7.623
273,2333,omega_reduce_r3_o2_n2_multiply_add_zero,12288,192,4,794672736,0,0,1,0,1,1,20464,16.229,1.995,1.924,1.683,7.623
274,2343,omega_reduce_r2_o1_n2_multiply_add_zero_epi5_fused_identity_o5__multiply_s0_o4__add_s1_o3__square_root_s2__reciprocal_s3__multiply_s4_o2__multiply_s5_o1__add_s6_o0,256,1,9,781651528,32,0,1,0,1,1,6982,16.229,1.995,1.924,1.683,7.623
275,2359,omega_reduce_r3_o2_n2_multiply_add_zero_epi5_fused_identity_o5__identity_o0__multiply_s0_s0__multiply_s0_s2__multiply_s3_o3__add_s0_s4__multiply_s5_o2__tanh_s6__add_s7_o1__multiply_s0_o4__multiply_s8_s9__multiply_s1_s10,2048,32,9,779694960,0,0,1,0,1,1,6333,16.229,1.995,1.924,1.683,7.623
276,2362,omega_reduce_r3_o2_n2_multiply_add_zero,12288,192,4,778513728,0,0,1,0,1,1,5089,16.229,1.995,1.924,1.683,7.623
277,2374,omega_reduce_r2_o1_n2_multiply_add_zero_epi6_fused_identity_o6__multiply_s0_o4__add_s1_o3__square_root_s2__reciprocal_s3__multiply_s4_o2__multiply_s5_o1__add_s6_o0__multiply_s7_o5,256,1,10,1558110632,32,0,1,0,1,1,6506,16.229,1.995,1.924,1.683,7.623
278,2395,omega_reduce_r2_o1_n2_multiply_add_zero_epi4_fused_identity_o4__multiply_s0_o3__add_s1_o2__square_root_s2__reciprocal_s3__multiply_s4_o1__multiply_s5_o0,256,1,8,780136520,32,0,1,0,1,1,5893,16.229,1.995,1.924,1.683,7.623
279,2397,omega_reduce_r4_o3_n2_multiply_add_zero,16384,256,4,776299072,0,0,1,0,1,1,10667,16.229,1.995,1.924,1.683,7.623
280,2407,omega_reduce_r4_o3_n2_multiply_add_zero,2048,32,4,778282048,0,0,1,0,0,1,5738,16.229,1.995,1.924,1.683,7.623
281,2415,omega_reduce_r3_o2_n2_multiply_add_zero_epi4_fused_identity_o4__multiply_s0_o3__add_s1_o2__square_root_s2__reciprocal_s3__multiply_s4_o1__multiply_s5_o0,64,1,8,780128840,16,0,1,0,1,1,5131,16.229,1.995,1.924,1.683,7.623
282,2421,omega_elementwise_twin_r3_n4_fused_multiply_o0_o1__multiply_o2_o3__add_s0_s1_fused_multiply_o0_o3__multiply_o2_o1__subtract_s0_s1,128,1,7,2164224,0,0,1,0,1,1,2810,16.229,1.995,1.924,1.683,7.623
283,2423,omega_reduce_r4_o3_n2_multiply_add_zero,2048,32,4,774513728,0,0,1,0,0,1,5738,16.229,1.995,1.924,1.683,7.623
284,2430,omega_reduce_r3_o2_n2_multiply_add_zero_epi3_fused_identity_o3__multiply_s0_o2__add_s1_o1__square_root_s2__reciprocal_s3__multiply_s4_o0,64,1,7,3221512,16,0,1,0,1,1,5018,16.229,1.995,1.924,1.683,7.623
285,2405,omega_reduce_r3_o2_n2_multiply_add_zero_epi4_fused_identity_o4__multiply_s0_o3__add_s1_o2__square_root_s2__reciprocal_s3__multiply_s4_o1__multiply_s5_o0,512,8,8,776642120,16,0,1,0,0,1,5411,16.229,1.995,1.924,1.683,7.623
286,2433,omega_elementwise_twin_r3_n4_fused_multiply_o0_o1__multiply_o2_o3__subtract_s0_s1_fused_multiply_o0_o3__multiply_o2_o1__add_s0_s1,1024,1,7,4158208,0,0,1,0,1,1,4125,16.229,1.995,1.924,1.683,7.623
287,2469,omega_cached_attention_q1_h1_g8_d256_s3f800000_ln511_up0_x4_e1_k1_ds,17408,136,11,3763460,4128,0,1,0,1,1,21536,16.229,1.995,1.924,1.683,7.623
288,2469,omega_cached_attention_q1_h1_g8_d256_s3f800000_ln511_up0_x4_e1_k1_ds_merge,8192,8,3,1320448,0,0,1,0,1,1,5393,16.229,1.995,1.924,1.683,7.623
289,2471,omega_reduce_r5_o2_n2_multiply_add_zero,12288,192,4,778068544,0,0,1,0,1,1,9560,16.229,1.995,1.924,1.683,7.623
290,2480,omega_reduce_r2_o1_n2_multiply_add_zero_epi5_fused_identity_o5__multiply_s0_o4__add_s1_o3__square_root_s2__reciprocal_s3__multiply_s4_o2__multiply_s5_o1__add_s6_o0,256,1,9,761240104,32,0,1,0,1,1,6982,16.229,1.995,1.924,1.683,7.623
291,2488,omega_reduce_r2_o1_n2_multiply_add_zero_epi4_fused_identity_o4__multiply_s0_o3__add_s1_o2__square_root_s2__reciprocal_s3__multiply_s4_o1__multiply_s5_o0,256,1,8,765606472,32,0,1,0,1,1,5893,16.229,1.995,1.924,1.683,7.623
292,2493,omega_reduce_r3_o2_n2_multiply_add_zero,49152,768,4,768951360,0,0,1,0,1,1,19488,16.229,1.995,1.924,1.683,7.623
293,2508,omega_reduce_r3_o2_n2_multiply_add_zero_epi9_fused_identity_o9__multiply_o5_o6__multiply_s1_o4__multiply_s2_o3__add_s3_o2__multiply_s4_o1__tanh_s5__add_s6_o0__multiply_o7_o8__multiply_s7_s8__multiply_s0_s9,49152,768,13,768893264,0,0,1,0,1,1,20577,16.229,1.995,1.924,1.683,7.623
294,2510,omega_reduce_r3_o2_n2_multiply_add_zero,12288,192,4,774291008,0,0,1,0,1,1,20464,16.229,1.995,1.924,1.683,7.623
295,2520,omega_reduce_r2_o1_n2_multiply_add_zero_epi5_fused_identity_o5__multiply_s0_o4__add_s1_o3__square_root_s2__reciprocal_s3__multiply_s4_o2__multiply_s5_o1__add_s6_o0,256,1,9,761269800,32,0,1,0,1,1,6982,16.229,1.995,1.924,1.683,7.623
296,2536,omega_reduce_r3_o2_n2_multiply_add_zero_epi5_fused_identity_o5__identity_o0__multiply_s0_s0__multiply_s0_s2__multiply_s3_o3__add_s0_s4__multiply_s5_o2__tanh_s6__add_s7_o1__multiply_s0_o4__multiply_s8_s9__multiply_s1_s10,2048,32,9,759313232,0,0,1,0,1,1,6298,16.229,1.995,1.924,1.683,7.623
297,2539,omega_reduce_r3_o2_n2_multiply_add_zero,12288,192,4,758132000,0,0,1,0,1,1,5089,16.229,1.995,1.924,1.683,7.623
298,2551,omega_reduce_r2_o1_n2_multiply_add_zero_epi6_fused_identity_o6__multiply_s0_o4__add_s1_o3__square_root_s2__reciprocal_s3__multiply_s4_o2__multiply_s5_o1__add_s6_o0__multiply_s7_o5,256,1,10,1517313896,32,0,1,0,1,1,6506,16.229,1.995,1.924,1.683,7.623
299,2572,omega_reduce_r2_o1_n2_multiply_add_zero_epi4_fused_identity_o4__multiply_s0_o3__add_s1_o2__square_root_s2__reciprocal_s3__multiply_s4_o1__multiply_s5_o0,256,1,8,759424552,32,0,1,0,1,1,5893,16.229,1.995,1.924,1.683,7.623
300,2574,omega_reduce_r4_o3_n2_multiply_add_zero,32768,512,4,753917472,0,0,1,0,1,1,18143,16.229,1.995,1.924,1.683,7.623
301,2584,omega_reduce_r4_o3_n2_multiply_add_zero,4096,64,4,757883936,0,0,1,0,0,1,6321,16.229,1.995,1.924,1.683,7.623
302,2592,omega_reduce_r3_o2_n2_multiply_add_zero_epi4_fused_identity_o4__multiply_s0_o3__add_s1_o2__square_root_s2__reciprocal_s3__multiply_s4_o1__multiply_s5_o0,128,1,8,759499304,16,0,1,0,1,1,5643,16.229,1.995,1.924,1.683,7.623
303,2598,omega_elementwise_twin_r3_n4_fused_multiply_o0_o1__multiply_o2_o3__add_s0_s1_fused_multiply_o0_o3__multiply_o2_o1__subtract_s0_s1,256,1,7,2258432,0,0,1,0,1,1,2869,16.229,1.995,1.924,1.683,7.623
304,2600,omega_reduce_r4_o3_n2_multiply_add_zero,4096,64,4,750353440,0,0,1,0,0,1,6321,16.229,1.995,1.924,1.683,7.623
305,2607,omega_reduce_r3_o2_n2_multiply_add_zero_epi3_fused_identity_o3__multiply_s0_o2__add_s1_o1__square_root_s2__reciprocal_s3__multiply_s4_o0,128,1,7,3294216,16,0,1,0,1,1,4905,16.229,1.995,1.924,1.683,7.623
306,2582,omega_reduce_r3_o2_n2_multiply_add_zero_epi4_fused_identity_o4__multiply_s0_o3__add_s1_o2__square_root_s2__reciprocal_s3__multiply_s4_o1__multiply_s5_o0,1024,8,8,752491048,16,0,1,0,0,1,5625,16.229,1.995,1.924,1.683,7.623
307,2610,omega_elementwise_twin_r3_n4_fused_multiply_o0_o1__multiply_o2_o3__subtract_s0_s1_fused_multiply_o0_o3__multiply_o2_o1__add_s0_s1,2048,2,7,4118784,0,0,1,0,1,1,4768,16.229,1.995,1.924,1.683,7.623
308,2646,omega_cached_attention_q1_h1_g8_d512_s3f800000_ln9223372036854775808_up0_x4_e1_k1_ds,32768,256,11,7409412,8224,0,1,0,1,1,40423,16.229,1.995,1.924,1.683,7.623
309,2646,omega_cached_attention_q1_h1_g8_d512_s3f800000_ln9223372036854775808_up0_x4_e1_k1_ds_merge,8192,8,3,1582592,0,0,1,0,1,1,7750,16.229,1.995,1.924,1.683,7.623
310,2648,omega_reduce_r5_o2_n2_multiply_add_zero,12288,192,4,757456416,0,0,1,0,1,1,15125,16.229,1.995,1.924,1.683,7.623
311,2657,omega_reduce_r2_o1_n2_multiply_add_zero_epi5_fused_identity_o5__multiply_s0_o4__add_s1_o3__square_root_s2__reciprocal_s3__multiply_s4_o2__multiply_s5_o1__add_s6_o0,256,1,9,736810248,32,0,1,0,1,1,6982,16.229,1.995,1.924,1.683,7.623
312,2665,omega_reduce_r2_o1_n2_multiply_add_zero_epi4_fused_identity_o4__multiply_s0_o3__add_s1_o2__square_root_s2__reciprocal_s3__multiply_s4_o1__multiply_s5_o0,256,1,8,741227048,32,0,1,0,1,1,5893,16.229,1.995,1.924,1.683,7.623
313,2670,omega_reduce_r3_o2_n2_multiply_add_zero,49152,768,4,744592672,0,0,1,0,1,1,19488,16.229,1.995,1.924,1.683,7.623
314,2685,omega_reduce_r3_o2_n2_multiply_add_zero_epi9_fused_identity_o9__multiply_o5_o6__multiply_s1_o4__multiply_s2_o3__add_s3_o2__multiply_s4_o1__tanh_s5__add_s6_o0__multiply_o7_o8__multiply_s7_s8__multiply_s0_s9,49152,768,13,744534576,0,0,1,0,1,1,20577,16.229,1.995,1.924,1.683,7.623
315,2687,omega_reduce_r3_o2_n2_multiply_add_zero,12288,192,4,749925920,0,0,1,0,1,1,20464,16.229,1.995,1.924,1.683,7.623
316,2697,omega_reduce_r2_o1_n2_multiply_add_zero_epi5_fused_identity_o5__multiply_s0_o4__add_s1_o3__square_root_s2__reciprocal_s3__multiply_s4_o2__multiply_s5_o1__add_s6_o0,256,1,9,736897800,32,0,1,0,1,1,6982,16.229,1.995,1.924,1.683,7.623
317,2713,omega_reduce_r3_o2_n2_multiply_add_zero_epi5_fused_identity_o5__identity_o0__multiply_s0_s0__multiply_s0_s2__multiply_s3_o3__add_s0_s4__multiply_s5_o2__tanh_s6__add_s7_o1__multiply_s0_o4__multiply_s8_s9__multiply_s1_s10,2048,32,9,734948144,0,0,1,0,1,1,6238,16.229,1.995,1.924,1.683,7.623
318,2716,omega_reduce_r3_o2_n2_multiply_add_zero,12288,192,4,733766912,0,0,1,0,1,1,5089,16.229,1.995,1.924,1.683,7.623
319,2728,omega_reduce_r2_o1_n2_multiply_add_zero_epi6_fused_identity_o6__multiply_s0_o4__add_s1_o3__square_root_s2__reciprocal_s3__multiply_s4_o2__multiply_s5_o1__add_s6_o0__multiply_s7_o5,256,1,10,1468617000,32,0,1,0,1,1,6506,16.229,1.995,1.924,1.683,7.623
320,2743,omega_reduce_r2_o1_n2_multiply_add_zero_epi4_fused_identity_o4__multiply_s0_o3__add_s1_o2__square_root_s2__reciprocal_s3__multiply_s4_o1__multiply_s5_o0,256,1,8,735611912,32,0,1,0,1,1,5893,16.229,1.995,1.924,1.683,7.623
321,2745,omega_reduce_r4_o3_n2_multiply_add_zero,16384,256,4,731774464,0,0,1,0,1,1,10667,16.229,1.995,1.924,1.683,7.623
322,2753,omega_reduce_r3_o2_n2_multiply_add_zero_epi4_fused_identity_o4__multiply_s0_o3__add_s1_o2__square_root_s2__reciprocal_s3__multiply_s4_o1__multiply_s5_o0,512,8,8,732117512,16,0,1,0,1,1,5411,16.229,1.995,1.924,1.683,7.623
323,2756,omega_elementwise_twin_r3_n4_fused_multiply_o0_o1__multiply_o2_o3__subtract_s0_s1_fused_multiply_o0_o3__multiply_o2_o1__add_s0_s1,1024,1,7,4158208,0,0,1,0,1,1,4125,16.229,1.995,1.924,1.683,7.623
324,2792,omega_cached_attention_q1_h1_g8_d256_s3f800000_ln511_up0_x4_e1_k1_ds,17408,136,11,3763460,4128,0,1,0,1,1,21536,16.229,1.995,1.924,1.683,7.623
325,2792,omega_cached_attention_q1_h1_g8_d256_s3f800000_ln511_up0_x4_e1_k1_ds_merge,8192,8,3,1320448,0,0,1,0,1,1,5393,16.229,1.995,1.924,1.683,7.623
326,2794,omega_reduce_r5_o2_n2_multiply_add_zero,12288,192,4,733543936,0,0,1,0,1,1,9560,16.229,1.995,1.924,1.683,7.623
327,2803,omega_reduce_r2_o1_n2_multiply_add_zero_epi5_fused_identity_o5__multiply_s0_o4__add_s1_o3__square_root_s2__reciprocal_s3__multiply_s4_o2__multiply_s5_o1__add_s6_o0,256,1,9,700962280,32,0,1,0,1,1,6982,16.229,1.995,1.924,1.683,7.623
328,2811,omega_reduce_r2_o1_n2_multiply_add_zero_epi4_fused_identity_o4__multiply_s0_o3__add_s1_o2__square_root_s2__reciprocal_s3__multiply_s4_o1__multiply_s5_o0,256,1,8,710450440,32,0,1,0,1,1,5893,16.229,1.995,1.924,1.683,7.623
329,2816,omega_reduce_r3_o2_n2_multiply_add_zero,98304,1536,4,719251200,0,0,1,0,1,1,31673,16.229,1.995,1.924,1.683,7.623
330,2831,omega_reduce_r3_o2_n2_multiply_add_zero_epi9_fused_identity_o9__multiply_o5_o6__multiply_s1_o4__multiply_s2_o3__add_s3_o2__multiply_s4_o1__tanh_s5__add_s6_o0__multiply_o7_o8__multiply_s7_s8__multiply_s0_s9,98304,1536,13,713860112,0,0,1,0,1,1,33351,16.229,1.995,1.924,1.683,7.623
331,2833,omega_reduce_r3_o2_n2_multiply_add_zero,12288,192,4,729963008,0,0,1,0,1,1,35726,16.229,1.995,1.924,1.683,7.623
332,2843,omega_reduce_r2_o1_n2_multiply_add_zero_epi5_fused_identity_o5__multiply_s0_o4__add_s1_o3__square_root_s2__reciprocal_s3__multiply_s4_o2__multiply_s5_o1__add_s6_o0,256,1,9,700991976,32,0,1,0,1,1,6982,16.229,1.995,1.924,1.683,7.623
333,2859,omega_reduce_r3_o2_n2_multiply_add_zero_epi5_fused_identity_o5__identity_o0__multiply_s0_s0__multiply_s0_s2__multiply_s3_o3__add_s0_s4__multiply_s5_o2__tanh_s6__add_s7_o1__multiply_s0_o4__multiply_s8_s9__multiply_s1_s10,2048,32,9,699084560,0,0,1,0,1,1,6321,16.229,1.995,1.924,1.683,7.623
334,2862,omega_reduce_r3_o2_n2_multiply_add_zero,12288,192,4,697903328,0,0,1,0,1,1,5089,16.229,1.995,1.924,1.683,7.623
335,2874,omega_reduce_r2_o1_n2_multiply_add_zero_epi6_fused_identity_o6__multiply_s0_o4__add_s1_o3__square_root_s2__reciprocal_s3__multiply_s4_o2__multiply_s5_o1__add_s6_o0__multiply_s7_o5,256,1,10,1396889832,32,0,1,0,1,1,6506,16.229,1.995,1.924,1.683,7.623
336,2889,omega_reduce_r2_o1_n2_multiply_add_zero_epi4_fused_identity_o4__multiply_s0_o3__add_s1_o2__square_root_s2__reciprocal_s3__multiply_s4_o1__multiply_s5_o0,256,1,8,699748328,32,0,1,0,1,1,5893,16.229,1.995,1.924,1.683,7.623
337,2891,omega_reduce_r4_o3_n2_multiply_add_zero,16384,256,4,695910880,0,0,1,0,1,1,10667,16.229,1.995,1.924,1.683,7.623
338,2899,omega_reduce_r3_o2_n2_multiply_add_zero_epi4_fused_identity_o4__multiply_s0_o3__add_s1_o2__square_root_s2__reciprocal_s3__multiply_s4_o1__multiply_s5_o0,512,8,8,696253928,16,0,1,0,1,1,5411,16.229,1.995,1.924,1.683,7.623
339,2902,omega_elementwise_twin_r3_n4_fused_multiply_o0_o1__multiply_o2_o3__subtract_s0_s1_fused_multiply_o0_o3__multiply_o2_o1__add_s0_s1,1024,1,7,4158208,0,0,1,0,1,1,4125,16.229,1.995,1.924,1.683,7.623
340,2938,omega_cached_attention_q1_h1_g8_d256_s3f800000_ln511_up0_x4_e1_k1_ds,17408,136,11,3763460,4128,0,1,0,1,1,21536,16.229,1.995,1.924,1.683,7.623
341,2938,omega_cached_attention_q1_h1_g8_d256_s3f800000_ln511_up0_x4_e1_k1_ds_merge,8192,8,3,1320448,0,0,1,0,1,1,5393,16.229,1.995,1.924,1.683,7.623
342,2940,omega_reduce_r5_o2_n2_multiply_add_zero,12288,192,4,697680352,0,0,1,0,1,1,9560,16.229,1.995,1.924,1.683,7.623
343,2949,omega_reduce_r2_o1_n2_multiply_add_zero_epi5_fused_identity_o5__multiply_s0_o4__add_s1_o3__square_root_s2__reciprocal_s3__multiply_s4_o2__multiply_s5_o1__add_s6_o0,256,1,9,665098696,32,0,1,0,1,1,6982,16.229,1.995,1.924,1.683,7.623
344,2957,omega_reduce_r2_o1_n2_multiply_add_zero_epi4_fused_identity_o4__multiply_s0_o3__add_s1_o2__square_root_s2__reciprocal_s3__multiply_s4_o1__multiply_s5_o0,256,1,8,674586856,32,0,1,0,1,1,5893,16.229,1.995,1.924,1.683,7.623
345,2962,omega_reduce_r3_o2_n2_multiply_add_zero,98304,1536,4,683387616,0,0,1,0,1,1,31673,16.229,1.995,1.924,1.683,7.623
346,2977,omega_reduce_r3_o2_n2_multiply_add_zero_epi9_fused_identity_o9__multiply_o5_o6__multiply_s1_o4__multiply_s2_o3__add_s3_o2__multiply_s4_o1__tanh_s5__add_s6_o0__multiply_o7_o8__multiply_s7_s8__multiply_s0_s9,98304,1536,13,677996528,0,0,1,0,1,1,33351,16.229,1.995,1.924,1.683,7.623
347,2979,omega_reduce_r3_o2_n2_multiply_add_zero,12288,192,4,694099424,0,0,1,0,1,1,35726,16.229,1.995,1.924,1.683,7.623
348,2989,omega_reduce_r2_o1_n2_multiply_add_zero_epi5_fused_identity_o5__multiply_s0_o4__add_s1_o3__square_root_s2__reciprocal_s3__multiply_s4_o2__multiply_s5_o1__add_s6_o0,256,1,9,665128392,32,0,1,0,1,1,6982,16.229,1.995,1.924,1.683,7.623
349,3005,omega_reduce_r3_o2_n2_multiply_add_zero_epi5_fused_identity_o5__identity_o0__multiply_s0_s0__multiply_s0_s2__multiply_s3_o3__add_s0_s4__multiply_s5_o2__tanh_s6__add_s7_o1__multiply_s0_o4__multiply_s8_s9__multiply_s1_s10,2048,32,9,663220976,0,0,1,0,1,1,6381,16.229,1.995,1.924,1.683,7.623
350,3008,omega_reduce_r3_o2_n2_multiply_add_zero,12288,192,4,662039744,0,0,1,0,1,1,5089,16.229,1.995,1.924,1.683,7.623
351,3020,omega_reduce_r2_o1_n2_multiply_add_zero_epi6_fused_identity_o6__multiply_s0_o4__add_s1_o3__square_root_s2__reciprocal_s3__multiply_s4_o2__multiply_s5_o1__add_s6_o0__multiply_s7_o5,256,1,10,1325162664,32,0,1,0,1,1,6506,16.229,1.995,1.924,1.683,7.623
352,3035,omega_reduce_r2_o1_n2_multiply_add_zero_epi4_fused_identity_o4__multiply_s0_o3__add_s1_o2__square_root_s2__reciprocal_s3__multiply_s4_o1__multiply_s5_o0,256,1,8,663884744,32,0,1,0,1,1,5893,16.229,1.995,1.924,1.683,7.623
353,3037,omega_reduce_r4_o3_n2_multiply_add_zero,16384,256,4,660047296,0,0,1,0,1,1,10667,16.229,1.995,1.924,1.683,7.623
354,3045,omega_reduce_r3_o2_n2_multiply_add_zero_epi4_fused_identity_o4__multiply_s0_o3__add_s1_o2__square_root_s2__reciprocal_s3__multiply_s4_o1__multiply_s5_o0,512,8,8,660390344,16,0,1,0,1,1,5411,16.229,1.995,1.924,1.683,7.623
355,3048,omega_elementwise_twin_r3_n4_fused_multiply_o0_o1__multiply_o2_o3__subtract_s0_s1_fused_multiply_o0_o3__multiply_o2_o1__add_s0_s1,1024,1,7,4158208,0,0,1,0,1,1,4125,16.229,1.995,1.924,1.683,7.623
356,3084,omega_cached_attention_q1_h1_g8_d256_s3f800000_ln511_up0_x4_e1_k1_ds,17408,136,11,3763460,4128,0,1,0,1,1,21536,16.229,1.995,1.924,1.683,7.623
357,3084,omega_cached_attention_q1_h1_g8_d256_s3f800000_ln511_up0_x4_e1_k1_ds_merge,8192,8,3,1320448,0,0,1,0,1,1,5393,16.229,1.995,1.924,1.683,7.623
358,3086,omega_reduce_r5_o2_n2_multiply_add_zero,12288,192,4,661816768,0,0,1,0,1,1,9560,16.229,1.995,1.924,1.683,7.623
359,3095,omega_reduce_r2_o1_n2_multiply_add_zero_epi5_fused_identity_o5__multiply_s0_o4__add_s1_o3__square_root_s2__reciprocal_s3__multiply_s4_o2__multiply_s5_o1__add_s6_o0,256,1,9,629235112,32,0,1,0,1,1,6982,16.229,1.995,1.924,1.683,7.623
360,3103,omega_reduce_r2_o1_n2_multiply_add_zero_epi4_fused_identity_o4__multiply_s0_o3__add_s1_o2__square_root_s2__reciprocal_s3__multiply_s4_o1__multiply_s5_o0,256,1,8,638723272,32,0,1,0,1,1,5893,16.229,1.995,1.924,1.683,7.623
361,3108,omega_reduce_r3_o2_n2_multiply_add_zero,98304,1536,4,647524032,0,0,1,0,1,1,31673,16.229,1.995,1.924,1.683,7.623
362,3123,omega_reduce_r3_o2_n2_multiply_add_zero_epi9_fused_identity_o9__multiply_o5_o6__multiply_s1_o4__multiply_s2_o3__add_s3_o2__multiply_s4_o1__tanh_s5__add_s6_o0__multiply_o7_o8__multiply_s7_s8__multiply_s0_s9,98304,1536,13,642132944,0,0,1,0,1,1,33351,16.229,1.995,1.924,1.683,7.623
363,3125,omega_reduce_r3_o2_n2_multiply_add_zero,12288,192,4,658235840,0,0,1,0,1,1,35726,16.229,1.995,1.924,1.683,7.623
364,3135,omega_reduce_r2_o1_n2_multiply_add_zero_epi5_fused_identity_o5__multiply_s0_o4__add_s1_o3__square_root_s2__reciprocal_s3__multiply_s4_o2__multiply_s5_o1__add_s6_o0,256,1,9,629264808,32,0,1,0,1,1,6982,16.229,1.995,1.924,1.683,7.623
365,3151,omega_reduce_r3_o2_n2_multiply_add_zero_epi5_fused_identity_o5__identity_o0__multiply_s0_s0__multiply_s0_s2__multiply_s3_o3__add_s0_s4__multiply_s5_o2__tanh_s6__add_s7_o1__multiply_s0_o4__multiply_s8_s9__multiply_s1_s10,2048,32,9,627357392,0,0,1,0,1,1,6262,16.229,1.995,1.924,1.683,7.623
366,3154,omega_reduce_r3_o2_n2_multiply_add_zero,12288,192,4,626176160,0,0,1,0,1,1,5089,16.229,1.995,1.924,1.683,7.623
367,3166,omega_reduce_r2_o1_n2_multiply_add_zero_epi6_fused_identity_o6__multiply_s0_o4__add_s1_o3__square_root_s2__reciprocal_s3__multiply_s4_o2__multiply_s5_o1__add_s6_o0__multiply_s7_o5,256,1,10,1253435496,32,0,1,0,1,1,6506,16.229,1.995,1.924,1.683,7.623
368,3181,omega_reduce_r2_o1_n2_multiply_add_zero_epi4_fused_identity_o4__multiply_s0_o3__add_s1_o2__square_root_s2__reciprocal_s3__multiply_s4_o1__multiply_s5_o0,256,1,8,628021160,32,0,1,0,1,1,5893,16.229,1.995,1.924,1.683,7.623
369,3183,omega_reduce_r4_o3_n2_multiply_add_zero,16384,256,4,624183712,0,0,1,0,1,1,10667,16.229,1.995,1.924,1.683,7.623
370,3191,omega_reduce_r3_o2_n2_multiply_add_zero_epi4_fused_identity_o4__multiply_s0_o3__add_s1_o2__square_root_s2__reciprocal_s3__multiply_s4_o1__multiply_s5_o0,512,8,8,624526760,16,0,1,0,1,1,5411,16.229,1.995,1.924,1.683,7.623
371,3194,omega_elementwise_twin_r3_n4_fused_multiply_o0_o1__multiply_o2_o3__subtract_s0_s1_fused_multiply_o0_o3__multiply_o2_o1__add_s0_s1,1024,1,7,4158208,0,0,1,0,1,1,4125,16.229,1.995,1.924,1.683,7.623
372,3230,omega_cached_attention_q1_h1_g8_d256_s3f800000_ln511_up0_x4_e1_k1_ds,17408,136,11,3763460,4128,0,1,0,1,1,21536,16.229,1.995,1.924,1.683,7.623
373,3230,omega_cached_attention_q1_h1_g8_d256_s3f800000_ln511_up0_x4_e1_k1_ds_merge,8192,8,3,1320448,0,0,1,0,1,1,5393,16.229,1.995,1.924,1.683,7.623
374,3232,omega_reduce_r5_o2_n2_multiply_add_zero,12288,192,4,625953184,0,0,1,0,1,1,9560,16.229,1.995,1.924,1.683,7.623
375,3241,omega_reduce_r2_o1_n2_multiply_add_zero_epi5_fused_identity_o5__multiply_s0_o4__add_s1_o3__square_root_s2__reciprocal_s3__multiply_s4_o2__multiply_s5_o1__add_s6_o0,256,1,9,593371528,32,0,1,0,1,1,6982,16.229,1.995,1.924,1.683,7.623
376,3249,omega_reduce_r2_o1_n2_multiply_add_zero_epi4_fused_identity_o4__multiply_s0_o3__add_s1_o2__square_root_s2__reciprocal_s3__multiply_s4_o1__multiply_s5_o0,256,1,8,602859688,32,0,1,0,1,1,5893,16.229,1.995,1.924,1.683,7.623
377,3254,omega_reduce_r3_o2_n2_multiply_add_zero,98304,1536,4,611660448,0,0,1,0,1,1,31673,16.229,1.995,1.924,1.683,7.623
378,3269,omega_reduce_r3_o2_n2_multiply_add_zero_epi9_fused_identity_o9__multiply_o5_o6__multiply_s1_o4__multiply_s2_o3__add_s3_o2__multiply_s4_o1__tanh_s5__add_s6_o0__multiply_o7_o8__multiply_s7_s8__multiply_s0_s9,98304,1536,13,606269360,0,0,1,0,1,1,33351,16.229,1.995,1.924,1.683,7.623
379,3271,omega_reduce_r3_o2_n2_multiply_add_zero,12288,192,4,622372256,0,0,1,0,1,1,35726,16.229,1.995,1.924,1.683,7.623
380,3281,omega_reduce_r2_o1_n2_multiply_add_zero_epi5_fused_identity_o5__multiply_s0_o4__add_s1_o3__square_root_s2__reciprocal_s3__multiply_s4_o2__multiply_s5_o1__add_s6_o0,256,1,9,593401224,32,0,1,0,1,1,6982,16.229,1.995,1.924,1.683,7.623
381,3297,omega_reduce_r3_o2_n2_multiply_add_zero_epi5_fused_identity_o5__identity_o0__multiply_s0_s0__multiply_s0_s2__multiply_s3_o3__add_s0_s4__multiply_s5_o2__tanh_s6__add_s7_o1__multiply_s0_o4__multiply_s8_s9__multiply_s1_s10,2048,32,9,591493808,0,0,1,0,1,1,6298,16.229,1.995,1.924,1.683,7.623
382,3300,omega_reduce_r3_o2_n2_multiply_add_zero,12288,192,4,590312576,0,0,1,0,1,1,5089,16.229,1.995,1.924,1.683,7.623
383,3312,omega_reduce_r2_o1_n2_multiply_add_zero_epi6_fused_identity_o6__multiply_s0_o4__add_s1_o3__square_root_s2__reciprocal_s3__multiply_s4_o2__multiply_s5_o1__add_s6_o0__multiply_s7_o5,256,1,10,1181675048,32,0,1,0,1,1,6506,16.229,1.995,1.924,1.683,7.623
384,3327,omega_reduce_r2_o1_n2_multiply_add_zero_epi4_fused_identity_o4__multiply_s0_o3__add_s1_o2__square_root_s2__reciprocal_s3__multiply_s4_o1__multiply_s5_o0,256,1,8,592049544,32,0,1,0,1,1,5893,16.229,1.995,1.924,1.683,7.623
385,3329,omega_reduce_r4_o3_n2_multiply_add_zero,32768,512,4,586542464,0,0,1,0,1,1,18143,16.229,1.995,1.924,1.683,7.623
386,3337,omega_reduce_r3_o2_n2_multiply_add_zero_epi4_fused_identity_o4__multiply_s0_o3__add_s1_o2__square_root_s2__reciprocal_s3__multiply_s4_o1__multiply_s5_o0,1024,8,8,585116040,16,0,1,0,1,1,5625,16.229,1.995,1.924,1.683,7.623
387,3340,omega_elementwise_twin_r3_n4_fused_multiply_o0_o1__multiply_o2_o3__subtract_s0_s1_fused_multiply_o0_o3__multiply_o2_o1__add_s0_s1,2048,2,7,4118784,0,0,1,0,1,1,4768,16.229,1.995,1.924,1.683,7.623
388,3376,omega_cached_attention_q1_h1_g8_d512_s3f800000_ln9223372036854775808_up0_x4_e1_k1_ds,32768,256,11,7409412,8224,0,1,0,1,1,40423,16.229,1.995,1.924,1.683,7.623
389,3376,omega_cached_attention_q1_h1_g8_d512_s3f800000_ln9223372036854775808_up0_x4_e1_k1_ds_merge,8192,8,3,1582592,0,0,1,0,1,1,7750,16.229,1.995,1.924,1.683,7.623
390,3378,omega_reduce_r5_o2_n2_multiply_add_zero,12288,192,4,590081408,0,0,1,0,1,1,15125,16.229,1.995,1.924,1.683,7.623
391,3387,omega_reduce_r2_o1_n2_multiply_add_zero_epi5_fused_identity_o5__multiply_s0_o4__add_s1_o3__square_root_s2__reciprocal_s3__multiply_s4_o2__multiply_s5_o1__add_s6_o0,256,1,9,553910120,32,0,1,0,1,1,6982,16.229,1.995,1.924,1.683,7.623
392,3395,omega_reduce_r2_o1_n2_multiply_add_zero_epi4_fused_identity_o4__multiply_s0_o3__add_s1_o2__square_root_s2__reciprocal_s3__multiply_s4_o1__multiply_s5_o0,256,1,8,563456136,32,0,1,0,1,1,5893,16.229,1.995,1.924,1.683,7.623
393,3400,omega_reduce_r3_o2_n2_multiply_add_zero,98304,1536,4,572256896,0,0,1,0,1,1,31673,16.229,1.995,1.924,1.683,7.623
394,3415,omega_reduce_r3_o2_n2_multiply_add_zero_epi9_fused_identity_o9__multiply_o5_o6__multiply_s1_o4__multiply_s2_o3__add_s3_o2__multiply_s4_o1__tanh_s5__add_s6_o0__multiply_o7_o8__multiply_s7_s8__multiply_s0_s9,98304,1536,13,566865808,0,0,1,0,1,1,33351,16.229,1.995,1.924,1.683,7.623
395,3417,omega_reduce_r3_o2_n2_multiply_add_zero,12288,192,4,582968704,0,0,1,0,1,1,35726,16.229,1.995,1.924,1.683,7.623
396,3427,omega_reduce_r2_o1_n2_multiply_add_zero_epi5_fused_identity_o5__multiply_s0_o4__add_s1_o3__square_root_s2__reciprocal_s3__multiply_s4_o2__multiply_s5_o1__add_s6_o0,256,1,9,553997672,32,0,1,0,1,1,6982,16.229,1.995,1.924,1.683,7.623
397,3443,omega_reduce_r3_o2_n2_multiply_add_zero_epi5_fused_identity_o5__identity_o0__multiply_s0_s0__multiply_s0_s2__multiply_s3_o3__add_s0_s4__multiply_s5_o2__tanh_s6__add_s7_o1__multiply_s0_o4__multiply_s8_s9__multiply_s1_s10,2048,32,9,552090256,0,0,1,0,1,1,6274,16.229,1.995,1.924,1.683,7.623
398,3446,omega_reduce_r3_o2_n2_multiply_add_zero,12288,192,4,550909024,0,0,1,0,1,1,5089,16.229,1.995,1.924,1.683,7.623
399,3458,omega_reduce_r2_o1_n2_multiply_add_zero_epi6_fused_identity_o6__multiply_s0_o4__add_s1_o3__square_root_s2__reciprocal_s3__multiply_s4_o2__multiply_s5_o1__add_s6_o0__multiply_s7_o5,256,1,10,1102901224,32,0,1,0,1,1,6506,16.229,1.995,1.924,1.683,7.623
400,3473,omega_reduce_r2_o1_n2_multiply_add_zero_epi4_fused_identity_o4__multiply_s0_o3__add_s1_o2__square_root_s2__reciprocal_s3__multiply_s4_o1__multiply_s5_o0,256,1,8,552754024,32,0,1,0,1,1,5893,16.229,1.995,1.924,1.683,7.623
401,3475,omega_reduce_r4_o3_n2_multiply_add_zero,16384,256,4,548916576,0,0,1,0,1,1,10667,16.229,1.995,1.924,1.683,7.623
402,3483,omega_reduce_r3_o2_n2_multiply_add_zero_epi4_fused_identity_o4__multiply_s0_o3__add_s1_o2__square_root_s2__reciprocal_s3__multiply_s4_o1__multiply_s5_o0,512,8,8,549259624,16,0,1,0,1,1,5411,16.229,1.995,1.924,1.683,7.623
403,3486,omega_elementwise_twin_r3_n4_fused_multiply_o0_o1__multiply_o2_o3__subtract_s0_s1_fused_multiply_o0_o3__multiply_o2_o1__add_s0_s1,1024,1,7,4158208,0,0,1,0,1,1,4125,16.229,1.995,1.924,1.683,7.623
404,3522,omega_cached_attention_q1_h1_g8_d256_s3f800000_ln511_up0_x4_e1_k1_ds,17408,136,11,3763460,4128,0,1,0,1,1,21536,16.229,1.995,1.924,1.683,7.623
405,3522,omega_cached_attention_q1_h1_g8_d256_s3f800000_ln511_up0_x4_e1_k1_ds_merge,8192,8,3,1320448,0,0,1,0,1,1,5393,16.229,1.995,1.924,1.683,7.623
406,3524,omega_reduce_r5_o2_n2_multiply_add_zero,12288,192,4,550686048,0,0,1,0,1,1,9560,16.229,1.995,1.924,1.683,7.623
407,3533,omega_reduce_r2_o1_n2_multiply_add_zero_epi5_fused_identity_o5__multiply_s0_o4__add_s1_o3__square_root_s2__reciprocal_s3__multiply_s4_o2__multiply_s5_o1__add_s6_o0,256,1,9,518104392,32,0,1,0,1,1,6982,16.229,1.995,1.924,1.683,7.623
408,3541,omega_reduce_r2_o1_n2_multiply_add_zero_epi4_fused_identity_o4__multiply_s0_o3__add_s1_o2__square_root_s2__reciprocal_s3__multiply_s4_o1__multiply_s5_o0,256,1,8,527592552,32,0,1,0,1,1,5893,16.229,1.995,1.924,1.683,7.623
409,3546,omega_reduce_r3_o2_n2_multiply_add_zero,98304,1536,4,536393312,0,0,1,0,1,1,31673,16.229,1.995,1.924,1.683,7.623
410,3561,omega_reduce_r3_o2_n2_multiply_add_zero_epi9_fused_identity_o9__multiply_o5_o6__multiply_s1_o4__multiply_s2_o3__add_s3_o2__multiply_s4_o1__tanh_s5__add_s6_o0__multiply_o7_o8__multiply_s7_s8__multiply_s0_s9,98304,1536,13,531002224,0,0,1,0,1,1,33351,16.229,1.995,1.924,1.683,7.623
411,3563,omega_reduce_r3_o2_n2_multiply_add_zero,12288,192,4,547105120,0,0,1,0,1,1,35726,16.229,1.995,1.924,1.683,7.623
412,3573,omega_reduce_r2_o1_n2_multiply_add_zero_epi5_fused_identity_o5__multiply_s0_o4__add_s1_o3__square_root_s2__reciprocal_s3__multiply_s4_o2__multiply_s5_o1__add_s6_o0,256,1,9,518134088,32,0,1,0,1,1,6982,16.229,1.995,1.924,1.683,7.623
413,3589,omega_reduce_r3_o2_n2_multiply_add_zero_epi5_fused_identity_o5__identity_o0__multiply_s0_s0__multiply_s0_s2__multiply_s3_o3__add_s0_s4__multiply_s5_o2__tanh_s6__add_s7_o1__multiply_s0_o4__multiply_s8_s9__multiply_s1_s10,2048,32,9,516226672,0,0,1,0,1,1,6304,16.229,1.995,1.924,1.683,7.623
414,3592,omega_reduce_r3_o2_n2_multiply_add_zero,12288,192,4,515045440,0,0,1,0,1,1,5089,16.229,1.995,1.924,1.683,7.623
415,3604,omega_reduce_r2_o1_n2_multiply_add_zero_epi6_fused_identity_o6__multiply_s0_o4__add_s1_o3__square_root_s2__reciprocal_s3__multiply_s4_o2__multiply_s5_o1__add_s6_o0__multiply_s7_o5,256,1,10,1031174056,32,0,1,0,1,1,6506,16.229,1.995,1.924,1.683,7.623
416,3619,omega_reduce_r2_o1_n2_multiply_add_zero_epi4_fused_identity_o4__multiply_s0_o3__add_s1_o2__square_root_s2__reciprocal_s3__multiply_s4_o1__multiply_s5_o0,256,1,8,516890440,32,0,1,0,1,1,5893,16.229,1.995,1.924,1.683,7.623
417,3621,omega_reduce_r4_o3_n2_multiply_add_zero,16384,256,4,513052992,0,0,1,0,1,1,10667,16.229,1.995,1.924,1.683,7.623
418,3629,omega_reduce_r3_o2_n2_multiply_add_zero_epi4_fused_identity_o4__multiply_s0_o3__add_s1_o2__square_root_s2__reciprocal_s3__multiply_s4_o1__multiply_s5_o0,512,8,8,513396040,16,0,1,0,1,1,5411,16.229,1.995,1.924,1.683,7.623
419,3632,omega_elementwise_twin_r3_n4_fused_multiply_o0_o1__multiply_o2_o3__subtract_s0_s1_fused_multiply_o0_o3__multiply_o2_o1__add_s0_s1,1024,1,7,4158208,0,0,1,0,1,1,4125,16.229,1.995,1.924,1.683,7.623
420,3668,omega_cached_attention_q1_h1_g8_d256_s3f800000_ln511_up0_x4_e1_k1_ds,17408,136,11,3763460,4128,0,1,0,1,1,21536,16.229,1.995,1.924,1.683,7.623
421,3668,omega_cached_attention_q1_h1_g8_d256_s3f800000_ln511_up0_x4_e1_k1_ds_merge,8192,8,3,1320448,0,0,1,0,1,1,5393,16.229,1.995,1.924,1.683,7.623
422,3670,omega_reduce_r5_o2_n2_multiply_add_zero,12288,192,4,514822464,0,0,1,0,1,1,9560,16.229,1.995,1.924,1.683,7.623
423,3679,omega_reduce_r2_o1_n2_multiply_add_zero_epi5_fused_identity_o5__multiply_s0_o4__add_s1_o3__square_root_s2__reciprocal_s3__multiply_s4_o2__multiply_s5_o1__add_s6_o0,256,1,9,482240808,32,0,1,0,1,1,6982,16.229,1.995,1.924,1.683,7.623
424,3687,omega_reduce_r2_o1_n2_multiply_add_zero_epi4_fused_identity_o4__multiply_s0_o3__add_s1_o2__square_root_s2__reciprocal_s3__multiply_s4_o1__multiply_s5_o0,256,1,8,491728968,32,0,1,0,1,1,5893,16.229,1.995,1.924,1.683,7.623
425,3692,omega_reduce_r3_o2_n2_multiply_add_zero,98304,1536,4,500529728,0,0,1,0,1,1,31673,16.229,1.995,1.924,1.683,7.623
426,3707,omega_reduce_r3_o2_n2_multiply_add_zero_epi9_fused_identity_o9__multiply_o5_o6__multiply_s1_o4__multiply_s2_o3__add_s3_o2__multiply_s4_o1__tanh_s5__add_s6_o0__multiply_o7_o8__multiply_s7_s8__multiply_s0_s9,98304,1536,13,495138640,0,0,1,0,1,1,33351,16.229,1.995,1.924,1.683,7.623
427,3709,omega_reduce_r3_o2_n2_multiply_add_zero,12288,192,4,511241536,0,0,1,0,1,1,35726,16.229,1.995,1.924,1.683,7.623
428,3719,omega_reduce_r2_o1_n2_multiply_add_zero_epi5_fused_identity_o5__multiply_s0_o4__add_s1_o3__square_root_s2__reciprocal_s3__multiply_s4_o2__multiply_s5_o1__add_s6_o0,256,1,9,482270504,32,0,1,0,1,1,6982,16.229,1.995,1.924,1.683,7.623
429,3735,omega_reduce_r3_o2_n2_multiply_add_zero_epi5_fused_identity_o5__identity_o0__multiply_s0_s0__multiply_s0_s2__multiply_s3_o3__add_s0_s4__multiply_s5_o2__tanh_s6__add_s7_o1__multiply_s0_o4__multiply_s8_s9__multiply_s1_s10,2048,32,9,480363088,0,0,1,0,1,1,6292,16.229,1.995,1.924,1.683,7.623
430,3738,omega_reduce_r3_o2_n2_multiply_add_zero,12288,192,4,479181856,0,0,1,0,1,1,5089,16.229,1.995,1.924,1.683,7.623
431,3750,omega_reduce_r2_o1_n2_multiply_add_zero_epi6_fused_identity_o6__multiply_s0_o4__add_s1_o3__square_root_s2__reciprocal_s3__multiply_s4_o2__multiply_s5_o1__add_s6_o0__multiply_s7_o5,256,1,10,959446888,32,0,1,0,1,1,6506,16.229,1.995,1.924,1.683,7.623
432,3765,omega_reduce_r2_o1_n2_multiply_add_zero_epi4_fused_identity_o4__multiply_s0_o3__add_s1_o2__square_root_s2__reciprocal_s3__multiply_s4_o1__multiply_s5_o0,256,1,8,481026856,32,0,1,0,1,1,5893,16.229,1.995,1.924,1.683,7.623
433,3767,omega_reduce_r4_o3_n2_multiply_add_zero,16384,256,4,477189408,0,0,1,0,1,1,10667,16.229,1.995,1.924,1.683,7.623
434,3775,omega_reduce_r3_o2_n2_multiply_add_zero_epi4_fused_identity_o4__multiply_s0_o3__add_s1_o2__square_root_s2__reciprocal_s3__multiply_s4_o1__multiply_s5_o0,512,8,8,477532456,16,0,1,0,1,1,5411,16.229,1.995,1.924,1.683,7.623
435,3778,omega_elementwise_twin_r3_n4_fused_multiply_o0_o1__multiply_o2_o3__subtract_s0_s1_fused_multiply_o0_o3__multiply_o2_o1__add_s0_s1,1024,1,7,4158208,0,0,1,0,1,1,4125,16.229,1.995,1.924,1.683,7.623
436,3814,omega_cached_attention_q1_h1_g8_d256_s3f800000_ln511_up0_x4_e1_k1_ds,17408,136,11,3763460,4128,0,1,0,1,1,21536,16.229,1.995,1.924,1.683,7.623
437,3814,omega_cached_attention_q1_h1_g8_d256_s3f800000_ln511_up0_x4_e1_k1_ds_merge,8192,8,3,1320448,0,0,1,0,1,1,5393,16.229,1.995,1.924,1.683,7.623
438,3816,omega_reduce_r5_o2_n2_multiply_add_zero,12288,192,4,478958880,0,0,1,0,1,1,9560,16.229,1.995,1.924,1.683,7.623
439,3825,omega_reduce_r2_o1_n2_multiply_add_zero_epi5_fused_identity_o5__multiply_s0_o4__add_s1_o3__square_root_s2__reciprocal_s3__multiply_s4_o2__multiply_s5_o1__add_s6_o0,256,1,9,446377224,32,0,1,0,1,1,6982,16.229,1.995,1.924,1.683,7.623
440,3833,omega_reduce_r2_o1_n2_multiply_add_zero_epi4_fused_identity_o4__multiply_s0_o3__add_s1_o2__square_root_s2__reciprocal_s3__multiply_s4_o1__multiply_s5_o0,256,1,8,455865384,32,0,1,0,1,1,5893,16.229,1.995,1.924,1.683,7.623
441,3838,omega_reduce_r3_o2_n2_multiply_add_zero,98304,1536,4,464666144,0,0,1,0,1,1,31673,16.229,1.995,1.924,1.683,7.623
442,3853,omega_reduce_r3_o2_n2_multiply_add_zero_epi9_fused_identity_o9__multiply_o5_o6__multiply_s1_o4__multiply_s2_o3__add_s3_o2__multiply_s4_o1__tanh_s5__add_s6_o0__multiply_o7_o8__multiply_s7_s8__multiply_s0_s9,98304,1536,13,459275056,0,0,1,0,1,1,33351,16.229,1.995,1.924,1.683,7.623
443,3855,omega_reduce_r3_o2_n2_multiply_add_zero,12288,192,4,475377952,0,0,1,0,1,1,35726,16.229,1.995,1.924,1.683,7.623
444,3865,omega_reduce_r2_o1_n2_multiply_add_zero_epi5_fused_identity_o5__multiply_s0_o4__add_s1_o3__square_root_s2__reciprocal_s3__multiply_s4_o2__multiply_s5_o1__add_s6_o0,256,1,9,446406920,32,0,1,0,1,1,6982,16.229,1.995,1.924,1.683,7.623
445,3881,omega_reduce_r3_o2_n2_multiply_add_zero_epi5_fused_identity_o5__identity_o0__multiply_s0_s0__multiply_s0_s2__multiply_s3_o3__add_s0_s4__multiply_s5_o2__tanh_s6__add_s7_o1__multiply_s0_o4__multiply_s8_s9__multiply_s1_s10,2048,32,9,444499504,0,0,1,0,1,1,6357,16.229,1.995,1.924,1.683,7.623
446,3884,omega_reduce_r3_o2_n2_multiply_add_zero,12288,192,4,443318272,0,0,1,0,1,1,5089,16.229,1.995,1.924,1.683,7.623
447,3896,omega_reduce_r2_o1_n2_multiply_add_zero_epi6_fused_identity_o6__multiply_s0_o4__add_s1_o3__square_root_s2__reciprocal_s3__multiply_s4_o2__multiply_s5_o1__add_s6_o0__multiply_s7_o5,256,1,10,887719720,32,0,1,0,1,1,6506,16.229,1.995,1.924,1.683,7.623
448,3911,omega_reduce_r2_o1_n2_multiply_add_zero_epi4_fused_identity_o4__multiply_s0_o3__add_s1_o2__square_root_s2__reciprocal_s3__multiply_s4_o1__multiply_s5_o0,256,1,8,445163272,32,0,1,0,1,1,5893,16.229,1.995,1.924,1.683,7.623
449,3913,omega_reduce_r4_o3_n2_multiply_add_zero,16384,256,4,441325824,0,0,1,0,1,1,10667,16.229,1.995,1.924,1.683,7.623
450,3921,omega_reduce_r3_o2_n2_multiply_add_zero_epi4_fused_identity_o4__multiply_s0_o3__add_s1_o2__square_root_s2__reciprocal_s3__multiply_s4_o1__multiply_s5_o0,512,8,8,441668872,16,0,1,0,1,1,5411,16.229,1.995,1.924,1.683,7.623
451,3924,omega_elementwise_twin_r3_n4_fused_multiply_o0_o1__multiply_o2_o3__subtract_s0_s1_fused_multiply_o0_o3__multiply_o2_o1__add_s0_s1,1024,1,7,4158208,0,0,1,0,1,1,4125,16.229,1.995,1.924,1.683,7.623
452,3960,omega_cached_attention_q1_h1_g8_d256_s3f800000_ln511_up0_x4_e1_k1_ds,17408,136,11,3763460,4128,0,1,0,1,1,21536,16.229,1.995,1.924,1.683,7.623
453,3960,omega_cached_attention_q1_h1_g8_d256_s3f800000_ln511_up0_x4_e1_k1_ds_merge,8192,8,3,1320448,0,0,1,0,1,1,5393,16.229,1.995,1.924,1.683,7.623
454,3962,omega_reduce_r5_o2_n2_multiply_add_zero,12288,192,4,443095296,0,0,1,0,1,1,9560,16.229,1.995,1.924,1.683,7.623
455,3971,omega_reduce_r2_o1_n2_multiply_add_zero_epi5_fused_identity_o5__multiply_s0_o4__add_s1_o3__square_root_s2__reciprocal_s3__multiply_s4_o2__multiply_s5_o1__add_s6_o0,256,1,9,410513640,32,0,1,0,1,1,6982,16.229,1.995,1.924,1.683,7.623
456,3979,omega_reduce_r2_o1_n2_multiply_add_zero_epi4_fused_identity_o4__multiply_s0_o3__add_s1_o2__square_root_s2__reciprocal_s3__multiply_s4_o1__multiply_s5_o0,256,1,8,420001800,32,0,1,0,1,1,5893,16.229,1.995,1.924,1.683,7.623
457,3984,omega_reduce_r3_o2_n2_multiply_add_zero,98304,1536,4,428802560,0,0,1,0,1,1,31673,16.229,1.995,1.924,1.683,7.623
458,3999,omega_reduce_r3_o2_n2_multiply_add_zero_epi9_fused_identity_o9__multiply_o5_o6__multiply_s1_o4__multiply_s2_o3__add_s3_o2__multiply_s4_o1__tanh_s5__add_s6_o0__multiply_o7_o8__multiply_s7_s8__multiply_s0_s9,98304,1536,13,423411472,0,0,1,0,1,1,33351,16.229,1.995,1.924,1.683,7.623
459,4001,omega_reduce_r3_o2_n2_multiply_add_zero,12288,192,4,439514368,0,0,1,0,1,1,35726,16.229,1.995,1.924,1.683,7.623
460,4011,omega_reduce_r2_o1_n2_multiply_add_zero_epi5_fused_identity_o5__multiply_s0_o4__add_s1_o3__square_root_s2__reciprocal_s3__multiply_s4_o2__multiply_s5_o1__add_s6_o0,256,1,9,410543336,32,0,1,0,1,1,6982,16.229,1.995,1.924,1.683,7.623
461,4027,omega_reduce_r3_o2_n2_multiply_add_zero_epi5_fused_identity_o5__identity_o0__multiply_s0_s0__multiply_s0_s2__multiply_s3_o3__add_s0_s4__multiply_s5_o2__tanh_s6__add_s7_o1__multiply_s0_o4__multiply_s8_s9__multiply_s1_s10,2048,32,9,408635920,0,0,1,0,1,1,6280,16.229,1.995,1.924,1.683,7.623
462,4030,omega_reduce_r3_o2_n2_multiply_add_zero,12288,192,4,407454688,0,0,1,0,1,1,5089,16.229,1.995,1.924,1.683,7.623
463,4042,omega_reduce_r2_o1_n2_multiply_add_zero_epi6_fused_identity_o6__multiply_s0_o4__add_s1_o3__square_root_s2__reciprocal_s3__multiply_s4_o2__multiply_s5_o1__add_s6_o0__multiply_s7_o5,256,1,10,815959272,32,0,1,0,1,1,6506,16.229,1.995,1.924,1.683,7.623
464,4057,omega_reduce_r2_o1_n2_multiply_add_zero_epi4_fused_identity_o4__multiply_s0_o3__add_s1_o2__square_root_s2__reciprocal_s3__multiply_s4_o1__multiply_s5_o0,256,1,8,409191656,32,0,1,0,1,1,5893,16.229,1.995,1.924,1.683,7.623
465,4059,omega_reduce_r4_o3_n2_multiply_add_zero,32768,512,4,403684576,0,0,1,0,1,1,18143,16.229,1.995,1.924,1.683,7.623
466,4067,omega_reduce_r3_o2_n2_multiply_add_zero_epi4_fused_identity_o4__multiply_s0_o3__add_s1_o2__square_root_s2__reciprocal_s3__multiply_s4_o1__multiply_s5_o0,1024,8,8,402258152,16,0,1,0,1,1,5625,16.229,1.995,1.924,1.683,7.623
467,4070,omega_elementwise_twin_r3_n4_fused_multiply_o0_o1__multiply_o2_o3__subtract_s0_s1_fused_multiply_o0_o3__multiply_o2_o1__add_s0_s1,2048,2,7,4118784,0,0,1,0,1,1,4768,16.229,1.995,1.924,1.683,7.623
468,4106,omega_cached_attention_q1_h1_g8_d512_s3f800000_ln9223372036854775808_up0_x4_e1_k1_ds,32768,256,11,7409412,8224,0,1,0,1,1,40423,16.229,1.995,1.924,1.683,7.623
469,4106,omega_cached_attention_q1_h1_g8_d512_s3f800000_ln9223372036854775808_up0_x4_e1_k1_ds_merge,8192,8,3,1582592,0,0,1,0,1,1,7750,16.229,1.995,1.924,1.683,7.623
470,4108,omega_reduce_r5_o2_n2_multiply_add_zero,12288,192,4,407223520,0,0,1,0,1,1,15125,16.229,1.995,1.924,1.683,7.623
471,4117,omega_reduce_r2_o1_n2_multiply_add_zero_epi5_fused_identity_o5__multiply_s0_o4__add_s1_o3__square_root_s2__reciprocal_s3__multiply_s4_o2__multiply_s5_o1__add_s6_o0,256,1,9,371052232,32,0,1,0,1,1,6982,16.229,1.995,1.924,1.683,7.623
472,4125,omega_reduce_r2_o1_n2_multiply_add_zero_epi4_fused_identity_o4__multiply_s0_o3__add_s1_o2__square_root_s2__reciprocal_s3__multiply_s4_o1__multiply_s5_o0,256,1,8,380598248,32,0,1,0,1,1,5893,16.229,1.995,1.924,1.683,7.623
473,4130,omega_reduce_r3_o2_n2_multiply_add_zero,98304,1536,4,389399008,0,0,1,0,1,1,31673,16.229,1.995,1.924,1.683,7.623
474,4145,omega_reduce_r3_o2_n2_multiply_add_zero_epi9_fused_identity_o9__multiply_o5_o6__multiply_s1_o4__multiply_s2_o3__add_s3_o2__multiply_s4_o1__tanh_s5__add_s6_o0__multiply_o7_o8__multiply_s7_s8__multiply_s0_s9,98304,1536,13,384007920,0,0,1,0,1,1,33351,16.229,1.995,1.924,1.683,7.623
475,4147,omega_reduce_r3_o2_n2_multiply_add_zero,12288,192,4,400110816,0,0,1,0,1,1,35726,16.229,1.995,1.924,1.683,7.623
476,4157,omega_reduce_r2_o1_n2_multiply_add_zero_epi5_fused_identity_o5__multiply_s0_o4__add_s1_o3__square_root_s2__reciprocal_s3__multiply_s4_o2__multiply_s5_o1__add_s6_o0,256,1,9,371139784,32,0,1,0,1,1,6982,16.229,1.995,1.924,1.683,7.623
477,4173,omega_reduce_r3_o2_n2_multiply_add_zero_epi5_fused_identity_o5__identity_o0__multiply_s0_s0__multiply_s0_s2__multiply_s3_o3__add_s0_s4__multiply_s5_o2__tanh_s6__add_s7_o1__multiply_s0_o4__multiply_s8_s9__multiply_s1_s10,2048,32,9,369232368,0,0,1,0,1,1,6381,16.229,1.995,1.924,1.683,7.623
478,4176,omega_reduce_r3_o2_n2_multiply_add_zero,12288,192,4,368051136,0,0,1,0,1,1,5089,16.229,1.995,1.924,1.683,7.623
479,4188,omega_reduce_r2_o1_n2_multiply_add_zero_epi6_fused_identity_o6__multiply_s0_o4__add_s1_o3__square_root_s2__reciprocal_s3__multiply_s4_o2__multiply_s5_o1__add_s6_o0__multiply_s7_o5,256,1,10,737185448,32,0,1,0,1,1,6506,16.229,1.995,1.924,1.683,7.623
480,4203,omega_reduce_r2_o1_n2_multiply_add_zero_epi4_fused_identity_o4__multiply_s0_o3__add_s1_o2__square_root_s2__reciprocal_s3__multiply_s4_o1__multiply_s5_o0,256,1,8,369896136,32,0,1,0,1,1,5893,16.229,1.995,1.924,1.683,7.623
481,4205,omega_reduce_r4_o3_n2_multiply_add_zero,16384,256,4,366058688,0,0,1,0,1,1,10667,16.229,1.995,1.924,1.683,7.623
482,4213,omega_reduce_r3_o2_n2_multiply_add_zero_epi4_fused_identity_o4__multiply_s0_o3__add_s1_o2__square_root_s2__reciprocal_s3__multiply_s4_o1__multiply_s5_o0,512,8,8,366401736,16,0,1,0,1,1,5411,16.229,1.995,1.924,1.683,7.623
483,4216,omega_elementwise_twin_r3_n4_fused_multiply_o0_o1__multiply_o2_o3__subtract_s0_s1_fused_multiply_o0_o3__multiply_o2_o1__add_s0_s1,1024,1,7,4158208,0,0,1,0,1,1,4125,16.229,1.995,1.924,1.683,7.623
484,4252,omega_cached_attention_q1_h1_g8_d256_s3f800000_ln511_up0_x4_e1_k1_ds,17408,136,11,3763460,4128,0,1,0,1,1,21536,16.229,1.995,1.924,1.683,7.623
485,4252,omega_cached_attention_q1_h1_g8_d256_s3f800000_ln511_up0_x4_e1_k1_ds_merge,8192,8,3,1320448,0,0,1,0,1,1,5393,16.229,1.995,1.924,1.683,7.623
486,4254,omega_reduce_r5_o2_n2_multiply_add_zero,12288,192,4,367828160,0,0,1,0,1,1,9560,16.229,1.995,1.924,1.683,7.623
487,4263,omega_reduce_r2_o1_n2_multiply_add_zero_epi5_fused_identity_o5__multiply_s0_o4__add_s1_o3__square_root_s2__reciprocal_s3__multiply_s4_o2__multiply_s5_o1__add_s6_o0,256,1,9,335246504,32,0,1,0,1,1,6982,16.229,1.995,1.924,1.683,7.623
488,4271,omega_reduce_r2_o1_n2_multiply_add_zero_epi4_fused_identity_o4__multiply_s0_o3__add_s1_o2__square_root_s2__reciprocal_s3__multiply_s4_o1__multiply_s5_o0,256,1,8,344734664,32,0,1,0,1,1,5893,16.229,1.995,1.924,1.683,7.623
489,4276,omega_reduce_r3_o2_n2_multiply_add_zero,98304,1536,4,353535424,0,0,1,0,1,1,31673,16.229,1.995,1.924,1.683,7.623
490,4291,omega_reduce_r3_o2_n2_multiply_add_zero_epi9_fused_identity_o9__multiply_o5_o6__multiply_s1_o4__multiply_s2_o3__add_s3_o2__multiply_s4_o1__tanh_s5__add_s6_o0__multiply_o7_o8__multiply_s7_s8__multiply_s0_s9,98304,1536,13,348144336,0,0,1,0,1,1,33351,16.229,1.995,1.924,1.683,7.623
491,4293,omega_reduce_r3_o2_n2_multiply_add_zero,12288,192,4,364247232,0,0,1,0,1,1,35726,16.229,1.995,1.924,1.683,7.623
492,4303,omega_reduce_r2_o1_n2_multiply_add_zero_epi5_fused_identity_o5__multiply_s0_o4__add_s1_o3__square_root_s2__reciprocal_s3__multiply_s4_o2__multiply_s5_o1__add_s6_o0,256,1,9,335276200,32,0,1,0,1,1,6982,16.229,1.995,1.924,1.683,7.623
493,4319,omega_reduce_r3_o2_n2_multiply_add_zero_epi5_fused_identity_o5__identity_o0__multiply_s0_s0__multiply_s0_s2__multiply_s3_o3__add_s0_s4__multiply_s5_o2__tanh_s6__add_s7_o1__multiply_s0_o4__multiply_s8_s9__multiply_s1_s10,2048,32,9,333368784,0,0,1,0,1,1,6375,16.229,1.995,1.924,1.683,7.623
494,4322,omega_reduce_r3_o2_n2_multiply_add_zero,12288,192,4,332187552,0,0,1,0,1,1,5089,16.229,1.995,1.924,1.683,7.623
495,4334,omega_reduce_r2_o1_n2_multiply_add_zero_epi6_fused_identity_o6__multiply_s0_o4__add_s1_o3__square_root_s2__reciprocal_s3__multiply_s4_o2__multiply_s5_o1__add_s6_o0__multiply_s7_o5,256,1,10,665458280,32,0,1,0,1,1,6506,16.229,1.995,1.924,1.683,7.623
496,4349,omega_reduce_r2_o1_n2_multiply_add_zero_epi4_fused_identity_o4__multiply_s0_o3__add_s1_o2__square_root_s2__reciprocal_s3__multiply_s4_o1__multiply_s5_o0,256,1,8,334032552,32,0,1,0,1,1,5893,16.229,1.995,1.924,1.683,7.623
497,4351,omega_reduce_r4_o3_n2_multiply_add_zero,16384,256,4,330195104,0,0,1,0,1,1,10667,16.229,1.995,1.924,1.683,7.623
498,4359,omega_reduce_r3_o2_n2_multiply_add_zero_epi4_fused_identity_o4__multiply_s0_o3__add_s1_o2__square_root_s2__reciprocal_s3__multiply_s4_o1__multiply_s5_o0,512,8,8,330538152,16,0,1,0,1,1,5411,16.229,1.995,1.924,1.683,7.623
499,4362,omega_elementwise_twin_r3_n4_fused_multiply_o0_o1__multiply_o2_o3__subtract_s0_s1_fused_multiply_o0_o3__multiply_o2_o1__add_s0_s1,1024,1,7,4158208,0,0,1,0,1,1,4125,16.229,1.995,1.924,1.683,7.623
500,4398,omega_cached_attention_q1_h1_g8_d256_s3f800000_ln511_up0_x4_e1_k1_ds,17408,136,11,3763460,4128,0,1,0,1,1,21536,16.229,1.995,1.924,1.683,7.623
501,4398,omega_cached_attention_q1_h1_g8_d256_s3f800000_ln511_up0_x4_e1_k1_ds_merge,8192,8,3,1320448,0,0,1,0,1,1,5393,16.229,1.995,1.924,1.683,7.623
502,4400,omega_reduce_r5_o2_n2_multiply_add_zero,12288,192,4,331964576,0,0,1,0,1,1,9560,16.229,1.995,1.924,1.683,7.623
503,4409,omega_reduce_r2_o1_n2_multiply_add_zero_epi5_fused_identity_o5__multiply_s0_o4__add_s1_o3__square_root_s2__reciprocal_s3__multiply_s4_o2__multiply_s5_o1__add_s6_o0,256,1,9,299382920,32,0,1,0,1,1,6982,16.229,1.995,1.924,1.683,7.623
504,4417,omega_reduce_r2_o1_n2_multiply_add_zero_epi4_fused_identity_o4__multiply_s0_o3__add_s1_o2__square_root_s2__reciprocal_s3__multiply_s4_o1__multiply_s5_o0,256,1,8,308871080,32,0,1,0,1,1,5893,16.229,1.995,1.924,1.683,7.623
505,4422,omega_reduce_r3_o2_n2_multiply_add_zero,98304,1536,4,317671840,0,0,1,0,1,1,31673,16.229,1.995,1.924,1.683,7.623
506,4437,omega_reduce_r3_o2_n2_multiply_add_zero_epi9_fused_identity_o9__multiply_o5_o6__multiply_s1_o4__multiply_s2_o3__add_s3_o2__multiply_s4_o1__tanh_s5__add_s6_o0__multiply_o7_o8__multiply_s7_s8__multiply_s0_s9,98304,1536,13,312280752,0,0,1,0,1,1,33351,16.229,1.995,1.924,1.683,7.623
507,4439,omega_reduce_r3_o2_n2_multiply_add_zero,12288,192,4,328383648,0,0,1,0,1,1,35726,16.229,1.995,1.924,1.683,7.623
508,4449,omega_reduce_r2_o1_n2_multiply_add_zero_epi5_fused_identity_o5__multiply_s0_o4__add_s1_o3__square_root_s2__reciprocal_s3__multiply_s4_o2__multiply_s5_o1__add_s6_o0,256,1,9,299412616,32,0,1,0,1,1,6982,16.229,1.995,1.924,1.683,7.623
509,4465,omega_reduce_r3_o2_n2_multiply_add_zero_epi5_fused_identity_o5__identity_o0__multiply_s0_s0__multiply_s0_s2__multiply_s3_o3__add_s0_s4__multiply_s5_o2__tanh_s6__add_s7_o1__multiply_s0_o4__multiply_s8_s9__multiply_s1_s10,2048,32,9,297505200,0,0,1,0,1,1,6286,16.229,1.995,1.924,1.683,7.623
510,4468,omega_reduce_r3_o2_n2_multiply_add_zero,12288,192,4,296323968,0,0,1,0,1,1,5089,16.229,1.995,1.924,1.683,7.623
511,4480,omega_reduce_r2_o1_n2_multiply_add_zero_epi6_fused_identity_o6__multiply_s0_o4__add_s1_o3__square_root_s2__reciprocal_s3__multiply_s4_o2__multiply_s5_o1__add_s6_o0__multiply_s7_o5,256,1,10,593731112,32,0,1,0,1,1,6506,16.229,1.995,1.924,1.683,7.623
512,4495,omega_reduce_r2_o1_n2_multiply_add_zero_epi4_fused_identity_o4__multiply_s0_o3__add_s1_o2__square_root_s2__reciprocal_s3__multiply_s4_o1__multiply_s5_o0,256,1,8,298168968,32,0,1,0,1,1,5893,16.229,1.995,1.924,1.683,7.623
513,4497,omega_reduce_r4_o3_n2_multiply_add_zero,16384,256,4,294331520,0,0,1,0,1,1,10667,16.229,1.995,1.924,1.683,7.623
514,4505,omega_reduce_r3_o2_n2_multiply_add_zero_epi4_fused_identity_o4__multiply_s0_o3__add_s1_o2__square_root_s2__reciprocal_s3__multiply_s4_o1__multiply_s5_o0,512,8,8,294674568,16,0,1,0,1,1,5411,16.229,1.995,1.924,1.683,7.623
515,4508,omega_elementwise_twin_r3_n4_fused_multiply_o0_o1__multiply_o2_o3__subtract_s0_s1_fused_multiply_o0_o3__multiply_o2_o1__add_s0_s1,1024,1,7,4158208,0,0,1,0,1,1,4125,16.229,1.995,1.924,1.683,7.623
516,4544,omega_cached_attention_q1_h1_g8_d256_s3f800000_ln511_up0_x4_e1_k1_ds,17408,136,11,3763460,4128,0,1,0,1,1,21536,16.229,1.995,1.924,1.683,7.623
517,4544,omega_cached_attention_q1_h1_g8_d256_s3f800000_ln511_up0_x4_e1_k1_ds_merge,8192,8,3,1320448,0,0,1,0,1,1,5393,16.229,1.995,1.924,1.683,7.623
518,4546,omega_reduce_r5_o2_n2_multiply_add_zero,12288,192,4,296100992,0,0,1,0,1,1,9560,16.229,1.995,1.924,1.683,7.623
519,4555,omega_reduce_r2_o1_n2_multiply_add_zero_epi5_fused_identity_o5__multiply_s0_o4__add_s1_o3__square_root_s2__reciprocal_s3__multiply_s4_o2__multiply_s5_o1__add_s6_o0,256,1,9,263519336,32,0,1,0,1,1,6982,16.229,1.995,1.924,1.683,7.623
520,4563,omega_reduce_r2_o1_n2_multiply_add_zero_epi4_fused_identity_o4__multiply_s0_o3__add_s1_o2__square_root_s2__reciprocal_s3__multiply_s4_o1__multiply_s5_o0,256,1,8,273007496,32,0,1,0,1,1,5893,16.229,1.995,1.924,1.683,7.623
521,4568,omega_reduce_r3_o2_n2_multiply_add_zero,98304,1536,4,281808256,0,0,1,0,1,1,31673,16.229,1.995,1.924,1.683,7.623
522,4583,omega_reduce_r3_o2_n2_multiply_add_zero_epi9_fused_identity_o9__multiply_o5_o6__multiply_s1_o4__multiply_s2_o3__add_s3_o2__multiply_s4_o1__tanh_s5__add_s6_o0__multiply_o7_o8__multiply_s7_s8__multiply_s0_s9,98304,1536,13,276417168,0,0,1,0,1,1,33351,16.229,1.995,1.924,1.683,7.623
523,4585,omega_reduce_r3_o2_n2_multiply_add_zero,12288,192,4,292520064,0,0,1,0,1,1,35726,16.229,1.995,1.924,1.683,7.623
524,4595,omega_reduce_r2_o1_n2_multiply_add_zero_epi5_fused_identity_o5__multiply_s0_o4__add_s1_o3__square_root_s2__reciprocal_s3__multiply_s4_o2__multiply_s5_o1__add_s6_o0,256,1,9,263549032,32,0,1,0,1,1,6982,16.229,1.995,1.924,1.683,7.623
525,4611,omega_reduce_r3_o2_n2_multiply_add_zero_epi5_fused_identity_o5__identity_o0__multiply_s0_s0__multiply_s0_s2__multiply_s3_o3__add_s0_s4__multiply_s5_o2__tanh_s6__add_s7_o1__multiply_s0_o4__multiply_s8_s9__multiply_s1_s10,2048,32,9,261641616,0,0,1,0,1,1,6321,16.229,1.995,1.924,1.683,7.623
526,4614,omega_reduce_r3_o2_n2_multiply_add_zero,12288,192,4,260460384,0,0,1,0,1,1,5089,16.229,1.995,1.924,1.683,7.623
527,4626,omega_reduce_r2_o1_n2_multiply_add_zero_epi6_fused_identity_o6__multiply_s0_o4__add_s1_o3__square_root_s2__reciprocal_s3__multiply_s4_o2__multiply_s5_o1__add_s6_o0__multiply_s7_o5,256,1,10,522003944,32,0,1,0,1,1,6506,16.229,1.995,1.924,1.683,7.623
528,4641,omega_reduce_r2_o1_n2_multiply_add_zero_epi4_fused_identity_o4__multiply_s0_o3__add_s1_o2__square_root_s2__reciprocal_s3__multiply_s4_o1__multiply_s5_o0,256,1,8,262305384,32,0,1,0,1,1,5893,16.229,1.995,1.924,1.683,7.623
529,4643,omega_reduce_r4_o3_n2_multiply_add_zero,16384,256,4,258467936,0,0,1,0,1,1,10667,16.229,1.995,1.924,1.683,7.623
530,4651,omega_reduce_r3_o2_n2_multiply_add_zero_epi4_fused_identity_o4__multiply_s0_o3__add_s1_o2__square_root_s2__reciprocal_s3__multiply_s4_o1__multiply_s5_o0,512,8,8,258810984,16,0,1,0,1,1,5411,16.229,1.995,1.924,1.683,7.623
531,4654,omega_elementwise_twin_r3_n4_fused_multiply_o0_o1__multiply_o2_o3__subtract_s0_s1_fused_multiply_o0_o3__multiply_o2_o1__add_s0_s1,1024,1,7,4158208,0,0,1,0,1,1,4125,16.229,1.995,1.924,1.683,7.623
532,4690,omega_cached_attention_q1_h1_g8_d256_s3f800000_ln511_up0_x4_e1_k1_ds,17408,136,11,3763460,4128,0,1,0,1,1,21536,16.229,1.995,1.924,1.683,7.623
533,4690,omega_cached_attention_q1_h1_g8_d256_s3f800000_ln511_up0_x4_e1_k1_ds_merge,8192,8,3,1320448,0,0,1,0,1,1,5393,16.229,1.995,1.924,1.683,7.623
534,4692,omega_reduce_r5_o2_n2_multiply_add_zero,12288,192,4,260237408,0,0,1,0,1,1,9560,16.229,1.995,1.924,1.683,7.623
535,4701,omega_reduce_r2_o1_n2_multiply_add_zero_epi5_fused_identity_o5__multiply_s0_o4__add_s1_o3__square_root_s2__reciprocal_s3__multiply_s4_o2__multiply_s5_o1__add_s6_o0,256,1,9,227655752,32,0,1,0,1,1,6982,16.229,1.995,1.924,1.683,7.623
536,4709,omega_reduce_r2_o1_n2_multiply_add_zero_epi4_fused_identity_o4__multiply_s0_o3__add_s1_o2__square_root_s2__reciprocal_s3__multiply_s4_o1__multiply_s5_o0,256,1,8,237143912,32,0,1,0,1,1,5893,16.229,1.995,1.924,1.683,7.623
537,4714,omega_reduce_r3_o2_n2_multiply_add_zero,98304,1536,4,245944672,0,0,1,0,1,1,31673,16.229,1.995,1.924,1.683,7.623
538,4729,omega_reduce_r3_o2_n2_multiply_add_zero_epi9_fused_identity_o9__multiply_o5_o6__multiply_s1_o4__multiply_s2_o3__add_s3_o2__multiply_s4_o1__tanh_s5__add_s6_o0__multiply_o7_o8__multiply_s7_s8__multiply_s0_s9,98304,1536,13,240553584,0,0,1,0,1,1,33351,16.229,1.995,1.924,1.683,7.623
539,4731,omega_reduce_r3_o2_n2_multiply_add_zero,12288,192,4,256656480,0,0,1,0,1,1,35726,16.229,1.995,1.924,1.683,7.623
540,4741,omega_reduce_r2_o1_n2_multiply_add_zero_epi5_fused_identity_o5__multiply_s0_o4__add_s1_o3__square_root_s2__reciprocal_s3__multiply_s4_o2__multiply_s5_o1__add_s6_o0,256,1,9,227685448,32,0,1,0,1,1,6982,16.229,1.995,1.924,1.683,7.623
541,4757,omega_reduce_r3_o2_n2_multiply_add_zero_epi5_fused_identity_o5__identity_o0__multiply_s0_s0__multiply_s0_s2__multiply_s3_o3__add_s0_s4__multiply_s5_o2__tanh_s6__add_s7_o1__multiply_s0_o4__multiply_s8_s9__multiply_s1_s10,2048,32,9,225778032,0,0,1,0,1,1,6375,16.229,1.995,1.924,1.683,7.623
542,4760,omega_reduce_r3_o2_n2_multiply_add_zero,12288,192,4,224596800,0,0,1,0,1,1,5089,16.229,1.995,1.924,1.683,7.623
543,4772,omega_reduce_r2_o1_n2_multiply_add_zero_epi6_fused_identity_o6__multiply_s0_o4__add_s1_o3__square_root_s2__reciprocal_s3__multiply_s4_o2__multiply_s5_o1__add_s6_o0__multiply_s7_o5,256,1,10,450243496,32,0,1,0,1,1,6506,16.229,1.995,1.924,1.683,7.623
544,4787,omega_reduce_r2_o1_n2_multiply_add_zero_epi4_fused_identity_o4__multiply_s0_o3__add_s1_o2__square_root_s2__reciprocal_s3__multiply_s4_o1__multiply_s5_o0,256,1,8,226333768,32,0,1,0,1,1,5893,16.229,1.995,1.924,1.683,7.623
545,4789,omega_reduce_r4_o3_n2_multiply_add_zero,32768,512,4,220826688,0,0,1,0,1,1,18143,16.229,1.995,1.924,1.683,7.623
546,4797,omega_reduce_r3_o2_n2_multiply_add_zero_epi4_fused_identity_o4__multiply_s0_o3__add_s1_o2__square_root_s2__reciprocal_s3__multiply_s4_o1__multiply_s5_o0,1024,8,8,219400264,16,0,1,0,1,1,5625,16.229,1.995,1.924,1.683,7.623
547,4800,omega_elementwise_twin_r3_n4_fused_multiply_o0_o1__multiply_o2_o3__subtract_s0_s1_fused_multiply_o0_o3__multiply_o2_o1__add_s0_s1,2048,2,7,4118784,0,0,1,0,1,1,4768,16.229,1.995,1.924,1.683,7.623
548,4836,omega_cached_attention_q1_h1_g8_d512_s3f800000_ln9223372036854775808_up0_x4_e1_k1_ds,32768,256,11,7409412,8224,0,1,0,1,1,40423,16.229,1.995,1.924,1.683,7.623
549,4836,omega_cached_attention_q1_h1_g8_d512_s3f800000_ln9223372036854775808_up0_x4_e1_k1_ds_merge,8192,8,3,1582592,0,0,1,0,1,1,7750,16.229,1.995,1.924,1.683,7.623
550,4838,omega_reduce_r5_o2_n2_multiply_add_zero,12288,192,4,224365632,0,0,1,0,1,1,15125,16.229,1.995,1.924,1.683,7.623
551,4847,omega_reduce_r2_o1_n2_multiply_add_zero_epi5_fused_identity_o5__multiply_s0_o4__add_s1_o3__square_root_s2__reciprocal_s3__multiply_s4_o2__multiply_s5_o1__add_s6_o0,256,1,9,188194344,32,0,1,0,1,1,6982,16.229,1.995,1.924,1.683,7.623
552,4855,omega_reduce_r2_o1_n2_multiply_add_zero_epi4_fused_identity_o4__multiply_s0_o3__add_s1_o2__square_root_s2__reciprocal_s3__multiply_s4_o1__multiply_s5_o0,256,1,8,197740360,32,0,1,0,1,1,5893,16.229,1.995,1.924,1.683,7.623
553,4860,omega_reduce_r3_o2_n2_multiply_add_zero,98304,1536,4,206541120,0,0,1,0,1,1,31673,16.229,1.995,1.924,1.683,7.623
554,4875,omega_reduce_r3_o2_n2_multiply_add_zero_epi9_fused_identity_o9__multiply_o5_o6__multiply_s1_o4__multiply_s2_o3__add_s3_o2__multiply_s4_o1__tanh_s5__add_s6_o0__multiply_o7_o8__multiply_s7_s8__multiply_s0_s9,98304,1536,13,201150032,0,0,1,0,1,1,33351,16.229,1.995,1.924,1.683,7.623
555,4877,omega_reduce_r3_o2_n2_multiply_add_zero,12288,192,4,217252928,0,0,1,0,1,1,35726,16.229,1.995,1.924,1.683,7.623
556,4887,omega_reduce_r2_o1_n2_multiply_add_zero_epi5_fused_identity_o5__multiply_s0_o4__add_s1_o3__square_root_s2__reciprocal_s3__multiply_s4_o2__multiply_s5_o1__add_s6_o0,256,1,9,188281896,32,0,1,0,1,1,6982,16.229,1.995,1.924,1.683,7.623
557,4903,omega_reduce_r3_o2_n2_multiply_add_zero_epi5_fused_identity_o5__identity_o0__multiply_s0_s0__multiply_s0_s2__multiply_s3_o3__add_s0_s4__multiply_s5_o2__tanh_s6__add_s7_o1__multiply_s0_o4__multiply_s8_s9__multiply_s1_s10,2048,32,9,186374480,0,0,1,0,1,1,6274,16.229,1.995,1.924,1.683,7.623
558,4906,omega_reduce_r3_o2_n2_multiply_add_zero,12288,192,4,185193248,0,0,1,0,1,1,5089,16.229,1.995,1.924,1.683,7.623
559,4918,omega_reduce_r2_o1_n2_multiply_add_zero_epi6_fused_identity_o6__multiply_s0_o4__add_s1_o3__square_root_s2__reciprocal_s3__multiply_s4_o2__multiply_s5_o1__add_s6_o0__multiply_s7_o5,256,1,10,371469672,32,0,1,0,1,1,6506,16.229,1.995,1.924,1.683,7.623
560,4933,omega_reduce_r2_o1_n2_multiply_add_zero_epi4_fused_identity_o4__multiply_s0_o3__add_s1_o2__square_root_s2__reciprocal_s3__multiply_s4_o1__multiply_s5_o0,256,1,8,187038248,32,0,1,0,1,1,5893,16.229,1.995,1.924,1.683,7.623
561,4935,omega_reduce_r4_o3_n2_multiply_add_zero,16384,256,4,183200800,0,0,1,0,1,1,10667,16.229,1.995,1.924,1.683,7.623
562,4943,omega_reduce_r3_o2_n2_multiply_add_zero_epi4_fused_identity_o4__multiply_s0_o3__add_s1_o2__square_root_s2__reciprocal_s3__multiply_s4_o1__multiply_s5_o0,512,8,8,183543848,16,0,1,0,1,1,5411,16.229,1.995,1.924,1.683,7.623
563,4946,omega_elementwise_twin_r3_n4_fused_multiply_o0_o1__multiply_o2_o3__subtract_s0_s1_fused_multiply_o0_o3__multiply_o2_o1__add_s0_s1,1024,1,7,4158208,0,0,1,0,1,1,4125,16.229,1.995,1.924,1.683,7.623
564,4982,omega_cached_attention_q1_h1_g8_d256_s3f800000_ln511_up0_x4_e1_k1_ds,17408,136,11,3763460,4128,0,1,0,1,1,21536,16.229,1.995,1.924,1.683,7.623
565,4982,omega_cached_attention_q1_h1_g8_d256_s3f800000_ln511_up0_x4_e1_k1_ds_merge,8192,8,3,1320448,0,0,1,0,1,1,5393,16.229,1.995,1.924,1.683,7.623
566,4984,omega_reduce_r5_o2_n2_multiply_add_zero,12288,192,4,184970272,0,0,1,0,1,1,9560,16.229,1.995,1.924,1.683,7.623
567,4993,omega_reduce_r2_o1_n2_multiply_add_zero_epi5_fused_identity_o5__multiply_s0_o4__add_s1_o3__square_root_s2__reciprocal_s3__multiply_s4_o2__multiply_s5_o1__add_s6_o0,256,1,9,152388616,32,0,1,0,1,1,6982,16.229,1.995,1.924,1.683,7.623
568,5001,omega_reduce_r2_o1_n2_multiply_add_zero_epi4_fused_identity_o4__multiply_s0_o3__add_s1_o2__square_root_s2__reciprocal_s3__multiply_s4_o1__multiply_s5_o0,256,1,8,161876776,32,0,1,0,1,1,5893,16.229,1.995,1.924,1.683,7.623
569,5006,omega_reduce_r3_o2_n2_multiply_add_zero,98304,1536,4,170677536,0,0,1,0,1,1,31673,16.229,1.995,1.924,1.683,7.623
570,5021,omega_reduce_r3_o2_n2_multiply_add_zero_epi9_fused_identity_o9__multiply_o5_o6__multiply_s1_o4__multiply_s2_o3__add_s3_o2__multiply_s4_o1__tanh_s5__add_s6_o0__multiply_o7_o8__multiply_s7_s8__multiply_s0_s9,98304,1536,13,165286448,0,0,1,0,1,1,33351,16.229,1.995,1.924,1.683,7.623
571,5023,omega_reduce_r3_o2_n2_multiply_add_zero,12288,192,4,181389344,0,0,1,0,1,1,35726,16.229,1.995,1.924,1.683,7.623
572,5033,omega_reduce_r2_o1_n2_multiply_add_zero_epi5_fused_identity_o5__multiply_s0_o4__add_s1_o3__square_root_s2__reciprocal_s3__multiply_s4_o2__multiply_s5_o1__add_s6_o0,256,1,9,152418312,32,0,1,0,1,1,6982,16.229,1.995,1.924,1.683,7.623
573,5049,omega_reduce_r3_o2_n2_multiply_add_zero_epi5_fused_identity_o5__identity_o0__multiply_s0_s0__multiply_s0_s2__multiply_s3_o3__add_s0_s4__multiply_s5_o2__tanh_s6__add_s7_o1__multiply_s0_o4__multiply_s8_s9__multiply_s1_s10,2048,32,9,150510896,0,0,1,0,1,1,6315,16.229,1.995,1.924,1.683,7.623
574,5052,omega_reduce_r3_o2_n2_multiply_add_zero,12288,192,4,149329664,0,0,1,0,1,1,5089,16.229,1.995,1.924,1.683,7.623
575,5064,omega_reduce_r2_o1_n2_multiply_add_zero_epi6_fused_identity_o6__multiply_s0_o4__add_s1_o3__square_root_s2__reciprocal_s3__multiply_s4_o2__multiply_s5_o1__add_s6_o0__multiply_s7_o5,256,1,10,299742504,32,0,1,0,1,1,6506,16.229,1.995,1.924,1.683,7.623
576,5079,omega_reduce_r2_o1_n2_multiply_add_zero_epi4_fused_identity_o4__multiply_s0_o3__add_s1_o2__square_root_s2__reciprocal_s3__multiply_s4_o1__multiply_s5_o0,256,1,8,151174664,32,0,1,0,1,1,5893,16.229,1.995,1.924,1.683,7.623
577,5081,omega_reduce_r4_o3_n2_multiply_add_zero,16384,256,4,147337216,0,0,1,0,1,1,10667,16.229,1.995,1.924,1.683,7.623
578,5089,omega_reduce_r3_o2_n2_multiply_add_zero_epi4_fused_identity_o4__multiply_s0_o3__add_s1_o2__square_root_s2__reciprocal_s3__multiply_s4_o1__multiply_s5_o0,512,8,8,147680264,16,0,1,0,1,1,5411,16.229,1.995,1.924,1.683,7.623
579,5092,omega_elementwise_twin_r3_n4_fused_multiply_o0_o1__multiply_o2_o3__subtract_s0_s1_fused_multiply_o0_o3__multiply_o2_o1__add_s0_s1,1024,1,7,4158208,0,0,1,0,1,1,4125,16.229,1.995,1.924,1.683,7.623
580,5128,omega_cached_attention_q1_h1_g8_d256_s3f800000_ln511_up0_x4_e1_k1_ds,17408,136,11,3763460,4128,0,1,0,1,1,21536,16.229,1.995,1.924,1.683,7.623
581,5128,omega_cached_attention_q1_h1_g8_d256_s3f800000_ln511_up0_x4_e1_k1_ds_merge,8192,8,3,1320448,0,0,1,0,1,1,5393,16.229,1.995,1.924,1.683,7.623
582,5130,omega_reduce_r5_o2_n2_multiply_add_zero,12288,192,4,149106688,0,0,1,0,1,1,9560,16.229,1.995,1.924,1.683,7.623
583,5139,omega_reduce_r2_o1_n2_multiply_add_zero_epi5_fused_identity_o5__multiply_s0_o4__add_s1_o3__square_root_s2__reciprocal_s3__multiply_s4_o2__multiply_s5_o1__add_s6_o0,256,1,9,116525032,32,0,1,0,1,1,6982,16.229,1.995,1.924,1.683,7.623
584,5147,omega_reduce_r2_o1_n2_multiply_add_zero_epi4_fused_identity_o4__multiply_s0_o3__add_s1_o2__square_root_s2__reciprocal_s3__multiply_s4_o1__multiply_s5_o0,256,1,8,126013192,32,0,1,0,1,1,5893,16.229,1.995,1.924,1.683,7.623
585,5152,omega_reduce_r3_o2_n2_multiply_add_zero,98304,1536,4,134813952,0,0,1,0,1,1,31673,16.229,1.995,1.924,1.683,7.623
586,5167,omega_reduce_r3_o2_n2_multiply_add_zero_epi9_fused_identity_o9__multiply_o5_o6__multiply_s1_o4__multiply_s2_o3__add_s3_o2__multiply_s4_o1__tanh_s5__add_s6_o0__multiply_o7_o8__multiply_s7_s8__multiply_s0_s9,98304,1536,13,129422864,0,0,1,0,1,1,33351,16.229,1.995,1.924,1.683,7.623
587,5169,omega_reduce_r3_o2_n2_multiply_add_zero,12288,192,4,145525760,0,0,1,0,1,1,35726,16.229,1.995,1.924,1.683,7.623
588,5179,omega_reduce_r2_o1_n2_multiply_add_zero_epi5_fused_identity_o5__multiply_s0_o4__add_s1_o3__square_root_s2__reciprocal_s3__multiply_s4_o2__multiply_s5_o1__add_s6_o0,256,1,9,116554728,32,0,1,0,1,1,6982,16.229,1.995,1.924,1.683,7.623
589,5195,omega_reduce_r3_o2_n2_multiply_add_zero_epi5_fused_identity_o5__identity_o0__multiply_s0_s0__multiply_s0_s2__multiply_s3_o3__add_s0_s4__multiply_s5_o2__tanh_s6__add_s7_o1__multiply_s0_o4__multiply_s8_s9__multiply_s1_s10,2048,32,9,114647312,0,0,1,0,1,1,6315,16.229,1.995,1.924,1.683,7.623
590,5198,omega_reduce_r3_o2_n2_multiply_add_zero,12288,192,4,113466080,0,0,1,0,1,1,5089,16.229,1.995,1.924,1.683,7.623
591,5210,omega_reduce_r2_o1_n2_multiply_add_zero_epi6_fused_identity_o6__multiply_s0_o4__add_s1_o3__square_root_s2__reciprocal_s3__multiply_s4_o2__multiply_s5_o1__add_s6_o0__multiply_s7_o5,256,1,10,228015336,32,0,1,0,1,1,6506,16.229,1.995,1.924,1.683,7.623
592,5225,omega_reduce_r2_o1_n2_multiply_add_zero_epi4_fused_identity_o4__multiply_s0_o3__add_s1_o2__square_root_s2__reciprocal_s3__multiply_s4_o1__multiply_s5_o0,256,1,8,115311080,32,0,1,0,1,1,5893,16.229,1.995,1.924,1.683,7.623
593,5227,omega_reduce_r4_o3_n2_multiply_add_zero,16384,256,4,111473632,0,0,1,0,1,1,10667,16.229,1.995,1.924,1.683,7.623
594,5235,omega_reduce_r3_o2_n2_multiply_add_zero_epi4_fused_identity_o4__multiply_s0_o3__add_s1_o2__square_root_s2__reciprocal_s3__multiply_s4_o1__multiply_s5_o0,512,8,8,111816680,16,0,1,0,1,1,5411,16.229,1.995,1.924,1.683,7.623
595,5238,omega_elementwise_twin_r3_n4_fused_multiply_o0_o1__multiply_o2_o3__subtract_s0_s1_fused_multiply_o0_o3__multiply_o2_o1__add_s0_s1,1024,1,7,4158208,0,0,1,0,1,1,4125,16.229,1.995,1.924,1.683,7.623
596,5274,omega_cached_attention_q1_h1_g8_d256_s3f800000_ln511_up0_x4_e1_k1_ds,17408,136,11,3763460,4128,0,1,0,1,1,21536,16.229,1.995,1.924,1.683,7.623
597,5274,omega_cached_attention_q1_h1_g8_d256_s3f800000_ln511_up0_x4_e1_k1_ds_merge,8192,8,3,1320448,0,0,1,0,1,1,5393,16.229,1.995,1.924,1.683,7.623
598,5276,omega_reduce_r5_o2_n2_multiply_add_zero,12288,192,4,113243104,0,0,1,0,1,1,9560,16.229,1.995,1.924,1.683,7.623
599,5285,omega_reduce_r2_o1_n2_multiply_add_zero_epi5_fused_identity_o5__multiply_s0_o4__add_s1_o3__square_root_s2__reciprocal_s3__multiply_s4_o2__multiply_s5_o1__add_s6_o0,256,1,9,80661448,32,0,1,0,1,1,6982,16.229,1.995,1.924,1.683,7.623
600,5293,omega_reduce_r2_o1_n2_multiply_add_zero_epi4_fused_identity_o4__multiply_s0_o3__add_s1_o2__square_root_s2__reciprocal_s3__multiply_s4_o1__multiply_s5_o0,256,1,8,90149608,32,0,1,0,1,1,5893,16.229,1.995,1.924,1.683,7.623
601,5298,omega_reduce_r3_o2_n2_multiply_add_zero,98304,1536,4,98950368,0,0,1,0,1,1,31673,16.229,1.995,1.924,1.683,7.623
602,5313,omega_reduce_r3_o2_n2_multiply_add_zero_epi9_fused_identity_o9__multiply_o5_o6__multiply_s1_o4__multiply_s2_o3__add_s3_o2__multiply_s4_o1__tanh_s5__add_s6_o0__multiply_o7_o8__multiply_s7_s8__multiply_s0_s9,98304,1536,13,93559280,0,0,1,0,1,1,33351,16.229,1.995,1.924,1.683,7.623
603,5315,omega_reduce_r3_o2_n2_multiply_add_zero,12288,192,4,109662176,0,0,1,0,1,1,35726,16.229,1.995,1.924,1.683,7.623
604,5325,omega_reduce_r2_o1_n2_multiply_add_zero_epi5_fused_identity_o5__multiply_s0_o4__add_s1_o3__square_root_s2__reciprocal_s3__multiply_s4_o2__multiply_s5_o1__add_s6_o0,256,1,9,80691144,32,0,1,0,1,1,6982,16.229,1.995,1.924,1.683,7.623
605,5341,omega_reduce_r3_o2_n2_multiply_add_zero_epi5_fused_identity_o5__identity_o0__multiply_s0_s0__multiply_s0_s2__multiply_s3_o3__add_s0_s4__multiply_s5_o2__tanh_s6__add_s7_o1__multiply_s0_o4__multiply_s8_s9__multiply_s1_s10,2048,32,9,78783728,0,0,1,0,1,1,6315,16.229,1.995,1.924,1.683,7.623
606,5344,omega_reduce_r3_o2_n2_multiply_add_zero,12288,192,4,77602496,0,0,1,0,1,1,5089,16.229,1.995,1.924,1.683,7.623
607,5356,omega_reduce_r2_o1_n2_multiply_add_zero_epi6_fused_identity_o6__multiply_s0_o4__add_s1_o3__square_root_s2__reciprocal_s3__multiply_s4_o2__multiply_s5_o1__add_s6_o0__multiply_s7_o5,256,1,10,156288168,32,0,1,0,1,1,6506,16.229,1.995,1.924,1.683,7.623
608,5371,omega_reduce_r2_o1_n2_multiply_add_zero_epi4_fused_identity_o4__multiply_s0_o3__add_s1_o2__square_root_s2__reciprocal_s3__multiply_s4_o1__multiply_s5_o0,256,1,8,79447496,32,0,1,0,1,1,5893,16.229,1.995,1.924,1.683,7.623
609,5373,omega_reduce_r4_o3_n2_multiply_add_zero,16384,256,4,75610048,0,0,1,0,1,1,10667,16.229,1.995,1.924,1.683,7.623
610,5381,omega_reduce_r3_o2_n2_multiply_add_zero_epi4_fused_identity_o4__multiply_s0_o3__add_s1_o2__square_root_s2__reciprocal_s3__multiply_s4_o1__multiply_s5_o0,512,8,8,75953096,16,0,1,0,1,1,5411,16.229,1.995,1.924,1.683,7.623
611,5384,omega_elementwise_twin_r3_n4_fused_multiply_o0_o1__multiply_o2_o3__subtract_s0_s1_fused_multiply_o0_o3__multiply_o2_o1__add_s0_s1,1024,1,7,4158208,0,0,1,0,1,1,4125,16.229,1.995,1.924,1.683,7.623
612,5420,omega_cached_attention_q1_h1_g8_d256_s3f800000_ln511_up0_x4_e1_k1_ds,17408,136,11,3763460,4128,0,1,0,1,1,21536,16.229,1.995,1.924,1.683,7.623
613,5420,omega_cached_attention_q1_h1_g8_d256_s3f800000_ln511_up0_x4_e1_k1_ds_merge,8192,8,3,1320448,0,0,1,0,1,1,5393,16.229,1.995,1.924,1.683,7.623
614,5422,omega_reduce_r5_o2_n2_multiply_add_zero,12288,192,4,77379520,0,0,1,0,1,1,9560,16.229,1.995,1.924,1.683,7.623
615,5431,omega_reduce_r2_o1_n2_multiply_add_zero_epi5_fused_identity_o5__multiply_s0_o4__add_s1_o3__square_root_s2__reciprocal_s3__multiply_s4_o2__multiply_s5_o1__add_s6_o0,256,1,9,44797864,32,0,1,0,1,1,6982,16.229,1.995,1.924,1.683,7.623
616,5439,omega_reduce_r2_o1_n2_multiply_add_zero_epi4_fused_identity_o4__multiply_s0_o3__add_s1_o2__square_root_s2__reciprocal_s3__multiply_s4_o1__multiply_s5_o0,256,1,8,54286024,32,0,1,0,1,1,5893,16.229,1.995,1.924,1.683,7.623
617,5444,omega_reduce_r3_o2_n2_multiply_add_zero,98304,1536,4,63086784,0,0,1,0,1,1,31673,16.229,1.995,1.924,1.683,7.623
618,5459,omega_reduce_r3_o2_n2_multiply_add_zero_epi9_fused_identity_o9__multiply_o5_o6__multiply_s1_o4__multiply_s2_o3__add_s3_o2__multiply_s4_o1__tanh_s5__add_s6_o0__multiply_o7_o8__multiply_s7_s8__multiply_s0_s9,98304,1536,13,57695696,0,0,1,0,1,1,33351,16.229,1.995,1.924,1.683,7.623
619,5461,omega_reduce_r3_o2_n2_multiply_add_zero,12288,192,4,73798592,0,0,1,0,1,1,35726,16.229,1.995,1.924,1.683,7.623
620,5471,omega_reduce_r2_o1_n2_multiply_add_zero_epi5_fused_identity_o5__multiply_s0_o4__add_s1_o3__square_root_s2__reciprocal_s3__multiply_s4_o2__multiply_s5_o1__add_s6_o0,256,1,9,44827560,32,0,1,0,1,1,6982,16.229,1.995,1.924,1.683,7.623
621,5487,omega_reduce_r3_o2_n2_multiply_add_zero_epi5_fused_identity_o5__identity_o0__multiply_s0_s0__multiply_s0_s2__multiply_s3_o3__add_s0_s4__multiply_s5_o2__tanh_s6__add_s7_o1__multiply_s0_o4__multiply_s8_s9__multiply_s1_s10,2048,32,9,42920144,0,0,1,0,1,1,5952,16.229,1.995,1.924,1.683,7.623
622,5490,omega_reduce_r3_o2_n2_multiply_add_zero,12288,192,4,41738912,0,0,1,0,1,1,5089,16.229,1.995,1.924,1.683,7.623
623,5502,omega_reduce_r2_o1_n2_multiply_add_zero_epi6_fused_identity_o6__multiply_s0_o4__add_s1_o3__square_root_s2__reciprocal_s3__multiply_s4_o2__multiply_s5_o1__add_s6_o0__multiply_s7_o5,256,1,10,84527720,32,0,1,0,1,1,6506,16.229,1.995,1.924,1.683,7.623
624,5517,omega_reduce_r2_o1_n2_multiply_add_zero_epi4_fused_identity_o4__multiply_s0_o3__add_s1_o2__square_root_s2__reciprocal_s3__multiply_s4_o1__multiply_s5_o0,256,1,8,43475880,32,0,1,0,1,1,5893,16.229,1.995,1.924,1.683,7.623
625,5519,omega_reduce_r4_o3_n2_multiply_add_zero,32768,512,4,37968800,0,0,1,0,1,1,18143,16.229,1.995,1.924,1.683,7.623
626,5527,omega_reduce_r3_o2_n2_multiply_add_zero_epi4_fused_identity_o4__multiply_s0_o3__add_s1_o2__square_root_s2__reciprocal_s3__multiply_s4_o1__multiply_s5_o0,1024,8,8,36542376,16,0,1,0,1,1,5625,16.229,1.995,1.924,1.683,7.623
627,5530,omega_elementwise_twin_r3_n4_fused_multiply_o0_o1__multiply_o2_o3__subtract_s0_s1_fused_multiply_o0_o3__multiply_o2_o1__add_s0_s1,2048,2,7,4118784,0,0,1,0,1,1,4768,16.229,1.995,1.924,1.683,7.623
628,5566,omega_cached_attention_q1_h1_g8_d512_s3f800000_ln9223372036854775808_up0_x4_e1_k1_ds,32768,256,11,7409412,8224,0,1,0,1,1,40423,16.229,1.995,1.924,1.683,7.623
629,5566,omega_cached_attention_q1_h1_g8_d512_s3f800000_ln9223372036854775808_up0_x4_e1_k1_ds_merge,8192,8,3,1582592,0,0,1,0,1,1,7750,16.229,1.995,1.924,1.683,7.623
630,5568,omega_reduce_r5_o2_n2_multiply_add_zero,12288,192,4,41507744,0,0,1,0,1,1,15125,16.229,1.995,1.924,1.683,7.623
631,5577,omega_reduce_r2_o1_n2_multiply_add_zero_epi5_fused_identity_o5__multiply_s0_o4__add_s1_o3__square_root_s2__reciprocal_s3__multiply_s4_o2__multiply_s5_o1__add_s6_o0,256,1,9,5336456,32,0,1,0,1,1,6982,16.229,1.995,1.924,1.683,7.623
632,5585,omega_reduce_r2_o1_n2_multiply_add_zero_epi4_fused_identity_o4__multiply_s0_o3__add_s1_o2__square_root_s2__reciprocal_s3__multiply_s4_o1__multiply_s5_o0,256,1,8,14882472,32,0,1,0,1,1,5893,16.229,1.995,1.924,1.683,7.623
633,5590,omega_reduce_r3_o2_n2_multiply_add_zero,98304,1536,4,23683232,0,0,1,0,1,1,31673,16.229,1.995,1.924,1.683,7.623
634,5605,omega_reduce_r3_o2_n2_multiply_add_zero_epi9_fused_identity_o9__multiply_o5_o6__multiply_s1_o4__multiply_s2_o3__add_s3_o2__multiply_s4_o1__tanh_s5__add_s6_o0__multiply_o7_o8__multiply_s7_s8__multiply_s0_s9,98304,1536,13,18292144,0,0,1,0,1,1,33351,16.229,1.995,1.924,1.683,7.623
635,5607,omega_reduce_r3_o2_n2_multiply_add_zero,12288,192,4,34395040,0,0,1,0,1,1,35726,16.229,1.995,1.924,1.683,7.623
636,5617,omega_reduce_r2_o1_n2_multiply_add_zero_epi5_fused_identity_o5__multiply_s0_o4__add_s1_o3__square_root_s2__reciprocal_s3__multiply_s4_o2__multiply_s5_o1__add_s6_o0,256,1,9,5424008,32,0,1,0,1,1,6982,16.229,1.995,1.924,1.683,7.623
637,5633,omega_reduce_r3_o2_n2_multiply_add_zero_epi5_fused_identity_o5__identity_o0__multiply_s0_s0__multiply_s0_s2__multiply_s3_o3__add_s0_s4__multiply_s5_o2__tanh_s6__add_s7_o1__multiply_s0_o4__multiply_s8_s9__multiply_s1_s10,2048,32,9,3516592,0,0,1,0,1,1,6310,16.229,1.995,1.924,1.683,7.623
638,5636,omega_reduce_r3_o2_n2_multiply_add_zero,12288,192,4,2335360,0,0,1,0,1,1,5089,16.229,1.995,1.924,1.683,7.623
639,5648,omega_reduce_r2_o1_n2_multiply_add_zero_epi6_fused_identity_o6__multiply_s0_o4__add_s1_o3__square_root_s2__reciprocal_s3__multiply_s4_o2__multiply_s5_o1__add_s6_o0__multiply_s7_o5,256,1,10,5757992,32,0,1,0,1,1,6506,16.229,1.995,1.924,1.683,7.623
640,5657,omega_reduce_r2_o1_n2_multiply_add_zero_epi4_fused_identity_o4__multiply_s0_o3__add_s1_o2__square_root_s2__reciprocal_s3__multiply_s4_o1__multiply_s5_o0,256,1,8,3337901800,32,0,1,0,1,1,5893,16.229,1.995,1.924,1.683,7.623
641,5659,omega_elementwise_r2_n1_identity_g1,1536,2,5,2106116,0,0,1,0,1,1,3911,16.229,1.995,1.924,1.683,7.623
642,5666,omega_reduce_r3_o2_n2_multiply_add_zero_epi2_fused_identity_o2__divide_s0_o1__tanh_s1__multiply_s2_o0,4194304,65536,6,1381521896,0,0,1,0,1,1,1080423,16.229,1.995,1.924,1.683,7.623
643,5668,omega_elementwise_r3_n1_identity,262144,256,3,2104832,0,0,1,0,1,1,6137,16.229,1.995,1.924,1.683,7.623
644,5669,omega_reduce_r3_o2_n1_identity_maximum_negative_infinity,65536,512,3,1063680,16,0,1,0,1,1,5649,16.229,1.995,1.924,1.683,7.623
645,5670,omega_reduce_r2_o1_n1_identity_maximum_negative_infinity,128,1,3,7936,16,0,1,0,1,1,3060,16.229,1.995,1.924,1.683,7.623
646,5672,omega_iota_r1,512,1,2,7424,0,0,1,0,0,1,2244,16.229,1.995,1.924,1.683,7.623
647,5673,omega_iota_r1,512,1,2,5120,0,0,0,0,0,1,2244,16.229,1.995,1.924,1.683,7.623
648,5675,omega_elementwise_r1_n2_multiply,512,1,4,10244,0,0,1,0,1,1,2857,16.229,1.995,1.924,1.683,7.623
649,5679,omega_reduce_r3_o2_n5_fused_equal_o0_o1__add_o2_o3__select_s0_s1_o4_minimum_positive_infinity,65536,512,7,1072132,16,0,1,0,1,1,11881,16.229,1.995,1.924,1.683,7.623
650,5680,omega_reduce_r2_o1_n1_identity_minimum_positive_infinity,128,1,3,7428,16,0,1,0,1,1,3131,16.229,1.995,1.924,1.683,7.623
651,5686,omega_reduce_r3_o2_n4_fused_greater_o0_o1__greater_o2_o3__multiply_s0_s1_add_zero,65536,512,6,2119944,16,0,1,0,0,1,9774,16.229,1.995,1.924,1.683,7.623
652,5687,omega_reduce_r2_o1_n1_identity_add_zero,128,1,3,7428,16,0,1,0,1,1,3071,16.229,1.995,1.924,1.683,7.623
