2026-10-08T13:45:51.239868542Z DEBUG omega::metal::placements_execute_named: chunk_phase step=0 chunk=1 phase=scheduled start_raw_s=672578.745705583 end_raw_s=672578.745705583
2026-10-08T13:45:51.478174167Z DEBUG omega::metal::placements_execute_named: chunk_phase step=0 chunk=1 phase=gpu start_raw_s=672578.7460504167 end_raw_s=672578.9838474167
2026-10-08T13:45:51.531382042Z DEBUG omega::metal::placements_execute_named: chunk_phase step=1 chunk=1 phase=scheduled start_raw_s=672579.037221666 end_raw_s=672579.037221666
2026-10-08T13:45:51.531612083Z DEBUG omega::metal::placements_execute_named: chunk_phase step=1 chunk=3 phase=scheduled start_raw_s=672579.037454666 end_raw_s=672579.037454666
2026-10-08T13:45:51.531994708Z DEBUG omega::metal::placements_execute_named: chunk_phase step=1 chunk=5 phase=scheduled start_raw_s=672579.03783725 end_raw_s=672579.03783725
2026-10-08T13:45:51.532304917Z DEBUG omega::metal::placements_execute_named: chunk_phase step=1 chunk=6 phase=scheduled start_raw_s=672579.038146541 end_raw_s=672579.038146541
2026-10-08T13:45:51.532408208Z DEBUG omega::metal::placements_execute_named: chunk_phase step=1 chunk=2 phase=gpu start_raw_s=672579.037871 end_raw_s=672579.038112125
2026-10-08T13:45:51.532571417Z DEBUG omega::metal::placements_execute_named: chunk_phase step=1 chunk=7 phase=scheduled start_raw_s=672579.038413833 end_raw_s=672579.038413833
2026-10-08T13:45:51.532807292Z DEBUG omega::metal::placements_execute_named: chunk_phase step=1 chunk=3 phase=gpu start_raw_s=672579.038133 end_raw_s=672579.038538125
2026-10-08T13:45:51.531421833Z DEBUG omega::metal::placements_execute_named: chunk_phase step=1 chunk=2 phase=scheduled start_raw_s=672579.037260791 end_raw_s=672579.037260791
2026-10-08T13:45:51.531773750Z DEBUG omega::metal::placements_execute_named: chunk_phase step=1 chunk=4 phase=scheduled start_raw_s=672579.037616291 end_raw_s=672579.037616291
2026-10-08T13:45:51.532112208Z DEBUG omega::metal::placements_execute_named: chunk_phase step=1 chunk=1 phase=gpu start_raw_s=672579.0375454167 end_raw_s=672579.0378495001
2026-10-08T13:45:51.532890167Z DEBUG omega::metal::placements_execute_named: chunk_phase step=1 chunk=8 phase=scheduled start_raw_s=672579.038732833 end_raw_s=672579.038732833
2026-10-08T13:45:51.533278583Z DEBUG omega::metal::placements_execute_named: chunk_phase step=1 chunk=4 phase=gpu start_raw_s=672579.0385636667 end_raw_s=672579.0390175
2026-10-08T13:45:51.533969375Z DEBUG omega::metal::placements_execute_named: chunk_phase step=1 chunk=5 phase=gpu start_raw_s=672579.0390412917 end_raw_s=672579.0396975001
2026-10-08T13:45:51.534903167Z DEBUG omega::metal::placements_execute_named: chunk_phase step=1 chunk=6 phase=gpu start_raw_s=672579.0397265 end_raw_s=672579.0405735001
2026-10-08T13:45:51.536068417Z DEBUG omega::metal::placements_execute_named: chunk_phase step=1 chunk=7 phase=gpu start_raw_s=672579.0405870001 end_raw_s=672579.0417756251
2026-10-08T13:45:51.537735792Z DEBUG omega::metal::placements_execute_named: chunk_phase step=1 chunk=8 phase=gpu start_raw_s=672579.041818875 end_raw_s=672579.043422375
2026-10-08T13:45:51.538434833Z DEBUG omega::metal::placements_execute_named: chunk_phase step=2 chunk=4 phase=scheduled start_raw_s=672579.044277375 end_raw_s=672579.044277375
2026-10-08T13:45:51.538624000Z DEBUG omega::metal::placements_execute_named: chunk_phase step=2 chunk=1 phase=gpu start_raw_s=672579.0440865001 end_raw_s=672579.04434925
2026-10-08T13:45:51.538867917Z DEBUG omega::metal::placements_execute_named: chunk_phase step=2 chunk=6 phase=scheduled start_raw_s=672579.044710708 end_raw_s=672579.044710708
2026-10-08T13:45:51.539322250Z DEBUG omega::metal::placements_execute_named: chunk_phase step=2 chunk=3 phase=gpu start_raw_s=672579.0446204167 end_raw_s=672579.04501725
2026-10-08T13:45:51.539440667Z DEBUG omega::metal::placements_execute_named: chunk_phase step=2 chunk=8 phase=scheduled start_raw_s=672579.045283333 end_raw_s=672579.045283333
2026-10-08T13:45:51.538188500Z DEBUG omega::metal::placements_execute_named: chunk_phase step=2 chunk=1 phase=scheduled start_raw_s=672579.044030583 end_raw_s=672579.044030583
2026-10-08T13:45:51.538189417Z DEBUG omega::metal::placements_execute_named: chunk_phase step=2 chunk=2 phase=scheduled start_raw_s=672579.044032291 end_raw_s=672579.044032291
2026-10-08T13:45:51.538316958Z DEBUG omega::metal::placements_execute_named: chunk_phase step=2 chunk=3 phase=scheduled start_raw_s=672579.044159333 end_raw_s=672579.044159333
2026-10-08T13:45:51.538593875Z DEBUG omega::metal::placements_execute_named: chunk_phase step=2 chunk=5 phase=scheduled start_raw_s=672579.044436458 end_raw_s=672579.044436458
2026-10-08T13:45:51.538852667Z DEBUG omega::metal::placements_execute_named: chunk_phase step=2 chunk=2 phase=gpu start_raw_s=672579.0443766251 end_raw_s=672579.044599875
2026-10-08T13:45:51.539114042Z DEBUG omega::metal::placements_execute_named: chunk_phase step=2 chunk=7 phase=scheduled start_raw_s=672579.044956541 end_raw_s=672579.044956541
2026-10-08T13:45:51.539767792Z DEBUG omega::metal::placements_execute_named: chunk_phase step=2 chunk=4 phase=gpu start_raw_s=672579.0450456251 end_raw_s=672579.045485125
2026-10-08T13:45:51.544587208Z DEBUG omega::metal::placements_execute_named: chunk_phase step=3 chunk=1 phase=scheduled start_raw_s=672579.050429541 end_raw_s=672579.050429541
2026-10-08T13:45:51.544588250Z DEBUG omega::metal::placements_execute_named: chunk_phase step=3 chunk=2 phase=scheduled start_raw_s=672579.050431083 end_raw_s=672579.050431083
2026-10-08T13:45:51.544705583Z DEBUG omega::metal::placements_execute_named: chunk_phase step=3 chunk=3 phase=scheduled start_raw_s=672579.050548 end_raw_s=672579.050548
2026-10-08T13:45:51.544964375Z DEBUG omega::metal::placements_execute_named: chunk_phase step=3 chunk=5 phase=scheduled start_raw_s=672579.050806958 end_raw_s=672579.050806958
2026-10-08T13:45:51.545278917Z DEBUG omega::metal::placements_execute_named: chunk_phase step=3 chunk=2 phase=gpu start_raw_s=672579.050776 end_raw_s=672579.0509977917
2026-10-08T13:45:51.545484292Z DEBUG omega::metal::placements_execute_named: chunk_phase step=3 chunk=7 phase=scheduled start_raw_s=672579.051326875 end_raw_s=672579.051326875
2026-10-08T13:45:51.546161917Z DEBUG omega::metal::placements_execute_named: chunk_phase step=3 chunk=4 phase=gpu start_raw_s=672579.0514341667 end_raw_s=672579.0518967917
2026-10-08T13:45:51.546840583Z DEBUG omega::metal::placements_execute_named: chunk_phase step=3 chunk=5 phase=gpu start_raw_s=672579.0519213751 end_raw_s=672579.0525516251
2026-10-08T13:45:51.540446250Z DEBUG omega::metal::placements_execute_named: chunk_phase step=2 chunk=5 phase=gpu start_raw_s=672579.045513625 end_raw_s=672579.0461459167
2026-10-08T13:45:51.541327042Z DEBUG omega::metal::placements_execute_named: chunk_phase step=2 chunk=6 phase=gpu start_raw_s=672579.0461820418 end_raw_s=672579.0470490417
2026-10-08T13:45:51.542551125Z DEBUG omega::metal::placements_execute_named: chunk_phase step=2 chunk=7 phase=gpu start_raw_s=672579.047072625 end_raw_s=672579.04825875
2026-10-08T13:45:51.544174417Z DEBUG omega::metal::placements_execute_named: chunk_phase step=2 chunk=8 phase=gpu start_raw_s=672579.0482973751 end_raw_s=672579.0498601251
2026-10-08T13:45:51.544820583Z DEBUG omega::metal::placements_execute_named: chunk_phase step=3 chunk=4 phase=scheduled start_raw_s=672579.050663041 end_raw_s=672579.050663041
2026-10-08T13:45:51.545043042Z DEBUG omega::metal::placements_execute_named: chunk_phase step=3 chunk=1 phase=gpu start_raw_s=672579.050486875 end_raw_s=672579.050748875
2026-10-08T13:45:51.545192792Z DEBUG omega::metal::placements_execute_named: chunk_phase step=3 chunk=6 phase=scheduled start_raw_s=672579.051035333 end_raw_s=672579.051035333
2026-10-08T13:45:51.545708750Z DEBUG omega::metal::placements_execute_named: chunk_phase step=3 chunk=3 phase=gpu start_raw_s=672579.051019125 end_raw_s=672579.0514110001
2026-10-08T13:45:51.545816083Z DEBUG omega::metal::placements_execute_named: chunk_phase step=3 chunk=8 phase=scheduled start_raw_s=672579.051658791 end_raw_s=672579.051658791
2026-10-08T13:45:51.547743750Z DEBUG omega::metal::placements_execute_named: chunk_phase step=3 chunk=6 phase=gpu start_raw_s=672579.052580375 end_raw_s=672579.0534627917
2026-10-08T13:45:51.548986167Z DEBUG omega::metal::placements_execute_named: chunk_phase step=3 chunk=7 phase=gpu start_raw_s=672579.053490625 end_raw_s=672579.0547010417
2026-10-08T13:45:51.550607958Z DEBUG omega::metal::placements_execute_named: chunk_phase step=3 chunk=8 phase=gpu start_raw_s=672579.054741875 end_raw_s=672579.0563354167
2026-10-08T13:45:51.551220208Z DEBUG omega::metal::placements_execute_named: chunk_phase step=4 chunk=4 phase=scheduled start_raw_s=672579.057062708 end_raw_s=672579.057062708
2026-10-08T13:45:51.551439708Z DEBUG omega::metal::placements_execute_named: chunk_phase step=4 chunk=1 phase=gpu start_raw_s=672579.056894 end_raw_s=672579.0571562917
2026-10-08T13:45:51.551570875Z DEBUG omega::metal::placements_execute_named: chunk_phase step=4 chunk=6 phase=scheduled start_raw_s=672579.057413458 end_raw_s=672579.057413458
2026-10-08T13:45:51.552089917Z DEBUG omega::metal::placements_execute_named: chunk_phase step=4 chunk=3 phase=gpu start_raw_s=672579.057422625 end_raw_s=672579.0578107501
2026-10-08T13:45:51.552177542Z DEBUG omega::metal::placements_execute_named: chunk_phase step=4 chunk=8 phase=scheduled start_raw_s=672579.05802025 end_raw_s=672579.05802025
2026-10-08T13:45:51.550983875Z DEBUG omega::metal::placements_execute_named: chunk_phase step=4 chunk=1 phase=scheduled start_raw_s=672579.056826291 end_raw_s=672579.056826291
2026-10-08T13:45:51.550984583Z DEBUG omega::metal::placements_execute_named: chunk_phase step=4 chunk=2 phase=scheduled start_raw_s=672579.056827583 end_raw_s=672579.056827583
2026-10-08T13:45:51.551108375Z DEBUG omega::metal::placements_execute_named: chunk_phase step=4 chunk=3 phase=scheduled start_raw_s=672579.056950875 end_raw_s=672579.056950875
2026-10-08T13:45:51.551361375Z DEBUG omega::metal::placements_execute_named: chunk_phase step=4 chunk=5 phase=scheduled start_raw_s=672579.057203958 end_raw_s=672579.057203958
2026-10-08T13:45:51.551682667Z DEBUG omega::metal::placements_execute_named: chunk_phase step=4 chunk=2 phase=gpu start_raw_s=672579.057178125 end_raw_s=672579.0573982501
2026-10-08T13:45:51.551847125Z DEBUG omega::metal::placements_execute_named: chunk_phase step=4 chunk=7 phase=scheduled start_raw_s=672579.057689666 end_raw_s=672579.057689666
2026-10-08T13:45:51.552564250Z DEBUG omega::metal::placements_execute_named: chunk_phase step=4 chunk=4 phase=gpu start_raw_s=672579.057833625 end_raw_s=672579.0582985
2026-10-08T13:45:51.553280417Z DEBUG omega::metal::placements_execute_named: chunk_phase step=4 chunk=5 phase=gpu start_raw_s=672579.058320125 end_raw_s=672579.0589942917
2026-10-08T13:45:51.557656542Z DEBUG omega::metal::placements_execute_named: chunk_phase step=5 chunk=4 phase=scheduled start_raw_s=672579.063499125 end_raw_s=672579.063499125
2026-10-08T13:45:51.557831792Z DEBUG omega::metal::placements_execute_named: chunk_phase step=5 chunk=1 phase=gpu start_raw_s=672579.063320125 end_raw_s=672579.0635830001
2026-10-08T13:45:51.558119000Z DEBUG omega::metal::placements_execute_named: chunk_phase step=5 chunk=2 phase=gpu start_raw_s=672579.0636035 end_raw_s=672579.0638305417
2026-10-08T13:45:51.558282000Z DEBUG omega::metal::placements_execute_named: chunk_phase step=5 chunk=7 phase=scheduled start_raw_s=672579.064124458 end_raw_s=672579.064124458
2026-10-08T13:45:51.559002750Z DEBUG omega::metal::placements_execute_named: chunk_phase step=5 chunk=4 phase=gpu start_raw_s=672579.0642632501 end_raw_s=672579.0647234167
2026-10-08T13:45:51.559699875Z DEBUG omega::metal::placements_execute_named: chunk_phase step=5 chunk=5 phase=gpu start_raw_s=672579.0647478751 end_raw_s=672579.0654121251
2026-10-08T13:45:51.554128375Z DEBUG omega::metal::placements_execute_named: chunk_phase step=4 chunk=6 phase=gpu start_raw_s=672579.05902025 end_raw_s=672579.059862375
2026-10-08T13:45:51.555433500Z DEBUG omega::metal::placements_execute_named: chunk_phase step=4 chunk=7 phase=gpu start_raw_s=672579.0598877501 end_raw_s=672579.0611365001
2026-10-08T13:45:51.557058542Z DEBUG omega::metal::placements_execute_named: chunk_phase step=4 chunk=8 phase=gpu start_raw_s=672579.0611745 end_raw_s=672579.0627753751
2026-10-08T13:45:51.557426500Z DEBUG omega::metal::placements_execute_named: chunk_phase step=5 chunk=1 phase=scheduled start_raw_s=672579.063268958 end_raw_s=672579.063268958
2026-10-08T13:45:51.557427417Z DEBUG omega::metal::placements_execute_named: chunk_phase step=5 chunk=2 phase=scheduled start_raw_s=672579.063270333 end_raw_s=672579.063270333
2026-10-08T13:45:51.557543375Z DEBUG omega::metal::placements_execute_named: chunk_phase step=5 chunk=3 phase=scheduled start_raw_s=672579.063385958 end_raw_s=672579.063385958
2026-10-08T13:45:51.557848458Z DEBUG omega::metal::placements_execute_named: chunk_phase step=5 chunk=5 phase=scheduled start_raw_s=672579.063691166 end_raw_s=672579.063691166
2026-10-08T13:45:51.558016458Z DEBUG omega::metal::placements_execute_named: chunk_phase step=5 chunk=6 phase=scheduled start_raw_s=672579.063859041 end_raw_s=672579.063859041
2026-10-08T13:45:51.558516667Z DEBUG omega::metal::placements_execute_named: chunk_phase step=5 chunk=3 phase=gpu start_raw_s=672579.0638520417 end_raw_s=672579.0642418751
2026-10-08T13:45:51.558629167Z DEBUG omega::metal::placements_execute_named: chunk_phase step=5 chunk=8 phase=scheduled start_raw_s=672579.064471791 end_raw_s=672579.064471791
2026-10-08T13:45:51.560547250Z DEBUG omega::metal::placements_execute_named: chunk_phase step=5 chunk=6 phase=gpu start_raw_s=672579.0654396667 end_raw_s=672579.0662725001
2026-10-08T13:45:51.561776542Z DEBUG omega::metal::placements_execute_named: chunk_phase step=5 chunk=7 phase=gpu start_raw_s=672579.0662985 end_raw_s=672579.067496625
2026-10-08T13:45:51.563447708Z DEBUG omega::metal::placements_execute_named: chunk_phase step=5 chunk=8 phase=gpu start_raw_s=672579.0675283751 end_raw_s=672579.069162125
2026-10-08T13:45:51.563814958Z DEBUG omega::metal::placements_execute_named: chunk_phase step=6 chunk=1 phase=scheduled start_raw_s=672579.069657375 end_raw_s=672579.069657375
2026-10-08T13:45:51.563815583Z DEBUG omega::metal::placements_execute_named: chunk_phase step=6 chunk=2 phase=scheduled start_raw_s=672579.069658583 end_raw_s=672579.069658583
2026-10-08T13:45:51.564054792Z DEBUG omega::metal::placements_execute_named: chunk_phase step=6 chunk=4 phase=scheduled start_raw_s=672579.069897416 end_raw_s=672579.069897416
2026-10-08T13:45:51.564241042Z DEBUG omega::metal::placements_execute_named: chunk_phase step=6 chunk=1 phase=gpu start_raw_s=672579.069709375 end_raw_s=672579.0699717917
2026-10-08T13:45:51.564429917Z DEBUG omega::metal::placements_execute_named: chunk_phase step=6 chunk=6 phase=scheduled start_raw_s=672579.070272541 end_raw_s=672579.070272541
2026-10-08T13:45:51.564902792Z DEBUG omega::metal::placements_execute_named: chunk_phase step=6 chunk=3 phase=gpu start_raw_s=672579.070240375 end_raw_s=672579.07062925
2026-10-08T13:45:51.565036208Z DEBUG omega::metal::placements_execute_named: chunk_phase step=6 chunk=8 phase=scheduled start_raw_s=672579.070878958 end_raw_s=672579.070878958
2026-10-08T13:45:51.563936125Z DEBUG omega::metal::placements_execute_named: chunk_phase step=6 chunk=3 phase=scheduled start_raw_s=672579.069778625 end_raw_s=672579.069778625
2026-10-08T13:45:51.564211667Z DEBUG omega::metal::placements_execute_named: chunk_phase step=6 chunk=5 phase=scheduled start_raw_s=672579.070054291 end_raw_s=672579.070054291
2026-10-08T13:45:51.564507917Z DEBUG omega::metal::placements_execute_named: chunk_phase step=6 chunk=2 phase=gpu start_raw_s=672579.069996 end_raw_s=672579.0702193751
2026-10-08T13:45:51.564699208Z DEBUG omega::metal::placements_execute_named: chunk_phase step=6 chunk=7 phase=scheduled start_raw_s=672579.07054175 end_raw_s=672579.07054175
2026-10-08T13:45:51.565384125Z DEBUG omega::metal::placements_execute_named: chunk_phase step=6 chunk=4 phase=gpu start_raw_s=672579.070652375 end_raw_s=672579.0711073751
2026-10-08T13:45:51.566074125Z DEBUG omega::metal::placements_execute_named: chunk_phase step=6 chunk=5 phase=gpu start_raw_s=672579.07113675 end_raw_s=672579.071803875
2026-10-08T13:45:51.566988083Z DEBUG omega::metal::placements_execute_named: chunk_phase step=6 chunk=6 phase=gpu start_raw_s=672579.0718325417 end_raw_s=672579.0727075001
2026-10-08T13:45:51.570303500Z DEBUG omega::metal::placements_execute_named: chunk_phase step=7 chunk=3 phase=scheduled start_raw_s=672579.076146041 end_raw_s=672579.076146041
2026-10-08T13:45:51.570565958Z DEBUG omega::metal::placements_execute_named: chunk_phase step=7 chunk=5 phase=scheduled start_raw_s=672579.076408583 end_raw_s=672579.076408583
2026-10-08T13:45:51.570870083Z DEBUG omega::metal::placements_execute_named: chunk_phase step=7 chunk=2 phase=gpu start_raw_s=672579.07636325 end_raw_s=672579.0765847918
2026-10-08T13:45:51.571064333Z DEBUG omega::metal::placements_execute_named: chunk_phase step=7 chunk=7 phase=scheduled start_raw_s=672579.076906916 end_raw_s=672579.076906916
2026-10-08T13:45:51.571765208Z DEBUG omega::metal::placements_execute_named: chunk_phase step=7 chunk=4 phase=gpu start_raw_s=672579.0770177917 end_raw_s=672579.077486875
2026-10-08T13:45:51.572483208Z DEBUG omega::metal::placements_execute_named: chunk_phase step=7 chunk=5 phase=gpu start_raw_s=672579.0775137917 end_raw_s=672579.078206375
2026-10-08T13:45:51.573450667Z DEBUG omega::metal::placements_execute_named: chunk_phase step=7 chunk=6 phase=gpu start_raw_s=672579.07823775 end_raw_s=672579.079148
2026-10-08T13:45:51.568196792Z DEBUG omega::metal::placements_execute_named: chunk_phase step=6 chunk=7 phase=gpu start_raw_s=672579.0727325 end_raw_s=672579.07390125
2026-10-08T13:45:51.569836708Z DEBUG omega::metal::placements_execute_named: chunk_phase step=6 chunk=8 phase=gpu start_raw_s=672579.073934125 end_raw_s=672579.0755547917
2026-10-08T13:45:51.570183500Z DEBUG omega::metal::placements_execute_named: chunk_phase step=7 chunk=1 phase=scheduled start_raw_s=672579.076026083 end_raw_s=672579.076026083
2026-10-08T13:45:51.570184208Z DEBUG omega::metal::placements_execute_named: chunk_phase step=7 chunk=2 phase=scheduled start_raw_s=672579.076027208 end_raw_s=672579.076027208
2026-10-08T13:45:51.570424125Z DEBUG omega::metal::placements_execute_named: chunk_phase step=7 chunk=4 phase=scheduled start_raw_s=672579.076266708 end_raw_s=672579.076266708
2026-10-08T13:45:51.570611167Z DEBUG omega::metal::placements_execute_named: chunk_phase step=7 chunk=1 phase=gpu start_raw_s=672579.076080375 end_raw_s=672579.076341375
2026-10-08T13:45:51.570790708Z DEBUG omega::metal::placements_execute_named: chunk_phase step=7 chunk=6 phase=scheduled start_raw_s=672579.076633291 end_raw_s=672579.076633291
2026-10-08T13:45:51.571271250Z DEBUG omega::metal::placements_execute_named: chunk_phase step=7 chunk=3 phase=gpu start_raw_s=672579.0766057917 end_raw_s=672579.0769951667
2026-10-08T13:45:51.571377875Z DEBUG omega::metal::placements_execute_named: chunk_phase step=7 chunk=8 phase=scheduled start_raw_s=672579.077220583 end_raw_s=672579.077220583
2026-10-08T13:45:51.574612042Z DEBUG omega::metal::placements_execute_named: chunk_phase step=7 chunk=7 phase=gpu start_raw_s=672579.079171375 end_raw_s=672579.08032025
2026-10-08T13:45:51.576192583Z DEBUG omega::metal::placements_execute_named: chunk_phase step=7 chunk=8 phase=gpu start_raw_s=672579.0803561667 end_raw_s=672579.081922375
2026-10-08T13:45:51.576560708Z DEBUG omega::metal::placements_execute_named: chunk_phase step=8 chunk=1 phase=scheduled start_raw_s=672579.082403166 end_raw_s=672579.082403166
2026-10-08T13:45:51.576810667Z DEBUG omega::metal::placements_execute_named: chunk_phase step=8 chunk=4 phase=scheduled start_raw_s=672579.08265325 end_raw_s=672579.08265325
2026-10-08T13:45:51.577006167Z DEBUG omega::metal::placements_execute_named: chunk_phase step=8 chunk=1 phase=gpu start_raw_s=672579.0824755417 end_raw_s=672579.0827380001
2026-10-08T13:45:51.577188208Z DEBUG omega::metal::placements_execute_named: chunk_phase step=8 chunk=6 phase=scheduled start_raw_s=672579.083030791 end_raw_s=672579.083030791
2026-10-08T13:45:51.577672042Z DEBUG omega::metal::placements_execute_named: chunk_phase step=8 chunk=3 phase=gpu start_raw_s=672579.0830027501 end_raw_s=672579.0833909167
2026-10-08T13:45:51.577777125Z DEBUG omega::metal::placements_execute_named: chunk_phase step=8 chunk=8 phase=scheduled start_raw_s=672579.083619875 end_raw_s=672579.083619875
2026-10-08T13:45:51.576582708Z DEBUG omega::metal::placements_execute_named: chunk_phase step=8 chunk=2 phase=scheduled start_raw_s=672579.082425416 end_raw_s=672579.082425416
2026-10-08T13:45:51.576697958Z DEBUG omega::metal::placements_execute_named: chunk_phase step=8 chunk=3 phase=scheduled start_raw_s=672579.082540583 end_raw_s=672579.082540583
2026-10-08T13:45:51.576960833Z DEBUG omega::metal::placements_execute_named: chunk_phase step=8 chunk=5 phase=scheduled start_raw_s=672579.082803458 end_raw_s=672579.082803458
2026-10-08T13:45:51.577266917Z DEBUG omega::metal::placements_execute_named: chunk_phase step=8 chunk=2 phase=gpu start_raw_s=672579.0827602918 end_raw_s=672579.0829819167
2026-10-08T13:45:51.577450958Z DEBUG omega::metal::placements_execute_named: chunk_phase step=8 chunk=7 phase=scheduled start_raw_s=672579.083293541 end_raw_s=672579.083293541
2026-10-08T13:45:51.578161125Z DEBUG omega::metal::placements_execute_named: chunk_phase step=8 chunk=4 phase=gpu start_raw_s=672579.0834137917 end_raw_s=672579.0838845418
2026-10-08T13:45:51.578883333Z DEBUG omega::metal::placements_execute_named: chunk_phase step=8 chunk=5 phase=gpu start_raw_s=672579.0839119167 end_raw_s=672579.0845991251
2026-10-08T13:45:51.579799375Z DEBUG omega::metal::placements_execute_named: chunk_phase step=8 chunk=6 phase=gpu start_raw_s=672579.0846310001 end_raw_s=672579.0855355001
2026-10-08T13:45:51.583046333Z DEBUG omega::metal::placements_execute_named: chunk_phase step=9 chunk=2 phase=scheduled start_raw_s=672579.08888875 end_raw_s=672579.08888875
2026-10-08T13:45:51.583160417Z DEBUG omega::metal::placements_execute_named: chunk_phase step=9 chunk=3 phase=scheduled start_raw_s=672579.089003083 end_raw_s=672579.089003083
2026-10-08T13:45:51.583427333Z DEBUG omega::metal::placements_execute_named: chunk_phase step=9 chunk=5 phase=scheduled start_raw_s=672579.089269958 end_raw_s=672579.089269958
2026-10-08T13:45:51.583723917Z DEBUG omega::metal::placements_execute_named: chunk_phase step=9 chunk=2 phase=gpu start_raw_s=672579.0892228751 end_raw_s=672579.0894451668
2026-10-08T13:45:51.583884375Z DEBUG omega::metal::placements_execute_named: chunk_phase step=9 chunk=7 phase=scheduled start_raw_s=672579.089727 end_raw_s=672579.089727
2026-10-08T13:45:51.584195250Z DEBUG omega::metal::placements_execute_named: chunk_phase step=9 chunk=8 phase=scheduled start_raw_s=672579.090038041 end_raw_s=672579.090038041
2026-10-08T13:45:51.581040083Z DEBUG omega::metal::placements_execute_named: chunk_phase step=8 chunk=7 phase=gpu start_raw_s=672579.0855590417 end_raw_s=672579.08674775
2026-10-08T13:45:51.582698333Z DEBUG omega::metal::placements_execute_named: chunk_phase step=8 chunk=8 phase=gpu start_raw_s=672579.0867821667 end_raw_s=672579.088398
2026-10-08T13:45:51.583021125Z DEBUG omega::metal::placements_execute_named: chunk_phase step=9 chunk=1 phase=scheduled start_raw_s=672579.088863583 end_raw_s=672579.088863583
2026-10-08T13:45:51.583282458Z DEBUG omega::metal::placements_execute_named: chunk_phase step=9 chunk=4 phase=scheduled start_raw_s=672579.089125 end_raw_s=672579.089125
2026-10-08T13:45:51.583472458Z DEBUG omega::metal::placements_execute_named: chunk_phase step=9 chunk=1 phase=gpu start_raw_s=672579.0889349167 end_raw_s=672579.0891987501
2026-10-08T13:45:51.583626417Z DEBUG omega::metal::placements_execute_named: chunk_phase step=9 chunk=6 phase=scheduled start_raw_s=672579.089468958 end_raw_s=672579.089468958
2026-10-08T13:45:51.584138417Z DEBUG omega::metal::placements_execute_named: chunk_phase step=9 chunk=3 phase=gpu start_raw_s=672579.0894697501 end_raw_s=672579.0898581251
2026-10-08T13:45:51.584615625Z DEBUG omega::metal::placements_execute_named: chunk_phase step=9 chunk=4 phase=gpu start_raw_s=672579.0898787917 end_raw_s=672579.0903490001
2026-10-08T13:45:51.585317417Z DEBUG omega::metal::placements_execute_named: chunk_phase step=9 chunk=5 phase=gpu start_raw_s=672579.090373625 end_raw_s=672579.0910554167
2026-10-08T13:45:51.586229167Z DEBUG omega::metal::placements_execute_named: chunk_phase step=9 chunk=6 phase=gpu start_raw_s=672579.091081875 end_raw_s=672579.0919505417
2026-10-08T13:45:51.151428917Z DEBUG omega::metal::placements_execute_named: step_phase step=0 phase=prepare start_raw_s=672578.619039916 end_raw_s=672578.657271
2026-10-08T13:45:51.589914250Z DEBUG omega::metal::placements_execute_named: chunk_phase step=10 chunk=1 phase=gpu start_raw_s=672579.09536 end_raw_s=672579.0956201251
2026-10-08T13:45:51.590160333Z DEBUG omega::metal::placements_execute_named: chunk_phase step=10 chunk=6 phase=scheduled start_raw_s=672579.096003041 end_raw_s=672579.096003041
2026-10-08T13:45:51.590534875Z DEBUG omega::metal::placements_execute_named: chunk_phase step=10 chunk=3 phase=gpu start_raw_s=672579.0958816251 end_raw_s=672579.09627225
2026-10-08T13:45:51.590714250Z DEBUG omega::metal::placements_execute_named: chunk_phase step=10 chunk=8 phase=scheduled start_raw_s=672579.096557041 end_raw_s=672579.096557041
2026-10-08T13:45:51.587456708Z DEBUG omega::metal::placements_execute_named: chunk_phase step=9 chunk=7 phase=gpu start_raw_s=672579.0919778751 end_raw_s=672579.0931611251
2026-10-08T13:45:51.589127208Z DEBUG omega::metal::placements_execute_named: chunk_phase step=9 chunk=8 phase=gpu start_raw_s=672579.093198125 end_raw_s=672579.094838375
2026-10-08T13:45:51.589456458Z DEBUG omega::metal::placements_execute_named: chunk_phase step=10 chunk=1 phase=scheduled start_raw_s=672579.095298916 end_raw_s=672579.095298916
2026-10-08T13:45:51.589482208Z DEBUG omega::metal::placements_execute_named: chunk_phase step=10 chunk=2 phase=scheduled start_raw_s=672579.095325041 end_raw_s=672579.095325041
2026-10-08T13:45:51.589595417Z DEBUG omega::metal::placements_execute_named: chunk_phase step=10 chunk=3 phase=scheduled start_raw_s=672579.095438 end_raw_s=672579.095438
2026-10-08T13:45:51.589754583Z DEBUG omega::metal::placements_execute_named: chunk_phase step=10 chunk=4 phase=scheduled start_raw_s=672579.09559675 end_raw_s=672579.09559675
2026-10-08T13:45:51.589931125Z DEBUG omega::metal::placements_execute_named: chunk_phase step=10 chunk=5 phase=scheduled start_raw_s=672579.095773666 end_raw_s=672579.095773666
2026-10-08T13:45:51.590122458Z DEBUG omega::metal::placements_execute_named: chunk_phase step=10 chunk=2 phase=gpu start_raw_s=672579.0956351251 end_raw_s=672579.0958560418
2026-10-08T13:45:51.590399083Z DEBUG omega::metal::placements_execute_named: chunk_phase step=10 chunk=7 phase=scheduled start_raw_s=672579.096241583 end_raw_s=672579.096241583
2026-10-08T13:45:51.591022500Z DEBUG omega::metal::placements_execute_named: chunk_phase step=10 chunk=4 phase=gpu start_raw_s=672579.096287625 end_raw_s=672579.096748625
2026-10-08T13:45:51.591704917Z DEBUG omega::metal::placements_execute_named: chunk_phase step=10 chunk=5 phase=gpu start_raw_s=672579.096773625 end_raw_s=672579.0974425417
2026-10-08T13:45:51.592564167Z DEBUG omega::metal::placements_execute_named: chunk_phase step=10 chunk=6 phase=gpu start_raw_s=672579.0974685417 end_raw_s=672579.0982966251
2026-10-08T13:45:51.593715083Z DEBUG omega::metal::placements_execute_named: chunk_phase step=10 chunk=7 phase=gpu start_raw_s=672579.0983087501 end_raw_s=672579.09942875
2026-10-08T13:45:51.596007542Z DEBUG omega::metal::placements_execute_named: chunk_phase step=11 chunk=4 phase=scheduled start_raw_s=672579.10185 end_raw_s=672579.10185
2026-10-08T13:45:51.596388333Z DEBUG omega::metal::placements_execute_named: chunk_phase step=11 chunk=6 phase=scheduled start_raw_s=672579.102230708 end_raw_s=672579.102230708
2026-10-08T13:45:51.596860208Z DEBUG omega::metal::placements_execute_named: chunk_phase step=11 chunk=3 phase=gpu start_raw_s=672579.102192625 end_raw_s=672579.1025887501
2026-10-08T13:45:51.596991250Z DEBUG omega::metal::placements_execute_named: chunk_phase step=11 chunk=8 phase=scheduled start_raw_s=672579.102834 end_raw_s=672579.102834
2026-10-08T13:45:51.595234417Z DEBUG omega::metal::placements_execute_named: chunk_phase step=10 chunk=8 phase=gpu start_raw_s=672579.099459375 end_raw_s=672579.1009492917
2026-10-08T13:45:51.595778417Z DEBUG omega::metal::placements_execute_named: chunk_phase step=11 chunk=1 phase=scheduled start_raw_s=672579.101620916 end_raw_s=672579.101620916
2026-10-08T13:45:51.595779500Z DEBUG omega::metal::placements_execute_named: chunk_phase step=11 chunk=2 phase=scheduled start_raw_s=672579.101622333 end_raw_s=672579.101622333
2026-10-08T13:45:51.595888250Z DEBUG omega::metal::placements_execute_named: chunk_phase step=11 chunk=3 phase=scheduled start_raw_s=672579.101730708 end_raw_s=672579.101730708
2026-10-08T13:45:51.596176208Z DEBUG omega::metal::placements_execute_named: chunk_phase step=11 chunk=1 phase=gpu start_raw_s=672579.101660875 end_raw_s=672579.10192025
2026-10-08T13:45:51.596182833Z DEBUG omega::metal::placements_execute_named: chunk_phase step=11 chunk=5 phase=scheduled start_raw_s=672579.102025375 end_raw_s=672579.102025375
2026-10-08T13:45:51.596429167Z DEBUG omega::metal::placements_execute_named: chunk_phase step=11 chunk=2 phase=gpu start_raw_s=672579.1019486251 end_raw_s=672579.10217175
2026-10-08T13:45:51.596655542Z DEBUG omega::metal::placements_execute_named: chunk_phase step=11 chunk=7 phase=scheduled start_raw_s=672579.102498083 end_raw_s=672579.102498083
2026-10-08T13:45:51.597342083Z DEBUG omega::metal::placements_execute_named: chunk_phase step=11 chunk=4 phase=gpu start_raw_s=672579.1026125001 end_raw_s=672579.1030796667
2026-10-08T13:45:51.598066750Z DEBUG omega::metal::placements_execute_named: chunk_phase step=11 chunk=5 phase=gpu start_raw_s=672579.1031069166 end_raw_s=672579.103794
2026-10-08T13:45:51.598978292Z DEBUG omega::metal::placements_execute_named: chunk_phase step=11 chunk=6 phase=gpu start_raw_s=672579.103821625 end_raw_s=672579.1047059167
2026-10-08T13:45:51.600234458Z DEBUG omega::metal::placements_execute_named: chunk_phase step=11 chunk=7 phase=gpu start_raw_s=672579.1047369167 end_raw_s=672579.1059376667
2026-10-08T13:45:51.185457458Z DEBUG omega::metal::placements_execute_named: step_phase step=0 phase=pre_encode start_raw_s=672578.657681458 end_raw_s=672578.691300083
2026-10-08T13:45:51.602164042Z DEBUG omega::metal::placements_execute_named: chunk_phase step=12 chunk=2 phase=scheduled start_raw_s=672579.10800675 end_raw_s=672579.10800675
2026-10-08T13:45:51.602390417Z DEBUG omega::metal::placements_execute_named: chunk_phase step=12 chunk=4 phase=scheduled start_raw_s=672579.108233 end_raw_s=672579.108233
2026-10-08T13:45:51.602554958Z DEBUG omega::metal::placements_execute_named: chunk_phase step=12 chunk=1 phase=gpu start_raw_s=672579.108036 end_raw_s=672579.108296375
2026-10-08T13:45:51.602800792Z DEBUG omega::metal::placements_execute_named: chunk_phase step=12 chunk=2 phase=gpu start_raw_s=672579.108320625 end_raw_s=672579.1085430417
2026-10-08T13:45:51.603029208Z DEBUG omega::metal::placements_execute_named: chunk_phase step=12 chunk=7 phase=scheduled start_raw_s=672579.108871791 end_raw_s=672579.108871791
2026-10-08T13:45:51.603718917Z DEBUG omega::metal::placements_execute_named: chunk_phase step=12 chunk=4 phase=gpu start_raw_s=672579.1089864167 end_raw_s=672579.10944575
2026-10-08T13:45:51.604434167Z DEBUG omega::metal::placements_execute_named: chunk_phase step=12 chunk=5 phase=gpu start_raw_s=672579.1094697501 end_raw_s=672579.11015025
2026-10-08T13:45:51.605339375Z DEBUG omega::metal::placements_execute_named: chunk_phase step=12 chunk=6 phase=gpu start_raw_s=672579.1101786667 end_raw_s=672579.1110780417
2026-10-08T13:45:51.606502625Z DEBUG omega::metal::placements_execute_named: chunk_phase step=12 chunk=7 phase=gpu start_raw_s=672579.1111037501 end_raw_s=672579.1122222501
2026-10-08T13:45:51.601786333Z DEBUG omega::metal::placements_execute_named: chunk_phase step=11 chunk=8 phase=gpu start_raw_s=672579.1059726251 end_raw_s=672579.1074977501
2026-10-08T13:45:51.602134167Z DEBUG omega::metal::placements_execute_named: chunk_phase step=12 chunk=1 phase=scheduled start_raw_s=672579.107976208 end_raw_s=672579.107976208
2026-10-08T13:45:51.602283667Z DEBUG omega::metal::placements_execute_named: chunk_phase step=12 chunk=3 phase=scheduled start_raw_s=672579.10812625 end_raw_s=672579.10812625
2026-10-08T13:45:51.602571375Z DEBUG omega::metal::placements_execute_named: chunk_phase step=12 chunk=5 phase=scheduled start_raw_s=672579.108414125 end_raw_s=672579.108414125
2026-10-08T13:45:51.602755708Z DEBUG omega::metal::placements_execute_named: chunk_phase step=12 chunk=6 phase=scheduled start_raw_s=672579.108598291 end_raw_s=672579.108598291
2026-10-08T13:45:51.603244625Z DEBUG omega::metal::placements_execute_named: chunk_phase step=12 chunk=3 phase=gpu start_raw_s=672579.1085657917 end_raw_s=672579.108963125
2026-10-08T13:45:51.603355042Z DEBUG omega::metal::placements_execute_named: chunk_phase step=12 chunk=8 phase=scheduled start_raw_s=672579.109197791 end_raw_s=672579.109197791
2026-10-08T13:45:51.608019417Z DEBUG omega::metal::placements_execute_named: chunk_phase step=12 chunk=8 phase=gpu start_raw_s=672579.11225875 end_raw_s=672579.1137474168
2026-10-08T13:45:51.608489833Z DEBUG omega::metal::placements_execute_named: chunk_phase step=13 chunk=2 phase=scheduled start_raw_s=672579.114332208 end_raw_s=672579.114332208
2026-10-08T13:45:51.608687875Z DEBUG omega::metal::placements_execute_named: chunk_phase step=13 chunk=4 phase=scheduled start_raw_s=672579.114530458 end_raw_s=672579.114530458
2026-10-08T13:45:51.609061167Z DEBUG omega::metal::placements_execute_named: chunk_phase step=13 chunk=1 phase=gpu start_raw_s=672579.1145485 end_raw_s=672579.114809875
2026-10-08T13:45:51.609106000Z DEBUG omega::metal::placements_execute_named: chunk_phase step=13 chunk=6 phase=scheduled start_raw_s=672579.11494875 end_raw_s=672579.11494875
2026-10-08T13:45:51.609756000Z DEBUG omega::metal::placements_execute_named: chunk_phase step=13 chunk=8 phase=scheduled start_raw_s=672579.11559875 end_raw_s=672579.11559875
2026-10-08T13:45:51.608476708Z DEBUG omega::metal::placements_execute_named: chunk_phase step=13 chunk=1 phase=scheduled start_raw_s=672579.1143185 end_raw_s=672579.1143185
2026-10-08T13:45:51.608561708Z DEBUG omega::metal::placements_execute_named: chunk_phase step=13 chunk=3 phase=scheduled start_raw_s=672579.114404375 end_raw_s=672579.114404375
2026-10-08T13:45:51.608853417Z DEBUG omega::metal::placements_execute_named: chunk_phase step=13 chunk=5 phase=scheduled start_raw_s=672579.114696041 end_raw_s=672579.114696041
2026-10-08T13:45:51.609299208Z DEBUG omega::metal::placements_execute_named: chunk_phase step=13 chunk=2 phase=gpu start_raw_s=672579.11483275 end_raw_s=672579.11505625
2026-10-08T13:45:51.609417292Z DEBUG omega::metal::placements_execute_named: chunk_phase step=13 chunk=7 phase=scheduled start_raw_s=672579.115259916 end_raw_s=672579.115259916
2026-10-08T13:45:51.609715708Z DEBUG omega::metal::placements_execute_named: chunk_phase step=13 chunk=3 phase=gpu start_raw_s=672579.1150775 end_raw_s=672579.1154733751
2026-10-08T13:45:51.610218750Z DEBUG omega::metal::placements_execute_named: chunk_phase step=13 chunk=4 phase=gpu start_raw_s=672579.11549775 end_raw_s=672579.1159649167
2026-10-08T13:45:51.610912042Z DEBUG omega::metal::placements_execute_named: chunk_phase step=13 chunk=5 phase=gpu start_raw_s=672579.115987 end_raw_s=672579.1166569167
2026-10-08T13:45:51.611793000Z DEBUG omega::metal::placements_execute_named: chunk_phase step=13 chunk=6 phase=gpu start_raw_s=672579.116682625 end_raw_s=672579.11753425
2026-10-08T13:45:51.613029583Z DEBUG omega::metal::placements_execute_named: chunk_phase step=13 chunk=7 phase=gpu start_raw_s=672579.117560375 end_raw_s=672579.118748
2026-10-08T13:45:51.614627542Z DEBUG omega::metal::placements_execute_named: chunk_phase step=13 chunk=8 phase=gpu start_raw_s=672579.1187800417 end_raw_s=672579.1203562918
2026-10-08T13:45:51.189746667Z DEBUG omega::metal::placements_execute_named: chunk_phase step=0 chunk=1 phase=encode start_raw_s=672578.691300083 end_raw_s=672578.695553625
2026-10-08T13:45:51.189746875Z DEBUG omega::metal::placements_execute_named: chunk_phase step=0 chunk=1 phase=commit start_raw_s=672578.69555575 end_raw_s=672578.695589125
2026-10-08T13:45:51.478221250Z DEBUG omega::metal::placements_execute_named: token_breakdown_gpu commit_call_ms=0.033374999999999995 commit_to_gpu_start_ms=50.494666676968336 gpu_busy_ms=237.79699997976422 gpu_end_to_wait_return_ms=0.17166634326747499 sum_ms=288.496708 final_commit_to_wait_ms=288.496708 gpu_start_raw_s=672578.7460504167 gpu_end_raw_s=672578.9838474167 commit_call_start_raw_s=672578.69555575 wait_return_extra_ms=288.462208 chunks=1 first_commit_to_first_gpu_start_ms=50.494666676968336 encode_overlap_ms=0
2026-10-08T13:45:51.478223458Z DEBUG omega::metal::placements_execute_named: chunk_record step=0 plan_shape=prefill chunk=1 chunk_count=1 op_first=0 op_last=382 encode_start_ms=0 encode_end_ms=4.2535419999999995 commit_at_ms=4.255708 commit_ms=0.033374999999999995 gpu_start_ms=54.750333772972226 gpu_end_ms=292.54733375273645 commit_to_gpu_start_ms=50.49462577297223 gpu_idle_before_ms=54.750333772972226
2026-10-08T13:45:51.478254333Z DEBUG proxima_model_interop::generate::decode: token_breakdown_argmax_split step=0 scan_ms=0 debug_ms=0
2026-10-08T13:45:51.478254792Z DEBUG proxima_model_interop::generate::decode: token_breakdown_gaps step=0 root_select_ms=0.133166 post_evaluate_ms=0.001916 pre_logits_ms=0.002583 checksum_ms=0.000041 fetch_ms=0.001333 argmax_ms=0.000583 logits_hash_ms=0
2026-10-08T13:45:51.478258625Z INFO proxima_model_interop::generate::load_model: token_breakdown: per-decode-step wall-clock attribution step=0 new_count=1000 cached_len_before=0 step_wall_ms=374.895375 apply_serving_config_ms=0.000083 build_position_inputs_ms=0.42975 named_blocks_weights_ms=9.228375 named_blocks_kv_ms=9.226416 kv_cache_upload_bytes=0 ssm_state_transfer_bytes=0 evaluate_ms=365.095708 layer_cache_append_ms=0.000583 layer_cache_append_bytes=0 greedy_pick_ms=0.00125
2026-10-08T13:45:51.478310750Z INFO proxima_model_interop::generate::load_model: token_breakdown_metal: per-decode-step metal stage attribution step=0 prepare_calls=1 prepare_ms=38.231083 emit_calls=0 emit_ms=0 pipeline_hits=350 pipeline_misses=33 pipeline_compile_ms=24.436041 block_upload_calls=31 block_upload_ms=0 block_offered_bytes=56890376 block_copied_bytes=264008 block_nocopy_bound_bytes=3145728 block_offset_bound_bytes=53480640 op_setup_calls=383 op_setup_ms=0.262708 pipeline_lookup_calls=0 pipeline_lookup_ms=0 encode_dispatch_calls=383 physical_dispatch_calls=455 encode_dispatch_ms=1.171875 gpu_exec_calls=1 gpu_exec_ms=288.496583 readback_calls=2 readback_ms=0.005083 readback_bytes=8 nocopy_uploads=24 copying_uploads=6 nocopy_reuses=0 resident_uploads=0 resident_reuses=0 mapping_offset_uploads=1 mapping_rebound_blocks=0 mapping_residency_rung=prefault expert_mapping_candidate_uploads=0 expert_mapping_missed_uploads=0 nocopy_cache_len=25 resident_cache_len=0 resident_cache_bytes=0 uniform_cache_len=0 phys_footprint_bytes=5948243008 device_allocated_bytes=1597063168 output_buffer_allocations=375 output_buffer_allocated_bytes=60759156 checkpoint_mapping_buffer_bytes=1422245888 expert_mapping_buffer_bytes=0 plan_uniform_writes=383 retire_scan_calls=893 retire_scan_ms=0.075666 expert_buffers_lookup_calls=383 expert_buffers_lookup_ms=0.23975 placement_resolve_calls=383 placement_resolve_ms=1.100541 loop_head_calls=383 loop_head_ms=1.337166 encoder_finish_ms=0.003916 pre_encode_calls=1 pre_encode_ms=33.619291 resolve_plan_ms=0 prepare_infer_ms=0.416 prepare_validate_ms=0.118375 prepare_bind_ms=36.544791 prepare_optimize_ms=0.8435 prepare_retire_ms=0.304166 build_plan_uniforms_ms=1.052833 resolve_steps_ms=33.124375 uniform_buffer_allocations=383 barriers=0 barriers_raw=0 barriers_waw=0 barriers_war=0 barriers_waw_war_arena_recycled=0 barriers_waw_war_persistent=0 expert_source_cache_hits=0 expert_source_cache_misses=0 expert_source_cache_cold_misses=0 expert_source_cache_replacement_misses=0 expert_source_reuse_copy_bytes=0 expert_source_reuse_copy_ms=0 plan_cache_len=0 plan_hits=0 plan_misses=1 plan_refits=0 plan_arena_allocated_bytes=0 segment_arena_allocated_bytes=0 placed_arena_allocated_bytes=54212140 ablation=false kind_filter=
2026-10-08T13:45:51.615063958Z DEBUG omega::metal::placements_execute_named: chunk_phase step=14 chunk=2 phase=scheduled start_raw_s=672579.120906458 end_raw_s=672579.120906458
2026-10-08T13:45:51.615286750Z DEBUG omega::metal::placements_execute_named: chunk_phase step=14 chunk=4 phase=scheduled start_raw_s=672579.121129333 end_raw_s=672579.121129333
2026-10-08T13:45:51.615463500Z DEBUG omega::metal::placements_execute_named: chunk_phase step=14 chunk=1 phase=gpu start_raw_s=672579.12093125 end_raw_s=672579.1211952918
2026-10-08T13:45:51.615660750Z DEBUG omega::metal::placements_execute_named: chunk_phase step=14 chunk=6 phase=scheduled start_raw_s=672579.121503208 end_raw_s=672579.121503208
2026-10-08T13:45:51.616104833Z DEBUG omega::metal::placements_execute_named: chunk_phase step=14 chunk=3 phase=gpu start_raw_s=672579.121461375 end_raw_s=672579.1218522501
2026-10-08T13:45:51.616289708Z DEBUG omega::metal::placements_execute_named: chunk_phase step=14 chunk=8 phase=scheduled start_raw_s=672579.122132458 end_raw_s=672579.122132458
2026-10-08T13:45:51.621474792Z DEBUG omega::metal::placements_execute_named: chunk_phase step=15 chunk=2 phase=scheduled start_raw_s=672579.127317208 end_raw_s=672579.127317208
2026-10-08T13:45:51.615007958Z DEBUG omega::metal::placements_execute_named: chunk_phase step=14 chunk=1 phase=scheduled start_raw_s=672579.120850333 end_raw_s=672579.120850333
2026-10-08T13:45:51.615160000Z DEBUG omega::metal::placements_execute_named: chunk_phase step=14 chunk=3 phase=scheduled start_raw_s=672579.121002541 end_raw_s=672579.121002541
2026-10-08T13:45:51.615512833Z DEBUG omega::metal::placements_execute_named: chunk_phase step=14 chunk=5 phase=scheduled start_raw_s=672579.121355375 end_raw_s=672579.121355375
2026-10-08T13:45:51.615691250Z DEBUG omega::metal::placements_execute_named: chunk_phase step=14 chunk=2 phase=gpu start_raw_s=672579.1212180001 end_raw_s=672579.1214405
2026-10-08T13:45:51.615937875Z DEBUG omega::metal::placements_execute_named: chunk_phase step=14 chunk=7 phase=scheduled start_raw_s=672579.121780416 end_raw_s=672579.121780416
2026-10-08T13:45:51.616588417Z DEBUG omega::metal::placements_execute_named: chunk_phase step=14 chunk=4 phase=gpu start_raw_s=672579.1218725 end_raw_s=672579.1223252917
2026-10-08T13:45:51.617297083Z DEBUG omega::metal::placements_execute_named: chunk_phase step=14 chunk=5 phase=gpu start_raw_s=672579.122349625 end_raw_s=672579.123019375
2026-10-08T13:45:51.618195125Z DEBUG omega::metal::placements_execute_named: chunk_phase step=14 chunk=6 phase=gpu start_raw_s=672579.123046875 end_raw_s=672579.123908625
2026-10-08T13:45:51.619355042Z DEBUG omega::metal::placements_execute_named: chunk_phase step=14 chunk=7 phase=gpu start_raw_s=672579.1239197501 end_raw_s=672579.125081875
2026-10-08T13:45:51.620996833Z DEBUG omega::metal::placements_execute_named: chunk_phase step=14 chunk=8 phase=gpu start_raw_s=672579.125110375 end_raw_s=672579.1267042917
2026-10-08T13:45:51.621413458Z DEBUG omega::metal::placements_execute_named: chunk_phase step=15 chunk=1 phase=scheduled start_raw_s=672579.127255583 end_raw_s=672579.127255583
2026-10-08T13:45:51.621697458Z DEBUG omega::metal::placements_execute_named: chunk_phase step=15 chunk=4 phase=scheduled start_raw_s=672579.127539958 end_raw_s=672579.127539958
2026-10-08T13:45:51.622085000Z DEBUG omega::metal::placements_execute_named: chunk_phase step=15 chunk=2 phase=gpu start_raw_s=672579.12760475 end_raw_s=672579.127827
2026-10-08T13:45:51.622126292Z DEBUG omega::metal::placements_execute_named: chunk_phase step=15 chunk=6 phase=scheduled start_raw_s=672579.127969041 end_raw_s=672579.127969041
2026-10-08T13:45:51.622513083Z DEBUG omega::metal::placements_execute_named: chunk_phase step=15 chunk=3 phase=gpu start_raw_s=672579.127847875 end_raw_s=672579.12823975
2026-10-08T13:45:51.622800250Z DEBUG omega::metal::placements_execute_named: chunk_phase step=15 chunk=8 phase=scheduled start_raw_s=672579.128642958 end_raw_s=672579.128642958
2026-10-08T13:45:51.627847500Z DEBUG omega::metal::placements_execute_named: chunk_phase step=16 chunk=2 phase=scheduled start_raw_s=672579.13369 end_raw_s=672579.13369
2026-10-08T13:45:51.628075792Z DEBUG omega::metal::placements_execute_named: chunk_phase step=16 chunk=4 phase=scheduled start_raw_s=672579.133918291 end_raw_s=672579.133918291
2026-10-08T13:45:51.621577958Z DEBUG omega::metal::placements_execute_named: chunk_phase step=15 chunk=3 phase=scheduled start_raw_s=672579.1274205 end_raw_s=672579.1274205
2026-10-08T13:45:51.621847458Z DEBUG omega::metal::placements_execute_named: chunk_phase step=15 chunk=1 phase=gpu start_raw_s=672579.12731725 end_raw_s=672579.1275835
2026-10-08T13:45:51.621893542Z DEBUG omega::metal::placements_execute_named: chunk_phase step=15 chunk=5 phase=scheduled start_raw_s=672579.127736083 end_raw_s=672579.127736083
2026-10-08T13:45:51.622411042Z DEBUG omega::metal::placements_execute_named: chunk_phase step=15 chunk=7 phase=scheduled start_raw_s=672579.128253541 end_raw_s=672579.128253541
2026-10-08T13:45:51.622979375Z DEBUG omega::metal::placements_execute_named: chunk_phase step=15 chunk=4 phase=gpu start_raw_s=672579.1282641251 end_raw_s=672579.1287135
2026-10-08T13:45:51.623687458Z DEBUG omega::metal::placements_execute_named: chunk_phase step=15 chunk=5 phase=gpu start_raw_s=672579.1287381668 end_raw_s=672579.129404625
2026-10-08T13:45:51.624588458Z DEBUG omega::metal::placements_execute_named: chunk_phase step=15 chunk=6 phase=gpu start_raw_s=672579.1294348751 end_raw_s=672579.1303065
2026-10-08T13:45:51.625821500Z DEBUG omega::metal::placements_execute_named: chunk_phase step=15 chunk=7 phase=gpu start_raw_s=672579.1303322917 end_raw_s=672579.1315245418
2026-10-08T13:45:51.627394958Z DEBUG omega::metal::placements_execute_named: chunk_phase step=15 chunk=8 phase=gpu start_raw_s=672579.1315575 end_raw_s=672579.1331280418
2026-10-08T13:45:51.627785625Z DEBUG omega::metal::placements_execute_named: chunk_phase step=16 chunk=1 phase=scheduled start_raw_s=672579.133627833 end_raw_s=672579.133627833
2026-10-08T13:45:51.627944208Z DEBUG omega::metal::placements_execute_named: chunk_phase step=16 chunk=3 phase=scheduled start_raw_s=672579.133786708 end_raw_s=672579.133786708
2026-10-08T13:45:51.628222750Z DEBUG omega::metal::placements_execute_named: chunk_phase step=16 chunk=1 phase=gpu start_raw_s=672579.1336946667 end_raw_s=672579.1339587917
2026-10-08T13:45:51.628476833Z DEBUG omega::metal::placements_execute_named: chunk_phase step=16 chunk=6 phase=scheduled start_raw_s=672579.134319291 end_raw_s=672579.134319291
2026-10-08T13:45:51.628881083Z DEBUG omega::metal::placements_execute_named: chunk_phase step=16 chunk=3 phase=gpu start_raw_s=672579.134222875 end_raw_s=672579.1346135417
2026-10-08T13:45:51.629148000Z DEBUG omega::metal::placements_execute_named: chunk_phase step=16 chunk=8 phase=scheduled start_raw_s=672579.13499075 end_raw_s=672579.13499075
2026-10-08T13:45:51.634239167Z DEBUG omega::metal::placements_execute_named: chunk_phase step=17 chunk=2 phase=scheduled start_raw_s=672579.140081708 end_raw_s=672579.140081708
2026-10-08T13:45:51.634459833Z DEBUG omega::metal::placements_execute_named: chunk_phase step=17 chunk=4 phase=scheduled start_raw_s=672579.140302375 end_raw_s=672579.140302375
2026-10-08T13:45:51.634818417Z DEBUG omega::metal::placements_execute_named: chunk_phase step=17 chunk=2 phase=gpu start_raw_s=672579.1403355417 end_raw_s=672579.1405595001
2026-10-08T13:45:51.634890792Z DEBUG omega::metal::placements_execute_named: chunk_phase step=17 chunk=6 phase=scheduled start_raw_s=672579.14073325 end_raw_s=672579.14073325
2026-10-08T13:45:51.628241500Z DEBUG omega::metal::placements_execute_named: chunk_phase step=16 chunk=5 phase=scheduled start_raw_s=672579.134084166 end_raw_s=672579.134084166
2026-10-08T13:45:51.628460208Z DEBUG omega::metal::placements_execute_named: chunk_phase step=16 chunk=2 phase=gpu start_raw_s=672579.1339795 end_raw_s=672579.134201625
2026-10-08T13:45:51.628772167Z DEBUG omega::metal::placements_execute_named: chunk_phase step=16 chunk=7 phase=scheduled start_raw_s=672579.13461475 end_raw_s=672579.13461475
2026-10-08T13:45:51.629344250Z DEBUG omega::metal::placements_execute_named: chunk_phase step=16 chunk=4 phase=gpu start_raw_s=672579.134633875 end_raw_s=672579.135084625
2026-10-08T13:45:51.630036292Z DEBUG omega::metal::placements_execute_named: chunk_phase step=16 chunk=5 phase=gpu start_raw_s=672579.1351085417 end_raw_s=672579.1357760417
2026-10-08T13:45:51.630950042Z DEBUG omega::metal::placements_execute_named: chunk_phase step=16 chunk=6 phase=gpu start_raw_s=672579.135803625 end_raw_s=672579.1366799168
2026-10-08T13:45:51.632173667Z DEBUG omega::metal::placements_execute_named: chunk_phase step=16 chunk=7 phase=gpu start_raw_s=672579.1367040001 end_raw_s=672579.1378887501
2026-10-08T13:45:51.633812875Z DEBUG omega::metal::placements_execute_named: chunk_phase step=16 chunk=8 phase=gpu start_raw_s=672579.13792975 end_raw_s=672579.1395290417
2026-10-08T13:45:51.634176042Z DEBUG omega::metal::placements_execute_named: chunk_phase step=17 chunk=1 phase=scheduled start_raw_s=672579.140018541 end_raw_s=672579.140018541
2026-10-08T13:45:51.634337417Z DEBUG omega::metal::placements_execute_named: chunk_phase step=17 chunk=3 phase=scheduled start_raw_s=672579.140179958 end_raw_s=672579.140179958
2026-10-08T13:45:51.634571542Z DEBUG omega::metal::placements_execute_named: chunk_phase step=17 chunk=1 phase=gpu start_raw_s=672579.1400525417 end_raw_s=672579.1403175
2026-10-08T13:45:51.634655583Z DEBUG omega::metal::placements_execute_named: chunk_phase step=17 chunk=5 phase=scheduled start_raw_s=672579.140498083 end_raw_s=672579.140498083
2026-10-08T13:45:51.635213500Z DEBUG omega::metal::placements_execute_named: chunk_phase step=17 chunk=3 phase=gpu start_raw_s=672579.1405785417 end_raw_s=672579.1409725418
2026-10-08T13:45:51.635611500Z DEBUG omega::metal::placements_execute_named: chunk_phase step=17 chunk=8 phase=scheduled start_raw_s=672579.141454375 end_raw_s=672579.141454375
2026-10-08T13:45:51.640572417Z DEBUG omega::metal::placements_execute_named: chunk_phase step=18 chunk=2 phase=scheduled start_raw_s=672579.146414875 end_raw_s=672579.146414875
2026-10-08T13:45:51.640817708Z DEBUG omega::metal::placements_execute_named: chunk_phase step=18 chunk=4 phase=scheduled start_raw_s=672579.146660208 end_raw_s=672579.146660208
2026-10-08T13:45:51.641171625Z DEBUG omega::metal::placements_execute_named: chunk_phase step=18 chunk=2 phase=gpu start_raw_s=672579.1466960417 end_raw_s=672579.1469197917
2026-10-08T13:45:51.641256875Z DEBUG omega::metal::placements_execute_named: chunk_phase step=18 chunk=6 phase=scheduled start_raw_s=672579.147099416 end_raw_s=672579.147099416
2026-10-08T13:45:51.641586250Z DEBUG omega::metal::placements_execute_named: chunk_phase step=18 chunk=3 phase=gpu start_raw_s=672579.146940875 end_raw_s=672579.1473344167
2026-10-08T13:45:51.641996083Z DEBUG omega::metal::placements_execute_named: chunk_phase step=18 chunk=8 phase=scheduled start_raw_s=672579.147838833 end_raw_s=672579.147838833
2026-10-08T13:45:51.635227375Z DEBUG omega::metal::placements_execute_named: chunk_phase step=17 chunk=7 phase=scheduled start_raw_s=672579.141070166 end_raw_s=672579.141070166
2026-10-08T13:45:51.635712833Z DEBUG omega::metal::placements_execute_named: chunk_phase step=17 chunk=4 phase=gpu start_raw_s=672579.1409933751 end_raw_s=672579.1414365
2026-10-08T13:45:51.636379458Z DEBUG omega::metal::placements_execute_named: chunk_phase step=17 chunk=5 phase=gpu start_raw_s=672579.1414650417 end_raw_s=672579.142115875
2026-10-08T13:45:51.637254125Z DEBUG omega::metal::placements_execute_named: chunk_phase step=17 chunk=6 phase=gpu start_raw_s=672579.1421426667 end_raw_s=672579.1430030001
2026-10-08T13:45:51.638455292Z DEBUG omega::metal::placements_execute_named: chunk_phase step=17 chunk=7 phase=gpu start_raw_s=672579.1430255 end_raw_s=672579.144197125
2026-10-08T13:45:51.640114167Z DEBUG omega::metal::placements_execute_named: chunk_phase step=17 chunk=8 phase=gpu start_raw_s=672579.1442235417 end_raw_s=672579.145810375
2026-10-08T13:45:51.640510333Z DEBUG omega::metal::placements_execute_named: chunk_phase step=18 chunk=1 phase=scheduled start_raw_s=672579.146352625 end_raw_s=672579.146352625
2026-10-08T13:45:51.640682167Z DEBUG omega::metal::placements_execute_named: chunk_phase step=18 chunk=3 phase=scheduled start_raw_s=672579.146524666 end_raw_s=672579.146524666
2026-10-08T13:45:51.640919083Z DEBUG omega::metal::placements_execute_named: chunk_phase step=18 chunk=1 phase=gpu start_raw_s=672579.14641925 end_raw_s=672579.1466834167
2026-10-08T13:45:51.641015625Z DEBUG omega::metal::placements_execute_named: chunk_phase step=18 chunk=5 phase=scheduled start_raw_s=672579.146858083 end_raw_s=672579.146858083
2026-10-08T13:45:51.641619083Z DEBUG omega::metal::placements_execute_named: chunk_phase step=18 chunk=7 phase=scheduled start_raw_s=672579.147461458 end_raw_s=672579.147461458
2026-10-08T13:45:51.642058875Z DEBUG omega::metal::placements_execute_named: chunk_phase step=18 chunk=4 phase=gpu start_raw_s=672579.147355625 end_raw_s=672579.1477991667
2026-10-08T13:45:51.646987542Z DEBUG omega::metal::placements_execute_named: chunk_phase step=19 chunk=2 phase=scheduled start_raw_s=672579.152830041 end_raw_s=672579.152830041
2026-10-08T13:45:51.647235333Z DEBUG omega::metal::placements_execute_named: chunk_phase step=19 chunk=4 phase=scheduled start_raw_s=672579.153077875 end_raw_s=672579.153077875
2026-10-08T13:45:51.647572500Z DEBUG omega::metal::placements_execute_named: chunk_phase step=19 chunk=2 phase=gpu start_raw_s=672579.1531037918 end_raw_s=672579.1533260001
2026-10-08T13:45:51.647674333Z DEBUG omega::metal::placements_execute_named: chunk_phase step=19 chunk=6 phase=scheduled start_raw_s=672579.153516833 end_raw_s=672579.153516833
2026-10-08T13:45:51.647998750Z DEBUG omega::metal::placements_execute_named: chunk_phase step=19 chunk=3 phase=gpu start_raw_s=672579.1533469167 end_raw_s=672579.1537399167
2026-10-08T13:45:51.648004250Z DEBUG omega::metal::placements_execute_named: chunk_phase step=19 chunk=7 phase=scheduled start_raw_s=672579.153847041 end_raw_s=672579.153847041
2026-10-08T13:45:51.648409083Z DEBUG omega::metal::placements_execute_named: chunk_phase step=19 chunk=8 phase=scheduled start_raw_s=672579.154251791 end_raw_s=672579.154251791
2026-10-08T13:45:51.648479250Z DEBUG omega::metal::placements_execute_named: chunk_phase step=19 chunk=4 phase=gpu start_raw_s=672579.153761 end_raw_s=672579.1542096667
2026-10-08T13:45:51.649119167Z DEBUG omega::metal::placements_execute_named: chunk_phase step=19 chunk=5 phase=gpu start_raw_s=672579.154237 end_raw_s=672579.1548685001
2026-10-08T13:45:51.642760917Z DEBUG omega::metal::placements_execute_named: chunk_phase step=18 chunk=5 phase=gpu start_raw_s=672579.1478234167 end_raw_s=672579.148482
2026-10-08T13:45:51.643650792Z DEBUG omega::metal::placements_execute_named: chunk_phase step=18 chunk=6 phase=gpu start_raw_s=672579.1485100001 end_raw_s=672579.1493935001
2026-10-08T13:45:51.644898208Z DEBUG omega::metal::placements_execute_named: chunk_phase step=18 chunk=7 phase=gpu start_raw_s=672579.1494153751 end_raw_s=672579.1506250417
2026-10-08T13:45:51.646542542Z DEBUG omega::metal::placements_execute_named: chunk_phase step=18 chunk=8 phase=gpu start_raw_s=672579.150659875 end_raw_s=672579.15228775
2026-10-08T13:45:51.646922333Z DEBUG omega::metal::placements_execute_named: chunk_phase step=19 chunk=1 phase=scheduled start_raw_s=672579.15276475 end_raw_s=672579.15276475
2026-10-08T13:45:51.647095208Z DEBUG omega::metal::placements_execute_named: chunk_phase step=19 chunk=3 phase=scheduled start_raw_s=672579.152937708 end_raw_s=672579.152937708
2026-10-08T13:45:51.647333000Z DEBUG omega::metal::placements_execute_named: chunk_phase step=19 chunk=1 phase=gpu start_raw_s=672579.1528242917 end_raw_s=672579.153088
2026-10-08T13:45:51.647431333Z DEBUG omega::metal::placements_execute_named: chunk_phase step=19 chunk=5 phase=scheduled start_raw_s=672579.153273791 end_raw_s=672579.153273791
2026-10-08T13:45:51.650007750Z DEBUG omega::metal::placements_execute_named: chunk_phase step=19 chunk=6 phase=gpu start_raw_s=672579.1548935 end_raw_s=672579.1557504167
2026-10-08T13:45:51.651222292Z DEBUG omega::metal::placements_execute_named: chunk_phase step=19 chunk=7 phase=gpu start_raw_s=672579.155774 end_raw_s=672579.1569640418
2026-10-08T13:45:51.652839375Z DEBUG omega::metal::placements_execute_named: chunk_phase step=19 chunk=8 phase=gpu start_raw_s=672579.1569931667 end_raw_s=672579.1585747917
2026-10-08T13:45:51.653233750Z DEBUG omega::metal::placements_execute_named: chunk_phase step=20 chunk=1 phase=scheduled start_raw_s=672579.159076041 end_raw_s=672579.159076041
2026-10-08T13:45:51.653409292Z DEBUG omega::metal::placements_execute_named: chunk_phase step=20 chunk=3 phase=scheduled start_raw_s=672579.159251791 end_raw_s=672579.159251791
2026-10-08T13:45:51.653654208Z DEBUG omega::metal::placements_execute_named: chunk_phase step=20 chunk=1 phase=gpu start_raw_s=672579.1591397501 end_raw_s=672579.159402875
2026-10-08T13:45:51.653749542Z DEBUG omega::metal::placements_execute_named: chunk_phase step=20 chunk=5 phase=scheduled start_raw_s=672579.159592041 end_raw_s=672579.159592041
2026-10-08T13:45:51.654321125Z DEBUG omega::metal::placements_execute_named: chunk_phase step=20 chunk=7 phase=scheduled start_raw_s=672579.160163625 end_raw_s=672579.160163625
2026-10-08T13:45:51.654730500Z DEBUG omega::metal::placements_execute_named: chunk_phase step=20 chunk=8 phase=scheduled start_raw_s=672579.16057325 end_raw_s=672579.16057325
2026-10-08T13:45:51.653300458Z DEBUG omega::metal::placements_execute_named: chunk_phase step=20 chunk=2 phase=scheduled start_raw_s=672579.159142875 end_raw_s=672579.159142875
2026-10-08T13:45:51.653554292Z DEBUG omega::metal::placements_execute_named: chunk_phase step=20 chunk=4 phase=scheduled start_raw_s=672579.15939675 end_raw_s=672579.15939675
2026-10-08T13:45:51.653889083Z DEBUG omega::metal::placements_execute_named: chunk_phase step=20 chunk=2 phase=gpu start_raw_s=672579.1594197501 end_raw_s=672579.159642625
2026-10-08T13:45:51.653991625Z DEBUG omega::metal::placements_execute_named: chunk_phase step=20 chunk=6 phase=scheduled start_raw_s=672579.159834125 end_raw_s=672579.159834125
2026-10-08T13:45:51.654310958Z DEBUG omega::metal::placements_execute_named: chunk_phase step=20 chunk=3 phase=gpu start_raw_s=672579.1596632501 end_raw_s=672579.160055125
2026-10-08T13:45:51.654769917Z DEBUG omega::metal::placements_execute_named: chunk_phase step=20 chunk=4 phase=gpu start_raw_s=672579.1600757501 end_raw_s=672579.1605211667
2026-10-08T13:45:51.655466958Z DEBUG omega::metal::placements_execute_named: chunk_phase step=20 chunk=5 phase=gpu start_raw_s=672579.1605455417 end_raw_s=672579.161215125
2026-10-08T13:45:51.659592792Z DEBUG omega::metal::placements_execute_named: chunk_phase step=21 chunk=2 phase=scheduled start_raw_s=672579.165435333 end_raw_s=672579.165435333
2026-10-08T13:45:51.659843958Z DEBUG omega::metal::placements_execute_named: chunk_phase step=21 chunk=4 phase=scheduled start_raw_s=672579.1656865 end_raw_s=672579.1656865
2026-10-08T13:45:51.660179417Z DEBUG omega::metal::placements_execute_named: chunk_phase step=21 chunk=2 phase=gpu start_raw_s=672579.1657144167 end_raw_s=672579.16594075
2026-10-08T13:45:51.660281000Z DEBUG omega::metal::placements_execute_named: chunk_phase step=21 chunk=6 phase=scheduled start_raw_s=672579.1661235 end_raw_s=672579.1661235
2026-10-08T13:45:51.660611500Z DEBUG omega::metal::placements_execute_named: chunk_phase step=21 chunk=3 phase=gpu start_raw_s=672579.1659615 end_raw_s=672579.166355625
2026-10-08T13:45:51.660614792Z DEBUG omega::metal::placements_execute_named: chunk_phase step=21 chunk=7 phase=scheduled start_raw_s=672579.166457625 end_raw_s=672579.166457625
2026-10-08T13:45:51.661016542Z DEBUG omega::metal::placements_execute_named: chunk_phase step=21 chunk=8 phase=scheduled start_raw_s=672579.166859333 end_raw_s=672579.166859333
2026-10-08T13:45:51.656308708Z DEBUG omega::metal::placements_execute_named: chunk_phase step=20 chunk=6 phase=gpu start_raw_s=672579.161241875 end_raw_s=672579.1620598751
2026-10-08T13:45:51.657537833Z DEBUG omega::metal::placements_execute_named: chunk_phase step=20 chunk=7 phase=gpu start_raw_s=672579.162086375 end_raw_s=672579.163278875
2026-10-08T13:45:51.659154458Z DEBUG omega::metal::placements_execute_named: chunk_phase step=20 chunk=8 phase=gpu start_raw_s=672579.163309375 end_raw_s=672579.1649075
2026-10-08T13:45:51.659528458Z DEBUG omega::metal::placements_execute_named: chunk_phase step=21 chunk=1 phase=scheduled start_raw_s=672579.165370833 end_raw_s=672579.165370833
2026-10-08T13:45:51.659703917Z DEBUG omega::metal::placements_execute_named: chunk_phase step=21 chunk=3 phase=scheduled start_raw_s=672579.165546458 end_raw_s=672579.165546458
2026-10-08T13:45:51.659937458Z DEBUG omega::metal::placements_execute_named: chunk_phase step=21 chunk=1 phase=gpu start_raw_s=672579.1654359167 end_raw_s=672579.1656977917
2026-10-08T13:45:51.660036583Z DEBUG omega::metal::placements_execute_named: chunk_phase step=21 chunk=5 phase=scheduled start_raw_s=672579.165879041 end_raw_s=672579.165879041
2026-10-08T13:45:51.661092250Z DEBUG omega::metal::placements_execute_named: chunk_phase step=21 chunk=4 phase=gpu start_raw_s=672579.16637675 end_raw_s=672579.1668229167
2026-10-08T13:45:51.661784667Z DEBUG omega::metal::placements_execute_named: chunk_phase step=21 chunk=5 phase=gpu start_raw_s=672579.166847875 end_raw_s=672579.1675085
2026-10-08T13:45:51.662693333Z DEBUG omega::metal::placements_execute_named: chunk_phase step=21 chunk=6 phase=gpu start_raw_s=672579.167534 end_raw_s=672579.1684058751
2026-10-08T13:45:51.665896167Z DEBUG omega::metal::placements_execute_named: chunk_phase step=22 chunk=2 phase=scheduled start_raw_s=672579.171738625 end_raw_s=672579.171738625
2026-10-08T13:45:51.666149167Z DEBUG omega::metal::placements_execute_named: chunk_phase step=22 chunk=4 phase=scheduled start_raw_s=672579.171991666 end_raw_s=672579.171991666
2026-10-08T13:45:51.666507375Z DEBUG omega::metal::placements_execute_named: chunk_phase step=22 chunk=2 phase=gpu start_raw_s=672579.1720301667 end_raw_s=672579.172252875
2026-10-08T13:45:51.666598125Z DEBUG omega::metal::placements_execute_named: chunk_phase step=22 chunk=6 phase=scheduled start_raw_s=672579.172440625 end_raw_s=672579.172440625
2026-10-08T13:45:51.666993875Z DEBUG omega::metal::placements_execute_named: chunk_phase step=22 chunk=3 phase=gpu start_raw_s=672579.1722738751 end_raw_s=672579.172668
2026-10-08T13:45:51.667346208Z DEBUG omega::metal::placements_execute_named: chunk_phase step=22 chunk=8 phase=scheduled start_raw_s=672579.173188833 end_raw_s=672579.173188833
2026-10-08T13:45:51.663826708Z DEBUG omega::metal::placements_execute_named: chunk_phase step=21 chunk=7 phase=gpu start_raw_s=672579.1684252917 end_raw_s=672579.1695505
2026-10-08T13:45:51.665342958Z DEBUG omega::metal::placements_execute_named: chunk_phase step=21 chunk=8 phase=gpu start_raw_s=672579.1695766667 end_raw_s=672579.1710697501
2026-10-08T13:45:51.665833458Z DEBUG omega::metal::placements_execute_named: chunk_phase step=22 chunk=1 phase=scheduled start_raw_s=672579.171675416 end_raw_s=672579.171675416
2026-10-08T13:45:51.666008542Z DEBUG omega::metal::placements_execute_named: chunk_phase step=22 chunk=3 phase=scheduled start_raw_s=672579.171851 end_raw_s=672579.171851
2026-10-08T13:45:51.666266708Z DEBUG omega::metal::placements_execute_named: chunk_phase step=22 chunk=1 phase=gpu start_raw_s=672579.1717488751 end_raw_s=672579.1720095001
2026-10-08T13:45:51.666354042Z DEBUG omega::metal::placements_execute_named: chunk_phase step=22 chunk=5 phase=scheduled start_raw_s=672579.172196583 end_raw_s=672579.172196583
2026-10-08T13:45:51.666933292Z DEBUG omega::metal::placements_execute_named: chunk_phase step=22 chunk=7 phase=scheduled start_raw_s=672579.172775833 end_raw_s=672579.172775833
2026-10-08T13:45:51.667417833Z DEBUG omega::metal::placements_execute_named: chunk_phase step=22 chunk=4 phase=gpu start_raw_s=672579.1726880417 end_raw_s=672579.1731420417
2026-10-08T13:45:51.668059875Z DEBUG omega::metal::placements_execute_named: chunk_phase step=22 chunk=5 phase=gpu start_raw_s=672579.1731681667 end_raw_s=672579.1737955417
2026-10-08T13:45:51.668890417Z DEBUG omega::metal::placements_execute_named: chunk_phase step=22 chunk=6 phase=gpu start_raw_s=672579.1738207501 end_raw_s=672579.1746422501
2026-10-08T13:45:51.670069000Z DEBUG omega::metal::placements_execute_named: chunk_phase step=22 chunk=7 phase=gpu start_raw_s=672579.1746655001 end_raw_s=672579.1757896667
2026-10-08T13:45:51.672443042Z DEBUG omega::metal::placements_execute_named: chunk_phase step=23 chunk=2 phase=scheduled start_raw_s=672579.1782855 end_raw_s=672579.1782855
2026-10-08T13:45:51.672930000Z DEBUG omega::metal::placements_execute_named: chunk_phase step=23 chunk=2 phase=gpu start_raw_s=672579.1784407917 end_raw_s=672579.1786656667
2026-10-08T13:45:51.673150417Z DEBUG omega::metal::placements_execute_named: chunk_phase step=23 chunk=4 phase=scheduled start_raw_s=672579.178992916 end_raw_s=672579.178992916
2026-10-08T13:45:51.673805625Z DEBUG omega::metal::placements_execute_named: chunk_phase step=23 chunk=4 phase=gpu start_raw_s=672579.17910375 end_raw_s=672579.1795527918
2026-10-08T13:45:51.674370917Z DEBUG omega::metal::placements_execute_named: chunk_phase step=23 chunk=6 phase=scheduled start_raw_s=672579.180213416 end_raw_s=672579.180213416
2026-10-08T13:45:51.675368792Z DEBUG omega::metal::placements_execute_named: chunk_phase step=23 chunk=6 phase=gpu start_raw_s=672579.180257375 end_raw_s=672579.1810817501
2026-10-08T13:45:51.676293042Z DEBUG omega::metal::placements_execute_named: chunk_phase step=23 chunk=8 phase=scheduled start_raw_s=672579.182135583 end_raw_s=672579.182135583
2026-10-08T13:45:51.671590292Z DEBUG omega::metal::placements_execute_named: chunk_phase step=22 chunk=8 phase=gpu start_raw_s=672579.1758170001 end_raw_s=672579.1773153751
2026-10-08T13:45:51.672243792Z DEBUG omega::metal::placements_execute_named: chunk_phase step=23 chunk=1 phase=scheduled start_raw_s=672579.178086125 end_raw_s=672579.178086125
2026-10-08T13:45:51.672684667Z DEBUG omega::metal::placements_execute_named: chunk_phase step=23 chunk=1 phase=gpu start_raw_s=672579.17815425 end_raw_s=672579.1784191667
2026-10-08T13:45:51.672760250Z DEBUG omega::metal::placements_execute_named: chunk_phase step=23 chunk=3 phase=scheduled start_raw_s=672579.178602666 end_raw_s=672579.178602666
2026-10-08T13:45:51.673425250Z DEBUG omega::metal::placements_execute_named: chunk_phase step=23 chunk=3 phase=gpu start_raw_s=672579.1786861251 end_raw_s=672579.1790805
2026-10-08T13:45:51.673683875Z DEBUG omega::metal::placements_execute_named: chunk_phase step=23 chunk=5 phase=scheduled start_raw_s=672579.179526291 end_raw_s=672579.179526291
2026-10-08T13:45:51.674495917Z DEBUG omega::metal::placements_execute_named: chunk_phase step=23 chunk=5 phase=gpu start_raw_s=672579.179579125 end_raw_s=672579.18021275
2026-10-08T13:45:51.675216417Z DEBUG omega::metal::placements_execute_named: chunk_phase step=23 chunk=7 phase=scheduled start_raw_s=672579.181058875 end_raw_s=672579.181058875
2026-10-08T13:45:51.676502000Z DEBUG omega::metal::placements_execute_named: chunk_phase step=23 chunk=7 phase=gpu start_raw_s=672579.181101875 end_raw_s=672579.1822349167
2026-10-08T13:45:51.678066500Z DEBUG omega::metal::placements_execute_named: chunk_phase step=23 chunk=8 phase=gpu start_raw_s=672579.1822651251 end_raw_s=672579.183771375
2026-10-08T13:45:51.518020792Z DEBUG omega::metal::placements_execute_named: span=47557da2a7797a6d step_phase step=1 phase=prepare start_raw_s=672578.984286583 end_raw_s=672579.0238635
2026-10-08T13:45:51.528489583Z DEBUG omega::metal::placements_execute_named: step_phase step=1 phase=pre_encode start_raw_s=672579.024336666 end_raw_s=672579.034332541
2026-10-08T13:45:51.531170292Z DEBUG omega::metal::placements_execute_named: chunk_phase step=1 chunk=1 phase=encode start_raw_s=672579.034332541 end_raw_s=672579.036998958
2026-10-08T13:45:51.531170583Z DEBUG omega::metal::placements_execute_named: chunk_phase step=1 chunk=1 phase=commit start_raw_s=672579.036999708 end_raw_s=672579.0370125
2026-10-08T13:45:51.531334667Z DEBUG omega::metal::placements_execute_named: chunk_phase step=1 chunk=2 phase=encode start_raw_s=672579.037013875 end_raw_s=672579.037175125
2026-10-08T13:45:51.531334958Z DEBUG omega::metal::placements_execute_named: chunk_phase step=1 chunk=2 phase=commit start_raw_s=672579.037175541 end_raw_s=672579.037177208
2026-10-08T13:45:51.531486583Z DEBUG omega::metal::placements_execute_named: chunk_phase step=1 chunk=3 phase=encode start_raw_s=672579.037178125 end_raw_s=672579.037325166
2026-10-08T13:45:51.531486958Z DEBUG omega::metal::placements_execute_named: chunk_phase step=1 chunk=3 phase=commit start_raw_s=672579.03732525 end_raw_s=672579.037329083
2026-10-08T13:45:51.531654542Z DEBUG omega::metal::placements_execute_named: chunk_phase step=1 chunk=4 phase=encode start_raw_s=672579.037330125 end_raw_s=672579.037493708
2026-10-08T13:45:51.531654750Z DEBUG omega::metal::placements_execute_named: chunk_phase step=1 chunk=4 phase=commit start_raw_s=672579.037493833 end_raw_s=672579.037497125
2026-10-08T13:45:51.531873083Z DEBUG omega::metal::placements_execute_named: chunk_phase step=1 chunk=5 phase=encode start_raw_s=672579.037497916 end_raw_s=672579.037712
2026-10-08T13:45:51.531873708Z DEBUG omega::metal::placements_execute_named: chunk_phase step=1 chunk=5 phase=commit start_raw_s=672579.037712125 end_raw_s=672579.037715541
2026-10-08T13:45:51.532141875Z DEBUG omega::metal::placements_execute_named: chunk_phase step=1 chunk=6 phase=encode start_raw_s=672579.037717 end_raw_s=672579.037979458
2026-10-08T13:45:51.532142292Z DEBUG omega::metal::placements_execute_named: chunk_phase step=1 chunk=6 phase=commit start_raw_s=672579.037979625 end_raw_s=672579.037984333
2026-10-08T13:45:51.532429875Z DEBUG omega::metal::placements_execute_named: chunk_phase step=1 chunk=7 phase=encode start_raw_s=672579.037985666 end_raw_s=672579.038267916
2026-10-08T13:45:51.532430333Z DEBUG omega::metal::placements_execute_named: chunk_phase step=1 chunk=7 phase=commit start_raw_s=672579.038268041 end_raw_s=672579.0382725
2026-10-08T13:45:51.532777667Z DEBUG omega::metal::placements_execute_named: chunk_phase step=1 chunk=8 phase=encode start_raw_s=672579.0382735 end_raw_s=672579.03861725
2026-10-08T13:45:51.532777833Z DEBUG omega::metal::placements_execute_named: chunk_phase step=1 chunk=8 phase=commit start_raw_s=672579.038617625 end_raw_s=672579.038620541
2026-10-08T13:45:51.537765333Z DEBUG omega::metal::placements_execute_named: token_breakdown_gpu commit_call_ms=0.0029579999999999997 commit_to_gpu_start_ms=0 gpu_busy_ms=5.876958253793418 gpu_end_to_wait_return_ms=0 sum_ms=5.879916253793418 final_commit_to_wait_ms=4.989 gpu_start_raw_s=672579.0375454167 gpu_end_raw_s=672579.043422375 commit_call_start_raw_s=672579.038617625 wait_return_extra_ms=4.9854579999999995 chunks=8 first_commit_to_first_gpu_start_ms=0.5457086954265833 encode_overlap_ms=1.603417
2026-10-08T13:45:51.537766292Z DEBUG omega::metal::placements_execute_named: chunk_record step=1 plan_shape=decode chunk=1 chunk_count=8 op_first=0 op_last=23 encode_start_ms=0 encode_end_ms=2.666417 commit_at_ms=2.6672089999999997 commit_ms=0.012791 gpu_start_ms=3.212875686585903 gpu_end_ms=3.516959026455879 commit_to_gpu_start_ms=0.5456666865859034 gpu_idle_before_ms=3.212875686585903
2026-10-08T13:45:51.537767000Z DEBUG omega::metal::placements_execute_named: chunk_record step=1 plan_shape=decode chunk=2 chunk_count=8 op_first=24 op_last=40 encode_start_ms=2.681292 encode_end_ms=2.842542 commit_at_ms=2.843 commit_ms=0.001667 gpu_start_ms=3.538458957336843 gpu_end_ms=3.779583959840238 commit_to_gpu_start_ms=0.695458957336843 gpu_idle_before_ms=0.021499930880963802
2026-10-08T13:45:51.537767458Z DEBUG omega::metal::placements_execute_named: chunk_record step=1 plan_shape=decode chunk=3 chunk_count=8 op_first=41 op_last=64 encode_start_ms=2.845584 encode_end_ms=2.992584 commit_at_ms=2.992709 commit_ms=0.003875 gpu_start_ms=3.800458973273635 gpu_end_ms=4.205583943985403 commit_to_gpu_start_ms=0.8077499732736348 gpu_idle_before_ms=0.020875013433396816
2026-10-08T13:45:51.537767750Z DEBUG omega::metal::placements_execute_named: chunk_record step=1 plan_shape=decode chunk=4 chunk_count=8 op_first=65 op_last=96 encode_start_ms=2.997542 encode_end_ms=3.1611249999999997 commit_at_ms=3.161292 commit_ms=0.003292 gpu_start_ms=4.231125698424876 gpu_end_ms=4.684958956204355 commit_to_gpu_start_ms=1.0698336984248757 gpu_idle_before_ms=0.025541754439473152
2026-10-08T13:45:51.537768083Z DEBUG omega::metal::placements_execute_named: chunk_record step=1 plan_shape=decode chunk=5 chunk_count=8 op_first=97 op_last=139 encode_start_ms=3.165334 encode_end_ms=3.379459 commit_at_ms=3.3795840000000004 commit_ms=0.003416 gpu_start_ms=4.708750639110804 gpu_end_ms=5.364959011785686 commit_to_gpu_start_ms=1.3291666391108032 gpu_idle_before_ms=0.02379168290644884
2026-10-08T13:45:51.537768417Z DEBUG omega::metal::placements_execute_named: chunk_record step=1 plan_shape=decode chunk=6 chunk_count=8 op_first=140 op_last=197 encode_start_ms=3.3844589999999997 encode_end_ms=3.646875 commit_at_ms=3.6471250000000004 commit_ms=0.004667 gpu_start_ms=5.39395899977535 gpu_end_ms=6.240959046408534 commit_to_gpu_start_ms=1.7468339997753497 gpu_idle_before_ms=0.028999987989664078
2026-10-08T13:45:51.537768708Z DEBUG omega::metal::placements_execute_named: chunk_record step=1 plan_shape=decode chunk=7 chunk_count=8 op_first=198 op_last=275 encode_start_ms=3.653084 encode_end_ms=3.9353749999999996 commit_at_ms=3.9354999999999998 commit_ms=0.004459 gpu_start_ms=6.254459032788873 gpu_end_ms=7.443084032274783 commit_to_gpu_start_ms=2.318959032788873 gpu_idle_before_ms=0.013499986380338669
2026-10-08T13:45:51.537769042Z DEBUG omega::metal::placements_execute_named: chunk_record step=1 plan_shape=decode chunk=8 chunk_count=8 op_first=276 op_last=382 encode_start_ms=3.940959 encode_end_ms=4.284667 commit_at_ms=4.2850839999999994 commit_ms=0.0029579999999999997 gpu_start_ms=7.4863339541479945 gpu_end_ms=9.089833940379322 commit_to_gpu_start_ms=3.201249954147995 gpu_idle_before_ms=0.04324992187321186
2026-10-08T13:45:51.537793208Z DEBUG proxima_model_interop::generate::decode: token_breakdown_argmax_split step=1 scan_ms=0 debug_ms=0
2026-10-08T13:45:51.537793625Z DEBUG proxima_model_interop::generate::decode: token_breakdown_gaps step=1 root_select_ms=0.039958 post_evaluate_ms=0.00175 pre_logits_ms=0.002291 checksum_ms=0 fetch_ms=0.001041 argmax_ms=0.0005 logits_hash_ms=0
2026-10-08T13:45:51.537794833Z INFO proxima_model_interop::generate::load_model: token_breakdown: per-decode-step wall-clock attribution step=1 new_count=1 cached_len_before=1000 step_wall_ms=59.46625 apply_serving_config_ms=0.000541 build_position_inputs_ms=0.002125 named_blocks_weights_ms=0.025625 named_blocks_kv_ms=0.024541 kv_cache_upload_bytes=0 ssm_state_transfer_bytes=0 evaluate_ms=59.38925 layer_cache_append_ms=0.000625 layer_cache_append_bytes=0 greedy_pick_ms=0
2026-10-08T13:45:51.537806125Z INFO proxima_model_interop::generate::load_model: token_breakdown_metal: per-decode-step metal stage attribution step=1 prepare_calls=1 prepare_ms=39.576875 emit_calls=0 emit_ms=0 pipeline_hits=373 pipeline_misses=10 pipeline_compile_ms=4.926833 block_upload_calls=6 block_upload_ms=0 block_offered_bytes=272 block_copied_bytes=272 block_nocopy_bound_bytes=0 block_offset_bound_bytes=0 op_setup_calls=383 op_setup_ms=0.021083 pipeline_lookup_calls=0 pipeline_lookup_ms=0 encode_dispatch_calls=383 physical_dispatch_calls=407 encode_dispatch_ms=0.853958 gpu_exec_calls=8 gpu_exec_ms=4.988958 readback_calls=2 readback_ms=0.005083 readback_bytes=8 nocopy_uploads=0 copying_uploads=6 nocopy_reuses=0 resident_uploads=0 resident_reuses=0 mapping_offset_uploads=0 mapping_rebound_blocks=0 mapping_residency_rung=prefault expert_mapping_candidate_uploads=0 expert_mapping_missed_uploads=0 nocopy_cache_len=25 resident_cache_len=0 resident_cache_bytes=0 uniform_cache_len=1 phys_footprint_bytes=5961546816 device_allocated_bytes=1598881792 output_buffer_allocations=252 output_buffer_allocated_bytes=3446156 checkpoint_mapping_buffer_bytes=1422245888 expert_mapping_buffer_bytes=0 plan_uniform_writes=383 retire_scan_calls=893 retire_scan_ms=0.0755 expert_buffers_lookup_calls=383 expert_buffers_lookup_ms=0.257625 placement_resolve_calls=383 placement_resolve_ms=1.238208 loop_head_calls=383 loop_head_ms=1.388958 encoder_finish_ms=0.000291 pre_encode_calls=1 pre_encode_ms=9.996166 resolve_plan_ms=40.051791 prepare_infer_ms=0.473958 prepare_validate_ms=0.114375 prepare_bind_ms=37.878875 prepare_optimize_ms=0.81025 prepare_retire_ms=0.296625 build_plan_uniforms_ms=1.070541 resolve_steps_ms=9.832708 uniform_buffer_allocations=383 barriers=0 barriers_raw=0 barriers_waw=0 barriers_war=0 barriers_waw_war_arena_recycled=0 barriers_waw_war_persistent=0 expert_source_cache_hits=0 expert_source_cache_misses=0 expert_source_cache_cold_misses=0 expert_source_cache_replacement_misses=0 expert_source_reuse_copy_bytes=0 expert_source_reuse_copy_ms=0 plan_cache_len=0 plan_hits=0 plan_misses=2 plan_refits=0 plan_arena_allocated_bytes=0 segment_arena_allocated_bytes=0 placed_arena_allocated_bytes=54414264 ablation=false kind_filter=
2026-10-08T13:45:51.538013375Z DEBUG omega::metal::placements_execute_named: step_phase step=2 phase=pre_encode start_raw_s=672579.043784458 end_raw_s=672579.043856291
2026-10-08T13:45:51.538088167Z DEBUG omega::metal::placements_execute_named: chunk_phase step=2 chunk=1 phase=encode start_raw_s=672579.043856291 end_raw_s=672579.043926416
2026-10-08T13:45:51.538088500Z DEBUG omega::metal::placements_execute_named: chunk_phase step=2 chunk=1 phase=commit start_raw_s=672579.043926625 end_raw_s=672579.04393075
2026-10-08T13:45:51.538152500Z DEBUG omega::metal::placements_execute_named: chunk_phase step=2 chunk=2 phase=encode start_raw_s=672579.043931666 end_raw_s=672579.043994416
2026-10-08T13:45:51.538152792Z DEBUG omega::metal::placements_execute_named: chunk_phase step=2 chunk=2 phase=commit start_raw_s=672579.0439945 end_raw_s=672579.043995166
2026-10-08T13:45:51.538249458Z DEBUG omega::metal::placements_execute_named: chunk_phase step=2 chunk=3 phase=encode start_raw_s=672579.043995958 end_raw_s=672579.044086625
2026-10-08T13:45:51.538249750Z DEBUG omega::metal::placements_execute_named: chunk_phase step=2 chunk=3 phase=commit start_raw_s=672579.044086708 end_raw_s=672579.044092125
2026-10-08T13:45:51.538367208Z DEBUG omega::metal::placements_execute_named: chunk_phase step=2 chunk=4 phase=encode start_raw_s=672579.044093041 end_raw_s=672579.044207833
2026-10-08T13:45:51.538367500Z DEBUG omega::metal::placements_execute_named: chunk_phase step=2 chunk=4 phase=commit start_raw_s=672579.044207916 end_raw_s=672579.044209958
2026-10-08T13:45:51.538522875Z DEBUG omega::metal::placements_execute_named: chunk_phase step=2 chunk=5 phase=encode start_raw_s=672579.044210666 end_raw_s=672579.04436075
2026-10-08T13:45:51.538523125Z DEBUG omega::metal::placements_execute_named: chunk_phase step=2 chunk=5 phase=commit start_raw_s=672579.044360916 end_raw_s=672579.044365416
2026-10-08T13:45:51.538750625Z DEBUG omega::metal::placements_execute_named: chunk_phase step=2 chunk=6 phase=encode start_raw_s=672579.044366291 end_raw_s=672579.044590541
2026-10-08T13:45:51.538750917Z DEBUG omega::metal::placements_execute_named: chunk_phase step=2 chunk=6 phase=commit start_raw_s=672579.044590625 end_raw_s=672579.044593333
2026-10-08T13:45:51.539017458Z DEBUG omega::metal::placements_execute_named: chunk_phase step=2 chunk=7 phase=encode start_raw_s=672579.044594208 end_raw_s=672579.044854666
2026-10-08T13:45:51.539017792Z DEBUG omega::metal::placements_execute_named: chunk_phase step=2 chunk=7 phase=commit start_raw_s=672579.04485475 end_raw_s=672579.044860166
2026-10-08T13:45:51.539359792Z DEBUG omega::metal::placements_execute_named: chunk_phase step=2 chunk=8 phase=encode start_raw_s=672579.044860916 end_raw_s=672579.045197708
2026-10-08T13:45:51.539360125Z DEBUG omega::metal::placements_execute_named: chunk_phase step=2 chunk=8 phase=commit start_raw_s=672579.045197958 end_raw_s=672579.045202541
2026-10-08T13:45:51.544196917Z DEBUG omega::metal::placements_execute_named: token_breakdown_gpu commit_call_ms=0.004541 commit_to_gpu_start_ms=0 gpu_busy_ms=5.773624987341464 gpu_end_to_wait_return_ms=0 sum_ms=5.778165987341463 final_commit_to_wait_ms=4.840541 gpu_start_raw_s=672579.0440865001 gpu_end_raw_s=672579.0498601251 commit_call_start_raw_s=672579.045197958 wait_return_extra_ms=4.835209 chunks=8 first_commit_to_first_gpu_start_ms=0.1598750241100788 encode_overlap_ms=1.266209
2026-10-08T13:45:51.544197875Z DEBUG omega::metal::placements_execute_named: chunk_record step=2 plan_shape=decode chunk=1 chunk_count=8 op_first=0 op_last=23 encode_start_ms=0 encode_end_ms=0.07012499999999999 commit_at_ms=0.07041599999999999 commit_ms=0.004084 gpu_start_ms=0.23020908702164888 gpu_end_ms=0.4929590504616499 commit_to_gpu_start_ms=0.1597930870216489 gpu_idle_before_ms=0.23020908702164888
2026-10-08T13:45:51.544198333Z DEBUG omega::metal::placements_execute_named: chunk_record step=2 plan_shape=decode chunk=2 chunk_count=8 op_first=24 op_last=40 encode_start_ms=0.075375 encode_end_ms=0.138125 commit_at_ms=0.13825 commit_ms=0.0006659999999999999 gpu_start_ms=0.5203341133892536 gpu_end_ms=0.7435840088874102 commit_to_gpu_start_ms=0.38208411338925363 gpu_idle_before_ms=0.02737506292760372
2026-10-08T13:45:51.544198708Z DEBUG omega::metal::placements_execute_named: chunk_record step=2 plan_shape=decode chunk=3 chunk_count=8 op_first=41 op_last=64 encode_start_ms=0.139708 encode_end_ms=0.230375 commit_at_ms=0.230458 commit_ms=0.005417 gpu_start_ms=0.7641257252544165 gpu_end_ms=1.1609590146690607 commit_to_gpu_start_ms=0.5336677252544164 gpu_idle_before_ms=0.020541716367006302
2026-10-08T13:45:51.544199042Z DEBUG omega::metal::placements_execute_named: chunk_record step=2 plan_shape=decode chunk=4 chunk_count=8 op_first=65 op_last=96 encode_start_ms=0.23675000000000002 encode_end_ms=0.351583 commit_at_ms=0.351666 commit_ms=0.002042 gpu_start_ms=1.1893340852111578 gpu_end_ms=1.628834055736661 commit_to_gpu_start_ms=0.8376680852111578 gpu_idle_before_ms=0.02837507054209709
2026-10-08T13:45:51.544199375Z DEBUG omega::metal::placements_execute_named: chunk_record step=2 plan_shape=decode chunk=5 chunk_count=8 op_first=97 op_last=139 encode_start_ms=0.35441599999999995 encode_end_ms=0.504458 commit_at_ms=0.504666 commit_ms=0.004542 gpu_start_ms=1.6573340399190784 gpu_end_ms=2.28962569963187 commit_to_gpu_start_ms=1.1526680399190785 gpu_idle_before_ms=0.028499984182417393
2026-10-08T13:45:51.544199708Z DEBUG omega::metal::placements_execute_named: chunk_record step=2 plan_shape=decode chunk=6 chunk_count=8 op_first=140 op_last=197 encode_start_ms=0.51 encode_end_ms=0.73425 commit_at_ms=0.734375 commit_ms=0.0027080000000000003 gpu_start_ms=2.3257507709786296 gpu_end_ms=3.1927507370710373 commit_to_gpu_start_ms=1.5913757709786296 gpu_idle_before_ms=0.036125071346759796
2026-10-08T13:45:51.544200000Z DEBUG omega::metal::placements_execute_named: chunk_record step=2 plan_shape=decode chunk=7 chunk_count=8 op_first=198 op_last=275 encode_start_ms=0.737958 encode_end_ms=0.998416 commit_at_ms=0.9985 commit_ms=0.005416000000000001 gpu_start_ms=3.216334036551416 gpu_end_ms=4.402459017001092 commit_to_gpu_start_ms=2.217834036551416 gpu_idle_before_ms=0.023583299480378628
2026-10-08T13:45:51.544200292Z DEBUG omega::metal::placements_execute_named: chunk_record step=2 plan_shape=decode chunk=8 chunk_count=8 op_first=276 op_last=382 encode_start_ms=1.004666 encode_end_ms=1.341458 commit_at_ms=1.34175 commit_ms=0.004541 gpu_start_ms=4.441084107384086 gpu_end_ms=6.0038340743631124 commit_to_gpu_start_ms=3.0993341073840854 gpu_idle_before_ms=0.03862509038299322
2026-10-08T13:45:51.544216750Z DEBUG proxima_model_interop::generate::decode: token_breakdown_argmax_split step=2 scan_ms=0 debug_ms=0
2026-10-08T13:45:51.544217292Z DEBUG proxima_model_interop::generate::decode: token_breakdown_gaps step=2 root_select_ms=0.04025 post_evaluate_ms=0.001333 pre_logits_ms=0.0015 checksum_ms=0 fetch_ms=0.000625 argmax_ms=0.000208 logits_hash_ms=0.000041
2026-10-08T13:45:51.544218375Z INFO proxima_model_interop::generate::load_model: token_breakdown: per-decode-step wall-clock attribution step=2 new_count=1 cached_len_before=1001 step_wall_ms=6.404208 apply_serving_config_ms=0.000416 build_position_inputs_ms=0.004125 named_blocks_weights_ms=0.023333 named_blocks_kv_ms=0.022375 kv_cache_upload_bytes=0 ssm_state_transfer_bytes=0 evaluate_ms=6.331541 layer_cache_append_ms=0.000166 layer_cache_append_bytes=0 greedy_pick_ms=0
2026-10-08T13:45:51.544226208Z INFO proxima_model_interop::generate::load_model: token_breakdown_metal: per-decode-step metal stage attribution step=2 prepare_calls=0 prepare_ms=0 emit_calls=0 emit_ms=0 pipeline_hits=0 pipeline_misses=0 pipeline_compile_ms=0 block_upload_calls=6 block_upload_ms=0 block_offered_bytes=272 block_copied_bytes=272 block_nocopy_bound_bytes=0 block_offset_bound_bytes=0 op_setup_calls=374 op_setup_ms=0.008291 pipeline_lookup_calls=0 pipeline_lookup_ms=0 encode_dispatch_calls=374 physical_dispatch_calls=398 encode_dispatch_ms=0.74625 gpu_exec_calls=8 gpu_exec_ms=4.8405 readback_calls=2 readback_ms=0.004375 readback_bytes=8 nocopy_uploads=0 copying_uploads=6 nocopy_reuses=0 resident_uploads=0 resident_reuses=0 mapping_offset_uploads=0 mapping_rebound_blocks=4 mapping_residency_rung=prefault expert_mapping_candidate_uploads=0 expert_mapping_missed_uploads=0 nocopy_cache_len=25 resident_cache_len=0 resident_cache_bytes=0 uniform_cache_len=1 phys_footprint_bytes=5961546816 device_allocated_bytes=1598881792 output_buffer_allocations=0 output_buffer_allocated_bytes=0 checkpoint_mapping_buffer_bytes=1422245888 expert_mapping_buffer_bytes=0 plan_uniform_writes=0 retire_scan_calls=893 retire_scan_ms=0.091 expert_buffers_lookup_calls=374 expert_buffers_lookup_ms=0.241333 placement_resolve_calls=374 placement_resolve_ms=0.031916 loop_head_calls=383 loop_head_ms=0.106541 encoder_finish_ms=0.000208 pre_encode_calls=1 pre_encode_ms=0.072041 resolve_plan_ms=0.000291 prepare_infer_ms=0 prepare_validate_ms=0 prepare_bind_ms=0 prepare_optimize_ms=0 prepare_retire_ms=0 build_plan_uniforms_ms=0 resolve_steps_ms=0 uniform_buffer_allocations=0 barriers=0 barriers_raw=0 barriers_waw=0 barriers_war=0 barriers_waw_war_arena_recycled=0 barriers_waw_war_persistent=0 expert_source_cache_hits=0 expert_source_cache_misses=0 expert_source_cache_cold_misses=0 expert_source_cache_replacement_misses=0 expert_source_reuse_copy_bytes=0 expert_source_reuse_copy_ms=0 plan_cache_len=0 plan_hits=1 plan_misses=2 plan_refits=0 plan_arena_allocated_bytes=0 segment_arena_allocated_bytes=0 placed_arena_allocated_bytes=54414264 ablation=false kind_filter=
2026-10-08T13:45:51.544409458Z DEBUG omega::metal::placements_execute_named: step_phase step=3 phase=pre_encode start_raw_s=672579.050179083 end_raw_s=672579.050252416
2026-10-08T13:45:51.544483542Z DEBUG omega::metal::placements_execute_named: chunk_phase step=3 chunk=1 phase=encode start_raw_s=672579.050252416 end_raw_s=672579.050321875
2026-10-08T13:45:51.544483708Z DEBUG omega::metal::placements_execute_named: chunk_phase step=3 chunk=1 phase=commit start_raw_s=672579.050322041 end_raw_s=672579.05032625
2026-10-08T13:45:51.544547417Z DEBUG omega::metal::placements_execute_named: chunk_phase step=3 chunk=2 phase=encode start_raw_s=672579.050326916 end_raw_s=672579.050389375
2026-10-08T13:45:51.544547583Z DEBUG omega::metal::placements_execute_named: chunk_phase step=3 chunk=2 phase=commit start_raw_s=672579.050389458 end_raw_s=672579.050390125
2026-10-08T13:45:51.544637125Z DEBUG omega::metal::placements_execute_named: chunk_phase step=3 chunk=3 phase=encode start_raw_s=672579.05039075 end_raw_s=672579.050477958
2026-10-08T13:45:51.544637417Z DEBUG omega::metal::placements_execute_named: chunk_phase step=3 chunk=3 phase=commit start_raw_s=672579.050478041 end_raw_s=672579.050479833
2026-10-08T13:45:51.544750708Z DEBUG omega::metal::placements_execute_named: chunk_phase step=3 chunk=4 phase=encode start_raw_s=672579.050480583 end_raw_s=672579.050590875
2026-10-08T13:45:51.544751000Z DEBUG omega::metal::placements_execute_named: chunk_phase step=3 chunk=4 phase=commit start_raw_s=672579.050590958 end_raw_s=672579.050593375
2026-10-08T13:45:51.544901875Z DEBUG omega::metal::placements_execute_named: chunk_phase step=3 chunk=5 phase=encode start_raw_s=672579.050594208 end_raw_s=672579.050741958
2026-10-08T13:45:51.544902167Z DEBUG omega::metal::placements_execute_named: chunk_phase step=3 chunk=5 phase=commit start_raw_s=672579.050742125 end_raw_s=672579.05074425
2026-10-08T13:45:51.545113625Z DEBUG omega::metal::placements_execute_named: chunk_phase step=3 chunk=6 phase=encode start_raw_s=672579.050745333 end_raw_s=672579.050951416
2026-10-08T13:45:51.545113958Z DEBUG omega::metal::placements_execute_named: chunk_phase step=3 chunk=6 phase=commit start_raw_s=672579.050951541 end_raw_s=672579.050956333
2026-10-08T13:45:51.545394833Z DEBUG omega::metal::placements_execute_named: chunk_phase step=3 chunk=7 phase=encode start_raw_s=672579.050957125 end_raw_s=672579.051232666
2026-10-08T13:45:51.545395125Z DEBUG omega::metal::placements_execute_named: chunk_phase step=3 chunk=7 phase=commit start_raw_s=672579.051232791 end_raw_s=672579.0512375
2026-10-08T13:45:51.545729458Z DEBUG omega::metal::placements_execute_named: chunk_phase step=3 chunk=8 phase=encode start_raw_s=672579.051238291 end_raw_s=672579.051569166
2026-10-08T13:45:51.545729750Z DEBUG omega::metal::placements_execute_named: chunk_phase step=3 chunk=8 phase=commit start_raw_s=672579.051569458 end_raw_s=672579.051572166
2026-10-08T13:45:51.550626792Z DEBUG omega::metal::placements_execute_named: token_breakdown_gpu commit_call_ms=0.0027080000000000003 commit_to_gpu_start_ms=0 gpu_busy_ms=5.848541739396751 gpu_end_to_wait_return_ms=0 sum_ms=5.851249739396751 final_commit_to_wait_ms=4.899541 gpu_start_raw_s=672579.050486875 gpu_end_raw_s=672579.0563354167 commit_call_start_raw_s=672579.051569458 wait_return_extra_ms=4.896084 chunks=8 first_commit_to_first_gpu_start_ms=0.16483396757394075 encode_overlap_ms=1.242417
2026-10-08T13:45:51.550627417Z DEBUG omega::metal::placements_execute_named: chunk_record step=3 plan_shape=decode chunk=1 chunk_count=8 op_first=0 op_last=23 encode_start_ms=0 encode_end_ms=0.069459 commit_at_ms=0.06966699999999999 commit_ms=0.004208 gpu_start_ms=0.23445894476026297 gpu_end_ms=0.49645896069705486 commit_to_gpu_start_ms=0.164791944760263 gpu_idle_before_ms=0.23445894476026297
2026-10-08T13:45:51.550627833Z DEBUG omega::metal::placements_execute_named: chunk_record step=3 plan_shape=decode chunk=2 chunk_count=8 op_first=24 op_last=40 encode_start_ms=0.0745 encode_end_ms=0.136959 commit_at_ms=0.13708399999999998 commit_ms=0.0006659999999999999 gpu_start_ms=0.5235839635133743 gpu_end_ms=0.7453756406903267 commit_to_gpu_start_ms=0.38649996351337434 gpu_idle_before_ms=0.027125002816319466
2026-10-08T13:45:51.550628167Z DEBUG omega::metal::placements_execute_named: chunk_record step=3 plan_shape=decode chunk=3 chunk_count=8 op_first=41 op_last=64 encode_start_ms=0.138292 encode_end_ms=0.2255 commit_at_ms=0.225625 commit_ms=0.001792 gpu_start_ms=0.7667089812457561 gpu_end_ms=1.1585840256884694 commit_to_gpu_start_ms=0.5410839812457562 gpu_idle_before_ms=0.02133334055542946
2026-10-08T13:45:51.550628500Z DEBUG omega::metal::placements_execute_named: chunk_record step=3 plan_shape=decode chunk=4 chunk_count=8 op_first=65 op_last=96 encode_start_ms=0.228125 encode_end_ms=0.33841699999999997 commit_at_ms=0.338542 commit_ms=0.002417 gpu_start_ms=1.1817506747320294 gpu_end_ms=1.6443756176158786 commit_to_gpu_start_ms=0.8432086747320294 gpu_idle_before_ms=0.023166649043560028
2026-10-08T13:45:51.550628792Z DEBUG omega::metal::placements_execute_named: chunk_record step=3 plan_shape=decode chunk=5 chunk_count=8 op_first=97 op_last=139 encode_start_ms=0.34175 encode_end_ms=0.48954200000000003 commit_at_ms=0.48970899999999995 commit_ms=0.002125 gpu_start_ms=1.6689590411260724 gpu_end_ms=2.299209008924663 commit_to_gpu_start_ms=1.1792500411260725 gpu_idle_before_ms=0.024583423510193825
2026-10-08T13:45:51.550629167Z DEBUG omega::metal::placements_execute_named: chunk_record step=3 plan_shape=decode chunk=6 chunk_count=8 op_first=140 op_last=197 encode_start_ms=0.49287500000000006 encode_end_ms=0.699 commit_at_ms=0.699125 commit_ms=0.004792 gpu_start_ms=2.327958936803043 gpu_end_ms=3.2103756675496697 commit_to_gpu_start_ms=1.628833936803043 gpu_idle_before_ms=0.028749927878379822
2026-10-08T13:45:51.550629458Z DEBUG omega::metal::placements_execute_named: chunk_record step=3 plan_shape=decode chunk=7 chunk_count=8 op_first=198 op_last=275 encode_start_ms=0.7046669999999999 encode_end_ms=0.98025 commit_at_ms=0.9803749999999999 commit_ms=0.0047090000000000005 gpu_start_ms=3.2382089411839843 gpu_end_ms=4.448625608347356 commit_to_gpu_start_ms=2.2578339411839843 gpu_idle_before_ms=0.027833273634314537
2026-10-08T13:45:51.550629750Z DEBUG omega::metal::placements_execute_named: chunk_record step=3 plan_shape=decode chunk=8 chunk_count=8 op_first=276 op_last=382 encode_start_ms=0.9858340000000001 encode_end_ms=1.31675 commit_at_ms=1.317042 commit_ms=0.0027080000000000003 gpu_start_ms=4.489458980970085 gpu_end_ms=6.083000684157014 commit_to_gpu_start_ms=3.172416980970085 gpu_idle_before_ms=0.04083337262272835
2026-10-08T13:45:51.550642625Z DEBUG proxima_model_interop::generate::decode: token_breakdown_argmax_split step=3 scan_ms=0 debug_ms=0
2026-10-08T13:45:51.550643125Z DEBUG proxima_model_interop::generate::decode: token_breakdown_gaps step=3 root_select_ms=0.035583 post_evaluate_ms=0.000875 pre_logits_ms=0.001166 checksum_ms=0 fetch_ms=0.000708 argmax_ms=0.000125 logits_hash_ms=0
2026-10-08T13:45:51.550643917Z INFO proxima_model_interop::generate::load_model: token_breakdown: per-decode-step wall-clock attribution step=3 new_count=1 cached_len_before=1002 step_wall_ms=6.411291 apply_serving_config_ms=0.00025 build_position_inputs_ms=0.001583 named_blocks_weights_ms=0.0175 named_blocks_kv_ms=0.016625 kv_cache_upload_bytes=0 ssm_state_transfer_bytes=0 evaluate_ms=6.353125 layer_cache_append_ms=0.000125 layer_cache_append_bytes=0 greedy_pick_ms=0.000041
2026-10-08T13:45:51.550650083Z INFO proxima_model_interop::generate::load_model: token_breakdown_metal: per-decode-step metal stage attribution step=3 prepare_calls=0 prepare_ms=0 emit_calls=0 emit_ms=0 pipeline_hits=0 pipeline_misses=0 pipeline_compile_ms=0 block_upload_calls=6 block_upload_ms=0 block_offered_bytes=272 block_copied_bytes=272 block_nocopy_bound_bytes=0 block_offset_bound_bytes=0 op_setup_calls=374 op_setup_ms=0.00775 pipeline_lookup_calls=0 pipeline_lookup_ms=0 encode_dispatch_calls=374 physical_dispatch_calls=398 encode_dispatch_ms=0.747583 gpu_exec_calls=8 gpu_exec_ms=4.8995 readback_calls=2 readback_ms=0.004166 readback_bytes=8 nocopy_uploads=0 copying_uploads=6 nocopy_reuses=0 resident_uploads=0 resident_reuses=0 mapping_offset_uploads=0 mapping_rebound_blocks=4 mapping_residency_rung=prefault expert_mapping_candidate_uploads=0 expert_mapping_missed_uploads=0 nocopy_cache_len=25 resident_cache_len=0 resident_cache_bytes=0 uniform_cache_len=1 phys_footprint_bytes=5961579584 device_allocated_bytes=1598881792 output_buffer_allocations=0 output_buffer_allocated_bytes=0 checkpoint_mapping_buffer_bytes=1422245888 expert_mapping_buffer_bytes=0 plan_uniform_writes=0 retire_scan_calls=893 retire_scan_ms=0.0845 expert_buffers_lookup_calls=374 expert_buffers_lookup_ms=0.238458 placement_resolve_calls=374 placement_resolve_ms=0.030333 loop_head_calls=383 loop_head_ms=0.100375 encoder_finish_ms=0.000208 pre_encode_calls=1 pre_encode_ms=0.0735 resolve_plan_ms=0.000208 prepare_infer_ms=0 prepare_validate_ms=0 prepare_bind_ms=0 prepare_optimize_ms=0 prepare_retire_ms=0 build_plan_uniforms_ms=0 resolve_steps_ms=0 uniform_buffer_allocations=0 barriers=0 barriers_raw=0 barriers_waw=0 barriers_war=0 barriers_waw_war_arena_recycled=0 barriers_waw_war_persistent=0 expert_source_cache_hits=0 expert_source_cache_misses=0 expert_source_cache_cold_misses=0 expert_source_cache_replacement_misses=0 expert_source_reuse_copy_bytes=0 expert_source_reuse_copy_ms=0 plan_cache_len=0 plan_hits=2 plan_misses=2 plan_refits=0 plan_arena_allocated_bytes=0 segment_arena_allocated_bytes=0 placed_arena_allocated_bytes=54414264 ablation=false kind_filter=
2026-10-08T13:45:51.550809750Z DEBUG omega::metal::placements_execute_named: step_phase step=4 phase=pre_encode start_raw_s=672579.056589541 end_raw_s=672579.05665275
2026-10-08T13:45:51.550878208Z DEBUG omega::metal::placements_execute_named: chunk_phase step=4 chunk=1 phase=encode start_raw_s=672579.05665275 end_raw_s=672579.056717
2026-10-08T13:45:51.550878333Z DEBUG omega::metal::placements_execute_named: chunk_phase step=4 chunk=1 phase=commit start_raw_s=672579.056717208 end_raw_s=672579.056720666
2026-10-08T13:45:51.550938708Z DEBUG omega::metal::placements_execute_named: chunk_phase step=4 chunk=2 phase=encode start_raw_s=672579.056721666 end_raw_s=672579.05678075
2026-10-08T13:45:51.550938875Z DEBUG omega::metal::placements_execute_named: chunk_phase step=4 chunk=2 phase=commit start_raw_s=672579.056780875 end_raw_s=672579.056781458
2026-10-08T13:45:51.551041250Z DEBUG omega::metal::placements_execute_named: chunk_phase step=4 chunk=3 phase=encode start_raw_s=672579.056782041 end_raw_s=672579.056881125
2026-10-08T13:45:51.551041458Z DEBUG omega::metal::placements_execute_named: chunk_phase step=4 chunk=3 phase=commit start_raw_s=672579.056881208 end_raw_s=672579.056884
2026-10-08T13:45:51.551152542Z DEBUG omega::metal::placements_execute_named: chunk_phase step=4 chunk=4 phase=encode start_raw_s=672579.056884625 end_raw_s=672579.056992541
2026-10-08T13:45:51.551152750Z DEBUG omega::metal::placements_execute_named: chunk_phase step=4 chunk=4 phase=commit start_raw_s=672579.056992666 end_raw_s=672579.05699525
2026-10-08T13:45:51.551306167Z DEBUG omega::metal::placements_execute_named: chunk_phase step=4 chunk=5 phase=encode start_raw_s=672579.056995916 end_raw_s=672579.057146833
2026-10-08T13:45:51.551306375Z DEBUG omega::metal::placements_execute_named: chunk_phase step=4 chunk=5 phase=commit start_raw_s=672579.057146958 end_raw_s=672579.057148833
2026-10-08T13:45:51.551510625Z DEBUG omega::metal::placements_execute_named: chunk_phase step=4 chunk=6 phase=encode start_raw_s=672579.057149541 end_raw_s=672579.057350958
2026-10-08T13:45:51.551510875Z DEBUG omega::metal::placements_execute_named: chunk_phase step=4 chunk=6 phase=commit start_raw_s=672579.057351041 end_raw_s=672579.057353291
2026-10-08T13:45:51.551781583Z DEBUG omega::metal::placements_execute_named: chunk_phase step=4 chunk=7 phase=encode start_raw_s=672579.057354083 end_raw_s=672579.057621875
2026-10-08T13:45:51.551781875Z DEBUG omega::metal::placements_execute_named: chunk_phase step=4 chunk=7 phase=commit start_raw_s=672579.057621916 end_raw_s=672579.057624291
2026-10-08T13:45:51.552106958Z DEBUG omega::metal::placements_execute_named: chunk_phase step=4 chunk=8 phase=encode start_raw_s=672579.057625041 end_raw_s=672579.057946875
2026-10-08T13:45:51.552107208Z DEBUG omega::metal::placements_execute_named: chunk_phase step=4 chunk=8 phase=commit start_raw_s=672579.057947125 end_raw_s=672579.05794975
2026-10-08T13:45:51.557078292Z DEBUG omega::metal::placements_execute_named: token_breakdown_gpu commit_call_ms=0.0026249999999999997 commit_to_gpu_start_ms=0 gpu_busy_ms=5.881375051103532 gpu_end_to_wait_return_ms=0 sum_ms=5.884000051103532 final_commit_to_wait_ms=4.973375 gpu_start_raw_s=672579.056894 gpu_end_raw_s=672579.0627753751 commit_call_start_raw_s=672579.057947125 wait_return_extra_ms=4.970083 chunks=8 first_commit_to_first_gpu_start_ms=0.17679203301668167 encode_overlap_ms=1.225334
2026-10-08T13:45:51.557078917Z DEBUG omega::metal::placements_execute_named: chunk_record step=4 plan_shape=decode chunk=1 chunk_count=8 op_first=0 op_last=23 encode_start_ms=0 encode_end_ms=0.064292 commit_at_ms=0.064542 commit_ms=0.003416 gpu_start_ms=0.2412500325590372 gpu_end_ms=0.5035416688770056 commit_to_gpu_start_ms=0.17670803255903722 gpu_idle_before_ms=0.2412500325590372
2026-10-08T13:45:51.557079250Z DEBUG omega::metal::placements_execute_named: chunk_record step=4 plan_shape=decode chunk=2 chunk_count=8 op_first=24 op_last=40 encode_start_ms=0.068917 encode_end_ms=0.12804200000000002 commit_at_ms=0.128167 commit_ms=0.000625 gpu_start_ms=0.5253750132396817 gpu_end_ms=0.7455000886693597 commit_to_gpu_start_ms=0.3972080132396817 gpu_idle_before_ms=0.021833344362676144
2026-10-08T13:45:51.557079625Z DEBUG omega::metal::placements_execute_named: chunk_record step=4 plan_shape=decode chunk=3 chunk_count=8 op_first=41 op_last=64 encode_start_ms=0.12929200000000002 encode_end_ms=0.22841699999999998 commit_at_ms=0.2285 commit_ms=0.002792 gpu_start_ms=0.7698750123381615 gpu_end_ms=1.1580000864341855 commit_to_gpu_start_ms=0.5413750123381614 gpu_idle_before_ms=0.024374923668801785
2026-10-08T13:45:51.557079958Z DEBUG omega::metal::placements_execute_named: chunk_record step=4 plan_shape=decode chunk=4 chunk_count=8 op_first=65 op_last=96 encode_start_ms=0.23187500000000003 encode_end_ms=0.339833 commit_at_ms=0.33995800000000004 commit_ms=0.0025840000000000004 gpu_start_ms=1.1808749986812472 gpu_end_ms=1.6457500169053674 commit_to_gpu_start_ms=0.8409169986812473 gpu_idle_before_ms=0.02287491224706173
2026-10-08T13:45:51.557080333Z DEBUG omega::metal::placements_execute_named: chunk_record step=4 plan_shape=decode chunk=5 chunk_count=8 op_first=97 op_last=139 encode_start_ms=0.343208 encode_end_ms=0.494083 commit_at_ms=0.49425 commit_ms=0.001917 gpu_start_ms=1.6673749778419733 gpu_end_ms=2.3415416944772005 commit_to_gpu_start_ms=1.1731249778419732 gpu_idle_before_ms=0.02162496093660593
2026-10-08T13:45:51.557080708Z DEBUG omega::metal::placements_execute_named: chunk_record step=4 plan_shape=decode chunk=6 chunk_count=8 op_first=140 op_last=197 encode_start_ms=0.496833 encode_end_ms=0.6982079999999999 commit_at_ms=0.698333 commit_ms=0.0022500000000000003 gpu_start_ms=2.3674999829381704 gpu_end_ms=3.2096250215545297 commit_to_gpu_start_ms=1.6691669829381706 gpu_idle_before_ms=0.025958288460969925
2026-10-08T13:45:51.557081083Z DEBUG omega::metal::placements_execute_named: chunk_record step=4 plan_shape=decode chunk=7 chunk_count=8 op_first=198 op_last=275 encode_start_ms=0.701333 encode_end_ms=0.969125 commit_at_ms=0.96925 commit_ms=0.002333 gpu_start_ms=3.2350000692531466 gpu_end_ms=4.483750090003014 commit_to_gpu_start_ms=2.265750069253147 gpu_idle_before_ms=0.02537504769861698
2026-10-08T13:45:51.557081458Z DEBUG omega::metal::placements_execute_named: chunk_record step=4 plan_shape=decode chunk=8 chunk_count=8 op_first=276 op_last=382 encode_start_ms=0.972333 encode_end_ms=1.294125 commit_at_ms=1.294417 commit_ms=0.0026249999999999997 gpu_start_ms=4.521750030107796 gpu_end_ms=6.1226250836625695 commit_to_gpu_start_ms=3.227333030107796 gpu_idle_before_ms=0.03799994010478258
2026-10-08T13:45:51.557094833Z DEBUG proxima_model_interop::generate::decode: token_breakdown_argmax_split step=4 scan_ms=0 debug_ms=0
2026-10-08T13:45:51.557095167Z DEBUG proxima_model_interop::generate::decode: token_breakdown_gaps step=4 root_select_ms=0.031166 post_evaluate_ms=0.001041 pre_logits_ms=0.001208 checksum_ms=0 fetch_ms=0.00075 argmax_ms=0.000166 logits_hash_ms=0
2026-10-08T13:45:51.557096042Z INFO proxima_model_interop::generate::load_model: token_breakdown: per-decode-step wall-clock attribution step=4 new_count=1 cached_len_before=1003 step_wall_ms=6.4405 apply_serving_config_ms=0.000125 build_position_inputs_ms=0.001041 named_blocks_weights_ms=0.014583 named_blocks_kv_ms=0.013916 kv_cache_upload_bytes=0 ssm_state_transfer_bytes=0 evaluate_ms=6.390208 layer_cache_append_ms=0.000125 layer_cache_append_bytes=0 greedy_pick_ms=0
2026-10-08T13:45:51.557102542Z INFO proxima_model_interop::generate::load_model: token_breakdown_metal: per-decode-step metal stage attribution step=4 prepare_calls=0 prepare_ms=0 emit_calls=0 emit_ms=0 pipeline_hits=0 pipeline_misses=0 pipeline_compile_ms=0 block_upload_calls=6 block_upload_ms=0 block_offered_bytes=272 block_copied_bytes=272 block_nocopy_bound_bytes=0 block_offset_bound_bytes=0 op_setup_calls=374 op_setup_ms=0.007083 pipeline_lookup_calls=0 pipeline_lookup_ms=0 encode_dispatch_calls=374 physical_dispatch_calls=398 encode_dispatch_ms=0.769291 gpu_exec_calls=8 gpu_exec_ms=4.973333 readback_calls=2 readback_ms=0.004208 readback_bytes=8 nocopy_uploads=0 copying_uploads=6 nocopy_reuses=0 resident_uploads=0 resident_reuses=0 mapping_offset_uploads=0 mapping_rebound_blocks=2 mapping_residency_rung=prefault expert_mapping_candidate_uploads=0 expert_mapping_missed_uploads=0 nocopy_cache_len=25 resident_cache_len=0 resident_cache_bytes=0 uniform_cache_len=1 phys_footprint_bytes=5961612352 device_allocated_bytes=1598881792 output_buffer_allocations=0 output_buffer_allocated_bytes=0 checkpoint_mapping_buffer_bytes=1422245888 expert_mapping_buffer_bytes=0 plan_uniform_writes=0 retire_scan_calls=893 retire_scan_ms=0.0735 expert_buffers_lookup_calls=374 expert_buffers_lookup_ms=0.234541 placement_resolve_calls=374 placement_resolve_ms=0.030166 loop_head_calls=383 loop_head_ms=0.083166 encoder_finish_ms=0.000208 pre_encode_calls=1 pre_encode_ms=0.063375 resolve_plan_ms=0.000166 prepare_infer_ms=0 prepare_validate_ms=0 prepare_bind_ms=0 prepare_optimize_ms=0 prepare_retire_ms=0 build_plan_uniforms_ms=0 resolve_steps_ms=0 uniform_buffer_allocations=0 barriers=0 barriers_raw=0 barriers_waw=0 barriers_war=0 barriers_waw_war_arena_recycled=0 barriers_waw_war_persistent=0 expert_source_cache_hits=0 expert_source_cache_misses=0 expert_source_cache_cold_misses=0 expert_source_cache_replacement_misses=0 expert_source_reuse_copy_bytes=0 expert_source_reuse_copy_ms=0 plan_cache_len=0 plan_hits=3 plan_misses=2 plan_refits=0 plan_arena_allocated_bytes=0 segment_arena_allocated_bytes=0 placed_arena_allocated_bytes=54414264 ablation=false kind_filter=
2026-10-08T13:45:51.557270833Z DEBUG omega::metal::placements_execute_named: step_phase step=5 phase=pre_encode start_raw_s=672579.063046958 end_raw_s=672579.063113833
2026-10-08T13:45:51.557342250Z DEBUG omega::metal::placements_execute_named: chunk_phase step=5 chunk=1 phase=encode start_raw_s=672579.063113833 end_raw_s=672579.063179166
2026-10-08T13:45:51.557342417Z DEBUG omega::metal::placements_execute_named: chunk_phase step=5 chunk=1 phase=commit start_raw_s=672579.063179416 end_raw_s=672579.063184958
2026-10-08T13:45:51.557403375Z DEBUG omega::metal::placements_execute_named: chunk_phase step=5 chunk=2 phase=encode start_raw_s=672579.063185708 end_raw_s=672579.063245416
2026-10-08T13:45:51.557403542Z DEBUG omega::metal::placements_execute_named: chunk_phase step=5 chunk=2 phase=commit start_raw_s=672579.0632455 end_raw_s=672579.063246125
2026-10-08T13:45:51.557489750Z DEBUG omega::metal::placements_execute_named: chunk_phase step=5 chunk=3 phase=encode start_raw_s=672579.063246708 end_raw_s=672579.06333075
2026-10-08T13:45:51.557489917Z DEBUG omega::metal::placements_execute_named: chunk_phase step=5 chunk=3 phase=commit start_raw_s=672579.063330833 end_raw_s=672579.063332541
2026-10-08T13:45:51.557601000Z DEBUG omega::metal::placements_execute_named: chunk_phase step=5 chunk=4 phase=encode start_raw_s=672579.063333083 end_raw_s=672579.063439291
2026-10-08T13:45:51.557601208Z DEBUG omega::metal::placements_execute_named: chunk_phase step=5 chunk=4 phase=commit start_raw_s=672579.063439333 end_raw_s=672579.06344375
2026-10-08T13:45:51.557756083Z DEBUG omega::metal::placements_execute_named: chunk_phase step=5 chunk=5 phase=encode start_raw_s=672579.063444333 end_raw_s=672579.063596458
2026-10-08T13:45:51.557756500Z DEBUG omega::metal::placements_execute_named: chunk_phase step=5 chunk=5 phase=commit start_raw_s=672579.063596666 end_raw_s=672579.063598625
2026-10-08T13:45:51.557946667Z DEBUG omega::metal::placements_execute_named: chunk_phase step=5 chunk=6 phase=encode start_raw_s=672579.063599666 end_raw_s=672579.063786708
2026-10-08T13:45:51.557947208Z DEBUG omega::metal::placements_execute_named: chunk_phase step=5 chunk=6 phase=commit start_raw_s=672579.063786833 end_raw_s=672579.063789333
2026-10-08T13:45:51.558206833Z DEBUG omega::metal::placements_execute_named: chunk_phase step=5 chunk=7 phase=encode start_raw_s=672579.063790375 end_raw_s=672579.064046666
2026-10-08T13:45:51.558207125Z DEBUG omega::metal::placements_execute_named: chunk_phase step=5 chunk=7 phase=commit start_raw_s=672579.064046791 end_raw_s=672579.0640495
2026-10-08T13:45:51.558568917Z DEBUG omega::metal::placements_execute_named: chunk_phase step=5 chunk=8 phase=encode start_raw_s=672579.0640505 end_raw_s=672579.064406291
2026-10-08T13:45:51.558569125Z DEBUG omega::metal::placements_execute_named: chunk_phase step=5 chunk=8 phase=commit start_raw_s=672579.064406791 end_raw_s=672579.064411666
2026-10-08T13:45:51.563467833Z DEBUG omega::metal::placements_execute_named: token_breakdown_gpu commit_call_ms=0.004875 commit_to_gpu_start_ms=0 gpu_busy_ms=5.84200001321733 gpu_end_to_wait_return_ms=0 sum_ms=5.84687501321733 final_commit_to_wait_ms=4.90325 gpu_start_raw_s=672579.063320125 gpu_end_raw_s=672579.069162125 commit_call_start_raw_s=672579.064406791 wait_return_extra_ms=4.89775 chunks=8 first_commit_to_first_gpu_start_ms=0.1407089876011014 encode_overlap_ms=1.220792
2026-10-08T13:45:51.563468417Z DEBUG omega::metal::placements_execute_named: chunk_record step=5 plan_shape=decode chunk=1 chunk_count=8 op_first=0 op_last=23 encode_start_ms=0 encode_end_ms=0.065375 commit_at_ms=0.065625 commit_ms=0.005542 gpu_start_ms=0.20629202481359243 gpu_end_ms=0.4691671347245574 commit_to_gpu_start_ms=0.14066702481359245 gpu_idle_before_ms=0.20629202481359243
2026-10-08T13:45:51.563468958Z DEBUG omega::metal::placements_execute_named: chunk_record step=5 plan_shape=decode chunk=2 chunk_count=8 op_first=24 op_last=40 encode_start_ms=0.071875 encode_end_ms=0.13158399999999998 commit_at_ms=0.13170900000000002 commit_ms=0.000625 gpu_start_ms=0.48966705799102783 gpu_end_ms=0.7167087169364095 commit_to_gpu_start_ms=0.3579580579910278 gpu_idle_before_ms=0.020499923266470432
2026-10-08T13:45:51.563469292Z DEBUG omega::metal::placements_execute_named: chunk_record step=5 plan_shape=decode chunk=3 chunk_count=8 op_first=41 op_last=64 encode_start_ms=0.132917 encode_end_ms=0.216917 commit_at_ms=0.217042 commit_ms=0.001708 gpu_start_ms=0.7382087642326951 gpu_end_ms=1.1280421167612076 commit_to_gpu_start_ms=0.5211667642326951 gpu_idle_before_ms=0.02150004729628563
2026-10-08T13:45:51.563469625Z DEBUG omega::metal::placements_execute_named: chunk_record step=5 plan_shape=decode chunk=4 chunk_count=8 op_first=65 op_last=96 encode_start_ms=0.21925 encode_end_ms=0.325459 commit_at_ms=0.32558400000000004 commit_ms=0.0043749999999999995 gpu_start_ms=1.149417134001851 gpu_end_ms=1.6095837345346808 commit_to_gpu_start_ms=0.823833134001851 gpu_idle_before_ms=0.0213750172406435
2026-10-08T13:45:51.563470000Z DEBUG omega::metal::placements_execute_named: chunk_record step=5 plan_shape=decode chunk=5 chunk_count=8 op_first=97 op_last=139 encode_start_ms=0.330542 encode_end_ms=0.482667 commit_at_ms=0.482875 commit_ms=0.001959 gpu_start_ms=1.6340421279892325 gpu_end_ms=2.298292121849954 commit_to_gpu_start_ms=1.1511671279892326 gpu_idle_before_ms=0.024458393454551697
2026-10-08T13:45:51.563470375Z DEBUG omega::metal::placements_execute_named: chunk_record step=5 plan_shape=decode chunk=6 chunk_count=8 op_first=140 op_last=197 encode_start_ms=0.485875 encode_end_ms=0.672917 commit_at_ms=0.673042 commit_ms=0.0025 gpu_start_ms=2.325833775103092 gpu_end_ms=3.1586671248078346 commit_to_gpu_start_ms=1.652791775103092 gpu_idle_before_ms=0.027541653253138065
2026-10-08T13:45:51.563470708Z DEBUG omega::metal::placements_execute_named: chunk_record step=5 plan_shape=decode chunk=7 chunk_count=8 op_first=198 op_last=275 encode_start_ms=0.676542 encode_end_ms=0.932875 commit_at_ms=0.933 commit_ms=0.0027089999999999996 gpu_start_ms=3.1846670899540186 gpu_end_ms=4.382792045362294 commit_to_gpu_start_ms=2.2516670899540188 gpu_idle_before_ms=0.025999965146183968
2026-10-08T13:45:51.563471042Z DEBUG omega::metal::placements_execute_named: chunk_record step=5 plan_shape=decode chunk=8 chunk_count=8 op_first=276 op_last=382 encode_start_ms=0.9366669999999999 encode_end_ms=1.2925 commit_at_ms=1.2930000000000001 commit_ms=0.004875 gpu_start_ms=4.4145421124994755 gpu_end_ms=6.048292038030922 commit_to_gpu_start_ms=3.1215421124994753 gpu_idle_before_ms=0.03175006713718176
2026-10-08T13:45:51.563484708Z DEBUG proxima_model_interop::generate::decode: token_breakdown_argmax_split step=5 scan_ms=0 debug_ms=0
2026-10-08T13:45:51.563485042Z DEBUG proxima_model_interop::generate::decode: token_breakdown_gaps step=5 root_select_ms=0.034125 post_evaluate_ms=0.001083 pre_logits_ms=0.001375 checksum_ms=0 fetch_ms=0.00075 argmax_ms=0.00025 logits_hash_ms=0.000041
2026-10-08T13:45:51.563485792Z INFO proxima_model_interop::generate::load_model: token_breakdown: per-decode-step wall-clock attribution step=5 new_count=1 cached_len_before=1004 step_wall_ms=6.377166 apply_serving_config_ms=0.000083 build_position_inputs_ms=0.00125 named_blocks_weights_ms=0.014041 named_blocks_kv_ms=0.013333 kv_cache_upload_bytes=0 ssm_state_transfer_bytes=0 evaluate_ms=6.324125 layer_cache_append_ms=0.000166 layer_cache_append_bytes=0 greedy_pick_ms=0
2026-10-08T13:45:51.563492375Z INFO proxima_model_interop::generate::load_model: token_breakdown_metal: per-decode-step metal stage attribution step=5 prepare_calls=0 prepare_ms=0 emit_calls=0 emit_ms=0 pipeline_hits=0 pipeline_misses=0 pipeline_compile_ms=0 block_upload_calls=6 block_upload_ms=0 block_offered_bytes=272 block_copied_bytes=272 block_nocopy_bound_bytes=0 block_offset_bound_bytes=0 op_setup_calls=374 op_setup_ms=0.007666 pipeline_lookup_calls=0 pipeline_lookup_ms=0 encode_dispatch_calls=374 physical_dispatch_calls=398 encode_dispatch_ms=0.741583 gpu_exec_calls=8 gpu_exec_ms=4.903208 readback_calls=2 readback_ms=0.004208 readback_bytes=8 nocopy_uploads=0 copying_uploads=6 nocopy_reuses=0 resident_uploads=0 resident_reuses=0 mapping_offset_uploads=0 mapping_rebound_blocks=4 mapping_residency_rung=prefault expert_mapping_candidate_uploads=0 expert_mapping_missed_uploads=0 nocopy_cache_len=25 resident_cache_len=0 resident_cache_bytes=0 uniform_cache_len=1 phys_footprint_bytes=5961677888 device_allocated_bytes=1598881792 output_buffer_allocations=0 output_buffer_allocated_bytes=0 checkpoint_mapping_buffer_bytes=1422245888 expert_mapping_buffer_bytes=0 plan_uniform_writes=0 retire_scan_calls=893 retire_scan_ms=0.072791 expert_buffers_lookup_calls=374 expert_buffers_lookup_ms=0.249208 placement_resolve_calls=374 placement_resolve_ms=0.031208 loop_head_calls=383 loop_head_ms=0.083208 encoder_finish_ms=0.000791 pre_encode_calls=1 pre_encode_ms=0.067041 resolve_plan_ms=0.000166 prepare_infer_ms=0 prepare_validate_ms=0 prepare_bind_ms=0 prepare_optimize_ms=0 prepare_retire_ms=0 build_plan_uniforms_ms=0 resolve_steps_ms=0 uniform_buffer_allocations=0 barriers=0 barriers_raw=0 barriers_waw=0 barriers_war=0 barriers_waw_war_arena_recycled=0 barriers_waw_war_persistent=0 expert_source_cache_hits=0 expert_source_cache_misses=0 expert_source_cache_cold_misses=0 expert_source_cache_replacement_misses=0 expert_source_reuse_copy_bytes=0 expert_source_reuse_copy_ms=0 plan_cache_len=0 plan_hits=4 plan_misses=2 plan_refits=0 plan_arena_allocated_bytes=0 segment_arena_allocated_bytes=0 placed_arena_allocated_bytes=54414264 ablation=false kind_filter=
2026-10-08T13:45:51.563660542Z DEBUG omega::metal::placements_execute_named: step_phase step=6 phase=pre_encode start_raw_s=672579.069435958 end_raw_s=672579.0695035
2026-10-08T13:45:51.563732083Z DEBUG omega::metal::placements_execute_named: chunk_phase step=6 chunk=1 phase=encode start_raw_s=672579.0695035 end_raw_s=672579.069571375
2026-10-08T13:45:51.563732250Z DEBUG omega::metal::placements_execute_named: chunk_phase step=6 chunk=1 phase=commit start_raw_s=672579.069571583 end_raw_s=672579.069574791
2026-10-08T13:45:51.563792708Z DEBUG omega::metal::placements_execute_named: chunk_phase step=6 chunk=2 phase=encode start_raw_s=672579.069575416 end_raw_s=672579.06963475
2026-10-08T13:45:51.563792833Z DEBUG omega::metal::placements_execute_named: chunk_phase step=6 chunk=2 phase=commit start_raw_s=672579.069634833 end_raw_s=672579.0696355
2026-10-08T13:45:51.563882333Z DEBUG omega::metal::placements_execute_named: chunk_phase step=6 chunk=3 phase=encode start_raw_s=672579.069636 end_raw_s=672579.069722333
2026-10-08T13:45:51.563882625Z DEBUG omega::metal::placements_execute_named: chunk_phase step=6 chunk=3 phase=commit start_raw_s=672579.069722375 end_raw_s=672579.069725041
2026-10-08T13:45:51.563996583Z DEBUG omega::metal::placements_execute_named: chunk_phase step=6 chunk=4 phase=encode start_raw_s=672579.069725791 end_raw_s=672579.06983475
2026-10-08T13:45:51.563996750Z DEBUG omega::metal::placements_execute_named: chunk_phase step=6 chunk=4 phase=commit start_raw_s=672579.069834875 end_raw_s=672579.069839375
2026-10-08T13:45:51.564152583Z DEBUG omega::metal::placements_execute_named: chunk_phase step=6 chunk=5 phase=encode start_raw_s=672579.069839916 end_raw_s=672579.069992791
2026-10-08T13:45:51.564152875Z DEBUG omega::metal::placements_execute_named: chunk_phase step=6 chunk=5 phase=commit start_raw_s=672579.069992958 end_raw_s=672579.069995041
2026-10-08T13:45:51.564355375Z DEBUG omega::metal::placements_execute_named: chunk_phase step=6 chunk=6 phase=encode start_raw_s=672579.069996041 end_raw_s=672579.070195166
2026-10-08T13:45:51.564355667Z DEBUG omega::metal::placements_execute_named: chunk_phase step=6 chunk=6 phase=commit start_raw_s=672579.07019525 end_raw_s=672579.070198083
2026-10-08T13:45:51.564621625Z DEBUG omega::metal::placements_execute_named: chunk_phase step=6 chunk=7 phase=encode start_raw_s=672579.070198875 end_raw_s=672579.070459666
2026-10-08T13:45:51.564622000Z DEBUG omega::metal::placements_execute_named: chunk_phase step=6 chunk=7 phase=commit start_raw_s=672579.07045975 end_raw_s=672579.07046425
2026-10-08T13:45:51.564953917Z DEBUG omega::metal::placements_execute_named: chunk_phase step=6 chunk=8 phase=encode start_raw_s=672579.070465166 end_raw_s=672579.070790708
2026-10-08T13:45:51.564954208Z DEBUG omega::metal::placements_execute_named: chunk_phase step=6 chunk=8 phase=commit start_raw_s=672579.070790958 end_raw_s=672579.07079675
2026-10-08T13:45:51.569855250Z DEBUG omega::metal::placements_execute_named: token_breakdown_gpu commit_call_ms=0.005791999999999999 commit_to_gpu_start_ms=0 gpu_busy_ms=5.845416686497629 gpu_end_to_wait_return_ms=0 sum_ms=5.851208686497628 final_commit_to_wait_ms=4.906625 gpu_start_raw_s=672579.069709375 gpu_end_raw_s=672579.0755547917 commit_call_start_raw_s=672579.070790958 wait_return_extra_ms=4.9001660000000005 chunks=8 first_commit_to_first_gpu_start_ms=0.13779208529740572 encode_overlap_ms=1.2154589999999998
2026-10-08T13:45:51.569855833Z DEBUG omega::metal::placements_execute_named: chunk_record step=6 plan_shape=decode chunk=1 chunk_count=8 op_first=0 op_last=23 encode_start_ms=0 encode_end_ms=0.06787499999999999 commit_at_ms=0.068083 commit_ms=0.003208 gpu_start_ms=0.20587502513080835 gpu_end_ms=0.46829169150441885 commit_to_gpu_start_ms=0.13779202513080835 gpu_idle_before_ms=0.20587502513080835
2026-10-08T13:45:51.569856250Z DEBUG omega::metal::placements_execute_named: chunk_record step=6 plan_shape=decode chunk=2 chunk_count=8 op_first=24 op_last=40 encode_start_ms=0.071875 encode_end_ms=0.13125 commit_at_ms=0.131333 commit_ms=0.0006670000000000001 gpu_start_ms=0.4925000248476863 gpu_end_ms=0.7158750668168068 commit_to_gpu_start_ms=0.36116702484768626 gpu_idle_before_ms=0.02420833334326744
2026-10-08T13:45:51.569856625Z DEBUG omega::metal::placements_execute_named: chunk_record step=6 plan_shape=decode chunk=3 chunk_count=8 op_first=41 op_last=64 encode_start_ms=0.1325 encode_end_ms=0.218791 commit_at_ms=0.218875 commit_ms=0.002666 gpu_start_ms=0.7368749938905239 gpu_end_ms=1.125750015489757 commit_to_gpu_start_ms=0.517999993890524 gpu_idle_before_ms=0.020999927073717117
2026-10-08T13:45:51.569856958Z DEBUG omega::metal::placements_execute_named: chunk_record step=6 plan_shape=decode chunk=4 chunk_count=8 op_first=65 op_last=96 encode_start_ms=0.22229100000000002 encode_end_ms=0.33125 commit_at_ms=0.33137500000000003 commit_ms=0.0045000000000000005 gpu_start_ms=1.148874987848103 gpu_end_ms=1.6038750763982534 commit_to_gpu_start_ms=0.8174999878481031 gpu_idle_before_ms=0.023124972358345985
2026-10-08T13:45:51.569857250Z DEBUG omega::metal::placements_execute_named: chunk_record step=6 plan_shape=decode chunk=5 chunk_count=8 op_first=97 op_last=139 encode_start_ms=0.336375 encode_end_ms=0.48925 commit_at_ms=0.489458 commit_ms=0.0020829999999999998 gpu_start_ms=1.633250038139522 gpu_end_ms=2.3003750247880816 commit_to_gpu_start_ms=1.1437920381395221 gpu_idle_before_ms=0.029374961741268635
2026-10-08T13:45:51.569857625Z DEBUG omega::metal::placements_execute_named: chunk_record step=6 plan_shape=decode chunk=6 chunk_count=8 op_first=140 op_last=197 encode_start_ms=0.492541 encode_end_ms=0.6916249999999999 commit_at_ms=0.69175 commit_ms=0.002833 gpu_start_ms=2.329041715711355 gpu_end_ms=3.204000066034496 commit_to_gpu_start_ms=1.6372917157113553 gpu_idle_before_ms=0.028666690923273563
2026-10-08T13:45:51.569857917Z DEBUG omega::metal::placements_execute_named: chunk_record step=6 plan_shape=decode chunk=7 chunk_count=8 op_first=198 op_last=275 encode_start_ms=0.695333 encode_end_ms=0.956125 commit_at_ms=0.9562499999999999 commit_ms=0.004541 gpu_start_ms=3.2290000235661864 gpu_end_ms=4.397750017233193 commit_to_gpu_start_ms=2.2727500235661866 gpu_idle_before_ms=0.024999957531690598
2026-10-08T13:45:51.569858208Z DEBUG omega::metal::placements_execute_named: chunk_record step=6 plan_shape=decode chunk=8 chunk_count=8 op_first=276 op_last=382 encode_start_ms=0.961666 encode_end_ms=1.287208 commit_at_ms=1.287458 commit_ms=0.005791999999999999 gpu_start_ms=4.430625005625188 gpu_end_ms=6.051291711628437 commit_to_gpu_start_ms=3.1431670056251884 gpu_idle_before_ms=0.03287498839199543
2026-10-08T13:45:51.569870208Z DEBUG proxima_model_interop::generate::decode: token_breakdown_argmax_split step=6 scan_ms=0 debug_ms=0
2026-10-08T13:45:51.569870625Z DEBUG proxima_model_interop::generate::decode: token_breakdown_gaps step=6 root_select_ms=0.031458 post_evaluate_ms=0.000958 pre_logits_ms=0.000916 checksum_ms=0 fetch_ms=0.000541 argmax_ms=0.000125 logits_hash_ms=0
2026-10-08T13:45:51.569871333Z INFO proxima_model_interop::generate::load_model: token_breakdown: per-decode-step wall-clock attribution step=6 new_count=1 cached_len_before=1005 step_wall_ms=6.373166 apply_serving_config_ms=0.000083 build_position_inputs_ms=0.001083 named_blocks_weights_ms=0.014708 named_blocks_kv_ms=0.014125 kv_cache_upload_bytes=0 ssm_state_transfer_bytes=0 evaluate_ms=6.322791 layer_cache_append_ms=0.000125 layer_cache_append_bytes=0 greedy_pick_ms=0.000041
2026-10-08T13:45:51.569877125Z INFO proxima_model_interop::generate::load_model: token_breakdown_metal: per-decode-step metal stage attribution step=6 prepare_calls=0 prepare_ms=0 emit_calls=0 emit_ms=0 pipeline_hits=0 pipeline_misses=0 pipeline_compile_ms=0 block_upload_calls=6 block_upload_ms=0 block_offered_bytes=272 block_copied_bytes=272 block_nocopy_bound_bytes=0 block_offset_bound_bytes=0 op_setup_calls=374 op_setup_ms=0.007041 pipeline_lookup_calls=0 pipeline_lookup_ms=0 encode_dispatch_calls=374 physical_dispatch_calls=398 encode_dispatch_ms=0.727708 gpu_exec_calls=8 gpu_exec_ms=4.906583 readback_calls=2 readback_ms=0.004 readback_bytes=8 nocopy_uploads=0 copying_uploads=6 nocopy_reuses=0 resident_uploads=0 resident_reuses=0 mapping_offset_uploads=0 mapping_rebound_blocks=4 mapping_residency_rung=prefault expert_mapping_candidate_uploads=0 expert_mapping_missed_uploads=0 nocopy_cache_len=25 resident_cache_len=0 resident_cache_bytes=0 uniform_cache_len=1 phys_footprint_bytes=5961743424 device_allocated_bytes=1598881792 output_buffer_allocations=0 output_buffer_allocated_bytes=0 checkpoint_mapping_buffer_bytes=1422245888 expert_mapping_buffer_bytes=0 plan_uniform_writes=0 retire_scan_calls=893 retire_scan_ms=0.072791 expert_buffers_lookup_calls=374 expert_buffers_lookup_ms=0.240333 placement_resolve_calls=374 placement_resolve_ms=0.046291 loop_head_calls=383 loop_head_ms=0.082083 encoder_finish_ms=0.000333 pre_encode_calls=1 pre_encode_ms=0.067708 resolve_plan_ms=0.000166 prepare_infer_ms=0 prepare_validate_ms=0 prepare_bind_ms=0 prepare_optimize_ms=0 prepare_retire_ms=0 build_plan_uniforms_ms=0 resolve_steps_ms=0 uniform_buffer_allocations=0 barriers=0 barriers_raw=0 barriers_waw=0 barriers_war=0 barriers_waw_war_arena_recycled=0 barriers_waw_war_persistent=0 expert_source_cache_hits=0 expert_source_cache_misses=0 expert_source_cache_cold_misses=0 expert_source_cache_replacement_misses=0 expert_source_reuse_copy_bytes=0 expert_source_reuse_copy_ms=0 plan_cache_len=0 plan_hits=5 plan_misses=2 plan_refits=0 plan_arena_allocated_bytes=0 segment_arena_allocated_bytes=0 placed_arena_allocated_bytes=54414264 ablation=false kind_filter=
2026-10-08T13:45:51.570034875Z DEBUG omega::metal::placements_execute_named: step_phase step=7 phase=pre_encode start_raw_s=672579.075812708 end_raw_s=672579.075877833
2026-10-08T13:45:51.570102417Z DEBUG omega::metal::placements_execute_named: chunk_phase step=7 chunk=1 phase=encode start_raw_s=672579.075877833 end_raw_s=672579.075941625
2026-10-08T13:45:51.570102708Z DEBUG omega::metal::placements_execute_named: chunk_phase step=7 chunk=1 phase=commit start_raw_s=672579.075941833 end_raw_s=672579.075945041
2026-10-08T13:45:51.570164125Z DEBUG omega::metal::placements_execute_named: chunk_phase step=7 chunk=2 phase=encode start_raw_s=672579.075945875 end_raw_s=672579.076006083
2026-10-08T13:45:51.570164375Z DEBUG omega::metal::placements_execute_named: chunk_phase step=7 chunk=2 phase=commit start_raw_s=672579.076006166 end_raw_s=672579.076006791
2026-10-08T13:45:51.570254167Z DEBUG omega::metal::placements_execute_named: chunk_phase step=7 chunk=3 phase=encode start_raw_s=672579.076007541 end_raw_s=672579.076095083
2026-10-08T13:45:51.570254417Z DEBUG omega::metal::placements_execute_named: chunk_phase step=7 chunk=3 phase=commit start_raw_s=672579.076095125 end_raw_s=672579.076096833
2026-10-08T13:45:51.570368042Z DEBUG omega::metal::placements_execute_named: chunk_phase step=7 chunk=4 phase=encode start_raw_s=672579.076097583 end_raw_s=672579.076206458
2026-10-08T13:45:51.570368333Z DEBUG omega::metal::placements_execute_named: chunk_phase step=7 chunk=4 phase=commit start_raw_s=672579.076206583 end_raw_s=672579.076210708
2026-10-08T13:45:51.570515042Z DEBUG omega::metal::placements_execute_named: chunk_phase step=7 chunk=5 phase=encode start_raw_s=672579.076211458 end_raw_s=672579.076355458
2026-10-08T13:45:51.570515333Z DEBUG omega::metal::placements_execute_named: chunk_phase step=7 chunk=5 phase=commit start_raw_s=672579.076355625 end_raw_s=672579.076357541
2026-10-08T13:45:51.570720708Z DEBUG omega::metal::placements_execute_named: chunk_phase step=7 chunk=6 phase=encode start_raw_s=672579.0763585 end_raw_s=672579.076558041
2026-10-08T13:45:51.570720958Z DEBUG omega::metal::placements_execute_named: chunk_phase step=7 chunk=6 phase=commit start_raw_s=672579.076558166 end_raw_s=672579.076563375
2026-10-08T13:45:51.570988500Z DEBUG omega::metal::placements_execute_named: chunk_phase step=7 chunk=7 phase=encode start_raw_s=672579.076564333 end_raw_s=672579.076828875
2026-10-08T13:45:51.570988792Z DEBUG omega::metal::placements_execute_named: chunk_phase step=7 chunk=7 phase=commit start_raw_s=672579.076828958 end_raw_s=672579.076831166
2026-10-08T13:45:51.571308542Z DEBUG omega::metal::placements_execute_named: chunk_phase step=7 chunk=8 phase=encode start_raw_s=672579.076831958 end_raw_s=672579.077145791
2026-10-08T13:45:51.571308833Z DEBUG omega::metal::placements_execute_named: chunk_phase step=7 chunk=8 phase=commit start_raw_s=672579.077146 end_raw_s=672579.077151333
2026-10-08T13:45:51.576212333Z DEBUG omega::metal::placements_execute_named: token_breakdown_gpu commit_call_ms=0.005292000000000001 commit_to_gpu_start_ms=0 gpu_busy_ms=5.84200001321733 gpu_end_to_wait_return_ms=0 sum_ms=5.84729201321733 final_commit_to_wait_ms=4.908458 gpu_start_raw_s=672579.076080375 gpu_end_raw_s=672579.081922375 commit_call_start_raw_s=672579.077146 wait_return_extra_ms=4.902374999999999 chunks=8 first_commit_to_first_gpu_start_ms=0.13854203280061483 encode_overlap_ms=1.200041
2026-10-08T13:45:51.576213000Z DEBUG omega::metal::placements_execute_named: chunk_record step=7 plan_shape=decode chunk=1 chunk_count=8 op_first=0 op_last=23 encode_start_ms=0 encode_end_ms=0.06375 commit_at_ms=0.06404199999999999 commit_ms=0.003166 gpu_start_ms=0.2025420544669032 gpu_end_ms=0.46354206278920174 commit_to_gpu_start_ms=0.13850005446690322 gpu_idle_before_ms=0.2025420544669032
2026-10-08T13:45:51.576213458Z DEBUG omega::metal::placements_execute_named: chunk_record step=7 plan_shape=decode chunk=2 chunk_count=8 op_first=24 op_last=40 encode_start_ms=0.06804199999999999 encode_end_ms=0.12825 commit_at_ms=0.128333 commit_ms=0.000625 gpu_start_ms=0.4854170838370919 gpu_end_ms=0.7069588173180819 commit_to_gpu_start_ms=0.3570840838370919 gpu_idle_before_ms=0.021875021047890186
2026-10-08T13:45:51.576213833Z DEBUG omega::metal::placements_execute_named: chunk_record step=7 plan_shape=decode chunk=3 chunk_count=8 op_first=41 op_last=64 encode_start_ms=0.129708 encode_end_ms=0.217208 commit_at_ms=0.217292 commit_ms=0.001708 gpu_start_ms=0.727958744391799 gpu_end_ms=1.1173337697982788 commit_to_gpu_start_ms=0.5106667443917989 gpu_idle_before_ms=0.020999927073717117
2026-10-08T13:45:51.576214208Z DEBUG omega::metal::placements_execute_named: chunk_record step=7 plan_shape=decode chunk=4 chunk_count=8 op_first=65 op_last=96 encode_start_ms=0.219708 encode_end_ms=0.328625 commit_at_ms=0.32875 commit_ms=0.004125 gpu_start_ms=1.139958738349378 gpu_end_ms=1.6090420540422201 commit_to_gpu_start_ms=0.8112087383493781 gpu_idle_before_ms=0.0226249685510993
2026-10-08T13:45:51.576214542Z DEBUG omega::metal::placements_execute_named: chunk_record step=7 plan_shape=decode chunk=5 chunk_count=8 op_first=97 op_last=139 encode_start_ms=0.333625 encode_end_ms=0.47758300000000004 commit_at_ms=0.477833 commit_ms=0.0018750000000000001 gpu_start_ms=1.6359587898477912 gpu_end_ms=2.328542061150074 commit_to_gpu_start_ms=1.1581257898477912 gpu_idle_before_ms=0.02691673580557108
2026-10-08T13:45:51.576214875Z DEBUG omega::metal::placements_execute_named: chunk_record step=7 plan_shape=decode chunk=6 chunk_count=8 op_first=140 op_last=197 encode_start_ms=0.48062499999999997 encode_end_ms=0.6802079999999999 commit_at_ms=0.680333 commit_ms=0.0052499999999999995 gpu_start_ms=2.3599170381203294 gpu_end_ms=3.2701670425012708 commit_to_gpu_start_ms=1.6795840381203293 gpu_idle_before_ms=0.031374976970255375
2026-10-08T13:45:51.576215208Z DEBUG omega::metal::placements_execute_named: chunk_record step=7 plan_shape=decode chunk=7 chunk_count=8 op_first=198 op_last=275 encode_start_ms=0.686458 encode_end_ms=0.9510000000000001 commit_at_ms=0.951125 commit_ms=0.002208 gpu_start_ms=3.293542074970901 gpu_end_ms=4.442417062819004 commit_to_gpu_start_ms=2.342417074970901 gpu_idle_before_ms=0.02337503246963024
2026-10-08T13:45:51.576215542Z DEBUG omega::metal::placements_execute_named: chunk_record step=7 plan_shape=decode chunk=8 chunk_count=8 op_first=276 op_last=382 encode_start_ms=0.954083 encode_end_ms=1.267958 commit_at_ms=1.268208 commit_ms=0.005292000000000001 gpu_start_ms=4.478333750739694 gpu_end_ms=6.044542067684233 commit_to_gpu_start_ms=3.2101257507396936 gpu_idle_before_ms=0.03591668792068958
2026-10-08T13:45:51.576229083Z DEBUG proxima_model_interop::generate::decode: token_breakdown_argmax_split step=7 scan_ms=0 debug_ms=0
2026-10-08T13:45:51.576229417Z DEBUG proxima_model_interop::generate::decode: token_breakdown_gaps step=7 root_select_ms=0.030125 post_evaluate_ms=0.001 pre_logits_ms=0.001375 checksum_ms=0 fetch_ms=0.000875 argmax_ms=0.000166 logits_hash_ms=0.000041
2026-10-08T13:45:51.576230208Z INFO proxima_model_interop::generate::load_model: token_breakdown: per-decode-step wall-clock attribution step=7 new_count=1 cached_len_before=1006 step_wall_ms=6.347458 apply_serving_config_ms=0.000083 build_position_inputs_ms=0.001083 named_blocks_weights_ms=0.01375 named_blocks_kv_ms=0.013166 kv_cache_upload_bytes=0 ssm_state_transfer_bytes=0 evaluate_ms=6.298916 layer_cache_append_ms=0.000083 layer_cache_append_bytes=0 greedy_pick_ms=0.000041
2026-10-08T13:45:51.576236667Z INFO proxima_model_interop::generate::load_model: token_breakdown_metal: per-decode-step metal stage attribution step=7 prepare_calls=0 prepare_ms=0 emit_calls=0 emit_ms=0 pipeline_hits=0 pipeline_misses=0 pipeline_compile_ms=0 block_upload_calls=6 block_upload_ms=0 block_offered_bytes=272 block_copied_bytes=272 block_nocopy_bound_bytes=0 block_offset_bound_bytes=0 op_setup_calls=374 op_setup_ms=0.006875 pipeline_lookup_calls=0 pipeline_lookup_ms=0 encode_dispatch_calls=374 physical_dispatch_calls=398 encode_dispatch_ms=0.733958 gpu_exec_calls=8 gpu_exec_ms=4.908416 readback_calls=2 readback_ms=0.004041 readback_bytes=8 nocopy_uploads=0 copying_uploads=6 nocopy_reuses=0 resident_uploads=0 resident_reuses=0 mapping_offset_uploads=0 mapping_rebound_blocks=2 mapping_residency_rung=prefault expert_mapping_candidate_uploads=0 expert_mapping_missed_uploads=0 nocopy_cache_len=25 resident_cache_len=0 resident_cache_bytes=0 uniform_cache_len=1 phys_footprint_bytes=5961792576 device_allocated_bytes=1598881792 output_buffer_allocations=0 output_buffer_allocated_bytes=0 checkpoint_mapping_buffer_bytes=1422245888 expert_mapping_buffer_bytes=0 plan_uniform_writes=0 retire_scan_calls=893 retire_scan_ms=0.084541 expert_buffers_lookup_calls=374 expert_buffers_lookup_ms=0.230208 placement_resolve_calls=374 placement_resolve_ms=0.029958 loop_head_calls=383 loop_head_ms=0.081041 encoder_finish_ms=0.000208 pre_encode_calls=1 pre_encode_ms=0.065291 resolve_plan_ms=0.000166 prepare_infer_ms=0 prepare_validate_ms=0 prepare_bind_ms=0 prepare_optimize_ms=0 prepare_retire_ms=0 build_plan_uniforms_ms=0 resolve_steps_ms=0 uniform_buffer_allocations=0 barriers=0 barriers_raw=0 barriers_waw=0 barriers_war=0 barriers_waw_war_arena_recycled=0 barriers_waw_war_persistent=0 expert_source_cache_hits=0 expert_source_cache_misses=0 expert_source_cache_cold_misses=0 expert_source_cache_replacement_misses=0 expert_source_reuse_copy_bytes=0 expert_source_reuse_copy_ms=0 plan_cache_len=0 plan_hits=6 plan_misses=2 plan_refits=0 plan_arena_allocated_bytes=0 segment_arena_allocated_bytes=0 placed_arena_allocated_bytes=54414264 ablation=false kind_filter=
2026-10-08T13:45:51.576409167Z DEBUG omega::metal::placements_execute_named: step_phase step=8 phase=pre_encode start_raw_s=672579.082177541 end_raw_s=672579.082252166
2026-10-08T13:45:51.576499875Z DEBUG omega::metal::placements_execute_named: chunk_phase step=8 chunk=1 phase=encode start_raw_s=672579.082252166 end_raw_s=672579.082338375
2026-10-08T13:45:51.576500167Z DEBUG omega::metal::placements_execute_named: chunk_phase step=8 chunk=1 phase=commit start_raw_s=672579.082338583 end_raw_s=672579.0823425
2026-10-08T13:45:51.576562958Z DEBUG omega::metal::placements_execute_named: chunk_phase step=8 chunk=2 phase=encode start_raw_s=672579.082343333 end_raw_s=672579.0824035
2026-10-08T13:45:51.576563250Z DEBUG omega::metal::placements_execute_named: chunk_phase step=8 chunk=2 phase=commit start_raw_s=672579.082403625 end_raw_s=672579.082405458
2026-10-08T13:45:51.576650292Z DEBUG omega::metal::placements_execute_named: chunk_phase step=8 chunk=3 phase=encode start_raw_s=672579.082406416 end_raw_s=672579.082490958
2026-10-08T13:45:51.576650583Z DEBUG omega::metal::placements_execute_named: chunk_phase step=8 chunk=3 phase=commit start_raw_s=672579.082491041 end_raw_s=672579.082492958
2026-10-08T13:45:51.576761917Z DEBUG omega::metal::placements_execute_named: chunk_phase step=8 chunk=4 phase=encode start_raw_s=672579.08249375 end_raw_s=672579.082600708
2026-10-08T13:45:51.576762083Z DEBUG omega::metal::placements_execute_named: chunk_phase step=8 chunk=4 phase=commit start_raw_s=672579.082600791 end_raw_s=672579.082604708
2026-10-08T13:45:51.576911375Z DEBUG omega::metal::placements_execute_named: chunk_phase step=8 chunk=5 phase=encode start_raw_s=672579.08260525 end_raw_s=672579.082750625
2026-10-08T13:45:51.576911667Z DEBUG omega::metal::placements_execute_named: chunk_phase step=8 chunk=5 phase=commit start_raw_s=672579.08275075 end_raw_s=672579.082753916
2026-10-08T13:45:51.577120167Z DEBUG omega::metal::placements_execute_named: chunk_phase step=8 chunk=6 phase=encode start_raw_s=672579.082754833 end_raw_s=672579.082959708
2026-10-08T13:45:51.577120500Z DEBUG omega::metal::placements_execute_named: chunk_phase step=8 chunk=6 phase=commit start_raw_s=672579.082959833 end_raw_s=672579.082962791
2026-10-08T13:45:51.577389458Z DEBUG omega::metal::placements_execute_named: chunk_phase step=8 chunk=7 phase=encode start_raw_s=672579.082963666 end_raw_s=672579.083227208
2026-10-08T13:45:51.577389750Z DEBUG omega::metal::placements_execute_named: chunk_phase step=8 chunk=7 phase=commit start_raw_s=672579.083227291 end_raw_s=672579.083232125
2026-10-08T13:45:51.577715792Z DEBUG omega::metal::placements_execute_named: chunk_phase step=8 chunk=8 phase=encode start_raw_s=672579.083232916 end_raw_s=672579.08355575
2026-10-08T13:45:51.577716083Z DEBUG omega::metal::placements_execute_named: chunk_phase step=8 chunk=8 phase=commit start_raw_s=672579.083555958 end_raw_s=672579.083558583
2026-10-08T13:45:51.582718375Z DEBUG omega::metal::placements_execute_named: token_breakdown_gpu commit_call_ms=0.0026249999999999997 commit_to_gpu_start_ms=0 gpu_busy_ms=5.922458251006901 gpu_end_to_wait_return_ms=0 sum_ms=5.925083251006901 final_commit_to_wait_ms=5.00475 gpu_start_raw_s=672579.0824755417 gpu_end_raw_s=672579.088398 commit_call_start_raw_s=672579.083555958 wait_return_extra_ms=5.001333 chunks=8 first_commit_to_first_gpu_start_ms=0.13695878442376852 encode_overlap_ms=1.2125000000000001
2026-10-08T13:45:51.582718958Z DEBUG omega::metal::placements_execute_named: chunk_record step=8 plan_shape=decode chunk=1 chunk_count=8 op_first=0 op_last=23 encode_start_ms=0 encode_end_ms=0.08625 commit_at_ms=0.08645800000000001 commit_ms=0.003917 gpu_start_ms=0.22337574046105146 gpu_end_ms=0.485834083519876 commit_to_gpu_start_ms=0.13691774046105146 gpu_idle_before_ms=0.22337574046105146
2026-10-08T13:45:51.582719333Z DEBUG omega::metal::placements_execute_named: chunk_record step=8 plan_shape=decode chunk=2 chunk_count=8 op_first=24 op_last=40 encode_start_ms=0.091208 encode_end_ms=0.151375 commit_at_ms=0.1515 commit_ms=0.0018750000000000001 gpu_start_ms=0.5081257550045848 gpu_end_ms=0.729750725440681 commit_to_gpu_start_ms=0.3566257550045848 gpu_idle_before_ms=0.022291671484708786
2026-10-08T13:45:51.582719667Z DEBUG omega::metal::placements_execute_named: chunk_record step=8 plan_shape=decode chunk=3 chunk_count=8 op_first=41 op_last=64 encode_start_ms=0.15425 encode_end_ms=0.23883300000000002 commit_at_ms=0.238916 commit_ms=0.001917 gpu_start_ms=0.7505840621888638 gpu_end_ms=1.13875069655478 commit_to_gpu_start_ms=0.5116680621888637 gpu_idle_before_ms=0.020833336748182774
2026-10-08T13:45:51.582720000Z DEBUG omega::metal::placements_execute_named: chunk_record step=8 plan_shape=decode chunk=4 chunk_count=8 op_first=65 op_last=96 encode_start_ms=0.241625 encode_end_ms=0.34858300000000003 commit_at_ms=0.34866600000000003 commit_ms=0.003917 gpu_start_ms=1.1616257252171636 gpu_end_ms=1.6323757590726018 commit_to_gpu_start_ms=0.8129597252171635 gpu_idle_before_ms=0.022875028662383556
2026-10-08T13:45:51.582720333Z DEBUG omega::metal::placements_execute_named: chunk_record step=8 plan_shape=decode chunk=5 chunk_count=8 op_first=97 op_last=139 encode_start_ms=0.35308300000000004 encode_end_ms=0.498458 commit_at_ms=0.49862500000000004 commit_ms=0.003166 gpu_start_ms=1.6597507055848837 gpu_end_ms=2.346959081478417 commit_to_gpu_start_ms=1.1611257055848836 gpu_idle_before_ms=0.027374946512281895
2026-10-08T13:45:51.582720667Z DEBUG omega::metal::placements_execute_named: chunk_record step=8 plan_shape=decode chunk=6 chunk_count=8 op_first=140 op_last=197 encode_start_ms=0.5026660000000001 encode_end_ms=0.7075830000000001 commit_at_ms=0.707708 commit_ms=0.003 gpu_start_ms=2.378834062255919 gpu_end_ms=3.2833340810611844 commit_to_gpu_start_ms=1.671126062255919 gpu_idle_before_ms=0.03187498077750206
2026-10-08T13:45:51.582721000Z DEBUG omega::metal::placements_execute_named: chunk_record step=8 plan_shape=decode chunk=7 chunk_count=8 op_first=198 op_last=275 encode_start_ms=0.7115 encode_end_ms=0.9750409999999999 commit_at_ms=0.975166 commit_ms=0.004834 gpu_start_ms=3.306875703856349 gpu_end_ms=4.495584056712687 commit_to_gpu_start_ms=2.3317097038563492 gpu_idle_before_ms=0.023541622795164585
2026-10-08T13:45:51.582721333Z DEBUG omega::metal::placements_execute_named: chunk_record step=8 plan_shape=decode chunk=8 chunk_count=8 op_first=276 op_last=382 encode_start_ms=0.980791 encode_end_ms=1.3035830000000002 commit_at_ms=1.3038329999999998 commit_ms=0.0026249999999999997 gpu_start_ms=4.5300007332116365 gpu_end_ms=6.145833991467953 commit_to_gpu_start_ms=3.2261677332116365 gpu_idle_before_ms=0.03441667649894953
2026-10-08T13:45:51.582733500Z DEBUG proxima_model_interop::generate::decode: token_breakdown_argmax_split step=8 scan_ms=0 debug_ms=0
2026-10-08T13:45:51.582733833Z DEBUG proxima_model_interop::generate::decode: token_breakdown_gaps step=8 root_select_ms=0.031625 post_evaluate_ms=0.000916 pre_logits_ms=0.001291 checksum_ms=0.000041 fetch_ms=0.000791 argmax_ms=0.000166 logits_hash_ms=0
2026-10-08T13:45:51.582734500Z INFO proxima_model_interop::generate::load_model: token_breakdown: per-decode-step wall-clock attribution step=8 new_count=1 cached_len_before=1007 step_wall_ms=6.492333 apply_serving_config_ms=0.000041 build_position_inputs_ms=0.001333 named_blocks_weights_ms=0.014458 named_blocks_kv_ms=0.013791 kv_cache_upload_bytes=0 ssm_state_transfer_bytes=0 evaluate_ms=6.441583 layer_cache_append_ms=0.000125 layer_cache_append_bytes=0 greedy_pick_ms=0.000041
2026-10-08T13:45:51.582739917Z INFO proxima_model_interop::generate::load_model: token_breakdown_metal: per-decode-step metal stage attribution step=8 prepare_calls=0 prepare_ms=0 emit_calls=0 emit_ms=0 pipeline_hits=0 pipeline_misses=0 pipeline_compile_ms=0 block_upload_calls=6 block_upload_ms=0 block_offered_bytes=272 block_copied_bytes=272 block_nocopy_bound_bytes=0 block_offset_bound_bytes=0 op_setup_calls=374 op_setup_ms=0.007666 pipeline_lookup_calls=0 pipeline_lookup_ms=0 encode_dispatch_calls=374 physical_dispatch_calls=398 encode_dispatch_ms=0.755958 gpu_exec_calls=8 gpu_exec_ms=5.004666 readback_calls=2 readback_ms=0.003875 readback_bytes=8 nocopy_uploads=0 copying_uploads=6 nocopy_reuses=0 resident_uploads=0 resident_reuses=0 mapping_offset_uploads=0 mapping_rebound_blocks=4 mapping_residency_rung=prefault expert_mapping_candidate_uploads=0 expert_mapping_missed_uploads=0 nocopy_cache_len=25 resident_cache_len=0 resident_cache_bytes=0 uniform_cache_len=1 phys_footprint_bytes=5961858112 device_allocated_bytes=1598881792 output_buffer_allocations=0 output_buffer_allocated_bytes=0 checkpoint_mapping_buffer_bytes=1422245888 expert_mapping_buffer_bytes=0 plan_uniform_writes=0 retire_scan_calls=893 retire_scan_ms=0.072208 expert_buffers_lookup_calls=374 expert_buffers_lookup_ms=0.234458 placement_resolve_calls=374 placement_resolve_ms=0.030625 loop_head_calls=383 loop_head_ms=0.095291 encoder_finish_ms=0.000208 pre_encode_calls=1 pre_encode_ms=0.074916 resolve_plan_ms=0.000208 prepare_infer_ms=0 prepare_validate_ms=0 prepare_bind_ms=0 prepare_optimize_ms=0 prepare_retire_ms=0 build_plan_uniforms_ms=0 resolve_steps_ms=0 uniform_buffer_allocations=0 barriers=0 barriers_raw=0 barriers_waw=0 barriers_war=0 barriers_waw_war_arena_recycled=0 barriers_waw_war_persistent=0 expert_source_cache_hits=0 expert_source_cache_misses=0 expert_source_cache_cold_misses=0 expert_source_cache_replacement_misses=0 expert_source_reuse_copy_bytes=0 expert_source_reuse_copy_ms=0 plan_cache_len=0 plan_hits=7 plan_misses=2 plan_refits=0 plan_arena_allocated_bytes=0 segment_arena_allocated_bytes=0 placed_arena_allocated_bytes=54414264 ablation=false kind_filter=
2026-10-08T13:45:51.582894500Z DEBUG omega::metal::placements_execute_named: step_phase step=9 phase=pre_encode start_raw_s=672579.088675541 end_raw_s=672579.088737458
2026-10-08T13:45:51.582961667Z DEBUG omega::metal::placements_execute_named: chunk_phase step=9 chunk=1 phase=encode start_raw_s=672579.088737458 end_raw_s=672579.088801041
2026-10-08T13:45:51.582961958Z DEBUG omega::metal::placements_execute_named: chunk_phase step=9 chunk=1 phase=commit start_raw_s=672579.088801166 end_raw_s=672579.088804333
2026-10-08T13:45:51.583022708Z DEBUG omega::metal::placements_execute_named: chunk_phase step=9 chunk=2 phase=encode start_raw_s=672579.088805125 end_raw_s=672579.088863666
2026-10-08T13:45:51.583023042Z DEBUG omega::metal::placements_execute_named: chunk_phase step=9 chunk=2 phase=commit start_raw_s=672579.08886375 end_raw_s=672579.08886525
2026-10-08T13:45:51.583109042Z DEBUG omega::metal::placements_execute_named: chunk_phase step=9 chunk=3 phase=encode start_raw_s=672579.08886625 end_raw_s=672579.088949666
2026-10-08T13:45:51.583109333Z DEBUG omega::metal::placements_execute_named: chunk_phase step=9 chunk=3 phase=commit start_raw_s=672579.08894975 end_raw_s=672579.088951708
2026-10-08T13:45:51.583218875Z DEBUG omega::metal::placements_execute_named: chunk_phase step=9 chunk=4 phase=encode start_raw_s=672579.088952666 end_raw_s=672579.089058541
2026-10-08T13:45:51.583219167Z DEBUG omega::metal::placements_execute_named: chunk_phase step=9 chunk=4 phase=commit start_raw_s=672579.089058583 end_raw_s=672579.089061541
2026-10-08T13:45:51.583371333Z DEBUG omega::metal::placements_execute_named: chunk_phase step=9 chunk=5 phase=encode start_raw_s=672579.089062333 end_raw_s=672579.089211541
2026-10-08T13:45:51.583371583Z DEBUG omega::metal::placements_execute_named: chunk_phase step=9 chunk=5 phase=commit start_raw_s=672579.089211708 end_raw_s=672579.089213916
2026-10-08T13:45:51.583562417Z DEBUG omega::metal::placements_execute_named: chunk_phase step=9 chunk=6 phase=encode start_raw_s=672579.08921475 end_raw_s=672579.0894025
2026-10-08T13:45:51.583562667Z DEBUG omega::metal::placements_execute_named: chunk_phase step=9 chunk=6 phase=commit start_raw_s=672579.089402583 end_raw_s=672579.089405083
2026-10-08T13:45:51.583817958Z DEBUG omega::metal::placements_execute_named: chunk_phase step=9 chunk=7 phase=encode start_raw_s=672579.089405833 end_raw_s=672579.089658166
2026-10-08T13:45:51.583818250Z DEBUG omega::metal::placements_execute_named: chunk_phase step=9 chunk=7 phase=commit start_raw_s=672579.08965825 end_raw_s=672579.089660625
2026-10-08T13:45:51.584132208Z DEBUG omega::metal::placements_execute_named: chunk_phase step=9 chunk=8 phase=encode start_raw_s=672579.089661416 end_raw_s=672579.089972625
2026-10-08T13:45:51.584132500Z DEBUG omega::metal::placements_execute_named: chunk_phase step=9 chunk=8 phase=commit start_raw_s=672579.089972875 end_raw_s=672579.089975041
2026-10-08T13:45:51.589145625Z DEBUG omega::metal::placements_execute_named: token_breakdown_gpu commit_call_ms=0.002166 commit_to_gpu_start_ms=0 gpu_busy_ms=5.903458339162171 gpu_end_to_wait_return_ms=0 sum_ms=5.905624339162171 final_commit_to_wait_ms=5.015125 gpu_start_raw_s=672579.0889349167 gpu_end_raw_s=672579.094838375 commit_call_start_raw_s=672579.089972875 wait_return_extra_ms=5.012334 chunks=8 first_commit_to_first_gpu_start_ms=0.13375061098486185 encode_overlap_ms=1.1676250000000001
2026-10-08T13:45:51.589146167Z DEBUG omega::metal::placements_execute_named: chunk_record step=9 plan_shape=decode chunk=1 chunk_count=8 op_first=0 op_last=23 encode_start_ms=0 encode_end_ms=0.063542 commit_at_ms=0.06370799999999999 commit_ms=0.003167 gpu_start_ms=0.19745866302400827 gpu_end_ms=0.46129210386425257 commit_to_gpu_start_ms=0.1337506630240083 gpu_idle_before_ms=0.19745866302400827
2026-10-08T13:45:51.589146500Z DEBUG omega::metal::placements_execute_named: chunk_record step=9 plan_shape=decode chunk=2 chunk_count=8 op_first=24 op_last=40 encode_start_ms=0.067625 encode_end_ms=0.126167 commit_at_ms=0.126292 commit_ms=0.0015409999999999998 gpu_start_ms=0.4854170838370919 gpu_end_ms=0.707708764821291 commit_to_gpu_start_ms=0.35912508383709196 gpu_idle_before_ms=0.024124979972839355
2026-10-08T13:45:51.589146833Z DEBUG omega::metal::placements_execute_named: chunk_record step=9 plan_shape=decode chunk=3 chunk_count=8 op_first=41 op_last=64 encode_start_ms=0.12875 encode_end_ms=0.212208 commit_at_ms=0.21229199999999998 commit_ms=0.002 gpu_start_ms=0.732292071916163 gpu_end_ms=1.1206670897081494 commit_to_gpu_start_ms=0.520000071916163 gpu_idle_before_ms=0.024583307094871998
2026-10-08T13:45:51.589147167Z DEBUG omega::metal::placements_execute_named: chunk_record step=9 plan_shape=decode chunk=4 chunk_count=8 op_first=65 op_last=96 encode_start_ms=0.215167 encode_end_ms=0.321042 commit_at_ms=0.321125 commit_ms=0.003 gpu_start_ms=1.141333719715476 gpu_end_ms=1.6115420730784535 commit_to_gpu_start_ms=0.820208719715476 gpu_idle_before_ms=0.020666630007326603
2026-10-08T13:45:51.589147500Z DEBUG omega::metal::placements_execute_named: chunk_record step=9 plan_shape=decode chunk=5 chunk_count=8 op_first=97 op_last=139 encode_start_ms=0.32483300000000004 encode_end_ms=0.47404199999999996 commit_at_ms=0.47425 commit_ms=0.002208 gpu_start_ms=1.6361670568585396 gpu_end_ms=2.3179587442427874 commit_to_gpu_start_ms=1.1619170568585395 gpu_idle_before_ms=0.02462498378008604
2026-10-08T13:45:51.589147875Z DEBUG omega::metal::placements_execute_named: chunk_record step=9 plan_shape=decode chunk=6 chunk_count=8 op_first=140 op_last=197 encode_start_ms=0.47725 encode_end_ms=0.665 commit_at_ms=0.6651250000000001 commit_ms=0.0025 gpu_start_ms=2.344417036511004 gpu_end_ms=3.213083720766008 commit_to_gpu_start_ms=1.6792920365110038 gpu_idle_before_ms=0.02645829226821661
2026-10-08T13:45:51.589148208Z DEBUG omega::metal::placements_execute_named: chunk_record step=9 plan_shape=decode chunk=7 chunk_count=8 op_first=198 op_last=275 encode_start_ms=0.668375 encode_end_ms=0.920708 commit_at_ms=0.920833 commit_ms=0.002375 gpu_start_ms=3.2404171070083976 gpu_end_ms=4.423667094670236 commit_to_gpu_start_ms=2.3195841070083976 gpu_idle_before_ms=0.02733338624238968
2026-10-08T13:45:51.589148542Z DEBUG omega::metal::placements_execute_named: chunk_record step=9 plan_shape=decode chunk=8 chunk_count=8 op_first=276 op_last=382 encode_start_ms=0.9239580000000001 encode_end_ms=1.2351249999999998 commit_at_ms=1.235417 commit_ms=0.002166 gpu_start_ms=4.460667027160525 gpu_end_ms=6.100917002186179 commit_to_gpu_start_ms=3.2252500271605253 gpu_idle_before_ms=0.03699993249028921
2026-10-08T13:45:51.589160708Z DEBUG proxima_model_interop::generate::decode: token_breakdown_argmax_split step=9 scan_ms=0 debug_ms=0
2026-10-08T13:45:51.589161000Z DEBUG proxima_model_interop::generate::decode: token_breakdown_gaps step=9 root_select_ms=0.030458 post_evaluate_ms=0.000833 pre_logits_ms=0.001333 checksum_ms=0 fetch_ms=0.000916 argmax_ms=0.000125 logits_hash_ms=0
2026-10-08T13:45:51.589161708Z INFO proxima_model_interop::generate::load_model: token_breakdown: per-decode-step wall-clock attribution step=9 new_count=1 cached_len_before=1008 step_wall_ms=6.416458 apply_serving_config_ms=0.000083 build_position_inputs_ms=0.001041 named_blocks_weights_ms=0.013125 named_blocks_kv_ms=0.012583 kv_cache_upload_bytes=0 ssm_state_transfer_bytes=0 evaluate_ms=6.3685 layer_cache_append_ms=0.000166 layer_cache_append_bytes=0 greedy_pick_ms=0
2026-10-08T13:45:51.589167083Z INFO proxima_model_interop::generate::load_model: token_breakdown_metal: per-decode-step metal stage attribution step=9 prepare_calls=0 prepare_ms=0 emit_calls=0 emit_ms=0 pipeline_hits=0 pipeline_misses=0 pipeline_compile_ms=0 block_upload_calls=6 block_upload_ms=0 block_offered_bytes=272 block_copied_bytes=272 block_nocopy_bound_bytes=0 block_offset_bound_bytes=0 op_setup_calls=374 op_setup_ms=0.006291 pipeline_lookup_calls=0 pipeline_lookup_ms=0 encode_dispatch_calls=374 physical_dispatch_calls=398 encode_dispatch_ms=0.715125 gpu_exec_calls=8 gpu_exec_ms=5.015083 readback_calls=2 readback_ms=0.003833 readback_bytes=8 nocopy_uploads=0 copying_uploads=6 nocopy_reuses=0 resident_uploads=0 resident_reuses=0 mapping_offset_uploads=0 mapping_rebound_blocks=4 mapping_residency_rung=prefault expert_mapping_candidate_uploads=0 expert_mapping_missed_uploads=0 nocopy_cache_len=25 resident_cache_len=0 resident_cache_bytes=0 uniform_cache_len=1 phys_footprint_bytes=5961923648 device_allocated_bytes=1598881792 output_buffer_allocations=0 output_buffer_allocated_bytes=0 checkpoint_mapping_buffer_bytes=1422245888 expert_mapping_buffer_bytes=0 plan_uniform_writes=0 retire_scan_calls=893 retire_scan_ms=0.070291 expert_buffers_lookup_calls=374 expert_buffers_lookup_ms=0.233708 placement_resolve_calls=374 placement_resolve_ms=0.029875 loop_head_calls=383 loop_head_ms=0.0805 encoder_finish_ms=0.000166 pre_encode_calls=1 pre_encode_ms=0.062083 resolve_plan_ms=0.000166 prepare_infer_ms=0 prepare_validate_ms=0 prepare_bind_ms=0 prepare_optimize_ms=0 prepare_retire_ms=0 build_plan_uniforms_ms=0 resolve_steps_ms=0 uniform_buffer_allocations=0 barriers=0 barriers_raw=0 barriers_waw=0 barriers_war=0 barriers_waw_war_arena_recycled=0 barriers_waw_war_persistent=0 expert_source_cache_hits=0 expert_source_cache_misses=0 expert_source_cache_cold_misses=0 expert_source_cache_replacement_misses=0 expert_source_reuse_copy_bytes=0 expert_source_reuse_copy_ms=0 plan_cache_len=0 plan_hits=8 plan_misses=2 plan_refits=0 plan_arena_allocated_bytes=0 segment_arena_allocated_bytes=0 placed_arena_allocated_bytes=54414264 ablation=false kind_filter=
2026-10-08T13:45:51.589322208Z DEBUG omega::metal::placements_execute_named: step_phase step=10 phase=pre_encode start_raw_s=672579.095102708 end_raw_s=672579.095165208
2026-10-08T13:45:51.589391583Z DEBUG omega::metal::placements_execute_named: chunk_phase step=10 chunk=1 phase=encode start_raw_s=672579.095165208 end_raw_s=672579.095228125
2026-10-08T13:45:51.589391875Z DEBUG omega::metal::placements_execute_named: chunk_phase step=10 chunk=1 phase=commit start_raw_s=672579.095228291 end_raw_s=672579.095234166
2026-10-08T13:45:51.589455458Z DEBUG omega::metal::placements_execute_named: chunk_phase step=10 chunk=2 phase=encode start_raw_s=672579.095235041 end_raw_s=672579.095296291
2026-10-08T13:45:51.589455750Z DEBUG omega::metal::placements_execute_named: chunk_phase step=10 chunk=2 phase=commit start_raw_s=672579.095296375 end_raw_s=672579.095298125
2026-10-08T13:45:51.589542750Z DEBUG omega::metal::placements_execute_named: chunk_phase step=10 chunk=3 phase=encode start_raw_s=672579.095298916 end_raw_s=672579.095383458
2026-10-08T13:45:51.589543042Z DEBUG omega::metal::placements_execute_named: chunk_phase step=10 chunk=3 phase=commit start_raw_s=672579.0953835 end_raw_s=672579.095385458
2026-10-08T13:45:51.589686958Z DEBUG omega::metal::placements_execute_named: chunk_phase step=10 chunk=4 phase=encode start_raw_s=672579.095386208 end_raw_s=672579.095525875
2026-10-08T13:45:51.589687125Z DEBUG omega::metal::placements_execute_named: chunk_phase step=10 chunk=4 phase=commit start_raw_s=672579.095526083 end_raw_s=672579.095529583
2026-10-08T13:45:51.589858667Z DEBUG omega::metal::placements_execute_named: chunk_phase step=10 chunk=5 phase=encode start_raw_s=672579.095530291 end_raw_s=672579.095698
2026-10-08T13:45:51.589858833Z DEBUG omega::metal::placements_execute_named: chunk_phase step=10 chunk=5 phase=commit start_raw_s=672579.095698208 end_raw_s=672579.095701166
2026-10-08T13:45:51.590057000Z DEBUG omega::metal::placements_execute_named: chunk_phase step=10 chunk=6 phase=encode start_raw_s=672579.095702 end_raw_s=672579.095896458
2026-10-08T13:45:51.590057167Z DEBUG omega::metal::placements_execute_named: chunk_phase step=10 chunk=6 phase=commit start_raw_s=672579.095896541 end_raw_s=672579.09589975
2026-10-08T13:45:51.590321500Z DEBUG omega::metal::placements_execute_named: chunk_phase step=10 chunk=7 phase=encode start_raw_s=672579.095900458 end_raw_s=672579.096161416
2026-10-08T13:45:51.590321667Z DEBUG omega::metal::placements_execute_named: chunk_phase step=10 chunk=7 phase=commit start_raw_s=672579.0961615 end_raw_s=672579.096164291
2026-10-08T13:45:51.590653750Z DEBUG omega::metal::placements_execute_named: chunk_phase step=10 chunk=8 phase=encode start_raw_s=672579.096164833 end_raw_s=672579.09649375
2026-10-08T13:45:51.590653875Z DEBUG omega::metal::placements_execute_named: chunk_phase step=10 chunk=8 phase=commit start_raw_s=672579.096494041 end_raw_s=672579.096496666
2026-10-08T13:45:51.595269042Z DEBUG omega::metal::placements_execute_named: token_breakdown_gpu commit_call_ms=0.0026249999999999997 commit_to_gpu_start_ms=0 gpu_busy_ms=5.589291686192155 gpu_end_to_wait_return_ms=0 sum_ms=5.591916686192155 final_commit_to_wait_ms=4.616375 gpu_start_raw_s=672579.09536 gpu_end_raw_s=672579.1009492917 commit_call_start_raw_s=672579.096494041 wait_return_extra_ms=4.613334 chunks=8 first_commit_to_first_gpu_start_ms=0.1317090354859829 encode_overlap_ms=1.258834
2026-10-08T13:45:51.595269792Z DEBUG omega::metal::placements_execute_named: chunk_record step=10 plan_shape=decode chunk=1 chunk_count=8 op_first=0 op_last=23 encode_start_ms=0 encode_end_ms=0.062959 commit_at_ms=0.063167 commit_ms=0.005875 gpu_start_ms=0.1947920536622405 gpu_end_ms=0.4549170844256878 commit_to_gpu_start_ms=0.1316250536622405 gpu_idle_before_ms=0.1947920536622405
2026-10-08T13:45:51.595270417Z DEBUG omega::metal::placements_execute_named: chunk_record step=10 plan_shape=decode chunk=2 chunk_count=8 op_first=24 op_last=40 encode_start_ms=0.069834 encode_end_ms=0.131125 commit_at_ms=0.131209 commit_ms=0.00175 gpu_start_ms=0.4699170822277665 gpu_end_ms=0.6908337818458676 commit_to_gpu_start_ms=0.3387080822277665 gpu_idle_before_ms=0.014999997802078724
2026-10-08T13:45:51.595270750Z DEBUG omega::metal::placements_execute_named: chunk_record step=10 plan_shape=decode chunk=3 chunk_count=8 op_first=41 op_last=64 encode_start_ms=0.13375 encode_end_ms=0.21825 commit_at_ms=0.218375 commit_ms=0.001917 gpu_start_ms=0.716417096555233 gpu_end_ms=1.1070420732721686 commit_to_gpu_start_ms=0.498042096555233 gpu_idle_before_ms=0.025583314709365368
2026-10-08T13:45:51.595271167Z DEBUG omega::metal::placements_execute_named: chunk_record step=10 plan_shape=decode chunk=4 chunk_count=8 op_first=65 op_last=96 encode_start_ms=0.221042 encode_end_ms=0.360709 commit_at_ms=0.360959 commit_ms=0.003458 gpu_start_ms=1.122417044825852 gpu_end_ms=1.5834170626476407 commit_to_gpu_start_ms=0.7614580448258519 gpu_idle_before_ms=0.015374971553683281
2026-10-08T13:45:51.595271500Z DEBUG omega::metal::placements_execute_named: chunk_record step=10 plan_shape=decode chunk=5 chunk_count=8 op_first=97 op_last=139 encode_start_ms=0.365084 encode_end_ms=0.532792 commit_at_ms=0.5330419999999999 commit_ms=0.0029579999999999997 gpu_start_ms=1.6084170201793313 gpu_end_ms=2.2773337550461292 commit_to_gpu_start_ms=1.0753750201793313 gpu_idle_before_ms=0.024999957531690598
2026-10-08T13:45:51.595271833Z DEBUG omega::metal::placements_execute_named: chunk_record step=10 plan_shape=decode chunk=6 chunk_count=8 op_first=140 op_last=197 encode_start_ms=0.536792 encode_end_ms=0.731292 commit_at_ms=0.7314170000000001 commit_ms=0.003208 gpu_start_ms=2.303333720192313 gpu_end_ms=3.131417091935873 commit_to_gpu_start_ms=1.5719167201923132 gpu_idle_before_ms=0.025999965146183968
2026-10-08T13:45:51.595272292Z DEBUG omega::metal::placements_execute_named: chunk_record step=10 plan_shape=decode chunk=7 chunk_count=8 op_first=198 op_last=275 encode_start_ms=0.7352920000000001 encode_end_ms=0.9962090000000001 commit_at_ms=0.9963750000000001 commit_ms=0.00275 gpu_start_ms=3.1435420969501138 gpu_end_ms=4.263542010448873 commit_to_gpu_start_ms=2.1471670969501138 gpu_idle_before_ms=0.012125005014240742
2026-10-08T13:45:51.595272625Z DEBUG omega::metal::placements_execute_named: chunk_record step=10 plan_shape=decode chunk=8 chunk_count=8 op_first=276 op_last=382 encode_start_ms=0.9996250000000001 encode_end_ms=1.3285420000000001 commit_at_ms=1.328875 commit_ms=0.0026249999999999997 gpu_start_ms=4.294167039915919 gpu_end_ms=5.784083739854395 commit_to_gpu_start_ms=2.9652920399159193 gpu_idle_before_ms=0.03062502946704626
2026-10-08T13:45:51.595298083Z DEBUG proxima_model_interop::generate::decode: token_breakdown_argmax_split step=10 scan_ms=0 debug_ms=0
2026-10-08T13:45:51.595298500Z DEBUG proxima_model_interop::generate::decode: token_breakdown_gaps step=10 root_select_ms=0.030375 post_evaluate_ms=0.001666 pre_logits_ms=0.001875 checksum_ms=0 fetch_ms=0.000916 argmax_ms=0.000416 logits_hash_ms=0
2026-10-08T13:45:51.595299667Z INFO proxima_model_interop::generate::load_model: token_breakdown: per-decode-step wall-clock attribution step=10 new_count=1 cached_len_before=1009 step_wall_ms=6.127083 apply_serving_config_ms=0.000083 build_position_inputs_ms=0.001041 named_blocks_weights_ms=0.013416 named_blocks_kv_ms=0.012791 kv_cache_upload_bytes=0 ssm_state_transfer_bytes=0 evaluate_ms=6.076875 layer_cache_append_ms=0.000333 layer_cache_append_bytes=0 greedy_pick_ms=0
2026-10-08T13:45:51.595310667Z INFO proxima_model_interop::generate::load_model: token_breakdown_metal: per-decode-step metal stage attribution step=10 prepare_calls=0 prepare_ms=0 emit_calls=0 emit_ms=0 pipeline_hits=0 pipeline_misses=0 pipeline_compile_ms=0 block_upload_calls=6 block_upload_ms=0 block_offered_bytes=272 block_copied_bytes=272 block_nocopy_bound_bytes=0 block_offset_bound_bytes=0 op_setup_calls=374 op_setup_ms=0.007541 pipeline_lookup_calls=0 pipeline_lookup_ms=0 encode_dispatch_calls=374 physical_dispatch_calls=398 encode_dispatch_ms=0.764541 gpu_exec_calls=8 gpu_exec_ms=4.616333 readback_calls=2 readback_ms=0.004208 readback_bytes=8 nocopy_uploads=0 copying_uploads=6 nocopy_reuses=0 resident_uploads=0 resident_reuses=0 mapping_offset_uploads=0 mapping_rebound_blocks=4 mapping_residency_rung=prefault expert_mapping_candidate_uploads=0 expert_mapping_missed_uploads=0 nocopy_cache_len=25 resident_cache_len=0 resident_cache_bytes=0 uniform_cache_len=1 phys_footprint_bytes=5962005568 device_allocated_bytes=1598881792 output_buffer_allocations=0 output_buffer_allocated_bytes=0 checkpoint_mapping_buffer_bytes=1422245888 expert_mapping_buffer_bytes=0 plan_uniform_writes=0 retire_scan_calls=893 retire_scan_ms=0.071541 expert_buffers_lookup_calls=374 expert_buffers_lookup_ms=0.25775 placement_resolve_calls=374 placement_resolve_ms=0.03275 loop_head_calls=383 loop_head_ms=0.082416 encoder_finish_ms=0.000208 pre_encode_calls=1 pre_encode_ms=0.062625 resolve_plan_ms=0.000125 prepare_infer_ms=0 prepare_validate_ms=0 prepare_bind_ms=0 prepare_optimize_ms=0 prepare_retire_ms=0 build_plan_uniforms_ms=0 resolve_steps_ms=0 uniform_buffer_allocations=0 barriers=0 barriers_raw=0 barriers_waw=0 barriers_war=0 barriers_waw_war_arena_recycled=0 barriers_waw_war_persistent=0 expert_source_cache_hits=0 expert_source_cache_misses=0 expert_source_cache_cold_misses=0 expert_source_cache_replacement_misses=0 expert_source_reuse_copy_bytes=0 expert_source_reuse_copy_ms=0 plan_cache_len=0 plan_hits=9 plan_misses=2 plan_refits=0 plan_arena_allocated_bytes=0 segment_arena_allocated_bytes=0 placed_arena_allocated_bytes=54414264 ablation=false kind_filter=
2026-10-08T13:45:51.595573625Z DEBUG omega::metal::placements_execute_named: step_phase step=11 phase=pre_encode start_raw_s=672579.101321708 end_raw_s=672579.101416583
2026-10-08T13:45:51.595676750Z DEBUG omega::metal::placements_execute_named: chunk_phase step=11 chunk=1 phase=encode start_raw_s=672579.101416583 end_raw_s=672579.101509041
2026-10-08T13:45:51.595676917Z DEBUG omega::metal::placements_execute_named: chunk_phase step=11 chunk=1 phase=commit start_raw_s=672579.101509458 end_raw_s=672579.101519166
2026-10-08T13:45:51.595743125Z DEBUG omega::metal::placements_execute_named: chunk_phase step=11 chunk=2 phase=encode start_raw_s=672579.10152025 end_raw_s=672579.101584708
2026-10-08T13:45:51.595743292Z DEBUG omega::metal::placements_execute_named: chunk_phase step=11 chunk=2 phase=commit start_raw_s=672579.101584791 end_raw_s=672579.101585875
2026-10-08T13:45:51.595834167Z DEBUG omega::metal::placements_execute_named: chunk_phase step=11 chunk=3 phase=encode start_raw_s=672579.101586458 end_raw_s=672579.10167475
2026-10-08T13:45:51.595834333Z DEBUG omega::metal::placements_execute_named: chunk_phase step=11 chunk=3 phase=commit start_raw_s=672579.101674833 end_raw_s=672579.101676916
2026-10-08T13:45:51.595954917Z DEBUG omega::metal::placements_execute_named: chunk_phase step=11 chunk=4 phase=encode start_raw_s=672579.1016775 end_raw_s=672579.10179525
2026-10-08T13:45:51.595955083Z DEBUG omega::metal::placements_execute_named: chunk_phase step=11 chunk=4 phase=commit start_raw_s=672579.101795375 end_raw_s=672579.101797666
2026-10-08T13:45:51.596105708Z DEBUG omega::metal::placements_execute_named: chunk_phase step=11 chunk=5 phase=encode start_raw_s=672579.10179825 end_raw_s=672579.101946125
2026-10-08T13:45:51.596105833Z DEBUG omega::metal::placements_execute_named: chunk_phase step=11 chunk=5 phase=commit start_raw_s=672579.101946291 end_raw_s=672579.101948333
2026-10-08T13:45:51.596313750Z DEBUG omega::metal::placements_execute_named: chunk_phase step=11 chunk=6 phase=encode start_raw_s=672579.101949 end_raw_s=672579.102151541
2026-10-08T13:45:51.596313875Z DEBUG omega::metal::placements_execute_named: chunk_phase step=11 chunk=6 phase=commit start_raw_s=672579.102151625 end_raw_s=672579.1021565
2026-10-08T13:45:51.596584708Z DEBUG omega::metal::placements_execute_named: chunk_phase step=11 chunk=7 phase=encode start_raw_s=672579.102157041 end_raw_s=672579.102424333
2026-10-08T13:45:51.596586542Z DEBUG omega::metal::placements_execute_named: chunk_phase step=11 chunk=7 phase=commit start_raw_s=672579.102424416 end_raw_s=672579.1024275
2026-10-08T13:45:51.596926917Z DEBUG omega::metal::placements_execute_named: chunk_phase step=11 chunk=8 phase=encode start_raw_s=672579.10242975 end_raw_s=672579.102766875
2026-10-08T13:45:51.596927125Z DEBUG omega::metal::placements_execute_named: chunk_phase step=11 chunk=8 phase=commit start_raw_s=672579.102767166 end_raw_s=672579.102769791
2026-10-08T13:45:51.601805292Z DEBUG omega::metal::placements_execute_named: token_breakdown_gpu commit_call_ms=0.0025830000000000002 commit_to_gpu_start_ms=0 gpu_busy_ms=5.836875061504543 gpu_end_to_wait_return_ms=0 sum_ms=5.839458061504542 final_commit_to_wait_ms=4.880541 gpu_start_raw_s=672579.101660875 gpu_end_raw_s=672579.1074977501 commit_call_start_raw_s=672579.102767166 wait_return_extra_ms=4.877208 chunks=8 first_commit_to_first_gpu_start_ms=0.1514169853180647 encode_overlap_ms=1.246791
2026-10-08T13:45:51.601805917Z DEBUG omega::metal::placements_execute_named: chunk_record step=11 plan_shape=decode chunk=1 chunk_count=8 op_first=0 op_last=23 encode_start_ms=0 encode_end_ms=0.09241700000000001 commit_at_ms=0.092875 commit_ms=0.00975 gpu_start_ms=0.24429196491837502 gpu_end_ms=0.5036669317632914 commit_to_gpu_start_ms=0.15141696491837503 gpu_idle_before_ms=0.24429196491837502
2026-10-08T13:45:51.601806375Z DEBUG omega::metal::placements_execute_named: chunk_record step=11 plan_shape=decode chunk=2 chunk_count=8 op_first=24 op_last=40 encode_start_ms=0.103625 encode_end_ms=0.168083 commit_at_ms=0.16825 commit_ms=0.001042 gpu_start_ms=0.5320420023053885 gpu_end_ms=0.7551669841632247 commit_to_gpu_start_ms=0.36379200230538844 gpu_idle_before_ms=0.02837507054209709
2026-10-08T13:45:51.601806708Z DEBUG omega::metal::placements_execute_named: chunk_record step=11 plan_shape=decode chunk=3 chunk_count=8 op_first=41 op_last=64 encode_start_ms=0.169833 encode_end_ms=0.258125 commit_at_ms=0.25825000000000004 commit_ms=0.0020829999999999998 gpu_start_ms=0.7760419975966215 gpu_end_ms=1.1721670161932707 commit_to_gpu_start_ms=0.5177919975966214 gpu_idle_before_ms=0.020875013433396816
2026-10-08T13:45:51.601807125Z DEBUG omega::metal::placements_execute_named: chunk_record step=11 plan_shape=decode chunk=4 chunk_count=8 op_first=65 op_last=96 encode_start_ms=0.26087499999999997 encode_end_ms=0.37866700000000003 commit_at_ms=0.37879199999999996 commit_ms=0.002333 gpu_start_ms=1.1959170224145055 gpu_end_ms=1.6630836762487888 commit_to_gpu_start_ms=0.8171250224145055 gpu_idle_before_ms=0.0237500062212348
2026-10-08T13:45:51.601807500Z DEBUG omega::metal::placements_execute_named: chunk_record step=11 plan_shape=decode chunk=5 chunk_count=8 op_first=97 op_last=139 encode_start_ms=0.381625 encode_end_ms=0.5295420000000001 commit_at_ms=0.5297080000000001 commit_ms=0.002042 gpu_start_ms=1.6903335927054286 gpu_end_ms=2.3774169385433197 commit_to_gpu_start_ms=1.1606255927054285 gpu_idle_before_ms=0.027249916456639767
2026-10-08T13:45:51.601807833Z DEBUG omega::metal::placements_execute_named: chunk_record step=11 plan_shape=decode chunk=6 chunk_count=8 op_first=140 op_last=197 encode_start_ms=0.532417 encode_end_ms=0.734958 commit_at_ms=0.735042 commit_ms=0.004916 gpu_start_ms=2.405041945166886 gpu_end_ms=3.2893336610868573 commit_to_gpu_start_ms=1.6699999451668859 gpu_idle_before_ms=0.02762500662356615
2026-10-08T13:45:51.601808208Z DEBUG omega::metal::placements_execute_named: chunk_record step=11 plan_shape=decode chunk=7 chunk_count=8 op_first=198 op_last=275 encode_start_ms=0.7404580000000001 encode_end_ms=1.00775 commit_at_ms=1.007833 commit_ms=0.003084 gpu_start_ms=3.320333664305508 gpu_end_ms=4.521083668805659 commit_to_gpu_start_ms=2.3125006643055084 gpu_idle_before_ms=0.031000003218650818
2026-10-08T13:45:51.601808542Z DEBUG omega::metal::placements_execute_named: chunk_record step=11 plan_shape=decode chunk=8 chunk_count=8 op_first=276 op_last=382 encode_start_ms=1.0131249999999998 encode_end_ms=1.3502919999999998 commit_at_ms=1.350625 commit_ms=0.0025830000000000002 gpu_start_ms=4.556042025797069 gpu_end_ms=6.081167026422918 commit_to_gpu_start_ms=3.205417025797069 gpu_idle_before_ms=0.034958356991410255
2026-10-08T13:45:51.601821125Z DEBUG proxima_model_interop::generate::decode: token_breakdown_argmax_split step=11 scan_ms=0 debug_ms=0
2026-10-08T13:45:51.601821458Z DEBUG proxima_model_interop::generate::decode: token_breakdown_gaps step=11 root_select_ms=0.072416 post_evaluate_ms=0.000916 pre_logits_ms=0.001166 checksum_ms=0.000041 fetch_ms=0.000583 argmax_ms=0.000166 logits_hash_ms=0
2026-10-08T13:45:51.601822375Z INFO proxima_model_interop::generate::load_model: token_breakdown: per-decode-step wall-clock attribution step=11 new_count=1 cached_len_before=1010 step_wall_ms=6.503833 apply_serving_config_ms=0.000416 build_position_inputs_ms=0.0015 named_blocks_weights_ms=0.022541 named_blocks_kv_ms=0.021708 kv_cache_upload_bytes=0 ssm_state_transfer_bytes=0 evaluate_ms=6.403541 layer_cache_append_ms=0.000125 layer_cache_append_bytes=0 greedy_pick_ms=0.000041
2026-10-08T13:45:51.601830167Z INFO proxima_model_interop::generate::load_model: token_breakdown_metal: per-decode-step metal stage attribution step=11 prepare_calls=0 prepare_ms=0 emit_calls=0 emit_ms=0 pipeline_hits=0 pipeline_misses=0 pipeline_compile_ms=0 block_upload_calls=6 block_upload_ms=0 block_offered_bytes=272 block_copied_bytes=272 block_nocopy_bound_bytes=0 block_offset_bound_bytes=0 op_setup_calls=374 op_setup_ms=0.010541 pipeline_lookup_calls=0 pipeline_lookup_ms=0 encode_dispatch_calls=374 physical_dispatch_calls=398 encode_dispatch_ms=0.744875 gpu_exec_calls=8 gpu_exec_ms=4.8805 readback_calls=2 readback_ms=0.003666 readback_bytes=8 nocopy_uploads=0 copying_uploads=6 nocopy_reuses=0 resident_uploads=0 resident_reuses=0 mapping_offset_uploads=0 mapping_rebound_blocks=4 mapping_residency_rung=prefault expert_mapping_candidate_uploads=0 expert_mapping_missed_uploads=0 nocopy_cache_len=25 resident_cache_len=0 resident_cache_bytes=0 uniform_cache_len=1 phys_footprint_bytes=5962267712 device_allocated_bytes=1598881792 output_buffer_allocations=0 output_buffer_allocated_bytes=0 checkpoint_mapping_buffer_bytes=1422245888 expert_mapping_buffer_bytes=0 plan_uniform_writes=0 retire_scan_calls=893 retire_scan_ms=0.072375 expert_buffers_lookup_calls=374 expert_buffers_lookup_ms=0.260208 placement_resolve_calls=374 placement_resolve_ms=0.033083 loop_head_calls=383 loop_head_ms=0.106416 encoder_finish_ms=0.00025 pre_encode_calls=1 pre_encode_ms=0.095083 resolve_plan_ms=0.000291 prepare_infer_ms=0 prepare_validate_ms=0 prepare_bind_ms=0 prepare_optimize_ms=0 prepare_retire_ms=0 build_plan_uniforms_ms=0 resolve_steps_ms=0 uniform_buffer_allocations=0 barriers=0 barriers_raw=0 barriers_waw=0 barriers_war=0 barriers_waw_war_arena_recycled=0 barriers_waw_war_persistent=0 expert_source_cache_hits=0 expert_source_cache_misses=0 expert_source_cache_cold_misses=0 expert_source_cache_replacement_misses=0 expert_source_reuse_copy_bytes=0 expert_source_reuse_copy_ms=0 plan_cache_len=0 plan_hits=10 plan_misses=2 plan_refits=0 plan_arena_allocated_bytes=0 segment_arena_allocated_bytes=0 placed_arena_allocated_bytes=54414264 ablation=false kind_filter=
2026-10-08T13:45:51.602002042Z DEBUG omega::metal::placements_execute_named: step_phase step=12 phase=pre_encode start_raw_s=672579.107775541 end_raw_s=672579.107845041
2026-10-08T13:45:51.602077625Z DEBUG omega::metal::placements_execute_named: chunk_phase step=12 chunk=1 phase=encode start_raw_s=672579.107845041 end_raw_s=672579.107916458
2026-10-08T13:45:51.602077792Z DEBUG omega::metal::placements_execute_named: chunk_phase step=12 chunk=1 phase=commit start_raw_s=672579.107916708 end_raw_s=672579.10792025
2026-10-08T13:45:51.602141167Z DEBUG omega::metal::placements_execute_named: chunk_phase step=12 chunk=2 phase=encode start_raw_s=672579.107921 end_raw_s=672579.107980708
2026-10-08T13:45:51.602141375Z DEBUG omega::metal::placements_execute_named: chunk_phase step=12 chunk=2 phase=commit start_raw_s=672579.107980916 end_raw_s=672579.107983875
2026-10-08T13:45:51.602230250Z DEBUG omega::metal::placements_execute_named: chunk_phase step=12 chunk=3 phase=encode start_raw_s=672579.107984541 end_raw_s=672579.108068083
2026-10-08T13:45:51.602230417Z DEBUG omega::metal::placements_execute_named: chunk_phase step=12 chunk=3 phase=commit start_raw_s=672579.108068166 end_raw_s=672579.108073
2026-10-08T13:45:51.602340333Z DEBUG omega::metal::placements_execute_named: chunk_phase step=12 chunk=4 phase=encode start_raw_s=672579.108073583 end_raw_s=672579.108181375
2026-10-08T13:45:51.602340458Z DEBUG omega::metal::placements_execute_named: chunk_phase step=12 chunk=4 phase=commit start_raw_s=672579.108181458 end_raw_s=672579.108183125
2026-10-08T13:45:51.602486875Z DEBUG omega::metal::placements_execute_named: chunk_phase step=12 chunk=5 phase=encode start_raw_s=672579.108183625 end_raw_s=672579.108326958
2026-10-08T13:45:51.602487083Z DEBUG omega::metal::placements_execute_named: chunk_phase step=12 chunk=5 phase=commit start_raw_s=672579.108327083 end_raw_s=672579.108329541
2026-10-08T13:45:51.602690708Z DEBUG omega::metal::placements_execute_named: chunk_phase step=12 chunk=6 phase=encode start_raw_s=672579.10833025 end_raw_s=672579.108530833
2026-10-08T13:45:51.602690833Z DEBUG omega::metal::placements_execute_named: chunk_phase step=12 chunk=6 phase=commit start_raw_s=672579.108530958 end_raw_s=672579.1085335
2026-10-08T13:45:51.602958375Z DEBUG omega::metal::placements_execute_named: chunk_phase step=12 chunk=7 phase=encode start_raw_s=672579.108534125 end_raw_s=672579.108796041
2026-10-08T13:45:51.602958750Z DEBUG omega::metal::placements_execute_named: chunk_phase step=12 chunk=7 phase=commit start_raw_s=672579.108796125 end_raw_s=672579.108801166
2026-10-08T13:45:51.603288000Z DEBUG omega::metal::placements_execute_named: chunk_phase step=12 chunk=8 phase=encode start_raw_s=672579.108801875 end_raw_s=672579.109126083
2026-10-08T13:45:51.603288333Z DEBUG omega::metal::placements_execute_named: chunk_phase step=12 chunk=8 phase=commit start_raw_s=672579.109126333 end_raw_s=672579.109130875
2026-10-08T13:45:51.608031667Z DEBUG omega::metal::placements_execute_named: token_breakdown_gpu commit_call_ms=0.0045000000000000005 commit_to_gpu_start_ms=0 gpu_busy_ms=5.7114167138934135 gpu_end_to_wait_return_ms=0 sum_ms=5.715916713893414 final_commit_to_wait_ms=4.746916 gpu_start_raw_s=672579.108036 gpu_end_raw_s=672579.1137474168 commit_call_start_raw_s=672579.109126333 wait_return_extra_ms=4.741708 chunks=8 first_commit_to_first_gpu_start_ms=0.1192920608446002 encode_overlap_ms=1.2052079999999998
2026-10-08T13:45:51.608032542Z DEBUG omega::metal::placements_execute_named: chunk_record step=12 plan_shape=decode chunk=1 chunk_count=8 op_first=0 op_last=23 encode_start_ms=0 encode_end_ms=0.071416 commit_at_ms=0.071708 commit_ms=0.003542 gpu_start_ms=0.19095907919108868 gpu_end_ms=0.4513340536504984 commit_to_gpu_start_ms=0.11925107919108868 gpu_idle_before_ms=0.19095907919108868
2026-10-08T13:45:51.608033083Z DEBUG omega::metal::placements_execute_named: chunk_record step=12 plan_shape=decode chunk=2 chunk_count=8 op_first=24 op_last=40 encode_start_ms=0.075958 encode_end_ms=0.135666 commit_at_ms=0.135958 commit_ms=0.0029579999999999997 gpu_start_ms=0.4755840636789799 gpu_end_ms=0.698000774718821 commit_to_gpu_start_ms=0.33962606367897985 gpu_idle_before_ms=0.024250010028481483
2026-10-08T13:45:51.608033625Z DEBUG omega::metal::placements_execute_named: chunk_record step=12 plan_shape=decode chunk=3 chunk_count=8 op_first=41 op_last=64 encode_start_ms=0.139541 encode_end_ms=0.223083 commit_at_ms=0.223166 commit_ms=0.004834 gpu_start_ms=0.7207507733255625 gpu_end_ms=1.1180840665474534 commit_to_gpu_start_ms=0.4975847733255625 gpu_idle_before_ms=0.02274999860674143
2026-10-08T13:45:51.608033958Z DEBUG omega::metal::placements_execute_named: chunk_record step=12 plan_shape=decode chunk=4 chunk_count=8 op_first=65 op_last=96 encode_start_ms=0.228541 encode_end_ms=0.336333 commit_at_ms=0.336458 commit_ms=0.001667 gpu_start_ms=1.1413757456466556 gpu_end_ms=1.6007090453058481 commit_to_gpu_start_ms=0.8049177456466556 gpu_idle_before_ms=0.023291679099202156
2026-10-08T13:45:51.608035083Z DEBUG omega::metal::placements_execute_named: chunk_record step=12 plan_shape=decode chunk=5 chunk_count=8 op_first=97 op_last=139 encode_start_ms=0.33858299999999997 encode_end_ms=0.481916 commit_at_ms=0.48208300000000004 commit_ms=0.002458 gpu_start_ms=1.6247091116383672 gpu_end_ms=2.3052090546116233 commit_to_gpu_start_ms=1.1426261116383671 gpu_idle_before_ms=0.024000066332519054
2026-10-08T13:45:51.608035458Z DEBUG omega::metal::placements_execute_named: chunk_record step=12 plan_shape=decode chunk=6 chunk_count=8 op_first=140 op_last=197 encode_start_ms=0.485208 encode_end_ms=0.6858329999999999 commit_at_ms=0.685958 commit_ms=0.002542 gpu_start_ms=2.3336256854236126 gpu_end_ms=3.233000752516091 commit_to_gpu_start_ms=1.6476676854236127 gpu_idle_before_ms=0.028416630811989307
2026-10-08T13:45:51.608035917Z DEBUG omega::metal::placements_execute_named: chunk_record step=12 plan_shape=decode chunk=7 chunk_count=8 op_first=198 op_last=275 encode_start_ms=0.689083 encode_end_ms=0.951041 commit_at_ms=0.9511660000000001 commit_ms=0.005 gpu_start_ms=3.2587090972810984 gpu_end_ms=4.377209115773439 commit_to_gpu_start_ms=2.307543097281098 gpu_idle_before_ms=0.025708344765007496
2026-10-08T13:45:51.608036250Z DEBUG omega::metal::placements_execute_named: chunk_record step=12 plan_shape=decode chunk=8 chunk_count=8 op_first=276 op_last=382 encode_start_ms=0.956875 encode_end_ms=1.281083 commit_at_ms=1.281375 commit_ms=0.0045000000000000005 gpu_start_ms=4.413709044456482 gpu_end_ms=5.902375793084502 commit_to_gpu_start_ms=3.1323340444564822 gpu_idle_before_ms=0.036499928683042526
2026-10-08T13:45:51.608054625Z DEBUG proxima_model_interop::generate::decode: token_breakdown_argmax_split step=12 scan_ms=0 debug_ms=0
2026-10-08T13:45:51.608055000Z DEBUG proxima_model_interop::generate::decode: token_breakdown_gaps step=12 root_select_ms=0.032958 post_evaluate_ms=0.001375 pre_logits_ms=0.001666 checksum_ms=0.000041 fetch_ms=0.000833 argmax_ms=0.000416 logits_hash_ms=0
2026-10-08T13:45:51.608055917Z INFO proxima_model_interop::generate::load_model: token_breakdown: per-decode-step wall-clock attribution step=12 new_count=1 cached_len_before=1011 step_wall_ms=6.218791 apply_serving_config_ms=0.000125 build_position_inputs_ms=0.001458 named_blocks_weights_ms=0.015333 named_blocks_kv_ms=0.014541 kv_cache_upload_bytes=0 ssm_state_transfer_bytes=0 evaluate_ms=6.164291 layer_cache_append_ms=0.000166 layer_cache_append_bytes=0 greedy_pick_ms=0.000041
2026-10-08T13:45:51.608064250Z INFO proxima_model_interop::generate::load_model: token_breakdown_metal: per-decode-step metal stage attribution step=12 prepare_calls=0 prepare_ms=0 emit_calls=0 emit_ms=0 pipeline_hits=0 pipeline_misses=0 pipeline_compile_ms=0 block_upload_calls=6 block_upload_ms=0 block_offered_bytes=272 block_copied_bytes=272 block_nocopy_bound_bytes=0 block_offset_bound_bytes=0 op_setup_calls=374 op_setup_ms=0.007291 pipeline_lookup_calls=0 pipeline_lookup_ms=0 encode_dispatch_calls=374 physical_dispatch_calls=398 encode_dispatch_ms=0.738375 gpu_exec_calls=8 gpu_exec_ms=4.746875 readback_calls=2 readback_ms=0.004541 readback_bytes=8 nocopy_uploads=0 copying_uploads=6 nocopy_reuses=0 resident_uploads=0 resident_reuses=0 mapping_offset_uploads=0 mapping_rebound_blocks=4 mapping_residency_rung=prefault expert_mapping_candidate_uploads=0 expert_mapping_missed_uploads=0 nocopy_cache_len=25 resident_cache_len=0 resident_cache_bytes=0 uniform_cache_len=1 phys_footprint_bytes=5962284096 device_allocated_bytes=1598881792 output_buffer_allocations=0 output_buffer_allocated_bytes=0 checkpoint_mapping_buffer_bytes=1422245888 expert_mapping_buffer_bytes=0 plan_uniform_writes=0 retire_scan_calls=893 retire_scan_ms=0.070291 expert_buffers_lookup_calls=374 expert_buffers_lookup_ms=0.24575 placement_resolve_calls=374 placement_resolve_ms=0.031791 loop_head_calls=383 loop_head_ms=0.080958 encoder_finish_ms=0.000166 pre_encode_calls=1 pre_encode_ms=0.069625 resolve_plan_ms=0.000166 prepare_infer_ms=0 prepare_validate_ms=0 prepare_bind_ms=0 prepare_optimize_ms=0 prepare_retire_ms=0 build_plan_uniforms_ms=0 resolve_steps_ms=0 uniform_buffer_allocations=0 barriers=0 barriers_raw=0 barriers_waw=0 barriers_war=0 barriers_waw_war_arena_recycled=0 barriers_waw_war_persistent=0 expert_source_cache_hits=0 expert_source_cache_misses=0 expert_source_cache_cold_misses=0 expert_source_cache_replacement_misses=0 expert_source_reuse_copy_bytes=0 expert_source_reuse_copy_ms=0 plan_cache_len=0 plan_hits=11 plan_misses=2 plan_refits=0 plan_arena_allocated_bytes=0 segment_arena_allocated_bytes=0 placed_arena_allocated_bytes=54414264 ablation=false kind_filter=
2026-10-08T13:45:51.608270708Z DEBUG omega::metal::placements_execute_named: step_phase step=13 phase=pre_encode start_raw_s=672579.114028416 end_raw_s=672579.114113625
2026-10-08T13:45:51.608360250Z DEBUG omega::metal::placements_execute_named: chunk_phase step=13 chunk=1 phase=encode start_raw_s=672579.114113625 end_raw_s=672579.114194375
2026-10-08T13:45:51.608360500Z DEBUG omega::metal::placements_execute_named: chunk_phase step=13 chunk=1 phase=commit start_raw_s=672579.114194708 end_raw_s=672579.11420275
2026-10-08T13:45:51.608428333Z DEBUG omega::metal::placements_execute_named: chunk_phase step=13 chunk=2 phase=encode start_raw_s=672579.114203666 end_raw_s=672579.114270166
2026-10-08T13:45:51.608428625Z DEBUG omega::metal::placements_execute_named: chunk_phase step=13 chunk=2 phase=commit start_raw_s=672579.114270291 end_raw_s=672579.114271083
2026-10-08T13:45:51.608523583Z DEBUG omega::metal::placements_execute_named: chunk_phase step=13 chunk=3 phase=encode start_raw_s=672579.114271791 end_raw_s=672579.114363875
2026-10-08T13:45:51.608523833Z DEBUG omega::metal::placements_execute_named: chunk_phase step=13 chunk=3 phase=commit start_raw_s=672579.114363958 end_raw_s=672579.114366291
2026-10-08T13:45:51.608650250Z DEBUG omega::metal::placements_execute_named: chunk_phase step=13 chunk=4 phase=encode start_raw_s=672579.114367125 end_raw_s=672579.114490375
2026-10-08T13:45:51.608650458Z DEBUG omega::metal::placements_execute_named: chunk_phase step=13 chunk=4 phase=commit start_raw_s=672579.114490458 end_raw_s=672579.114492916
2026-10-08T13:45:51.608815875Z DEBUG omega::metal::placements_execute_named: chunk_phase step=13 chunk=5 phase=encode start_raw_s=672579.114493666 end_raw_s=672579.114655791
2026-10-08T13:45:51.608816167Z DEBUG omega::metal::placements_execute_named: chunk_phase step=13 chunk=5 phase=commit start_raw_s=672579.114656 end_raw_s=672579.114658458
2026-10-08T13:45:51.609055083Z DEBUG omega::metal::placements_execute_named: chunk_phase step=13 chunk=6 phase=encode start_raw_s=672579.114659458 end_raw_s=672579.114895125
2026-10-08T13:45:51.609055458Z DEBUG omega::metal::placements_execute_named: chunk_phase step=13 chunk=6 phase=commit start_raw_s=672579.114895208 end_raw_s=672579.114897625
2026-10-08T13:45:51.609349458Z DEBUG omega::metal::placements_execute_named: chunk_phase step=13 chunk=7 phase=encode start_raw_s=672579.114898666 end_raw_s=672579.115189083
2026-10-08T13:45:51.609349667Z DEBUG omega::metal::placements_execute_named: chunk_phase step=13 chunk=7 phase=commit start_raw_s=672579.115189166 end_raw_s=672579.115191916
2026-10-08T13:45:51.609702708Z DEBUG omega::metal::placements_execute_named: chunk_phase step=13 chunk=8 phase=encode start_raw_s=672579.115192875 end_raw_s=672579.115542291
2026-10-08T13:45:51.609702958Z DEBUG omega::metal::placements_execute_named: chunk_phase step=13 chunk=8 phase=commit start_raw_s=672579.115542541 end_raw_s=672579.1155455
2026-10-08T13:45:51.614647625Z DEBUG omega::metal::placements_execute_named: token_breakdown_gpu commit_call_ms=0.002959 commit_to_gpu_start_ms=0 gpu_busy_ms=5.807791720144451 gpu_end_to_wait_return_ms=0 sum_ms=5.81075072014445 final_commit_to_wait_ms=4.946916 gpu_start_raw_s=672579.1145485 gpu_end_raw_s=672579.1203562918 commit_call_start_raw_s=672579.115542541 wait_return_extra_ms=4.943333 chunks=8 first_commit_to_first_gpu_start_ms=0.3537921002134681 encode_overlap_ms=1.338708
2026-10-08T13:45:51.614648417Z DEBUG omega::metal::placements_execute_named: chunk_record step=13 plan_shape=decode chunk=1 chunk_count=8 op_first=0 op_last=23 encode_start_ms=0 encode_end_ms=0.08079199999999999 commit_at_ms=0.08112499999999999 commit_ms=0.008042 gpu_start_ms=0.4348750226199627 gpu_end_ms=0.6962500046938658 commit_to_gpu_start_ms=0.3537500226199627 gpu_idle_before_ms=0.4348750226199627
2026-10-08T13:45:51.614649042Z DEBUG omega::metal::placements_execute_named: chunk_record step=13 plan_shape=decode chunk=2 chunk_count=8 op_first=24 op_last=40 encode_start_ms=0.090083 encode_end_ms=0.156583 commit_at_ms=0.15670800000000001 commit_ms=0.000792 gpu_start_ms=0.7191250333562493 gpu_end_ms=0.9426249889656901 commit_to_gpu_start_ms=0.5624170333562493 gpu_idle_before_ms=0.022875028662383556
2026-10-08T13:45:51.614649375Z DEBUG omega::metal::placements_execute_named: chunk_record step=13 plan_shape=decode chunk=3 chunk_count=8 op_first=41 op_last=64 encode_start_ms=0.158208 encode_end_ms=0.25025 commit_at_ms=0.250375 commit_ms=0.002333 gpu_start_ms=0.9638749761506915 gpu_end_ms=1.3597500510513783 commit_to_gpu_start_ms=0.7134999761506915 gpu_idle_before_ms=0.021249987185001373
2026-10-08T13:45:51.614649708Z DEBUG omega::metal::placements_execute_named: chunk_record step=13 plan_shape=decode chunk=4 chunk_count=8 op_first=65 op_last=96 encode_start_ms=0.253542 encode_end_ms=0.37679199999999996 commit_at_ms=0.37687499999999996 commit_ms=0.002458 gpu_start_ms=1.38412497472018 gpu_end_ms=1.8512916285544634 commit_to_gpu_start_ms=1.00724997472018 gpu_idle_before_ms=0.024374923668801785
2026-10-08T13:45:51.614650042Z DEBUG omega::metal::placements_execute_named: chunk_record step=13 plan_shape=decode chunk=5 chunk_count=8 op_first=97 op_last=139 encode_start_ms=0.380042 encode_end_ms=0.542167 commit_at_ms=0.542417 commit_ms=0.0025 gpu_start_ms=1.8733750330284238 gpu_end_ms=2.5432916590943933 commit_to_gpu_start_ms=1.3309580330284239 gpu_idle_before_ms=0.0220834044739604
2026-10-08T13:45:51.614650417Z DEBUG omega::metal::placements_execute_named: chunk_record step=13 plan_shape=decode chunk=6 chunk_count=8 op_first=140 op_last=197 encode_start_ms=0.545875 encode_end_ms=0.7815 commit_at_ms=0.781625 commit_ms=0.002458 gpu_start_ms=2.5690000038594007 gpu_end_ms=3.420624998398125 commit_to_gpu_start_ms=1.7873750038594007 gpu_idle_before_ms=0.025708344765007496
2026-10-08T13:45:51.614650708Z DEBUG omega::metal::placements_execute_named: chunk_record step=13 plan_shape=decode chunk=7 chunk_count=8 op_first=198 op_last=275 encode_start_ms=0.785 encode_end_ms=1.075458 commit_at_ms=1.075583 commit_ms=0.00275 gpu_start_ms=3.4467499935999513 gpu_end_ms=4.634374985471368 commit_to_gpu_start_ms=2.3711669935999513 gpu_idle_before_ms=0.026124995201826096
2026-10-08T13:45:51.614651042Z DEBUG omega::metal::placements_execute_named: chunk_record step=13 plan_shape=decode chunk=8 chunk_count=8 op_first=276 op_last=382 encode_start_ms=1.0792499999999998 encode_end_ms=1.428708 commit_at_ms=1.428958 commit_ms=0.002959 gpu_start_ms=4.666416672989726 gpu_end_ms=6.242666742764413 commit_to_gpu_start_ms=3.2374586729897263 gpu_idle_before_ms=0.03204168751835823
2026-10-08T13:45:51.614666875Z DEBUG proxima_model_interop::generate::decode: token_breakdown_argmax_split step=13 scan_ms=0 debug_ms=0
2026-10-08T13:45:51.614667208Z DEBUG proxima_model_interop::generate::decode: token_breakdown_gaps step=13 root_select_ms=0.035875 post_evaluate_ms=0.001125 pre_logits_ms=0.00175 checksum_ms=0 fetch_ms=0.001041 argmax_ms=0.000333 logits_hash_ms=0
2026-10-08T13:45:51.614668167Z INFO proxima_model_interop::generate::load_model: token_breakdown: per-decode-step wall-clock attribution step=13 new_count=1 cached_len_before=1012 step_wall_ms=6.596666 apply_serving_config_ms=0.000125 build_position_inputs_ms=0.0015 named_blocks_weights_ms=0.019875 named_blocks_kv_ms=0.018916 kv_cache_upload_bytes=0 ssm_state_transfer_bytes=0 evaluate_ms=6.535083 layer_cache_append_ms=0.000166 layer_cache_append_bytes=0 greedy_pick_ms=0
2026-10-08T13:45:51.614675708Z INFO proxima_model_interop::generate::load_model: token_breakdown_metal: per-decode-step metal stage attribution step=13 prepare_calls=0 prepare_ms=0 emit_calls=0 emit_ms=0 pipeline_hits=0 pipeline_misses=0 pipeline_compile_ms=0 block_upload_calls=6 block_upload_ms=0 block_offered_bytes=272 block_copied_bytes=272 block_nocopy_bound_bytes=0 block_offset_bound_bytes=0 op_setup_calls=374 op_setup_ms=0.009666 pipeline_lookup_calls=0 pipeline_lookup_ms=0 encode_dispatch_calls=374 physical_dispatch_calls=398 encode_dispatch_ms=0.810916 gpu_exec_calls=8 gpu_exec_ms=4.946875 readback_calls=2 readback_ms=0.004583 readback_bytes=8 nocopy_uploads=0 copying_uploads=6 nocopy_reuses=0 resident_uploads=0 resident_reuses=0 mapping_offset_uploads=0 mapping_rebound_blocks=4 mapping_residency_rung=prefault expert_mapping_candidate_uploads=0 expert_mapping_missed_uploads=0 nocopy_cache_len=25 resident_cache_len=0 resident_cache_bytes=0 uniform_cache_len=1 phys_footprint_bytes=5962464320 device_allocated_bytes=1598881792 output_buffer_allocations=0 output_buffer_allocated_bytes=0 checkpoint_mapping_buffer_bytes=1422245888 expert_mapping_buffer_bytes=0 plan_uniform_writes=0 retire_scan_calls=893 retire_scan_ms=0.076375 expert_buffers_lookup_calls=374 expert_buffers_lookup_ms=0.25775 placement_resolve_calls=374 placement_resolve_ms=0.034291 loop_head_calls=383 loop_head_ms=0.097583 encoder_finish_ms=0.00025 pre_encode_calls=1 pre_encode_ms=0.085458 resolve_plan_ms=0.000166 prepare_infer_ms=0 prepare_validate_ms=0 prepare_bind_ms=0 prepare_optimize_ms=0 prepare_retire_ms=0 build_plan_uniforms_ms=0 resolve_steps_ms=0 uniform_buffer_allocations=0 barriers=0 barriers_raw=0 barriers_waw=0 barriers_war=0 barriers_waw_war_arena_recycled=0 barriers_waw_war_persistent=0 expert_source_cache_hits=0 expert_source_cache_misses=0 expert_source_cache_cold_misses=0 expert_source_cache_replacement_misses=0 expert_source_reuse_copy_bytes=0 expert_source_reuse_copy_ms=0 plan_cache_len=0 plan_hits=12 plan_misses=2 plan_refits=0 plan_arena_allocated_bytes=0 segment_arena_allocated_bytes=0 placed_arena_allocated_bytes=54414264 ablation=false kind_filter=
2026-10-08T13:45:51.614874250Z DEBUG omega::metal::placements_execute_named: step_phase step=14 phase=pre_encode start_raw_s=672579.120635958 end_raw_s=672579.120717166
2026-10-08T13:45:51.614959375Z DEBUG omega::metal::placements_execute_named: chunk_phase step=14 chunk=1 phase=encode start_raw_s=672579.120717166 end_raw_s=672579.120796416
2026-10-08T13:45:51.614959625Z DEBUG omega::metal::placements_execute_named: chunk_phase step=14 chunk=1 phase=commit start_raw_s=672579.120796833 end_raw_s=672579.120801875
2026-10-08T13:45:51.615030208Z DEBUG omega::metal::placements_execute_named: chunk_phase step=14 chunk=2 phase=encode start_raw_s=672579.120802791 end_raw_s=672579.120870333
2026-10-08T13:45:51.615030375Z DEBUG omega::metal::placements_execute_named: chunk_phase step=14 chunk=2 phase=commit start_raw_s=672579.120870416 end_raw_s=672579.120872833
2026-10-08T13:45:51.615125458Z DEBUG omega::metal::placements_execute_named: chunk_phase step=14 chunk=3 phase=encode start_raw_s=672579.120873541 end_raw_s=672579.120964916
2026-10-08T13:45:51.615125625Z DEBUG omega::metal::placements_execute_named: chunk_phase step=14 chunk=3 phase=commit start_raw_s=672579.120965041 end_raw_s=672579.120968166
2026-10-08T13:45:51.615251083Z DEBUG omega::metal::placements_execute_named: chunk_phase step=14 chunk=4 phase=encode start_raw_s=672579.120968791 end_raw_s=672579.121090916
2026-10-08T13:45:51.615251250Z DEBUG omega::metal::placements_execute_named: chunk_phase step=14 chunk=4 phase=commit start_raw_s=672579.121091 end_raw_s=672579.121093833
2026-10-08T13:45:51.615412167Z DEBUG omega::metal::placements_execute_named: chunk_phase step=14 chunk=5 phase=encode start_raw_s=672579.121094458 end_raw_s=672579.121252041
2026-10-08T13:45:51.615412333Z DEBUG omega::metal::placements_execute_named: chunk_phase step=14 chunk=5 phase=commit start_raw_s=672579.121252291 end_raw_s=672579.121254791
2026-10-08T13:45:51.615618708Z DEBUG omega::metal::placements_execute_named: chunk_phase step=14 chunk=6 phase=encode start_raw_s=672579.1212555 end_raw_s=672579.121458375
2026-10-08T13:45:51.615618875Z DEBUG omega::metal::placements_execute_named: chunk_phase step=14 chunk=6 phase=commit start_raw_s=672579.1214585 end_raw_s=672579.121461458
2026-10-08T13:45:51.615892542Z DEBUG omega::metal::placements_execute_named: chunk_phase step=14 chunk=7 phase=encode start_raw_s=672579.121462041 end_raw_s=672579.121732666
2026-10-08T13:45:51.615892667Z DEBUG omega::metal::placements_execute_named: chunk_phase step=14 chunk=7 phase=commit start_raw_s=672579.12173275 end_raw_s=672579.121735291
2026-10-08T13:45:51.616243458Z DEBUG omega::metal::placements_execute_named: chunk_phase step=14 chunk=8 phase=encode start_raw_s=672579.121735833 end_raw_s=672579.122083333
2026-10-08T13:45:51.616243625Z DEBUG omega::metal::placements_execute_named: chunk_phase step=14 chunk=8 phase=commit start_raw_s=672579.122083625 end_raw_s=672579.122086333
2026-10-08T13:45:51.621012292Z DEBUG omega::metal::placements_execute_named: token_breakdown_gpu commit_call_ms=0.0027080000000000003 commit_to_gpu_start_ms=0 gpu_busy_ms=5.773041630163789 gpu_end_to_wait_return_ms=0 sum_ms=5.775749630163789 final_commit_to_wait_ms=4.769458 gpu_start_raw_s=672579.12093125 gpu_end_raw_s=672579.1267042917 commit_call_start_raw_s=672579.122083625 wait_return_extra_ms=4.766249999999999 chunks=8 first_commit_to_first_gpu_start_ms=0.13441708870232105 encode_overlap_ms=1.280667
2026-10-08T13:45:51.621013125Z DEBUG omega::metal::placements_execute_named: chunk_record step=14 plan_shape=decode chunk=1 chunk_count=8 op_first=0 op_last=23 encode_start_ms=0 encode_end_ms=0.079291 commit_at_ms=0.079708 commit_ms=0.0050420000000000005 gpu_start_ms=0.21408405154943466 gpu_end_ms=0.47812575940042734 commit_to_gpu_start_ms=0.13437605154943466 gpu_idle_before_ms=0.21408405154943466
2026-10-08T13:45:51.621013542Z DEBUG omega::metal::placements_execute_named: chunk_record step=14 plan_shape=decode chunk=2 chunk_count=8 op_first=24 op_last=40 encode_start_ms=0.085666 encode_end_ms=0.153166 commit_at_ms=0.153291 commit_ms=0.0024590000000000002 gpu_start_ms=0.5008340813219547 gpu_end_ms=0.7233340293169022 commit_to_gpu_start_ms=0.3475430813219547 gpu_idle_before_ms=0.022708321921527386
2026-10-08T13:45:51.621013917Z DEBUG omega::metal::placements_execute_named: chunk_record step=14 plan_shape=decode chunk=3 chunk_count=8 op_first=41 op_last=64 encode_start_ms=0.156375 encode_end_ms=0.24779100000000004 commit_at_ms=0.247916 commit_ms=0.003167 gpu_start_ms=0.744209042750299 gpu_end_ms=1.1350840795785189 commit_to_gpu_start_ms=0.49629304275029895 gpu_idle_before_ms=0.020875013433396816
2026-10-08T13:45:51.621014292Z DEBUG omega::metal::placements_execute_named: chunk_record step=14 plan_shape=decode chunk=4 chunk_count=8 op_first=65 op_last=96 encode_start_ms=0.251625 encode_end_ms=0.37375 commit_at_ms=0.373875 commit_ms=0.002833 gpu_start_ms=1.1553340591490269 gpu_end_ms=1.6081257490441203 commit_to_gpu_start_ms=0.7814590591490269 gpu_idle_before_ms=0.020249979570508003
2026-10-08T13:45:51.621014667Z DEBUG omega::metal::placements_execute_named: chunk_record step=14 plan_shape=decode chunk=5 chunk_count=8 op_first=97 op_last=139 encode_start_ms=0.377291 encode_end_ms=0.534916 commit_at_ms=0.535166 commit_ms=0.0025 gpu_start_ms=1.632458996027708 gpu_end_ms=2.302209031768143 commit_to_gpu_start_ms=1.097292996027708 gpu_idle_before_ms=0.024333246983587742
2026-10-08T13:45:51.621015167Z DEBUG omega::metal::placements_execute_named: chunk_record step=14 plan_shape=decode chunk=6 chunk_count=8 op_first=140 op_last=197 encode_start_ms=0.538375 encode_end_ms=0.7412500000000001 commit_at_ms=0.741375 commit_ms=0.0029579999999999997 gpu_start_ms=2.329709008336067 gpu_end_ms=3.1914589926600456 commit_to_gpu_start_ms=1.588334008336067 gpu_idle_before_ms=0.027499976567924023
2026-10-08T13:45:51.621015583Z DEBUG omega::metal::placements_execute_named: chunk_record step=14 plan_shape=decode chunk=7 chunk_count=8 op_first=198 op_last=275 encode_start_ms=0.744875 encode_end_ms=1.0154999999999998 commit_at_ms=1.015625 commit_ms=0.002541 gpu_start_ms=3.202584106475115 gpu_end_ms=4.364709020592272 commit_to_gpu_start_ms=2.186959106475115 gpu_idle_before_ms=0.011125113815069199
2026-10-08T13:45:51.621015958Z DEBUG omega::metal::placements_execute_named: chunk_record step=14 plan_shape=decode chunk=8 chunk_count=8 op_first=276 op_last=382 encode_start_ms=1.018708 encode_end_ms=1.366166 commit_at_ms=1.3665 commit_ms=0.0027080000000000003 gpu_start_ms=4.39320900477469 gpu_end_ms=5.9871256817132235 commit_to_gpu_start_ms=3.0267090047746894 gpu_idle_before_ms=0.028499984182417393
2026-10-08T13:45:51.621034625Z DEBUG proxima_model_interop::generate::decode: token_breakdown_argmax_split step=14 scan_ms=0 debug_ms=0
2026-10-08T13:45:51.621035125Z DEBUG proxima_model_interop::generate::decode: token_breakdown_gaps step=14 root_select_ms=0.040791 post_evaluate_ms=0.001416 pre_logits_ms=0.001833 checksum_ms=0 fetch_ms=0.000875 argmax_ms=0.000333 logits_hash_ms=0.000041
2026-10-08T13:45:51.621036208Z INFO proxima_model_interop::generate::load_model: token_breakdown: per-decode-step wall-clock attribution step=14 new_count=1 cached_len_before=1013 step_wall_ms=6.353041 apply_serving_config_ms=0.000083 build_position_inputs_ms=0.001333 named_blocks_weights_ms=0.01575 named_blocks_kv_ms=0.014958 kv_cache_upload_bytes=0 ssm_state_transfer_bytes=0 evaluate_ms=6.290041 layer_cache_append_ms=0.000291 layer_cache_append_bytes=0 greedy_pick_ms=0.000041
2026-10-08T13:45:51.621050250Z INFO proxima_model_interop::generate::load_model: token_breakdown_metal: per-decode-step metal stage attribution step=14 prepare_calls=0 prepare_ms=0 emit_calls=0 emit_ms=0 pipeline_hits=0 pipeline_misses=0 pipeline_compile_ms=0 block_upload_calls=6 block_upload_ms=0 block_offered_bytes=272 block_copied_bytes=272 block_nocopy_bound_bytes=0 block_offset_bound_bytes=0 op_setup_calls=374 op_setup_ms=0.008291 pipeline_lookup_calls=0 pipeline_lookup_ms=0 encode_dispatch_calls=374 physical_dispatch_calls=398 encode_dispatch_ms=0.788041 gpu_exec_calls=8 gpu_exec_ms=4.769333 readback_calls=2 readback_ms=0.005333 readback_bytes=8 nocopy_uploads=0 copying_uploads=6 nocopy_reuses=0 resident_uploads=0 resident_reuses=0 mapping_offset_uploads=0 mapping_rebound_blocks=4 mapping_residency_rung=prefault expert_mapping_candidate_uploads=0 expert_mapping_missed_uploads=0 nocopy_cache_len=25 resident_cache_len=0 resident_cache_bytes=0 uniform_cache_len=1 phys_footprint_bytes=5962595392 device_allocated_bytes=1598881792 output_buffer_allocations=0 output_buffer_allocated_bytes=0 checkpoint_mapping_buffer_bytes=1422245888 expert_mapping_buffer_bytes=0 plan_uniform_writes=0 retire_scan_calls=893 retire_scan_ms=0.076083 expert_buffers_lookup_calls=374 expert_buffers_lookup_ms=0.256208 placement_resolve_calls=374 placement_resolve_ms=0.035333 loop_head_calls=383 loop_head_ms=0.087458 encoder_finish_ms=0.00025 pre_encode_calls=1 pre_encode_ms=0.081458 resolve_plan_ms=0.000291 prepare_infer_ms=0 prepare_validate_ms=0 prepare_bind_ms=0 prepare_optimize_ms=0 prepare_retire_ms=0 build_plan_uniforms_ms=0 resolve_steps_ms=0 uniform_buffer_allocations=0 barriers=0 barriers_raw=0 barriers_waw=0 barriers_war=0 barriers_waw_war_arena_recycled=0 barriers_waw_war_persistent=0 expert_source_cache_hits=0 expert_source_cache_misses=0 expert_source_cache_cold_misses=0 expert_source_cache_replacement_misses=0 expert_source_reuse_copy_bytes=0 expert_source_reuse_copy_ms=0 plan_cache_len=0 plan_hits=13 plan_misses=2 plan_refits=0 plan_arena_allocated_bytes=0 segment_arena_allocated_bytes=0 placed_arena_allocated_bytes=54414264 ablation=false kind_filter=
2026-10-08T13:45:51.621263833Z DEBUG omega::metal::placements_execute_named: step_phase step=15 phase=pre_encode start_raw_s=672579.127023291 end_raw_s=672579.127106791
2026-10-08T13:45:51.621352333Z DEBUG omega::metal::placements_execute_named: chunk_phase step=15 chunk=1 phase=encode start_raw_s=672579.127106791 end_raw_s=672579.127188
2026-10-08T13:45:51.621352542Z DEBUG omega::metal::placements_execute_named: chunk_phase step=15 chunk=1 phase=commit start_raw_s=672579.127188291 end_raw_s=672579.12719475
2026-10-08T13:45:51.621426750Z DEBUG omega::metal::placements_execute_named: chunk_phase step=15 chunk=2 phase=encode start_raw_s=672579.127195708 end_raw_s=672579.127266791
2026-10-08T13:45:51.621426958Z DEBUG omega::metal::placements_execute_named: chunk_phase step=15 chunk=2 phase=commit start_raw_s=672579.127266916 end_raw_s=672579.127269458
2026-10-08T13:45:51.621531750Z DEBUG omega::metal::placements_execute_named: chunk_phase step=15 chunk=3 phase=encode start_raw_s=672579.127270125 end_raw_s=672579.127372
2026-10-08T13:45:51.621531958Z DEBUG omega::metal::placements_execute_named: chunk_phase step=15 chunk=3 phase=commit start_raw_s=672579.127372083 end_raw_s=672579.127374416
2026-10-08T13:45:51.621659375Z DEBUG omega::metal::placements_execute_named: chunk_phase step=15 chunk=4 phase=encode start_raw_s=672579.127375125 end_raw_s=672579.127499208
2026-10-08T13:45:51.621659583Z DEBUG omega::metal::placements_execute_named: chunk_phase step=15 chunk=4 phase=commit start_raw_s=672579.127499291 end_raw_s=672579.127502083
2026-10-08T13:45:51.621837667Z DEBUG omega::metal::placements_execute_named: chunk_phase step=15 chunk=5 phase=encode start_raw_s=672579.12750275 end_raw_s=672579.127677458
2026-10-08T13:45:51.621837875Z DEBUG omega::metal::placements_execute_named: chunk_phase step=15 chunk=5 phase=commit start_raw_s=672579.127677791 end_raw_s=672579.127680083
2026-10-08T13:45:51.622068667Z DEBUG omega::metal::placements_execute_named: chunk_phase step=15 chunk=6 phase=encode start_raw_s=672579.127681208 end_raw_s=672579.127905125
2026-10-08T13:45:51.622068833Z DEBUG omega::metal::placements_execute_named: chunk_phase step=15 chunk=6 phase=commit start_raw_s=672579.12790525 end_raw_s=672579.127911375
2026-10-08T13:45:51.622367708Z DEBUG omega::metal::placements_execute_named: chunk_phase step=15 chunk=7 phase=encode start_raw_s=672579.127912125 end_raw_s=672579.128207875
2026-10-08T13:45:51.622367958Z DEBUG omega::metal::placements_execute_named: chunk_phase step=15 chunk=7 phase=commit start_raw_s=672579.128207958 end_raw_s=672579.128210458
2026-10-08T13:45:51.622743042Z DEBUG omega::metal::placements_execute_named: chunk_phase step=15 chunk=8 phase=encode start_raw_s=672579.128211166 end_raw_s=672579.128582708
2026-10-08T13:45:51.622743333Z DEBUG omega::metal::placements_execute_named: chunk_phase step=15 chunk=8 phase=commit start_raw_s=672579.128582958 end_raw_s=672579.128585875
2026-10-08T13:45:51.627409458Z DEBUG omega::metal::placements_execute_named: token_breakdown_gpu commit_call_ms=0.002875 commit_to_gpu_start_ms=0 gpu_busy_ms=5.810791742987931 gpu_end_to_wait_return_ms=0 sum_ms=5.813666742987931 final_commit_to_wait_ms=4.66775 gpu_start_raw_s=672579.12731725 gpu_end_raw_s=672579.1331280418 commit_call_start_raw_s=672579.128582958 wait_return_extra_ms=4.664166 chunks=8 first_commit_to_first_gpu_start_ms=0.1289589563384652 encode_overlap_ms=1.387125
2026-10-08T13:45:51.627410250Z DEBUG omega::metal::placements_execute_named: chunk_record step=15 plan_shape=decode chunk=1 chunk_count=8 op_first=0 op_last=23 encode_start_ms=0 encode_end_ms=0.081167 commit_at_ms=0.0815 commit_ms=0.0065 gpu_start_ms=0.21045899484306574 gpu_end_ms=0.47670898493379354 commit_to_gpu_start_ms=0.12895899484306572 gpu_idle_before_ms=0.21045899484306574
2026-10-08T13:45:51.627410625Z DEBUG omega::metal::placements_execute_named: chunk_record step=15 plan_shape=decode chunk=2 chunk_count=8 op_first=24 op_last=40 encode_start_ms=0.088917 encode_end_ms=0.159959 commit_at_ms=0.160125 commit_ms=0.002542 gpu_start_ms=0.4979589721187949 gpu_end_ms=0.7202089764177799 commit_to_gpu_start_ms=0.33783397211879496 gpu_idle_before_ms=0.021249987185001373
2026-10-08T13:45:51.627411042Z DEBUG omega::metal::placements_execute_named: chunk_record step=15 plan_shape=decode chunk=3 chunk_count=8 op_first=41 op_last=64 encode_start_ms=0.163334 encode_end_ms=0.26516700000000004 commit_at_ms=0.265292 commit_ms=0.002333 gpu_start_ms=0.7410839898511767 gpu_end_ms=1.13295903429389 commit_to_gpu_start_ms=0.47579198985117677 gpu_idle_before_ms=0.020875013433396816
2026-10-08T13:45:51.627411625Z DEBUG omega::metal::placements_execute_named: chunk_record step=15 plan_shape=decode chunk=4 chunk_count=8 op_first=65 op_last=96 encode_start_ms=0.268334 encode_end_ms=0.392375 commit_at_ms=0.3925 commit_ms=0.002792 gpu_start_ms=1.1573340743780136 gpu_end_ms=1.6067089745774865 commit_to_gpu_start_ms=0.7648340743780135 gpu_idle_before_ms=0.02437504008412361
2026-10-08T13:45:51.627412125Z DEBUG omega::metal::placements_execute_named: chunk_record step=15 plan_shape=decode chunk=5 chunk_count=8 op_first=97 op_last=139 encode_start_ms=0.395959 encode_end_ms=0.5706249999999999 commit_at_ms=0.571 commit_ms=0.002334 gpu_start_ms=1.6313757514581084 gpu_end_ms=2.297834027558565 commit_to_gpu_start_ms=1.0603757514581085 gpu_idle_before_ms=0.02466677688062191
2026-10-08T13:45:51.627412500Z DEBUG omega::metal::placements_execute_named: chunk_record step=15 plan_shape=decode chunk=6 chunk_count=8 op_first=140 op_last=197 encode_start_ms=0.574375 encode_end_ms=0.7983340000000001 commit_at_ms=0.7984589999999999 commit_ms=0.006166 gpu_start_ms=2.328084083274007 gpu_end_ms=3.199708997271955 commit_to_gpu_start_ms=1.529625083274007 gpu_idle_before_ms=0.030250055715441704
2026-10-08T13:45:51.627413000Z DEBUG omega::metal::placements_execute_named: chunk_record step=15 plan_shape=decode chunk=7 chunk_count=8 op_first=198 op_last=275 encode_start_ms=0.805334 encode_end_ms=1.101042 commit_at_ms=1.1012089999999999 commit_ms=0.002458 gpu_start_ms=3.2255006954073906 gpu_end_ms=4.4177507515996695 commit_to_gpu_start_ms=2.1242916954073907 gpu_idle_before_ms=0.02579169813543558
2026-10-08T13:45:51.627413375Z DEBUG omega::metal::placements_execute_named: chunk_record step=15 plan_shape=decode chunk=8 chunk_count=8 op_first=276 op_last=382 encode_start_ms=1.104334 encode_end_ms=1.475875 commit_at_ms=1.476209 commit_ms=0.002875 gpu_start_ms=4.450708976946771 gpu_end_ms=6.0212507378309965 commit_to_gpu_start_ms=2.9744999769467713 gpu_idle_before_ms=0.03295822534710169
2026-10-08T13:45:51.627428958Z DEBUG proxima_model_interop::generate::decode: token_breakdown_argmax_split step=15 scan_ms=0 debug_ms=0
2026-10-08T13:45:51.627429375Z DEBUG proxima_model_interop::generate::decode: token_breakdown_gaps step=15 root_select_ms=0.048791 post_evaluate_ms=0.001125 pre_logits_ms=0.001458 checksum_ms=0.000041 fetch_ms=0.000916 argmax_ms=0.000208 logits_hash_ms=0
2026-10-08T13:45:51.627430333Z INFO proxima_model_interop::generate::load_model: token_breakdown: per-decode-step wall-clock attribution step=15 new_count=1 cached_len_before=1014 step_wall_ms=6.373625 apply_serving_config_ms=0.000166 build_position_inputs_ms=0.001708 named_blocks_weights_ms=0.018458 named_blocks_kv_ms=0.017541 kv_cache_upload_bytes=0 ssm_state_transfer_bytes=0 evaluate_ms=6.300333 layer_cache_append_ms=0.000125 layer_cache_append_bytes=0 greedy_pick_ms=0
2026-10-08T13:45:51.627438500Z INFO proxima_model_interop::generate::load_model: token_breakdown_metal: per-decode-step metal stage attribution step=15 prepare_calls=0 prepare_ms=0 emit_calls=0 emit_ms=0 pipeline_hits=0 pipeline_misses=0 pipeline_compile_ms=0 block_upload_calls=6 block_upload_ms=0 block_offered_bytes=272 block_copied_bytes=272 block_nocopy_bound_bytes=0 block_offset_bound_bytes=0 op_setup_calls=374 op_setup_ms=0.009291 pipeline_lookup_calls=0 pipeline_lookup_ms=0 encode_dispatch_calls=374 physical_dispatch_calls=398 encode_dispatch_ms=0.842583 gpu_exec_calls=8 gpu_exec_ms=4.667625 readback_calls=2 readback_ms=0.004875 readback_bytes=8 nocopy_uploads=0 copying_uploads=6 nocopy_reuses=0 resident_uploads=0 resident_reuses=0 mapping_offset_uploads=0 mapping_rebound_blocks=4 mapping_residency_rung=prefault expert_mapping_candidate_uploads=0 expert_mapping_missed_uploads=0 nocopy_cache_len=25 resident_cache_len=0 resident_cache_bytes=0 uniform_cache_len=1 phys_footprint_bytes=5962808384 device_allocated_bytes=1598881792 output_buffer_allocations=0 output_buffer_allocated_bytes=0 checkpoint_mapping_buffer_bytes=1422245888 expert_mapping_buffer_bytes=0 plan_uniform_writes=0 retire_scan_calls=893 retire_scan_ms=0.085166 expert_buffers_lookup_calls=374 expert_buffers_lookup_ms=0.275041 placement_resolve_calls=374 placement_resolve_ms=0.036 loop_head_calls=383 loop_head_ms=0.101166 encoder_finish_ms=0.000291 pre_encode_calls=1 pre_encode_ms=0.083833 resolve_plan_ms=0.000208 prepare_infer_ms=0 prepare_validate_ms=0 prepare_bind_ms=0 prepare_optimize_ms=0 prepare_retire_ms=0 build_plan_uniforms_ms=0 resolve_steps_ms=0 uniform_buffer_allocations=0 barriers=0 barriers_raw=0 barriers_waw=0 barriers_war=0 barriers_waw_war_arena_recycled=0 barriers_waw_war_persistent=0 expert_source_cache_hits=0 expert_source_cache_misses=0 expert_source_cache_cold_misses=0 expert_source_cache_replacement_misses=0 expert_source_reuse_copy_bytes=0 expert_source_reuse_copy_ms=0 plan_cache_len=0 plan_hits=14 plan_misses=2 plan_refits=0 plan_arena_allocated_bytes=0 segment_arena_allocated_bytes=0 placed_arena_allocated_bytes=54414264 ablation=false kind_filter=
2026-10-08T13:45:51.627635625Z DEBUG omega::metal::placements_execute_named: step_phase step=16 phase=pre_encode start_raw_s=672579.133399833 end_raw_s=672579.133478583
2026-10-08T13:45:51.627722500Z DEBUG omega::metal::placements_execute_named: chunk_phase step=16 chunk=1 phase=encode start_raw_s=672579.133478583 end_raw_s=672579.133560541
2026-10-08T13:45:51.627722667Z DEBUG omega::metal::placements_execute_named: chunk_phase step=16 chunk=1 phase=commit start_raw_s=672579.133560875 end_raw_s=672579.133565
2026-10-08T13:45:51.627796000Z DEBUG omega::metal::placements_execute_named: chunk_phase step=16 chunk=2 phase=encode start_raw_s=672579.133565958 end_raw_s=672579.133636375
2026-10-08T13:45:51.627796167Z DEBUG omega::metal::placements_execute_named: chunk_phase step=16 chunk=2 phase=commit start_raw_s=672579.133636541 end_raw_s=672579.133638666
2026-10-08T13:45:51.627897458Z DEBUG omega::metal::placements_execute_named: chunk_phase step=16 chunk=3 phase=encode start_raw_s=672579.133639375 end_raw_s=672579.133738083
2026-10-08T13:45:51.627897792Z DEBUG omega::metal::placements_execute_named: chunk_phase step=16 chunk=3 phase=commit start_raw_s=672579.133738166 end_raw_s=672579.133740208
2026-10-08T13:45:51.628028792Z DEBUG omega::metal::placements_execute_named: chunk_phase step=16 chunk=4 phase=encode start_raw_s=672579.133740958 end_raw_s=672579.133869041
2026-10-08T13:45:51.628029000Z DEBUG omega::metal::placements_execute_named: chunk_phase step=16 chunk=4 phase=commit start_raw_s=672579.133869166 end_raw_s=672579.133871541
2026-10-08T13:45:51.628200583Z DEBUG omega::metal::placements_execute_named: chunk_phase step=16 chunk=5 phase=encode start_raw_s=672579.133872208 end_raw_s=672579.134039875
2026-10-08T13:45:51.628200875Z DEBUG omega::metal::placements_execute_named: chunk_phase step=16 chunk=5 phase=commit start_raw_s=672579.134040083 end_raw_s=672579.134043125
2026-10-08T13:45:51.628426583Z DEBUG omega::metal::placements_execute_named: chunk_phase step=16 chunk=6 phase=encode start_raw_s=672579.134044041 end_raw_s=672579.134265708
2026-10-08T13:45:51.628426792Z DEBUG omega::metal::placements_execute_named: chunk_phase step=16 chunk=6 phase=commit start_raw_s=672579.134265791 end_raw_s=672579.134269333
2026-10-08T13:45:51.628728625Z DEBUG omega::metal::placements_execute_named: chunk_phase step=16 chunk=7 phase=encode start_raw_s=672579.134269958 end_raw_s=672579.134568791
2026-10-08T13:45:51.628728792Z DEBUG omega::metal::placements_execute_named: chunk_phase step=16 chunk=7 phase=commit start_raw_s=672579.134568875 end_raw_s=672579.134571375
2026-10-08T13:45:51.629099500Z DEBUG omega::metal::placements_execute_named: chunk_phase step=16 chunk=8 phase=encode start_raw_s=672579.134571958 end_raw_s=672579.134939041
2026-10-08T13:45:51.629101375Z DEBUG omega::metal::placements_execute_named: chunk_phase step=16 chunk=8 phase=commit start_raw_s=672579.134939375 end_raw_s=672579.134942375
2026-10-08T13:45:51.633825875Z DEBUG omega::metal::placements_execute_named: token_breakdown_gpu commit_call_ms=0.0030410000000000003 commit_to_gpu_start_ms=0 gpu_busy_ms=5.834375042468309 gpu_end_to_wait_return_ms=0 sum_ms=5.837416042468309 final_commit_to_wait_ms=4.728208 gpu_start_raw_s=672579.1336946667 gpu_end_raw_s=672579.1395290417 commit_call_start_raw_s=672579.134939375 wait_return_extra_ms=4.723 chunks=8 first_commit_to_first_gpu_start_ms=0.13379170559346676 encode_overlap_ms=1.3732499999999999
2026-10-08T13:45:51.633826792Z DEBUG omega::metal::placements_execute_named: chunk_record step=16 plan_shape=decode chunk=1 chunk_count=8 op_first=0 op_last=23 encode_start_ms=0 encode_end_ms=0.08191699999999999 commit_at_ms=0.082292 commit_ms=0.004125 gpu_start_ms=0.21608371753245592 gpu_end_ms=0.4802087787538767 commit_to_gpu_start_ms=0.13379171753245592 gpu_idle_before_ms=0.21608371753245592
2026-10-08T13:45:51.633827208Z DEBUG omega::metal::placements_execute_named: chunk_record step=16 plan_shape=decode chunk=2 chunk_count=8 op_first=24 op_last=40 encode_start_ms=0.087375 encode_end_ms=0.157792 commit_at_ms=0.158 commit_ms=0.002125 gpu_start_ms=0.5009170854464173 gpu_end_ms=0.7230420596897602 commit_to_gpu_start_ms=0.3429170854464173 gpu_idle_before_ms=0.020708306692540646
2026-10-08T13:45:51.633827583Z DEBUG omega::metal::placements_execute_named: chunk_record step=16 plan_shape=decode chunk=3 chunk_count=8 op_first=41 op_last=64 encode_start_ms=0.16075 encode_end_ms=0.259458 commit_at_ms=0.259583 commit_ms=0.002042 gpu_start_ms=0.7442920468747616 gpu_end_ms=1.1349587002769113 commit_to_gpu_start_ms=0.4847090468747616 gpu_idle_before_ms=0.021249987185001373
2026-10-08T13:45:51.633827917Z DEBUG omega::metal::placements_execute_named: chunk_record step=16 plan_shape=decode chunk=4 chunk_count=8 op_first=65 op_last=96 encode_start_ms=0.262375 encode_end_ms=0.390417 commit_at_ms=0.390583 commit_ms=0.002375 gpu_start_ms=1.1552920332178473 gpu_end_ms=1.60604203119874 commit_to_gpu_start_ms=0.7647090332178473 gpu_idle_before_ms=0.02033333294093609
2026-10-08T13:45:51.633828292Z DEBUG omega::metal::placements_execute_named: chunk_record step=16 plan_shape=decode chunk=5 chunk_count=8 op_first=97 op_last=139 encode_start_ms=0.393625 encode_end_ms=0.56125 commit_at_ms=0.5615 commit_ms=0.003042 gpu_start_ms=1.629958744160831 gpu_end_ms=2.297458704560995 commit_to_gpu_start_ms=1.0684587441608309 gpu_idle_before_ms=0.02391671296209097
2026-10-08T13:45:51.633828625Z DEBUG omega::metal::placements_execute_named: chunk_record step=16 plan_shape=decode chunk=6 chunk_count=8 op_first=140 op_last=197 encode_start_ms=0.565458 encode_end_ms=0.787125 commit_at_ms=0.7872079999999999 commit_ms=0.003542 gpu_start_ms=2.325042034499347 gpu_end_ms=3.2013338059186935 commit_to_gpu_start_ms=1.5378340344993473 gpu_idle_before_ms=0.027583329938352108
2026-10-08T13:45:51.633828958Z DEBUG omega::metal::placements_execute_named: chunk_record step=16 plan_shape=decode chunk=7 chunk_count=8 op_first=198 op_last=275 encode_start_ms=0.791333 encode_end_ms=1.0901669999999999 commit_at_ms=1.090292 commit_ms=0.0025 gpu_start_ms=3.225417109206319 gpu_end_ms=4.410167108289897 commit_to_gpu_start_ms=2.135125109206319 gpu_idle_before_ms=0.024083303287625313
2026-10-08T13:45:51.633831583Z DEBUG omega::metal::placements_execute_named: chunk_record step=16 plan_shape=decode chunk=8 chunk_count=8 op_first=276 op_last=382 encode_start_ms=1.093375 encode_end_ms=1.460458 commit_at_ms=1.460792 commit_ms=0.0030410000000000003 gpu_start_ms=4.45116707123816 gpu_end_ms=6.050458760000765 commit_to_gpu_start_ms=2.99037507123816 gpu_idle_before_ms=0.04099996294826269
2026-10-08T13:45:51.633846000Z DEBUG proxima_model_interop::generate::decode: token_breakdown_argmax_split step=16 scan_ms=0 debug_ms=0
2026-10-08T13:45:51.633846333Z DEBUG proxima_model_interop::generate::decode: token_breakdown_gaps step=16 root_select_ms=0.039666 post_evaluate_ms=0.001041 pre_logits_ms=0.001583 checksum_ms=0.000041 fetch_ms=0.000791 argmax_ms=0.000291 logits_hash_ms=0
2026-10-08T13:45:51.633847167Z INFO proxima_model_interop::generate::load_model: token_breakdown: per-decode-step wall-clock attribution step=16 new_count=1 cached_len_before=1015 step_wall_ms=6.402791 apply_serving_config_ms=0.000083 build_position_inputs_ms=0.001416 named_blocks_weights_ms=0.016958 named_blocks_kv_ms=0.01625 kv_cache_upload_bytes=0 ssm_state_transfer_bytes=0 evaluate_ms=6.340708 layer_cache_append_ms=0.000166 layer_cache_append_bytes=0 greedy_pick_ms=0
2026-10-08T13:45:51.633854833Z INFO proxima_model_interop::generate::load_model: token_breakdown_metal: per-decode-step metal stage attribution step=16 prepare_calls=0 prepare_ms=0 emit_calls=0 emit_ms=0 pipeline_hits=0 pipeline_misses=0 pipeline_compile_ms=0 block_upload_calls=6 block_upload_ms=0 block_offered_bytes=272 block_copied_bytes=272 block_nocopy_bound_bytes=0 block_offset_bound_bytes=0 op_setup_calls=374 op_setup_ms=0.009333 pipeline_lookup_calls=0 pipeline_lookup_ms=0 encode_dispatch_calls=374 physical_dispatch_calls=398 encode_dispatch_ms=0.843958 gpu_exec_calls=8 gpu_exec_ms=4.728083 readback_calls=2 readback_ms=0.004708 readback_bytes=8 nocopy_uploads=0 copying_uploads=6 nocopy_reuses=0 resident_uploads=0 resident_reuses=0 mapping_offset_uploads=0 mapping_rebound_blocks=4 mapping_residency_rung=prefault expert_mapping_candidate_uploads=0 expert_mapping_missed_uploads=0 nocopy_cache_len=25 resident_cache_len=0 resident_cache_bytes=0 uniform_cache_len=1 phys_footprint_bytes=5962923072 device_allocated_bytes=1598881792 output_buffer_allocations=0 output_buffer_allocated_bytes=0 checkpoint_mapping_buffer_bytes=1422245888 expert_mapping_buffer_bytes=0 plan_uniform_writes=0 retire_scan_calls=893 retire_scan_ms=0.085333 expert_buffers_lookup_calls=374 expert_buffers_lookup_ms=0.266166 placement_resolve_calls=374 placement_resolve_ms=0.036583 loop_head_calls=383 loop_head_ms=0.098 encoder_finish_ms=0.000208 pre_encode_calls=1 pre_encode_ms=0.078958 resolve_plan_ms=0.000208 prepare_infer_ms=0 prepare_validate_ms=0 prepare_bind_ms=0 prepare_optimize_ms=0 prepare_retire_ms=0 build_plan_uniforms_ms=0 resolve_steps_ms=0 uniform_buffer_allocations=0 barriers=0 barriers_raw=0 barriers_waw=0 barriers_war=0 barriers_waw_war_arena_recycled=0 barriers_waw_war_persistent=0 expert_source_cache_hits=0 expert_source_cache_misses=0 expert_source_cache_cold_misses=0 expert_source_cache_replacement_misses=0 expert_source_reuse_copy_bytes=0 expert_source_reuse_copy_ms=0 plan_cache_len=0 plan_hits=15 plan_misses=2 plan_refits=0 plan_arena_allocated_bytes=0 segment_arena_allocated_bytes=0 placed_arena_allocated_bytes=54414264 ablation=false kind_filter=
2026-10-08T13:45:51.634048458Z DEBUG omega::metal::placements_execute_named: step_phase step=17 phase=pre_encode start_raw_s=672579.139811458 end_raw_s=672579.139891416
2026-10-08T13:45:51.634128917Z DEBUG omega::metal::placements_execute_named: chunk_phase step=17 chunk=1 phase=encode start_raw_s=672579.139891416 end_raw_s=672579.139967541
2026-10-08T13:45:51.634129083Z DEBUG omega::metal::placements_execute_named: chunk_phase step=17 chunk=1 phase=commit start_raw_s=672579.139967791 end_raw_s=672579.139971583
2026-10-08T13:45:51.634204250Z DEBUG omega::metal::placements_execute_named: chunk_phase step=17 chunk=2 phase=encode start_raw_s=672579.139972416 end_raw_s=672579.140044166
2026-10-08T13:45:51.634204417Z DEBUG omega::metal::placements_execute_named: chunk_phase step=17 chunk=2 phase=commit start_raw_s=672579.14004425 end_raw_s=672579.140046958
2026-10-08T13:45:51.634302708Z DEBUG omega::metal::placements_execute_named: chunk_phase step=17 chunk=3 phase=encode start_raw_s=672579.140047583 end_raw_s=672579.140142833
2026-10-08T13:45:51.634302875Z DEBUG omega::metal::placements_execute_named: chunk_phase step=17 chunk=3 phase=commit start_raw_s=672579.140142916 end_raw_s=672579.140145416
2026-10-08T13:45:51.634429458Z DEBUG omega::metal::placements_execute_named: chunk_phase step=17 chunk=4 phase=encode start_raw_s=672579.140146083 end_raw_s=672579.140269375
2026-10-08T13:45:51.634429625Z DEBUG omega::metal::placements_execute_named: chunk_phase step=17 chunk=4 phase=commit start_raw_s=672579.140269458 end_raw_s=672579.140272208
2026-10-08T13:45:51.634602750Z DEBUG omega::metal::placements_execute_named: chunk_phase step=17 chunk=5 phase=encode start_raw_s=672579.140272833 end_raw_s=672579.140441916
2026-10-08T13:45:51.634603083Z DEBUG omega::metal::placements_execute_named: chunk_phase step=17 chunk=5 phase=commit start_raw_s=672579.140442166 end_raw_s=672579.140445333
2026-10-08T13:45:51.634827667Z DEBUG omega::metal::placements_execute_named: chunk_phase step=17 chunk=6 phase=encode start_raw_s=672579.140446291 end_raw_s=672579.140667458
2026-10-08T13:45:51.634827833Z DEBUG omega::metal::placements_execute_named: chunk_phase step=17 chunk=6 phase=commit start_raw_s=672579.140667541 end_raw_s=672579.140670375
2026-10-08T13:45:51.635155500Z DEBUG omega::metal::placements_execute_named: chunk_phase step=17 chunk=7 phase=encode start_raw_s=672579.140671 end_raw_s=672579.140995291
2026-10-08T13:45:51.635155708Z DEBUG omega::metal::placements_execute_named: chunk_phase step=17 chunk=7 phase=commit start_raw_s=672579.140995416 end_raw_s=672579.140998125
2026-10-08T13:45:51.635557167Z DEBUG omega::metal::placements_execute_named: chunk_phase step=17 chunk=8 phase=encode start_raw_s=672579.140998916 end_raw_s=672579.141397041
2026-10-08T13:45:51.635557333Z DEBUG omega::metal::placements_execute_named: chunk_phase step=17 chunk=8 phase=commit start_raw_s=672579.141397416 end_raw_s=672579.141400083
2026-10-08T13:45:51.640129458Z DEBUG omega::metal::placements_execute_named: token_breakdown_gpu commit_call_ms=0.002667 commit_to_gpu_start_ms=0 gpu_busy_ms=5.75783324893564 gpu_end_to_wait_return_ms=0 sum_ms=5.76050024893564 final_commit_to_wait_ms=4.572541 gpu_start_raw_s=672579.1400525417 gpu_end_raw_s=672579.145810375 commit_call_start_raw_s=672579.141397416 wait_return_extra_ms=4.569375 chunks=8 first_commit_to_first_gpu_start_ms=0.08475070353597403 encode_overlap_ms=1.42475
2026-10-08T13:45:51.640130625Z DEBUG omega::metal::placements_execute_named: chunk_record step=17 plan_shape=decode chunk=1 chunk_count=8 op_first=0 op_last=23 encode_start_ms=0 encode_end_ms=0.076166 commit_at_ms=0.07645800000000001 commit_ms=0.003792 gpu_start_ms=0.1611257903277874 gpu_end_ms=0.42608403600752354 commit_to_gpu_start_ms=0.08466779032778739 gpu_idle_before_ms=0.1611257903277874
2026-10-08T13:45:51.640131167Z DEBUG omega::metal::placements_execute_named: chunk_record step=17 plan_shape=decode chunk=2 chunk_count=8 op_first=24 op_last=40 encode_start_ms=0.081041 encode_end_ms=0.15275 commit_at_ms=0.15287499999999998 commit_ms=0.0027080000000000003 gpu_start_ms=0.4441257333382964 gpu_end_ms=0.6680841324850917 commit_to_gpu_start_ms=0.29125073333829643 gpu_idle_before_ms=0.018041697330772877
2026-10-08T13:45:51.640131583Z DEBUG omega::metal::placements_execute_named: chunk_record step=17 plan_shape=decode chunk=3 chunk_count=8 op_first=41 op_last=64 encode_start_ms=0.15620799999999999 encode_end_ms=0.25141600000000003 commit_at_ms=0.25154099999999996 commit_ms=0.002542 gpu_start_ms=0.6871257210150361 gpu_end_ms=1.0811258107423782 commit_to_gpu_start_ms=0.43558472101503615 gpu_idle_before_ms=0.01904158852994442
2026-10-08T13:45:51.640132167Z DEBUG omega::metal::placements_execute_named: chunk_record step=17 plan_shape=decode chunk=4 chunk_count=8 op_first=65 op_last=96 encode_start_ms=0.254666 encode_end_ms=0.377958 commit_at_ms=0.378125 commit_ms=0.0027080000000000003 gpu_start_ms=1.101959147490561 gpu_end_ms=1.5450840583071113 commit_to_gpu_start_ms=0.723834147490561 gpu_idle_before_ms=0.020833336748182774
2026-10-08T13:45:51.640132750Z DEBUG omega::metal::placements_execute_named: chunk_record step=17 plan_shape=decode chunk=5 chunk_count=8 op_first=97 op_last=139 encode_start_ms=0.381416 encode_end_ms=0.550541 commit_at_ms=0.550791 commit_ms=0.003167 gpu_start_ms=1.5736257191747427 gpu_end_ms=2.2244590800255537 commit_to_gpu_start_ms=1.0228347191747427 gpu_idle_before_ms=0.028541660867631435
2026-10-08T13:45:51.640133167Z DEBUG omega::metal::placements_execute_named: chunk_record step=17 plan_shape=decode chunk=6 chunk_count=8 op_first=140 op_last=197 encode_start_ms=0.554875 encode_end_ms=0.776041 commit_at_ms=0.776166 commit_ms=0.0028339999999999997 gpu_start_ms=2.2512507857754827 gpu_end_ms=3.111584112048149 commit_to_gpu_start_ms=1.4750847857754827 gpu_idle_before_ms=0.02679170574992895
2026-10-08T13:45:51.640133667Z DEBUG omega::metal::placements_execute_named: chunk_record step=17 plan_shape=decode chunk=7 chunk_count=8 op_first=198 op_last=275 encode_start_ms=0.779625 encode_end_ms=1.103916 commit_at_ms=1.1040830000000001 commit_ms=0.002667 gpu_start_ms=3.1340840505436063 gpu_end_ms=4.305709036998451 commit_to_gpu_start_ms=2.030001050543606 gpu_idle_before_ms=0.022499938495457172
2026-10-08T13:45:51.640134042Z DEBUG omega::metal::placements_execute_named: chunk_record step=17 plan_shape=decode chunk=8 chunk_count=8 op_first=276 op_last=382 encode_start_ms=1.1075 encode_end_ms=1.505625 commit_at_ms=1.506041 commit_ms=0.002667 gpu_start_ms=4.332125768996775 gpu_end_ms=5.918959039263427 commit_to_gpu_start_ms=2.8260847689967754 gpu_idle_before_ms=0.026416731998324394
2026-10-08T13:45:51.640149708Z DEBUG proxima_model_interop::generate::decode: token_breakdown_argmax_split step=17 scan_ms=0 debug_ms=0
2026-10-08T13:45:51.640150042Z DEBUG proxima_model_interop::generate::decode: token_breakdown_gaps step=17 root_select_ms=0.038208 post_evaluate_ms=0.001125 pre_logits_ms=0.001625 checksum_ms=0 fetch_ms=0.000958 argmax_ms=0.000208 logits_hash_ms=0
2026-10-08T13:45:51.640150917Z INFO proxima_model_interop::generate::load_model: token_breakdown: per-decode-step wall-clock attribution step=17 new_count=1 cached_len_before=1016 step_wall_ms=6.290458 apply_serving_config_ms=0.000041 build_position_inputs_ms=0.00125 named_blocks_weights_ms=0.016541 named_blocks_kv_ms=0.015875 kv_cache_upload_bytes=0 ssm_state_transfer_bytes=0 evaluate_ms=6.23025 layer_cache_append_ms=0.000166 layer_cache_append_bytes=0 greedy_pick_ms=0
2026-10-08T13:45:51.640161542Z INFO proxima_model_interop::generate::load_model: token_breakdown_metal: per-decode-step metal stage attribution step=17 prepare_calls=0 prepare_ms=0 emit_calls=0 emit_ms=0 pipeline_hits=0 pipeline_misses=0 pipeline_compile_ms=0 block_upload_calls=6 block_upload_ms=0 block_offered_bytes=272 block_copied_bytes=272 block_nocopy_bound_bytes=0 block_offset_bound_bytes=0 op_setup_calls=374 op_setup_ms=0.007541 pipeline_lookup_calls=0 pipeline_lookup_ms=0 encode_dispatch_calls=374 physical_dispatch_calls=398 encode_dispatch_ms=0.870541 gpu_exec_calls=8 gpu_exec_ms=4.572416 readback_calls=2 readback_ms=0.004875 readback_bytes=8 nocopy_uploads=0 copying_uploads=6 nocopy_reuses=0 resident_uploads=0 resident_reuses=0 mapping_offset_uploads=0 mapping_rebound_blocks=2 mapping_residency_rung=prefault expert_mapping_candidate_uploads=0 expert_mapping_missed_uploads=0 nocopy_cache_len=25 resident_cache_len=0 resident_cache_bytes=0 uniform_cache_len=1 phys_footprint_bytes=5963054144 device_allocated_bytes=1598881792 output_buffer_allocations=0 output_buffer_allocated_bytes=0 checkpoint_mapping_buffer_bytes=1422245888 expert_mapping_buffer_bytes=0 plan_uniform_writes=0 retire_scan_calls=893 retire_scan_ms=0.08675 expert_buffers_lookup_calls=374 expert_buffers_lookup_ms=0.28575 placement_resolve_calls=374 placement_resolve_ms=0.037125 loop_head_calls=383 loop_head_ms=0.099625 encoder_finish_ms=0.000291 pre_encode_calls=1 pre_encode_ms=0.080333 resolve_plan_ms=0.000166 prepare_infer_ms=0 prepare_validate_ms=0 prepare_bind_ms=0 prepare_optimize_ms=0 prepare_retire_ms=0 build_plan_uniforms_ms=0 resolve_steps_ms=0 uniform_buffer_allocations=0 barriers=0 barriers_raw=0 barriers_waw=0 barriers_war=0 barriers_waw_war_arena_recycled=0 barriers_waw_war_persistent=0 expert_source_cache_hits=0 expert_source_cache_misses=0 expert_source_cache_cold_misses=0 expert_source_cache_replacement_misses=0 expert_source_reuse_copy_bytes=0 expert_source_reuse_copy_ms=0 plan_cache_len=0 plan_hits=16 plan_misses=2 plan_refits=0 plan_arena_allocated_bytes=0 segment_arena_allocated_bytes=0 placed_arena_allocated_bytes=54414264 ablation=false kind_filter=
2026-10-08T13:45:51.640369125Z DEBUG omega::metal::placements_execute_named: step_phase step=18 phase=pre_encode start_raw_s=672579.146128416 end_raw_s=672579.146212083
2026-10-08T13:45:51.640459000Z DEBUG omega::metal::placements_execute_named: chunk_phase step=18 chunk=1 phase=encode start_raw_s=672579.146212083 end_raw_s=672579.146296333
2026-10-08T13:45:51.640459208Z DEBUG omega::metal::placements_execute_named: chunk_phase step=18 chunk=1 phase=commit start_raw_s=672579.146296583 end_raw_s=672579.146301625
2026-10-08T13:45:51.640535917Z DEBUG omega::metal::placements_execute_named: chunk_phase step=18 chunk=2 phase=encode start_raw_s=672579.146302416 end_raw_s=672579.146376375
2026-10-08T13:45:51.640536167Z DEBUG omega::metal::placements_execute_named: chunk_phase step=18 chunk=2 phase=commit start_raw_s=672579.146376458 end_raw_s=672579.146378625
2026-10-08T13:45:51.640644000Z DEBUG omega::metal::placements_execute_named: chunk_phase step=18 chunk=3 phase=encode start_raw_s=672579.146379375 end_raw_s=672579.146484166
2026-10-08T13:45:51.640644208Z DEBUG omega::metal::placements_execute_named: chunk_phase step=18 chunk=3 phase=commit start_raw_s=672579.146484291 end_raw_s=672579.146486708
2026-10-08T13:45:51.640780625Z DEBUG omega::metal::placements_execute_named: chunk_phase step=18 chunk=4 phase=encode start_raw_s=672579.146487375 end_raw_s=672579.146620416
2026-10-08T13:45:51.640780833Z DEBUG omega::metal::placements_execute_named: chunk_phase step=18 chunk=4 phase=commit start_raw_s=672579.1466205 end_raw_s=672579.146623333
2026-10-08T13:45:51.640970708Z DEBUG omega::metal::placements_execute_named: chunk_phase step=18 chunk=5 phase=encode start_raw_s=672579.146624 end_raw_s=672579.146810166
2026-10-08T13:45:51.640971042Z DEBUG omega::metal::placements_execute_named: chunk_phase step=18 chunk=5 phase=commit start_raw_s=672579.146810375 end_raw_s=672579.146813208
2026-10-08T13:45:51.641208625Z DEBUG omega::metal::placements_execute_named: chunk_phase step=18 chunk=6 phase=encode start_raw_s=672579.146814208 end_raw_s=672579.147048375
2026-10-08T13:45:51.641208833Z DEBUG omega::metal::placements_execute_named: chunk_phase step=18 chunk=6 phase=commit start_raw_s=672579.1470485 end_raw_s=672579.147051375
2026-10-08T13:45:51.641533167Z DEBUG omega::metal::placements_execute_named: chunk_phase step=18 chunk=7 phase=encode start_raw_s=672579.147052 end_raw_s=672579.147372916
2026-10-08T13:45:51.641533375Z DEBUG omega::metal::placements_execute_named: chunk_phase step=18 chunk=7 phase=commit start_raw_s=672579.147373041 end_raw_s=672579.147375875
2026-10-08T13:45:51.641944875Z DEBUG omega::metal::placements_execute_named: chunk_phase step=18 chunk=8 phase=encode start_raw_s=672579.147376541 end_raw_s=672579.147785
2026-10-08T13:45:51.641945042Z DEBUG omega::metal::placements_execute_named: chunk_phase step=18 chunk=8 phase=commit start_raw_s=672579.147785333 end_raw_s=672579.147787708
2026-10-08T13:45:51.646555875Z DEBUG omega::metal::placements_execute_named: token_breakdown_gpu commit_call_ms=0.002417 commit_to_gpu_start_ms=0 gpu_busy_ms=5.868499982170761 gpu_end_to_wait_return_ms=0 sum_ms=5.870916982170761 final_commit_to_wait_ms=4.612083 gpu_start_raw_s=672579.14641925 gpu_end_raw_s=672579.15228775 commit_call_start_raw_s=672579.147785333 wait_return_extra_ms=4.609167 chunks=8 first_commit_to_first_gpu_start_ms=0.12266705743968487 encode_overlap_ms=1.48275
2026-10-08T13:45:51.646556667Z DEBUG omega::metal::placements_execute_named: chunk_record step=18 plan_shape=decode chunk=1 chunk_count=8 op_first=0 op_last=23 encode_start_ms=0 encode_end_ms=0.08425 commit_at_ms=0.084542 commit_ms=0.0050420000000000005 gpu_start_ms=0.20716700237244368 gpu_end_ms=0.47133362386375666 commit_to_gpu_start_ms=0.12262500237244367 gpu_idle_before_ms=0.20716700237244368
2026-10-08T13:45:51.646557208Z DEBUG omega::metal::placements_execute_named: chunk_record step=18 plan_shape=decode chunk=2 chunk_count=8 op_first=24 op_last=40 encode_start_ms=0.09033400000000001 encode_end_ms=0.164292 commit_at_ms=0.164459 commit_ms=0.002125 gpu_start_ms=0.4839586326852441 gpu_end_ms=0.7077086484059691 commit_to_gpu_start_ms=0.31949963268524406 gpu_idle_before_ms=0.012625008821487427
2026-10-08T13:45:51.646557708Z DEBUG omega::metal::placements_execute_named: chunk_record step=18 plan_shape=decode chunk=3 chunk_count=8 op_first=41 op_last=64 encode_start_ms=0.16729200000000002 encode_end_ms=0.272125 commit_at_ms=0.27225 commit_ms=0.002417 gpu_start_ms=0.7287919288501143 gpu_end_ms=1.1223336914554238 commit_to_gpu_start_ms=0.45654192885011435 gpu_idle_before_ms=0.021083280444145203
2026-10-08T13:45:51.646558083Z DEBUG omega::metal::placements_execute_named: chunk_record step=18 plan_shape=decode chunk=4 chunk_count=8 op_first=65 op_last=96 encode_start_ms=0.275334 encode_end_ms=0.408334 commit_at_ms=0.40850000000000003 commit_ms=0.0028339999999999997 gpu_start_ms=1.1435420019552112 gpu_end_ms=1.5870836796239018 commit_to_gpu_start_ms=0.7350420019552111 gpu_idle_before_ms=0.02120831049978733
2026-10-08T13:45:51.646558500Z DEBUG omega::metal::placements_execute_named: chunk_record step=18 plan_shape=decode chunk=5 chunk_count=8 op_first=97 op_last=139 encode_start_ms=0.41195899999999996 encode_end_ms=0.5980840000000001 commit_at_ms=0.5983339999999999 commit_ms=0.002875 gpu_start_ms=1.6113336896523833 gpu_end_ms=2.269916934892535 commit_to_gpu_start_ms=1.0129996896523834 gpu_idle_before_ms=0.024250010028481483
2026-10-08T13:45:51.646559042Z DEBUG omega::metal::placements_execute_named: chunk_record step=18 plan_shape=decode chunk=6 chunk_count=8 op_first=140 op_last=197 encode_start_ms=0.602167 encode_end_ms=0.836292 commit_at_ms=0.8364590000000001 commit_ms=0.002875 gpu_start_ms=2.2979170316830277 gpu_end_ms=3.1814170069992542 commit_to_gpu_start_ms=1.4614580316830277 gpu_idle_before_ms=0.028000096790492535
2026-10-08T13:45:51.646559417Z DEBUG omega::metal::placements_execute_named: chunk_record step=18 plan_shape=decode chunk=7 chunk_count=8 op_first=198 op_last=275 encode_start_ms=0.839917 encode_end_ms=1.160875 commit_at_ms=1.161042 commit_ms=0.002792 gpu_start_ms=3.2032920280471444 gpu_end_ms=4.4129586312919855 commit_to_gpu_start_ms=2.0422500280471443 gpu_idle_before_ms=0.021875021047890186
2026-10-08T13:45:51.646559792Z DEBUG omega::metal::placements_execute_named: chunk_record step=18 plan_shape=decode chunk=8 chunk_count=8 op_first=276 op_last=382 encode_start_ms=1.1644999999999999 encode_end_ms=1.572959 commit_at_ms=1.573292 commit_ms=0.002417 gpu_start_ms=4.447791958227754 gpu_end_ms=6.075666984543204 commit_to_gpu_start_ms=2.8744999582277537 gpu_idle_before_ms=0.03483332693576813
2026-10-08T13:45:51.646574750Z DEBUG proxima_model_interop::generate::decode: token_breakdown_argmax_split step=18 scan_ms=0 debug_ms=0
2026-10-08T13:45:51.646575208Z DEBUG proxima_model_interop::generate::decode: token_breakdown_gaps step=18 root_select_ms=0.041333 post_evaluate_ms=0.001166 pre_logits_ms=0.001333 checksum_ms=0 fetch_ms=0.000708 argmax_ms=0.000208 logits_hash_ms=0.000041
2026-10-08T13:45:51.646576125Z INFO proxima_model_interop::generate::load_model: token_breakdown: per-decode-step wall-clock attribution step=18 new_count=1 cached_len_before=1017 step_wall_ms=6.408375 apply_serving_config_ms=0.000166 build_position_inputs_ms=0.00125 named_blocks_weights_ms=0.01825 named_blocks_kv_ms=0.017458 kv_cache_upload_bytes=0 ssm_state_transfer_bytes=0 evaluate_ms=6.343416 layer_cache_append_ms=0.000125 layer_cache_append_bytes=0 greedy_pick_ms=0.000041
2026-10-08T13:45:51.646583708Z INFO proxima_model_interop::generate::load_model: token_breakdown_metal: per-decode-step metal stage attribution step=18 prepare_calls=0 prepare_ms=0 emit_calls=0 emit_ms=0 pipeline_hits=0 pipeline_misses=0 pipeline_compile_ms=0 block_upload_calls=6 block_upload_ms=0 block_offered_bytes=272 block_copied_bytes=272 block_nocopy_bound_bytes=0 block_offset_bound_bytes=0 op_setup_calls=374 op_setup_ms=0.009208 pipeline_lookup_calls=0 pipeline_lookup_ms=0 encode_dispatch_calls=374 physical_dispatch_calls=398 encode_dispatch_ms=0.911833 gpu_exec_calls=8 gpu_exec_ms=4.611958 readback_calls=2 readback_ms=0.004875 readback_bytes=8 nocopy_uploads=0 copying_uploads=6 nocopy_reuses=0 resident_uploads=0 resident_reuses=0 mapping_offset_uploads=0 mapping_rebound_blocks=4 mapping_residency_rung=prefault expert_mapping_candidate_uploads=0 expert_mapping_missed_uploads=0 nocopy_cache_len=25 resident_cache_len=0 resident_cache_bytes=0 uniform_cache_len=1 phys_footprint_bytes=5963152448 device_allocated_bytes=1598881792 output_buffer_allocations=0 output_buffer_allocated_bytes=0 checkpoint_mapping_buffer_bytes=1422245888 expert_mapping_buffer_bytes=0 plan_uniform_writes=0 retire_scan_calls=893 retire_scan_ms=0.091958 expert_buffers_lookup_calls=374 expert_buffers_lookup_ms=0.29075 placement_resolve_calls=374 placement_resolve_ms=0.038625 loop_head_calls=383 loop_head_ms=0.105333 encoder_finish_ms=0.00025 pre_encode_calls=1 pre_encode_ms=0.083875 resolve_plan_ms=0.000208 prepare_infer_ms=0 prepare_validate_ms=0 prepare_bind_ms=0 prepare_optimize_ms=0 prepare_retire_ms=0 build_plan_uniforms_ms=0 resolve_steps_ms=0 uniform_buffer_allocations=0 barriers=0 barriers_raw=0 barriers_waw=0 barriers_war=0 barriers_waw_war_arena_recycled=0 barriers_waw_war_persistent=0 expert_source_cache_hits=0 expert_source_cache_misses=0 expert_source_cache_cold_misses=0 expert_source_cache_replacement_misses=0 expert_source_reuse_copy_bytes=0 expert_source_reuse_copy_ms=0 plan_cache_len=0 plan_hits=17 plan_misses=2 plan_refits=0 plan_arena_allocated_bytes=0 segment_arena_allocated_bytes=0 placed_arena_allocated_bytes=54414264 ablation=false kind_filter=
2026-10-08T13:45:51.646785375Z DEBUG omega::metal::placements_execute_named: step_phase step=19 phase=pre_encode start_raw_s=672579.152550083 end_raw_s=672579.152628375
2026-10-08T13:45:51.646873417Z DEBUG omega::metal::placements_execute_named: chunk_phase step=19 chunk=1 phase=encode start_raw_s=672579.152628375 end_raw_s=672579.152712041
2026-10-08T13:45:51.646873583Z DEBUG omega::metal::placements_execute_named: chunk_phase step=19 chunk=1 phase=commit start_raw_s=672579.152712333 end_raw_s=672579.152716083
2026-10-08T13:45:51.646950333Z DEBUG omega::metal::placements_execute_named: chunk_phase step=19 chunk=2 phase=encode start_raw_s=672579.152716791 end_raw_s=672579.152790708
2026-10-08T13:45:51.646950542Z DEBUG omega::metal::placements_execute_named: chunk_phase step=19 chunk=2 phase=commit start_raw_s=672579.152790833 end_raw_s=672579.152793
2026-10-08T13:45:51.647057792Z DEBUG omega::metal::placements_execute_named: chunk_phase step=19 chunk=3 phase=encode start_raw_s=672579.15279375 end_raw_s=672579.152898083
2026-10-08T13:45:51.647060292Z DEBUG omega::metal::placements_execute_named: chunk_phase step=19 chunk=3 phase=commit start_raw_s=672579.152898208 end_raw_s=672579.1529005
2026-10-08T13:45:51.647199792Z DEBUG omega::metal::placements_execute_named: chunk_phase step=19 chunk=4 phase=encode start_raw_s=672579.152903583 end_raw_s=672579.153039833
2026-10-08T13:45:51.647200000Z DEBUG omega::metal::placements_execute_named: chunk_phase step=19 chunk=4 phase=commit start_raw_s=672579.153039916 end_raw_s=672579.1530425
2026-10-08T13:45:51.647385333Z DEBUG omega::metal::placements_execute_named: chunk_phase step=19 chunk=5 phase=encode start_raw_s=672579.153043166 end_raw_s=672579.153224875
2026-10-08T13:45:51.647385500Z DEBUG omega::metal::placements_execute_named: chunk_phase step=19 chunk=5 phase=commit start_raw_s=672579.153225125 end_raw_s=672579.153227875
2026-10-08T13:45:51.647621000Z DEBUG omega::metal::placements_execute_named: chunk_phase step=19 chunk=6 phase=encode start_raw_s=672579.153228708 end_raw_s=672579.153460541
2026-10-08T13:45:51.647621208Z DEBUG omega::metal::placements_execute_named: chunk_phase step=19 chunk=6 phase=commit start_raw_s=672579.153460625 end_raw_s=672579.153463625
2026-10-08T13:45:51.647948708Z DEBUG omega::metal::placements_execute_named: chunk_phase step=19 chunk=7 phase=encode start_raw_s=672579.153464541 end_raw_s=672579.153788625
2026-10-08T13:45:51.647948917Z DEBUG omega::metal::placements_execute_named: chunk_phase step=19 chunk=7 phase=commit start_raw_s=672579.153788791 end_raw_s=672579.153791375
2026-10-08T13:45:51.648355292Z DEBUG omega::metal::placements_execute_named: chunk_phase step=19 chunk=8 phase=encode start_raw_s=672579.153792083 end_raw_s=672579.154194916
2026-10-08T13:45:51.648355625Z DEBUG omega::metal::placements_execute_named: chunk_phase step=19 chunk=8 phase=commit start_raw_s=672579.154195208 end_raw_s=672579.154198208
2026-10-08T13:45:51.652853417Z DEBUG omega::metal::placements_execute_named: token_breakdown_gpu commit_call_ms=0.003 commit_to_gpu_start_ms=0 gpu_busy_ms=5.750500014983118 gpu_end_to_wait_return_ms=0 sum_ms=5.753500014983118 final_commit_to_wait_ms=4.499666 gpu_start_raw_s=672579.1528242917 gpu_end_raw_s=672579.1585747917 commit_call_start_raw_s=672579.154195208 wait_return_extra_ms=4.496 chunks=8 first_commit_to_first_gpu_start_ms=0.1119587104767561 encode_overlap_ms=1.478292
2026-10-08T13:45:51.652854250Z DEBUG omega::metal::placements_execute_named: chunk_record step=19 plan_shape=decode chunk=1 chunk_count=8 op_first=0 op_last=23 encode_start_ms=0 encode_end_ms=0.08366699999999999 commit_at_ms=0.08399999999999999 commit_ms=0.0037500000000000003 gpu_start_ms=0.19591674208641052 gpu_end_ms=0.45962503645569086 commit_to_gpu_start_ms=0.11191674208641053 gpu_idle_before_ms=0.19591674208641052
2026-10-08T13:45:51.652854750Z DEBUG omega::metal::placements_execute_named: chunk_record step=19 plan_shape=decode chunk=2 chunk_count=8 op_first=24 op_last=40 encode_start_ms=0.08841700000000001 encode_end_ms=0.162375 commit_at_ms=0.1625 commit_ms=0.002167 gpu_start_ms=0.47541677486151457 gpu_end_ms=0.6976251024752855 commit_to_gpu_start_ms=0.3129167748615146 gpu_idle_before_ms=0.015791738405823708
2026-10-08T13:45:51.652855208Z DEBUG omega::metal::placements_execute_named: chunk_record step=19 plan_shape=decode chunk=3 chunk_count=8 op_first=41 op_last=64 encode_start_ms=0.165375 encode_end_ms=0.26975000000000005 commit_at_ms=0.269875 commit_ms=0.0022919999999999998 gpu_start_ms=0.7185416761785746 gpu_end_ms=1.1115417582914233 commit_to_gpu_start_ms=0.4486666761785746 gpu_idle_before_ms=0.020916573703289032
2026-10-08T13:45:51.652855583Z DEBUG omega::metal::placements_execute_named: chunk_record step=19 plan_shape=decode chunk=4 chunk_count=8 op_first=65 op_last=96 encode_start_ms=0.275208 encode_end_ms=0.411458 commit_at_ms=0.411583 commit_ms=0.0026249999999999997 gpu_start_ms=1.1326250387355685 gpu_end_ms=1.5812916681170464 commit_to_gpu_start_ms=0.7210420387355685 gpu_idle_before_ms=0.021083280444145203
2026-10-08T13:45:51.652855958Z DEBUG omega::metal::placements_execute_named: chunk_record step=19 plan_shape=decode chunk=5 chunk_count=8 op_first=97 op_last=139 encode_start_ms=0.41483299999999995 encode_end_ms=0.596542 commit_at_ms=0.596792 commit_ms=0.00275 gpu_start_ms=1.608625054359436 gpu_end_ms=2.2401250898838043 commit_to_gpu_start_ms=1.011833054359436 gpu_idle_before_ms=0.02733338624238968
2026-10-08T13:45:51.652856375Z DEBUG omega::metal::placements_execute_named: chunk_record step=19 plan_shape=decode chunk=6 chunk_count=8 op_first=140 op_last=197 encode_start_ms=0.600333 encode_end_ms=0.832167 commit_at_ms=0.832333 commit_ms=0.002959 gpu_start_ms=2.265125047415495 gpu_end_ms=3.1220417004078627 commit_to_gpu_start_ms=1.432792047415495 gpu_idle_before_ms=0.024999957531690598
2026-10-08T13:45:51.652856792Z DEBUG omega::metal::placements_execute_named: chunk_record step=19 plan_shape=decode chunk=7 chunk_count=8 op_first=198 op_last=275 encode_start_ms=0.836167 encode_end_ms=1.160292 commit_at_ms=1.160458 commit_ms=0.0025840000000000004 gpu_start_ms=3.1456249998882413 gpu_end_ms=4.335666773840785 commit_to_gpu_start_ms=1.9851669998882413 gpu_idle_before_ms=0.023583299480378628
2026-10-08T13:45:51.652857208Z DEBUG omega::metal::placements_execute_named: chunk_record step=19 plan_shape=decode chunk=8 chunk_count=8 op_first=276 op_last=382 encode_start_ms=1.163708 encode_end_ms=1.5665419999999999 commit_at_ms=1.566875 commit_ms=0.003 gpu_start_ms=4.364791675470769 gpu_end_ms=5.946416757069528 commit_to_gpu_start_ms=2.7979166754707694 gpu_idle_before_ms=0.02912490162998438
2026-10-08T13:45:51.652873042Z DEBUG proxima_model_interop::generate::decode: token_breakdown_argmax_split step=19 scan_ms=0 debug_ms=0
2026-10-08T13:45:51.652873667Z DEBUG proxima_model_interop::generate::decode: token_breakdown_gaps step=19 root_select_ms=0.041625 post_evaluate_ms=0.00125 pre_logits_ms=0.001583 checksum_ms=0 fetch_ms=0.000916 argmax_ms=0.000208 logits_hash_ms=0
2026-10-08T13:45:51.652874625Z INFO proxima_model_interop::generate::load_model: token_breakdown: per-decode-step wall-clock attribution step=19 new_count=1 cached_len_before=1018 step_wall_ms=6.28475 apply_serving_config_ms=0.000083 build_position_inputs_ms=0.0015 named_blocks_weights_ms=0.017541 named_blocks_kv_ms=0.016791 kv_cache_upload_bytes=0 ssm_state_transfer_bytes=0 evaluate_ms=6.2195 layer_cache_append_ms=0.000166 layer_cache_append_bytes=0 greedy_pick_ms=0.000041
2026-10-08T13:45:51.652884833Z INFO proxima_model_interop::generate::load_model: token_breakdown_metal: per-decode-step metal stage attribution step=19 prepare_calls=0 prepare_ms=0 emit_calls=0 emit_ms=0 pipeline_hits=0 pipeline_misses=0 pipeline_compile_ms=0 block_upload_calls=6 block_upload_ms=0 block_offered_bytes=272 block_copied_bytes=272 block_nocopy_bound_bytes=0 block_offset_bound_bytes=0 op_setup_calls=374 op_setup_ms=0.008125 pipeline_lookup_calls=0 pipeline_lookup_ms=0 encode_dispatch_calls=374 physical_dispatch_calls=398 encode_dispatch_ms=0.911208 gpu_exec_calls=8 gpu_exec_ms=4.499583 readback_calls=2 readback_ms=0.005 readback_bytes=8 nocopy_uploads=0 copying_uploads=6 nocopy_reuses=0 resident_uploads=0 resident_reuses=0 mapping_offset_uploads=0 mapping_rebound_blocks=4 mapping_residency_rung=prefault expert_mapping_candidate_uploads=0 expert_mapping_missed_uploads=0 nocopy_cache_len=25 resident_cache_len=0 resident_cache_bytes=0 uniform_cache_len=1 phys_footprint_bytes=5963267136 device_allocated_bytes=1598881792 output_buffer_allocations=0 output_buffer_allocated_bytes=0 checkpoint_mapping_buffer_bytes=1422245888 expert_mapping_buffer_bytes=0 plan_uniform_writes=0 retire_scan_calls=893 retire_scan_ms=0.091291 expert_buffers_lookup_calls=374 expert_buffers_lookup_ms=0.288333 placement_resolve_calls=374 placement_resolve_ms=0.038041 loop_head_calls=383 loop_head_ms=0.104125 encoder_finish_ms=0.00025 pre_encode_calls=1 pre_encode_ms=0.078458 resolve_plan_ms=0.000208 prepare_infer_ms=0 prepare_validate_ms=0 prepare_bind_ms=0 prepare_optimize_ms=0 prepare_retire_ms=0 build_plan_uniforms_ms=0 resolve_steps_ms=0 uniform_buffer_allocations=0 barriers=0 barriers_raw=0 barriers_waw=0 barriers_war=0 barriers_waw_war_arena_recycled=0 barriers_waw_war_persistent=0 expert_source_cache_hits=0 expert_source_cache_misses=0 expert_source_cache_cold_misses=0 expert_source_cache_replacement_misses=0 expert_source_reuse_copy_bytes=0 expert_source_reuse_copy_ms=0 plan_cache_len=0 plan_hits=18 plan_misses=2 plan_refits=0 plan_arena_allocated_bytes=0 segment_arena_allocated_bytes=0 placed_arena_allocated_bytes=54414264 ablation=false kind_filter=
2026-10-08T13:45:51.653090833Z DEBUG omega::metal::placements_execute_named: step_phase step=20 phase=pre_encode start_raw_s=672579.158852333 end_raw_s=672579.15893375
2026-10-08T13:45:51.653182208Z DEBUG omega::metal::placements_execute_named: chunk_phase step=20 chunk=1 phase=encode start_raw_s=672579.15893375 end_raw_s=672579.1590205
2026-10-08T13:45:51.653182417Z DEBUG omega::metal::placements_execute_named: chunk_phase step=20 chunk=1 phase=commit start_raw_s=672579.15902075 end_raw_s=672579.159024833
2026-10-08T13:45:51.653264500Z DEBUG omega::metal::placements_execute_named: chunk_phase step=20 chunk=2 phase=encode start_raw_s=672579.159025583 end_raw_s=672579.159104666
2026-10-08T13:45:51.653264708Z DEBUG omega::metal::placements_execute_named: chunk_phase step=20 chunk=2 phase=commit start_raw_s=672579.159104791 end_raw_s=672579.159107208
2026-10-08T13:45:51.653371875Z DEBUG omega::metal::placements_execute_named: chunk_phase step=20 chunk=3 phase=encode start_raw_s=672579.159107916 end_raw_s=672579.159212375
2026-10-08T13:45:51.653372125Z DEBUG omega::metal::placements_execute_named: chunk_phase step=20 chunk=3 phase=commit start_raw_s=672579.159212458 end_raw_s=672579.159214583
2026-10-08T13:45:51.653518000Z DEBUG omega::metal::placements_execute_named: chunk_phase step=20 chunk=4 phase=encode start_raw_s=672579.159215333 end_raw_s=672579.159358125
2026-10-08T13:45:51.653518208Z DEBUG omega::metal::placements_execute_named: chunk_phase step=20 chunk=4 phase=commit start_raw_s=672579.15935825 end_raw_s=672579.159360708
2026-10-08T13:45:51.653705250Z DEBUG omega::metal::placements_execute_named: chunk_phase step=20 chunk=5 phase=encode start_raw_s=672579.159361416 end_raw_s=672579.15954475
2026-10-08T13:45:51.653705417Z DEBUG omega::metal::placements_execute_named: chunk_phase step=20 chunk=5 phase=commit start_raw_s=672579.159544958 end_raw_s=672579.159547791
2026-10-08T13:45:51.653942500Z DEBUG omega::metal::placements_execute_named: chunk_phase step=20 chunk=6 phase=encode start_raw_s=672579.159548625 end_raw_s=672579.159782083
2026-10-08T13:45:51.653942667Z DEBUG omega::metal::placements_execute_named: chunk_phase step=20 chunk=6 phase=commit start_raw_s=672579.159782166 end_raw_s=672579.159785208
2026-10-08T13:45:51.654271625Z DEBUG omega::metal::placements_execute_named: chunk_phase step=20 chunk=7 phase=encode start_raw_s=672579.159786166 end_raw_s=672579.160110791
2026-10-08T13:45:51.654271833Z DEBUG omega::metal::placements_execute_named: chunk_phase step=20 chunk=7 phase=commit start_raw_s=672579.160110916 end_raw_s=672579.160114333
2026-10-08T13:45:51.654675792Z DEBUG omega::metal::placements_execute_named: chunk_phase step=20 chunk=8 phase=encode start_raw_s=672579.160115125 end_raw_s=672579.160515708
2026-10-08T13:45:51.654676000Z DEBUG omega::metal::placements_execute_named: chunk_phase step=20 chunk=8 phase=commit start_raw_s=672579.160516041 end_raw_s=672579.160518666
2026-10-08T13:45:51.659167917Z DEBUG omega::metal::placements_execute_named: token_breakdown_gpu commit_call_ms=0.002667 commit_to_gpu_start_ms=0 gpu_busy_ms=5.7677499717101455 gpu_end_to_wait_return_ms=0 sum_ms=5.770416971710145 final_commit_to_wait_ms=4.493375 gpu_start_raw_s=672579.1591397501 gpu_end_raw_s=672579.1649075 commit_call_start_raw_s=672579.160516041 wait_return_extra_ms=4.490125 chunks=8 first_commit_to_first_gpu_start_ms=0.11900009121745825 encode_overlap_ms=1.49025
2026-10-08T13:45:51.659168667Z DEBUG omega::metal::placements_execute_named: chunk_record step=20 plan_shape=decode chunk=1 chunk_count=8 op_first=0 op_last=23 encode_start_ms=0 encode_end_ms=0.086708 commit_at_ms=0.087 commit_ms=0.004125 gpu_start_ms=0.20600005518645048 gpu_end_ms=0.46912499237805605 commit_to_gpu_start_ms=0.11900005518645049 gpu_idle_before_ms=0.20600005518645048
2026-10-08T13:45:51.659169292Z DEBUG omega::metal::placements_execute_named: chunk_record step=20 plan_shape=decode chunk=2 chunk_count=8 op_first=24 op_last=40 encode_start_ms=0.091833 encode_end_ms=0.170875 commit_at_ms=0.171041 commit_ms=0.0024590000000000002 gpu_start_ms=0.4860000917688012 gpu_end_ms=0.7088750135153532 commit_to_gpu_start_ms=0.3149590917688012 gpu_idle_before_ms=0.016875099390745163
2026-10-08T13:45:51.659169708Z DEBUG omega::metal::placements_execute_named: chunk_record step=20 plan_shape=decode chunk=3 chunk_count=8 op_first=41 op_last=64 encode_start_ms=0.174125 encode_end_ms=0.278583 commit_at_ms=0.278708 commit_ms=0.002125 gpu_start_ms=0.7295000832527876 gpu_end_ms=1.121375011280179 commit_to_gpu_start_ms=0.4507920832527876 gpu_idle_before_ms=0.020625069737434387
2026-10-08T13:45:51.659170292Z DEBUG omega::metal::placements_execute_named: chunk_record step=20 plan_shape=decode chunk=4 chunk_count=8 op_first=65 op_last=96 encode_start_ms=0.281541 encode_end_ms=0.424375 commit_at_ms=0.42450000000000004 commit_ms=0.0025 gpu_start_ms=1.1420000810176134 gpu_end_ms=1.5874167438596487 commit_to_gpu_start_ms=0.7175000810176133 gpu_idle_before_ms=0.020625069737434387
2026-10-08T13:45:51.659170708Z DEBUG omega::metal::placements_execute_named: chunk_record step=20 plan_shape=decode chunk=5 chunk_count=8 op_first=97 op_last=139 encode_start_ms=0.427625 encode_end_ms=0.610958 commit_at_ms=0.611208 commit_ms=0.002875 gpu_start_ms=1.6117916675284505 gpu_end_ms=2.2813749965280294 commit_to_gpu_start_ms=1.0005836675284505 gpu_idle_before_ms=0.024374923668801785
2026-10-08T13:45:51.659171125Z DEBUG omega::metal::placements_execute_named: chunk_record step=20 plan_shape=decode chunk=6 chunk_count=8 op_first=140 op_last=197 encode_start_ms=0.614833 encode_end_ms=0.848291 commit_at_ms=0.848416 commit_ms=0.003042 gpu_start_ms=2.3081250255927444 gpu_end_ms=3.1261250842362642 commit_to_gpu_start_ms=1.4597090255927445 gpu_idle_before_ms=0.02675002906471491
2026-10-08T13:45:51.659171500Z DEBUG omega::metal::placements_execute_named: chunk_record step=20 plan_shape=decode chunk=7 chunk_count=8 op_first=198 op_last=275 encode_start_ms=0.8524160000000001 encode_end_ms=1.177041 commit_at_ms=1.1772079999999998 commit_ms=0.003375 gpu_start_ms=3.152625053189695 gpu_end_ms=4.345125053077936 commit_to_gpu_start_ms=1.975417053189695 gpu_idle_before_ms=0.026499968953430653
2026-10-08T13:45:51.659171917Z DEBUG omega::metal::placements_execute_named: chunk_record step=20 plan_shape=decode chunk=8 chunk_count=8 op_first=276 op_last=382 encode_start_ms=1.1813749999999998 encode_end_ms=1.581916 commit_at_ms=1.582291 commit_ms=0.002667 gpu_start_ms=4.37562505248934 gpu_end_ms=5.973750026896596 commit_to_gpu_start_ms=2.7933340524893406 gpu_idle_before_ms=0.030499999411404133
2026-10-08T13:45:51.659187000Z DEBUG proxima_model_interop::generate::decode: token_breakdown_argmax_split step=20 scan_ms=0 debug_ms=0
2026-10-08T13:45:51.659187375Z DEBUG proxima_model_interop::generate::decode: token_breakdown_gaps step=20 root_select_ms=0.041125 post_evaluate_ms=0.001208 pre_logits_ms=0.001541 checksum_ms=0 fetch_ms=0.000875 argmax_ms=0.000333 logits_hash_ms=0.000041
2026-10-08T13:45:51.659188208Z INFO proxima_model_interop::generate::load_model: token_breakdown: per-decode-step wall-clock attribution step=20 new_count=1 cached_len_before=1019 step_wall_ms=6.297 apply_serving_config_ms=0.000083 build_position_inputs_ms=0.001291 named_blocks_weights_ms=0.018125 named_blocks_kv_ms=0.017333 kv_cache_upload_bytes=0 ssm_state_transfer_bytes=0 evaluate_ms=6.232416 layer_cache_append_ms=0.000083 layer_cache_append_bytes=0 greedy_pick_ms=0.000041
2026-10-08T13:45:51.659198250Z INFO proxima_model_interop::generate::load_model: token_breakdown_metal: per-decode-step metal stage attribution step=20 prepare_calls=0 prepare_ms=0 emit_calls=0 emit_ms=0 pipeline_hits=0 pipeline_misses=0 pipeline_compile_ms=0 block_upload_calls=6 block_upload_ms=0 block_offered_bytes=272 block_copied_bytes=272 block_nocopy_bound_bytes=0 block_offset_bound_bytes=0 op_setup_calls=374 op_setup_ms=0.008583 pipeline_lookup_calls=0 pipeline_lookup_ms=0 encode_dispatch_calls=374 physical_dispatch_calls=398 encode_dispatch_ms=0.917166 gpu_exec_calls=8 gpu_exec_ms=4.493208 readback_calls=2 readback_ms=0.004833 readback_bytes=8 nocopy_uploads=0 copying_uploads=6 nocopy_reuses=0 resident_uploads=0 resident_reuses=0 mapping_offset_uploads=0 mapping_rebound_blocks=2 mapping_residency_rung=prefault expert_mapping_candidate_uploads=0 expert_mapping_missed_uploads=0 nocopy_cache_len=25 resident_cache_len=0 resident_cache_bytes=0 uniform_cache_len=1 phys_footprint_bytes=5963381824 device_allocated_bytes=1598881792 output_buffer_allocations=0 output_buffer_allocated_bytes=0 checkpoint_mapping_buffer_bytes=1422245888 expert_mapping_buffer_bytes=0 plan_uniform_writes=0 retire_scan_calls=893 retire_scan_ms=0.092541 expert_buffers_lookup_calls=374 expert_buffers_lookup_ms=0.292875 placement_resolve_calls=374 placement_resolve_ms=0.03875 loop_head_calls=383 loop_head_ms=0.104583 encoder_finish_ms=0.000208 pre_encode_calls=1 pre_encode_ms=0.081833 resolve_plan_ms=0.00025 prepare_infer_ms=0 prepare_validate_ms=0 prepare_bind_ms=0 prepare_optimize_ms=0 prepare_retire_ms=0 build_plan_uniforms_ms=0 resolve_steps_ms=0 uniform_buffer_allocations=0 barriers=0 barriers_raw=0 barriers_waw=0 barriers_war=0 barriers_waw_war_arena_recycled=0 barriers_waw_war_persistent=0 expert_source_cache_hits=0 expert_source_cache_misses=0 expert_source_cache_cold_misses=0 expert_source_cache_replacement_misses=0 expert_source_reuse_copy_bytes=0 expert_source_reuse_copy_ms=0 plan_cache_len=0 plan_hits=19 plan_misses=2 plan_refits=0 plan_arena_allocated_bytes=0 segment_arena_allocated_bytes=0 placed_arena_allocated_bytes=54414264 ablation=false kind_filter=
2026-10-08T13:45:51.659392667Z DEBUG omega::metal::placements_execute_named: step_phase step=21 phase=pre_encode start_raw_s=672579.165159375 end_raw_s=672579.165235583
2026-10-08T13:45:51.659480042Z DEBUG omega::metal::placements_execute_named: chunk_phase step=21 chunk=1 phase=encode start_raw_s=672579.165235583 end_raw_s=672579.165318583
2026-10-08T13:45:51.659480250Z DEBUG omega::metal::placements_execute_named: chunk_phase step=21 chunk=1 phase=commit start_raw_s=672579.165318875 end_raw_s=672579.165322708
2026-10-08T13:45:51.659557375Z DEBUG omega::metal::placements_execute_named: chunk_phase step=21 chunk=2 phase=encode start_raw_s=672579.165323458 end_raw_s=672579.165397666
2026-10-08T13:45:51.659557625Z DEBUG omega::metal::placements_execute_named: chunk_phase step=21 chunk=2 phase=commit start_raw_s=672579.165397791 end_raw_s=672579.165400041
2026-10-08T13:45:51.659667833Z DEBUG omega::metal::placements_execute_named: chunk_phase step=21 chunk=3 phase=encode start_raw_s=672579.165400791 end_raw_s=672579.165508416
2026-10-08T13:45:51.659668042Z DEBUG omega::metal::placements_execute_named: chunk_phase step=21 chunk=3 phase=commit start_raw_s=672579.165508541 end_raw_s=672579.165510541
2026-10-08T13:45:51.659806500Z DEBUG omega::metal::placements_execute_named: chunk_phase step=21 chunk=4 phase=encode start_raw_s=672579.16551125 end_raw_s=672579.165646625
2026-10-08T13:45:51.659806750Z DEBUG omega::metal::placements_execute_named: chunk_phase step=21 chunk=4 phase=commit start_raw_s=672579.16564675 end_raw_s=672579.165649166
2026-10-08T13:45:51.659992875Z DEBUG omega::metal::placements_execute_named: chunk_phase step=21 chunk=5 phase=encode start_raw_s=672579.165649916 end_raw_s=672579.165832625
2026-10-08T13:45:51.659993083Z DEBUG omega::metal::placements_execute_named: chunk_phase step=21 chunk=5 phase=commit start_raw_s=672579.165832833 end_raw_s=672579.165835458
2026-10-08T13:45:51.660234250Z DEBUG omega::metal::placements_execute_named: chunk_phase step=21 chunk=6 phase=encode start_raw_s=672579.165836291 end_raw_s=672579.166073958
2026-10-08T13:45:51.660234458Z DEBUG omega::metal::placements_execute_named: chunk_phase step=21 chunk=6 phase=commit start_raw_s=672579.166074083 end_raw_s=672579.166077
2026-10-08T13:45:51.660562125Z DEBUG omega::metal::placements_execute_named: chunk_phase step=21 chunk=7 phase=encode start_raw_s=672579.166077666 end_raw_s=672579.166401958
2026-10-08T13:45:51.660562292Z DEBUG omega::metal::placements_execute_named: chunk_phase step=21 chunk=7 phase=commit start_raw_s=672579.166402125 end_raw_s=672579.166404833
2026-10-08T13:45:51.660965375Z DEBUG omega::metal::placements_execute_named: chunk_phase step=21 chunk=8 phase=encode start_raw_s=672579.1664055 end_raw_s=672579.166805083
2026-10-08T13:45:51.660965542Z DEBUG omega::metal::placements_execute_named: chunk_phase step=21 chunk=8 phase=commit start_raw_s=672579.166805375 end_raw_s=672579.166808208
2026-10-08T13:45:51.665368250Z DEBUG omega::metal::placements_execute_named: token_breakdown_gpu commit_call_ms=0.0028339999999999997 commit_to_gpu_start_ms=0 gpu_busy_ms=5.633833352476358 gpu_end_to_wait_return_ms=0 sum_ms=5.636667352476358 final_commit_to_wait_ms=4.403625 gpu_start_raw_s=672579.1654359167 gpu_end_raw_s=672579.1710697501 commit_call_start_raw_s=672579.166805375 wait_return_extra_ms=4.400208 chunks=8 first_commit_to_first_gpu_start_ms=0.11704175267368555 encode_overlap_ms=1.481791
2026-10-08T13:45:51.665369542Z DEBUG omega::metal::placements_execute_named: chunk_record step=21 plan_shape=decode chunk=1 chunk_count=8 op_first=0 op_last=23 encode_start_ms=0 encode_end_ms=0.083 commit_at_ms=0.083334 commit_ms=0.0038330000000000005 gpu_start_ms=0.20033377222716808 gpu_end_ms=0.46220875810831785 commit_to_gpu_start_ms=0.11699977222716808 gpu_idle_before_ms=0.20033377222716808
2026-10-08T13:45:51.665370250Z DEBUG omega::metal::placements_execute_named: chunk_record step=21 plan_shape=decode chunk=2 chunk_count=8 op_first=24 op_last=40 encode_start_ms=0.087875 encode_end_ms=0.162125 commit_at_ms=0.16224999999999998 commit_ms=0.0022500000000000003 gpu_start_ms=0.47883368097245693 gpu_end_ms=0.7051670690998435 commit_to_gpu_start_ms=0.3165836809724569 gpu_idle_before_ms=0.01662492286413908
2026-10-08T13:45:51.665371000Z DEBUG omega::metal::placements_execute_named: chunk_record step=21 plan_shape=decode chunk=3 chunk_count=8 op_first=41 op_last=64 encode_start_ms=0.16525 encode_end_ms=0.272834 commit_at_ms=0.273 commit_ms=0.002 gpu_start_ms=0.7259170524775982 gpu_end_ms=1.1200420558452606 commit_to_gpu_start_ms=0.45291705247759817 gpu_idle_before_ms=0.020749983377754688
2026-10-08T13:45:51.665371583Z DEBUG omega::metal::placements_execute_named: chunk_record step=21 plan_shape=decode chunk=4 chunk_count=8 op_first=65 op_last=96 encode_start_ms=0.275667 encode_end_ms=0.411042 commit_at_ms=0.411209 commit_ms=0.0024159999999999997 gpu_start_ms=1.1411670129746199 gpu_end_ms=1.587333739735186 commit_to_gpu_start_ms=0.7299580129746199 gpu_idle_before_ms=0.021124957129359245
2026-10-08T13:45:51.665372292Z DEBUG omega::metal::placements_execute_named: chunk_record step=21 plan_shape=decode chunk=5 chunk_count=8 op_first=97 op_last=139 encode_start_ms=0.414375 encode_end_ms=0.597042 commit_at_ms=0.597292 commit_ms=0.0026249999999999997 gpu_start_ms=1.6122920205816627 gpu_end_ms=2.272917074151337 commit_to_gpu_start_ms=1.0150000205816627 gpu_idle_before_ms=0.024958280846476555
2026-10-08T13:45:51.665372708Z DEBUG omega::metal::placements_execute_named: chunk_record step=21 plan_shape=decode chunk=6 chunk_count=8 op_first=140 op_last=197 encode_start_ms=0.600709 encode_end_ms=0.8384170000000001 commit_at_ms=0.838542 commit_ms=0.0029170000000000003 gpu_start_ms=2.2984170354902744 gpu_end_ms=3.1702921260148287 commit_to_gpu_start_ms=1.4598750354902745 gpu_idle_before_ms=0.025499961338937283
2026-10-08T13:45:51.665373083Z DEBUG omega::metal::placements_execute_named: chunk_record step=21 plan_shape=decode chunk=7 chunk_count=8 op_first=198 op_last=275 encode_start_ms=0.8420839999999999 encode_end_ms=1.166417 commit_at_ms=1.166584 commit_ms=0.0027080000000000003 gpu_start_ms=3.1897086882963777 gpu_end_ms=4.314917023293674 commit_to_gpu_start_ms=2.0231246882963774 gpu_idle_before_ms=0.019416562281548977
2026-10-08T13:45:51.665373500Z DEBUG omega::metal::placements_execute_named: chunk_record step=21 plan_shape=decode chunk=8 chunk_count=8 op_first=276 op_last=382 encode_start_ms=1.1699169999999999 encode_end_ms=1.569542 commit_at_ms=1.5698750000000001 commit_ms=0.0028339999999999997 gpu_start_ms=4.341083695180714 gpu_end_ms=5.8341671247035265 commit_to_gpu_start_ms=2.771208695180714 gpu_idle_before_ms=0.026166671887040138
2026-10-08T13:45:51.665395708Z DEBUG proxima_model_interop::generate::decode: token_breakdown_argmax_split step=21 scan_ms=0 debug_ms=0
2026-10-08T13:45:51.665396208Z DEBUG proxima_model_interop::generate::decode: token_breakdown_gaps step=21 root_select_ms=0.038875 post_evaluate_ms=0.001666 pre_logits_ms=0.001916 checksum_ms=0 fetch_ms=0.000916 argmax_ms=0.000458 logits_hash_ms=0
2026-10-08T13:45:51.665397458Z INFO proxima_model_interop::generate::load_model: token_breakdown: per-decode-step wall-clock attribution step=21 new_count=1 cached_len_before=1020 step_wall_ms=6.192875 apply_serving_config_ms=0.000041 build_position_inputs_ms=0.001416 named_blocks_weights_ms=0.017375 named_blocks_kv_ms=0.0165 kv_cache_upload_bytes=0 ssm_state_transfer_bytes=0 evaluate_ms=6.129958 layer_cache_append_ms=0.000333 layer_cache_append_bytes=0 greedy_pick_ms=0
2026-10-08T13:45:51.665410958Z INFO proxima_model_interop::generate::load_model: token_breakdown_metal: per-decode-step metal stage attribution step=21 prepare_calls=0 prepare_ms=0 emit_calls=0 emit_ms=0 pipeline_hits=0 pipeline_misses=0 pipeline_compile_ms=0 block_upload_calls=6 block_upload_ms=0 block_offered_bytes=272 block_copied_bytes=272 block_nocopy_bound_bytes=0 block_offset_bound_bytes=0 op_setup_calls=374 op_setup_ms=0.008083 pipeline_lookup_calls=0 pipeline_lookup_ms=0 encode_dispatch_calls=374 physical_dispatch_calls=398 encode_dispatch_ms=0.914125 gpu_exec_calls=8 gpu_exec_ms=4.403541 readback_calls=2 readback_ms=0.005833 readback_bytes=8 nocopy_uploads=0 copying_uploads=6 nocopy_reuses=0 resident_uploads=0 resident_reuses=0 mapping_offset_uploads=0 mapping_rebound_blocks=4 mapping_residency_rung=prefault expert_mapping_candidate_uploads=0 expert_mapping_missed_uploads=0 nocopy_cache_len=25 resident_cache_len=0 resident_cache_bytes=0 uniform_cache_len=1 phys_footprint_bytes=5963480128 device_allocated_bytes=1598881792 output_buffer_allocations=0 output_buffer_allocated_bytes=0 checkpoint_mapping_buffer_bytes=1422245888 expert_mapping_buffer_bytes=0 plan_uniform_writes=0 retire_scan_calls=893 retire_scan_ms=0.091583 expert_buffers_lookup_calls=374 expert_buffers_lookup_ms=0.291458 placement_resolve_calls=374 placement_resolve_ms=0.038541 loop_head_calls=383 loop_head_ms=0.10225 encoder_finish_ms=0.00025 pre_encode_calls=1 pre_encode_ms=0.076583 resolve_plan_ms=0.000208 prepare_infer_ms=0 prepare_validate_ms=0 prepare_bind_ms=0 prepare_optimize_ms=0 prepare_retire_ms=0 build_plan_uniforms_ms=0 resolve_steps_ms=0 uniform_buffer_allocations=0 barriers=0 barriers_raw=0 barriers_waw=0 barriers_war=0 barriers_waw_war_arena_recycled=0 barriers_waw_war_persistent=0 expert_source_cache_hits=0 expert_source_cache_misses=0 expert_source_cache_cold_misses=0 expert_source_cache_replacement_misses=0 expert_source_reuse_copy_bytes=0 expert_source_reuse_copy_ms=0 plan_cache_len=0 plan_hits=20 plan_misses=2 plan_refits=0 plan_arena_allocated_bytes=0 segment_arena_allocated_bytes=0 placed_arena_allocated_bytes=54414264 ablation=false kind_filter=
2026-10-08T13:45:51.665664625Z DEBUG omega::metal::placements_execute_named: step_phase step=22 phase=pre_encode start_raw_s=672579.171409166 end_raw_s=672579.1715075
2026-10-08T13:45:51.665765708Z DEBUG omega::metal::placements_execute_named: chunk_phase step=22 chunk=1 phase=encode start_raw_s=672579.1715075 end_raw_s=672579.1716005
2026-10-08T13:45:51.665766042Z DEBUG omega::metal::placements_execute_named: chunk_phase step=22 chunk=1 phase=commit start_raw_s=672579.171600875 end_raw_s=672579.171608166
2026-10-08T13:45:51.665848292Z DEBUG omega::metal::placements_execute_named: chunk_phase step=22 chunk=2 phase=encode start_raw_s=672579.171609416 end_raw_s=672579.171687875
2026-10-08T13:45:51.665848625Z DEBUG omega::metal::placements_execute_named: chunk_phase step=22 chunk=2 phase=commit start_raw_s=672579.171688 end_raw_s=672579.171690791
2026-10-08T13:45:51.665959625Z DEBUG omega::metal::placements_execute_named: chunk_phase step=22 chunk=3 phase=encode start_raw_s=672579.171691833 end_raw_s=672579.171799666
2026-10-08T13:45:51.665959958Z DEBUG omega::metal::placements_execute_named: chunk_phase step=22 chunk=3 phase=commit start_raw_s=672579.171799791 end_raw_s=672579.171802208
2026-10-08T13:45:51.666101625Z DEBUG omega::metal::placements_execute_named: chunk_phase step=22 chunk=4 phase=encode start_raw_s=672579.171803125 end_raw_s=672579.17194175
2026-10-08T13:45:51.666101833Z DEBUG omega::metal::placements_execute_named: chunk_phase step=22 chunk=4 phase=commit start_raw_s=672579.171941833 end_raw_s=672579.171944333
2026-10-08T13:45:51.666296667Z DEBUG omega::metal::placements_execute_named: chunk_phase step=22 chunk=5 phase=encode start_raw_s=672579.171945083 end_raw_s=672579.172136125
2026-10-08T13:45:51.666296875Z DEBUG omega::metal::placements_execute_named: chunk_phase step=22 chunk=5 phase=commit start_raw_s=672579.172136333 end_raw_s=672579.17213925
2026-10-08T13:45:51.666540083Z DEBUG omega::metal::placements_execute_named: chunk_phase step=22 chunk=6 phase=encode start_raw_s=672579.172140083 end_raw_s=672579.172379666
2026-10-08T13:45:51.666540250Z DEBUG omega::metal::placements_execute_named: chunk_phase step=22 chunk=6 phase=commit start_raw_s=672579.17237975 end_raw_s=672579.172382708
2026-10-08T13:45:51.666874208Z DEBUG omega::metal::placements_execute_named: chunk_phase step=22 chunk=7 phase=encode start_raw_s=672579.172383458 end_raw_s=672579.172712833
2026-10-08T13:45:51.666874458Z DEBUG omega::metal::placements_execute_named: chunk_phase step=22 chunk=7 phase=commit start_raw_s=672579.172712958 end_raw_s=672579.172716916
2026-10-08T13:45:51.667293500Z DEBUG omega::metal::placements_execute_named: chunk_phase step=22 chunk=8 phase=encode start_raw_s=672579.172717666 end_raw_s=672579.173132708
2026-10-08T13:45:51.667293708Z DEBUG omega::metal::placements_execute_named: chunk_phase step=22 chunk=8 phase=commit start_raw_s=672579.173133041 end_raw_s=672579.173136291
2026-10-08T13:45:51.671616250Z DEBUG omega::metal::placements_execute_named: token_breakdown_gpu commit_call_ms=0.00325 commit_to_gpu_start_ms=0 gpu_busy_ms=5.566500010900199 gpu_end_to_wait_return_ms=0 sum_ms=5.5697500109002 final_commit_to_wait_ms=4.324333 gpu_start_raw_s=672579.1717488751 gpu_end_raw_s=672579.1773153751 commit_call_start_raw_s=672579.173133041 wait_return_extra_ms=4.320417 chunks=8 first_commit_to_first_gpu_start_ms=0.14800007920712233 encode_overlap_ms=1.5234590000000001
2026-10-08T13:45:51.671617250Z DEBUG omega::metal::placements_execute_named: chunk_record step=22 plan_shape=decode chunk=1 chunk_count=8 op_first=0 op_last=23 encode_start_ms=0 encode_end_ms=0.093042 commit_at_ms=0.093417 commit_ms=0.007291 gpu_start_ms=0.24137506261467934 gpu_end_ms=0.5020000971853733 commit_to_gpu_start_ms=0.14795806261467934 gpu_idle_before_ms=0.24137506261467934
2026-10-08T13:45:51.671618042Z DEBUG omega::metal::placements_execute_named: chunk_record step=22 plan_shape=decode chunk=2 chunk_count=8 op_first=24 op_last=40 encode_start_ms=0.101917 encode_end_ms=0.180375 commit_at_ms=0.180542 commit_ms=0.002791 gpu_start_ms=0.5226667271926999 gpu_end_ms=0.7453750586137176 commit_to_gpu_start_ms=0.34212472719269993 gpu_idle_before_ms=0.020666630007326603
2026-10-08T13:45:51.671618667Z DEBUG omega::metal::placements_execute_named: chunk_record step=22 plan_shape=decode chunk=3 chunk_count=8 op_first=41 op_last=64 encode_start_ms=0.18433300000000002 encode_end_ms=0.292167 commit_at_ms=0.29233299999999995 commit_ms=0.0024590000000000002 gpu_start_ms=0.7663751021027565 gpu_end_ms=1.160499989055097 commit_to_gpu_start_ms=0.47404210210275655 gpu_idle_before_ms=0.021000043489038944
2026-10-08T13:45:51.671619292Z DEBUG omega::metal::placements_execute_named: chunk_record step=22 plan_shape=decode chunk=4 chunk_count=8 op_first=65 op_last=96 encode_start_ms=0.295667 encode_end_ms=0.43425 commit_at_ms=0.434417 commit_ms=0.002458 gpu_start_ms=1.1805417016148567 gpu_end_ms=1.634541666135192 commit_to_gpu_start_ms=0.7461247016148567 gpu_idle_before_ms=0.020041712559759617
2026-10-08T13:45:51.671619750Z DEBUG omega::metal::placements_execute_named: chunk_record step=22 plan_shape=decode chunk=5 chunk_count=8 op_first=97 op_last=139 encode_start_ms=0.437583 encode_end_ms=0.628625 commit_at_ms=0.628917 commit_ms=0.002875 gpu_start_ms=1.660666661337018 gpu_end_ms=2.2880417527630925 commit_to_gpu_start_ms=1.031749661337018 gpu_idle_before_ms=0.026124995201826096
2026-10-08T13:45:51.671620292Z DEBUG omega::metal::placements_execute_named: chunk_record step=22 plan_shape=decode chunk=6 chunk_count=8 op_first=140 op_last=197 encode_start_ms=0.632583 encode_end_ms=0.872167 commit_at_ms=0.872333 commit_ms=0.0029170000000000003 gpu_start_ms=2.3132500937208533 gpu_end_ms=3.134750062599778 commit_to_gpu_start_ms=1.4409170937208533 gpu_idle_before_ms=0.02520834095776081
2026-10-08T13:45:51.671620750Z DEBUG omega::metal::placements_execute_named: chunk_record step=22 plan_shape=decode chunk=7 chunk_count=8 op_first=198 op_last=275 encode_start_ms=0.875958 encode_end_ms=1.205375 commit_at_ms=1.2055 commit_ms=0.003958 gpu_start_ms=3.1580000650137663 gpu_end_ms=4.282166715711355 commit_to_gpu_start_ms=1.9525000650137663 gpu_idle_before_ms=0.023250002413988113
2026-10-08T13:45:51.671621208Z DEBUG omega::metal::placements_execute_named: chunk_record step=22 plan_shape=decode chunk=8 chunk_count=8 op_first=276 op_last=382 encode_start_ms=1.210167 encode_end_ms=1.625208 commit_at_ms=1.625583 commit_ms=0.00325 gpu_start_ms=4.309500101953745 gpu_end_ms=5.807875073514879 commit_to_gpu_start_ms=2.683917101953745 gpu_idle_before_ms=0.02733338624238968
2026-10-08T13:45:51.671642542Z DEBUG proxima_model_interop::generate::decode: token_breakdown_argmax_split step=22 scan_ms=0 debug_ms=0
2026-10-08T13:45:51.671643250Z DEBUG proxima_model_interop::generate::decode: token_breakdown_gaps step=22 root_select_ms=0.054541 post_evaluate_ms=0.0015 pre_logits_ms=0.002166 checksum_ms=0 fetch_ms=0.001041 argmax_ms=0.000375 logits_hash_ms=0
2026-10-08T13:45:51.671644292Z INFO proxima_model_interop::generate::load_model: token_breakdown: per-decode-step wall-clock attribution step=22 new_count=1 cached_len_before=1021 step_wall_ms=6.225416 apply_serving_config_ms=0.000166 build_position_inputs_ms=0.001958 named_blocks_weights_ms=0.025833 named_blocks_kv_ms=0.024833 kv_cache_upload_bytes=0 ssm_state_transfer_bytes=0 evaluate_ms=6.137166 layer_cache_append_ms=0.000333 layer_cache_append_bytes=0 greedy_pick_ms=0
2026-10-08T13:45:51.671657958Z INFO proxima_model_interop::generate::load_model: token_breakdown_metal: per-decode-step metal stage attribution step=22 prepare_calls=0 prepare_ms=0 emit_calls=0 emit_ms=0 pipeline_hits=0 pipeline_misses=0 pipeline_compile_ms=0 block_upload_calls=6 block_upload_ms=0 block_offered_bytes=272 block_copied_bytes=272 block_nocopy_bound_bytes=0 block_offset_bound_bytes=0 op_setup_calls=374 op_setup_ms=0.009958 pipeline_lookup_calls=0 pipeline_lookup_ms=0 encode_dispatch_calls=374 physical_dispatch_calls=398 encode_dispatch_ms=0.931125 gpu_exec_calls=8 gpu_exec_ms=4.324166 readback_calls=2 readback_ms=0.006541 readback_bytes=8 nocopy_uploads=0 copying_uploads=6 nocopy_reuses=0 resident_uploads=0 resident_reuses=0 mapping_offset_uploads=0 mapping_rebound_blocks=4 mapping_residency_rung=prefault expert_mapping_candidate_uploads=0 expert_mapping_missed_uploads=0 nocopy_cache_len=25 resident_cache_len=0 resident_cache_bytes=0 uniform_cache_len=1 phys_footprint_bytes=5963578432 device_allocated_bytes=1598881792 output_buffer_allocations=0 output_buffer_allocated_bytes=0 checkpoint_mapping_buffer_bytes=1422245888 expert_mapping_buffer_bytes=0 plan_uniform_writes=0 retire_scan_calls=893 retire_scan_ms=0.094166 expert_buffers_lookup_calls=374 expert_buffers_lookup_ms=0.301333 placement_resolve_calls=374 placement_resolve_ms=0.039541 loop_head_calls=383 loop_head_ms=0.113583 encoder_finish_ms=0.000291 pre_encode_calls=1 pre_encode_ms=0.098625 resolve_plan_ms=0.000416 prepare_infer_ms=0 prepare_validate_ms=0 prepare_bind_ms=0 prepare_optimize_ms=0 prepare_retire_ms=0 build_plan_uniforms_ms=0 resolve_steps_ms=0 uniform_buffer_allocations=0 barriers=0 barriers_raw=0 barriers_waw=0 barriers_war=0 barriers_waw_war_arena_recycled=0 barriers_waw_war_persistent=0 expert_source_cache_hits=0 expert_source_cache_misses=0 expert_source_cache_cold_misses=0 expert_source_cache_replacement_misses=0 expert_source_reuse_copy_bytes=0 expert_source_reuse_copy_ms=0 plan_cache_len=0 plan_hits=21 plan_misses=2 plan_refits=0 plan_arena_allocated_bytes=0 segment_arena_allocated_bytes=0 placed_arena_allocated_bytes=54414264 ablation=false kind_filter=
2026-10-08T13:45:51.671903500Z DEBUG omega::metal::placements_execute_named: step_phase step=23 phase=pre_encode start_raw_s=672579.177650458 end_raw_s=672579.177746333
2026-10-08T13:45:51.672171542Z DEBUG omega::metal::placements_execute_named: chunk_phase step=23 chunk=1 phase=encode start_raw_s=672579.177746333 end_raw_s=672579.178008
2026-10-08T13:45:51.672171792Z DEBUG omega::metal::placements_execute_named: chunk_phase step=23 chunk=1 phase=commit start_raw_s=672579.178008416 end_raw_s=672579.178014125
2026-10-08T13:45:51.672392458Z DEBUG omega::metal::placements_execute_named: chunk_phase step=23 chunk=2 phase=encode start_raw_s=672579.178015 end_raw_s=672579.178231208
2026-10-08T13:45:51.672392792Z DEBUG omega::metal::placements_execute_named: chunk_phase step=23 chunk=2 phase=commit start_raw_s=672579.178231416 end_raw_s=672579.178235083
2026-10-08T13:45:51.672701875Z DEBUG omega::metal::placements_execute_named: chunk_phase step=23 chunk=3 phase=encode start_raw_s=672579.178236166 end_raw_s=672579.178540958
2026-10-08T13:45:51.672702250Z DEBUG omega::metal::placements_execute_named: chunk_phase step=23 chunk=3 phase=commit start_raw_s=672579.178541125 end_raw_s=672579.178544375
2026-10-08T13:45:51.673092125Z DEBUG omega::metal::placements_execute_named: chunk_phase step=23 chunk=4 phase=encode start_raw_s=672579.178545416 end_raw_s=672579.178930833
2026-10-08T13:45:51.673092333Z DEBUG omega::metal::placements_execute_named: chunk_phase step=23 chunk=4 phase=commit start_raw_s=672579.178931 end_raw_s=672579.17893475
2026-10-08T13:45:51.673622500Z DEBUG omega::metal::placements_execute_named: chunk_phase step=23 chunk=5 phase=encode start_raw_s=672579.178935541 end_raw_s=672579.179461041
2026-10-08T13:45:51.673622750Z DEBUG omega::metal::placements_execute_named: chunk_phase step=23 chunk=5 phase=commit start_raw_s=672579.179461291 end_raw_s=672579.179465
2026-10-08T13:45:51.674312500Z DEBUG omega::metal::placements_execute_named: chunk_phase step=23 chunk=6 phase=encode start_raw_s=672579.179465958 end_raw_s=672579.180151458
2026-10-08T13:45:51.674312750Z DEBUG omega::metal::placements_execute_named: chunk_phase step=23 chunk=6 phase=commit start_raw_s=672579.180151583 end_raw_s=672579.180155125
2026-10-08T13:45:51.675158625Z DEBUG omega::metal::placements_execute_named: chunk_phase step=23 chunk=7 phase=encode start_raw_s=672579.180155958 end_raw_s=672579.18099775
2026-10-08T13:45:51.675159000Z DEBUG omega::metal::placements_execute_named: chunk_phase step=23 chunk=7 phase=commit start_raw_s=672579.180997958 end_raw_s=672579.181001291
2026-10-08T13:45:51.676236875Z DEBUG omega::metal::placements_execute_named: chunk_phase step=23 chunk=8 phase=encode start_raw_s=672579.181002291 end_raw_s=672579.182075375
2026-10-08T13:45:51.676237083Z DEBUG omega::metal::placements_execute_named: chunk_phase step=23 chunk=8 phase=commit start_raw_s=672579.182075708 end_raw_s=672579.18207975
2026-10-08T13:45:51.678078625Z DEBUG omega::metal::placements_execute_named: token_breakdown_gpu commit_call_ms=0.004083 commit_to_gpu_start_ms=0 gpu_busy_ms=5.617124959826469 gpu_end_to_wait_return_ms=0 sum_ms=5.621207959826469 final_commit_to_wait_ms=1.844208 gpu_start_raw_s=672579.17815425 gpu_end_raw_s=672579.183771375 commit_call_start_raw_s=672579.182075708 wait_return_extra_ms=1.839542 chunks=8 first_commit_to_first_gpu_start_ms=0.14583405572921038 encode_overlap_ms=4.0605
2026-10-08T13:45:51.678079583Z DEBUG omega::metal::placements_execute_named: chunk_record step=23 plan_shape=decode chunk=1 chunk_count=8 op_first=0 op_last=23 encode_start_ms=0 encode_end_ms=0.261667 commit_at_ms=0.262125 commit_ms=0.005709 gpu_start_ms=0.4079170757904649 gpu_end_ms=0.6728337612003088 commit_to_gpu_start_ms=0.14579207579046488 gpu_idle_before_ms=0.4079170757904649
2026-10-08T13:45:51.678080333Z DEBUG omega::metal::placements_execute_named: chunk_record step=23 plan_shape=decode chunk=2 chunk_count=8 op_first=24 op_last=40 encode_start_ms=0.268667 encode_end_ms=0.48491700000000004 commit_at_ms=0.485125 commit_ms=0.0036669999999999997 gpu_start_ms=0.6944587221369147 gpu_end_ms=0.9193337755277753 commit_to_gpu_start_ms=0.20933372213691476 gpu_idle_before_ms=0.02162496093660593
2026-10-08T13:45:51.678080917Z DEBUG omega::metal::placements_execute_named: chunk_record step=23 plan_shape=decode chunk=3 chunk_count=8 op_first=41 op_last=64 encode_start_ms=0.489834 encode_end_ms=0.794625 commit_at_ms=0.794834 commit_ms=0.00325 gpu_start_ms=0.9397921385243535 gpu_end_ms=1.3341670855879784 commit_to_gpu_start_ms=0.14495813852435346 gpu_idle_before_ms=0.020458362996578217
2026-10-08T13:45:51.678081542Z DEBUG omega::metal::placements_execute_named: chunk_record step=23 plan_shape=decode chunk=4 chunk_count=8 op_first=65 op_last=96 encode_start_ms=0.7991250000000001 encode_end_ms=1.1845 commit_at_ms=1.184709 commit_ms=0.0037500000000000003 gpu_start_ms=1.3574170880019665 gpu_end_ms=1.8064588075503707 commit_to_gpu_start_ms=0.17270808800196646 gpu_idle_before_ms=0.023250002413988113
2026-10-08T13:45:51.678082167Z DEBUG omega::metal::placements_execute_named: chunk_record step=23 plan_shape=decode chunk=5 chunk_count=8 op_first=97 op_last=139 encode_start_ms=1.1892090000000002 encode_end_ms=1.714709 commit_at_ms=1.7149999999999999 commit_ms=0.003709 gpu_start_ms=1.8327920697629452 gpu_end_ms=2.4664170341566205 commit_to_gpu_start_ms=0.11779206976294532 gpu_idle_before_ms=0.026333262212574482
2026-10-08T13:45:51.678082875Z DEBUG omega::metal::placements_execute_named: chunk_record step=23 plan_shape=decode chunk=6 chunk_count=8 op_first=140 op_last=197 encode_start_ms=1.719625 encode_end_ms=2.405125 commit_at_ms=2.405334 commit_ms=0.0035 gpu_start_ms=2.511042053811252 gpu_end_ms=3.3354171318933368 commit_to_gpu_start_ms=0.10570805381125226 gpu_idle_before_ms=0.044625019654631615
2026-10-08T13:45:51.678083583Z DEBUG omega::metal::placements_execute_named: chunk_record step=23 plan_shape=decode chunk=7 chunk_count=8 op_first=198 op_last=275 encode_start_ms=2.4096249999999997 encode_end_ms=3.251459 commit_at_ms=3.2516670000000003 commit_ms=0.003333 gpu_start_ms=3.3555420814082026 gpu_end_ms=4.48858377058059 commit_to_gpu_start_ms=0.10387508140820234 gpu_idle_before_ms=0.020124949514865875
2026-10-08T13:45:51.678084250Z DEBUG omega::metal::placements_execute_named: chunk_record step=23 plan_shape=decode chunk=8 chunk_count=8 op_first=276 op_last=382 encode_start_ms=3.2559590000000003 encode_end_ms=4.329042 commit_at_ms=4.329417 commit_ms=0.004083 gpu_start_ms=4.518792149610817 gpu_end_ms=6.025042035616934 commit_to_gpu_start_ms=0.18937514961081714 gpu_idle_before_ms=0.03020837903022766
2026-10-08T13:45:51.678104708Z DEBUG proxima_model_interop::generate::decode: token_breakdown_argmax_split step=23 scan_ms=0 debug_ms=0
2026-10-08T13:45:51.678105208Z DEBUG proxima_model_interop::generate::decode: token_breakdown_gaps step=23 root_select_ms=0.048583 post_evaluate_ms=0.001416 pre_logits_ms=0.001958 checksum_ms=0 fetch_ms=0.000958 argmax_ms=0.000416 logits_hash_ms=0
2026-10-08T13:45:51.678106333Z INFO proxima_model_interop::generate::load_model: token_breakdown: per-decode-step wall-clock attribution step=23 new_count=1 cached_len_before=1022 step_wall_ms=6.440458 apply_serving_config_ms=0.000208 build_position_inputs_ms=0.001958 named_blocks_weights_ms=0.023041 named_blocks_kv_ms=0.022083 kv_cache_upload_bytes=0 ssm_state_transfer_bytes=0 evaluate_ms=6.361416 layer_cache_append_ms=0.000416 layer_cache_append_bytes=0 greedy_pick_ms=0
2026-10-08T13:45:51.678117333Z INFO proxima_model_interop::generate::load_model: token_breakdown_metal: per-decode-step metal stage attribution step=23 prepare_calls=0 prepare_ms=0 emit_calls=0 emit_ms=0 pipeline_hits=0 pipeline_misses=0 pipeline_compile_ms=0 block_upload_calls=6 block_upload_ms=0 block_offered_bytes=272 block_copied_bytes=272 block_nocopy_bound_bytes=0 block_offset_bound_bytes=0 op_setup_calls=374 op_setup_ms=0.011208 pipeline_lookup_calls=0 pipeline_lookup_ms=0 encode_dispatch_calls=374 physical_dispatch_calls=398 encode_dispatch_ms=3.559791 gpu_exec_calls=8 gpu_exec_ms=1.844125 readback_calls=2 readback_ms=0.005375 readback_bytes=8 nocopy_uploads=0 copying_uploads=6 nocopy_reuses=0 resident_uploads=0 resident_reuses=0 mapping_offset_uploads=0 mapping_rebound_blocks=4 mapping_residency_rung=prefault expert_mapping_candidate_uploads=0 expert_mapping_missed_uploads=0 nocopy_cache_len=25 resident_cache_len=0 resident_cache_bytes=0 uniform_cache_len=1 phys_footprint_bytes=5964545088 device_allocated_bytes=1598881792 output_buffer_allocations=0 output_buffer_allocated_bytes=0 checkpoint_mapping_buffer_bytes=1422245888 expert_mapping_buffer_bytes=0 plan_uniform_writes=0 retire_scan_calls=893 retire_scan_ms=0.101208 expert_buffers_lookup_calls=374 expert_buffers_lookup_ms=0.339625 placement_resolve_calls=374 placement_resolve_ms=0.043625 loop_head_calls=383 loop_head_ms=0.123916 encoder_finish_ms=0.000458 pre_encode_calls=1 pre_encode_ms=0.096375 resolve_plan_ms=0.000375 prepare_infer_ms=0 prepare_validate_ms=0 prepare_bind_ms=0 prepare_optimize_ms=0 prepare_retire_ms=0 build_plan_uniforms_ms=0 resolve_steps_ms=0 uniform_buffer_allocations=0 barriers=0 barriers_raw=0 barriers_waw=0 barriers_war=0 barriers_waw_war_arena_recycled=0 barriers_waw_war_persistent=0 expert_source_cache_hits=0 expert_source_cache_misses=0 expert_source_cache_cold_misses=0 expert_source_cache_replacement_misses=0 expert_source_reuse_copy_bytes=0 expert_source_reuse_copy_ms=0 plan_cache_len=0 plan_hits=22 plan_misses=2 plan_refits=0 plan_arena_allocated_bytes=0 segment_arena_allocated_bytes=0 placed_arena_allocated_bytes=54414264 ablation=false kind_filter=
